id,first_name,second_name,web_name,status,news,news_added,now_cost,now_cost_rank,now_cost_rank_type,selected_by_percent,selected_rank,selected_rank_type,form,form_rank,form_rank_type,event_points,cost_change_event,cost_change_event_fall,cost_change_start,cost_change_start_fall,transfers_in_event,transfers_out_event,value_form,value_season,ep_next,ep_this,points_per_game,points_per_game_rank,points_per_game_rank_type,chance_of_playing_next_round,chance_of_playing_this_round,influence_rank,influence_rank_type,creativity_rank,creativity_rank_type,threat_rank,threat_rank_type,ict_index_rank,ict_index_rank_type,corners_and_indirect_freekicks_order,direct_freekicks_order,penalties_order,set_piece_threat,corners_and_indirect_freekicks_text,direct_freekicks_text,penalties_text,expected_goals_per_90,expected_assists_per_90,expected_goal_involvements_per_90,expected_goals_conceded_per_90,saves_per_90,clean_sheets_per_90,goals_conceded_per_90,starts_per_90,defensive_contribution_per_90,gw,total_points,minutes,goals_scored,assists,clean_sheets,goals_conceded,own_goals,penalties_saved,penalties_missed,yellow_cards,red_cards,saves,starts,bonus,bps,transfers_in,transfers_out,dreamteam_count,expected_goals,expected_assists,expected_goal_involvements,expected_goals_conceded,influence,creativity,threat,ict_index,tackles,clearances_blocks_interceptions,recoveries,defensive_contribution
1,David,Raya Martín,Raya,a,,,5.7,120,,28.6,11,,4.7,,,6,0,,2,,71694,27489,0.8,7.0,5.2,5.2,,,,0.0,0.0,,,,,,,,,,,,,,,,,,,,,,,,,8,6,90,0,0,1,0,0,0,0,0,0,0,1,0,21,201344,96837,0.0,0.0,0.0,0.0,0.4399999999999995,4.599999999999994,0.0,0.0,0.5,0,2,7,9
2,Kepa,Arrizabalaga Revuelta,Arrizabalaga,a,,,4.3,589,,0.5,239,,0.0,,,0,0,,-2,,144,1579,0.0,0.0,0.5,0.5,,,,0.0,0.0,,,,,,,,,,,,,,,,,,,,,,,,,8,0,0,0,0,0,0,0,0,0,0,0,0,0,0,0,438,4515,0.0,0.0,0.0,0.0,0.0,0.0,0.0,0.0,0.0,0,0,0,0
3,Karl,Hein,Hein,u,Has joined Werder Bremen on loan for the rest of the season.,,4.0,655,,0.3,306,,0.0,,,0,0,,0,,0,1017,0.0,0.0,0.0,0.0,,,,0.0,0.0,,,,,,,,,,,,,,,,,,,,,,,,,8,0,0,0,0,0,0,0,0,0,0,0,0,0,0,0,0,2908,0.0,0.0,0.0,0.0,0.0,0.0,0.0,0.0,0.0,0,0,0,0
4,Tommy,Setford,Setford,a,,,4.0,682,,0.2,348,,0.0,,,0,0,,0,,370,780,0.0,0.0,0.5,0.5,,,,0.0,0.0,,,,,,,,,,,,,,,,,,,,,,,,,8,0,0,0,0,0,0,0,0,0,0,0,0,0,0,0,1011,1990,0.0,0.0,0.0,0.0,0.0,0.0,0.0,0.0,0.0,0,0,0,0
5,Gabriel,dos Santos Magalhães,Gabriel,a,Thigh injury - 75% chance of playing,,6.4,64,,33.9,6,,11.3,,,12,1,,4,,286590,7865,1.8,9.2,11.8,11.8,,,,100.0,100.0,,,,,,,,,,,,,,,,,,,,,,,,,8,12,90,0,1,1,0,0,0,0,0,0,0,1,3,33,637534,38663,0.0,0.24,0.020000000000000004,0.26,0.4399999999999995,33.400000000000006,11.6,15.0,6.0,0,9,1,10
6,William,Saliba,Saliba,a,,,6.0,87,,12.6,32,,4.3,,,6,0,,0,,17131,21450,0.7,5.2,4.8,4.8,,,,100.0,100.0,,,,,,,,,,,,,,,,,,,,,,,,,8,6,90,0,0,1,0,0,0,0,0,0,0,1,0,26,42468,60784,0.0,0.0,0.05000000000000002,0.04999999999999999,0.43999999999999995,17.39999999999999,2.8000000000000007,2.0,2.200000000000001,0,4,5,9
281,Kaden,Rodney,Rodney,a,,,4.5,446,,0.0,586,,0.0,,,0,0,,0,,157,159,0.0,0.0,-0.5,0.0,,,,0.0,0.0,,,,,,,,,,,,,,,,,,,,,,,,,8,0,0,0,0,0,0,0,0,0,0,0,0,0,0,0,413,433,0.0,0.0,0.0,0.0,0.0,0.0,0.0,0.0,0.0,0,0,0,0
715,John Victor,Maciel Furtado,John,a,,,4.0,635,,0.4,280,,0.0,,,0,0,,0,,312,900,0.0,0.0,0.0,-0.5,,,,0.0,0.0,,,,,,,,,,,,,,,,,,,,,,,,,8,0,0,0,0,0,0,0,0,0,0,0,0,0,0,0,1263,2426,0.0,0.0,0.0,0.0,0.0,0.0,0.0,0.0,0.0,0,0,0,0
534,Joe,Anderson,Anderson,a,,,3.9,709,,0.5,251,,0.0,,,0,0,,-1,,758,1591,0.0,0.0,-1.0,-0.5,,,,0.0,0.0,,,,,,,,,,,,,,,,,,,,,,,,,8,0,0,0,0,0,0,0,0,0,0,0,0,0,0,0,2965,4172,0.0,0.0,0.0,0.0,0.0,0.0,0.0,0.0,0.0,0,0,0,0
740,Stephen,Mfuni,Mfuni,a,,,4.0,686,,0.0,641,,0.0,,,0,0,,0,,98,147,0.0,0.0,0.5,0.5,,,,0.0,0.0,,,,,,,,,,,,,,,,,,,,,,,,,8,0,0,0,0,0,0,0,0,0,0,0,0,0,0,0,262,306,0.0,0.0,0.0,0.0,0.0,0.0,0.0,0.0,0.0,0,0,0,0
742,Ryan,McAidoo,McAidoo,a,,,4.5,484,,0.0,714,,0.0,,,0,0,,0,,83,49,0.0,0.0,0.5,0.5,,,,0.0,0.0,,,,,,,,,,,,,,,,,,,,,,,,,8,0,0,0,0,0,0,0,0,0,0,0,0,0,0,0,206,95,0.0,0.0,0.0,0.0,0.0,0.0,0.0,0.0,0.0,0,0,0,0
7,Riccardo,Calafiori,Calafiori,a,Hip injury - 75% chance of playing,,5.8,116,,14.9,23,,4.3,,,6,1,,3,,48022,28777,0.7,8.3,4.8,4.8,,,,0.0,0.0,,,,,,,,,,,,,,,,,,,,,,,,,8,6,90,0,0,1,0,0,0,0,0,0,0,1,0,26,105870,87188,0.0,0.039999999999999813,0.020000000000000018,0.05999999999999983,0.43999999999999995,12.599999999999994,8.0,9.0,3.0,1,4,6,11
8,Jurriën,Timber,J.Timber,a,,,6.0,86,,21.0,16,,6.3,,,6,1,,5,,132505,21995,1.0,9.0,6.8,6.8,,,,0.0,0.0,,,,,,,,,,,,,,,,,,,,,,,,,8,6,90,0,0,1,0,0,0,0,0,0,0,1,0,27,538742,55797,0.0,0.0,0.15000000000000008,0.15000000000000036,0.4400000000000004,16.80000000000001,31.80000000000001,6.0,5.5,2,2,5,9
9,Jakub,Kiwior,Kiwior,u,has joined Porto on loan for the rest of the season.,,5.4,182,,0.1,559,,0.0,,,0,0,,-1,,0,89,0.0,0.0,0.0,0.0,,,,0.0,0.0,,,,,,,,,,,,,,,,,,,,,,,,,8,0,0,0,0,0,0,0,0,0,0,0,0,0,0,0,0,299,0.0,0.0,0.0,0.0,0.0,0.0,0.0,0.0,0.0,0,0,0,0
10,Myles,Lewis-Skelly,Lewis-Skelly,a,,,5.2,228,,1.7,142,,0.7,,,0,0,,-3,,1315,7655,0.1,0.8,1.2,1.2,,,,0.0,0.0,,,,,,,,,,,,,,,,,,,,,,,,,8,0,0,0,0,0,0,0,0,0,0,0,0,0,0,0,3287,19917,0.0,0.0,0.0,0.0,0.0,0.0,0.0,0.0,0.0,0,0,0,0
11,Benjamin,White,White,a,,,5.4,169,,0.4,259,,0.0,,,0,0,,-1,,574,1828,0.0,1.1,0.5,0.5,,,,100.0,100.0,,,,,,,,,,,,,,,,,,,,,,,,,8,0,0,0,0,0,0,0,0,0,0,0,0,0,0,0,1817,4739,0.0,0.0,0.0,0.0,0.0,0.0,0.0,0.0,0.0,0,0,0,0
13,Brayden,Clarke,Clarke,a,,,3.9,734,,0.5,243,,0.0,,,0,0,,-1,,942,1790,0.0,0.0,0.5,0.5,,,,0.0,0.0,,,,,,,,,,,,,,,,,,,,,,,,,8,0,0,0,0,0,0,0,0,0,0,0,0,0,0,0,3135,4460,0.0,0.0,0.0,0.0,0.0,0.0,0.0,0.0,0.0,0,0,0,0
14,Maldini,Kacurri,Kacurri,u,has joined Morecambe on loan for the rest of the season.,,3.9,739,,0.1,407,,0.0,,,0,0,,-1,,0,640,0.0,0.0,0.0,0.0,,,,0.0,0.0,,,,,,,,,,,,,,,,,,,,,,,,,8,0,0,0,0,0,0,0,0,0,0,0,0,0,0,0,0,1853,0.0,0.0,0.0,0.0,0.0,0.0,0.0,0.0,0.0,0,0,0,0
15,Josh,Nichols,Nichols,a,,,3.9,721,,0.2,359,,0.0,,,0,0,,-1,,189,813,0.0,0.0,0.5,0.5,,,,0.0,0.0,,,,,,,,,,,,,,,,,,,,,,,,,8,0,0,0,0,0,0,0,0,0,0,0,0,0,0,0,597,2068,0.0,0.0,0.0,0.0,0.0,0.0,0.0,0.0,0.0,0,0,0,0
16,Bukayo,Saka,Saka,a,,,10.0,5,,14.5,24,,5.7,,,7,1,,0,,239346,14025,0.6,2.7,6.2,6.2,,,,100.0,100.0,,,,,,,,,,,,,,,,,,,,,,,,,8,7,90,0,0,1,0,0,0,0,0,0,0,1,2,28,686393,45822,0.0,0.07000000000000006,0.55,0.6200000000000001,0.4400000000000004,28.799999999999997,80.30000000000001,44.0,15.299999999999997,2,1,9,12
17,Martin,Ødegaard,Ødegaard,i,Knee injury - Unknown return date,,7.9,17,,1.6,148,,1.7,,,0,0,,-1,,73,10514,0.2,1.6,0.0,0.0,,,,0.0,0.0,,,,,,,,,,,,,,,,,,,,,,,,,8,0,0,0,0,0,0,0,0,0,0,0,0,0,0,0,527,44636,0.0,0.0,0.0,0.0,0.0,0.0,0.0,0.0,0.0,0,0,0,0
18,Noni,Madueke,Madueke,i,Knee injury - Unknown return date,,6.9,41,,0.7,206,,0.0,,,0,0,,-1,,43,3397,0.0,1.4,0.0,0.0,,,,0.0,0.0,,,,,,,,,,,,,,,,,,,,,,,,,8,0,0,0,0,0,0,0,0,0,0,0,0,0,0,0,115,14565,0.0,0.0,0.0,0.0,0.0,0.0,0.0,0.0,0.0,0,0,0,0
19,Gabriel,Martinelli Silva,Martinelli,a,Muscle injury - 50% chance of playing,,6.9,42,,1.2,166,,1.0,,,1,0,,-1,,3678,6792,0.1,2.2,1.5,1.5,,,,0.0,0.0,,,,,,,,,,,,,,,,,,,,,,,,,8,1,9,0,0,0,0,0,0,0,0,0,0,0,0,3,12442,19156,0.0,0.52,0.0,0.52,0.040000000000000036,3.200000000000003,0.5,41.0,4.5,1,0,1,2
20,Leandro,Trossard,Trossard,a,,,6.9,38,,0.4,276,,5.0,,,10,0,,-1,,8692,1122,0.7,3.2,5.5,5.5,,,,100.0,100.0,,,,,,,,,,,,,,,,,,,,,,,,,8,10,80,1,0,1,0,0,0,0,0,0,0,1,2,28,11539,3297,0.0,0.6,0.07000000000000006,0.6699999999999999,0.40000000000000013,33.199999999999996,18.200000000000003,56.0,10.7,0,2,4,6
21,Declan,Rice,Rice,a,,,6.6,50,,11.5,36,,7.7,,,3,1,,1,,187494,19947,1.2,6.5,8.2,8.2,,,,100.0,100.0,,,,,,,,,,,,,,,,,,,,,,,,,8,3,90,0,0,1,0,0,0,0,0,0,0,1,0,10,399492,66157,0.0,0.030000000000000027,0.08000000000000007,0.1100000000000001,0.43999999999999995,15.599999999999994,19.5,1.0,3.6000000000000014,0,3,2,5
22,Mikel,Merino Zazón,Merino,a,,,5.9,99,,0.6,218,,2.7,,,1,0,,-1,,3739,5137,0.5,2.7,3.2,3.2,,,,0.0,0.0,,,,,,,,,,,,,,,,,,,,,,,,,8,1,28,0,0,0,0,0,0,0,0,0,0,0,0,5,13031,12890,0.0,0.0,0.010000000000000009,0.009999999999999953,0.040000000000000036,5.399999999999999,1.0999999999999943,4.0,1.0999999999999979,2,1,2,5
23,Fábio,Ferreira Vieira,Fábio Vieira,u,has joined Hamburger on loan for the rest of the season.,,5.4,181,,0.0,649,,0.0,,,0,0,,-1,,0,33,0.0,0.0,0.0,0.0,,,,0.0,0.0,,,,,,,,,,,,,,,,,,,,,,,,,8,0,0,0,0,0,0,0,0,0,0,0,0,0,0,0,0,128,0.0,0.0,0.0,0.0,0.0,0.0,0.0,0.0,0.0,0,0,0,0
24,Christian,Nørgaard,Nørgaard,a,,,5.3,198,,0.2,395,,0.3,,,1,0,,-2,,197,459,0.1,0.2,0.8,0.8,,,,100.0,100.0,,,,,,,,,,,,,,,,,,,,,,,,,8,1,1,0,0,0,0,0,0,0,0,0,0,0,0,3,500,1688,0.0,0.0,0.0,0.0,0.0,1.0,0.0,0.0,0.1,0,1,1,2
25,Ethan,Nwaneri,Nwaneri,a,,,5.2,229,,0.2,388,,0.3,,,0,0,,-3,,324,827,0.1,1.2,0.8,0.8,,,,0.0,0.0,,,,,,,,,,,,,,,,,,,,,,,,,8,0,0,0,0,0,0,0,0,0,0,0,0,0,0,0,793,2248,0.0,0.0,0.0,0.0,0.0,0.0,0.0,0.0,0.0,0,0,0,0
26,Martín,Zubimendi Ibáñez,Zubimendi,a,,,5.5,150,,4.1,85,,2.7,,,3,0,,0,,12477,29505,0.5,6.4,3.2,3.2,,,,0.0,0.0,,,,,,,,,,,,,,,,,,,,,,,,,8,3,90,0,0,1,0,0,0,0,0,0,0,1,0,12,43628,82392,0.0,0.0,0.05999999999999994,0.06000000000000005,0.43999999999999995,11.199999999999989,15.599999999999994,2.0,2.900000000000002,1,2,2,5
28,Ismeal,Kabia,Kabia,u,has joined Shrewsbury Town on loan for the rest of the season.,,4.5,473,,0.1,420,,0.0,,,0,0,,0,,0,482,0.0,0.0,0.0,0.0,,,,0.0,0.0,,,,,,,,,,,,,,,,,,,,,,,,,8,0,0,0,0,0,0,0,0,0,0,0,0,0,0,0,0,1377,0.0,0.0,0.0,0.0,0.0,0.0,0.0,0.0,0.0,0,0,0,0
29,Albert,Sambi Lokonga,Sambi,u,has joined Hamburger permanently.,,4.5,421,,0.1,530,,0.0,,,0,0,,0,,0,193,0.0,0.0,0.0,0.0,,,,0.0,0.0,,,,,,,,,,,,,,,,,,,,,,,,,8,0,0,0,0,0,0,0,0,0,0,0,0,0,0,0,0,564,0.0,0.0,0.0,0.0,0.0,0.0,0.0,0.0,0.0,0,0,0,0
30,Kai,Havertz,Havertz,i,Knee injury - Unknown return date,,7.3,27,,0.3,285,,0.0,,,0,0,,-2,,59,500,0.0,0.1,0.0,0.0,,,,0.0,0.0,,,,,,,,,,,,,,,,,,,,,,,,,8,0,0,0,0,0,0,0,0,0,0,0,0,0,0,0,150,1507,0.0,0.0,0.0,0.0,0.0,0.0,0.0,0.0,0.0,0,0,0,0
31,Gabriel,Fernando de Jesus,G.Jesus,i,Knee injury - Expected back 30 Dec,,6.4,62,,0.0,599,,0.0,,,0,0,,-1,,59,95,0.0,0.0,0.0,0.0,,,,0.0,0.0,,,,,,,,,,,,,,,,,,,,,,,,,8,0,0,0,0,0,0,0,0,0,0,0,0,0,0,0,142,268,0.0,0.0,0.0,0.0,0.0,0.0,0.0,0.0,0.0,0,0,0,0
266,Eberechi,Eze,Eze,a,,,7.6,21,,13.7,27,,3.7,,,3,0,,1,,26427,71288,0.5,3.3,4.2,4.2,,,,0.0,0.0,,,,,,,,,,,,,,,,,,,,,,,,,8,3,61,0,0,1,0,0,0,0,0,0,0,1,0,9,191127,143789,0.0,0.010000000000000009,0.030000000000000027,0.040000000000000036,0.3999999999999999,6.200000000000003,21.0,4.0,3.1000000000000014,0,1,1,2
662,Cristhian,Mosquera,Mosquera,a,,,5.4,188,,0.2,372,,0.3,,,0,0,,-1,,171,1491,0.1,2.2,0.8,0.8,,,,0.0,0.0,,,,,,,,,,,,,,,,,,,,,,,,,8,0,0,0,0,0,0,0,0,0,0,0,0,0,0,0,740,4224,0.0,0.0,0.0,0.0,0.0,0.0,0.0,0.0,0.0,0,0,0,0
666,Viktor,Gyökeres,Gyökeres,a,Muscle injury - 50% chance of playing,,9.0,6,,23.2,14,,2.0,,,2,-1,,0,,33324,260776,0.2,3.1,2.5,2.5,,,,0.0,0.0,,,,,,,,,,,,,,,,,,,,,,,,,8,2,90,0,0,1,0,0,0,0,0,0,0,1,0,11,120469,585155,0.0,0.40000000000000036,0.019999999999999962,0.41999999999999993,0.43999999999999995,3.3999999999999915,0.8999999999999915,48.0,5.199999999999996,0,0,2,2
700,Max,Dowman,Dowman,a,,,4.4,582,,0.3,296,,0.0,,,0,0,,-1,,2899,3188,0.0,1.1,0.5,0.5,,,,0.0,0.0,,,,,,,,,,,,,,,,,,,,,,,,,8,0,0,0,0,0,0,0,0,0,0,0,0,0,0,0,4693,7713,0.0,0.0,0.0,0.0,0.0,0.0,0.0,0.0,0.0,0,0,0,0
711,Andre,Harriman-Annous,Harriman-Annous,a,,,4.5,489,,0.0,691,,0.0,,,0,0,,0,,31,64,0.0,0.0,0.5,0.5,,,,0.0,0.0,,,,,,,,,,,,,,,,,,,,,,,,,8,0,0,0,0,0,0,0,0,0,0,0,0,0,0,0,83,139,0.0,0.0,0.0,0.0,0.0,0.0,0.0,0.0,0.0,0,0,0,0
725,Piero,Hincapié,Hincapie,a,,,5.4,185,,0.0,642,,0.0,,,0,0,,-1,,122,79,0.0,0.0,0.5,0.5,,,,100.0,100.0,,,,,,,,,,,,,,,,,,,,,,,,,8,0,0,0,0,0,0,0,0,0,0,0,0,0,0,0,172,275,0.0,0.0,0.0,0.0,0.0,0.0,0.0,0.0,0.0,0,0,0,0
32,Emiliano,Martínez Romero,Martinez,a,,,5.0,246,,2.0,131,,2.0,,,2,0,,0,,3648,6583,0.4,3.4,1.5,2.0,,,,100.0,100.0,,,,,,,,,,,,,,,,,,,,,,,,,8,2,90,0,0,0,1,0,0,0,0,0,2,1,0,10,9253,20831,0.0,0.0,0.0,0.0,0.75,16.39999999999999,0.0,0.0,1.5999999999999996,0,2,7,9
33,Marco,Bizot,M.Bizot,a,,,4.4,494,,0.5,229,,0.0,,,0,0,,-1,,145,1856,0.0,1.6,-0.5,0.0,,,,0.0,0.0,,,,,,,,,,,,,,,,,,,,,,,,,8,0,0,0,0,0,0,0,0,0,0,0,0,0,0,0,476,5235,0.0,0.0,0.0,0.0,0.0,0.0,0.0,0.0,0.0,0,0,0,0
34,Joe,Gauci,Gauci,u,Has joined Port Vale on loan for the rest of the season.,,4.0,654,,0.1,425,,0.0,,,0,0,,0,,0,306,0.0,0.0,0.0,0.0,,,,0.0,0.0,,,,,,,,,,,,,,,,,,,,,,,,,8,0,0,0,0,0,0,0,0,0,0,0,0,0,0,0,0,837,0.0,0.0,0.0,0.0,0.0,0.0,0.0,0.0,0.0,0,0,0,0
35,Filip,Marschall,Marschall,u,Has joined Stevenage permanently.,,4.0,653,,0.0,690,,0.0,,,0,0,,0,,0,22,0.0,0.0,0.0,0.0,,,,0.0,0.0,,,,,,,,,,,,,,,,,,,,,,,,,8,0,0,0,0,0,0,0,0,0,0,0,0,0,0,0,0,50,0.0,0.0,0.0,0.0,0.0,0.0,0.0,0.0,0.0,0,0,0,0
36,Matty,Cash,Cash,a,,,4.6,386,,5.0,74,,2.0,,,2,0,,1,,6670,26804,0.4,6.7,1.5,2.0,,,,0.0,0.0,,,,,,,,,,,,,,,,,,,,,,,,,8,2,90,0,0,0,1,0,0,0,0,0,0,1,0,13,20625,70426,0.0,0.039999999999999994,0.020000000000000018,0.05999999999999994,0.75,6.400000000000006,12.0,3.0,2.099999999999998,1,4,1,6
37,Lucas,Digne,Digne,a,,,4.5,392,,1.8,140,,3.7,,,5,0,,0,,2737,6067,0.8,5.8,3.2,3.7,,,,0.0,0.0,,,,,,,,,,,,,,,,,,,,,,,,,8,5,81,0,1,0,1,0,0,0,0,0,0,1,0,12,5996,20003,0.0,0.0,0.010000000000000009,0.010000000000000009,0.5499999999999998,26.60000000000001,10.599999999999994,2.0,3.900000000000002,3,2,2,7
38,Ezri,Konsa Ngoyo,Konsa,a,Calf injury - 75% chance of playing,,4.5,403,,9.5,44,,2.0,,,2,0,,0,,4042,43315,0.4,4.0,1.5,2.0,,,,100.0,100.0,,,,,,,,,,,,,,,,,,,,,,,,,8,2,90,0,0,0,1,0,0,0,0,0,0,1,0,9,13133,146736,0.0,0.0,0.009999999999999995,0.010000000000000009,0.75,17.799999999999997,4.100000000000001,2.0,2.4000000000000004,1,5,2,8
39,Ian,Maatsen,Maatsen,a,,,4.3,597,,0.5,245,,0.7,,,1,0,,-2,,495,1665,0.2,0.9,0.2,0.7,,,,0.0,0.0,,,,,,,,,,,,,,,,,,,,,,,,,8,1,8,0,0,0,0,0,0,0,0,0,0,0,0,8,1588,5029,0.0,0.039999999999999994,0.0,0.03999999999999998,0.19999999999999973,7.399999999999999,10.200000000000003,1.0,1.9000000000000004,2,2,2,6
40,Tyrone,Mings,Mings,d,Lack of match fitness - 75% chance of playing,,4.5,396,,1.0,178,,0.3,,,0,0,,0,,76,7629,0.1,5.1,-0.2,0.2,,,,75.0,75.0,,,,,,,,,,,,,,,,,,,,,,,,,8,0,0,0,0,0,0,0,0,0,0,0,0,0,0,0,165,27803,0.0,0.0,0.0,0.0,0.0,0.0,0.0,0.0,0.0,0,0,0,0
41,Pau,Torres,Pau,a,,,4.3,595,,0.3,298,,2.3,,,2,-1,,-2,,682,978,0.5,2.3,1.8,2.3,,,,0.0,0.0,,,,,,,,,,,,,,,,,,,,,,,,,8,2,90,0,0,0,1,0,0,0,0,0,0,1,0,10,1674,2906,0.0,0.0,0.010000000000000009,0.010000000000000009,0.75,12.399999999999999,1.0999999999999996,0.0,1.4000000000000004,1,3,4,8
42,Andrés,García,A.García,a,Knock - Unknown return date,,3.9,742,,0.3,315,,0.0,,,0,0,,-1,,1550,1009,0.0,0.0,-0.5,0.0,,,,100.0,100.0,,,,,,,,,,,,,,,,,,,,,,,,,8,0,0,0,0,0,0,0,0,0,0,0,0,0,0,0,4893,2437,0.0,0.0,0.0,0.0,0.0,0.0,0.0,0.0,0.0,0,0,0,0
43,Álex,Moreno Lopera,Alex Moreno,u,Has joined Girona permanently.,,4.0,622,,2.7,111,,0.0,,,0,0,,0,,0,11280,0.0,0.0,0.0,0.0,,,,0.0,0.0,,,,,,,,,,,,,,,,,,,,,,,,,8,0,0,0,0,0,0,0,0,0,0,0,0,0,0,0,0,38187,0.0,0.0,0.0,0.0,0.0,0.0,0.0,0.0,0.0,0,0,0,0
44,Lamare,Bogarde,Bogarde,a,,,4.0,675,,0.7,201,,1.3,,,0,0,,0,,1192,3426,0.3,3.8,0.8,1.3,,,,0.0,0.0,,,,,,,,,,,,,,,,,,,,,,,,,8,0,0,0,0,0,0,0,0,0,0,0,0,0,0,0,6448,7704,0.0,0.0,0.0,0.0,0.0,0.0,0.0,0.0,0.0,0,0,0,0
45,Lino,da Cruz Sousa,Sousa,a,,,4.0,674,,0.3,303,,0.0,,,0,0,,0,,370,902,0.0,0.0,-0.5,0.0,,,,0.0,0.0,,,,,,,,,,,,,,,,,,,,,,,,,8,0,0,0,0,0,0,0,0,0,0,0,0,0,0,0,1080,2231,0.0,0.0,0.0,0.0,0.0,0.0,0.0,0.0,0.0,0,0,0,0
46,Yasin,Özcan,Yasin,u,has joined Anderlecht on loan for the rest of the season.,,4.0,691,,0.2,389,,0.0,,,0,0,,0,,0,536,0.0,0.0,0.0,0.0,,,,0.0,0.0,,,,,,,,,,,,,,,,,,,,,,,,,8,0,0,0,0,0,0,0,0,0,0,0,0,0,0,0,0,1609,0.0,0.0,0.0,0.0,0.0,0.0,0.0,0.0,0.0,0,0,0,0
47,Morgan,Rogers,Rogers,a,,,6.8,46,,5.1,73,,5.7,,,7,-1,,-2,,24087,19523,0.8,4.3,5.2,5.7,,,,100.0,100.0,,,,,,,,,,,,,,,,,,,,,,,,,8,7,90,1,0,0,1,0,0,0,0,0,0,1,0,22,41565,91264,0.0,0.02999999999999997,0.010000000000000009,0.039999999999999813,0.75,35.599999999999994,4.0,9.0,4.899999999999999,0,0,4,4
48,Youri,Tielemans,Tielemans,d,Calf injury - 25% chance of playing,,5.9,95,,0.6,214,,0.0,,,0,0,,-1,,27,2867,0.0,1.4,-0.1,0.0,,,,25.0,25.0,,,,,,,,,,,,,,,,,,,,,,,,,8,0,0,0,0,0,0,0,0,0,0,0,0,0,0,0,92,11008,0.0,0.0,0.0,0.0,0.0,0.0,0.0,0.0,0.0,0,0,0,0
49,Leon,Bailey,Bailey,u,Has joined AS Roma on loan for the rest of the season.,,5.5,144,,0.1,487,,0.0,,,0,0,,0,,0,203,0.0,0.0,0.0,0.0,,,,0.0,0.0,,,,,,,,,,,,,,,,,,,,,,,,,8,0,0,0,0,0,0,0,0,0,0,0,0,0,0,0,0,628,0.0,0.0,0.0,0.0,0.0,0.0,0.0,0.0,0.0,0,0,0,0
50,Emiliano,Buendía Stati,Buendía,a,,,5.3,202,,0.2,349,,6.3,,,7,0,,-2,,5309,1150,1.2,4.5,5.8,6.3,,,,0.0,0.0,,,,,,,,,,,,,,,,,,,,,,,,,8,7,29,1,0,0,0,0,0,0,0,0,0,0,1,30,6809,6137,0.0,0.040000000000000036,0.030000000000000027,0.07000000000000006,0.2400000000000002,38.8,1.1000000000000085,7.0,4.699999999999999,2,0,3,5
51,Samuel,Iling-Junior,Iling Jr,u,has joined West Bromwich Albion on loan for the rest of the season,,5.5,149,,0.0,646,,0.0,,,0,0,,0,,0,68,0.0,0.0,0.0,0.0,,,,0.0,0.0,,,,,,,,,,,,,,,,,,,,,,,,,8,0,0,0,0,0,0,0,0,0,0,0,0,0,0,0,0,211,0.0,0.0,0.0,0.0,0.0,0.0,0.0,0.0,0.0,0,0,0,0
53,Donyell,Malen,Malen,a,,,5.1,237,,0.8,195,,6.0,,,2,0,,-4,,7131,4103,1.2,4.7,5.5,6.0,,,,0.0,0.0,,,,,,,,,,,,,,,,,,,,,,,,,8,2,60,0,0,0,1,0,0,0,0,0,0,1,0,3,30695,10051,0.0,0.04999999999999993,0.0,0.04999999999999993,0.5100000000000002,0.0,0.20000000000000284,6.0,0.1999999999999993,0,0,0,0
54,John,McGinn,McGinn,a,,,5.4,163,,0.7,203,,3.7,,,2,0,,-1,,3002,3572,0.7,4.3,3.2,3.7,,,,0.0,0.0,,,,,,,,,,,,,,,,,,,,,,,,,8,2,90,0,0,0,1,0,0,0,0,0,0,1,0,10,7884,10994,0.0,0.030000000000000027,0.029999999999999916,0.06000000000000005,0.75,10.800000000000011,14.800000000000011,1.0,2.6999999999999993,4,2,1,7
55,Ross,Barkley,Barkley,a,,,4.8,358,,0.0,600,,0.7,,,1,0,,-2,,256,114,0.1,0.4,0.2,0.7,,,,100.0,100.0,,,,,,,,,,,,,,,,,,,,,,,,,8,1,8,0,0,0,0,0,0,0,0,0,0,0,0,4,679,232,0.0,0.0,0.0,0.0,0.2,2.4,1.3,0.0,0.40000000000000013,1,0,0,1
56,Enzo,Barrenechea,Barrenechea,u,Season-long loan to Benfica,,5.0,276,,0.0,745,,0.0,,,0,0,,0,,0,1,0.0,0.0,0.0,0.0,,,,0.0,0.0,,,,,,,,,,,,,,,,,,,,,,,,,8,0,0,0,0,0,0,0,0,0,0,0,0,0,0,0,0,1,0.0,0.0,0.0,0.0,0.0,0.0,0.0,0.0,0.0,0,0,0,0
57,Lewis,Dobbin,Dobbin,u,Has joined Preston North End on loan for the rest of the season.,,5.0,270,,0.0,629,,0.0,,,0,0,,0,,0,41,0.0,0.0,0.0,0.0,,,,0.0,0.0,,,,,,,,,,,,,,,,,,,,,,,,,8,0,0,0,0,0,0,0,0,0,0,0,0,0,0,0,0,135,0.0,0.0,0.0,0.0,0.0,0.0,0.0,0.0,0.0,0,0,0,0
58,Boubacar,Kamara,Kamara,a,,,4.9,318,,0.2,382,,2.7,,,2,0,,-1,,1312,711,0.6,3.5,2.2,2.7,,,,100.0,100.0,,,,,,,,,,,,,,,,,,,,,,,,,8,2,90,0,0,0,1,0,0,0,0,0,0,1,0,23,3814,1768,0.0,0.0,0.020000000000000018,0.020000000000000018,0.7499999999999996,17.0,4.899999999999999,0.0,2.200000000000003,4,2,5,11
59,Amadou,Onana,Onana,a,,,4.8,371,,0.6,224,,1.7,,,4,0,,-2,,1718,1111,0.4,2.3,1.2,1.7,,,,100.0,100.0,,,,,,,,,,,,,,,,,,,,,,,,,8,4,81,0,0,0,1,0,0,0,0,0,0,1,0,11,3257,3853,0.0,0.0,0.009999999999999995,0.009999999999999953,0.5500000000000003,18.599999999999994,6.6000000000000005,0.0,2.5,3,7,4,14
60,Ben,Broggio,Broggio,a,,,4.5,472,,0.3,293,,0.0,,,0,0,,0,,1043,1297,0.0,0.0,-0.5,0.0,,,,0.0,0.0,,,,,,,,,,,,,,,,,,,,,,,,,8,0,0,0,0,0,0,0,0,0,0,0,0,0,0,0,2902,3427,0.0,0.0,0.0,0.0,0.0,0.0,0.0,0.0,0.0,0,0,0,0
61,Leander,Dendoncker,Dendoncker,u,Has joined Real Oviedo permanently.,,4.5,397,,0.1,461,,0.0,,,0,0,,0,,0,292,0.0,0.0,0.0,0.0,,,,0.0,0.0,,,,,,,,,,,,,,,,,,,,,,,,,8,0,0,0,0,0,0,0,0,0,0,0,0,0,0,0,0,1099,0.0,0.0,0.0,0.0,0.0,0.0,0.0,0.0,0.0,0,0,0,0
62,Jamaldeen,Jimoh-Aloba,Jimoh-Aloba,a,,,4.5,459,,0.1,531,,0.0,,,0,0,,0,,236,253,0.0,0.0,-0.5,0.0,,,,0.0,0.0,,,,,,,,,,,,,,,,,,,,,,,,,8,0,0,0,0,0,0,0,0,0,0,0,0,0,0,0,669,694,0.0,0.0,0.0,0.0,0.0,0.0,0.0,0.0,0.0,0,0,0,0
63,Kadan,Young,Young,a,,,4.4,562,,0.7,205,,0.0,,,0,0,,-1,,1965,2844,0.0,0.0,-0.5,0.0,,,,0.0,0.0,,,,,,,,,,,,,,,,,,,,,,,,,8,0,0,0,0,0,0,0,0,0,0,0,0,0,0,0,7825,7643,0.0,0.0,0.0,0.0,0.0,0.0,0.0,0.0,0.0,0,0,0,0
64,Ollie,Watkins,Watkins,a,,,8.6,8,,7.5,53,,3.7,,,1,0,,-4,,5242,56442,0.4,2.4,3.2,3.7,,,,100.0,100.0,,,,,,,,,,,,,,,,,,,,,,,,,8,1,29,0,0,0,0,0,0,0,0,0,0,0,0,1,14504,260346,0.0,0.08000000000000007,0.0,0.08000000000000007,0.2400000000000002,2.6000000000000014,1.2999999999999972,7.0,1.1000000000000014,0,1,4,5
65,Zépiqueno,Redmond,Redmond,u,has joined Huddersfield Town on loan for the rest of the season.,,4.5,469,,0.4,265,,0.0,,,0,0,,0,,0,1345,0.0,0.0,0.0,0.0,,,,0.0,0.0,,,,,,,,,,,,,,,,,,,,,,,,,8,0,0,0,0,0,0,0,0,0,0,0,0,0,0,0,0,3758,0.0,0.0,0.0,0.0,0.0,0.0,0.0,0.0,0.0,0,0,0,0
389,Harvey,Elliott,Elliott,a,,,5.4,183,,0.4,278,,0.3,,,0,0,,-1,,526,4021,0.1,0.7,-0.2,0.3,,,,0.0,0.0,,,,,,,,,,,,,,,,,,,,,,,,,8,0,0,0,0,0,0,0,0,0,0,0,0,0,0,0,1649,14403,0.0,0.0,0.0,0.0,0.0,0.0,0.0,0.0,0.0,0,0,0,0
456,Jadon,Sancho,Sancho,a,,,5.9,101,,0.2,371,,0.0,,,0,0,,-1,,577,825,0.0,0.2,-0.5,0.0,,,,100.0,100.0,,,,,,,,,,,,,,,,,,,,,,,,,8,0,0,0,0,0,0,0,0,0,0,0,0,0,0,0,931,3472,0.0,0.0,0.0,0.0,0.0,0.0,0.0,0.0,0.0,0,0,0,0
677,Evann,Guessand,Guessand,a,,,6.3,75,,0.0,593,,1.7,,,2,0,,-2,,121,210,0.3,1.7,1.2,1.7,,,,0.0,0.0,,,,,,,,,,,,,,,,,,,,,,,,,8,2,60,0,0,0,1,0,0,0,0,0,0,1,0,10,291,755,0.0,0.0,0.010000000000000009,0.010000000000000009,0.5099999999999998,7.399999999999999,12.299999999999999,0.0,2.0,2,2,2,6
688,James,Wright,Wright,a,,,4.0,663,,0.5,240,,0.0,,,0,0,,0,,139,695,0.0,0.0,-0.5,0.0,,,,0.0,0.0,,,,,,,,,,,,,,,,,,,,,,,,,8,0,0,0,0,0,0,0,0,0,0,0,0,0,0,0,444,1768,0.0,0.0,0.0,0.0,0.0,0.0,0.0,0.0,0.0,0,0,0,0
701,Triston,Rowe,Rowe,u,has joined Annecy on loan for the rest of the season.,,4.0,688,,0.1,476,,0.0,,,0,0,,0,,0,318,0.0,0.0,0.0,0.0,,,,0.0,0.0,,,,,,,,,,,,,,,,,,,,,,,,,8,0,0,0,0,0,0,0,0,0,0,0,0,0,0,0,0,846,0.0,0.0,0.0,0.0,0.0,0.0,0.0,0.0,0.0,0,0,0,0
702,Bradley,Burrowes,Burrowes,a,,,4.5,488,,0.1,513,,0.0,,,0,0,,0,,110,205,0.0,0.2,-0.5,0.0,,,,0.0,0.0,,,,,,,,,,,,,,,,,,,,,,,,,8,0,0,0,0,0,0,0,0,0,0,0,0,0,0,0,280,530,0.0,0.0,0.0,0.0,0.0,0.0,0.0,0.0,0.0,0,0,0,0
703,Sam,Proctor,Proctor,a,,,4.0,685,,0.2,333,,0.0,,,0,0,,0,,88,440,0.0,0.0,-0.5,0.0,,,,0.0,0.0,,,,,,,,,,,,,,,,,,,,,,,,,8,0,0,0,0,0,0,0,0,0,0,0,0,0,0,0,321,1114,0.0,0.0,0.0,0.0,0.0,0.0,0.0,0.0,0.0,0,0,0,0
710,Travis,Patterson,Patterson,a,,,3.9,727,,0.1,426,,0.0,,,0,-1,,-1,,4192,543,0.0,0.0,-0.5,0.0,,,,0.0,0.0,,,,,,,,,,,,,,,,,,,,,,,,,8,0,0,0,0,0,0,0,0,0,0,0,0,0,0,0,4350,905,0.0,0.0,0.0,0.0,0.0,0.0,0.0,0.0,0.0,0,0,0,0
719,Victor,Lindelöf,Lindelöf,a,,,4.5,402,,0.0,612,,0.7,,,0,0,,0,,175,192,0.2,0.7,0.2,0.7,,,,100.0,100.0,,,,,,,,,,,,,,,,,,,,,,,,,8,0,0,0,0,0,0,0,0,0,0,0,0,0,0,0,456,414,0.0,0.0,0.0,0.0,0.0,0.0,0.0,0.0,0.0,0,0,0,0
183,Max,Weiß,Weiss,a,,,4.4,554,,0.1,433,,0.0,,,0,0,,-1,,138,330,0.0,0.0,-0.5,0.0,,,,0.0,0.0,,,,,,,,,,,,,,,,,,,,,,,,,8,0,0,0,0,0,0,0,0,0,0,0,0,0,0,0,400,902,0.0,0.0,0.0,0.0,0.0,0.0,0.0,0.0,0.0,0,0,0,0
184,Etienne,Green,Green,u,has joined FC Fredericia permanently.,,4.0,665,,0.2,331,,0.0,,,0,0,,0,,0,729,0.0,0.0,0.0,0.0,,,,0.0,0.0,,,,,,,,,,,,,,,,,,,,,,,,,8,0,0,0,0,0,0,0,0,0,0,0,0,0,0,0,0,2224,0.0,0.0,0.0,0.0,0.0,0.0,0.0,0.0,0.0,0,0,0,0
185,Václav,Hladký,Hladký,a,,,4.0,613,,0.2,381,,0.0,,,0,0,,0,,113,406,0.0,0.0,-0.5,0.0,,,,0.0,0.0,,,,,,,,,,,,,,,,,,,,,,,,,8,0,0,0,0,0,0,0,0,0,0,0,0,0,0,0,446,1091,0.0,0.0,0.0,0.0,0.0,0.0,0.0,0.0,0.0,0,0,0,0
186,Connor,Roberts,Roberts,i,Achilles injury - Unknown return date,,4.4,508,,0.0,606,,0.0,,,0,0,,-1,,10,81,0.0,0.0,0.0,0.0,,,,0.0,0.0,,,,,,,,,,,,,,,,,,,,,,,,,8,0,0,0,0,0,0,0,0,0,0,0,0,0,0,0,41,397,0.0,0.0,0.0,0.0,0.0,0.0,0.0,0.0,0.0,0,0,0,0
187,Kyle,Walker,Walker,a,,,4.4,493,,1.6,146,,4.7,,,14,0,,-1,,8267,2331,1.1,5.7,4.2,4.7,,,,0.0,0.0,,,,,,,,,,,,,,,,,,,,,,,,,8,14,90,0,1,1,0,0,0,0,0,0,0,1,3,42,14279,10514,0.0,0.0,0.15999999999999998,0.15999999999999998,2.630000000000001,37.400000000000006,15.0,0.0,5.200000000000001,1,11,8,20
188,Hannes,Delcroix,Delcroix,a,,,3.9,710,,0.2,330,,0.0,,,0,0,,-1,,169,757,0.0,0.0,-0.5,0.0,,,,0.0,0.0,,,,,,,,,,,,,,,,,,,,,,,,,8,0,0,0,0,0,0,0,0,0,0,0,0,0,0,0,709,1895,0.0,0.0,0.0,0.0,0.0,0.0,0.0,0.0,0.0,0,0,0,0
189,Owen,Dodgson,Dodgson,u,Has joined Stockport County on loan for the rest of the season.,,4.0,652,,0.0,673,,0.0,,,0,0,,0,,0,35,0.0,0.0,0.0,0.0,,,,0.0,0.0,,,,,,,,,,,,,,,,,,,,,,,,,8,0,0,0,0,0,0,0,0,0,0,0,0,0,0,0,0,88,0.0,0.0,0.0,0.0,0.0,0.0,0.0,0.0,0.0,0,0,0,0
190,Hjalmar,Ekdal,Ekdal,a,,,4.0,662,,1.3,158,,0.0,,,0,0,,0,,347,9278,0.0,4.8,-0.5,0.0,,,,0.0,0.0,,,,,,,,,,,,,,,,,,,,,,,,,8,0,0,0,0,0,0,0,0,0,0,0,0,0,0,0,3140,17897,0.0,0.0,0.0,0.0,0.0,0.0,0.0,0.0,0.0,0,0,0,0
191,Maxime,Estève,Estève,a,,,4.0,661,,13.0,31,,2.3,,,8,0,,0,,11264,19111,0.6,5.8,1.8,2.3,,,,0.0,0.0,,,,,,,,,,,,,,,,,,,,,,,,,8,8,90,0,0,1,0,0,0,0,0,0,0,1,0,26,30999,104630,0.0,0.0,0.0,0.0,2.630000000000001,25.400000000000006,0.29999999999999893,0.0,2.599999999999998,2,12,3,17
192,Quilindschy,Hartman,Hartman,a,,,4.0,670,,0.6,215,,4.3,,,6,0,,0,,4752,2250,1.1,6.8,3.8,4.3,,,,0.0,0.0,,,,,,,,,,,,,,,,,,,,,,,,,8,6,90,0,0,1,0,0,0,0,0,0,0,1,0,26,19255,5735,0.0,0.0,0.010000000000000009,0.010000000000000009,2.629999999999999,16.399999999999977,0.9000000000000057,0.0,1.6999999999999957,4,4,2,10
193,Bashir,Humphreys,Humphreys,a,,,4.0,649,,0.1,541,,0.0,,,0,0,,0,,97,224,0.0,0.0,-0.5,0.0,,,,100.0,100.0,,,,,,,,,,,,,,,,,,,,,,,,,8,0,0,0,0,0,0,0,0,0,0,0,0,0,0,0,282,476,0.0,0.0,0.0,0.0,0.0,0.0,0.0,0.0,0.0,0,0,0,0
194,Jordan,Beyer,Jordan,i,Hamstring injury - Unknown return date,,4.0,640,,0.1,503,,0.0,,,0,0,,0,,11,199,0.0,0.0,0.0,0.0,,,,0.0,0.0,,,,,,,,,,,,,,,,,,,,,,,,,8,0,0,0,0,0,0,0,0,0,0,0,0,0,0,0,56,722,0.0,0.0,0.0,0.0,0.0,0.0,0.0,0.0,0.0,0,0,0,0
195,Lucas,Pires Silva,Lucas Pires,a,,,3.9,733,,0.2,377,,0.0,,,0,0,,-1,,77,534,0.0,0.0,-0.5,0.0,,,,0.0,0.0,,,,,,,,,,,,,,,,,,,,,,,,,8,0,0,0,0,0,0,0,0,0,0,0,0,0,0,0,338,1286,0.0,0.0,0.0,0.0,0.0,0.0,0.0,0.0,0.0,0,0,0,0
196,Shurandy,Sambo,Sambo,u,Has joined Sparta Rotterdam on loan for the rest of the season.,,4.0,648,,0.1,565,,0.0,,,0,0,,0,,0,87,0.0,0.0,0.0,0.0,,,,0.0,0.0,,,,,,,,,,,,,,,,,,,,,,,,,8,0,0,0,0,0,0,0,0,0,0,0,0,0,0,0,0,315,0.0,0.0,0.0,0.0,0.0,0.0,0.0,0.0,0.0,0,0,0,0
197,Oliver,Sonne,Sonne,a,,,3.9,726,,0.1,411,,0.0,,,0,0,,-1,,150,379,0.0,0.8,-0.5,0.0,,,,0.0,0.0,,,,,,,,,,,,,,,,,,,,,,,,,8,0,0,0,0,0,0,0,0,0,0,0,0,0,0,0,553,916,0.0,0.0,0.0,0.0,0.0,0.0,0.0,0.0,0.0,0,0,0,0
198,Axel,Tuanzebe,Tuanzebe,a,,,3.9,704,,1.8,141,,3.0,,,8,0,,-1,,4445,3013,0.8,2.3,2.5,3.0,,,,100.0,100.0,,,,,,,,,,,,,,,,,,,,,,,,,8,8,90,0,0,1,0,0,0,0,0,0,0,1,0,23,10292,11970,0.0,0.0,0.0,0.0,2.63,18.4,0.29999999999999993,0.0,1.9,0,11,2,13
199,Joe,Worrall,Worrall,a,,,3.9,705,,0.2,358,,0.3,,,0,0,,-1,,281,827,0.1,1.0,-0.2,0.3,,,,0.0,0.0,,,,,,,,,,,,,,,,,,,,,,,,,8,0,0,0,0,0,0,0,0,0,0,0,0,0,0,0,3672,2158,0.0,0.0,0.0,0.0,0.0,0.0,0.0,0.0,0.0,0,0,0,0
200,Jaidon,Anthony,Anthony,a,,,5.7,126,,7.1,57,,3.0,,,2,0,,2,,64975,30327,0.5,7.5,2.5,2.2,,,,100.0,75.0,,,,,,,,,,,,,,,,,,,,,,,,,8,2,82,0,0,1,0,0,0,0,1,0,0,1,0,2,157803,125854,0.0,0.0,0.0,0.0,2.289999999999999,0.0,1.8999999999999915,0.0,0.10000000000000142,0,1,6,7
201,Manuel,Benson Hedilazio,Benson,u,has joined Swansea City on loan for the rest of the season.,,5.4,167,,0.0,663,,0.0,,,0,0,,-1,,0,58,0.0,0.0,0.0,0.0,,,,0.0,0.0,,,,,,,,,,,,,,,,,,,,,,,,,8,0,0,0,0,0,0,0,0,0,0,0,0,0,0,0,0,194,0.0,0.0,0.0,0.0,0.0,0.0,0.0,0.0,0.0,0,0,0,0
202,Jacob,Bruun Larsen,Bruun Larsen,a,,,5.3,201,,0.0,615,,1.0,,,1,0,,-2,,110,142,0.2,2.3,0.5,1.0,,,,100.0,100.0,,,,,,,,,,,,,,,,,,,,,,,,,8,1,57,0,0,0,0,0,0,0,0,0,0,1,0,4,547,366,0.0,0.03,0.009999999999999953,0.03999999999999998,0.5800000000000001,5.199999999999996,2.400000000000002,11.0,1.8999999999999986,0,0,0,0
203,Enock,Agyei,Boateng,a,,,4.8,380,,0.0,590,,0.0,,,0,0,,-2,,38,110,0.0,0.0,-0.5,0.0,,,,0.0,0.0,,,,,,,,,,,,,,,,,,,,,,,,,8,0,0,0,0,0,0,0,0,0,0,0,0,0,0,0,137,298,0.0,0.0,0.0,0.0,0.0,0.0,0.0,0.0,0.0,0,0,0,0
204,Darko,Churlinov,Churlinov,u,has joined Kocaelispor  permanently.,,4.9,323,,0.0,676,,0.0,,,0,0,,-1,,0,20,0.0,0.0,0.0,0.0,,,,0.0,0.0,,,,,,,,,,,,,,,,,,,,,,,,,8,0,0,0,0,0,0,0,0,0,0,0,0,0,0,0,0,67,0.0,0.0,0.0,0.0,0.0,0.0,0.0,0.0,0.0,0,0,0,0
205,Josh,Cullen,Cullen,a,,,5.0,250,,2.5,115,,4.3,,,3,0,,0,,21318,10218,0.9,8.0,3.8,4.3,,,,0.0,0.0,,,,,,,,,,,,,,,,,,,,,,,,,8,3,90,0,0,1,0,0,0,0,0,0,0,1,0,12,85884,23494,0.0,0.0,0.020000000000000018,0.020000000000000018,2.629999999999999,10.400000000000006,17.19999999999999,0.0,2.799999999999997,0,5,2,7
206,Marcus,Edwards,Edwards,a,,,4.7,383,,0.1,561,,0.0,,,0,-1,,-3,,58,239,0.0,0.2,-0.5,0.0,,,,0.0,0.0,,,,,,,,,,,,,,,,,,,,,,,,,8,0,0,0,0,0,0,0,0,0,0,0,0,0,0,0,161,699,0.0,0.0,0.0,0.0,0.0,0.0,0.0,0.0,0.0,0,0,0,0
207,Hannibal,Mejbri,Hannibal,a,,,4.9,334,,0.1,428,,0.3,,,0,0,,-1,,208,616,0.1,2.4,-0.2,0.3,,,,0.0,0.0,,,,,,,,,,,,,,,,,,,,,,,,,8,0,7,0,0,0,0,0,0,0,1,0,0,0,0,4,650,1565,0.0,0.0,0.0,0.0,0.33999999999999986,5.0,0.0,0.0,0.5,3,0,0,3
208,Luca,Koleosho,Koleosho,u,Has joined Espanyol on loan for the rest of the season.,,5.0,275,,0.0,685,,0.0,,,0,0,,0,,0,17,0.0,0.0,0.0,0.0,,,,0.0,0.0,,,,,,,,,,,,,,,,,,,,,,,,,8,0,0,0,0,0,0,0,0,0,0,0,0,0,0,0,0,62,0.0,0.0,0.0,0.0,0.0,0.0,0.0,0.0,0.0,0,0,0,0
209,Josh,Laurent,Laurent,a,,,4.9,301,,0.0,624,,1.7,,,1,0,,-1,,39,80,0.3,2.4,1.2,1.7,,,,0.0,0.0,,,,,,,,,,,,,,,,,,,,,,,,,8,1,13,0,0,0,0,0,0,0,0,0,0,0,0,4,197,214,0.0,0.0,0.0,0.0,1.2200000000000006,2.0,0.0,0.0,0.1999999999999993,0,2,0,2
210,Loum,Tchaouna,Tchaouna,a,,,4.9,337,,0.0,594,,3.0,,,6,0,,-1,,458,161,0.6,3.9,2.5,3.0,,,,0.0,0.0,,,,,,,,,,,,,,,,,,,,,,,,,8,6,32,1,0,0,0,0,0,0,0,0,0,0,0,22,785,381,0.0,0.02999999999999997,0.0,0.030000000000000027,2.04,36.199999999999996,0.3000000000000007,7.0,4.4,0,3,0,3
211,Aaron,Ramsey,A.Ramsey,u,has joined Leicester City on loan for the rest of the season.,,4.4,528,,2.5,114,,0.0,,,0,0,,-1,,0,12025,0.0,0.0,0.0,0.0,,,,0.0,0.0,,,,,,,,,,,,,,,,,,,,,,,,,8,0,0,0,0,0,0,0,0,0,0,0,0,0,0,0,0,45610,0.0,0.0,0.0,0.0,0.0,0.0,0.0,0.0,0.0,0,0,0,0
212,Oluwaseun,Adewumi,Adewumi,u,Has joined Cercle Brugge on loan for the rest of the season.,,4.5,468,,0.0,699,,0.0,,,0,0,,0,,0,14,0.0,0.0,0.0,0.0,,,,0.0,0.0,,,,,,,,,,,,,,,,,,,,,,,,,8,0,0,0,0,0,0,0,0,0,0,0,0,0,0,0,0,81,0.0,0.0,0.0,0.0,0.0,0.0,0.0,0.0,0.0,0,0,0,0
213,Jaydon,Banel,Banel,a,,,4.5,454,,0.0,584,,0.0,,,0,0,,0,,192,173,0.0,0.0,-0.5,0.0,,,,0.0,0.0,,,,,,,,,,,,,,,,,,,,,,,,,8,0,0,0,0,0,0,0,0,0,0,0,0,0,0,0,621,489,0.0,0.0,0.0,0.0,0.0,0.0,0.0,0.0,0.0,0,0,0,0
214,Mike,Trésor Ndayishimiye,Trésor,a,,,4.4,525,,0.1,502,,0.0,,,0,0,,-1,,249,404,0.0,0.0,-0.5,0.0,,,,0.0,0.0,,,,,,,,,,,,,,,,,,,,,,,,,8,0,0,0,0,0,0,0,0,0,0,0,0,0,0,0,973,994,0.0,0.0,0.0,0.0,0.0,0.0,0.0,0.0,0.0,0,0,0,0
215,Zian,Flemming,Flemming,a,,,5.3,209,,0.1,457,,1.0,,,2,0,,-2,,553,514,0.2,1.1,0.5,1.0,,,,0.0,0.0,,,,,,,,,,,,,,,,,,,,,,,,,8,2,76,0,0,1,0,0,0,0,0,0,0,1,0,5,1305,1259,0.0,0.0,0.0,0.0,1.4,9.399999999999999,0.5,0.0,1.0,1,5,0,6
216,Zeki,Amdouni,Amdouni,i,Knee injury - Unknown return date,,4.9,345,,0.0,644,,0.0,,,0,0,,-1,,46,71,0.0,0.0,0.0,0.0,,,,0.0,0.0,,,,,,,,,,,,,,,,,,,,,,,,,8,0,0,0,0,0,0,0,0,0,0,0,0,0,0,0,117,363,0.0,0.0,0.0,0.0,0.0,0.0,0.0,0.0,0.0,0,0,0,0
217,Lyle,Foster,Foster,d,Dead leg - 75% chance of playing,,5.0,268,,2.0,133,,1.0,,,0,0,,0,,2154,32734,0.2,4.2,0.4,0.8,,,,75.0,75.0,,,,,,,,,,,,,,,,,,,,,,,,,8,0,0,0,0,0,0,0,0,0,0,0,0,0,0,0,29979,69176,0.0,0.0,0.0,0.0,0.0,0.0,0.0,0.0,0.0,0,0,0,0
218,Ashley,Barnes,Barnes,a,,,4.4,491,,1.4,156,,0.3,,,1,0,,-1,,2746,7473,0.1,0.2,-0.2,0.3,,,,0.0,0.0,,,,,,,,,,,,,,,,,,,,,,,,,8,1,7,0,0,0,0,0,0,0,0,0,0,0,0,3,7177,18473,0.0,0.0,0.0,0.0,0.34,0.2,0.3,0.0,0.1,0,0,1,1
219,Michael,Obafemi,Obafemi,u,has joined VfL Bochum  on loan for the rest of the season.,,4.4,514,,0.2,386,,0.0,,,0,0,,-1,,0,756,0.0,0.0,0.0,0.0,,,,0.0,0.0,,,,,,,,,,,,,,,,,,,,,,,,,8,0,0,0,0,0,0,0,0,0,0,0,0,0,0,0,0,2155,0.0,0.0,0.0,0.0,0.0,0.0,0.0,0.0,0.0,0,0,0,0
470,Martin,Dúbravka,Dúbravka,a,,,4.0,615,,34.4,5,,4.0,,,9,0,,0,,38886,12816,1.0,7.2,3.5,4.0,,,,100.0,100.0,,,,,,,,,,,,,,,,,,,,,,,,,8,9,90,0,0,1,0,0,0,0,0,0,4,1,2,32,108767,55271,0.0,0.0,0.0,0.0,2.630000000000001,32.599999999999994,0.0,0.0,3.3000000000000007,0,3,7,10
676,Lesley,Ugochukwu,Ugochukwu,a,,,5.0,281,,0.1,486,,6.0,,,10,0,,0,,5443,390,1.2,4.6,5.5,6.0,,,,100.0,100.0,,,,,,,,,,,,,,,,,,,,,,,,,8,10,82,1,0,1,0,0,0,0,0,0,0,1,2,32,6084,567,0.0,0.38000000000000006,0.02,0.39999999999999997,2.290000000000001,43.199999999999996,2.1999999999999993,17.0,6.199999999999999,0,5,1,6
680,Armando,Broja,Broja,a,Ankle injury - 75% chance of playing,,5.3,210,,0.1,421,,0.7,,,0,0,,-2,,365,778,0.1,0.6,0.2,0.7,,,,100.0,100.0,,,,,,,,,,,,,,,,,,,,,,,,,8,0,0,0,0,0,0,0,0,0,0,0,0,0,0,0,1620,1897,0.0,0.0,0.0,0.0,0.0,0.0,0.0,0.0,0.0,0,0,0,0
722,Florentino Ibrain,Morris Luís,Florentino,a,,,5.0,260,,0.0,604,,5.3,,,8,0,,0,,2383,266,1.1,4.0,4.8,5.3,,,,0.0,0.0,,,,,,,,,,,,,,,,,,,,,,,,,8,8,90,0,1,1,0,0,0,0,0,0,0,1,0,21,3046,395,0.0,0.02,0.0,0.019999999999999997,2.629999999999999,37.8,13.700000000000003,1.0,5.299999999999999,3,8,5,16
66,Norberto,Murara Neto,Neto,u,Has joined Botafogo permanently.,,4.5,390,,0.1,506,,0.0,,,0,0,,0,,0,246,0.0,0.0,0.0,0.0,,,,0.0,0.0,,,,,,,,,,,,,,,,,,,,,,,,,8,0,0,0,0,0,0,0,0,0,0,0,0,0,0,0,0,640,0.0,0.0,0.0,0.0,0.0,0.0,0.0,0.0,0.0,0,0,0,0
67,Đorđe,Petrović,Petrović,a,,,4.5,427,,5.7,68,,2.7,,,2,0,,0,,10665,11509,0.6,6.4,2.7,2.7,,,,0.0,0.0,,,,,,,,,,,,,,,,,,,,,,,,,8,2,90,0,0,0,3,0,0,0,0,0,4,1,0,9,38440,36914,0.0,0.0,0.0,0.0,4.4399999999999995,31.600000000000023,0.0,0.0,3.1999999999999993,0,3,13,16
68,Will,Dennis,Dennis,a,,,4.0,646,,1.0,173,,0.0,,,0,0,,0,,557,1938,0.0,0.0,0.0,0.0,,,,0.0,0.0,,,,,,,,,,,,,,,,,,,,,,,,,8,0,0,0,0,0,0,0,0,0,0,0,0,0,0,0,1941,5118,0.0,0.0,0.0,0.0,0.0,0.0,0.0,0.0,0.0,0,0,0,0
69,Callan,McKenna,McKenna,a,,,4.0,687,,0.2,361,,0.0,,,0,0,,0,,133,380,0.0,0.0,0.0,0.0,,,,0.0,0.0,,,,,,,,,,,,,,,,,,,,,,,,,8,0,0,0,0,0,0,0,0,0,0,0,0,0,0,0,413,969,0.0,0.0,0.0,0.0,0.0,0.0,0.0,0.0,0.0,0,0,0,0
70,Alex,Paulsen,Paulsen,u,Has joined Lechia Gdansk on loan for the rest of the season.,,4.0,671,,0.1,501,,0.0,,,0,0,,0,,0,200,0.0,0.0,0.0,0.0,,,,0.0,0.0,,,,,,,,,,,,,,,,,,,,,,,,,8,0,0,0,0,0,0,0,0,0,0,0,0,0,0,0,0,577,0.0,0.0,0.0,0.0,0.0,0.0,0.0,0.0,0.0,0,0,0,0
71,Illia,Zabarnyi,Zabarnyi,u,Has joined Paris Saint-Germain permanently.,,5.0,274,,0.0,631,,0.0,,,0,0,,0,,0,35,0.0,0.0,0.0,0.0,,,,0.0,0.0,,,,,,,,,,,,,,,,,,,,,,,,,8,0,0,0,0,0,0,0,0,0,0,0,0,0,0,0,0,118,0.0,0.0,0.0,0.0,0.0,0.0,0.0,0.0,0.0,0,0,0,0
72,Marcos,Senesi Barón,Senesi,a,,,5.0,261,,26.5,12,,3.7,,,2,0,,5,,90815,34041,0.7,9.6,3.7,3.7,,,,0.0,0.0,,,,,,,,,,,,,,,,,,,,,,,,,8,2,90,0,0,0,3,0,0,0,1,0,0,1,0,6,310034,90158,0.0,0.01999999999999999,0.010000000000000009,0.030000000000000027,4.44,45.19999999999999,0.29999999999999716,9.0,5.5,2,18,4,24
73,Adam,Smith,Smith,a,,,4.4,492,,0.2,387,,0.0,,,0,0,,-1,,209,302,0.0,1.8,0.0,0.0,,,,100.0,75.0,,,,,,,,,,,,,,,,,,,,,,,,,8,0,0,0,0,0,0,0,0,0,0,0,0,0,0,0,252,1203,0.0,0.0,0.0,0.0,0.0,0.0,0.0,0.0,0.0,0,0,0,0
74,Adrien,Truffert,Truffert,a,,,4.5,439,,2.2,123,,3.0,,,1,0,,0,,10278,8126,0.7,7.3,3.0,3.0,,,,0.0,0.0,,,,,,,,,,,,,,,,,,,,,,,,,8,1,90,0,0,0,3,0,0,0,0,0,0,1,0,-1,46500,20795,0.0,0.0,0.010000000000000009,0.010000000000000009,4.4399999999999995,11.400000000000006,4.099999999999994,2.0,1.7999999999999972,0,4,2,6
75,Matai,Akinmboni,Akinmboni,a,Muscle injury - 25% chance of playing,,3.9,728,,0.3,324,,0.0,,,0,-1,,-1,,273,682,0.0,0.0,0.0,0.0,,,,0.0,0.0,,,,,,,,,,,,,,,,,,,,,,,,,8,0,0,0,0,0,0,0,0,0,0,0,0,0,0,0,686,1847,0.0,0.0,0.0,0.0,0.0,0.0,0.0,0.0,0.0,0,0,0,0
76,Owen,Bevan,Bevan,a,,,3.9,725,,0.2,383,,0.0,,,0,0,,-1,,382,450,0.0,0.0,0.0,0.0,,,,0.0,0.0,,,,,,,,,,,,,,,,,,,,,,,,,8,0,0,0,0,0,0,0,0,0,0,0,0,0,0,0,1444,1185,0.0,0.0,0.0,0.0,0.0,0.0,0.0,0.0,0.0,0,0,0,0
77,James,Hill,Hill,a,,,4.0,656,,0.9,188,,2.3,,,1,0,,0,,1299,3403,0.6,4.2,2.3,2.3,,,,0.0,0.0,,,,,,,,,,,,,,,,,,,,,,,,,8,1,15,0,0,0,1,0,0,0,0,0,0,0,0,3,7726,7484,0.0,0.0,0.0,0.0,1.95,10.200000000000003,0.0,0.0,1.0,1,6,1,8
78,Julián,Araujo Zúñiga,J.Araujo,a,,,3.9,712,,0.7,198,,0.0,,,0,0,,-1,,802,2260,0.0,0.0,0.0,0.0,,,,100.0,100.0,,,,,,,,,,,,,,,,,,,,,,,,,8,0,0,0,0,0,0,0,0,0,0,0,0,0,0,0,1769,6470,0.0,0.0,0.0,0.0,0.0,0.0,0.0,0.0,0.0,0,0,0,0
79,Chris,Mepham,Mepham,u,has joined West Bromwich Albion permanently.,,4.0,636,,0.1,477,,0.0,,,0,0,,0,,0,290,0.0,0.0,0.0,0.0,,,,0.0,0.0,,,,,,,,,,,,,,,,,,,,,,,,,8,0,0,0,0,0,0,0,0,0,0,0,0,0,0,0,0,910,0.0,0.0,0.0,0.0,0.0,0.0,0.0,0.0,0.0,0,0,0,0
80,Julio,Soler Barreto,Soler,a,,,4.0,689,,0.2,344,,0.0,,,0,0,,0,,174,975,0.0,0.2,0.0,0.0,,,,100.0,0.0,,,,,,,,,,,,,,,,,,,,,,,,,8,0,0,0,0,0,0,0,0,0,0,0,0,0,0,0,472,2924,0.0,0.0,0.0,0.0,0.0,0.0,0.0,0.0,0.0,0,0,0,0
81,Justin,Kluivert,Kluivert,a,Knock - 75% chance of playing,,7.0,33,,1.1,171,,3.3,,,2,0,,0,,12336,6193,0.5,2.0,3.3,3.3,,,,100.0,100.0,,,,,,,,,,,,,,,,,,,,,,,,,8,2,75,0,0,0,2,0,0,0,0,0,0,1,0,2,37309,12701,0.0,0.0,0.22999999999999998,0.22999999999999998,2.4899999999999998,5.0,22.800000000000004,2.0,3.0000000000000018,2,1,0,3
82,Antoine,Semenyo,Semenyo,a,Ankle injury - 75% chance of playing,,8.1,13,,63.6,2,,9.7,,,4,1,,11,,172236,11984,1.2,8.6,9.7,9.7,,,,0.0,0.0,,,,,,,,,,,,,,,,,,,,,,,,,8,4,90,0,1,0,3,0,0,0,1,0,0,1,0,7,695118,28421,0.0,0.1299999999999999,0.030000000000000027,0.16000000000000014,4.4399999999999995,6.600000000000023,3.0,27.0,3.700000000000003,1,1,3,5
84,Marcus,Tavernier,Tavernier,a,,,5.5,143,,1.2,162,,3.0,,,5,0,,0,,7766,5434,0.5,5.8,3.0,3.0,,,,0.0,0.0,,,,,,,,,,,,,,,,,,,,,,,,,8,5,90,0,1,0,2,0,0,0,0,0,0,1,0,17,13212,25626,0.0,0.0,0.6099999999999999,0.6100000000000001,2.99,26.599999999999994,26.200000000000003,2.0,5.5000000000000036,4,1,4,9
85,Tyler,Adams,Adams,a,Knock - 75% chance of playing,,5.0,255,,0.4,269,,2.3,,,3,0,,0,,1484,1489,0.5,4.2,2.3,2.3,,,,0.0,0.0,,,,,,,,,,,,,,,,,,,,,,,,,8,3,90,0,0,0,3,0,0,0,1,0,0,1,0,13,3432,4632,0.0,0.010000000000000009,0.010000000000000009,0.019999999999999962,4.4399999999999995,18.799999999999997,3.3999999999999986,1.0,2.3000000000000007,5,6,6,17
86,David,Brooks,Brooks,i,Hamstring injury - Unknown return date,,5.0,247,,0.3,326,,1.0,,,0,0,,0,,15,4728,0.2,3.6,0.0,0.0,,,,0.0,0.0,,,,,,,,,,,,,,,,,,,,,,,,,8,0,0,0,0,0,0,0,0,0,0,0,0,0,0,0,727,12417,0.0,0.0,0.0,0.0,0.0,0.0,0.0,0.0,0.0,0,0,0,0
87,Ryan,Christie,Christie,a,,,5.0,248,,0.1,507,,3.3,,,5,0,,0,,982,276,0.7,2.6,3.3,3.3,,,,100.0,100.0,,,,,,,,,,,,,,,,,,,,,,,,,8,5,23,1,0,0,2,0,0,0,1,0,0,0,0,19,1359,857,0.0,0.63,0.0,0.63,2.6799999999999997,38.2,0.10000000000000142,35.0,7.3,0,3,2,5
88,Lewis,Cook,Cook,a,,,4.9,299,,0.0,658,,0.3,,,1,0,,-1,,242,99,0.1,0.4,0.3,0.3,,,,100.0,100.0,,,,,,,,,,,,,,,,,,,,,,,,,8,1,1,0,0,0,1,0,0,0,0,0,0,0,0,5,583,245,0.0,0.0,0.0,0.0,1.46,3.2,0.30000000000000004,0.0,0.39999999999999997,1,1,0,2
89,Philip,Billing,Philip,u,Has joined Midtjylland permanently.,,4.9,302,,0.0,635,,0.0,,,0,0,,-1,,0,47,0.0,0.0,0.0,0.0,,,,0.0,0.0,,,,,,,,,,,,,,,,,,,,,,,,,8,0,0,0,0,0,0,0,0,0,0,0,0,0,0,0,0,178,0.0,0.0,0.0,0.0,0.0,0.0,0.0,0.0,0.0,0,0,0,0
90,Alex,Scott,Scott,a,,,5.0,280,,0.3,290,,2.3,,,2,0,,0,,1062,2214,0.5,5.2,2.3,2.3,,,,0.0,0.0,,,,,,,,,,,,,,,,,,,,,,,,,8,2,66,0,0,0,1,0,0,0,0,0,0,1,0,8,4620,6180,0.0,0.04999999999999999,0.030000000000000027,0.08000000000000007,1.7599999999999998,6.599999999999994,11.299999999999997,3.0,2.1000000000000014,1,2,1,4
91,Luis,Sinisterra Lucumí,Sinisterra,u,Has joined Cruzeiro on loan for the rest of the season.,,5.0,262,,0.0,687,,0.0,,,0,0,,0,,0,26,0.0,0.0,0.0,0.0,,,,0.0,0.0,,,,,,,,,,,,,,,,,,,,,,,,,8,0,0,0,0,0,0,0,0,0,0,0,0,0,0,0,0,91,0.0,0.0,0.0,0.0,0.0,0.0,0.0,0.0,0.0,0,0,0,0
92,Romain,Faivre,Faivre,u,has joined Al Taawoun permanently.,,4.5,423,,0.1,494,,0.0,,,0,0,,0,,0,320,0.0,0.0,0.0,0.0,,,,0.0,0.0,,,,,,,,,,,,,,,,,,,,,,,,,8,0,0,0,0,0,0,0,0,0,0,0,0,0,0,0,0,940,0.0,0.0,0.0,0.0,0.0,0.0,0.0,0.0,0.0,0,0,0,0
93,Hamed,Traorè,H.Traorè,u,has joined Marseille on loan for the rest of the season.,,4.5,418,,0.4,255,,0.0,,,0,0,,0,,0,2331,0.0,0.9,0.0,0.0,,,,0.0,0.0,,,,,,,,,,,,,,,,,,,,,,,,,8,0,0,0,0,0,0,0,0,0,0,0,0,0,0,0,0,7134,0.0,0.0,0.0,0.0,0.0,0.0,0.0,0.0,0.0,0,0,0,0
94,Dominic,Sadi,Sadi,u,has joined Novi Pazar on loan for the rest of the season.,,4.5,452,,0.0,587,,0.0,,,0,0,,0,,0,179,0.0,0.0,0.0,0.0,,,,0.0,0.0,,,,,,,,,,,,,,,,,,,,,,,,,8,0,0,0,0,0,0,0,0,0,0,0,0,0,0,0,0,618,0.0,0.0,0.0,0.0,0.0,0.0,0.0,0.0,0.0,0,0,0,0
95,Zain,Silcott-Duberry,Silcott-Duberry,u,has joined Olympiakos permanently.,,4.4,556,,0.1,471,,0.0,,,0,0,,-1,,0,654,0.0,0.0,0.0,0.0,,,,0.0,0.0,,,,,,,,,,,,,,,,,,,,,,,,,8,0,0,0,0,0,0,0,0,0,0,0,0,0,0,0,0,1893,0.0,0.0,0.0,0.0,0.0,0.0,0.0,0.0,0.0,0,0,0,0
96,Ben,Winterburn,Winterburn,u,has joined Barnet on loan for the rest of the season.,,4.5,478,,0.0,591,,0.0,,,0,0,,0,,0,137,0.0,0.2,0.0,0.0,,,,0.0,0.0,,,,,,,,,,,,,,,,,,,,,,,,,8,0,0,0,0,0,0,0,0,0,0,0,0,0,0,0,0,469,0.0,0.0,0.0,0.0,0.0,0.0,0.0,0.0,0.0,0,0,0,0
97,Francisco Evanilson,de Lima Barbosa,Evanilson,d,Calf injury - 50% chance of playing,,7.0,35,,2.2,124,,1.3,,,0,0,,0,,1484,58865,0.2,3.1,0.7,1.3,,,,50.0,0.0,,,,,,,,,,,,,,,,,,,,,,,,,8,0,0,0,0,0,0,0,0,0,0,0,0,0,0,0,18264,121521,0.0,0.0,0.0,0.0,0.0,0.0,0.0,0.0,0.0,0,0,0,0
98,Enes,Ünal,Enes Ünal,i,Knee injury - Unknown return date,,5.4,166,,0.0,696,,0.0,,,0,0,,-1,,23,36,0.0,0.0,0.0,0.0,,,,0.0,0.0,,,,,,,,,,,,,,,,,,,,,,,,,8,0,0,0,0,0,0,0,0,0,0,0,0,0,0,0,91,81,0.0,0.0,0.0,0.0,0.0,0.0,0.0,0.0,0.0,0,0,0,0
99,Daniel,Adu-Adjei,Adu-Adjei,u,has joined HNK Rijeka permanently.,,4.4,574,,0.2,350,,0.0,,,0,0,,-1,,0,1352,0.0,0.0,0.0,0.0,,,,0.0,0.0,,,,,,,,,,,,,,,,,,,,,,,,,8,0,0,0,0,0,0,0,0,0,0,0,0,0,0,0,0,3406,0.0,0.0,0.0,0.0,0.0,0.0,0.0,0.0,0.0,0,0,0,0
100,Junior,Kroupi,Kroupi.Jr,a,,,4.5,460,,2.4,119,,6.0,,,12,0,,0,,84733,8319,1.3,4.7,6.0,6.0,,,,0.0,0.0,,,,,,,,,,,,,,,,,,,,,,,,,8,12,74,2,0,0,2,0,0,0,0,0,0,1,2,59,107850,25438,0.0,1.18,0.01,1.19,2.4899999999999998,70.6,2.6,54.0,12.700000000000001,0,4,3,7
391,Ben,Gannon-Doak,Gannon-Doak,a,,,4.9,346,,0.0,578,,2.0,,,1,0,,-1,,113,157,0.4,1.2,2.0,2.0,,,,0.0,0.0,,,,,,,,,,,,,,,,,,,,,,,,,8,1,14,0,0,0,1,0,0,0,0,0,0,0,0,4,382,411,0.0,0.0,0.009999999999999995,0.010000000000000009,1.95,0.1999999999999993,0.3000000000000007,0.0,0.10000000000000053,0,0,0,0
685,Bafodé,Diakité,Diakité,a,,,4.5,416,,0.5,237,,2.7,,,3,0,,0,,1848,1644,0.6,6.4,2.7,2.7,,,,100.0,100.0,,,,,,,,,,,,,,,,,,,,,,,,,8,3,90,0,0,0,3,0,0,0,0,0,0,1,0,-1,5661,4846,0.0,0.0,0.0,0.0,4.44,17.200000000000017,10.499999999999996,2.0,3.0,0,10,4,14
687,Remy,Rees-Dottin,Rees-Dottin,a,,,4.4,579,,0.1,412,,0.0,,,0,0,,-1,,436,527,0.0,0.0,0.0,0.0,,,,0.0,0.0,,,,,,,,,,,,,,,,,,,,,,,,,8,0,0,0,0,0,0,0,0,0,0,0,0,0,0,0,2003,1303,0.0,0.0,0.0,0.0,0.0,0.0,0.0,0.0,0.0,0,0,0,0
697,Amine,Adli,Adli,a,,,5.5,153,,0.0,614,,0.7,,,1,0,,0,,156,166,0.1,1.1,0.7,0.7,,,,0.0,0.0,,,,,,,,,,,,,,,,,,,,,,,,,8,1,15,0,0,0,1,0,0,0,0,0,0,0,0,2,396,545,0.0,0.0,0.0,0.0,1.9500000000000002,4.0,0.09999999999999432,2.0,0.5999999999999996,1,1,1,3
713,Álex,Jiménez Sánchez,A.Jimenez,a,,,4.5,455,,0.0,657,,0.7,,,1,0,,0,,132,115,0.2,0.4,0.7,0.7,,,,0.0,0.0,,,,,,,,,,,,,,,,,,,,,,,,,8,1,74,0,0,0,2,0,0,0,0,0,0,1,0,3,305,283,0.0,0.0,0.05,0.05,2.49,10.0,4.799999999999999,2.0,1.7000000000000002,0,4,1,5
721,Veljko,Milosavljevic,Milosavljević,a,,,4.5,485,,0.0,621,,0.3,,,0,0,,0,,71,221,0.1,1.1,0.3,0.3,,,,0.0,0.0,,,,,,,,,,,,,,,,,,,,,,,,,8,0,0,0,0,0,0,0,0,0,0,0,0,0,0,0,207,516,0.0,0.0,0.0,0.0,0.0,0.0,0.0,0.0,0.0,0,0,0,0
27,Reiss,Nelson,Nelson,a,,,4.8,361,,0.1,453,,0.0,,,0,-1,,-2,,198,257,0.0,0.0,-1.0,0.0,,,,100.0,100.0,,,,,,,,,,,,,,,,,,,,,,,,,8,0,0,0,0,0,0,0,0,0,0,0,0,0,0,0,509,762,0.0,0.0,0.0,0.0,0.0,0.0,0.0,0.0,0.0,0,0,0,0
83,Dango,Ouattara,O.Dango,a,,,6.0,90,,0.4,260,,1.7,,,3,0,,0,,881,3532,0.3,3.7,0.7,1.7,,,,100.0,100.0,,,,,,,,,,,,,,,,,,,,,,,,,8,3,75,0,0,1,0,0,0,0,0,0,0,1,0,8,3219,12334,0.0,0.4600000000000002,0.06999999999999995,0.5300000000000002,0.29000000000000004,8.0,32.7,33.0,7.399999999999999,0,1,6,7
101,Caoimhín,Kelleher,Kelleher,a,,,4.5,404,,8.0,50,,5.7,,,6,0,,0,,10641,15497,1.3,6.0,4.7,5.7,,,,100.0,100.0,,,,,,,,,,,,,,,,,,,,,,,,,8,6,90,0,0,1,0,0,0,0,0,0,1,1,0,25,37049,42709,0.0,0.0,0.0,0.0,0.33000000000000007,8.400000000000006,0.0,0.0,0.8000000000000007,0,0,5,5
102,Ellery,Balcombe,Balcombe,a,,,4.0,638,,0.3,317,,0.0,,,0,0,,0,,225,517,0.0,0.0,-1.0,0.0,,,,0.0,0.0,,,,,,,,,,,,,,,,,,,,,,,,,8,0,0,0,0,0,0,0,0,0,0,0,0,0,0,0,594,1404,0.0,0.0,0.0,0.0,0.0,0.0,0.0,0.0,0.0,0,0,0,0
103,Matthew,Cox,Cox,a,,,4.0,673,,0.1,409,,0.0,,,0,0,,0,,91,239,0.0,0.0,-1.0,0.0,,,,0.0,0.0,,,,,,,,,,,,,,,,,,,,,,,,,8,0,0,0,0,0,0,0,0,0,0,0,0,0,0,0,273,652,0.0,0.0,0.0,0.0,0.0,0.0,0.0,0.0,0.0,0,0,0,0
104,Julian,Eyestone,Eyestone,a,,,4.0,679,,0.1,519,,0.0,,,0,0,,0,,53,115,0.0,0.0,-1.0,0.0,,,,0.0,0.0,,,,,,,,,,,,,,,,,,,,,,,,,8,0,0,0,0,0,0,0,0,0,0,0,0,0,0,0,122,319,0.0,0.0,0.0,0.0,0.0,0.0,0.0,0.0,0.0,0,0,0,0
105,Hákon Rafn,Valdimarsson,Valdimarsson,a,,,3.9,722,,0.7,207,,0.0,,,0,-1,,-1,,3492,1438,0.0,0.0,-1.0,0.0,,,,0.0,0.0,,,,,,,,,,,,,,,,,,,,,,,,,8,0,0,0,0,0,0,0,0,0,0,0,0,0,0,0,3702,4088,0.0,0.0,0.0,0.0,0.0,0.0,0.0,0.0,0.0,0,0,0,0
106,Nathan,Collins,Collins,a,,,4.9,326,,1.2,168,,4.0,,,9,0,,-1,,1096,3715,0.8,5.5,3.0,4.0,,,,0.0,0.0,,,,,,,,,,,,,,,,,,,,,,,,,8,9,90,0,0,1,0,0,0,0,0,0,0,1,1,29,2826,10864,0.0,0.06,0.0,0.05999999999999994,0.33000000000000007,26.799999999999983,0.9000000000000021,8.0,3.599999999999998,2,9,2,13
107,Keane,Lewis-Potter,Lewis-Potter,a,,,4.9,322,,0.3,289,,1.7,,,4,-1,,-1,,381,1423,0.3,4.1,0.7,1.7,,,,0.0,0.0,,,,,,,,,,,,,,,,,,,,,,,,,8,4,14,0,1,0,0,0,0,0,0,0,0,0,0,12,1334,3925,0.0,0.04000000000000001,0.08000000000000002,0.12,0.040000000000000036,17.0,10.3,1.0,2.799999999999999,0,1,0,1
108,Kristoffer,Ajer,Ajer,a,,,4.4,507,,0.2,390,,2.7,,,6,0,,-1,,327,429,0.6,3.2,1.7,2.7,,,,0.0,0.0,,,,,,,,,,,,,,,,,,,,,,,,,8,6,90,0,0,1,0,0,0,0,0,0,0,1,0,26,864,1094,0.0,0.16,0.020000000000000018,0.18000000000000005,0.32999999999999985,16.200000000000003,1.1999999999999993,17.0,3.4000000000000004,4,4,4,12
109,Rico,Henry,Henry,a,,,4.4,509,,0.1,444,,0.3,,,0,0,,-1,,73,360,0.1,0.9,-0.7,0.3,,,,0.0,0.0,,,,,,,,,,,,,,,,,,,,,,,,,8,0,0,0,0,0,0,0,0,0,0,0,0,0,0,0,272,956,0.0,0.0,0.0,0.0,0.0,0.0,0.0,0.0,0.0,0,0,0,0
110,Michael,Kayode,Kayode,a,,,4.5,479,,0.3,286,,4.3,,,9,0,,0,,1423,1299,1.0,6.2,3.3,4.3,,,,0.0,0.0,,,,,,,,,,,,,,,,,,,,,,,,,8,9,90,0,0,1,0,0,0,0,0,0,0,1,3,36,3324,3181,0.0,0.0,0.81,0.81,0.33000000000000007,28.80000000000001,92.1,4.0,12.5,0,2,4,6
111,Ethan,Pinnock,Pinnock,a,,,4.4,517,,0.1,432,,0.0,,,0,0,,-1,,142,474,0.0,0.0,-1.0,0.0,,,,100.0,100.0,,,,,,,,,,,,,,,,,,,,,,,,,8,0,0,0,0,0,0,0,0,0,0,0,0,0,0,0,488,1338,0.0,0.0,0.0,0.0,0.0,0.0,0.0,0.0,0.0,0,0,0,0
112,Mads,Roerslev Rasmussen,Roerslev,u,Has joined Southampton permanently.,,4.5,412,,0.0,669,,0.0,,,0,0,,0,,0,26,0.0,0.0,0.0,0.0,,,,0.0,0.0,,,,,,,,,,,,,,,,,,,,,,,,,8,0,0,0,0,0,0,0,0,0,0,0,0,0,0,0,0,98,0.0,0.0,0.0,0.0,0.0,0.0,0.0,0.0,0.0,0,0,0,0
113,Sepp,van den Berg,Van den Berg,a,,,4.5,424,,0.6,222,,3.3,,,6,0,,0,,753,2098,0.7,5.8,2.3,3.3,,,,0.0,0.0,,,,,,,,,,,,,,,,,,,,,,,,,8,6,90,0,0,1,0,0,0,0,0,0,0,1,0,26,2754,5548,0.0,0.08999999999999997,0.0,0.09000000000000008,0.33000000000000007,18.799999999999983,0.7999999999999989,4.0,2.3999999999999986,0,9,2,11
114,Benjamin,Arthur,Arthur,a,,,3.9,745,,0.2,332,,0.0,,,0,0,,-1,,381,609,0.0,0.0,-1.0,0.0,,,,0.0,0.0,,,,,,,,,,,,,,,,,,,,,,,,,8,0,0,0,0,0,0,0,0,0,0,0,0,0,0,0,1183,1614,0.0,0.0,0.0,0.0,0.0,0.0,0.0,0.0,0.0,0,0,0,0
115,Benjamin,Fredrick,Fredrick,u,has joined Dender on loan for the rest of the season.,,4.0,695,,0.1,460,,0.0,,,0,0,,0,,0,370,0.0,0.0,0.0,0.0,,,,0.0,0.0,,,,,,,,,,,,,,,,,,,,,,,,,8,0,0,0,0,0,0,0,0,0,0,0,0,0,0,0,0,1162,0.0,0.0,0.0,0.0,0.0,0.0,0.0,0.0,0.0,0,0,0,0
116,Aaron,Hickey,Hickey,d,Knee injury - 75% chance of playing,,4.0,657,,0.4,284,,1.3,,,0,0,,0,,112,1968,0.3,1.5,0.2,1.0,,,,75.0,75.0,,,,,,,,,,,,,,,,,,,,,,,,,8,0,0,0,0,0,0,0,0,0,0,0,0,0,0,0,1149,4556,0.0,0.0,0.0,0.0,0.0,0.0,0.0,0.0,0.0,0,0,0,0
117,Kim,Ji-soo,Ji-soo,u,has joined Kaiserslautern on loan for the rest of the season.,,3.9,735,,0.1,446,,0.0,,,0,0,,-1,,0,388,0.0,0.0,0.0,0.0,,,,0.0,0.0,,,,,,,,,,,,,,,,,,,,,,,,,8,0,0,0,0,0,0,0,0,0,0,0,0,0,0,0,0,1183,0.0,0.0,0.0,0.0,0.0,0.0,0.0,0.0,0.0,0,0,0,0
118,Jayden,Meghoma,Meghoma,u,Has joined Rangers on loan for the rest of the season.,,4.0,672,,0.1,560,,0.0,,,0,0,,0,,0,105,0.0,0.0,0.0,0.0,,,,0.0,0.0,,,,,,,,,,,,,,,,,,,,,,,,,8,0,0,0,0,0,0,0,0,0,0,0,0,0,0,0,0,352,0.0,0.0,0.0,0.0,0.0,0.0,0.0,0.0,0.0,0,0,0,0
120,Kevin,Schade,Schade,a,,,7.0,36,,0.5,232,,3.7,,,6,0,,0,,2974,3721,0.5,3.4,2.7,3.7,,,,100.0,100.0,,,,,,,,,,,,,,,,,,,,,,,,,8,6,90,0,1,1,0,0,0,0,0,0,0,1,0,19,12771,9109,0.0,0.31999999999999984,0.14000000000000007,0.45999999999999996,0.33000000000000007,23.200000000000003,13.299999999999997,49.0,8.600000000000001,1,3,4,8
121,Mikkel,Damsgaard,Damsgaard,a,,,5.8,113,,0.6,223,,2.3,,,3,0,,-2,,1231,2498,0.4,3.8,1.3,2.3,,,,0.0,0.0,,,,,,,,,,,,,,,,,,,,,,,,,8,3,74,0,0,1,0,0,0,0,0,0,0,1,0,17,4680,7201,0.0,0.03999999999999998,0.25,0.29000000000000004,0.29000000000000004,13.799999999999997,68.00000000000001,23.0,10.5,0,0,4,4
122,Antoni,Milambo,Milambo,i,Knee injury - Expected back 01 Jun,,5.3,215,,0.0,603,,0.0,,,0,0,,-2,,11,311,0.0,0.2,0.0,0.0,,,,0.0,0.0,,,,,,,,,,,,,,,,,,,,,,,,,8,0,0,0,0,0,0,0,0,0,0,0,0,0,0,0,62,729,0.0,0.0,0.0,0.0,0.0,0.0,0.0,0.0,0.0,0,0,0,0
123,Fábio,Freitas Gouveia Carvalho,Carvalho,a,,,4.9,320,,0.2,339,,0.3,,,0,0,,-1,,237,1250,0.1,2.4,-0.7,0.3,,,,0.0,0.0,,,,,,,,,,,,,,,,,,,,,,,,,8,0,0,0,0,0,0,0,0,0,0,0,0,0,0,0,857,3849,0.0,0.0,0.0,0.0,0.0,0.0,0.0,0.0,0.0,0,0,0,0
124,Jordan,Henderson,Henderson,a,,,5.0,243,,0.4,257,,3.0,,,2,0,,0,,1671,2212,0.6,4.8,2.0,3.0,,,,0.0,0.0,,,,,,,,,,,,,,,,,,,,,,,,,8,2,89,0,0,1,0,0,0,0,1,0,0,1,0,14,5816,5429,0.0,0.0,0.23999999999999994,0.24,0.29000000000000004,6.799999999999997,25.599999999999994,2.0,3.3999999999999986,0,3,6,9
125,Vitaly,Janelt,Janelt,a,,,4.9,307,,0.0,684,,1.0,,,1,0,,-1,,41,44,0.2,0.8,0.0,1.0,,,,100.0,100.0,,,,,,,,,,,,,,,,,,,,,,,,,8,1,15,0,0,0,0,0,0,0,0,0,0,0,0,1,108,110,0.0,0.0,0.0,0.0,0.03999999999999998,0.40000000000000036,0.3000000000000007,0.0,0.10000000000000009,0,2,0,2
126,Mathias,Jensen,Jensen,a,,,4.9,310,,0.1,509,,4.3,,,6,0,,-1,,704,256,0.9,3.7,3.3,4.3,,,,0.0,0.0,,,,,,,,,,,,,,,,,,,,,,,,,8,6,1,1,0,0,0,0,0,0,0,0,0,0,0,23,1147,726,0.0,0.30000000000000004,0.0,0.3,0.03999999999999959,33.0,0.0,17.0,4.999999999999998,0,0,0,0
127,Gustavo,Nunes Fernandes Gomes,Nunes,a,,,4.9,353,,0.0,709,,0.0,,,0,0,,-1,,72,19,0.0,0.0,-1.0,0.0,,,,100.0,100.0,,,,,,,,,,,,,,,,,,,,,,,,,8,0,0,0,0,0,0,0,0,0,0,0,0,0,0,0,101,41,0.0,0.0,0.0,0.0,0.0,0.0,0.0,0.0,0.0,0,0,0,0
128,Frank,Onyeka,Onyeka,a,,,4.9,324,,0.1,555,,0.7,,,0,0,,-1,,59,177,0.1,2.2,-0.3,0.7,,,,0.0,0.0,,,,,,,,,,,,,,,,,,,,,,,,,8,0,0,0,0,0,0,0,0,0,0,0,0,0,0,0,211,515,0.0,0.0,0.0,0.0,0.0,0.0,0.0,0.0,0.0,0,0,0,0
129,Yehor,Yarmoliuk,Yarmoliuk,a,,,5.0,282,,0.1,492,,4.0,,,3,0,,0,,617,410,0.8,5.2,3.0,4.0,,,,0.0,0.0,,,,,,,,,,,,,,,,,,,,,,,,,8,3,90,0,0,1,0,0,0,0,0,0,0,1,0,18,1646,951,0.0,0.0,0.22999999999999998,0.23000000000000004,0.33000000000000007,22.799999999999997,39.199999999999996,0.0,6.199999999999999,3,3,4,10
130,Romelle,Donovan,Donovan,a,,,4.5,477,,0.1,459,,0.0,,,0,0,,0,,412,447,0.0,0.0,-1.0,0.0,,,,0.0,0.0,,,,,,,,,,,,,,,,,,,,,,,,,8,0,0,0,0,0,0,0,0,0,0,0,0,0,0,0,1172,1203,0.0,0.0,0.0,0.0,0.0,0.0,0.0,0.0,0.0,0,0,0,0
131,Yunus Emre,Konak,Konak,a,,,4.4,585,,0.2,355,,0.0,,,0,0,,-1,,452,866,0.0,0.0,-1.0,0.0,,,,0.0,0.0,,,,,,,,,,,,,,,,,,,,,,,,,8,0,0,0,0,0,0,0,0,0,0,0,0,0,0,0,1598,2480,0.0,0.0,0.0,0.0,0.0,0.0,0.0,0.0,0.0,0,0,0,0
132,Paris,Maghoma,Maghoma,d,Lack of match fitness - 25% chance of playing,,4.5,408,,0.0,688,,0.0,,,0,0,,0,,14,36,0.0,0.0,-0.2,0.0,,,,25.0,25.0,,,,,,,,,,,,,,,,,,,,,,,,,8,0,0,0,0,0,0,0,0,0,0,0,0,0,0,0,24,107,0.0,0.0,0.0,0.0,0.0,0.0,0.0,0.0,0.0,0,0,0,0
133,Myles,Peart-Harris,Peart-Harris,a,,,4.4,529,,0.0,597,,0.0,,,0,0,,-1,,136,114,0.0,0.0,-1.0,0.0,,,,0.0,0.0,,,,,,,,,,,,,,,,,,,,,,,,,8,0,0,0,0,0,0,0,0,0,0,0,0,0,0,0,463,360,0.0,0.0,0.0,0.0,0.0,0.0,0.0,0.0,0.0,0,0,0,0
134,Ryan,Trevitt,Trevitt,u,Has joined Wigan on loan for the rest of the season,,4.5,475,,0.0,721,,0.0,,,0,0,,0,,0,14,0.0,0.0,0.0,0.0,,,,0.0,0.0,,,,,,,,,,,,,,,,,,,,,,,,,8,0,0,0,0,0,0,0,0,0,0,0,0,0,0,0,0,43,0.0,0.0,0.0,0.0,0.0,0.0,0.0,0.0,0.0,0,0,0,0
136,Igor Thiago,Nascimento Rodrigues,Thiago,a,,,6.1,84,,4.3,80,,7.7,,,8,0,,1,,69652,28219,1.3,6.6,6.7,7.7,,,,0.0,0.0,,,,,,,,,,,,,,,,,,,,,,,,,8,8,90,1,0,1,0,0,0,0,0,0,0,1,2,33,200878,60793,0.0,0.8399999999999999,0.01999999999999999,0.8600000000000003,0.33000000000000007,43.19999999999999,8.899999999999991,92.0,14.399999999999999,1,1,3,5
137,Iwan,Morgan,Morgan,a,,,4.4,558,,0.4,256,,0.0,,,0,0,,-1,,1358,2342,0.0,0.0,-1.0,0.0,,,,0.0,0.0,,,,,,,,,,,,,,,,,,,,,,,,,8,0,0,0,0,0,0,0,0,0,0,0,0,0,0,0,3789,5573,0.0,0.0,0.0,0.0,0.0,0.0,0.0,0.0,0.0,0,0,0,0
748,Josh,Dasilva,Dasilva,a,,,5.0,247,,0.0,742,,0.0,,,0,0,,0,,33,19,0.0,0.0,1.7,1.7,,,,0.0,0.0,,,,,,,,,,,,,,,,,,,,,,,,,8,0,0,0,0,0,0,0,0,0,0,0,0,0,0,0,0,0,0.0,0.0,0.0,0.0,0.0,0.0,0.0,0.0,0.0,0,0,0,0
138,Jason,Steele,Steele,a,,,4.3,586,,0.3,314,,0.0,,,0,-1,,-2,,178,771,0.0,0.0,0.0,-0.5,,,,0.0,0.0,,,,,,,,,,,,,,,,,,,,,,,,,8,0,0,0,0,0,0,0,0,0,0,0,0,0,0,0,491,2214,0.0,0.0,0.0,0.0,0.0,0.0,0.0,0.0,0.0,0,0,0,0
139,Bart,Verbruggen,Verbruggen,a,,,4.4,538,,4.2,82,,1.7,,,2,0,,-1,,3313,12083,0.4,3.0,1.7,1.2,,,,0.0,0.0,,,,,,,,,,,,,,,,,,,,,,,,,8,2,90,0,0,0,1,0,0,0,0,0,2,1,0,12,11111,41563,0.0,0.0,0.0,0.0,1.4499999999999993,19.599999999999994,0.0,0.0,2.0,0,1,10,11
140,Tom,McGill,McGill,a,,,4.0,632,,0.3,287,,0.0,,,0,0,,0,,242,667,0.0,0.0,0.0,-0.5,,,,0.0,0.0,,,,,,,,,,,,,,,,,,,,,,,,,8,0,0,0,0,0,0,0,0,0,0,0,0,0,0,0,710,1731,0.0,0.0,0.0,0.0,0.0,0.0,0.0,0.0,0.0,0,0,0,0
141,Carl,Rushworth,Rushworth,u,Has joined Coventry City on loan for the rest of the season.,,4.0,658,,0.0,734,,0.0,,,0,0,,0,,0,5,0.0,0.0,0.0,0.0,,,,0.0,0.0,,,,,,,,,,,,,,,,,,,,,,,,,8,0,0,0,0,0,0,0,0,0,0,0,0,0,0,0,0,10,0.0,0.0,0.0,0.0,0.0,0.0,0.0,0.0,0.0,0,0,0,0
142,Kjell,Scherpen,Scherpen,u,Has joined Union SG permanently,,4.0,639,,0.0,735,,0.0,,,0,0,,0,,0,1,0.0,0.0,0.0,0.0,,,,0.0,0.0,,,,,,,,,,,,,,,,,,,,,,,,,8,0,0,0,0,0,0,0,0,0,0,0,0,0,0,0,0,5,0.0,0.0,0.0,0.0,0.0,0.0,0.0,0.0,0.0,0,0,0,0
143,Olivier,Boscagli,Boscagli,a,,,4.3,592,,0.1,497,,0.0,,,0,0,,-2,,61,216,0.0,0.0,0.0,-0.5,,,,0.0,0.0,,,,,,,,,,,,,,,,,,,,,,,,,8,0,0,0,0,0,0,0,0,0,0,0,0,0,0,0,199,565,0.0,0.0,0.0,0.0,0.0,0.0,0.0,0.0,0.0,0,0,0,0
144,Diego,Coppola,Coppola,a,,,4.3,604,,0.1,563,,0.3,,,1,0,,-2,,48,137,0.1,0.7,0.3,-0.2,,,,0.0,0.0,,,,,,,,,,,,,,,,,,,,,,,,,8,1,1,0,0,0,0,0,0,0,0,0,0,0,0,3,151,394,0.0,0.0,0.0,0.0,0.07999999999999999,2.3999999999999995,0.0,0.0,0.20000000000000007,0,1,0,1
145,Maxim,De Cuyper,De Cuyper,a,,,4.4,531,,2.2,125,,3.3,,,1,0,,-1,,1161,9581,0.7,3.4,3.3,2.8,,,,100.0,100.0,,,,,,,,,,,,,,,,,,,,,,,,,8,1,54,0,0,0,1,0,0,0,0,0,0,0,0,3,4586,30762,0.0,0.019999999999999907,0.010000000000000009,0.030000000000000027,1.2700000000000005,8.799999999999997,6.200000000000003,17.0,3.1999999999999993,1,2,4,7
146,Lewis,Dunk,Dunk,a,,,4.5,391,,1.1,169,,1.3,,,2,0,,0,,2306,3654,0.3,3.8,1.3,0.8,,,,0.0,0.0,,,,,,,,,,,,,,,,,,,,,,,,,8,2,90,0,0,0,1,0,0,0,0,0,0,1,0,13,7164,10775,0.0,0.019999999999999962,0.010000000000000002,0.030000000000000027,1.4499999999999993,15.599999999999994,1.1999999999999993,5.0,2.1999999999999993,1,7,2,10
147,Pervis,Estupiñán Tenorio,Estupiñan,u,Has joined AC Milan permanently,,4.5,406,,0.0,693,,0.0,,,0,0,,0,,0,13,0.0,0.0,0.0,0.0,,,,0.0,0.0,,,,,,,,,,,,,,,,,,,,,,,,,8,0,0,0,0,0,0,0,0,0,0,0,0,0,0,0,0,45,0.0,0.0,0.0,0.0,0.0,0.0,0.0,0.0,0.0,0,0,0,0
148,Ferdi,Kadıoğlu,F.Kadıoğlu,a,,,4.4,518,,0.1,398,,2.0,,,2,0,,-1,,475,553,0.5,2.5,2.0,1.5,,,,0.0,0.0,,,,,,,,,,,,,,,,,,,,,,,,,8,2,90,0,0,0,1,0,0,0,0,0,0,1,0,7,1432,1491,0.0,0.0,0.33999999999999997,0.34,1.4499999999999993,7.3999999999999915,6.5,8.0,2.1999999999999993,0,2,3,5
150,Tariq,Lamptey,Lamptey,u,has joined Fiorentina permanently.,,4.4,520,,0.1,443,,0.0,,,0,0,,-1,,0,426,0.0,0.0,0.0,0.0,,,,0.0,0.0,,,,,,,,,,,,,,,,,,,,,,,,,8,0,0,0,0,0,0,0,0,0,0,0,0,0,0,0,0,1474,0.0,0.0,0.0,0.0,0.0,0.0,0.0,0.0,0.0,0,0,0,0
151,Jan Paul,van Hecke,Van Hecke,a,,,4.4,534,,1.0,172,,6.0,,,4,0,,-1,,8864,3234,1.4,5.9,6.0,5.5,,,,0.0,0.0,,,,,,,,,,,,,,,,,,,,,,,,,8,4,90,0,0,0,1,0,0,0,0,0,0,1,0,20,31356,8215,0.0,0.0,0.010000000000000009,0.010000000000000009,1.4499999999999993,43.19999999999999,5.4,2.0,5.100000000000001,3,13,5,21
152,Joël,Veltman,Veltman,d,Calf injury - 75% chance of playing,,4.4,501,,0.1,415,,0.0,,,0,0,,-1,,22,866,0.0,1.6,0.0,-0.4,,,,75.0,75.0,,,,,,,,,,,,,,,,,,,,,,,,,8,0,0,0,0,0,0,0,0,0,0,0,0,0,0,0,62,2690,0.0,0.0,0.0,0.0,0.0,0.0,0.0,0.0,0.0,0,0,0,0
153,Adam,Webster,Webster,i,Knee injury - Unknown return date,,4.4,500,,0.0,711,,0.0,,,0,0,,-1,,30,32,0.0,0.0,0.0,0.0,,,,0.0,0.0,,,,,,,,,,,,,,,,,,,,,,,,,8,0,0,0,0,0,0,0,0,0,0,0,0,0,0,0,68,78,0.0,0.0,0.0,0.0,0.0,0.0,0.0,0.0,0.0,0,0,0,0
154,Eiran,Cashin,Cashin,u,Has joined Birmingham on loan for the rest of the season.,,4.0,644,,0.0,715,,0.0,,,0,0,,0,,0,10,0.0,0.0,0.0,0.0,,,,0.0,0.0,,,,,,,,,,,,,,,,,,,,,,,,,8,0,0,0,0,0,0,0,0,0,0,0,0,0,0,0,0,23,0.0,0.0,0.0,0.0,0.0,0.0,0.0,0.0,0.0,0,0,0,0
155,Jacob,Slater,Slater,u,has joined Harrogate Town on loan until January.,,4.0,693,,0.1,436,,0.0,,,0,0,,0,,0,404,0.0,0.0,0.0,0.0,,,,0.0,0.0,,,,,,,,,,,,,,,,,,,,,,,,,8,0,0,0,0,0,0,0,0,0,0,0,0,0,0,0,0,1299,0.0,0.0,0.0,0.0,0.0,0.0,0.0,0.0,0.0,0,0,0,0
156,Charlie,Tasker,Tasker,a,,,3.9,731,,0.1,402,,0.0,,,0,0,,-1,,242,372,0.0,0.0,0.0,-0.5,,,,0.0,0.0,,,,,,,,,,,,,,,,,,,,,,,,,8,0,0,0,0,0,0,0,0,0,0,0,0,0,0,0,840,982,0.0,0.0,0.0,0.0,0.0,0.0,0.0,0.0,0.0,0,0,0,0
157,Mitoma,Kaoru,Mitoma,d,Knock - 75% chance of playing,,6.3,73,,2.9,108,,0.7,,,0,0,,-2,,606,27195,0.1,3.2,0.5,0.1,,,,75.0,75.0,,,,,,,,,,,,,,,,,,,,,,,,,8,0,0,0,0,0,0,0,0,0,0,0,0,0,0,0,2240,99153,0.0,0.0,0.0,0.0,0.0,0.0,0.0,0.0,0.0,0,0,0,0
158,Georginio,Rutter,Georginio,a,,,5.7,127,,0.4,264,,3.3,,,7,0,,-3,,2995,1234,0.6,4.0,3.3,2.8,,,,100.0,100.0,,,,,,,,,,,,,,,,,,,,,,,,,8,7,70,0,1,1,0,0,0,0,0,0,0,1,1,25,4809,7832,0.0,0.04999999999999999,0.27999999999999997,0.33000000000000007,0.7000000000000002,32.4,25.300000000000004,14.0,7.199999999999999,2,2,4,8
159,Solly,March,March,i,Knee injury - Unknown return date,,5.8,110,,0.0,708,,0.0,,,0,0,,-2,,15,24,0.0,0.0,0.0,0.0,,,,0.0,0.0,,,,,,,,,,,,,,,,,,,,,,,,,8,0,0,0,0,0,0,0,0,0,0,0,0,0,0,0,61,69,0.0,0.0,0.0,0.0,0.0,0.0,0.0,0.0,0.0,0,0,0,0
160,Yankuba,Minteh,Minteh,a,,,6.0,92,,3.6,96,,3.0,,,2,0,,0,,21189,22888,0.5,5.5,3.0,2.5,,,,0.0,0.0,,,,,,,,,,,,,,,,,,,,,,,,,8,2,89,0,0,0,1,0,0,0,0,0,0,1,0,12,81521,70720,0.0,0.10999999999999988,0.27,0.3799999999999999,1.370000000000001,11.599999999999994,19.0,24.0,5.5,5,1,5,11
161,Julio,Enciso Espínola,Enciso,u,has joined Strasbourg permanently.,,5.4,186,,0.0,694,,0.0,,,0,0,,-1,,0,16,0.0,0.0,0.0,0.0,,,,0.0,0.0,,,,,,,,,,,,,,,,,,,,,,,,,8,0,0,0,0,0,0,0,0,0,0,0,0,0,0,0,0,49,0.0,0.0,0.0,0.0,0.0,0.0,0.0,0.0,0.0,0,0,0,0
162,Brajan,Gruda,Gruda,i,Knee injury - Unknown return date,,5.4,191,,0.1,525,,2.0,,,0,0,,-1,,26,1169,0.4,3.5,0.0,0.0,,,,0.0,0.0,,,,,,,,,,,,,,,,,,,,,,,,,8,0,0,0,0,0,0,0,0,0,0,0,0,0,0,0,365,2785,0.0,0.0,0.0,0.0,0.0,0.0,0.0,0.0,0.0,0,0,0,0
163,Jack,Hinshelwood,Hinshelwood,i,Ankle injury - Unknown return date,,5.2,231,,0.0,617,,0.0,,,0,0,,-3,,10,131,0.0,0.8,0.0,0.0,,,,0.0,0.0,,,,,,,,,,,,,,,,,,,,,,,,,8,0,0,0,0,0,0,0,0,0,0,0,0,0,0,0,34,494,0.0,0.0,0.0,0.0,0.0,0.0,0.0,0.0,0.0,0,0,0,0
164,Matt,O'Riley,O'Riley,u,has joined Marseille on loan for the rest of the season.,,5.5,145,,0.4,261,,0.0,,,0,0,,0,,0,1316,0.0,2.2,0.0,0.0,,,,0.0,0.0,,,,,,,,,,,,,,,,,,,,,,,,,8,0,0,0,0,0,0,0,0,0,0,0,0,0,0,0,0,4453,0.0,0.0,0.0,0.0,0.0,0.0,0.0,0.0,0.0,0,0,0,0
165,Abdallah,Sima,Sima,u,has joined Lens permanently.,,5.4,192,,0.0,681,,0.0,,,0,0,,-1,,0,19,0.0,0.0,0.0,0.0,,,,0.0,0.0,,,,,,,,,,,,,,,,,,,,,,,,,8,0,0,0,0,0,0,0,0,0,0,0,0,0,0,0,0,68,0.0,0.0,0.0,0.0,0.0,0.0,0.0,0.0,0.0,0,0,0,0
166,Yasin,Ayari,Ayari,a,,,4.9,347,,0.3,288,,2.0,,,2,0,,-1,,1991,2249,0.4,4.5,2.0,1.5,,,,0.0,0.0,,,,,,,,,,,,,,,,,,,,,,,,,8,2,90,0,0,0,1,0,0,0,0,0,0,1,0,15,6790,6234,0.0,0.08000000000000002,0.020000000000000018,0.09999999999999998,1.4499999999999993,13.599999999999994,34.30000000000001,11.0,5.899999999999999,2,1,2,5
167,Carlos,Baleba,Baleba,a,,,4.8,375,,2.2,126,,1.7,,,3,0,,-2,,4039,8101,0.4,2.3,1.7,1.2,,,,0.0,0.0,,,,,,,,,,,,,,,,,,,,,,,,,8,3,70,0,0,1,0,0,0,0,0,0,0,1,0,13,9939,32003,0.0,0.03,0.12000000000000001,0.15,0.7000000000000002,3.799999999999997,7.9999999999999964,3.0,1.5,1,2,2,5
169,Diego,Gómez Amarilla,Gomez,d,Hip injury - 75% chance of playing,,4.9,348,,0.1,473,,1.7,,,1,0,,-1,,59,1003,0.3,1.6,1.3,0.9,,,,75.0,75.0,,,,,,,,,,,,,,,,,,,,,,,,,8,1,35,0,0,0,0,0,0,0,0,0,0,1,0,5,539,2765,0.0,0.0,0.010000000000000009,0.009999999999999953,0.1800000000000006,3.6000000000000014,11.099999999999998,8.0,2.299999999999999,1,0,3,4
170,James,Milner,Milner,a,Muscle injury - 50% chance of playing,,5.0,242,,0.1,403,,0.7,,,1,0,,0,,470,641,0.1,2.2,0.7,0.2,,,,0.0,0.0,,,,,,,,,,,,,,,,,,,,,,,,,8,1,19,0,0,0,1,0,0,0,0,0,0,0,0,1,1172,1830,0.0,0.0,0.0,0.0,0.75,1.2000000000000028,0.10000000000000142,0.0,0.09999999999999964,0,2,1,3
171,Jeremy,Sarmiento Morante,Sarmiento,u,has joined Cremonese on loan for the rest of the season.,,4.9,330,,0.0,667,,0.0,,,0,0,,-1,,0,39,0.0,0.0,0.0,0.0,,,,0.0,0.0,,,,,,,,,,,,,,,,,,,,,,,,,8,0,0,0,0,0,0,0,0,0,0,0,0,0,0,0,0,108,0.0,0.0,0.0,0.0,0.0,0.0,0.0,0.0,0.0,0,0,0,0
172,Tom,Watson,Watson,a,,,4.9,350,,0.0,627,,0.0,,,0,0,,-1,,63,62,0.0,0.0,0.0,-0.5,,,,100.0,100.0,,,,,,,,,,,,,,,,,,,,,,,,,8,0,0,0,0,0,0,0,0,0,0,0,0,0,0,0,140,179,0.0,0.0,0.0,0.0,0.0,0.0,0.0,0.0,0.0,0,0,0,0
173,Mats,Wieffer,Wieffer,a,,,4.9,336,,0.1,558,,3.7,,,7,0,,-1,,591,127,0.8,3.9,3.7,3.2,,,,100.0,100.0,,,,,,,,,,,,,,,,,,,,,,,,,8,7,90,0,1,0,1,0,0,0,0,0,0,1,0,23,740,420,0.0,0.03,0.010000000000000009,0.040000000000000036,1.4499999999999997,21.80000000000001,2.8999999999999986,8.0,3.3000000000000007,3,5,5,13
174,Malick,Yalcouyé,Yalcouye,u,Has joined Swansea City on loan for the rest of the season.,,5.0,290,,0.0,716,,0.0,,,0,0,,0,,0,5,0.0,0.0,0.0,0.0,,,,0.0,0.0,,,,,,,,,,,,,,,,,,,,,,,,,8,0,0,0,0,0,0,0,0,0,0,0,0,0,0,0,0,17,0.0,0.0,0.0,0.0,0.0,0.0,0.0,0.0,0.0,0,0,0,0
175,Joe,Knight,Knight,a,,,4.5,462,,0.1,490,,0.0,,,0,0,,0,,315,329,0.0,0.0,0.0,-0.5,,,,0.0,0.0,,,,,,,,,,,,,,,,,,,,,,,,,8,0,0,0,0,0,0,0,0,0,0,0,0,0,0,0,881,942,0.0,0.0,0.0,0.0,0.0,0.0,0.0,0.0,0.0,0,0,0,0
176,Adrian,Mazilu,Mazilu,u,has joined Dinamo Bucharest permanently.,,4.5,451,,0.0,634,,0.0,,,0,0,,0,,0,88,0.0,0.0,0.0,0.0,,,,0.0,0.0,,,,,,,,,,,,,,,,,,,,,,,,,8,0,0,0,0,0,0,0,0,0,0,0,0,0,0,0,0,287,0.0,0.0,0.0,0.0,0.0,0.0,0.0,0.0,0.0,0,0,0,0
177,Andrew,Moran,Moran,u,Has joined Los Angeles FC on loan for the rest of the season.,,4.5,443,,0.0,656,,0.0,,,0,0,,0,,0,55,0.0,0.0,0.0,0.0,,,,0.0,0.0,,,,,,,,,,,,,,,,,,,,,,,,,8,0,0,0,0,0,0,0,0,0,0,0,0,0,0,0,0,161,0.0,0.0,0.0,0.0,0.0,0.0,0.0,0.0,0.0,0,0,0,0
178,Danny,Welbeck,Welbeck,a,,,6.3,68,,3.2,103,,8.3,,,13,0,,-2,,101358,9577,1.3,4.9,8.3,7.8,,,,0.0,0.0,,,,,,,,,,,,,,,,,,,,,,,,,8,13,89,2,0,0,1,0,0,0,0,0,0,1,3,69,128754,38760,0.0,0.5800000000000001,0.07,0.6499999999999999,1.37,77.2,33.1,28.0,13.8,2,0,2,4
179,Evan,Ferguson,Ferguson,u,Has joined AS Roma on loan for the rest of the season,,5.5,151,,0.0,701,,0.0,,,0,0,,0,,0,10,0.0,0.0,0.0,0.0,,,,0.0,0.0,,,,,,,,,,,,,,,,,,,,,,,,,8,0,0,0,0,0,0,0,0,0,0,0,0,0,0,0,0,21,0.0,0.0,0.0,0.0,0.0,0.0,0.0,0.0,0.0,0,0,0,0
180,Stefanos,Tzimas,Tzimas,a,,,5.3,218,,0.1,451,,2.0,,,1,0,,-2,,618,583,0.4,1.3,2.0,1.5,,,,0.0,0.0,,,,,,,,,,,,,,,,,,,,,,,,,8,1,19,0,0,0,1,0,0,0,0,0,0,0,0,2,2324,1334,0.0,0.0,0.0,0.0,0.75,2.0,0.0,0.0,0.1999999999999993,0,1,2,3
181,Charalampos,Kostoulas,Kostoulas,a,,,4.8,382,,0.3,313,,0.3,,,1,0,,-2,,1085,1326,0.1,0.2,0.3,-0.2,,,,0.0,0.0,,,,,,,,,,,,,,,,,,,,,,,,,8,1,1,0,0,0,0,0,0,0,0,0,0,0,0,3,2480,3537,0.0,0.0,0.0,0.0,0.08,1.0,0.1,0.0,0.1,0,0,0,0
744,Nehemiah,Oriola,Oriola,a,,,4.5,457,,0.0,739,,0.0,,,0,0,,0,,135,12,0.0,0.0,1.2,0.7,,,,0.0,0.0,,,,,,,,,,,,,,,,,,,,,,,,,8,0,0,0,0,0,0,0,0,0,0,0,0,0,0,0,0,0,0.0,0.0,0.0,0.0,0.0,0.0,0.0,0.0,0.0,0,0,0,0
168,Facundo,Buonanotte,Buonanotte,a,,,4.8,376,,0.1,469,,0.0,,,0,0,,-2,,116,484,0.0,0.2,1.0,0.5,,,,100.0,100.0,,,,,,,,,,,,,,,,,,,,,,,,,8,0,0,0,0,0,0,0,0,0,0,0,0,0,0,0,627,1455,0.0,0.0,0.0,0.0,0.0,0.0,0.0,0.0,0.0,0,0,0,0
220,Robert,Lynch Sánchez,Sánchez,a,,,4.9,314,,14.3,26,,2.7,,,5,0,,-1,,23944,21577,0.6,4.9,3.7,3.2,,,,0.0,0.0,,,,,,,,,,,,,,,,,,,,,,,,,8,5,90,0,0,1,0,0,0,0,1,0,2,1,0,24,52899,121521,0.0,0.0,0.01,0.01,2.3500000000000014,22.400000000000006,0.0,0.0,2.1999999999999993,0,1,10,11
221,Filip,Jörgensen,Jörgensen,a,,,4.4,552,,0.2,370,,0.0,,,0,0,,-1,,153,630,0.0,0.2,1.0,0.5,,,,0.0,0.0,,,,,,,,,,,,,,,,,,,,,,,,,8,0,0,0,0,0,0,0,0,0,0,0,0,0,0,0,397,1869,0.0,0.0,0.0,0.0,0.0,0.0,0.0,0.0,0.0,0,0,0,0
222,Mike,Penders,Penders,u,Has joined RC Strasbourg on loan for the rest of the season.,,4.0,681,,0.0,731,,0.0,,,0,0,,0,,0,4,0.0,0.0,0.0,0.0,,,,0.0,0.0,,,,,,,,,,,,,,,,,,,,,,,,,8,0,0,0,0,0,0,0,0,0,0,0,0,0,0,0,0,19,0.0,0.0,0.0,0.0,0.0,0.0,0.0,0.0,0.0,0,0,0,0
223,Gabriel,Słonina,Slonina,a,,,3.9,716,,0.1,458,,0.0,,,0,-1,,-1,,708,270,0.0,0.0,1.0,0.5,,,,0.0,0.0,,,,,,,,,,,,,,,,,,,,,,,,,8,0,0,0,0,0,0,0,0,0,0,0,0,0,0,0,893,752,0.0,0.0,0.0,0.0,0.0,0.0,0.0,0.0,0.0,0,0,0,0
224,Marc,Cucurella Saseta,Cucurella,a,,,6.1,83,,22.4,15,,5.0,,,8,0,,1,,65415,19997,0.8,5.7,6.0,5.5,,,,0.0,0.0,,,,,,,,,,,,,,,,,,,,,,,,,8,8,90,0,0,1,0,0,0,0,0,0,0,1,0,31,149540,90820,0.0,0.0,0.010000000000000009,0.010000000000000009,2.3499999999999996,25.600000000000023,14.799999999999983,0.0,4.0,4,7,4,15
225,Reece,James,James,a,,,5.4,175,,5.7,66,,8.3,,,18,0,,-1,,175004,4554,1.5,6.9,9.3,8.8,,,,100.0,100.0,,,,,,,,,,,,,,,,,,,,,,,,,8,18,90,1,1,1,0,0,0,0,0,0,0,1,3,53,194783,35503,0.0,0.21000000000000002,0.030000000000000027,0.24,2.3499999999999996,65.4,28.0,26.0,11.900000000000002,1,2,5,8
226,Trevoh,Chalobah,Chalobah,a,,,5.1,235,,7.8,51,,1.0,,,6,0,,1,,37670,12588,0.2,8.0,2.0,1.5,,,,100.0,100.0,,,,,,,,,,,,,,,,,,,,,,,,,8,6,90,0,0,1,0,0,0,0,0,0,0,1,0,31,98659,56702,0.0,0.0,0.0,0.0,2.3499999999999996,15.0,10.5,0.0,2.599999999999998,1,5,5,11
227,Levi,Samuels Colwill,Colwill,i,Anterior cruciate ligament - Unknown return date,,4.8,372,,0.1,438,,0.0,,,0,0,,-2,,25,178,0.0,0.0,0.0,0.0,,,,0.0,0.0,,,,,,,,,,,,,,,,,,,,,,,,,8,0,0,0,0,0,0,0,0,0,0,0,0,0,0,0,65,580,0.0,0.0,0.0,0.0,0.0,0.0,0.0,0.0,0.0,0,0,0,0
228,Malo,Gusto,Gusto,s,Suspended until 01 Nov,,4.9,341,,1.1,170,,2.7,,,3,0,,-1,,418,13354,0.6,3.7,0.0,3.2,,,,0.0,0.0,,,,,,,,,,,,,,,,,,,,,,,,,8,3,86,0,0,1,0,0,0,0,0,1,0,1,0,15,8264,19085,0.0,0.030000000000000006,0.15000000000000002,0.18000000000000002,2.0700000000000003,0.0,28.6,8.0,3.5999999999999996,1,2,3,6
229,Benoît,Badiashile Mukinayi,B.Badiashile,i,Muscle injury - Expected back 03 Dec,,4.4,522,,0.0,660,,0.0,,,0,0,,-1,,11,397,0.0,0.0,0.0,0.0,,,,0.0,0.0,,,,,,,,,,,,,,,,,,,,,,,,,8,0,0,0,0,0,0,0,0,0,0,0,0,0,0,0,632,1009,0.0,0.0,0.0,0.0,0.0,0.0,0.0,0.0,0.0,0,0,0,0
230,Wesley,Fofana,Fofana,a,,,4.4,527,,0.2,397,,0.0,,,0,0,,-1,,350,431,0.0,0.7,1.0,0.5,,,,100.0,100.0,,,,,,,,,,,,,,,,,,,,,,,,,8,0,0,0,0,0,0,0,0,0,0,0,0,0,0,0,813,1483,0.0,0.0,0.0,0.0,0.0,0.0,0.0,0.0,0.0,0,0,0,0
231,Mamadou,Sarr,M.Sarr,u,Has joined RC Strasbourg on loan for the rest of the season.,,4.5,466,,0.0,703,,0.0,,,0,0,,0,,0,13,0.0,0.0,0.0,0.0,,,,0.0,0.0,,,,,,,,,,,,,,,,,,,,,,,,,8,0,0,0,0,0,0,0,0,0,0,0,0,0,0,0,0,44,0.0,0.0,0.0,0.0,0.0,0.0,0.0,0.0,0.0,0,0,0,0
232,Tosin,Adarabioyo,Tosin,a,,,4.4,499,,0.5,238,,0.3,,,1,0,,-1,,830,2368,0.1,2.7,1.3,0.8,,,,100.0,100.0,,,,,,,,,,,,,,,,,,,,,,,,,8,1,9,0,0,0,0,0,0,0,0,0,0,0,0,3,3250,9980,0.0,0.0,0.0,0.0,0.28000000000000025,0.20000000000000284,0.0,0.0,0.0,0,0,0,0
233,Josh,Acheampong,Acheampong,a,,,3.9,736,,1.6,147,,5.3,,,14,0,,-1,,39744,2833,1.4,6.4,6.3,5.8,,,,100.0,100.0,,,,,,,,,,,,,,,,,,,,,,,,,8,14,80,1,0,1,0,0,0,0,0,0,0,1,2,50,53935,12021,0.0,0.51,0.0,0.51,2.0700000000000003,47.0,0.5,50.0,9.8,0,7,6,13
234,Aarón,Anselmino,Anselmino,u,has joined Borussia Dortmund on loan for the rest of the season.,,4.0,696,,0.1,534,,0.0,,,0,0,,0,,0,131,0.0,0.0,0.0,0.0,,,,0.0,0.0,,,,,,,,,,,,,,,,,,,,,,,,,8,0,0,0,0,0,0,0,0,0,0,0,0,0,0,0,0,402,0.0,0.0,0.0,0.0,0.0,0.0,0.0,0.0,0.0,0,0,0,0
235,Cole,Palmer,Palmer,i,Groin Injury - Expected back 22 Nov,,10.3,4,,10.1,42,,0.0,,,0,0,,-2,,630,60980,0.0,1.1,0.0,0.0,,,,0.0,0.0,,,,,,,,,,,,,,,,,,,,,,,,,8,0,0,0,0,0,0,0,0,0,0,0,0,0,0,0,6476,202103,0.0,0.0,0.0,0.0,0.0,0.0,0.0,0.0,0.0,0,0,0,0
236,Pedro,Lomba Neto,Neto,a,Groin Injury - 75% chance of playing,,7.0,34,,4.6,78,,5.3,,,12,0,,0,,116784,8154,0.8,4.6,6.3,4.3,,,,100.0,75.0,,,,,,,,,,,,,,,,,,,,,,,,,8,12,77,1,1,1,0,0,0,0,0,0,0,1,1,46,130971,63684,0.0,0.17000000000000004,0.73,0.9000000000000001,2.0700000000000003,66.6,59.099999999999994,29.0,15.5,0,0,2,2
237,Enzo,Fernández,Enzo,d,Knee injury - 75% chance of playing,,6.7,49,,13.4,28,,3.7,,,0,0,,2,,31364,174944,0.6,6.1,3.5,3.2,,,,75.0,75.0,,,,,,,,,,,,,,,,,,,,,,,,,8,0,0,0,0,0,0,0,0,0,0,0,0,0,0,0,251755,382381,0.0,0.0,0.0,0.0,0.0,0.0,0.0,0.0,0.0,0,0,0,0
238,Estêvão,Almeida de Oliveira Gonçalves,Estêvão,a,,,6.5,60,,2.4,118,,4.7,,,3,0,,0,,19886,12094,0.7,3.5,5.7,5.2,,,,0.0,0.0,,,,,,,,,,,,,,,,,,,,,,,,,8,3,12,0,1,0,0,0,0,0,1,0,0,0,0,9,93867,22095,0.0,0.07999999999999985,0.0,0.08000000000000007,0.28,3.0,0.29999999999999716,10.0,1.2999999999999972,1,1,2,4
239,Jamie,Bynoe-Gittens,Gittens,a,,,6.2,82,,0.1,447,,0.7,,,1,0,,-3,,374,504,0.1,1.0,1.7,1.2,,,,0.0,0.0,,,,,,,,,,,,,,,,,,,,,,,,,8,1,45,0,0,0,0,0,0,0,0,0,0,0,0,2,1003,1388,0.0,0.0,0.010000000000000009,0.009999999999999953,1.8200000000000003,4.599999999999998,1.2000000000000028,0.0,0.5999999999999996,1,2,2,5
240,Christopher,Nkunku,Nkunku,u,has joined AC Milan permanently.,,5.9,102,,0.1,481,,0.0,,,0,0,,-1,,0,127,0.0,0.0,0.0,0.0,,,,0.0,0.0,,,,,,,,,,,,,,,,,,,,,,,,,8,0,0,0,0,0,0,0,0,0,0,0,0,0,0,0,0,444,0.0,0.0,0.0,0.0,0.0,0.0,0.0,0.0,0.0,0,0,0,0
241,Moisés,Caicedo Corozo,Caicedo,a,,,5.9,108,,16.8,21,,4.3,,,1,1,,4,,196921,37512,0.7,7.8,5.3,3.6,,,,100.0,75.0,,,,,,,,,,,,,,,,,,,,,,,,,8,1,45,0,0,0,0,0,0,0,0,0,0,0,0,5,572907,117964,0.0,0.0,0.010000000000000009,0.010000000000000009,1.8200000000000003,8.599999999999994,0.7999999999999972,0.0,0.8999999999999986,0,3,3,6
243,Tyrique,George,George,a,,,4.9,351,,0.1,548,,0.0,,,0,0,,-1,,156,234,0.0,0.6,1.0,0.5,,,,0.0,0.0,,,,,,,,,,,,,,,,,,,,,,,,,8,0,0,0,0,0,0,0,0,0,0,0,0,0,0,0,426,648,0.0,0.0,0.0,0.0,0.0,0.0,0.0,0.0,0.0,0,0,0,0
244,Roméo,Lavia,Lavia,a,Thigh injury - Unknown return date,,4.9,349,,0.0,636,,1.0,,,1,0,,-1,,447,214,0.2,0.6,2.0,1.5,,,,100.0,100.0,,,,,,,,,,,,,,,,,,,,,,,,,8,1,45,0,0,0,0,0,0,0,0,0,0,1,0,10,1204,395,0.0,0.0,0.010000000000000002,0.010000000000000002,0.5300000000000002,0.0,3.8,0.0,0.30000000000000004,1,1,1,3
245,Mykhailo,Mudryk,Mudryk,s,Suspended - unknown return date,,5.0,272,,0.0,706,,0.0,,,0,0,,0,,27,42,0.0,0.0,0.0,0.0,,,,0.0,0.0,,,,,,,,,,,,,,,,,,,,,,,,,8,0,0,0,0,0,0,0,0,0,0,0,0,0,0,0,72,106,0.0,0.0,0.0,0.0,0.0,0.0,0.0,0.0,0.0,0,0,0,0
246,Andrey,Nascimento dos Santos,Andrey Santos,a,,,4.5,448,,0.3,304,,0.7,,,1,0,,0,,2455,1450,0.2,1.3,1.7,1.2,,,,100.0,100.0,,,,,,,,,,,,,,,,,,,,,,,,,8,1,45,0,0,0,0,0,0,0,0,0,0,1,0,-2,4345,5030,0.0,0.29,0.0,0.29,0.5299999999999998,3.599999999999998,0.6000000000000014,10.0,1.3999999999999986,4,1,2,7
247,Dário,Luís Essugo,D.Essugo,i,Thigh injury - Unknown return date,,4.3,600,,0.0,579,,0.0,,,0,-1,,-2,,917,243,0.0,0.0,0.0,0.0,,,,0.0,0.0,,,,,,,,,,,,,,,,,,,,,,,,,8,0,0,0,0,0,0,0,0,0,0,0,0,0,0,0,987,560,0.0,0.0,0.0,0.0,0.0,0.0,0.0,0.0,0.0,0,0,0,0
248,Kendry,Páez Andrade,Paez,u,Has joined RC Strasbourg on loan for the rest of the season.,,4.5,481,,0.0,718,,0.0,,,0,0,,0,,0,4,0.0,0.0,0.0,0.0,,,,0.0,0.0,,,,,,,,,,,,,,,,,,,,,,,,,8,0,0,0,0,0,0,0,0,0,0,0,0,0,0,0,0,21,0.0,0.0,0.0,0.0,0.0,0.0,0.0,0.0,0.0,0,0,0,0
249,João Pedro,Junqueira de Jesus,João Pedro,a,,,7.5,24,,58.4,3,,2.0,,,2,-1,,0,,81453,361594,0.3,5.5,3.0,2.5,,,,0.0,0.0,,,,,,,,,,,,,,,,,,,,,,,,,8,2,90,0,0,1,0,0,0,0,0,0,0,1,0,11,288316,683205,0.0,0.040000000000000036,0.21,0.24999999999999978,2.3499999999999996,5.200000000000017,27.200000000000017,6.0,3.799999999999997,0,0,3,3
250,Liam,Delap,Delap,i,Hamstring injury - Expected back 22 Nov,,6.2,81,,0.9,184,,0.0,,,0,0,,-3,,94,2446,0.0,0.6,0.0,0.0,,,,0.0,0.0,,,,,,,,,,,,,,,,,,,,,,,,,8,0,0,0,0,0,0,0,0,0,0,0,0,0,0,0,201,7838,0.0,0.0,0.0,0.0,0.0,0.0,0.0,0.0,0.0,0,0,0,0
251,Nicolas,Jackson,N.Jackson,u,has joined Bayern Munich on loan for the rest of the season.,,6.5,59,,0.1,496,,0.0,,,0,0,,0,,0,108,0.0,0.0,0.0,0.0,,,,0.0,0.0,,,,,,,,,,,,,,,,,,,,,,,,,8,0,0,0,0,0,0,0,0,0,0,0,0,0,0,0,0,344,0.0,0.0,0.0,0.0,0.0,0.0,0.0,0.0,0.0,0,0,0,0
252,Marc,Guiu Paz,Marc Guiu,a,,,4.3,602,,7.2,55,,0.7,,,1,0,,-2,,17985,47033,0.2,0.9,1.7,1.2,,,,100.0,100.0,,,,,,,,,,,,,,,,,,,,,,,,,8,1,45,0,0,0,0,0,0,0,0,0,0,0,0,-6,57543,132929,0.0,0.34,0.0,0.34,1.82,0.0,1.2999999999999998,12.0,0.8,0,1,1,2
453,Alejandro,Garnacho Ferreyra,Garnacho,a,,,6.4,67,,0.4,281,,1.0,,,1,0,,-1,,2306,3136,0.2,0.6,2.0,1.5,,,,0.0,0.0,,,,,,,,,,,,,,,,,,,,,,,,,8,1,45,0,0,0,0,0,0,0,0,0,0,1,0,8,11469,6173,0.0,0.0,0.010000000000000009,0.009999999999999981,0.5299999999999998,2.2,1.8999999999999986,2.0,0.5999999999999996,1,1,3,5
672,Jorrel,Hato,Hato,a,,,4.8,378,,0.2,369,,1.0,,,0,0,,-2,,318,766,0.2,0.6,2.0,1.5,,,,0.0,0.0,,,,,,,,,,,,,,,,,,,,,,,,,8,0,0,0,0,0,0,0,0,0,0,0,0,0,0,0,895,1810,0.0,0.0,0.0,0.0,0.0,0.0,0.0,0.0,0.0,0,0,0,0
743,Landon,Emenalo,Emenalo,a,,,4.5,482,,0.0,722,,0.0,,,0,0,,0,,84,51,0.0,0.0,1.0,0.5,,,,0.0,0.0,,,,,,,,,,,,,,,,,,,,,,,,,8,0,0,0,0,0,0,0,0,0,0,0,0,0,0,0,296,82,0.0,0.0,0.0,0.0,0.0,0.0,0.0,0.0,0.0,0,0,0,0
253,Dean,Henderson,Henderson,a,,,5.0,251,,7.7,52,,2.0,,,1,0,,0,,4528,26061,0.4,5.6,1.5,2.0,,,,0.0,0.0,,,,,,,,,,,,,,,,,,,,,,,,,8,1,90,0,0,0,3,0,0,0,0,0,2,1,0,1,25488,52540,0.0,0.0,0.020000000000000004,0.020000000000000004,2.030000000000001,15.0,0.0,0.0,1.5,0,0,7,7
254,Walter,Benítez,Benitez,a,,,4.0,625,,0.3,301,,0.0,,,0,0,,0,,168,590,0.0,0.0,-0.5,0.0,,,,100.0,100.0,,,,,,,,,,,,,,,,,,,,,,,,,8,0,0,0,0,0,0,0,0,0,0,0,0,0,0,0,498,1508,0.0,0.0,0.0,0.0,0.0,0.0,0.0,0.0,0.0,0,0,0,0
255,Remi,Matthews,Matthews,a,,,4.0,631,,0.1,463,,0.0,,,0,0,,0,,40,225,0.0,0.0,-0.5,0.0,,,,0.0,0.0,,,,,,,,,,,,,,,,,,,,,,,,,8,0,0,0,0,0,0,0,0,0,0,0,0,0,0,0,148,581,0.0,0.0,0.0,0.0,0.0,0.0,0.0,0.0,0.0,0,0,0,0
256,Daniel,Muñoz Mejía,Muñoz,a,,,5.8,108,,16.7,23,,4.7,,,10,1,,3,,124368,14232,0.8,10.3,4.7,4.7,,,,0.0,0.0,,,,,,,,,,,,,,,,,,,,,,,,,8,10,90,0,2,0,3,0,0,0,0,0,0,1,1,28,0,0,0.0,0.040000000000000036,0.5700000000000001,0.6100000000000003,2.030000000000001,39.400000000000006,22.39999999999999,21.0,8.300000000000004,5,6,3,14
257,Maxence,Lacroix,Lacroix,a,,,5.1,240,,3.9,88,,2.7,,,1,0,,1,,2752,25901,0.5,7.5,2.2,2.7,,,,0.0,0.0,,,,,,,,,,,,,,,,,,,,,,,,,8,1,90,0,0,0,3,0,0,0,0,0,0,1,0,7,18443,51472,0.0,0.030000000000000027,0.01999999999999999,0.04999999999999999,2.030000000000001,17.400000000000006,0.6999999999999993,9.0,2.6999999999999993,1,6,7,14
258,Tyrick,Mitchell,Mitchell,a,,,5.0,266,,2.4,120,,2.0,,,1,0,,0,,2318,14559,0.4,7.2,1.5,2.0,,,,0.0,0.0,,,,,,,,,,,,,,,,,,,,,,,,,8,1,90,0,0,0,3,0,0,0,0,0,0,1,0,2,14954,27496,0.0,0.06,0.020000000000000018,0.07999999999999996,2.030000000000001,16.599999999999994,2.3999999999999915,9.0,2.799999999999997,2,5,8,15
259,Borna,Sosa,Sosa,a,,,4.9,315,,0.1,439,,0.0,,,0,0,,-1,,141,401,0.0,0.0,-0.5,0.0,,,,0.0,0.0,,,,,,,,,,,,,,,,,,,,,,,,,8,0,0,0,0,0,0,0,0,0,0,0,0,0,0,0,406,1020,0.0,0.0,0.0,0.0,0.0,0.0,0.0,0.0,0.0,0,0,0,0
260,Marc,Guéhi,Guéhi,a,Knock - 75% chance of playing,,4.9,311,,31.9,9,,4.7,,,4,0,,4,,70346,43157,1.0,10.2,4.2,4.7,,,,0.0,0.0,,,,,,,,,,,,,,,,,,,,,,,,,8,4,90,0,1,0,3,0,0,0,0,0,0,1,0,17,261747,90161,0.0,0.21000000000000008,0.4,0.6100000000000001,2.030000000000001,15.799999999999983,35.3,16.0,6.699999999999999,1,5,5,11
261,Chris,Richards,Richards,a,,,4.5,419,,3.3,101,,3.3,,,3,0,,0,,7031,9873,0.7,8.0,2.8,3.3,,,,0.0,0.0,,,,,,,,,,,,,,,,,,,,,,,,,8,3,90,0,0,0,3,0,0,0,0,0,0,1,0,7,55797,32881,0.0,0.030000000000000027,0.16000000000000003,0.18999999999999995,2.030000000000001,33.0,14.800000000000004,7.0,5.5,4,11,1,16
262,Chadi,Riad Dnanou,Chadi Riad,i,Knee injury - Expected back 01 Nov,,4.0,676,,0.0,713,,0.0,,,0,0,,0,,14,17,0.0,0.0,0.0,0.0,,,,0.0,0.0,,,,,,,,,,,,,,,,,,,,,,,,,8,0,0,0,0,0,0,0,0,0,0,0,0,0,0,0,38,63,0.0,0.0,0.0,0.0,0.0,0.0,0.0,0.0,0.0,0,0,0,0
263,Nathaniel,Clyne,Clyne,a,,,3.9,699,,0.5,244,,0.0,,,0,0,,-1,,376,1480,0.0,0.3,-0.5,0.0,,,,0.0,0.0,,,,,,,,,,,,,,,,,,,,,,,,,8,0,0,0,0,0,0,0,0,0,0,0,0,0,0,0,1547,3788,0.0,0.0,0.0,0.0,0.0,0.0,0.0,0.0,0.0,0,0,0,0
264,Rob,Holding,Holding,u,Has joined Colorado Rapids permanently.,,4.0,628,,0.0,653,,0.0,,,0,0,,0,,0,44,0.0,0.0,0.0,0.0,,,,0.0,0.0,,,,,,,,,,,,,,,,,,,,,,,,,8,0,0,0,0,0,0,0,0,0,0,0,0,0,0,0,0,154,0.0,0.0,0.0,0.0,0.0,0.0,0.0,0.0,0.0,0,0,0,0
265,Caleb,Kporha,Kporha,i,Back injury - Unknown return date,,4.0,694,,0.0,679,,0.0,,,0,0,,0,,9,26,0.0,0.0,0.0,0.0,,,,0.0,0.0,,,,,,,,,,,,,,,,,,,,,,,,,8,0,0,0,0,0,0,0,0,0,0,0,0,0,0,0,34,94,0.0,0.0,0.0,0.0,0.0,0.0,0.0,0.0,0.0,0,0,0,0
267,Ismaïla,Sarr,Sarr,a,,,6.5,55,,8.4,48,,6.7,,,2,0,,0,,57725,35600,1.0,5.8,6.2,6.7,,,,100.0,100.0,,,,,,,,,,,,,,,,,,,,,,,,,8,2,90,0,0,0,3,0,0,0,0,0,0,1,0,7,365944,64207,0.0,0.2999999999999998,0.009999999999999953,0.31000000000000005,2.0300000000000002,7.0,12.099999999999994,17.0,3.5999999999999943,1,2,4,7
268,Cheick,Doucouré,Doucouré,i,Knee injury - Unknown return date,,4.9,329,,0.0,732,,0.0,,,0,0,,-1,,10,11,0.0,0.0,0.0,0.0,,,,0.0,0.0,,,,,,,,,,,,,,,,,,,,,,,,,8,0,0,0,0,0,0,0,0,0,0,0,0,0,0,0,37,27,0.0,0.0,0.0,0.0,0.0,0.0,0.0,0.0,0.0,0,0,0,0
269,Romain,Esse,Esse,a,,,4.8,381,,0.1,400,,0.0,,,0,0,,-2,,212,563,0.0,0.2,-0.5,0.0,,,,0.0,0.0,,,,,,,,,,,,,,,,,,,,,,,,,8,0,0,0,0,0,0,0,0,0,0,0,0,0,0,0,574,1478,0.0,0.0,0.0,0.0,0.0,0.0,0.0,0.0,0.0,0,0,0,0
270,Will,Hughes,Hughes,a,,,4.9,295,,0.1,466,,0.3,,,0,0,,-1,,149,524,0.1,2.2,-0.2,0.3,,,,100.0,100.0,,,,,,,,,,,,,,,,,,,,,,,,,8,0,0,0,0,0,0,0,0,0,0,0,0,0,0,0,517,1467,0.0,0.0,0.0,0.0,0.0,0.0,0.0,0.0,0.0,0,0,0,0
271,Daichi,Kamada,Kamada,a,,,5.0,257,,0.2,396,,3.7,,,2,0,,0,,759,1242,0.7,4.4,3.2,3.7,,,,100.0,100.0,,,,,,,,,,,,,,,,,,,,,,,,,8,2,90,0,0,0,3,0,0,0,0,0,0,1,0,18,3074,3001,0.0,0.0,0.2799999999999999,0.28,2.0300000000000002,7.600000000000001,18.099999999999994,2.0,2.8000000000000007,4,0,5,9
272,Jefferson,Lerma Solís,Lerma,a,,,4.9,297,,0.1,553,,0.7,,,0,0,,-1,,70,207,0.1,1.6,0.2,0.7,,,,0.0,0.0,,,,,,,,,,,,,,,,,,,,,,,,,8,0,0,0,0,0,0,0,0,0,0,0,0,0,0,0,231,510,0.0,0.0,0.0,0.0,0.0,0.0,0.0,0.0,0.0,0,0,0,0
273,Adam,Wharton,Wharton,a,,,5.0,278,,0.5,230,,2.7,,,2,0,,0,,3030,2604,0.5,4.2,2.2,2.7,,,,100.0,100.0,,,,,,,,,,,,,,,,,,,,,,,,,8,2,90,0,0,0,3,0,0,0,0,0,0,1,0,10,11264,5588,0.0,0.09000000000000001,0.33999999999999986,0.42999999999999994,2.0299999999999994,13.600000000000009,32.5,4.0,5.0,2,1,5,8
274,Asher,Agbinone,Agbinone,a,,,4.4,571,,0.1,567,,0.0,,,0,-1,,-1,,100,174,0.0,0.0,-0.5,0.0,,,,0.0,0.0,,,,,,,,,,,,,,,,,,,,,,,,,8,0,0,0,0,0,0,0,0,0,0,0,0,0,0,0,317,493,0.0,0.0,0.0,0.0,0.0,0.0,0.0,0.0,0.0,0,0,0,0
275,Naouirou,Ahamada,Ahamada,a,,,4.4,532,,0.0,574,,0.0,,,0,0,,-1,,112,204,0.0,0.0,-0.5,0.0,,,,0.0,0.0,,,,,,,,,,,,,,,,,,,,,,,,,8,0,0,0,0,0,0,0,0,0,0,0,0,0,0,0,508,531,0.0,0.0,0.0,0.0,0.0,0.0,0.0,0.0,0.0,0,0,0,0
276,Justin,Devenny,Devenny,a,,,4.4,539,,1.2,161,,0.7,,,0,0,,-1,,2006,5895,0.2,1.8,0.2,0.7,,,,0.0,0.0,,,,,,,,,,,,,,,,,,,,,,,,,8,0,0,0,0,0,0,0,0,0,0,0,0,0,0,0,11471,16771,0.0,0.0,0.0,0.0,0.0,0.0,0.0,0.0,0.0,0,0,0,0
277,Malcolm,Ebiowei,Ebiowei,u,Has joined Blackpool permanently.,,4.5,425,,0.0,730,,0.0,,,0,0,,0,,0,9,0.0,0.0,0.0,0.0,,,,0.0,0.0,,,,,,,,,,,,,,,,,,,,,,,,,8,0,0,0,0,0,0,0,0,0,0,0,0,0,0,0,0,25,0.0,0.0,0.0,0.0,0.0,0.0,0.0,0.0,0.0,0,0,0,0
278,Jesurun,Rak-Sakyi,J.Rak-Sakyi,u,has joined Caykur Rizespor on loan for the rest of the season.,,4.4,530,,0.0,585,,0.0,,,0,0,,-1,,0,254,0.0,0.0,0.0,0.0,,,,0.0,0.0,,,,,,,,,,,,,,,,,,,,,,,,,8,0,0,0,0,0,0,0,0,0,0,0,0,0,0,0,0,752,0.0,0.0,0.0,0.0,0.0,0.0,0.0,0.0,0.0,0,0,0,0
279,Matheus,França de Oliveira,M.França,u,Has joined CR Vasco da Gama on loan for the rest of the season.,,4.5,450,,0.0,705,,0.0,,,0,0,,0,,0,23,0.0,0.0,0.0,0.0,,,,0.0,0.0,,,,,,,,,,,,,,,,,,,,,,,,,8,0,0,0,0,0,0,0,0,0,0,0,0,0,0,0,0,68,0.0,0.0,0.0,0.0,0.0,0.0,0.0,0.0,0.0,0,0,0,0
280,David,Ozoh,Ozoh,u,Has joined Derby County on loan for the rest of the season.,,4.5,447,,0.0,740,,0.0,,,0,0,,0,,0,1,0.0,0.0,0.0,0.0,,,,0.0,0.0,,,,,,,,,,,,,,,,,,,,,,,,,8,0,0,0,0,0,0,0,0,0,0,0,0,0,0,0,0,4,0.0,0.0,0.0,0.0,0.0,0.0,0.0,0.0,0.0,0,0,0,0
282,Franco,Umeh-Chibueze,Umeh,u,has joined Portsmouth permanently.,,4.5,465,,0.0,655,,0.0,,,0,0,,0,,0,59,0.0,0.0,0.0,0.0,,,,0.0,0.0,,,,,,,,,,,,,,,,,,,,,,,,,8,0,0,0,0,0,0,0,0,0,0,0,0,0,0,0,0,227,0.0,0.0,0.0,0.0,0.0,0.0,0.0,0.0,0.0,0,0,0,0
283,Jean-Philippe,Mateta,Mateta,a,,,7.6,20,,12.5,33,,7.0,,,17,1,,1,,327597,28238,0.9,4.9,6.5,7.0,,,,0.0,0.0,,,,,,,,,,,,,,,,,,,,,,,,,8,17,90,3,0,0,3,0,0,0,0,0,0,1,3,66,421441,134570,0.0,3.67,0.02999999999999997,3.7,2.0299999999999994,103.80000000000001,9.100000000000001,138.0,25.099999999999994,2,0,2,4
284,Eddie,Nketiah,Nketiah,a,Hamstring injury - 50% chance of playing,,5.4,171,,0.5,234,,2.0,,,1,0,,-1,,5199,5663,0.4,1.3,1.5,2.0,,,,100.0,100.0,,,,,,,,,,,,,,,,,,,,,,,,,8,1,26,0,0,0,1,0,0,0,0,0,0,0,0,3,18459,10621,0.0,0.040000000000000036,0.35,0.39,0.6499999999999999,3.200000000000003,13.5,9.0,2.5999999999999996,0,2,1,3
285,Odsonne,Édouard,Édouard,u,has joined RC Lens permanently.,,5.0,253,,0.3,322,,0.0,,,0,0,,0,,0,925,0.0,0.2,0.0,0.0,,,,0.0,0.0,,,,,,,,,,,,,,,,,,,,,,,,,8,0,0,0,0,0,0,0,0,0,0,0,0,0,0,0,0,2888,0.0,0.0,0.0,0.0,0.0,0.0,0.0,0.0,0.0,0,0,0,0
286,Zach,Marsh,Marsh,a,,,4.5,470,,0.3,305,,0.0,,,0,0,,0,,1194,2016,0.0,0.0,-0.5,0.0,,,,0.0,0.0,,,,,,,,,,,,,,,,,,,,,,,,,8,0,0,0,0,0,0,0,0,0,0,0,0,0,0,0,3762,4384,0.0,0.0,0.0,0.0,0.0,0.0,0.0,0.0,0.0,0,0,0,0
690,Rio,Cardines,Cardines,a,Groin Injury - 75% chance of playing,,4.4,573,,0.5,247,,0.0,,,0,0,,-1,,1498,2977,0.0,0.0,-0.5,0.0,,,,0.0,0.0,,,,,,,,,,,,,,,,,,,,,,,,,8,0,0,0,0,0,0,0,0,0,0,0,0,0,0,0,11943,7280,0.0,0.0,0.0,0.0,0.0,0.0,0.0,0.0,0.0,0,0,0,0
712,Yéremy,Pino Santos,Yeremy,a,,,5.9,109,,0.1,424,,1.7,,,1,0,,-1,,534,1608,0.3,1.7,1.2,1.7,,,,100.0,100.0,,,,,,,,,,,,,,,,,,,,,,,,,8,1,63,0,0,0,2,0,0,0,1,0,0,1,0,8,3888,4049,0.0,0.010000000000000009,0.18999999999999995,0.19999999999999996,1.3800000000000003,1.7999999999999972,16.0,7.0,2.5,1,0,2,3
723,Jaydee,Canvot,Canvot,a,,,4.5,490,,0.0,695,,0.0,,,0,0,,0,,45,57,0.0,0.0,-0.5,0.0,,,,0.0,0.0,,,,,,,,,,,,,,,,,,,,,,,,,8,0,0,0,0,0,0,0,0,0,0,0,0,0,0,0,134,139,0.0,0.0,0.0,0.0,0.0,0.0,0.0,0.0,0.0,0,0,0,0
732,Christantus,Uche,Uche,a,,,5.5,159,,0.0,628,,0.3,,,0,0,,0,,193,300,0.1,0.4,-0.2,0.3,,,,0.0,0.0,,,,,,,,,,,,,,,,,,,,,,,,,8,0,0,0,0,0,0,0,0,0,0,0,0,0,0,0,626,720,0.0,0.0,0.0,0.0,0.0,0.0,0.0,0.0,0.0,0,0,0,0
242,Kiernan,Dewsbury-Hall,Dewsbury-Hall,a,,,5.0,259,,3.4,98,,1.0,,,2,0,,0,,4018,14514,0.2,4.4,1.0,0.5,,,,100.0,100.0,,,,,,,,,,,,,,,,,,,,,,,,,8,2,85,0,0,0,2,0,0,0,0,0,0,1,0,8,16491,65007,0.0,0.0,0.030000000000000027,0.030000000000000027,1.5199999999999996,4.0,4.099999999999994,0.0,0.7999999999999972,1,0,2,3
287,Jordan,Pickford,Pickford,a,,,5.5,138,,10.1,40,,2.3,,,2,0,,0,,6512,22655,0.4,5.8,2.3,1.8,,,,0.0,0.0,,,,,,,,,,,,,,,,,,,,,,,,,8,2,90,0,0,0,2,0,0,0,0,0,5,1,0,14,15398,76404,0.0,0.0,0.019999999999999997,0.019999999999999997,2.3900000000000006,44.0,0.0,0.0,4.400000000000002,0,1,4,5
288,Mark,Travers,Travers,a,,,4.4,516,,0.1,437,,0.0,,,0,0,,-1,,46,222,0.0,0.0,0.0,-0.5,,,,0.0,0.0,,,,,,,,,,,,,,,,,,,,,,,,,8,0,0,0,0,0,0,0,0,0,0,0,0,0,0,0,132,671,0.0,0.0,0.0,0.0,0.0,0.0,0.0,0.0,0.0,0,0,0,0
289,Harry,Tyrer,Tyrer,a,,,4.0,647,,0.1,449,,0.0,,,0,0,,0,,60,203,0.0,0.0,0.0,-0.5,,,,0.0,0.0,,,,,,,,,,,,,,,,,,,,,,,,,8,0,0,0,0,0,0,0,0,0,0,0,0,0,0,0,137,553,0.0,0.0,0.0,0.0,0.0,0.0,0.0,0.0,0.0,0,0,0,0
290,Jarrad,Branthwaite,Branthwaite,d,Lack of match fitness - 50% chance of playing,,5.3,212,,0.2,373,,0.0,,,0,0,,-2,,74,544,0.0,0.0,0.0,-0.2,,,,50.0,50.0,,,,,,,,,,,,,,,,,,,,,,,,,8,0,0,0,0,0,0,0,0,0,0,0,0,0,0,0,179,1699,0.0,0.0,0.0,0.0,0.0,0.0,0.0,0.0,0.0,0,0,0,0
291,James,Tarkowski,Tarkowski,a,,,5.5,134,,7.1,56,,3.0,,,3,0,,0,,6037,22063,0.5,6.4,3.0,2.5,,,,0.0,0.0,,,,,,,,,,,,,,,,,,,,,,,,,8,3,90,0,0,0,2,0,0,0,0,0,0,1,0,8,16966,97564,0.0,0.0,0.0,0.0,2.3900000000000006,27.19999999999999,0.0,2.0,2.900000000000002,2,11,1,14
292,Vitalii,Mykolenko,Mykolenko,a,,,4.9,317,,0.4,282,,2.0,,,1,0,,-1,,789,1216,0.4,1.6,2.0,1.5,,,,100.0,100.0,,,,,,,,,,,,,,,,,,,,,,,,,8,1,90,0,0,0,2,0,0,0,0,0,0,1,0,-2,1854,3782,0.0,0.0,0.08000000000000002,0.08000000000000002,2.3899999999999997,8.600000000000009,1.3999999999999986,0.0,1.0,1,3,3,7
293,Jake,O'Brien,O'Brien,a,,,5.0,283,,0.5,252,,2.7,,,1,0,,0,,636,1661,0.5,4.8,2.7,2.2,,,,0.0,0.0,,,,,,,,,,,,,,,,,,,,,,,,,8,1,90,0,0,0,2,0,0,0,0,0,0,1,0,-1,1565,5914,0.0,0.0,0.0,0.0,2.3900000000000006,8.399999999999991,11.300000000000004,0.0,2.0,0,4,3,7
294,Séamus,Coleman,Coleman,a,,,4.3,587,,0.1,434,,0.3,,,0,-1,,-2,,127,374,0.1,0.5,0.3,-0.2,,,,0.0,0.0,,,,,,,,,,,,,,,,,,,,,,,,,8,0,0,0,0,0,0,0,0,0,0,0,0,0,0,0,324,989,0.0,0.0,0.0,0.0,0.0,0.0,0.0,0.0,0.0,0,0,0,0
295,Michael,Keane,Keane,a,,,4.5,394,,0.9,183,,5.3,,,1,0,,0,,7864,3628,1.2,8.0,5.3,3.6,,,,100.0,75.0,,,,,,,,,,,,,,,,,,,,,,,,,8,1,90,0,0,0,2,0,0,0,0,0,0,1,0,1,11955,18954,0.0,0.0,0.009999999999999995,0.010000000000000009,2.3900000000000006,19.19999999999999,0.8000000000000007,0.0,2.0,0,6,4,10
296,Nathan,Patterson,Patterson,d,Knock - 25% chance of playing,,4.4,523,,0.0,661,,0.0,,,0,0,,-1,,5,127,0.0,0.0,0.0,-0.1,,,,25.0,25.0,,,,,,,,,,,,,,,,,,,,,,,,,8,0,0,0,0,0,0,0,0,0,0,0,0,0,0,0,44,253,0.0,0.0,0.0,0.0,0.0,0.0,0.0,0.0,0.0,0,0,0,0
297,Roman,Dixon,Dixon,a,,,3.9,720,,0.2,368,,0.0,,,0,0,,-1,,126,453,0.0,0.0,0.0,-0.5,,,,0.0,0.0,,,,,,,,,,,,,,,,,,,,,,,,,8,0,0,0,0,0,0,0,0,0,0,0,0,0,0,0,402,1181,0.0,0.0,0.0,0.0,0.0,0.0,0.0,0.0,0.0,0,0,0,0
298,Reece,Welch,Welch,a,,,3.9,717,,0.1,404,,0.0,,,0,0,,-1,,59,344,0.0,0.0,0.0,-0.5,,,,0.0,0.0,,,,,,,,,,,,,,,,,,,,,,,,,8,0,0,0,0,0,0,0,0,0,0,0,0,0,0,0,209,854,0.0,0.0,0.0,0.0,0.0,0.0,0.0,0.0,0.0,0,0,0,0
299,Iliman,Ndiaye,Ndiaye,a,,,6.5,57,,10.9,38,,4.3,,,4,0,,0,,76654,17691,0.7,6.3,4.3,3.8,,,,100.0,100.0,,,,,,,,,,,,,,,,,,,,,,,,,8,4,85,0,0,0,2,0,0,0,0,0,0,1,0,20,132556,110360,0.0,0.040000000000000036,0.56,0.5999999999999996,1.5200000000000014,20.400000000000006,26.69999999999999,23.0,7.0,4,2,11,17
300,Dwight,McNeil,McNeil,a,,,5.6,131,,0.1,422,,0.3,,,1,0,,-4,,381,470,0.1,0.4,0.3,-0.2,,,,0.0,0.0,,,,,,,,,,,,,,,,,,,,,,,,,8,1,4,0,0,0,0,0,0,0,0,0,0,0,0,2,894,1722,0.0,0.0,0.0,0.0,0.8600000000000001,0.0,0.1999999999999993,0.0,0.0,0,0,0,0
301,Carlos,Alcaraz Durán,Alcaraz,a,,,5.2,230,,0.1,480,,1.0,,,2,0,,-3,,285,304,0.2,1.3,1.0,0.5,,,,0.0,0.0,,,,,,,,,,,,,,,,,,,,,,,,,8,2,69,0,0,0,2,0,0,0,0,0,0,1,0,7,608,1049,0.0,0.010000000000000009,0.03,0.04000000000000001,1.2999999999999998,0.0,2.8000000000000007,4.0,0.6999999999999993,0,0,3,3
302,Idrissa Gana,Gueye,Gana,a,,,5.4,160,,0.1,416,,2.0,,,2,0,,-1,,750,757,0.4,4.8,2.0,1.5,,,,0.0,0.0,,,,,,,,,,,,,,,,,,,,,,,,,8,2,69,0,0,0,2,0,0,0,0,0,0,1,0,11,1858,2459,0.0,0.0,0.019999999999999962,0.020000000000000018,1.3000000000000007,8.799999999999997,3.299999999999997,2.0,1.4000000000000021,3,2,1,6
303,James,Garner,Garner,a,,,5.0,264,,1.0,180,,3.7,,,3,0,,0,,4443,4833,0.7,7.2,3.7,3.2,,,,0.0,0.0,,,,,,,,,,,,,,,,,,,,,,,,,8,3,90,0,0,0,2,0,0,0,1,0,0,1,0,11,13448,16921,0.0,0.12,0.010000000000000009,0.1299999999999999,2.3900000000000006,16.799999999999983,2.0999999999999943,5.0,2.3999999999999986,2,9,2,13
304,Tim,Iroegbunam,Iroegbunam,a,,,4.9,343,,0.0,619,,1.7,,,1,0,,-1,,42,86,0.3,2.4,1.7,1.2,,,,0.0,0.0,,,,,,,,,,,,,,,,,,,,,,,,,8,1,20,0,0,0,0,0,0,0,0,0,0,0,0,6,141,221,0.0,0.0,0.01,0.010000000000000009,1.0899999999999999,11.399999999999999,3.4000000000000004,0.0,1.5,3,1,1,5
305,Harrison,Armstrong,Armstrong,u,has joined Preston North End on loan for the rest of the season.,,4.5,480,,0.1,544,,0.0,,,0,0,,0,,0,229,0.0,0.2,0.0,0.0,,,,0.0,0.0,,,,,,,,,,,,,,,,,,,,,,,,,8,0,0,0,0,0,0,0,0,0,0,0,0,0,0,0,0,632,0.0,0.0,0.0,0.0,0.0,0.0,0.0,0.0,0.0,0,0,0,0
306,Callum,Bates,Bates,a,,,4.4,566,,0.1,512,,0.0,,,0,-1,,-1,,201,275,0.0,0.0,0.0,-0.5,,,,0.0,0.0,,,,,,,,,,,,,,,,,,,,,,,,,8,0,0,0,0,0,0,0,0,0,0,0,0,0,0,0,605,795,0.0,0.0,0.0,0.0,0.0,0.0,0.0,0.0,0.0,0,0,0,0
307,Coby,Ebere,Ebere,a,,,4.4,551,,0.0,589,,0.0,,,0,0,,-1,,136,119,0.0,0.0,0.0,-0.5,,,,0.0,0.0,,,,,,,,,,,,,,,,,,,,,,,,,8,0,0,0,0,0,0,0,0,0,0,0,0,0,0,0,497,372,0.0,0.0,0.0,0.0,0.0,0.0,0.0,0.0,0.0,0,0,0,0
308,Isaac,Heath,Heath,u,has joined Accrington on loan for the rest of the season.,,4.5,441,,0.0,654,,0.0,,,0,0,,0,,0,47,0.0,0.0,0.0,0.0,,,,0.0,0.0,,,,,,,,,,,,,,,,,,,,,,,,,8,0,0,0,0,0,0,0,0,0,0,0,0,0,0,0,0,154,0.0,0.0,0.0,0.0,0.0,0.0,0.0,0.0,0.0,0,0,0,0
309,Jenson,Metcalfe,Metcalfe,u,Has joined Bradford City permanently.,,4.5,437,,0.0,743,,0.0,,,0,0,,0,,0,1,0.0,0.0,0.0,0.0,,,,0.0,0.0,,,,,,,,,,,,,,,,,,,,,,,,,8,0,0,0,0,0,0,0,0,0,0,0,0,0,0,0,0,3,0.0,0.0,0.0,0.0,0.0,0.0,0.0,0.0,0.0,0,0,0,0
310,Thierno,Barry,Barry,a,,,5.7,128,,0.3,295,,1.0,,,1,0,,-3,,751,1646,0.2,1.6,1.0,0.5,,,,0.0,0.0,,,,,,,,,,,,,,,,,,,,,,,,,8,1,15,0,0,0,0,0,0,0,0,0,0,0,0,3,1893,4834,0.0,0.0,0.0,0.0,1.0500000000000003,2.0,0.5,0.0,0.2999999999999998,0,1,0,1
311,Norberto Bercique,Gomes Betuncal,Beto,a,,,5.3,213,,3.7,93,,1.7,,,2,0,,-2,,10087,28906,0.3,3.2,1.7,1.2,,,,0.0,0.0,,,,,,,,,,,,,,,,,,,,,,,,,8,2,74,0,0,0,2,0,0,0,0,0,0,1,0,0,25602,86773,0.0,0.6000000000000001,0.009999999999999995,0.6099999999999999,1.330000000000001,0.20000000000000284,2.299999999999997,15.0,1.7999999999999972,1,1,2,4
312,Youssef,Ramalho Chermiti,Y.Chermiti,u,has joined Rangers permanently.,,4.9,344,,0.1,505,,0.0,,,0,0,,-1,,0,137,0.0,0.0,0.0,0.0,,,,0.0,0.0,,,,,,,,,,,,,,,,,,,,,,,,,8,0,0,0,0,0,0,0,0,0,0,0,0,0,0,0,0,449,0.0,0.0,0.0,0.0,0.0,0.0,0.0,0.0,0.0,0,0,0,0
313,Martin,Sherif,Sherif,u,has joined Rotherham United on loan for the rest of the season.,,4.4,561,,0.2,391,,0.0,,,0,0,,-1,,0,595,0.0,0.0,0.0,0.0,,,,0.0,0.0,,,,,,,,,,,,,,,,,,,,,,,,,8,0,0,0,0,0,0,0,0,0,0,0,0,0,0,0,0,1794,0.0,0.0,0.0,0.0,0.0,0.0,0.0,0.0,0.0,0,0,0,0
419,Jack,Grealish,Grealish,a,,,6.9,37,,18.5,18,,4.0,,,0,0,,4,,88100,52024,0.6,5.4,4.0,0.0,,,,100.0,0.0,,,,,,,,,,,,,,,,,,,,,,,,,8,0,0,0,0,0,0,0,0,0,0,0,0,0,0,0,135484,422319,0.0,0.0,0.0,0.0,0.0,0.0,0.0,0.0,0.0,0,0,0,0
630,Tom,King,King,a,,,4.0,627,,1.2,167,,0.0,,,0,0,,0,,169,1822,0.0,0.0,0.0,-0.5,,,,0.0,0.0,,,,,,,,,,,,,,,,,,,,,,,,,8,0,0,0,0,0,0,0,0,0,0,0,0,0,0,0,482,4772,0.0,0.0,0.0,0.0,0.0,0.0,0.0,0.0,0.0,0,0,0,0
667,Adam,Aznou,Aznou,a,,,4.3,601,,0.1,552,,0.0,,,0,-1,,-2,,38,152,0.0,0.0,0.0,-0.5,,,,100.0,100.0,,,,,,,,,,,,,,,,,,,,,,,,,8,0,0,0,0,0,0,0,0,0,0,0,0,0,0,0,94,466,0.0,0.0,0.0,0.0,0.0,0.0,0.0,0.0,0.0,0,0,0,0
704,Tyler,Onyango,Onyango,u,has joined Stockport County on loan for the rest of the season.,,4.5,429,,0.1,529,,0.0,,,0,0,,0,,0,164,0.0,0.0,0.0,0.0,,,,0.0,0.0,,,,,,,,,,,,,,,,,,,,,,,,,8,0,0,0,0,0,0,0,0,0,0,0,0,0,0,0,0,470,0.0,0.0,0.0,0.0,0.0,0.0,0.0,0.0,0.0,0,0,0,0
705,Elijah,Campbell,Campbell,a,,,4.0,667,,0.2,384,,0.0,,,0,0,,0,,197,452,0.0,0.0,0.0,-0.5,,,,0.0,0.0,,,,,,,,,,,,,,,,,,,,,,,,,8,0,0,0,0,0,0,0,0,0,0,0,0,0,0,0,528,1091,0.0,0.0,0.0,0.0,0.0,0.0,0.0,0.0,0.0,0,0,0,0
707,Tyler,Dibling,Dibling,a,,,5.5,154,,0.0,643,,0.7,,,0,0,,0,,132,175,0.1,0.5,0.7,0.2,,,,0.0,0.0,,,,,,,,,,,,,,,,,,,,,,,,,8,0,4,0,0,0,0,0,0,0,1,0,0,0,0,-1,329,474,0.0,0.0,0.0,0.0,0.8599999999999999,0.0,0.0,0.0,0.0,0,0,1,1
728,Merlin,Röhl,Röhl,a,,,5.0,284,,0.0,723,,0.3,,,1,0,,0,,31,12,0.1,0.4,0.3,-0.1,,,,100.0,50.0,,,,,,,,,,,,,,,,,,,,,,,,,8,1,20,0,0,0,0,0,0,0,0,0,0,0,0,4,45,59,0.0,0.03,0.0,0.03,1.09,2.4000000000000004,1.700000000000001,6.0,1.0,1,1,3,5
314,Bernd,Leno,Leno,a,,,5.0,245,,1.4,154,,2.0,,,3,0,,0,,1827,3300,0.4,4.6,1.5,1.5,,,,0.0,0.0,,,,,,,,,,,,,,,,,,,,,,,,,8,3,90,0,0,0,1,0,0,0,0,0,4,1,0,19,3188,11367,0.0,0.0,0.0,0.0,1.8699999999999992,36.599999999999994,0.0,0.0,3.700000000000001,0,2,14,16
315,Steven,Benda,Benda,u,Has joined Millwall on loan for the rest of the season.,,4.0,642,,0.0,720,,0.0,,,0,0,,0,,0,1,0.0,0.0,0.0,0.0,,,,0.0,0.0,,,,,,,,,,,,,,,,,,,,,,,,,8,0,0,0,0,0,0,0,0,0,0,0,0,0,0,0,0,15,0.0,0.0,0.0,0.0,0.0,0.0,0.0,0.0,0.0,0,0,0,0
316,Antonee,Robinson,Robinson,i,Knee injury - Unknown return date,,5.0,249,,0.6,221,,0.3,,,0,0,,0,,62,7677,0.1,0.6,0.0,0.0,,,,0.0,0.0,,,,,,,,,,,,,,,,,,,,,,,,,8,0,0,0,0,0,0,0,0,0,0,0,0,0,0,0,1089,17163,0.0,0.0,0.0,0.0,0.0,0.0,0.0,0.0,0.0,0,0,0,0
317,Joachim,Andersen,Andersen,d,Hamstring injury - grade one - 50% chance of playing,,4.5,401,,3.7,92,,2.3,,,1,0,,0,,981,32390,0.5,6.7,0.9,1.8,,,,50.0,0.0,,,,,,,,,,,,,,,,,,,,,,,,,8,1,41,0,0,0,0,0,0,0,0,0,0,1,0,6,27473,67742,0.0,0.0,0.0,0.0,0.5500000000000007,11.400000000000006,0.1999999999999993,0.0,1.1999999999999993,0,4,3,7
318,Calvin,Bassey,Bassey,a,,,4.5,414,,0.5,233,,0.7,,,1,0,,0,,1396,2162,0.2,4.2,0.2,0.2,,,,0.0,0.0,,,,,,,,,,,,,,,,,,,,,,,,,8,1,8,0,0,0,0,0,0,0,0,0,0,0,0,4,3109,6638,0.0,0.0,0.0,0.0,0.5700000000000003,5.599999999999994,0.3000000000000007,2.0,0.7999999999999989,0,4,2,6
319,Timothy,Castagne,Castagne,a,,,4.4,506,,0.1,456,,2.0,,,2,0,,-1,,514,322,0.5,2.0,1.5,1.5,,,,0.0,0.0,,,,,,,,,,,,,,,,,,,,,,,,,8,2,90,0,0,0,1,0,0,0,0,0,0,1,0,10,804,1010,0.0,0.0,0.0,0.0,1.870000000000001,17.199999999999996,0.7000000000000028,0.0,1.799999999999999,4,5,0,9
320,Issa,Diop,Diop,a,,,4.4,513,,0.1,524,,1.0,,,1,0,,-1,,112,149,0.2,0.7,0.5,0.5,,,,0.0,0.0,,,,,,,,,,,,,,,,,,,,,,,,,8,1,48,0,0,0,1,0,0,0,0,0,0,0,0,-1,227,436,0.0,0.0,0.0,0.0,1.3199999999999998,3.1999999999999993,0.3999999999999999,4.0,0.8000000000000003,0,2,0,2
321,Jorge,Cuenca Barreno,J.Cuenca,a,,,4.4,524,,0.0,602,,1.3,,,4,0,,-1,,142,78,0.3,1.6,0.8,0.8,,,,0.0,0.0,,,,,,,,,,,,,,,,,,,,,,,,,8,4,81,0,0,0,1,0,0,0,0,0,0,1,0,9,165,237,0.0,0.0,0.0,0.0,1.2999999999999998,26.0,3.3999999999999995,2.0,3.0999999999999996,0,13,2,15
322,Kenny,Tete,Tete,a,,,4.5,399,,0.1,418,,0.0,,,0,0,,0,,230,501,0.0,3.3,-0.5,-0.2,,,,100.0,50.0,,,,,,,,,,,,,,,,,,,,,,,,,8,0,0,0,0,0,0,0,0,0,0,0,0,0,0,0,273,3454,0.0,0.0,0.0,0.0,0.0,0.0,0.0,0.0,0.0,0,0,0,0
323,Samuel,Amissah,Amissah,a,,,3.9,740,,0.1,405,,0.0,,,0,0,,-1,,141,316,0.0,0.0,-0.5,-0.5,,,,0.0,0.0,,,,,,,,,,,,,,,,,,,,,,,,,8,0,0,0,0,0,0,0,0,0,0,0,0,0,0,0,372,823,0.0,0.0,0.0,0.0,0.0,0.0,0.0,0.0,0.0,0,0,0,0
324,Alex,Iwobi,Iwobi,a,,,6.5,53,,1.5,151,,2.7,,,4,0,,0,,5502,8221,0.4,5.2,2.2,2.2,,,,0.0,0.0,,,,,,,,,,,,,,,,,,,,,,,,,8,4,90,0,0,0,1,0,0,0,0,0,0,1,0,22,10914,31297,0.0,0.0,0.10999999999999988,0.1100000000000001,1.8699999999999992,25.19999999999999,47.0,6.0,7.799999999999997,4,5,3,12
325,Emile,Smith Rowe,Smith Rowe,a,,,5.7,122,,0.5,242,,1.0,,,1,0,,-3,,579,2394,0.2,2.3,0.5,0.5,,,,0.0,0.0,,,,,,,,,,,,,,,,,,,,,,,,,8,1,26,0,0,0,0,0,0,0,0,0,0,0,0,2,1436,8468,0.0,0.0,0.0,0.0,0.7299999999999998,1.0,2.5,0.0,0.40000000000000036,0,0,1,1
326,Adama,Traoré Diarra,Adama,a,,,5.2,221,,0.2,385,,1.3,,,1,0,,-3,,382,552,0.2,1.3,0.8,0.8,,,,0.0,0.0,,,,,,,,,,,,,,,,,,,,,,,,,8,1,8,0,0,0,0,0,0,0,0,0,0,0,0,3,766,1789,0.0,0.04,0.010000000000000009,0.04999999999999993,0.5700000000000003,1.1999999999999993,1.8000000000000043,7.0,1.0,0,0,1,1
327,Andreas,Hoelgebaum Pereira,Andreas,u,has joined Palmeiras permanently.,,5.3,200,,0.1,511,,0.0,,,0,0,,-2,,0,190,0.0,0.0,0.0,0.0,,,,0.0,0.0,,,,,,,,,,,,,,,,,,,,,,,,,8,0,0,0,0,0,0,0,0,0,0,0,0,0,0,0,0,828,0.0,0.0,0.0,0.0,0.0,0.0,0.0,0.0,0.0,0,0,0,0
328,Ryan,Sessegnon,Sessegnon,a,,,5.4,168,,0.1,483,,4.3,,,2,0,,-1,,1891,718,0.8,4.6,3.8,3.8,,,,100.0,100.0,,,,,,,,,,,,,,,,,,,,,,,,,8,2,90,0,0,0,1,0,0,0,0,0,0,1,0,4,4773,1495,0.0,0.0,0.0,0.0,1.87,1.4000000000000057,0.6999999999999957,3.0,0.5,1,2,4,7
329,Harry,Wilson,Wilson,a,,,5.3,199,,0.4,277,,2.0,,,2,0,,-2,,2020,1750,0.4,4.3,1.5,1.5,,,,100.0,100.0,,,,,,,,,,,,,,,,,,,,,,,,,8,2,81,0,0,0,1,0,0,0,0,0,0,1,0,7,3869,6905,0.0,0.22999999999999998,0.040000000000000036,0.27,1.3000000000000007,8.599999999999994,21.400000000000006,13.0,4.300000000000001,1,5,2,8
330,Sander,Berge,Berge,a,,,4.9,309,,0.1,526,,2.0,,,2,0,,-1,,210,178,0.4,3.7,1.5,1.5,,,,0.0,0.0,,,,,,,,,,,,,,,,,,,,,,,,,8,2,90,0,0,0,1,0,0,0,0,0,0,1,0,13,544,604,0.0,0.0,0.019999999999999962,0.019999999999999907,1.8699999999999992,8.799999999999997,11.200000000000003,0.0,2.0,1,1,3,5
331,Tom,Cairney,Cairney,d,Back injury - 75% chance of playing,,4.9,292,,0.0,626,,1.3,,,2,0,,-1,,14,125,0.3,1.2,0.6,0.8,,,,75.0,0.0,,,,,,,,,,,,,,,,,,,,,,,,,8,2,63,0,0,0,1,0,0,0,0,0,0,1,0,8,81,272,0.0,0.09000000000000002,0.0,0.08999999999999997,1.14,1.6,0.3000000000000007,4.0,0.5999999999999996,1,1,3,5
332,Saša,Lukić,Lukić,i,Groin Injury - Expected back 01 Nov,,5.0,258,,0.1,536,,1.7,,,0,0,,0,,21,606,0.3,3.6,0.0,0.0,,,,0.0,0.0,,,,,,,,,,,,,,,,,,,,,,,,,8,0,0,0,0,0,0,0,0,0,0,0,0,0,0,0,87,2082,0.0,0.0,0.0,0.0,0.0,0.0,0.0,0.0,0.0,0,0,0,0
333,Martial,Godo,Godo,u,has joined Strasbourg permanently.,,4.5,464,,0.0,618,,0.0,,,0,0,,0,,0,89,0.0,0.0,0.0,0.0,,,,0.0,0.0,,,,,,,,,,,,,,,,,,,,,,,,,8,0,0,0,0,0,0,0,0,0,0,0,0,0,0,0,0,293,0.0,0.0,0.0,0.0,0.0,0.0,0.0,0.0,0.0,0,0,0,0
334,Luke,Harris,Harris,u,Has joined Oxford United on loan for the rest of the season.,,4.5,444,,0.0,738,,0.0,,,0,0,,0,,0,0,0.0,0.0,0.0,0.0,,,,0.0,0.0,,,,,,,,,,,,,,,,,,,,,,,,,8,0,0,0,0,0,0,0,0,0,0,0,0,0,0,0,0,4,0.0,0.0,0.0,0.0,0.0,0.0,0.0,0.0,0.0,0,0,0,0
335,Josh,King,King,a,,,4.5,471,,4.0,86,,2.0,,,2,0,,0,,19778,17568,0.4,3.1,1.5,1.5,,,,0.0,0.0,,,,,,,,,,,,,,,,,,,,,,,,,8,2,62,0,0,0,1,0,0,0,0,0,0,1,0,7,63828,58653,0.0,0.030000000000000027,0.009999999999999953,0.040000000000000036,1.1399999999999997,6.0,0.5,2.0,0.8999999999999986,2,1,2,5
336,Harrison,Reed,Reed,a,,,4.4,504,,0.3,329,,0.0,,,0,0,,-1,,399,1079,0.0,0.0,-0.5,-0.5,,,,0.0,0.0,,,,,,,,,,,,,,,,,,,,,,,,,8,0,0,0,0,0,0,0,0,0,0,0,0,0,0,0,1444,3317,0.0,0.0,0.0,0.0,0.0,0.0,0.0,0.0,0.0,0,0,0,0
337,Raúl,Jiménez Rodríguez,Raúl,a,,,6.2,79,,0.8,194,,2.7,,,2,0,,-3,,2772,3157,0.4,2.3,2.2,1.1,,,,100.0,50.0,,,,,,,,,,,,,,,,,,,,,,,,,8,2,90,0,0,0,1,0,0,0,0,0,0,1,0,9,3190,15269,0.0,0.04999999999999999,0.02,0.07,1.87,2.5999999999999943,1.0999999999999996,7.0,1.0999999999999996,3,0,3,6
338,Rodrigo,Muniz Carvalho,Muniz,i,Hamstring injury - Expected back 01 Nov,,5.4,177,,1.2,164,,0.0,,,0,0,,-1,,201,14926,0.0,2.8,0.0,0.0,,,,0.0,0.0,,,,,,,,,,,,,,,,,,,,,,,,,8,0,0,0,0,0,0,0,0,0,0,0,0,0,0,0,459,57651,0.0,0.0,0.0,0.0,0.0,0.0,0.0,0.0,0.0,0,0,0,0
664,Benjamin,Lecomte,Lecomte,a,,,4.0,620,,0.7,210,,0.0,,,0,0,,0,,157,919,0.0,0.0,-0.5,-0.5,,,,0.0,0.0,,,,,,,,,,,,,,,,,,,,,,,,,8,0,0,0,0,0,0,0,0,0,0,0,0,0,0,0,356,2518,0.0,0.0,0.0,0.0,0.0,0.0,0.0,0.0,0.0,0,0,0,0
727,Samuel,Chukwueze,Chukwueze,d,Calf injury - 25% chance of playing,,5.4,174,,0.0,652,,1.7,,,0,0,,-1,,12,312,0.3,0.9,0.3,0.3,,,,25.0,25.0,,,,,,,,,,,,,,,,,,,,,,,,,8,0,0,0,0,0,0,0,0,0,0,0,0,0,0,0,293,727,0.0,0.0,0.0,0.0,0.0,0.0,0.0,0.0,0.0,0,0,0,0
731,Kevin,Santos Lopes de Macedo,Kevin,a,,,6.0,91,,0.1,533,,1.0,,,1,0,,0,,353,796,0.2,0.7,0.5,0.5,,,,100.0,100.0,,,,,,,,,,,,,,,,,,,,,,,,,8,1,27,0,0,0,0,0,0,0,0,0,0,0,0,9,716,2843,0.0,0.0,0.020000000000000004,0.01999999999999999,0.7300000000000001,11.399999999999999,14.7,0.0,2.5999999999999996,3,1,1,5
737,Jonah,Kusi-Asare,Kusi-Asare,a,,,4.5,487,,0.1,550,,0.0,,,0,0,,0,,464,535,0.0,0.0,-0.5,-0.5,,,,0.0,0.0,,,,,,,,,,,,,,,,,,,,,,,,,8,0,0,0,0,0,0,0,0,0,0,0,0,0,0,0,1394,1201,0.0,0.0,0.0,0.0,0.0,0.0,0.0,0.0,0.0,0,0,0,0
339,Illan,Meslier,Meslier,a,,,4.3,596,,0.4,258,,0.0,,,0,0,,-2,,221,1264,0.0,0.0,-0.5,0.0,,,,0.0,0.0,,,,,,,,,,,,,,,,,,,,,,,,,8,0,0,0,0,0,0,0,0,0,0,0,0,0,0,0,708,3465,0.0,0.0,0.0,0.0,0.0,0.0,0.0,0.0,0.0,0,0,0,0
340,Alex,Cairns,Cairns,a,,,4.0,621,,0.2,379,,0.0,,,0,0,,0,,68,329,0.0,0.0,-0.5,0.0,,,,0.0,0.0,,,,,,,,,,,,,,,,,,,,,,,,,8,0,0,0,0,0,0,0,0,0,0,0,0,0,0,0,258,1051,0.0,0.0,0.0,0.0,0.0,0.0,0.0,0.0,0.0,0,0,0,0
341,Karl,Darlow,Darlow,a,,,4.0,614,,2.5,116,,1.3,,,1,0,,0,,3471,5622,0.3,2.5,0.8,1.3,,,,0.0,0.0,,,,,,,,,,,,,,,,,,,,,,,,,8,1,90,0,0,0,2,0,0,0,0,0,1,1,0,1,13063,16378,0.0,0.0,0.0,0.0,0.44999999999999973,6.400000000000006,0.0,0.0,0.5999999999999996,0,0,5,5
342,Jayden,Bogle,Bogle,a,,,4.5,411,,0.2,345,,2.3,,,1,0,,0,,579,1162,0.5,5.3,1.8,2.3,,,,100.0,100.0,,,,,,,,,,,,,,,,,,,,,,,,,8,1,90,0,0,0,2,0,0,0,0,0,0,1,0,0,4170,2297,0.0,0.47,0.12,0.5900000000000001,0.4500000000000002,3.799999999999997,7.899999999999999,18.0,3.0,0,2,4,6
343,Pascal,Struijk,Struijk,a,,,4.5,409,,0.4,275,,1.3,,,0,0,,0,,459,2594,0.3,5.3,0.8,1.3,,,,0.0,0.0,,,,,,,,,,,,,,,,,,,,,,,,,8,0,90,0,0,0,2,0,0,0,1,0,0,1,0,5,4622,5846,0.0,0.17000000000000004,0.020000000000000004,0.19000000000000006,0.4500000000000002,20.0,4.199999999999999,12.0,3.599999999999998,2,4,1,7
344,Jaka,Bijol,Bijol,a,,,3.9,711,,0.1,435,,0.0,,,0,0,,-1,,184,504,0.0,0.0,-0.5,0.0,,,,100.0,100.0,,,,,,,,,,,,,,,,,,,,,,,,,8,0,0,0,0,0,0,0,0,0,0,0,0,0,0,0,697,1882,0.0,0.0,0.0,0.0,0.0,0.0,0.0,0.0,0.0,0,0,0,0
345,Sebastiaan,Bornauw,Bornauw,a,Knee injury - 75% chance of playing,,3.9,713,,0.1,508,,0.0,,,0,0,,-1,,65,241,0.0,0.0,-0.5,0.0,,,,100.0,100.0,,,,,,,,,,,,,,,,,,,,,,,,,8,0,0,0,0,0,0,0,0,0,0,0,0,0,0,0,258,873,0.0,0.0,0.0,0.0,0.0,0.0,0.0,0.0,0.0,0,0,0,0
346,Sam,Byram,Byram,a,,,3.9,702,,0.3,328,,0.0,,,0,0,,-1,,198,975,0.0,0.3,-0.5,0.0,,,,0.0,0.0,,,,,,,,,,,,,,,,,,,,,,,,,8,0,0,0,0,0,0,0,0,0,0,0,0,0,0,0,869,2726,0.0,0.0,0.0,0.0,0.0,0.0,0.0,0.0,0.0,0,0,0,0
347,Gabriel,Gudmundsson,Gudmundsson,a,,,4.0,641,,5.4,70,,1.0,,,1,0,,0,,3976,20028,0.2,6.0,0.5,1.0,,,,100.0,100.0,,,,,,,,,,,,,,,,,,,,,,,,,8,1,90,0,0,0,2,0,0,0,0,0,0,1,0,23,27037,47032,0.0,0.0,0.56,0.56,0.4500000000000002,32.0,68.7,6.0,10.700000000000003,2,2,4,8
348,Joe,Rodon,Rodon,a,,,4.1,611,,5.7,67,,3.0,,,1,0,,1,,8721,19057,0.7,7.6,2.5,3.0,,,,100.0,100.0,,,,,,,,,,,,,,,,,,,,,,,,,8,1,90,0,0,0,2,0,0,0,0,0,0,1,0,9,97714,45039,0.0,0.010000000000000009,0.04000000000000001,0.04999999999999999,0.4500000000000002,24.0,13.700000000000001,21.0,5.899999999999999,1,4,4,9
349,Isaac,Schmidt,Schmidt,u,has joined Werder Bremen on loan for the rest of the season.,,4.0,669,,0.1,491,,0.0,,,0,0,,0,,0,212,0.0,0.0,0.0,0.0,,,,0.0,0.0,,,,,,,,,,,,,,,,,,,,,,,,,8,0,0,0,0,0,0,0,0,0,0,0,0,0,0,0,0,775,0.0,0.0,0.0,0.0,0.0,0.0,0.0,0.0,0.0,0,0,0,0
350,Brenden,Aaronson,Aaronson,a,,,5.4,178,,0.1,495,,3.7,,,2,0,,-1,,535,699,0.7,3.9,3.2,3.7,,,,0.0,0.0,,,,,,,,,,,,,,,,,,,,,,,,,8,2,65,0,0,0,1,0,0,0,0,0,0,1,0,9,3754,1554,0.0,0.31000000000000005,0.19000000000000006,0.5,0.4300000000000006,16.599999999999994,31.299999999999997,27.0,7.5,1,3,3,7
351,Wilfried,Gnonto,Gnonto,d,Calf injury - 50% chance of playing,,5.2,227,,0.1,474,,0.0,,,0,0,,-3,,6,486,0.0,1.2,-0.2,0.0,,,,50.0,0.0,,,,,,,,,,,,,,,,,,,,,,,,,8,0,0,0,0,0,0,0,0,0,0,0,0,0,0,0,82,1711,0.0,0.0,0.0,0.0,0.0,0.0,0.0,0.0,0.0,0,0,0,0
352,Jack,Harrison,Harrison,a,,,5.2,223,,0.1,527,,1.3,,,2,0,,-3,,187,274,0.2,1.5,0.8,1.3,,,,0.0,0.0,,,,,,,,,,,,,,,,,,,,,,,,,8,2,65,0,0,0,1,0,0,0,0,0,0,1,0,12,883,879,0.0,0.13,0.09000000000000001,0.22000000000000003,0.43000000000000016,3.1999999999999993,17.3,7.0,2.8,1,2,4,7
353,Daniel,James,James,a,,,5.3,203,,0.1,419,,0.3,,,1,0,,-2,,231,362,0.1,1.5,-0.2,0.2,,,,100.0,75.0,,,,,,,,,,,,,,,,,,,,,,,,,8,1,24,0,0,0,1,0,0,0,0,0,0,0,0,7,300,2415,0.0,0.0,0.19999999999999998,0.20000000000000007,0.029999999999999805,10.2,28.6,8.0,4.7,1,0,0,1
354,Ethan,Ampadu,Ampadu,a,,,4.9,305,,0.1,515,,2.0,,,2,0,,-1,,272,353,0.4,3.5,1.5,2.0,,,,100.0,100.0,,,,,,,,,,,,,,,,,,,,,,,,,8,2,80,0,0,0,2,0,0,0,0,0,0,1,0,19,1171,1041,0.0,0.12000000000000001,0.05000000000000002,0.16999999999999998,0.4500000000000002,17.599999999999994,11.0,4.0,3.299999999999999,5,2,4,11
355,Sam,Greenwood,Greenwood,u,has joined Pogon Szczecin permanently.,,4.9,321,,0.0,596,,0.0,,,0,0,,-1,,0,86,0.0,0.0,0.0,0.0,,,,0.0,0.0,,,,,,,,,,,,,,,,,,,,,,,,,8,0,0,0,0,0,0,0,0,0,0,0,0,0,0,0,0,317,0.0,0.0,0.0,0.0,0.0,0.0,0.0,0.0,0.0,0,0,0,0
356,Ilia,Gruev,Gruev,a,,,4.8,373,,0.0,605,,0.0,,,0,-1,,-2,,37,141,0.0,1.5,-0.5,0.0,,,,0.0,0.0,,,,,,,,,,,,,,,,,,,,,,,,,8,0,0,0,0,0,0,0,0,0,0,0,0,0,0,0,91,391,0.0,0.0,0.0,0.0,0.0,0.0,0.0,0.0,0.0,0,0,0,0
357,Largie,Ramazani,Ramazani,u,has joined Valencia on loan for the rest of the season.,,4.9,327,,0.0,668,,0.0,,,0,0,,-1,,0,32,0.0,0.0,0.0,0.0,,,,0.0,0.0,,,,,,,,,,,,,,,,,,,,,,,,,8,0,0,0,0,0,0,0,0,0,0,0,0,0,0,0,0,126,0.0,0.0,0.0,0.0,0.0,0.0,0.0,0.0,0.0,0,0,0,0
358,Tanaka,Ao,Tanaka,a,,,4.8,370,,0.1,440,,1.0,,,1,0,,-2,,239,416,0.2,1.7,0.5,1.0,,,,100.0,100.0,,,,,,,,,,,,,,,,,,,,,,,,,8,1,9,0,0,0,0,0,0,0,0,0,0,0,0,5,604,1264,0.0,0.0,0.039999999999999994,0.03999999999999998,0.0,6.0,14.399999999999999,0.0,2.0,0,0,1,1
359,Charlie,Crew,Crew,u,Has joined Doncaster Rovers on loan for the rest of the season.,,4.5,449,,0.0,725,,0.0,,,0,0,,0,,0,12,0.0,0.0,0.0,0.0,,,,0.0,0.0,,,,,,,,,,,,,,,,,,,,,,,,,8,0,0,0,0,0,0,0,0,0,0,0,0,0,0,0,0,34,0.0,0.0,0.0,0.0,0.0,0.0,0.0,0.0,0.0,0,0,0,0
360,Joe,Gelhardt,Gelhardt,u,Has joined Hull City on loan for the rest of the season.,,4.5,431,,0.0,697,,0.0,,,0,0,,0,,0,32,0.0,0.0,0.0,0.0,,,,0.0,0.0,,,,,,,,,,,,,,,,,,,,,,,,,8,0,0,0,0,0,0,0,0,0,0,0,0,0,0,0,0,92,0.0,0.0,0.0,0.0,0.0,0.0,0.0,0.0,0.0,0,0,0,0
361,Darko,Gyabi,Gyabi,u,has joined Hull City permanently.,,4.5,432,,0.0,611,,0.0,,,0,0,,0,,0,80,0.0,0.0,0.0,0.0,,,,0.0,0.0,,,,,,,,,,,,,,,,,,,,,,,,,8,0,0,0,0,0,0,0,0,0,0,0,0,0,0,0,0,354,0.0,0.0,0.0,0.0,0.0,0.0,0.0,0.0,0.0,0,0,0,0
362,Joël,Piroe,Piroe,a,,,5.1,239,,0.5,249,,0.7,,,1,0,,-4,,1000,2682,0.1,1.0,0.2,0.7,,,,100.0,100.0,,,,,,,,,,,,,,,,,,,,,,,,,8,1,17,0,0,0,0,0,0,0,0,0,0,0,0,0,2760,8514,0.0,0.18,0.009999999999999995,0.18999999999999995,0.0,0.0,1.3000000000000007,14.0,1.1999999999999993,0,1,1,2
363,Patrick,Bamford,Bamford,u,has departed the club as a free agent.,,4.9,294,,0.5,250,,0.0,,,0,0,,-1,,0,2025,0.0,0.0,0.0,0.0,,,,0.0,0.0,,,,,,,,,,,,,,,,,,,,,,,,,8,0,0,0,0,0,0,0,0,0,0,0,0,0,0,0,0,6276,0.0,0.0,0.0,0.0,0.0,0.0,0.0,0.0,0.0,0,0,0,0
364,Mateo,Joseph Fernández-Regatillo,Mateo Joseph,u,Has joined RCD Mallorca on loan for the rest of the season.,,5.0,287,,0.0,689,,0.0,,,0,0,,0,,0,15,0.0,0.0,0.0,0.0,,,,0.0,0.0,,,,,,,,,,,,,,,,,,,,,,,,,8,0,0,0,0,0,0,0,0,0,0,0,0,0,0,0,0,45,0.0,0.0,0.0,0.0,0.0,0.0,0.0,0.0,0.0,0,0,0,0
365,Lukas,Nmecha,Nmecha,a,,,5.0,252,,0.7,200,,1.0,,,1,0,,0,,2563,5743,0.2,2.6,0.5,1.0,,,,100.0,100.0,,,,,,,,,,,,,,,,,,,,,,,,,8,1,24,0,0,0,1,0,0,0,0,0,0,0,0,1,10090,13644,0.0,0.75,0.020000000000000004,0.77,0.029999999999999805,1.1999999999999957,1.3000000000000007,30.0,3.3000000000000007,0,0,0,0
493,Sean,Longstaff,Longstaff,a,,,4.9,304,,0.9,186,,6.3,,,2,0,,-1,,15074,5563,1.3,6.1,5.8,6.3,,,,0.0,0.0,,,,,,,,,,,,,,,,,,,,,,,,,8,2,90,0,0,0,2,0,0,0,0,0,0,1,0,21,53020,13479,0.0,0.0,0.15000000000000002,0.15000000000000002,0.4500000000000002,19.0,67.80000000000001,2.0,8.899999999999999,0,2,2,4
660,Anton,Stach,Stach,a,,,5.1,241,,3.3,99,,2.0,,,2,1,,1,,9939,16872,0.4,6.9,1.5,2.0,,,,0.0,0.0,,,,,,,,,,,,,,,,,,,,,,,,,8,2,72,0,0,0,2,0,0,0,0,0,0,1,0,9,60055,48889,0.0,0.15000000000000002,0.040000000000000036,0.18999999999999995,0.4499999999999993,2.5999999999999943,5.800000000000011,11.0,1.8999999999999986,0,1,2,3
665,Lucas Estella,Perri,Perri,a,,,4.5,405,,0.2,334,,0.0,,,0,0,,0,,336,589,0.0,2.7,-0.5,0.0,,,,100.0,75.0,,,,,,,,,,,,,,,,,,,,,,,,,8,0,0,0,0,0,0,0,0,0,0,0,0,0,0,0,794,2316,0.0,0.0,0.0,0.0,0.0,0.0,0.0,0.0,0.0,0,0,0,0
691,Dominic,Calvert-Lewin,Calvert-Lewin,a,,,5.5,141,,1.7,143,,2.0,,,2,0,,0,,13532,19418,0.4,3.6,1.5,2.0,,,,100.0,100.0,,,,,,,,,,,,,,,,,,,,,,,,,8,2,90,0,0,0,2,0,0,0,0,0,0,1,0,5,103548,42098,0.0,0.32999999999999985,0.010000000000000009,0.33999999999999986,0.4500000000000002,0.0,11.299999999999997,21.0,2.8000000000000007,0,1,2,3
698,Noah,Okafor,Okafor,d,Thigh injury - 75% chance of playing,,5.5,146,,0.2,360,,3.3,,,0,0,,0,,681,4329,0.6,3.8,2.1,2.5,,,,75.0,75.0,,,,,,,,,,,,,,,,,,,,,,,,,8,0,0,0,0,0,0,0,0,0,0,0,0,0,0,0,16583,10225,0.0,0.0,0.0,0.0,0.0,0.0,0.0,0.0,0.0,0,0,0,0
706,James,Justin,Justin,a,,,4.0,633,,0.2,338,,0.3,,,0,0,,0,,248,823,0.1,0.8,-0.2,0.3,,,,0.0,0.0,,,,,,,,,,,,,,,,,,,,,,,,,8,0,0,0,0,0,0,0,0,0,0,0,0,0,0,0,1051,1933,0.0,0.0,0.0,0.0,0.0,0.0,0.0,0.0,0.0,0,0,0,0
741,Harry,Gray,Gray,d,Hip injury - 50% chance of playing,,4.5,476,,0.0,576,,0.0,,,0,0,,0,,89,656,0.0,0.0,-0.2,0.0,,,,50.0,0.0,,,,,,,,,,,,,,,,,,,,,,,,,8,0,0,0,0,0,0,0,0,0,0,0,0,0,0,0,302,2072,0.0,0.0,0.0,0.0,0.0,0.0,0.0,0.0,0.0,0,0,0,0
366,Alisson,Becker,A.Becker,i,Muscle injury - Unknown return date,,5.4,161,,6.7,59,,0.7,,,0,0,,-1,,184,51566,0.1,3.7,0.0,0.0,,,,0.0,0.0,,,,,,,,,,,,,,,,,,,,,,,,,8,0,0,0,0,0,0,0,0,0,0,0,0,0,0,0,473,186654,0.0,0.0,0.0,0.0,0.0,0.0,0.0,0.0,0.0,0,0,0,0
367,Giorgi,Mamardashvili,Mamardashvili,a,,,4.3,598,,0.9,190,,1.0,,,1,0,,-2,,6848,3040,0.2,0.7,2.0,2.0,,,,0.0,0.0,,,,,,,,,,,,,,,,,,,,,,,,,8,1,90,0,0,0,2,0,0,0,0,0,2,1,0,9,29030,10438,0.0,0.0,0.0,0.0,1.3399999999999999,14.8,0.0,0.0,1.4999999999999996,0,1,9,10
368,Ármin,Pécsi,Pécsi,a,,,3.9,738,,0.4,263,,0.0,,,0,0,,-1,,866,1012,0.0,0.0,1.0,1.0,,,,0.0,0.0,,,,,,,,,,,,,,,,,,,,,,,,,8,0,0,0,0,0,0,0,0,0,0,0,0,0,0,0,6065,3146,0.0,0.0,0.0,0.0,0.0,0.0,0.0,0.0,0.0,0,0,0,0
369,Freddie,Woodman,Woodman,a,,,3.9,703,,0.2,362,,0.0,,,0,0,,-1,,1269,629,0.0,0.0,1.0,1.0,,,,0.0,0.0,,,,,,,,,,,,,,,,,,,,,,,,,8,0,0,0,0,0,0,0,0,0,0,0,0,0,0,0,4868,1662,0.0,0.0,0.0,0.0,0.0,0.0,0.0,0.0,0.0,0,0,0,0
370,Jeremie,Frimpong,Frimpong,a,Hamstring injury - Unknown return date,,5.8,112,,6.7,60,,0.7,,,1,0,,-2,,2975,30234,0.1,1.2,1.7,1.7,,,,100.0,100.0,,,,,,,,,,,,,,,,,,,,,,,,,8,1,5,0,0,0,0,0,0,0,0,0,0,0,0,8,8320,93050,0.0,0.0,0.31000000000000005,0.31,0.42999999999999994,4.999999999999998,14.100000000000001,4.0,2.3,0,0,0,0
371,Milos,Kerkez,Kerkez,a,,,5.8,118,,4.0,87,,1.0,,,1,0,,-2,,2383,20775,0.2,2.4,2.0,2.0,,,,0.0,0.0,,,,,,,,,,,,,,,,,,,,,,,,,8,1,90,0,0,0,2,0,0,0,0,0,0,1,0,11,6192,59852,0.0,0.0,0.030000000000000013,0.03,1.3399999999999999,11.0,18.4,6.0,3.5,1,4,2,7
372,Andrew,Robertson,Robertson,a,,,5.8,111,,1.0,179,,0.3,,,0,0,,-2,,396,2433,0.1,0.3,1.3,1.3,,,,0.0,0.0,,,,,,,,,,,,,,,,,,,,,,,,,8,0,0,0,0,0,0,0,0,0,0,0,0,0,0,0,1217,6351,0.0,0.0,0.0,0.0,0.0,0.0,0.0,0.0,0.0,0,0,0,0
373,Virgil,van Dijk,Virgil,a,,,6.0,85,,26.4,13,,2.0,,,3,-1,,0,,16075,102125,0.3,5.3,3.0,3.0,,,,0.0,0.0,,,,,,,,,,,,,,,,,,,,,,,,,8,3,90,0,0,0,2,0,0,0,0,0,0,1,0,11,46050,284563,0.0,0.22999999999999998,0.020000000000000018,0.25000000000000006,1.3400000000000007,36.39999999999998,3.0,23.0,6.200000000000003,1,14,2,17
374,Ibrahima,Konaté,Konaté,a,,,5.4,170,,2.8,109,,2.3,,,3,-1,,-1,,4115,14686,0.4,5.0,3.3,2.5,,,,100.0,75.0,,,,,,,,,,,,,,,,,,,,,,,,,8,3,90,0,0,0,2,0,0,0,0,0,0,1,0,11,5226,74551,0.0,0.010000000000000009,0.19,0.20000000000000007,1.3399999999999999,32.79999999999998,14.5,7.0,5.399999999999999,2,9,4,15
375,Conor,Bradley,Bradley,a,,,5.0,277,,0.2,392,,1.0,,,2,0,,0,,1003,720,0.2,1.0,2.0,2.0,,,,100.0,100.0,,,,,,,,,,,,,,,,,,,,,,,,,8,2,61,0,0,0,1,0,0,0,0,0,0,1,0,7,2058,2007,0.0,0.0,0.03,0.03,0.7000000000000002,8.2,16.1,4.0,2.8000000000000007,1,1,1,3
376,Joe,Gomez,Gomez,a,,,4.9,303,,0.1,410,,0.0,,,0,0,,-1,,223,455,0.0,0.4,1.0,1.0,,,,100.0,100.0,,,,,,,,,,,,,,,,,,,,,,,,,8,0,0,0,0,0,0,0,0,0,0,0,0,0,0,0,618,1069,0.0,0.0,0.0,0.0,0.0,0.0,0.0,0.0,0.0,0,0,0,0
377,Konstantinos,Tsimikas,Tsimikas,u,has joined AS Roma on loan for the rest of the season.,,4.8,363,,0.1,545,,0.0,,,0,0,,-2,,0,205,0.0,0.0,0.0,0.0,,,,0.0,0.0,,,,,,,,,,,,,,,,,,,,,,,,,8,0,0,0,0,0,0,0,0,0,0,0,0,0,0,0,0,632,0.0,0.0,0.0,0.0,0.0,0.0,0.0,0.0,0.0,0,0,0,0
378,Amara,Nallo,Nallo,a,,,3.9,744,,0.1,406,,0.0,,,0,0,,-1,,57,380,0.0,0.0,1.0,1.0,,,,0.0,0.0,,,,,,,,,,,,,,,,,,,,,,,,,8,0,0,0,0,0,0,0,0,0,0,0,0,0,0,0,175,934,0.0,0.0,0.0,0.0,0.0,0.0,0.0,0.0,0.0,0,0,0,0
379,Rhys,Williams,R.Williams,a,,,3.9,707,,0.2,366,,0.0,,,0,0,,-1,,110,498,0.0,0.0,1.0,1.0,,,,0.0,0.0,,,,,,,,,,,,,,,,,,,,,,,,,8,0,0,0,0,0,0,0,0,0,0,0,0,0,0,0,417,1283,0.0,0.0,0.0,0.0,0.0,0.0,0.0,0.0,0.0,0,0,0,0
380,Calvin,Ramsay,Ramsay,a,,,3.9,719,,0.2,354,,0.0,,,0,0,,-1,,137,540,0.0,0.0,1.0,1.0,,,,0.0,0.0,,,,,,,,,,,,,,,,,,,,,,,,,8,0,0,0,0,0,0,0,0,0,0,0,0,0,0,0,436,1422,0.0,0.0,0.0,0.0,0.0,0.0,0.0,0.0,0.0,0,0,0,0
381,Mohamed,Salah,M.Salah,a,,,14.3,2,,32.2,7,,2.0,,,2,-1,,-2,,7725,445692,0.1,2.5,3.0,3.0,,,,0.0,0.0,,,,,,,,,,,,,,,,,,,,,,,,,8,2,84,0,0,0,2,0,0,0,0,0,0,1,0,10,38240,960575,0.0,0.4099999999999999,0.1399999999999999,0.5499999999999998,0.9099999999999993,9.400000000000006,50.29999999999998,42.0,10.199999999999996,0,0,1,1
382,Florian,Wirtz,Wirtz,a,,,8.1,14,,8.1,49,,1.3,,,1,0,,-4,,6386,43760,0.2,1.7,2.3,2.3,,,,0.0,0.0,,,,,,,,,,,,,,,,,,,,,,,,,8,1,28,0,0,0,1,0,0,0,0,0,0,0,0,6,19694,163307,0.0,0.0,0.09999999999999998,0.09999999999999987,0.6400000000000006,9.200000000000003,33.0,12.0,5.399999999999999,1,0,2,3
383,Luis,Díaz Marulanda,Luis Díaz,u,Has joined Bayern Munch permanently.,,8.0,15,,0.0,573,,0.0,,,0,0,,0,,0,30,0.0,0.0,0.0,0.0,,,,0.0,0.0,,,,,,,,,,,,,,,,,,,,,,,,,8,0,0,0,0,0,0,0,0,0,0,0,0,0,0,0,0,89,0.0,0.0,0.0,0.0,0.0,0.0,0.0,0.0,0.0,0,0,0,0
384,Cody,Gakpo,Gakpo,a,,,7.5,23,,13.2,30,,5.0,,,7,0,,0,,162879,25598,0.7,5.3,6.0,6.0,,,,0.0,0.0,,,,,,,,,,,,,,,,,,,,,,,,,8,7,90,1,0,0,2,0,0,0,0,0,0,1,0,20,273557,124036,0.0,1.47,0.08999999999999986,1.56,1.3399999999999999,31.400000000000006,45.10000000000002,62.0,13.899999999999999,0,0,2,2
385,Federico,Chiesa,Chiesa,a,,,6.4,63,,0.3,291,,3.0,,,4,0,,-1,,2770,1342,0.5,2.8,4.0,4.0,,,,100.0,100.0,,,,,,,,,,,,,,,,,,,,,,,,,8,4,18,0,1,0,1,0,0,0,0,0,0,0,0,17,4388,3967,0.0,0.06999999999999995,0.03,0.09999999999999998,0.5900000000000001,24.60000000000001,11.1,8.0,4.4,2,1,0,3
386,Alexis,Mac Allister,Mac Allister,a,,,6.3,72,,1.3,160,,2.0,,,2,0,,-2,,3065,4725,0.3,2.7,3.0,3.0,,,,100.0,100.0,,,,,,,,,,,,,,,,,,,,,,,,,8,2,61,0,0,0,1,0,0,0,0,0,0,1,0,5,7780,12519,0.0,0.09000000000000002,0.020000000000000018,0.10999999999999993,0.7000000000000002,2.3999999999999986,2.0,11.0,1.5000000000000018,0,0,1,1
387,Dominik,Szoboszlai,Szoboszlai,a,,,6.5,56,,3.7,94,,3.3,,,4,0,,0,,15398,17185,0.5,4.8,4.3,4.3,,,,0.0,0.0,,,,,,,,,,,,,,,,,,,,,,,,,8,4,90,0,0,0,2,0,0,0,0,0,0,1,0,20,39478,56510,0.0,0.0,0.10999999999999999,0.1100000000000001,1.3400000000000007,23.599999999999994,45.099999999999994,0.0,6.899999999999999,2,3,7,12
388,Curtis,Jones,C.Jones,a,,,5.4,172,,0.1,499,,1.0,,,1,0,,-1,,477,330,0.2,2.0,2.0,2.0,,,,100.0,100.0,,,,,,,,,,,,,,,,,,,,,,,,,8,1,28,0,0,0,1,0,0,0,0,0,0,0,0,7,898,848,0.0,0.07000000000000003,0.51,0.58,0.6400000000000001,6.399999999999999,6.200000000000003,19.0,3.1999999999999993,0,1,4,5
390,Ryan,Gravenberch,Gravenberch,d,Ankle injury - 75% chance of playing,,5.7,125,,6.0,63,,4.0,,,2,0,,2,,30634,87596,0.7,6.8,3.8,5.0,,,,75.0,100.0,,,,,,,,,,,,,,,,,,,,,,,,,8,2,61,0,0,0,1,0,0,0,0,0,0,1,0,12,148307,137440,0.0,0.0,0.020000000000000018,0.020000000000000018,0.7000000000000002,8.599999999999994,5.799999999999997,0.0,1.3999999999999986,3,1,0,4
392,Endo,Wataru,Endo,a,,,4.9,300,,0.1,479,,0.3,,,0,0,,-1,,44,571,0.1,1.2,1.3,0.3,,,,100.0,25.0,,,,,,,,,,,,,,,,,,,,,,,,,8,0,0,0,0,0,0,0,0,0,0,0,0,0,0,0,222,1392,0.0,0.0,0.0,0.0,0.0,0.0,0.0,0.0,0.0,0,0,0,0
393,Stefan,Bajčetić Maquieira,Bajcetic,i,Hamstring injury - Unknown return date,,4.4,559,,0.0,595,,0.0,,,0,0,,-1,,25,155,0.0,0.0,0.0,0.0,,,,0.0,0.0,,,,,,,,,,,,,,,,,,,,,,,,,8,0,0,0,0,0,0,0,0,0,0,0,0,0,0,0,59,488,0.0,0.0,0.0,0.0,0.0,0.0,0.0,0.0,0.0,0,0,0,0
394,James,McConnell,McConnell,u,has joined Ajax on loan for the rest of the season.,,4.4,543,,0.0,633,,0.0,,,0,0,,-1,,0,86,0.0,0.0,0.0,0.0,,,,0.0,0.0,,,,,,,,,,,,,,,,,,,,,,,,,8,0,0,0,0,0,0,0,0,0,0,0,0,0,0,0,0,238,0.0,0.0,0.0,0.0,0.0,0.0,0.0,0.0,0.0,0,0,0,0
395,Tyler,Morton,Morton,u,Has joined Lyon permanently.,,4.5,422,,0.0,733,,0.0,,,0,0,,0,,0,2,0.0,0.0,0.0,0.0,,,,0.0,0.0,,,,,,,,,,,,,,,,,,,,,,,,,8,0,0,0,0,0,0,0,0,0,0,0,0,0,0,0,0,10,0.0,0.0,0.0,0.0,0.0,0.0,0.0,0.0,0.0,0,0,0,0
396,Trey,Nyoni,Nyoni,a,,,4.3,606,,0.4,268,,0.0,,,0,0,,-2,,17457,2707,0.0,0.0,1.0,1.0,,,,0.0,0.0,,,,,,,,,,,,,,,,,,,,,,,,,8,0,0,0,0,0,0,0,0,0,0,0,0,0,0,0,23988,4400,0.0,0.0,0.0,0.0,0.0,0.0,0.0,0.0,0.0,0,0,0,0
397,Darwin,Núñez Ribeiro,Darwin,u,Has joined Al-Hilal permanently.,,6.5,58,,0.1,520,,0.0,,,0,0,,0,,0,52,0.0,0.0,0.0,0.0,,,,0.0,0.0,,,,,,,,,,,,,,,,,,,,,,,,,8,0,0,0,0,0,0,0,0,0,0,0,0,0,0,0,0,157,0.0,0.0,0.0,0.0,0.0,0.0,0.0,0.0,0.0,0,0,0,0
398,Jayden,Danns,Danns,i,Hamstring injury - Unknown return date,,4.4,548,,0.1,417,,0.0,,,0,0,,-1,,55,965,0.0,0.0,0.0,0.0,,,,0.0,0.0,,,,,,,,,,,,,,,,,,,,,,,,,8,0,0,0,0,0,0,0,0,0,0,0,0,0,0,0,467,2013,0.0,0.0,0.0,0.0,0.0,0.0,0.0,0.0,0.0,0,0,0,0
499,Alexander,Isak,Isak,a,,,10.5,3,,9.5,45,,3.0,,,2,-1,,0,,16166,130824,0.3,1.0,4.0,4.0,,,,100.0,100.0,,,,,,,,,,,,,,,,,,,,,,,,,8,2,71,0,0,0,1,0,0,0,0,0,0,1,0,4,72632,256999,0.0,0.32999999999999996,0.009999999999999998,0.33999999999999997,0.7399999999999998,2.6000000000000014,2.1000000000000014,25.0,2.999999999999999,0,1,1,2
661,Hugo,Ekitiké,Ekitiké,a,,,8.6,9,,15.7,22,,0.7,,,1,-1,,1,,44450,152574,0.1,4.0,1.7,1.7,,,,100.0,100.0,,,,,,,,,,,,,,,,,,,,,,,,,8,1,28,0,0,0,1,0,0,0,0,0,0,0,0,-1,131257,300049,0.0,0.07000000000000006,0.0,0.07000000000000028,0.6399999999999997,0.0,1.8999999999999986,11.0,0.8999999999999986,0,0,0,0
686,Rio,Ngumoha,Ngumoha,a,,,4.5,483,,0.6,225,,0.3,,,0,0,,0,,1915,4135,0.1,1.8,1.3,1.3,,,,0.0,0.0,,,,,,,,,,,,,,,,,,,,,,,,,8,0,0,0,0,0,0,0,0,0,0,0,0,0,0,0,5880,11012,0.0,0.0,0.0,0.0,0.0,0.0,0.0,0.0,0.0,0,0,0,0
692,Giovanni,Leoni,Leoni,i,Knee injury - Expected back 01 Sep,,4.9,356,,0.0,675,,0.0,,,0,0,,-1,,13,36,0.0,0.0,0.0,0.0,,,,0.0,0.0,,,,,,,,,,,,,,,,,,,,,,,,,8,0,0,0,0,0,0,0,0,0,0,0,0,0,0,0,35,138,0.0,0.0,0.0,0.0,0.0,0.0,0.0,0.0,0.0,0,0,0,0
746,Kieran,Morrison,Morrison,a,,,4.5,473,,0.0,735,,0.0,,,0,0,,0,,60,38,0.0,0.0,0.5,0.0,,,,0.0,0.0,,,,,,,,,,,,,,,,,,,,,,,,,8,0,0,0,0,0,0,0,0,0,0,0,0,0,0,0,0,0,0.0,0.0,0.0,0.0,0.0,0.0,0.0,0.0,0.0,0,0,0,0
182,James,Trafford,Trafford,a,,,4.7,384,,1.2,163,,0.0,,,0,0,,-3,,222,4669,0.0,2.3,0.5,0.5,,,,0.0,0.0,,,,,,,,,,,,,,,,,,,,,,,,,8,0,0,0,0,0,0,0,0,0,0,0,0,0,0,0,676,12980,0.0,0.0,0.0,0.0,0.0,0.0,0.0,0.0,0.0,0,0,0,0
399,Ederson,Santana de Moraes,Ederson M.,u,has joined Fenerbache permanently.,,5.3,197,,1.0,177,,0.0,,,0,0,,-2,,0,2260,0.0,0.0,0.0,0.0,,,,0.0,0.0,,,,,,,,,,,,,,,,,,,,,,,,,8,0,0,0,0,0,0,0,0,0,0,0,0,0,0,0,0,7678,0.0,0.0,0.0,0.0,0.0,0.0,0.0,0.0,0.0,0,0,0,0
400,Stefan,Ortega Moreno,Ortega Moreno,a,,,4.8,357,,0.2,374,,0.0,,,0,0,,-2,,72,340,0.0,0.0,0.5,0.5,,,,0.0,0.0,,,,,,,,,,,,,,,,,,,,,,,,,8,0,0,0,0,0,0,0,0,0,0,0,0,0,0,0,156,938,0.0,0.0,0.0,0.0,0.0,0.0,0.0,0.0,0.0,0,0,0,0
401,Marcus,Bettinelli,Bettinelli,a,,,4.0,626,,0.1,441,,0.0,,,0,0,,0,,57,226,0.0,0.0,0.5,0.5,,,,100.0,100.0,,,,,,,,,,,,,,,,,,,,,,,,,8,0,0,0,0,0,0,0,0,0,0,0,0,0,0,0,186,657,0.0,0.0,0.0,0.0,0.0,0.0,0.0,0.0,0.0,0,0,0,0
402,Rayan,Aït-Nouri,Aït-Nouri,a,,,5.8,114,,5.1,72,,0.0,,,0,0,,-2,,584,19440,0.0,1.7,0.5,0.4,,,,100.0,75.0,,,,,,,,,,,,,,,,,,,,,,,,,8,0,0,0,0,0,0,0,0,0,0,0,0,0,0,0,1177,71094,0.0,0.0,0.0,0.0,0.0,0.0,0.0,0.0,0.0,0,0,0,0
403,Joško,Gvardiol,Gvardiol,a,,,5.9,107,,5.9,64,,4.7,,,0,0,,-1,,13735,37874,0.8,4.1,5.2,5.2,,,,100.0,100.0,,,,,,,,,,,,,,,,,,,,,,,,,8,0,0,0,0,0,0,0,0,0,0,0,0,0,0,0,117944,58191,0.0,0.0,0.0,0.0,0.0,0.0,0.0,0.0,0.0,0,0,0,0
404,Manuel,Akanji,Akanji,u,has joined Inter Milan on loan for the rest of the season.,,5.4,173,,0.3,308,,0.0,,,0,0,,-1,,0,646,0.0,0.0,0.0,0.0,,,,0.0,0.0,,,,,,,,,,,,,,,,,,,,,,,,,8,0,0,0,0,0,0,0,0,0,0,0,0,0,0,0,0,2088,0.0,0.0,0.0,0.0,0.0,0.0,0.0,0.0,0.0,0,0,0,0
405,Nathan,Aké,Aké,a,,,5.4,165,,0.7,211,,2.3,,,6,0,,-1,,948,1102,0.4,1.9,2.8,2.8,,,,0.0,0.0,,,,,,,,,,,,,,,,,,,,,,,,,8,6,90,0,0,1,0,0,0,0,0,0,0,1,0,26,2097,4134,0.0,0.09000000000000002,0.020000000000000018,0.10999999999999999,0.81,17.799999999999997,3.799999999999997,4.0,2.5999999999999996,2,4,1,7
406,Abdukodir,Khusanov,Khusanov,d,Ankle injury - 25% chance of playing,,5.4,196,,0.3,318,,0.0,,,0,0,,-1,,32,1514,0.0,2.0,0.1,0.1,,,,25.0,25.0,,,,,,,,,,,,,,,,,,,,,,,,,8,0,0,0,0,0,0,0,0,0,0,0,0,0,0,0,136,4117,0.0,0.0,0.0,0.0,0.0,0.0,0.0,0.0,0.0,0,0,0,0
407,Matheus,Nunes,Matheus N.,a,,,5.3,211,,0.6,213,,8.0,,,7,0,,-2,,11592,1650,1.5,5.3,8.5,8.5,,,,0.0,0.0,,,,,,,,,,,,,,,,,,,,,,,,,8,7,90,0,0,1,0,0,0,0,0,0,0,1,1,32,23219,4688,0.0,0.020000000000000018,0.19000000000000003,0.20999999999999996,0.8099999999999996,21.0,35.6,1.0,5.800000000000001,3,3,8,14
408,Rúben,dos Santos Gato Alves Dias,Rúben,a,,,5.5,140,,4.5,79,,5.7,,,6,0,,0,,15125,7615,1.0,6.0,6.2,6.2,,,,0.0,0.0,,,,,,,,,,,,,,,,,,,,,,,,,8,6,90,0,0,1,0,0,0,0,0,0,0,1,0,30,40905,20666,0.0,0.0,0.01999999999999999,0.01999999999999999,0.8099999999999996,28.0,3.0,0.0,3.0999999999999996,1,7,6,14
409,John,Stones,Stones,a,,,5.5,136,,0.7,197,,0.0,,,0,0,,0,,768,2765,0.0,1.6,0.5,0.5,,,,100.0,100.0,,,,,,,,,,,,,,,,,,,,,,,,,8,0,0,0,0,0,0,0,0,0,0,0,0,0,0,0,2328,5966,0.0,0.0,0.0,0.0,0.0,0.0,0.0,0.0,0.0,0,0,0,0
410,Rico,Lewis,Lewis,a,,,4.9,339,,1.9,137,,0.7,,,1,-1,,-1,,679,10632,0.1,3.1,1.2,1.2,,,,100.0,100.0,,,,,,,,,,,,,,,,,,,,,,,,,8,1,5,0,0,0,0,0,0,0,0,0,0,0,0,3,1823,29417,0.0,0.0,0.24,0.2400000000000001,0.0,0.4000000000000057,3.700000000000003,0.0,0.40000000000000036,0,0,0,0
411,Nico,O'Reilly,O’Reilly,a,,,4.9,338,,0.9,181,,6.0,,,11,0,,-1,,25370,2298,1.2,6.3,6.5,6.5,,,,100.0,100.0,,,,,,,,,,,,,,,,,,,,,,,,,8,11,84,0,1,1,0,0,0,0,0,0,0,1,2,37,39103,7364,0.0,0.26999999999999996,0.16999999999999998,0.44,0.8099999999999996,23.80000000000001,17.799999999999997,14.0,5.600000000000001,2,4,2,8
412,Vitor,de Oliveira Nunes dos Reis,Vitor Reis,u,Has joined Girona on loan for the rest of the season.,,5.0,291,,0.0,719,,0.0,,,0,0,,0,,0,5,0.0,0.0,0.0,0.0,,,,0.0,0.0,,,,,,,,,,,,,,,,,,,,,,,,,8,0,0,0,0,0,0,0,0,0,0,0,0,0,0,0,0,13,0.0,0.0,0.0,0.0,0.0,0.0,0.0,0.0,0.0,0,0,0,0
413,Omar,Marmoush,Marmoush,a,,,8.3,11,,2.6,113,,0.0,,,0,0,,-2,,3910,4661,0.0,1.1,0.5,0.4,,,,100.0,75.0,,,,,,,,,,,,,,,,,,,,,,,,,8,0,0,0,0,0,0,0,0,0,0,0,0,0,0,0,4952,18569,0.0,0.0,0.0,0.0,0.0,0.0,0.0,0.0,0.0,0,0,0,0
414,Phil,Foden,Foden,a,,,8.1,12,,5.8,65,,2.3,,,3,0,,1,,12627,50576,0.3,2.8,2.8,2.8,,,,100.0,100.0,,,,,,,,,,,,,,,,,,,,,,,,,8,3,90,0,0,1,0,0,0,0,0,0,0,1,0,24,65894,127660,0.0,0.050000000000000044,0.5900000000000001,0.6400000000000001,0.8099999999999996,13.0,65.5,7.0,8.600000000000001,2,1,4,7
415,Sávio,Moreira de Oliveira,Savinho,a,,,6.9,44,,0.5,248,,3.7,,,6,0,,-1,,3311,1031,0.5,1.9,4.2,4.2,,,,100.0,100.0,,,,,,,,,,,,,,,,,,,,,,,,,8,6,84,0,1,1,0,0,0,0,0,0,0,1,0,25,5664,2859,0.0,0.13,0.32999999999999996,0.45999999999999996,0.81,34.800000000000004,32.8,46.0,11.399999999999999,1,2,2,5
416,Bernardo,Mota Veiga de Carvalho e Silva,Bernardo,a,,,6.3,70,,0.6,226,,1.0,,,1,0,,-2,,1486,3134,0.2,2.5,1.5,1.5,,,,0.0,0.0,,,,,,,,,,,,,,,,,,,,,,,,,8,1,31,0,0,0,0,0,0,0,0,0,0,0,0,13,4326,8867,0.0,0.0,0.010000000000000009,0.010000000000000009,0.14999999999999947,11.799999999999997,16.799999999999997,0.0,2.900000000000002,0,1,3,4
417,Rayan,Cherki,Cherki,a,,,6.3,74,,2.0,132,,0.3,,,1,0,,-2,,5105,3575,0.0,1.3,0.8,0.8,,,,100.0,100.0,,,,,,,,,,,,,,,,,,,,,,,,,8,1,5,0,0,0,0,0,0,0,0,0,0,0,0,8,8705,10542,0.0,0.14,0.010000000000000009,0.15000000000000002,0.0,2.5999999999999943,15.2,5.0,2.299999999999999,0,0,0,0
418,Jérémy,Doku,Doku,a,,,6.6,52,,7.3,54,,4.0,,,1,0,,1,,18491,86320,0.6,4.5,4.5,4.5,,,,0.0,0.0,,,,,,,,,,,,,,,,,,,,,,,,,8,1,58,0,0,0,0,0,0,0,0,0,0,1,0,9,113050,171925,0.0,0.36,0.18999999999999995,0.5500000000000003,0.6600000000000001,9.800000000000011,36.20000000000002,33.0,7.899999999999999,0,0,2,2
420,İlkay,Gündoğan,Gündoğan,u,has joined Galatasaray permanently.,,6.3,69,,0.1,518,,0.0,,,0,0,,-2,,0,132,0.0,0.0,0.0,0.0,,,,0.0,0.0,,,,,,,,,,,,,,,,,,,,,,,,,8,0,0,0,0,0,0,0,0,0,0,0,0,0,0,0,0,413,0.0,0.0,0.0,0.0,0.0,0.0,0.0,0.0,0.0,0,0,0,0
421,Rodrigo 'Rodri',Hernandez Cascante,Rodrigo,d,Muscle injury - 25% chance of playing,,6.3,71,,0.5,236,,0.3,,,0,-1,,-2,,39,4072,0.0,1.7,0.2,0.2,,,,25.0,25.0,,,,,,,,,,,,,,,,,,,,,,,,,8,0,0,0,0,0,0,0,0,0,0,0,0,0,0,0,272,13580,0.0,0.0,0.0,0.0,0.0,0.0,0.0,0.0,0.0,0,0,0,0
422,Mateo,Kovačić,Kovačić,a,Ankle injury - Unknown return date,,5.9,94,,0.0,637,,0.3,,,1,0,,-1,,281,182,0.1,0.2,0.8,0.8,,,,100.0,100.0,,,,,,,,,,,,,,,,,,,,,,,,,8,1,4,0,0,0,0,0,0,0,0,0,0,0,0,3,722,392,0.0,0.0,0.0,0.0,0.0,2.6,0.8,0.0,0.3,0,0,0,0
423,Nico,González Iglesias,N.Gonzalez,d,Knock - 75% chance of playing,,5.9,105,,0.1,485,,3.3,,,5,0,,-1,,545,339,0.6,2.7,2.8,3.8,,,,75.0,0.0,,,,,,,,,,,,,,,,,,,,,,,,,8,5,85,0,0,1,0,0,0,0,0,0,0,1,0,17,996,857,0.0,0.0,0.04999999999999999,0.04999999999999999,0.8100000000000005,18.60000000000001,27.200000000000003,6.0,5.200000000000001,2,6,4,12
424,Oscar,Bobb,Bobb,a,,,5.4,187,,0.3,307,,1.7,,,1,-1,,-1,,764,1969,0.3,3.0,2.2,2.2,,,,0.0,0.0,,,,,,,,,,,,,,,,,,,,,,,,,8,1,31,0,0,0,0,0,0,0,0,0,0,0,0,4,2529,5478,0.0,0.03999999999999998,0.10999999999999999,0.1499999999999999,0.14999999999999947,3.3999999999999986,2.200000000000017,7.0,1.3000000000000007,1,0,0,1
425,Claudio,Echeverri,Echeverri,u,Has joined Bayer Leverkusen on loan for the rest of the season.,,5.4,195,,0.0,692,,0.0,,,0,0,,-1,,0,16,0.0,0.0,0.0,0.0,,,,0.0,0.0,,,,,,,,,,,,,,,,,,,,,,,,,8,0,0,0,0,0,0,0,0,0,0,0,0,0,0,0,0,50,0.0,0.0,0.0,0.0,0.0,0.0,0.0,0.0,0.0,0,0,0,0
427,Tijjani,Reijnders,Reijnders,a,,,5.7,124,,30.7,10,,2.0,,,1,-1,,2,,24373,211166,0.4,5.6,2.5,2.5,,,,0.0,0.0,,,,,,,,,,,,,,,,,,,,,,,,,8,1,58,0,0,0,0,0,0,0,0,0,0,1,0,17,129870,415790,0.0,0.30000000000000004,0.08000000000000007,0.3800000000000001,0.660000000000001,7.800000000000011,26.69999999999999,17.0,5.200000000000003,1,1,1,3
428,Sverre,Nypan,Nypan,u,Has joined Middlesbrough on loan for the rest of the season.,,5.0,288,,0.0,683,,0.0,,,0,0,,0,,0,8,0.0,0.0,0.0,0.0,,,,0.0,0.0,,,,,,,,,,,,,,,,,,,,,,,,,8,0,0,0,0,0,0,0,0,0,0,0,0,0,0,0,0,39,0.0,0.0,0.0,0.0,0.0,0.0,0.0,0.0,0.0,0,0,0,0
429,Kalvin,Phillips,Phillips,a,,,4.9,298,,0.1,535,,0.0,,,0,0,,-1,,119,206,0.0,0.0,0.5,0.5,,,,0.0,0.0,,,,,,,,,,,,,,,,,,,,,,,,,8,0,0,0,0,0,0,0,0,0,0,0,0,0,0,0,274,482,0.0,0.0,0.0,0.0,0.0,0.0,0.0,0.0,0.0,0,0,0,0
430,Erling,Haaland,Haaland,a,,,14.7,1,,66.3,1,,12.3,,,13,1,,7,,301632,3872,0.8,5.6,12.8,12.8,,,,100.0,100.0,,,,,,,,,,,,,,,,,,,,,,,,,8,13,90,2,0,1,0,0,0,0,0,0,0,1,3,62,789936,11905,0.0,0.9799999999999995,0.020000000000000018,1.0,0.8099999999999996,77.39999999999998,1.8999999999999986,85.0,16.400000000000006,0,2,2,4
736,Gianluigi,Donnarumma,Donnarumma,a,,,5.7,121,,10.1,39,,4.7,,,6,0,,2,,58257,13097,0.8,3.7,5.2,5.2,,,,0.0,0.0,,,,,,,,,,,,,,,,,,,,,,,,,8,6,90,0,0,1,0,0,0,0,0,0,1,1,0,27,166373,41380,0.0,0.0,0.0,0.0,0.8099999999999996,12.600000000000001,0.0,0.0,1.2999999999999998,0,2,4,6
739,Divine,Mukasa,Mukasa,a,,,4.5,474,,0.0,671,,0.0,,,0,0,,0,,91,111,0.0,0.0,0.5,0.5,,,,0.0,0.0,,,,,,,,,,,,,,,,,,,,,,,,,8,0,0,0,0,0,0,0,0,0,0,0,0,0,0,0,253,276,0.0,0.0,0.0,0.0,0.0,0.0,0.0,0.0,0.0,0,0,0,0
119,Bryan,Mbeumo,Mbeumo,a,,,8.0,16,,14.3,25,,5.7,,,9,0,,0,,139901,22342,0.7,4.5,5.7,4.7,,,,0.0,0.0,,,,,,,,,,,,,,,,,,,,,,,,,8,9,90,1,0,0,1,0,0,0,0,0,0,1,2,26,175040,188237,0.0,0.3800000000000001,0.32000000000000006,0.6999999999999997,2.75,37.60000000000001,15.5,39.0,9.200000000000003,0,1,1,2
431,Altay,Bayındır,Bayindir,a,,,4.9,332,,0.4,271,,0.7,,,0,0,,-1,,319,1868,0.1,2.2,0.7,-0.3,,,,0.0,0.0,,,,,,,,,,,,,,,,,,,,,,,,,8,0,0,0,0,0,0,0,0,0,0,0,0,0,0,0,636,7728,0.0,0.0,0.0,0.0,0.0,0.0,0.0,0.0,0.0,0,0,0,0
432,André,Onana,Onana,u,has joined Trabzonspor on loan for the rest of the season.,,4.9,306,,0.2,378,,0.0,,,0,0,,-1,,0,329,0.0,0.0,0.0,0.0,,,,0.0,0.0,,,,,,,,,,,,,,,,,,,,,,,,,8,0,0,0,0,0,0,0,0,0,0,0,0,0,0,0,0,1046,0.0,0.0,0.0,0.0,0.0,0.0,0.0,0.0,0.0,0,0,0,0
433,Elyh,Harrison,Harrison,u,On loan to Shrewsbury Town,,4.0,692,,0.0,737,,0.0,,,0,0,,0,,0,3,0.0,0.0,0.0,0.0,,,,0.0,0.0,,,,,,,,,,,,,,,,,,,,,,,,,8,0,0,0,0,0,0,0,0,0,0,0,0,0,0,0,0,8,0.0,0.0,0.0,0.0,0.0,0.0,0.0,0.0,0.0,0,0,0,0
434,Tom,Heaton,Heaton,a,,,4.0,612,,0.3,325,,0.0,,,0,0,,0,,118,534,0.0,0.0,0.0,-1.0,,,,0.0,0.0,,,,,,,,,,,,,,,,,,,,,,,,,8,0,0,0,0,0,0,0,0,0,0,0,0,0,0,0,309,1433,0.0,0.0,0.0,0.0,0.0,0.0,0.0,0.0,0.0,0,0,0,0
435,Dermot,Mee,Mee,a,,,4.0,651,,0.1,467,,0.0,,,0,0,,0,,44,193,0.0,0.0,0.0,-1.0,,,,0.0,0.0,,,,,,,,,,,,,,,,,,,,,,,,,8,0,0,0,0,0,0,0,0,0,0,0,0,0,0,0,149,532,0.0,0.0,0.0,0.0,0.0,0.0,0.0,0.0,0.0,0,0,0,0
436,Matthijs,de Ligt,De Ligt,a,,,5.0,256,,2.8,110,,4.3,,,2,0,,0,,10821,6423,0.9,5.6,4.3,3.3,,,,0.0,0.0,,,,,,,,,,,,,,,,,,,,,,,,,8,2,90,0,0,0,1,0,0,0,0,0,0,1,0,0,17923,23849,0.0,0.43,0.0,0.43000000000000005,2.75,4.199999999999989,0.3999999999999986,9.0,1.4000000000000021,0,5,1,6
437,Lisandro,Martínez,Martinez,i,Knee injury - Unknown return date,,4.8,366,,0.1,510,,0.0,,,0,-1,,-2,,37,146,0.0,0.0,0.0,0.0,,,,0.0,0.0,,,,,,,,,,,,,,,,,,,,,,,,,8,0,0,0,0,0,0,0,0,0,0,0,0,0,0,0,86,385,0.0,0.0,0.0,0.0,0.0,0.0,0.0,0.0,0.0,0,0,0,0
438,Noussair,Mazraoui,Mazraoui,a,,,4.9,319,,0.2,375,,0.0,,,0,0,,-1,,239,649,0.0,1.8,0.0,-0.5,,,,100.0,50.0,,,,,,,,,,,,,,,,,,,,,,,,,8,0,0,0,0,0,0,0,0,0,0,0,0,0,0,0,283,2329,0.0,0.0,0.0,0.0,0.0,0.0,0.0,0.0,0.0,0,0,0,0
439,Diego,León Blanco,D.Leon,a,,,4.3,608,,0.1,556,,0.0,,,0,0,,-2,,51,187,0.0,0.0,0.0,-1.0,,,,0.0,0.0,,,,,,,,,,,,,,,,,,,,,,,,,8,0,0,0,0,0,0,0,0,0,0,0,0,0,0,0,142,504,0.0,0.0,0.0,0.0,0.0,0.0,0.0,0.0,0.0,0,0,0,0
440,Diogo,Dalot Teixeira,Dalot,a,,,4.4,512,,0.9,182,,4.7,,,4,0,,-1,,4021,1609,1.1,4.5,4.7,3.7,,,,100.0,100.0,,,,,,,,,,,,,,,,,,,,,,,,,8,4,90,0,0,0,1,0,0,0,0,0,0,1,0,12,6435,6047,0.0,0.0,0.010000000000000009,0.010000000000000009,2.75,21.4,15.200000000000003,0.0,3.6999999999999993,4,8,4,16
441,Patrick,Dorgu,Dorgu,a,,,4.4,577,,3.8,89,,0.7,,,1,0,,-1,,1706,23624,0.2,2.5,0.7,-0.3,,,,0.0,0.0,,,,,,,,,,,,,,,,,,,,,,,,,8,1,31,0,0,0,1,0,0,0,0,0,0,0,0,3,4964,88314,0.0,0.0,0.019999999999999907,0.019999999999999907,1.790000000000001,11.0,11.0,0.0,2.200000000000003,3,3,2,8
442,Harry,Maguire,Maguire,a,Hamstring injury - 75% chance of playing,,4.4,496,,0.8,193,,4.3,,,11,0,,-1,,13983,1663,1.0,6.1,4.3,3.3,,,,0.0,0.0,,,,,,,,,,,,,,,,,,,,,,,,,8,11,90,1,0,0,1,0,0,0,0,0,0,1,1,24,15399,7767,0.0,0.09,0.01,0.10000000000000003,2.75,51.599999999999994,0.1999999999999993,21.0,7.3,0,10,4,14
443,Luke,Shaw,Shaw,a,,,4.5,395,,0.3,302,,3.0,,,2,0,,0,,2238,912,0.7,3.8,3.0,2.0,,,,0.0,0.0,,,,,,,,,,,,,,,,,,,,,,,,,8,2,84,0,0,0,1,0,0,0,0,0,0,1,0,4,3437,3762,0.0,0.0,0.0,0.0,2.4400000000000013,8.600000000000009,1.1000000000000014,0.0,1.0,1,5,0,6
444,Leny,Yoro,Yoro,a,,,4.5,453,,1.9,139,,2.7,,,1,0,,0,,2168,7897,0.6,4.7,2.7,1.7,,,,0.0,0.0,,,,,,,,,,,,,,,,,,,,,,,,,8,1,5,0,0,0,0,0,0,0,0,0,0,0,0,3,5717,18631,0.0,0.0,0.0,0.0,0.3099999999999996,4.199999999999996,0.09999999999999787,0.0,0.40000000000000036,0,2,0,2
445,Harry,Amass,Amass,u,has joined Sheffield Wednesday on loan for the rest of the season.,,4.0,690,,0.1,484,,0.0,,,0,0,,0,,0,200,0.0,0.0,0.0,0.0,,,,0.0,0.0,,,,,,,,,,,,,,,,,,,,,,,,,8,0,0,0,0,0,0,0,0,0,0,0,0,0,0,0,0,618,0.0,0.0,0.0,0.0,0.0,0.0,0.0,0.0,0.0,0,0,0,0
446,Tyler,Fredricson,Fredricson,a,,,3.9,730,,0.1,429,,0.0,,,0,0,,-1,,88,309,0.0,0.0,0.0,-1.0,,,,0.0,0.0,,,,,,,,,,,,,,,,,,,,,,,,,8,0,0,0,0,0,0,0,0,0,0,0,0,0,0,0,238,833,0.0,0.0,0.0,0.0,0.0,0.0,0.0,0.0,0.0,0,0,0,0
447,Ayden,Heaven,Heaven,a,,,3.9,741,,1.0,174,,0.0,,,0,0,,-1,,460,4684,0.0,0.3,0.0,-0.8,,,,100.0,75.0,,,,,,,,,,,,,,,,,,,,,,,,,8,0,0,0,0,0,0,0,0,0,0,0,0,0,0,0,1721,13297,0.0,0.0,0.0,0.0,0.0,0.0,0.0,0.0,0.0,0,0,0,0
448,Tyrell,Malacia,Malacia,a,,,3.9,708,,0.4,283,,0.0,,,0,0,,-1,,343,1131,0.0,0.0,0.0,-1.0,,,,0.0,0.0,,,,,,,,,,,,,,,,,,,,,,,,,8,0,0,0,0,0,0,0,0,0,0,0,0,0,0,0,1144,2795,0.0,0.0,0.0,0.0,0.0,0.0,0.0,0.0,0.0,0,0,0,0
449,Bruno,Borges Fernandes,B.Fernandes,a,,,8.9,7,,16.8,20,,3.3,,,8,-1,,-1,,55993,42984,0.4,4.0,3.3,2.3,,,,0.0,0.0,,,,,,,,,,,,,,,,,,,,,,,,,8,8,84,0,1,0,1,0,0,0,0,0,0,1,3,27,83594,360149,0.0,0.20000000000000018,0.11999999999999988,0.3199999999999994,2.4399999999999995,29.19999999999999,44.80000000000001,9.0,8.299999999999997,1,2,5,8
450,Matheus,Santos Carneiro da Cunha,Cunha,a,,,7.9,18,,3.7,95,,1.7,,,2,-1,,-1,,9871,12394,0.2,1.4,1.7,0.7,,,,100.0,100.0,,,,,,,,,,,,,,,,,,,,,,,,,8,2,90,0,0,0,1,0,0,0,0,0,0,1,0,7,14250,66106,0.0,0.07999999999999985,0.040000000000000036,0.11999999999999988,2.75,6.199999999999996,4.200000000000003,10.0,2.0,0,3,6,9
451,Marcus,Rashford,Rashford,u,Has joined Barcelona on loan for the rest of the season,,7.0,32,,0.0,670,,0.0,,,0,0,,0,,0,9,0.0,0.0,0.0,0.0,,,,0.0,0.0,,,,,,,,,,,,,,,,,,,,,,,,,8,0,0,0,0,0,0,0,0,0,0,0,0,0,0,0,0,49,0.0,0.0,0.0,0.0,0.0,0.0,0.0,0.0,0.0,0,0,0,0
452,Amad,Diallo,Amad,a,,,6.3,76,,1.2,165,,2.0,,,3,0,,-2,,8606,3439,0.3,2.7,2.0,1.0,,,,100.0,100.0,,,,,,,,,,,,,,,,,,,,,,,,,8,3,58,0,1,0,0,0,0,0,1,0,0,1,0,15,13163,12035,0.0,0.0,0.19000000000000006,0.18999999999999995,0.96,22.799999999999997,25.19999999999999,2.0,5.0,1,2,4,7
454,Antony,dos Santos,Antony,u,has joined Real Betis permanently.,,5.9,106,,0.1,532,,0.0,,,0,0,,-1,,0,92,0.0,0.0,0.0,0.0,,,,0.0,0.0,,,,,,,,,,,,,,,,,,,,,,,,,8,0,0,0,0,0,0,0,0,0,0,0,0,0,0,0,0,258,0.0,0.0,0.0,0.0,0.0,0.0,0.0,0.0,0.0,0,0,0,0
455,Mason,Mount,Mount,a,,,5.9,97,,0.3,309,,4.7,,,3,0,,-1,,5022,1555,0.8,3.6,4.7,3.7,,,,100.0,100.0,,,,,,,,,,,,,,,,,,,,,,,,,8,3,60,0,0,1,0,0,0,0,0,0,0,1,0,5,11137,3095,0.0,0.15999999999999998,0.0,0.16000000000000003,1.0099999999999998,2.3999999999999986,1.1999999999999886,11.0,1.5,1,1,0,2
457,Carlos Henrique,Casimiro,Casemiro,a,,,5.5,135,,0.2,335,,1.3,,,0,0,,0,,1641,1003,0.2,2.7,1.3,0.3,,,,100.0,100.0,,,,,,,,,,,,,,,,,,,,,,,,,8,0,57,0,0,0,0,0,0,0,1,0,0,1,0,5,3395,2413,0.0,0.0,0.0,0.0,0.96,7.6000000000000085,1.8000000000000043,0.0,0.9000000000000004,3,2,0,5
458,Kobbie,Mainoo,Mainoo,a,Knock - 75% chance of playing,,4.8,374,,0.5,241,,1.0,,,1,0,,-2,,1138,2119,0.2,1.2,1.0,0.0,,,,0.0,0.0,,,,,,,,,,,,,,,,,,,,,,,,,8,1,5,0,0,0,0,0,0,0,0,0,0,0,0,3,3113,6092,0.0,0.0,0.0,0.0,0.31000000000000005,3.0,0.0,0.0,0.2999999999999998,0,1,0,1
459,Manuel,Ugarte Ribeiro,Ugarte,a,,,4.8,369,,0.1,399,,1.3,,,1,0,,-2,,746,710,0.3,2.3,1.3,0.3,,,,0.0,0.0,,,,,,,,,,,,,,,,,,,,,,,,,8,1,32,0,0,0,1,0,0,0,0,0,0,0,0,5,2287,2069,0.0,0.0,0.0,0.0,1.79,8.600000000000001,1.0999999999999979,0.0,1.0,1,5,0,6
460,Toby,Collyer,Collyer,u,Has joined West Bromwich Albion on loan for the rest of the season.,,4.5,435,,0.0,609,,0.0,,,0,0,,0,,0,93,0.0,0.0,0.0,0.0,,,,0.0,0.0,,,,,,,,,,,,,,,,,,,,,,,,,8,0,0,0,0,0,0,0,0,0,0,0,0,0,0,0,0,329,0.0,0.0,0.0,0.0,0.0,0.0,0.0,0.0,0.0,0,0,0,0
461,Jayce,Fitzgerald,Fitzgerald,a,,,4.4,568,,0.0,598,,0.0,,,0,0,,-1,,76,117,0.0,0.0,0.0,-1.0,,,,0.0,0.0,,,,,,,,,,,,,,,,,,,,,,,,,8,0,0,0,0,0,0,0,0,0,0,0,0,0,0,0,201,355,0.0,0.0,0.0,0.0,0.0,0.0,0.0,0.0,0.0,0,0,0,0
462,Jack,Fletcher,J.Fletcher,a,,,4.4,563,,0.1,562,,0.0,,,0,0,,-1,,65,154,0.0,0.0,0.0,-1.0,,,,0.0,0.0,,,,,,,,,,,,,,,,,,,,,,,,,8,0,0,0,0,0,0,0,0,0,0,0,0,0,0,0,203,445,0.0,0.0,0.0,0.0,0.0,0.0,0.0,0.0,0.0,0,0,0,0
463,Sékou,Koné,Kone,a,,,4.4,583,,0.1,493,,0.0,,,0,0,,-1,,162,284,0.0,0.0,0.0,-1.0,,,,0.0,0.0,,,,,,,,,,,,,,,,,,,,,,,,,8,0,0,0,0,0,0,0,0,0,0,0,0,0,0,0,451,777,0.0,0.0,0.0,0.0,0.0,0.0,0.0,0.0,0.0,0,0,0,0
464,Jack,Moorhouse,Moorhouse,u,has joined Leyton Orient on loan for the rest of the season.,,4.5,458,,0.0,651,,0.0,,,0,0,,0,,0,66,0.0,0.0,0.0,0.0,,,,0.0,0.0,,,,,,,,,,,,,,,,,,,,,,,,,8,0,0,0,0,0,0,0,0,0,0,0,0,0,0,0,0,196,0.0,0.0,0.0,0.0,0.0,0.0,0.0,0.0,0.0,0,0,0,0
465,Rasmus,Højlund,Højlund,u,has joined Napoli on loan for the rest of the season.,,6.3,77,,0.3,316,,0.0,,,0,0,,-2,,0,397,0.0,0.0,0.0,0.0,,,,0.0,0.0,,,,,,,,,,,,,,,,,,,,,,,,,8,0,0,0,0,0,0,0,0,0,0,0,0,0,0,0,0,1174,0.0,0.0,0.0,0.0,0.0,0.0,0.0,0.0,0.0,0,0,0,0
466,Joshua,Zirkzee,Zirkzee,a,,,5.8,115,,0.4,279,,0.3,,,0,0,,-2,,947,1608,0.1,0.5,0.3,-0.7,,,,100.0,100.0,,,,,,,,,,,,,,,,,,,,,,,,,8,0,0,0,0,0,0,0,0,0,0,0,0,0,0,0,2166,4112,0.0,0.0,0.0,0.0,0.0,0.0,0.0,0.0,0.0,0,0,0,0
467,Chido,Obi,Obi,a,,,4.3,607,,1.7,144,,0.0,,,0,0,,-2,,11613,10501,0.0,0.0,0.0,-1.0,,,,0.0,0.0,,,,,,,,,,,,,,,,,,,,,,,,,8,0,0,0,0,0,0,0,0,0,0,0,0,0,0,0,37266,24651,0.0,0.0,0.0,0.0,0.0,0.0,0.0,0.0,0.0,0,0,0,0
468,Ethan,Wheatley,Wheatley,u,has joined Northampton Town on loan for the rest of the season.,,4.5,467,,0.1,464,,0.0,,,0,0,,0,,0,342,0.0,0.0,0.0,0.0,,,,0.0,0.0,,,,,,,,,,,,,,,,,,,,,,,,,8,0,0,0,0,0,0,0,0,0,0,0,0,0,0,0,0,949,0.0,0.0,0.0,0.0,0.0,0.0,0.0,0.0,0.0,0,0,0,0
681,Benjamin,Sesko,Šeško,a,Knee injury - 75% chance of playing,,7.3,29,,5.2,71,,6.0,,,1,0,,-2,,22847,27838,0.8,3.3,6.0,5.0,,,,0.0,0.0,,,,,,,,,,,,,,,,,,,,,,,,,8,1,29,0,0,0,1,0,0,0,0,0,0,0,0,4,78654,61877,0.0,0.010000000000000009,0.01999999999999999,0.030000000000000027,1.7400000000000002,9.599999999999994,12.800000000000011,4.0,2.5999999999999943,0,3,3,6
733,Senne,Lammens,Lammens,a,,,5.0,271,,0.7,199,,4.0,,,3,0,,0,,33534,1482,0.8,2.4,4.0,3.0,,,,0.0,0.0,,,,,,,,,,,,,,,,,,,,,,,,,8,3,90,0,0,0,1,0,0,0,0,0,5,1,0,19,50991,3217,0.0,0.0,0.0,0.0,2.75,37.8,0.0,0.0,3.8000000000000003,0,1,11,12
52,Jacob,Ramsey,J.Ramsey,a,,,5.3,208,,0.2,352,,0.3,,,1,0,,-2,,486,506,0.1,0.6,0.8,0.8,,,,100.0,100.0,,,,,,,,,,,,,,,,,,,,,,,,,8,1,20,0,0,0,1,0,0,0,0,0,0,0,0,3,1121,1526,0.0,0.0,0.010000000000000009,0.010000000000000009,0.14,4.200000000000001,12.300000000000004,0.0,1.7000000000000002,0,1,2,3
135,Yoane,Wissa,Wissa,i,Knee injury - Expected back 02 Nov,,7.4,25,,0.5,228,,0.0,,,0,0,,-1,,107,1967,0.0,0.0,0.0,0.0,,,,0.0,0.0,,,,,,,,,,,,,,,,,,,,,,,,,8,0,0,0,0,0,0,0,0,0,0,0,0,0,0,0,309,6470,0.0,0.0,0.0,0.0,0.0,0.0,0.0,0.0,0.0,0,0,0,0
469,Nick,Pope,Pope,a,,,5.2,220,,11.6,35,,3.7,,,2,1,,2,,56724,21439,0.7,8.3,4.2,4.2,,,,0.0,0.0,,,,,,,,,,,,,,,,,,,,,,,,,8,2,90,0,0,0,2,0,0,0,0,0,3,1,0,10,329156,48058,0.0,0.0,0.0,0.0,0.9099999999999993,20.0,0.0,0.0,2.0,0,3,14,17
471,Mark,Gillespie,Gillespie,a,,,4.0,618,,0.1,413,,0.0,,,0,0,,0,,74,260,0.0,0.0,0.5,0.5,,,,0.0,0.0,,,,,,,,,,,,,,,,,,,,,,,,,8,0,0,0,0,0,0,0,0,0,0,0,0,0,0,0,241,663,0.0,0.0,0.0,0.0,0.0,0.0,0.0,0.0,0.0,0,0,0,0
472,Odysseas,Vlachodimos,Odysseas,u,Has joined Sevilla on loan for the rest of the season.,,4.0,624,,0.0,665,,0.0,,,0,0,,0,,0,33,0.0,0.0,0.0,0.0,,,,0.0,0.0,,,,,,,,,,,,,,,,,,,,,,,,,8,0,0,0,0,0,0,0,0,0,0,0,0,0,0,0,0,115,0.0,0.0,0.0,0.0,0.0,0.0,0.0,0.0,0.0,0,0,0,0
473,Lewis,Hall,Hall,i,Hamstring injury - Expected back 09 Nov,,5.3,214,,0.9,187,,0.0,,,0,0,,-2,,38,10561,0.0,1.7,0.0,0.0,,,,0.0,0.0,,,,,,,,,,,,,,,,,,,,,,,,,8,0,0,0,0,0,0,0,0,0,0,0,0,0,0,0,210,36090,0.0,0.0,0.0,0.0,0.0,0.0,0.0,0.0,0.0,0,0,0,0
474,Fabian,Schär,Schär,a,,,5.4,162,,1.9,136,,0.0,,,0,0,,-1,,2501,9482,0.0,4.3,0.5,0.5,,,,100.0,100.0,,,,,,,,,,,,,,,,,,,,,,,,,8,0,0,0,0,0,0,0,0,0,0,0,0,0,0,0,9401,19919,0.0,0.0,0.0,0.0,0.0,0.0,0.0,0.0,0.0,0,0,0,0
475,Sven,Botman,Botman,a,,,4.9,316,,0.7,208,,3.3,,,1,0,,-1,,3973,2236,0.7,5.5,3.8,3.8,,,,0.0,0.0,,,,,,,,,,,,,,,,,,,,,,,,,8,1,90,0,0,0,2,0,0,0,0,0,0,1,0,4,16497,5686,0.0,0.05,0.009999999999999981,0.06,0.9100000000000001,15.600000000000009,1.3000000000000007,12.0,2.8999999999999986,1,5,3,9
476,Dan,Burn,Burn,a,Suspended until 29 Nov,,5.1,233,,10.1,41,,4.3,,,2,0,,1,,59446,24836,0.8,8.8,4.8,4.8,,,,0.0,0.0,,,,,,,,,,,,,,,,,,,,,,,,,8,2,90,0,0,0,2,0,0,0,1,0,0,1,0,0,344653,57727,0.0,0.0,0.04999999999999999,0.05000000000000002,0.9099999999999993,23.599999999999994,13.600000000000001,4.0,4.100000000000001,3,7,5,15
477,Tino,Livramento,Livramento,i,Knee injury - Expected back 22 Nov,,5.0,269,,4.2,83,,2.0,,,0,0,,0,,132,69929,0.4,7.4,0.0,0.0,,,,0.0,0.0,,,,,,,,,,,,,,,,,,,,,,,,,8,0,0,0,0,0,0,0,0,0,0,0,0,0,0,0,478,255666,0.0,0.0,0.0,0.0,0.0,0.0,0.0,0.0,0.0,0,0,0,0
478,Kieran,Trippier,Trippier,a,,,5.0,244,,2.7,112,,2.3,,,1,0,,0,,6710,7960,0.5,5.6,2.8,2.8,,,,100.0,100.0,,,,,,,,,,,,,,,,,,,,,,,,,8,1,90,0,0,0,2,0,0,0,0,0,0,1,0,8,27164,17305,0.0,0.0,0.12,0.12,0.9099999999999997,15.799999999999997,20.80000000000001,0.0,3.700000000000003,2,2,1,5
479,Emil,Krafth,Krafth,a,,,4.4,502,,0.0,582,,0.0,,,0,0,,-1,,26,111,0.0,0.0,0.5,0.5,,,,0.0,0.0,,,,,,,,,,,,,,,,,,,,,,,,,8,0,0,0,0,0,0,0,0,0,0,0,0,0,0,0,83,265,0.0,0.0,0.0,0.0,0.0,0.0,0.0,0.0,0.0,0,0,0,0
480,Jamaal,Lascelles,Lascelles,a,,,4.4,497,,0.1,538,,0.0,,,0,0,,-1,,49,190,0.0,0.2,0.5,0.5,,,,0.0,0.0,,,,,,,,,,,,,,,,,,,,,,,,,8,0,0,0,0,0,0,0,0,0,0,0,0,0,0,0,207,500,0.0,0.0,0.0,0.0,0.0,0.0,0.0,0.0,0.0,0,0,0,0
481,Alex,Murphy,A.Murphy,a,,,3.9,729,,0.7,209,,0.0,,,0,0,,-1,,874,2001,0.0,0.0,0.5,0.5,,,,0.0,0.0,,,,,,,,,,,,,,,,,,,,,,,,,8,0,0,0,0,0,0,0,0,0,0,0,0,0,0,0,2780,5067,0.0,0.0,0.0,0.0,0.0,0.0,0.0,0.0,0.0,0,0,0,0
482,Harrison,Ashby,Ashby,i,Thigh injury - Unknown return date,,3.9,714,,0.2,394,,0.0,,,0,0,,-1,,40,942,0.0,0.0,0.0,0.0,,,,0.0,0.0,,,,,,,,,,,,,,,,,,,,,,,,,8,0,0,0,0,0,0,0,0,0,0,0,0,0,0,0,223,1956,0.0,0.0,0.0,0.0,0.0,0.0,0.0,0.0,0.0,0,0,0,0
483,Miodrag,Pivaš,Pivas,a,,,3.9,737,,0.2,341,,0.0,,,0,0,,-1,,211,705,0.0,0.0,0.5,0.5,,,,0.0,0.0,,,,,,,,,,,,,,,,,,,,,,,,,8,0,0,0,0,0,0,0,0,0,0,0,0,0,0,0,677,1765,0.0,0.0,0.0,0.0,0.0,0.0,0.0,0.0,0.0,0,0,0,0
484,Matt,Targett,Targett,u,has joined Middlesbrough on loan for the rest of the season.,,4.0,630,,0.2,351,,0.0,,,0,0,,0,,0,746,0.0,0.0,0.0,0.0,,,,0.0,0.0,,,,,,,,,,,,,,,,,,,,,,,,,8,0,0,0,0,0,0,0,0,0,0,0,0,0,0,0,0,2342,0.0,0.0,0.0,0.0,0.0,0.0,0.0,0.0,0.0,0,0,0,0
485,Anthony,Gordon,Gordon,a,Hip injury - 50% chance of playing,,7.5,22,,3.0,106,,2.7,,,2,1,,0,,26673,15211,0.4,1.2,3.2,3.2,,,,100.0,100.0,,,,,,,,,,,,,,,,,,,,,,,,,8,2,69,0,0,0,1,0,0,0,0,0,0,1,0,5,109806,41804,0.0,0.07000000000000006,0.15,0.21999999999999997,0.7799999999999998,10.000000000000004,28.4,7.0,4.499999999999998,1,0,2,3
486,Anthony,Elanga,Elanga,a,,,6.8,47,,4.3,81,,1.7,,,1,0,,-2,,3516,25296,0.3,1.9,2.2,2.2,,,,0.0,0.0,,,,,,,,,,,,,,,,,,,,,,,,,8,1,45,0,0,0,1,0,0,0,0,0,0,1,0,5,15015,72617,0.0,0.0,0.01999999999999999,0.019999999999999907,0.7099999999999997,1.5999999999999979,2.0,0.0,0.3999999999999986,1,0,1,2
487,Harvey,Barnes,Barnes,a,,,6.4,61,,0.4,262,,1.0,,,1,0,,-1,,1436,2726,0.2,2.0,1.5,1.5,,,,0.0,0.0,,,,,,,,,,,,,,,,,,,,,,,,,8,1,20,0,0,0,1,0,0,0,0,0,0,0,0,6,2665,11379,0.0,0.029999999999999916,0.06999999999999995,0.10000000000000009,0.1399999999999999,6.0,4.300000000000011,17.0,2.700000000000003,0,0,2,2
488,Bruno,Guimarães Rodriguez Moura,Bruno G.,a,,,6.5,54,,2.4,121,,6.0,,,2,0,,0,,14483,8631,0.9,4.9,6.5,6.5,,,,0.0,0.0,,,,,,,,,,,,,,,,,,,,,,,,,8,2,85,0,0,0,2,0,0,0,0,0,0,1,0,14,51412,17204,0.0,0.36000000000000004,0.21999999999999997,0.58,0.9100000000000001,14.799999999999983,16.5,28.0,5.900000000000002,2,2,4,8
489,Jacob,Murphy,J.Murphy,a,,,6.2,80,,0.9,185,,1.7,,,1,0,,-3,,1761,5879,0.3,2.9,2.2,2.2,,,,0.0,0.0,,,,,,,,,,,,,,,,,,,,,,,,,8,1,45,0,0,0,1,0,0,0,0,0,0,0,0,8,5015,18243,0.0,0.1499999999999999,0.09999999999999998,0.25,0.20999999999999996,7.0,20.1,8.0,3.5,1,0,1,2
490,Joelinton Cássio,Apolinário de Lira,Joelinton,a,Leg injury - 75% chance of playing,,5.9,96,,0.3,312,,2.3,,,1,0,,-1,,1407,1628,0.4,2.4,2.8,2.1,,,,100.0,75.0,,,,,,,,,,,,,,,,,,,,,,,,,8,1,45,0,0,0,1,0,0,0,0,0,0,1,0,13,3778,5239,0.0,0.0,0.010000000000000009,0.010000000000000009,0.71,10.799999999999997,3.799999999999997,2.0,1.6999999999999993,3,5,3,11
491,Sandro,Tonali,Tonali,a,,,5.4,179,,1.5,152,,3.7,,,2,0,,-1,,8248,6377,0.7,4.6,4.2,4.2,,,,100.0,100.0,,,,,,,,,,,,,,,,,,,,,,,,,8,2,69,0,0,0,1,0,0,0,0,0,0,1,0,16,25367,16621,0.0,0.02999999999999997,0.28,0.30999999999999983,0.7799999999999994,11.0,27.5,2.0,4.100000000000001,1,2,2,5
492,Antoñito,Cordero Campillo,Antoñito C.,u,has joined KVC Westerlo on loan for the rest of the season.,,4.9,355,,0.0,640,,0.0,,,0,0,,-1,,0,64,0.0,0.0,0.0,0.0,,,,0.0,0.0,,,,,,,,,,,,,,,,,,,,,,,,,8,0,0,0,0,0,0,0,0,0,0,0,0,0,0,0,0,217,0.0,0.0,0.0,0.0,0.0,0.0,0.0,0.0,0.0,0,0,0,0
494,Joe,Willock,Willock,a,,,5.0,254,,0.1,540,,0.0,,,0,0,,0,,263,300,0.0,0.8,0.5,0.5,,,,100.0,100.0,,,,,,,,,,,,,,,,,,,,,,,,,8,0,0,0,0,0,0,0,0,0,0,0,0,0,0,0,647,813,0.0,0.0,0.0,0.0,0.0,0.0,0.0,0.0,0.0,0,0,0,0
495,Isaac,Hayden,Hayden,u,Has departed the club as a free agent.,,4.5,398,,0.0,704,,0.0,,,0,0,,0,,0,21,0.0,0.0,0.0,0.0,,,,0.0,0.0,,,,,,,,,,,,,,,,,,,,,,,,,8,0,0,0,0,0,0,0,0,0,0,0,0,0,0,0,0,48,0.0,0.0,0.0,0.0,0.0,0.0,0.0,0.0,0.0,0,0,0,0
496,Garang,Kuol,Kuol,u,has joined Sparta Prague permanently.,,4.4,569,,0.0,583,,0.0,,,0,0,,-1,,0,162,0.0,0.0,0.0,0.0,,,,0.0,0.0,,,,,,,,,,,,,,,,,,,,,,,,,8,0,0,0,0,0,0,0,0,0,0,0,0,0,0,0,0,552,0.0,0.0,0.0,0.0,0.0,0.0,0.0,0.0,0.0,0,0,0,0
497,Lewis,Miley,L.Miley,a,,,4.4,565,,2.1,129,,1.7,,,4,0,,-1,,11279,7702,0.4,2.5,2.2,1.7,,,,100.0,75.0,,,,,,,,,,,,,,,,,,,,,,,,,8,4,45,0,1,0,1,0,0,0,0,0,0,0,0,22,21733,30907,0.0,0.0,0.27,0.27,0.20999999999999996,22.999999999999996,22.599999999999998,2.0,4.800000000000001,0,0,3,3
498,Joe,White,White,u,Has joined Leyton Orient on loan for the rest of the season.,,4.5,430,,0.0,712,,0.0,,,0,0,,0,,0,15,0.0,0.0,0.0,0.0,,,,0.0,0.0,,,,,,,,,,,,,,,,,,,,,,,,,8,0,0,0,0,0,0,0,0,0,0,0,0,0,0,0,0,33,0.0,0.0,0.0,0.0,0.0,0.0,0.0,0.0,0.0,0,0,0,0
500,William,Osula,Osula,a,Ankle injury - Unknown return date,,5.5,156,,0.3,300,,1.0,,,1,0,,0,,995,2437,0.2,2.4,1.5,1.5,,,,0.0,0.0,,,,,,,,,,,,,,,,,,,,,,,,,8,1,4,0,0,0,0,0,0,0,0,0,0,0,0,2,3094,6582,0.0,0.0,0.0,0.0,0.0,0.0,0.0,0.0,0.0,0,0,0,0
501,Sean,Neave,Neave,a,,,4.4,578,,0.2,336,,0.0,,,0,0,,-1,,579,925,0.0,0.0,0.5,0.5,,,,0.0,0.0,,,,,,,,,,,,,,,,,,,,,,,,,8,0,0,0,0,0,0,0,0,0,0,0,0,0,0,0,1354,2170,0.0,0.0,0.0,0.0,0.0,0.0,0.0,0.0,0.0,0,0,0,0
674,Aaron,Ramsdale,Ramsdale,a,,,4.8,368,,0.6,220,,0.0,,,0,0,,-2,,485,1584,0.0,0.0,0.5,0.5,,,,0.0,0.0,,,,,,,,,,,,,,,,,,,,,,,,,8,0,0,0,0,0,0,0,0,0,0,0,0,0,0,0,1283,4387,0.0,0.0,0.0,0.0,0.0,0.0,0.0,0.0,0.0,0,0,0,0
684,Malick,Thiaw,Thiaw,a,,,4.9,335,,0.3,297,,4.0,,,1,0,,-1,,3414,1262,0.8,4.1,4.5,4.5,,,,0.0,0.0,,,,,,,,,,,,,,,,,,,,,,,,,8,1,90,0,0,0,2,0,0,0,0,0,0,1,0,6,16985,3148,0.0,0.04999999999999993,0.010000000000000002,0.05999999999999994,0.9100000000000001,14.200000000000003,1.5,4.0,2.0,1,5,5,11
689,Seung-Soo,Park,Seung soo,a,,,4.4,584,,0.3,321,,0.0,,,0,0,,-1,,900,1360,0.0,0.0,0.5,0.5,,,,0.0,0.0,,,,,,,,,,,,,,,,,,,,,,,,,8,0,0,0,0,0,0,0,0,0,0,0,0,0,0,0,4428,3580,0.0,0.0,0.0,0.0,0.0,0.0,0.0,0.0,0.0,0,0,0,0
714,Nick,Woltemade,Woltemade,a,,,7.4,26,,17.8,19,,7.0,,,8,1,,4,,535999,14219,0.9,4.3,7.5,7.5,,,,0.0,0.0,,,,,,,,,,,,,,,,,,,,,,,,,8,8,90,1,0,0,2,0,0,0,0,0,0,1,2,29,1219855,57527,0.0,0.7100000000000002,0.07,0.7799999999999998,0.9100000000000001,35.0,2.5,37.0,7.5,1,2,2,5
12,Oleksandr,Zinchenko,Zinchenko,a,Muscle injury - Unknown return date,,4.9,308,,0.3,319,,1.0,,,1,0,,-1,,694,659,0.2,1.0,1.0,0.5,,,,100.0,100.0,,,,,,,,,,,,,,,,,,,,,,,,,8,1,73,0,0,0,2,0,0,0,0,0,0,1,0,14,987,4006,0.0,0.0,0.12999999999999998,0.13000000000000003,1.4100000000000001,18.200000000000003,15.100000000000001,0.0,3.3000000000000007,4,4,3,11
426,James,McAtee,McAtee,a,,,5.2,226,,0.1,465,,0.3,,,0,0,,-3,,228,555,0.1,0.8,0.3,-0.2,,,,0.0,0.0,,,,,,,,,,,,,,,,,,,,,,,,,8,0,0,0,0,0,0,0,0,0,0,0,0,0,0,0,562,1777,0.0,0.0,0.0,0.0,0.0,0.0,0.0,0.0,0.0,0,0,0,0
502,Matz,Sels,Sels,a,,,4.9,293,,9.5,43,,2.3,,,2,0,,-1,,1498,46741,0.5,3.5,2.3,1.8,,,,0.0,0.0,,,,,,,,,,,,,,,,,,,,,,,,,8,2,90,0,0,0,3,0,0,0,0,0,3,1,0,2,6866,158230,0.0,0.0,0.0,0.0,1.67,17.0,0.0,0.0,1.6999999999999993,0,2,7,9
503,Carlos Miguel,dos Santos Pereira,C.Miguel,u,Has joined Palmeiras permanently.,,4.0,659,,0.1,482,,0.0,,,0,0,,0,,0,239,0.0,0.0,0.0,0.0,,,,0.0,0.0,,,,,,,,,,,,,,,,,,,,,,,,,8,0,0,0,0,0,0,0,0,0,0,0,0,0,0,0,0,760,0.0,0.0,0.0,0.0,0.0,0.0,0.0,0.0,0.0,0,0,0,0
504,Matt,Turner,Turner,u,Has joined Lyon permanently.,,4.0,637,,0.1,454,,0.0,,,0,0,,0,,0,267,0.0,0.0,0.0,0.0,,,,0.0,0.0,,,,,,,,,,,,,,,,,,,,,,,,,8,0,0,0,0,0,0,0,0,0,0,0,0,0,0,0,0,722,0.0,0.0,0.0,0.0,0.0,0.0,0.0,0.0,0.0,0,0,0,0
551,Chris,Rigg,Rigg,a,,,4.8,379,,0.0,570,,1.3,,,3,0,,-2,,293,164,0.3,1.5,0.3,0.8,,,,0.0,0.0,,,,,,,,,,,,,,,,,,,,,,,,,8,3,75,0,0,1,0,0,0,0,0,0,0,1,0,7,504,549,0.0,0.0,0.010000000000000002,0.010000000000000009,0.33999999999999997,2.8,10.8,2.0,1.5999999999999996,2,0,2,4
505,Nikola,Milenković,Milenković,a,,,5.3,206,,4.6,77,,1.7,,,1,0,,-2,,1214,28550,0.3,2.5,1.7,1.2,,,,0.0,0.0,,,,,,,,,,,,,,,,,,,,,,,,,8,1,90,0,0,0,3,0,0,0,0,0,0,1,0,2,4275,92328,0.0,0.31,0.020000000000000018,0.32999999999999996,1.67,8.0,1.8000000000000007,27.0,3.6999999999999993,0,2,3,5
506,Murillo,Costa dos Santos,Murillo,a,,,5.3,217,,2.1,128,,0.3,,,1,-1,,-2,,1178,7782,0.1,1.5,0.3,-0.2,,,,100.0,100.0,,,,,,,,,,,,,,,,,,,,,,,,,8,1,73,0,0,0,2,0,0,0,0,0,0,1,0,5,3501,32677,0.0,0.0,0.009999999999999981,0.009999999999999981,1.4100000000000001,12.0,1.299999999999999,2.0,1.5,0,6,3,9
507,Ola,Aina,Aina,i,Hamstring injury - Expected back 13 Dec,,4.8,359,,2.9,107,,0.0,,,0,0,,-2,,30,19021,0.0,1.2,0.0,0.0,,,,0.0,0.0,,,,,,,,,,,,,,,,,,,,,,,,,8,0,0,0,0,0,0,0,0,0,0,0,0,0,0,0,107,66492,0.0,0.0,0.0,0.0,0.0,0.0,0.0,0.0,0.0,0,0,0,0
508,Neco,Williams,N.Williams,a,,,4.8,364,,4.1,84,,0.7,,,1,0,,-2,,1629,22694,0.1,3.3,0.7,0.2,,,,0.0,0.0,,,,,,,,,,,,,,,,,,,,,,,,,8,1,90,0,0,0,3,0,0,0,0,0,0,1,0,-7,5775,97704,0.0,0.53,0.010000000000000009,0.5399999999999999,1.67,9.800000000000011,2.799999999999997,10.0,2.3000000000000043,2,3,3,8
509,David,Mota Veiga Teixeira do Carmo,David Carmo,u,has joined Real Oviedo on loan for the rest of the season.,,4.5,426,,0.0,639,,0.0,,,0,0,,0,,0,60,0.0,0.0,0.0,0.0,,,,0.0,0.0,,,,,,,,,,,,,,,,,,,,,,,,,8,0,0,0,0,0,0,0,0,0,0,0,0,0,0,0,0,174,0.0,0.0,0.0,0.0,0.0,0.0,0.0,0.0,0.0,0,0,0,0
510,Jair,Paula da Cunha Filho,Jair Cunha,a,,,4.3,605,,0.1,543,,1.0,,,0,0,,-2,,82,178,0.2,0.7,1.0,0.5,,,,0.0,0.0,,,,,,,,,,,,,,,,,,,,,,,,,8,0,0,0,0,0,0,0,0,0,0,0,0,0,0,0,357,450,0.0,0.0,0.0,0.0,0.0,0.0,0.0,0.0,0.0,0,0,0,0
511,Felipe,Rodrigues da Silva,Morato,a,,,4.4,536,,0.1,498,,1.7,,,0,0,,-1,,95,333,0.4,1.6,1.7,1.2,,,,0.0,0.0,,,,,,,,,,,,,,,,,,,,,,,,,8,0,90,0,0,0,3,0,0,0,1,0,0,1,0,3,378,753,0.0,0.0,0.0,0.0,1.6700000000000008,15.600000000000009,0.5,0.0,1.6000000000000014,3,4,1,8
512,Omar,Richards,O.Richards,u,has joined Rio Ave on loan for the rest of the season.,,4.5,407,,0.0,645,,0.0,,,0,0,,0,,0,33,0.0,0.0,0.0,0.0,,,,0.0,0.0,,,,,,,,,,,,,,,,,,,,,,,,,8,0,0,0,0,0,0,0,0,0,0,0,0,0,0,0,0,152,0.0,0.0,0.0,0.0,0.0,0.0,0.0,0.0,0.0,0,0,0,0
513,Zach,Abbott,Abbott,a,,,3.9,732,,0.2,364,,0.0,,,0,0,,-1,,229,460,0.0,0.0,0.0,-0.5,,,,0.0,0.0,,,,,,,,,,,,,,,,,,,,,,,,,8,0,0,0,0,0,0,0,0,0,0,0,0,0,0,0,761,1223,0.0,0.0,0.0,0.0,0.0,0.0,0.0,0.0,0.0,0,0,0,0
514,Willy,Boly,Boly,a,,,3.9,700,,0.5,246,,0.0,,,0,0,,-1,,726,1593,0.0,0.0,0.0,-0.5,,,,0.0,0.0,,,,,,,,,,,,,,,,,,,,,,,,,8,0,0,0,0,0,0,0,0,0,0,0,0,0,0,0,2566,3941,0.0,0.0,0.0,0.0,0.0,0.0,0.0,0.0,0.0,0,0,0,0
515,Morgan,Gibbs-White,Gibbs-White,a,,,7.3,28,,3.1,104,,2.3,,,2,-1,,-2,,2488,20186,0.3,2.7,2.3,1.8,,,,0.0,0.0,,,,,,,,,,,,,,,,,,,,,,,,,8,2,90,0,0,0,3,0,0,0,0,0,0,1,0,7,8448,71975,0.0,0.5,0.19999999999999996,0.7,1.67,0.0,13.699999999999989,17.0,3.0,0,2,4,6
516,Callum,Hudson-Odoi,Hudson-Odoi,a,Dead leg - 25% chance of playing,,5.9,100,,0.9,189,,1.0,,,1,0,,-1,,691,6908,0.2,3.2,1.0,0.5,,,,0.0,0.0,,,,,,,,,,,,,,,,,,,,,,,,,8,1,37,0,0,0,1,0,0,0,0,0,0,0,0,9,2233,25189,0.0,0.0,0.48000000000000004,0.47999999999999987,0.6699999999999999,15.200000000000003,27.5,2.0,4.5,1,1,2,4
517,Elliot,Anderson,Anderson,a,,,5.3,205,,3.4,97,,2.7,,,4,-1,,-2,,3723,14324,0.5,4.9,2.7,2.2,,,,0.0,0.0,,,,,,,,,,,,,,,,,,,,,,,,,8,4,90,0,0,0,3,0,0,0,0,0,0,1,0,17,9827,75360,0.0,0.0,0.22999999999999998,0.22999999999999998,1.67,12.400000000000006,37.19999999999999,6.0,5.600000000000001,1,2,9,12
518,João Pedro,Ferreira da Silva,Jota,u,has joined Besiktas on loan for the rest of the season.,,5.4,190,,0.0,581,,0.0,,,0,0,,-1,,0,116,0.0,0.2,0.0,0.0,,,,0.0,0.0,,,,,,,,,,,,,,,,,,,,,,,,,8,0,0,0,0,0,0,0,0,0,0,0,0,0,0,0,0,351,0.0,0.0,0.0,0.0,0.0,0.0,0.0,0.0,0.0,0,0,0,0
519,Nicolás,Domínguez,Dominguez,a,,,5.0,267,,0.0,700,,0.0,,,0,0,,0,,45,67,0.0,0.0,0.0,-0.5,,,,100.0,100.0,,,,,,,,,,,,,,,,,,,,,,,,,8,0,0,0,0,0,0,0,0,0,0,0,0,0,0,0,150,114,0.0,0.0,0.0,0.0,0.0,0.0,0.0,0.0,0.0,0,0,0,0
520,Lewis,O'Brien,O'Brien,u,Has joined Wrexham permanently.,,5.0,265,,0.0,742,,0.0,,,0,0,,0,,0,0,0.0,0.0,0.0,0.0,,,,0.0,0.0,,,,,,,,,,,,,,,,,,,,,,,,,8,0,0,0,0,0,0,0,0,0,0,0,0,0,0,0,0,2,0.0,0.0,0.0,0.0,0.0,0.0,0.0,0.0,0.0,0,0,0,0
521,Ibrahim,Sangaré,Sangaré,a,,,4.9,312,,0.1,542,,0.3,,,1,0,,-1,,108,234,0.1,2.4,0.3,-0.2,,,,0.0,0.0,,,,,,,,,,,,,,,,,,,,,,,,,8,1,90,0,0,0,3,0,0,0,1,0,0,1,0,13,267,747,0.0,0.25,0.03,0.28,1.67,26.4,16.0,34.0,7.6,4,3,2,9
522,Ryan,Yates,Yates,a,,,4.8,362,,0.1,500,,0.3,,,0,0,,-2,,103,356,0.1,0.8,0.3,-0.2,,,,0.0,0.0,,,,,,,,,,,,,,,,,,,,,,,,,8,0,0,0,0,0,0,0,0,0,0,0,0,0,0,0,366,946,0.0,0.0,0.0,0.0,0.0,0.0,0.0,0.0,0.0,0,0,0,0
523,Eric,da Silva Moreira,Da Silva Moreira,u,has joined Rio Ave on loan for the rest of the season.,,4.5,463,,0.1,521,,0.0,,,0,0,,0,,0,193,0.0,0.0,0.0,0.0,,,,0.0,0.0,,,,,,,,,,,,,,,,,,,,,,,,,8,0,0,0,0,0,0,0,0,0,0,0,0,0,0,0,0,659,0.0,0.0,0.0,0.0,0.0,0.0,0.0,0.0,0.0,0,0,0,0
524,Marko,Stamenić,Stamenic,u,Has joined Swansea City permanently.,,4.5,440,,0.0,648,,0.0,,,0,0,,0,,0,51,0.0,0.0,0.0,0.0,,,,0.0,0.0,,,,,,,,,,,,,,,,,,,,,,,,,8,0,0,0,0,0,0,0,0,0,0,0,0,0,0,0,0,173,0.0,0.0,0.0,0.0,0.0,0.0,0.0,0.0,0.0,0,0,0,0
525,Chris,Wood,Wood,a,Knee injury - 50% chance of playing,,7.2,30,,8.9,46,,1.7,,,1,-1,,-3,,4447,112491,0.2,3.5,1.7,0.9,,,,100.0,75.0,,,,,,,,,,,,,,,,,,,,,,,,,8,1,16,0,0,0,1,0,0,0,0,0,0,0,0,5,11629,453317,0.0,0.0,0.0,0.0,0.2699999999999996,2.0,0.0,0.0,0.1999999999999993,1,0,0,1
526,Igor Jesus,Maciel da Cruz,Igor Jesus,a,,,5.8,117,,0.6,212,,1.0,,,1,0,,-2,,2197,6226,0.2,1.2,1.0,0.5,,,,0.0,0.0,,,,,,,,,,,,,,,,,,,,,,,,,8,1,45,0,0,0,3,0,0,0,0,0,0,0,0,-4,7720,18250,0.0,0.69,0.010000000000000002,0.7000000000000001,1.3099999999999996,0.0,1.4999999999999982,15.0,1.5,1,0,0,1
527,Taiwo,Awoniyi,Awoniyi,a,,,5.2,222,,0.4,272,,0.3,,,1,0,,-3,,1662,1858,0.1,0.2,0.3,-0.2,,,,0.0,0.0,,,,,,,,,,,,,,,,,,,,,,,,,8,1,45,0,0,0,0,0,0,0,0,0,0,1,0,5,3266,4798,0.0,0.08,0.02,0.1,0.37,0.0,10.7,1.0,1.1,1,0,3,4
669,Dan,Ndoye,Ndoye,a,,,5.9,104,,1.6,145,,1.0,,,0,0,,-1,,451,18363,0.2,4.1,1.0,0.5,,,,0.0,0.0,,,,,,,,,,,,,,,,,,,,,,,,,8,0,0,0,0,0,0,0,0,0,0,0,0,0,0,0,3375,62442,0.0,0.0,0.0,0.0,0.0,0.0,0.0,0.0,0.0,0,0,0,0
675,Angus,Gunn,Gunn,a,Knee injury - Unknown return date,,4.0,623,,1.5,150,,0.0,,,0,0,,0,,265,1946,0.0,0.0,0.0,-0.5,,,,0.0,0.0,,,,,,,,,,,,,,,,,,,,,,,,,8,0,0,0,0,0,0,0,0,0,0,0,0,0,0,0,928,5373,0.0,0.0,0.0,0.0,0.0,0.0,0.0,0.0,0.0,0,0,0,0
693,Omari,Hutchinson,Hutchinson,a,,,5.5,155,,0.0,630,,0.7,,,0,0,,0,,95,174,0.1,0.7,0.7,0.2,,,,0.0,0.0,,,,,,,,,,,,,,,,,,,,,,,,,8,0,0,0,0,0,0,0,0,0,0,0,0,0,0,0,255,424,0.0,0.0,0.0,0.0,0.0,0.0,0.0,0.0,0.0,0,0,0,0
696,Arnaud,Kalimuendo,Kalimuendo,a,,,6.0,88,,0.1,462,,0.3,,,0,0,,0,,364,666,0.0,0.8,0.3,-0.2,,,,0.0,0.0,,,,,,,,,,,,,,,,,,,,,,,,,8,0,0,0,0,0,0,0,0,0,0,0,0,0,0,0,1052,1434,0.0,0.0,0.0,0.0,0.0,0.0,0.0,0.0,0.0,0,0,0,0
699,Douglas Luiz,Soares de Paulo,Douglas Luiz,a,Hamstring injury - Unknown return date,,5.0,263,,0.1,569,,0.3,,,1,0,,0,,383,198,0.1,1.2,0.3,-0.2,,,,100.0,100.0,,,,,,,,,,,,,,,,,,,,,,,,,8,1,52,0,0,0,2,0,0,0,0,0,0,1,0,5,676,838,0.0,0.0,0.22,0.22,0.9999999999999999,2.0,12.2,2.0,1.6,0,0,1,1
716,Nicolò,Savona,Savona,a,,,4.5,442,,0.0,680,,0.7,,,1,0,,0,,42,85,0.2,0.4,0.7,0.2,,,,0.0,0.0,,,,,,,,,,,,,,,,,,,,,,,,,8,1,16,0,0,0,1,0,0,0,0,0,0,0,0,0,132,200,0.0,0.0,0.010000000000000002,0.010000000000000002,0.2699999999999996,4.200000000000003,1.1999999999999993,0.0,0.5,1,0,1,2
729,Luis Eduardo,Soares da Silva,Cuiabano,u,has joined Botafogo on loan for the rest of the season.,,4.5,461,,0.0,744,,0.0,,,0,0,,0,,0,1,0.0,0.0,0.0,0.0,,,,0.0,0.0,,,,,,,,,,,,,,,,,,,,,,,,,8,0,0,0,0,0,0,0,0,0,0,0,0,0,0,0,0,2,0.0,0.0,0.0,0.0,0.0,0.0,0.0,0.0,0.0,0,0,0,0
734,Dilane,Bakwa,Bakwa,a,Knock - Unknown return date,,6.0,89,,0.0,672,,1.0,,,0,0,,0,,105,125,0.2,0.8,1.0,0.5,,,,0.0,0.0,,,,,,,,,,,,,,,,,,,,,,,,,8,0,0,0,0,0,0,0,0,0,0,0,0,0,0,0,287,428,0.0,0.0,0.0,0.0,0.0,0.0,0.0,0.0,0.0,0,0,0,0
528,Anthony,Patterson,Patterson,a,,,4.3,594,,0.2,363,,0.0,,,0,0,,-2,,173,584,0.0,0.0,-1.0,-0.5,,,,0.0,0.0,,,,,,,,,,,,,,,,,,,,,,,,,8,0,0,0,0,0,0,0,0,0,0,0,0,0,0,0,529,1631,0.0,0.0,0.0,0.0,0.0,0.0,0.0,0.0,0.0,0,0,0,0
529,Simon,Moore,Moore,a,,,4.0,616,,0.4,266,,0.0,,,0,0,,0,,177,706,0.0,0.0,-1.0,-0.5,,,,0.0,0.0,,,,,,,,,,,,,,,,,,,,,,,,,8,0,0,0,0,0,0,0,0,0,0,0,0,0,0,0,517,2050,0.0,0.0,0.0,0.0,0.0,0.0,0.0,0.0,0.0,0,0,0,0
530,Blondy,Nna Noukeu,Nna Noukeu,a,,,4.0,666,,0.1,430,,0.0,,,0,0,,0,,103,217,0.0,0.0,-1.0,-0.5,,,,0.0,0.0,,,,,,,,,,,,,,,,,,,,,,,,,8,0,0,0,0,0,0,0,0,0,0,0,0,0,0,0,205,675,0.0,0.0,0.0,0.0,0.0,0.0,0.0,0.0,0.0,0,0,0,0
531,Daniel,Ballard,Ballard,a,,,4.6,387,,2.4,122,,4.7,,,10,0,,1,,4795,4035,1.0,7.2,3.7,4.2,,,,100.0,100.0,,,,,,,,,,,,,,,,,,,,,,,,,8,10,90,0,0,1,0,0,0,0,0,0,0,1,2,33,13284,14673,0.0,0.06000000000000005,0.13,0.18999999999999995,0.8299999999999996,31.19999999999999,21.300000000000004,31.0,8.399999999999999,1,9,1,11
532,Trai,Hume,Hume,a,,,4.5,434,,0.3,299,,6.0,,,11,0,,0,,3121,937,1.3,8.2,5.0,5.5,,,,0.0,0.0,,,,,,,,,,,,,,,,,,,,,,,,,8,11,90,0,1,1,0,0,0,0,0,0,0,1,2,33,6597,3690,0.0,0.24,0.12,0.36,0.8300000000000001,26.0,20.5,9.0,5.600000000000001,0,4,1,5
533,Aji,Alese,Alese,i,Shoulder injury - Expected back 03 Nov,,4.0,634,,0.0,727,,0.0,,,0,0,,0,,16,5,0.0,0.0,0.0,0.0,,,,0.0,0.0,,,,,,,,,,,,,,,,,,,,,,,,,8,0,0,0,0,0,0,0,0,0,0,0,0,0,0,0,34,31,0.0,0.0,0.0,0.0,0.0,0.0,0.0,0.0,0.0,0,0,0,0
535,Dennis,Cirkin,Cirkin,i,Wrist Injury - Expected back 03 Nov,,4.0,650,,0.0,682,,0.0,,,0,0,,0,,10,50,0.0,0.0,0.0,0.0,,,,0.0,0.0,,,,,,,,,,,,,,,,,,,,,,,,,8,0,0,0,0,0,0,0,0,0,0,0,0,0,0,0,23,134,0.0,0.0,0.0,0.0,0.0,0.0,0.0,0.0,0.0,0,0,0,0
536,Leo Fuhr,Hjelde,Hjelde,i,Achilles injury - Expected back 03 Nov,,4.0,660,,0.0,724,,0.0,,,0,0,,0,,17,17,0.0,0.0,0.0,0.0,,,,0.0,0.0,,,,,,,,,,,,,,,,,,,,,,,,,8,0,0,0,0,0,0,0,0,0,0,0,0,0,0,0,32,49,0.0,0.0,0.0,0.0,0.0,0.0,0.0,0.0,0.0,0,0,0,0
537,Niall,Huggins,Huggins,u,has joined Wycombe Wanderers on loan for the rest of the season.,,4.0,668,,0.1,478,,0.0,,,0,0,,0,,0,248,0.0,0.0,0.0,0.0,,,,0.0,0.0,,,,,,,,,,,,,,,,,,,,,,,,,8,0,0,0,0,0,0,0,0,0,0,0,0,0,0,0,0,774,0.0,0.0,0.0,0.0,0.0,0.0,0.0,0.0,0.0,0,0,0,0
538,Zak,Johnson,Johnson,a,,,3.9,723,,0.3,323,,0.0,,,0,0,,-1,,595,846,0.0,0.0,-1.0,-0.5,,,,0.0,0.0,,,,,,,,,,,,,,,,,,,,,,,,,8,0,0,0,0,0,0,0,0,0,0,0,0,0,0,0,2068,2349,0.0,0.0,0.0,0.0,0.0,0.0,0.0,0.0,0.0,0,0,0,0
539,Luke,O'Nien,O'Nien,a,,,4.0,629,,0.0,601,,0.0,,,0,0,,0,,212,198,0.0,0.0,-1.0,-0.5,,,,100.0,100.0,,,,,,,,,,,,,,,,,,,,,,,,,8,0,0,0,0,0,0,0,0,0,0,0,0,0,0,0,575,414,0.0,0.0,0.0,0.0,0.0,0.0,0.0,0.0,0.0,0,0,0,0
540,Timothée,Pembélé,Pembele,a,,,3.9,715,,0.4,253,,0.0,,,0,0,,-1,,731,1699,0.0,0.0,-1.0,-0.5,,,,0.0,0.0,,,,,,,,,,,,,,,,,,,,,,,,,8,0,0,0,0,0,0,0,0,0,0,0,0,0,0,0,2950,4417,0.0,0.0,0.0,0.0,0.0,0.0,0.0,0.0,0.0,0,0,0,0
541,Reinildo,Mandava,Reinildo,a,,,4.0,643,,4.7,75,,0.0,,,0,0,,0,,1079,17662,0.0,3.5,-1.0,0.0,,,,100.0,0.0,,,,,,,,,,,,,,,,,,,,,,,,,8,0,0,0,0,0,0,0,0,0,0,0,0,0,0,0,1561,76474,0.0,0.0,0.0,0.0,0.0,0.0,0.0,0.0,0.0,0,0,0,0
542,Jenson,Seelt,Seelt,u,has joined Wolfsburg on loan for the rest of the season.,,4.0,678,,0.1,431,,0.0,,,0,0,,0,,0,381,0.0,0.5,0.0,0.0,,,,0.0,0.0,,,,,,,,,,,,,,,,,,,,,,,,,8,0,0,0,0,0,0,0,0,0,0,0,0,0,0,0,0,1254,0.0,0.0,0.0,0.0,0.0,0.0,0.0,0.0,0.0,0,0,0,0
543,Simon,Adingra,Adingra,a,,,5.2,232,,0.6,219,,0.7,,,0,0,,-3,,585,4212,0.1,2.5,-0.3,0.2,,,,0.0,0.0,,,,,,,,,,,,,,,,,,,,,,,,,8,0,0,0,0,0,0,0,0,0,0,0,0,0,0,0,2667,12833,0.0,0.0,0.0,0.0,0.0,0.0,0.0,0.0,0.0,0,0,0,0
544,Habib,Diarra,Diarra,i,Groin Injury - Expected back 03 Dec,,5.4,193,,0.0,575,,0.0,,,0,0,,-1,,10,302,0.0,2.2,0.0,0.0,,,,0.0,0.0,,,,,,,,,,,,,,,,,,,,,,,,,8,0,0,0,0,0,0,0,0,0,0,0,0,0,0,0,27,1060,0.0,0.0,0.0,0.0,0.0,0.0,0.0,0.0,0.0,0,0,0,0
545,Patrick,Roberts,Roberts,u,has joined Birmingham City on loan for the rest of the season.,,5.4,164,,0.0,674,,0.0,,,0,0,,-1,,0,33,0.0,0.2,0.0,0.0,,,,0.0,0.0,,,,,,,,,,,,,,,,,,,,,,,,,8,0,0,0,0,0,0,0,0,0,0,0,0,0,0,0,0,112,0.0,0.0,0.0,0.0,0.0,0.0,0.0,0.0,0.0,0,0,0,0
546,Milan,Aleksić,Aleksić,u,has joined Cracovia on loan for the rest of the season.,,4.9,354,,0.0,664,,0.0,,,0,0,,-1,,0,31,0.0,0.0,0.0,0.0,,,,0.0,0.0,,,,,,,,,,,,,,,,,,,,,,,,,8,0,0,0,0,0,0,0,0,0,0,0,0,0,0,0,0,124,0.0,0.0,0.0,0.0,0.0,0.0,0.0,0.0,0.0,0,0,0,0
547,Enzo,Le Fée,E.Le Fée,a,,,4.9,342,,0.4,267,,3.3,,,5,0,,-1,,1279,1601,0.7,5.1,2.3,2.8,,,,100.0,100.0,,,,,,,,,,,,,,,,,,,,,,,,,8,5,90,0,0,1,0,0,0,0,0,0,0,1,0,13,3764,5657,0.0,0.0,0.020000000000000018,0.020000000000000018,0.8299999999999992,26.599999999999994,12.799999999999997,0.0,3.8999999999999986,4,6,4,14
548,Romaine,Mundle,Mundle,i,Hamstring injury - Expected back 22 Nov,,4.9,333,,0.0,726,,0.0,,,0,0,,-1,,8,4,0.0,0.0,0.0,0.0,,,,0.0,0.0,,,,,,,,,,,,,,,,,,,,,,,,,8,0,0,0,0,0,0,0,0,0,0,0,0,0,0,0,15,23,0.0,0.0,0.0,0.0,0.0,0.0,0.0,0.0,0.0,0,0,0,0
549,Dan,Neil,Neil,a,,,4.8,367,,0.0,622,,0.3,,,1,0,,-2,,55,72,0.1,0.4,-0.7,-0.2,,,,0.0,0.0,,,,,,,,,,,,,,,,,,,,,,,,,8,1,1,0,0,0,0,0,0,0,0,0,0,0,0,3,144,219,0.0,0.0,0.0,0.0,0.1,1.0,0.0,0.0,0.1,0,1,0,1
550,Ian,Poveda-Ocampo,Poveda,a,,,4.8,365,,0.0,647,,0.0,,,0,0,,-2,,24,39,0.0,0.0,-1.0,-0.5,,,,0.0,0.0,,,,,,,,,,,,,,,,,,,,,,,,,8,0,0,0,0,0,0,0,0,0,0,0,0,0,0,0,63,124,0.0,0.0,0.0,0.0,0.0,0.0,0.0,0.0,0.0,0,0,0,0
552,Noah,Sadiki,Sadiki,a,,,5.0,289,,0.0,571,,2.0,,,3,0,,0,,111,232,0.4,3.4,1.0,1.1,,,,100.0,75.0,,,,,,,,,,,,,,,,,,,,,,,,,8,3,90,0,0,1,0,0,0,0,0,0,0,1,0,15,261,846,0.0,0.03,0.010000000000000009,0.03999999999999998,0.7300000000000004,5.799999999999997,1.5999999999999943,5.0,1.200000000000001,0,3,5,8
553,Chemsdine,Talbi,Talbi,a,,,5.0,285,,0.2,346,,2.7,,,4,0,,0,,220,955,0.5,4.8,1.7,2.2,,,,0.0,0.0,,,,,,,,,,,,,,,,,,,,,,,,,8,4,27,0,1,0,0,0,0,0,0,0,0,0,0,13,823,3304,0.0,0.0,0.0,0.0,0.5899999999999999,1.1999999999999957,0.09999999999999432,0.0,0.10000000000000142,0,0,1,1
554,Abdoullah,Ba,Ba,a,,,4.4,535,,0.2,365,,0.0,,,0,0,,-1,,246,740,0.0,0.0,-1.0,-0.5,,,,0.0,0.0,,,,,,,,,,,,,,,,,,,,,,,,,8,0,0,0,0,0,0,0,0,0,0,0,0,0,0,0,807,2229,0.0,0.0,0.0,0.0,0.0,0.0,0.0,0.0,0.0,0,0,0,0
555,Alan,Browne,Browne,u,has joined Middlesbrough on loan for the rest of the season.,,4.5,400,,0.0,592,,0.0,,,0,0,,0,,0,126,0.0,0.0,0.0,0.0,,,,0.0,0.0,,,,,,,,,,,,,,,,,,,,,,,,,8,0,0,0,0,0,0,0,0,0,0,0,0,0,0,0,0,417,0.0,0.0,0.0,0.0,0.0,0.0,0.0,0.0,0.0,0,0,0,0
556,Pierre,Ekwah Elimby,Ekwah,u,Has joined AS Saint-Etienne permanently.,,4.5,428,,0.0,710,,0.0,,,0,0,,0,,0,20,0.0,0.0,0.0,0.0,,,,0.0,0.0,,,,,,,,,,,,,,,,,,,,,,,,,8,0,0,0,0,0,0,0,0,0,0,0,0,0,0,0,0,66,0.0,0.0,0.0,0.0,0.0,0.0,0.0,0.0,0.0,0,0,0,0
557,Harrison,Jones,H.Jones,a,,,4.4,564,,0.1,546,,0.0,,,0,0,,-1,,158,210,0.0,0.0,-1.0,-0.5,,,,0.0,0.0,,,,,,,,,,,,,,,,,,,,,,,,,8,0,0,0,0,0,0,0,0,0,0,0,0,0,0,0,399,634,0.0,0.0,0.0,0.0,0.0,0.0,0.0,0.0,0.0,0,0,0,0
558,Jay,Matete,Matete,a,,,4.4,544,,0.2,340,,0.0,,,0,0,,-1,,935,1037,0.0,0.0,-1.0,-0.5,,,,0.0,0.0,,,,,,,,,,,,,,,,,,,,,,,,,8,0,0,0,0,0,0,0,0,0,0,0,0,0,0,0,2181,2711,0.0,0.0,0.0,0.0,0.0,0.0,0.0,0.0,0.0,0,0,0,0
559,Nectarios,Triantis,Triantis,u,has joined Minnesota United permanently.,,4.4,549,,0.0,577,,0.0,,,0,0,,-1,,0,159,0.0,0.0,0.0,0.0,,,,0.0,0.0,,,,,,,,,,,,,,,,,,,,,,,,,8,0,0,0,0,0,0,0,0,0,0,0,0,0,0,0,0,601,0.0,0.0,0.0,0.0,0.0,0.0,0.0,0.0,0.0,0,0,0,0
560,Wilson,Isidor,Isidor,a,,,5.6,132,,3.2,102,,1.7,,,2,0,,1,,14473,45534,0.3,5.4,0.7,1.2,,,,0.0,0.0,,,,,,,,,,,,,,,,,,,,,,,,,8,2,75,0,0,1,0,0,0,0,0,0,0,1,0,5,86325,86973,0.0,0.040000000000000036,0.0,0.040000000000000036,0.33999999999999986,0.0,1.1999999999999993,6.0,0.5999999999999979,1,0,1,2
561,Eliezer,Mayenda Dossou,Mayenda,a,,,5.5,158,,0.8,192,,0.7,,,1,0,,0,,712,6467,0.1,2.7,-0.3,0.2,,,,0.0,0.0,,,,,,,,,,,,,,,,,,,,,,,,,8,1,14,0,0,0,0,0,0,0,0,0,0,0,0,2,2442,17404,0.0,0.0,0.0,0.0,0.48,0.20000000000000284,0.0,2.0,0.20000000000000107,0,0,1,1
562,Ahmed,Abdullahi,Abdullahi,a,,,4.4,580,,0.4,274,,0.0,,,0,0,,-1,,678,1978,0.0,0.0,-1.0,-0.5,,,,0.0,0.0,,,,,,,,,,,,,,,,,,,,,,,,,8,0,0,0,0,0,0,0,0,0,0,0,0,0,0,0,1933,4786,0.0,0.0,0.0,0.0,0.0,0.0,0.0,0.0,0.0,0,0,0,0
563,Luís Hemir,Silva Semedo,Luís Hemir,u,has joined Moreirense on loan for the rest of the season.,,4.4,567,,0.1,442,,0.0,,,0,0,,-1,,0,514,0.0,0.0,0.0,0.0,,,,0.0,0.0,,,,,,,,,,,,,,,,,,,,,,,,,8,0,0,0,0,0,0,0,0,0,0,0,0,0,0,0,0,1486,0.0,0.0,0.0,0.0,0.0,0.0,0.0,0.0,0.0,0,0,0,0
564,Nazarii,Rusyn,Rusyn,u,has joined Arka on loan for the rest of the season.,,4.4,526,,0.1,452,,0.0,,,0,0,,-1,,0,369,0.0,0.0,0.0,0.0,,,,0.0,0.0,,,,,,,,,,,,,,,,,,,,,,,,,8,0,0,0,0,0,0,0,0,0,0,0,0,0,0,0,0,970,0.0,0.0,0.0,0.0,0.0,0.0,0.0,0.0,0.0,0,0,0,0
668,Granit,Xhaka,Xhaka,a,,,5.1,234,,4.6,76,,5.7,,,5,1,,1,,37650,13351,1.1,7.3,4.7,5.2,,,,0.0,0.0,,,,,,,,,,,,,,,,,,,,,,,,,8,5,90,0,0,1,0,0,0,0,0,0,0,1,0,15,128464,39832,0.0,0.03,0.06000000000000005,0.08999999999999997,0.8300000000000001,16.19999999999999,19.700000000000017,2.0,3.799999999999997,1,6,5,12
670,Robin,Roefs,Roefs,a,,,4.6,388,,5.6,69,,6.3,,,7,0,,1,,51491,9049,1.4,10.4,5.3,5.8,,,,0.0,0.0,,,,,,,,,,,,,,,,,,,,,,,,,8,7,90,0,0,1,0,0,0,0,0,0,3,1,0,28,135458,30452,0.0,0.0,0.0,0.0,0.8300000000000001,23.400000000000006,0.0,0.0,2.3000000000000007,0,0,6,6
678,Arthur,Masuaku,Masuaku,a,,,3.9,701,,0.8,196,,0.0,,,0,0,,-1,,6944,2579,0.0,0.3,-1.0,-0.5,,,,100.0,100.0,,,,,,,,,,,,,,,,,,,,,,,,,8,0,0,0,0,0,0,0,0,0,0,0,0,0,0,0,22428,5749,0.0,0.0,0.0,0.0,0.0,0.0,0.0,0.0,0.0,0,0,0,0
683,Omar,Alderete,Alderete,a,,,4.1,610,,7.0,58,,7.7,,,6,0,,1,,31882,17993,1.9,11.0,6.7,5.4,,,,100.0,75.0,,,,,,,,,,,,,,,,,,,,,,,,,8,6,90,0,0,1,0,0,0,0,0,0,0,1,0,20,131046,87099,0.0,0.0,0.009999999999999953,0.010000000000000009,0.8300000000000001,17.599999999999994,11.0,0.0,2.8999999999999986,1,7,1,9
694,Nordi,Mukiele,Mukiele,a,,,4.1,609,,3.3,100,,8.7,,,17,1,,1,,77439,4894,2.1,10.7,7.7,8.2,,,,0.0,0.0,,,,,,,,,,,,,,,,,,,,,,,,,8,17,90,1,0,1,0,0,0,0,0,0,0,1,3,47,160473,18327,0.0,0.24,0.06,0.30000000000000004,0.8299999999999992,56.20000000000002,2.200000000000003,22.0,8.0,3,9,7,19
724,Lutsharel,Geertruida,Geertruida,a,,,4.5,417,,0.0,662,,1.0,,,1,0,,0,,90,136,0.2,1.1,0.0,0.5,,,,0.0,0.0,,,,,,,,,,,,,,,,,,,,,,,,,8,1,14,0,0,0,0,0,0,0,0,0,0,0,0,5,349,281,0.0,0.0,0.0,0.0,0.48,3.1999999999999993,0.30000000000000004,0.0,0.3999999999999999,1,1,1,3
730,Brian,Brobbey,Brobbey,a,,,5.5,147,,0.1,554,,0.7,,,0,0,,0,,342,773,0.1,0.5,-0.3,0.2,,,,0.0,0.0,,,,,,,,,,,,,,,,,,,,,,,,,8,0,0,0,0,0,0,0,0,0,0,0,0,0,0,0,1142,1606,0.0,0.0,0.0,0.0,0.0,0.0,0.0,0.0,0.0,0,0,0,0
735,Bertrand,Traoré,Traoré,a,,,5.5,137,,0.0,638,,1.3,,,3,0,,0,,284,200,0.2,0.7,0.3,0.8,,,,0.0,0.0,,,,,,,,,,,,,,,,,,,,,,,,,8,3,62,0,0,1,0,0,0,0,0,0,0,1,0,7,1064,509,0.0,0.0,0.0,0.0,0.23999999999999977,2.0,0.6999999999999993,0.0,0.29999999999999893,0,1,3,4
565,Guglielmo,Vicario,Vicario,a,,,5.1,236,,11.2,37,,2.0,,,1,0,,1,,5200,51591,0.4,7.1,2.0,2.0,,,,0.0,0.0,,,,,,,,,,,,,,,,,,,,,,,,,8,1,90,0,0,0,2,0,0,0,0,0,0,1,0,1,21678,122671,0.0,0.0,0.0,0.0,0.3200000000000003,5.0,0.0,0.0,0.5,0,2,7,9
566,Brandon,Austin,Austin,a,,,3.9,706,,0.3,311,,0.0,,,0,0,,-1,,2020,653,0.0,0.0,0.0,0.0,,,,0.0,0.0,,,,,,,,,,,,,,,,,,,,,,,,,8,0,0,0,0,0,0,0,0,0,0,0,0,0,0,0,7546,1655,0.0,0.0,0.0,0.0,0.0,0.0,0.0,0.0,0.0,0,0,0,0
567,Antonín,Kinský,Kinsky,a,,,3.9,718,,1.9,134,,0.0,,,0,0,,-1,,9299,4386,0.0,0.0,0.0,0.0,,,,0.0,0.0,,,,,,,,,,,,,,,,,,,,,,,,,8,0,0,0,0,0,0,0,0,0,0,0,0,0,0,0,27982,12523,0.0,0.0,0.0,0.0,0.0,0.0,0.0,0.0,0.0,0,0,0,0
568,Pedro,Porro Sauceda,Pedro Porro,a,,,5.6,133,,20.4,17,,3.0,,,1,0,,1,,10717,81728,0.5,5.5,3.0,3.0,,,,0.0,0.0,,,,,,,,,,,,,,,,,,,,,,,,,8,1,90,0,0,0,2,0,0,0,0,0,0,1,0,10,44577,190404,0.0,0.0,0.020000000000000018,0.020000000000000018,0.3199999999999994,14.599999999999994,24.099999999999994,2.0,4.100000000000001,1,2,6,9
569,Cristian,Romero,Romero,d,Muscle injury - 50% chance of playing,,5.1,238,,6.4,61,,1.0,,,0,0,,1,,2169,81450,0.2,6.3,0.5,1.0,,,,50.0,0.0,,,,,,,,,,,,,,,,,,,,,,,,,8,0,0,0,0,0,0,0,0,0,0,0,0,0,0,0,15859,139117,0.0,0.0,0.0,0.0,0.0,0.0,0.0,0.0,0.0,0,0,0,0
570,Kevin,Danso,Danso,a,,,4.3,591,,0.1,401,,0.3,,,0,0,,-2,,344,475,0.1,0.7,0.3,0.3,,,,0.0,0.0,,,,,,,,,,,,,,,,,,,,,,,,,8,0,90,0,0,0,2,0,0,0,1,0,0,1,0,7,682,1436,0.0,0.0,0.02,0.02,0.32000000000000006,18.799999999999997,1.8,0.0,2.1,0,9,3,12
571,Ben,Davies,Davies,i,Hamstring injury - Unknown return date,,4.3,590,,0.1,504,,0.0,,,0,0,,-2,,14,361,0.0,0.0,0.0,0.0,,,,0.0,75.0,,,,,,,,,,,,,,,,,,,,,,,,,8,0,0,0,0,0,0,0,0,0,0,0,0,0,0,0,166,807,0.0,0.0,0.0,0.0,0.0,0.0,0.0,0.0,0.0,0,0,0,0
572,Radu,Drăgușin,Dragusin,i,Knee injury - Unknown return date,,4.5,438,,0.0,717,,0.0,,,0,0,,0,,26,20,0.0,0.0,0.0,0.0,,,,0.0,0.0,,,,,,,,,,,,,,,,,,,,,,,,,8,0,0,0,0,0,0,0,0,0,0,0,0,0,0,0,62,70,0.0,0.0,0.0,0.0,0.0,0.0,0.0,0.0,0.0,0,0,0,0
573,Djed,Spence,Spence,a,,,4.5,413,,1.9,138,,1.0,,,1,0,,0,,2201,11709,0.2,4.9,1.0,1.0,,,,0.0,0.0,,,,,,,,,,,,,,,,,,,,,,,,,8,1,85,0,0,0,2,0,0,0,0,0,0,1,0,-1,6705,35142,0.0,0.0,0.01999999999999999,0.020000000000000018,0.1900000000000004,10.0,2.799999999999997,2.0,1.5,2,3,2,7
574,Destiny,Udogie,Udogie,d,Knee injury - 50% chance of playing,,4.4,537,,0.5,227,,1.3,,,0,0,,-1,,529,4719,0.3,1.6,0.7,1.3,,,,50.0,100.0,,,,,,,,,,,,,,,,,,,,,,,,,8,0,0,0,0,0,0,0,0,0,0,0,0,0,0,0,4440,8369,0.0,0.0,0.0,0.0,0.0,0.0,0.0,0.0,0.0,0,0,0,0
575,Micky,van de Ven,Van de Ven,a,,,4.7,385,,32.1,8,,1.3,,,0,-1,,2,,17252,148400,0.3,6.8,1.3,1.3,,,,0.0,0.0,,,,,,,,,,,,,,,,,,,,,,,,,8,0,90,0,0,0,2,0,0,0,1,0,0,1,0,3,68527,305726,0.0,0.10000000000000009,0.010000000000000009,0.10999999999999999,0.3200000000000003,11.0,1.2999999999999972,4.0,1.5999999999999979,0,4,5,9
576,Ashley,Phillips,Phillips,u,Has joined Stoke City on loan for the rest of the season.,,4.0,680,,0.0,677,,0.0,,,0,0,,0,,0,16,0.0,0.0,0.0,0.0,,,,0.0,0.0,,,,,,,,,,,,,,,,,,,,,,,,,8,0,0,0,0,0,0,0,0,0,0,0,0,0,0,0,0,58,0.0,0.0,0.0,0.0,0.0,0.0,0.0,0.0,0.0,0,0,0,0
577,Takai,Kōta,Takai,d,Foot injury - 50% chance of playing,,4.0,683,,0.1,551,,0.0,,,0,0,,0,,23,130,0.0,0.0,0.0,0.0,,,,50.0,50.0,,,,,,,,,,,,,,,,,,,,,,,,,8,0,0,0,0,0,0,0,0,0,0,0,0,0,0,0,55,380,0.0,0.0,0.0,0.0,0.0,0.0,0.0,0.0,0.0,0,0,0,0
578,Luka,Vušković,Vuskovic,u,has joined Hamburger SV on loan for the rest of the season.,,3.9,743,,0.4,254,,0.0,,,0,0,,-1,,0,1396,0.0,0.0,0.0,0.0,,,,0.0,0.0,,,,,,,,,,,,,,,,,,,,,,,,,8,0,0,0,0,0,0,0,0,0,0,0,0,0,0,0,0,4040,0.0,0.0,0.0,0.0,0.0,0.0,0.0,0.0,0.0,0,0,0,0
579,Son,Heung-min,Son,u,Has joined Los Angeles FC permanently.,,8.5,10,,0.1,423,,0.0,,,0,0,,0,,0,105,0.0,0.0,0.0,0.0,,,,0.0,0.0,,,,,,,,,,,,,,,,,,,,,,,,,8,0,0,0,0,0,0,0,0,0,0,0,0,0,0,0,0,299,0.0,0.0,0.0,0.0,0.0,0.0,0.0,0.0,0.0,0,0,0,0
580,Brennan,Johnson,Johnson,a,,,6.8,45,,3.8,90,,1.0,,,1,0,,-2,,748,27473,0.1,3.4,1.0,1.0,,,,0.0,0.0,,,,,,,,,,,,,,,,,,,,,,,,,8,1,4,0,0,0,0,0,0,0,0,0,0,0,0,2,3273,108680,0.0,0.05999999999999994,0.0,0.06000000000000005,0.1200000000000001,0.0,0.10000000000000142,4.0,0.40000000000000213,0,1,0,1
581,James,Maddison,Maddison,i,Anterior cruciate ligament - Unknown return date,,6.9,39,,0.1,427,,0.0,,,0,0,,-1,,41,152,0.0,0.0,0.0,0.0,,,,0.0,0.0,,,,,,,,,,,,,,,,,,,,,,,,,8,0,0,0,0,0,0,0,0,0,0,0,0,0,0,0,93,474,0.0,0.0,0.0,0.0,0.0,0.0,0.0,0.0,0.0,0,0,0,0
582,Mohammed,Kudus,Kudus,a,Knock - 50% chance of playing,,6.8,48,,35.2,4,,5.3,,,2,0,,3,,94726,80584,0.8,6.0,5.3,5.3,,,,0.0,0.0,,,,,,,,,,,,,,,,,,,,,,,,,8,2,90,0,0,0,2,0,0,0,0,0,0,1,0,6,511373,154643,0.0,0.0,0.07000000000000006,0.06999999999999984,0.3200000000000003,11.199999999999989,40.099999999999994,8.0,5.899999999999999,2,1,6,9
583,Dejan,Kulusevski,Kulusevski,i,Knee injury - Unknown return date,,6.4,66,,0.0,686,,0.0,,,0,0,,-1,,15,36,0.0,0.0,0.0,0.0,,,,0.0,0.0,,,,,,,,,,,,,,,,,,,,,,,,,8,0,0,0,0,0,0,0,0,0,0,0,0,0,0,0,58,81,0.0,0.0,0.0,0.0,0.0,0.0,0.0,0.0,0.0,0,0,0,0
584,Mathys,Tel,Tel,a,,,6.3,78,,0.1,408,,3.7,,,1,0,,-2,,1159,1095,0.6,2.5,3.7,3.7,,,,0.0,0.0,,,,,,,,,,,,,,,,,,,,,,,,,8,1,59,0,0,0,1,0,0,0,0,0,0,1,0,-2,4526,2110,0.0,0.0,0.010000000000000002,0.009999999999999981,0.1200000000000001,0.0,0.8000000000000007,8.0,0.7999999999999989,1,0,4,5
585,Rodrigo,Bentancur,Bentancur,a,,,5.3,204,,0.2,376,,6.0,,,12,0,,-2,,3429,431,1.1,4.9,6.0,6.0,,,,0.0,0.0,,,,,,,,,,,,,,,,,,,,,,,,,8,12,85,1,0,0,2,0,0,0,0,0,0,1,3,36,4270,1250,0.0,0.12000000000000001,0.010000000000000009,0.12999999999999995,0.1900000000000004,55.2,12.600000000000001,19.0,8.7,3,6,3,12
586,Lucas,Bergvall,Bergvall,a,Head injury - 75% chance of playing,,5.4,194,,0.5,235,,0.7,,,1,0,,-1,,694,5826,0.1,4.1,0.7,0.7,,,,0.0,0.0,,,,,,,,,,,,,,,,,,,,,,,,,8,1,11,0,0,0,0,0,0,0,0,0,0,0,0,3,2512,20687,0.0,0.0,0.0,0.0,0.1200000000000001,4.200000000000003,1.3999999999999986,0.0,0.6000000000000014,2,1,0,3
587,Yves,Bissouma,Bissouma,i,Ankle injury - Unknown return date,,5.2,224,,0.0,588,,0.0,,,0,0,,-3,,22,105,0.0,0.0,0.0,0.0,,,,0.0,0.0,,,,,,,,,,,,,,,,,,,,,,,,,8,0,0,0,0,0,0,0,0,0,0,0,0,0,0,0,62,320,0.0,0.0,0.0,0.0,0.0,0.0,0.0,0.0,0.0,0,0,0,0
588,Wilson,Odobert,Odobert,a,,,5.3,216,,0.0,610,,1.7,,,2,0,,-2,,158,122,0.3,2.1,1.7,1.7,,,,0.0,0.0,,,,,,,,,,,,,,,,,,,,,,,,,8,2,78,0,0,0,2,0,0,0,0,0,0,1,0,7,373,346,0.0,0.26000000000000006,0.15999999999999998,0.42000000000000004,0.18999999999999995,8.0,16.5,41.0,6.600000000000001,0,1,3,4
589,Manor,Solomon,Solomon,u,has joined Villarreal CF on loan for the rest of the season.,,5.4,176,,0.0,707,,0.0,,,0,0,,-1,,0,12,0.0,0.0,0.0,0.0,,,,0.0,0.0,,,,,,,,,,,,,,,,,,,,,,,,,8,0,0,0,0,0,0,0,0,0,0,0,0,0,0,0,0,42,0.0,0.0,0.0,0.0,0.0,0.0,0.0,0.0,0.0,0,0,0,0
590,Bryan,Gil Salvatierra,Bryan,u,has joined Girona permanently.,,4.9,328,,0.0,616,,0.0,,,0,0,,-1,,0,75,0.0,0.0,0.0,0.0,,,,0.0,0.0,,,,,,,,,,,,,,,,,,,,,,,,,8,0,0,0,0,0,0,0,0,0,0,0,0,0,0,0,0,259,0.0,0.0,0.0,0.0,0.0,0.0,0.0,0.0,0.0,0,0,0,0
591,Archie,Gray,Gray,a,Calf injury - Unknown return date,,4.8,377,,0.1,450,,0.0,,,0,0,,-2,,279,361,0.0,0.8,0.0,0.0,,,,0.0,0.0,,,,,,,,,,,,,,,,,,,,,,,,,8,0,0,0,0,0,0,0,0,0,0,0,0,0,0,0,775,1066,0.0,0.0,0.0,0.0,0.0,0.0,0.0,0.0,0.0,0,0,0,0
592,Mikey,Moore,Moore,u,Has joined Rangers on loan for the rest of the season.,,5.0,279,,0.0,728,,0.0,,,0,0,,0,,0,8,0.0,0.0,0.0,0.0,,,,0.0,0.0,,,,,,,,,,,,,,,,,,,,,,,,,8,0,0,0,0,0,0,0,0,0,0,0,0,0,0,0,0,13,0.0,0.0,0.0,0.0,0.0,0.0,0.0,0.0,0.0,0,0,0,0
593,Pape Matar,Sarr,P.M.Sarr,a,,,4.9,340,,1.9,135,,2.0,,,1,-1,,-1,,2145,17532,0.4,5.1,2.0,2.0,,,,100.0,100.0,,,,,,,,,,,,,,,,,,,,,,,,,8,1,4,0,0,0,0,0,0,0,0,0,0,0,0,1,6877,53717,0.0,0.0,0.0,0.0,0.1200000000000001,0.0,0.0,0.0,0.0,0,0,1,1
594,Yang,Min-hyeok,Min-hyeok,u,Has joined Portsmouth on loan for the rest of the season.,,4.5,486,,0.0,678,,0.0,,,0,0,,0,,0,25,0.0,0.0,0.0,0.0,,,,0.0,0.0,,,,,,,,,,,,,,,,,,,,,,,,,8,0,0,0,0,0,0,0,0,0,0,0,0,0,0,0,0,68,0.0,0.0,0.0,0.0,0.0,0.0,0.0,0.0,0.0,0,0,0,0
595,Callum,Olusesi,Olusesi,a,,,4.4,547,,0.2,357,,0.0,,,0,0,,-1,,253,643,0.0,0.0,0.0,0.0,,,,0.0,0.0,,,,,,,,,,,,,,,,,,,,,,,,,8,0,0,0,0,0,0,0,0,0,0,0,0,0,0,0,824,1829,0.0,0.0,0.0,0.0,0.0,0.0,0.0,0.0,0.0,0,0,0,0
596,Dominic,Solanke-Mitchell,Solanke,d,Ankle injury - 25% chance of playing,,7.2,31,,1.0,176,,0.0,,,0,0,,-3,,87,2141,0.0,0.3,0.0,0.0,,,,25.0,25.0,,,,,,,,,,,,,,,,,,,,,,,,,8,0,0,0,0,0,0,0,0,0,0,0,0,0,0,0,233,8016,0.0,0.0,0.0,0.0,0.0,0.0,0.0,0.0,0.0,0,0,0,0
597,Richarlison,de Andrade,Richarlison,a,,,6.6,51,,12.1,34,,1.3,,,1,-1,,1,,12606,196887,0.2,5.0,1.3,1.3,,,,0.0,0.0,,,,,,,,,,,,,,,,,,,,,,,,,8,1,30,0,0,0,1,0,0,0,0,0,0,0,0,4,51705,531533,0.0,0.0,0.10999999999999999,0.1100000000000001,0.1900000000000004,4.199999999999989,10.599999999999994,4.0,1.8999999999999986,0,1,1,2
598,Will,Lankshear,Lankshear,u,Has joined Oxford United on loan for the rest of the season.,,4.5,456,,0.0,632,,0.0,,,0,0,,0,,0,59,0.0,0.0,0.0,0.0,,,,0.0,0.0,,,,,,,,,,,,,,,,,,,,,,,,,8,0,0,0,0,0,0,0,0,0,0,0,0,0,0,0,0,154,0.0,0.0,0.0,0.0,0.0,0.0,0.0,0.0,0.0,0,0,0,0
599,Dane,Scarlett,Scarlett,a,,,4.4,541,,0.6,216,,0.0,,,0,0,,-1,,828,2450,0.0,0.0,0.0,0.0,,,,0.0,0.0,,,,,,,,,,,,,,,,,,,,,,,,,8,0,0,0,0,0,0,0,0,0,0,0,0,0,0,0,2355,6047,0.0,0.0,0.0,0.0,0.0,0.0,0.0,0.0,0.0,0,0,0,0
673,João Maria,Lobo Alves Palhares Costa Palhinha Gonçalves,J.Palhinha,a,,,5.5,139,,1.4,157,,6.3,,,9,0,,0,,26905,4451,1.1,7.1,6.3,6.3,,,,0.0,0.0,,,,,,,,,,,,,,,,,,,,,,,,,8,9,90,0,1,0,2,0,0,0,0,0,0,1,2,35,38985,18731,0.0,0.06999999999999995,0.21999999999999997,0.29000000000000004,0.3200000000000003,43.80000000000001,11.799999999999997,14.0,7.0,10,3,3,16
717,Xavi,Simons,Xavi,a,,,6.9,43,,2.4,117,,1.7,,,2,-1,,-1,,4094,40182,0.2,1.7,1.7,1.7,,,,0.0,0.0,,,,,,,,,,,,,,,,,,,,,,,,,8,2,78,0,0,0,2,0,0,0,0,0,0,1,0,10,17907,121154,0.0,0.0,0.029999999999999916,0.030000000000000027,0.18999999999999995,11.799999999999997,14.300000000000011,0.0,2.5999999999999996,4,3,3,10
726,Randal,Kolo Muani,Kolo Muani,a,Jaw Injury - 25% chance of playing,,6.9,40,,0.2,380,,0.3,,,1,0,,-1,,2012,1000,0.0,0.1,0.3,0.3,,,,100.0,100.0,,,,,,,,,,,,,,,,,,,,,,,,,8,1,11,0,0,0,0,0,0,0,0,0,0,0,0,0,3170,2993,0.0,0.13,0.0,0.13,0.12,0.0,0.0,4.0,0.1,0,0,0,0
745,Jun'ai,Byfield,Byfield,a,,,4.0,697,,0.0,736,,0.0,,,0,0,,0,,69,7,0.0,0.0,1.2,1.2,,,,0.0,0.0,,,,,,,,,,,,,,,,,,,,,,,,,8,0,0,0,0,0,0,0,0,0,0,0,0,0,0,0,0,0,0.0,0.0,0.0,0.0,0.0,0.0,0.0,0.0,0.0,0,0,0,0
750,James,Rowswell,Rowswell,a,,,4.0,662,,0.0,734,,0.0,,,0,0,,0,,68,7,0.0,0.0,0.3,1.3,,,,0.0,0.0,,,,,,,,,,,,,,,,,,,,,,,,,8,0,0,0,0,0,0,0,0,0,0,0,0,0,0,0,0,0,0.0,0.0,0.0,0.0,0.0,0.0,0.0,0.0,0.0,0,0,0,0
751,Yusuf,Akhamrich,Akhamrich,a,,,4.5,470,,0.0,747,,0.0,,,0,0,,0,,81,6,0.0,0.0,0.2,1.2,,,,0.0,0.0,,,,,,,,,,,,,,,,,,,,,,,,,8,0,0,0,0,0,0,0,0,0,0,0,0,0,0,0,0,0,0.0,0.0,0.0,0.0,0.0,0.0,0.0,0.0,0.0,0,0,0,0
149,Igor Julio,dos Santos de Paulo,Igor,a,,,4.5,410,,0.1,539,,0.3,,,0,0,,0,,318,234,0.1,0.2,0.8,0.3,,,,100.0,100.0,,,,,,,,,,,,,,,,,,,,,,,,,8,0,0,0,0,0,0,0,0,0,0,0,0,0,0,0,632,566,0.0,0.0,0.0,0.0,0.0,0.0,0.0,0.0,0.0,0,0,0,0
600,Alphonse,Areola,Areola,a,,,4.3,588,,2.2,127,,2.3,,,2,0,,-2,,2609,4478,0.5,1.9,2.8,2.3,,,,0.0,0.0,,,,,,,,,,,,,,,,,,,,,,,,,8,2,90,0,0,0,2,0,0,0,0,0,4,1,0,14,11766,15995,0.0,0.0,0.0,0.0,2.3099999999999996,34.599999999999994,0.0,0.0,3.5,0,0,12,12
601,Wes,Foderingham,Foderingham,u,has joined Aris Limassol permanently.,,4.0,619,,0.3,294,,0.0,,,0,0,,0,,0,1077,0.0,0.0,0.0,0.0,,,,0.0,0.0,,,,,,,,,,,,,,,,,,,,,,,,,8,0,0,0,0,0,0,0,0,0,0,0,0,0,0,0,0,2902,0.0,0.0,0.0,0.0,0.0,0.0,0.0,0.0,0.0,0,0,0,0
602,Krisztián,Hegyi,Hegyi,a,,,4.0,664,,0.2,343,,0.0,,,0,0,,0,,64,351,0.0,0.0,0.5,0.0,,,,0.0,0.0,,,,,,,,,,,,,,,,,,,,,,,,,8,0,0,0,0,0,0,0,0,0,0,0,0,0,0,0,181,1089,0.0,0.0,0.0,0.0,0.0,0.0,0.0,0.0,0.0,0,0,0,0
603,El Hadji Malick,Diouf,Diouf,a,,,4.4,581,,3.8,91,,3.0,,,1,0,,-1,,7509,13222,0.7,6.1,3.5,3.0,,,,0.0,0.0,,,,,,,,,,,,,,,,,,,,,,,,,8,1,45,0,0,0,1,0,0,0,0,0,0,0,0,1,56632,43168,0.0,0.0,0.010000000000000009,0.009999999999999898,0.8399999999999999,6.599999999999994,1.7999999999999972,0.0,0.8000000000000043,2,2,0,4
604,Emerson,Palmieri dos Santos,Emerson,u,has joined Marseille permanently.,,4.4,498,,0.1,522,,0.0,,,0,0,,-1,,0,192,0.0,0.0,0.0,0.0,,,,0.0,0.0,,,,,,,,,,,,,,,,,,,,,,,,,8,0,0,0,0,0,0,0,0,0,0,0,0,0,0,0,0,715,0.0,0.0,0.0,0.0,0.0,0.0,0.0,0.0,0.0,0,0,0,0
605,Maximilian,Kilman,Kilman,a,,,4.4,511,,0.2,367,,2.3,,,3,0,,-1,,317,560,0.5,3.6,2.8,2.3,,,,0.0,0.0,,,,,,,,,,,,,,,,,,,,,,,,,8,3,90,0,0,0,2,0,0,0,0,0,0,1,0,9,3176,2449,0.0,0.0,0.0,0.0,2.3100000000000005,34.0,0.7000000000000028,0.0,3.5,0,14,2,16
606,Konstantinos,Mavropanos,Mavropanos,a,Muscle injury - 50% chance of playing,,4.4,521,,0.1,516,,1.7,,,1,0,,-1,,161,240,0.4,3.9,2.2,1.7,,,,0.0,0.0,,,,,,,,,,,,,,,,,,,,,,,,,8,1,45,0,0,0,1,0,0,0,0,0,0,0,0,2,1351,1122,0.0,0.0,0.0,0.0,0.5,10.800000000000011,0.0,0.0,1.1000000000000014,0,4,4,8
607,Nayef,Aguerd,N.Aguerd,u,has joined Marseille permanently.,,4.4,510,,0.1,568,,0.0,,,0,0,,-1,,0,131,0.0,0.7,0.0,0.0,,,,0.0,0.0,,,,,,,,,,,,,,,,,,,,,,,,,8,0,0,0,0,0,0,0,0,0,0,0,0,0,0,0,0,377,0.0,0.0,0.0,0.0,0.0,0.0,0.0,0.0,0.0,0,0,0,0
608,Ollie,Scarles,Scarles,a,Shoulder injury - Expected back 27 Dec,,4.4,560,,0.0,608,,0.3,,,1,0,,-1,,45,70,0.1,0.2,0.8,0.3,,,,0.0,0.0,,,,,,,,,,,,,,,,,,,,,,,,,8,1,45,0,0,0,1,0,0,0,0,0,0,1,0,4,112,272,0.0,0.0,0.01,0.01,1.46,8.0,1.0,0.0,0.9,1,4,0,5
609,Jean-Clair,Todibo,Todibo,a,,,4.3,599,,0.1,470,,0.3,,,1,0,,-2,,150,262,0.1,0.5,0.8,0.3,,,,0.0,0.0,,,,,,,,,,,,,,,,,,,,,,,,,8,1,90,0,0,0,2,0,0,0,0,0,0,1,0,11,402,831,0.0,0.0,0.0,0.0,2.3100000000000005,18.400000000000002,0.6999999999999997,2.0,2.1,3,5,4,12
610,Aaron,Wan-Bissaka,Wan-Bissaka,a,,,4.3,593,,6.3,62,,0.7,,,1,0,,-2,,2515,18664,0.2,0.7,1.2,0.7,,,,100.0,100.0,,,,,,,,,,,,,,,,,,,,,,,,,8,1,45,0,0,0,1,0,0,0,0,0,0,0,0,3,8772,67209,0.0,0.0,0.009999999999999981,0.009999999999999981,0.8400000000000007,7.600000000000001,5.600000000000001,2.0,1.5,2,2,2,6
611,Kaelan,Casey,Casey,u,Has joined Swansea City on loan for the rest of the season.,,4.0,677,,0.1,488,,0.0,,,0,0,,0,,0,199,0.0,0.0,0.0,0.0,,,,0.0,0.0,,,,,,,,,,,,,,,,,,,,,,,,,8,0,0,0,0,0,0,0,0,0,0,0,0,0,0,0,0,534,0.0,0.0,0.0,0.0,0.0,0.0,0.0,0.0,0.0,0,0,0,0
612,Lucas,Tolentino Coelho de Lima,L.Paquetá,a,Suspended until 30 Nov,,5.9,103,,3.0,105,,2.3,,,2,0,,-1,,12274,16660,0.4,5.3,2.8,2.3,,,,0.0,0.0,,,,,,,,,,,,,,,,,,,,,,,,,8,2,90,0,0,0,2,0,0,0,0,0,0,1,0,6,70358,54486,0.0,0.040000000000000036,0.07999999999999996,0.1200000000000001,2.3100000000000005,8.0,6.600000000000023,3.0,1.7999999999999972,2,3,4,9
613,Tomáš,Souček,Souček,a,,,5.7,123,,0.2,347,,0.7,,,2,0,,-3,,289,449,0.1,1.1,1.2,0.7,,,,100.0,100.0,,,,,,,,,,,,,,,,,,,,,,,,,8,2,70,0,0,0,1,0,0,0,0,0,0,1,0,11,688,1528,0.0,0.11000000000000001,0.01,0.11999999999999997,1.9299999999999997,15.200000000000003,10.899999999999999,5.0,3.0999999999999996,1,7,2,10
614,James,Ward-Prowse,Ward-Prowse,a,,,5.7,119,,0.2,356,,0.0,,,0,0,,-3,,372,844,0.0,1.9,0.5,0.0,,,,0.0,0.0,,,,,,,,,,,,,,,,,,,,,,,,,8,0,0,0,0,0,0,0,0,0,0,0,0,0,0,0,942,2781,0.0,0.0,0.0,0.0,0.0,0.0,0.0,0.0,0.0,0,0,0,0
615,Crysencio,Summerville,Summerville,a,,,5.5,148,,0.1,445,,1.3,,,1,0,,0,,1411,794,0.2,2.7,1.8,1.3,,,,100.0,100.0,,,,,,,,,,,,,,,,,,,,,,,,,8,1,90,0,0,0,2,0,0,0,1,0,0,1,0,6,5454,2169,0.0,0.06,0.040000000000000036,0.09999999999999998,2.3100000000000005,2.3999999999999986,13.299999999999997,11.0,2.700000000000001,1,0,3,4
616,Edson,Álvarez Velázquez,Álvarez,u,Has joined Fenerbahçe on loan for the rest of the season.,,4.9,313,,0.1,557,,0.0,,,0,0,,-1,,0,102,0.0,0.0,0.0,0.0,,,,0.0,0.0,,,,,,,,,,,,,,,,,,,,,,,,,8,0,0,0,0,0,0,0,0,0,0,0,0,0,0,0,0,359,0.0,0.0,0.0,0.0,0.0,0.0,0.0,0.0,0.0,0,0,0,0
617,Maxwel,Cornet,Cornet,u,has joined Genoa on loan for the rest of the season.,,4.9,296,,0.0,666,,0.0,,,0,0,,-1,,0,38,0.0,0.0,0.0,0.0,,,,0.0,0.0,,,,,,,,,,,,,,,,,,,,,,,,,8,0,0,0,0,0,0,0,0,0,0,0,0,0,0,0,0,120,0.0,0.0,0.0,0.0,0.0,0.0,0.0,0.0,0.0,0,0,0,0
618,Guido,Rodríguez,G.Rodriguez,a,,,4.8,360,,0.0,580,,0.3,,,1,0,,-2,,73,82,0.1,0.6,0.8,0.3,,,,0.0,0.0,,,,,,,,,,,,,,,,,,,,,,,,,8,1,19,0,0,0,1,0,0,0,0,0,0,0,0,3,142,297,0.0,0.0,0.0,0.0,0.37,1.1999999999999997,0.20000000000000018,0.0,0.10000000000000009,0,1,0,1
619,Luis Guilherme,Lira dos Santos,L.Guilherme,a,,,4.9,352,,0.0,659,,0.3,,,0,0,,-1,,27,42,0.1,0.6,0.8,0.3,,,,100.0,100.0,,,,,,,,,,,,,,,,,,,,,,,,,8,0,0,0,0,0,0,0,0,0,0,0,0,0,0,0,87,131,0.0,0.0,0.0,0.0,0.0,0.0,0.0,0.0,0.0,0,0,0,0
620,George,Earthy,Earthy,i,Hamstring injury - Expected back 22 Nov,,4.5,436,,0.1,564,,0.0,,,0,0,,0,,20,263,0.0,0.0,0.0,0.0,,,,0.0,0.0,,,,,,,,,,,,,,,,,,,,,,,,,8,0,0,0,0,0,0,0,0,0,0,0,0,0,0,0,64,791,0.0,0.0,0.0,0.0,0.0,0.0,0.0,0.0,0.0,0,0,0,0
621,Andy,Irving,Irving,a,,,4.4,515,,0.3,292,,1.0,,,2,0,,-1,,875,1333,0.2,1.4,1.5,1.0,,,,0.0,0.0,,,,,,,,,,,,,,,,,,,,,,,,,8,2,60,0,0,0,1,0,0,0,0,0,0,1,0,15,3466,3973,0.0,0.0,0.020000000000000004,0.020000000000000004,1.7100000000000002,10.599999999999998,16.8,2.0,2.8999999999999995,2,0,7,9
622,Lewis,Orford,Orford,u,has joined Stevenage on loan for the rest of the season.,,4.4,555,,0.1,517,,0.0,,,0,0,,-1,,0,159,0.0,0.0,0.0,0.0,,,,0.0,0.0,,,,,,,,,,,,,,,,,,,,,,,,,8,0,0,0,0,0,0,0,0,0,0,0,0,0,0,0,0,497,0.0,0.0,0.0,0.0,0.0,0.0,0.0,0.0,0.0,0,0,0,0
623,Freddie,Potts,Potts,a,Dead leg - 75% chance of playing,,4.4,540,,0.7,204,,0.7,,,0,0,,-1,,822,2666,0.2,0.7,1.2,0.7,,,,0.0,0.0,,,,,,,,,,,,,,,,,,,,,,,,,8,0,0,0,0,0,0,0,0,0,0,0,0,0,0,0,5001,8219,0.0,0.0,0.0,0.0,0.0,0.0,0.0,0.0,0.0,0,0,0,0
624,Jarrod,Bowen,Bowen,a,,,7.8,19,,8.9,47,,4.3,,,2,0,,-2,,54703,49638,0.6,4.7,4.8,4.3,,,,0.0,0.0,,,,,,,,,,,,,,,,,,,,,,,,,8,2,90,0,0,0,2,0,0,0,0,0,0,1,0,19,348980,103512,0.0,0.08000000000000007,0.010000000000000009,0.08999999999999986,2.3100000000000005,14.0,15.299999999999997,19.0,4.800000000000004,1,3,3,7
625,Niclas,Füllkrug,Füllkrug,d,Muscle injury - 25% chance of playing,,5.6,129,,0.8,191,,1.3,,,0,-1,,-4,,60,6506,0.2,1.8,0.5,0.3,,,,25.0,25.0,,,,,,,,,,,,,,,,,,,,,,,,,8,0,0,0,0,0,0,0,0,0,0,0,0,0,0,0,1960,18864,0.0,0.0,0.0,0.0,0.0,0.0,0.0,0.0,0.0,0,0,0,0
626,Callum,Marshall,Marshall,a,,,4.4,570,,0.7,202,,0.7,,,1,0,,-1,,1254,2670,0.2,0.5,1.2,0.7,,,,0.0,0.0,,,,,,,,,,,,,,,,,,,,,,,,,8,1,29,0,0,0,1,0,0,0,0,0,0,0,0,2,7217,7171,0.0,0.0,0.0,0.0,0.5900000000000001,0.0,0.1,0.0,0.0,0,0,0,0
659,Kyle,Walker-Peters,Walker-Peters,a,,,4.4,505,,0.3,310,,1.0,,,1,0,,-1,,278,998,0.2,2.7,1.5,1.0,,,,0.0,0.0,,,,,,,,,,,,,,,,,,,,,,,,,8,1,45,0,0,0,1,0,0,0,0,0,0,1,0,0,721,2841,0.0,0.0,0.0,0.0,1.46,4.0,0.7999999999999972,0.0,0.5,0,4,1,5
671,Callum,Wilson,Wilson,a,,,5.9,93,,0.4,270,,0.0,,,0,0,,-1,,1386,2233,0.0,1.9,0.5,0.0,,,,0.0,0.0,,,,,,,,,,,,,,,,,,,,,,,,,8,0,0,0,0,0,0,0,0,0,0,0,0,0,0,0,4069,6070,0.0,0.0,0.0,0.0,0.0,0.0,0.0,0.0,0.0,0,0,0,0
679,Mads,Hermansen,Hermansen,a,,,4.4,533,,0.3,327,,0.0,,,0,0,,-1,,157,705,0.0,2.0,0.5,0.0,,,,0.0,0.0,,,,,,,,,,,,,,,,,,,,,,,,,8,0,0,0,0,0,0,0,0,0,0,0,0,0,0,0,493,2950,0.0,0.0,0.0,0.0,0.0,0.0,0.0,0.0,0.0,0,0,0,0
708,Mateus Gonçalo,Espanha Fernandes,M.Fernandes,a,,,5.5,157,,0.0,625,,2.3,,,1,0,,0,,252,192,0.4,2.5,2.8,2.3,,,,0.0,0.0,,,,,,,,,,,,,,,,,,,,,,,,,8,1,45,0,0,0,1,0,0,0,0,0,0,1,0,5,618,482,0.0,0.05,0.009999999999999953,0.06,1.4600000000000009,9.0,2.299999999999997,2.0,1.299999999999999,1,2,2,5
718,Soungoutou,Magassa,S.Magassa,a,,,5.0,286,,0.0,698,,0.7,,,0,0,,0,,41,47,0.1,0.8,1.2,0.7,,,,0.0,0.0,,,,,,,,,,,,,,,,,,,,,,,,,8,0,0,0,0,0,0,0,0,0,0,0,0,0,0,0,83,100,0.0,0.0,0.0,0.0,0.0,0.0,0.0,0.0,0.0,0,0,0,0
738,Lukasz,Fabianski,Fabianski,a,Back injury - 25% chance of playing,,4.5,389,,0.0,613,,0.0,,,0,0,,0,,338,186,0.0,0.0,0.5,0.0,,,,0.0,0.0,,,,,,,,,,,,,,,,,,,,,,,,,8,0,0,0,0,0,0,0,0,0,0,0,0,0,0,0,709,418,0.0,0.0,0.0,0.0,0.0,0.0,0.0,0.0,0.0,0,0,0,0
747,Ezra,Mayers,Mayers,a,,,4.0,684,,0.0,710,,0.0,,,0,0,,0,,91,42,0.0,0.0,0.0,0.0,,,,0.0,0.0,,,,,,,,,,,,,,,,,,,,,,,,,8,0,0,0,0,0,0,0,0,0,0,0,0,0,0,0,0,0,0.0,0.0,0.0,0.0,0.0,0.0,0.0,0.0,0.0,0,0,0,0
752,Airidas,Golambeckis,Golambeckis,a,,,4.0,689,,0.0,738,,0.0,,,0,0,,0,,62,13,0.0,0.0,1.3,1.3,,,,0.0,0.0,,,,,,,,,,,,,,,,,,,,,,,,,8,0,0,0,0,0,0,0,0,0,0,0,0,0,0,0,0,0,0.0,0.0,0.0,0.0,0.0,0.0,0.0,0.0,0.0,0,0,0,0
627,Sam,Johnstone,Johnstone,a,,,4.5,393,,0.2,393,,2.0,,,1,0,,0,,645,393,0.4,2.0,2.5,2.5,,,,0.0,0.0,,,,,,,,,,,,,,,,,,,,,,,,,8,1,90,0,0,0,2,0,0,0,0,0,1,1,0,3,2270,1184,0.0,0.0,0.01,0.01,0.6499999999999999,12.799999999999997,0.1,0.0,1.3000000000000007,0,1,7,8
628,José,Malheiro de Sá,José Sá,a,,,4.4,503,,1.3,159,,0.0,,,0,0,,-1,,438,4406,0.0,1.1,0.5,0.5,,,,0.0,0.0,,,,,,,,,,,,,,,,,,,,,,,,,8,0,0,0,0,0,0,0,0,0,0,0,0,0,0,0,1525,11819,0.0,0.0,0.0,0.0,0.0,0.0,0.0,0.0,0.0,0,0,0,0
629,Daniel,Bentley,Bentley,a,,,4.0,617,,0.6,217,,0.0,,,0,0,,0,,191,1040,0.0,0.0,0.5,0.5,,,,0.0,0.0,,,,,,,,,,,,,,,,,,,,,,,,,8,0,0,0,0,0,0,0,0,0,0,0,0,0,0,0,660,2722,0.0,0.0,0.0,0.0,0.0,0.0,0.0,0.0,0.0,0,0,0,0
631,Emmanuel,Agbadou,Agbadou,a,,,4.4,553,,0.2,342,,0.7,,,0,0,,-1,,89,1200,0.2,3.2,1.2,1.2,,,,0.0,0.0,,,,,,,,,,,,,,,,,,,,,,,,,8,0,0,0,0,0,0,0,0,0,0,0,0,0,0,0,550,4256,0.0,0.0,0.0,0.0,0.0,0.0,0.0,0.0,0.0,0,0,0,0
632,Matt,Doherty,Doherty,a,Knee injury - 50% chance of playing,,4.4,495,,0.1,448,,0.7,,,2,0,,-1,,85,232,0.2,0.5,1.2,1.2,,,,100.0,100.0,,,,,,,,,,,,,,,,,,,,,,,,,8,2,66,0,0,0,1,0,0,0,0,0,0,1,0,13,165,1543,0.0,0.0,0.010000000000000002,0.009999999999999995,0.6499999999999995,19.2,12.700000000000001,0.0,3.1999999999999993,1,8,2,11
633,Hugo,Bueno López,H.Bueno,a,,,4.4,542,,0.1,472,,3.7,,,1,0,,-1,,437,344,0.8,4.1,4.2,4.2,,,,100.0,100.0,,,,,,,,,,,,,,,,,,,,,,,,,8,1,90,0,0,0,2,0,0,0,0,0,0,1,0,9,3191,996,0.0,0.0,0.30000000000000004,0.29999999999999993,0.6500000000000004,20.80000000000001,38.0,4.0,6.300000000000004,1,3,3,7
634,Yerson,Mosquera Valdelamar,Mosquera,a,,,4.4,550,,0.1,566,,0.3,,,0,0,,-1,,33,132,0.1,0.9,0.8,0.8,,,,0.0,0.0,,,,,,,,,,,,,,,,,,,,,,,,,8,0,0,0,0,0,0,0,0,0,0,0,0,0,0,0,129,343,0.0,0.0,0.0,0.0,0.0,0.0,0.0,0.0,0.0,0,0,0,0
695,Jackson,Tchatchoua,Tchatchoua,a,,,4.5,445,,0.0,650,,2.0,,,1,0,,0,,72,129,0.4,2.2,2.5,2.5,,,,0.0,0.0,,,,,,,,,,,,,,,,,,,,,,,,,8,1,13,0,0,0,1,0,0,0,0,0,0,0,0,-1,399,259,0.0,0.26,0.0,0.26,0.0,0.20000000000000284,12.300000000000004,4.0,1.700000000000001,0,0,2,2
635,Rodrigo,Martins Gomes,R.Gomes,a,Groin Injury - Expected back 17 Jan,,4.5,433,,0.1,475,,0.7,,,2,0,,0,,169,313,0.2,2.7,1.2,1.2,,,,0.0,0.0,,,,,,,,,,,,,,,,,,,,,,,,,8,2,76,0,0,0,1,0,0,0,0,0,0,1,0,1,467,1075,0.0,0.05999999999999994,0.04999999999999999,0.10999999999999999,0.6499999999999999,1.4000000000000057,4.099999999999998,10.0,1.5999999999999996,0,2,3,5
636,Santiago,Ignacio Bueno,S.Bueno,a,,,4.4,519,,0.1,489,,4.7,,,1,0,,-1,,473,385,1.1,4.1,5.2,5.2,,,,0.0,0.0,,,,,,,,,,,,,,,,,,,,,,,,,8,1,90,0,0,0,2,0,0,0,0,0,0,1,0,9,2166,1189,0.0,0.0,0.36,0.36,0.6499999999999995,21.400000000000006,12.3,8.0,4.199999999999999,4,4,0,8
637,Toti,Gomes,Toti,a,,,4.3,603,,0.1,455,,0.3,,,0,0,,-2,,139,339,0.1,1.2,0.8,0.8,,,,100.0,100.0,,,,,,,,,,,,,,,,,,,,,,,,,8,0,0,0,0,0,0,0,0,0,0,0,0,0,0,0,282,1337,0.0,0.0,0.0,0.0,0.0,0.0,0.0,0.0,0.0,0,0,0,0
638,Ki-Jana,Hoever,Hoever,a,,,4.0,645,,1.0,175,,0.3,,,1,0,,0,,181,3008,0.1,0.8,0.8,0.8,,,,100.0,100.0,,,,,,,,,,,,,,,,,,,,,,,,,8,1,23,0,0,0,1,0,0,0,0,0,0,0,0,3,543,9628,0.0,0.02,0.010000000000000009,0.030000000000000027,0.0,9.999999999999996,4.599999999999994,7.0,2.1999999999999993,0,3,2,5
639,Bastien,Meupiyou Menadjou,Meupiyou,u,On loan to FC Alverca,,4.0,684,,0.0,702,,0.0,,,0,0,,0,,0,13,0.0,0.0,0.0,0.0,,,,0.0,0.0,,,,,,,,,,,,,,,,,,,,,,,,,8,0,0,0,0,0,0,0,0,0,0,0,0,0,0,0,0,37,0.0,0.0,0.0,0.0,0.0,0.0,0.0,0.0,0.0,0,0,0,0
640,Pedro,Cardoso de Lima,Pedro Lima,u,has joined Porto on loan for the rest of the season.,,4.0,698,,0.5,231,,0.0,,,0,0,,0,,0,1640,0.0,0.0,0.0,0.0,,,,0.0,0.0,,,,,,,,,,,,,,,,,,,,,,,,,8,0,0,0,0,0,0,0,0,0,0,0,0,0,0,0,0,4813,0.0,0.0,0.0,0.0,0.0,0.0,0.0,0.0,0.0,0,0,0,0
641,Alfie,Pond,Pond,a,,,3.9,724,,1.5,153,,0.0,,,0,0,,-1,,3390,4470,0.0,0.0,0.5,0.5,,,,0.0,0.0,,,,,,,,,,,,,,,,,,,,,,,,,8,0,0,0,0,0,0,0,0,0,0,0,0,0,0,0,15077,10857,0.0,0.0,0.0,0.0,0.0,0.0,0.0,0.0,0.0,0,0,0,0
642,Hwang,Hee-chan,Hee Chan,d,Knock - 75% chance of playing,,5.9,98,,0.1,414,,0.7,,,0,0,,-1,,46,1785,0.1,2.2,0.9,0.9,,,,75.0,75.0,,,,,,,,,,,,,,,,,,,,,,,,,8,0,0,0,0,0,0,0,0,0,0,0,0,0,0,0,1417,4558,0.0,0.0,0.0,0.0,0.0,0.0,0.0,0.0,0.0,0,0,0,0
643,André,Trindade da Costa Neto,André,a,,,5.4,189,,0.1,514,,4.0,,,4,0,,-1,,328,195,0.7,3.9,4.5,4.5,,,,100.0,100.0,,,,,,,,,,,,,,,,,,,,,,,,,8,4,90,0,0,0,2,0,0,0,0,0,0,1,0,16,695,576,0.0,0.02,0.01999999999999999,0.04000000000000001,0.6500000000000004,18.0,6.200000000000003,1.0,2.499999999999999,1,5,8,14
644,Jean-Ricner,Bellegarde,Bellegarde,d,Illness - 75% chance of playing,,5.3,207,,0.0,572,,0.7,,,0,0,,-2,,4,294,0.1,1.5,0.9,0.9,,,,75.0,75.0,,,,,,,,,,,,,,,,,,,,,,,,,8,0,0,0,0,0,0,0,0,0,0,0,0,0,0,0,88,713,0.0,0.0,0.0,0.0,0.0,0.0,0.0,0.0,0.0,0,0,0,0
645,Fer,López González,Fer López,a,,,5.3,219,,0.0,620,,0.3,,,1,0,,-2,,28,99,0.1,1.3,0.8,0.8,,,,0.0,0.0,,,,,,,,,,,,,,,,,,,,,,,,,8,1,14,0,0,0,1,0,0,0,0,0,0,0,0,1,75,283,0.0,0.030000000000000013,0.020000000000000018,0.050000000000000044,0.0,0.0,1.2999999999999972,7.0,0.8000000000000007,0,0,0,0
646,João Victor,Gomes da Silva,Gomes,a,,,5.4,184,,0.1,468,,2.7,,,2,0,,-1,,170,403,0.5,3.7,3.2,3.2,,,,0.0,0.0,,,,,,,,,,,,,,,,,,,,,,,,,8,2,75,0,0,0,1,0,0,0,0,0,0,1,0,18,1096,1045,0.0,0.10000000000000003,0.12,0.21999999999999997,0.6500000000000004,14.199999999999989,22.700000000000003,9.0,4.600000000000001,3,5,2,10
647,Gonçalo Manuel,Ganchinho Guedes,Guedes,u,Has joined Real Sociedad permanently.,,5.5,142,,0.0,729,,0.0,,,0,0,,0,,0,1,0.0,0.0,0.0,0.0,,,,0.0,0.0,,,,,,,,,,,,,,,,,,,,,,,,,8,0,0,0,0,0,0,0,0,0,0,0,0,0,0,0,0,10,0.0,0.0,0.0,0.0,0.0,0.0,0.0,0.0,0.0,0,0,0,0
648,Marshall,Munetsi,Munetsi,a,,,5.4,180,,0.1,523,,4.3,,,4,0,,-1,,743,315,0.8,4.3,4.8,4.8,,,,0.0,0.0,,,,,,,,,,,,,,,,,,,,,,,,,8,4,90,0,0,0,2,0,0,0,0,0,0,1,0,14,2770,784,0.0,0.13,0.18000000000000002,0.31000000000000005,0.6500000000000004,18.60000000000001,15.100000000000001,30.0,6.400000000000002,3,7,2,12
649,Boubacar,Traoré,B.Traore,u,Has joined FC Metz on loan for the rest of the season.,,5.0,273,,0.0,741,,0.0,,,0,0,,0,,0,1,0.0,0.0,0.0,0.0,,,,0.0,0.0,,,,,,,,,,,,,,,,,,,,,,,,,8,0,0,0,0,0,0,0,0,0,0,0,0,0,0,0,0,1,0.0,0.0,0.0,0.0,0.0,0.0,0.0,0.0,0.0,0,0,0,0
650,Tawanda,Chirewa,Chirewa,a,,,4.4,545,,0.3,320,,0.0,,,0,0,,-1,,255,936,0.0,0.0,0.5,0.5,,,,0.0,0.0,,,,,,,,,,,,,,,,,,,,,,,,,8,0,0,0,0,0,0,0,0,0,0,0,0,0,0,0,945,2696,0.0,0.0,0.0,0.0,0.0,0.0,0.0,0.0,0.0,0,0,0,0
651,Tom,Edozie,Edozie,a,,,4.4,576,,0.4,273,,0.0,,,0,0,,-1,,300,1327,0.0,0.0,0.5,0.5,,,,0.0,0.0,,,,,,,,,,,,,,,,,,,,,,,,,8,0,0,0,0,0,0,0,0,0,0,0,0,0,0,0,1224,3618,0.0,0.0,0.0,0.0,0.0,0.0,0.0,0.0,0.0,0,0,0,0
652,Enso,González Medina,Gonzalez,a,,,4.4,575,,1.5,149,,0.0,,,0,0,,-1,,1687,5637,0.0,0.0,0.5,0.5,,,,0.0,0.0,,,,,,,,,,,,,,,,,,,,,,,,,8,0,0,0,0,0,0,0,0,0,0,0,0,0,0,0,6983,15524,0.0,0.0,0.0,0.0,0.0,0.0,0.0,0.0,0.0,0,0,0,0
653,Joe,Hodge,Hodge,u,Signed by CD Tondela,,4.5,415,,0.0,607,,0.0,,,0,0,,0,,0,116,0.0,0.0,0.0,0.0,,,,0.0,0.0,,,,,,,,,,,,,,,,,,,,,,,,,8,0,0,0,0,0,0,0,0,0,0,0,0,0,0,0,0,226,0.0,0.0,0.0,0.0,0.0,0.0,0.0,0.0,0.0,0,0,0,0
654,Jørgen,Strand Larsen,Strand Larsen,a,,,6.4,65,,1.4,155,,2.0,,,2,0,,-1,,3736,7961,0.3,1.7,2.5,2.5,,,,100.0,100.0,,,,,,,,,,,,,,,,,,,,,,,,,8,2,90,0,0,0,2,0,0,0,0,0,0,1,0,5,25326,22232,0.0,0.039999999999999925,0.07,0.10999999999999999,0.6499999999999995,3.6000000000000014,22.1,10.0,3.6000000000000014,0,1,1,2
655,Fábio,Soares Silva,Fábio Silva,u,has joined Borussia Dortmund permanently.,,4.9,331,,0.2,353,,0.0,,,0,0,,-1,,0,672,0.0,0.0,0.0,0.0,,,,0.0,0.0,,,,,,,,,,,,,,,,,,,,,,,,,8,0,0,0,0,0,0,0,0,0,0,0,0,0,0,0,0,1897,0.0,0.0,0.0,0.0,0.0,0.0,0.0,0.0,0.0,0,0,0,0
656,Saša,Kalajdžić,Kalajdžić,u,has joined LASK on loan for the rest of the season.,,4.9,325,,0.1,547,,0.0,,,0,0,,-1,,0,122,0.0,0.2,0.0,0.0,,,,0.0,0.0,,,,,,,,,,,,,,,,,,,,,,,,,8,0,0,0,0,0,0,0,0,0,0,0,0,0,0,0,0,412,0.0,0.0,0.0,0.0,0.0,0.0,0.0,0.0,0.0,0,0,0,0
657,Leon,Chiwome,Chiwome,i,Knee injury - Unknown return date,,4.4,572,,0.0,623,,0.0,,,0,0,,-1,,93,114,0.0,0.0,0.0,0.0,,,,0.0,0.0,,,,,,,,,,,,,,,,,,,,,,,,,8,0,0,0,0,0,0,0,0,0,0,0,0,0,0,0,188,465,0.0,0.0,0.0,0.0,0.0,0.0,0.0,0.0,0.0,0,0,0,0
658,Nathan,Fraser,Fraser,a,,,4.4,557,,2.1,130,,0.0,,,0,0,,-1,,2092,9897,0.0,0.0,0.5,0.5,,,,0.0,0.0,,,,,,,,,,,,,,,,,,,,,,,,,8,0,0,0,0,0,0,0,0,0,0,0,0,0,0,0,6833,23022,0.0,0.0,0.0,0.0,0.0,0.0,0.0,0.0,0.0,0,0,0,0
663,Jhon,Arias,J.Arias,a,,,5.2,225,,0.2,337,,3.3,,,2,0,,-3,,400,942,0.6,3.1,3.8,3.8,,,,0.0,0.0,,,,,,,,,,,,,,,,,,,,,,,,,8,2,76,0,0,0,1,0,0,0,0,0,0,1,0,17,2698,3480,0.0,0.040000000000000036,0.03999999999999998,0.07999999999999996,0.6499999999999995,9.799999999999997,15.900000000000006,8.0,3.400000000000002,2,2,5,9
682,David,Møller Wolfe,Møller Wolfe,a,,,4.4,546,,0.1,528,,0.3,,,0,0,,-1,,32,207,0.1,1.6,0.8,0.8,,,,0.0,0.0,,,,,,,,,,,,,,,,,,,,,,,,,8,0,0,0,0,0,0,0,0,0,0,0,0,0,0,0,93,544,0.0,0.0,0.0,0.0,0.0,0.0,0.0,0.0,0.0,0,0,0,0
709,Ladislav,Krejcí,Krejčí,a,,,4.5,420,,0.1,549,,1.0,,,-1,0,,0,,245,340,0.2,2.4,1.5,1.5,,,,0.0,0.0,,,,,,,,,,,,,,,,,,,,,,,,,8,-1,90,0,0,0,2,1,0,0,0,0,0,1,0,7,2141,863,0.0,0.020000000000000018,0.06999999999999998,0.09000000000000008,0.6500000000000004,26.799999999999997,18.200000000000003,25.0,7.0,0,9,3,12
720,Tolu,Arokodare,Tolu,a,,,5.5,152,,0.1,537,,1.0,,,1,0,,0,,283,814,0.2,1.3,1.5,1.5,,,,0.0,0.0,,,,,,,,,,,,,,,,,,,,,,,,,8,1,14,0,0,0,1,0,0,0,0,0,0,0,0,-1,1210,2237,0.0,0.12000000000000002,0.0,0.12,0.0,0.0,1.200000000000001,14.0,1.2999999999999998,0,1,0,1
749,Mateus,Mané,Mané,a,,,4.5,487,,0.0,694,,1.0,,,0,0,,0,,759,86,0.2,0.2,1.2,1.2,,,,0.0,0.0,,,,,,,,,,,,,,,,,,,,,,,,,8,0,0,0,0,0,0,0,0,0,0,0,0,0,0,0,0,0,0.0,0.0,0.0,0.0,0.0,0.0,0.0,0.0,0.0,0,0,0,0
