player_id,gw,team_code
1,1,3
1,2,3
1,3,3
1,4,3
1,5,3
1,6,3
1,7,3
1,8,3
1,9,3
1,10,3
1,11,3
1,12,3
1,13,3
1,14,3
1,15,3
1,16,3
1,17,3
1,18,3
1,19,3
1,20,3
1,21,3
1,22,3
1,23,3
1,24,3
1,25,3
1,26,3
1,27,3
1,28,3
1,29,3
1,30,3
1,31,3
1,32,3
1,33,3
1,34,3
1,35,3
1,36,3
1,37,3
1,38,3
2,1,3
2,2,3
2,3,3
2,4,3
2,5,3
2,6,3
2,7,3
2,8,3
2,9,3
2,10,3
2,11,3
2,12,3
2,13,3
2,14,3
2,15,3
2,16,3
2,17,3
2,18,3
2,19,3
2,20,3
2,21,3
2,22,3
2,23,3
2,24,3
2,25,3
2,26,3
2,27,3
2,28,3
2,29,3
2,30,3
2,31,3
2,32,3
2,33,3
2,34,3
2,35,3
2,36,3
2,37,3
2,38,3
3,1,3
3,2,3
3,3,3
3,4,3
3,5,3
3,6,3
3,7,3
3,8,3
3,9,3
3,10,3
3,11,3
3,12,3
3,13,3
3,14,3
3,15,3
3,16,3
3,17,3
3,18,3
3,19,3
3,20,3
3,21,3
3,22,3
3,23,3
3,24,3
3,25,3
3,26,3
3,27,3
3,28,3
3,29,3
3,30,3
3,31,3
3,32,3
3,33,3
3,34,3
3,35,3
3,36,3
3,37,3
3,38,3
4,1,3
4,2,3
4,3,3
4,4,3
4,5,3
4,6,3
4,7,3
4,8,3
4,9,3
4,10,3
4,11,3
4,12,3
4,13,3
4,14,3
4,15,3
4,16,3
4,17,3
4,18,3
4,19,3
4,20,3
4,21,3
4,22,3
4,23,3
4,24,3
4,25,3
4,26,3
4,27,3
4,28,3
4,29,3
4,30,3
4,31,3
4,32,3
4,33,3
4,34,3
4,35,3
4,36,3
4,37,3
4,38,3
5,1,3
5,2,3
5,3,3
5,4,3
5,5,3
5,6,3
5,7,3
5,8,3
5,9,3
5,10,3
5,11,3
5,12,3
5,13,3
5,14,3
5,15,3
5,16,3
5,17,3
5,18,3
5,19,3
5,20,3
5,21,3
5,22,3
5,23,3
5,24,3
5,25,3
5,26,3
5,27,3
5,28,3
5,29,3
5,30,3
5,31,3
5,32,3
5,33,3
5,34,3
5,35,3
5,36,3
5,37,3
5,38,3
6,1,3
6,2,3
6,3,3
6,4,3
6,5,3
6,6,3
6,7,3
6,8,3
6,9,3
6,10,3
6,11,3
6,12,3
6,13,3
6,14,3
6,15,3
6,16,3
6,17,3
6,18,3
6,19,3
6,20,3
6,21,3
6,22,3
6,23,3
6,24,3
6,25,3
6,26,3
6,27,3
6,28,3
6,29,3
6,30,3
6,31,3
6,32,3
6,33,3
6,34,3
6,35,3
6,36,3
6,37,3
6,38,3
7,1,3
7,2,3
7,3,3
7,4,3
7,5,3
7,6,3
7,7,3
7,8,3
7,9,3
7,10,3
7,11,3
7,12,3
7,13,3
7,14,3
7,15,3
7,16,3
7,17,3
7,18,3
7,19,3
7,20,3
7,21,3
7,22,3
7,23,3
7,24,3
7,25,3
7,26,3
7,27,3
7,28,3
7,29,3
7,30,3
7,31,3
7,32,3
7,33,3
7,34,3
7,35,3
7,36,3
7,37,3
7,38,3
8,1,3
8,2,3
8,3,3
8,4,3
8,5,3
8,6,3
8,7,3
8,8,3
8,9,3
8,10,3
8,11,3
8,12,3
8,13,3
8,14,3
8,15,3
8,16,3
8,17,3
8,18,3
8,19,3
8,20,3
8,21,3
8,22,3
8,23,3
8,24,3
8,25,3
8,26,3
8,27,3
8,28,3
8,29,3
8,30,3
8,31,3
8,32,3
8,33,3
8,34,3
8,35,3
8,36,3
8,37,3
8,38,3
9,1,3
9,2,3
9,3,3
9,4,3
9,5,3
9,6,3
9,7,3
9,8,3
9,9,3
9,10,3
9,11,3
9,12,3
9,13,3
9,14,3
9,15,3
9,16,3
9,17,3
9,18,3
9,19,3
9,20,3
9,21,3
9,22,3
9,23,3
9,24,3
9,25,3
9,26,3
9,27,3
9,28,3
9,29,3
9,30,3
9,31,3
9,32,3
9,33,3
9,34,3
9,35,3
9,36,3
9,37,3
9,38,3
10,1,3
10,2,3
10,3,3
10,4,3
10,5,3
10,6,3
10,7,3
10,8,3
10,9,3
10,10,3
10,11,3
10,12,3
10,13,3
10,14,3
10,15,3
10,16,3
10,17,3
10,18,3
10,19,3
10,20,3
10,21,3
10,22,3
10,23,3
10,24,3
10,25,3
10,26,3
10,27,3
10,28,3
10,29,3
10,30,3
10,31,3
10,32,3
10,33,3
10,34,3
10,35,3
10,36,3
10,37,3
10,38,3
11,1,3
11,2,3
11,3,3
11,4,3
11,5,3
11,6,3
11,7,3
11,8,3
11,9,3
11,10,3
11,11,3
11,12,3
11,13,3
11,14,3
11,15,3
11,16,3
11,17,3
11,18,3
11,19,3
11,20,3
11,21,3
11,22,3
11,23,3
11,24,3
11,25,3
11,26,3
11,27,3
11,28,3
11,29,3
11,30,3
11,31,3
11,32,3
11,33,3
11,34,3
11,35,3
11,36,3
11,37,3
11,38,3
12,1,3
12,2,3
12,3,3
12,4,17
12,5,17
12,6,17
12,7,17
12,8,17
12,9,17
12,10,17
12,11,17
12,12,17
12,13,17
12,14,17
12,15,17
12,16,17
12,17,17
12,18,17
12,19,17
12,20,17
12,21,17
12,22,17
12,23,17
12,24,17
12,25,17
12,26,17
12,27,17
12,28,17
12,29,17
12,30,17
12,31,17
12,32,17
12,33,17
12,34,17
12,35,17
12,36,17
12,37,17
12,38,17
13,1,3
13,2,3
13,3,3
13,4,3
13,5,3
13,6,3
13,7,3
13,8,3
13,9,3
13,10,3
13,11,3
13,12,3
13,13,3
13,14,3
13,15,3
13,16,3
13,17,3
13,18,3
13,19,3
13,20,3
13,21,3
13,22,3
13,23,3
13,24,3
13,25,3
13,26,3
13,27,3
13,28,3
13,29,3
13,30,3
13,31,3
13,32,3
13,33,3
13,34,3
13,35,3
13,36,3
13,37,3
13,38,3
14,1,3
14,2,3
14,3,3
14,4,3
14,5,3
14,6,3
14,7,3
14,8,3
14,9,3
14,10,3
14,11,3
14,12,3
14,13,3
14,14,3
14,15,3
14,16,3
14,17,3
14,18,3
14,19,3
14,20,3
14,21,3
14,22,3
14,23,3
14,24,3
14,25,3
14,26,3
14,27,3
14,28,3
14,29,3
14,30,3
14,31,3
14,32,3
14,33,3
14,34,3
14,35,3
14,36,3
14,37,3
14,38,3
15,1,3
15,2,3
15,3,3
15,4,3
15,5,3
15,6,3
15,7,3
15,8,3
15,9,3
15,10,3
15,11,3
15,12,3
15,13,3
15,14,3
15,15,3
15,16,3
15,17,3
15,18,3
15,19,3
15,20,3
15,21,3
15,22,3
15,23,3
15,24,3
15,25,3
15,26,3
15,27,3
15,28,3
15,29,3
15,30,3
15,31,3
15,32,3
15,33,3
15,34,3
15,35,3
15,36,3
15,37,3
15,38,3
16,1,3
16,2,3
16,3,3
16,4,3
16,5,3
16,6,3
16,7,3
16,8,3
16,9,3
16,10,3
16,11,3
16,12,3
16,13,3
16,14,3
16,15,3
16,16,3
16,17,3
16,18,3
16,19,3
16,20,3
16,21,3
16,22,3
16,23,3
16,24,3
16,25,3
16,26,3
16,27,3
16,28,3
16,29,3
16,30,3
16,31,3
16,32,3
16,33,3
16,34,3
16,35,3
16,36,3
16,37,3
16,38,3
17,1,3
17,2,3
17,3,3
17,4,3
17,5,3
17,6,3
17,7,3
17,8,3
17,9,3
17,10,3
17,11,3
17,12,3
17,13,3
17,14,3
17,15,3
17,16,3
17,17,3
17,18,3
17,19,3
17,20,3
17,21,3
17,22,3
17,23,3
17,24,3
17,25,3
17,26,3
17,27,3
17,28,3
17,29,3
17,30,3
17,31,3
17,32,3
17,33,3
17,34,3
17,35,3
17,36,3
17,37,3
17,38,3
18,1,3
18,2,3
18,3,3
18,4,3
18,5,3
18,6,3
18,7,3
18,8,3
18,9,3
18,10,3
18,11,3
18,12,3
18,13,3
18,14,3
18,15,3
18,16,3
18,17,3
18,18,3
18,19,3
18,20,3
18,21,3
18,22,3
18,23,3
18,24,3
18,25,3
18,26,3
18,27,3
18,28,3
18,29,3
18,30,3
18,31,3
18,32,3
18,33,3
18,34,3
18,35,3
18,36,3
18,37,3
18,38,3
19,1,3
19,2,3
19,3,3
19,4,3
19,5,3
19,6,3
19,7,3
19,8,3
19,9,3
19,10,3
19,11,3
19,12,3
19,13,3
19,14,3
19,15,3
19,16,3
19,17,3
19,18,3
19,19,3
19,20,3
19,21,3
19,22,3
19,23,3
19,24,3
19,25,3
19,26,3
19,27,3
19,28,3
19,29,3
19,30,3
19,31,3
19,32,3
19,33,3
19,34,3
19,35,3
19,36,3
19,37,3
19,38,3
20,1,3
20,2,3
20,3,3
20,4,3
20,5,3
20,6,3
20,7,3
20,8,3
20,9,3
20,10,3
20,11,3
20,12,3
20,13,3
20,14,3
20,15,3
20,16,3
20,17,3
20,18,3
20,19,3
20,20,3
20,21,3
20,22,3
20,23,3
20,24,3
20,25,3
20,26,3
20,27,3
20,28,3
20,29,3
20,30,3
20,31,3
20,32,3
20,33,3
20,34,3
20,35,3
20,36,3
20,37,3
20,38,3
21,1,3
21,2,3
21,3,3
21,4,3
21,5,3
21,6,3
21,7,3
21,8,3
21,9,3
21,10,3
21,11,3
21,12,3
21,13,3
21,14,3
21,15,3
21,16,3
21,17,3
21,18,3
21,19,3
21,20,3
21,21,3
21,22,3
21,23,3
21,24,3
21,25,3
21,26,3
21,27,3
21,28,3
21,29,3
21,30,3
21,31,3
21,32,3
21,33,3
21,34,3
21,35,3
21,36,3
21,37,3
21,38,3
22,1,3
22,2,3
22,3,3
22,4,3
22,5,3
22,6,3
22,7,3
22,8,3
22,9,3
22,10,3
22,11,3
22,12,3
22,13,3
22,14,3
22,15,3
22,16,3
22,17,3
22,18,3
22,19,3
22,20,3
22,21,3
22,22,3
22,23,3
22,24,3
22,25,3
22,26,3
22,27,3
22,28,3
22,29,3
22,30,3
22,31,3
22,32,3
22,33,3
22,34,3
22,35,3
22,36,3
22,37,3
22,38,3
23,1,3
23,2,3
23,3,3
23,4,3
23,5,3
23,6,3
23,7,3
23,8,3
23,9,3
23,10,3
23,11,3
23,12,3
23,13,3
23,14,3
23,15,3
23,16,3
23,17,3
23,18,3
23,19,3
23,20,3
23,21,3
23,22,3
23,23,3
23,24,3
23,25,3
23,26,3
23,27,3
23,28,3
23,29,3
23,30,3
23,31,3
23,32,3
23,33,3
23,34,3
23,35,3
23,36,3
23,37,3
23,38,3
24,1,3
24,2,3
24,3,3
24,4,3
24,5,3
24,6,3
24,7,3
24,8,3
24,9,3
24,10,3
24,11,3
24,12,3
24,13,3
24,14,3
24,15,3
24,16,3
24,17,3
24,18,3
24,19,3
24,20,3
24,21,3
24,22,3
24,23,3
24,24,3
24,25,3
24,26,3
24,27,3
24,28,3
24,29,3
24,30,3
24,31,3
24,32,3
24,33,3
24,34,3
24,35,3
24,36,3
24,37,3
24,38,3
25,1,3
25,2,3
25,3,3
25,4,3
25,5,3
25,6,3
25,7,3
25,8,3
25,9,3
25,10,3
25,11,3
25,12,3
25,13,3
25,14,3
25,15,3
25,16,3
25,17,3
25,18,3
25,19,3
25,20,3
25,21,3
25,22,3
25,23,3
25,24,3
25,25,3
25,26,3
25,27,3
25,28,3
25,29,3
25,30,3
25,31,3
25,32,3
25,33,3
25,34,3
25,35,3
25,36,3
25,37,3
25,38,3
26,1,3
26,2,3
26,3,3
26,4,3
26,5,3
26,6,3
26,7,3
26,8,3
26,9,3
26,10,3
26,11,3
26,12,3
26,13,3
26,14,3
26,15,3
26,16,3
26,17,3
26,18,3
26,19,3
26,20,3
26,21,3
26,22,3
26,23,3
26,24,3
26,25,3
26,26,3
26,27,3
26,28,3
26,29,3
26,30,3
26,31,3
26,32,3
26,33,3
26,34,3
26,35,3
26,36,3
26,37,3
26,38,3
27,1,3
27,2,3
27,3,3
27,4,94
27,5,94
27,6,94
27,7,94
27,8,94
27,9,94
27,10,94
27,11,94
27,12,94
27,13,94
27,14,94
27,15,94
27,16,94
27,17,94
27,18,94
27,19,94
27,20,94
27,21,94
27,22,94
27,23,94
27,24,94
27,25,94
27,26,94
27,27,94
27,28,94
27,29,94
27,30,94
27,31,94
27,32,94
27,33,94
27,34,94
27,35,94
27,36,94
27,37,94
27,38,94
28,1,3
28,2,3
28,3,3
28,4,3
28,5,3
28,6,3
28,7,3
28,8,3
28,9,3
28,10,3
28,11,3
28,12,3
28,13,3
28,14,3
28,15,3
28,16,3
28,17,3
28,18,3
28,19,3
28,20,3
28,21,3
28,22,3
28,23,3
28,24,3
28,25,3
28,26,3
28,27,3
28,28,3
28,29,3
28,30,3
28,31,3
28,32,3
28,33,3
28,34,3
28,35,3
28,36,3
28,37,3
28,38,3
29,1,3
29,2,3
29,3,3
29,4,3
29,5,3
29,6,3
29,7,3
29,8,3
29,9,3
29,10,3
29,11,3
29,12,3
29,13,3
29,14,3
29,15,3
29,16,3
29,17,3
29,18,3
29,19,3
29,20,3
29,21,3
29,22,3
29,23,3
29,24,3
29,25,3
29,26,3
29,27,3
29,28,3
29,29,3
29,30,3
29,31,3
29,32,3
29,33,3
29,34,3
29,35,3
29,36,3
29,37,3
29,38,3
30,1,3
30,2,3
30,3,3
30,4,3
30,5,3
30,6,3
30,7,3
30,8,3
30,9,3
30,10,3
30,11,3
30,12,3
30,13,3
30,14,3
30,15,3
30,16,3
30,17,3
30,18,3
30,19,3
30,20,3
30,21,3
30,22,3
30,23,3
30,24,3
30,25,3
30,26,3
30,27,3
30,28,3
30,29,3
30,30,3
30,31,3
30,32,3
30,33,3
30,34,3
30,35,3
30,36,3
30,37,3
30,38,3
31,1,3
31,2,3
31,3,3
31,4,3
31,5,3
31,6,3
31,7,3
31,8,3
31,9,3
31,10,3
31,11,3
31,12,3
31,13,3
31,14,3
31,15,3
31,16,3
31,17,3
31,18,3
31,19,3
31,20,3
31,21,3
31,22,3
31,23,3
31,24,3
31,25,3
31,26,3
31,27,3
31,28,3
31,29,3
31,30,3
31,31,3
31,32,3
31,33,3
31,34,3
31,35,3
31,36,3
31,37,3
31,38,3
32,1,7
32,2,7
32,3,7
32,4,7
32,5,7
32,6,7
32,7,7
32,8,7
32,9,7
32,10,7
32,11,7
32,12,7
32,13,7
32,14,7
32,15,7
32,16,7
32,17,7
32,18,7
32,19,7
32,20,7
32,21,7
32,22,7
32,23,7
32,24,7
32,25,7
32,26,7
32,27,7
32,28,7
32,29,7
32,30,7
32,31,7
32,32,7
32,33,7
32,34,7
32,35,7
32,36,7
32,37,7
32,38,7
33,1,7
33,2,7
33,3,7
33,4,7
33,5,7
33,6,7
33,7,7
33,8,7
33,9,7
33,10,7
33,11,7
33,12,7
33,13,7
33,14,7
33,15,7
33,16,7
33,17,7
33,18,7
33,19,7
33,20,7
33,21,7
33,22,7
33,23,7
33,24,7
33,25,7
33,26,7
33,27,7
33,28,7
33,29,7
33,30,7
33,31,7
33,32,7
33,33,7
33,34,7
33,35,7
33,36,7
33,37,7
33,38,7
34,1,7
34,2,7
34,3,7
34,4,7
34,5,7
34,6,7
34,7,7
34,8,7
34,9,7
34,10,7
34,11,7
34,12,7
34,13,7
34,14,7
34,15,7
34,16,7
34,17,7
34,18,7
34,19,7
34,20,7
34,21,7
34,22,7
34,23,7
34,24,7
34,25,7
34,26,7
34,27,7
34,28,7
34,29,7
34,30,7
34,31,7
34,32,7
34,33,7
34,34,7
34,35,7
34,36,7
34,37,7
34,38,7
35,1,7
35,2,7
35,3,7
35,4,7
35,5,7
35,6,7
35,7,7
35,8,7
35,9,7
35,10,7
35,11,7
35,12,7
35,13,7
35,14,7
35,15,7
35,16,7
35,17,7
35,18,7
35,19,7
35,20,7
35,21,7
35,22,7
35,23,7
35,24,7
35,25,7
35,26,7
35,27,7
35,28,7
35,29,7
35,30,7
35,31,7
35,32,7
35,33,7
35,34,7
35,35,7
35,36,7
35,37,7
35,38,7
36,1,7
36,2,7
36,3,7
36,4,7
36,5,7
36,6,7
36,7,7
36,8,7
36,9,7
36,10,7
36,11,7
36,12,7
36,13,7
36,14,7
36,15,7
36,16,7
36,17,7
36,18,7
36,19,7
36,20,7
36,21,7
36,22,7
36,23,7
36,24,7
36,25,7
36,26,7
36,27,7
36,28,7
36,29,7
36,30,7
36,31,7
36,32,7
36,33,7
36,34,7
36,35,7
36,36,7
36,37,7
36,38,7
37,1,7
37,2,7
37,3,7
37,4,7
37,5,7
37,6,7
37,7,7
37,8,7
37,9,7
37,10,7
37,11,7
37,12,7
37,13,7
37,14,7
37,15,7
37,16,7
37,17,7
37,18,7
37,19,7
37,20,7
37,21,7
37,22,7
37,23,7
37,24,7
37,25,7
37,26,7
37,27,7
37,28,7
37,29,7
37,30,7
37,31,7
37,32,7
37,33,7
37,34,7
37,35,7
37,36,7
37,37,7
37,38,7
38,1,7
38,2,7
38,3,7
38,4,7
38,5,7
38,6,7
38,7,7
38,8,7
38,9,7
38,10,7
38,11,7
38,12,7
38,13,7
38,14,7
38,15,7
38,16,7
38,17,7
38,18,7
38,19,7
38,20,7
38,21,7
38,22,7
38,23,7
38,24,7
38,25,7
38,26,7
38,27,7
38,28,7
38,29,7
38,30,7
38,31,7
38,32,7
38,33,7
38,34,7
38,35,7
38,36,7
38,37,7
38,38,7
39,1,7
39,2,7
39,3,7
39,4,7
39,5,7
39,6,7
39,7,7
39,8,7
39,9,7
39,10,7
39,11,7
39,12,7
39,13,7
39,14,7
39,15,7
39,16,7
39,17,7
39,18,7
39,19,7
39,20,7
39,21,7
39,22,7
39,23,7
39,24,7
39,25,7
39,26,7
39,27,7
39,28,7
39,29,7
39,30,7
39,31,7
39,32,7
39,33,7
39,34,7
39,35,7
39,36,7
39,37,7
39,38,7
40,1,7
40,2,7
40,3,7
40,4,7
40,5,7
40,6,7
40,7,7
40,8,7
40,9,7
40,10,7
40,11,7
40,12,7
40,13,7
40,14,7
40,15,7
40,16,7
40,17,7
40,18,7
40,19,7
40,20,7
40,21,7
40,22,7
40,23,7
40,24,7
40,25,7
40,26,7
40,27,7
40,28,7
40,29,7
40,30,7
40,31,7
40,32,7
40,33,7
40,34,7
40,35,7
40,36,7
40,37,7
40,38,7
41,1,7
41,2,7
41,3,7
41,4,7
41,5,7
41,6,7
41,7,7
41,8,7
41,9,7
41,10,7
41,11,7
41,12,7
41,13,7
41,14,7
41,15,7
41,16,7
41,17,7
41,18,7
41,19,7
41,20,7
41,21,7
41,22,7
41,23,7
41,24,7
41,25,7
41,26,7
41,27,7
41,28,7
41,29,7
41,30,7
41,31,7
41,32,7
41,33,7
41,34,7
41,35,7
41,36,7
41,37,7
41,38,7
42,1,7
42,2,7
42,3,7
42,4,7
42,5,7
42,6,7
42,7,7
42,8,7
42,9,7
42,10,7
42,11,7
42,12,7
42,13,7
42,14,7
42,15,7
42,16,7
42,17,7
42,18,7
42,19,7
42,20,7
42,21,7
42,22,7
42,23,7
42,24,7
42,25,7
42,26,7
42,27,7
42,28,7
42,29,7
42,30,7
42,31,7
42,32,7
42,33,7
42,34,7
42,35,7
42,36,7
42,37,7
42,38,7
43,1,7
43,2,7
43,3,7
43,4,7
43,5,7
43,6,7
43,7,7
43,8,7
43,9,7
43,10,7
43,11,7
43,12,7
43,13,7
43,14,7
43,15,7
43,16,7
43,17,7
43,18,7
43,19,7
43,20,7
43,21,7
43,22,7
43,23,7
43,24,7
43,25,7
43,26,7
43,27,7
43,28,7
43,29,7
43,30,7
43,31,7
43,32,7
43,33,7
43,34,7
43,35,7
43,36,7
43,37,7
43,38,7
44,1,7
44,2,7
44,3,7
44,4,7
44,5,7
44,6,7
44,7,7
44,8,7
44,9,7
44,10,7
44,11,7
44,12,7
44,13,7
44,14,7
44,15,7
44,16,7
44,17,7
44,18,7
44,19,7
44,20,7
44,21,7
44,22,7
44,23,7
44,24,7
44,25,7
44,26,7
44,27,7
44,28,7
44,29,7
44,30,7
44,31,7
44,32,7
44,33,7
44,34,7
44,35,7
44,36,7
44,37,7
44,38,7
45,1,7
45,2,7
45,3,7
45,4,7
45,5,7
45,6,7
45,7,7
45,8,7
45,9,7
45,10,7
45,11,7
45,12,7
45,13,7
45,14,7
45,15,7
45,16,7
45,17,7
45,18,7
45,19,7
45,20,7
45,21,7
45,22,7
45,23,7
45,24,7
45,25,7
45,26,7
45,27,7
45,28,7
45,29,7
45,30,7
45,31,7
45,32,7
45,33,7
45,34,7
45,35,7
45,36,7
45,37,7
45,38,7
46,1,7
46,2,7
46,3,7
46,4,7
46,5,7
46,6,7
46,7,7
46,8,7
46,9,7
46,10,7
46,11,7
46,12,7
46,13,7
46,14,7
46,15,7
46,16,7
46,17,7
46,18,7
46,19,7
46,20,7
46,21,7
46,22,7
46,23,7
46,24,7
46,25,7
46,26,7
46,27,7
46,28,7
46,29,7
46,30,7
46,31,7
46,32,7
46,33,7
46,34,7
46,35,7
46,36,7
46,37,7
46,38,7
47,1,7
47,2,7
47,3,7
47,4,7
47,5,7
47,6,7
47,7,7
47,8,7
47,9,7
47,10,7
47,11,7
47,12,7
47,13,7
47,14,7
47,15,7
47,16,7
47,17,7
47,18,7
47,19,7
47,20,7
47,21,7
47,22,7
47,23,7
47,24,7
47,25,7
47,26,7
47,27,7
47,28,7
47,29,7
47,30,7
47,31,7
47,32,7
47,33,7
47,34,7
47,35,7
47,36,7
47,37,7
47,38,7
48,1,7
48,2,7
48,3,7
48,4,7
48,5,7
48,6,7
48,7,7
48,8,7
48,9,7
48,10,7
48,11,7
48,12,7
48,13,7
48,14,7
48,15,7
48,16,7
48,17,7
48,18,7
48,19,7
48,20,7
48,21,7
48,22,7
48,23,7
48,24,7
48,25,7
48,26,7
48,27,7
48,28,7
48,29,7
48,30,7
48,31,7
48,32,7
48,33,7
48,34,7
48,35,7
48,36,7
48,37,7
48,38,7
49,1,7
49,2,7
49,3,7
49,4,7
49,5,7
49,6,7
49,7,7
49,8,7
49,9,7
49,10,7
49,11,7
49,12,7
49,13,7
49,14,7
49,15,7
49,16,7
49,17,7
49,18,7
49,19,7
49,20,7
49,21,7
49,22,7
49,23,7
49,24,7
49,25,7
49,26,7
49,27,7
49,28,7
49,29,7
49,30,7
49,31,7
49,32,7
49,33,7
49,34,7
49,35,7
49,36,7
49,37,7
49,38,7
50,1,7
50,2,7
50,3,7
50,4,7
50,5,7
50,6,7
50,7,7
50,8,7
50,9,7
50,10,7
50,11,7
50,12,7
50,13,7
50,14,7
50,15,7
50,16,7
50,17,7
50,18,7
50,19,7
50,20,7
50,21,7
50,22,7
50,23,7
50,24,7
50,25,7
50,26,7
50,27,7
50,28,7
50,29,7
50,30,7
50,31,7
50,32,7
50,33,7
50,34,7
50,35,7
50,36,7
50,37,7
50,38,7
51,1,7
51,2,7
51,3,7
51,4,7
51,5,7
51,6,7
51,7,7
51,8,7
51,9,7
51,10,7
51,11,7
51,12,7
51,13,7
51,14,7
51,15,7
51,16,7
51,17,7
51,18,7
51,19,7
51,20,7
51,21,7
51,22,7
51,23,7
51,24,7
51,25,7
51,26,7
51,27,7
51,28,7
51,29,7
51,30,7
51,31,7
51,32,7
51,33,7
51,34,7
51,35,7
51,36,7
51,37,7
51,38,7
52,1,7
52,2,4
52,3,4
52,4,4
52,5,4
52,6,4
52,7,4
52,8,4
52,9,4
52,10,4
52,11,4
52,12,4
52,13,4
52,14,4
52,15,4
52,16,4
52,17,4
52,18,4
52,19,4
52,20,4
52,21,4
52,22,4
52,23,4
52,24,4
52,25,4
52,26,4
52,27,4
52,28,4
52,29,4
52,30,4
52,31,4
52,32,4
52,33,4
52,34,4
52,35,4
52,36,4
52,37,4
52,38,4
53,1,7
53,2,7
53,3,7
53,4,7
53,5,7
53,6,7
53,7,7
53,8,7
53,9,7
53,10,7
53,11,7
53,12,7
53,13,7
53,14,7
53,15,7
53,16,7
53,17,7
53,18,7
53,19,7
53,20,7
53,21,7
53,22,7
53,23,7
53,24,7
53,25,7
53,26,7
53,27,7
53,28,7
53,29,7
53,30,7
53,31,7
53,32,7
53,33,7
53,34,7
53,35,7
53,36,7
53,37,7
53,38,7
54,1,7
54,2,7
54,3,7
54,4,7
54,5,7
54,6,7
54,7,7
54,8,7
54,9,7
54,10,7
54,11,7
54,12,7
54,13,7
54,14,7
54,15,7
54,16,7
54,17,7
54,18,7
54,19,7
54,20,7
54,21,7
54,22,7
54,23,7
54,24,7
54,25,7
54,26,7
54,27,7
54,28,7
54,29,7
54,30,7
54,31,7
54,32,7
54,33,7
54,34,7
54,35,7
54,36,7
54,37,7
54,38,7
55,1,7
55,2,7
55,3,7
55,4,7
55,5,7
55,6,7
55,7,7
55,8,7
55,9,7
55,10,7
55,11,7
55,12,7
55,13,7
55,14,7
55,15,7
55,16,7
55,17,7
55,18,7
55,19,7
55,20,7
55,21,7
55,22,7
55,23,7
55,24,7
55,25,7
55,26,7
55,27,7
55,28,7
55,29,7
55,30,7
55,31,7
55,32,7
55,33,7
55,34,7
55,35,7
55,36,7
55,37,7
55,38,7
56,1,7
56,2,7
56,3,7
56,4,7
56,5,7
56,6,7
56,7,7
56,8,7
56,9,7
56,10,7
56,11,7
56,12,7
56,13,7
56,14,7
56,15,7
56,16,7
56,17,7
56,18,7
56,19,7
56,20,7
56,21,7
56,22,7
56,23,7
56,24,7
56,25,7
56,26,7
56,27,7
56,28,7
56,29,7
56,30,7
56,31,7
56,32,7
56,33,7
56,34,7
56,35,7
56,36,7
56,37,7
56,38,7
57,1,7
57,2,7
57,3,7
57,4,7
57,5,7
57,6,7
57,7,7
57,8,7
57,9,7
57,10,7
57,11,7
57,12,7
57,13,7
57,14,7
57,15,7
57,16,7
57,17,7
57,18,7
57,19,7
57,20,7
57,21,7
57,22,7
57,23,7
57,24,7
57,25,7
57,26,7
57,27,7
57,28,7
57,29,7
57,30,7
57,31,7
57,32,7
57,33,7
57,34,7
57,35,7
57,36,7
57,37,7
57,38,7
58,1,7
58,2,7
58,3,7
58,4,7
58,5,7
58,6,7
58,7,7
58,8,7
58,9,7
58,10,7
58,11,7
58,12,7
58,13,7
58,14,7
58,15,7
58,16,7
58,17,7
58,18,7
58,19,7
58,20,7
58,21,7
58,22,7
58,23,7
58,24,7
58,25,7
58,26,7
58,27,7
58,28,7
58,29,7
58,30,7
58,31,7
58,32,7
58,33,7
58,34,7
58,35,7
58,36,7
58,37,7
58,38,7
59,1,7
59,2,7
59,3,7
59,4,7
59,5,7
59,6,7
59,7,7
59,8,7
59,9,7
59,10,7
59,11,7
59,12,7
59,13,7
59,14,7
59,15,7
59,16,7
59,17,7
59,18,7
59,19,7
59,20,7
59,21,7
59,22,7
59,23,7
59,24,7
59,25,7
59,26,7
59,27,7
59,28,7
59,29,7
59,30,7
59,31,7
59,32,7
59,33,7
59,34,7
59,35,7
59,36,7
59,37,7
59,38,7
60,1,7
60,2,7
60,3,7
60,4,7
60,5,7
60,6,7
60,7,7
60,8,7
60,9,7
60,10,7
60,11,7
60,12,7
60,13,7
60,14,7
60,15,7
60,16,7
60,17,7
60,18,7
60,19,7
60,20,7
60,21,7
60,22,7
60,23,7
60,24,7
60,25,7
60,26,7
60,27,7
60,28,7
60,29,7
60,30,7
60,31,7
60,32,7
60,33,7
60,34,7
60,35,7
60,36,7
60,37,7
60,38,7
61,1,7
61,2,7
61,3,7
61,4,7
61,5,7
61,6,7
61,7,7
61,8,7
61,9,7
61,10,7
61,11,7
61,12,7
61,13,7
61,14,7
61,15,7
61,16,7
61,17,7
61,18,7
61,19,7
61,20,7
61,21,7
61,22,7
61,23,7
61,24,7
61,25,7
61,26,7
61,27,7
61,28,7
61,29,7
61,30,7
61,31,7
61,32,7
61,33,7
61,34,7
61,35,7
61,36,7
61,37,7
61,38,7
62,1,7
62,2,7
62,3,7
62,4,7
62,5,7
62,6,7
62,7,7
62,8,7
62,9,7
62,10,7
62,11,7
62,12,7
62,13,7
62,14,7
62,15,7
62,16,7
62,17,7
62,18,7
62,19,7
62,20,7
62,21,7
62,22,7
62,23,7
62,24,7
62,25,7
62,26,7
62,27,7
62,28,7
62,29,7
62,30,7
62,31,7
62,32,7
62,33,7
62,34,7
62,35,7
62,36,7
62,37,7
62,38,7
63,1,7
63,2,7
63,3,7
63,4,7
63,5,7
63,6,7
63,7,7
63,8,7
63,9,7
63,10,7
63,11,7
63,12,7
63,13,7
63,14,7
63,15,7
63,16,7
63,17,7
63,18,7
63,19,7
63,20,7
63,21,7
63,22,7
63,23,7
63,24,7
63,25,7
63,26,7
63,27,7
63,28,7
63,29,7
63,30,7
63,31,7
63,32,7
63,33,7
63,34,7
63,35,7
63,36,7
63,37,7
63,38,7
64,1,7
64,2,7
64,3,7
64,4,7
64,5,7
64,6,7
64,7,7
64,8,7
64,9,7
64,10,7
64,11,7
64,12,7
64,13,7
64,14,7
64,15,7
64,16,7
64,17,7
64,18,7
64,19,7
64,20,7
64,21,7
64,22,7
64,23,7
64,24,7
64,25,7
64,26,7
64,27,7
64,28,7
64,29,7
64,30,7
64,31,7
64,32,7
64,33,7
64,34,7
64,35,7
64,36,7
64,37,7
64,38,7
65,1,7
65,2,7
65,3,7
65,4,7
65,5,7
65,6,7
65,7,7
65,8,7
65,9,7
65,10,7
65,11,7
65,12,7
65,13,7
65,14,7
65,15,7
65,16,7
65,17,7
65,18,7
65,19,7
65,20,7
65,21,7
65,22,7
65,23,7
65,24,7
65,25,7
65,26,7
65,27,7
65,28,7
65,29,7
65,30,7
65,31,7
65,32,7
65,33,7
65,34,7
65,35,7
65,36,7
65,37,7
65,38,7
66,1,91
66,2,91
66,3,91
66,4,91
66,5,91
66,6,91
66,7,91
66,8,91
66,9,91
66,10,91
66,11,91
66,12,91
66,13,91
66,14,91
66,15,91
66,16,91
66,17,91
66,18,91
66,19,91
66,20,91
66,21,91
66,22,91
66,23,91
66,24,91
66,25,91
66,26,91
66,27,91
66,28,91
66,29,91
66,30,91
66,31,91
66,32,91
66,33,91
66,34,91
66,35,91
66,36,91
66,37,91
66,38,91
67,1,91
67,2,91
67,3,91
67,4,91
67,5,91
67,6,91
67,7,91
67,8,91
67,9,91
67,10,91
67,11,91
67,12,91
67,13,91
67,14,91
67,15,91
67,16,91
67,17,91
67,18,91
67,19,91
67,20,91
67,21,91
67,22,91
67,23,91
67,24,91
67,25,91
67,26,91
67,27,91
67,28,91
67,29,91
67,30,91
67,31,91
67,32,91
67,33,91
67,34,91
67,35,91
67,36,91
67,37,91
67,38,91
68,1,91
68,2,91
68,3,91
68,4,91
68,5,91
68,6,91
68,7,91
68,8,91
68,9,91
68,10,91
68,11,91
68,12,91
68,13,91
68,14,91
68,15,91
68,16,91
68,17,91
68,18,91
68,19,91
68,20,91
68,21,91
68,22,91
68,23,91
68,24,91
68,25,91
68,26,91
68,27,91
68,28,91
68,29,91
68,30,91
68,31,91
68,32,91
68,33,91
68,34,91
68,35,91
68,36,91
68,37,91
68,38,91
69,1,91
69,2,91
69,3,91
69,4,91
69,5,91
69,6,91
69,7,91
69,8,91
69,9,91
69,10,91
69,11,91
69,12,91
69,13,91
69,14,91
69,15,91
69,16,91
69,17,91
69,18,91
69,19,91
69,20,91
69,21,91
69,22,91
69,23,91
69,24,91
69,25,91
69,26,91
69,27,91
69,28,91
69,29,91
69,30,91
69,31,91
69,32,91
69,33,91
69,34,91
69,35,91
69,36,91
69,37,91
69,38,91
70,1,91
70,2,91
70,3,91
70,4,91
70,5,91
70,6,91
70,7,91
70,8,91
70,9,91
70,10,91
70,11,91
70,12,91
70,13,91
70,14,91
70,15,91
70,16,91
70,17,91
70,18,91
70,19,91
70,20,91
70,21,91
70,22,91
70,23,91
70,24,91
70,25,91
70,26,91
70,27,91
70,28,91
70,29,91
70,30,91
70,31,91
70,32,91
70,33,91
70,34,91
70,35,91
70,36,91
70,37,91
70,38,91
71,1,91
71,2,91
71,3,91
71,4,91
71,5,91
71,6,91
71,7,91
71,8,91
71,9,91
71,10,91
71,11,91
71,12,91
71,13,91
71,14,91
71,15,91
71,16,91
71,17,91
71,18,91
71,19,91
71,20,91
71,21,91
71,22,91
71,23,91
71,24,91
71,25,91
71,26,91
71,27,91
71,28,91
71,29,91
71,30,91
71,31,91
71,32,91
71,33,91
71,34,91
71,35,91
71,36,91
71,37,91
71,38,91
72,1,91
72,2,91
72,3,91
72,4,91
72,5,91
72,6,91
72,7,91
72,8,91
72,9,91
72,10,91
72,11,91
72,12,91
72,13,91
72,14,91
72,15,91
72,16,91
72,17,91
72,18,91
72,19,91
72,20,91
72,21,91
72,22,91
72,23,91
72,24,91
72,25,91
72,26,91
72,27,91
72,28,91
72,29,91
72,30,91
72,31,91
72,32,91
72,33,91
72,34,91
72,35,91
72,36,91
72,37,91
72,38,91
73,1,91
73,2,91
73,3,91
73,4,91
73,5,91
73,6,91
73,7,91
73,8,91
73,9,91
73,10,91
73,11,91
73,12,91
73,13,91
73,14,91
73,15,91
73,16,91
73,17,91
73,18,91
73,19,91
73,20,91
73,21,91
73,22,91
73,23,91
73,24,91
73,25,91
73,26,91
73,27,91
73,28,91
73,29,91
73,30,91
73,31,91
73,32,91
73,33,91
73,34,91
73,35,91
73,36,91
73,37,91
73,38,91
74,1,91
74,2,91
74,3,91
74,4,91
74,5,91
74,6,91
74,7,91
74,8,91
74,9,91
74,10,91
74,11,91
74,12,91
74,13,91
74,14,91
74,15,91
74,16,91
74,17,91
74,18,91
74,19,91
74,20,91
74,21,91
74,22,91
74,23,91
74,24,91
74,25,91
74,26,91
74,27,91
74,28,91
74,29,91
74,30,91
74,31,91
74,32,91
74,33,91
74,34,91
74,35,91
74,36,91
74,37,91
74,38,91
75,1,91
75,2,91
75,3,91
75,4,91
75,5,91
75,6,91
75,7,91
75,8,91
75,9,91
75,10,91
75,11,91
75,12,91
75,13,91
75,14,91
75,15,91
75,16,91
75,17,91
75,18,91
75,19,91
75,20,91
75,21,91
75,22,91
75,23,91
75,24,91
75,25,91
75,26,91
75,27,91
75,28,91
75,29,91
75,30,91
75,31,91
75,32,91
75,33,91
75,34,91
75,35,91
75,36,91
75,37,91
75,38,91
76,1,91
76,2,91
76,3,91
76,4,91
76,5,91
76,6,91
76,7,91
76,8,91
76,9,91
76,10,91
76,11,91
76,12,91
76,13,91
76,14,91
76,15,91
76,16,91
76,17,91
76,18,91
76,19,91
76,20,91
76,21,91
76,22,91
76,23,91
76,24,91
76,25,91
76,26,91
76,27,91
76,28,91
76,29,91
76,30,91
76,31,91
76,32,91
76,33,91
76,34,91
76,35,91
76,36,91
76,37,91
76,38,91
77,1,91
77,2,91
77,3,91
77,4,91
77,5,91
77,6,91
77,7,91
77,8,91
77,9,91
77,10,91
77,11,91
77,12,91
77,13,91
77,14,91
77,15,91
77,16,91
77,17,91
77,18,91
77,19,91
77,20,91
77,21,91
77,22,91
77,23,91
77,24,91
77,25,91
77,26,91
77,27,91
77,28,91
77,29,91
77,30,91
77,31,91
77,32,91
77,33,91
77,34,91
77,35,91
77,36,91
77,37,91
77,38,91
78,1,91
78,2,91
78,3,91
78,4,91
78,5,91
78,6,91
78,7,91
78,8,91
78,9,91
78,10,91
78,11,91
78,12,91
78,13,91
78,14,91
78,15,91
78,16,91
78,17,91
78,18,91
78,19,91
78,20,91
78,21,91
78,22,91
78,23,91
78,24,91
78,25,91
78,26,91
78,27,91
78,28,91
78,29,91
78,30,91
78,31,91
78,32,91
78,33,91
78,34,91
78,35,91
78,36,91
78,37,91
78,38,91
79,1,91
79,2,91
79,3,91
79,4,91
79,5,91
79,6,91
79,7,91
79,8,91
79,9,91
79,10,91
79,11,91
79,12,91
79,13,91
79,14,91
79,15,91
79,16,91
79,17,91
79,18,91
79,19,91
79,20,91
79,21,91
79,22,91
79,23,91
79,24,91
79,25,91
79,26,91
79,27,91
79,28,91
79,29,91
79,30,91
79,31,91
79,32,91
79,33,91
79,34,91
79,35,91
79,36,91
79,37,91
79,38,91
80,1,91
80,2,91
80,3,91
80,4,91
80,5,91
80,6,91
80,7,91
80,8,91
80,9,91
80,10,91
80,11,91
80,12,91
80,13,91
80,14,91
80,15,91
80,16,91
80,17,91
80,18,91
80,19,91
80,20,91
80,21,91
80,22,91
80,23,91
80,24,91
80,25,91
80,26,91
80,27,91
80,28,91
80,29,91
80,30,91
80,31,91
80,32,91
80,33,91
80,34,91
80,35,91
80,36,91
80,37,91
80,38,91
81,1,91
81,2,91
81,3,91
81,4,91
81,5,91
81,6,91
81,7,91
81,8,91
81,9,91
81,10,91
81,11,91
81,12,91
81,13,91
81,14,91
81,15,91
81,16,91
81,17,91
81,18,91
81,19,91
81,20,91
81,21,91
81,22,91
81,23,91
81,24,91
81,25,91
81,26,91
81,27,91
81,28,91
81,29,91
81,30,91
81,31,91
81,32,91
81,33,91
81,34,91
81,35,91
81,36,91
81,37,91
81,38,91
82,1,91
82,2,91
82,3,91
82,4,91
82,5,91
82,6,91
82,7,91
82,8,91
82,9,91
82,10,91
82,11,91
82,12,91
82,13,91
82,14,91
82,15,91
82,16,91
82,17,91
82,18,91
82,19,91
82,20,91
82,21,91
82,22,43
82,23,43
82,24,43
82,25,43
82,26,43
82,27,43
82,28,43
82,29,43
82,30,43
82,31,43
82,32,43
82,33,43
82,34,43
82,35,43
82,36,43
82,37,43
82,38,43
83,1,91
83,2,94
83,3,94
83,4,94
83,5,94
83,6,94
83,7,94
83,8,94
83,9,94
83,10,94
83,11,94
83,12,94
83,13,94
83,14,94
83,15,94
83,16,94
83,17,94
83,18,94
83,19,94
83,20,94
83,21,94
83,22,94
83,23,94
83,24,94
83,25,94
83,26,94
83,27,94
83,28,94
83,29,94
83,30,94
83,31,94
83,32,94
83,33,94
83,34,94
83,35,94
83,36,94
83,37,94
83,38,94
84,1,91
84,2,91
84,3,91
84,4,91
84,5,91
84,6,91
84,7,91
84,8,91
84,9,91
84,10,91
84,11,91
84,12,91
84,13,91
84,14,91
84,15,91
84,16,91
84,17,91
84,18,91
84,19,91
84,20,91
84,21,91
84,22,91
84,23,91
84,24,91
84,25,91
84,26,91
84,27,91
84,28,91
84,29,91
84,30,91
84,31,91
84,32,91
84,33,91
84,34,91
84,35,91
84,36,91
84,37,91
84,38,91
85,1,91
85,2,91
85,3,91
85,4,91
85,5,91
85,6,91
85,7,91
85,8,91
85,9,91
85,10,91
85,11,91
85,12,91
85,13,91
85,14,91
85,15,91
85,16,91
85,17,91
85,18,91
85,19,91
85,20,91
85,21,91
85,22,91
85,23,91
85,24,91
85,25,91
85,26,91
85,27,91
85,28,91
85,29,91
85,30,91
85,31,91
85,32,91
85,33,91
85,34,91
85,35,91
85,36,91
85,37,91
85,38,91
86,1,91
86,2,91
86,3,91
86,4,91
86,5,91
86,6,91
86,7,91
86,8,91
86,9,91
86,10,91
86,11,91
86,12,91
86,13,91
86,14,91
86,15,91
86,16,91
86,17,91
86,18,91
86,19,91
86,20,91
86,21,91
86,22,91
86,23,91
86,24,91
86,25,91
86,26,91
86,27,91
86,28,91
86,29,91
86,30,91
86,31,91
86,32,91
86,33,91
86,34,91
86,35,91
86,36,91
86,37,91
86,38,91
87,1,91
87,2,91
87,3,91
87,4,91
87,5,91
87,6,91
87,7,91
87,8,91
87,9,91
87,10,91
87,11,91
87,12,91
87,13,91
87,14,91
87,15,91
87,16,91
87,17,91
87,18,91
87,19,91
87,20,91
87,21,91
87,22,91
87,23,91
87,24,91
87,25,91
87,26,91
87,27,91
87,28,91
87,29,91
87,30,91
87,31,91
87,32,91
87,33,91
87,34,91
87,35,91
87,36,91
87,37,91
87,38,91
88,1,91
88,2,91
88,3,91
88,4,91
88,5,91
88,6,91
88,7,91
88,8,91
88,9,91
88,10,91
88,11,91
88,12,91
88,13,91
88,14,91
88,15,91
88,16,91
88,17,91
88,18,91
88,19,91
88,20,91
88,21,91
88,22,91
88,23,91
88,24,91
88,25,91
88,26,91
88,27,91
88,28,91
88,29,91
88,30,91
88,31,91
88,32,91
88,33,91
88,34,91
88,35,91
88,36,91
88,37,91
88,38,91
89,1,91
89,2,91
89,3,91
89,4,91
89,5,91
89,6,91
89,7,91
89,8,91
89,9,91
89,10,91
89,11,91
89,12,91
89,13,91
89,14,91
89,15,91
89,16,91
89,17,91
89,18,91
89,19,91
89,20,91
89,21,91
89,22,91
89,23,91
89,24,91
89,25,91
89,26,91
89,27,91
89,28,91
89,29,91
89,30,91
89,31,91
89,32,91
89,33,91
89,34,91
89,35,91
89,36,91
89,37,91
89,38,91
90,1,91
90,2,91
90,3,91
90,4,91
90,5,91
90,6,91
90,7,91
90,8,91
90,9,91
90,10,91
90,11,91
90,12,91
90,13,91
90,14,91
90,15,91
90,16,91
90,17,91
90,18,91
90,19,91
90,20,91
90,21,91
90,22,91
90,23,91
90,24,91
90,25,91
90,26,91
90,27,91
90,28,91
90,29,91
90,30,91
90,31,91
90,32,91
90,33,91
90,34,91
90,35,91
90,36,91
90,37,91
90,38,91
91,1,91
91,2,91
91,3,91
91,4,91
91,5,91
91,6,91
91,7,91
91,8,91
91,9,91
91,10,91
91,11,91
91,12,91
91,13,91
91,14,91
91,15,91
91,16,91
91,17,91
91,18,91
91,19,91
91,20,91
91,21,91
91,22,91
91,23,91
91,24,91
91,25,91
91,26,91
91,27,91
91,28,91
91,29,91
91,30,91
91,31,91
91,32,91
91,33,91
91,34,91
91,35,91
91,36,91
91,37,91
91,38,91
92,1,91
92,2,91
92,3,91
92,4,91
92,5,91
92,6,91
92,7,91
92,8,91
92,9,91
92,10,91
92,11,91
92,12,91
92,13,91
92,14,91
92,15,91
92,16,91
92,17,91
92,18,91
92,19,91
92,20,91
92,21,91
92,22,91
92,23,91
92,24,91
92,25,91
92,26,91
92,27,91
92,28,91
92,29,91
92,30,91
92,31,91
92,32,91
92,33,91
92,34,91
92,35,91
92,36,91
92,37,91
92,38,91
93,1,91
93,2,91
93,3,91
93,4,91
93,5,91
93,6,91
93,7,91
93,8,91
93,9,91
93,10,91
93,11,91
93,12,91
93,13,91
93,14,91
93,15,91
93,16,91
93,17,91
93,18,91
93,19,91
93,20,91
93,21,91
93,22,91
93,23,91
93,24,91
93,25,91
93,26,91
93,27,91
93,28,91
93,29,91
93,30,91
93,31,91
93,32,91
93,33,91
93,34,91
93,35,91
93,36,91
93,37,91
93,38,91
94,1,91
94,2,91
94,3,91
94,4,91
94,5,91
94,6,91
94,7,91
94,8,91
94,9,91
94,10,91
94,11,91
94,12,91
94,13,91
94,14,91
94,15,91
94,16,91
94,17,91
94,18,91
94,19,91
94,20,91
94,21,91
94,22,91
94,23,91
94,24,91
94,25,91
94,26,91
94,27,91
94,28,91
94,29,91
94,30,91
94,31,91
94,32,91
94,33,91
94,34,91
94,35,91
94,36,91
94,37,91
94,38,91
95,1,91
95,2,91
95,3,91
95,4,91
95,5,91
95,6,91
95,7,91
95,8,91
95,9,91
95,10,91
95,11,91
95,12,91
95,13,91
95,14,91
95,15,91
95,16,91
95,17,91
95,18,91
95,19,91
95,20,91
95,21,91
95,22,91
95,23,91
95,24,91
95,25,91
95,26,91
95,27,91
95,28,91
95,29,91
95,30,91
95,31,91
95,32,91
95,33,91
95,34,91
95,35,91
95,36,91
95,37,91
95,38,91
96,1,91
96,2,91
96,3,91
96,4,91
96,5,91
96,6,91
96,7,91
96,8,91
96,9,91
96,10,91
96,11,91
96,12,91
96,13,91
96,14,91
96,15,91
96,16,91
96,17,91
96,18,91
96,19,91
96,20,91
96,21,91
96,22,91
96,23,91
96,24,91
96,25,91
96,26,91
96,27,91
96,28,91
96,29,91
96,30,91
96,31,91
96,32,91
96,33,91
96,34,91
96,35,91
96,36,91
96,37,91
96,38,91
97,1,91
97,2,91
97,3,91
97,4,91
97,5,91
97,6,91
97,7,91
97,8,91
97,9,91
97,10,91
97,11,91
97,12,91
97,13,91
97,14,91
97,15,91
97,16,91
97,17,91
97,18,91
97,19,91
97,20,91
97,21,91
97,22,91
97,23,91
97,24,91
97,25,91
97,26,91
97,27,91
97,28,91
97,29,91
97,30,91
97,31,91
97,32,91
97,33,91
97,34,91
97,35,91
97,36,91
97,37,91
97,38,91
98,1,91
98,2,91
98,3,91
98,4,91
98,5,91
98,6,91
98,7,91
98,8,91
98,9,91
98,10,91
98,11,91
98,12,91
98,13,91
98,14,91
98,15,91
98,16,91
98,17,91
98,18,91
98,19,91
98,20,91
98,21,91
98,22,91
98,23,91
98,24,91
98,25,91
98,26,91
98,27,91
98,28,91
98,29,91
98,30,91
98,31,91
98,32,91
98,33,91
98,34,91
98,35,91
98,36,91
98,37,91
98,38,91
99,1,91
99,2,91
99,3,91
99,4,91
99,5,91
99,6,91
99,7,91
99,8,91
99,9,91
99,10,91
99,11,91
99,12,91
99,13,91
99,14,91
99,15,91
99,16,91
99,17,91
99,18,91
99,19,91
99,20,91
99,21,91
99,22,91
99,23,91
99,24,91
99,25,91
99,26,91
99,27,91
99,28,91
99,29,91
99,30,91
99,31,91
99,32,91
99,33,91
99,34,91
99,35,91
99,36,91
99,37,91
99,38,91
100,1,91
100,2,91
100,3,91
100,4,91
100,5,91
100,6,91
100,7,91
100,8,91
100,9,91
100,10,91
100,11,91
100,12,91
100,13,91
100,14,91
100,15,91
100,16,91
100,17,91
100,18,91
100,19,91
100,20,91
100,21,91
100,22,91
100,23,91
100,24,91
100,25,91
100,26,91
100,27,91
100,28,91
100,29,91
100,30,91
100,31,91
100,32,91
100,33,91
100,34,91
100,35,91
100,36,91
100,37,91
100,38,91
101,1,94
101,2,94
101,3,94
101,4,94
101,5,94
101,6,94
101,7,94
101,8,94
101,9,94
101,10,94
101,11,94
101,12,94
101,13,94
101,14,94
101,15,94
101,16,94
101,17,94
101,18,94
101,19,94
101,20,94
101,21,94
101,22,94
101,23,94
101,24,94
101,25,94
101,26,94
101,27,94
101,28,94
101,29,94
101,30,94
101,31,94
101,32,94
101,33,94
101,34,94
101,35,94
101,36,94
101,37,94
101,38,94
102,1,94
102,2,94
102,3,94
102,4,94
102,5,94
102,6,94
102,7,94
102,8,94
102,9,94
102,10,94
102,11,94
102,12,94
102,13,94
102,14,94
102,15,94
102,16,94
102,17,94
102,18,94
102,19,94
102,20,94
102,21,94
102,22,94
102,23,94
102,24,94
102,25,94
102,26,94
102,27,94
102,28,94
102,29,94
102,30,94
102,31,94
102,32,94
102,33,94
102,34,94
102,35,94
102,36,94
102,37,94
102,38,94
103,1,94
103,2,94
103,3,94
103,4,94
103,5,94
103,6,94
103,7,94
103,8,94
103,9,94
103,10,94
103,11,94
103,12,94
103,13,94
103,14,94
103,15,94
103,16,94
103,17,94
103,18,94
103,19,94
103,20,94
103,21,94
103,22,94
103,23,94
103,24,94
103,25,94
103,26,94
103,27,94
103,28,94
103,29,94
103,30,94
103,31,94
103,32,94
103,33,94
103,34,94
103,35,94
103,36,94
103,37,94
103,38,94
104,1,94
104,2,94
104,3,94
104,4,94
104,5,94
104,6,94
104,7,94
104,8,94
104,9,94
104,10,94
104,11,94
104,12,94
104,13,94
104,14,94
104,15,94
104,16,94
104,17,94
104,18,94
104,19,94
104,20,94
104,21,94
104,22,94
104,23,94
104,24,94
104,25,94
104,26,94
104,27,94
104,28,94
104,29,94
104,30,94
104,31,94
104,32,94
104,33,94
104,34,94
104,35,94
104,36,94
104,37,94
104,38,94
105,1,94
105,2,94
105,3,94
105,4,94
105,5,94
105,6,94
105,7,94
105,8,94
105,9,94
105,10,94
105,11,94
105,12,94
105,13,94
105,14,94
105,15,94
105,16,94
105,17,94
105,18,94
105,19,94
105,20,94
105,21,94
105,22,94
105,23,94
105,24,94
105,25,94
105,26,94
105,27,94
105,28,94
105,29,94
105,30,94
105,31,94
105,32,94
105,33,94
105,34,94
105,35,94
105,36,94
105,37,94
105,38,94
106,1,94
106,2,94
106,3,94
106,4,94
106,5,94
106,6,94
106,7,94
106,8,94
106,9,94
106,10,94
106,11,94
106,12,94
106,13,94
106,14,94
106,15,94
106,16,94
106,17,94
106,18,94
106,19,94
106,20,94
106,21,94
106,22,94
106,23,94
106,24,94
106,25,94
106,26,94
106,27,94
106,28,94
106,29,94
106,30,94
106,31,94
106,32,94
106,33,94
106,34,94
106,35,94
106,36,94
106,37,94
106,38,94
107,1,94
107,2,94
107,3,94
107,4,94
107,5,94
107,6,94
107,7,94
107,8,94
107,9,94
107,10,94
107,11,94
107,12,94
107,13,94
107,14,94
107,15,94
107,16,94
107,17,94
107,18,94
107,19,94
107,20,94
107,21,94
107,22,94
107,23,94
107,24,94
107,25,94
107,26,94
107,27,94
107,28,94
107,29,94
107,30,94
107,31,94
107,32,94
107,33,94
107,34,94
107,35,94
107,36,94
107,37,94
107,38,94
108,1,94
108,2,94
108,3,94
108,4,94
108,5,94
108,6,94
108,7,94
108,8,94
108,9,94
108,10,94
108,11,94
108,12,94
108,13,94
108,14,94
108,15,94
108,16,94
108,17,94
108,18,94
108,19,94
108,20,94
108,21,94
108,22,94
108,23,94
108,24,94
108,25,94
108,26,94
108,27,94
108,28,94
108,29,94
108,30,94
108,31,94
108,32,94
108,33,94
108,34,94
108,35,94
108,36,94
108,37,94
108,38,94
109,1,94
109,2,94
109,3,94
109,4,94
109,5,94
109,6,94
109,7,94
109,8,94
109,9,94
109,10,94
109,11,94
109,12,94
109,13,94
109,14,94
109,15,94
109,16,94
109,17,94
109,18,94
109,19,94
109,20,94
109,21,94
109,22,94
109,23,94
109,24,94
109,25,94
109,26,94
109,27,94
109,28,94
109,29,94
109,30,94
109,31,94
109,32,94
109,33,94
109,34,94
109,35,94
109,36,94
109,37,94
109,38,94
110,1,94
110,2,94
110,3,94
110,4,94
110,5,94
110,6,94
110,7,94
110,8,94
110,9,94
110,10,94
110,11,94
110,12,94
110,13,94
110,14,94
110,15,94
110,16,94
110,17,94
110,18,94
110,19,94
110,20,94
110,21,94
110,22,94
110,23,94
110,24,94
110,25,94
110,26,94
110,27,94
110,28,94
110,29,94
110,30,94
110,31,94
110,32,94
110,33,94
110,34,94
110,35,94
110,36,94
110,37,94
110,38,94
111,1,94
111,2,94
111,3,94
111,4,94
111,5,94
111,6,94
111,7,94
111,8,94
111,9,94
111,10,94
111,11,94
111,12,94
111,13,94
111,14,94
111,15,94
111,16,94
111,17,94
111,18,94
111,19,94
111,20,94
111,21,94
111,22,94
111,23,94
111,24,94
111,25,94
111,26,94
111,27,94
111,28,94
111,29,94
111,30,94
111,31,94
111,32,94
111,33,94
111,34,94
111,35,94
111,36,94
111,37,94
111,38,94
112,1,94
112,2,94
112,3,94
112,4,94
112,5,94
112,6,94
112,7,94
112,8,94
112,9,94
112,10,94
112,11,94
112,12,94
112,13,94
112,14,94
112,15,94
112,16,94
112,17,94
112,18,94
112,19,94
112,20,94
112,21,94
112,22,94
112,23,94
112,24,94
112,25,94
112,26,94
112,27,94
112,28,94
112,29,94
112,30,94
112,31,94
112,32,94
112,33,94
112,34,94
112,35,94
112,36,94
112,37,94
112,38,94
113,1,94
113,2,94
113,3,94
113,4,94
113,5,94
113,6,94
113,7,94
113,8,94
113,9,94
113,10,94
113,11,94
113,12,94
113,13,94
113,14,94
113,15,94
113,16,94
113,17,94
113,18,94
113,19,94
113,20,94
113,21,94
113,22,94
113,23,94
113,24,94
113,25,94
113,26,94
113,27,94
113,28,94
113,29,94
113,30,94
113,31,94
113,32,94
113,33,94
113,34,94
113,35,94
113,36,94
113,37,94
113,38,94
114,1,94
114,2,94
114,3,94
114,4,94
114,5,94
114,6,94
114,7,94
114,8,94
114,9,94
114,10,94
114,11,94
114,12,94
114,13,94
114,14,94
114,15,94
114,16,94
114,17,94
114,18,94
114,19,94
114,20,94
114,21,94
114,22,94
114,23,94
114,24,94
114,25,94
114,26,94
114,27,94
114,28,94
114,29,94
114,30,94
114,31,94
114,32,94
114,33,94
114,34,94
114,35,94
114,36,94
114,37,94
114,38,94
115,1,94
115,2,94
115,3,94
115,4,94
115,5,94
115,6,94
115,7,94
115,8,94
115,9,94
115,10,94
115,11,94
115,12,94
115,13,94
115,14,94
115,15,94
115,16,94
115,17,94
115,18,94
115,19,94
115,20,94
115,21,94
115,22,94
115,23,94
115,24,94
115,25,94
115,26,94
115,27,94
115,28,94
115,29,94
115,30,94
115,31,94
115,32,94
115,33,94
115,34,94
115,35,94
115,36,94
115,37,94
115,38,94
116,1,94
116,2,94
116,3,94
116,4,94
116,5,94
116,6,94
116,7,94
116,8,94
116,9,94
116,10,94
116,11,94
116,12,94
116,13,94
116,14,94
116,15,94
116,16,94
116,17,94
116,18,94
116,19,94
116,20,94
116,21,94
116,22,94
116,23,94
116,24,94
116,25,94
116,26,94
116,27,94
116,28,94
116,29,94
116,30,94
116,31,94
116,32,94
116,33,94
116,34,94
116,35,94
116,36,94
116,37,94
116,38,94
117,1,94
117,2,94
117,3,94
117,4,94
117,5,94
117,6,94
117,7,94
117,8,94
117,9,94
117,10,94
117,11,94
117,12,94
117,13,94
117,14,94
117,15,94
117,16,94
117,17,94
117,18,94
117,19,94
117,20,94
117,21,94
117,22,94
117,23,94
117,24,94
117,25,94
117,26,94
117,27,94
117,28,94
117,29,94
117,30,94
117,31,94
117,32,94
117,33,94
117,34,94
117,35,94
117,36,94
117,37,94
117,38,94
118,1,94
118,2,94
118,3,94
118,4,94
118,5,94
118,6,94
118,7,94
118,8,94
118,9,94
118,10,94
118,11,94
118,12,94
118,13,94
118,14,94
118,15,94
118,16,94
118,17,94
118,18,94
118,19,94
118,20,94
118,21,94
118,22,94
118,23,94
118,24,94
118,25,94
118,26,94
118,27,94
118,28,94
118,29,94
118,30,94
118,31,94
118,32,94
118,33,94
118,34,94
118,35,94
118,36,94
118,37,94
118,38,94
119,1,1
119,2,1
119,3,1
119,4,1
119,5,1
119,6,1
119,7,1
119,8,1
119,9,1
119,10,1
119,11,1
119,12,1
119,13,1
119,14,1
119,15,1
119,16,1
119,17,1
119,18,1
119,19,1
119,20,1
119,21,1
119,22,1
119,23,1
119,24,1
119,25,1
119,26,1
119,27,1
119,28,1
119,29,1
119,30,1
119,31,1
119,32,1
119,33,1
119,34,1
119,35,1
119,36,1
119,37,1
119,38,1
120,1,94
120,2,94
120,3,94
120,4,94
120,5,94
120,6,94
120,7,94
120,8,94
120,9,94
120,10,94
120,11,94
120,12,94
120,13,94
120,14,94
120,15,94
120,16,94
120,17,94
120,18,94
120,19,94
120,20,94
120,21,94
120,22,94
120,23,94
120,24,94
120,25,94
120,26,94
120,27,94
120,28,94
120,29,94
120,30,94
120,31,94
120,32,94
120,33,94
120,34,94
120,35,94
120,36,94
120,37,94
120,38,94
121,1,94
121,2,94
121,3,94
121,4,94
121,5,94
121,6,94
121,7,94
121,8,94
121,9,94
121,10,94
121,11,94
121,12,94
121,13,94
121,14,94
121,15,94
121,16,94
121,17,94
121,18,94
121,19,94
121,20,94
121,21,94
121,22,94
121,23,94
121,24,94
121,25,94
121,26,94
121,27,94
121,28,94
121,29,94
121,30,94
121,31,94
121,32,94
121,33,94
121,34,94
121,35,94
121,36,94
121,37,94
121,38,94
122,1,94
122,2,94
122,3,94
122,4,94
122,5,94
122,6,94
122,7,94
122,8,94
122,9,94
122,10,94
122,11,94
122,12,94
122,13,94
122,14,94
122,15,94
122,16,94
122,17,94
122,18,94
122,19,94
122,20,94
122,21,94
122,22,94
122,23,94
122,24,94
122,25,94
122,26,94
122,27,94
122,28,94
122,29,94
122,30,94
122,31,94
122,32,94
122,33,94
122,34,94
122,35,94
122,36,94
122,37,94
122,38,94
123,1,94
123,2,94
123,3,94
123,4,94
123,5,94
123,6,94
123,7,94
123,8,94
123,9,94
123,10,94
123,11,94
123,12,94
123,13,94
123,14,94
123,15,94
123,16,94
123,17,94
123,18,94
123,19,94
123,20,94
123,21,94
123,22,94
123,23,94
123,24,94
123,25,94
123,26,94
123,27,94
123,28,94
123,29,94
123,30,94
123,31,94
123,32,94
123,33,94
123,34,94
123,35,94
123,36,94
123,37,94
123,38,94
124,1,94
124,2,94
124,3,94
124,4,94
124,5,94
124,6,94
124,7,94
124,8,94
124,9,94
124,10,94
124,11,94
124,12,94
124,13,94
124,14,94
124,15,94
124,16,94
124,17,94
124,18,94
124,19,94
124,20,94
124,21,94
124,22,94
124,23,94
124,24,94
124,25,94
124,26,94
124,27,94
124,28,94
124,29,94
124,30,94
124,31,94
124,32,94
124,33,94
124,34,94
124,35,94
124,36,94
124,37,94
124,38,94
125,1,94
125,2,94
125,3,94
125,4,94
125,5,94
125,6,94
125,7,94
125,8,94
125,9,94
125,10,94
125,11,94
125,12,94
125,13,94
125,14,94
125,15,94
125,16,94
125,17,94
125,18,94
125,19,94
125,20,94
125,21,94
125,22,94
125,23,94
125,24,94
125,25,94
125,26,94
125,27,94
125,28,94
125,29,94
125,30,94
125,31,94
125,32,94
125,33,94
125,34,94
125,35,94
125,36,94
125,37,94
125,38,94
126,1,94
126,2,94
126,3,94
126,4,94
126,5,94
126,6,94
126,7,94
126,8,94
126,9,94
126,10,94
126,11,94
126,12,94
126,13,94
126,14,94
126,15,94
126,16,94
126,17,94
126,18,94
126,19,94
126,20,94
126,21,94
126,22,94
126,23,94
126,24,94
126,25,94
126,26,94
126,27,94
126,28,94
126,29,94
126,30,94
126,31,94
126,32,94
126,33,94
126,34,94
126,35,94
126,36,94
126,37,94
126,38,94
127,1,94
127,2,94
127,3,94
127,4,94
127,5,94
127,6,94
127,7,94
127,8,94
127,9,94
127,10,94
127,11,94
127,12,94
127,13,94
127,14,94
127,15,94
127,16,94
127,17,94
127,18,94
127,19,94
127,20,94
127,21,94
127,22,94
127,23,94
127,24,94
127,25,94
127,26,94
127,27,94
127,28,94
127,29,94
127,30,94
127,31,94
127,32,94
127,33,94
127,34,94
127,35,94
127,36,94
127,37,94
127,38,94
128,1,94
128,2,94
128,3,94
128,4,94
128,5,94
128,6,94
128,7,94
128,8,94
128,9,94
128,10,94
128,11,94
128,12,94
128,13,94
128,14,94
128,15,94
128,16,94
128,17,94
128,18,94
128,19,94
128,20,94
128,21,94
128,22,94
128,23,94
128,24,94
128,25,94
128,26,94
128,27,94
128,28,94
128,29,94
128,30,94
128,31,94
128,32,94
128,33,94
128,34,94
128,35,94
128,36,94
128,37,94
128,38,94
129,1,94
129,2,94
129,3,94
129,4,94
129,5,94
129,6,94
129,7,94
129,8,94
129,9,94
129,10,94
129,11,94
129,12,94
129,13,94
129,14,94
129,15,94
129,16,94
129,17,94
129,18,94
129,19,94
129,20,94
129,21,94
129,22,94
129,23,94
129,24,94
129,25,94
129,26,94
129,27,94
129,28,94
129,29,94
129,30,94
129,31,94
129,32,94
129,33,94
129,34,94
129,35,94
129,36,94
129,37,94
129,38,94
130,1,94
130,2,94
130,3,94
130,4,94
130,5,94
130,6,94
130,7,94
130,8,94
130,9,94
130,10,94
130,11,94
130,12,94
130,13,94
130,14,94
130,15,94
130,16,94
130,17,94
130,18,94
130,19,94
130,20,94
130,21,94
130,22,94
130,23,94
130,24,94
130,25,94
130,26,94
130,27,94
130,28,94
130,29,94
130,30,94
130,31,94
130,32,94
130,33,94
130,34,94
130,35,94
130,36,94
130,37,94
130,38,94
131,1,94
131,2,94
131,3,94
131,4,94
131,5,94
131,6,94
131,7,94
131,8,94
131,9,94
131,10,94
131,11,94
131,12,94
131,13,94
131,14,94
131,15,94
131,16,94
131,17,94
131,18,94
131,19,94
131,20,94
131,21,94
131,22,94
131,23,94
131,24,94
131,25,94
131,26,94
131,27,94
131,28,94
131,29,94
131,30,94
131,31,94
131,32,94
131,33,94
131,34,94
131,35,94
131,36,94
131,37,94
131,38,94
132,1,94
132,2,94
132,3,94
132,4,94
132,5,94
132,6,94
132,7,94
132,8,94
132,9,94
132,10,94
132,11,94
132,12,94
132,13,94
132,14,94
132,15,94
132,16,94
132,17,94
132,18,94
132,19,94
132,20,94
132,21,94
132,22,94
132,23,94
132,24,94
132,25,94
132,26,94
132,27,94
132,28,94
132,29,94
132,30,94
132,31,94
132,32,94
132,33,94
132,34,94
132,35,94
132,36,94
132,37,94
132,38,94
133,1,94
133,2,94
133,3,94
133,4,94
133,5,94
133,6,94
133,7,94
133,8,94
133,9,94
133,10,94
133,11,94
133,12,94
133,13,94
133,14,94
133,15,94
133,16,94
133,17,94
133,18,94
133,19,94
133,20,94
133,21,94
133,22,94
133,23,94
133,24,94
133,25,94
133,26,94
133,27,94
133,28,94
133,29,94
133,30,94
133,31,94
133,32,94
133,33,94
133,34,94
133,35,94
133,36,94
133,37,94
133,38,94
134,1,94
134,2,94
134,3,94
134,4,94
134,5,94
134,6,94
134,7,94
134,8,94
134,9,94
134,10,94
134,11,94
134,12,94
134,13,94
134,14,94
134,15,94
134,16,94
134,17,94
134,18,94
134,19,94
134,20,94
134,21,94
134,22,94
134,23,94
134,24,94
134,25,94
134,26,94
134,27,94
134,28,94
134,29,94
134,30,94
134,31,94
134,32,94
134,33,94
134,34,94
134,35,94
134,36,94
134,37,94
134,38,94
135,1,94
135,2,94
135,3,94
135,4,4
135,5,4
135,6,4
135,7,4
135,8,4
135,9,4
135,10,4
135,11,4
135,12,4
135,13,4
135,14,4
135,15,4
135,16,4
135,17,4
135,18,4
135,19,4
135,20,4
135,21,4
135,22,4
135,23,4
135,24,4
135,25,4
135,26,4
135,27,4
135,28,4
135,29,4
135,30,4
135,31,4
135,32,4
135,33,4
135,34,4
135,35,4
135,36,4
135,37,4
135,38,4
136,1,94
136,2,94
136,3,94
136,4,94
136,5,94
136,6,94
136,7,94
136,8,94
136,9,94
136,10,94
136,11,94
136,12,94
136,13,94
136,14,94
136,15,94
136,16,94
136,17,94
136,18,94
136,19,94
136,20,94
136,21,94
136,22,94
136,23,94
136,24,94
136,25,94
136,26,94
136,27,94
136,28,94
136,29,94
136,30,94
136,31,94
136,32,94
136,33,94
136,34,94
136,35,94
136,36,94
136,37,94
136,38,94
137,1,94
137,2,94
137,3,94
137,4,94
137,5,94
137,6,94
137,7,94
137,8,94
137,9,94
137,10,94
137,11,94
137,12,94
137,13,94
137,14,94
137,15,94
137,16,94
137,17,94
137,18,94
137,19,94
137,20,94
137,21,94
137,22,94
137,23,94
137,24,94
137,25,94
137,26,94
137,27,94
137,28,94
137,29,94
137,30,94
137,31,94
137,32,94
137,33,94
137,34,94
137,35,94
137,36,94
137,37,94
137,38,94
138,1,36
138,2,36
138,3,36
138,4,36
138,5,36
138,6,36
138,7,36
138,8,36
138,9,36
138,10,36
138,11,36
138,12,36
138,13,36
138,14,36
138,15,36
138,16,36
138,17,36
138,18,36
138,19,36
138,20,36
138,21,36
138,22,36
138,23,36
138,24,36
138,25,36
138,26,36
138,27,36
138,28,36
138,29,36
138,30,36
138,31,36
138,32,36
138,33,36
138,34,36
138,35,36
138,36,36
138,37,36
138,38,36
139,1,36
139,2,36
139,3,36
139,4,36
139,5,36
139,6,36
139,7,36
139,8,36
139,9,36
139,10,36
139,11,36
139,12,36
139,13,36
139,14,36
139,15,36
139,16,36
139,17,36
139,18,36
139,19,36
139,20,36
139,21,36
139,22,36
139,23,36
139,24,36
139,25,36
139,26,36
139,27,36
139,28,36
139,29,36
139,30,36
139,31,36
139,32,36
139,33,36
139,34,36
139,35,36
139,36,36
139,37,36
139,38,36
140,1,36
140,2,36
140,3,36
140,4,36
140,5,36
140,6,36
140,7,36
140,8,36
140,9,36
140,10,36
140,11,36
140,12,36
140,13,36
140,14,36
140,15,36
140,16,36
140,17,36
140,18,36
140,19,36
140,20,36
140,21,36
140,22,36
140,23,36
140,24,36
140,25,36
140,26,36
140,27,36
140,28,36
140,29,36
140,30,36
140,31,36
140,32,36
140,33,36
140,34,36
140,35,36
140,36,36
140,37,36
140,38,36
141,1,36
141,2,36
141,3,36
141,4,36
141,5,36
141,6,36
141,7,36
141,8,36
141,9,36
141,10,36
141,11,36
141,12,36
141,13,36
141,14,36
141,15,36
141,16,36
141,17,36
141,18,36
141,19,36
141,20,36
141,21,36
141,22,36
141,23,36
141,24,36
141,25,36
141,26,36
141,27,36
141,28,36
141,29,36
141,30,36
141,31,36
141,32,36
141,33,36
141,34,36
141,35,36
141,36,36
141,37,36
141,38,36
142,1,36
142,2,36
142,3,36
142,4,36
142,5,36
142,6,36
142,7,36
142,8,36
142,9,36
142,10,36
142,11,36
142,12,36
142,13,36
142,14,36
142,15,36
142,16,36
142,17,36
142,18,36
142,19,36
142,20,36
142,21,36
142,22,36
142,23,36
142,24,36
142,25,36
142,26,36
142,27,36
142,28,36
142,29,36
142,30,36
142,31,36
142,32,36
142,33,36
142,34,36
142,35,36
142,36,36
142,37,36
142,38,36
143,1,36
143,2,36
143,3,36
143,4,36
143,5,36
143,6,36
143,7,36
143,8,36
143,9,36
143,10,36
143,11,36
143,12,36
143,13,36
143,14,36
143,15,36
143,16,36
143,17,36
143,18,36
143,19,36
143,20,36
143,21,36
143,22,36
143,23,36
143,24,36
143,25,36
143,26,36
143,27,36
143,28,36
143,29,36
143,30,36
143,31,36
143,32,36
143,33,36
143,34,36
143,35,36
143,36,36
143,37,36
143,38,36
144,1,36
144,2,36
144,3,36
144,4,36
144,5,36
144,6,36
144,7,36
144,8,36
144,9,36
144,10,36
144,11,36
144,12,36
144,13,36
144,14,36
144,15,36
144,16,36
144,17,36
144,18,36
144,19,36
144,20,36
144,21,36
144,22,36
144,23,36
144,24,36
144,25,36
144,26,36
144,27,36
144,28,36
144,29,36
144,30,36
144,31,36
144,32,36
144,33,36
144,34,36
144,35,36
144,36,36
144,37,36
144,38,36
145,1,36
145,2,36
145,3,36
145,4,36
145,5,36
145,6,36
145,7,36
145,8,36
145,9,36
145,10,36
145,11,36
145,12,36
145,13,36
145,14,36
145,15,36
145,16,36
145,17,36
145,18,36
145,19,36
145,20,36
145,21,36
145,22,36
145,23,36
145,24,36
145,25,36
145,26,36
145,27,36
145,28,36
145,29,36
145,30,36
145,31,36
145,32,36
145,33,36
145,34,36
145,35,36
145,36,36
145,37,36
145,38,36
146,1,36
146,2,36
146,3,36
146,4,36
146,5,36
146,6,36
146,7,36
146,8,36
146,9,36
146,10,36
146,11,36
146,12,36
146,13,36
146,14,36
146,15,36
146,16,36
146,17,36
146,18,36
146,19,36
146,20,36
146,21,36
146,22,36
146,23,36
146,24,36
146,25,36
146,26,36
146,27,36
146,28,36
146,29,36
146,30,36
146,31,36
146,32,36
146,33,36
146,34,36
146,35,36
146,36,36
146,37,36
146,38,36
147,1,36
147,2,36
147,3,36
147,4,36
147,5,36
147,6,36
147,7,36
147,8,36
147,9,36
147,10,36
147,11,36
147,12,36
147,13,36
147,14,36
147,15,36
147,16,36
147,17,36
147,18,36
147,19,36
147,20,36
147,21,36
147,22,36
147,23,36
147,24,36
147,25,36
147,26,36
147,27,36
147,28,36
147,29,36
147,30,36
147,31,36
147,32,36
147,33,36
147,34,36
147,35,36
147,36,36
147,37,36
147,38,36
148,1,36
148,2,36
148,3,36
148,4,36
148,5,36
148,6,36
148,7,36
148,8,36
148,9,36
148,10,36
148,11,36
148,12,36
148,13,36
148,14,36
148,15,36
148,16,36
148,17,36
148,18,36
148,19,36
148,20,36
148,21,36
148,22,36
148,23,36
148,24,36
148,25,36
148,26,36
148,27,36
148,28,36
148,29,36
148,30,36
148,31,36
148,32,36
148,33,36
148,34,36
148,35,36
148,36,36
148,37,36
148,38,36
149,1,36
149,2,36
149,3,36
149,4,21
149,5,21
149,6,21
149,7,21
149,8,21
149,9,21
149,10,21
149,11,21
149,12,21
149,13,21
149,14,21
149,15,21
149,16,21
149,17,21
149,18,21
149,19,21
149,20,21
149,21,21
149,22,21
149,23,21
149,24,36
149,25,36
149,26,36
149,27,36
149,28,36
149,29,36
149,30,36
149,31,36
149,32,36
149,33,36
149,34,36
149,35,36
149,36,36
149,37,36
149,38,36
150,1,36
150,2,36
150,3,36
150,4,36
150,5,36
150,6,36
150,7,36
150,8,36
150,9,36
150,10,36
150,11,36
150,12,36
150,13,36
150,14,36
150,15,36
150,16,36
150,17,36
150,18,36
150,19,36
150,20,36
150,21,36
150,22,36
150,23,36
150,24,36
150,25,36
150,26,36
150,27,36
150,28,36
150,29,36
150,30,36
150,31,36
150,32,36
150,33,36
150,34,36
150,35,36
150,36,36
150,37,36
150,38,36
151,1,36
151,2,36
151,3,36
151,4,36
151,5,36
151,6,36
151,7,36
151,8,36
151,9,36
151,10,36
151,11,36
151,12,36
151,13,36
151,14,36
151,15,36
151,16,36
151,17,36
151,18,36
151,19,36
151,20,36
151,21,36
151,22,36
151,23,36
151,24,36
151,25,36
151,26,36
151,27,36
151,28,36
151,29,36
151,30,36
151,31,36
151,32,36
151,33,36
151,34,36
151,35,36
151,36,36
151,37,36
151,38,36
152,1,36
152,2,36
152,3,36
152,4,36
152,5,36
152,6,36
152,7,36
152,8,36
152,9,36
152,10,36
152,11,36
152,12,36
152,13,36
152,14,36
152,15,36
152,16,36
152,17,36
152,18,36
152,19,36
152,20,36
152,21,36
152,22,36
152,23,36
152,24,36
152,25,36
152,26,36
152,27,36
152,28,36
152,29,36
152,30,36
152,31,36
152,32,36
152,33,36
152,34,36
152,35,36
152,36,36
152,37,36
152,38,36
153,1,36
153,2,36
153,3,36
153,4,36
153,5,36
153,6,36
153,7,36
153,8,36
153,9,36
153,10,36
153,11,36
153,12,36
153,13,36
153,14,36
153,15,36
153,16,36
153,17,36
153,18,36
153,19,36
153,20,36
153,21,36
153,22,36
153,23,36
153,24,36
153,25,36
153,26,36
153,27,36
153,28,36
153,29,36
153,30,36
153,31,36
153,32,36
153,33,36
153,34,36
153,35,36
153,36,36
153,37,36
153,38,36
154,1,36
154,2,36
154,3,36
154,4,36
154,5,36
154,6,36
154,7,36
154,8,36
154,9,36
154,10,36
154,11,36
154,12,36
154,13,36
154,14,36
154,15,36
154,16,36
154,17,36
154,18,36
154,19,36
154,20,36
154,21,36
154,22,36
154,23,36
154,24,36
154,25,36
154,26,36
154,27,36
154,28,36
154,29,36
154,30,36
154,31,36
154,32,36
154,33,36
154,34,36
154,35,36
154,36,36
154,37,36
154,38,36
155,1,36
155,2,36
155,3,36
155,4,36
155,5,36
155,6,36
155,7,36
155,8,36
155,9,36
155,10,36
155,11,36
155,12,36
155,13,36
155,14,36
155,15,36
155,16,36
155,17,36
155,18,36
155,19,36
155,20,36
155,21,36
155,22,36
155,23,36
155,24,36
155,25,36
155,26,36
155,27,36
155,28,36
155,29,36
155,30,36
155,31,36
155,32,36
155,33,36
155,34,36
155,35,36
155,36,36
155,37,36
155,38,36
156,1,36
156,2,36
156,3,36
156,4,36
156,5,36
156,6,36
156,7,36
156,8,36
156,9,36
156,10,36
156,11,36
156,12,36
156,13,36
156,14,36
156,15,36
156,16,36
156,17,36
156,18,36
156,19,36
156,20,36
156,21,36
156,22,36
156,23,36
156,24,36
156,25,36
156,26,36
156,27,36
156,28,36
156,29,36
156,30,36
156,31,36
156,32,36
156,33,36
156,34,36
156,35,36
156,36,36
156,37,36
156,38,36
157,1,36
157,2,36
157,3,36
157,4,36
157,5,36
157,6,36
157,7,36
157,8,36
157,9,36
157,10,36
157,11,36
157,12,36
157,13,36
157,14,36
157,15,36
157,16,36
157,17,36
157,18,36
157,19,36
157,20,36
157,21,36
157,22,36
157,23,36
157,24,36
157,25,36
157,26,36
157,27,36
157,28,36
157,29,36
157,30,36
157,31,36
157,32,36
157,33,36
157,34,36
157,35,36
157,36,36
157,37,36
157,38,36
158,1,36
158,2,36
158,3,36
158,4,36
158,5,36
158,6,36
158,7,36
158,8,36
158,9,36
158,10,36
158,11,36
158,12,36
158,13,36
158,14,36
158,15,36
158,16,36
158,17,36
158,18,36
158,19,36
158,20,36
158,21,36
158,22,36
158,23,36
158,24,36
158,25,36
158,26,36
158,27,36
158,28,36
158,29,36
158,30,36
158,31,36
158,32,36
158,33,36
158,34,36
158,35,36
158,36,36
158,37,36
158,38,36
159,1,36
159,2,36
159,3,36
159,4,36
159,5,36
159,6,36
159,7,36
159,8,36
159,9,36
159,10,36
159,11,36
159,12,36
159,13,36
159,14,36
159,15,36
159,16,36
159,17,36
159,18,36
159,19,36
159,20,36
159,21,36
159,22,36
159,23,36
159,24,36
159,25,36
159,26,36
159,27,36
159,28,36
159,29,36
159,30,36
159,31,36
159,32,36
159,33,36
159,34,36
159,35,36
159,36,36
159,37,36
159,38,36
160,1,36
160,2,36
160,3,36
160,4,36
160,5,36
160,6,36
160,7,36
160,8,36
160,9,36
160,10,36
160,11,36
160,12,36
160,13,36
160,14,36
160,15,36
160,16,36
160,17,36
160,18,36
160,19,36
160,20,36
160,21,36
160,22,36
160,23,36
160,24,36
160,25,36
160,26,36
160,27,36
160,28,36
160,29,36
160,30,36
160,31,36
160,32,36
160,33,36
160,34,36
160,35,36
160,36,36
160,37,36
160,38,36
161,1,36
161,2,36
161,3,36
161,4,36
161,5,36
161,6,36
161,7,36
161,8,36
161,9,36
161,10,36
161,11,36
161,12,36
161,13,36
161,14,36
161,15,36
161,16,36
161,17,36
161,18,36
161,19,36
161,20,36
161,21,36
161,22,36
161,23,36
161,24,36
161,25,36
161,26,36
161,27,36
161,28,36
161,29,36
161,30,36
161,31,36
161,32,36
161,33,36
161,34,36
161,35,36
161,36,36
161,37,36
161,38,36
162,1,36
162,2,36
162,3,36
162,4,36
162,5,36
162,6,36
162,7,36
162,8,36
162,9,36
162,10,36
162,11,36
162,12,36
162,13,36
162,14,36
162,15,36
162,16,36
162,17,36
162,18,36
162,19,36
162,20,36
162,21,36
162,22,36
162,23,36
162,24,36
162,25,36
162,26,36
162,27,36
162,28,36
162,29,36
162,30,36
162,31,36
162,32,36
162,33,36
162,34,36
162,35,36
162,36,36
162,37,36
162,38,36
163,1,36
163,2,36
163,3,36
163,4,36
163,5,36
163,6,36
163,7,36
163,8,36
163,9,36
163,10,36
163,11,36
163,12,36
163,13,36
163,14,36
163,15,36
163,16,36
163,17,36
163,18,36
163,19,36
163,20,36
163,21,36
163,22,36
163,23,36
163,24,36
163,25,36
163,26,36
163,27,36
163,28,36
163,29,36
163,30,36
163,31,36
163,32,36
163,33,36
163,34,36
163,35,36
163,36,36
163,37,36
163,38,36
164,1,36
164,2,36
164,3,36
164,4,36
164,5,36
164,6,36
164,7,36
164,8,36
164,9,36
164,10,36
164,11,36
164,12,36
164,13,36
164,14,36
164,15,36
164,16,36
164,17,36
164,18,36
164,19,36
164,20,36
164,21,36
164,22,36
164,23,36
164,24,36
164,25,36
164,26,36
164,27,36
164,28,36
164,29,36
164,30,36
164,31,36
164,32,36
164,33,36
164,34,36
164,35,36
164,36,36
164,37,36
164,38,36
165,1,36
165,2,36
165,3,36
165,4,36
165,5,36
165,6,36
165,7,36
165,8,36
165,9,36
165,10,36
165,11,36
165,12,36
165,13,36
165,14,36
165,15,36
165,16,36
165,17,36
165,18,36
165,19,36
165,20,36
165,21,36
165,22,36
165,23,36
165,24,36
165,25,36
165,26,36
165,27,36
165,28,36
165,29,36
165,30,36
165,31,36
165,32,36
165,33,36
165,34,36
165,35,36
165,36,36
165,37,36
165,38,36
166,1,36
166,2,36
166,3,36
166,4,36
166,5,36
166,6,36
166,7,36
166,8,36
166,9,36
166,10,36
166,11,36
166,12,36
166,13,36
166,14,36
166,15,36
166,16,36
166,17,36
166,18,36
166,19,36
166,20,36
166,21,36
166,22,36
166,23,36
166,24,36
166,25,36
166,26,36
166,27,36
166,28,36
166,29,36
166,30,36
166,31,36
166,32,36
166,33,36
166,34,36
166,35,36
166,36,36
166,37,36
166,38,36
167,1,36
167,2,36
167,3,36
167,4,36
167,5,36
167,6,36
167,7,36
167,8,36
167,9,36
167,10,36
167,11,36
167,12,36
167,13,36
167,14,36
167,15,36
167,16,36
167,17,36
167,18,36
167,19,36
167,20,36
167,21,36
167,22,36
167,23,36
167,24,36
167,25,36
167,26,36
167,27,36
167,28,36
167,29,36
167,30,36
167,31,36
167,32,36
167,33,36
167,34,36
167,35,36
167,36,36
167,37,36
167,38,36
168,1,36
168,2,36
168,3,36
168,4,8
168,5,8
168,6,8
168,7,8
168,8,8
168,9,8
168,10,8
168,11,8
168,12,8
168,13,8
168,14,8
168,15,8
168,16,8
168,17,8
168,18,8
168,19,8
168,20,8
168,21,8
168,22,2
168,23,2
168,24,2
168,25,2
168,26,2
168,27,2
168,28,2
168,29,2
168,30,2
168,31,2
168,32,2
168,33,2
168,34,2
168,35,2
168,36,2
168,37,2
168,38,2
169,1,36
169,2,36
169,3,36
169,4,36
169,5,36
169,6,36
169,7,36
169,8,36
169,9,36
169,10,36
169,11,36
169,12,36
169,13,36
169,14,36
169,15,36
169,16,36
169,17,36
169,18,36
169,19,36
169,20,36
169,21,36
169,22,36
169,23,36
169,24,36
169,25,36
169,26,36
169,27,36
169,28,36
169,29,36
169,30,36
169,31,36
169,32,36
169,33,36
169,34,36
169,35,36
169,36,36
169,37,36
169,38,36
170,1,36
170,2,36
170,3,36
170,4,36
170,5,36
170,6,36
170,7,36
170,8,36
170,9,36
170,10,36
170,11,36
170,12,36
170,13,36
170,14,36
170,15,36
170,16,36
170,17,36
170,18,36
170,19,36
170,20,36
170,21,36
170,22,36
170,23,36
170,24,36
170,25,36
170,26,36
170,27,36
170,28,36
170,29,36
170,30,36
170,31,36
170,32,36
170,33,36
170,34,36
170,35,36
170,36,36
170,37,36
170,38,36
171,1,36
171,2,36
171,3,36
171,4,36
171,5,36
171,6,36
171,7,36
171,8,36
171,9,36
171,10,36
171,11,36
171,12,36
171,13,36
171,14,36
171,15,36
171,16,36
171,17,36
171,18,36
171,19,36
171,20,36
171,21,36
171,22,36
171,23,36
171,24,36
171,25,36
171,26,36
171,27,36
171,28,36
171,29,36
171,30,36
171,31,36
171,32,36
171,33,36
171,34,36
171,35,36
171,36,36
171,37,36
171,38,36
172,1,36
172,2,36
172,3,36
172,4,36
172,5,36
172,6,36
172,7,36
172,8,36
172,9,36
172,10,36
172,11,36
172,12,36
172,13,36
172,14,36
172,15,36
172,16,36
172,17,36
172,18,36
172,19,36
172,20,36
172,21,36
172,22,36
172,23,36
172,24,36
172,25,36
172,26,36
172,27,36
172,28,36
172,29,36
172,30,36
172,31,36
172,32,36
172,33,36
172,34,36
172,35,36
172,36,36
172,37,36
172,38,36
173,1,36
173,2,36
173,3,36
173,4,36
173,5,36
173,6,36
173,7,36
173,8,36
173,9,36
173,10,36
173,11,36
173,12,36
173,13,36
173,14,36
173,15,36
173,16,36
173,17,36
173,18,36
173,19,36
173,20,36
173,21,36
173,22,36
173,23,36
173,24,36
173,25,36
173,26,36
173,27,36
173,28,36
173,29,36
173,30,36
173,31,36
173,32,36
173,33,36
173,34,36
173,35,36
173,36,36
173,37,36
173,38,36
174,1,36
174,2,36
174,3,36
174,4,36
174,5,36
174,6,36
174,7,36
174,8,36
174,9,36
174,10,36
174,11,36
174,12,36
174,13,36
174,14,36
174,15,36
174,16,36
174,17,36
174,18,36
174,19,36
174,20,36
174,21,36
174,22,36
174,23,36
174,24,36
174,25,36
174,26,36
174,27,36
174,28,36
174,29,36
174,30,36
174,31,36
174,32,36
174,33,36
174,34,36
174,35,36
174,36,36
174,37,36
174,38,36
175,1,36
175,2,36
175,3,36
175,4,36
175,5,36
175,6,36
175,7,36
175,8,36
175,9,36
175,10,36
175,11,36
175,12,36
175,13,36
175,14,36
175,15,36
175,16,36
175,17,36
175,18,36
175,19,36
175,20,36
175,21,36
175,22,36
175,23,36
175,24,36
175,25,36
175,26,36
175,27,36
175,28,36
175,29,36
175,30,36
175,31,36
175,32,36
175,33,36
175,34,36
175,35,36
175,36,36
175,37,36
175,38,36
176,1,36
176,2,36
176,3,36
176,4,36
176,5,36
176,6,36
176,7,36
176,8,36
176,9,36
176,10,36
176,11,36
176,12,36
176,13,36
176,14,36
176,15,36
176,16,36
176,17,36
176,18,36
176,19,36
176,20,36
176,21,36
176,22,36
176,23,36
176,24,36
176,25,36
176,26,36
176,27,36
176,28,36
176,29,36
176,30,36
176,31,36
176,32,36
176,33,36
176,34,36
176,35,36
176,36,36
176,37,36
176,38,36
177,1,36
177,2,36
177,3,36
177,4,36
177,5,36
177,6,36
177,7,36
177,8,36
177,9,36
177,10,36
177,11,36
177,12,36
177,13,36
177,14,36
177,15,36
177,16,36
177,17,36
177,18,36
177,19,36
177,20,36
177,21,36
177,22,36
177,23,36
177,24,36
177,25,36
177,26,36
177,27,36
177,28,36
177,29,36
177,30,36
177,31,36
177,32,36
177,33,36
177,34,36
177,35,36
177,36,36
177,37,36
177,38,36
178,1,36
178,2,36
178,3,36
178,4,36
178,5,36
178,6,36
178,7,36
178,8,36
178,9,36
178,10,36
178,11,36
178,12,36
178,13,36
178,14,36
178,15,36
178,16,36
178,17,36
178,18,36
178,19,36
178,20,36
178,21,36
178,22,36
178,23,36
178,24,36
178,25,36
178,26,36
178,27,36
178,28,36
178,29,36
178,30,36
178,31,36
178,32,36
178,33,36
178,34,36
178,35,36
178,36,36
178,37,36
178,38,36
179,1,36
179,2,36
179,3,36
179,4,36
179,5,36
179,6,36
179,7,36
179,8,36
179,9,36
179,10,36
179,11,36
179,12,36
179,13,36
179,14,36
179,15,36
179,16,36
179,17,36
179,18,36
179,19,36
179,20,36
179,21,36
179,22,36
179,23,36
179,24,36
179,25,36
179,26,36
179,27,36
179,28,36
179,29,36
179,30,36
179,31,36
179,32,36
179,33,36
179,34,36
179,35,36
179,36,36
179,37,36
179,38,36
180,1,36
180,2,36
180,3,36
180,4,36
180,5,36
180,6,36
180,7,36
180,8,36
180,9,36
180,10,36
180,11,36
180,12,36
180,13,36
180,14,36
180,15,36
180,16,36
180,17,36
180,18,36
180,19,36
180,20,36
180,21,36
180,22,36
180,23,36
180,24,36
180,25,36
180,26,36
180,27,36
180,28,36
180,29,36
180,30,36
180,31,36
180,32,36
180,33,36
180,34,36
180,35,36
180,36,36
180,37,36
180,38,36
181,1,36
181,2,36
181,3,36
181,4,36
181,5,36
181,6,36
181,7,36
181,8,36
181,9,36
181,10,36
181,11,36
181,12,36
181,13,36
181,14,36
181,15,36
181,16,36
181,17,36
181,18,36
181,19,36
181,20,36
181,21,36
181,22,36
181,23,36
181,24,36
181,25,36
181,26,36
181,27,36
181,28,36
181,29,36
181,30,36
181,31,36
181,32,36
181,33,36
181,34,36
181,35,36
181,36,36
181,37,36
181,38,36
182,1,43
182,2,43
182,3,43
182,4,43
182,5,43
182,6,43
182,7,43
182,8,43
182,9,43
182,10,43
182,11,43
182,12,43
182,13,43
182,14,43
182,15,43
182,16,43
182,17,43
182,18,43
182,19,43
182,20,43
182,21,43
182,22,43
182,23,43
182,24,43
182,25,43
182,26,43
182,27,43
182,28,43
182,29,43
182,30,43
182,31,43
182,32,43
182,33,43
182,34,43
182,35,43
182,36,43
182,37,43
182,38,43
183,1,90
183,2,90
183,3,90
183,4,90
183,5,90
183,6,90
183,7,90
183,8,90
183,9,90
183,10,90
183,11,90
183,12,90
183,13,90
183,14,90
183,15,90
183,16,90
183,17,90
183,18,90
183,19,90
183,20,90
183,21,90
183,22,90
183,23,90
183,24,90
183,25,90
183,26,90
183,27,90
183,28,90
183,29,90
183,30,90
183,31,90
183,32,90
183,33,90
183,34,90
183,35,90
183,36,90
183,37,90
183,38,90
184,1,90
184,2,90
184,3,90
184,4,90
184,5,90
184,6,90
184,7,90
184,8,90
184,9,90
184,10,90
184,11,90
184,12,90
184,13,90
184,14,90
184,15,90
184,16,90
184,17,90
184,18,90
184,19,90
184,20,90
184,21,90
184,22,90
184,23,90
184,24,90
184,25,90
184,26,90
184,27,90
184,28,90
184,29,90
184,30,90
184,31,90
184,32,90
184,33,90
184,34,90
184,35,90
184,36,90
184,37,90
184,38,90
185,1,90
185,2,90
185,3,90
185,4,90
185,5,90
185,6,90
185,7,90
185,8,90
185,9,90
185,10,90
185,11,90
185,12,90
185,13,90
185,14,90
185,15,90
185,16,90
185,17,90
185,18,90
185,19,90
185,20,90
185,21,90
185,22,90
185,23,90
185,24,90
185,25,90
185,26,90
185,27,90
185,28,90
185,29,90
185,30,90
185,31,90
185,32,90
185,33,90
185,34,90
185,35,90
185,36,90
185,37,90
185,38,90
186,1,90
186,2,90
186,3,90
186,4,90
186,5,90
186,6,90
186,7,90
186,8,90
186,9,90
186,10,90
186,11,90
186,12,90
186,13,90
186,14,90
186,15,90
186,16,90
186,17,90
186,18,90
186,19,90
186,20,90
186,21,90
186,22,90
186,23,90
186,24,90
186,25,90
186,26,90
186,27,90
186,28,90
186,29,90
186,30,90
186,31,90
186,32,90
186,33,90
186,34,90
186,35,90
186,36,90
186,37,90
186,38,90
187,1,90
187,2,90
187,3,90
187,4,90
187,5,90
187,6,90
187,7,90
187,8,90
187,9,90
187,10,90
187,11,90
187,12,90
187,13,90
187,14,90
187,15,90
187,16,90
187,17,90
187,18,90
187,19,90
187,20,90
187,21,90
187,22,90
187,23,90
187,24,90
187,25,90
187,26,90
187,27,90
187,28,90
187,29,90
187,30,90
187,31,90
187,32,90
187,33,90
187,34,90
187,35,90
187,36,90
187,37,90
187,38,90
188,1,90
188,2,90
188,3,90
188,4,90
188,5,90
188,6,90
188,7,90
188,8,90
188,9,90
188,10,90
188,11,90
188,12,90
188,13,90
188,14,90
188,15,90
188,16,90
188,17,90
188,18,90
188,19,90
188,20,90
188,21,90
188,22,90
188,23,90
188,24,90
188,25,90
188,26,90
188,27,90
188,28,90
188,29,90
188,30,90
188,31,90
188,32,90
188,33,90
188,34,90
188,35,90
188,36,90
188,37,90
188,38,90
189,1,90
189,2,90
189,3,90
189,4,90
189,5,90
189,6,90
189,7,90
189,8,90
189,9,90
189,10,90
189,11,90
189,12,90
189,13,90
189,14,90
189,15,90
189,16,90
189,17,90
189,18,90
189,19,90
189,20,90
189,21,90
189,22,90
189,23,90
189,24,90
189,25,90
189,26,90
189,27,90
189,28,90
189,29,90
189,30,90
189,31,90
189,32,90
189,33,90
189,34,90
189,35,90
189,36,90
189,37,90
189,38,90
190,1,90
190,2,90
190,3,90
190,4,90
190,5,90
190,6,90
190,7,90
190,8,90
190,9,90
190,10,90
190,11,90
190,12,90
190,13,90
190,14,90
190,15,90
190,16,90
190,17,90
190,18,90
190,19,90
190,20,90
190,21,90
190,22,90
190,23,90
190,24,90
190,25,90
190,26,90
190,27,90
190,28,90
190,29,90
190,30,90
190,31,90
190,32,90
190,33,90
190,34,90
190,35,90
190,36,90
190,37,90
190,38,90
191,1,90
191,2,90
191,3,90
191,4,90
191,5,90
191,6,90
191,7,90
191,8,90
191,9,90
191,10,90
191,11,90
191,12,90
191,13,90
191,14,90
191,15,90
191,16,90
191,17,90
191,18,90
191,19,90
191,20,90
191,21,90
191,22,90
191,23,90
191,24,90
191,25,90
191,26,90
191,27,90
191,28,90
191,29,90
191,30,90
191,31,90
191,32,90
191,33,90
191,34,90
191,35,90
191,36,90
191,37,90
191,38,90
192,1,90
192,2,90
192,3,90
192,4,90
192,5,90
192,6,90
192,7,90
192,8,90
192,9,90
192,10,90
192,11,90
192,12,90
192,13,90
192,14,90
192,15,90
192,16,90
192,17,90
192,18,90
192,19,90
192,20,90
192,21,90
192,22,90
192,23,90
192,24,90
192,25,90
192,26,90
192,27,90
192,28,90
192,29,90
192,30,90
192,31,90
192,32,90
192,33,90
192,34,90
192,35,90
192,36,90
192,37,90
192,38,90
193,1,90
193,2,90
193,3,90
193,4,90
193,5,90
193,6,90
193,7,90
193,8,90
193,9,90
193,10,90
193,11,90
193,12,90
193,13,90
193,14,90
193,15,90
193,16,90
193,17,90
193,18,90
193,19,90
193,20,90
193,21,90
193,22,90
193,23,90
193,24,90
193,25,90
193,26,90
193,27,90
193,28,90
193,29,90
193,30,90
193,31,90
193,32,90
193,33,90
193,34,90
193,35,90
193,36,90
193,37,90
193,38,90
194,1,90
194,2,90
194,3,90
194,4,90
194,5,90
194,6,90
194,7,90
194,8,90
194,9,90
194,10,90
194,11,90
194,12,90
194,13,90
194,14,90
194,15,90
194,16,90
194,17,90
194,18,90
194,19,90
194,20,90
194,21,90
194,22,90
194,23,90
194,24,90
194,25,90
194,26,90
194,27,90
194,28,90
194,29,90
194,30,90
194,31,90
194,32,90
194,33,90
194,34,90
194,35,90
194,36,90
194,37,90
194,38,90
195,1,90
195,2,90
195,3,90
195,4,90
195,5,90
195,6,90
195,7,90
195,8,90
195,9,90
195,10,90
195,11,90
195,12,90
195,13,90
195,14,90
195,15,90
195,16,90
195,17,90
195,18,90
195,19,90
195,20,90
195,21,90
195,22,90
195,23,90
195,24,90
195,25,90
195,26,90
195,27,90
195,28,90
195,29,90
195,30,90
195,31,90
195,32,90
195,33,90
195,34,90
195,35,90
195,36,90
195,37,90
195,38,90
196,1,90
196,2,90
196,3,90
196,4,90
196,5,90
196,6,90
196,7,90
196,8,90
196,9,90
196,10,90
196,11,90
196,12,90
196,13,90
196,14,90
196,15,90
196,16,90
196,17,90
196,18,90
196,19,90
196,20,90
196,21,90
196,22,90
196,23,90
196,24,90
196,25,90
196,26,90
196,27,90
196,28,90
196,29,90
196,30,90
196,31,90
196,32,90
196,33,90
196,34,90
196,35,90
196,36,90
196,37,90
196,38,90
197,1,90
197,2,90
197,3,90
197,4,90
197,5,90
197,6,90
197,7,90
197,8,90
197,9,90
197,10,90
197,11,90
197,12,90
197,13,90
197,14,90
197,15,90
197,16,90
197,17,90
197,18,90
197,19,90
197,20,90
197,21,90
197,22,90
197,23,90
197,24,90
197,25,90
197,26,90
197,27,90
197,28,90
197,29,90
197,30,90
197,31,90
197,32,90
197,33,90
197,34,90
197,35,90
197,36,90
197,37,90
197,38,90
198,1,90
198,2,90
198,3,90
198,4,90
198,5,90
198,6,90
198,7,90
198,8,90
198,9,90
198,10,90
198,11,90
198,12,90
198,13,90
198,14,90
198,15,90
198,16,90
198,17,90
198,18,90
198,19,90
198,20,90
198,21,90
198,22,90
198,23,90
198,24,90
198,25,90
198,26,90
198,27,90
198,28,90
198,29,90
198,30,90
198,31,90
198,32,90
198,33,90
198,34,90
198,35,90
198,36,90
198,37,90
198,38,90
199,1,90
199,2,90
199,3,90
199,4,90
199,5,90
199,6,90
199,7,90
199,8,90
199,9,90
199,10,90
199,11,90
199,12,90
199,13,90
199,14,90
199,15,90
199,16,90
199,17,90
199,18,90
199,19,90
199,20,90
199,21,90
199,22,90
199,23,90
199,24,90
199,25,90
199,26,90
199,27,90
199,28,90
199,29,90
199,30,90
199,31,90
199,32,90
199,33,90
199,34,90
199,35,90
199,36,90
199,37,90
199,38,90
200,1,90
200,2,90
200,3,90
200,4,90
200,5,90
200,6,90
200,7,90
200,8,90
200,9,90
200,10,90
200,11,90
200,12,90
200,13,90
200,14,90
200,15,90
200,16,90
200,17,90
200,18,90
200,19,90
200,20,90
200,21,90
200,22,90
200,23,90
200,24,90
200,25,90
200,26,90
200,27,90
200,28,90
200,29,90
200,30,90
200,31,90
200,32,90
200,33,90
200,34,90
200,35,90
200,36,90
200,37,90
200,38,90
201,1,90
201,2,90
201,3,90
201,4,90
201,5,90
201,6,90
201,7,90
201,8,90
201,9,90
201,10,90
201,11,90
201,12,90
201,13,90
201,14,90
201,15,90
201,16,90
201,17,90
201,18,90
201,19,90
201,20,90
201,21,90
201,22,90
201,23,90
201,24,90
201,25,90
201,26,90
201,27,90
201,28,90
201,29,90
201,30,90
201,31,90
201,32,90
201,33,90
201,34,90
201,35,90
201,36,90
201,37,90
201,38,90
202,1,90
202,2,90
202,3,90
202,4,90
202,5,90
202,6,90
202,7,90
202,8,90
202,9,90
202,10,90
202,11,90
202,12,90
202,13,90
202,14,90
202,15,90
202,16,90
202,17,90
202,18,90
202,19,90
202,20,90
202,21,90
202,22,90
202,23,90
202,24,90
202,25,90
202,26,90
202,27,90
202,28,90
202,29,90
202,30,90
202,31,90
202,32,90
202,33,90
202,34,90
202,35,90
202,36,90
202,37,90
202,38,90
203,1,90
203,2,90
203,3,90
203,4,90
203,5,90
203,6,90
203,7,90
203,8,90
203,9,90
203,10,90
203,11,90
203,12,90
203,13,90
203,14,90
203,15,90
203,16,90
203,17,90
203,18,90
203,19,90
203,20,90
203,21,90
203,22,90
203,23,90
203,24,90
203,25,90
203,26,90
203,27,90
203,28,90
203,29,90
203,30,90
203,31,90
203,32,90
203,33,90
203,34,90
203,35,90
203,36,90
203,37,90
203,38,90
204,1,90
204,2,90
204,3,90
204,4,90
204,5,90
204,6,90
204,7,90
204,8,90
204,9,90
204,10,90
204,11,90
204,12,90
204,13,90
204,14,90
204,15,90
204,16,90
204,17,90
204,18,90
204,19,90
204,20,90
204,21,90
204,22,90
204,23,90
204,24,90
204,25,90
204,26,90
204,27,90
204,28,90
204,29,90
204,30,90
204,31,90
204,32,90
204,33,90
204,34,90
204,35,90
204,36,90
204,37,90
204,38,90
205,1,90
205,2,90
205,3,90
205,4,90
205,5,90
205,6,90
205,7,90
205,8,90
205,9,90
205,10,90
205,11,90
205,12,90
205,13,90
205,14,90
205,15,90
205,16,90
205,17,90
205,18,90
205,19,90
205,20,90
205,21,90
205,22,90
205,23,90
205,24,90
205,25,90
205,26,90
205,27,90
205,28,90
205,29,90
205,30,90
205,31,90
205,32,90
205,33,90
205,34,90
205,35,90
205,36,90
205,37,90
205,38,90
206,1,90
206,2,90
206,3,90
206,4,90
206,5,90
206,6,90
206,7,90
206,8,90
206,9,90
206,10,90
206,11,90
206,12,90
206,13,90
206,14,90
206,15,90
206,16,90
206,17,90
206,18,90
206,19,90
206,20,90
206,21,90
206,22,90
206,23,90
206,24,90
206,25,90
206,26,90
206,27,90
206,28,90
206,29,90
206,30,90
206,31,90
206,32,90
206,33,90
206,34,90
206,35,90
206,36,90
206,37,90
206,38,90
207,1,90
207,2,90
207,3,90
207,4,90
207,5,90
207,6,90
207,7,90
207,8,90
207,9,90
207,10,90
207,11,90
207,12,90
207,13,90
207,14,90
207,15,90
207,16,90
207,17,90
207,18,90
207,19,90
207,20,90
207,21,90
207,22,90
207,23,90
207,24,90
207,25,90
207,26,90
207,27,90
207,28,90
207,29,90
207,30,90
207,31,90
207,32,90
207,33,90
207,34,90
207,35,90
207,36,90
207,37,90
207,38,90
208,1,90
208,2,90
208,3,90
208,4,90
208,5,90
208,6,90
208,7,90
208,8,90
208,9,90
208,10,90
208,11,90
208,12,90
208,13,90
208,14,90
208,15,90
208,16,90
208,17,90
208,18,90
208,19,90
208,20,90
208,21,90
208,22,90
208,23,90
208,24,90
208,25,90
208,26,90
208,27,90
208,28,90
208,29,90
208,30,90
208,31,90
208,32,90
208,33,90
208,34,90
208,35,90
208,36,90
208,37,90
208,38,90
209,1,90
209,2,90
209,3,90
209,4,90
209,5,90
209,6,90
209,7,90
209,8,90
209,9,90
209,10,90
209,11,90
209,12,90
209,13,90
209,14,90
209,15,90
209,16,90
209,17,90
209,18,90
209,19,90
209,20,90
209,21,90
209,22,90
209,23,90
209,24,90
209,25,90
209,26,90
209,27,90
209,28,90
209,29,90
209,30,90
209,31,90
209,32,90
209,33,90
209,34,90
209,35,90
209,36,90
209,37,90
209,38,90
210,1,90
210,2,90
210,3,90
210,4,90
210,5,90
210,6,90
210,7,90
210,8,90
210,9,90
210,10,90
210,11,90
210,12,90
210,13,90
210,14,90
210,15,90
210,16,90
210,17,90
210,18,90
210,19,90
210,20,90
210,21,90
210,22,90
210,23,90
210,24,90
210,25,90
210,26,90
210,27,90
210,28,90
210,29,90
210,30,90
210,31,90
210,32,90
210,33,90
210,34,90
210,35,90
210,36,90
210,37,90
210,38,90
211,1,90
211,2,90
211,3,90
211,4,90
211,5,90
211,6,90
211,7,90
211,8,90
211,9,90
211,10,90
211,11,90
211,12,90
211,13,90
211,14,90
211,15,90
211,16,90
211,17,90
211,18,90
211,19,90
211,20,90
211,21,90
211,22,90
211,23,90
211,24,90
211,25,90
211,26,90
211,27,90
211,28,90
211,29,90
211,30,90
211,31,90
211,32,90
211,33,90
211,34,90
211,35,90
211,36,90
211,37,90
211,38,90
212,1,90
212,2,90
212,3,90
212,4,90
212,5,90
212,6,90
212,7,90
212,8,90
212,9,90
212,10,90
212,11,90
212,12,90
212,13,90
212,14,90
212,15,90
212,16,90
212,17,90
212,18,90
212,19,90
212,20,90
212,21,90
212,22,90
212,23,90
212,24,90
212,25,90
212,26,90
212,27,90
212,28,90
212,29,90
212,30,90
212,31,90
212,32,90
212,33,90
212,34,90
212,35,90
212,36,90
212,37,90
212,38,90
213,1,90
213,2,90
213,3,90
213,4,90
213,5,90
213,6,90
213,7,90
213,8,90
213,9,90
213,10,90
213,11,90
213,12,90
213,13,90
213,14,90
213,15,90
213,16,90
213,17,90
213,18,90
213,19,90
213,20,90
213,21,90
213,22,90
213,23,90
213,24,90
213,25,90
213,26,90
213,27,90
213,28,90
213,29,90
213,30,90
213,31,90
213,32,90
213,33,90
213,34,90
213,35,90
213,36,90
213,37,90
213,38,90
214,1,90
214,2,90
214,3,90
214,4,90
214,5,90
214,6,90
214,7,90
214,8,90
214,9,90
214,10,90
214,11,90
214,12,90
214,13,90
214,14,90
214,15,90
214,16,90
214,17,90
214,18,90
214,19,90
214,20,90
214,21,90
214,22,90
214,23,90
214,24,90
214,25,90
214,26,90
214,27,90
214,28,90
214,29,90
214,30,90
214,31,90
214,32,90
214,33,90
214,34,90
214,35,90
214,36,90
214,37,90
214,38,90
215,1,90
215,2,90
215,3,90
215,4,90
215,5,90
215,6,90
215,7,90
215,8,90
215,9,90
215,10,90
215,11,90
215,12,90
215,13,90
215,14,90
215,15,90
215,16,90
215,17,90
215,18,90
215,19,90
215,20,90
215,21,90
215,22,90
215,23,90
215,24,90
215,25,90
215,26,90
215,27,90
215,28,90
215,29,90
215,30,90
215,31,90
215,32,90
215,33,90
215,34,90
215,35,90
215,36,90
215,37,90
215,38,90
216,1,90
216,2,90
216,3,90
216,4,90
216,5,90
216,6,90
216,7,90
216,8,90
216,9,90
216,10,90
216,11,90
216,12,90
216,13,90
216,14,90
216,15,90
216,16,90
216,17,90
216,18,90
216,19,90
216,20,90
216,21,90
216,22,90
216,23,90
216,24,90
216,25,90
216,26,90
216,27,90
216,28,90
216,29,90
216,30,90
216,31,90
216,32,90
216,33,90
216,34,90
216,35,90
216,36,90
216,37,90
216,38,90
217,1,90
217,2,90
217,3,90
217,4,90
217,5,90
217,6,90
217,7,90
217,8,90
217,9,90
217,10,90
217,11,90
217,12,90
217,13,90
217,14,90
217,15,90
217,16,90
217,17,90
217,18,90
217,19,90
217,20,90
217,21,90
217,22,90
217,23,90
217,24,90
217,25,90
217,26,90
217,27,90
217,28,90
217,29,90
217,30,90
217,31,90
217,32,90
217,33,90
217,34,90
217,35,90
217,36,90
217,37,90
217,38,90
218,1,90
218,2,90
218,3,90
218,4,90
218,5,90
218,6,90
218,7,90
218,8,90
218,9,90
218,10,90
218,11,90
218,12,90
218,13,90
218,14,90
218,15,90
218,16,90
218,17,90
218,18,90
218,19,90
218,20,90
218,21,90
218,22,90
218,23,90
218,24,90
218,25,90
218,26,90
218,27,90
218,28,90
218,29,90
218,30,90
218,31,90
218,32,90
218,33,90
218,34,90
218,35,90
218,36,90
218,37,90
218,38,90
219,1,90
219,2,90
219,3,90
219,4,90
219,5,90
219,6,90
219,7,90
219,8,90
219,9,90
219,10,90
219,11,90
219,12,90
219,13,90
219,14,90
219,15,90
219,16,90
219,17,90
219,18,90
219,19,90
219,20,90
219,21,90
219,22,90
219,23,90
219,24,90
219,25,90
219,26,90
219,27,90
219,28,90
219,29,90
219,30,90
219,31,90
219,32,90
219,33,90
219,34,90
219,35,90
219,36,90
219,37,90
219,38,90
220,1,8
220,2,8
220,3,8
220,4,8
220,5,8
220,6,8
220,7,8
220,8,8
220,9,8
220,10,8
220,11,8
220,12,8
220,13,8
220,14,8
220,15,8
220,16,8
220,17,8
220,18,8
220,19,8
220,20,8
220,21,8
220,22,8
220,23,8
220,24,8
220,25,8
220,26,8
220,27,8
220,28,8
220,29,8
220,30,8
220,31,8
220,32,8
220,33,8
220,34,8
220,35,8
220,36,8
220,37,8
220,38,8
221,1,8
221,2,8
221,3,8
221,4,8
221,5,8
221,6,8
221,7,8
221,8,8
221,9,8
221,10,8
221,11,8
221,12,8
221,13,8
221,14,8
221,15,8
221,16,8
221,17,8
221,18,8
221,19,8
221,20,8
221,21,8
221,22,8
221,23,8
221,24,8
221,25,8
221,26,8
221,27,8
221,28,8
221,29,8
221,30,8
221,31,8
221,32,8
221,33,8
221,34,8
221,35,8
221,36,8
221,37,8
221,38,8
222,1,8
222,2,8
222,3,8
222,4,8
222,5,8
222,6,8
222,7,8
222,8,8
222,9,8
222,10,8
222,11,8
222,12,8
222,13,8
222,14,8
222,15,8
222,16,8
222,17,8
222,18,8
222,19,8
222,20,8
222,21,8
222,22,8
222,23,8
222,24,8
222,25,8
222,26,8
222,27,8
222,28,8
222,29,8
222,30,8
222,31,8
222,32,8
222,33,8
222,34,8
222,35,8
222,36,8
222,37,8
222,38,8
223,1,8
223,2,8
223,3,8
223,4,8
223,5,8
223,6,8
223,7,8
223,8,8
223,9,8
223,10,8
223,11,8
223,12,8
223,13,8
223,14,8
223,15,8
223,16,8
223,17,8
223,18,8
223,19,8
223,20,8
223,21,8
223,22,8
223,23,8
223,24,8
223,25,8
223,26,8
223,27,8
223,28,8
223,29,8
223,30,8
223,31,8
223,32,8
223,33,8
223,34,8
223,35,8
223,36,8
223,37,8
223,38,8
224,1,8
224,2,8
224,3,8
224,4,8
224,5,8
224,6,8
224,7,8
224,8,8
224,9,8
224,10,8
224,11,8
224,12,8
224,13,8
224,14,8
224,15,8
224,16,8
224,17,8
224,18,8
224,19,8
224,20,8
224,21,8
224,22,8
224,23,8
224,24,8
224,25,8
224,26,8
224,27,8
224,28,8
224,29,8
224,30,8
224,31,8
224,32,8
224,33,8
224,34,8
224,35,8
224,36,8
224,37,8
224,38,8
225,1,8
225,2,8
225,3,8
225,4,8
225,5,8
225,6,8
225,7,8
225,8,8
225,9,8
225,10,8
225,11,8
225,12,8
225,13,8
225,14,8
225,15,8
225,16,8
225,17,8
225,18,8
225,19,8
225,20,8
225,21,8
225,22,8
225,23,8
225,24,8
225,25,8
225,26,8
225,27,8
225,28,8
225,29,8
225,30,8
225,31,8
225,32,8
225,33,8
225,34,8
225,35,8
225,36,8
225,37,8
225,38,8
226,1,8
226,2,8
226,3,8
226,4,8
226,5,8
226,6,8
226,7,8
226,8,8
226,9,8
226,10,8
226,11,8
226,12,8
226,13,8
226,14,8
226,15,8
226,16,8
226,17,8
226,18,8
226,19,8
226,20,8
226,21,8
226,22,8
226,23,8
226,24,8
226,25,8
226,26,8
226,27,8
226,28,8
226,29,8
226,30,8
226,31,8
226,32,8
226,33,8
226,34,8
226,35,8
226,36,8
226,37,8
226,38,8
227,1,8
227,2,8
227,3,8
227,4,8
227,5,8
227,6,8
227,7,8
227,8,8
227,9,8
227,10,8
227,11,8
227,12,8
227,13,8
227,14,8
227,15,8
227,16,8
227,17,8
227,18,8
227,19,8
227,20,8
227,21,8
227,22,8
227,23,8
227,24,8
227,25,8
227,26,8
227,27,8
227,28,8
227,29,8
227,30,8
227,31,8
227,32,8
227,33,8
227,34,8
227,35,8
227,36,8
227,37,8
227,38,8
228,1,8
228,2,8
228,3,8
228,4,8
228,5,8
228,6,8
228,7,8
228,8,8
228,9,8
228,10,8
228,11,8
228,12,8
228,13,8
228,14,8
228,15,8
228,16,8
228,17,8
228,18,8
228,19,8
228,20,8
228,21,8
228,22,8
228,23,8
228,24,8
228,25,8
228,26,8
228,27,8
228,28,8
228,29,8
228,30,8
228,31,8
228,32,8
228,33,8
228,34,8
228,35,8
228,36,8
228,37,8
228,38,8
229,1,8
229,2,8
229,3,8
229,4,8
229,5,8
229,6,8
229,7,8
229,8,8
229,9,8
229,10,8
229,11,8
229,12,8
229,13,8
229,14,8
229,15,8
229,16,8
229,17,8
229,18,8
229,19,8
229,20,8
229,21,8
229,22,8
229,23,8
229,24,8
229,25,8
229,26,8
229,27,8
229,28,8
229,29,8
229,30,8
229,31,8
229,32,8
229,33,8
229,34,8
229,35,8
229,36,8
229,37,8
229,38,8
230,1,8
230,2,8
230,3,8
230,4,8
230,5,8
230,6,8
230,7,8
230,8,8
230,9,8
230,10,8
230,11,8
230,12,8
230,13,8
230,14,8
230,15,8
230,16,8
230,17,8
230,18,8
230,19,8
230,20,8
230,21,8
230,22,8
230,23,8
230,24,8
230,25,8
230,26,8
230,27,8
230,28,8
230,29,8
230,30,8
230,31,8
230,32,8
230,33,8
230,34,8
230,35,8
230,36,8
230,37,8
230,38,8
231,1,8
231,2,8
231,3,8
231,4,8
231,5,8
231,6,8
231,7,8
231,8,8
231,9,8
231,10,8
231,11,8
231,12,8
231,13,8
231,14,8
231,15,8
231,16,8
231,17,8
231,18,8
231,19,8
231,20,8
231,21,8
231,22,8
231,23,8
231,24,8
231,25,8
231,26,8
231,27,8
231,28,8
231,29,8
231,30,8
231,31,8
231,32,8
231,33,8
231,34,8
231,35,8
231,36,8
231,37,8
231,38,8
232,1,8
232,2,8
232,3,8
232,4,8
232,5,8
232,6,8
232,7,8
232,8,8
232,9,8
232,10,8
232,11,8
232,12,8
232,13,8
232,14,8
232,15,8
232,16,8
232,17,8
232,18,8
232,19,8
232,20,8
232,21,8
232,22,8
232,23,8
232,24,8
232,25,8
232,26,8
232,27,8
232,28,8
232,29,8
232,30,8
232,31,8
232,32,8
232,33,8
232,34,8
232,35,8
232,36,8
232,37,8
232,38,8
233,1,8
233,2,8
233,3,8
233,4,8
233,5,8
233,6,8
233,7,8
233,8,8
233,9,8
233,10,8
233,11,8
233,12,8
233,13,8
233,14,8
233,15,8
233,16,8
233,17,8
233,18,8
233,19,8
233,20,8
233,21,8
233,22,8
233,23,8
233,24,8
233,25,8
233,26,8
233,27,8
233,28,8
233,29,8
233,30,8
233,31,8
233,32,8
233,33,8
233,34,8
233,35,8
233,36,8
233,37,8
233,38,8
234,1,8
234,2,8
234,3,8
234,4,8
234,5,8
234,6,8
234,7,8
234,8,8
234,9,8
234,10,8
234,11,8
234,12,8
234,13,8
234,14,8
234,15,8
234,16,8
234,17,8
234,18,8
234,19,8
234,20,8
234,21,8
234,22,8
234,23,8
234,24,8
234,25,8
234,26,8
234,27,8
234,28,8
234,29,8
234,30,8
234,31,8
234,32,8
234,33,8
234,34,8
234,35,8
234,36,8
234,37,8
234,38,8
235,1,8
235,2,8
235,3,8
235,4,8
235,5,8
235,6,8
235,7,8
235,8,8
235,9,8
235,10,8
235,11,8
235,12,8
235,13,8
235,14,8
235,15,8
235,16,8
235,17,8
235,18,8
235,19,8
235,20,8
235,21,8
235,22,8
235,23,8
235,24,8
235,25,8
235,26,8
235,27,8
235,28,8
235,29,8
235,30,8
235,31,8
235,32,8
235,33,8
235,34,8
235,35,8
235,36,8
235,37,8
235,38,8
236,1,8
236,2,8
236,3,8
236,4,8
236,5,8
236,6,8
236,7,8
236,8,8
236,9,8
236,10,8
236,11,8
236,12,8
236,13,8
236,14,8
236,15,8
236,16,8
236,17,8
236,18,8
236,19,8
236,20,8
236,21,8
236,22,8
236,23,8
236,24,8
236,25,8
236,26,8
236,27,8
236,28,8
236,29,8
236,30,8
236,31,8
236,32,8
236,33,8
236,34,8
236,35,8
236,36,8
236,37,8
236,38,8
237,1,8
237,2,8
237,3,8
237,4,8
237,5,8
237,6,8
237,7,8
237,8,8
237,9,8
237,10,8
237,11,8
237,12,8
237,13,8
237,14,8
237,15,8
237,16,8
237,17,8
237,18,8
237,19,8
237,20,8
237,21,8
237,22,8
237,23,8
237,24,8
237,25,8
237,26,8
237,27,8
237,28,8
237,29,8
237,30,8
237,31,8
237,32,8
237,33,8
237,34,8
237,35,8
237,36,8
237,37,8
237,38,8
238,1,8
238,2,8
238,3,8
238,4,8
238,5,8
238,6,8
238,7,8
238,8,8
238,9,8
238,10,8
238,11,8
238,12,8
238,13,8
238,14,8
238,15,8
238,16,8
238,17,8
238,18,8
238,19,8
238,20,8
238,21,8
238,22,8
238,23,8
238,24,8
238,25,8
238,26,8
238,27,8
238,28,8
238,29,8
238,30,8
238,31,8
238,32,8
238,33,8
238,34,8
238,35,8
238,36,8
238,37,8
238,38,8
239,1,8
239,2,8
239,3,8
239,4,8
239,5,8
239,6,8
239,7,8
239,8,8
239,9,8
239,10,8
239,11,8
239,12,8
239,13,8
239,14,8
239,15,8
239,16,8
239,17,8
239,18,8
239,19,8
239,20,8
239,21,8
239,22,8
239,23,8
239,24,8
239,25,8
239,26,8
239,27,8
239,28,8
239,29,8
239,30,8
239,31,8
239,32,8
239,33,8
239,34,8
239,35,8
239,36,8
239,37,8
239,38,8
240,1,8
240,2,8
240,3,8
240,4,8
240,5,8
240,6,8
240,7,8
240,8,8
240,9,8
240,10,8
240,11,8
240,12,8
240,13,8
240,14,8
240,15,8
240,16,8
240,17,8
240,18,8
240,19,8
240,20,8
240,21,8
240,22,8
240,23,8
240,24,8
240,25,8
240,26,8
240,27,8
240,28,8
240,29,8
240,30,8
240,31,8
240,32,8
240,33,8
240,34,8
240,35,8
240,36,8
240,37,8
240,38,8
241,1,8
241,2,8
241,3,8
241,4,8
241,5,8
241,6,8
241,7,8
241,8,8
241,9,8
241,10,8
241,11,8
241,12,8
241,13,8
241,14,8
241,15,8
241,16,8
241,17,8
241,18,8
241,19,8
241,20,8
241,21,8
241,22,8
241,23,8
241,24,8
241,25,8
241,26,8
241,27,8
241,28,8
241,29,8
241,30,8
241,31,8
241,32,8
241,33,8
241,34,8
241,35,8
241,36,8
241,37,8
241,38,8
242,1,11
242,2,11
242,3,11
242,4,11
242,5,11
242,6,11
242,7,11
242,8,11
242,9,11
242,10,11
242,11,11
242,12,11
242,13,11
242,14,11
242,15,11
242,16,11
242,17,11
242,18,11
242,19,11
242,20,11
242,21,11
242,22,11
242,23,11
242,24,11
242,25,11
242,26,11
242,27,11
242,28,11
242,29,11
242,30,11
242,31,11
242,32,11
242,33,11
242,34,11
242,35,11
242,36,11
242,37,11
242,38,11
243,1,8
243,2,8
243,3,8
243,4,8
243,5,8
243,6,8
243,7,8
243,8,8
243,9,8
243,10,8
243,11,8
243,12,8
243,13,8
243,14,8
243,15,8
243,16,8
243,17,8
243,18,8
243,19,8
243,20,8
243,21,8
243,22,8
243,23,8
243,24,8
243,25,11
243,26,11
243,27,11
243,28,11
243,29,11
243,30,11
243,31,11
243,32,11
243,33,11
243,34,11
243,35,11
243,36,11
243,37,11
243,38,11
244,1,8
244,2,8
244,3,8
244,4,8
244,5,8
244,6,8
244,7,8
244,8,8
244,9,8
244,10,8
244,11,8
244,12,8
244,13,8
244,14,8
244,15,8
244,16,8
244,17,8
244,18,8
244,19,8
244,20,8
244,21,8
244,22,8
244,23,8
244,24,8
244,25,8
244,26,8
244,27,8
244,28,8
244,29,8
244,30,8
244,31,8
244,32,8
244,33,8
244,34,8
244,35,8
244,36,8
244,37,8
244,38,8
245,1,8
245,2,8
245,3,8
245,4,8
245,5,8
245,6,8
245,7,8
245,8,8
245,9,8
245,10,8
245,11,8
245,12,8
245,13,8
245,14,8
245,15,8
245,16,8
245,17,8
245,18,8
245,19,8
245,20,8
245,21,8
245,22,8
245,23,8
245,24,8
245,25,8
245,26,8
245,27,8
245,28,8
245,29,8
245,30,8
245,31,8
245,32,8
245,33,8
245,34,8
245,35,8
245,36,8
245,37,8
245,38,8
246,1,8
246,2,8
246,3,8
246,4,8
246,5,8
246,6,8
246,7,8
246,8,8
246,9,8
246,10,8
246,11,8
246,12,8
246,13,8
246,14,8
246,15,8
246,16,8
246,17,8
246,18,8
246,19,8
246,20,8
246,21,8
246,22,8
246,23,8
246,24,8
246,25,8
246,26,8
246,27,8
246,28,8
246,29,8
246,30,8
246,31,8
246,32,8
246,33,8
246,34,8
246,35,8
246,36,8
246,37,8
246,38,8
247,1,8
247,2,8
247,3,8
247,4,8
247,5,8
247,6,8
247,7,8
247,8,8
247,9,8
247,10,8
247,11,8
247,12,8
247,13,8
247,14,8
247,15,8
247,16,8
247,17,8
247,18,8
247,19,8
247,20,8
247,21,8
247,22,8
247,23,8
247,24,8
247,25,8
247,26,8
247,27,8
247,28,8
247,29,8
247,30,8
247,31,8
247,32,8
247,33,8
247,34,8
247,35,8
247,36,8
247,37,8
247,38,8
248,1,8
248,2,8
248,3,8
248,4,8
248,5,8
248,6,8
248,7,8
248,8,8
248,9,8
248,10,8
248,11,8
248,12,8
248,13,8
248,14,8
248,15,8
248,16,8
248,17,8
248,18,8
248,19,8
248,20,8
248,21,8
248,22,8
248,23,8
248,24,8
248,25,8
248,26,8
248,27,8
248,28,8
248,29,8
248,30,8
248,31,8
248,32,8
248,33,8
248,34,8
248,35,8
248,36,8
248,37,8
248,38,8
249,1,8
249,2,8
249,3,8
249,4,8
249,5,8
249,6,8
249,7,8
249,8,8
249,9,8
249,10,8
249,11,8
249,12,8
249,13,8
249,14,8
249,15,8
249,16,8
249,17,8
249,18,8
249,19,8
249,20,8
249,21,8
249,22,8
249,23,8
249,24,8
249,25,8
249,26,8
249,27,8
249,28,8
249,29,8
249,30,8
249,31,8
249,32,8
249,33,8
249,34,8
249,35,8
249,36,8
249,37,8
249,38,8
250,1,8
250,2,8
250,3,8
250,4,8
250,5,8
250,6,8
250,7,8
250,8,8
250,9,8
250,10,8
250,11,8
250,12,8
250,13,8
250,14,8
250,15,8
250,16,8
250,17,8
250,18,8
250,19,8
250,20,8
250,21,8
250,22,8
250,23,8
250,24,8
250,25,8
250,26,8
250,27,8
250,28,8
250,29,8
250,30,8
250,31,8
250,32,8
250,33,8
250,34,8
250,35,8
250,36,8
250,37,8
250,38,8
251,1,8
251,2,8
251,3,8
251,4,8
251,5,8
251,6,8
251,7,8
251,8,8
251,9,8
251,10,8
251,11,8
251,12,8
251,13,8
251,14,8
251,15,8
251,16,8
251,17,8
251,18,8
251,19,8
251,20,8
251,21,8
251,22,8
251,23,8
251,24,8
251,25,8
251,26,8
251,27,8
251,28,8
251,29,8
251,30,8
251,31,8
251,32,8
251,33,8
251,34,8
251,35,8
251,36,8
251,37,8
251,38,8
252,1,56
252,2,56
252,3,56
252,4,8
252,5,8
252,6,8
252,7,8
252,8,8
252,9,8
252,10,8
252,11,8
252,12,8
252,13,8
252,14,8
252,15,8
252,16,8
252,17,8
252,18,8
252,19,8
252,20,8
252,21,8
252,22,8
252,23,8
252,24,8
252,25,8
252,26,8
252,27,8
252,28,8
252,29,8
252,30,8
252,31,8
252,32,8
252,33,8
252,34,8
252,35,8
252,36,8
252,37,8
252,38,8
253,1,31
253,2,31
253,3,31
253,4,31
253,5,31
253,6,31
253,7,31
253,8,31
253,9,31
253,10,31
253,11,31
253,12,31
253,13,31
253,14,31
253,15,31
253,16,31
253,17,31
253,18,31
253,19,31
253,20,31
253,21,31
253,22,31
253,23,31
253,24,31
253,25,31
253,26,31
253,27,31
253,28,31
253,29,31
253,30,31
253,31,31
253,32,31
253,33,31
253,34,31
253,35,31
253,36,31
253,37,31
253,38,31
254,1,31
254,2,31
254,3,31
254,4,31
254,5,31
254,6,31
254,7,31
254,8,31
254,9,31
254,10,31
254,11,31
254,12,31
254,13,31
254,14,31
254,15,31
254,16,31
254,17,31
254,18,31
254,19,31
254,20,31
254,21,31
254,22,31
254,23,31
254,24,31
254,25,31
254,26,31
254,27,31
254,28,31
254,29,31
254,30,31
254,31,31
254,32,31
254,33,31
254,34,31
254,35,31
254,36,31
254,37,31
254,38,31
255,1,31
255,2,31
255,3,31
255,4,31
255,5,31
255,6,31
255,7,31
255,8,31
255,9,31
255,10,31
255,11,31
255,12,31
255,13,31
255,14,31
255,15,31
255,16,31
255,17,31
255,18,31
255,19,31
255,20,31
255,21,31
255,22,31
255,23,31
255,24,31
255,25,31
255,26,31
255,27,31
255,28,31
255,29,31
255,30,31
255,31,31
255,32,31
255,33,31
255,34,31
255,35,31
255,36,31
255,37,31
255,38,31
256,1,31
256,2,31
256,3,31
256,4,31
256,5,31
256,6,31
256,7,31
256,8,31
256,9,31
256,10,31
256,11,31
256,12,31
256,13,31
256,14,31
256,15,31
256,16,31
256,17,31
256,18,31
256,19,31
256,20,31
256,21,31
256,22,31
256,23,31
256,24,31
256,25,31
256,26,31
256,27,31
256,28,31
256,29,31
256,30,31
256,31,31
256,32,31
256,33,31
256,34,31
256,35,31
256,36,31
256,37,31
256,38,31
257,1,31
257,2,31
257,3,31
257,4,31
257,5,31
257,6,31
257,7,31
257,8,31
257,9,31
257,10,31
257,11,31
257,12,31
257,13,31
257,14,31
257,15,31
257,16,31
257,17,31
257,18,31
257,19,31
257,20,31
257,21,31
257,22,31
257,23,31
257,24,31
257,25,31
257,26,31
257,27,31
257,28,31
257,29,31
257,30,31
257,31,31
257,32,31
257,33,31
257,34,31
257,35,31
257,36,31
257,37,31
257,38,31
258,1,31
258,2,31
258,3,31
258,4,31
258,5,31
258,6,31
258,7,31
258,8,31
258,9,31
258,10,31
258,11,31
258,12,31
258,13,31
258,14,31
258,15,31
258,16,31
258,17,31
258,18,31
258,19,31
258,20,31
258,21,31
258,22,31
258,23,31
258,24,31
258,25,31
258,26,31
258,27,31
258,28,31
258,29,31
258,30,31
258,31,31
258,32,31
258,33,31
258,34,31
258,35,31
258,36,31
258,37,31
258,38,31
259,1,31
259,2,31
259,3,31
259,4,31
259,5,31
259,6,31
259,7,31
259,8,31
259,9,31
259,10,31
259,11,31
259,12,31
259,13,31
259,14,31
259,15,31
259,16,31
259,17,31
259,18,31
259,19,31
259,20,31
259,21,31
259,22,31
259,23,31
259,24,31
259,25,31
259,26,31
259,27,31
259,28,31
259,29,31
259,30,31
259,31,31
259,32,31
259,33,31
259,34,31
259,35,31
259,36,31
259,37,31
259,38,31
260,1,31
260,2,31
260,3,31
260,4,31
260,5,31
260,6,31
260,7,31
260,8,31
260,9,31
260,10,31
260,11,31
260,12,31
260,13,31
260,14,31
260,15,31
260,16,31
260,17,31
260,18,31
260,19,31
260,20,31
260,21,31
260,22,31
260,23,43
260,24,43
260,25,43
260,26,43
260,27,43
260,28,43
260,29,43
260,30,43
260,31,43
260,32,43
260,33,43
260,34,43
260,35,43
260,36,43
260,37,43
260,38,43
261,1,31
261,2,31
261,3,31
261,4,31
261,5,31
261,6,31
261,7,31
261,8,31
261,9,31
261,10,31
261,11,31
261,12,31
261,13,31
261,14,31
261,15,31
261,16,31
261,17,31
261,18,31
261,19,31
261,20,31
261,21,31
261,22,31
261,23,31
261,24,31
261,25,31
261,26,31
261,27,31
261,28,31
261,29,31
261,30,31
261,31,31
261,32,31
261,33,31
261,34,31
261,35,31
261,36,31
261,37,31
261,38,31
262,1,31
262,2,31
262,3,31
262,4,31
262,5,31
262,6,31
262,7,31
262,8,31
262,9,31
262,10,31
262,11,31
262,12,31
262,13,31
262,14,31
262,15,31
262,16,31
262,17,31
262,18,31
262,19,31
262,20,31
262,21,31
262,22,31
262,23,31
262,24,31
262,25,31
262,26,31
262,27,31
262,28,31
262,29,31
262,30,31
262,31,31
262,32,31
262,33,31
262,34,31
262,35,31
262,36,31
262,37,31
262,38,31
263,1,31
263,2,31
263,3,31
263,4,31
263,5,31
263,6,31
263,7,31
263,8,31
263,9,31
263,10,31
263,11,31
263,12,31
263,13,31
263,14,31
263,15,31
263,16,31
263,17,31
263,18,31
263,19,31
263,20,31
263,21,31
263,22,31
263,23,31
263,24,31
263,25,31
263,26,31
263,27,31
263,28,31
263,29,31
263,30,31
263,31,31
263,32,31
263,33,31
263,34,31
263,35,31
263,36,31
263,37,31
263,38,31
264,1,31
264,2,31
264,3,31
264,4,31
264,5,31
264,6,31
264,7,31
264,8,31
264,9,31
264,10,31
264,11,31
264,12,31
264,13,31
264,14,31
264,15,31
264,16,31
264,17,31
264,18,31
264,19,31
264,20,31
264,21,31
264,22,31
264,23,31
264,24,31
264,25,31
264,26,31
264,27,31
264,28,31
264,29,31
264,30,31
264,31,31
264,32,31
264,33,31
264,34,31
264,35,31
264,36,31
264,37,31
264,38,31
265,1,31
265,2,31
265,3,31
265,4,31
265,5,31
265,6,31
265,7,31
265,8,31
265,9,31
265,10,31
265,11,31
265,12,31
265,13,31
265,14,31
265,15,31
265,16,31
265,17,31
265,18,31
265,19,31
265,20,31
265,21,31
265,22,31
265,23,31
265,24,31
265,25,31
265,26,31
265,27,31
265,28,31
265,29,31
265,30,31
265,31,31
265,32,31
265,33,31
265,34,31
265,35,31
265,36,31
265,37,31
265,38,31
266,1,31
266,2,31
266,3,3
266,4,3
266,5,3
266,6,3
266,7,3
266,8,3
266,9,3
266,10,3
266,11,3
266,12,3
266,13,3
266,14,3
266,15,3
266,16,3
266,17,3
266,18,3
266,19,3
266,20,3
266,21,3
266,22,3
266,23,3
266,24,3
266,25,3
266,26,3
266,27,3
266,28,3
266,29,3
266,30,3
266,31,3
266,32,3
266,33,3
266,34,3
266,35,3
266,36,3
266,37,3
266,38,3
267,1,31
267,2,31
267,3,31
267,4,31
267,5,31
267,6,31
267,7,31
267,8,31
267,9,31
267,10,31
267,11,31
267,12,31
267,13,31
267,14,31
267,15,31
267,16,31
267,17,31
267,18,31
267,19,31
267,20,31
267,21,31
267,22,31
267,23,31
267,24,31
267,25,31
267,26,31
267,27,31
267,28,31
267,29,31
267,30,31
267,31,31
267,32,31
267,33,31
267,34,31
267,35,31
267,36,31
267,37,31
267,38,31
268,1,31
268,2,31
268,3,31
268,4,31
268,5,31
268,6,31
268,7,31
268,8,31
268,9,31
268,10,31
268,11,31
268,12,31
268,13,31
268,14,31
268,15,31
268,16,31
268,17,31
268,18,31
268,19,31
268,20,31
268,21,31
268,22,31
268,23,31
268,24,31
268,25,31
268,26,31
268,27,31
268,28,31
268,29,31
268,30,31
268,31,31
268,32,31
268,33,31
268,34,31
268,35,31
268,36,31
268,37,31
268,38,31
269,1,31
269,2,31
269,3,31
269,4,31
269,5,31
269,6,31
269,7,31
269,8,31
269,9,31
269,10,31
269,11,31
269,12,31
269,13,31
269,14,31
269,15,31
269,16,31
269,17,31
269,18,31
269,19,31
269,20,31
269,21,31
269,22,31
269,23,31
269,24,31
269,25,31
269,26,31
269,27,31
269,28,31
269,29,31
269,30,31
269,31,31
269,32,31
269,33,31
269,34,31
269,35,31
269,36,31
269,37,31
269,38,31
270,1,31
270,2,31
270,3,31
270,4,31
270,5,31
270,6,31
270,7,31
270,8,31
270,9,31
270,10,31
270,11,31
270,12,31
270,13,31
270,14,31
270,15,31
270,16,31
270,17,31
270,18,31
270,19,31
270,20,31
270,21,31
270,22,31
270,23,31
270,24,31
270,25,31
270,26,31
270,27,31
270,28,31
270,29,31
270,30,31
270,31,31
270,32,31
270,33,31
270,34,31
270,35,31
270,36,31
270,37,31
270,38,31
271,1,31
271,2,31
271,3,31
271,4,31
271,5,31
271,6,31
271,7,31
271,8,31
271,9,31
271,10,31
271,11,31
271,12,31
271,13,31
271,14,31
271,15,31
271,16,31
271,17,31
271,18,31
271,19,31
271,20,31
271,21,31
271,22,31
271,23,31
271,24,31
271,25,31
271,26,31
271,27,31
271,28,31
271,29,31
271,30,31
271,31,31
271,32,31
271,33,31
271,34,31
271,35,31
271,36,31
271,37,31
271,38,31
272,1,31
272,2,31
272,3,31
272,4,31
272,5,31
272,6,31
272,7,31
272,8,31
272,9,31
272,10,31
272,11,31
272,12,31
272,13,31
272,14,31
272,15,31
272,16,31
272,17,31
272,18,31
272,19,31
272,20,31
272,21,31
272,22,31
272,23,31
272,24,31
272,25,31
272,26,31
272,27,31
272,28,31
272,29,31
272,30,31
272,31,31
272,32,31
272,33,31
272,34,31
272,35,31
272,36,31
272,37,31
272,38,31
273,1,31
273,2,31
273,3,31
273,4,31
273,5,31
273,6,31
273,7,31
273,8,31
273,9,31
273,10,31
273,11,31
273,12,31
273,13,31
273,14,31
273,15,31
273,16,31
273,17,31
273,18,31
273,19,31
273,20,31
273,21,31
273,22,31
273,23,31
273,24,31
273,25,31
273,26,31
273,27,31
273,28,31
273,29,31
273,30,31
273,31,31
273,32,31
273,33,31
273,34,31
273,35,31
273,36,31
273,37,31
273,38,31
274,1,31
274,2,31
274,3,31
274,4,31
274,5,31
274,6,31
274,7,31
274,8,31
274,9,31
274,10,31
274,11,31
274,12,31
274,13,31
274,14,31
274,15,31
274,16,31
274,17,31
274,18,31
274,19,31
274,20,31
274,21,31
274,22,31
274,23,31
274,24,31
274,25,31
274,26,31
274,27,31
274,28,31
274,29,31
274,30,31
274,31,31
274,32,31
274,33,31
274,34,31
274,35,31
274,36,31
274,37,31
274,38,31
275,1,31
275,2,31
275,3,31
275,4,31
275,5,31
275,6,31
275,7,31
275,8,31
275,9,31
275,10,31
275,11,31
275,12,31
275,13,31
275,14,31
275,15,31
275,16,31
275,17,31
275,18,31
275,19,31
275,20,31
275,21,31
275,22,31
275,23,31
275,24,31
275,25,31
275,26,31
275,27,31
275,28,31
275,29,31
275,30,31
275,31,31
275,32,31
275,33,31
275,34,31
275,35,31
275,36,31
275,37,31
275,38,31
276,1,31
276,2,31
276,3,31
276,4,31
276,5,31
276,6,31
276,7,31
276,8,31
276,9,31
276,10,31
276,11,31
276,12,31
276,13,31
276,14,31
276,15,31
276,16,31
276,17,31
276,18,31
276,19,31
276,20,31
276,21,31
276,22,31
276,23,31
276,24,31
276,25,31
276,26,31
276,27,31
276,28,31
276,29,31
276,30,31
276,31,31
276,32,31
276,33,31
276,34,31
276,35,31
276,36,31
276,37,31
276,38,31
277,1,31
277,2,31
277,3,31
277,4,31
277,5,31
277,6,31
277,7,31
277,8,31
277,9,31
277,10,31
277,11,31
277,12,31
277,13,31
277,14,31
277,15,31
277,16,31
277,17,31
277,18,31
277,19,31
277,20,31
277,21,31
277,22,31
277,23,31
277,24,31
277,25,31
277,26,31
277,27,31
277,28,31
277,29,31
277,30,31
277,31,31
277,32,31
277,33,31
277,34,31
277,35,31
277,36,31
277,37,31
277,38,31
278,1,31
278,2,31
278,3,31
278,4,31
278,5,31
278,6,31
278,7,31
278,8,31
278,9,31
278,10,31
278,11,31
278,12,31
278,13,31
278,14,31
278,15,31
278,16,31
278,17,31
278,18,31
278,19,31
278,20,31
278,21,31
278,22,31
278,23,31
278,24,31
278,25,31
278,26,31
278,27,31
278,28,31
278,29,31
278,30,31
278,31,31
278,32,31
278,33,31
278,34,31
278,35,31
278,36,31
278,37,31
278,38,31
279,1,31
279,2,31
279,3,31
279,4,31
279,5,31
279,6,31
279,7,31
279,8,31
279,9,31
279,10,31
279,11,31
279,12,31
279,13,31
279,14,31
279,15,31
279,16,31
279,17,31
279,18,31
279,19,31
279,20,31
279,21,31
279,22,31
279,23,31
279,24,31
279,25,31
279,26,31
279,27,31
279,28,31
279,29,31
279,30,31
279,31,31
279,32,31
279,33,31
279,34,31
279,35,31
279,36,31
279,37,31
279,38,31
280,1,31
280,2,31
280,3,31
280,4,31
280,5,31
280,6,31
280,7,31
280,8,31
280,9,31
280,10,31
280,11,31
280,12,31
280,13,31
280,14,31
280,15,31
280,16,31
280,17,31
280,18,31
280,19,31
280,20,31
280,21,31
280,22,31
280,23,31
280,24,31
280,25,31
280,26,31
280,27,31
280,28,31
280,29,31
280,30,31
280,31,31
280,32,31
280,33,31
280,34,31
280,35,31
280,36,31
280,37,31
280,38,31
281,1,31
281,2,31
281,3,31
281,4,31
281,5,31
281,6,31
281,7,31
281,8,31
281,9,31
281,10,31
281,11,31
281,12,31
281,13,31
281,14,31
281,15,31
281,16,31
281,17,31
281,18,31
281,19,31
281,20,31
281,21,31
281,22,31
281,23,31
281,24,31
281,25,31
281,26,31
281,27,31
281,28,31
281,29,31
281,30,31
281,31,31
281,32,31
281,33,31
281,34,31
281,35,31
281,36,31
281,37,31
281,38,31
282,1,31
282,2,31
282,3,31
282,4,31
282,5,31
282,6,31
282,7,31
282,8,31
282,9,31
282,10,31
282,11,31
282,12,31
282,13,31
282,14,31
282,15,31
282,16,31
282,17,31
282,18,31
282,19,31
282,20,31
282,21,31
282,22,31
282,23,31
282,24,31
282,25,31
282,26,31
282,27,31
282,28,31
282,29,31
282,30,31
282,31,31
282,32,31
282,33,31
282,34,31
282,35,31
282,36,31
282,37,31
282,38,31
283,1,31
283,2,31
283,3,31
283,4,31
283,5,31
283,6,31
283,7,31
283,8,31
283,9,31
283,10,31
283,11,31
283,12,31
283,13,31
283,14,31
283,15,31
283,16,31
283,17,31
283,18,31
283,19,31
283,20,31
283,21,31
283,22,31
283,23,31
283,24,31
283,25,31
283,26,31
283,27,31
283,28,31
283,29,31
283,30,31
283,31,31
283,32,31
283,33,31
283,34,31
283,35,31
283,36,31
283,37,31
283,38,31
284,1,31
284,2,31
284,3,31
284,4,31
284,5,31
284,6,31
284,7,31
284,8,31
284,9,31
284,10,31
284,11,31
284,12,31
284,13,31
284,14,31
284,15,31
284,16,31
284,17,31
284,18,31
284,19,31
284,20,31
284,21,31
284,22,31
284,23,31
284,24,31
284,25,31
284,26,31
284,27,31
284,28,31
284,29,31
284,30,31
284,31,31
284,32,31
284,33,31
284,34,31
284,35,31
284,36,31
284,37,31
284,38,31
285,1,31
285,2,31
285,3,31
285,4,31
285,5,31
285,6,31
285,7,31
285,8,31
285,9,31
285,10,31
285,11,31
285,12,31
285,13,31
285,14,31
285,15,31
285,16,31
285,17,31
285,18,31
285,19,31
285,20,31
285,21,31
285,22,31
285,23,31
285,24,31
285,25,31
285,26,31
285,27,31
285,28,31
285,29,31
285,30,31
285,31,31
285,32,31
285,33,31
285,34,31
285,35,31
285,36,31
285,37,31
285,38,31
286,1,31
286,2,31
286,3,31
286,4,31
286,5,31
286,6,31
286,7,31
286,8,31
286,9,31
286,10,31
286,11,31
286,12,31
286,13,31
286,14,31
286,15,31
286,16,31
286,17,31
286,18,31
286,19,31
286,20,31
286,21,31
286,22,31
286,23,31
286,24,31
286,25,31
286,26,31
286,27,31
286,28,31
286,29,31
286,30,31
286,31,31
286,32,31
286,33,31
286,34,31
286,35,31
286,36,31
286,37,31
286,38,31
287,1,11
287,2,11
287,3,11
287,4,11
287,5,11
287,6,11
287,7,11
287,8,11
287,9,11
287,10,11
287,11,11
287,12,11
287,13,11
287,14,11
287,15,11
287,16,11
287,17,11
287,18,11
287,19,11
287,20,11
287,21,11
287,22,11
287,23,11
287,24,11
287,25,11
287,26,11
287,27,11
287,28,11
287,29,11
287,30,11
287,31,11
287,32,11
287,33,11
287,34,11
287,35,11
287,36,11
287,37,11
287,38,11
288,1,11
288,2,11
288,3,11
288,4,11
288,5,11
288,6,11
288,7,11
288,8,11
288,9,11
288,10,11
288,11,11
288,12,11
288,13,11
288,14,11
288,15,11
288,16,11
288,17,11
288,18,11
288,19,11
288,20,11
288,21,11
288,22,11
288,23,11
288,24,11
288,25,11
288,26,11
288,27,11
288,28,11
288,29,11
288,30,11
288,31,11
288,32,11
288,33,11
288,34,11
288,35,11
288,36,11
288,37,11
288,38,11
289,1,11
289,2,11
289,3,11
289,4,11
289,5,11
289,6,11
289,7,11
289,8,11
289,9,11
289,10,11
289,11,11
289,12,11
289,13,11
289,14,11
289,15,11
289,16,11
289,17,11
289,18,11
289,19,11
289,20,11
289,21,11
289,22,11
289,23,11
289,24,11
289,25,11
289,26,11
289,27,11
289,28,11
289,29,11
289,30,11
289,31,11
289,32,11
289,33,11
289,34,11
289,35,11
289,36,11
289,37,11
289,38,11
290,1,11
290,2,11
290,3,11
290,4,11
290,5,11
290,6,11
290,7,11
290,8,11
290,9,11
290,10,11
290,11,11
290,12,11
290,13,11
290,14,11
290,15,11
290,16,11
290,17,11
290,18,11
290,19,11
290,20,11
290,21,11
290,22,11
290,23,11
290,24,11
290,25,11
290,26,11
290,27,11
290,28,11
290,29,11
290,30,11
290,31,11
290,32,11
290,33,11
290,34,11
290,35,11
290,36,11
290,37,11
290,38,11
291,1,11
291,2,11
291,3,11
291,4,11
291,5,11
291,6,11
291,7,11
291,8,11
291,9,11
291,10,11
291,11,11
291,12,11
291,13,11
291,14,11
291,15,11
291,16,11
291,17,11
291,18,11
291,19,11
291,20,11
291,21,11
291,22,11
291,23,11
291,24,11
291,25,11
291,26,11
291,27,11
291,28,11
291,29,11
291,30,11
291,31,11
291,32,11
291,33,11
291,34,11
291,35,11
291,36,11
291,37,11
291,38,11
292,1,11
292,2,11
292,3,11
292,4,11
292,5,11
292,6,11
292,7,11
292,8,11
292,9,11
292,10,11
292,11,11
292,12,11
292,13,11
292,14,11
292,15,11
292,16,11
292,17,11
292,18,11
292,19,11
292,20,11
292,21,11
292,22,11
292,23,11
292,24,11
292,25,11
292,26,11
292,27,11
292,28,11
292,29,11
292,30,11
292,31,11
292,32,11
292,33,11
292,34,11
292,35,11
292,36,11
292,37,11
292,38,11
293,1,11
293,2,11
293,3,11
293,4,11
293,5,11
293,6,11
293,7,11
293,8,11
293,9,11
293,10,11
293,11,11
293,12,11
293,13,11
293,14,11
293,15,11
293,16,11
293,17,11
293,18,11
293,19,11
293,20,11
293,21,11
293,22,11
293,23,11
293,24,11
293,25,11
293,26,11
293,27,11
293,28,11
293,29,11
293,30,11
293,31,11
293,32,11
293,33,11
293,34,11
293,35,11
293,36,11
293,37,11
293,38,11
294,1,11
294,2,11
294,3,11
294,4,11
294,5,11
294,6,11
294,7,11
294,8,11
294,9,11
294,10,11
294,11,11
294,12,11
294,13,11
294,14,11
294,15,11
294,16,11
294,17,11
294,18,11
294,19,11
294,20,11
294,21,11
294,22,11
294,23,11
294,24,11
294,25,11
294,26,11
294,27,11
294,28,11
294,29,11
294,30,11
294,31,11
294,32,11
294,33,11
294,34,11
294,35,11
294,36,11
294,37,11
294,38,11
295,1,11
295,2,11
295,3,11
295,4,11
295,5,11
295,6,11
295,7,11
295,8,11
295,9,11
295,10,11
295,11,11
295,12,11
295,13,11
295,14,11
295,15,11
295,16,11
295,17,11
295,18,11
295,19,11
295,20,11
295,21,11
295,22,11
295,23,11
295,24,11
295,25,11
295,26,11
295,27,11
295,28,11
295,29,11
295,30,11
295,31,11
295,32,11
295,33,11
295,34,11
295,35,11
295,36,11
295,37,11
295,38,11
296,1,11
296,2,11
296,3,11
296,4,11
296,5,11
296,6,11
296,7,11
296,8,11
296,9,11
296,10,11
296,11,11
296,12,11
296,13,11
296,14,11
296,15,11
296,16,11
296,17,11
296,18,11
296,19,11
296,20,11
296,21,11
296,22,11
296,23,11
296,24,11
296,25,11
296,26,11
296,27,11
296,28,11
296,29,11
296,30,11
296,31,11
296,32,11
296,33,11
296,34,11
296,35,11
296,36,11
296,37,11
296,38,11
297,1,11
297,2,11
297,3,11
297,4,11
297,5,11
297,6,11
297,7,11
297,8,11
297,9,11
297,10,11
297,11,11
297,12,11
297,13,11
297,14,11
297,15,11
297,16,11
297,17,11
297,18,11
297,19,11
297,20,11
297,21,11
297,22,11
297,23,11
297,24,11
297,25,11
297,26,11
297,27,11
297,28,11
297,29,11
297,30,11
297,31,11
297,32,11
297,33,11
297,34,11
297,35,11
297,36,11
297,37,11
297,38,11
298,1,11
298,2,11
298,3,11
298,4,11
298,5,11
298,6,11
298,7,11
298,8,11
298,9,11
298,10,11
298,11,11
298,12,11
298,13,11
298,14,11
298,15,11
298,16,11
298,17,11
298,18,11
298,19,11
298,20,11
298,21,11
298,22,11
298,23,11
298,24,11
298,25,11
298,26,11
298,27,11
298,28,11
298,29,11
298,30,11
298,31,11
298,32,11
298,33,11
298,34,11
298,35,11
298,36,11
298,37,11
298,38,11
299,1,11
299,2,11
299,3,11
299,4,11
299,5,11
299,6,11
299,7,11
299,8,11
299,9,11
299,10,11
299,11,11
299,12,11
299,13,11
299,14,11
299,15,11
299,16,11
299,17,11
299,18,11
299,19,11
299,20,11
299,21,11
299,22,11
299,23,11
299,24,11
299,25,11
299,26,11
299,27,11
299,28,11
299,29,11
299,30,11
299,31,11
299,32,11
299,33,11
299,34,11
299,35,11
299,36,11
299,37,11
299,38,11
300,1,11
300,2,11
300,3,11
300,4,11
300,5,11
300,6,11
300,7,11
300,8,11
300,9,11
300,10,11
300,11,11
300,12,11
300,13,11
300,14,11
300,15,11
300,16,11
300,17,11
300,18,11
300,19,11
300,20,11
300,21,11
300,22,11
300,23,11
300,24,11
300,25,11
300,26,11
300,27,11
300,28,11
300,29,11
300,30,11
300,31,11
300,32,11
300,33,11
300,34,11
300,35,11
300,36,11
300,37,11
300,38,11
301,1,11
301,2,11
301,3,11
301,4,11
301,5,11
301,6,11
301,7,11
301,8,11
301,9,11
301,10,11
301,11,11
301,12,11
301,13,11
301,14,11
301,15,11
301,16,11
301,17,11
301,18,11
301,19,11
301,20,11
301,21,11
301,22,11
301,23,11
301,24,11
301,25,11
301,26,11
301,27,11
301,28,11
301,29,11
301,30,11
301,31,11
301,32,11
301,33,11
301,34,11
301,35,11
301,36,11
301,37,11
301,38,11
302,1,11
302,2,11
302,3,11
302,4,11
302,5,11
302,6,11
302,7,11
302,8,11
302,9,11
302,10,11
302,11,11
302,12,11
302,13,11
302,14,11
302,15,11
302,16,11
302,17,11
302,18,11
302,19,11
302,20,11
302,21,11
302,22,11
302,23,11
302,24,11
302,25,11
302,26,11
302,27,11
302,28,11
302,29,11
302,30,11
302,31,11
302,32,11
302,33,11
302,34,11
302,35,11
302,36,11
302,37,11
302,38,11
303,1,11
303,2,11
303,3,11
303,4,11
303,5,11
303,6,11
303,7,11
303,8,11
303,9,11
303,10,11
303,11,11
303,12,11
303,13,11
303,14,11
303,15,11
303,16,11
303,17,11
303,18,11
303,19,11
303,20,11
303,21,11
303,22,11
303,23,11
303,24,11
303,25,11
303,26,11
303,27,11
303,28,11
303,29,11
303,30,11
303,31,11
303,32,11
303,33,11
303,34,11
303,35,11
303,36,11
303,37,11
303,38,11
304,1,11
304,2,11
304,3,11
304,4,11
304,5,11
304,6,11
304,7,11
304,8,11
304,9,11
304,10,11
304,11,11
304,12,11
304,13,11
304,14,11
304,15,11
304,16,11
304,17,11
304,18,11
304,19,11
304,20,11
304,21,11
304,22,11
304,23,11
304,24,11
304,25,11
304,26,11
304,27,11
304,28,11
304,29,11
304,30,11
304,31,11
304,32,11
304,33,11
304,34,11
304,35,11
304,36,11
304,37,11
304,38,11
305,1,11
305,2,11
305,3,11
305,4,11
305,5,11
305,6,11
305,7,11
305,8,11
305,9,11
305,10,11
305,11,11
305,12,11
305,13,11
305,14,11
305,15,11
305,16,11
305,17,11
305,18,11
305,19,11
305,20,11
305,21,11
305,22,11
305,23,11
305,24,11
305,25,11
305,26,11
305,27,11
305,28,11
305,29,11
305,30,11
305,31,11
305,32,11
305,33,11
305,34,11
305,35,11
305,36,11
305,37,11
305,38,11
306,1,11
306,2,11
306,3,11
306,4,11
306,5,11
306,6,11
306,7,11
306,8,11
306,9,11
306,10,11
306,11,11
306,12,11
306,13,11
306,14,11
306,15,11
306,16,11
306,17,11
306,18,11
306,19,11
306,20,11
306,21,11
306,22,11
306,23,11
306,24,11
306,25,11
306,26,11
306,27,11
306,28,11
306,29,11
306,30,11
306,31,11
306,32,11
306,33,11
306,34,11
306,35,11
306,36,11
306,37,11
306,38,11
307,1,11
307,2,11
307,3,11
307,4,11
307,5,11
307,6,11
307,7,11
307,8,11
307,9,11
307,10,11
307,11,11
307,12,11
307,13,11
307,14,11
307,15,11
307,16,11
307,17,11
307,18,11
307,19,11
307,20,11
307,21,11
307,22,11
307,23,11
307,24,11
307,25,11
307,26,11
307,27,11
307,28,11
307,29,11
307,30,11
307,31,11
307,32,11
307,33,11
307,34,11
307,35,11
307,36,11
307,37,11
307,38,11
308,1,11
308,2,11
308,3,11
308,4,11
308,5,11
308,6,11
308,7,11
308,8,11
308,9,11
308,10,11
308,11,11
308,12,11
308,13,11
308,14,11
308,15,11
308,16,11
308,17,11
308,18,11
308,19,11
308,20,11
308,21,11
308,22,11
308,23,11
308,24,11
308,25,11
308,26,11
308,27,11
308,28,11
308,29,11
308,30,11
308,31,11
308,32,11
308,33,11
308,34,11
308,35,11
308,36,11
308,37,11
308,38,11
309,1,11
309,2,11
309,3,11
309,4,11
309,5,11
309,6,11
309,7,11
309,8,11
309,9,11
309,10,11
309,11,11
309,12,11
309,13,11
309,14,11
309,15,11
309,16,11
309,17,11
309,18,11
309,19,11
309,20,11
309,21,11
309,22,11
309,23,11
309,24,11
309,25,11
309,26,11
309,27,11
309,28,11
309,29,11
309,30,11
309,31,11
309,32,11
309,33,11
309,34,11
309,35,11
309,36,11
309,37,11
309,38,11
310,1,11
310,2,11
310,3,11
310,4,11
310,5,11
310,6,11
310,7,11
310,8,11
310,9,11
310,10,11
310,11,11
310,12,11
310,13,11
310,14,11
310,15,11
310,16,11
310,17,11
310,18,11
310,19,11
310,20,11
310,21,11
310,22,11
310,23,11
310,24,11
310,25,11
310,26,11
310,27,11
310,28,11
310,29,11
310,30,11
310,31,11
310,32,11
310,33,11
310,34,11
310,35,11
310,36,11
310,37,11
310,38,11
311,1,11
311,2,11
311,3,11
311,4,11
311,5,11
311,6,11
311,7,11
311,8,11
311,9,11
311,10,11
311,11,11
311,12,11
311,13,11
311,14,11
311,15,11
311,16,11
311,17,11
311,18,11
311,19,11
311,20,11
311,21,11
311,22,11
311,23,11
311,24,11
311,25,11
311,26,11
311,27,11
311,28,11
311,29,11
311,30,11
311,31,11
311,32,11
311,33,11
311,34,11
311,35,11
311,36,11
311,37,11
311,38,11
312,1,11
312,2,11
312,3,11
312,4,11
312,5,11
312,6,11
312,7,11
312,8,11
312,9,11
312,10,11
312,11,11
312,12,11
312,13,11
312,14,11
312,15,11
312,16,11
312,17,11
312,18,11
312,19,11
312,20,11
312,21,11
312,22,11
312,23,11
312,24,11
312,25,11
312,26,11
312,27,11
312,28,11
312,29,11
312,30,11
312,31,11
312,32,11
312,33,11
312,34,11
312,35,11
312,36,11
312,37,11
312,38,11
313,1,11
313,2,11
313,3,11
313,4,11
313,5,11
313,6,11
313,7,11
313,8,11
313,9,11
313,10,11
313,11,11
313,12,11
313,13,11
313,14,11
313,15,11
313,16,11
313,17,11
313,18,11
313,19,11
313,20,11
313,21,11
313,22,11
313,23,11
313,24,11
313,25,11
313,26,11
313,27,11
313,28,11
313,29,11
313,30,11
313,31,11
313,32,11
313,33,11
313,34,11
313,35,11
313,36,11
313,37,11
313,38,11
314,1,54
314,2,54
314,3,54
314,4,54
314,5,54
314,6,54
314,7,54
314,8,54
314,9,54
314,10,54
314,11,54
314,12,54
314,13,54
314,14,54
314,15,54
314,16,54
314,17,54
314,18,54
314,19,54
314,20,54
314,21,54
314,22,54
314,23,54
314,24,54
314,25,54
314,26,54
314,27,54
314,28,54
314,29,54
314,30,54
314,31,54
314,32,54
314,33,54
314,34,54
314,35,54
314,36,54
314,37,54
314,38,54
315,1,54
315,2,54
315,3,54
315,4,54
315,5,54
315,6,54
315,7,54
315,8,54
315,9,54
315,10,54
315,11,54
315,12,54
315,13,54
315,14,54
315,15,54
315,16,54
315,17,54
315,18,54
315,19,54
315,20,54
315,21,54
315,22,54
315,23,54
315,24,54
315,25,54
315,26,54
315,27,54
315,28,54
315,29,54
315,30,54
315,31,54
315,32,54
315,33,54
315,34,54
315,35,54
315,36,54
315,37,54
315,38,54
316,1,54
316,2,54
316,3,54
316,4,54
316,5,54
316,6,54
316,7,54
316,8,54
316,9,54
316,10,54
316,11,54
316,12,54
316,13,54
316,14,54
316,15,54
316,16,54
316,17,54
316,18,54
316,19,54
316,20,54
316,21,54
316,22,54
316,23,54
316,24,54
316,25,54
316,26,54
316,27,54
316,28,54
316,29,54
316,30,54
316,31,54
316,32,54
316,33,54
316,34,54
316,35,54
316,36,54
316,37,54
316,38,54
317,1,54
317,2,54
317,3,54
317,4,54
317,5,54
317,6,54
317,7,54
317,8,54
317,9,54
317,10,54
317,11,54
317,12,54
317,13,54
317,14,54
317,15,54
317,16,54
317,17,54
317,18,54
317,19,54
317,20,54
317,21,54
317,22,54
317,23,54
317,24,54
317,25,54
317,26,54
317,27,54
317,28,54
317,29,54
317,30,54
317,31,54
317,32,54
317,33,54
317,34,54
317,35,54
317,36,54
317,37,54
317,38,54
318,1,54
318,2,54
318,3,54
318,4,54
318,5,54
318,6,54
318,7,54
318,8,54
318,9,54
318,10,54
318,11,54
318,12,54
318,13,54
318,14,54
318,15,54
318,16,54
318,17,54
318,18,54
318,19,54
318,20,54
318,21,54
318,22,54
318,23,54
318,24,54
318,25,54
318,26,54
318,27,54
318,28,54
318,29,54
318,30,54
318,31,54
318,32,54
318,33,54
318,34,54
318,35,54
318,36,54
318,37,54
318,38,54
319,1,54
319,2,54
319,3,54
319,4,54
319,5,54
319,6,54
319,7,54
319,8,54
319,9,54
319,10,54
319,11,54
319,12,54
319,13,54
319,14,54
319,15,54
319,16,54
319,17,54
319,18,54
319,19,54
319,20,54
319,21,54
319,22,54
319,23,54
319,24,54
319,25,54
319,26,54
319,27,54
319,28,54
319,29,54
319,30,54
319,31,54
319,32,54
319,33,54
319,34,54
319,35,54
319,36,54
319,37,54
319,38,54
320,1,54
320,2,54
320,3,54
320,4,54
320,5,54
320,6,54
320,7,54
320,8,54
320,9,54
320,10,54
320,11,54
320,12,54
320,13,54
320,14,54
320,15,54
320,16,54
320,17,54
320,18,54
320,19,54
320,20,54
320,21,54
320,22,54
320,23,54
320,24,54
320,25,54
320,26,54
320,27,54
320,28,54
320,29,54
320,30,54
320,31,54
320,32,54
320,33,54
320,34,54
320,35,54
320,36,54
320,37,54
320,38,54
321,1,54
321,2,54
321,3,54
321,4,54
321,5,54
321,6,54
321,7,54
321,8,54
321,9,54
321,10,54
321,11,54
321,12,54
321,13,54
321,14,54
321,15,54
321,16,54
321,17,54
321,18,54
321,19,54
321,20,54
321,21,54
321,22,54
321,23,54
321,24,54
321,25,54
321,26,54
321,27,54
321,28,54
321,29,54
321,30,54
321,31,54
321,32,54
321,33,54
321,34,54
321,35,54
321,36,54
321,37,54
321,38,54
322,1,54
322,2,54
322,3,54
322,4,54
322,5,54
322,6,54
322,7,54
322,8,54
322,9,54
322,10,54
322,11,54
322,12,54
322,13,54
322,14,54
322,15,54
322,16,54
322,17,54
322,18,54
322,19,54
322,20,54
322,21,54
322,22,54
322,23,54
322,24,54
322,25,54
322,26,54
322,27,54
322,28,54
322,29,54
322,30,54
322,31,54
322,32,54
322,33,54
322,34,54
322,35,54
322,36,54
322,37,54
322,38,54
323,1,54
323,2,54
323,3,54
323,4,54
323,5,54
323,6,54
323,7,54
323,8,54
323,9,54
323,10,54
323,11,54
323,12,54
323,13,54
323,14,54
323,15,54
323,16,54
323,17,54
323,18,54
323,19,54
323,20,54
323,21,54
323,22,54
323,23,54
323,24,54
323,25,54
323,26,54
323,27,54
323,28,54
323,29,54
323,30,54
323,31,54
323,32,54
323,33,54
323,34,54
323,35,54
323,36,54
323,37,54
323,38,54
324,1,54
324,2,54
324,3,54
324,4,54
324,5,54
324,6,54
324,7,54
324,8,54
324,9,54
324,10,54
324,11,54
324,12,54
324,13,54
324,14,54
324,15,54
324,16,54
324,17,54
324,18,54
324,19,54
324,20,54
324,21,54
324,22,54
324,23,54
324,24,54
324,25,54
324,26,54
324,27,54
324,28,54
324,29,54
324,30,54
324,31,54
324,32,54
324,33,54
324,34,54
324,35,54
324,36,54
324,37,54
324,38,54
325,1,54
325,2,54
325,3,54
325,4,54
325,5,54
325,6,54
325,7,54
325,8,54
325,9,54
325,10,54
325,11,54
325,12,54
325,13,54
325,14,54
325,15,54
325,16,54
325,17,54
325,18,54
325,19,54
325,20,54
325,21,54
325,22,54
325,23,54
325,24,54
325,25,54
325,26,54
325,27,54
325,28,54
325,29,54
325,30,54
325,31,54
325,32,54
325,33,54
325,34,54
325,35,54
325,36,54
325,37,54
325,38,54
326,1,54
326,2,54
326,3,54
326,4,54
326,5,54
326,6,54
326,7,54
326,8,54
326,9,54
326,10,54
326,11,54
326,12,54
326,13,54
326,14,54
326,15,54
326,16,54
326,17,54
326,18,54
326,19,54
326,20,54
326,21,54
326,22,54
326,23,54
326,24,21
326,25,21
326,26,21
326,27,21
326,28,21
326,29,21
326,30,21
326,31,21
326,32,21
326,33,21
326,34,21
326,35,21
326,36,21
326,37,21
326,38,21
327,1,54
327,2,54
327,3,54
327,4,54
327,5,54
327,6,54
327,7,54
327,8,54
327,9,54
327,10,54
327,11,54
327,12,54
327,13,54
327,14,54
327,15,54
327,16,54
327,17,54
327,18,54
327,19,54
327,20,54
327,21,54
327,22,54
327,23,54
327,24,54
327,25,54
327,26,54
327,27,54
327,28,54
327,29,54
327,30,54
327,31,54
327,32,54
327,33,54
327,34,54
327,35,54
327,36,54
327,37,54
327,38,54
328,1,54
328,2,54
328,3,54
328,4,54
328,5,54
328,6,54
328,7,54
328,8,54
328,9,54
328,10,54
328,11,54
328,12,54
328,13,54
328,14,54
328,15,54
328,16,54
328,17,54
328,18,54
328,19,54
328,20,54
328,21,54
328,22,54
328,23,54
328,24,54
328,25,54
328,26,54
328,27,54
328,28,54
328,29,54
328,30,54
328,31,54
328,32,54
328,33,54
328,34,54
328,35,54
328,36,54
328,37,54
328,38,54
329,1,54
329,2,54
329,3,54
329,4,54
329,5,54
329,6,54
329,7,54
329,8,54
329,9,54
329,10,54
329,11,54
329,12,54
329,13,54
329,14,54
329,15,54
329,16,54
329,17,54
329,18,54
329,19,54
329,20,54
329,21,54
329,22,54
329,23,54
329,24,54
329,25,54
329,26,54
329,27,54
329,28,54
329,29,54
329,30,54
329,31,54
329,32,54
329,33,54
329,34,54
329,35,54
329,36,54
329,37,54
329,38,54
330,1,54
330,2,54
330,3,54
330,4,54
330,5,54
330,6,54
330,7,54
330,8,54
330,9,54
330,10,54
330,11,54
330,12,54
330,13,54
330,14,54
330,15,54
330,16,54
330,17,54
330,18,54
330,19,54
330,20,54
330,21,54
330,22,54
330,23,54
330,24,54
330,25,54
330,26,54
330,27,54
330,28,54
330,29,54
330,30,54
330,31,54
330,32,54
330,33,54
330,34,54
330,35,54
330,36,54
330,37,54
330,38,54
331,1,54
331,2,54
331,3,54
331,4,54
331,5,54
331,6,54
331,7,54
331,8,54
331,9,54
331,10,54
331,11,54
331,12,54
331,13,54
331,14,54
331,15,54
331,16,54
331,17,54
331,18,54
331,19,54
331,20,54
331,21,54
331,22,54
331,23,54
331,24,54
331,25,54
331,26,54
331,27,54
331,28,54
331,29,54
331,30,54
331,31,54
331,32,54
331,33,54
331,34,54
331,35,54
331,36,54
331,37,54
331,38,54
332,1,54
332,2,54
332,3,54
332,4,54
332,5,54
332,6,54
332,7,54
332,8,54
332,9,54
332,10,54
332,11,54
332,12,54
332,13,54
332,14,54
332,15,54
332,16,54
332,17,54
332,18,54
332,19,54
332,20,54
332,21,54
332,22,54
332,23,54
332,24,54
332,25,54
332,26,54
332,27,54
332,28,54
332,29,54
332,30,54
332,31,54
332,32,54
332,33,54
332,34,54
332,35,54
332,36,54
332,37,54
332,38,54
333,1,54
333,2,54
333,3,54
333,4,54
333,5,54
333,6,54
333,7,54
333,8,54
333,9,54
333,10,54
333,11,54
333,12,54
333,13,54
333,14,54
333,15,54
333,16,54
333,17,54
333,18,54
333,19,54
333,20,54
333,21,54
333,22,54
333,23,54
333,24,54
333,25,54
333,26,54
333,27,54
333,28,54
333,29,54
333,30,54
333,31,54
333,32,54
333,33,54
333,34,54
333,35,54
333,36,54
333,37,54
333,38,54
334,1,54
334,2,54
334,3,54
334,4,54
334,5,54
334,6,54
334,7,54
334,8,54
334,9,54
334,10,54
334,11,54
334,12,54
334,13,54
334,14,54
334,15,54
334,16,54
334,17,54
334,18,54
334,19,54
334,20,54
334,21,54
334,22,54
334,23,54
334,24,54
334,25,54
334,26,54
334,27,54
334,28,54
334,29,54
334,30,54
334,31,54
334,32,54
334,33,54
334,34,54
334,35,54
334,36,54
334,37,54
334,38,54
335,1,54
335,2,54
335,3,54
335,4,54
335,5,54
335,6,54
335,7,54
335,8,54
335,9,54
335,10,54
335,11,54
335,12,54
335,13,54
335,14,54
335,15,54
335,16,54
335,17,54
335,18,54
335,19,54
335,20,54
335,21,54
335,22,54
335,23,54
335,24,54
335,25,54
335,26,54
335,27,54
335,28,54
335,29,54
335,30,54
335,31,54
335,32,54
335,33,54
335,34,54
335,35,54
335,36,54
335,37,54
335,38,54
336,1,54
336,2,54
336,3,54
336,4,54
336,5,54
336,6,54
336,7,54
336,8,54
336,9,54
336,10,54
336,11,54
336,12,54
336,13,54
336,14,54
336,15,54
336,16,54
336,17,54
336,18,54
336,19,54
336,20,54
336,21,54
336,22,54
336,23,54
336,24,54
336,25,54
336,26,54
336,27,54
336,28,54
336,29,54
336,30,54
336,31,54
336,32,54
336,33,54
336,34,54
336,35,54
336,36,54
336,37,54
336,38,54
337,1,54
337,2,54
337,3,54
337,4,54
337,5,54
337,6,54
337,7,54
337,8,54
337,9,54
337,10,54
337,11,54
337,12,54
337,13,54
337,14,54
337,15,54
337,16,54
337,17,54
337,18,54
337,19,54
337,20,54
337,21,54
337,22,54
337,23,54
337,24,54
337,25,54
337,26,54
337,27,54
337,28,54
337,29,54
337,30,54
337,31,54
337,32,54
337,33,54
337,34,54
337,35,54
337,36,54
337,37,54
337,38,54
338,1,54
338,2,54
338,3,54
338,4,54
338,5,54
338,6,54
338,7,54
338,8,54
338,9,54
338,10,54
338,11,54
338,12,54
338,13,54
338,14,54
338,15,54
338,16,54
338,17,54
338,18,54
338,19,54
338,20,54
338,21,54
338,22,54
338,23,54
338,24,54
338,25,54
338,26,54
338,27,54
338,28,54
338,29,54
338,30,54
338,31,54
338,32,54
338,33,54
338,34,54
338,35,54
338,36,54
338,37,54
338,38,54
339,1,2
339,2,2
339,3,2
339,4,2
339,5,2
339,6,2
339,7,2
339,8,2
339,9,2
339,10,2
339,11,2
339,12,2
339,13,2
339,14,2
339,15,2
339,16,2
339,17,2
339,18,2
339,19,2
339,20,2
339,21,2
339,22,2
339,23,2
339,24,2
339,25,2
339,26,2
339,27,2
339,28,2
339,29,2
339,30,2
339,31,2
339,32,2
339,33,2
339,34,2
339,35,2
339,36,2
339,37,2
339,38,2
340,1,2
340,2,2
340,3,2
340,4,2
340,5,2
340,6,2
340,7,2
340,8,2
340,9,2
340,10,2
340,11,2
340,12,2
340,13,2
340,14,2
340,15,2
340,16,2
340,17,2
340,18,2
340,19,2
340,20,2
340,21,2
340,22,2
340,23,2
340,24,2
340,25,2
340,26,2
340,27,2
340,28,2
340,29,2
340,30,2
340,31,2
340,32,2
340,33,2
340,34,2
340,35,2
340,36,2
340,37,2
340,38,2
341,1,2
341,2,2
341,3,2
341,4,2
341,5,2
341,6,2
341,7,2
341,8,2
341,9,2
341,10,2
341,11,2
341,12,2
341,13,2
341,14,2
341,15,2
341,16,2
341,17,2
341,18,2
341,19,2
341,20,2
341,21,2
341,22,2
341,23,2
341,24,2
341,25,2
341,26,2
341,27,2
341,28,2
341,29,2
341,30,2
341,31,2
341,32,2
341,33,2
341,34,2
341,35,2
341,36,2
341,37,2
341,38,2
342,1,2
342,2,2
342,3,2
342,4,2
342,5,2
342,6,2
342,7,2
342,8,2
342,9,2
342,10,2
342,11,2
342,12,2
342,13,2
342,14,2
342,15,2
342,16,2
342,17,2
342,18,2
342,19,2
342,20,2
342,21,2
342,22,2
342,23,2
342,24,2
342,25,2
342,26,2
342,27,2
342,28,2
342,29,2
342,30,2
342,31,2
342,32,2
342,33,2
342,34,2
342,35,2
342,36,2
342,37,2
342,38,2
343,1,2
343,2,2
343,3,2
343,4,2
343,5,2
343,6,2
343,7,2
343,8,2
343,9,2
343,10,2
343,11,2
343,12,2
343,13,2
343,14,2
343,15,2
343,16,2
343,17,2
343,18,2
343,19,2
343,20,2
343,21,2
343,22,2
343,23,2
343,24,2
343,25,2
343,26,2
343,27,2
343,28,2
343,29,2
343,30,2
343,31,2
343,32,2
343,33,2
343,34,2
343,35,2
343,36,2
343,37,2
343,38,2
344,1,2
344,2,2
344,3,2
344,4,2
344,5,2
344,6,2
344,7,2
344,8,2
344,9,2
344,10,2
344,11,2
344,12,2
344,13,2
344,14,2
344,15,2
344,16,2
344,17,2
344,18,2
344,19,2
344,20,2
344,21,2
344,22,2
344,23,2
344,24,2
344,25,2
344,26,2
344,27,2
344,28,2
344,29,2
344,30,2
344,31,2
344,32,2
344,33,2
344,34,2
344,35,2
344,36,2
344,37,2
344,38,2
345,1,2
345,2,2
345,3,2
345,4,2
345,5,2
345,6,2
345,7,2
345,8,2
345,9,2
345,10,2
345,11,2
345,12,2
345,13,2
345,14,2
345,15,2
345,16,2
345,17,2
345,18,2
345,19,2
345,20,2
345,21,2
345,22,2
345,23,2
345,24,2
345,25,2
345,26,2
345,27,2
345,28,2
345,29,2
345,30,2
345,31,2
345,32,2
345,33,2
345,34,2
345,35,2
345,36,2
345,37,2
345,38,2
346,1,2
346,2,2
346,3,2
346,4,2
346,5,2
346,6,2
346,7,2
346,8,2
346,9,2
346,10,2
346,11,2
346,12,2
346,13,2
346,14,2
346,15,2
346,16,2
346,17,2
346,18,2
346,19,2
346,20,2
346,21,2
346,22,2
346,23,2
346,24,2
346,25,2
346,26,2
346,27,2
346,28,2
346,29,2
346,30,2
346,31,2
346,32,2
346,33,2
346,34,2
346,35,2
346,36,2
346,37,2
346,38,2
347,1,2
347,2,2
347,3,2
347,4,2
347,5,2
347,6,2
347,7,2
347,8,2
347,9,2
347,10,2
347,11,2
347,12,2
347,13,2
347,14,2
347,15,2
347,16,2
347,17,2
347,18,2
347,19,2
347,20,2
347,21,2
347,22,2
347,23,2
347,24,2
347,25,2
347,26,2
347,27,2
347,28,2
347,29,2
347,30,2
347,31,2
347,32,2
347,33,2
347,34,2
347,35,2
347,36,2
347,37,2
347,38,2
348,1,2
348,2,2
348,3,2
348,4,2
348,5,2
348,6,2
348,7,2
348,8,2
348,9,2
348,10,2
348,11,2
348,12,2
348,13,2
348,14,2
348,15,2
348,16,2
348,17,2
348,18,2
348,19,2
348,20,2
348,21,2
348,22,2
348,23,2
348,24,2
348,25,2
348,26,2
348,27,2
348,28,2
348,29,2
348,30,2
348,31,2
348,32,2
348,33,2
348,34,2
348,35,2
348,36,2
348,37,2
348,38,2
349,1,2
349,2,2
349,3,2
349,4,2
349,5,2
349,6,2
349,7,2
349,8,2
349,9,2
349,10,2
349,11,2
349,12,2
349,13,2
349,14,2
349,15,2
349,16,2
349,17,2
349,18,2
349,19,2
349,20,2
349,21,2
349,22,2
349,23,2
349,24,2
349,25,2
349,26,2
349,27,2
349,28,2
349,29,2
349,30,2
349,31,2
349,32,2
349,33,2
349,34,2
349,35,2
349,36,2
349,37,2
349,38,2
350,1,2
350,2,2
350,3,2
350,4,2
350,5,2
350,6,2
350,7,2
350,8,2
350,9,2
350,10,2
350,11,2
350,12,2
350,13,2
350,14,2
350,15,2
350,16,2
350,17,2
350,18,2
350,19,2
350,20,2
350,21,2
350,22,2
350,23,2
350,24,2
350,25,2
350,26,2
350,27,2
350,28,2
350,29,2
350,30,2
350,31,2
350,32,2
350,33,2
350,34,2
350,35,2
350,36,2
350,37,2
350,38,2
351,1,2
351,2,2
351,3,2
351,4,2
351,5,2
351,6,2
351,7,2
351,8,2
351,9,2
351,10,2
351,11,2
351,12,2
351,13,2
351,14,2
351,15,2
351,16,2
351,17,2
351,18,2
351,19,2
351,20,2
351,21,2
351,22,2
351,23,2
351,24,2
351,25,2
351,26,2
351,27,2
351,28,2
351,29,2
351,30,2
351,31,2
351,32,2
351,33,2
351,34,2
351,35,2
351,36,2
351,37,2
351,38,2
352,1,2
352,2,2
352,3,2
352,4,2
352,5,2
352,6,2
352,7,2
352,8,2
352,9,2
352,10,2
352,11,2
352,12,2
352,13,2
352,14,2
352,15,2
352,16,2
352,17,2
352,18,2
352,19,2
352,20,2
352,21,2
352,22,2
352,23,2
352,24,2
352,25,2
352,26,2
352,27,2
352,28,2
352,29,2
352,30,2
352,31,2
352,32,2
352,33,2
352,34,2
352,35,2
352,36,2
352,37,2
352,38,2
353,1,2
353,2,2
353,3,2
353,4,2
353,5,2
353,6,2
353,7,2
353,8,2
353,9,2
353,10,2
353,11,2
353,12,2
353,13,2
353,14,2
353,15,2
353,16,2
353,17,2
353,18,2
353,19,2
353,20,2
353,21,2
353,22,2
353,23,2
353,24,2
353,25,2
353,26,2
353,27,2
353,28,2
353,29,2
353,30,2
353,31,2
353,32,2
353,33,2
353,34,2
353,35,2
353,36,2
353,37,2
353,38,2
354,1,2
354,2,2
354,3,2
354,4,2
354,5,2
354,6,2
354,7,2
354,8,2
354,9,2
354,10,2
354,11,2
354,12,2
354,13,2
354,14,2
354,15,2
354,16,2
354,17,2
354,18,2
354,19,2
354,20,2
354,21,2
354,22,2
354,23,2
354,24,2
354,25,2
354,26,2
354,27,2
354,28,2
354,29,2
354,30,2
354,31,2
354,32,2
354,33,2
354,34,2
354,35,2
354,36,2
354,37,2
354,38,2
355,1,2
355,2,2
355,3,2
355,4,2
355,5,2
355,6,2
355,7,2
355,8,2
355,9,2
355,10,2
355,11,2
355,12,2
355,13,2
355,14,2
355,15,2
355,16,2
355,17,2
355,18,2
355,19,2
355,20,2
355,21,2
355,22,2
355,23,2
355,24,2
355,25,2
355,26,2
355,27,2
355,28,2
355,29,2
355,30,2
355,31,2
355,32,2
355,33,2
355,34,2
355,35,2
355,36,2
355,37,2
355,38,2
356,1,2
356,2,2
356,3,2
356,4,2
356,5,2
356,6,2
356,7,2
356,8,2
356,9,2
356,10,2
356,11,2
356,12,2
356,13,2
356,14,2
356,15,2
356,16,2
356,17,2
356,18,2
356,19,2
356,20,2
356,21,2
356,22,2
356,23,2
356,24,2
356,25,2
356,26,2
356,27,2
356,28,2
356,29,2
356,30,2
356,31,2
356,32,2
356,33,2
356,34,2
356,35,2
356,36,2
356,37,2
356,38,2
357,1,2
357,2,2
357,3,2
357,4,2
357,5,2
357,6,2
357,7,2
357,8,2
357,9,2
357,10,2
357,11,2
357,12,2
357,13,2
357,14,2
357,15,2
357,16,2
357,17,2
357,18,2
357,19,2
357,20,2
357,21,2
357,22,2
357,23,2
357,24,2
357,25,2
357,26,2
357,27,2
357,28,2
357,29,2
357,30,2
357,31,2
357,32,2
357,33,2
357,34,2
357,35,2
357,36,2
357,37,2
357,38,2
358,1,2
358,2,2
358,3,2
358,4,2
358,5,2
358,6,2
358,7,2
358,8,2
358,9,2
358,10,2
358,11,2
358,12,2
358,13,2
358,14,2
358,15,2
358,16,2
358,17,2
358,18,2
358,19,2
358,20,2
358,21,2
358,22,2
358,23,2
358,24,2
358,25,2
358,26,2
358,27,2
358,28,2
358,29,2
358,30,2
358,31,2
358,32,2
358,33,2
358,34,2
358,35,2
358,36,2
358,37,2
358,38,2
359,1,2
359,2,2
359,3,2
359,4,2
359,5,2
359,6,2
359,7,2
359,8,2
359,9,2
359,10,2
359,11,2
359,12,2
359,13,2
359,14,2
359,15,2
359,16,2
359,17,2
359,18,2
359,19,2
359,20,2
359,21,2
359,22,2
359,23,2
359,24,2
359,25,2
359,26,2
359,27,2
359,28,2
359,29,2
359,30,2
359,31,2
359,32,2
359,33,2
359,34,2
359,35,2
359,36,2
359,37,2
359,38,2
360,1,2
360,2,2
360,3,2
360,4,2
360,5,2
360,6,2
360,7,2
360,8,2
360,9,2
360,10,2
360,11,2
360,12,2
360,13,2
360,14,2
360,15,2
360,16,2
360,17,2
360,18,2
360,19,2
360,20,2
360,21,2
360,22,2
360,23,2
360,24,2
360,25,2
360,26,2
360,27,2
360,28,2
360,29,2
360,30,2
360,31,2
360,32,2
360,33,2
360,34,2
360,35,2
360,36,2
360,37,2
360,38,2
361,1,2
361,2,2
361,3,2
361,4,2
361,5,2
361,6,2
361,7,2
361,8,2
361,9,2
361,10,2
361,11,2
361,12,2
361,13,2
361,14,2
361,15,2
361,16,2
361,17,2
361,18,2
361,19,2
361,20,2
361,21,2
361,22,2
361,23,2
361,24,2
361,25,2
361,26,2
361,27,2
361,28,2
361,29,2
361,30,2
361,31,2
361,32,2
361,33,2
361,34,2
361,35,2
361,36,2
361,37,2
361,38,2
362,1,2
362,2,2
362,3,2
362,4,2
362,5,2
362,6,2
362,7,2
362,8,2
362,9,2
362,10,2
362,11,2
362,12,2
362,13,2
362,14,2
362,15,2
362,16,2
362,17,2
362,18,2
362,19,2
362,20,2
362,21,2
362,22,2
362,23,2
362,24,2
362,25,2
362,26,2
362,27,2
362,28,2
362,29,2
362,30,2
362,31,2
362,32,2
362,33,2
362,34,2
362,35,2
362,36,2
362,37,2
362,38,2
363,1,2
363,2,2
363,3,2
363,4,2
363,5,2
363,6,2
363,7,2
363,8,2
363,9,2
363,10,2
363,11,2
363,12,2
363,13,2
363,14,2
363,15,2
363,16,2
363,17,2
363,18,2
363,19,2
363,20,2
363,21,2
363,22,2
363,23,2
363,24,2
363,25,2
363,26,2
363,27,2
363,28,2
363,29,2
363,30,2
363,31,2
363,32,2
363,33,2
363,34,2
363,35,2
363,36,2
363,37,2
363,38,2
364,1,2
364,2,2
364,3,2
364,4,2
364,5,2
364,6,2
364,7,2
364,8,2
364,9,2
364,10,2
364,11,2
364,12,2
364,13,2
364,14,2
364,15,2
364,16,2
364,17,2
364,18,2
364,19,2
364,20,2
364,21,2
364,22,2
364,23,2
364,24,2
364,25,2
364,26,2
364,27,2
364,28,2
364,29,2
364,30,2
364,31,2
364,32,2
364,33,2
364,34,2
364,35,2
364,36,2
364,37,2
364,38,2
365,1,2
365,2,2
365,3,2
365,4,2
365,5,2
365,6,2
365,7,2
365,8,2
365,9,2
365,10,2
365,11,2
365,12,2
365,13,2
365,14,2
365,15,2
365,16,2
365,17,2
365,18,2
365,19,2
365,20,2
365,21,2
365,22,2
365,23,2
365,24,2
365,25,2
365,26,2
365,27,2
365,28,2
365,29,2
365,30,2
365,31,2
365,32,2
365,33,2
365,34,2
365,35,2
365,36,2
365,37,2
365,38,2
366,1,14
366,2,14
366,3,14
366,4,14
366,5,14
366,6,14
366,7,14
366,8,14
366,9,14
366,10,14
366,11,14
366,12,14
366,13,14
366,14,14
366,15,14
366,16,14
366,17,14
366,18,14
366,19,14
366,20,14
366,21,14
366,22,14
366,23,14
366,24,14
366,25,14
366,26,14
366,27,14
366,28,14
366,29,14
366,30,14
366,31,14
366,32,14
366,33,14
366,34,14
366,35,14
366,36,14
366,37,14
366,38,14
367,1,14
367,2,14
367,3,14
367,4,14
367,5,14
367,6,14
367,7,14
367,8,14
367,9,14
367,10,14
367,11,14
367,12,14
367,13,14
367,14,14
367,15,14
367,16,14
367,17,14
367,18,14
367,19,14
367,20,14
367,21,14
367,22,14
367,23,14
367,24,14
367,25,14
367,26,14
367,27,14
367,28,14
367,29,14
367,30,14
367,31,14
367,32,14
367,33,14
367,34,14
367,35,14
367,36,14
367,37,14
367,38,14
368,1,14
368,2,14
368,3,14
368,4,14
368,5,14
368,6,14
368,7,14
368,8,14
368,9,14
368,10,14
368,11,14
368,12,14
368,13,14
368,14,14
368,15,14
368,16,14
368,17,14
368,18,14
368,19,14
368,20,14
368,21,14
368,22,14
368,23,14
368,24,14
368,25,14
368,26,14
368,27,14
368,28,14
368,29,14
368,30,14
368,31,14
368,32,14
368,33,14
368,34,14
368,35,14
368,36,14
368,37,14
368,38,14
369,1,14
369,2,14
369,3,14
369,4,14
369,5,14
369,6,14
369,7,14
369,8,14
369,9,14
369,10,14
369,11,14
369,12,14
369,13,14
369,14,14
369,15,14
369,16,14
369,17,14
369,18,14
369,19,14
369,20,14
369,21,14
369,22,14
369,23,14
369,24,14
369,25,14
369,26,14
369,27,14
369,28,14
369,29,14
369,30,14
369,31,14
369,32,14
369,33,14
369,34,14
369,35,14
369,36,14
369,37,14
369,38,14
370,1,14
370,2,14
370,3,14
370,4,14
370,5,14
370,6,14
370,7,14
370,8,14
370,9,14
370,10,14
370,11,14
370,12,14
370,13,14
370,14,14
370,15,14
370,16,14
370,17,14
370,18,14
370,19,14
370,20,14
370,21,14
370,22,14
370,23,14
370,24,14
370,25,14
370,26,14
370,27,14
370,28,14
370,29,14
370,30,14
370,31,14
370,32,14
370,33,14
370,34,14
370,35,14
370,36,14
370,37,14
370,38,14
371,1,14
371,2,14
371,3,14
371,4,14
371,5,14
371,6,14
371,7,14
371,8,14
371,9,14
371,10,14
371,11,14
371,12,14
371,13,14
371,14,14
371,15,14
371,16,14
371,17,14
371,18,14
371,19,14
371,20,14
371,21,14
371,22,14
371,23,14
371,24,14
371,25,14
371,26,14
371,27,14
371,28,14
371,29,14
371,30,14
371,31,14
371,32,14
371,33,14
371,34,14
371,35,14
371,36,14
371,37,14
371,38,14
372,1,14
372,2,14
372,3,14
372,4,14
372,5,14
372,6,14
372,7,14
372,8,14
372,9,14
372,10,14
372,11,14
372,12,14
372,13,14
372,14,14
372,15,14
372,16,14
372,17,14
372,18,14
372,19,14
372,20,14
372,21,14
372,22,14
372,23,14
372,24,14
372,25,14
372,26,14
372,27,14
372,28,14
372,29,14
372,30,14
372,31,14
372,32,14
372,33,14
372,34,14
372,35,14
372,36,14
372,37,14
372,38,14
373,1,14
373,2,14
373,3,14
373,4,14
373,5,14
373,6,14
373,7,14
373,8,14
373,9,14
373,10,14
373,11,14
373,12,14
373,13,14
373,14,14
373,15,14
373,16,14
373,17,14
373,18,14
373,19,14
373,20,14
373,21,14
373,22,14
373,23,14
373,24,14
373,25,14
373,26,14
373,27,14
373,28,14
373,29,14
373,30,14
373,31,14
373,32,14
373,33,14
373,34,14
373,35,14
373,36,14
373,37,14
373,38,14
374,1,14
374,2,14
374,3,14
374,4,14
374,5,14
374,6,14
374,7,14
374,8,14
374,9,14
374,10,14
374,11,14
374,12,14
374,13,14
374,14,14
374,15,14
374,16,14
374,17,14
374,18,14
374,19,14
374,20,14
374,21,14
374,22,14
374,23,14
374,24,14
374,25,14
374,26,14
374,27,14
374,28,14
374,29,14
374,30,14
374,31,14
374,32,14
374,33,14
374,34,14
374,35,14
374,36,14
374,37,14
374,38,14
375,1,14
375,2,14
375,3,14
375,4,14
375,5,14
375,6,14
375,7,14
375,8,14
375,9,14
375,10,14
375,11,14
375,12,14
375,13,14
375,14,14
375,15,14
375,16,14
375,17,14
375,18,14
375,19,14
375,20,14
375,21,14
375,22,14
375,23,14
375,24,14
375,25,14
375,26,14
375,27,14
375,28,14
375,29,14
375,30,14
375,31,14
375,32,14
375,33,14
375,34,14
375,35,14
375,36,14
375,37,14
375,38,14
376,1,14
376,2,14
376,3,14
376,4,14
376,5,14
376,6,14
376,7,14
376,8,14
376,9,14
376,10,14
376,11,14
376,12,14
376,13,14
376,14,14
376,15,14
376,16,14
376,17,14
376,18,14
376,19,14
376,20,14
376,21,14
376,22,14
376,23,14
376,24,14
376,25,14
376,26,14
376,27,14
376,28,14
376,29,14
376,30,14
376,31,14
376,32,14
376,33,14
376,34,14
376,35,14
376,36,14
376,37,14
376,38,14
377,1,14
377,2,14
377,3,14
377,4,14
377,5,14
377,6,14
377,7,14
377,8,14
377,9,14
377,10,14
377,11,14
377,12,14
377,13,14
377,14,14
377,15,14
377,16,14
377,17,14
377,18,14
377,19,14
377,20,14
377,21,14
377,22,14
377,23,14
377,24,14
377,25,14
377,26,14
377,27,14
377,28,14
377,29,14
377,30,14
377,31,14
377,32,14
377,33,14
377,34,14
377,35,14
377,36,14
377,37,14
377,38,14
378,1,14
378,2,14
378,3,14
378,4,14
378,5,14
378,6,14
378,7,14
378,8,14
378,9,14
378,10,14
378,11,14
378,12,14
378,13,14
378,14,14
378,15,14
378,16,14
378,17,14
378,18,14
378,19,14
378,20,14
378,21,14
378,22,14
378,23,14
378,24,14
378,25,14
378,26,14
378,27,14
378,28,14
378,29,14
378,30,14
378,31,14
378,32,14
378,33,14
378,34,14
378,35,14
378,36,14
378,37,14
378,38,14
379,1,14
379,2,14
379,3,14
379,4,14
379,5,14
379,6,14
379,7,14
379,8,14
379,9,14
379,10,14
379,11,14
379,12,14
379,13,14
379,14,14
379,15,14
379,16,14
379,17,14
379,18,14
379,19,14
379,20,14
379,21,14
379,22,14
379,23,14
379,24,14
379,25,14
379,26,14
379,27,14
379,28,14
379,29,14
379,30,14
379,31,14
379,32,14
379,33,14
379,34,14
379,35,14
379,36,14
379,37,14
379,38,14
380,1,14
380,2,14
380,3,14
380,4,14
380,5,14
380,6,14
380,7,14
380,8,14
380,9,14
380,10,14
380,11,14
380,12,14
380,13,14
380,14,14
380,15,14
380,16,14
380,17,14
380,18,14
380,19,14
380,20,14
380,21,14
380,22,14
380,23,14
380,24,14
380,25,14
380,26,14
380,27,14
380,28,14
380,29,14
380,30,14
380,31,14
380,32,14
380,33,14
380,34,14
380,35,14
380,36,14
380,37,14
380,38,14
381,1,14
381,2,14
381,3,14
381,4,14
381,5,14
381,6,14
381,7,14
381,8,14
381,9,14
381,10,14
381,11,14
381,12,14
381,13,14
381,14,14
381,15,14
381,16,14
381,17,14
381,18,14
381,19,14
381,20,14
381,21,14
381,22,14
381,23,14
381,24,14
381,25,14
381,26,14
381,27,14
381,28,14
381,29,14
381,30,14
381,31,14
381,32,14
381,33,14
381,34,14
381,35,14
381,36,14
381,37,14
381,38,14
382,1,14
382,2,14
382,3,14
382,4,14
382,5,14
382,6,14
382,7,14
382,8,14
382,9,14
382,10,14
382,11,14
382,12,14
382,13,14
382,14,14
382,15,14
382,16,14
382,17,14
382,18,14
382,19,14
382,20,14
382,21,14
382,22,14
382,23,14
382,24,14
382,25,14
382,26,14
382,27,14
382,28,14
382,29,14
382,30,14
382,31,14
382,32,14
382,33,14
382,34,14
382,35,14
382,36,14
382,37,14
382,38,14
383,1,14
383,2,14
383,3,14
383,4,14
383,5,14
383,6,14
383,7,14
383,8,14
383,9,14
383,10,14
383,11,14
383,12,14
383,13,14
383,14,14
383,15,14
383,16,14
383,17,14
383,18,14
383,19,14
383,20,14
383,21,14
383,22,14
383,23,14
383,24,14
383,25,14
383,26,14
383,27,14
383,28,14
383,29,14
383,30,14
383,31,14
383,32,14
383,33,14
383,34,14
383,35,14
383,36,14
383,37,14
383,38,14
384,1,14
384,2,14
384,3,14
384,4,14
384,5,14
384,6,14
384,7,14
384,8,14
384,9,14
384,10,14
384,11,14
384,12,14
384,13,14
384,14,14
384,15,14
384,16,14
384,17,14
384,18,14
384,19,14
384,20,14
384,21,14
384,22,14
384,23,14
384,24,14
384,25,14
384,26,14
384,27,14
384,28,14
384,29,14
384,30,14
384,31,14
384,32,14
384,33,14
384,34,14
384,35,14
384,36,14
384,37,14
384,38,14
385,1,14
385,2,14
385,3,14
385,4,14
385,5,14
385,6,14
385,7,14
385,8,14
385,9,14
385,10,14
385,11,14
385,12,14
385,13,14
385,14,14
385,15,14
385,16,14
385,17,14
385,18,14
385,19,14
385,20,14
385,21,14
385,22,14
385,23,14
385,24,14
385,25,14
385,26,14
385,27,14
385,28,14
385,29,14
385,30,14
385,31,14
385,32,14
385,33,14
385,34,14
385,35,14
385,36,14
385,37,14
385,38,14
386,1,14
386,2,14
386,3,14
386,4,14
386,5,14
386,6,14
386,7,14
386,8,14
386,9,14
386,10,14
386,11,14
386,12,14
386,13,14
386,14,14
386,15,14
386,16,14
386,17,14
386,18,14
386,19,14
386,20,14
386,21,14
386,22,14
386,23,14
386,24,14
386,25,14
386,26,14
386,27,14
386,28,14
386,29,14
386,30,14
386,31,14
386,32,14
386,33,14
386,34,14
386,35,14
386,36,14
386,37,14
386,38,14
387,1,14
387,2,14
387,3,14
387,4,14
387,5,14
387,6,14
387,7,14
387,8,14
387,9,14
387,10,14
387,11,14
387,12,14
387,13,14
387,14,14
387,15,14
387,16,14
387,17,14
387,18,14
387,19,14
387,20,14
387,21,14
387,22,14
387,23,14
387,24,14
387,25,14
387,26,14
387,27,14
387,28,14
387,29,14
387,30,14
387,31,14
387,32,14
387,33,14
387,34,14
387,35,14
387,36,14
387,37,14
387,38,14
388,1,14
388,2,14
388,3,14
388,4,14
388,5,14
388,6,14
388,7,14
388,8,14
388,9,14
388,10,14
388,11,14
388,12,14
388,13,14
388,14,14
388,15,14
388,16,14
388,17,14
388,18,14
388,19,14
388,20,14
388,21,14
388,22,14
388,23,14
388,24,14
388,25,14
388,26,14
388,27,14
388,28,14
388,29,14
388,30,14
388,31,14
388,32,14
388,33,14
388,34,14
388,35,14
388,36,14
388,37,14
388,38,14
389,1,14
389,2,14
389,3,14
389,4,7
389,5,7
389,6,7
389,7,7
389,8,7
389,9,7
389,10,7
389,11,7
389,12,7
389,13,7
389,14,7
389,15,7
389,16,7
389,17,7
389,18,7
389,19,7
389,20,7
389,21,7
389,22,7
389,23,7
389,24,7
389,25,7
389,26,7
389,27,7
389,28,7
389,29,7
389,30,7
389,31,7
389,32,7
389,33,7
389,34,7
389,35,7
389,36,7
389,37,7
389,38,7
390,1,14
390,2,14
390,3,14
390,4,14
390,5,14
390,6,14
390,7,14
390,8,14
390,9,14
390,10,14
390,11,14
390,12,14
390,13,14
390,14,14
390,15,14
390,16,14
390,17,14
390,18,14
390,19,14
390,20,14
390,21,14
390,22,14
390,23,14
390,24,14
390,25,14
390,26,14
390,27,14
390,28,14
390,29,14
390,30,14
390,31,14
390,32,14
390,33,14
390,34,14
390,35,14
390,36,14
390,37,14
390,38,14
391,1,14
391,2,91
391,3,91
391,4,91
391,5,91
391,6,91
391,7,91
391,8,91
391,9,91
391,10,91
391,11,91
391,12,91
391,13,91
391,14,91
391,15,91
391,16,91
391,17,91
391,18,91
391,19,91
391,20,91
391,21,91
391,22,91
391,23,91
391,24,91
391,25,91
391,26,91
391,27,91
391,28,91
391,29,91
391,30,91
391,31,91
391,32,91
391,33,91
391,34,91
391,35,91
391,36,91
391,37,91
391,38,91
392,1,14
392,2,14
392,3,14
392,4,14
392,5,14
392,6,14
392,7,14
392,8,14
392,9,14
392,10,14
392,11,14
392,12,14
392,13,14
392,14,14
392,15,14
392,16,14
392,17,14
392,18,14
392,19,14
392,20,14
392,21,14
392,22,14
392,23,14
392,24,14
392,25,14
392,26,14
392,27,14
392,28,14
392,29,14
392,30,14
392,31,14
392,32,14
392,33,14
392,34,14
392,35,14
392,36,14
392,37,14
392,38,14
393,1,14
393,2,14
393,3,14
393,4,14
393,5,14
393,6,14
393,7,14
393,8,14
393,9,14
393,10,14
393,11,14
393,12,14
393,13,14
393,14,14
393,15,14
393,16,14
393,17,14
393,18,14
393,19,14
393,20,14
393,21,14
393,22,14
393,23,14
393,24,14
393,25,14
393,26,14
393,27,14
393,28,14
393,29,14
393,30,14
393,31,14
393,32,14
393,33,14
393,34,14
393,35,14
393,36,14
393,37,14
393,38,14
394,1,14
394,2,14
394,3,14
394,4,14
394,5,14
394,6,14
394,7,14
394,8,14
394,9,14
394,10,14
394,11,14
394,12,14
394,13,14
394,14,14
394,15,14
394,16,14
394,17,14
394,18,14
394,19,14
394,20,14
394,21,14
394,22,14
394,23,14
394,24,14
394,25,14
394,26,14
394,27,14
394,28,14
394,29,14
394,30,14
394,31,14
394,32,14
394,33,14
394,34,14
394,35,14
394,36,14
394,37,14
394,38,14
395,1,14
395,2,14
395,3,14
395,4,14
395,5,14
395,6,14
395,7,14
395,8,14
395,9,14
395,10,14
395,11,14
395,12,14
395,13,14
395,14,14
395,15,14
395,16,14
395,17,14
395,18,14
395,19,14
395,20,14
395,21,14
395,22,14
395,23,14
395,24,14
395,25,14
395,26,14
395,27,14
395,28,14
395,29,14
395,30,14
395,31,14
395,32,14
395,33,14
395,34,14
395,35,14
395,36,14
395,37,14
395,38,14
396,1,14
396,2,14
396,3,14
396,4,14
396,5,14
396,6,14
396,7,14
396,8,14
396,9,14
396,10,14
396,11,14
396,12,14
396,13,14
396,14,14
396,15,14
396,16,14
396,17,14
396,18,14
396,19,14
396,20,14
396,21,14
396,22,14
396,23,14
396,24,14
396,25,14
396,26,14
396,27,14
396,28,14
396,29,14
396,30,14
396,31,14
396,32,14
396,33,14
396,34,14
396,35,14
396,36,14
396,37,14
396,38,14
397,1,14
397,2,14
397,3,14
397,4,14
397,5,14
397,6,14
397,7,14
397,8,14
397,9,14
397,10,14
397,11,14
397,12,14
397,13,14
397,14,14
397,15,14
397,16,14
397,17,14
397,18,14
397,19,14
397,20,14
397,21,14
397,22,14
397,23,14
397,24,14
397,25,14
397,26,14
397,27,14
397,28,14
397,29,14
397,30,14
397,31,14
397,32,14
397,33,14
397,34,14
397,35,14
397,36,14
397,37,14
397,38,14
398,1,14
398,2,14
398,3,14
398,4,14
398,5,14
398,6,14
398,7,14
398,8,14
398,9,14
398,10,14
398,11,14
398,12,14
398,13,14
398,14,14
398,15,14
398,16,14
398,17,14
398,18,14
398,19,14
398,20,14
398,21,14
398,22,14
398,23,14
398,24,14
398,25,14
398,26,14
398,27,14
398,28,14
398,29,14
398,30,14
398,31,14
398,32,14
398,33,14
398,34,14
398,35,14
398,36,14
398,37,14
398,38,14
399,1,43
399,2,43
399,3,43
399,4,43
399,5,43
399,6,43
399,7,43
399,8,43
399,9,43
399,10,43
399,11,43
399,12,43
399,13,43
399,14,43
399,15,43
399,16,43
399,17,43
399,18,43
399,19,43
399,20,43
399,21,43
399,22,43
399,23,43
399,24,43
399,25,43
399,26,43
399,27,43
399,28,43
399,29,43
399,30,43
399,31,43
399,32,43
399,33,43
399,34,43
399,35,43
399,36,43
399,37,43
399,38,43
400,1,43
400,2,43
400,3,43
400,4,43
400,5,43
400,6,43
400,7,43
400,8,43
400,9,43
400,10,43
400,11,43
400,12,43
400,13,43
400,14,43
400,15,43
400,16,43
400,17,43
400,18,43
400,19,43
400,20,43
400,21,43
400,22,43
400,23,43
400,24,43
400,25,17
400,26,17
400,27,17
400,28,17
400,29,17
400,30,17
400,31,17
400,32,17
400,33,17
400,34,17
400,35,17
400,36,17
400,37,17
400,38,17
401,1,43
401,2,43
401,3,43
401,4,43
401,5,43
401,6,43
401,7,43
401,8,43
401,9,43
401,10,43
401,11,43
401,12,43
401,13,43
401,14,43
401,15,43
401,16,43
401,17,43
401,18,43
401,19,43
401,20,43
401,21,43
401,22,43
401,23,43
401,24,43
401,25,43
401,26,43
401,27,43
401,28,43
401,29,43
401,30,43
401,31,43
401,32,43
401,33,43
401,34,43
401,35,43
401,36,43
401,37,43
401,38,43
402,1,43
402,2,43
402,3,43
402,4,43
402,5,43
402,6,43
402,7,43
402,8,43
402,9,43
402,10,43
402,11,43
402,12,43
402,13,43
402,14,43
402,15,43
402,16,43
402,17,43
402,18,43
402,19,43
402,20,43
402,21,43
402,22,43
402,23,43
402,24,43
402,25,43
402,26,43
402,27,43
402,28,43
402,29,43
402,30,43
402,31,43
402,32,43
402,33,43
402,34,43
402,35,43
402,36,43
402,37,43
402,38,43
403,1,43
403,2,43
403,3,43
403,4,43
403,5,43
403,6,43
403,7,43
403,8,43
403,9,43
403,10,43
403,11,43
403,12,43
403,13,43
403,14,43
403,15,43
403,16,43
403,17,43
403,18,43
403,19,43
403,20,43
403,21,43
403,22,43
403,23,43
403,24,43
403,25,43
403,26,43
403,27,43
403,28,43
403,29,43
403,30,43
403,31,43
403,32,43
403,33,43
403,34,43
403,35,43
403,36,43
403,37,43
403,38,43
404,1,43
404,2,43
404,3,43
404,4,43
404,5,43
404,6,43
404,7,43
404,8,43
404,9,43
404,10,43
404,11,43
404,12,43
404,13,43
404,14,43
404,15,43
404,16,43
404,17,43
404,18,43
404,19,43
404,20,43
404,21,43
404,22,43
404,23,43
404,24,43
404,25,43
404,26,43
404,27,43
404,28,43
404,29,43
404,30,43
404,31,43
404,32,43
404,33,43
404,34,43
404,35,43
404,36,43
404,37,43
404,38,43
405,1,43
405,2,43
405,3,43
405,4,43
405,5,43
405,6,43
405,7,43
405,8,43
405,9,43
405,10,43
405,11,43
405,12,43
405,13,43
405,14,43
405,15,43
405,16,43
405,17,43
405,18,43
405,19,43
405,20,43
405,21,43
405,22,43
405,23,43
405,24,43
405,25,43
405,26,43
405,27,43
405,28,43
405,29,43
405,30,43
405,31,43
405,32,43
405,33,43
405,34,43
405,35,43
405,36,43
405,37,43
405,38,43
406,1,43
406,2,43
406,3,43
406,4,43
406,5,43
406,6,43
406,7,43
406,8,43
406,9,43
406,10,43
406,11,43
406,12,43
406,13,43
406,14,43
406,15,43
406,16,43
406,17,43
406,18,43
406,19,43
406,20,43
406,21,43
406,22,43
406,23,43
406,24,43
406,25,43
406,26,43
406,27,43
406,28,43
406,29,43
406,30,43
406,31,43
406,32,43
406,33,43
406,34,43
406,35,43
406,36,43
406,37,43
406,38,43
407,1,43
407,2,43
407,3,43
407,4,43
407,5,43
407,6,43
407,7,43
407,8,43
407,9,43
407,10,43
407,11,43
407,12,43
407,13,43
407,14,43
407,15,43
407,16,43
407,17,43
407,18,43
407,19,43
407,20,43
407,21,43
407,22,43
407,23,43
407,24,43
407,25,43
407,26,43
407,27,43
407,28,43
407,29,43
407,30,43
407,31,43
407,32,43
407,33,43
407,34,43
407,35,43
407,36,43
407,37,43
407,38,43
408,1,43
408,2,43
408,3,43
408,4,43
408,5,43
408,6,43
408,7,43
408,8,43
408,9,43
408,10,43
408,11,43
408,12,43
408,13,43
408,14,43
408,15,43
408,16,43
408,17,43
408,18,43
408,19,43
408,20,43
408,21,43
408,22,43
408,23,43
408,24,43
408,25,43
408,26,43
408,27,43
408,28,43
408,29,43
408,30,43
408,31,43
408,32,43
408,33,43
408,34,43
408,35,43
408,36,43
408,37,43
408,38,43
409,1,43
409,2,43
409,3,43
409,4,43
409,5,43
409,6,43
409,7,43
409,8,43
409,9,43
409,10,43
409,11,43
409,12,43
409,13,43
409,14,43
409,15,43
409,16,43
409,17,43
409,18,43
409,19,43
409,20,43
409,21,43
409,22,43
409,23,43
409,24,43
409,25,43
409,26,43
409,27,43
409,28,43
409,29,43
409,30,43
409,31,43
409,32,43
409,33,43
409,34,43
409,35,43
409,36,43
409,37,43
409,38,43
410,1,43
410,2,43
410,3,43
410,4,43
410,5,43
410,6,43
410,7,43
410,8,43
410,9,43
410,10,43
410,11,43
410,12,43
410,13,43
410,14,43
410,15,43
410,16,43
410,17,43
410,18,43
410,19,43
410,20,43
410,21,43
410,22,43
410,23,43
410,24,43
410,25,43
410,26,43
410,27,43
410,28,43
410,29,43
410,30,43
410,31,43
410,32,43
410,33,43
410,34,43
410,35,43
410,36,43
410,37,43
410,38,43
411,1,43
411,2,43
411,3,43
411,4,43
411,5,43
411,6,43
411,7,43
411,8,43
411,9,43
411,10,43
411,11,43
411,12,43
411,13,43
411,14,43
411,15,43
411,16,43
411,17,43
411,18,43
411,19,43
411,20,43
411,21,43
411,22,43
411,23,43
411,24,43
411,25,43
411,26,43
411,27,43
411,28,43
411,29,43
411,30,43
411,31,43
411,32,43
411,33,43
411,34,43
411,35,43
411,36,43
411,37,43
411,38,43
412,1,43
412,2,43
412,3,43
412,4,43
412,5,43
412,6,43
412,7,43
412,8,43
412,9,43
412,10,43
412,11,43
412,12,43
412,13,43
412,14,43
412,15,43
412,16,43
412,17,43
412,18,43
412,19,43
412,20,43
412,21,43
412,22,43
412,23,43
412,24,43
412,25,43
412,26,43
412,27,43
412,28,43
412,29,43
412,30,43
412,31,43
412,32,43
412,33,43
412,34,43
412,35,43
412,36,43
412,37,43
412,38,43
413,1,43
413,2,43
413,3,43
413,4,43
413,5,43
413,6,43
413,7,43
413,8,43
413,9,43
413,10,43
413,11,43
413,12,43
413,13,43
413,14,43
413,15,43
413,16,43
413,17,43
413,18,43
413,19,43
413,20,43
413,21,43
413,22,43
413,23,43
413,24,43
413,25,43
413,26,43
413,27,43
413,28,43
413,29,43
413,30,43
413,31,43
413,32,43
413,33,43
413,34,43
413,35,43
413,36,43
413,37,43
413,38,43
414,1,43
414,2,43
414,3,43
414,4,43
414,5,43
414,6,43
414,7,43
414,8,43
414,9,43
414,10,43
414,11,43
414,12,43
414,13,43
414,14,43
414,15,43
414,16,43
414,17,43
414,18,43
414,19,43
414,20,43
414,21,43
414,22,43
414,23,43
414,24,43
414,25,43
414,26,43
414,27,43
414,28,43
414,29,43
414,30,43
414,31,43
414,32,43
414,33,43
414,34,43
414,35,43
414,36,43
414,37,43
414,38,43
415,1,43
415,2,43
415,3,43
415,4,43
415,5,43
415,6,43
415,7,43
415,8,43
415,9,43
415,10,43
415,11,43
415,12,43
415,13,43
415,14,43
415,15,43
415,16,43
415,17,43
415,18,43
415,19,43
415,20,43
415,21,43
415,22,43
415,23,43
415,24,43
415,25,43
415,26,43
415,27,43
415,28,43
415,29,43
415,30,43
415,31,43
415,32,43
415,33,43
415,34,43
415,35,43
415,36,43
415,37,43
415,38,43
416,1,43
416,2,43
416,3,43
416,4,43
416,5,43
416,6,43
416,7,43
416,8,43
416,9,43
416,10,43
416,11,43
416,12,43
416,13,43
416,14,43
416,15,43
416,16,43
416,17,43
416,18,43
416,19,43
416,20,43
416,21,43
416,22,43
416,23,43
416,24,43
416,25,43
416,26,43
416,27,43
416,28,43
416,29,43
416,30,43
416,31,43
416,32,43
416,33,43
416,34,43
416,35,43
416,36,43
416,37,43
416,38,43
417,1,43
417,2,43
417,3,43
417,4,43
417,5,43
417,6,43
417,7,43
417,8,43
417,9,43
417,10,43
417,11,43
417,12,43
417,13,43
417,14,43
417,15,43
417,16,43
417,17,43
417,18,43
417,19,43
417,20,43
417,21,43
417,22,43
417,23,43
417,24,43
417,25,43
417,26,43
417,27,43
417,28,43
417,29,43
417,30,43
417,31,43
417,32,43
417,33,43
417,34,43
417,35,43
417,36,43
417,37,43
417,38,43
418,1,43
418,2,43
418,3,43
418,4,43
418,5,43
418,6,43
418,7,43
418,8,43
418,9,43
418,10,43
418,11,43
418,12,43
418,13,43
418,14,43
418,15,43
418,16,43
418,17,43
418,18,43
418,19,43
418,20,43
418,21,43
418,22,43
418,23,43
418,24,43
418,25,43
418,26,43
418,27,43
418,28,43
418,29,43
418,30,43
418,31,43
418,32,43
418,33,43
418,34,43
418,35,43
418,36,43
418,37,43
418,38,43
419,1,11
419,2,11
419,3,11
419,4,11
419,5,11
419,6,11
419,7,11
419,8,11
419,9,11
419,10,11
419,11,11
419,12,11
419,13,11
419,14,11
419,15,11
419,16,11
419,17,11
419,18,11
419,19,11
419,20,11
419,21,11
419,22,11
419,23,11
419,24,11
419,25,11
419,26,11
419,27,11
419,28,11
419,29,11
419,30,11
419,31,11
419,32,11
419,33,11
419,34,11
419,35,11
419,36,11
419,37,11
419,38,11
420,1,43
420,2,43
420,3,43
420,4,43
420,5,43
420,6,43
420,7,43
420,8,43
420,9,43
420,10,43
420,11,43
420,12,43
420,13,43
420,14,43
420,15,43
420,16,43
420,17,43
420,18,43
420,19,43
420,20,43
420,21,43
420,22,43
420,23,43
420,24,43
420,25,43
420,26,43
420,27,43
420,28,43
420,29,43
420,30,43
420,31,43
420,32,43
420,33,43
420,34,43
420,35,43
420,36,43
420,37,43
420,38,43
421,1,43
421,2,43
421,3,43
421,4,43
421,5,43
421,6,43
421,7,43
421,8,43
421,9,43
421,10,43
421,11,43
421,12,43
421,13,43
421,14,43
421,15,43
421,16,43
421,17,43
421,18,43
421,19,43
421,20,43
421,21,43
421,22,43
421,23,43
421,24,43
421,25,43
421,26,43
421,27,43
421,28,43
421,29,43
421,30,43
421,31,43
421,32,43
421,33,43
421,34,43
421,35,43
421,36,43
421,37,43
421,38,43
422,1,43
422,2,43
422,3,43
422,4,43
422,5,43
422,6,43
422,7,43
422,8,43
422,9,43
422,10,43
422,11,43
422,12,43
422,13,43
422,14,43
422,15,43
422,16,43
422,17,43
422,18,43
422,19,43
422,20,43
422,21,43
422,22,43
422,23,43
422,24,43
422,25,43
422,26,43
422,27,43
422,28,43
422,29,43
422,30,43
422,31,43
422,32,43
422,33,43
422,34,43
422,35,43
422,36,43
422,37,43
422,38,43
423,1,43
423,2,43
423,3,43
423,4,43
423,5,43
423,6,43
423,7,43
423,8,43
423,9,43
423,10,43
423,11,43
423,12,43
423,13,43
423,14,43
423,15,43
423,16,43
423,17,43
423,18,43
423,19,43
423,20,43
423,21,43
423,22,43
423,23,43
423,24,43
423,25,43
423,26,43
423,27,43
423,28,43
423,29,43
423,30,43
423,31,43
423,32,43
423,33,43
423,34,43
423,35,43
423,36,43
423,37,43
423,38,43
424,1,43
424,2,43
424,3,43
424,4,43
424,5,43
424,6,43
424,7,43
424,8,43
424,9,43
424,10,43
424,11,43
424,12,43
424,13,43
424,14,43
424,15,43
424,16,43
424,17,43
424,18,43
424,19,43
424,20,43
424,21,43
424,22,43
424,23,43
424,24,54
424,25,54
424,26,54
424,27,54
424,28,54
424,29,54
424,30,54
424,31,54
424,32,54
424,33,54
424,34,54
424,35,54
424,36,54
424,37,54
424,38,54
425,1,43
425,2,43
425,3,43
425,4,43
425,5,43
425,6,43
425,7,43
425,8,43
425,9,43
425,10,43
425,11,43
425,12,43
425,13,43
425,14,43
425,15,43
425,16,43
425,17,43
425,18,43
425,19,43
425,20,43
425,21,43
425,22,43
425,23,43
425,24,43
425,25,43
425,26,43
425,27,43
425,28,43
425,29,43
425,30,43
425,31,43
425,32,43
425,33,43
425,34,43
425,35,43
425,36,43
425,37,43
425,38,43
426,1,43
426,2,17
426,3,17
426,4,17
426,5,17
426,6,17
426,7,17
426,8,17
426,9,17
426,10,17
426,11,17
426,12,17
426,13,17
426,14,17
426,15,17
426,16,17
426,17,17
426,18,17
426,19,17
426,20,17
426,21,17
426,22,17
426,23,17
426,24,17
426,25,17
426,26,17
426,27,17
426,28,17
426,29,17
426,30,17
426,31,17
426,32,17
426,33,17
426,34,17
426,35,17
426,36,17
426,37,17
426,38,17
427,1,43
427,2,43
427,3,43
427,4,43
427,5,43
427,6,43
427,7,43
427,8,43
427,9,43
427,10,43
427,11,43
427,12,43
427,13,43
427,14,43
427,15,43
427,16,43
427,17,43
427,18,43
427,19,43
427,20,43
427,21,43
427,22,43
427,23,43
427,24,43
427,25,43
427,26,43
427,27,43
427,28,43
427,29,43
427,30,43
427,31,43
427,32,43
427,33,43
427,34,43
427,35,43
427,36,43
427,37,43
427,38,43
428,1,43
428,2,43
428,3,43
428,4,43
428,5,43
428,6,43
428,7,43
428,8,43
428,9,43
428,10,43
428,11,43
428,12,43
428,13,43
428,14,43
428,15,43
428,16,43
428,17,43
428,18,43
428,19,43
428,20,43
428,21,43
428,22,43
428,23,43
428,24,43
428,25,43
428,26,43
428,27,43
428,28,43
428,29,43
428,30,43
428,31,43
428,32,43
428,33,43
428,34,43
428,35,43
428,36,43
428,37,43
428,38,43
429,1,43
429,2,43
429,3,43
429,4,43
429,5,43
429,6,43
429,7,43
429,8,43
429,9,43
429,10,43
429,11,43
429,12,43
429,13,43
429,14,43
429,15,43
429,16,43
429,17,43
429,18,43
429,19,43
429,20,43
429,21,43
429,22,43
429,23,43
429,24,43
429,25,43
429,26,43
429,27,43
429,28,43
429,29,43
429,30,43
429,31,43
429,32,43
429,33,43
429,34,43
429,35,43
429,36,43
429,37,43
429,38,43
430,1,43
430,2,43
430,3,43
430,4,43
430,5,43
430,6,43
430,7,43
430,8,43
430,9,43
430,10,43
430,11,43
430,12,43
430,13,43
430,14,43
430,15,43
430,16,43
430,17,43
430,18,43
430,19,43
430,20,43
430,21,43
430,22,43
430,23,43
430,24,43
430,25,43
430,26,43
430,27,43
430,28,43
430,29,43
430,30,43
430,31,43
430,32,43
430,33,43
430,34,43
430,35,43
430,36,43
430,37,43
430,38,43
431,1,1
431,2,1
431,3,1
431,4,1
431,5,1
431,6,1
431,7,1
431,8,1
431,9,1
431,10,1
431,11,1
431,12,1
431,13,1
431,14,1
431,15,1
431,16,1
431,17,1
431,18,1
431,19,1
431,20,1
431,21,1
431,22,1
431,23,1
431,24,1
431,25,1
431,26,1
431,27,1
431,28,1
431,29,1
431,30,1
431,31,1
431,32,1
431,33,1
431,34,1
431,35,1
431,36,1
431,37,1
431,38,1
432,1,1
432,2,1
432,3,1
432,4,1
432,5,1
432,6,1
432,7,1
432,8,1
432,9,1
432,10,1
432,11,1
432,12,1
432,13,1
432,14,1
432,15,1
432,16,1
432,17,1
432,18,1
432,19,1
432,20,1
432,21,1
432,22,1
432,23,1
432,24,1
432,25,1
432,26,1
432,27,1
432,28,1
432,29,1
432,30,1
432,31,1
432,32,1
432,33,1
432,34,1
432,35,1
432,36,1
432,37,1
432,38,1
433,1,1
433,2,1
433,3,1
433,4,1
433,5,1
433,6,1
433,7,1
433,8,1
433,9,1
433,10,1
433,11,1
433,12,1
433,13,1
433,14,1
433,15,1
433,16,1
433,17,1
433,18,1
433,19,1
433,20,1
433,21,1
433,22,1
433,23,1
433,24,1
433,25,1
433,26,1
433,27,1
433,28,1
433,29,1
433,30,1
433,31,1
433,32,1
433,33,1
433,34,1
433,35,1
433,36,1
433,37,1
433,38,1
434,1,1
434,2,1
434,3,1
434,4,1
434,5,1
434,6,1
434,7,1
434,8,1
434,9,1
434,10,1
434,11,1
434,12,1
434,13,1
434,14,1
434,15,1
434,16,1
434,17,1
434,18,1
434,19,1
434,20,1
434,21,1
434,22,1
434,23,1
434,24,1
434,25,1
434,26,1
434,27,1
434,28,1
434,29,1
434,30,1
434,31,1
434,32,1
434,33,1
434,34,1
434,35,1
434,36,1
434,37,1
434,38,1
435,1,1
435,2,1
435,3,1
435,4,1
435,5,1
435,6,1
435,7,1
435,8,1
435,9,1
435,10,1
435,11,1
435,12,1
435,13,1
435,14,1
435,15,1
435,16,1
435,17,1
435,18,1
435,19,1
435,20,1
435,21,1
435,22,1
435,23,1
435,24,1
435,25,1
435,26,1
435,27,1
435,28,1
435,29,1
435,30,1
435,31,1
435,32,1
435,33,1
435,34,1
435,35,1
435,36,1
435,37,1
435,38,1
436,1,1
436,2,1
436,3,1
436,4,1
436,5,1
436,6,1
436,7,1
436,8,1
436,9,1
436,10,1
436,11,1
436,12,1
436,13,1
436,14,1
436,15,1
436,16,1
436,17,1
436,18,1
436,19,1
436,20,1
436,21,1
436,22,1
436,23,1
436,24,1
436,25,1
436,26,1
436,27,1
436,28,1
436,29,1
436,30,1
436,31,1
436,32,1
436,33,1
436,34,1
436,35,1
436,36,1
436,37,1
436,38,1
437,1,1
437,2,1
437,3,1
437,4,1
437,5,1
437,6,1
437,7,1
437,8,1
437,9,1
437,10,1
437,11,1
437,12,1
437,13,1
437,14,1
437,15,1
437,16,1
437,17,1
437,18,1
437,19,1
437,20,1
437,21,1
437,22,1
437,23,1
437,24,1
437,25,1
437,26,1
437,27,1
437,28,1
437,29,1
437,30,1
437,31,1
437,32,1
437,33,1
437,34,1
437,35,1
437,36,1
437,37,1
437,38,1
438,1,1
438,2,1
438,3,1
438,4,1
438,5,1
438,6,1
438,7,1
438,8,1
438,9,1
438,10,1
438,11,1
438,12,1
438,13,1
438,14,1
438,15,1
438,16,1
438,17,1
438,18,1
438,19,1
438,20,1
438,21,1
438,22,1
438,23,1
438,24,1
438,25,1
438,26,1
438,27,1
438,28,1
438,29,1
438,30,1
438,31,1
438,32,1
438,33,1
438,34,1
438,35,1
438,36,1
438,37,1
438,38,1
439,1,1
439,2,1
439,3,1
439,4,1
439,5,1
439,6,1
439,7,1
439,8,1
439,9,1
439,10,1
439,11,1
439,12,1
439,13,1
439,14,1
439,15,1
439,16,1
439,17,1
439,18,1
439,19,1
439,20,1
439,21,1
439,22,1
439,23,1
439,24,1
439,25,1
439,26,1
439,27,1
439,28,1
439,29,1
439,30,1
439,31,1
439,32,1
439,33,1
439,34,1
439,35,1
439,36,1
439,37,1
439,38,1
440,1,1
440,2,1
440,3,1
440,4,1
440,5,1
440,6,1
440,7,1
440,8,1
440,9,1
440,10,1
440,11,1
440,12,1
440,13,1
440,14,1
440,15,1
440,16,1
440,17,1
440,18,1
440,19,1
440,20,1
440,21,1
440,22,1
440,23,1
440,24,1
440,25,1
440,26,1
440,27,1
440,28,1
440,29,1
440,30,1
440,31,1
440,32,1
440,33,1
440,34,1
440,35,1
440,36,1
440,37,1
440,38,1
441,1,1
441,2,1
441,3,1
441,4,1
441,5,1
441,6,1
441,7,1
441,8,1
441,9,1
441,10,1
441,11,1
441,12,1
441,13,1
441,14,1
441,15,1
441,16,1
441,17,1
441,18,1
441,19,1
441,20,1
441,21,1
441,22,1
441,23,1
441,24,1
441,25,1
441,26,1
441,27,1
441,28,1
441,29,1
441,30,1
441,31,1
441,32,1
441,33,1
441,34,1
441,35,1
441,36,1
441,37,1
441,38,1
442,1,1
442,2,1
442,3,1
442,4,1
442,5,1
442,6,1
442,7,1
442,8,1
442,9,1
442,10,1
442,11,1
442,12,1
442,13,1
442,14,1
442,15,1
442,16,1
442,17,1
442,18,1
442,19,1
442,20,1
442,21,1
442,22,1
442,23,1
442,24,1
442,25,1
442,26,1
442,27,1
442,28,1
442,29,1
442,30,1
442,31,1
442,32,1
442,33,1
442,34,1
442,35,1
442,36,1
442,37,1
442,38,1
443,1,1
443,2,1
443,3,1
443,4,1
443,5,1
443,6,1
443,7,1
443,8,1
443,9,1
443,10,1
443,11,1
443,12,1
443,13,1
443,14,1
443,15,1
443,16,1
443,17,1
443,18,1
443,19,1
443,20,1
443,21,1
443,22,1
443,23,1
443,24,1
443,25,1
443,26,1
443,27,1
443,28,1
443,29,1
443,30,1
443,31,1
443,32,1
443,33,1
443,34,1
443,35,1
443,36,1
443,37,1
443,38,1
444,1,1
444,2,1
444,3,1
444,4,1
444,5,1
444,6,1
444,7,1
444,8,1
444,9,1
444,10,1
444,11,1
444,12,1
444,13,1
444,14,1
444,15,1
444,16,1
444,17,1
444,18,1
444,19,1
444,20,1
444,21,1
444,22,1
444,23,1
444,24,1
444,25,1
444,26,1
444,27,1
444,28,1
444,29,1
444,30,1
444,31,1
444,32,1
444,33,1
444,34,1
444,35,1
444,36,1
444,37,1
444,38,1
445,1,1
445,2,1
445,3,1
445,4,1
445,5,1
445,6,1
445,7,1
445,8,1
445,9,1
445,10,1
445,11,1
445,12,1
445,13,1
445,14,1
445,15,1
445,16,1
445,17,1
445,18,1
445,19,1
445,20,1
445,21,1
445,22,1
445,23,1
445,24,1
445,25,1
445,26,1
445,27,1
445,28,1
445,29,1
445,30,1
445,31,1
445,32,1
445,33,1
445,34,1
445,35,1
445,36,1
445,37,1
445,38,1
446,1,1
446,2,1
446,3,1
446,4,1
446,5,1
446,6,1
446,7,1
446,8,1
446,9,1
446,10,1
446,11,1
446,12,1
446,13,1
446,14,1
446,15,1
446,16,1
446,17,1
446,18,1
446,19,1
446,20,1
446,21,1
446,22,1
446,23,1
446,24,1
446,25,1
446,26,1
446,27,1
446,28,1
446,29,1
446,30,1
446,31,1
446,32,1
446,33,1
446,34,1
446,35,1
446,36,1
446,37,1
446,38,1
447,1,1
447,2,1
447,3,1
447,4,1
447,5,1
447,6,1
447,7,1
447,8,1
447,9,1
447,10,1
447,11,1
447,12,1
447,13,1
447,14,1
447,15,1
447,16,1
447,17,1
447,18,1
447,19,1
447,20,1
447,21,1
447,22,1
447,23,1
447,24,1
447,25,1
447,26,1
447,27,1
447,28,1
447,29,1
447,30,1
447,31,1
447,32,1
447,33,1
447,34,1
447,35,1
447,36,1
447,37,1
447,38,1
448,1,1
448,2,1
448,3,1
448,4,1
448,5,1
448,6,1
448,7,1
448,8,1
448,9,1
448,10,1
448,11,1
448,12,1
448,13,1
448,14,1
448,15,1
448,16,1
448,17,1
448,18,1
448,19,1
448,20,1
448,21,1
448,22,1
448,23,1
448,24,1
448,25,1
448,26,1
448,27,1
448,28,1
448,29,1
448,30,1
448,31,1
448,32,1
448,33,1
448,34,1
448,35,1
448,36,1
448,37,1
448,38,1
449,1,1
449,2,1
449,3,1
449,4,1
449,5,1
449,6,1
449,7,1
449,8,1
449,9,1
449,10,1
449,11,1
449,12,1
449,13,1
449,14,1
449,15,1
449,16,1
449,17,1
449,18,1
449,19,1
449,20,1
449,21,1
449,22,1
449,23,1
449,24,1
449,25,1
449,26,1
449,27,1
449,28,1
449,29,1
449,30,1
449,31,1
449,32,1
449,33,1
449,34,1
449,35,1
449,36,1
449,37,1
449,38,1
450,1,1
450,2,1
450,3,1
450,4,1
450,5,1
450,6,1
450,7,1
450,8,1
450,9,1
450,10,1
450,11,1
450,12,1
450,13,1
450,14,1
450,15,1
450,16,1
450,17,1
450,18,1
450,19,1
450,20,1
450,21,1
450,22,1
450,23,1
450,24,1
450,25,1
450,26,1
450,27,1
450,28,1
450,29,1
450,30,1
450,31,1
450,32,1
450,33,1
450,34,1
450,35,1
450,36,1
450,37,1
450,38,1
451,1,1
451,2,1
451,3,1
451,4,1
451,5,1
451,6,1
451,7,1
451,8,1
451,9,1
451,10,1
451,11,1
451,12,1
451,13,1
451,14,1
451,15,1
451,16,1
451,17,1
451,18,1
451,19,1
451,20,1
451,21,1
451,22,1
451,23,1
451,24,1
451,25,1
451,26,1
451,27,1
451,28,1
451,29,1
451,30,1
451,31,1
451,32,1
451,33,1
451,34,1
451,35,1
451,36,1
451,37,1
451,38,1
452,1,1
452,2,1
452,3,1
452,4,1
452,5,1
452,6,1
452,7,1
452,8,1
452,9,1
452,10,1
452,11,1
452,12,1
452,13,1
452,14,1
452,15,1
452,16,1
452,17,1
452,18,1
452,19,1
452,20,1
452,21,1
452,22,1
452,23,1
452,24,1
452,25,1
452,26,1
452,27,1
452,28,1
452,29,1
452,30,1
452,31,1
452,32,1
452,33,1
452,34,1
452,35,1
452,36,1
452,37,1
452,38,1
453,1,1
453,2,1
453,3,1
453,4,8
453,5,8
453,6,8
453,7,8
453,8,8
453,9,8
453,10,8
453,11,8
453,12,8
453,13,8
453,14,8
453,15,8
453,16,8
453,17,8
453,18,8
453,19,8
453,20,8
453,21,8
453,22,8
453,23,8
453,24,8
453,25,8
453,26,8
453,27,8
453,28,8
453,29,8
453,30,8
453,31,8
453,32,8
453,33,8
453,34,8
453,35,8
453,36,8
453,37,8
453,38,8
454,1,1
454,2,1
454,3,1
454,4,1
454,5,1
454,6,1
454,7,1
454,8,1
454,9,1
454,10,1
454,11,1
454,12,1
454,13,1
454,14,1
454,15,1
454,16,1
454,17,1
454,18,1
454,19,1
454,20,1
454,21,1
454,22,1
454,23,1
454,24,1
454,25,1
454,26,1
454,27,1
454,28,1
454,29,1
454,30,1
454,31,1
454,32,1
454,33,1
454,34,1
454,35,1
454,36,1
454,37,1
454,38,1
455,1,1
455,2,1
455,3,1
455,4,1
455,5,1
455,6,1
455,7,1
455,8,1
455,9,1
455,10,1
455,11,1
455,12,1
455,13,1
455,14,1
455,15,1
455,16,1
455,17,1
455,18,1
455,19,1
455,20,1
455,21,1
455,22,1
455,23,1
455,24,1
455,25,1
455,26,1
455,27,1
455,28,1
455,29,1
455,30,1
455,31,1
455,32,1
455,33,1
455,34,1
455,35,1
455,36,1
455,37,1
455,38,1
456,1,1
456,2,1
456,3,1
456,4,7
456,5,7
456,6,7
456,7,7
456,8,7
456,9,7
456,10,7
456,11,7
456,12,7
456,13,7
456,14,7
456,15,7
456,16,7
456,17,7
456,18,7
456,19,7
456,20,7
456,21,7
456,22,7
456,23,7
456,24,7
456,25,7
456,26,7
456,27,7
456,28,7
456,29,7
456,30,7
456,31,7
456,32,7
456,33,7
456,34,7
456,35,7
456,36,7
456,37,7
456,38,7
457,1,1
457,2,1
457,3,1
457,4,1
457,5,1
457,6,1
457,7,1
457,8,1
457,9,1
457,10,1
457,11,1
457,12,1
457,13,1
457,14,1
457,15,1
457,16,1
457,17,1
457,18,1
457,19,1
457,20,1
457,21,1
457,22,1
457,23,1
457,24,1
457,25,1
457,26,1
457,27,1
457,28,1
457,29,1
457,30,1
457,31,1
457,32,1
457,33,1
457,34,1
457,35,1
457,36,1
457,37,1
457,38,1
458,1,1
458,2,1
458,3,1
458,4,1
458,5,1
458,6,1
458,7,1
458,8,1
458,9,1
458,10,1
458,11,1
458,12,1
458,13,1
458,14,1
458,15,1
458,16,1
458,17,1
458,18,1
458,19,1
458,20,1
458,21,1
458,22,1
458,23,1
458,24,1
458,25,1
458,26,1
458,27,1
458,28,1
458,29,1
458,30,1
458,31,1
458,32,1
458,33,1
458,34,1
458,35,1
458,36,1
458,37,1
458,38,1
459,1,1
459,2,1
459,3,1
459,4,1
459,5,1
459,6,1
459,7,1
459,8,1
459,9,1
459,10,1
459,11,1
459,12,1
459,13,1
459,14,1
459,15,1
459,16,1
459,17,1
459,18,1
459,19,1
459,20,1
459,21,1
459,22,1
459,23,1
459,24,1
459,25,1
459,26,1
459,27,1
459,28,1
459,29,1
459,30,1
459,31,1
459,32,1
459,33,1
459,34,1
459,35,1
459,36,1
459,37,1
459,38,1
460,1,1
460,2,1
460,3,1
460,4,1
460,5,1
460,6,1
460,7,1
460,8,1
460,9,1
460,10,1
460,11,1
460,12,1
460,13,1
460,14,1
460,15,1
460,16,1
460,17,1
460,18,1
460,19,1
460,20,1
460,21,1
460,22,1
460,23,1
460,24,1
460,25,1
460,26,1
460,27,1
460,28,1
460,29,1
460,30,1
460,31,1
460,32,1
460,33,1
460,34,1
460,35,1
460,36,1
460,37,1
460,38,1
461,1,1
461,2,1
461,3,1
461,4,1
461,5,1
461,6,1
461,7,1
461,8,1
461,9,1
461,10,1
461,11,1
461,12,1
461,13,1
461,14,1
461,15,1
461,16,1
461,17,1
461,18,1
461,19,1
461,20,1
461,21,1
461,22,1
461,23,1
461,24,1
461,25,1
461,26,1
461,27,1
461,28,1
461,29,1
461,30,1
461,31,1
461,32,1
461,33,1
461,34,1
461,35,1
461,36,1
461,37,1
461,38,1
462,1,1
462,2,1
462,3,1
462,4,1
462,5,1
462,6,1
462,7,1
462,8,1
462,9,1
462,10,1
462,11,1
462,12,1
462,13,1
462,14,1
462,15,1
462,16,1
462,17,1
462,18,1
462,19,1
462,20,1
462,21,1
462,22,1
462,23,1
462,24,1
462,25,1
462,26,1
462,27,1
462,28,1
462,29,1
462,30,1
462,31,1
462,32,1
462,33,1
462,34,1
462,35,1
462,36,1
462,37,1
462,38,1
463,1,1
463,2,1
463,3,1
463,4,1
463,5,1
463,6,1
463,7,1
463,8,1
463,9,1
463,10,1
463,11,1
463,12,1
463,13,1
463,14,1
463,15,1
463,16,1
463,17,1
463,18,1
463,19,1
463,20,1
463,21,1
463,22,1
463,23,1
463,24,1
463,25,1
463,26,1
463,27,1
463,28,1
463,29,1
463,30,1
463,31,1
463,32,1
463,33,1
463,34,1
463,35,1
463,36,1
463,37,1
463,38,1
464,1,1
464,2,1
464,3,1
464,4,1
464,5,1
464,6,1
464,7,1
464,8,1
464,9,1
464,10,1
464,11,1
464,12,1
464,13,1
464,14,1
464,15,1
464,16,1
464,17,1
464,18,1
464,19,1
464,20,1
464,21,1
464,22,1
464,23,1
464,24,1
464,25,1
464,26,1
464,27,1
464,28,1
464,29,1
464,30,1
464,31,1
464,32,1
464,33,1
464,34,1
464,35,1
464,36,1
464,37,1
464,38,1
465,1,1
465,2,1
465,3,1
465,4,1
465,5,1
465,6,1
465,7,1
465,8,1
465,9,1
465,10,1
465,11,1
465,12,1
465,13,1
465,14,1
465,15,1
465,16,1
465,17,1
465,18,1
465,19,1
465,20,1
465,21,1
465,22,1
465,23,1
465,24,1
465,25,1
465,26,1
465,27,1
465,28,1
465,29,1
465,30,1
465,31,1
465,32,1
465,33,1
465,34,1
465,35,1
465,36,1
465,37,1
465,38,1
466,1,1
466,2,1
466,3,1
466,4,1
466,5,1
466,6,1
466,7,1
466,8,1
466,9,1
466,10,1
466,11,1
466,12,1
466,13,1
466,14,1
466,15,1
466,16,1
466,17,1
466,18,1
466,19,1
466,20,1
466,21,1
466,22,1
466,23,1
466,24,1
466,25,1
466,26,1
466,27,1
466,28,1
466,29,1
466,30,1
466,31,1
466,32,1
466,33,1
466,34,1
466,35,1
466,36,1
466,37,1
466,38,1
467,1,1
467,2,1
467,3,1
467,4,1
467,5,1
467,6,1
467,7,1
467,8,1
467,9,1
467,10,1
467,11,1
467,12,1
467,13,1
467,14,1
467,15,1
467,16,1
467,17,1
467,18,1
467,19,1
467,20,1
467,21,1
467,22,1
467,23,1
467,24,1
467,25,1
467,26,1
467,27,1
467,28,1
467,29,1
467,30,1
467,31,1
467,32,1
467,33,1
467,34,1
467,35,1
467,36,1
467,37,1
467,38,1
468,1,1
468,2,1
468,3,1
468,4,1
468,5,1
468,6,1
468,7,1
468,8,1
468,9,1
468,10,1
468,11,1
468,12,1
468,13,1
468,14,1
468,15,1
468,16,1
468,17,1
468,18,1
468,19,1
468,20,1
468,21,1
468,22,1
468,23,1
468,24,1
468,25,1
468,26,1
468,27,1
468,28,1
468,29,1
468,30,1
468,31,1
468,32,1
468,33,1
468,34,1
468,35,1
468,36,1
468,37,1
468,38,1
469,1,4
469,2,4
469,3,4
469,4,4
469,5,4
469,6,4
469,7,4
469,8,4
469,9,4
469,10,4
469,11,4
469,12,4
469,13,4
469,14,4
469,15,4
469,16,4
469,17,4
469,18,4
469,19,4
469,20,4
469,21,4
469,22,4
469,23,4
469,24,4
469,25,4
469,26,4
469,27,4
469,28,4
469,29,4
469,30,4
469,31,4
469,32,4
469,33,4
469,34,4
469,35,4
469,36,4
469,37,4
469,38,4
470,1,90
470,2,90
470,3,90
470,4,90
470,5,90
470,6,90
470,7,90
470,8,90
470,9,90
470,10,90
470,11,90
470,12,90
470,13,90
470,14,90
470,15,90
470,16,90
470,17,90
470,18,90
470,19,90
470,20,90
470,21,90
470,22,90
470,23,90
470,24,90
470,25,90
470,26,90
470,27,90
470,28,90
470,29,90
470,30,90
470,31,90
470,32,90
470,33,90
470,34,90
470,35,90
470,36,90
470,37,90
470,38,90
471,1,4
471,2,4
471,3,4
471,4,4
471,5,4
471,6,4
471,7,4
471,8,4
471,9,4
471,10,4
471,11,4
471,12,4
471,13,4
471,14,4
471,15,4
471,16,4
471,17,4
471,18,4
471,19,4
471,20,4
471,21,4
471,22,4
471,23,4
471,24,4
471,25,4
471,26,4
471,27,4
471,28,4
471,29,4
471,30,4
471,31,4
471,32,4
471,33,4
471,34,4
471,35,4
471,36,4
471,37,4
471,38,4
472,1,4
472,2,4
472,3,4
472,4,4
472,5,4
472,6,4
472,7,4
472,8,4
472,9,4
472,10,4
472,11,4
472,12,4
472,13,4
472,14,4
472,15,4
472,16,4
472,17,4
472,18,4
472,19,4
472,20,4
472,21,4
472,22,4
472,23,4
472,24,4
472,25,4
472,26,4
472,27,4
472,28,4
472,29,4
472,30,4
472,31,4
472,32,4
472,33,4
472,34,4
472,35,4
472,36,4
472,37,4
472,38,4
473,1,4
473,2,4
473,3,4
473,4,4
473,5,4
473,6,4
473,7,4
473,8,4
473,9,4
473,10,4
473,11,4
473,12,4
473,13,4
473,14,4
473,15,4
473,16,4
473,17,4
473,18,4
473,19,4
473,20,4
473,21,4
473,22,4
473,23,4
473,24,4
473,25,4
473,26,4
473,27,4
473,28,4
473,29,4
473,30,4
473,31,4
473,32,4
473,33,4
473,34,4
473,35,4
473,36,4
473,37,4
473,38,4
474,1,4
474,2,4
474,3,4
474,4,4
474,5,4
474,6,4
474,7,4
474,8,4
474,9,4
474,10,4
474,11,4
474,12,4
474,13,4
474,14,4
474,15,4
474,16,4
474,17,4
474,18,4
474,19,4
474,20,4
474,21,4
474,22,4
474,23,4
474,24,4
474,25,4
474,26,4
474,27,4
474,28,4
474,29,4
474,30,4
474,31,4
474,32,4
474,33,4
474,34,4
474,35,4
474,36,4
474,37,4
474,38,4
475,1,4
475,2,4
475,3,4
475,4,4
475,5,4
475,6,4
475,7,4
475,8,4
475,9,4
475,10,4
475,11,4
475,12,4
475,13,4
475,14,4
475,15,4
475,16,4
475,17,4
475,18,4
475,19,4
475,20,4
475,21,4
475,22,4
475,23,4
475,24,4
475,25,4
475,26,4
475,27,4
475,28,4
475,29,4
475,30,4
475,31,4
475,32,4
475,33,4
475,34,4
475,35,4
475,36,4
475,37,4
475,38,4
476,1,4
476,2,4
476,3,4
476,4,4
476,5,4
476,6,4
476,7,4
476,8,4
476,9,4
476,10,4
476,11,4
476,12,4
476,13,4
476,14,4
476,15,4
476,16,4
476,17,4
476,18,4
476,19,4
476,20,4
476,21,4
476,22,4
476,23,4
476,24,4
476,25,4
476,26,4
476,27,4
476,28,4
476,29,4
476,30,4
476,31,4
476,32,4
476,33,4
476,34,4
476,35,4
476,36,4
476,37,4
476,38,4
477,1,4
477,2,4
477,3,4
477,4,4
477,5,4
477,6,4
477,7,4
477,8,4
477,9,4
477,10,4
477,11,4
477,12,4
477,13,4
477,14,4
477,15,4
477,16,4
477,17,4
477,18,4
477,19,4
477,20,4
477,21,4
477,22,4
477,23,4
477,24,4
477,25,4
477,26,4
477,27,4
477,28,4
477,29,4
477,30,4
477,31,4
477,32,4
477,33,4
477,34,4
477,35,4
477,36,4
477,37,4
477,38,4
478,1,4
478,2,4
478,3,4
478,4,4
478,5,4
478,6,4
478,7,4
478,8,4
478,9,4
478,10,4
478,11,4
478,12,4
478,13,4
478,14,4
478,15,4
478,16,4
478,17,4
478,18,4
478,19,4
478,20,4
478,21,4
478,22,4
478,23,4
478,24,4
478,25,4
478,26,4
478,27,4
478,28,4
478,29,4
478,30,4
478,31,4
478,32,4
478,33,4
478,34,4
478,35,4
478,36,4
478,37,4
478,38,4
479,1,4
479,2,4
479,3,4
479,4,4
479,5,4
479,6,4
479,7,4
479,8,4
479,9,4
479,10,4
479,11,4
479,12,4
479,13,4
479,14,4
479,15,4
479,16,4
479,17,4
479,18,4
479,19,4
479,20,4
479,21,4
479,22,4
479,23,4
479,24,4
479,25,4
479,26,4
479,27,4
479,28,4
479,29,4
479,30,4
479,31,4
479,32,4
479,33,4
479,34,4
479,35,4
479,36,4
479,37,4
479,38,4
480,1,4
480,2,4
480,3,4
480,4,4
480,5,4
480,6,4
480,7,4
480,8,4
480,9,4
480,10,4
480,11,4
480,12,4
480,13,4
480,14,4
480,15,4
480,16,4
480,17,4
480,18,4
480,19,4
480,20,4
480,21,4
480,22,4
480,23,4
480,24,4
480,25,4
480,26,4
480,27,4
480,28,4
480,29,4
480,30,4
480,31,4
480,32,4
480,33,4
480,34,4
480,35,4
480,36,4
480,37,4
480,38,4
481,1,4
481,2,4
481,3,4
481,4,4
481,5,4
481,6,4
481,7,4
481,8,4
481,9,4
481,10,4
481,11,4
481,12,4
481,13,4
481,14,4
481,15,4
481,16,4
481,17,4
481,18,4
481,19,4
481,20,4
481,21,4
481,22,4
481,23,4
481,24,4
481,25,4
481,26,4
481,27,4
481,28,4
481,29,4
481,30,4
481,31,4
481,32,4
481,33,4
481,34,4
481,35,4
481,36,4
481,37,4
481,38,4
482,1,4
482,2,4
482,3,4
482,4,4
482,5,4
482,6,4
482,7,4
482,8,4
482,9,4
482,10,4
482,11,4
482,12,4
482,13,4
482,14,4
482,15,4
482,16,4
482,17,4
482,18,4
482,19,4
482,20,4
482,21,4
482,22,4
482,23,4
482,24,4
482,25,4
482,26,4
482,27,4
482,28,4
482,29,4
482,30,4
482,31,4
482,32,4
482,33,4
482,34,4
482,35,4
482,36,4
482,37,4
482,38,4
483,1,4
483,2,4
483,3,4
483,4,4
483,5,4
483,6,4
483,7,4
483,8,4
483,9,4
483,10,4
483,11,4
483,12,4
483,13,4
483,14,4
483,15,4
483,16,4
483,17,4
483,18,4
483,19,4
483,20,4
483,21,4
483,22,4
483,23,4
483,24,4
483,25,4
483,26,4
483,27,4
483,28,4
483,29,4
483,30,4
483,31,4
483,32,4
483,33,4
483,34,4
483,35,4
483,36,4
483,37,4
483,38,4
484,1,4
484,2,4
484,3,4
484,4,4
484,5,4
484,6,4
484,7,4
484,8,4
484,9,4
484,10,4
484,11,4
484,12,4
484,13,4
484,14,4
484,15,4
484,16,4
484,17,4
484,18,4
484,19,4
484,20,4
484,21,4
484,22,4
484,23,4
484,24,4
484,25,4
484,26,4
484,27,4
484,28,4
484,29,4
484,30,4
484,31,4
484,32,4
484,33,4
484,34,4
484,35,4
484,36,4
484,37,4
484,38,4
485,1,4
485,2,4
485,3,4
485,4,4
485,5,4
485,6,4
485,7,4
485,8,4
485,9,4
485,10,4
485,11,4
485,12,4
485,13,4
485,14,4
485,15,4
485,16,4
485,17,4
485,18,4
485,19,4
485,20,4
485,21,4
485,22,4
485,23,4
485,24,4
485,25,4
485,26,4
485,27,4
485,28,4
485,29,4
485,30,4
485,31,4
485,32,4
485,33,4
485,34,4
485,35,4
485,36,4
485,37,4
485,38,4
486,1,4
486,2,4
486,3,4
486,4,4
486,5,4
486,6,4
486,7,4
486,8,4
486,9,4
486,10,4
486,11,4
486,12,4
486,13,4
486,14,4
486,15,4
486,16,4
486,17,4
486,18,4
486,19,4
486,20,4
486,21,4
486,22,4
486,23,4
486,24,4
486,25,4
486,26,4
486,27,4
486,28,4
486,29,4
486,30,4
486,31,4
486,32,4
486,33,4
486,34,4
486,35,4
486,36,4
486,37,4
486,38,4
487,1,4
487,2,4
487,3,4
487,4,4
487,5,4
487,6,4
487,7,4
487,8,4
487,9,4
487,10,4
487,11,4
487,12,4
487,13,4
487,14,4
487,15,4
487,16,4
487,17,4
487,18,4
487,19,4
487,20,4
487,21,4
487,22,4
487,23,4
487,24,4
487,25,4
487,26,4
487,27,4
487,28,4
487,29,4
487,30,4
487,31,4
487,32,4
487,33,4
487,34,4
487,35,4
487,36,4
487,37,4
487,38,4
488,1,4
488,2,4
488,3,4
488,4,4
488,5,4
488,6,4
488,7,4
488,8,4
488,9,4
488,10,4
488,11,4
488,12,4
488,13,4
488,14,4
488,15,4
488,16,4
488,17,4
488,18,4
488,19,4
488,20,4
488,21,4
488,22,4
488,23,4
488,24,4
488,25,4
488,26,4
488,27,4
488,28,4
488,29,4
488,30,4
488,31,4
488,32,4
488,33,4
488,34,4
488,35,4
488,36,4
488,37,4
488,38,4
489,1,4
489,2,4
489,3,4
489,4,4
489,5,4
489,6,4
489,7,4
489,8,4
489,9,4
489,10,4
489,11,4
489,12,4
489,13,4
489,14,4
489,15,4
489,16,4
489,17,4
489,18,4
489,19,4
489,20,4
489,21,4
489,22,4
489,23,4
489,24,4
489,25,4
489,26,4
489,27,4
489,28,4
489,29,4
489,30,4
489,31,4
489,32,4
489,33,4
489,34,4
489,35,4
489,36,4
489,37,4
489,38,4
490,1,4
490,2,4
490,3,4
490,4,4
490,5,4
490,6,4
490,7,4
490,8,4
490,9,4
490,10,4
490,11,4
490,12,4
490,13,4
490,14,4
490,15,4
490,16,4
490,17,4
490,18,4
490,19,4
490,20,4
490,21,4
490,22,4
490,23,4
490,24,4
490,25,4
490,26,4
490,27,4
490,28,4
490,29,4
490,30,4
490,31,4
490,32,4
490,33,4
490,34,4
490,35,4
490,36,4
490,37,4
490,38,4
491,1,4
491,2,4
491,3,4
491,4,4
491,5,4
491,6,4
491,7,4
491,8,4
491,9,4
491,10,4
491,11,4
491,12,4
491,13,4
491,14,4
491,15,4
491,16,4
491,17,4
491,18,4
491,19,4
491,20,4
491,21,4
491,22,4
491,23,4
491,24,4
491,25,4
491,26,4
491,27,4
491,28,4
491,29,4
491,30,4
491,31,4
491,32,4
491,33,4
491,34,4
491,35,4
491,36,4
491,37,4
491,38,4
492,1,4
492,2,4
492,3,4
492,4,4
492,5,4
492,6,4
492,7,4
492,8,4
492,9,4
492,10,4
492,11,4
492,12,4
492,13,4
492,14,4
492,15,4
492,16,4
492,17,4
492,18,4
492,19,4
492,20,4
492,21,4
492,22,4
492,23,4
492,24,4
492,25,4
492,26,4
492,27,4
492,28,4
492,29,4
492,30,4
492,31,4
492,32,4
492,33,4
492,34,4
492,35,4
492,36,4
492,37,4
492,38,4
493,1,2
493,2,2
493,3,2
493,4,2
493,5,2
493,6,2
493,7,2
493,8,2
493,9,2
493,10,2
493,11,2
493,12,2
493,13,2
493,14,2
493,15,2
493,16,2
493,17,2
493,18,2
493,19,2
493,20,2
493,21,2
493,22,2
493,23,2
493,24,2
493,25,2
493,26,2
493,27,2
493,28,2
493,29,2
493,30,2
493,31,2
493,32,2
493,33,2
493,34,2
493,35,2
493,36,2
493,37,2
493,38,2
494,1,4
494,2,4
494,3,4
494,4,4
494,5,4
494,6,4
494,7,4
494,8,4
494,9,4
494,10,4
494,11,4
494,12,4
494,13,4
494,14,4
494,15,4
494,16,4
494,17,4
494,18,4
494,19,4
494,20,4
494,21,4
494,22,4
494,23,4
494,24,4
494,25,4
494,26,4
494,27,4
494,28,4
494,29,4
494,30,4
494,31,4
494,32,4
494,33,4
494,34,4
494,35,4
494,36,4
494,37,4
494,38,4
495,1,4
495,2,4
495,3,4
495,4,4
495,5,4
495,6,4
495,7,4
495,8,4
495,9,4
495,10,4
495,11,4
495,12,4
495,13,4
495,14,4
495,15,4
495,16,4
495,17,4
495,18,4
495,19,4
495,20,4
495,21,4
495,22,4
495,23,4
495,24,4
495,25,4
495,26,4
495,27,4
495,28,4
495,29,4
495,30,4
495,31,4
495,32,4
495,33,4
495,34,4
495,35,4
495,36,4
495,37,4
495,38,4
496,1,4
496,2,4
496,3,4
496,4,4
496,5,4
496,6,4
496,7,4
496,8,4
496,9,4
496,10,4
496,11,4
496,12,4
496,13,4
496,14,4
496,15,4
496,16,4
496,17,4
496,18,4
496,19,4
496,20,4
496,21,4
496,22,4
496,23,4
496,24,4
496,25,4
496,26,4
496,27,4
496,28,4
496,29,4
496,30,4
496,31,4
496,32,4
496,33,4
496,34,4
496,35,4
496,36,4
496,37,4
496,38,4
497,1,4
497,2,4
497,3,4
497,4,4
497,5,4
497,6,4
497,7,4
497,8,4
497,9,4
497,10,4
497,11,4
497,12,4
497,13,4
497,14,4
497,15,4
497,16,4
497,17,4
497,18,4
497,19,4
497,20,4
497,21,4
497,22,4
497,23,4
497,24,4
497,25,4
497,26,4
497,27,4
497,28,4
497,29,4
497,30,4
497,31,4
497,32,4
497,33,4
497,34,4
497,35,4
497,36,4
497,37,4
497,38,4
498,1,4
498,2,4
498,3,4
498,4,4
498,5,4
498,6,4
498,7,4
498,8,4
498,9,4
498,10,4
498,11,4
498,12,4
498,13,4
498,14,4
498,15,4
498,16,4
498,17,4
498,18,4
498,19,4
498,20,4
498,21,4
498,22,4
498,23,4
498,24,4
498,25,4
498,26,4
498,27,4
498,28,4
498,29,4
498,30,4
498,31,4
498,32,4
498,33,4
498,34,4
498,35,4
498,36,4
498,37,4
498,38,4
499,1,4
499,2,4
499,3,4
499,4,14
499,5,14
499,6,14
499,7,14
499,8,14
499,9,14
499,10,14
499,11,14
499,12,14
499,13,14
499,14,14
499,15,14
499,16,14
499,17,14
499,18,14
499,19,14
499,20,14
499,21,14
499,22,14
499,23,14
499,24,14
499,25,14
499,26,14
499,27,14
499,28,14
499,29,14
499,30,14
499,31,14
499,32,14
499,33,14
499,34,14
499,35,14
499,36,14
499,37,14
499,38,14
500,1,4
500,2,4
500,3,4
500,4,4
500,5,4
500,6,4
500,7,4
500,8,4
500,9,4
500,10,4
500,11,4
500,12,4
500,13,4
500,14,4
500,15,4
500,16,4
500,17,4
500,18,4
500,19,4
500,20,4
500,21,4
500,22,4
500,23,4
500,24,4
500,25,4
500,26,4
500,27,4
500,28,4
500,29,4
500,30,4
500,31,4
500,32,4
500,33,4
500,34,4
500,35,4
500,36,4
500,37,4
500,38,4
501,1,4
501,2,4
501,3,4
501,4,4
501,5,4
501,6,4
501,7,4
501,8,4
501,9,4
501,10,4
501,11,4
501,12,4
501,13,4
501,14,4
501,15,4
501,16,4
501,17,4
501,18,4
501,19,4
501,20,4
501,21,4
501,22,4
501,23,4
501,24,4
501,25,4
501,26,4
501,27,4
501,28,4
501,29,4
501,30,4
501,31,4
501,32,4
501,33,4
501,34,4
501,35,4
501,36,4
501,37,4
501,38,4
502,1,17
502,2,17
502,3,17
502,4,17
502,5,17
502,6,17
502,7,17
502,8,17
502,9,17
502,10,17
502,11,17
502,12,17
502,13,17
502,14,17
502,15,17
502,16,17
502,17,17
502,18,17
502,19,17
502,20,17
502,21,17
502,22,17
502,23,17
502,24,17
502,25,17
502,26,17
502,27,17
502,28,17
502,29,17
502,30,17
502,31,17
502,32,17
502,33,17
502,34,17
502,35,17
502,36,17
502,37,17
502,38,17
503,1,17
503,2,17
503,3,17
503,4,17
503,5,17
503,6,17
503,7,17
503,8,17
503,9,17
503,10,17
503,11,17
503,12,17
503,13,17
503,14,17
503,15,17
503,16,17
503,17,17
503,18,17
503,19,17
503,20,17
503,21,17
503,22,17
503,23,17
503,24,17
503,25,17
503,26,17
503,27,17
503,28,17
503,29,17
503,30,17
503,31,17
503,32,17
503,33,17
503,34,17
503,35,17
503,36,17
503,37,17
503,38,17
504,1,17
504,2,17
504,3,17
504,4,17
504,5,17
504,6,17
504,7,17
504,8,17
504,9,17
504,10,17
504,11,17
504,12,17
504,13,17
504,14,17
504,15,17
504,16,17
504,17,17
504,18,17
504,19,17
504,20,17
504,21,17
504,22,17
504,23,17
504,24,17
504,25,17
504,26,17
504,27,17
504,28,17
504,29,17
504,30,17
504,31,17
504,32,17
504,33,17
504,34,17
504,35,17
504,36,17
504,37,17
504,38,17
505,1,17
505,2,17
505,3,17
505,4,17
505,5,17
505,6,17
505,7,17
505,8,17
505,9,17
505,10,17
505,11,17
505,12,17
505,13,17
505,14,17
505,15,17
505,16,17
505,17,17
505,18,17
505,19,17
505,20,17
505,21,17
505,22,17
505,23,17
505,24,17
505,25,17
505,26,17
505,27,17
505,28,17
505,29,17
505,30,17
505,31,17
505,32,17
505,33,17
505,34,17
505,35,17
505,36,17
505,37,17
505,38,17
506,1,17
506,2,17
506,3,17
506,4,17
506,5,17
506,6,17
506,7,17
506,8,17
506,9,17
506,10,17
506,11,17
506,12,17
506,13,17
506,14,17
506,15,17
506,16,17
506,17,17
506,18,17
506,19,17
506,20,17
506,21,17
506,22,17
506,23,17
506,24,17
506,25,17
506,26,17
506,27,17
506,28,17
506,29,17
506,30,17
506,31,17
506,32,17
506,33,17
506,34,17
506,35,17
506,36,17
506,37,17
506,38,17
507,1,17
507,2,17
507,3,17
507,4,17
507,5,17
507,6,17
507,7,17
507,8,17
507,9,17
507,10,17
507,11,17
507,12,17
507,13,17
507,14,17
507,15,17
507,16,17
507,17,17
507,18,17
507,19,17
507,20,17
507,21,17
507,22,17
507,23,17
507,24,17
507,25,17
507,26,17
507,27,17
507,28,17
507,29,17
507,30,17
507,31,17
507,32,17
507,33,17
507,34,17
507,35,17
507,36,17
507,37,17
507,38,17
508,1,17
508,2,17
508,3,17
508,4,17
508,5,17
508,6,17
508,7,17
508,8,17
508,9,17
508,10,17
508,11,17
508,12,17
508,13,17
508,14,17
508,15,17
508,16,17
508,17,17
508,18,17
508,19,17
508,20,17
508,21,17
508,22,17
508,23,17
508,24,17
508,25,17
508,26,17
508,27,17
508,28,17
508,29,17
508,30,17
508,31,17
508,32,17
508,33,17
508,34,17
508,35,17
508,36,17
508,37,17
508,38,17
509,1,17
509,2,17
509,3,17
509,4,17
509,5,17
509,6,17
509,7,17
509,8,17
509,9,17
509,10,17
509,11,17
509,12,17
509,13,17
509,14,17
509,15,17
509,16,17
509,17,17
509,18,17
509,19,17
509,20,17
509,21,17
509,22,17
509,23,17
509,24,17
509,25,17
509,26,17
509,27,17
509,28,17
509,29,17
509,30,17
509,31,17
509,32,17
509,33,17
509,34,17
509,35,17
509,36,17
509,37,17
509,38,17
510,1,17
510,2,17
510,3,17
510,4,17
510,5,17
510,6,17
510,7,17
510,8,17
510,9,17
510,10,17
510,11,17
510,12,17
510,13,17
510,14,17
510,15,17
510,16,17
510,17,17
510,18,17
510,19,17
510,20,17
510,21,17
510,22,17
510,23,17
510,24,17
510,25,17
510,26,17
510,27,17
510,28,17
510,29,17
510,30,17
510,31,17
510,32,17
510,33,17
510,34,17
510,35,17
510,36,17
510,37,17
510,38,17
511,1,17
511,2,17
511,3,17
511,4,17
511,5,17
511,6,17
511,7,17
511,8,17
511,9,17
511,10,17
511,11,17
511,12,17
511,13,17
511,14,17
511,15,17
511,16,17
511,17,17
511,18,17
511,19,17
511,20,17
511,21,17
511,22,17
511,23,17
511,24,17
511,25,17
511,26,17
511,27,17
511,28,17
511,29,17
511,30,17
511,31,17
511,32,17
511,33,17
511,34,17
511,35,17
511,36,17
511,37,17
511,38,17
512,1,17
512,2,17
512,3,17
512,4,17
512,5,17
512,6,17
512,7,17
512,8,17
512,9,17
512,10,17
512,11,17
512,12,17
512,13,17
512,14,17
512,15,17
512,16,17
512,17,17
512,18,17
512,19,17
512,20,17
512,21,17
512,22,17
512,23,17
512,24,17
512,25,17
512,26,17
512,27,17
512,28,17
512,29,17
512,30,17
512,31,17
512,32,17
512,33,17
512,34,17
512,35,17
512,36,17
512,37,17
512,38,17
513,1,17
513,2,17
513,3,17
513,4,17
513,5,17
513,6,17
513,7,17
513,8,17
513,9,17
513,10,17
513,11,17
513,12,17
513,13,17
513,14,17
513,15,17
513,16,17
513,17,17
513,18,17
513,19,17
513,20,17
513,21,17
513,22,17
513,23,17
513,24,17
513,25,17
513,26,17
513,27,17
513,28,17
513,29,17
513,30,17
513,31,17
513,32,17
513,33,17
513,34,17
513,35,17
513,36,17
513,37,17
513,38,17
514,1,17
514,2,17
514,3,17
514,4,17
514,5,17
514,6,17
514,7,17
514,8,17
514,9,17
514,10,17
514,11,17
514,12,17
514,13,17
514,14,17
514,15,17
514,16,17
514,17,17
514,18,17
514,19,17
514,20,17
514,21,17
514,22,17
514,23,17
514,24,17
514,25,17
514,26,17
514,27,17
514,28,17
514,29,17
514,30,17
514,31,17
514,32,17
514,33,17
514,34,17
514,35,17
514,36,17
514,37,17
514,38,17
515,1,17
515,2,17
515,3,17
515,4,17
515,5,17
515,6,17
515,7,17
515,8,17
515,9,17
515,10,17
515,11,17
515,12,17
515,13,17
515,14,17
515,15,17
515,16,17
515,17,17
515,18,17
515,19,17
515,20,17
515,21,17
515,22,17
515,23,17
515,24,17
515,25,17
515,26,17
515,27,17
515,28,17
515,29,17
515,30,17
515,31,17
515,32,17
515,33,17
515,34,17
515,35,17
515,36,17
515,37,17
515,38,17
516,1,17
516,2,17
516,3,17
516,4,17
516,5,17
516,6,17
516,7,17
516,8,17
516,9,17
516,10,17
516,11,17
516,12,17
516,13,17
516,14,17
516,15,17
516,16,17
516,17,17
516,18,17
516,19,17
516,20,17
516,21,17
516,22,17
516,23,17
516,24,17
516,25,17
516,26,17
516,27,17
516,28,17
516,29,17
516,30,17
516,31,17
516,32,17
516,33,17
516,34,17
516,35,17
516,36,17
516,37,17
516,38,17
517,1,17
517,2,17
517,3,17
517,4,17
517,5,17
517,6,17
517,7,17
517,8,17
517,9,17
517,10,17
517,11,17
517,12,17
517,13,17
517,14,17
517,15,17
517,16,17
517,17,17
517,18,17
517,19,17
517,20,17
517,21,17
517,22,17
517,23,17
517,24,17
517,25,17
517,26,17
517,27,17
517,28,17
517,29,17
517,30,17
517,31,17
517,32,17
517,33,17
517,34,17
517,35,17
517,36,17
517,37,17
517,38,17
518,1,17
518,2,17
518,3,17
518,4,17
518,5,17
518,6,17
518,7,17
518,8,17
518,9,17
518,10,17
518,11,17
518,12,17
518,13,17
518,14,17
518,15,17
518,16,17
518,17,17
518,18,17
518,19,17
518,20,17
518,21,17
518,22,17
518,23,17
518,24,17
518,25,17
518,26,17
518,27,17
518,28,17
518,29,17
518,30,17
518,31,17
518,32,17
518,33,17
518,34,17
518,35,17
518,36,17
518,37,17
518,38,17
519,1,17
519,2,17
519,3,17
519,4,17
519,5,17
519,6,17
519,7,17
519,8,17
519,9,17
519,10,17
519,11,17
519,12,17
519,13,17
519,14,17
519,15,17
519,16,17
519,17,17
519,18,17
519,19,17
519,20,17
519,21,17
519,22,17
519,23,17
519,24,17
519,25,17
519,26,17
519,27,17
519,28,17
519,29,17
519,30,17
519,31,17
519,32,17
519,33,17
519,34,17
519,35,17
519,36,17
519,37,17
519,38,17
520,1,17
520,2,17
520,3,17
520,4,17
520,5,17
520,6,17
520,7,17
520,8,17
520,9,17
520,10,17
520,11,17
520,12,17
520,13,17
520,14,17
520,15,17
520,16,17
520,17,17
520,18,17
520,19,17
520,20,17
520,21,17
520,22,17
520,23,17
520,24,17
520,25,17
520,26,17
520,27,17
520,28,17
520,29,17
520,30,17
520,31,17
520,32,17
520,33,17
520,34,17
520,35,17
520,36,17
520,37,17
520,38,17
521,1,17
521,2,17
521,3,17
521,4,17
521,5,17
521,6,17
521,7,17
521,8,17
521,9,17
521,10,17
521,11,17
521,12,17
521,13,17
521,14,17
521,15,17
521,16,17
521,17,17
521,18,17
521,19,17
521,20,17
521,21,17
521,22,17
521,23,17
521,24,17
521,25,17
521,26,17
521,27,17
521,28,17
521,29,17
521,30,17
521,31,17
521,32,17
521,33,17
521,34,17
521,35,17
521,36,17
521,37,17
521,38,17
522,1,17
522,2,17
522,3,17
522,4,17
522,5,17
522,6,17
522,7,17
522,8,17
522,9,17
522,10,17
522,11,17
522,12,17
522,13,17
522,14,17
522,15,17
522,16,17
522,17,17
522,18,17
522,19,17
522,20,17
522,21,17
522,22,17
522,23,17
522,24,17
522,25,17
522,26,17
522,27,17
522,28,17
522,29,17
522,30,17
522,31,17
522,32,17
522,33,17
522,34,17
522,35,17
522,36,17
522,37,17
522,38,17
523,1,17
523,2,17
523,3,17
523,4,17
523,5,17
523,6,17
523,7,17
523,8,17
523,9,17
523,10,17
523,11,17
523,12,17
523,13,17
523,14,17
523,15,17
523,16,17
523,17,17
523,18,17
523,19,17
523,20,17
523,21,17
523,22,17
523,23,17
523,24,17
523,25,17
523,26,17
523,27,17
523,28,17
523,29,17
523,30,17
523,31,17
523,32,17
523,33,17
523,34,17
523,35,17
523,36,17
523,37,17
523,38,17
524,1,17
524,2,17
524,3,17
524,4,17
524,5,17
524,6,17
524,7,17
524,8,17
524,9,17
524,10,17
524,11,17
524,12,17
524,13,17
524,14,17
524,15,17
524,16,17
524,17,17
524,18,17
524,19,17
524,20,17
524,21,17
524,22,17
524,23,17
524,24,17
524,25,17
524,26,17
524,27,17
524,28,17
524,29,17
524,30,17
524,31,17
524,32,17
524,33,17
524,34,17
524,35,17
524,36,17
524,37,17
524,38,17
525,1,17
525,2,17
525,3,17
525,4,17
525,5,17
525,6,17
525,7,17
525,8,17
525,9,17
525,10,17
525,11,17
525,12,17
525,13,17
525,14,17
525,15,17
525,16,17
525,17,17
525,18,17
525,19,17
525,20,17
525,21,17
525,22,17
525,23,17
525,24,17
525,25,17
525,26,17
525,27,17
525,28,17
525,29,17
525,30,17
525,31,17
525,32,17
525,33,17
525,34,17
525,35,17
525,36,17
525,37,17
525,38,17
526,1,17
526,2,17
526,3,17
526,4,17
526,5,17
526,6,17
526,7,17
526,8,17
526,9,17
526,10,17
526,11,17
526,12,17
526,13,17
526,14,17
526,15,17
526,16,17
526,17,17
526,18,17
526,19,17
526,20,17
526,21,17
526,22,17
526,23,17
526,24,17
526,25,17
526,26,17
526,27,17
526,28,17
526,29,17
526,30,17
526,31,17
526,32,17
526,33,17
526,34,17
526,35,17
526,36,17
526,37,17
526,38,17
527,1,17
527,2,17
527,3,17
527,4,17
527,5,17
527,6,17
527,7,17
527,8,17
527,9,17
527,10,17
527,11,17
527,12,17
527,13,17
527,14,17
527,15,17
527,16,17
527,17,17
527,18,17
527,19,17
527,20,17
527,21,17
527,22,17
527,23,17
527,24,17
527,25,17
527,26,17
527,27,17
527,28,17
527,29,17
527,30,17
527,31,17
527,32,17
527,33,17
527,34,17
527,35,17
527,36,17
527,37,17
527,38,17
528,1,56
528,2,56
528,3,56
528,4,56
528,5,56
528,6,56
528,7,56
528,8,56
528,9,56
528,10,56
528,11,56
528,12,56
528,13,56
528,14,56
528,15,56
528,16,56
528,17,56
528,18,56
528,19,56
528,20,56
528,21,56
528,22,56
528,23,56
528,24,56
528,25,56
528,26,56
528,27,56
528,28,56
528,29,56
528,30,56
528,31,56
528,32,56
528,33,56
528,34,56
528,35,56
528,36,56
528,37,56
528,38,56
529,1,56
529,2,56
529,3,56
529,4,56
529,5,56
529,6,56
529,7,56
529,8,56
529,9,56
529,10,56
529,11,56
529,12,56
529,13,56
529,14,56
529,15,56
529,16,56
529,17,56
529,18,56
529,19,56
529,20,56
529,21,56
529,22,56
529,23,56
529,24,56
529,25,56
529,26,56
529,27,56
529,28,56
529,29,56
529,30,56
529,31,56
529,32,56
529,33,56
529,34,56
529,35,56
529,36,56
529,37,56
529,38,56
530,1,56
530,2,56
530,3,56
530,4,56
530,5,56
530,6,56
530,7,56
530,8,56
530,9,56
530,10,56
530,11,56
530,12,56
530,13,56
530,14,56
530,15,56
530,16,56
530,17,56
530,18,56
530,19,56
530,20,56
530,21,56
530,22,56
530,23,56
530,24,56
530,25,56
530,26,56
530,27,56
530,28,56
530,29,56
530,30,56
530,31,56
530,32,56
530,33,56
530,34,56
530,35,56
530,36,56
530,37,56
530,38,56
531,1,56
531,2,56
531,3,56
531,4,56
531,5,56
531,6,56
531,7,56
531,8,56
531,9,56
531,10,56
531,11,56
531,12,56
531,13,56
531,14,56
531,15,56
531,16,56
531,17,56
531,18,56
531,19,56
531,20,56
531,21,56
531,22,56
531,23,56
531,24,56
531,25,56
531,26,56
531,27,56
531,28,56
531,29,56
531,30,56
531,31,56
531,32,56
531,33,56
531,34,56
531,35,56
531,36,56
531,37,56
531,38,56
532,1,56
532,2,56
532,3,56
532,4,56
532,5,56
532,6,56
532,7,56
532,8,56
532,9,56
532,10,56
532,11,56
532,12,56
532,13,56
532,14,56
532,15,56
532,16,56
532,17,56
532,18,56
532,19,56
532,20,56
532,21,56
532,22,56
532,23,56
532,24,56
532,25,56
532,26,56
532,27,56
532,28,56
532,29,56
532,30,56
532,31,56
532,32,56
532,33,56
532,34,56
532,35,56
532,36,56
532,37,56
532,38,56
533,1,56
533,2,56
533,3,56
533,4,56
533,5,56
533,6,56
533,7,56
533,8,56
533,9,56
533,10,56
533,11,56
533,12,56
533,13,56
533,14,56
533,15,56
533,16,56
533,17,56
533,18,56
533,19,56
533,20,56
533,21,56
533,22,56
533,23,56
533,24,56
533,25,56
533,26,56
533,27,56
533,28,56
533,29,56
533,30,56
533,31,56
533,32,56
533,33,56
533,34,56
533,35,56
533,36,56
533,37,56
533,38,56
534,1,56
534,2,56
534,3,56
534,4,56
534,5,56
534,6,56
534,7,56
534,8,56
534,9,56
534,10,56
534,11,56
534,12,56
534,13,56
534,14,56
534,15,56
534,16,56
534,17,56
534,18,56
534,19,56
534,20,56
534,21,56
534,22,56
534,23,56
534,24,56
534,25,56
534,26,56
534,27,56
534,28,56
534,29,56
534,30,56
534,31,56
534,32,56
534,33,56
534,34,56
534,35,56
534,36,56
534,37,56
534,38,56
535,1,56
535,2,56
535,3,56
535,4,56
535,5,56
535,6,56
535,7,56
535,8,56
535,9,56
535,10,56
535,11,56
535,12,56
535,13,56
535,14,56
535,15,56
535,16,56
535,17,56
535,18,56
535,19,56
535,20,56
535,21,56
535,22,56
535,23,56
535,24,56
535,25,56
535,26,56
535,27,56
535,28,56
535,29,56
535,30,56
535,31,56
535,32,56
535,33,56
535,34,56
535,35,56
535,36,56
535,37,56
535,38,56
536,1,56
536,2,56
536,3,56
536,4,56
536,5,56
536,6,56
536,7,56
536,8,56
536,9,56
536,10,56
536,11,56
536,12,56
536,13,56
536,14,56
536,15,56
536,16,56
536,17,56
536,18,56
536,19,56
536,20,56
536,21,56
536,22,56
536,23,56
536,24,56
536,25,56
536,26,56
536,27,56
536,28,56
536,29,56
536,30,56
536,31,56
536,32,56
536,33,56
536,34,56
536,35,56
536,36,56
536,37,56
536,38,56
537,1,56
537,2,56
537,3,56
537,4,56
537,5,56
537,6,56
537,7,56
537,8,56
537,9,56
537,10,56
537,11,56
537,12,56
537,13,56
537,14,56
537,15,56
537,16,56
537,17,56
537,18,56
537,19,56
537,20,56
537,21,56
537,22,56
537,23,56
537,24,56
537,25,56
537,26,56
537,27,56
537,28,56
537,29,56
537,30,56
537,31,56
537,32,56
537,33,56
537,34,56
537,35,56
537,36,56
537,37,56
537,38,56
538,1,56
538,2,56
538,3,56
538,4,56
538,5,56
538,6,56
538,7,56
538,8,56
538,9,56
538,10,56
538,11,56
538,12,56
538,13,56
538,14,56
538,15,56
538,16,56
538,17,56
538,18,56
538,19,56
538,20,56
538,21,56
538,22,56
538,23,56
538,24,56
538,25,56
538,26,56
538,27,56
538,28,56
538,29,56
538,30,56
538,31,56
538,32,56
538,33,56
538,34,56
538,35,56
538,36,56
538,37,56
538,38,56
539,1,56
539,2,56
539,3,56
539,4,56
539,5,56
539,6,56
539,7,56
539,8,56
539,9,56
539,10,56
539,11,56
539,12,56
539,13,56
539,14,56
539,15,56
539,16,56
539,17,56
539,18,56
539,19,56
539,20,56
539,21,56
539,22,56
539,23,56
539,24,56
539,25,56
539,26,56
539,27,56
539,28,56
539,29,56
539,30,56
539,31,56
539,32,56
539,33,56
539,34,56
539,35,56
539,36,56
539,37,56
539,38,56
540,1,56
540,2,56
540,3,56
540,4,56
540,5,56
540,6,56
540,7,56
540,8,56
540,9,56
540,10,56
540,11,56
540,12,56
540,13,56
540,14,56
540,15,56
540,16,56
540,17,56
540,18,56
540,19,56
540,20,56
540,21,56
540,22,56
540,23,56
540,24,56
540,25,56
540,26,56
540,27,56
540,28,56
540,29,56
540,30,56
540,31,56
540,32,56
540,33,56
540,34,56
540,35,56
540,36,56
540,37,56
540,38,56
541,1,56
541,2,56
541,3,56
541,4,56
541,5,56
541,6,56
541,7,56
541,8,56
541,9,56
541,10,56
541,11,56
541,12,56
541,13,56
541,14,56
541,15,56
541,16,56
541,17,56
541,18,56
541,19,56
541,20,56
541,21,56
541,22,56
541,23,56
541,24,56
541,25,56
541,26,56
541,27,56
541,28,56
541,29,56
541,30,56
541,31,56
541,32,56
541,33,56
541,34,56
541,35,56
541,36,56
541,37,56
541,38,56
542,1,56
542,2,56
542,3,56
542,4,56
542,5,56
542,6,56
542,7,56
542,8,56
542,9,56
542,10,56
542,11,56
542,12,56
542,13,56
542,14,56
542,15,56
542,16,56
542,17,56
542,18,56
542,19,56
542,20,56
542,21,56
542,22,56
542,23,56
542,24,56
542,25,56
542,26,56
542,27,56
542,28,56
542,29,56
542,30,56
542,31,56
542,32,56
542,33,56
542,34,56
542,35,56
542,36,56
542,37,56
542,38,56
543,1,56
543,2,56
543,3,56
543,4,56
543,5,56
543,6,56
543,7,56
543,8,56
543,9,56
543,10,56
543,11,56
543,12,56
543,13,56
543,14,56
543,15,56
543,16,56
543,17,56
543,18,56
543,19,56
543,20,56
543,21,56
543,22,56
543,23,56
543,24,56
543,25,56
543,26,56
543,27,56
543,28,56
543,29,56
543,30,56
543,31,56
543,32,56
543,33,56
543,34,56
543,35,56
543,36,56
543,37,56
543,38,56
544,1,56
544,2,56
544,3,56
544,4,56
544,5,56
544,6,56
544,7,56
544,8,56
544,9,56
544,10,56
544,11,56
544,12,56
544,13,56
544,14,56
544,15,56
544,16,56
544,17,56
544,18,56
544,19,56
544,20,56
544,21,56
544,22,56
544,23,56
544,24,56
544,25,56
544,26,56
544,27,56
544,28,56
544,29,56
544,30,56
544,31,56
544,32,56
544,33,56
544,34,56
544,35,56
544,36,56
544,37,56
544,38,56
545,1,56
545,2,56
545,3,56
545,4,56
545,5,56
545,6,56
545,7,56
545,8,56
545,9,56
545,10,56
545,11,56
545,12,56
545,13,56
545,14,56
545,15,56
545,16,56
545,17,56
545,18,56
545,19,56
545,20,56
545,21,56
545,22,56
545,23,56
545,24,56
545,25,56
545,26,56
545,27,56
545,28,56
545,29,56
545,30,56
545,31,56
545,32,56
545,33,56
545,34,56
545,35,56
545,36,56
545,37,56
545,38,56
546,1,56
546,2,56
546,3,56
546,4,56
546,5,56
546,6,56
546,7,56
546,8,56
546,9,56
546,10,56
546,11,56
546,12,56
546,13,56
546,14,56
546,15,56
546,16,56
546,17,56
546,18,56
546,19,56
546,20,56
546,21,56
546,22,56
546,23,56
546,24,56
546,25,56
546,26,56
546,27,56
546,28,56
546,29,56
546,30,56
546,31,56
546,32,56
546,33,56
546,34,56
546,35,56
546,36,56
546,37,56
546,38,56
547,1,56
547,2,56
547,3,56
547,4,56
547,5,56
547,6,56
547,7,56
547,8,56
547,9,56
547,10,56
547,11,56
547,12,56
547,13,56
547,14,56
547,15,56
547,16,56
547,17,56
547,18,56
547,19,56
547,20,56
547,21,56
547,22,56
547,23,56
547,24,56
547,25,56
547,26,56
547,27,56
547,28,56
547,29,56
547,30,56
547,31,56
547,32,56
547,33,56
547,34,56
547,35,56
547,36,56
547,37,56
547,38,56
548,1,56
548,2,56
548,3,56
548,4,56
548,5,56
548,6,56
548,7,56
548,8,56
548,9,56
548,10,56
548,11,56
548,12,56
548,13,56
548,14,56
548,15,56
548,16,56
548,17,56
548,18,56
548,19,56
548,20,56
548,21,56
548,22,56
548,23,56
548,24,56
548,25,56
548,26,56
548,27,56
548,28,56
548,29,56
548,30,56
548,31,56
548,32,56
548,33,56
548,34,56
548,35,56
548,36,56
548,37,56
548,38,56
549,1,56
549,2,56
549,3,56
549,4,56
549,5,56
549,6,56
549,7,56
549,8,56
549,9,56
549,10,56
549,11,56
549,12,56
549,13,56
549,14,56
549,15,56
549,16,56
549,17,56
549,18,56
549,19,56
549,20,56
549,21,56
549,22,56
549,23,56
549,24,56
549,25,56
549,26,56
549,27,56
549,28,56
549,29,56
549,30,56
549,31,56
549,32,56
549,33,56
549,34,56
549,35,56
549,36,56
549,37,56
549,38,56
550,1,56
550,2,56
550,3,56
550,4,56
550,5,56
550,6,56
550,7,56
550,8,56
550,9,56
550,10,56
550,11,56
550,12,56
550,13,56
550,14,56
550,15,56
550,16,56
550,17,56
550,18,56
550,19,56
550,20,56
550,21,56
550,22,56
550,23,56
550,24,56
550,25,56
550,26,56
550,27,56
550,28,56
550,29,56
550,30,56
550,31,56
550,32,56
550,33,56
550,34,56
550,35,56
550,36,56
550,37,56
550,38,56
551,1,56
551,2,56
551,3,56
551,4,56
551,5,56
551,6,56
551,7,56
551,8,56
551,9,56
551,10,56
551,11,56
551,12,56
551,13,56
551,14,56
551,15,56
551,16,56
551,17,56
551,18,56
551,19,56
551,20,56
551,21,56
551,22,56
551,23,56
551,24,56
551,25,56
551,26,56
551,27,56
551,28,56
551,29,56
551,30,56
551,31,56
551,32,56
551,33,56
551,34,56
551,35,56
551,36,56
551,37,56
551,38,56
552,1,56
552,2,56
552,3,56
552,4,56
552,5,56
552,6,56
552,7,56
552,8,56
552,9,56
552,10,56
552,11,56
552,12,56
552,13,56
552,14,56
552,15,56
552,16,56
552,17,56
552,18,56
552,19,56
552,20,56
552,21,56
552,22,56
552,23,56
552,24,56
552,25,56
552,26,56
552,27,56
552,28,56
552,29,56
552,30,56
552,31,56
552,32,56
552,33,56
552,34,56
552,35,56
552,36,56
552,37,56
552,38,56
553,1,56
553,2,56
553,3,56
553,4,56
553,5,56
553,6,56
553,7,56
553,8,56
553,9,56
553,10,56
553,11,56
553,12,56
553,13,56
553,14,56
553,15,56
553,16,56
553,17,56
553,18,56
553,19,56
553,20,56
553,21,56
553,22,56
553,23,56
553,24,56
553,25,56
553,26,56
553,27,56
553,28,56
553,29,56
553,30,56
553,31,56
553,32,56
553,33,56
553,34,56
553,35,56
553,36,56
553,37,56
553,38,56
554,1,56
554,2,56
554,3,56
554,4,56
554,5,56
554,6,56
554,7,56
554,8,56
554,9,56
554,10,56
554,11,56
554,12,56
554,13,56
554,14,56
554,15,56
554,16,56
554,17,56
554,18,56
554,19,56
554,20,56
554,21,56
554,22,56
554,23,56
554,24,56
554,25,56
554,26,56
554,27,56
554,28,56
554,29,56
554,30,56
554,31,56
554,32,56
554,33,56
554,34,56
554,35,56
554,36,56
554,37,56
554,38,56
555,1,56
555,2,56
555,3,56
555,4,56
555,5,56
555,6,56
555,7,56
555,8,56
555,9,56
555,10,56
555,11,56
555,12,56
555,13,56
555,14,56
555,15,56
555,16,56
555,17,56
555,18,56
555,19,56
555,20,56
555,21,56
555,22,56
555,23,56
555,24,56
555,25,56
555,26,56
555,27,56
555,28,56
555,29,56
555,30,56
555,31,56
555,32,56
555,33,56
555,34,56
555,35,56
555,36,56
555,37,56
555,38,56
556,1,56
556,2,56
556,3,56
556,4,56
556,5,56
556,6,56
556,7,56
556,8,56
556,9,56
556,10,56
556,11,56
556,12,56
556,13,56
556,14,56
556,15,56
556,16,56
556,17,56
556,18,56
556,19,56
556,20,56
556,21,56
556,22,56
556,23,56
556,24,56
556,25,56
556,26,56
556,27,56
556,28,56
556,29,56
556,30,56
556,31,56
556,32,56
556,33,56
556,34,56
556,35,56
556,36,56
556,37,56
556,38,56
557,1,56
557,2,56
557,3,56
557,4,56
557,5,56
557,6,56
557,7,56
557,8,56
557,9,56
557,10,56
557,11,56
557,12,56
557,13,56
557,14,56
557,15,56
557,16,56
557,17,56
557,18,56
557,19,56
557,20,56
557,21,56
557,22,56
557,23,56
557,24,56
557,25,56
557,26,56
557,27,56
557,28,56
557,29,56
557,30,56
557,31,56
557,32,56
557,33,56
557,34,56
557,35,56
557,36,56
557,37,56
557,38,56
558,1,56
558,2,56
558,3,56
558,4,56
558,5,56
558,6,56
558,7,56
558,8,56
558,9,56
558,10,56
558,11,56
558,12,56
558,13,56
558,14,56
558,15,56
558,16,56
558,17,56
558,18,56
558,19,56
558,20,56
558,21,56
558,22,56
558,23,56
558,24,56
558,25,56
558,26,56
558,27,56
558,28,56
558,29,56
558,30,56
558,31,56
558,32,56
558,33,56
558,34,56
558,35,56
558,36,56
558,37,56
558,38,56
559,1,56
559,2,56
559,3,56
559,4,56
559,5,56
559,6,56
559,7,56
559,8,56
559,9,56
559,10,56
559,11,56
559,12,56
559,13,56
559,14,56
559,15,56
559,16,56
559,17,56
559,18,56
559,19,56
559,20,56
559,21,56
559,22,56
559,23,56
559,24,56
559,25,56
559,26,56
559,27,56
559,28,56
559,29,56
559,30,56
559,31,56
559,32,56
559,33,56
559,34,56
559,35,56
559,36,56
559,37,56
559,38,56
560,1,56
560,2,56
560,3,56
560,4,56
560,5,56
560,6,56
560,7,56
560,8,56
560,9,56
560,10,56
560,11,56
560,12,56
560,13,56
560,14,56
560,15,56
560,16,56
560,17,56
560,18,56
560,19,56
560,20,56
560,21,56
560,22,56
560,23,56
560,24,56
560,25,56
560,26,56
560,27,56
560,28,56
560,29,56
560,30,56
560,31,56
560,32,56
560,33,56
560,34,56
560,35,56
560,36,56
560,37,56
560,38,56
561,1,56
561,2,56
561,3,56
561,4,56
561,5,56
561,6,56
561,7,56
561,8,56
561,9,56
561,10,56
561,11,56
561,12,56
561,13,56
561,14,56
561,15,56
561,16,56
561,17,56
561,18,56
561,19,56
561,20,56
561,21,56
561,22,56
561,23,56
561,24,56
561,25,56
561,26,56
561,27,56
561,28,56
561,29,56
561,30,56
561,31,56
561,32,56
561,33,56
561,34,56
561,35,56
561,36,56
561,37,56
561,38,56
562,1,56
562,2,56
562,3,56
562,4,56
562,5,56
562,6,56
562,7,56
562,8,56
562,9,56
562,10,56
562,11,56
562,12,56
562,13,56
562,14,56
562,15,56
562,16,56
562,17,56
562,18,56
562,19,56
562,20,56
562,21,56
562,22,56
562,23,56
562,24,56
562,25,56
562,26,56
562,27,56
562,28,56
562,29,56
562,30,56
562,31,56
562,32,56
562,33,56
562,34,56
562,35,56
562,36,56
562,37,56
562,38,56
563,1,56
563,2,56
563,3,56
563,4,56
563,5,56
563,6,56
563,7,56
563,8,56
563,9,56
563,10,56
563,11,56
563,12,56
563,13,56
563,14,56
563,15,56
563,16,56
563,17,56
563,18,56
563,19,56
563,20,56
563,21,56
563,22,56
563,23,56
563,24,56
563,25,56
563,26,56
563,27,56
563,28,56
563,29,56
563,30,56
563,31,56
563,32,56
563,33,56
563,34,56
563,35,56
563,36,56
563,37,56
563,38,56
564,1,56
564,2,56
564,3,56
564,4,56
564,5,56
564,6,56
564,7,56
564,8,56
564,9,56
564,10,56
564,11,56
564,12,56
564,13,56
564,14,56
564,15,56
564,16,56
564,17,56
564,18,56
564,19,56
564,20,56
564,21,56
564,22,56
564,23,56
564,24,56
564,25,56
564,26,56
564,27,56
564,28,56
564,29,56
564,30,56
564,31,56
564,32,56
564,33,56
564,34,56
564,35,56
564,36,56
564,37,56
564,38,56
565,1,6
565,2,6
565,3,6
565,4,6
565,5,6
565,6,6
565,7,6
565,8,6
565,9,6
565,10,6
565,11,6
565,12,6
565,13,6
565,14,6
565,15,6
565,16,6
565,17,6
565,18,6
565,19,6
565,20,6
565,21,6
565,22,6
565,23,6
565,24,6
565,25,6
565,26,6
565,27,6
565,28,6
565,29,6
565,30,6
565,31,6
565,32,6
565,33,6
565,34,6
565,35,6
565,36,6
565,37,6
565,38,6
566,1,6
566,2,6
566,3,6
566,4,6
566,5,6
566,6,6
566,7,6
566,8,6
566,9,6
566,10,6
566,11,6
566,12,6
566,13,6
566,14,6
566,15,6
566,16,6
566,17,6
566,18,6
566,19,6
566,20,6
566,21,6
566,22,6
566,23,6
566,24,6
566,25,6
566,26,6
566,27,6
566,28,6
566,29,6
566,30,6
566,31,6
566,32,6
566,33,6
566,34,6
566,35,6
566,36,6
566,37,6
566,38,6
567,1,6
567,2,6
567,3,6
567,4,6
567,5,6
567,6,6
567,7,6
567,8,6
567,9,6
567,10,6
567,11,6
567,12,6
567,13,6
567,14,6
567,15,6
567,16,6
567,17,6
567,18,6
567,19,6
567,20,6
567,21,6
567,22,6
567,23,6
567,24,6
567,25,6
567,26,6
567,27,6
567,28,6
567,29,6
567,30,6
567,31,6
567,32,6
567,33,6
567,34,6
567,35,6
567,36,6
567,37,6
567,38,6
568,1,6
568,2,6
568,3,6
568,4,6
568,5,6
568,6,6
568,7,6
568,8,6
568,9,6
568,10,6
568,11,6
568,12,6
568,13,6
568,14,6
568,15,6
568,16,6
568,17,6
568,18,6
568,19,6
568,20,6
568,21,6
568,22,6
568,23,6
568,24,6
568,25,6
568,26,6
568,27,6
568,28,6
568,29,6
568,30,6
568,31,6
568,32,6
568,33,6
568,34,6
568,35,6
568,36,6
568,37,6
568,38,6
569,1,6
569,2,6
569,3,6
569,4,6
569,5,6
569,6,6
569,7,6
569,8,6
569,9,6
569,10,6
569,11,6
569,12,6
569,13,6
569,14,6
569,15,6
569,16,6
569,17,6
569,18,6
569,19,6
569,20,6
569,21,6
569,22,6
569,23,6
569,24,6
569,25,6
569,26,6
569,27,6
569,28,6
569,29,6
569,30,6
569,31,6
569,32,6
569,33,6
569,34,6
569,35,6
569,36,6
569,37,6
569,38,6
570,1,6
570,2,6
570,3,6
570,4,6
570,5,6
570,6,6
570,7,6
570,8,6
570,9,6
570,10,6
570,11,6
570,12,6
570,13,6
570,14,6
570,15,6
570,16,6
570,17,6
570,18,6
570,19,6
570,20,6
570,21,6
570,22,6
570,23,6
570,24,6
570,25,6
570,26,6
570,27,6
570,28,6
570,29,6
570,30,6
570,31,6
570,32,6
570,33,6
570,34,6
570,35,6
570,36,6
570,37,6
570,38,6
571,1,6
571,2,6
571,3,6
571,4,6
571,5,6
571,6,6
571,7,6
571,8,6
571,9,6
571,10,6
571,11,6
571,12,6
571,13,6
571,14,6
571,15,6
571,16,6
571,17,6
571,18,6
571,19,6
571,20,6
571,21,6
571,22,6
571,23,6
571,24,6
571,25,6
571,26,6
571,27,6
571,28,6
571,29,6
571,30,6
571,31,6
571,32,6
571,33,6
571,34,6
571,35,6
571,36,6
571,37,6
571,38,6
572,1,6
572,2,6
572,3,6
572,4,6
572,5,6
572,6,6
572,7,6
572,8,6
572,9,6
572,10,6
572,11,6
572,12,6
572,13,6
572,14,6
572,15,6
572,16,6
572,17,6
572,18,6
572,19,6
572,20,6
572,21,6
572,22,6
572,23,6
572,24,6
572,25,6
572,26,6
572,27,6
572,28,6
572,29,6
572,30,6
572,31,6
572,32,6
572,33,6
572,34,6
572,35,6
572,36,6
572,37,6
572,38,6
573,1,6
573,2,6
573,3,6
573,4,6
573,5,6
573,6,6
573,7,6
573,8,6
573,9,6
573,10,6
573,11,6
573,12,6
573,13,6
573,14,6
573,15,6
573,16,6
573,17,6
573,18,6
573,19,6
573,20,6
573,21,6
573,22,6
573,23,6
573,24,6
573,25,6
573,26,6
573,27,6
573,28,6
573,29,6
573,30,6
573,31,6
573,32,6
573,33,6
573,34,6
573,35,6
573,36,6
573,37,6
573,38,6
574,1,6
574,2,6
574,3,6
574,4,6
574,5,6
574,6,6
574,7,6
574,8,6
574,9,6
574,10,6
574,11,6
574,12,6
574,13,6
574,14,6
574,15,6
574,16,6
574,17,6
574,18,6
574,19,6
574,20,6
574,21,6
574,22,6
574,23,6
574,24,6
574,25,6
574,26,6
574,27,6
574,28,6
574,29,6
574,30,6
574,31,6
574,32,6
574,33,6
574,34,6
574,35,6
574,36,6
574,37,6
574,38,6
575,1,6
575,2,6
575,3,6
575,4,6
575,5,6
575,6,6
575,7,6
575,8,6
575,9,6
575,10,6
575,11,6
575,12,6
575,13,6
575,14,6
575,15,6
575,16,6
575,17,6
575,18,6
575,19,6
575,20,6
575,21,6
575,22,6
575,23,6
575,24,6
575,25,6
575,26,6
575,27,6
575,28,6
575,29,6
575,30,6
575,31,6
575,32,6
575,33,6
575,34,6
575,35,6
575,36,6
575,37,6
575,38,6
576,1,6
576,2,6
576,3,6
576,4,6
576,5,6
576,6,6
576,7,6
576,8,6
576,9,6
576,10,6
576,11,6
576,12,6
576,13,6
576,14,6
576,15,6
576,16,6
576,17,6
576,18,6
576,19,6
576,20,6
576,21,6
576,22,6
576,23,6
576,24,6
576,25,6
576,26,6
576,27,6
576,28,6
576,29,6
576,30,6
576,31,6
576,32,6
576,33,6
576,34,6
576,35,6
576,36,6
576,37,6
576,38,6
577,1,6
577,2,6
577,3,6
577,4,6
577,5,6
577,6,6
577,7,6
577,8,6
577,9,6
577,10,6
577,11,6
577,12,6
577,13,6
577,14,6
577,15,6
577,16,6
577,17,6
577,18,6
577,19,6
577,20,6
577,21,6
577,22,6
577,23,6
577,24,6
577,25,6
577,26,6
577,27,6
577,28,6
577,29,6
577,30,6
577,31,6
577,32,6
577,33,6
577,34,6
577,35,6
577,36,6
577,37,6
577,38,6
578,1,6
578,2,6
578,3,6
578,4,6
578,5,6
578,6,6
578,7,6
578,8,6
578,9,6
578,10,6
578,11,6
578,12,6
578,13,6
578,14,6
578,15,6
578,16,6
578,17,6
578,18,6
578,19,6
578,20,6
578,21,6
578,22,6
578,23,6
578,24,6
578,25,6
578,26,6
578,27,6
578,28,6
578,29,6
578,30,6
578,31,6
578,32,6
578,33,6
578,34,6
578,35,6
578,36,6
578,37,6
578,38,6
579,1,6
579,2,6
579,3,6
579,4,6
579,5,6
579,6,6
579,7,6
579,8,6
579,9,6
579,10,6
579,11,6
579,12,6
579,13,6
579,14,6
579,15,6
579,16,6
579,17,6
579,18,6
579,19,6
579,20,6
579,21,6
579,22,6
579,23,6
579,24,6
579,25,6
579,26,6
579,27,6
579,28,6
579,29,6
579,30,6
579,31,6
579,32,6
579,33,6
579,34,6
579,35,6
579,36,6
579,37,6
579,38,6
580,1,6
580,2,6
580,3,6
580,4,6
580,5,6
580,6,6
580,7,6
580,8,6
580,9,6
580,10,6
580,11,6
580,12,6
580,13,6
580,14,6
580,15,6
580,16,6
580,17,6
580,18,6
580,19,6
580,20,31
580,21,31
580,22,31
580,23,31
580,24,31
580,25,31
580,26,31
580,27,31
580,28,31
580,29,31
580,30,31
580,31,31
580,32,31
580,33,31
580,34,31
580,35,31
580,36,31
580,37,31
580,38,31
581,1,6
581,2,6
581,3,6
581,4,6
581,5,6
581,6,6
581,7,6
581,8,6
581,9,6
581,10,6
581,11,6
581,12,6
581,13,6
581,14,6
581,15,6
581,16,6
581,17,6
581,18,6
581,19,6
581,20,6
581,21,6
581,22,6
581,23,6
581,24,6
581,25,6
581,26,6
581,27,6
581,28,6
581,29,6
581,30,6
581,31,6
581,32,6
581,33,6
581,34,6
581,35,6
581,36,6
581,37,6
581,38,6
582,1,6
582,2,6
582,3,6
582,4,6
582,5,6
582,6,6
582,7,6
582,8,6
582,9,6
582,10,6
582,11,6
582,12,6
582,13,6
582,14,6
582,15,6
582,16,6
582,17,6
582,18,6
582,19,6
582,20,6
582,21,6
582,22,6
582,23,6
582,24,6
582,25,6
582,26,6
582,27,6
582,28,6
582,29,6
582,30,6
582,31,6
582,32,6
582,33,6
582,34,6
582,35,6
582,36,6
582,37,6
582,38,6
583,1,6
583,2,6
583,3,6
583,4,6
583,5,6
583,6,6
583,7,6
583,8,6
583,9,6
583,10,6
583,11,6
583,12,6
583,13,6
583,14,6
583,15,6
583,16,6
583,17,6
583,18,6
583,19,6
583,20,6
583,21,6
583,22,6
583,23,6
583,24,6
583,25,6
583,26,6
583,27,6
583,28,6
583,29,6
583,30,6
583,31,6
583,32,6
583,33,6
583,34,6
583,35,6
583,36,6
583,37,6
583,38,6
584,1,6
584,2,6
584,3,6
584,4,6
584,5,6
584,6,6
584,7,6
584,8,6
584,9,6
584,10,6
584,11,6
584,12,6
584,13,6
584,14,6
584,15,6
584,16,6
584,17,6
584,18,6
584,19,6
584,20,6
584,21,6
584,22,6
584,23,6
584,24,6
584,25,6
584,26,6
584,27,6
584,28,6
584,29,6
584,30,6
584,31,6
584,32,6
584,33,6
584,34,6
584,35,6
584,36,6
584,37,6
584,38,6
585,1,6
585,2,6
585,3,6
585,4,6
585,5,6
585,6,6
585,7,6
585,8,6
585,9,6
585,10,6
585,11,6
585,12,6
585,13,6
585,14,6
585,15,6
585,16,6
585,17,6
585,18,6
585,19,6
585,20,6
585,21,6
585,22,6
585,23,6
585,24,6
585,25,6
585,26,6
585,27,6
585,28,6
585,29,6
585,30,6
585,31,6
585,32,6
585,33,6
585,34,6
585,35,6
585,36,6
585,37,6
585,38,6
586,1,6
586,2,6
586,3,6
586,4,6
586,5,6
586,6,6
586,7,6
586,8,6
586,9,6
586,10,6
586,11,6
586,12,6
586,13,6
586,14,6
586,15,6
586,16,6
586,17,6
586,18,6
586,19,6
586,20,6
586,21,6
586,22,6
586,23,6
586,24,6
586,25,6
586,26,6
586,27,6
586,28,6
586,29,6
586,30,6
586,31,6
586,32,6
586,33,6
586,34,6
586,35,6
586,36,6
586,37,6
586,38,6
587,1,6
587,2,6
587,3,6
587,4,6
587,5,6
587,6,6
587,7,6
587,8,6
587,9,6
587,10,6
587,11,6
587,12,6
587,13,6
587,14,6
587,15,6
587,16,6
587,17,6
587,18,6
587,19,6
587,20,6
587,21,6
587,22,6
587,23,6
587,24,6
587,25,6
587,26,6
587,27,6
587,28,6
587,29,6
587,30,6
587,31,6
587,32,6
587,33,6
587,34,6
587,35,6
587,36,6
587,37,6
587,38,6
588,1,6
588,2,6
588,3,6
588,4,6
588,5,6
588,6,6
588,7,6
588,8,6
588,9,6
588,10,6
588,11,6
588,12,6
588,13,6
588,14,6
588,15,6
588,16,6
588,17,6
588,18,6
588,19,6
588,20,6
588,21,6
588,22,6
588,23,6
588,24,6
588,25,6
588,26,6
588,27,6
588,28,6
588,29,6
588,30,6
588,31,6
588,32,6
588,33,6
588,34,6
588,35,6
588,36,6
588,37,6
588,38,6
589,1,6
589,2,6
589,3,6
589,4,6
589,5,6
589,6,6
589,7,6
589,8,6
589,9,6
589,10,6
589,11,6
589,12,6
589,13,6
589,14,6
589,15,6
589,16,6
589,17,6
589,18,6
589,19,6
589,20,6
589,21,6
589,22,6
589,23,6
589,24,6
589,25,6
589,26,6
589,27,6
589,28,6
589,29,6
589,30,6
589,31,6
589,32,6
589,33,6
589,34,6
589,35,6
589,36,6
589,37,6
589,38,6
590,1,6
590,2,6
590,3,6
590,4,6
590,5,6
590,6,6
590,7,6
590,8,6
590,9,6
590,10,6
590,11,6
590,12,6
590,13,6
590,14,6
590,15,6
590,16,6
590,17,6
590,18,6
590,19,6
590,20,6
590,21,6
590,22,6
590,23,6
590,24,6
590,25,6
590,26,6
590,27,6
590,28,6
590,29,6
590,30,6
590,31,6
590,32,6
590,33,6
590,34,6
590,35,6
590,36,6
590,37,6
590,38,6
591,1,6
591,2,6
591,3,6
591,4,6
591,5,6
591,6,6
591,7,6
591,8,6
591,9,6
591,10,6
591,11,6
591,12,6
591,13,6
591,14,6
591,15,6
591,16,6
591,17,6
591,18,6
591,19,6
591,20,6
591,21,6
591,22,6
591,23,6
591,24,6
591,25,6
591,26,6
591,27,6
591,28,6
591,29,6
591,30,6
591,31,6
591,32,6
591,33,6
591,34,6
591,35,6
591,36,6
591,37,6
591,38,6
592,1,6
592,2,6
592,3,6
592,4,6
592,5,6
592,6,6
592,7,6
592,8,6
592,9,6
592,10,6
592,11,6
592,12,6
592,13,6
592,14,6
592,15,6
592,16,6
592,17,6
592,18,6
592,19,6
592,20,6
592,21,6
592,22,6
592,23,6
592,24,6
592,25,6
592,26,6
592,27,6
592,28,6
592,29,6
592,30,6
592,31,6
592,32,6
592,33,6
592,34,6
592,35,6
592,36,6
592,37,6
592,38,6
593,1,6
593,2,6
593,3,6
593,4,6
593,5,6
593,6,6
593,7,6
593,8,6
593,9,6
593,10,6
593,11,6
593,12,6
593,13,6
593,14,6
593,15,6
593,16,6
593,17,6
593,18,6
593,19,6
593,20,6
593,21,6
593,22,6
593,23,6
593,24,6
593,25,6
593,26,6
593,27,6
593,28,6
593,29,6
593,30,6
593,31,6
593,32,6
593,33,6
593,34,6
593,35,6
593,36,6
593,37,6
593,38,6
594,1,6
594,2,6
594,3,6
594,4,6
594,5,6
594,6,6
594,7,6
594,8,6
594,9,6
594,10,6
594,11,6
594,12,6
594,13,6
594,14,6
594,15,6
594,16,6
594,17,6
594,18,6
594,19,6
594,20,6
594,21,6
594,22,6
594,23,6
594,24,6
594,25,6
594,26,6
594,27,6
594,28,6
594,29,6
594,30,6
594,31,6
594,32,6
594,33,6
594,34,6
594,35,6
594,36,6
594,37,6
594,38,6
595,1,6
595,2,6
595,3,6
595,4,6
595,5,6
595,6,6
595,7,6
595,8,6
595,9,6
595,10,6
595,11,6
595,12,6
595,13,6
595,14,6
595,15,6
595,16,6
595,17,6
595,18,6
595,19,6
595,20,6
595,21,6
595,22,6
595,23,6
595,24,6
595,25,6
595,26,6
595,27,6
595,28,6
595,29,6
595,30,6
595,31,6
595,32,6
595,33,6
595,34,6
595,35,6
595,36,6
595,37,6
595,38,6
596,1,6
596,2,6
596,3,6
596,4,6
596,5,6
596,6,6
596,7,6
596,8,6
596,9,6
596,10,6
596,11,6
596,12,6
596,13,6
596,14,6
596,15,6
596,16,6
596,17,6
596,18,6
596,19,6
596,20,6
596,21,6
596,22,6
596,23,6
596,24,6
596,25,6
596,26,6
596,27,6
596,28,6
596,29,6
596,30,6
596,31,6
596,32,6
596,33,6
596,34,6
596,35,6
596,36,6
596,37,6
596,38,6
597,1,6
597,2,6
597,3,6
597,4,6
597,5,6
597,6,6
597,7,6
597,8,6
597,9,6
597,10,6
597,11,6
597,12,6
597,13,6
597,14,6
597,15,6
597,16,6
597,17,6
597,18,6
597,19,6
597,20,6
597,21,6
597,22,6
597,23,6
597,24,6
597,25,6
597,26,6
597,27,6
597,28,6
597,29,6
597,30,6
597,31,6
597,32,6
597,33,6
597,34,6
597,35,6
597,36,6
597,37,6
597,38,6
598,1,6
598,2,6
598,3,6
598,4,6
598,5,6
598,6,6
598,7,6
598,8,6
598,9,6
598,10,6
598,11,6
598,12,6
598,13,6
598,14,6
598,15,6
598,16,6
598,17,6
598,18,6
598,19,6
598,20,6
598,21,6
598,22,6
598,23,6
598,24,6
598,25,6
598,26,6
598,27,6
598,28,6
598,29,6
598,30,6
598,31,6
598,32,6
598,33,6
598,34,6
598,35,6
598,36,6
598,37,6
598,38,6
599,1,6
599,2,6
599,3,6
599,4,6
599,5,6
599,6,6
599,7,6
599,8,6
599,9,6
599,10,6
599,11,6
599,12,6
599,13,6
599,14,6
599,15,6
599,16,6
599,17,6
599,18,6
599,19,6
599,20,6
599,21,6
599,22,6
599,23,6
599,24,6
599,25,6
599,26,6
599,27,6
599,28,6
599,29,6
599,30,6
599,31,6
599,32,6
599,33,6
599,34,6
599,35,6
599,36,6
599,37,6
599,38,6
600,1,21
600,2,21
600,3,21
600,4,21
600,5,21
600,6,21
600,7,21
600,8,21
600,9,21
600,10,21
600,11,21
600,12,21
600,13,21
600,14,21
600,15,21
600,16,21
600,17,21
600,18,21
600,19,21
600,20,21
600,21,21
600,22,21
600,23,21
600,24,21
600,25,21
600,26,21
600,27,21
600,28,21
600,29,21
600,30,21
600,31,21
600,32,21
600,33,21
600,34,21
600,35,21
600,36,21
600,37,21
600,38,21
601,1,21
601,2,21
601,3,21
601,4,21
601,5,21
601,6,21
601,7,21
601,8,21
601,9,21
601,10,21
601,11,21
601,12,21
601,13,21
601,14,21
601,15,21
601,16,21
601,17,21
601,18,21
601,19,21
601,20,21
601,21,21
601,22,21
601,23,21
601,24,21
601,25,21
601,26,21
601,27,21
601,28,21
601,29,21
601,30,21
601,31,21
601,32,21
601,33,21
601,34,21
601,35,21
601,36,21
601,37,21
601,38,21
602,1,21
602,2,21
602,3,21
602,4,21
602,5,21
602,6,21
602,7,21
602,8,21
602,9,21
602,10,21
602,11,21
602,12,21
602,13,21
602,14,21
602,15,21
602,16,21
602,17,21
602,18,21
602,19,21
602,20,21
602,21,21
602,22,21
602,23,21
602,24,21
602,25,21
602,26,21
602,27,21
602,28,21
602,29,21
602,30,21
602,31,21
602,32,21
602,33,21
602,34,21
602,35,21
602,36,21
602,37,21
602,38,21
603,1,21
603,2,21
603,3,21
603,4,21
603,5,21
603,6,21
603,7,21
603,8,21
603,9,21
603,10,21
603,11,21
603,12,21
603,13,21
603,14,21
603,15,21
603,16,21
603,17,21
603,18,21
603,19,21
603,20,21
603,21,21
603,22,21
603,23,21
603,24,21
603,25,21
603,26,21
603,27,21
603,28,21
603,29,21
603,30,21
603,31,21
603,32,21
603,33,21
603,34,21
603,35,21
603,36,21
603,37,21
603,38,21
604,1,21
604,2,21
604,3,21
604,4,21
604,5,21
604,6,21
604,7,21
604,8,21
604,9,21
604,10,21
604,11,21
604,12,21
604,13,21
604,14,21
604,15,21
604,16,21
604,17,21
604,18,21
604,19,21
604,20,21
604,21,21
604,22,21
604,23,21
604,24,21
604,25,21
604,26,21
604,27,21
604,28,21
604,29,21
604,30,21
604,31,21
604,32,21
604,33,21
604,34,21
604,35,21
604,36,21
604,37,21
604,38,21
605,1,21
605,2,21
605,3,21
605,4,21
605,5,21
605,6,21
605,7,21
605,8,21
605,9,21
605,10,21
605,11,21
605,12,21
605,13,21
605,14,21
605,15,21
605,16,21
605,17,21
605,18,21
605,19,21
605,20,21
605,21,21
605,22,21
605,23,21
605,24,21
605,25,21
605,26,21
605,27,21
605,28,21
605,29,21
605,30,21
605,31,21
605,32,21
605,33,21
605,34,21
605,35,21
605,36,21
605,37,21
605,38,21
606,1,21
606,2,21
606,3,21
606,4,21
606,5,21
606,6,21
606,7,21
606,8,21
606,9,21
606,10,21
606,11,21
606,12,21
606,13,21
606,14,21
606,15,21
606,16,21
606,17,21
606,18,21
606,19,21
606,20,21
606,21,21
606,22,21
606,23,21
606,24,21
606,25,21
606,26,21
606,27,21
606,28,21
606,29,21
606,30,21
606,31,21
606,32,21
606,33,21
606,34,21
606,35,21
606,36,21
606,37,21
606,38,21
607,1,21
607,2,21
607,3,21
607,4,21
607,5,21
607,6,21
607,7,21
607,8,21
607,9,21
607,10,21
607,11,21
607,12,21
607,13,21
607,14,21
607,15,21
607,16,21
607,17,21
607,18,21
607,19,21
607,20,21
607,21,21
607,22,21
607,23,21
607,24,21
607,25,21
607,26,21
607,27,21
607,28,21
607,29,21
607,30,21
607,31,21
607,32,21
607,33,21
607,34,21
607,35,21
607,36,21
607,37,21
607,38,21
608,1,21
608,2,21
608,3,21
608,4,21
608,5,21
608,6,21
608,7,21
608,8,21
608,9,21
608,10,21
608,11,21
608,12,21
608,13,21
608,14,21
608,15,21
608,16,21
608,17,21
608,18,21
608,19,21
608,20,21
608,21,21
608,22,21
608,23,21
608,24,21
608,25,21
608,26,21
608,27,21
608,28,21
608,29,21
608,30,21
608,31,21
608,32,21
608,33,21
608,34,21
608,35,21
608,36,21
608,37,21
608,38,21
609,1,21
609,2,21
609,3,21
609,4,21
609,5,21
609,6,21
609,7,21
609,8,21
609,9,21
609,10,21
609,11,21
609,12,21
609,13,21
609,14,21
609,15,21
609,16,21
609,17,21
609,18,21
609,19,21
609,20,21
609,21,21
609,22,21
609,23,21
609,24,21
609,25,21
609,26,21
609,27,21
609,28,21
609,29,21
609,30,21
609,31,21
609,32,21
609,33,21
609,34,21
609,35,21
609,36,21
609,37,21
609,38,21
610,1,21
610,2,21
610,3,21
610,4,21
610,5,21
610,6,21
610,7,21
610,8,21
610,9,21
610,10,21
610,11,21
610,12,21
610,13,21
610,14,21
610,15,21
610,16,21
610,17,21
610,18,21
610,19,21
610,20,21
610,21,21
610,22,21
610,23,21
610,24,21
610,25,21
610,26,21
610,27,21
610,28,21
610,29,21
610,30,21
610,31,21
610,32,21
610,33,21
610,34,21
610,35,21
610,36,21
610,37,21
610,38,21
611,1,21
611,2,21
611,3,21
611,4,21
611,5,21
611,6,21
611,7,21
611,8,21
611,9,21
611,10,21
611,11,21
611,12,21
611,13,21
611,14,21
611,15,21
611,16,21
611,17,21
611,18,21
611,19,21
611,20,21
611,21,21
611,22,21
611,23,21
611,24,21
611,25,21
611,26,21
611,27,21
611,28,21
611,29,21
611,30,21
611,31,21
611,32,21
611,33,21
611,34,21
611,35,21
611,36,21
611,37,21
611,38,21
612,1,21
612,2,21
612,3,21
612,4,21
612,5,21
612,6,21
612,7,21
612,8,21
612,9,21
612,10,21
612,11,21
612,12,21
612,13,21
612,14,21
612,15,21
612,16,21
612,17,21
612,18,21
612,19,21
612,20,21
612,21,21
612,22,21
612,23,21
612,24,21
612,25,21
612,26,21
612,27,21
612,28,21
612,29,21
612,30,21
612,31,21
612,32,21
612,33,21
612,34,21
612,35,21
612,36,21
612,37,21
612,38,21
613,1,21
613,2,21
613,3,21
613,4,21
613,5,21
613,6,21
613,7,21
613,8,21
613,9,21
613,10,21
613,11,21
613,12,21
613,13,21
613,14,21
613,15,21
613,16,21
613,17,21
613,18,21
613,19,21
613,20,21
613,21,21
613,22,21
613,23,21
613,24,21
613,25,21
613,26,21
613,27,21
613,28,21
613,29,21
613,30,21
613,31,21
613,32,21
613,33,21
613,34,21
613,35,21
613,36,21
613,37,21
613,38,21
614,1,21
614,2,21
614,3,21
614,4,21
614,5,21
614,6,21
614,7,21
614,8,21
614,9,21
614,10,21
614,11,21
614,12,21
614,13,21
614,14,21
614,15,21
614,16,21
614,17,21
614,18,21
614,19,21
614,20,21
614,21,21
614,22,21
614,23,21
614,24,90
614,25,90
614,26,90
614,27,90
614,28,90
614,29,90
614,30,90
614,31,90
614,32,90
614,33,90
614,34,90
614,35,90
614,36,90
614,37,90
614,38,90
615,1,21
615,2,21
615,3,21
615,4,21
615,5,21
615,6,21
615,7,21
615,8,21
615,9,21
615,10,21
615,11,21
615,12,21
615,13,21
615,14,21
615,15,21
615,16,21
615,17,21
615,18,21
615,19,21
615,20,21
615,21,21
615,22,21
615,23,21
615,24,21
615,25,21
615,26,21
615,27,21
615,28,21
615,29,21
615,30,21
615,31,21
615,32,21
615,33,21
615,34,21
615,35,21
615,36,21
615,37,21
615,38,21
616,1,21
616,2,21
616,3,21
616,4,21
616,5,21
616,6,21
616,7,21
616,8,21
616,9,21
616,10,21
616,11,21
616,12,21
616,13,21
616,14,21
616,15,21
616,16,21
616,17,21
616,18,21
616,19,21
616,20,21
616,21,21
616,22,21
616,23,21
616,24,21
616,25,21
616,26,21
616,27,21
616,28,21
616,29,21
616,30,21
616,31,21
616,32,21
616,33,21
616,34,21
616,35,21
616,36,21
616,37,21
616,38,21
617,1,21
617,2,21
617,3,21
617,4,21
617,5,21
617,6,21
617,7,21
617,8,21
617,9,21
617,10,21
617,11,21
617,12,21
617,13,21
617,14,21
617,15,21
617,16,21
617,17,21
617,18,21
617,19,21
617,20,21
617,21,21
617,22,21
617,23,21
617,24,21
617,25,21
617,26,21
617,27,21
617,28,21
617,29,21
617,30,21
617,31,21
617,32,21
617,33,21
617,34,21
617,35,21
617,36,21
617,37,21
617,38,21
618,1,21
618,2,21
618,3,21
618,4,21
618,5,21
618,6,21
618,7,21
618,8,21
618,9,21
618,10,21
618,11,21
618,12,21
618,13,21
618,14,21
618,15,21
618,16,21
618,17,21
618,18,21
618,19,21
618,20,21
618,21,21
618,22,21
618,23,21
618,24,21
618,25,21
618,26,21
618,27,21
618,28,21
618,29,21
618,30,21
618,31,21
618,32,21
618,33,21
618,34,21
618,35,21
618,36,21
618,37,21
618,38,21
619,1,21
619,2,21
619,3,21
619,4,21
619,5,21
619,6,21
619,7,21
619,8,21
619,9,21
619,10,21
619,11,21
619,12,21
619,13,21
619,14,21
619,15,21
619,16,21
619,17,21
619,18,21
619,19,21
619,20,21
619,21,21
619,22,21
619,23,21
619,24,21
619,25,21
619,26,21
619,27,21
619,28,21
619,29,21
619,30,21
619,31,21
619,32,21
619,33,21
619,34,21
619,35,21
619,36,21
619,37,21
619,38,21
620,1,21
620,2,21
620,3,21
620,4,21
620,5,21
620,6,21
620,7,21
620,8,21
620,9,21
620,10,21
620,11,21
620,12,21
620,13,21
620,14,21
620,15,21
620,16,21
620,17,21
620,18,21
620,19,21
620,20,21
620,21,21
620,22,21
620,23,21
620,24,21
620,25,21
620,26,21
620,27,21
620,28,21
620,29,21
620,30,21
620,31,21
620,32,21
620,33,21
620,34,21
620,35,21
620,36,21
620,37,21
620,38,21
621,1,21
621,2,21
621,3,21
621,4,21
621,5,21
621,6,21
621,7,21
621,8,21
621,9,21
621,10,21
621,11,21
621,12,21
621,13,21
621,14,21
621,15,21
621,16,21
621,17,21
621,18,21
621,19,21
621,20,21
621,21,21
621,22,21
621,23,21
621,24,21
621,25,21
621,26,21
621,27,21
621,28,21
621,29,21
621,30,21
621,31,21
621,32,21
621,33,21
621,34,21
621,35,21
621,36,21
621,37,21
621,38,21
622,1,21
622,2,21
622,3,21
622,4,21
622,5,21
622,6,21
622,7,21
622,8,21
622,9,21
622,10,21
622,11,21
622,12,21
622,13,21
622,14,21
622,15,21
622,16,21
622,17,21
622,18,21
622,19,21
622,20,21
622,21,21
622,22,21
622,23,21
622,24,21
622,25,21
622,26,21
622,27,21
622,28,21
622,29,21
622,30,21
622,31,21
622,32,21
622,33,21
622,34,21
622,35,21
622,36,21
622,37,21
622,38,21
623,1,21
623,2,21
623,3,21
623,4,21
623,5,21
623,6,21
623,7,21
623,8,21
623,9,21
623,10,21
623,11,21
623,12,21
623,13,21
623,14,21
623,15,21
623,16,21
623,17,21
623,18,21
623,19,21
623,20,21
623,21,21
623,22,21
623,23,21
623,24,21
623,25,21
623,26,21
623,27,21
623,28,21
623,29,21
623,30,21
623,31,21
623,32,21
623,33,21
623,34,21
623,35,21
623,36,21
623,37,21
623,38,21
624,1,21
624,2,21
624,3,21
624,4,21
624,5,21
624,6,21
624,7,21
624,8,21
624,9,21
624,10,21
624,11,21
624,12,21
624,13,21
624,14,21
624,15,21
624,16,21
624,17,21
624,18,21
624,19,21
624,20,21
624,21,21
624,22,21
624,23,21
624,24,21
624,25,21
624,26,21
624,27,21
624,28,21
624,29,21
624,30,21
624,31,21
624,32,21
624,33,21
624,34,21
624,35,21
624,36,21
624,37,21
624,38,21
625,1,21
625,2,21
625,3,21
625,4,21
625,5,21
625,6,21
625,7,21
625,8,21
625,9,21
625,10,21
625,11,21
625,12,21
625,13,21
625,14,21
625,15,21
625,16,21
625,17,21
625,18,21
625,19,21
625,20,21
625,21,21
625,22,21
625,23,21
625,24,21
625,25,21
625,26,21
625,27,21
625,28,21
625,29,21
625,30,21
625,31,21
625,32,21
625,33,21
625,34,21
625,35,21
625,36,21
625,37,21
625,38,21
626,1,21
626,2,21
626,3,21
626,4,21
626,5,21
626,6,21
626,7,21
626,8,21
626,9,21
626,10,21
626,11,21
626,12,21
626,13,21
626,14,21
626,15,21
626,16,21
626,17,21
626,18,21
626,19,21
626,20,21
626,21,21
626,22,21
626,23,21
626,24,21
626,25,21
626,26,21
626,27,21
626,28,21
626,29,21
626,30,21
626,31,21
626,32,21
626,33,21
626,34,21
626,35,21
626,36,21
626,37,21
626,38,21
627,1,39
627,2,39
627,3,39
627,4,39
627,5,39
627,6,39
627,7,39
627,8,39
627,9,39
627,10,39
627,11,39
627,12,39
627,13,39
627,14,39
627,15,39
627,16,39
627,17,39
627,18,39
627,19,39
627,20,39
627,21,39
627,22,39
627,23,39
627,24,39
627,25,39
627,26,39
627,27,39
627,28,39
627,29,39
627,30,39
627,31,39
627,32,39
627,33,39
627,34,39
627,35,39
627,36,39
627,37,39
627,38,39
628,1,39
628,2,39
628,3,39
628,4,39
628,5,39
628,6,39
628,7,39
628,8,39
628,9,39
628,10,39
628,11,39
628,12,39
628,13,39
628,14,39
628,15,39
628,16,39
628,17,39
628,18,39
628,19,39
628,20,39
628,21,39
628,22,39
628,23,39
628,24,39
628,25,39
628,26,39
628,27,39
628,28,39
628,29,39
628,30,39
628,31,39
628,32,39
628,33,39
628,34,39
628,35,39
628,36,39
628,37,39
628,38,39
629,1,39
629,2,39
629,3,39
629,4,39
629,5,39
629,6,39
629,7,39
629,8,39
629,9,39
629,10,39
629,11,39
629,12,39
629,13,39
629,14,39
629,15,39
629,16,39
629,17,39
629,18,39
629,19,39
629,20,39
629,21,39
629,22,39
629,23,39
629,24,39
629,25,39
629,26,39
629,27,39
629,28,39
629,29,39
629,30,39
629,31,39
629,32,39
629,33,39
629,34,39
629,35,39
629,36,39
629,37,39
629,38,39
630,1,39
630,2,11
630,3,11
630,4,11
630,5,11
630,6,11
630,7,11
630,8,11
630,9,11
630,10,11
630,11,11
630,12,11
630,13,11
630,14,11
630,15,11
630,16,11
630,17,11
630,18,11
630,19,11
630,20,11
630,21,11
630,22,11
630,23,11
630,24,11
630,25,11
630,26,11
630,27,11
630,28,11
630,29,11
630,30,11
630,31,11
630,32,11
630,33,11
630,34,11
630,35,11
630,36,11
630,37,11
630,38,11
631,1,39
631,2,39
631,3,39
631,4,39
631,5,39
631,6,39
631,7,39
631,8,39
631,9,39
631,10,39
631,11,39
631,12,39
631,13,39
631,14,39
631,15,39
631,16,39
631,17,39
631,18,39
631,19,39
631,20,39
631,21,39
631,22,39
631,23,39
631,24,39
631,25,39
631,26,39
631,27,39
631,28,39
631,29,39
631,30,39
631,31,39
631,32,39
631,33,39
631,34,39
631,35,39
631,36,39
631,37,39
631,38,39
632,1,39
632,2,39
632,3,39
632,4,39
632,5,39
632,6,39
632,7,39
632,8,39
632,9,39
632,10,39
632,11,39
632,12,39
632,13,39
632,14,39
632,15,39
632,16,39
632,17,39
632,18,39
632,19,39
632,20,39
632,21,39
632,22,39
632,23,39
632,24,39
632,25,39
632,26,39
632,27,39
632,28,39
632,29,39
632,30,39
632,31,39
632,32,39
632,33,39
632,34,39
632,35,39
632,36,39
632,37,39
632,38,39
633,1,39
633,2,39
633,3,39
633,4,39
633,5,39
633,6,39
633,7,39
633,8,39
633,9,39
633,10,39
633,11,39
633,12,39
633,13,39
633,14,39
633,15,39
633,16,39
633,17,39
633,18,39
633,19,39
633,20,39
633,21,39
633,22,39
633,23,39
633,24,39
633,25,39
633,26,39
633,27,39
633,28,39
633,29,39
633,30,39
633,31,39
633,32,39
633,33,39
633,34,39
633,35,39
633,36,39
633,37,39
633,38,39
634,1,39
634,2,39
634,3,39
634,4,39
634,5,39
634,6,39
634,7,39
634,8,39
634,9,39
634,10,39
634,11,39
634,12,39
634,13,39
634,14,39
634,15,39
634,16,39
634,17,39
634,18,39
634,19,39
634,20,39
634,21,39
634,22,39
634,23,39
634,24,39
634,25,39
634,26,39
634,27,39
634,28,39
634,29,39
634,30,39
634,31,39
634,32,39
634,33,39
634,34,39
634,35,39
634,36,39
634,37,39
634,38,39
635,1,39
635,2,39
635,3,39
635,4,39
635,5,39
635,6,39
635,7,39
635,8,39
635,9,39
635,10,39
635,11,39
635,12,39
635,13,39
635,14,39
635,15,39
635,16,39
635,17,39
635,18,39
635,19,39
635,20,39
635,21,39
635,22,39
635,23,39
635,24,39
635,25,39
635,26,39
635,27,39
635,28,39
635,29,39
635,30,39
635,31,39
635,32,39
635,33,39
635,34,39
635,35,39
635,36,39
635,37,39
635,38,39
636,1,39
636,2,39
636,3,39
636,4,39
636,5,39
636,6,39
636,7,39
636,8,39
636,9,39
636,10,39
636,11,39
636,12,39
636,13,39
636,14,39
636,15,39
636,16,39
636,17,39
636,18,39
636,19,39
636,20,39
636,21,39
636,22,39
636,23,39
636,24,39
636,25,39
636,26,39
636,27,39
636,28,39
636,29,39
636,30,39
636,31,39
636,32,39
636,33,39
636,34,39
636,35,39
636,36,39
636,37,39
636,38,39
637,1,39
637,2,39
637,3,39
637,4,39
637,5,39
637,6,39
637,7,39
637,8,39
637,9,39
637,10,39
637,11,39
637,12,39
637,13,39
637,14,39
637,15,39
637,16,39
637,17,39
637,18,39
637,19,39
637,20,39
637,21,39
637,22,39
637,23,39
637,24,39
637,25,39
637,26,39
637,27,39
637,28,39
637,29,39
637,30,39
637,31,39
637,32,39
637,33,39
637,34,39
637,35,39
637,36,39
637,37,39
637,38,39
638,1,39
638,2,39
638,3,39
638,4,39
638,5,39
638,6,39
638,7,39
638,8,39
638,9,39
638,10,39
638,11,39
638,12,39
638,13,39
638,14,39
638,15,39
638,16,39
638,17,39
638,18,39
638,19,39
638,20,39
638,21,39
638,22,39
638,23,39
638,24,39
638,25,39
638,26,39
638,27,39
638,28,39
638,29,39
638,30,39
638,31,39
638,32,39
638,33,39
638,34,39
638,35,39
638,36,39
638,37,39
638,38,39
639,1,39
639,2,39
639,3,39
639,4,39
639,5,39
639,6,39
639,7,39
639,8,39
639,9,39
639,10,39
639,11,39
639,12,39
639,13,39
639,14,39
639,15,39
639,16,39
639,17,39
639,18,39
639,19,39
639,20,39
639,21,39
639,22,39
639,23,39
639,24,39
639,25,39
639,26,39
639,27,39
639,28,39
639,29,39
639,30,39
639,31,39
639,32,39
639,33,39
639,34,39
639,35,39
639,36,39
639,37,39
639,38,39
640,1,39
640,2,39
640,3,39
640,4,39
640,5,39
640,6,39
640,7,39
640,8,39
640,9,39
640,10,39
640,11,39
640,12,39
640,13,39
640,14,39
640,15,39
640,16,39
640,17,39
640,18,39
640,19,39
640,20,39
640,21,39
640,22,39
640,23,39
640,24,39
640,25,39
640,26,39
640,27,39
640,28,39
640,29,39
640,30,39
640,31,39
640,32,39
640,33,39
640,34,39
640,35,39
640,36,39
640,37,39
640,38,39
641,1,39
641,2,39
641,3,39
641,4,39
641,5,39
641,6,39
641,7,39
641,8,39
641,9,39
641,10,39
641,11,39
641,12,39
641,13,39
641,14,39
641,15,39
641,16,39
641,17,39
641,18,39
641,19,39
641,20,39
641,21,39
641,22,39
641,23,39
641,24,39
641,25,39
641,26,39
641,27,39
641,28,39
641,29,39
641,30,39
641,31,39
641,32,39
641,33,39
641,34,39
641,35,39
641,36,39
641,37,39
641,38,39
642,1,39
642,2,39
642,3,39
642,4,39
642,5,39
642,6,39
642,7,39
642,8,39
642,9,39
642,10,39
642,11,39
642,12,39
642,13,39
642,14,39
642,15,39
642,16,39
642,17,39
642,18,39
642,19,39
642,20,39
642,21,39
642,22,39
642,23,39
642,24,39
642,25,39
642,26,39
642,27,39
642,28,39
642,29,39
642,30,39
642,31,39
642,32,39
642,33,39
642,34,39
642,35,39
642,36,39
642,37,39
642,38,39
643,1,39
643,2,39
643,3,39
643,4,39
643,5,39
643,6,39
643,7,39
643,8,39
643,9,39
643,10,39
643,11,39
643,12,39
643,13,39
643,14,39
643,15,39
643,16,39
643,17,39
643,18,39
643,19,39
643,20,39
643,21,39
643,22,39
643,23,39
643,24,39
643,25,39
643,26,39
643,27,39
643,28,39
643,29,39
643,30,39
643,31,39
643,32,39
643,33,39
643,34,39
643,35,39
643,36,39
643,37,39
643,38,39
644,1,39
644,2,39
644,3,39
644,4,39
644,5,39
644,6,39
644,7,39
644,8,39
644,9,39
644,10,39
644,11,39
644,12,39
644,13,39
644,14,39
644,15,39
644,16,39
644,17,39
644,18,39
644,19,39
644,20,39
644,21,39
644,22,39
644,23,39
644,24,39
644,25,39
644,26,39
644,27,39
644,28,39
644,29,39
644,30,39
644,31,39
644,32,39
644,33,39
644,34,39
644,35,39
644,36,39
644,37,39
644,38,39
645,1,39
645,2,39
645,3,39
645,4,39
645,5,39
645,6,39
645,7,39
645,8,39
645,9,39
645,10,39
645,11,39
645,12,39
645,13,39
645,14,39
645,15,39
645,16,39
645,17,39
645,18,39
645,19,39
645,20,39
645,21,39
645,22,39
645,23,39
645,24,39
645,25,39
645,26,39
645,27,39
645,28,39
645,29,39
645,30,39
645,31,39
645,32,39
645,33,39
645,34,39
645,35,39
645,36,39
645,37,39
645,38,39
646,1,39
646,2,39
646,3,39
646,4,39
646,5,39
646,6,39
646,7,39
646,8,39
646,9,39
646,10,39
646,11,39
646,12,39
646,13,39
646,14,39
646,15,39
646,16,39
646,17,39
646,18,39
646,19,39
646,20,39
646,21,39
646,22,39
646,23,39
646,24,39
646,25,39
646,26,39
646,27,39
646,28,39
646,29,39
646,30,39
646,31,39
646,32,39
646,33,39
646,34,39
646,35,39
646,36,39
646,37,39
646,38,39
647,1,39
647,2,39
647,3,39
647,4,39
647,5,39
647,6,39
647,7,39
647,8,39
647,9,39
647,10,39
647,11,39
647,12,39
647,13,39
647,14,39
647,15,39
647,16,39
647,17,39
647,18,39
647,19,39
647,20,39
647,21,39
647,22,39
647,23,39
647,24,39
647,25,39
647,26,39
647,27,39
647,28,39
647,29,39
647,30,39
647,31,39
647,32,39
647,33,39
647,34,39
647,35,39
647,36,39
647,37,39
647,38,39
648,1,39
648,2,39
648,3,39
648,4,39
648,5,39
648,6,39
648,7,39
648,8,39
648,9,39
648,10,39
648,11,39
648,12,39
648,13,39
648,14,39
648,15,39
648,16,39
648,17,39
648,18,39
648,19,39
648,20,39
648,21,39
648,22,39
648,23,39
648,24,39
648,25,39
648,26,39
648,27,39
648,28,39
648,29,39
648,30,39
648,31,39
648,32,39
648,33,39
648,34,39
648,35,39
648,36,39
648,37,39
648,38,39
649,1,39
649,2,39
649,3,39
649,4,39
649,5,39
649,6,39
649,7,39
649,8,39
649,9,39
649,10,39
649,11,39
649,12,39
649,13,39
649,14,39
649,15,39
649,16,39
649,17,39
649,18,39
649,19,39
649,20,39
649,21,39
649,22,39
649,23,39
649,24,39
649,25,39
649,26,39
649,27,39
649,28,39
649,29,39
649,30,39
649,31,39
649,32,39
649,33,39
649,34,39
649,35,39
649,36,39
649,37,39
649,38,39
650,1,39
650,2,39
650,3,39
650,4,39
650,5,39
650,6,39
650,7,39
650,8,39
650,9,39
650,10,39
650,11,39
650,12,39
650,13,39
650,14,39
650,15,39
650,16,39
650,17,39
650,18,39
650,19,39
650,20,39
650,21,39
650,22,39
650,23,39
650,24,39
650,25,39
650,26,39
650,27,39
650,28,39
650,29,39
650,30,39
650,31,39
650,32,39
650,33,39
650,34,39
650,35,39
650,36,39
650,37,39
650,38,39
651,1,39
651,2,39
651,3,39
651,4,39
651,5,39
651,6,39
651,7,39
651,8,39
651,9,39
651,10,39
651,11,39
651,12,39
651,13,39
651,14,39
651,15,39
651,16,39
651,17,39
651,18,39
651,19,39
651,20,39
651,21,39
651,22,39
651,23,39
651,24,39
651,25,39
651,26,39
651,27,39
651,28,39
651,29,39
651,30,39
651,31,39
651,32,39
651,33,39
651,34,39
651,35,39
651,36,39
651,37,39
651,38,39
652,1,39
652,2,39
652,3,39
652,4,39
652,5,39
652,6,39
652,7,39
652,8,39
652,9,39
652,10,39
652,11,39
652,12,39
652,13,39
652,14,39
652,15,39
652,16,39
652,17,39
652,18,39
652,19,39
652,20,39
652,21,39
652,22,39
652,23,39
652,24,39
652,25,39
652,26,39
652,27,39
652,28,39
652,29,39
652,30,39
652,31,39
652,32,39
652,33,39
652,34,39
652,35,39
652,36,39
652,37,39
652,38,39
653,1,39
653,2,39
653,3,39
653,4,39
653,5,39
653,6,39
653,7,39
653,8,39
653,9,39
653,10,39
653,11,39
653,12,39
653,13,39
653,14,39
653,15,39
653,16,39
653,17,39
653,18,39
653,19,39
653,20,39
653,21,39
653,22,39
653,23,39
653,24,39
653,25,39
653,26,39
653,27,39
653,28,39
653,29,39
653,30,39
653,31,39
653,32,39
653,33,39
653,34,39
653,35,39
653,36,39
653,37,39
653,38,39
654,1,39
654,2,39
654,3,39
654,4,39
654,5,39
654,6,39
654,7,39
654,8,39
654,9,39
654,10,39
654,11,39
654,12,39
654,13,39
654,14,39
654,15,39
654,16,39
654,17,39
654,18,39
654,19,39
654,20,39
654,21,39
654,22,39
654,23,39
654,24,39
654,25,31
654,26,31
654,27,31
654,28,31
654,29,31
654,30,31
654,31,31
654,32,31
654,33,31
654,34,31
654,35,31
654,36,31
654,37,31
654,38,31
655,1,39
655,2,39
655,3,39
655,4,39
655,5,39
655,6,39
655,7,39
655,8,39
655,9,39
655,10,39
655,11,39
655,12,39
655,13,39
655,14,39
655,15,39
655,16,39
655,17,39
655,18,39
655,19,39
655,20,39
655,21,39
655,22,39
655,23,39
655,24,39
655,25,39
655,26,39
655,27,39
655,28,39
655,29,39
655,30,39
655,31,39
655,32,39
655,33,39
655,34,39
655,35,39
655,36,39
655,37,39
655,38,39
656,1,39
656,2,39
656,3,39
656,4,39
656,5,39
656,6,39
656,7,39
656,8,39
656,9,39
656,10,39
656,11,39
656,12,39
656,13,39
656,14,39
656,15,39
656,16,39
656,17,39
656,18,39
656,19,39
656,20,39
656,21,39
656,22,39
656,23,39
656,24,39
656,25,39
656,26,39
656,27,39
656,28,39
656,29,39
656,30,39
656,31,39
656,32,39
656,33,39
656,34,39
656,35,39
656,36,39
656,37,39
656,38,39
657,1,39
657,2,39
657,3,39
657,4,39
657,5,39
657,6,39
657,7,39
657,8,39
657,9,39
657,10,39
657,11,39
657,12,39
657,13,39
657,14,39
657,15,39
657,16,39
657,17,39
657,18,39
657,19,39
657,20,39
657,21,39
657,22,39
657,23,39
657,24,39
657,25,39
657,26,39
657,27,39
657,28,39
657,29,39
657,30,39
657,31,39
657,32,39
657,33,39
657,34,39
657,35,39
657,36,39
657,37,39
657,38,39
658,1,39
658,2,39
658,3,39
658,4,39
658,5,39
658,6,39
658,7,39
658,8,39
658,9,39
658,10,39
658,11,39
658,12,39
658,13,39
658,14,39
658,15,39
658,16,39
658,17,39
658,18,39
658,19,39
658,20,39
658,21,39
658,22,39
658,23,39
658,24,39
658,25,39
658,26,39
658,27,39
658,28,39
658,29,39
658,30,39
658,31,39
658,32,39
658,33,39
658,34,39
658,35,39
658,36,39
658,37,39
658,38,39
659,1,21
659,2,21
659,3,21
659,4,21
659,5,21
659,6,21
659,7,21
659,8,21
659,9,21
659,10,21
659,11,21
659,12,21
659,13,21
659,14,21
659,15,21
659,16,21
659,17,21
659,18,21
659,19,21
659,20,21
659,21,21
659,22,21
659,23,21
659,24,21
659,25,21
659,26,21
659,27,21
659,28,21
659,29,21
659,30,21
659,31,21
659,32,21
659,33,21
659,34,21
659,35,21
659,36,21
659,37,21
659,38,21
660,1,2
660,2,2
660,3,2
660,4,2
660,5,2
660,6,2
660,7,2
660,8,2
660,9,2
660,10,2
660,11,2
660,12,2
660,13,2
660,14,2
660,15,2
660,16,2
660,17,2
660,18,2
660,19,2
660,20,2
660,21,2
660,22,2
660,23,2
660,24,2
660,25,2
660,26,2
660,27,2
660,28,2
660,29,2
660,30,2
660,31,2
660,32,2
660,33,2
660,34,2
660,35,2
660,36,2
660,37,2
660,38,2
661,1,14
661,2,14
661,3,14
661,4,14
661,5,14
661,6,14
661,7,14
661,8,14
661,9,14
661,10,14
661,11,14
661,12,14
661,13,14
661,14,14
661,15,14
661,16,14
661,17,14
661,18,14
661,19,14
661,20,14
661,21,14
661,22,14
661,23,14
661,24,14
661,25,14
661,26,14
661,27,14
661,28,14
661,29,14
661,30,14
661,31,14
661,32,14
661,33,14
661,34,14
661,35,14
661,36,14
661,37,14
661,38,14
662,1,3
662,2,3
662,3,3
662,4,3
662,5,3
662,6,3
662,7,3
662,8,3
662,9,3
662,10,3
662,11,3
662,12,3
662,13,3
662,14,3
662,15,3
662,16,3
662,17,3
662,18,3
662,19,3
662,20,3
662,21,3
662,22,3
662,23,3
662,24,3
662,25,3
662,26,3
662,27,3
662,28,3
662,29,3
662,30,3
662,31,3
662,32,3
662,33,3
662,34,3
662,35,3
662,36,3
662,37,3
662,38,3
663,1,39
663,2,39
663,3,39
663,4,39
663,5,39
663,6,39
663,7,39
663,8,39
663,9,39
663,10,39
663,11,39
663,12,39
663,13,39
663,14,39
663,15,39
663,16,39
663,17,39
663,18,39
663,19,39
663,20,39
663,21,39
663,22,39
663,23,39
663,24,39
663,25,39
663,26,39
663,27,39
663,28,39
663,29,39
663,30,39
663,31,39
663,32,39
663,33,39
663,34,39
663,35,39
663,36,39
663,37,39
663,38,39
664,1,54
664,2,54
664,3,54
664,4,54
664,5,54
664,6,54
664,7,54
664,8,54
664,9,54
664,10,54
664,11,54
664,12,54
664,13,54
664,14,54
664,15,54
664,16,54
664,17,54
664,18,54
664,19,54
664,20,54
664,21,54
664,22,54
664,23,54
664,24,54
664,25,54
664,26,54
664,27,54
664,28,54
664,29,54
664,30,54
664,31,54
664,32,54
664,33,54
664,34,54
664,35,54
664,36,54
664,37,54
664,38,54
665,1,2
665,2,2
665,3,2
665,4,2
665,5,2
665,6,2
665,7,2
665,8,2
665,9,2
665,10,2
665,11,2
665,12,2
665,13,2
665,14,2
665,15,2
665,16,2
665,17,2
665,18,2
665,19,2
665,20,2
665,21,2
665,22,2
665,23,2
665,24,2
665,25,2
665,26,2
665,27,2
665,28,2
665,29,2
665,30,2
665,31,2
665,32,2
665,33,2
665,34,2
665,35,2
665,36,2
665,37,2
665,38,2
666,1,3
666,2,3
666,3,3
666,4,3
666,5,3
666,6,3
666,7,3
666,8,3
666,9,3
666,10,3
666,11,3
666,12,3
666,13,3
666,14,3
666,15,3
666,16,3
666,17,3
666,18,3
666,19,3
666,20,3
666,21,3
666,22,3
666,23,3
666,24,3
666,25,3
666,26,3
666,27,3
666,28,3
666,29,3
666,30,3
666,31,3
666,32,3
666,33,3
666,34,3
666,35,3
666,36,3
666,37,3
666,38,3
667,1,11
667,2,11
667,3,11
667,4,11
667,5,11
667,6,11
667,7,11
667,8,11
667,9,11
667,10,11
667,11,11
667,12,11
667,13,11
667,14,11
667,15,11
667,16,11
667,17,11
667,18,11
667,19,11
667,20,11
667,21,11
667,22,11
667,23,11
667,24,11
667,25,11
667,26,11
667,27,11
667,28,11
667,29,11
667,30,11
667,31,11
667,32,11
667,33,11
667,34,11
667,35,11
667,36,11
667,37,11
667,38,11
668,1,56
668,2,56
668,3,56
668,4,56
668,5,56
668,6,56
668,7,56
668,8,56
668,9,56
668,10,56
668,11,56
668,12,56
668,13,56
668,14,56
668,15,56
668,16,56
668,17,56
668,18,56
668,19,56
668,20,56
668,21,56
668,22,56
668,23,56
668,24,56
668,25,56
668,26,56
668,27,56
668,28,56
668,29,56
668,30,56
668,31,56
668,32,56
668,33,56
668,34,56
668,35,56
668,36,56
668,37,56
668,38,56
669,1,17
669,2,17
669,3,17
669,4,17
669,5,17
669,6,17
669,7,17
669,8,17
669,9,17
669,10,17
669,11,17
669,12,17
669,13,17
669,14,17
669,15,17
669,16,17
669,17,17
669,18,17
669,19,17
669,20,17
669,21,17
669,22,17
669,23,17
669,24,17
669,25,17
669,26,17
669,27,17
669,28,17
669,29,17
669,30,17
669,31,17
669,32,17
669,33,17
669,34,17
669,35,17
669,36,17
669,37,17
669,38,17
670,1,56
670,2,56
670,3,56
670,4,56
670,5,56
670,6,56
670,7,56
670,8,56
670,9,56
670,10,56
670,11,56
670,12,56
670,13,56
670,14,56
670,15,56
670,16,56
670,17,56
670,18,56
670,19,56
670,20,56
670,21,56
670,22,56
670,23,56
670,24,56
670,25,56
670,26,56
670,27,56
670,28,56
670,29,56
670,30,56
670,31,56
670,32,56
670,33,56
670,34,56
670,35,56
670,36,56
670,37,56
670,38,56
671,1,21
671,2,21
671,3,21
671,4,21
671,5,21
671,6,21
671,7,21
671,8,21
671,9,21
671,10,21
671,11,21
671,12,21
671,13,21
671,14,21
671,15,21
671,16,21
671,17,21
671,18,21
671,19,21
671,20,21
671,21,21
671,22,21
671,23,21
671,24,21
671,25,21
671,26,21
671,27,21
671,28,21
671,29,21
671,30,21
671,31,21
671,32,21
671,33,21
671,34,21
671,35,21
671,36,21
671,37,21
671,38,21
672,1,8
672,2,8
672,3,8
672,4,8
672,5,8
672,6,8
672,7,8
672,8,8
672,9,8
672,10,8
672,11,8
672,12,8
672,13,8
672,14,8
672,15,8
672,16,8
672,17,8
672,18,8
672,19,8
672,20,8
672,21,8
672,22,8
672,23,8
672,24,8
672,25,8
672,26,8
672,27,8
672,28,8
672,29,8
672,30,8
672,31,8
672,32,8
672,33,8
672,34,8
672,35,8
672,36,8
672,37,8
672,38,8
673,1,6
673,2,6
673,3,6
673,4,6
673,5,6
673,6,6
673,7,6
673,8,6
673,9,6
673,10,6
673,11,6
673,12,6
673,13,6
673,14,6
673,15,6
673,16,6
673,17,6
673,18,6
673,19,6
673,20,6
673,21,6
673,22,6
673,23,6
673,24,6
673,25,6
673,26,6
673,27,6
673,28,6
673,29,6
673,30,6
673,31,6
673,32,6
673,33,6
673,34,6
673,35,6
673,36,6
673,37,6
673,38,6
674,1,4
674,2,4
674,3,4
674,4,4
674,5,4
674,6,4
674,7,4
674,8,4
674,9,4
674,10,4
674,11,4
674,12,4
674,13,4
674,14,4
674,15,4
674,16,4
674,17,4
674,18,4
674,19,4
674,20,4
674,21,4
674,22,4
674,23,4
674,24,4
674,25,4
674,26,4
674,27,4
674,28,4
674,29,4
674,30,4
674,31,4
674,32,4
674,33,4
674,34,4
674,35,4
674,36,4
674,37,4
674,38,4
675,1,17
675,2,17
675,3,17
675,4,17
675,5,17
675,6,17
675,7,17
675,8,17
675,9,17
675,10,17
675,11,17
675,12,17
675,13,17
675,14,17
675,15,17
675,16,17
675,17,17
675,18,17
675,19,17
675,20,17
675,21,17
675,22,17
675,23,17
675,24,17
675,25,17
675,26,17
675,27,17
675,28,17
675,29,17
675,30,17
675,31,17
675,32,17
675,33,17
675,34,17
675,35,17
675,36,17
675,37,17
675,38,17
676,1,90
676,2,90
676,3,90
676,4,90
676,5,90
676,6,90
676,7,90
676,8,90
676,9,90
676,10,90
676,11,90
676,12,90
676,13,90
676,14,90
676,15,90
676,16,90
676,17,90
676,18,90
676,19,90
676,20,90
676,21,90
676,22,90
676,23,90
676,24,90
676,25,90
676,26,90
676,27,90
676,28,90
676,29,90
676,30,90
676,31,90
676,32,90
676,33,90
676,34,90
676,35,90
676,36,90
676,37,90
676,38,90
677,1,7
677,2,7
677,3,7
677,4,7
677,5,7
677,6,7
677,7,7
677,8,7
677,9,7
677,10,7
677,11,7
677,12,7
677,13,7
677,14,7
677,15,7
677,16,7
677,17,7
677,18,7
677,19,7
677,20,7
677,21,7
677,22,7
677,23,7
677,24,7
677,25,31
677,26,31
677,27,31
677,28,31
677,29,31
677,30,31
677,31,31
677,32,31
677,33,31
677,34,31
677,35,31
677,36,31
677,37,31
677,38,31
678,1,56
678,2,56
678,3,56
678,4,56
678,5,56
678,6,56
678,7,56
678,8,56
678,9,56
678,10,56
678,11,56
678,12,56
678,13,56
678,14,56
678,15,56
678,16,56
678,17,56
678,18,56
678,19,56
678,20,56
678,21,56
678,22,56
678,23,56
678,24,56
678,25,56
678,26,56
678,27,56
678,28,56
678,29,56
678,30,56
678,31,56
678,32,56
678,33,56
678,34,56
678,35,56
678,36,56
678,37,56
678,38,56
679,1,21
679,2,21
679,3,21
679,4,21
679,5,21
679,6,21
679,7,21
679,8,21
679,9,21
679,10,21
679,11,21
679,12,21
679,13,21
679,14,21
679,15,21
679,16,21
679,17,21
679,18,21
679,19,21
679,20,21
679,21,21
679,22,21
679,23,21
679,24,21
679,25,21
679,26,21
679,27,21
679,28,21
679,29,21
679,30,21
679,31,21
679,32,21
679,33,21
679,34,21
679,35,21
679,36,21
679,37,21
679,38,21
680,1,90
680,2,90
680,3,90
680,4,90
680,5,90
680,6,90
680,7,90
680,8,90
680,9,90
680,10,90
680,11,90
680,12,90
680,13,90
680,14,90
680,15,90
680,16,90
680,17,90
680,18,90
680,19,90
680,20,90
680,21,90
680,22,90
680,23,90
680,24,90
680,25,90
680,26,90
680,27,90
680,28,90
680,29,90
680,30,90
680,31,90
680,32,90
680,33,90
680,34,90
680,35,90
680,36,90
680,37,90
680,38,90
681,1,1
681,2,1
681,3,1
681,4,1
681,5,1
681,6,1
681,7,1
681,8,1
681,9,1
681,10,1
681,11,1
681,12,1
681,13,1
681,14,1
681,15,1
681,16,1
681,17,1
681,18,1
681,19,1
681,20,1
681,21,1
681,22,1
681,23,1
681,24,1
681,25,1
681,26,1
681,27,1
681,28,1
681,29,1
681,30,1
681,31,1
681,32,1
681,33,1
681,34,1
681,35,1
681,36,1
681,37,1
681,38,1
682,1,39
682,2,39
682,3,39
682,4,39
682,5,39
682,6,39
682,7,39
682,8,39
682,9,39
682,10,39
682,11,39
682,12,39
682,13,39
682,14,39
682,15,39
682,16,39
682,17,39
682,18,39
682,19,39
682,20,39
682,21,39
682,22,39
682,23,39
682,24,39
682,25,39
682,26,39
682,27,39
682,28,39
682,29,39
682,30,39
682,31,39
682,32,39
682,33,39
682,34,39
682,35,39
682,36,39
682,37,39
682,38,39
683,1,56
683,2,56
683,3,56
683,4,56
683,5,56
683,6,56
683,7,56
683,8,56
683,9,56
683,10,56
683,11,56
683,12,56
683,13,56
683,14,56
683,15,56
683,16,56
683,17,56
683,18,56
683,19,56
683,20,56
683,21,56
683,22,56
683,23,56
683,24,56
683,25,56
683,26,56
683,27,56
683,28,56
683,29,56
683,30,56
683,31,56
683,32,56
683,33,56
683,34,56
683,35,56
683,36,56
683,37,56
683,38,56
684,1,4
684,2,4
684,3,4
684,4,4
684,5,4
684,6,4
684,7,4
684,8,4
684,9,4
684,10,4
684,11,4
684,12,4
684,13,4
684,14,4
684,15,4
684,16,4
684,17,4
684,18,4
684,19,4
684,20,4
684,21,4
684,22,4
684,23,4
684,24,4
684,25,4
684,26,4
684,27,4
684,28,4
684,29,4
684,30,4
684,31,4
684,32,4
684,33,4
684,34,4
684,35,4
684,36,4
684,37,4
684,38,4
685,1,91
685,2,91
685,3,91
685,4,91
685,5,91
685,6,91
685,7,91
685,8,91
685,9,91
685,10,91
685,11,91
685,12,91
685,13,91
685,14,91
685,15,91
685,16,91
685,17,91
685,18,91
685,19,91
685,20,91
685,21,91
685,22,91
685,23,91
685,24,91
685,25,91
685,26,91
685,27,91
685,28,91
685,29,91
685,30,91
685,31,91
685,32,91
685,33,91
685,34,91
685,35,91
685,36,91
685,37,91
685,38,91
686,1,14
686,2,14
686,3,14
686,4,14
686,5,14
686,6,14
686,7,14
686,8,14
686,9,14
686,10,14
686,11,14
686,12,14
686,13,14
686,14,14
686,15,14
686,16,14
686,17,14
686,18,14
686,19,14
686,20,14
686,21,14
686,22,14
686,23,14
686,24,14
686,25,14
686,26,14
686,27,14
686,28,14
686,29,14
686,30,14
686,31,14
686,32,14
686,33,14
686,34,14
686,35,14
686,36,14
686,37,14
686,38,14
687,1,91
687,2,91
687,3,91
687,4,91
687,5,91
687,6,91
687,7,91
687,8,91
687,9,91
687,10,91
687,11,91
687,12,91
687,13,91
687,14,91
687,15,91
687,16,91
687,17,91
687,18,91
687,19,91
687,20,91
687,21,91
687,22,91
687,23,91
687,24,91
687,25,91
687,26,91
687,27,91
687,28,91
687,29,91
687,30,91
687,31,91
687,32,91
687,33,91
687,34,91
687,35,91
687,36,91
687,37,91
687,38,91
688,1,7
688,2,7
688,3,7
688,4,7
688,5,7
688,6,7
688,7,7
688,8,7
688,9,7
688,10,7
688,11,7
688,12,7
688,13,7
688,14,7
688,15,7
688,16,7
688,17,7
688,18,7
688,19,7
688,20,7
688,21,7
688,22,7
688,23,7
688,24,7
688,25,7
688,26,7
688,27,7
688,28,7
688,29,7
688,30,7
688,31,7
688,32,7
688,33,7
688,34,7
688,35,7
688,36,7
688,37,7
688,38,7
689,1,4
689,2,4
689,3,4
689,4,4
689,5,4
689,6,4
689,7,4
689,8,4
689,9,4
689,10,4
689,11,4
689,12,4
689,13,4
689,14,4
689,15,4
689,16,4
689,17,4
689,18,4
689,19,4
689,20,4
689,21,4
689,22,4
689,23,4
689,24,4
689,25,4
689,26,4
689,27,4
689,28,4
689,29,4
689,30,4
689,31,4
689,32,4
689,33,4
689,34,4
689,35,4
689,36,4
689,37,4
689,38,4
690,1,31
690,2,31
690,3,31
690,4,31
690,5,31
690,6,31
690,7,31
690,8,31
690,9,31
690,10,31
690,11,31
690,12,31
690,13,31
690,14,31
690,15,31
690,16,31
690,17,31
690,18,31
690,19,31
690,20,31
690,21,31
690,22,31
690,23,31
690,24,31
690,25,31
690,26,31
690,27,31
690,28,31
690,29,31
690,30,31
690,31,31
690,32,31
690,33,31
690,34,31
690,35,31
690,36,31
690,37,31
690,38,31
691,1,2
691,2,2
691,3,2
691,4,2
691,5,2
691,6,2
691,7,2
691,8,2
691,9,2
691,10,2
691,11,2
691,12,2
691,13,2
691,14,2
691,15,2
691,16,2
691,17,2
691,18,2
691,19,2
691,20,2
691,21,2
691,22,2
691,23,2
691,24,2
691,25,2
691,26,2
691,27,2
691,28,2
691,29,2
691,30,2
691,31,2
691,32,2
691,33,2
691,34,2
691,35,2
691,36,2
691,37,2
691,38,2
692,1,14
692,2,14
692,3,14
692,4,14
692,5,14
692,6,14
692,7,14
692,8,14
692,9,14
692,10,14
692,11,14
692,12,14
692,13,14
692,14,14
692,15,14
692,16,14
692,17,14
692,18,14
692,19,14
692,20,14
692,21,14
692,22,14
692,23,14
692,24,14
692,25,14
692,26,14
692,27,14
692,28,14
692,29,14
692,30,14
692,31,14
692,32,14
692,33,14
692,34,14
692,35,14
692,36,14
692,37,14
692,38,14
693,1,17
693,2,17
693,3,17
693,4,17
693,5,17
693,6,17
693,7,17
693,8,17
693,9,17
693,10,17
693,11,17
693,12,17
693,13,17
693,14,17
693,15,17
693,16,17
693,17,17
693,18,17
693,19,17
693,20,17
693,21,17
693,22,17
693,23,17
693,24,17
693,25,17
693,26,17
693,27,17
693,28,17
693,29,17
693,30,17
693,31,17
693,32,17
693,33,17
693,34,17
693,35,17
693,36,17
693,37,17
693,38,17
694,1,56
694,2,56
694,3,56
694,4,56
694,5,56
694,6,56
694,7,56
694,8,56
694,9,56
694,10,56
694,11,56
694,12,56
694,13,56
694,14,56
694,15,56
694,16,56
694,17,56
694,18,56
694,19,56
694,20,56
694,21,56
694,22,56
694,23,56
694,24,56
694,25,56
694,26,56
694,27,56
694,28,56
694,29,56
694,30,56
694,31,56
694,32,56
694,33,56
694,34,56
694,35,56
694,36,56
694,37,56
694,38,56
695,1,39
695,2,39
695,3,39
695,4,39
695,5,39
695,6,39
695,7,39
695,8,39
695,9,39
695,10,39
695,11,39
695,12,39
695,13,39
695,14,39
695,15,39
695,16,39
695,17,39
695,18,39
695,19,39
695,20,39
695,21,39
695,22,39
695,23,39
695,24,39
695,25,39
695,26,39
695,27,39
695,28,39
695,29,39
695,30,39
695,31,39
695,32,39
695,33,39
695,34,39
695,35,39
695,36,39
695,37,39
695,38,39
696,1,17
696,2,17
696,3,17
696,4,17
696,5,17
696,6,17
696,7,17
696,8,17
696,9,17
696,10,17
696,11,17
696,12,17
696,13,17
696,14,17
696,15,17
696,16,17
696,17,17
696,18,17
696,19,17
696,20,17
696,21,17
696,22,17
696,23,17
696,24,17
696,25,17
696,26,17
696,27,17
696,28,17
696,29,17
696,30,17
696,31,17
696,32,17
696,33,17
696,34,17
696,35,17
696,36,17
696,37,17
696,38,17
697,1,91
697,2,91
697,3,91
697,4,91
697,5,91
697,6,91
697,7,91
697,8,91
697,9,91
697,10,91
697,11,91
697,12,91
697,13,91
697,14,91
697,15,91
697,16,91
697,17,91
697,18,91
697,19,91
697,20,91
697,21,91
697,22,91
697,23,91
697,24,91
697,25,91
697,26,91
697,27,91
697,28,91
697,29,91
697,30,91
697,31,91
697,32,91
697,33,91
697,34,91
697,35,91
697,36,91
697,37,91
697,38,91
698,1,2
698,2,2
698,3,2
698,4,2
698,5,2
698,6,2
698,7,2
698,8,2
698,9,2
698,10,2
698,11,2
698,12,2
698,13,2
698,14,2
698,15,2
698,16,2
698,17,2
698,18,2
698,19,2
698,20,2
698,21,2
698,22,2
698,23,2
698,24,2
698,25,2
698,26,2
698,27,2
698,28,2
698,29,2
698,30,2
698,31,2
698,32,2
698,33,2
698,34,2
698,35,2
698,36,2
698,37,2
698,38,2
699,1,17
699,2,17
699,3,17
699,4,17
699,5,17
699,6,17
699,7,17
699,8,17
699,9,17
699,10,17
699,11,17
699,12,17
699,13,17
699,14,17
699,15,17
699,16,17
699,17,17
699,18,17
699,19,17
699,20,17
699,21,17
699,22,17
699,23,17
699,24,7
699,25,7
699,26,7
699,27,7
699,28,7
699,29,7
699,30,7
699,31,7
699,32,7
699,33,7
699,34,7
699,35,7
699,36,7
699,37,7
699,38,7
700,1,3
700,2,3
700,3,3
700,4,3
700,5,3
700,6,3
700,7,3
700,8,3
700,9,3
700,10,3
700,11,3
700,12,3
700,13,3
700,14,3
700,15,3
700,16,3
700,17,3
700,18,3
700,19,3
700,20,3
700,21,3
700,22,3
700,23,3
700,24,3
700,25,3
700,26,3
700,27,3
700,28,3
700,29,3
700,30,3
700,31,3
700,32,3
700,33,3
700,34,3
700,35,3
700,36,3
700,37,3
700,38,3
701,1,7
701,2,7
701,3,7
701,4,7
701,5,7
701,6,7
701,7,7
701,8,7
701,9,7
701,10,7
701,11,7
701,12,7
701,13,7
701,14,7
701,15,7
701,16,7
701,17,7
701,18,7
701,19,7
701,20,7
701,21,7
701,22,7
701,23,7
701,24,7
701,25,7
701,26,7
701,27,7
701,28,7
701,29,7
701,30,7
701,31,7
701,32,7
701,33,7
701,34,7
701,35,7
701,36,7
701,37,7
701,38,7
702,1,7
702,2,7
702,3,7
702,4,7
702,5,7
702,6,7
702,7,7
702,8,7
702,9,7
702,10,7
702,11,7
702,12,7
702,13,7
702,14,7
702,15,7
702,16,7
702,17,7
702,18,7
702,19,7
702,20,7
702,21,7
702,22,7
702,23,7
702,24,7
702,25,7
702,26,7
702,27,7
702,28,7
702,29,7
702,30,7
702,31,7
702,32,7
702,33,7
702,34,7
702,35,7
702,36,7
702,37,7
702,38,7
703,1,7
703,2,7
703,3,7
703,4,7
703,5,7
703,6,7
703,7,7
703,8,7
703,9,7
703,10,7
703,11,7
703,12,7
703,13,7
703,14,7
703,15,7
703,16,7
703,17,7
703,18,7
703,19,7
703,20,7
703,21,7
703,22,7
703,23,7
703,24,7
703,25,7
703,26,7
703,27,7
703,28,7
703,29,7
703,30,7
703,31,7
703,32,7
703,33,7
703,34,7
703,35,7
703,36,7
703,37,7
703,38,7
704,1,11
704,2,11
704,3,11
704,4,11
704,5,11
704,6,11
704,7,11
704,8,11
704,9,11
704,10,11
704,11,11
704,12,11
704,13,11
704,14,11
704,15,11
704,16,11
704,17,11
704,18,11
704,19,11
704,20,11
704,21,11
704,22,11
704,23,11
704,24,11
704,25,11
704,26,11
704,27,11
704,28,11
704,29,11
704,30,11
704,31,11
704,32,11
704,33,11
704,34,11
704,35,11
704,36,11
704,37,11
704,38,11
705,1,11
705,2,11
705,3,11
705,4,11
705,5,11
705,6,11
705,7,11
705,8,11
705,9,11
705,10,11
705,11,11
705,12,11
705,13,11
705,14,11
705,15,11
705,16,11
705,17,11
705,18,11
705,19,11
705,20,11
705,21,11
705,22,11
705,23,11
705,24,11
705,25,11
705,26,11
705,27,11
705,28,11
705,29,11
705,30,11
705,31,11
705,32,11
705,33,11
705,34,11
705,35,11
705,36,11
705,37,11
705,38,11
706,1,2
706,2,2
706,3,2
706,4,2
706,5,2
706,6,2
706,7,2
706,8,2
706,9,2
706,10,2
706,11,2
706,12,2
706,13,2
706,14,2
706,15,2
706,16,2
706,17,2
706,18,2
706,19,2
706,20,2
706,21,2
706,22,2
706,23,2
706,24,2
706,25,2
706,26,2
706,27,2
706,28,2
706,29,2
706,30,2
706,31,2
706,32,2
706,33,2
706,34,2
706,35,2
706,36,2
706,37,2
706,38,2
707,1,11
707,2,11
707,3,11
707,4,11
707,5,11
707,6,11
707,7,11
707,8,11
707,9,11
707,10,11
707,11,11
707,12,11
707,13,11
707,14,11
707,15,11
707,16,11
707,17,11
707,18,11
707,19,11
707,20,11
707,21,11
707,22,11
707,23,11
707,24,11
707,25,11
707,26,11
707,27,11
707,28,11
707,29,11
707,30,11
707,31,11
707,32,11
707,33,11
707,34,11
707,35,11
707,36,11
707,37,11
707,38,11
708,1,21
708,2,21
708,3,21
708,4,21
708,5,21
708,6,21
708,7,21
708,8,21
708,9,21
708,10,21
708,11,21
708,12,21
708,13,21
708,14,21
708,15,21
708,16,21
708,17,21
708,18,21
708,19,21
708,20,21
708,21,21
708,22,21
708,23,21
708,24,21
708,25,21
708,26,21
708,27,21
708,28,21
708,29,21
708,30,21
708,31,21
708,32,21
708,33,21
708,34,21
708,35,21
708,36,21
708,37,21
708,38,21
709,1,39
709,2,39
709,3,39
709,4,39
709,5,39
709,6,39
709,7,39
709,8,39
709,9,39
709,10,39
709,11,39
709,12,39
709,13,39
709,14,39
709,15,39
709,16,39
709,17,39
709,18,39
709,19,39
709,20,39
709,21,39
709,22,39
709,23,39
709,24,39
709,25,39
709,26,39
709,27,39
709,28,39
709,29,39
709,30,39
709,31,39
709,32,39
709,33,39
709,34,39
709,35,39
709,36,39
709,37,39
709,38,39
710,1,7
710,2,7
710,3,7
710,4,7
710,5,7
710,6,7
710,7,7
710,8,7
710,9,7
710,10,7
710,11,7
710,12,7
710,13,7
710,14,7
710,15,7
710,16,7
710,17,7
710,18,7
710,19,7
710,20,7
710,21,7
710,22,7
710,23,7
710,24,7
710,25,7
710,26,7
710,27,7
710,28,7
710,29,7
710,30,7
710,31,7
710,32,7
710,33,7
710,34,7
710,35,7
710,36,7
710,37,7
710,38,7
711,1,3
711,2,3
711,3,3
711,4,3
711,5,3
711,6,3
711,7,3
711,8,3
711,9,3
711,10,3
711,11,3
711,12,3
711,13,3
711,14,3
711,15,3
711,16,3
711,17,3
711,18,3
711,19,3
711,20,3
711,21,3
711,22,3
711,23,3
711,24,3
711,25,3
711,26,3
711,27,3
711,28,3
711,29,3
711,30,3
711,31,3
711,32,3
711,33,3
711,34,3
711,35,3
711,36,3
711,37,3
711,38,3
712,1,31
712,2,31
712,3,31
712,4,31
712,5,31
712,6,31
712,7,31
712,8,31
712,9,31
712,10,31
712,11,31
712,12,31
712,13,31
712,14,31
712,15,31
712,16,31
712,17,31
712,18,31
712,19,31
712,20,31
712,21,31
712,22,31
712,23,31
712,24,31
712,25,31
712,26,31
712,27,31
712,28,31
712,29,31
712,30,31
712,31,31
712,32,31
712,33,31
712,34,31
712,35,31
712,36,31
712,37,31
712,38,31
713,1,91
713,2,91
713,3,91
713,4,91
713,5,91
713,6,91
713,7,91
713,8,91
713,9,91
713,10,91
713,11,91
713,12,91
713,13,91
713,14,91
713,15,91
713,16,91
713,17,91
713,18,91
713,19,91
713,20,91
713,21,91
713,22,91
713,23,91
713,24,91
713,25,91
713,26,91
713,27,91
713,28,91
713,29,91
713,30,91
713,31,91
713,32,91
713,33,91
713,34,91
713,35,91
713,36,91
713,37,91
713,38,91
714,1,4
714,2,4
714,3,4
714,4,4
714,5,4
714,6,4
714,7,4
714,8,4
714,9,4
714,10,4
714,11,4
714,12,4
714,13,4
714,14,4
714,15,4
714,16,4
714,17,4
714,18,4
714,19,4
714,20,4
714,21,4
714,22,4
714,23,4
714,24,4
714,25,4
714,26,4
714,27,4
714,28,4
714,29,4
714,30,4
714,31,4
714,32,4
714,33,4
714,34,4
714,35,4
714,36,4
714,37,4
714,38,4
715,1,17
715,2,17
715,3,17
715,4,17
715,5,17
715,6,17
715,7,17
715,8,17
715,9,17
715,10,17
715,11,17
715,12,17
715,13,17
715,14,17
715,15,17
715,16,17
715,17,17
715,18,17
715,19,17
715,20,17
715,21,17
715,22,17
715,23,17
715,24,17
715,25,17
715,26,17
715,27,17
715,28,17
715,29,17
715,30,17
715,31,17
715,32,17
715,33,17
715,34,17
715,35,17
715,36,17
715,37,17
715,38,17
716,1,17
716,2,17
716,3,17
716,4,17
716,5,17
716,6,17
716,7,17
716,8,17
716,9,17
716,10,17
716,11,17
716,12,17
716,13,17
716,14,17
716,15,17
716,16,17
716,17,17
716,18,17
716,19,17
716,20,17
716,21,17
716,22,17
716,23,17
716,24,17
716,25,17
716,26,17
716,27,17
716,28,17
716,29,17
716,30,17
716,31,17
716,32,17
716,33,17
716,34,17
716,35,17
716,36,17
716,37,17
716,38,17
717,1,6
717,2,6
717,3,6
717,4,6
717,5,6
717,6,6
717,7,6
717,8,6
717,9,6
717,10,6
717,11,6
717,12,6
717,13,6
717,14,6
717,15,6
717,16,6
717,17,6
717,18,6
717,19,6
717,20,6
717,21,6
717,22,6
717,23,6
717,24,6
717,25,6
717,26,6
717,27,6
717,28,6
717,29,6
717,30,6
717,31,6
717,32,6
717,33,6
717,34,6
717,35,6
717,36,6
717,37,6
717,38,6
718,1,21
718,2,21
718,3,21
718,4,21
718,5,21
718,6,21
718,7,21
718,8,21
718,9,21
718,10,21
718,11,21
718,12,21
718,13,21
718,14,21
718,15,21
718,16,21
718,17,21
718,18,21
718,19,21
718,20,21
718,21,21
718,22,21
718,23,21
718,24,21
718,25,21
718,26,21
718,27,21
718,28,21
718,29,21
718,30,21
718,31,21
718,32,21
718,33,21
718,34,21
718,35,21
718,36,21
718,37,21
718,38,21
719,1,7
719,2,7
719,3,7
719,4,7
719,5,7
719,6,7
719,7,7
719,8,7
719,9,7
719,10,7
719,11,7
719,12,7
719,13,7
719,14,7
719,15,7
719,16,7
719,17,7
719,18,7
719,19,7
719,20,7
719,21,7
719,22,7
719,23,7
719,24,7
719,25,7
719,26,7
719,27,7
719,28,7
719,29,7
719,30,7
719,31,7
719,32,7
719,33,7
719,34,7
719,35,7
719,36,7
719,37,7
719,38,7
720,1,39
720,2,39
720,3,39
720,4,39
720,5,39
720,6,39
720,7,39
720,8,39
720,9,39
720,10,39
720,11,39
720,12,39
720,13,39
720,14,39
720,15,39
720,16,39
720,17,39
720,18,39
720,19,39
720,20,39
720,21,39
720,22,39
720,23,39
720,24,39
720,25,39
720,26,39
720,27,39
720,28,39
720,29,39
720,30,39
720,31,39
720,32,39
720,33,39
720,34,39
720,35,39
720,36,39
720,37,39
720,38,39
721,1,91
721,2,91
721,3,91
721,4,91
721,5,91
721,6,91
721,7,91
721,8,91
721,9,91
721,10,91
721,11,91
721,12,91
721,13,91
721,14,91
721,15,91
721,16,91
721,17,91
721,18,91
721,19,91
721,20,91
721,21,91
721,22,91
721,23,91
721,24,91
721,25,91
721,26,91
721,27,91
721,28,91
721,29,91
721,30,91
721,31,91
721,32,91
721,33,91
721,34,91
721,35,91
721,36,91
721,37,91
721,38,91
722,1,90
722,2,90
722,3,90
722,4,90
722,5,90
722,6,90
722,7,90
722,8,90
722,9,90
722,10,90
722,11,90
722,12,90
722,13,90
722,14,90
722,15,90
722,16,90
722,17,90
722,18,90
722,19,90
722,20,90
722,21,90
722,22,90
722,23,90
722,24,90
722,25,90
722,26,90
722,27,90
722,28,90
722,29,90
722,30,90
722,31,90
722,32,90
722,33,90
722,34,90
722,35,90
722,36,90
722,37,90
722,38,90
723,1,31
723,2,31
723,3,31
723,4,31
723,5,31
723,6,31
723,7,31
723,8,31
723,9,31
723,10,31
723,11,31
723,12,31
723,13,31
723,14,31
723,15,31
723,16,31
723,17,31
723,18,31
723,19,31
723,20,31
723,21,31
723,22,31
723,23,31
723,24,31
723,25,31
723,26,31
723,27,31
723,28,31
723,29,31
723,30,31
723,31,31
723,32,31
723,33,31
723,34,31
723,35,31
723,36,31
723,37,31
723,38,31
724,1,56
724,2,56
724,3,56
724,4,56
724,5,56
724,6,56
724,7,56
724,8,56
724,9,56
724,10,56
724,11,56
724,12,56
724,13,56
724,14,56
724,15,56
724,16,56
724,17,56
724,18,56
724,19,56
724,20,56
724,21,56
724,22,56
724,23,56
724,24,56
724,25,56
724,26,56
724,27,56
724,28,56
724,29,56
724,30,56
724,31,56
724,32,56
724,33,56
724,34,56
724,35,56
724,36,56
724,37,56
724,38,56
725,1,3
725,2,3
725,3,3
725,4,3
725,5,3
725,6,3
725,7,3
725,8,3
725,9,3
725,10,3
725,11,3
725,12,3
725,13,3
725,14,3
725,15,3
725,16,3
725,17,3
725,18,3
725,19,3
725,20,3
725,21,3
725,22,3
725,23,3
725,24,3
725,25,3
725,26,3
725,27,3
725,28,3
725,29,3
725,30,3
725,31,3
725,32,3
725,33,3
725,34,3
725,35,3
725,36,3
725,37,3
725,38,3
726,1,6
726,2,6
726,3,6
726,4,6
726,5,6
726,6,6
726,7,6
726,8,6
726,9,6
726,10,6
726,11,6
726,12,6
726,13,6
726,14,6
726,15,6
726,16,6
726,17,6
726,18,6
726,19,6
726,20,6
726,21,6
726,22,6
726,23,6
726,24,6
726,25,6
726,26,6
726,27,6
726,28,6
726,29,6
726,30,6
726,31,6
726,32,6
726,33,6
726,34,6
726,35,6
726,36,6
726,37,6
726,38,6
727,1,54
727,2,54
727,3,54
727,4,54
727,5,54
727,6,54
727,7,54
727,8,54
727,9,54
727,10,54
727,11,54
727,12,54
727,13,54
727,14,54
727,15,54
727,16,54
727,17,54
727,18,54
727,19,54
727,20,54
727,21,54
727,22,54
727,23,54
727,24,54
727,25,54
727,26,54
727,27,54
727,28,54
727,29,54
727,30,54
727,31,54
727,32,54
727,33,54
727,34,54
727,35,54
727,36,54
727,37,54
727,38,54
728,1,11
728,2,11
728,3,11
728,4,11
728,5,11
728,6,11
728,7,11
728,8,11
728,9,11
728,10,11
728,11,11
728,12,11
728,13,11
728,14,11
728,15,11
728,16,11
728,17,11
728,18,11
728,19,11
728,20,11
728,21,11
728,22,11
728,23,11
728,24,11
728,25,11
728,26,11
728,27,11
728,28,11
728,29,11
728,30,11
728,31,11
728,32,11
728,33,11
728,34,11
728,35,11
728,36,11
728,37,11
728,38,11
729,1,17
729,2,17
729,3,17
729,4,17
729,5,17
729,6,17
729,7,17
729,8,17
729,9,17
729,10,17
729,11,17
729,12,17
729,13,17
729,14,17
729,15,17
729,16,17
729,17,17
729,18,17
729,19,17
729,20,17
729,21,17
729,22,17
729,23,17
729,24,17
729,25,17
729,26,17
729,27,17
729,28,17
729,29,17
729,30,17
729,31,17
729,32,17
729,33,17
729,34,17
729,35,17
729,36,17
729,37,17
729,38,17
730,1,56
730,2,56
730,3,56
730,4,56
730,5,56
730,6,56
730,7,56
730,8,56
730,9,56
730,10,56
730,11,56
730,12,56
730,13,56
730,14,56
730,15,56
730,16,56
730,17,56
730,18,56
730,19,56
730,20,56
730,21,56
730,22,56
730,23,56
730,24,56
730,25,56
730,26,56
730,27,56
730,28,56
730,29,56
730,30,56
730,31,56
730,32,56
730,33,56
730,34,56
730,35,56
730,36,56
730,37,56
730,38,56
731,1,54
731,2,54
731,3,54
731,4,54
731,5,54
731,6,54
731,7,54
731,8,54
731,9,54
731,10,54
731,11,54
731,12,54
731,13,54
731,14,54
731,15,54
731,16,54
731,17,54
731,18,54
731,19,54
731,20,54
731,21,54
731,22,54
731,23,54
731,24,54
731,25,54
731,26,54
731,27,54
731,28,54
731,29,54
731,30,54
731,31,54
731,32,54
731,33,54
731,34,54
731,35,54
731,36,54
731,37,54
731,38,54
732,1,31
732,2,31
732,3,31
732,4,31
732,5,31
732,6,31
732,7,31
732,8,31
732,9,31
732,10,31
732,11,31
732,12,31
732,13,31
732,14,31
732,15,31
732,16,31
732,17,31
732,18,31
732,19,31
732,20,31
732,21,31
732,22,31
732,23,31
732,24,31
732,25,31
732,26,31
732,27,31
732,28,31
732,29,31
732,30,31
732,31,31
732,32,31
732,33,31
732,34,31
732,35,31
732,36,31
732,37,31
732,38,31
733,1,1
733,2,1
733,3,1
733,4,1
733,5,1
733,6,1
733,7,1
733,8,1
733,9,1
733,10,1
733,11,1
733,12,1
733,13,1
733,14,1
733,15,1
733,16,1
733,17,1
733,18,1
733,19,1
733,20,1
733,21,1
733,22,1
733,23,1
733,24,1
733,25,1
733,26,1
733,27,1
733,28,1
733,29,1
733,30,1
733,31,1
733,32,1
733,33,1
733,34,1
733,35,1
733,36,1
733,37,1
733,38,1
734,1,17
734,2,17
734,3,17
734,4,17
734,5,17
734,6,17
734,7,17
734,8,17
734,9,17
734,10,17
734,11,17
734,12,17
734,13,17
734,14,17
734,15,17
734,16,17
734,17,17
734,18,17
734,19,17
734,20,17
734,21,17
734,22,17
734,23,17
734,24,17
734,25,17
734,26,17
734,27,17
734,28,17
734,29,17
734,30,17
734,31,17
734,32,17
734,33,17
734,34,17
734,35,17
734,36,17
734,37,17
734,38,17
735,1,56
735,2,56
735,3,56
735,4,56
735,5,56
735,6,56
735,7,56
735,8,56
735,9,56
735,10,56
735,11,56
735,12,56
735,13,56
735,14,56
735,15,56
735,16,56
735,17,56
735,18,56
735,19,56
735,20,56
735,21,56
735,22,56
735,23,56
735,24,56
735,25,56
735,26,56
735,27,56
735,28,56
735,29,56
735,30,56
735,31,56
735,32,56
735,33,56
735,34,56
735,35,56
735,36,56
735,37,56
735,38,56
736,1,43
736,2,43
736,3,43
736,4,43
736,5,43
736,6,43
736,7,43
736,8,43
736,9,43
736,10,43
736,11,43
736,12,43
736,13,43
736,14,43
736,15,43
736,16,43
736,17,43
736,18,43
736,19,43
736,20,43
736,21,43
736,22,43
736,23,43
736,24,43
736,25,43
736,26,43
736,27,43
736,28,43
736,29,43
736,30,43
736,31,43
736,32,43
736,33,43
736,34,43
736,35,43
736,36,43
736,37,43
736,38,43
737,1,54
737,2,54
737,3,54
737,4,54
737,5,54
737,6,54
737,7,54
737,8,54
737,9,54
737,10,54
737,11,54
737,12,54
737,13,54
737,14,54
737,15,54
737,16,54
737,17,54
737,18,54
737,19,54
737,20,54
737,21,54
737,22,54
737,23,54
737,24,54
737,25,54
737,26,54
737,27,54
737,28,54
737,29,54
737,30,54
737,31,54
737,32,54
737,33,54
737,34,54
737,35,54
737,36,54
737,37,54
737,38,54
738,1,21
738,2,21
738,3,21
738,4,21
738,5,21
738,6,21
738,7,21
738,8,21
738,9,21
738,10,21
738,11,21
738,12,21
738,13,21
738,14,21
738,15,21
738,16,21
738,17,21
738,18,21
738,19,21
738,20,21
738,21,21
738,22,21
738,23,21
738,24,21
738,25,21
738,26,21
738,27,21
738,28,21
738,29,21
738,30,21
738,31,21
738,32,21
738,33,21
738,34,21
738,35,21
738,36,21
738,37,21
738,38,21
739,1,43
739,2,43
739,3,43
739,4,43
739,5,43
739,6,43
739,7,43
739,8,43
739,9,43
739,10,43
739,11,43
739,12,43
739,13,43
739,14,43
739,15,43
739,16,43
739,17,43
739,18,43
739,19,43
739,20,43
739,21,43
739,22,43
739,23,43
739,24,43
739,25,43
739,26,43
739,27,43
739,28,43
739,29,43
739,30,43
739,31,43
739,32,43
739,33,43
739,34,43
739,35,43
739,36,43
739,37,43
739,38,43
740,1,43
740,2,43
740,3,43
740,4,43
740,5,43
740,6,43
740,7,43
740,8,43
740,9,43
740,10,43
740,11,43
740,12,43
740,13,43
740,14,43
740,15,43
740,16,43
740,17,43
740,18,43
740,19,43
740,20,43
740,21,43
740,22,43
740,23,43
740,24,43
740,25,43
740,26,43
740,27,43
740,28,43
740,29,43
740,30,43
740,31,43
740,32,43
740,33,43
740,34,43
740,35,43
740,36,43
740,37,43
740,38,43
741,1,2
741,2,2
741,3,2
741,4,2
741,5,2
741,6,2
741,7,2
741,8,2
741,9,2
741,10,2
741,11,2
741,12,2
741,13,2
741,14,2
741,15,2
741,16,2
741,17,2
741,18,2
741,19,2
741,20,2
741,21,2
741,22,2
741,23,2
741,24,2
741,25,2
741,26,2
741,27,2
741,28,2
741,29,2
741,30,2
741,31,2
741,32,2
741,33,2
741,34,2
741,35,2
741,36,2
741,37,2
741,38,2
742,1,43
742,2,43
742,3,43
742,4,43
742,5,43
742,6,43
742,7,43
742,8,43
742,9,43
742,10,43
742,11,43
742,12,43
742,13,43
742,14,43
742,15,43
742,16,43
742,17,43
742,18,43
742,19,43
742,20,43
742,21,43
742,22,43
742,23,43
742,24,43
742,25,43
742,26,43
742,27,43
742,28,43
742,29,43
742,30,43
742,31,43
742,32,43
742,33,43
742,34,43
742,35,43
742,36,43
742,37,43
742,38,43
743,1,8
743,2,8
743,3,8
743,4,8
743,5,8
743,6,8
743,7,8
743,8,8
743,9,8
743,10,8
743,11,8
743,12,8
743,13,8
743,14,8
743,15,8
743,16,8
743,17,8
743,18,8
743,19,8
743,20,8
743,21,8
743,22,8
743,23,8
743,24,8
743,25,8
743,26,8
743,27,8
743,28,8
743,29,8
743,30,8
743,31,8
743,32,8
743,33,8
743,34,8
743,35,8
743,36,8
743,37,8
743,38,8
744,1,36
744,2,36
744,3,36
744,4,36
744,5,36
744,6,36
744,7,36
744,8,36
744,9,36
744,10,36
744,11,36
744,12,36
744,13,36
744,14,36
744,15,36
744,16,36
744,17,36
744,18,36
744,19,36
744,20,36
744,21,36
744,22,36
744,23,36
744,24,36
744,25,36
744,26,36
744,27,36
744,28,36
744,29,36
744,30,36
744,31,36
744,32,36
744,33,36
744,34,36
744,35,36
744,36,36
744,37,36
744,38,36
745,1,6
745,2,6
745,3,6
745,4,6
745,5,6
745,6,6
745,7,6
745,8,6
745,9,6
745,10,6
745,11,6
745,12,6
745,13,6
745,14,6
745,15,6
745,16,6
745,17,6
745,18,6
745,19,6
745,20,6
745,21,6
745,22,6
745,23,6
745,24,6
745,25,6
745,26,6
745,27,6
745,28,6
745,29,6
745,30,6
745,31,6
745,32,6
745,33,6
745,34,6
745,35,6
745,36,6
745,37,6
745,38,6
746,1,14
746,2,14
746,3,14
746,4,14
746,5,14
746,6,14
746,7,14
746,8,14
746,9,14
746,10,14
746,11,14
746,12,14
746,13,14
746,14,14
746,15,14
746,16,14
746,17,14
746,18,14
746,19,14
746,20,14
746,21,14
746,22,14
746,23,14
746,24,14
746,25,14
746,26,14
746,27,14
746,28,14
746,29,14
746,30,14
746,31,14
746,32,14
746,33,14
746,34,14
746,35,14
746,36,14
746,37,14
746,38,14
747,1,21
747,2,21
747,3,21
747,4,21
747,5,21
747,6,21
747,7,21
747,8,21
747,9,21
747,10,21
747,11,21
747,12,21
747,13,21
747,14,21
747,15,21
747,16,21
747,17,21
747,18,21
747,19,21
747,20,21
747,21,21
747,22,21
747,23,21
747,24,21
747,25,21
747,26,21
747,27,21
747,28,21
747,29,21
747,30,21
747,31,21
747,32,21
747,33,21
747,34,21
747,35,21
747,36,21
747,37,21
747,38,21
748,1,94
748,2,94
748,3,94
748,4,94
748,5,94
748,6,94
748,7,94
748,8,94
748,9,94
748,10,94
748,11,94
748,12,94
748,13,94
748,14,94
748,15,94
748,16,94
748,17,94
748,18,94
748,19,94
748,20,94
748,21,94
748,22,94
748,23,94
748,24,94
748,25,94
748,26,94
748,27,94
748,28,94
748,29,94
748,30,94
748,31,94
748,32,94
748,33,94
748,34,94
748,35,94
748,36,94
748,37,94
748,38,94
749,1,39
749,2,39
749,3,39
749,4,39
749,5,39
749,6,39
749,7,39
749,8,39
749,9,39
749,10,39
749,11,39
749,12,39
749,13,39
749,14,39
749,15,39
749,16,39
749,17,39
749,18,39
749,19,39
749,20,39
749,21,39
749,22,39
749,23,39
749,24,39
749,25,39
749,26,39
749,27,39
749,28,39
749,29,39
749,30,39
749,31,39
749,32,39
749,33,39
749,34,39
749,35,39
749,36,39
749,37,39
749,38,39
750,1,6
750,2,6
750,3,6
750,4,6
750,5,6
750,6,6
750,7,6
750,8,6
750,9,6
750,10,6
750,11,6
750,12,6
750,13,6
750,14,6
750,15,6
750,16,6
750,17,6
750,18,6
750,19,6
750,20,6
750,21,6
750,22,6
750,23,6
750,24,6
750,25,6
750,26,6
750,27,6
750,28,6
750,29,6
750,30,6
750,31,6
750,32,6
750,33,6
750,34,6
750,35,6
750,36,6
750,37,6
750,38,6
751,1,6
751,2,6
751,3,6
751,4,6
751,5,6
751,6,6
751,7,6
751,8,6
751,9,6
751,10,6
751,11,6
751,12,6
751,13,6
751,14,6
751,15,6
751,16,6
751,17,6
751,18,6
751,19,6
751,20,6
751,21,6
751,22,6
751,23,6
751,24,6
751,25,6
751,26,6
751,27,6
751,28,6
751,29,6
751,30,6
751,31,6
751,32,6
751,33,6
751,34,6
751,35,6
751,36,6
751,37,6
751,38,6
752,1,21
752,2,21
752,3,21
752,4,21
752,5,21
752,6,21
752,7,21
752,8,21
752,9,21
752,10,21
752,11,21
752,12,21
752,13,21
752,14,21
752,15,21
752,16,21
752,17,21
752,18,21
752,19,21
752,20,21
752,21,21
752,22,21
752,23,21
752,24,21
752,25,21
752,26,21
752,27,21
752,28,21
752,29,21
752,30,21
752,31,21
752,32,21
752,33,21
752,34,21
752,35,21
752,36,21
752,37,21
752,38,21
753,1,4
753,2,4
753,3,4
753,4,4
753,5,4
753,6,4
753,7,4
753,8,4
753,9,4
753,10,4
753,11,4
753,12,4
753,13,4
753,14,4
753,15,4
753,16,4
753,17,4
753,18,4
753,19,4
753,20,4
753,21,4
753,22,4
753,23,4
753,24,4
753,25,4
753,26,4
753,27,4
753,28,4
753,29,4
753,30,4
753,31,4
753,32,4
753,33,4
753,34,4
753,35,4
753,36,4
753,37,4
753,38,4
754,1,7
754,2,7
754,3,7
754,4,7
754,5,7
754,6,7
754,7,7
754,8,7
754,9,7
754,10,7
754,11,7
754,12,7
754,13,7
754,14,7
754,15,7
754,16,7
754,17,7
754,18,7
754,19,7
754,20,7
754,21,7
754,22,7
754,23,7
754,24,7
754,25,7
754,26,7
754,27,7
754,28,7
754,29,7
754,30,7
754,31,7
754,32,7
754,33,7
754,34,7
754,35,7
754,36,7
754,37,7
754,38,7
755,1,1
755,2,1
755,3,1
755,4,1
755,5,1
755,6,1
755,7,1
755,8,1
755,9,1
755,10,1
755,11,1
755,12,1
755,13,1
755,14,1
755,15,1
755,16,1
755,17,1
755,18,1
755,19,1
755,20,1
755,21,1
755,22,1
755,23,1
755,24,1
755,25,1
755,26,1
755,27,1
755,28,1
755,29,1
755,30,1
755,31,1
755,32,1
755,33,1
755,34,1
755,35,1
755,36,1
755,37,1
755,38,1
756,1,91
756,2,91
756,3,91
756,4,91
756,5,91
756,6,91
756,7,91
756,8,91
756,9,91
756,10,91
756,11,91
756,12,91
756,13,91
756,14,91
756,15,91
756,16,91
756,17,91
756,18,91
756,19,91
756,20,91
756,21,91
756,22,91
756,23,91
756,24,91
756,25,91
756,26,91
756,27,91
756,28,91
756,29,91
756,30,91
756,31,91
756,32,91
756,33,91
756,34,91
756,35,91
756,36,91
756,37,91
756,38,91
757,1,7
757,2,7
757,3,7
757,4,7
757,5,7
757,6,7
757,7,7
757,8,7
757,9,7
757,10,7
757,11,7
757,12,7
757,13,7
757,14,7
757,15,7
757,16,7
757,17,7
757,18,7
757,19,7
757,20,7
757,21,7
757,22,7
757,23,7
757,24,7
757,25,7
757,26,7
757,27,7
757,28,7
757,29,7
757,30,7
757,31,7
757,32,7
757,33,7
757,34,7
757,35,7
757,36,7
757,37,7
757,38,7
758,1,21
758,2,21
758,3,21
758,4,21
758,5,21
758,6,21
758,7,21
758,8,21
758,9,21
758,10,21
758,11,21
758,12,21
758,13,21
758,14,21
758,15,21
758,16,21
758,17,21
758,18,21
758,19,21
758,20,21
758,21,21
758,22,21
758,23,21
758,24,21
758,25,21
758,26,21
758,27,21
758,28,21
758,29,21
758,30,21
758,31,21
758,32,21
758,33,21
758,34,21
758,35,21
758,36,21
758,37,21
758,38,21
759,1,3
759,2,3
759,3,3
759,4,3
759,5,3
759,6,3
759,7,3
759,8,3
759,9,3
759,10,3
759,11,3
759,12,3
759,13,3
759,14,3
759,15,3
759,16,3
759,17,3
759,18,3
759,19,3
759,20,3
759,21,3
759,22,3
759,23,3
759,24,3
759,25,3
759,26,3
759,27,3
759,28,3
759,29,3
759,30,3
759,31,3
759,32,3
759,33,3
759,34,3
759,35,3
759,36,3
759,37,3
759,38,3
760,1,14
760,2,14
760,3,14
760,4,14
760,5,14
760,6,14
760,7,14
760,8,14
760,9,14
760,10,14
760,11,14
760,12,14
760,13,14
760,14,14
760,15,14
760,16,14
760,17,14
760,18,14
760,19,14
760,20,14
760,21,14
760,22,14
760,23,14
760,24,14
760,25,14
760,26,14
760,27,14
760,28,14
760,29,14
760,30,14
760,31,14
760,32,14
760,33,14
760,34,14
760,35,14
760,36,14
760,37,14
760,38,14
761,1,36
761,2,36
761,3,36
761,4,36
761,5,36
761,6,36
761,7,36
761,8,36
761,9,36
761,10,36
761,11,36
761,12,36
761,13,36
761,14,36
761,15,36
761,16,36
761,17,36
761,18,36
761,19,36
761,20,36
761,21,36
761,22,36
761,23,36
761,24,36
761,25,36
761,26,36
761,27,36
761,28,36
761,29,36
761,30,36
761,31,36
761,32,36
761,33,36
761,34,36
761,35,36
761,36,36
761,37,36
761,38,36
762,1,31
762,2,31
762,3,31
762,4,31
762,5,31
762,6,31
762,7,31
762,8,31
762,9,31
762,10,31
762,11,31
762,12,31
762,13,31
762,14,31
762,15,31
762,16,31
762,17,31
762,18,31
762,19,31
762,20,31
762,21,31
762,22,31
762,23,31
762,24,31
762,25,31
762,26,31
762,27,31
762,28,31
762,29,31
762,30,31
762,31,31
762,32,31
762,33,31
762,34,31
762,35,31
762,36,31
762,37,31
762,38,31
763,1,43
763,2,43
763,3,43
763,4,43
763,5,43
763,6,43
763,7,43
763,8,43
763,9,43
763,10,43
763,11,43
763,12,43
763,13,43
763,14,43
763,15,43
763,16,43
763,17,43
763,18,43
763,19,43
763,20,43
763,21,43
763,22,43
763,23,43
763,24,43
763,25,43
763,26,43
763,27,43
763,28,43
763,29,43
763,30,43
763,31,43
763,32,43
763,33,43
763,34,43
763,35,43
763,36,43
763,37,43
763,38,43
764,1,43
764,2,43
764,3,43
764,4,43
764,5,43
764,6,43
764,7,43
764,8,43
764,9,43
764,10,43
764,11,43
764,12,43
764,13,43
764,14,43
764,15,43
764,16,43
764,17,43
764,18,43
764,19,43
764,20,43
764,21,43
764,22,43
764,23,43
764,24,43
764,25,43
764,26,43
764,27,43
764,28,43
764,29,43
764,30,43
764,31,43
764,32,43
764,33,43
764,34,43
764,35,43
764,36,43
764,37,43
764,38,43
765,1,4
765,2,4
765,3,4
765,4,4
765,5,4
765,6,4
765,7,4
765,8,4
765,9,4
765,10,4
765,11,4
765,12,4
765,13,4
765,14,4
765,15,4
765,16,4
765,17,4
765,18,4
765,19,4
765,20,4
765,21,4
765,22,4
765,23,4
765,24,4
765,25,4
765,26,4
765,27,4
765,28,4
765,29,4
765,30,4
765,31,4
765,32,4
765,33,4
765,34,4
765,35,4
765,36,4
765,37,4
765,38,4
766,1,39
766,2,39
766,3,39
766,4,39
766,5,39
766,6,39
766,7,39
766,8,39
766,9,39
766,10,39
766,11,39
766,12,39
766,13,39
766,14,39
766,15,39
766,16,39
766,17,39
766,18,39
766,19,39
766,20,39
766,21,39
766,22,39
766,23,39
766,24,39
766,25,39
766,26,39
766,27,39
766,28,39
766,29,39
766,30,39
766,31,39
766,32,39
766,33,39
766,34,39
766,35,39
766,36,39
766,37,39
766,38,39
767,1,39
767,2,39
767,3,39
767,4,39
767,5,39
767,6,39
767,7,39
767,8,39
767,9,39
767,10,39
767,11,39
767,12,39
767,13,39
767,14,39
767,15,39
767,16,39
767,17,39
767,18,39
767,19,39
767,20,39
767,21,39
767,22,39
767,23,39
767,24,39
767,25,39
767,26,39
767,27,39
767,28,39
767,29,39
767,30,39
767,31,39
767,32,39
767,33,39
767,34,39
767,35,39
767,36,39
767,37,39
767,38,39
768,1,7
768,2,7
768,3,7
768,4,7
768,5,7
768,6,7
768,7,7
768,8,7
768,9,7
768,10,7
768,11,7
768,12,7
768,13,7
768,14,7
768,15,7
768,16,7
768,17,7
768,18,7
768,19,7
768,20,7
768,21,7
768,22,7
768,23,7
768,24,7
768,25,7
768,26,7
768,27,7
768,28,7
768,29,7
768,30,7
768,31,7
768,32,7
768,33,7
768,34,7
768,35,7
768,36,7
768,37,7
768,38,7
769,1,1
769,2,1
769,3,1
769,4,1
769,5,1
769,6,1
769,7,1
769,8,1
769,9,1
769,10,1
769,11,1
769,12,1
769,13,1
769,14,1
769,15,1
769,16,1
769,17,1
769,18,1
769,19,1
769,20,1
769,21,1
769,22,1
769,23,1
769,24,1
769,25,1
769,26,1
769,27,1
769,28,1
769,29,1
769,30,1
769,31,1
769,32,1
769,33,1
769,34,1
769,35,1
769,36,1
769,37,1
769,38,1
770,1,54
770,2,54
770,3,54
770,4,54
770,5,54
770,6,54
770,7,54
770,8,54
770,9,54
770,10,54
770,11,54
770,12,54
770,13,54
770,14,54
770,15,54
770,16,54
770,17,54
770,18,54
770,19,54
770,20,54
770,21,54
770,22,54
770,23,54
770,24,54
770,25,54
770,26,54
770,27,54
770,28,54
770,29,54
770,30,54
770,31,54
770,32,54
770,33,54
770,34,54
770,35,54
770,36,54
770,37,54
770,38,54
771,1,1
771,2,1
771,3,1
771,4,1
771,5,1
771,6,1
771,7,1
771,8,1
771,9,1
771,10,1
771,11,1
771,12,1
771,13,1
771,14,1
771,15,1
771,16,1
771,17,1
771,18,1
771,19,1
771,20,1
771,21,1
771,22,1
771,23,1
771,24,1
771,25,1
771,26,1
771,27,1
771,28,1
771,29,1
771,30,1
771,31,1
771,32,1
771,33,1
771,34,1
771,35,1
771,36,1
771,37,1
771,38,1
772,1,4
772,2,4
772,3,4
772,4,4
772,5,4
772,6,4
772,7,4
772,8,4
772,9,4
772,10,4
772,11,4
772,12,4
772,13,4
772,14,4
772,15,4
772,16,4
772,17,4
772,18,4
772,19,4
772,20,4
772,21,4
772,22,4
772,23,4
772,24,4
772,25,4
772,26,4
772,27,4
772,28,4
772,29,4
772,30,4
772,31,4
772,32,4
772,33,4
772,34,4
772,35,4
772,36,4
772,37,4
772,38,4
773,1,31
773,2,31
773,3,31
773,4,31
773,5,31
773,6,31
773,7,31
773,8,31
773,9,31
773,10,31
773,11,31
773,12,31
773,13,31
773,14,31
773,15,31
773,16,31
773,17,31
773,18,31
773,19,31
773,20,31
773,21,31
773,22,31
773,23,31
773,24,31
773,25,31
773,26,31
773,27,31
773,28,31
773,29,31
773,30,31
773,31,31
773,32,31
773,33,31
773,34,31
773,35,31
773,36,31
773,37,31
773,38,31
774,1,56
774,2,56
774,3,56
774,4,56
774,5,56
774,6,56
774,7,56
774,8,56
774,9,56
774,10,56
774,11,56
774,12,56
774,13,56
774,14,56
774,15,56
774,16,56
774,17,56
774,18,56
774,19,56
774,20,56
774,21,56
774,22,56
774,23,56
774,24,56
774,25,56
774,26,56
774,27,56
774,28,56
774,29,56
774,30,56
774,31,56
774,32,56
774,33,56
774,34,56
774,35,56
774,36,56
774,37,56
774,38,56
775,1,56
775,2,56
775,3,56
775,4,56
775,5,56
775,6,56
775,7,56
775,8,56
775,9,56
775,10,56
775,11,56
775,12,56
775,13,56
775,14,56
775,15,56
775,16,56
775,17,56
775,18,56
775,19,56
775,20,56
775,21,56
775,22,56
775,23,56
775,24,56
775,25,56
775,26,56
775,27,56
775,28,56
775,29,56
775,30,56
775,31,56
775,32,56
775,33,56
775,34,56
775,35,56
775,36,56
775,37,56
775,38,56
776,1,90
776,2,90
776,3,90
776,4,90
776,5,90
776,6,90
776,7,90
776,8,90
776,9,90
776,10,90
776,11,90
776,12,90
776,13,90
776,14,90
776,15,90
776,16,90
776,17,90
776,18,90
776,19,90
776,20,90
776,21,90
776,22,90
776,23,90
776,24,90
776,25,90
776,26,90
776,27,90
776,28,90
776,29,90
776,30,90
776,31,90
776,32,90
776,33,90
776,34,90
776,35,90
776,36,90
776,37,90
776,38,90
777,1,39
777,2,39
777,3,39
777,4,39
777,5,39
777,6,39
777,7,39
777,8,39
777,9,39
777,10,39
777,11,39
777,12,39
777,13,39
777,14,39
777,15,39
777,16,39
777,17,39
777,18,39
777,19,39
777,20,39
777,21,39
777,22,39
777,23,39
777,24,39
777,25,39
777,26,39
777,27,39
777,28,39
777,29,39
777,30,39
777,31,39
777,32,39
777,33,39
777,34,39
777,35,39
777,36,39
777,37,39
777,38,39
778,1,39
778,2,39
778,3,39
778,4,39
778,5,39
778,6,39
778,7,39
778,8,39
778,9,39
778,10,39
778,11,39
778,12,39
778,13,39
778,14,39
778,15,39
778,16,39
778,17,39
778,18,39
778,19,39
778,20,39
778,21,39
778,22,39
778,23,39
778,24,39
778,25,39
778,26,39
778,27,39
778,28,39
778,29,39
778,30,39
778,31,39
778,32,39
778,33,39
778,34,39
778,35,39
778,36,39
778,37,39
778,38,39
779,1,11
779,2,11
779,3,11
779,4,11
779,5,11
779,6,11
779,7,11
779,8,11
779,9,11
779,10,11
779,11,11
779,12,11
779,13,11
779,14,11
779,15,11
779,16,11
779,17,11
779,18,11
779,19,11
779,20,11
779,21,11
779,22,11
779,23,11
779,24,11
779,25,11
779,26,11
779,27,11
779,28,11
779,29,11
779,30,11
779,31,11
779,32,11
779,33,11
779,34,11
779,35,11
779,36,11
779,37,11
779,38,11
780,1,31
780,2,31
780,3,31
780,4,31
780,5,31
780,6,31
780,7,31
780,8,31
780,9,31
780,10,31
780,11,31
780,12,31
780,13,31
780,14,31
780,15,31
780,16,31
780,17,31
780,18,31
780,19,31
780,20,31
780,21,31
780,22,31
780,23,31
780,24,31
780,25,31
780,26,31
780,27,31
780,28,31
780,29,31
780,30,31
780,31,31
780,32,31
780,33,31
780,34,31
780,35,31
780,36,31
780,37,31
780,38,31
781,1,7
781,2,7
781,3,7
781,4,7
781,5,7
781,6,7
781,7,7
781,8,7
781,9,7
781,10,7
781,11,7
781,12,7
781,13,7
781,14,7
781,15,7
781,16,7
781,17,7
781,18,7
781,19,7
781,20,7
781,21,7
781,22,7
781,23,7
781,24,7
781,25,7
781,26,7
781,27,7
781,28,7
781,29,7
781,30,7
781,31,7
781,32,7
781,33,7
781,34,7
781,35,7
781,36,7
781,37,7
781,38,7
782,1,91
782,2,91
782,3,91
782,4,91
782,5,91
782,6,91
782,7,91
782,8,91
782,9,91
782,10,91
782,11,91
782,12,91
782,13,91
782,14,91
782,15,91
782,16,91
782,17,91
782,18,91
782,19,91
782,20,91
782,21,91
782,22,91
782,23,91
782,24,91
782,25,91
782,26,91
782,27,91
782,28,91
782,29,91
782,30,91
782,31,91
782,32,91
782,33,91
782,34,91
782,35,91
782,36,91
782,37,91
782,38,91
783,1,36
783,2,36
783,3,36
783,4,36
783,5,36
783,6,36
783,7,36
783,8,36
783,9,36
783,10,36
783,11,36
783,12,36
783,13,36
783,14,36
783,15,36
783,16,36
783,17,36
783,18,36
783,19,36
783,20,36
783,21,36
783,22,36
783,23,36
783,24,36
783,25,36
783,26,36
783,27,36
783,28,36
783,29,36
783,30,36
783,31,36
783,32,36
783,33,36
783,34,36
783,35,36
783,36,36
783,37,36
783,38,36
784,1,90
784,2,90
784,3,90
784,4,90
784,5,90
784,6,90
784,7,90
784,8,90
784,9,90
784,10,90
784,11,90
784,12,90
784,13,90
784,14,90
784,15,90
784,16,90
784,17,90
784,18,90
784,19,90
784,20,90
784,21,90
784,22,90
784,23,90
784,24,90
784,25,90
784,26,90
784,27,90
784,28,90
784,29,90
784,30,90
784,31,90
784,32,90
784,33,90
784,34,90
784,35,90
784,36,90
784,37,90
784,38,90
785,1,21
785,2,21
785,3,21
785,4,21
785,5,21
785,6,21
785,7,21
785,8,21
785,9,21
785,10,21
785,11,21
785,12,21
785,13,21
785,14,21
785,15,21
785,16,21
785,17,21
785,18,21
785,19,21
785,20,21
785,21,21
785,22,21
785,23,21
785,24,21
785,25,21
785,26,21
785,27,21
785,28,21
785,29,21
785,30,21
785,31,21
785,32,21
785,33,21
785,34,21
785,35,21
785,36,21
785,37,21
785,38,21
786,1,54
786,2,54
786,3,54
786,4,54
786,5,54
786,6,54
786,7,54
786,8,54
786,9,54
786,10,54
786,11,54
786,12,54
786,13,54
786,14,54
786,15,54
786,16,54
786,17,54
786,18,54
786,19,54
786,20,54
786,21,54
786,22,54
786,23,54
786,24,54
786,25,54
786,26,54
786,27,54
786,28,54
786,29,54
786,30,54
786,31,54
786,32,54
786,33,54
786,34,54
786,35,54
786,36,54
786,37,54
786,38,54
787,1,2
787,2,2
787,3,2
787,4,2
787,5,2
787,6,2
787,7,2
787,8,2
787,9,2
787,10,2
787,11,2
787,12,2
787,13,2
787,14,2
787,15,2
787,16,2
787,17,2
787,18,2
787,19,2
787,20,2
787,21,2
787,22,2
787,23,2
787,24,2
787,25,2
787,26,2
787,27,2
787,28,2
787,29,2
787,30,2
787,31,2
787,32,2
787,33,2
787,34,2
787,35,2
787,36,2
787,37,2
787,38,2
788,1,1
788,2,1
788,3,1
788,4,1
788,5,1
788,6,1
788,7,1
788,8,1
788,9,1
788,10,1
788,11,1
788,12,1
788,13,1
788,14,1
788,15,1
788,16,1
788,17,1
788,18,1
788,19,1
788,20,1
788,21,1
788,22,1
788,23,1
788,24,1
788,25,1
788,26,1
788,27,1
788,28,1
788,29,1
788,30,1
788,31,1
788,32,1
788,33,1
788,34,1
788,35,1
788,36,1
788,37,1
788,38,1
789,1,8
789,2,8
789,3,8
789,4,8
789,5,8
789,6,8
789,7,8
789,8,8
789,9,8
789,10,8
789,11,8
789,12,8
789,13,8
789,14,8
789,15,8
789,16,8
789,17,8
789,18,8
789,19,8
789,20,8
789,21,8
789,22,8
789,23,8
789,24,8
789,25,8
789,26,8
789,27,8
789,28,8
789,29,8
789,30,8
789,31,8
789,32,8
789,33,8
789,34,8
789,35,8
789,36,8
789,37,8
789,38,8
790,1,6
790,2,6
790,3,6
790,4,6
790,5,6
790,6,6
790,7,6
790,8,6
790,9,6
790,10,6
790,11,6
790,12,6
790,13,6
790,14,6
790,15,6
790,16,6
790,17,6
790,18,6
790,19,6
790,20,6
790,21,6
790,22,6
790,23,6
790,24,6
790,25,6
790,26,6
790,27,6
790,28,6
790,29,6
790,30,6
790,31,6
790,32,6
790,33,6
790,34,6
790,35,6
790,36,6
790,37,6
790,38,6
791,1,21
791,2,21
791,3,21
791,4,21
791,5,21
791,6,21
791,7,21
791,8,21
791,9,21
791,10,21
791,11,21
791,12,21
791,13,21
791,14,21
791,15,21
791,16,21
791,17,21
791,18,21
791,19,21
791,20,21
791,21,21
791,22,21
791,23,21
791,24,21
791,25,21
791,26,21
791,27,21
791,28,21
791,29,21
791,30,21
791,31,21
791,32,21
791,33,21
791,34,21
791,35,21
791,36,21
791,37,21
791,38,21
792,1,7
792,2,7
792,3,7
792,4,7
792,5,7
792,6,7
792,7,7
792,8,7
792,9,7
792,10,7
792,11,7
792,12,7
792,13,7
792,14,7
792,15,7
792,16,7
792,17,7
792,18,7
792,19,7
792,20,7
792,21,7
792,22,7
792,23,7
792,24,7
792,25,7
792,26,7
792,27,7
792,28,7
792,29,7
792,30,7
792,31,7
792,32,7
792,33,7
792,34,7
792,35,7
792,36,7
792,37,7
792,38,7
793,1,31
793,2,31
793,3,31
793,4,31
793,5,31
793,6,31
793,7,31
793,8,31
793,9,31
793,10,31
793,11,31
793,12,31
793,13,31
793,14,31
793,15,31
793,16,31
793,17,31
793,18,31
793,19,31
793,20,31
793,21,31
793,22,31
793,23,31
793,24,31
793,25,31
793,26,31
793,27,31
793,28,31
793,29,31
793,30,31
793,31,31
793,32,31
793,33,31
793,34,31
793,35,31
793,36,31
793,37,31
793,38,31
794,1,43
794,2,43
794,3,43
794,4,43
794,5,43
794,6,43
794,7,43
794,8,43
794,9,43
794,10,43
794,11,43
794,12,43
794,13,43
794,14,43
794,15,43
794,16,43
794,17,43
794,18,43
794,19,43
794,20,43
794,21,43
794,22,43
794,23,43
794,24,43
794,25,43
794,26,43
794,27,43
794,28,43
794,29,43
794,30,43
794,31,43
794,32,43
794,33,43
794,34,43
794,35,43
794,36,43
794,37,43
794,38,43
795,1,36
795,2,36
795,3,36
795,4,36
795,5,36
795,6,36
795,7,36
795,8,36
795,9,36
795,10,36
795,11,36
795,12,36
795,13,36
795,14,36
795,15,36
795,16,36
795,17,36
795,18,36
795,19,36
795,20,36
795,21,36
795,22,36
795,23,36
795,24,36
795,25,36
795,26,36
795,27,36
795,28,36
795,29,36
795,30,36
795,31,36
795,32,36
795,33,36
795,34,36
795,35,36
795,36,36
795,37,36
795,38,36
796,1,6
796,2,6
796,3,6
796,4,6
796,5,6
796,6,6
796,7,6
796,8,6
796,9,6
796,10,6
796,11,6
796,12,6
796,13,6
796,14,6
796,15,6
796,16,6
796,17,6
796,18,6
796,19,6
796,20,6
796,21,6
796,22,6
796,23,6
796,24,6
796,25,6
796,26,6
796,27,6
796,28,6
796,29,6
796,30,6
796,31,6
796,32,6
796,33,6
796,34,6
796,35,6
796,36,6
796,37,6
796,38,6
797,1,94
797,2,94
797,3,94
797,4,94
797,5,94
797,6,94
797,7,94
797,8,94
797,9,94
797,10,94
797,11,94
797,12,94
797,13,94
797,14,94
797,15,94
797,16,94
797,17,94
797,18,94
797,19,94
797,20,94
797,21,94
797,22,94
797,23,94
797,24,94
797,25,94
797,26,94
797,27,94
797,28,94
797,29,94
797,30,94
797,31,94
797,32,94
797,33,94
797,34,94
797,35,94
797,36,94
797,37,94
797,38,94
798,1,31
798,2,31
798,3,31
798,4,31
798,5,31
798,6,31
798,7,31
798,8,31
798,9,31
798,10,31
798,11,31
798,12,31
798,13,31
798,14,31
798,15,31
798,16,31
798,17,31
798,18,31
798,19,31
798,20,31
798,21,31
798,22,31
798,23,31
798,24,31
798,25,31
798,26,31
798,27,31
798,28,31
798,29,31
798,30,31
798,31,31
798,32,31
798,33,31
798,34,31
798,35,31
798,36,31
798,37,31
798,38,31
799,1,91
799,2,91
799,3,91
799,4,91
799,5,91
799,6,91
799,7,91
799,8,91
799,9,91
799,10,91
799,11,91
799,12,91
799,13,91
799,14,91
799,15,91
799,16,91
799,17,91
799,18,91
799,19,91
799,20,91
799,21,91
799,22,91
799,23,91
799,24,91
799,25,91
799,26,91
799,27,91
799,28,91
799,29,91
799,30,91
799,31,91
799,32,91
799,33,91
799,34,91
799,35,91
799,36,91
799,37,91
799,38,91
800,1,56
800,2,56
800,3,56
800,4,56
800,5,56
800,6,56
800,7,56
800,8,56
800,9,56
800,10,56
800,11,56
800,12,56
800,13,56
800,14,56
800,15,56
800,16,56
800,17,56
800,18,56
800,19,56
800,20,56
800,21,56
800,22,56
800,23,56
800,24,56
800,25,56
800,26,56
800,27,56
800,28,56
800,29,56
800,30,56
800,31,56
800,32,56
800,33,56
800,34,56
800,35,56
800,36,56
800,37,56
800,38,56
801,1,91
801,2,91
801,3,91
801,4,91
801,5,91
801,6,91
801,7,91
801,8,91
801,9,91
801,10,91
801,11,91
801,12,91
801,13,91
801,14,91
801,15,91
801,16,91
801,17,91
801,18,91
801,19,91
801,20,91
801,21,91
801,22,91
801,23,91
801,24,91
801,25,91
801,26,91
801,27,91
801,28,91
801,29,91
801,30,91
801,31,91
801,32,91
801,33,91
801,34,91
801,35,91
801,36,91
801,37,91
801,38,91
802,1,21
802,2,21
802,3,21
802,4,21
802,5,21
802,6,21
802,7,21
802,8,21
802,9,21
802,10,21
802,11,21
802,12,21
802,13,21
802,14,21
802,15,21
802,16,21
802,17,21
802,18,21
802,19,21
802,20,21
802,21,21
802,22,21
802,23,21
802,24,21
802,25,21
802,26,21
802,27,21
802,28,21
802,29,21
802,30,21
802,31,21
802,32,21
802,33,21
802,34,21
802,35,21
802,36,21
802,37,21
802,38,21
803,1,8
803,2,8
803,3,8
803,4,8
803,5,8
803,6,8
803,7,8
803,8,8
803,9,8
803,10,8
803,11,8
803,12,8
803,13,8
803,14,8
803,15,8
803,16,8
803,17,8
803,18,8
803,19,8
803,20,8
803,21,8
803,22,8
803,23,8
803,24,8
803,25,8
803,26,8
803,27,8
803,28,8
803,29,8
803,30,8
803,31,8
803,32,8
803,33,8
803,34,8
803,35,8
803,36,8
803,37,8
803,38,8
804,1,6
804,2,6
804,3,6
804,4,6
804,5,6
804,6,6
804,7,6
804,8,6
804,9,6
804,10,6
804,11,6
804,12,6
804,13,6
804,14,6
804,15,6
804,16,6
804,17,6
804,18,6
804,19,6
804,20,6
804,21,6
804,22,6
804,23,6
804,24,6
804,25,6
804,26,6
804,27,6
804,28,6
804,29,6
804,30,6
804,31,6
804,32,6
804,33,6
804,34,6
804,35,6
804,36,6
804,37,6
804,38,6
805,1,17
805,2,17
805,3,17
805,4,17
805,5,17
805,6,17
805,7,17
805,8,17
805,9,17
805,10,17
805,11,17
805,12,17
805,13,17
805,14,17
805,15,17
805,16,17
805,17,17
805,18,17
805,19,17
805,20,17
805,21,17
805,22,17
805,23,17
805,24,17
805,25,17
805,26,17
805,27,17
805,28,17
805,29,17
805,30,17
805,31,17
805,32,17
805,33,17
805,34,17
805,35,17
805,36,17
805,37,17
805,38,17
806,1,91
806,2,91
806,3,91
806,4,91
806,5,91
806,6,91
806,7,91
806,8,91
806,9,91
806,10,91
806,11,91
806,12,91
806,13,91
806,14,91
806,15,91
806,16,91
806,17,91
806,18,91
806,19,91
806,20,91
806,21,91
806,22,91
806,23,91
806,24,91
806,25,91
806,26,91
806,27,91
806,28,91
806,29,91
806,30,91
806,31,91
806,32,91
806,33,91
806,34,91
806,35,91
806,36,91
806,37,91
806,38,91
807,1,91
807,2,91
807,3,91
807,4,91
807,5,91
807,6,91
807,7,91
807,8,91
807,9,91
807,10,91
807,11,91
807,12,91
807,13,91
807,14,91
807,15,91
807,16,91
807,17,91
807,18,91
807,19,91
807,20,91
807,21,91
807,22,91
807,23,91
807,24,91
807,25,91
807,26,91
807,27,91
807,28,91
807,29,91
807,30,91
807,31,91
807,32,91
807,33,91
807,34,91
807,35,91
807,36,91
807,37,91
807,38,91
808,1,7
808,2,7
808,3,7
808,4,7
808,5,7
808,6,7
808,7,7
808,8,7
808,9,7
808,10,7
808,11,7
808,12,7
808,13,7
808,14,7
808,15,7
808,16,7
808,17,7
808,18,7
808,19,7
808,20,7
808,21,7
808,22,7
808,23,7
808,24,7
808,25,7
808,26,7
808,27,7
808,28,7
808,29,7
808,30,7
808,31,7
808,32,7
808,33,7
808,34,7
808,35,7
808,36,7
808,37,7
808,38,7
809,1,39
809,2,39
809,3,39
809,4,39
809,5,39
809,6,39
809,7,39
809,8,39
809,9,39
809,10,39
809,11,39
809,12,39
809,13,39
809,14,39
809,15,39
809,16,39
809,17,39
809,18,39
809,19,39
809,20,39
809,21,39
809,22,39
809,23,39
809,24,39
809,25,39
809,26,39
809,27,39
809,28,39
809,29,39
809,30,39
809,31,39
809,32,39
809,33,39
809,34,39
809,35,39
809,36,39
809,37,39
809,38,39
810,1,94
810,2,94
810,3,94
810,4,94
810,5,94
810,6,94
810,7,94
810,8,94
810,9,94
810,10,94
810,11,94
810,12,94
810,13,94
810,14,94
810,15,94
810,16,94
810,17,94
810,18,94
810,19,94
810,20,94
810,21,94
810,22,94
810,23,94
810,24,94
810,25,94
810,26,94
810,27,94
810,28,94
810,29,94
810,30,94
810,31,94
810,32,94
810,33,94
810,34,94
810,35,94
810,36,94
810,37,94
810,38,94
811,1,6
811,2,6
811,3,6
811,4,6
811,5,6
811,6,6
811,7,6
811,8,6
811,9,6
811,10,6
811,11,6
811,12,6
811,13,6
811,14,6
811,15,6
811,16,6
811,17,6
811,18,6
811,19,6
811,20,6
811,21,6
811,22,6
811,23,6
811,24,6
811,25,6
811,26,6
811,27,6
811,28,6
811,29,6
811,30,6
811,31,6
811,32,6
811,33,6
811,34,6
811,35,6
811,36,6
811,37,6
811,38,6
812,1,56
812,2,56
812,3,56
812,4,56
812,5,56
812,6,56
812,7,56
812,8,56
812,9,56
812,10,56
812,11,56
812,12,56
812,13,56
812,14,56
812,15,56
812,16,56
812,17,56
812,18,56
812,19,56
812,20,56
812,21,56
812,22,56
812,23,56
812,24,56
812,25,56
812,26,56
812,27,56
812,28,56
812,29,56
812,30,56
812,31,56
812,32,56
812,33,56
812,34,56
812,35,56
812,36,56
812,37,56
812,38,56
813,1,56
813,2,56
813,3,56
813,4,56
813,5,56
813,6,56
813,7,56
813,8,56
813,9,56
813,10,56
813,11,56
813,12,56
813,13,56
813,14,56
813,15,56
813,16,56
813,17,56
813,18,56
813,19,56
813,20,56
813,21,56
813,22,56
813,23,56
813,24,56
813,25,56
813,26,56
813,27,56
813,28,56
813,29,56
813,30,56
813,31,56
813,32,56
813,33,56
813,34,56
813,35,56
813,36,56
813,37,56
813,38,56
814,1,17
814,2,17
814,3,17
814,4,17
814,5,17
814,6,17
814,7,17
814,8,17
814,9,17
814,10,17
814,11,17
814,12,17
814,13,17
814,14,17
814,15,17
814,16,17
814,17,17
814,18,17
814,19,17
814,20,17
814,21,17
814,22,17
814,23,17
814,24,17
814,25,17
814,26,17
814,27,17
814,28,17
814,29,17
814,30,17
814,31,17
814,32,17
814,33,17
814,34,17
814,35,17
814,36,17
814,37,17
814,38,17
815,1,21
815,2,21
815,3,21
815,4,21
815,5,21
815,6,21
815,7,21
815,8,21
815,9,21
815,10,21
815,11,21
815,12,21
815,13,21
815,14,21
815,15,21
815,16,21
815,17,21
815,18,21
815,19,21
815,20,21
815,21,21
815,22,21
815,23,21
815,24,21
815,25,21
815,26,21
815,27,21
815,28,21
815,29,21
815,30,21
815,31,21
815,32,21
815,33,21
815,34,21
815,35,21
815,36,21
815,37,21
815,38,21
816,1,39
816,2,39
816,3,39
816,4,39
816,5,39
816,6,39
816,7,39
816,8,39
816,9,39
816,10,39
816,11,39
816,12,39
816,13,39
816,14,39
816,15,39
816,16,39
816,17,39
816,18,39
816,19,39
816,20,39
816,21,39
816,22,39
816,23,39
816,24,39
816,25,39
816,26,39
816,27,39
816,28,39
816,29,39
816,30,39
816,31,39
816,32,39
816,33,39
816,34,39
816,35,39
816,36,39
816,37,39
816,38,39
817,1,39
817,2,39
817,3,39
817,4,39
817,5,39
817,6,39
817,7,39
817,8,39
817,9,39
817,10,39
817,11,39
817,12,39
817,13,39
817,14,39
817,15,39
817,16,39
817,17,39
817,18,39
817,19,39
817,20,39
817,21,39
817,22,39
817,23,39
817,24,39
817,25,39
817,26,39
817,27,39
817,28,39
817,29,39
817,30,39
817,31,39
817,32,39
817,33,39
817,34,39
817,35,39
817,36,39
817,37,39
817,38,39
818,1,6
818,2,6
818,3,6
818,4,6
818,5,6
818,6,6
818,7,6
818,8,6
818,9,6
818,10,6
818,11,6
818,12,6
818,13,6
818,14,6
818,15,6
818,16,6
818,17,6
818,18,6
818,19,6
818,20,6
818,21,6
818,22,6
818,23,6
818,24,6
818,25,6
818,26,6
818,27,6
818,28,6
818,29,6
818,30,6
818,31,6
818,32,6
818,33,6
818,34,6
818,35,6
818,36,6
818,37,6
818,38,6
819,1,94
819,2,94
819,3,94
819,4,94
819,5,94
819,6,94
819,7,94
819,8,94
819,9,94
819,10,94
819,11,94
819,12,94
819,13,94
819,14,94
819,15,94
819,16,94
819,17,94
819,18,94
819,19,94
819,20,94
819,21,94
819,22,94
819,23,94
819,24,94
819,25,94
819,26,94
819,27,94
819,28,94
819,29,94
819,30,94
819,31,94
819,32,94
819,33,94
819,34,94
819,35,94
819,36,94
819,37,94
819,38,94
820,1,90
820,2,90
820,3,90
820,4,90
820,5,90
820,6,90
820,7,90
820,8,90
820,9,90
820,10,90
820,11,90
820,12,90
820,13,90
820,14,90
820,15,90
820,16,90
820,17,90
820,18,90
820,19,90
820,20,90
820,21,90
820,22,90
820,23,90
820,24,90
820,25,90
820,26,90
820,27,90
820,28,90
820,29,90
820,30,90
820,31,90
820,32,90
820,33,90
820,34,90
820,35,90
820,36,90
820,37,90
820,38,90
821,1,56
821,2,56
821,3,56
821,4,56
821,5,56
821,6,56
821,7,56
821,8,56
821,9,56
821,10,56
821,11,56
821,12,56
821,13,56
821,14,56
821,15,56
821,16,56
821,17,56
821,18,56
821,19,56
821,20,56
821,21,56
821,22,56
821,23,56
821,24,56
821,25,56
821,26,56
821,27,56
821,28,56
821,29,56
821,30,56
821,31,56
821,32,56
821,33,56
821,34,56
821,35,56
821,36,56
821,37,56
821,38,56
822,1,56
822,2,56
822,3,56
822,4,56
822,5,56
822,6,56
822,7,56
822,8,56
822,9,56
822,10,56
822,11,56
822,12,56
822,13,56
822,14,56
822,15,56
822,16,56
822,17,56
822,18,56
822,19,56
822,20,56
822,21,56
822,22,56
822,23,56
822,24,56
822,25,56
822,26,56
822,27,56
822,28,56
822,29,56
822,30,56
822,31,56
822,32,56
822,33,56
822,34,56
822,35,56
822,36,56
822,37,56
822,38,56
823,1,94
823,2,94
823,3,94
823,4,94
823,5,94
823,6,94
823,7,94
823,8,94
823,9,94
823,10,94
823,11,94
823,12,94
823,13,94
823,14,94
823,15,94
823,16,94
823,17,94
823,18,94
823,19,94
823,20,94
823,21,94
823,22,94
823,23,94
823,24,94
823,25,94
823,26,94
823,27,94
823,28,94
823,29,94
823,30,94
823,31,94
823,32,94
823,33,94
823,34,94
823,35,94
823,36,94
823,37,94
823,38,94
824,1,94
824,2,94
824,3,94
824,4,94
824,5,94
824,6,94
824,7,94
824,8,94
824,9,94
824,10,94
824,11,94
824,12,94
824,13,94
824,14,94
824,15,94
824,16,94
824,17,94
824,18,94
824,19,94
824,20,94
824,21,94
824,22,94
824,23,94
824,24,94
824,25,94
824,26,94
824,27,94
824,28,94
824,29,94
824,30,94
824,31,94
824,32,94
824,33,94
824,34,94
824,35,94
824,36,94
824,37,94
824,38,94
825,1,21
825,2,21
825,3,21
825,4,21
825,5,21
825,6,21
825,7,21
825,8,21
825,9,21
825,10,21
825,11,21
825,12,21
825,13,21
825,14,21
825,15,21
825,16,21
825,17,21
825,18,21
825,19,21
825,20,21
825,21,21
825,22,21
825,23,21
825,24,21
825,25,21
825,26,21
825,27,21
825,28,21
825,29,21
825,30,21
825,31,21
825,32,21
825,33,21
825,34,21
825,35,21
825,36,21
825,37,21
825,38,21
826,1,94
826,2,94
826,3,94
826,4,94
826,5,94
826,6,94
826,7,94
826,8,94
826,9,94
826,10,94
826,11,94
826,12,94
826,13,94
826,14,94
826,15,94
826,16,94
826,17,94
826,18,94
826,19,94
826,20,94
826,21,94
826,22,94
826,23,94
826,24,94
826,25,94
826,26,94
826,27,94
826,28,94
826,29,94
826,30,94
826,31,94
826,32,94
826,33,94
826,34,94
826,35,94
826,36,94
826,37,94
826,38,94
827,1,1
827,2,1
827,3,1
827,4,1
827,5,1
827,6,1
827,7,1
827,8,1
827,9,1
827,10,1
827,11,1
827,12,1
827,13,1
827,14,1
827,15,1
827,16,1
827,17,1
827,18,1
827,19,1
827,20,1
827,21,1
827,22,1
827,23,1
827,24,1
827,25,1
827,26,1
827,27,1
827,28,1
827,29,1
827,30,1
827,31,1
827,32,1
827,33,1
827,34,1
827,35,1
827,36,1
827,37,1
827,38,1
828,1,39
828,2,39
828,3,39
828,4,39
828,5,39
828,6,39
828,7,39
828,8,39
828,9,39
828,10,39
828,11,39
828,12,39
828,13,39
828,14,39
828,15,39
828,16,39
828,17,39
828,18,39
828,19,39
828,20,39
828,21,39
828,22,39
828,23,39
828,24,39
828,25,39
828,26,39
828,27,39
828,28,39
828,29,39
828,30,39
828,31,39
828,32,39
828,33,39
828,34,39
828,35,39
828,36,39
828,37,39
828,38,39
829,1,8
829,2,8
829,3,8
829,4,8
829,5,8
829,6,8
829,7,8
829,8,8
829,9,8
829,10,8
829,11,8
829,12,8
829,13,8
829,14,8
829,15,8
829,16,8
829,17,8
829,18,8
829,19,8
829,20,8
829,21,8
829,22,8
829,23,8
829,24,8
829,25,8
829,26,8
829,27,8
829,28,8
829,29,8
829,30,8
829,31,8
829,32,8
829,33,8
829,34,8
829,35,8
829,36,8
829,37,8
829,38,8
830,1,14
830,2,14
830,3,14
830,4,14
830,5,14
830,6,14
830,7,14
830,8,14
830,9,14
830,10,14
830,11,14
830,12,14
830,13,14
830,14,14
830,15,14
830,16,14
830,17,14
830,18,14
830,19,14
830,20,14
830,21,14
830,22,14
830,23,14
830,24,14
830,25,14
830,26,14
830,27,14
830,28,14
830,29,14
830,30,14
830,31,14
830,32,14
830,33,14
830,34,14
830,35,14
830,36,14
830,37,14
830,38,14
831,1,39
831,2,39
831,3,39
831,4,39
831,5,39
831,6,39
831,7,39
831,8,39
831,9,39
831,10,39
831,11,39
831,12,39
831,13,39
831,14,39
831,15,39
831,16,39
831,17,39
831,18,39
831,19,39
831,20,39
831,21,39
831,22,39
831,23,39
831,24,39
831,25,39
831,26,39
831,27,39
831,28,39
831,29,39
831,30,39
831,31,39
831,32,39
831,33,39
831,34,39
831,35,39
831,36,39
831,37,39
831,38,39
832,1,14
832,2,14
832,3,14
832,4,14
832,5,14
832,6,14
832,7,14
832,8,14
832,9,14
832,10,14
832,11,14
832,12,14
832,13,14
832,14,14
832,15,14
832,16,14
832,17,14
832,18,14
832,19,14
832,20,14
832,21,14
832,22,14
832,23,14
832,24,14
832,25,14
832,26,14
832,27,14
832,28,14
832,29,14
832,30,14
832,31,14
832,32,14
832,33,14
832,34,14
832,35,14
832,36,14
832,37,14
832,38,14
833,1,8
833,2,8
833,3,8
833,4,8
833,5,8
833,6,8
833,7,8
833,8,8
833,9,8
833,10,8
833,11,8
833,12,8
833,13,8
833,14,8
833,15,8
833,16,8
833,17,8
833,18,8
833,19,8
833,20,8
833,21,8
833,22,8
833,23,8
833,24,8
833,25,8
833,26,8
833,27,8
833,28,8
833,29,8
833,30,8
833,31,8
833,32,8
833,33,8
833,34,8
833,35,8
833,36,8
833,37,8
833,38,8
834,1,8
834,2,8
834,3,8
834,4,8
834,5,8
834,6,8
834,7,8
834,8,8
834,9,8
834,10,8
834,11,8
834,12,8
834,13,8
834,14,8
834,15,8
834,16,8
834,17,8
834,18,8
834,19,8
834,20,8
834,21,8
834,22,8
834,23,8
834,24,8
834,25,8
834,26,8
834,27,8
834,28,8
834,29,8
834,30,8
834,31,8
834,32,8
834,33,8
834,34,8
834,35,8
834,36,8
834,37,8
834,38,8
835,1,17
835,2,17
835,3,17
835,4,17
835,5,17
835,6,17
835,7,17
835,8,17
835,9,17
835,10,17
835,11,17
835,12,17
835,13,17
835,14,17
835,15,17
835,16,17
835,17,17
835,18,17
835,19,17
835,20,17
835,21,17
835,22,17
835,23,17
835,24,17
835,25,17
835,26,17
835,27,17
835,28,17
835,29,17
835,30,17
835,31,17
835,32,17
835,33,17
835,34,17
835,35,17
835,36,17
835,37,17
835,38,17
836,1,17
836,2,17
836,3,17
836,4,17
836,5,17
836,6,17
836,7,17
836,8,17
836,9,17
836,10,17
836,11,17
836,12,17
836,13,17
836,14,17
836,15,17
836,16,17
836,17,17
836,18,17
836,19,17
836,20,17
836,21,17
836,22,17
836,23,17
836,24,17
836,25,17
836,26,17
836,27,17
836,28,17
836,29,17
836,30,17
836,31,17
836,32,17
836,33,17
836,34,17
836,35,17
836,36,17
836,37,17
836,38,17
837,1,2
837,2,2
837,3,2
837,4,2
837,5,2
837,6,2
837,7,2
837,8,2
837,9,2
837,10,2
837,11,2
837,12,2
837,13,2
837,14,2
837,15,2
837,16,2
837,17,2
837,18,2
837,19,2
837,20,2
837,21,2
837,22,2
837,23,2
837,24,2
837,25,2
837,26,2
837,27,2
837,28,2
837,29,2
837,30,2
837,31,2
837,32,2
837,33,2
837,34,2
837,35,2
837,36,2
837,37,2
837,38,2
838,1,2
838,2,2
838,3,2
838,4,2
838,5,2
838,6,2
838,7,2
838,8,2
838,9,2
838,10,2
838,11,2
838,12,2
838,13,2
838,14,2
838,15,2
838,16,2
838,17,2
838,18,2
838,19,2
838,20,2
838,21,2
838,22,2
838,23,2
838,24,2
838,25,2
838,26,2
838,27,2
838,28,2
838,29,2
838,30,2
838,31,2
838,32,2
838,33,2
838,34,2
838,35,2
838,36,2
838,37,2
838,38,2
839,1,2
839,2,2
839,3,2
839,4,2
839,5,2
839,6,2
839,7,2
839,8,2
839,9,2
839,10,2
839,11,2
839,12,2
839,13,2
839,14,2
839,15,2
839,16,2
839,17,2
839,18,2
839,19,2
839,20,2
839,21,2
839,22,2
839,23,2
839,24,2
839,25,2
839,26,2
839,27,2
839,28,2
839,29,2
839,30,2
839,31,2
839,32,2
839,33,2
839,34,2
839,35,2
839,36,2
839,37,2
839,38,2
840,1,8
840,2,8
840,3,8
840,4,8
840,5,8
840,6,8
840,7,8
840,8,8
840,9,8
840,10,8
840,11,8
840,12,8
840,13,8
840,14,8
840,15,8
840,16,8
840,17,8
840,18,8
840,19,8
840,20,8
840,21,8
840,22,8
840,23,8
840,24,8
840,25,8
840,26,8
840,27,8
840,28,8
840,29,8
840,30,8
840,31,8
840,32,8
840,33,8
840,34,8
840,35,8
840,36,8
840,37,8
840,38,8
