id,status,chance_of_playing_next_round,chance_of_playing_this_round,now_cost,now_cost_rank,now_cost_rank_type,cost_change_event,cost_change_event_fall,cost_change_start,cost_change_start_fall,selected_by_percent,selected_rank,selected_rank_type,total_points,event_points,points_per_game,points_per_game_rank,points_per_game_rank_type,bonus,bps,form,form_rank,form_rank_type,value_form,value_season,dreamteam_count,transfers_in,transfers_in_event,transfers_out,transfers_out_event,ep_next,ep_this,expected_goals,expected_assists,expected_goal_involvements,expected_goals_conceded,expected_goals_per_90,expected_assists_per_90,expected_goal_involvements_per_90,expected_goals_conceded_per_90,influence,influence_rank,influence_rank_type,creativity,creativity_rank,creativity_rank_type,threat,threat_rank,threat_rank_type,ict_index,ict_index_rank,ict_index_rank_type,corners_and_indirect_freekicks_order,direct_freekicks_order,penalties_order,gw,set_piece_threat,first_name,second_name,web_name,news,news_added,minutes,goals_scored,assists,clean_sheets,goals_conceded,own_goals,penalties_saved,penalties_missed,yellow_cards,red_cards,saves,starts,defensive_contribution,corners_and_indirect_freekicks_text,direct_freekicks_text,penalties_text,saves_per_90,clean_sheets_per_90,goals_conceded_per_90,starts_per_90,defensive_contribution_per_90,tackles,clearances_blocks_interceptions,recoveries
10,a,100.0,100.0,5.5,132,15,0,0,0,0,7.6,57,22,20,2,6.7,27,12,3,74,6.7,26,12,1.2,3.6,0,385367,77131,213364,70933,6.7,6.7,0.18,0.29,0.47,0.92,0.06,0.1,0.16,0.31,65.4,64,31,52.2,57,11,23.0,117,35,14.1,66,16,,,,3,,Benjamin,White,White,,,270,0,1,2,1,0,0,0,0,0,0,3,15,,,,0.0,0.67,0.33,1.0,5.0,4,11,9
17,a,,,5.9,89,58,0,0,-1,1,0.5,260,87,2,0,0.7,381,180,0,12,0.7,326,150,0.1,0.3,0,6899,1416,36382,7256,0.7,0.7,0.14,0.02,0.16,0.26,0.27,0.04,0.31,0.51,6.4,295,126,3.3,258,136,14.0,163,80,2.4,282,124,,,,3,,Mikel,Merino Zazón,Merino,,,46,0,0,0,0,0,0,0,1,0,0,0,6,,,,0.0,0.0,0.0,0.0,11.74,0,0,6
51,a,,,4.5,539,277,0,0,0,0,1.2,172,55,7,3,2.3,171,71,0,29,2.3,153,65,0.5,1.6,0,76157,31009,33152,13233,2.3,2.3,0.07,0.15,0.22,5.0,0.03,0.06,0.09,1.92,23.2,205,82,29.4,130,79,23.0,116,60,7.5,169,77,,,,3,,George,Hemmings,George Hemmings,,,234,0,0,1,5,0,0,0,0,0,0,3,18,,,,0.0,0.38,1.92,1.15,6.92,6,2,10
52,a,,,5.0,360,217,0,0,0,0,0.0,503,203,2,1,0.7,377,177,0,10,0.7,312,142,0.1,0.4,0,1496,326,1982,457,0.7,0.7,0.0,0.0,0.0,0.51,0.0,0.0,0.0,1.09,5.4,299,130,2.6,266,139,2.0,275,130,1.0,321,146,,,,3,,Alysson Edward Franco,da Rocha dos Santos,Alysson,,,42,0,0,0,0,0,0,0,1,0,0,0,6,,,,0.0,0.0,0.0,0.0,12.86,2,1,3
53,i,0.0,0.0,5.9,110,70,0,0,-1,1,0.1,394,146,0,0,0.0,639,279,0,0,0.0,639,279,0.0,0.0,0,865,292,15166,1327,0.0,0.0,0.0,0.0,0.0,0.0,0.0,0.0,0.0,0.0,0.0,636,280,0.0,638,280,0.0,636,279,0.0,638,280,,,,3,,Johan,Manzambi,Manzambi,Knee injury - Expected back 12 Sep,,0,0,0,0,0,0,0,0,0,0,0,0,0,,,,0.0,0.0,0.0,0.0,0.0,0,0,0
54,s,0.0,0.0,5.5,155,94,0,0,0,0,0.0,521,212,-2,0,-2.0,654,291,0,-2,-0.7,654,291,-0.1,-0.4,0,329,85,3435,367,0.0,0.0,0.0,0.01,0.01,2.58,0.0,0.02,0.02,5.95,1.0,352,164,11.0,217,115,0.0,615,264,1.2,316,142,,,,3,,Joao,Gomes,Gomes,Suspended until 19 Sep,,39,0,0,0,4,0,0,0,0,1,0,1,7,,,,0.0,0.0,9.23,2.31,16.15,4,1,2
55,u,0.0,0.0,7.8,13,4,0,0,-2,2,3.3,96,14,0,0,0.0,653,78,0,0,0.0,653,78,0.0,0.0,0,14882,0,679326,93487,0.0,0.0,0.0,0.0,0.0,0.0,0.0,0.0,0.0,0.0,0.0,654,78,0.0,654,78,0.0,654,78,0.0,654,78,,,,3,,Ollie,Watkins,Watkins,Has joined Al Hilal permanently,,0,0,0,0,0,0,0,0,0,0,0,0,0,,,,0.0,0.0,0.0,0.0,0.0,0,0,0
56,a,100.0,100.0,5.5,130,34,0,0,0,0,0.2,363,55,2,1,1.0,344,39,0,6,0.7,321,38,0.1,0.4,0,8430,2908,7271,1837,0.7,0.7,0.0,0.0,0.0,0.37,0.0,0.0,0.0,1.39,2.0,342,37,2.3,274,34,0.0,607,70,0.4,344,39,,,,3,,Tammy,Abraham,Abraham,,,24,0,0,0,0,0,0,0,0,0,0,0,1,,,,0.0,0.0,0.0,0.0,3.75,1,0,0
160,a,,,5.9,107,68,0,0,-1,1,0.4,272,90,3,1,1.0,360,167,0,9,1.0,281,129,0.2,0.5,0,5675,1097,28470,5814,1.0,1.0,0.0,0.0,0.0,0.49,0.0,0.0,0.0,1.42,1.2,351,163,3.6,252,133,0.0,634,277,0.5,340,156,,,,3,,Alejandro,Garnacho Ferreyra,Garnacho,,,31,0,0,0,0,0,0,0,0,0,0,0,2,,,,0.0,0.0,0.0,0.0,5.81,0,0,2
166,a,,,6.5,43,11,0,0,0,0,1.1,175,26,4,2,2.0,223,24,0,21,1.3,240,26,0.2,0.6,0,100832,21627,33766,11331,1.3,1.3,0.24,0.54,0.78,1.23,0.14,0.32,0.46,0.72,5.4,302,30,23.4,149,14,22.0,119,23,5.1,225,25,,,,3,,Nicolas,Jackson,N.Jackson,,,154,0,0,1,1,0,0,0,0,0,0,2,5,,,,0.0,0.58,0.58,1.17,2.92,0,0,5
582,i,0.0,0.0,5.5,189,44,0,0,0,0,0.3,306,50,0,0,0.0,632,75,0,0,0.0,632,75,0.0,0.0,0,2324,264,21906,3626,0.0,0.0,0.0,0.0,0.0,0.0,0.0,0.0,0.0,0.0,0.0,625,69,0.0,630,74,0.0,624,72,0.0,629,73,,,,3,,Brian,Madjo,Madjo,Unspecified injury - Unknown return date,,0,0,0,0,0,0,0,0,0,0,0,0,0,,,,0.0,0.0,0.0,0.0,0.0,0,0,0
596,a,,,4.5,502,129,0,0,0,0,0.1,432,154,2,1,1.0,289,115,0,6,0.7,296,110,0.2,0.4,0,1760,168,3593,768,0.7,0.7,0.0,0.01,0.01,0.49,0.0,0.04,0.04,1.92,6.6,289,115,2.6,265,92,0.0,408,173,0.9,323,119,,,,3,,Matteo,Ruggeri,Ruggeri,,,23,0,0,0,0,0,0,0,0,0,0,0,3,,,,0.0,0.0,0.0,0.0,11.74,2,1,2
597,a,,,5.0,288,12,0,0,0,0,1.6,147,21,12,10,6.0,33,2,3,46,4.0,75,4,0.8,2.4,0,84502,47179,28008,9963,4.0,4.0,0.0,0.0,0.0,1.61,0.0,0.0,0.0,0.8,40.8,146,18,0.0,560,63,0.0,535,63,4.1,242,18,,,,3,,Zion,Suzuki,Suzuki,,,180,0,0,1,1,0,0,0,0,0,5,2,0,,,,2.5,0.5,0.5,1.0,0.0,0,3,22
606,a,,,4.0,640,201,0,0,0,0,0.2,364,138,0,0,0.0,432,160,0,0,0.0,432,160,0.0,0.0,0,9928,1968,3165,1236,0.0,0.0,0.0,0.0,0.0,0.0,0.0,0.0,0.0,0.0,0.0,407,156,0.0,402,156,0.0,345,139,0.0,413,154,,,,3,,Triston,Rowe,Rowe,,,0,0,0,0,0,0,0,0,0,0,0,0,0,,,,0.0,0.0,0.0,0.0,0.0,0,0,0
607,u,0.0,0.0,4.5,534,275,0,0,0,0,0.1,439,171,0,0,0.0,504,196,0,0,0.0,504,196,0.0,0.0,0,7103,0,5529,2374,0.0,0.0,0.0,0.0,0.0,0.0,0.0,0.0,0.0,0.0,0.0,481,183,0.0,480,191,0.0,438,160,0.0,487,187,,,,3,,Luka,Lynch,Lynch,Has joined Oxford United on loan until January,,0,0,0,0,0,0,0,0,0,0,0,0,0,,,,0.0,0.0,0.0,0.0,0.0,0,0,0
611,a,,,4.5,459,99,0,0,0,0,0.2,356,134,2,1,1.0,281,108,0,7,1.0,249,92,0.2,0.4,0,10158,1976,3255,1468,1.0,1.0,0.0,0.0,0.0,0.35,0.0,0.0,0.0,1.85,6.4,292,117,1.7,287,103,0.0,383,159,0.8,330,122,,,,3,,Aaron,Wan-Bissaka,Wan-Bissaka,,,17,0,0,0,0,0,0,0,0,0,0,0,3,,,,0.0,0.0,0.0,0.0,15.88,2,1,0
37,a,,,4.5,452,94,0,0,0,0,0.3,300,110,6,6,2.0,191,74,0,25,2.0,173,69,0.4,1.3,0,7099,2113,8257,1251,2.0,2.0,0.0,0.16,0.16,5.38,0.0,0.05,0.05,1.79,39.2,150,68,26.2,140,45,2.0,265,98,6.7,192,74,,,,3,,Victor,Lindelöf,Lindelöf,,,270,0,0,1,5,1,0,0,0,0,0,3,14,,,,0.0,0.33,1.67,1.0,4.67,1,13,5
618,i,0.0,,6.0,60,42,0,0,0,0,0.0,500,201,0,0,0.0,640,280,0,0,0.0,640,280,0.0,0.0,0,4535,874,2139,1291,0.0,0.0,0.0,0.0,0.0,0.0,0.0,0.0,0.0,0.0,0.0,637,281,0.0,639,281,0.0,637,280,0.0,639,281,,,,3,,Leon,Goretzka,Goretzka,Knee injury - Expected back 10 Oct,,0,0,0,0,0,0,0,0,0,0,0,0,0,,,,0.0,0.0,0.0,0.0,0.0,0,0,0
630,a,,,4.5,480,115,0,0,0,0,0.0,590,200,0,0,0.0,469,180,0,0,0.0,469,180,0.0,0.0,0,1399,454,369,179,1.8,1.8,0.0,0.0,0.0,0.0,0.0,0.0,0.0,0.0,0.0,445,177,0.0,443,177,0.0,394,166,0.0,451,175,,,,3,,Taylor,Harwood-Bellis,Harwood-Bellis,,,0,0,0,0,0,0,0,0,0,0,0,0,0,,,,0.0,0.0,0.0,0.0,0.0,0,0,0
631,a,,,6.0,83,55,0,0,0,0,0.1,491,197,0,0,0.0,644,284,0,0,0.0,644,284,0.0,0.0,0,6184,2128,1588,958,2.2,2.2,0.0,0.0,0.0,0.0,0.0,0.0,0.0,0.0,0.0,644,285,0.0,645,285,0.0,643,284,0.0,644,285,,,,3,,Ibrahim,Mbaye,Mbaye,,,0,0,0,0,0,0,0,0,0,0,0,0,0,,,,0.0,0.0,0.0,0.0,0.0,0,0,0
57,a,,,4.5,490,40,0,0,0,0,3.3,95,16,6,1,2.0,196,17,0,33,2.0,175,16,0.4,1.3,0,88267,16907,70689,21684,2.0,2.0,0.0,0.0,0.0,4.8,0.0,0.0,0.0,1.6,74.0,43,7,0.0,449,44,0.0,401,41,7.4,172,7,,,,3,,Đorđe,Petrović,Petrović,,,270,0,0,0,5,0,0,0,0,0,9,3,0,,,,3.0,0.0,1.67,1.0,0.0,0,6,21
59,u,0.0,0.0,4.0,613,65,0,0,0,0,0.1,375,42,0,0,0.0,412,39,0,0,0.0,412,39,0.0,0.0,0,1133,0,5384,1083,0.0,0.0,0.0,0.0,0.0,0.0,0.0,0.0,0.0,0.0,0.0,387,39,0.0,382,20,0.0,324,17,0.0,393,39,,,,3,,Will,Dennis,Dennis,Has joined MK Dons permanently,,0,0,0,0,0,0,0,0,0,0,0,0,0,,,,0.0,0.0,0.0,0.0,0.0,0,0,0
18,u,0.0,0.0,6.3,56,40,0,0,-2,2,0.1,429,166,0,0,0.0,646,286,0,0,0.0,646,286,0.0,0.0,0,2483,0,18677,5035,0.0,0.0,0.0,0.0,0.0,0.0,0.0,0.0,0.0,0.0,0.0,646,287,0.0,647,287,0.0,646,287,0.0,646,287,,,,3,,Gabriel,Martinelli Silva,Martinelli,Has joined Al Hilal permanently,,0,0,0,0,0,0,0,0,0,0,0,0,0,,,,0.0,0.0,0.0,0.0,0.0,0,0,0
39,u,0.0,0.0,4.0,645,206,0,0,0,0,0.2,366,139,0,0,0.0,436,164,0,0,0.0,436,164,0.0,0.0,0,0,0,12718,1492,0.0,0.0,0.0,0.0,0.0,0.0,0.0,0.0,0.0,0.0,0.0,411,160,0.0,406,160,0.0,350,144,0.0,417,158,,,,3,,Kosta,Nedeljkovic,Nedeljkovic,Has joined Rangers on loan for the rest of the season,,0,0,0,0,0,0,0,0,0,0,0,0,0,,,,0.0,0.0,0.0,0.0,0.0,0,0,0
60,a,,,5.5,159,20,0,0,0,0,0.8,209,81,6,1,2.0,215,82,0,23,2.0,192,72,0.4,1.1,0,20573,4326,24839,6430,2.0,2.0,0.0,0.76,0.76,4.8,0.0,0.25,0.25,1.6,54.0,102,46,52.8,55,9,6.0,230,81,11.3,101,32,,,,3,,James,Hill,Hill,,,270,0,0,0,5,0,0,0,0,0,0,3,24,,,,0.0,0.0,1.67,1.0,8.0,4,20,5
61,a,,,5.5,169,22,0,0,0,0,3.5,90,35,5,0,1.7,238,86,2,24,1.7,214,77,0.3,0.9,0,39042,6562,97516,29611,1.7,1.7,0.01,0.13,0.14,4.8,0.0,0.04,0.04,1.6,53.4,105,48,40.7,90,23,6.0,231,82,10.1,125,48,,,,3,,Adrien,Truffert,Truffert,,,270,0,0,0,5,0,0,0,1,0,0,3,22,,,,0.0,0.0,1.67,1.0,7.33,7,15,18
63,i,0.0,0.0,5.0,355,63,0,0,0,0,0.0,609,205,0,0,0.0,600,209,0,0,0.0,600,209,0.0,0.0,0,211,49,656,118,0.0,0.0,0.0,0.0,0.0,0.0,0.0,0.0,0.0,0.0,0.0,585,208,0.0,592,208,0.0,574,206,0.0,592,208,,,,3,,Veljko,Milosavljevic,Milosavljević,Unspecified injury - Unknown return date,,0,0,0,0,0,0,0,0,0,0,0,0,0,,,,0.0,0.0,0.0,0.0,0.0,0,0,0
64,a,,,4.5,424,81,0,0,0,0,0.1,388,145,2,0,0.7,373,130,0,12,0.7,289,104,0.2,0.4,0,5266,791,4199,1090,0.7,0.7,0.01,0.06,0.07,4.8,0.0,0.02,0.02,1.6,32.2,182,82,41.6,84,21,4.0,239,87,7.8,162,64,,,,3,,Adam,Smith,Smith,,,270,0,0,0,5,0,0,0,2,0,0,3,15,,,,0.0,0.0,1.67,1.0,5.0,4,11,9
30,u,0.0,0.0,4.5,431,84,0,0,0,0,0.1,483,171,0,0,0.0,449,174,0,0,0.0,449,174,0.0,0.0,0,0,0,7732,684,0.0,0.0,0.0,0.0,0.0,0.0,0.0,0.0,0.0,0.0,0.0,424,170,0.0,421,170,0.0,368,157,0.0,430,168,,,,3,,Lucas,Digne,Digne,Has joined Paris Saint-Germain permanently,,0,0,0,0,0,0,0,0,0,0,0,0,0,,,,0.0,0.0,0.0,0.0,0.0,0,0,0
65,i,0.0,0.0,4.4,573,156,-1,1,-1,1,0.0,593,201,0,0,0.0,446,173,0,0,0.0,446,173,0.0,0.0,0,258,74,1041,169,0.0,0.0,0.0,0.0,0.0,0.0,0.0,0.0,0.0,0.0,0.0,421,169,0.0,416,169,0.0,362,155,0.0,427,167,,,,3,,Julián,Araujo Zúñiga,J.Araujo,Thigh injury - Unknown return date,,0,0,0,0,0,0,0,0,0,0,0,0,0,,,,0.0,0.0,0.0,0.0,0.0,0,0,0
66,a,100.0,100.0,4.0,642,203,0,0,0,0,0.3,311,114,0,0,0.0,433,161,0,0,0.0,433,161,0.0,0.0,0,9114,2652,6590,1808,0.0,0.0,0.0,0.0,0.0,0.0,0.0,0.0,0.0,0.0,0.0,408,157,0.0,403,157,0.0,347,141,0.0,414,155,,,,3,,Julio,Soler Barreto,Soler,,,0,0,0,0,0,0,0,0,0,0,0,0,0,,,,0.0,0.0,0.0,0.0,0.0,0,0,0
67,a,,,6.4,48,32,-1,1,-1,1,2.0,123,39,6,2,2.0,221,98,0,21,2.0,195,90,0.3,0.9,0,40252,4864,109070,26867,2.0,2.0,0.48,0.06,0.54,4.56,0.16,0.02,0.18,1.54,16.4,238,97,15.7,186,105,71.0,26,15,10.4,123,60,,,,3,,Rayan Vitor,Simplício Rocha,Rayan,,,266,0,0,0,4,0,0,0,0,0,0,3,8,,,,0.0,0.0,1.35,1.02,2.71,2,3,3
68,a,,,6.0,63,43,0,0,0,0,3.3,98,30,21,10,7.0,22,9,6,95,7.0,21,8,1.2,3.5,0,218454,102984,90043,27764,7.0,7.0,1.5,0.34,1.84,4.75,0.5,0.11,0.61,1.6,101.6,12,8,68.7,37,32,106.0,7,4,27.6,10,8,1.0,1.0,3.0,3,,Marcus,Tavernier,Tavernier,,,268,2,0,0,5,0,0,0,1,0,0,3,28,,,,0.0,0.0,1.68,1.01,9.4,7,3,18
69,a,,,6.0,75,51,0,0,0,0,4.7,76,24,24,10,8.0,8,5,5,93,8.0,7,4,1.3,4.0,0,301910,236505,62736,32079,8.0,8.0,0.33,0.3,0.63,4.67,0.11,0.1,0.21,1.58,72.4,50,18,59.8,43,37,33.0,90,50,16.5,48,35,2.0,4.0,,3,,Alex,Scott,Scott,,,266,1,2,1,4,0,0,0,1,0,0,3,37,,,,0.0,0.34,1.35,1.02,12.52,7,9,21
70,a,,,6.0,66,45,0,0,0,0,1.0,190,60,7,1,2.3,184,81,0,33,2.3,167,75,0.4,1.2,0,32152,5001,46062,12950,2.3,2.3,0.78,0.06,0.84,4.09,0.31,0.02,0.33,1.61,22.2,211,85,43.2,80,57,77.0,19,11,13.9,69,45,3.0,2.0,2.0,3,,Justin,Kluivert,Kluivert,,,229,0,0,2,1,0,0,0,1,0,0,3,18,,,,0.0,0.79,0.39,1.18,7.07,4,1,13
71,a,,,5.0,249,154,0,0,0,0,0.2,333,119,7,1,2.3,175,74,0,23,2.3,157,68,0.5,1.4,0,11321,1462,7796,2246,2.3,2.3,0.0,0.01,0.01,3.84,0.0,0.01,0.01,2.2,8.4,276,116,15.2,188,106,0.0,513,206,2.4,280,122,5.0,,,3,,Lewis,Cook,Cook,,,157,0,0,2,1,0,0,0,0,0,0,2,10,,,,0.0,1.15,0.57,1.15,5.73,1,4,5
72,a,,,4.9,399,239,-1,1,-1,1,0.1,476,188,2,1,1.0,299,125,0,6,0.7,299,134,0.1,0.4,0,999,250,3061,679,0.7,0.7,0.02,0.0,0.02,0.24,0.9,0.0,0.9,10.8,2.2,339,155,0.6,321,158,7.0,211,105,1.0,319,144,,,,3,,Ben,Gannon-Doak,Gannon-Doak,,,2,0,0,0,1,0,0,0,0,0,0,0,3,,,,0.0,0.0,45.0,0.0,135.0,1,0,2
7,a,,,5.5,171,105,0,0,0,0,0.7,226,74,8,2,2.7,153,64,0,35,2.7,138,59,0.5,1.5,0,23520,4978,29410,6869,2.7,2.7,0.16,0.23,0.39,0.79,0.06,0.09,0.15,0.31,21.6,213,86,38.8,96,65,16.0,143,73,7.0,184,86,,,,3,,Myles,Lewis-Skelly,Lewis-Skelly,,,226,0,0,2,1,0,0,0,0,0,0,3,14,,,,0.0,0.8,0.4,1.19,5.58,1,5,8
73,a,100.0,100.0,5.0,261,162,0,0,0,0,0.3,310,109,6,4,2.0,203,87,0,23,2.0,180,79,0.4,1.2,0,12427,3807,9921,2375,2.0,2.0,0.0,0.01,0.01,0.95,0.0,0.01,0.01,0.77,17.4,232,94,13.4,199,109,0.0,521,211,3.1,262,114,,,,3,,Tyler,Adams,Adams,,,111,0,0,0,4,0,0,0,0,0,0,1,18,,,,0.0,0.0,3.24,0.81,14.59,3,4,11
74,a,100.0,100.0,5.0,243,151,0,0,0,0,0.1,485,193,2,1,1.0,310,134,0,5,0.7,305,138,0.1,0.4,0,2362,464,2225,526,0.7,0.7,0.0,0.01,0.01,0.39,0.0,0.04,0.04,1.53,0.0,538,219,1.6,290,148,0.0,508,203,0.1,364,170,4.0,3.0,,3,,David,Brooks,Brooks,,,23,0,0,0,2,0,0,0,0,0,0,0,0,,,,0.0,0.0,7.83,0.0,0.0,0,0,0
75,a,100.0,100.0,5.0,250,155,0,0,0,0,0.0,538,220,2,1,1.0,312,135,0,8,0.7,307,139,0.1,0.4,0,2199,601,1065,353,0.7,0.7,0.0,0.0,0.0,0.13,0.0,0.0,0.0,2.92,2.8,334,151,0.3,339,167,0.0,514,207,0.3,351,161,6.0,,,3,,Ryan,Christie,Christie,,,4,0,0,0,1,0,0,0,0,0,0,0,2,,,,0.0,0.0,22.5,0.0,45.0,1,0,1
76,a,,,5.0,354,215,0,0,0,0,0.0,583,244,1,0,1.0,326,145,0,5,0.3,367,171,0.1,0.2,0,276,53,518,141,0.3,0.3,0.0,0.0,0.0,0.31,0.0,0.0,0.0,1.86,2.8,335,152,0.6,324,160,0.0,573,240,0.3,354,164,,,,3,,Alex,Tóth,Tóth.A,,,15,0,0,0,2,0,0,0,0,0,0,0,2,,,,0.0,0.0,12.0,0.0,12.0,1,0,1
77,i,0.0,0.0,4.9,398,238,0,0,-1,1,0.0,581,242,0,0,0.0,548,222,0,0,0.0,548,222,0.0,0.0,0,229,39,1823,220,0.0,0.0,0.0,0.0,0.0,0.0,0.0,0.0,0.0,0.0,0.0,527,210,0.0,528,218,0.0,490,189,0.0,535,215,,,,3,,Amine,Adli,Adli,Unspecified injury - Unknown return date,,0,0,0,0,0,0,0,0,0,0,0,0,0,,,,0.0,0.0,0.0,0.0,0.0,0,0,0
79,a,,,6.0,71,16,0,0,0,0,3.2,99,15,11,2,3.7,100,12,0,32,3.7,92,9,0.6,1.8,0,171501,29305,90556,28078,3.7,3.7,0.71,0.26,0.97,4.32,0.26,0.1,0.36,1.59,37.6,156,10,39.2,94,7,45.0,67,16,12.1,87,13,,,,3,,Francisco Evanilson,de Lima Barbosa,Evanilson,,,244,0,2,2,2,0,0,0,1,0,0,3,18,,,,0.0,0.74,0.74,1.11,6.64,1,9,8
80,u,0.0,0.0,5.5,127,32,0,0,0,0,0.0,577,75,0,0,0.0,621,73,0,0,0.0,621,73,0.0,0.0,0,0,0,1760,168,0.0,0.0,0.0,0.0,0.0,0.0,0.0,0.0,0.0,0.0,0.0,612,67,0.0,617,72,0.0,606,69,0.0,618,71,,,,3,,Enes,Ünal,Enes Ünal,Has joined Getafe permanently,,0,0,0,0,0,0,0,0,0,0,0,0,0,,,,0.0,0.0,0.0,0.0,0.0,0,0,0
81,a,100.0,100.0,6.0,80,19,0,0,0,0,0.1,402,57,1,0,1.0,361,44,0,4,0.3,383,46,0.0,0.2,0,3398,877,4258,1157,0.3,0.3,0.0,0.0,0.0,0.16,0.0,0.0,0.0,1.6,0.0,641,74,0.0,643,76,0.0,641,75,0.0,642,75,,,,3,,Álvaro,Rodríguez,Rodríguez,,,9,0,0,0,1,0,0,0,0,0,0,0,1,,,,0.0,0.0,10.0,0.0,10.0,0,0,1
566,a,,,5.0,306,54,0,0,0,0,0.4,270,98,7,1,2.3,177,70,0,24,2.3,160,65,0.5,1.4,0,19893,2806,12452,3588,2.3,2.3,0.27,0.04,0.31,4.8,0.09,0.01,0.1,1.6,73.8,44,17,3.3,256,87,30.0,96,22,10.7,113,40,,,,3,,António João,Pereira de Albuquerque Tavares da Silva,Silva,,,270,0,0,0,5,0,0,0,1,0,0,3,31,,,,0.0,0.0,1.67,1.0,10.33,3,28,7
19,a,,,5.4,218,137,0,0,-1,1,0.7,221,71,3,1,1.0,335,151,0,9,1.0,268,121,0.2,0.6,0,6251,1187,48837,8228,1.0,1.0,0.08,0.04,0.12,0.28,0.14,0.07,0.21,0.5,10.0,270,115,4.0,247,131,11.0,186,91,2.5,278,121,,,,3,,Martín,Zubimendi Ibáñez,Zubimendi,,,50,0,0,0,0,0,0,0,0,0,0,0,9,,,,0.0,0.0,0.0,0.0,16.2,3,4,2
573,a,,,4.5,508,130,0,0,0,0,0.2,346,130,0,0,0.0,481,184,0,0,0.0,481,184,0.0,0.0,0,991,170,4785,1031,0.0,0.0,0.0,0.0,0.0,0.0,0.0,0.0,0.0,0.0,0.0,457,181,0.0,457,181,0.0,414,174,0.0,463,179,,,,3,,Juanlu,Sánchez,Sanchez,,,0,0,0,0,0,0,0,0,0,0,0,0,0,,,,0.0,0.0,0.0,0.0,0.0,0,0,0
608,a,,,5.0,334,60,0,0,0,0,0.1,422,61,2,1,1.0,322,34,0,10,0.7,310,35,0.1,0.4,0,9251,2264,3635,1216,0.7,0.7,0.1,0.0,0.1,0.36,0.56,0.0,0.56,2.02,3.4,324,32,0.8,313,37,17.0,137,26,2.1,290,33,,,,3,,Daniel,Jebbison,Jebbison,,,16,0,0,0,2,0,0,0,0,0,0,0,1,,,,0.0,0.0,11.25,0.0,5.62,0,0,1
615,a,,,4.5,468,36,0,0,0,0,0.0,532,60,0,0,0.0,464,57,0,0,0.0,464,57,0.0,0.0,0,2152,507,846,364,0.0,0.0,0.0,0.0,0.0,0.0,0.0,0.0,0.0,0.0,0.0,440,57,0.0,437,40,0.0,387,37,0.0,446,57,,,,3,,Michele,Di Gregorio,Di Gregorio,,,0,0,0,0,0,0,0,0,0,0,0,0,0,,,,0.0,0.0,0.0,0.0,0.0,0,0,0
82,a,,,5.0,260,9,0,0,0,0,6.7,61,9,11,2,3.7,94,5,0,51,3.7,86,5,0.7,2.2,0,210201,22064,113715,34846,3.7,3.7,0.0,0.01,0.01,3.74,0.0,0.0,0.0,1.25,57.6,86,13,0.0,548,60,0.0,520,60,5.7,213,13,,,,3,,Caoimhín,Kelleher,Kelleher,,,270,0,0,1,2,0,0,0,0,0,7,3,0,,,,2.33,0.33,0.67,1.0,0.0,0,4,15
83,a,,,4.5,513,44,0,0,0,0,0.1,418,48,0,0,0.0,486,60,0,0,0.0,486,60,0.0,0.0,0,2011,394,2950,653,0.0,0.0,0.0,0.0,0.0,0.0,0.0,0.0,0.0,0.0,0.0,462,60,0.0,462,46,0.0,419,45,0.0,468,60,,,,3,,Hákon Rafn,Valdimarsson,Valdimarsson,,,0,0,0,0,0,0,0,0,0,0,0,0,0,,,,0.0,0.0,0.0,0.0,0.0,0,0,0
84,d,25.0,,5.5,149,18,0,0,0,0,1.7,138,56,10,1,3.3,115,45,0,39,3.3,104,39,0.6,1.8,0,58451,1187,75148,45191,0.8,3.3,0.51,0.05,0.56,2.13,0.23,0.02,0.25,0.98,40.6,147,67,22.4,153,49,51.0,56,9,11.4,98,29,,,,3,,Nathan,Collins,Collins,Calf injury - 25% chance of playing,,196,0,0,1,1,0,0,0,1,0,0,3,17,,,,0.0,0.46,0.46,1.38,7.81,2,15,11
85,i,0.0,0.0,4.9,391,72,0,0,-1,1,0.1,464,164,0,0,0.0,544,199,0,0,0.0,544,199,0.0,0.0,0,320,54,7499,913,0.0,0.0,0.0,0.0,0.0,0.0,0.0,0.0,0.0,0.0,0.0,523,197,0.0,524,197,0.0,486,192,0.0,531,196,,,,3,,Sepp,van den Berg,Van den Berg,Groin injury - Unknown return date,,0,0,0,0,0,0,0,0,0,0,0,0,0,,,,0.0,0.0,0.0,0.0,0.0,0,0,0
86,a,,,5.5,146,89,0,0,0,0,2.1,120,37,18,2,6.0,39,17,3,70,6.0,34,15,1.1,3.3,0,171060,17309,52449,19406,6.0,6.0,1.03,0.65,1.68,3.74,0.35,0.22,0.57,1.26,93.8,24,12,92.6,17,16,43.0,70,42,22.9,20,16,,1.0,,3,,Keane,Lewis-Potter,Lewis-Potter,,,267,1,1,1,2,0,0,0,0,0,0,3,27,,,,0.0,0.34,0.67,1.01,9.1,4,11,12
87,a,,,4.5,453,95,0,0,0,0,4.8,74,30,13,2,4.3,66,27,0,44,4.3,60,24,1.0,2.9,0,276254,31823,132957,57125,4.3,4.3,0.11,0.03,0.14,3.74,0.04,0.01,0.05,1.25,69.6,56,25,22.2,157,51,37.0,80,15,12.9,79,20,,,,3,,Kristoffer,Ajer,Ajer,,,270,0,0,1,2,0,0,0,1,0,0,3,32,,,,0.0,0.33,0.67,1.0,10.67,2,30,7
88,a,,,4.6,423,80,0,0,1,-1,9.0,46,17,16,1,5.3,46,20,1,47,5.3,41,18,1.2,3.5,0,543565,31249,172090,71320,5.3,5.3,0.55,0.21,0.76,2.28,0.24,0.09,0.33,0.99,55.8,95,43,17.8,177,55,56.0,48,6,12.9,80,21,,,,3,,Michael,Kayode,Kayode,,,207,1,0,1,1,0,0,0,0,0,0,3,13,,,,0.0,0.43,0.43,1.3,5.65,1,12,11
90,a,,,4.5,496,125,0,0,0,0,0.1,467,165,3,1,1.0,287,113,0,8,1.0,253,95,0.2,0.7,0,1478,202,1903,471,1.0,1.0,0.0,0.02,0.02,1.46,0.0,0.03,0.03,2.15,11.6,258,107,5.4,237,81,0.0,405,172,1.7,302,112,,,,3,,Aaron,Hickey,Hickey,,,61,0,0,0,1,0,0,0,0,0,0,0,6,,,,0.0,0.0,1.48,0.0,8.85,2,4,4
93,a,,,4.5,515,133,0,0,0,0,0.1,371,141,4,4,4.0,79,32,0,11,1.3,220,82,0.3,0.9,0,592,284,3099,421,1.3,1.3,0.1,0.01,0.11,1.61,0.12,0.01,0.13,1.98,17.2,234,98,0.2,346,129,4.0,242,90,2.1,287,107,,,,3,,Jannik,Schuster,Schuster,,,73,0,0,0,1,0,0,0,0,0,0,0,10,,,,0.0,0.0,1.23,0.0,12.33,0,10,0
94,a,,,6.0,76,52,0,0,0,0,3.9,86,29,15,2,5.0,56,25,3,62,5.0,51,24,0.8,2.5,0,182876,17590,122422,49127,5.0,5.0,0.77,0.2,0.97,3.74,0.26,0.07,0.33,1.26,64.0,66,21,36.2,105,67,101.0,12,6,20.1,27,20,,,2.0,3,,Kevin,Schade,Schade,,,267,1,0,1,2,0,0,0,0,0,0,3,23,,,,0.0,0.34,0.67,1.01,7.75,5,4,14
95,a,,,6.4,49,33,-1,1,-1,1,0.7,223,72,5,1,1.7,239,106,0,28,1.7,215,98,0.3,0.8,0,12778,823,53719,13186,1.7,1.7,0.07,0.38,0.45,2.18,0.04,0.24,0.28,1.4,23.2,206,83,57.6,46,39,17.0,139,71,9.8,127,62,4.0,,,3,,Dango,Ouattara,O.Dango,,,140,0,0,1,1,0,0,0,0,0,0,2,24,,,,0.0,0.64,0.64,1.29,15.43,2,8,14
1,a,,,6.0,61,1,0,0,0,0,38.9,5,1,15,3,5.0,55,4,0,60,5.0,50,3,0.8,2.5,0,460944,149262,434854,124148,5.0,5.0,0.0,0.01,0.01,0.92,0.0,0.0,0.0,0.31,46.2,128,15,0.0,640,71,0.0,638,71,4.7,235,16,,,,3,,David,Raya Martín,Raya,,,270,0,0,2,1,0,0,0,0,0,5,3,0,,,,1.67,0.67,0.33,1.0,0.0,0,4,30
8,a,,,5.7,117,11,0,0,2,-2,48.0,3,1,22,2,7.3,15,6,2,61,7.3,14,6,1.3,3.9,0,1127847,302263,215542,55353,7.3,7.3,0.54,0.58,1.12,0.65,0.21,0.22,0.43,0.25,51.6,112,53,27.3,134,42,39.0,74,14,11.8,94,27,,,,3,,Riccardo,Calafiori,Calafiori,,,236,0,2,2,1,0,0,0,0,0,0,3,9,,,,0.0,0.76,0.38,1.14,3.43,3,6,6
96,a,,,5.5,152,92,0,0,0,0,0.5,253,83,12,8,4.0,83,37,3,56,4.0,79,36,0.7,2.2,0,9692,3441,17830,2619,4.0,4.0,0.03,0.45,0.48,1.86,0.02,0.24,0.26,1.0,34.2,170,65,87.2,19,17,31.0,95,52,15.3,56,38,2.0,3.0,,3,,Mikkel,Damsgaard,Damsgaard,,,167,0,1,1,1,0,0,0,0,0,0,2,17,,,,0.0,0.54,0.54,1.08,9.16,3,3,11
97,i,0.0,0.0,5.5,140,85,0,0,0,0,0.1,385,141,6,0,6.0,38,16,0,22,2.0,191,88,0.4,1.1,0,4447,20,11035,2789,0.0,0.0,0.08,0.34,0.42,0.47,0.11,0.46,0.57,0.64,12.6,254,105,46.2,69,52,13.0,172,85,7.2,179,82,1.0,2.0,3.0,3,,Mathias,Jensen,Jensen,Unspecified injury - Expected back 18 Sep,,66,0,1,1,0,0,0,0,0,0,0,1,5,,,,0.0,1.36,0.0,1.36,6.82,2,0,3
98,a,,,5.0,263,164,0,0,0,0,1.7,137,43,21,11,7.0,20,8,3,76,7.0,19,7,1.4,4.2,0,160210,96846,37865,19990,7.0,7.0,0.5,0.32,0.82,3.74,0.17,0.11,0.28,1.25,117.6,4,3,77.3,26,23,45.0,66,40,24.0,16,12,3.0,,,3,,Vitaly,Janelt,Janelt,,,270,2,0,1,2,0,0,0,3,0,0,3,35,,,,0.0,0.33,0.67,1.0,11.67,11,14,10
99,i,0.0,0.0,5.0,340,205,0,0,0,0,0.0,646,285,0,0,0.0,595,251,0,0,0.0,595,251,0.0,0.0,0,77,15,110,23,0.0,0.0,0.0,0.0,0.0,0.0,0.0,0.0,0.0,0.0,0.0,580,244,0.0,587,250,0.0,566,234,0.0,587,247,,,,3,,Antoni,Milambo,Milambo,Knee injury - Unknown return date,,0,0,0,0,0,0,0,0,0,0,0,0,0,,,,0.0,0.0,0.0,0.0,0.0,0,0,0
100,a,100.0,100.0,5.0,285,174,0,0,0,0,0.0,564,234,0,0,0.0,572,237,0,0,0.0,572,237,0.0,0.0,0,954,256,840,236,0.0,0.0,0.0,0.0,0.0,0.0,0.0,0.0,0.0,0.0,0.0,556,229,0.0,558,235,0.0,533,216,0.0,563,232,,,,3,,Fábio,Freitas Gouveia Carvalho,Carvalho,,,0,0,0,0,0,0,0,0,0,0,0,0,0,,,,0.0,0.0,0.0,0.0,0.0,0,0,0
102,a,,,4.9,402,241,0,0,-1,1,0.8,211,66,2,0,0.7,375,176,0,12,0.7,300,135,0.1,0.4,0,2338,517,42188,9703,0.7,0.7,0.07,0.03,0.1,2.78,0.07,0.03,0.1,2.81,7.6,282,120,16.7,182,103,9.0,198,97,3.4,256,111,,,,3,,Yehor,Yarmoliuk,Yarmoliuk,,,89,0,0,0,2,0,0,0,1,0,0,0,11,,,,0.0,0.0,2.02,0.0,11.12,3,2,6
103,i,0.0,0.0,5.0,257,159,0,0,0,0,0.0,576,238,0,0,0.0,562,233,0,0,0.0,562,233,0.0,0.0,0,365,21,1338,436,0.0,0.0,0.0,0.0,0.0,0.0,0.0,0.0,0.0,0.0,0.0,545,224,0.0,547,231,0.0,519,210,0.0,552,228,,,,3,,Josh,Dasilva,Dasilva,Hamstring injury - Expected back 10 Oct,,0,0,0,0,0,0,0,0,0,0,0,0,0,,,,0.0,0.0,0.0,0.0,0.0,0,0,0
105,a,,,6.0,72,48,0,0,0,0,0.1,372,134,4,1,1.3,260,117,0,16,1.3,237,107,0.2,0.7,0,4061,459,7358,1616,1.3,1.3,0.19,0.42,0.61,1.55,0.13,0.3,0.43,1.09,13.8,247,101,63.0,38,33,19.0,126,64,9.5,136,67,,,,3,,Jaidon,Anthony,Anthony,,,128,0,0,1,1,0,0,0,1,0,0,1,13,,,,0.0,0.7,0.7,0.7,9.14,2,0,11
106,a,,,7.9,12,3,-1,1,-1,1,11.7,36,6,4,2,1.3,262,32,0,8,1.3,243,28,0.2,0.5,0,178330,14500,649504,195549,1.3,1.3,2.3,0.1,2.4,3.67,0.79,0.03,0.82,1.26,20.6,221,17,11.6,214,25,106.0,8,4,13.8,71,9,,,1.0,3,,Igor Thiago,Nascimento Rodrigues,Thiago,,,262,0,0,1,2,0,0,1,0,0,0,3,15,,,,0.0,0.34,0.69,1.03,5.15,2,4,9
565,a,,,5.7,118,77,0,0,2,-2,13.8,30,12,18,0,6.0,40,18,3,57,6.0,35,16,1.1,3.2,0,1161819,78589,343412,190000,6.0,6.0,0.41,0.37,0.78,2.28,0.18,0.16,0.34,0.98,56.0,94,35,48.4,65,49,40.0,71,43,14.1,67,43,,,,3,,Mamadou,Sangaré,M.Sangaré,,,210,0,2,1,1,0,0,0,1,0,0,3,32,,,,0.0,0.43,0.43,1.29,13.71,7,10,15
620,a,,,4.5,551,144,0,0,0,0,0.1,435,155,0,0,0.0,517,194,0,0,0.0,517,194,0.0,0.0,0,11328,1186,4435,1416,0.0,0.0,0.0,0.0,0.0,0.0,0.0,0.0,0.0,0.0,0.0,494,191,0.0,493,191,0.0,451,184,0.0,500,189,,,,3,,El Hadji Malick,Diouf,Diouf,,,0,0,0,0,0,0,0,0,0,0,0,0,0,,,,0.0,0.0,0.0,0.0,0.0,0,0,0
109,a,,,4.5,503,43,0,0,0,0,22.2,13,2,9,3,3.0,125,11,0,41,3.0,113,11,0.7,2.0,0,494542,138838,308587,106209,3.0,3.0,0.0,0.2,0.2,5.71,0.0,0.07,0.07,1.9,46.0,130,16,3.0,259,3,0.0,409,44,4.9,228,15,,,,3,,Bart,Verbruggen,Verbruggen,,,270,0,0,1,5,0,0,0,0,0,4,3,0,,,,1.33,0.33,1.67,1.0,0.0,0,0,23
111,a,,,4.0,580,51,0,0,0,0,4.3,82,12,0,0,0.0,389,25,0,0,0.0,389,25,0.0,0.0,0,100698,27891,68443,20140,0.0,0.0,0.0,0.0,0.0,0.0,0.0,0.0,0.0,0.0,0.0,364,25,0.0,357,6,0.0,297,3,0.0,369,25,,,,3,,Jason,Steele,Steele,,,0,0,0,0,0,0,0,0,0,0,0,0,0,,,,0.0,0.0,0.0,0.0,0.0,0,0,0
9,a,,,5.3,234,33,-1,1,-2,2,1.1,183,71,2,1,1.0,327,126,0,6,0.7,313,115,0.1,0.4,0,10971,2636,89647,12960,0.7,0.7,0.0,0.0,0.0,0.28,0.0,0.0,0.0,0.79,6.4,293,118,1.0,306,114,2.0,276,106,1.0,322,118,,,,3,,Piero,Hincapié,Hincapie,,,32,0,0,0,0,0,0,0,0,0,0,0,3,,,,0.0,0.0,0.0,0.0,8.44,1,2,0
25,a,,,7.3,23,8,0,0,-2,2,4.0,85,12,1,1,1.0,370,46,0,2,0.3,386,47,0.0,0.1,0,21539,4602,500684,61564,0.3,0.3,0.0,0.0,0.0,0.11,0.0,0.0,0.0,0.82,0.0,650,76,0.1,354,45,0.0,650,76,0.0,650,76,,,2.0,3,,Viktor,Gyökeres,Gyökeres,,,12,0,0,0,0,0,0,0,0,0,0,0,1,,,,0.0,0.0,0.0,0.0,7.5,0,0,1
113,a,100.0,100.0,4.4,571,154,0,0,-1,1,1.8,131,54,2,2,1.0,273,102,0,4,0.7,287,102,0.2,0.5,0,19004,3700,98779,14742,0.7,0.7,0.08,0.02,0.1,5.33,0.04,0.01,0.05,2.87,15.4,241,100,29.2,132,40,27.0,102,25,7.2,178,69,3.0,,,3,,Ferdi,Kadıoğlu,F.Kadıoğlu,,,167,0,0,0,5,0,0,0,0,0,0,2,5,,,,0.0,0.0,2.69,1.08,2.69,1,4,4
114,a,,,4.5,457,98,0,0,0,0,0.3,303,111,7,2,2.3,169,67,0,44,2.3,151,61,0.5,1.6,0,11678,1282,7248,1694,2.3,2.3,0.05,0.48,0.53,5.71,0.02,0.16,0.18,1.9,52.6,108,50,96.2,15,1,17.0,134,42,16.6,44,7,,,,3,,Olivier,Boscagli,Boscagli,,,270,0,0,1,5,0,0,0,1,0,0,3,13,,,,0.0,0.33,1.67,1.0,4.33,1,12,10
115,a,,,4.8,421,79,1,-1,3,-3,20.2,15,3,21,4,7.0,19,9,2,61,7.0,18,9,1.5,4.4,0,1705083,338244,203499,72531,7.0,7.0,1.5,0.4,1.9,5.62,0.56,0.15,0.71,2.08,69.0,58,27,91.1,18,2,50.0,58,10,21.1,23,1,2.0,4.0,,3,,Maxim,De Cuyper,De Cuyper,,,243,1,2,1,5,0,0,0,1,0,0,3,8,,,,0.0,0.37,1.85,1.11,2.96,4,4,10
116,a,,,4.5,429,82,0,0,0,0,1.3,161,66,10,5,3.3,106,41,1,40,3.3,95,35,0.7,2.2,0,43708,10039,24671,5603,3.3,3.3,0.0,0.06,0.06,5.71,0.0,0.02,0.02,1.9,59.0,81,41,10.3,224,76,4.0,240,88,7.4,171,68,,3.0,,3,,Lewis,Dunk,Dunk,,,270,0,0,1,5,0,0,0,1,0,0,3,17,,,,0.0,0.33,1.67,1.0,5.67,2,15,11
117,a,,,4.5,525,136,0,0,0,0,0.0,572,195,0,0,0.0,497,189,0,0,0.0,497,189,0.0,0.0,0,554,102,684,164,0.0,0.0,0.0,0.0,0.0,0.0,0.0,0.0,0.0,0.0,0.0,473,186,0.0,473,186,0.0,430,179,0.0,479,184,,,,3,,Diego,Coppola,Coppola,,,0,0,0,0,0,0,0,0,0,0,0,0,0,,,,0.0,0.0,0.0,0.0,0.0,0,0,0
118,u,0.0,0.0,4.5,464,103,0,0,0,0,0.1,492,173,0,0,0.0,463,176,0,0,0.0,463,176,0.0,0.0,0,915,0,4238,1468,0.0,0.0,0.0,0.0,0.0,0.0,0.0,0.0,0.0,0.0,0.0,439,173,0.0,436,173,0.0,386,161,0.0,445,171,,,,3,,Igor Julio,dos Santos de Paulo,Igor,Has joined Burnley permanently,,0,0,0,0,0,0,0,0,0,0,0,0,0,,,,0.0,0.0,0.0,0.0,0.0,0,0,0
119,a,,,4.5,489,122,0,0,0,0,0.0,527,183,2,1,0.7,374,131,0,13,0.7,294,108,0.2,0.4,0,811,126,896,198,0.7,0.7,0.12,0.16,0.28,0.24,0.22,0.3,0.52,0.45,14.0,246,102,16.7,181,57,18.0,127,38,4.8,232,88,,,,3,,João Pedro,Loureiro da Costa,Costinha,,,48,0,0,0,0,0,0,0,1,0,0,0,5,,,,0.0,0.0,0.0,0.0,9.38,1,4,0
120,a,,,5.0,294,50,0,0,0,0,0.1,489,172,0,0,0.0,574,205,0,0,0.0,574,205,0.0,0.0,0,2199,568,2306,635,0.0,0.0,0.0,0.0,0.0,0.0,0.0,0.0,0.0,0.0,0.0,558,204,0.0,562,204,0.0,539,202,0.0,565,204,,,,3,,Michael,Svoboda,Svoboda,,,0,0,0,0,0,0,0,0,0,0,0,0,0,,,,0.0,0.0,0.0,0.0,0.0,0,0,0
121,i,0.0,0.0,5.9,100,65,-1,1,-1,1,0.0,533,218,0,0,0.0,635,276,0,0,0.0,635,276,0.0,0.0,0,343,54,2535,347,0.0,0.0,0.0,0.0,0.0,0.0,0.0,0.0,0.0,0.0,0.0,632,277,0.0,634,277,0.0,631,275,0.0,634,277,,,,3,,Mitoma,Kaoru,Mitoma,Hamstring injury - Unknown return date,,0,0,0,0,0,0,0,0,0,0,0,0,0,,,,0.0,0.0,0.0,0.0,0.0,0,0,0
122,i,0.0,0.0,5.9,109,69,0,0,-1,1,0.0,518,210,0,0,0.0,638,278,0,0,0.0,638,278,0.0,0.0,0,251,24,5974,527,0.0,0.0,0.0,0.0,0.0,0.0,0.0,0.0,0.0,0.0,0.0,635,279,0.0,637,279,0.0,635,278,0.0,637,279,5.0,,,3,,Yankuba,Minteh,Minteh,Leg injury - Expected back 28 Nov,,0,0,0,0,0,0,0,0,0,0,0,0,0,,,,0.0,0.0,0.0,0.0,0.0,0,0,0
123,d,50.0,50.0,6.0,77,53,0,0,0,0,1.0,189,59,16,0,16.0,1,1,3,54,5.3,44,22,0.9,2.7,0,147278,827,165021,28241,2.6,2.6,1.41,0.02,1.43,0.19,2.01,0.03,2.04,0.27,72.8,47,17,13.4,201,111,59.0,44,29,14.5,63,41,,,,3,,Jack,Hinshelwood,Hinshelwood,Unspecified injury - 50% chance of playing,,63,2,0,1,0,0,0,0,0,0,0,1,3,,,,0.0,1.43,0.0,1.43,4.29,2,0,1
124,a,,,5.6,119,78,1,-1,1,-1,16.3,24,9,16,1,5.3,47,22,3,63,5.3,42,20,0.9,2.9,0,648137,175643,323007,109930,5.3,5.3,0.84,0.42,1.26,5.71,0.28,0.14,0.42,1.9,68.8,59,19,106.6,9,9,50.0,61,36,22.2,21,17,1.0,1.0,1.0,3,,Pascal,Groß,Groß,,,270,1,1,1,5,0,0,0,2,0,0,3,15,,,,0.0,0.33,1.67,1.0,5.0,4,4,7
125,d,75.0,75.0,5.5,158,40,0,0,0,0,0.6,237,40,5,0,5.0,53,5,0,22,1.7,213,20,0.3,0.9,0,29146,713,52892,11409,1.3,1.3,0.08,0.44,0.52,0.29,0.08,0.44,0.52,0.29,19.8,222,18,11.4,215,26,15.0,156,28,4.6,237,28,,,,3,,Georginio,Rutter,Georginio,Unspecified injury - 75% chance of playing,,90,0,1,1,0,0,0,0,0,0,0,1,7,,,,0.0,1.0,0.0,1.0,7.0,2,1,4
126,a,,,5.5,142,86,0,0,0,0,0.1,421,163,0,0,0.0,625,269,0,0,0.0,625,269,0.0,0.0,0,2335,639,4265,964,0.0,0.0,0.0,0.0,0.0,0.0,0.0,0.0,0.0,0.0,0.0,616,266,0.0,622,268,0.0,612,261,0.0,622,268,,,3.0,3,,Matt,O'Riley,O'Riley,,,0,0,0,0,0,0,0,0,0,0,0,0,0,,,,0.0,0.0,0.0,0.0,0.0,0,0,0
4,a,,,8.0,7,1,0,0,0,0,24.6,10,2,15,2,5.0,59,23,0,54,5.0,54,21,0.6,1.9,0,140821,35173,621388,151638,5.0,5.0,0.49,0.05,0.54,0.92,0.16,0.02,0.18,0.31,48.4,120,57,7.4,230,79,83.0,16,1,13.8,72,17,,,,3,,Gabriel,dos Santos Magalhães,Gabriel,,,270,0,0,2,1,0,0,0,1,0,0,3,21,,,,0.0,0.67,0.33,1.0,7.0,2,19,11
32,d,75.0,,4.5,455,97,0,0,0,0,6.7,62,25,7,6,2.3,168,66,0,23,2.3,150,60,0.5,1.6,0,86076,17470,220190,36556,1.7,2.3,0.15,0.04,0.19,5.03,0.05,0.01,0.06,1.8,32.4,181,81,19.2,174,54,13.0,166,57,6.5,196,76,1.0,,,3,,Matty,Cash,Cash,Muscular injury - 75% chance of playing,,251,0,0,1,5,0,0,0,1,0,0,3,14,,,,0.0,0.36,1.79,1.08,5.02,6,8,2
127,a,,,5.0,328,195,0,0,0,0,4.9,73,23,13,2,4.3,68,31,0,55,4.3,62,30,0.9,2.6,0,258698,57245,134455,57471,4.3,4.3,0.65,0.7,1.35,5.71,0.22,0.24,0.46,1.94,52.8,107,39,71.8,33,28,113.0,5,2,23.8,18,14,,5.0,,3,,Diego,Gómez Amarilla,Gomez,,,265,0,2,1,5,0,0,0,0,0,0,3,20,,,,0.0,0.34,1.7,1.02,6.79,8,5,7
128,u,0.0,0.0,5.0,338,203,0,0,0,0,0.0,644,283,0,0,0.0,594,250,0,0,0.0,594,250,0.0,0.0,0,0,0,296,29,0.0,0.0,0.0,0.0,0.0,0.0,0.0,0.0,0.0,0.0,0.0,579,243,0.0,586,249,0.0,565,233,0.0,586,246,,,,3,,Facundo,Buonanotte,Buonanotte,Has joined Elche on loan for the rest of the season,,0,0,0,0,0,0,0,0,0,0,0,0,0,,,,0.0,0.0,0.0,0.0,0.0,0,0,0
129,a,100.0,75.0,5.4,225,142,0,0,-1,1,0.4,274,91,4,2,2.0,212,94,0,26,1.3,229,103,0.2,0.7,0,5968,1191,32816,3870,1.3,1.0,0.28,0.07,0.35,2.68,0.16,0.04,0.2,1.58,11.4,261,108,29.8,127,77,24.0,114,58,6.1,209,96,4.0,2.0,,3,,Yasin,Ayari,Ayari,,,153,0,0,1,1,0,0,0,1,0,0,2,7,,,,0.0,0.59,0.59,1.18,4.12,0,2,5
130,i,0.0,0.0,5.0,300,52,0,0,0,0,0.3,298,109,7,0,3.5,105,40,1,38,2.3,159,64,0.5,1.4,0,25842,52,29466,13574,0.0,0.0,0.12,0.13,0.25,3.18,0.07,0.08,0.15,1.83,37.0,157,72,35.5,108,31,10.0,193,66,8.3,156,61,,,,3,,Mats,Wieffer,Wieffer,Knee injury - Unknown return date,,156,0,0,1,4,0,0,0,0,0,0,2,15,,,,0.0,0.58,2.31,1.15,8.65,4,11,9
132,u,0.0,0.0,4.5,546,281,0,0,0,0,0.0,523,214,0,0,0.0,513,201,0,0,0.0,513,201,0.0,0.0,0,0,0,2920,412,0.0,0.0,0.0,0.0,0.0,0.0,0.0,0.0,0.0,0.0,0.0,490,188,0.0,489,196,0.0,447,165,0.0,496,192,,,,3,,Harry,Howell,Howell,Has joined Leicester City on loan for the rest of the season,,0,0,0,0,0,0,0,0,0,0,0,0,0,,,,0.0,0.0,0.0,0.0,0.0,0,0,0
133,u,0.0,0.0,5.0,342,207,0,0,0,0,0.0,651,289,0,0,0.0,596,252,0,0,0.0,596,252,0.0,0.0,0,0,0,117,15,0.0,0.0,0.0,0.0,0.0,0.0,0.0,0.0,0.0,0.0,0.0,581,245,0.0,588,251,0.0,568,236,0.0,588,248,,,,3,,Tom,Watson,Watson,Has joined Leicester City on loan for the rest of the season,,0,0,0,0,0,0,0,0,0,0,0,0,0,,,,0.0,0.0,0.0,0.0,0.0,0,0,0
135,a,,,4.9,420,256,-1,1,-1,1,0.1,486,194,1,0,1.0,309,133,0,3,0.3,358,164,0.1,0.2,0,1190,300,3117,659,0.3,0.3,0.0,0.03,0.03,0.0,0.0,0.22,0.22,0.0,0.2,359,168,1.3,298,149,0.0,503,201,0.2,357,166,,,,3,,Zadok,Yohanna,Yohanna,,,12,0,0,0,0,0,0,0,0,0,0,0,0,,,,0.0,0.0,0.0,0.0,0.0,0,0,0
138,a,,,5.5,188,43,0,0,0,0,0.5,245,41,8,2,2.7,156,17,0,25,2.7,141,13,0.5,1.5,0,40356,9239,13004,4735,2.7,2.7,0.78,0.04,0.82,5.48,0.36,0.02,0.38,2.53,14.6,244,22,20.8,166,19,51.0,57,13,8.5,153,17,,,,3,,Charalampos,Kostoulas,Kostoulas,,,195,0,1,0,5,0,0,0,0,0,0,2,16,,,,0.0,0.0,2.31,0.92,7.38,2,3,11
139,i,0.0,0.0,5.0,309,57,0,0,0,0,0.0,537,73,0,0,0.0,580,63,0,0,0.0,580,63,0.0,0.0,0,1130,267,1718,377,0.0,0.0,0.0,0.0,0.0,0.0,0.0,0.0,0.0,0.0,0.0,564,56,0.0,570,61,0.0,548,58,0.0,571,60,,,,3,,Evan,Ferguson,Ferguson,Ankle injury - Expected back 10 Oct,,0,0,0,0,0,0,0,0,0,0,0,0,0,,,,0.0,0.0,0.0,0.0,0.0,0,0,0
328,a,100.0,100.0,5.0,277,45,0,0,0,0,0.2,342,128,1,1,1.0,315,124,0,3,0.3,361,132,0.1,0.2,0,3837,873,7783,1553,0.3,0.3,0.0,0.0,0.0,0.0,0.0,0.0,0.0,0.0,0.2,360,132,0.1,351,130,0.0,527,199,0.0,558,202,,,,3,,Pascal,Struijk,Struijk,,,1,0,0,0,0,0,0,0,0,0,0,0,0,,,,0.0,0.0,0.0,0.0,0.0,0,0,0
504,a,,,5.0,352,62,0,0,0,0,3.0,105,40,18,12,6.0,34,15,2,44,6.0,31,14,1.2,3.6,0,115755,71726,66391,21466,6.0,6.0,0.35,0.06,0.41,5.71,0.12,0.02,0.14,1.9,91.4,26,7,14.6,191,62,57.0,45,4,16.3,51,9,,,,3,,Luka,Vušković,Vuskovic,,,270,1,0,1,5,0,0,0,0,0,0,3,22,,,,0.0,0.33,1.67,1.0,7.33,3,19,9
594,a,,,6.0,78,17,0,0,0,0,0.2,320,52,1,0,0.5,386,47,0,-4,0.3,382,45,0.0,0.2,0,8868,1905,13232,3369,0.3,0.3,0.42,0.0,0.42,0.14,1.64,0.0,1.64,0.55,0.0,640,73,3.7,251,31,4.0,251,39,0.4,346,41,,,2.0,3,,Promise,David,David,,,23,0,0,0,0,0,0,0,1,0,0,0,0,,,,0.0,0.0,0.0,0.0,0.0,0,0,0
600,a,,,5.0,353,214,0,0,0,0,0.0,578,239,2,0,1.0,325,144,0,13,0.7,311,141,0.1,0.4,0,628,98,617,192,0.7,0.7,0.0,0.06,0.06,0.1,0.0,0.19,0.19,0.32,7.2,285,122,16.7,183,104,6.0,228,113,3.0,264,115,,,,3,,Ibrahim,Osman,Osman,,,28,0,0,0,1,0,0,0,0,0,0,0,3,,,,0.0,0.0,3.21,0.0,9.64,1,0,2
605,a,,,4.5,549,282,0,0,0,0,2.9,107,33,11,2,3.7,92,40,1,58,3.7,84,38,0.8,2.4,0,321672,108920,68334,33749,3.7,3.7,0.75,0.26,1.01,5.32,0.4,0.14,0.54,2.87,59.6,78,25,47.2,67,51,62.0,40,25,16.9,40,29,,,,3,,Malick,Yalcouyé,Yalcouyé,,,167,1,0,0,4,0,0,0,0,0,0,2,12,,,,0.0,0.0,2.16,1.08,6.47,3,4,5
614,a,,,4.5,514,132,0,0,0,0,0.0,513,179,0,0,0.0,487,186,0,0,0.0,487,186,0.0,0.0,0,3076,275,950,411,0.0,0.0,0.0,0.0,0.0,0.0,0.0,0.0,0.0,0.0,0.0,463,183,0.0,463,183,0.0,420,176,0.0,469,181,,,,3,,Jaouen,Hadjam,Hadjam,,,0,0,0,0,0,0,0,0,0,0,0,0,0,,,,0.0,0.0,0.0,0.0,0.0,0,0,0
624,u,0.0,0.0,5.0,332,199,0,0,0,0,0.0,653,291,0,0,0.0,591,247,0,0,0.0,591,247,0.0,0.0,0,117,0,91,35,0.0,0.0,0.0,0.0,0.0,0.0,0.0,0.0,0.0,0.0,0.0,576,240,0.0,583,246,0.0,562,230,0.0,583,243,,,,3,,Amario,Cozier-Duberry,Cozier-Duberry,Has joined Middlesbrough on loan for the rest of the season,,0,0,0,0,0,0,0,0,0,0,0,0,0,,,,0.0,0.0,0.0,0.0,0.0,0,0,0
639,a,,,5.5,185,116,0,0,0,0,0.0,617,264,0,0,0.0,630,274,0,0,0.0,630,274,0.0,0.0,0,641,380,164,122,2.0,2.0,0.0,0.0,0.0,0.0,0.0,0.0,0.0,0.0,0.0,623,273,0.0,628,274,0.0,621,270,0.0,627,273,,,,3,,José María,Andrés Baixauli,Andrés,,,0,0,0,0,0,0,0,0,0,0,0,0,0,,,,0.0,0.0,0.0,0.0,0.0,0,0,0
652,i,0.0,0.0,5.5,162,98,0,0,0,0,0.0,638,279,0,0,0.0,627,271,0,0,0.0,627,271,0.0,0.0,0,335,87,69,35,0.0,0.0,0.0,0.0,0.0,0.0,0.0,0.0,0.0,0.0,0.0,618,268,0.0,624,270,0.0,616,265,0.0,624,270,,,,3,,Femi,Azeez,Azeez,Unspecified injury - Expected back 13 Sep,,0,0,0,0,0,0,0,0,0,0,0,0,0,,,,0.0,0.0,0.0,0.0,0.0,0,0,0
28,a,,,5.0,241,6,0,0,0,0,5.0,71,11,5,3,2.5,161,14,0,44,1.7,203,18,0.3,1.0,0,171503,73739,151732,31555,1.7,1.7,0.0,0.01,0.01,3.46,0.0,0.0,0.0,1.73,99.4,14,2,20.0,169,1,0.0,506,57,11.9,88,1,,,,3,,Emiliano,Martínez Romero,Martinez,,,180,0,0,0,5,0,0,0,0,0,12,2,0,,,,6.0,0.0,2.5,1.0,0.0,0,1,21
40,a,,,7.6,16,10,1,-1,1,-1,29.5,8,4,19,6,6.3,32,14,1,87,6.3,30,13,0.8,2.5,0,1012802,549401,475716,81983,6.3,6.3,1.18,1.14,2.32,4.7,0.41,0.4,0.81,1.65,105.8,9,6,113.6,5,5,68.0,33,19,28.7,7,5,4.0,,,3,,Morgan,Rogers,Rogers,,,257,2,1,0,7,0,0,0,1,0,0,3,17,,,,0.0,0.0,2.45,1.05,5.95,3,1,13
101,d,75.0,75.0,4.9,363,219,-1,1,-1,1,0.0,540,221,0,0,0.0,529,210,0,0,0.0,529,210,0.0,0.0,0,537,114,1849,392,0.0,0.0,0.0,0.0,0.0,0.0,0.0,0.0,0.0,0.0,0.0,506,197,0.0,506,205,0.0,465,174,0.0,512,201,,,,3,,Jordan,Henderson,Henderson,Wrist injury - 75% chance of playing,,0,0,0,0,0,0,0,0,0,0,0,0,0,,,,0.0,0.0,0.0,0.0,0.0,0,0,0
136,a,100.0,100.0,5.9,84,21,0,0,-1,1,0.8,215,35,1,1,1.0,354,41,0,3,0.3,379,44,0.1,0.2,0,15257,4248,55761,8960,0.3,0.3,0.0,0.0,0.0,0.0,0.0,0.0,0.0,0.0,0.0,628,70,0.3,344,43,2.0,287,41,0.2,360,42,,,,3,,Danny,Welbeck,Welbeck,,,3,0,0,0,0,0,0,0,0,0,0,0,0,,,,0.0,0.0,0.0,0.0,0.0,0,0,0
140,u,0.0,0.0,4.9,376,19,0,0,-1,1,1.0,192,29,2,0,2.0,198,18,0,6,0.7,298,21,0.1,0.4,0,10847,0,142095,30542,0.0,0.0,0.0,0.01,0.01,1.33,0.0,0.01,0.01,1.33,21.4,214,22,0.0,514,54,0.0,475,53,2.1,288,22,,,,3,,Robert,Lynch Sánchez,Sánchez,Has joined Como on loan for the rest of the season,,90,0,0,0,2,0,0,0,0,0,4,1,0,,,,4.0,0.0,2.0,1.0,0.0,0,1,5
141,u,0.0,0.0,5.0,326,16,0,0,0,0,0.0,606,70,0,0,0.0,590,71,0,0,0.0,590,71,0.0,0.0,0,0,0,848,77,0.0,0.0,0.0,0.0,0.0,0.0,0.0,0.0,0.0,0.0,0.0,575,71,0.0,582,67,0.0,560,67,0.0,582,71,,,,3,,Filip,Jörgensen,Jörgensen,Has joined RC Strasbourg on loan for the rest of the season,,0,0,0,0,0,0,0,0,0,0,0,0,0,,,,0.0,0.0,0.0,0.0,0.0,0,0,0
142,a,,,5.4,201,26,-1,1,-1,1,7.8,53,21,2,1,0.7,378,133,0,13,0.7,316,116,0.1,0.4,0,121256,31692,349349,56869,0.7,0.7,0.17,0.12,0.29,3.52,0.08,0.05,0.13,1.57,36.4,162,75,32.2,118,34,34.0,87,19,10.3,124,47,1.0,1.0,,3,,Reece,James,James,,,202,0,0,0,5,0,0,0,1,0,0,2,9,,,,0.0,0.0,2.23,0.89,4.01,0,9,11
143,u,0.0,0.0,5.5,131,14,0,0,0,0,0.1,451,160,0,0,0.0,622,212,0,0,0.0,622,212,0.0,0.0,0,0,0,12602,1015,0.0,0.0,0.0,0.0,0.0,0.0,0.0,0.0,0.0,0.0,0.0,613,212,0.0,618,212,0.0,608,211,0.0,619,212,,,,3,,Trevoh,Chalobah,Chalobah,Has joined Como permanently,,0,0,0,0,0,0,0,0,0,0,0,0,0,,,,0.0,0.0,0.0,0.0,0.0,0,0,0
144,a,,,5.0,305,53,0,0,0,0,1.1,179,70,3,1,1.0,317,125,0,5,1.0,260,98,0.2,0.6,0,28242,4991,41720,9252,1.0,1.0,0.04,0.05,0.09,2.66,0.02,0.02,0.04,1.23,18.0,227,95,13.9,196,65,7.0,214,73,3.9,246,94,,,,3,,Malo,Gusto,Gusto,,,195,0,0,0,5,0,0,0,0,0,0,2,10,,,,0.0,0.0,2.31,0.92,4.62,4,6,9
145,a,100.0,100.0,5.0,290,49,0,0,0,0,0.1,386,144,3,3,1.5,241,87,0,14,1.0,258,97,0.2,0.6,0,8672,5280,2743,1254,1.0,1.0,0.0,0.05,0.05,3.31,0.0,0.03,0.03,1.9,59.2,80,40,23.7,148,48,0.0,536,201,8.3,155,60,,,,3,,Wesley,Fofana,Fofana,,,157,0,0,0,4,0,0,0,1,0,0,2,26,,,,0.0,0.0,2.29,1.15,14.9,3,23,3
146,u,0.0,0.0,4.5,474,110,0,0,0,0,0.0,596,202,0,0,0.0,467,178,0,0,0.0,467,178,0.0,0.0,0,232,0,1698,179,0.0,0.0,0.0,0.0,0.0,0.0,0.0,0.0,0.0,0.0,0.0,443,175,0.0,441,175,0.0,391,163,0.0,449,173,,,,3,,Benoît,Badiashile Mukinayi,B.Badiashile,Has joined Napoli on loan for the rest of the season,,0,0,0,0,0,0,0,0,0,0,0,0,0,,,,0.0,0.0,0.0,0.0,0.0,0,0,0
148,a,,,4.5,526,137,0,0,0,0,0.9,205,79,8,3,2.7,145,59,0,22,2.7,128,52,0.6,1.8,0,57976,31102,24300,9389,2.7,2.7,0.01,0.11,0.12,4.37,0.0,0.05,0.05,1.85,73.2,46,19,44.2,75,17,13.0,167,58,13.1,77,19,,,,3,,Jorrel,Hato,Hato,,,213,0,2,0,7,0,0,0,0,0,0,3,15,,,,0.0,0.0,2.96,1.27,6.34,6,9,7
149,a,,,4.9,394,73,-1,1,-1,1,1.1,176,69,1,0,0.5,382,134,0,8,0.3,352,130,0.1,0.2,0,21701,3410,65369,13992,0.3,0.3,0.01,0.03,0.04,2.64,0.01,0.02,0.03,1.48,19.2,223,94,2.0,281,100,7.0,210,72,2.9,267,101,,,,3,,Levi,Samuels Colwill,Colwill,,,161,0,0,0,4,0,0,0,1,0,0,2,13,,,,0.0,0.0,2.24,1.12,7.27,3,10,5
150,u,0.0,0.0,4.5,535,139,0,0,0,0,0.0,525,182,0,0,0.0,505,191,0,0,0.0,505,191,0.0,0.0,0,429,0,5031,733,0.0,0.0,0.0,0.0,0.0,0.0,0.0,0.0,0.0,0.0,0.0,482,188,0.0,481,188,0.0,439,181,0.0,488,186,,,,3,,Mamadou,Sarr,M.Sarr,Has joined Real Sociedad on loan for the rest of the season,,0,0,0,0,0,0,0,0,0,0,0,0,0,,,,0.0,0.0,0.0,0.0,0.0,0,0,0
151,a,,,4.5,538,141,0,0,0,0,0.4,277,100,5,1,1.7,229,85,0,9,1.7,201,76,0.4,1.1,0,16213,3356,12681,2766,1.7,1.7,0.0,0.02,0.02,3.52,0.0,0.01,0.01,1.57,41.6,143,65,4.1,245,84,6.0,224,78,5.1,224,86,,,,3,,Josh,Acheampong,Acheampong,,,202,0,0,0,5,0,0,0,0,0,0,2,19,,,,0.0,0.0,2.23,0.89,8.47,6,13,7
152,d,75.0,75.0,5.4,233,32,0,0,-1,1,1.1,184,72,0,0,0.0,620,211,0,0,0.0,620,211,0.0,0.0,0,6138,357,170938,20998,0.0,0.0,0.0,0.0,0.0,0.0,0.0,0.0,0.0,0.0,0.0,611,211,0.0,614,211,0.0,603,210,0.0,617,211,,,,3,,Marco,Palestra,Palestra,Unspecified injury - 75% chance of playing,,0,0,0,0,0,0,0,0,0,0,0,0,0,,,,0.0,0.0,0.0,0.0,0.0,0,0,0
154,a,100.0,100.0,9.6,3,2,0,0,1,-1,23.1,12,6,21,1,7.0,25,11,3,99,7.0,24,10,0.7,2.2,0,1205162,440388,299753,74993,7.0,7.0,1.05,0.36,1.41,4.7,0.36,0.12,0.48,1.61,113.0,6,5,82.4,24,21,112.0,6,3,30.8,3,3,,3.0,1.0,3,,Cole,Palmer,Palmer,,,262,2,1,0,7,0,0,0,1,0,0,3,20,,,,0.0,0.0,2.4,1.03,6.87,4,2,14
156,a,,,6.5,37,25,0,0,0,0,1.3,159,49,10,2,3.3,118,50,0,51,3.3,107,48,0.5,1.5,0,43706,16193,53289,10348,3.3,3.3,0.47,0.43,0.9,3.53,0.26,0.24,0.5,1.97,56.6,93,34,53.5,54,44,56.0,50,32,16.6,45,32,2.0,4.0,,3,,Pedro,Lomba Neto,Neto,,,161,1,0,0,4,0,0,0,0,0,0,2,15,,,,0.0,0.0,2.24,1.12,8.39,2,5,8
157,a,,,6.4,50,34,0,0,-1,1,0.8,216,68,2,1,1.0,366,171,0,8,0.7,331,153,0.1,0.3,0,11833,2783,68040,9504,0.7,0.7,0.04,0.0,0.04,0.09,0.22,0.0,0.22,0.51,3.4,325,147,0.8,315,156,17.0,140,72,2.2,284,126,5.0,,3.0,3,,Estêvão,Almeida de Oliveira Gonçalves,Estêvão,,,16,0,0,0,0,0,0,0,0,0,0,0,1,,,,0.0,0.0,0.0,0.0,5.62,0,0,1
159,d,75.0,75.0,5.4,220,138,0,0,-1,1,1.6,142,44,1,0,1.0,337,152,0,3,0.3,372,173,0.1,0.2,0,13900,1188,219850,29376,0.2,0.2,0.0,0.0,0.0,0.07,0.0,0.0,0.0,0.48,0.0,604,258,0.1,353,176,0.0,595,253,0.0,610,260,,,,3,,Moisés,Caicedo Corozo,Caicedo,Calf injury - 75% chance of playing,,13,0,0,0,0,0,0,0,0,0,0,0,0,,,,0.0,0.0,0.0,0.0,0.0,0,0,0
161,a,,,5.0,329,196,0,0,0,0,0.2,325,117,9,1,3.0,133,54,0,47,3.0,118,49,0.6,1.8,0,19989,5092,7302,2625,3.0,3.0,0.75,0.04,0.79,4.22,0.36,0.02,0.38,2.0,58.4,84,27,24.2,147,87,66.0,35,20,14.9,59,39,,,,3,,Roméo,Lavia,Lavia,,,190,1,0,0,6,0,0,0,1,0,0,3,22,,,,0.0,0.0,2.84,1.42,10.42,5,7,10
163,u,0.0,0.0,4.5,505,267,0,0,0,0,0.1,393,145,0,0,0.0,478,188,0,0,0.0,478,188,0.0,0.0,0,2698,0,10481,3001,0.0,0.0,0.0,0.0,0.0,0.0,0.0,0.0,0.0,0.0,0.0,454,175,0.0,454,183,0.0,411,152,0.0,460,179,,,,3,,Dário,Luís Essugo,D.Essugo,Has joined RC Strasbourg on loan for the rest of the season,,0,0,0,0,0,0,0,0,0,0,0,0,0,,,,0.0,0.0,0.0,0.0,0.0,0,0,0
164,a,100.0,100.0,5.4,232,147,0,0,-1,1,0.0,528,216,1,0,1.0,342,156,0,2,0.3,376,176,0.1,0.2,0,647,124,2442,426,0.3,0.3,0.0,0.0,0.0,0.09,0.0,0.0,0.0,1.01,1.2,350,162,0.3,342,169,2.0,283,136,0.4,343,158,,,,3,,Geovany,Quenda,Quenda,,,8,0,0,0,0,0,0,0,0,0,0,0,1,,,,0.0,0.0,0.0,0.0,11.25,0,1,0
165,a,,,7.7,15,5,0,0,2,-2,72.6,1,1,21,1,7.0,23,3,4,97,7.0,22,3,0.9,2.7,0,1083794,232078,293374,74438,7.0,7.0,1.88,0.15,2.03,4.79,0.63,0.05,0.68,1.6,104.0,10,3,74.3,30,1,92.0,15,7,26.9,12,3,,,,3,,João Pedro,Junqueira de Jesus,João Pedro,,,270,2,2,0,7,1,0,0,1,0,0,3,7,,,,0.0,0.0,2.33,1.0,2.33,1,1,5
168,u,0.0,0.0,5.0,320,58,0,0,0,0,0.3,313,51,0,0,0.0,587,64,0,0,0.0,587,64,0.0,0.0,0,4102,0,25139,6206,0.0,0.0,0.0,0.0,0.0,0.0,0.0,0.0,0.0,0.0,0.0,572,57,0.0,579,62,0.0,557,59,0.0,579,61,,,,3,,Marc,Guiu Paz,Marc Guiu,Has joined RB Leipzig permanently,,0,0,0,0,0,0,0,0,0,0,0,0,0,,,,0.0,0.0,0.0,0.0,0.0,0,0,0
169,a,,,4.5,532,73,0,0,0,0,0.4,265,47,0,0,0.0,502,54,0,0,0.0,502,54,0.0,0.0,0,16569,5201,14029,3862,0.0,0.0,0.0,0.0,0.0,0.0,0.0,0.0,0.0,0.0,0.0,479,47,0.0,478,52,0.0,436,49,0.0,485,51,,,,3,,Shumaira,Mheuka,Mheuka,,,0,0,0,0,0,0,0,0,0,0,0,0,0,,,,0.0,0.0,0.0,0.0,0.0,0,0,0
170,d,75.0,100.0,5.0,325,59,0,0,0,0,0.2,368,56,0,0,0.0,589,65,0,0,0.0,589,65,0.0,0.0,0,5839,1680,7493,1911,0.0,0.0,0.0,0.0,0.0,0.0,0.0,0.0,0.0,0.0,0.0,574,58,0.0,581,63,0.0,559,60,0.0,581,62,,,,3,,Emmanuel,Emegha,Emegha,Hamstring injury - 75% chance of playing,,0,0,0,0,0,0,0,0,0,0,0,0,0,,,,0.0,0.0,0.0,0.0,0.0,0,0,0
560,a,,,4.5,524,47,0,0,0,0,0.1,479,54,0,0,0.0,496,63,0,0,0.0,496,63,0.0,0.0,0,941,183,2397,500,0.0,0.0,0.0,0.0,0.0,0.0,0.0,0.0,0.0,0.0,0.0,472,63,0.0,472,49,0.0,429,48,0.0,478,63,,,,3,,Mike,Penders,Penders,,,0,0,0,0,0,0,0,0,0,0,0,0,0,,,,0.0,0.0,0.0,0.0,0.0,0,0,0
561,a,100.0,100.0,4.5,555,146,0,0,0,0,0.0,568,193,0,0,0.0,519,195,0,0,0.0,519,195,0.0,0.0,0,492,145,854,134,0.0,0.0,0.0,0.0,0.0,0.0,0.0,0.0,0.0,0.0,0.0,496,192,0.0,495,192,0.0,454,186,0.0,502,190,,,,3,,Aaron,Anselmino,Anselmino,,,0,0,0,0,0,0,0,0,0,0,0,0,0,,,,0.0,0.0,0.0,0.0,0.0,0,0,0
568,a,,,5.5,175,109,0,0,0,0,0.1,391,143,1,0,1.0,349,160,0,1,0.3,377,177,0.1,0.2,0,2066,483,4710,976,0.3,0.3,0.04,0.0,0.04,0.07,0.45,0.0,0.45,0.79,0.0,620,270,0.0,626,272,4.0,246,117,0.2,359,168,,,,3,,Valentín,Barco,Barco,,,8,0,0,0,1,0,0,0,0,0,0,0,1,,,,0.0,0.0,11.25,0.0,11.25,0,1,0
583,a,,,4.9,400,75,-1,1,-1,1,0.2,358,136,3,1,1.0,300,120,0,6,1.0,255,96,0.2,0.6,0,2138,393,7983,1348,1.0,1.0,0.0,0.02,0.02,0.51,0.0,0.02,0.02,0.63,11.2,262,109,2.5,268,94,6.0,225,79,2.0,294,109,,,,3,,Pep,Chavarría,Chavarria,,,73,0,0,0,1,0,0,0,0,0,0,0,6,,,,0.0,0.0,1.23,0.0,7.4,2,4,3
91,a,,,4.5,469,107,0,0,0,0,0.1,470,167,4,3,2.0,193,76,0,2,1.3,219,81,0.3,0.9,0,1487,408,2736,449,1.3,1.3,0.11,0.0,0.11,2.66,0.1,0.0,0.1,2.35,22.0,212,91,0.7,318,120,6.0,222,76,2.9,266,100,,,,3,,Ethan,Pinnock,Pinnock,,,102,0,0,0,2,0,0,0,1,0,0,1,15,,,,0.0,0.0,1.76,0.88,13.24,1,14,2
110,a,,,4.5,497,41,0,0,0,0,1.0,198,31,5,2,1.7,228,19,0,23,1.7,200,17,0.4,1.1,0,17906,3037,33107,9482,1.7,1.7,0.0,0.01,0.01,4.72,0.0,0.0,0.0,1.57,43.6,137,17,0.0,452,45,0.0,406,42,4.4,239,17,,,,3,,Carl,Rushworth,Rushworth,,,270,0,0,0,5,0,0,0,0,0,5,3,0,,,,1.67,0.0,1.67,1.0,0.0,0,3,29
171,u,0.0,0.0,4.0,623,68,0,0,0,0,1.2,169,25,0,0,0.0,418,42,0,0,0.0,418,42,0.0,0.0,0,8924,0,36682,11976,0.0,0.0,0.0,0.0,0.0,0.0,0.0,0.0,0.0,0.0,0.0,393,42,0.0,388,23,0.0,330,20,0.0,399,42,,,,3,,Oliver,Dovin,Dovin,Has joined Leyton Orient on loan for the rest of the season,,0,0,0,0,0,0,0,0,0,0,0,0,0,,,,0.0,0.0,0.0,0.0,0.0,0,0,0
172,a,,,4.5,436,29,0,0,0,0,0.4,275,37,0,0,0.0,452,50,0,0,0.0,452,50,0.0,0.0,0,651,159,9046,1399,0.0,0.0,0.0,0.0,0.0,0.0,0.0,0.0,0.0,0.0,0.0,427,50,0.0,424,33,0.0,373,30,0.0,433,50,,,,3,,Ben,Wilson,Wilson,,,0,0,0,0,0,0,0,0,0,0,0,0,0,,,,0.0,0.0,0.0,0.0,0.0,0,0,0
173,a,,,4.0,619,184,0,0,0,0,8.8,48,18,15,4,5.0,50,21,2,58,5.0,46,19,1.2,3.8,0,228846,76627,142336,48779,5.0,5.0,0.24,0.19,0.43,4.18,0.08,0.07,0.15,1.46,60.8,74,37,32.7,117,33,25.0,109,32,11.8,91,24,,,,3,,Bobby,Thomas,Thomas,,,257,0,0,1,4,0,0,0,0,0,0,3,31,,,,0.0,0.35,1.4,1.05,10.86,2,29,11
174,u,0.0,0.0,4.0,612,179,0,0,0,0,0.4,261,96,0,0,0.0,411,145,0,0,0.0,411,145,0.0,0.0,0,981,0,22176,6953,0.0,0.0,0.0,0.0,0.0,0.0,0.0,0.0,0.0,0.0,0.0,386,141,0.0,381,141,0.0,323,123,0.0,392,139,,,,3,,Liam,Kitching,Kitching,Has joined Sheffield United on loan for the rest of the season,,0,0,0,0,0,0,0,0,0,0,0,0,0,,,,0.0,0.0,0.0,0.0,0.0,0,0,0
175,a,,,4.0,617,182,0,0,0,0,11.0,42,16,6,3,2.0,186,71,0,12,2.0,169,66,0.5,1.5,0,95772,19609,255173,83348,2.0,2.0,0.0,0.26,0.26,4.72,0.0,0.09,0.09,1.57,42.8,138,62,41.1,87,22,10.0,190,65,9.4,137,52,,,,3,,Milan,van Ewijk,van Ewijk,,,270,0,0,0,5,0,0,0,1,0,0,3,20,,,,0.0,0.0,1.67,1.0,6.67,5,15,10
176,a,,,4.0,597,167,0,0,0,0,0.7,219,84,5,2,1.7,227,84,0,21,1.7,197,73,0.4,1.2,0,7166,1278,13969,2729,1.7,1.7,0.18,0.15,0.33,4.72,0.06,0.05,0.11,1.61,50.8,114,54,26.0,141,46,17.0,132,40,9.5,133,49,,,,3,,Jay,Dasilva,Dasilva,,,264,0,0,0,5,0,0,0,0,0,0,3,16,,,,0.0,0.0,1.7,1.02,5.45,4,12,7
177,i,0.0,0.0,4.0,621,185,0,0,0,0,0.0,509,177,0,0,0.0,416,147,0,0,0.0,416,147,0.0,0.0,0,376,77,2439,427,0.0,0.0,0.0,0.0,0.0,0.0,0.0,0.0,0.0,0.0,0.0,391,143,0.0,386,143,0.0,328,125,0.0,397,141,,,,3,,Kaine,Kesler-Hayden,Kesler-Hayden,Hamstring injury - Unknown return date,,0,0,0,0,0,0,0,0,0,0,0,0,0,,,,0.0,0.0,0.0,0.0,0.0,0,0,0
179,a,,,4.0,601,171,0,0,0,0,0.0,517,180,0,0,0.0,404,141,0,0,0.0,404,141,0.0,0.0,0,659,180,1129,229,0.0,0.0,0.0,0.0,0.0,0.0,0.0,0.0,0.0,0.0,0.0,379,137,0.0,374,137,0.0,316,119,0.0,385,135,,,,3,,Joel,Latibeaudiere,Latibeaudiere,,,0,0,0,0,0,0,0,0,0,0,0,0,0,,,,0.0,0.0,0.0,0.0,0.0,0,0,0
180,i,0.0,0.0,4.0,606,175,0,0,0,0,0.1,390,146,0,0,0.0,407,143,0,0,0.0,407,143,0.0,0.0,0,1838,233,6609,1200,0.0,0.0,0.0,0.0,0.0,0.0,0.0,0.0,0.0,0.0,0.0,382,139,0.0,377,139,0.0,319,121,0.0,388,137,,,,3,,Luke,Woolfenden,Woolfenden,Knee injury - Unknown return date,,0,0,0,0,0,0,0,0,0,0,0,0,0,,,,0.0,0.0,0.0,0.0,0.0,0,0,0
181,u,0.0,0.0,4.0,643,204,0,0,0,0,0.0,550,188,0,0,0.0,434,162,0,0,0.0,434,162,0.0,0.0,0,275,0,1595,282,0.0,0.0,0.0,0.0,0.0,0.0,0.0,0.0,0.0,0.0,0.0,409,158,0.0,404,158,0.0,348,142,0.0,415,156,,,,3,,Miguel,Brau,Brau,Has joined Academico de Viseu on loan for the rest of the season,,0,0,0,0,0,0,0,0,0,0,0,0,0,,,,0.0,0.0,0.0,0.0,0.0,0,0,0
182,a,,,4.0,633,194,0,0,0,0,0.8,218,83,4,2,1.3,249,88,0,9,1.3,216,78,0.3,1.0,0,8633,2181,16084,3496,1.3,1.3,0.02,0.39,0.41,4.72,0.01,0.13,0.14,1.57,44.6,133,60,4.2,244,83,11.0,182,62,6.1,207,80,,,,3,,Aurèle,Amenda,Amenda,,,270,0,0,0,5,0,0,0,1,0,0,3,16,,,,0.0,0.0,1.67,1.0,5.33,1,15,11
183,a,100.0,100.0,5.0,304,182,0,0,0,0,0.1,409,156,6,2,2.0,206,89,0,24,2.0,183,82,0.4,1.2,0,2544,588,4913,1045,2.0,2.0,0.5,0.18,0.68,1.48,0.3,0.11,0.41,0.88,26.8,197,77,60.0,42,36,54.0,53,34,14.1,64,42,4.0,1.0,,3,,Jack,Rudoni,Rudoni,,,152,0,0,1,1,0,0,0,0,0,0,2,16,,,,0.0,0.59,0.59,1.18,9.47,3,3,10
184,a,,,5.0,252,157,0,0,0,0,0.1,370,133,6,2,2.0,202,86,0,36,2.0,179,78,0.4,1.2,0,3107,336,7045,1505,2.0,2.0,0.05,0.05,0.1,4.72,0.02,0.02,0.04,1.57,46.2,127,47,26.9,136,81,3.0,255,123,7.6,166,76,1.0,,3.0,3,,Matt,Grimes,Grimes,,,270,0,0,0,5,0,0,0,0,0,0,3,25,,,,0.0,0.0,1.67,1.0,8.33,5,8,12
185,a,,,4.9,401,240,0,0,-1,1,0.1,460,183,1,0,1.0,301,126,0,8,0.3,354,160,0.1,0.2,0,694,153,3901,703,0.3,0.3,0.02,0.02,0.04,0.69,0.06,0.06,0.12,2.0,6.2,297,128,5.9,234,124,7.0,212,106,1.9,296,132,,,,3,,Tatsuhiro,Sakamoto,Sakamoto,,,31,0,0,0,1,0,0,0,0,0,0,0,4,,,,0.0,0.0,2.9,0.0,11.61,2,0,2
186,a,100.0,100.0,5.4,204,128,0,0,-1,1,0.1,430,167,3,2,1.5,245,110,0,8,1.0,266,119,0.2,0.6,0,860,143,4251,585,1.0,1.0,0.0,0.06,0.06,1.19,0.0,0.04,0.04,0.84,4.2,315,142,16.8,180,102,2.0,277,131,2.1,291,129,,,,3,,Ephron,Mason-Clark,Mason-Clark,,,127,0,0,0,1,0,0,0,0,0,0,2,9,,,,0.0,0.0,0.71,1.42,6.38,0,4,5
188,a,,,5.4,202,126,0,0,-1,1,0.1,401,150,2,0,1.0,331,149,0,10,0.7,317,145,0.1,0.4,0,691,42,5710,914,0.7,0.7,0.0,0.12,0.12,1.01,0.0,0.23,0.23,1.93,6.8,288,124,20.0,171,97,0.0,590,250,2.6,275,119,2.0,2.0,2.0,3,,Victor,Torp,Torp,,,47,0,0,0,1,0,0,0,0,0,0,0,3,,,,0.0,0.0,1.91,0.0,5.74,0,1,2
190,a,,,5.5,161,97,0,0,0,0,0.1,407,154,4,1,1.3,256,115,0,27,1.3,231,105,0.2,0.7,0,3027,137,6061,858,1.3,1.3,0.19,0.18,0.37,2.73,0.1,0.1,0.2,1.48,17.0,235,95,49.3,63,47,29.0,98,53,9.6,132,66,5.0,,,3,,Loum,Tchaouna,Tchaouna,,,166,0,0,0,3,0,0,0,0,0,0,2,15,,,,0.0,0.0,1.63,1.08,8.13,1,5,9
191,u,0.0,0.0,4.5,507,269,0,0,0,0,0.1,403,151,0,0,0.0,480,190,0,0,0.0,480,190,0.0,0.0,0,1943,0,7819,2258,0.0,0.0,0.0,0.0,0.0,0.0,0.0,0.0,0.0,0.0,0.0,456,177,0.0,456,185,0.0,413,154,0.0,462,181,,,,3,,Raphael,Borges Rodrigues,Borges Rodrigues,Has joined Burton Albion on loan for the rest of the season,,0,0,0,0,0,0,0,0,0,0,0,0,0,,,,0.0,0.0,0.0,0.0,0.0,0,0,0
192,u,0.0,0.0,4.5,557,287,0,0,0,0,0.4,278,92,0,0,0.0,521,205,0,0,0.0,521,205,0.0,0.0,0,2718,0,29976,5017,0.0,0.0,0.0,0.0,0.0,0.0,0.0,0.0,0.0,0.0,0.0,498,192,0.0,497,200,0.0,456,169,0.0,504,196,,,,3,,Kai,Andrews,Andrews,Has joined Oxford United on loan for the rest of the season,,0,0,0,0,0,0,0,0,0,0,0,0,0,,,,0.0,0.0,0.0,0.0,0.0,0,0,0
193,i,0.0,0.0,5.4,193,46,0,0,-1,1,0.1,436,63,0,0,0.0,609,71,0,0,0.0,609,71,0.0,0.0,0,450,97,10037,1264,0.0,0.0,0.0,0.0,0.0,0.0,0.0,0.0,0.0,0.0,0.0,594,64,0.0,601,69,0.0,584,66,0.0,601,68,,,1.0,3,,Haji,Wright,Wright,Thigh injury - Unknown return date,,0,0,0,0,0,0,0,0,0,0,0,0,0,,,,0.0,0.0,0.0,0.0,0.0,0,0,0
194,a,,,5.0,280,54,0,0,0,0,0.8,212,34,4,1,1.3,253,29,0,20,1.3,225,21,0.3,0.8,0,38293,7310,33203,7816,1.3,1.3,0.0,0.02,0.02,3.24,0.0,0.02,0.02,2.43,8.0,279,27,3.4,254,32,4.0,244,38,1.6,305,35,,,4.0,3,,Brandon,Thomas-Asante,Thomas-Asante,,,120,0,0,0,4,0,0,0,0,0,0,1,11,,,,0.0,0.0,3.0,0.75,8.25,0,6,5
195,a,,,5.0,271,52,0,0,0,0,0.8,210,33,3,1,1.5,240,27,0,10,1.0,257,29,0.2,0.6,0,33567,3574,39943,8339,1.0,1.0,0.3,0.01,0.31,2.55,0.31,0.01,0.32,2.61,7.6,283,28,22.3,154,15,37.0,82,19,6.7,194,20,,,,3,,Ellis,Simms,Simms,,,88,0,0,0,3,0,0,0,0,0,0,1,3,,,,0.0,0.0,3.07,1.02,3.07,0,1,2
196,u,0.0,0.0,5.0,344,61,0,0,0,0,0.0,610,76,0,0,0.0,597,66,0,0,0.0,597,66,0.0,0.0,0,0,0,973,87,0.0,0.0,0.0,0.0,0.0,0.0,0.0,0.0,0.0,0.0,0.0,582,59,0.0,589,64,0.0,569,61,0.0,589,63,,,,3,,Jahnoah,Markelo,Markelo,Has joined Shabab Al-Ahli Dubai permanently,,0,0,0,0,0,0,0,0,0,0,0,0,0,,,,0.0,0.0,0.0,0.0,0.0,0,0,0
197,u,0.0,0.0,4.5,523,70,0,0,0,0,0.0,547,74,0,0,0.0,495,52,0,0,0.0,495,52,0.0,0.0,0,0,0,1607,271,0.0,0.0,0.0,0.0,0.0,0.0,0.0,0.0,0.0,0.0,0.0,471,44,0.0,471,50,0.0,428,46,0.0,477,48,,,,3,,Norman,Bassette,Bassette,Has joined KVC Westerlo on loan for the rest of the season,,0,0,0,0,0,0,0,0,0,0,0,0,0,,,,0.0,0.0,0.0,0.0,0.0,0,0,0
492,a,,,5.5,141,36,0,0,0,0,0.7,231,39,5,2,1.7,237,26,0,16,1.7,212,19,0.3,0.9,0,17832,4336,33172,5723,1.7,1.7,1.24,0.03,1.27,2.18,0.62,0.02,0.64,1.09,13.6,248,23,35.3,109,10,68.0,31,11,11.7,95,14,,,5.0,3,,Taiwo,Awoniyi,Awoniyi,,,180,0,0,0,2,0,0,0,0,0,0,2,9,,,,0.0,0.0,1.0,1.0,4.5,0,3,6
575,a,,,4.9,419,255,-1,1,-1,1,0.2,347,125,5,1,1.7,230,101,0,23,1.7,202,92,0.3,1.0,0,2160,385,8743,1952,1.7,1.7,0.03,0.13,0.16,2.53,0.02,0.07,0.09,1.44,10.4,266,111,19.4,172,98,7.0,213,107,3.3,257,112,,,,3,,Caleb,Yirenkyi,Yirenkyi,,,158,0,0,1,3,0,0,0,1,0,0,2,16,,,,0.0,0.57,1.71,1.14,9.11,0,5,11
584,a,,,5.4,196,122,-1,1,-1,1,0.1,415,160,3,1,1.0,329,147,0,6,1.0,264,117,0.2,0.6,0,636,97,4478,771,1.0,1.0,0.0,0.02,0.02,0.82,0.0,0.06,0.06,2.31,0.6,354,165,1.8,285,146,0.0,587,247,0.3,355,165,3.0,,,3,,Gustavo,Hamer,Hamer,,,32,0,0,0,1,0,0,0,0,0,0,0,3,,,,0.0,0.0,2.81,0.0,8.44,1,0,2
599,a,,,5.0,357,63,0,0,0,0,0.1,427,62,0,0,0.0,602,68,0,0,0.0,602,68,0.0,0.0,0,4783,832,4769,1014,0.0,0.0,0.0,0.0,0.0,0.0,0.0,0.0,0.0,0.0,0.0,587,61,0.0,594,66,0.0,576,63,0.0,594,65,,,,3,,Sidiki,Cherif,Cherif,,,0,0,0,0,0,0,0,0,0,0,0,0,0,,,,0.0,0.0,0.0,0.0,0.0,0,0,0
42,a,,,5.5,167,102,0,0,0,0,0.0,504,204,2,0,1.0,347,158,0,6,0.7,322,147,0.1,0.4,0,1701,662,2253,652,0.7,0.7,0.03,0.03,0.06,0.34,0.05,0.05,0.1,0.57,5.4,301,132,2.1,279,142,7.0,219,110,1.5,307,137,,,,3,,Evann,Guessand,Guessand,,,54,0,0,0,1,0,0,0,0,0,0,0,2,,,,0.0,0.0,1.67,0.0,3.33,1,1,0
153,a,,,4.5,461,101,0,0,0,0,0.1,426,153,4,3,2.0,192,75,0,12,1.3,218,80,0.3,0.9,0,5417,3381,3228,1372,1.3,1.3,0.0,0.04,0.04,3.34,0.0,0.03,0.03,2.84,32.6,180,80,13.3,202,67,2.0,266,99,4.8,231,87,,,,3,,Axel,Disasi,Disasi,,,106,0,0,0,3,0,0,0,0,0,0,1,14,,,,0.0,0.0,2.55,0.85,11.89,5,9,9
198,a,100.0,100.0,5.0,255,8,0,0,0,0,2.0,127,19,5,2,1.7,231,20,0,37,1.7,204,19,0.3,1.0,0,37403,16492,42283,10174,1.7,1.7,0.0,0.0,0.0,6.47,0.0,0.0,0.0,2.16,96.8,15,3,0.0,546,59,0.0,518,59,9.6,130,3,,,,3,,Dean,Henderson,Henderson,,,270,0,0,0,8,0,0,0,0,0,12,3,0,,,,4.0,0.0,2.67,1.0,0.0,0,6,31
199,a,,,4.5,437,30,0,0,0,0,0.1,416,47,0,0,0.0,453,51,0,0,0.0,453,51,0.0,0.0,0,1461,345,3283,613,0.0,0.0,0.0,0.0,0.0,0.0,0.0,0.0,0.0,0.0,0.0,428,51,0.0,425,34,0.0,374,31,0.0,434,51,,,,3,,Walter,Benítez,Benitez,,,0,0,0,0,0,0,0,0,0,0,0,0,0,,,,0.0,0.0,0.0,0.0,0.0,0,0,0
202,a,,,5.0,286,47,0,0,0,0,0.7,230,86,4,1,1.3,254,91,0,17,1.3,226,85,0.3,0.8,0,14743,4790,22919,5294,1.3,1.3,0.08,0.0,0.08,6.47,0.03,0.0,0.03,2.16,86.4,31,9,1.3,299,111,24.0,113,34,11.1,106,36,,,,3,,Chris,Richards,Richards,,,270,0,0,0,8,0,0,0,0,0,0,3,31,,,,0.0,0.0,2.67,1.0,10.33,5,26,7
203,a,,,4.9,418,78,0,0,-1,1,0.2,319,117,2,1,0.7,376,132,0,12,0.7,304,112,0.1,0.4,0,4028,1499,12350,2564,0.7,0.7,0.05,0.01,0.06,6.47,0.02,0.0,0.02,2.16,63.2,67,32,8.1,228,77,5.0,233,83,7.6,165,66,,,,3,,Jaydee,Canvot,Canvot,,,270,0,0,0,8,0,0,0,0,0,0,3,24,,,,0.0,0.0,2.67,1.0,8.0,7,17,6
204,a,,,4.5,478,113,0,0,0,0,5.9,66,28,16,15,5.3,45,19,2,32,5.3,40,17,1.2,3.6,0,146158,131142,153200,25278,5.3,5.3,0.77,0.18,0.95,5.9,0.27,0.06,0.33,2.1,101.2,13,1,46.1,70,16,56.0,47,5,20.3,25,2,,,,3,,Tyrick,Mitchell,Mitchell,,,253,2,0,0,8,0,0,0,0,0,0,3,16,,,,0.0,0.0,2.85,1.07,5.69,6,10,7
205,u,0.0,0.0,4.5,460,100,0,0,0,0,0.0,569,194,0,0,0.0,461,175,0,0,0.0,461,175,0.0,0.0,0,236,0,1563,507,0.0,0.0,0.0,0.0,0.0,0.0,0.0,0.0,0.0,0.0,0.0,437,172,0.0,434,172,0.0,384,160,0.0,443,170,,,,3,,Borna,Sosa,Sosa,Has joined FC Cologne on loan for the rest of the season,,0,0,0,0,0,0,0,0,0,0,0,0,0,,,,0.0,0.0,0.0,0.0,0.0,0,0,0
206,i,0.0,0.0,4.4,574,157,0,0,-1,1,0.0,552,190,1,0,1.0,275,104,0,7,0.3,339,122,0.1,0.2,0,546,33,4890,431,0.0,0.0,0.0,0.01,0.01,0.98,0.0,0.01,0.01,1.22,12.6,252,103,1.3,296,109,0.0,363,156,1.4,308,114,,,,3,,Chadi,Riad Dnanou,Chadi Riad,Knee injury - Unknown return date,,72,0,0,0,2,0,0,0,0,0,0,1,7,,,,0.0,0.0,2.5,1.25,8.75,1,6,3
207,a,,,4.4,572,155,0,0,-1,1,0.1,475,169,2,1,1.0,274,103,0,5,0.7,288,103,0.2,0.5,0,1353,384,3185,594,0.7,0.7,0.0,0.0,0.0,0.33,0.0,0.0,0.0,1.86,3.2,326,125,0.4,334,126,0.0,361,154,0.3,348,126,,,,3,,Oscar,Mingueza,Mingueza,,,16,0,0,0,1,0,0,0,0,0,0,0,2,,,,0.0,0.0,5.62,0.0,11.25,2,0,1
208,i,0.0,0.0,6.3,54,38,0,0,-2,2,0.9,202,63,0,0,0.0,645,285,0,0,0.0,645,285,0.0,0.0,0,2556,124,347454,22447,0.0,0.0,0.0,0.0,0.0,0.0,0.0,0.0,0.0,0.0,0.0,645,286,0.0,646,286,0.0,644,285,0.0,645,286,,,2.0,3,,Ismaïla,Sarr,Sarr,Groin injury - Unknown return date,,0,0,0,0,0,0,0,0,0,0,0,0,0,,,,0.0,0.0,0.0,0.0,0.0,0,0,0
210,a,100.0,100.0,5.5,170,104,0,0,0,0,0.9,204,64,8,2,2.7,152,63,0,51,2.7,137,58,0.5,1.5,0,22338,5552,28094,6574,2.7,2.7,0.0,0.32,0.32,6.47,0.0,0.11,0.11,2.16,47.8,123,44,58.4,45,38,2.0,286,138,10.9,110,57,2.0,,,3,,Adam,Wharton,Wharton,,,270,0,0,0,8,0,0,0,0,0,0,3,29,,,,0.0,0.0,2.67,1.0,9.67,7,11,11
211,a,,,5.5,168,103,0,0,0,0,0.4,281,93,11,5,3.7,98,44,0,56,3.7,90,42,0.7,2.0,0,22170,16405,9304,4264,3.7,3.7,0.36,0.39,0.75,5.29,0.17,0.18,0.35,2.51,20.8,219,89,83.1,23,20,21.0,122,63,12.5,83,51,1.0,1.0,,3,,Yéremy,Pino Santos,Yeremy,,,190,0,2,0,5,0,0,0,0,0,0,2,20,,,,0.0,0.0,2.37,0.95,9.47,5,3,12
212,a,,,4.5,434,258,0,0,0,0,8.8,47,18,1,1,1.0,278,119,0,3,0.3,342,156,0.1,0.2,0,75064,17294,288998,65207,0.3,0.3,0.0,0.0,0.0,0.57,0.0,0.0,0.0,3.21,2.4,336,153,0.3,337,165,0.0,371,145,0.3,349,160,4.0,,,3,,Will,Hughes,Hughes,,,16,0,0,0,0,0,0,0,0,0,0,0,3,,,,0.0,0.0,0.0,0.0,16.88,0,2,1
213,a,,,4.9,370,221,0,0,-1,1,0.1,444,174,0,0,0.0,535,212,0,0,0.0,535,212,0.0,0.0,0,908,208,3871,679,0.0,0.0,0.0,0.0,0.0,0.0,0.0,0.0,0.0,0.0,0.0,512,199,0.0,512,207,0.0,471,176,0.0,518,203,,,,3,,Jefferson,Lerma Solís,Lerma,,,0,0,0,0,0,0,0,0,0,0,0,0,0,,,,0.0,0.0,0.0,0.0,0.0,0,0,0
214,a,,,5.0,266,166,0,0,0,0,0.3,288,98,10,5,3.3,109,48,0,67,3.3,98,46,0.7,2.0,0,15105,8868,10926,3280,3.3,3.3,0.05,0.3,0.35,6.34,0.02,0.1,0.12,2.13,57.6,87,28,55.3,48,40,13.0,169,82,12.6,81,49,3.0,,,3,,Daichi,Kamada,Kamada,,,268,0,1,0,8,0,0,0,1,0,0,3,27,,,,0.0,0.0,2.69,1.01,9.07,9,4,14
215,u,0.0,0.0,5.0,310,184,0,0,0,0,0.0,618,265,0,0,0.0,581,242,0,0,0.0,581,242,0.0,0.0,0,132,0,709,195,0.0,0.0,0.0,0.0,0.0,0.0,0.0,0.0,0.0,0.0,0.0,565,234,0.0,571,240,0.0,549,223,0.0,572,237,,2.0,3.0,3,,Justin,Devenny,Devenny,Has joined Stoke City permanently,,0,0,0,0,0,0,0,0,0,0,0,0,0,,,,0.0,0.0,0.0,0.0,0.0,0,0,0
33,a,,,4.5,441,86,0,0,0,0,0.4,280,102,7,6,3.5,104,39,0,33,2.3,149,59,0.5,1.6,0,8156,2281,9827,1484,2.3,2.3,0.11,0.02,0.13,0.79,0.09,0.02,0.11,0.67,16.8,236,99,4.4,243,82,13.0,165,56,3.4,254,97,,,,3,,Tyrone,Mings,Mings,,,106,0,0,1,0,0,0,0,0,0,0,1,6,,,,0.0,0.85,0.0,0.85,5.09,2,4,2
216,u,0.0,0.0,5.0,349,211,0,0,0,0,0.0,561,232,0,0,0.0,599,254,0,0,0.0,599,254,0.0,0.0,0,399,0,2487,744,0.0,0.0,0.0,0.0,0.0,0.0,0.0,0.0,0.0,0.0,0.0,584,247,0.0,591,253,0.0,572,239,0.0,591,250,,,,3,,Romain,Esse,Esse,Has joined Millwall on loan for the rest of the season,,0,0,0,0,0,0,0,0,0,0,0,0,0,,,,0.0,0.0,0.0,0.0,0.0,0,0,0
217,a,,,4.9,406,244,0,0,-1,1,0.0,562,233,0,0,0.0,551,224,0,0,0.0,551,224,0.0,0.0,0,1001,51,2250,430,0.0,0.0,0.0,0.0,0.0,0.0,0.0,0.0,0.0,0.0,0.0,530,212,0.0,531,220,0.0,493,191,0.0,538,217,,,,3,,Matheus,França de Oliveira,M.França,,,0,0,0,0,0,0,0,0,0,0,0,0,0,,,,0.0,0.0,0.0,0.0,0.0,0,0,0
218,a,,,4.9,388,233,0,0,-1,1,0.1,487,195,0,0,0.0,542,218,0,0,0.0,542,218,0.0,0.0,0,1556,324,2989,610,0.0,0.0,0.0,0.0,0.0,0.0,0.0,0.0,0.0,0.0,0.0,521,206,0.0,521,214,0.0,483,185,0.0,528,211,,,,3,,Cheick,Doucouré,Doucouré,,,0,0,0,0,0,0,0,0,0,0,0,0,0,,,,0.0,0.0,0.0,0.0,0.0,0,0,0
219,u,0.0,,4.9,393,235,-1,1,-1,1,0.0,627,271,0,0,0.0,546,220,0,0,0.0,546,220,0.0,0.0,0,145,55,270,69,0.0,0.0,0.0,0.0,0.0,0.0,0.0,0.0,0.0,0.0,0.0,525,208,0.0,526,216,0.0,488,187,0.0,533,213,,,,3,,Jesurun,Rak-Sakyi,J.Rak-Sakyi,has joined  Kasimpasa on loan for the rest of the seaon.,,0,0,0,0,0,0,0,0,0,0,0,0,0,,,,0.0,0.0,0.0,0.0,0.0,0,0,0
220,u,0.0,0.0,4.5,540,142,0,0,0,0,0.0,648,214,0,0,0.0,507,192,0,0,0.0,507,192,0.0,0.0,0,0,0,113,9,0.0,0.0,0.0,0.0,0.0,0.0,0.0,0.0,0.0,0.0,0.0,484,189,0.0,483,189,0.0,441,182,0.0,490,187,,,,3,,Rio,Cardines,Cardines,Has joined Bristol City on loan for the rest of the season,,0,0,0,0,0,0,0,0,0,0,0,0,0,,,,0.0,0.0,0.0,0.0,0.0,0,0,0
221,a,,,4.5,562,289,0,0,0,0,0.1,454,179,0,0,0.0,526,207,0,0,0.0,526,207,0.0,0.0,0,1961,623,2861,682,0.0,0.0,0.0,0.0,0.0,0.0,0.0,0.0,0.0,0.0,0.0,503,194,0.0,502,202,0.0,461,171,0.0,509,198,,,,3,,Joél,Drakes-Thomas,Drakes-Thomas,,,0,0,0,0,0,0,0,0,0,0,0,0,0,,,,0.0,0.0,0.0,0.0,0.0,0,0,0
222,a,,,6.0,68,15,0,0,0,0,0.5,247,42,4,1,1.3,259,31,0,20,1.3,236,25,0.2,0.7,0,15394,6360,21337,5061,1.3,1.3,0.3,0.01,0.31,3.69,0.2,0.01,0.21,2.48,8.6,275,26,4.6,242,30,21.0,123,24,3.5,252,30,,,,3,,Jørgen,Strand Larsen,Strand Larsen,,,134,0,0,0,3,0,0,0,0,0,0,1,8,,,,0.0,0.0,2.01,0.67,5.37,1,3,4
223,i,0.0,0.0,6.4,45,12,0,0,-1,1,1.9,128,19,2,0,2.0,220,23,0,-3,0.7,329,41,0.1,0.3,0,25403,225,389201,46240,0.0,0.0,0.7,0.02,0.72,0.98,1.02,0.03,1.05,1.42,1.4,346,38,12.3,212,24,11.0,189,33,2.5,279,32,,,1.0,3,,Jean-Philippe,Mateta,Mateta,Hamstring injury - Expected back 11 Oct,,62,0,0,0,2,0,0,0,0,0,0,1,5,,,,0.0,0.0,2.9,1.45,7.26,2,1,2
224,a,,,5.5,138,35,0,0,0,0,0.7,228,38,7,4,2.3,178,19,0,36,2.3,161,14,0.4,1.3,0,32315,17178,19399,5335,2.3,2.3,1.1,0.58,1.68,4.45,0.59,0.31,0.9,2.4,34.2,169,12,45.8,72,3,50.0,59,14,13.0,78,11,,,,3,,Eddie,Nketiah,Nketiah,,,167,0,1,0,7,0,0,0,0,0,0,3,11,,,,0.0,0.0,3.77,1.62,5.93,4,2,5
225,u,0.0,0.0,5.0,361,65,0,0,0,0,0.0,654,78,0,0,0.0,605,70,0,0,0.0,605,70,0.0,0.0,0,0,0,0,0,0.0,0.0,0.0,0.0,0.0,0.0,0.0,0.0,0.0,0.0,0.0,590,63,0.0,597,68,0.0,579,65,0.0,597,67,,,,3,,Christantus,Uche,Uche,has returned to Getafe CF,,0,0,0,0,0,0,0,0,0,0,0,0,0,,,,0.0,0.0,0.0,0.0,0.0,0,0,0
241,a,,,5.4,210,132,-1,1,-1,1,0.1,379,139,3,0,1.5,246,111,0,13,1.0,267,120,0.2,0.6,0,1311,299,5422,1112,1.0,1.0,0.05,0.02,0.07,1.18,0.05,0.02,0.07,1.26,10.0,269,114,5.0,239,127,2.0,278,132,1.7,303,135,,,,3,,Dwight,McNeil,McNeil,,,84,0,0,0,3,0,0,0,0,0,0,1,7,,,,0.0,0.0,3.21,1.07,7.5,0,4,3
555,a,,,4.0,596,61,0,0,0,0,1.8,136,20,0,0,0.0,402,35,0,0,0.0,402,35,0.0,0.0,0,16655,3144,19808,4910,0.0,0.0,0.0,0.0,0.0,0.0,0.0,0.0,0.0,0.0,0.0,377,35,0.0,372,16,0.0,312,13,0.0,383,35,,,,3,,Remi,Matthews,Matthews,,,0,0,0,0,0,0,0,0,0,0,0,0,0,,,,0.0,0.0,0.0,0.0,0.0,0,0,0
577,a,,,4.5,465,104,0,0,0,0,0.3,295,107,2,0,1.0,282,109,0,0,0.7,291,105,0.2,0.4,0,2589,382,8149,2052,0.7,0.7,0.0,0.01,0.01,2.15,0.0,0.01,0.01,2.13,15.0,242,101,3.7,250,86,2.0,267,100,2.1,286,106,,,,3,,Takehiro,Tomiyasu,Tomiyasu,,,91,0,0,0,3,0,0,0,0,0,0,1,9,,,,0.0,0.0,2.97,0.99,8.9,1,8,4
588,a,,,5.0,346,60,0,0,0,0,0.2,334,124,6,3,2.0,209,80,0,27,2.0,186,70,0.4,1.2,0,12126,7616,4663,2287,2.0,2.0,0.74,0.17,0.91,5.42,0.33,0.08,0.41,2.45,72.0,51,20,30.3,125,37,15.0,153,52,11.8,93,26,,,,3,,Anan,Khalaili,Khalaili,,,199,0,0,0,5,0,0,0,1,0,0,2,33,,,,0.0,0.0,2.26,0.9,14.92,17,16,11
595,a,,,5.0,345,209,0,0,0,0,0.0,586,245,1,0,1.0,324,143,0,3,0.3,366,170,0.1,0.2,0,336,77,512,115,0.3,0.3,0.0,0.0,0.0,0.2,0.0,0.0,0.0,0.82,1.4,345,159,1.3,301,151,0.0,570,237,0.3,353,163,,,,3,,Zavier,Gozo,Gozo,,,22,0,0,0,1,0,0,0,0,0,0,0,1,,,,0.0,0.0,4.09,0.0,4.09,1,0,0
633,a,,,4.5,548,143,0,0,0,0,0.0,620,206,0,0,0.0,515,193,0,0,0.0,515,193,0.0,0.0,0,580,363,118,86,1.8,1.8,0.0,0.0,0.0,0.0,0.0,0.0,0.0,0.0,0.0,492,190,0.0,491,190,0.0,449,183,0.0,498,188,,,,3,,Honest,Ahanor,Ahanor,,,0,0,0,0,0,0,0,0,0,0,0,0,0,,,,0.0,0.0,0.0,0.0,0.0,0,0,0
643,a,,,4.5,448,91,0,0,0,0,0.4,282,103,7,7,7.0,18,8,0,20,7.0,17,8,1.6,1.6,0,20730,19967,2908,2824,1.8,1.8,0.15,0.0,0.15,0.57,0.84,0.0,0.84,3.21,33.2,176,78,0.7,317,119,17.0,133,41,5.1,223,85,,,,3,,Ben,Chilwell,Chilwell,,,16,1,0,0,0,0,0,0,0,0,0,0,0,,,,0.0,0.0,0.0,0.0,0.0,0,0,0
644,a,,,5.0,293,177,0,0,0,0,0.0,573,237,2,2,2.0,205,88,0,8,2.0,182,81,0.4,0.4,0,1805,1149,382,282,1.5,1.5,0.02,0.0,0.02,2.57,0.02,0.0,0.02,3.17,4.2,313,140,0.2,348,173,1.0,293,142,0.5,339,155,,,,3,,Quinten,Timber,Timber,,,73,0,0,0,2,0,0,0,0,0,0,1,6,,,,0.0,0.0,2.47,1.23,7.4,1,2,3
647,a,,,5.5,174,108,0,0,0,0,0.0,612,261,1,1,1.0,348,159,0,2,1.0,273,123,0.2,0.2,0,760,299,126,76,2.0,2.0,0.0,0.0,0.0,0.13,0.0,0.0,0.0,11.7,2.0,343,157,0.3,343,170,0.0,618,267,0.2,358,167,,,,3,,Darío,Osorio,Osorio,,,1,0,0,0,0,0,0,0,0,0,0,0,1,,,,0.0,0.0,0.0,0.0,90.0,1,0,0
21,i,0.0,0.0,4.9,369,220,0,0,-1,1,0.1,488,196,0,0,0.0,534,211,0,0,0.0,534,211,0.0,0.0,0,378,67,5854,817,0.0,0.0,0.0,0.0,0.0,0.0,0.0,0.0,0.0,0.0,0.0,511,198,0.0,511,206,0.0,470,175,0.0,517,202,,,,3,,Christian,Nørgaard,Nørgaard,Groin injury - Unknown return date,,0,0,0,0,0,0,0,0,0,0,0,0,0,,,,0.0,0.0,0.0,0.0,0.0,0,0,0
209,a,,,5.9,95,61,0,0,-1,1,0.1,398,149,3,1,1.0,358,166,0,7,1.0,280,128,0.2,0.5,0,2283,765,7413,1356,1.0,1.0,0.05,0.04,0.09,2.24,0.05,0.04,0.09,2.04,11.8,257,106,23.2,151,89,9.0,202,101,4.4,240,104,,,,3,,Brennan,Johnson,Johnson,,,99,0,0,0,1,0,0,0,1,0,0,1,12,,,,0.0,0.0,0.91,0.91,10.91,2,5,5
226,a,,,5.5,124,2,0,0,0,0,8.6,49,7,11,1,3.7,96,6,0,62,3.7,88,6,0.7,2.0,0,161039,41022,153305,43191,3.7,3.7,0.0,0.02,0.02,4.81,0.0,0.01,0.01,1.6,72.6,48,8,0.0,615,68,0.0,604,68,7.3,176,9,,,,3,,Jordan,Pickford,Pickford,,,270,0,0,1,3,0,0,0,0,0,9,3,0,,,,3.0,0.33,1.0,1.0,0.0,0,4,35
227,a,,,5.0,279,10,0,0,0,0,0.0,526,58,0,0,0.0,568,70,0,0,0.0,568,70,0.0,0.0,0,826,254,1237,276,0.0,0.0,0.0,0.0,0.0,0.0,0.0,0.0,0.0,0.0,0.0,552,70,0.0,554,61,0.0,529,61,0.0,559,70,,,,3,,Mark,Travers,Travers,,,0,0,0,0,0,0,0,0,0,0,0,0,0,,,,0.0,0.0,0.0,0.0,0.0,0,0,0
228,a,,,4.5,440,32,0,0,0,0,0.0,505,56,0,0,0.0,455,53,0,0,0.0,455,53,0.0,0.0,0,739,193,1153,260,0.0,0.0,0.0,0.0,0.0,0.0,0.0,0.0,0.0,0.0,0.0,430,53,0.0,427,36,0.0,376,33,0.0,436,53,,,,3,,Tom,King,King,,,0,0,0,0,0,0,0,0,0,0,0,0,0,,,,0.0,0.0,0.0,0.0,0.0,0,0,0
229,a,,,6.0,59,5,0,0,0,0,11.3,40,15,21,3,7.0,21,10,2,63,7.0,20,10,1.2,3.5,0,357622,103248,179241,56618,7.0,7.0,0.17,0.02,0.19,4.81,0.06,0.01,0.07,1.6,94.4,21,5,13.1,203,68,29.0,99,24,13.6,74,18,,,,3,,James,Tarkowski,Tarkowski,,,270,1,0,1,3,0,0,0,0,0,0,3,31,,,,0.0,0.33,1.0,1.0,10.33,5,26,10
230,a,,,5.5,166,21,0,0,0,0,1.9,130,53,13,3,4.3,71,29,0,43,4.3,66,27,0.8,2.4,0,56084,21480,42780,12477,4.3,4.3,0.17,0.02,0.19,4.81,0.06,0.01,0.07,1.6,82.8,35,12,2.9,262,90,73.0,23,2,15.8,54,10,,,,3,,Jarrad,Branthwaite,Branthwaite,,,270,0,0,1,3,0,0,0,0,0,0,3,31,,,,0.0,0.33,1.0,1.0,10.33,4,27,9
231,a,,,4.9,367,66,0,0,-1,1,0.9,199,75,0,0,0.0,532,198,0,0,0.0,532,198,0.0,0.0,0,6364,810,67906,10017,0.0,0.0,0.0,0.0,0.0,0.0,0.0,0.0,0.0,0.0,0.0,509,195,0.0,509,195,0.0,468,189,0.0,515,193,,,,3,,Michael,Keane,Keane,,,0,0,0,0,0,0,0,0,0,0,0,0,0,,,,0.0,0.0,0.0,0.0,0.0,0,0,0
232,a,,,4.9,403,76,0,0,-1,1,0.3,292,105,0,0,0.0,549,200,0,0,0.0,549,200,0.0,0.0,0,2759,427,18901,2732,0.0,0.0,0.0,0.0,0.0,0.0,0.0,0.0,0.0,0.0,0.0,528,198,0.0,529,198,0.0,491,193,0.0,536,197,,,,3,,Jake,O'Brien,O'Brien,,,0,0,0,0,0,0,0,0,0,0,0,0,0,,,,0.0,0.0,0.0,0.0,0.0,0,0,0
233,a,,,4.5,466,105,0,0,0,0,1.9,129,52,11,1,3.7,90,37,0,42,3.7,82,34,0.8,2.4,0,100017,38113,56253,20927,3.7,3.7,0.0,0.07,0.07,4.81,0.0,0.02,0.02,1.6,62.4,68,33,17.3,178,56,2.0,268,101,8.2,157,62,,,,3,,Vitalii,Mykolenko,Mykolenko,,,270,0,0,1,3,0,0,0,0,0,0,3,22,,,,0.0,0.33,1.0,1.0,7.33,4,18,15
234,u,0.0,0.0,4.5,477,112,0,0,0,0,0.0,565,192,0,0,0.0,468,179,0,0,0.0,468,179,0.0,0.0,0,371,0,1788,540,0.0,0.0,0.0,0.0,0.0,0.0,0.0,0.0,0.0,0.0,0.0,444,176,0.0,442,176,0.0,392,164,0.0,450,174,,,,3,,Nathan,Patterson,Patterson,Has joined Torino permanently,,0,0,0,0,0,0,0,0,0,0,0,0,0,,,,0.0,0.0,0.0,0.0,0.0,0,0,0
235,u,0.0,0.0,4.0,627,189,0,0,0,0,0.1,399,148,0,0,0.0,421,150,0,0,0.0,421,150,0.0,0.0,0,1728,0,8045,2176,0.0,0.0,0.0,0.0,0.0,0.0,0.0,0.0,0.0,0.0,0.0,396,146,0.0,391,146,0.0,333,128,0.0,402,144,,,,3,,Adam,Aznou,Aznou,Has joined Malaga on loan for the rest of the season,,0,0,0,0,0,0,0,0,0,0,0,0,0,,,,0.0,0.0,0.0,0.0,0.0,0,0,0
236,a,,,6.5,35,23,0,0,0,0,4.5,79,27,15,2,5.0,57,26,3,84,5.0,52,25,0.8,2.3,0,271411,77903,176895,57011,5.0,5.0,0.45,0.4,0.85,4.77,0.15,0.13,0.28,1.59,86.2,32,15,110.6,6,6,69.0,30,17,26.6,13,10,2.0,,,3,,Kiernan,Dewsbury-Hall,Dewsbury-Hall,,,270,1,0,1,3,0,0,0,0,0,0,3,29,,,,0.0,0.33,1.0,1.0,9.67,9,3,17
238,a,100.0,100.0,6.5,34,22,0,0,0,0,0.4,283,94,2,1,1.0,367,172,0,10,0.7,332,154,0.1,0.3,0,21394,10671,12006,4071,0.7,0.7,0.02,0.13,0.15,0.31,0.06,0.37,0.43,0.87,7.0,286,123,12.9,206,113,10.0,196,96,3.0,265,116,,,,3,,Jack,Grealish,Grealish,,,32,0,0,0,1,0,0,0,0,0,0,0,2,,,,0.0,0.0,2.81,0.0,5.62,2,0,0
239,d,75.0,100.0,6.0,67,46,0,0,0,0,0.1,395,147,4,2,1.3,258,116,0,34,1.3,235,106,0.2,0.7,0,6250,1729,7666,2693,1.0,1.3,0.0,0.11,0.11,1.32,0.0,0.07,0.07,0.8,17.8,230,93,44.0,76,54,2.0,288,139,6.5,200,91,1.0,1.0,2.0,3,,James,Garner,Garner,Unspecified injury - 75% chance of playing,,148,0,0,0,2,0,0,0,1,0,0,2,19,,,,0.0,0.0,1.22,1.22,11.55,5,2,12
242,a,,,5.5,179,112,0,0,0,0,0.5,256,85,15,10,5.0,54,24,3,60,5.0,49,23,0.9,2.7,0,31309,27276,14118,6836,5.0,5.0,0.27,0.16,0.43,2.94,0.1,0.06,0.16,1.13,57.2,90,31,70.0,35,30,66.0,36,21,19.3,31,24,,,,3,,Tyrique,George,George,,,234,1,0,1,3,0,0,0,0,0,0,3,13,,,,0.0,0.38,1.15,1.15,5.0,1,4,8
243,a,,,5.0,324,193,0,0,0,0,0.1,455,180,1,0,0.5,383,181,0,5,0.3,364,168,0.1,0.2,0,1961,393,3883,806,0.3,0.3,0.05,0.02,0.07,0.04,0.9,0.36,1.26,0.72,5.0,306,135,0.8,312,155,25.0,110,56,2.7,273,118,,,,3,,Carlos,Alcaraz Durán,Alcaraz,,,5,0,0,0,0,0,0,0,1,0,0,0,3,,,,0.0,0.0,0.0,0.0,54.0,1,0,2
244,a,,,5.0,351,213,0,0,0,0,0.4,264,88,11,1,3.7,95,42,0,42,3.7,87,40,0.7,2.2,0,42559,8405,17337,5692,3.7,3.7,0.09,0.1,0.19,4.81,0.03,0.03,0.06,1.63,45.2,132,49,33.7,116,73,13.0,170,83,9.3,139,68,,,,3,,Harrison,Armstrong,Armstrong,,,266,0,1,1,3,0,0,0,1,0,0,3,30,,,,0.0,0.34,1.02,1.02,10.15,6,9,15
245,a,,,5.4,221,139,0,0,-1,1,0.0,542,223,0,0,0.0,617,264,0,0,0.0,617,264,0.0,0.0,0,717,160,1928,309,0.0,0.0,0.0,0.0,0.0,0.0,0.0,0.0,0.0,0.0,0.0,605,259,0.0,610,263,0.0,596,254,0.0,611,261,,,,3,,Tyler,Dibling,Dibling,,,0,0,0,0,0,0,0,0,0,0,0,0,0,,,,0.0,0.0,0.0,0.0,0.0,0,0,0
246,a,,,5.0,327,194,0,0,0,0,0.0,498,200,6,1,2.0,207,90,0,35,2.0,185,84,0.4,1.2,0,1477,379,2423,620,2.0,2.0,0.0,0.2,0.2,4.52,0.0,0.07,0.07,1.63,26.6,198,78,32.1,119,74,2.0,274,129,6.1,208,95,,,,3,,Merlin,Röhl,Röhl,,,249,0,0,1,2,0,0,0,1,0,0,3,24,,,,0.0,0.36,0.72,1.08,8.67,5,6,13
247,a,100.0,100.0,5.5,145,88,0,0,0,0,0.2,336,120,8,4,2.7,151,62,0,33,2.7,134,56,0.5,1.5,0,2387,1044,8155,1239,2.7,2.7,0.05,0.11,0.16,3.49,0.04,0.08,0.12,2.6,37.0,158,58,39.1,95,64,17.0,138,70,9.3,140,69,3.0,,,3,,Hayden,Hackney,Hackney,,,121,0,1,1,1,0,0,0,0,0,0,1,11,,,,0.0,0.74,0.74,0.74,8.18,3,3,5
248,u,0.0,0.0,5.4,219,50,0,0,-1,1,1.1,182,30,2,0,1.0,336,37,0,5,0.7,319,37,0.1,0.4,0,16222,0,168197,43255,0.0,0.0,0.09,0.0,0.09,1.92,0.26,0.0,0.26,5.57,3.0,332,36,0.3,341,42,5.0,234,37,0.8,332,37,,,,3,,Norberto Bercique,Gomes Betuncal,Beto,Has joined Fiorentina permanently,,31,0,0,0,0,0,0,0,0,0,0,0,1,,,,0.0,0.0,0.0,0.0,2.9,0,1,0
249,a,,,5.6,121,30,1,-1,1,-1,5.7,67,10,12,2,4.0,87,9,2,50,4.0,81,8,0.7,2.1,0,501992,155818,178977,65206,4.0,4.0,2.31,0.11,2.42,2.89,0.88,0.04,0.92,1.1,48.2,121,8,45.7,74,5,123.0,4,3,21.7,22,5,,,1.0,3,,Thierno,Barry,Barry,,,237,1,0,1,3,0,0,0,0,0,0,3,10,,,,0.0,0.38,1.14,1.14,3.8,1,2,7
649,a,,,4.5,443,87,0,0,0,0,0.2,350,131,7,7,7.0,17,7,0,13,7.0,16,7,1.6,1.6,0,10165,9606,1923,1795,1.8,1.8,0.03,0.0,0.03,0.29,0.21,0.0,0.21,2.01,33.4,174,77,0.8,311,118,7.0,208,71,4.1,241,92,,,,3,,Ainsley,Maitland-Niles,Maitland-Niles,,,13,1,0,0,1,0,0,0,0,0,0,0,0,,,,0.0,0.0,6.92,0.0,0.0,0,0,0
654,a,,,4.5,556,286,0,0,0,0,0.1,420,162,0,0,0.0,520,204,0,0,0.0,520,204,0.0,0.0,0,6005,6005,1139,1139,1.0,1.0,0.0,0.0,0.0,0.0,0.0,0.0,0.0,0.0,0.0,497,191,0.0,496,199,0.0,455,168,0.0,503,195,,,,3,,Braiden,Graham,Graham,,,0,0,0,0,0,0,0,0,0,0,0,0,0,,,,0.0,0.0,0.0,0.0,0.0,0,0,0
250,a,,,4.5,427,25,0,0,0,0,3.0,104,18,6,1,2.0,187,15,0,30,2.0,170,14,0.4,1.3,0,66360,12626,58307,19701,2.0,2.0,0.0,0.0,0.0,6.23,0.0,0.0,0.0,2.08,67.6,60,10,0.0,419,29,0.0,366,26,6.8,186,10,,,,3,,Bernd,Leno,Leno,,,270,0,0,0,7,0,0,0,0,0,8,3,0,,,,2.67,0.0,2.33,1.0,0.0,0,3,25
251,a,,,4.0,585,55,0,0,0,0,1.2,174,26,0,0,0.0,394,29,0,0,0.0,394,29,0.0,0.0,0,16043,5101,16000,4021,0.0,0.0,0.0,0.0,0.0,0.0,0.0,0.0,0.0,0.0,0.0,369,29,0.0,362,10,0.0,302,7,0.0,374,29,,,,3,,Benjamin,Lecomte,Lecomte,,,0,0,0,0,0,0,0,0,0,0,0,0,0,,,,0.0,0.0,0.0,0.0,0.0,0,0,0
252,u,0.0,0.0,4.0,630,70,0,0,0,0,0.1,384,45,0,0,0.0,424,44,0,0,0.0,424,44,0.0,0.0,0,2589,0,4498,1289,0.0,0.0,0.0,0.0,0.0,0.0,0.0,0.0,0.0,0.0,0.0,399,44,0.0,394,25,0.0,336,22,0.0,405,44,,,,3,,Alfie,McNally,McNally,Has joined York City on loan for the rest of the season,,0,0,0,0,0,0,0,0,0,0,0,0,0,,,,0.0,0.0,0.0,0.0,0.0,0,0,0
253,a,100.0,100.0,5.0,256,39,0,0,0,0,0.1,380,142,2,1,1.0,313,123,0,12,0.7,308,114,0.1,0.4,0,9446,1290,4499,1731,0.7,0.7,0.0,0.1,0.1,3.99,0.0,0.05,0.05,2.0,42.2,140,63,35.8,106,30,8.0,204,69,8.6,150,59,,,,3,,Joachim,Andersen,Andersen,,,180,0,0,0,4,0,0,0,1,0,0,2,15,,,,0.0,0.0,2.0,1.0,7.5,2,13,9
254,a,,,4.5,446,90,0,0,0,0,1.5,151,64,4,1,1.3,250,89,0,21,1.3,217,79,0.3,0.9,0,29312,3125,41932,15321,1.3,1.3,0.21,0.16,0.37,6.2,0.08,0.06,0.14,2.24,46.0,129,59,54.6,50,8,12.0,174,59,11.2,103,34,,,2.0,3,,Antonee,Robinson,Robinson,,,249,0,0,0,7,0,0,0,0,0,0,3,15,,,,0.0,0.0,2.53,1.08,5.42,8,7,12
255,a,,,4.5,481,116,0,0,0,0,0.0,539,186,3,0,3.0,121,48,0,7,1.0,251,94,0.2,0.7,0,1350,63,1307,359,1.0,1.0,0.0,0.03,0.03,2.24,0.0,0.03,0.03,2.24,32.8,179,79,21.3,162,52,0.0,395,167,5.4,218,82,,,,3,,Jorge,Cuenca Barreno,J.Cuenca,,,90,0,0,0,3,0,0,0,0,0,0,1,10,,,,0.0,0.0,3.0,1.0,10.0,1,9,3
256,a,,,4.4,567,150,-1,1,-1,1,0.2,332,123,0,0,0.0,445,172,0,0,0.0,445,172,0.0,0.0,0,892,124,6503,1426,0.0,0.0,0.0,0.0,0.0,0.0,0.0,0.0,0.0,0.0,0.0,420,168,0.0,415,168,0.0,360,153,0.0,426,166,,,,3,,Kenny,Tete,Tete,,,0,0,0,0,0,0,0,0,0,0,0,0,0,,,,0.0,0.0,0.0,0.0,0.0,0,0,0
257,a,,,4.5,472,109,0,0,0,0,0.7,222,85,3,1,1.0,283,110,0,16,1.0,250,93,0.2,0.7,0,16451,1389,19794,5777,1.0,1.0,0.02,0.07,0.09,6.23,0.01,0.02,0.03,2.08,47.0,125,58,12.8,207,70,2.0,269,102,6.2,205,79,,,,3,,Calvin,Bassey,Bassey,,,270,0,0,0,7,0,0,0,1,0,0,3,13,,,,0.0,0.0,2.33,1.0,4.33,3,10,12
258,a,,,4.5,445,89,0,0,0,0,0.8,206,80,13,1,4.3,65,26,0,38,4.3,59,23,1.0,2.9,0,60518,4208,22861,9407,4.3,4.3,0.67,0.37,1.04,4.47,0.24,0.13,0.37,1.63,58.6,83,42,52.6,56,10,53.0,55,8,16.4,49,8,,,,3,,Timothy,Castagne,Castagne,,,247,0,2,1,6,0,0,0,1,0,0,3,15,,,,0.0,0.36,2.19,1.09,5.47,4,11,11
261,a,,,5.5,126,80,0,0,0,0,0.8,217,69,6,2,2.0,214,95,0,52,2.0,190,87,0.4,1.1,0,14966,1517,35568,9301,2.0,2.0,0.05,0.7,0.75,6.23,0.02,0.24,0.26,2.14,32.0,183,69,70.5,34,29,13.0,171,84,11.6,97,54,1.0,1.0,3.0,3,,Alex,Iwobi,Iwobi,,,262,0,0,0,7,0,0,0,0,0,0,3,18,,,,0.0,0.0,2.4,1.03,6.18,3,4,11
262,a,,,5.4,197,123,-1,1,-1,1,0.3,302,105,2,1,1.0,330,148,0,8,0.7,315,144,0.1,0.4,0,3416,577,14322,3048,0.7,0.7,0.06,0.02,0.08,0.41,0.22,0.07,0.29,1.48,5.4,300,131,23.3,150,88,9.0,201,100,3.8,249,107,,,,3,,Emile,Smith Rowe,Smith Rowe,,,25,0,0,0,0,0,0,0,0,0,0,0,1,,,,0.0,0.0,0.0,0.0,3.6,0,0,1
11,d,75.0,75.0,5.4,223,29,-1,1,-1,1,3.3,97,38,12,0,6.0,36,17,0,52,4.0,77,32,0.7,2.2,0,29575,619,283863,109546,3.0,3.0,0.0,0.01,0.01,0.53,0.0,0.01,0.01,0.28,24.6,204,87,2.0,282,101,0.0,598,208,2.7,274,105,,,,3,,Cristhian,Mosquera,Mosquera,Muscular injury - 75% chance of playing,,168,0,0,2,0,0,0,0,0,0,0,2,10,,,,0.0,1.07,0.0,1.07,5.36,0,10,3
263,a,,,5.4,229,145,0,0,-1,1,0.0,506,205,2,0,1.0,339,154,0,4,0.7,320,146,0.1,0.4,0,1146,174,2899,695,0.7,0.7,0.0,0.05,0.05,0.2,0.0,0.19,0.19,0.75,5.2,304,134,3.4,255,135,0.0,601,258,0.8,333,152,4.0,,,3,,Kevin,Santos Lopes de Macedo,Kevin,,,24,0,0,0,0,0,0,0,0,0,0,0,3,,,,0.0,0.0,0.0,0.0,11.25,2,0,1
264,a,,,5.5,165,101,0,0,0,0,0.3,294,101,7,2,2.3,180,77,0,35,2.3,163,71,0.4,1.3,0,10704,1549,12714,3722,2.3,2.3,0.32,0.92,1.24,4.44,0.14,0.39,0.53,1.89,28.0,195,75,85.0,22,19,65.0,38,23,17.8,35,26,2.0,,,3,,Oscar,Bobb,Bobb,,,211,0,0,1,6,0,0,0,0,0,0,3,15,,,,0.0,0.43,2.56,1.28,6.4,5,2,8
265,a,,,5.0,264,165,0,0,0,0,0.3,291,100,5,1,1.7,232,102,0,37,1.7,205,93,0.3,1.0,0,3797,457,11536,3019,1.7,1.7,0.03,0.33,0.36,4.9,0.01,0.16,0.17,2.41,22.8,208,84,53.9,51,42,9.0,199,98,8.6,151,71,,,,3,,Sander,Berge,Berge,,,183,0,0,0,5,0,0,0,0,0,0,2,8,,,,0.0,0.0,2.46,0.98,3.93,1,1,6
266,i,0.0,0.0,5.0,238,149,0,0,0,0,0.0,636,277,0,0,0.0,555,228,0,0,0.0,555,228,0.0,0.0,0,57,21,230,33,0.0,0.0,0.0,0.0,0.0,0.0,0.0,0.0,0.0,0.0,0.0,536,218,0.0,537,226,0.0,504,202,0.0,544,223,,,,3,,Tom,Cairney,Cairney,Knee injury - Expected back 10 Oct,,0,0,0,0,0,0,0,0,0,0,0,0,0,,,,0.0,0.0,0.0,0.0,0.0,0,0,0
268,a,,,5.5,183,115,0,0,0,0,1.1,181,56,19,10,6.3,30,12,3,80,6.3,28,11,1.1,3.5,0,110848,53031,36299,18663,6.3,6.3,0.95,0.34,1.29,6.23,0.32,0.11,0.43,2.08,96.8,16,9,46.1,71,53,96.0,14,8,23.9,17,13,,,,3,,Josh,King,King,,,270,2,0,0,7,0,0,0,0,0,0,3,19,,,,0.0,0.0,2.33,1.0,6.33,5,4,10
269,a,,,4.5,451,93,0,0,0,0,0.3,289,104,3,1,1.0,279,106,0,13,1.0,248,91,0.2,0.7,0,2027,181,10414,2557,1.0,1.0,0.13,0.44,0.57,1.8,0.23,0.79,1.02,3.24,17.2,233,97,26.3,139,44,31.0,94,21,7.5,168,67,3.0,,,3,,Ryan,Sessegnon,Sessegnon,,,50,0,0,0,1,0,0,0,0,0,0,0,3,,,,0.0,0.0,1.8,0.0,5.4,1,2,3
271,a,,,5.4,206,47,-1,1,-1,1,0.5,259,44,2,1,1.0,332,35,0,11,0.7,318,36,0.1,0.4,0,9388,2167,22904,4686,0.7,0.7,0.4,0.0,0.4,0.03,2.4,0.0,2.4,0.18,9.2,273,24,21.6,161,17,34.0,88,21,6.5,197,21,,,,3,,Rodrigo,Muniz Carvalho,Muniz,,,15,0,0,0,0,0,0,0,0,0,0,0,1,,,,0.0,0.0,0.0,0.0,6.0,0,1,0
272,a,,,4.5,558,77,0,0,0,0,6.3,63,9,0,0,0.0,522,58,0,0,0.0,522,58,0.0,0.0,0,108083,23809,163503,47281,0.0,0.0,0.0,0.0,0.0,0.0,0.0,0.0,0.0,0.0,0.0,499,51,0.0,498,56,0.0,457,53,0.0,505,55,,,,3,,Jonah,Kusi-Asare,Kusi-Asare,,,0,0,0,0,0,0,0,0,0,0,0,0,0,,,,0.0,0.0,0.0,0.0,0.0,0,0,0
569,a,,,6.0,79,18,0,0,0,0,4.2,84,11,10,2,3.3,117,14,0,45,3.3,106,11,0.6,1.7,0,308196,27367,158838,62446,3.3,3.3,1.44,0.22,1.66,6.23,0.48,0.07,0.55,2.08,48.6,119,7,21.1,164,18,103.0,10,6,17.3,38,6,,,1.0,3,,Gonzalo,García,Gonzalo,,,270,1,0,0,7,0,0,0,0,0,0,3,13,,,,0.0,0.0,2.33,1.0,4.33,2,5,6
570,a,,,5.5,181,114,0,0,0,0,0.2,349,127,11,8,3.7,99,45,1,43,3.7,91,43,0.7,2.0,0,2963,1041,6344,1204,3.7,3.7,0.98,0.03,1.01,4.97,0.43,0.01,0.44,2.16,39.6,149,55,22.3,155,91,62.0,42,27,12.4,84,52,,,,3,,César,Palacios,Palacios,,,207,1,0,0,6,0,0,0,1,0,0,3,13,,,,0.0,0.0,2.61,1.3,5.65,2,3,8
580,a,,,5.0,297,179,0,0,0,0,0.1,465,184,4,2,1.3,255,114,0,25,1.3,227,101,0.3,0.8,0,907,214,2575,523,1.3,1.3,0.09,0.12,0.21,3.77,0.07,0.09,0.16,2.76,16.4,237,96,39.3,93,63,14.0,159,78,7.0,182,85,,,,3,,Shea,Charles,Charles,,,123,0,0,0,4,0,0,0,0,0,0,1,16,,,,0.0,0.0,2.93,0.73,11.71,1,4,11
610,d,75.0,75.0,4.0,636,197,0,0,0,0,0.1,438,156,0,0,0.0,429,157,0,0,0.0,429,157,0.0,0.0,0,5705,433,3198,885,0.0,0.0,0.0,0.0,0.0,0.0,0.0,0.0,0.0,0.0,0.0,404,153,0.0,399,153,0.0,341,135,0.0,410,151,,,,3,,Luc,De Fougerolles,De Fougerolles,Unspecified injury - 75% chance of playing,,0,0,0,0,0,0,0,0,0,0,0,0,0,,,,0.0,0.0,0.0,0.0,0.0,0,0,0
635,a,,,5.0,343,208,0,0,0,0,0.0,630,273,1,1,1.0,323,142,0,3,1.0,263,116,0.2,0.2,0,468,180,76,49,1.5,1.5,0.13,0.22,0.35,0.0,1.06,1.8,2.86,0.0,3.6,321,145,1.3,300,150,9.0,200,99,1.4,311,139,,,,3,,Hugo,Larsson,Larsson,,,11,0,0,0,0,0,0,0,0,0,0,0,1,,,,0.0,0.0,0.0,0.0,8.18,1,0,0
636,a,,,5.0,322,191,0,0,0,0,0.0,640,281,0,0,0.0,588,246,0,0,0.0,588,246,0.0,0.0,0,222,102,57,43,1.5,1.5,0.0,0.0,0.0,0.0,0.0,0.0,0.0,0.0,0.0,573,239,0.0,580,245,0.0,558,228,0.0,580,242,,,,3,,Manuel Ángel,Morán Ibáñez,Ángel,,,0,0,0,0,0,0,0,0,0,0,0,0,0,,,,0.0,0.0,0.0,0.0,0.0,0,0,0
650,a,,,4.5,487,121,0,0,0,0,0.0,632,210,0,0,0.0,473,183,0,0,0.0,473,183,0.0,0.0,0,391,187,90,63,1.8,1.8,0.0,0.0,0.0,0.0,0.0,0.0,0.0,0.0,0.0,449,180,0.0,447,180,0.0,399,170,0.0,455,178,,,,3,,David,Affengruber,Affengruber,,,0,0,0,0,0,0,0,0,0,0,0,0,0,,,,0.0,0.0,0.0,0.0,0.0,0,0,0
240,a,100.0,100.0,5.0,311,185,0,0,0,0,0.0,582,243,1,0,1.0,318,138,0,2,0.3,363,167,0.1,0.2,0,578,248,672,137,0.3,0.3,0.0,0.0,0.0,0.0,0.0,0.0,0.0,0.0,0.0,566,235,0.0,572,241,0.0,550,224,0.0,573,238,,,,3,,Tim,Iroegbunam,Iroegbunam,,,4,0,0,0,0,0,0,0,0,0,0,0,0,,,,0.0,0.0,0.0,0.0,0.0,0,0,0
274,i,0.0,0.0,4.5,433,27,0,0,0,0,0.1,461,51,0,0,0.0,450,48,0,0,0.0,450,48,0.0,0.0,0,385,95,3802,597,0.0,0.0,0.0,0.0,0.0,0.0,0.0,0.0,0.0,0.0,0.0,425,48,0.0,422,31,0.0,370,28,0.0,431,48,,,,3,,Jack,Butland,Butland,Arm injury - Unknown return date,,0,0,0,0,0,0,0,0,0,0,0,0,0,,,,0.0,0.0,0.0,0.0,0.0,0,0,0
275,u,0.0,0.0,4.0,625,69,0,0,0,0,0.0,614,71,0,0,0.0,420,43,0,0,0.0,420,43,0.0,0.0,0,0,0,239,45,0.0,0.0,0.0,0.0,0.0,0.0,0.0,0.0,0.0,0.0,0.0,395,43,0.0,390,24,0.0,332,21,0.0,401,43,,,,3,,Harvey,Cartwright,Cartwright,Has joined Grimsby Town on loan for the rest of the season,,0,0,0,0,0,0,0,0,0,0,0,0,0,,,,0.0,0.0,0.0,0.0,0.0,0,0,0
276,u,0.0,0.0,4.0,614,66,0,0,0,0,0.0,554,63,0,0,0.0,413,40,0,0,0.0,413,40,0.0,0.0,0,0,0,791,136,0.0,0.0,0.0,0.0,0.0,0.0,0.0,0.0,0.0,0.0,0.0,388,40,0.0,383,21,0.0,325,18,0.0,394,40,,,,3,,Thimothée,Lo-Tutala,Lo-Tutala,Has joined Colchester United on loan for the rest of the season,,0,0,0,0,0,0,0,0,0,0,0,0,0,,,,0.0,0.0,0.0,0.0,0.0,0,0,0
277,a,,,4.1,576,159,1,-1,1,-1,6.2,64,26,23,6,7.7,11,3,1,70,7.7,10,3,1.9,5.6,0,544815,166172,107075,38202,7.7,7.7,0.0,0.0,0.0,5.05,0.0,0.0,0.0,1.68,82.6,36,13,0.6,319,121,2.0,264,97,8.6,149,58,,,,3,,John,Egan,Egan,,,270,0,0,3,0,0,0,0,0,0,0,3,41,,,,0.0,1.0,0.0,1.0,13.67,5,36,5
278,i,0.0,0.0,4.0,629,191,0,0,0,0,0.1,458,163,0,0,0.0,423,152,0,0,0.0,423,152,0.0,0.0,0,322,85,4887,747,0.0,0.0,0.0,0.0,0.0,0.0,0.0,0.0,0.0,0.0,0.0,398,148,0.0,393,148,0.0,335,130,0.0,404,146,,,,3,,Charlie,Hughes,Hughes,Groin injury - Unknown return date,,0,0,0,0,0,0,0,0,0,0,0,0,0,,,,0.0,0.0,0.0,0.0,0.0,0,0,0
279,a,100.0,100.0,4.1,577,160,0,0,1,-1,11.4,37,13,25,5,8.3,5,1,2,80,8.3,4,1,2.0,6.1,0,923119,211793,130089,45247,8.3,8.3,0.52,0.0,0.52,4.08,0.19,0.0,0.19,1.51,70.8,55,24,1.7,286,102,35.0,85,18,10.7,112,39,,,,3,,Semi,Ajayi,Ajayi,,,243,1,0,3,0,0,0,0,1,0,0,3,20,,,,0.0,1.11,0.0,1.11,7.41,3,17,9
280,a,100.0,75.0,4.0,600,170,0,0,0,0,0.6,243,90,12,6,4.0,78,31,0,44,4.0,73,29,1.0,3.0,0,8440,4285,17556,2289,4.0,3.0,0.0,0.02,0.02,4.06,0.0,0.01,0.01,2.06,11.8,256,106,16.2,184,58,0.0,315,118,2.8,269,102,,,,3,,Lewie,Coyle,Coyle,,,177,0,0,2,0,0,0,0,1,0,0,3,6,,,,0.0,1.02,0.0,1.53,3.05,1,5,4
281,u,0.0,0.0,4.0,611,178,0,0,0,0,0.1,493,174,2,0,1.0,267,96,0,8,0.7,285,100,0.2,0.5,0,2118,0,3264,1178,0.0,0.0,0.05,0.0,0.05,0.87,0.07,0.0,0.07,1.2,6.4,291,116,0.4,333,125,1.0,291,109,0.8,329,121,,,,3,,Cody,Drameh,Drameh,Has joined Genoa permanently,,65,0,0,0,0,0,0,0,0,0,0,0,6,,,,0.0,0.0,0.0,0.0,8.31,1,5,4
283,u,0.0,0.0,4.0,615,180,0,0,0,0,0.0,605,204,0,0,0.0,414,146,0,0,0.0,414,146,0.0,0.0,0,114,0,526,88,0.0,0.0,0.0,0.0,0.0,0.0,0.0,0.0,0.0,0.0,0.0,389,142,0.0,384,142,0.0,326,124,0.0,395,140,,,,3,,Matty,Jacob,Jacob,Has joined Newport County on loan until January,,0,0,0,0,0,0,0,0,0,0,0,0,0,,,,0.0,0.0,0.0,0.0,0.0,0,0,0
285,d,75.0,,4.0,592,164,0,0,0,0,0.1,400,149,1,0,1.0,263,92,0,3,0.3,335,118,0.1,0.2,0,1964,310,2976,787,0.2,0.3,0.0,0.0,0.0,0.96,0.0,0.0,0.0,3.32,4.2,312,120,0.0,369,134,0.0,309,114,0.4,341,125,,,,3,,Paddy,McNair,McNair,Foot injury - 75% chance of playing,,26,0,0,0,0,0,0,0,0,0,0,0,2,,,,0.0,0.0,0.0,0.0,6.92,0,2,1
47,a,100.0,100.0,5.0,278,171,0,0,0,0,0.3,290,99,7,3,2.3,176,75,0,42,2.3,158,69,0.5,1.4,0,9980,2430,13550,3030,2.3,2.3,0.0,0.1,0.1,5.38,0.0,0.03,0.03,1.79,35.4,166,63,43.2,79,56,0.0,528,214,7.9,160,74,,,,3,,Boubacar,Kamara,Kamara,,,270,0,0,1,5,0,0,0,0,0,0,3,25,,,,0.0,0.33,1.67,1.0,8.33,4,9,12
286,a,,,5.0,339,204,0,0,0,0,1.0,197,62,14,5,4.7,61,28,0,46,4.7,56,27,0.9,2.8,0,57106,16654,21166,6696,4.7,4.7,0.2,0.06,0.26,4.87,0.07,0.02,0.09,1.73,56.6,92,33,26.7,138,82,28.0,101,55,11.1,107,56,3.0,2.0,,3,,Mohamed,Belloumi,Belloumi,,,253,0,1,3,0,0,0,0,0,0,0,3,32,,,,0.0,1.07,0.0,1.07,11.38,9,14,9
287,u,0.0,0.0,5.0,282,173,0,0,0,0,0.0,502,202,6,0,3.0,130,52,0,26,2.0,181,80,0.4,1.2,0,3178,0,5587,1867,0.0,0.0,0.58,0.0,0.58,0.87,1.04,0.0,1.04,1.57,36.0,163,60,1.1,305,153,15.0,151,75,5.2,222,100,,,,3,,Liam,Millar,Millar,Has joined Birmingham on loan for the rest of the season,,50,1,0,0,0,0,0,0,1,0,0,0,4,,,,0.0,0.0,0.0,0.0,7.2,1,2,1
288,a,,,4.5,447,260,0,0,0,0,0.3,287,97,0,0,0.0,457,183,0,0,0.0,457,183,0.0,0.0,0,9637,2154,13255,3065,0.0,0.0,0.0,0.0,0.0,0.0,0.0,0.0,0.0,0.0,0.0,432,170,0.0,429,178,0.0,378,147,0.0,438,174,,,,3,,Kieran,Dowell,Dowell,,,0,0,0,0,0,0,0,0,0,0,0,0,0,,,,0.0,0.0,0.0,0.0,0.0,0,0,0
289,a,100.0,75.0,4.5,432,257,0,0,0,0,0.5,250,82,2,0,2.0,188,82,0,9,0.7,290,132,0.2,0.4,0,13846,820,26890,5950,0.7,0.5,0.0,0.0,0.0,1.83,0.0,0.0,0.0,1.83,19.0,224,90,2.4,270,140,0.0,369,144,2.1,285,127,,,,3,,Matt,Crooks,Crooks,,,90,0,0,1,0,0,0,0,1,0,0,1,9,,,,0.0,1.0,0.0,1.0,9.0,4,4,1
290,a,,,4.5,475,263,0,0,0,0,5.2,69,21,11,3,3.7,91,39,0,36,3.7,83,37,0.8,2.4,0,343466,93527,139263,50647,3.7,3.7,0.04,0.46,0.5,5.05,0.01,0.15,0.16,1.68,38.8,152,56,34.4,113,71,10.0,191,93,8.4,154,73,2.0,,,3,,Regan,Slater,Slater,,,270,0,1,3,0,0,0,0,1,0,0,3,19,,,,0.0,1.0,0.0,1.0,6.33,6,5,8
291,i,0.0,0.0,4.5,493,265,0,0,0,0,0.0,623,267,0,0,0.0,475,186,0,0,0.0,475,186,0.0,0.0,0,242,75,314,82,0.0,0.0,0.0,0.0,0.0,0.0,0.0,0.0,0.0,0.0,0.0,451,173,0.0,450,181,0.0,402,150,0.0,457,177,,,,3,,Eliot,Matazo,Matazo,Knee injury - Unknown return date,,0,0,0,0,0,0,0,0,0,0,0,0,0,,,,0.0,0.0,0.0,0.0,0.0,0,0,0
292,a,,,4.9,373,223,0,0,-1,1,0.0,580,241,0,0,0.0,536,213,0,0,0.0,536,213,0.0,0.0,0,740,208,1056,215,0.0,0.0,0.0,0.0,0.0,0.0,0.0,0.0,0.0,0.0,0.0,515,201,0.0,513,208,0.0,474,178,0.0,521,205,,,,3,,Abdülkadir,Ömür,Ömür,,,0,0,0,0,0,0,0,0,0,0,0,0,0,,,,0.0,0.0,0.0,0.0,0.0,0,0,0
293,u,0.0,0.0,5.0,312,186,0,0,0,0,0.0,645,284,0,0,0.0,582,243,0,0,0.0,582,243,0.0,0.0,0,0,0,328,35,0.0,0.0,0.0,0.0,0.0,0.0,0.0,0.0,0.0,0.0,0.0,567,236,0.0,573,242,0.0,551,225,0.0,574,239,,,,3,,Abu,Kamara,Kamara,Has joined Portsmouth permanently,,0,0,0,0,0,0,0,0,0,0,0,0,0,,,,0.0,0.0,0.0,0.0,0.0,0,0,0
294,a,100.0,0.0,4.5,527,273,0,0,0,0,0.1,442,172,0,0,0.0,498,194,0,0,0.0,498,194,0.0,0.0,0,1580,444,4793,736,0.0,0.0,0.0,0.0,0.0,0.0,0.0,0.0,0.0,0.0,0.0,474,181,0.0,474,189,0.0,431,158,0.0,480,185,,,,3,,Óscar,Zambrano,Zambrano,,,0,0,0,0,0,0,0,0,0,0,0,0,0,,,,0.0,0.0,0.0,0.0,0.0,0,0,0
295,a,,,5.5,128,33,0,0,0,0,2.0,125,18,8,2,2.7,149,16,0,30,2.7,132,12,0.5,1.5,0,137609,14336,90854,24913,2.7,2.7,0.54,0.07,0.61,5.05,0.18,0.02,0.2,1.68,20.6,220,16,45.7,73,4,75.0,21,8,14.1,65,8,,,1.0,3,,Oli,McBurnie,McBurnie,,,270,0,1,3,0,0,0,0,1,0,0,3,12,,,,0.0,1.0,0.0,1.0,4.0,2,4,6
296,a,,,5.0,268,168,0,0,0,0,0.0,508,207,0,0,0.0,564,234,0,0,0.0,564,234,0.0,0.0,0,2634,452,2903,628,0.0,0.0,0.0,0.0,0.0,0.0,0.0,0.0,0.0,0.0,0.0,548,226,0.0,550,232,0.0,523,212,0.0,554,229,,,,3,,David,Akintola,Akintola,,,0,0,0,0,0,0,0,0,0,0,0,0,0,,,,0.0,0.0,0.0,0.0,0.0,0,0,0
297,i,0.0,0.0,4.5,494,266,0,0,0,0,0.0,571,236,0,0,0.0,476,187,0,0,0.0,476,187,0.0,0.0,0,278,73,1164,195,0.0,0.0,0.0,0.0,0.0,0.0,0.0,0.0,0.0,0.0,0.0,452,174,0.0,451,182,0.0,403,151,0.0,458,178,,,,3,,Darko,Gyabi,Gyabi,Thigh injury - Unknown return date,,0,0,0,0,0,0,0,0,0,0,0,0,0,,,,0.0,0.0,0.0,0.0,0.0,0,0,0
298,u,0.0,0.0,4.5,512,68,0,0,0,0,0.2,326,53,0,0,0.0,485,50,0,0,0.0,485,50,0.0,0.0,0,0,0,17051,2611,0.0,0.0,0.0,0.0,0.0,0.0,0.0,0.0,0.0,0.0,0.0,461,42,0.0,461,48,0.0,418,44,0.0,467,46,,,,3,,Enis,Destan,Destan,Has joined Konyaspor permanently,,0,0,0,0,0,0,0,0,0,0,0,0,0,,,,0.0,0.0,0.0,0.0,0.0,0,0,0
340,a,100.0,100.0,5.0,296,178,0,0,0,0,0.0,599,253,0,0,0.0,576,239,0,0,0.0,576,239,0.0,0.0,0,270,126,621,110,0.0,0.0,0.0,0.0,0.0,0.0,0.0,0.0,0.0,0.0,0.0,560,231,0.0,564,237,0.0,541,219,0.0,567,234,,,,3,,Joe,Gelhardt,Gelhardt,,,0,0,0,0,0,0,0,0,0,0,0,0,0,,,,0.0,0.0,0.0,0.0,0.0,0,0,0
556,a,,,4.0,595,166,0,0,0,0,2.0,126,51,1,0,1.0,265,94,0,3,0.3,337,120,0.1,0.2,0,18699,2887,50719,12165,0.3,0.3,0.0,0.0,0.0,0.07,0.0,0.0,0.0,1.26,0.4,355,130,0.0,371,135,0.0,311,115,0.0,382,133,,,,3,,Matt,Targett,Targett,,,5,0,0,0,0,0,0,0,0,0,0,0,0,,,,0.0,0.0,0.0,0.0,0.0,0,0,1
563,i,0.0,100.0,5.0,291,175,0,0,0,0,0.0,560,231,1,0,1.0,316,137,0,6,0.3,362,166,0.1,0.2,0,653,114,908,263,0.0,0.3,0.0,0.0,0.0,1.09,0.0,0.0,0.0,2.18,11.0,265,110,13.4,200,110,0.0,537,217,2.4,281,123,,,,3,,Hidemasa,Morita,Morita,Calf injury - Expected back 11 Oct,,45,0,0,0,0,0,0,0,0,0,0,1,3,,,,0.0,0.0,0.0,2.0,6.0,0,2,1
572,a,,,4.6,422,22,0,0,1,-1,9.4,44,6,26,6,8.7,4,1,6,98,8.7,3,1,1.9,5.7,0,629368,159616,111172,37884,8.7,8.7,0.0,0.0,0.0,5.05,0.0,0.0,0.0,1.68,72.4,49,9,0.0,505,51,0.0,464,50,7.3,175,8,,,,3,,Konstantinos,Tzolakis,Tzolakis,,,270,0,0,3,0,0,0,0,0,0,9,3,0,,,,3.0,1.0,0.0,1.0,0.0,0,0,43
574,a,,,4.9,409,246,-1,1,-1,1,0.1,480,191,1,1,1.0,303,127,0,4,0.3,355,161,0.1,0.2,0,947,319,2965,536,0.3,0.3,0.0,0.0,0.0,0.0,0.0,0.0,0.0,0.0,0.0,532,214,0.0,533,222,0.0,495,193,0.0,540,219,,,,3,,Jens,Hjertø-Dahl,Hjertø-Dahl,,,8,0,0,0,0,0,0,0,0,0,0,0,1,,,,0.0,0.0,0.0,0.0,11.25,0,0,1
576,a,,,5.0,350,212,0,0,0,0,0.1,445,175,6,3,2.0,210,92,0,14,2.0,187,85,0.4,1.2,0,2593,393,2911,628,2.0,2.0,0.05,0.05,0.1,4.06,0.02,0.02,0.04,1.92,8.4,277,117,20.9,165,94,11.0,185,90,3.6,251,109,,,,3,,Elliot,Stroud,Stroud,,,190,0,0,2,0,0,0,0,1,0,0,3,15,,,,0.0,0.95,0.0,1.42,7.11,3,3,9
585,a,,,4.0,647,207,0,0,0,0,0.6,240,88,3,1,1.0,271,100,0,9,1.0,246,89,0.2,0.8,0,7380,1175,11528,2827,1.0,1.0,0.0,0.0,0.0,1.28,0.0,0.0,0.0,1.52,17.6,231,96,0.3,336,128,0.0,352,145,1.8,298,110,,,,3,,Lucas,Herrington,Herrington,,,76,0,0,0,0,0,0,0,0,0,0,0,7,,,,0.0,0.0,0.0,0.0,8.29,1,6,1
586,a,100.0,100.0,4.0,649,209,0,0,0,0,7.5,58,23,24,8,8.0,7,2,1,66,8.0,6,2,2.0,6.0,0,553420,207042,126042,37819,8.0,8.0,0.32,0.0,0.32,3.76,0.15,0.0,0.15,1.77,95.6,19,4,1.2,302,112,54.0,52,7,15.1,57,12,,,,3,,Nobel,Mendy,Mendy,,,191,1,0,2,0,0,0,0,0,0,0,3,32,,,,0.0,0.94,0.0,1.41,15.08,5,27,6
589,a,,,5.0,302,181,0,0,0,0,0.0,553,227,3,2,1.5,242,107,0,13,1.0,259,113,0.2,0.6,0,465,117,836,176,1.0,1.0,0.0,0.02,0.02,2.13,0.0,0.01,0.01,1.52,26.2,200,79,22.5,152,90,0.0,544,221,4.9,229,102,,,,3,,Lucas,Gourna-Douath,Gourna-Douath,,,126,0,0,1,0,0,0,0,1,0,0,1,16,,,,0.0,0.71,0.0,0.71,11.43,4,5,7
617,a,,,5.0,314,188,0,0,0,0,0.0,602,256,2,1,1.0,319,139,0,8,1.0,261,114,0.2,0.4,0,944,248,320,129,1.0,1.0,0.05,0.0,0.05,0.18,0.3,0.0,0.3,1.08,3.4,323,146,0.3,340,168,17.0,136,69,2.1,289,128,,,,3,,Mohamed-Ali,Cho,Cho,,,15,0,0,0,0,0,0,0,0,0,0,0,0,,,,0.0,0.0,0.0,0.0,0.0,0,0,0
632,i,0.0,,5.0,356,62,0,0,0,0,0.0,501,69,0,0,0.0,601,67,0,0,0.0,601,67,0.0,0.0,0,4832,2610,1031,821,0.0,1.4,0.0,0.0,0.0,0.0,0.0,0.0,0.0,0.0,0.0,586,60,0.0,593,65,0.0,575,62,0.0,593,64,,,,3,,Ilyas,Ansah,Ansah,Back injury - Unknown return date,,0,0,0,0,0,0,0,0,0,0,0,0,0,,,,0.0,0.0,0.0,0.0,0.0,0,0,0
637,a,,,5.0,358,64,0,0,0,0,0.0,514,70,0,0,0.0,603,69,0,0,0.0,603,69,0.0,0.0,0,3701,2094,702,500,1.4,1.4,0.0,0.0,0.0,0.0,0.0,0.0,0.0,0.0,0.0,588,62,0.0,595,67,0.0,577,64,0.0,595,66,,,,3,,Robinio,Vaz,Vaz,,,0,0,0,0,0,0,0,0,0,0,0,0,0,,,,0.0,0.0,0.0,0.0,0.0,0,0,0
638,a,,,4.0,626,188,0,0,0,0,0.3,315,116,1,1,1.0,268,97,0,3,1.0,244,87,0.2,0.2,0,17032,10578,3072,2299,1.0,1.0,0.0,0.0,0.0,0.12,0.0,0.0,0.0,0.42,2.2,338,126,0.3,335,127,2.0,263,96,0.5,338,124,,,,3,,Brooke,Norton-Cuffy,Norton-Cuffy,,,26,0,0,0,0,0,0,0,0,0,0,0,1,,,,0.0,0.0,0.0,0.0,3.46,0,1,2
642,a,,,5.5,144,87,0,0,0,0,0.0,594,249,1,1,1.0,345,157,0,5,1.0,270,122,0.2,0.2,0,1064,618,232,174,2.0,2.0,0.0,0.04,0.04,0.12,0.0,0.13,0.13,0.4,3.2,328,148,10.8,220,117,0.0,613,262,1.4,312,140,,,,3,,Sorba,Thomas,Thomas,,,27,0,0,0,0,0,0,0,0,0,0,0,1,,,,0.0,0.0,0.0,0.0,3.33,0,0,1
645,a,,,5.0,359,216,0,0,0,0,0.0,631,274,0,0,0.0,604,255,0,0,0.0,604,255,0.0,0.0,0,411,201,84,60,1.5,1.5,0.0,0.0,0.0,0.0,0.0,0.0,0.0,0.0,0.0,589,248,0.0,596,254,0.0,578,241,0.0,596,251,,,,3,,Christos,Mouzakitis,Mouzakitis,,,0,0,0,0,0,0,0,0,0,0,0,0,0,,,,0.0,0.0,0.0,0.0,0.0,0,0,0
259,a,,,4.0,605,174,0,0,0,0,14.7,25,7,7,3,2.3,166,64,0,24,2.3,146,56,0.6,1.8,0,90981,20954,279160,83086,2.3,2.3,0.0,0.02,0.02,6.12,0.0,0.01,0.01,2.04,75.2,41,15,11.9,213,74,2.0,262,95,8.9,145,57,,,,3,,Issa,Diop,Diop,,,270,0,0,0,8,0,0,0,0,0,0,3,28,,,,0.0,0.0,2.67,1.0,9.33,3,25,12
267,a,,,5.0,267,167,0,0,0,0,0.1,412,157,8,2,2.7,147,60,0,46,2.7,130,54,0.5,1.6,0,2437,450,3979,828,2.7,2.7,0.02,0.06,0.08,5.26,0.01,0.02,0.03,1.88,51.2,113,41,40.9,88,60,4.0,243,116,9.6,131,65,2.0,,,3,,Saša,Lukić,Lukić,,,252,0,1,0,7,0,0,0,1,0,0,3,21,,,,0.0,0.0,2.5,1.07,7.5,5,10,6
300,a,,,4.5,435,28,0,0,0,0,0.4,268,35,0,0,0.0,451,49,0,0,0.0,451,49,0.0,0.0,0,724,165,10724,1688,0.0,0.0,0.0,0.0,0.0,0.0,0.0,0.0,0.0,0.0,0.0,426,49,0.0,423,32,0.0,372,29,0.0,432,49,,,,3,,Christian,Walton,Walton,,,0,0,0,0,0,0,0,0,0,0,0,0,0,,,,0.0,0.0,0.0,0.0,0.0,0,0,0
302,a,,,4.0,581,52,0,0,0,0,0.5,246,33,0,0,0.0,390,26,0,0,0.0,390,26,0.0,0.0,0,17311,7755,8526,2826,0.0,0.0,0.0,0.0,0.0,0.0,0.0,0.0,0.0,0.0,0.0,365,26,0.0,358,7,0.0,298,4,0.0,370,26,,,,3,,David,Button,Button,,,0,0,0,0,0,0,0,0,0,0,0,0,0,,,,0.0,0.0,0.0,0.0,0.0,0,0,0
303,a,,,4.0,599,169,0,0,0,0,0.5,249,93,0,0,0.0,403,140,0,0,0.0,403,140,0.0,0.0,0,1316,352,12851,2480,0.0,0.0,0.0,0.0,0.0,0.0,0.0,0.0,0.0,0.0,0.0,378,136,0.0,373,136,0.0,314,117,0.0,384,134,,,,3,,Cédric,Kipré,Kipré,,,0,0,0,0,0,0,0,0,0,0,0,0,0,,,,0.0,0.0,0.0,0.0,0.0,0,0,0
304,a,,,4.0,604,173,0,0,0,0,3.1,103,39,7,3,2.3,165,63,0,7,2.3,145,55,0.6,1.8,0,46946,9135,74173,22996,2.3,2.3,0.07,0.18,0.25,6.12,0.02,0.06,0.08,2.04,71.8,53,22,29.7,129,38,15.0,146,46,11.6,96,28,,,,3,,Dara,O'Shea,O'Shea,,,270,0,0,0,8,0,0,0,0,0,0,3,30,,,,0.0,0.0,2.67,1.0,10.0,5,25,11
305,a,,,4.0,618,183,0,0,0,0,5.1,70,29,9,1,3.0,119,46,0,15,3.0,108,40,0.8,2.2,0,95601,25406,98054,36808,3.0,3.0,0.65,0.25,0.9,6.12,0.22,0.08,0.3,2.04,79.6,39,14,38.5,97,25,69.0,28,3,18.8,32,3,6.0,2.0,,3,,Leif,Davis,Davis,,,270,1,0,0,8,0,0,0,0,0,0,3,17,,,,0.0,0.0,2.67,1.0,5.67,2,15,8
306,a,,,4.0,616,181,0,0,0,0,1.2,165,67,2,1,0.7,372,129,0,5,0.7,286,101,0.2,0.5,0,5438,1124,22412,5028,0.7,0.7,0.0,0.05,0.05,6.12,0.0,0.02,0.02,2.04,49.8,115,55,14.9,189,60,4.0,237,85,6.9,185,71,,,,3,,Jacob,Greaves,Greaves,,,270,0,0,0,8,1,0,0,1,0,0,3,24,,,,0.0,0.0,2.67,1.0,8.0,5,19,8
307,u,0.0,0.0,4.0,607,176,0,0,0,0,0.1,452,161,0,0,0.0,408,144,0,0,0.0,408,144,0.0,0.0,0,1137,0,4046,1656,0.0,0.0,0.0,0.0,0.0,0.0,0.0,0.0,0.0,0.0,0.0,383,140,0.0,378,140,0.0,320,122,0.0,389,138,,,,3,,Ben,Johnson,Johnson,Has joined Stoke City on loan for the rest of the season,,0,0,0,0,0,0,0,0,0,0,0,0,0,,,,0.0,0.0,0.0,0.0,0.0,0,0,0
309,a,,,5.0,323,192,0,0,0,0,0.1,396,148,6,0,3.0,132,53,0,32,2.0,184,83,0.4,1.2,0,2554,251,4594,1216,2.0,2.0,0.03,0.05,0.08,3.48,0.02,0.03,0.05,2.24,24.6,203,81,19.4,173,99,6.0,227,112,5.0,226,101,1.0,1.0,,3,,Marcelino,Núñez,Núñez,,,140,0,0,0,4,0,0,0,0,0,0,2,21,,,,0.0,0.0,2.57,1.29,13.5,3,8,10
310,i,0.0,0.0,4.9,383,229,-1,1,-1,1,0.0,639,280,0,0,0.0,540,217,0,0,0.0,540,217,0.0,0.0,0,39,19,209,30,0.0,0.0,0.0,0.0,0.0,0.0,0.0,0.0,0.0,0.0,0.0,519,205,0.0,518,212,0.0,479,182,0.0,525,209,,,,3,,Azor,Matusiwa,Matusiwa,Muscular injury - Unknown return date,,0,0,0,0,0,0,0,0,0,0,0,0,0,,,,0.0,0.0,0.0,0.0,0.0,0,0,0
311,u,0.0,0.0,5.0,247,152,0,0,0,0,0.0,642,282,0,0,0.0,557,229,0,0,0.0,557,229,0.0,0.0,0,0,0,309,30,0.0,0.0,0.0,0.0,0.0,0.0,0.0,0.0,0.0,0.0,0.0,540,220,0.0,541,227,0.0,511,204,0.0,547,224,,,,3,,Wes,Burns,Burns,Has joined Leicester City permanently,,0,0,0,0,0,0,0,0,0,0,0,0,0,,,,0.0,0.0,0.0,0.0,0.0,0,0,0
312,i,0.0,0.0,4.5,470,262,0,0,0,0,0.0,536,219,0,0,0.0,465,185,0,0,0.0,465,185,0.0,0.0,0,413,112,1892,314,0.0,0.0,0.0,0.0,0.0,0.0,0.0,0.0,0.0,0.0,0.0,441,172,0.0,438,180,0.0,388,149,0.0,447,176,,,,3,,Jack,Taylor,Taylor,Knee injury - Unknown return date,,0,0,0,0,0,0,0,0,0,0,0,0,0,,,,0.0,0.0,0.0,0.0,0.0,0,0,0
313,a,,,5.5,154,93,0,0,0,0,0.2,327,118,8,1,4.0,85,38,1,30,2.7,136,57,0.5,1.5,0,4670,301,10381,2212,2.7,2.7,0.15,0.02,0.17,0.09,0.31,0.04,0.35,0.19,37.0,159,59,12.3,211,114,22.0,118,61,7.1,181,84,3.0,3.0,1.0,3,,Jack,Clarke,Clarke,,,43,1,0,0,0,0,0,0,0,0,0,0,4,,,,0.0,0.0,0.0,0.0,8.37,1,1,2
314,u,0.0,0.0,4.9,380,226,0,0,-1,1,0.0,607,258,0,0,0.0,538,215,0,0,0.0,538,215,0.0,0.0,0,104,0,883,222,0.0,0.0,0.0,0.0,0.0,0.0,0.0,0.0,0.0,0.0,0.0,517,203,0.0,516,210,0.0,477,180,0.0,523,207,,,,3,,Chiedozie,Ogbene,Ogbene,Has joined Lincoln City on loan until January,,0,0,0,0,0,0,0,0,0,0,0,0,0,,,,0.0,0.0,0.0,0.0,0.0,0,0,0
315,a,,,5.5,173,107,0,0,0,0,0.2,340,123,8,2,2.7,154,65,0,61,2.7,139,60,0.5,1.5,0,3909,1213,7221,1478,2.7,2.7,0.03,0.78,0.81,5.91,0.01,0.31,0.32,2.36,55.4,100,36,103.6,11,11,14.0,162,79,17.3,37,28,5.0,,,3,,Abdul,Fatawu,Fatawu,,,225,0,1,0,8,0,0,0,1,0,0,3,17,,,,0.0,0.0,3.2,1.2,6.8,7,4,6
316,a,100.0,100.0,5.5,176,41,0,0,0,0,1.7,140,20,12,2,4.0,86,8,3,56,4.0,80,7,0.7,2.2,0,114775,17228,84253,16199,4.0,4.0,1.04,0.06,1.1,2.02,0.53,0.03,0.56,1.04,49.8,116,6,37.4,102,9,50.0,60,15,13.7,73,10,,,2.0,3,,Emersonn,Correia da Silva,Emersonn,,,175,1,0,0,4,0,0,0,0,0,0,3,7,,,,0.0,0.0,2.06,1.54,3.6,2,3,2
317,u,0.0,0.0,5.0,276,53,0,0,0,0,0.1,419,60,0,0,0.0,567,60,0,0,0.0,567,60,0.0,0.0,0,0,0,14356,1296,0.0,0.0,0.0,0.0,0.0,0.0,0.0,0.0,0.0,0.0,0.0,551,53,0.0,553,58,0.0,526,55,0.0,557,57,,,,3,,George,Hirst,Hirst,Has joined Stoke City permanently,,0,0,0,0,0,0,0,0,0,0,0,0,0,,,,0.0,0.0,0.0,0.0,0.0,0,0,0
318,i,0.0,0.0,5.4,217,136,0,0,-1,1,0.1,459,182,0,0,0.0,616,263,0,0,0.0,616,263,0.0,0.0,0,159,12,8324,946,0.0,0.0,0.0,0.0,0.0,0.0,0.0,0.0,0.0,0.0,0.0,603,257,0.0,609,262,0.0,594,252,0.0,609,259,4.0,,3.0,3,,Jaden,Philogene,Philogene,Ankle injury - Unknown return date,,0,0,0,0,0,0,0,0,0,0,0,0,0,,,,0.0,0.0,0.0,0.0,0.0,0,0,0
34,a,,,4.5,479,114,0,0,0,0,0.4,271,99,2,0,1.0,284,111,0,-8,0.7,293,107,0.2,0.4,0,8482,1396,12917,3521,0.7,0.7,0.0,0.01,0.01,4.59,0.0,0.01,0.01,2.53,11.0,264,110,1.5,292,105,0.0,393,165,1.2,315,117,,,,3,,Pau,Torres,Pau,,,163,0,0,0,5,0,0,0,0,0,0,2,9,,,,0.0,0.0,2.76,1.1,4.97,1,8,9
319,u,0.0,0.0,5.0,254,158,0,0,0,0,0.0,635,276,0,0,0.0,561,232,0,0,0.0,561,232,0.0,0.0,0,0,0,658,58,0.0,0.0,0.0,0.0,0.0,0.0,0.0,0.0,0.0,0.0,0.0,544,223,0.0,545,230,0.0,517,209,0.0,551,227,,,,3,,Sam,Szmodics,Szmodics,Has joined Derby County on loan for the rest of the season,,0,0,0,0,0,0,0,0,0,0,0,0,0,,,,0.0,0.0,0.0,0.0,0.0,0,0,0
320,a,,,5.0,246,51,0,0,0,0,1.2,173,25,6,0,3.0,128,15,0,33,2.0,178,16,0.4,1.2,0,91508,24229,35668,12198,2.0,2.0,0.97,0.0,0.97,4.04,1.27,0.0,1.27,5.27,34.6,168,11,1.7,289,36,19.0,125,25,5.5,217,23,,,,3,,Chuba,Akpom,Akpom,,,69,1,0,0,4,0,0,0,0,0,0,0,3,,,,0.0,0.0,5.22,0.0,3.91,1,0,2
321,a,,,4.5,530,71,0,0,0,0,3.4,94,13,1,0,1.0,290,33,0,3,0.3,345,42,0.1,0.2,0,221456,53046,113080,35485,0.3,0.3,0.0,0.0,0.0,0.03,0.0,0.0,0.0,0.27,0.0,477,45,0.1,349,44,0.0,434,47,0.0,483,49,,,,3,,Sindre,Walle Egeli,Walle Egeli,,,10,0,0,0,0,0,0,0,0,0,0,0,0,,,,0.0,0.0,0.0,0.0,0.0,0,0,0
322,u,0.0,0.0,5.0,295,56,0,0,0,0,0.1,471,66,0,0,0.0,575,62,0,0,0.0,575,62,0.0,0.0,0,755,0,8004,1125,0.0,0.0,0.0,0.0,0.0,0.0,0.0,0.0,0.0,0.0,0.0,559,55,0.0,563,60,0.0,540,57,0.0,566,59,,,,3,,Ali,Al-Hamadi,Al-Hamadi,Has joined Sheffield Wednesday on loan for the rest of the season,,0,0,0,0,0,0,0,0,0,0,0,0,0,,,,0.0,0.0,0.0,0.0,0.0,0,0,0
323,a,,,4.5,491,264,0,0,0,0,1.2,166,52,3,1,1.0,285,120,0,12,1.0,252,110,0.2,0.7,0,22136,4895,36019,8488,1.0,1.0,0.05,0.0,0.05,0.21,0.11,0.0,0.11,0.45,4.6,308,137,1.8,284,145,7.0,209,104,1.4,309,138,,,,3,,Kasey,McAteer,McAteer,,,42,0,0,0,0,0,0,0,0,0,0,0,5,,,,0.0,0.0,0.0,0.0,10.71,1,0,4
324,a,,,4.9,381,227,0,0,-1,1,0.0,519,211,0,0,0.0,539,216,0,0,0.0,539,216,0.0,0.0,0,228,72,1781,338,0.0,0.0,0.0,0.0,0.0,0.0,0.0,0.0,0.0,0.0,0.0,518,204,0.0,517,211,0.0,478,181,0.0,524,208,,,,3,,Anis,Mehmeti,Mehmeti,,,0,0,0,0,0,0,0,0,0,0,0,0,0,,,,0.0,0.0,0.0,0.0,0.0,0,0,0
554,u,0.0,0.0,4.5,521,46,0,0,0,0,0.0,563,65,0,0,0.0,493,62,0,0,0.0,493,62,0.0,0.0,0,54,0,1538,203,0.0,0.0,0.0,0.0,0.0,0.0,0.0,0.0,0.0,0.0,0.0,469,62,0.0,469,48,0.0,426,47,0.0,475,62,,,,3,,Kayne,van Oevelen,Van Oevelen,Has joined Valencia on loan for the rest of the season,,0,0,0,0,0,0,0,0,0,0,0,0,0,,,,0.0,0.0,0.0,0.0,0.0,0,0,0
562,a,,,5.4,211,133,-1,1,-1,1,0.3,301,104,6,2,2.0,211,93,0,26,2.0,188,86,0.4,1.1,0,2224,581,12512,2631,2.0,2.0,0.71,0.01,0.72,5.16,0.3,0.0,0.3,2.15,28.8,191,73,2.9,261,137,43.0,69,41,7.4,174,80,,,,3,,Daizen,Maeda,Maeda,,,216,0,0,0,7,0,0,0,0,0,0,3,19,,,,0.0,0.0,2.92,1.25,7.92,7,8,4
564,a,,,4.5,473,37,0,0,0,0,0.6,239,32,6,2,2.0,194,16,0,34,2.0,174,15,0.4,1.3,0,8856,3128,13669,2936,2.0,2.0,0.0,0.01,0.01,6.12,0.0,0.0,0.0,2.04,88.6,29,5,0.0,440,41,0.0,390,38,8.8,147,5,,,,3,,Kjell,Scherpen,Scherpen,,,270,0,0,0,8,0,0,0,0,0,13,3,0,,,,4.33,0.0,2.67,1.0,0.0,0,5,30
571,a,100.0,100.0,4.9,378,225,0,0,-1,1,0.1,434,170,0,0,0.0,537,214,0,0,0.0,537,214,0.0,0.0,0,682,245,5202,644,0.0,0.0,0.0,0.0,0.0,0.0,0.0,0.0,0.0,0.0,0.0,516,202,0.0,515,209,0.0,476,179,0.0,522,206,,,,3,,Florentino Ibrain,Morris Luís,Florentino,,,0,0,0,0,0,0,0,0,0,0,0,0,0,,,,0.0,0.0,0.0,0.0,0.0,0,0,0
591,a,100.0,100.0,5.5,163,99,0,0,0,0,0.8,208,65,11,1,3.7,97,43,0,65,3.7,89,41,0.7,2.0,0,69627,16061,24263,8998,3.7,3.7,0.87,0.64,1.51,6.09,0.31,0.23,0.54,2.19,53.6,104,38,48.9,64,48,62.0,41,26,16.5,47,34,,,,3,,Julio,Enciso,Enciso,,,250,0,2,0,8,0,0,0,1,0,0,3,21,,,,0.0,0.0,2.88,1.08,7.56,2,4,15
592,a,,,4.0,641,202,0,0,0,0,0.9,200,76,3,1,1.0,270,99,0,7,1.0,245,88,0.2,0.8,0,8915,1745,16332,3305,1.0,1.0,0.0,0.02,0.02,0.89,0.0,0.05,0.05,2.05,9.4,272,112,24.6,146,47,0.0,346,140,3.4,253,96,,,,3,,Abdoul,Ouattara,Ouattara,,,39,0,0,0,1,0,0,0,0,0,0,0,2,,,,0.0,0.0,2.31,0.0,4.62,0,2,3
602,u,0.0,0.0,4.5,519,272,0,0,0,0,0.0,541,222,0,0,0.0,491,193,0,0,0.0,491,193,0.0,0.0,0,2861,0,2314,777,0.0,0.0,0.0,0.0,0.0,0.0,0.0,0.0,0.0,0.0,0.0,467,180,0.0,467,188,0.0,424,157,0.0,473,184,,,,3,,Cameron,Humphreys,Humphreys,Has joined Huddersfield Town on loan for the rest of the season,,0,0,0,0,0,0,0,0,0,0,0,0,0,,,,0.0,0.0,0.0,0.0,0.0,0,0,0
619,a,,,5.0,270,169,0,0,0,0,0.0,549,226,5,4,2.5,162,69,0,35,2.5,144,64,0.5,1.0,0,3070,1655,960,608,2.5,2.5,0.0,0.03,0.03,2.61,0.0,0.03,0.03,2.24,27.4,196,76,34.5,112,70,2.0,272,128,6.4,203,92,,,,3,,Exequiel,Palacios,Palacios,,,105,0,0,0,4,0,0,0,0,0,0,1,25,,,,0.0,0.0,3.43,0.86,21.43,5,5,15
640,a,,,5.5,147,37,0,0,0,0,0.0,534,72,1,1,1.0,346,40,0,4,1.0,271,31,0.2,0.2,0,3312,1551,651,418,1.8,1.8,0.02,0.01,0.03,0.06,0.08,0.04,0.12,0.22,3.2,329,34,0.5,331,41,7.0,218,35,1.1,318,36,,,,3,,Zian,Flemming,Flemming,,,24,0,0,0,0,0,0,0,0,0,0,0,0,,,,0.0,0.0,0.0,0.0,0.0,0,0,0
260,a,,,6.3,51,35,-1,1,-2,2,3.2,101,32,4,0,1.3,261,118,0,15,1.3,238,108,0.2,0.6,0,24328,2072,290867,77494,1.3,1.3,0.01,0.06,0.07,2.98,0.01,0.04,0.05,2.11,16.0,239,98,47.7,66,50,12.0,181,89,7.7,164,75,2.0,,,3,,Harry,Wilson,Wilson,,,127,0,0,1,0,0,0,0,1,0,0,1,9,,,,0.0,0.71,0.0,0.71,6.38,3,2,4
326,u,0.0,0.0,4.5,456,34,0,0,0,0,0.4,276,38,0,0,0.0,459,55,0,0,0.0,459,55,0.0,0.0,0,532,0,19599,4783,0.0,0.0,0.0,0.0,0.0,0.0,0.0,0.0,0.0,0.0,0.0,435,55,0.0,432,38,0.0,381,35,0.0,441,55,,,,3,,Lucas Estella,Perri,Perri,Has joined Torino on loan for the rest of the season,,0,0,0,0,0,0,0,0,0,0,0,0,0,,,,0.0,0.0,0.0,0.0,0.0,0,0,0
327,a,,,5.0,289,48,0,0,0,0,0.9,203,78,12,1,4.0,81,34,2,29,4.0,76,31,0.8,2.4,0,63071,2944,35208,9497,4.0,4.0,0.11,0.0,0.11,3.16,0.06,0.0,0.06,1.73,38.2,154,71,0.6,323,123,15.0,152,51,5.4,219,83,,,,3,,Jaka,Bijol,Bijol,,,164,0,0,1,2,0,0,0,0,0,0,2,21,,,,0.0,0.55,1.1,1.1,11.52,3,18,7
329,i,0.0,0.0,4.4,569,152,-1,1,-1,1,1.6,145,59,7,0,3.5,103,38,0,25,2.3,148,58,0.5,1.6,0,26784,114,205699,65498,0.0,0.0,0.03,0.06,0.09,1.01,0.02,0.04,0.06,0.74,23.0,207,88,14.7,190,61,7.0,207,70,4.5,238,91,,,,3,,Joe,Rodon,Rodon,Hamstring injury - Expected back 21 Nov,,123,0,0,1,0,0,0,0,0,0,0,2,11,,,,0.0,0.73,0.0,1.46,8.05,1,10,2
330,a,,,4.5,467,106,0,0,0,0,1.6,149,62,22,14,7.3,13,4,3,63,7.3,12,4,1.6,4.9,0,78696,67682,21046,12401,7.3,7.3,0.9,0.03,0.93,1.64,0.37,0.01,0.38,0.68,61.0,72,35,14.1,193,63,37.0,81,16,11.2,104,35,,,,3,,Jayden,Bogle,Bogle,,,217,1,0,2,1,0,0,0,1,0,0,3,12,,,,0.0,0.83,0.41,1.24,4.98,3,9,8
331,a,100.0,100.0,4.5,476,111,0,0,0,0,0.1,496,175,2,2,2.0,195,77,0,9,0.7,292,106,0.2,0.4,0,1366,656,1700,317,0.7,0.7,0.0,0.0,0.0,2.19,0.0,0.0,0.0,2.19,12.6,253,104,1.2,303,113,2.0,270,103,1.6,304,113,,,,3,,Gabriel,Gudmundsson,Gudmundsson,,,90,0,0,0,1,0,0,0,0,0,0,1,5,,,,0.0,0.0,1.0,1.0,5.0,3,2,9
332,a,,,4.5,462,102,0,0,0,0,1.5,150,63,16,4,5.3,44,18,2,49,5.3,39,16,1.2,3.6,0,93076,13910,42607,11788,5.3,5.3,0.17,0.02,0.19,4.52,0.06,0.01,0.07,1.51,66.0,62,29,15.6,187,59,32.0,91,20,11.3,99,30,,,,3,,James,Justin,Justin,,,270,0,0,1,2,0,0,0,0,0,0,3,30,,,,0.0,0.33,0.67,1.0,10.0,11,19,11
333,u,0.0,0.0,4.5,485,119,0,0,0,0,0.0,643,213,0,0,0.0,472,182,0,0,0.0,472,182,0.0,0.0,0,0,0,259,26,0.0,0.0,0.0,0.0,0.0,0.0,0.0,0.0,0.0,0.0,0.0,448,179,0.0,446,179,0.0,398,169,0.0,454,177,,,,3,,Sebastiaan,Bornauw,Bornauw,Has joined Hamburg SV on loan for the rest of the season,,0,0,0,0,0,0,0,0,0,0,0,0,0,,,,0.0,0.0,0.0,0.0,0.0,0,0,0
334,a,,,5.0,333,59,0,0,0,0,3.5,89,34,14,4,4.7,60,24,0,52,4.7,55,22,0.9,2.8,0,126821,64778,89477,35042,4.7,4.7,0.09,0.02,0.11,4.52,0.03,0.01,0.04,1.51,96.4,18,3,2.2,275,97,21.0,121,36,11.9,90,23,,,,3,,Tarik,Muharemović,Muharemović,,,270,0,0,1,2,0,0,0,0,0,0,3,39,,,,0.0,0.33,0.67,1.0,13.0,3,36,6
335,a,,,6.0,73,49,0,0,0,0,2.8,108,34,19,2,6.3,31,13,3,57,6.3,29,12,1.0,3.2,0,161426,17906,93191,29955,6.3,6.3,0.49,0.16,0.65,4.52,0.16,0.05,0.21,1.51,87.8,30,14,35.8,107,68,39.0,76,45,16.3,52,37,1.0,1.0,,3,,Anton,Stach,Stach,,,270,1,0,1,2,0,0,0,0,0,0,3,38,,,,0.0,0.33,0.67,1.0,12.67,9,18,11
336,a,,,5.9,96,62,0,0,-1,1,0.3,299,103,6,3,2.0,218,97,0,30,2.0,193,89,0.3,1.0,0,5102,1228,23658,3599,2.0,2.0,0.08,0.18,0.26,1.11,0.05,0.11,0.16,0.65,17.8,229,92,22.1,159,92,16.0,144,74,5.6,215,98,,,,3,,Noah,Okafor,Okafor,,,153,0,0,1,1,0,0,0,0,0,0,2,7,,,,0.0,0.59,0.59,1.18,4.12,3,2,2
337,a,,,5.4,208,130,-1,1,-1,1,0.6,236,79,5,1,1.7,236,105,0,27,1.7,210,96,0.3,0.9,0,5299,680,31269,6742,1.7,1.7,0.01,0.02,0.03,3.08,0.01,0.01,0.02,1.8,10.2,268,113,2.7,263,138,7.0,217,109,2.0,295,131,,3.0,,3,,Brenden,Aaronson,Aaronson,,,154,0,0,1,2,0,0,0,0,0,0,2,10,,,,0.0,0.58,1.17,1.17,5.84,2,1,7
338,a,,,5.5,133,81,0,0,0,0,1.0,187,57,9,2,3.0,137,56,0,43,3.0,122,51,0.5,1.6,0,9796,1643,38480,9770,3.0,3.0,0.01,0.14,0.15,4.52,0.0,0.05,0.05,1.51,61.8,70,23,41.2,86,59,1.0,294,143,10.4,122,59,,,,3,,Ethan,Ampadu,Ampadu,,,270,0,0,1,2,0,0,0,0,0,0,3,34,,,,0.0,0.33,0.67,1.0,11.33,8,17,9
339,a,,,4.9,371,222,-1,1,-1,1,0.1,423,164,1,0,1.0,293,122,0,3,0.3,347,157,0.1,0.2,0,1666,452,5382,1147,0.3,0.3,0.0,0.0,0.0,0.07,0.0,0.0,0.0,0.79,0.0,513,200,0.2,347,172,0.0,472,177,0.0,519,204,3.0,2.0,,3,,Sean,Longstaff,Longstaff,,,8,0,0,0,0,0,0,0,0,0,0,0,0,,,,0.0,0.0,0.0,0.0,0.0,0,0,0
341,u,0.0,0.0,5.0,317,189,0,0,0,0,0.0,603,257,0,0,0.0,585,245,0,0,0.0,585,245,0.0,0.0,0,244,0,1490,346,0.0,0.0,0.0,0.0,0.0,0.0,0.0,0.0,0.0,0.0,0.0,570,238,0.0,576,244,0.0,554,227,0.0,577,241,,,,3,,Wilfried,Gnonto,Gnonto,Has joined ACF Fiorentina on loan for the rest of the season,,0,0,0,0,0,0,0,0,0,0,0,0,0,,,,0.0,0.0,0.0,0.0,0.0,0,0,0
342,u,0.0,0.0,5.0,273,170,0,0,0,0,0.0,652,290,0,0,0.0,565,235,0,0,0.0,565,235,0.0,0.0,0,0,0,62,9,0.0,0.0,0.0,0.0,0.0,0.0,0.0,0.0,0.0,0.0,0.0,549,227,0.0,551,233,0.0,524,213,0.0,555,230,,,,3,,Jack,Harrison,Harrison,Has joined New England Revolution permanently,,0,0,0,0,0,0,0,0,0,0,0,0,0,,,,0.0,0.0,0.0,0.0,0.0,0,0,0
343,a,,,5.0,259,161,0,0,0,0,0.1,417,161,1,0,1.0,314,136,0,2,0.3,360,165,0.1,0.2,0,2947,485,5266,1239,0.3,0.3,0.24,0.01,0.25,0.93,0.98,0.04,1.02,3.8,0.0,546,225,1.1,304,152,12.0,176,87,1.1,317,143,,,,3,,Daniel,James,James,,,22,0,0,0,0,0,0,0,0,0,0,0,2,,,,0.0,0.0,0.0,0.0,8.18,0,0,2
344,d,25.0,25.0,5.0,308,183,0,0,0,0,0.0,637,278,0,0,0.0,579,241,0,0,0.0,579,241,0.0,0.0,0,51,9,239,39,0.0,0.0,0.0,0.0,0.0,0.0,0.0,0.0,0.0,0.0,0.0,563,233,0.0,569,239,0.0,547,222,0.0,570,236,,,,3,,Ilia,Gruev,Gruev,Knee injury - 25% chance of playing,,0,0,0,0,0,0,0,0,0,0,0,0,0,,,,0.0,0.0,0.0,0.0,0.0,0,0,0
345,a,,,4.9,384,230,0,0,-1,1,0.2,321,114,6,5,3.0,126,51,0,24,2.0,176,76,0.4,1.2,0,8213,3848,10625,1891,2.0,2.0,0.53,0.02,0.55,2.0,0.41,0.02,0.43,1.54,40.8,145,53,14.0,194,108,13.0,168,81,6.8,188,87,4.0,,,3,,Tanaka,Ao,Tanaka,,,117,0,1,0,1,0,0,0,0,0,0,1,19,,,,0.0,0.0,0.77,0.77,14.62,5,8,6
346,a,,,6.0,62,14,0,0,0,0,23.5,11,3,10,1,3.3,116,13,2,29,3.3,105,10,0.6,1.7,0,343767,60867,803371,271207,3.3,3.3,1.61,0.08,1.69,3.2,0.58,0.03,0.61,1.14,42.8,139,9,16.1,185,22,67.0,34,12,12.1,86,12,,,1.0,3,,Dominic,Calvert-Lewin,Calvert-Lewin,,,252,1,0,1,2,0,0,0,2,0,0,3,9,,,,0.0,0.36,0.71,1.07,3.21,0,4,5
347,a,,,5.4,192,45,-1,1,-1,1,0.5,254,43,5,1,2.5,163,18,0,20,1.7,208,18,0.3,0.9,0,11050,3706,22640,4557,1.7,1.7,0.27,0.14,0.41,2.25,0.64,0.33,0.97,5.33,18.2,225,19,22.1,158,16,15.0,155,27,5.4,221,24,,,2.0,3,,Lukas,Nmecha,Nmecha,,,38,0,1,0,0,0,0,0,0,0,0,0,1,,,,0.0,0.0,0.0,0.0,2.37,0,0,1
348,u,0.0,0.0,5.0,283,55,0,0,0,0,0.1,462,65,0,0,0.0,570,61,0,0,0.0,570,61,0.0,0.0,0,0,0,9382,1086,0.0,0.0,0.0,0.0,0.0,0.0,0.0,0.0,0.0,0.0,0.0,554,54,0.0,556,59,0.0,531,56,0.0,561,58,,,3.0,3,,Joël,Piroe,Piroe,Has joined West Ham United on loan for the rest of the season,,0,0,0,0,0,0,0,0,0,0,0,0,0,,,,0.0,0.0,0.0,0.0,0.0,0,0,0
349,i,0.0,0.0,4.5,531,72,0,0,0,0,0.1,495,68,0,0,0.0,501,53,0,0,0.0,501,53,0.0,0.0,0,1798,526,2797,664,0.0,0.0,0.0,0.0,0.0,0.0,0.0,0.0,0.0,0.0,0.0,478,46,0.0,477,51,0.0,435,48,0.0,484,50,,,,3,,Mateo,Joseph Fernández-Regatillo,Mateo Joseph,Knee injury - Unknown return date,,0,0,0,0,0,0,0,0,0,0,0,0,0,,,,0.0,0.0,0.0,0.0,0.0,0,0,0
385,a,,,5.0,287,11,0,0,0,0,5.4,68,10,15,3,5.0,52,3,2,66,5.0,48,2,1.0,3.0,0,185314,40023,93193,29269,5.0,5.0,0.0,0.0,0.0,4.52,0.0,0.0,0.0,1.51,91.8,25,4,0.0,559,62,0.0,534,62,9.2,142,4,,,,3,,James,Trafford,Trafford,,,270,0,0,1,2,0,0,0,0,0,11,3,0,,,,3.67,0.33,0.67,1.0,0.0,0,2,31
598,a,,,4.5,449,92,0,0,0,0,0.0,520,181,5,4,2.5,160,62,0,21,1.7,199,75,0.4,1.1,0,2411,1328,1472,665,1.7,1.7,0.0,0.57,0.57,3.51,0.0,0.35,0.35,2.16,43.6,136,61,22.2,156,50,12.0,175,60,7.8,163,65,,,,3,,Nico,Elvedi,Elvedi,,,146,0,0,0,2,0,0,0,0,0,0,1,16,,,,0.0,0.0,1.23,0.62,9.86,1,15,4
603,a,,,4.0,652,212,0,0,0,0,0.1,425,152,0,0,0.0,441,168,0,0,0.0,441,168,0.0,0.0,0,4911,887,2187,732,0.0,0.0,0.0,0.0,0.0,0.0,0.0,0.0,0.0,0.0,0.0,416,164,0.0,411,164,0.0,356,149,0.0,422,162,,,,3,,Jayden,Lienou,Lienou,,,0,0,0,0,0,0,0,0,0,0,0,0,0,,,,0.0,0.0,0.0,0.0,0.0,0,0,0
604,a,,,4.5,542,279,0,0,0,0,0.1,373,135,0,0,0.0,509,199,0,0,0.0,509,199,0.0,0.0,0,11375,2424,4419,1515,0.0,0.0,0.0,0.0,0.0,0.0,0.0,0.0,0.0,0.0,0.0,486,186,0.0,485,194,0.0,443,163,0.0,492,190,,,,3,,Alfie,Cresswell,Cresswell,,,0,0,0,0,0,0,0,0,0,0,0,0,0,,,,0.0,0.0,0.0,0.0,0.0,0,0,0
629,a,,,4.0,590,58,0,0,0,0,0.5,258,34,0,0,0.0,399,32,0,0,0.0,399,32,0.0,0.0,0,28814,15540,4353,3046,1.0,1.0,0.0,0.0,0.0,0.0,0.0,0.0,0.0,0.0,0.0,374,32,0.0,367,13,0.0,307,10,0.0,379,32,,,,3,,Michael,Zetterer,Zetterer,,,0,0,0,0,0,0,0,0,0,0,0,0,0,,,,0.0,0.0,0.0,0.0,0.0,0,0,0
641,a,,,4.5,484,118,0,0,0,0,0.0,633,211,0,0,0.0,471,181,0,0,0.0,471,181,0.0,0.0,0,373,196,95,67,1.8,1.8,0.0,0.0,0.0,0.0,0.0,0.0,0.0,0.0,0.0,447,178,0.0,445,178,0.0,397,168,0.0,453,176,,,,3,,Melvin,Bard,Bard,,,0,0,0,0,0,0,0,0,0,0,0,0,0,,,,0.0,0.0,0.0,0.0,0.0,0,0,0
648,a,,,5.0,347,210,0,0,0,0,0.0,589,247,0,0,0.0,598,253,0,0,0.0,598,253,0.0,0.0,0,1608,593,442,246,1.5,1.5,0.0,0.0,0.0,0.0,0.0,0.0,0.0,0.0,0.0,583,246,0.0,590,252,0.0,571,238,0.0,590,249,,,,3,,Jean-Mattéo,Bahoya,Bahoya,,,0,0,0,0,0,0,0,0,0,0,0,0,0,,,,0.0,0.0,0.0,0.0,0.0,0,0,0
350,a,,,5.5,125,3,0,0,0,0,3.8,87,14,10,8,3.3,112,8,1,37,3.3,101,8,0.6,1.8,0,91922,24094,97327,18114,3.3,3.3,0.0,0.0,0.0,4.63,0.0,0.0,0.0,1.54,55.8,97,14,0.0,616,69,0.0,605,69,5.6,214,14,,,,3,,Alisson,Becker,A.Becker,,,270,0,0,1,4,0,0,0,1,0,9,3,0,,,,3.0,0.33,1.33,1.0,0.0,0,6,24
351,a,,,4.9,392,21,0,0,-1,1,0.1,383,44,0,0,0.0,545,68,0,0,0.0,545,68,0.0,0.0,0,2074,414,6281,1403,0.0,0.0,0.0,0.0,0.0,0.0,0.0,0.0,0.0,0.0,0.0,524,68,0.0,525,56,0.0,487,55,0.0,532,68,,,,3,,Giorgi,Mamardashvili,Mamardashvili,,,0,0,0,0,0,0,0,0,0,0,0,0,0,,,,0.0,0.0,0.0,0.0,0.0,0,0,0
352,a,,,4.0,591,59,0,0,0,0,1.1,185,27,0,0,0.0,400,33,0,0,0.0,400,33,0.0,0.0,0,13837,2347,18214,4744,0.0,0.0,0.0,0.0,0.0,0.0,0.0,0.0,0.0,0.0,0.0,375,33,0.0,368,14,0.0,308,11,0.0,380,33,,,,3,,Freddie,Woodman,Woodman,,,0,0,0,0,0,0,0,0,0,0,0,0,0,,,,0.0,0.0,0.0,0.0,0.0,0,0,0
353,u,0.0,0.0,4.0,646,71,0,0,0,0,0.0,570,67,0,0,0.0,437,45,0,0,0.0,437,45,0.0,0.0,0,0,0,864,132,0.0,0.0,0.0,0.0,0.0,0.0,0.0,0.0,0.0,0.0,0.0,412,45,0.0,407,26,0.0,351,23,0.0,418,45,,,,3,,Armin,Pecsi,Pecsi,Has joined TSV Hartberg on loan for the rest of the season,,0,0,0,0,0,0,0,0,0,0,0,0,0,,,,0.0,0.0,0.0,0.0,0.0,0,0,0
354,i,0.0,0.0,4.0,610,64,0,0,0,0,0.0,574,68,0,0,0.0,410,38,0,0,0.0,410,38,0.0,0.0,0,1095,383,751,236,0.0,0.0,0.0,0.0,0.0,0.0,0.0,0.0,0.0,0.0,0.0,385,38,0.0,380,19,0.0,322,16,0.0,391,38,,,,3,,Vitezslav,Jaros,Jaros,Knee injury - Unknown return date,,0,0,0,0,0,0,0,0,0,0,0,0,0,,,,0.0,0.0,0.0,0.0,0.0,0,0,0
355,a,,,4.0,620,67,0,0,0,0,0.2,365,41,0,0,0.0,415,41,0,0,0.0,415,41,0.0,0.0,0,3160,799,2585,733,0.0,0.0,0.0,0.0,0.0,0.0,0.0,0.0,0.0,0.0,0.0,390,41,0.0,385,22,0.0,327,19,0.0,396,41,,,,3,,Harvey,Davies,Davies,,,0,0,0,0,0,0,0,0,0,0,0,0,0,,,,0.0,0.0,0.0,0.0,0.0,0,0,0
356,a,,,6.5,33,2,0,0,0,0,17.2,21,6,9,6,3.0,141,57,0,45,3.0,125,50,0.5,1.4,0,194352,52088,432298,79743,3.0,3.0,0.25,0.06,0.31,4.63,0.08,0.02,0.1,1.54,73.4,45,18,7.7,229,78,26.0,108,31,10.7,115,42,,,,3,,Virgil,van Dijk,Virgil,,,270,0,0,1,4,0,0,0,1,0,0,3,25,,,,0.0,0.33,1.33,1.0,8.33,5,20,15
357,a,,,5.4,199,25,-1,1,-1,1,2.4,115,46,1,0,0.5,384,135,0,12,0.3,368,133,0.1,0.2,0,52663,3049,161373,57404,0.3,0.3,0.01,0.11,0.12,3.81,0.01,0.06,0.07,2.14,26.4,199,85,51.6,59,13,14.0,161,54,9.2,143,55,,,,3,,Jeremie,Frimpong,Frimpong,,,160,0,0,0,4,0,0,0,1,0,0,2,8,,,,0.0,0.0,2.25,1.12,4.5,3,5,6
358,a,,,5.4,226,30,-1,1,-1,1,2.8,110,43,6,5,2.0,213,81,0,35,2.0,189,71,0.4,1.1,0,36949,7305,120600,21162,2.0,2.0,0.02,0.06,0.08,4.56,0.01,0.02,0.03,1.64,55.8,96,44,37.9,100,28,12.0,178,61,10.6,118,44,,,,3,,Milos,Kerkez,Kerkez,,,250,0,0,1,4,0,0,0,2,0,0,3,20,,,,0.0,0.36,1.44,1.08,7.2,6,14,8
359,i,0.0,0.0,5.0,253,38,0,0,0,0,0.0,588,199,0,0,0.0,560,201,0,0,0.0,560,201,0.0,0.0,0,203,54,888,154,0.0,0.0,0.0,0.0,0.0,0.0,0.0,0.0,0.0,0.0,0.0,543,200,0.0,544,200,0.0,516,196,0.0,550,199,,,,3,,Joe,Gomez,Gomez,Muscular injury - Unknown return date,,0,0,0,0,0,0,0,0,0,0,0,0,0,,,,0.0,0.0,0.0,0.0,0.0,0,0,0
360,i,0.0,0.0,5.0,316,57,0,0,0,0,0.0,604,203,0,0,0.0,584,207,0,0,0.0,584,207,0.0,0.0,0,249,56,561,124,0.0,0.0,0.0,0.0,0.0,0.0,0.0,0.0,0.0,0.0,0.0,569,206,0.0,575,206,0.0,553,204,0.0,576,206,,,,3,,Conor,Bradley,Bradley,Knee injury - Unknown return date,,0,0,0,0,0,0,0,0,0,0,0,0,0,,,,0.0,0.0,0.0,0.0,0.0,0,0,0
361,a,,,4.0,631,192,0,0,0,0,0.1,397,147,0,0,0.0,425,153,0,0,0.0,425,153,0.0,0.0,0,2594,566,3601,1036,0.0,0.0,0.0,0.0,0.0,0.0,0.0,0.0,0.0,0.0,0.0,400,149,0.0,395,149,0.0,337,131,0.0,406,147,,,,3,,Wellity,Lucky,Lucky,,,0,0,0,0,0,0,0,0,0,0,0,0,0,,,,0.0,0.0,0.0,0.0,0.0,0,0,0
362,a,100.0,100.0,5.0,348,61,0,0,0,0,2.7,112,45,9,5,3.0,134,52,0,50,3.0,119,46,0.6,1.8,0,107839,28304,79394,20721,3.0,3.0,0.0,0.1,0.1,4.02,0.0,0.04,0.04,1.54,66.0,63,30,39.5,92,24,4.0,245,91,10.9,109,37,,,,3,,Jeremy,Jacquet,Jacquet,,,235,0,0,1,4,0,0,0,1,0,0,3,23,,,,0.0,0.38,1.53,1.15,8.81,7,16,10
363,i,0.0,0.0,4.0,653,213,0,0,0,0,0.0,529,184,0,0,0.0,442,169,0,0,0.0,442,169,0.0,0.0,0,629,115,1448,312,0.0,0.0,0.0,0.0,0.0,0.0,0.0,0.0,0.0,0.0,0.0,417,165,0.0,412,165,0.0,357,150,0.0,423,163,,,,3,,Giovanni,Leoni,Leoni,Knee injury - Unknown return date,,0,0,0,0,0,0,0,0,0,0,0,0,0,,,,0.0,0.0,0.0,0.0,0.0,0,0,0
364,a,,,4.9,375,68,-1,1,-1,1,0.1,468,166,1,0,1.0,295,118,0,4,0.3,349,128,0.1,0.2,0,1044,218,3041,972,0.3,0.3,0.04,0.01,0.05,0.07,0.19,0.05,0.24,0.33,3.6,320,123,1.3,297,110,9.0,197,68,1.4,310,115,,,,3,,Kostas,Tsimikas,Tsimikas,,,19,0,0,0,0,0,0,0,0,0,0,0,0,,,,0.0,0.0,0.0,0.0,0.0,0,0,0
365,u,0.0,0.0,4.0,624,187,0,0,0,0,0.1,411,150,0,0,0.0,419,149,0,0,0.0,419,149,0.0,0.0,0,638,0,10415,1448,0.0,0.0,0.0,0.0,0.0,0.0,0.0,0.0,0.0,0.0,0.0,394,145,0.0,389,145,0.0,331,127,0.0,400,143,,,,3,,Calvin,Ramsay,Ramsay,Has joined St Mirren on loan for the rest of the season,,0,0,0,0,0,0,0,0,0,0,0,0,0,,,,0.0,0.0,0.0,0.0,0.0,0,0,0
366,a,,,7.4,20,13,-1,1,-1,1,8.3,50,19,9,3,3.0,143,58,0,53,3.0,126,52,0.4,1.2,0,104210,10257,467817,154176,3.0,3.0,0.67,0.29,0.96,3.46,0.25,0.11,0.36,1.29,44.2,135,51,76.2,29,25,73.0,24,13,19.4,30,23,3.0,2.0,4.0,3,,Florian,Wirtz,Wirtz,,,242,0,1,1,4,0,0,0,1,0,0,3,19,,,,0.0,0.37,1.49,1.12,7.07,4,0,15
367,d,75.0,,7.2,24,15,1,-1,2,-2,14.2,28,11,28,11,9.3,2,2,5,97,9.3,1,1,1.3,3.9,0,1034482,593785,259727,100795,7.0,9.3,0.36,1.2,1.56,4.56,0.13,0.43,0.56,1.64,116.8,5,4,104.5,10,10,56.0,51,33,27.7,9,7,2.0,,3.0,3,,Cody,Gakpo,Gakpo,Thigh injury - 75% chance of playing,,250,1,3,1,4,0,0,0,0,0,0,3,25,,,,0.0,0.36,1.44,1.08,9.0,6,7,12
368,a,,,7.0,27,18,0,0,0,0,38.4,6,2,15,3,5.0,58,27,1,73,5.0,53,26,0.7,2.1,0,629988,103964,811284,357451,5.0,5.0,1.17,0.52,1.69,4.63,0.39,0.17,0.56,1.54,91.2,27,13,117.7,4,4,46.0,64,38,25.5,14,11,1.0,1.0,1.0,3,,Dominik,Szoboszlai,Szoboszlai,,,270,1,0,1,4,0,0,0,0,0,0,3,29,,,,0.0,0.33,1.33,1.0,9.67,4,8,17
369,a,,,5.8,116,76,-1,1,-2,2,0.6,238,80,3,0,1.5,248,112,0,14,1.0,277,127,0.2,0.5,0,10212,1192,67035,16749,1.0,1.0,0.04,0.05,0.09,0.58,0.04,0.06,0.1,0.64,4.4,309,138,7.3,231,121,7.0,220,111,1.8,300,134,,,,3,,Rio,Ngumoha,Ngumoha,,,81,0,0,0,2,0,0,0,0,0,0,1,3,,,,0.0,0.0,2.22,1.11,3.33,1,0,2
370,i,0.0,0.0,5.4,200,125,0,0,-1,1,0.1,484,192,0,0,0.0,613,261,0,0,0.0,613,261,0.0,0.0,0,647,12,8790,994,0.0,0.0,0.0,0.0,0.0,0.0,0.0,0.0,0.0,0.0,0.0,598,254,0.0,605,260,0.0,589,249,0.0,605,257,,,,3,,Federico,Chiesa,Chiesa,Back injury - Unknown return date,,0,0,0,0,0,0,0,0,0,0,0,0,0,,,,0.0,0.0,0.0,0.0,0.0,0,0,0
371,a,,,5.9,99,64,-1,1,-1,1,1.4,155,46,7,1,2.3,183,80,0,35,2.3,166,74,0.4,1.2,0,29398,3619,86900,26747,2.3,2.3,0.06,0.06,0.12,1.34,0.04,0.04,0.08,0.99,31.0,187,71,29.8,128,78,4.0,249,119,6.5,199,90,,,,3,,Ryan,Gravenberch,Gravenberch,,,122,0,1,0,2,0,0,0,0,0,0,1,14,,,,0.0,0.0,1.48,0.74,10.33,2,3,9
12,a,,,9.5,4,3,0,0,0,0,11.4,39,14,22,2,7.3,16,7,4,95,7.3,15,6,0.8,2.3,0,373356,128066,221238,84722,7.3,7.3,1.5,0.35,1.85,0.78,0.55,0.13,0.68,0.29,94.4,22,11,61.9,40,35,147.0,3,1,30.3,5,4,2.0,2.0,1.0,3,,Bukayo,Saka,Saka,,,246,2,0,2,1,0,0,0,0,0,0,3,22,,,,0.0,0.73,0.37,1.1,8.05,4,6,12
372,a,,,5.4,205,129,-1,1,-1,1,1.4,158,48,5,2,1.7,235,104,0,33,1.7,209,95,0.3,0.9,0,23436,6247,64129,14563,1.7,1.7,0.08,0.42,0.5,3.9,0.04,0.2,0.24,1.89,35.0,167,64,21.9,160,93,18.0,128,65,7.4,173,79,,,5.0,3,,Alexis,Mac Allister,Mac Allister,,,186,0,0,1,2,0,0,0,1,0,0,2,24,,,,0.0,0.48,0.97,0.97,11.61,8,5,11
373,u,0.0,0.0,5.5,139,84,0,0,0,0,0.0,555,228,0,0,0.0,624,268,0,0,0.0,624,268,0.0,0.0,0,34,0,2330,272,0.0,0.0,0.0,0.0,0.0,0.0,0.0,0.0,0.0,0.0,0.0,615,265,0.0,621,267,0.0,611,260,0.0,621,267,,,,3,,Curtis,Jones,C.Jones,Has joined Internazionale permanently,,0,0,0,0,0,0,0,0,0,0,0,0,0,,,,0.0,0.0,0.0,0.0,0.0,0,0,0
375,a,,,4.9,414,251,-1,1,-1,1,0.0,511,208,2,1,1.0,306,130,0,6,0.7,303,137,0.1,0.4,0,977,335,1983,488,0.7,0.7,0.0,0.0,0.0,0.22,0.0,0.0,0.0,1.04,6.6,290,125,2.3,273,141,0.0,499,197,0.9,324,147,,,,3,,Trey,Nyoni,Nyoni,,,19,0,0,0,0,0,0,0,0,0,0,0,5,,,,0.0,0.0,0.0,0.0,23.68,2,1,2
376,u,0.0,0.0,5.0,336,201,0,0,0,0,0.0,650,288,0,0,0.0,593,249,0,0,0.0,593,249,0.0,0.0,0,19,0,91,19,0.0,0.0,0.0,0.0,0.0,0.0,0.0,0.0,0.0,0.0,0.0,578,242,0.0,585,248,0.0,564,232,0.0,585,245,,,,3,,Stefan,Bajčetić Maquieira,Bajcetic,Has joined Celta Vigo permanently,,0,0,0,0,0,0,0,0,0,0,0,0,0,,,,0.0,0.0,0.0,0.0,0.0,0,0,0
377,a,,,6.5,44,29,0,0,0,0,1.2,167,53,13,3,4.3,75,34,0,48,4.3,70,33,0.7,2.0,0,101139,11442,48654,19540,4.3,4.3,0.42,0.25,0.67,3.95,0.21,0.12,0.33,1.98,47.0,126,46,30.0,126,76,49.0,62,37,12.6,82,50,,,,3,,Victor,Munoz,Munoz,,,180,1,1,1,2,0,0,0,1,0,0,2,11,,,,0.0,0.5,1.0,1.0,5.5,2,4,5
378,a,,,4.5,506,268,0,0,0,0,0.2,323,116,0,0,0.0,479,189,0,0,0.0,479,189,0.0,0.0,0,2956,669,8028,1805,0.0,0.0,0.0,0.0,0.0,0.0,0.0,0.0,0.0,0.0,0.0,455,176,0.0,455,184,0.0,412,153,0.0,461,180,,,,3,,James,McConnell,McConnell,,,0,0,0,0,0,0,0,0,0,0,0,0,0,,,,0.0,0.0,0.0,0.0,0.0,0,0,0
379,a,,,9.1,5,2,1,-1,1,-1,21.1,14,4,23,13,7.7,12,2,5,97,7.7,11,2,0.8,2.5,0,696564,441941,366493,58511,7.7,7.7,2.29,0.06,2.35,4.46,0.85,0.02,0.87,1.65,112.4,7,2,31.3,121,12,148.0,2,2,29.1,6,2,,,2.0,3,,Alexander,Isak,Isak,,,243,3,0,1,4,0,0,0,0,0,0,3,5,,,,0.0,0.37,1.48,1.11,1.85,1,2,2
380,i,0.0,0.0,7.4,21,7,-1,1,-1,1,0.1,410,59,0,0,0.0,651,77,0,0,0.0,651,77,0.0,0.0,0,1776,371,8895,1656,0.0,0.0,0.0,0.0,0.0,0.0,0.0,0.0,0.0,0.0,0.0,652,77,0.0,652,77,0.0,652,77,0.0,652,77,,,,3,,Hugo,Ekitiké,Ekitiké,Achilles injury - Unknown return date,,0,0,0,0,0,0,0,0,0,0,0,0,0,,,,0.0,0.0,0.0,0.0,0.0,0,0,0
381,a,,,5.0,330,197,0,0,0,0,0.0,556,229,2,1,1.0,320,140,0,7,0.7,309,140,0.1,0.4,0,413,96,820,232,0.7,0.7,0.03,0.0,0.03,0.58,0.21,0.0,0.21,4.02,1.2,349,161,0.5,329,162,7.0,215,108,0.9,325,148,,,,3,,Lewis,Koumas,Koumas,,,13,0,0,0,0,0,0,0,0,0,0,0,1,,,,0.0,0.0,0.0,0.0,6.92,0,0,1
382,a,100.0,100.0,4.5,510,67,0,0,0,0,0.1,406,58,0,0,0.0,483,49,0,0,0.0,483,49,0.0,0.0,0,8235,5011,3152,1644,0.0,0.0,0.0,0.0,0.0,0.0,0.0,0.0,0.0,0.0,0.0,459,41,0.0,459,47,0.0,416,43,0.0,465,45,,,,3,,Jayden,Danns,Danns,,,0,0,0,0,0,0,0,0,0,0,0,0,0,,,,0.0,0.0,0.0,0.0,0.0,0,0,0
383,u,0.0,0.0,5.4,212,134,0,0,-1,1,0.0,507,206,0,0,0.0,614,262,0,0,0.0,614,262,0.0,0.0,0,907,0,4994,1322,0.0,0.0,0.0,0.0,0.0,0.0,0.0,0.0,0.0,0.0,0.0,599,255,0.0,606,261,0.0,591,251,0.0,606,258,,,,3,,Harvey,Elliott,Elliott,Has joined Valencia on loan for the rest of the season,,0,0,0,0,0,0,0,0,0,0,0,0,0,,,,0.0,0.0,0.0,0.0,0.0,0,0,0
579,a,,,5.4,213,28,0,0,-1,1,2.4,116,47,9,8,3.0,136,53,0,29,3.0,121,47,0.6,1.7,0,61201,25919,125986,11672,3.0,3.0,0.0,0.05,0.05,1.36,0.0,0.04,0.04,1.0,39.0,151,69,5.9,235,80,2.0,279,107,4.6,236,90,,,,3,,Ronald,Araujo,Araujo,,,123,0,0,1,0,0,0,0,1,0,0,1,15,,,,0.0,0.73,0.0,0.73,10.98,2,13,4
627,a,,,8.0,8,5,0,0,0,0,1.8,132,40,1,1,1.0,371,175,0,5,1.0,284,131,0.1,0.1,0,204723,68935,47566,27950,2.8,2.8,0.0,0.07,0.07,0.17,0.0,0.24,0.24,0.59,3.0,333,150,10.5,222,118,2.0,290,141,1.6,306,136,,,,3,,Bradley,Barcola,Barcola,,,26,0,0,0,0,0,0,0,0,0,0,0,0,,,,0.0,0.0,0.0,0.0,0.0,0,0,0
155,a,,,6.9,30,19,0,0,-1,1,3.2,100,31,4,3,2.0,224,99,0,23,1.3,241,109,0.2,0.6,0,69746,23824,255510,33409,1.3,1.3,0.13,0.14,0.27,1.28,0.12,0.13,0.25,1.15,13.6,249,102,30.9,124,75,18.0,131,67,6.2,206,94,,,,3,,Enzo,Fernández,Enzo,,,100,0,0,1,0,0,0,0,0,0,0,1,6,,,,0.0,0.9,0.0,0.9,5.4,1,1,4
237,a,,,5.9,97,63,-1,1,-1,1,9.9,43,16,16,3,5.3,48,23,1,64,5.3,43,21,0.9,2.7,0,235083,30714,735734,202562,5.3,5.3,0.28,0.43,0.71,5.47,0.09,0.15,0.24,1.85,60.4,76,24,72.2,32,27,68.0,32,18,20.1,26,19,,,,3,,Iliman,Ndiaye,Ndiaye,,,266,0,1,2,1,0,0,0,0,0,0,3,30,,,,0.0,0.68,0.34,1.02,10.15,7,6,17
384,a,,,5.5,137,4,0,0,0,0,7.7,54,8,10,7,3.3,114,9,0,46,3.3,103,9,0.6,1.8,0,127200,22052,212901,47884,3.3,3.3,0.0,0.0,0.0,2.68,0.0,0.0,0.0,0.89,60.4,75,11,0.0,620,70,0.0,610,70,6.1,210,12,,,,3,,Gianluigi,Donnarumma,Donnarumma,,,270,0,0,1,2,1,0,0,0,0,7,3,0,,,,2.33,0.33,0.67,1.0,0.0,0,2,14
386,a,,,4.5,438,31,0,0,0,0,0.0,548,62,0,0,0.0,454,52,0,0,0.0,454,52,0.0,0.0,0,397,90,771,162,0.0,0.0,0.0,0.0,0.0,0.0,0.0,0.0,0.0,0.0,0.0,429,52,0.0,426,35,0.0,375,32,0.0,435,52,,,,3,,Marcus,Bettinelli,Bettinelli,,,0,0,0,0,0,0,0,0,0,0,0,0,0,,,,0.0,0.0,0.0,0.0,0.0,0,0,0
387,d,75.0,,6.5,41,4,0,0,0,0,14.6,27,8,4,0,2.0,222,83,0,16,1.3,239,86,0.2,0.6,0,170397,4370,784246,385886,1.0,1.3,0.09,0.43,0.52,1.21,0.05,0.26,0.31,0.73,12.4,255,105,38.2,98,26,16.0,145,45,6.6,195,75,,,,3,,Nico,O'Reilly,O'Reilly,Back injury - 75% chance of playing,,150,0,0,0,2,0,0,0,0,0,0,2,3,,,,0.0,0.0,1.2,1.2,1.8,2,1,7
388,a,,,6.0,65,6,0,0,0,0,18.6,17,5,20,8,6.7,28,13,4,74,6.7,27,13,1.1,3.3,0,370813,65181,293551,69733,6.7,6.7,0.89,0.38,1.27,2.68,0.3,0.13,0.43,0.89,96.6,17,2,42.9,81,19,30.0,97,23,16.9,41,6,,,,3,,Marc,Guéhi,Guéhi,,,270,1,0,1,2,0,0,0,0,0,0,3,18,,,,0.0,0.33,0.67,1.0,6.0,3,15,14
389,a,100.0,100.0,5.9,103,10,0,0,-1,1,1.0,195,74,1,0,1.0,359,128,0,4,0.3,381,136,0.1,0.2,0,5163,1653,63158,7246,0.3,0.3,0.0,0.04,0.04,0.1,0.0,0.11,0.11,0.27,3.8,319,122,1.5,293,106,4.0,250,93,0.9,328,120,,,4.0,3,,Matheus,Nunes,Matheus N.,,,33,0,0,0,0,0,0,0,0,0,0,0,1,,,,0.0,0.0,0.0,0.0,2.73,0,1,2
390,a,,,5.5,129,13,0,0,0,0,1.8,134,55,10,6,3.3,113,44,0,55,3.3,102,38,0.6,1.8,0,37744,7469,47437,10926,3.3,3.3,0.09,0.74,0.83,2.68,0.03,0.25,0.28,0.89,72.0,52,21,46.8,68,15,37.0,83,17,15.5,55,11,,,,3,,Rúben,dos Santos Gato Alves Dias,Rúben,,,270,0,0,1,2,0,0,0,0,0,0,3,15,,,,0.0,0.33,0.67,1.0,5.0,1,14,14
391,a,,,5.6,120,12,0,0,1,-1,19.9,16,4,22,8,7.3,14,5,3,77,7.3,13,5,1.3,3.9,0,995122,218352,244126,87825,7.3,7.3,0.2,0.11,0.31,2.68,0.07,0.04,0.11,0.95,94.0,23,6,51.0,60,14,26.0,107,30,17.1,39,5,,,,3,,Joško,Gvardiol,Gvardiol,,,254,1,1,1,2,0,0,0,0,0,0,3,17,,,,0.0,0.35,0.71,1.06,6.02,7,10,12
392,a,,,5.3,235,34,-1,1,-2,2,0.5,252,95,0,0,0.0,607,210,0,0,0.0,607,210,0.0,0.0,0,5475,839,49610,7760,0.0,0.0,0.0,0.0,0.0,0.0,0.0,0.0,0.0,0.0,0.0,592,209,0.0,599,209,0.0,581,207,0.0,599,209,,,,3,,Rayan,Aït-Nouri,Aït-Nouri,,,0,0,0,0,0,0,0,0,0,0,0,0,0,,,,0.0,0.0,0.0,0.0,0.0,0,0,0
393,a,,,5.5,184,24,0,0,0,0,1.6,148,61,9,5,3.0,138,54,0,53,3.0,123,48,0.5,1.6,0,20276,4398,47778,8958,3.0,3.0,0.0,0.06,0.06,2.68,0.0,0.02,0.02,0.9,51.6,111,52,12.6,209,72,4.0,247,92,6.8,191,73,,,,3,,Abdukodir,Khusanov,Khusanov,,,268,0,0,1,2,0,0,0,1,0,0,3,17,,,,0.0,0.34,0.67,1.01,5.71,8,9,13
394,u,0.0,0.0,5.0,318,58,0,0,0,0,0.0,629,209,0,0,0.0,586,208,0,0,0.0,586,208,0.0,0.0,0,0,0,544,45,0.0,0.0,0.0,0.0,0.0,0.0,0.0,0.0,0.0,0.0,0.0,571,207,0.0,577,207,0.0,555,205,0.0,578,207,,,,3,,Max,Alleyne,Alleyne,Has joined Burnley on loan for the rest of the season,,0,0,0,0,0,0,0,0,0,0,0,0,0,,,,0.0,0.0,0.0,0.0,0.0,0,0,0
395,a,,,4.5,498,126,0,0,0,0,0.2,330,121,1,0,1.0,288,114,0,-1,0.3,344,125,0.1,0.2,0,6441,669,11107,2851,0.3,0.3,0.17,0.02,0.19,0.55,0.27,0.03,0.3,0.88,3.8,318,121,3.8,248,85,39.0,72,12,4.7,234,89,,,,3,,Rico,Lewis,Lewis,,,56,0,0,0,1,0,0,0,0,0,0,1,2,,,,0.0,0.0,1.61,1.61,3.21,0,2,0
396,a,,,4.5,553,145,0,0,0,0,0.0,543,187,1,0,1.0,291,116,0,3,0.3,346,126,0.1,0.2,0,286,52,706,204,0.3,0.3,0.0,0.0,0.0,0.0,0.0,0.0,0.0,0.0,1.2,348,128,0.9,308,116,0.0,453,185,0.2,356,128,,,,3,,Vitor,de Oliveira Nunes dos Reis,Vitor Reis,,,1,0,0,0,0,0,0,0,0,0,0,0,0,,,,0.0,0.0,0.0,0.0,0.0,0,0,0
397,a,,,8.4,6,4,-1,1,-1,1,17.6,20,7,13,6,4.3,77,36,0,75,4.3,72,35,0.5,1.5,0,143226,25498,792753,188422,4.3,4.3,0.17,0.93,1.1,2.68,0.06,0.31,0.37,0.89,57.6,89,30,97.8,14,14,82.0,17,9,23.8,19,15,,,2.0,3,,Antoine,Semenyo,Semenyo,,,270,0,2,1,2,0,0,0,0,0,0,3,12,,,,0.0,0.33,0.67,1.0,4.0,3,0,9
398,a,,,7.0,26,17,0,0,0,0,4.6,77,25,11,1,3.7,102,47,1,56,3.7,94,45,0.5,1.6,0,295424,12541,244644,123244,3.7,3.7,1.61,0.86,2.47,1.81,0.74,0.4,1.14,0.84,57.6,88,29,110.2,7,7,39.0,77,46,20.7,24,18,3.0,2.0,,3,,Phil,Foden,Foden,,,195,0,2,0,2,0,0,0,1,0,0,2,14,,,,0.0,0.0,0.92,0.92,6.46,4,2,8
399,a,,,7.8,14,9,1,-1,3,-3,30.1,7,3,25,3,8.3,6,4,4,111,8.3,5,3,1.1,3.2,0,2283859,214651,357391,234047,8.3,8.3,0.56,1.35,1.91,1.62,0.29,0.7,0.99,0.84,121.4,3,2,148.8,2,2,77.0,20,12,34.8,2,2,1.0,1.0,,3,,Rayan,Cherki,Cherki,,,173,2,2,1,1,0,0,0,1,0,0,2,6,,,,0.0,0.52,0.52,1.04,3.12,0,0,6
400,i,0.0,0.0,7.4,19,12,0,0,-1,1,0.8,214,67,0,0,0.0,650,289,0,0,0.0,650,289,0.0,0.0,0,1140,193,114273,9887,0.0,0.0,0.0,0.0,0.0,0.0,0.0,0.0,0.0,0.0,0.0,651,290,0.0,651,290,0.0,651,290,0.0,651,290,,,3.0,3,,Jérémy,Doku,Doku,Calf injury - Expected back 13 Sep,,0,0,0,0,0,0,0,0,0,0,0,0,0,,,,0.0,0.0,0.0,0.0,0.0,0,0,0
402,u,0.0,0.0,6.5,36,24,0,0,0,0,0.0,597,251,0,0,0.0,647,287,0,0,0.0,647,287,0.0,0.0,0,0,0,1135,70,0.0,0.0,0.0,0.0,0.0,0.0,0.0,0.0,0.0,0.0,0.0,647,288,0.0,648,288,0.0,647,288,0.0,647,288,,,,3,,Rodrigo 'Rodri',Hernandez Cascante,Rodrigo,Has joined Barcelona permanently,,0,0,0,0,0,0,0,0,0,0,0,0,0,,,,0.0,0.0,0.0,0.0,0.0,0,0,0
2,a,,,4.9,368,18,-1,1,-1,1,0.1,463,52,0,0,0.0,533,66,0,0,0.0,533,66,0.0,0.0,0,1145,224,3204,601,0.0,0.0,0.0,0.0,0.0,0.0,0.0,0.0,0.0,0.0,0.0,510,66,0.0,510,53,0.0,469,52,0.0,516,66,,,,3,,Kepa,Arrizabalaga Revuelta,Arrizabalaga,,,0,0,0,0,0,0,0,0,0,0,0,0,0,,,,0.0,0.0,0.0,0.0,0.0,0,0,0
26,a,,,7.5,17,6,0,0,0,0,7.6,56,8,16,8,5.3,49,4,2,77,5.3,45,4,0.7,2.1,0,379911,119784,227438,47224,5.3,5.3,0.55,0.33,0.88,0.8,0.19,0.12,0.31,0.28,82.6,38,4,53.6,53,2,105.0,9,5,24.1,15,4,,,,3,,Kai,Havertz,Havertz,,,257,2,0,2,1,0,0,0,0,0,0,3,8,,,,0.0,0.7,0.35,1.05,2.8,0,3,5
35,a,,,5.0,331,198,0,0,0,0,0.1,473,187,1,0,1.0,321,141,0,3,0.3,365,169,0.1,0.2,0,2060,479,3016,775,0.3,0.3,0.0,0.0,0.0,0.22,0.0,0.0,0.0,1.24,2.2,340,156,0.5,330,163,0.0,561,229,0.3,352,162,,,,3,,Lamare,Bogarde,Bogarde,,,16,0,0,0,0,0,0,0,0,0,0,0,1,,,,0.0,0.0,0.0,0.0,5.62,0,1,0
41,a,,,5.9,90,59,-1,1,-1,1,1.0,188,58,7,3,2.3,182,79,0,15,2.3,165,73,0.4,1.2,0,32447,6829,59429,13426,2.3,2.3,0.78,0.16,0.94,4.88,0.28,0.06,0.34,1.76,5.0,307,136,40.3,91,62,24.0,115,59,6.3,204,93,3.0,1.0,1.0,3,,Emiliano,Buendía Stati,Buendía,,,249,0,0,1,5,0,0,0,0,0,0,3,14,,,,0.0,0.36,1.81,1.08,5.06,2,3,9
404,u,0.0,0.0,6.0,69,47,0,0,0,0,0.0,515,209,0,0,0.0,641,281,0,0,0.0,641,281,0.0,0.0,0,0,0,7733,413,0.0,0.0,0.0,0.0,0.0,0.0,0.0,0.0,0.0,0.0,0.0,638,282,0.0,641,282,0.0,639,281,0.0,640,282,,,,3,,Tijjani,Reijnders,Reijnders,Has joined Al Qadsiah permanently,,0,0,0,0,0,0,0,0,0,0,0,0,0,,,,0.0,0.0,0.0,0.0,0.0,0,0,0
406,a,,,5.4,190,118,-1,1,-1,1,0.1,449,177,2,0,1.0,328,146,0,12,0.7,314,143,0.1,0.4,0,1811,335,4411,975,0.7,0.7,0.0,0.02,0.02,0.1,0.0,0.04,0.04,0.21,4.2,314,141,5.2,238,126,0.0,583,244,0.9,326,149,,,,3,,Mateo,Kovačić,Kovačić,,,42,0,0,0,0,0,0,0,0,0,0,0,2,,,,0.0,0.0,0.0,0.0,4.29,0,0,2
407,u,0.0,0.0,4.9,411,248,0,0,-1,1,0.0,600,254,0,0,0.0,553,226,0,0,0.0,553,226,0.0,0.0,0,250,0,1089,286,0.0,0.0,0.0,0.0,0.0,0.0,0.0,0.0,0.0,0.0,0.0,534,216,0.0,534,223,0.0,497,195,0.0,542,221,,,,3,,Claudio,Echeverri,Echeverri,Has joined Benfica on loan for the rest of the season,,0,0,0,0,0,0,0,0,0,0,0,0,0,,,,0.0,0.0,0.0,0.0,0.0,0,0,0
408,u,0.0,0.0,5.0,248,153,0,0,0,0,0.0,628,272,0,0,0.0,558,230,0,0,0.0,558,230,0.0,0.0,0,0,0,506,45,0.0,0.0,0.0,0.0,0.0,0.0,0.0,0.0,0.0,0.0,0.0,541,221,0.0,542,228,0.0,512,205,0.0,548,225,,,,3,,Kalvin,Phillips,Phillips,Has joined Sheffield United on loan for the rest of the season,,0,0,0,0,0,0,0,0,0,0,0,0,0,,,,0.0,0.0,0.0,0.0,0.0,0,0,0
409,u,0.0,0.0,4.5,541,278,0,0,0,0,0.1,405,153,0,0,0.0,508,198,0,0,0.0,508,198,0.0,0.0,0,1621,0,8955,2494,0.0,0.0,0.0,0.0,0.0,0.0,0.0,0.0,0.0,0.0,0.0,485,185,0.0,484,193,0.0,442,162,0.0,491,189,,,,3,,Divine,Mukasa,Mukasa,has joined West Ham on loan for the rest of the seaon.,,0,0,0,0,0,0,0,0,0,0,0,0,0,,,,0.0,0.0,0.0,0.0,0.0,0,0,0
410,u,0.0,0.0,4.9,417,254,0,0,-1,1,0.0,601,255,0,0,0.0,554,227,0,0,0.0,554,227,0.0,0.0,0,219,0,1019,284,0.0,0.0,0.0,0.0,0.0,0.0,0.0,0.0,0.0,0.0,0.0,535,217,0.0,536,225,0.0,502,200,0.0,543,222,,,,3,,Jeremy,Monga,Monga,Has joined Swansea City on loan for the rest of the season,,0,0,0,0,0,0,0,0,0,0,0,0,0,,,,0.0,0.0,0.0,0.0,0.0,0,0,0
411,a,,,15.5,1,1,0,0,0,0,71.3,2,2,24,9,8.0,10,1,6,106,8.0,9,1,0.5,1.5,0,580032,109854,222453,78091,8.0,8.0,2.46,0.5,2.96,2.68,0.82,0.17,0.99,0.89,121.6,2,1,18.9,175,21,164.0,1,1,30.4,4,1,,,1.0,3,,Erling,Haaland,Haaland,,,270,3,0,1,2,0,0,0,0,0,0,3,15,,,,0.0,0.33,0.67,1.0,5.0,0,8,7
481,a,100.0,100.0,6.3,53,37,-1,1,-2,2,4.5,78,26,8,3,2.7,158,68,0,62,2.7,143,63,0.4,1.3,0,63587,12231,342086,55862,2.7,2.7,0.09,0.64,0.73,2.58,0.03,0.25,0.28,1.0,58.8,82,26,69.1,36,31,18.0,130,66,14.6,61,40,2.0,,,3,,Elliot,Anderson,Anderson,,,233,0,0,1,2,0,0,0,1,0,0,3,31,,,,0.0,0.39,0.77,1.16,11.97,8,9,14
616,a,,,5.5,187,117,0,0,0,0,0.2,359,130,2,1,1.0,351,162,0,8,1.0,275,125,0.2,0.4,0,15255,2901,6519,2912,1.0,1.0,0.0,0.12,0.12,0.37,0.0,0.49,0.49,1.51,13.0,251,104,4.8,241,129,0.0,623,271,1.8,299,133,,,,3,,Ayyoub,Bouaddi,Bouaddi,,,22,0,0,0,0,0,0,0,0,0,0,0,6,,,,0.0,0.0,0.0,0.0,24.55,0,3,3
621,a,,,4.5,554,285,0,0,0,0,0.1,408,155,2,1,1.0,292,121,0,8,1.0,254,111,0.2,0.4,0,9414,2736,3624,1698,1.0,1.0,0.1,0.0,0.1,0.02,0.82,0.0,0.82,0.16,5.2,303,133,0.5,328,161,3.0,253,121,0.8,331,151,,,,3,,Ryan,McAidoo,McAidoo,,,11,0,0,0,0,0,0,0,0,0,0,0,4,,,,0.0,0.0,0.0,0.0,32.73,2,0,2
622,a,,,4.0,639,200,0,0,0,0,0.2,352,132,1,0,1.0,269,98,0,3,0.5,334,117,0.1,0.2,0,12709,3425,4295,2090,0.5,0.5,0.0,0.0,0.0,0.0,0.0,0.0,0.0,0.0,0.6,353,129,0.8,310,117,0.0,344,138,0.1,362,129,,,,3,,Kaden,Braithwaite,Braithwaite,,,1,0,0,0,0,0,0,0,0,0,0,0,0,,,,0.0,0.0,0.0,0.0,0.0,0,0,1
628,a,,,6.0,82,54,0,0,0,0,0.0,625,269,0,0,0.0,643,283,0,0,0.0,643,283,0.0,0.0,0,536,236,225,138,2.2,2.2,0.0,0.0,0.0,0.0,0.0,0.0,0.0,0.0,0.0,643,284,0.0,644,284,0.0,642,283,0.0,643,284,,,,3,,Allan,Andrade Elias,Allan,,,0,0,0,0,0,0,0,0,0,0,0,0,0,,,,0.0,0.0,0.0,0.0,0.0,0,0,0
653,a,,,4.5,544,280,0,0,0,0,0.0,522,213,0,0,0.0,511,200,0,0,0.0,511,200,0.0,0.0,0,2279,2279,574,574,1.0,1.0,0.0,0.0,0.0,0.0,0.0,0.0,0.0,0.0,0.0,488,187,0.0,487,195,0.0,445,164,0.0,494,191,,,,3,,Floyd,Samba,Samba,,,0,0,0,0,0,0,0,0,0,0,0,0,0,,,,0.0,0.0,0.0,0.0,0.0,0,0,0
43,a,100.0,100.0,5.9,88,57,0,0,-1,1,1.8,135,42,8,2,2.7,157,67,0,56,2.7,142,62,0.5,1.4,0,30611,5214,111541,24329,2.7,2.7,0.56,0.28,0.84,4.01,0.2,0.1,0.3,1.47,56.8,91,32,76.5,27,24,33.0,89,49,16.7,43,31,,,3.0,3,,Youri,Tielemans,Tielemans,,,246,0,0,0,6,0,0,0,0,0,0,3,25,,,,0.0,0.0,2.2,1.1,9.15,2,6,17
131,i,0.0,0.0,5.0,335,200,0,0,0,0,0.1,382,140,0,0,0.0,592,248,0,0,0.0,592,248,0.0,0.0,0,4662,642,11129,1734,0.0,0.0,0.0,0.0,0.0,0.0,0.0,0.0,0.0,0.0,0.0,577,241,0.0,584,247,0.0,563,231,0.0,584,244,,,,3,,Carlos,Baleba,Baleba,Ankle injury - Expected back 19 Sep,,0,0,0,0,0,0,0,0,0,0,0,0,0,,,,0.0,0.0,0.0,0.0,0.0,0,0,0
162,a,,,4.9,404,242,0,0,-1,1,0.7,220,70,4,1,1.3,252,113,0,23,1.3,223,100,0.3,0.8,0,17568,2766,50354,10902,1.3,1.3,0.0,0.24,0.24,2.03,0.0,0.26,0.26,2.23,24.8,201,80,5.5,236,125,8.0,203,102,3.9,244,105,,,,3,,Andrey,Nascimento dos Santos,Andrey Santos,,,82,0,0,0,4,0,0,0,0,0,0,1,18,,,,0.0,0.0,4.39,1.1,19.76,4,7,7
325,a,100.0,100.0,4.5,425,23,0,0,0,0,0.0,510,57,0,0,0.0,447,46,0,0,0.0,447,46,0.0,0.0,0,753,171,979,260,0.0,0.0,0.0,0.0,0.0,0.0,0.0,0.0,0.0,0.0,0.0,422,46,0.0,417,27,0.0,364,24,0.0,428,46,,,,3,,Karl,Darlow,Darlow,,,0,0,0,0,0,0,0,0,0,0,0,0,0,,,,0.0,0.0,0.0,0.0,0.0,0,0,0
413,u,0.0,0.0,4.5,488,39,0,0,0,0,0.0,591,69,0,0,0.0,474,59,0,0,0.0,474,59,0.0,0.0,0,0,0,988,108,0.0,0.0,0.0,0.0,0.0,0.0,0.0,0.0,0.0,0.0,0.0,450,59,0.0,448,43,0.0,400,40,0.0,456,59,,,,3,,Altay,Bayındır,Bayindir,Has joined Celta Vigo on loan for the rest of the season,,0,0,0,0,0,0,0,0,0,0,0,0,0,,,,0.0,0.0,0.0,0.0,0.0,0,0,0
416,i,0.0,0.0,5.0,265,40,0,0,0,0,0.0,559,191,0,0,0.0,563,202,0,0,0.0,563,202,0.0,0.0,0,287,74,1181,220,0.0,0.0,0.0,0.0,0.0,0.0,0.0,0.0,0.0,0.0,0.0,547,201,0.0,549,201,0.0,522,197,0.0,553,200,,,,3,,Matthijs,de Ligt,De Ligt,Back injury - Unknown return date,,0,0,0,0,0,0,0,0,0,0,0,0,0,,,,0.0,0.0,0.0,0.0,0.0,0,0,0
44,u,0.0,0.0,5.4,198,124,0,0,-1,1,0.1,446,176,0,0,0.0,612,260,0,0,0.0,612,260,0.0,0.0,0,2096,0,9954,3573,0.0,0.0,0.0,0.0,0.0,0.0,0.0,0.0,0.0,0.0,0.0,597,253,0.0,604,259,0.0,588,248,0.0,604,256,,,,3,,Leon,Bailey,Bailey,Has joined Olympiakos permanently,,0,0,0,0,0,0,0,0,0,0,0,0,0,,,,0.0,0.0,0.0,0.0,0.0,0,0,0
417,a,,,4.9,377,69,-1,1,-1,1,2.0,124,50,4,1,1.3,251,90,0,26,1.3,221,83,0.3,0.8,0,19955,2754,93201,20884,1.3,1.3,0.16,0.13,0.29,1.98,0.09,0.07,0.16,1.07,28.8,190,84,76.2,28,4,39.0,73,13,14.5,62,15,,,,3,,Diogo,Dalot Teixeira,Dalot,,,166,0,0,0,2,0,0,0,1,0,0,2,11,,,,0.0,0.0,1.08,1.08,5.96,4,7,5
418,a,,,4.9,365,65,-1,1,-1,1,12.1,35,12,7,2,2.3,172,69,0,29,2.3,154,63,0.5,1.4,0,114900,12167,603122,206098,2.3,2.3,0.07,0.42,0.49,4.08,0.02,0.14,0.16,1.36,59.4,79,39,31.4,120,35,27.0,104,27,11.8,92,25,,,,3,,Harry,Maguire,Maguire,,,270,0,1,0,6,0,0,0,1,0,0,3,21,,,,0.0,0.0,2.0,1.0,7.0,1,20,11
419,a,100.0,100.0,5.0,275,44,0,0,0,0,1.2,168,68,4,3,2.0,204,79,0,9,1.3,224,84,0.3,0.8,0,18827,3878,45974,8281,1.3,1.3,0.03,0.06,0.09,3.07,0.02,0.03,0.05,1.54,33.8,173,76,2.1,278,99,3.0,256,94,3.9,245,93,,,,3,,Lisandro,Martínez,Martinez,,,180,0,0,0,4,0,0,0,0,0,0,2,10,,,,0.0,0.0,2.0,1.0,5.0,0,10,8
420,a,,,4.9,408,77,0,0,-1,1,0.5,248,92,2,1,1.0,302,121,0,-1,0.7,301,111,0.1,0.4,0,3902,631,26643,4703,0.7,0.7,0.0,0.02,0.02,1.09,0.0,0.08,0.08,4.46,7.8,281,113,2.4,272,96,2.0,271,104,1.3,313,116,,,,3,,Leny,Yoro,Yoro,,,22,0,0,0,2,0,0,0,0,0,0,0,5,,,,0.0,0.0,8.18,0.0,20.45,2,3,1
421,a,,,4.4,575,158,-1,1,-1,1,0.3,293,106,1,0,1.0,276,105,0,5,0.3,340,123,0.1,0.2,0,4979,591,16972,3820,0.3,0.3,0.12,0.04,0.16,1.01,0.12,0.04,0.16,1.01,6.8,287,114,2.6,264,91,11.0,184,64,2.0,293,108,,,,3,,Ayden,Heaven,Heaven,,,90,0,0,0,2,0,0,0,0,0,0,1,2,,,,0.0,0.0,2.0,1.0,2.0,1,1,4
422,a,,,4.4,570,153,-1,1,-1,1,0.6,241,89,3,1,1.0,272,101,0,6,1.0,247,90,0.2,0.7,0,10058,960,26389,7274,1.0,1.0,0.22,0.06,0.28,2.08,0.2,0.06,0.26,1.93,21.0,216,92,31.2,122,36,11.0,183,63,6.4,201,77,,,,3,,Noussair,Mazraoui,Mazraoui,,,97,0,0,0,4,0,0,0,0,0,0,1,6,,,,0.0,0.0,3.71,0.93,5.57,2,4,3
423,a,,,4.4,565,148,-1,1,-1,1,13.7,31,10,7,4,2.3,167,65,0,47,2.3,147,57,0.5,1.6,0,89459,16073,654352,203373,2.3,2.3,0.02,0.51,0.53,3.01,0.01,0.18,0.19,1.08,86.0,33,10,85.6,20,3,13.0,164,55,18.4,34,4,3.0,,,3,,Luke,Shaw,Shaw,,,252,0,1,0,4,0,0,0,1,0,0,3,20,,,,0.0,0.0,1.43,1.07,7.14,6,14,6
425,u,0.0,0.0,4.0,635,196,0,0,0,0,0.0,585,198,0,0,0.0,428,156,0,0,0.0,428,156,0.0,0.0,0,0,0,1125,116,0.0,0.0,0.0,0.0,0.0,0.0,0.0,0.0,0.0,0.0,0.0,403,152,0.0,398,152,0.0,340,134,0.0,409,150,,,,3,,Tyler,Fredricson,Fredricson,Has joined Lausanne-Sport permanently,,0,0,0,0,0,0,0,0,0,0,0,0,0,,,,0.0,0.0,0.0,0.0,0.0,0,0,0
426,a,,,12.0,2,1,0,0,0,0,45.6,4,1,27,2,9.0,3,3,3,116,9.0,2,2,0.8,2.2,0,502331,81981,917987,354325,9.0,9.0,2.25,0.8,3.05,4.08,0.75,0.27,1.02,1.36,156.0,1,1,151.5,1,1,97.0,13,7,40.5,1,1,1.0,1.0,1.0,3,,Bruno,Borges Fernandes,B.Fernandes,,,270,3,1,0,6,0,0,0,0,0,0,3,16,,,,0.0,0.0,2.0,1.0,5.33,2,2,12
427,a,,,7.9,11,8,-1,1,-1,1,25.2,9,5,21,8,7.0,24,10,3,78,7.0,23,9,0.9,2.7,0,269219,94366,1332010,266910,7.0,7.0,2.31,0.47,2.78,4.08,0.77,0.16,0.93,1.36,95.0,20,10,85.1,21,18,102.0,11,5,28.3,8,6,2.0,2.0,2.0,3,,Bryan,Mbeumo,Mbeumo,,,270,2,1,0,6,0,0,0,1,0,0,3,17,,,,0.0,0.0,2.0,1.0,5.67,3,4,10
428,a,,,7.9,10,7,-1,1,-1,1,6.9,60,20,14,3,4.7,63,30,1,55,4.7,58,29,0.6,1.8,0,56866,6428,342907,92183,4.7,4.7,0.47,0.41,0.88,2.72,0.19,0.16,0.35,1.08,28.2,194,74,62.0,39,34,73.0,25,14,16.4,50,36,,,,3,,Matheus,Santos Carneiro da Cunha,Cunha,,,227,0,2,1,3,0,0,0,0,0,0,3,8,,,,0.0,0.4,1.19,1.19,3.17,2,0,6
429,a,,,7.0,25,16,0,0,0,0,1.6,144,45,6,3,2.0,225,100,0,37,2.0,196,91,0.3,0.9,0,52827,14952,77665,17732,2.0,2.0,0.26,0.21,0.47,1.8,0.12,0.1,0.22,0.84,31.4,186,70,95.4,16,15,70.0,27,16,19.6,28,21,,3.0,,3,,Marcus,Rashford,Rashford,,,193,0,0,1,1,0,0,0,0,0,0,2,11,,,,0.0,0.47,0.47,0.93,5.13,3,0,8
430,a,100.0,75.0,5.4,195,121,0,0,-1,1,0.0,558,230,0,0,0.0,611,259,0,0,0.0,611,259,0.0,0.0,0,280,185,1459,174,0.0,0.0,0.0,0.0,0.0,0.0,0.0,0.0,0.0,0.0,0.0,596,252,0.0,603,258,0.0,586,246,0.0,603,255,,4.0,,3,,Mason,Mount,Mount,,,0,0,0,0,0,0,0,0,0,0,0,0,0,,,,0.0,0.0,0.0,0.0,0.0,0,0,0
431,i,0.0,0.0,5.8,111,71,0,0,-2,2,0.4,266,89,0,0,0.0,633,275,0,0,0.0,633,275,0.0,0.0,0,1941,122,110457,8195,0.0,0.0,0.0,0.0,0.0,0.0,0.0,0.0,0.0,0.0,0.0,626,274,0.0,631,275,0.0,625,272,0.0,630,274,4.0,,,3,,Amad,Diallo,Amad,Unspecified injury - Unknown return date,,0,0,0,0,0,0,0,0,0,0,0,0,0,,,,0.0,0.0,0.0,0.0,0.0,0,0,0
432,a,,,5.5,172,106,0,0,0,0,1.3,162,50,14,9,4.7,62,29,2,64,4.7,57,28,0.9,2.5,0,42083,19141,34276,7452,4.7,4.7,0.21,0.35,0.56,2.05,0.1,0.17,0.27,1.0,52.2,110,40,34.2,114,72,11.0,187,92,9.7,128,63,,,,3,,Kobbie,Mainoo,Mainoo,,,185,0,1,0,2,0,0,0,0,0,0,2,31,,,,0.0,0.0,0.97,0.97,15.08,5,5,21
433,i,0.0,0.0,5.0,281,172,0,0,0,0,0.0,634,275,0,0,0.0,569,236,0,0,0.0,569,236,0.0,0.0,0,74,18,193,36,0.0,0.0,0.0,0.0,0.0,0.0,0.0,0.0,0.0,0.0,0.0,553,228,0.0,555,234,0.0,530,215,0.0,560,231,,,,3,,Manuel,Ugarte Ribeiro,Ugarte,Knee injury - Unknown return date,,0,0,0,0,0,0,0,0,0,0,0,0,0,,,,0.0,0.0,0.0,0.0,0.0,0,0,0
45,a,,,5.4,191,119,0,0,-1,1,2.3,117,36,5,3,1.7,234,103,0,16,1.7,207,94,0.3,0.9,0,34076,9579,109482,20347,1.7,1.7,0.77,0.09,0.86,5.23,0.27,0.03,0.3,1.8,3.0,331,149,20.0,170,96,15.0,154,76,3.3,259,113,2.0,,,3,,John,McGinn,McGinn,,,261,0,0,1,5,0,0,0,2,0,0,3,15,,,,0.0,0.34,1.72,1.03,5.17,4,4,7
434,a,,,4.9,407,245,-1,1,-1,1,0.0,598,252,0,0,0.0,552,225,0,0,0.0,552,225,0.0,0.0,0,198,73,473,118,0.0,0.0,0.0,0.0,0.0,0.0,0.0,0.0,0.0,0.0,0.0,531,213,0.0,532,221,0.0,494,192,0.0,539,218,,,,3,,Jack,Fletcher,J.Fletcher,,,0,0,0,0,0,0,0,0,0,0,0,0,0,,,,0.0,0.0,0.0,0.0,0.0,0,0,0
435,a,,,4.9,412,249,-1,1,-1,1,0.1,497,199,1,0,1.0,305,129,0,3,0.3,356,162,0.1,0.2,0,760,135,2170,542,0.3,0.3,0.0,0.0,0.0,0.0,0.0,0.0,0.0,0.0,0.2,358,167,0.6,322,159,0.0,498,196,0.1,363,169,,,,3,,Shea,Lacey,Lacey,,,10,0,0,0,0,0,0,0,0,0,0,0,1,,,,0.0,0.0,0.0,0.0,9.0,0,0,1
436,u,0.0,0.0,5.0,313,187,0,0,0,0,0.0,595,250,0,0,0.0,583,244,0,0,0.0,583,244,0.0,0.0,0,150,0,821,206,0.0,0.0,0.0,0.0,0.0,0.0,0.0,0.0,0.0,0.0,0.0,568,237,0.0,574,243,0.0,552,226,0.0,575,240,,,,3,,Toby,Collyer,Collyer,Has joined West Brom permanently,,0,0,0,0,0,0,0,0,0,0,0,0,0,,,,0.0,0.0,0.0,0.0,0.0,0,0,0
437,a,,,4.5,537,276,0,0,0,0,0.2,348,126,0,0,0.0,506,197,0,0,0.0,506,197,0.0,0.0,0,3751,1028,6487,1420,0.0,0.0,0.0,0.0,0.0,0.0,0.0,0.0,0.0,0.0,0.0,483,184,0.0,482,192,0.0,440,161,0.0,489,188,,,,3,,Bendito,Mantato,Bendito Mantato,,,0,0,0,0,0,0,0,0,0,0,0,0,0,,,,0.0,0.0,0.0,0.0,0.0,0,0,0
438,a,,,4.5,518,271,0,0,0,0,0.3,297,102,0,0,0.0,490,192,0,0,0.0,490,192,0.0,0.0,0,4207,995,10450,2146,0.0,0.0,0.0,0.0,0.0,0.0,0.0,0.0,0.0,0.0,0.0,466,179,0.0,466,187,0.0,423,156,0.0,472,183,,,,3,,Tyler,Fletcher,Fletcher,,,0,0,0,0,0,0,0,0,0,0,0,0,0,,,,0.0,0.0,0.0,0.0,0.0,0,0,0
439,a,100.0,100.0,7.0,29,10,0,0,0,0,1.6,141,21,7,5,2.3,185,20,0,35,2.3,168,15,0.3,1.0,0,61176,15041,79751,16125,2.3,2.3,0.33,0.01,0.34,1.43,0.56,0.02,0.58,2.43,33.4,175,13,11.2,216,27,32.0,93,22,7.6,167,19,,,,3,,Benjamin,Sesko,Šeško,,,53,1,0,0,3,0,0,0,0,0,0,0,3,,,,0.0,0.0,5.09,0.0,5.09,0,0,3
440,a,,,5.4,214,48,0,0,-1,1,0.4,262,45,0,0,0.0,615,72,0,0,0.0,615,72,0.0,0.0,0,10377,2717,31866,5829,0.0,0.0,0.0,0.0,0.0,0.0,0.0,0.0,0.0,0.0,0.0,600,65,0.0,607,70,0.0,592,67,0.0,607,69,,,,3,,Joshua,Zirkzee,Zirkzee,,,0,0,0,0,0,0,0,0,0,0,0,0,0,,,,0.0,0.0,0.0,0.0,0.0,0,0,0
405,a,,,5.5,160,96,0,0,0,0,0.3,317,112,4,2,2.0,216,96,0,20,1.3,230,104,0.2,0.7,0,15197,2674,7047,2332,1.3,1.3,0.0,0.21,0.21,2.07,0.0,0.13,0.13,1.28,13.4,250,103,41.9,83,58,2.0,285,137,5.8,212,97,,,,3,,Nico,González Iglesias,N.Gonzalez,,,146,0,0,1,2,0,0,0,1,0,0,2,11,,,,0.0,0.62,1.23,1.23,6.78,0,3,8
442,a,,,4.9,366,17,-1,1,-1,1,1.0,186,28,0,0,0.0,531,65,0,0,0.0,531,65,0.0,0.0,0,9784,2126,39821,8308,0.0,0.0,0.0,0.0,0.0,0.0,0.0,0.0,0.0,0.0,0.0,508,65,0.0,508,52,0.0,467,51,0.0,514,65,,,,3,,Nick,Pope,Pope,,,0,0,0,0,0,0,0,0,0,0,0,0,0,,,,0.0,0.0,0.0,0.0,0.0,0,0,0
443,a,,,4.5,428,26,0,0,0,0,0.0,531,59,0,0,0.0,448,47,0,0,0.0,448,47,0.0,0.0,0,499,98,810,197,0.0,0.0,0.0,0.0,0.0,0.0,0.0,0.0,0.0,0.0,0.0,423,47,0.0,420,30,0.0,367,27,0.0,429,47,,,,3,,Mark,Gillespie,Gillespie,,,0,0,0,0,0,0,0,0,0,0,0,0,0,,,,0.0,0.0,0.0,0.0,0.0,0,0,0
444,a,,,4.5,528,48,0,0,0,0,0.0,557,64,0,0,0.0,499,64,0,0,0.0,499,64,0.0,0.0,0,393,87,1013,204,0.0,0.0,0.0,0.0,0.0,0.0,0.0,0.0,0.0,0.0,0.0,475,64,0.0,475,50,0.0,432,49,0.0,481,64,,,,3,,Ewen,Jaouen,Jaouen,,,0,0,0,0,0,0,0,0,0,0,0,0,0,,,,0.0,0.0,0.0,0.0,0.0,0,0,0
445,a,,,5.0,299,51,0,0,0,0,2.1,121,49,8,-1,2.7,148,60,0,25,2.7,131,53,0.5,1.6,0,119309,27274,70649,27788,2.7,2.7,0.0,0.07,0.07,5.47,0.0,0.02,0.02,1.82,52.2,109,51,14.0,195,64,2.0,273,105,6.8,189,72,,,,3,,Malick,Thiaw,Thiaw,,,270,0,0,1,4,1,0,0,0,0,0,3,21,,,,0.0,0.33,1.33,1.0,7.0,0,21,6
446,a,100.0,100.0,5.0,244,36,0,0,0,0,0.2,324,118,1,0,1.0,311,122,0,-1,0.3,359,131,0.1,0.2,0,4756,806,9350,2572,0.3,0.3,0.0,0.0,0.0,0.79,0.0,0.0,0.0,71.1,0.0,539,199,0.0,540,199,0.0,509,194,0.0,546,198,,2.0,,3,,Fabian,Schär,Schär,,,1,0,0,0,1,0,0,0,0,0,0,0,0,,,,0.0,0.0,90.0,0.0,0.0,0,0,0
448,i,0.0,0.0,4.9,364,64,0,0,-1,1,1.0,194,73,0,0,0.0,530,197,0,0,0.0,530,197,0.0,0.0,0,6986,190,136192,13913,0.0,0.0,0.0,0.0,0.0,0.0,0.0,0.0,0.0,0.0,0.0,507,194,0.0,507,194,0.0,466,188,0.0,513,192,,,,3,,Dan,Burn,Burn,Ankle injury - Expected back 14 Sep,,0,0,0,0,0,0,0,0,0,0,0,0,0,,,,0.0,0.0,0.0,0.0,0.0,0,0,0
449,a,,,5.1,237,35,0,0,1,-1,12.1,33,11,18,4,6.0,35,16,3,80,6.0,32,15,1.2,3.5,0,939083,309746,162265,62763,6.0,6.0,0.04,0.67,0.71,5.45,0.01,0.22,0.23,1.82,89.0,28,8,55.9,47,7,7.0,216,74,15.1,58,13,1.0,1.0,,3,,Lewis,Hall,Hall,,,269,0,1,1,4,0,0,0,0,0,0,3,30,,,,0.0,0.33,1.34,1.0,10.04,8,22,27
451,u,0.0,0.0,4.0,634,195,0,0,0,0,0.1,474,168,0,0,0.0,427,155,0,0,0.0,427,155,0.0,0.0,0,0,0,5804,702,0.0,0.0,0.0,0.0,0.0,0.0,0.0,0.0,0.0,0.0,0.0,402,151,0.0,397,151,0.0,339,133,0.0,408,149,,,,3,,Alex,Murphy,A.Murphy,Has joined FC Kaiserslautern on loan for the rest of the season,,0,0,0,0,0,0,0,0,0,0,0,0,0,,,,0.0,0.0,0.0,0.0,0.0,0,0,0
453,a,,,6.0,64,44,0,0,0,0,2.0,122,38,17,12,5.7,43,21,2,58,5.7,38,19,1.0,2.8,0,156415,116233,62782,29711,5.7,5.7,0.22,0.06,0.28,5.47,0.07,0.02,0.09,1.82,45.4,131,48,27.3,135,80,39.0,75,44,11.2,105,55,5.0,,,3,,Harvey,Barnes,Barnes,,,270,1,1,1,4,0,0,0,0,0,0,3,18,,,,0.0,0.33,1.33,1.0,6.0,3,7,8
454,a,,,6.1,58,41,0,0,1,-1,11.0,41,15,18,1,6.0,41,19,2,71,6.0,36,17,1.0,3.0,0,1114507,208394,224591,118249,6.0,6.0,0.42,0.34,0.76,4.01,0.16,0.13,0.29,1.56,82.6,37,16,50.6,61,45,61.0,43,28,19.4,29,22,4.0,,,3,,Anthony,Elanga,Elanga,,,232,2,0,1,3,0,0,0,1,0,0,3,9,,,,0.0,0.39,1.16,1.16,3.49,4,2,3
456,a,,,4.9,382,228,-1,1,-1,1,0.3,286,96,7,6,2.3,173,72,0,26,2.3,155,66,0.5,1.4,0,10827,7586,14185,2953,2.3,2.3,0.17,0.16,0.33,1.92,0.22,0.21,0.43,2.5,40.4,148,54,6.3,232,122,21.0,120,62,6.7,193,89,,,,3,,Jacob,Ramsey,J.Ramsey,,,69,1,0,0,1,0,0,0,1,0,0,0,11,,,,0.0,0.0,1.3,0.0,14.35,2,3,6
50,a,,,4.5,560,288,0,0,0,0,0.7,229,75,0,0,0.0,524,206,0,0,0.0,524,206,0.0,0.0,0,17160,4942,21423,5542,0.0,0.0,0.0,0.0,0.0,0.0,0.0,0.0,0.0,0.0,0.0,501,193,0.0,500,201,0.0,459,170,0.0,507,197,,,,3,,Bradley,Burrowes,Burrowes,,,0,0,0,0,0,0,0,0,0,0,0,0,0,,,,0.0,0.0,0.0,0.0,0.0,0,0,0
447,a,,,5.0,272,42,0,0,0,0,0.7,232,87,9,1,3.0,129,51,0,29,3.0,115,44,0.6,1.8,0,29570,5233,15594,5471,3.0,3.0,0.01,0.17,0.18,5.47,0.0,0.06,0.06,1.82,69.6,57,26,3.0,260,89,6.0,226,80,7.9,159,63,,,,3,,Sven,Botman,Botman,,,270,0,0,1,4,0,0,0,1,0,0,3,24,,,,0.0,0.33,1.33,1.0,8.0,2,22,9
457,a,,,5.9,86,56,0,0,-1,1,0.1,387,142,2,1,0.7,380,179,0,7,0.7,325,149,0.1,0.3,0,2525,693,7508,1354,0.7,0.7,0.0,0.2,0.2,1.46,0.0,0.51,0.51,3.75,2.4,337,154,3.5,253,134,4.0,248,118,0.9,327,150,2.0,,,3,,Jacob,Murphy,J.Murphy,,,35,0,0,0,1,0,0,0,1,0,0,0,6,,,,0.0,0.0,2.57,0.0,15.43,1,1,4
458,i,0.0,0.0,5.4,194,120,0,0,-1,1,0.0,567,235,0,0,0.0,610,258,0,0,0.0,610,258,0.0,0.0,0,159,25,1901,201,0.0,0.0,0.0,0.0,0.0,0.0,0.0,0.0,0.0,0.0,0.0,595,251,0.0,602,257,0.0,585,245,0.0,602,254,,,,3,,Joelinton Cássio,Apolinário de Lira,Joelinton,Unspecified injury - Unknown return date,,0,0,0,0,0,0,0,0,0,0,0,0,0,,,,0.0,0.0,0.0,0.0,0.0,0,0,0
459,a,100.0,100.0,5.5,177,110,0,0,0,0,0.1,453,178,8,2,2.7,155,66,0,40,2.7,140,61,0.5,1.5,0,4286,684,3038,922,2.7,2.7,0.05,0.07,0.12,4.39,0.02,0.03,0.05,1.74,30.0,188,72,37.2,103,66,5.0,235,115,7.2,180,83,3.0,,,3,,Lewis,Miley,L.Miley,,,227,0,0,1,3,0,0,0,1,0,0,3,26,,,,0.0,0.4,1.19,1.19,10.31,1,10,15
460,a,,,5.0,258,160,0,0,0,0,0.5,257,86,11,2,3.7,93,41,0,34,3.7,85,39,0.7,2.2,0,40974,9984,15515,5841,3.7,3.7,0.52,0.2,0.72,3.57,0.28,0.11,0.39,1.94,44.4,134,50,20.4,168,95,28.0,100,54,8.5,152,72,,,,3,,Joe,Willock,Willock,,,166,1,0,1,3,0,0,0,0,0,0,2,8,,,,0.0,0.54,1.63,1.08,4.34,3,2,3
462,a,,,4.9,416,253,-1,1,-1,1,0.1,456,181,3,1,1.0,308,132,0,10,1.0,256,112,0.2,0.6,0,1624,278,4312,965,1.0,1.0,0.0,0.0,0.0,1.9,0.0,0.0,0.0,1.97,7.4,284,121,1.7,288,147,0.0,501,199,1.0,320,145,,,,3,,Sean,Steur,Steur,,,87,0,0,0,1,0,0,0,0,0,0,1,7,,,,0.0,0.0,1.03,1.03,7.24,0,4,3
463,u,0.0,0.0,5.9,104,27,0,0,-1,1,0.7,224,36,4,0,4.0,88,10,0,18,1.3,232,22,0.2,0.7,0,14520,0,118652,31092,0.0,0.0,0.02,0.01,0.03,0.38,0.09,0.05,0.14,1.8,18.2,226,20,10.5,221,28,11.0,188,32,4.0,243,29,,,,3,,Nick,Woltemade,Woltemade,Has joined Juventus on loan for the rest of the season,,19,0,1,0,0,0,0,0,0,0,0,0,0,,,,0.0,0.0,0.0,0.0,0.0,0,0,0
36,a,,,4.5,486,120,0,0,0,0,0.8,213,82,8,7,2.7,144,58,1,15,2.7,127,51,0.6,1.8,0,20873,7035,21267,3784,2.7,2.7,0.1,0.42,0.52,4.88,0.04,0.15,0.19,1.79,24.6,202,86,21.1,163,53,19.0,124,37,6.4,202,78,,,,3,,Ian,Maatsen,Maatsen,,,245,0,0,1,5,0,0,0,1,0,0,3,20,,,,0.0,0.37,1.84,1.1,7.35,6,14,4
46,a,,,5.0,240,150,0,0,0,0,0.3,309,108,7,3,2.3,174,73,0,49,2.3,156,67,0.5,1.4,0,10713,3094,8973,2248,2.3,2.3,0.35,0.13,0.48,5.16,0.13,0.05,0.18,1.94,35.8,164,61,78.8,25,22,24.0,112,57,13.9,68,44,4.0,,,3,,Ross,Barkley,Barkley,,,240,0,0,1,5,0,0,0,0,0,0,3,17,,,,0.0,0.38,1.88,1.12,6.38,3,4,10
461,a,,,5.8,115,75,-1,1,-2,2,0.1,377,138,1,0,1.0,353,164,0,3,0.3,378,178,0.1,0.2,0,1407,237,12920,2232,0.3,0.3,0.0,0.0,0.0,0.0,0.0,0.0,0.0,0.0,0.0,627,275,0.0,632,276,0.0,626,273,0.0,631,275,,,,3,,Bazoumana,Touré,Touré,,,1,0,0,0,0,0,0,0,0,0,0,0,0,,,,0.0,0.0,0.0,0.0,0.0,0,0,0
464,a,,,6.2,57,13,1,-1,2,-2,17.2,22,5,13,1,4.3,74,7,2,51,4.3,69,6,0.7,2.1,0,1639232,361136,257536,144040,4.3,4.3,1.35,0.05,1.4,4.3,0.47,0.02,0.49,1.48,55.6,98,5,33.9,115,11,74.0,22,9,16.3,53,7,,,2.0,3,,Yoane,Wissa,Wissa,,,261,1,1,1,3,0,0,0,2,0,0,3,17,,,,0.0,0.34,1.03,1.03,5.86,5,2,10
465,i,0.0,0.0,5.9,108,29,0,0,-1,1,0.4,263,46,4,0,4.0,89,11,0,18,1.3,234,24,0.2,0.7,0,21078,177,73565,8809,0.0,0.0,0.06,0.14,0.2,1.48,0.1,0.23,0.33,2.42,28.2,193,15,13.7,197,23,8.0,205,34,5.0,227,26,,,1.0,3,,William,Osula,Osula,Foot injury - Unknown return date,,55,0,1,0,1,0,0,0,0,0,0,1,5,,,,0.0,0.0,1.64,1.64,8.18,1,2,2
466,u,0.0,0.0,4.5,547,76,0,0,0,0,0.7,227,37,0,0,0.0,514,57,0,0,0.0,514,57,0.0,0.0,0,23805,0,34703,13179,0.0,0.0,0.0,0.0,0.0,0.0,0.0,0.0,0.0,0.0,0.0,491,50,0.0,490,55,0.0,448,52,0.0,497,54,,,,3,,Sean,Neave,Neave,Has joined Wolves on loan for the rest of the season,,0,0,0,0,0,0,0,0,0,0,0,0,0,,,,0.0,0.0,0.0,0.0,0.0,0,0,0
559,a,,,4.9,415,252,-1,1,-1,1,0.1,414,159,1,0,1.0,307,131,0,5,0.3,357,163,0.1,0.2,0,1922,398,5397,1108,0.3,0.3,0.0,0.0,0.0,1.04,0.0,0.0,0.0,6.69,4.0,317,144,0.0,535,224,0.0,500,198,0.4,342,157,,,,3,,Aladji,Bamba,Bamba,,,14,0,0,0,1,0,0,0,0,0,0,0,2,,,,0.0,0.0,6.43,0.0,12.86,1,1,0
567,a,,,5.0,303,14,0,0,0,0,1.3,163,24,10,2,3.3,110,7,0,56,3.3,99,7,0.7,2.0,0,96317,32519,38724,15359,3.3,3.3,0.0,0.0,0.0,5.47,0.0,0.0,0.0,1.82,109.2,8,1,0.0,567,65,0.0,545,65,10.9,108,2,,,,3,,Lukás,Hornícek,Horníček,,,270,0,0,1,4,0,0,0,1,0,13,3,0,,,,4.33,0.33,1.33,1.0,0.0,0,5,15
593,d,75.0,,4.5,492,123,0,0,0,0,3.4,93,37,13,1,4.3,67,28,2,39,4.3,61,25,1.0,2.9,0,423774,94770,112840,61481,3.2,4.3,0.14,0.08,0.22,5.47,0.05,0.03,0.08,1.82,59.6,77,38,38.0,99,27,15.0,148,48,11.3,100,31,,,,3,,Amar,Dedic,Dedić,Hamstring injury - 75% chance of playing,,270,0,1,1,4,0,0,0,0,0,0,3,18,,,,0.0,0.33,1.33,1.0,6.0,5,13,11
634,a,,,6.0,81,20,0,0,0,0,0.1,437,64,1,1,1.0,362,45,0,4,1.0,282,34,0.2,0.2,0,9832,4448,1770,1184,2.1,2.1,0.0,0.0,0.0,0.04,0.0,0.0,0.0,0.13,0.0,642,75,0.8,314,38,6.0,232,36,0.7,334,38,,,,3,,Matias,Fernandez-Pardo,Fernandez-Pardo,,,27,0,0,0,0,0,0,0,0,0,0,0,1,,,,0.0,0.0,0.0,0.0,3.33,0,0,1
167,a,,,5.5,157,39,0,0,0,0,0.8,207,32,3,2,1.5,247,28,0,15,1.0,272,32,0.2,0.5,0,57736,13050,27532,7990,1.0,1.0,0.13,0.06,0.19,1.22,0.12,0.06,0.18,1.13,6.4,294,29,30.9,123,13,12.0,180,31,4.9,230,27,,,3.0,3,,Liam,Delap,Delap,,,97,0,0,1,1,0,0,0,0,0,0,1,5,,,,0.0,0.93,0.93,0.93,4.64,0,2,3
201,a,,,5.4,207,27,0,0,-1,1,5.9,65,27,1,1,0.5,385,136,0,1,0.3,369,134,0.1,0.2,0,46379,7474,364266,57122,0.3,0.3,0.26,0.01,0.27,1.1,0.28,0.01,0.29,1.16,3.6,322,124,2.6,267,93,25.0,111,33,3.1,263,99,,,,3,,Daniel,Muñoz Mejía,Muñoz,,,85,0,0,0,2,0,0,0,0,0,0,1,5,,,,0.0,0.0,2.12,1.06,5.29,2,3,1
467,a,,,5.0,239,5,0,0,0,0,1.4,157,23,9,6,3.0,127,12,0,38,3.0,114,12,0.6,1.8,0,19884,8130,37159,7190,3.0,3.0,0.0,0.01,0.01,3.28,0.0,0.0,0.0,1.09,33.2,177,19,0.0,538,57,0.0,505,56,3.3,258,19,,,,3,,Matz,Sels,Sels,,,270,0,0,1,3,0,0,0,0,0,4,3,0,,,,1.33,0.33,1.0,1.0,0.0,0,4,26
468,a,,,4.5,463,35,0,0,0,0,0.1,481,55,0,0,0.0,462,56,0,0,0.0,462,56,0.0,0.0,0,555,118,1393,276,0.0,0.0,0.0,0.0,0.0,0.0,0.0,0.0,0.0,0.0,0.0,438,56,0.0,435,39,0.0,385,36,0.0,444,56,,,,3,,John Victor,Maciel Furtado,John,,,0,0,0,0,0,0,0,0,0,0,0,0,0,,,,0.0,0.0,0.0,0.0,0.0,0,0,0
469,a,,,5.0,269,41,0,0,0,0,8.2,51,19,15,7,5.0,51,22,1,57,5.0,47,20,1.0,3.0,0,122547,54879,216484,45652,5.0,5.0,0.12,0.24,0.36,3.28,0.04,0.08,0.12,1.09,61.0,73,36,42.0,82,20,16.0,141,43,11.9,89,22,2.0,2.0,,3,,Neco,Williams,N.Williams,,,270,0,1,1,3,0,0,0,0,0,0,3,24,,,,0.0,0.33,1.0,1.0,8.0,12,12,19
470,u,0.0,0.0,5.0,307,55,0,0,0,0,0.0,551,189,0,0,0.0,578,206,0,0,0.0,578,206,0.0,0.0,0,424,0,2843,810,0.0,0.0,0.0,0.0,0.0,0.0,0.0,0.0,0.0,0.0,0.0,562,205,0.0,568,205,0.0,546,203,0.0,569,205,,,,3,,Felipe,Rodrigues da Silva,Morato,Has joined West Ham on loan for the rest of the season,,0,0,0,0,0,0,0,0,0,0,0,0,0,,,,0.0,0.0,0.0,0.0,0.0,0,0,0
27,u,0.0,0.0,5.9,91,24,0,0,-1,1,0.2,344,54,0,0,0.0,634,76,0,0,0.0,634,76,0.0,0.0,0,4164,0,24629,6342,0.0,0.0,0.0,0.0,0.0,0.0,0.0,0.0,0.0,0.0,0.0,629,71,0.0,633,75,0.0,627,73,0.0,632,74,,,,3,,Gabriel,Fernando de Jesus,G.Jesus,Has joined FC Barcelona permanently,,0,0,0,0,0,0,0,0,0,0,0,0,0,,,,0.0,0.0,0.0,0.0,0.0,0,0,0
471,a,,,5.5,143,17,0,0,0,0,1.6,143,58,12,7,4.0,82,35,0,34,4.0,78,33,0.7,2.2,0,13536,5318,40374,5485,4.0,4.0,0.11,0.03,0.14,3.28,0.04,0.01,0.05,1.09,53.2,106,49,1.4,295,108,16.0,142,44,7.0,183,70,,,,3,,Nikola,Milenković,Milenković,,,270,0,0,1,3,0,0,0,1,0,0,3,31,,,,0.0,0.33,1.0,1.0,10.33,5,26,12
472,a,100.0,100.0,5.5,182,23,0,0,0,0,1.6,146,60,13,8,4.3,72,30,0,42,4.3,67,28,0.8,2.4,0,27119,8879,37617,5628,4.3,4.3,0.35,0.28,0.63,3.28,0.12,0.09,0.21,1.1,61.2,71,34,27.4,133,41,18.0,129,39,10.7,114,41,,3.0,,3,,Murillo,Costa dos Santos,Murillo,,,269,0,0,1,3,0,0,0,0,0,0,3,30,,,,0.0,0.33,1.0,1.0,10.04,6,24,10
473,a,,,4.5,444,88,0,0,0,0,2.8,109,42,6,1,2.0,190,73,0,34,2.0,172,68,0.4,1.3,0,43289,4911,103693,29846,2.0,2.0,0.04,0.52,0.56,2.9,0.02,0.22,0.24,1.21,40.8,144,66,51.6,58,12,15.0,147,47,10.8,111,38,,,,3,,Ola,Aina,Aina,,,216,0,0,1,2,0,0,0,2,0,0,3,14,,,,0.0,0.42,0.83,1.25,5.83,7,7,12
474,a,,,4.5,536,140,0,0,0,0,0.2,331,122,10,8,3.3,107,42,0,35,3.3,96,36,0.7,2.2,0,5072,3889,5640,2087,3.3,3.3,0.03,0.01,0.04,3.28,0.01,0.0,0.01,1.09,55.4,99,45,2.4,271,95,1.0,292,110,5.9,211,81,,,,3,,Jair,Paula da Cunha Filho,Jair Cunha,,,270,0,0,1,3,0,0,0,1,0,0,3,28,,,,0.0,0.33,1.0,1.0,9.33,5,23,5
475,i,0.0,0.0,4.5,511,131,0,0,0,0,0.0,641,212,0,0,0.0,484,185,0,0,0.0,484,185,0.0,0.0,0,184,37,199,20,0.0,0.0,0.0,0.0,0.0,0.0,0.0,0.0,0.0,0.0,0.0,460,182,0.0,460,182,0.0,417,175,0.0,466,180,,,,3,,Nicolò,Savona,Savona,Knee injury - Unknown return date,,0,0,0,0,0,0,0,0,0,0,0,0,0,,,,0.0,0.0,0.0,0.0,0.0,0,0,0
477,u,0.0,0.0,4.0,637,198,0,0,0,0,0.2,345,129,0,0,0.0,430,158,0,0,0.0,430,158,0.0,0.0,0,2459,0,9494,3006,0.0,0.0,0.0,0.0,0.0,0.0,0.0,0.0,0.0,0.0,0.0,405,154,0.0,400,154,0.0,342,136,0.0,411,152,,,,3,,Zach,Abbott,Abbott,Has joined Southampton on loan for the rest of the season,,0,0,0,0,0,0,0,0,0,0,0,0,0,,,,0.0,0.0,0.0,0.0,0.0,0,0,0
478,a,,,4.5,495,124,0,0,0,0,0.0,535,185,2,0,1.0,286,112,0,3,0.7,295,109,0.2,0.4,0,355,75,1005,245,0.7,0.7,0.0,0.0,0.0,0.13,0.0,0.0,0.0,0.58,2.0,341,127,0.9,307,115,0.0,404,171,0.3,350,127,,,,3,,Luca,Netz,Netz,,,20,0,0,0,1,0,0,0,0,0,0,0,1,,,,0.0,0.0,4.5,0.0,4.5,1,0,1
5,d,25.0,25.0,6.5,39,3,0,0,0,0,0.1,457,162,0,0,0.0,649,214,0,0,0.0,649,214,0.0,0.0,0,1441,491,6578,1033,0.0,0.0,0.0,0.0,0.0,0.0,0.0,0.0,0.0,0.0,0.0,649,214,0.0,650,214,0.0,649,214,0.0,649,214,,,,3,,Jurriën,Timber,J.Timber,Groin injury - 25% chance of playing,,0,0,0,0,0,0,0,0,0,0,0,0,0,,,,0.0,0.0,0.0,0.0,0.0,0,0,0
479,u,0.0,0.0,4.0,632,193,0,0,0,0,0.1,381,143,0,0,0.0,426,154,0,0,0.0,426,154,0.0,0.0,0,799,0,6003,1645,0.0,0.0,0.0,0.0,0.0,0.0,0.0,0.0,0.0,0.0,0.0,401,150,0.0,396,150,0.0,338,132,0.0,407,148,,,,3,,Tyler,Bindon,Bindon,Has joined Charlton Athletic on loan for the rest of the season,,0,0,0,0,0,0,0,0,0,0,0,0,0,,,,0.0,0.0,0.0,0.0,0.0,0,0,0
480,a,100.0,100.0,7.9,9,6,0,0,-1,1,9.4,45,17,18,3,6.0,42,20,3,49,6.0,37,18,0.8,2.3,0,317875,93899,476248,80485,6.0,6.0,1.4,0.11,1.51,3.28,0.47,0.04,0.51,1.09,62.0,69,22,24.8,145,86,46.0,65,39,13.2,76,48,,1.0,1.0,3,,Morgan,Gibbs-White,Gibbs-White,,,270,1,1,1,3,0,0,0,0,0,0,3,15,,,,0.0,0.33,1.0,1.0,5.0,4,2,9
483,a,,,5.5,156,95,0,0,0,0,0.7,234,77,13,1,4.3,70,32,2,40,4.3,65,31,0.8,2.4,0,41450,6227,24419,7876,4.3,4.3,0.35,0.63,0.98,2.48,0.17,0.31,0.48,1.21,37.6,155,57,25.8,142,83,36.0,84,48,10.0,126,61,,,,3,,Dan,Ndoye,Ndoye,,,184,1,0,1,1,0,0,0,0,0,0,3,17,,,,0.0,0.49,0.49,1.47,8.32,2,2,13
484,u,0.0,0.0,5.4,224,141,0,0,-1,1,0.1,433,169,0,0,0.0,619,266,0,0,0.0,619,266,0.0,0.0,0,427,0,8677,1818,0.0,0.0,0.0,0.0,0.0,0.0,0.0,0.0,0.0,0.0,0.0,607,261,0.0,612,265,0.0,599,256,0.0,613,263,,,,3,,Omari,Hutchinson,Hutchinson,Has joined AC Milan on loan for the rest of the season,,0,0,0,0,0,0,0,0,0,0,0,0,0,,,,0.0,0.0,0.0,0.0,0.0,0,0,0
485,u,0.0,0.0,5.5,164,100,0,0,0,0,0.0,619,266,0,0,0.0,628,272,0,0,0.0,628,272,0.0,0.0,0,107,0,1036,99,0.0,0.0,0.0,0.0,0.0,0.0,0.0,0.0,0.0,0.0,0.0,619,269,0.0,625,271,0.0,617,266,0.0,625,271,,,,3,,Dilane,Bakwa,Bakwa,Has joined Lille on loan for the rest of the season,,0,0,0,0,0,0,0,0,0,0,0,0,0,,,,0.0,0.0,0.0,0.0,0.0,0,0,0
3,a,,,4.9,387,20,-1,1,-1,1,0.0,544,61,0,0,0.0,541,67,0,0,0.0,541,67,0.0,0.0,0,356,83,1169,218,0.0,0.0,0.0,0.0,0.0,0.0,0.0,0.0,0.0,0.0,0.0,520,67,0.0,520,55,0.0,482,54,0.0,527,67,,,,3,,Illan,Meslier,Meslier,,,0,0,0,0,0,0,0,0,0,0,0,0,0,,,,0.0,0.0,0.0,0.0,0.0,0,0,0
31,a,,,4.4,568,151,0,0,-1,1,13.9,29,9,5,4,2.5,159,61,0,18,1.7,198,74,0.4,1.1,0,665196,344503,491169,62436,1.7,1.7,0.0,0.01,0.01,0.39,0.0,0.01,0.01,0.35,22.6,209,89,1.5,291,104,4.0,238,86,2.8,270,103,,,,3,,Ezri,Konsa Ngoyo,Konsa,,,101,0,0,0,1,0,0,0,0,0,0,1,11,,,,0.0,0.0,0.89,0.89,9.8,3,8,5
482,a,100.0,100.0,5.9,92,60,0,0,-1,1,0.2,355,129,1,0,1.0,357,165,0,2,0.3,380,179,0.1,0.2,0,2882,547,12481,2073,0.3,0.3,0.0,0.0,0.0,0.0,0.0,0.0,0.0,0.0,0.0,630,276,0.3,345,171,0.0,628,274,0.0,633,276,,4.0,,3,,Callum,Hudson-Odoi,Hudson-Odoi,,,1,0,0,0,0,0,0,0,0,0,0,0,0,,,,0.0,0.0,0.0,0.0,0.0,0,0,0
486,a,,,5.5,148,90,0,0,0,0,0.1,443,173,7,2,2.3,179,76,0,56,2.3,162,70,0.4,1.3,0,5277,1210,2829,826,2.3,2.3,0.13,0.54,0.67,3.15,0.05,0.19,0.24,1.12,34.0,172,67,120.5,3,3,10.0,194,95,16.5,46,33,1.0,,,3,,James,McAtee,McAtee,,,253,0,0,2,2,0,0,0,1,0,0,3,23,,,,0.0,0.71,0.71,1.07,8.18,5,4,14
487,a,,,4.9,385,231,-1,1,-1,1,0.1,478,190,1,0,1.0,296,123,0,3,0.3,350,158,0.1,0.2,0,802,230,2772,564,0.3,0.3,0.0,0.0,0.0,0.0,0.0,0.0,0.0,0.0,0.2,356,166,0.0,519,213,0.0,480,183,0.0,526,210,,,,3,,Nicolás,Domínguez,Dominguez,,,1,0,0,0,0,0,0,0,0,0,0,0,0,,,,0.0,0.0,0.0,0.0,0.0,0,0,0
6,i,0.0,0.0,5.9,101,9,-1,1,-1,1,0.2,329,120,0,0,0.0,636,213,0,0,0.0,636,213,0.0,0.0,0,2568,620,14936,2638,0.0,0.0,0.0,0.0,0.0,0.0,0.0,0.0,0.0,0.0,0.0,633,213,0.0,635,213,0.0,632,213,0.0,635,213,,,,3,,William,Saliba,Saliba,Back injury - Unknown return date,,0,0,0,0,0,0,0,0,0,0,0,0,0,,,,0.0,0.0,0.0,0.0,0.0,0,0,0
488,a,100.0,100.0,4.9,374,224,0,0,-1,1,0.6,242,81,2,0,2.0,197,83,0,10,0.7,297,133,0.1,0.4,0,6452,1785,52370,5914,0.7,0.7,0.03,0.01,0.04,0.47,0.03,0.01,0.04,0.47,17.8,228,91,13.0,204,112,3.0,254,122,3.4,255,110,,,,3,,Ibrahim,Sangaré,I.Sangaré,,,90,0,0,0,1,0,0,0,0,0,0,1,6,,,,0.0,0.0,1.0,1.0,6.0,0,3,3
490,a,,,5.9,85,22,0,0,-1,1,1.1,180,29,2,1,1.0,355,42,0,6,0.7,324,39,0.1,0.3,0,15744,3395,85815,13556,0.7,0.7,0.12,0.01,0.13,0.4,0.25,0.02,0.27,0.82,0.2,361,39,2.5,269,33,3.0,260,40,0.4,345,40,,,2.0,3,,Chris,Wood,Wood,,,44,0,0,0,1,0,0,0,0,0,0,0,1,,,,0.0,0.0,2.05,0.0,2.05,0,0,1
491,a,,,5.9,105,28,0,0,-1,1,2.7,113,16,4,1,1.3,257,30,0,15,1.3,233,23,0.2,0.7,0,44157,8509,183301,43028,1.3,1.3,0.96,0.06,1.02,2.48,0.41,0.03,0.44,1.06,15.0,243,21,20.5,167,20,69.0,29,10,10.5,120,15,,,4.0,3,,Igor Jesus,Maciel da Cruz,Igor Jesus,,,211,0,0,0,3,0,0,0,1,0,0,2,9,,,,0.0,0.0,1.28,0.85,3.84,2,5,2
558,a,,,5.0,262,163,0,0,0,0,0.1,428,165,8,3,2.7,146,59,0,36,2.7,129,53,0.5,1.6,0,2183,606,3212,748,2.7,2.7,0.08,0.06,0.14,2.94,0.04,0.03,0.07,1.35,33.0,178,68,4.0,246,130,10.0,192,94,4.8,233,103,3.0,,,3,,Xaver,Schlager,Schlager,,,196,0,0,1,3,0,0,0,0,0,0,2,26,,,,0.0,0.46,1.38,0.92,11.94,9,6,11
581,a,,,5.4,230,31,0,0,-1,1,0.6,244,91,1,1,1.0,340,127,0,3,0.3,374,135,0.1,0.2,0,7703,1077,33289,5256,0.3,0.3,0.0,0.0,0.0,0.0,0.0,0.0,0.0,0.0,0.0,609,210,0.0,613,210,0.0,602,209,0.0,615,210,,,,3,,Ousmane,Diomande,Diomande,,,1,0,0,0,0,0,0,0,0,0,0,0,0,,,,0.0,0.0,0.0,0.0,0.0,0,0,0
112,a,,,4.9,396,74,0,0,-1,1,6.9,59,24,10,8,3.3,108,43,2,41,3.3,97,37,0.7,2.0,0,78648,20852,366265,47918,3.3,3.3,0.2,0.07,0.27,5.51,0.07,0.02,0.09,1.84,71.4,54,23,29.3,131,39,46.0,63,11,14.6,60,14,,,,3,,Jan Paul,van Hecke,Van Hecke,,,270,0,0,1,5,0,0,0,0,0,0,3,21,,,,0.0,0.33,1.67,1.0,7.0,5,16,11
401,a,,,7.0,28,9,0,0,0,0,2.2,119,17,4,2,2.0,226,25,0,20,1.3,242,27,0.2,0.6,0,168543,28240,82473,27524,1.3,1.3,0.34,0.08,0.42,1.6,0.18,0.04,0.22,0.83,9.2,274,25,37.5,101,8,38.0,79,18,8.2,158,18,,5.0,2.0,3,,Omar,Marmoush,Marmoush,,,173,0,0,1,2,0,0,0,0,0,0,2,4,,,,0.0,0.52,1.04,1.04,2.08,1,0,3
403,a,100.0,100.0,6.5,42,28,0,0,0,0,0.7,225,73,3,3,3.0,142,57,0,15,1.0,283,130,0.2,0.5,0,77993,7110,53688,8018,1.0,1.0,0.02,0.27,0.29,0.49,0.03,0.4,0.43,0.74,6.2,298,129,17.3,179,101,15.0,158,77,3.9,248,106,4.0,,,3,,Sávio,Moreira de Oliveira,Sávio,,,60,0,0,1,0,0,0,0,0,0,0,1,0,,,,0.0,1.5,0.0,1.5,0.0,0,0,0
455,a,,,5.4,209,131,0,0,-1,1,2.6,114,35,9,5,3.0,135,55,0,52,3.0,120,50,0.6,1.7,0,36714,8564,174734,25202,3.0,3.0,0.09,0.09,0.18,5.51,0.03,0.03,0.06,1.95,34.0,171,66,40.7,89,61,12.0,177,88,8.7,148,70,,6.0,,3,,Sandro,Tonali,Tonali,,,254,0,0,1,5,0,0,0,0,0,0,3,20,,,,0.0,0.35,1.77,1.06,7.09,5,5,10
590,a,,,4.5,482,38,0,0,0,0,0.1,469,53,0,0,0.0,470,58,0,0,0.0,470,58,0.0,0.0,0,1935,360,1819,404,0.0,0.0,0.0,0.0,0.0,0.0,0.0,0.0,0.0,0.0,0.0,446,58,0.0,444,42,0.0,396,39,0.0,452,58,,,,3,,Steven,Benda,Benda,,,0,0,0,0,0,0,0,0,0,0,0,0,0,,,,0.0,0.0,0.0,0.0,0.0,0,0,0
493,a,,,5.4,215,49,0,0,-1,1,0.1,490,67,1,0,1.0,333,36,0,3,0.3,370,43,0.1,0.2,0,2154,977,2623,617,0.3,0.3,0.0,0.0,0.0,0.0,0.0,0.0,0.0,0.0,0.0,601,66,0.0,608,71,0.0,593,68,0.0,608,70,,,,3,,Arnaud,Kalimuendo,Kalimuendo,,,1,0,0,0,0,0,0,0,0,0,0,0,0,,,,0.0,0.0,0.0,0.0,0.0,0,0,0
494,u,0.0,0.0,4.5,450,33,0,0,0,0,0.2,362,40,0,0,0.0,458,54,0,0,0.0,458,54,0.0,0.0,0,0,0,18995,1799,0.0,0.0,0.0,0.0,0.0,0.0,0.0,0.0,0.0,0.0,0.0,433,54,0.0,430,37,0.0,379,34,0.0,439,54,,,,3,,Guglielmo,Vicario,Vicario,Has joined Juventus on loan for the rest of the season,,0,0,0,0,0,0,0,0,0,0,0,0,0,,,,0.0,0.0,0.0,0.0,0.0,0,0,0
452,a,100.0,75.0,6.8,31,20,0,0,-2,2,1.8,133,41,1,0,1.0,369,174,0,4,0.3,385,181,0.0,0.1,0,7929,1533,214659,25322,0.3,0.2,0.0,0.01,0.01,0.0,0.0,0.05,0.05,0.0,1.4,347,160,0.8,316,157,2.0,289,140,0.4,347,159,5.0,,4.0,3,,Bruno,Guimarães Rodriguez Moura,Bruno G.,,,19,0,0,0,0,0,0,0,0,0,0,0,3,,,,0.0,0.0,0.0,0.0,14.21,0,0,3
147,a,,,4.4,566,149,-1,1,-1,1,0.2,357,135,0,0,0.0,444,171,0,0,0.0,444,171,0.0,0.0,0,1246,430,5733,1056,0.0,0.0,0.0,0.0,0.0,0.0,0.0,0.0,0.0,0.0,0.0,419,167,0.0,414,167,0.0,359,152,0.0,425,165,,,,3,,Tosin,Adarabioyo,Tosin,,,0,0,0,0,0,0,0,0,0,0,0,0,0,,,,0.0,0.0,0.0,0.0,0.0,0,0,0
495,a,,,4.0,603,62,0,0,0,0,1.0,193,30,0,0,0.0,406,36,0,0,0.0,406,36,0.0,0.0,0,18490,5561,13024,3504,0.0,0.0,0.0,0.0,0.0,0.0,0.0,0.0,0.0,0.0,0.0,381,36,0.0,376,17,0.0,318,14,0.0,387,36,,,,3,,Brandon,Austin,Austin,,,0,0,0,0,0,0,0,0,0,0,0,0,0,,,,0.0,0.0,0.0,0.0,0.0,0,0,0
496,a,,,4.5,499,42,0,0,0,0,18.6,18,3,9,6,3.0,123,10,0,43,3.0,111,10,0.7,2.0,0,158337,71292,490610,136320,3.0,3.0,0.0,0.0,0.0,5.51,0.0,0.0,0.0,1.84,57.8,85,12,10.0,225,2,0.0,407,43,6.8,187,11,,,,3,,Antonín,Kinský,Kinsky,,,270,0,0,1,5,0,0,0,0,0,6,3,0,,,,2.0,0.33,1.67,1.0,0.0,0,6,26
498,a,,,5.9,94,8,0,0,-1,1,4.8,75,31,3,0,3.0,139,55,0,10,1.0,279,99,0.2,0.5,0,24026,2702,323332,68513,1.0,1.0,0.0,0.02,0.02,3.87,0.0,0.02,0.02,3.87,36.6,161,74,2.2,277,98,0.0,630,212,3.9,247,95,,,,3,,Marcos,Senesi Barón,Senesi,,,90,0,0,0,3,0,0,0,0,0,0,1,16,,,,0.0,0.0,3.0,1.0,16.0,5,11,2
499,a,100.0,100.0,5.5,153,19,0,0,0,0,11.4,38,14,8,7,4.0,84,36,1,29,2.7,135,54,0.5,1.5,0,106540,37576,590950,45247,2.7,2.7,0.36,0.16,0.52,1.64,0.18,0.08,0.26,0.82,22.6,210,90,43.7,78,18,27.0,105,28,9.3,141,54,3.0,1.0,,3,,Pedro,Porro Sauceda,Pedro Porro,,,180,0,0,1,2,0,0,0,0,0,0,2,8,,,,0.0,0.5,1.0,1.0,4.0,2,6,5
500,u,0.0,0.0,5.0,274,43,0,0,0,0,0.1,424,151,0,0,0.0,566,203,0,0,0.0,566,203,0.0,0.0,0,0,0,15570,1028,0.0,0.0,0.0,0.0,0.0,0.0,0.0,0.0,0.0,0.0,0.0,550,202,0.0,552,202,0.0,525,198,0.0,556,201,,,,3,,Cristian,Romero,Romero,Has joined Atletico Madrid permanently,,0,0,0,0,0,0,0,0,0,0,0,0,0,,,,0.0,0.0,0.0,0.0,0.0,0,0,0
502,a,,,4.5,439,85,0,0,0,0,2.9,106,41,6,1,2.0,189,72,0,23,2.0,171,67,0.4,1.3,0,38584,2708,121512,36863,2.0,2.0,0.06,0.08,0.14,4.78,0.03,0.04,0.07,2.31,49.0,117,56,36.3,104,29,27.0,103,26,11.2,102,33,1.0,,,3,,Andrew,Robertson,Robertson,,,186,0,0,0,4,0,0,0,0,0,0,2,15,,,,0.0,0.0,1.94,0.97,7.26,3,12,5
503,a,100.0,100.0,5.0,315,56,0,0,0,0,3.8,88,33,9,9,4.5,64,25,3,35,3.0,116,45,0.6,1.8,0,46626,21695,217310,14591,3.0,3.0,0.57,0.02,0.59,1.64,0.28,0.01,0.29,0.82,36.6,160,73,3.3,257,88,14.0,160,53,5.4,220,84,,,,3,,Micky,van de Ven,Van de Ven,,,180,0,0,1,2,0,0,0,1,0,0,2,17,,,,0.0,0.5,1.0,1.0,8.5,4,13,8
505,u,0.0,0.0,4.5,471,108,0,0,0,0,0.3,305,113,0,0,0.0,466,177,0,0,0.0,466,177,0.0,0.0,0,0,0,64060,3984,0.0,0.0,0.0,0.0,0.0,0.0,0.0,0.0,0.0,0.0,0.0,442,174,0.0,439,174,0.0,389,162,0.0,448,172,,,,3,,Djed,Spence,Spence,Has joined Internazionale permanently,,0,0,0,0,0,0,0,0,0,0,0,0,0,,,,0.0,0.0,0.0,0.0,0.0,0,0,0
506,a,,,4.5,500,127,0,0,0,0,0.4,269,97,7,5,2.3,170,68,0,21,2.3,152,62,0.5,1.6,0,3888,1076,13497,2018,2.3,2.3,0.0,0.23,0.23,1.17,0.0,0.24,0.24,1.22,9.8,271,111,13.5,198,66,4.0,241,89,2.7,272,104,,,,3,,Destiny,Udogie,Udogie,,,86,0,0,1,1,0,0,0,1,0,0,1,4,,,,0.0,1.05,1.05,1.05,4.19,1,3,4
507,u,0.0,0.0,4.5,522,135,0,0,0,0,0.0,584,197,0,0,0.0,494,188,0,0,0.0,494,188,0.0,0.0,0,0,0,1071,101,0.0,0.0,0.0,0.0,0.0,0.0,0.0,0.0,0.0,0.0,0.0,470,185,0.0,470,185,0.0,427,178,0.0,476,183,,,,3,,Ashley,Phillips,Phillips,Has joined Middlesbrough permanently,,0,0,0,0,0,0,0,0,0,0,0,0,0,,,,0.0,0.0,0.0,0.0,0.0,0,0,0
509,a,,,4.0,651,211,0,0,0,0,0.1,482,170,0,0,0.0,440,167,0,0,0.0,440,167,0.0,0.0,0,1411,373,1592,386,0.0,0.0,0.0,0.0,0.0,0.0,0.0,0.0,0.0,0.0,0.0,415,163,0.0,410,163,0.0,355,148,0.0,421,161,,,,3,,Jun'ai,Byfield,Byfield,,,0,0,0,0,0,0,0,0,0,0,0,0,0,,,,0.0,0.0,0.0,0.0,0.0,0,0,0
510,a,,,4.0,628,190,0,0,0,0,0.1,441,158,0,0,0.0,422,151,0,0,0.0,422,151,0.0,0.0,0,1709,476,2122,504,0.0,0.0,0.0,0.0,0.0,0.0,0.0,0.0,0.0,0.0,0.0,397,147,0.0,392,147,0.0,334,129,0.0,403,145,,,,3,,James,Rowswell,Rowswell,,,0,0,0,0,0,0,0,0,0,0,0,0,0,,,,0.0,0.0,0.0,0.0,0.0,0,0,0
511,u,0.0,0.0,4.0,650,210,0,0,0,0,0.2,338,126,0,0,0.0,439,166,0,0,0.0,439,166,0.0,0.0,0,2555,0,12284,3448,0.0,0.0,0.0,0.0,0.0,0.0,0.0,0.0,0.0,0.0,0.0,414,162,0.0,409,162,0.0,354,147,0.0,420,160,,,,3,,João Victor,de Souza Menezes,Souza,Has joined FC Porto on loan for the rest of the season,,0,0,0,0,0,0,0,0,0,0,0,0,0,,,,0.0,0.0,0.0,0.0,0.0,0,0,0
512,a,100.0,100.0,6.5,40,27,0,0,0,0,0.1,392,144,2,1,1.0,368,173,0,17,0.7,333,155,0.1,0.3,0,6793,1925,6205,1726,0.7,0.7,0.04,0.17,0.21,0.67,0.07,0.3,0.37,1.18,6.4,296,127,18.4,176,100,13.0,173,86,3.8,250,108,6.0,3.0,3.0,3,,Mohammed,Kudus,Kudus,,,51,0,0,0,1,0,0,0,0,0,0,0,5,,,,0.0,0.0,1.76,0.0,8.82,0,0,5
513,i,0.0,0.0,6.0,74,50,0,0,0,0,0.0,592,248,0,0,0.0,642,282,0,0,0.0,642,282,0.0,0.0,0,213,58,869,144,0.0,0.0,0.0,0.0,0.0,0.0,0.0,0.0,0.0,0.0,0.0,639,283,0.0,642,283,0.0,640,282,0.0,641,283,,2.0,4.0,3,,Xavi,Simons,Xavi,Knee injury - Unknown return date,,0,0,0,0,0,0,0,0,0,0,0,0,0,,,,0.0,0.0,0.0,0.0,0.0,0,0,0
514,a,,,5.8,112,72,-1,1,-2,2,0.3,308,107,7,3,2.3,181,78,0,38,2.3,164,72,0.4,1.2,0,7120,897,34947,4729,2.3,2.3,0.2,0.14,0.34,5.11,0.08,0.05,0.13,2.0,21.0,217,88,49.5,62,46,63.0,39,24,13.3,75,47,5.0,4.0,,3,,Mathys,Tel,Tel,,,230,0,0,1,4,0,0,0,0,0,0,3,13,,,,0.0,0.39,1.57,1.17,5.09,1,1,11
515,d,75.0,75.0,6.3,52,36,-1,1,-2,2,0.5,255,84,1,0,1.0,363,168,0,6,0.3,384,180,0.0,0.2,0,2974,113,85609,9565,0.2,0.2,0.0,0.01,0.01,0.85,0.0,0.04,0.04,3.48,4.4,311,139,8.3,227,120,8.0,206,103,2.1,292,130,,,,3,,James,Maddison,Maddison,Shoulder injury - 75% chance of playing,,22,0,0,0,0,0,0,0,0,0,0,0,2,,,,0.0,0.0,0.0,0.0,8.18,0,1,1
516,a,,,5.5,136,83,0,0,0,0,0.2,353,128,8,5,2.7,150,61,0,39,2.7,133,55,0.5,1.5,0,2264,831,5495,844,2.7,2.7,0.02,0.04,0.06,3.82,0.01,0.02,0.03,1.53,35.8,165,62,25.1,144,85,6.0,229,114,6.8,190,88,,,,3,,Rodrigo,Bentancur,Bentancur,,,225,0,0,1,3,0,0,0,0,0,0,2,33,,,,0.0,0.4,1.2,0.8,13.2,6,14,13
518,u,0.0,0.0,4.9,397,237,0,0,-1,1,0.1,413,158,0,0,0.0,547,221,0,0,0.0,547,221,0.0,0.0,0,4138,0,19613,3342,0.0,0.0,0.0,0.0,0.0,0.0,0.0,0.0,0.0,0.0,0.0,526,209,0.0,527,217,0.0,489,188,0.0,534,214,,,,3,,Pape Matar,Sarr,P.M.Sarr,Has joined Juventus on loan for the rest of the season,,0,0,0,0,0,0,0,0,0,0,0,0,0,,,,0.0,0.0,0.0,0.0,0.0,0,0,0
520,a,,,5.4,231,146,0,0,-1,1,0.2,360,131,1,0,1.0,341,155,0,2,0.3,375,175,0.1,0.2,0,1346,229,6972,1279,0.3,0.3,0.0,0.01,0.01,1.7,0.0,0.02,0.02,3.4,0.0,610,263,2.0,283,144,2.0,282,135,0.0,616,265,,,,3,,Lucas,Bergvall,Bergvall,,,45,0,0,0,2,0,0,0,0,0,0,1,8,,,,0.0,0.0,4.0,2.0,16.0,1,0,7
525,a,,,5.8,113,73,-1,1,-2,2,1.0,191,61,3,0,1.0,352,163,0,33,1.0,276,126,0.2,0.5,0,10624,1153,93915,19581,1.0,1.0,0.01,0.23,0.24,2.94,0.01,0.15,0.16,1.86,21.2,215,87,73.9,31,26,3.0,259,126,9.7,129,64,2.0,,,3,,Mateus,Fernandes,Fernandes,,,142,0,0,0,3,0,0,0,1,0,0,1,10,,,,0.0,0.0,1.9,0.63,6.34,4,0,6
526,a,,,5.9,87,23,0,0,-1,1,1.0,196,31,3,1,1.0,356,43,0,8,1.0,278,33,0.2,0.5,0,19843,4099,68427,12271,1.0,1.0,0.44,0.0,0.44,0.89,0.92,0.0,0.92,1.86,3.2,330,35,0.6,326,40,15.0,157,29,1.9,297,34,,,1.0,3,,Dominic,Solanke-Mitchell,Solanke,,,43,0,0,0,0,0,0,0,0,0,0,0,1,,,,0.0,0.0,0.0,0.0,2.09,0,1,0
527,u,0.0,0.0,5.9,93,25,0,0,-1,1,1.1,177,27,2,0,2.0,217,21,0,6,0.7,327,40,0.1,0.3,0,21439,0,216721,46021,0.0,0.0,0.0,0.0,0.0,3.02,0.0,0.0,0.0,4.06,0.0,631,72,2.2,276,35,0.0,629,74,0.2,361,43,,,,3,,Richarlison,de Andrade,Richarlison,not included in squad.,,67,0,0,0,3,0,0,0,0,0,0,1,1,,,,0.0,0.0,4.03,1.34,1.34,0,1,0
528,u,0.0,0.0,4.5,504,66,0,0,0,0,1.4,154,23,0,0,0.0,477,48,0,0,0.0,477,48,0.0,0.0,0,42525,0,74544,22615,0.0,0.0,0.0,0.0,0.0,0.0,0.0,0.0,0.0,0.0,0.0,453,40,0.0,453,46,0.0,410,42,0.0,459,44,,,,3,,Dane,Scarlett,Scarlett,Has joined Leyton Orient permanently,,0,0,0,0,0,0,0,0,0,0,0,0,0,,,,0.0,0.0,0.0,0.0,0.0,0,0,0
578,a,,,5.4,216,135,0,0,-1,1,0.1,466,185,1,1,1.0,334,150,0,3,0.3,371,172,0.1,0.2,0,5253,1485,3808,1190,0.3,0.3,0.0,0.0,0.0,0.16,0.0,0.0,0.0,0.9,0.0,602,256,0.1,352,175,2.0,280,133,0.1,365,171,,,,3,,Mykhailo,Mudryk,Mudryk,,,16,0,0,0,0,0,0,0,0,0,0,0,0,,,,0.0,0.0,0.0,0.0,0.0,0,0,0
501,a,,,5.0,245,37,0,0,0,0,0.2,361,137,2,2,2.0,201,78,0,9,0.7,306,113,0.1,0.4,0,3430,1103,6826,1082,0.7,0.7,0.0,0.08,0.08,1.21,0.0,0.08,0.08,1.21,20.8,218,93,10.9,218,75,0.0,510,195,3.2,260,98,,,,3,,Kevin,Danso,Danso,,,90,0,0,0,1,0,0,0,0,0,0,1,8,,,,0.0,0.0,1.0,1.0,8.0,1,7,3
531,a,,,4.5,516,45,0,0,0,0,0.1,448,50,0,0,0.0,488,61,0,0,0.0,488,61,0.0,0.0,0,773,159,2256,451,0.0,0.0,0.0,0.0,0.0,0.0,0.0,0.0,0.0,0.0,0.0,464,61,0.0,464,47,0.0,421,46,0.0,470,61,,,,3,,Melker,Ellborg,Ellborg,,,0,0,0,0,0,0,0,0,0,0,0,0,0,,,,0.0,0.0,0.0,0.0,0.0,0,0,0
532,a,,,4.9,379,70,-1,1,-1,1,3.5,91,36,12,4,4.0,80,33,0,43,4.0,74,30,0.8,2.4,0,33276,4850,202682,58183,4.0,4.0,0.09,0.15,0.24,3.96,0.03,0.05,0.08,1.32,66.8,61,28,12.7,208,71,15.0,150,50,9.4,138,53,,,,3,,Daniel,Ballard,Ballard,,,270,0,0,1,3,0,0,0,1,0,0,3,29,,,,0.0,0.33,1.0,1.0,9.67,5,24,6
538,u,0.0,0.0,4.0,622,186,0,0,0,0,0.0,512,178,0,0,0.0,417,148,0,0,0.0,417,148,0.0,0.0,0,0,0,1977,307,0.0,0.0,0.0,0.0,0.0,0.0,0.0,0.0,0.0,0.0,0.0,392,144,0.0,387,144,0.0,329,126,0.0,398,142,,,,3,,Leo Fuhr,Hjelde,Hjelde,Has joined KV Mechelen on loan for the rest of the season,,0,0,0,0,0,0,0,0,0,0,0,0,0,,,,0.0,0.0,0.0,0.0,0.0,0,0,0
539,a,,,4.0,593,165,0,0,0,0,2.8,111,44,1,0,1.0,264,93,0,1,0.3,336,119,0.1,0.2,0,11254,1351,71098,20429,0.3,0.3,0.01,0.01,0.02,1.69,0.01,0.01,0.02,2.3,11.4,260,108,1.4,294,107,4.0,236,84,1.7,301,111,,,,3,,Luke,O'Nien,O'Nien,,,66,0,0,0,1,0,0,0,1,0,0,1,5,,,,0.0,0.0,1.36,1.36,6.82,1,4,4
557,a,,,6.4,47,31,-1,1,-1,1,17.1,23,8,11,5,3.7,101,46,1,62,3.7,93,44,0.6,1.7,0,376386,48315,993955,244931,3.7,3.7,0.19,0.35,0.54,0.55,0.08,0.15,0.23,0.24,47.6,124,45,101.6,13,13,38.0,78,47,18.8,33,25,3.0,,,3,,Christos,Tzolis,Tzolis,,,210,0,2,1,1,0,0,0,2,0,0,3,17,,,,0.0,0.43,0.43,1.29,7.29,2,5,10
48,i,0.0,0.0,5.0,292,176,0,0,0,0,0.0,579,240,0,0,0.0,573,238,0,0,0.0,573,238,0.0,0.0,0,371,74,1292,193,0.0,0.0,0.0,0.0,0.0,0.0,0.0,0.0,0.0,0.0,0.0,557,230,0.0,561,236,0.0,538,218,0.0,564,233,,,,3,,Amadou,Onana,Onana,Knee injury - Unknown return date,,0,0,0,0,0,0,0,0,0,0,0,0,0,,,,0.0,0.0,0.0,0.0,0.0,0,0,0
49,u,0.0,0.0,5.0,301,180,0,0,0,0,0.0,647,286,0,0,0.0,577,240,0,0,0.0,577,240,0.0,0.0,0,0,0,200,17,0.0,0.0,0.0,0.0,0.0,0.0,0.0,0.0,0.0,0.0,0.0,561,232,0.0,566,238,0.0,543,220,0.0,568,235,,,,3,,Samuel,Iling-Junior,Iling Jr,Has joined Bolton Wanderers on loan for the rest of the season,,0,0,0,0,0,0,0,0,0,0,0,0,0,,,,0.0,0.0,0.0,0.0,0.0,0,0,0
22,u,0.0,0.0,5.4,222,140,0,0,-1,1,0.0,611,260,0,0,0.0,618,265,0,0,0.0,618,265,0.0,0.0,0,233,0,1019,268,0.0,0.0,0.0,0.0,0.0,0.0,0.0,0.0,0.0,0.0,0.0,606,260,0.0,611,264,0.0,597,255,0.0,612,262,,,,3,,Ethan,Nwaneri,Nwaneri,Has joined Borussia Dortmund on loan for the rest of the season,,0,0,0,0,0,0,0,0,0,0,0,0,0,,,,0.0,0.0,0.0,0.0,0.0,0,0,0
23,u,0.0,0.0,5.5,151,91,0,0,0,0,0.0,615,263,0,0,0.0,626,270,0,0,0.0,626,270,0.0,0.0,0,255,0,743,217,0.0,0.0,0.0,0.0,0.0,0.0,0.0,0.0,0.0,0.0,0.0,617,267,0.0,623,269,0.0,614,263,0.0,623,269,,,,3,,Fábio,Ferreira Vieira,Fábio Vieira,Has joined Hamburger SV permanently,,0,0,0,0,0,0,0,0,0,0,0,0,0,,,,0.0,0.0,0.0,0.0,0.0,0,0,0
24,u,0.0,0.0,5.5,134,82,0,0,0,0,0.0,626,270,0,0,0.0,623,267,0,0,0.0,623,267,0.0,0.0,0,68,0,552,77,0.0,0.0,0.0,0.0,0.0,0.0,0.0,0.0,0.0,0.0,0.0,614,264,0.0,619,266,0.0,609,259,0.0,620,266,,,,3,,Reiss,Nelson,Nelson,has departed the club as a free agent.,,0,0,0,0,0,0,0,0,0,0,0,0,0,,,,0.0,0.0,0.0,0.0,0.0,0,0,0
29,a,,,4.5,426,24,0,0,0,0,0.1,378,43,1,0,1.0,277,22,0,1,0.3,341,22,0.1,0.2,0,3830,679,4321,1065,0.3,0.3,0.0,0.0,0.0,3.77,0.0,0.0,0.0,3.77,28.2,192,21,0.0,418,28,0.0,365,25,2.8,271,21,,,,3,,Marco,Bizot,M.Bizot,,,90,0,0,0,4,0,0,0,0,0,3,1,0,,,,3.0,0.0,4.0,1.0,0.0,0,2,6
13,a,,,7.4,18,11,-1,1,-1,1,13.5,32,13,13,5,4.3,76,35,0,51,4.3,71,34,0.6,1.8,0,74872,17600,498007,91394,4.3,4.3,0.1,0.26,0.36,0.78,0.04,0.1,0.14,0.29,64.6,65,20,53.9,52,43,4.0,252,120,12.3,85,53,1.0,1.0,,3,,Declan,Rice,Rice,,,241,0,1,2,1,0,0,0,0,0,0,3,24,,,,0.0,0.75,0.37,1.12,8.96,3,10,11
14,a,,,6.4,46,30,0,0,-1,1,1.3,164,51,2,0,1.0,365,170,0,10,0.7,330,152,0.1,0.3,0,16870,2883,104995,19931,0.7,0.7,0.04,0.07,0.11,0.39,0.06,0.11,0.17,0.59,1.6,344,158,3.8,249,132,3.0,261,127,0.7,335,153,,3.0,,3,,Eberechi,Eze,Eze,,,59,0,0,0,0,0,0,0,0,0,0,0,5,,,,0.0,0.0,0.0,0.0,7.63,0,0,5
15,a,,,6.6,32,21,0,0,1,-1,14.6,26,10,24,10,8.0,9,6,6,101,8.0,8,5,1.2,3.6,0,781149,371937,277482,68020,8.0,8.0,1.01,1.05,2.06,0.66,0.41,0.43,0.84,0.27,102.4,11,7,102.5,12,12,66.0,37,22,27.1,11,9,4.0,4.0,3.0,3,,Martin,Ødegaard,Ødegaard,,,221,2,0,2,1,0,0,0,0,0,0,3,16,,,,0.0,0.81,0.41,1.22,6.52,5,3,8
16,a,,,6.3,55,39,0,0,-2,2,0.2,322,115,2,1,1.0,364,169,0,11,0.7,328,151,0.1,0.3,0,3846,1158,19302,2998,0.7,0.7,0.0,0.05,0.05,0.15,0.0,0.2,0.2,0.59,11.6,259,107,43.9,77,55,0.0,645,286,5.6,216,99,6.0,,,3,,Noni,Madueke,Madueke,,,23,0,0,0,0,0,0,0,0,0,0,0,3,,,,0.0,0.0,0.0,0.0,11.74,1,0,2
20,a,,,5.3,236,148,-1,1,-2,2,0.1,472,186,0,0,0.0,608,257,0,0,0.0,608,257,0.0,0.0,0,1530,449,5274,947,0.0,0.0,0.0,0.0,0.0,0.0,0.0,0.0,0.0,0.0,0.0,593,250,0.0,600,256,0.0,582,243,0.0,600,253,,,,3,,Max,Dowman,Dowman,,,0,0,0,0,0,0,0,0,0,0,0,0,0,,,,0.0,0.0,0.0,0.0,0.0,0,0,0
38,a,,,4.0,648,208,0,0,0,0,1.7,139,57,0,0,0.0,438,165,0,0,0.0,438,165,0.0,0.0,0,32042,8532,42000,11400,0.0,0.0,0.0,0.0,0.0,0.0,0.0,0.0,0.0,0.0,0.0,413,161,0.0,408,161,0.0,353,146,0.0,419,159,,,,3,,Andrés,García,A.García,,,0,0,0,0,0,0,0,0,0,0,0,0,0,,,,0.0,0.0,0.0,0.0,0.0,0,0,0
62,a,,,5.0,284,46,0,0,0,0,0.2,354,133,0,0,0.0,571,204,0,0,0.0,571,204,0.0,0.0,0,5279,847,8109,1925,0.0,0.0,0.0,0.0,0.0,0.0,0.0,0.0,0.0,0.0,0.0,555,203,0.0,557,203,0.0,532,200,0.0,562,203,,,,3,,Bafodé,Diakité,Diakité,,,0,0,0,0,0,0,0,0,0,0,0,0,0,,,,0.0,0.0,0.0,0.0,0.0,0,0,0
92,a,,,4.5,533,138,0,0,0,0,0.0,575,196,0,0,0.0,503,190,0,0,0.0,503,190,0.0,0.0,0,332,69,652,170,0.0,0.0,0.0,0.0,0.0,0.0,0.0,0.0,0.0,0.0,0.0,480,187,0.0,479,187,0.0,437,180,0.0,486,185,,,,3,,Kim,Ji-soo,Ji-soo,,,0,0,0,0,0,0,0,0,0,0,0,0,0,,,,0.0,0.0,0.0,0.0,0.0,0,0,0
58,a,,,4.0,579,50,0,0,0,0,3.4,92,15,0,0,0.0,388,24,0,0,0.0,388,24,0.0,0.0,0,69536,21626,44161,12183,0.0,0.0,0.0,0.0,0.0,0.0,0.0,0.0,0.0,0.0,0.0,363,24,0.0,356,5,0.0,296,2,0.0,368,24,,,,3,,Fraser,Forster,Forster,,,0,0,0,0,0,0,0,0,0,0,0,0,0,,,,0.0,0.0,0.0,0.0,0.0,0,0,0
78,i,0.0,0.0,7.4,22,14,0,0,-1,1,0.2,339,122,0,0,0.0,652,290,0,0,0.0,652,290,0.0,0.0,0,846,138,23787,2419,0.0,0.0,0.0,0.0,0.0,0.0,0.0,0.0,0.0,0.0,0.0,653,291,0.0,653,291,0.0,653,291,0.0,653,291,,,1.0,3,,Junior,Kroupi,Kroupi.Jr,Foot injury - Unknown return date,,0,0,0,0,0,0,0,0,0,0,0,0,0,,,,0.0,0.0,0.0,0.0,0.0,0,0,0
89,a,,,4.5,454,96,0,0,0,0,0.2,335,125,1,0,1.0,280,107,0,3,0.3,343,124,0.1,0.2,0,1306,201,5598,1250,0.3,0.3,0.0,0.0,0.0,0.0,0.0,0.0,0.0,0.0,0.0,434,171,0.0,431,171,0.0,380,158,0.0,440,169,,,,3,,Rico,Henry,Henry,,,2,0,0,0,0,0,0,0,0,0,0,0,0,,,,0.0,0.0,0.0,0.0,0.0,0,0,0
108,a,,,5.5,122,31,0,0,0,0,0.4,284,49,3,1,1.0,343,38,0,9,1.0,269,30,0.2,0.5,0,11781,1870,15953,3861,1.0,1.0,0.07,0.04,0.11,0.15,0.48,0.28,0.76,1.04,3.2,327,33,10.4,223,29,12.0,179,30,2.6,276,31,,,,3,,Callum,Wilson,Wilson,,,13,0,0,0,0,0,0,0,0,0,0,0,2,,,,0.0,0.0,0.0,0.0,13.85,0,1,1
107,a,,,4.5,543,74,0,0,0,0,1.1,178,28,0,0,0.0,510,55,0,0,0.0,510,55,0.0,0.0,0,48454,12983,31532,9304,0.0,0.0,0.0,0.0,0.0,0.0,0.0,0.0,0.0,0.0,0.0,487,48,0.0,486,53,0.0,444,50,0.0,493,52,,,,3,,Kaye,Furo,Furo,,,0,0,0,0,0,0,0,0,0,0,0,0,0,,,,0.0,0.0,0.0,0.0,0.0,0,0,0
134,a,,,4.5,529,274,0,0,0,0,0.3,307,106,0,0,0.0,500,195,0,0,0.0,500,195,0.0,0.0,0,6873,1553,8627,2088,0.0,0.0,0.0,0.0,0.0,0.0,0.0,0.0,0.0,0.0,0.0,476,182,0.0,476,190,0.0,433,159,0.0,482,186,,,,3,,Nehemiah,Oriola,Oriola,,,0,0,0,0,0,0,0,0,0,0,0,0,0,,,,0.0,0.0,0.0,0.0,0.0,0,0,0
137,i,0.0,0.0,5.5,186,42,0,0,0,0,0.0,616,77,0,0,0.0,631,74,0,0,0.0,631,74,0.0,0.0,0,217,53,552,90,0.0,0.0,0.0,0.0,0.0,0.0,0.0,0.0,0.0,0.0,0.0,624,68,0.0,629,73,0.0,622,71,0.0,628,72,,,,3,,Stefanos,Tzimas,Tzimas,Knee injury - Unknown return date,,0,0,0,0,0,0,0,0,0,0,0,0,0,,,,0.0,0.0,0.0,0.0,0.0,0,0,0
200,a,,,6.0,70,7,0,0,0,0,8.1,52,20,9,2,3.0,140,56,0,25,3.0,124,49,0.5,1.5,0,132226,35825,244768,49751,3.0,3.0,0.02,0.21,0.23,4.79,0.01,0.07,0.08,1.6,83.2,34,11,12.6,210,73,10.0,195,67,10.5,121,46,,,,3,,Maxence,Lacroix,Lacroix,,,270,0,1,0,7,0,0,0,1,0,0,3,32,,,,0.0,0.0,2.33,1.0,10.67,8,24,5
158,a,,,5.9,102,66,0,0,-1,1,0.0,546,225,0,0,0.0,637,277,0,0,0.0,637,277,0.0,0.0,0,724,193,2097,349,0.0,0.0,0.0,0.0,0.0,0.0,0.0,0.0,0.0,0.0,0.0,634,278,0.0,636,278,0.0,633,276,0.0,636,278,,,,3,,Jamie,Bynoe-Gittens,Gittens,,,0,0,0,0,0,0,0,0,0,0,0,0,0,,,,0.0,0.0,0.0,0.0,0.0,0,0,0
178,a,,,4.0,584,161,0,0,0,0,0.1,450,159,0,0,0.0,393,137,0,0,0.0,393,137,0.0,0.0,0,1596,427,2224,502,0.0,0.0,0.0,0.0,0.0,0.0,0.0,0.0,0.0,0.0,0.0,368,133,0.0,361,131,0.0,301,111,0.0,373,130,,,,3,,Jake,Bidwell,Bidwell,,,0,0,0,0,0,0,0,0,0,0,0,0,0,,,,0.0,0.0,0.0,0.0,0.0,0,0,0
187,a,,,4.9,389,234,0,0,-1,1,0.0,587,246,0,0,0.0,543,219,0,0,0.0,543,219,0.0,0.0,0,563,60,880,177,0.0,0.0,0.0,0.0,0.0,0.0,0.0,0.0,0.0,0.0,0.0,522,207,0.0,522,215,0.0,484,186,0.0,529,212,,,,3,,Josh,Eccles,Eccles,,,0,0,0,0,0,0,0,0,0,0,0,0,0,,,,0.0,0.0,0.0,0.0,0.0,0,0,0
104,a,,,4.9,386,232,-1,1,-1,1,0.1,404,152,4,2,2.0,199,84,0,13,1.3,222,99,0.3,0.8,0,3197,362,6736,931,1.3,1.3,0.0,0.01,0.01,3.05,0.0,0.01,0.01,1.81,4.0,316,143,2.0,280,143,0.0,481,184,0.6,337,154,,,,3,,Frank,Onyeka,Onyeka,,,152,0,0,0,4,0,0,0,0,0,0,2,12,,,,0.0,0.0,2.37,1.18,7.11,2,3,7
189,a,,,4.5,563,290,0,0,0,0,0.2,318,113,0,0,0.0,527,208,0,0,0.0,527,208,0.0,0.0,0,3598,888,8683,1773,0.0,0.0,0.0,0.0,0.0,0.0,0.0,0.0,0.0,0.0,0.0,504,195,0.0,503,203,0.0,462,172,0.0,510,199,,,,3,,George,Shepherd,Shepherd,,,0,0,0,0,0,0,0,0,0,0,0,0,0,,,,0.0,0.0,0.0,0.0,0.0,0,0,0
623,a,,,4.0,583,54,0,0,0,0,0.4,273,36,0,0,0.0,392,28,0,0,0.0,392,28,0.0,0.0,0,39162,19082,6840,4013,0.0,0.0,0.0,0.0,0.0,0.0,0.0,0.0,0.0,0.0,0.0,367,28,0.0,360,9,0.0,300,6,0.0,372,28,,,,3,,Dan,Bentley,Bentley,,,0,0,0,0,0,0,0,0,0,0,0,0,0,,,,0.0,0.0,0.0,0.0,0.0,0,0,0
270,a,,,4.5,442,259,0,0,0,0,1.2,171,54,0,0,0.0,456,182,0,0,0.0,456,182,0.0,0.0,0,16188,2531,43117,9538,0.0,0.0,0.0,0.0,0.0,0.0,0.0,0.0,0.0,0.0,0.0,431,169,0.0,428,177,0.0,377,146,0.0,437,173,,,,3,,Harrison,Reed,Reed,,,0,0,0,0,0,0,0,0,0,0,0,0,0,,,,0.0,0.0,0.0,0.0,0.0,0,0,0
626,a,,,4.5,552,284,0,0,0,0,0.4,285,95,0,0,0.0,518,203,0,0,0.0,518,203,0.0,0.0,0,31150,9140,9516,4685,0.0,0.0,0.0,0.0,0.0,0.0,0.0,0.0,0.0,0.0,0.0,495,190,0.0,494,198,0.0,452,167,0.0,501,194,,,,3,,Macaulay,Zepa,Zepa,,,0,0,0,0,0,0,0,0,0,0,0,0,0,,,,0.0,0.0,0.0,0.0,0.0,0,0,0
273,a,,,4.0,594,60,0,0,0,0,1.5,152,22,0,0,0.0,401,34,0,0,0.0,401,34,0.0,0.0,0,18350,5917,24288,5954,0.0,0.0,0.0,0.0,0.0,0.0,0.0,0.0,0.0,0.0,0.0,376,34,0.0,370,15,0.0,310,12,0.0,381,34,,,,3,,Dillon,Phillips,Phillips,,,0,0,0,0,0,0,0,0,0,0,0,0,0,,,,0.0,0.0,0.0,0.0,0.0,0,0,0
282,a,,,4.0,608,177,0,0,0,0,1.3,160,65,20,8,6.7,26,11,2,75,6.7,25,11,1.7,5.0,0,69198,29494,20351,7817,6.7,6.7,0.02,0.18,0.2,4.98,0.01,0.06,0.07,1.7,38.2,153,70,60.2,41,5,6.0,221,75,10.5,119,45,1.0,1.0,,3,,Ryan,Giles,Giles,,,264,0,0,3,0,0,0,0,0,0,0,3,12,,,,0.0,1.02,0.0,1.02,4.09,3,9,10
284,a,,,4.0,654,214,0,0,0,0,0.1,440,157,0,0,0.0,443,170,0,0,0.0,443,170,0.0,0.0,0,2713,531,2814,643,0.0,0.0,0.0,0.0,0.0,0.0,0.0,0.0,0.0,0.0,0.0,418,166,0.0,413,166,0.0,358,151,0.0,424,164,,,,3,,Cathal,McCarthy,McCarthy,,,0,0,0,0,0,0,0,0,0,0,0,0,0,,,,0.0,0.0,0.0,0.0,0.0,0,0,0
299,u,0.0,0.0,4.5,520,69,0,0,0,0,0.0,516,71,0,0,0.0,492,51,0,0,0.0,492,51,0.0,0.0,0,0,0,2343,355,0.0,0.0,0.0,0.0,0.0,0.0,0.0,0.0,0.0,0.0,0.0,468,43,0.0,468,49,0.0,425,45,0.0,474,47,,,,3,,Mason,Burstow,Burstow,Has joined Sheffield Wednesday on loan for the rest of the season,,0,0,0,0,0,0,0,0,0,0,0,0,0,,,,0.0,0.0,0.0,0.0,0.0,0,0,0
301,a,,,4.0,588,57,0,0,0,0,4.2,83,13,0,0,0.0,397,31,0,0,0.0,397,31,0.0,0.0,0,52068,14702,67695,19480,0.0,0.0,0.0,0.0,0.0,0.0,0.0,0.0,0.0,0.0,0.0,372,31,0.0,365,12,0.0,305,9,0.0,377,31,,,,3,,Alex,Palmer,Palmer,,,0,0,0,0,0,0,0,0,0,0,0,0,0,,,,0.0,0.0,0.0,0.0,0.0,0,0,0
308,a,,,4.0,598,168,0,0,0,0,0.5,251,94,1,0,1.0,266,95,0,-1,0.3,338,121,0.1,0.2,0,1110,229,11194,2230,0.3,0.3,0.0,0.0,0.0,0.86,0.0,0.0,0.0,4.55,5.0,305,119,0.5,327,124,0.0,313,116,0.6,336,123,,,,3,,Darnell,Furlong,Furlong,,,17,0,0,0,1,0,0,0,0,0,0,0,3,,,,0.0,0.0,5.29,0.0,15.88,1,2,0
625,a,,,4.0,586,56,0,0,0,0,0.2,351,39,0,0,0.0,395,30,0,0,0.0,395,30,0.0,0.0,0,13610,4185,2793,1409,0.0,0.0,0.0,0.0,0.0,0.0,0.0,0.0,0.0,0.0,0.0,370,30,0.0,363,11,0.0,303,8,0.0,375,30,,,,3,,Alex,Cairns,Cairns,,,0,0,0,0,0,0,0,0,0,0,0,0,0,,,,0.0,0.0,0.0,0.0,0.0,0,0,0
374,a,100.0,100.0,5.0,251,156,0,0,0,0,0.1,477,189,0,0,0.0,559,231,0,0,0.0,559,231,0.0,0.0,0,1677,394,3248,817,0.0,0.0,0.0,0.0,0.0,0.0,0.0,0.0,0.0,0.0,0.0,542,222,0.0,543,229,0.0,515,208,0.0,549,226,,,,3,,Endo,Wataru,Endo,,,0,0,0,0,0,0,0,0,0,0,0,0,0,,,,0.0,0.0,0.0,0.0,0.0,0,0,0
587,a,,,5.0,242,7,0,0,0,0,0.0,566,66,0,0,0.0,556,69,0,0,0.0,556,69,0.0,0.0,0,330,89,743,179,0.0,0.0,0.0,0.0,0.0,0.0,0.0,0.0,0.0,0.0,0.0,537,69,0.0,539,58,0.0,507,58,0.0,545,69,,,,3,,Gerónimo,Rulli,Rulli,,,0,0,0,0,0,0,0,0,0,0,0,0,0,,,,0.0,0.0,0.0,0.0,0.0,0,0,0
412,a,,,5.0,298,13,0,0,0,0,12.1,34,5,5,2,1.7,233,21,0,31,1.7,206,20,0.3,1.0,0,74881,7967,420940,141748,1.7,1.7,0.0,0.0,0.0,4.08,0.0,0.0,0.0,1.36,79.0,40,6,0.0,565,64,0.0,542,64,7.9,161,6,,,,3,,Senne,Lammens,Lammens,,,270,0,0,0,6,0,0,0,0,0,9,3,0,,,,3.0,0.0,2.0,1.0,0.0,0,4,28
414,i,0.0,0.0,4.0,578,49,0,0,0,0,0.1,447,49,0,0,0.0,387,23,0,0,0.0,387,23,0.0,0.0,0,1315,466,2543,562,0.0,0.0,0.0,0.0,0.0,0.0,0.0,0.0,0.0,0.0,0.0,362,23,0.0,355,4,0.0,295,1,0.0,367,23,,,,3,,Tom,Heaton,Heaton,Hamstring injury - Unknown return date,,0,0,0,0,0,0,0,0,0,0,0,0,0,,,,0.0,0.0,0.0,0.0,0.0,0,0,0
415,a,,,5.8,114,74,-1,1,-2,2,0.6,235,78,2,1,0.7,379,178,0,-4,0.7,323,148,0.1,0.3,0,9017,1070,77925,12579,0.7,0.7,0.65,0.05,0.7,2.28,0.78,0.06,0.84,2.74,11.2,263,109,14.2,192,107,57.0,46,30,7.3,177,81,,,,3,,Patrick,Dorgu,Dorgu,,,75,0,0,0,5,0,0,0,1,0,0,1,6,,,,0.0,0.0,6.0,1.2,7.2,2,3,1
424,a,,,4.0,644,205,0,0,0,0,0.2,341,127,0,0,0.0,435,163,0,0,0.0,435,163,0.0,0.0,0,3913,1083,5668,1331,0.0,0.0,0.0,0.0,0.0,0.0,0.0,0.0,0.0,0.0,0.0,410,159,0.0,405,159,0.0,349,143,0.0,416,157,,,,3,,Harry,Amass,Amass,,,0,0,0,0,0,0,0,0,0,0,0,0,0,,,,0.0,0.0,0.0,0.0,0.0,0,0,0
441,a,,,4.5,545,75,0,0,0,0,1.2,170,24,0,0,0.0,512,56,0,0,0.0,512,56,0.0,0.0,0,36428,10994,37129,9722,0.0,0.0,0.0,0.0,0.0,0.0,0.0,0.0,0.0,0.0,0.0,489,49,0.0,488,54,0.0,446,51,0.0,495,53,,,,3,,Chido,Obi,Obi,,,0,0,0,0,0,0,0,0,0,0,0,0,0,,,,0.0,0.0,0.0,0.0,0.0,0,0,0
450,a,100.0,0.0,4.9,390,71,0,0,-1,1,0.0,499,176,1,1,1.0,297,119,0,3,0.3,351,129,0.1,0.2,0,2071,1865,2585,497,0.3,0.0,0.0,0.0,0.0,0.02,0.0,0.0,0.0,1.8,0.2,357,131,0.0,523,196,0.0,485,191,0.0,530,195,,,,3,,Tino,Livramento,Livramento,,,1,0,0,0,0,0,0,0,0,0,0,0,0,,,,0.0,0.0,0.0,0.0,0.0,0,0,0
609,a,,,4.0,638,199,0,0,0,0,0.3,312,115,0,0,0.0,431,159,0,0,0.0,431,159,0.0,0.0,0,17718,2854,6270,2309,0.0,0.0,0.0,0.0,0.0,0.0,0.0,0.0,0.0,0.0,0.0,406,155,0.0,401,155,0.0,343,137,0.0,412,153,,,,3,,Leo,Shahar,Shahar,,,0,0,0,0,0,0,0,0,0,0,0,0,0,,,,0.0,0.0,0.0,0.0,0.0,0,0,0
476,a,,,4.0,602,172,0,0,0,0,0.2,328,119,0,0,0.0,405,142,0,0,0.0,405,142,0.0,0.0,0,2354,601,5251,1127,0.0,0.0,0.0,0.0,0.0,0.0,0.0,0.0,0.0,0.0,0.0,380,138,0.0,375,138,0.0,317,120,0.0,386,136,,,,3,,Omar,Richards,O.Richards,,,0,0,0,0,0,0,0,0,0,0,0,0,0,,,,0.0,0.0,0.0,0.0,0.0,0,0,0
489,a,100.0,100.0,4.5,458,261,0,0,0,0,1.4,156,47,0,0,0.0,460,184,0,0,0.0,460,184,0.0,0.0,0,24623,5561,66198,10932,0.0,0.0,0.0,0.0,0.0,0.0,0.0,0.0,0.0,0.0,0.0,436,171,0.0,433,179,0.0,382,148,0.0,442,175,,,,3,,Ryan,Yates,Yates,,,0,0,0,0,0,0,0,0,0,0,0,0,0,,,,0.0,0.0,0.0,0.0,0.0,0,0,0
508,a,,,4.0,589,163,0,0,0,0,0.9,201,77,0,0,0.0,398,139,0,0,0.0,398,139,0.0,0.0,0,8745,1563,26364,5614,0.0,0.0,0.0,0.0,0.0,0.0,0.0,0.0,0.0,0.0,0.0,373,135,0.0,366,133,0.0,306,113,0.0,378,132,,,,3,,Ben,Davies,Davies,,,0,0,0,0,0,0,0,0,0,0,0,0,0,,,,0.0,0.0,0.0,0.0,0.0,0,0,0
497,a,,,4.0,582,53,0,0,0,0,17.9,19,4,0,0,0.0,391,27,0,0,0.0,391,27,0.0,0.0,0,243161,77063,255798,73150,0.0,0.0,0.0,0.0,0.0,0.0,0.0,0.0,0.0,0.0,0.0,366,27,0.0,359,8,0.0,299,5,0.0,371,27,,,,3,,Martin,Dubravka,Dubravka,,,0,0,0,0,0,0,0,0,0,0,0,0,0,,,,0.0,0.0,0.0,0.0,0.0,0,0,0
519,a,,,5.4,203,127,0,0,-1,1,0.2,337,121,3,3,1.5,244,109,0,24,1.0,265,118,0.2,0.6,0,2773,541,12724,1490,1.0,1.0,0.02,0.12,0.14,2.58,0.01,0.08,0.09,1.81,10.2,267,112,9.9,226,119,3.0,257,124,2.2,283,125,,,,3,,Conor,Gallagher,Gallagher,,,128,0,0,1,2,0,0,0,1,0,0,2,14,,,,0.0,0.7,1.41,1.41,9.84,5,1,8
521,i,0.0,0.0,6.5,38,26,0,0,0,0,0.0,608,259,0,0,0.0,648,288,0,0,0.0,648,288,0.0,0.0,0,220,58,532,114,0.0,0.0,0.0,0.0,0.0,0.0,0.0,0.0,0.0,0.0,0.0,648,289,0.0,649,289,0.0,648,289,0.0,648,289,,,,3,,Dejan,Kulusevski,Kulusevski,Knee injury - Unknown return date,,0,0,0,0,0,0,0,0,0,0,0,0,0,,,,0.0,0.0,0.0,0.0,0.0,0,0,0
522,a,,,5.0,341,206,0,0,0,0,0.2,343,124,4,0,2.0,208,91,0,24,1.3,228,102,0.3,0.8,0,4498,626,8814,2224,1.3,1.3,0.0,0.01,0.01,3.91,0.0,0.01,0.01,2.32,8.0,280,119,4.8,240,128,0.0,567,235,1.3,314,141,,,,3,,Archie,Gray,Gray,,,152,0,0,0,4,0,0,0,0,0,0,2,11,,,,0.0,0.0,2.37,1.18,6.51,1,5,5
523,u,0.0,0.0,5.0,321,190,0,0,0,0,0.1,431,168,3,0,1.5,243,108,0,11,1.0,262,115,0.2,0.6,0,3258,0,12739,3724,0.0,0.0,0.4,0.02,0.42,3.26,0.4,0.02,0.42,3.3,14.2,245,100,6.3,233,123,56.0,49,31,7.5,170,78,,,,3,,Mikey,Moore,Moore,Has joined FC Köln on loan for the rest of the season,,89,0,0,0,4,0,0,0,0,0,0,1,3,,,,0.0,0.0,4.04,1.01,3.03,1,0,2
517,i,0.0,0.0,5.5,180,113,0,0,0,0,0.0,649,287,0,0,0.0,629,273,0,0,0.0,629,273,0.0,0.0,0,67,24,67,10,0.0,0.0,0.0,0.0,0.0,0.0,0.0,0.0,0.0,0.0,0.0,622,272,0.0,627,273,0.0,620,269,0.0,626,272,,,,3,,Wilson,Odobert,Odobert,Knee injury - Unknown return date,,0,0,0,0,0,0,0,0,0,0,0,0,0,,,,0.0,0.0,0.0,0.0,0.0,0,0,0
524,a,,,4.5,509,270,0,0,0,0,0.7,233,76,0,0,0.0,482,191,0,0,0.0,482,191,0.0,0.0,0,4380,753,23211,4433,0.0,0.0,0.0,0.0,0.0,0.0,0.0,0.0,0.0,0.0,0.0,458,178,0.0,458,186,0.0,415,155,0.0,464,182,,,,3,,Callum,Olusesi,Olusesi,,,0,0,0,0,0,0,0,0,0,0,0,0,0,,,,0.0,0.0,0.0,0.0,0.0,0,0,0
601,a,,,4.5,550,283,0,0,0,0,0.1,376,137,0,0,0.0,516,202,0,0,0.0,516,202,0.0,0.0,0,8876,1773,4120,1370,0.0,0.0,0.0,0.0,0.0,0.0,0.0,0.0,0.0,0.0,0.0,493,189,0.0,492,197,0.0,450,166,0.0,499,193,,,,3,,Luca,Williams-Barnett,Williams-Barnett,,,0,0,0,0,0,0,0,0,0,0,0,0,0,,,,0.0,0.0,0.0,0.0,0.0,0,0,0
529,a,,,5.0,319,15,0,0,0,0,3.1,102,17,9,2,3.0,131,13,0,40,3.0,117,13,0.6,1.8,0,16519,1516,108062,28504,3.0,3.0,0.0,0.0,0.0,3.96,0.0,0.0,0.0,1.32,31.8,185,20,0.0,578,66,0.0,556,66,3.2,261,20,,,,3,,Robin,Roefs,Roefs,,,270,0,0,1,3,0,0,0,0,0,2,3,0,,,,0.67,0.33,1.0,1.0,0.0,0,4,28
530,u,0.0,0.0,4.0,609,63,0,0,0,0,0.1,389,46,0,0,0.0,409,37,0,0,0.0,409,37,0.0,0.0,0,0,0,4658,735,0.0,0.0,0.0,0.0,0.0,0.0,0.0,0.0,0.0,0.0,0.0,384,37,0.0,379,18,0.0,321,15,0.0,390,37,,,,3,,Anthony,Patterson,Patterson,Has joined Wrexham permanently,,0,0,0,0,0,0,0,0,0,0,0,0,0,,,,0.0,0.0,0.0,0.0,0.0,0,0,0
536,a,,,4.5,483,117,0,0,0,0,0.4,279,101,9,2,3.0,122,49,0,49,3.0,110,42,0.7,2.0,0,3451,504,10716,2815,3.0,3.0,0.0,0.31,0.31,3.96,0.0,0.1,0.1,1.32,53.8,103,47,35.0,110,32,6.0,223,77,9.5,135,51,,,,3,,Reinildo,Mandava,Reinildo,,,270,0,0,1,3,0,0,0,0,0,0,3,22,,,,0.0,0.33,1.0,1.0,7.33,7,15,15
537,u,0.0,0.0,4.5,517,134,0,0,0,0,0.0,621,207,0,0,0.0,489,187,0,0,0.0,489,187,0.0,0.0,0,61,0,554,67,0.0,0.0,0.0,0.0,0.0,0.0,0.0,0.0,0.0,0.0,0.0,465,184,0.0,465,184,0.0,422,177,0.0,471,182,,,,3,,Jenson,Seelt,Seelt,Has joined Swansea City on loan for the rest of the season,,0,0,0,0,0,0,0,0,0,0,0,0,0,,,,0.0,0.0,0.0,0.0,0.0,0,0,0
540,u,0.0,0.0,4.0,587,162,0,0,0,0,0.2,367,140,0,0,0.0,396,138,0,0,0.0,396,138,0.0,0.0,0,0,0,9206,1268,0.0,0.0,0.0,0.0,0.0,0.0,0.0,0.0,0.0,0.0,0.0,371,134,0.0,364,132,0.0,304,112,0.0,376,131,,,,3,,Arthur,Masuaku,Masuaku,Has joined Konyaspor permanently,,0,0,0,0,0,0,0,0,0,0,0,0,0,,,,0.0,0.0,0.0,0.0,0.0,0,0,0
546,u,0.0,0.0,4.9,405,243,0,0,-1,1,0.0,530,217,0,0,0.0,550,223,0,0,0.0,550,223,0.0,0.0,0,240,0,6208,713,0.0,0.0,0.0,0.0,0.0,0.0,0.0,0.0,0.0,0.0,0.0,529,211,0.0,530,219,0.0,492,190,0.0,537,216,,,,3,,Simon,Adingra,Adingra,Has joined Ajax on loan for the rest of the season,,0,0,0,0,0,0,0,0,0,0,0,0,0,,,,0.0,0.0,0.0,0.0,0.0,0,0,0
547,i,0.0,,4.9,395,236,-1,1,-1,1,0.0,613,262,1,0,1.0,298,124,0,2,0.3,353,159,0.1,0.2,0,170,47,387,103,0.0,0.3,0.17,0.0,0.17,0.09,15.3,0.0,15.3,8.1,8.0,278,118,0.1,350,174,17.0,135,68,2.5,277,120,,,,3,,Romaine,Mundle,Mundle,Knee injury - Unknown return date,,1,0,0,0,0,0,0,0,0,0,0,0,1,,,,0.0,0.0,0.0,0.0,90.0,0,1,0
533,a,100.0,100.0,5.5,135,16,0,0,0,0,2.3,118,48,13,4,6.5,29,14,1,44,4.3,63,26,0.8,2.4,0,31702,4696,78190,14798,4.3,4.3,0.0,0.03,0.03,2.16,0.0,0.02,0.02,1.08,75.0,42,16,13.0,205,69,2.0,284,108,9.0,144,56,,,,3,,Nordi,Mukiele,Mukiele,,,180,0,0,1,1,0,0,0,0,0,0,2,33,,,,0.0,0.5,0.5,1.0,16.5,6,27,10
534,a,,,4.5,501,128,0,0,0,0,4.4,80,32,9,1,3.0,124,50,0,46,3.0,112,43,0.7,2.0,0,33140,1960,212842,88918,3.0,3.0,0.04,0.28,0.32,3.09,0.02,0.13,0.15,1.43,31.8,184,83,58.6,44,6,15.0,149,49,10.6,116,43,3.0,,,3,,Trai,Hume,Hume,,,195,0,0,1,1,0,0,0,0,0,0,2,12,,,,0.0,0.46,0.46,0.92,5.54,9,3,12
535,a,100.0,100.0,4.9,372,67,-1,1,-1,1,0.3,296,108,1,0,1.0,294,117,0,2,0.3,348,127,0.1,0.2,0,4340,267,19336,4032,0.3,0.3,0.0,0.01,0.01,0.1,0.0,0.04,0.04,0.39,0.0,514,196,0.6,320,122,0.0,473,190,0.0,520,194,,,,3,,Omar,Alderete,Alderete,,,23,0,0,0,1,0,0,0,0,0,0,0,0,,,,0.0,0.0,3.91,0.0,0.0,0,0,2
541,a,100.0,100.0,4.5,430,83,0,0,0,0,0.3,304,112,9,2,3.0,120,47,0,32,3.0,109,41,0.7,2.0,0,4124,475,5488,1432,3.0,3.0,0.21,0.13,0.34,3.51,0.08,0.05,0.13,1.3,41.6,142,64,26.8,137,43,26.0,106,29,9.5,134,50,,,,3,,Thomas,Meunier,Meunier,,,243,0,0,1,3,0,0,0,0,0,0,3,14,,,,0.0,0.37,1.11,1.11,5.19,2,12,8
542,a,,,5.9,106,67,0,0,-1,1,5.0,72,22,13,8,4.3,73,33,1,51,4.3,68,32,0.7,2.2,0,25351,6645,457427,78467,4.3,4.3,1.21,0.23,1.44,3.76,0.42,0.08,0.5,1.31,48.0,122,43,34.8,111,69,54.0,54,35,13.8,70,46,1.0,2.0,2.0,3,,Enzo,Le Fée,E.Le Fée,,,258,1,0,1,2,0,0,0,0,0,0,3,14,,,,0.0,0.35,0.7,1.05,4.88,6,1,7
543,i,0.0,0.0,5.4,227,143,-1,1,-1,1,0.0,524,215,5,0,2.5,164,70,0,18,1.7,211,97,0.3,0.9,0,518,19,4513,1030,0.0,0.0,0.03,0.16,0.19,0.12,0.1,0.51,0.61,0.39,15.6,240,99,10.9,219,116,2.0,281,134,2.9,268,117,,,1.0,3,,Habib,Diarra,Diarra,Hamstring injury - Unknown return date,,28,0,1,0,1,0,0,0,0,0,0,0,0,,,,0.0,0.0,3.21,0.0,0.0,0,0,0
544,a,,,5.5,123,79,0,0,0,0,4.4,81,28,18,3,6.0,37,15,5,72,6.0,33,14,1.1,3.3,0,104428,16522,100434,35143,6.0,6.0,0.06,0.57,0.63,3.96,0.02,0.19,0.21,1.32,54.4,101,37,109.8,8,8,3.0,258,125,16.7,42,30,2.0,1.0,,3,,Granit,Xhaka,Xhaka,,,270,0,1,1,3,0,0,0,1,0,0,3,35,,,,0.0,0.33,1.0,1.0,11.67,5,7,23
545,a,,,4.9,413,250,-1,1,-1,1,0.3,314,110,6,1,2.0,200,85,0,55,2.0,177,77,0.4,1.2,0,3581,529,11373,2926,2.0,2.0,0.36,0.23,0.59,3.57,0.13,0.08,0.21,1.27,41.8,141,52,54.9,49,41,79.0,18,10,17.6,36,27,,,,3,,Noah,Sadiki,Sadiki,,,253,0,0,1,3,0,0,0,1,0,0,3,16,,,,0.0,0.36,1.07,1.07,5.69,3,6,7
548,a,,,4.9,410,247,-1,1,-1,1,0.1,494,198,2,0,1.0,304,128,0,6,0.7,302,136,0.1,0.4,0,331,89,1877,395,0.7,0.7,0.0,0.0,0.0,0.44,0.0,0.0,0.0,2.33,0.0,533,215,0.3,338,166,0.0,496,194,0.0,541,220,,,,3,,Chris,Rigg,Rigg,,,17,0,0,0,1,0,0,0,0,0,0,0,1,,,,0.0,0.0,5.29,0.0,5.29,0,0,1
549,a,,,5.4,228,144,0,0,-1,1,0.2,369,132,1,0,1.0,338,153,0,1,0.3,373,174,0.1,0.2,0,844,133,8576,1605,0.3,0.3,0.0,0.0,0.0,0.14,0.0,0.0,0.0,0.41,0.0,608,262,0.9,309,154,0.0,600,257,0.0,614,264,,,,3,,Chemsdine,Talbi,Talbi,,,31,0,0,0,1,0,0,0,0,0,0,0,2,,,,0.0,0.0,2.9,0.0,5.81,0,0,2
550,a,,,5.0,362,218,0,0,0,0,0.0,624,268,0,0,0.0,606,256,0,0,0.0,606,256,0.0,0.0,0,177,46,254,52,0.0,0.0,0.0,0.0,0.0,0.0,0.0,0.0,0.0,0.0,0.0,591,249,0.0,598,255,0.0,580,242,0.0,598,252,,,,3,,Djiamgone Jocelin Ta,Bi,Jocelin.T,,,0,0,0,0,0,0,0,0,0,0,0,0,0,,,,0.0,0.0,0.0,0.0,0.0,0,0,0
551,a,,,5.0,337,202,0,0,0,0,0.1,374,136,10,2,3.3,111,49,0,47,3.3,100,47,0.7,2.0,0,11124,1013,6337,1846,3.3,3.3,0.15,0.12,0.27,3.0,0.07,0.06,0.13,1.46,48.6,118,42,25.7,143,84,32.0,92,51,10.6,117,58,,3.0,,3,,Nilson,Angulo,N.Angulo,,,185,1,0,1,2,0,0,0,1,0,0,3,17,,,,0.0,0.49,0.97,1.46,8.27,3,2,12
552,a,,,5.9,98,26,0,0,-1,1,7.7,55,7,6,2,2.0,219,22,0,17,2.0,194,17,0.3,1.0,0,76046,10493,619619,150975,2.0,2.0,0.59,0.06,0.65,3.48,0.24,0.02,0.26,1.43,4.4,310,31,41.4,85,6,44.0,68,17,8.9,146,16,,,,3,,Brian,Brobbey,Brobbey,,,219,0,0,1,2,0,0,0,0,0,0,3,7,,,,0.0,0.41,0.82,1.23,2.88,0,1,6
553,a,,,5.5,150,38,0,0,0,0,1.4,153,22,13,4,4.3,69,6,3,47,4.3,64,5,0.8,2.4,0,70072,31772,39987,12509,4.3,4.3,1.49,0.01,1.5,0.92,1.79,0.01,1.8,1.1,29.4,189,14,0.6,325,39,35.0,86,20,6.5,198,22,,,,3,,Wilson,Isidor,Isidor,,,75,1,1,0,1,0,0,0,0,0,0,0,2,,,,0.0,0.0,1.2,0.0,2.4,0,0,2
612,a,100.0,100.0,4.5,559,147,0,0,0,0,0.0,622,208,0,0,0.0,523,196,0,0,0.0,523,196,0.0,0.0,0,563,106,258,131,0.0,0.0,0.0,0.0,0.0,0.0,0.0,0.0,0.0,0.0,0.0,500,193,0.0,499,193,0.0,458,187,0.0,506,191,,,,3,,Dayann,Méthalie,Methalie,,,0,0,0,0,0,0,0,0,0,0,0,0,0,,,,0.0,0.0,0.0,0.0,0.0,0,0,0
613,a,,,4.5,564,291,0,0,0,0,0.3,316,111,0,0,0.0,528,209,0,0,0.0,528,209,0.0,0.0,0,20598,4941,7701,3005,0.0,0.0,0.0,0.0,0.0,0.0,0.0,0.0,0.0,0.0,0.0,505,196,0.0,504,204,0.0,463,173,0.0,511,200,,,,3,,Jules,Ahoka,Ahoka,,,0,0,0,0,0,0,0,0,0,0,0,0,0,,,,0.0,0.0,0.0,0.0,0.0,0,0,0
646,a,,,5.5,178,111,0,0,0,0,0.0,545,224,1,1,1.0,350,161,0,3,1.0,274,124,0.2,0.2,0,3034,963,571,332,2.0,2.0,0.0,0.0,0.0,0.39,0.0,0.0,0.0,2.19,0.0,621,271,0.5,332,164,0.0,619,268,0.1,366,172,,,,3,,Malick,Fofana,Fofana,,,16,0,0,0,0,0,0,0,0,0,0,0,0,,,,0.0,0.0,0.0,0.0,0.0,0,0,0
651,a,,,4.5,561,78,0,0,0,0,0.4,267,48,0,0,0.0,525,59,0,0,0.0,525,59,0.0,0.0,0,38399,22460,7607,5771,1.0,1.0,0.0,0.0,0.0,0.0,0.0,0.0,0.0,0.0,0.0,502,52,0.0,501,57,0.0,460,54,0.0,508,56,,,,3,,Juan,Angulo,J.Angulo,,,0,0,0,0,0,0,0,0,0,0,0,0,0,,,,0.0,0.0,0.0,0.0,0.0,0,0,0
