id,first_name,second_name,web_name,status,news,news_added,now_cost,now_cost_rank,now_cost_rank_type,selected_by_percent,selected_rank,selected_rank_type,form,form_rank,form_rank_type,event_points,cost_change_event,cost_change_event_fall,cost_change_start,cost_change_start_fall,transfers_in_event,transfers_out_event,value_form,value_season,ep_next,ep_this,points_per_game,points_per_game_rank,points_per_game_rank_type,chance_of_playing_next_round,chance_of_playing_this_round,influence_rank,influence_rank_type,creativity_rank,creativity_rank_type,threat_rank,threat_rank_type,ict_index_rank,ict_index_rank_type,corners_and_indirect_freekicks_order,direct_freekicks_order,penalties_order,set_piece_threat,corners_and_indirect_freekicks_text,direct_freekicks_text,penalties_text,expected_goals_per_90,expected_assists_per_90,expected_goal_involvements_per_90,expected_goals_conceded_per_90,saves_per_90,clean_sheets_per_90,goals_conceded_per_90,starts_per_90,defensive_contribution_per_90,gw,total_points,minutes,goals_scored,assists,clean_sheets,goals_conceded,own_goals,penalties_saved,penalties_missed,yellow_cards,red_cards,saves,starts,bonus,bps,transfers_in,transfers_out,dreamteam_count,expected_goals,expected_assists,expected_goal_involvements,expected_goals_conceded,influence,creativity,threat,ict_index,tackles,clearances_blocks_interceptions,recoveries,defensive_contribution
10,Benjamin,White,White,a,,,5.5,131,15,7.6,57,23,6.7,26,12,2,0,0,0,0,87932,83916,1.2,3.6,6.7,6.7,6.7,27,12,100.0,100.0,64,31,57,11,117,35,66,16,,,,,,,,0.06,0.1,0.16,0.31,0.0,0.67,0.33,1.0,5.0,3,2,90.0,0.0,0.0,0.0,1.0,0.0,0.0,0.0,0.0,0.0,0.0,1.0,0.0,11.0,89198.0,86085.0,0.0,0.0,0.02999999999999997,0.02999999999999997,0.39,15.800000000000004,5.100000000000001,10.0,3.0999999999999996,2.0,4.0,4.0,6.0
17,Mikel,Merino Zazón,Merino,a,,,5.9,89,58,0.4,260,87,0.7,326,150,0,0,0,-1,1,1571,7990,0.1,0.3,0.7,0.7,0.7,381,180,,,295,126,258,136,163,80,282,124,,,,,,,,0.27,0.04,0.31,0.51,0.0,0.0,0.0,0.0,11.74,3,0,13.0,0.0,0.0,0.0,0.0,0.0,0.0,0.0,1.0,0.0,0.0,0.0,0.0,0.0,1584.0,8037.0,0.0,0.0,0.0,0.0,0.11000000000000001,0.0,1.0999999999999996,0.0,0.10000000000000009,0.0,0.0,0.0,0.0
606,Triston,Rowe,Rowe,a,,,4.0,642,202,0.2,360,137,0.0,432,160,0,0,0,0,0,2219,1373,0.0,0.0,0.0,0.0,0.0,432,160,,,407,156,402,156,345,139,413,154,,,,,,,,0.0,0.0,0.0,0.0,0.0,0.0,0.0,0.0,0.0,3,0,0.0,0.0,0.0,0.0,0.0,0.0,0.0,0.0,0.0,0.0,0.0,0.0,0.0,0.0,2248.0,1379.0,0.0,0.0,0.0,0.0,0.0,0.0,0.0,0.0,0.0,0.0,0.0,0.0,0.0
37,Victor,Lindelöf,Lindelöf,a,,,4.5,453,94,0.3,297,108,2.0,173,69,6,0,0,0,0,2831,1476,0.4,1.3,2.0,2.0,2.0,191,74,,,150,68,140,45,265,98,192,74,,,,,,,,0.0,0.05,0.05,1.79,0.0,0.33,1.67,1.0,4.67,3,6,90.0,0.0,0.0,1.0,0.0,0.0,0.0,0.0,0.0,0.0,0.0,1.0,0.0,28.0,2849.0,1493.0,0.0,0.0,0.08,0.08,0.5700000000000003,22.400000000000002,24.9,2.0,4.9,0.0,4.0,3.0,4.0
18,Gabriel,Martinelli Silva,Martinelli,u,Has joined Al Hilal permanently,,6.3,56,40,0.1,430,167,0.0,647,287,0,0,0,-2,2,0,5374,0.0,0.0,0.0,0.0,0.0,647,287,0.0,0.0,647,288,648,288,647,288,647,288,,,,,,,,0.0,0.0,0.0,0.0,0.0,0.0,0.0,0.0,0.0,3,0,0.0,0.0,0.0,0.0,0.0,0.0,0.0,0.0,0.0,0.0,0.0,0.0,0.0,0.0,0.0,5421.0,0.0,0.0,0.0,0.0,0.0,0.0,0.0,0.0,0.0,0.0,0.0,0.0,0.0
39,Kosta,Nedeljkovic,Nedeljkovic,u,Has joined Rangers on loan for the rest of the season,,4.0,647,207,0.2,367,140,0.0,436,164,0,0,0,0,0,0,1685,0.0,0.0,0.0,0.0,0.0,436,164,0.0,0.0,411,160,406,160,350,144,417,158,,,,,,,,0.0,0.0,0.0,0.0,0.0,0.0,0.0,0.0,0.0,3,0,0.0,0.0,0.0,0.0,0.0,0.0,0.0,0.0,0.0,0.0,0.0,0.0,0.0,0.0,0.0,1705.0,0.0,0.0,0.0,0.0,0.0,0.0,0.0,0.0,0.0,0.0,0.0,0.0,0.0
30,Lucas,Digne,Digne,u,Has joined Paris Saint-Germain permanently,,4.5,432,84,0.1,483,171,0.0,449,174,0,0,0,0,0,0,757,0.0,0.0,0.0,0.0,0.0,449,174,0.0,0.0,424,170,421,170,368,157,430,168,,,,,,,,0.0,0.0,0.0,0.0,0.0,0.0,0.0,0.0,0.0,3,0,0.0,0.0,0.0,0.0,0.0,0.0,0.0,0.0,0.0,0.0,0.0,0.0,0.0,0.0,0.0,763.0,0.0,0.0,0.0,0.0,0.0,0.0,0.0,0.0,0.0,0.0,0.0,0.0,0.0
7,Myles,Lewis-Skelly,Lewis-Skelly,a,,,5.5,170,104,0.7,227,74,2.7,138,59,2,0,0,0,0,5456,7979,0.5,1.5,2.7,2.7,2.7,153,64,,,213,86,96,65,143,73,184,86,,,,,,,,0.06,0.09,0.15,0.31,0.0,0.8,0.4,1.19,5.58,3,2,66.0,0.0,0.0,0.0,1.0,0.0,0.0,0.0,0.0,0.0,0.0,1.0,0.0,5.0,5501.0,8081.0,0.0,0.03,0.1,0.13,0.26,0.0,12.699999999999996,4.0,1.0,0.0,0.0,2.0,2.0
51,George,Hemmings,George Hemmings,a,,,4.5,539,278,1.2,164,51,2.3,153,65,3,0,0,0,0,36958,16064,0.5,1.6,2.3,2.3,2.3,171,71,,,205,82,130,79,116,60,169,77,,,,,,,,0.03,0.06,0.09,1.92,0.0,0.38,1.92,1.15,6.92,3,3,74.0,0.0,0.0,1.0,0.0,0.0,0.0,0.0,0.0,0.0,0.0,1.0,0.0,12.0,37352.0,16202.0,0.0,0.07,0.13999999999999999,0.21,0.21999999999999975,10.799999999999999,13.499999999999998,21.0,4.5,1.0,2.0,4.0,7.0
19,Martín,Zubimendi Ibáñez,Zubimendi,a,,,5.4,219,138,0.7,221,71,1.0,268,121,1,0,0,-1,1,1268,9405,0.2,0.6,1.0,1.0,1.0,335,151,,,270,115,247,131,186,91,278,121,,,,,,,,0.14,0.07,0.21,0.5,0.0,0.0,0.0,0.0,16.2,3,1,23.0,0.0,0.0,0.0,0.0,0.0,0.0,0.0,0.0,0.0,0.0,0.0,0.0,1.0,1273.0,9527.0,0.0,0.08,0.02,0.09999999999999999,0.13000000000000003,1.4000000000000004,0.7999999999999998,11.0,1.3,0.0,4.0,0.0,4.0
1,David,Raya Martín,Raya,a,,,6.0,62,1,39.0,5,1,5.0,50,3,3,0,0,0,0,175678,150668,0.8,2.5,5.0,5.0,5.0,55,4,,,128,15,641,71,639,71,235,16,,,,,,,,0.0,0.0,0.0,0.31,1.67,0.67,0.33,1.0,0.0,3,3,90.0,0.0,0.0,0.0,1.0,0.0,0.0,0.0,0.0,0.0,4.0,1.0,0.0,15.0,179074.0,153275.0,0.0,0.0,0.01,0.01,0.39,28.800000000000004,0.0,0.0,2.9000000000000004,0.0,2.0,11.0,0.0
8,Riccardo,Calafiori,Calafiori,a,,,5.8,111,11,48.4,3,1,7.3,14,6,2,1,-1,3,-3,351425,65241,1.3,3.8,7.3,7.3,7.3,15,6,,,112,53,134,42,74,14,94,27,,,,,,,,0.21,0.22,0.43,0.25,0.0,0.76,0.38,1.14,3.43,3,2,66.0,0.0,0.0,0.0,1.0,0.0,0.0,0.0,0.0,0.0,0.0,1.0,0.0,0.0,355380.0,66955.0,0.0,0.39,0.029999999999999916,0.42000000000000015,0.26,4.399999999999999,3.1999999999999993,26.0,3.4000000000000004,1.0,0.0,1.0,1.0
620,El Hadji Malick,Diouf,Diouf,a,,,4.5,551,143,0.1,433,155,0.0,517,194,0,0,0,0,0,1356,1568,0.0,0.0,0.0,0.0,0.0,517,194,,,494,191,493,191,451,184,500,189,,,,,,,,0.0,0.0,0.0,0.0,0.0,0.0,0.0,0.0,0.0,3,0,0.0,0.0,0.0,0.0,0.0,0.0,0.0,0.0,0.0,0.0,0.0,0.0,0.0,0.0,1395.0,1581.0,0.0,0.0,0.0,0.0,0.0,0.0,0.0,0.0,0.0,0.0,0.0,0.0,0.0
9,Piero,Hincapié,Hincapie,a,,,5.3,235,33,1.1,182,71,0.7,313,115,1,-1,1,-2,2,3006,14558,0.1,0.4,0.7,0.7,1.0,327,126,,,293,118,306,114,276,106,322,118,,,,,,,,0.0,0.0,0.0,0.79,0.0,0.0,0.0,0.0,8.44,3,1,23.0,0.0,0.0,0.0,0.0,0.0,0.0,0.0,0.0,0.0,0.0,0.0,0.0,3.0,3020.0,14785.0,0.0,0.0,0.0,0.0,0.13000000000000003,6.0,0.5,2.0,0.9,1.0,2.0,0.0,3.0
25,Viktor,Gyökeres,Gyökeres,a,,,7.2,23,8,3.9,86,12,0.3,386,47,1,-1,1,-3,3,5072,70428,0.0,0.1,0.3,0.3,1.0,370,46,,,651,76,354,45,651,76,651,76,,,2.0,,,,,0.0,0.0,0.0,0.82,0.0,0.0,0.0,0.0,7.5,3,1,12.0,0.0,0.0,0.0,0.0,0.0,0.0,0.0,0.0,0.0,0.0,0.0,0.0,2.0,5107.0,71957.0,0.0,0.0,0.0,0.0,0.11,0.0,0.1,0.0,0.0,0.0,0.0,1.0,1.0
4,Gabriel,dos Santos Magalhães,Gabriel,a,,,8.0,7,1,24.4,11,2,5.0,54,21,2,0,0,0,0,40426,177541,0.6,1.9,5.0,5.0,5.0,59,23,,,120,57,230,79,16,1,72,17,,,,,,,,0.16,0.02,0.18,0.31,0.0,0.67,0.33,1.0,7.0,3,2,90.0,0.0,0.0,0.0,1.0,0.0,0.0,0.0,0.0,0.0,0.0,1.0,0.0,10.0,40723.0,181208.0,0.0,0.31,0.020000000000000004,0.33000000000000007,0.39,23.599999999999998,2.4000000000000004,76.0,10.200000000000001,0.0,7.0,4.0,7.0
32,Matty,Cash,Cash,d,Muscular injury - 75% chance of playing,,4.5,456,97,6.5,62,25,2.3,150,60,6,0,0,0,0,17803,52315,0.5,1.6,1.7,2.3,2.3,168,66,75.0,,181,81,174,54,166,57,196,76,1.0,,,,,,,0.05,0.01,0.06,1.8,0.0,0.36,1.79,1.08,5.02,3,6,84.0,0.0,0.0,1.0,0.0,0.0,0.0,0.0,0.0,0.0,0.0,1.0,0.0,23.0,18191.0,52857.0,0.0,0.0,0.03,0.03,0.22000000000000064,6.399999999999999,16.3,6.0,2.9,0.0,1.0,1.0,1.0
169,Shumaira,Mheuka,Mheuka,a,,,4.5,532,73,0.4,268,47,0.0,502,54,0,0,0,0,0,5726,4371,0.0,0.0,0.0,0.0,0.0,502,54,,,479,47,478,52,436,49,485,51,,,,,,,,0.0,0.0,0.0,0.0,0.0,0.0,0.0,0.0,0.0,3,0,0.0,0.0,0.0,0.0,0.0,0.0,0.0,0.0,0.0,0.0,0.0,0.0,0.0,0.0,5773.0,4394.0,0.0,0.0,0.0,0.0,0.0,0.0,0.0,0.0,0.0,0.0,0.0,0.0,0.0
599,Sidiki,Cherif,Cherif,a,,,5.0,358,63,0.1,426,62,0.0,602,68,0,0,0,0,0,969,1179,0.0,0.0,0.0,0.0,0.0,602,68,,,587,61,594,66,576,63,594,65,,,,,,,,0.0,0.0,0.0,0.0,0.0,0.0,0.0,0.0,0.0,3,0,0.0,0.0,0.0,0.0,0.0,0.0,0.0,0.0,0.0,0.0,0.0,0.0,0.0,0.0,983.0,1193.0,0.0,0.0,0.0,0.0,0.0,0.0,0.0,0.0,0.0,0.0,0.0,0.0,0.0
33,Tyrone,Mings,Mings,a,,,4.5,442,86,0.4,278,102,2.3,149,59,6,0,0,0,0,3053,1783,0.5,1.6,2.3,2.3,3.5,104,39,,,236,99,243,82,165,56,254,97,,,,,,,,0.09,0.02,0.11,0.67,0.0,0.85,0.0,0.85,5.09,3,6,90.0,0.0,0.0,1.0,0.0,0.0,0.0,0.0,0.0,0.0,0.0,1.0,0.0,28.0,3070.0,1797.0,0.0,0.11,0.02,0.13,0.5700000000000001,14.8,4.4,13.0,3.1999999999999997,1.0,4.0,2.0,5.0
245,Tyler,Dibling,Dibling,a,,,5.4,222,140,0.0,542,222,0.0,617,264,0,0,0,-1,1,174,353,0.0,0.0,0.0,0.0,0.0,617,264,,,605,259,610,263,596,254,611,261,,,,,,,,0.0,0.0,0.0,0.0,0.0,0.0,0.0,0.0,0.0,3,0,0.0,0.0,0.0,0.0,0.0,0.0,0.0,0.0,0.0,0.0,0.0,0.0,0.0,0.0,177.0,360.0,0.0,0.0,0.0,0.0,0.0,0.0,0.0,0.0,0.0,0.0,0.0,0.0,0.0
11,Cristhian,Mosquera,Mosquera,d,Muscular injury - 50% chance of playing,,5.4,224,29,3.1,102,39,4.0,77,32,0,-1,1,-1,1,667,130357,0.7,2.2,2.0,3.0,6.0,36,17,50.0,75.0,204,87,282,101,598,208,274,105,,,,,,,,0.0,0.01,0.01,0.28,0.0,1.07,0.0,1.07,5.36,3,0,0.0,0.0,0.0,0.0,0.0,0.0,0.0,0.0,0.0,0.0,0.0,0.0,0.0,0.0,675.0,133526.0,0.0,0.0,0.0,0.0,0.0,0.0,0.0,0.0,0.0,0.0,0.0,0.0,0.0
47,Boubacar,Kamara,Kamara,a,,,5.0,279,172,0.3,290,99,2.3,158,69,3,0,0,0,0,2740,3484,0.5,1.4,2.3,2.3,2.3,176,75,100.0,100.0,166,63,79,56,528,214,160,74,,,,,,,,0.0,0.03,0.03,1.79,0.0,0.33,1.67,1.0,8.33,3,3,90.0,0.0,0.0,1.0,0.0,0.0,0.0,0.0,0.0,0.0,0.0,1.0,0.0,20.0,2765.0,3522.0,0.0,0.0,0.07,0.07,0.5700000000000003,13.599999999999998,26.200000000000003,0.0,4.0,1.0,3.0,6.0,10.0
55,Ollie,Watkins,Watkins,u,Has joined Al Hilal permanently,,7.8,13,4,3.2,99,15,0.0,654,78,0,0,0,-2,2,0,101709,0.0,0.0,0.0,0.0,0.0,654,78,0.0,0.0,655,78,655,78,655,78,655,78,,,,,,,,0.0,0.0,0.0,0.0,0.0,0.0,0.0,0.0,0.0,3,0,0.0,0.0,0.0,0.0,0.0,0.0,0.0,0.0,0.0,0.0,0.0,0.0,0.0,0.0,0.0,103745.0,0.0,0.0,0.0,0.0,0.0,0.0,0.0,0.0,0.0,0.0,0.0,0.0,0.0
34,Pau,Torres,Pau,a,,,4.5,480,114,0.4,272,99,0.7,293,107,0,0,0,0,0,1990,3969,0.2,0.4,0.7,0.7,1.0,284,111,,,264,110,292,105,393,165,315,117,,,,,,,,0.0,0.01,0.01,2.53,0.0,0.0,2.76,1.1,4.97,3,0,0.0,0.0,0.0,0.0,0.0,0.0,0.0,0.0,0.0,0.0,0.0,0.0,0.0,0.0,2044.0,3998.0,0.0,0.0,0.0,0.0,0.0,0.0,0.0,0.0,0.0,0.0,0.0,0.0,0.0
12,Bukayo,Saka,Saka,a,,,9.5,4,3,11.4,38,14,7.3,15,6,2,0,0,0,0,148685,104450,0.8,2.3,7.3,7.3,7.3,16,7,,,22,11,40,35,3,1,5,4,2.0,2.0,1.0,,,,,0.55,0.13,0.68,0.29,0.0,0.73,0.37,1.1,8.05,3,2,89.0,0.0,0.0,0.0,1.0,0.0,0.0,0.0,0.0,0.0,0.0,1.0,0.0,13.0,152154.0,106049.0,0.0,0.22999999999999998,0.22999999999999998,0.4600000000000002,0.39,10.600000000000009,27.799999999999997,70.0,10.8,1.0,1.0,2.0,4.0
2,Kepa,Arrizabalaga Revuelta,Arrizabalaga,a,,,4.9,369,18,0.1,462,52,0.0,533,66,0,-1,1,-1,1,241,669,0.0,0.0,0.0,0.0,0.0,533,66,,,510,66,510,53,469,52,516,66,,,,,,,,0.0,0.0,0.0,0.0,0.0,0.0,0.0,0.0,0.0,3,0,0.0,0.0,0.0,0.0,0.0,0.0,0.0,0.0,0.0,0.0,0.0,0.0,0.0,0.0,243.0,676.0,0.0,0.0,0.0,0.0,0.0,0.0,0.0,0.0,0.0,0.0,0.0,0.0,0.0
26,Kai,Havertz,Havertz,a,,,7.5,17,6,7.8,55,7,5.3,45,4,8,0,0,0,0,138294,54915,0.7,2.1,5.3,5.3,5.3,49,4,,,38,4,53,2,9,5,15,4,,,,,,,,0.19,0.12,0.31,0.28,0.0,0.7,0.35,1.05,2.8,3,8,77.0,1.0,0.0,0.0,1.0,0.0,0.0,0.0,0.0,0.0,0.0,1.0,2.0,38.0,138727.0,56348.0,0.0,0.27,0.27,0.54,0.27,42.99999999999999,37.0,57.0,13.700000000000001,0.0,1.0,0.0,1.0
35,Lamare,Bogarde,Bogarde,a,,,5.0,332,199,0.1,471,186,0.3,365,169,0,0,0,0,0,538,868,0.1,0.2,0.3,0.3,1.0,321,141,,,340,156,330,163,561,229,352,162,,,,,,,,0.0,0.0,0.0,1.24,0.0,0.0,0.0,0.0,5.62,3,0,0.0,0.0,0.0,0.0,0.0,0.0,0.0,0.0,0.0,0.0,0.0,0.0,0.0,0.0,546.0,876.0,0.0,0.0,0.0,0.0,0.0,0.0,0.0,0.0,0.0,0.0,0.0,0.0,0.0
41,Emiliano,Buendía Stati,Buendía,a,,,5.9,90,59,1.0,185,57,2.3,165,73,3,-1,1,-1,1,8927,15384,0.4,1.2,2.3,2.3,2.3,182,79,,,307,136,91,62,115,59,204,93,3.0,1.0,1.0,,,,,0.28,0.06,0.34,1.76,0.0,0.36,1.81,1.08,5.06,3,3,74.0,0.0,0.0,1.0,0.0,0.0,0.0,0.0,0.0,0.0,0.0,1.0,0.0,2.0,9273.0,15575.0,0.0,0.61,0.05,0.6599999999999999,0.21999999999999975,0.0,10.799999999999997,7.0,1.3999999999999995,0.0,0.0,2.0,2.0
56,Tammy,Abraham,Abraham,a,,,5.5,129,34,0.2,361,55,0.7,321,38,1,0,0,0,0,3259,2099,0.1,0.4,0.7,0.7,1.0,344,39,100.0,100.0,342,37,274,34,607,70,344,39,,,,,,,,0.0,0.0,0.0,1.39,0.0,0.0,0.0,0.0,3.75,3,1,5.0,0.0,0.0,0.0,0.0,0.0,0.0,0.0,0.0,0.0,0.0,0.0,0.0,3.0,3289.0,2116.0,0.0,0.0,0.0,0.0,0.35,2.0,0.9999999999999998,0.0,0.30000000000000004,1.0,0.0,0.0,1.0
44,Leon,Bailey,Bailey,u,Has joined Olympiakos permanently,,5.4,198,124,0.1,453,179,0.0,612,260,0,0,0,-1,1,0,3846,0.0,0.0,0.0,0.0,0.0,612,260,0.0,0.0,597,253,604,259,588,248,604,256,,,,,,,,0.0,0.0,0.0,0.0,0.0,0.0,0.0,0.0,0.0,3,0,0.0,0.0,0.0,0.0,0.0,0.0,0.0,0.0,0.0,0.0,0.0,0.0,0.0,0.0,0.0,3876.0,0.0,0.0,0.0,0.0,0.0,0.0,0.0,0.0,0.0,0.0,0.0,0.0,0.0
45,John,McGinn,McGinn,a,,,5.4,190,118,2.3,117,36,1.7,207,94,3,0,0,-1,1,12156,23402,0.3,0.9,1.7,1.7,1.7,234,103,,,331,149,170,96,154,76,259,113,2.0,,,,,,,0.27,0.03,0.3,1.8,0.0,0.34,1.72,1.03,5.17,3,3,90.0,0.0,0.0,1.0,0.0,0.0,0.0,0.0,0.0,0.0,0.0,1.0,0.0,6.0,12318.0,23691.0,0.0,0.68,0.03,0.71,0.5700000000000003,1.4,5.6,4.0,1.0999999999999996,2.0,1.0,2.0,5.0
50,Bradley,Burrowes,Burrowes,a,,,4.5,560,289,0.7,229,75,0.0,524,206,0,0,0,0,0,5481,6325,0.0,0.0,0.0,0.0,0.0,524,206,,,501,193,500,201,459,170,507,197,,,,,,,,0.0,0.0,0.0,0.0,0.0,0.0,0.0,0.0,0.0,3,0,0.0,0.0,0.0,0.0,0.0,0.0,0.0,0.0,0.0,0.0,0.0,0.0,0.0,0.0,5545.0,6376.0,0.0,0.0,0.0,0.0,0.0,0.0,0.0,0.0,0.0,0.0,0.0,0.0,0.0
52,Alysson Edward Franco,da Rocha dos Santos,Alysson,a,,,5.0,361,218,0.0,503,203,0.7,312,142,1,0,0,0,0,376,522,0.1,0.4,0.7,0.7,0.7,377,177,,,299,130,266,139,275,130,321,146,,,,,,,,0.0,0.0,0.0,1.09,0.0,0.0,0.0,0.0,12.86,3,1,15.0,0.0,0.0,0.0,0.0,0.0,0.0,0.0,0.0,0.0,0.0,0.0,0.0,3.0,381.0,524.0,0.0,0.0,0.0,0.0,0.35,0.20000000000000018,1.8,0.0,0.19999999999999996,0.0,0.0,1.0,1.0
36,Ian,Maatsen,Maatsen,a,,,4.5,487,120,0.8,210,82,2.7,127,51,7,0,0,0,0,9483,4564,0.6,1.8,2.7,2.7,2.7,144,58,,,202,86,163,53,124,37,202,78,,,,,,,,0.04,0.15,0.19,1.79,0.0,0.37,1.84,1.1,7.35,3,7,74.0,0.0,0.0,1.0,0.0,0.0,0.0,0.0,0.0,0.0,0.0,1.0,1.0,29.0,9646.0,4627.0,0.0,0.0,0.42,0.42000000000000004,0.21999999999999975,10.600000000000001,19.8,4.0,3.4000000000000004,1.0,2.0,0.0,3.0
46,Ross,Barkley,Barkley,a,,,5.0,241,151,0.3,307,106,2.3,156,67,3,0,0,0,0,3621,2612,0.5,1.4,2.3,2.3,2.3,174,73,,,164,61,25,22,112,57,68,44,4.0,,,,,,,0.13,0.05,0.18,1.94,0.0,0.38,1.88,1.12,6.38,3,3,90.0,0.0,0.0,1.0,0.0,0.0,0.0,0.0,0.0,0.0,0.0,1.0,0.0,15.0,3669.0,2637.0,0.0,0.21999999999999997,0.09,0.30999999999999994,0.5700000000000003,13.599999999999998,34.099999999999994,15.0,6.300000000000001,0.0,2.0,4.0,6.0
53,Johan,Manzambi,Manzambi,i,Knee injury - Expected back 12 Sep,,5.9,110,70,0.1,393,145,0.0,640,280,0,0,0,-1,1,340,1480,0.0,0.0,0.0,0.0,0.0,640,280,0.0,0.0,637,281,639,281,637,280,639,281,,,,,,,,0.0,0.0,0.0,0.0,0.0,0.0,0.0,0.0,0.0,3,0,0.0,0.0,0.0,0.0,0.0,0.0,0.0,0.0,0.0,0.0,0.0,0.0,0.0,0.0,343.0,1493.0,0.0,0.0,0.0,0.0,0.0,0.0,0.0,0.0,0.0,0.0,0.0,0.0,0.0
27,Gabriel,Fernando de Jesus,G.Jesus,u,Has joined FC Barcelona permanently,,5.9,91,24,0.2,345,54,0.0,635,76,0,0,0,-1,1,0,6770,0.0,0.0,0.0,0.0,0.0,635,76,0.0,0.0,630,71,634,75,628,73,633,74,,,,,,,,0.0,0.0,0.0,0.0,0.0,0.0,0.0,0.0,0.0,3,0,0.0,0.0,0.0,0.0,0.0,0.0,0.0,0.0,0.0,0.0,0.0,0.0,0.0,0.0,0.0,6825.0,0.0,0.0,0.0,0.0,0.0,0.0,0.0,0.0,0.0,0.0,0.0,0.0,0.0
5,Jurriën,Timber,J.Timber,d,Groin injury - 25% chance of playing,,6.5,39,3,0.1,455,161,0.0,650,214,0,0,0,0,0,539,1145,0.0,0.0,0.0,0.0,0.0,650,214,25.0,25.0,650,214,651,214,650,214,650,214,,,,,,,,0.0,0.0,0.0,0.0,0.0,0.0,0.0,0.0,0.0,3,0,0.0,0.0,0.0,0.0,0.0,0.0,0.0,0.0,0.0,0.0,0.0,0.0,0.0,0.0,542.0,1153.0,0.0,0.0,0.0,0.0,0.0,0.0,0.0,0.0,0.0,0.0,0.0,0.0,0.0
3,Illan,Meslier,Meslier,a,,,4.9,388,20,0.0,543,61,0.0,541,67,0,-1,1,-1,1,93,251,0.0,0.0,0.0,0.0,0.0,541,67,,,520,67,520,55,482,54,527,67,,,,,,,,0.0,0.0,0.0,0.0,0.0,0.0,0.0,0.0,0.0,3,0,0.0,0.0,0.0,0.0,0.0,0.0,0.0,0.0,0.0,0.0,0.0,0.0,0.0,0.0,95.0,253.0,0.0,0.0,0.0,0.0,0.0,0.0,0.0,0.0,0.0,0.0,0.0,0.0,0.0
31,Ezri,Konsa Ngoyo,Konsa,a,,,4.4,568,150,14.7,26,7,1.7,198,74,4,0,0,-1,1,434068,72143,0.4,1.1,1.7,1.7,2.5,159,61,,,209,89,291,104,238,86,270,103,,,,,,,,0.0,0.01,0.01,0.35,0.0,0.0,0.89,0.89,9.8,3,4,90.0,0.0,0.0,0.0,1.0,0.0,0.0,0.0,0.0,0.0,0.0,1.0,0.0,15.0,439797.0,73748.0,0.0,0.0,0.01,0.01,0.39,19.400000000000002,1.4,4.0,2.5,3.0,7.0,5.0,10.0
54,Joao,Gomes,Gomes,s,Suspended until 19 Sep,,5.5,155,94,0.0,521,212,-0.7,655,292,0,0,0,0,0,100,402,-0.1,-0.4,0.0,0.0,-2.0,655,292,0.0,0.0,352,164,217,115,616,265,316,142,,,,,,,,0.0,0.02,0.02,5.95,0.0,0.0,9.23,2.31,16.15,3,0,0.0,0.0,0.0,0.0,0.0,0.0,0.0,0.0,0.0,0.0,0.0,0.0,0.0,0.0,102.0,407.0,0.0,0.0,0.0,0.0,0.0,0.0,0.0,0.0,0.0,0.0,0.0,0.0,0.0
597,Zion,Suzuki,Suzuki,a,,,5.0,289,12,1.7,140,21,4.0,75,4,10,0,0,0,0,56409,12479,0.8,2.4,4.0,4.0,6.0,33,2,,,146,18,560,63,535,63,242,18,,,,,,,,0.0,0.0,0.0,0.8,2.5,0.5,0.5,1.0,0.0,3,10,90.0,0.0,0.0,1.0,0.0,0.0,0.0,0.0,0.0,0.0,4.0,1.0,3.0,38.0,56723.0,12579.0,0.0,0.0,0.0,0.0,0.5700000000000001,27.199999999999996,0.0,0.0,2.6999999999999997,0.0,1.0,13.0,0.0
6,William,Saliba,Saliba,i,Back injury - Unknown return date,,5.9,101,9,0.2,331,122,0.0,637,213,0,-1,1,-1,1,658,2838,0.0,0.0,0.0,0.0,0.0,637,213,0.0,0.0,634,213,636,213,633,213,636,213,,,,,,,,0.0,0.0,0.0,0.0,0.0,0.0,0.0,0.0,0.0,3,0,0.0,0.0,0.0,0.0,0.0,0.0,0.0,0.0,0.0,0.0,0.0,0.0,0.0,0.0,660.0,2851.0,0.0,0.0,0.0,0.0,0.0,0.0,0.0,0.0,0.0,0.0,0.0,0.0,0.0
590,Steven,Benda,Benda,a,,,4.5,483,38,0.1,469,53,0.0,470,58,0,0,0,0,0,406,464,0.0,0.0,0.0,0.0,0.0,470,58,,,446,58,444,42,396,39,452,58,,,,,,,,0.0,0.0,0.0,0.0,0.0,0.0,0.0,0.0,0.0,3,0,0.0,0.0,0.0,0.0,0.0,0.0,0.0,0.0,0.0,0.0,0.0,0.0,0.0,0.0,409.0,468.0,0.0,0.0,0.0,0.0,0.0,0.0,0.0,0.0,0.0,0.0,0.0,0.0,0.0
493,Arnaud,Kalimuendo,Kalimuendo,a,,,5.4,215,49,0.1,489,67,0.3,370,43,0,0,0,-1,1,1028,678,0.1,0.2,0.3,0.3,1.0,333,36,,,601,66,608,71,593,68,608,70,,,,,,,,0.0,0.0,0.0,0.0,0.0,0.0,0.0,0.0,0.0,3,0,0.0,0.0,0.0,0.0,0.0,0.0,0.0,0.0,0.0,0.0,0.0,0.0,0.0,0.0,1040.0,685.0,0.0,0.0,0.0,0.0,0.0,0.0,0.0,0.0,0.0,0.0,0.0,0.0,0.0
452,Bruno,Guimarães Rodriguez Moura,Bruno G.,a,,,6.8,31,20,1.8,135,42,0.3,385,181,0,0,0,-2,2,1751,28824,0.0,0.1,0.3,0.2,1.0,369,174,100.0,75.0,347,160,316,157,289,140,347,159,4.0,,4.0,,,,,0.0,0.05,0.05,0.0,0.0,0.0,0.0,0.0,14.21,3,0,0.0,0.0,0.0,0.0,0.0,0.0,0.0,0.0,0.0,0.0,0.0,0.0,0.0,0.0,1765.0,29281.0,0.0,0.0,0.0,0.0,0.0,0.0,0.0,0.0,0.0,0.0,0.0,0.0,0.0
607,Luka,Lynch,Lynch,u,Has joined Oxford United on loan until January,,4.5,534,276,0.1,442,172,0.0,504,196,0,0,0,0,0,0,2552,0.0,0.0,0.0,0.0,0.0,504,196,0.0,0.0,481,183,480,191,438,160,487,187,,,,,,,,0.0,0.0,0.0,0.0,0.0,0.0,0.0,0.0,0.0,3,0,0.0,0.0,0.0,0.0,0.0,0.0,0.0,0.0,0.0,0.0,0.0,0.0,0.0,0.0,0.0,2566.0,0.0,0.0,0.0,0.0,0.0,0.0,0.0,0.0,0.0,0.0,0.0,0.0,0.0
147,Tosin,Adarabioyo,Tosin,a,,,4.4,566,148,0.2,358,135,0.0,444,171,0,-1,1,-1,1,475,1198,0.0,0.0,0.0,0.0,0.0,444,171,,,419,167,414,167,359,152,425,165,,,,,,,,0.0,0.0,0.0,0.0,0.0,0.0,0.0,0.0,0.0,3,0,0.0,0.0,0.0,0.0,0.0,0.0,0.0,0.0,0.0,0.0,0.0,0.0,0.0,0.0,476.0,1218.0,0.0,0.0,0.0,0.0,0.0,0.0,0.0,0.0,0.0,0.0,0.0,0.0,0.0
495,Brandon,Austin,Austin,a,,,4.0,605,62,1.0,192,29,0.0,406,36,0,0,0,0,0,6382,4103,0.0,0.0,0.0,0.0,0.0,406,36,,,381,36,376,17,318,14,387,36,,,,,,,,0.0,0.0,0.0,0.0,0.0,0.0,0.0,0.0,0.0,3,0,0.0,0.0,0.0,0.0,0.0,0.0,0.0,0.0,0.0,0.0,0.0,0.0,0.0,0.0,6479.0,4162.0,0.0,0.0,0.0,0.0,0.0,0.0,0.0,0.0,0.0,0.0,0.0,0.0,0.0
611,Aaron,Wan-Bissaka,Wan-Bissaka,a,,,4.5,460,99,0.2,355,134,1.0,249,92,1,0,0,0,0,2472,1663,0.2,0.4,1.0,1.0,1.0,281,108,,,292,117,287,103,383,159,330,122,,,,,,,,0.0,0.0,0.0,1.85,0.0,0.0,0.0,0.0,15.88,3,1,5.0,0.0,0.0,0.0,0.0,0.0,0.0,0.0,0.0,0.0,0.0,0.0,0.0,3.0,2507.0,1674.0,0.0,0.0,0.0,0.0,0.35,2.8000000000000003,0.8999999999999999,0.0,0.4,0.0,1.0,0.0,1.0
160,Alejandro,Garnacho Ferreyra,Garnacho,a,,,5.9,107,68,0.4,275,91,1.0,281,129,1,0,0,-1,1,1226,6558,0.2,0.5,1.0,1.0,1.0,360,167,,,351,163,252,133,635,278,340,156,,,,,,,,0.0,0.0,0.0,1.42,0.0,0.0,0.0,0.0,5.81,3,1,15.0,0.0,0.0,0.0,0.0,0.0,0.0,0.0,0.0,0.0,0.0,0.0,0.0,4.0,1243.0,6632.0,0.0,0.0,0.0,0.0,0.35,1.0,1.6,0.0,0.3,0.0,0.0,0.0,0.0
166,Nicolas,Jackson,N.Jackson,a,,,6.5,42,11,1.2,173,25,1.3,240,26,2,0,0,0,0,27816,13080,0.2,0.6,1.3,1.3,2.0,223,24,,,302,30,149,14,119,23,225,25,,,2.0,,,,,0.14,0.32,0.46,0.72,0.0,0.58,0.58,1.17,2.92,3,2,84.0,0.0,0.0,1.0,0.0,0.0,0.0,0.0,0.0,0.0,0.0,1.0,0.0,10.0,28422.0,13177.0,0.0,0.24,0.44000000000000006,0.68,0.21999999999999997,1.2000000000000002,17.5,20.0,3.8999999999999995,0.0,0.0,2.0,2.0
582,Brian,Madjo,Madjo,i,Unspecified injury - Unknown return date,,5.5,188,44,0.3,312,50,0.0,633,75,0,0,0,0,0,290,4152,0.0,0.0,0.0,0.0,0.0,633,75,0.0,0.0,626,69,631,74,625,72,630,73,,,,,,,,0.0,0.0,0.0,0.0,0.0,0.0,0.0,0.0,0.0,3,0,0.0,0.0,0.0,0.0,0.0,0.0,0.0,0.0,0.0,0.0,0.0,0.0,0.0,0.0,290.0,4215.0,0.0,0.0,0.0,0.0,0.0,0.0,0.0,0.0,0.0,0.0,0.0,0.0,0.0
596,Matteo,Ruggeri,Ruggeri,a,,,4.5,502,128,0.1,432,154,0.7,296,110,1,0,0,0,0,198,870,0.2,0.4,0.7,0.7,1.0,289,115,,,289,115,265,92,408,173,323,119,,,,,,,,0.0,0.04,0.04,1.92,0.0,0.0,0.0,0.0,11.74,3,1,15.0,0.0,0.0,0.0,0.0,0.0,0.0,0.0,0.0,0.0,0.0,0.0,0.0,3.0,201.0,881.0,0.0,0.0,0.01,0.01,0.35,2.5999999999999996,2.6,0.0,0.5,0.0,1.0,2.0,1.0
557,Christos,Tzolis,Tzolis,a,,,6.4,46,31,16.7,23,8,3.7,93,44,5,-1,1,-1,1,56694,285642,0.6,1.7,3.7,3.7,3.7,101,46,,,124,45,13,13,78,47,33,25,3.0,,,,,,,0.08,0.15,0.23,0.24,0.0,0.43,0.43,1.29,7.29,3,5,90.0,0.0,1.0,0.0,1.0,0.0,0.0,0.0,1.0,0.0,0.0,1.0,1.0,31.0,57003.0,300191.0,0.0,0.0,0.19999999999999998,0.2,0.39,30.6,49.99999999999999,4.0,8.5,1.0,2.0,5.0,8.0
48,Amadou,Onana,Onana,i,Knee injury - Unknown return date,,5.0,293,177,0.0,579,240,0.0,573,238,0,0,0,0,0,82,214,0.0,0.0,0.0,0.0,0.0,573,238,0.0,0.0,557,230,561,236,538,218,564,233,,,,,,,,0.0,0.0,0.0,0.0,0.0,0.0,0.0,0.0,0.0,3,0,0.0,0.0,0.0,0.0,0.0,0.0,0.0,0.0,0.0,0.0,0.0,0.0,0.0,0.0,82.0,216.0,0.0,0.0,0.0,0.0,0.0,0.0,0.0,0.0,0.0,0.0,0.0,0.0,0.0
49,Samuel,Iling-Junior,Iling Jr,u,Has joined Bolton Wanderers on loan for the rest of the season,,5.0,302,181,0.0,647,286,0.0,577,240,0,0,0,0,0,0,19,0.0,0.0,0.0,0.0,0.0,577,240,0.0,0.0,561,232,566,238,543,220,568,235,,,,,,,,0.0,0.0,0.0,0.0,0.0,0.0,0.0,0.0,0.0,3,0,0.0,0.0,0.0,0.0,0.0,0.0,0.0,0.0,0.0,0.0,0.0,0.0,0.0,0.0,0.0,19.0,0.0,0.0,0.0,0.0,0.0,0.0,0.0,0.0,0.0,0.0,0.0,0.0,0.0
618,Leon,Goretzka,Goretzka,i,Knee injury - Expected back 10 Oct,,6.0,61,43,0.0,501,202,0.0,641,281,0,0,0,0,0,879,1558,0.0,0.0,0.0,0.0,0.0,641,281,0.0,,638,282,640,282,638,281,640,282,,,,,,,,0.0,0.0,0.0,0.0,0.0,0.0,0.0,0.0,0.0,3,0,0.0,0.0,0.0,0.0,0.0,0.0,0.0,0.0,0.0,0.0,0.0,0.0,0.0,0.0,900.0,1561.0,0.0,0.0,0.0,0.0,0.0,0.0,0.0,0.0,0.0,0.0,0.0,0.0,0.0
22,Ethan,Nwaneri,Nwaneri,u,Has joined Borussia Dortmund on loan for the rest of the season,,5.4,223,141,0.0,612,261,0.0,618,265,0,0,0,-1,1,0,287,0.0,0.0,0.0,0.0,0.0,618,265,0.0,0.0,606,260,611,264,597,255,612,262,,,,,,,,0.0,0.0,0.0,0.0,0.0,0.0,0.0,0.0,0.0,3,0,0.0,0.0,0.0,0.0,0.0,0.0,0.0,0.0,0.0,0.0,0.0,0.0,0.0,0.0,0.0,294.0,0.0,0.0,0.0,0.0,0.0,0.0,0.0,0.0,0.0,0.0,0.0,0.0,0.0
23,Fábio,Ferreira Vieira,Fábio Vieira,u,Has joined Hamburger SV permanently,,5.5,151,91,0.0,617,264,0.0,627,271,0,0,0,0,0,0,229,0.0,0.0,0.0,0.0,0.0,627,271,0.0,0.0,618,268,624,270,615,264,624,270,,,,,,,,0.0,0.0,0.0,0.0,0.0,0.0,0.0,0.0,0.0,3,0,0.0,0.0,0.0,0.0,0.0,0.0,0.0,0.0,0.0,0.0,0.0,0.0,0.0,0.0,0.0,231.0,0.0,0.0,0.0,0.0,0.0,0.0,0.0,0.0,0.0,0.0,0.0,0.0,0.0
24,Reiss,Nelson,Nelson,u,has departed the club as a free agent.,,5.5,133,81,0.0,626,270,0.0,623,267,0,0,0,0,0,0,86,0.0,0.0,0.0,0.0,0.0,623,267,0.0,0.0,614,264,619,266,609,259,620,266,,,,,,,,0.0,0.0,0.0,0.0,0.0,0.0,0.0,0.0,0.0,3,0,0.0,0.0,0.0,0.0,0.0,0.0,0.0,0.0,0.0,0.0,0.0,0.0,0.0,0.0,0.0,88.0,0.0,0.0,0.0,0.0,0.0,0.0,0.0,0.0,0.0,0.0,0.0,0.0,0.0
29,Marco,Bizot,M.Bizot,a,,,4.5,427,24,0.1,378,43,0.3,341,22,0,0,0,0,0,774,1215,0.1,0.2,0.3,0.3,1.0,277,22,,,192,21,418,28,365,25,271,21,,,,,,,,0.0,0.0,0.0,3.77,3.0,0.0,4.0,1.0,0.0,3,0,0.0,0.0,0.0,0.0,0.0,0.0,0.0,0.0,0.0,0.0,0.0,0.0,0.0,0.0,782.0,1229.0,0.0,0.0,0.0,0.0,0.0,0.0,0.0,0.0,0.0,0.0,0.0,0.0,0.0
630,Taylor,Harwood-Bellis,Harwood-Bellis,a,,,4.5,481,115,0.0,587,199,0.0,469,180,0,0,0,0,0,501,206,0.0,0.0,1.8,1.8,0.0,469,180,,,445,177,443,177,394,166,451,175,,,,,,,,0.0,0.0,0.0,0.0,0.0,0.0,0.0,0.0,0.0,3,0,0.0,0.0,0.0,0.0,0.0,0.0,0.0,0.0,0.0,0.0,0.0,0.0,0.0,0.0,515.0,212.0,0.0,0.0,0.0,0.0,0.0,0.0,0.0,0.0,0.0,0.0,0.0,0.0,0.0
631,Ibrahim,Mbaye,Mbaye,a,,,6.0,83,55,0.1,488,195,0.0,645,285,0,0,0,0,0,2281,1125,0.0,0.0,2.2,2.2,0.0,645,285,,,645,286,646,286,644,285,645,286,,,,,,,,0.0,0.0,0.0,0.0,0.0,0.0,0.0,0.0,0.0,3,0,0.0,0.0,0.0,0.0,0.0,0.0,0.0,0.0,0.0,0.0,0.0,0.0,0.0,0.0,2342.0,1137.0,0.0,0.0,0.0,0.0,0.0,0.0,0.0,0.0,0.0,0.0,0.0,0.0,0.0
13,Declan,Rice,Rice,a,,,7.4,18,11,13.3,31,13,4.3,71,34,5,-1,1,-1,1,19920,107195,0.6,1.8,4.3,4.3,4.3,76,35,,,65,20,52,43,252,120,85,53,1.0,1.0,,,,,,0.04,0.1,0.14,0.29,0.0,0.75,0.37,1.12,8.96,3,5,90.0,0.0,1.0,0.0,1.0,0.0,0.0,0.0,0.0,0.0,0.0,1.0,0.0,22.0,20028.0,109003.0,0.0,0.03,0.08000000000000002,0.10999999999999999,0.39,33.8,19.9,2.0,5.6000000000000005,0.0,5.0,1.0,6.0
14,Eberechi,Eze,Eze,a,,,6.4,45,30,1.2,165,52,0.7,330,152,0,0,0,-1,1,3170,22414,0.1,0.3,0.7,0.7,1.0,365,170,,,344,158,249,132,261,127,335,153,,3.0,,,,,,0.06,0.11,0.17,0.59,0.0,0.0,0.0,0.0,7.63,3,0,0.0,0.0,0.0,0.0,0.0,0.0,0.0,0.0,0.0,0.0,0.0,0.0,0.0,0.0,3238.0,22646.0,0.0,0.0,0.0,0.0,0.0,0.0,0.0,0.0,0.0,0.0,0.0,0.0,0.0
15,Martin,Ødegaard,Ødegaard,a,,,6.7,32,21,15.9,25,10,8.0,8,5,10,1,-1,2,-2,502624,80640,1.2,3.6,8.0,8.0,8.0,9,6,,,11,7,12,12,37,22,11,9,,4.0,3.0,,,,,0.41,0.43,0.84,0.27,0.0,0.81,0.41,1.22,6.52,3,10,76.0,1.0,0.0,0.0,1.0,0.0,0.0,0.0,0.0,0.0,0.0,1.0,3.0,47.0,503403.0,82330.0,0.0,0.72,0.88,1.6,0.27,45.00000000000001,54.2,30.0,12.900000000000002,0.0,0.0,3.0,3.0
16,Noni,Madueke,Madueke,a,,,6.3,55,39,0.2,323,115,0.7,328,151,1,0,0,-2,2,1250,3395,0.1,0.3,0.7,0.7,1.0,364,169,,,259,107,77,55,646,287,216,99,5.0,,,,,,,0.0,0.2,0.2,0.59,0.0,0.0,0.0,0.0,11.74,3,1,1.0,0.0,0.0,0.0,0.0,0.0,0.0,0.0,0.0,0.0,0.0,0.0,0.0,3.0,1254.0,3441.0,0.0,0.0,0.010000000000000002,0.010000000000000002,0.0,2.1999999999999993,0.7999999999999972,0.0,0.2999999999999998,1.0,0.0,0.0,1.0
57,Đorđe,Petrović,Petrović,a,,,4.5,491,40,3.3,95,16,2.0,175,16,1,0,0,0,0,19707,25672,0.4,1.3,2.0,2.0,2.0,196,17,,,43,7,449,44,401,41,172,7,,,,,,,,0.0,0.0,0.0,1.6,3.0,0.0,1.67,1.0,0.0,3,1,90.0,0.0,0.0,0.0,2.0,0.0,0.0,0.0,0.0,0.0,0.0,1.0,0.0,0.0,20055.0,25962.0,0.0,0.0,0.0,0.0,0.71,3.4000000000000057,0.0,0.0,0.3000000000000007,0.0,1.0,8.0,0.0
59,Will,Dennis,Dennis,u,Has joined MK Dons permanently,,4.0,615,65,0.1,377,42,0.0,412,39,0,0,0,0,0,0,1217,0.0,0.0,0.0,0.0,0.0,412,39,0.0,0.0,387,39,382,20,324,17,393,39,,,,,,,,0.0,0.0,0.0,0.0,0.0,0.0,0.0,0.0,0.0,3,0,0.0,0.0,0.0,0.0,0.0,0.0,0.0,0.0,0.0,0.0,0.0,0.0,0.0,0.0,0.0,1230.0,0.0,0.0,0.0,0.0,0.0,0.0,0.0,0.0,0.0,0.0,0.0,0.0,0.0
60,James,Hill,Hill,a,,,5.5,159,20,0.8,209,81,2.0,192,72,1,0,0,0,0,5213,7441,0.4,1.1,2.0,2.0,2.0,215,82,,,102,46,55,9,230,81,101,32,,,,,,,,0.0,0.25,0.25,1.6,0.0,0.0,1.67,1.0,8.0,3,1,90.0,0.0,0.0,0.0,2.0,0.0,0.0,0.0,0.0,0.0,0.0,1.0,0.0,4.0,5247.0,7519.0,0.0,0.0,0.020000000000000018,0.020000000000000018,0.71,16.799999999999997,31.499999999999996,2.0,5.000000000000001,0.0,6.0,1.0,6.0
61,Adrien,Truffert,Truffert,a,,,5.5,168,22,3.5,91,35,1.7,214,77,0,0,0,0,0,7942,33785,0.3,0.9,1.7,1.7,1.7,238,86,,,105,48,90,23,231,82,125,48,,,,,,,,0.0,0.04,0.04,1.6,0.0,0.0,1.67,1.0,7.33,3,0,90.0,0.0,0.0,0.0,2.0,0.0,0.0,0.0,1.0,0.0,0.0,1.0,0.0,-3.0,7992.0,34104.0,0.0,0.01,0.06,0.07,0.71,10.199999999999996,15.700000000000003,2.0,2.8,3.0,3.0,5.0,6.0
20,Max,Dowman,Dowman,a,,,5.3,237,149,0.1,472,187,0.0,608,257,0,-1,1,-2,2,504,1061,0.0,0.0,0.0,0.0,0.0,608,257,,,593,250,600,256,582,243,600,253,,,,,,,,0.0,0.0,0.0,0.0,0.0,0.0,0.0,0.0,0.0,3,0,0.0,0.0,0.0,0.0,0.0,0.0,0.0,0.0,0.0,0.0,0.0,0.0,0.0,0.0,505.0,1075.0,0.0,0.0,0.0,0.0,0.0,0.0,0.0,0.0,0.0,0.0,0.0,0.0,0.0
38,Andrés,García,A.García,a,,,4.0,650,209,1.7,139,57,0.0,438,165,0,0,0,0,0,9573,12883,0.0,0.0,0.0,0.0,0.0,438,165,,,413,161,408,161,353,146,419,159,,,,,,,,0.0,0.0,0.0,0.0,0.0,0.0,0.0,0.0,0.0,3,0,0.0,0.0,0.0,0.0,0.0,0.0,0.0,0.0,0.0,0.0,0.0,0.0,0.0,0.0,9708.0,12981.0,0.0,0.0,0.0,0.0,0.0,0.0,0.0,0.0,0.0,0.0,0.0,0.0,0.0
63,Veljko,Milosavljevic,Milosavljević,i,Unspecified injury - Unknown return date,,5.0,356,63,0.0,609,205,0.0,600,209,0,0,0,0,0,54,133,0.0,0.0,0.0,0.0,0.0,600,209,0.0,0.0,585,208,592,208,574,206,592,208,,,,,,,,0.0,0.0,0.0,0.0,0.0,0.0,0.0,0.0,0.0,3,0,0.0,0.0,0.0,0.0,0.0,0.0,0.0,0.0,0.0,0.0,0.0,0.0,0.0,0.0,55.0,135.0,0.0,0.0,0.0,0.0,0.0,0.0,0.0,0.0,0.0,0.0,0.0,0.0,0.0
64,Adam,Smith,Smith,a,,,4.5,425,81,0.1,385,145,0.7,289,104,0,0,0,0,0,982,1247,0.2,0.4,0.7,0.7,0.7,373,130,,,182,82,84,21,239,87,162,64,,,,,,,,0.0,0.02,0.02,1.6,0.0,0.0,1.67,1.0,5.0,3,0,90.0,0.0,0.0,0.0,2.0,0.0,0.0,0.0,1.0,0.0,0.0,1.0,0.0,3.0,990.0,1256.0,0.0,0.01,0.039999999999999994,0.05,0.71,9.600000000000001,25.3,4.0,3.9,1.0,3.0,6.0,4.0
65,Julián,Araujo Zúñiga,J.Araujo,i,Thigh injury - Unknown return date,,4.4,573,155,0.0,594,201,0.0,446,173,0,-1,1,-1,1,81,186,0.0,0.0,0.0,0.0,0.0,446,173,0.0,0.0,421,169,416,169,362,155,427,167,,,,,,,,0.0,0.0,0.0,0.0,0.0,0.0,0.0,0.0,0.0,3,0,0.0,0.0,0.0,0.0,0.0,0.0,0.0,0.0,0.0,0.0,0.0,0.0,0.0,0.0,82.0,188.0,0.0,0.0,0.0,0.0,0.0,0.0,0.0,0.0,0.0,0.0,0.0,0.0,0.0
66,Julio,Soler Barreto,Soler,a,,,4.0,644,204,0.3,310,115,0.0,433,161,0,0,0,0,0,3038,2071,0.0,0.0,0.0,0.0,0.0,433,161,100.0,100.0,408,157,403,157,347,141,414,155,,,,,,,,0.0,0.0,0.0,0.0,0.0,0.0,0.0,0.0,0.0,3,0,0.0,0.0,0.0,0.0,0.0,0.0,0.0,0.0,0.0,0.0,0.0,0.0,0.0,0.0,3084.0,2084.0,0.0,0.0,0.0,0.0,0.0,0.0,0.0,0.0,0.0,0.0,0.0,0.0,0.0
67,Rayan Vitor,Simplício Rocha,Rayan,a,,,6.4,48,32,2.0,124,39,2.0,195,90,2,-1,1,-1,1,5666,30517,0.3,0.9,2.0,2.0,2.0,222,98,,,238,97,186,105,26,15,123,60,,,,,,,,0.16,0.02,0.18,1.54,0.0,0.0,1.35,1.02,2.71,3,2,88.0,0.0,0.0,0.0,2.0,0.0,0.0,0.0,0.0,0.0,0.0,1.0,0.0,8.0,5738.0,30896.0,0.0,0.03999999999999998,0.009999999999999995,0.050000000000000044,0.6599999999999997,1.5999999999999979,0.8999999999999986,10.0,1.3000000000000007,1.0,1.0,0.0,2.0
68,Marcus,Tavernier,Tavernier,a,,,6.0,64,44,3.4,93,30,7.0,21,8,10,0,0,0,0,119772,34796,1.2,3.5,7.0,7.0,7.0,22,9,,,12,8,37,32,7,4,10,8,1.0,1.0,3.0,,,,,0.5,0.11,0.61,1.6,0.0,0.0,1.68,1.01,9.4,3,10,88.0,1.0,0.0,0.0,2.0,0.0,0.0,0.0,0.0,0.0,0.0,1.0,3.0,43.0,120031.0,35183.0,0.0,1.01,0.050000000000000044,1.06,0.6600000000000001,46.599999999999994,13.200000000000003,77.0,13.700000000000001,1.0,0.0,8.0,9.0
69,Alex,Scott,Scott,a,,,6.1,59,42,5.1,70,22,8.0,7,4,10,1,-1,1,-1,277849,40089,1.3,3.9,8.0,8.0,8.0,8,5,,,50,18,43,37,90,50,48,35,2.0,4.0,,,,,,0.11,0.1,0.21,1.58,0.0,0.34,1.35,1.02,12.52,3,10,90.0,0.0,2.0,0.0,2.0,0.0,0.0,0.0,0.0,0.0,0.0,1.0,2.0,37.0,278182.0,40195.0,0.0,0.07,0.019999999999999962,0.08999999999999997,0.71,13.400000000000006,22.9,12.0,4.800000000000001,0.0,5.0,6.0,11.0
70,Justin,Kluivert,Kluivert,a,,,6.0,67,46,1.0,189,59,2.3,167,75,1,0,0,0,0,5819,14858,0.4,1.2,2.3,2.3,2.3,184,81,,,211,85,80,57,19,11,69,45,3.0,2.0,2.0,,,,,0.31,0.02,0.33,1.61,0.0,0.79,0.39,1.18,7.07,3,1,75.0,0.0,0.0,0.0,1.0,0.0,0.0,0.0,1.0,0.0,0.0,1.0,0.0,6.0,5885.0,15003.0,0.0,0.06000000000000005,0.009999999999999995,0.06999999999999995,0.48,0.0,2.0,3.0,0.20000000000000107,1.0,0.0,3.0,4.0
71,Lewis,Cook,Cook,a,,,5.0,250,155,0.2,334,119,2.3,157,68,1,0,0,0,0,1653,2554,0.5,1.4,2.3,2.3,2.3,175,74,,,276,116,188,106,513,206,280,122,,,,,,,,0.0,0.01,0.01,2.2,0.0,1.15,0.57,1.15,5.73,3,1,14.0,0.0,0.0,0.0,1.0,0.0,0.0,0.0,0.0,0.0,0.0,0.0,0.0,2.0,1705.0,2575.0,0.0,0.0,0.0,0.0,0.22999999999999998,0.0,0.29999999999999893,0.0,0.0,0.0,1.0,0.0,1.0
72,Ben,Gannon-Doak,Gannon-Doak,a,,,4.9,400,240,0.1,477,189,0.7,299,134,1,-1,1,-1,1,300,781,0.1,0.4,0.7,0.7,1.0,299,125,,,339,155,321,158,211,105,319,144,,,,,,,,0.9,0.0,0.9,10.8,0.0,0.0,45.0,0.0,135.0,3,1,1.0,0.0,0.0,0.0,0.0,0.0,0.0,0.0,0.0,0.0,0.0,0.0,0.0,3.0,302.0,790.0,0.0,0.02,0.0,0.02,0.04999999999999999,2.0,0.5,5.0,0.8,1.0,0.0,1.0,2.0
73,Tyler,Adams,Adams,a,,,5.0,262,163,0.3,309,108,2.0,180,79,4,0,0,0,0,4225,2706,0.4,1.2,2.0,2.0,2.0,203,87,100.0,100.0,232,94,199,109,521,211,262,114,,,,,,,,0.0,0.01,0.01,0.77,0.0,0.0,3.24,0.81,14.59,3,4,75.0,0.0,0.0,0.0,1.0,0.0,0.0,0.0,0.0,0.0,0.0,1.0,0.0,15.0,4260.0,2723.0,0.0,0.0,0.01,0.01,0.48,12.2,11.5,0.0,2.4000000000000004,3.0,1.0,8.0,12.0
74,David,Brooks,Brooks,a,,,5.0,244,152,0.1,484,192,0.7,305,138,1,0,0,0,0,538,607,0.1,0.4,0.7,0.7,1.0,310,134,100.0,100.0,538,219,290,148,508,203,364,170,4.0,3.0,,,,,,0.0,0.04,0.04,1.53,0.0,0.0,7.83,0.0,0.0,3,1,14.0,0.0,0.0,0.0,1.0,0.0,0.0,0.0,0.0,0.0,0.0,0.0,0.0,2.0,555.0,616.0,0.0,0.0,0.0,0.0,0.23,0.0,0.0,0.0,0.0,0.0,0.0,0.0,0.0
75,Ryan,Christie,Christie,a,,,5.0,251,156,0.0,534,218,0.7,307,139,1,0,0,0,0,753,422,0.1,0.4,0.7,0.7,1.0,312,135,100.0,100.0,334,151,339,167,514,207,351,161,,,,,,,,0.0,0.0,0.0,2.92,0.0,0.0,22.5,0.0,45.0,3,1,1.0,0.0,0.0,0.0,0.0,0.0,0.0,0.0,0.0,0.0,0.0,0.0,0.0,3.0,755.0,424.0,0.0,0.0,0.0,0.0,0.0,0.0,0.0,0.0,0.0,0.0,0.0,0.0,0.0
76,Alex,Tóth,Tóth.A,a,,,5.0,355,216,0.0,583,244,0.3,367,171,0,0,0,0,0,56,156,0.1,0.2,0.3,0.3,1.0,326,145,,,335,152,324,160,573,240,354,164,,,,,,,,0.0,0.0,0.0,1.86,0.0,0.0,12.0,0.0,12.0,3,0,0.0,0.0,0.0,0.0,0.0,0.0,0.0,0.0,0.0,0.0,0.0,0.0,0.0,0.0,56.0,156.0,0.0,0.0,0.0,0.0,0.0,0.0,0.0,0.0,0.0,0.0,0.0,0.0,0.0
77,Amine,Adli,Adli,i,Unspecified injury - Unknown return date,,4.9,399,239,0.0,581,242,0.0,548,222,0,0,0,-1,1,40,246,0.0,0.0,0.0,0.0,0.0,548,222,0.0,0.0,527,210,528,218,490,189,535,215,,,,,,,,0.0,0.0,0.0,0.0,0.0,0.0,0.0,0.0,0.0,3,0,0.0,0.0,0.0,0.0,0.0,0.0,0.0,0.0,0.0,0.0,0.0,0.0,0.0,0.0,40.0,248.0,0.0,0.0,0.0,0.0,0.0,0.0,0.0,0.0,0.0,0.0,0.0,0.0,0.0
79,Francisco Evanilson,de Lima Barbosa,Evanilson,a,,,6.0,72,16,3.2,97,14,3.7,92,9,2,0,0,0,0,33878,32290,0.6,1.8,3.7,3.7,3.7,100,12,,,156,10,94,7,67,16,87,13,,,,,,,,0.26,0.1,0.36,1.59,0.0,0.74,0.74,1.11,6.64,3,2,90.0,0.0,0.0,0.0,2.0,0.0,0.0,0.0,0.0,0.0,0.0,1.0,0.0,4.0,34250.0,32566.0,0.0,0.13,0.010000000000000009,0.14,0.7100000000000004,3.200000000000003,5.100000000000001,21.0,2.9000000000000004,0.0,4.0,3.0,7.0
80,Enes,Ünal,Enes Ünal,u,Has joined Getafe permanently,,5.5,126,32,0.0,578,75,0.0,621,73,0,0,0,0,0,0,181,0.0,0.0,0.0,0.0,0.0,621,73,0.0,0.0,612,67,617,72,606,69,618,71,,,,,,,,0.0,0.0,0.0,0.0,0.0,0.0,0.0,0.0,0.0,3,0,0.0,0.0,0.0,0.0,0.0,0.0,0.0,0.0,0.0,0.0,0.0,0.0,0.0,0.0,0.0,183.0,0.0,0.0,0.0,0.0,0.0,0.0,0.0,0.0,0.0,0.0,0.0,0.0,0.0
81,Álvaro,Rodríguez,Rodríguez,a,,,6.0,80,19,0.1,402,58,0.3,383,46,0,0,0,0,0,977,1309,0.0,0.2,0.3,0.3,1.0,361,44,100.0,100.0,642,74,644,76,642,75,643,75,,,,,,,,0.0,0.0,0.0,1.6,0.0,0.0,10.0,0.0,10.0,3,0,0.0,0.0,0.0,0.0,0.0,0.0,0.0,0.0,0.0,0.0,0.0,0.0,0.0,0.0,980.0,1315.0,0.0,0.0,0.0,0.0,0.0,0.0,0.0,0.0,0.0,0.0,0.0,0.0,0.0
566,António João,Pereira de Albuquerque Tavares da Silva,Silva,a,,,5.0,307,54,0.4,271,98,2.3,160,65,1,0,0,0,0,3499,4233,0.5,1.4,2.3,2.3,2.3,177,70,,,44,17,256,87,96,22,113,40,,,,,,,,0.09,0.01,0.1,1.6,0.0,0.0,1.67,1.0,10.33,3,1,90.0,0.0,0.0,0.0,2.0,0.0,0.0,0.0,0.0,0.0,0.0,1.0,0.0,8.0,3546.0,4282.0,0.0,0.020000000000000018,0.010000000000000002,0.02999999999999997,0.71,23.799999999999997,1.1999999999999997,17.0,4.199999999999999,1.0,7.0,2.0,8.0
573,Juanlu,Sánchez,Sanchez,a,,,4.5,508,129,0.2,349,132,0.0,481,184,0,0,0,0,0,194,1178,0.0,0.0,0.0,0.0,0.0,481,184,,,457,181,457,181,414,174,463,179,,,,,,,,0.0,0.0,0.0,0.0,0.0,0.0,0.0,0.0,0.0,3,0,0.0,0.0,0.0,0.0,0.0,0.0,0.0,0.0,0.0,0.0,0.0,0.0,0.0,0.0,195.0,1191.0,0.0,0.0,0.0,0.0,0.0,0.0,0.0,0.0,0.0,0.0,0.0,0.0,0.0
608,Daniel,Jebbison,Jebbison,a,,,5.0,335,60,0.1,421,60,0.7,310,35,1,0,0,0,0,2551,1407,0.1,0.4,0.7,0.7,1.0,322,34,,,324,32,313,37,137,26,290,33,,,,,,,,0.56,0.0,0.56,2.02,0.0,0.0,11.25,0.0,5.62,3,1,1.0,0.0,0.0,0.0,0.0,0.0,0.0,0.0,0.0,0.0,0.0,0.0,0.0,4.0,2573.0,1413.0,0.0,0.0,0.0,0.0,0.04999999999999999,0.0,0.0,0.0,0.0,0.0,0.0,0.0,0.0
615,Michele,Di Gregorio,Di Gregorio,a,,,4.5,469,36,0.0,533,60,0.0,464,57,0,0,0,0,0,580,400,0.0,0.0,0.0,0.0,0.0,464,57,,,440,57,437,40,387,37,446,57,,,,,,,,0.0,0.0,0.0,0.0,0.0,0.0,0.0,0.0,0.0,3,0,0.0,0.0,0.0,0.0,0.0,0.0,0.0,0.0,0.0,0.0,0.0,0.0,0.0,0.0,584.0,402.0,0.0,0.0,0.0,0.0,0.0,0.0,0.0,0.0,0.0,0.0,0.0,0.0,0.0
82,Caoimhín,Kelleher,Kelleher,a,,,5.0,261,9,6.7,61,9,3.7,86,5,2,0,0,0,0,25387,40810,0.7,2.2,3.7,3.7,3.7,94,5,,,86,13,548,60,520,60,213,13,,,,,,,,0.0,0.0,0.0,1.25,2.33,0.33,0.67,1.0,0.0,3,2,90.0,0.0,0.0,0.0,1.0,0.0,0.0,0.0,0.0,0.0,2.0,1.0,0.0,10.0,26538.0,41329.0,0.0,0.0,0.0,0.0,1.7100000000000004,16.800000000000004,0.0,0.0,1.7000000000000002,0.0,2.0,6.0,0.0
83,Hákon Rafn,Valdimarsson,Valdimarsson,a,,,4.5,513,44,0.1,420,48,0.0,486,60,0,0,0,0,0,454,764,0.0,0.0,0.0,0.0,0.0,486,60,,,462,60,462,46,419,45,468,60,,,,,,,,0.0,0.0,0.0,0.0,0.0,0.0,0.0,0.0,0.0,3,0,0.0,0.0,0.0,0.0,0.0,0.0,0.0,0.0,0.0,0.0,0.0,0.0,0.0,0.0,464.0,783.0,0.0,0.0,0.0,0.0,0.0,0.0,0.0,0.0,0.0,0.0,0.0,0.0,0.0
84,Nathan,Collins,Collins,d,Calf injury - 25% chance of playing,,5.5,149,18,1.6,143,58,3.3,104,39,1,0,0,0,0,1206,52560,0.6,1.8,0.8,3.3,3.3,115,45,25.0,,147,67,153,49,56,9,98,29,,,,,,,,0.23,0.02,0.25,0.98,0.0,0.46,0.46,1.38,7.81,3,1,16.0,0.0,0.0,0.0,0.0,0.0,0.0,0.0,0.0,0.0,0.0,1.0,0.0,4.0,1676.0,52717.0,0.0,0.0,0.0,0.0,0.10000000000000009,1.0,0.0,0.0,0.09999999999999964,0.0,1.0,0.0,1.0
85,Sepp,van den Berg,Van den Berg,i,Groin injury - Unknown return date,,4.9,392,72,0.1,465,165,0.0,544,199,0,0,0,-1,1,58,1015,0.0,0.0,0.0,0.0,0.0,544,199,0.0,0.0,523,197,524,197,486,192,531,196,,,,,,,,0.0,0.0,0.0,0.0,0.0,0.0,0.0,0.0,0.0,3,0,0.0,0.0,0.0,0.0,0.0,0.0,0.0,0.0,0.0,0.0,0.0,0.0,0.0,0.0,61.0,1024.0,0.0,0.0,0.0,0.0,0.0,0.0,0.0,0.0,0.0,0.0,0.0,0.0,0.0
86,Keane,Lewis-Potter,Lewis-Potter,a,,,5.5,146,89,2.1,121,38,6.0,34,15,2,0,0,0,0,19620,22663,1.1,3.3,6.0,6.0,6.0,39,17,,,24,12,17,16,70,42,20,16,,1.0,,,,,,0.35,0.22,0.57,1.26,0.0,0.34,0.67,1.01,9.1,3,2,90.0,0.0,0.0,0.0,1.0,0.0,0.0,0.0,0.0,0.0,0.0,1.0,0.0,4.0,20572.0,22889.0,0.0,0.24,0.4,0.6399999999999999,1.7100000000000004,8.200000000000003,45.099999999999994,22.0,7.499999999999998,1.0,4.0,1.0,6.0
87,Kristoffer,Ajer,Ajer,a,,,4.5,454,95,4.7,75,30,4.3,60,24,2,0,0,0,0,37157,69721,1.0,2.9,4.3,4.3,4.3,66,27,,,56,25,157,51,80,15,79,20,,,,,,,,0.04,0.01,0.05,1.25,0.0,0.33,0.67,1.0,10.67,3,2,90.0,0.0,0.0,0.0,1.0,0.0,0.0,0.0,0.0,0.0,0.0,1.0,0.0,8.0,40765.0,70898.0,0.0,0.0,0.0,0.0,1.7100000000000004,11.799999999999997,0.3000000000000007,0.0,1.200000000000001,0.0,5.0,2.0,5.0
88,Michael,Kayode,Kayode,a,,,4.6,424,80,8.9,46,17,5.3,41,18,1,0,0,1,-1,36366,81547,1.2,3.5,5.3,5.3,5.3,46,20,,,95,43,177,55,48,6,80,21,,,,,,,,0.24,0.09,0.33,0.99,0.0,0.43,0.43,1.3,5.65,3,1,45.0,0.0,0.0,0.0,0.0,0.0,0.0,0.0,0.0,0.0,0.0,1.0,0.0,2.0,38186.0,82152.0,0.0,0.030000000000000027,0.0,0.030000000000000027,0.34999999999999987,7.599999999999994,0.3000000000000007,2.0,1.0,0.0,5.0,2.0,5.0
90,Aaron,Hickey,Hickey,a,,,4.5,497,125,0.1,464,164,1.0,253,95,1,0,0,0,0,233,541,0.2,0.7,1.0,1.0,1.0,287,113,,,258,107,237,81,405,172,302,112,,,,,,,,0.0,0.03,0.03,2.15,0.0,0.0,1.48,0.0,8.85,3,1,45.0,0.0,0.0,0.0,1.0,0.0,0.0,0.0,0.0,0.0,0.0,0.0,0.0,0.0,241.0,547.0,0.0,0.0,0.0,0.0,1.3599999999999999,7.6,1.0,0.0,0.8999999999999999,1.0,4.0,2.0,5.0
93,Jannik,Schuster,Schuster,a,,,4.5,515,132,0.1,371,141,1.3,220,82,4,0,0,0,0,396,487,0.3,0.9,1.3,1.3,4.0,79,32,,,234,98,346,129,242,90,287,107,,,,,,,,0.12,0.01,0.13,1.98,0.0,0.0,1.23,0.0,12.33,3,4,73.0,0.0,0.0,0.0,1.0,0.0,0.0,0.0,0.0,0.0,0.0,0.0,0.0,11.0,397.0,499.0,0.0,0.1,0.01,0.11,1.61,17.2,0.2,4.0,2.1,0.0,10.0,0.0,10.0
94,Kevin,Schade,Schade,a,,,6.0,76,52,3.8,88,29,5.0,51,24,2,0,0,0,0,19915,58850,0.8,2.5,5.0,5.0,5.0,56,25,,,66,21,105,67,12,6,27,20,,,2.0,,,,,0.26,0.07,0.33,1.26,0.0,0.34,0.67,1.01,7.75,3,2,90.0,0.0,0.0,0.0,1.0,0.0,0.0,0.0,0.0,0.0,0.0,1.0,0.0,11.0,22826.0,59455.0,0.0,0.0,0.17,0.16999999999999993,1.7100000000000004,4.0,13.300000000000004,8.0,2.5,0.0,0.0,5.0,5.0
95,Dango,Ouattara,O.Dango,a,,,6.4,49,33,0.7,225,73,1.7,215,98,1,-1,1,-1,1,952,15421,0.3,0.8,1.7,1.7,1.7,239,106,,,206,83,46,39,139,71,127,62,4.0,,,,,,,0.04,0.24,0.28,1.4,0.0,0.64,0.64,1.29,15.43,3,1,45.0,0.0,0.0,0.0,0.0,0.0,0.0,0.0,0.0,0.0,0.0,1.0,0.0,6.0,993.0,15731.0,0.0,0.0,0.010000000000000009,0.010000000000000009,0.3500000000000001,6.800000000000001,11.300000000000004,0.0,1.8000000000000007,1.0,3.0,7.0,11.0
96,Mikkel,Damsgaard,Damsgaard,a,,,5.5,152,92,0.5,254,84,4.0,79,36,8,0,0,0,0,3941,3188,0.7,2.2,4.0,4.0,4.0,83,37,,,170,65,19,17,95,52,56,38,2.0,3.0,,,,,,0.02,0.24,0.26,1.0,0.0,0.54,0.54,1.08,9.16,3,8,85.0,0.0,1.0,0.0,1.0,0.0,0.0,0.0,0.0,0.0,0.0,1.0,3.0,30.0,3962.0,3263.0,0.0,0.0,0.21000000000000002,0.20999999999999996,1.6300000000000001,10.000000000000004,28.5,6.0,4.5,0.0,1.0,3.0,4.0
97,Mathias,Jensen,Jensen,i,Unspecified injury - Expected back 18 Sep,,5.5,139,84,0.1,392,144,2.0,191,88,0,0,0,0,0,25,3154,0.4,1.1,0.0,0.0,6.0,38,16,0.0,0.0,254,105,69,52,172,85,179,82,1.0,2.0,3.0,,,,,0.11,0.46,0.57,0.64,0.0,1.36,0.0,1.36,6.82,3,0,0.0,0.0,0.0,0.0,0.0,0.0,0.0,0.0,0.0,0.0,0.0,0.0,0.0,0.0,26.0,3218.0,0.0,0.0,0.0,0.0,0.0,0.0,0.0,0.0,0.0,0.0,0.0,0.0,0.0
62,Bafodé,Diakité,Diakité,a,,,5.0,285,46,0.2,354,133,0.0,571,204,0,0,0,0,0,961,2119,0.0,0.0,0.0,0.0,0.0,571,204,,,555,203,557,203,532,200,562,203,,,,,,,,0.0,0.0,0.0,0.0,0.0,0.0,0.0,0.0,0.0,3,0,0.0,0.0,0.0,0.0,0.0,0.0,0.0,0.0,0.0,0.0,0.0,0.0,0.0,0.0,964.0,2135.0,0.0,0.0,0.0,0.0,0.0,0.0,0.0,0.0,0.0,0.0,0.0,0.0,0.0
92,Kim,Ji-soo,Ji-soo,a,,,4.5,533,137,0.0,575,196,0.0,503,190,0,0,0,0,0,85,185,0.0,0.0,0.0,0.0,0.0,503,190,,,480,187,479,187,437,180,486,185,,,,,,,,0.0,0.0,0.0,0.0,0.0,0.0,0.0,0.0,0.0,3,0,0.0,0.0,0.0,0.0,0.0,0.0,0.0,0.0,0.0,0.0,0.0,0.0,0.0,0.0,86.0,188.0,0.0,0.0,0.0,0.0,0.0,0.0,0.0,0.0,0.0,0.0,0.0,0.0,0.0
98,Vitaly,Janelt,Janelt,a,,,5.0,264,165,1.9,128,40,7.0,19,7,11,0,0,0,0,115951,25120,1.4,4.2,7.0,7.0,7.0,20,8,,,4,3,26,23,66,40,16,12,3.0,,,,,,,0.17,0.11,0.28,1.25,0.0,0.33,0.67,1.0,11.67,3,11,90.0,1.0,0.0,0.0,1.0,0.0,0.0,0.0,1.0,0.0,0.0,1.0,3.0,30.0,116172.0,25203.0,0.0,0.10999999999999999,0.010000000000000009,0.12,1.7100000000000004,48.0,3.0999999999999943,17.0,6.800000000000001,4.0,3.0,5.0,12.0
99,Antoni,Milambo,Milambo,i,Knee injury - Unknown return date,,5.0,341,206,0.0,646,285,0.0,595,251,0,0,0,0,0,19,24,0.0,0.0,0.0,0.0,0.0,595,251,0.0,0.0,580,244,587,250,566,234,587,247,,,,,,,,0.0,0.0,0.0,0.0,0.0,0.0,0.0,0.0,0.0,3,0,0.0,0.0,0.0,0.0,0.0,0.0,0.0,0.0,0.0,0.0,0.0,0.0,0.0,0.0,19.0,26.0,0.0,0.0,0.0,0.0,0.0,0.0,0.0,0.0,0.0,0.0,0.0,0.0,0.0
100,Fábio,Freitas Gouveia Carvalho,Carvalho,a,,,5.0,286,175,0.0,563,234,0.0,572,237,0,0,0,0,0,277,265,0.0,0.0,0.0,0.0,0.0,572,237,100.0,100.0,556,229,558,235,533,216,563,232,,,,,,,,0.0,0.0,0.0,0.0,0.0,0.0,0.0,0.0,0.0,3,0,0.0,0.0,0.0,0.0,0.0,0.0,0.0,0.0,0.0,0.0,0.0,0.0,0.0,0.0,279.0,266.0,0.0,0.0,0.0,0.0,0.0,0.0,0.0,0.0,0.0,0.0,0.0,0.0,0.0
102,Yehor,Yarmoliuk,Yarmoliuk,a,,,4.9,403,242,0.8,213,66,0.7,300,135,0,0,0,-1,1,581,11315,0.1,0.4,0.7,0.7,0.7,375,176,,,282,120,182,103,198,97,256,111,,,,,,,,0.07,0.03,0.1,2.81,0.0,0.0,2.02,0.0,11.12,3,0,45.0,0.0,0.0,0.0,1.0,0.0,0.0,0.0,1.0,0.0,0.0,0.0,0.0,1.0,589.0,11447.0,0.0,0.030000000000000006,0.019999999999999997,0.05,1.3599999999999999,2.3999999999999995,3.3999999999999986,2.0,0.7999999999999998,1.0,1.0,3.0,5.0
103,Josh,Dasilva,Dasilva,i,Hamstring injury - Expected back 10 Oct,,5.0,258,160,0.0,576,238,0.0,562,233,0,0,0,0,0,25,491,0.0,0.0,0.0,0.0,0.0,562,233,0.0,0.0,545,224,547,231,519,210,552,228,,,,,,,,0.0,0.0,0.0,0.0,0.0,0.0,0.0,0.0,0.0,3,0,0.0,0.0,0.0,0.0,0.0,0.0,0.0,0.0,0.0,0.0,0.0,0.0,0.0,0.0,26.0,495.0,0.0,0.0,0.0,0.0,0.0,0.0,0.0,0.0,0.0,0.0,0.0,0.0,0.0
105,Jaidon,Anthony,Anthony,a,,,6.0,73,49,0.1,373,135,1.3,237,107,1,0,0,0,0,529,1848,0.2,0.7,1.3,1.3,1.3,260,117,,,247,101,38,33,126,64,136,67,,,,,,,,0.13,0.3,0.43,1.09,0.0,0.7,0.7,0.7,9.14,3,1,45.0,0.0,0.0,0.0,1.0,0.0,0.0,0.0,0.0,0.0,0.0,0.0,0.0,3.0,540.0,1869.0,0.0,0.04999999999999999,0.010000000000000009,0.05999999999999994,1.36,0.0,2.200000000000003,3.0,0.40000000000000036,0.0,0.0,4.0,4.0
106,Igor Thiago,Nascimento Rodrigues,Thiago,a,,,7.9,12,3,11.5,37,6,1.3,243,28,2,-1,1,-1,1,16983,223973,0.2,0.5,1.3,1.3,1.3,262,32,,,221,17,214,25,8,4,71,9,,,1.0,,,,,0.79,0.03,0.82,1.26,0.0,0.34,0.69,1.03,5.15,3,2,90.0,0.0,0.0,0.0,1.0,0.0,0.0,0.0,0.0,0.0,0.0,1.0,0.0,9.0,17798.0,226525.0,0.0,0.4999999999999998,0.010000000000000009,0.51,1.71,16.0,1.4000000000000004,43.0,6.000000000000001,1.0,3.0,2.0,6.0
565,Mamadou,Sangaré,M.Sangaré,a,,,5.7,118,77,13.5,30,12,6.0,35,16,0,0,0,2,-2,86164,223327,1.1,3.2,6.0,6.0,6.0,40,18,,,94,35,65,49,71,43,67,43,,,,,,,,0.18,0.16,0.34,0.98,0.0,0.43,0.43,1.29,13.71,3,0,45.0,0.0,0.0,0.0,0.0,0.0,0.0,0.0,1.0,0.0,0.0,1.0,0.0,0.0,94696.0,225285.0,0.0,0.14999999999999997,0.010000000000000009,0.16000000000000003,0.34999999999999987,0.0,1.2999999999999972,8.0,0.5999999999999996,1.0,1.0,3.0,5.0
109,Bart,Verbruggen,Verbruggen,a,,,4.5,503,43,22.2,13,2,3.0,113,11,3,0,0,0,0,166974,130902,0.7,2.0,3.0,3.0,3.0,125,11,,,130,16,259,3,409,44,228,15,,,,,,,,0.0,0.07,0.07,1.9,1.33,0.33,1.67,1.0,0.0,3,3,90.0,0.0,0.0,0.0,1.0,0.0,0.0,0.0,0.0,0.0,3.0,1.0,0.0,17.0,170547.0,134115.0,0.0,0.0,0.2,0.2,2.4899999999999998,29.2,3.0,0.0,3.2,0.0,0.0,5.0,0.0
111,Jason,Steele,Steele,a,,,4.0,582,51,4.3,81,12,0.0,389,25,0,0,0,0,0,32041,23858,0.0,0.0,0.0,0.0,0.0,389,25,,,364,25,357,6,297,3,369,25,,,,,,,,0.0,0.0,0.0,0.0,0.0,0.0,0.0,0.0,0.0,3,0,0.0,0.0,0.0,0.0,0.0,0.0,0.0,0.0,0.0,0.0,0.0,0.0,0.0,0.0,32887.0,24434.0,0.0,0.0,0.0,0.0,0.0,0.0,0.0,0.0,0.0,0.0,0.0,0.0,0.0
113,Ferdi,Kadıoğlu,F.Kadıoğlu,a,,,4.4,571,153,1.8,133,54,0.7,287,102,2,0,0,-1,1,4335,17305,0.2,0.5,0.7,0.7,1.0,273,102,100.0,100.0,241,100,132,40,102,25,178,69,3.0,,,,,,,0.04,0.01,0.05,2.87,0.0,0.0,2.69,1.08,2.69,3,2,77.0,0.0,0.0,0.0,1.0,0.0,0.0,0.0,0.0,0.0,0.0,1.0,0.0,8.0,4444.0,17605.0,0.0,0.06,0.01,0.07,2.4,12.600000000000001,12.5,19.0,4.4,1.0,4.0,2.0,5.0
114,Olivier,Boscagli,Boscagli,a,,,4.5,458,98,0.3,302,111,2.3,151,61,2,0,0,0,0,1548,2042,0.5,1.6,2.3,2.3,2.3,169,67,,,108,50,15,1,134,42,44,7,,,,,,,,0.02,0.16,0.18,1.9,0.0,0.33,1.67,1.0,4.33,3,2,90.0,0.0,0.0,0.0,1.0,0.0,0.0,0.0,0.0,0.0,0.0,1.0,0.0,17.0,1593.0,2074.0,0.0,0.0,0.32999999999999996,0.33,2.4899999999999998,20.6,62.300000000000004,0.0,8.3,0.0,4.0,4.0,4.0
115,Maxim,De Cuyper,De Cuyper,a,,,4.8,422,79,20.8,15,3,7.0,18,9,4,1,-1,3,-3,404569,87848,1.5,4.4,7.0,7.0,7.0,19,9,,,58,27,18,2,58,10,23,1,2.0,4.0,,,,,,0.56,0.15,0.71,2.08,0.0,0.37,1.85,1.11,2.96,3,4,76.0,0.0,1.0,0.0,1.0,0.0,0.0,0.0,1.0,0.0,0.0,1.0,0.0,17.0,417657.0,88769.0,0.0,0.0,0.14,0.1399999999999999,2.4,19.6,22.099999999999994,2.0,4.400000000000002,1.0,1.0,4.0,2.0
116,Lewis,Dunk,Dunk,a,,,4.5,430,82,1.3,161,66,3.3,95,35,5,0,0,0,0,12413,6884,0.7,2.2,3.3,3.3,3.3,106,41,,,81,41,224,76,240,88,171,68,,3.0,,,,,,0.0,0.02,0.02,1.9,0.0,0.33,1.67,1.0,5.67,3,5,90.0,0.0,0.0,0.0,1.0,0.0,0.0,0.0,0.0,0.0,0.0,1.0,1.0,20.0,12588.0,6973.0,0.0,0.0,0.009999999999999995,0.009999999999999995,2.4899999999999998,30.8,1.9000000000000004,4.0,3.7,0.0,12.0,5.0,12.0
117,Diego,Coppola,Coppola,a,,,4.5,525,135,0.0,572,194,0.0,497,189,0,0,0,0,0,124,182,0.0,0.0,0.0,0.0,0.0,497,189,,,473,186,473,186,430,179,479,184,,,,,,,,0.0,0.0,0.0,0.0,0.0,0.0,0.0,0.0,0.0,3,0,0.0,0.0,0.0,0.0,0.0,0.0,0.0,0.0,0.0,0.0,0.0,0.0,0.0,0.0,125.0,183.0,0.0,0.0,0.0,0.0,0.0,0.0,0.0,0.0,0.0,0.0,0.0,0.0,0.0
118,Igor Julio,dos Santos de Paulo,Igor,u,Has joined Burnley permanently,,4.5,465,103,0.1,497,176,0.0,463,176,0,0,0,0,0,0,1625,0.0,0.0,0.0,0.0,0.0,463,176,0.0,0.0,439,173,436,173,386,161,445,171,,,,,,,,0.0,0.0,0.0,0.0,0.0,0.0,0.0,0.0,0.0,3,0,0.0,0.0,0.0,0.0,0.0,0.0,0.0,0.0,0.0,0.0,0.0,0.0,0.0,0.0,0.0,1641.0,0.0,0.0,0.0,0.0,0.0,0.0,0.0,0.0,0.0,0.0,0.0,0.0,0.0
58,Fraser,Forster,Forster,a,,,4.0,581,50,3.5,90,15,0.0,388,24,0,0,0,0,0,25359,14568,0.0,0.0,0.0,0.0,0.0,388,24,,,363,24,356,5,296,2,368,24,,,,,,,,0.0,0.0,0.0,0.0,0.0,0.0,0.0,0.0,0.0,3,0,0.0,0.0,0.0,0.0,0.0,0.0,0.0,0.0,0.0,0.0,0.0,0.0,0.0,0.0,25864.0,14841.0,0.0,0.0,0.0,0.0,0.0,0.0,0.0,0.0,0.0,0.0,0.0,0.0,0.0
78,Junior,Kroupi,Kroupi.Jr,i,Foot injury - Expected back 7 Nov,,7.4,22,14,0.2,340,123,0.0,653,291,0,0,0,-1,1,159,2679,0.0,0.0,0.0,0.0,0.0,653,291,0.0,0.0,654,292,654,292,654,292,654,292,,,1.0,,,,,0.0,0.0,0.0,0.0,0.0,0.0,0.0,0.0,0.0,3,0,0.0,0.0,0.0,0.0,0.0,0.0,0.0,0.0,0.0,0.0,0.0,0.0,0.0,0.0,159.0,2704.0,0.0,0.0,0.0,0.0,0.0,0.0,0.0,0.0,0.0,0.0,0.0,0.0,0.0
89,Rico,Henry,Henry,a,,,4.5,455,96,0.2,336,126,0.3,343,124,0,0,0,0,0,241,1416,0.1,0.2,0.3,0.3,1.0,280,107,,,434,171,431,171,380,158,440,169,,,,,,,,0.0,0.0,0.0,0.0,0.0,0.0,0.0,0.0,0.0,3,0,0.0,0.0,0.0,0.0,0.0,0.0,0.0,0.0,0.0,0.0,0.0,0.0,0.0,0.0,242.0,1430.0,0.0,0.0,0.0,0.0,0.0,0.0,0.0,0.0,0.0,0.0,0.0,0.0,0.0
119,João Pedro,Loureiro da Costa,Costinha,a,,,4.5,490,122,0.0,525,182,0.7,294,108,1,0,0,0,0,148,226,0.2,0.4,0.7,0.7,0.7,374,131,,,246,102,181,57,127,38,232,88,,,,,,,,0.22,0.3,0.52,0.45,0.0,0.0,0.0,0.0,9.38,3,1,12.0,0.0,0.0,0.0,0.0,0.0,0.0,0.0,0.0,0.0,0.0,0.0,0.0,7.0,154.0,229.0,0.0,0.0,0.16,0.16000000000000003,0.09999999999999998,5.800000000000001,14.5,0.0,2.0,0.0,1.0,0.0,1.0
120,Michael,Svoboda,Svoboda,a,,,5.0,295,50,0.1,487,172,0.0,574,205,0,0,0,0,0,650,729,0.0,0.0,0.0,0.0,0.0,574,205,,,558,204,562,204,539,202,565,204,,,,,,,,0.0,0.0,0.0,0.0,0.0,0.0,0.0,0.0,0.0,3,0,0.0,0.0,0.0,0.0,0.0,0.0,0.0,0.0,0.0,0.0,0.0,0.0,0.0,0.0,655.0,736.0,0.0,0.0,0.0,0.0,0.0,0.0,0.0,0.0,0.0,0.0,0.0,0.0,0.0
121,Mitoma,Kaoru,Mitoma,i,Hamstring injury - Expected back 10 Oct,,5.9,100,65,0.0,535,219,0.0,636,277,0,-1,1,-1,1,64,386,0.0,0.0,0.0,0.0,0.0,636,277,0.0,0.0,633,278,635,278,632,276,635,278,,,,,,,,0.0,0.0,0.0,0.0,0.0,0.0,0.0,0.0,0.0,3,0,0.0,0.0,0.0,0.0,0.0,0.0,0.0,0.0,0.0,0.0,0.0,0.0,0.0,0.0,64.0,389.0,0.0,0.0,0.0,0.0,0.0,0.0,0.0,0.0,0.0,0.0,0.0,0.0,0.0
122,Yankuba,Minteh,Minteh,i,Leg injury - Expected back 28 Nov,,5.9,109,69,0.0,520,211,0.0,639,279,0,0,0,-1,1,27,578,0.0,0.0,0.0,0.0,0.0,639,279,0.0,0.0,636,280,638,280,636,279,638,280,5.0,,,,,,,0.0,0.0,0.0,0.0,0.0,0.0,0.0,0.0,0.0,3,0,0.0,0.0,0.0,0.0,0.0,0.0,0.0,0.0,0.0,0.0,0.0,0.0,0.0,0.0,28.0,580.0,0.0,0.0,0.0,0.0,0.0,0.0,0.0,0.0,0.0,0.0,0.0,0.0,0.0
123,Jack,Hinshelwood,Hinshelwood,d,Unspecified injury - 50% chance of playing,,6.0,77,53,1.0,191,61,5.3,44,22,0,0,0,0,0,910,32179,0.9,2.7,2.6,2.6,16.0,1,1,50.0,50.0,47,17,201,111,44,29,63,41,,,,,,,,2.01,0.03,2.04,0.27,0.0,1.43,0.0,1.43,4.29,3,0,0.0,0.0,0.0,0.0,0.0,0.0,0.0,0.0,0.0,0.0,0.0,0.0,0.0,0.0,925.0,32693.0,0.0,0.0,0.0,0.0,0.0,0.0,0.0,0.0,0.0,0.0,0.0,0.0,0.0
124,Pascal,Groß,Groß,a,,,5.6,119,78,16.3,24,9,5.3,42,20,1,1,-1,1,-1,202796,134620,0.9,2.9,5.3,5.3,5.3,47,22,,,59,19,9,9,61,36,21,17,1.0,1.0,1.0,,,,,0.28,0.14,0.42,1.9,0.0,0.33,1.67,1.0,5.0,3,1,90.0,0.0,0.0,0.0,1.0,0.0,0.0,0.0,1.0,0.0,0.0,1.0,0.0,-1.0,210417.0,135948.0,0.0,0.7899999999999999,0.03999999999999998,0.8300000000000001,2.4899999999999998,0.0,16.5,19.0,3.1999999999999993,0.0,2.0,2.0,4.0
125,Georginio,Rutter,Georginio,d,Unspecified injury - 75% chance of playing,,5.5,158,40,0.6,238,40,1.7,213,20,0,0,0,0,0,821,13119,0.3,0.9,1.3,1.3,5.0,53,5,75.0,75.0,222,18,215,26,156,28,237,28,,,,,,,,0.08,0.44,0.52,0.29,0.0,1.0,0.0,1.0,7.0,3,0,0.0,0.0,0.0,0.0,0.0,0.0,0.0,0.0,0.0,0.0,0.0,0.0,0.0,0.0,845.0,13336.0,0.0,0.0,0.0,0.0,0.0,0.0,0.0,0.0,0.0,0.0,0.0,0.0,0.0
126,Matt,O'Riley,O'Riley,a,,,5.5,141,85,0.1,422,163,0.0,625,269,0,0,0,0,0,726,1099,0.0,0.0,0.0,0.0,0.0,625,269,,,616,266,622,268,612,261,622,268,,,3.0,,,,,0.0,0.0,0.0,0.0,0.0,0.0,0.0,0.0,0.0,3,0,0.0,0.0,0.0,0.0,0.0,0.0,0.0,0.0,0.0,0.0,0.0,0.0,0.0,0.0,729.0,1109.0,0.0,0.0,0.0,0.0,0.0,0.0,0.0,0.0,0.0,0.0,0.0,0.0,0.0
127,Diego,Gómez Amarilla,Gomez,a,,,5.0,329,196,4.8,73,23,4.3,62,30,2,0,0,0,0,68997,69614,0.9,2.6,4.3,4.3,4.3,68,31,,,107,39,33,28,5,2,18,14,,5.0,,,,,,0.22,0.24,0.46,1.94,0.0,0.34,1.7,1.02,6.79,3,2,90.0,0.0,0.0,0.0,1.0,0.0,0.0,0.0,0.0,0.0,0.0,1.0,0.0,13.0,71909.0,70660.0,0.0,0.08999999999999997,0.04999999999999993,0.14000000000000012,2.4899999999999998,15.199999999999996,26.4,30.0,7.199999999999999,3.0,2.0,4.0,9.0
128,Facundo,Buonanotte,Buonanotte,u,Has joined Elche on loan for the rest of the season,,5.0,339,204,0.0,644,283,0.0,594,250,0,0,0,0,0,0,33,0.0,0.0,0.0,0.0,0.0,594,250,0.0,0.0,579,243,586,249,565,233,586,246,,,,,,,,0.0,0.0,0.0,0.0,0.0,0.0,0.0,0.0,0.0,3,0,0.0,0.0,0.0,0.0,0.0,0.0,0.0,0.0,0.0,0.0,0.0,0.0,0.0,0.0,0.0,33.0,0.0,0.0,0.0,0.0,0.0,0.0,0.0,0.0,0.0,0.0,0.0,0.0,0.0
129,Yasin,Ayari,Ayari,a,,,5.4,226,143,0.4,276,92,1.3,230,104,2,0,0,-1,1,1377,4382,0.2,0.7,1.3,1.0,2.0,213,95,100.0,75.0,261,108,127,77,114,58,209,96,4.0,2.0,,,,,,0.16,0.04,0.2,1.58,0.0,0.59,0.59,1.18,4.12,3,2,90.0,0.0,0.0,0.0,1.0,0.0,0.0,0.0,0.0,0.0,0.0,1.0,0.0,18.0,1378.0,4559.0,0.0,0.17000000000000004,0.04000000000000001,0.20999999999999996,2.49,11.4,14.8,18.0,4.3999999999999995,0.0,1.0,2.0,3.0
130,Mats,Wieffer,Wieffer,i,Knee injury - Unknown return date,,5.0,301,52,0.3,301,110,2.3,159,64,0,0,0,0,0,53,15011,0.5,1.4,0.0,0.0,3.5,105,40,0.0,0.0,157,72,108,31,193,66,156,61,,,,,,,,0.07,0.08,0.15,1.83,0.0,0.58,2.31,1.15,8.65,3,0,0.0,0.0,0.0,0.0,0.0,0.0,0.0,0.0,0.0,0.0,0.0,0.0,0.0,0.0,54.0,15194.0,0.0,0.0,0.0,0.0,0.0,0.0,0.0,0.0,0.0,0.0,0.0,0.0,0.0
132,Harry,Howell,Howell,u,Has joined Leicester City on loan for the rest of the season,,4.5,546,282,0.0,523,214,0.0,513,201,0,0,0,0,0,0,451,0.0,0.0,0.0,0.0,0.0,513,201,0.0,0.0,490,188,489,196,447,165,496,192,,,,,,,,0.0,0.0,0.0,0.0,0.0,0.0,0.0,0.0,0.0,3,0,0.0,0.0,0.0,0.0,0.0,0.0,0.0,0.0,0.0,0.0,0.0,0.0,0.0,0.0,0.0,453.0,0.0,0.0,0.0,0.0,0.0,0.0,0.0,0.0,0.0,0.0,0.0,0.0,0.0
108,Callum,Wilson,Wilson,a,,,5.5,122,31,0.4,287,49,1.0,269,30,1,0,0,0,0,2122,4419,0.2,0.5,1.0,1.0,1.0,343,38,,,327,33,223,29,179,30,276,31,,,,,,,,0.48,0.28,0.76,1.04,0.0,0.0,0.0,0.0,13.85,3,1,4.0,0.0,0.0,0.0,0.0,0.0,0.0,0.0,0.0,0.0,0.0,0.0,0.0,2.0,2156.0,4462.0,0.0,0.0,0.0,0.0,0.07999999999999999,1.0,0.0,0.0,0.10000000000000009,0.0,1.0,0.0,1.0
133,Tom,Watson,Watson,u,Has joined Leicester City on loan for the rest of the season,,5.0,343,208,0.0,651,289,0.0,596,252,0,0,0,0,0,0,17,0.0,0.0,0.0,0.0,0.0,596,252,0.0,0.0,581,245,588,251,568,236,588,248,,,,,,,,0.0,0.0,0.0,0.0,0.0,0.0,0.0,0.0,0.0,3,0,0.0,0.0,0.0,0.0,0.0,0.0,0.0,0.0,0.0,0.0,0.0,0.0,0.0,0.0,0.0,17.0,0.0,0.0,0.0,0.0,0.0,0.0,0.0,0.0,0.0,0.0,0.0,0.0,0.0
135,Zadok,Yohanna,Yohanna,i,Unspecified injury - Expected back 10 Oct,,4.9,421,257,0.1,490,196,0.3,358,164,0,-1,1,-1,1,307,870,0.1,0.2,0.0,0.3,1.0,309,133,0.0,,359,168,298,149,503,201,357,166,,,,,,,,0.0,0.22,0.22,0.0,0.0,0.0,0.0,0.0,0.0,3,0,0.0,0.0,0.0,0.0,0.0,0.0,0.0,0.0,0.0,0.0,0.0,0.0,0.0,0.0,310.0,879.0,0.0,0.0,0.0,0.0,0.0,0.0,0.0,0.0,0.0,0.0,0.0,0.0,0.0
138,Charalampos,Kostoulas,Kostoulas,a,,,5.5,187,43,0.5,247,42,2.7,141,13,2,0,0,0,0,10822,5804,0.5,1.5,2.7,2.7,2.7,156,17,,,244,22,166,19,57,13,153,17,,,,,,,,0.36,0.02,0.38,2.53,0.0,0.0,2.31,0.92,7.38,3,2,90.0,0.0,0.0,0.0,1.0,0.0,0.0,0.0,0.0,0.0,0.0,1.0,0.0,9.0,11093.0,5854.0,0.0,0.43000000000000005,0.02,0.44999999999999996,2.49,9.6,5.300000000000001,24.0,3.9000000000000004,1.0,3.0,4.0,8.0
139,Evan,Ferguson,Ferguson,i,Ankle injury - Expected back 10 Oct,,5.0,310,57,0.0,538,73,0.0,580,63,0,0,0,0,0,292,416,0.0,0.0,0.0,0.0,0.0,580,63,0.0,0.0,564,56,570,61,548,58,571,60,,,,,,,,0.0,0.0,0.0,0.0,0.0,0.0,0.0,0.0,0.0,3,0,0.0,0.0,0.0,0.0,0.0,0.0,0.0,0.0,0.0,0.0,0.0,0.0,0.0,0.0,294.0,419.0,0.0,0.0,0.0,0.0,0.0,0.0,0.0,0.0,0.0,0.0,0.0,0.0,0.0
328,Pascal,Struijk,Struijk,a,,,5.0,278,45,0.2,343,129,0.3,361,132,1,0,0,0,0,1023,1764,0.1,0.2,0.3,0.3,1.0,315,124,100.0,100.0,360,132,351,130,527,199,558,202,,,,,,,,0.0,0.0,0.0,0.0,0.0,0.0,0.0,0.0,0.0,3,1,1.0,0.0,0.0,0.0,0.0,0.0,0.0,0.0,0.0,0.0,0.0,0.0,0.0,3.0,1038.0,1783.0,0.0,0.0,0.0,0.0,0.0,0.2,0.1,0.0,0.0,0.0,0.0,0.0,0.0
504,Luka,Vušković,Vuskovic,a,,,5.0,353,62,3.1,100,38,6.0,31,14,12,0,0,0,0,89468,28240,1.2,3.6,6.0,6.0,6.0,34,15,,,26,7,191,62,45,4,51,9,,,,,,,,0.12,0.02,0.14,1.9,0.0,0.33,1.67,1.0,7.33,3,12,90.0,1.0,0.0,0.0,1.0,0.0,0.0,0.0,0.0,0.0,0.0,1.0,2.0,27.0,89777.0,28570.0,0.0,0.18999999999999997,0.009999999999999995,0.19999999999999998,2.4899999999999998,56.2,1.799999999999999,40.0,9.8,2.0,8.0,4.0,10.0
594,Promise,David,David,a,,,6.0,78,17,0.2,322,52,0.3,382,45,0,0,0,0,0,2131,3854,0.0,0.2,0.3,0.3,0.5,386,47,,,641,73,251,31,251,39,346,41,,,2.0,,,,,1.64,0.0,1.64,0.55,0.0,0.0,0.0,0.0,0.0,3,0,13.0,0.0,0.0,0.0,0.0,0.0,0.0,0.0,1.0,0.0,0.0,0.0,0.0,-7.0,2155.0,3901.0,0.0,0.42,0.0,0.42,0.1,0.0,0.0,4.0,0.0,0.0,0.0,0.0,0.0
600,Ibrahim,Osman,Osman,a,,,5.0,354,215,0.0,577,239,0.7,311,141,0,0,0,0,0,107,211,0.1,0.4,0.7,0.7,1.0,325,144,,,285,122,183,104,228,113,264,115,,,,,,,,0.0,0.19,0.19,0.32,0.0,0.0,3.21,0.0,9.64,3,0,0.0,0.0,0.0,0.0,0.0,0.0,0.0,0.0,0.0,0.0,0.0,0.0,0.0,0.0,109.0,212.0,0.0,0.0,0.0,0.0,0.0,0.0,0.0,0.0,0.0,0.0,0.0,0.0,0.0
605,Malick,Yalcouyé,Yalcouyé,a,,,4.5,549,283,3.0,103,33,3.7,84,38,2,0,0,0,0,129317,41297,0.8,2.4,3.7,3.7,3.7,92,40,,,78,25,67,51,40,25,40,29,,,,,,,,0.4,0.14,0.54,2.87,0.0,0.0,2.16,1.08,6.47,3,2,90.0,0.0,0.0,0.0,1.0,0.0,0.0,0.0,0.0,0.0,0.0,1.0,0.0,16.0,131512.0,41698.0,0.0,0.050000000000000044,0.09,0.14,2.49,8.200000000000003,24.400000000000002,20.0,5.299999999999999,0.0,2.0,3.0,5.0
614,Jaouen,Hadjam,Hadjam,a,,,4.5,514,131,0.0,516,180,0.0,487,186,0,0,0,0,0,314,455,0.0,0.0,0.0,0.0,0.0,487,186,,,463,183,463,183,420,176,469,181,,,,,,,,0.0,0.0,0.0,0.0,0.0,0.0,0.0,0.0,0.0,3,0,0.0,0.0,0.0,0.0,0.0,0.0,0.0,0.0,0.0,0.0,0.0,0.0,0.0,0.0,320.0,456.0,0.0,0.0,0.0,0.0,0.0,0.0,0.0,0.0,0.0,0.0,0.0,0.0,0.0
624,Amario,Cozier-Duberry,Cozier-Duberry,u,Has joined Middlesbrough on loan for the rest of the season,,5.0,333,200,0.0,653,291,0.0,591,247,0,0,0,0,0,0,37,0.0,0.0,0.0,0.0,0.0,591,247,0.0,0.0,576,240,583,246,562,230,583,243,,,,,,,,0.0,0.0,0.0,0.0,0.0,0.0,0.0,0.0,0.0,3,0,0.0,0.0,0.0,0.0,0.0,0.0,0.0,0.0,0.0,0.0,0.0,0.0,0.0,0.0,0.0,37.0,0.0,0.0,0.0,0.0,0.0,0.0,0.0,0.0,0.0,0.0,0.0,0.0,0.0
639,José María,Andrés Baixauli,Andrés,a,,,5.5,184,115,0.0,616,263,0.0,631,275,0,0,0,0,0,415,144,0.0,0.0,2.0,2.0,0.0,631,275,,,624,274,629,275,622,271,628,274,,,,,,,,0.0,0.0,0.0,0.0,0.0,0.0,0.0,0.0,0.0,3,0,0.0,0.0,0.0,0.0,0.0,0.0,0.0,0.0,0.0,0.0,0.0,0.0,0.0,0.0,419.0,145.0,0.0,0.0,0.0,0.0,0.0,0.0,0.0,0.0,0.0,0.0,0.0,0.0,0.0
652,Femi,Azeez,Azeez,d,Hamstring injury - 50% chance of playing,,5.5,161,97,0.0,638,279,0.0,628,272,0,0,0,0,0,97,43,0.0,0.0,1.0,0.0,0.0,628,272,50.0,0.0,619,269,625,271,617,266,625,271,,,,,,,,0.0,0.0,0.0,0.0,0.0,0.0,0.0,0.0,0.0,3,0,0.0,0.0,0.0,0.0,0.0,0.0,0.0,0.0,0.0,0.0,0.0,0.0,0.0,0.0,99.0,45.0,0.0,0.0,0.0,0.0,0.0,0.0,0.0,0.0,0.0,0.0,0.0,0.0,0.0
28,Emiliano,Martínez Romero,Martinez,a,,,5.0,242,6,5.0,72,11,1.7,203,18,3,0,0,0,0,84532,37354,0.3,1.0,1.7,1.7,2.5,161,14,,,14,2,169,1,506,57,88,1,,,,,,,,0.0,0.0,0.0,1.73,6.0,0.0,2.5,1.0,0.0,3,3,90.0,0.0,0.0,0.0,2.0,0.0,0.0,0.0,0.0,0.0,8.0,1.0,0.0,26.0,84882.0,37718.0,0.0,0.0,0.0,0.0,2.05,63.2,0.0,0.0,6.300000000000001,0.0,0.0,8.0,0.0
40,Morgan,Rogers,Rogers,a,,,7.6,16,10,31.0,7,3,6.3,30,13,6,1,-1,1,-1,698149,94950,0.8,2.5,6.3,6.3,6.3,32,14,,,9,6,5,5,33,19,7,5,3.0,,,,,,,0.41,0.4,0.81,1.65,0.0,0.0,2.45,1.05,5.95,3,6,86.0,1.0,0.0,0.0,2.0,0.0,0.0,0.0,1.0,0.0,0.0,1.0,0.0,22.0,699408.0,98338.0,0.0,0.07999999999999985,0.029999999999999805,0.10999999999999988,2.0500000000000003,30.200000000000003,13.599999999999994,16.0,6.0,0.0,0.0,5.0,5.0
101,Jordan,Henderson,Henderson,d,Wrist injury - 75% chance of playing,,4.9,364,220,0.0,541,221,0.0,529,210,0,-1,1,-1,1,126,429,0.0,0.0,0.0,0.0,0.0,529,210,75.0,75.0,506,197,506,205,465,174,512,201,,,,,,,,0.0,0.0,0.0,0.0,0.0,0.0,0.0,0.0,0.0,3,0,0.0,0.0,0.0,0.0,0.0,0.0,0.0,0.0,0.0,0.0,0.0,0.0,0.0,0.0,126.0,433.0,0.0,0.0,0.0,0.0,0.0,0.0,0.0,0.0,0.0,0.0,0.0,0.0,0.0
136,Danny,Welbeck,Welbeck,a,,,5.9,84,21,0.8,214,35,0.3,379,44,1,0,0,-1,1,5439,10090,0.1,0.2,0.3,0.3,1.0,354,41,100.0,100.0,629,70,344,43,287,41,360,42,,,,,,,,0.0,0.0,0.0,0.0,0.0,0.0,0.0,0.0,0.0,3,1,3.0,0.0,0.0,0.0,0.0,0.0,0.0,0.0,0.0,0.0,0.0,0.0,0.0,3.0,5478.0,10196.0,0.0,0.0,0.0,0.0,0.0,0.0,0.3,2.0,0.2,0.0,0.0,0.0,0.0
107,Kaye,Furo,Furo,a,,,4.5,543,74,1.1,178,27,0.0,510,55,0,0,0,0,0,14610,10709,0.0,0.0,0.0,0.0,0.0,510,55,,,487,48,486,53,444,50,493,52,,,,,,,,0.0,0.0,0.0,0.0,0.0,0.0,0.0,0.0,0.0,3,0,0.0,0.0,0.0,0.0,0.0,0.0,0.0,0.0,0.0,0.0,0.0,0.0,0.0,0.0,14812.0,10812.0,0.0,0.0,0.0,0.0,0.0,0.0,0.0,0.0,0.0,0.0,0.0,0.0,0.0
140,Robert,Lynch Sánchez,Sánchez,u,Has joined Como on loan for the rest of the season,,4.9,377,19,1.0,193,30,0.7,298,21,0,0,0,-1,1,0,33756,0.1,0.4,0.0,0.0,2.0,198,18,0.0,0.0,214,22,514,54,475,53,288,22,,,,,,,,0.0,0.01,0.01,1.33,4.0,0.0,2.0,1.0,0.0,3,0,0.0,0.0,0.0,0.0,0.0,0.0,0.0,0.0,0.0,0.0,0.0,0.0,0.0,0.0,0.0,34346.0,0.0,0.0,0.0,0.0,0.0,0.0,0.0,0.0,0.0,0.0,0.0,0.0,0.0
141,Filip,Jörgensen,Jörgensen,u,Has joined RC Strasbourg on loan for the rest of the season,,5.0,327,16,0.0,606,70,0.0,590,71,0,0,0,0,0,0,84,0.0,0.0,0.0,0.0,0.0,590,71,0.0,0.0,575,71,582,67,560,67,582,71,,,,,,,,0.0,0.0,0.0,0.0,0.0,0.0,0.0,0.0,0.0,3,0,0.0,0.0,0.0,0.0,0.0,0.0,0.0,0.0,0.0,0.0,0.0,0.0,0.0,0.0,0.0,85.0,0.0,0.0,0.0,0.0,0.0,0.0,0.0,0.0,0.0,0.0,0.0,0.0,0.0
142,Reece,James,James,a,,,5.4,201,26,7.8,54,22,0.7,316,116,1,-1,1,-1,1,37555,65499,0.1,0.4,0.7,0.7,0.7,378,133,,,162,75,118,34,87,19,124,47,1.0,1.0,,,,,,0.08,0.05,0.13,1.57,0.0,0.0,2.23,0.89,4.01,3,1,90.0,0.0,0.0,0.0,2.0,0.0,0.0,0.0,0.0,0.0,0.0,1.0,0.0,9.0,37661.0,67081.0,0.0,0.07,0.04999999999999999,0.11999999999999997,2.05,12.599999999999998,15.000000000000004,13.0,4.1000000000000005,0.0,3.0,6.0,3.0
143,Trevoh,Chalobah,Chalobah,u,Has joined Como permanently,,5.5,130,14,0.1,450,160,0.0,622,212,0,0,0,0,0,0,1109,0.0,0.0,0.0,0.0,0.0,622,212,0.0,0.0,613,212,618,212,608,211,619,212,,,,,,,,0.0,0.0,0.0,0.0,0.0,0.0,0.0,0.0,0.0,3,0,0.0,0.0,0.0,0.0,0.0,0.0,0.0,0.0,0.0,0.0,0.0,0.0,0.0,0.0,0.0,1121.0,0.0,0.0,0.0,0.0,0.0,0.0,0.0,0.0,0.0,0.0,0.0,0.0,0.0
144,Malo,Gusto,Gusto,a,,,5.0,306,53,1.1,179,70,1.0,260,98,1,0,0,0,0,5600,10489,0.2,0.6,1.0,1.0,1.0,317,125,,,227,95,196,65,214,73,246,94,,,,,,,,0.02,0.02,0.04,1.23,0.0,0.0,2.31,0.92,4.62,3,1,30.0,0.0,0.0,0.0,0.0,0.0,0.0,0.0,0.0,0.0,0.0,0.0,0.0,4.0,5638.0,10614.0,0.0,0.04,0.010000000000000002,0.049999999999999996,0.14000000000000012,3.0,3.4000000000000004,1.0,0.6999999999999997,2.0,0.0,2.0,2.0
145,Wesley,Fofana,Fofana,a,,,5.0,291,49,0.1,374,142,1.0,258,97,3,0,0,0,0,6044,1470,0.2,0.6,1.0,1.0,1.5,241,87,100.0,100.0,80,40,148,48,536,201,155,60,,,,,,,,0.0,0.03,0.03,1.9,0.0,0.0,2.29,1.15,14.9,3,3,90.0,0.0,0.0,0.0,2.0,0.0,0.0,0.0,0.0,0.0,0.0,1.0,0.0,16.0,6052.0,1474.0,0.0,0.0,0.04,0.04,2.05,39.800000000000004,22.8,0.0,6.300000000000001,3.0,14.0,3.0,17.0
146,Benoît,Badiashile Mukinayi,B.Badiashile,u,Has joined Napoli on loan for the rest of the season,,4.5,475,110,0.0,596,202,0.0,467,178,0,0,0,0,0,0,196,0.0,0.0,0.0,0.0,0.0,467,178,0.0,0.0,443,175,441,175,391,163,449,173,,,,,,,,0.0,0.0,0.0,0.0,0.0,0.0,0.0,0.0,0.0,3,0,0.0,0.0,0.0,0.0,0.0,0.0,0.0,0.0,0.0,0.0,0.0,0.0,0.0,0.0,0.0,198.0,0.0,0.0,0.0,0.0,0.0,0.0,0.0,0.0,0.0,0.0,0.0,0.0,0.0
148,Jorrel,Hato,Hato,a,,,4.5,526,136,0.9,202,78,2.7,128,52,3,0,0,0,0,36440,11224,0.6,1.8,2.7,2.7,2.7,145,59,,,46,19,75,17,167,58,77,19,,,,,,,,0.0,0.05,0.05,1.85,0.0,0.0,2.96,1.27,6.34,3,3,59.0,0.0,1.0,0.0,2.0,0.0,0.0,0.0,0.0,0.0,0.0,1.0,0.0,5.0,36568.0,11292.0,0.0,0.0,0.020000000000000004,0.01999999999999999,1.9100000000000001,34.800000000000004,11.200000000000003,2.0,4.799999999999999,2.0,4.0,2.0,6.0
149,Levi,Samuels Colwill,Colwill,a,,,4.9,395,73,1.1,177,69,0.3,352,130,0,-1,1,-1,1,3776,16269,0.1,0.2,0.3,0.3,0.5,382,134,,,223,94,281,100,210,72,267,101,,,,,,,,0.01,0.02,0.03,1.48,0.0,0.0,2.24,1.12,7.27,3,0,0.0,0.0,0.0,0.0,0.0,0.0,0.0,0.0,0.0,0.0,0.0,0.0,0.0,0.0,3817.0,16561.0,0.0,0.0,0.0,0.0,0.0,0.0,0.0,0.0,0.0,0.0,0.0,0.0,0.0
150,Mamadou,Sarr,M.Sarr,u,Has joined Real Sociedad on loan for the rest of the season,,4.5,535,138,0.0,527,184,0.0,505,191,0,0,0,0,0,0,810,0.0,0.0,0.0,0.0,0.0,505,191,0.0,0.0,482,188,481,188,439,181,488,186,,,,,,,,0.0,0.0,0.0,0.0,0.0,0.0,0.0,0.0,0.0,3,0,0.0,0.0,0.0,0.0,0.0,0.0,0.0,0.0,0.0,0.0,0.0,0.0,0.0,0.0,0.0,819.0,0.0,0.0,0.0,0.0,0.0,0.0,0.0,0.0,0.0,0.0,0.0,0.0,0.0
151,Josh,Acheampong,Acheampong,a,,,4.5,538,140,0.4,277,101,1.7,201,76,1,0,0,0,0,4085,3258,0.4,1.1,1.7,1.7,1.7,229,85,,,143,65,245,84,224,78,224,86,,,,,,,,0.0,0.01,0.01,1.57,0.0,0.0,2.23,0.89,8.47,3,1,90.0,0.0,0.0,0.0,2.0,0.0,0.0,0.0,0.0,0.0,0.0,1.0,0.0,-3.0,4101.0,3301.0,0.0,0.0,0.01,0.01,2.05,2.200000000000003,1.7999999999999998,4.0,0.7999999999999998,0.0,1.0,1.0,1.0
152,Marco,Palestra,Palestra,d,Unspecified injury - 75% chance of playing,,5.4,234,32,1.0,188,72,0.0,620,211,0,0,0,-1,1,380,25988,0.0,0.0,0.0,0.0,0.0,620,211,75.0,75.0,611,211,614,211,603,210,617,211,,,,,,,,0.0,0.0,0.0,0.0,0.0,0.0,0.0,0.0,0.0,3,0,0.0,0.0,0.0,0.0,0.0,0.0,0.0,0.0,0.0,0.0,0.0,0.0,0.0,0.0,386.0,26871.0,0.0,0.0,0.0,0.0,0.0,0.0,0.0,0.0,0.0,0.0,0.0,0.0,0.0
154,Cole,Palmer,Palmer,a,,,9.7,3,2,24.5,10,6,7.0,24,10,1,1,-1,2,-2,572439,83475,0.7,2.2,7.0,7.0,7.0,25,11,100.0,100.0,6,5,24,21,6,3,3,3,,2.0,1.0,,,,,0.36,0.12,0.48,1.61,0.0,0.0,2.4,1.03,6.87,3,1,90.0,0.0,0.0,0.0,2.0,0.0,0.0,0.0,1.0,0.0,0.0,1.0,0.0,11.0,576333.0,85818.0,0.0,0.1100000000000001,0.03999999999999998,0.1499999999999999,2.0500000000000003,7.0,15.800000000000011,32.0,5.5,0.0,0.0,3.0,3.0
156,Pedro,Lomba Neto,Neto,a,,,6.5,37,25,1.4,159,48,3.3,107,48,2,0,0,0,0,19884,11983,0.5,1.5,3.3,3.3,3.3,118,50,,,93,34,54,44,50,32,45,32,2.0,3.0,,,,,,0.26,0.24,0.5,1.97,0.0,0.0,2.24,1.12,8.39,3,2,80.0,0.0,0.0,0.0,2.0,0.0,0.0,0.0,0.0,0.0,0.0,1.0,0.0,10.0,19973.0,12115.0,0.0,0.02999999999999997,0.02999999999999997,0.06000000000000005,2.05,6.200000000000003,23.8,14.0,4.400000000000002,1.0,2.0,4.0,7.0
157,Estêvão,Almeida de Oliveira Gonçalves,Estêvão,a,,,6.4,50,34,0.8,215,67,0.7,331,153,1,0,0,-1,1,3086,10644,0.1,0.3,0.7,0.7,1.0,366,171,,,325,147,315,156,140,72,284,126,4.0,,2.0,,,,,0.22,0.0,0.22,0.51,0.0,0.0,0.0,0.0,5.62,3,1,9.0,0.0,0.0,0.0,0.0,0.0,0.0,0.0,0.0,0.0,0.0,0.0,0.0,5.0,3097.0,10809.0,0.0,0.04,0.0,0.04,0.0,3.1999999999999997,0.4,17.0,2.1,0.0,0.0,0.0,0.0
159,Moisés,Caicedo Corozo,Caicedo,d,Calf injury - 75% chance of playing,,5.4,221,139,1.6,148,45,0.3,372,173,0,0,0,-1,1,1261,33656,0.1,0.2,0.2,0.2,1.0,337,152,75.0,75.0,604,258,353,176,595,253,610,260,,,,,,,,0.0,0.0,0.0,0.48,0.0,0.0,0.0,0.0,0.0,3,0,0.0,0.0,0.0,0.0,0.0,0.0,0.0,0.0,0.0,0.0,0.0,0.0,0.0,0.0,1274.0,34186.0,0.0,0.0,0.0,0.0,0.0,0.0,0.0,0.0,0.0,0.0,0.0,0.0,0.0
161,Roméo,Lavia,Lavia,a,,,5.0,330,197,0.2,325,117,3.0,118,49,1,0,0,0,0,5682,3030,0.6,1.8,3.0,3.0,3.0,133,54,,,84,27,147,87,35,20,59,39,,,,,,,,0.36,0.02,0.38,2.0,0.0,0.0,2.84,1.42,10.42,3,1,59.0,0.0,0.0,0.0,2.0,0.0,0.0,0.0,0.0,0.0,0.0,1.0,0.0,7.0,5774.0,3053.0,0.0,0.0,0.010000000000000002,0.010000000000000009,1.9099999999999997,5.799999999999997,1.5,0.0,0.7000000000000011,1.0,2.0,3.0,6.0
134,Nehemiah,Oriola,Oriola,a,,,4.5,529,275,0.3,308,107,0.0,500,195,0,0,0,0,0,1736,2406,0.0,0.0,0.0,0.0,0.0,500,195,,,476,182,476,190,433,159,482,186,,,,,,,,0.0,0.0,0.0,0.0,0.0,0.0,0.0,0.0,0.0,3,0,0.0,0.0,0.0,0.0,0.0,0.0,0.0,0.0,0.0,0.0,0.0,0.0,0.0,0.0,1759.0,2427.0,0.0,0.0,0.0,0.0,0.0,0.0,0.0,0.0,0.0,0.0,0.0,0.0,0.0
163,Dário,Luís Essugo,D.Essugo,u,Has joined RC Strasbourg on loan for the rest of the season,,4.5,505,268,0.1,398,149,0.0,478,188,0,0,0,0,0,0,3318,0.0,0.0,0.0,0.0,0.0,478,188,0.0,0.0,454,175,454,183,411,152,460,179,,,,,,,,0.0,0.0,0.0,0.0,0.0,0.0,0.0,0.0,0.0,3,0,0.0,0.0,0.0,0.0,0.0,0.0,0.0,0.0,0.0,0.0,0.0,0.0,0.0,0.0,0.0,3361.0,0.0,0.0,0.0,0.0,0.0,0.0,0.0,0.0,0.0,0.0,0.0,0.0,0.0
164,Geovany,Quenda,Quenda,a,,,5.4,233,148,0.0,528,215,0.3,376,176,0,0,0,-1,1,130,479,0.1,0.2,0.3,0.3,1.0,342,156,100.0,100.0,350,162,342,169,283,136,343,158,,,,,,,,0.0,0.0,0.0,1.01,0.0,0.0,0.0,0.0,11.25,3,0,0.0,0.0,0.0,0.0,0.0,0.0,0.0,0.0,0.0,0.0,0.0,0.0,0.0,0.0,132.0,485.0,0.0,0.0,0.0,0.0,0.0,0.0,0.0,0.0,0.0,0.0,0.0,0.0,0.0
165,João Pedro,Junqueira de Jesus,João Pedro,a,,,7.7,15,5,72.9,1,1,7.0,22,3,1,0,0,2,-2,270099,83755,0.9,2.7,7.0,7.0,7.0,23,3,,,10,3,30,1,15,7,12,3,,,,,,,,0.63,0.05,0.68,1.6,0.0,0.0,2.33,1.0,2.33,3,1,90.0,0.0,0.0,0.0,2.0,0.0,0.0,0.0,1.0,0.0,0.0,1.0,0.0,8.0,272798.0,86834.0,0.0,0.019999999999999796,0.04999999999999999,0.06999999999999984,2.05,0.0,28.799999999999997,9.0,3.6999999999999993,0.0,0.0,1.0,1.0
168,Marc,Guiu Paz,Marc Guiu,u,Has joined RB Leipzig permanently,,5.0,321,58,0.3,316,51,0.0,587,64,0,0,0,0,0,0,6882,0.0,0.0,0.0,0.0,0.0,587,64,0.0,0.0,572,57,579,62,557,59,579,61,,,,,,,,0.0,0.0,0.0,0.0,0.0,0.0,0.0,0.0,0.0,3,0,0.0,0.0,0.0,0.0,0.0,0.0,0.0,0.0,0.0,0.0,0.0,0.0,0.0,0.0,0.0,6964.0,0.0,0.0,0.0,0.0,0.0,0.0,0.0,0.0,0.0,0.0,0.0,0.0,0.0
170,Emmanuel,Emegha,Emegha,d,Hamstring injury - 75% chance of playing,,5.0,326,59,0.1,369,56,0.0,589,65,0,0,0,0,0,1693,2197,0.0,0.0,0.0,0.0,0.0,589,65,75.0,100.0,574,58,581,63,559,60,581,62,,,,,,,,0.0,0.0,0.0,0.0,0.0,0.0,0.0,0.0,0.0,3,0,0.0,0.0,0.0,0.0,0.0,0.0,0.0,0.0,0.0,0.0,0.0,0.0,0.0,0.0,1713.0,2217.0,0.0,0.0,0.0,0.0,0.0,0.0,0.0,0.0,0.0,0.0,0.0,0.0,0.0
560,Mike,Penders,Penders,a,,,4.5,524,47,0.1,479,54,0.0,496,63,0,0,0,0,0,217,586,0.0,0.0,0.0,0.0,0.0,496,63,,,472,63,472,49,429,48,478,63,,,,,,,,0.0,0.0,0.0,0.0,0.0,0.0,0.0,0.0,0.0,3,0,0.0,0.0,0.0,0.0,0.0,0.0,0.0,0.0,0.0,0.0,0.0,0.0,0.0,0.0,217.0,590.0,0.0,0.0,0.0,0.0,0.0,0.0,0.0,0.0,0.0,0.0,0.0,0.0,0.0
561,Aaron,Anselmino,Anselmino,a,,,4.5,555,145,0.0,568,193,0.0,519,195,0,0,0,0,0,167,159,0.0,0.0,0.0,0.0,0.0,519,195,100.0,100.0,496,192,495,192,454,186,502,190,,,,,,,,0.0,0.0,0.0,0.0,0.0,0.0,0.0,0.0,0.0,3,0,0.0,0.0,0.0,0.0,0.0,0.0,0.0,0.0,0.0,0.0,0.0,0.0,0.0,0.0,169.0,162.0,0.0,0.0,0.0,0.0,0.0,0.0,0.0,0.0,0.0,0.0,0.0,0.0,0.0
568,Valentín,Barco,Barco,a,,,5.5,174,108,0.1,388,142,0.3,377,177,0,0,0,0,0,595,1090,0.1,0.2,0.3,0.3,1.0,349,160,,,621,271,627,273,246,117,359,168,,,,,,,,0.45,0.0,0.45,0.79,0.0,0.0,11.25,0.0,11.25,3,0,0.0,0.0,0.0,0.0,0.0,0.0,0.0,0.0,0.0,0.0,0.0,0.0,0.0,0.0,599.0,1102.0,0.0,0.0,0.0,0.0,0.0,0.0,0.0,0.0,0.0,0.0,0.0,0.0,0.0
583,Pep,Chavarría,Chavarria,a,,,4.9,401,75,0.2,359,136,1.0,255,96,1,-1,1,-1,1,458,1566,0.2,0.6,1.0,1.0,1.0,300,120,,,262,109,268,94,225,79,294,109,,,,,,,,0.0,0.02,0.02,0.63,0.0,0.0,1.23,0.0,7.4,3,1,30.0,0.0,0.0,0.0,0.0,0.0,0.0,0.0,0.0,0.0,0.0,0.0,0.0,2.0,458.0,1594.0,0.0,0.0,0.0,0.0,0.14,2.3999999999999986,2.0,4.0,0.8,1.0,1.0,1.0,2.0
91,Ethan,Pinnock,Pinnock,a,,,4.5,470,107,0.1,470,167,1.3,219,81,3,0,0,0,0,471,536,0.3,0.9,1.3,1.3,2.0,193,76,,,212,91,318,120,222,76,266,100,,,,,,,,0.1,0.0,0.1,2.35,0.0,0.0,1.76,0.88,13.24,3,3,90.0,0.0,0.0,0.0,1.0,0.0,0.0,0.0,1.0,0.0,0.0,1.0,0.0,3.0,473.0,549.0,0.0,0.11,0.0,0.11,2.12,18.2,0.0,6.0,2.4,1.0,12.0,2.0,13.0
110,Carl,Rushworth,Rushworth,a,,,4.5,498,41,0.9,198,31,1.7,200,17,2,0,0,0,0,3568,11174,0.4,1.1,1.7,1.7,1.7,228,19,,,137,17,452,45,406,42,239,17,,,,,,,,0.0,0.0,0.0,1.57,1.67,0.0,1.67,1.0,0.0,3,2,90.0,0.0,0.0,0.0,1.0,0.0,0.0,0.0,0.0,0.0,2.0,1.0,0.0,13.0,3600.0,11415.0,0.0,0.0,0.0,0.0,2.1199999999999997,18.8,0.0,0.0,1.9000000000000004,0.0,1.0,9.0,0.0
171,Oliver,Dovin,Dovin,u,Has joined Leyton Orient on loan for the rest of the season,,4.0,625,68,1.2,171,25,0.0,418,42,0,0,0,0,0,0,13517,0.0,0.0,0.0,0.0,0.0,418,42,0.0,0.0,393,42,388,23,330,20,399,42,,,,,,,,0.0,0.0,0.0,0.0,0.0,0.0,0.0,0.0,0.0,3,0,0.0,0.0,0.0,0.0,0.0,0.0,0.0,0.0,0.0,0.0,0.0,0.0,0.0,0.0,0.0,13702.0,0.0,0.0,0.0,0.0,0.0,0.0,0.0,0.0,0.0,0.0,0.0,0.0,0.0
172,Ben,Wilson,Wilson,a,,,4.5,437,29,0.4,279,37,0.0,452,50,0,0,0,0,0,189,1608,0.0,0.0,0.0,0.0,0.0,452,50,,,427,50,424,33,373,30,433,50,,,,,,,,0.0,0.0,0.0,0.0,0.0,0.0,0.0,0.0,0.0,3,0,0.0,0.0,0.0,0.0,0.0,0.0,0.0,0.0,0.0,0.0,0.0,0.0,0.0,0.0,193.0,1636.0,0.0,0.0,0.0,0.0,0.0,0.0,0.0,0.0,0.0,0.0,0.0,0.0,0.0
173,Bobby,Thomas,Thomas,a,,,4.0,621,185,8.9,47,18,5.0,46,19,4,0,0,0,0,94641,59344,1.2,3.8,5.0,5.0,5.0,50,21,,,74,37,117,33,109,32,91,24,,,,,,,,0.08,0.07,0.15,1.46,0.0,0.35,1.4,1.05,10.86,3,4,90.0,0.0,0.0,0.0,1.0,0.0,0.0,0.0,0.0,0.0,0.0,1.0,0.0,19.0,95491.0,60095.0,0.0,0.22,0.17,0.39,2.1199999999999997,20.599999999999994,20.800000000000004,24.0,6.500000000000001,1.0,11.0,3.0,12.0
174,Liam,Kitching,Kitching,u,Has joined Sheffield United on loan for the rest of the season,,4.0,614,180,0.4,263,96,0.0,411,145,0,0,0,0,0,0,7841,0.0,0.0,0.0,0.0,0.0,411,145,0.0,0.0,386,141,381,141,323,123,392,139,,,,,,,,0.0,0.0,0.0,0.0,0.0,0.0,0.0,0.0,0.0,3,0,0.0,0.0,0.0,0.0,0.0,0.0,0.0,0.0,0.0,0.0,0.0,0.0,0.0,0.0,0.0,7977.0,0.0,0.0,0.0,0.0,0.0,0.0,0.0,0.0,0.0,0.0,0.0,0.0,0.0
175,Milan,van Ewijk,van Ewijk,a,,,4.0,619,183,10.9,42,16,2.0,169,66,3,0,0,0,0,22608,98146,0.5,1.5,2.0,2.0,2.0,186,71,,,138,62,87,22,190,65,137,52,,,,,,,,0.0,0.09,0.09,1.57,0.0,0.0,1.67,1.0,6.67,3,3,90.0,0.0,0.0,0.0,1.0,0.0,0.0,0.0,1.0,0.0,0.0,1.0,0.0,5.0,22892.0,99399.0,0.0,0.0,0.06,0.06,2.1199999999999997,16.799999999999997,5.200000000000003,2.0,2.4000000000000004,3.0,8.0,4.0,11.0
176,Jay,Dasilva,Dasilva,a,,,4.0,599,168,0.7,219,84,1.7,197,73,2,0,0,0,0,1623,3229,0.4,1.2,1.7,1.7,1.7,227,84,,,114,54,141,46,132,40,133,49,,,,,,,,0.06,0.05,0.11,1.61,0.0,0.0,1.7,1.02,5.45,3,2,84.0,0.0,0.0,0.0,1.0,0.0,0.0,0.0,0.0,0.0,0.0,1.0,0.0,10.0,1642.0,3294.0,0.0,0.0,0.07999999999999999,0.08000000000000002,2.1199999999999997,21.799999999999997,14.9,0.0,3.7,2.0,5.0,3.0,7.0
177,Kaine,Kesler-Hayden,Kesler-Hayden,i,Hamstring injury - Unknown return date,,4.0,623,186,0.0,511,177,0.0,416,147,0,0,0,0,0,88,494,0.0,0.0,0.0,0.0,0.0,416,147,0.0,0.0,391,143,386,143,328,125,397,141,,,,,,,,0.0,0.0,0.0,0.0,0.0,0.0,0.0,0.0,0.0,3,0,0.0,0.0,0.0,0.0,0.0,0.0,0.0,0.0,0.0,0.0,0.0,0.0,0.0,0.0,90.0,499.0,0.0,0.0,0.0,0.0,0.0,0.0,0.0,0.0,0.0,0.0,0.0,0.0,0.0
137,Stefanos,Tzimas,Tzimas,i,Knee injury - Unknown return date,,5.5,185,42,0.0,618,77,0.0,632,74,0,0,0,0,0,60,112,0.0,0.0,0.0,0.0,0.0,632,74,0.0,0.0,625,68,630,73,623,71,629,72,,,,,,,,0.0,0.0,0.0,0.0,0.0,0.0,0.0,0.0,0.0,3,0,0.0,0.0,0.0,0.0,0.0,0.0,0.0,0.0,0.0,0.0,0.0,0.0,0.0,0.0,61.0,113.0,0.0,0.0,0.0,0.0,0.0,0.0,0.0,0.0,0.0,0.0,0.0,0.0,0.0
200,Maxence,Lacroix,Lacroix,a,,,6.0,71,7,8.1,52,20,3.0,124,49,2,0,0,0,0,41685,57860,0.5,1.5,3.0,3.0,3.0,140,56,,,34,11,210,73,195,67,121,46,,,,,,,,0.01,0.07,0.08,1.6,0.0,0.0,2.33,1.0,10.67,3,2,90.0,0.0,0.0,0.0,2.0,0.0,0.0,0.0,1.0,0.0,0.0,1.0,0.0,3.0,41774.0,58858.0,0.0,0.0,0.009999999999999981,0.010000000000000009,2.05,26.0,1.299999999999999,2.0,2.9000000000000004,2.0,9.0,2.0,11.0
179,Joel,Latibeaudiere,Latibeaudiere,a,,,4.0,603,172,0.0,517,181,0.0,404,141,0,0,0,0,0,203,255,0.0,0.0,0.0,0.0,0.0,404,141,,,379,137,374,137,316,119,385,135,,,,,,,,0.0,0.0,0.0,0.0,0.0,0.0,0.0,0.0,0.0,3,0,0.0,0.0,0.0,0.0,0.0,0.0,0.0,0.0,0.0,0.0,0.0,0.0,0.0,0.0,208.0,258.0,0.0,0.0,0.0,0.0,0.0,0.0,0.0,0.0,0.0,0.0,0.0,0.0,0.0
180,Luke,Woolfenden,Woolfenden,i,Knee injury - Unknown return date,,4.0,608,176,0.1,391,146,0.0,407,143,0,0,0,0,0,267,1374,0.0,0.0,0.0,0.0,0.0,407,143,0.0,0.0,382,139,377,139,319,121,388,137,,,,,,,,0.0,0.0,0.0,0.0,0.0,0.0,0.0,0.0,0.0,3,0,0.0,0.0,0.0,0.0,0.0,0.0,0.0,0.0,0.0,0.0,0.0,0.0,0.0,0.0,269.0,1388.0,0.0,0.0,0.0,0.0,0.0,0.0,0.0,0.0,0.0,0.0,0.0,0.0,0.0
181,Miguel,Brau,Brau,u,Has joined Academico de Viseu on loan for the rest of the season,,4.0,645,205,0.0,550,188,0.0,434,162,0,0,0,0,0,0,335,0.0,0.0,0.0,0.0,0.0,434,162,0.0,0.0,409,158,404,158,348,142,415,156,,,,,,,,0.0,0.0,0.0,0.0,0.0,0.0,0.0,0.0,0.0,3,0,0.0,0.0,0.0,0.0,0.0,0.0,0.0,0.0,0.0,0.0,0.0,0.0,0.0,0.0,0.0,341.0,0.0,0.0,0.0,0.0,0.0,0.0,0.0,0.0,0.0,0.0,0.0,0.0,0.0
182,Aurèle,Amenda,Amenda,a,,,4.0,635,195,0.8,218,83,1.3,216,78,2,0,0,0,0,2511,4005,0.3,1.0,1.3,1.3,1.3,249,88,,,133,60,244,83,182,62,207,80,,,,,,,,0.01,0.13,0.14,1.57,0.0,0.0,1.67,1.0,5.33,3,2,90.0,0.0,0.0,0.0,1.0,0.0,0.0,0.0,0.0,0.0,0.0,1.0,0.0,4.0,2538.0,4056.0,0.0,0.0,0.34,0.33999999999999997,2.1199999999999997,4.399999999999999,1.3000000000000003,6.0,1.1999999999999993,1.0,2.0,6.0,3.0
183,Jack,Rudoni,Rudoni,a,,,5.0,305,183,0.1,409,155,2.0,183,82,2,0,0,0,0,678,1229,0.4,1.2,2.0,2.0,2.0,206,89,100.0,100.0,197,77,42,36,53,34,64,42,5.0,1.0,,,,,,0.3,0.11,0.41,0.88,0.0,0.59,0.59,1.18,9.47,3,2,62.0,0.0,0.0,0.0,1.0,0.0,0.0,0.0,0.0,0.0,0.0,1.0,0.0,9.0,680.0,1257.0,0.0,0.29000000000000004,0.09,0.38000000000000006,1.17,14.4,28.5,33.0,7.6,1.0,2.0,2.0,5.0
184,Matt,Grimes,Grimes,a,,,5.0,253,158,0.1,370,133,2.0,179,78,2,0,0,0,0,385,1773,0.4,1.2,2.0,2.0,2.0,202,86,,,127,47,136,81,255,123,166,76,1.0,,3.0,,,,,0.02,0.02,0.04,1.57,0.0,0.0,1.67,1.0,8.33,3,2,90.0,0.0,0.0,0.0,1.0,0.0,0.0,0.0,0.0,0.0,0.0,1.0,0.0,8.0,388.0,1815.0,0.0,0.04,0.0,0.04000000000000001,2.1199999999999997,18.6,2.299999999999997,1.0,2.1999999999999993,5.0,3.0,0.0,8.0
185,Tatsuhiro,Sakamoto,Sakamoto,a,,,4.9,402,241,0.1,461,183,0.3,354,160,0,0,0,-1,1,167,822,0.1,0.2,0.3,0.3,1.0,301,126,,,297,128,234,124,212,106,296,132,,,,,,,,0.06,0.06,0.12,2.0,0.0,0.0,2.9,0.0,11.61,3,0,0.0,0.0,0.0,0.0,0.0,0.0,0.0,0.0,0.0,0.0,0.0,0.0,0.0,0.0,171.0,833.0,0.0,0.0,0.0,0.0,0.0,0.0,0.0,0.0,0.0,0.0,0.0,0.0,0.0
186,Ephron,Mason-Clark,Mason-Clark,a,,,5.4,204,128,0.1,429,166,1.0,266,119,2,0,0,-1,1,159,697,0.2,0.6,1.0,1.0,1.5,245,110,100.0,100.0,315,142,180,102,277,131,291,129,,,,,,,,0.0,0.04,0.04,0.84,0.0,0.0,0.71,1.42,6.38,3,2,70.0,0.0,0.0,0.0,1.0,0.0,0.0,0.0,0.0,0.0,0.0,1.0,0.0,4.0,161.0,720.0,0.0,0.0,0.0,0.0,1.17,0.0,0.8000000000000007,2.0,0.10000000000000009,0.0,2.0,3.0,5.0
188,Victor,Torp,Torp,a,,,5.4,202,126,0.1,404,151,0.7,317,145,0,0,0,-1,1,46,1094,0.1,0.4,0.7,0.7,1.0,331,149,,,288,124,171,97,590,250,275,119,2.0,2.0,2.0,,,,,0.0,0.23,0.23,1.93,0.0,0.0,1.91,0.0,5.74,3,0,0.0,0.0,0.0,0.0,0.0,0.0,0.0,0.0,0.0,0.0,0.0,0.0,0.0,0.0,47.0,1110.0,0.0,0.0,0.0,0.0,0.0,0.0,0.0,0.0,0.0,0.0,0.0,0.0,0.0
190,Loum,Tchaouna,Tchaouna,a,,,5.4,217,136,0.1,411,157,1.3,229,103,1,-1,1,-1,1,162,1020,0.2,0.7,1.3,1.3,1.3,256,115,,,235,95,63,47,98,53,132,66,3.0,,,,,,,0.1,0.1,0.2,1.48,0.0,0.0,1.63,1.08,8.13,3,1,27.0,0.0,0.0,0.0,0.0,0.0,0.0,0.0,0.0,0.0,0.0,0.0,0.0,9.0,163.0,1054.0,0.0,0.1,0.03,0.13,0.95,8.2,24.799999999999997,21.0,5.3999999999999995,0.0,0.0,1.0,1.0
191,Raphael,Borges Rodrigues,Borges Rodrigues,u,Has joined Burton Albion on loan for the rest of the season,,4.5,507,270,0.1,408,154,0.0,480,190,0,0,0,0,0,0,2540,0.0,0.0,0.0,0.0,0.0,480,190,0.0,0.0,456,177,456,185,413,154,462,181,,,,,,,,0.0,0.0,0.0,0.0,0.0,0.0,0.0,0.0,0.0,3,0,0.0,0.0,0.0,0.0,0.0,0.0,0.0,0.0,0.0,0.0,0.0,0.0,0.0,0.0,0.0,2561.0,0.0,0.0,0.0,0.0,0.0,0.0,0.0,0.0,0.0,0.0,0.0,0.0,0.0
192,Kai,Andrews,Andrews,u,Has joined Oxford United on loan for the rest of the season,,4.5,557,288,0.4,282,93,0.0,521,205,0,0,0,0,0,0,5817,0.0,0.0,0.0,0.0,0.0,521,205,0.0,0.0,498,192,497,200,456,169,504,196,,,,,,,,0.0,0.0,0.0,0.0,0.0,0.0,0.0,0.0,0.0,3,0,0.0,0.0,0.0,0.0,0.0,0.0,0.0,0.0,0.0,0.0,0.0,0.0,0.0,0.0,0.0,5902.0,0.0,0.0,0.0,0.0,0.0,0.0,0.0,0.0,0.0,0.0,0.0,0.0,0.0
193,Haji,Wright,Wright,i,Thigh injury - Unknown return date,,5.4,193,46,0.1,439,64,0.0,609,71,0,0,0,-1,1,106,1434,0.0,0.0,0.0,0.0,0.0,609,71,0.0,0.0,594,64,601,69,584,66,601,68,,,1.0,,,,,0.0,0.0,0.0,0.0,0.0,0.0,0.0,0.0,0.0,3,0,0.0,0.0,0.0,0.0,0.0,0.0,0.0,0.0,0.0,0.0,0.0,0.0,0.0,0.0,108.0,1449.0,0.0,0.0,0.0,0.0,0.0,0.0,0.0,0.0,0.0,0.0,0.0,0.0,0.0
194,Brandon,Thomas-Asante,Thomas-Asante,a,,,5.0,281,54,0.8,211,33,1.3,225,21,1,0,0,0,0,8366,9028,0.3,0.8,1.3,1.3,1.3,253,29,,,279,27,254,32,244,38,305,35,,,4.0,,,,,0.0,0.02,0.02,2.43,0.0,0.0,3.0,0.75,8.25,3,1,19.0,0.0,0.0,0.0,0.0,0.0,0.0,0.0,0.0,0.0,0.0,0.0,0.0,6.0,8458.0,9128.0,0.0,0.0,0.0,0.0,0.9500000000000002,2.2,0.2999999999999998,2.0,0.5,0.0,1.0,2.0,3.0
195,Ellis,Simms,Simms,a,,,5.0,272,52,0.8,212,34,1.0,257,29,1,0,0,0,0,4109,9739,0.2,0.6,1.0,1.0,1.5,240,27,,,283,28,154,15,82,19,194,20,,,,,,,,0.31,0.01,0.32,2.61,0.0,0.0,3.07,1.02,3.07,3,1,19.0,0.0,0.0,0.0,0.0,0.0,0.0,0.0,0.0,0.0,0.0,0.0,0.0,3.0,4153.0,9908.0,0.0,0.3,0.0,0.3,0.9499999999999997,5.0,10.0,35.0,5.0,0.0,0.0,0.0,0.0
158,Jamie,Bynoe-Gittens,Gittens,a,,,5.9,102,66,0.0,547,226,0.0,638,278,0,0,0,-1,1,213,379,0.0,0.0,0.0,0.0,0.0,638,278,,,635,279,637,279,634,277,637,279,,,,,,,,0.0,0.0,0.0,0.0,0.0,0.0,0.0,0.0,0.0,3,0,0.0,0.0,0.0,0.0,0.0,0.0,0.0,0.0,0.0,0.0,0.0,0.0,0.0,0.0,217.0,389.0,0.0,0.0,0.0,0.0,0.0,0.0,0.0,0.0,0.0,0.0,0.0,0.0,0.0
178,Jake,Bidwell,Bidwell,a,,,4.0,586,162,0.1,448,159,0.0,393,137,0,0,0,0,0,483,582,0.0,0.0,0.0,0.0,0.0,393,137,,,368,133,361,131,301,111,373,130,,,,,,,,0.0,0.0,0.0,0.0,0.0,0.0,0.0,0.0,0.0,3,0,0.0,0.0,0.0,0.0,0.0,0.0,0.0,0.0,0.0,0.0,0.0,0.0,0.0,0.0,488.0,590.0,0.0,0.0,0.0,0.0,0.0,0.0,0.0,0.0,0.0,0.0,0.0,0.0,0.0
187,Josh,Eccles,Eccles,i,Unspecified injury - Expected back 12 Oct,,4.9,390,235,0.0,589,247,0.0,543,219,0,0,0,-1,1,65,211,0.0,0.0,0.0,0.0,0.0,543,219,0.0,,522,207,522,215,484,186,529,212,,,,,,,,0.0,0.0,0.0,0.0,0.0,0.0,0.0,0.0,0.0,3,0,0.0,0.0,0.0,0.0,0.0,0.0,0.0,0.0,0.0,0.0,0.0,0.0,0.0,0.0,65.0,212.0,0.0,0.0,0.0,0.0,0.0,0.0,0.0,0.0,0.0,0.0,0.0,0.0,0.0
196,Jahnoah,Markelo,Markelo,u,Has joined Shabab Al-Ahli Dubai permanently,,5.0,345,61,0.0,611,76,0.0,597,66,0,0,0,0,0,0,101,0.0,0.0,0.0,0.0,0.0,597,66,0.0,0.0,582,59,589,64,569,61,589,63,,,,,,,,0.0,0.0,0.0,0.0,0.0,0.0,0.0,0.0,0.0,3,0,0.0,0.0,0.0,0.0,0.0,0.0,0.0,0.0,0.0,0.0,0.0,0.0,0.0,0.0,0.0,103.0,0.0,0.0,0.0,0.0,0.0,0.0,0.0,0.0,0.0,0.0,0.0,0.0,0.0
197,Norman,Bassette,Bassette,u,Has joined KVC Westerlo on loan for the rest of the season,,4.5,523,70,0.0,548,74,0.0,495,52,0,0,0,0,0,0,289,0.0,0.0,0.0,0.0,0.0,495,52,0.0,0.0,471,44,471,50,428,46,477,48,,,,,,,,0.0,0.0,0.0,0.0,0.0,0.0,0.0,0.0,0.0,3,0,0.0,0.0,0.0,0.0,0.0,0.0,0.0,0.0,0.0,0.0,0.0,0.0,0.0,0.0,0.0,290.0,0.0,0.0,0.0,0.0,0.0,0.0,0.0,0.0,0.0,0.0,0.0,0.0,0.0
492,Taiwo,Awoniyi,Awoniyi,a,,,5.5,140,36,0.7,231,38,1.7,212,19,2,0,0,0,0,5042,6763,0.3,0.9,1.7,1.7,1.7,237,26,,,248,23,109,10,31,11,95,14,,,5.0,,,,,0.62,0.02,0.64,1.09,0.0,0.0,1.0,1.0,4.5,3,2,70.0,0.0,0.0,0.0,1.0,0.0,0.0,0.0,0.0,0.0,0.0,1.0,0.0,6.0,5069.0,6922.0,0.0,0.30999999999999994,0.0,0.31000000000000005,1.1700000000000002,3.5999999999999996,10.299999999999997,3.0,1.6999999999999993,0.0,2.0,3.0,5.0
575,Caleb,Yirenkyi,Yirenkyi,a,,,4.9,420,256,0.2,350,126,1.7,202,92,1,-1,1,-1,1,458,2247,0.3,1.0,1.7,1.7,1.7,230,101,,,266,111,172,98,213,107,257,112,,,,,,,,0.02,0.07,0.09,1.44,0.0,0.57,1.71,1.14,9.11,3,1,27.0,0.0,0.0,0.0,0.0,0.0,0.0,0.0,0.0,0.0,0.0,0.0,0.0,4.0,462.0,2290.0,0.0,0.0,0.0,0.0,0.9499999999999997,1.0,0.29999999999999716,0.0,0.09999999999999964,0.0,2.0,4.0,6.0
584,Gustavo,Hamer,Hamer,a,,,5.4,196,122,0.1,417,161,1.0,264,117,1,-1,1,-1,1,111,904,0.2,0.6,1.0,1.0,1.0,329,147,,,354,165,285,146,587,247,355,165,4.0,,,,,,,0.0,0.06,0.06,2.31,0.0,0.0,2.81,0.0,8.44,3,1,5.0,0.0,0.0,0.0,0.0,0.0,0.0,0.0,0.0,0.0,0.0,0.0,0.0,1.0,111.0,921.0,0.0,0.0,0.0,0.0,0.0,0.0,0.0,0.0,0.0,1.0,0.0,1.0,2.0
655,Yann,Gboho,Gboho,a,,,5.5,143,86,0.0,654,292,0.0,626,270,0,0,0,0,0,23,4,0.0,0.0,2.0,2.0,0.0,626,270,,,617,267,623,269,613,262,623,269,,,,,,,,0.0,0.0,0.0,0.0,0.0,0.0,0.0,0.0,0.0,3,0,0.0,0.0,0.0,0.0,0.0,0.0,0.0,0.0,0.0,0.0,0.0,0.0,0.0,0.0,23.0,4.0,0.0,0.0,0.0,0.0,0.0,0.0,0.0,0.0,0.0,0.0,0.0,0.0,0.0
42,Evann,Guessand,Guessand,a,,,5.5,166,101,0.0,504,204,0.7,322,147,0,0,0,0,0,748,741,0.1,0.4,0.7,0.7,1.0,347,158,,,301,132,279,142,219,110,307,137,,,,,,,,0.05,0.05,0.1,0.57,0.0,0.0,1.67,0.0,3.33,3,0,0.0,0.0,0.0,0.0,0.0,0.0,0.0,0.0,0.0,0.0,0.0,0.0,0.0,0.0,750.0,745.0,0.0,0.0,0.0,0.0,0.0,0.0,0.0,0.0,0.0,0.0,0.0,0.0,0.0
153,Axel,Disasi,Disasi,a,,,4.5,462,101,0.1,418,151,1.3,218,80,3,0,0,0,0,4176,1681,0.3,0.9,1.3,1.3,2.0,192,75,,,180,80,202,67,266,99,231,87,,,,,,,,0.0,0.03,0.03,2.84,0.0,0.0,2.55,0.85,11.89,3,3,90.0,0.0,0.0,0.0,2.0,0.0,0.0,0.0,0.0,0.0,0.0,1.0,0.0,14.0,4196.0,1684.0,0.0,0.0,0.04,0.04,3.1399999999999997,31.400000000000002,13.3,2.0,4.7,4.0,9.0,8.0,13.0
198,Dean,Henderson,Henderson,a,,,5.0,256,8,2.0,123,19,1.7,204,19,2,0,0,0,0,20267,11905,0.3,1.0,1.7,1.7,1.7,231,20,100.0,100.0,15,3,546,59,518,59,130,3,,,,,,,,0.0,0.0,0.0,2.16,4.0,0.0,2.67,1.0,0.0,3,2,90.0,0.0,0.0,0.0,2.0,0.0,0.0,0.0,0.0,0.0,5.0,1.0,0.0,19.0,20384.0,11982.0,0.0,0.0,0.0,0.0,3.1399999999999997,38.4,0.0,0.0,3.8,0.0,1.0,7.0,0.0
199,Walter,Benítez,Benitez,a,,,4.5,438,30,0.1,415,47,0.0,453,51,0,0,0,0,0,410,705,0.0,0.0,0.0,0.0,0.0,453,51,,,428,51,425,34,374,31,434,51,,,,,,,,0.0,0.0,0.0,0.0,0.0,0.0,0.0,0.0,0.0,3,0,0.0,0.0,0.0,0.0,0.0,0.0,0.0,0.0,0.0,0.0,0.0,0.0,0.0,0.0,413.0,712.0,0.0,0.0,0.0,0.0,0.0,0.0,0.0,0.0,0.0,0.0,0.0,0.0,0.0
202,Chris,Richards,Richards,a,,,5.0,287,47,0.7,228,86,1.3,226,85,1,0,0,0,0,5740,6170,0.3,0.8,1.3,1.3,1.3,254,91,,,31,9,299,111,113,34,106,36,,,,,,,,0.03,0.0,0.03,2.16,0.0,0.0,2.67,1.0,10.33,3,1,90.0,0.0,0.0,0.0,2.0,0.0,0.0,0.0,0.0,0.0,0.0,1.0,0.0,8.0,5798.0,6238.0,0.0,0.04,0.0,0.04,3.1399999999999997,28.800000000000004,0.5,7.0,3.5999999999999996,1.0,8.0,4.0,9.0
203,Jaydee,Canvot,Canvot,a,,,4.9,419,78,0.2,320,118,0.7,304,112,1,0,0,-1,1,1738,2998,0.1,0.4,0.7,0.7,0.7,376,132,,,67,32,228,77,233,83,165,66,,,,,,,,0.02,0.0,0.02,2.16,0.0,0.0,2.67,1.0,8.0,3,1,90.0,0.0,0.0,0.0,2.0,0.0,0.0,0.0,0.0,0.0,0.0,1.0,0.0,4.0,1765.0,3041.0,0.0,0.0,0.0,0.0,3.1399999999999997,13.0,1.8999999999999995,0.0,1.5,2.0,7.0,2.0,9.0
204,Tyrick,Mitchell,Mitchell,a,,,4.5,479,113,6.1,65,27,5.3,40,17,15,0,0,0,0,159387,31379,1.2,3.6,5.3,5.3,5.3,45,19,,,13,1,70,16,47,5,25,2,,,,,,,,0.27,0.06,0.33,2.1,0.0,0.0,2.85,1.07,5.69,3,15,73.0,2.0,0.0,0.0,2.0,0.0,0.0,0.0,0.0,0.0,0.0,1.0,2.0,31.0,159464.0,31946.0,0.0,0.66,0.009999999999999981,0.6699999999999999,2.5700000000000003,78.0,10.700000000000003,47.0,13.600000000000001,2.0,4.0,2.0,6.0
205,Borna,Sosa,Sosa,u,Has joined FC Cologne on loan for the rest of the season,,4.5,461,100,0.0,573,195,0.0,461,175,0,0,0,0,0,0,555,0.0,0.0,0.0,0.0,0.0,461,175,0.0,0.0,437,172,434,172,384,160,443,170,,,,,,,,0.0,0.0,0.0,0.0,0.0,0.0,0.0,0.0,0.0,3,0,0.0,0.0,0.0,0.0,0.0,0.0,0.0,0.0,0.0,0.0,0.0,0.0,0.0,0.0,0.0,562.0,0.0,0.0,0.0,0.0,0.0,0.0,0.0,0.0,0.0,0.0,0.0,0.0,0.0
104,Frank,Onyeka,Onyeka,a,,,4.9,387,233,0.1,406,153,1.3,222,99,2,-1,1,-1,1,430,1145,0.3,0.8,1.3,1.3,2.0,199,84,,,316,143,280,143,481,184,337,154,,,,,,,,0.0,0.01,0.01,1.81,0.0,0.0,2.37,1.18,7.11,3,2,62.0,0.0,0.0,0.0,1.0,0.0,0.0,0.0,0.0,0.0,0.0,1.0,0.0,5.0,434.0,1179.0,0.0,0.0,0.0,0.0,1.17,0.3999999999999999,0.3999999999999999,0.0,0.09999999999999998,1.0,0.0,2.0,3.0
206,Chadi,Riad Dnanou,Chadi Riad,i,Knee injury - Unknown return date,,4.4,575,157,0.0,553,190,0.3,339,122,0,0,0,-1,1,44,490,0.1,0.2,0.0,0.0,1.0,275,104,0.0,0.0,252,103,296,109,363,156,308,114,,,,,,,,0.0,0.01,0.01,1.22,0.0,0.0,2.5,1.25,8.75,3,0,0.0,0.0,0.0,0.0,0.0,0.0,0.0,0.0,0.0,0.0,0.0,0.0,0.0,0.0,45.0,498.0,0.0,0.0,0.0,0.0,0.0,0.0,0.0,0.0,0.0,0.0,0.0,0.0,0.0
207,Oscar,Mingueza,Mingueza,a,,,4.4,572,154,0.1,474,168,0.7,288,103,1,0,0,-1,1,449,676,0.2,0.5,0.7,0.7,1.0,274,103,,,326,125,334,126,361,154,348,126,,,,,,,,0.0,0.0,0.0,1.86,0.0,0.0,5.62,0.0,11.25,3,1,1.0,0.0,0.0,0.0,0.0,0.0,0.0,0.0,0.0,0.0,0.0,0.0,0.0,4.0,454.0,683.0,0.0,0.0,0.0,0.0,0.13,1.0,0.30000000000000004,0.0,0.09999999999999998,1.0,0.0,1.0,1.0
208,Ismaïla,Sarr,Sarr,i,Groin injury - Unknown return date,,6.3,54,38,0.8,207,65,0.0,646,286,0,0,0,-2,2,141,25784,0.0,0.0,0.0,0.0,0.0,646,286,0.0,0.0,646,287,647,287,645,286,646,287,,,2.0,,,,,0.0,0.0,0.0,0.0,0.0,0.0,0.0,0.0,0.0,3,0,0.0,0.0,0.0,0.0,0.0,0.0,0.0,0.0,0.0,0.0,0.0,0.0,0.0,0.0,146.0,26714.0,0.0,0.0,0.0,0.0,0.0,0.0,0.0,0.0,0.0,0.0,0.0,0.0,0.0
210,Adam,Wharton,Wharton,a,,,5.5,169,103,0.9,203,63,2.7,137,58,2,0,0,0,0,6358,7613,0.5,1.5,2.7,2.7,2.7,152,63,100.0,100.0,123,44,45,38,286,138,110,57,2.0,,,,,,,0.0,0.11,0.11,2.16,0.0,0.0,2.67,1.0,9.67,3,2,90.0,0.0,0.0,0.0,2.0,0.0,0.0,0.0,0.0,0.0,0.0,1.0,0.0,10.0,6402.0,7686.0,0.0,0.0,0.010000000000000009,0.010000000000000009,3.1399999999999997,14.799999999999997,2.799999999999997,2.0,2.0,1.0,7.0,0.0,8.0
211,Yéremy,Pino Santos,Yeremy,a,,,5.5,167,102,0.4,267,89,3.7,90,42,5,0,0,0,0,20457,5493,0.7,2.0,3.7,3.7,3.7,98,44,,,219,89,23,20,122,63,83,51,1.0,1.0,,,,,,0.17,0.18,0.35,2.51,0.0,0.0,2.37,0.95,9.47,3,5,88.0,0.0,1.0,0.0,2.0,0.0,0.0,0.0,0.0,0.0,0.0,1.0,0.0,25.0,20479.0,5514.0,0.0,0.25,0.30000000000000004,0.55,3.0100000000000002,8.0,42.599999999999994,6.0,5.7,1.0,1.0,3.0,5.0
212,Will,Hughes,Hughes,a,,,4.5,435,259,8.7,48,18,0.3,342,156,1,0,0,0,0,19648,76993,0.1,0.2,0.3,0.3,1.0,278,119,,,336,153,337,165,371,145,349,160,4.0,,,,,,,0.0,0.0,0.0,3.21,0.0,0.0,0.0,0.0,16.88,3,1,16.0,0.0,0.0,0.0,0.0,0.0,0.0,0.0,0.0,0.0,0.0,0.0,0.0,3.0,19873.0,77981.0,0.0,0.0,0.0,0.0,0.57,2.4,0.3,0.0,0.3,0.0,2.0,1.0,3.0
213,Jefferson,Lerma Solís,Lerma,a,,,4.9,371,222,0.1,444,174,0.0,535,212,0,0,0,-1,1,232,784,0.0,0.0,0.0,0.0,0.0,535,212,,,512,199,512,207,471,176,518,203,,,,,,,,0.0,0.0,0.0,0.0,0.0,0.0,0.0,0.0,0.0,3,0,0.0,0.0,0.0,0.0,0.0,0.0,0.0,0.0,0.0,0.0,0.0,0.0,0.0,0.0,238.0,799.0,0.0,0.0,0.0,0.0,0.0,0.0,0.0,0.0,0.0,0.0,0.0,0.0,0.0
214,Daichi,Kamada,Kamada,a,,,5.0,267,167,0.4,285,96,3.3,98,46,5,0,0,0,0,10951,4048,0.7,2.0,3.3,3.3,3.3,109,48,,,87,28,48,40,169,82,81,49,3.0,,,,,,,0.02,0.1,0.12,2.13,0.0,0.0,2.69,1.01,9.07,3,5,88.0,0.0,1.0,0.0,2.0,0.0,0.0,0.0,0.0,0.0,0.0,1.0,0.0,21.0,10972.0,4085.0,0.0,0.0,0.010000000000000009,0.009999999999999953,3.01,19.6,23.199999999999996,6.0,4.8999999999999995,0.0,0.0,4.0,4.0
215,Justin,Devenny,Devenny,u,Has joined Stoke City permanently,,5.0,311,185,0.0,619,265,0.0,581,242,0,0,0,0,0,0,216,0.0,0.0,0.0,0.0,0.0,581,242,0.0,0.0,565,234,571,240,549,223,572,237,,2.0,3.0,,,,,0.0,0.0,0.0,0.0,0.0,0.0,0.0,0.0,0.0,3,0,0.0,0.0,0.0,0.0,0.0,0.0,0.0,0.0,0.0,0.0,0.0,0.0,0.0,0.0,0.0,217.0,0.0,0.0,0.0,0.0,0.0,0.0,0.0,0.0,0.0,0.0,0.0,0.0,0.0
216,Romain,Esse,Esse,u,Has joined Millwall on loan for the rest of the season,,5.0,350,212,0.0,560,231,0.0,599,254,0,0,0,0,0,0,797,0.0,0.0,0.0,0.0,0.0,599,254,0.0,0.0,584,247,591,253,572,239,591,250,,,,,,,,0.0,0.0,0.0,0.0,0.0,0.0,0.0,0.0,0.0,3,0,0.0,0.0,0.0,0.0,0.0,0.0,0.0,0.0,0.0,0.0,0.0,0.0,0.0,0.0,0.0,805.0,0.0,0.0,0.0,0.0,0.0,0.0,0.0,0.0,0.0,0.0,0.0,0.0,0.0
217,Matheus,França de Oliveira,M.França,a,,,4.9,407,245,0.0,562,233,0.0,551,224,0,0,0,-1,1,56,484,0.0,0.0,0.0,0.0,0.0,551,224,,,530,212,531,220,493,191,538,217,,,,,,,,0.0,0.0,0.0,0.0,0.0,0.0,0.0,0.0,0.0,3,0,0.0,0.0,0.0,0.0,0.0,0.0,0.0,0.0,0.0,0.0,0.0,0.0,0.0,0.0,56.0,494.0,0.0,0.0,0.0,0.0,0.0,0.0,0.0,0.0,0.0,0.0,0.0,0.0,0.0
218,Cheick,Doucouré,Doucouré,a,,,4.9,389,234,0.1,485,193,0.0,542,218,0,0,0,-1,1,368,700,0.0,0.0,0.0,0.0,0.0,542,218,,,521,206,521,214,483,185,528,211,,,,,,,,0.0,0.0,0.0,0.0,0.0,0.0,0.0,0.0,0.0,3,0,0.0,0.0,0.0,0.0,0.0,0.0,0.0,0.0,0.0,0.0,0.0,0.0,0.0,0.0,375.0,704.0,0.0,0.0,0.0,0.0,0.0,0.0,0.0,0.0,0.0,0.0,0.0,0.0,0.0
219,Jesurun,Rak-Sakyi,J.Rak-Sakyi,u,has joined  Kasimpasa on loan for the rest of the seaon.,,4.9,394,236,0.0,631,274,0.0,546,220,0,-1,1,-1,1,55,100,0.0,0.0,0.0,0.0,0.0,546,220,0.0,,525,208,526,216,488,187,533,213,,,,,,,,0.0,0.0,0.0,0.0,0.0,0.0,0.0,0.0,0.0,3,0,0.0,0.0,0.0,0.0,0.0,0.0,0.0,0.0,0.0,0.0,0.0,0.0,0.0,0.0,55.0,100.0,0.0,0.0,0.0,0.0,0.0,0.0,0.0,0.0,0.0,0.0,0.0,0.0,0.0
220,Rio,Cardines,Cardines,u,Has joined Bristol City on loan for the rest of the season,,4.5,540,141,0.0,649,214,0.0,507,192,0,0,0,0,0,0,12,0.0,0.0,0.0,0.0,0.0,507,192,0.0,0.0,484,189,483,189,441,182,490,187,,,,,,,,0.0,0.0,0.0,0.0,0.0,0.0,0.0,0.0,0.0,3,0,0.0,0.0,0.0,0.0,0.0,0.0,0.0,0.0,0.0,0.0,0.0,0.0,0.0,0.0,0.0,12.0,0.0,0.0,0.0,0.0,0.0,0.0,0.0,0.0,0.0,0.0,0.0,0.0,0.0
221,Joél,Drakes-Thomas,Drakes-Thomas,a,,,4.5,562,290,0.1,451,177,0.0,526,207,0,0,0,0,0,687,777,0.0,0.0,0.0,0.0,0.0,526,207,,,503,194,502,202,461,171,509,198,,,,,,,,0.0,0.0,0.0,0.0,0.0,0.0,0.0,0.0,0.0,3,0,0.0,0.0,0.0,0.0,0.0,0.0,0.0,0.0,0.0,0.0,0.0,0.0,0.0,0.0,693.0,783.0,0.0,0.0,0.0,0.0,0.0,0.0,0.0,0.0,0.0,0.0,0.0,0.0,0.0
222,Jørgen,Strand Larsen,Strand Larsen,a,,,6.0,69,15,0.5,243,41,1.3,236,25,1,0,0,0,0,9271,6151,0.2,0.7,1.3,1.3,1.3,259,31,,,275,26,242,30,123,24,252,30,,,,,,,,0.2,0.01,0.21,2.48,0.0,0.0,2.01,0.67,5.37,3,1,45.0,0.0,0.0,0.0,0.0,0.0,0.0,0.0,0.0,0.0,0.0,0.0,0.0,4.0,9317.0,6210.0,0.0,0.0,0.0,0.0,1.54,2.3999999999999995,0.7999999999999998,0.0,0.2999999999999998,0.0,1.0,3.0,4.0
223,Jean-Philippe,Mateta,Mateta,i,Hamstring injury - Expected back 11 Oct,,6.4,44,12,1.8,132,19,0.7,329,41,0,0,0,-1,1,253,52230,0.1,0.3,0.0,0.0,2.0,220,23,0.0,0.0,346,38,212,24,189,33,279,32,,,1.0,,,,,1.02,0.03,1.05,1.42,0.0,0.0,2.9,1.45,7.26,3,0,0.0,0.0,0.0,0.0,0.0,0.0,0.0,0.0,0.0,0.0,0.0,0.0,0.0,0.0,257.0,53594.0,0.0,0.0,0.0,0.0,0.0,0.0,0.0,0.0,0.0,0.0,0.0,0.0,0.0
189,George,Shepherd,Shepherd,a,,,4.5,563,291,0.2,318,113,0.0,527,208,0,0,0,0,0,1004,2078,0.0,0.0,0.0,0.0,0.0,527,208,,,504,195,503,203,462,172,510,199,,,,,,,,0.0,0.0,0.0,0.0,0.0,0.0,0.0,0.0,0.0,3,0,0.0,0.0,0.0,0.0,0.0,0.0,0.0,0.0,0.0,0.0,0.0,0.0,0.0,0.0,1012.0,2108.0,0.0,0.0,0.0,0.0,0.0,0.0,0.0,0.0,0.0,0.0,0.0,0.0,0.0
623,Dan,Bentley,Bentley,a,,,4.0,585,54,0.4,261,35,0.0,392,28,0,0,0,0,0,24446,5587,0.0,0.0,0.0,0.0,0.0,392,28,,,367,28,360,9,300,6,372,28,,,,,,,,0.0,0.0,0.0,0.0,0.0,0.0,0.0,0.0,0.0,3,0,0.0,0.0,0.0,0.0,0.0,0.0,0.0,0.0,0.0,0.0,0.0,0.0,0.0,0.0,26062.0,5712.0,0.0,0.0,0.0,0.0,0.0,0.0,0.0,0.0,0.0,0.0,0.0,0.0,0.0
224,Eddie,Nketiah,Nketiah,a,,,5.5,137,35,0.7,223,36,2.3,161,14,4,0,0,0,0,20177,6374,0.4,1.3,2.3,2.3,2.3,178,19,,,169,12,72,3,59,14,78,11,,,,,,,,0.59,0.31,0.9,2.4,0.0,0.0,3.77,1.62,5.93,3,4,45.0,0.0,1.0,0.0,2.0,0.0,0.0,0.0,0.0,0.0,0.0,1.0,0.0,16.0,20243.0,6426.0,0.0,0.14000000000000012,0.0,0.1399999999999999,1.6,21.200000000000003,10.699999999999996,19.0,5.1,1.0,0.0,1.0,2.0
225,Christantus,Uche,Uche,u,has returned to Getafe CF,,5.0,362,65,0.0,655,78,0.0,605,70,0,0,0,0,0,0,0,0.0,0.0,0.0,0.0,0.0,605,70,0.0,0.0,590,63,597,68,579,65,597,67,,,,,,,,0.0,0.0,0.0,0.0,0.0,0.0,0.0,0.0,0.0,3,0,0.0,0.0,0.0,0.0,0.0,0.0,0.0,0.0,0.0,0.0,0.0,0.0,0.0,0.0,0.0,0.0,0.0,0.0,0.0,0.0,0.0,0.0,0.0,0.0,0.0,0.0,0.0,0.0,0.0
241,Dwight,McNeil,McNeil,a,,,5.4,210,132,0.1,379,138,1.0,267,120,0,-1,1,-1,1,355,1282,0.2,0.6,1.0,1.0,1.5,246,111,,,269,114,239,127,278,132,303,135,,,,,,,,0.05,0.02,0.07,1.26,0.0,0.0,3.21,1.07,7.5,3,0,0.0,0.0,0.0,0.0,0.0,0.0,0.0,0.0,0.0,0.0,0.0,0.0,0.0,0.0,361.0,1297.0,0.0,0.0,0.0,0.0,0.0,0.0,0.0,0.0,0.0,0.0,0.0,0.0,0.0
555,Remi,Matthews,Matthews,a,,,4.0,598,61,1.8,136,20,0.0,402,35,0,0,0,0,0,3613,5586,0.0,0.0,0.0,0.0,0.0,402,35,,,377,35,372,16,312,13,383,35,,,,,,,,0.0,0.0,0.0,0.0,0.0,0.0,0.0,0.0,0.0,3,0,0.0,0.0,0.0,0.0,0.0,0.0,0.0,0.0,0.0,0.0,0.0,0.0,0.0,0.0,3700.0,5642.0,0.0,0.0,0.0,0.0,0.0,0.0,0.0,0.0,0.0,0.0,0.0,0.0,0.0
577,Takehiro,Tomiyasu,Tomiyasu,a,,,4.5,466,104,0.3,295,107,0.7,291,105,0,0,0,0,0,443,2325,0.2,0.4,0.7,0.7,1.0,282,109,,,242,101,250,86,267,100,286,106,,,,,,,,0.0,0.01,0.01,2.13,0.0,0.0,2.97,0.99,8.9,3,0,0.0,0.0,0.0,0.0,0.0,0.0,0.0,0.0,0.0,0.0,0.0,0.0,0.0,0.0,447.0,2351.0,0.0,0.0,0.0,0.0,0.0,0.0,0.0,0.0,0.0,0.0,0.0,0.0,0.0
588,Anan,Khalaili,Khalaili,a,,,5.0,347,60,0.2,319,117,2.0,186,70,3,0,0,0,0,10750,3072,0.4,1.2,2.0,2.0,2.0,209,80,,,51,20,125,37,153,52,93,26,,,,,,,,0.33,0.08,0.41,2.45,0.0,0.0,2.26,0.9,14.92,3,3,90.0,0.0,0.0,0.0,2.0,0.0,0.0,0.0,0.0,0.0,0.0,1.0,0.0,6.0,10816.0,3087.0,0.0,0.72,0.010000000000000009,0.73,3.14,21.6,2.3000000000000007,8.0,3.200000000000001,3.0,7.0,3.0,10.0
595,Zavier,Gozo,Gozo,a,,,5.0,346,210,0.0,586,245,0.3,366,170,0,0,0,0,0,86,137,0.1,0.2,0.3,0.3,1.0,324,143,,,345,159,301,151,570,237,353,163,,,,,,,,0.0,0.0,0.0,0.82,0.0,0.0,4.09,0.0,4.09,3,0,0.0,0.0,0.0,0.0,0.0,0.0,0.0,0.0,0.0,0.0,0.0,0.0,0.0,0.0,87.0,139.0,0.0,0.0,0.0,0.0,0.0,0.0,0.0,0.0,0.0,0.0,0.0,0.0,0.0
633,Honest,Ahanor,Ahanor,a,,,4.5,548,142,0.0,613,206,0.0,515,193,0,0,0,0,0,501,110,0.0,0.0,1.8,1.8,0.0,515,193,,,492,190,491,190,449,183,498,188,,,,,,,,0.0,0.0,0.0,0.0,0.0,0.0,0.0,0.0,0.0,3,0,0.0,0.0,0.0,0.0,0.0,0.0,0.0,0.0,0.0,0.0,0.0,0.0,0.0,0.0,504.0,110.0,0.0,0.0,0.0,0.0,0.0,0.0,0.0,0.0,0.0,0.0,0.0,0.0,0.0
643,Ben,Chilwell,Chilwell,a,,,4.5,449,91,0.4,266,97,7.0,17,8,7,0,0,0,0,24178,3605,1.6,1.6,1.8,1.8,7.0,18,8,,,176,78,317,119,133,41,223,85,,,,,,,,0.84,0.0,0.84,3.21,0.0,0.0,0.0,0.0,0.0,3,7,16.0,1.0,0.0,0.0,0.0,0.0,0.0,0.0,0.0,0.0,0.0,0.0,0.0,20.0,24184.0,3605.0,0.0,0.15,0.0,0.15,0.57,33.2,0.7,17.0,5.1,0.0,0.0,0.0,0.0
644,Quinten,Timber,Timber,a,,,5.0,294,178,0.0,565,235,2.0,182,81,2,0,0,0,0,1300,325,0.4,0.4,1.5,1.5,2.0,205,88,,,313,140,348,173,293,142,339,155,,,,,,,,0.02,0.0,0.02,3.17,0.0,0.0,2.47,1.23,7.4,3,2,73.0,0.0,0.0,0.0,2.0,0.0,0.0,0.0,0.0,0.0,0.0,1.0,0.0,8.0,1312.0,331.0,0.0,0.02,0.0,0.02,2.57,4.2,0.2,1.0,0.5,1.0,2.0,3.0,6.0
647,Darío,Osorio,Osorio,a,,,5.5,173,107,0.0,610,260,1.0,273,123,1,0,0,0,0,325,82,0.2,0.2,2.0,2.0,1.0,348,159,,,343,157,343,170,619,268,358,167,,,,,,,,0.0,0.0,0.0,11.7,0.0,0.0,0.0,0.0,90.0,3,1,1.0,0.0,0.0,0.0,0.0,0.0,0.0,0.0,0.0,0.0,0.0,0.0,0.0,2.0,330.0,83.0,0.0,0.0,0.0,0.0,0.13,2.0,0.3,0.0,0.2,1.0,0.0,0.0,1.0
21,Christian,Nørgaard,Nørgaard,i,Groin injury - Unknown return date,,4.9,370,221,0.1,491,197,0.0,534,211,0,0,0,-1,1,75,947,0.0,0.0,0.0,0.0,0.0,534,211,0.0,0.0,511,198,511,206,470,175,517,202,,,,,,,,0.0,0.0,0.0,0.0,0.0,0.0,0.0,0.0,0.0,3,0,0.0,0.0,0.0,0.0,0.0,0.0,0.0,0.0,0.0,0.0,0.0,0.0,0.0,0.0,77.0,956.0,0.0,0.0,0.0,0.0,0.0,0.0,0.0,0.0,0.0,0.0,0.0,0.0,0.0
209,Brennan,Johnson,Johnson,a,,,5.9,95,61,0.1,400,150,1.0,280,128,1,0,0,-1,1,836,1568,0.2,0.5,1.0,1.0,1.0,358,166,,,257,106,151,89,202,101,240,104,,,,,,,,0.05,0.04,0.09,2.04,0.0,0.0,0.91,0.91,10.91,3,1,65.0,0.0,0.0,0.0,1.0,0.0,0.0,0.0,1.0,0.0,0.0,1.0,0.0,3.0,842.0,1587.0,0.0,0.05,0.04,0.09,0.3700000000000001,6.6000000000000005,22.9,9.0,3.9000000000000004,1.0,3.0,4.0,8.0
226,Jordan,Pickford,Pickford,a,,,5.5,124,2,8.6,49,7,3.7,88,6,1,0,0,0,0,48731,50188,0.7,2.0,3.7,3.7,3.7,96,6,,,48,8,615,68,604,68,176,9,,,,,,,,0.0,0.01,0.01,1.6,3.0,0.33,1.0,1.0,0.0,3,1,90.0,0.0,0.0,0.0,2.0,0.0,0.0,0.0,0.0,0.0,1.0,1.0,0.0,6.0,48966.0,50719.0,0.0,0.0,0.0,0.0,0.6899999999999995,9.199999999999996,0.0,0.0,0.8999999999999995,0.0,0.0,12.0,0.0
227,Mark,Travers,Travers,a,,,5.0,280,10,0.0,524,58,0.0,568,70,0,0,0,0,0,296,316,0.0,0.0,0.0,0.0,0.0,568,70,,,552,70,554,61,529,61,559,70,,,,,,,,0.0,0.0,0.0,0.0,0.0,0.0,0.0,0.0,0.0,3,0,0.0,0.0,0.0,0.0,0.0,0.0,0.0,0.0,0.0,0.0,0.0,0.0,0.0,0.0,296.0,318.0,0.0,0.0,0.0,0.0,0.0,0.0,0.0,0.0,0.0,0.0,0.0,0.0,0.0
228,Tom,King,King,a,,,4.5,441,32,0.0,505,56,0.0,455,53,0,0,0,0,0,219,289,0.0,0.0,0.0,0.0,0.0,455,53,,,430,53,427,36,376,33,436,53,,,,,,,,0.0,0.0,0.0,0.0,0.0,0.0,0.0,0.0,0.0,3,0,0.0,0.0,0.0,0.0,0.0,0.0,0.0,0.0,0.0,0.0,0.0,0.0,0.0,0.0,221.0,289.0,0.0,0.0,0.0,0.0,0.0,0.0,0.0,0.0,0.0,0.0,0.0,0.0,0.0
229,James,Tarkowski,Tarkowski,a,,,6.0,60,5,11.4,39,14,7.0,20,10,3,0,0,0,0,119682,66540,1.2,3.5,7.0,7.0,7.0,21,10,,,21,5,203,68,99,24,74,18,,,,,,,,0.06,0.01,0.07,1.6,0.0,0.33,1.0,1.0,10.33,3,3,90.0,0.0,0.0,0.0,2.0,0.0,0.0,0.0,0.0,0.0,0.0,1.0,0.0,11.0,120653.0,67499.0,0.0,0.020000000000000018,0.01,0.03,0.6899999999999995,24.400000000000006,1.0,6.0,3.0999999999999996,3.0,9.0,3.0,12.0
230,Jarrad,Branthwaite,Branthwaite,a,,,5.5,165,21,1.9,131,53,4.3,66,27,3,0,0,0,0,25193,14962,0.8,2.4,4.3,4.3,4.3,71,29,,,35,12,262,90,23,2,54,10,,,,,,,,0.06,0.01,0.07,1.6,0.0,0.33,1.0,1.0,10.33,3,3,90.0,0.0,0.0,0.0,2.0,0.0,0.0,0.0,0.0,0.0,0.0,1.0,0.0,10.0,25261.0,15124.0,0.0,0.08000000000000002,0.0,0.08,0.6899999999999995,41.599999999999994,0.6000000000000001,34.0,7.600000000000001,1.0,10.0,4.0,11.0
231,Michael,Keane,Keane,a,,,4.9,368,66,0.9,200,76,0.0,532,198,0,0,0,-1,1,938,11548,0.0,0.0,0.0,0.0,0.0,532,198,,,509,195,509,195,468,189,515,193,,,,,,,,0.0,0.0,0.0,0.0,0.0,0.0,0.0,0.0,0.0,3,0,0.0,0.0,0.0,0.0,0.0,0.0,0.0,0.0,0.0,0.0,0.0,0.0,0.0,0.0,950.0,11720.0,0.0,0.0,0.0,0.0,0.0,0.0,0.0,0.0,0.0,0.0,0.0,0.0,0.0
232,Jake,O'Brien,O'Brien,a,,,4.9,404,76,0.3,292,105,0.0,549,200,0,0,0,-1,1,473,3174,0.0,0.0,0.0,0.0,0.0,549,200,,,528,198,529,198,491,193,536,197,,,,,,,,0.0,0.0,0.0,0.0,0.0,0.0,0.0,0.0,0.0,3,0,0.0,0.0,0.0,0.0,0.0,0.0,0.0,0.0,0.0,0.0,0.0,0.0,0.0,0.0,476.0,3233.0,0.0,0.0,0.0,0.0,0.0,0.0,0.0,0.0,0.0,0.0,0.0,0.0,0.0
233,Vitalii,Mykolenko,Mykolenko,a,,,4.5,467,105,1.9,127,51,3.7,82,34,1,0,0,0,0,46423,25559,0.8,2.4,3.7,3.7,3.7,90,37,,,68,33,178,56,268,101,157,62,,,,,,,,0.0,0.02,0.02,1.6,0.0,0.33,1.0,1.0,7.33,3,1,90.0,0.0,0.0,0.0,2.0,0.0,0.0,0.0,0.0,0.0,0.0,1.0,0.0,8.0,46715.0,25790.0,0.0,0.0,0.010000000000000009,0.010000000000000009,0.6899999999999995,12.799999999999997,2.5,0.0,1.4999999999999991,3.0,3.0,4.0,6.0
234,Nathan,Patterson,Patterson,u,Has joined Torino permanently,,4.5,478,112,0.0,567,192,0.0,468,179,0,0,0,0,0,0,595,0.0,0.0,0.0,0.0,0.0,468,179,0.0,0.0,444,176,442,176,392,164,450,174,,,,,,,,0.0,0.0,0.0,0.0,0.0,0.0,0.0,0.0,0.0,3,0,0.0,0.0,0.0,0.0,0.0,0.0,0.0,0.0,0.0,0.0,0.0,0.0,0.0,0.0,0.0,600.0,0.0,0.0,0.0,0.0,0.0,0.0,0.0,0.0,0.0,0.0,0.0,0.0,0.0
235,Adam,Aznou,Aznou,u,Has joined Malaga on loan for the rest of the season,,4.0,629,190,0.1,403,149,0.0,421,150,0,0,0,0,0,0,2417,0.0,0.0,0.0,0.0,0.0,421,150,0.0,0.0,396,146,391,146,333,128,402,144,,,,,,,,0.0,0.0,0.0,0.0,0.0,0.0,0.0,0.0,0.0,3,0,0.0,0.0,0.0,0.0,0.0,0.0,0.0,0.0,0.0,0.0,0.0,0.0,0.0,0.0,0.0,2444.0,0.0,0.0,0.0,0.0,0.0,0.0,0.0,0.0,0.0,0.0,0.0,0.0,0.0
236,Kiernan,Dewsbury-Hall,Dewsbury-Hall,a,,,6.5,35,23,4.5,77,25,5.0,52,25,2,0,0,0,0,94309,69106,0.8,2.3,5.0,5.0,5.0,57,26,,,32,15,6,6,30,17,13,10,2.0,,,,,,,0.15,0.13,0.28,1.59,0.0,0.33,1.0,1.0,9.67,3,2,90.0,0.0,0.0,0.0,2.0,0.0,0.0,0.0,0.0,0.0,0.0,1.0,0.0,20.0,94979.0,69809.0,0.0,0.27,0.07,0.33999999999999997,0.6899999999999995,24.0,30.0,33.0,8.700000000000003,4.0,2.0,5.0,11.0
238,Jack,Grealish,Grealish,a,,,6.5,34,22,0.4,283,94,0.7,332,154,1,0,0,0,0,11925,4683,0.1,0.3,0.7,0.7,1.0,367,172,100.0,100.0,286,123,206,113,196,96,265,116,,,,,,,,0.06,0.37,0.43,0.87,0.0,0.0,2.81,0.0,5.62,3,1,24.0,0.0,0.0,0.0,1.0,0.0,0.0,0.0,0.0,0.0,0.0,0.0,0.0,8.0,12024.0,4719.0,0.0,0.02,0.13,0.15,0.31,6.0,12.3,10.0,2.8,1.0,0.0,0.0,1.0
239,James,Garner,Garner,d,Unspecified injury - 75% chance of playing,,6.0,68,47,0.1,396,147,1.3,235,106,2,0,0,0,0,1791,3025,0.2,0.7,1.0,1.3,1.3,258,116,75.0,100.0,230,93,76,54,288,139,200,91,1.0,1.0,2.0,,,,,0.0,0.07,0.07,0.8,0.0,0.0,1.22,1.22,11.55,3,2,76.0,0.0,0.0,0.0,1.0,0.0,0.0,0.0,0.0,0.0,0.0,1.0,0.0,19.0,1832.0,3048.0,0.0,0.0,0.08,0.08,0.4,9.600000000000001,31.1,0.0,4.1,1.0,2.0,5.0,8.0
242,Tyrique,George,George,a,,,5.5,178,111,0.5,252,83,5.0,49,23,10,0,0,0,0,32880,8788,0.9,2.7,5.0,5.0,5.0,54,24,,,90,31,35,30,36,21,31,24,,,,,,,,0.1,0.06,0.16,1.13,0.0,0.38,1.15,1.15,5.0,3,10,90.0,1.0,0.0,0.0,2.0,0.0,0.0,0.0,0.0,0.0,0.0,1.0,3.0,35.0,32894.0,8826.0,0.0,0.04000000000000001,0.07,0.10999999999999999,0.69,44.2,34.4,25.0,10.4,0.0,1.0,3.0,4.0
243,Carlos,Alcaraz Durán,Alcaraz,a,,,5.0,325,194,0.1,454,180,0.3,364,168,0,0,0,0,0,447,932,0.1,0.2,0.3,0.3,0.5,383,181,,,306,135,312,155,110,56,273,118,,,,,,,,0.9,0.36,1.26,0.72,0.0,0.0,0.0,0.0,54.0,3,0,0.0,0.0,0.0,0.0,0.0,0.0,0.0,0.0,0.0,0.0,0.0,0.0,0.0,0.0,454.0,936.0,0.0,0.0,0.0,0.0,0.0,0.0,0.0,0.0,0.0,0.0,0.0,0.0,0.0
244,Harrison,Armstrong,Armstrong,a,,,5.0,352,214,0.4,265,88,3.7,87,40,1,0,0,0,0,9595,6560,0.7,2.2,3.7,3.7,3.7,95,42,,,132,49,116,73,170,83,139,68,,,,,,,,0.03,0.03,0.06,1.63,0.0,0.34,1.02,1.02,10.15,3,1,90.0,0.0,0.0,0.0,2.0,0.0,0.0,0.0,1.0,0.0,0.0,1.0,0.0,5.0,9722.0,6607.0,0.0,0.09,0.03,0.12,0.6899999999999995,5.200000000000003,6.700000000000003,9.0,2.1000000000000005,1.0,3.0,1.0,5.0
246,Merlin,Röhl,Röhl,a,,,5.0,328,195,0.0,499,200,2.0,185,84,1,0,0,0,0,430,718,0.4,1.2,2.0,2.0,2.0,207,90,,,198,78,119,74,274,129,208,95,,,,,,,,0.0,0.07,0.07,1.63,0.0,0.36,0.72,1.08,8.67,3,1,74.0,0.0,0.0,0.0,1.0,0.0,0.0,0.0,1.0,0.0,0.0,1.0,0.0,10.0,435.0,727.0,0.0,0.0,0.13,0.13,0.39999999999999947,4.400000000000002,16.8,0.0,2.0999999999999996,0.0,2.0,4.0,6.0
247,Hayden,Hackney,Hackney,a,,,5.5,145,88,0.2,337,120,2.7,134,56,4,0,0,0,0,1159,1425,0.5,1.5,2.7,2.7,2.7,151,62,100.0,100.0,158,58,95,64,138,70,140,69,3.0,,,,,,,0.04,0.08,0.12,2.6,0.0,0.74,0.74,0.74,8.18,3,4,15.0,0.0,1.0,0.0,1.0,0.0,0.0,0.0,0.0,0.0,0.0,0.0,0.0,14.0,1159.0,1450.0,0.0,0.04,0.09,0.13,0.29000000000000004,20.6,25.5,10.0,5.6000000000000005,1.0,0.0,0.0,1.0
248,Norberto Bercique,Gomes Betuncal,Beto,u,Has joined Fiorentina permanently,,5.4,220,50,1.0,186,30,0.7,319,37,0,0,0,-1,1,0,47955,0.1,0.4,0.0,0.0,1.0,336,37,0.0,0.0,332,36,341,42,234,37,332,37,,,,,,,,0.26,0.0,0.26,5.57,0.0,0.0,0.0,0.0,2.9,3,0,0.0,0.0,0.0,0.0,0.0,0.0,0.0,0.0,0.0,0.0,0.0,0.0,0.0,0.0,0.0,48646.0,0.0,0.0,0.0,0.0,0.0,0.0,0.0,0.0,0.0,0.0,0.0,0.0,0.0
249,Thierno,Barry,Barry,a,,,5.6,121,30,5.8,66,10,4.0,81,8,2,1,-1,1,-1,187656,79785,0.7,2.1,4.0,4.0,4.0,87,9,,,121,8,74,5,4,3,22,5,,,1.0,,,,,0.88,0.04,0.92,1.1,0.0,0.38,1.14,1.14,3.8,3,2,90.0,0.0,0.0,0.0,2.0,0.0,0.0,0.0,0.0,0.0,0.0,1.0,0.0,7.0,189516.0,80543.0,0.0,0.3800000000000001,0.020000000000000004,0.3999999999999999,0.69,0.20000000000000284,15.000000000000004,24.0,3.8999999999999986,0.0,0.0,4.0,4.0
649,Ainsley,Maitland-Niles,Maitland-Niles,a,,,4.5,444,87,0.2,335,125,7.0,16,7,7,0,0,0,0,11788,2358,1.6,1.6,1.8,1.8,7.0,17,7,,,174,77,311,118,208,71,241,92,,,,,,,,0.21,0.0,0.21,2.01,0.0,0.0,6.92,0.0,0.0,3,7,13.0,1.0,0.0,0.0,1.0,0.0,0.0,0.0,0.0,0.0,0.0,0.0,0.0,13.0,11795.0,2359.0,0.0,0.03,0.0,0.03,0.29,33.4,0.8,7.0,4.1,0.0,0.0,0.0,0.0
654,Braiden,Graham,Graham,a,,,4.5,556,287,0.1,394,146,0.0,520,204,0,0,0,0,0,7258,1461,0.0,0.0,1.0,1.0,0.0,520,204,,,497,191,496,199,455,168,503,195,,,,,,,,0.0,0.0,0.0,0.0,0.0,0.0,0.0,0.0,0.0,3,0,0.0,0.0,0.0,0.0,0.0,0.0,0.0,0.0,0.0,0.0,0.0,0.0,0.0,0.0,7258.0,1461.0,0.0,0.0,0.0,0.0,0.0,0.0,0.0,0.0,0.0,0.0,0.0,0.0,0.0
250,Bernd,Leno,Leno,a,,,4.5,428,25,3.0,106,18,2.0,170,14,1,0,0,0,0,14472,23412,0.4,1.3,2.0,2.0,2.0,187,15,,,60,10,419,29,366,26,186,10,,,,,,,,0.0,0.0,0.0,2.08,2.67,0.0,2.33,1.0,0.0,3,1,90.0,0.0,0.0,0.0,3.0,0.0,0.0,0.0,0.0,0.0,2.0,1.0,0.0,8.0,14966.0,23704.0,0.0,0.0,0.0,0.0,1.9700000000000006,18.799999999999997,0.0,0.0,1.8999999999999995,0.0,0.0,8.0,0.0
251,Benjamin,Lecomte,Lecomte,a,,,4.0,587,55,1.2,175,26,0.0,394,29,0,0,0,0,0,5889,4835,0.0,0.0,0.0,0.0,0.0,394,29,,,369,29,362,10,302,7,374,29,,,,,,,,0.0,0.0,0.0,0.0,0.0,0.0,0.0,0.0,0.0,3,0,0.0,0.0,0.0,0.0,0.0,0.0,0.0,0.0,0.0,0.0,0.0,0.0,0.0,0.0,6256.0,4991.0,0.0,0.0,0.0,0.0,0.0,0.0,0.0,0.0,0.0,0.0,0.0,0.0,0.0
252,Alfie,McNally,McNally,u,Has joined York City on loan for the rest of the season,,4.0,632,70,0.1,386,45,0.0,424,44,0,0,0,0,0,0,1446,0.0,0.0,0.0,0.0,0.0,424,44,0.0,0.0,399,44,394,25,336,22,405,44,,,,,,,,0.0,0.0,0.0,0.0,0.0,0.0,0.0,0.0,0.0,3,0,0.0,0.0,0.0,0.0,0.0,0.0,0.0,0.0,0.0,0.0,0.0,0.0,0.0,0.0,0.0,1463.0,0.0,0.0,0.0,0.0,0.0,0.0,0.0,0.0,0.0,0.0,0.0,0.0,0.0
253,Joachim,Andersen,Andersen,a,,,5.0,257,39,0.1,381,143,0.7,308,114,1,0,0,0,0,1450,2100,0.1,0.4,0.7,0.7,1.0,313,123,100.0,100.0,140,63,106,30,204,69,150,59,,,,,,,,0.0,0.05,0.05,2.0,0.0,0.0,2.0,1.0,7.5,3,1,90.0,0.0,0.0,0.0,3.0,0.0,0.0,0.0,0.0,0.0,0.0,1.0,0.0,8.0,1508.0,2114.0,0.0,0.0,0.060000000000000005,0.060000000000000005,1.9700000000000002,24.400000000000002,22.9,6.0,5.3,2.0,5.0,7.0,7.0
254,Antonee,Robinson,Robinson,a,,,4.5,447,90,1.4,153,64,1.3,217,79,1,0,0,0,0,3518,17978,0.3,0.9,1.3,1.3,1.3,250,89,,,129,59,50,8,174,59,103,34,,,2.0,,,,,0.08,0.06,0.14,2.24,0.0,0.0,2.53,1.08,5.42,3,1,78.0,0.0,0.0,0.0,3.0,0.0,0.0,0.0,0.0,0.0,0.0,1.0,0.0,7.0,3689.0,18098.0,0.0,0.07999999999999999,0.1,0.18,1.9699999999999998,14.600000000000001,24.8,9.0,4.799999999999999,2.0,3.0,5.0,5.0
255,Jorge,Cuenca Barreno,J.Cuenca,a,,,4.5,482,116,0.0,540,187,1.0,251,94,0,0,0,0,0,75,423,0.2,0.7,1.0,1.0,3.0,122,49,,,179,79,162,52,395,167,218,82,,,,,,,,0.0,0.03,0.03,2.24,0.0,0.0,3.0,1.0,10.0,3,0,0.0,0.0,0.0,0.0,0.0,0.0,0.0,0.0,0.0,0.0,0.0,0.0,0.0,0.0,77.0,426.0,0.0,0.0,0.0,0.0,0.0,0.0,0.0,0.0,0.0,0.0,0.0,0.0,0.0
256,Kenny,Tete,Tete,a,,,4.4,567,149,0.2,333,124,0.0,445,172,0,-1,1,-1,1,152,1636,0.0,0.0,0.0,0.0,0.0,445,172,,,420,168,415,168,360,153,426,166,,,,,,,,0.0,0.0,0.0,0.0,0.0,0.0,0.0,0.0,0.0,3,0,0.0,0.0,0.0,0.0,0.0,0.0,0.0,0.0,0.0,0.0,0.0,0.0,0.0,0.0,155.0,1651.0,0.0,0.0,0.0,0.0,0.0,0.0,0.0,0.0,0.0,0.0,0.0,0.0,0.0
257,Calvin,Bassey,Bassey,a,,,4.5,473,109,0.7,222,85,1.0,250,93,1,0,0,0,0,1615,6834,0.2,0.7,1.0,1.0,1.0,283,110,,,125,58,207,70,269,102,205,79,,,,,,,,0.01,0.02,0.03,2.08,0.0,0.0,2.33,1.0,4.33,3,1,90.0,0.0,0.0,0.0,3.0,0.0,0.0,0.0,0.0,0.0,0.0,1.0,0.0,2.0,1678.0,6887.0,0.0,0.0,0.04000000000000001,0.039999999999999994,1.9700000000000006,13.799999999999997,6.4,0.0,2.0,1.0,1.0,2.0,2.0
258,Timothy,Castagne,Castagne,a,,,4.5,446,89,0.8,208,80,4.3,59,23,1,0,0,0,0,4722,11299,1.0,2.9,4.3,4.3,4.3,65,26,,,83,42,56,10,55,8,49,8,,,,,,,,0.24,0.13,0.37,1.63,0.0,0.36,2.19,1.09,5.47,3,1,90.0,0.0,0.0,0.0,3.0,0.0,0.0,0.0,0.0,0.0,0.0,1.0,0.0,-1.0,5088.0,11398.0,0.0,0.5800000000000001,0.19,0.77,1.9699999999999998,20.6,24.1,30.0,7.499999999999998,2.0,5.0,5.0,7.0
261,Alex,Iwobi,Iwobi,a,,,5.4,191,119,0.8,217,69,2.0,188,86,2,-1,1,-1,1,1717,10917,0.4,1.1,2.0,2.0,2.0,211,93,,,183,69,34,29,171,84,97,54,1.0,1.0,3.0,,,,,0.02,0.24,0.26,2.14,0.0,0.0,2.4,1.03,6.18,3,2,82.0,0.0,0.0,0.0,3.0,0.0,0.0,0.0,0.0,0.0,0.0,1.0,0.0,15.0,1775.0,11021.0,0.0,0.04,0.25999999999999995,0.3,1.9700000000000006,7.600000000000001,23.700000000000003,11.0,4.199999999999999,1.0,0.0,3.0,4.0
262,Emile,Smith Rowe,Smith Rowe,a,,,5.4,197,123,0.3,303,105,0.7,315,144,1,-1,1,-1,1,634,3467,0.1,0.4,0.7,0.7,1.0,330,148,,,300,131,150,88,201,100,249,107,,,,,,,,0.22,0.07,0.29,1.48,0.0,0.0,0.0,0.0,3.6,3,1,11.0,0.0,0.0,0.0,0.0,0.0,0.0,0.0,0.0,0.0,0.0,0.0,0.0,3.0,641.0,3501.0,0.0,0.0,0.0,0.0,0.0,0.20000000000000018,0.5,2.0,0.2999999999999998,0.0,0.0,0.0,0.0
263,Kevin,Santos Lopes de Macedo,Kevin,a,,,5.4,230,146,0.0,506,205,0.7,320,146,0,0,0,-1,1,187,798,0.1,0.4,0.7,0.7,1.0,339,154,,,304,134,255,135,601,258,333,152,4.0,,,,,,,0.0,0.19,0.19,0.75,0.0,0.0,0.0,0.0,11.25,3,0,0.0,0.0,0.0,0.0,0.0,0.0,0.0,0.0,0.0,0.0,0.0,0.0,0.0,0.0,192.0,802.0,0.0,0.0,0.0,0.0,0.0,0.0,0.0,0.0,0.0,0.0,0.0,0.0,0.0
264,Oscar,Bobb,Bobb,a,,,5.5,164,100,0.3,294,101,2.3,163,71,2,0,0,0,0,1668,4333,0.4,1.3,2.3,2.3,2.3,180,77,,,195,75,22,19,38,23,35,26,2.0,,,,,,,0.14,0.39,0.53,1.89,0.0,0.43,2.56,1.28,6.4,3,2,78.0,0.0,0.0,0.0,3.0,0.0,0.0,0.0,0.0,0.0,0.0,1.0,0.0,17.0,1700.0,4363.0,0.0,0.32,0.65,0.97,1.9700000000000002,11.2,58.8,53.0,12.3,0.0,0.0,4.0,4.0
265,Sander,Berge,Berge,a,,,5.0,265,166,0.3,291,100,1.7,205,93,1,0,0,0,0,516,3515,0.3,1.0,1.7,1.7,1.7,232,102,,,208,84,51,42,199,98,151,71,,,,,,,,0.01,0.16,0.17,2.41,0.0,0.0,2.46,0.98,3.93,3,1,29.0,0.0,0.0,0.0,1.0,0.0,0.0,0.0,0.0,0.0,0.0,0.0,0.0,9.0,532.0,3551.0,0.0,0.0,0.1,0.09999999999999998,0.8400000000000007,3.1999999999999993,2.8999999999999986,0.0,0.5999999999999996,0.0,0.0,2.0,2.0
266,Tom,Cairney,Cairney,i,Knee injury - Expected back 10 Oct,,5.0,239,150,0.0,636,277,0.0,555,228,0,0,0,0,0,25,40,0.0,0.0,0.0,0.0,0.0,555,228,0.0,0.0,536,218,537,226,504,202,544,223,,,,,,,,0.0,0.0,0.0,0.0,0.0,0.0,0.0,0.0,0.0,3,0,0.0,0.0,0.0,0.0,0.0,0.0,0.0,0.0,0.0,0.0,0.0,0.0,0.0,0.0,25.0,41.0,0.0,0.0,0.0,0.0,0.0,0.0,0.0,0.0,0.0,0.0,0.0,0.0,0.0
268,Josh,King,King,a,,,5.5,182,114,1.1,176,56,6.3,28,11,10,0,0,0,0,60785,23365,1.1,3.5,6.3,6.3,6.3,30,12,,,16,9,71,53,14,8,17,13,,,,,,,,0.32,0.11,0.43,2.08,0.0,0.0,2.33,1.0,6.33,3,10,90.0,1.0,0.0,0.0,3.0,0.0,0.0,0.0,0.0,0.0,0.0,1.0,3.0,38.0,60972.0,23465.0,0.0,0.30999999999999994,0.27,0.5800000000000001,1.9700000000000006,44.599999999999994,26.0,34.0,10.499999999999998,1.0,1.0,5.0,7.0
269,Ryan,Sessegnon,Sessegnon,a,,,4.5,452,93,0.3,289,104,1.0,248,91,1,0,0,0,0,213,2989,0.2,0.7,1.0,1.0,1.0,279,106,,,233,97,139,44,94,21,168,67,3.0,,,,,,,0.23,0.79,1.02,3.24,0.0,0.0,1.8,0.0,5.4,3,1,11.0,0.0,0.0,0.0,0.0,0.0,0.0,0.0,0.0,0.0,0.0,0.0,0.0,3.0,222.0,3030.0,0.0,0.08,0.32,0.3999999999999999,0.0,2.0,14.8,4.0,2.0999999999999996,0.0,1.0,1.0,1.0
271,Rodrigo,Muniz Carvalho,Muniz,a,,,5.4,206,47,0.4,259,44,0.7,318,36,1,-1,1,-1,1,2537,5418,0.1,0.4,0.7,0.7,1.0,332,35,,,273,24,161,17,88,21,197,21,,,,,,,,2.4,0.0,2.4,0.18,0.0,0.0,0.0,0.0,6.0,3,1,7.0,0.0,0.0,0.0,0.0,0.0,0.0,0.0,0.0,0.0,0.0,0.0,0.0,5.0,2566.0,5501.0,0.0,0.38,0.0,0.38,0.0,3.1999999999999993,10.100000000000001,27.0,4.0,0.0,0.0,0.0,0.0
272,Jonah,Kusi-Asare,Kusi-Asare,a,,,4.5,558,77,6.2,64,9,0.0,522,58,0,0,0,0,0,26939,55530,0.0,0.0,0.0,0.0,0.0,522,58,,,499,51,498,56,457,53,505,55,,,,,,,,0.0,0.0,0.0,0.0,0.0,0.0,0.0,0.0,0.0,3,0,0.0,0.0,0.0,0.0,0.0,0.0,0.0,0.0,0.0,0.0,0.0,0.0,0.0,0.0,27306.0,56060.0,0.0,0.0,0.0,0.0,0.0,0.0,0.0,0.0,0.0,0.0,0.0,0.0,0.0
270,Harrison,Reed,Reed,a,,,4.5,443,260,1.2,172,55,0.0,456,182,0,0,0,0,0,2800,11046,0.0,0.0,0.0,0.0,0.0,456,182,,,431,169,428,177,377,146,437,173,,,,,,,,0.0,0.0,0.0,0.0,0.0,0.0,0.0,0.0,0.0,3,0,0.0,0.0,0.0,0.0,0.0,0.0,0.0,0.0,0.0,0.0,0.0,0.0,0.0,0.0,2853.0,11164.0,0.0,0.0,0.0,0.0,0.0,0.0,0.0,0.0,0.0,0.0,0.0,0.0,0.0
569,Gonzalo,García,Gonzalo,a,,,6.0,79,18,4.1,84,11,3.3,106,11,2,0,0,0,0,30564,73324,0.6,1.7,3.3,3.3,3.3,117,14,,,119,7,164,18,10,6,38,6,,,1.0,,,,,0.48,0.07,0.55,2.08,0.0,0.0,2.33,1.0,4.33,3,2,90.0,0.0,0.0,0.0,3.0,0.0,0.0,0.0,0.0,0.0,0.0,1.0,0.0,10.0,31208.0,73990.0,0.0,0.43999999999999995,0.2,0.6399999999999999,1.9700000000000006,5.800000000000004,14.000000000000002,39.0,5.9,1.0,3.0,3.0,7.0
570,César,Palacios,Palacios,a,,,5.5,180,113,0.2,352,127,3.7,91,43,8,0,0,0,0,1138,1401,0.7,2.0,3.7,3.7,3.7,99,45,,,149,55,155,91,42,27,84,52,,,,,,,,0.43,0.01,0.44,2.16,0.0,0.0,2.61,1.3,5.65,3,8,60.0,1.0,0.0,0.0,2.0,0.0,0.0,0.0,0.0,0.0,0.0,1.0,1.0,27.0,1141.0,1421.0,0.0,0.8,0.019999999999999997,0.8200000000000001,1.1399999999999997,33.800000000000004,13.700000000000001,51.0,9.9,0.0,0.0,0.0,0.0
580,Shea,Charles,Charles,a,,,5.0,298,180,0.1,466,184,1.3,227,101,2,0,0,0,0,239,630,0.3,0.8,1.3,1.3,1.3,255,114,,,237,96,93,63,159,78,182,85,,,,,,,,0.07,0.09,0.16,2.76,0.0,0.0,2.93,0.73,11.71,3,2,78.0,0.0,0.0,0.0,3.0,0.0,0.0,0.0,0.0,0.0,0.0,1.0,0.0,18.0,239.0,636.0,0.0,0.0,0.09,0.09,1.97,12.399999999999999,35.199999999999996,8.0,5.6,0.0,3.0,8.0,11.0
610,Luc,De Fougerolles,De Fougerolles,d,Unspecified injury - 75% chance of playing,,4.0,638,198,0.1,437,156,0.0,429,157,0,0,0,0,0,497,963,0.0,0.0,0.0,0.0,0.0,429,157,75.0,75.0,404,153,399,153,341,135,410,151,,,,,,,,0.0,0.0,0.0,0.0,0.0,0.0,0.0,0.0,0.0,3,0,0.0,0.0,0.0,0.0,0.0,0.0,0.0,0.0,0.0,0.0,0.0,0.0,0.0,0.0,504.0,968.0,0.0,0.0,0.0,0.0,0.0,0.0,0.0,0.0,0.0,0.0,0.0,0.0,0.0
635,Hugo,Larsson,Larsson,a,,,5.0,344,209,0.0,627,271,1.0,263,116,1,0,0,0,0,211,59,0.2,0.2,1.5,1.5,1.0,323,142,,,321,145,300,150,200,99,311,139,,,,,,,,1.06,1.8,2.86,0.0,0.0,0.0,0.0,0.0,8.18,3,1,11.0,0.0,0.0,0.0,0.0,0.0,0.0,0.0,0.0,0.0,0.0,0.0,0.0,3.0,216.0,60.0,0.0,0.13,0.22,0.35,0.0,3.6,1.3,9.0,1.4,1.0,0.0,0.0,1.0
636,Manuel Ángel,Morán Ibáñez,Ángel,a,,,5.0,323,192,0.0,639,280,0.0,588,246,0,0,0,0,0,108,46,0.0,0.0,1.5,1.5,0.0,588,246,,,573,239,580,245,558,228,580,242,,,,,,,,0.0,0.0,0.0,0.0,0.0,0.0,0.0,0.0,0.0,3,0,0.0,0.0,0.0,0.0,0.0,0.0,0.0,0.0,0.0,0.0,0.0,0.0,0.0,0.0,111.0,47.0,0.0,0.0,0.0,0.0,0.0,0.0,0.0,0.0,0.0,0.0,0.0,0.0,0.0
650,David,Affengruber,Affengruber,a,,,4.5,488,121,0.0,632,210,0.0,473,183,0,0,0,0,0,210,76,0.0,0.0,1.8,1.8,0.0,473,183,,,449,180,447,180,399,170,455,178,,,,,,,,0.0,0.0,0.0,0.0,0.0,0.0,0.0,0.0,0.0,3,0,0.0,0.0,0.0,0.0,0.0,0.0,0.0,0.0,0.0,0.0,0.0,0.0,0.0,0.0,212.0,76.0,0.0,0.0,0.0,0.0,0.0,0.0,0.0,0.0,0.0,0.0,0.0,0.0,0.0
240,Tim,Iroegbunam,Iroegbunam,a,,,5.0,312,186,0.0,582,243,0.3,363,167,0,0,0,0,0,268,157,0.1,0.2,0.3,0.3,1.0,318,138,100.0,100.0,566,235,572,241,550,224,573,238,,,,,,,,0.0,0.0,0.0,0.0,0.0,0.0,0.0,0.0,0.0,3,0,0.0,0.0,0.0,0.0,0.0,0.0,0.0,0.0,0.0,0.0,0.0,0.0,0.0,0.0,271.0,160.0,0.0,0.0,0.0,0.0,0.0,0.0,0.0,0.0,0.0,0.0,0.0,0.0,0.0
274,Jack,Butland,Butland,i,Arm injury - Unknown return date,,4.5,434,27,0.1,460,51,0.0,450,48,0,0,0,0,0,107,669,0.0,0.0,0.0,0.0,0.0,450,48,0.0,0.0,425,48,422,31,370,28,431,48,,,,,,,,0.0,0.0,0.0,0.0,0.0,0.0,0.0,0.0,0.0,3,0,0.0,0.0,0.0,0.0,0.0,0.0,0.0,0.0,0.0,0.0,0.0,0.0,0.0,0.0,109.0,674.0,0.0,0.0,0.0,0.0,0.0,0.0,0.0,0.0,0.0,0.0,0.0,0.0,0.0
275,Harvey,Cartwright,Cartwright,u,Has joined Grimsby Town on loan for the rest of the season,,4.0,627,69,0.0,614,71,0.0,420,43,0,0,0,0,0,0,51,0.0,0.0,0.0,0.0,0.0,420,43,0.0,0.0,395,43,390,24,332,21,401,43,,,,,,,,0.0,0.0,0.0,0.0,0.0,0.0,0.0,0.0,0.0,3,0,0.0,0.0,0.0,0.0,0.0,0.0,0.0,0.0,0.0,0.0,0.0,0.0,0.0,0.0,0.0,52.0,0.0,0.0,0.0,0.0,0.0,0.0,0.0,0.0,0.0,0.0,0.0,0.0,0.0
276,Thimothée,Lo-Tutala,Lo-Tutala,u,Has joined Colchester United on loan for the rest of the season,,4.0,616,66,0.0,554,63,0.0,413,40,0,0,0,0,0,0,157,0.0,0.0,0.0,0.0,0.0,413,40,0.0,0.0,388,40,383,21,325,18,394,40,,,,,,,,0.0,0.0,0.0,0.0,0.0,0.0,0.0,0.0,0.0,3,0,0.0,0.0,0.0,0.0,0.0,0.0,0.0,0.0,0.0,0.0,0.0,0.0,0.0,0.0,0.0,160.0,0.0,0.0,0.0,0.0,0.0,0.0,0.0,0.0,0.0,0.0,0.0,0.0,0.0
277,John,Egan,Egan,a,,,4.1,577,159,6.3,63,26,7.7,10,3,6,1,-1,1,-1,180874,48069,1.9,5.6,7.7,7.7,7.7,11,3,,,36,13,319,121,264,97,149,58,,,,,,,,0.0,0.0,0.0,1.68,0.0,1.0,0.0,1.0,13.67,3,6,90.0,0.0,0.0,1.0,0.0,0.0,0.0,0.0,0.0,0.0,0.0,1.0,0.0,18.0,185066.0,49003.0,0.0,0.0,0.0,0.0,1.9299999999999997,15.399999999999991,0.09999999999999998,0.0,1.5999999999999996,3.0,4.0,1.0,7.0
278,Charlie,Hughes,Hughes,i,Groin injury - Unknown return date,,4.0,631,192,0.1,458,163,0.0,423,152,0,0,0,0,0,110,868,0.0,0.0,0.0,0.0,0.0,423,152,0.0,0.0,398,148,393,148,335,130,404,146,,,,,,,,0.0,0.0,0.0,0.0,0.0,0.0,0.0,0.0,0.0,3,0,0.0,0.0,0.0,0.0,0.0,0.0,0.0,0.0,0.0,0.0,0.0,0.0,0.0,0.0,112.0,872.0,0.0,0.0,0.0,0.0,0.0,0.0,0.0,0.0,0.0,0.0,0.0,0.0,0.0
279,Semi,Ajayi,Ajayi,a,,,4.1,578,160,11.7,35,12,8.3,4,1,5,0,0,1,-1,245146,54407,2.0,6.1,8.3,8.3,8.3,5,1,100.0,100.0,55,24,286,102,85,18,112,39,,,,,,,,0.19,0.0,0.19,1.51,0.0,1.11,0.0,1.11,7.41,3,5,90.0,0.0,0.0,1.0,0.0,0.0,0.0,0.0,1.0,0.0,0.0,1.0,0.0,17.0,249317.0,55734.0,0.0,0.0,0.0,0.0,1.9300000000000002,11.0,0.7,0.0,1.1999999999999993,1.0,5.0,1.0,6.0
280,Lewie,Coyle,Coyle,a,,,4.0,602,171,0.6,242,90,4.0,73,29,6,0,0,0,0,5334,2700,1.0,3.0,4.0,3.0,4.0,78,31,100.0,75.0,256,106,184,58,315,118,269,102,,,,,,,,0.0,0.01,0.01,2.06,0.0,1.02,0.0,1.53,3.05,3,6,63.0,0.0,0.0,1.0,0.0,0.0,0.0,0.0,0.0,0.0,0.0,1.0,0.0,19.0,5346.0,2785.0,0.0,0.0,0.01,0.01,1.8099999999999996,1.4000000000000004,4.6,0.0,0.5999999999999996,0.0,0.0,0.0,0.0
281,Cody,Drameh,Drameh,u,Has joined Genoa permanently,,4.0,613,179,0.1,496,175,0.7,285,100,0,0,0,0,0,0,1274,0.2,0.5,0.0,0.0,1.0,267,96,0.0,0.0,291,116,333,125,291,109,329,121,,,,,,,,0.07,0.0,0.07,1.2,0.0,0.0,0.0,0.0,8.31,3,0,0.0,0.0,0.0,0.0,0.0,0.0,0.0,0.0,0.0,0.0,0.0,0.0,0.0,0.0,0.0,1285.0,0.0,0.0,0.0,0.0,0.0,0.0,0.0,0.0,0.0,0.0,0.0,0.0,0.0
283,Matty,Jacob,Jacob,u,Has joined Newport County on loan until January,,4.0,617,181,0.0,605,204,0.0,414,146,0,0,0,0,0,0,95,0.0,0.0,0.0,0.0,0.0,414,146,0.0,0.0,389,142,384,142,326,124,395,140,,,,,,,,0.0,0.0,0.0,0.0,0.0,0.0,0.0,0.0,0.0,3,0,0.0,0.0,0.0,0.0,0.0,0.0,0.0,0.0,0.0,0.0,0.0,0.0,0.0,0.0,0.0,96.0,0.0,0.0,0.0,0.0,0.0,0.0,0.0,0.0,0.0,0.0,0.0,0.0,0.0
626,Macaulay,Zepa,Zepa,a,,,4.5,552,285,0.4,284,95,0.0,518,203,0,0,0,0,0,9848,5197,0.0,0.0,0.0,0.0,0.0,518,203,,,495,190,494,198,452,167,501,194,,,,,,,,0.0,0.0,0.0,0.0,0.0,0.0,0.0,0.0,0.0,3,0,0.0,0.0,0.0,0.0,0.0,0.0,0.0,0.0,0.0,0.0,0.0,0.0,0.0,0.0,9993.0,5228.0,0.0,0.0,0.0,0.0,0.0,0.0,0.0,0.0,0.0,0.0,0.0,0.0,0.0
273,Dillon,Phillips,Phillips,a,,,4.0,596,60,1.5,152,22,0.0,401,34,0,0,0,0,0,6658,6938,0.0,0.0,0.0,0.0,0.0,401,34,,,376,34,370,15,310,12,381,34,,,,,,,,0.0,0.0,0.0,0.0,0.0,0.0,0.0,0.0,0.0,3,0,0.0,0.0,0.0,0.0,0.0,0.0,0.0,0.0,0.0,0.0,0.0,0.0,0.0,0.0,6767.0,7042.0,0.0,0.0,0.0,0.0,0.0,0.0,0.0,0.0,0.0,0.0,0.0,0.0,0.0
285,Paddy,McNair,McNair,a,,,4.0,594,165,0.1,401,148,0.3,335,118,0,0,0,0,0,357,873,0.1,0.2,0.3,0.3,1.0,263,92,100.0,,312,120,369,134,309,114,341,125,,,,,,,,0.0,0.0,0.0,3.32,0.0,0.0,0.0,0.0,6.92,3,0,0.0,0.0,0.0,0.0,0.0,0.0,0.0,0.0,0.0,0.0,0.0,0.0,0.0,0.0,368.0,882.0,0.0,0.0,0.0,0.0,0.0,0.0,0.0,0.0,0.0,0.0,0.0,0.0,0.0
286,Mohamed,Belloumi,Belloumi,a,,,5.0,340,205,1.0,194,62,4.7,56,27,5,0,0,0,0,18871,7943,0.9,2.8,4.7,4.7,4.7,61,28,,,92,33,138,82,101,55,107,56,2.0,2.0,,,,,,0.07,0.02,0.09,1.73,0.0,1.07,0.0,1.07,11.38,3,5,81.0,0.0,0.0,1.0,0.0,0.0,0.0,0.0,0.0,0.0,0.0,1.0,0.0,15.0,18998.0,8006.0,0.0,0.03,0.009999999999999995,0.04000000000000001,1.9300000000000002,22.800000000000004,12.399999999999999,10.0,4.5,3.0,8.0,1.0,12.0
287,Liam,Millar,Millar,u,Has joined Birmingham on loan for the rest of the season,,5.0,283,174,0.0,500,201,2.0,181,80,0,0,0,0,0,0,2024,0.4,1.2,0.0,0.0,3.0,130,52,0.0,0.0,163,60,305,153,151,75,222,100,,,,,,,,1.04,0.0,1.04,1.57,0.0,0.0,0.0,0.0,7.2,3,0,0.0,0.0,0.0,0.0,0.0,0.0,0.0,0.0,0.0,0.0,0.0,0.0,0.0,0.0,0.0,2040.0,0.0,0.0,0.0,0.0,0.0,0.0,0.0,0.0,0.0,0.0,0.0,0.0,0.0
288,Kieran,Dowell,Dowell,a,,,4.5,448,261,0.3,288,98,0.0,457,183,0,0,0,0,0,2302,3517,0.0,0.0,0.0,0.0,0.0,457,183,,,432,170,429,178,378,147,438,174,,,,,,,,0.0,0.0,0.0,0.0,0.0,0.0,0.0,0.0,0.0,3,0,0.0,0.0,0.0,0.0,0.0,0.0,0.0,0.0,0.0,0.0,0.0,0.0,0.0,0.0,2334.0,3551.0,0.0,0.0,0.0,0.0,0.0,0.0,0.0,0.0,0.0,0.0,0.0,0.0,0.0
289,Matt,Crooks,Crooks,a,,,4.5,433,258,0.5,250,82,0.7,290,132,0,0,0,0,0,1180,6682,0.2,0.4,0.7,0.5,2.0,188,82,100.0,75.0,224,90,270,140,369,144,285,127,,,,,,,,0.0,0.0,0.0,1.83,0.0,1.0,0.0,1.0,9.0,3,0,0.0,0.0,0.0,0.0,0.0,0.0,0.0,0.0,0.0,0.0,0.0,0.0,0.0,0.0,1190.0,6786.0,0.0,0.0,0.0,0.0,0.0,0.0,0.0,0.0,0.0,0.0,0.0,0.0,0.0
290,Regan,Slater,Slater,a,,,4.5,476,264,5.3,69,21,3.7,83,37,3,0,0,0,0,111231,61648,0.8,2.4,3.7,3.7,3.7,91,39,,,152,56,113,71,191,93,154,73,1.0,,,,,,,0.01,0.15,0.16,1.68,0.0,1.0,0.0,1.0,6.33,3,3,90.0,0.0,0.0,1.0,0.0,0.0,0.0,0.0,0.0,0.0,0.0,1.0,0.0,10.0,112763.0,62285.0,0.0,0.04,0.010000000000000009,0.04999999999999999,1.9299999999999997,10.599999999999998,12.299999999999997,8.0,3.1000000000000005,1.0,3.0,2.0,6.0
291,Eliot,Matazo,Matazo,i,Knee injury - Unknown return date,,4.5,494,266,0.0,622,267,0.0,475,186,0,0,0,0,0,86,88,0.0,0.0,0.0,0.0,0.0,475,186,0.0,0.0,451,173,450,181,402,150,457,177,,,,,,,,0.0,0.0,0.0,0.0,0.0,0.0,0.0,0.0,0.0,3,0,0.0,0.0,0.0,0.0,0.0,0.0,0.0,0.0,0.0,0.0,0.0,0.0,0.0,0.0,87.0,91.0,0.0,0.0,0.0,0.0,0.0,0.0,0.0,0.0,0.0,0.0,0.0,0.0,0.0
292,Abdülkadir,Ömür,Ömür,a,,,4.9,374,224,0.0,580,241,0.0,536,213,0,0,0,-1,1,231,245,0.0,0.0,0.0,0.0,0.0,536,213,,,515,201,513,208,474,178,521,205,,,,,,,,0.0,0.0,0.0,0.0,0.0,0.0,0.0,0.0,0.0,3,0,0.0,0.0,0.0,0.0,0.0,0.0,0.0,0.0,0.0,0.0,0.0,0.0,0.0,0.0,239.0,249.0,0.0,0.0,0.0,0.0,0.0,0.0,0.0,0.0,0.0,0.0,0.0,0.0,0.0
293,Abu,Kamara,Kamara,u,Has joined Portsmouth permanently,,5.0,313,187,0.0,645,284,0.0,582,243,0,0,0,0,0,0,40,0.0,0.0,0.0,0.0,0.0,582,243,0.0,0.0,567,236,573,242,551,225,574,239,,,,,,,,0.0,0.0,0.0,0.0,0.0,0.0,0.0,0.0,0.0,3,0,0.0,0.0,0.0,0.0,0.0,0.0,0.0,0.0,0.0,0.0,0.0,0.0,0.0,0.0,0.0,40.0,0.0,0.0,0.0,0.0,0.0,0.0,0.0,0.0,0.0,0.0,0.0,0.0,0.0
294,Óscar,Zambrano,Zambrano,a,,,4.5,527,274,0.1,438,171,0.0,498,194,0,0,0,0,0,740,842,0.0,0.0,0.0,0.0,0.0,498,194,100.0,0.0,474,181,474,189,431,158,480,185,,,,,,,,0.0,0.0,0.0,0.0,0.0,0.0,0.0,0.0,0.0,3,0,0.0,0.0,0.0,0.0,0.0,0.0,0.0,0.0,0.0,0.0,0.0,0.0,0.0,0.0,740.0,845.0,0.0,0.0,0.0,0.0,0.0,0.0,0.0,0.0,0.0,0.0,0.0,0.0,0.0
295,Oli,McBurnie,McBurnie,a,,,5.5,127,33,1.9,126,18,2.7,132,12,2,0,0,0,0,16365,28670,0.5,1.5,2.7,2.7,2.7,149,16,,,220,16,73,4,21,8,65,8,,,1.0,,,,,0.18,0.02,0.2,1.68,0.0,1.0,0.0,1.0,4.0,3,2,90.0,0.0,0.0,1.0,0.0,0.0,0.0,0.0,0.0,0.0,0.0,1.0,0.0,2.0,16576.0,29126.0,0.0,0.38,0.05,0.43,1.9299999999999997,2.6000000000000014,11.300000000000004,15.0,2.9000000000000004,2.0,1.0,0.0,3.0
296,David,Akintola,Akintola,a,,,5.0,269,169,0.0,509,207,0.0,564,234,0,0,0,0,0,511,693,0.0,0.0,0.0,0.0,0.0,564,234,,,548,226,550,232,523,212,554,229,,,,,,,,0.0,0.0,0.0,0.0,0.0,0.0,0.0,0.0,0.0,3,0,0.0,0.0,0.0,0.0,0.0,0.0,0.0,0.0,0.0,0.0,0.0,0.0,0.0,0.0,514.0,696.0,0.0,0.0,0.0,0.0,0.0,0.0,0.0,0.0,0.0,0.0,0.0,0.0,0.0
297,Darko,Gyabi,Gyabi,i,Thigh injury - Unknown return date,,4.5,495,267,0.0,570,237,0.0,476,187,0,0,0,0,0,84,216,0.0,0.0,0.0,0.0,0.0,476,187,0.0,0.0,452,174,451,182,403,151,458,178,,,,,,,,0.0,0.0,0.0,0.0,0.0,0.0,0.0,0.0,0.0,3,0,0.0,0.0,0.0,0.0,0.0,0.0,0.0,0.0,0.0,0.0,0.0,0.0,0.0,0.0,85.0,217.0,0.0,0.0,0.0,0.0,0.0,0.0,0.0,0.0,0.0,0.0,0.0,0.0,0.0
298,Enis,Destan,Destan,u,Has joined Konyaspor permanently,,4.5,512,68,0.2,327,53,0.0,485,50,0,0,0,0,0,0,2936,0.0,0.0,0.0,0.0,0.0,485,50,0.0,0.0,461,42,461,48,418,44,467,46,,,,,,,,0.0,0.0,0.0,0.0,0.0,0.0,0.0,0.0,0.0,3,0,0.0,0.0,0.0,0.0,0.0,0.0,0.0,0.0,0.0,0.0,0.0,0.0,0.0,0.0,0.0,2950.0,0.0,0.0,0.0,0.0,0.0,0.0,0.0,0.0,0.0,0.0,0.0,0.0,0.0
340,Joe,Gelhardt,Gelhardt,a,,,5.0,297,179,0.0,599,253,0.0,576,239,0,0,0,0,0,145,126,0.0,0.0,0.0,0.0,0.0,576,239,100.0,100.0,560,231,564,237,541,219,567,234,,,,,,,,0.0,0.0,0.0,0.0,0.0,0.0,0.0,0.0,0.0,3,0,0.0,0.0,0.0,0.0,0.0,0.0,0.0,0.0,0.0,0.0,0.0,0.0,0.0,0.0,147.0,126.0,0.0,0.0,0.0,0.0,0.0,0.0,0.0,0.0,0.0,0.0,0.0,0.0,0.0
556,Matt,Targett,Targett,a,,,4.0,597,167,1.9,125,50,0.3,337,120,0,0,0,0,0,3349,13931,0.1,0.2,0.3,0.3,1.0,265,94,,,355,130,371,135,311,115,382,133,,,,,,,,0.0,0.0,0.0,1.26,0.0,0.0,0.0,0.0,0.0,3,0,0.0,0.0,0.0,0.0,0.0,0.0,0.0,0.0,0.0,0.0,0.0,0.0,0.0,0.0,3403.0,14043.0,0.0,0.0,0.0,0.0,0.0,0.0,0.0,0.0,0.0,0.0,0.0,0.0,0.0
282,Ryan,Giles,Giles,a,,,4.0,610,178,1.4,154,65,6.7,25,11,8,0,0,0,0,37893,10020,1.7,5.0,6.7,6.7,6.7,26,11,,,153,70,41,5,221,75,119,45,3.0,1.0,,,,,,0.01,0.06,0.07,1.7,0.0,1.02,0.0,1.02,4.09,3,8,90.0,0.0,0.0,1.0,0.0,0.0,0.0,0.0,0.0,0.0,0.0,1.0,2.0,30.0,38117.0,10088.0,0.0,0.0,0.03999999999999998,0.04000000000000001,1.9300000000000006,14.800000000000004,26.400000000000006,0.0,4.1,1.0,3.0,5.0,4.0
563,Hidemasa,Morita,Morita,i,Calf injury - Expected back 11 Oct,,5.0,292,176,0.0,561,232,0.3,362,166,0,0,0,0,0,116,338,0.1,0.2,0.0,0.3,1.0,316,137,0.0,100.0,265,110,200,110,537,217,281,123,,,,,,,,0.0,0.0,0.0,2.18,0.0,0.0,0.0,2.0,6.0,3,0,0.0,0.0,0.0,0.0,0.0,0.0,0.0,0.0,0.0,0.0,0.0,0.0,0.0,0.0,119.0,341.0,0.0,0.0,0.0,0.0,0.0,0.0,0.0,0.0,0.0,0.0,0.0,0.0,0.0
572,Konstantinos,Tzolakis,Tzolakis,a,,,4.6,423,22,9.6,43,6,8.7,3,1,6,0,0,1,-1,180506,45832,1.9,5.7,8.7,8.7,8.7,4,1,,,49,9,505,51,464,50,175,8,,,,,,,,0.0,0.0,0.0,1.68,3.0,1.0,0.0,1.0,0.0,3,6,90.0,0.0,0.0,1.0,0.0,0.0,0.0,0.0,0.0,0.0,1.0,1.0,0.0,25.0,182566.0,46964.0,0.0,0.0,0.0,0.0,1.9299999999999997,11.600000000000009,0.0,0.0,1.2000000000000002,0.0,0.0,10.0,0.0
574,Jens,Hjertø-Dahl,Hjertø-Dahl,a,,,4.9,410,247,0.1,480,191,0.3,355,161,1,-1,1,-1,1,355,626,0.1,0.2,0.3,0.3,1.0,303,127,,,532,214,533,222,495,193,540,219,,,,,,,,0.0,0.0,0.0,0.0,0.0,0.0,0.0,0.0,11.25,3,1,8.0,0.0,0.0,0.0,0.0,0.0,0.0,0.0,0.0,0.0,0.0,0.0,0.0,4.0,355.0,636.0,0.0,0.0,0.0,0.0,0.0,0.0,0.0,0.0,0.0,0.0,0.0,1.0,1.0
576,Elliot,Stroud,Stroud,a,,,5.0,351,213,0.1,445,175,2.0,187,85,3,0,0,0,0,446,736,0.4,1.2,2.0,2.0,2.0,210,92,,,277,117,165,94,185,90,251,109,,,,,,,,0.02,0.02,0.04,1.92,0.0,0.95,0.0,1.42,7.11,3,3,62.0,0.0,0.0,1.0,0.0,0.0,0.0,0.0,0.0,0.0,0.0,1.0,0.0,5.0,448.0,746.0,0.0,0.04,0.010000000000000002,0.05,1.8099999999999996,0.0,11.799999999999999,4.0,1.4,0.0,0.0,2.0,2.0
585,Lucas,Herrington,Herrington,a,,,4.0,649,208,0.6,240,88,1.0,246,89,1,0,0,0,0,1362,3253,0.2,0.8,1.0,1.0,1.0,271,100,,,231,96,336,128,352,145,298,110,,,,,,,,0.0,0.0,0.0,1.52,0.0,0.0,0.0,0.0,8.29,3,1,19.0,0.0,0.0,0.0,0.0,0.0,0.0,0.0,0.0,0.0,0.0,0.0,0.0,2.0,1372.0,3289.0,0.0,0.0,0.0,0.0,0.1200000000000001,6.600000000000001,0.09999999999999998,0.0,0.7,1.0,1.0,1.0,2.0
586,Nobel,Mendy,Mendy,a,,,4.1,579,161,7.9,53,21,8.0,6,2,8,1,-1,1,-1,250678,46512,2.0,5.9,8.0,8.0,8.0,7,2,100.0,100.0,19,4,302,112,52,7,57,12,,,,,,,,0.15,0.0,0.15,1.77,0.0,0.94,0.0,1.41,15.08,3,8,70.0,0.0,0.0,1.0,0.0,0.0,0.0,0.0,0.0,0.0,0.0,1.0,0.0,22.0,252281.0,46947.0,0.0,0.030000000000000027,0.0,0.030000000000000027,1.8099999999999998,16.19999999999999,0.6,14.0,3.0999999999999996,3.0,7.0,2.0,10.0
589,Lucas,Gourna-Douath,Gourna-Douath,a,,,5.0,303,182,0.0,552,227,1.0,259,113,2,0,0,0,0,134,200,0.2,0.6,1.0,1.0,1.5,242,107,,,200,79,152,90,544,221,229,102,,,,,,,,0.0,0.01,0.01,1.52,0.0,0.71,0.0,0.71,11.43,3,2,81.0,0.0,0.0,1.0,0.0,0.0,0.0,0.0,1.0,0.0,0.0,1.0,0.0,7.0,135.0,205.0,0.0,0.0,0.01,0.01,1.93,13.399999999999999,21.6,0.0,3.5000000000000004,1.0,4.0,5.0,10.0
617,Mohamed-Ali,Cho,Cho,a,,,5.0,315,189,0.0,601,255,1.0,261,114,1,0,0,0,0,277,144,0.2,0.4,1.0,1.0,1.0,319,139,,,323,146,340,168,136,69,289,128,,,,,,,,0.3,0.0,0.3,1.08,0.0,0.0,0.0,0.0,0.0,3,1,8.0,0.0,0.0,0.0,0.0,0.0,0.0,0.0,0.0,0.0,0.0,0.0,0.0,5.0,281.0,144.0,0.0,0.05,0.0,0.05,0.0,3.0,0.0,17.0,2.0,0.0,0.0,0.0,0.0
632,Ilyas,Ansah,Ansah,i,Back injury - Unknown return date,,5.0,357,62,0.0,502,69,0.0,601,67,0,0,0,0,0,2630,1023,0.0,0.0,0.0,1.4,0.0,601,67,0.0,,586,60,593,65,575,62,593,64,,,,,,,,0.0,0.0,0.0,0.0,0.0,0.0,0.0,0.0,0.0,3,0,0.0,0.0,0.0,0.0,0.0,0.0,0.0,0.0,0.0,0.0,0.0,0.0,0.0,0.0,2669.0,1026.0,0.0,0.0,0.0,0.0,0.0,0.0,0.0,0.0,0.0,0.0,0.0,0.0,0.0
637,Robinio,Vaz,Vaz,a,,,5.0,359,64,0.0,507,70,0.0,603,69,0,0,0,0,0,2443,585,0.0,0.0,1.4,1.4,0.0,603,69,,,588,62,595,67,577,64,595,66,,,,,,,,0.0,0.0,0.0,0.0,0.0,0.0,0.0,0.0,0.0,3,0,0.0,0.0,0.0,0.0,0.0,0.0,0.0,0.0,0.0,0.0,0.0,0.0,0.0,0.0,2469.0,591.0,0.0,0.0,0.0,0.0,0.0,0.0,0.0,0.0,0.0,0.0,0.0,0.0,0.0
638,Brooke,Norton-Cuffy,Norton-Cuffy,a,,,4.0,628,189,0.3,305,113,1.0,244,87,1,0,0,0,0,11824,2677,0.2,0.2,1.0,1.0,1.0,268,97,,,338,126,335,127,263,96,338,124,,,,,,,,0.0,0.0,0.0,0.42,0.0,0.0,0.0,0.0,3.46,3,1,26.0,0.0,0.0,0.0,0.0,0.0,0.0,0.0,0.0,0.0,0.0,0.0,0.0,3.0,11957.0,2694.0,0.0,0.0,0.0,0.0,0.12,2.2,0.3,2.0,0.5,0.0,1.0,2.0,1.0
642,Sorba,Thomas,Thomas,a,,,5.5,144,87,0.0,591,248,1.0,270,122,1,0,0,0,0,687,199,0.2,0.2,2.0,2.0,1.0,345,157,,,328,148,220,117,614,263,312,140,,,,,,,,0.0,0.13,0.13,0.4,0.0,0.0,0.0,0.0,3.33,3,1,27.0,0.0,0.0,0.0,0.0,0.0,0.0,0.0,0.0,0.0,0.0,0.0,0.0,5.0,698.0,201.0,0.0,0.0,0.04,0.04,0.12,3.2,10.8,0.0,1.4,0.0,0.0,1.0,1.0
645,Christos,Mouzakitis,Mouzakitis,a,,,5.0,360,217,0.0,629,273,0.0,604,255,0,0,0,0,0,223,63,0.0,0.0,1.5,1.5,0.0,604,255,,,589,248,596,254,578,241,596,251,,,,,,,,0.0,0.0,0.0,0.0,0.0,0.0,0.0,0.0,0.0,3,0,0.0,0.0,0.0,0.0,0.0,0.0,0.0,0.0,0.0,0.0,0.0,0.0,0.0,0.0,224.0,64.0,0.0,0.0,0.0,0.0,0.0,0.0,0.0,0.0,0.0,0.0,0.0,0.0,0.0
259,Issa,Diop,Diop,a,,,4.0,607,175,14.6,27,8,2.3,146,56,3,0,0,0,0,24917,99188,0.6,1.8,2.3,2.3,2.3,166,64,,,41,15,213,74,262,95,145,57,,,,,,,,0.0,0.01,0.01,2.04,0.0,0.0,2.67,1.0,9.33,3,3,90.0,0.0,0.0,0.0,2.0,0.0,0.0,0.0,0.0,0.0,0.0,1.0,0.0,10.0,25274.0,100754.0,0.0,0.0,0.01,0.01,0.6900000000000004,27.200000000000003,10.8,0.0,3.8000000000000007,2.0,9.0,2.0,11.0
267,Saša,Lukić,Lukić,a,,,5.0,268,168,0.1,412,158,2.7,130,54,2,0,0,0,0,531,979,0.5,1.6,2.7,2.7,2.7,147,60,,,113,41,88,60,243,116,131,65,1.0,,,,,,,0.01,0.02,0.03,1.88,0.0,0.0,2.5,1.07,7.5,3,2,90.0,0.0,0.0,0.0,2.0,0.0,0.0,0.0,0.0,0.0,0.0,1.0,0.0,13.0,536.0,987.0,0.0,0.0,0.019999999999999997,0.020000000000000004,0.6899999999999995,10.400000000000006,14.2,0.0,2.5,1.0,1.0,2.0,4.0
300,Christian,Walton,Walton,a,,,4.5,436,28,0.4,270,36,0.0,451,49,0,0,0,0,0,183,1951,0.0,0.0,0.0,0.0,0.0,451,49,,,426,49,423,32,372,29,432,49,,,,,,,,0.0,0.0,0.0,0.0,0.0,0.0,0.0,0.0,0.0,3,0,0.0,0.0,0.0,0.0,0.0,0.0,0.0,0.0,0.0,0.0,0.0,0.0,0.0,0.0,186.0,1980.0,0.0,0.0,0.0,0.0,0.0,0.0,0.0,0.0,0.0,0.0,0.0,0.0,0.0
302,David,Button,Button,a,,,4.0,583,52,0.5,246,33,0.0,390,26,0,0,0,0,0,9769,3555,0.0,0.0,0.0,0.0,0.0,390,26,,,365,26,358,7,298,4,370,26,,,,,,,,0.0,0.0,0.0,0.0,0.0,0.0,0.0,0.0,0.0,3,0,0.0,0.0,0.0,0.0,0.0,0.0,0.0,0.0,0.0,0.0,0.0,0.0,0.0,0.0,9950.0,3626.0,0.0,0.0,0.0,0.0,0.0,0.0,0.0,0.0,0.0,0.0,0.0,0.0,0.0
304,Dara,O'Shea,O'Shea,a,,,4.0,606,174,3.0,104,40,2.3,145,55,3,0,0,0,0,11128,28044,0.6,1.8,2.3,2.3,2.3,165,63,,,53,22,129,38,146,46,96,28,,,,,,,,0.02,0.06,0.08,2.04,0.0,0.0,2.67,1.0,10.0,3,3,90.0,0.0,0.0,0.0,2.0,0.0,0.0,0.0,0.0,0.0,0.0,1.0,0.0,5.0,11439.0,28935.0,0.0,0.0,0.009999999999999981,0.010000000000000009,0.6900000000000004,23.799999999999997,4.399999999999999,4.0,3.1999999999999993,3.0,8.0,3.0,11.0
284,Cathal,McCarthy,McCarthy,a,,,4.0,655,214,0.1,440,157,0.0,443,170,0,0,0,0,0,629,737,0.0,0.0,0.0,0.0,0.0,443,170,,,418,166,413,166,358,151,424,164,,,,,,,,0.0,0.0,0.0,0.0,0.0,0.0,0.0,0.0,0.0,3,0,0.0,0.0,0.0,0.0,0.0,0.0,0.0,0.0,0.0,0.0,0.0,0.0,0.0,0.0,641.0,744.0,0.0,0.0,0.0,0.0,0.0,0.0,0.0,0.0,0.0,0.0,0.0,0.0,0.0
303,Cédric,Kipré,Kipré,a,,,4.0,601,170,0.5,249,93,0.0,403,140,0,0,0,0,0,421,2844,0.0,0.0,0.0,0.0,0.0,403,140,,,378,136,373,136,314,117,384,134,,,,,,,,0.0,0.0,0.0,0.0,0.0,0.0,0.0,0.0,0.0,3,0,0.0,0.0,0.0,0.0,0.0,0.0,0.0,0.0,0.0,0.0,0.0,0.0,0.0,0.0,426.0,2897.0,0.0,0.0,0.0,0.0,0.0,0.0,0.0,0.0,0.0,0.0,0.0,0.0,0.0
305,Leif,Davis,Davis,a,,,4.0,620,184,5.1,71,29,3.0,108,40,1,0,0,0,0,30090,43679,0.8,2.2,3.0,3.0,3.0,119,46,,,39,14,97,25,28,3,32,3,,2.0,,,,,,0.22,0.08,0.3,2.04,0.0,0.0,2.67,1.0,5.67,3,1,90.0,0.0,0.0,0.0,2.0,0.0,0.0,0.0,0.0,0.0,0.0,1.0,0.0,4.0,30720.0,44167.0,0.0,0.10999999999999999,0.12,0.22999999999999998,0.6900000000000004,17.39999999999999,21.5,19.0,5.800000000000001,2.0,4.0,3.0,6.0
306,Jacob,Greaves,Greaves,a,,,4.0,618,182,1.2,167,68,0.7,286,101,1,0,0,0,0,1325,6087,0.2,0.5,0.7,0.7,0.7,372,129,,,115,55,189,60,237,85,185,71,,,,,,,,0.0,0.02,0.02,2.04,0.0,0.0,2.67,1.0,8.0,3,1,90.0,0.0,0.0,0.0,2.0,0.0,0.0,0.0,0.0,0.0,0.0,1.0,0.0,6.0,1351.0,6209.0,0.0,0.0,0.04,0.04,0.6900000000000004,15.0,12.3,4.0,3.1000000000000005,1.0,6.0,3.0,7.0
307,Ben,Johnson,Johnson,u,Has joined Stoke City on loan for the rest of the season,,4.0,609,177,0.1,456,162,0.0,408,144,0,0,0,0,0,0,1822,0.0,0.0,0.0,0.0,0.0,408,144,0.0,0.0,383,140,378,140,320,122,389,138,,,,,,,,0.0,0.0,0.0,0.0,0.0,0.0,0.0,0.0,0.0,3,0,0.0,0.0,0.0,0.0,0.0,0.0,0.0,0.0,0.0,0.0,0.0,0.0,0.0,0.0,0.0,1841.0,0.0,0.0,0.0,0.0,0.0,0.0,0.0,0.0,0.0,0.0,0.0,0.0,0.0
309,Marcelino,Núñez,Núñez,a,,,5.0,324,193,0.1,397,148,2.0,184,83,0,0,0,0,0,288,1391,0.4,1.2,2.0,2.0,3.0,132,53,,,203,81,173,99,227,112,226,101,3.0,1.0,,,,,,0.02,0.03,0.05,2.24,0.0,0.0,2.57,1.29,13.5,3,0,0.0,0.0,0.0,0.0,0.0,0.0,0.0,0.0,0.0,0.0,0.0,0.0,0.0,0.0,295.0,1405.0,0.0,0.0,0.0,0.0,0.0,0.0,0.0,0.0,0.0,0.0,0.0,0.0,0.0
310,Azor,Matusiwa,Matusiwa,i,Muscular injury - Unknown return date,,4.9,384,230,0.0,640,281,0.0,540,217,0,-1,1,-1,1,23,32,0.0,0.0,0.0,0.0,0.0,540,217,0.0,0.0,519,205,518,212,479,182,525,209,,,,,,,,0.0,0.0,0.0,0.0,0.0,0.0,0.0,0.0,0.0,3,0,0.0,0.0,0.0,0.0,0.0,0.0,0.0,0.0,0.0,0.0,0.0,0.0,0.0,0.0,23.0,32.0,0.0,0.0,0.0,0.0,0.0,0.0,0.0,0.0,0.0,0.0,0.0,0.0,0.0
311,Wes,Burns,Burns,u,Has joined Leicester City permanently,,5.0,248,153,0.0,642,282,0.0,557,229,0,0,0,0,0,0,31,0.0,0.0,0.0,0.0,0.0,557,229,0.0,0.0,540,220,541,227,511,204,547,224,,,,,,,,0.0,0.0,0.0,0.0,0.0,0.0,0.0,0.0,0.0,3,0,0.0,0.0,0.0,0.0,0.0,0.0,0.0,0.0,0.0,0.0,0.0,0.0,0.0,0.0,0.0,31.0,0.0,0.0,0.0,0.0,0.0,0.0,0.0,0.0,0.0,0.0,0.0,0.0,0.0
312,Jack,Taylor,Taylor,i,Knee injury - Unknown return date,,4.5,471,263,0.0,537,220,0.0,465,185,0,0,0,0,0,128,355,0.0,0.0,0.0,0.0,0.0,465,185,0.0,0.0,441,172,438,180,388,149,447,176,,,,,,,,0.0,0.0,0.0,0.0,0.0,0.0,0.0,0.0,0.0,3,0,0.0,0.0,0.0,0.0,0.0,0.0,0.0,0.0,0.0,0.0,0.0,0.0,0.0,0.0,131.0,359.0,0.0,0.0,0.0,0.0,0.0,0.0,0.0,0.0,0.0,0.0,0.0,0.0,0.0
313,Jack,Clarke,Clarke,a,,,5.5,154,93,0.2,330,118,2.7,136,57,1,0,0,0,0,332,2541,0.5,1.5,2.7,2.7,4.0,85,38,,,159,59,211,114,118,61,181,84,4.0,3.0,1.0,,,,,0.31,0.04,0.35,0.19,0.0,0.0,0.0,0.0,8.37,3,1,24.0,0.0,0.0,0.0,0.0,0.0,0.0,0.0,0.0,0.0,0.0,0.0,0.0,3.0,337.0,2583.0,0.0,0.04999999999999999,0.02,0.07,0.06,3.3999999999999986,11.700000000000001,4.0,1.8999999999999995,0.0,1.0,1.0,2.0
314,Chiedozie,Ogbene,Ogbene,u,Has joined Lincoln City on loan until January,,4.9,381,227,0.0,607,258,0.0,538,215,0,0,0,-1,1,0,244,0.0,0.0,0.0,0.0,0.0,538,215,0.0,0.0,517,203,516,210,477,180,523,207,,,,,,,,0.0,0.0,0.0,0.0,0.0,0.0,0.0,0.0,0.0,3,0,0.0,0.0,0.0,0.0,0.0,0.0,0.0,0.0,0.0,0.0,0.0,0.0,0.0,0.0,0.0,250.0,0.0,0.0,0.0,0.0,0.0,0.0,0.0,0.0,0.0,0.0,0.0,0.0,0.0
315,Abdul,Fatawu,Fatawu,a,,,5.5,172,106,0.2,339,122,2.7,139,60,2,0,0,0,0,1348,1707,0.5,1.5,2.7,2.7,2.7,154,65,,,100,36,11,11,162,79,37,28,2.0,,,,,,,0.01,0.31,0.32,2.36,0.0,0.0,3.2,1.2,6.8,3,2,78.0,0.0,0.0,0.0,2.0,0.0,0.0,0.0,0.0,0.0,0.0,1.0,0.0,14.0,1364.0,1727.0,0.0,0.03,0.15000000000000002,0.18000000000000005,0.6900000000000004,10.199999999999996,32.89999999999999,4.0,4.700000000000001,2.0,2.0,2.0,6.0
316,Emersonn,Correia da Silva,Emersonn,a,,,5.5,175,41,1.7,141,20,4.0,80,7,2,0,0,0,0,19371,18272,0.7,2.2,4.0,4.0,4.0,86,8,100.0,100.0,116,6,102,9,60,15,73,10,,,2.0,,,,,0.53,0.03,0.56,1.04,0.0,0.0,2.06,1.54,3.6,3,2,65.0,0.0,0.0,0.0,2.0,0.0,0.0,0.0,0.0,0.0,0.0,1.0,0.0,8.0,19540.0,18444.0,0.0,0.22000000000000008,0.0,0.22000000000000008,0.6200000000000001,3.1999999999999957,0.0,8.0,1.0999999999999996,1.0,1.0,1.0,3.0
317,George,Hirst,Hirst,u,Has joined Stoke City permanently,,5.0,277,53,0.1,423,61,0.0,567,60,0,0,0,0,0,0,1493,0.0,0.0,0.0,0.0,0.0,567,60,0.0,0.0,551,53,553,58,526,55,557,57,,,,,,,,0.0,0.0,0.0,0.0,0.0,0.0,0.0,0.0,0.0,3,0,0.0,0.0,0.0,0.0,0.0,0.0,0.0,0.0,0.0,0.0,0.0,0.0,0.0,0.0,0.0,1515.0,0.0,0.0,0.0,0.0,0.0,0.0,0.0,0.0,0.0,0.0,0.0,0.0,0.0
318,Jaden,Philogene,Philogene,i,Ankle injury - Unknown return date,,5.4,218,137,0.1,459,182,0.0,616,263,0,0,0,-1,1,17,1073,0.0,0.0,0.0,0.0,0.0,616,263,0.0,0.0,603,257,609,262,594,252,609,259,5.0,,3.0,,,,,0.0,0.0,0.0,0.0,0.0,0.0,0.0,0.0,0.0,3,0,0.0,0.0,0.0,0.0,0.0,0.0,0.0,0.0,0.0,0.0,0.0,0.0,0.0,0.0,17.0,1092.0,0.0,0.0,0.0,0.0,0.0,0.0,0.0,0.0,0.0,0.0,0.0,0.0,0.0
319,Sam,Szmodics,Szmodics,u,Has joined Derby County on loan for the rest of the season,,5.0,255,159,0.0,635,276,0.0,561,232,0,0,0,0,0,0,68,0.0,0.0,0.0,0.0,0.0,561,232,0.0,0.0,544,223,545,230,517,209,551,227,,,,,,,,0.0,0.0,0.0,0.0,0.0,0.0,0.0,0.0,0.0,3,0,0.0,0.0,0.0,0.0,0.0,0.0,0.0,0.0,0.0,0.0,0.0,0.0,0.0,0.0,0.0,70.0,0.0,0.0,0.0,0.0,0.0,0.0,0.0,0.0,0.0,0.0,0.0,0.0,0.0
320,Chuba,Akpom,Akpom,a,,,5.0,247,51,1.2,174,26,2.0,178,16,0,0,0,0,0,27409,14114,0.4,1.2,2.0,2.0,3.0,128,15,,,168,11,289,36,125,25,217,23,,,,,,,,1.27,0.0,1.27,5.27,0.0,0.0,5.22,0.0,3.91,3,0,0.0,0.0,0.0,0.0,0.0,0.0,0.0,0.0,0.0,0.0,0.0,0.0,0.0,0.0,27935.0,14229.0,0.0,0.0,0.0,0.0,0.0,0.0,0.0,0.0,0.0,0.0,0.0,0.0,0.0
321,Sindre,Walle Egeli,Walle Egeli,a,,,4.5,530,71,3.4,92,13,0.3,345,42,0,0,0,0,0,60572,41509,0.1,0.2,0.3,0.3,1.0,290,33,,,477,45,349,44,434,47,483,49,,,,,,,,0.0,0.0,0.0,0.27,0.0,0.0,0.0,0.0,0.0,3,0,0.0,0.0,0.0,0.0,0.0,0.0,0.0,0.0,0.0,0.0,0.0,0.0,0.0,0.0,61495.0,41953.0,0.0,0.0,0.0,0.0,0.0,0.0,0.0,0.0,0.0,0.0,0.0,0.0,0.0
299,Mason,Burstow,Burstow,u,Has joined Sheffield Wednesday on loan for the rest of the season,,4.5,520,69,0.0,519,71,0.0,492,51,0,0,0,0,0,0,406,0.0,0.0,0.0,0.0,0.0,492,51,0.0,0.0,468,43,468,49,425,45,474,47,,,,,,,,0.0,0.0,0.0,0.0,0.0,0.0,0.0,0.0,0.0,3,0,0.0,0.0,0.0,0.0,0.0,0.0,0.0,0.0,0.0,0.0,0.0,0.0,0.0,0.0,0.0,407.0,0.0,0.0,0.0,0.0,0.0,0.0,0.0,0.0,0.0,0.0,0.0,0.0,0.0
322,Ali,Al-Hamadi,Al-Hamadi,u,Has joined Sheffield Wednesday on loan for the rest of the season,,5.0,296,56,0.1,473,66,0.0,575,62,0,0,0,0,0,0,1262,0.0,0.0,0.0,0.0,0.0,575,62,0.0,0.0,559,55,563,60,540,57,566,59,,,,,,,,0.0,0.0,0.0,0.0,0.0,0.0,0.0,0.0,0.0,3,0,0.0,0.0,0.0,0.0,0.0,0.0,0.0,0.0,0.0,0.0,0.0,0.0,0.0,0.0,0.0,1277.0,0.0,0.0,0.0,0.0,0.0,0.0,0.0,0.0,0.0,0.0,0.0,0.0,0.0
323,Kasey,McAteer,McAteer,a,,,4.5,492,265,1.2,169,54,1.0,252,110,1,0,0,0,0,5500,9883,0.2,0.7,1.0,1.0,1.0,285,120,,,308,137,284,145,209,104,309,138,,,,,,,,0.11,0.0,0.11,0.45,0.0,0.0,0.0,0.0,10.71,3,1,11.0,0.0,0.0,0.0,0.0,0.0,0.0,0.0,0.0,0.0,0.0,0.0,0.0,5.0,5583.0,9981.0,0.0,0.05,0.0,0.05,0.0,3.1999999999999997,0.5,7.0,1.0999999999999999,0.0,0.0,1.0,1.0
324,Anis,Mehmeti,Mehmeti,a,,,4.9,382,228,0.0,522,213,0.0,539,216,0,0,0,-1,1,80,385,0.0,0.0,0.0,0.0,0.0,539,216,,,518,204,517,211,478,181,524,208,,,,,,,,0.0,0.0,0.0,0.0,0.0,0.0,0.0,0.0,0.0,3,0,0.0,0.0,0.0,0.0,0.0,0.0,0.0,0.0,0.0,0.0,0.0,0.0,0.0,0.0,80.0,386.0,0.0,0.0,0.0,0.0,0.0,0.0,0.0,0.0,0.0,0.0,0.0,0.0,0.0
554,Kayne,van Oevelen,Van Oevelen,u,Has joined Valencia on loan for the rest of the season,,4.5,521,46,0.0,564,65,0.0,493,62,0,0,0,0,0,0,237,0.0,0.0,0.0,0.0,0.0,493,62,0.0,0.0,469,62,469,48,426,47,475,62,,,,,,,,0.0,0.0,0.0,0.0,0.0,0.0,0.0,0.0,0.0,3,0,0.0,0.0,0.0,0.0,0.0,0.0,0.0,0.0,0.0,0.0,0.0,0.0,0.0,0.0,0.0,237.0,0.0,0.0,0.0,0.0,0.0,0.0,0.0,0.0,0.0,0.0,0.0,0.0,0.0
562,Daizen,Maeda,Maeda,a,,,5.4,211,133,0.3,300,104,2.0,189,87,2,-1,1,-1,1,651,3074,0.4,1.1,2.0,2.0,2.0,212,94,,,191,73,261,137,69,41,174,80,,,,,,,,0.3,0.0,0.3,2.15,0.0,0.0,2.92,1.25,7.92,3,2,65.0,0.0,0.0,0.0,2.0,0.0,0.0,0.0,0.0,0.0,0.0,1.0,0.0,9.0,661.0,3121.0,0.0,0.039999999999999925,0.0,0.039999999999999925,0.6200000000000001,8.2,0.10000000000000009,17.0,2.5,2.0,2.0,1.0,5.0
564,Kjell,Scherpen,Scherpen,a,,,4.5,474,37,0.6,237,32,2.0,174,15,2,0,0,0,0,3770,3422,0.4,1.3,2.0,2.0,2.0,194,16,,,29,5,440,41,390,38,147,5,,,,,,,,0.0,0.0,0.0,2.04,4.33,0.0,2.67,1.0,0.0,3,2,90.0,0.0,0.0,0.0,2.0,0.0,0.0,0.0,0.0,0.0,5.0,1.0,0.0,13.0,3826.0,3550.0,0.0,0.0,0.0,0.0,0.6900000000000004,27.799999999999997,0.0,0.0,2.8000000000000007,0.0,0.0,7.0,0.0
571,Florentino Ibrain,Morris Luís,Florentino,a,,,4.9,379,226,0.1,435,169,0.0,537,214,0,0,0,-1,1,263,783,0.0,0.0,0.0,0.0,0.0,537,214,100.0,100.0,516,202,515,209,476,179,522,206,,,,,,,,0.0,0.0,0.0,0.0,0.0,0.0,0.0,0.0,0.0,3,0,0.0,0.0,0.0,0.0,0.0,0.0,0.0,0.0,0.0,0.0,0.0,0.0,0.0,0.0,266.0,793.0,0.0,0.0,0.0,0.0,0.0,0.0,0.0,0.0,0.0,0.0,0.0,0.0,0.0
591,Julio,Enciso,Enciso,a,,,5.5,162,98,0.9,204,64,3.7,89,41,1,0,0,0,0,18687,10617,0.7,2.0,3.7,3.7,3.7,97,43,100.0,100.0,104,38,64,48,41,26,47,34,,,,,,,,0.31,0.23,0.54,2.19,0.0,0.0,2.88,1.08,7.56,3,1,90.0,0.0,0.0,0.0,2.0,0.0,0.0,0.0,1.0,0.0,0.0,1.0,0.0,16.0,19086.0,10719.0,0.0,0.24,0.020000000000000018,0.26,0.6899999999999995,10.200000000000003,22.5,23.0,5.6,0.0,2.0,3.0,5.0
592,Abdoul,Ouattara,Ouattara,a,,,4.0,643,203,0.9,199,75,1.0,245,88,1,0,0,0,0,2028,3823,0.2,0.8,1.0,1.0,1.0,270,99,,,272,112,146,47,346,140,253,96,,,,,,,,0.0,0.05,0.05,2.05,0.0,0.0,2.31,0.0,4.62,3,1,12.0,0.0,0.0,0.0,0.0,0.0,0.0,0.0,0.0,0.0,0.0,0.0,0.0,4.0,2048.0,3883.0,0.0,0.0,0.02,0.02,0.0,3.6000000000000005,14.000000000000002,0.0,1.7999999999999998,0.0,0.0,2.0,0.0
602,Cameron,Humphreys,Humphreys,u,Has joined Huddersfield Town on loan for the rest of the season,,4.5,519,273,0.0,544,223,0.0,491,193,0,0,0,0,0,0,834,0.0,0.0,0.0,0.0,0.0,491,193,0.0,0.0,467,180,467,188,424,157,473,184,,,,,,,,0.0,0.0,0.0,0.0,0.0,0.0,0.0,0.0,0.0,3,0,0.0,0.0,0.0,0.0,0.0,0.0,0.0,0.0,0.0,0.0,0.0,0.0,0.0,0.0,0.0,838.0,0.0,0.0,0.0,0.0,0.0,0.0,0.0,0.0,0.0,0.0,0.0,0.0,0.0
619,Exequiel,Palacios,Palacios,a,,,5.0,271,170,0.0,546,225,2.5,144,64,4,0,0,0,0,1839,705,0.5,1.0,2.5,2.5,2.5,162,69,,,196,76,112,70,272,128,203,92,,,,,,,,0.0,0.03,0.03,2.24,0.0,0.0,3.43,0.86,21.43,3,4,77.0,0.0,0.0,0.0,2.0,0.0,0.0,0.0,0.0,0.0,0.0,1.0,0.0,24.0,1842.0,705.0,0.0,0.0,0.019999999999999997,0.019999999999999997,0.69,20.2,22.5,0.0,4.300000000000001,4.0,3.0,12.0,19.0
640,Zian,Flemming,Flemming,a,,,5.5,147,37,0.0,531,72,1.0,271,31,1,0,0,0,0,1774,479,0.2,0.2,1.8,1.8,1.0,346,40,,,329,34,331,41,218,35,318,36,,,,,,,,0.08,0.04,0.12,0.22,0.0,0.0,0.0,0.0,0.0,3,1,24.0,0.0,0.0,0.0,0.0,0.0,0.0,0.0,0.0,0.0,0.0,0.0,0.0,4.0,1801.0,483.0,0.0,0.02,0.01,0.03,0.06,3.2,0.5,7.0,1.1,0.0,0.0,0.0,0.0
260,Harry,Wilson,Wilson,a,,,6.3,51,35,3.1,101,32,1.3,238,108,0,-1,1,-2,2,2373,88320,0.2,0.6,1.3,1.3,1.3,261,118,,,239,98,66,50,181,89,164,75,2.0,2.0,,,,,,0.01,0.04,0.05,2.11,0.0,0.71,0.0,0.71,6.38,3,0,17.0,0.0,0.0,0.0,0.0,0.0,0.0,0.0,1.0,0.0,0.0,0.0,0.0,0.0,2410.0,89576.0,0.0,0.0,0.0,0.0,1.32,1.4000000000000004,20.300000000000004,2.0,2.4000000000000004,0.0,0.0,1.0,1.0
326,Lucas Estella,Perri,Perri,u,Has joined Torino on loan for the rest of the season,,4.5,457,34,0.4,280,38,0.0,459,55,0,0,0,0,0,0,5313,0.0,0.0,0.0,0.0,0.0,459,55,0.0,0.0,435,55,432,38,381,35,441,55,,,,,,,,0.0,0.0,0.0,0.0,0.0,0.0,0.0,0.0,0.0,3,0,0.0,0.0,0.0,0.0,0.0,0.0,0.0,0.0,0.0,0.0,0.0,0.0,0.0,0.0,0.0,5373.0,0.0,0.0,0.0,0.0,0.0,0.0,0.0,0.0,0.0,0.0,0.0,0.0,0.0
327,Jaka,Bijol,Bijol,a,,,5.0,290,48,0.9,205,79,4.0,76,31,1,0,0,0,0,3324,10751,0.8,2.4,4.0,4.0,4.0,81,34,,,154,71,323,123,152,51,219,83,,,,,,,,0.06,0.0,0.06,1.73,0.0,0.55,1.1,1.1,11.52,3,1,29.0,0.0,0.0,0.0,1.0,0.0,0.0,0.0,0.0,0.0,0.0,0.0,0.0,1.0,3387.0,10853.0,0.0,0.0,0.0,0.0,1.9500000000000002,6.200000000000003,0.0,0.0,0.6000000000000005,2.0,2.0,0.0,4.0
329,Joe,Rodon,Rodon,i,Hamstring injury - Expected back 21 Nov,,4.4,569,151,1.5,149,62,2.3,148,58,0,-1,1,-1,1,125,75897,0.5,1.6,0.0,0.0,3.5,103,38,0.0,0.0,207,88,190,61,207,70,238,91,,,,,,,,0.02,0.04,0.06,0.74,0.0,0.73,0.0,1.46,8.05,3,0,0.0,0.0,0.0,0.0,0.0,0.0,0.0,0.0,0.0,0.0,0.0,0.0,0.0,0.0,133.0,79197.0,0.0,0.0,0.0,0.0,0.0,0.0,0.0,0.0,0.0,0.0,0.0,0.0,0.0
330,Jayden,Bogle,Bogle,a,,,4.5,468,106,1.7,138,56,7.3,12,4,14,0,0,0,0,80624,15617,1.6,4.9,7.3,7.3,7.3,13,4,,,72,35,193,63,81,16,104,35,,,,,,,,0.37,0.01,0.38,0.68,0.0,0.83,0.41,1.24,4.98,3,14,60.0,1.0,0.0,1.0,0.0,0.0,0.0,0.0,1.0,0.0,0.0,1.0,3.0,30.0,80667.0,15669.0,0.0,0.9,0.019999999999999997,0.92,0.24,35.4,1.6999999999999993,33.0,6.999999999999999,0.0,2.0,0.0,2.0
301,Alex,Palmer,Palmer,a,,,4.0,590,57,4.2,83,13,0.0,397,31,0,0,0,0,0,17185,23096,0.0,0.0,0.0,0.0,0.0,397,31,,,372,31,365,12,305,9,377,31,,,,,,,,0.0,0.0,0.0,0.0,0.0,0.0,0.0,0.0,0.0,3,0,0.0,0.0,0.0,0.0,0.0,0.0,0.0,0.0,0.0,0.0,0.0,0.0,0.0,0.0,17729.0,23511.0,0.0,0.0,0.0,0.0,0.0,0.0,0.0,0.0,0.0,0.0,0.0,0.0,0.0
308,Darnell,Furlong,Furlong,a,,,4.0,600,169,0.5,251,94,0.3,338,121,0,0,0,0,0,279,2571,0.1,0.2,0.3,0.3,1.0,266,95,,,305,119,327,124,313,116,336,123,,,,,,,,0.0,0.0,0.0,4.55,0.0,0.0,5.29,0.0,15.88,3,0,0.0,0.0,0.0,0.0,0.0,0.0,0.0,0.0,0.0,0.0,0.0,0.0,0.0,0.0,286.0,2620.0,0.0,0.0,0.0,0.0,0.0,0.0,0.0,0.0,0.0,0.0,0.0,0.0,0.0
331,Gabriel,Gudmundsson,Gudmundsson,a,,,4.5,477,111,0.1,493,173,0.7,292,106,2,0,0,0,0,779,377,0.2,0.4,0.7,0.7,2.0,195,77,100.0,100.0,253,104,303,113,270,103,304,113,,,,,,,,0.0,0.0,0.0,2.19,0.0,0.0,1.0,1.0,5.0,3,2,90.0,0.0,0.0,0.0,1.0,0.0,0.0,0.0,0.0,0.0,0.0,1.0,0.0,9.0,786.0,378.0,0.0,0.0,0.0,0.0,2.19,12.6,1.2,2.0,1.6,3.0,2.0,9.0,5.0
332,James,Justin,Justin,a,,,4.5,463,102,1.5,150,63,5.3,39,16,4,0,0,0,0,17117,14472,1.2,3.6,5.3,5.3,5.3,44,18,,,62,29,187,59,91,20,99,30,,,,,,,,0.06,0.01,0.07,1.51,0.0,0.33,0.67,1.0,10.0,3,4,90.0,0.0,0.0,0.0,1.0,0.0,0.0,0.0,0.0,0.0,0.0,1.0,0.0,9.0,17391.0,14637.0,0.0,0.14,0.0,0.14,2.1899999999999995,16.799999999999997,1.5,21.0,3.9000000000000004,3.0,7.0,4.0,10.0
333,Sebastiaan,Bornauw,Bornauw,u,Has joined Hamburg SV on loan for the rest of the season,,4.5,486,119,0.0,643,213,0.0,472,182,0,0,0,0,0,0,29,0.0,0.0,0.0,0.0,0.0,472,182,0.0,0.0,448,179,446,179,398,169,454,177,,,,,,,,0.0,0.0,0.0,0.0,0.0,0.0,0.0,0.0,0.0,3,0,0.0,0.0,0.0,0.0,0.0,0.0,0.0,0.0,0.0,0.0,0.0,0.0,0.0,0.0,0.0,30.0,0.0,0.0,0.0,0.0,0.0,0.0,0.0,0.0,0.0,0.0,0.0,0.0,0.0
334,Tarik,Muharemović,Muharemović,a,,,5.0,334,59,3.6,89,34,4.7,55,22,4,0,0,0,0,83659,44604,0.9,2.8,4.7,4.7,4.7,60,24,,,18,3,275,97,121,36,90,23,,,,,,,,0.03,0.01,0.04,1.51,0.0,0.33,0.67,1.0,13.0,3,4,90.0,0.0,0.0,0.0,1.0,0.0,0.0,0.0,0.0,0.0,0.0,1.0,0.0,10.0,84077.0,45336.0,0.0,0.0,0.01,0.009999999999999995,2.1899999999999995,29.200000000000003,0.8000000000000003,2.0,3.200000000000001,1.0,12.0,2.0,13.0
335,Anton,Stach,Stach,a,,,6.0,74,50,2.8,108,34,6.3,29,12,2,0,0,0,0,20972,34881,1.0,3.2,6.3,6.3,6.3,31,13,,,30,14,107,68,76,45,52,37,1.0,1.0,,,,,,0.16,0.05,0.21,1.51,0.0,0.33,0.67,1.0,12.67,3,2,90.0,0.0,0.0,0.0,1.0,0.0,0.0,0.0,0.0,0.0,0.0,1.0,0.0,7.0,21503.0,35265.0,0.0,0.31999999999999995,0.1,0.42000000000000004,2.1899999999999995,15.399999999999991,16.499999999999996,19.0,5.100000000000001,2.0,2.0,2.0,6.0
336,Noah,Okafor,Okafor,a,,,5.9,96,62,0.3,299,103,2.0,193,89,3,0,0,-1,1,1417,4277,0.3,1.0,2.0,2.0,2.0,218,97,,,229,92,159,92,144,74,215,98,,,,,,,,0.05,0.11,0.16,0.65,0.0,0.59,0.59,1.18,4.12,3,3,61.0,0.0,0.0,1.0,0.0,0.0,0.0,0.0,0.0,0.0,0.0,1.0,0.0,9.0,1429.0,4365.0,0.0,0.0,0.009999999999999981,0.010000000000000009,0.2400000000000001,1.4000000000000021,0.6000000000000014,2.0,0.39999999999999947,0.0,0.0,0.0,0.0
337,Brenden,Aaronson,Aaronson,a,,,5.4,208,130,0.6,236,79,1.7,210,96,1,-1,1,-1,1,792,7788,0.3,0.9,1.7,1.7,1.7,236,105,,,268,113,263,138,217,109,295,131,,4.0,,,,,,0.01,0.01,0.02,1.8,0.0,0.58,1.17,1.17,5.84,3,1,28.0,0.0,0.0,0.0,1.0,0.0,0.0,0.0,0.0,0.0,0.0,0.0,0.0,5.0,804.0,7921.0,0.0,0.0,0.0,0.0,1.9500000000000002,0.0,1.0000000000000002,0.0,0.10000000000000009,0.0,0.0,0.0,0.0
338,Ethan,Ampadu,Ampadu,a,,,5.5,132,80,1.0,187,58,3.0,122,51,2,0,0,0,0,1856,11599,0.5,1.6,3.0,3.0,3.0,137,56,,,70,23,86,59,294,143,122,59,,,,,,,,0.0,0.05,0.05,1.51,0.0,0.33,0.67,1.0,11.33,3,2,90.0,0.0,0.0,0.0,1.0,0.0,0.0,0.0,0.0,0.0,0.0,1.0,0.0,13.0,1870.0,11787.0,0.0,0.0,0.010000000000000009,0.009999999999999981,2.1899999999999995,23.599999999999994,1.3000000000000043,0.0,2.5,4.0,6.0,1.0,11.0
339,Sean,Longstaff,Longstaff,a,,,4.9,372,223,0.1,425,164,0.3,347,157,0,-1,1,-1,1,520,1317,0.1,0.2,0.3,0.3,1.0,293,122,,,513,200,347,172,472,177,519,204,3.0,3.0,,,,,,0.0,0.0,0.0,0.79,0.0,0.0,0.0,0.0,0.0,3,0,0.0,0.0,0.0,0.0,0.0,0.0,0.0,0.0,0.0,0.0,0.0,0.0,0.0,0.0,523.0,1337.0,0.0,0.0,0.0,0.0,0.0,0.0,0.0,0.0,0.0,0.0,0.0,0.0,0.0
341,Wilfried,Gnonto,Gnonto,u,Has joined ACF Fiorentina on loan for the rest of the season,,5.0,318,190,0.0,604,257,0.0,585,245,0,0,0,0,0,0,370,0.0,0.0,0.0,0.0,0.0,585,245,0.0,0.0,570,238,576,244,554,227,577,241,,,,,,,,0.0,0.0,0.0,0.0,0.0,0.0,0.0,0.0,0.0,3,0,0.0,0.0,0.0,0.0,0.0,0.0,0.0,0.0,0.0,0.0,0.0,0.0,0.0,0.0,0.0,371.0,0.0,0.0,0.0,0.0,0.0,0.0,0.0,0.0,0.0,0.0,0.0,0.0,0.0
342,Jack,Harrison,Harrison,u,Has joined New England Revolution permanently,,5.0,274,171,0.0,652,290,0.0,565,235,0,0,0,0,0,0,9,0.0,0.0,0.0,0.0,0.0,565,235,0.0,0.0,549,227,551,233,524,213,555,230,,,,,,,,0.0,0.0,0.0,0.0,0.0,0.0,0.0,0.0,0.0,3,0,0.0,0.0,0.0,0.0,0.0,0.0,0.0,0.0,0.0,0.0,0.0,0.0,0.0,0.0,0.0,9.0,0.0,0.0,0.0,0.0,0.0,0.0,0.0,0.0,0.0,0.0,0.0,0.0,0.0
343,Daniel,James,James,a,,,5.0,260,162,0.1,419,162,0.3,360,165,0,0,0,0,0,563,1424,0.1,0.2,0.3,0.3,1.0,314,136,,,546,225,304,152,176,87,317,143,,,,,,,,0.98,0.04,1.02,3.8,0.0,0.0,0.0,0.0,8.18,3,0,0.0,0.0,0.0,0.0,0.0,0.0,0.0,0.0,0.0,0.0,0.0,0.0,0.0,0.0,573.0,1442.0,0.0,0.0,0.0,0.0,0.0,0.0,0.0,0.0,0.0,0.0,0.0,0.0,0.0
344,Ilia,Gruev,Gruev,d,Knee injury - 25% chance of playing,,5.0,309,184,0.0,637,278,0.0,579,241,0,0,0,0,0,11,45,0.0,0.0,0.0,0.0,0.0,579,241,25.0,25.0,563,233,569,239,547,222,570,236,,,,,,,,0.0,0.0,0.0,0.0,0.0,0.0,0.0,0.0,0.0,3,0,0.0,0.0,0.0,0.0,0.0,0.0,0.0,0.0,0.0,0.0,0.0,0.0,0.0,0.0,11.0,45.0,0.0,0.0,0.0,0.0,0.0,0.0,0.0,0.0,0.0,0.0,0.0,0.0,0.0
345,Tanaka,Ao,Tanaka,a,,,4.9,385,231,0.2,321,114,2.0,176,76,5,0,0,-1,1,4334,2257,0.4,1.2,2.0,2.0,3.0,126,51,,,145,53,194,108,168,81,188,87,4.0,,,,,,,0.41,0.02,0.43,1.54,0.0,0.0,0.77,0.77,14.62,3,5,72.0,0.0,1.0,0.0,1.0,0.0,0.0,0.0,0.0,0.0,0.0,1.0,0.0,18.0,4347.0,2278.0,0.0,0.53,0.01,0.54,0.8700000000000001,20.799999999999997,12.2,13.0,4.6,2.0,3.0,3.0,8.0
346,Dominic,Calvert-Lewin,Calvert-Lewin,a,,,6.0,63,14,23.0,12,3,3.3,105,10,1,0,0,0,0,70531,320235,0.6,1.7,3.3,3.3,3.3,116,13,,,139,9,185,22,34,12,86,12,,,1.0,,,,,0.58,0.03,0.61,1.14,0.0,0.36,0.71,1.07,3.21,3,1,72.0,0.0,0.0,0.0,1.0,0.0,0.0,0.0,1.0,0.0,0.0,1.0,0.0,0.0,71804.0,325908.0,0.0,0.56,0.06,0.6199999999999999,0.8700000000000001,4.399999999999999,11.3,21.0,3.6999999999999993,0.0,1.0,2.0,3.0
347,Lukas,Nmecha,Nmecha,a,,,5.4,192,45,0.5,255,43,1.7,208,18,1,-1,1,-1,1,4519,5315,0.3,0.9,1.7,1.7,2.5,163,18,,,225,19,158,16,155,27,221,24,,,2.0,,,,,0.64,0.33,0.97,5.33,0.0,0.0,0.0,0.0,2.37,3,1,17.0,0.0,0.0,0.0,0.0,0.0,0.0,0.0,0.0,0.0,0.0,0.0,0.0,2.0,4557.0,5369.0,0.0,0.17,0.14,0.30999999999999994,1.3199999999999998,0.0,1.8000000000000007,9.0,0.9000000000000004,0.0,0.0,0.0,0.0
348,Joël,Piroe,Piroe,u,Has joined West Ham United on loan for the rest of the season,,5.0,284,55,0.1,463,65,0.0,570,61,0,0,0,0,0,0,1206,0.0,0.0,0.0,0.0,0.0,570,61,0.0,0.0,554,54,556,59,531,56,561,58,,,3.0,,,,,0.0,0.0,0.0,0.0,0.0,0.0,0.0,0.0,0.0,3,0,0.0,0.0,0.0,0.0,0.0,0.0,0.0,0.0,0.0,0.0,0.0,0.0,0.0,0.0,0.0,1216.0,0.0,0.0,0.0,0.0,0.0,0.0,0.0,0.0,0.0,0.0,0.0,0.0,0.0
349,Mateo,Joseph Fernández-Regatillo,Mateo Joseph,i,Knee injury - Unknown return date,,4.5,531,72,0.1,492,68,0.0,501,53,0,0,0,0,0,606,764,0.0,0.0,0.0,0.0,0.0,501,53,0.0,0.0,478,46,477,51,435,48,484,50,,,,,,,,0.0,0.0,0.0,0.0,0.0,0.0,0.0,0.0,0.0,3,0,0.0,0.0,0.0,0.0,0.0,0.0,0.0,0.0,0.0,0.0,0.0,0.0,0.0,0.0,620.0,771.0,0.0,0.0,0.0,0.0,0.0,0.0,0.0,0.0,0.0,0.0,0.0,0.0,0.0
385,James,Trafford,Trafford,a,,,5.0,288,11,5.4,68,10,5.0,48,2,3,0,0,0,0,47014,34852,1.0,3.0,5.0,5.0,5.0,52,3,,,25,4,559,62,534,62,142,4,,,,,,,,0.0,0.0,0.0,1.51,3.67,0.33,0.67,1.0,0.0,3,3,90.0,0.0,0.0,0.0,1.0,0.0,0.0,0.0,0.0,0.0,4.0,1.0,0.0,18.0,47545.0,35270.0,0.0,0.0,0.0,0.0,2.1899999999999995,34.8,0.0,0.0,3.499999999999999,0.0,2.0,11.0,0.0
598,Nico,Elvedi,Elvedi,a,,,4.5,450,92,0.0,513,178,1.7,199,75,4,0,0,0,0,1772,868,0.4,1.1,1.7,1.7,2.5,160,62,,,136,61,156,50,175,60,163,65,,,,,,,,0.0,0.35,0.35,2.16,0.0,0.0,1.23,0.62,9.86,3,4,90.0,0.0,0.0,0.0,1.0,0.0,0.0,0.0,0.0,0.0,0.0,1.0,0.0,12.0,1783.0,873.0,0.0,0.0,0.57,0.57,2.1899999999999995,27.6,21.099999999999998,6.0,5.5,0.0,10.0,0.0,10.0
603,Jayden,Lienou,Lienou,a,,,4.0,653,212,0.1,424,152,0.0,441,168,0,0,0,0,0,1010,829,0.0,0.0,0.0,0.0,0.0,441,168,,,416,164,411,164,356,149,422,162,,,,,,,,0.0,0.0,0.0,0.0,0.0,0.0,0.0,0.0,0.0,3,0,0.0,0.0,0.0,0.0,0.0,0.0,0.0,0.0,0.0,0.0,0.0,0.0,0.0,0.0,1026.0,835.0,0.0,0.0,0.0,0.0,0.0,0.0,0.0,0.0,0.0,0.0,0.0,0.0,0.0
604,Alfie,Cresswell,Cresswell,a,,,4.5,542,280,0.1,372,134,0.0,509,199,0,0,0,0,0,2727,1704,0.0,0.0,0.0,0.0,0.0,509,199,,,486,186,485,194,443,163,492,190,,,,,,,,0.0,0.0,0.0,0.0,0.0,0.0,0.0,0.0,0.0,3,0,0.0,0.0,0.0,0.0,0.0,0.0,0.0,0.0,0.0,0.0,0.0,0.0,0.0,0.0,2762.0,1713.0,0.0,0.0,0.0,0.0,0.0,0.0,0.0,0.0,0.0,0.0,0.0,0.0,0.0
629,Michael,Zetterer,Zetterer,a,,,4.0,592,58,0.5,253,34,0.0,399,32,0,0,0,0,0,17672,3634,0.0,0.0,1.0,1.0,0.0,399,32,,,374,32,367,13,307,10,379,32,,,,,,,,0.0,0.0,0.0,0.0,0.0,0.0,0.0,0.0,0.0,3,0,0.0,0.0,0.0,0.0,0.0,0.0,0.0,0.0,0.0,0.0,0.0,0.0,0.0,0.0,17911.0,3662.0,0.0,0.0,0.0,0.0,0.0,0.0,0.0,0.0,0.0,0.0,0.0,0.0,0.0
641,Melvin,Bard,Bard,a,,,4.5,485,118,0.0,633,211,0.0,471,181,0,0,0,0,0,219,81,0.0,0.0,1.8,1.8,0.0,471,181,,,447,178,445,178,397,168,453,176,,,,,,,,0.0,0.0,0.0,0.0,0.0,0.0,0.0,0.0,0.0,3,0,0.0,0.0,0.0,0.0,0.0,0.0,0.0,0.0,0.0,0.0,0.0,0.0,0.0,0.0,221.0,81.0,0.0,0.0,0.0,0.0,0.0,0.0,0.0,0.0,0.0,0.0,0.0,0.0,0.0
648,Jean-Mattéo,Bahoya,Bahoya,a,,,5.0,348,211,0.0,588,246,0.0,598,253,0,0,0,0,0,638,282,0.0,0.0,1.5,1.5,0.0,598,253,,,583,246,590,252,571,238,590,249,,,,,,,,0.0,0.0,0.0,0.0,0.0,0.0,0.0,0.0,0.0,3,0,0.0,0.0,0.0,0.0,0.0,0.0,0.0,0.0,0.0,0.0,0.0,0.0,0.0,0.0,648.0,284.0,0.0,0.0,0.0,0.0,0.0,0.0,0.0,0.0,0.0,0.0,0.0,0.0,0.0
350,Alisson,Becker,A.Becker,a,,,5.5,125,3,3.9,85,14,3.3,101,8,8,0,0,0,0,29146,20940,0.6,1.8,3.3,3.3,3.3,112,8,,,97,14,616,69,605,69,214,14,,,,,,,,0.0,0.0,0.0,1.54,3.0,0.33,1.33,1.0,0.0,3,8,90.0,0.0,0.0,1.0,0.0,0.0,0.0,0.0,0.0,0.0,5.0,1.0,1.0,35.0,29530.0,21284.0,0.0,0.0,0.0,0.0,0.75,30.4,0.0,0.0,2.9999999999999996,0.0,2.0,14.0,0.0
351,Giorgi,Mamardashvili,Mamardashvili,a,,,4.9,393,21,0.1,382,44,0.0,545,68,0,0,0,-1,1,442,1527,0.0,0.0,0.0,0.0,0.0,545,68,,,524,68,525,56,487,55,532,68,,,,,,,,0.0,0.0,0.0,0.0,0.0,0.0,0.0,0.0,0.0,3,0,0.0,0.0,0.0,0.0,0.0,0.0,0.0,0.0,0.0,0.0,0.0,0.0,0.0,0.0,450.0,1531.0,0.0,0.0,0.0,0.0,0.0,0.0,0.0,0.0,0.0,0.0,0.0,0.0,0.0
352,Freddie,Woodman,Woodman,a,,,4.0,593,59,1.1,183,27,0.0,400,33,0,0,0,0,0,2687,5310,0.0,0.0,0.0,0.0,0.0,400,33,,,375,33,368,14,308,11,380,33,,,,,,,,0.0,0.0,0.0,0.0,0.0,0.0,0.0,0.0,0.0,3,0,0.0,0.0,0.0,0.0,0.0,0.0,0.0,0.0,0.0,0.0,0.0,0.0,0.0,0.0,2719.0,5360.0,0.0,0.0,0.0,0.0,0.0,0.0,0.0,0.0,0.0,0.0,0.0,0.0,0.0
353,Armin,Pecsi,Pecsi,u,Has joined TSV Hartberg on loan for the rest of the season,,4.0,648,71,0.0,571,67,0.0,437,45,0,0,0,0,0,0,146,0.0,0.0,0.0,0.0,0.0,437,45,0.0,0.0,412,45,407,26,351,23,418,45,,,,,,,,0.0,0.0,0.0,0.0,0.0,0.0,0.0,0.0,0.0,3,0,0.0,0.0,0.0,0.0,0.0,0.0,0.0,0.0,0.0,0.0,0.0,0.0,0.0,0.0,0.0,148.0,0.0,0.0,0.0,0.0,0.0,0.0,0.0,0.0,0.0,0.0,0.0,0.0,0.0
354,Vitezslav,Jaros,Jaros,i,Knee injury - Unknown return date,,4.0,612,64,0.0,574,68,0.0,410,38,0,0,0,0,0,438,277,0.0,0.0,0.0,0.0,0.0,410,38,0.0,0.0,385,38,380,19,322,16,391,38,,,,,,,,0.0,0.0,0.0,0.0,0.0,0.0,0.0,0.0,0.0,3,0,0.0,0.0,0.0,0.0,0.0,0.0,0.0,0.0,0.0,0.0,0.0,0.0,0.0,0.0,467.0,288.0,0.0,0.0,0.0,0.0,0.0,0.0,0.0,0.0,0.0,0.0,0.0,0.0,0.0
355,Harvey,Davies,Davies,a,,,4.0,622,67,0.2,364,40,0.0,415,41,0,0,0,0,0,925,835,0.0,0.0,0.0,0.0,0.0,415,41,,,390,41,385,22,327,19,396,41,,,,,,,,0.0,0.0,0.0,0.0,0.0,0.0,0.0,0.0,0.0,3,0,0.0,0.0,0.0,0.0,0.0,0.0,0.0,0.0,0.0,0.0,0.0,0.0,0.0,0.0,944.0,846.0,0.0,0.0,0.0,0.0,0.0,0.0,0.0,0.0,0.0,0.0,0.0,0.0,0.0
356,Virgil,van Dijk,Virgil,a,,,6.5,33,2,17.2,22,6,3.0,125,50,6,0,0,0,0,59868,92285,0.5,1.4,3.0,3.0,3.0,141,57,,,45,18,229,78,108,31,115,42,,,,,,,,0.08,0.02,0.1,1.54,0.0,0.33,1.33,1.0,8.33,3,6,90.0,0.0,0.0,1.0,0.0,0.0,0.0,0.0,0.0,0.0,0.0,1.0,0.0,32.0,60628.0,94041.0,0.0,0.0,0.019999999999999997,0.020000000000000018,0.75,23.200000000000003,1.7999999999999998,0.0,2.5,3.0,4.0,4.0,7.0
357,Jeremie,Frimpong,Frimpong,a,,,5.4,199,25,2.4,116,47,0.3,368,133,0,-1,1,-1,1,3458,63699,0.1,0.2,0.3,0.3,0.5,384,135,,,199,85,59,13,161,54,143,55,,,,,,,,0.01,0.06,0.07,2.14,0.0,0.0,2.25,1.12,4.5,3,0,0.0,0.0,0.0,0.0,0.0,0.0,0.0,0.0,0.0,0.0,0.0,0.0,0.0,0.0,3710.0,64583.0,0.0,0.0,0.0,0.0,0.0,0.0,0.0,0.0,0.0,0.0,0.0,0.0,0.0
358,Milos,Kerkez,Kerkez,a,,,5.4,227,30,2.8,109,42,2.0,190,71,5,-1,1,-1,1,8341,24425,0.4,1.1,2.0,2.0,2.0,214,81,,,96,44,100,28,178,61,118,44,,,,,,,,0.01,0.02,0.03,1.64,0.0,0.36,1.44,1.08,7.2,3,5,90.0,0.0,0.0,1.0,0.0,0.0,0.0,0.0,1.0,0.0,0.0,1.0,0.0,23.0,8536.0,24896.0,0.0,0.0,0.03,0.03,0.7499999999999996,13.799999999999997,11.299999999999997,0.0,2.5,2.0,3.0,1.0,5.0
359,Joe,Gomez,Gomez,i,Muscular injury - Unknown return date,,5.0,254,38,0.0,590,200,0.0,560,201,0,0,0,0,0,57,172,0.0,0.0,0.0,0.0,0.0,560,201,0.0,0.0,543,200,544,200,516,196,550,199,,,,,,,,0.0,0.0,0.0,0.0,0.0,0.0,0.0,0.0,0.0,3,0,0.0,0.0,0.0,0.0,0.0,0.0,0.0,0.0,0.0,0.0,0.0,0.0,0.0,0.0,57.0,173.0,0.0,0.0,0.0,0.0,0.0,0.0,0.0,0.0,0.0,0.0,0.0,0.0,0.0
625,Alex,Cairns,Cairns,a,,,4.0,588,56,0.2,351,39,0.0,395,30,0,0,0,0,0,4678,1653,0.0,0.0,0.0,0.0,0.0,395,30,,,370,30,363,11,303,8,375,30,,,,,,,,0.0,0.0,0.0,0.0,0.0,0.0,0.0,0.0,0.0,3,0,0.0,0.0,0.0,0.0,0.0,0.0,0.0,0.0,0.0,0.0,0.0,0.0,0.0,0.0,4787.0,1676.0,0.0,0.0,0.0,0.0,0.0,0.0,0.0,0.0,0.0,0.0,0.0,0.0,0.0
360,Conor,Bradley,Bradley,i,Knee injury - Unknown return date,,5.0,317,57,0.0,603,203,0.0,584,207,0,0,0,0,0,60,135,0.0,0.0,0.0,0.0,0.0,584,207,0.0,0.0,569,206,575,206,553,204,576,206,,,,,,,,0.0,0.0,0.0,0.0,0.0,0.0,0.0,0.0,0.0,3,0,0.0,0.0,0.0,0.0,0.0,0.0,0.0,0.0,0.0,0.0,0.0,0.0,0.0,0.0,61.0,136.0,0.0,0.0,0.0,0.0,0.0,0.0,0.0,0.0,0.0,0.0,0.0,0.0,0.0
361,Wellity,Lucky,Lucky,a,,,4.0,633,193,0.1,395,147,0.0,425,153,0,0,0,0,0,638,1165,0.0,0.0,0.0,0.0,0.0,425,153,,,400,149,395,149,337,131,406,147,,,,,,,,0.0,0.0,0.0,0.0,0.0,0.0,0.0,0.0,0.0,3,0,0.0,0.0,0.0,0.0,0.0,0.0,0.0,0.0,0.0,0.0,0.0,0.0,0.0,0.0,646.0,1172.0,0.0,0.0,0.0,0.0,0.0,0.0,0.0,0.0,0.0,0.0,0.0,0.0,0.0
362,Jeremy,Jacquet,Jacquet,a,,,5.0,349,61,2.7,112,45,3.0,119,46,5,0,0,0,0,33273,23992,0.6,1.8,3.0,3.0,3.0,134,52,100.0,100.0,63,30,92,24,245,91,109,37,,,,,,,,0.0,0.04,0.04,1.54,0.0,0.38,1.53,1.15,8.81,3,5,90.0,0.0,0.0,1.0,0.0,0.0,0.0,0.0,1.0,0.0,0.0,1.0,0.0,28.0,33900.0,24361.0,0.0,0.0,0.03,0.03,0.7499999999999996,22.799999999999997,12.5,2.0,3.7,3.0,6.0,3.0,9.0
363,Giovanni,Leoni,Leoni,i,Knee injury - Unknown return date,,4.0,654,213,0.0,526,183,0.0,442,169,0,0,0,0,0,131,345,0.0,0.0,0.0,0.0,0.0,442,169,0.0,0.0,417,165,412,165,357,150,423,163,,,,,,,,0.0,0.0,0.0,0.0,0.0,0.0,0.0,0.0,0.0,3,0,0.0,0.0,0.0,0.0,0.0,0.0,0.0,0.0,0.0,0.0,0.0,0.0,0.0,0.0,134.0,350.0,0.0,0.0,0.0,0.0,0.0,0.0,0.0,0.0,0.0,0.0,0.0,0.0,0.0
364,Kostas,Tsimikas,Tsimikas,a,,,4.9,376,68,0.1,467,166,0.3,349,128,0,-1,1,-1,1,252,1064,0.1,0.2,0.3,0.3,1.0,295,118,,,320,123,297,110,197,68,310,115,,,,,,,,0.19,0.05,0.24,0.33,0.0,0.0,0.0,0.0,0.0,3,0,0.0,0.0,0.0,0.0,0.0,0.0,0.0,0.0,0.0,0.0,0.0,0.0,0.0,0.0,256.0,1075.0,0.0,0.0,0.0,0.0,0.0,0.0,0.0,0.0,0.0,0.0,0.0,0.0,0.0
365,Calvin,Ramsay,Ramsay,u,Has joined St Mirren on loan for the rest of the season,,4.0,626,188,0.1,413,150,0.0,419,149,0,0,0,0,0,0,1608,0.0,0.0,0.0,0.0,0.0,419,149,0.0,0.0,394,145,389,145,331,127,400,143,,,,,,,,0.0,0.0,0.0,0.0,0.0,0.0,0.0,0.0,0.0,3,0,0.0,0.0,0.0,0.0,0.0,0.0,0.0,0.0,0.0,0.0,0.0,0.0,0.0,0.0,0.0,1633.0,0.0,0.0,0.0,0.0,0.0,0.0,0.0,0.0,0.0,0.0,0.0,0.0,0.0
366,Florian,Wirtz,Wirtz,a,,,7.4,20,13,8.1,51,19,3.0,126,52,3,-1,1,-1,1,14256,173492,0.4,1.2,3.0,3.0,3.0,143,58,,,135,51,29,25,24,13,30,23,3.0,2.0,4.0,,,,,0.25,0.11,0.36,1.29,0.0,0.37,1.49,1.12,7.07,3,3,90.0,0.0,0.0,1.0,0.0,0.0,0.0,0.0,0.0,0.0,0.0,1.0,0.0,14.0,15733.0,175045.0,0.0,0.18000000000000005,0.04999999999999999,0.22999999999999998,0.6499999999999999,6.600000000000001,34.0,22.0,6.299999999999999,0.0,0.0,4.0,4.0
367,Cody,Gakpo,Gakpo,d,Thigh injury - 75% chance of playing,,7.2,24,15,13.6,29,11,9.3,1,1,11,1,-1,2,-2,615560,163405,1.3,3.9,7.0,9.3,9.3,2,2,75.0,,5,4,10,10,51,33,9,7,2.0,,3.0,,,,,0.13,0.43,0.56,1.64,0.0,0.36,1.44,1.08,9.0,3,11,90.0,0.0,2.0,1.0,0.0,0.0,0.0,0.0,0.0,0.0,0.0,1.0,2.0,43.0,618524.0,164997.0,0.0,0.06,0.3999999999999999,0.45999999999999996,0.7499999999999996,49.599999999999994,42.7,13.0,10.5,3.0,2.0,5.0,10.0
368,Dominik,Szoboszlai,Szoboszlai,a,,,7.0,27,18,38.4,6,2,5.0,53,26,3,0,0,0,0,146342,399876,0.7,2.1,5.0,5.0,5.0,58,27,,,27,13,4,4,64,38,14,11,1.0,1.0,1.0,,,,,0.39,0.17,0.56,1.54,0.0,0.33,1.33,1.0,9.67,3,3,90.0,0.0,0.0,1.0,0.0,0.0,0.0,0.0,0.0,0.0,0.0,1.0,0.0,20.0,150994.0,403090.0,0.0,0.15999999999999992,0.08000000000000002,0.24,0.75,19.400000000000006,29.900000000000006,21.0,7.0,0.0,3.0,6.0,9.0
369,Rio,Ngumoha,Ngumoha,a,,,5.8,117,76,0.6,239,80,1.0,277,127,0,-1,1,-2,2,1605,18399,0.2,0.5,1.0,1.0,1.5,248,112,,,309,138,231,121,220,111,300,134,,,,,,,,0.04,0.06,0.1,0.64,0.0,0.0,2.22,1.11,3.33,3,0,0.0,0.0,0.0,0.0,0.0,0.0,0.0,0.0,0.0,0.0,0.0,0.0,0.0,0.0,1635.0,18650.0,0.0,0.0,0.0,0.0,0.0,0.0,0.0,0.0,0.0,0.0,0.0,0.0,0.0
370,Federico,Chiesa,Chiesa,i,Back injury - Unknown return date,,5.4,200,125,0.1,486,194,0.0,613,261,0,0,0,-1,1,14,1089,0.0,0.0,0.0,0.0,0.0,613,261,0.0,0.0,598,254,605,260,589,249,605,257,,,,,,,,0.0,0.0,0.0,0.0,0.0,0.0,0.0,0.0,0.0,3,0,0.0,0.0,0.0,0.0,0.0,0.0,0.0,0.0,0.0,0.0,0.0,0.0,0.0,0.0,14.0,1101.0,0.0,0.0,0.0,0.0,0.0,0.0,0.0,0.0,0.0,0.0,0.0,0.0,0.0
371,Ryan,Gravenberch,Gravenberch,a,,,5.9,99,64,1.4,156,46,2.3,166,74,1,-1,1,-1,1,4047,29634,0.4,1.2,2.3,2.3,2.3,183,80,,,187,71,128,78,249,119,199,90,,,,,,,,0.04,0.04,0.08,0.99,0.0,0.0,1.48,0.74,10.33,3,1,26.0,0.0,0.0,0.0,0.0,0.0,0.0,0.0,0.0,0.0,0.0,0.0,0.0,2.0,4122.0,29833.0,0.0,0.0,0.0,0.0,0.17000000000000015,2.1999999999999993,1.6999999999999993,0.0,0.40000000000000036,0.0,1.0,1.0,2.0
372,Alexis,Mac Allister,Mac Allister,a,,,5.4,205,129,1.4,160,49,1.7,209,95,2,-1,1,-1,1,7912,16155,0.3,0.9,1.7,1.7,1.7,235,104,,,167,64,160,93,128,65,173,79,,,5.0,,,,,0.04,0.2,0.24,1.89,0.0,0.48,0.97,0.97,11.61,3,2,83.0,0.0,0.0,1.0,0.0,0.0,0.0,0.0,1.0,0.0,0.0,1.0,0.0,14.0,7983.0,16298.0,0.0,0.08,0.019999999999999962,0.09999999999999998,0.6000000000000001,16.6,12.799999999999999,18.0,4.7,3.0,3.0,5.0,11.0
373,Curtis,Jones,C.Jones,u,Has joined Internazionale permanently,,5.5,138,83,0.0,557,230,0.0,624,268,0,0,0,0,0,0,302,0.0,0.0,0.0,0.0,0.0,624,268,0.0,0.0,615,265,621,267,611,260,621,267,,,,,,,,0.0,0.0,0.0,0.0,0.0,0.0,0.0,0.0,0.0,3,0,0.0,0.0,0.0,0.0,0.0,0.0,0.0,0.0,0.0,0.0,0.0,0.0,0.0,0.0,0.0,307.0,0.0,0.0,0.0,0.0,0.0,0.0,0.0,0.0,0.0,0.0,0.0,0.0,0.0
375,Trey,Nyoni,Nyoni,a,,,4.9,415,252,0.0,514,209,0.7,303,137,1,-1,1,-1,1,354,564,0.1,0.4,0.7,0.7,1.0,306,130,,,290,125,273,141,499,197,324,147,,,,,,,,0.0,0.0,0.0,1.04,0.0,0.0,0.0,0.0,23.68,3,1,6.0,0.0,0.0,0.0,0.0,0.0,0.0,0.0,0.0,0.0,0.0,0.0,0.0,3.0,358.0,567.0,0.0,0.0,0.0,0.0,0.15,0.1999999999999993,0.09999999999999964,0.0,0.0,0.0,0.0,0.0,0.0
376,Stefan,Bajčetić Maquieira,Bajcetic,u,Has joined Celta Vigo permanently,,5.0,337,202,0.0,650,288,0.0,593,249,0,0,0,0,0,0,20,0.0,0.0,0.0,0.0,0.0,593,249,0.0,0.0,578,242,585,248,564,232,585,245,,,,,,,,0.0,0.0,0.0,0.0,0.0,0.0,0.0,0.0,0.0,3,0,0.0,0.0,0.0,0.0,0.0,0.0,0.0,0.0,0.0,0.0,0.0,0.0,0.0,0.0,0.0,20.0,0.0,0.0,0.0,0.0,0.0,0.0,0.0,0.0,0.0,0.0,0.0,0.0,0.0
377,Victor,Munoz,Munoz,a,,,6.5,43,29,1.2,168,53,4.3,70,33,3,0,0,0,0,13349,22357,0.7,2.0,4.3,4.3,4.3,75,34,,,126,46,126,76,62,37,82,50,,,,,,,,0.21,0.12,0.33,1.98,0.0,0.5,1.0,1.0,5.5,3,3,63.0,0.0,0.0,1.0,0.0,0.0,0.0,0.0,0.0,0.0,0.0,1.0,0.0,9.0,14377.0,22534.0,0.0,0.0,0.01999999999999999,0.020000000000000018,0.5800000000000001,0.7999999999999972,4.300000000000001,6.0,1.0999999999999996,0.0,0.0,4.0,4.0
378,James,McConnell,McConnell,a,,,4.5,506,269,0.2,324,116,0.0,479,189,0,0,0,0,0,731,2022,0.0,0.0,0.0,0.0,0.0,479,189,,,455,176,455,184,412,153,461,180,,,,,,,,0.0,0.0,0.0,0.0,0.0,0.0,0.0,0.0,0.0,3,0,0.0,0.0,0.0,0.0,0.0,0.0,0.0,0.0,0.0,0.0,0.0,0.0,0.0,0.0,742.0,2039.0,0.0,0.0,0.0,0.0,0.0,0.0,0.0,0.0,0.0,0.0,0.0,0.0,0.0
379,Alexander,Isak,Isak,a,,,9.1,5,2,21.9,14,4,7.7,11,2,13,1,-1,1,-1,509716,72185,0.8,2.5,7.7,7.7,7.7,12,2,,,7,2,121,12,2,2,6,2,,,2.0,,,,,0.85,0.02,0.87,1.65,0.0,0.37,1.48,1.11,1.85,3,13,63.0,2.0,0.0,1.0,0.0,0.0,0.0,0.0,0.0,0.0,0.0,1.0,3.0,61.0,512119.0,74538.0,0.0,0.20999999999999996,0.049999999999999996,0.26000000000000023,0.5800000000000001,67.0,6.400000000000002,34.0,10.700000000000003,0.0,1.0,2.0,3.0
380,Hugo,Ekitiké,Ekitiké,i,Achilles injury - Unknown return date,,7.4,21,7,0.1,407,59,0.0,652,77,0,-1,1,-1,1,404,1783,0.0,0.0,0.0,0.0,0.0,652,77,0.0,0.0,653,77,653,77,653,77,653,77,,,,,,,,0.0,0.0,0.0,0.0,0.0,0.0,0.0,0.0,0.0,3,0,0.0,0.0,0.0,0.0,0.0,0.0,0.0,0.0,0.0,0.0,0.0,0.0,0.0,0.0,407.0,1790.0,0.0,0.0,0.0,0.0,0.0,0.0,0.0,0.0,0.0,0.0,0.0,0.0,0.0
381,Lewis,Koumas,Koumas,a,,,5.0,331,198,0.0,555,228,0.7,309,140,1,0,0,0,0,109,253,0.1,0.4,0.7,0.7,1.0,320,140,,,349,161,329,162,215,108,325,148,,,,,,,,0.21,0.0,0.21,4.02,0.0,0.0,0.0,0.0,6.92,3,1,1.0,0.0,0.0,0.0,0.0,0.0,0.0,0.0,0.0,0.0,0.0,0.0,0.0,3.0,109.0,255.0,0.0,0.0,0.0,0.0,0.09999999999999998,0.0,0.0,0.0,0.0,0.0,0.0,0.0,0.0
382,Jayden,Danns,Danns,a,,,4.5,510,67,0.1,399,57,0.0,483,49,0,0,0,0,0,5605,1862,0.0,0.0,0.0,0.0,0.0,483,49,100.0,100.0,459,41,459,47,416,43,465,45,,,,,,,,0.0,0.0,0.0,0.0,0.0,0.0,0.0,0.0,0.0,3,0,0.0,0.0,0.0,0.0,0.0,0.0,0.0,0.0,0.0,0.0,0.0,0.0,0.0,0.0,5671.0,1869.0,0.0,0.0,0.0,0.0,0.0,0.0,0.0,0.0,0.0,0.0,0.0,0.0,0.0
383,Harvey,Elliott,Elliott,u,Has joined Valencia on loan for the rest of the season,,5.4,212,134,0.0,508,206,0.0,614,262,0,0,0,-1,1,0,1418,0.0,0.0,0.0,0.0,0.0,614,262,0.0,0.0,599,255,606,261,591,251,606,258,,,,,,,,0.0,0.0,0.0,0.0,0.0,0.0,0.0,0.0,0.0,3,0,0.0,0.0,0.0,0.0,0.0,0.0,0.0,0.0,0.0,0.0,0.0,0.0,0.0,0.0,0.0,1429.0,0.0,0.0,0.0,0.0,0.0,0.0,0.0,0.0,0.0,0.0,0.0,0.0,0.0
579,Ronald,Araujo,Araujo,a,,,5.4,213,28,2.4,115,46,3.0,121,47,8,0,0,-1,1,34248,13284,0.6,1.7,3.0,3.0,3.0,136,53,,,151,69,235,80,279,107,236,90,,,,,,,,0.0,0.04,0.04,1.0,0.0,0.73,0.0,0.73,10.98,3,8,90.0,0.0,0.0,1.0,0.0,0.0,0.0,0.0,0.0,0.0,0.0,1.0,0.0,27.0,34308.0,13633.0,0.0,0.0,0.010000000000000002,0.010000000000000002,0.7500000000000001,20.0,2.4000000000000004,2.0,2.3999999999999995,1.0,9.0,1.0,10.0
627,Bradley,Barcola,Barcola,a,,,8.0,8,5,1.9,130,41,1.0,284,131,1,0,0,0,0,79410,33263,0.1,0.1,2.8,2.8,1.0,371,175,,,333,150,222,118,290,141,306,136,,,,,,,,0.0,0.24,0.24,0.59,0.0,0.0,0.0,0.0,0.0,3,1,26.0,0.0,0.0,0.0,0.0,0.0,0.0,0.0,0.0,0.0,0.0,0.0,0.0,5.0,80661.0,33604.0,0.0,0.0,0.07,0.07,0.17,3.0,10.5,2.0,1.6,0.0,0.0,0.0,0.0
155,Enzo,Fernández,Enzo,a,,,6.9,30,19,3.2,98,31,1.3,241,109,3,0,0,-1,1,28473,38078,0.2,0.6,1.3,1.3,2.0,224,99,,,249,102,124,75,131,67,206,94,,,,,,,,0.12,0.13,0.25,1.15,0.0,0.9,0.0,0.9,5.4,3,3,75.0,0.0,0.0,1.0,0.0,0.0,0.0,0.0,0.0,0.0,0.0,1.0,0.0,17.0,28698.0,38687.0,0.0,0.13,0.12000000000000001,0.25,1.0,10.2,18.9,18.0,4.7,1.0,1.0,1.0,3.0
237,Iliman,Ndiaye,Ndiaye,a,,,5.9,97,63,9.5,44,16,5.3,43,21,3,-1,1,-1,1,33910,234523,0.9,2.7,5.3,5.3,5.3,48,23,,,76,24,32,27,32,18,26,19,,,,,,,,0.09,0.15,0.24,1.85,0.0,0.68,0.34,1.02,10.15,3,3,86.0,0.0,0.0,1.0,0.0,0.0,0.0,0.0,0.0,0.0,0.0,1.0,0.0,12.0,34266.0,243887.0,0.0,0.020000000000000018,0.03999999999999998,0.05999999999999994,1.3499999999999996,7.0,17.900000000000006,10.0,3.5,2.0,1.0,2.0,5.0
384,Gianluigi,Donnarumma,Donnarumma,a,,,5.5,136,4,7.7,56,8,3.3,103,9,7,0,0,0,0,24985,55158,0.6,1.8,3.3,3.3,3.3,114,9,,,75,11,620,70,610,70,210,12,,,,,,,,0.0,0.0,0.0,0.89,2.33,0.33,0.67,1.0,0.0,3,7,90.0,0.0,0.0,1.0,0.0,0.0,0.0,0.0,0.0,0.0,3.0,1.0,0.0,29.0,25558.0,55768.0,0.0,0.0,0.0,0.0,1.37,26.799999999999997,0.0,0.0,2.6999999999999997,0.0,1.0,2.0,0.0
386,Marcus,Bettinelli,Bettinelli,a,,,4.5,439,31,0.0,549,62,0.0,454,52,0,0,0,0,0,101,184,0.0,0.0,0.0,0.0,0.0,454,52,,,429,52,426,35,375,32,435,52,,,,,,,,0.0,0.0,0.0,0.0,0.0,0.0,0.0,0.0,0.0,3,0,0.0,0.0,0.0,0.0,0.0,0.0,0.0,0.0,0.0,0.0,0.0,0.0,0.0,0.0,102.0,187.0,0.0,0.0,0.0,0.0,0.0,0.0,0.0,0.0,0.0,0.0,0.0,0.0,0.0
387,Nico,O'Reilly,O'Reilly,a,,,6.4,47,4,14.0,28,9,1.3,239,86,0,-1,1,-1,1,4605,445628,0.2,0.6,1.3,1.3,2.0,221,83,100.0,,255,105,98,26,145,45,195,75,,,,,,,,0.05,0.26,0.31,0.73,0.0,0.0,1.2,1.2,1.8,3,0,0.0,0.0,0.0,0.0,0.0,0.0,0.0,0.0,0.0,0.0,0.0,0.0,0.0,0.0,5900.0,448141.0,0.0,0.0,0.0,0.0,0.0,0.0,0.0,0.0,0.0,0.0,0.0,0.0,0.0
388,Marc,Guéhi,Guéhi,a,,,6.0,66,6,18.5,17,5,6.7,27,13,8,0,0,0,0,73815,81333,1.1,3.3,6.7,6.7,6.7,28,13,,,17,2,81,19,97,23,41,6,,,,,,,,0.3,0.13,0.43,0.89,0.0,0.33,0.67,1.0,6.0,3,8,90.0,0.0,0.0,1.0,0.0,0.0,0.0,0.0,0.0,0.0,0.0,1.0,2.0,31.0,74574.0,82387.0,0.0,0.0,0.020000000000000018,0.020000000000000018,1.37,28.799999999999997,9.600000000000001,2.0,3.9999999999999982,0.0,9.0,6.0,9.0
389,Matheus,Nunes,Matheus N.,a,,,5.9,103,10,1.0,195,73,0.3,381,136,0,0,0,-1,1,1935,8043,0.1,0.2,0.3,0.3,1.0,359,128,100.0,100.0,319,122,293,106,250,93,328,120,,,4.0,,,,,0.0,0.11,0.11,0.27,0.0,0.0,0.0,0.0,2.73,3,0,0.0,0.0,0.0,0.0,0.0,0.0,0.0,0.0,0.0,0.0,0.0,0.0,0.0,0.0,1949.0,8197.0,0.0,0.0,0.0,0.0,0.0,0.0,0.0,0.0,0.0,0.0,0.0,0.0,0.0
390,Rúben,dos Santos Gato Alves Dias,Rúben,a,,,5.5,128,13,1.8,134,55,3.3,102,38,6,0,0,0,0,8500,12618,0.6,1.8,3.3,3.3,3.3,113,44,,,52,21,68,15,83,17,55,11,,,,,,,,0.03,0.25,0.28,0.89,0.0,0.33,0.67,1.0,5.0,3,6,90.0,0.0,0.0,1.0,0.0,0.0,0.0,0.0,0.0,0.0,0.0,1.0,0.0,25.0,8723.0,12750.0,0.0,0.0,0.030000000000000027,0.029999999999999916,1.37,20.6,6.599999999999994,0.0,2.6999999999999993,0.0,3.0,0.0,3.0
391,Joško,Gvardiol,Gvardiol,a,,,5.6,120,12,20.0,16,4,7.3,13,5,8,0,0,1,-1,246556,107268,1.3,3.9,7.3,7.3,7.3,14,5,,,23,6,60,14,107,30,39,5,,,,,,,,0.07,0.04,0.11,0.95,0.0,0.35,0.71,1.06,6.02,3,8,90.0,0.0,0.0,1.0,0.0,0.0,0.0,0.0,0.0,0.0,0.0,1.0,2.0,31.0,253181.0,109259.0,0.0,0.010000000000000009,0.020000000000000004,0.02999999999999997,1.37,18.799999999999997,6.899999999999999,7.0,3.3000000000000007,4.0,4.0,7.0,8.0
392,Rayan,Aït-Nouri,Aït-Nouri,a,,,5.3,236,34,0.5,256,95,0.0,607,210,0,-1,1,-2,2,984,8512,0.0,0.0,0.0,0.0,0.0,607,210,,,592,209,599,209,581,207,599,209,,,,,,,,0.0,0.0,0.0,0.0,0.0,0.0,0.0,0.0,0.0,3,0,0.0,0.0,0.0,0.0,0.0,0.0,0.0,0.0,0.0,0.0,0.0,0.0,0.0,0.0,990.0,8653.0,0.0,0.0,0.0,0.0,0.0,0.0,0.0,0.0,0.0,0.0,0.0,0.0,0.0
393,Abdukodir,Khusanov,Khusanov,a,,,5.5,183,24,1.6,147,61,3.0,123,48,5,0,0,0,0,4867,10206,0.5,1.6,3.0,3.0,3.0,138,54,,,111,52,209,72,247,92,191,73,,,,,,,,0.0,0.02,0.02,0.9,0.0,0.34,0.67,1.01,5.71,3,5,90.0,0.0,0.0,1.0,0.0,0.0,0.0,0.0,1.0,0.0,0.0,1.0,0.0,22.0,4937.0,10337.0,0.0,0.0,0.019999999999999997,0.019999999999999997,1.37,13.600000000000001,3.9000000000000004,0.0,1.7999999999999998,2.0,4.0,4.0,6.0
374,Endo,Wataru,Endo,a,,,5.0,252,157,0.1,476,188,0.0,559,231,0,0,0,0,0,437,891,0.0,0.0,0.0,0.0,0.0,559,231,100.0,100.0,542,222,543,229,515,208,549,226,,,,,,,,0.0,0.0,0.0,0.0,0.0,0.0,0.0,0.0,0.0,3,0,0.0,0.0,0.0,0.0,0.0,0.0,0.0,0.0,0.0,0.0,0.0,0.0,0.0,0.0,440.0,898.0,0.0,0.0,0.0,0.0,0.0,0.0,0.0,0.0,0.0,0.0,0.0,0.0,0.0
394,Max,Alleyne,Alleyne,u,Has joined Burnley on loan for the rest of the season,,5.0,319,58,0.0,630,209,0.0,586,208,0,0,0,0,0,0,51,0.0,0.0,0.0,0.0,0.0,586,208,0.0,0.0,571,207,577,207,555,205,578,207,,,,,,,,0.0,0.0,0.0,0.0,0.0,0.0,0.0,0.0,0.0,3,0,0.0,0.0,0.0,0.0,0.0,0.0,0.0,0.0,0.0,0.0,0.0,0.0,0.0,0.0,0.0,51.0,0.0,0.0,0.0,0.0,0.0,0.0,0.0,0.0,0.0,0.0,0.0,0.0,0.0
395,Rico,Lewis,Lewis,a,,,4.5,499,126,0.2,332,123,0.3,344,125,0,0,0,0,0,772,3161,0.1,0.2,0.3,0.3,1.0,288,114,,,318,121,248,85,72,12,234,89,,,,,,,,0.27,0.03,0.3,0.88,0.0,0.0,1.61,1.61,3.21,3,0,0.0,0.0,0.0,0.0,0.0,0.0,0.0,0.0,0.0,0.0,0.0,0.0,0.0,0.0,782.0,3199.0,0.0,0.0,0.0,0.0,0.0,0.0,0.0,0.0,0.0,0.0,0.0,0.0,0.0
396,Vitor,de Oliveira Nunes dos Reis,Vitor Reis,a,,,4.5,553,144,0.0,539,186,0.3,346,126,0,0,0,0,0,62,226,0.1,0.2,0.3,0.3,1.0,291,116,,,348,128,308,116,453,185,356,128,,,,,,,,0.0,0.0,0.0,0.0,0.0,0.0,0.0,0.0,0.0,3,0,0.0,0.0,0.0,0.0,0.0,0.0,0.0,0.0,0.0,0.0,0.0,0.0,0.0,0.0,64.0,229.0,0.0,0.0,0.0,0.0,0.0,0.0,0.0,0.0,0.0,0.0,0.0,0.0,0.0
397,Antoine,Semenyo,Semenyo,a,,,8.4,6,4,17.2,21,7,4.3,72,35,6,-1,1,-1,1,28438,228083,0.5,1.5,4.3,4.3,4.3,77,36,,,89,30,14,14,17,9,19,15,,,2.0,,,,,0.06,0.31,0.37,0.89,0.0,0.33,0.67,1.0,4.0,3,6,90.0,0.0,1.0,1.0,0.0,0.0,0.0,0.0,0.0,0.0,0.0,1.0,0.0,26.0,29344.0,232409.0,0.0,0.05000000000000002,0.3400000000000001,0.3900000000000001,1.37,22.6,45.9,11.0,8.0,1.0,0.0,3.0,4.0
398,Phil,Foden,Foden,a,,,7.0,26,17,4.4,79,27,3.7,94,45,1,0,0,0,0,14084,143634,0.5,1.6,3.7,3.7,3.7,102,47,,,88,29,7,7,77,46,24,18,2.0,2.0,,,,,,0.74,0.4,1.14,0.84,0.0,0.0,0.92,0.92,6.46,3,1,24.0,0.0,0.0,0.0,0.0,0.0,0.0,0.0,0.0,0.0,0.0,0.0,0.0,3.0,22375.0,144596.0,0.0,0.6200000000000001,0.010000000000000009,0.6300000000000001,0.5,4.399999999999999,14.799999999999997,7.0,2.599999999999998,0.0,0.0,1.0,1.0
399,Rayan,Cherki,Cherki,a,,,7.8,14,9,29.8,8,4,8.3,5,3,3,1,-1,3,-3,240717,289639,1.1,3.2,8.3,8.3,8.3,6,4,,,3,2,2,2,20,12,2,2,1.0,1.0,,,,,,0.29,0.7,0.99,0.84,0.0,0.52,0.52,1.04,3.12,3,3,65.0,0.0,0.0,1.0,0.0,0.0,0.0,0.0,0.0,0.0,0.0,1.0,0.0,23.0,264448.0,291190.0,0.0,0.21000000000000008,0.30000000000000004,0.51,0.8600000000000001,7.400000000000006,52.20000000000002,24.0,8.399999999999999,0.0,0.0,3.0,3.0
400,Jérémy,Doku,Doku,i,Calf injury - Expected back 20 Sep,,7.4,19,12,0.8,216,68,0.0,651,290,0,0,0,-1,1,216,11150,0.0,0.0,0.0,0.0,0.0,651,290,0.0,0.0,652,291,652,291,652,291,652,291,,,3.0,,,,,0.0,0.0,0.0,0.0,0.0,0.0,0.0,0.0,0.0,3,0,0.0,0.0,0.0,0.0,0.0,0.0,0.0,0.0,0.0,0.0,0.0,0.0,0.0,0.0,219.0,11285.0,0.0,0.0,0.0,0.0,0.0,0.0,0.0,0.0,0.0,0.0,0.0,0.0,0.0
402,Rodrigo 'Rodri',Hernandez Cascante,Rodrigo,u,Has joined Barcelona permanently,,6.5,36,24,0.0,597,251,0.0,648,288,0,0,0,0,0,0,75,0.0,0.0,0.0,0.0,0.0,648,288,0.0,0.0,648,289,649,289,648,289,648,289,,,,,,,,0.0,0.0,0.0,0.0,0.0,0.0,0.0,0.0,0.0,3,0,0.0,0.0,0.0,0.0,0.0,0.0,0.0,0.0,0.0,0.0,0.0,0.0,0.0,0.0,0.0,76.0,0.0,0.0,0.0,0.0,0.0,0.0,0.0,0.0,0.0,0.0,0.0,0.0,0.0
404,Tijjani,Reijnders,Reijnders,u,Has joined Al Qadsiah permanently,,6.0,70,48,0.0,518,210,0.0,642,282,0,0,0,0,0,0,449,0.0,0.0,0.0,0.0,0.0,642,282,0.0,0.0,639,283,642,283,640,282,641,283,,,,,,,,0.0,0.0,0.0,0.0,0.0,0.0,0.0,0.0,0.0,3,0,0.0,0.0,0.0,0.0,0.0,0.0,0.0,0.0,0.0,0.0,0.0,0.0,0.0,0.0,0.0,455.0,0.0,0.0,0.0,0.0,0.0,0.0,0.0,0.0,0.0,0.0,0.0,0.0,0.0
406,Mateo,Kovačić,Kovačić,a,,,5.4,189,117,0.1,449,176,0.7,314,143,0,-1,1,-1,1,365,1096,0.1,0.4,0.7,0.7,1.0,328,146,,,314,141,238,126,583,244,326,149,,,,,,,,0.0,0.04,0.04,0.21,0.0,0.0,0.0,0.0,4.29,3,0,0.0,0.0,0.0,0.0,0.0,0.0,0.0,0.0,0.0,0.0,0.0,0.0,0.0,0.0,368.0,1104.0,0.0,0.0,0.0,0.0,0.0,0.0,0.0,0.0,0.0,0.0,0.0,0.0,0.0
407,Claudio,Echeverri,Echeverri,u,Has joined Benfica on loan for the rest of the season,,4.9,412,249,0.0,600,254,0.0,553,226,0,0,0,-1,1,0,303,0.0,0.0,0.0,0.0,0.0,553,226,0.0,0.0,534,216,534,223,497,195,542,221,,,,,,,,0.0,0.0,0.0,0.0,0.0,0.0,0.0,0.0,0.0,3,0,0.0,0.0,0.0,0.0,0.0,0.0,0.0,0.0,0.0,0.0,0.0,0.0,0.0,0.0,0.0,305.0,0.0,0.0,0.0,0.0,0.0,0.0,0.0,0.0,0.0,0.0,0.0,0.0,0.0
408,Kalvin,Phillips,Phillips,u,Has joined Sheffield United on loan for the rest of the season,,5.0,249,154,0.0,628,272,0.0,558,230,0,0,0,0,0,0,51,0.0,0.0,0.0,0.0,0.0,558,230,0.0,0.0,541,221,542,228,512,205,548,225,,,,,,,,0.0,0.0,0.0,0.0,0.0,0.0,0.0,0.0,0.0,3,0,0.0,0.0,0.0,0.0,0.0,0.0,0.0,0.0,0.0,0.0,0.0,0.0,0.0,0.0,0.0,53.0,0.0,0.0,0.0,0.0,0.0,0.0,0.0,0.0,0.0,0.0,0.0,0.0,0.0
409,Divine,Mukasa,Mukasa,u,has joined West Ham on loan for the rest of the seaon.,,4.5,541,279,0.1,410,156,0.0,508,198,0,0,0,0,0,0,2775,0.0,0.0,0.0,0.0,0.0,508,198,0.0,0.0,485,185,484,193,442,162,491,189,,,,,,,,0.0,0.0,0.0,0.0,0.0,0.0,0.0,0.0,0.0,3,0,0.0,0.0,0.0,0.0,0.0,0.0,0.0,0.0,0.0,0.0,0.0,0.0,0.0,0.0,0.0,2806.0,0.0,0.0,0.0,0.0,0.0,0.0,0.0,0.0,0.0,0.0,0.0,0.0,0.0
410,Jeremy,Monga,Monga,u,Has joined Swansea City on loan for the rest of the season,,4.9,418,255,0.0,602,256,0.0,554,227,0,0,0,-1,1,0,311,0.0,0.0,0.0,0.0,0.0,554,227,0.0,0.0,535,217,536,225,502,200,543,222,,,,,,,,0.0,0.0,0.0,0.0,0.0,0.0,0.0,0.0,0.0,3,0,0.0,0.0,0.0,0.0,0.0,0.0,0.0,0.0,0.0,0.0,0.0,0.0,0.0,0.0,0.0,315.0,0.0,0.0,0.0,0.0,0.0,0.0,0.0,0.0,0.0,0.0,0.0,0.0,0.0
411,Erling,Haaland,Haaland,a,,,15.5,1,1,71.3,2,2,8.0,9,1,9,0,0,0,0,127138,90486,0.5,1.5,8.0,8.0,8.0,10,1,,,2,1,175,21,1,1,4,1,,,1.0,,,,,0.82,0.17,0.99,0.89,0.0,0.33,0.67,1.0,5.0,3,9,90.0,1.0,0.0,1.0,0.0,0.0,0.0,0.0,0.0,0.0,0.0,1.0,3.0,40.0,132314.0,90653.0,0.0,1.06,0.48,1.54,1.37,48.8,13.599999999999998,63.0,12.5,0.0,5.0,2.0,7.0
481,Elliot,Anderson,Anderson,a,,,6.3,53,37,4.5,78,26,2.7,143,63,3,-1,1,-2,2,13445,64894,0.4,1.3,2.7,2.7,2.7,158,68,100.0,100.0,82,26,36,31,130,66,61,40,3.0,,,,,,,0.03,0.25,0.28,1.0,0.0,0.39,0.77,1.16,11.97,3,3,90.0,0.0,0.0,1.0,0.0,0.0,0.0,0.0,0.0,0.0,0.0,1.0,0.0,23.0,13919.0,66115.0,0.0,0.01999999999999999,0.17000000000000004,0.18999999999999995,1.37,26.599999999999994,28.099999999999994,5.0,6.0,1.0,4.0,6.0,11.0
616,Ayyoub,Bouaddi,Bouaddi,a,,,5.5,186,116,0.2,357,130,1.0,275,125,1,0,0,0,0,3509,3209,0.2,0.4,1.0,1.0,1.0,351,162,,,251,104,241,129,624,272,299,133,,,,,,,,0.0,0.49,0.49,1.51,0.0,0.0,0.0,0.0,24.55,3,1,14.0,0.0,0.0,0.0,0.0,0.0,0.0,0.0,0.0,0.0,0.0,0.0,0.0,5.0,3533.0,3230.0,0.0,0.0,0.0,0.0,0.37,11.2,0.5,0.0,1.2000000000000002,0.0,2.0,3.0,5.0
621,Ryan,McAidoo,McAidoo,a,,,4.5,554,286,0.1,405,152,1.0,254,111,1,0,0,0,0,2988,1851,0.2,0.4,1.0,1.0,1.0,292,121,,,303,133,328,161,253,121,331,151,,,,,,,,0.82,0.0,0.82,0.16,0.0,0.0,0.0,0.0,32.73,3,1,3.0,0.0,0.0,0.0,0.0,0.0,0.0,0.0,0.0,0.0,0.0,0.0,0.0,5.0,3009.0,1855.0,0.0,0.0,0.0,0.0,0.02,5.2,0.0,2.0,0.7000000000000001,2.0,0.0,2.0,4.0
622,Kaden,Braithwaite,Braithwaite,a,,,4.0,641,201,0.2,346,130,0.5,334,117,0,0,0,0,0,3867,2273,0.1,0.2,0.5,0.5,1.0,269,98,,,353,129,310,117,344,138,362,129,,,,,,,,0.0,0.0,0.0,0.0,0.0,0.0,0.0,0.0,0.0,3,0,0.0,0.0,0.0,0.0,0.0,0.0,0.0,0.0,0.0,0.0,0.0,0.0,0.0,0.0,3899.0,2286.0,0.0,0.0,0.0,0.0,0.0,0.0,0.0,0.0,0.0,0.0,0.0,0.0,0.0
628,Allan,Andrade Elias,Allan,a,,,6.0,82,54,0.0,623,268,0.0,644,284,0,0,0,0,0,256,150,0.0,0.0,2.2,2.2,0.0,644,284,,,644,285,645,285,643,284,644,285,,,,,,,,0.0,0.0,0.0,0.0,0.0,0.0,0.0,0.0,0.0,3,0,0.0,0.0,0.0,0.0,0.0,0.0,0.0,0.0,0.0,0.0,0.0,0.0,0.0,0.0,257.0,151.0,0.0,0.0,0.0,0.0,0.0,0.0,0.0,0.0,0.0,0.0,0.0,0.0,0.0
653,Floyd,Samba,Samba,a,,,4.5,544,281,0.0,510,208,0.0,511,200,0,0,0,0,0,2511,651,0.0,0.0,1.0,1.0,0.0,511,200,,,488,187,487,195,445,164,494,191,,,,,,,,0.0,0.0,0.0,0.0,0.0,0.0,0.0,0.0,0.0,3,0,0.0,0.0,0.0,0.0,0.0,0.0,0.0,0.0,0.0,0.0,0.0,0.0,0.0,0.0,2511.0,651.0,0.0,0.0,0.0,0.0,0.0,0.0,0.0,0.0,0.0,0.0,0.0,0.0,0.0
43,Youri,Tielemans,Tielemans,a,,,5.9,88,57,1.7,137,43,2.7,142,62,2,0,0,-1,1,5903,27990,0.5,1.4,2.7,2.7,2.7,157,67,100.0,100.0,91,32,27,24,89,49,43,31,,,3.0,,,,,0.2,0.1,0.3,1.47,0.0,0.0,2.2,1.1,9.15,3,2,90.0,0.0,0.0,0.0,2.0,0.0,0.0,0.0,0.0,0.0,0.0,1.0,0.0,17.0,5973.0,28287.0,0.0,0.050000000000000044,0.060000000000000026,0.10999999999999999,1.0099999999999998,18.599999999999994,18.9,9.0,4.699999999999999,0.0,2.0,5.0,7.0
131,Carlos,Baleba,Baleba,i,Ankle injury - Expected back 19 Sep,,5.0,336,201,0.1,384,140,0.0,592,248,0,0,0,0,0,687,1957,0.0,0.0,0.0,0.0,0.0,592,248,0.0,0.0,577,241,584,247,563,231,584,244,,,,,,,,0.0,0.0,0.0,0.0,0.0,0.0,0.0,0.0,0.0,3,0,0.0,0.0,0.0,0.0,0.0,0.0,0.0,0.0,0.0,0.0,0.0,0.0,0.0,0.0,692.0,1976.0,0.0,0.0,0.0,0.0,0.0,0.0,0.0,0.0,0.0,0.0,0.0,0.0,0.0
162,Andrey,Nascimento dos Santos,Andrey Santos,a,,,4.9,405,243,0.7,220,70,1.3,223,100,1,0,0,-1,1,3000,12401,0.3,0.8,1.3,1.3,1.3,252,113,,,201,80,236,125,203,102,244,105,,,,,,,,0.0,0.26,0.26,2.23,0.0,0.0,4.39,1.1,19.76,3,1,6.0,0.0,0.0,0.0,1.0,0.0,0.0,0.0,0.0,0.0,0.0,0.0,0.0,4.0,3042.0,12542.0,0.0,0.0,0.009999999999999981,0.009999999999999981,0.08999999999999986,7.199999999999999,0.5999999999999996,6.0,1.4,0.0,4.0,0.0,4.0
325,Karl,Darlow,Darlow,a,,,4.5,426,23,0.0,512,57,0.0,447,46,0,0,0,0,0,200,282,0.0,0.0,0.0,0.0,0.0,447,46,100.0,100.0,422,46,417,27,364,24,428,46,,,,,,,,0.0,0.0,0.0,0.0,0.0,0.0,0.0,0.0,0.0,3,0,0.0,0.0,0.0,0.0,0.0,0.0,0.0,0.0,0.0,0.0,0.0,0.0,0.0,0.0,200.0,285.0,0.0,0.0,0.0,0.0,0.0,0.0,0.0,0.0,0.0,0.0,0.0,0.0,0.0
413,Altay,Bayındır,Bayindir,u,Has joined Celta Vigo on loan for the rest of the season,,4.5,489,39,0.0,592,69,0.0,474,59,0,0,0,0,0,0,119,0.0,0.0,0.0,0.0,0.0,474,59,0.0,0.0,450,59,448,43,400,40,456,59,,,,,,,,0.0,0.0,0.0,0.0,0.0,0.0,0.0,0.0,0.0,3,0,0.0,0.0,0.0,0.0,0.0,0.0,0.0,0.0,0.0,0.0,0.0,0.0,0.0,0.0,0.0,120.0,0.0,0.0,0.0,0.0,0.0,0.0,0.0,0.0,0.0,0.0,0.0,0.0,0.0
416,Matthijs,de Ligt,De Ligt,i,Back injury - Unknown return date,,5.0,266,40,0.0,559,191,0.0,563,202,0,0,0,0,0,78,232,0.0,0.0,0.0,0.0,0.0,563,202,0.0,0.0,547,201,549,201,522,197,553,200,,,,,,,,0.0,0.0,0.0,0.0,0.0,0.0,0.0,0.0,0.0,3,0,0.0,0.0,0.0,0.0,0.0,0.0,0.0,0.0,0.0,0.0,0.0,0.0,0.0,0.0,80.0,233.0,0.0,0.0,0.0,0.0,0.0,0.0,0.0,0.0,0.0,0.0,0.0,0.0,0.0
417,Diogo,Dalot Teixeira,Dalot,a,,,4.9,378,69,1.9,129,52,1.3,221,83,1,-1,1,-1,1,3026,24268,0.3,0.8,1.3,1.3,1.3,251,90,,,190,84,28,4,73,13,62,15,,,,,,,,0.09,0.07,0.16,1.07,0.0,0.0,1.08,1.08,5.96,3,1,83.0,0.0,0.0,0.0,1.0,0.0,0.0,0.0,1.0,0.0,0.0,1.0,0.0,8.0,3067.0,24583.0,0.0,0.010000000000000009,0.010000000000000009,0.019999999999999962,0.9199999999999999,4.800000000000001,22.700000000000003,6.0,3.4000000000000004,2.0,2.0,3.0,4.0
418,Harry,Maguire,Maguire,a,,,4.9,366,65,11.7,36,13,2.3,154,63,2,-1,1,-1,1,13514,244410,0.5,1.4,2.3,2.3,2.3,172,69,,,79,39,120,35,104,27,92,25,,,,,,,,0.02,0.14,0.16,1.36,0.0,0.0,2.0,1.0,7.0,3,2,90.0,0.0,0.0,0.0,2.0,0.0,0.0,0.0,1.0,0.0,0.0,1.0,0.0,1.0,13746.0,250166.0,0.0,0.0,0.010000000000000009,0.010000000000000009,1.0100000000000002,26.799999999999997,1.2999999999999972,2.0,3.0,0.0,12.0,2.0,12.0
419,Lisandro,Martínez,Martinez,a,,,5.0,276,44,1.2,166,67,1.3,224,84,3,0,0,0,0,4666,9481,0.3,0.8,1.3,1.3,2.0,204,79,100.0,100.0,173,76,278,99,256,94,245,93,,,,,,,,0.02,0.03,0.05,1.54,0.0,0.0,2.0,1.0,5.0,3,3,90.0,0.0,0.0,0.0,2.0,0.0,0.0,0.0,0.0,0.0,0.0,1.0,0.0,7.0,4701.0,9592.0,0.0,0.0,0.0,0.0,1.0099999999999998,28.999999999999996,0.30000000000000004,0.0,2.9,0.0,10.0,2.0,10.0
420,Leny,Yoro,Yoro,a,,,4.9,409,77,0.5,248,92,0.7,301,111,1,0,0,-1,1,709,5269,0.1,0.4,0.7,0.7,1.0,302,121,,,281,113,272,96,271,104,313,116,,,,,,,,0.0,0.08,0.08,4.46,0.0,0.0,8.18,0.0,20.45,3,1,6.0,0.0,0.0,0.0,1.0,0.0,0.0,0.0,0.0,0.0,0.0,0.0,0.0,1.0,711.0,5334.0,0.0,0.0,0.01,0.01,0.09000000000000008,6.0,0.5999999999999999,2.0,0.9,2.0,1.0,0.0,3.0
421,Ayden,Heaven,Heaven,a,,,4.4,576,158,0.3,293,106,0.3,340,123,0,-1,1,-1,1,631,4303,0.1,0.2,0.3,0.3,1.0,276,105,,,287,114,264,91,184,64,293,108,,,,,,,,0.12,0.04,0.16,1.01,0.0,0.0,2.0,1.0,2.0,3,0,0.0,0.0,0.0,0.0,0.0,0.0,0.0,0.0,0.0,0.0,0.0,0.0,0.0,0.0,633.0,4378.0,0.0,0.0,0.0,0.0,0.0,0.0,0.0,0.0,0.0,0.0,0.0,0.0,0.0
422,Noussair,Mazraoui,Mazraoui,a,,,4.4,570,152,0.6,241,89,1.0,247,90,1,-1,1,-1,1,1135,8159,0.2,0.7,1.0,1.0,1.0,272,101,,,216,92,122,36,183,63,201,77,,,,,,,,0.2,0.06,0.26,1.93,0.0,0.0,3.71,0.93,5.57,3,1,1.0,0.0,0.0,0.0,1.0,0.0,0.0,0.0,0.0,0.0,0.0,0.0,0.0,-1.0,1149.0,8225.0,0.0,0.0,0.009999999999999995,0.010000000000000009,0.07000000000000028,2.1999999999999993,0.5,2.0,0.5,1.0,0.0,0.0,1.0
423,Luke,Shaw,Shaw,a,,,4.4,565,147,13.3,32,10,2.3,147,57,4,-1,1,-1,1,18984,238028,0.5,1.6,2.3,2.3,2.3,167,65,,,33,10,20,3,164,55,34,4,3.0,,,,,,,0.01,0.18,0.19,1.08,0.0,0.0,1.43,1.07,7.14,3,4,90.0,0.0,1.0,0.0,1.0,0.0,0.0,0.0,1.0,0.0,0.0,1.0,0.0,22.0,19146.0,242789.0,0.0,0.02,0.22999999999999998,0.25,0.94,42.4,24.799999999999997,3.0,6.999999999999998,1.0,7.0,1.0,8.0
425,Tyler,Fredricson,Fredricson,u,Has joined Lausanne-Sport permanently,,4.0,637,197,0.0,585,198,0.0,428,156,0,0,0,0,0,0,126,0.0,0.0,0.0,0.0,0.0,428,156,0.0,0.0,403,152,398,152,340,134,409,150,,,,,,,,0.0,0.0,0.0,0.0,0.0,0.0,0.0,0.0,0.0,3,0,0.0,0.0,0.0,0.0,0.0,0.0,0.0,0.0,0.0,0.0,0.0,0.0,0.0,0.0,0.0,127.0,0.0,0.0,0.0,0.0,0.0,0.0,0.0,0.0,0.0,0.0,0.0,0.0,0.0
587,Gerónimo,Rulli,Rulli,a,,,5.0,243,7,0.0,566,66,0.0,556,69,0,0,0,0,0,98,199,0.0,0.0,0.0,0.0,0.0,556,69,,,537,69,539,58,507,58,545,69,,,,,,,,0.0,0.0,0.0,0.0,0.0,0.0,0.0,0.0,0.0,3,0,0.0,0.0,0.0,0.0,0.0,0.0,0.0,0.0,0.0,0.0,0.0,0.0,0.0,0.0,98.0,202.0,0.0,0.0,0.0,0.0,0.0,0.0,0.0,0.0,0.0,0.0,0.0,0.0,0.0
412,Senne,Lammens,Lammens,a,,,5.0,299,13,11.9,34,5,1.7,206,20,2,0,0,0,0,8955,164394,0.3,1.0,1.7,1.7,1.7,233,21,,,40,6,565,64,542,64,161,6,,,,,,,,0.0,0.0,0.0,1.36,3.0,0.0,2.0,1.0,0.0,3,2,90.0,0.0,0.0,0.0,2.0,0.0,0.0,0.0,0.0,0.0,4.0,1.0,0.0,13.0,9124.0,166044.0,0.0,0.0,0.0,0.0,1.0100000000000002,31.799999999999997,0.0,0.0,3.2,0.0,1.0,14.0,0.0
414,Tom,Heaton,Heaton,i,Hamstring injury - Unknown return date,,4.0,580,49,0.1,446,49,0.0,387,23,0,0,0,0,0,522,625,0.0,0.0,0.0,0.0,0.0,387,23,0.0,0.0,362,23,355,4,295,1,367,23,,,,,,,,0.0,0.0,0.0,0.0,0.0,0.0,0.0,0.0,0.0,3,0,0.0,0.0,0.0,0.0,0.0,0.0,0.0,0.0,0.0,0.0,0.0,0.0,0.0,0.0,546.0,635.0,0.0,0.0,0.0,0.0,0.0,0.0,0.0,0.0,0.0,0.0,0.0,0.0,0.0
415,Patrick,Dorgu,Dorgu,a,,,5.8,115,74,0.6,235,78,0.7,323,148,1,-1,1,-2,2,1350,14079,0.1,0.3,0.7,0.7,0.7,379,178,,,263,109,192,107,46,30,177,81,,,,,,,,0.78,0.06,0.84,2.74,0.0,0.0,6.0,1.2,7.2,3,1,20.0,0.0,0.0,0.0,2.0,0.0,0.0,0.0,0.0,0.0,0.0,0.0,0.0,3.0,1362.0,14379.0,0.0,0.0,0.010000000000000002,0.010000000000000009,0.3599999999999999,4.199999999999999,1.299999999999999,2.0,0.7999999999999998,1.0,1.0,1.0,3.0
424,Harry,Amass,Amass,a,,,4.0,646,206,0.2,342,128,0.0,435,163,0,0,0,0,0,1196,1495,0.0,0.0,0.0,0.0,0.0,435,163,,,410,159,405,159,349,143,416,157,,,,,,,,0.0,0.0,0.0,0.0,0.0,0.0,0.0,0.0,0.0,3,0,0.0,0.0,0.0,0.0,0.0,0.0,0.0,0.0,0.0,0.0,0.0,0.0,0.0,0.0,1212.0,1514.0,0.0,0.0,0.0,0.0,0.0,0.0,0.0,0.0,0.0,0.0,0.0,0.0,0.0
426,Bruno,Borges Fernandes,B.Fernandes,a,,,12.0,2,1,44.6,4,1,9.0,2,2,2,0,0,0,0,93369,449950,0.8,2.2,9.0,9.0,9.0,3,3,,,1,1,1,1,13,7,1,1,1.0,1.0,1.0,,,,,0.75,0.27,1.02,1.36,0.0,0.0,2.0,1.0,5.33,3,2,90.0,0.0,0.0,0.0,2.0,0.0,0.0,0.0,0.0,0.0,0.0,1.0,0.0,11.0,95273.0,455241.0,0.0,0.1499999999999999,0.06000000000000005,0.20999999999999996,1.0100000000000002,3.4000000000000057,33.599999999999994,14.0,5.100000000000001,0.0,0.0,2.0,2.0
427,Bryan,Mbeumo,Mbeumo,a,,,7.9,11,8,24.7,9,5,7.0,23,9,8,-1,1,-1,1,111085,326043,0.9,2.7,7.0,7.0,7.0,24,10,,,20,10,21,18,11,5,8,6,2.0,2.0,2.0,,,,,0.77,0.16,0.93,1.36,0.0,0.0,2.0,1.0,5.67,3,8,90.0,1.0,0.0,0.0,2.0,0.0,0.0,0.0,0.0,0.0,0.0,1.0,1.0,29.0,111836.0,343535.0,0.0,0.050000000000000266,0.02999999999999997,0.07999999999999963,1.0100000000000002,39.8,13.699999999999989,18.0,7.199999999999999,0.0,4.0,4.0,8.0
428,Matheus,Santos Carneiro da Cunha,Cunha,a,,,7.9,10,7,6.8,60,20,4.7,58,29,3,-1,1,-1,1,7828,106321,0.6,1.8,4.7,4.7,4.7,63,30,,,194,74,39,34,25,14,50,36,,,,,,,,0.19,0.16,0.35,1.08,0.0,0.4,1.19,1.19,3.17,3,3,69.0,0.0,0.0,1.0,0.0,0.0,0.0,0.0,0.0,0.0,0.0,1.0,0.0,10.0,7963.0,107642.0,0.0,0.12,0.04999999999999999,0.17000000000000004,0.6500000000000004,2.8000000000000007,6.200000000000003,10.0,1.8999999999999986,2.0,0.0,1.0,3.0
429,Marcus,Rashford,Rashford,a,,,7.0,25,16,1.6,145,44,2.0,196,91,3,0,0,0,0,17323,20610,0.3,0.9,2.0,2.0,2.0,225,100,,,186,70,16,15,27,16,28,21,,3.0,,,,,,0.12,0.1,0.22,0.84,0.0,0.47,0.47,0.93,5.13,3,3,69.0,0.0,0.0,1.0,0.0,0.0,0.0,0.0,0.0,0.0,0.0,1.0,0.0,11.0,17506.0,20812.0,0.0,0.0,0.06,0.06,0.6500000000000001,3.799999999999997,12.5,8.0,2.400000000000002,0.0,0.0,4.0,4.0
430,Mason,Mount,Mount,a,,,5.4,195,121,0.0,556,229,0.0,611,259,0,0,0,-1,1,208,189,0.0,0.0,0.0,0.0,0.0,611,259,100.0,75.0,596,252,603,258,586,246,603,255,,4.0,,,,,,0.0,0.0,0.0,0.0,0.0,0.0,0.0,0.0,0.0,3,0,0.0,0.0,0.0,0.0,0.0,0.0,0.0,0.0,0.0,0.0,0.0,0.0,0.0,0.0,208.0,189.0,0.0,0.0,0.0,0.0,0.0,0.0,0.0,0.0,0.0,0.0,0.0,0.0,0.0
431,Amad,Diallo,Amad,i,Unspecified injury - Unknown return date,,5.8,112,71,0.4,274,90,0.0,634,276,0,0,0,-2,2,127,9323,0.0,0.0,0.0,0.0,0.0,634,276,0.0,0.0,627,275,632,276,626,273,631,275,4.0,,,,,,,0.0,0.0,0.0,0.0,0.0,0.0,0.0,0.0,0.0,3,0,0.0,0.0,0.0,0.0,0.0,0.0,0.0,0.0,0.0,0.0,0.0,0.0,0.0,0.0,128.0,9600.0,0.0,0.0,0.0,0.0,0.0,0.0,0.0,0.0,0.0,0.0,0.0,0.0,0.0
432,Kobbie,Mainoo,Mainoo,a,,,5.5,171,105,1.3,163,50,4.7,57,28,9,0,0,0,0,21864,8746,0.9,2.5,4.7,4.7,4.7,62,29,,,110,40,114,72,187,92,128,63,,,,,,,,0.1,0.17,0.27,1.0,0.0,0.0,0.97,0.97,15.08,3,9,83.0,0.0,1.0,0.0,1.0,0.0,0.0,0.0,0.0,0.0,0.0,1.0,2.0,32.0,21937.0,8805.0,0.0,0.0,0.06999999999999995,0.07000000000000006,0.9199999999999999,34.2,24.500000000000004,0.0,5.8999999999999995,2.0,3.0,10.0,15.0
433,Manuel,Ugarte Ribeiro,Ugarte,i,Knee injury - Unknown return date,,5.0,282,173,0.0,634,275,0.0,569,236,0,0,0,0,0,19,41,0.0,0.0,0.0,0.0,0.0,569,236,0.0,0.0,553,228,555,234,530,215,560,231,,,,,,,,0.0,0.0,0.0,0.0,0.0,0.0,0.0,0.0,0.0,3,0,0.0,0.0,0.0,0.0,0.0,0.0,0.0,0.0,0.0,0.0,0.0,0.0,0.0,0.0,19.0,41.0,0.0,0.0,0.0,0.0,0.0,0.0,0.0,0.0,0.0,0.0,0.0,0.0,0.0
434,Jack,Fletcher,J.Fletcher,a,,,4.9,408,246,0.0,598,252,0.0,552,225,0,-1,1,-1,1,78,137,0.0,0.0,0.0,0.0,0.0,552,225,,,531,213,532,221,494,192,539,218,,,,,,,,0.0,0.0,0.0,0.0,0.0,0.0,0.0,0.0,0.0,3,0,0.0,0.0,0.0,0.0,0.0,0.0,0.0,0.0,0.0,0.0,0.0,0.0,0.0,0.0,79.0,138.0,0.0,0.0,0.0,0.0,0.0,0.0,0.0,0.0,0.0,0.0,0.0,0.0,0.0
435,Shea,Lacey,Lacey,a,,,4.9,413,250,0.1,498,199,0.3,356,162,0,-1,1,-1,1,151,607,0.1,0.2,0.3,0.3,1.0,305,129,,,358,167,322,159,498,196,363,169,,,,,,,,0.0,0.0,0.0,0.0,0.0,0.0,0.0,0.0,9.0,3,0,0.0,0.0,0.0,0.0,0.0,0.0,0.0,0.0,0.0,0.0,0.0,0.0,0.0,0.0,152.0,611.0,0.0,0.0,0.0,0.0,0.0,0.0,0.0,0.0,0.0,0.0,0.0,0.0,0.0
436,Toby,Collyer,Collyer,u,Has joined West Brom permanently,,5.0,314,188,0.0,595,250,0.0,583,244,0,0,0,0,0,0,222,0.0,0.0,0.0,0.0,0.0,583,244,0.0,0.0,568,237,574,243,552,226,575,240,,,,,,,,0.0,0.0,0.0,0.0,0.0,0.0,0.0,0.0,0.0,3,0,0.0,0.0,0.0,0.0,0.0,0.0,0.0,0.0,0.0,0.0,0.0,0.0,0.0,0.0,0.0,224.0,0.0,0.0,0.0,0.0,0.0,0.0,0.0,0.0,0.0,0.0,0.0,0.0,0.0
437,Bendito,Mantato,Bendito Mantato,a,,,4.5,537,277,0.2,348,125,0.0,506,197,0,0,0,0,0,1117,1570,0.0,0.0,0.0,0.0,0.0,506,197,,,483,184,482,192,440,161,489,188,,,,,,,,0.0,0.0,0.0,0.0,0.0,0.0,0.0,0.0,0.0,3,0,0.0,0.0,0.0,0.0,0.0,0.0,0.0,0.0,0.0,0.0,0.0,0.0,0.0,0.0,1126.0,1577.0,0.0,0.0,0.0,0.0,0.0,0.0,0.0,0.0,0.0,0.0,0.0,0.0,0.0
438,Tyler,Fletcher,Fletcher,a,,,4.5,518,272,0.3,296,102,0.0,490,192,0,0,0,0,0,1102,2429,0.0,0.0,0.0,0.0,0.0,490,192,,,466,179,466,187,423,156,472,183,,,,,,,,0.0,0.0,0.0,0.0,0.0,0.0,0.0,0.0,0.0,3,0,0.0,0.0,0.0,0.0,0.0,0.0,0.0,0.0,0.0,0.0,0.0,0.0,0.0,0.0,1113.0,2454.0,0.0,0.0,0.0,0.0,0.0,0.0,0.0,0.0,0.0,0.0,0.0,0.0,0.0
439,Benjamin,Sesko,Šeško,a,,,7.0,29,10,1.7,142,21,2.3,168,15,5,0,0,0,0,18378,17979,0.3,1.0,2.3,2.3,2.3,185,20,100.0,100.0,175,13,216,27,93,22,167,19,,,,,,,,0.56,0.02,0.58,2.43,0.0,0.0,5.09,0.0,5.09,3,5,20.0,1.0,0.0,0.0,2.0,0.0,0.0,0.0,0.0,0.0,0.0,0.0,0.0,28.0,18456.0,18228.0,0.0,0.29000000000000004,0.0,0.29000000000000004,0.3599999999999999,31.2,0.1999999999999993,21.0,5.199999999999999,0.0,0.0,0.0,0.0
440,Joshua,Zirkzee,Zirkzee,a,,,5.4,214,48,0.4,264,46,0.0,615,72,0,0,0,-1,1,2963,6511,0.0,0.0,0.0,0.0,0.0,615,72,,,600,65,607,70,592,67,607,69,,,,,,,,0.0,0.0,0.0,0.0,0.0,0.0,0.0,0.0,0.0,3,0,0.0,0.0,0.0,0.0,0.0,0.0,0.0,0.0,0.0,0.0,0.0,0.0,0.0,0.0,2993.0,6577.0,0.0,0.0,0.0,0.0,0.0,0.0,0.0,0.0,0.0,0.0,0.0,0.0,0.0
441,Chido,Obi,Obi,a,,,4.5,545,75,1.2,170,24,0.0,512,56,0,0,0,0,0,12225,10952,0.0,0.0,0.0,0.0,0.0,512,56,,,489,49,488,54,446,51,495,53,,,,,,,,0.0,0.0,0.0,0.0,0.0,0.0,0.0,0.0,0.0,3,0,0.0,0.0,0.0,0.0,0.0,0.0,0.0,0.0,0.0,0.0,0.0,0.0,0.0,0.0,12343.0,11041.0,0.0,0.0,0.0,0.0,0.0,0.0,0.0,0.0,0.0,0.0,0.0,0.0,0.0
405,Nico,González Iglesias,N.Gonzalez,a,,,5.5,160,96,0.3,317,112,1.3,231,105,2,0,0,0,0,2964,2668,0.2,0.7,1.3,1.3,2.0,216,96,,,250,103,83,58,285,137,212,97,,,,,,,,0.0,0.13,0.13,1.28,0.0,0.62,1.23,1.23,6.78,3,2,76.0,0.0,0.0,0.0,2.0,0.0,0.0,0.0,0.0,0.0,0.0,1.0,0.0,11.0,3018.0,2687.0,0.0,0.0,0.009999999999999981,0.009999999999999981,1.3299999999999998,6.2,12.399999999999999,2.0,2.0999999999999996,0.0,1.0,6.0,7.0
442,Nick,Pope,Pope,a,,,4.9,367,17,1.0,184,28,0.0,531,65,0,-1,1,-1,1,2359,9257,0.0,0.0,0.0,0.0,0.0,531,65,,,508,65,508,52,467,51,514,65,,,,,,,,0.0,0.0,0.0,0.0,0.0,0.0,0.0,0.0,0.0,3,0,0.0,0.0,0.0,0.0,0.0,0.0,0.0,0.0,0.0,0.0,0.0,0.0,0.0,0.0,2378.0,9349.0,0.0,0.0,0.0,0.0,0.0,0.0,0.0,0.0,0.0,0.0,0.0,0.0,0.0
443,Mark,Gillespie,Gillespie,a,,,4.5,429,26,0.0,532,59,0.0,448,47,0,0,0,0,0,114,224,0.0,0.0,0.0,0.0,0.0,448,47,,,423,47,420,30,367,27,429,47,,,,,,,,0.0,0.0,0.0,0.0,0.0,0.0,0.0,0.0,0.0,3,0,0.0,0.0,0.0,0.0,0.0,0.0,0.0,0.0,0.0,0.0,0.0,0.0,0.0,0.0,116.0,224.0,0.0,0.0,0.0,0.0,0.0,0.0,0.0,0.0,0.0,0.0,0.0,0.0,0.0
444,Ewen,Jaouen,Jaouen,d,Ankle injury - 50% chance of playing,,4.5,528,48,0.0,558,64,0.0,499,64,0,0,0,0,0,91,236,0.0,0.0,0.0,0.0,0.0,499,64,50.0,,475,64,475,50,432,49,481,64,,,,,,,,0.0,0.0,0.0,0.0,0.0,0.0,0.0,0.0,0.0,3,0,0.0,0.0,0.0,0.0,0.0,0.0,0.0,0.0,0.0,0.0,0.0,0.0,0.0,0.0,91.0,238.0,0.0,0.0,0.0,0.0,0.0,0.0,0.0,0.0,0.0,0.0,0.0,0.0,0.0
445,Malick,Thiaw,Thiaw,a,,,5.0,300,51,2.1,122,49,2.7,131,53,-1,0,0,0,0,32129,33019,0.5,1.6,2.7,2.7,2.7,148,60,,,109,51,195,64,273,105,189,72,,,,,,,,0.0,0.02,0.02,1.82,0.0,0.33,1.33,1.0,7.0,3,-1,90.0,0.0,0.0,0.0,2.0,1.0,0.0,0.0,0.0,0.0,0.0,1.0,0.0,0.0,33852.0,33414.0,0.0,0.0,0.05,0.05,1.37,7.600000000000001,12.3,2.0,2.2,0.0,3.0,3.0,3.0
446,Fabian,Schär,Schär,a,,,5.0,245,36,0.2,326,119,0.3,359,131,0,0,0,0,0,945,2850,0.1,0.2,0.3,0.3,1.0,311,122,100.0,100.0,539,199,540,199,509,194,546,198,,2.0,,,,,,0.0,0.0,0.0,71.1,0.0,0.0,90.0,0.0,0.0,3,0,0.0,0.0,0.0,0.0,0.0,0.0,0.0,0.0,0.0,0.0,0.0,0.0,0.0,0.0,965.0,2867.0,0.0,0.0,0.0,0.0,0.0,0.0,0.0,0.0,0.0,0.0,0.0,0.0,0.0
447,Sven,Botman,Botman,a,,,5.0,273,42,0.7,230,87,3.0,115,44,1,0,0,0,0,6234,6388,0.6,1.8,3.0,3.0,3.0,129,51,,,57,26,260,89,226,80,159,63,,,,,,,,0.0,0.06,0.06,1.82,0.0,0.33,1.33,1.0,8.0,3,1,90.0,0.0,0.0,0.0,2.0,0.0,0.0,0.0,0.0,0.0,0.0,1.0,0.0,3.0,6397.0,6427.0,0.0,0.0,0.16,0.16,1.37,25.999999999999993,0.8999999999999999,4.0,3.1000000000000005,1.0,8.0,3.0,9.0
448,Dan,Burn,Burn,i,Ankle injury - Expected back 14 Sep,,4.9,365,64,0.9,197,74,0.0,530,197,0,0,0,-1,1,208,15603,0.0,0.0,0.0,0.0,0.0,530,197,0.0,0.0,507,194,507,194,466,188,513,192,,,,,,,,0.0,0.0,0.0,0.0,0.0,0.0,0.0,0.0,0.0,3,0,0.0,0.0,0.0,0.0,0.0,0.0,0.0,0.0,0.0,0.0,0.0,0.0,0.0,0.0,208.0,15796.0,0.0,0.0,0.0,0.0,0.0,0.0,0.0,0.0,0.0,0.0,0.0,0.0,0.0
449,Lewis,Hall,Hall,a,,,5.1,238,35,12.6,33,11,6.0,32,15,4,0,0,1,-1,373151,77500,1.2,3.5,6.0,6.0,6.0,35,16,,,28,8,47,7,216,74,58,13,1.0,1.0,,,,,,0.01,0.22,0.23,1.82,0.0,0.33,1.34,1.0,10.04,3,4,89.0,0.0,1.0,0.0,2.0,0.0,0.0,0.0,0.0,0.0,0.0,1.0,0.0,20.0,379287.0,79032.0,0.0,0.010000000000000002,0.010000000000000009,0.020000000000000018,1.3500000000000005,28.0,13.399999999999999,3.0,4.4,1.0,5.0,13.0,6.0
451,Alex,Murphy,A.Murphy,u,Has joined FC Kaiserslautern on loan for the rest of the season,,4.0,636,196,0.1,475,169,0.0,427,155,0,0,0,0,0,0,772,0.0,0.0,0.0,0.0,0.0,427,155,0.0,0.0,402,151,397,151,339,133,408,149,,,,,,,,0.0,0.0,0.0,0.0,0.0,0.0,0.0,0.0,0.0,3,0,0.0,0.0,0.0,0.0,0.0,0.0,0.0,0.0,0.0,0.0,0.0,0.0,0.0,0.0,0.0,774.0,0.0,0.0,0.0,0.0,0.0,0.0,0.0,0.0,0.0,0.0,0.0,0.0,0.0
453,Harvey,Barnes,Barnes,a,,,6.0,65,45,2.2,120,37,5.7,38,19,12,0,0,0,0,137305,38127,1.0,2.8,5.7,5.7,5.7,43,21,,,131,48,135,80,75,44,105,55,3.0,,,,,,,0.07,0.02,0.09,1.82,0.0,0.33,1.33,1.0,6.0,3,12,90.0,1.0,1.0,0.0,2.0,0.0,0.0,0.0,0.0,0.0,0.0,1.0,2.0,37.0,138011.0,38292.0,0.0,0.11,0.03,0.14,1.37,33.0,2.8000000000000007,23.0,5.8999999999999995,0.0,2.0,4.0,6.0
454,Anthony,Elanga,Elanga,a,,,6.1,58,41,11.1,41,15,6.0,36,17,1,0,0,1,-1,237668,138391,1.0,3.0,6.0,6.0,6.0,41,19,,,37,16,61,45,43,28,29,22,2.0,,,,,,,0.16,0.13,0.29,1.56,0.0,0.39,1.16,1.16,3.49,3,1,76.0,0.0,0.0,0.0,2.0,0.0,0.0,0.0,1.0,0.0,0.0,1.0,0.0,8.0,245112.0,139769.0,0.0,0.0,0.23000000000000004,0.22999999999999998,1.3299999999999996,8.399999999999991,31.8,4.0,4.399999999999999,2.0,1.0,1.0,4.0
456,Jacob,Ramsey,J.Ramsey,a,,,4.9,383,229,0.4,286,97,2.3,155,66,6,-1,1,-1,1,8602,3505,0.5,1.4,2.3,2.3,2.3,173,72,,,148,54,232,122,120,62,193,89,,,,,,,,0.22,0.21,0.43,2.5,0.0,0.0,1.3,0.0,14.35,3,6,27.0,1.0,0.0,0.0,0.0,0.0,0.0,0.0,0.0,0.0,0.0,0.0,0.0,22.0,8616.0,3552.0,0.0,0.11000000000000001,0.01999999999999999,0.13,0.040000000000000036,32.4,0.7999999999999998,17.0,5.0,0.0,0.0,4.0,4.0
457,Jacob,Murphy,J.Murphy,a,,,5.9,86,56,0.1,387,141,0.7,325,149,1,0,0,-1,1,778,1543,0.1,0.3,0.7,0.7,0.7,380,179,,,337,154,253,134,248,118,327,150,4.0,,,,,,,0.0,0.51,0.51,3.75,0.0,0.0,2.57,0.0,15.43,3,1,13.0,0.0,0.0,0.0,0.0,0.0,0.0,0.0,0.0,0.0,0.0,0.0,0.0,5.0,787.0,1566.0,0.0,0.0,0.0,0.0,0.040000000000000036,0.19999999999999973,0.2999999999999998,0.0,0.09999999999999998,0.0,0.0,1.0,1.0
458,Joelinton Cássio,Apolinário de Lira,Joelinton,i,Unspecified injury - Unknown return date,,5.4,194,120,0.0,569,236,0.0,610,258,0,0,0,-1,1,28,219,0.0,0.0,0.0,0.0,0.0,610,258,0.0,0.0,595,251,602,257,585,245,602,254,,,,,,,,0.0,0.0,0.0,0.0,0.0,0.0,0.0,0.0,0.0,3,0,0.0,0.0,0.0,0.0,0.0,0.0,0.0,0.0,0.0,0.0,0.0,0.0,0.0,0.0,29.0,221.0,0.0,0.0,0.0,0.0,0.0,0.0,0.0,0.0,0.0,0.0,0.0,0.0,0.0
459,Lewis,Miley,L.Miley,a,,,5.5,176,109,0.1,452,178,2.7,140,61,2,0,0,0,0,770,1086,0.5,1.5,2.7,2.7,2.7,155,66,100.0,100.0,188,72,103,66,235,115,180,83,5.0,,,,,,,0.02,0.03,0.05,1.74,0.0,0.4,1.19,1.19,10.31,3,2,62.0,0.0,0.0,0.0,2.0,0.0,0.0,0.0,0.0,0.0,0.0,1.0,0.0,11.0,786.0,1097.0,0.0,0.0,0.020000000000000004,0.01999999999999999,1.3299999999999996,3.1999999999999993,1.1000000000000014,2.0,0.6000000000000005,0.0,1.0,3.0,4.0
460,Joe,Willock,Willock,a,,,5.0,259,161,0.5,257,85,3.7,85,39,2,0,0,0,0,11651,6934,0.7,2.2,3.7,3.7,3.7,93,41,,,134,50,168,95,100,54,152,72,,,,,,,,0.28,0.11,0.39,1.94,0.0,0.54,1.63,1.08,4.34,3,2,62.0,0.0,0.0,0.0,2.0,0.0,0.0,0.0,0.0,0.0,0.0,1.0,0.0,6.0,11816.0,6971.0,0.0,0.36,0.010000000000000009,0.37,1.3299999999999996,6.0,2.1999999999999993,11.0,1.9000000000000004,1.0,1.0,1.0,3.0
461,Bazoumana,Touré,Touré,a,,,5.8,116,75,0.1,380,139,0.3,378,178,0,-1,1,-2,2,282,2550,0.1,0.2,0.3,0.3,1.0,353,164,,,628,276,633,277,627,274,632,276,,,,,,,,0.0,0.0,0.0,0.0,0.0,0.0,0.0,0.0,0.0,3,0,0.0,0.0,0.0,0.0,0.0,0.0,0.0,0.0,0.0,0.0,0.0,0.0,0.0,0.0,286.0,2583.0,0.0,0.0,0.0,0.0,0.0,0.0,0.0,0.0,0.0,0.0,0.0,0.0,0.0
462,Sean,Steur,Steur,a,,,4.9,417,254,0.1,457,181,1.0,256,112,1,-1,1,-1,1,298,1098,0.2,0.6,1.0,1.0,1.0,308,132,,,284,121,288,147,501,199,320,145,,,,,,,,0.0,0.0,0.0,1.97,0.0,0.0,1.03,1.03,7.24,3,1,13.0,0.0,0.0,0.0,0.0,0.0,0.0,0.0,0.0,0.0,0.0,0.0,0.0,3.0,301.0,1108.0,0.0,0.0,0.0,0.0,0.039999999999999813,2.0,0.5,0.0,0.30000000000000004,0.0,1.0,1.0,2.0
463,Nick,Woltemade,Woltemade,u,Has joined Juventus on loan for the rest of the season,,5.9,104,27,0.7,226,37,1.3,232,22,0,0,0,-1,1,0,33295,0.2,0.7,0.0,0.0,4.0,88,10,0.0,0.0,226,20,221,28,188,32,243,29,,,,,,,,0.09,0.05,0.14,1.8,0.0,0.0,0.0,0.0,0.0,3,0,0.0,0.0,0.0,0.0,0.0,0.0,0.0,0.0,0.0,0.0,0.0,0.0,0.0,0.0,0.0,33636.0,0.0,0.0,0.0,0.0,0.0,0.0,0.0,0.0,0.0,0.0,0.0,0.0,0.0
464,Yoane,Wissa,Wissa,a,,,6.2,57,13,17.4,20,5,4.3,69,6,1,1,-1,2,-2,414946,173173,0.7,2.1,4.3,4.3,4.3,74,7,,,98,5,115,11,22,9,53,7,,,2.0,,,,,0.47,0.02,0.49,1.48,0.0,0.34,1.03,1.03,5.86,3,1,90.0,0.0,0.0,0.0,2.0,0.0,0.0,0.0,1.0,0.0,0.0,1.0,0.0,7.0,428163.0,173962.0,0.0,0.0,0.030000000000000002,0.029999999999999805,1.3699999999999997,0.0,7.299999999999997,0.0,0.7000000000000011,0.0,0.0,3.0,3.0
465,William,Osula,Osula,i,Foot injury - Unknown return date,,5.9,108,29,0.4,269,48,1.3,234,24,0,0,0,-1,1,199,9820,0.2,0.7,0.0,0.0,4.0,89,11,0.0,0.0,193,15,197,23,205,34,227,26,,4.0,1.0,,,,,0.1,0.23,0.33,2.42,0.0,0.0,1.64,1.64,8.18,3,0,0.0,0.0,0.0,0.0,0.0,0.0,0.0,0.0,0.0,0.0,0.0,0.0,0.0,0.0,202.0,9980.0,0.0,0.0,0.0,0.0,0.0,0.0,0.0,0.0,0.0,0.0,0.0,0.0,0.0
466,Sean,Neave,Neave,u,Has joined Wolves on loan for the rest of the season,,4.5,547,76,0.7,232,39,0.0,514,57,0,0,0,0,0,0,14521,0.0,0.0,0.0,0.0,0.0,514,57,0.0,0.0,491,50,490,55,448,52,497,54,,,,,,,,0.0,0.0,0.0,0.0,0.0,0.0,0.0,0.0,0.0,3,0,0.0,0.0,0.0,0.0,0.0,0.0,0.0,0.0,0.0,0.0,0.0,0.0,0.0,0.0,0.0,14647.0,0.0,0.0,0.0,0.0,0.0,0.0,0.0,0.0,0.0,0.0,0.0,0.0,0.0
559,Aladji,Bamba,Bamba,a,,,4.9,416,253,0.1,414,159,0.3,357,163,0,-1,1,-1,1,448,1241,0.1,0.2,0.3,0.3,1.0,307,131,,,317,144,535,224,500,198,342,157,,,,,,,,0.0,0.0,0.0,6.69,0.0,0.0,6.43,0.0,12.86,3,0,0.0,0.0,0.0,0.0,0.0,0.0,0.0,0.0,0.0,0.0,0.0,0.0,0.0,0.0,451.0,1254.0,0.0,0.0,0.0,0.0,0.0,0.0,0.0,0.0,0.0,0.0,0.0,0.0,0.0
567,Lukás,Hornícek,Horníček,a,,,5.0,304,14,1.3,162,24,3.3,99,7,2,0,0,0,0,39131,19049,0.7,2.0,3.3,3.3,3.3,110,7,,,8,1,567,65,545,65,108,2,,,,,,,,0.0,0.0,0.0,1.82,4.33,0.33,1.33,1.0,0.0,3,2,90.0,0.0,0.0,0.0,2.0,0.0,0.0,0.0,0.0,0.0,4.0,1.0,0.0,12.0,39693.0,19239.0,0.0,0.0,0.0,0.0,1.37,33.400000000000006,0.0,0.0,3.3000000000000007,0.0,0.0,6.0,0.0
593,Amar,Dedic,Dedić,d,Hamstring injury - 75% chance of playing,,4.5,493,123,3.3,96,37,4.3,61,25,1,0,0,0,0,98272,79490,1.0,2.9,3.2,4.3,4.3,67,28,75.0,,77,38,99,27,149,49,100,31,,3.0,,,,,,0.05,0.03,0.08,1.82,0.0,0.33,1.33,1.0,6.0,3,1,90.0,0.0,0.0,0.0,2.0,0.0,0.0,0.0,0.0,0.0,0.0,1.0,0.0,3.0,103421.0,80303.0,0.0,0.11000000000000001,0.020000000000000004,0.13,1.37,0.6000000000000014,6.399999999999999,10.0,1.700000000000001,0.0,1.0,4.0,1.0
634,Matias,Fernandez-Pardo,Fernandez-Pardo,a,,,6.0,81,20,0.1,431,63,1.0,282,34,1,0,0,0,0,4887,1391,0.2,0.2,2.1,2.1,1.0,362,45,,,643,75,314,38,232,36,334,38,,,,,,,,0.0,0.0,0.0,0.13,0.0,0.0,0.0,0.0,3.33,3,1,27.0,0.0,0.0,0.0,0.0,0.0,0.0,0.0,0.0,0.0,0.0,0.0,0.0,4.0,4949.0,1404.0,0.0,0.0,0.0,0.0,0.04,0.0,0.8,6.0,0.7,0.0,0.0,1.0,1.0
167,Liam,Delap,Delap,a,,,5.5,157,39,0.8,206,32,1.0,272,32,2,0,0,0,0,14824,9188,0.2,0.5,1.0,1.0,1.5,247,28,,,294,29,123,13,180,31,230,27,,,3.0,,,,,0.12,0.06,0.18,1.13,0.0,0.93,0.93,0.93,4.64,3,2,73.0,0.0,0.0,1.0,0.0,0.0,0.0,0.0,0.0,0.0,0.0,1.0,0.0,6.0,15020.0,9260.0,0.0,0.06,0.06,0.12,0.8899999999999999,2.4000000000000004,20.799999999999997,5.0,2.8000000000000003,0.0,2.0,3.0,5.0
201,Daniel,Muñoz Mejía,Muñoz,a,,,5.4,207,27,5.8,67,28,0.3,369,134,1,0,0,-1,1,8379,65640,0.1,0.2,0.3,0.3,0.5,385,136,,,322,124,267,93,111,33,263,99,,,,,,,,0.28,0.01,0.29,1.16,0.0,0.0,2.12,1.06,5.29,3,1,31.0,0.0,0.0,0.0,0.0,0.0,0.0,0.0,0.0,0.0,0.0,0.0,0.0,5.0,8524.0,66561.0,0.0,0.03,0.0,0.030000000000000027,0.2600000000000001,2.4000000000000004,0.8,4.0,0.7000000000000002,1.0,0.0,0.0,1.0
467,Matz,Sels,Sels,a,,,5.0,240,5,1.4,158,23,3.0,114,12,6,0,0,0,0,9782,8674,0.6,1.8,3.0,3.0,3.0,127,12,,,177,19,538,57,505,56,258,19,,,,,,,,0.0,0.0,0.0,1.09,1.33,0.33,1.0,1.0,0.0,3,6,90.0,0.0,0.0,1.0,0.0,0.0,0.0,0.0,0.0,0.0,0.0,1.0,0.0,21.0,9855.0,8803.0,0.0,0.0,0.0,0.0,1.0599999999999996,2.400000000000002,0.0,0.0,0.19999999999999973,0.0,1.0,11.0,0.0
468,John Victor,Maciel Furtado,John,a,,,4.5,464,35,0.1,481,55,0.0,462,56,0,0,0,0,0,132,304,0.0,0.0,0.0,0.0,0.0,462,56,,,438,56,435,39,385,36,444,56,,,,,,,,0.0,0.0,0.0,0.0,0.0,0.0,0.0,0.0,0.0,3,0,0.0,0.0,0.0,0.0,0.0,0.0,0.0,0.0,0.0,0.0,0.0,0.0,0.0,0.0,133.0,308.0,0.0,0.0,0.0,0.0,0.0,0.0,0.0,0.0,0.0,0.0,0.0,0.0,0.0
469,Neco,Williams,N.Williams,a,,,5.0,270,41,8.2,50,19,5.0,47,20,7,0,0,0,0,64217,56632,1.0,3.0,5.0,5.0,5.0,51,22,,,73,36,82,20,141,43,89,22,2.0,3.0,,,,,,0.04,0.08,0.12,1.09,0.0,0.33,1.0,1.0,8.0,3,7,90.0,0.0,0.0,1.0,0.0,0.0,0.0,0.0,0.0,0.0,0.0,1.0,1.0,28.0,64679.0,57841.0,0.0,0.0,0.06999999999999998,0.07,1.0599999999999996,11.399999999999999,10.899999999999999,4.0,2.5999999999999996,3.0,3.0,8.0,6.0
450,Tino,Livramento,Livramento,a,,,4.9,391,71,0.1,495,174,0.3,351,129,1,0,0,-1,1,2330,677,0.1,0.2,0.3,0.0,1.0,297,119,100.0,0.0,357,131,523,196,485,191,530,195,,,,,,,,0.0,0.0,0.0,1.8,0.0,0.0,0.0,0.0,0.0,3,1,1.0,0.0,0.0,0.0,0.0,0.0,0.0,0.0,0.0,0.0,0.0,0.0,0.0,3.0,2332.0,678.0,0.0,0.0,0.0,0.0,0.02,0.2,0.0,0.0,0.0,0.0,0.0,0.0,0.0
470,Felipe,Rodrigues da Silva,Morato,u,Has joined West Ham on loan for the rest of the season,,5.0,308,55,0.0,551,189,0.0,578,206,0,0,0,0,0,0,908,0.0,0.0,0.0,0.0,0.0,578,206,0.0,0.0,562,205,568,205,546,203,569,205,,,,,,,,0.0,0.0,0.0,0.0,0.0,0.0,0.0,0.0,0.0,3,0,0.0,0.0,0.0,0.0,0.0,0.0,0.0,0.0,0.0,0.0,0.0,0.0,0.0,0.0,0.0,916.0,0.0,0.0,0.0,0.0,0.0,0.0,0.0,0.0,0.0,0.0,0.0,0.0,0.0
471,Nikola,Milenković,Milenković,a,,,5.5,142,17,1.6,144,59,4.0,78,33,7,0,0,0,0,6285,6552,0.7,2.2,4.0,4.0,4.0,82,35,,,106,49,295,108,142,44,183,70,,,,,,,,0.04,0.01,0.05,1.09,0.0,0.33,1.0,1.0,10.33,3,7,90.0,0.0,0.0,1.0,0.0,0.0,0.0,0.0,1.0,0.0,0.0,1.0,0.0,27.0,6328.0,6695.0,0.0,0.0,0.009999999999999998,0.010000000000000009,1.0599999999999996,28.6,0.7999999999999999,2.0,3.1,2.0,9.0,3.0,11.0
472,Murillo,Costa dos Santos,Murillo,a,,,5.5,181,23,1.6,146,60,4.3,67,28,8,0,0,0,0,10446,6657,0.8,2.4,4.3,4.3,4.3,72,30,100.0,100.0,71,34,133,41,129,39,114,41,,2.0,,,,,,0.12,0.09,0.21,1.1,0.0,0.33,1.0,1.0,10.04,3,8,89.0,0.0,0.0,1.0,0.0,0.0,0.0,0.0,0.0,0.0,0.0,1.0,0.0,25.0,10547.0,6791.0,0.0,0.16999999999999998,0.0,0.16999999999999998,1.0599999999999996,17.800000000000004,1.1999999999999993,10.0,2.8999999999999995,4.0,6.0,4.0,10.0
473,Ola,Aina,Aina,a,,,4.5,445,88,2.7,110,43,2.0,172,68,1,0,0,0,0,5753,34894,0.4,1.3,2.0,2.0,2.0,190,73,,,144,66,58,12,148,48,111,38,,,,,,,,0.02,0.22,0.24,1.21,0.0,0.42,0.83,1.25,5.83,3,1,58.0,0.0,0.0,0.0,0.0,0.0,0.0,0.0,0.0,0.0,0.0,1.0,0.0,8.0,5865.0,35457.0,0.0,0.0,0.0,0.0,0.81,12.999999999999996,0.5,0.0,1.4000000000000004,5.0,2.0,4.0,7.0
474,Jair,Paula da Cunha Filho,Jair Cunha,a,,,4.5,536,139,0.2,328,120,3.3,96,36,8,0,0,0,0,5083,2719,0.7,2.2,3.3,3.3,3.3,107,42,,,99,45,271,95,292,110,211,81,,,,,,,,0.01,0.0,0.01,1.09,0.0,0.33,1.0,1.0,9.33,3,8,90.0,0.0,0.0,1.0,0.0,0.0,0.0,0.0,0.0,0.0,0.0,1.0,0.0,24.0,5090.0,2739.0,0.0,0.03,0.01,0.04,1.0599999999999996,20.0,0.7,1.0,2.2,2.0,10.0,2.0,12.0
475,Nicolò,Savona,Savona,i,Knee injury - Unknown return date,,4.5,511,130,0.0,641,212,0.0,484,185,0,0,0,0,0,42,24,0.0,0.0,0.0,0.0,0.0,484,185,0.0,0.0,460,182,460,182,417,175,466,180,,,,,,,,0.0,0.0,0.0,0.0,0.0,0.0,0.0,0.0,0.0,3,0,0.0,0.0,0.0,0.0,0.0,0.0,0.0,0.0,0.0,0.0,0.0,0.0,0.0,0.0,42.0,24.0,0.0,0.0,0.0,0.0,0.0,0.0,0.0,0.0,0.0,0.0,0.0,0.0,0.0
477,Zach,Abbott,Abbott,u,Has joined Southampton on loan for the rest of the season,,4.0,639,199,0.2,347,131,0.0,430,158,0,0,0,0,0,0,3349,0.0,0.0,0.0,0.0,0.0,430,158,0.0,0.0,405,154,400,154,342,136,411,152,,,,,,,,0.0,0.0,0.0,0.0,0.0,0.0,0.0,0.0,0.0,3,0,0.0,0.0,0.0,0.0,0.0,0.0,0.0,0.0,0.0,0.0,0.0,0.0,0.0,0.0,0.0,3381.0,0.0,0.0,0.0,0.0,0.0,0.0,0.0,0.0,0.0,0.0,0.0,0.0,0.0
478,Luca,Netz,Netz,a,,,4.5,496,124,0.0,536,185,0.7,295,109,0,0,0,0,0,83,278,0.2,0.4,0.7,0.7,1.0,286,112,,,341,127,307,115,404,171,350,127,,,,,,,,0.0,0.0,0.0,0.58,0.0,0.0,4.5,0.0,4.5,3,0,0.0,0.0,0.0,0.0,0.0,0.0,0.0,0.0,0.0,0.0,0.0,0.0,0.0,0.0,83.0,281.0,0.0,0.0,0.0,0.0,0.0,0.0,0.0,0.0,0.0,0.0,0.0,0.0,0.0
479,Tyler,Bindon,Bindon,u,Has joined Charlton Athletic on loan for the rest of the season,,4.0,634,194,0.1,383,144,0.0,426,154,0,0,0,0,0,0,1842,0.0,0.0,0.0,0.0,0.0,426,154,0.0,0.0,401,150,396,150,338,132,407,148,,,,,,,,0.0,0.0,0.0,0.0,0.0,0.0,0.0,0.0,0.0,3,0,0.0,0.0,0.0,0.0,0.0,0.0,0.0,0.0,0.0,0.0,0.0,0.0,0.0,0.0,0.0,1859.0,0.0,0.0,0.0,0.0,0.0,0.0,0.0,0.0,0.0,0.0,0.0,0.0,0.0
480,Morgan,Gibbs-White,Gibbs-White,a,,,7.9,9,6,9.4,45,17,6.0,37,18,3,0,0,-1,1,114099,98501,0.8,2.3,6.0,6.0,6.0,42,20,100.0,100.0,69,22,145,86,65,39,76,48,,1.0,1.0,,,,,0.47,0.04,0.51,1.09,0.0,0.33,1.0,1.0,5.0,3,3,90.0,0.0,0.0,1.0,0.0,0.0,0.0,0.0,0.0,0.0,0.0,1.0,0.0,3.0,117166.0,99744.0,0.0,0.47999999999999987,0.009999999999999995,0.49,1.0599999999999996,5.600000000000001,3.0,13.0,2.1999999999999993,2.0,0.0,5.0,7.0
482,Callum,Hudson-Odoi,Hudson-Odoi,a,,,5.9,92,60,0.2,356,129,0.3,380,179,0,0,0,-1,1,597,2382,0.1,0.2,0.3,0.3,1.0,357,165,100.0,100.0,631,277,345,171,629,275,634,277,,4.0,,,,,,0.0,0.0,0.0,0.0,0.0,0.0,0.0,0.0,0.0,3,0,0.0,0.0,0.0,0.0,0.0,0.0,0.0,0.0,0.0,0.0,0.0,0.0,0.0,0.0,605.0,2408.0,0.0,0.0,0.0,0.0,0.0,0.0,0.0,0.0,0.0,0.0,0.0,0.0,0.0
483,Dan,Ndoye,Ndoye,a,,,5.5,156,95,0.7,234,77,4.3,65,31,1,0,0,0,0,7075,9133,0.8,2.4,4.3,4.3,4.3,70,32,,,155,57,142,83,84,48,126,61,,,,,,,,0.17,0.31,0.48,1.21,0.0,0.49,0.49,1.47,8.32,3,1,58.0,0.0,0.0,0.0,0.0,0.0,0.0,0.0,0.0,0.0,0.0,1.0,0.0,5.0,7356.0,9213.0,0.0,0.0,0.0,0.0,0.81,0.3999999999999986,0.3000000000000007,0.0,0.09999999999999964,1.0,0.0,4.0,5.0
484,Omari,Hutchinson,Hutchinson,u,Has joined AC Milan on loan for the rest of the season,,5.4,225,142,0.1,434,168,0.0,619,266,0,0,0,-1,1,0,2010,0.0,0.0,0.0,0.0,0.0,619,266,0.0,0.0,607,261,612,265,599,256,613,263,,,,,,,,0.0,0.0,0.0,0.0,0.0,0.0,0.0,0.0,0.0,3,0,0.0,0.0,0.0,0.0,0.0,0.0,0.0,0.0,0.0,0.0,0.0,0.0,0.0,0.0,0.0,2056.0,0.0,0.0,0.0,0.0,0.0,0.0,0.0,0.0,0.0,0.0,0.0,0.0,0.0
485,Dilane,Bakwa,Bakwa,u,Has joined Lille on loan for the rest of the season,,5.5,163,99,0.0,620,266,0.0,629,273,0,0,0,0,0,0,114,0.0,0.0,0.0,0.0,0.0,629,273,0.0,0.0,620,270,626,272,618,267,626,272,,,,,,,,0.0,0.0,0.0,0.0,0.0,0.0,0.0,0.0,0.0,3,0,0.0,0.0,0.0,0.0,0.0,0.0,0.0,0.0,0.0,0.0,0.0,0.0,0.0,0.0,0.0,115.0,0.0,0.0,0.0,0.0,0.0,0.0,0.0,0.0,0.0,0.0,0.0,0.0,0.0
486,James,McAtee,McAtee,a,,,5.5,148,90,0.1,443,173,2.3,162,70,2,0,0,0,0,1396,985,0.4,1.3,2.3,2.3,2.3,179,76,,,172,67,3,3,194,95,46,33,1.0,,,,,,,0.05,0.19,0.24,1.12,0.0,0.71,0.71,1.07,8.18,3,2,90.0,0.0,0.0,1.0,0.0,0.0,0.0,0.0,1.0,0.0,0.0,1.0,0.0,22.0,1411.0,993.0,0.0,0.13,0.22000000000000003,0.35000000000000003,1.06,14.2,59.5,10.0,8.4,3.0,0.0,4.0,7.0
487,Nicolás,Domínguez,Dominguez,a,,,4.9,386,232,0.1,478,190,0.3,350,158,0,-1,1,-1,1,256,642,0.1,0.2,0.3,0.3,1.0,296,123,,,356,166,519,213,480,183,526,210,,,,,,,,0.0,0.0,0.0,0.0,0.0,0.0,0.0,0.0,0.0,3,0,0.0,0.0,0.0,0.0,0.0,0.0,0.0,0.0,0.0,0.0,0.0,0.0,0.0,0.0,260.0,650.0,0.0,0.0,0.0,0.0,0.0,0.0,0.0,0.0,0.0,0.0,0.0,0.0,0.0
488,Ibrahim,Sangaré,I.Sangaré,a,,,4.9,375,225,0.5,245,81,0.7,297,133,0,0,0,-1,1,1995,7370,0.1,0.4,0.7,0.7,2.0,197,83,100.0,100.0,228,91,204,112,254,122,255,110,,,,,,,,0.03,0.01,0.04,0.47,0.0,0.0,1.0,1.0,6.0,3,0,0.0,0.0,0.0,0.0,0.0,0.0,0.0,0.0,0.0,0.0,0.0,0.0,0.0,0.0,2058.0,7519.0,0.0,0.0,0.0,0.0,0.0,0.0,0.0,0.0,0.0,0.0,0.0,0.0,0.0
609,Leo,Shahar,Shahar,a,,,4.0,640,200,0.3,311,116,0.0,431,159,0,0,0,0,0,3218,2599,0.0,0.0,0.0,0.0,0.0,431,159,,,406,155,401,155,343,137,412,153,,,,,,,,0.0,0.0,0.0,0.0,0.0,0.0,0.0,0.0,0.0,3,0,0.0,0.0,0.0,0.0,0.0,0.0,0.0,0.0,0.0,0.0,0.0,0.0,0.0,0.0,3250.0,2610.0,0.0,0.0,0.0,0.0,0.0,0.0,0.0,0.0,0.0,0.0,0.0,0.0,0.0
476,Omar,Richards,O.Richards,a,,,4.0,604,173,0.2,329,121,0.0,405,142,0,0,0,0,0,687,1285,0.0,0.0,0.0,0.0,0.0,405,142,,,380,138,375,138,317,120,386,136,,,,,,,,0.0,0.0,0.0,0.0,0.0,0.0,0.0,0.0,0.0,3,0,0.0,0.0,0.0,0.0,0.0,0.0,0.0,0.0,0.0,0.0,0.0,0.0,0.0,0.0,693.0,1298.0,0.0,0.0,0.0,0.0,0.0,0.0,0.0,0.0,0.0,0.0,0.0,0.0,0.0
490,Chris,Wood,Wood,a,,,5.9,85,22,1.1,180,28,0.7,324,39,1,0,0,-1,1,3709,15514,0.1,0.3,0.7,0.7,1.0,355,42,,,361,39,269,33,260,40,345,40,,,2.0,,,,,0.25,0.02,0.27,0.82,0.0,0.0,2.05,0.0,2.05,3,1,16.0,0.0,0.0,0.0,0.0,0.0,0.0,0.0,0.0,0.0,0.0,0.0,0.0,3.0,3754.0,15768.0,0.0,0.0,0.0,0.0,0.18000000000000002,0.2,0.10000000000000009,0.0,0.0,0.0,0.0,0.0,0.0
491,Igor Jesus,Maciel da Cruz,Igor Jesus,a,,,5.9,105,28,2.6,114,16,1.3,233,23,1,0,0,-1,1,9660,50236,0.2,0.7,1.3,1.3,1.3,257,30,,,243,21,167,20,29,10,120,15,,,4.0,,,,,0.41,0.03,0.44,1.06,0.0,0.0,1.28,0.85,3.84,3,1,31.0,0.0,0.0,0.0,0.0,0.0,0.0,0.0,0.0,0.0,0.0,0.0,0.0,3.0,9862.0,50795.0,0.0,0.0,0.0,0.0,0.2599999999999998,1.1999999999999993,0.3999999999999986,0.0,0.1999999999999993,1.0,0.0,0.0,1.0
558,Xaver,Schlager,Schlager,a,,,5.0,263,164,0.1,428,165,2.7,129,53,3,0,0,0,0,714,882,0.5,1.6,2.7,2.7,2.7,146,59,,,178,68,246,130,192,94,233,103,3.0,,,,,,,0.04,0.03,0.07,1.35,0.0,0.46,1.38,0.92,11.94,3,3,90.0,0.0,0.0,1.0,0.0,0.0,0.0,0.0,0.0,0.0,0.0,1.0,0.0,18.0,725.0,895.0,0.0,0.03,0.06,0.09000000000000001,1.06,11.2,2.3,1.0,1.5,4.0,3.0,3.0,10.0
581,Ousmane,Diomande,Diomande,a,,,5.4,231,31,0.5,244,91,0.3,374,135,1,0,0,-1,1,1195,5928,0.1,0.2,0.3,0.3,1.0,340,127,,,609,210,613,210,602,209,615,210,,,,,,,,0.0,0.0,0.0,0.0,0.0,0.0,0.0,0.0,0.0,3,1,1.0,0.0,0.0,0.0,0.0,0.0,0.0,0.0,0.0,0.0,0.0,0.0,0.0,3.0,1207.0,6008.0,0.0,0.0,0.0,0.0,0.0,0.0,0.0,0.0,0.0,0.0,0.0,0.0,0.0
112,Jan Paul,van Hecke,Van Hecke,a,,,4.9,397,74,6.9,59,24,3.3,97,37,8,0,0,-1,1,24351,56958,0.7,2.0,3.3,3.3,3.3,108,43,,,54,23,131,39,63,11,60,14,,,,,,,,0.07,0.02,0.09,1.84,0.0,0.33,1.67,1.0,7.0,3,8,90.0,0.0,0.0,1.0,0.0,0.0,0.0,0.0,0.0,0.0,0.0,1.0,2.0,29.0,24919.0,58856.0,0.0,0.09000000000000001,0.010000000000000009,0.1,0.9199999999999999,16.60000000000001,12.8,11.0,4.0,1.0,3.0,4.0,4.0
401,Omar,Marmoush,Marmoush,a,,,7.0,28,9,2.2,118,17,1.3,242,27,2,0,0,0,0,32152,31003,0.2,0.6,1.3,1.3,2.0,226,25,,,274,25,101,8,79,18,158,18,,5.0,2.0,,,,,0.18,0.04,0.22,0.83,0.0,0.52,1.04,1.04,2.08,3,2,83.0,0.0,0.0,1.0,0.0,0.0,0.0,0.0,0.0,0.0,0.0,1.0,0.0,6.0,32688.0,31205.0,0.0,0.17,0.009999999999999995,0.18,0.8800000000000001,0.0,2.3999999999999986,10.0,0.9999999999999991,0.0,0.0,0.0,0.0
403,Sávio,Moreira de Oliveira,Sávio,a,,,6.5,41,28,0.7,224,72,1.0,283,130,3,0,0,0,0,8366,9344,0.2,0.5,1.0,1.0,3.0,142,57,100.0,100.0,298,129,179,101,158,77,248,106,4.0,,,,,,,0.03,0.4,0.43,0.74,0.0,1.5,0.0,1.5,0.0,3,3,60.0,0.0,0.0,1.0,0.0,0.0,0.0,0.0,0.0,0.0,0.0,1.0,0.0,15.0,8535.0,9540.0,0.0,0.02,0.27,0.29,0.49,6.2,17.3,15.0,3.9,0.0,0.0,0.0,0.0
455,Sandro,Tonali,Tonali,a,,,5.4,209,131,2.6,113,35,3.0,120,50,5,0,0,-1,1,9613,29909,0.6,1.7,3.0,3.0,3.0,135,55,,,171,66,89,61,177,88,148,70,,,,,,,,0.03,0.03,0.06,1.95,0.0,0.35,1.77,1.06,7.09,3,5,90.0,0.0,0.0,1.0,0.0,0.0,0.0,0.0,0.0,0.0,0.0,1.0,0.0,22.0,9699.0,30551.0,0.0,0.0,0.009999999999999995,0.009999999999999981,0.9199999999999999,22.8,8.0,0.0,3.0999999999999996,4.0,4.0,4.0,12.0
494,Guglielmo,Vicario,Vicario,u,Has joined Juventus on loan for the rest of the season,,4.5,451,33,0.2,365,41,0.0,458,54,0,0,0,0,0,0,1969,0.0,0.0,0.0,0.0,0.0,458,54,0.0,0.0,433,54,430,37,379,34,439,54,,,,,,,,0.0,0.0,0.0,0.0,0.0,0.0,0.0,0.0,0.0,3,0,0.0,0.0,0.0,0.0,0.0,0.0,0.0,0.0,0.0,0.0,0.0,0.0,0.0,0.0,0.0,1984.0,0.0,0.0,0.0,0.0,0.0,0.0,0.0,0.0,0.0,0.0,0.0,0.0,0.0
496,Antonín,Kinský,Kinsky,a,,,4.5,500,42,18.4,18,3,3.0,112,10,6,0,0,0,0,92303,160887,0.7,2.0,3.0,3.0,3.0,124,10,,,85,12,225,2,407,43,187,11,,,,,,,,0.0,0.0,0.0,1.84,2.0,0.33,1.67,1.0,0.0,3,6,90.0,0.0,0.0,1.0,0.0,0.0,0.0,0.0,0.0,0.0,1.0,1.0,0.0,24.0,92809.0,164726.0,0.0,0.0,0.0,0.0,0.9199999999999999,10.399999999999999,10.0,0.0,2.0,0.0,2.0,8.0,0.0
498,Marcos,Senesi Barón,Senesi,a,,,5.9,94,8,4.7,76,31,1.0,279,99,0,0,0,-1,1,3068,77541,0.2,0.5,1.0,1.0,3.0,139,55,,,161,74,277,98,631,212,247,95,,,,,,,,0.0,0.02,0.02,3.87,0.0,0.0,3.0,1.0,16.0,3,0,0.0,0.0,0.0,0.0,0.0,0.0,0.0,0.0,0.0,0.0,0.0,0.0,0.0,0.0,3092.0,78729.0,0.0,0.0,0.0,0.0,0.0,0.0,0.0,0.0,0.0,0.0,0.0,0.0,0.0
499,Pedro,Porro Sauceda,Pedro Porro,a,,,5.5,153,19,11.4,40,15,2.7,135,54,7,0,0,0,0,42893,53797,0.5,1.5,2.7,2.7,4.0,84,36,100.0,100.0,210,90,78,18,105,28,141,54,3.0,1.0,,,,,,0.18,0.08,0.26,0.82,0.0,0.5,1.0,1.0,4.0,3,7,90.0,0.0,0.0,1.0,0.0,0.0,0.0,0.0,0.0,0.0,0.0,1.0,1.0,28.0,43138.0,55298.0,0.0,0.02999999999999997,0.06,0.09000000000000002,0.9199999999999999,13.200000000000001,35.800000000000004,6.0,5.500000000000001,1.0,3.0,3.0,4.0
500,Cristian,Romero,Romero,u,Has joined Atletico Madrid permanently,,5.0,275,43,0.1,427,153,0.0,566,203,0,0,0,0,0,0,1119,0.0,0.0,0.0,0.0,0.0,566,203,0.0,0.0,550,202,552,202,525,198,556,201,,,,,,,,0.0,0.0,0.0,0.0,0.0,0.0,0.0,0.0,0.0,3,0,0.0,0.0,0.0,0.0,0.0,0.0,0.0,0.0,0.0,0.0,0.0,0.0,0.0,0.0,0.0,1126.0,0.0,0.0,0.0,0.0,0.0,0.0,0.0,0.0,0.0,0.0,0.0,0.0,0.0
502,Andrew,Robertson,Robertson,a,,,4.5,440,85,2.8,107,41,2.0,171,67,1,0,0,0,0,3103,43151,0.4,1.3,2.0,2.0,2.0,189,72,,,117,56,104,29,103,26,102,33,1.0,,,,,,,0.03,0.04,0.07,2.31,0.0,0.0,1.94,0.97,7.26,3,1,29.0,0.0,0.0,0.0,0.0,0.0,0.0,0.0,0.0,0.0,0.0,0.0,0.0,3.0,3179.0,43771.0,0.0,0.0,0.0,0.0,0.4300000000000006,6.0,0.29999999999999716,0.0,0.5999999999999996,0.0,1.0,1.0,1.0
503,Micky,van de Ven,Van de Ven,a,,,5.0,316,56,3.8,87,33,3.0,116,45,9,0,0,0,0,24220,16989,0.6,1.8,3.0,3.0,4.5,64,25,100.0,100.0,160,73,257,88,160,53,220,84,,,,,,,,0.28,0.01,0.29,0.82,0.0,0.5,1.0,1.0,8.5,3,9,90.0,0.0,0.0,1.0,0.0,0.0,0.0,0.0,0.0,0.0,0.0,1.0,3.0,30.0,24293.0,17390.0,0.0,0.57,0.0,0.57,0.9199999999999999,21.400000000000002,1.1999999999999997,14.0,3.7,3.0,6.0,4.0,9.0
489,Ryan,Yates,Yates,a,,,4.5,459,262,1.4,157,47,0.0,460,184,0,0,0,0,0,6174,12314,0.0,0.0,0.0,0.0,0.0,460,184,100.0,100.0,436,171,433,179,382,148,442,175,,,,,,,,0.0,0.0,0.0,0.0,0.0,0.0,0.0,0.0,0.0,3,0,0.0,0.0,0.0,0.0,0.0,0.0,0.0,0.0,0.0,0.0,0.0,0.0,0.0,0.0,6244.0,12402.0,0.0,0.0,0.0,0.0,0.0,0.0,0.0,0.0,0.0,0.0,0.0,0.0,0.0
505,Djed,Spence,Spence,u,Has joined Internazionale permanently,,4.5,472,108,0.3,306,114,0.0,466,177,0,0,0,0,0,0,4385,0.0,0.0,0.0,0.0,0.0,466,177,0.0,0.0,442,174,439,174,389,162,448,172,,,,,,,,0.0,0.0,0.0,0.0,0.0,0.0,0.0,0.0,0.0,3,0,0.0,0.0,0.0,0.0,0.0,0.0,0.0,0.0,0.0,0.0,0.0,0.0,0.0,0.0,0.0,4428.0,0.0,0.0,0.0,0.0,0.0,0.0,0.0,0.0,0.0,0.0,0.0,0.0,0.0
506,Destiny,Udogie,Udogie,a,,,4.5,501,127,0.4,273,100,2.3,152,62,5,0,0,0,0,1277,2303,0.5,1.6,2.3,2.3,2.3,170,68,,,271,111,198,66,241,89,272,104,,,,,,,,0.0,0.24,0.24,1.22,0.0,1.05,1.05,1.05,4.19,3,5,60.0,0.0,0.0,1.0,0.0,0.0,0.0,0.0,1.0,0.0,0.0,1.0,0.0,16.0,1285.0,2345.0,0.0,0.0,0.020000000000000018,0.020000000000000018,0.4899999999999999,4.6000000000000005,1.3000000000000007,2.0,0.8000000000000003,0.0,3.0,1.0,3.0
507,Ashley,Phillips,Phillips,u,Has joined Middlesbrough permanently,,4.5,522,134,0.0,584,197,0.0,494,188,0,0,0,0,0,0,112,0.0,0.0,0.0,0.0,0.0,494,188,0.0,0.0,470,185,470,185,427,178,476,183,,,,,,,,0.0,0.0,0.0,0.0,0.0,0.0,0.0,0.0,0.0,3,0,0.0,0.0,0.0,0.0,0.0,0.0,0.0,0.0,0.0,0.0,0.0,0.0,0.0,0.0,0.0,112.0,0.0,0.0,0.0,0.0,0.0,0.0,0.0,0.0,0.0,0.0,0.0,0.0,0.0
508,Ben,Davies,Davies,a,,,4.0,591,164,0.9,201,77,0.0,398,139,0,0,0,0,0,1812,6403,0.0,0.0,0.0,0.0,0.0,398,139,,,373,135,366,133,306,113,378,132,,,,,,,,0.0,0.0,0.0,0.0,0.0,0.0,0.0,0.0,0.0,3,0,0.0,0.0,0.0,0.0,0.0,0.0,0.0,0.0,0.0,0.0,0.0,0.0,0.0,0.0,1844.0,6469.0,0.0,0.0,0.0,0.0,0.0,0.0,0.0,0.0,0.0,0.0,0.0,0.0,0.0
509,Jun'ai,Byfield,Byfield,a,,,4.0,652,211,0.1,482,170,0.0,440,167,0,0,0,0,0,410,441,0.0,0.0,0.0,0.0,0.0,440,167,,,415,163,410,163,355,148,421,161,,,,,,,,0.0,0.0,0.0,0.0,0.0,0.0,0.0,0.0,0.0,3,0,0.0,0.0,0.0,0.0,0.0,0.0,0.0,0.0,0.0,0.0,0.0,0.0,0.0,0.0,421.0,444.0,0.0,0.0,0.0,0.0,0.0,0.0,0.0,0.0,0.0,0.0,0.0,0.0,0.0
510,James,Rowswell,Rowswell,a,,,4.0,630,191,0.1,441,158,0.0,422,151,0,0,0,0,0,533,568,0.0,0.0,0.0,0.0,0.0,422,151,,,397,147,392,147,334,129,403,145,,,,,,,,0.0,0.0,0.0,0.0,0.0,0.0,0.0,0.0,0.0,3,0,0.0,0.0,0.0,0.0,0.0,0.0,0.0,0.0,0.0,0.0,0.0,0.0,0.0,0.0,545.0,574.0,0.0,0.0,0.0,0.0,0.0,0.0,0.0,0.0,0.0,0.0,0.0,0.0,0.0
511,João Victor,de Souza Menezes,Souza,u,Has joined FC Porto on loan for the rest of the season,,4.0,651,210,0.2,341,127,0.0,439,166,0,0,0,0,0,0,3822,0.0,0.0,0.0,0.0,0.0,439,166,0.0,0.0,414,162,409,162,354,147,420,160,,,,,,,,0.0,0.0,0.0,0.0,0.0,0.0,0.0,0.0,0.0,3,0,0.0,0.0,0.0,0.0,0.0,0.0,0.0,0.0,0.0,0.0,0.0,0.0,0.0,0.0,0.0,3856.0,0.0,0.0,0.0,0.0,0.0,0.0,0.0,0.0,0.0,0.0,0.0,0.0,0.0
512,Mohammed,Kudus,Kudus,a,,,6.5,40,27,0.1,390,143,0.7,333,155,1,0,0,0,0,2228,1970,0.1,0.3,0.7,0.7,1.0,368,173,100.0,100.0,296,127,176,100,173,86,250,108,6.0,3.0,3.0,,,,,0.07,0.3,0.37,1.18,0.0,0.0,1.76,0.0,8.82,3,1,29.0,0.0,0.0,0.0,0.0,0.0,0.0,0.0,0.0,0.0,0.0,0.0,0.0,13.0,2257.0,1976.0,0.0,0.0,0.16,0.15999999999999998,0.43000000000000005,5.2,15.099999999999998,2.0,2.1999999999999997,0.0,0.0,3.0,3.0
513,Xavi,Simons,Xavi,i,Knee injury - Unknown return date,,6.0,75,51,0.0,593,249,0.0,643,283,0,0,0,0,0,78,163,0.0,0.0,0.0,0.0,0.0,643,283,0.0,0.0,640,284,643,284,641,283,642,284,,2.0,4.0,,,,,0.0,0.0,0.0,0.0,0.0,0.0,0.0,0.0,0.0,3,0,0.0,0.0,0.0,0.0,0.0,0.0,0.0,0.0,0.0,0.0,0.0,0.0,0.0,0.0,78.0,163.0,0.0,0.0,0.0,0.0,0.0,0.0,0.0,0.0,0.0,0.0,0.0,0.0,0.0
514,Mathys,Tel,Tel,a,,,5.8,113,72,0.3,313,109,2.3,164,72,3,-1,1,-2,2,1093,5567,0.4,1.2,2.3,2.3,2.3,181,78,,,217,88,62,46,39,24,75,47,5.0,4.0,,,,,,0.08,0.05,0.13,2.0,0.0,0.39,1.57,1.17,5.09,3,3,73.0,0.0,0.0,1.0,0.0,0.0,0.0,0.0,0.0,0.0,0.0,1.0,0.0,11.0,1106.0,5784.0,0.0,0.0,0.05000000000000002,0.050000000000000044,0.7600000000000007,6.800000000000001,20.2,20.0,4.700000000000001,0.0,0.0,2.0,2.0
515,James,Maddison,Maddison,d,Shoulder injury - 75% chance of playing,,6.3,52,36,0.5,258,86,0.3,384,180,0,-1,1,-2,2,128,10761,0.0,0.2,0.2,0.2,1.0,363,168,75.0,75.0,311,139,227,120,206,103,292,130,,,,,,,,0.0,0.04,0.04,3.48,0.0,0.0,0.0,0.0,8.18,3,0,0.0,0.0,0.0,0.0,0.0,0.0,0.0,0.0,0.0,0.0,0.0,0.0,0.0,0.0,128.0,11001.0,0.0,0.0,0.0,0.0,0.0,0.0,0.0,0.0,0.0,0.0,0.0,0.0,0.0
516,Rodrigo,Bentancur,Bentancur,a,,,5.5,135,82,0.2,353,128,2.7,133,55,5,0,0,0,0,926,976,0.5,1.5,2.7,2.7,2.7,150,61,,,165,62,144,85,229,114,190,88,,,,,,,,0.01,0.02,0.03,1.53,0.0,0.4,1.2,0.8,13.2,3,5,90.0,0.0,0.0,1.0,0.0,0.0,0.0,0.0,0.0,0.0,0.0,1.0,0.0,14.0,932.0,995.0,0.0,0.02,0.010000000000000002,0.03,0.9199999999999999,18.4,3.3000000000000007,6.0,2.8,1.0,11.0,5.0,17.0
518,Pape Matar,Sarr,P.M.Sarr,u,Has joined Juventus on loan for the rest of the season,,4.9,398,238,0.1,416,160,0.0,547,221,0,0,0,-1,1,0,3665,0.0,0.0,0.0,0.0,0.0,547,221,0.0,0.0,526,209,527,217,489,188,534,214,,,,,,,,0.0,0.0,0.0,0.0,0.0,0.0,0.0,0.0,0.0,3,0,0.0,0.0,0.0,0.0,0.0,0.0,0.0,0.0,0.0,0.0,0.0,0.0,0.0,0.0,0.0,3696.0,0.0,0.0,0.0,0.0,0.0,0.0,0.0,0.0,0.0,0.0,0.0,0.0,0.0
520,Lucas,Bergvall,Bergvall,a,,,5.4,232,147,0.2,363,131,0.3,375,175,0,0,0,-1,1,245,1463,0.1,0.2,0.3,0.3,1.0,341,155,,,610,263,283,144,282,135,616,265,,,,,,,,0.0,0.02,0.02,3.4,0.0,0.0,4.0,2.0,16.0,3,0,0.0,0.0,0.0,0.0,0.0,0.0,0.0,0.0,0.0,0.0,0.0,0.0,0.0,0.0,247.0,1486.0,0.0,0.0,0.0,0.0,0.0,0.0,0.0,0.0,0.0,0.0,0.0,0.0,0.0
525,Mateus,Fernandes,Fernandes,a,,,5.8,114,73,1.0,190,60,1.0,276,126,0,-1,1,-2,2,1320,22140,0.2,0.5,1.0,1.0,1.0,352,163,,,215,87,31,26,259,126,129,64,2.0,,,,,,,0.01,0.15,0.16,1.86,0.0,0.0,1.9,0.63,6.34,3,0,7.0,0.0,0.0,0.0,0.0,0.0,0.0,0.0,1.0,0.0,0.0,0.0,0.0,-1.0,1352.0,22415.0,0.0,0.0,0.0,0.0,0.040000000000000036,0.0,0.4000000000000057,0.0,0.0,0.0,0.0,0.0,0.0
526,Dominic,Solanke-Mitchell,Solanke,a,,,5.9,87,23,0.9,196,31,1.0,278,33,1,0,0,-1,1,4533,14094,0.2,0.5,1.0,1.0,1.0,356,43,,,330,35,326,40,157,29,297,34,,,1.0,,,,,0.92,0.0,0.92,1.86,0.0,0.0,0.0,0.0,2.09,3,1,6.0,0.0,0.0,0.0,0.0,0.0,0.0,0.0,0.0,0.0,0.0,0.0,0.0,-1.0,4576.0,14305.0,0.0,0.16999999999999998,0.0,0.16999999999999998,0.040000000000000036,0.0,0.3,4.0,0.3999999999999999,0.0,1.0,0.0,1.0
527,Richarlison,de Andrade,Richarlison,u,not included in squad.,,5.9,93,25,1.1,181,29,0.7,327,40,0,0,0,-1,1,0,51466,0.1,0.3,0.0,0.0,2.0,217,21,0.0,0.0,632,72,276,35,630,74,361,43,,,,,,,,0.0,0.0,0.0,4.06,0.0,0.0,4.03,1.34,1.34,3,0,0.0,0.0,0.0,0.0,0.0,0.0,0.0,0.0,0.0,0.0,0.0,0.0,0.0,0.0,0.0,52780.0,0.0,0.0,0.0,0.0,0.0,0.0,0.0,0.0,0.0,0.0,0.0,0.0,0.0
497,Martin,Dubravka,Dubravka,a,,,4.0,584,53,17.9,19,4,0.0,391,27,0,0,0,0,0,94707,87029,0.0,0.0,0.0,0.0,0.0,391,27,,,366,27,359,8,299,5,371,27,,,,,,,,0.0,0.0,0.0,0.0,0.0,0.0,0.0,0.0,0.0,3,0,0.0,0.0,0.0,0.0,0.0,0.0,0.0,0.0,0.0,0.0,0.0,0.0,0.0,0.0,96572.0,88348.0,0.0,0.0,0.0,0.0,0.0,0.0,0.0,0.0,0.0,0.0,0.0,0.0,0.0
519,Conor,Gallagher,Gallagher,a,,,5.4,203,127,0.2,338,121,1.0,265,118,3,0,0,-1,1,600,1714,0.2,0.6,1.0,1.0,1.5,244,109,,,267,112,226,119,257,124,283,125,,,,,,,,0.01,0.08,0.09,1.81,0.0,0.7,1.41,1.41,9.84,3,3,83.0,0.0,0.0,1.0,0.0,0.0,0.0,0.0,0.0,0.0,0.0,1.0,0.0,23.0,606.0,1750.0,0.0,0.0,0.06,0.06000000000000001,0.8800000000000001,10.2,4.4,2.0,1.7000000000000002,4.0,1.0,6.0,11.0
521,Dejan,Kulusevski,Kulusevski,i,Knee injury - Unknown return date,,6.5,38,26,0.0,608,259,0.0,649,289,0,0,0,0,0,64,125,0.0,0.0,0.0,0.0,0.0,649,289,0.0,0.0,649,290,650,290,649,290,649,290,,,,,,,,0.0,0.0,0.0,0.0,0.0,0.0,0.0,0.0,0.0,3,0,0.0,0.0,0.0,0.0,0.0,0.0,0.0,0.0,0.0,0.0,0.0,0.0,0.0,0.0,65.0,125.0,0.0,0.0,0.0,0.0,0.0,0.0,0.0,0.0,0.0,0.0,0.0,0.0,0.0
522,Archie,Gray,Gray,a,,,5.0,342,207,0.2,344,124,1.3,228,102,0,0,0,0,0,688,2500,0.3,0.8,1.3,1.3,2.0,208,91,,,280,119,240,128,567,235,314,141,,,,,,,,0.0,0.01,0.01,2.32,0.0,0.0,2.37,1.18,6.51,3,0,0.0,0.0,0.0,0.0,0.0,0.0,0.0,0.0,0.0,0.0,0.0,0.0,0.0,0.0,698.0,2522.0,0.0,0.0,0.0,0.0,0.0,0.0,0.0,0.0,0.0,0.0,0.0,0.0,0.0
523,Mikey,Moore,Moore,u,Has joined FC Köln on loan for the rest of the season,,5.0,322,191,0.1,436,170,1.0,262,115,0,0,0,0,0,0,4178,0.2,0.6,0.0,0.0,1.5,243,108,0.0,0.0,245,100,233,123,49,31,170,78,,,,,,,,0.4,0.02,0.42,3.3,0.0,0.0,4.04,1.01,3.03,3,0,0.0,0.0,0.0,0.0,0.0,0.0,0.0,0.0,0.0,0.0,0.0,0.0,0.0,0.0,0.0,4264.0,0.0,0.0,0.0,0.0,0.0,0.0,0.0,0.0,0.0,0.0,0.0,0.0,0.0
528,Dane,Scarlett,Scarlett,u,Has joined Leyton Orient permanently,,4.5,504,66,1.4,155,23,0.0,477,48,0,0,0,0,0,0,24806,0.0,0.0,0.0,0.0,0.0,477,48,0.0,0.0,453,40,453,46,410,42,459,44,,,,,,,,0.0,0.0,0.0,0.0,0.0,0.0,0.0,0.0,0.0,3,0,0.0,0.0,0.0,0.0,0.0,0.0,0.0,0.0,0.0,0.0,0.0,0.0,0.0,0.0,0.0,25024.0,0.0,0.0,0.0,0.0,0.0,0.0,0.0,0.0,0.0,0.0,0.0,0.0,0.0
578,Mykhailo,Mudryk,Mudryk,a,,,5.4,216,135,0.1,468,185,0.3,371,172,1,0,0,-1,1,1562,1433,0.1,0.2,0.3,0.3,1.0,334,150,,,602,256,352,175,280,133,365,171,,,,,,,,0.0,0.0,0.0,0.9,0.0,0.0,0.0,0.0,0.0,3,1,16.0,0.0,0.0,0.0,0.0,0.0,0.0,0.0,0.0,0.0,0.0,0.0,0.0,3.0,1590.0,1442.0,0.0,0.0,0.0,0.0,0.16,0.0,0.1,2.0,0.1,0.0,0.0,0.0,0.0
501,Kevin,Danso,Danso,a,,,5.0,246,37,0.2,362,138,0.7,306,113,2,0,0,0,0,1218,1222,0.1,0.4,0.7,0.7,2.0,201,78,,,218,93,218,75,510,195,260,98,,,,,,,,0.0,0.08,0.08,1.21,0.0,0.0,1.0,1.0,8.0,3,2,90.0,0.0,0.0,0.0,1.0,0.0,0.0,0.0,0.0,0.0,0.0,1.0,0.0,9.0,1230.0,1239.0,0.0,0.0,0.08,0.08,1.21,20.8,10.9,0.0,3.2,1.0,7.0,3.0,8.0
531,Melker,Ellborg,Ellborg,a,,,4.5,516,45,0.1,447,50,0.0,488,61,0,0,0,0,0,182,522,0.0,0.0,0.0,0.0,0.0,488,61,,,464,61,464,47,421,46,470,61,,,,,,,,0.0,0.0,0.0,0.0,0.0,0.0,0.0,0.0,0.0,3,0,0.0,0.0,0.0,0.0,0.0,0.0,0.0,0.0,0.0,0.0,0.0,0.0,0.0,0.0,184.0,527.0,0.0,0.0,0.0,0.0,0.0,0.0,0.0,0.0,0.0,0.0,0.0,0.0,0.0
532,Daniel,Ballard,Ballard,a,,,4.9,380,70,3.3,94,36,4.0,74,30,4,-1,1,-1,1,5436,68326,0.8,2.4,4.0,4.0,4.0,80,33,,,61,28,208,71,150,50,138,53,,,,,,,,0.03,0.05,0.08,1.32,0.0,0.33,1.0,1.0,9.67,3,4,90.0,0.0,0.0,0.0,1.0,0.0,0.0,0.0,0.0,0.0,0.0,1.0,0.0,12.0,5532.0,70721.0,0.0,0.06,0.13999999999999999,0.19999999999999998,1.21,25.0,10.299999999999999,8.0,4.300000000000001,2.0,8.0,5.0,10.0
538,Leo Fuhr,Hjelde,Hjelde,u,Has joined KV Mechelen on loan for the rest of the season,,4.0,624,187,0.0,515,179,0.0,417,148,0,0,0,0,0,0,342,0.0,0.0,0.0,0.0,0.0,417,148,0.0,0.0,392,144,387,144,329,126,398,142,,,,,,,,0.0,0.0,0.0,0.0,0.0,0.0,0.0,0.0,0.0,3,0,0.0,0.0,0.0,0.0,0.0,0.0,0.0,0.0,0.0,0.0,0.0,0.0,0.0,0.0,0.0,344.0,0.0,0.0,0.0,0.0,0.0,0.0,0.0,0.0,0.0,0.0,0.0,0.0,0.0
546,Simon,Adingra,Adingra,u,Has joined Ajax on loan for the rest of the season,,4.9,406,244,0.0,530,217,0.0,550,223,0,0,0,-1,1,0,792,0.0,0.0,0.0,0.0,0.0,550,223,0.0,0.0,529,211,530,219,492,190,537,216,,,,,,,,0.0,0.0,0.0,0.0,0.0,0.0,0.0,0.0,0.0,3,0,0.0,0.0,0.0,0.0,0.0,0.0,0.0,0.0,0.0,0.0,0.0,0.0,0.0,0.0,0.0,807.0,0.0,0.0,0.0,0.0,0.0,0.0,0.0,0.0,0.0,0.0,0.0,0.0,0.0
547,Romaine,Mundle,Mundle,i,Knee injury - Unknown return date,,4.9,396,237,0.0,615,262,0.3,353,159,0,-1,1,-1,1,49,135,0.1,0.2,0.0,0.3,1.0,298,124,0.0,,278,118,350,174,135,68,277,120,,,,,,,,15.3,0.0,15.3,8.1,0.0,0.0,0.0,0.0,90.0,3,0,0.0,0.0,0.0,0.0,0.0,0.0,0.0,0.0,0.0,0.0,0.0,0.0,0.0,0.0,50.0,135.0,0.0,0.0,0.0,0.0,0.0,0.0,0.0,0.0,0.0,0.0,0.0,0.0,0.0
517,Wilson,Odobert,Odobert,i,Knee injury - Unknown return date,,5.5,179,112,0.0,648,287,0.0,630,274,0,0,0,0,0,27,11,0.0,0.0,0.0,0.0,0.0,630,274,0.0,0.0,623,273,628,274,621,270,627,273,,,,,,,,0.0,0.0,0.0,0.0,0.0,0.0,0.0,0.0,0.0,3,0,0.0,0.0,0.0,0.0,0.0,0.0,0.0,0.0,0.0,0.0,0.0,0.0,0.0,0.0,28.0,11.0,0.0,0.0,0.0,0.0,0.0,0.0,0.0,0.0,0.0,0.0,0.0,0.0,0.0
524,Callum,Olusesi,Olusesi,a,,,4.5,509,271,0.7,233,76,0.0,482,191,0,0,0,0,0,841,5021,0.0,0.0,0.0,0.0,0.0,482,191,,,458,178,458,186,415,155,464,182,,,,,,,,0.0,0.0,0.0,0.0,0.0,0.0,0.0,0.0,0.0,3,0,0.0,0.0,0.0,0.0,0.0,0.0,0.0,0.0,0.0,0.0,0.0,0.0,0.0,0.0,854.0,5064.0,0.0,0.0,0.0,0.0,0.0,0.0,0.0,0.0,0.0,0.0,0.0,0.0,0.0
601,Luca,Williams-Barnett,Williams-Barnett,a,,,4.5,550,284,0.1,376,137,0.0,516,202,0,0,0,0,0,1943,1525,0.0,0.0,0.0,0.0,0.0,516,202,,,493,189,492,197,450,166,499,193,,,,,,,,0.0,0.0,0.0,0.0,0.0,0.0,0.0,0.0,0.0,3,0,0.0,0.0,0.0,0.0,0.0,0.0,0.0,0.0,0.0,0.0,0.0,0.0,0.0,0.0,1962.0,1531.0,0.0,0.0,0.0,0.0,0.0,0.0,0.0,0.0,0.0,0.0,0.0,0.0,0.0
529,Robin,Roefs,Roefs,a,,,5.0,320,15,3.0,105,17,3.0,117,13,2,0,0,0,0,1724,33195,0.6,1.8,3.0,3.0,3.0,131,13,,,185,20,578,66,556,66,261,20,,,,,,,,0.0,0.0,0.0,1.32,0.67,0.33,1.0,1.0,0.0,3,2,90.0,0.0,0.0,0.0,1.0,0.0,0.0,0.0,0.0,0.0,1.0,1.0,0.0,11.0,1797.0,33844.0,0.0,0.0,0.0,0.0,1.21,12.600000000000001,0.0,0.0,1.3000000000000003,0.0,1.0,13.0,0.0
530,Anthony,Patterson,Patterson,u,Has joined Wrexham permanently,,4.0,611,63,0.1,389,46,0.0,409,37,0,0,0,0,0,0,810,0.0,0.0,0.0,0.0,0.0,409,37,0.0,0.0,384,37,379,18,321,15,390,37,,,,,,,,0.0,0.0,0.0,0.0,0.0,0.0,0.0,0.0,0.0,3,0,0.0,0.0,0.0,0.0,0.0,0.0,0.0,0.0,0.0,0.0,0.0,0.0,0.0,0.0,0.0,815.0,0.0,0.0,0.0,0.0,0.0,0.0,0.0,0.0,0.0,0.0,0.0,0.0,0.0
536,Reinildo,Mandava,Reinildo,a,,,4.5,484,117,0.4,281,103,3.0,111,43,2,0,0,0,0,577,3298,0.7,2.0,3.0,3.0,3.0,123,50,,,103,47,110,32,223,77,135,51,,,,,,,,0.0,0.1,0.1,1.32,0.0,0.33,1.0,1.0,7.33,3,2,90.0,0.0,0.0,0.0,1.0,0.0,0.0,0.0,0.0,0.0,0.0,1.0,0.0,14.0,594.0,3340.0,0.0,0.0,0.010000000000000009,0.010000000000000009,1.21,14.399999999999999,1.5,0.0,1.5999999999999996,3.0,4.0,7.0,7.0
537,Jenson,Seelt,Seelt,u,Has joined Swansea City on loan for the rest of the season,,4.5,517,133,0.0,624,208,0.0,489,187,0,0,0,0,0,0,75,0.0,0.0,0.0,0.0,0.0,489,187,0.0,0.0,465,184,465,184,422,177,471,182,,,,,,,,0.0,0.0,0.0,0.0,0.0,0.0,0.0,0.0,0.0,3,0,0.0,0.0,0.0,0.0,0.0,0.0,0.0,0.0,0.0,0.0,0.0,0.0,0.0,0.0,0.0,76.0,0.0,0.0,0.0,0.0,0.0,0.0,0.0,0.0,0.0,0.0,0.0,0.0,0.0
539,Luke,O'Nien,O'Nien,a,,,4.0,595,166,2.7,111,44,0.3,336,119,0,0,0,0,0,1625,23763,0.1,0.2,0.3,0.3,1.0,264,93,,,260,108,294,107,236,84,301,111,,,,,,,,0.01,0.01,0.02,2.3,0.0,0.0,1.36,1.36,6.82,3,0,0.0,0.0,0.0,0.0,0.0,0.0,0.0,0.0,0.0,0.0,0.0,0.0,0.0,0.0,1652.0,24093.0,0.0,0.0,0.0,0.0,0.0,0.0,0.0,0.0,0.0,0.0,0.0,0.0,0.0
540,Arthur,Masuaku,Masuaku,u,Has joined Konyaspor permanently,,4.0,589,163,0.2,366,139,0.0,396,138,0,0,0,0,0,0,1407,0.0,0.0,0.0,0.0,0.0,396,138,0.0,0.0,371,134,364,132,304,112,376,131,,,,,,,,0.0,0.0,0.0,0.0,0.0,0.0,0.0,0.0,0.0,3,0,0.0,0.0,0.0,0.0,0.0,0.0,0.0,0.0,0.0,0.0,0.0,0.0,0.0,0.0,0.0,1420.0,0.0,0.0,0.0,0.0,0.0,0.0,0.0,0.0,0.0,0.0,0.0,0.0,0.0
533,Nordi,Mukiele,Mukiele,a,,,5.5,134,16,2.2,119,48,4.3,63,26,4,0,0,0,0,5298,17662,0.8,2.4,4.3,4.3,6.5,29,14,100.0,100.0,42,16,205,69,284,108,144,56,,,,,,,,0.0,0.02,0.02,1.08,0.0,0.5,0.5,1.0,16.5,3,4,90.0,0.0,0.0,0.0,1.0,0.0,0.0,0.0,0.0,0.0,0.0,1.0,0.0,16.0,5405.0,17933.0,0.0,0.0,0.019999999999999997,0.019999999999999997,1.2100000000000002,32.4,5.0,0.0,3.7,4.0,10.0,6.0,14.0
534,Trai,Hume,Hume,a,,,4.4,574,156,4.2,82,32,3.0,109,41,1,-1,1,-1,1,2301,108128,0.7,2.0,3.0,3.0,3.0,120,47,,,184,83,44,6,147,47,116,43,3.0,,,,,,,0.02,0.13,0.15,1.43,0.0,0.46,0.46,0.92,5.54,3,1,26.0,0.0,0.0,0.0,0.0,0.0,0.0,0.0,0.0,0.0,0.0,0.0,0.0,8.0,2387.0,109798.0,0.0,0.0,0.0,0.0,0.44999999999999973,3.8000000000000007,0.10000000000000142,0.0,0.40000000000000036,2.0,0.0,2.0,2.0
535,Omar,Alderete,Alderete,a,,,4.9,373,67,0.3,298,109,0.3,348,127,0,-1,1,-1,1,304,4563,0.1,0.2,0.3,0.3,1.0,294,117,100.0,100.0,514,196,320,122,473,190,520,194,,,,,,,,0.0,0.04,0.04,0.39,0.0,0.0,3.91,0.0,0.0,3,0,0.0,0.0,0.0,0.0,0.0,0.0,0.0,0.0,0.0,0.0,0.0,0.0,0.0,0.0,309.0,4663.0,0.0,0.0,0.0,0.0,0.0,0.0,0.0,0.0,0.0,0.0,0.0,0.0,0.0
541,Thomas,Meunier,Meunier,a,,,4.5,431,83,0.3,304,112,3.0,110,42,2,0,0,0,0,568,1665,0.7,2.0,3.0,3.0,3.0,121,48,100.0,100.0,142,64,137,43,106,29,134,50,,,,,,,,0.08,0.05,0.13,1.3,0.0,0.37,1.11,1.11,5.19,3,2,63.0,0.0,0.0,0.0,1.0,0.0,0.0,0.0,0.0,0.0,0.0,1.0,0.0,0.0,585.0,1683.0,0.0,0.10999999999999999,0.0,0.11000000000000001,0.7599999999999998,5.200000000000003,1.5,6.0,1.3000000000000007,0.0,2.0,0.0,2.0
542,Enzo,Le Fée,E.Le Fée,a,,,5.9,106,67,4.8,74,24,4.3,68,32,8,0,0,-1,1,7321,94114,0.7,2.2,4.3,4.3,4.3,73,33,,,122,43,111,69,54,35,70,46,1.0,3.0,2.0,,,,,0.42,0.08,0.5,1.31,0.0,0.35,0.7,1.05,4.88,3,8,90.0,1.0,0.0,0.0,1.0,0.0,0.0,0.0,0.0,0.0,0.0,1.0,1.0,25.0,7367.0,97542.0,0.0,0.84,0.03,0.87,1.21,40.0,3.6999999999999957,24.0,6.800000000000001,4.0,0.0,2.0,6.0
543,Habib,Diarra,Diarra,i,Hamstring injury - Unknown return date,,5.4,228,144,0.0,529,216,1.7,211,97,0,-1,1,-1,1,21,1138,0.3,0.9,0.0,0.0,2.5,164,70,0.0,0.0,240,99,219,116,281,134,268,117,,,1.0,,,,,0.1,0.51,0.61,0.39,0.0,0.0,3.21,0.0,0.0,3,0,0.0,0.0,0.0,0.0,0.0,0.0,0.0,0.0,0.0,0.0,0.0,0.0,0.0,0.0,21.0,1163.0,0.0,0.0,0.0,0.0,0.0,0.0,0.0,0.0,0.0,0.0,0.0,0.0,0.0
544,Granit,Xhaka,Xhaka,a,,,5.5,123,79,4.3,80,28,6.0,33,14,3,0,0,0,0,18421,41638,1.1,3.3,6.0,6.0,6.0,37,15,,,101,37,8,8,258,125,42,30,2.0,2.0,,,,,,0.02,0.19,0.21,1.32,0.0,0.33,1.0,1.0,11.67,3,3,90.0,0.0,0.0,0.0,1.0,0.0,0.0,0.0,1.0,0.0,0.0,1.0,0.0,12.0,18682.0,42021.0,0.0,0.06,0.11999999999999994,0.18,1.21,15.199999999999996,20.5,3.0,3.8999999999999986,2.0,4.0,9.0,15.0
545,Noah,Sadiki,Sadiki,a,,,4.9,414,251,0.3,315,111,2.0,177,77,1,-1,1,-1,1,650,3429,0.4,1.2,2.0,2.0,2.0,200,85,,,141,52,49,41,18,10,36,27,,,,,,,,0.13,0.08,0.21,1.27,0.0,0.36,1.07,1.07,5.69,3,1,73.0,0.0,0.0,0.0,1.0,0.0,0.0,0.0,1.0,0.0,0.0,1.0,0.0,16.0,668.0,3461.0,0.0,0.27999999999999997,0.18,0.45999999999999996,0.8199999999999998,8.799999999999997,15.0,48.0,7.200000000000001,0.0,0.0,3.0,3.0
548,Chris,Rigg,Rigg,a,,,4.9,411,248,0.1,494,198,0.7,302,136,0,-1,1,-1,1,99,444,0.1,0.4,0.7,0.7,1.0,304,128,,,533,215,338,166,496,194,541,220,,,,,,,,0.0,0.0,0.0,2.33,0.0,0.0,5.29,0.0,5.29,3,0,0.0,0.0,0.0,0.0,0.0,0.0,0.0,0.0,0.0,0.0,0.0,0.0,0.0,0.0,99.0,449.0,0.0,0.0,0.0,0.0,0.0,0.0,0.0,0.0,0.0,0.0,0.0,0.0,0.0
549,Chemsdine,Talbi,Talbi,a,,,5.4,229,145,0.1,368,132,0.3,373,174,0,0,0,-1,1,159,1783,0.1,0.2,0.3,0.3,1.0,338,153,,,608,262,309,154,600,257,614,264,,,,,,,,0.0,0.0,0.0,0.41,0.0,0.0,2.9,0.0,5.81,3,0,0.0,0.0,0.0,0.0,0.0,0.0,0.0,0.0,0.0,0.0,0.0,0.0,0.0,0.0,159.0,1806.0,0.0,0.0,0.0,0.0,0.0,0.0,0.0,0.0,0.0,0.0,0.0,0.0,0.0
550,Djiamgone Jocelin Ta,Bi,Jocelin.T,a,,,5.0,363,219,0.0,625,269,0.0,606,256,0,0,0,0,0,55,65,0.0,0.0,0.0,0.0,0.0,606,256,,,591,249,598,255,580,242,598,252,,,,,,,,0.0,0.0,0.0,0.0,0.0,0.0,0.0,0.0,0.0,3,0,0.0,0.0,0.0,0.0,0.0,0.0,0.0,0.0,0.0,0.0,0.0,0.0,0.0,0.0,55.0,65.0,0.0,0.0,0.0,0.0,0.0,0.0,0.0,0.0,0.0,0.0,0.0,0.0,0.0
551,Nilson,Angulo,N.Angulo,a,,,5.0,338,203,0.1,375,136,3.3,100,47,2,0,0,0,0,1126,2148,0.7,2.0,3.3,3.3,3.3,111,49,,,118,42,143,84,92,51,117,58,,1.0,,,,,,0.07,0.06,0.13,1.46,0.0,0.49,0.97,1.46,8.27,3,2,63.0,0.0,0.0,0.0,1.0,0.0,0.0,0.0,0.0,0.0,0.0,1.0,0.0,11.0,1143.0,2163.0,0.0,0.0,0.06999999999999999,0.07,0.7599999999999998,8.600000000000001,5.699999999999999,16.0,3.0,1.0,1.0,3.0,5.0
552,Brian,Brobbey,Brobbey,a,,,5.9,98,26,7.4,58,8,2.0,194,17,2,0,0,-1,1,11393,175918,0.3,1.0,2.0,2.0,2.0,219,22,,,310,31,85,6,68,17,146,16,,,,,,,,0.24,0.02,0.26,1.43,0.0,0.41,0.82,1.23,2.88,3,2,90.0,0.0,0.0,0.0,1.0,0.0,0.0,0.0,0.0,0.0,0.0,1.0,0.0,11.0,11536.0,180086.0,0.0,0.25999999999999995,0.06,0.32,1.21,4.4,37.1,29.0,7.1000000000000005,0.0,0.0,3.0,3.0
553,Wilson,Isidor,Isidor,a,,,5.5,150,38,1.5,151,22,4.3,64,5,4,0,0,0,0,36033,14888,0.8,2.4,4.3,4.3,4.3,69,6,,,189,14,325,39,86,20,198,22,,,,,,,,1.79,0.01,1.8,1.1,0.0,0.0,1.2,0.0,2.4,3,4,26.0,0.0,1.0,0.0,0.0,0.0,0.0,0.0,0.0,0.0,0.0,0.0,0.0,15.0,36284.0,14992.0,0.0,0.10000000000000009,0.01,0.1100000000000001,0.45000000000000007,0.1999999999999993,0.3,10.0,1.0999999999999996,0.0,0.0,2.0,2.0
612,Dayann,Méthalie,Methalie,a,,,4.5,559,146,0.0,621,207,0.0,523,196,0,0,0,0,0,130,152,0.0,0.0,0.0,0.0,0.0,523,196,100.0,100.0,500,193,499,193,458,187,506,191,,,,,,,,0.0,0.0,0.0,0.0,0.0,0.0,0.0,0.0,0.0,3,0,0.0,0.0,0.0,0.0,0.0,0.0,0.0,0.0,0.0,0.0,0.0,0.0,0.0,0.0,132.0,152.0,0.0,0.0,0.0,0.0,0.0,0.0,0.0,0.0,0.0,0.0,0.0,0.0,0.0
613,Jules,Ahoka,Ahoka,a,,,4.5,564,292,0.3,314,110,0.0,528,209,0,0,0,0,0,5545,3405,0.0,0.0,0.0,0.0,0.0,528,209,,,505,196,504,204,463,173,511,200,,,,,,,,0.0,0.0,0.0,0.0,0.0,0.0,0.0,0.0,0.0,3,0,0.0,0.0,0.0,0.0,0.0,0.0,0.0,0.0,0.0,0.0,0.0,0.0,0.0,0.0,5633.0,3425.0,0.0,0.0,0.0,0.0,0.0,0.0,0.0,0.0,0.0,0.0,0.0,0.0,0.0
646,Malick,Fofana,Fofana,a,,,5.5,177,110,0.0,545,224,1.0,274,124,1,0,0,0,0,1022,384,0.2,0.2,2.0,2.0,1.0,350,161,,,622,272,332,164,620,269,366,172,,,,,,,,0.0,0.0,0.0,2.19,0.0,0.0,0.0,0.0,0.0,3,1,16.0,0.0,0.0,0.0,0.0,0.0,0.0,0.0,0.0,0.0,0.0,0.0,0.0,3.0,1045.0,385.0,0.0,0.0,0.0,0.0,0.39,0.0,0.5,0.0,0.1,0.0,0.0,0.0,0.0
651,Juan,Angulo,J.Angulo,a,,,4.5,561,78,0.4,262,45,0.0,525,59,0,0,0,0,0,25191,6769,0.0,0.0,1.0,1.0,0.0,525,59,,,502,52,501,57,460,54,508,56,,,,,,,,0.0,0.0,0.0,0.0,0.0,0.0,0.0,0.0,0.0,3,0,0.0,0.0,0.0,0.0,0.0,0.0,0.0,0.0,0.0,0.0,0.0,0.0,0.0,0.0,25510.0,6811.0,0.0,0.0,0.0,0.0,0.0,0.0,0.0,0.0,0.0,0.0,0.0,0.0,0.0
