player_id,match_id,minutes_played,goals,assists,total_shots,xg,xa,shots_on_target,successful_dribbles,big_chances_missed,touches_opposition_box,touches,accurate_passes,accurate_passes_percent,chances_created,final_third_passes,accurate_crosses,accurate_crosses_percent,accurate_long_balls,accurate_long_balls_percent,tackles_won,interceptions,recoveries,blocks,clearances,headed_clearances,dribbled_past,duels_won,duels_lost,ground_duels_won,ground_duels_won_percent,aerial_duels_won,aerial_duels_won_percent,was_fouled,fouls_committed,saves,goals_conceded,xgot_faced,goals_prevented,sweeper_actions,gk_accurate_passes,gk_accurate_long_balls,dispossessed,high_claim,saves_inside_box,offsides,successful_dribbles_percent,tackles_won_percent,xgot,tackles,start_min,finish_min,team_goals_conceded,penalties_scored,penalties_missed,top_speed,distance_covered,walking_distance,running_distance,sprinting_distance,number_of_sprints,defensive_contributions
485,25-26-champions-league-barcelona-vs-newcastle-united,90,1,0,1,0.42,0.04,1,1,0,4,26,14,0.0,0.0,0,0,0.0,0,0.0,0,0,3,0,0,0,1,3,4,3,0.0,0,0.0,2,0,0,0,0.0,0.0,0,0,0,1,0,0,0,0.0,0.0,0.9,0,0,97,2,0,0,0.0,0.0,0.0,0.0,0.0,0.0,0
489,25-26-champions-league-barcelona-vs-newcastle-united,27,0,1,0,0.0,0.2,0,2,0,0,17,6,0.0,1.0,1,1,0.0,0,0.0,0,0,0,0,0,0,0,2,2,2,0.0,0,0.0,0,1,0,0,0.0,0.0,0,0,0,0,0,0,0,0.0,0.0,0.0,0,63,97,1,0,0,0.0,0.0,0.0,0.0,0.0,0.0,0
491,25-26-champions-league-barcelona-vs-newcastle-united,90,0,0,2,0.15,0.02,2,0,0,0,56,22,0.0,2.0,8,0,0.0,1,0.0,0,2,6,0,2,0,1,4,5,4,0.0,0,0.0,3,2,0,0,0.0,0.0,0,0,0,1,0,0,0,0.0,0.0,0.38,1,0,97,2,0,0,0.0,0.0,0.0,0.0,0.0,0.0,0
490,25-26-champions-league-barcelona-vs-newcastle-united,62,0,0,1,0.23,0.01,0,0,0,3,27,13,0.0,0.0,3,0,0.0,1,0.0,0,0,5,0,2,1,1,5,3,3,0.0,2,0.0,2,1,0,0,0.0,0.0,0,0,0,,0,0,0,0.0,0.0,0.0,1,0,63,1,0,0,0.0,0.0,0.0,0.0,0.0,0.0,0
488,25-26-champions-league-barcelona-vs-newcastle-united,90,0,0,1,0.1,0.04,1,1,0,3,49,25,0.0,1.0,5,0,0.0,1,0.0,0,2,7,0,0,0,1,4,7,4,0.0,0,0.0,1,1,0,0,0.0,0.0,0,0,0,,0,0,0,0.0,0.0,0.26,2,0,97,2,0,0,0.0,0.0,0.0,0.0,0.0,0.0,0
494,25-26-champions-league-barcelona-vs-newcastle-united,28,0,0,0,0.0,0.0,0,1,0,0,14,5,0.0,0.0,3,0,0.0,0,0.0,0,0,3,0,0,0,1,2,2,2,0.0,0,0.0,0,1,0,0,0.0,0.0,0,0,0,0,0,0,0,0.0,0.0,0.0,1,63,97,1,0,0,0.0,0.0,0.0,0.0,0.0,0.0,0
478,25-26-champions-league-barcelona-vs-newcastle-united,76,0,0,0,0.0,0.04,0,0,0,1,49,21,0.0,0.0,8,0,0.0,2,0.0,0,0,6,0,2,1,0,5,5,5,0.0,0,0.0,1,0,0,0,0.0,0.0,0,0,0,0,0,0,0,0.0,0.0,0.0,4,0,76,2,0,0,0.0,0.0,0.0,0.0,0.0,0.0,0
684,25-26-champions-league-barcelona-vs-newcastle-united,27,0,0,0,0.0,0.0,0,1,0,0,20,12,0.0,0.0,0,0,0.0,1,0.0,0,1,3,0,2,1,0,2,3,2,0.0,0,0.0,1,2,0,0,0.0,0.0,0,0,0,0,0,0,0,0.0,0.0,0.0,0,63,97,1,0,0,0.0,0.0,0.0,0.0,0.0,0.0,0
474,25-26-champions-league-barcelona-vs-newcastle-united,63,0,0,0,0.0,0.0,0,0,0,0,27,10,0.0,0.0,3,0,0.0,2,0.0,0,0,0,4,7,6,0,3,3,1,0.0,2,0.0,0,2,0,0,0.0,0.0,0,0,0,0,0,0,0,0.0,0.0,0.0,1,0,63,1,0,0,0.0,0.0,0.0,0.0,0.0,0.0,0
487,25-26-champions-league-barcelona-vs-newcastle-united,62,0,0,3,0.48,0.01,2,0,1,5,15,5,0.0,0.0,1,0,0.0,1,0.0,0,0,0,0,0,0,0,0,0,0,0.0,0,0.0,0,0,0,0,0.0,0.0,0,0,0,0,0,0,0,0.0,0.0,0.75,0,0,63,1,0,0,0.0,0.0,0.0,0.0,0.0,0.0,0
486,25-26-champions-league-barcelona-vs-newcastle-united,63,0,0,1,0.02,0.35,0,0,0,6,24,9,0.0,2.0,0,1,0.0,0,0.0,0,0,0,0,1,0,1,0,3,0,0.0,0,0.0,0,0,0,0,0.0,0.0,0,0,0,0,0,0,0,0.0,0.0,0.0,0,0,63,1,0,0,0.0,0.0,0.0,0.0,0.0,0.0,0
477,25-26-champions-league-barcelona-vs-newcastle-united,90,0,0,0,0.0,0.04,0,1,0,0,59,23,0.0,0.0,6,0,0.0,2,0.0,0,0,8,0,3,1,0,5,5,3,0.0,2,0.0,1,0,0,0,0.0,0.0,0,0,0,2,0,0,0,0.0,0.0,0.0,1,0,97,2,0,0,0.0,0.0,0.0,0.0,0.0,0.0,0
476,25-26-champions-league-barcelona-vs-newcastle-united,90,0,0,0,0.0,0.03,0,0,0,4,39,19,0.0,1.0,2,0,0.0,1,0.0,0,2,3,1,7,2,2,5,8,1,0.0,4,0.0,0,1,0,0,0.0,0.0,0,0,0,1,0,0,0,0.0,0.0,0.0,1,0,97,2,0,0,0.0,0.0,0.0,0.0,0.0,0.0,0
475,25-26-champions-league-barcelona-vs-newcastle-united,14,0,0,1,0.06,0.0,0,0,0,2,14,7,0.0,0.0,0,0,0.0,0,0.0,0,0,0,1,1,0,0,1,1,0,0.0,1,0.0,0,0,0,0,0.0,0.0,0,0,0,0,0,0,0,0.0,0.0,0.0,0,76,97,0,0,0,0.0,0.0,0.0,0.0,0.0,0.0,0
714,25-26-champions-league-barcelona-vs-newcastle-united,28,0,0,0,0.0,0.04,0,0,0,0,9,4,0.0,1.0,0,0,0.0,0,0.0,0,0,0,0,0,0,1,1,2,1,0.0,0,0.0,1,0,0,0,0.0,0.0,0,0,0,1,0,0,0,0.0,0.0,0.0,0,63,97,1,0,0,0.0,0.0,0.0,0.0,0.0,0.0,0
469,25-26-champions-league-barcelona-vs-newcastle-united,90,0,0,0,0.0,0.01,0,0,0,0,24,10,0.0,0.0,2,0,0.0,6,0.0,0,0,5,0,0,0,0,0,1,0,0.0,0,0.0,0,0,3,2,1.73,-0.27,0,10,6,0,0,0,0,0.0,0.0,0.0,0,0,97,2,0,0,0.0,0.0,0.0,0.0,0.0,0.0,0
517,25-26-europa-league-fc-midtjylland-vs-nottingham-forest,90,0,0,3,0.13,0.19,1,3,0,3,98,58,0.0,6.0,6,2,0.0,1,0.0,0,0,6,0,0,0,2,12,6,12,0.0,0,0.0,8,4,0,0,0.0,0.0,0,0,0,0,0,0,0,0.0,0.0,0.03,1,0,94,3,0,0,0.0,0.0,0.0,0.0,0.0,0.0,0
669,25-26-europa-league-fc-midtjylland-vs-nottingham-forest,90,1,0,3,0.29,0.06,2,3,0,7,47,15,0.0,2.0,1,1,0.0,0,0.0,0,0,5,0,2,1,0,6,5,6,0.0,0,0.0,0,2,0,0,0.0,0.0,0,0,0,0,0,0,0,0.0,0.0,0.93,3,0,94,3,0,0,0.0,0.0,0.0,0.0,0.0,0.0,0
521,25-26-europa-league-fc-midtjylland-vs-nottingham-forest,90,0,0,1,0.03,0.36,0,2,0,2,81,56,0.0,2.0,10,0,0.0,3,0.0,0,1,7,1,2,1,2,5,4,4,0.0,1,0.0,0,2,0,0,0.0,0.0,0,0,0,0,0,0,0,0.0,0.0,0.0,2,0,94,3,0,0,0.0,0.0,0.0,0.0,0.0,0.0,0
515,25-26-europa-league-fc-midtjylland-vs-nottingham-forest,90,0,1,2,0.17,0.09,1,0,1,6,65,33,0.0,2.0,5,1,0.0,1,0.0,0,1,3,0,2,1,1,3,12,2,0.0,1,0.0,0,1,0,0,0.0,0.0,0,0,0,3,0,0,0,0.0,0.0,0.11,2,0,94,3,0,0,0.0,0.0,0.0,0.0,0.0,0.0,0
508,25-26-europa-league-fc-midtjylland-vs-nottingham-forest,90,0,0,3,0.1,0.02,2,0,0,1,76,45,0.0,1.0,9,0,0.0,1,0.0,0,1,6,0,0,0,3,5,6,4,0.0,1,0.0,1,0,0,0,0.0,0.0,0,0,0,1,0,0,0,0.0,0.0,0.1,3,0,94,3,0,0,0.0,0.0,0.0,0.0,0.0,0.0,0
525,25-26-europa-league-fc-midtjylland-vs-nottingham-forest,15,1,0,1,0.79,0.32,1,0,0,3,8,4,0.0,0.0,0,0,0.0,0,0.0,0,0,0,0,0,0,0,1,1,0,0.0,1,0.0,0,0,0,0,0.0,0.0,0,0,0,0,0,0,0,0.0,0.0,0.77,0,75,94,1,1,0,0.0,0.0,0.0,0.0,0.0,0.0,0
516,25-26-europa-league-fc-midtjylland-vs-nottingham-forest,90,0,0,3,0.1,0.17,0,0,0,5,52,26,0.0,4.0,2,2,0.0,1,0.0,0,0,1,0,1,0,0,3,3,3,0.0,0,0.0,1,0,0,0,0.0,0.0,0,0,0,2,0,0,0,0.0,0.0,0.0,2,0,94,3,0,0,0.0,0.0,0.0,0.0,0.0,0.0,0
511,25-26-europa-league-fc-midtjylland-vs-nottingham-forest,90,0,0,0,0.0,0.07,0,0,0,1,83,60,0.0,2.0,6,0,0.0,4,0.0,0,0,4,0,4,3,0,9,2,6,0.0,3,0.0,1,1,0,0,0.0,0.0,0,0,0,,0,0,0,0.0,0.0,0.0,5,0,94,3,0,0,0.0,0.0,0.0,0.0,0.0,0.0,0
526,25-26-europa-league-fc-midtjylland-vs-nottingham-forest,75,0,0,4,0.17,0.03,1,0,0,3,28,14,0.0,0.0,0,0,0.0,1,0.0,0,0,1,0,1,1,0,5,4,2,0.0,3,0.0,2,1,0,0,0.0,0.0,0,0,0,,0,0,0,0.0,0.0,0.02,0,0,75,2,0,0,0.0,0.0,0.0,0.0,0.0,0.0,0
716,25-26-europa-league-fc-midtjylland-vs-nottingham-forest,62,0,0,1,0.05,0.11,0,0,1,1,46,26,0.0,1.0,4,1,0.0,2,0.0,0,0,0,0,1,0,0,0,0,0,0.0,0,0.0,0,0,0,0,0.0,0.0,0,0,0,0,0,0,0,0.0,0.0,0.0,0,28,94,1,0,0,0.0,0.0,0.0,0.0,0.0,0.0,0
505,25-26-europa-league-fc-midtjylland-vs-nottingham-forest,90,0,0,1,0.22,0.03,1,1,0,2,60,45,0.0,0.0,4,1,0.0,3,0.0,0,0,5,0,4,2,0,3,1,1,0.0,2,0.0,0,1,0,0,0.0,0.0,0,0,0,0,0,0,0,0.0,0.0,0.74,0,0,94,3,0,0,0.0,0.0,0.0,0.0,0.0,0.0,0
502,25-26-europa-league-fc-midtjylland-vs-nottingham-forest,90,0,0,0,0.0,0.0,0,0,0,0,25,11,0.0,0.0,2,0,0.0,2,0.0,0,0,6,0,1,0,0,0,0,0,0.0,0,0.0,0,0,1,3,2.92,-0.08,1,11,2,0,0,0,0,0.0,0.0,0.0,0,0,94,3,0,0,0.0,0.0,0.0,0.0,0.0,0.0,0
506,25-26-europa-league-fc-midtjylland-vs-nottingham-forest,28,0,0,0,0.0,0.0,0,0,0,0,17,9,0.0,0.0,0,0,0.0,1,0.0,0,0,0,0,0,0,0,3,2,3,0.0,0,0.0,2,2,0,0,0.0,0.0,0,0,0,,0,0,0,0.0,0.0,0.0,1,0,28,2,0,0,0.0,0.0,0.0,0.0,0.0,0.0,0
384,25-26-champions-league-liverpool-vs-galatasaray,62,0,0,2,0.2,0.68,1,2,0,3,22,9,0.0,3.0,1,3,0.0,0,0.0,0,0,1,0,1,1,0,4,1,4,0.0,0,0.0,1,0,0,0,0.0,0.0,0,0,0,0,0,0,0,0.0,0.0,0.0,1,0,62,1,0,0,0.0,0.0,0.0,0.0,0.0,0.0,0
374,25-26-champions-league-liverpool-vs-galatasaray,90,0,0,2,0.19,0.02,0,0,1,4,84,52,0.0,0.0,12,0,0.0,3,0.0,0,2,4,0,14,10,0,10,5,0,0.0,10,0.0,0,2,0,0,0.0,0.0,0,0,0,1,0,0,0,0.0,0.0,0.0,0,0,91,1,0,0,0.0,0.0,0.0,0.0,0.0,0.0,0
388,25-26-champions-league-liverpool-vs-galatasaray,90,0,0,0,0.0,0.09,0,2,0,1,86,61,0.0,1.0,6,0,0.0,4,0.0,0,0,6,0,1,0,0,11,9,10,0.0,1,0.0,5,2,0,0,0.0,0.0,0,0,0,4,0,0,0,0.0,0.0,0.0,3,0,91,1,0,0,0.0,0.0,0.0,0.0,0.0,0.0,0
373,25-26-champions-league-liverpool-vs-galatasaray,90,0,0,0,0.0,0.1,0,0,0,2,105,81,0.0,1.0,14,0,0.0,6,0.0,0,1,2,0,6,3,0,3,1,0,0.0,3,0.0,0,1,0,0,0.0,0.0,0,0,0,0,0,0,0,0.0,0.0,0.0,0,0,91,1,0,0,0.0,0.0,0.0,0.0,0.0,0.0,0
386,25-26-champions-league-liverpool-vs-galatasaray,22,0,0,2,0.07,0.07,0,0,0,0,31,19,0.0,0.0,3,1,0.0,0,0.0,0,2,1,0,1,1,0,1,0,1,0.0,0,0.0,1,0,0,0,0.0,0.0,0,0,0,0,0,0,0,0.0,0.0,0.0,0,68,91,0,0,0,0.0,0.0,0.0,0.0,0.0,0.0,0
390,25-26-champions-league-liverpool-vs-galatasaray,62,0,0,0,0.0,0.02,0,0,0,0,52,41,0.0,0.0,6,0,0.0,1,0.0,0,0,6,0,1,0,2,1,5,1,0.0,0,0.0,1,2,0,0,0.0,0.0,0,0,0,0,0,0,0,0.0,0.0,0.0,0,0,62,1,0,0,0.0,0.0,0.0,0.0,0.0,0.0,0
366,25-26-champions-league-liverpool-vs-galatasaray,56,0,0,0,0.0,0.0,0,0,0,0,24,14,0.0,0.0,0,0,0.0,1,0.0,0,0,6,0,0,0,0,0,0,0,0.0,0,0.0,0,0,3,1,1.01,0.01,0,14,1,,1,0,0,0.0,0.0,0.0,0,0,56,1,0,0,0.0,0.0,0.0,0.0,0.0,0.0,0
382,25-26-champions-league-liverpool-vs-galatasaray,90,0,0,3,0.37,0.55,1,1,0,3,57,32,0.0,2.0,5,1,0.0,2,0.0,0,0,4,0,0,0,2,4,9,4,0.0,0,0.0,2,1,0,0,0.0,0.0,0,0,0,3,0,0,0,0.0,0.0,0.44,1,0,91,1,0,0,0.0,0.0,0.0,0.0,0.0,0.0,0
387,25-26-champions-league-liverpool-vs-galatasaray,90,0,0,1,0.04,0.11,0,0,0,1,78,49,0.0,1.0,5,2,0.0,5,0.0,0,0,7,0,1,0,1,2,7,2,0.0,0,0.0,0,1,0,0,0.0,0.0,0,0,0,1,0,0,0,0.0,0.0,0.0,2,0,91,1,0,0,0.0,0.0,0.0,0.0,0.0,0.0,0
371,25-26-champions-league-liverpool-vs-galatasaray,90,0,0,2,0.27,0.01,0,0,0,5,60,35,0.0,0.0,4,0,0.0,0,0.0,0,0,1,1,1,0,0,3,4,2,0.0,1,0.0,0,2,0,0,0.0,0.0,0,0,0,0,0,0,0,0.0,0.0,0.0,2,0,91,1,0,0,0.0,0.0,0.0,0.0,0.0,0.0,0
661,25-26-champions-league-liverpool-vs-galatasaray,68,0,0,2,0.52,0.01,1,0,2,6,29,12,0.0,0.0,2,0,0.0,0,0.0,0,0,2,1,2,1,0,3,4,2,0.0,1,0.0,0,1,0,0,0.0,0.0,0,0,0,0,0,0,0,0.0,0.0,0.32,2,0,68,1,0,0,0.0,0.0,0.0,0.0,0.0,0.0,0
375,25-26-champions-league-liverpool-vs-galatasaray,28,0,0,1,0.07,0.01,0,0,0,1,31,15,0.0,0.0,1,0,0.0,1,0.0,0,0,4,0,1,1,0,0,4,0,0.0,0,0.0,0,1,0,0,0.0,0.0,0,0,0,1,0,0,0,0.0,0.0,0.0,0,62,91,0,0,0,0.0,0.0,0.0,0.0,0.0,0.0,0
367,25-26-champions-league-liverpool-vs-galatasaray,34,0,0,0,0.0,0.0,0,0,0,0,18,13,0.0,0.0,1,0,0.0,1,0.0,0,0,3,0,0,0,0,0,0,0,0.0,0,0.0,0,0,0,0,0.0,0.0,1,13,1,0,0,0,0,0.0,0.0,0.0,0,56,91,0,0,0,0.0,0.0,0.0,0.0,0.0,0.0,0
370,25-26-champions-league-liverpool-vs-galatasaray,62,0,0,0,0.0,0.4,0,0,0,6,35,14,0.0,2.0,1,1,0.0,0,0.0,0,0,2,0,0,0,0,2,7,1,0.0,1,0.0,1,1,0,0,0.0,0.0,0,0,0,2,0,0,0,0.0,0.0,0.0,0,0,62,1,0,0,0.0,0.0,0.0,0.0,0.0,0.0,0
381,25-26-champions-league-liverpool-vs-galatasaray,28,0,0,0,0.0,0.02,0,0,0,0,19,9,0.0,0.0,1,0,0.0,0,0.0,0,0,1,0,0,0,1,2,3,2,0.0,0,0.0,1,0,0,0,0.0,0.0,0,0,0,2,0,0,0,0.0,0.0,0.0,1,62,91,0,0,0,0.0,0.0,0.0,0.0,0.0,0.0,0
499,25-26-champions-league-liverpool-vs-galatasaray,28,0,0,1,0.08,0.01,1,0,0,1,4,2,0.0,0.0,0,0,0.0,0,0.0,0,0,0,0,0,0,0,0,2,0,0.0,0,0.0,0,0,0,0,0.0,0.0,0,0,0,0,0,0,0,0.0,0.0,0.03,0,62,91,0,0,0,0.0,0.0,0.0,0.0,0.0,0.0,0
270,25-26-conference-league-aek-larnaca-vs-crystal-palace,87,0,0,0,0.0,0.49,0,1,0,0,79,53,0.0,4.0,9,3,0.0,5,0.0,0,1,2,0,2,0,0,5,4,5,0.0,0,0.0,1,3,0,0,0.0,0.0,0,0,0,,0,0,0,0.0,0.0,0.0,3,0,87,1,0,0,0.0,0.0,0.0,0.0,0.0,0.0,0
256,25-26-conference-league-aek-larnaca-vs-crystal-palace,90,0,0,1,0.01,0.09,0,0,0,7,78,42,0.0,2.0,3,2,0.0,1,0.0,0,0,6,0,3,1,0,8,1,6,0.0,2,0.0,1,1,0,0,0.0,0.0,0,0,0,,0,0,0,0.0,0.0,0.0,5,0,90,1,0,0,0.0,0.0,0.0,0.0,0.0,0.0,0
257,25-26-conference-league-aek-larnaca-vs-crystal-palace,90,0,0,1,0.16,0.09,0,0,1,3,109,90,0.0,0.0,8,0,0.0,3,0.0,0,3,7,1,4,3,0,8,2,3,0.0,5,0.0,1,1,0,0,0.0,0.0,0,0,0,,0,0,0,0.0,0.0,0.0,2,0,90,1,0,0,0.0,0.0,0.0,0.0,0.0,0.0,0
258,25-26-conference-league-aek-larnaca-vs-crystal-palace,90,0,0,0,0.0,0.08,0,0,0,2,73,35,0.0,1.0,5,1,0.0,0,0.0,0,1,7,0,2,0,0,8,1,7,0.0,1,0.0,5,0,0,0,0.0,0.0,0,0,0,,0,0,0,0.0,0.0,0.0,3,0,90,1,0,0,0.0,0.0,0.0,0.0,0.0,0.0,0
260,25-26-conference-league-aek-larnaca-vs-crystal-palace,90,0,0,1,0.07,0.12,0,0,0,1,120,98,0.0,1.0,34,0,0.0,9,0.0,0,0,4,1,1,1,0,4,2,2,0.0,2,0.0,2,1,0,0,0.0,0.0,0,0,0,,0,0,0,0.0,0.0,0.0,0,0,90,1,0,0,0.0,0.0,0.0,0.0,0.0,0.0,0
283,25-26-conference-league-aek-larnaca-vs-crystal-palace,90,0,0,5,0.81,0.13,1,0,1,7,33,17,0.0,0.0,3,0,0.0,0,0.0,0,0,1,0,2,2,0,5,2,0,0.0,5,0.0,0,1,0,0,0.0,0.0,0,0,0,,0,0,0,0.0,0.0,0.4,0,0,90,1,0,0,0.0,0.0,0.0,0.0,0.0,0.0,0
723,25-26-conference-league-aek-larnaca-vs-crystal-palace,60,0,0,1,0.02,0.55,0,1,0,2,78,54,0.0,1.0,7,0,0.0,4,0.0,0,2,4,0,2,0,0,7,0,6,0.0,1,0.0,0,0,0,0,0.0,0.0,0,0,0,,0,0,0,0.0,0.0,0.0,5,0,60,1,0,0,0.0,0.0,0.0,0.0,0.0,0.0,0
273,25-26-conference-league-aek-larnaca-vs-crystal-palace,19,0,0,0,0.0,0.03,0,0,0,0,34,24,0.0,0.0,5,0,0.0,3,0.0,0,0,2,0,0,0,0,4,0,1,0.0,3,0.0,0,0,0,0,0.0,0.0,0,0,0,,0,0,0,0.0,0.0,0.0,1,71,90,0,0,0,0.0,0.0,0.0,0.0,0.0,0.0,0
284,25-26-conference-league-aek-larnaca-vs-crystal-palace,30,0,0,2,0.28,0.28,0,1,0,10,23,8,0.0,1.0,0,0,0.0,0,0.0,0,0,2,0,0,0,0,4,4,3,0.0,1,0.0,1,1,0,0,0.0,0.0,0,0,0,,0,0,0,0.0,0.0,0.0,1,60,90,0,0,0,0.0,0.0,0.0,0.0,0.0,0.0,0
253,25-26-conference-league-aek-larnaca-vs-crystal-palace,90,0,0,0,0.0,0.0,0,0,0,0,21,14,0.0,0.0,2,0,0.0,4,0.0,0,0,7,0,0,0,0,0,0,0,0.0,0,0.0,0,0,1,1,1.03,0.03,1,14,4,,1,0,0,0.0,0.0,0.0,0,0,90,1,0,0,0.0,0.0,0.0,0.0,0.0,0.0,0
272,25-26-conference-league-aek-larnaca-vs-crystal-palace,71,0,0,1,0.03,0.04,0,0,0,0,46,32,0.0,0.0,3,0,0.0,4,0.0,0,1,6,0,1,1,0,1,2,1,0.0,0,0.0,0,2,0,0,0.0,0.0,0,0,0,,0,0,0,0.0,0.0,0.0,1,0,71,1,0,0,0.0,0.0,0.0,0.0,0.0,0.0,0
271,25-26-conference-league-aek-larnaca-vs-crystal-palace,19,0,0,0,0.0,0.0,0,0,0,1,7,1,0.0,0.0,0,0,0.0,0,0.0,0,0,0,0,0,0,0,1,0,0,0.0,1,0.0,0,0,0,0,0.0,0.0,0,0,0,,0,0,0,0.0,0.0,0.0,0,71,90,0,0,0,0.0,0.0,0.0,0.0,0.0,0.0,0
712,25-26-conference-league-aek-larnaca-vs-crystal-palace,71,0,0,2,0.17,0.08,0,0,0,2,41,19,0.0,3.0,1,1,0.0,3,0.0,0,0,3,0,0,0,0,1,10,1,0.0,0,0.0,1,4,0,0,0.0,0.0,0,0,0,,0,0,0,0.0,0.0,0.0,0,0,71,1,0,0,0.0,0.0,0.0,0.0,0.0,0.0,0
267,25-26-conference-league-aek-larnaca-vs-crystal-palace,87,0,0,1,0.21,0.09,0,0,0,7,34,16,0.0,0.0,0,0,0.0,0,0.0,0,0,1,0,0,0,1,2,7,2,0.0,0,0.0,2,2,0,0,0.0,0.0,0,0,0,,0,0,0,0.0,0.0,0.0,0,0,87,1,0,0,0.0,0.0,0.0,0.0,0.0,0.0,0
269,25-26-conference-league-aek-larnaca-vs-crystal-palace,3,0,0,0,0.0,0.0,0,0,0,0,3,2,0.0,0.0,0,0,0.0,0,0.0,0,0,0,0,0,0,0,0,0,0,0.0,0,0.0,0,0,0,0,0.0,0.0,0,0,0,,0,0,0,0.0,0.0,0.0,0,87,90,0,0,0,0.0,0.0,0.0,0.0,0.0,0.0,0
732,25-26-conference-league-aek-larnaca-vs-crystal-palace,3,0,0,0,0.0,0.01,0,0,0,2,6,4,0.0,0.0,0,0,0.0,1,0.0,0,0,0,0,0,0,0,0,0,0,0.0,0,0.0,0,0,0,0,0.0,0.0,0,0,0,,0,0,0,0.0,0.0,0.0,0,87,90,0,0,0,0.0,0.0,0.0,0.0,0.0,0.0,0
411,25-26-champions-league-manchester-city-vs-real-madrid,90,1,0,2,0.9,0.08,1,1,0,4,58,32,0.0,1.0,4,0,0.0,0,0.0,0,1,5,2,4,2,0,5,5,4,0.0,1,0.0,0,2,0,0,0.0,0.0,0,0,0,0.0,0,0,0,0.0,0.0,0.99,3,0,90,1,0,0,0.0,0.0,0.0,0.0,0.0,0.0,0
430,25-26-champions-league-manchester-city-vs-real-madrid,70,1,0,3,1.47,0.0,3,0,2,4,13,3,0.0,0.0,0,0,0.0,0,0.0,0,0,0,0,0,0,0,2,2,2,0.0,0,0.0,2,1,0,0,0.0,0.0,0,0,0,0.0,0,0,0,0.0,0.0,1.49,0,0,0,1,1,0,0.0,0.0,0.0,0.0,0.0,0.0,0
403,25-26-champions-league-manchester-city-vs-real-madrid,90,0,0,1,0.04,0.01,1,0,0,1,68,50,0.0,1.0,8,0,0.0,1,0.0,0,1,4,1,5,5,0,6,3,3,0.0,3,0.0,0,1,0,0,0.0,0.0,0,0,0,0.0,0,0,0,0.0,0.0,0.02,3,0,90,1,0,0,0.0,0.0,0.0,0.0,0.0,0.0,0
407,25-26-champions-league-manchester-city-vs-real-madrid,90,0,0,0,0.0,0.05,0,0,0,1,99,55,0.0,0.0,12,0,0.0,2,0.0,0,1,8,1,6,4,0,9,4,7,0.0,2,0.0,3,2,0,0,0.0,0.0,0,0,0,0.0,0,0,0,0.0,0.0,0.0,4,0,90,1,0,0,0.0,0.0,0.0,0.0,0.0,0.0,0
423,25-26-champions-league-manchester-city-vs-real-madrid,90,0,0,0,0.0,0.16,0,0,0,0,72,57,0.0,0.0,7,0,0.0,2,0.0,0,2,8,1,0,0,2,6,6,4,0.0,2,0.0,1,2,0,0,0.0,0.0,0,0,0,0.0,0,0,0,0.0,0.0,0.0,3,0,90,1,0,0,0.0,0.0,0.0,0.0,0.0,0.0,0
418,25-26-champions-league-manchester-city-vs-real-madrid,87,0,0,2,0.07,0.01,1,6,0,6,49,16,0.0,0.0,1,0,0.0,0,0.0,0,0,3,0,0,0,0,11,8,11,0.0,0,0.0,3,3,0,0,0.0,0.0,0,0,0,0.0,0,0,0,0.0,0.0,0.33,2,0,0,1,0,0,0.0,0.0,0.0,0.0,0.0,0.0,0
417,25-26-champions-league-manchester-city-vs-real-madrid,71,0,0,2,0.09,0.47,2,1,0,3,56,34,0.0,2.0,0,1,0.0,0,0.0,0,0,3,0,0,0,0,3,3,3,0.0,0,0.0,1,1,0,0,0.0,0.0,0,0,0,0.0,0,0,0,0.0,0.0,0.19,1,0,0,1,0,0,0.0,0.0,0.0,0.0,0.0,0.0,0
408,25-26-champions-league-manchester-city-vs-real-madrid,90,0,0,0,0.0,0.01,0,0,0,0,53,41,0.0,0.0,5,0,0.0,1,0.0,0,1,1,2,2,2,0,4,1,1,0.0,3,0.0,0,1,0,0,0.0,0.0,0,0,0,0.0,0,0,0,0.0,0.0,0.0,1,0,90,1,0,0,0.0,0.0,0.0,0.0,0.0,0.0,0
415,25-26-champions-league-manchester-city-vs-real-madrid,19,0,0,1,0.06,0.0,0,3,0,2,17,3,0.0,1.0,1,0,0.0,0,0.0,0,0,4,0,0,0,1,7,3,7,0.0,0,0.0,2,0,0,0,0.0,0.0,0,0,0,0.0,0,0,0,0.0,0.0,0.0,2,0,90,1,0,0,0.0,0.0,0.0,0.0,0.0,0.0,0
416,25-26-champions-league-manchester-city-vs-real-madrid,90,0,0,0,0.0,0.03,0,1,0,2,52,34,0.0,0.0,3,0,0.0,0,0.0,0,3,0,0,1,0,1,2,8,2,0.0,0,0.0,1,3,0,0,0.0,0.0,0,0,0,0.0,0,0,0,0.0,0.0,0.0,0,0,90,1,0,0,0.0,0.0,0.0,0.0,0.0,0.0,0
414,25-26-champions-league-manchester-city-vs-real-madrid,70,0,0,0,0.0,0.01,0,0,0,0,30,23,0.0,0.0,1,0,0.0,0,0.0,0,0,3,0,0,0,1,1,2,1,0.0,0,0.0,1,1,0,0,0.0,0.0,0,0,0,0.0,0,0,0,0.0,0.0,0.0,0,0,0,1,0,0,0.0,0.0,0.0,0.0,0.0,0.0,0
427,25-26-champions-league-manchester-city-vs-real-madrid,20,0,0,1,0.03,0.0,0,1,0,3,9,2,0.0,0.0,0,0,0.0,0,0.0,0,0,0,0,0,0,2,1,2,1,0.0,0,0.0,0,0,0,0,0.0,0.0,0,0,0,0.0,0,0,0,0.0,0.0,0.0,0,0,90,1,0,0,0.0,0.0,0.0,0.0,0.0,0.0,0
413,25-26-champions-league-manchester-city-vs-real-madrid,20,0,0,0,0.0,0.0,0,0,0,0,6,2,0.0,1.0,0,0,0.0,0,0.0,0,0,2,0,0,0,0,1,3,0,0.0,1,0.0,0,0,0,0,0.0,0.0,0,0,0,0.0,0,0,0,0.0,0.0,0.0,0,0,90,1,0,0,0.0,0.0,0.0,0.0,0.0,0.0,0
736,25-26-champions-league-manchester-city-vs-real-madrid,90,0,0,0,0.0,0.0,0,0,0,0,24,9,0.0,1.0,3,0,0.0,4,0.0,0,0,4,0,1,0,0,0,0,0,0.0,0,0.0,0,0,0,1,0.13,-0.87,0,9,4,0.0,0,0,0,0.0,0.0,0.0,0,0,90,1,0,0,0.0,0.0,0.0,0.0,0.0,0.0,0
405,25-26-champions-league-manchester-city-vs-real-madrid,3,0,0,0,0.0,0.0,0,0,0,0,3,0,0.0,0.0,0,0,0.0,0,0.0,0,0,0,0,2,2,0,0,0,0,0.0,0,0.0,0,0,0,0,0.0,0.0,0,0,0,0.0,0,0,0,0.0,0.0,0.0,0,0,90,1,0,0,0.0,0.0,0.0,0.0,0.0,0.0,0
640,25-26-prem-brentford-vs-wolverhampton-wanderers,0,0,0,0,0.0,0.0,0,0,0,0,0,0,0.0,0.0,0,0,0.0,0,0.0,0,0,0,0,0,0,0,0,0,0,0.0,0,0.0,0,0,0,0,0.0,0.0,0,0,0,0.0,0,0,0,0.0,0.0,0.0,0,0,93,2,0,0,,,,,,,0
27,25-26-prem-brentford-vs-wolverhampton-wanderers,5,0,0,1,0.07,0.0,0,0,0,1,4,0,0.0,0.0,1,0,0.0,0,0.0,0,0,1,0,0,0,0,0,0,0,0.0,0,0.0,0,0,0,0,0.0,0.0,0,0,0,0.0,0,0,0,0.0,0.0,0.0,0,85,93,0,0,0,,,,,,,1
644,25-26-prem-brentford-vs-wolverhampton-wanderers,73,0,1,0,0.0,0.299042,0,0,0,1,41,23,82,2.0,4,0,0.0,2,40.0,0,1,3,0,2,2,0,4,3,3,75.0,1,33,3,1,0,0,0.0,0.0,0,0,0,0.0,0,0,0,0.0,0.0,0.0,0,0,74,2,0,0,,,,,,,6
101,25-26-prem-brentford-vs-wolverhampton-wanderers,90,0,0,0,0.0,0.178883,0,0,0,0,46,29,74,0.0,2,0,0.0,6,38,0,0,7,0,0,0,0,0,0,0,0.0,0,0.0,0,0,2,2,1.24,-0.76,0,30,6,0.0,1,2,0,0.0,0.0,0.0,0,0,93,2,0,0,,,,,,,0
642,25-26-prem-brentford-vs-wolverhampton-wanderers,0,0,0,0,0.0,0.0,0,0,0,0,0,0,0.0,0.0,0,0,0.0,0,0.0,0,0,0,0,0,0,0,0,0,0,0.0,0,0.0,0,0,0,0,0.0,0.0,0,0,0,0.0,0,0,0,0.0,0.0,0.0,0,0,93,2,0,0,,,,,,,0
636,25-26-prem-brentford-vs-wolverhampton-wanderers,90,0,0,1,0.04,0.00396887,1,0,0,3,65,39,80,0.0,3,0,0.0,3,38.0,1,0,5,0,6,4,0,4,1,2,100.0,2,67.0,1,0,0,0,0.0,0.0,0,0,0,0.0,0,0,0,0.0,100,0.0467,1,0,93,2,0,0,,,,,,,7
126,25-26-prem-brentford-vs-wolverhampton-wanderers,90,0,0,0,0.0,0.0177758,0,0,0,0,53,22,67,0.0,5,1,25.0,5,63,1,2,5,0,1,0,2,6,5,5,50.0,1,100,2,2,0,0,0.0,0.0,0,0,0,1.0,0,0,0,0.0,33,0.0,3,0,93,2,0,0,,,,,,,11
111,25-26-prem-brentford-vs-wolverhampton-wanderers,0,0,0,0,0.0,0.0,0,0,0,0,0,0,0.0,0.0,0,0,0.0,0,0.0,0,0,0,0,0,0,0,0,0,0,0.0,0,0.0,0,0,0,0,0.0,0.0,0,0,0,0.0,0,0,0,0.0,0.0,0.0,0,0,93,2,0,0,,,,,,,0
637,25-26-prem-brentford-vs-wolverhampton-wanderers,0,0,0,0,0.0,0.0,0,0,0,0,0,0,0.0,0.0,0,0,0.0,0,0.0,0,0,0,0,0,0,0,0,0,0,0.0,0,0.0,0,0,0,0,0.0,0.0,0,0,0,0.0,0,0,0,0.0,0.0,0.0,0,0,93,2,0,0,,,,,,,0
720,25-26-prem-brentford-vs-wolverhampton-wanderers,16,1,0,2,0.57,0.0179254,1,0,0,3,13,4,80,0.0,1,0,0.0,0,0.0,0,1,1,0,1,1,0,1,2,0,0.0,1,50,0,1,0,0,0.0,0.0,0,0,0,0.0,0,0,0,0.0,0.0,0.8795,0,74,93,0,0,0,,,,,,,3
120,25-26-prem-brentford-vs-wolverhampton-wanderers,67,0,0,0,0.0,0.00019635,0,0,0,3,36,7,44,0.0,3,0,0.0,0,0.0,1,0,1,0,2,2,0,4,3,2,50.0,2,67,1,1,0,0,0.0,0.0,0,0,0,1.0,0,0,0,0.0,100,0.0,1,0,68,1,0,0,,,,,,,4
110,25-26-prem-brentford-vs-wolverhampton-wanderers,90,1,0,1,0.36,0.0766181,1,1,0,1,69,32,80,1.0,8,0,0.0,5,56,1,1,7,1,6,4,1,8,6,5,56.0,3,60.0,3,3,0,0,0.0,0.0,0,0,0,0.0,0,0,0,100,100,0.8529,1,0,93,2,0,0,,,,,,,9
83,25-26-prem-brentford-vs-wolverhampton-wanderers,84,0,1,1,0.02,0.979087,1,0,0,5,39,15,68.0,4.0,0,2,67.0,0,0.0,2,2,3,0,1,0,0,3,2,2,67,1,50,0,0,0,0,0.0,0.0,0,0,0,0.0,0,0,0,0.0,100,0.0231,2,0,85,2,0,0,,,,,,,8
136,25-26-prem-brentford-vs-wolverhampton-wanderers,90,1,0,3,1.85,0.00637661,1,0,0,4,28,9,69,0.0,1,0,0.0,1,100,1,1,1,0,3,3,1,3,7,2,29.0,1,33.0,0,2,0,0,0.0,0.0,0,0,0,1.0,0,0,0,0.0,50,0.9949,2,0,93,2,0,0,,,,,,,7
682,25-26-prem-brentford-vs-wolverhampton-wanderers,0,0,0,0,0.0,0.0,0,0,0,0,0,0,0.0,0.0,0,0,0.0,0,0.0,0,0,0,0,0,0,0,0,0,0,0.0,0,0.0,0,0,0,0,0.0,0.0,0,0,0,0.0,0,0,0,0.0,0.0,0.0,0,0,93,2,0,0,,,,,,,0
129,25-26-prem-brentford-vs-wolverhampton-wanderers,22,0,0,0,0.0,0.0975996,0,0,0,0,13,5,63,1.0,0,1,100.0,0,0.0,0,2,3,0,0,0,1,1,2,0,0.0,1,100.0,0,0,0,0,0.0,0.0,0,0,0,1.0,0,0,0,0.0,0.0,0.0,0,68,93,1,0,0,,,,,,,4
121,25-26-prem-brentford-vs-wolverhampton-wanderers,71,0,0,1,0.06,0.18193,0,1,0,1,50,30,77.0,0.0,8,0,0.0,2,50.0,2,0,7,0,0,0,1,5,2,5,71.0,0,0.0,0,0,0,0,0.0,0.0,0,0,0,0.0,0,0,0,50,50,0.0,4,0,72,1,0,0,,,,,,,11
113,25-26-prem-brentford-vs-wolverhampton-wanderers,90,0,0,2,0.12,0.302999,0,0,0,4,68,51,94,1.0,2,0,0.0,2,67,1,2,3,0,4,3,0,8,0,2,100.0,6,100.0,1,1,0,0,0.0,0.0,0,0,0,0.0,0,0,0,0.0,100,0.0,1,0,93,2,0,0,,,,,,,7
107,25-26-prem-brentford-vs-wolverhampton-wanderers,90,0,1,1,0.08,0.23843,0,0,0,3,62,32,84,1.0,5,3,75.0,3,60,0,0,3,0,2,1,0,3,1,2,100,1,50.0,2,0,0,0,0.0,0.0,0,0,0,0.0,0,0,0,0.0,0.0,0.0,0,0,93,2,0,0,,,,,,,2
634,25-26-prem-brentford-vs-wolverhampton-wanderers,90,0,0,0,0.0,0.0387687,0,0,0,1,88,42,79.0,1.0,12,0,0.0,3,38.0,1,1,5,0,7,4,0,4,4,2,50,2,50.0,1,1,0,0,0.0,0.0,0,0,0,0.0,0,0,0,0.0,100,0.0,1,0,93,2,0,0,,,,,,,9
695,25-26-prem-brentford-vs-wolverhampton-wanderers,90,0,0,1,0.07,0.359568,1,0,0,3,46,25,89,3.0,4,1,14,0,0.0,0,2,2,0,2,0,0,1,7,1,25.0,0,0.0,1,2,0,0,0.0,0.0,0,0,0,0.0,0,0,0,0.0,0.0,0.1571,0,0,93,2,0,0,,,,,,,4
106,25-26-prem-brentford-vs-wolverhampton-wanderers,90,0,0,0,0.0,0.0100043,0,0,0,0,58,45,87,0.0,5,0,0.0,1,25,0,0,5,1,3,2,0,0,2,0,0.0,0,0.0,0,1,0,0,0.0,0.0,0,0,0,0.0,0,0,0,0.0,0.0,0.0,0,0,93,2,0,0,,,,,,,4
635,25-26-prem-brentford-vs-wolverhampton-wanderers,3,0,0,0,0.0,0.0184934,0,0,0,3,3,1,50.0,0.0,0,0,0.0,0,0.0,0,0,0,0,0,0,0,0,2,0,0.0,0,0.0,0,0,0,0,0.0,0.0,0,0,0,0.0,0,0,0,0.0,0.0,0.0,0,87,93,0,0,0,,,,,,,0
105,25-26-prem-brentford-vs-wolverhampton-wanderers,0,0,0,0,0.0,0.0,0,0,0,0,0,0,0.0,0.0,0,0,0.0,0,0.0,0,0,0,0,0,0,0,0,0,0,0.0,0,0.0,0,0,0,0,0.0,0.0,0,0,0,0.0,0,0,0,0.0,0.0,0.0,0,0,93,2,0,0,,,,,,,0
633,25-26-prem-brentford-vs-wolverhampton-wanderers,90,0,0,0,0.0,0.203868,0,2,0,3,61,21,72.0,2.0,3,5,45.0,1,33.0,0,1,4,0,0,0,0,3,7,3,38.0,0,0.0,1,1,0,0,0.0,0.0,0,0,0,2.0,0,0,0,50,0.0,0.0,0,0,93,2,0,0,,,,,,,1
124,25-26-prem-brentford-vs-wolverhampton-wanderers,90,0,0,0,0.0,0.160676,0,0,0,1,56,34,71,1.0,6,0,0.0,0,0.0,1,1,5,0,0,0,0,4,2,2,67.0,2,67,1,1,0,0,0.0,0.0,0,0,0,0.0,0,0,0,0.0,100,0.0,1,0,93,2,0,0,,,,,,,7
629,25-26-prem-brentford-vs-wolverhampton-wanderers,0,0,0,0,0.0,0.0,0,0,0,0,0,0,0.0,0.0,0,0,0.0,0,0.0,0,0,0,0,0,0,0,0,0,0,0.0,0,0.0,0,0,0,0,0.0,0.0,0,0,0,0.0,0,0,0,0.0,0.0,0.0,0,0,93,2,0,0,,,,,,,0
628,25-26-prem-brentford-vs-wolverhampton-wanderers,90,0,0,0,0.0,0.00300828,0,0,0,0,46,32,84,0.0,3,0,0.0,9,60,0,0,8,0,2,0,0,0,0,0,0.0,0,0.0,0,0,1,2,1.83,-0.17,3,32,10,0.0,1,0,0,0.0,0.0,0.0,0,0,93,2,0,0,,,,,,,0
108,25-26-prem-brentford-vs-wolverhampton-wanderers,18,0,0,0,0.0,0.00140527,0,0,0,0,19,7,58,0.0,3,0,0.0,0,0.0,0,0,1,0,3,2,0,3,1,0,0.0,3,100.0,0,1,0,0,0.0,0.0,0,0,0,0.0,0,0,0,0.0,0.0,0.0,0,72,93,1,0,0,,,,,,,3
130,25-26-prem-brentford-vs-wolverhampton-wanderers,0,0,0,0,0.0,0.0,0,0,0,0,0,0,0.0,0.0,0,0,0.0,0,0.0,0,0,0,0,0,0,0,0,0,0,0.0,0,0.0,0,0,0,0,0.0,0.0,0,0,0,0.0,0,0,0,0.0,0.0,0.0,0,0,93,2,0,0,,,,,,,0
632,25-26-prem-brentford-vs-wolverhampton-wanderers,0,0,0,0,0.0,0.0,0,0,0,0,0,0,0.0,0.0,0,0,0.0,0,0.0,0,0,0,0,0,0,0,0,0,0,0.0,0,0.0,0,0,0,0,0.0,0.0,0,0,0,0.0,0,0,0,0.0,0.0,0.0,0,0,93,2,0,0,,,,,,,0
709,25-26-prem-brentford-vs-wolverhampton-wanderers,90,0,0,2,0.0374,0.00291908,0,1,,,64,37,70,0,,0,0,5,36,0,0,1,,4,,,3,5,1,100,2,29,0,0,0,0,,,,,,0,,,,100,0,0.0,0,,,,0,0,,,,,,,
749,25-26-prem-brentford-vs-wolverhampton-wanderers,45,0,0,1,0.0257,0.045725,0,0,,,24,9,75,1,,1,25,1,33,0,0,1,,0,,,0,2,0,0,0,0,0,0,0,0,,,,,,1,,,,0,0,0.0,0,,,,0,0,,,,,,,
816,25-26-prem-brentford-vs-wolverhampton-wanderers,45,0,0,1,0.0567,0.0663837,0,0,,,22,18,100,0,,0,0,0,0,1,0,2,,0,,,2,3,2,50,0,0,1,2,0,0,,,,,,0,,,,0,100,0.0,1,,,,0,0,,,,,,,
817,25-26-prem-brentford-vs-wolverhampton-wanderers,86,1,0,3,0.4743,0.0445012,1,1,,,26,10,67,0,,0,0,0,0,0,0,1,,1,,,2,5,1,20,1,50,0,1,0,0,,,,,,0,,,,25,0,0.1536,0,,,,0,0,,,,,,,
422,25-26-prem-west-ham-united-vs-manchester-city,0,0,0,0,0.0,0.0,0,0,0,0,0,0,0.0,0.0,0,0,0.0,0,0.0,0,0,0,0,0,0,0,0,0,0,0.0,0,0.0,0,0,0,0,0.0,0.0,0,0,0,0.0,0,0,0,0.0,0.0,0.0,0,0,96,1,0,0,,,,,,,0
671,25-26-prem-west-ham-united-vs-manchester-city,0,0,0,0,0.0,0.0,0,0,0,0,0,0,0.0,0.0,0,0,0.0,0,0.0,0,0,0,0,0,0,0,0,0,0,0.0,0,0.0,0,0,0,0,0.0,0.0,0,0,0,0.0,0,0,0,0.0,0.0,0.0,0,0,96,1,0,0,,,,,,,0
600,25-26-prem-west-ham-united-vs-manchester-city,0,0,0,0,0.0,0.0,0,0,0,0,0,0,0.0,0.0,0,0,0.0,0,0.0,0,0,0,0,0,0,0,0,0,0,0.0,0,0.0,0,0,0,0,0.0,0.0,0,0,0,0.0,0,0,0,0.0,0.0,0.0,0,0,96,1,0,0,,,,,,,0
606,25-26-prem-west-ham-united-vs-manchester-city,90,1,0,1,0.54,0.00061616,1,0,0,1,45,16,84,0.0,3,0,0.0,2,50.0,2,4,2,4,10,5,0,5,2,3,100.0,2,50.0,0,0,0,0,0.0,0.0,0,0,0,0.0,0,0,0,0.0,67,0.9614,3,0,96,1,0,0,,,,,,,21
659,25-26-prem-west-ham-united-vs-manchester-city,0,0,0,0,0.0,0.0,0,0,0,0,0,0,0.0,0.0,0,0,0.0,0,0.0,0,0,0,0,0,0,0,0,0,0,0.0,0,0.0,0,0,0,0,0.0,0.0,0,0,0,0.0,0,0,0,0.0,0.0,0.0,0,0,96,1,0,0,,,,,,,0
414,25-26-prem-west-ham-united-vs-manchester-city,16,0,0,0,0.0,0.204826,0,0,0,1,17,11,92.0,0.0,2,1,100.0,1,100.0,0,0,0,0,0,0,0,1,1,1,50.0,0,0.0,0,0,0,0,0.0,0.0,0,0,0,0.0,0,0,0,0.0,0.0,0.0,1,75,96,0,0,0,,,,,,,1
413,25-26-prem-west-ham-united-vs-manchester-city,59,0,1,2,0.1,0.00857716,0,1,0,3,34,13,81.0,1.0,2,0,0.0,0,0.0,1,0,1,0,0,0,0,6,2,6,75.0,0,0.0,4,1,0,0,0.0,0.0,0,0,0,2.0,0,0,0,100,100,0.0,1,0,60,1,0,0,,,,,,,2
402,25-26-prem-west-ham-united-vs-manchester-city,59,0,0,1,0.05,0.0913399,0,4,0,3,89,55,89.0,1.0,6,1,50.0,0,0.0,3,1,7,0,1,1,0,11,3,7,70.0,4,100.0,0,0,0,0,0.0,0.0,0,0,0,1.0,0,0,0,67,100,0.0,3,0,60,1,0,0,,,,,,,5
418,25-26-prem-west-ham-united-vs-manchester-city,30,0,0,1,0.03,0.212776,0,1,0,1,25,13,93,2.0,0,2,67.0,0,0.0,0,0,0,0,0,0,0,3,3,3,50,0,0.0,2,0,0,0,0.0,0.0,0,0,0,0.0,0,0,0,25,0.0,0.0,0,60,96,0,0,0,,,,,,,0
609,25-26-prem-west-ham-united-vs-manchester-city,90,0,0,0,0.0,0.0156013,0,0,0,0,57,33,92.0,0.0,2,0,0.0,0,0.0,3,3,6,0,4,2,0,5,2,3,60.0,2,100.0,0,1,0,0,0.0,0.0,0,0,0,0.0,0,0,0,0.0,100,0.0,3,0,96,1,0,0,,,,,,,10
407,25-26-prem-west-ham-united-vs-manchester-city,90,0,0,2,0.09,0.0574842,1,0,0,3,98,72,95.0,0.0,11,1,25.0,2,67.0,0,0,2,0,3,1,0,3,2,2,50.0,1,100.0,2,0,0,0,0.0,0.0,0,0,0,1.0,0,0,0,0.0,0.0,0.4366,0,0,96,1,0,0,,,,,,,3
679,25-26-prem-west-ham-united-vs-manchester-city,90,0,0,0,0.0,0.0012508,0,0,0,0,50,25,69,0.0,5,0,0.0,5,31,0,0,10,0,0,0,0,0,0,0,0.0,0,0.0,0,0,5,1,1.86,0.86,1,24,4,0.0,2,4,0,0.0,0.0,0.0,0,0,96,1,0,0,,,,,,,0
417,25-26-prem-west-ham-united-vs-manchester-city,30,0,0,2,0.06,0.194324,1,0,0,2,33,20,91.0,2.0,5,1,25.0,0,0.0,1,0,1,0,0,0,0,2,1,2,67,0,0.0,1,0,0,0,0.0,0.0,0,0,0,1.0,0,0,0,0.0,100,0.3428,1,60,96,0,0,0,,,,,,,2
406,25-26-prem-west-ham-united-vs-manchester-city,90,0,0,1,0.14,0.0181509,0,2,0,2,104,78,92,1.0,4,0,0.0,2,33.0,0,2,6,0,6,2,0,5,3,2,67.0,3,60.0,0,0,0,0,0.0,0.0,0,0,0,1.0,0,0,0,100,0.0,0.0,0,0,96,1,0,0,,,,,,,8
718,25-26-prem-west-ham-united-vs-manchester-city,26,0,0,0,0.0,0.00039586,0,0,0,0,10,3,75.0,0.0,0,0,0.0,0,0.0,1,0,1,0,1,0,0,3,2,3,75,0,0.0,0,1,0,0,0.0,0.0,0,0,0,0.0,0,0,0,0.0,33,0.0,3,64,96,0,0,0,,,,,,,4
260,25-26-prem-west-ham-united-vs-manchester-city,90,0,0,3,0.38,0.0254965,0,0,0,3,105,78,95,2.0,16,0,0.0,3,43,0,5,7,0,3,2,1,8,5,2,40.0,6,75,2,0,0,0,0.0,0.0,0,0,0,2.0,0,0,0,0.0,0.0,0.0,0,0,96,1,0,0,,,,,,,8
405,25-26-prem-west-ham-united-vs-manchester-city,0,0,0,0,0.0,0.0,0,0,0,0,0,0,0.0,0.0,0,0,0.0,0,0.0,0,0,0,0,0,0,0,0,0,0,0.0,0,0.0,0,0,0,0,0.0,0.0,0,0,0,0.0,0,0,0,0.0,0.0,0.0,0,0,96,1,0,0,,,,,,,0
610,25-26-prem-west-ham-united-vs-manchester-city,90,0,0,0,0.0,0.00324803,0,1,0,1,57,17,65.0,0.0,7,0,0.0,1,33.0,1,0,5,0,3,2,0,4,8,4,44.0,0,0.0,0,3,0,0,0.0,0.0,0,0,0,2.0,0,0,0,100,33,0.0,3,0,96,1,0,0,,,,,,,6
416,25-26-prem-west-ham-united-vs-manchester-city,74,1,0,2,0.1,0.187274,1,0,0,3,91,75,94.0,3.0,6,2,40.0,3,100.0,0,0,1,0,0,0,1,0,3,0,0.0,0,0.0,0,1,0,0,0.0,0.0,0,0,0,1.0,0,0,0,0.0,0.0,0.0814,0,0,75,1,0,0,,,,,,,1
326,25-26-prem-west-ham-united-vs-manchester-city,15,0,0,0,0.0,0.0,0,0,0,0,3,0,0.0,0.0,0,0,0.0,0,0.0,0,0,0,0,1,0,0,0,1,0,0.0,0,0.0,0,0,0,0,0.0,0.0,0,0,0,0.0,0,0,0,0.0,0.0,0.0,0,75,96,0,0,0,,,,,,,1
82,25-26-prem-west-ham-united-vs-manchester-city,74,0,0,1,0.12,0.0243684,0,1,0,2,55,39,93,0.0,1,0,0.0,2,100.0,0,0,2,0,0,0,0,1,5,1,17.0,0,0.0,0,2,0,0,0.0,0.0,0,0,0,2.0,0,0,0,50,0.0,0.0,0,0,75,1,0,0,,,,,,,2
411,25-26-prem-west-ham-united-vs-manchester-city,90,0,0,4,0.62,0.0369521,1,2,0,7,91,57,86,1.0,9,0,0.0,1,50,0,2,2,0,0,0,2,3,6,2,29.0,1,50.0,0,1,0,0,0.0,0.0,0,0,0,0.0,0,0,0,50,0.0,0.361,0,0,96,1,0,0,,,,,,,2
708,25-26-prem-west-ham-united-vs-manchester-city,90,0,0,0,0.0,0.0104362,0,0,0,0,43,26,84.0,0.0,5,0,0.0,1,25.0,2,1,3,0,1,0,4,4,8,4,33,0,0.0,1,5,0,0,0.0,0.0,0,0,0,0.0,0,0,0,0.0,67,0.0,3,0,96,1,0,0,,,,,,,8
605,25-26-prem-west-ham-united-vs-manchester-city,0,0,0,0,0.0,0.0,0,0,0,0,0,0,0.0,0.0,0,0,0.0,0,0.0,0,0,0,0,0,0,0,0,0,0,0.0,0,0.0,0,0,0,0,0.0,0.0,0,0,0,0.0,0,0,0,0.0,0.0,0.0,0,0,96,1,0,0,,,,,,,0
603,25-26-prem-west-ham-united-vs-manchester-city,90,0,0,0,0.0,0.00099937,0,1,0,0,52,19,66,0.0,3,0,0.0,0,0,1,2,6,1,1,1,0,4,3,4,80.0,0,0.0,2,1,0,0,0.0,0.0,0,0,0,1.0,0,0,0,100,100,0.0,1,0,96,1,0,0,,,,,,,5
747,25-26-prem-west-ham-united-vs-manchester-city,0,0,0,0,0.0,0.0,0,0,0,0,0,0,0.0,0.0,0,0,0.0,0,0.0,0,0,0,0,0,0,0,0,0,0,0.0,0,0.0,0,0,0,0,0.0,0.0,0,0,0,0.0,0,0,0,0.0,0.0,0.0,0,0,96,1,0,0,,,,,,,0
421,25-26-prem-west-ham-united-vs-manchester-city,90,0,0,0,0.0,0.493885,0,0,0,2,150,116,87.0,3.0,19,0,0.0,4,40.0,1,1,9,0,3,1,1,3,5,2,33,1,50.0,1,0,0,0,0.0,0.0,0,0,0,0.0,0,0,0,0.0,100,0.0,1,0,96,1,0,0,,,,,,,15
624,25-26-prem-west-ham-united-vs-manchester-city,90,0,1,0,0.0,0.194752,0,1,0,1,42,9,39,1.0,1,1,100.0,0,0.0,2,0,4,1,2,2,2,5,10,5,45.0,0,0.0,1,1,0,0,0.0,0.0,0,0,0,2.0,0,0,0,50,67,0.0,3,0,96,1,0,0,,,,,,,10
182,25-26-prem-west-ham-united-vs-manchester-city,0,0,0,0,0.0,0.0,0,0,0,0,0,0,0.0,0.0,0,0,0.0,0,0.0,0,0,0,0,0,0,0,0,0,0,0.0,0,0.0,0,0,0,0,0.0,0.0,0,0,0,0.0,0,0,0,0.0,0.0,0.0,0,0,96,1,0,0,,,,,,,0
623,25-26-prem-west-ham-united-vs-manchester-city,0,0,0,0,0.0,0.0,0,0,0,0,0,0,0.0,0.0,0,0,0.0,0,0.0,0,0,0,0,0,0,0,0,0,0,0.0,0,0.0,0,0,0,0,0.0,0.0,0,0,0,0.0,0,0,0,0.0,0.0,0.0,0,0,96,1,0,0,,,,,,,0
785,25-26-prem-west-ham-united-vs-manchester-city,63,0,0,0,0.0,0.00341903,0,1,0,1,23,14,78.0,0.0,3,0,0.0,1,33.0,0,0,2,0,2,1,0,1,0,1,100.0,0,0.0,0,0,0,0,0.0,0.0,0,0,0,0.0,0,0,0,100,0.0,0.0,0,0,64,1,0,0,,,,,,,4
423,25-26-prem-west-ham-united-vs-manchester-city,0,0,0,0,0.0,0.0,0,0,0,0,0,0,0.0,0.0,0,0,0.0,0,0.0,0,0,0,0,0,0,0,0,0,0,0.0,0,0.0,0,0,0,0,0.0,0.0,0,0,0,0.0,0,0,0,0.0,0.0,0.0,0,0,96,1,0,0,,,,,,,0
427,25-26-prem-west-ham-united-vs-manchester-city,15,0,0,1,0.04,0.0413996,1,0,0,0,29,19,95.0,1.0,3,2,50.0,0,0.0,0,2,2,0,0,0,0,0,1,0,0.0,0,0.0,0,0,0,0,0.0,0.0,0,0,0,0.0,0,0,0,0.0,0.0,0.2408,0,75,96,0,0,0,,,,,,,4
430,25-26-prem-west-ham-united-vs-manchester-city,90,0,0,4,0.3,0.0478966,1,0,0,8,21,8,80.0,1.0,2,0,0.0,0,0.0,0,0,2,0,0,0,0,2,2,1,50.0,1,50.0,1,0,0,0,0.0,0.0,0,0,0,1.0,0,0,0,0.0,0.0,0.3961,0,0,96,1,0,0,,,,,,,2
736,25-26-prem-west-ham-united-vs-manchester-city,90,0,0,0,0.0,0.00011144,0,0,0,0,24,19,100,0.0,0,0,0.0,3,100,0,0,8,0,0,0,0,0,0,0,0.0,0,0.0,0,0,0,1,0.99,-0.01,1,20,3,0.0,0,0,0,0.0,0.0,0.0,0,0,96,1,0,0,,,,,,,0
613,25-26-prem-west-ham-united-vs-manchester-city,90,0,0,0,0.0,0.00154052,0,0,,,49,18,75,0,,0,0,1,50,3,2,2,,7,,,10,6,7,70,3,50,0,0,0,0,,,,,,0,,,,0,43,0.0,7,,,,0,0,,,,,,,
758,25-26-prem-west-ham-united-vs-manchester-city,1,0,0,0,0.0,0.0145361,0,0,,,2,1,50,0,,0,0,0,0,0,0,0,,0,,,0,0,0,0,0,0,0,0,0,0,,,,,,0,,,,0,0,0.0,0,,,,0,0,,,,,,,
791,25-26-prem-west-ham-united-vs-manchester-city,74,0,0,0,0.0,0.00897025,0,1,,,19,11,79,0,,0,0,0,0,0,0,1,,0,,,1,5,1,20,0,0,0,1,0,0,,,,,,0,,,,100,0,0.0,0,,,,0,0,,,,,,,
815,25-26-prem-west-ham-united-vs-manchester-city,90,0,0,0,0.0,0.00092063,0,0,,,41,33,85,0,,0,0,2,40,0,0,3,,2,,,0,1,0,0,0,0,0,1,0,0,,,,,,0,,,,0,0,0.0,0,,,,0,0,,,,,,,
329,25-26-prem-nottingham-forest-vs-fulham,90,0,0,2,0.15,0.204411,0,1,0,2,42,19,66,1.0,4,1,33.0,1,33,1,2,2,1,0,0,2,3,2,3,60.0,0,0.0,1,0,0,0,0.0,0.0,0,0,0,0.0,0,0,0,100,100,0.0,1,0,91,0,0,0,,,,,,,6
317,25-26-prem-nottingham-forest-vs-fulham,90,0,0,0,0.0,0.00848179,0,0,0,0,85,56,80,0.0,12,0,0.0,4,31,0,1,4,0,11,7,0,5,5,0,0.0,5,63,0,3,0,0,0.0,0.0,0,0,0,0.0,0,0,0,0.0,0.0,0.0,0,0,91,0,0,0,,,,,,,12
517,25-26-prem-nottingham-forest-vs-fulham,87,0,0,1,0.07,0.0843481,0,1,0,2,75,47,89.0,3.0,6,1,25.0,3,75.0,0,1,7,0,0,0,0,5,5,3,38,2,100.0,2,1,0,0,0.0,0.0,0,0,0,1.0,0,0,0,25,0.0,0.0,0,0,88,0,0,0,,,,,,,8
426,25-26-prem-nottingham-forest-vs-fulham,2,0,0,0,0.0,0.00519342,0,1,0,1,10,3,75.0,0.0,0,0,0.0,0,0.0,0,1,1,0,0,0,0,1,3,1,33.0,0,0.0,0,1,0,0,0.0,0.0,0,0,0,1.0,0,0,0,100,0.0,0.0,0,88,91,0,0,0,,,,,,,2
424,25-26-prem-nottingham-forest-vs-fulham,61,0,0,0,0.0,0.00390608,0,1,0,2,22,8,67.0,0.0,1,0,0.0,0,0.0,0,0,1,0,0,0,0,2,3,2,40.0,0,0.0,0,1,0,0,0.0,0.0,0,0,0,3.0,0,0,0,100,0.0,0.0,1,0,62,0,0,0,,,,,,,2
693,25-26-prem-nottingham-forest-vs-fulham,45,0,0,0,0.0,0.0207173,0,2,0,4,30,7,64.0,1.0,2,1,20.0,1,100.0,1,0,3,0,0,0,1,5,3,5,63,0,0.0,2,0,0,0,0.0,0.0,0,0,0,0.0,0,0,0,50,100,0.0,1,46,91,0,0,0,,,,,,,4
336,25-26-prem-nottingham-forest-vs-fulham,0,0,0,0,0.0,0.0,0,0,0,0,0,0,0.0,0.0,0,0,0.0,0,0.0,0,0,0,0,0,0,0,0,0,0,0.0,0,0.0,0,0,0,0,0.0,0.0,0,0,0,0.0,0,0,0,0.0,0.0,0.0,0,0,91,0,0,0,,,,,,,0
335,25-26-prem-nottingham-forest-vs-fulham,62,0,0,1,0.39,0.00382305,0,2,0,1,31,11,69.0,0.0,4,0,0.0,0,0.0,2,0,3,2,0,0,1,7,4,7,78.0,0,0.0,2,0,0,0,0.0,0.0,0,0,0,1.0,0,0,0,100,67,0.0,3,0,63,0,0,0,,,,,,,8
338,25-26-prem-nottingham-forest-vs-fulham,28,0,0,1,0.06,0.0150299,0,1,0,3,12,3,60.0,0.0,2,0,0.0,0,0.0,0,0,0,0,1,1,0,4,2,1,100.0,3,60.0,0,0,0,0,0.0,0.0,0,0,0,0.0,0,0,0,100,0.0,0.0,0,62,91,0,0,0,,,,,,,1
332,25-26-prem-nottingham-forest-vs-fulham,27,0,0,1,0.08,0.00393325,0,0,0,1,22,13,76.0,0.0,1,0,0.0,1,100.0,2,0,1,0,0,0,1,3,2,2,67.0,1,50.0,0,0,0,0,0.0,0.0,0,0,0,0.0,0,0,0,0.0,100,0.0,2,63,91,0,0,0,,,,,,,3
507,25-26-prem-nottingham-forest-vs-fulham,90,0,0,1,0.08,0.00658257,0,0,0,0,80,38,86.0,0.0,4,0,0.0,2,50.0,4,1,3,1,10,5,2,7,5,4,44.0,3,100.0,0,1,0,0,0.0,0.0,0,0,0,1.0,0,0,0,0.0,100,0.0,4,0,91,0,0,0,,,,,,,16
727,25-26-prem-nottingham-forest-vs-fulham,28,0,0,0,0.0,0.0116623,0,0,0,1,16,6,43.0,0.0,0,0,0.0,2,100.0,0,0,4,1,0,0,1,0,3,0,0.0,0,0.0,0,0,0,0,0.0,0.0,0,0,0,0.0,0,0,0,0.0,0.0,0.0,0,62,91,0,0,0,,,,,,,5
316,25-26-prem-nottingham-forest-vs-fulham,90,0,0,0,0.0,0.0172357,0,0,0,0,69,27,73.0,1.0,5,0,0.0,0,0.0,0,3,7,0,5,4,1,2,2,1,33,1,100.0,0,1,0,0,0.0,0.0,0,0,0,0.0,0,0,0,0.0,0.0,0.0,1,0,91,0,0,0,,,,,,,9
324,25-26-prem-nottingham-forest-vs-fulham,90,0,0,0,0.0,0.016168,0,1,0,3,60,39,83.0,1.0,4,0,0,2,67.0,0,0,4,0,2,1,0,2,2,1,33.0,1,100.0,0,0,0,0,0.0,0.0,0,0,0,2.0,0,0,0,100,0.0,0.0,0,0,91,0,0,0,,,,,,,6
669,25-26-prem-nottingham-forest-vs-fulham,45,0,0,0,0.0,0.00287186,0,0,0,1,10,3,75.0,0.0,3,0,0.0,1,50.0,0,0,0,0,0,0,0,2,2,2,100.0,0,0.0,2,0,0,0,0.0,0.0,0,0,0,0.0,0,0,0,0.0,0.0,0.0,0,46,91,0,0,0,,,,,,,0
511,25-26-prem-nottingham-forest-vs-fulham,0,0,0,0,0.0,0.0,0,0,0,0,0,0,0.0,0.0,0,0,0.0,0,0.0,0,0,0,0,0,0,0,0,0,0,0.0,0,0.0,0,0,0,0,0.0,0.0,0,0,0,0.0,0,0,0,0.0,0.0,0.0,0,0,91,0,0,0,,,,,,,0
734,25-26-prem-nottingham-forest-vs-fulham,0,0,0,0,0.0,0.0,0,0,0,0,0,0,0.0,0.0,0,0,0.0,0,0.0,0,0,0,0,0,0,0,0,0,0,0.0,0,0.0,0,0,0,0,0.0,0.0,0,0,0,0.0,0,0,0,0.0,0.0,0.0,0,0,91,0,0,0,,,,,,,0
502,25-26-prem-nottingham-forest-vs-fulham,90,0,0,0,0.0,0.00255791,0,0,0,0,25,14,67,0.0,4,0,0.0,4,36,0,0,8,0,0,0,0,0,0,0,0,0,0.0,1,0,1,0,0.29,0.29,2,14,4,0.0,0,1,0,0.0,0.0,0.0,0,0,91,0,0,0,,,,,,,0
331,25-26-prem-nottingham-forest-vs-fulham,12,0,0,0,0.0,0.0096191,0,0,0,0,17,15,100.0,0.0,4,0,0.0,3,100.0,0,0,1,0,0,0,0,1,0,1,100.0,0,0.0,1,0,0,0,0.0,0.0,0,0,0,0.0,0,0,0,0.0,0.0,0.0,0,78,91,0,0,0,,,,,,,1
505,25-26-prem-nottingham-forest-vs-fulham,90,0,0,0,0.0,0.00306021,0,0,0,2,54,41,85.0,0.0,4,0,0.0,4,50.0,0,0,1,0,4,3,0,2,1,0,0.0,2,67,0,0,0,0,0.0,0.0,0,0,0,0.0,0,0,0,0.0,0.0,0.0,0,0,91,0,0,0,,,,,,,4
527,25-26-prem-nottingham-forest-vs-fulham,27,0,0,2,0.54,0.00021051,0,0,0,2,11,2,67.0,0.0,1,0,0.0,0,0.0,0,0,1,0,0,0,1,1,6,0,0.0,1,25.0,0,2,0,0,0.0,0.0,0,0,0,1.0,0,0,0,0.0,0.0,0.0,0,63,91,0,0,0,,,,,,,1
664,25-26-prem-nottingham-forest-vs-fulham,0,0,0,0,0.0,0.0,0,0,0,0,0,0,0.0,0.0,0,0,0.0,0,0.0,0,0,0,0,0,0,0,0,0,0,0.0,0,0.0,0,0,0,0,0.0,0.0,0,0,0,0.0,0,0,0,0.0,0.0,0.0,0,0,91,0,0,0,,,,,,,0
319,25-26-prem-nottingham-forest-vs-fulham,0,0,0,0,0.0,0.0,0,0,0,0,0,0,0.0,0.0,0,0,0.0,0,0.0,0,0,0,0,0,0,0,0,0,0,0.0,0,0.0,0,0,0,0,0.0,0.0,0,0,0,0.0,0,0,0,0.0,0.0,0.0,0,0,91,0,0,0,,,,,,,0
322,25-26-prem-nottingham-forest-vs-fulham,90,0,0,0,0.0,0.0348046,0,0,0,0,66,41,87,0.0,7,1,100.0,3,43.0,2,3,4,1,2,2,1,3,6,2,29.0,1,50.0,0,4,0,0,0.0,0.0,0,0,0,0.0,0,0,0,0.0,100,0.0,2,0,91,0,0,0,,,,,,,8
320,25-26-prem-nottingham-forest-vs-fulham,0,0,0,0,0.0,0.0,0,0,0,0,0,0,0.0,0.0,0,0,0.0,0,0.0,0,0,0,0,0,0,0,0,0,0,0.0,0,0.0,0,0,0,0,0.0,0.0,0,0,0,0.0,0,0,0,0.0,0.0,0.0,0,0,91,0,0,0,,,,,,,0
314,25-26-prem-nottingham-forest-vs-fulham,90,0,0,0,0.0,0.00289197,0,0,0,0,52,40,83,0.0,3,0,0.0,6,43,0,0,9,0,0,0,0,0,0,0,0.0,0,0.0,0,0,2,0,0.44,0.44,2,39,5,0.0,0,0,0,0.0,0.0,0.0,0,0,91,0,0,0,,,,,,,0
337,25-26-prem-nottingham-forest-vs-fulham,61,0,0,0,0.0,0.00430812,0,0,0,1,19,8,80,0.0,2,0,0.0,0,0.0,0,0,1,0,0,0,1,2,2,2,50.0,0,0.0,0,0,0,0,0.0,0.0,0,0,0,0.0,0,0,0,0.0,0.0,0.0,2,0,62,0,0,0,,,,,,,3
515,25-26-prem-nottingham-forest-vs-fulham,73,0,0,1,0.07,0.0095889,1,2,0,2,45,28,78.0,0.0,4,0,0.0,4,67.0,0,0,5,0,0,0,2,4,4,4,57.0,0,0.0,2,0,0,0,0.0,0.0,0,0,0,0.0,0,0,0,67,0.0,0.069,0,0,74,0,0,0,,,,,,,5
675,25-26-prem-nottingham-forest-vs-fulham,0,0,0,0,0.0,0.0,0,0,0,0,0,0,0.0,0.0,0,0,0.0,0,0.0,0,0,0,0,0,0,0,0,0,0,0.0,0,0.0,0,0,0,0,0.0,0.0,0,0,0,0.0,0,0,0,0.0,0.0,0.0,0,0,91,0,0,0,,,,,,,0
330,25-26-prem-nottingham-forest-vs-fulham,77,0,0,0,0.0,0.0159092,0,0,0,0,44,34,85.0,0.0,5,0,0.0,3,75.0,1,0,0,0,0,0,1,2,5,1,20.0,1,50.0,0,2,0,0,0.0,0.0,0,0,0,1.0,0,0,0,0.0,100,0.0,1,0,78,0,0,0,,,,,,,1
328,25-26-prem-nottingham-forest-vs-fulham,1,0,0,0,0.0,0.00088225,0,1,0,0,5,2,67.0,0.0,0,0,0.0,0,0.0,0,1,1,0,0,0,0,1,0,1,100.0,0,0.0,0,0,0,0,0.0,0.0,0,0,0,0.0,0,0,0,100,0.0,0.0,0,91,91,0,0,0,,,,,,,2
521,25-26-prem-nottingham-forest-vs-fulham,90,0,0,0,0.0,0.241349,0,1,0,1,48,34,89,1.0,7,0,0.0,2,50,0,2,6,0,1,1,0,2,1,1,50.0,1,100.0,0,1,0,0,0.0,0.0,0,0,0,0.0,0,0,0,100,0.0,0.0,0,0,91,0,0,0,,,,,,,9
519,25-26-prem-nottingham-forest-vs-fulham,45,0,0,1,0.06,0.00252921,1,0,0,0,23,12,75.0,0.0,2,0,0.0,1,100.0,2,0,2,0,1,0,0,3,0,3,100.0,0,0.0,0,0,0,0,0.0,0.0,0,0,0,0.0,0,0,0,0.0,67,0.3723,3,0,46,0,0,0,,,,,,,6
516,25-26-prem-nottingham-forest-vs-fulham,45,0,0,0,0.0,0.00638282,0,0,0,0,19,11,73.0,0.0,2,0,0.0,1,33.0,0,1,1,0,0,0,0,0,1,0,0.0,0,0.0,0,0,0,0,0.0,0.0,0,0,0,1.0,0,0,0,0.0,0.0,0.0,0,0,46,0,0,0,,,,,,,2
508,25-26-prem-nottingham-forest-vs-fulham,90,0,0,2,0.06,0.0338374,0,2,0,1,58,23,77.0,2.0,7,1,33.0,2,33.0,0,0,7,0,2,2,1,2,4,2,33.0,0,0.0,0,1,0,0,0.0,0.0,0,0,0,0.0,0,0,0,50,0.0,0.0,0,0,91,0,0,0,,,,,,,2
522,25-26-prem-nottingham-forest-vs-fulham,16,0,0,1,0.01,0.00009116,0,0,0,1,11,3,38.0,0.0,0,0,0.0,0,0.0,0,0,1,0,1,1,0,2,2,0,0.0,2,67.0,0,1,0,0,0.0,0.0,0,0,0,0.0,0,0,0,0.0,0.0,0.0,0,74,91,0,0,0,,,,,,,2
506,25-26-prem-nottingham-forest-vs-fulham,90,0,0,1,0.02,0.0114785,0,0,0,0,67,45,85,1.0,4,0,0.0,3,100,0,1,4,0,3,1,1,0,3,0,0.0,0,0.0,0,0,0,0,0.0,0.0,0,0,0,0.0,0,0,0,0.0,0.0,0.0,0,0,91,0,0,0,,,,,,,4
318,25-26-prem-nottingham-forest-vs-fulham,90,0,0,1,0.35,0.00914673,1,0,0,1,77,56,89.0,0.0,6,0,0.0,2,40.0,2,0,6,0,1,1,1,7,1,7,100,0,0.0,4,0,0,0,0.0,0.0,0,0,0,0.0,0,0,0,0.0,67,0.288,3,0,91,0,0,0,,,,,,,4
526,25-26-prem-nottingham-forest-vs-fulham,62,0,0,1,0.03,0.00275461,0,0,0,1,21,9,64,1.0,3,0,0.0,0,0.0,0,0,4,1,0,0,0,3,4,1,33.0,2,50.0,1,0,0,0,0.0,0.0,0,0,0,1.0,0,0,0,0.0,0.0,0.0,0,0,63,0,0,0,,,,,,,5
667,25-26-prem-arsenal-vs-everton,0,0,0,0,0.0,0.0,0,0,0,0,0,0,0.0,0.0,0,0,0.0,0,0.0,0,0,0,0,0,0,0,0,0,0,0.0,0,0.0,0,0,0,0,0.0,0.0,0,0,0,0.0,0,0,0,0.0,0.0,0.0,0,0,97,2,0,0,,,,,,,0
1,25-26-prem-arsenal-vs-everton,90,0,0,0,0.0,0.00039038,0,0,0,0,31,17,71,0.0,5,0,0.0,2,22,0,0,6,0,3,0,0,0,0,0,0.0,0,0.0,0,0,3,0,0.43,0.43,0,17,2,0.0,0,1,0,0.0,0.0,0.0,0,0,97,0,0,0,,,,,,,0
31,25-26-prem-arsenal-vs-everton,0,0,0,0,0.0,0.0,0,0,0,0,0,0,0.0,0.0,0,0,0.0,0,0.0,0,0,0,0,0,0,0,0,0,0,0.0,0,0.0,0,0,0,0,0.0,0.0,0,0,0,0.0,0,0,0,0.0,0.0,0.0,0,0,97,0,0,0,,,,,,,0
294,25-26-prem-arsenal-vs-everton,0,0,0,0,0.0,0.0,0,0,0,0,0,0,0.0,0.0,0,0,0.0,0,0.0,0,0,0,0,0,0,0,0,0,0,0.0,0,0.0,0,0,0,0,0.0,0.0,0,0,0,0.0,0,0,0,0.0,0.0,0.0,0,0,97,2,0,0,,,,,,,0
302,25-26-prem-arsenal-vs-everton,90,0,0,2,0.03,0.00488326,1,0,0,1,55,35,90.0,0.0,5,1,100.0,0,0.0,0,2,6,2,3,2,1,4,3,3,50.0,1,100.0,2,2,0,0,0.0,0.0,0,0,0,0.0,0,0,0,0.0,0.0,0.0387,1,0,95,1,0,0,,,,,,,14
6,25-26-prem-arsenal-vs-everton,90,0,0,0,0.0,0.0877375,0,0,0,1,127,104,95.0,2.0,13,0,0.0,1,100.0,3,1,7,0,8,6,1,11,5,5,71,6,67.0,1,1,0,0,0.0,0.0,0,0,0,0.0,0,0,0,0.0,75,0.0,4,0,97,0,0,0,,,,,,,12
287,25-26-prem-arsenal-vs-everton,90,0,0,0,0.0,0.00271397,0,0,0,0,49,22,54,0.0,16,0,0.0,10,34,0,0,7,0,0,0,0,0,0,0,0.0,0,0.0,0,0,4,2,2.24,0.24,0,22,9,0.0,0,2,0,0.0,0.0,0.0,0,0,97,2,0,0,,,,,,,0
2,25-26-prem-arsenal-vs-everton,0,0,0,0,0.0,0.0,0,0,0,0,0,0,0.0,0.0,0,0,0.0,0,0.0,0,0,0,0,0,0,0,0,0,0,0.0,0,0.0,0,0,0,0,0.0,0.0,0,0,0,0.0,0,0,0,0.0,0.0,0.0,0,0,97,0,0,0,,,,,,,0
8,25-26-prem-arsenal-vs-everton,37,0,0,0,0.0,0.00990627,0,0,0,1,22,11,92,0.0,3,0,0.0,0,0.0,1,0,1,0,2,1,0,2,4,2,40.0,0,0.0,0,0,0,0,0.0,0.0,0,0,0,2.0,0,0,0,0.0,50,0.0,2,0,38,0,0,0,,,,,,,4
303,25-26-prem-arsenal-vs-everton,90,0,0,0,0.0,0.0105524,0,0,0,0,49,21,81,1.0,4,0,0.0,1,50.0,1,3,3,0,5,2,0,4,0,2,100.0,2,100.0,1,0,0,0,0.0,0.0,0,0,0,0.0,0,0,0,0.0,100,0.0,1,0,97,2,0,0,,,,,,,12
728,25-26-prem-arsenal-vs-everton,4,0,0,0,0.0,0.0361256,0,0,0,0,6,2,67.0,0.0,1,0,0.0,0,0.0,0,0,1,0,0,0,0,3,1,3,100.0,0,0.0,1,0,0,0,0.0,0.0,0,0,0,0.0,0,0,0,0.0,0.0,0.0,2,86,97,2,0,0,,,,,,,3
707,25-26-prem-arsenal-vs-everton,0,0,0,0,0.0,0.0,0,0,0,0,0,0,0.0,0.0,0,0,0.0,0,0.0,0,0,0,0,0,0,0,0,0,0,0.0,0,0.0,0,0,0,0,0.0,0.0,0,0,0,0.0,0,0,0,0.0,0.0,0.0,0,0,97,2,0,0,,,,,,,0
30,25-26-prem-arsenal-vs-everton,60,0,0,0,0.0,0.0285545,0,0,0,2,26,17,81.0,1.0,0,0,0.0,0,0.0,0,0,0,0,0,0,0,1,3,1,50.0,0,0.0,1,0,0,0,0.0,0.0,0,0,0,1.0,0,0,0,0.0,0.0,0.0,0,0,61,0,0,0,,,,,,,0
11,25-26-prem-arsenal-vs-everton,0,0,0,0,0.0,0.0,0,0,0,0,0,0,0.0,0.0,0,0,0.0,0,0.0,0,0,0,0,0,0,0,0,0,0,0.0,0,0.0,0,0,0,0,0.0,0.0,0,0,0,0.0,0,0,0,0.0,0.0,0.0,0,0,97,0,0,0,,,,,,,0
5,25-26-prem-arsenal-vs-everton,90,0,0,1,0.03,0.0612587,0,0,0,1,80,54,84.0,0.0,11,0,0.0,5,45,1,0,2,0,9,7,0,9,1,4,100.0,5,83,3,0,0,0,0.0,0.0,0,0,0,0.0,0,0,0,0.0,100,0.0,1,0,97,0,0,0,,,,,,,10
304,25-26-prem-arsenal-vs-everton,85,0,0,0,0.0,0.0140822,0,0,0,0,34,15,75,1.0,1,0,0.0,0,0.0,4,2,3,1,0,0,0,8,4,7,70.0,1,50,2,1,0,0,0.0,0.0,0,0,0,2.0,0,0,0,0.0,80,0.0,5,0,86,0,0,0,,,,,,,11
266,25-26-prem-arsenal-vs-everton,90,0,0,7,0.15,0.093847,1,1,0,3,57,32,80.0,1.0,6,1,100.0,3,50.0,1,0,3,0,1,0,0,4,6,4,50.0,0,0.0,2,2,0,0,0.0,0.0,0,0,0,0.0,0,0,0,33,100,0.0606,1,0,97,0,0,0,,,,,,,5
300,25-26-prem-arsenal-vs-everton,85,0,0,3,0.34,0.00729899,0,0,0,2,35,15,88.0,1.0,1,1,100.0,0,0.0,0,1,2,0,2,0,0,3,1,3,100.0,0,0.0,1,0,0,0,0.0,0.0,0,0,0,0.0,0,0,0,0.0,0.0,0.0,2,0,86,0,0,0,,,,,,,7
18,25-26-prem-arsenal-vs-everton,60,0,0,2,0.07,0.0764228,1,2,0,5,32,17,81.0,2.0,0,0,0.0,0,0.0,1,0,2,0,0,0,0,3,2,3,60.0,0,0.0,0,0,0,0,0.0,0.0,0,0,0,0.0,0,0,0,50,100,0.0637,1,0,61,0,0,0,,,,,,,3
243,25-26-prem-arsenal-vs-everton,1,0,0,0,0.0,0.0,0,0,0,0,1,0,0.0,0.0,0,0,0.0,0,0.0,0,0,0,0,0,0,0,0,0,0,0.0,0,0.0,0,0,0,0,0.0,0.0,0,0,0,0.0,0,0,0,0.0,0.0,0.0,0,95,97,1,0,0,,,,,,,0
305,25-26-prem-arsenal-vs-everton,4,0,0,0,0.0,0.00408975,0,0,0,0,2,1,100.0,0.0,0,0,0.0,0,0.0,0,0,0,0,0,0,0,0,0,0,0.0,0,0.0,0,0,0,0,0.0,0.0,0,0,0,0.0,0,0,0,0.0,0.0,0.0,0,86,97,2,0,0,,,,,,,0
666,25-26-prem-arsenal-vs-everton,29,1,0,1,1.0,0.00271697,1,0,0,1,12,2,33.0,0.0,0,0,0.0,0,0.0,0,0,0,1,1,1,0,2,2,1,100.0,1,33.0,1,0,0,0,0.0,0.0,0,0,0,0.0,0,0,0,0.0,0.0,0.9949,0,61,97,0,0,0,,,,,,,2
288,25-26-prem-arsenal-vs-everton,0,0,0,0,0.0,0.0,0,0,0,0,0,0,0.0,0.0,0,0,0.0,0,0.0,0,0,0,0,0,0,0,0,0,0,0.0,0,0.0,0,0,0,0,0.0,0.0,0,0,0,0.0,0,0,0,0.0,0.0,0.0,0,0,97,2,0,0,,,,,,,0
700,25-26-prem-arsenal-vs-everton,16,1,0,2,0.97,0.0214528,1,2,0,2,28,12,92.0,2.0,0,0,0.0,0,0.0,0,0,4,0,0,0,1,4,4,4,50.0,0,0.0,2,0,0,0,0.0,0.0,0,0,0,1.0,0,0,0,50,0.0,0.9949,0,74,97,0,0,0,,,,,,,4
242,25-26-prem-arsenal-vs-everton,90,0,0,1,0.08,0.0115863,1,1,0,3,40,20,74,0.0,5,0,0.0,1,50.0,0,0,2,1,0,0,1,2,5,2,33.0,0,0.0,1,0,0,0,0.0,0.0,0,0,0,2.0,0,0,0,33,0.0,0.0805,0,0,97,2,0,0,,,,,,,3
299,25-26-prem-arsenal-vs-everton,90,0,0,1,0.45,0.0227573,0,1,0,1,49,24,83.0,1.0,2,0,0.0,0,0.0,1,0,6,1,0,0,0,7,7,4,40.0,3,75.0,2,2,0,0,0.0,0.0,0,0,0,3.0,0,0,0,50,100,0.0,1,0,97,2,0,0,,,,,,,8
19,25-26-prem-arsenal-vs-everton,29,0,1,1,0.04,0.0938447,1,0,0,2,15,2,40.0,1.0,0,1,25.0,0,0.0,0,0,1,0,1,1,0,0,3,0,0.0,0,0.0,0,1,0,0,0.0,0.0,0,0,0,1.0,0,0,0,0.0,0.0,0.06,0,61,97,0,0,0,,,,,,,2
7,25-26-prem-arsenal-vs-everton,73,0,0,4,0.15,0.0861508,1,0,0,4,56,42,93.0,1.0,4,0,0.0,1,33.0,0,0,6,1,1,0,1,4,1,0,0.0,4,100.0,0,0,0,0,0.0,0.0,0,0,0,0.0,0,0,0,0.0,0.0,0.0,0,0,74,0,0,0,,,,,,,2
296,25-26-prem-arsenal-vs-everton,0,0,0,0,0.0,0.0,0,0,0,0,0,0,0.0,0.0,0,0,0.0,0,0.0,0,0,0,0,0,0,0,0,0,0,0.0,0,0.0,0,0,0,0,0.0,0.0,0,0,0,0.0,0,0,0,0.0,0.0,0.0,0,0,97,2,0,0,,,,,,,0
292,25-26-prem-arsenal-vs-everton,90,0,0,0,0.0,0.0068712,0,0,0,0,67,26,65,0.0,7,0,0.0,0,0.0,2,3,2,0,2,1,5,4,10,3,25.0,1,50.0,1,2,0,0,0.0,0.0,0,0,0,0.0,0,0,0,0.0,100,0.0,2,0,97,2,0,0,,,,,,,7
310,25-26-prem-arsenal-vs-everton,21,0,0,0,0.0,0.00000466,0,0,0,1,10,1,33,0.0,1,0,0.0,0,0.0,0,0,0,0,0,0,0,2,9,0,0.0,2,29.0,0,1,0,0,0.0,0.0,0,0,0,1.0,0,0,0,0.0,0.0,0.0,0,69,97,2,0,0,,,,,,,0
295,25-26-prem-arsenal-vs-everton,90,0,0,1,0.06,0.00785134,0,1,0,4,51,25,86,0.0,2,0,0.0,3,50.0,0,5,1,4,6,4,0,4,5,2,40.0,2,50.0,0,2,0,0,0.0,0.0,0,0,0,1.0,0,0,0,100,0.0,0.0,1,0,97,2,0,0,,,,,,,16
21,25-26-prem-arsenal-vs-everton,90,0,0,1,0.06,0.135602,0,0,0,3,93,72,91.0,3.0,8,1,20.0,2,67.0,1,0,4,0,1,0,1,3,4,2,40.0,1,50.0,0,2,0,0,0.0,0.0,0,0,0,0.0,0,0,0,0.0,50,0.0,2,0,97,0,0,0,,,,,,,7
16,25-26-prem-arsenal-vs-everton,90,0,0,4,0.15,0.0947472,1,1,0,7,69,34,79.0,2.0,1,1,20.0,1,50.0,1,1,4,0,1,0,0,4,6,4,44.0,0,0.0,2,2,0,0,0.0,0.0,0,0,0,1.0,0,0,0,33,100,0.0636,1,0,97,0,0,0,,,,,,,7
293,25-26-prem-arsenal-vs-everton,90,0,0,0,0.0,0.00342082,0,0,0,1,48,25,78,0.0,3,0,0.0,0,0.0,0,0,5,0,12,5,0,2,2,0,0.0,2,67.0,0,0,0,0,0.0,0.0,0,0,0,1.0,0,0,0,0.0,0.0,0.0,0,0,97,2,0,0,,,,,,,12
725,25-26-prem-arsenal-vs-everton,16,0,1,0,0.0,0.0363799,0,0,0,2,10,5,100.0,1.0,1,0,0.0,0,0.0,1,0,0,1,0,0,0,1,0,1,100.0,0,0.0,0,0,0,0,0.0,0.0,0,0,0,0.0,0,0,0,0.0,100,0.0,1,74,97,0,0,0,,,,,,,2
662,25-26-prem-arsenal-vs-everton,52,0,0,0,0.0,0.025813,0,0,0,1,48,30,91.0,1.0,4,0,0.0,0,0.0,2,1,1,0,1,1,0,5,5,3,50.0,2,50,0,3,0,0,0.0,0.0,0,0,0,0.0,0,0,0,0.0,67,0.0,3,38,97,0,0,0,,,,,,,5
10,25-26-prem-arsenal-vs-everton,0,0,0,0,0.0,0.0,0,0,0,0,0,0,0.0,0.0,0,0,0.0,0,0.0,0,0,0,0,0,0,0,0,0,0,0.0,0,0.0,0,0,0,0,0.0,0.0,0,0,0,0.0,0,0,0,0.0,0.0,0.0,0,0,97,0,0,0,,,,,,,0
311,25-26-prem-arsenal-vs-everton,68,0,0,1,0.11,0.00023845,1,1,0,2,25,4,40,0.0,0,0,0.0,0,0.0,0,0,1,0,3,3,0,4,10,1,25,3,30.0,0,2,0,0,0.0,0.0,0,0,0,1.0,0,0,0,100,0.0,0.2243,0,0,69,0,0,0,,,,,,,4
146,25-26-prem-sunderland-vs-brighton-hove-albion,90,0,0,1,0.05,0.0357515,0,0,0,2,79,56,90.0,1.0,6,0,0.0,2,40,2,1,3,1,9,6,0,6,0,2,100.0,4,100.0,0,0,0,0,0.0,0.0,0,0,0,0.0,0,0,0,0.0,100,0.0,2,0,95,0,0,0,,,,,,,13
170,25-26-prem-sunderland-vs-brighton-hove-albion,90,0,0,0,0.0,0.0250978,0,1,0,0,71,54,86.0,0.0,5,0,0.0,0,0.0,1,0,6,0,2,0,0,4,0,4,100.0,0,0.0,1,0,0,0,0.0,0.0,0,0,0,0.0,0,0,0,100,50,0.0,2,0,95,0,0,0,,,,,,,10
138,25-26-prem-sunderland-vs-brighton-hove-albion,0,0,0,0,0.0,0.0,0,0,0,0,0,0,0.0,0.0,0,0,0.0,0,0.0,0,0,0,0,0,0,0,0,0,0,0.0,0,0.0,0,0,0,0,0.0,0.0,0,0,0,0.0,0,0,0,0.0,0.0,0.0,0,0,95,0,0,0,,,,,,,0
148,25-26-prem-sunderland-vs-brighton-hove-albion,90,0,0,1,0.13,0.0248761,0,0,0,2,54,26,79,0.0,2,0,0.0,3,50,3,1,3,0,6,1,0,7,2,6,75.0,1,100.0,2,1,0,0,0.0,0.0,0,0,0,0.0,0,0,0,0.0,75,0.0,4,0,95,0,0,0,,,,,,,11
164,25-26-prem-sunderland-vs-brighton-hove-albion,1,0,0,0,0.0,0.0,0,0,0,0,0,0,0.0,0.0,0,0,0.0,0,0.0,0,0,0,0,0,0,0,0,1,0,0.0,0,0.0,0,1,0,0,0.0,0.0,0,0,0,0.0,0,0,0,0.0,0.0,0.0,0,95,95,0,0,0,,,,,,,0
724,25-26-prem-sunderland-vs-brighton-hove-albion,90,0,0,1,0.06,0.0134427,1,0,0,1,53,31,86,0.0,3,0,0.0,3,75,0,0,6,0,3,1,1,0,3,0,0.0,0,0.0,0,0,0,0,0.0,0.0,0,0,0,0.0,0,0,0,0.0,0.0,0.1514,0,0,95,1,0,0,,,,,,,3
560,25-26-prem-sunderland-vs-brighton-hove-albion,0,0,0,0,0.0,0.0,0,0,0,0,0,0,0.0,0.0,0,0,0.0,0,0.0,0,0,0,0,0,0,0,0,0,0,0.0,0,0.0,0,0,0,0,0.0,0.0,0,0,0,0.0,0,0,0,0.0,0.0,0.0,0,0,95,1,0,0,,,,,,,0
173,25-26-prem-sunderland-vs-brighton-hove-albion,90,0,0,1,0.12,0.10095,0,0,0,4,83,48,81,1.0,8,0,0.0,1,25.0,2,3,9,1,4,3,2,4,6,3,38.0,1,50.0,1,1,0,0,0.0,0.0,0,0,0,2.0,0,0,0,0.0,100,0.0,2,0,95,0,0,0,,,,,,,19
166,25-26-prem-sunderland-vs-brighton-hove-albion,2,0,0,0,0.0,0.00005582,0,0,0,0,3,2,100.0,0.0,0,0,0.0,0,0.0,0,0,0,0,0,0,0,0,0,0,0.0,0,0.0,0,0,0,0,0.0,0.0,0,0,0,0.0,0,0,0,0.0,0.0,0.0,0,88,95,0,0,0,,,,,,,0
163,25-26-prem-sunderland-vs-brighton-hove-albion,87,0,0,2,0.86,0.143966,2,0,0,4,34,14,58,3.0,4,0,0.0,1,33.0,1,1,1,0,0,0,0,2,4,2,40,0,0.0,1,0,0,0,0.0,0.0,0,0,0,0.0,0,0,0,0.0,100,1.1315,1,0,88,0,0,0,,,,,,,3
551,25-26-prem-sunderland-vs-brighton-hove-albion,90,0,0,1,0.1,0.00871223,0,2,0,3,53,22,69.0,1.0,3,0,0.0,0,0,0,0,4,0,2,0,0,6,6,5,56.0,1,33.0,2,1,0,0,0.0,0.0,0,0,0,1.0,0,0,0,50,0.0,0.0,1,0,95,1,0,0,,,,,,,7
552,25-26-prem-sunderland-vs-brighton-hove-albion,90,0,0,2,0.09,0.00552442,0,2,0,4,51,26,90,0.0,4,0,0.0,0,0,1,0,5,0,0,0,0,8,3,7,70.0,1,100.0,4,1,0,0,0.0,0.0,0,0,0,2.0,0,0,0,100,50,0.0,2,0,95,1,0,0,,,,,,,7
557,25-26-prem-sunderland-vs-brighton-hove-albion,0,0,0,0,0.0,0.0,0,0,0,0,0,0,0.0,0.0,0,0,0.0,0,0.0,0,0,0,0,0,0,0,0,0,0,0.0,0,0.0,0,0,0,0,0.0,0.0,0,0,0,0.0,0,0,0,0.0,0.0,0.0,0,0,95,1,0,0,,,,,,,0
553,25-26-prem-sunderland-vs-brighton-hove-albion,84,0,0,1,0.11,0.246164,1,2,0,4,28,13,81.0,1.0,0,0,0.0,1,50,0,0,1,1,1,1,1,2,5,2,33.0,0,0.0,0,0,0,0,0.0,0.0,0,0,0,1.0,0,0,0,50,0.0,0.0,0,0,85,1,0,0,,,,,,,3
561,25-26-prem-sunderland-vs-brighton-hove-albion,12,0,0,0,0.0,0.00050017,0,1,0,0,8,2,67.0,0.0,0,0,0.0,0,0.0,0,0,0,0,0,0,0,1,5,1,25.0,0,0.0,0,0,0,0,0.0,0.0,0,0,0,1.0,0,0,0,33,0.0,0.0,0,78,95,0,0,0,,,,,,,0
160,25-26-prem-sunderland-vs-brighton-hove-albion,75,1,0,1,0.02,0.401502,1,2,0,5,37,12,67.0,2.0,1,3,60,0,0.0,2,0,4,0,1,0,1,6,5,6,67.0,0,0.0,0,2,0,0,0.0,0.0,0,0,0,0.0,0,0,0,100,50,0.0362,4,0,76,0,0,0,,,,,,,9
730,25-26-prem-sunderland-vs-brighton-hove-albion,77,0,0,1,0.13,0.00486503,0,0,0,5,23,10,77,1.0,2,0,0.0,0,0.0,0,0,1,1,0,0,0,5,7,0,0.0,5,56.0,0,1,0,0,0.0,0.0,0,0,0,2.0,0,0,0,0.0,0.0,0.0,0,0,78,1,0,0,,,,,,,2
535,25-26-prem-sunderland-vs-brighton-hove-albion,5,0,0,1,0.08,0.00058715,0,0,0,2,8,3,60.0,0.0,0,0,0.0,0,0.0,0,0,1,0,0,0,0,0,2,0,0.0,0,0.0,0,1,0,0,0.0,0.0,0,0,0,1.0,0,0,0,0.0,0.0,0.0,0,85,95,0,0,0,,,,,,,0
668,25-26-prem-sunderland-vs-brighton-hove-albion,90,0,0,1,0.05,0.0577308,0,1,0,0,86,55,82,0.0,14,0,0.0,4,50.0,1,0,7,0,1,0,3,3,6,3,33.0,0,0.0,1,0,0,0,0.0,0.0,0,0,0,1.0,0,0,0,33,100,0.0,1,0,95,1,0,0,,,,,,,9
152,25-26-prem-sunderland-vs-brighton-hove-albion,1,0,0,0,0.0,0.0,0,0,0,0,2,0,0.0,0.0,0,0,0.0,0,0.0,1,0,0,0,1,1,1,1,2,1,33.0,0,0.0,0,1,0,0,0.0,0.0,0,0,0,0.0,0,0,0,0.0,100,0.0,1,94,95,0,0,0,,,,,,,2
158,25-26-prem-sunderland-vs-brighton-hove-albion,0,0,0,0,0.0,0.0,0,0,0,0,0,0,0.0,0.0,0,0,0.0,0,0.0,0,0,0,0,0,0,0,0,0,0,0.0,0,0.0,0,0,0,0,0.0,0.0,0,0,0,0.0,0,0,0,0.0,0.0,0.0,0,0,95,0,0,0,,,,,,,0
532,25-26-prem-sunderland-vs-brighton-hove-albion,90,0,0,2,0.08,0.00482625,0,0,0,1,72,33,80,1.0,5,0,0.0,2,50,0,2,3,0,1,1,1,4,6,3,60.0,1,20.0,2,0,0,0,0.0,0.0,0,0,0,1.0,0,0,0,0.0,0.0,0.0,1,0,95,1,0,0,,,,,,,4
531,25-26-prem-sunderland-vs-brighton-hove-albion,63,0,0,1,0.05,0.00379378,0,0,0,1,43,20,77,2.0,7,0,0.0,2,50,1,3,6,2,6,2,1,3,4,1,25.0,2,67.0,0,0,0,0,0.0,0.0,0,0,0,2.0,0,0,0,0.0,100,0.0,1,0,64,1,0,0,,,,,,,12
539,25-26-prem-sunderland-vs-brighton-hove-albion,26,0,0,0,0.0,0.0153388,0,0,0,1,41,23,82.0,0.0,8,0,0.0,2,40.0,0,0,0,0,2,1,0,1,1,1,50.0,0,0.0,1,0,0,0,0.0,0.0,0,0,0,1.0,0,0,0,0.0,0.0,0.0,0,64,95,0,0,0,,,,,,,2
159,25-26-prem-sunderland-vs-brighton-hove-albion,0,0,0,0,0.0,0.0,0,0,0,0,0,0,0.0,0.0,0,0,0.0,0,0.0,0,0,0,0,0,0,0,0,0,0,0.0,0,0.0,0,0,0,0,0.0,0.0,0,0,0,0.0,0,0,0,0.0,0.0,0.0,0,0,95,0,0,0,,,,,,,0
143,25-26-prem-sunderland-vs-brighton-hove-albion,0,0,0,0,0.0,0.0,0,0,0,0,0,0,0.0,0.0,0,0,0.0,0,0.0,0,0,0,0,0,0,0,0,0,0,0.0,0,0.0,0,0,0,0,0.0,0.0,0,0,0,0.0,0,0,0,0.0,0.0,0.0,0,0,95,0,0,0,,,,,,,0
139,25-26-prem-sunderland-vs-brighton-hove-albion,90,0,0,0,0.0,0.00259399,0,0,0,0,49,26,60,0.0,11,0,0.0,8,32,0,0,9,0,0,0,0,1,0,1,100.0,0,0.0,1,0,3,0,0.72,0.72,0,27,7,0.0,0,2,0,0.0,0.0,0.0,0,0,95,0,0,0,,,,,,,0
145,25-26-prem-sunderland-vs-brighton-hove-albion,14,0,0,0,0.0,0.00018807,0,0,0,0,4,2,50,0.0,0,0,0.0,0,0.0,0,1,1,0,0,0,1,0,2,0,0.0,0,0.0,0,1,0,0,0.0,0.0,0,0,0,0.0,0,0,0,0.0,0.0,0.0,0,76,95,0,0,0,,,,,,,1
178,25-26-prem-sunderland-vs-brighton-hove-albion,90,0,0,2,0.11,0.129716,1,0,0,5,42,22,81.0,1.0,1,1,50,0,0.0,0,1,2,0,2,2,1,2,2,2,67.0,0,0.0,0,0,0,0,0.0,0.0,0,0,0,0.0,0,0,0,0.0,0.0,0.1662,2,0,95,0,0,0,,,,,,,7
529,25-26-prem-sunderland-vs-brighton-hove-albion,0,0,0,0,0.0,0.0,0,0,0,0,0,0,0.0,0.0,0,0,0.0,0,0.0,0,0,0,0,0,0,0,0,0,0,0.0,0,0.0,0,0,0,0,0.0,0.0,0,0,0,0.0,0,0,0,0.0,0.0,0.0,0,0,95,1,0,0,,,,,,,0
683,25-26-prem-sunderland-vs-brighton-hove-albion,90,0,0,2,0.14,0.0348489,2,1,0,1,66,39,75,0.0,10,0,0.0,1,14,1,0,7,1,4,1,0,6,2,3,75,3,75.0,1,1,0,0,0.0,0.0,0,0,0,0.0,0,0,0,100,100,0.5683,1,0,95,1,0,0,,,,,,,6
544,25-26-prem-sunderland-vs-brighton-hove-albion,90,0,0,1,0.02,0.0656499,0,0,0,5,38,17,77,0.0,3,0,0.0,0,0.0,0,0,1,0,0,0,0,1,6,1,14.0,0,0.0,1,2,0,0,0.0,0.0,0,0,0,3.0,0,0,0,0.0,0.0,0.0,0,0,95,1,0,0,,,,,,,1
151,25-26-prem-sunderland-vs-brighton-hove-albion,90,0,0,1,0.08,0.00229148,0,0,0,2,64,33,73,0.0,5,0,0.0,0,0.0,2,1,3,2,10,5,0,8,4,3,100.0,5,56.0,0,0,0,0,0.0,0.0,0,0,0,0.0,0,0,0,0.0,67,0.0,3,0,95,0,0,0,,,,,,,16
783,25-26-prem-sunderland-vs-brighton-hove-albion,90,0,1,2,0.0629,0.0602049,0,2,,,77,45,85,1,,1,20,1,50,2,1,9,,5,,,7,3,6,67,1,100,1,1,0,0,,,,,,0,,,,67,67,0.0,3,,,,0,0,,,,,,,
812,25-26-prem-sunderland-vs-brighton-hove-albion,90,0,0,0,0.0,0.0147507,0,1,,,49,24,65,0,,0,0,6,32,0,0,15,,2,,,1,0,1,100,0,0,0,0,3,1,,,,,,0,,,,100,0,0.0,0,,,,0,0,,,,,,,
37,25-26-prem-manchester-united-vs-aston-villa,81,0,1,0,0.0,0.219543,0,0,0,1,60,29,81.0,2.0,3,2,33.0,0,0.0,1,2,0,0,4,2,0,1,3,1,50.0,0,0.0,0,0,0,0,0.0,0.0,0,0,0,0.0,0,0,0,0.0,100,0.0,1,0,82,3,0,0,,,,,,,7
55,25-26-prem-manchester-united-vs-aston-villa,81,1,0,1,0.11,0.0477199,1,1,0,1,73,54,90.0,0.0,8,0,0.0,3,60.0,4,0,6,1,1,0,0,6,2,5,83,1,50.0,0,0,0,0,0.0,0.0,0,0,0,2.0,0,0,0,100,100,0.5266,4,0,82,3,0,0,,,,,,,12
681,25-26-prem-manchester-united-vs-aston-villa,15,1,0,2,0.31,0.00000688,1,0,0,2,5,2,67.0,0.0,1,0,0.0,0,0.0,0,0,1,0,0,0,0,0,2,0,0.0,0,0.0,0,0,0,0,0.0,0.0,0,0,0,0.0,0,0,0,0.0,0.0,0.508,0,75,96,0,0,0,,,,,,,1
33,25-26-prem-manchester-united-vs-aston-villa,0,0,0,0,0.0,0.0,0,0,0,0,0,0,0.0,0.0,0,0,0.0,0,0.0,0,0,0,0,0,0,0,0,0,0,0.0,0,0.0,0,0,0,0,0.0,0.0,0,0,0,0.0,0,0,0,0.0,0.0,0.0,0,0,96,3,0,0,,,,,,,0
457,25-26-prem-manchester-united-vs-aston-villa,90,1,0,2,0.11,0.283601,1,0,0,4,55,31,79,1.0,5,0,0.0,4,57.0,0,1,3,1,2,0,2,5,7,2,22.0,3,100.0,1,4,0,0,0.0,0.0,0,0,0,0.0,0,0,0,0.0,0.0,0.6865,1,0,91,1,0,0,,,,,,,8
38,25-26-prem-manchester-united-vs-aston-villa,90,0,0,0,0.0,0.0184234,0,0,0,0,56,41,93,0.0,9,1,100.0,2,50.0,0,0,1,2,5,3,0,0,1,0,0.0,0,0.0,0,0,0,0,0.0,0.0,0,0,0,0.0,0,0,0,0.0,0.0,0.0,0,0,96,3,0,0,,,,,,,7
808,25-26-prem-manchester-united-vs-aston-villa,30,0,0,0,0.0,0.263304,0,0,0,4,9,3,75.0,1.0,0,0,0.0,0,0.0,0,0,1,0,1,1,1,1,2,1,33.0,0,0.0,0,0,0,0,0.0,0.0,0,0,0,1.0,0,0,0,0.0,0.0,0.0,1,60,96,2,0,0,,,,,,,3
455,25-26-prem-manchester-united-vs-aston-villa,0,0,0,0,0.0,0.0,0,0,0,0,0,0,0.0,0.0,0,0,0.0,0,0.0,0,0,0,0,0,0,0,0,0,0,0.0,0,0.0,0,0,0,0,0.0,0.0,0,0,0,0.0,0,0,0,0.0,0.0,0.0,0,0,96,1,0,0,,,,,,,0
440,25-26-prem-manchester-united-vs-aston-villa,90,0,0,2,0.16,0.0160406,1,0,0,2,54,29,83.0,0.0,3,0,0.0,1,50.0,1,2,3,0,2,1,2,4,3,2,40.0,2,100.0,0,1,0,0,0.0,0.0,0,0,0,0.0,0,0,0,0.0,50,0.0352,2,0,96,1,0,0,,,,,,,6
459,25-26-prem-manchester-united-vs-aston-villa,1,0,0,0,0.0,0.00063332,0,0,0,0,10,8,89.0,0.0,1,0,0.0,0,0.0,0,0,0,0,0,0,1,0,2,0,0.0,0,0.0,0,0,0,0,0.0,0.0,0,0,0,1.0,0,0,0,0.0,0.0,0.0,0,91,96,0,0,0,,,,,,,0
452,25-26-prem-manchester-united-vs-aston-villa,90,0,0,3,0.13,0.0745808,1,1,0,6,60,40,89.0,2.0,1,0,0.0,1,100.0,0,1,7,0,1,0,0,3,3,3,60.0,0,0.0,1,0,0,0,0.0,0.0,0,0,0,1.0,0,0,0,50,0.0,0.4836,1,0,96,1,0,0,,,,,,,10
733,25-26-prem-manchester-united-vs-aston-villa,90,0,0,0,0.0,0.00103264,0,0,0,0,32,23,82,0.0,4,0,0.0,2,29,0,0,7,0,0,0,0,0,0,0,0.0,0,0.0,0,0,1,1,0.84,-0.16,0,23,2,0.0,0,1,0,0.0,0.0,0.0,0,0,96,1,0,0,,,,,,,0
59,25-26-prem-manchester-united-vs-aston-villa,90,0,0,1,0.18,0.124026,1,0,0,5,69,46,85.0,1.0,7,0,0.0,4,67.0,0,0,5,1,3,3,1,1,5,1,25.0,0,0.0,0,0,0,0,0.0,0.0,0,0,0,1.0,0,0,0,0.0,0.0,0.4675,1,0,96,3,0,0,,,,,,,10
44,25-26-prem-manchester-united-vs-aston-villa,90,0,0,0,0.0,0.0280015,0,0,0,2,64,39,89,0.0,8,1,100.0,0,0.0,2,1,7,0,4,3,0,4,3,3,60.0,1,50.0,0,0,0,0,0.0,0.0,0,0,0,2.0,0,0,0,0.0,67,0.0,3,0,96,3,0,0,,,,,,,8
54,25-26-prem-manchester-united-vs-aston-villa,60,0,0,1,0.06,0.247319,0,0,0,4,26,11,69,1.0,3,1,50.0,1,33.0,0,0,2,0,0,0,1,2,5,2,33.0,0,0.0,2,2,0,0,0.0,0.0,0,0,0,1.0,0,0,0,0.0,0.0,0.0,0,0,61,1,0,0,,,,,,,2
443,25-26-prem-manchester-united-vs-aston-villa,90,0,0,0,0.0,0.0308674,0,0,0,1,71,44,90.0,0.0,6,0,0.0,1,50.0,1,1,1,1,7,3,0,6,4,4,57.0,2,67,1,2,0,0,0.0,0.0,0,0,0,0.0,0,0,0,0.0,33,0.0,3,0,96,1,0,0,,,,,,,12
41,25-26-prem-manchester-united-vs-aston-villa,0,0,0,0,0.0,0.0,0,0,0,0,0,0,0.0,0.0,0,0,0.0,0,0.0,0,0,0,0,0,0,0,0,0,0,0.0,0,0.0,0,0,0,0,0.0,0.0,0,0,0,0.0,0,0,0,0.0,0.0,0.0,0,0,96,3,0,0,,,,,,,0
64,25-26-prem-manchester-united-vs-aston-villa,59,0,0,0,0.0,0.0138068,0,1,0,2,18,7,78,0.0,0,0,0.0,0,0.0,0,0,0,0,1,0,0,3,5,2,29.0,1,100.0,1,1,0,0,0.0,0.0,0,0,0,1.0,0,0,0,25,0.0,0.0,0,0,60,1,0,0,,,,,,,1
49,25-26-prem-manchester-united-vs-aston-villa,29,0,0,1,0.04,0.280328,0,0,0,4,20,10,83.0,0.0,0,0,0.0,0,0.0,0,0,1,0,0,0,0,2,2,2,50.0,0,0.0,1,0,0,0,0.0,0.0,0,0,0,0.0,0,0,0,0.0,0.0,0.0,1,61,96,2,0,0,,,,,,,2
47,25-26-prem-manchester-united-vs-aston-villa,90,0,0,2,0.06,0.196677,0,2,0,1,45,19,70,1.0,4,1,50.0,2,67.0,1,0,6,0,1,1,0,8,4,7,88.0,1,25,3,1,0,0,0.0,0.0,0,0,0,0.0,0,0,0,100,50,0.0,2,0,96,3,0,0,,,,,,,9
119,25-26-prem-manchester-united-vs-aston-villa,74,0,0,2,0.08,0.0268859,1,0,0,2,25,12,80.0,1.0,1,0,0.0,0,0.0,1,1,0,0,0,0,0,2,3,2,50.0,0,0.0,0,0,0,0,0.0,0.0,0,0,0,2.0,0,0,0,0.0,50,0.0251,2,0,75,1,0,0,,,,,,,3
466,25-26-prem-manchester-united-vs-aston-villa,0,0,0,0,0.0,0.0,0,0,0,0,0,0,0.0,0.0,0,0,0.0,0,0.0,0,0,0,0,0,0,0,0,0,0,0.0,0,0.0,0,0,0,0,0.0,0.0,0,0,0,0.0,0,0,0,0.0,0.0,0.0,0,0,96,1,0,0,,,,,,,0
389,25-26-prem-manchester-united-vs-aston-villa,0,0,0,0,0.0,0.0,0,0,0,0,0,0,0.0,0.0,0,0,0.0,0,0.0,0,0,0,0,0,0,0,0,0,0,0.0,0,0.0,0,0,0,0,0.0,0.0,0,0,0,0.0,0,0,0,0.0,0.0,0.0,0,0,96,3,0,0,,,,,,,0
39,25-26-prem-manchester-united-vs-aston-villa,8,0,0,0,0.0,0.00645196,0,0,0,0,4,4,100.0,0.0,0,0,0.0,0,0.0,0,0,0,0,0,0,0,0,0,0,0.0,0,0.0,0,0,0,0,0.0,0.0,0,0,0,0.0,0,0,0,0.0,0.0,0.0,0,82,96,0,0,0,,,,,,,0
458,25-26-prem-manchester-united-vs-aston-villa,90,0,0,0,0.0,0.0224774,0,2,0,0,71,46,85.0,1.0,7,0,0.0,2,50.0,1,2,8,0,2,1,0,5,3,4,57,1,100.0,0,0,0,0,0.0,0.0,0,0,0,1.0,0,0,0,50,50,0.0,2,0,96,1,0,0,,,,,,,15
444,25-26-prem-manchester-united-vs-aston-villa,90,0,0,0,0.0,0.00625625,0,0,0,0,60,42,89.0,0.0,8,0,0.0,1,25.0,2,3,2,0,5,3,0,4,4,3,75.0,1,25.0,0,1,0,0,0.0,0.0,0,0,0,0.0,0,0,0,0.0,67,0.0,3,0,96,1,0,0,,,,,,,11
42,25-26-prem-manchester-united-vs-aston-villa,4,0,0,0,0.0,0.00501487,0,0,0,0,6,4,100.0,0.0,0,0,0.0,0,0.0,1,0,0,0,0,0,0,1,1,1,50.0,0,0.0,0,0,0,0,0.0,0.0,0,0,0,1.0,0,0,0,0.0,100,0.0,1,86,96,0,0,0,,,,,,,1
447,25-26-prem-manchester-united-vs-aston-villa,0,0,0,0,0.0,0.0,0,0,0,0,0,0,0.0,0.0,0,0,0.0,0,0.0,0,0,0,0,0,0,0,0,0,0,0.0,0,0.0,0,0,0,0,0.0,0.0,0,0,0,0.0,0,0,0,0.0,0.0,0.0,0,0,96,1,0,0,,,,,,,0
448,25-26-prem-manchester-united-vs-aston-villa,0,0,0,0,0.0,0.0,0,0,0,0,0,0,0.0,0.0,0,0,0.0,0,0.0,0,0,0,0,0,0,0,0,0,0,0.0,0,0.0,0,0,0,0,0.0,0.0,0,0,0,0.0,0,0,0,0.0,0.0,0.0,0,0,96,1,0,0,,,,,,,0
431,25-26-prem-manchester-united-vs-aston-villa,0,0,0,0,0.0,0.0,0,0,0,0,0,0,0.0,0.0,0,0,0.0,0,0.0,0,0,0,0,0,0,0,0,0,0,0.0,0,0.0,0,0,0,0,0.0,0.0,0,0,0,0.0,0,0,0,0.0,0.0,0.0,0,0,96,1,0,0,,,,,,,0
442,25-26-prem-manchester-united-vs-aston-villa,90,0,0,0,0.0,0.0739287,0,0,0,1,74,60,91.0,1.0,5,0,0.0,7,70.0,1,0,5,0,2,1,0,5,1,3,75.0,2,100.0,1,1,0,0,0.0,0.0,0,0,0,0.0,0,0,0,0.0,50,0.0,2,0,96,1,0,0,,,,,,,4
719,25-26-prem-manchester-united-vs-aston-villa,0,0,0,0,0.0,0.0,0,0,0,0,0,0,0.0,0.0,0,0,0.0,0,0.0,0,0,0,0,0,0,0,0,0,0,0.0,0,0.0,0,0,0,0,0.0,0.0,0,0,0,0.0,0,0,0,0.0,0.0,0.0,0,0,96,3,0,0,,,,,,,0
699,25-26-prem-manchester-united-vs-aston-villa,8,0,0,0,0.0,0.0132222,0,0,0,2,15,10,83.0,1.0,2,0,0.0,0,0.0,0,0,0,0,0,0,0,0,0,0,0.0,0,0.0,0,0,0,0,0.0,0.0,0,0,0,0.0,0,0,0,0.0,0.0,0.0,0,82,96,0,0,0,,,,,,,0
438,25-26-prem-manchester-united-vs-aston-villa,0,0,0,0,0.0,0.0,0,0,0,0,0,0,0.0,0.0,0,0,0.0,0,0.0,0,0,0,0,0,0,0,0,0,0,0.0,0,0.0,0,0,0,0,0.0,0.0,0,0,0,0.0,0,0,0,0.0,0.0,0.0,0,0,96,1,0,0,,,,,,,0
449,25-26-prem-manchester-united-vs-aston-villa,90,0,2,3,0.08,0.368714,0,1,0,0,70,45,87,6.0,8,2,33.0,2,67.0,1,1,6,0,1,0,0,2,5,2,29.0,0,0.0,0,1,0,0,0.0,0.0,0,0,0,4.0,0,0,0,100,100,0.0,1,0,96,1,0,0,,,,,,,9
40,25-26-prem-manchester-united-vs-aston-villa,90,0,0,1,0.36,0.00602571,0,0,0,2,68,45,88,0.0,3,0,0.0,1,33.0,0,2,4,0,9,3,0,3,2,1,50.0,2,67.0,1,0,0,0,0.0,0.0,0,0,0,1.0,0,0,0,0.0,0.0,0.0,0,0,96,3,0,0,,,,,,,11
450,25-26-prem-manchester-united-vs-aston-villa,90,1,0,2,0.22,0.0108234,1,0,0,2,52,27,73.0,1.0,6,0,0.0,1,25.0,1,0,4,0,0,0,0,2,2,1,33.0,1,100.0,0,0,0,0,0.0,0.0,0,0,0,1.0,0,0,0,0.0,100,0.4711,1,0,96,1,0,0,,,,,,,5
387,25-26-prem-liverpool-vs-tottenham-hotspur,90,1,0,3,0.1,0.396636,1,0,0,0,123,74,87.0,0.0,15,2,22.0,5,36.0,0,2,10,0,1,1,2,3,4,2,33.0,1,100.0,1,1,0,0,0.0,0.0,0,0,0,0.0,0,0,0,0.0,0.0,0.0645,1,0,96,1,0,0,,,,,,,14
566,25-26-prem-liverpool-vs-tottenham-hotspur,0,0,0,0,0.0,0.0,0,0,0,0,0,0,0.0,0.0,0,0,0.0,0,0.0,0,0,0,0,0,0,0,0,0,0,0.0,0,0.0,0,0,0,0,0.0,0.0,0,0,0,0.0,0,0,0,0.0,0.0,0.0,0,0,96,1,0,0,,,,,,,0
373,25-26-prem-liverpool-vs-tottenham-hotspur,90,0,0,0,0.0,0.0313829,0,0,0,3,97,74,85,1.0,10,0,0.0,4,44,2,0,2,1,5,3,0,6,1,2,100.0,4,80.0,0,1,0,0,0.0,0.0,0,0,0,0.0,0,0,0,0.0,100,0.0,2,0,96,1,0,0,,,,,,,8
381,25-26-prem-liverpool-vs-tottenham-hotspur,26,0,0,3,0.29,0.0906835,0,0,0,4,20,8,57.0,2.0,2,1,50.0,1,100.0,0,0,5,0,0,0,0,0,1,0,0.0,0,0.0,0,0,0,0,0.0,0.0,0,0,0,1.0,0,0,0,0.0,0.0,0.0,0,64,96,1,0,0,,,,,,,5
593,25-26-prem-liverpool-vs-tottenham-hotspur,90,0,0,0,0.0,0.0690825,0,2,0,1,67,39,83.0,0.0,6,0,0.0,2,50.0,1,2,9,0,4,3,1,5,2,5,83.0,0,0.0,1,0,0,0,0.0,0.0,0,0,0,0.0,0,0,0,100,50,0.0,2,0,96,1,0,0,,,,,,,17
382,25-26-prem-liverpool-vs-tottenham-hotspur,63,0,0,0,0.0,0.210414,0,0,0,12,49,34,85.0,4.0,3,0,0.0,1,50.0,1,0,2,0,0,0,2,1,4,1,20.0,0,0.0,0,1,0,0,0.0,0.0,0,0,0,0.0,0,0,0,0.0,100,0.0,1,0,64,0,0,0,,,,,,,3
717,25-26-prem-liverpool-vs-tottenham-hotspur,34,0,0,3,0.09,0.0423337,1,2,0,2,33,18,82.0,1.0,1,0,0.0,2,100.0,1,0,0,0,1,0,0,3,1,3,75.0,0,0.0,0,1,0,0,0.0,0.0,0,0,0,0.0,0,0,0,67,100,0.0459,1,56,96,0,0,0,,,,,,,2
384,25-26-prem-liverpool-vs-tottenham-hotspur,82,0,0,3,0.21,0.0302573,1,0,0,3,34,10,63,1.0,4,0,0.0,1,33.0,1,1,4,0,0,0,1,6,8,5,45.0,1,33.0,3,2,0,0,0.0,0.0,0,0,0,2.0,0,0,0,0.0,50,0.5442,2,0,83,0,0,0,,,,,,,7
371,25-26-prem-liverpool-vs-tottenham-hotspur,0,0,0,0,0.0,0.0,0,0,0,0,0,0,0.0,0.0,0,0,0.0,0,0.0,0,0,0,0,0,0,0,0,0,0,0.0,0,0.0,0,0,0,0,0.0,0.0,0,0,0,0.0,0,0,0,0.0,0.0,0.0,0,0,96,1,0,0,,,,,,,0
584,25-26-prem-liverpool-vs-tottenham-hotspur,74,0,0,1,0.07,0.37646,0,4,0,0,46,7,54.0,3.0,3,3,50,1,33.0,2,1,3,0,2,1,0,7,10,7,44.0,0,0.0,0,2,0,0,0.0,0.0,0,0,0,6.0,0,0,0,80,67,0.0,3,0,75,1,0,0,,,,,,,9
591,25-26-prem-liverpool-vs-tottenham-hotspur,90,0,0,0,0.0,0.00533864,0,0,0,0,34,19,79.0,1.0,2,0,0.0,0,0.0,0,2,4,0,1,0,0,0,0,0,0.0,0,0.0,0,0,0,0,0.0,0.0,0,0,0,0.0,0,0,0,0.0,0.0,0.0,0,0,96,1,0,0,,,,,,,7
366,25-26-prem-liverpool-vs-tottenham-hotspur,90,0,0,0,0.0,0.00076843,0,0,0,0,35,14,70,0.0,3,0,0.0,4,44,0,0,10,0,2,0,0,3,0,1,100.0,2,100.0,2,0,6,1,1.94,0.94,1,13,3,0.0,0,3,0,0.0,0.0,0.0,0,0,96,1,0,0,,,,,,,0
573,25-26-prem-liverpool-vs-tottenham-hotspur,75,0,0,2,0.04,0.0084134,1,1,0,1,47,17,85,1.0,3,0,0.0,0,0.0,0,2,3,0,6,1,0,6,4,6,100.0,0,0.0,2,0,0,0,0.0,0.0,0,0,0,0.0,0,0,0,100,0.0,0.0113,3,0,76,1,0,0,,,,,,,11
388,25-26-prem-liverpool-vs-tottenham-hotspur,26,0,0,0,0.0,0.0072196,0,0,0,0,11,10,100.0,0.0,0,0,0.0,0,0.0,0,0,1,0,0,0,1,0,1,0,0.0,0,0.0,0,0,0,0,0.0,0.0,0,0,0,0.0,0,0,0,0.0,0.0,0.0,0,64,96,1,0,0,,,,,,,1
372,25-26-prem-liverpool-vs-tottenham-hotspur,90,0,0,1,0.1,0.0332041,0,0,0,2,82,56,82.0,0.0,13,0,0.0,1,33.0,0,0,2,0,3,1,0,2,2,1,33.0,1,100.0,0,1,0,0,0.0,0.0,0,0,0,0.0,0,0,0,0.0,0.0,0.0,1,0,96,1,0,0,,,,,,,4
565,25-26-prem-liverpool-vs-tottenham-hotspur,90,0,0,0,0.0,0.0150723,0,0,0,0,45,22,54,1.0,11,0,0.0,11,38,0,0,5,0,0,0,0,0,0,0,0.0,0,0.0,0,0,3,1,1.18,0.18,0,21,10,0.0,0,2,0,0.0,0.0,0.0,0,0,96,1,0,0,,,,,,,0
376,25-26-prem-liverpool-vs-tottenham-hotspur,90,0,0,0,0.0,0.0211874,0,0,0,0,72,53,83.0,0.0,4,0,0.0,1,25.0,0,1,3,0,3,3,0,2,5,0,0.0,2,40.0,0,1,0,0,0.0,0.0,0,0,0,0.0,0,0,0,0.0,0.0,0.0,0,0,96,1,0,0,,,,,,,4
596,25-26-prem-liverpool-vs-tottenham-hotspur,90,0,0,0,0.0,0.004903,0,1,0,1,31,10,63,0.0,3,0,0.0,0,0.0,1,1,5,1,0,0,0,7,5,4,80.0,3,43.0,1,2,0,0,0.0,0.0,0,0,0,0.0,0,0,0,100,50,0.0,2,0,96,1,0,0,,,,,,,9
572,25-26-prem-liverpool-vs-tottenham-hotspur,90,0,0,0,0.0,0.00719396,0,0,0,0,56,29,74.0,0.0,2,0,0.0,3,43.0,1,1,2,2,8,3,1,2,3,2,40.0,0,0.0,0,2,0,0,0.0,0.0,0,0,0,0.0,0,0,0,0.0,50,0.0,2,0,96,1,0,0,,,,,,,13
595,25-26-prem-liverpool-vs-tottenham-hotspur,14,0,0,0,0.0,0.00532838,0,0,0,0,9,8,100.0,0.0,2,0,0.0,1,100.0,0,0,2,0,0,0,0,0,0,0,0.0,0,0.0,0,0,0,0,0.0,0.0,0,0,0,0.0,0,0,0,0.0,0.0,0.0,0,76,96,0,0,0,,,,,,,2
686,25-26-prem-liverpool-vs-tottenham-hotspur,63,0,0,3,0.25,0.229379,1,7,0,7,51,28,90.0,0.0,1,0,0.0,1,100.0,0,1,1,0,0,0,0,8,2,8,89.0,0,0.0,1,0,0,0,0.0,0.0,0,0,0,1.0,0,0,0,100,0.0,0.035,0,0,64,0,0,0,,,,,,,2
570,25-26-prem-liverpool-vs-tottenham-hotspur,90,0,0,0,0.0,0.00095737,0,0,0,0,47,22,73,0.0,3,0,0.0,0,0.0,1,1,2,1,9,5,0,5,3,3,50.0,2,100.0,1,3,0,0,0.0,0.0,0,0,0,0.0,0,0,0,0.0,50,0.0,2,0,96,1,0,0,,,,,,,13
385,25-26-prem-liverpool-vs-tottenham-hotspur,1,0,0,0,0.0,0.0985306,0,0,0,1,3,2,100.0,1.0,0,0,0.0,0,0.0,0,0,1,0,0,0,0,0,0,0,0.0,0,0.0,0,0,0,0,0.0,0.0,0,0,0,0.0,0,0,0,0.0,0.0,0.0,0,91,96,0,0,0,,,,,,,1
374,25-26-prem-liverpool-vs-tottenham-hotspur,0,0,0,0,0.0,0.0,0,0,0,0,0,0,0.0,0.0,0,0,0.0,0,0.0,0,0,0,0,0,0,0,0,0,0,0.0,0,0.0,0,0,0,0,0.0,0.0,0,0,0,0.0,0,0,0,0.0,0.0,0.0,0,0,96,1,0,0,,,,,,,0
367,25-26-prem-liverpool-vs-tottenham-hotspur,0,0,0,0,0.0,0.0,0,0,0,0,0,0,0.0,0.0,0,0,0.0,0,0.0,0,0,0,0,0,0,0,0,0,0,0.0,0,0.0,0,0,0,0,0.0,0.0,0,0,0,0.0,0,0,0,0.0,0.0,0.0,0,0,96,1,0,0,,,,,,,0
390,25-26-prem-liverpool-vs-tottenham-hotspur,90,0,0,2,0.24,0.102226,1,2,0,3,54,26,81.0,0.0,1,0,0.0,0,0.0,2,4,1,0,0,0,2,9,5,8,67.0,1,50.0,3,0,0,0,0.0,0.0,0,0,0,2.0,0,0,0,100,67,0.5388,3,0,96,1,0,0,,,,,,,8
726,25-26-prem-liverpool-vs-tottenham-hotspur,15,0,1,0,0.0,0.165435,0,1,0,1,11,5,63,1.0,0,0,0.0,0,0.0,0,0,5,0,1,1,0,1,0,1,100.0,0,0.0,0,0,0,0,0.0,0.0,0,0,0,0.0,0,0,0,100,0.0,0.0,0,75,96,0,0,0,,,,,,,6
370,25-26-prem-liverpool-vs-tottenham-hotspur,63,0,0,0,0.0,0.0263202,0,1,0,5,41,20,83.0,0.0,3,0,0.0,0,0.0,2,1,6,0,0,0,0,5,3,3,50.0,2,100.0,0,0,0,0,0.0,0.0,0,0,0,2.0,0,0,0,50,100,0.0,2,0,64,0,0,0,,,,,,,3
380,25-26-prem-liverpool-vs-tottenham-hotspur,0,0,0,0,0.0,0.0,0,0,0,0,0,0,0.0,0.0,0,0,0.0,0,0.0,0,0,0,0,0,0,0,0,0,0,0.0,0,0.0,0,0,0,0,0.0,0.0,0,0,0,0.0,0,0,0,0.0,0.0,0.0,0,0,96,1,0,0,,,,,,,0
597,25-26-prem-liverpool-vs-tottenham-hotspur,90,1,0,5,0.93,0.00200225,4,1,0,9,38,10,77.0,1.0,3,0,0.0,1,50.0,4,0,5,0,0,0,3,9,10,7,50.0,2,40.0,2,1,0,0,0.0,0.0,0,0,0,2.0,0,0,0,50,80,1.0058,5,0,96,1,0,0,,,,,,,10
396,25-26-prem-liverpool-vs-tottenham-hotspur,7,0,0,0,0.0,0.011047,0,0,0,0,8,7,100.0,0.0,0,0,0.0,0,0.0,0,0,0,0,0,0,0,1,0,1,100,0,0.0,0,0,0,0,0.0,0.0,0,0,0,0.0,0,0,0,0.0,0.0,0.0,1,83,96,1,0,0,,,,,,,0
568,25-26-prem-liverpool-vs-tottenham-hotspur,90,0,0,1,0.03,0.0310921,0,0,0,2,64,24,69,0.0,6,2,100.0,5,50,0,1,5,2,2,1,6,1,9,0,0.0,1,50.0,0,0,0,0,0.0,0.0,0,0,0,0.0,0,0,0,0.0,0.0,0.0,0,0,96,1,0,0,,,,,,,5
386,25-26-prem-liverpool-vs-tottenham-hotspur,90,0,1,0,0.0,0.0606721,0,1,0,2,57,38,90.0,2.0,5,0,0.0,2,100.0,0,1,9,1,2,0,4,2,10,2,17.0,0,0.0,1,1,0,0,0.0,0.0,0,0,0,4.0,0,0,0,100,0.0,0.0,0,0,91,1,0,0,,,,,,,13
661,25-26-prem-liverpool-vs-tottenham-hotspur,26,0,0,2,0.4993,0.0408056,0,1,,,16,7,88,1,,0,0,0,0,0,0,2,,1,,,2,1,2,67,0,0,1,0,0,0,,,,,,0,,,,50,0,0.0,0,,,,0,0,,,,,,,
750,25-26-prem-liverpool-vs-tottenham-hotspur,1,0,0,0,0.0,0.0,0,0,,,0,0,0,0,,0,0,0,0,0,0,0,,0,,,0,0,0,0,0,0,0,0,0,0,,,,,,0,,,,0,0,0.0,0,,,,0,0,,,,,,,
565,25-26-champions-league-tottenham-hotspur-vs-atletico-madrid,73,0,0,0,0.0,0.0,0,0,0,0,30,0,0.0,0.0,4,0,0.0,0,0.0,0,0,4,0,0,0,0,0,0,0,0.0,0,0.0,0,0,3,2,0.98,-1.02,0,13,3,0.0,1,2,0,0.0,0.0,0.0,0,17,90,2,0,0,0.0,0.0,0.0,0.0,0.0,0.0,0
596,25-26-champions-league-tottenham-hotspur-vs-atletico-madrid,45,1,0,0,0.56,0.43,2,0,0,3,21,7,88.0,1.0,1,1,100.0,0,0.0,0,0,0,0,0,0,0,1,7,1,17.0,0,0.0,0,0,0,0,0.0,0.0,0,0,0,3.0,0,0,0,0.0,0.0,1.3,0,46,90,1,0,0,0.0,0.0,0.0,0.0,0.0,0.0,0
597,25-26-champions-league-tottenham-hotspur-vs-atletico-madrid,68,0,1,0,0.45,0.04,1,0,0,3,18,8,80.0,1.0,0,0,0.0,0,0.0,0,0,0,0,1,1,0,1,2,1,50.0,0,0.0,1,1,0,0,0.0,0.0,0,0,0,0.0,0,0,0,0.0,0.0,0.4,0,0,68,5,0,0,0.0,0.0,0.0,0.0,0.0,0.0,0
568,25-26-champions-league-tottenham-hotspur-vs-atletico-madrid,90,1,1,0,0.22,0.27,1,0,0,2,49,18,72.0,3.0,7,2,40.0,1,17.0,0,1,6,0,1,1,1,4,4,4,50.0,0,0.0,2,0,0,0,0.0,0.0,0,0,0,0.0,0,0,0,0.0,0.0,0.67,0,0,90,5,0,0,0.0,0.0,0.0,0.0,0.0,0.0,0
796,25-26-champions-league-tottenham-hotspur-vs-atletico-madrid,45,0,0,0,0.0,0.0,0,0,0,0,26,17,100.0,0.0,1,0,0.0,0,0.0,1,0,3,0,1,1,1,3,4,3,50.0,0,0.0,1,0,0,0,0.0,0.0,0,0,0,1.0,0,0,0,0.0,0.0,0.0,0,46,90,1,0,0,0.0,0.0,0.0,0.0,0.0,0.0,0
575,25-26-champions-league-tottenham-hotspur-vs-atletico-madrid,90,0,0,0,0.06,0.05,0,0,0,1,57,33,85.0,1.0,2,0,0.0,2,33.0,3,0,2,0,1,0,0,7,0,7,100.0,0,0.0,3,0,0,0,0.0,0.0,0,0,0,0.0,0,0,0,0.0,0.0,0.0,0,0,90,5,0,0,0.0,0.0,0.0,0.0,0.0,0.0,0
593,25-26-champions-league-tottenham-hotspur-vs-atletico-madrid,90,0,0,0,0.09,0.01,0,0,0,1,69,49,88.0,0.0,8,0,0.0,4,67.0,3,1,6,0,1,1,0,6,5,4,57.0,2,50.0,0,2,0,0,0.0,0.0,0,0,0,1.0,0,0,0,0.0,0.0,0.0,0,0,90,5,0,0,0.0,0.0,0.0,0.0,0.0,0.0,0
584,25-26-champions-league-tottenham-hotspur-vs-atletico-madrid,45,0,0,0,0.03,0.04,1,0,0,0,22,6,86.0,2.0,2,1,50.0,0,0.0,0,1,4,0,0,0,0,3,6,3,43.0,0,0.0,0,0,0,0,0.0,0.0,0,0,0,3.0,0,0,0,0.0,0.0,0.03,0,0,46,4,0,0,0.0,0.0,0.0,0.0,0.0,0.0,0
591,25-26-champions-league-tottenham-hotspur-vs-atletico-madrid,90,0,0,0,0.53,0.01,0,0,0,1,29,18,82.0,1.0,2,0,0.0,0,0.0,2,0,3,0,0,0,0,2,3,2,40.0,0,0.0,0,2,0,0,0.0,0.0,0,0,0,1.0,0,0,0,0.0,0.0,0.0,0,0,90,5,0,0,0.0,0.0,0.0,0.0,0.0,0.0,0
595,25-26-champions-league-tottenham-hotspur-vs-atletico-madrid,0,0,0,0,0.0,0.0,0,0,0,0,0,0,0.0,0.0,0,0,0.0,0,0.0,0,0,0,0,0,0,0,0,0,0,0.0,0,0.0,0,0,0,0,0.0,0.0,0,0,0,0.0,0,0,0,0.0,0.0,0.0,0,0,90,5,0,0,0.0,0.0,0.0,0.0,0.0,0.0,0
263,25-26-prem-crystal-palace-vs-leeds-united,0,0,0,0,0.0,0.0,0,0,0,0,0,0,0.0,0.0,0,0,0.0,0,0.0,0,0,0,0,0,0,0,0,0,0,0.0,0,0.0,0,0,0,0,0.0,0.0,0,0,0,0.0,0,0,0,0.0,0.0,0.0,0,0,90,0,0,0,,,,,,,0
341,25-26-prem-crystal-palace-vs-leeds-united,90,0,0,0,0.0,0.0016201,0,0,0,0,41,15,42,0.0,15,0,0.0,8,29,0,0,10,0,1,0,0,0,0,0,0.0,0,0.0,0,0,0,0,0.0,0.0,2,15,8,0.0,1,0,0,0.0,0.0,0.0,0,0,90,0,0,0,,,,,,,0
270,25-26-prem-crystal-palace-vs-leeds-united,59,0,0,0,0.0,0.0196198,0,0,0,0,37,24,96,0.0,3,0,0.0,0,0.0,0,0,2,0,1,1,0,4,2,3,75.0,1,50.0,2,1,0,0,0.0,0.0,0,0,0,0.0,0,0,0,0.0,0.0,0.0,1,0,60,0,0,0,,,,,,,4
254,25-26-prem-crystal-palace-vs-leeds-united,90,0,0,0,0.0,0.00188093,0,0,0,0,36,17,65,0.0,3,0,0.0,5,38,0,0,9,0,1,0,0,0,0,0,0.0,0,0.0,0,0,3,0,0.36,0.36,0,18,5,0.0,1,2,0,0.0,0.0,0.0,0,0,90,0,0,0,,,,,,,0
272,25-26-prem-crystal-palace-vs-leeds-united,90,0,0,0,0.04,0.0357367,0,0,0,5,71,40,75,0.0,6,0,0.0,7,70,3,0,6,0,2,1,0,11,7,5,83,6,50.0,2,0,0,0,0.0,0.0,0,0,0,1.0,0,0,0,0.0,100,0.0,3,0,90,0,0,0,,,,,,,10
255,25-26-prem-crystal-palace-vs-leeds-united,0,0,0,0,0.0,0.0,0,0,0,0,0,0,0.0,0.0,0,0,0.0,0,0.0,0,0,0,0,0,0,0,0,0,0,0.0,0,0.0,0,0,0,0,0.0,0.0,0,0,0,0.0,0,0,0,0.0,0.0,0.0,0,0,90,0,0,0,,,,,,,0
691,25-26-prem-crystal-palace-vs-leeds-united,90,0,0,0,0.94,0.00154268,2,0,0,4,28,3,43.0,0.0,1,0,0.0,0,0.0,0,0,2,2,4,3,0,8,14,2,50,6,33,2,1,0,0,0.0,0.0,0,0,0,1.0,0,0,0,0.0,0.0,0.2939,0,0,90,0,0,1,,,,,,,8
271,25-26-prem-crystal-palace-vs-leeds-united,10,0,0,0,0.0,0.00047781,0,0,0,0,4,2,100.0,0.0,0,0,0.0,1,100.0,0,0,0,0,0,0,0,0,1,0,0.0,0,0.0,0,1,0,0,0.0,0.0,0,0,0,0.0,0,0,0,0.0,0.0,0.0,0,80,90,0,0,0,,,,,,,0
259,25-26-prem-crystal-palace-vs-leeds-united,0,0,0,0,0.0,0.0,0,0,0,0,0,0,0.0,0.0,0,0,0.0,0,0.0,0,0,0,0,0,0,0,0,0,0,0.0,0,0.0,0,0,0,0,0.0,0.0,0,0,0,0.0,0,0,0,0.0,0.0,0.0,0,0,90,0,0,0,,,,,,,0
665,25-26-prem-crystal-palace-vs-leeds-united,0,0,0,0,0.0,0.0,0,0,0,0,0,0,0.0,0.0,0,0,0.0,0,0.0,0,0,0,0,0,0,0,0,0,0,0.0,0,0.0,0,0,0,0,0.0,0.0,0,0,0,0.0,0,0,0,0.0,0.0,0.0,0,0,90,0,0,0,,,,,,,0
283,25-26-prem-crystal-palace-vs-leeds-united,30,0,0,0,0.11,0.00256802,0,0,0,2,9,4,80.0,0.0,0,0,0.0,0,0.0,0,0,1,0,0,0,0,1,2,0,0.0,1,50.0,0,1,0,0,0.0,0.0,0,0,0,0.0,0,0,0,0.0,0.0,0.0,0,60,90,0,0,0,,,,,,,1
706,25-26-prem-crystal-palace-vs-leeds-united,90,0,0,0,0.02,0.0948996,0,0,0,2,41,14,70,0.0,2,0,0.0,0,0.0,0,0,4,0,6,2,0,1,6,1,20,0,0.0,1,0,0,0,0.0,0.0,0,0,0,0.0,0,0,0,0.0,0.0,0.0,0,0,90,0,0,0,,,,,,,6
348,25-26-prem-crystal-palace-vs-leeds-united,90,0,0,0,0.0,0.0376192,0,0,0,2,40,14,70.0,1.0,8,1,100.0,1,25.0,0,0,1,0,10,5,1,7,3,2,67.0,5,71.0,1,0,0,0,0.0,0.0,0,0,0,0.0,0,0,0,0.0,0.0,0.0,1,0,90,0,0,0,,,,,,,11
353,25-26-prem-crystal-palace-vs-leeds-united,0,0,0,0,0.0,0.0,0,0,0,0,0,0,0.0,0.0,0,0,0.0,0,0.0,0,0,0,0,0,0,0,0,0,0,0.0,0,0.0,0,0,0,0,0.0,0.0,0,0,0,0.0,0,0,0,0.0,0.0,0.0,0,0,90,0,0,0,,,,,,,0
347,25-26-prem-crystal-palace-vs-leeds-united,49,0,0,0,0.0,0.0265982,0,1,0,0,29,9,75.0,0.0,3,0,0.0,2,50,0,0,2,0,3,0,0,2,3,2,40,0,0.0,1,2,0,0,0.0,0.0,0,0,0,0.0,0,0,0,50,0.0,0.0,0,0,90,0,0,0,,,,,,,4
267,25-26-prem-crystal-palace-vs-leeds-united,90,0,0,0,0.0,0.00987412,0,2,0,2,41,12,57.0,0.0,2,0,0.0,1,100.0,0,0,3,0,0,0,0,6,11,4,40,2,29.0,2,0,0,0,0.0,0.0,0,0,0,2.0,0,0,0,40,0.0,0.0,0,0,90,0,0,0,,,,,,,3
354,25-26-prem-crystal-palace-vs-leeds-united,90,0,0,0,0.05,0.0836506,0,1,0,1,60,20,69,0.0,6,0,0.0,3,50.0,3,2,3,2,2,1,0,12,2,7,100.0,5,71.0,3,0,0,0,0.0,0.0,0,0,0,0.0,0,0,0,100,100,0.0,3,0,90,0,0,0,,,,,,,12
342,25-26-prem-crystal-palace-vs-leeds-united,45,0,0,0,0.0,0.00090452,0,0,0,1,15,6,86.0,0.0,1,0,0.0,0,0.0,2,0,3,0,3,0,0,2,1,2,67.0,0,0.0,0,1,0,0,0.0,0.0,0,0,0,0.0,0,0,0,0.0,100,0.0,2,46,90,0,0,0,,,,,,,5
362,25-26-prem-crystal-palace-vs-leeds-united,0,0,0,0,0.0,0.0,0,0,0,0,0,0,0.0,0.0,0,0,0.0,0,0.0,0,0,0,0,0,0,0,0,0,0,0.0,0,0.0,0,0,0,0,0.0,0.0,0,0,0,0.0,0,0,0,0.0,0.0,0.0,0,0,90,0,0,0,,,,,,,0
343,25-26-prem-crystal-palace-vs-leeds-united,90,0,0,0,0.0,0.00347388,0,0,0,3,51,21,70,0.0,2,0,0.0,1,33.0,0,2,4,0,7,6,1,10,7,4,67,6,55.0,2,1,0,0,0.0,0.0,0,0,0,0.0,0,0,0,0.0,0.0,0.0,2,0,90,0,0,0,,,,,,,10
493,25-26-prem-crystal-palace-vs-leeds-united,0,0,0,0,0.0,0.0,0,0,0,0,0,0,0.0,0.0,0,0,0.0,0,0.0,0,0,0,0,0,0,0,0,0,0,0.0,0,0.0,0,0,0,0,0.0,0.0,0,0,0,0.0,0,0,0,0.0,0.0,0.0,0,0,90,0,0,0,,,,,,,0
654,25-26-prem-crystal-palace-vs-leeds-united,59,0,0,0,0.0,0.0196771,0,0,0,1,23,6,46,0.0,1,0,0.0,0,0.0,0,0,2,0,1,1,1,2,7,0,0.0,2,40,0,2,0,0,0.0,0.0,0,0,0,1.0,0,0,0,0.0,0.0,0.0,0,0,60,0,0,0,,,,,,,3
365,25-26-prem-crystal-palace-vs-leeds-united,45,0,0,0,0.0,0.0,0,1,0,1,10,0,0.0,0.0,0,0,0.0,0,0.0,0,0,0,0,0,0,0,3,5,1,100.0,2,29.0,1,0,0,0,0.0,0.0,0,0,0,0.0,0,0,0,100,0.0,0.0,0,0,46,0,0,0,,,,,,,0
344,25-26-prem-crystal-palace-vs-leeds-united,90,0,0,0,0.04,0.00322469,0,0,0,2,45,14,78,0.0,4,0,0.0,0,0.0,2,1,3,0,13,7,0,5,5,4,67.0,1,25,0,3,0,0,0.0,0.0,0,0,0,0.0,0,0,0,0.0,50,0.0,4,0,90,0,0,0,,,,,,,18
660,25-26-prem-crystal-palace-vs-leeds-united,90,0,0,0,0.02,0.199335,1,0,0,1,44,10,43.0,3.0,7,3,60,2,50,1,1,4,1,4,0,3,6,6,3,43,3,60.0,0,1,0,0,0.0,0.0,0,0,0,1.0,0,0,0,0.0,33,0.0384,3,0,90,0,0,0,,,,,,,12
345,25-26-prem-crystal-palace-vs-leeds-united,0,0,0,0,0.0,0.0,0,0,0,0,0,0,0.0,0.0,0,0,0.0,0,0.0,0,0,0,0,0,0,0,0,0,0,0.0,0,0.0,0,0,0,0,0.0,0.0,0,0,0,0.0,0,0,0,0.0,0.0,0.0,0,0,90,0,0,0,,,,,,,0
358,25-26-prem-crystal-palace-vs-leeds-united,0,0,0,0,0.0,0.0,0,0,0,0,0,0,0.0,0.0,0,0,0.0,0,0.0,0,0,0,0,0,0,0,0,0,0,0.0,0,0.0,0,0,0,0,0.0,0.0,0,0,0,0.0,0,0,0,0.0,0.0,0.0,0,0,90,0,0,0,,,,,,,0
257,25-26-prem-crystal-palace-vs-leeds-united,90,0,0,0,0.27,0.0160032,0,0,0,7,95,65,94.0,0.0,2,0,0.0,2,67,1,0,2,0,15,9,0,12,4,2,67,10,77,1,1,0,0,0.0,0.0,0,0,0,0.0,0,0,0,0.0,100,0.0,1,0,90,0,0,0,,,,,,,16
261,25-26-prem-crystal-palace-vs-leeds-united,90,0,0,0,0.05,0.102095,0,0,0,1,86,56,92.0,2.0,11,1,100.0,3,43.0,0,3,3,0,7,5,1,6,3,0,0.0,6,75.0,0,0,0,0,0.0,0.0,0,0,0,0.0,0,0,0,0.0,0.0,0.0,0,0,90,0,0,0,,,,,,,10
350,25-26-prem-crystal-palace-vs-leeds-united,45,0,0,0,0.05,0.0528089,0,0,0,3,19,6,75.0,1.0,0,1,33.0,0,0.0,0,0,2,0,2,2,0,0,7,0,0.0,0,0.0,0,2,0,0,0.0,0.0,0,0,0,1.0,0,0,0,0.0,0.0,0.0,0,0,46,0,0,0,,,,,,,4
712,25-26-prem-crystal-palace-vs-leeds-united,10,0,0,0,0.02,0.00308153,0,0,0,0,12,5,56.0,0.0,2,0,0.0,0,0.0,0,0,0,0,0,0,0,0,0,0,0.0,0,0.0,0,0,0,0,0.0,0.0,0,0,0,0.0,0,0,0,0.0,0.0,0.0,0,80,90,0,0,0,,,,,,,0
580,25-26-prem-crystal-palace-vs-leeds-united,79,0,0,0,0.07,0.081646,0,0,0,1,51,15,52.0,2.0,12,2,33.0,2,22.0,2,0,4,0,3,0,2,4,7,3,38,1,33.0,1,4,0,0,0.0,0.0,0,0,0,2.0,0,0,0,0.0,100,0.0,2,0,80,0,0,0,,,,,,,9
356,25-26-prem-crystal-palace-vs-leeds-united,45,0,0,0,0.0,0.00008545,0,0,0,0,11,5,83.0,0.0,1,0,0.0,0,0.0,0,0,0,1,0,0,0,1,1,1,100.0,0,0.0,0,0,0,0,0.0,0.0,0,0,0,0.0,0,0,0,0.0,0.0,0.0,1,46,90,0,0,0,,,,,,,2
677,25-26-prem-crystal-palace-vs-leeds-united,90,0,0,0,0.04,0.0256575,0,1,0,7,37,13,76,0.0,1,0,0.0,0,0.0,0,0,1,0,3,0,0,3,7,2,29,1,33.0,1,2,0,0,0.0,0.0,0,0,0,0.0,0,0,0,25,0.0,0.0,0,0,90,0,0,0,,,,,,,4
351,25-26-prem-crystal-palace-vs-leeds-united,0,0,0,0,0.0,0.0,0,0,0,0,0,0,0.0,0.0,0,0,0.0,0,0.0,0,0,0,0,0,0,0,0,0,0,0.0,0,0.0,0,0,0,0,0.0,0.0,0,0,0,0.0,0,0,0,0.0,0.0,0.0,0,0,90,0,0,0,,,,,,,0
258,25-26-prem-crystal-palace-vs-leeds-united,90,0,0,0,0.0,0.0201892,0,1,0,0,58,28,76,0.0,5,0,0.0,1,33,1,0,1,0,4,1,0,4,3,3,60.0,1,50.0,1,0,0,0,0.0,0.0,0,0,0,2.0,0,0,0,100,100,0.0,1,0,90,0,0,0,,,,,,,5
262,25-26-prem-crystal-palace-vs-leeds-united,0,0,0,0,0.0,0.0,0,0,0,0,0,0,0.0,0.0,0,0,0.0,0,0.0,0,0,0,0,0,0,0,0,0,0,0.0,0,0.0,0,0,0,0,0.0,0.0,0,0,0,0.0,0,0,0,0.0,0.0,0.0,0,0,90,0,0,0,,,,,,,0
273,25-26-prem-crystal-palace-vs-leeds-united,30,0,0,0,0.08,0.11189,0,0,0,0,32,18,82.0,1.0,5,1,20.0,1,50.0,0,0,1,0,1,0,0,0,1,0,0.0,0,0.0,0,0,0,0,0.0,0.0,0,0,0,0.0,0,0,0,0.0,0.0,0.0,0,60,90,0,0,0,,,,,,,2
276,25-26-prem-crystal-palace-vs-leeds-united,0,0,0,0,0.0,0.0,0,0,0,0,0,0,0.0,0.0,0,0,0.0,0,0.0,0,0,0,0,0,0,0,0,0,0,0.0,0,0.0,0,0,0,0,0.0,0.0,0,0,0,0.0,0,0,0,0.0,0.0,0.0,0,0,90,0,0,0,,,,,,,0
723,25-26-prem-crystal-palace-vs-leeds-united,79,0,0,0,0.0,0.0185991,0,0,0,0,84,47,81,1.0,15,0,0.0,5,45.0,2,0,4,2,13,11,0,7,2,2,100.0,5,71.0,0,0,0,0,0.0,0.0,0,0,0,0.0,0,0,0,0.0,100,0.0,2,0,80,0,0,0,,,,,,,17
24,25-26-champions-league-arsenal-vs-bayer-leverkusen,0,0,0,0,0.0,0.0,0,0,0,0,0,0,0.0,0.0,0,0,0.0,0,0.0,0,0,0,0,0,0,0,0,0,0,0.0,0,0.0,0,0,0,0,0.0,0.0,0,0,0,0.0,0,0,0,0.0,0.0,0.0,0,0,94,1,0,0,0.0,0.0,0.0,0.0,0.0,0.0,0
2,25-26-champions-league-arsenal-vs-bayer-leverkusen,0,0,0,0,0.0,0.0,0,0,0,0,0,0,0.0,0.0,0,0,0.0,0,0.0,0,0,0,0,0,0,0,0,0,0,0.0,0,0.0,0,0,0,0,0.0,0.0,0,0,0,0.0,0,0,0,0.0,0.0,0.0,0,0,94,1,0,0,0.0,0.0,0.0,0.0,0.0,0.0,0
1,25-26-champions-league-arsenal-vs-bayer-leverkusen,90,0,0,0,0.0,0.0,0,0,0,0,33,0,0.0,0.0,3,0,0.0,0,0.0,0,0,7,0,0,0,0,0,0,0,0.0,0,0.0,0,0,2,1,0.68,-0.32,1,18,1,0.0,1,1,0,0.0,0.0,0.0,0,0,94,1,0,0,0.0,0.0,0.0,0.0,0.0,0.0,0
31,25-26-champions-league-arsenal-vs-bayer-leverkusen,8,0,0,0,0.0,0.0,0,0,0,0,0,0,0.0,0.0,0,0,0.0,0,0.0,0,0,0,0,0,0,0,0,0,0,0.0,0,0.0,0,0,0,0,0.0,0.0,0,0,0,0.0,0,0,0,0.0,0.0,0.0,0,82,94,0,0,0,0.0,0.0,0.0,0.0,0.0,0.0,0
21,25-26-champions-league-arsenal-vs-bayer-leverkusen,90,0,0,0,0.0,0.08,0,0,0,0,86,73,96.0,1.0,9,1,20.0,1,50.0,0,1,3,0,0,0,0,0,1,0,0.0,0,0.0,0,1,0,0,0.0,0.0,0,0,0,0.0,0,0,0,0.0,0.0,0.0,0,0,94,1,0,0,0.0,0.0,0.0,0.0,0.0,0.0,0
666,25-26-champions-league-arsenal-vs-bayer-leverkusen,74,0,0,0,0.0,0.25,0,0,0,4,21,11,69.0,1.0,0,0,0.0,0,0.0,0,1,0,0,0,0,1,3,4,2,40.0,1,50.0,2,1,0,0,0.0,0.0,0,0,0,1.0,0,0,0,0.0,0.0,0.0,0,0,74,1,0,0,0.0,0.0,0.0,0.0,0.0,0.0,0
30,25-26-champions-league-arsenal-vs-bayer-leverkusen,16,1,0,0,0.79,0.0,1,0,0,1,7,2,50.0,0.0,0,0,0.0,0,0.0,0,0,0,0,0,0,0,2,2,0,0.0,2,100.0,0,1,0,0,0.0,0.0,0,0,0,0.0,0,0,0,0.0,0.0,0.85,0,74,94,0,1,0,0.0,0.0,0.0,0.0,0.0,0.0,0
18,25-26-champions-league-arsenal-vs-bayer-leverkusen,30,0,0,0,0.0,0.11,0,0,0,3,28,19,95.0,0.0,2,1,25.0,0,0.0,1,0,2,0,0,0,0,3,0,3,100.0,0,0.0,1,0,0,0,0.0,0.0,0,0,0,0.0,0,0,0,0.0,0.0,0.0,0,60,94,0,0,0,0.0,0.0,0.0,0.0,0.0,0.0,0
7,25-26-champions-league-arsenal-vs-bayer-leverkusen,0,0,0,0,0.0,0.0,0,0,0,0,0,0,0.0,0.0,0,0,0.0,0,0.0,0,0,0,0,0,0,0,0,0,0,0.0,0,0.0,0,0,0,0,0.0,0.0,0,0,0,0.0,0,0,0,0.0,0.0,0.0,0,0,94,1,0,0,0.0,0.0,0.0,0.0,0.0,0.0,0
725,25-26-champions-league-arsenal-vs-bayer-leverkusen,90,0,0,0,0.05,0.02,1,0,0,4,50,28,76.0,0.0,10,0,0.0,1,33.0,0,0,2,0,0,0,0,0,4,0,0.0,0,0.0,0,0,0,0,0.0,0.0,0,0,0,1.0,0,0,0,0.0,0.0,0.19,0,0,94,1,0,0,0.0,0.0,0.0,0.0,0.0,0.0,0
662,25-26-champions-league-arsenal-vs-bayer-leverkusen,0,0,0,0,0.0,0.0,0,0,0,0,0,0,0.0,0.0,0,0,0.0,0,0.0,0,0,0,0,0,0,0,0,0,0,0.0,0,0.0,0,0,0,0,0.0,0.0,0,0,0,0.0,0,0,0,0.0,0.0,0.0,0,0,94,1,0,0,0.0,0.0,0.0,0.0,0.0,0.0,0
10,25-26-champions-league-arsenal-vs-bayer-leverkusen,0,0,0,0,0.0,0.0,0,0,0,0,0,0,0.0,0.0,0,0,0.0,0,0.0,0,0,0,0,0,0,0,0,0,0,0.0,0,0.0,0,0,0,0,0.0,0.0,0,0,0,0.0,0,0,0,0.0,0.0,0.0,0,0,94,1,0,0,0.0,0.0,0.0,0.0,0.0,0.0,0
700,25-26-champions-league-arsenal-vs-bayer-leverkusen,0,0,0,0,0.0,0.0,0,0,0,0,0,0,0.0,0.0,0,0,0.0,0,0.0,0,0,0,0,0,0,0,0,0,0,0.0,0,0.0,0,0,0,0,0.0,0.0,0,0,0,0.0,0,0,0,0.0,0.0,0.0,0,0,94,1,0,0,0.0,0.0,0.0,0.0,0.0,0.0,0
759,25-26-champions-league-arsenal-vs-bayer-leverkusen,0,0,0,0,0.0,0.0,0,0,0,0,0,0,0.0,0.0,0,0,0.0,0,0.0,0,0,0,0,0,0,0,0,0,0,0.0,0,0.0,0,0,0,0,0.0,0.0,0,0,0,0.0,0,0,0,0.0,0.0,0.0,0,0,94,1,0,0,0.0,0.0,0.0,0.0,0.0,0.0,0
252,25-26-champions-league-chelsea-vs-paris-saint-germain,0,0,0,0,0.0,0.0,0,0,0,0,0,0,0.0,0.0,0,0,0.0,0,0.0,0,0,0,0,0,0,0,0,0,0,0.0,0,0.0,0,0,0,0,0.0,0.0,0,0,0,0.0,0,0,0,0.0,0.0,0.0,0,0,94,5,0,0,0.0,0.0,0.0,0.0,0.0,0.0,0
672,25-26-champions-league-chelsea-vs-paris-saint-germain,0,0,0,0,0.0,0.0,0,0,0,0,0,0,0.0,0.0,0,0,0.0,0,0.0,0,0,0,0,0,0,0,0,0,0,0.0,0,0.0,0,0,0,0,0.0,0.0,0,0,0,0.0,0,0,0,0.0,0.0,0.0,0,0,94,5,0,0,0.0,0.0,0.0,0.0,0.0,0.0,0
231,25-26-champions-league-chelsea-vs-paris-saint-germain,0,0,0,0,0.0,0.0,0,0,0,0,0,0,0.0,0.0,0,0,0.0,0,0.0,0,0,0,0,0,0,0,0,0,0,0.0,0,0.0,0,0,0,0,0.0,0.0,0,0,0,0.0,0,0,0,0.0,0.0,0.0,0,0,94,5,0,0,0.0,0.0,0.0,0.0,0.0,0.0,0
232,25-26-champions-league-chelsea-vs-paris-saint-germain,0,0,0,0,0.0,0.0,0,0,0,0,0,0,0.0,0.0,0,0,0.0,0,0.0,0,0,0,0,0,0,0,0,0,0,0.0,0,0.0,0,0,0,0,0.0,0.0,0,0,0,0.0,0,0,0,0.0,0.0,0.0,0,0,94,5,0,0,0.0,0.0,0.0,0.0,0.0,0.0,0
220,25-26-champions-league-chelsea-vs-paris-saint-germain,0,0,0,0,0.0,0.0,0,0,0,0,0,0,0.0,0.0,0,0,0.0,0,0.0,0,0,0,0,0,0,0,0,0,0,0.0,0,0.0,0,0,0,0,0.0,0.0,0,0,0,0.0,0,0,0,0.0,0.0,0.0,0,0,94,5,0,0,0.0,0.0,0.0,0.0,0.0,0.0,0
226,25-26-champions-league-chelsea-vs-paris-saint-germain,90,0,0,0,0.0,0.0,0,0,0,0,52,46,96.0,0.0,1,0,0.0,1,33.0,0,1,4,0,1,0,2,0,2,0,0.0,0,0.0,0,0,0,0,0.0,0.0,0,0,0,0.0,0,0,0,0.0,0.0,0.0,0,0,94,5,0,0,0.0,0.0,0.0,0.0,0.0,0.0,0
230,25-26-champions-league-chelsea-vs-paris-saint-germain,90,0,0,0,0.0,0.0,0,0,0,0,59,42,89.0,0.0,1,0,0.0,1,33.0,2,2,1,1,2,0,1,3,2,3,60.0,0,0.0,1,0,0,0,0.0,0.0,0,0,0,1.0,0,0,0,0.0,0.0,0.0,0,0,94,5,0,0,0.0,0.0,0.0,0.0,0.0,0.0,0
244,25-26-champions-league-chelsea-vs-paris-saint-germain,7,0,0,0,0.0,0.0,0,0,0,0,5,5,100.0,0.0,1,0,0.0,0,0.0,0,0,0,0,0,0,1,1,1,0,0.0,1,100.0,0,0,0,0,0.0,0.0,0,0,0,0.0,0,0,0,0.0,0.0,0.0,0,83,94,2,0,0,0.0,0.0,0.0,0.0,0.0,0.0,0
228,25-26-champions-league-chelsea-vs-paris-saint-germain,88,1,0,0,0.17,0.02,1,0,0,2,57,23,77.0,1.0,4,0,0.0,1,20.0,4,3,6,0,0,0,0,8,3,7,88.0,1,33.0,1,0,0,0,0.0,0.0,0,0,0,1.0,0,0,0,0.0,0.0,0.06,0,0,88,4,0,0,0.0,0.0,0.0,0.0,0.0,0.0,0
221,25-26-champions-league-chelsea-vs-paris-saint-germain,90,0,0,0,0.0,0.0,0,0,0,0,64,0,0.0,0.0,4,0,0.0,0,0.0,0,0,11,0,0,0,0,2,0,2,100.0,0,0.0,0,0,3,5,1.79,-3.21,1,40,11,0.0,0,1,0,0.0,0.0,0.0,0,0,94,5,0,0,0.0,0.0,0.0,0.0,0.0,0.0,0
453,25-26-champions-league-chelsea-vs-paris-saint-germain,2,0,0,0,0.0,0.0,0,0,0,0,0,0,0.0,0.0,0,0,0.0,0,0.0,0,0,0,0,0,0,0,0,0,0,0.0,0,0.0,0,0,0,0,0.0,0.0,0,0,0,0.0,0,0,0,0.0,0.0,0.0,0,88,94,1,0,0,0.0,0.0,0.0,0.0,0.0,0.0,0
246,25-26-champions-league-chelsea-vs-paris-saint-germain,0,0,0,0,0.0,0.0,0,0,0,0,0,0,0.0,0.0,0,0,0.0,0,0.0,0,0,0,0,0,0,0,0,0,0,0.0,0,0.0,0,0,0,0,0.0,0.0,0,0,0,0.0,0,0,0,0.0,0.0,0.0,0,0,94,5,0,0,0.0,0.0,0.0,0.0,0.0,0.0,0
570,25-26-champions-league-tottenham-hotspur-vs-atletico-madrid,90,0,0,0,0.0,0.05,0,0,0,0,60,33,79.0,0.0,2,0,0.0,0,0.0,1,2,3,2,2,2,2,3,4,2,33.0,1,100.0,1,2,0,0,0.0,0.0,0,0,0,0.0,0,0,0,0.0,0.0,0.0,0,0,90,5,0,0,0.0,0.0,0.0,0.0,0.0,0.0,0
569,25-26-champions-league-tottenham-hotspur-vs-atletico-madrid,90,0,0,0,0.05,0.33,0,0,0,2,61,44,94.0,0.0,4,0,0.0,1,33.0,0,4,6,0,3,1,0,4,6,3,43.0,1,33.0,3,3,0,0,0.0,0.0,0,0,0,1.0,0,0,0,0.0,0.0,0.0,0,0,90,5,0,0,0.0,0.0,0.0,0.0,0.0,0.0,0
726,25-26-champions-league-tottenham-hotspur-vs-atletico-madrid,45,0,0,0,0.0,0.0,0,0,0,2,14,1,33.0,0.0,1,0,0.0,0,0.0,0,0,2,0,1,1,0,1,3,1,25.0,0,0.0,1,0,0,0,0.0,0.0,0,0,0,1.0,0,0,0,0.0,0.0,0.0,0,0,46,4,0,0,0.0,0.0,0.0,0.0,0.0,0.0,0
33,25-26-europa-league-aston-villa-vs-lille,0,0,0,0,0.0,0.0,0,0,0,0,0,0,0.0,0.0,0,0,0.0,0,0.0,0,0,0,0,0,0,0,0,0,0,0.0,0,0.0,0,0,0,0,0.0,0.0,0,0,0,0.0,0,0,0,0.0,0.0,0.0,0,0,92,0,0,0,0.0,0.0,0.0,0.0,0.0,0.0,0
37,25-26-europa-league-aston-villa-vs-lille,90,0,0,0,0.0,0.01,0,0,0,0,56,29,88.0,0.0,3,0,0.0,0,0.0,3,0,2,0,7,4,1,4,2,4,67.0,0,0.0,1,2,0,0,0.0,0.0,0,0,0,0.0,0,0,0,0.0,0.0,0.0,0,0,92,0,0,0,0.0,0.0,0.0,0.0,0.0,0.0,0
719,25-26-europa-league-aston-villa-vs-lille,0,0,0,0,0.0,0.0,0,0,0,0,0,0,0.0,0.0,0,0,0.0,0,0.0,0,0,0,0,0,0,0,0,0,0,0.0,0,0.0,0,0,0,0,0.0,0.0,0,0,0,0.0,0,0,0,0.0,0.0,0.0,0,0,92,0,0,0,0.0,0.0,0.0,0.0,0.0,0.0,0
54,25-26-europa-league-aston-villa-vs-lille,13,0,0,0,0.0,0.23,0,0,0,0,13,7,100.0,0.0,2,1,100.0,2,100.0,1,0,2,0,0,0,0,2,2,2,50.0,0,0.0,1,0,0,0,0.0,0.0,0,0,0,2.0,0,0,0,0.0,0.0,0.0,0,77,92,0,0,0,0.0,0.0,0.0,0.0,0.0,0.0,0
40,25-26-europa-league-aston-villa-vs-lille,0,0,0,0,0.0,0.0,0,0,0,0,0,0,0.0,0.0,0,0,0.0,0,0.0,0,0,0,0,0,0,0,0,0,0,0.0,0,0.0,0,0,0,0,0.0,0.0,0,0,0,0.0,0,0,0,0.0,0.0,0.0,0,0,92,0,0,0,0.0,0.0,0.0,0.0,0.0,0.0,0
64,25-26-europa-league-aston-villa-vs-lille,77,1,0,0,0.05,0.01,1,0,0,5,20,5,50.0,0.0,1,0,0.0,0,0.0,0,0,1,0,0,0,0,2,4,1,25.0,1,50.0,1,1,0,0,0.0,0.0,0,0,0,2.0,0,0,0,0.0,0.0,0.08,0,0,77,0,0,0,0.0,0.0,0.0,0.0,0.0,0.0,0
11,25-26-champions-league-arsenal-vs-bayer-leverkusen,0,0,0,0,0.0,0.0,0,0,0,0,0,0,0.0,0.0,0,0,0.0,0,0.0,0,0,0,0,0,0,0,0,0,0,0.0,0,0.0,0,0,0,0,0.0,0.0,0,0,0,0.0,0,0,0,0.0,0.0,0.0,0,0,94,1,0,0,0.0,0.0,0.0,0.0,0.0,0.0,0
5,25-26-champions-league-arsenal-vs-bayer-leverkusen,90,0,0,0,0.0,0.02,0,0,0,1,76,61,94.0,0.0,5,0,0.0,3,75.0,1,0,2,2,5,5,2,4,3,2,40.0,2,100.0,1,1,0,0,0.0,0.0,0,0,0,0.0,0,0,0,0.0,0.0,0.0,0,0,94,1,0,0,0.0,0.0,0.0,0.0,0.0,0.0,0
266,25-26-champions-league-arsenal-vs-bayer-leverkusen,82,0,0,0,0.0,0.1,0,0,0,1,56,40,89.0,1.0,4,1,50.0,1,100.0,0,0,3,0,1,0,0,3,3,1,33.0,2,67.0,0,0,0,0,0.0,0.0,0,0,0,0.0,0,0,0,0.0,0.0,0.0,0,0,82,1,0,0,0.0,0.0,0.0,0.0,0.0,0.0,0
8,25-26-champions-league-arsenal-vs-bayer-leverkusen,90,0,0,0,0.43,0.13,0,0,0,4,47,28,78.0,0.0,3,0,0.0,1,50.0,1,1,3,0,0,0,0,3,1,2,67.0,1,100.0,0,0,0,0,0.0,0.0,0,0,0,1.0,0,0,0,0.0,0.0,0.0,0,0,94,1,0,0,0.0,0.0,0.0,0.0,0.0,0.0,0
6,25-26-champions-league-arsenal-vs-bayer-leverkusen,90,0,0,0,0.0,0.03,0,0,0,0,93,77,90.0,0.0,10,0,0.0,1,33.0,0,0,6,0,3,2,0,4,2,2,50.0,2,100.0,1,2,0,0,0.0,0.0,0,0,0,0.0,0,0,0,0.0,0.0,0.0,0,0,94,1,0,0,0.0,0.0,0.0,0.0,0.0,0.0,0
456,25-26-europa-league-aston-villa-vs-lille,83,0,0,0,0.0,0.03,0,0,0,3,52,32,84.0,1.0,3,0,0.0,1,100.0,3,0,5,0,1,0,1,6,4,5,62.0,1,50.0,1,0,0,0,0.0,0.0,0,0,0,1.0,0,0,0,0.0,0.0,0.0,0,0,83,0,0,0,0.0,0.0,0.0,0.0,0.0,0.0,0
47,25-26-europa-league-aston-villa-vs-lille,89,0,0,0,0.17,0.11,0,0,0,6,50,24,89.0,2.0,4,1,50.0,1,100.0,0,3,3,0,0,0,1,3,10,2,20.0,1,33.0,1,3,0,0,0.0,0.0,0,0,0,2.0,0,0,0,0.0,0.0,0.0,0,0,90,0,0,0,0.0,0.0,0.0,0.0,0.0,0.0,0
389,25-26-europa-league-aston-villa-vs-lille,1,0,0,0,0.0,0.0,0,0,0,0,8,5,100.0,0.0,0,0,0.0,0,0.0,1,0,0,0,0,0,0,2,0,2,100.0,0,0.0,0,0,0,0,0.0,0.0,0,0,0,0.0,0,0,0,0.0,0.0,0.0,0,90,92,0,0,0,0.0,0.0,0.0,0.0,0.0,0.0,0
16,25-26-champions-league-arsenal-vs-bayer-leverkusen,60,0,0,0,0.02,0.01,0,0,0,4,38,16,84.0,0.0,2,0,0.0,1,100.0,0,1,3,0,0,0,1,2,6,2,25.0,0,0.0,1,1,0,0,0.0,0.0,0,0,0,2.0,0,0,0,0.0,0.0,0.0,0,0,60,1,0,0,0.0,0.0,0.0,0.0,0.0,0.0,0
19,25-26-champions-league-arsenal-vs-bayer-leverkusen,90,0,0,0,0.35,0.42,0,0,0,3,43,25,93.0,1.0,1,3,50.0,2,100.0,0,1,6,0,0,0,0,5,5,4,50.0,1,50.0,2,1,0,0,0.0,0.0,0,0,0,3.0,0,0,0,0.0,0.0,0.0,0,0,94,1,0,0,0.0,0.0,0.0,0.0,0.0,0.0,0
225,25-26-champions-league-chelsea-vs-paris-saint-germain,90,0,0,0,0.0,0.37,0,0,0,0,56,41,95.0,3.0,4,1,100.0,1,100.0,2,0,6,0,0,0,0,6,2,5,71.0,1,100.0,2,0,0,0,0.0,0.0,0,0,0,2.0,0,0,0,0.0,0.0,0.0,0,0,94,5,0,0,0.0,0.0,0.0,0.0,0.0,0.0,0
236,25-26-champions-league-chelsea-vs-paris-saint-germain,90,0,1,0,0.0,0.27,0,0,0,3,36,19,86.0,2.0,0,1,33.0,0,0.0,0,1,2,0,1,1,2,2,5,1,17.0,1,100.0,0,0,0,0,0.0,0.0,0,0,0,2.0,0,0,0,0.0,0.0,0.0,0,0,94,5,0,0,0.0,0.0,0.0,0.0,0.0,0.0,0
224,25-26-champions-league-chelsea-vs-paris-saint-germain,90,0,0,0,0.0,0.08,0,0,0,1,66,37,79.0,1.0,4,1,100.0,0,0.0,2,1,1,0,2,0,0,2,1,2,100.0,0,0.0,0,1,0,0,0.0,0.0,0,0,0,0.0,0,0,0,0.0,0.0,0.0,0,0,94,5,0,0,0.0,0.0,0.0,0.0,0.0,0.0,0
235,25-26-champions-league-chelsea-vs-paris-saint-germain,83,0,0,0,0.16,0.04,1,0,0,5,37,18,90.0,0.0,2,0,0.0,0,0.0,1,0,3,0,1,1,0,3,7,3,33.0,0,0.0,2,0,0,0,0.0,0.0,0,0,0,2.0,0,0,0,0.0,0.0,0.09,0,0,83,3,0,0,0.0,0.0,0.0,0.0,0.0,0.0,0
250,25-26-champions-league-chelsea-vs-paris-saint-germain,7,0,0,0,0.03,0.0,0,0,0,1,1,0,0.0,0.0,0,0,0.0,0,0.0,0,0,0,0,0,0,0,0,1,0,0.0,0,0.0,0,1,0,0,0.0,0.0,0,0,0,0.0,0,0,0,0.0,0.0,0.0,0,83,94,2,0,0,0.0,0.0,0.0,0.0,0.0,0.0,0
241,25-26-champions-league-chelsea-vs-paris-saint-germain,90,0,0,0,0.0,0.01,0,0,0,0,52,33,85.0,0.0,5,0,0.0,3,75.0,5,0,6,0,1,1,0,8,1,8,89.0,0,0.0,3,1,0,0,0.0,0.0,0,0,0,0.0,0,0,0,0.0,0.0,0.0,0,0,94,5,0,0,0.0,0.0,0.0,0.0,0.0,0.0,0
237,25-26-champions-league-chelsea-vs-paris-saint-germain,90,1,1,0,0.69,0.08,1,0,0,2,50,29,78.0,2.0,5,0,0.0,2,50.0,3,2,6,0,0,0,0,5,5,5,50.0,0,0.0,1,3,0,0,0.0,0.0,0,0,0,0.0,0,0,0,0.0,0.0,0.78,0,0,94,5,0,0,0.0,0.0,0.0,0.0,0.0,0.0,0
233,25-26-champions-league-chelsea-vs-paris-saint-germain,0,0,0,0,0.0,0.0,0,0,0,0,0,0,0.0,0.0,0,0,0.0,0,0.0,0,0,0,0,0,0,0,0,0,0,0.0,0,0.0,0,0,0,0,0.0,0.0,0,0,0,0.0,0,0,0,0.0,0.0,0.0,0,0,94,5,0,0,0.0,0.0,0.0,0.0,0.0,0.0,0
566,25-26-champions-league-tottenham-hotspur-vs-atletico-madrid,0,0,0,0,0.0,0.0,0,0,0,0,0,0,0.0,0.0,0,0,0.0,0,0.0,0,0,0,0,0,0,0,0,0,0,0.0,0,0.0,0,0,0,0,0.0,0.0,0,0,0,0.0,0,0,0,0.0,0.0,0.0,0,0,90,5,0,0,0.0,0.0,0.0,0.0,0.0,0.0,0
573,25-26-champions-league-tottenham-hotspur-vs-atletico-madrid,83,0,0,0,0.0,0.05,0,0,0,2,59,21,84.0,1.0,5,0,0.0,1,50.0,0,2,3,0,1,0,1,8,8,7,50.0,1,50.0,2,1,0,0,0.0,0.0,0,0,0,1.0,0,0,0,0.0,0.0,0.0,0,0,83,5,0,0,0.0,0.0,0.0,0.0,0.0,0.0,0
717,25-26-champions-league-tottenham-hotspur-vs-atletico-madrid,7,0,0,0,0.0,0.0,0,0,0,0,9,9,100.0,0.0,0,0,0.0,0,0.0,0,0,1,0,0,0,0,0,1,0,0.0,0,0.0,0,0,0,0,0.0,0.0,0,0,0,0.0,0,0,0,0.0,0.0,0.0,0,83,90,0,0,0,0.0,0.0,0.0,0.0,0.0,0.0,0
572,25-26-champions-league-tottenham-hotspur-vs-atletico-madrid,0,0,0,0,0.0,0.0,0,0,0,0,0,0,0.0,0.0,0,0,0.0,0,0.0,0,0,0,0,0,0,0,0,0,0,0.0,0,0.0,0,0,0,0,0.0,0.0,0,0,0,0.0,0,0,0,0.0,0.0,0.0,0,0,90,5,0,0,0.0,0.0,0.0,0.0,0.0,0.0,0
49,25-26-europa-league-aston-villa-vs-lille,7,0,0,0,0.0,0.01,0,0,0,1,6,3,100.0,0.0,0,0,0.0,0,0.0,0,0,2,0,0,0,0,2,0,2,100.0,0,0.0,1,0,0,0,0.0,0.0,0,0,0,0.0,0,0,0,0.0,0.0,0.0,0,83,92,0,0,0,0.0,0.0,0.0,0.0,0.0,0.0,0
38,25-26-europa-league-aston-villa-vs-lille,90,0,0,0,0.0,0.01,0,0,0,1,75,61,95.0,0.0,4,0,0.0,3,60.0,1,0,3,0,6,4,0,4,1,3,100.0,1,50.0,1,0,0,0,0.0,0.0,0,0,0,0.0,0,0,0,0.0,0.0,0.0,0,0,92,0,0,0,0.0,0.0,0.0,0.0,0.0,0.0,0
808,25-26-europa-league-aston-villa-vs-lille,13,0,0,0,0.0,0.0,0,0,0,0,1,0,0.0,0.0,0,0,0.0,0,0.0,0,0,0,0,0,0,0,1,1,0,0.0,1,50.0,0,0,0,0,0.0,0.0,0,0,0,0.0,0,0,0,0.0,0.0,0.0,0,77,92,0,0,0,0.0,0.0,0.0,0.0,0.0,0.0,0
39,25-26-europa-league-aston-villa-vs-lille,7,0,0,0,0.0,0.0,0,0,0,0,6,2,100.0,0.0,0,0,0.0,0,0.0,0,1,1,0,1,0,0,0,0,0,0.0,0,0.0,0,0,0,0,0.0,0.0,0,0,0,0.0,0,0,0,0.0,0.0,0.0,0,83,92,0,0,0,0.0,0.0,0.0,0.0,0.0,0.0,0
699,25-26-europa-league-aston-villa-vs-lille,77,0,0,0,0.05,0.28,0,0,0,2,59,42,89.0,1.0,9,0,0.0,5,71.0,2,1,3,0,0,0,0,3,2,3,60.0,0,0.0,0,1,0,0,0.0,0.0,0,0,0,0.0,0,0,0,0.0,0.0,0.0,0,0,77,0,0,0,0.0,0.0,0.0,0.0,0.0,0.0,0
41,25-26-europa-league-aston-villa-vs-lille,90,0,0,0,0.0,0.01,0,0,0,0,78,54,82.0,0.0,8,0,0.0,6,60.0,0,0,3,2,4,2,1,6,2,1,50.0,5,83.0,0,0,0,0,0.0,0.0,0,0,0,0.0,0,0,0,0.0,0.0,0.0,0,0,92,0,0,0,0.0,0.0,0.0,0.0,0.0,0.0,0
59,25-26-europa-league-aston-villa-vs-lille,90,0,0,0,0.06,0.12,0,0,0,0,72,57,93.0,0.0,12,0,0.0,2,67.0,0,4,10,0,1,1,0,1,1,1,50.0,0,0.0,0,1,0,0,0.0,0.0,0,0,0,0.0,0,0,0,0.0,0.0,0.0,0,0,92,0,0,0,0.0,0.0,0.0,0.0,0.0,0.0,0
44,25-26-europa-league-aston-villa-vs-lille,90,0,0,0,0.0,0.01,0,0,0,1,52,33,89.0,1.0,5,0,0.0,2,100.0,2,1,2,0,2,2,0,5,1,4,80.0,1,100.0,2,0,0,0,0.0,0.0,0,0,0,1.0,0,0,0,0.0,0.0,0.0,0,0,92,0,0,0,0.0,0.0,0.0,0.0,0.0,0.0,0
42,25-26-europa-league-aston-villa-vs-lille,0,0,0,0,0.0,0.0,0,0,0,0,0,0,0.0,0.0,0,0,0.0,0,0.0,0,0,0,0,0,0,0,0,0,0,0.0,0,0.0,0,0,0,0,0.0,0.0,0,0,0,0.0,0,0,0,0.0,0.0,0.0,0,0,92,0,0,0,0.0,0.0,0.0,0.0,0.0,0.0,0
753,25-26-prem-chelsea-vs-newcastle-united,0,0,0,0,0.0,0.0,0,0,0,0,0,0,0.0,0.0,0,0,0.0,0,0.0,0,0,0,0,0,0,0,0,0,0,0.0,0,0.0,0,0,0,0,0.0,0.0,0,0,0,0.0,0,0,0,0.0,0.0,0.0,0,0,90,0,0,0,,,,,,,0
476,25-26-prem-chelsea-vs-newcastle-united,13,0,0,0,0.0,0.00034673,0,0,0,0,8,3,100.0,0.0,1,0,0.0,0,0.0,0,0,0,0,5,4,0,2,0,1,100,1,100.0,0,0,0,0,0.0,0.0,0,0,0,0.0,0,0,0,0.0,0.0,0.0,1,77,90,0,0,0,,,,,,,5
490,25-26-prem-chelsea-vs-newcastle-united,23,0,0,0,0.0,0.00062528,0,0,0,0,8,6,86.0,0.0,0,0,0.0,1,100.0,0,1,1,0,0,0,0,1,1,0,0.0,1,100.0,0,1,0,0,0.0,0.0,0,0,0,0.0,0,0,0,0.0,0.0,0.0,0,67,90,0,0,0,,,,,,,2
135,25-26-prem-chelsea-vs-newcastle-united,0,0,0,0,0.0,0.0,0,0,0,0,0,0,0.0,0.0,0,0,0.0,0,0.0,0,0,0,0,0,0,0,0,0,0,0.0,0,0.0,0,0,0,0,0.0,0.0,0,0,0,0.0,0,0,0,0.0,0.0,0.0,0,0,90,0,0,0,,,,,,,0
232,25-26-prem-chelsea-vs-newcastle-united,0,0,0,0,0.0,0.0,0,0,0,0,0,0,0.0,0.0,0,0,0.0,0,0.0,0,0,0,0,0,0,0,0,0,0,0.0,0,0.0,0,0,0,0,0.0,0.0,0,0,0,0.0,0,0,0,0.0,0.0,0.0,0,0,90,1,0,0,,,,,,,0
674,25-26-prem-chelsea-vs-newcastle-united,90,0,0,0,0.0,0.00201931,0,0,0,0,58,24,53,0.0,15,0,0.0,7,27,0,0,9,0,2,0,0,1,1,0,0.0,1,50.0,0,0,3,0,0.44,0.44,3,23,7,0.0,4,1,0,0.0,0.0,0.0,0,0,90,0,0,0,,,,,,,0
487,25-26-prem-chelsea-vs-newcastle-united,90,0,0,0,0.0,0.037498,0,0,0,2,34,17,71.0,1.0,3,0,0.0,0,0.0,0,1,1,0,1,0,0,1,1,1,50.0,0,0.0,1,1,0,0,0.0,0.0,0,0,0,0.0,0,0,0,0.0,0.0,0.0,0,0,90,0,0,0,,,,,,,3
52,25-26-prem-chelsea-vs-newcastle-united,90,0,0,1,0.08,0.026166,1,0,0,0,37,32,91.0,3.0,5,0,0.0,1,100.0,0,1,2,0,0,0,1,0,1,0,0.0,0,0.0,0,0,0,0,0.0,0.0,0,0,0,0.0,0,0,0,0.0,0.0,0.0761,0,0,90,0,0,0,,,,,,,3
486,25-26-prem-chelsea-vs-newcastle-united,12,0,0,0,0.0,0.00001772,0,0,0,0,3,1,100.0,0.0,0,0,0.0,0,0.0,0,1,0,0,0,0,0,1,1,1,100.0,0,0.0,0,0,0,0,0.0,0.0,0,0,0,0.0,0,0,0,0.0,0.0,0.0,1,78,90,0,0,0,,,,,,,2
235,25-26-prem-chelsea-vs-newcastle-united,90,0,0,3,0.3,0.316147,1,2,0,6,67,35,88.0,3.0,4,2,50.0,2,67.0,0,0,4,0,0,0,1,5,5,5,50,0,0.0,2,0,0,0,0.0,0.0,0,0,0,2.0,0,0,0,50,0.0,0.1411,1,0,90,1,0,0,,,,,,,5
244,25-26-prem-chelsea-vs-newcastle-united,29,0,0,0,0.0,0.0278544,0,0,0,0,35,29,94.0,0.0,2,0,0.0,0,0.0,0,1,2,0,0,0,0,0,3,0,0.0,0,0.0,0,2,0,0,0.0,0.0,0,0,0,0.0,0,0,0,0.0,0.0,0.0,0,61,90,0,0,0,,,,,,,3
228,25-26-prem-chelsea-vs-newcastle-united,45,0,0,0,0.0,0.0261836,0,1,0,2,48,29,94.0,1.0,0,1,20.0,1,50.0,0,0,1,0,1,0,0,2,1,2,67.0,0,0.0,1,0,0,0,0.0,0.0,0,0,0,0.0,0,0,0,50,0.0,0.0,0,0,46,1,0,0,,,,,,,1
473,25-26-prem-chelsea-vs-newcastle-united,90,0,0,0,0.0,0.118925,0,0,0,0,77,38,81.0,1.0,14,2,50.0,3,50.0,1,1,7,0,3,2,0,3,5,3,43,0,0.0,2,1,0,0,0.0,0.0,0,0,0,3.0,0,0,0,0.0,100,0.0,1,0,90,0,0,0,,,,,,,5
252,25-26-prem-chelsea-vs-newcastle-united,0,0,0,0,0.0,0.0,0,0,0,0,0,0,0.0,0.0,0,0,0.0,0,0.0,0,0,0,0,0,0,0,0,0,0,0.0,0,0.0,0,0,0,0,0.0,0.0,0,0,0,0.0,0,0,0,0.0,0.0,0.0,0,0,90,1,0,0,,,,,,,0
481,25-26-prem-chelsea-vs-newcastle-united,0,0,0,0,0.0,0.0,0,0,0,0,0,0,0.0,0.0,0,0,0.0,0,0.0,0,0,0,0,0,0,0,0,0,0,0.0,0,0.0,0,0,0,0,0.0,0.0,0,0,0,0.0,0,0,0,0.0,0.0,0.0,0,0,90,0,0,0,,,,,,,0
246,25-26-prem-chelsea-vs-newcastle-united,0,0,0,0,0.0,0.0,0,0,0,0,0,0,0.0,0.0,0,0,0.0,0,0.0,0,0,0,0,0,0,0,0,0,0,0.0,0,0.0,0,0,0,0,0.0,0.0,0,0,0,0.0,0,0,0,0.0,0.0,0.0,0,0,90,1,0,0,,,,,,,0
220,25-26-prem-chelsea-vs-newcastle-united,90,0,0,0,0.0,0.00243725,0,0,0,0,44,20,69,0.0,4,0,0.0,6,43,0,0,7,0,1,0,0,1,0,0,0.0,1,100.0,1,0,4,1,1.48,0.48,0,22,5,0.0,1,1,0,0.0,0.0,0.0,0,0,90,1,0,0,,,,,,,0
231,25-26-prem-chelsea-vs-newcastle-united,0,0,0,0,0.0,0.0,0,0,0,0,0,0,0.0,0.0,0,0,0.0,0,0.0,0,0,0,0,0,0,0,0,0,0,0.0,0,0.0,0,0,0,0,0.0,0.0,0,0,0,0.0,0,0,0,0.0,0.0,0.0,0,0,90,1,0,0,,,,,,,0
237,25-26-prem-chelsea-vs-newcastle-united,90,0,0,2,0.09,0.147592,0,1,0,0,96,72,90.0,2.0,11,0,0.0,4,100.0,0,2,3,0,0,0,2,4,3,4,57.0,0,0.0,2,0,0,0,0.0,0.0,0,0,0,0.0,0,0,0,50,0.0,0.0,1,0,90,1,0,0,,,,,,,6
226,25-26-prem-chelsea-vs-newcastle-united,90,0,0,1,0.16,0.0189,0,0,0,2,92,83,100.0,0.0,6,0,0.0,1,100.0,1,1,2,0,1,1,0,3,2,1,100.0,2,50,0,0,0,0,0.0,0.0,0,0,0,0.0,0,0,0,0.0,100,0.0,1,0,90,1,0,0,,,,,,,3
241,25-26-prem-chelsea-vs-newcastle-united,60,0,0,0,0.0,0.105084,0,0,0,0,73,61,92.0,1.0,7,0,0.0,1,50.0,1,0,3,0,0,0,1,2,4,2,50.0,0,0.0,0,1,0,0,0.0,0.0,0,0,0,0.0,0,0,0,0.0,50,0.0,2,0,61,1,0,0,,,,,,,5
714,25-26-prem-chelsea-vs-newcastle-united,66,0,0,0,0.0,0.00248535,0,2,0,2,26,9,69.0,0.0,1,0,0.0,0,0.0,1,1,3,0,1,0,0,8,4,6,67.0,2,67.0,1,1,0,0,0.0,0.0,0,0,0,0.0,0,0,0,50,33,0.0,3,0,67,0,0,0,,,,,,,8
477,25-26-prem-chelsea-vs-newcastle-united,90,0,0,0,0.0,0.205753,0,1,0,0,41,20,91.0,0.0,5,0,0.0,1,50.0,0,0,3,0,1,0,1,2,7,1,14.0,1,50.0,0,2,0,0,0.0,0.0,0,0,0,0.0,0,0,0,25,0.0,0.0,0,0,90,0,0,0,,,,,,,1
494,25-26-prem-chelsea-vs-newcastle-united,76,0,1,1,0.01,0.256392,1,0,0,3,39,23,72.0,2.0,3,0,0.0,0,0.0,0,1,5,0,0,0,2,4,4,1,20.0,3,100.0,0,1,0,0,0.0,0.0,0,0,0,0.0,0,0,0,0.0,0.0,0.2461,1,0,77,0,0,0,,,,,,,7
224,25-26-prem-chelsea-vs-newcastle-united,90,0,0,0,0.0,0.0577824,0,0,0,6,91,63,93.0,4.0,5,0,0.0,0,0,0,1,3,0,4,1,0,3,4,1,33.0,2,50.0,1,1,0,0,0.0,0.0,0,0,0,0.0,0,0,0,0.0,0.0,0.0,0,0,90,1,0,0,,,,,,,5
500,25-26-prem-chelsea-vs-newcastle-united,0,0,0,0,0.0,0.0,0,0,0,0,0,0,0.0,0.0,0,0,0.0,0,0.0,0,0,0,0,0,0,0,0,0,0,0.0,0,0.0,0,0,0,0,0.0,0.0,0,0,0,0.0,0,0,0,0.0,0.0,0.0,0,0,90,0,0,0,,,,,,,0
672,25-26-prem-chelsea-vs-newcastle-united,8,0,0,0,0.0,0.00893154,0,0,0,0,21,19,100.0,0.0,2,0,0.0,0,0.0,0,0,0,0,0,0,0,0,1,0,0.0,0,0.0,0,0,0,0,0.0,0.0,0,0,0,0.0,0,0,0,0.0,0.0,0.0,0,82,90,0,0,0,,,,,,,0
453,25-26-prem-chelsea-vs-newcastle-united,90,0,0,3,0.15,0.113846,1,1,0,4,63,41,93.0,3.0,0,0,0.0,0,0.0,1,1,1,0,0,0,1,2,6,2,33.0,0,0.0,0,0,0,0,0.0,0.0,0,0,0,1.0,0,0,0,33,100,0.0616,1,0,90,1,0,0,,,,,,,3
475,25-26-prem-chelsea-vs-newcastle-united,90,0,0,0,0.0,0.00073617,0,1,0,1,59,39,85.0,0.0,1,0,0.0,0,0.0,2,0,1,3,5,4,1,7,3,3,75.0,4,67.0,0,0,0,0,0.0,0.0,0,0,0,0.0,0,0,0,100,100,0.0,2,0,90,0,0,0,,,,,,,10
478,25-26-prem-chelsea-vs-newcastle-united,0,0,0,0,0.0,0.0,0,0,0,0,0,0,0.0,0.0,0,0,0.0,0,0.0,0,0,0,0,0,0,0,0,0,0,0.0,0,0.0,0,0,0,0,0.0,0.0,0,0,0,0.0,0,0,0,0.0,0.0,0.0,0,0,90,0,0,0,,,,,,,0
469,25-26-prem-chelsea-vs-newcastle-united,0,0,0,0,0.0,0.0,0,0,0,0,0,0,0.0,0.0,0,0,0.0,0,0.0,0,0,0,0,0,0,0,0,0,0,0.0,0,0.0,0,0,0,0,0.0,0.0,0,0,0,0.0,0,0,0,0.0,0.0,0.0,0,0,90,0,0,0,,,,,,,0
225,25-26-prem-chelsea-vs-newcastle-united,90,0,0,4,0.12,0.45951,0,0,0,3,106,75,97.0,4.0,8,4,40.0,1,100.0,0,1,4,0,2,1,0,0,4,0,0.0,0,0.0,0,2,0,0,0.0,0.0,0,0,0,1.0,0,0,0,0.0,0.0,0.0,0,0,90,1,0,0,,,,,,,3
485,25-26-prem-chelsea-vs-newcastle-united,90,1,0,3,1.12,0.00689246,3,1,0,1,28,13,93.0,0.0,1,0,0.0,1,100.0,2,0,4,0,0,0,0,8,2,8,100.0,0,0.0,4,0,0,0,0.0,0.0,0,0,0,0.0,0,0,0,100,67,1.1726,3,0,90,0,0,0,,,,,,,7
230,25-26-prem-chelsea-vs-newcastle-united,81,0,0,1,0.05,0.0188429,0,0,0,1,86,61,94.0,0.0,5,0,0.0,2,100.0,0,1,3,1,10,7,0,5,6,1,25.0,4,57,1,2,0,0,0.0,0.0,0,0,0,1.0,0,0,0,0.0,0.0,0.0,0,0,82,1,0,0,,,,,,,12
250,25-26-prem-chelsea-vs-newcastle-united,45,0,0,4,0.29,0.00082716,1,0,0,5,17,3,100.0,0.0,1,0,0.0,0,0.0,2,1,1,0,2,1,1,3,4,2,40.0,1,50,0,1,0,0,0.0,0.0,0,0,0,1.0,0,0,0,0.0,100,0.2369,2,46,90,0,0,0,,,,,,,6
684,25-26-prem-chelsea-vs-newcastle-united,90,0,0,1,0.16,0.00613585,0,0,0,1,48,24,83.0,0.0,1,0,0.0,1,20,0,0,0,4,9,6,0,5,5,2,50.0,3,50.0,1,3,0,0,0.0,0.0,0,0,0,0.0,0,0,0,0.0,0.0,0.0,1,0,90,0,0,0,,,,,,,14
489,25-26-prem-chelsea-vs-newcastle-united,77,0,0,1,0.03,0.0144938,0,1,0,2,30,10,77.0,0.0,4,0,0.0,1,100.0,3,0,2,0,2,0,0,5,2,5,83.0,0,0.0,0,0,0,0,0.0,0.0,0,0,0,1.0,0,0,0,100,75,0.0,4,0,78,0,0,0,,,,,,,8
470,25-26-prem-burnley-vs-afc-bournemouth,90,0,0,0,0.0,0.00151576,0,0,0,0,43,21,57,0.0,6,0,0.0,11,42,0,0,9,0,1,0,0,0,0,0,0.0,0,0.0,0,0,2,0,0.17,0.17,1,22,12,0.0,0,1,0,0.0,0.0,0.0,0,0,90,0,0,0,,,,,,,0
218,25-26-prem-burnley-vs-afc-bournemouth,0,0,0,0,0.0,0.0,0,0,0,0,0,0,0.0,0.0,0,0,0.0,0,0.0,0,0,0,0,0,0,0,0,0,0,0.0,0,0.0,0,0,0,0,0.0,0.0,0,0,0,0.0,0,0,0,0.0,0.0,0.0,0,0,90,0,0,0,,,,,,,0
187,25-26-prem-burnley-vs-afc-bournemouth,90,0,0,0,0.0,0.0146921,0,1,0,0,56,17,77.0,1.0,7,0,0.0,3,60.0,0,0,4,1,6,2,0,2,3,2,50.0,0,0.0,1,2,0,0,0.0,0.0,0,0,0,0.0,0,0,0,100,0.0,0.0,0,0,90,0,0,0,,,,,,,7
73,25-26-prem-burnley-vs-afc-bournemouth,60,0,0,0,0.0,0.0847368,0,1,0,0,45,21,84.0,2.0,6,1,50.0,1,25.0,3,0,2,3,3,2,2,6,3,5,63,1,100.0,1,1,0,0,0.0,0.0,0,0,0,0.0,0,0,0,100,100,0.0,3,0,61,0,0,0,,,,,,,9
614,25-26-prem-burnley-vs-afc-bournemouth,90,0,0,0,0.0,0.0903357,0,0,0,0,52,26,76,2.0,10,3,33,1,25,2,1,5,3,3,2,3,5,3,2,40.0,3,100,0,0,0,0,0.0,0.0,0,0,0,0.0,0,0,0,0.0,100,0.0,2,0,90,0,0,0,,,,,,,14
87,25-26-prem-burnley-vs-afc-bournemouth,60,0,0,1,0.03,0.0194946,0,1,0,0,45,21,72,0.0,6,0,0.0,0,0.0,2,1,6,1,1,1,2,7,7,5,45,2,67.0,1,0,0,0,0.0,0.0,0,0,0,1.0,0,0,0,33,67,0.0,3,0,61,0,0,0,,,,,,,12
98,25-26-prem-burnley-vs-afc-bournemouth,3,0,0,1,0.5,0.0038632,0,0,0,1,6,3,60.0,0.0,0,0,0.0,0,0.0,0,0,0,0,0,0,0,0,2,0,0.0,0,0.0,0,0,0,0,0.0,0.0,0,0,0,0.0,0,0,0,0.0,0.0,0.0,0,87,90,0,0,0,,,,,,,0
209,25-26-prem-burnley-vs-afc-bournemouth,87,0,0,0,0.0,0.0187675,0,3,0,1,39,19,83.0,0.0,4,0,0.0,1,100.0,2,1,2,0,1,1,0,9,4,8,73,1,50.0,1,2,0,0,0.0,0.0,0,0,0,1.0,0,0,0,100,50,0.0,4,0,88,0,0,0,,,,,,,8
685,25-26-prem-burnley-vs-afc-bournemouth,0,0,0,0,0.0,0.0,0,0,0,0,0,0,0.0,0.0,0,0,0.0,0,0.0,0,0,0,0,0,0,0,0,0,0,0.0,0,0.0,0,0,0,0,0.0,0.0,0,0,0,0.0,0,0,0,0.0,0.0,0.0,0,0,90,0,0,0,,,,,,,0
67,25-26-prem-burnley-vs-afc-bournemouth,90,0,0,0,0.0,0.00003312,0,0,0,0,22,14,82,0.0,0,0,0.0,0,0.0,0,0,5,0,0,0,0,0,0,0,0.0,0,0.0,0,0,2,0,0.21,0.21,0,14,0,0.0,1,1,0,0.0,0.0,0.0,0,0,90,0,0,0,,,,,,,0
697,25-26-prem-burnley-vs-afc-bournemouth,29,0,0,1,0.02,0.030293,0,0,0,1,19,14,88.0,1.0,1,0,0.0,0,0.0,0,0,2,0,0,0,0,0,1,0,0.0,0,0.0,0,0,0,0,0.0,0.0,0,0,0,0.0,0,0,0,0.0,0.0,0.0,0,61,90,0,0,0,,,,,,,2
97,25-26-prem-burnley-vs-afc-bournemouth,90,0,0,6,0.74,0.00099734,2,1,0,9,27,6,50.0,0.0,1,0,0.0,0,0.0,0,0,6,0,0,0,0,2,4,1,33.0,1,33.0,0,0,0,0,0.0,0.0,0,0,0,1.0,0,0,0,50,0.0,0.09,0,0,90,0,0,0,,,,,,,6
207,25-26-prem-burnley-vs-afc-bournemouth,90,0,0,2,0.06,0.0851417,0,3,0,0,59,21,66.0,2.0,6,1,100.0,0,0.0,1,1,6,0,1,1,2,7,15,6,35,1,20.0,1,2,0,0,0.0,0.0,0,0,0,6.0,0,0,0,60,50,0.0,2,0,90,0,0,0,,,,,,,10
74,25-26-prem-burnley-vs-afc-bournemouth,90,0,0,0,0.0,0.712766,0,1,0,2,74,36,78,2.0,4,2,67.0,0,0.0,1,2,5,1,6,4,0,6,2,4,67.0,2,100.0,1,0,0,0,0.0,0.0,0,0,0,1.0,0,0,0,33,50,0.0,2,0,90,0,0,0,,,,,,,11
676,25-26-prem-burnley-vs-afc-bournemouth,2,0,0,0,0.0,0.0,0,0,0,0,3,0,0.0,0.0,0,0,0.0,0,0.0,0,0,0,0,1,1,0,1,0,0,0.0,1,100.0,0,0,0,0,0.0,0.0,0,0,0,0.0,0,0,0,0.0,0.0,0.0,0,88,90,0,0,0,,,,,,,1
193,25-26-prem-burnley-vs-afc-bournemouth,90,0,0,2,0.1,0.0301862,0,0,0,3,37,17,71.0,1.0,5,0,0.0,3,50,0,0,5,4,4,2,0,1,5,0,0.0,1,25,0,1,0,0,0.0,0.0,0,0,0,0.0,0,0,0,0.0,0.0,0.0,0,0,90,0,0,0,,,,,,,8
191,25-26-prem-burnley-vs-afc-bournemouth,73,0,0,0,0.0,0.0032718,0,0,0,2,33,15,63,0.0,1,0,0.0,1,14.0,0,0,3,0,8,6,1,5,2,1,50.0,4,80.0,0,0,0,0,0.0,0.0,0,0,0,0.0,0,0,0,0.0,0.0,0.0,1,0,74,0,0,0,,,,,,,9
200,25-26-prem-burnley-vs-afc-bournemouth,90,0,0,5,0.28,0.386193,1,3,0,7,54,16,70,2.0,6,2,40.0,2,100.0,1,0,5,0,3,1,2,6,5,6,55,0,0.0,1,0,0,0,0.0,0.0,0,0,0,1.0,0,0,0,50,50,0.0973,2,0,90,0,0,0,,,,,,,9
215,25-26-prem-burnley-vs-afc-bournemouth,87,0,0,4,0.86,0.0898003,1,0,0,5,39,12,75,2.0,3,0,0.0,0,0.0,1,0,2,2,1,0,0,3,11,1,14.0,2,29,0,3,0,0,0.0,0.0,0,0,0,2.0,0,0,0,0.0,100,0.0417,1,0,88,0,0,0,,,,,,,6
217,25-26-prem-burnley-vs-afc-bournemouth,65,0,0,1,0.09,0.00289669,0,0,0,2,20,6,67.0,0.0,1,0,0.0,0,0.0,0,0,1,0,0,0,1,1,9,0,0.0,1,20.0,0,0,0,0,0.0,0.0,0,0,0,1.0,0,0,0,0.0,0.0,0.0,0,0,66,0,0,0,,,,,,,1
206,25-26-prem-burnley-vs-afc-bournemouth,24,0,0,1,0.02,0.00223455,0,0,0,1,14,8,73.0,0.0,0,0,0.0,0,0.0,0,0,4,0,0,0,1,0,1,0,0.0,0,0.0,0,0,0,0,0.0,0.0,0,0,0,0.0,0,0,0,0.0,0.0,0.0,0,66,90,0,0,0,,,,,,,4
86,25-26-prem-burnley-vs-afc-bournemouth,10,0,0,1,0.36,0.0151037,0,0,0,2,15,8,73,1.0,0,0,0.0,0,0.0,0,0,0,0,1,1,0,0,0,0,0.0,0,0.0,0,0,0,0,0.0,0.0,0,0,0,0.0,0,0,0,0.0,0.0,0.0,0,80,90,0,0,0,,,,,,,1
722,25-26-prem-burnley-vs-afc-bournemouth,0,0,0,0,0.0,0.0,0,0,0,0,0,0,0.0,0.0,0,0,0.0,0,0.0,0,0,0,0,0,0,0,0,0,0,0.0,0,0.0,0,0,0,0,0.0,0.0,0,0,0,0.0,0,0,0,0.0,0.0,0.0,0,0,90,0,0,0,,,,,,,0
77,25-26-prem-burnley-vs-afc-bournemouth,90,0,0,2,0.28,0.0637148,0,0,0,2,74,43,81,1.0,4,0,0.0,2,25.0,1,2,4,1,11,7,2,9,6,2,40.0,7,70.0,0,1,0,0,0.0,0.0,0,0,0,0.0,0,0,0,0.0,50,0.0,2,0,90,0,0,0,,,,,,,16
183,25-26-prem-burnley-vs-afc-bournemouth,0,0,0,0,0.0,0.0,0,0,0,0,0,0,0.0,0.0,0,0,0.0,0,0.0,0,0,0,0,0,0,0,0,0,0,0.0,0,0.0,0,0,0,0,0.0,0.0,0,0,0,0.0,0,0,0,0.0,0.0,0.0,0,0,90,0,0,0,,,,,,,0
680,25-26-prem-burnley-vs-afc-bournemouth,2,0,0,0,0.0,0.00223043,0,0,0,1,8,3,75.0,0.0,1,0,0.0,0,0.0,0,0,1,0,0,0,0,1,4,0,0.0,1,25.0,0,0,0,0,0.0,0.0,0,0,0,1.0,0,0,0,0.0,0.0,0.0,0,88,90,0,0,0,,,,,,,1
90,25-26-prem-burnley-vs-afc-bournemouth,90,0,0,1,0.02,0.052688,0,2,0,3,91,52,90.0,0.0,7,0,0.0,4,57,6,0,8,1,3,3,0,14,4,13,81,1,50.0,4,2,0,0,0.0,0.0,0,0,0,0.0,0,0,0,100,86,0.0,7,0,90,0,0,0,,,,,,,18
807,25-26-prem-burnley-vs-afc-bournemouth,86,0,0,1,0.02,0.0401699,0,0,0,3,41,22,76,0.0,0,0,0.0,1,25.0,0,0,4,0,2,1,0,2,2,1,50.0,1,50.0,1,1,0,0,0.0,0.0,0,0,0,0.0,0,0,0,0.0,0.0,0.0,0,0,87,0,0,0,,,,,,,6
210,25-26-prem-burnley-vs-afc-bournemouth,0,0,0,0,0.0,0.0,0,0,0,0,0,0,0.0,0.0,0,0,0.0,0,0.0,0,0,0,0,0,0,0,0,0,0,0.0,0,0.0,0,0,0,0,0.0,0.0,0,0,0,0.0,0,0,0,0.0,0.0,0.0,0,0,90,0,0,0,,,,,,,0
195,25-26-prem-burnley-vs-afc-bournemouth,16,0,0,0,0.0,0.00029226,0,0,0,1,7,3,60,0.0,0,0,0.0,0,0.0,0,0,0,0,0,0,0,0,0,0,0.0,0,0.0,0,0,0,0,0.0,0.0,0,0,0,0.0,0,0,0,0.0,0.0,0.0,0,74,90,0,0,0,,,,,,,0
721,25-26-prem-burnley-vs-afc-bournemouth,0,0,0,0,0.0,0.0,0,0,0,0,0,0,0.0,0.0,0,0,0.0,0,0.0,0,0,0,0,0,0,0,0,0,0,0.0,0,0.0,0,0,0,0,0.0,0.0,0,0,0,0.0,0,0,0,0.0,0.0,0.0,0,0,90,0,0,0,,,,,,,0
84,25-26-prem-burnley-vs-afc-bournemouth,90,0,0,4,0.2,0.418062,1,2,0,0,62,30,79.0,4.0,9,3,75.0,1,33.0,2,2,7,0,0,0,0,7,8,6,60,1,20.0,2,0,0,0,0.0,0.0,0,0,0,1.0,0,0,0,50,100,0.0792,2,0,90,0,0,0,,,,,,,11
391,25-26-prem-burnley-vs-afc-bournemouth,0,0,0,0,0.0,0.0,0,0,0,0,0,0,0.0,0.0,0,0,0.0,0,0.0,0,0,0,0,0,0,0,0,0,0,0.0,0,0.0,0,0,0,0,0.0,0.0,0,0,0,0.0,0,0,0,0.0,0.0,0.0,0,0,90,0,0,0,,,,,,,0
192,25-26-prem-burnley-vs-afc-bournemouth,73,0,0,0,0.0,0.00929766,0,0,0,1,35,11,69.0,0.0,6,0,0.0,1,33.0,1,0,2,0,4,4,0,4,1,3,75.0,1,100.0,1,1,0,0,0.0,0.0,0,0,0,0.0,0,0,0,0.0,50,0.0,2,0,74,0,0,0,,,,,,,6
199,25-26-prem-burnley-vs-afc-bournemouth,16,0,0,0,0.0,0.00023543,0,0,0,1,12,6,86,0.0,0,0,0.0,0,0.0,0,0,1,0,5,3,0,3,0,0,0.0,3,100.0,0,0,0,0,0.0,0.0,0,0,0,0.0,0,0,0,0.0,0.0,0.0,0,74,90,0,0,0,,,,,,,5
72,25-26-prem-burnley-vs-afc-bournemouth,90,0,0,1,0.13,0.0297067,0,0,0,3,115,70,80,0.0,13,0,0.0,7,41,1,3,4,1,11,7,0,8,4,2,67.0,6,67,1,0,0,0,0.0,0.0,0,0,0,1.0,0,0,0,0.0,100,0.0,1,0,90,0,0,0,,,,,,,16
26,25-26-prem-arsenal-vs-everton,73,0,0,2,0.099,0.123079,0,1,,,67,52,88.0,1,,0,0.0,1,50.0,1,1,2,,0,,,4,1,2,100.0,2,67.0,0,0,0,0,,,,,,0,,,,100.0,100.0,0.0,1,,,,0,0,,,,,,,
32,25-26-prem-manchester-united-vs-aston-villa,90,0,0,0,0.0,0.00008051,0,0,,,31,15,68.0,0,,0,0.0,2,25.0,0,0,7,,0,,,0,0,0,0.0,0,0.0,0,0,3,3,,,,,,0,,,,0.0,0.0,0.0,0,,,,0,0,,,,,,,
50,25-26-prem-manchester-united-vs-aston-villa,85,0,0,2,0.1861,0.18065,0,1,,,48,23,85.0,0,,0,0.0,1,100.0,1,3,5,,2,,,7,3,5,63.0,2,100.0,2,1,0,0,,,,,,0,,,,33.0,50.0,0.0,2,,,,0,0,,,,,,,
100,25-26-prem-burnley-vs-afc-bournemouth,79,0,0,3,0.2994,0.247362,0,0,,,38,19,76.0,4,,0,0.0,0,0.0,0,1,3,,3,,,0,3,0,0.0,0,0.0,0,0,0,0,,,,,,0,,,,0.0,0.0,0.0,0,,,,0,0,,,,,,,
169,25-26-prem-sunderland-vs-brighton-hove-albion,90,0,0,1,0.2785,0.0310233,0,2,,,53,26,79.0,0,,0,0.0,0,0.0,1,2,4,,3,,,8,10,4,36.0,4,57.0,0,4,0,0,,,,,,0,,,,67.0,50.0,0.0,2,,,,0,0,,,,,,,
249,25-26-prem-chelsea-vs-newcastle-united,90,0,0,4,0.2327,0.0116944,0,0,,,45,17,68.0,0,,0,0.0,0,0.0,0,0,2,,1,,,7,5,4,67.0,3,50.0,2,0,0,0,,,,,,0,,,,0.0,0.0,0.0,2,,,,0,0,,,,,,,
643,25-26-prem-brentford-vs-wolverhampton-wanderers,90,0,0,2,0.0874,0.0135888,0,0,,,56,37,82.0,1,,0,0.0,2,67.0,1,0,5,,2,,,2,2,2,50.0,0,0.0,0,0,0,0,,,,,,0,,,,0.0,50.0,0.0,2,,,,0,0,,,,,,,
646,25-26-prem-brentford-vs-wolverhampton-wanderers,90,0,1,0,0.0,0.512147,0,2,,,64,37,86.0,1,,0,0.0,2,67.0,2,1,6,,0,,,7,5,7,64.0,0,0.0,3,1,0,0,,,,,,2,,,,67.0,100.0,0.0,2,,,,0,0,,,,,,,
713,25-26-prem-burnley-vs-afc-bournemouth,29,0,0,0,0.0,0.0473976,0,2,,,27,12,80.0,1,,1,50.0,0,0.0,0,0,4,,0,,,2,2,2,67.0,0,0.0,0,0,0,0,,,,,,0,,,,67.0,0.0,0.0,0,,,,0,0,,,,,,,
804,25-26-prem-liverpool-vs-tottenham-hotspur,55,0,0,1,0.0164,0.00291985,1,0,,,9,3,100.0,0,,0,0.0,0,0.0,0,1,1,,2,,,1,3,1,25.0,0,0.0,1,2,0,0,,,,,,0,,,,0.0,0.0,0.0575,0,,,,0,0,,,,,,,
