player_id,gw,team_code
1,1,3
2,1,3
3,1,3
4,1,3
5,1,3
6,1,3
7,1,3
8,1,3
9,1,3
10,1,3
11,1,3
12,1,3
13,1,3
14,1,3
15,1,3
16,1,3
17,1,3
18,1,3
19,1,3
20,1,3
21,1,11
22,1,3
23,1,3
24,1,3
25,1,3
26,1,3
27,1,3
28,1,7
29,1,7
30,1,7
31,1,3
32,1,7
33,1,7
34,1,7
35,1,7
36,1,7
37,1,7
38,1,7
39,1,7
40,1,8
41,1,7
42,1,31
43,1,1
44,1,7
45,1,7
46,1,7
47,1,7
48,1,7
49,1,7
50,1,7
51,1,7
52,1,7
53,1,7
54,1,7
55,1,7
56,1,7
57,1,91
58,1,91
59,1,91
60,1,91
61,1,91
62,1,91
63,1,91
64,1,91
65,1,91
66,1,91
67,1,91
68,1,91
69,1,91
70,1,91
71,1,91
72,1,91
73,1,91
74,1,91
75,1,91
76,1,91
77,1,91
78,1,91
79,1,91
80,1,91
81,1,91
82,1,94
83,1,94
84,1,94
85,1,94
86,1,94
87,1,94
88,1,94
89,1,94
90,1,94
91,1,94
92,1,94
93,1,94
94,1,94
95,1,94
96,1,94
97,1,94
98,1,94
99,1,94
100,1,94
101,1,8
102,1,94
103,1,94
104,1,9
105,1,94
106,1,94
107,1,94
108,1,94
109,1,36
110,1,9
111,1,36
112,1,6
113,1,36
114,1,36
115,1,36
116,1,36
117,1,36
118,1,36
119,1,36
120,1,36
121,1,36
122,1,36
123,1,36
124,1,36
125,1,36
126,1,36
127,1,36
128,1,36
129,1,36
130,1,36
131,1,36
132,1,36
133,1,36
134,1,36
135,1,36
136,1,8
137,1,36
138,1,36
139,1,36
140,1,8
141,1,8
142,1,8
143,1,8
144,1,8
145,1,8
146,1,8
147,1,8
148,1,8
149,1,8
150,1,8
151,1,8
152,1,8
153,1,8
154,1,8
155,1,8
156,1,8
157,1,8
158,1,8
159,1,8
160,1,7
161,1,8
162,1,1
163,1,8
164,1,8
165,1,8
166,1,8
167,1,8
168,1,8
169,1,8
170,1,8
171,1,9
172,1,9
173,1,9
174,1,9
175,1,9
176,1,9
177,1,9
178,1,9
179,1,9
180,1,9
181,1,9
182,1,9
183,1,9
184,1,9
185,1,9
186,1,9
187,1,9
188,1,9
189,1,9
190,1,9
191,1,9
192,1,9
193,1,9
194,1,9
195,1,9
196,1,9
197,1,9
198,1,31
199,1,31
200,1,8
201,1,31
202,1,31
203,1,31
204,1,31
205,1,31
206,1,31
207,1,31
208,1,31
209,1,11
210,1,31
211,1,31
212,1,31
213,1,31
214,1,31
215,1,31
216,1,31
217,1,31
218,1,31
219,1,31
220,1,31
221,1,31
222,1,31
223,1,31
224,1,31
225,1,31
226,1,11
227,1,11
228,1,11
229,1,11
230,1,11
231,1,11
232,1,11
233,1,11
234,1,11
235,1,11
236,1,11
237,1,11
238,1,43
239,1,11
240,1,11
241,1,31
242,1,11
243,1,11
244,1,11
245,1,11
246,1,11
247,1,11
248,1,11
249,1,11
250,1,54
251,1,54
252,1,54
253,1,54
254,1,54
255,1,54
256,1,54
257,1,54
258,1,54
259,1,40
260,1,2
261,1,54
262,1,54
263,1,54
264,1,54
265,1,54
266,1,54
267,1,40
268,1,54
269,1,54
270,1,54
271,1,54
272,1,54
273,1,88
274,1,88
275,1,88
276,1,88
277,1,88
278,1,88
279,1,88
280,1,88
281,1,88
282,1,88
283,1,88
284,1,88
285,1,88
286,1,88
287,1,88
288,1,88
289,1,88
290,1,88
291,1,88
292,1,88
293,1,88
294,1,88
295,1,88
296,1,88
297,1,88
298,1,88
299,1,88
300,1,40
301,1,40
302,1,40
303,1,40
304,1,40
305,1,40
306,1,40
307,1,40
308,1,40
309,1,40
310,1,40
311,1,40
312,1,40
313,1,40
314,1,40
315,1,40
316,1,40
317,1,40
318,1,40
319,1,40
320,1,40
321,1,40
322,1,40
323,1,40
324,1,40
325,1,1
326,1,2
327,1,2
328,1,36
329,1,2
330,1,2
331,1,2
332,1,2
333,1,2
334,1,2
335,1,2
336,1,2
337,1,2
338,1,2
339,1,2
340,1,88
341,1,2
342,1,2
343,1,2
344,1,2
345,1,2
346,1,2
347,1,2
348,1,2
349,1,2
350,1,14
351,1,14
352,1,14
353,1,14
354,1,14
355,1,14
356,1,14
357,1,14
358,1,14
359,1,14
360,1,14
361,1,14
362,1,14
363,1,14
364,1,14
365,1,14
366,1,14
367,1,14
368,1,14
369,1,14
370,1,14
371,1,14
372,1,14
373,1,14
374,1,14
375,1,14
376,1,14
377,1,14
378,1,14
379,1,14
380,1,14
381,1,14
382,1,14
383,1,14
384,1,43
385,1,2
386,1,43
387,1,43
388,1,43
389,1,43
390,1,43
391,1,43
392,1,43
393,1,43
394,1,43
395,1,43
396,1,43
397,1,43
398,1,43
399,1,43
400,1,43
401,1,43
402,1,43
403,1,43
404,1,43
405,1,43
406,1,43
407,1,43
408,1,43
409,1,43
410,1,43
411,1,43
412,1,1
413,1,1
414,1,1
415,1,1
416,1,1
417,1,1
418,1,1
419,1,1
420,1,1
421,1,1
422,1,1
423,1,1
424,1,1
425,1,1
426,1,1
427,1,1
428,1,1
429,1,1
430,1,1
431,1,1
432,1,1
433,1,1
434,1,1
435,1,1
436,1,1
437,1,1
438,1,1
439,1,1
440,1,1
441,1,1
442,1,4
443,1,4
444,1,4
445,1,4
446,1,4
447,1,4
448,1,4
449,1,4
450,1,4
451,1,4
452,1,3
453,1,4
454,1,4
455,1,6
456,1,4
457,1,4
458,1,4
459,1,4
460,1,4
461,1,4
462,1,4
463,1,4
464,1,4
465,1,4
466,1,4
467,1,17
468,1,17
469,1,17
470,1,17
471,1,17
472,1,17
473,1,17
474,1,17
475,1,17
476,1,17
477,1,17
478,1,17
479,1,17
480,1,17
481,1,43
482,1,17
483,1,17
484,1,17
485,1,17
486,1,17
487,1,17
488,1,17
489,1,17
490,1,17
491,1,17
492,1,9
493,1,17
494,1,6
495,1,6
496,1,6
497,1,6
498,1,6
499,1,6
500,1,6
501,1,6
502,1,6
503,1,6
504,1,36
505,1,6
506,1,6
507,1,6
508,1,6
509,1,6
510,1,6
511,1,6
512,1,6
513,1,6
514,1,6
515,1,6
516,1,6
517,1,6
518,1,6
519,1,6
520,1,6
521,1,6
522,1,6
523,1,6
524,1,6
525,1,6
526,1,6
527,1,6
528,1,6
529,1,56
530,1,56
531,1,56
532,1,56
533,1,56
534,1,56
535,1,56
536,1,56
537,1,56
538,1,56
539,1,56
540,1,56
541,1,56
542,1,56
543,1,56
544,1,56
545,1,56
546,1,56
547,1,56
548,1,56
549,1,56
550,1,56
551,1,56
552,1,56
553,1,56
554,1,40
555,1,31
556,1,88
557,1,3
558,1,17
559,1,4
560,1,8
561,1,8
562,1,40
563,1,88
564,1,40
565,1,94
566,1,91
567,1,4
568,1,8
569,1,54
570,1,54
571,1,40
572,1,88
573,1,91
574,1,88
575,1,9
576,1,88
577,1,31
578,1,8
579,1,14
580,1,54
581,1,17
582,1,7
583,1,8
584,1,9
585,1,88
586,1,88
587,1,43
588,1,31
589,1,88
590,1,17
591,1,40
592,1,40
593,1,4
594,1,36
595,1,31
596,1,7
597,1,7
598,1,2
599,1,9
600,1,36
601,1,6
602,1,40
603,1,2
604,1,2
605,1,36
606,1,7
607,1,7
608,1,91
609,1,4
610,1,54
1,2,3
2,2,3
3,2,3
4,2,3
5,2,3
6,2,3
7,2,3
8,2,3
9,2,3
10,2,3
11,2,3
12,2,3
13,2,3
14,2,3
15,2,3
16,2,3
17,2,3
18,2,3
19,2,3
20,2,3
21,2,11
22,2,3
23,2,3
24,2,3
25,2,3
26,2,3
27,2,3
28,2,7
29,2,7
30,2,7
31,2,3
32,2,7
33,2,7
34,2,7
35,2,7
36,2,7
37,2,7
38,2,7
39,2,7
40,2,8
41,2,7
42,2,31
43,2,1
44,2,7
45,2,7
46,2,7
47,2,7
48,2,7
49,2,7
50,2,7
51,2,7
52,2,7
53,2,7
54,2,7
55,2,7
56,2,7
57,2,91
58,2,91
59,2,91
60,2,91
61,2,91
62,2,91
63,2,91
64,2,91
65,2,91
66,2,91
67,2,91
68,2,91
69,2,91
70,2,91
71,2,91
72,2,91
73,2,91
74,2,91
75,2,91
76,2,91
77,2,91
78,2,91
79,2,91
80,2,91
81,2,91
82,2,94
83,2,94
84,2,94
85,2,94
86,2,94
87,2,94
88,2,94
89,2,94
90,2,94
91,2,9
92,2,94
93,2,94
94,2,94
95,2,94
96,2,94
97,2,94
98,2,94
99,2,94
100,2,94
101,2,8
102,2,94
103,2,94
104,2,9
105,2,94
106,2,94
107,2,94
108,2,94
109,2,36
110,2,9
111,2,36
112,2,6
113,2,36
114,2,36
115,2,36
116,2,36
117,2,36
118,2,36
119,2,36
120,2,36
121,2,36
122,2,36
123,2,36
124,2,36
125,2,36
126,2,36
127,2,36
128,2,36
129,2,36
130,2,36
131,2,1
132,2,36
133,2,36
134,2,36
135,2,36
136,2,8
137,2,36
138,2,36
139,2,36
140,2,8
141,2,8
142,2,8
143,2,8
144,2,8
145,2,8
146,2,8
147,2,8
148,2,8
149,2,8
150,2,8
151,2,8
152,2,8
153,2,31
154,2,8
155,2,8
156,2,8
157,2,8
158,2,8
159,2,8
160,2,7
161,2,8
162,2,1
163,2,8
164,2,8
165,2,8
166,2,7
167,2,17
168,2,8
169,2,8
170,2,8
171,2,9
172,2,9
173,2,9
174,2,9
175,2,9
176,2,9
177,2,9
178,2,9
179,2,9
180,2,9
181,2,9
182,2,9
183,2,9
184,2,9
185,2,9
186,2,9
187,2,9
188,2,9
189,2,9
190,2,9
191,2,9
192,2,9
193,2,9
194,2,9
195,2,9
196,2,9
197,2,9
198,2,31
199,2,31
200,2,8
201,2,31
202,2,31
203,2,31
204,2,31
205,2,31
206,2,31
207,2,31
208,2,31
209,2,11
210,2,31
211,2,31
212,2,31
213,2,31
214,2,31
215,2,31
216,2,31
217,2,31
218,2,31
219,2,31
220,2,31
221,2,31
222,2,31
223,2,31
224,2,31
225,2,31
226,2,11
227,2,11
228,2,11
229,2,11
230,2,11
231,2,11
232,2,11
233,2,11
234,2,11
235,2,11
236,2,11
237,2,11
238,2,43
239,2,11
240,2,11
241,2,31
242,2,11
243,2,11
244,2,11
245,2,11
246,2,11
247,2,11
248,2,11
249,2,11
250,2,54
251,2,54
252,2,54
253,2,54
254,2,54
255,2,54
256,2,54
257,2,54
258,2,54
259,2,40
260,2,2
261,2,54
262,2,54
263,2,54
264,2,54
265,2,54
266,2,54
267,2,40
268,2,54
269,2,54
270,2,54
271,2,54
272,2,54
273,2,88
274,2,88
275,2,88
276,2,88
277,2,88
278,2,88
279,2,88
280,2,88
281,2,88
282,2,88
283,2,88
284,2,88
285,2,88
286,2,88
287,2,88
288,2,88
289,2,88
290,2,88
291,2,88
292,2,88
293,2,88
294,2,88
295,2,88
296,2,88
297,2,88
298,2,88
299,2,88
300,2,40
301,2,40
302,2,40
303,2,40
304,2,40
305,2,40
306,2,40
307,2,40
308,2,40
309,2,40
310,2,40
311,2,40
312,2,40
313,2,40
314,2,40
315,2,40
316,2,40
317,2,40
318,2,40
319,2,40
320,2,40
321,2,40
322,2,40
323,2,40
324,2,40
325,2,1
326,2,2
327,2,2
328,2,36
329,2,2
330,2,2
331,2,2
332,2,2
333,2,2
334,2,2
335,2,2
336,2,2
337,2,2
338,2,2
339,2,2
340,2,88
341,2,2
342,2,2
343,2,2
344,2,2
345,2,2
346,2,2
347,2,2
348,2,2
349,2,2
350,2,14
351,2,14
352,2,14
353,2,14
354,2,14
355,2,14
356,2,14
357,2,14
358,2,14
359,2,14
360,2,14
361,2,14
362,2,14
363,2,14
364,2,14
365,2,14
366,2,14
367,2,14
368,2,14
369,2,14
370,2,14
371,2,14
372,2,14
373,2,14
374,2,14
375,2,14
376,2,14
377,2,14
378,2,14
379,2,14
380,2,14
381,2,14
382,2,14
383,2,14
384,2,43
385,2,2
386,2,43
387,2,43
388,2,43
389,2,43
390,2,43
391,2,43
392,2,43
393,2,43
394,2,43
395,2,43
396,2,43
397,2,43
398,2,43
399,2,43
400,2,43
401,2,6
402,2,43
403,2,6
404,2,43
405,2,4
406,2,43
407,2,43
408,2,43
409,2,43
410,2,43
411,2,43
412,2,1
413,2,1
414,2,1
415,2,1
416,2,1
417,2,1
418,2,1
419,2,1
420,2,1
421,2,1
422,2,1
423,2,1
424,2,1
425,2,1
426,2,1
427,2,1
428,2,1
429,2,1
430,2,1
431,2,1
432,2,1
433,2,1
434,2,1
435,2,1
436,2,1
437,2,1
438,2,1
439,2,1
440,2,1
441,2,1
442,2,4
443,2,4
444,2,4
445,2,4
446,2,4
447,2,4
448,2,4
449,2,4
450,2,4
451,2,4
452,2,3
453,2,4
454,2,4
455,2,6
456,2,4
457,2,4
458,2,4
459,2,4
460,2,4
461,2,4
462,2,4
463,2,4
464,2,4
465,2,4
466,2,4
467,2,17
468,2,17
469,2,17
470,2,17
471,2,17
472,2,17
473,2,17
474,2,17
475,2,17
476,2,17
477,2,17
478,2,17
479,2,17
480,2,17
481,2,43
482,2,17
483,2,17
484,2,17
485,2,17
486,2,17
487,2,17
488,2,17
489,2,17
490,2,17
491,2,17
492,2,9
493,2,17
494,2,6
495,2,6
496,2,6
497,2,6
498,2,6
499,2,6
500,2,6
501,2,6
502,2,6
503,2,6
504,2,36
505,2,6
506,2,6
507,2,6
508,2,6
509,2,6
510,2,6
511,2,6
512,2,6
513,2,6
514,2,6
515,2,6
516,2,6
517,2,6
518,2,6
519,2,6
520,2,6
521,2,6
522,2,6
523,2,6
524,2,6
525,2,6
526,2,6
527,2,6
528,2,6
529,2,56
530,2,56
531,2,56
532,2,56
533,2,56
534,2,56
535,2,56
536,2,56
537,2,56
538,2,56
539,2,56
540,2,56
541,2,56
542,2,56
543,2,56
544,2,56
545,2,56
546,2,56
547,2,56
548,2,56
549,2,56
550,2,56
551,2,56
552,2,56
553,2,56
554,2,40
555,2,31
556,2,88
557,2,3
558,2,17
559,2,4
560,2,8
561,2,8
562,2,40
563,2,88
564,2,40
565,2,94
566,2,91
567,2,4
568,2,8
569,2,54
570,2,54
571,2,40
572,2,88
573,2,91
574,2,88
575,2,9
576,2,88
577,2,31
578,2,8
579,2,14
580,2,54
581,2,17
582,2,7
583,2,8
584,2,9
585,2,88
586,2,88
587,2,43
588,2,31
589,2,88
590,2,17
591,2,40
592,2,40
593,2,4
594,2,36
595,2,31
596,2,7
597,2,7
598,2,2
599,2,9
600,2,36
601,2,6
602,2,40
603,2,2
604,2,2
605,2,36
606,2,7
607,2,7
608,2,91
609,2,4
610,2,54
611,2,7
612,2,56
613,2,56
614,2,36
615,2,91
616,2,43
617,2,88
618,2,7
619,2,40
620,2,94
621,2,43
622,2,43
1,3,3
2,3,3
3,3,3
4,3,3
5,3,3
6,3,3
7,3,3
8,3,3
9,3,3
10,3,3
11,3,3
12,3,3
13,3,3
14,3,3
15,3,3
16,3,3
17,3,3
18,3,3
19,3,3
20,3,3
21,3,11
22,3,3
23,3,3
24,3,3
25,3,3
26,3,3
27,3,3
28,3,7
29,3,7
30,3,7
31,3,3
32,3,7
33,3,7
34,3,7
35,3,7
36,3,7
37,3,7
38,3,7
39,3,7
40,3,8
41,3,7
42,3,31
43,3,1
44,3,7
45,3,7
46,3,7
47,3,7
48,3,7
49,3,7
50,3,7
51,3,7
52,3,7
53,3,7
54,3,7
55,3,7
56,3,7
57,3,91
58,3,91
59,3,91
60,3,91
61,3,91
62,3,91
63,3,91
64,3,91
65,3,91
66,3,91
67,3,91
68,3,91
69,3,91
70,3,91
71,3,91
72,3,91
73,3,91
74,3,91
75,3,91
76,3,91
77,3,91
78,3,91
79,3,91
80,3,91
81,3,91
82,3,94
83,3,94
84,3,94
85,3,94
86,3,94
87,3,94
88,3,94
89,3,94
90,3,94
91,3,9
92,3,94
93,3,94
94,3,94
95,3,94
96,3,94
97,3,94
98,3,94
99,3,94
100,3,94
101,3,8
102,3,94
103,3,94
104,3,9
105,3,94
106,3,94
107,3,94
108,3,94
109,3,36
110,3,9
111,3,36
112,3,6
113,3,36
114,3,36
115,3,36
116,3,36
117,3,36
118,3,36
119,3,36
120,3,36
121,3,36
122,3,36
123,3,36
124,3,36
125,3,36
126,3,36
127,3,36
128,3,36
129,3,36
130,3,36
131,3,1
132,3,36
133,3,36
134,3,36
135,3,36
136,3,8
137,3,36
138,3,36
139,3,36
140,3,8
141,3,8
142,3,8
143,3,8
144,3,8
145,3,8
146,3,8
147,3,8
148,3,8
149,3,8
150,3,8
151,3,8
152,3,8
153,3,31
154,3,8
155,3,8
156,3,8
157,3,8
158,3,8
159,3,8
160,3,7
161,3,8
162,3,1
163,3,8
164,3,8
165,3,8
166,3,7
167,3,17
168,3,8
169,3,8
170,3,8
171,3,9
172,3,9
173,3,9
174,3,9
175,3,9
176,3,9
177,3,9
178,3,9
179,3,9
180,3,9
181,3,9
182,3,9
183,3,9
184,3,9
185,3,9
186,3,9
187,3,9
188,3,9
189,3,9
190,3,9
191,3,9
192,3,9
193,3,9
194,3,9
195,3,9
196,3,9
197,3,9
198,3,31
199,3,31
200,3,8
201,3,31
202,3,31
203,3,31
204,3,31
205,3,31
206,3,31
207,3,31
208,3,31
209,3,11
210,3,31
211,3,31
212,3,31
213,3,31
214,3,31
215,3,31
216,3,31
217,3,31
218,3,31
219,3,31
220,3,31
221,3,31
222,3,31
223,3,31
224,3,31
225,3,31
226,3,11
227,3,11
228,3,11
229,3,11
230,3,11
231,3,11
232,3,11
233,3,11
234,3,11
235,3,11
236,3,11
237,3,11
238,3,43
239,3,11
240,3,11
241,3,31
242,3,11
243,3,11
244,3,11
245,3,11
246,3,11
247,3,11
248,3,11
249,3,11
250,3,54
251,3,54
252,3,54
253,3,54
254,3,54
255,3,54
256,3,54
257,3,54
258,3,54
259,3,40
260,3,2
261,3,54
262,3,54
263,3,54
264,3,54
265,3,54
266,3,54
267,3,40
268,3,54
269,3,54
270,3,54
271,3,54
272,3,54
273,3,88
274,3,88
275,3,88
276,3,88
277,3,88
278,3,88
279,3,88
280,3,88
281,3,88
282,3,88
283,3,88
284,3,88
285,3,88
286,3,88
287,3,88
288,3,88
289,3,88
290,3,88
291,3,88
292,3,88
293,3,88
294,3,88
295,3,88
296,3,88
297,3,88
298,3,88
299,3,88
300,3,40
301,3,40
302,3,40
303,3,40
304,3,40
305,3,40
306,3,40
307,3,40
308,3,40
309,3,40
310,3,40
311,3,40
312,3,40
313,3,40
314,3,40
315,3,40
316,3,40
317,3,40
318,3,40
319,3,40
320,3,40
321,3,40
322,3,40
323,3,40
324,3,40
325,3,1
326,3,2
327,3,2
328,3,36
329,3,2
330,3,2
331,3,2
332,3,2
333,3,2
334,3,2
335,3,2
336,3,2
337,3,2
338,3,2
339,3,2
340,3,88
341,3,2
342,3,2
343,3,2
344,3,2
345,3,2
346,3,2
347,3,2
348,3,2
349,3,2
350,3,14
351,3,14
352,3,14
353,3,14
354,3,14
355,3,14
356,3,14
357,3,14
358,3,14
359,3,14
360,3,14
361,3,14
362,3,14
363,3,14
364,3,14
365,3,14
366,3,14
367,3,14
368,3,14
369,3,14
370,3,14
371,3,14
372,3,14
373,3,14
374,3,14
375,3,14
376,3,14
377,3,14
378,3,14
379,3,14
380,3,14
381,3,14
382,3,14
383,3,14
384,3,43
385,3,2
386,3,43
387,3,43
388,3,43
389,3,43
390,3,43
391,3,43
392,3,43
393,3,43
394,3,43
395,3,43
396,3,43
397,3,43
398,3,43
399,3,43
400,3,43
401,3,6
402,3,43
403,3,6
404,3,43
405,3,4
406,3,43
407,3,43
408,3,43
409,3,43
410,3,43
411,3,43
412,3,1
413,3,1
414,3,1
415,3,1
416,3,1
417,3,1
418,3,1
419,3,1
420,3,1
421,3,1
422,3,1
423,3,1
424,3,1
425,3,1
426,3,1
427,3,1
428,3,1
429,3,1
430,3,1
431,3,1
432,3,1
433,3,1
434,3,1
435,3,1
436,3,1
437,3,1
438,3,1
439,3,1
440,3,1
441,3,1
442,3,4
443,3,4
444,3,4
445,3,4
446,3,4
447,3,4
448,3,4
449,3,4
450,3,4
451,3,4
452,3,3
453,3,4
454,3,4
455,3,6
456,3,4
457,3,4
458,3,4
459,3,4
460,3,4
461,3,4
462,3,4
463,3,4
464,3,4
465,3,4
466,3,4
467,3,17
468,3,17
469,3,17
470,3,17
471,3,17
472,3,17
473,3,17
474,3,17
475,3,17
476,3,17
477,3,17
478,3,17
479,3,17
480,3,17
481,3,43
482,3,17
483,3,17
484,3,17
485,3,17
486,3,17
487,3,17
488,3,17
489,3,17
490,3,17
491,3,17
492,3,9
493,3,17
494,3,6
495,3,6
496,3,6
497,3,6
498,3,6
499,3,6
500,3,6
501,3,6
502,3,6
503,3,6
504,3,36
505,3,6
506,3,6
507,3,6
508,3,6
509,3,6
510,3,6
511,3,6
512,3,6
513,3,6
514,3,6
515,3,6
516,3,6
517,3,6
518,3,6
519,3,6
520,3,6
521,3,6
522,3,6
523,3,6
524,3,6
525,3,6
526,3,6
527,3,6
528,3,6
529,3,56
530,3,56
531,3,56
532,3,56
533,3,56
534,3,56
535,3,56
536,3,56
537,3,56
538,3,56
539,3,56
540,3,56
541,3,56
542,3,56
543,3,56
544,3,56
545,3,56
546,3,56
547,3,56
548,3,56
549,3,56
550,3,56
551,3,56
552,3,56
553,3,56
554,3,40
555,3,31
556,3,88
557,3,3
558,3,17
559,3,4
560,3,8
561,3,8
562,3,40
563,3,88
564,3,40
565,3,94
566,3,91
567,3,4
568,3,8
569,3,54
570,3,54
571,3,40
572,3,88
573,3,91
574,3,88
575,3,9
576,3,88
577,3,31
578,3,8
579,3,14
580,3,54
581,3,17
582,3,7
583,3,8
584,3,9
585,3,88
586,3,88
587,3,43
588,3,31
589,3,88
590,3,17
591,3,40
592,3,40
593,3,4
594,3,36
595,3,31
596,3,7
597,3,7
598,3,2
599,3,9
600,3,36
601,3,6
602,3,40
603,3,2
604,3,2
605,3,36
606,3,7
607,3,7
608,3,91
609,3,4
610,3,54
611,3,7
612,3,56
613,3,56
614,3,36
615,3,91
616,3,43
617,3,88
618,3,7
619,3,40
620,3,94
621,3,43
622,3,43
1,4,3
2,4,3
3,4,3
4,4,3
5,4,3
6,4,3
7,4,3
8,4,3
9,4,3
10,4,3
11,4,3
12,4,3
13,4,3
14,4,3
15,4,3
16,4,3
17,4,3
18,4,3
19,4,3
20,4,3
21,4,11
22,4,3
23,4,3
24,4,3
25,4,3
26,4,3
27,4,3
28,4,7
29,4,7
30,4,7
31,4,3
32,4,7
33,4,7
34,4,7
35,4,7
36,4,7
37,4,7
38,4,7
39,4,7
40,4,8
41,4,7
42,4,31
43,4,1
44,4,7
45,4,7
46,4,7
47,4,7
48,4,7
49,4,7
50,4,7
51,4,7
52,4,7
53,4,7
54,4,7
55,4,7
56,4,7
57,4,91
58,4,91
59,4,91
60,4,91
61,4,91
62,4,91
63,4,91
64,4,91
65,4,91
66,4,91
67,4,91
68,4,91
69,4,91
70,4,91
71,4,91
72,4,91
73,4,91
74,4,91
75,4,91
76,4,91
77,4,91
78,4,91
79,4,91
80,4,91
81,4,91
82,4,94
83,4,94
84,4,94
85,4,94
86,4,94
87,4,94
88,4,94
89,4,94
90,4,94
91,4,9
92,4,94
93,4,94
94,4,94
95,4,94
96,4,94
97,4,94
98,4,94
99,4,94
100,4,94
101,4,8
102,4,94
103,4,94
104,4,9
105,4,94
106,4,94
107,4,94
108,4,94
109,4,36
110,4,9
111,4,36
112,4,6
113,4,36
114,4,36
115,4,36
116,4,36
117,4,36
118,4,36
119,4,36
120,4,36
121,4,36
122,4,36
123,4,36
124,4,36
125,4,36
126,4,36
127,4,36
128,4,36
129,4,36
130,4,36
131,4,1
132,4,36
133,4,36
134,4,36
135,4,36
136,4,8
137,4,36
138,4,36
139,4,36
140,4,8
141,4,8
142,4,8
143,4,8
144,4,8
145,4,8
146,4,8
147,4,8
148,4,8
149,4,8
150,4,8
151,4,8
152,4,8
153,4,31
154,4,8
155,4,8
156,4,8
157,4,8
158,4,8
159,4,8
160,4,7
161,4,8
162,4,1
163,4,8
164,4,8
165,4,8
166,4,7
167,4,17
168,4,8
169,4,8
170,4,8
171,4,9
172,4,9
173,4,9
174,4,9
175,4,9
176,4,9
177,4,9
178,4,9
179,4,9
180,4,9
181,4,9
182,4,9
183,4,9
184,4,9
185,4,9
186,4,9
187,4,9
188,4,9
189,4,9
190,4,9
191,4,9
192,4,9
193,4,9
194,4,9
195,4,9
196,4,9
197,4,9
198,4,31
199,4,31
200,4,8
201,4,31
202,4,31
203,4,31
204,4,31
205,4,31
206,4,31
207,4,31
208,4,31
209,4,11
210,4,31
211,4,31
212,4,31
213,4,31
214,4,31
215,4,31
216,4,31
217,4,31
218,4,31
219,4,31
220,4,31
221,4,31
222,4,31
223,4,31
224,4,31
225,4,31
226,4,11
227,4,11
228,4,11
229,4,11
230,4,11
231,4,11
232,4,11
233,4,11
234,4,11
235,4,11
236,4,11
237,4,11
238,4,43
239,4,11
240,4,11
241,4,31
242,4,11
243,4,11
244,4,11
245,4,11
246,4,11
247,4,11
248,4,11
249,4,11
250,4,54
251,4,54
252,4,54
253,4,54
254,4,54
255,4,54
256,4,54
257,4,54
258,4,54
259,4,40
260,4,2
261,4,54
262,4,54
263,4,54
264,4,54
265,4,54
266,4,54
267,4,40
268,4,54
269,4,54
270,4,54
271,4,54
272,4,54
273,4,88
274,4,88
275,4,88
276,4,88
277,4,88
278,4,88
279,4,88
280,4,88
281,4,88
282,4,88
283,4,88
284,4,88
285,4,88
286,4,88
287,4,88
288,4,88
289,4,88
290,4,88
291,4,88
292,4,88
293,4,88
294,4,88
295,4,88
296,4,88
297,4,88
298,4,88
299,4,88
300,4,40
301,4,40
302,4,40
303,4,40
304,4,40
305,4,40
306,4,40
307,4,40
308,4,40
309,4,40
310,4,40
311,4,40
312,4,40
313,4,40
314,4,40
315,4,40
316,4,40
317,4,40
318,4,40
319,4,40
320,4,40
321,4,40
322,4,40
323,4,40
324,4,40
325,4,1
326,4,2
327,4,2
328,4,36
329,4,2
330,4,2
331,4,2
332,4,2
333,4,2
334,4,2
335,4,2
336,4,2
337,4,2
338,4,2
339,4,2
340,4,88
341,4,2
342,4,2
343,4,2
344,4,2
345,4,2
346,4,2
347,4,2
348,4,2
349,4,2
350,4,14
351,4,14
352,4,14
353,4,14
354,4,14
355,4,14
356,4,14
357,4,14
358,4,14
359,4,14
360,4,14
361,4,14
362,4,14
363,4,14
364,4,14
365,4,14
366,4,14
367,4,14
368,4,14
369,4,14
370,4,14
371,4,14
372,4,14
373,4,14
374,4,14
375,4,14
376,4,14
377,4,14
378,4,14
379,4,14
380,4,14
381,4,14
382,4,14
383,4,14
384,4,43
385,4,2
386,4,43
387,4,43
388,4,43
389,4,43
390,4,43
391,4,43
392,4,43
393,4,43
394,4,43
395,4,43
396,4,43
397,4,43
398,4,43
399,4,43
400,4,43
401,4,6
402,4,43
403,4,6
404,4,43
405,4,4
406,4,43
407,4,43
408,4,43
409,4,43
410,4,43
411,4,43
412,4,1
413,4,1
414,4,1
415,4,1
416,4,1
417,4,1
418,4,1
419,4,1
420,4,1
421,4,1
422,4,1
423,4,1
424,4,1
425,4,1
426,4,1
427,4,1
428,4,1
429,4,1
430,4,1
431,4,1
432,4,1
433,4,1
434,4,1
435,4,1
436,4,1
437,4,1
438,4,1
439,4,1
440,4,1
441,4,1
442,4,4
443,4,4
444,4,4
445,4,4
446,4,4
447,4,4
448,4,4
449,4,4
450,4,4
451,4,4
452,4,3
453,4,4
454,4,4
455,4,6
456,4,4
457,4,4
458,4,4
459,4,4
460,4,4
461,4,4
462,4,4
463,4,4
464,4,4
465,4,4
466,4,4
467,4,17
468,4,17
469,4,17
470,4,17
471,4,17
472,4,17
473,4,17
474,4,17
475,4,17
476,4,17
477,4,17
478,4,17
479,4,17
480,4,17
481,4,43
482,4,17
483,4,17
484,4,17
485,4,17
486,4,17
487,4,17
488,4,17
489,4,17
490,4,17
491,4,17
492,4,9
493,4,17
494,4,6
495,4,6
496,4,6
497,4,6
498,4,6
499,4,6
500,4,6
501,4,6
502,4,6
503,4,6
504,4,36
505,4,6
506,4,6
507,4,6
508,4,6
509,4,6
510,4,6
511,4,6
512,4,6
513,4,6
514,4,6
515,4,6
516,4,6
517,4,6
518,4,6
519,4,6
520,4,6
521,4,6
522,4,6
523,4,6
524,4,6
525,4,6
526,4,6
527,4,6
528,4,6
529,4,56
530,4,56
531,4,56
532,4,56
533,4,56
534,4,56
535,4,56
536,4,56
537,4,56
538,4,56
539,4,56
540,4,56
541,4,56
542,4,56
543,4,56
544,4,56
545,4,56
546,4,56
547,4,56
548,4,56
549,4,56
550,4,56
551,4,56
552,4,56
553,4,56
554,4,40
555,4,31
556,4,88
557,4,3
558,4,17
559,4,4
560,4,8
561,4,8
562,4,40
563,4,88
564,4,40
565,4,94
566,4,91
567,4,4
568,4,8
569,4,54
570,4,54
571,4,40
572,4,88
573,4,91
574,4,88
575,4,9
576,4,88
577,4,31
578,4,8
579,4,14
580,4,54
581,4,17
582,4,7
583,4,8
584,4,9
585,4,88
586,4,88
587,4,43
588,4,31
589,4,88
590,4,17
591,4,40
592,4,40
593,4,4
594,4,36
595,4,31
596,4,7
597,4,7
598,4,2
599,4,9
600,4,36
601,4,6
602,4,40
603,4,2
604,4,2
605,4,36
606,4,7
607,4,7
608,4,91
609,4,4
610,4,54
611,4,7
612,4,56
613,4,56
614,4,36
615,4,91
616,4,43
617,4,88
618,4,7
619,4,40
620,4,94
621,4,43
622,4,43
1,5,3
2,5,3
3,5,3
4,5,3
5,5,3
6,5,3
7,5,3
8,5,3
9,5,3
10,5,3
11,5,3
12,5,3
13,5,3
14,5,3
15,5,3
16,5,3
17,5,3
18,5,3
19,5,3
20,5,3
21,5,11
22,5,3
23,5,3
24,5,3
25,5,3
26,5,3
27,5,3
28,5,7
29,5,7
30,5,7
31,5,3
32,5,7
33,5,7
34,5,7
35,5,7
36,5,7
37,5,7
38,5,7
39,5,7
40,5,8
41,5,7
42,5,31
43,5,1
44,5,7
45,5,7
46,5,7
47,5,7
48,5,7
49,5,7
50,5,7
51,5,7
52,5,7
53,5,7
54,5,7
55,5,7
56,5,7
57,5,91
58,5,91
59,5,91
60,5,91
61,5,91
62,5,91
63,5,91
64,5,91
65,5,91
66,5,91
67,5,91
68,5,91
69,5,91
70,5,91
71,5,91
72,5,91
73,5,91
74,5,91
75,5,91
76,5,91
77,5,91
78,5,91
79,5,91
80,5,91
81,5,91
82,5,94
83,5,94
84,5,94
85,5,94
86,5,94
87,5,94
88,5,94
89,5,94
90,5,94
91,5,9
92,5,94
93,5,94
94,5,94
95,5,94
96,5,94
97,5,94
98,5,94
99,5,94
100,5,94
101,5,8
102,5,94
103,5,94
104,5,9
105,5,94
106,5,94
107,5,94
108,5,94
109,5,36
110,5,9
111,5,36
112,5,6
113,5,36
114,5,36
115,5,36
116,5,36
117,5,36
118,5,36
119,5,36
120,5,36
121,5,36
122,5,36
123,5,36
124,5,36
125,5,36
126,5,36
127,5,36
128,5,36
129,5,36
130,5,36
131,5,1
132,5,36
133,5,36
134,5,36
135,5,36
136,5,8
137,5,36
138,5,36
139,5,36
140,5,8
141,5,8
142,5,8
143,5,8
144,5,8
145,5,8
146,5,8
147,5,8
148,5,8
149,5,8
150,5,8
151,5,8
152,5,8
153,5,31
154,5,8
155,5,8
156,5,8
157,5,8
158,5,8
159,5,8
160,5,7
161,5,8
162,5,1
163,5,8
164,5,8
165,5,8
166,5,7
167,5,17
168,5,8
169,5,8
170,5,8
171,5,9
172,5,9
173,5,9
174,5,9
175,5,9
176,5,9
177,5,9
178,5,9
179,5,9
180,5,9
181,5,9
182,5,9
183,5,9
184,5,9
185,5,9
186,5,9
187,5,9
188,5,9
189,5,9
190,5,9
191,5,9
192,5,9
193,5,9
194,5,9
195,5,9
196,5,9
197,5,9
198,5,31
199,5,31
200,5,8
201,5,31
202,5,31
203,5,31
204,5,31
205,5,31
206,5,31
207,5,31
208,5,31
209,5,11
210,5,31
211,5,31
212,5,31
213,5,31
214,5,31
215,5,31
216,5,31
217,5,31
218,5,31
219,5,31
220,5,31
221,5,31
222,5,31
223,5,31
224,5,31
225,5,31
226,5,11
227,5,11
228,5,11
229,5,11
230,5,11
231,5,11
232,5,11
233,5,11
234,5,11
235,5,11
236,5,11
237,5,11
238,5,43
239,5,11
240,5,11
241,5,31
242,5,11
243,5,11
244,5,11
245,5,11
246,5,11
247,5,11
248,5,11
249,5,11
250,5,54
251,5,54
252,5,54
253,5,54
254,5,54
255,5,54
256,5,54
257,5,54
258,5,54
259,5,40
260,5,2
261,5,54
262,5,54
263,5,54
264,5,54
265,5,54
266,5,54
267,5,40
268,5,54
269,5,54
270,5,54
271,5,54
272,5,54
273,5,88
274,5,88
275,5,88
276,5,88
277,5,88
278,5,88
279,5,88
280,5,88
281,5,88
282,5,88
283,5,88
284,5,88
285,5,88
286,5,88
287,5,88
288,5,88
289,5,88
290,5,88
291,5,88
292,5,88
293,5,88
294,5,88
295,5,88
296,5,88
297,5,88
298,5,88
299,5,88
300,5,40
301,5,40
302,5,40
303,5,40
304,5,40
305,5,40
306,5,40
307,5,40
308,5,40
309,5,40
310,5,40
311,5,40
312,5,40
313,5,40
314,5,40
315,5,40
316,5,40
317,5,40
318,5,40
319,5,40
320,5,40
321,5,40
322,5,40
323,5,40
324,5,40
325,5,1
326,5,2
327,5,2
328,5,36
329,5,2
330,5,2
331,5,2
332,5,2
333,5,2
334,5,2
335,5,2
336,5,2
337,5,2
338,5,2
339,5,2
340,5,88
341,5,2
342,5,2
343,5,2
344,5,2
345,5,2
346,5,2
347,5,2
348,5,2
349,5,2
350,5,14
351,5,14
352,5,14
353,5,14
354,5,14
355,5,14
356,5,14
357,5,14
358,5,14
359,5,14
360,5,14
361,5,14
362,5,14
363,5,14
364,5,14
365,5,14
366,5,14
367,5,14
368,5,14
369,5,14
370,5,14
371,5,14
372,5,14
373,5,14
374,5,14
375,5,14
376,5,14
377,5,14
378,5,14
379,5,14
380,5,14
381,5,14
382,5,14
383,5,14
384,5,43
385,5,2
386,5,43
387,5,43
388,5,43
389,5,43
390,5,43
391,5,43
392,5,43
393,5,43
394,5,43
395,5,43
396,5,43
397,5,43
398,5,43
399,5,43
400,5,43
401,5,6
402,5,43
403,5,6
404,5,43
405,5,4
406,5,43
407,5,43
408,5,43
409,5,43
410,5,43
411,5,43
412,5,1
413,5,1
414,5,1
415,5,1
416,5,1
417,5,1
418,5,1
419,5,1
420,5,1
421,5,1
422,5,1
423,5,1
424,5,1
425,5,1
426,5,1
427,5,1
428,5,1
429,5,1
430,5,1
431,5,1
432,5,1
433,5,1
434,5,1
435,5,1
436,5,1
437,5,1
438,5,1
439,5,1
440,5,1
441,5,1
442,5,4
443,5,4
444,5,4
445,5,4
446,5,4
447,5,4
448,5,4
449,5,4
450,5,4
451,5,4
452,5,3
453,5,4
454,5,4
455,5,6
456,5,4
457,5,4
458,5,4
459,5,4
460,5,4
461,5,4
462,5,4
463,5,4
464,5,4
465,5,4
466,5,4
467,5,17
468,5,17
469,5,17
470,5,17
471,5,17
472,5,17
473,5,17
474,5,17
475,5,17
476,5,17
477,5,17
478,5,17
479,5,17
480,5,17
481,5,43
482,5,17
483,5,17
484,5,17
485,5,17
486,5,17
487,5,17
488,5,17
489,5,17
490,5,17
491,5,17
492,5,9
493,5,17
494,5,6
495,5,6
496,5,6
497,5,6
498,5,6
499,5,6
500,5,6
501,5,6
502,5,6
503,5,6
504,5,36
505,5,6
506,5,6
507,5,6
508,5,6
509,5,6
510,5,6
511,5,6
512,5,6
513,5,6
514,5,6
515,5,6
516,5,6
517,5,6
518,5,6
519,5,6
520,5,6
521,5,6
522,5,6
523,5,6
524,5,6
525,5,6
526,5,6
527,5,6
528,5,6
529,5,56
530,5,56
531,5,56
532,5,56
533,5,56
534,5,56
535,5,56
536,5,56
537,5,56
538,5,56
539,5,56
540,5,56
541,5,56
542,5,56
543,5,56
544,5,56
545,5,56
546,5,56
547,5,56
548,5,56
549,5,56
550,5,56
551,5,56
552,5,56
553,5,56
554,5,40
555,5,31
556,5,88
557,5,3
558,5,17
559,5,4
560,5,8
561,5,8
562,5,40
563,5,88
564,5,40
565,5,94
566,5,91
567,5,4
568,5,8
569,5,54
570,5,54
571,5,40
572,5,88
573,5,91
574,5,88
575,5,9
576,5,88
577,5,31
578,5,8
579,5,14
580,5,54
581,5,17
582,5,7
583,5,8
584,5,9
585,5,88
586,5,88
587,5,43
588,5,31
589,5,88
590,5,17
591,5,40
592,5,40
593,5,4
594,5,36
595,5,31
596,5,7
597,5,7
598,5,2
599,5,9
600,5,36
601,5,6
602,5,40
603,5,2
604,5,2
605,5,36
606,5,7
607,5,7
608,5,91
609,5,4
610,5,54
611,5,7
612,5,56
613,5,56
614,5,36
615,5,91
616,5,43
617,5,88
618,5,7
619,5,40
620,5,94
621,5,43
622,5,43
1,6,3
2,6,3
3,6,3
4,6,3
5,6,3
6,6,3
7,6,3
8,6,3
9,6,3
10,6,3
11,6,3
12,6,3
13,6,3
14,6,3
15,6,3
16,6,3
17,6,3
18,6,3
19,6,3
20,6,3
21,6,11
22,6,3
23,6,3
24,6,3
25,6,3
26,6,3
27,6,3
28,6,7
29,6,7
30,6,7
31,6,3
32,6,7
33,6,7
34,6,7
35,6,7
36,6,7
37,6,7
38,6,7
39,6,7
40,6,8
41,6,7
42,6,31
43,6,1
44,6,7
45,6,7
46,6,7
47,6,7
48,6,7
49,6,7
50,6,7
51,6,7
52,6,7
53,6,7
54,6,7
55,6,7
56,6,7
57,6,91
58,6,91
59,6,91
60,6,91
61,6,91
62,6,91
63,6,91
64,6,91
65,6,91
66,6,91
67,6,91
68,6,91
69,6,91
70,6,91
71,6,91
72,6,91
73,6,91
74,6,91
75,6,91
76,6,91
77,6,91
78,6,91
79,6,91
80,6,91
81,6,91
82,6,94
83,6,94
84,6,94
85,6,94
86,6,94
87,6,94
88,6,94
89,6,94
90,6,94
91,6,9
92,6,94
93,6,94
94,6,94
95,6,94
96,6,94
97,6,94
98,6,94
99,6,94
100,6,94
101,6,8
102,6,94
103,6,94
104,6,9
105,6,94
106,6,94
107,6,94
108,6,94
109,6,36
110,6,9
111,6,36
112,6,6
113,6,36
114,6,36
115,6,36
116,6,36
117,6,36
118,6,36
119,6,36
120,6,36
121,6,36
122,6,36
123,6,36
124,6,36
125,6,36
126,6,36
127,6,36
128,6,36
129,6,36
130,6,36
131,6,1
132,6,36
133,6,36
134,6,36
135,6,36
136,6,8
137,6,36
138,6,36
139,6,36
140,6,8
141,6,8
142,6,8
143,6,8
144,6,8
145,6,8
146,6,8
147,6,8
148,6,8
149,6,8
150,6,8
151,6,8
152,6,8
153,6,31
154,6,8
155,6,8
156,6,8
157,6,8
158,6,8
159,6,8
160,6,7
161,6,8
162,6,1
163,6,8
164,6,8
165,6,8
166,6,7
167,6,17
168,6,8
169,6,8
170,6,8
171,6,9
172,6,9
173,6,9
174,6,9
175,6,9
176,6,9
177,6,9
178,6,9
179,6,9
180,6,9
181,6,9
182,6,9
183,6,9
184,6,9
185,6,9
186,6,9
187,6,9
188,6,9
189,6,9
190,6,9
191,6,9
192,6,9
193,6,9
194,6,9
195,6,9
196,6,9
197,6,9
198,6,31
199,6,31
200,6,8
201,6,31
202,6,31
203,6,31
204,6,31
205,6,31
206,6,31
207,6,31
208,6,31
209,6,11
210,6,31
211,6,31
212,6,31
213,6,31
214,6,31
215,6,31
216,6,31
217,6,31
218,6,31
219,6,31
220,6,31
221,6,31
222,6,31
223,6,31
224,6,31
225,6,31
226,6,11
227,6,11
228,6,11
229,6,11
230,6,11
231,6,11
232,6,11
233,6,11
234,6,11
235,6,11
236,6,11
237,6,11
238,6,43
239,6,11
240,6,11
241,6,31
242,6,11
243,6,11
244,6,11
245,6,11
246,6,11
247,6,11
248,6,11
249,6,11
250,6,54
251,6,54
252,6,54
253,6,54
254,6,54
255,6,54
256,6,54
257,6,54
258,6,54
259,6,40
260,6,2
261,6,54
262,6,54
263,6,54
264,6,54
265,6,54
266,6,54
267,6,40
268,6,54
269,6,54
270,6,54
271,6,54
272,6,54
273,6,88
274,6,88
275,6,88
276,6,88
277,6,88
278,6,88
279,6,88
280,6,88
281,6,88
282,6,88
283,6,88
284,6,88
285,6,88
286,6,88
287,6,88
288,6,88
289,6,88
290,6,88
291,6,88
292,6,88
293,6,88
294,6,88
295,6,88
296,6,88
297,6,88
298,6,88
299,6,88
300,6,40
301,6,40
302,6,40
303,6,40
304,6,40
305,6,40
306,6,40
307,6,40
308,6,40
309,6,40
310,6,40
311,6,40
312,6,40
313,6,40
314,6,40
315,6,40
316,6,40
317,6,40
318,6,40
319,6,40
320,6,40
321,6,40
322,6,40
323,6,40
324,6,40
325,6,1
326,6,2
327,6,2
328,6,36
329,6,2
330,6,2
331,6,2
332,6,2
333,6,2
334,6,2
335,6,2
336,6,2
337,6,2
338,6,2
339,6,2
340,6,88
341,6,2
342,6,2
343,6,2
344,6,2
345,6,2
346,6,2
347,6,2
348,6,2
349,6,2
350,6,14
351,6,14
352,6,14
353,6,14
354,6,14
355,6,14
356,6,14
357,6,14
358,6,14
359,6,14
360,6,14
361,6,14
362,6,14
363,6,14
364,6,14
365,6,14
366,6,14
367,6,14
368,6,14
369,6,14
370,6,14
371,6,14
372,6,14
373,6,14
374,6,14
375,6,14
376,6,14
377,6,14
378,6,14
379,6,14
380,6,14
381,6,14
382,6,14
383,6,14
384,6,43
385,6,2
386,6,43
387,6,43
388,6,43
389,6,43
390,6,43
391,6,43
392,6,43
393,6,43
394,6,43
395,6,43
396,6,43
397,6,43
398,6,43
399,6,43
400,6,43
401,6,6
402,6,43
403,6,6
404,6,43
405,6,4
406,6,43
407,6,43
408,6,43
409,6,43
410,6,43
411,6,43
412,6,1
413,6,1
414,6,1
415,6,1
416,6,1
417,6,1
418,6,1
419,6,1
420,6,1
421,6,1
422,6,1
423,6,1
424,6,1
425,6,1
426,6,1
427,6,1
428,6,1
429,6,1
430,6,1
431,6,1
432,6,1
433,6,1
434,6,1
435,6,1
436,6,1
437,6,1
438,6,1
439,6,1
440,6,1
441,6,1
442,6,4
443,6,4
444,6,4
445,6,4
446,6,4
447,6,4
448,6,4
449,6,4
450,6,4
451,6,4
452,6,3
453,6,4
454,6,4
455,6,6
456,6,4
457,6,4
458,6,4
459,6,4
460,6,4
461,6,4
462,6,4
463,6,4
464,6,4
465,6,4
466,6,4
467,6,17
468,6,17
469,6,17
470,6,17
471,6,17
472,6,17
473,6,17
474,6,17
475,6,17
476,6,17
477,6,17
478,6,17
479,6,17
480,6,17
481,6,43
482,6,17
483,6,17
484,6,17
485,6,17
486,6,17
487,6,17
488,6,17
489,6,17
490,6,17
491,6,17
492,6,9
493,6,17
494,6,6
495,6,6
496,6,6
497,6,6
498,6,6
499,6,6
500,6,6
501,6,6
502,6,6
503,6,6
504,6,36
505,6,6
506,6,6
507,6,6
508,6,6
509,6,6
510,6,6
511,6,6
512,6,6
513,6,6
514,6,6
515,6,6
516,6,6
517,6,6
518,6,6
519,6,6
520,6,6
521,6,6
522,6,6
523,6,6
524,6,6
525,6,6
526,6,6
527,6,6
528,6,6
529,6,56
530,6,56
531,6,56
532,6,56
533,6,56
534,6,56
535,6,56
536,6,56
537,6,56
538,6,56
539,6,56
540,6,56
541,6,56
542,6,56
543,6,56
544,6,56
545,6,56
546,6,56
547,6,56
548,6,56
549,6,56
550,6,56
551,6,56
552,6,56
553,6,56
554,6,40
555,6,31
556,6,88
557,6,3
558,6,17
559,6,4
560,6,8
561,6,8
562,6,40
563,6,88
564,6,40
565,6,94
566,6,91
567,6,4
568,6,8
569,6,54
570,6,54
571,6,40
572,6,88
573,6,91
574,6,88
575,6,9
576,6,88
577,6,31
578,6,8
579,6,14
580,6,54
581,6,17
582,6,7
583,6,8
584,6,9
585,6,88
586,6,88
587,6,43
588,6,31
589,6,88
590,6,17
591,6,40
592,6,40
593,6,4
594,6,36
595,6,31
596,6,7
597,6,7
598,6,2
599,6,9
600,6,36
601,6,6
602,6,40
603,6,2
604,6,2
605,6,36
606,6,7
607,6,7
608,6,91
609,6,4
610,6,54
611,6,7
612,6,56
613,6,56
614,6,36
615,6,91
616,6,43
617,6,88
618,6,7
619,6,40
620,6,94
621,6,43
622,6,43
1,7,3
2,7,3
3,7,3
4,7,3
5,7,3
6,7,3
7,7,3
8,7,3
9,7,3
10,7,3
11,7,3
12,7,3
13,7,3
14,7,3
15,7,3
16,7,3
17,7,3
18,7,3
19,7,3
20,7,3
21,7,11
22,7,3
23,7,3
24,7,3
25,7,3
26,7,3
27,7,3
28,7,7
29,7,7
30,7,7
31,7,3
32,7,7
33,7,7
34,7,7
35,7,7
36,7,7
37,7,7
38,7,7
39,7,7
40,7,8
41,7,7
42,7,31
43,7,1
44,7,7
45,7,7
46,7,7
47,7,7
48,7,7
49,7,7
50,7,7
51,7,7
52,7,7
53,7,7
54,7,7
55,7,7
56,7,7
57,7,91
58,7,91
59,7,91
60,7,91
61,7,91
62,7,91
63,7,91
64,7,91
65,7,91
66,7,91
67,7,91
68,7,91
69,7,91
70,7,91
71,7,91
72,7,91
73,7,91
74,7,91
75,7,91
76,7,91
77,7,91
78,7,91
79,7,91
80,7,91
81,7,91
82,7,94
83,7,94
84,7,94
85,7,94
86,7,94
87,7,94
88,7,94
89,7,94
90,7,94
91,7,9
92,7,94
93,7,94
94,7,94
95,7,94
96,7,94
97,7,94
98,7,94
99,7,94
100,7,94
101,7,8
102,7,94
103,7,94
104,7,9
105,7,94
106,7,94
107,7,94
108,7,94
109,7,36
110,7,9
111,7,36
112,7,6
113,7,36
114,7,36
115,7,36
116,7,36
117,7,36
118,7,36
119,7,36
120,7,36
121,7,36
122,7,36
123,7,36
124,7,36
125,7,36
126,7,36
127,7,36
128,7,36
129,7,36
130,7,36
131,7,1
132,7,36
133,7,36
134,7,36
135,7,36
136,7,8
137,7,36
138,7,36
139,7,36
140,7,8
141,7,8
142,7,8
143,7,8
144,7,8
145,7,8
146,7,8
147,7,8
148,7,8
149,7,8
150,7,8
151,7,8
152,7,8
153,7,31
154,7,8
155,7,8
156,7,8
157,7,8
158,7,8
159,7,8
160,7,7
161,7,8
162,7,1
163,7,8
164,7,8
165,7,8
166,7,7
167,7,17
168,7,8
169,7,8
170,7,8
171,7,9
172,7,9
173,7,9
174,7,9
175,7,9
176,7,9
177,7,9
178,7,9
179,7,9
180,7,9
181,7,9
182,7,9
183,7,9
184,7,9
185,7,9
186,7,9
187,7,9
188,7,9
189,7,9
190,7,9
191,7,9
192,7,9
193,7,9
194,7,9
195,7,9
196,7,9
197,7,9
198,7,31
199,7,31
200,7,8
201,7,31
202,7,31
203,7,31
204,7,31
205,7,31
206,7,31
207,7,31
208,7,31
209,7,11
210,7,31
211,7,31
212,7,31
213,7,31
214,7,31
215,7,31
216,7,31
217,7,31
218,7,31
219,7,31
220,7,31
221,7,31
222,7,31
223,7,31
224,7,31
225,7,31
226,7,11
227,7,11
228,7,11
229,7,11
230,7,11
231,7,11
232,7,11
233,7,11
234,7,11
235,7,11
236,7,11
237,7,11
238,7,43
239,7,11
240,7,11
241,7,31
242,7,11
243,7,11
244,7,11
245,7,11
246,7,11
247,7,11
248,7,11
249,7,11
250,7,54
251,7,54
252,7,54
253,7,54
254,7,54
255,7,54
256,7,54
257,7,54
258,7,54
259,7,40
260,7,2
261,7,54
262,7,54
263,7,54
264,7,54
265,7,54
266,7,54
267,7,40
268,7,54
269,7,54
270,7,54
271,7,54
272,7,54
273,7,88
274,7,88
275,7,88
276,7,88
277,7,88
278,7,88
279,7,88
280,7,88
281,7,88
282,7,88
283,7,88
284,7,88
285,7,88
286,7,88
287,7,88
288,7,88
289,7,88
290,7,88
291,7,88
292,7,88
293,7,88
294,7,88
295,7,88
296,7,88
297,7,88
298,7,88
299,7,88
300,7,40
301,7,40
302,7,40
303,7,40
304,7,40
305,7,40
306,7,40
307,7,40
308,7,40
309,7,40
310,7,40
311,7,40
312,7,40
313,7,40
314,7,40
315,7,40
316,7,40
317,7,40
318,7,40
319,7,40
320,7,40
321,7,40
322,7,40
323,7,40
324,7,40
325,7,1
326,7,2
327,7,2
328,7,36
329,7,2
330,7,2
331,7,2
332,7,2
333,7,2
334,7,2
335,7,2
336,7,2
337,7,2
338,7,2
339,7,2
340,7,88
341,7,2
342,7,2
343,7,2
344,7,2
345,7,2
346,7,2
347,7,2
348,7,2
349,7,2
350,7,14
351,7,14
352,7,14
353,7,14
354,7,14
355,7,14
356,7,14
357,7,14
358,7,14
359,7,14
360,7,14
361,7,14
362,7,14
363,7,14
364,7,14
365,7,14
366,7,14
367,7,14
368,7,14
369,7,14
370,7,14
371,7,14
372,7,14
373,7,14
374,7,14
375,7,14
376,7,14
377,7,14
378,7,14
379,7,14
380,7,14
381,7,14
382,7,14
383,7,14
384,7,43
385,7,2
386,7,43
387,7,43
388,7,43
389,7,43
390,7,43
391,7,43
392,7,43
393,7,43
394,7,43
395,7,43
396,7,43
397,7,43
398,7,43
399,7,43
400,7,43
401,7,6
402,7,43
403,7,6
404,7,43
405,7,4
406,7,43
407,7,43
408,7,43
409,7,43
410,7,43
411,7,43
412,7,1
413,7,1
414,7,1
415,7,1
416,7,1
417,7,1
418,7,1
419,7,1
420,7,1
421,7,1
422,7,1
423,7,1
424,7,1
425,7,1
426,7,1
427,7,1
428,7,1
429,7,1
430,7,1
431,7,1
432,7,1
433,7,1
434,7,1
435,7,1
436,7,1
437,7,1
438,7,1
439,7,1
440,7,1
441,7,1
442,7,4
443,7,4
444,7,4
445,7,4
446,7,4
447,7,4
448,7,4
449,7,4
450,7,4
451,7,4
452,7,3
453,7,4
454,7,4
455,7,6
456,7,4
457,7,4
458,7,4
459,7,4
460,7,4
461,7,4
462,7,4
463,7,4
464,7,4
465,7,4
466,7,4
467,7,17
468,7,17
469,7,17
470,7,17
471,7,17
472,7,17
473,7,17
474,7,17
475,7,17
476,7,17
477,7,17
478,7,17
479,7,17
480,7,17
481,7,43
482,7,17
483,7,17
484,7,17
485,7,17
486,7,17
487,7,17
488,7,17
489,7,17
490,7,17
491,7,17
492,7,9
493,7,17
494,7,6
495,7,6
496,7,6
497,7,6
498,7,6
499,7,6
500,7,6
501,7,6
502,7,6
503,7,6
504,7,36
505,7,6
506,7,6
507,7,6
508,7,6
509,7,6
510,7,6
511,7,6
512,7,6
513,7,6
514,7,6
515,7,6
516,7,6
517,7,6
518,7,6
519,7,6
520,7,6
521,7,6
522,7,6
523,7,6
524,7,6
525,7,6
526,7,6
527,7,6
528,7,6
529,7,56
530,7,56
531,7,56
532,7,56
533,7,56
534,7,56
535,7,56
536,7,56
537,7,56
538,7,56
539,7,56
540,7,56
541,7,56
542,7,56
543,7,56
544,7,56
545,7,56
546,7,56
547,7,56
548,7,56
549,7,56
550,7,56
551,7,56
552,7,56
553,7,56
554,7,40
555,7,31
556,7,88
557,7,3
558,7,17
559,7,4
560,7,8
561,7,8
562,7,40
563,7,88
564,7,40
565,7,94
566,7,91
567,7,4
568,7,8
569,7,54
570,7,54
571,7,40
572,7,88
573,7,91
574,7,88
575,7,9
576,7,88
577,7,31
578,7,8
579,7,14
580,7,54
581,7,17
582,7,7
583,7,8
584,7,9
585,7,88
586,7,88
587,7,43
588,7,31
589,7,88
590,7,17
591,7,40
592,7,40
593,7,4
594,7,36
595,7,31
596,7,7
597,7,7
598,7,2
599,7,9
600,7,36
601,7,6
602,7,40
603,7,2
604,7,2
605,7,36
606,7,7
607,7,7
608,7,91
609,7,4
610,7,54
611,7,7
612,7,56
613,7,56
614,7,36
615,7,91
616,7,43
617,7,88
618,7,7
619,7,40
620,7,94
621,7,43
622,7,43
1,8,3
2,8,3
3,8,3
4,8,3
5,8,3
6,8,3
7,8,3
8,8,3
9,8,3
10,8,3
11,8,3
12,8,3
13,8,3
14,8,3
15,8,3
16,8,3
17,8,3
18,8,3
19,8,3
20,8,3
21,8,11
22,8,3
23,8,3
24,8,3
25,8,3
26,8,3
27,8,3
28,8,7
29,8,7
30,8,7
31,8,3
32,8,7
33,8,7
34,8,7
35,8,7
36,8,7
37,8,7
38,8,7
39,8,7
40,8,8
41,8,7
42,8,31
43,8,1
44,8,7
45,8,7
46,8,7
47,8,7
48,8,7
49,8,7
50,8,7
51,8,7
52,8,7
53,8,7
54,8,7
55,8,7
56,8,7
57,8,91
58,8,91
59,8,91
60,8,91
61,8,91
62,8,91
63,8,91
64,8,91
65,8,91
66,8,91
67,8,91
68,8,91
69,8,91
70,8,91
71,8,91
72,8,91
73,8,91
74,8,91
75,8,91
76,8,91
77,8,91
78,8,91
79,8,91
80,8,91
81,8,91
82,8,94
83,8,94
84,8,94
85,8,94
86,8,94
87,8,94
88,8,94
89,8,94
90,8,94
91,8,9
92,8,94
93,8,94
94,8,94
95,8,94
96,8,94
97,8,94
98,8,94
99,8,94
100,8,94
101,8,8
102,8,94
103,8,94
104,8,9
105,8,94
106,8,94
107,8,94
108,8,94
109,8,36
110,8,9
111,8,36
112,8,6
113,8,36
114,8,36
115,8,36
116,8,36
117,8,36
118,8,36
119,8,36
120,8,36
121,8,36
122,8,36
123,8,36
124,8,36
125,8,36
126,8,36
127,8,36
128,8,36
129,8,36
130,8,36
131,8,1
132,8,36
133,8,36
134,8,36
135,8,36
136,8,8
137,8,36
138,8,36
139,8,36
140,8,8
141,8,8
142,8,8
143,8,8
144,8,8
145,8,8
146,8,8
147,8,8
148,8,8
149,8,8
150,8,8
151,8,8
152,8,8
153,8,31
154,8,8
155,8,8
156,8,8
157,8,8
158,8,8
159,8,8
160,8,7
161,8,8
162,8,1
163,8,8
164,8,8
165,8,8
166,8,7
167,8,17
168,8,8
169,8,8
170,8,8
171,8,9
172,8,9
173,8,9
174,8,9
175,8,9
176,8,9
177,8,9
178,8,9
179,8,9
180,8,9
181,8,9
182,8,9
183,8,9
184,8,9
185,8,9
186,8,9
187,8,9
188,8,9
189,8,9
190,8,9
191,8,9
192,8,9
193,8,9
194,8,9
195,8,9
196,8,9
197,8,9
198,8,31
199,8,31
200,8,8
201,8,31
202,8,31
203,8,31
204,8,31
205,8,31
206,8,31
207,8,31
208,8,31
209,8,11
210,8,31
211,8,31
212,8,31
213,8,31
214,8,31
215,8,31
216,8,31
217,8,31
218,8,31
219,8,31
220,8,31
221,8,31
222,8,31
223,8,31
224,8,31
225,8,31
226,8,11
227,8,11
228,8,11
229,8,11
230,8,11
231,8,11
232,8,11
233,8,11
234,8,11
235,8,11
236,8,11
237,8,11
238,8,43
239,8,11
240,8,11
241,8,31
242,8,11
243,8,11
244,8,11
245,8,11
246,8,11
247,8,11
248,8,11
249,8,11
250,8,54
251,8,54
252,8,54
253,8,54
254,8,54
255,8,54
256,8,54
257,8,54
258,8,54
259,8,40
260,8,2
261,8,54
262,8,54
263,8,54
264,8,54
265,8,54
266,8,54
267,8,40
268,8,54
269,8,54
270,8,54
271,8,54
272,8,54
273,8,88
274,8,88
275,8,88
276,8,88
277,8,88
278,8,88
279,8,88
280,8,88
281,8,88
282,8,88
283,8,88
284,8,88
285,8,88
286,8,88
287,8,88
288,8,88
289,8,88
290,8,88
291,8,88
292,8,88
293,8,88
294,8,88
295,8,88
296,8,88
297,8,88
298,8,88
299,8,88
300,8,40
301,8,40
302,8,40
303,8,40
304,8,40
305,8,40
306,8,40
307,8,40
308,8,40
309,8,40
310,8,40
311,8,40
312,8,40
313,8,40
314,8,40
315,8,40
316,8,40
317,8,40
318,8,40
319,8,40
320,8,40
321,8,40
322,8,40
323,8,40
324,8,40
325,8,1
326,8,2
327,8,2
328,8,36
329,8,2
330,8,2
331,8,2
332,8,2
333,8,2
334,8,2
335,8,2
336,8,2
337,8,2
338,8,2
339,8,2
340,8,88
341,8,2
342,8,2
343,8,2
344,8,2
345,8,2
346,8,2
347,8,2
348,8,2
349,8,2
350,8,14
351,8,14
352,8,14
353,8,14
354,8,14
355,8,14
356,8,14
357,8,14
358,8,14
359,8,14
360,8,14
361,8,14
362,8,14
363,8,14
364,8,14
365,8,14
366,8,14
367,8,14
368,8,14
369,8,14
370,8,14
371,8,14
372,8,14
373,8,14
374,8,14
375,8,14
376,8,14
377,8,14
378,8,14
379,8,14
380,8,14
381,8,14
382,8,14
383,8,14
384,8,43
385,8,2
386,8,43
387,8,43
388,8,43
389,8,43
390,8,43
391,8,43
392,8,43
393,8,43
394,8,43
395,8,43
396,8,43
397,8,43
398,8,43
399,8,43
400,8,43
401,8,6
402,8,43
403,8,6
404,8,43
405,8,4
406,8,43
407,8,43
408,8,43
409,8,43
410,8,43
411,8,43
412,8,1
413,8,1
414,8,1
415,8,1
416,8,1
417,8,1
418,8,1
419,8,1
420,8,1
421,8,1
422,8,1
423,8,1
424,8,1
425,8,1
426,8,1
427,8,1
428,8,1
429,8,1
430,8,1
431,8,1
432,8,1
433,8,1
434,8,1
435,8,1
436,8,1
437,8,1
438,8,1
439,8,1
440,8,1
441,8,1
442,8,4
443,8,4
444,8,4
445,8,4
446,8,4
447,8,4
448,8,4
449,8,4
450,8,4
451,8,4
452,8,3
453,8,4
454,8,4
455,8,6
456,8,4
457,8,4
458,8,4
459,8,4
460,8,4
461,8,4
462,8,4
463,8,4
464,8,4
465,8,4
466,8,4
467,8,17
468,8,17
469,8,17
470,8,17
471,8,17
472,8,17
473,8,17
474,8,17
475,8,17
476,8,17
477,8,17
478,8,17
479,8,17
480,8,17
481,8,43
482,8,17
483,8,17
484,8,17
485,8,17
486,8,17
487,8,17
488,8,17
489,8,17
490,8,17
491,8,17
492,8,9
493,8,17
494,8,6
495,8,6
496,8,6
497,8,6
498,8,6
499,8,6
500,8,6
501,8,6
502,8,6
503,8,6
504,8,36
505,8,6
506,8,6
507,8,6
508,8,6
509,8,6
510,8,6
511,8,6
512,8,6
513,8,6
514,8,6
515,8,6
516,8,6
517,8,6
518,8,6
519,8,6
520,8,6
521,8,6
522,8,6
523,8,6
524,8,6
525,8,6
526,8,6
527,8,6
528,8,6
529,8,56
530,8,56
531,8,56
532,8,56
533,8,56
534,8,56
535,8,56
536,8,56
537,8,56
538,8,56
539,8,56
540,8,56
541,8,56
542,8,56
543,8,56
544,8,56
545,8,56
546,8,56
547,8,56
548,8,56
549,8,56
550,8,56
551,8,56
552,8,56
553,8,56
554,8,40
555,8,31
556,8,88
557,8,3
558,8,17
559,8,4
560,8,8
561,8,8
562,8,40
563,8,88
564,8,40
565,8,94
566,8,91
567,8,4
568,8,8
569,8,54
570,8,54
571,8,40
572,8,88
573,8,91
574,8,88
575,8,9
576,8,88
577,8,31
578,8,8
579,8,14
580,8,54
581,8,17
582,8,7
583,8,8
584,8,9
585,8,88
586,8,88
587,8,43
588,8,31
589,8,88
590,8,17
591,8,40
592,8,40
593,8,4
594,8,36
595,8,31
596,8,7
597,8,7
598,8,2
599,8,9
600,8,36
601,8,6
602,8,40
603,8,2
604,8,2
605,8,36
606,8,7
607,8,7
608,8,91
609,8,4
610,8,54
611,8,7
612,8,56
613,8,56
614,8,36
615,8,91
616,8,43
617,8,88
618,8,7
619,8,40
620,8,94
621,8,43
622,8,43
1,9,3
2,9,3
3,9,3
4,9,3
5,9,3
6,9,3
7,9,3
8,9,3
9,9,3
10,9,3
11,9,3
12,9,3
13,9,3
14,9,3
15,9,3
16,9,3
17,9,3
18,9,3
19,9,3
20,9,3
21,9,11
22,9,3
23,9,3
24,9,3
25,9,3
26,9,3
27,9,3
28,9,7
29,9,7
30,9,7
31,9,3
32,9,7
33,9,7
34,9,7
35,9,7
36,9,7
37,9,7
38,9,7
39,9,7
40,9,8
41,9,7
42,9,31
43,9,1
44,9,7
45,9,7
46,9,7
47,9,7
48,9,7
49,9,7
50,9,7
51,9,7
52,9,7
53,9,7
54,9,7
55,9,7
56,9,7
57,9,91
58,9,91
59,9,91
60,9,91
61,9,91
62,9,91
63,9,91
64,9,91
65,9,91
66,9,91
67,9,91
68,9,91
69,9,91
70,9,91
71,9,91
72,9,91
73,9,91
74,9,91
75,9,91
76,9,91
77,9,91
78,9,91
79,9,91
80,9,91
81,9,91
82,9,94
83,9,94
84,9,94
85,9,94
86,9,94
87,9,94
88,9,94
89,9,94
90,9,94
91,9,9
92,9,94
93,9,94
94,9,94
95,9,94
96,9,94
97,9,94
98,9,94
99,9,94
100,9,94
101,9,8
102,9,94
103,9,94
104,9,9
105,9,94
106,9,94
107,9,94
108,9,94
109,9,36
110,9,9
111,9,36
112,9,6
113,9,36
114,9,36
115,9,36
116,9,36
117,9,36
118,9,36
119,9,36
120,9,36
121,9,36
122,9,36
123,9,36
124,9,36
125,9,36
126,9,36
127,9,36
128,9,36
129,9,36
130,9,36
131,9,1
132,9,36
133,9,36
134,9,36
135,9,36
136,9,8
137,9,36
138,9,36
139,9,36
140,9,8
141,9,8
142,9,8
143,9,8
144,9,8
145,9,8
146,9,8
147,9,8
148,9,8
149,9,8
150,9,8
151,9,8
152,9,8
153,9,31
154,9,8
155,9,8
156,9,8
157,9,8
158,9,8
159,9,8
160,9,7
161,9,8
162,9,1
163,9,8
164,9,8
165,9,8
166,9,7
167,9,17
168,9,8
169,9,8
170,9,8
171,9,9
172,9,9
173,9,9
174,9,9
175,9,9
176,9,9
177,9,9
178,9,9
179,9,9
180,9,9
181,9,9
182,9,9
183,9,9
184,9,9
185,9,9
186,9,9
187,9,9
188,9,9
189,9,9
190,9,9
191,9,9
192,9,9
193,9,9
194,9,9
195,9,9
196,9,9
197,9,9
198,9,31
199,9,31
200,9,8
201,9,31
202,9,31
203,9,31
204,9,31
205,9,31
206,9,31
207,9,31
208,9,31
209,9,11
210,9,31
211,9,31
212,9,31
213,9,31
214,9,31
215,9,31
216,9,31
217,9,31
218,9,31
219,9,31
220,9,31
221,9,31
222,9,31
223,9,31
224,9,31
225,9,31
226,9,11
227,9,11
228,9,11
229,9,11
230,9,11
231,9,11
232,9,11
233,9,11
234,9,11
235,9,11
236,9,11
237,9,11
238,9,43
239,9,11
240,9,11
241,9,31
242,9,11
243,9,11
244,9,11
245,9,11
246,9,11
247,9,11
248,9,11
249,9,11
250,9,54
251,9,54
252,9,54
253,9,54
254,9,54
255,9,54
256,9,54
257,9,54
258,9,54
259,9,40
260,9,2
261,9,54
262,9,54
263,9,54
264,9,54
265,9,54
266,9,54
267,9,40
268,9,54
269,9,54
270,9,54
271,9,54
272,9,54
273,9,88
274,9,88
275,9,88
276,9,88
277,9,88
278,9,88
279,9,88
280,9,88
281,9,88
282,9,88
283,9,88
284,9,88
285,9,88
286,9,88
287,9,88
288,9,88
289,9,88
290,9,88
291,9,88
292,9,88
293,9,88
294,9,88
295,9,88
296,9,88
297,9,88
298,9,88
299,9,88
300,9,40
301,9,40
302,9,40
303,9,40
304,9,40
305,9,40
306,9,40
307,9,40
308,9,40
309,9,40
310,9,40
311,9,40
312,9,40
313,9,40
314,9,40
315,9,40
316,9,40
317,9,40
318,9,40
319,9,40
320,9,40
321,9,40
322,9,40
323,9,40
324,9,40
325,9,1
326,9,2
327,9,2
328,9,36
329,9,2
330,9,2
331,9,2
332,9,2
333,9,2
334,9,2
335,9,2
336,9,2
337,9,2
338,9,2
339,9,2
340,9,88
341,9,2
342,9,2
343,9,2
344,9,2
345,9,2
346,9,2
347,9,2
348,9,2
349,9,2
350,9,14
351,9,14
352,9,14
353,9,14
354,9,14
355,9,14
356,9,14
357,9,14
358,9,14
359,9,14
360,9,14
361,9,14
362,9,14
363,9,14
364,9,14
365,9,14
366,9,14
367,9,14
368,9,14
369,9,14
370,9,14
371,9,14
372,9,14
373,9,14
374,9,14
375,9,14
376,9,14
377,9,14
378,9,14
379,9,14
380,9,14
381,9,14
382,9,14
383,9,14
384,9,43
385,9,2
386,9,43
387,9,43
388,9,43
389,9,43
390,9,43
391,9,43
392,9,43
393,9,43
394,9,43
395,9,43
396,9,43
397,9,43
398,9,43
399,9,43
400,9,43
401,9,6
402,9,43
403,9,6
404,9,43
405,9,4
406,9,43
407,9,43
408,9,43
409,9,43
410,9,43
411,9,43
412,9,1
413,9,1
414,9,1
415,9,1
416,9,1
417,9,1
418,9,1
419,9,1
420,9,1
421,9,1
422,9,1
423,9,1
424,9,1
425,9,1
426,9,1
427,9,1
428,9,1
429,9,1
430,9,1
431,9,1
432,9,1
433,9,1
434,9,1
435,9,1
436,9,1
437,9,1
438,9,1
439,9,1
440,9,1
441,9,1
442,9,4
443,9,4
444,9,4
445,9,4
446,9,4
447,9,4
448,9,4
449,9,4
450,9,4
451,9,4
452,9,3
453,9,4
454,9,4
455,9,6
456,9,4
457,9,4
458,9,4
459,9,4
460,9,4
461,9,4
462,9,4
463,9,4
464,9,4
465,9,4
466,9,4
467,9,17
468,9,17
469,9,17
470,9,17
471,9,17
472,9,17
473,9,17
474,9,17
475,9,17
476,9,17
477,9,17
478,9,17
479,9,17
480,9,17
481,9,43
482,9,17
483,9,17
484,9,17
485,9,17
486,9,17
487,9,17
488,9,17
489,9,17
490,9,17
491,9,17
492,9,9
493,9,17
494,9,6
495,9,6
496,9,6
497,9,6
498,9,6
499,9,6
500,9,6
501,9,6
502,9,6
503,9,6
504,9,36
505,9,6
506,9,6
507,9,6
508,9,6
509,9,6
510,9,6
511,9,6
512,9,6
513,9,6
514,9,6
515,9,6
516,9,6
517,9,6
518,9,6
519,9,6
520,9,6
521,9,6
522,9,6
523,9,6
524,9,6
525,9,6
526,9,6
527,9,6
528,9,6
529,9,56
530,9,56
531,9,56
532,9,56
533,9,56
534,9,56
535,9,56
536,9,56
537,9,56
538,9,56
539,9,56
540,9,56
541,9,56
542,9,56
543,9,56
544,9,56
545,9,56
546,9,56
547,9,56
548,9,56
549,9,56
550,9,56
551,9,56
552,9,56
553,9,56
554,9,40
555,9,31
556,9,88
557,9,3
558,9,17
559,9,4
560,9,8
561,9,8
562,9,40
563,9,88
564,9,40
565,9,94
566,9,91
567,9,4
568,9,8
569,9,54
570,9,54
571,9,40
572,9,88
573,9,91
574,9,88
575,9,9
576,9,88
577,9,31
578,9,8
579,9,14
580,9,54
581,9,17
582,9,7
583,9,8
584,9,9
585,9,88
586,9,88
587,9,43
588,9,31
589,9,88
590,9,17
591,9,40
592,9,40
593,9,4
594,9,36
595,9,31
596,9,7
597,9,7
598,9,2
599,9,9
600,9,36
601,9,6
602,9,40
603,9,2
604,9,2
605,9,36
606,9,7
607,9,7
608,9,91
609,9,4
610,9,54
611,9,7
612,9,56
613,9,56
614,9,36
615,9,91
616,9,43
617,9,88
618,9,7
619,9,40
620,9,94
621,9,43
622,9,43
1,10,3
2,10,3
3,10,3
4,10,3
5,10,3
6,10,3
7,10,3
8,10,3
9,10,3
10,10,3
11,10,3
12,10,3
13,10,3
14,10,3
15,10,3
16,10,3
17,10,3
18,10,3
19,10,3
20,10,3
21,10,11
22,10,3
23,10,3
24,10,3
25,10,3
26,10,3
27,10,3
28,10,7
29,10,7
30,10,7
31,10,3
32,10,7
33,10,7
34,10,7
35,10,7
36,10,7
37,10,7
38,10,7
39,10,7
40,10,8
41,10,7
42,10,31
43,10,1
44,10,7
45,10,7
46,10,7
47,10,7
48,10,7
49,10,7
50,10,7
51,10,7
52,10,7
53,10,7
54,10,7
55,10,7
56,10,7
57,10,91
58,10,91
59,10,91
60,10,91
61,10,91
62,10,91
63,10,91
64,10,91
65,10,91
66,10,91
67,10,91
68,10,91
69,10,91
70,10,91
71,10,91
72,10,91
73,10,91
74,10,91
75,10,91
76,10,91
77,10,91
78,10,91
79,10,91
80,10,91
81,10,91
82,10,94
83,10,94
84,10,94
85,10,94
86,10,94
87,10,94
88,10,94
89,10,94
90,10,94
91,10,9
92,10,94
93,10,94
94,10,94
95,10,94
96,10,94
97,10,94
98,10,94
99,10,94
100,10,94
101,10,8
102,10,94
103,10,94
104,10,9
105,10,94
106,10,94
107,10,94
108,10,94
109,10,36
110,10,9
111,10,36
112,10,6
113,10,36
114,10,36
115,10,36
116,10,36
117,10,36
118,10,36
119,10,36
120,10,36
121,10,36
122,10,36
123,10,36
124,10,36
125,10,36
126,10,36
127,10,36
128,10,36
129,10,36
130,10,36
131,10,1
132,10,36
133,10,36
134,10,36
135,10,36
136,10,8
137,10,36
138,10,36
139,10,36
140,10,8
141,10,8
142,10,8
143,10,8
144,10,8
145,10,8
146,10,8
147,10,8
148,10,8
149,10,8
150,10,8
151,10,8
152,10,8
153,10,31
154,10,8
155,10,8
156,10,8
157,10,8
158,10,8
159,10,8
160,10,7
161,10,8
162,10,1
163,10,8
164,10,8
165,10,8
166,10,7
167,10,17
168,10,8
169,10,8
170,10,8
171,10,9
172,10,9
173,10,9
174,10,9
175,10,9
176,10,9
177,10,9
178,10,9
179,10,9
180,10,9
181,10,9
182,10,9
183,10,9
184,10,9
185,10,9
186,10,9
187,10,9
188,10,9
189,10,9
190,10,9
191,10,9
192,10,9
193,10,9
194,10,9
195,10,9
196,10,9
197,10,9
198,10,31
199,10,31
200,10,8
201,10,31
202,10,31
203,10,31
204,10,31
205,10,31
206,10,31
207,10,31
208,10,31
209,10,11
210,10,31
211,10,31
212,10,31
213,10,31
214,10,31
215,10,31
216,10,31
217,10,31
218,10,31
219,10,31
220,10,31
221,10,31
222,10,31
223,10,31
224,10,31
225,10,31
226,10,11
227,10,11
228,10,11
229,10,11
230,10,11
231,10,11
232,10,11
233,10,11
234,10,11
235,10,11
236,10,11
237,10,11
238,10,43
239,10,11
240,10,11
241,10,31
242,10,11
243,10,11
244,10,11
245,10,11
246,10,11
247,10,11
248,10,11
249,10,11
250,10,54
251,10,54
252,10,54
253,10,54
254,10,54
255,10,54
256,10,54
257,10,54
258,10,54
259,10,40
260,10,2
261,10,54
262,10,54
263,10,54
264,10,54
265,10,54
266,10,54
267,10,40
268,10,54
269,10,54
270,10,54
271,10,54
272,10,54
273,10,88
274,10,88
275,10,88
276,10,88
277,10,88
278,10,88
279,10,88
280,10,88
281,10,88
282,10,88
283,10,88
284,10,88
285,10,88
286,10,88
287,10,88
288,10,88
289,10,88
290,10,88
291,10,88
292,10,88
293,10,88
294,10,88
295,10,88
296,10,88
297,10,88
298,10,88
299,10,88
300,10,40
301,10,40
302,10,40
303,10,40
304,10,40
305,10,40
306,10,40
307,10,40
308,10,40
309,10,40
310,10,40
311,10,40
312,10,40
313,10,40
314,10,40
315,10,40
316,10,40
317,10,40
318,10,40
319,10,40
320,10,40
321,10,40
322,10,40
323,10,40
324,10,40
325,10,1
326,10,2
327,10,2
328,10,36
329,10,2
330,10,2
331,10,2
332,10,2
333,10,2
334,10,2
335,10,2
336,10,2
337,10,2
338,10,2
339,10,2
340,10,88
341,10,2
342,10,2
343,10,2
344,10,2
345,10,2
346,10,2
347,10,2
348,10,2
349,10,2
350,10,14
351,10,14
352,10,14
353,10,14
354,10,14
355,10,14
356,10,14
357,10,14
358,10,14
359,10,14
360,10,14
361,10,14
362,10,14
363,10,14
364,10,14
365,10,14
366,10,14
367,10,14
368,10,14
369,10,14
370,10,14
371,10,14
372,10,14
373,10,14
374,10,14
375,10,14
376,10,14
377,10,14
378,10,14
379,10,14
380,10,14
381,10,14
382,10,14
383,10,14
384,10,43
385,10,2
386,10,43
387,10,43
388,10,43
389,10,43
390,10,43
391,10,43
392,10,43
393,10,43
394,10,43
395,10,43
396,10,43
397,10,43
398,10,43
399,10,43
400,10,43
401,10,6
402,10,43
403,10,6
404,10,43
405,10,4
406,10,43
407,10,43
408,10,43
409,10,43
410,10,43
411,10,43
412,10,1
413,10,1
414,10,1
415,10,1
416,10,1
417,10,1
418,10,1
419,10,1
420,10,1
421,10,1
422,10,1
423,10,1
424,10,1
425,10,1
426,10,1
427,10,1
428,10,1
429,10,1
430,10,1
431,10,1
432,10,1
433,10,1
434,10,1
435,10,1
436,10,1
437,10,1
438,10,1
439,10,1
440,10,1
441,10,1
442,10,4
443,10,4
444,10,4
445,10,4
446,10,4
447,10,4
448,10,4
449,10,4
450,10,4
451,10,4
452,10,3
453,10,4
454,10,4
455,10,6
456,10,4
457,10,4
458,10,4
459,10,4
460,10,4
461,10,4
462,10,4
463,10,4
464,10,4
465,10,4
466,10,4
467,10,17
468,10,17
469,10,17
470,10,17
471,10,17
472,10,17
473,10,17
474,10,17
475,10,17
476,10,17
477,10,17
478,10,17
479,10,17
480,10,17
481,10,43
482,10,17
483,10,17
484,10,17
485,10,17
486,10,17
487,10,17
488,10,17
489,10,17
490,10,17
491,10,17
492,10,9
493,10,17
494,10,6
495,10,6
496,10,6
497,10,6
498,10,6
499,10,6
500,10,6
501,10,6
502,10,6
503,10,6
504,10,36
505,10,6
506,10,6
507,10,6
508,10,6
509,10,6
510,10,6
511,10,6
512,10,6
513,10,6
514,10,6
515,10,6
516,10,6
517,10,6
518,10,6
519,10,6
520,10,6
521,10,6
522,10,6
523,10,6
524,10,6
525,10,6
526,10,6
527,10,6
528,10,6
529,10,56
530,10,56
531,10,56
532,10,56
533,10,56
534,10,56
535,10,56
536,10,56
537,10,56
538,10,56
539,10,56
540,10,56
541,10,56
542,10,56
543,10,56
544,10,56
545,10,56
546,10,56
547,10,56
548,10,56
549,10,56
550,10,56
551,10,56
552,10,56
553,10,56
554,10,40
555,10,31
556,10,88
557,10,3
558,10,17
559,10,4
560,10,8
561,10,8
562,10,40
563,10,88
564,10,40
565,10,94
566,10,91
567,10,4
568,10,8
569,10,54
570,10,54
571,10,40
572,10,88
573,10,91
574,10,88
575,10,9
576,10,88
577,10,31
578,10,8
579,10,14
580,10,54
581,10,17
582,10,7
583,10,8
584,10,9
585,10,88
586,10,88
587,10,43
588,10,31
589,10,88
590,10,17
591,10,40
592,10,40
593,10,4
594,10,36
595,10,31
596,10,7
597,10,7
598,10,2
599,10,9
600,10,36
601,10,6
602,10,40
603,10,2
604,10,2
605,10,36
606,10,7
607,10,7
608,10,91
609,10,4
610,10,54
611,10,7
612,10,56
613,10,56
614,10,36
615,10,91
616,10,43
617,10,88
618,10,7
619,10,40
620,10,94
621,10,43
622,10,43
1,11,3
2,11,3
3,11,3
4,11,3
5,11,3
6,11,3
7,11,3
8,11,3
9,11,3
10,11,3
11,11,3
12,11,3
13,11,3
14,11,3
15,11,3
16,11,3
17,11,3
18,11,3
19,11,3
20,11,3
21,11,11
22,11,3
23,11,3
24,11,3
25,11,3
26,11,3
27,11,3
28,11,7
29,11,7
30,11,7
31,11,3
32,11,7
33,11,7
34,11,7
35,11,7
36,11,7
37,11,7
38,11,7
39,11,7
40,11,8
41,11,7
42,11,31
43,11,1
44,11,7
45,11,7
46,11,7
47,11,7
48,11,7
49,11,7
50,11,7
51,11,7
52,11,7
53,11,7
54,11,7
55,11,7
56,11,7
57,11,91
58,11,91
59,11,91
60,11,91
61,11,91
62,11,91
63,11,91
64,11,91
65,11,91
66,11,91
67,11,91
68,11,91
69,11,91
70,11,91
71,11,91
72,11,91
73,11,91
74,11,91
75,11,91
76,11,91
77,11,91
78,11,91
79,11,91
80,11,91
81,11,91
82,11,94
83,11,94
84,11,94
85,11,94
86,11,94
87,11,94
88,11,94
89,11,94
90,11,94
91,11,9
92,11,94
93,11,94
94,11,94
95,11,94
96,11,94
97,11,94
98,11,94
99,11,94
100,11,94
101,11,8
102,11,94
103,11,94
104,11,9
105,11,94
106,11,94
107,11,94
108,11,94
109,11,36
110,11,9
111,11,36
112,11,6
113,11,36
114,11,36
115,11,36
116,11,36
117,11,36
118,11,36
119,11,36
120,11,36
121,11,36
122,11,36
123,11,36
124,11,36
125,11,36
126,11,36
127,11,36
128,11,36
129,11,36
130,11,36
131,11,1
132,11,36
133,11,36
134,11,36
135,11,36
136,11,8
137,11,36
138,11,36
139,11,36
140,11,8
141,11,8
142,11,8
143,11,8
144,11,8
145,11,8
146,11,8
147,11,8
148,11,8
149,11,8
150,11,8
151,11,8
152,11,8
153,11,31
154,11,8
155,11,8
156,11,8
157,11,8
158,11,8
159,11,8
160,11,7
161,11,8
162,11,1
163,11,8
164,11,8
165,11,8
166,11,7
167,11,17
168,11,8
169,11,8
170,11,8
171,11,9
172,11,9
173,11,9
174,11,9
175,11,9
176,11,9
177,11,9
178,11,9
179,11,9
180,11,9
181,11,9
182,11,9
183,11,9
184,11,9
185,11,9
186,11,9
187,11,9
188,11,9
189,11,9
190,11,9
191,11,9
192,11,9
193,11,9
194,11,9
195,11,9
196,11,9
197,11,9
198,11,31
199,11,31
200,11,8
201,11,31
202,11,31
203,11,31
204,11,31
205,11,31
206,11,31
207,11,31
208,11,31
209,11,11
210,11,31
211,11,31
212,11,31
213,11,31
214,11,31
215,11,31
216,11,31
217,11,31
218,11,31
219,11,31
220,11,31
221,11,31
222,11,31
223,11,31
224,11,31
225,11,31
226,11,11
227,11,11
228,11,11
229,11,11
230,11,11
231,11,11
232,11,11
233,11,11
234,11,11
235,11,11
236,11,11
237,11,11
238,11,43
239,11,11
240,11,11
241,11,31
242,11,11
243,11,11
244,11,11
245,11,11
246,11,11
247,11,11
248,11,11
249,11,11
250,11,54
251,11,54
252,11,54
253,11,54
254,11,54
255,11,54
256,11,54
257,11,54
258,11,54
259,11,40
260,11,2
261,11,54
262,11,54
263,11,54
264,11,54
265,11,54
266,11,54
267,11,40
268,11,54
269,11,54
270,11,54
271,11,54
272,11,54
273,11,88
274,11,88
275,11,88
276,11,88
277,11,88
278,11,88
279,11,88
280,11,88
281,11,88
282,11,88
283,11,88
284,11,88
285,11,88
286,11,88
287,11,88
288,11,88
289,11,88
290,11,88
291,11,88
292,11,88
293,11,88
294,11,88
295,11,88
296,11,88
297,11,88
298,11,88
299,11,88
300,11,40
301,11,40
302,11,40
303,11,40
304,11,40
305,11,40
306,11,40
307,11,40
308,11,40
309,11,40
310,11,40
311,11,40
312,11,40
313,11,40
314,11,40
315,11,40
316,11,40
317,11,40
318,11,40
319,11,40
320,11,40
321,11,40
322,11,40
323,11,40
324,11,40
325,11,1
326,11,2
327,11,2
328,11,36
329,11,2
330,11,2
331,11,2
332,11,2
333,11,2
334,11,2
335,11,2
336,11,2
337,11,2
338,11,2
339,11,2
340,11,88
341,11,2
342,11,2
343,11,2
344,11,2
345,11,2
346,11,2
347,11,2
348,11,2
349,11,2
350,11,14
351,11,14
352,11,14
353,11,14
354,11,14
355,11,14
356,11,14
357,11,14
358,11,14
359,11,14
360,11,14
361,11,14
362,11,14
363,11,14
364,11,14
365,11,14
366,11,14
367,11,14
368,11,14
369,11,14
370,11,14
371,11,14
372,11,14
373,11,14
374,11,14
375,11,14
376,11,14
377,11,14
378,11,14
379,11,14
380,11,14
381,11,14
382,11,14
383,11,14
384,11,43
385,11,2
386,11,43
387,11,43
388,11,43
389,11,43
390,11,43
391,11,43
392,11,43
393,11,43
394,11,43
395,11,43
396,11,43
397,11,43
398,11,43
399,11,43
400,11,43
401,11,6
402,11,43
403,11,6
404,11,43
405,11,4
406,11,43
407,11,43
408,11,43
409,11,43
410,11,43
411,11,43
412,11,1
413,11,1
414,11,1
415,11,1
416,11,1
417,11,1
418,11,1
419,11,1
420,11,1
421,11,1
422,11,1
423,11,1
424,11,1
425,11,1
426,11,1
427,11,1
428,11,1
429,11,1
430,11,1
431,11,1
432,11,1
433,11,1
434,11,1
435,11,1
436,11,1
437,11,1
438,11,1
439,11,1
440,11,1
441,11,1
442,11,4
443,11,4
444,11,4
445,11,4
446,11,4
447,11,4
448,11,4
449,11,4
450,11,4
451,11,4
452,11,3
453,11,4
454,11,4
455,11,6
456,11,4
457,11,4
458,11,4
459,11,4
460,11,4
461,11,4
462,11,4
463,11,4
464,11,4
465,11,4
466,11,4
467,11,17
468,11,17
469,11,17
470,11,17
471,11,17
472,11,17
473,11,17
474,11,17
475,11,17
476,11,17
477,11,17
478,11,17
479,11,17
480,11,17
481,11,43
482,11,17
483,11,17
484,11,17
485,11,17
486,11,17
487,11,17
488,11,17
489,11,17
490,11,17
491,11,17
492,11,9
493,11,17
494,11,6
495,11,6
496,11,6
497,11,6
498,11,6
499,11,6
500,11,6
501,11,6
502,11,6
503,11,6
504,11,36
505,11,6
506,11,6
507,11,6
508,11,6
509,11,6
510,11,6
511,11,6
512,11,6
513,11,6
514,11,6
515,11,6
516,11,6
517,11,6
518,11,6
519,11,6
520,11,6
521,11,6
522,11,6
523,11,6
524,11,6
525,11,6
526,11,6
527,11,6
528,11,6
529,11,56
530,11,56
531,11,56
532,11,56
533,11,56
534,11,56
535,11,56
536,11,56
537,11,56
538,11,56
539,11,56
540,11,56
541,11,56
542,11,56
543,11,56
544,11,56
545,11,56
546,11,56
547,11,56
548,11,56
549,11,56
550,11,56
551,11,56
552,11,56
553,11,56
554,11,40
555,11,31
556,11,88
557,11,3
558,11,17
559,11,4
560,11,8
561,11,8
562,11,40
563,11,88
564,11,40
565,11,94
566,11,91
567,11,4
568,11,8
569,11,54
570,11,54
571,11,40
572,11,88
573,11,91
574,11,88
575,11,9
576,11,88
577,11,31
578,11,8
579,11,14
580,11,54
581,11,17
582,11,7
583,11,8
584,11,9
585,11,88
586,11,88
587,11,43
588,11,31
589,11,88
590,11,17
591,11,40
592,11,40
593,11,4
594,11,36
595,11,31
596,11,7
597,11,7
598,11,2
599,11,9
600,11,36
601,11,6
602,11,40
603,11,2
604,11,2
605,11,36
606,11,7
607,11,7
608,11,91
609,11,4
610,11,54
611,11,7
612,11,56
613,11,56
614,11,36
615,11,91
616,11,43
617,11,88
618,11,7
619,11,40
620,11,94
621,11,43
622,11,43
1,12,3
2,12,3
3,12,3
4,12,3
5,12,3
6,12,3
7,12,3
8,12,3
9,12,3
10,12,3
11,12,3
12,12,3
13,12,3
14,12,3
15,12,3
16,12,3
17,12,3
18,12,3
19,12,3
20,12,3
21,12,11
22,12,3
23,12,3
24,12,3
25,12,3
26,12,3
27,12,3
28,12,7
29,12,7
30,12,7
31,12,3
32,12,7
33,12,7
34,12,7
35,12,7
36,12,7
37,12,7
38,12,7
39,12,7
40,12,8
41,12,7
42,12,31
43,12,1
44,12,7
45,12,7
46,12,7
47,12,7
48,12,7
49,12,7
50,12,7
51,12,7
52,12,7
53,12,7
54,12,7
55,12,7
56,12,7
57,12,91
58,12,91
59,12,91
60,12,91
61,12,91
62,12,91
63,12,91
64,12,91
65,12,91
66,12,91
67,12,91
68,12,91
69,12,91
70,12,91
71,12,91
72,12,91
73,12,91
74,12,91
75,12,91
76,12,91
77,12,91
78,12,91
79,12,91
80,12,91
81,12,91
82,12,94
83,12,94
84,12,94
85,12,94
86,12,94
87,12,94
88,12,94
89,12,94
90,12,94
91,12,9
92,12,94
93,12,94
94,12,94
95,12,94
96,12,94
97,12,94
98,12,94
99,12,94
100,12,94
101,12,8
102,12,94
103,12,94
104,12,9
105,12,94
106,12,94
107,12,94
108,12,94
109,12,36
110,12,9
111,12,36
112,12,6
113,12,36
114,12,36
115,12,36
116,12,36
117,12,36
118,12,36
119,12,36
120,12,36
121,12,36
122,12,36
123,12,36
124,12,36
125,12,36
126,12,36
127,12,36
128,12,36
129,12,36
130,12,36
131,12,1
132,12,36
133,12,36
134,12,36
135,12,36
136,12,8
137,12,36
138,12,36
139,12,36
140,12,8
141,12,8
142,12,8
143,12,8
144,12,8
145,12,8
146,12,8
147,12,8
148,12,8
149,12,8
150,12,8
151,12,8
152,12,8
153,12,31
154,12,8
155,12,8
156,12,8
157,12,8
158,12,8
159,12,8
160,12,7
161,12,8
162,12,1
163,12,8
164,12,8
165,12,8
166,12,7
167,12,17
168,12,8
169,12,8
170,12,8
171,12,9
172,12,9
173,12,9
174,12,9
175,12,9
176,12,9
177,12,9
178,12,9
179,12,9
180,12,9
181,12,9
182,12,9
183,12,9
184,12,9
185,12,9
186,12,9
187,12,9
188,12,9
189,12,9
190,12,9
191,12,9
192,12,9
193,12,9
194,12,9
195,12,9
196,12,9
197,12,9
198,12,31
199,12,31
200,12,8
201,12,31
202,12,31
203,12,31
204,12,31
205,12,31
206,12,31
207,12,31
208,12,31
209,12,11
210,12,31
211,12,31
212,12,31
213,12,31
214,12,31
215,12,31
216,12,31
217,12,31
218,12,31
219,12,31
220,12,31
221,12,31
222,12,31
223,12,31
224,12,31
225,12,31
226,12,11
227,12,11
228,12,11
229,12,11
230,12,11
231,12,11
232,12,11
233,12,11
234,12,11
235,12,11
236,12,11
237,12,11
238,12,43
239,12,11
240,12,11
241,12,31
242,12,11
243,12,11
244,12,11
245,12,11
246,12,11
247,12,11
248,12,11
249,12,11
250,12,54
251,12,54
252,12,54
253,12,54
254,12,54
255,12,54
256,12,54
257,12,54
258,12,54
259,12,40
260,12,2
261,12,54
262,12,54
263,12,54
264,12,54
265,12,54
266,12,54
267,12,40
268,12,54
269,12,54
270,12,54
271,12,54
272,12,54
273,12,88
274,12,88
275,12,88
276,12,88
277,12,88
278,12,88
279,12,88
280,12,88
281,12,88
282,12,88
283,12,88
284,12,88
285,12,88
286,12,88
287,12,88
288,12,88
289,12,88
290,12,88
291,12,88
292,12,88
293,12,88
294,12,88
295,12,88
296,12,88
297,12,88
298,12,88
299,12,88
300,12,40
301,12,40
302,12,40
303,12,40
304,12,40
305,12,40
306,12,40
307,12,40
308,12,40
309,12,40
310,12,40
311,12,40
312,12,40
313,12,40
314,12,40
315,12,40
316,12,40
317,12,40
318,12,40
319,12,40
320,12,40
321,12,40
322,12,40
323,12,40
324,12,40
325,12,1
326,12,2
327,12,2
328,12,36
329,12,2
330,12,2
331,12,2
332,12,2
333,12,2
334,12,2
335,12,2
336,12,2
337,12,2
338,12,2
339,12,2
340,12,88
341,12,2
342,12,2
343,12,2
344,12,2
345,12,2
346,12,2
347,12,2
348,12,2
349,12,2
350,12,14
351,12,14
352,12,14
353,12,14
354,12,14
355,12,14
356,12,14
357,12,14
358,12,14
359,12,14
360,12,14
361,12,14
362,12,14
363,12,14
364,12,14
365,12,14
366,12,14
367,12,14
368,12,14
369,12,14
370,12,14
371,12,14
372,12,14
373,12,14
374,12,14
375,12,14
376,12,14
377,12,14
378,12,14
379,12,14
380,12,14
381,12,14
382,12,14
383,12,14
384,12,43
385,12,2
386,12,43
387,12,43
388,12,43
389,12,43
390,12,43
391,12,43
392,12,43
393,12,43
394,12,43
395,12,43
396,12,43
397,12,43
398,12,43
399,12,43
400,12,43
401,12,6
402,12,43
403,12,6
404,12,43
405,12,4
406,12,43
407,12,43
408,12,43
409,12,43
410,12,43
411,12,43
412,12,1
413,12,1
414,12,1
415,12,1
416,12,1
417,12,1
418,12,1
419,12,1
420,12,1
421,12,1
422,12,1
423,12,1
424,12,1
425,12,1
426,12,1
427,12,1
428,12,1
429,12,1
430,12,1
431,12,1
432,12,1
433,12,1
434,12,1
435,12,1
436,12,1
437,12,1
438,12,1
439,12,1
440,12,1
441,12,1
442,12,4
443,12,4
444,12,4
445,12,4
446,12,4
447,12,4
448,12,4
449,12,4
450,12,4
451,12,4
452,12,3
453,12,4
454,12,4
455,12,6
456,12,4
457,12,4
458,12,4
459,12,4
460,12,4
461,12,4
462,12,4
463,12,4
464,12,4
465,12,4
466,12,4
467,12,17
468,12,17
469,12,17
470,12,17
471,12,17
472,12,17
473,12,17
474,12,17
475,12,17
476,12,17
477,12,17
478,12,17
479,12,17
480,12,17
481,12,43
482,12,17
483,12,17
484,12,17
485,12,17
486,12,17
487,12,17
488,12,17
489,12,17
490,12,17
491,12,17
492,12,9
493,12,17
494,12,6
495,12,6
496,12,6
497,12,6
498,12,6
499,12,6
500,12,6
501,12,6
502,12,6
503,12,6
504,12,36
505,12,6
506,12,6
507,12,6
508,12,6
509,12,6
510,12,6
511,12,6
512,12,6
513,12,6
514,12,6
515,12,6
516,12,6
517,12,6
518,12,6
519,12,6
520,12,6
521,12,6
522,12,6
523,12,6
524,12,6
525,12,6
526,12,6
527,12,6
528,12,6
529,12,56
530,12,56
531,12,56
532,12,56
533,12,56
534,12,56
535,12,56
536,12,56
537,12,56
538,12,56
539,12,56
540,12,56
541,12,56
542,12,56
543,12,56
544,12,56
545,12,56
546,12,56
547,12,56
548,12,56
549,12,56
550,12,56
551,12,56
552,12,56
553,12,56
554,12,40
555,12,31
556,12,88
557,12,3
558,12,17
559,12,4
560,12,8
561,12,8
562,12,40
563,12,88
564,12,40
565,12,94
566,12,91
567,12,4
568,12,8
569,12,54
570,12,54
571,12,40
572,12,88
573,12,91
574,12,88
575,12,9
576,12,88
577,12,31
578,12,8
579,12,14
580,12,54
581,12,17
582,12,7
583,12,8
584,12,9
585,12,88
586,12,88
587,12,43
588,12,31
589,12,88
590,12,17
591,12,40
592,12,40
593,12,4
594,12,36
595,12,31
596,12,7
597,12,7
598,12,2
599,12,9
600,12,36
601,12,6
602,12,40
603,12,2
604,12,2
605,12,36
606,12,7
607,12,7
608,12,91
609,12,4
610,12,54
611,12,7
612,12,56
613,12,56
614,12,36
615,12,91
616,12,43
617,12,88
618,12,7
619,12,40
620,12,94
621,12,43
622,12,43
1,13,3
2,13,3
3,13,3
4,13,3
5,13,3
6,13,3
7,13,3
8,13,3
9,13,3
10,13,3
11,13,3
12,13,3
13,13,3
14,13,3
15,13,3
16,13,3
17,13,3
18,13,3
19,13,3
20,13,3
21,13,11
22,13,3
23,13,3
24,13,3
25,13,3
26,13,3
27,13,3
28,13,7
29,13,7
30,13,7
31,13,3
32,13,7
33,13,7
34,13,7
35,13,7
36,13,7
37,13,7
38,13,7
39,13,7
40,13,8
41,13,7
42,13,31
43,13,1
44,13,7
45,13,7
46,13,7
47,13,7
48,13,7
49,13,7
50,13,7
51,13,7
52,13,7
53,13,7
54,13,7
55,13,7
56,13,7
57,13,91
58,13,91
59,13,91
60,13,91
61,13,91
62,13,91
63,13,91
64,13,91
65,13,91
66,13,91
67,13,91
68,13,91
69,13,91
70,13,91
71,13,91
72,13,91
73,13,91
74,13,91
75,13,91
76,13,91
77,13,91
78,13,91
79,13,91
80,13,91
81,13,91
82,13,94
83,13,94
84,13,94
85,13,94
86,13,94
87,13,94
88,13,94
89,13,94
90,13,94
91,13,9
92,13,94
93,13,94
94,13,94
95,13,94
96,13,94
97,13,94
98,13,94
99,13,94
100,13,94
101,13,8
102,13,94
103,13,94
104,13,9
105,13,94
106,13,94
107,13,94
108,13,94
109,13,36
110,13,9
111,13,36
112,13,6
113,13,36
114,13,36
115,13,36
116,13,36
117,13,36
118,13,36
119,13,36
120,13,36
121,13,36
122,13,36
123,13,36
124,13,36
125,13,36
126,13,36
127,13,36
128,13,36
129,13,36
130,13,36
131,13,1
132,13,36
133,13,36
134,13,36
135,13,36
136,13,8
137,13,36
138,13,36
139,13,36
140,13,8
141,13,8
142,13,8
143,13,8
144,13,8
145,13,8
146,13,8
147,13,8
148,13,8
149,13,8
150,13,8
151,13,8
152,13,8
153,13,31
154,13,8
155,13,8
156,13,8
157,13,8
158,13,8
159,13,8
160,13,7
161,13,8
162,13,1
163,13,8
164,13,8
165,13,8
166,13,7
167,13,17
168,13,8
169,13,8
170,13,8
171,13,9
172,13,9
173,13,9
174,13,9
175,13,9
176,13,9
177,13,9
178,13,9
179,13,9
180,13,9
181,13,9
182,13,9
183,13,9
184,13,9
185,13,9
186,13,9
187,13,9
188,13,9
189,13,9
190,13,9
191,13,9
192,13,9
193,13,9
194,13,9
195,13,9
196,13,9
197,13,9
198,13,31
199,13,31
200,13,8
201,13,31
202,13,31
203,13,31
204,13,31
205,13,31
206,13,31
207,13,31
208,13,31
209,13,11
210,13,31
211,13,31
212,13,31
213,13,31
214,13,31
215,13,31
216,13,31
217,13,31
218,13,31
219,13,31
220,13,31
221,13,31
222,13,31
223,13,31
224,13,31
225,13,31
226,13,11
227,13,11
228,13,11
229,13,11
230,13,11
231,13,11
232,13,11
233,13,11
234,13,11
235,13,11
236,13,11
237,13,11
238,13,43
239,13,11
240,13,11
241,13,31
242,13,11
243,13,11
244,13,11
245,13,11
246,13,11
247,13,11
248,13,11
249,13,11
250,13,54
251,13,54
252,13,54
253,13,54
254,13,54
255,13,54
256,13,54
257,13,54
258,13,54
259,13,40
260,13,2
261,13,54
262,13,54
263,13,54
264,13,54
265,13,54
266,13,54
267,13,40
268,13,54
269,13,54
270,13,54
271,13,54
272,13,54
273,13,88
274,13,88
275,13,88
276,13,88
277,13,88
278,13,88
279,13,88
280,13,88
281,13,88
282,13,88
283,13,88
284,13,88
285,13,88
286,13,88
287,13,88
288,13,88
289,13,88
290,13,88
291,13,88
292,13,88
293,13,88
294,13,88
295,13,88
296,13,88
297,13,88
298,13,88
299,13,88
300,13,40
301,13,40
302,13,40
303,13,40
304,13,40
305,13,40
306,13,40
307,13,40
308,13,40
309,13,40
310,13,40
311,13,40
312,13,40
313,13,40
314,13,40
315,13,40
316,13,40
317,13,40
318,13,40
319,13,40
320,13,40
321,13,40
322,13,40
323,13,40
324,13,40
325,13,1
326,13,2
327,13,2
328,13,36
329,13,2
330,13,2
331,13,2
332,13,2
333,13,2
334,13,2
335,13,2
336,13,2
337,13,2
338,13,2
339,13,2
340,13,88
341,13,2
342,13,2
343,13,2
344,13,2
345,13,2
346,13,2
347,13,2
348,13,2
349,13,2
350,13,14
351,13,14
352,13,14
353,13,14
354,13,14
355,13,14
356,13,14
357,13,14
358,13,14
359,13,14
360,13,14
361,13,14
362,13,14
363,13,14
364,13,14
365,13,14
366,13,14
367,13,14
368,13,14
369,13,14
370,13,14
371,13,14
372,13,14
373,13,14
374,13,14
375,13,14
376,13,14
377,13,14
378,13,14
379,13,14
380,13,14
381,13,14
382,13,14
383,13,14
384,13,43
385,13,2
386,13,43
387,13,43
388,13,43
389,13,43
390,13,43
391,13,43
392,13,43
393,13,43
394,13,43
395,13,43
396,13,43
397,13,43
398,13,43
399,13,43
400,13,43
401,13,6
402,13,43
403,13,6
404,13,43
405,13,4
406,13,43
407,13,43
408,13,43
409,13,43
410,13,43
411,13,43
412,13,1
413,13,1
414,13,1
415,13,1
416,13,1
417,13,1
418,13,1
419,13,1
420,13,1
421,13,1
422,13,1
423,13,1
424,13,1
425,13,1
426,13,1
427,13,1
428,13,1
429,13,1
430,13,1
431,13,1
432,13,1
433,13,1
434,13,1
435,13,1
436,13,1
437,13,1
438,13,1
439,13,1
440,13,1
441,13,1
442,13,4
443,13,4
444,13,4
445,13,4
446,13,4
447,13,4
448,13,4
449,13,4
450,13,4
451,13,4
452,13,3
453,13,4
454,13,4
455,13,6
456,13,4
457,13,4
458,13,4
459,13,4
460,13,4
461,13,4
462,13,4
463,13,4
464,13,4
465,13,4
466,13,4
467,13,17
468,13,17
469,13,17
470,13,17
471,13,17
472,13,17
473,13,17
474,13,17
475,13,17
476,13,17
477,13,17
478,13,17
479,13,17
480,13,17
481,13,43
482,13,17
483,13,17
484,13,17
485,13,17
486,13,17
487,13,17
488,13,17
489,13,17
490,13,17
491,13,17
492,13,9
493,13,17
494,13,6
495,13,6
496,13,6
497,13,6
498,13,6
499,13,6
500,13,6
501,13,6
502,13,6
503,13,6
504,13,36
505,13,6
506,13,6
507,13,6
508,13,6
509,13,6
510,13,6
511,13,6
512,13,6
513,13,6
514,13,6
515,13,6
516,13,6
517,13,6
518,13,6
519,13,6
520,13,6
521,13,6
522,13,6
523,13,6
524,13,6
525,13,6
526,13,6
527,13,6
528,13,6
529,13,56
530,13,56
531,13,56
532,13,56
533,13,56
534,13,56
535,13,56
536,13,56
537,13,56
538,13,56
539,13,56
540,13,56
541,13,56
542,13,56
543,13,56
544,13,56
545,13,56
546,13,56
547,13,56
548,13,56
549,13,56
550,13,56
551,13,56
552,13,56
553,13,56
554,13,40
555,13,31
556,13,88
557,13,3
558,13,17
559,13,4
560,13,8
561,13,8
562,13,40
563,13,88
564,13,40
565,13,94
566,13,91
567,13,4
568,13,8
569,13,54
570,13,54
571,13,40
572,13,88
573,13,91
574,13,88
575,13,9
576,13,88
577,13,31
578,13,8
579,13,14
580,13,54
581,13,17
582,13,7
583,13,8
584,13,9
585,13,88
586,13,88
587,13,43
588,13,31
589,13,88
590,13,17
591,13,40
592,13,40
593,13,4
594,13,36
595,13,31
596,13,7
597,13,7
598,13,2
599,13,9
600,13,36
601,13,6
602,13,40
603,13,2
604,13,2
605,13,36
606,13,7
607,13,7
608,13,91
609,13,4
610,13,54
611,13,7
612,13,56
613,13,56
614,13,36
615,13,91
616,13,43
617,13,88
618,13,7
619,13,40
620,13,94
621,13,43
622,13,43
1,14,3
2,14,3
3,14,3
4,14,3
5,14,3
6,14,3
7,14,3
8,14,3
9,14,3
10,14,3
11,14,3
12,14,3
13,14,3
14,14,3
15,14,3
16,14,3
17,14,3
18,14,3
19,14,3
20,14,3
21,14,11
22,14,3
23,14,3
24,14,3
25,14,3
26,14,3
27,14,3
28,14,7
29,14,7
30,14,7
31,14,3
32,14,7
33,14,7
34,14,7
35,14,7
36,14,7
37,14,7
38,14,7
39,14,7
40,14,8
41,14,7
42,14,31
43,14,1
44,14,7
45,14,7
46,14,7
47,14,7
48,14,7
49,14,7
50,14,7
51,14,7
52,14,7
53,14,7
54,14,7
55,14,7
56,14,7
57,14,91
58,14,91
59,14,91
60,14,91
61,14,91
62,14,91
63,14,91
64,14,91
65,14,91
66,14,91
67,14,91
68,14,91
69,14,91
70,14,91
71,14,91
72,14,91
73,14,91
74,14,91
75,14,91
76,14,91
77,14,91
78,14,91
79,14,91
80,14,91
81,14,91
82,14,94
83,14,94
84,14,94
85,14,94
86,14,94
87,14,94
88,14,94
89,14,94
90,14,94
91,14,9
92,14,94
93,14,94
94,14,94
95,14,94
96,14,94
97,14,94
98,14,94
99,14,94
100,14,94
101,14,8
102,14,94
103,14,94
104,14,9
105,14,94
106,14,94
107,14,94
108,14,94
109,14,36
110,14,9
111,14,36
112,14,6
113,14,36
114,14,36
115,14,36
116,14,36
117,14,36
118,14,36
119,14,36
120,14,36
121,14,36
122,14,36
123,14,36
124,14,36
125,14,36
126,14,36
127,14,36
128,14,36
129,14,36
130,14,36
131,14,1
132,14,36
133,14,36
134,14,36
135,14,36
136,14,8
137,14,36
138,14,36
139,14,36
140,14,8
141,14,8
142,14,8
143,14,8
144,14,8
145,14,8
146,14,8
147,14,8
148,14,8
149,14,8
150,14,8
151,14,8
152,14,8
153,14,31
154,14,8
155,14,8
156,14,8
157,14,8
158,14,8
159,14,8
160,14,7
161,14,8
162,14,1
163,14,8
164,14,8
165,14,8
166,14,7
167,14,17
168,14,8
169,14,8
170,14,8
171,14,9
172,14,9
173,14,9
174,14,9
175,14,9
176,14,9
177,14,9
178,14,9
179,14,9
180,14,9
181,14,9
182,14,9
183,14,9
184,14,9
185,14,9
186,14,9
187,14,9
188,14,9
189,14,9
190,14,9
191,14,9
192,14,9
193,14,9
194,14,9
195,14,9
196,14,9
197,14,9
198,14,31
199,14,31
200,14,8
201,14,31
202,14,31
203,14,31
204,14,31
205,14,31
206,14,31
207,14,31
208,14,31
209,14,11
210,14,31
211,14,31
212,14,31
213,14,31
214,14,31
215,14,31
216,14,31
217,14,31
218,14,31
219,14,31
220,14,31
221,14,31
222,14,31
223,14,31
224,14,31
225,14,31
226,14,11
227,14,11
228,14,11
229,14,11
230,14,11
231,14,11
232,14,11
233,14,11
234,14,11
235,14,11
236,14,11
237,14,11
238,14,43
239,14,11
240,14,11
241,14,31
242,14,11
243,14,11
244,14,11
245,14,11
246,14,11
247,14,11
248,14,11
249,14,11
250,14,54
251,14,54
252,14,54
253,14,54
254,14,54
255,14,54
256,14,54
257,14,54
258,14,54
259,14,40
260,14,2
261,14,54
262,14,54
263,14,54
264,14,54
265,14,54
266,14,54
267,14,40
268,14,54
269,14,54
270,14,54
271,14,54
272,14,54
273,14,88
274,14,88
275,14,88
276,14,88
277,14,88
278,14,88
279,14,88
280,14,88
281,14,88
282,14,88
283,14,88
284,14,88
285,14,88
286,14,88
287,14,88
288,14,88
289,14,88
290,14,88
291,14,88
292,14,88
293,14,88
294,14,88
295,14,88
296,14,88
297,14,88
298,14,88
299,14,88
300,14,40
301,14,40
302,14,40
303,14,40
304,14,40
305,14,40
306,14,40
307,14,40
308,14,40
309,14,40
310,14,40
311,14,40
312,14,40
313,14,40
314,14,40
315,14,40
316,14,40
317,14,40
318,14,40
319,14,40
320,14,40
321,14,40
322,14,40
323,14,40
324,14,40
325,14,1
326,14,2
327,14,2
328,14,36
329,14,2
330,14,2
331,14,2
332,14,2
333,14,2
334,14,2
335,14,2
336,14,2
337,14,2
338,14,2
339,14,2
340,14,88
341,14,2
342,14,2
343,14,2
344,14,2
345,14,2
346,14,2
347,14,2
348,14,2
349,14,2
350,14,14
351,14,14
352,14,14
353,14,14
354,14,14
355,14,14
356,14,14
357,14,14
358,14,14
359,14,14
360,14,14
361,14,14
362,14,14
363,14,14
364,14,14
365,14,14
366,14,14
367,14,14
368,14,14
369,14,14
370,14,14
371,14,14
372,14,14
373,14,14
374,14,14
375,14,14
376,14,14
377,14,14
378,14,14
379,14,14
380,14,14
381,14,14
382,14,14
383,14,14
384,14,43
385,14,2
386,14,43
387,14,43
388,14,43
389,14,43
390,14,43
391,14,43
392,14,43
393,14,43
394,14,43
395,14,43
396,14,43
397,14,43
398,14,43
399,14,43
400,14,43
401,14,6
402,14,43
403,14,6
404,14,43
405,14,4
406,14,43
407,14,43
408,14,43
409,14,43
410,14,43
411,14,43
412,14,1
413,14,1
414,14,1
415,14,1
416,14,1
417,14,1
418,14,1
419,14,1
420,14,1
421,14,1
422,14,1
423,14,1
424,14,1
425,14,1
426,14,1
427,14,1
428,14,1
429,14,1
430,14,1
431,14,1
432,14,1
433,14,1
434,14,1
435,14,1
436,14,1
437,14,1
438,14,1
439,14,1
440,14,1
441,14,1
442,14,4
443,14,4
444,14,4
445,14,4
446,14,4
447,14,4
448,14,4
449,14,4
450,14,4
451,14,4
452,14,3
453,14,4
454,14,4
455,14,6
456,14,4
457,14,4
458,14,4
459,14,4
460,14,4
461,14,4
462,14,4
463,14,4
464,14,4
465,14,4
466,14,4
467,14,17
468,14,17
469,14,17
470,14,17
471,14,17
472,14,17
473,14,17
474,14,17
475,14,17
476,14,17
477,14,17
478,14,17
479,14,17
480,14,17
481,14,43
482,14,17
483,14,17
484,14,17
485,14,17
486,14,17
487,14,17
488,14,17
489,14,17
490,14,17
491,14,17
492,14,9
493,14,17
494,14,6
495,14,6
496,14,6
497,14,6
498,14,6
499,14,6
500,14,6
501,14,6
502,14,6
503,14,6
504,14,36
505,14,6
506,14,6
507,14,6
508,14,6
509,14,6
510,14,6
511,14,6
512,14,6
513,14,6
514,14,6
515,14,6
516,14,6
517,14,6
518,14,6
519,14,6
520,14,6
521,14,6
522,14,6
523,14,6
524,14,6
525,14,6
526,14,6
527,14,6
528,14,6
529,14,56
530,14,56
531,14,56
532,14,56
533,14,56
534,14,56
535,14,56
536,14,56
537,14,56
538,14,56
539,14,56
540,14,56
541,14,56
542,14,56
543,14,56
544,14,56
545,14,56
546,14,56
547,14,56
548,14,56
549,14,56
550,14,56
551,14,56
552,14,56
553,14,56
554,14,40
555,14,31
556,14,88
557,14,3
558,14,17
559,14,4
560,14,8
561,14,8
562,14,40
563,14,88
564,14,40
565,14,94
566,14,91
567,14,4
568,14,8
569,14,54
570,14,54
571,14,40
572,14,88
573,14,91
574,14,88
575,14,9
576,14,88
577,14,31
578,14,8
579,14,14
580,14,54
581,14,17
582,14,7
583,14,8
584,14,9
585,14,88
586,14,88
587,14,43
588,14,31
589,14,88
590,14,17
591,14,40
592,14,40
593,14,4
594,14,36
595,14,31
596,14,7
597,14,7
598,14,2
599,14,9
600,14,36
601,14,6
602,14,40
603,14,2
604,14,2
605,14,36
606,14,7
607,14,7
608,14,91
609,14,4
610,14,54
611,14,7
612,14,56
613,14,56
614,14,36
615,14,91
616,14,43
617,14,88
618,14,7
619,14,40
620,14,94
621,14,43
622,14,43
1,15,3
2,15,3
3,15,3
4,15,3
5,15,3
6,15,3
7,15,3
8,15,3
9,15,3
10,15,3
11,15,3
12,15,3
13,15,3
14,15,3
15,15,3
16,15,3
17,15,3
18,15,3
19,15,3
20,15,3
21,15,11
22,15,3
23,15,3
24,15,3
25,15,3
26,15,3
27,15,3
28,15,7
29,15,7
30,15,7
31,15,3
32,15,7
33,15,7
34,15,7
35,15,7
36,15,7
37,15,7
38,15,7
39,15,7
40,15,8
41,15,7
42,15,31
43,15,1
44,15,7
45,15,7
46,15,7
47,15,7
48,15,7
49,15,7
50,15,7
51,15,7
52,15,7
53,15,7
54,15,7
55,15,7
56,15,7
57,15,91
58,15,91
59,15,91
60,15,91
61,15,91
62,15,91
63,15,91
64,15,91
65,15,91
66,15,91
67,15,91
68,15,91
69,15,91
70,15,91
71,15,91
72,15,91
73,15,91
74,15,91
75,15,91
76,15,91
77,15,91
78,15,91
79,15,91
80,15,91
81,15,91
82,15,94
83,15,94
84,15,94
85,15,94
86,15,94
87,15,94
88,15,94
89,15,94
90,15,94
91,15,9
92,15,94
93,15,94
94,15,94
95,15,94
96,15,94
97,15,94
98,15,94
99,15,94
100,15,94
101,15,8
102,15,94
103,15,94
104,15,9
105,15,94
106,15,94
107,15,94
108,15,94
109,15,36
110,15,9
111,15,36
112,15,6
113,15,36
114,15,36
115,15,36
116,15,36
117,15,36
118,15,36
119,15,36
120,15,36
121,15,36
122,15,36
123,15,36
124,15,36
125,15,36
126,15,36
127,15,36
128,15,36
129,15,36
130,15,36
131,15,1
132,15,36
133,15,36
134,15,36
135,15,36
136,15,8
137,15,36
138,15,36
139,15,36
140,15,8
141,15,8
142,15,8
143,15,8
144,15,8
145,15,8
146,15,8
147,15,8
148,15,8
149,15,8
150,15,8
151,15,8
152,15,8
153,15,31
154,15,8
155,15,8
156,15,8
157,15,8
158,15,8
159,15,8
160,15,7
161,15,8
162,15,1
163,15,8
164,15,8
165,15,8
166,15,7
167,15,17
168,15,8
169,15,8
170,15,8
171,15,9
172,15,9
173,15,9
174,15,9
175,15,9
176,15,9
177,15,9
178,15,9
179,15,9
180,15,9
181,15,9
182,15,9
183,15,9
184,15,9
185,15,9
186,15,9
187,15,9
188,15,9
189,15,9
190,15,9
191,15,9
192,15,9
193,15,9
194,15,9
195,15,9
196,15,9
197,15,9
198,15,31
199,15,31
200,15,8
201,15,31
202,15,31
203,15,31
204,15,31
205,15,31
206,15,31
207,15,31
208,15,31
209,15,11
210,15,31
211,15,31
212,15,31
213,15,31
214,15,31
215,15,31
216,15,31
217,15,31
218,15,31
219,15,31
220,15,31
221,15,31
222,15,31
223,15,31
224,15,31
225,15,31
226,15,11
227,15,11
228,15,11
229,15,11
230,15,11
231,15,11
232,15,11
233,15,11
234,15,11
235,15,11
236,15,11
237,15,11
238,15,43
239,15,11
240,15,11
241,15,31
242,15,11
243,15,11
244,15,11
245,15,11
246,15,11
247,15,11
248,15,11
249,15,11
250,15,54
251,15,54
252,15,54
253,15,54
254,15,54
255,15,54
256,15,54
257,15,54
258,15,54
259,15,40
260,15,2
261,15,54
262,15,54
263,15,54
264,15,54
265,15,54
266,15,54
267,15,40
268,15,54
269,15,54
270,15,54
271,15,54
272,15,54
273,15,88
274,15,88
275,15,88
276,15,88
277,15,88
278,15,88
279,15,88
280,15,88
281,15,88
282,15,88
283,15,88
284,15,88
285,15,88
286,15,88
287,15,88
288,15,88
289,15,88
290,15,88
291,15,88
292,15,88
293,15,88
294,15,88
295,15,88
296,15,88
297,15,88
298,15,88
299,15,88
300,15,40
301,15,40
302,15,40
303,15,40
304,15,40
305,15,40
306,15,40
307,15,40
308,15,40
309,15,40
310,15,40
311,15,40
312,15,40
313,15,40
314,15,40
315,15,40
316,15,40
317,15,40
318,15,40
319,15,40
320,15,40
321,15,40
322,15,40
323,15,40
324,15,40
325,15,1
326,15,2
327,15,2
328,15,36
329,15,2
330,15,2
331,15,2
332,15,2
333,15,2
334,15,2
335,15,2
336,15,2
337,15,2
338,15,2
339,15,2
340,15,88
341,15,2
342,15,2
343,15,2
344,15,2
345,15,2
346,15,2
347,15,2
348,15,2
349,15,2
350,15,14
351,15,14
352,15,14
353,15,14
354,15,14
355,15,14
356,15,14
357,15,14
358,15,14
359,15,14
360,15,14
361,15,14
362,15,14
363,15,14
364,15,14
365,15,14
366,15,14
367,15,14
368,15,14
369,15,14
370,15,14
371,15,14
372,15,14
373,15,14
374,15,14
375,15,14
376,15,14
377,15,14
378,15,14
379,15,14
380,15,14
381,15,14
382,15,14
383,15,14
384,15,43
385,15,2
386,15,43
387,15,43
388,15,43
389,15,43
390,15,43
391,15,43
392,15,43
393,15,43
394,15,43
395,15,43
396,15,43
397,15,43
398,15,43
399,15,43
400,15,43
401,15,6
402,15,43
403,15,6
404,15,43
405,15,4
406,15,43
407,15,43
408,15,43
409,15,43
410,15,43
411,15,43
412,15,1
413,15,1
414,15,1
415,15,1
416,15,1
417,15,1
418,15,1
419,15,1
420,15,1
421,15,1
422,15,1
423,15,1
424,15,1
425,15,1
426,15,1
427,15,1
428,15,1
429,15,1
430,15,1
431,15,1
432,15,1
433,15,1
434,15,1
435,15,1
436,15,1
437,15,1
438,15,1
439,15,1
440,15,1
441,15,1
442,15,4
443,15,4
444,15,4
445,15,4
446,15,4
447,15,4
448,15,4
449,15,4
450,15,4
451,15,4
452,15,3
453,15,4
454,15,4
455,15,6
456,15,4
457,15,4
458,15,4
459,15,4
460,15,4
461,15,4
462,15,4
463,15,4
464,15,4
465,15,4
466,15,4
467,15,17
468,15,17
469,15,17
470,15,17
471,15,17
472,15,17
473,15,17
474,15,17
475,15,17
476,15,17
477,15,17
478,15,17
479,15,17
480,15,17
481,15,43
482,15,17
483,15,17
484,15,17
485,15,17
486,15,17
487,15,17
488,15,17
489,15,17
490,15,17
491,15,17
492,15,9
493,15,17
494,15,6
495,15,6
496,15,6
497,15,6
498,15,6
499,15,6
500,15,6
501,15,6
502,15,6
503,15,6
504,15,36
505,15,6
506,15,6
507,15,6
508,15,6
509,15,6
510,15,6
511,15,6
512,15,6
513,15,6
514,15,6
515,15,6
516,15,6
517,15,6
518,15,6
519,15,6
520,15,6
521,15,6
522,15,6
523,15,6
524,15,6
525,15,6
526,15,6
527,15,6
528,15,6
529,15,56
530,15,56
531,15,56
532,15,56
533,15,56
534,15,56
535,15,56
536,15,56
537,15,56
538,15,56
539,15,56
540,15,56
541,15,56
542,15,56
543,15,56
544,15,56
545,15,56
546,15,56
547,15,56
548,15,56
549,15,56
550,15,56
551,15,56
552,15,56
553,15,56
554,15,40
555,15,31
556,15,88
557,15,3
558,15,17
559,15,4
560,15,8
561,15,8
562,15,40
563,15,88
564,15,40
565,15,94
566,15,91
567,15,4
568,15,8
569,15,54
570,15,54
571,15,40
572,15,88
573,15,91
574,15,88
575,15,9
576,15,88
577,15,31
578,15,8
579,15,14
580,15,54
581,15,17
582,15,7
583,15,8
584,15,9
585,15,88
586,15,88
587,15,43
588,15,31
589,15,88
590,15,17
591,15,40
592,15,40
593,15,4
594,15,36
595,15,31
596,15,7
597,15,7
598,15,2
599,15,9
600,15,36
601,15,6
602,15,40
603,15,2
604,15,2
605,15,36
606,15,7
607,15,7
608,15,91
609,15,4
610,15,54
611,15,7
612,15,56
613,15,56
614,15,36
615,15,91
616,15,43
617,15,88
618,15,7
619,15,40
620,15,94
621,15,43
622,15,43
1,16,3
2,16,3
3,16,3
4,16,3
5,16,3
6,16,3
7,16,3
8,16,3
9,16,3
10,16,3
11,16,3
12,16,3
13,16,3
14,16,3
15,16,3
16,16,3
17,16,3
18,16,3
19,16,3
20,16,3
21,16,11
22,16,3
23,16,3
24,16,3
25,16,3
26,16,3
27,16,3
28,16,7
29,16,7
30,16,7
31,16,3
32,16,7
33,16,7
34,16,7
35,16,7
36,16,7
37,16,7
38,16,7
39,16,7
40,16,8
41,16,7
42,16,31
43,16,1
44,16,7
45,16,7
46,16,7
47,16,7
48,16,7
49,16,7
50,16,7
51,16,7
52,16,7
53,16,7
54,16,7
55,16,7
56,16,7
57,16,91
58,16,91
59,16,91
60,16,91
61,16,91
62,16,91
63,16,91
64,16,91
65,16,91
66,16,91
67,16,91
68,16,91
69,16,91
70,16,91
71,16,91
72,16,91
73,16,91
74,16,91
75,16,91
76,16,91
77,16,91
78,16,91
79,16,91
80,16,91
81,16,91
82,16,94
83,16,94
84,16,94
85,16,94
86,16,94
87,16,94
88,16,94
89,16,94
90,16,94
91,16,9
92,16,94
93,16,94
94,16,94
95,16,94
96,16,94
97,16,94
98,16,94
99,16,94
100,16,94
101,16,8
102,16,94
103,16,94
104,16,9
105,16,94
106,16,94
107,16,94
108,16,94
109,16,36
110,16,9
111,16,36
112,16,6
113,16,36
114,16,36
115,16,36
116,16,36
117,16,36
118,16,36
119,16,36
120,16,36
121,16,36
122,16,36
123,16,36
124,16,36
125,16,36
126,16,36
127,16,36
128,16,36
129,16,36
130,16,36
131,16,1
132,16,36
133,16,36
134,16,36
135,16,36
136,16,8
137,16,36
138,16,36
139,16,36
140,16,8
141,16,8
142,16,8
143,16,8
144,16,8
145,16,8
146,16,8
147,16,8
148,16,8
149,16,8
150,16,8
151,16,8
152,16,8
153,16,31
154,16,8
155,16,8
156,16,8
157,16,8
158,16,8
159,16,8
160,16,7
161,16,8
162,16,1
163,16,8
164,16,8
165,16,8
166,16,7
167,16,17
168,16,8
169,16,8
170,16,8
171,16,9
172,16,9
173,16,9
174,16,9
175,16,9
176,16,9
177,16,9
178,16,9
179,16,9
180,16,9
181,16,9
182,16,9
183,16,9
184,16,9
185,16,9
186,16,9
187,16,9
188,16,9
189,16,9
190,16,9
191,16,9
192,16,9
193,16,9
194,16,9
195,16,9
196,16,9
197,16,9
198,16,31
199,16,31
200,16,8
201,16,31
202,16,31
203,16,31
204,16,31
205,16,31
206,16,31
207,16,31
208,16,31
209,16,11
210,16,31
211,16,31
212,16,31
213,16,31
214,16,31
215,16,31
216,16,31
217,16,31
218,16,31
219,16,31
220,16,31
221,16,31
222,16,31
223,16,31
224,16,31
225,16,31
226,16,11
227,16,11
228,16,11
229,16,11
230,16,11
231,16,11
232,16,11
233,16,11
234,16,11
235,16,11
236,16,11
237,16,11
238,16,43
239,16,11
240,16,11
241,16,31
242,16,11
243,16,11
244,16,11
245,16,11
246,16,11
247,16,11
248,16,11
249,16,11
250,16,54
251,16,54
252,16,54
253,16,54
254,16,54
255,16,54
256,16,54
257,16,54
258,16,54
259,16,40
260,16,2
261,16,54
262,16,54
263,16,54
264,16,54
265,16,54
266,16,54
267,16,40
268,16,54
269,16,54
270,16,54
271,16,54
272,16,54
273,16,88
274,16,88
275,16,88
276,16,88
277,16,88
278,16,88
279,16,88
280,16,88
281,16,88
282,16,88
283,16,88
284,16,88
285,16,88
286,16,88
287,16,88
288,16,88
289,16,88
290,16,88
291,16,88
292,16,88
293,16,88
294,16,88
295,16,88
296,16,88
297,16,88
298,16,88
299,16,88
300,16,40
301,16,40
302,16,40
303,16,40
304,16,40
305,16,40
306,16,40
307,16,40
308,16,40
309,16,40
310,16,40
311,16,40
312,16,40
313,16,40
314,16,40
315,16,40
316,16,40
317,16,40
318,16,40
319,16,40
320,16,40
321,16,40
322,16,40
323,16,40
324,16,40
325,16,1
326,16,2
327,16,2
328,16,36
329,16,2
330,16,2
331,16,2
332,16,2
333,16,2
334,16,2
335,16,2
336,16,2
337,16,2
338,16,2
339,16,2
340,16,88
341,16,2
342,16,2
343,16,2
344,16,2
345,16,2
346,16,2
347,16,2
348,16,2
349,16,2
350,16,14
351,16,14
352,16,14
353,16,14
354,16,14
355,16,14
356,16,14
357,16,14
358,16,14
359,16,14
360,16,14
361,16,14
362,16,14
363,16,14
364,16,14
365,16,14
366,16,14
367,16,14
368,16,14
369,16,14
370,16,14
371,16,14
372,16,14
373,16,14
374,16,14
375,16,14
376,16,14
377,16,14
378,16,14
379,16,14
380,16,14
381,16,14
382,16,14
383,16,14
384,16,43
385,16,2
386,16,43
387,16,43
388,16,43
389,16,43
390,16,43
391,16,43
392,16,43
393,16,43
394,16,43
395,16,43
396,16,43
397,16,43
398,16,43
399,16,43
400,16,43
401,16,6
402,16,43
403,16,6
404,16,43
405,16,4
406,16,43
407,16,43
408,16,43
409,16,43
410,16,43
411,16,43
412,16,1
413,16,1
414,16,1
415,16,1
416,16,1
417,16,1
418,16,1
419,16,1
420,16,1
421,16,1
422,16,1
423,16,1
424,16,1
425,16,1
426,16,1
427,16,1
428,16,1
429,16,1
430,16,1
431,16,1
432,16,1
433,16,1
434,16,1
435,16,1
436,16,1
437,16,1
438,16,1
439,16,1
440,16,1
441,16,1
442,16,4
443,16,4
444,16,4
445,16,4
446,16,4
447,16,4
448,16,4
449,16,4
450,16,4
451,16,4
452,16,3
453,16,4
454,16,4
455,16,6
456,16,4
457,16,4
458,16,4
459,16,4
460,16,4
461,16,4
462,16,4
463,16,4
464,16,4
465,16,4
466,16,4
467,16,17
468,16,17
469,16,17
470,16,17
471,16,17
472,16,17
473,16,17
474,16,17
475,16,17
476,16,17
477,16,17
478,16,17
479,16,17
480,16,17
481,16,43
482,16,17
483,16,17
484,16,17
485,16,17
486,16,17
487,16,17
488,16,17
489,16,17
490,16,17
491,16,17
492,16,9
493,16,17
494,16,6
495,16,6
496,16,6
497,16,6
498,16,6
499,16,6
500,16,6
501,16,6
502,16,6
503,16,6
504,16,36
505,16,6
506,16,6
507,16,6
508,16,6
509,16,6
510,16,6
511,16,6
512,16,6
513,16,6
514,16,6
515,16,6
516,16,6
517,16,6
518,16,6
519,16,6
520,16,6
521,16,6
522,16,6
523,16,6
524,16,6
525,16,6
526,16,6
527,16,6
528,16,6
529,16,56
530,16,56
531,16,56
532,16,56
533,16,56
534,16,56
535,16,56
536,16,56
537,16,56
538,16,56
539,16,56
540,16,56
541,16,56
542,16,56
543,16,56
544,16,56
545,16,56
546,16,56
547,16,56
548,16,56
549,16,56
550,16,56
551,16,56
552,16,56
553,16,56
554,16,40
555,16,31
556,16,88
557,16,3
558,16,17
559,16,4
560,16,8
561,16,8
562,16,40
563,16,88
564,16,40
565,16,94
566,16,91
567,16,4
568,16,8
569,16,54
570,16,54
571,16,40
572,16,88
573,16,91
574,16,88
575,16,9
576,16,88
577,16,31
578,16,8
579,16,14
580,16,54
581,16,17
582,16,7
583,16,8
584,16,9
585,16,88
586,16,88
587,16,43
588,16,31
589,16,88
590,16,17
591,16,40
592,16,40
593,16,4
594,16,36
595,16,31
596,16,7
597,16,7
598,16,2
599,16,9
600,16,36
601,16,6
602,16,40
603,16,2
604,16,2
605,16,36
606,16,7
607,16,7
608,16,91
609,16,4
610,16,54
611,16,7
612,16,56
613,16,56
614,16,36
615,16,91
616,16,43
617,16,88
618,16,7
619,16,40
620,16,94
621,16,43
622,16,43
1,17,3
2,17,3
3,17,3
4,17,3
5,17,3
6,17,3
7,17,3
8,17,3
9,17,3
10,17,3
11,17,3
12,17,3
13,17,3
14,17,3
15,17,3
16,17,3
17,17,3
18,17,3
19,17,3
20,17,3
21,17,11
22,17,3
23,17,3
24,17,3
25,17,3
26,17,3
27,17,3
28,17,7
29,17,7
30,17,7
31,17,3
32,17,7
33,17,7
34,17,7
35,17,7
36,17,7
37,17,7
38,17,7
39,17,7
40,17,8
41,17,7
42,17,31
43,17,1
44,17,7
45,17,7
46,17,7
47,17,7
48,17,7
49,17,7
50,17,7
51,17,7
52,17,7
53,17,7
54,17,7
55,17,7
56,17,7
57,17,91
58,17,91
59,17,91
60,17,91
61,17,91
62,17,91
63,17,91
64,17,91
65,17,91
66,17,91
67,17,91
68,17,91
69,17,91
70,17,91
71,17,91
72,17,91
73,17,91
74,17,91
75,17,91
76,17,91
77,17,91
78,17,91
79,17,91
80,17,91
81,17,91
82,17,94
83,17,94
84,17,94
85,17,94
86,17,94
87,17,94
88,17,94
89,17,94
90,17,94
91,17,9
92,17,94
93,17,94
94,17,94
95,17,94
96,17,94
97,17,94
98,17,94
99,17,94
100,17,94
101,17,8
102,17,94
103,17,94
104,17,9
105,17,94
106,17,94
107,17,94
108,17,94
109,17,36
110,17,9
111,17,36
112,17,6
113,17,36
114,17,36
115,17,36
116,17,36
117,17,36
118,17,36
119,17,36
120,17,36
121,17,36
122,17,36
123,17,36
124,17,36
125,17,36
126,17,36
127,17,36
128,17,36
129,17,36
130,17,36
131,17,1
132,17,36
133,17,36
134,17,36
135,17,36
136,17,8
137,17,36
138,17,36
139,17,36
140,17,8
141,17,8
142,17,8
143,17,8
144,17,8
145,17,8
146,17,8
147,17,8
148,17,8
149,17,8
150,17,8
151,17,8
152,17,8
153,17,31
154,17,8
155,17,8
156,17,8
157,17,8
158,17,8
159,17,8
160,17,7
161,17,8
162,17,1
163,17,8
164,17,8
165,17,8
166,17,7
167,17,17
168,17,8
169,17,8
170,17,8
171,17,9
172,17,9
173,17,9
174,17,9
175,17,9
176,17,9
177,17,9
178,17,9
179,17,9
180,17,9
181,17,9
182,17,9
183,17,9
184,17,9
185,17,9
186,17,9
187,17,9
188,17,9
189,17,9
190,17,9
191,17,9
192,17,9
193,17,9
194,17,9
195,17,9
196,17,9
197,17,9
198,17,31
199,17,31
200,17,8
201,17,31
202,17,31
203,17,31
204,17,31
205,17,31
206,17,31
207,17,31
208,17,31
209,17,11
210,17,31
211,17,31
212,17,31
213,17,31
214,17,31
215,17,31
216,17,31
217,17,31
218,17,31
219,17,31
220,17,31
221,17,31
222,17,31
223,17,31
224,17,31
225,17,31
226,17,11
227,17,11
228,17,11
229,17,11
230,17,11
231,17,11
232,17,11
233,17,11
234,17,11
235,17,11
236,17,11
237,17,11
238,17,43
239,17,11
240,17,11
241,17,31
242,17,11
243,17,11
244,17,11
245,17,11
246,17,11
247,17,11
248,17,11
249,17,11
250,17,54
251,17,54
252,17,54
253,17,54
254,17,54
255,17,54
256,17,54
257,17,54
258,17,54
259,17,40
260,17,2
261,17,54
262,17,54
263,17,54
264,17,54
265,17,54
266,17,54
267,17,40
268,17,54
269,17,54
270,17,54
271,17,54
272,17,54
273,17,88
274,17,88
275,17,88
276,17,88
277,17,88
278,17,88
279,17,88
280,17,88
281,17,88
282,17,88
283,17,88
284,17,88
285,17,88
286,17,88
287,17,88
288,17,88
289,17,88
290,17,88
291,17,88
292,17,88
293,17,88
294,17,88
295,17,88
296,17,88
297,17,88
298,17,88
299,17,88
300,17,40
301,17,40
302,17,40
303,17,40
304,17,40
305,17,40
306,17,40
307,17,40
308,17,40
309,17,40
310,17,40
311,17,40
312,17,40
313,17,40
314,17,40
315,17,40
316,17,40
317,17,40
318,17,40
319,17,40
320,17,40
321,17,40
322,17,40
323,17,40
324,17,40
325,17,1
326,17,2
327,17,2
328,17,36
329,17,2
330,17,2
331,17,2
332,17,2
333,17,2
334,17,2
335,17,2
336,17,2
337,17,2
338,17,2
339,17,2
340,17,88
341,17,2
342,17,2
343,17,2
344,17,2
345,17,2
346,17,2
347,17,2
348,17,2
349,17,2
350,17,14
351,17,14
352,17,14
353,17,14
354,17,14
355,17,14
356,17,14
357,17,14
358,17,14
359,17,14
360,17,14
361,17,14
362,17,14
363,17,14
364,17,14
365,17,14
366,17,14
367,17,14
368,17,14
369,17,14
370,17,14
371,17,14
372,17,14
373,17,14
374,17,14
375,17,14
376,17,14
377,17,14
378,17,14
379,17,14
380,17,14
381,17,14
382,17,14
383,17,14
384,17,43
385,17,2
386,17,43
387,17,43
388,17,43
389,17,43
390,17,43
391,17,43
392,17,43
393,17,43
394,17,43
395,17,43
396,17,43
397,17,43
398,17,43
399,17,43
400,17,43
401,17,6
402,17,43
403,17,6
404,17,43
405,17,4
406,17,43
407,17,43
408,17,43
409,17,43
410,17,43
411,17,43
412,17,1
413,17,1
414,17,1
415,17,1
416,17,1
417,17,1
418,17,1
419,17,1
420,17,1
421,17,1
422,17,1
423,17,1
424,17,1
425,17,1
426,17,1
427,17,1
428,17,1
429,17,1
430,17,1
431,17,1
432,17,1
433,17,1
434,17,1
435,17,1
436,17,1
437,17,1
438,17,1
439,17,1
440,17,1
441,17,1
442,17,4
443,17,4
444,17,4
445,17,4
446,17,4
447,17,4
448,17,4
449,17,4
450,17,4
451,17,4
452,17,3
453,17,4
454,17,4
455,17,6
456,17,4
457,17,4
458,17,4
459,17,4
460,17,4
461,17,4
462,17,4
463,17,4
464,17,4
465,17,4
466,17,4
467,17,17
468,17,17
469,17,17
470,17,17
471,17,17
472,17,17
473,17,17
474,17,17
475,17,17
476,17,17
477,17,17
478,17,17
479,17,17
480,17,17
481,17,43
482,17,17
483,17,17
484,17,17
485,17,17
486,17,17
487,17,17
488,17,17
489,17,17
490,17,17
491,17,17
492,17,9
493,17,17
494,17,6
495,17,6
496,17,6
497,17,6
498,17,6
499,17,6
500,17,6
501,17,6
502,17,6
503,17,6
504,17,36
505,17,6
506,17,6
507,17,6
508,17,6
509,17,6
510,17,6
511,17,6
512,17,6
513,17,6
514,17,6
515,17,6
516,17,6
517,17,6
518,17,6
519,17,6
520,17,6
521,17,6
522,17,6
523,17,6
524,17,6
525,17,6
526,17,6
527,17,6
528,17,6
529,17,56
530,17,56
531,17,56
532,17,56
533,17,56
534,17,56
535,17,56
536,17,56
537,17,56
538,17,56
539,17,56
540,17,56
541,17,56
542,17,56
543,17,56
544,17,56
545,17,56
546,17,56
547,17,56
548,17,56
549,17,56
550,17,56
551,17,56
552,17,56
553,17,56
554,17,40
555,17,31
556,17,88
557,17,3
558,17,17
559,17,4
560,17,8
561,17,8
562,17,40
563,17,88
564,17,40
565,17,94
566,17,91
567,17,4
568,17,8
569,17,54
570,17,54
571,17,40
572,17,88
573,17,91
574,17,88
575,17,9
576,17,88
577,17,31
578,17,8
579,17,14
580,17,54
581,17,17
582,17,7
583,17,8
584,17,9
585,17,88
586,17,88
587,17,43
588,17,31
589,17,88
590,17,17
591,17,40
592,17,40
593,17,4
594,17,36
595,17,31
596,17,7
597,17,7
598,17,2
599,17,9
600,17,36
601,17,6
602,17,40
603,17,2
604,17,2
605,17,36
606,17,7
607,17,7
608,17,91
609,17,4
610,17,54
611,17,7
612,17,56
613,17,56
614,17,36
615,17,91
616,17,43
617,17,88
618,17,7
619,17,40
620,17,94
621,17,43
622,17,43
1,18,3
2,18,3
3,18,3
4,18,3
5,18,3
6,18,3
7,18,3
8,18,3
9,18,3
10,18,3
11,18,3
12,18,3
13,18,3
14,18,3
15,18,3
16,18,3
17,18,3
18,18,3
19,18,3
20,18,3
21,18,11
22,18,3
23,18,3
24,18,3
25,18,3
26,18,3
27,18,3
28,18,7
29,18,7
30,18,7
31,18,3
32,18,7
33,18,7
34,18,7
35,18,7
36,18,7
37,18,7
38,18,7
39,18,7
40,18,8
41,18,7
42,18,31
43,18,1
44,18,7
45,18,7
46,18,7
47,18,7
48,18,7
49,18,7
50,18,7
51,18,7
52,18,7
53,18,7
54,18,7
55,18,7
56,18,7
57,18,91
58,18,91
59,18,91
60,18,91
61,18,91
62,18,91
63,18,91
64,18,91
65,18,91
66,18,91
67,18,91
68,18,91
69,18,91
70,18,91
71,18,91
72,18,91
73,18,91
74,18,91
75,18,91
76,18,91
77,18,91
78,18,91
79,18,91
80,18,91
81,18,91
82,18,94
83,18,94
84,18,94
85,18,94
86,18,94
87,18,94
88,18,94
89,18,94
90,18,94
91,18,9
92,18,94
93,18,94
94,18,94
95,18,94
96,18,94
97,18,94
98,18,94
99,18,94
100,18,94
101,18,8
102,18,94
103,18,94
104,18,9
105,18,94
106,18,94
107,18,94
108,18,94
109,18,36
110,18,9
111,18,36
112,18,6
113,18,36
114,18,36
115,18,36
116,18,36
117,18,36
118,18,36
119,18,36
120,18,36
121,18,36
122,18,36
123,18,36
124,18,36
125,18,36
126,18,36
127,18,36
128,18,36
129,18,36
130,18,36
131,18,1
132,18,36
133,18,36
134,18,36
135,18,36
136,18,8
137,18,36
138,18,36
139,18,36
140,18,8
141,18,8
142,18,8
143,18,8
144,18,8
145,18,8
146,18,8
147,18,8
148,18,8
149,18,8
150,18,8
151,18,8
152,18,8
153,18,31
154,18,8
155,18,8
156,18,8
157,18,8
158,18,8
159,18,8
160,18,7
161,18,8
162,18,1
163,18,8
164,18,8
165,18,8
166,18,7
167,18,17
168,18,8
169,18,8
170,18,8
171,18,9
172,18,9
173,18,9
174,18,9
175,18,9
176,18,9
177,18,9
178,18,9
179,18,9
180,18,9
181,18,9
182,18,9
183,18,9
184,18,9
185,18,9
186,18,9
187,18,9
188,18,9
189,18,9
190,18,9
191,18,9
192,18,9
193,18,9
194,18,9
195,18,9
196,18,9
197,18,9
198,18,31
199,18,31
200,18,8
201,18,31
202,18,31
203,18,31
204,18,31
205,18,31
206,18,31
207,18,31
208,18,31
209,18,11
210,18,31
211,18,31
212,18,31
213,18,31
214,18,31
215,18,31
216,18,31
217,18,31
218,18,31
219,18,31
220,18,31
221,18,31
222,18,31
223,18,31
224,18,31
225,18,31
226,18,11
227,18,11
228,18,11
229,18,11
230,18,11
231,18,11
232,18,11
233,18,11
234,18,11
235,18,11
236,18,11
237,18,11
238,18,43
239,18,11
240,18,11
241,18,31
242,18,11
243,18,11
244,18,11
245,18,11
246,18,11
247,18,11
248,18,11
249,18,11
250,18,54
251,18,54
252,18,54
253,18,54
254,18,54
255,18,54
256,18,54
257,18,54
258,18,54
259,18,40
260,18,2
261,18,54
262,18,54
263,18,54
264,18,54
265,18,54
266,18,54
267,18,40
268,18,54
269,18,54
270,18,54
271,18,54
272,18,54
273,18,88
274,18,88
275,18,88
276,18,88
277,18,88
278,18,88
279,18,88
280,18,88
281,18,88
282,18,88
283,18,88
284,18,88
285,18,88
286,18,88
287,18,88
288,18,88
289,18,88
290,18,88
291,18,88
292,18,88
293,18,88
294,18,88
295,18,88
296,18,88
297,18,88
298,18,88
299,18,88
300,18,40
301,18,40
302,18,40
303,18,40
304,18,40
305,18,40
306,18,40
307,18,40
308,18,40
309,18,40
310,18,40
311,18,40
312,18,40
313,18,40
314,18,40
315,18,40
316,18,40
317,18,40
318,18,40
319,18,40
320,18,40
321,18,40
322,18,40
323,18,40
324,18,40
325,18,1
326,18,2
327,18,2
328,18,36
329,18,2
330,18,2
331,18,2
332,18,2
333,18,2
334,18,2
335,18,2
336,18,2
337,18,2
338,18,2
339,18,2
340,18,88
341,18,2
342,18,2
343,18,2
344,18,2
345,18,2
346,18,2
347,18,2
348,18,2
349,18,2
350,18,14
351,18,14
352,18,14
353,18,14
354,18,14
355,18,14
356,18,14
357,18,14
358,18,14
359,18,14
360,18,14
361,18,14
362,18,14
363,18,14
364,18,14
365,18,14
366,18,14
367,18,14
368,18,14
369,18,14
370,18,14
371,18,14
372,18,14
373,18,14
374,18,14
375,18,14
376,18,14
377,18,14
378,18,14
379,18,14
380,18,14
381,18,14
382,18,14
383,18,14
384,18,43
385,18,2
386,18,43
387,18,43
388,18,43
389,18,43
390,18,43
391,18,43
392,18,43
393,18,43
394,18,43
395,18,43
396,18,43
397,18,43
398,18,43
399,18,43
400,18,43
401,18,6
402,18,43
403,18,6
404,18,43
405,18,4
406,18,43
407,18,43
408,18,43
409,18,43
410,18,43
411,18,43
412,18,1
413,18,1
414,18,1
415,18,1
416,18,1
417,18,1
418,18,1
419,18,1
420,18,1
421,18,1
422,18,1
423,18,1
424,18,1
425,18,1
426,18,1
427,18,1
428,18,1
429,18,1
430,18,1
431,18,1
432,18,1
433,18,1
434,18,1
435,18,1
436,18,1
437,18,1
438,18,1
439,18,1
440,18,1
441,18,1
442,18,4
443,18,4
444,18,4
445,18,4
446,18,4
447,18,4
448,18,4
449,18,4
450,18,4
451,18,4
452,18,3
453,18,4
454,18,4
455,18,6
456,18,4
457,18,4
458,18,4
459,18,4
460,18,4
461,18,4
462,18,4
463,18,4
464,18,4
465,18,4
466,18,4
467,18,17
468,18,17
469,18,17
470,18,17
471,18,17
472,18,17
473,18,17
474,18,17
475,18,17
476,18,17
477,18,17
478,18,17
479,18,17
480,18,17
481,18,43
482,18,17
483,18,17
484,18,17
485,18,17
486,18,17
487,18,17
488,18,17
489,18,17
490,18,17
491,18,17
492,18,9
493,18,17
494,18,6
495,18,6
496,18,6
497,18,6
498,18,6
499,18,6
500,18,6
501,18,6
502,18,6
503,18,6
504,18,36
505,18,6
506,18,6
507,18,6
508,18,6
509,18,6
510,18,6
511,18,6
512,18,6
513,18,6
514,18,6
515,18,6
516,18,6
517,18,6
518,18,6
519,18,6
520,18,6
521,18,6
522,18,6
523,18,6
524,18,6
525,18,6
526,18,6
527,18,6
528,18,6
529,18,56
530,18,56
531,18,56
532,18,56
533,18,56
534,18,56
535,18,56
536,18,56
537,18,56
538,18,56
539,18,56
540,18,56
541,18,56
542,18,56
543,18,56
544,18,56
545,18,56
546,18,56
547,18,56
548,18,56
549,18,56
550,18,56
551,18,56
552,18,56
553,18,56
554,18,40
555,18,31
556,18,88
557,18,3
558,18,17
559,18,4
560,18,8
561,18,8
562,18,40
563,18,88
564,18,40
565,18,94
566,18,91
567,18,4
568,18,8
569,18,54
570,18,54
571,18,40
572,18,88
573,18,91
574,18,88
575,18,9
576,18,88
577,18,31
578,18,8
579,18,14
580,18,54
581,18,17
582,18,7
583,18,8
584,18,9
585,18,88
586,18,88
587,18,43
588,18,31
589,18,88
590,18,17
591,18,40
592,18,40
593,18,4
594,18,36
595,18,31
596,18,7
597,18,7
598,18,2
599,18,9
600,18,36
601,18,6
602,18,40
603,18,2
604,18,2
605,18,36
606,18,7
607,18,7
608,18,91
609,18,4
610,18,54
611,18,7
612,18,56
613,18,56
614,18,36
615,18,91
616,18,43
617,18,88
618,18,7
619,18,40
620,18,94
621,18,43
622,18,43
1,19,3
2,19,3
3,19,3
4,19,3
5,19,3
6,19,3
7,19,3
8,19,3
9,19,3
10,19,3
11,19,3
12,19,3
13,19,3
14,19,3
15,19,3
16,19,3
17,19,3
18,19,3
19,19,3
20,19,3
21,19,11
22,19,3
23,19,3
24,19,3
25,19,3
26,19,3
27,19,3
28,19,7
29,19,7
30,19,7
31,19,3
32,19,7
33,19,7
34,19,7
35,19,7
36,19,7
37,19,7
38,19,7
39,19,7
40,19,8
41,19,7
42,19,31
43,19,1
44,19,7
45,19,7
46,19,7
47,19,7
48,19,7
49,19,7
50,19,7
51,19,7
52,19,7
53,19,7
54,19,7
55,19,7
56,19,7
57,19,91
58,19,91
59,19,91
60,19,91
61,19,91
62,19,91
63,19,91
64,19,91
65,19,91
66,19,91
67,19,91
68,19,91
69,19,91
70,19,91
71,19,91
72,19,91
73,19,91
74,19,91
75,19,91
76,19,91
77,19,91
78,19,91
79,19,91
80,19,91
81,19,91
82,19,94
83,19,94
84,19,94
85,19,94
86,19,94
87,19,94
88,19,94
89,19,94
90,19,94
91,19,9
92,19,94
93,19,94
94,19,94
95,19,94
96,19,94
97,19,94
98,19,94
99,19,94
100,19,94
101,19,8
102,19,94
103,19,94
104,19,9
105,19,94
106,19,94
107,19,94
108,19,94
109,19,36
110,19,9
111,19,36
112,19,6
113,19,36
114,19,36
115,19,36
116,19,36
117,19,36
118,19,36
119,19,36
120,19,36
121,19,36
122,19,36
123,19,36
124,19,36
125,19,36
126,19,36
127,19,36
128,19,36
129,19,36
130,19,36
131,19,1
132,19,36
133,19,36
134,19,36
135,19,36
136,19,8
137,19,36
138,19,36
139,19,36
140,19,8
141,19,8
142,19,8
143,19,8
144,19,8
145,19,8
146,19,8
147,19,8
148,19,8
149,19,8
150,19,8
151,19,8
152,19,8
153,19,31
154,19,8
155,19,8
156,19,8
157,19,8
158,19,8
159,19,8
160,19,7
161,19,8
162,19,1
163,19,8
164,19,8
165,19,8
166,19,7
167,19,17
168,19,8
169,19,8
170,19,8
171,19,9
172,19,9
173,19,9
174,19,9
175,19,9
176,19,9
177,19,9
178,19,9
179,19,9
180,19,9
181,19,9
182,19,9
183,19,9
184,19,9
185,19,9
186,19,9
187,19,9
188,19,9
189,19,9
190,19,9
191,19,9
192,19,9
193,19,9
194,19,9
195,19,9
196,19,9
197,19,9
198,19,31
199,19,31
200,19,8
201,19,31
202,19,31
203,19,31
204,19,31
205,19,31
206,19,31
207,19,31
208,19,31
209,19,11
210,19,31
211,19,31
212,19,31
213,19,31
214,19,31
215,19,31
216,19,31
217,19,31
218,19,31
219,19,31
220,19,31
221,19,31
222,19,31
223,19,31
224,19,31
225,19,31
226,19,11
227,19,11
228,19,11
229,19,11
230,19,11
231,19,11
232,19,11
233,19,11
234,19,11
235,19,11
236,19,11
237,19,11
238,19,43
239,19,11
240,19,11
241,19,31
242,19,11
243,19,11
244,19,11
245,19,11
246,19,11
247,19,11
248,19,11
249,19,11
250,19,54
251,19,54
252,19,54
253,19,54
254,19,54
255,19,54
256,19,54
257,19,54
258,19,54
259,19,40
260,19,2
261,19,54
262,19,54
263,19,54
264,19,54
265,19,54
266,19,54
267,19,40
268,19,54
269,19,54
270,19,54
271,19,54
272,19,54
273,19,88
274,19,88
275,19,88
276,19,88
277,19,88
278,19,88
279,19,88
280,19,88
281,19,88
282,19,88
283,19,88
284,19,88
285,19,88
286,19,88
287,19,88
288,19,88
289,19,88
290,19,88
291,19,88
292,19,88
293,19,88
294,19,88
295,19,88
296,19,88
297,19,88
298,19,88
299,19,88
300,19,40
301,19,40
302,19,40
303,19,40
304,19,40
305,19,40
306,19,40
307,19,40
308,19,40
309,19,40
310,19,40
311,19,40
312,19,40
313,19,40
314,19,40
315,19,40
316,19,40
317,19,40
318,19,40
319,19,40
320,19,40
321,19,40
322,19,40
323,19,40
324,19,40
325,19,1
326,19,2
327,19,2
328,19,36
329,19,2
330,19,2
331,19,2
332,19,2
333,19,2
334,19,2
335,19,2
336,19,2
337,19,2
338,19,2
339,19,2
340,19,88
341,19,2
342,19,2
343,19,2
344,19,2
345,19,2
346,19,2
347,19,2
348,19,2
349,19,2
350,19,14
351,19,14
352,19,14
353,19,14
354,19,14
355,19,14
356,19,14
357,19,14
358,19,14
359,19,14
360,19,14
361,19,14
362,19,14
363,19,14
364,19,14
365,19,14
366,19,14
367,19,14
368,19,14
369,19,14
370,19,14
371,19,14
372,19,14
373,19,14
374,19,14
375,19,14
376,19,14
377,19,14
378,19,14
379,19,14
380,19,14
381,19,14
382,19,14
383,19,14
384,19,43
385,19,2
386,19,43
387,19,43
388,19,43
389,19,43
390,19,43
391,19,43
392,19,43
393,19,43
394,19,43
395,19,43
396,19,43
397,19,43
398,19,43
399,19,43
400,19,43
401,19,6
402,19,43
403,19,6
404,19,43
405,19,4
406,19,43
407,19,43
408,19,43
409,19,43
410,19,43
411,19,43
412,19,1
413,19,1
414,19,1
415,19,1
416,19,1
417,19,1
418,19,1
419,19,1
420,19,1
421,19,1
422,19,1
423,19,1
424,19,1
425,19,1
426,19,1
427,19,1
428,19,1
429,19,1
430,19,1
431,19,1
432,19,1
433,19,1
434,19,1
435,19,1
436,19,1
437,19,1
438,19,1
439,19,1
440,19,1
441,19,1
442,19,4
443,19,4
444,19,4
445,19,4
446,19,4
447,19,4
448,19,4
449,19,4
450,19,4
451,19,4
452,19,3
453,19,4
454,19,4
455,19,6
456,19,4
457,19,4
458,19,4
459,19,4
460,19,4
461,19,4
462,19,4
463,19,4
464,19,4
465,19,4
466,19,4
467,19,17
468,19,17
469,19,17
470,19,17
471,19,17
472,19,17
473,19,17
474,19,17
475,19,17
476,19,17
477,19,17
478,19,17
479,19,17
480,19,17
481,19,43
482,19,17
483,19,17
484,19,17
485,19,17
486,19,17
487,19,17
488,19,17
489,19,17
490,19,17
491,19,17
492,19,9
493,19,17
494,19,6
495,19,6
496,19,6
497,19,6
498,19,6
499,19,6
500,19,6
501,19,6
502,19,6
503,19,6
504,19,36
505,19,6
506,19,6
507,19,6
508,19,6
509,19,6
510,19,6
511,19,6
512,19,6
513,19,6
514,19,6
515,19,6
516,19,6
517,19,6
518,19,6
519,19,6
520,19,6
521,19,6
522,19,6
523,19,6
524,19,6
525,19,6
526,19,6
527,19,6
528,19,6
529,19,56
530,19,56
531,19,56
532,19,56
533,19,56
534,19,56
535,19,56
536,19,56
537,19,56
538,19,56
539,19,56
540,19,56
541,19,56
542,19,56
543,19,56
544,19,56
545,19,56
546,19,56
547,19,56
548,19,56
549,19,56
550,19,56
551,19,56
552,19,56
553,19,56
554,19,40
555,19,31
556,19,88
557,19,3
558,19,17
559,19,4
560,19,8
561,19,8
562,19,40
563,19,88
564,19,40
565,19,94
566,19,91
567,19,4
568,19,8
569,19,54
570,19,54
571,19,40
572,19,88
573,19,91
574,19,88
575,19,9
576,19,88
577,19,31
578,19,8
579,19,14
580,19,54
581,19,17
582,19,7
583,19,8
584,19,9
585,19,88
586,19,88
587,19,43
588,19,31
589,19,88
590,19,17
591,19,40
592,19,40
593,19,4
594,19,36
595,19,31
596,19,7
597,19,7
598,19,2
599,19,9
600,19,36
601,19,6
602,19,40
603,19,2
604,19,2
605,19,36
606,19,7
607,19,7
608,19,91
609,19,4
610,19,54
611,19,7
612,19,56
613,19,56
614,19,36
615,19,91
616,19,43
617,19,88
618,19,7
619,19,40
620,19,94
621,19,43
622,19,43
1,20,3
2,20,3
3,20,3
4,20,3
5,20,3
6,20,3
7,20,3
8,20,3
9,20,3
10,20,3
11,20,3
12,20,3
13,20,3
14,20,3
15,20,3
16,20,3
17,20,3
18,20,3
19,20,3
20,20,3
21,20,11
22,20,3
23,20,3
24,20,3
25,20,3
26,20,3
27,20,3
28,20,7
29,20,7
30,20,7
31,20,3
32,20,7
33,20,7
34,20,7
35,20,7
36,20,7
37,20,7
38,20,7
39,20,7
40,20,8
41,20,7
42,20,31
43,20,1
44,20,7
45,20,7
46,20,7
47,20,7
48,20,7
49,20,7
50,20,7
51,20,7
52,20,7
53,20,7
54,20,7
55,20,7
56,20,7
57,20,91
58,20,91
59,20,91
60,20,91
61,20,91
62,20,91
63,20,91
64,20,91
65,20,91
66,20,91
67,20,91
68,20,91
69,20,91
70,20,91
71,20,91
72,20,91
73,20,91
74,20,91
75,20,91
76,20,91
77,20,91
78,20,91
79,20,91
80,20,91
81,20,91
82,20,94
83,20,94
84,20,94
85,20,94
86,20,94
87,20,94
88,20,94
89,20,94
90,20,94
91,20,9
92,20,94
93,20,94
94,20,94
95,20,94
96,20,94
97,20,94
98,20,94
99,20,94
100,20,94
101,20,8
102,20,94
103,20,94
104,20,9
105,20,94
106,20,94
107,20,94
108,20,94
109,20,36
110,20,9
111,20,36
112,20,6
113,20,36
114,20,36
115,20,36
116,20,36
117,20,36
118,20,36
119,20,36
120,20,36
121,20,36
122,20,36
123,20,36
124,20,36
125,20,36
126,20,36
127,20,36
128,20,36
129,20,36
130,20,36
131,20,1
132,20,36
133,20,36
134,20,36
135,20,36
136,20,8
137,20,36
138,20,36
139,20,36
140,20,8
141,20,8
142,20,8
143,20,8
144,20,8
145,20,8
146,20,8
147,20,8
148,20,8
149,20,8
150,20,8
151,20,8
152,20,8
153,20,31
154,20,8
155,20,8
156,20,8
157,20,8
158,20,8
159,20,8
160,20,7
161,20,8
162,20,1
163,20,8
164,20,8
165,20,8
166,20,7
167,20,17
168,20,8
169,20,8
170,20,8
171,20,9
172,20,9
173,20,9
174,20,9
175,20,9
176,20,9
177,20,9
178,20,9
179,20,9
180,20,9
181,20,9
182,20,9
183,20,9
184,20,9
185,20,9
186,20,9
187,20,9
188,20,9
189,20,9
190,20,9
191,20,9
192,20,9
193,20,9
194,20,9
195,20,9
196,20,9
197,20,9
198,20,31
199,20,31
200,20,8
201,20,31
202,20,31
203,20,31
204,20,31
205,20,31
206,20,31
207,20,31
208,20,31
209,20,11
210,20,31
211,20,31
212,20,31
213,20,31
214,20,31
215,20,31
216,20,31
217,20,31
218,20,31
219,20,31
220,20,31
221,20,31
222,20,31
223,20,31
224,20,31
225,20,31
226,20,11
227,20,11
228,20,11
229,20,11
230,20,11
231,20,11
232,20,11
233,20,11
234,20,11
235,20,11
236,20,11
237,20,11
238,20,43
239,20,11
240,20,11
241,20,31
242,20,11
243,20,11
244,20,11
245,20,11
246,20,11
247,20,11
248,20,11
249,20,11
250,20,54
251,20,54
252,20,54
253,20,54
254,20,54
255,20,54
256,20,54
257,20,54
258,20,54
259,20,40
260,20,2
261,20,54
262,20,54
263,20,54
264,20,54
265,20,54
266,20,54
267,20,40
268,20,54
269,20,54
270,20,54
271,20,54
272,20,54
273,20,88
274,20,88
275,20,88
276,20,88
277,20,88
278,20,88
279,20,88
280,20,88
281,20,88
282,20,88
283,20,88
284,20,88
285,20,88
286,20,88
287,20,88
288,20,88
289,20,88
290,20,88
291,20,88
292,20,88
293,20,88
294,20,88
295,20,88
296,20,88
297,20,88
298,20,88
299,20,88
300,20,40
301,20,40
302,20,40
303,20,40
304,20,40
305,20,40
306,20,40
307,20,40
308,20,40
309,20,40
310,20,40
311,20,40
312,20,40
313,20,40
314,20,40
315,20,40
316,20,40
317,20,40
318,20,40
319,20,40
320,20,40
321,20,40
322,20,40
323,20,40
324,20,40
325,20,1
326,20,2
327,20,2
328,20,36
329,20,2
330,20,2
331,20,2
332,20,2
333,20,2
334,20,2
335,20,2
336,20,2
337,20,2
338,20,2
339,20,2
340,20,88
341,20,2
342,20,2
343,20,2
344,20,2
345,20,2
346,20,2
347,20,2
348,20,2
349,20,2
350,20,14
351,20,14
352,20,14
353,20,14
354,20,14
355,20,14
356,20,14
357,20,14
358,20,14
359,20,14
360,20,14
361,20,14
362,20,14
363,20,14
364,20,14
365,20,14
366,20,14
367,20,14
368,20,14
369,20,14
370,20,14
371,20,14
372,20,14
373,20,14
374,20,14
375,20,14
376,20,14
377,20,14
378,20,14
379,20,14
380,20,14
381,20,14
382,20,14
383,20,14
384,20,43
385,20,2
386,20,43
387,20,43
388,20,43
389,20,43
390,20,43
391,20,43
392,20,43
393,20,43
394,20,43
395,20,43
396,20,43
397,20,43
398,20,43
399,20,43
400,20,43
401,20,6
402,20,43
403,20,6
404,20,43
405,20,4
406,20,43
407,20,43
408,20,43
409,20,43
410,20,43
411,20,43
412,20,1
413,20,1
414,20,1
415,20,1
416,20,1
417,20,1
418,20,1
419,20,1
420,20,1
421,20,1
422,20,1
423,20,1
424,20,1
425,20,1
426,20,1
427,20,1
428,20,1
429,20,1
430,20,1
431,20,1
432,20,1
433,20,1
434,20,1
435,20,1
436,20,1
437,20,1
438,20,1
439,20,1
440,20,1
441,20,1
442,20,4
443,20,4
444,20,4
445,20,4
446,20,4
447,20,4
448,20,4
449,20,4
450,20,4
451,20,4
452,20,3
453,20,4
454,20,4
455,20,6
456,20,4
457,20,4
458,20,4
459,20,4
460,20,4
461,20,4
462,20,4
463,20,4
464,20,4
465,20,4
466,20,4
467,20,17
468,20,17
469,20,17
470,20,17
471,20,17
472,20,17
473,20,17
474,20,17
475,20,17
476,20,17
477,20,17
478,20,17
479,20,17
480,20,17
481,20,43
482,20,17
483,20,17
484,20,17
485,20,17
486,20,17
487,20,17
488,20,17
489,20,17
490,20,17
491,20,17
492,20,9
493,20,17
494,20,6
495,20,6
496,20,6
497,20,6
498,20,6
499,20,6
500,20,6
501,20,6
502,20,6
503,20,6
504,20,36
505,20,6
506,20,6
507,20,6
508,20,6
509,20,6
510,20,6
511,20,6
512,20,6
513,20,6
514,20,6
515,20,6
516,20,6
517,20,6
518,20,6
519,20,6
520,20,6
521,20,6
522,20,6
523,20,6
524,20,6
525,20,6
526,20,6
527,20,6
528,20,6
529,20,56
530,20,56
531,20,56
532,20,56
533,20,56
534,20,56
535,20,56
536,20,56
537,20,56
538,20,56
539,20,56
540,20,56
541,20,56
542,20,56
543,20,56
544,20,56
545,20,56
546,20,56
547,20,56
548,20,56
549,20,56
550,20,56
551,20,56
552,20,56
553,20,56
554,20,40
555,20,31
556,20,88
557,20,3
558,20,17
559,20,4
560,20,8
561,20,8
562,20,40
563,20,88
564,20,40
565,20,94
566,20,91
567,20,4
568,20,8
569,20,54
570,20,54
571,20,40
572,20,88
573,20,91
574,20,88
575,20,9
576,20,88
577,20,31
578,20,8
579,20,14
580,20,54
581,20,17
582,20,7
583,20,8
584,20,9
585,20,88
586,20,88
587,20,43
588,20,31
589,20,88
590,20,17
591,20,40
592,20,40
593,20,4
594,20,36
595,20,31
596,20,7
597,20,7
598,20,2
599,20,9
600,20,36
601,20,6
602,20,40
603,20,2
604,20,2
605,20,36
606,20,7
607,20,7
608,20,91
609,20,4
610,20,54
611,20,7
612,20,56
613,20,56
614,20,36
615,20,91
616,20,43
617,20,88
618,20,7
619,20,40
620,20,94
621,20,43
622,20,43
1,21,3
2,21,3
3,21,3
4,21,3
5,21,3
6,21,3
7,21,3
8,21,3
9,21,3
10,21,3
11,21,3
12,21,3
13,21,3
14,21,3
15,21,3
16,21,3
17,21,3
18,21,3
19,21,3
20,21,3
21,21,11
22,21,3
23,21,3
24,21,3
25,21,3
26,21,3
27,21,3
28,21,7
29,21,7
30,21,7
31,21,3
32,21,7
33,21,7
34,21,7
35,21,7
36,21,7
37,21,7
38,21,7
39,21,7
40,21,8
41,21,7
42,21,31
43,21,1
44,21,7
45,21,7
46,21,7
47,21,7
48,21,7
49,21,7
50,21,7
51,21,7
52,21,7
53,21,7
54,21,7
55,21,7
56,21,7
57,21,91
58,21,91
59,21,91
60,21,91
61,21,91
62,21,91
63,21,91
64,21,91
65,21,91
66,21,91
67,21,91
68,21,91
69,21,91
70,21,91
71,21,91
72,21,91
73,21,91
74,21,91
75,21,91
76,21,91
77,21,91
78,21,91
79,21,91
80,21,91
81,21,91
82,21,94
83,21,94
84,21,94
85,21,94
86,21,94
87,21,94
88,21,94
89,21,94
90,21,94
91,21,9
92,21,94
93,21,94
94,21,94
95,21,94
96,21,94
97,21,94
98,21,94
99,21,94
100,21,94
101,21,8
102,21,94
103,21,94
104,21,9
105,21,94
106,21,94
107,21,94
108,21,94
109,21,36
110,21,9
111,21,36
112,21,6
113,21,36
114,21,36
115,21,36
116,21,36
117,21,36
118,21,36
119,21,36
120,21,36
121,21,36
122,21,36
123,21,36
124,21,36
125,21,36
126,21,36
127,21,36
128,21,36
129,21,36
130,21,36
131,21,1
132,21,36
133,21,36
134,21,36
135,21,36
136,21,8
137,21,36
138,21,36
139,21,36
140,21,8
141,21,8
142,21,8
143,21,8
144,21,8
145,21,8
146,21,8
147,21,8
148,21,8
149,21,8
150,21,8
151,21,8
152,21,8
153,21,31
154,21,8
155,21,8
156,21,8
157,21,8
158,21,8
159,21,8
160,21,7
161,21,8
162,21,1
163,21,8
164,21,8
165,21,8
166,21,7
167,21,17
168,21,8
169,21,8
170,21,8
171,21,9
172,21,9
173,21,9
174,21,9
175,21,9
176,21,9
177,21,9
178,21,9
179,21,9
180,21,9
181,21,9
182,21,9
183,21,9
184,21,9
185,21,9
186,21,9
187,21,9
188,21,9
189,21,9
190,21,9
191,21,9
192,21,9
193,21,9
194,21,9
195,21,9
196,21,9
197,21,9
198,21,31
199,21,31
200,21,8
201,21,31
202,21,31
203,21,31
204,21,31
205,21,31
206,21,31
207,21,31
208,21,31
209,21,11
210,21,31
211,21,31
212,21,31
213,21,31
214,21,31
215,21,31
216,21,31
217,21,31
218,21,31
219,21,31
220,21,31
221,21,31
222,21,31
223,21,31
224,21,31
225,21,31
226,21,11
227,21,11
228,21,11
229,21,11
230,21,11
231,21,11
232,21,11
233,21,11
234,21,11
235,21,11
236,21,11
237,21,11
238,21,43
239,21,11
240,21,11
241,21,31
242,21,11
243,21,11
244,21,11
245,21,11
246,21,11
247,21,11
248,21,11
249,21,11
250,21,54
251,21,54
252,21,54
253,21,54
254,21,54
255,21,54
256,21,54
257,21,54
258,21,54
259,21,40
260,21,2
261,21,54
262,21,54
263,21,54
264,21,54
265,21,54
266,21,54
267,21,40
268,21,54
269,21,54
270,21,54
271,21,54
272,21,54
273,21,88
274,21,88
275,21,88
276,21,88
277,21,88
278,21,88
279,21,88
280,21,88
281,21,88
282,21,88
283,21,88
284,21,88
285,21,88
286,21,88
287,21,88
288,21,88
289,21,88
290,21,88
291,21,88
292,21,88
293,21,88
294,21,88
295,21,88
296,21,88
297,21,88
298,21,88
299,21,88
300,21,40
301,21,40
302,21,40
303,21,40
304,21,40
305,21,40
306,21,40
307,21,40
308,21,40
309,21,40
310,21,40
311,21,40
312,21,40
313,21,40
314,21,40
315,21,40
316,21,40
317,21,40
318,21,40
319,21,40
320,21,40
321,21,40
322,21,40
323,21,40
324,21,40
325,21,1
326,21,2
327,21,2
328,21,36
329,21,2
330,21,2
331,21,2
332,21,2
333,21,2
334,21,2
335,21,2
336,21,2
337,21,2
338,21,2
339,21,2
340,21,88
341,21,2
342,21,2
343,21,2
344,21,2
345,21,2
346,21,2
347,21,2
348,21,2
349,21,2
350,21,14
351,21,14
352,21,14
353,21,14
354,21,14
355,21,14
356,21,14
357,21,14
358,21,14
359,21,14
360,21,14
361,21,14
362,21,14
363,21,14
364,21,14
365,21,14
366,21,14
367,21,14
368,21,14
369,21,14
370,21,14
371,21,14
372,21,14
373,21,14
374,21,14
375,21,14
376,21,14
377,21,14
378,21,14
379,21,14
380,21,14
381,21,14
382,21,14
383,21,14
384,21,43
385,21,2
386,21,43
387,21,43
388,21,43
389,21,43
390,21,43
391,21,43
392,21,43
393,21,43
394,21,43
395,21,43
396,21,43
397,21,43
398,21,43
399,21,43
400,21,43
401,21,6
402,21,43
403,21,6
404,21,43
405,21,4
406,21,43
407,21,43
408,21,43
409,21,43
410,21,43
411,21,43
412,21,1
413,21,1
414,21,1
415,21,1
416,21,1
417,21,1
418,21,1
419,21,1
420,21,1
421,21,1
422,21,1
423,21,1
424,21,1
425,21,1
426,21,1
427,21,1
428,21,1
429,21,1
430,21,1
431,21,1
432,21,1
433,21,1
434,21,1
435,21,1
436,21,1
437,21,1
438,21,1
439,21,1
440,21,1
441,21,1
442,21,4
443,21,4
444,21,4
445,21,4
446,21,4
447,21,4
448,21,4
449,21,4
450,21,4
451,21,4
452,21,3
453,21,4
454,21,4
455,21,6
456,21,4
457,21,4
458,21,4
459,21,4
460,21,4
461,21,4
462,21,4
463,21,4
464,21,4
465,21,4
466,21,4
467,21,17
468,21,17
469,21,17
470,21,17
471,21,17
472,21,17
473,21,17
474,21,17
475,21,17
476,21,17
477,21,17
478,21,17
479,21,17
480,21,17
481,21,43
482,21,17
483,21,17
484,21,17
485,21,17
486,21,17
487,21,17
488,21,17
489,21,17
490,21,17
491,21,17
492,21,9
493,21,17
494,21,6
495,21,6
496,21,6
497,21,6
498,21,6
499,21,6
500,21,6
501,21,6
502,21,6
503,21,6
504,21,36
505,21,6
506,21,6
507,21,6
508,21,6
509,21,6
510,21,6
511,21,6
512,21,6
513,21,6
514,21,6
515,21,6
516,21,6
517,21,6
518,21,6
519,21,6
520,21,6
521,21,6
522,21,6
523,21,6
524,21,6
525,21,6
526,21,6
527,21,6
528,21,6
529,21,56
530,21,56
531,21,56
532,21,56
533,21,56
534,21,56
535,21,56
536,21,56
537,21,56
538,21,56
539,21,56
540,21,56
541,21,56
542,21,56
543,21,56
544,21,56
545,21,56
546,21,56
547,21,56
548,21,56
549,21,56
550,21,56
551,21,56
552,21,56
553,21,56
554,21,40
555,21,31
556,21,88
557,21,3
558,21,17
559,21,4
560,21,8
561,21,8
562,21,40
563,21,88
564,21,40
565,21,94
566,21,91
567,21,4
568,21,8
569,21,54
570,21,54
571,21,40
572,21,88
573,21,91
574,21,88
575,21,9
576,21,88
577,21,31
578,21,8
579,21,14
580,21,54
581,21,17
582,21,7
583,21,8
584,21,9
585,21,88
586,21,88
587,21,43
588,21,31
589,21,88
590,21,17
591,21,40
592,21,40
593,21,4
594,21,36
595,21,31
596,21,7
597,21,7
598,21,2
599,21,9
600,21,36
601,21,6
602,21,40
603,21,2
604,21,2
605,21,36
606,21,7
607,21,7
608,21,91
609,21,4
610,21,54
611,21,7
612,21,56
613,21,56
614,21,36
615,21,91
616,21,43
617,21,88
618,21,7
619,21,40
620,21,94
621,21,43
622,21,43
1,22,3
2,22,3
3,22,3
4,22,3
5,22,3
6,22,3
7,22,3
8,22,3
9,22,3
10,22,3
11,22,3
12,22,3
13,22,3
14,22,3
15,22,3
16,22,3
17,22,3
18,22,3
19,22,3
20,22,3
21,22,11
22,22,3
23,22,3
24,22,3
25,22,3
26,22,3
27,22,3
28,22,7
29,22,7
30,22,7
31,22,3
32,22,7
33,22,7
34,22,7
35,22,7
36,22,7
37,22,7
38,22,7
39,22,7
40,22,8
41,22,7
42,22,31
43,22,1
44,22,7
45,22,7
46,22,7
47,22,7
48,22,7
49,22,7
50,22,7
51,22,7
52,22,7
53,22,7
54,22,7
55,22,7
56,22,7
57,22,91
58,22,91
59,22,91
60,22,91
61,22,91
62,22,91
63,22,91
64,22,91
65,22,91
66,22,91
67,22,91
68,22,91
69,22,91
70,22,91
71,22,91
72,22,91
73,22,91
74,22,91
75,22,91
76,22,91
77,22,91
78,22,91
79,22,91
80,22,91
81,22,91
82,22,94
83,22,94
84,22,94
85,22,94
86,22,94
87,22,94
88,22,94
89,22,94
90,22,94
91,22,9
92,22,94
93,22,94
94,22,94
95,22,94
96,22,94
97,22,94
98,22,94
99,22,94
100,22,94
101,22,8
102,22,94
103,22,94
104,22,9
105,22,94
106,22,94
107,22,94
108,22,94
109,22,36
110,22,9
111,22,36
112,22,6
113,22,36
114,22,36
115,22,36
116,22,36
117,22,36
118,22,36
119,22,36
120,22,36
121,22,36
122,22,36
123,22,36
124,22,36
125,22,36
126,22,36
127,22,36
128,22,36
129,22,36
130,22,36
131,22,1
132,22,36
133,22,36
134,22,36
135,22,36
136,22,8
137,22,36
138,22,36
139,22,36
140,22,8
141,22,8
142,22,8
143,22,8
144,22,8
145,22,8
146,22,8
147,22,8
148,22,8
149,22,8
150,22,8
151,22,8
152,22,8
153,22,31
154,22,8
155,22,8
156,22,8
157,22,8
158,22,8
159,22,8
160,22,7
161,22,8
162,22,1
163,22,8
164,22,8
165,22,8
166,22,7
167,22,17
168,22,8
169,22,8
170,22,8
171,22,9
172,22,9
173,22,9
174,22,9
175,22,9
176,22,9
177,22,9
178,22,9
179,22,9
180,22,9
181,22,9
182,22,9
183,22,9
184,22,9
185,22,9
186,22,9
187,22,9
188,22,9
189,22,9
190,22,9
191,22,9
192,22,9
193,22,9
194,22,9
195,22,9
196,22,9
197,22,9
198,22,31
199,22,31
200,22,8
201,22,31
202,22,31
203,22,31
204,22,31
205,22,31
206,22,31
207,22,31
208,22,31
209,22,11
210,22,31
211,22,31
212,22,31
213,22,31
214,22,31
215,22,31
216,22,31
217,22,31
218,22,31
219,22,31
220,22,31
221,22,31
222,22,31
223,22,31
224,22,31
225,22,31
226,22,11
227,22,11
228,22,11
229,22,11
230,22,11
231,22,11
232,22,11
233,22,11
234,22,11
235,22,11
236,22,11
237,22,11
238,22,43
239,22,11
240,22,11
241,22,31
242,22,11
243,22,11
244,22,11
245,22,11
246,22,11
247,22,11
248,22,11
249,22,11
250,22,54
251,22,54
252,22,54
253,22,54
254,22,54
255,22,54
256,22,54
257,22,54
258,22,54
259,22,40
260,22,2
261,22,54
262,22,54
263,22,54
264,22,54
265,22,54
266,22,54
267,22,40
268,22,54
269,22,54
270,22,54
271,22,54
272,22,54
273,22,88
274,22,88
275,22,88
276,22,88
277,22,88
278,22,88
279,22,88
280,22,88
281,22,88
282,22,88
283,22,88
284,22,88
285,22,88
286,22,88
287,22,88
288,22,88
289,22,88
290,22,88
291,22,88
292,22,88
293,22,88
294,22,88
295,22,88
296,22,88
297,22,88
298,22,88
299,22,88
300,22,40
301,22,40
302,22,40
303,22,40
304,22,40
305,22,40
306,22,40
307,22,40
308,22,40
309,22,40
310,22,40
311,22,40
312,22,40
313,22,40
314,22,40
315,22,40
316,22,40
317,22,40
318,22,40
319,22,40
320,22,40
321,22,40
322,22,40
323,22,40
324,22,40
325,22,1
326,22,2
327,22,2
328,22,36
329,22,2
330,22,2
331,22,2
332,22,2
333,22,2
334,22,2
335,22,2
336,22,2
337,22,2
338,22,2
339,22,2
340,22,88
341,22,2
342,22,2
343,22,2
344,22,2
345,22,2
346,22,2
347,22,2
348,22,2
349,22,2
350,22,14
351,22,14
352,22,14
353,22,14
354,22,14
355,22,14
356,22,14
357,22,14
358,22,14
359,22,14
360,22,14
361,22,14
362,22,14
363,22,14
364,22,14
365,22,14
366,22,14
367,22,14
368,22,14
369,22,14
370,22,14
371,22,14
372,22,14
373,22,14
374,22,14
375,22,14
376,22,14
377,22,14
378,22,14
379,22,14
380,22,14
381,22,14
382,22,14
383,22,14
384,22,43
385,22,2
386,22,43
387,22,43
388,22,43
389,22,43
390,22,43
391,22,43
392,22,43
393,22,43
394,22,43
395,22,43
396,22,43
397,22,43
398,22,43
399,22,43
400,22,43
401,22,6
402,22,43
403,22,6
404,22,43
405,22,4
406,22,43
407,22,43
408,22,43
409,22,43
410,22,43
411,22,43
412,22,1
413,22,1
414,22,1
415,22,1
416,22,1
417,22,1
418,22,1
419,22,1
420,22,1
421,22,1
422,22,1
423,22,1
424,22,1
425,22,1
426,22,1
427,22,1
428,22,1
429,22,1
430,22,1
431,22,1
432,22,1
433,22,1
434,22,1
435,22,1
436,22,1
437,22,1
438,22,1
439,22,1
440,22,1
441,22,1
442,22,4
443,22,4
444,22,4
445,22,4
446,22,4
447,22,4
448,22,4
449,22,4
450,22,4
451,22,4
452,22,3
453,22,4
454,22,4
455,22,6
456,22,4
457,22,4
458,22,4
459,22,4
460,22,4
461,22,4
462,22,4
463,22,4
464,22,4
465,22,4
466,22,4
467,22,17
468,22,17
469,22,17
470,22,17
471,22,17
472,22,17
473,22,17
474,22,17
475,22,17
476,22,17
477,22,17
478,22,17
479,22,17
480,22,17
481,22,43
482,22,17
483,22,17
484,22,17
485,22,17
486,22,17
487,22,17
488,22,17
489,22,17
490,22,17
491,22,17
492,22,9
493,22,17
494,22,6
495,22,6
496,22,6
497,22,6
498,22,6
499,22,6
500,22,6
501,22,6
502,22,6
503,22,6
504,22,36
505,22,6
506,22,6
507,22,6
508,22,6
509,22,6
510,22,6
511,22,6
512,22,6
513,22,6
514,22,6
515,22,6
516,22,6
517,22,6
518,22,6
519,22,6
520,22,6
521,22,6
522,22,6
523,22,6
524,22,6
525,22,6
526,22,6
527,22,6
528,22,6
529,22,56
530,22,56
531,22,56
532,22,56
533,22,56
534,22,56
535,22,56
536,22,56
537,22,56
538,22,56
539,22,56
540,22,56
541,22,56
542,22,56
543,22,56
544,22,56
545,22,56
546,22,56
547,22,56
548,22,56
549,22,56
550,22,56
551,22,56
552,22,56
553,22,56
554,22,40
555,22,31
556,22,88
557,22,3
558,22,17
559,22,4
560,22,8
561,22,8
562,22,40
563,22,88
564,22,40
565,22,94
566,22,91
567,22,4
568,22,8
569,22,54
570,22,54
571,22,40
572,22,88
573,22,91
574,22,88
575,22,9
576,22,88
577,22,31
578,22,8
579,22,14
580,22,54
581,22,17
582,22,7
583,22,8
584,22,9
585,22,88
586,22,88
587,22,43
588,22,31
589,22,88
590,22,17
591,22,40
592,22,40
593,22,4
594,22,36
595,22,31
596,22,7
597,22,7
598,22,2
599,22,9
600,22,36
601,22,6
602,22,40
603,22,2
604,22,2
605,22,36
606,22,7
607,22,7
608,22,91
609,22,4
610,22,54
611,22,7
612,22,56
613,22,56
614,22,36
615,22,91
616,22,43
617,22,88
618,22,7
619,22,40
620,22,94
621,22,43
622,22,43
1,23,3
2,23,3
3,23,3
4,23,3
5,23,3
6,23,3
7,23,3
8,23,3
9,23,3
10,23,3
11,23,3
12,23,3
13,23,3
14,23,3
15,23,3
16,23,3
17,23,3
18,23,3
19,23,3
20,23,3
21,23,11
22,23,3
23,23,3
24,23,3
25,23,3
26,23,3
27,23,3
28,23,7
29,23,7
30,23,7
31,23,3
32,23,7
33,23,7
34,23,7
35,23,7
36,23,7
37,23,7
38,23,7
39,23,7
40,23,8
41,23,7
42,23,31
43,23,1
44,23,7
45,23,7
46,23,7
47,23,7
48,23,7
49,23,7
50,23,7
51,23,7
52,23,7
53,23,7
54,23,7
55,23,7
56,23,7
57,23,91
58,23,91
59,23,91
60,23,91
61,23,91
62,23,91
63,23,91
64,23,91
65,23,91
66,23,91
67,23,91
68,23,91
69,23,91
70,23,91
71,23,91
72,23,91
73,23,91
74,23,91
75,23,91
76,23,91
77,23,91
78,23,91
79,23,91
80,23,91
81,23,91
82,23,94
83,23,94
84,23,94
85,23,94
86,23,94
87,23,94
88,23,94
89,23,94
90,23,94
91,23,9
92,23,94
93,23,94
94,23,94
95,23,94
96,23,94
97,23,94
98,23,94
99,23,94
100,23,94
101,23,8
102,23,94
103,23,94
104,23,9
105,23,94
106,23,94
107,23,94
108,23,94
109,23,36
110,23,9
111,23,36
112,23,6
113,23,36
114,23,36
115,23,36
116,23,36
117,23,36
118,23,36
119,23,36
120,23,36
121,23,36
122,23,36
123,23,36
124,23,36
125,23,36
126,23,36
127,23,36
128,23,36
129,23,36
130,23,36
131,23,1
132,23,36
133,23,36
134,23,36
135,23,36
136,23,8
137,23,36
138,23,36
139,23,36
140,23,8
141,23,8
142,23,8
143,23,8
144,23,8
145,23,8
146,23,8
147,23,8
148,23,8
149,23,8
150,23,8
151,23,8
152,23,8
153,23,31
154,23,8
155,23,8
156,23,8
157,23,8
158,23,8
159,23,8
160,23,7
161,23,8
162,23,1
163,23,8
164,23,8
165,23,8
166,23,7
167,23,17
168,23,8
169,23,8
170,23,8
171,23,9
172,23,9
173,23,9
174,23,9
175,23,9
176,23,9
177,23,9
178,23,9
179,23,9
180,23,9
181,23,9
182,23,9
183,23,9
184,23,9
185,23,9
186,23,9
187,23,9
188,23,9
189,23,9
190,23,9
191,23,9
192,23,9
193,23,9
194,23,9
195,23,9
196,23,9
197,23,9
198,23,31
199,23,31
200,23,8
201,23,31
202,23,31
203,23,31
204,23,31
205,23,31
206,23,31
207,23,31
208,23,31
209,23,11
210,23,31
211,23,31
212,23,31
213,23,31
214,23,31
215,23,31
216,23,31
217,23,31
218,23,31
219,23,31
220,23,31
221,23,31
222,23,31
223,23,31
224,23,31
225,23,31
226,23,11
227,23,11
228,23,11
229,23,11
230,23,11
231,23,11
232,23,11
233,23,11
234,23,11
235,23,11
236,23,11
237,23,11
238,23,43
239,23,11
240,23,11
241,23,31
242,23,11
243,23,11
244,23,11
245,23,11
246,23,11
247,23,11
248,23,11
249,23,11
250,23,54
251,23,54
252,23,54
253,23,54
254,23,54
255,23,54
256,23,54
257,23,54
258,23,54
259,23,40
260,23,2
261,23,54
262,23,54
263,23,54
264,23,54
265,23,54
266,23,54
267,23,40
268,23,54
269,23,54
270,23,54
271,23,54
272,23,54
273,23,88
274,23,88
275,23,88
276,23,88
277,23,88
278,23,88
279,23,88
280,23,88
281,23,88
282,23,88
283,23,88
284,23,88
285,23,88
286,23,88
287,23,88
288,23,88
289,23,88
290,23,88
291,23,88
292,23,88
293,23,88
294,23,88
295,23,88
296,23,88
297,23,88
298,23,88
299,23,88
300,23,40
301,23,40
302,23,40
303,23,40
304,23,40
305,23,40
306,23,40
307,23,40
308,23,40
309,23,40
310,23,40
311,23,40
312,23,40
313,23,40
314,23,40
315,23,40
316,23,40
317,23,40
318,23,40
319,23,40
320,23,40
321,23,40
322,23,40
323,23,40
324,23,40
325,23,1
326,23,2
327,23,2
328,23,36
329,23,2
330,23,2
331,23,2
332,23,2
333,23,2
334,23,2
335,23,2
336,23,2
337,23,2
338,23,2
339,23,2
340,23,88
341,23,2
342,23,2
343,23,2
344,23,2
345,23,2
346,23,2
347,23,2
348,23,2
349,23,2
350,23,14
351,23,14
352,23,14
353,23,14
354,23,14
355,23,14
356,23,14
357,23,14
358,23,14
359,23,14
360,23,14
361,23,14
362,23,14
363,23,14
364,23,14
365,23,14
366,23,14
367,23,14
368,23,14
369,23,14
370,23,14
371,23,14
372,23,14
373,23,14
374,23,14
375,23,14
376,23,14
377,23,14
378,23,14
379,23,14
380,23,14
381,23,14
382,23,14
383,23,14
384,23,43
385,23,2
386,23,43
387,23,43
388,23,43
389,23,43
390,23,43
391,23,43
392,23,43
393,23,43
394,23,43
395,23,43
396,23,43
397,23,43
398,23,43
399,23,43
400,23,43
401,23,6
402,23,43
403,23,6
404,23,43
405,23,4
406,23,43
407,23,43
408,23,43
409,23,43
410,23,43
411,23,43
412,23,1
413,23,1
414,23,1
415,23,1
416,23,1
417,23,1
418,23,1
419,23,1
420,23,1
421,23,1
422,23,1
423,23,1
424,23,1
425,23,1
426,23,1
427,23,1
428,23,1
429,23,1
430,23,1
431,23,1
432,23,1
433,23,1
434,23,1
435,23,1
436,23,1
437,23,1
438,23,1
439,23,1
440,23,1
441,23,1
442,23,4
443,23,4
444,23,4
445,23,4
446,23,4
447,23,4
448,23,4
449,23,4
450,23,4
451,23,4
452,23,3
453,23,4
454,23,4
455,23,6
456,23,4
457,23,4
458,23,4
459,23,4
460,23,4
461,23,4
462,23,4
463,23,4
464,23,4
465,23,4
466,23,4
467,23,17
468,23,17
469,23,17
470,23,17
471,23,17
472,23,17
473,23,17
474,23,17
475,23,17
476,23,17
477,23,17
478,23,17
479,23,17
480,23,17
481,23,43
482,23,17
483,23,17
484,23,17
485,23,17
486,23,17
487,23,17
488,23,17
489,23,17
490,23,17
491,23,17
492,23,9
493,23,17
494,23,6
495,23,6
496,23,6
497,23,6
498,23,6
499,23,6
500,23,6
501,23,6
502,23,6
503,23,6
504,23,36
505,23,6
506,23,6
507,23,6
508,23,6
509,23,6
510,23,6
511,23,6
512,23,6
513,23,6
514,23,6
515,23,6
516,23,6
517,23,6
518,23,6
519,23,6
520,23,6
521,23,6
522,23,6
523,23,6
524,23,6
525,23,6
526,23,6
527,23,6
528,23,6
529,23,56
530,23,56
531,23,56
532,23,56
533,23,56
534,23,56
535,23,56
536,23,56
537,23,56
538,23,56
539,23,56
540,23,56
541,23,56
542,23,56
543,23,56
544,23,56
545,23,56
546,23,56
547,23,56
548,23,56
549,23,56
550,23,56
551,23,56
552,23,56
553,23,56
554,23,40
555,23,31
556,23,88
557,23,3
558,23,17
559,23,4
560,23,8
561,23,8
562,23,40
563,23,88
564,23,40
565,23,94
566,23,91
567,23,4
568,23,8
569,23,54
570,23,54
571,23,40
572,23,88
573,23,91
574,23,88
575,23,9
576,23,88
577,23,31
578,23,8
579,23,14
580,23,54
581,23,17
582,23,7
583,23,8
584,23,9
585,23,88
586,23,88
587,23,43
588,23,31
589,23,88
590,23,17
591,23,40
592,23,40
593,23,4
594,23,36
595,23,31
596,23,7
597,23,7
598,23,2
599,23,9
600,23,36
601,23,6
602,23,40
603,23,2
604,23,2
605,23,36
606,23,7
607,23,7
608,23,91
609,23,4
610,23,54
611,23,7
612,23,56
613,23,56
614,23,36
615,23,91
616,23,43
617,23,88
618,23,7
619,23,40
620,23,94
621,23,43
622,23,43
1,24,3
2,24,3
3,24,3
4,24,3
5,24,3
6,24,3
7,24,3
8,24,3
9,24,3
10,24,3
11,24,3
12,24,3
13,24,3
14,24,3
15,24,3
16,24,3
17,24,3
18,24,3
19,24,3
20,24,3
21,24,11
22,24,3
23,24,3
24,24,3
25,24,3
26,24,3
27,24,3
28,24,7
29,24,7
30,24,7
31,24,3
32,24,7
33,24,7
34,24,7
35,24,7
36,24,7
37,24,7
38,24,7
39,24,7
40,24,8
41,24,7
42,24,31
43,24,1
44,24,7
45,24,7
46,24,7
47,24,7
48,24,7
49,24,7
50,24,7
51,24,7
52,24,7
53,24,7
54,24,7
55,24,7
56,24,7
57,24,91
58,24,91
59,24,91
60,24,91
61,24,91
62,24,91
63,24,91
64,24,91
65,24,91
66,24,91
67,24,91
68,24,91
69,24,91
70,24,91
71,24,91
72,24,91
73,24,91
74,24,91
75,24,91
76,24,91
77,24,91
78,24,91
79,24,91
80,24,91
81,24,91
82,24,94
83,24,94
84,24,94
85,24,94
86,24,94
87,24,94
88,24,94
89,24,94
90,24,94
91,24,9
92,24,94
93,24,94
94,24,94
95,24,94
96,24,94
97,24,94
98,24,94
99,24,94
100,24,94
101,24,8
102,24,94
103,24,94
104,24,9
105,24,94
106,24,94
107,24,94
108,24,94
109,24,36
110,24,9
111,24,36
112,24,6
113,24,36
114,24,36
115,24,36
116,24,36
117,24,36
118,24,36
119,24,36
120,24,36
121,24,36
122,24,36
123,24,36
124,24,36
125,24,36
126,24,36
127,24,36
128,24,36
129,24,36
130,24,36
131,24,1
132,24,36
133,24,36
134,24,36
135,24,36
136,24,8
137,24,36
138,24,36
139,24,36
140,24,8
141,24,8
142,24,8
143,24,8
144,24,8
145,24,8
146,24,8
147,24,8
148,24,8
149,24,8
150,24,8
151,24,8
152,24,8
153,24,31
154,24,8
155,24,8
156,24,8
157,24,8
158,24,8
159,24,8
160,24,7
161,24,8
162,24,1
163,24,8
164,24,8
165,24,8
166,24,7
167,24,17
168,24,8
169,24,8
170,24,8
171,24,9
172,24,9
173,24,9
174,24,9
175,24,9
176,24,9
177,24,9
178,24,9
179,24,9
180,24,9
181,24,9
182,24,9
183,24,9
184,24,9
185,24,9
186,24,9
187,24,9
188,24,9
189,24,9
190,24,9
191,24,9
192,24,9
193,24,9
194,24,9
195,24,9
196,24,9
197,24,9
198,24,31
199,24,31
200,24,8
201,24,31
202,24,31
203,24,31
204,24,31
205,24,31
206,24,31
207,24,31
208,24,31
209,24,11
210,24,31
211,24,31
212,24,31
213,24,31
214,24,31
215,24,31
216,24,31
217,24,31
218,24,31
219,24,31
220,24,31
221,24,31
222,24,31
223,24,31
224,24,31
225,24,31
226,24,11
227,24,11
228,24,11
229,24,11
230,24,11
231,24,11
232,24,11
233,24,11
234,24,11
235,24,11
236,24,11
237,24,11
238,24,43
239,24,11
240,24,11
241,24,31
242,24,11
243,24,11
244,24,11
245,24,11
246,24,11
247,24,11
248,24,11
249,24,11
250,24,54
251,24,54
252,24,54
253,24,54
254,24,54
255,24,54
256,24,54
257,24,54
258,24,54
259,24,40
260,24,2
261,24,54
262,24,54
263,24,54
264,24,54
265,24,54
266,24,54
267,24,40
268,24,54
269,24,54
270,24,54
271,24,54
272,24,54
273,24,88
274,24,88
275,24,88
276,24,88
277,24,88
278,24,88
279,24,88
280,24,88
281,24,88
282,24,88
283,24,88
284,24,88
285,24,88
286,24,88
287,24,88
288,24,88
289,24,88
290,24,88
291,24,88
292,24,88
293,24,88
294,24,88
295,24,88
296,24,88
297,24,88
298,24,88
299,24,88
300,24,40
301,24,40
302,24,40
303,24,40
304,24,40
305,24,40
306,24,40
307,24,40
308,24,40
309,24,40
310,24,40
311,24,40
312,24,40
313,24,40
314,24,40
315,24,40
316,24,40
317,24,40
318,24,40
319,24,40
320,24,40
321,24,40
322,24,40
323,24,40
324,24,40
325,24,1
326,24,2
327,24,2
328,24,36
329,24,2
330,24,2
331,24,2
332,24,2
333,24,2
334,24,2
335,24,2
336,24,2
337,24,2
338,24,2
339,24,2
340,24,88
341,24,2
342,24,2
343,24,2
344,24,2
345,24,2
346,24,2
347,24,2
348,24,2
349,24,2
350,24,14
351,24,14
352,24,14
353,24,14
354,24,14
355,24,14
356,24,14
357,24,14
358,24,14
359,24,14
360,24,14
361,24,14
362,24,14
363,24,14
364,24,14
365,24,14
366,24,14
367,24,14
368,24,14
369,24,14
370,24,14
371,24,14
372,24,14
373,24,14
374,24,14
375,24,14
376,24,14
377,24,14
378,24,14
379,24,14
380,24,14
381,24,14
382,24,14
383,24,14
384,24,43
385,24,2
386,24,43
387,24,43
388,24,43
389,24,43
390,24,43
391,24,43
392,24,43
393,24,43
394,24,43
395,24,43
396,24,43
397,24,43
398,24,43
399,24,43
400,24,43
401,24,6
402,24,43
403,24,6
404,24,43
405,24,4
406,24,43
407,24,43
408,24,43
409,24,43
410,24,43
411,24,43
412,24,1
413,24,1
414,24,1
415,24,1
416,24,1
417,24,1
418,24,1
419,24,1
420,24,1
421,24,1
422,24,1
423,24,1
424,24,1
425,24,1
426,24,1
427,24,1
428,24,1
429,24,1
430,24,1
431,24,1
432,24,1
433,24,1
434,24,1
435,24,1
436,24,1
437,24,1
438,24,1
439,24,1
440,24,1
441,24,1
442,24,4
443,24,4
444,24,4
445,24,4
446,24,4
447,24,4
448,24,4
449,24,4
450,24,4
451,24,4
452,24,3
453,24,4
454,24,4
455,24,6
456,24,4
457,24,4
458,24,4
459,24,4
460,24,4
461,24,4
462,24,4
463,24,4
464,24,4
465,24,4
466,24,4
467,24,17
468,24,17
469,24,17
470,24,17
471,24,17
472,24,17
473,24,17
474,24,17
475,24,17
476,24,17
477,24,17
478,24,17
479,24,17
480,24,17
481,24,43
482,24,17
483,24,17
484,24,17
485,24,17
486,24,17
487,24,17
488,24,17
489,24,17
490,24,17
491,24,17
492,24,9
493,24,17
494,24,6
495,24,6
496,24,6
497,24,6
498,24,6
499,24,6
500,24,6
501,24,6
502,24,6
503,24,6
504,24,36
505,24,6
506,24,6
507,24,6
508,24,6
509,24,6
510,24,6
511,24,6
512,24,6
513,24,6
514,24,6
515,24,6
516,24,6
517,24,6
518,24,6
519,24,6
520,24,6
521,24,6
522,24,6
523,24,6
524,24,6
525,24,6
526,24,6
527,24,6
528,24,6
529,24,56
530,24,56
531,24,56
532,24,56
533,24,56
534,24,56
535,24,56
536,24,56
537,24,56
538,24,56
539,24,56
540,24,56
541,24,56
542,24,56
543,24,56
544,24,56
545,24,56
546,24,56
547,24,56
548,24,56
549,24,56
550,24,56
551,24,56
552,24,56
553,24,56
554,24,40
555,24,31
556,24,88
557,24,3
558,24,17
559,24,4
560,24,8
561,24,8
562,24,40
563,24,88
564,24,40
565,24,94
566,24,91
567,24,4
568,24,8
569,24,54
570,24,54
571,24,40
572,24,88
573,24,91
574,24,88
575,24,9
576,24,88
577,24,31
578,24,8
579,24,14
580,24,54
581,24,17
582,24,7
583,24,8
584,24,9
585,24,88
586,24,88
587,24,43
588,24,31
589,24,88
590,24,17
591,24,40
592,24,40
593,24,4
594,24,36
595,24,31
596,24,7
597,24,7
598,24,2
599,24,9
600,24,36
601,24,6
602,24,40
603,24,2
604,24,2
605,24,36
606,24,7
607,24,7
608,24,91
609,24,4
610,24,54
611,24,7
612,24,56
613,24,56
614,24,36
615,24,91
616,24,43
617,24,88
618,24,7
619,24,40
620,24,94
621,24,43
622,24,43
1,25,3
2,25,3
3,25,3
4,25,3
5,25,3
6,25,3
7,25,3
8,25,3
9,25,3
10,25,3
11,25,3
12,25,3
13,25,3
14,25,3
15,25,3
16,25,3
17,25,3
18,25,3
19,25,3
20,25,3
21,25,11
22,25,3
23,25,3
24,25,3
25,25,3
26,25,3
27,25,3
28,25,7
29,25,7
30,25,7
31,25,3
32,25,7
33,25,7
34,25,7
35,25,7
36,25,7
37,25,7
38,25,7
39,25,7
40,25,8
41,25,7
42,25,31
43,25,1
44,25,7
45,25,7
46,25,7
47,25,7
48,25,7
49,25,7
50,25,7
51,25,7
52,25,7
53,25,7
54,25,7
55,25,7
56,25,7
57,25,91
58,25,91
59,25,91
60,25,91
61,25,91
62,25,91
63,25,91
64,25,91
65,25,91
66,25,91
67,25,91
68,25,91
69,25,91
70,25,91
71,25,91
72,25,91
73,25,91
74,25,91
75,25,91
76,25,91
77,25,91
78,25,91
79,25,91
80,25,91
81,25,91
82,25,94
83,25,94
84,25,94
85,25,94
86,25,94
87,25,94
88,25,94
89,25,94
90,25,94
91,25,9
92,25,94
93,25,94
94,25,94
95,25,94
96,25,94
97,25,94
98,25,94
99,25,94
100,25,94
101,25,8
102,25,94
103,25,94
104,25,9
105,25,94
106,25,94
107,25,94
108,25,94
109,25,36
110,25,9
111,25,36
112,25,6
113,25,36
114,25,36
115,25,36
116,25,36
117,25,36
118,25,36
119,25,36
120,25,36
121,25,36
122,25,36
123,25,36
124,25,36
125,25,36
126,25,36
127,25,36
128,25,36
129,25,36
130,25,36
131,25,1
132,25,36
133,25,36
134,25,36
135,25,36
136,25,8
137,25,36
138,25,36
139,25,36
140,25,8
141,25,8
142,25,8
143,25,8
144,25,8
145,25,8
146,25,8
147,25,8
148,25,8
149,25,8
150,25,8
151,25,8
152,25,8
153,25,31
154,25,8
155,25,8
156,25,8
157,25,8
158,25,8
159,25,8
160,25,7
161,25,8
162,25,1
163,25,8
164,25,8
165,25,8
166,25,7
167,25,17
168,25,8
169,25,8
170,25,8
171,25,9
172,25,9
173,25,9
174,25,9
175,25,9
176,25,9
177,25,9
178,25,9
179,25,9
180,25,9
181,25,9
182,25,9
183,25,9
184,25,9
185,25,9
186,25,9
187,25,9
188,25,9
189,25,9
190,25,9
191,25,9
192,25,9
193,25,9
194,25,9
195,25,9
196,25,9
197,25,9
198,25,31
199,25,31
200,25,8
201,25,31
202,25,31
203,25,31
204,25,31
205,25,31
206,25,31
207,25,31
208,25,31
209,25,11
210,25,31
211,25,31
212,25,31
213,25,31
214,25,31
215,25,31
216,25,31
217,25,31
218,25,31
219,25,31
220,25,31
221,25,31
222,25,31
223,25,31
224,25,31
225,25,31
226,25,11
227,25,11
228,25,11
229,25,11
230,25,11
231,25,11
232,25,11
233,25,11
234,25,11
235,25,11
236,25,11
237,25,11
238,25,43
239,25,11
240,25,11
241,25,31
242,25,11
243,25,11
244,25,11
245,25,11
246,25,11
247,25,11
248,25,11
249,25,11
250,25,54
251,25,54
252,25,54
253,25,54
254,25,54
255,25,54
256,25,54
257,25,54
258,25,54
259,25,40
260,25,2
261,25,54
262,25,54
263,25,54
264,25,54
265,25,54
266,25,54
267,25,40
268,25,54
269,25,54
270,25,54
271,25,54
272,25,54
273,25,88
274,25,88
275,25,88
276,25,88
277,25,88
278,25,88
279,25,88
280,25,88
281,25,88
282,25,88
283,25,88
284,25,88
285,25,88
286,25,88
287,25,88
288,25,88
289,25,88
290,25,88
291,25,88
292,25,88
293,25,88
294,25,88
295,25,88
296,25,88
297,25,88
298,25,88
299,25,88
300,25,40
301,25,40
302,25,40
303,25,40
304,25,40
305,25,40
306,25,40
307,25,40
308,25,40
309,25,40
310,25,40
311,25,40
312,25,40
313,25,40
314,25,40
315,25,40
316,25,40
317,25,40
318,25,40
319,25,40
320,25,40
321,25,40
322,25,40
323,25,40
324,25,40
325,25,1
326,25,2
327,25,2
328,25,36
329,25,2
330,25,2
331,25,2
332,25,2
333,25,2
334,25,2
335,25,2
336,25,2
337,25,2
338,25,2
339,25,2
340,25,88
341,25,2
342,25,2
343,25,2
344,25,2
345,25,2
346,25,2
347,25,2
348,25,2
349,25,2
350,25,14
351,25,14
352,25,14
353,25,14
354,25,14
355,25,14
356,25,14
357,25,14
358,25,14
359,25,14
360,25,14
361,25,14
362,25,14
363,25,14
364,25,14
365,25,14
366,25,14
367,25,14
368,25,14
369,25,14
370,25,14
371,25,14
372,25,14
373,25,14
374,25,14
375,25,14
376,25,14
377,25,14
378,25,14
379,25,14
380,25,14
381,25,14
382,25,14
383,25,14
384,25,43
385,25,2
386,25,43
387,25,43
388,25,43
389,25,43
390,25,43
391,25,43
392,25,43
393,25,43
394,25,43
395,25,43
396,25,43
397,25,43
398,25,43
399,25,43
400,25,43
401,25,6
402,25,43
403,25,6
404,25,43
405,25,4
406,25,43
407,25,43
408,25,43
409,25,43
410,25,43
411,25,43
412,25,1
413,25,1
414,25,1
415,25,1
416,25,1
417,25,1
418,25,1
419,25,1
420,25,1
421,25,1
422,25,1
423,25,1
424,25,1
425,25,1
426,25,1
427,25,1
428,25,1
429,25,1
430,25,1
431,25,1
432,25,1
433,25,1
434,25,1
435,25,1
436,25,1
437,25,1
438,25,1
439,25,1
440,25,1
441,25,1
442,25,4
443,25,4
444,25,4
445,25,4
446,25,4
447,25,4
448,25,4
449,25,4
450,25,4
451,25,4
452,25,3
453,25,4
454,25,4
455,25,6
456,25,4
457,25,4
458,25,4
459,25,4
460,25,4
461,25,4
462,25,4
463,25,4
464,25,4
465,25,4
466,25,4
467,25,17
468,25,17
469,25,17
470,25,17
471,25,17
472,25,17
473,25,17
474,25,17
475,25,17
476,25,17
477,25,17
478,25,17
479,25,17
480,25,17
481,25,43
482,25,17
483,25,17
484,25,17
485,25,17
486,25,17
487,25,17
488,25,17
489,25,17
490,25,17
491,25,17
492,25,9
493,25,17
494,25,6
495,25,6
496,25,6
497,25,6
498,25,6
499,25,6
500,25,6
501,25,6
502,25,6
503,25,6
504,25,36
505,25,6
506,25,6
507,25,6
508,25,6
509,25,6
510,25,6
511,25,6
512,25,6
513,25,6
514,25,6
515,25,6
516,25,6
517,25,6
518,25,6
519,25,6
520,25,6
521,25,6
522,25,6
523,25,6
524,25,6
525,25,6
526,25,6
527,25,6
528,25,6
529,25,56
530,25,56
531,25,56
532,25,56
533,25,56
534,25,56
535,25,56
536,25,56
537,25,56
538,25,56
539,25,56
540,25,56
541,25,56
542,25,56
543,25,56
544,25,56
545,25,56
546,25,56
547,25,56
548,25,56
549,25,56
550,25,56
551,25,56
552,25,56
553,25,56
554,25,40
555,25,31
556,25,88
557,25,3
558,25,17
559,25,4
560,25,8
561,25,8
562,25,40
563,25,88
564,25,40
565,25,94
566,25,91
567,25,4
568,25,8
569,25,54
570,25,54
571,25,40
572,25,88
573,25,91
574,25,88
575,25,9
576,25,88
577,25,31
578,25,8
579,25,14
580,25,54
581,25,17
582,25,7
583,25,8
584,25,9
585,25,88
586,25,88
587,25,43
588,25,31
589,25,88
590,25,17
591,25,40
592,25,40
593,25,4
594,25,36
595,25,31
596,25,7
597,25,7
598,25,2
599,25,9
600,25,36
601,25,6
602,25,40
603,25,2
604,25,2
605,25,36
606,25,7
607,25,7
608,25,91
609,25,4
610,25,54
611,25,7
612,25,56
613,25,56
614,25,36
615,25,91
616,25,43
617,25,88
618,25,7
619,25,40
620,25,94
621,25,43
622,25,43
1,26,3
2,26,3
3,26,3
4,26,3
5,26,3
6,26,3
7,26,3
8,26,3
9,26,3
10,26,3
11,26,3
12,26,3
13,26,3
14,26,3
15,26,3
16,26,3
17,26,3
18,26,3
19,26,3
20,26,3
21,26,11
22,26,3
23,26,3
24,26,3
25,26,3
26,26,3
27,26,3
28,26,7
29,26,7
30,26,7
31,26,3
32,26,7
33,26,7
34,26,7
35,26,7
36,26,7
37,26,7
38,26,7
39,26,7
40,26,8
41,26,7
42,26,31
43,26,1
44,26,7
45,26,7
46,26,7
47,26,7
48,26,7
49,26,7
50,26,7
51,26,7
52,26,7
53,26,7
54,26,7
55,26,7
56,26,7
57,26,91
58,26,91
59,26,91
60,26,91
61,26,91
62,26,91
63,26,91
64,26,91
65,26,91
66,26,91
67,26,91
68,26,91
69,26,91
70,26,91
71,26,91
72,26,91
73,26,91
74,26,91
75,26,91
76,26,91
77,26,91
78,26,91
79,26,91
80,26,91
81,26,91
82,26,94
83,26,94
84,26,94
85,26,94
86,26,94
87,26,94
88,26,94
89,26,94
90,26,94
91,26,9
92,26,94
93,26,94
94,26,94
95,26,94
96,26,94
97,26,94
98,26,94
99,26,94
100,26,94
101,26,8
102,26,94
103,26,94
104,26,9
105,26,94
106,26,94
107,26,94
108,26,94
109,26,36
110,26,9
111,26,36
112,26,6
113,26,36
114,26,36
115,26,36
116,26,36
117,26,36
118,26,36
119,26,36
120,26,36
121,26,36
122,26,36
123,26,36
124,26,36
125,26,36
126,26,36
127,26,36
128,26,36
129,26,36
130,26,36
131,26,1
132,26,36
133,26,36
134,26,36
135,26,36
136,26,8
137,26,36
138,26,36
139,26,36
140,26,8
141,26,8
142,26,8
143,26,8
144,26,8
145,26,8
146,26,8
147,26,8
148,26,8
149,26,8
150,26,8
151,26,8
152,26,8
153,26,31
154,26,8
155,26,8
156,26,8
157,26,8
158,26,8
159,26,8
160,26,7
161,26,8
162,26,1
163,26,8
164,26,8
165,26,8
166,26,7
167,26,17
168,26,8
169,26,8
170,26,8
171,26,9
172,26,9
173,26,9
174,26,9
175,26,9
176,26,9
177,26,9
178,26,9
179,26,9
180,26,9
181,26,9
182,26,9
183,26,9
184,26,9
185,26,9
186,26,9
187,26,9
188,26,9
189,26,9
190,26,9
191,26,9
192,26,9
193,26,9
194,26,9
195,26,9
196,26,9
197,26,9
198,26,31
199,26,31
200,26,8
201,26,31
202,26,31
203,26,31
204,26,31
205,26,31
206,26,31
207,26,31
208,26,31
209,26,11
210,26,31
211,26,31
212,26,31
213,26,31
214,26,31
215,26,31
216,26,31
217,26,31
218,26,31
219,26,31
220,26,31
221,26,31
222,26,31
223,26,31
224,26,31
225,26,31
226,26,11
227,26,11
228,26,11
229,26,11
230,26,11
231,26,11
232,26,11
233,26,11
234,26,11
235,26,11
236,26,11
237,26,11
238,26,43
239,26,11
240,26,11
241,26,31
242,26,11
243,26,11
244,26,11
245,26,11
246,26,11
247,26,11
248,26,11
249,26,11
250,26,54
251,26,54
252,26,54
253,26,54
254,26,54
255,26,54
256,26,54
257,26,54
258,26,54
259,26,40
260,26,2
261,26,54
262,26,54
263,26,54
264,26,54
265,26,54
266,26,54
267,26,40
268,26,54
269,26,54
270,26,54
271,26,54
272,26,54
273,26,88
274,26,88
275,26,88
276,26,88
277,26,88
278,26,88
279,26,88
280,26,88
281,26,88
282,26,88
283,26,88
284,26,88
285,26,88
286,26,88
287,26,88
288,26,88
289,26,88
290,26,88
291,26,88
292,26,88
293,26,88
294,26,88
295,26,88
296,26,88
297,26,88
298,26,88
299,26,88
300,26,40
301,26,40
302,26,40
303,26,40
304,26,40
305,26,40
306,26,40
307,26,40
308,26,40
309,26,40
310,26,40
311,26,40
312,26,40
313,26,40
314,26,40
315,26,40
316,26,40
317,26,40
318,26,40
319,26,40
320,26,40
321,26,40
322,26,40
323,26,40
324,26,40
325,26,1
326,26,2
327,26,2
328,26,36
329,26,2
330,26,2
331,26,2
332,26,2
333,26,2
334,26,2
335,26,2
336,26,2
337,26,2
338,26,2
339,26,2
340,26,88
341,26,2
342,26,2
343,26,2
344,26,2
345,26,2
346,26,2
347,26,2
348,26,2
349,26,2
350,26,14
351,26,14
352,26,14
353,26,14
354,26,14
355,26,14
356,26,14
357,26,14
358,26,14
359,26,14
360,26,14
361,26,14
362,26,14
363,26,14
364,26,14
365,26,14
366,26,14
367,26,14
368,26,14
369,26,14
370,26,14
371,26,14
372,26,14
373,26,14
374,26,14
375,26,14
376,26,14
377,26,14
378,26,14
379,26,14
380,26,14
381,26,14
382,26,14
383,26,14
384,26,43
385,26,2
386,26,43
387,26,43
388,26,43
389,26,43
390,26,43
391,26,43
392,26,43
393,26,43
394,26,43
395,26,43
396,26,43
397,26,43
398,26,43
399,26,43
400,26,43
401,26,6
402,26,43
403,26,6
404,26,43
405,26,4
406,26,43
407,26,43
408,26,43
409,26,43
410,26,43
411,26,43
412,26,1
413,26,1
414,26,1
415,26,1
416,26,1
417,26,1
418,26,1
419,26,1
420,26,1
421,26,1
422,26,1
423,26,1
424,26,1
425,26,1
426,26,1
427,26,1
428,26,1
429,26,1
430,26,1
431,26,1
432,26,1
433,26,1
434,26,1
435,26,1
436,26,1
437,26,1
438,26,1
439,26,1
440,26,1
441,26,1
442,26,4
443,26,4
444,26,4
445,26,4
446,26,4
447,26,4
448,26,4
449,26,4
450,26,4
451,26,4
452,26,3
453,26,4
454,26,4
455,26,6
456,26,4
457,26,4
458,26,4
459,26,4
460,26,4
461,26,4
462,26,4
463,26,4
464,26,4
465,26,4
466,26,4
467,26,17
468,26,17
469,26,17
470,26,17
471,26,17
472,26,17
473,26,17
474,26,17
475,26,17
476,26,17
477,26,17
478,26,17
479,26,17
480,26,17
481,26,43
482,26,17
483,26,17
484,26,17
485,26,17
486,26,17
487,26,17
488,26,17
489,26,17
490,26,17
491,26,17
492,26,9
493,26,17
494,26,6
495,26,6
496,26,6
497,26,6
498,26,6
499,26,6
500,26,6
501,26,6
502,26,6
503,26,6
504,26,36
505,26,6
506,26,6
507,26,6
508,26,6
509,26,6
510,26,6
511,26,6
512,26,6
513,26,6
514,26,6
515,26,6
516,26,6
517,26,6
518,26,6
519,26,6
520,26,6
521,26,6
522,26,6
523,26,6
524,26,6
525,26,6
526,26,6
527,26,6
528,26,6
529,26,56
530,26,56
531,26,56
532,26,56
533,26,56
534,26,56
535,26,56
536,26,56
537,26,56
538,26,56
539,26,56
540,26,56
541,26,56
542,26,56
543,26,56
544,26,56
545,26,56
546,26,56
547,26,56
548,26,56
549,26,56
550,26,56
551,26,56
552,26,56
553,26,56
554,26,40
555,26,31
556,26,88
557,26,3
558,26,17
559,26,4
560,26,8
561,26,8
562,26,40
563,26,88
564,26,40
565,26,94
566,26,91
567,26,4
568,26,8
569,26,54
570,26,54
571,26,40
572,26,88
573,26,91
574,26,88
575,26,9
576,26,88
577,26,31
578,26,8
579,26,14
580,26,54
581,26,17
582,26,7
583,26,8
584,26,9
585,26,88
586,26,88
587,26,43
588,26,31
589,26,88
590,26,17
591,26,40
592,26,40
593,26,4
594,26,36
595,26,31
596,26,7
597,26,7
598,26,2
599,26,9
600,26,36
601,26,6
602,26,40
603,26,2
604,26,2
605,26,36
606,26,7
607,26,7
608,26,91
609,26,4
610,26,54
611,26,7
612,26,56
613,26,56
614,26,36
615,26,91
616,26,43
617,26,88
618,26,7
619,26,40
620,26,94
621,26,43
622,26,43
1,27,3
2,27,3
3,27,3
4,27,3
5,27,3
6,27,3
7,27,3
8,27,3
9,27,3
10,27,3
11,27,3
12,27,3
13,27,3
14,27,3
15,27,3
16,27,3
17,27,3
18,27,3
19,27,3
20,27,3
21,27,11
22,27,3
23,27,3
24,27,3
25,27,3
26,27,3
27,27,3
28,27,7
29,27,7
30,27,7
31,27,3
32,27,7
33,27,7
34,27,7
35,27,7
36,27,7
37,27,7
38,27,7
39,27,7
40,27,8
41,27,7
42,27,31
43,27,1
44,27,7
45,27,7
46,27,7
47,27,7
48,27,7
49,27,7
50,27,7
51,27,7
52,27,7
53,27,7
54,27,7
55,27,7
56,27,7
57,27,91
58,27,91
59,27,91
60,27,91
61,27,91
62,27,91
63,27,91
64,27,91
65,27,91
66,27,91
67,27,91
68,27,91
69,27,91
70,27,91
71,27,91
72,27,91
73,27,91
74,27,91
75,27,91
76,27,91
77,27,91
78,27,91
79,27,91
80,27,91
81,27,91
82,27,94
83,27,94
84,27,94
85,27,94
86,27,94
87,27,94
88,27,94
89,27,94
90,27,94
91,27,9
92,27,94
93,27,94
94,27,94
95,27,94
96,27,94
97,27,94
98,27,94
99,27,94
100,27,94
101,27,8
102,27,94
103,27,94
104,27,9
105,27,94
106,27,94
107,27,94
108,27,94
109,27,36
110,27,9
111,27,36
112,27,6
113,27,36
114,27,36
115,27,36
116,27,36
117,27,36
118,27,36
119,27,36
120,27,36
121,27,36
122,27,36
123,27,36
124,27,36
125,27,36
126,27,36
127,27,36
128,27,36
129,27,36
130,27,36
131,27,1
132,27,36
133,27,36
134,27,36
135,27,36
136,27,8
137,27,36
138,27,36
139,27,36
140,27,8
141,27,8
142,27,8
143,27,8
144,27,8
145,27,8
146,27,8
147,27,8
148,27,8
149,27,8
150,27,8
151,27,8
152,27,8
153,27,31
154,27,8
155,27,8
156,27,8
157,27,8
158,27,8
159,27,8
160,27,7
161,27,8
162,27,1
163,27,8
164,27,8
165,27,8
166,27,7
167,27,17
168,27,8
169,27,8
170,27,8
171,27,9
172,27,9
173,27,9
174,27,9
175,27,9
176,27,9
177,27,9
178,27,9
179,27,9
180,27,9
181,27,9
182,27,9
183,27,9
184,27,9
185,27,9
186,27,9
187,27,9
188,27,9
189,27,9
190,27,9
191,27,9
192,27,9
193,27,9
194,27,9
195,27,9
196,27,9
197,27,9
198,27,31
199,27,31
200,27,8
201,27,31
202,27,31
203,27,31
204,27,31
205,27,31
206,27,31
207,27,31
208,27,31
209,27,11
210,27,31
211,27,31
212,27,31
213,27,31
214,27,31
215,27,31
216,27,31
217,27,31
218,27,31
219,27,31
220,27,31
221,27,31
222,27,31
223,27,31
224,27,31
225,27,31
226,27,11
227,27,11
228,27,11
229,27,11
230,27,11
231,27,11
232,27,11
233,27,11
234,27,11
235,27,11
236,27,11
237,27,11
238,27,43
239,27,11
240,27,11
241,27,31
242,27,11
243,27,11
244,27,11
245,27,11
246,27,11
247,27,11
248,27,11
249,27,11
250,27,54
251,27,54
252,27,54
253,27,54
254,27,54
255,27,54
256,27,54
257,27,54
258,27,54
259,27,40
260,27,2
261,27,54
262,27,54
263,27,54
264,27,54
265,27,54
266,27,54
267,27,40
268,27,54
269,27,54
270,27,54
271,27,54
272,27,54
273,27,88
274,27,88
275,27,88
276,27,88
277,27,88
278,27,88
279,27,88
280,27,88
281,27,88
282,27,88
283,27,88
284,27,88
285,27,88
286,27,88
287,27,88
288,27,88
289,27,88
290,27,88
291,27,88
292,27,88
293,27,88
294,27,88
295,27,88
296,27,88
297,27,88
298,27,88
299,27,88
300,27,40
301,27,40
302,27,40
303,27,40
304,27,40
305,27,40
306,27,40
307,27,40
308,27,40
309,27,40
310,27,40
311,27,40
312,27,40
313,27,40
314,27,40
315,27,40
316,27,40
317,27,40
318,27,40
319,27,40
320,27,40
321,27,40
322,27,40
323,27,40
324,27,40
325,27,1
326,27,2
327,27,2
328,27,36
329,27,2
330,27,2
331,27,2
332,27,2
333,27,2
334,27,2
335,27,2
336,27,2
337,27,2
338,27,2
339,27,2
340,27,88
341,27,2
342,27,2
343,27,2
344,27,2
345,27,2
346,27,2
347,27,2
348,27,2
349,27,2
350,27,14
351,27,14
352,27,14
353,27,14
354,27,14
355,27,14
356,27,14
357,27,14
358,27,14
359,27,14
360,27,14
361,27,14
362,27,14
363,27,14
364,27,14
365,27,14
366,27,14
367,27,14
368,27,14
369,27,14
370,27,14
371,27,14
372,27,14
373,27,14
374,27,14
375,27,14
376,27,14
377,27,14
378,27,14
379,27,14
380,27,14
381,27,14
382,27,14
383,27,14
384,27,43
385,27,2
386,27,43
387,27,43
388,27,43
389,27,43
390,27,43
391,27,43
392,27,43
393,27,43
394,27,43
395,27,43
396,27,43
397,27,43
398,27,43
399,27,43
400,27,43
401,27,6
402,27,43
403,27,6
404,27,43
405,27,4
406,27,43
407,27,43
408,27,43
409,27,43
410,27,43
411,27,43
412,27,1
413,27,1
414,27,1
415,27,1
416,27,1
417,27,1
418,27,1
419,27,1
420,27,1
421,27,1
422,27,1
423,27,1
424,27,1
425,27,1
426,27,1
427,27,1
428,27,1
429,27,1
430,27,1
431,27,1
432,27,1
433,27,1
434,27,1
435,27,1
436,27,1
437,27,1
438,27,1
439,27,1
440,27,1
441,27,1
442,27,4
443,27,4
444,27,4
445,27,4
446,27,4
447,27,4
448,27,4
449,27,4
450,27,4
451,27,4
452,27,3
453,27,4
454,27,4
455,27,6
456,27,4
457,27,4
458,27,4
459,27,4
460,27,4
461,27,4
462,27,4
463,27,4
464,27,4
465,27,4
466,27,4
467,27,17
468,27,17
469,27,17
470,27,17
471,27,17
472,27,17
473,27,17
474,27,17
475,27,17
476,27,17
477,27,17
478,27,17
479,27,17
480,27,17
481,27,43
482,27,17
483,27,17
484,27,17
485,27,17
486,27,17
487,27,17
488,27,17
489,27,17
490,27,17
491,27,17
492,27,9
493,27,17
494,27,6
495,27,6
496,27,6
497,27,6
498,27,6
499,27,6
500,27,6
501,27,6
502,27,6
503,27,6
504,27,36
505,27,6
506,27,6
507,27,6
508,27,6
509,27,6
510,27,6
511,27,6
512,27,6
513,27,6
514,27,6
515,27,6
516,27,6
517,27,6
518,27,6
519,27,6
520,27,6
521,27,6
522,27,6
523,27,6
524,27,6
525,27,6
526,27,6
527,27,6
528,27,6
529,27,56
530,27,56
531,27,56
532,27,56
533,27,56
534,27,56
535,27,56
536,27,56
537,27,56
538,27,56
539,27,56
540,27,56
541,27,56
542,27,56
543,27,56
544,27,56
545,27,56
546,27,56
547,27,56
548,27,56
549,27,56
550,27,56
551,27,56
552,27,56
553,27,56
554,27,40
555,27,31
556,27,88
557,27,3
558,27,17
559,27,4
560,27,8
561,27,8
562,27,40
563,27,88
564,27,40
565,27,94
566,27,91
567,27,4
568,27,8
569,27,54
570,27,54
571,27,40
572,27,88
573,27,91
574,27,88
575,27,9
576,27,88
577,27,31
578,27,8
579,27,14
580,27,54
581,27,17
582,27,7
583,27,8
584,27,9
585,27,88
586,27,88
587,27,43
588,27,31
589,27,88
590,27,17
591,27,40
592,27,40
593,27,4
594,27,36
595,27,31
596,27,7
597,27,7
598,27,2
599,27,9
600,27,36
601,27,6
602,27,40
603,27,2
604,27,2
605,27,36
606,27,7
607,27,7
608,27,91
609,27,4
610,27,54
611,27,7
612,27,56
613,27,56
614,27,36
615,27,91
616,27,43
617,27,88
618,27,7
619,27,40
620,27,94
621,27,43
622,27,43
1,28,3
2,28,3
3,28,3
4,28,3
5,28,3
6,28,3
7,28,3
8,28,3
9,28,3
10,28,3
11,28,3
12,28,3
13,28,3
14,28,3
15,28,3
16,28,3
17,28,3
18,28,3
19,28,3
20,28,3
21,28,11
22,28,3
23,28,3
24,28,3
25,28,3
26,28,3
27,28,3
28,28,7
29,28,7
30,28,7
31,28,3
32,28,7
33,28,7
34,28,7
35,28,7
36,28,7
37,28,7
38,28,7
39,28,7
40,28,8
41,28,7
42,28,31
43,28,1
44,28,7
45,28,7
46,28,7
47,28,7
48,28,7
49,28,7
50,28,7
51,28,7
52,28,7
53,28,7
54,28,7
55,28,7
56,28,7
57,28,91
58,28,91
59,28,91
60,28,91
61,28,91
62,28,91
63,28,91
64,28,91
65,28,91
66,28,91
67,28,91
68,28,91
69,28,91
70,28,91
71,28,91
72,28,91
73,28,91
74,28,91
75,28,91
76,28,91
77,28,91
78,28,91
79,28,91
80,28,91
81,28,91
82,28,94
83,28,94
84,28,94
85,28,94
86,28,94
87,28,94
88,28,94
89,28,94
90,28,94
91,28,9
92,28,94
93,28,94
94,28,94
95,28,94
96,28,94
97,28,94
98,28,94
99,28,94
100,28,94
101,28,8
102,28,94
103,28,94
104,28,9
105,28,94
106,28,94
107,28,94
108,28,94
109,28,36
110,28,9
111,28,36
112,28,6
113,28,36
114,28,36
115,28,36
116,28,36
117,28,36
118,28,36
119,28,36
120,28,36
121,28,36
122,28,36
123,28,36
124,28,36
125,28,36
126,28,36
127,28,36
128,28,36
129,28,36
130,28,36
131,28,1
132,28,36
133,28,36
134,28,36
135,28,36
136,28,8
137,28,36
138,28,36
139,28,36
140,28,8
141,28,8
142,28,8
143,28,8
144,28,8
145,28,8
146,28,8
147,28,8
148,28,8
149,28,8
150,28,8
151,28,8
152,28,8
153,28,31
154,28,8
155,28,8
156,28,8
157,28,8
158,28,8
159,28,8
160,28,7
161,28,8
162,28,1
163,28,8
164,28,8
165,28,8
166,28,7
167,28,17
168,28,8
169,28,8
170,28,8
171,28,9
172,28,9
173,28,9
174,28,9
175,28,9
176,28,9
177,28,9
178,28,9
179,28,9
180,28,9
181,28,9
182,28,9
183,28,9
184,28,9
185,28,9
186,28,9
187,28,9
188,28,9
189,28,9
190,28,9
191,28,9
192,28,9
193,28,9
194,28,9
195,28,9
196,28,9
197,28,9
198,28,31
199,28,31
200,28,8
201,28,31
202,28,31
203,28,31
204,28,31
205,28,31
206,28,31
207,28,31
208,28,31
209,28,11
210,28,31
211,28,31
212,28,31
213,28,31
214,28,31
215,28,31
216,28,31
217,28,31
218,28,31
219,28,31
220,28,31
221,28,31
222,28,31
223,28,31
224,28,31
225,28,31
226,28,11
227,28,11
228,28,11
229,28,11
230,28,11
231,28,11
232,28,11
233,28,11
234,28,11
235,28,11
236,28,11
237,28,11
238,28,43
239,28,11
240,28,11
241,28,31
242,28,11
243,28,11
244,28,11
245,28,11
246,28,11
247,28,11
248,28,11
249,28,11
250,28,54
251,28,54
252,28,54
253,28,54
254,28,54
255,28,54
256,28,54
257,28,54
258,28,54
259,28,40
260,28,2
261,28,54
262,28,54
263,28,54
264,28,54
265,28,54
266,28,54
267,28,40
268,28,54
269,28,54
270,28,54
271,28,54
272,28,54
273,28,88
274,28,88
275,28,88
276,28,88
277,28,88
278,28,88
279,28,88
280,28,88
281,28,88
282,28,88
283,28,88
284,28,88
285,28,88
286,28,88
287,28,88
288,28,88
289,28,88
290,28,88
291,28,88
292,28,88
293,28,88
294,28,88
295,28,88
296,28,88
297,28,88
298,28,88
299,28,88
300,28,40
301,28,40
302,28,40
303,28,40
304,28,40
305,28,40
306,28,40
307,28,40
308,28,40
309,28,40
310,28,40
311,28,40
312,28,40
313,28,40
314,28,40
315,28,40
316,28,40
317,28,40
318,28,40
319,28,40
320,28,40
321,28,40
322,28,40
323,28,40
324,28,40
325,28,1
326,28,2
327,28,2
328,28,36
329,28,2
330,28,2
331,28,2
332,28,2
333,28,2
334,28,2
335,28,2
336,28,2
337,28,2
338,28,2
339,28,2
340,28,88
341,28,2
342,28,2
343,28,2
344,28,2
345,28,2
346,28,2
347,28,2
348,28,2
349,28,2
350,28,14
351,28,14
352,28,14
353,28,14
354,28,14
355,28,14
356,28,14
357,28,14
358,28,14
359,28,14
360,28,14
361,28,14
362,28,14
363,28,14
364,28,14
365,28,14
366,28,14
367,28,14
368,28,14
369,28,14
370,28,14
371,28,14
372,28,14
373,28,14
374,28,14
375,28,14
376,28,14
377,28,14
378,28,14
379,28,14
380,28,14
381,28,14
382,28,14
383,28,14
384,28,43
385,28,2
386,28,43
387,28,43
388,28,43
389,28,43
390,28,43
391,28,43
392,28,43
393,28,43
394,28,43
395,28,43
396,28,43
397,28,43
398,28,43
399,28,43
400,28,43
401,28,6
402,28,43
403,28,6
404,28,43
405,28,4
406,28,43
407,28,43
408,28,43
409,28,43
410,28,43
411,28,43
412,28,1
413,28,1
414,28,1
415,28,1
416,28,1
417,28,1
418,28,1
419,28,1
420,28,1
421,28,1
422,28,1
423,28,1
424,28,1
425,28,1
426,28,1
427,28,1
428,28,1
429,28,1
430,28,1
431,28,1
432,28,1
433,28,1
434,28,1
435,28,1
436,28,1
437,28,1
438,28,1
439,28,1
440,28,1
441,28,1
442,28,4
443,28,4
444,28,4
445,28,4
446,28,4
447,28,4
448,28,4
449,28,4
450,28,4
451,28,4
452,28,3
453,28,4
454,28,4
455,28,6
456,28,4
457,28,4
458,28,4
459,28,4
460,28,4
461,28,4
462,28,4
463,28,4
464,28,4
465,28,4
466,28,4
467,28,17
468,28,17
469,28,17
470,28,17
471,28,17
472,28,17
473,28,17
474,28,17
475,28,17
476,28,17
477,28,17
478,28,17
479,28,17
480,28,17
481,28,43
482,28,17
483,28,17
484,28,17
485,28,17
486,28,17
487,28,17
488,28,17
489,28,17
490,28,17
491,28,17
492,28,9
493,28,17
494,28,6
495,28,6
496,28,6
497,28,6
498,28,6
499,28,6
500,28,6
501,28,6
502,28,6
503,28,6
504,28,36
505,28,6
506,28,6
507,28,6
508,28,6
509,28,6
510,28,6
511,28,6
512,28,6
513,28,6
514,28,6
515,28,6
516,28,6
517,28,6
518,28,6
519,28,6
520,28,6
521,28,6
522,28,6
523,28,6
524,28,6
525,28,6
526,28,6
527,28,6
528,28,6
529,28,56
530,28,56
531,28,56
532,28,56
533,28,56
534,28,56
535,28,56
536,28,56
537,28,56
538,28,56
539,28,56
540,28,56
541,28,56
542,28,56
543,28,56
544,28,56
545,28,56
546,28,56
547,28,56
548,28,56
549,28,56
550,28,56
551,28,56
552,28,56
553,28,56
554,28,40
555,28,31
556,28,88
557,28,3
558,28,17
559,28,4
560,28,8
561,28,8
562,28,40
563,28,88
564,28,40
565,28,94
566,28,91
567,28,4
568,28,8
569,28,54
570,28,54
571,28,40
572,28,88
573,28,91
574,28,88
575,28,9
576,28,88
577,28,31
578,28,8
579,28,14
580,28,54
581,28,17
582,28,7
583,28,8
584,28,9
585,28,88
586,28,88
587,28,43
588,28,31
589,28,88
590,28,17
591,28,40
592,28,40
593,28,4
594,28,36
595,28,31
596,28,7
597,28,7
598,28,2
599,28,9
600,28,36
601,28,6
602,28,40
603,28,2
604,28,2
605,28,36
606,28,7
607,28,7
608,28,91
609,28,4
610,28,54
611,28,7
612,28,56
613,28,56
614,28,36
615,28,91
616,28,43
617,28,88
618,28,7
619,28,40
620,28,94
621,28,43
622,28,43
1,29,3
2,29,3
3,29,3
4,29,3
5,29,3
6,29,3
7,29,3
8,29,3
9,29,3
10,29,3
11,29,3
12,29,3
13,29,3
14,29,3
15,29,3
16,29,3
17,29,3
18,29,3
19,29,3
20,29,3
21,29,11
22,29,3
23,29,3
24,29,3
25,29,3
26,29,3
27,29,3
28,29,7
29,29,7
30,29,7
31,29,3
32,29,7
33,29,7
34,29,7
35,29,7
36,29,7
37,29,7
38,29,7
39,29,7
40,29,8
41,29,7
42,29,31
43,29,1
44,29,7
45,29,7
46,29,7
47,29,7
48,29,7
49,29,7
50,29,7
51,29,7
52,29,7
53,29,7
54,29,7
55,29,7
56,29,7
57,29,91
58,29,91
59,29,91
60,29,91
61,29,91
62,29,91
63,29,91
64,29,91
65,29,91
66,29,91
67,29,91
68,29,91
69,29,91
70,29,91
71,29,91
72,29,91
73,29,91
74,29,91
75,29,91
76,29,91
77,29,91
78,29,91
79,29,91
80,29,91
81,29,91
82,29,94
83,29,94
84,29,94
85,29,94
86,29,94
87,29,94
88,29,94
89,29,94
90,29,94
91,29,9
92,29,94
93,29,94
94,29,94
95,29,94
96,29,94
97,29,94
98,29,94
99,29,94
100,29,94
101,29,8
102,29,94
103,29,94
104,29,9
105,29,94
106,29,94
107,29,94
108,29,94
109,29,36
110,29,9
111,29,36
112,29,6
113,29,36
114,29,36
115,29,36
116,29,36
117,29,36
118,29,36
119,29,36
120,29,36
121,29,36
122,29,36
123,29,36
124,29,36
125,29,36
126,29,36
127,29,36
128,29,36
129,29,36
130,29,36
131,29,1
132,29,36
133,29,36
134,29,36
135,29,36
136,29,8
137,29,36
138,29,36
139,29,36
140,29,8
141,29,8
142,29,8
143,29,8
144,29,8
145,29,8
146,29,8
147,29,8
148,29,8
149,29,8
150,29,8
151,29,8
152,29,8
153,29,31
154,29,8
155,29,8
156,29,8
157,29,8
158,29,8
159,29,8
160,29,7
161,29,8
162,29,1
163,29,8
164,29,8
165,29,8
166,29,7
167,29,17
168,29,8
169,29,8
170,29,8
171,29,9
172,29,9
173,29,9
174,29,9
175,29,9
176,29,9
177,29,9
178,29,9
179,29,9
180,29,9
181,29,9
182,29,9
183,29,9
184,29,9
185,29,9
186,29,9
187,29,9
188,29,9
189,29,9
190,29,9
191,29,9
192,29,9
193,29,9
194,29,9
195,29,9
196,29,9
197,29,9
198,29,31
199,29,31
200,29,8
201,29,31
202,29,31
203,29,31
204,29,31
205,29,31
206,29,31
207,29,31
208,29,31
209,29,11
210,29,31
211,29,31
212,29,31
213,29,31
214,29,31
215,29,31
216,29,31
217,29,31
218,29,31
219,29,31
220,29,31
221,29,31
222,29,31
223,29,31
224,29,31
225,29,31
226,29,11
227,29,11
228,29,11
229,29,11
230,29,11
231,29,11
232,29,11
233,29,11
234,29,11
235,29,11
236,29,11
237,29,11
238,29,43
239,29,11
240,29,11
241,29,31
242,29,11
243,29,11
244,29,11
245,29,11
246,29,11
247,29,11
248,29,11
249,29,11
250,29,54
251,29,54
252,29,54
253,29,54
254,29,54
255,29,54
256,29,54
257,29,54
258,29,54
259,29,40
260,29,2
261,29,54
262,29,54
263,29,54
264,29,54
265,29,54
266,29,54
267,29,40
268,29,54
269,29,54
270,29,54
271,29,54
272,29,54
273,29,88
274,29,88
275,29,88
276,29,88
277,29,88
278,29,88
279,29,88
280,29,88
281,29,88
282,29,88
283,29,88
284,29,88
285,29,88
286,29,88
287,29,88
288,29,88
289,29,88
290,29,88
291,29,88
292,29,88
293,29,88
294,29,88
295,29,88
296,29,88
297,29,88
298,29,88
299,29,88
300,29,40
301,29,40
302,29,40
303,29,40
304,29,40
305,29,40
306,29,40
307,29,40
308,29,40
309,29,40
310,29,40
311,29,40
312,29,40
313,29,40
314,29,40
315,29,40
316,29,40
317,29,40
318,29,40
319,29,40
320,29,40
321,29,40
322,29,40
323,29,40
324,29,40
325,29,1
326,29,2
327,29,2
328,29,36
329,29,2
330,29,2
331,29,2
332,29,2
333,29,2
334,29,2
335,29,2
336,29,2
337,29,2
338,29,2
339,29,2
340,29,88
341,29,2
342,29,2
343,29,2
344,29,2
345,29,2
346,29,2
347,29,2
348,29,2
349,29,2
350,29,14
351,29,14
352,29,14
353,29,14
354,29,14
355,29,14
356,29,14
357,29,14
358,29,14
359,29,14
360,29,14
361,29,14
362,29,14
363,29,14
364,29,14
365,29,14
366,29,14
367,29,14
368,29,14
369,29,14
370,29,14
371,29,14
372,29,14
373,29,14
374,29,14
375,29,14
376,29,14
377,29,14
378,29,14
379,29,14
380,29,14
381,29,14
382,29,14
383,29,14
384,29,43
385,29,2
386,29,43
387,29,43
388,29,43
389,29,43
390,29,43
391,29,43
392,29,43
393,29,43
394,29,43
395,29,43
396,29,43
397,29,43
398,29,43
399,29,43
400,29,43
401,29,6
402,29,43
403,29,6
404,29,43
405,29,4
406,29,43
407,29,43
408,29,43
409,29,43
410,29,43
411,29,43
412,29,1
413,29,1
414,29,1
415,29,1
416,29,1
417,29,1
418,29,1
419,29,1
420,29,1
421,29,1
422,29,1
423,29,1
424,29,1
425,29,1
426,29,1
427,29,1
428,29,1
429,29,1
430,29,1
431,29,1
432,29,1
433,29,1
434,29,1
435,29,1
436,29,1
437,29,1
438,29,1
439,29,1
440,29,1
441,29,1
442,29,4
443,29,4
444,29,4
445,29,4
446,29,4
447,29,4
448,29,4
449,29,4
450,29,4
451,29,4
452,29,3
453,29,4
454,29,4
455,29,6
456,29,4
457,29,4
458,29,4
459,29,4
460,29,4
461,29,4
462,29,4
463,29,4
464,29,4
465,29,4
466,29,4
467,29,17
468,29,17
469,29,17
470,29,17
471,29,17
472,29,17
473,29,17
474,29,17
475,29,17
476,29,17
477,29,17
478,29,17
479,29,17
480,29,17
481,29,43
482,29,17
483,29,17
484,29,17
485,29,17
486,29,17
487,29,17
488,29,17
489,29,17
490,29,17
491,29,17
492,29,9
493,29,17
494,29,6
495,29,6
496,29,6
497,29,6
498,29,6
499,29,6
500,29,6
501,29,6
502,29,6
503,29,6
504,29,36
505,29,6
506,29,6
507,29,6
508,29,6
509,29,6
510,29,6
511,29,6
512,29,6
513,29,6
514,29,6
515,29,6
516,29,6
517,29,6
518,29,6
519,29,6
520,29,6
521,29,6
522,29,6
523,29,6
524,29,6
525,29,6
526,29,6
527,29,6
528,29,6
529,29,56
530,29,56
531,29,56
532,29,56
533,29,56
534,29,56
535,29,56
536,29,56
537,29,56
538,29,56
539,29,56
540,29,56
541,29,56
542,29,56
543,29,56
544,29,56
545,29,56
546,29,56
547,29,56
548,29,56
549,29,56
550,29,56
551,29,56
552,29,56
553,29,56
554,29,40
555,29,31
556,29,88
557,29,3
558,29,17
559,29,4
560,29,8
561,29,8
562,29,40
563,29,88
564,29,40
565,29,94
566,29,91
567,29,4
568,29,8
569,29,54
570,29,54
571,29,40
572,29,88
573,29,91
574,29,88
575,29,9
576,29,88
577,29,31
578,29,8
579,29,14
580,29,54
581,29,17
582,29,7
583,29,8
584,29,9
585,29,88
586,29,88
587,29,43
588,29,31
589,29,88
590,29,17
591,29,40
592,29,40
593,29,4
594,29,36
595,29,31
596,29,7
597,29,7
598,29,2
599,29,9
600,29,36
601,29,6
602,29,40
603,29,2
604,29,2
605,29,36
606,29,7
607,29,7
608,29,91
609,29,4
610,29,54
611,29,7
612,29,56
613,29,56
614,29,36
615,29,91
616,29,43
617,29,88
618,29,7
619,29,40
620,29,94
621,29,43
622,29,43
1,30,3
2,30,3
3,30,3
4,30,3
5,30,3
6,30,3
7,30,3
8,30,3
9,30,3
10,30,3
11,30,3
12,30,3
13,30,3
14,30,3
15,30,3
16,30,3
17,30,3
18,30,3
19,30,3
20,30,3
21,30,11
22,30,3
23,30,3
24,30,3
25,30,3
26,30,3
27,30,3
28,30,7
29,30,7
30,30,7
31,30,3
32,30,7
33,30,7
34,30,7
35,30,7
36,30,7
37,30,7
38,30,7
39,30,7
40,30,8
41,30,7
42,30,31
43,30,1
44,30,7
45,30,7
46,30,7
47,30,7
48,30,7
49,30,7
50,30,7
51,30,7
52,30,7
53,30,7
54,30,7
55,30,7
56,30,7
57,30,91
58,30,91
59,30,91
60,30,91
61,30,91
62,30,91
63,30,91
64,30,91
65,30,91
66,30,91
67,30,91
68,30,91
69,30,91
70,30,91
71,30,91
72,30,91
73,30,91
74,30,91
75,30,91
76,30,91
77,30,91
78,30,91
79,30,91
80,30,91
81,30,91
82,30,94
83,30,94
84,30,94
85,30,94
86,30,94
87,30,94
88,30,94
89,30,94
90,30,94
91,30,9
92,30,94
93,30,94
94,30,94
95,30,94
96,30,94
97,30,94
98,30,94
99,30,94
100,30,94
101,30,8
102,30,94
103,30,94
104,30,9
105,30,94
106,30,94
107,30,94
108,30,94
109,30,36
110,30,9
111,30,36
112,30,6
113,30,36
114,30,36
115,30,36
116,30,36
117,30,36
118,30,36
119,30,36
120,30,36
121,30,36
122,30,36
123,30,36
124,30,36
125,30,36
126,30,36
127,30,36
128,30,36
129,30,36
130,30,36
131,30,1
132,30,36
133,30,36
134,30,36
135,30,36
136,30,8
137,30,36
138,30,36
139,30,36
140,30,8
141,30,8
142,30,8
143,30,8
144,30,8
145,30,8
146,30,8
147,30,8
148,30,8
149,30,8
150,30,8
151,30,8
152,30,8
153,30,31
154,30,8
155,30,8
156,30,8
157,30,8
158,30,8
159,30,8
160,30,7
161,30,8
162,30,1
163,30,8
164,30,8
165,30,8
166,30,7
167,30,17
168,30,8
169,30,8
170,30,8
171,30,9
172,30,9
173,30,9
174,30,9
175,30,9
176,30,9
177,30,9
178,30,9
179,30,9
180,30,9
181,30,9
182,30,9
183,30,9
184,30,9
185,30,9
186,30,9
187,30,9
188,30,9
189,30,9
190,30,9
191,30,9
192,30,9
193,30,9
194,30,9
195,30,9
196,30,9
197,30,9
198,30,31
199,30,31
200,30,8
201,30,31
202,30,31
203,30,31
204,30,31
205,30,31
206,30,31
207,30,31
208,30,31
209,30,11
210,30,31
211,30,31
212,30,31
213,30,31
214,30,31
215,30,31
216,30,31
217,30,31
218,30,31
219,30,31
220,30,31
221,30,31
222,30,31
223,30,31
224,30,31
225,30,31
226,30,11
227,30,11
228,30,11
229,30,11
230,30,11
231,30,11
232,30,11
233,30,11
234,30,11
235,30,11
236,30,11
237,30,11
238,30,43
239,30,11
240,30,11
241,30,31
242,30,11
243,30,11
244,30,11
245,30,11
246,30,11
247,30,11
248,30,11
249,30,11
250,30,54
251,30,54
252,30,54
253,30,54
254,30,54
255,30,54
256,30,54
257,30,54
258,30,54
259,30,40
260,30,2
261,30,54
262,30,54
263,30,54
264,30,54
265,30,54
266,30,54
267,30,40
268,30,54
269,30,54
270,30,54
271,30,54
272,30,54
273,30,88
274,30,88
275,30,88
276,30,88
277,30,88
278,30,88
279,30,88
280,30,88
281,30,88
282,30,88
283,30,88
284,30,88
285,30,88
286,30,88
287,30,88
288,30,88
289,30,88
290,30,88
291,30,88
292,30,88
293,30,88
294,30,88
295,30,88
296,30,88
297,30,88
298,30,88
299,30,88
300,30,40
301,30,40
302,30,40
303,30,40
304,30,40
305,30,40
306,30,40
307,30,40
308,30,40
309,30,40
310,30,40
311,30,40
312,30,40
313,30,40
314,30,40
315,30,40
316,30,40
317,30,40
318,30,40
319,30,40
320,30,40
321,30,40
322,30,40
323,30,40
324,30,40
325,30,1
326,30,2
327,30,2
328,30,36
329,30,2
330,30,2
331,30,2
332,30,2
333,30,2
334,30,2
335,30,2
336,30,2
337,30,2
338,30,2
339,30,2
340,30,88
341,30,2
342,30,2
343,30,2
344,30,2
345,30,2
346,30,2
347,30,2
348,30,2
349,30,2
350,30,14
351,30,14
352,30,14
353,30,14
354,30,14
355,30,14
356,30,14
357,30,14
358,30,14
359,30,14
360,30,14
361,30,14
362,30,14
363,30,14
364,30,14
365,30,14
366,30,14
367,30,14
368,30,14
369,30,14
370,30,14
371,30,14
372,30,14
373,30,14
374,30,14
375,30,14
376,30,14
377,30,14
378,30,14
379,30,14
380,30,14
381,30,14
382,30,14
383,30,14
384,30,43
385,30,2
386,30,43
387,30,43
388,30,43
389,30,43
390,30,43
391,30,43
392,30,43
393,30,43
394,30,43
395,30,43
396,30,43
397,30,43
398,30,43
399,30,43
400,30,43
401,30,6
402,30,43
403,30,6
404,30,43
405,30,4
406,30,43
407,30,43
408,30,43
409,30,43
410,30,43
411,30,43
412,30,1
413,30,1
414,30,1
415,30,1
416,30,1
417,30,1
418,30,1
419,30,1
420,30,1
421,30,1
422,30,1
423,30,1
424,30,1
425,30,1
426,30,1
427,30,1
428,30,1
429,30,1
430,30,1
431,30,1
432,30,1
433,30,1
434,30,1
435,30,1
436,30,1
437,30,1
438,30,1
439,30,1
440,30,1
441,30,1
442,30,4
443,30,4
444,30,4
445,30,4
446,30,4
447,30,4
448,30,4
449,30,4
450,30,4
451,30,4
452,30,3
453,30,4
454,30,4
455,30,6
456,30,4
457,30,4
458,30,4
459,30,4
460,30,4
461,30,4
462,30,4
463,30,4
464,30,4
465,30,4
466,30,4
467,30,17
468,30,17
469,30,17
470,30,17
471,30,17
472,30,17
473,30,17
474,30,17
475,30,17
476,30,17
477,30,17
478,30,17
479,30,17
480,30,17
481,30,43
482,30,17
483,30,17
484,30,17
485,30,17
486,30,17
487,30,17
488,30,17
489,30,17
490,30,17
491,30,17
492,30,9
493,30,17
494,30,6
495,30,6
496,30,6
497,30,6
498,30,6
499,30,6
500,30,6
501,30,6
502,30,6
503,30,6
504,30,36
505,30,6
506,30,6
507,30,6
508,30,6
509,30,6
510,30,6
511,30,6
512,30,6
513,30,6
514,30,6
515,30,6
516,30,6
517,30,6
518,30,6
519,30,6
520,30,6
521,30,6
522,30,6
523,30,6
524,30,6
525,30,6
526,30,6
527,30,6
528,30,6
529,30,56
530,30,56
531,30,56
532,30,56
533,30,56
534,30,56
535,30,56
536,30,56
537,30,56
538,30,56
539,30,56
540,30,56
541,30,56
542,30,56
543,30,56
544,30,56
545,30,56
546,30,56
547,30,56
548,30,56
549,30,56
550,30,56
551,30,56
552,30,56
553,30,56
554,30,40
555,30,31
556,30,88
557,30,3
558,30,17
559,30,4
560,30,8
561,30,8
562,30,40
563,30,88
564,30,40
565,30,94
566,30,91
567,30,4
568,30,8
569,30,54
570,30,54
571,30,40
572,30,88
573,30,91
574,30,88
575,30,9
576,30,88
577,30,31
578,30,8
579,30,14
580,30,54
581,30,17
582,30,7
583,30,8
584,30,9
585,30,88
586,30,88
587,30,43
588,30,31
589,30,88
590,30,17
591,30,40
592,30,40
593,30,4
594,30,36
595,30,31
596,30,7
597,30,7
598,30,2
599,30,9
600,30,36
601,30,6
602,30,40
603,30,2
604,30,2
605,30,36
606,30,7
607,30,7
608,30,91
609,30,4
610,30,54
611,30,7
612,30,56
613,30,56
614,30,36
615,30,91
616,30,43
617,30,88
618,30,7
619,30,40
620,30,94
621,30,43
622,30,43
1,31,3
2,31,3
3,31,3
4,31,3
5,31,3
6,31,3
7,31,3
8,31,3
9,31,3
10,31,3
11,31,3
12,31,3
13,31,3
14,31,3
15,31,3
16,31,3
17,31,3
18,31,3
19,31,3
20,31,3
21,31,11
22,31,3
23,31,3
24,31,3
25,31,3
26,31,3
27,31,3
28,31,7
29,31,7
30,31,7
31,31,3
32,31,7
33,31,7
34,31,7
35,31,7
36,31,7
37,31,7
38,31,7
39,31,7
40,31,8
41,31,7
42,31,31
43,31,1
44,31,7
45,31,7
46,31,7
47,31,7
48,31,7
49,31,7
50,31,7
51,31,7
52,31,7
53,31,7
54,31,7
55,31,7
56,31,7
57,31,91
58,31,91
59,31,91
60,31,91
61,31,91
62,31,91
63,31,91
64,31,91
65,31,91
66,31,91
67,31,91
68,31,91
69,31,91
70,31,91
71,31,91
72,31,91
73,31,91
74,31,91
75,31,91
76,31,91
77,31,91
78,31,91
79,31,91
80,31,91
81,31,91
82,31,94
83,31,94
84,31,94
85,31,94
86,31,94
87,31,94
88,31,94
89,31,94
90,31,94
91,31,9
92,31,94
93,31,94
94,31,94
95,31,94
96,31,94
97,31,94
98,31,94
99,31,94
100,31,94
101,31,8
102,31,94
103,31,94
104,31,9
105,31,94
106,31,94
107,31,94
108,31,94
109,31,36
110,31,9
111,31,36
112,31,6
113,31,36
114,31,36
115,31,36
116,31,36
117,31,36
118,31,36
119,31,36
120,31,36
121,31,36
122,31,36
123,31,36
124,31,36
125,31,36
126,31,36
127,31,36
128,31,36
129,31,36
130,31,36
131,31,1
132,31,36
133,31,36
134,31,36
135,31,36
136,31,8
137,31,36
138,31,36
139,31,36
140,31,8
141,31,8
142,31,8
143,31,8
144,31,8
145,31,8
146,31,8
147,31,8
148,31,8
149,31,8
150,31,8
151,31,8
152,31,8
153,31,31
154,31,8
155,31,8
156,31,8
157,31,8
158,31,8
159,31,8
160,31,7
161,31,8
162,31,1
163,31,8
164,31,8
165,31,8
166,31,7
167,31,17
168,31,8
169,31,8
170,31,8
171,31,9
172,31,9
173,31,9
174,31,9
175,31,9
176,31,9
177,31,9
178,31,9
179,31,9
180,31,9
181,31,9
182,31,9
183,31,9
184,31,9
185,31,9
186,31,9
187,31,9
188,31,9
189,31,9
190,31,9
191,31,9
192,31,9
193,31,9
194,31,9
195,31,9
196,31,9
197,31,9
198,31,31
199,31,31
200,31,8
201,31,31
202,31,31
203,31,31
204,31,31
205,31,31
206,31,31
207,31,31
208,31,31
209,31,11
210,31,31
211,31,31
212,31,31
213,31,31
214,31,31
215,31,31
216,31,31
217,31,31
218,31,31
219,31,31
220,31,31
221,31,31
222,31,31
223,31,31
224,31,31
225,31,31
226,31,11
227,31,11
228,31,11
229,31,11
230,31,11
231,31,11
232,31,11
233,31,11
234,31,11
235,31,11
236,31,11
237,31,11
238,31,43
239,31,11
240,31,11
241,31,31
242,31,11
243,31,11
244,31,11
245,31,11
246,31,11
247,31,11
248,31,11
249,31,11
250,31,54
251,31,54
252,31,54
253,31,54
254,31,54
255,31,54
256,31,54
257,31,54
258,31,54
259,31,40
260,31,2
261,31,54
262,31,54
263,31,54
264,31,54
265,31,54
266,31,54
267,31,40
268,31,54
269,31,54
270,31,54
271,31,54
272,31,54
273,31,88
274,31,88
275,31,88
276,31,88
277,31,88
278,31,88
279,31,88
280,31,88
281,31,88
282,31,88
283,31,88
284,31,88
285,31,88
286,31,88
287,31,88
288,31,88
289,31,88
290,31,88
291,31,88
292,31,88
293,31,88
294,31,88
295,31,88
296,31,88
297,31,88
298,31,88
299,31,88
300,31,40
301,31,40
302,31,40
303,31,40
304,31,40
305,31,40
306,31,40
307,31,40
308,31,40
309,31,40
310,31,40
311,31,40
312,31,40
313,31,40
314,31,40
315,31,40
316,31,40
317,31,40
318,31,40
319,31,40
320,31,40
321,31,40
322,31,40
323,31,40
324,31,40
325,31,1
326,31,2
327,31,2
328,31,36
329,31,2
330,31,2
331,31,2
332,31,2
333,31,2
334,31,2
335,31,2
336,31,2
337,31,2
338,31,2
339,31,2
340,31,88
341,31,2
342,31,2
343,31,2
344,31,2
345,31,2
346,31,2
347,31,2
348,31,2
349,31,2
350,31,14
351,31,14
352,31,14
353,31,14
354,31,14
355,31,14
356,31,14
357,31,14
358,31,14
359,31,14
360,31,14
361,31,14
362,31,14
363,31,14
364,31,14
365,31,14
366,31,14
367,31,14
368,31,14
369,31,14
370,31,14
371,31,14
372,31,14
373,31,14
374,31,14
375,31,14
376,31,14
377,31,14
378,31,14
379,31,14
380,31,14
381,31,14
382,31,14
383,31,14
384,31,43
385,31,2
386,31,43
387,31,43
388,31,43
389,31,43
390,31,43
391,31,43
392,31,43
393,31,43
394,31,43
395,31,43
396,31,43
397,31,43
398,31,43
399,31,43
400,31,43
401,31,6
402,31,43
403,31,6
404,31,43
405,31,4
406,31,43
407,31,43
408,31,43
409,31,43
410,31,43
411,31,43
412,31,1
413,31,1
414,31,1
415,31,1
416,31,1
417,31,1
418,31,1
419,31,1
420,31,1
421,31,1
422,31,1
423,31,1
424,31,1
425,31,1
426,31,1
427,31,1
428,31,1
429,31,1
430,31,1
431,31,1
432,31,1
433,31,1
434,31,1
435,31,1
436,31,1
437,31,1
438,31,1
439,31,1
440,31,1
441,31,1
442,31,4
443,31,4
444,31,4
445,31,4
446,31,4
447,31,4
448,31,4
449,31,4
450,31,4
451,31,4
452,31,3
453,31,4
454,31,4
455,31,6
456,31,4
457,31,4
458,31,4
459,31,4
460,31,4
461,31,4
462,31,4
463,31,4
464,31,4
465,31,4
466,31,4
467,31,17
468,31,17
469,31,17
470,31,17
471,31,17
472,31,17
473,31,17
474,31,17
475,31,17
476,31,17
477,31,17
478,31,17
479,31,17
480,31,17
481,31,43
482,31,17
483,31,17
484,31,17
485,31,17
486,31,17
487,31,17
488,31,17
489,31,17
490,31,17
491,31,17
492,31,9
493,31,17
494,31,6
495,31,6
496,31,6
497,31,6
498,31,6
499,31,6
500,31,6
501,31,6
502,31,6
503,31,6
504,31,36
505,31,6
506,31,6
507,31,6
508,31,6
509,31,6
510,31,6
511,31,6
512,31,6
513,31,6
514,31,6
515,31,6
516,31,6
517,31,6
518,31,6
519,31,6
520,31,6
521,31,6
522,31,6
523,31,6
524,31,6
525,31,6
526,31,6
527,31,6
528,31,6
529,31,56
530,31,56
531,31,56
532,31,56
533,31,56
534,31,56
535,31,56
536,31,56
537,31,56
538,31,56
539,31,56
540,31,56
541,31,56
542,31,56
543,31,56
544,31,56
545,31,56
546,31,56
547,31,56
548,31,56
549,31,56
550,31,56
551,31,56
552,31,56
553,31,56
554,31,40
555,31,31
556,31,88
557,31,3
558,31,17
559,31,4
560,31,8
561,31,8
562,31,40
563,31,88
564,31,40
565,31,94
566,31,91
567,31,4
568,31,8
569,31,54
570,31,54
571,31,40
572,31,88
573,31,91
574,31,88
575,31,9
576,31,88
577,31,31
578,31,8
579,31,14
580,31,54
581,31,17
582,31,7
583,31,8
584,31,9
585,31,88
586,31,88
587,31,43
588,31,31
589,31,88
590,31,17
591,31,40
592,31,40
593,31,4
594,31,36
595,31,31
596,31,7
597,31,7
598,31,2
599,31,9
600,31,36
601,31,6
602,31,40
603,31,2
604,31,2
605,31,36
606,31,7
607,31,7
608,31,91
609,31,4
610,31,54
611,31,7
612,31,56
613,31,56
614,31,36
615,31,91
616,31,43
617,31,88
618,31,7
619,31,40
620,31,94
621,31,43
622,31,43
1,32,3
2,32,3
3,32,3
4,32,3
5,32,3
6,32,3
7,32,3
8,32,3
9,32,3
10,32,3
11,32,3
12,32,3
13,32,3
14,32,3
15,32,3
16,32,3
17,32,3
18,32,3
19,32,3
20,32,3
21,32,11
22,32,3
23,32,3
24,32,3
25,32,3
26,32,3
27,32,3
28,32,7
29,32,7
30,32,7
31,32,3
32,32,7
33,32,7
34,32,7
35,32,7
36,32,7
37,32,7
38,32,7
39,32,7
40,32,8
41,32,7
42,32,31
43,32,1
44,32,7
45,32,7
46,32,7
47,32,7
48,32,7
49,32,7
50,32,7
51,32,7
52,32,7
53,32,7
54,32,7
55,32,7
56,32,7
57,32,91
58,32,91
59,32,91
60,32,91
61,32,91
62,32,91
63,32,91
64,32,91
65,32,91
66,32,91
67,32,91
68,32,91
69,32,91
70,32,91
71,32,91
72,32,91
73,32,91
74,32,91
75,32,91
76,32,91
77,32,91
78,32,91
79,32,91
80,32,91
81,32,91
82,32,94
83,32,94
84,32,94
85,32,94
86,32,94
87,32,94
88,32,94
89,32,94
90,32,94
91,32,9
92,32,94
93,32,94
94,32,94
95,32,94
96,32,94
97,32,94
98,32,94
99,32,94
100,32,94
101,32,8
102,32,94
103,32,94
104,32,9
105,32,94
106,32,94
107,32,94
108,32,94
109,32,36
110,32,9
111,32,36
112,32,6
113,32,36
114,32,36
115,32,36
116,32,36
117,32,36
118,32,36
119,32,36
120,32,36
121,32,36
122,32,36
123,32,36
124,32,36
125,32,36
126,32,36
127,32,36
128,32,36
129,32,36
130,32,36
131,32,1
132,32,36
133,32,36
134,32,36
135,32,36
136,32,8
137,32,36
138,32,36
139,32,36
140,32,8
141,32,8
142,32,8
143,32,8
144,32,8
145,32,8
146,32,8
147,32,8
148,32,8
149,32,8
150,32,8
151,32,8
152,32,8
153,32,31
154,32,8
155,32,8
156,32,8
157,32,8
158,32,8
159,32,8
160,32,7
161,32,8
162,32,1
163,32,8
164,32,8
165,32,8
166,32,7
167,32,17
168,32,8
169,32,8
170,32,8
171,32,9
172,32,9
173,32,9
174,32,9
175,32,9
176,32,9
177,32,9
178,32,9
179,32,9
180,32,9
181,32,9
182,32,9
183,32,9
184,32,9
185,32,9
186,32,9
187,32,9
188,32,9
189,32,9
190,32,9
191,32,9
192,32,9
193,32,9
194,32,9
195,32,9
196,32,9
197,32,9
198,32,31
199,32,31
200,32,8
201,32,31
202,32,31
203,32,31
204,32,31
205,32,31
206,32,31
207,32,31
208,32,31
209,32,11
210,32,31
211,32,31
212,32,31
213,32,31
214,32,31
215,32,31
216,32,31
217,32,31
218,32,31
219,32,31
220,32,31
221,32,31
222,32,31
223,32,31
224,32,31
225,32,31
226,32,11
227,32,11
228,32,11
229,32,11
230,32,11
231,32,11
232,32,11
233,32,11
234,32,11
235,32,11
236,32,11
237,32,11
238,32,43
239,32,11
240,32,11
241,32,31
242,32,11
243,32,11
244,32,11
245,32,11
246,32,11
247,32,11
248,32,11
249,32,11
250,32,54
251,32,54
252,32,54
253,32,54
254,32,54
255,32,54
256,32,54
257,32,54
258,32,54
259,32,40
260,32,2
261,32,54
262,32,54
263,32,54
264,32,54
265,32,54
266,32,54
267,32,40
268,32,54
269,32,54
270,32,54
271,32,54
272,32,54
273,32,88
274,32,88
275,32,88
276,32,88
277,32,88
278,32,88
279,32,88
280,32,88
281,32,88
282,32,88
283,32,88
284,32,88
285,32,88
286,32,88
287,32,88
288,32,88
289,32,88
290,32,88
291,32,88
292,32,88
293,32,88
294,32,88
295,32,88
296,32,88
297,32,88
298,32,88
299,32,88
300,32,40
301,32,40
302,32,40
303,32,40
304,32,40
305,32,40
306,32,40
307,32,40
308,32,40
309,32,40
310,32,40
311,32,40
312,32,40
313,32,40
314,32,40
315,32,40
316,32,40
317,32,40
318,32,40
319,32,40
320,32,40
321,32,40
322,32,40
323,32,40
324,32,40
325,32,1
326,32,2
327,32,2
328,32,36
329,32,2
330,32,2
331,32,2
332,32,2
333,32,2
334,32,2
335,32,2
336,32,2
337,32,2
338,32,2
339,32,2
340,32,88
341,32,2
342,32,2
343,32,2
344,32,2
345,32,2
346,32,2
347,32,2
348,32,2
349,32,2
350,32,14
351,32,14
352,32,14
353,32,14
354,32,14
355,32,14
356,32,14
357,32,14
358,32,14
359,32,14
360,32,14
361,32,14
362,32,14
363,32,14
364,32,14
365,32,14
366,32,14
367,32,14
368,32,14
369,32,14
370,32,14
371,32,14
372,32,14
373,32,14
374,32,14
375,32,14
376,32,14
377,32,14
378,32,14
379,32,14
380,32,14
381,32,14
382,32,14
383,32,14
384,32,43
385,32,2
386,32,43
387,32,43
388,32,43
389,32,43
390,32,43
391,32,43
392,32,43
393,32,43
394,32,43
395,32,43
396,32,43
397,32,43
398,32,43
399,32,43
400,32,43
401,32,6
402,32,43
403,32,6
404,32,43
405,32,4
406,32,43
407,32,43
408,32,43
409,32,43
410,32,43
411,32,43
412,32,1
413,32,1
414,32,1
415,32,1
416,32,1
417,32,1
418,32,1
419,32,1
420,32,1
421,32,1
422,32,1
423,32,1
424,32,1
425,32,1
426,32,1
427,32,1
428,32,1
429,32,1
430,32,1
431,32,1
432,32,1
433,32,1
434,32,1
435,32,1
436,32,1
437,32,1
438,32,1
439,32,1
440,32,1
441,32,1
442,32,4
443,32,4
444,32,4
445,32,4
446,32,4
447,32,4
448,32,4
449,32,4
450,32,4
451,32,4
452,32,3
453,32,4
454,32,4
455,32,6
456,32,4
457,32,4
458,32,4
459,32,4
460,32,4
461,32,4
462,32,4
463,32,4
464,32,4
465,32,4
466,32,4
467,32,17
468,32,17
469,32,17
470,32,17
471,32,17
472,32,17
473,32,17
474,32,17
475,32,17
476,32,17
477,32,17
478,32,17
479,32,17
480,32,17
481,32,43
482,32,17
483,32,17
484,32,17
485,32,17
486,32,17
487,32,17
488,32,17
489,32,17
490,32,17
491,32,17
492,32,9
493,32,17
494,32,6
495,32,6
496,32,6
497,32,6
498,32,6
499,32,6
500,32,6
501,32,6
502,32,6
503,32,6
504,32,36
505,32,6
506,32,6
507,32,6
508,32,6
509,32,6
510,32,6
511,32,6
512,32,6
513,32,6
514,32,6
515,32,6
516,32,6
517,32,6
518,32,6
519,32,6
520,32,6
521,32,6
522,32,6
523,32,6
524,32,6
525,32,6
526,32,6
527,32,6
528,32,6
529,32,56
530,32,56
531,32,56
532,32,56
533,32,56
534,32,56
535,32,56
536,32,56
537,32,56
538,32,56
539,32,56
540,32,56
541,32,56
542,32,56
543,32,56
544,32,56
545,32,56
546,32,56
547,32,56
548,32,56
549,32,56
550,32,56
551,32,56
552,32,56
553,32,56
554,32,40
555,32,31
556,32,88
557,32,3
558,32,17
559,32,4
560,32,8
561,32,8
562,32,40
563,32,88
564,32,40
565,32,94
566,32,91
567,32,4
568,32,8
569,32,54
570,32,54
571,32,40
572,32,88
573,32,91
574,32,88
575,32,9
576,32,88
577,32,31
578,32,8
579,32,14
580,32,54
581,32,17
582,32,7
583,32,8
584,32,9
585,32,88
586,32,88
587,32,43
588,32,31
589,32,88
590,32,17
591,32,40
592,32,40
593,32,4
594,32,36
595,32,31
596,32,7
597,32,7
598,32,2
599,32,9
600,32,36
601,32,6
602,32,40
603,32,2
604,32,2
605,32,36
606,32,7
607,32,7
608,32,91
609,32,4
610,32,54
611,32,7
612,32,56
613,32,56
614,32,36
615,32,91
616,32,43
617,32,88
618,32,7
619,32,40
620,32,94
621,32,43
622,32,43
1,33,3
2,33,3
3,33,3
4,33,3
5,33,3
6,33,3
7,33,3
8,33,3
9,33,3
10,33,3
11,33,3
12,33,3
13,33,3
14,33,3
15,33,3
16,33,3
17,33,3
18,33,3
19,33,3
20,33,3
21,33,11
22,33,3
23,33,3
24,33,3
25,33,3
26,33,3
27,33,3
28,33,7
29,33,7
30,33,7
31,33,3
32,33,7
33,33,7
34,33,7
35,33,7
36,33,7
37,33,7
38,33,7
39,33,7
40,33,8
41,33,7
42,33,31
43,33,1
44,33,7
45,33,7
46,33,7
47,33,7
48,33,7
49,33,7
50,33,7
51,33,7
52,33,7
53,33,7
54,33,7
55,33,7
56,33,7
57,33,91
58,33,91
59,33,91
60,33,91
61,33,91
62,33,91
63,33,91
64,33,91
65,33,91
66,33,91
67,33,91
68,33,91
69,33,91
70,33,91
71,33,91
72,33,91
73,33,91
74,33,91
75,33,91
76,33,91
77,33,91
78,33,91
79,33,91
80,33,91
81,33,91
82,33,94
83,33,94
84,33,94
85,33,94
86,33,94
87,33,94
88,33,94
89,33,94
90,33,94
91,33,9
92,33,94
93,33,94
94,33,94
95,33,94
96,33,94
97,33,94
98,33,94
99,33,94
100,33,94
101,33,8
102,33,94
103,33,94
104,33,9
105,33,94
106,33,94
107,33,94
108,33,94
109,33,36
110,33,9
111,33,36
112,33,6
113,33,36
114,33,36
115,33,36
116,33,36
117,33,36
118,33,36
119,33,36
120,33,36
121,33,36
122,33,36
123,33,36
124,33,36
125,33,36
126,33,36
127,33,36
128,33,36
129,33,36
130,33,36
131,33,1
132,33,36
133,33,36
134,33,36
135,33,36
136,33,8
137,33,36
138,33,36
139,33,36
140,33,8
141,33,8
142,33,8
143,33,8
144,33,8
145,33,8
146,33,8
147,33,8
148,33,8
149,33,8
150,33,8
151,33,8
152,33,8
153,33,31
154,33,8
155,33,8
156,33,8
157,33,8
158,33,8
159,33,8
160,33,7
161,33,8
162,33,1
163,33,8
164,33,8
165,33,8
166,33,7
167,33,17
168,33,8
169,33,8
170,33,8
171,33,9
172,33,9
173,33,9
174,33,9
175,33,9
176,33,9
177,33,9
178,33,9
179,33,9
180,33,9
181,33,9
182,33,9
183,33,9
184,33,9
185,33,9
186,33,9
187,33,9
188,33,9
189,33,9
190,33,9
191,33,9
192,33,9
193,33,9
194,33,9
195,33,9
196,33,9
197,33,9
198,33,31
199,33,31
200,33,8
201,33,31
202,33,31
203,33,31
204,33,31
205,33,31
206,33,31
207,33,31
208,33,31
209,33,11
210,33,31
211,33,31
212,33,31
213,33,31
214,33,31
215,33,31
216,33,31
217,33,31
218,33,31
219,33,31
220,33,31
221,33,31
222,33,31
223,33,31
224,33,31
225,33,31
226,33,11
227,33,11
228,33,11
229,33,11
230,33,11
231,33,11
232,33,11
233,33,11
234,33,11
235,33,11
236,33,11
237,33,11
238,33,43
239,33,11
240,33,11
241,33,31
242,33,11
243,33,11
244,33,11
245,33,11
246,33,11
247,33,11
248,33,11
249,33,11
250,33,54
251,33,54
252,33,54
253,33,54
254,33,54
255,33,54
256,33,54
257,33,54
258,33,54
259,33,40
260,33,2
261,33,54
262,33,54
263,33,54
264,33,54
265,33,54
266,33,54
267,33,40
268,33,54
269,33,54
270,33,54
271,33,54
272,33,54
273,33,88
274,33,88
275,33,88
276,33,88
277,33,88
278,33,88
279,33,88
280,33,88
281,33,88
282,33,88
283,33,88
284,33,88
285,33,88
286,33,88
287,33,88
288,33,88
289,33,88
290,33,88
291,33,88
292,33,88
293,33,88
294,33,88
295,33,88
296,33,88
297,33,88
298,33,88
299,33,88
300,33,40
301,33,40
302,33,40
303,33,40
304,33,40
305,33,40
306,33,40
307,33,40
308,33,40
309,33,40
310,33,40
311,33,40
312,33,40
313,33,40
314,33,40
315,33,40
316,33,40
317,33,40
318,33,40
319,33,40
320,33,40
321,33,40
322,33,40
323,33,40
324,33,40
325,33,1
326,33,2
327,33,2
328,33,36
329,33,2
330,33,2
331,33,2
332,33,2
333,33,2
334,33,2
335,33,2
336,33,2
337,33,2
338,33,2
339,33,2
340,33,88
341,33,2
342,33,2
343,33,2
344,33,2
345,33,2
346,33,2
347,33,2
348,33,2
349,33,2
350,33,14
351,33,14
352,33,14
353,33,14
354,33,14
355,33,14
356,33,14
357,33,14
358,33,14
359,33,14
360,33,14
361,33,14
362,33,14
363,33,14
364,33,14
365,33,14
366,33,14
367,33,14
368,33,14
369,33,14
370,33,14
371,33,14
372,33,14
373,33,14
374,33,14
375,33,14
376,33,14
377,33,14
378,33,14
379,33,14
380,33,14
381,33,14
382,33,14
383,33,14
384,33,43
385,33,2
386,33,43
387,33,43
388,33,43
389,33,43
390,33,43
391,33,43
392,33,43
393,33,43
394,33,43
395,33,43
396,33,43
397,33,43
398,33,43
399,33,43
400,33,43
401,33,6
402,33,43
403,33,6
404,33,43
405,33,4
406,33,43
407,33,43
408,33,43
409,33,43
410,33,43
411,33,43
412,33,1
413,33,1
414,33,1
415,33,1
416,33,1
417,33,1
418,33,1
419,33,1
420,33,1
421,33,1
422,33,1
423,33,1
424,33,1
425,33,1
426,33,1
427,33,1
428,33,1
429,33,1
430,33,1
431,33,1
432,33,1
433,33,1
434,33,1
435,33,1
436,33,1
437,33,1
438,33,1
439,33,1
440,33,1
441,33,1
442,33,4
443,33,4
444,33,4
445,33,4
446,33,4
447,33,4
448,33,4
449,33,4
450,33,4
451,33,4
452,33,3
453,33,4
454,33,4
455,33,6
456,33,4
457,33,4
458,33,4
459,33,4
460,33,4
461,33,4
462,33,4
463,33,4
464,33,4
465,33,4
466,33,4
467,33,17
468,33,17
469,33,17
470,33,17
471,33,17
472,33,17
473,33,17
474,33,17
475,33,17
476,33,17
477,33,17
478,33,17
479,33,17
480,33,17
481,33,43
482,33,17
483,33,17
484,33,17
485,33,17
486,33,17
487,33,17
488,33,17
489,33,17
490,33,17
491,33,17
492,33,9
493,33,17
494,33,6
495,33,6
496,33,6
497,33,6
498,33,6
499,33,6
500,33,6
501,33,6
502,33,6
503,33,6
504,33,36
505,33,6
506,33,6
507,33,6
508,33,6
509,33,6
510,33,6
511,33,6
512,33,6
513,33,6
514,33,6
515,33,6
516,33,6
517,33,6
518,33,6
519,33,6
520,33,6
521,33,6
522,33,6
523,33,6
524,33,6
525,33,6
526,33,6
527,33,6
528,33,6
529,33,56
530,33,56
531,33,56
532,33,56
533,33,56
534,33,56
535,33,56
536,33,56
537,33,56
538,33,56
539,33,56
540,33,56
541,33,56
542,33,56
543,33,56
544,33,56
545,33,56
546,33,56
547,33,56
548,33,56
549,33,56
550,33,56
551,33,56
552,33,56
553,33,56
554,33,40
555,33,31
556,33,88
557,33,3
558,33,17
559,33,4
560,33,8
561,33,8
562,33,40
563,33,88
564,33,40
565,33,94
566,33,91
567,33,4
568,33,8
569,33,54
570,33,54
571,33,40
572,33,88
573,33,91
574,33,88
575,33,9
576,33,88
577,33,31
578,33,8
579,33,14
580,33,54
581,33,17
582,33,7
583,33,8
584,33,9
585,33,88
586,33,88
587,33,43
588,33,31
589,33,88
590,33,17
591,33,40
592,33,40
593,33,4
594,33,36
595,33,31
596,33,7
597,33,7
598,33,2
599,33,9
600,33,36
601,33,6
602,33,40
603,33,2
604,33,2
605,33,36
606,33,7
607,33,7
608,33,91
609,33,4
610,33,54
611,33,7
612,33,56
613,33,56
614,33,36
615,33,91
616,33,43
617,33,88
618,33,7
619,33,40
620,33,94
621,33,43
622,33,43
1,34,3
2,34,3
3,34,3
4,34,3
5,34,3
6,34,3
7,34,3
8,34,3
9,34,3
10,34,3
11,34,3
12,34,3
13,34,3
14,34,3
15,34,3
16,34,3
17,34,3
18,34,3
19,34,3
20,34,3
21,34,11
22,34,3
23,34,3
24,34,3
25,34,3
26,34,3
27,34,3
28,34,7
29,34,7
30,34,7
31,34,3
32,34,7
33,34,7
34,34,7
35,34,7
36,34,7
37,34,7
38,34,7
39,34,7
40,34,8
41,34,7
42,34,31
43,34,1
44,34,7
45,34,7
46,34,7
47,34,7
48,34,7
49,34,7
50,34,7
51,34,7
52,34,7
53,34,7
54,34,7
55,34,7
56,34,7
57,34,91
58,34,91
59,34,91
60,34,91
61,34,91
62,34,91
63,34,91
64,34,91
65,34,91
66,34,91
67,34,91
68,34,91
69,34,91
70,34,91
71,34,91
72,34,91
73,34,91
74,34,91
75,34,91
76,34,91
77,34,91
78,34,91
79,34,91
80,34,91
81,34,91
82,34,94
83,34,94
84,34,94
85,34,94
86,34,94
87,34,94
88,34,94
89,34,94
90,34,94
91,34,9
92,34,94
93,34,94
94,34,94
95,34,94
96,34,94
97,34,94
98,34,94
99,34,94
100,34,94
101,34,8
102,34,94
103,34,94
104,34,9
105,34,94
106,34,94
107,34,94
108,34,94
109,34,36
110,34,9
111,34,36
112,34,6
113,34,36
114,34,36
115,34,36
116,34,36
117,34,36
118,34,36
119,34,36
120,34,36
121,34,36
122,34,36
123,34,36
124,34,36
125,34,36
126,34,36
127,34,36
128,34,36
129,34,36
130,34,36
131,34,1
132,34,36
133,34,36
134,34,36
135,34,36
136,34,8
137,34,36
138,34,36
139,34,36
140,34,8
141,34,8
142,34,8
143,34,8
144,34,8
145,34,8
146,34,8
147,34,8
148,34,8
149,34,8
150,34,8
151,34,8
152,34,8
153,34,31
154,34,8
155,34,8
156,34,8
157,34,8
158,34,8
159,34,8
160,34,7
161,34,8
162,34,1
163,34,8
164,34,8
165,34,8
166,34,7
167,34,17
168,34,8
169,34,8
170,34,8
171,34,9
172,34,9
173,34,9
174,34,9
175,34,9
176,34,9
177,34,9
178,34,9
179,34,9
180,34,9
181,34,9
182,34,9
183,34,9
184,34,9
185,34,9
186,34,9
187,34,9
188,34,9
189,34,9
190,34,9
191,34,9
192,34,9
193,34,9
194,34,9
195,34,9
196,34,9
197,34,9
198,34,31
199,34,31
200,34,8
201,34,31
202,34,31
203,34,31
204,34,31
205,34,31
206,34,31
207,34,31
208,34,31
209,34,11
210,34,31
211,34,31
212,34,31
213,34,31
214,34,31
215,34,31
216,34,31
217,34,31
218,34,31
219,34,31
220,34,31
221,34,31
222,34,31
223,34,31
224,34,31
225,34,31
226,34,11
227,34,11
228,34,11
229,34,11
230,34,11
231,34,11
232,34,11
233,34,11
234,34,11
235,34,11
236,34,11
237,34,11
238,34,43
239,34,11
240,34,11
241,34,31
242,34,11
243,34,11
244,34,11
245,34,11
246,34,11
247,34,11
248,34,11
249,34,11
250,34,54
251,34,54
252,34,54
253,34,54
254,34,54
255,34,54
256,34,54
257,34,54
258,34,54
259,34,40
260,34,2
261,34,54
262,34,54
263,34,54
264,34,54
265,34,54
266,34,54
267,34,40
268,34,54
269,34,54
270,34,54
271,34,54
272,34,54
273,34,88
274,34,88
275,34,88
276,34,88
277,34,88
278,34,88
279,34,88
280,34,88
281,34,88
282,34,88
283,34,88
284,34,88
285,34,88
286,34,88
287,34,88
288,34,88
289,34,88
290,34,88
291,34,88
292,34,88
293,34,88
294,34,88
295,34,88
296,34,88
297,34,88
298,34,88
299,34,88
300,34,40
301,34,40
302,34,40
303,34,40
304,34,40
305,34,40
306,34,40
307,34,40
308,34,40
309,34,40
310,34,40
311,34,40
312,34,40
313,34,40
314,34,40
315,34,40
316,34,40
317,34,40
318,34,40
319,34,40
320,34,40
321,34,40
322,34,40
323,34,40
324,34,40
325,34,1
326,34,2
327,34,2
328,34,36
329,34,2
330,34,2
331,34,2
332,34,2
333,34,2
334,34,2
335,34,2
336,34,2
337,34,2
338,34,2
339,34,2
340,34,88
341,34,2
342,34,2
343,34,2
344,34,2
345,34,2
346,34,2
347,34,2
348,34,2
349,34,2
350,34,14
351,34,14
352,34,14
353,34,14
354,34,14
355,34,14
356,34,14
357,34,14
358,34,14
359,34,14
360,34,14
361,34,14
362,34,14
363,34,14
364,34,14
365,34,14
366,34,14
367,34,14
368,34,14
369,34,14
370,34,14
371,34,14
372,34,14
373,34,14
374,34,14
375,34,14
376,34,14
377,34,14
378,34,14
379,34,14
380,34,14
381,34,14
382,34,14
383,34,14
384,34,43
385,34,2
386,34,43
387,34,43
388,34,43
389,34,43
390,34,43
391,34,43
392,34,43
393,34,43
394,34,43
395,34,43
396,34,43
397,34,43
398,34,43
399,34,43
400,34,43
401,34,6
402,34,43
403,34,6
404,34,43
405,34,4
406,34,43
407,34,43
408,34,43
409,34,43
410,34,43
411,34,43
412,34,1
413,34,1
414,34,1
415,34,1
416,34,1
417,34,1
418,34,1
419,34,1
420,34,1
421,34,1
422,34,1
423,34,1
424,34,1
425,34,1
426,34,1
427,34,1
428,34,1
429,34,1
430,34,1
431,34,1
432,34,1
433,34,1
434,34,1
435,34,1
436,34,1
437,34,1
438,34,1
439,34,1
440,34,1
441,34,1
442,34,4
443,34,4
444,34,4
445,34,4
446,34,4
447,34,4
448,34,4
449,34,4
450,34,4
451,34,4
452,34,3
453,34,4
454,34,4
455,34,6
456,34,4
457,34,4
458,34,4
459,34,4
460,34,4
461,34,4
462,34,4
463,34,4
464,34,4
465,34,4
466,34,4
467,34,17
468,34,17
469,34,17
470,34,17
471,34,17
472,34,17
473,34,17
474,34,17
475,34,17
476,34,17
477,34,17
478,34,17
479,34,17
480,34,17
481,34,43
482,34,17
483,34,17
484,34,17
485,34,17
486,34,17
487,34,17
488,34,17
489,34,17
490,34,17
491,34,17
492,34,9
493,34,17
494,34,6
495,34,6
496,34,6
497,34,6
498,34,6
499,34,6
500,34,6
501,34,6
502,34,6
503,34,6
504,34,36
505,34,6
506,34,6
507,34,6
508,34,6
509,34,6
510,34,6
511,34,6
512,34,6
513,34,6
514,34,6
515,34,6
516,34,6
517,34,6
518,34,6
519,34,6
520,34,6
521,34,6
522,34,6
523,34,6
524,34,6
525,34,6
526,34,6
527,34,6
528,34,6
529,34,56
530,34,56
531,34,56
532,34,56
533,34,56
534,34,56
535,34,56
536,34,56
537,34,56
538,34,56
539,34,56
540,34,56
541,34,56
542,34,56
543,34,56
544,34,56
545,34,56
546,34,56
547,34,56
548,34,56
549,34,56
550,34,56
551,34,56
552,34,56
553,34,56
554,34,40
555,34,31
556,34,88
557,34,3
558,34,17
559,34,4
560,34,8
561,34,8
562,34,40
563,34,88
564,34,40
565,34,94
566,34,91
567,34,4
568,34,8
569,34,54
570,34,54
571,34,40
572,34,88
573,34,91
574,34,88
575,34,9
576,34,88
577,34,31
578,34,8
579,34,14
580,34,54
581,34,17
582,34,7
583,34,8
584,34,9
585,34,88
586,34,88
587,34,43
588,34,31
589,34,88
590,34,17
591,34,40
592,34,40
593,34,4
594,34,36
595,34,31
596,34,7
597,34,7
598,34,2
599,34,9
600,34,36
601,34,6
602,34,40
603,34,2
604,34,2
605,34,36
606,34,7
607,34,7
608,34,91
609,34,4
610,34,54
611,34,7
612,34,56
613,34,56
614,34,36
615,34,91
616,34,43
617,34,88
618,34,7
619,34,40
620,34,94
621,34,43
622,34,43
1,35,3
2,35,3
3,35,3
4,35,3
5,35,3
6,35,3
7,35,3
8,35,3
9,35,3
10,35,3
11,35,3
12,35,3
13,35,3
14,35,3
15,35,3
16,35,3
17,35,3
18,35,3
19,35,3
20,35,3
21,35,11
22,35,3
23,35,3
24,35,3
25,35,3
26,35,3
27,35,3
28,35,7
29,35,7
30,35,7
31,35,3
32,35,7
33,35,7
34,35,7
35,35,7
36,35,7
37,35,7
38,35,7
39,35,7
40,35,8
41,35,7
42,35,31
43,35,1
44,35,7
45,35,7
46,35,7
47,35,7
48,35,7
49,35,7
50,35,7
51,35,7
52,35,7
53,35,7
54,35,7
55,35,7
56,35,7
57,35,91
58,35,91
59,35,91
60,35,91
61,35,91
62,35,91
63,35,91
64,35,91
65,35,91
66,35,91
67,35,91
68,35,91
69,35,91
70,35,91
71,35,91
72,35,91
73,35,91
74,35,91
75,35,91
76,35,91
77,35,91
78,35,91
79,35,91
80,35,91
81,35,91
82,35,94
83,35,94
84,35,94
85,35,94
86,35,94
87,35,94
88,35,94
89,35,94
90,35,94
91,35,9
92,35,94
93,35,94
94,35,94
95,35,94
96,35,94
97,35,94
98,35,94
99,35,94
100,35,94
101,35,8
102,35,94
103,35,94
104,35,9
105,35,94
106,35,94
107,35,94
108,35,94
109,35,36
110,35,9
111,35,36
112,35,6
113,35,36
114,35,36
115,35,36
116,35,36
117,35,36
118,35,36
119,35,36
120,35,36
121,35,36
122,35,36
123,35,36
124,35,36
125,35,36
126,35,36
127,35,36
128,35,36
129,35,36
130,35,36
131,35,1
132,35,36
133,35,36
134,35,36
135,35,36
136,35,8
137,35,36
138,35,36
139,35,36
140,35,8
141,35,8
142,35,8
143,35,8
144,35,8
145,35,8
146,35,8
147,35,8
148,35,8
149,35,8
150,35,8
151,35,8
152,35,8
153,35,31
154,35,8
155,35,8
156,35,8
157,35,8
158,35,8
159,35,8
160,35,7
161,35,8
162,35,1
163,35,8
164,35,8
165,35,8
166,35,7
167,35,17
168,35,8
169,35,8
170,35,8
171,35,9
172,35,9
173,35,9
174,35,9
175,35,9
176,35,9
177,35,9
178,35,9
179,35,9
180,35,9
181,35,9
182,35,9
183,35,9
184,35,9
185,35,9
186,35,9
187,35,9
188,35,9
189,35,9
190,35,9
191,35,9
192,35,9
193,35,9
194,35,9
195,35,9
196,35,9
197,35,9
198,35,31
199,35,31
200,35,8
201,35,31
202,35,31
203,35,31
204,35,31
205,35,31
206,35,31
207,35,31
208,35,31
209,35,11
210,35,31
211,35,31
212,35,31
213,35,31
214,35,31
215,35,31
216,35,31
217,35,31
218,35,31
219,35,31
220,35,31
221,35,31
222,35,31
223,35,31
224,35,31
225,35,31
226,35,11
227,35,11
228,35,11
229,35,11
230,35,11
231,35,11
232,35,11
233,35,11
234,35,11
235,35,11
236,35,11
237,35,11
238,35,43
239,35,11
240,35,11
241,35,31
242,35,11
243,35,11
244,35,11
245,35,11
246,35,11
247,35,11
248,35,11
249,35,11
250,35,54
251,35,54
252,35,54
253,35,54
254,35,54
255,35,54
256,35,54
257,35,54
258,35,54
259,35,40
260,35,2
261,35,54
262,35,54
263,35,54
264,35,54
265,35,54
266,35,54
267,35,40
268,35,54
269,35,54
270,35,54
271,35,54
272,35,54
273,35,88
274,35,88
275,35,88
276,35,88
277,35,88
278,35,88
279,35,88
280,35,88
281,35,88
282,35,88
283,35,88
284,35,88
285,35,88
286,35,88
287,35,88
288,35,88
289,35,88
290,35,88
291,35,88
292,35,88
293,35,88
294,35,88
295,35,88
296,35,88
297,35,88
298,35,88
299,35,88
300,35,40
301,35,40
302,35,40
303,35,40
304,35,40
305,35,40
306,35,40
307,35,40
308,35,40
309,35,40
310,35,40
311,35,40
312,35,40
313,35,40
314,35,40
315,35,40
316,35,40
317,35,40
318,35,40
319,35,40
320,35,40
321,35,40
322,35,40
323,35,40
324,35,40
325,35,1
326,35,2
327,35,2
328,35,36
329,35,2
330,35,2
331,35,2
332,35,2
333,35,2
334,35,2
335,35,2
336,35,2
337,35,2
338,35,2
339,35,2
340,35,88
341,35,2
342,35,2
343,35,2
344,35,2
345,35,2
346,35,2
347,35,2
348,35,2
349,35,2
350,35,14
351,35,14
352,35,14
353,35,14
354,35,14
355,35,14
356,35,14
357,35,14
358,35,14
359,35,14
360,35,14
361,35,14
362,35,14
363,35,14
364,35,14
365,35,14
366,35,14
367,35,14
368,35,14
369,35,14
370,35,14
371,35,14
372,35,14
373,35,14
374,35,14
375,35,14
376,35,14
377,35,14
378,35,14
379,35,14
380,35,14
381,35,14
382,35,14
383,35,14
384,35,43
385,35,2
386,35,43
387,35,43
388,35,43
389,35,43
390,35,43
391,35,43
392,35,43
393,35,43
394,35,43
395,35,43
396,35,43
397,35,43
398,35,43
399,35,43
400,35,43
401,35,6
402,35,43
403,35,6
404,35,43
405,35,4
406,35,43
407,35,43
408,35,43
409,35,43
410,35,43
411,35,43
412,35,1
413,35,1
414,35,1
415,35,1
416,35,1
417,35,1
418,35,1
419,35,1
420,35,1
421,35,1
422,35,1
423,35,1
424,35,1
425,35,1
426,35,1
427,35,1
428,35,1
429,35,1
430,35,1
431,35,1
432,35,1
433,35,1
434,35,1
435,35,1
436,35,1
437,35,1
438,35,1
439,35,1
440,35,1
441,35,1
442,35,4
443,35,4
444,35,4
445,35,4
446,35,4
447,35,4
448,35,4
449,35,4
450,35,4
451,35,4
452,35,3
453,35,4
454,35,4
455,35,6
456,35,4
457,35,4
458,35,4
459,35,4
460,35,4
461,35,4
462,35,4
463,35,4
464,35,4
465,35,4
466,35,4
467,35,17
468,35,17
469,35,17
470,35,17
471,35,17
472,35,17
473,35,17
474,35,17
475,35,17
476,35,17
477,35,17
478,35,17
479,35,17
480,35,17
481,35,43
482,35,17
483,35,17
484,35,17
485,35,17
486,35,17
487,35,17
488,35,17
489,35,17
490,35,17
491,35,17
492,35,9
493,35,17
494,35,6
495,35,6
496,35,6
497,35,6
498,35,6
499,35,6
500,35,6
501,35,6
502,35,6
503,35,6
504,35,36
505,35,6
506,35,6
507,35,6
508,35,6
509,35,6
510,35,6
511,35,6
512,35,6
513,35,6
514,35,6
515,35,6
516,35,6
517,35,6
518,35,6
519,35,6
520,35,6
521,35,6
522,35,6
523,35,6
524,35,6
525,35,6
526,35,6
527,35,6
528,35,6
529,35,56
530,35,56
531,35,56
532,35,56
533,35,56
534,35,56
535,35,56
536,35,56
537,35,56
538,35,56
539,35,56
540,35,56
541,35,56
542,35,56
543,35,56
544,35,56
545,35,56
546,35,56
547,35,56
548,35,56
549,35,56
550,35,56
551,35,56
552,35,56
553,35,56
554,35,40
555,35,31
556,35,88
557,35,3
558,35,17
559,35,4
560,35,8
561,35,8
562,35,40
563,35,88
564,35,40
565,35,94
566,35,91
567,35,4
568,35,8
569,35,54
570,35,54
571,35,40
572,35,88
573,35,91
574,35,88
575,35,9
576,35,88
577,35,31
578,35,8
579,35,14
580,35,54
581,35,17
582,35,7
583,35,8
584,35,9
585,35,88
586,35,88
587,35,43
588,35,31
589,35,88
590,35,17
591,35,40
592,35,40
593,35,4
594,35,36
595,35,31
596,35,7
597,35,7
598,35,2
599,35,9
600,35,36
601,35,6
602,35,40
603,35,2
604,35,2
605,35,36
606,35,7
607,35,7
608,35,91
609,35,4
610,35,54
611,35,7
612,35,56
613,35,56
614,35,36
615,35,91
616,35,43
617,35,88
618,35,7
619,35,40
620,35,94
621,35,43
622,35,43
1,36,3
2,36,3
3,36,3
4,36,3
5,36,3
6,36,3
7,36,3
8,36,3
9,36,3
10,36,3
11,36,3
12,36,3
13,36,3
14,36,3
15,36,3
16,36,3
17,36,3
18,36,3
19,36,3
20,36,3
21,36,11
22,36,3
23,36,3
24,36,3
25,36,3
26,36,3
27,36,3
28,36,7
29,36,7
30,36,7
31,36,3
32,36,7
33,36,7
34,36,7
35,36,7
36,36,7
37,36,7
38,36,7
39,36,7
40,36,8
41,36,7
42,36,31
43,36,1
44,36,7
45,36,7
46,36,7
47,36,7
48,36,7
49,36,7
50,36,7
51,36,7
52,36,7
53,36,7
54,36,7
55,36,7
56,36,7
57,36,91
58,36,91
59,36,91
60,36,91
61,36,91
62,36,91
63,36,91
64,36,91
65,36,91
66,36,91
67,36,91
68,36,91
69,36,91
70,36,91
71,36,91
72,36,91
73,36,91
74,36,91
75,36,91
76,36,91
77,36,91
78,36,91
79,36,91
80,36,91
81,36,91
82,36,94
83,36,94
84,36,94
85,36,94
86,36,94
87,36,94
88,36,94
89,36,94
90,36,94
91,36,9
92,36,94
93,36,94
94,36,94
95,36,94
96,36,94
97,36,94
98,36,94
99,36,94
100,36,94
101,36,8
102,36,94
103,36,94
104,36,9
105,36,94
106,36,94
107,36,94
108,36,94
109,36,36
110,36,9
111,36,36
112,36,6
113,36,36
114,36,36
115,36,36
116,36,36
117,36,36
118,36,36
119,36,36
120,36,36
121,36,36
122,36,36
123,36,36
124,36,36
125,36,36
126,36,36
127,36,36
128,36,36
129,36,36
130,36,36
131,36,1
132,36,36
133,36,36
134,36,36
135,36,36
136,36,8
137,36,36
138,36,36
139,36,36
140,36,8
141,36,8
142,36,8
143,36,8
144,36,8
145,36,8
146,36,8
147,36,8
148,36,8
149,36,8
150,36,8
151,36,8
152,36,8
153,36,31
154,36,8
155,36,8
156,36,8
157,36,8
158,36,8
159,36,8
160,36,7
161,36,8
162,36,1
163,36,8
164,36,8
165,36,8
166,36,7
167,36,17
168,36,8
169,36,8
170,36,8
171,36,9
172,36,9
173,36,9
174,36,9
175,36,9
176,36,9
177,36,9
178,36,9
179,36,9
180,36,9
181,36,9
182,36,9
183,36,9
184,36,9
185,36,9
186,36,9
187,36,9
188,36,9
189,36,9
190,36,9
191,36,9
192,36,9
193,36,9
194,36,9
195,36,9
196,36,9
197,36,9
198,36,31
199,36,31
200,36,8
201,36,31
202,36,31
203,36,31
204,36,31
205,36,31
206,36,31
207,36,31
208,36,31
209,36,11
210,36,31
211,36,31
212,36,31
213,36,31
214,36,31
215,36,31
216,36,31
217,36,31
218,36,31
219,36,31
220,36,31
221,36,31
222,36,31
223,36,31
224,36,31
225,36,31
226,36,11
227,36,11
228,36,11
229,36,11
230,36,11
231,36,11
232,36,11
233,36,11
234,36,11
235,36,11
236,36,11
237,36,11
238,36,43
239,36,11
240,36,11
241,36,31
242,36,11
243,36,11
244,36,11
245,36,11
246,36,11
247,36,11
248,36,11
249,36,11
250,36,54
251,36,54
252,36,54
253,36,54
254,36,54
255,36,54
256,36,54
257,36,54
258,36,54
259,36,40
260,36,2
261,36,54
262,36,54
263,36,54
264,36,54
265,36,54
266,36,54
267,36,40
268,36,54
269,36,54
270,36,54
271,36,54
272,36,54
273,36,88
274,36,88
275,36,88
276,36,88
277,36,88
278,36,88
279,36,88
280,36,88
281,36,88
282,36,88
283,36,88
284,36,88
285,36,88
286,36,88
287,36,88
288,36,88
289,36,88
290,36,88
291,36,88
292,36,88
293,36,88
294,36,88
295,36,88
296,36,88
297,36,88
298,36,88
299,36,88
300,36,40
301,36,40
302,36,40
303,36,40
304,36,40
305,36,40
306,36,40
307,36,40
308,36,40
309,36,40
310,36,40
311,36,40
312,36,40
313,36,40
314,36,40
315,36,40
316,36,40
317,36,40
318,36,40
319,36,40
320,36,40
321,36,40
322,36,40
323,36,40
324,36,40
325,36,1
326,36,2
327,36,2
328,36,36
329,36,2
330,36,2
331,36,2
332,36,2
333,36,2
334,36,2
335,36,2
336,36,2
337,36,2
338,36,2
339,36,2
340,36,88
341,36,2
342,36,2
343,36,2
344,36,2
345,36,2
346,36,2
347,36,2
348,36,2
349,36,2
350,36,14
351,36,14
352,36,14
353,36,14
354,36,14
355,36,14
356,36,14
357,36,14
358,36,14
359,36,14
360,36,14
361,36,14
362,36,14
363,36,14
364,36,14
365,36,14
366,36,14
367,36,14
368,36,14
369,36,14
370,36,14
371,36,14
372,36,14
373,36,14
374,36,14
375,36,14
376,36,14
377,36,14
378,36,14
379,36,14
380,36,14
381,36,14
382,36,14
383,36,14
384,36,43
385,36,2
386,36,43
387,36,43
388,36,43
389,36,43
390,36,43
391,36,43
392,36,43
393,36,43
394,36,43
395,36,43
396,36,43
397,36,43
398,36,43
399,36,43
400,36,43
401,36,6
402,36,43
403,36,6
404,36,43
405,36,4
406,36,43
407,36,43
408,36,43
409,36,43
410,36,43
411,36,43
412,36,1
413,36,1
414,36,1
415,36,1
416,36,1
417,36,1
418,36,1
419,36,1
420,36,1
421,36,1
422,36,1
423,36,1
424,36,1
425,36,1
426,36,1
427,36,1
428,36,1
429,36,1
430,36,1
431,36,1
432,36,1
433,36,1
434,36,1
435,36,1
436,36,1
437,36,1
438,36,1
439,36,1
440,36,1
441,36,1
442,36,4
443,36,4
444,36,4
445,36,4
446,36,4
447,36,4
448,36,4
449,36,4
450,36,4
451,36,4
452,36,3
453,36,4
454,36,4
455,36,6
456,36,4
457,36,4
458,36,4
459,36,4
460,36,4
461,36,4
462,36,4
463,36,4
464,36,4
465,36,4
466,36,4
467,36,17
468,36,17
469,36,17
470,36,17
471,36,17
472,36,17
473,36,17
474,36,17
475,36,17
476,36,17
477,36,17
478,36,17
479,36,17
480,36,17
481,36,43
482,36,17
483,36,17
484,36,17
485,36,17
486,36,17
487,36,17
488,36,17
489,36,17
490,36,17
491,36,17
492,36,9
493,36,17
494,36,6
495,36,6
496,36,6
497,36,6
498,36,6
499,36,6
500,36,6
501,36,6
502,36,6
503,36,6
504,36,36
505,36,6
506,36,6
507,36,6
508,36,6
509,36,6
510,36,6
511,36,6
512,36,6
513,36,6
514,36,6
515,36,6
516,36,6
517,36,6
518,36,6
519,36,6
520,36,6
521,36,6
522,36,6
523,36,6
524,36,6
525,36,6
526,36,6
527,36,6
528,36,6
529,36,56
530,36,56
531,36,56
532,36,56
533,36,56
534,36,56
535,36,56
536,36,56
537,36,56
538,36,56
539,36,56
540,36,56
541,36,56
542,36,56
543,36,56
544,36,56
545,36,56
546,36,56
547,36,56
548,36,56
549,36,56
550,36,56
551,36,56
552,36,56
553,36,56
554,36,40
555,36,31
556,36,88
557,36,3
558,36,17
559,36,4
560,36,8
561,36,8
562,36,40
563,36,88
564,36,40
565,36,94
566,36,91
567,36,4
568,36,8
569,36,54
570,36,54
571,36,40
572,36,88
573,36,91
574,36,88
575,36,9
576,36,88
577,36,31
578,36,8
579,36,14
580,36,54
581,36,17
582,36,7
583,36,8
584,36,9
585,36,88
586,36,88
587,36,43
588,36,31
589,36,88
590,36,17
591,36,40
592,36,40
593,36,4
594,36,36
595,36,31
596,36,7
597,36,7
598,36,2
599,36,9
600,36,36
601,36,6
602,36,40
603,36,2
604,36,2
605,36,36
606,36,7
607,36,7
608,36,91
609,36,4
610,36,54
611,36,7
612,36,56
613,36,56
614,36,36
615,36,91
616,36,43
617,36,88
618,36,7
619,36,40
620,36,94
621,36,43
622,36,43
1,37,3
2,37,3
3,37,3
4,37,3
5,37,3
6,37,3
7,37,3
8,37,3
9,37,3
10,37,3
11,37,3
12,37,3
13,37,3
14,37,3
15,37,3
16,37,3
17,37,3
18,37,3
19,37,3
20,37,3
21,37,11
22,37,3
23,37,3
24,37,3
25,37,3
26,37,3
27,37,3
28,37,7
29,37,7
30,37,7
31,37,3
32,37,7
33,37,7
34,37,7
35,37,7
36,37,7
37,37,7
38,37,7
39,37,7
40,37,8
41,37,7
42,37,31
43,37,1
44,37,7
45,37,7
46,37,7
47,37,7
48,37,7
49,37,7
50,37,7
51,37,7
52,37,7
53,37,7
54,37,7
55,37,7
56,37,7
57,37,91
58,37,91
59,37,91
60,37,91
61,37,91
62,37,91
63,37,91
64,37,91
65,37,91
66,37,91
67,37,91
68,37,91
69,37,91
70,37,91
71,37,91
72,37,91
73,37,91
74,37,91
75,37,91
76,37,91
77,37,91
78,37,91
79,37,91
80,37,91
81,37,91
82,37,94
83,37,94
84,37,94
85,37,94
86,37,94
87,37,94
88,37,94
89,37,94
90,37,94
91,37,9
92,37,94
93,37,94
94,37,94
95,37,94
96,37,94
97,37,94
98,37,94
99,37,94
100,37,94
101,37,8
102,37,94
103,37,94
104,37,9
105,37,94
106,37,94
107,37,94
108,37,94
109,37,36
110,37,9
111,37,36
112,37,6
113,37,36
114,37,36
115,37,36
116,37,36
117,37,36
118,37,36
119,37,36
120,37,36
121,37,36
122,37,36
123,37,36
124,37,36
125,37,36
126,37,36
127,37,36
128,37,36
129,37,36
130,37,36
131,37,1
132,37,36
133,37,36
134,37,36
135,37,36
136,37,8
137,37,36
138,37,36
139,37,36
140,37,8
141,37,8
142,37,8
143,37,8
144,37,8
145,37,8
146,37,8
147,37,8
148,37,8
149,37,8
150,37,8
151,37,8
152,37,8
153,37,31
154,37,8
155,37,8
156,37,8
157,37,8
158,37,8
159,37,8
160,37,7
161,37,8
162,37,1
163,37,8
164,37,8
165,37,8
166,37,7
167,37,17
168,37,8
169,37,8
170,37,8
171,37,9
172,37,9
173,37,9
174,37,9
175,37,9
176,37,9
177,37,9
178,37,9
179,37,9
180,37,9
181,37,9
182,37,9
183,37,9
184,37,9
185,37,9
186,37,9
187,37,9
188,37,9
189,37,9
190,37,9
191,37,9
192,37,9
193,37,9
194,37,9
195,37,9
196,37,9
197,37,9
198,37,31
199,37,31
200,37,8
201,37,31
202,37,31
203,37,31
204,37,31
205,37,31
206,37,31
207,37,31
208,37,31
209,37,11
210,37,31
211,37,31
212,37,31
213,37,31
214,37,31
215,37,31
216,37,31
217,37,31
218,37,31
219,37,31
220,37,31
221,37,31
222,37,31
223,37,31
224,37,31
225,37,31
226,37,11
227,37,11
228,37,11
229,37,11
230,37,11
231,37,11
232,37,11
233,37,11
234,37,11
235,37,11
236,37,11
237,37,11
238,37,43
239,37,11
240,37,11
241,37,31
242,37,11
243,37,11
244,37,11
245,37,11
246,37,11
247,37,11
248,37,11
249,37,11
250,37,54
251,37,54
252,37,54
253,37,54
254,37,54
255,37,54
256,37,54
257,37,54
258,37,54
259,37,40
260,37,2
261,37,54
262,37,54
263,37,54
264,37,54
265,37,54
266,37,54
267,37,40
268,37,54
269,37,54
270,37,54
271,37,54
272,37,54
273,37,88
274,37,88
275,37,88
276,37,88
277,37,88
278,37,88
279,37,88
280,37,88
281,37,88
282,37,88
283,37,88
284,37,88
285,37,88
286,37,88
287,37,88
288,37,88
289,37,88
290,37,88
291,37,88
292,37,88
293,37,88
294,37,88
295,37,88
296,37,88
297,37,88
298,37,88
299,37,88
300,37,40
301,37,40
302,37,40
303,37,40
304,37,40
305,37,40
306,37,40
307,37,40
308,37,40
309,37,40
310,37,40
311,37,40
312,37,40
313,37,40
314,37,40
315,37,40
316,37,40
317,37,40
318,37,40
319,37,40
320,37,40
321,37,40
322,37,40
323,37,40
324,37,40
325,37,1
326,37,2
327,37,2
328,37,36
329,37,2
330,37,2
331,37,2
332,37,2
333,37,2
334,37,2
335,37,2
336,37,2
337,37,2
338,37,2
339,37,2
340,37,88
341,37,2
342,37,2
343,37,2
344,37,2
345,37,2
346,37,2
347,37,2
348,37,2
349,37,2
350,37,14
351,37,14
352,37,14
353,37,14
354,37,14
355,37,14
356,37,14
357,37,14
358,37,14
359,37,14
360,37,14
361,37,14
362,37,14
363,37,14
364,37,14
365,37,14
366,37,14
367,37,14
368,37,14
369,37,14
370,37,14
371,37,14
372,37,14
373,37,14
374,37,14
375,37,14
376,37,14
377,37,14
378,37,14
379,37,14
380,37,14
381,37,14
382,37,14
383,37,14
384,37,43
385,37,2
386,37,43
387,37,43
388,37,43
389,37,43
390,37,43
391,37,43
392,37,43
393,37,43
394,37,43
395,37,43
396,37,43
397,37,43
398,37,43
399,37,43
400,37,43
401,37,6
402,37,43
403,37,6
404,37,43
405,37,4
406,37,43
407,37,43
408,37,43
409,37,43
410,37,43
411,37,43
412,37,1
413,37,1
414,37,1
415,37,1
416,37,1
417,37,1
418,37,1
419,37,1
420,37,1
421,37,1
422,37,1
423,37,1
424,37,1
425,37,1
426,37,1
427,37,1
428,37,1
429,37,1
430,37,1
431,37,1
432,37,1
433,37,1
434,37,1
435,37,1
436,37,1
437,37,1
438,37,1
439,37,1
440,37,1
441,37,1
442,37,4
443,37,4
444,37,4
445,37,4
446,37,4
447,37,4
448,37,4
449,37,4
450,37,4
451,37,4
452,37,3
453,37,4
454,37,4
455,37,6
456,37,4
457,37,4
458,37,4
459,37,4
460,37,4
461,37,4
462,37,4
463,37,4
464,37,4
465,37,4
466,37,4
467,37,17
468,37,17
469,37,17
470,37,17
471,37,17
472,37,17
473,37,17
474,37,17
475,37,17
476,37,17
477,37,17
478,37,17
479,37,17
480,37,17
481,37,43
482,37,17
483,37,17
484,37,17
485,37,17
486,37,17
487,37,17
488,37,17
489,37,17
490,37,17
491,37,17
492,37,9
493,37,17
494,37,6
495,37,6
496,37,6
497,37,6
498,37,6
499,37,6
500,37,6
501,37,6
502,37,6
503,37,6
504,37,36
505,37,6
506,37,6
507,37,6
508,37,6
509,37,6
510,37,6
511,37,6
512,37,6
513,37,6
514,37,6
515,37,6
516,37,6
517,37,6
518,37,6
519,37,6
520,37,6
521,37,6
522,37,6
523,37,6
524,37,6
525,37,6
526,37,6
527,37,6
528,37,6
529,37,56
530,37,56
531,37,56
532,37,56
533,37,56
534,37,56
535,37,56
536,37,56
537,37,56
538,37,56
539,37,56
540,37,56
541,37,56
542,37,56
543,37,56
544,37,56
545,37,56
546,37,56
547,37,56
548,37,56
549,37,56
550,37,56
551,37,56
552,37,56
553,37,56
554,37,40
555,37,31
556,37,88
557,37,3
558,37,17
559,37,4
560,37,8
561,37,8
562,37,40
563,37,88
564,37,40
565,37,94
566,37,91
567,37,4
568,37,8
569,37,54
570,37,54
571,37,40
572,37,88
573,37,91
574,37,88
575,37,9
576,37,88
577,37,31
578,37,8
579,37,14
580,37,54
581,37,17
582,37,7
583,37,8
584,37,9
585,37,88
586,37,88
587,37,43
588,37,31
589,37,88
590,37,17
591,37,40
592,37,40
593,37,4
594,37,36
595,37,31
596,37,7
597,37,7
598,37,2
599,37,9
600,37,36
601,37,6
602,37,40
603,37,2
604,37,2
605,37,36
606,37,7
607,37,7
608,37,91
609,37,4
610,37,54
611,37,7
612,37,56
613,37,56
614,37,36
615,37,91
616,37,43
617,37,88
618,37,7
619,37,40
620,37,94
621,37,43
622,37,43
1,38,3
2,38,3
3,38,3
4,38,3
5,38,3
6,38,3
7,38,3
8,38,3
9,38,3
10,38,3
11,38,3
12,38,3
13,38,3
14,38,3
15,38,3
16,38,3
17,38,3
18,38,3
19,38,3
20,38,3
21,38,11
22,38,3
23,38,3
24,38,3
25,38,3
26,38,3
27,38,3
28,38,7
29,38,7
30,38,7
31,38,3
32,38,7
33,38,7
34,38,7
35,38,7
36,38,7
37,38,7
38,38,7
39,38,7
40,38,8
41,38,7
42,38,31
43,38,1
44,38,7
45,38,7
46,38,7
47,38,7
48,38,7
49,38,7
50,38,7
51,38,7
52,38,7
53,38,7
54,38,7
55,38,7
56,38,7
57,38,91
58,38,91
59,38,91
60,38,91
61,38,91
62,38,91
63,38,91
64,38,91
65,38,91
66,38,91
67,38,91
68,38,91
69,38,91
70,38,91
71,38,91
72,38,91
73,38,91
74,38,91
75,38,91
76,38,91
77,38,91
78,38,91
79,38,91
80,38,91
81,38,91
82,38,94
83,38,94
84,38,94
85,38,94
86,38,94
87,38,94
88,38,94
89,38,94
90,38,94
91,38,9
92,38,94
93,38,94
94,38,94
95,38,94
96,38,94
97,38,94
98,38,94
99,38,94
100,38,94
101,38,8
102,38,94
103,38,94
104,38,9
105,38,94
106,38,94
107,38,94
108,38,94
109,38,36
110,38,9
111,38,36
112,38,6
113,38,36
114,38,36
115,38,36
116,38,36
117,38,36
118,38,36
119,38,36
120,38,36
121,38,36
122,38,36
123,38,36
124,38,36
125,38,36
126,38,36
127,38,36
128,38,36
129,38,36
130,38,36
131,38,1
132,38,36
133,38,36
134,38,36
135,38,36
136,38,8
137,38,36
138,38,36
139,38,36
140,38,8
141,38,8
142,38,8
143,38,8
144,38,8
145,38,8
146,38,8
147,38,8
148,38,8
149,38,8
150,38,8
151,38,8
152,38,8
153,38,31
154,38,8
155,38,8
156,38,8
157,38,8
158,38,8
159,38,8
160,38,7
161,38,8
162,38,1
163,38,8
164,38,8
165,38,8
166,38,7
167,38,17
168,38,8
169,38,8
170,38,8
171,38,9
172,38,9
173,38,9
174,38,9
175,38,9
176,38,9
177,38,9
178,38,9
179,38,9
180,38,9
181,38,9
182,38,9
183,38,9
184,38,9
185,38,9
186,38,9
187,38,9
188,38,9
189,38,9
190,38,9
191,38,9
192,38,9
193,38,9
194,38,9
195,38,9
196,38,9
197,38,9
198,38,31
199,38,31
200,38,8
201,38,31
202,38,31
203,38,31
204,38,31
205,38,31
206,38,31
207,38,31
208,38,31
209,38,11
210,38,31
211,38,31
212,38,31
213,38,31
214,38,31
215,38,31
216,38,31
217,38,31
218,38,31
219,38,31
220,38,31
221,38,31
222,38,31
223,38,31
224,38,31
225,38,31
226,38,11
227,38,11
228,38,11
229,38,11
230,38,11
231,38,11
232,38,11
233,38,11
234,38,11
235,38,11
236,38,11
237,38,11
238,38,43
239,38,11
240,38,11
241,38,31
242,38,11
243,38,11
244,38,11
245,38,11
246,38,11
247,38,11
248,38,11
249,38,11
250,38,54
251,38,54
252,38,54
253,38,54
254,38,54
255,38,54
256,38,54
257,38,54
258,38,54
259,38,40
260,38,2
261,38,54
262,38,54
263,38,54
264,38,54
265,38,54
266,38,54
267,38,40
268,38,54
269,38,54
270,38,54
271,38,54
272,38,54
273,38,88
274,38,88
275,38,88
276,38,88
277,38,88
278,38,88
279,38,88
280,38,88
281,38,88
282,38,88
283,38,88
284,38,88
285,38,88
286,38,88
287,38,88
288,38,88
289,38,88
290,38,88
291,38,88
292,38,88
293,38,88
294,38,88
295,38,88
296,38,88
297,38,88
298,38,88
299,38,88
300,38,40
301,38,40
302,38,40
303,38,40
304,38,40
305,38,40
306,38,40
307,38,40
308,38,40
309,38,40
310,38,40
311,38,40
312,38,40
313,38,40
314,38,40
315,38,40
316,38,40
317,38,40
318,38,40
319,38,40
320,38,40
321,38,40
322,38,40
323,38,40
324,38,40
325,38,1
326,38,2
327,38,2
328,38,36
329,38,2
330,38,2
331,38,2
332,38,2
333,38,2
334,38,2
335,38,2
336,38,2
337,38,2
338,38,2
339,38,2
340,38,88
341,38,2
342,38,2
343,38,2
344,38,2
345,38,2
346,38,2
347,38,2
348,38,2
349,38,2
350,38,14
351,38,14
352,38,14
353,38,14
354,38,14
355,38,14
356,38,14
357,38,14
358,38,14
359,38,14
360,38,14
361,38,14
362,38,14
363,38,14
364,38,14
365,38,14
366,38,14
367,38,14
368,38,14
369,38,14
370,38,14
371,38,14
372,38,14
373,38,14
374,38,14
375,38,14
376,38,14
377,38,14
378,38,14
379,38,14
380,38,14
381,38,14
382,38,14
383,38,14
384,38,43
385,38,2
386,38,43
387,38,43
388,38,43
389,38,43
390,38,43
391,38,43
392,38,43
393,38,43
394,38,43
395,38,43
396,38,43
397,38,43
398,38,43
399,38,43
400,38,43
401,38,6
402,38,43
403,38,6
404,38,43
405,38,4
406,38,43
407,38,43
408,38,43
409,38,43
410,38,43
411,38,43
412,38,1
413,38,1
414,38,1
415,38,1
416,38,1
417,38,1
418,38,1
419,38,1
420,38,1
421,38,1
422,38,1
423,38,1
424,38,1
425,38,1
426,38,1
427,38,1
428,38,1
429,38,1
430,38,1
431,38,1
432,38,1
433,38,1
434,38,1
435,38,1
436,38,1
437,38,1
438,38,1
439,38,1
440,38,1
441,38,1
442,38,4
443,38,4
444,38,4
445,38,4
446,38,4
447,38,4
448,38,4
449,38,4
450,38,4
451,38,4
452,38,3
453,38,4
454,38,4
455,38,6
456,38,4
457,38,4
458,38,4
459,38,4
460,38,4
461,38,4
462,38,4
463,38,4
464,38,4
465,38,4
466,38,4
467,38,17
468,38,17
469,38,17
470,38,17
471,38,17
472,38,17
473,38,17
474,38,17
475,38,17
476,38,17
477,38,17
478,38,17
479,38,17
480,38,17
481,38,43
482,38,17
483,38,17
484,38,17
485,38,17
486,38,17
487,38,17
488,38,17
489,38,17
490,38,17
491,38,17
492,38,9
493,38,17
494,38,6
495,38,6
496,38,6
497,38,6
498,38,6
499,38,6
500,38,6
501,38,6
502,38,6
503,38,6
504,38,36
505,38,6
506,38,6
507,38,6
508,38,6
509,38,6
510,38,6
511,38,6
512,38,6
513,38,6
514,38,6
515,38,6
516,38,6
517,38,6
518,38,6
519,38,6
520,38,6
521,38,6
522,38,6
523,38,6
524,38,6
525,38,6
526,38,6
527,38,6
528,38,6
529,38,56
530,38,56
531,38,56
532,38,56
533,38,56
534,38,56
535,38,56
536,38,56
537,38,56
538,38,56
539,38,56
540,38,56
541,38,56
542,38,56
543,38,56
544,38,56
545,38,56
546,38,56
547,38,56
548,38,56
549,38,56
550,38,56
551,38,56
552,38,56
553,38,56
554,38,40
555,38,31
556,38,88
557,38,3
558,38,17
559,38,4
560,38,8
561,38,8
562,38,40
563,38,88
564,38,40
565,38,94
566,38,91
567,38,4
568,38,8
569,38,54
570,38,54
571,38,40
572,38,88
573,38,91
574,38,88
575,38,9
576,38,88
577,38,31
578,38,8
579,38,14
580,38,54
581,38,17
582,38,7
583,38,8
584,38,9
585,38,88
586,38,88
587,38,43
588,38,31
589,38,88
590,38,17
591,38,40
592,38,40
593,38,4
594,38,36
595,38,31
596,38,7
597,38,7
598,38,2
599,38,9
600,38,36
601,38,6
602,38,40
603,38,2
604,38,2
605,38,36
606,38,7
607,38,7
608,38,91
609,38,4
610,38,54
611,38,7
612,38,56
613,38,56
614,38,36
615,38,91
616,38,43
617,38,88
618,38,7
619,38,40
620,38,94
621,38,43
622,38,43
