id,status,chance_of_playing_next_round,chance_of_playing_this_round,now_cost,now_cost_rank,now_cost_rank_type,cost_change_event,cost_change_event_fall,cost_change_start,cost_change_start_fall,selected_by_percent,selected_rank,selected_rank_type,total_points,event_points,points_per_game,points_per_game_rank,points_per_game_rank_type,bonus,bps,form,form_rank,form_rank_type,value_form,value_season,dreamteam_count,transfers_in,transfers_in_event,transfers_out,transfers_out_event,ep_next,ep_this,expected_goals,expected_assists,expected_goal_involvements,expected_goals_conceded,expected_goals_per_90,expected_assists_per_90,expected_goal_involvements_per_90,expected_goals_conceded_per_90,influence,influence_rank,influence_rank_type,creativity,creativity_rank,creativity_rank_type,threat,threat_rank,threat_rank_type,ict_index,ict_index_rank,ict_index_rank_type,corners_and_indirect_freekicks_order,direct_freekicks_order,penalties_order,gw,set_piece_threat,first_name,second_name,web_name,news,news_added,minutes,goals_scored,assists,clean_sheets,goals_conceded,own_goals,penalties_saved,penalties_missed,yellow_cards,red_cards,saves,starts,defensive_contribution,corners_and_indirect_freekicks_text,direct_freekicks_text,penalties_text,saves_per_90,clean_sheets_per_90,goals_conceded_per_90,starts_per_90,defensive_contribution_per_90,tackles,clearances_blocks_interceptions,recoveries
667,a,,,4.0,628,69,0,0,0,0,0.0,502,57,0,0,0.0,452,45,0,0,0.0,452,45,0.0,0.0,0,2814,2814,178,178,1.0,1.0,0.0,0.0,0.0,0.0,0.0,0.0,0.0,0.0,0.0,421,44,0.0,415,25,0.0,355,21,0.0,426,44,,,,5,,James,Wright,Wright,,,0,0,0,0,0,0,0,0,0,0,0,0,0,,,,0.0,0.0,0.0,0.0,0.0,0,0,0
74,a,100.0,100.0,5.0,244,152,0,0,0,0,0.1,491,194,3,1,0.8,406,194,0,8,0.6,319,148,0.1,0.6,0,3268,86,3632,174,0.6,0.6,0.0,0.07,0.07,0.75,0.0,0.14,0.14,1.5,4.2,345,157,1.9,315,159,2.0,304,149,0.8,360,167,4.0,3.0,,5,,David,Brooks,Brooks,,,45,0,0,0,2,0,0,0,1,0,0,0,5,,,,0.0,0.0,4.0,0.0,10.0,0,2,3
573,a,,,4.4,571,151,0,0,-1,1,0.2,358,135,0,0,0.0,486,184,0,0,0.0,486,184,0.0,0.0,0,1505,85,6870,213,0.0,0.0,0.0,0.0,0.0,0.0,0.0,0.0,0.0,0.0,0.0,457,181,0.0,451,181,0.0,400,169,0.0,462,181,,,,5,,Juanlu,Sánchez,Sanchez,,,0,0,0,0,0,0,0,0,0,0,0,0,0,,,,0.0,0.0,0.0,0.0,0.0,0,0,0
107,i,0.0,0.0,4.5,522,74,0,0,0,0,0.9,192,30,0,0,0.0,542,58,0,0,0.0,542,58,0.0,0.0,0,61406,333,62635,5473,0.0,0.0,0.0,0.0,0.0,0.0,0.0,0.0,0.0,0.0,0.0,514,52,0.0,513,57,0.0,470,51,0.0,519,55,,,,5,,Kaye,Furo,Furo,Unspecified injury - Unknown return date,,0,0,0,0,0,0,0,0,0,0,0,0,0,,,,0.0,0.0,0.0,0.0,0.0,0,0,0
614,a,,,4.5,497,122,0,0,0,0,0.0,508,179,0,0,0.0,523,195,0,0,0.0,523,195,0.0,0.0,0,3887,148,1850,145,0.0,0.0,0.0,0.0,0.0,0.0,0.0,0.0,0.0,0.0,0.0,494,192,0.0,494,192,0.0,450,185,0.0,499,192,,,,5,,Jaouen,Hadjam,Hadjam,,,0,0,0,0,0,0,0,0,0,0,0,0,0,,,,0.0,0.0,0.0,0.0,0.0,0,0,0
170,i,0.0,0.0,5.0,309,59,0,0,0,0,0.1,403,59,0,0,0.0,618,69,0,0,0.0,618,69,0.0,0.0,0,6036,36,12098,591,0.0,0.0,0.0,0.0,0.0,0.0,0.0,0.0,0.0,0.0,0.0,602,63,0.0,609,68,0.0,584,62,0.0,607,66,,,,5,,Emmanuel,Emegha,Emegha,Hamstring injury - Expected back 10 Oct,,0,0,0,0,0,0,0,0,0,0,0,0,0,,,,0.0,0.0,0.0,0.0,0.0,0,0,0
560,a,,,4.4,574,47,0,0,-1,1,0.1,472,54,0,0,0.0,489,51,0,0,0.0,489,51,0.0,0.0,0,1908,133,3480,160,0.0,0.0,0.0,0.0,0.0,0.0,0.0,0.0,0.0,0.0,0.0,460,51,0.0,454,32,0.0,403,28,0.0,465,51,,,,5,,Mike,Penders,Penders,,,0,0,0,0,0,0,0,0,0,0,0,0,0,,,,0.0,0.0,0.0,0.0,0.0,0,0,0
196,u,0.0,0.0,5.0,324,61,0,0,0,0,0.0,627,78,0,0,0.0,625,70,0,0,0.0,625,70,0.0,0.0,0,0,0,1159,32,0.0,0.0,0.0,0.0,0.0,0.0,0.0,0.0,0.0,0.0,0.0,609,64,0.0,616,69,0.0,592,63,0.0,614,67,,,,5,,Jahnoah,Markelo,Markelo,Has joined Shabab Al-Ahli Dubai permanently,,0,0,0,0,0,0,0,0,0,0,0,0,0,,,,0.0,0.0,0.0,0.0,0.0,0,0,0
284,a,,,4.0,661,211,0,0,0,0,0.1,423,153,0,0,0.0,479,181,0,0,0.0,479,181,0.0,0.0,0,4747,213,4378,226,0.0,0.0,0.0,0.0,0.0,0.0,0.0,0.0,0.0,0.0,0.0,449,178,0.0,443,178,0.0,386,162,0.0,454,178,,,,5,,Cathal,McCarthy,McCarthy,,,0,0,0,0,0,0,0,0,0,0,0,0,0,,,,0.0,0.0,0.0,0.0,0.0,0,0,0
538,u,0.0,0.0,4.0,627,182,0,0,0,0,0.0,522,183,0,0,0.0,451,158,0,0,0.0,451,158,0.0,0.0,0,0,0,2452,81,0.0,0.0,0.0,0.0,0.0,0.0,0.0,0.0,0.0,0.0,0.0,420,154,0.0,414,154,0.0,354,135,0.0,425,154,,,,5,,Leo Fuhr,Hjelde,Hjelde,Has joined KV Mechelen on loan for the rest of the season,,0,0,0,0,0,0,0,0,0,0,0,0,0,,,,0.0,0.0,0.0,0.0,0.0,0,0,0
545,a,,,4.9,401,244,0,0,-1,1,0.2,319,114,10,2,2.0,231,101,0,75,2.0,190,87,0.4,2.0,0,5529,216,17780,755,2.0,2.0,0.44,0.24,0.68,6.47,0.1,0.05,0.15,1.42,52.8,146,51,56.2,77,56,80.0,37,21,18.9,63,43,,,,5,,Noah,Sadiki,Sadiki,,,410,0,0,1,9,0,0,0,1,0,0,5,29,,,,0.0,0.22,1.98,1.1,6.37,6,11,12
546,u,0.0,0.0,4.9,393,236,0,0,-1,1,0.0,555,228,0,0,0.0,587,248,0,0,0.0,587,248,0.0,0.0,0,240,0,7350,122,0.0,0.0,0.0,0.0,0.0,0.0,0.0,0.0,0.0,0.0,0.0,566,233,0.0,568,239,0.0,531,213,0.0,571,235,,,,5,,Simon,Adingra,Adingra,Has joined Ajax on loan for the rest of the season,,0,0,0,0,0,0,0,0,0,0,0,0,0,,,,0.0,0.0,0.0,0.0,0.0,0,0,0
547,i,0.0,0.0,4.9,378,227,0,0,-1,1,0.0,633,272,1,0,1.0,336,146,0,2,0.2,396,182,0.0,0.2,0,197,6,649,31,0.0,0.0,0.17,0.0,0.17,0.09,15.3,0.0,15.3,8.1,8.0,313,141,0.1,376,185,17.0,171,89,2.5,308,139,,,,5,,Romaine,Mundle,Mundle,Knee injury - Unknown return date,,1,0,0,0,0,0,0,0,0,0,0,0,1,,,,0.0,0.0,0.0,0.0,90.0,0,1,0
548,a,,,4.9,398,241,0,0,-1,1,0.0,499,197,2,0,1.0,340,149,0,6,0.4,357,167,0.1,0.4,0,447,10,2733,113,0.4,0.4,0.0,0.0,0.0,0.44,0.0,0.0,0.0,2.33,0.0,570,237,0.3,364,178,0.0,535,217,0.0,575,239,,,,5,,Chris,Rigg,Rigg,,,17,0,0,0,1,0,0,0,0,0,0,0,1,,,,0.0,0.0,5.29,0.0,5.29,0,0,1
549,a,,,5.3,232,146,0,0,-2,2,0.1,382,139,1,0,1.0,367,167,0,1,0.2,409,192,0.0,0.2,0,1296,63,11548,328,0.2,0.2,0.0,0.0,0.0,0.14,0.0,0.0,0.0,0.41,0.0,621,267,0.9,340,169,0.0,608,259,0.0,625,268,,,,5,,Chemsdine,Talbi,Talbi,,,31,0,0,0,1,0,0,0,0,0,0,0,2,,,,0.0,0.0,2.9,0.0,5.81,0,0,2
550,a,,,5.0,340,204,0,0,0,0,0.0,630,269,0,0,0.0,630,273,0,0,0.0,630,273,0.0,0.0,0,289,15,403,22,0.0,0.0,0.0,0.0,0.0,0.0,0.0,0.0,0.0,0.0,0.0,616,263,0.0,622,268,0.0,601,255,0.0,621,265,,,,5,,Djiamgone Jocelin Ta,Bi,Jocelin.T,,,0,0,0,0,0,0,0,0,0,0,0,0,0,,,,0.0,0.0,0.0,0.0,0.0,0,0,0
551,a,,,5.0,319,191,0,0,0,0,0.1,391,144,16,4,3.2,128,49,0,67,3.2,102,42,0.6,3.2,0,12525,246,10229,441,3.2,3.2,0.6,0.13,0.73,4.56,0.17,0.04,0.21,1.31,50.8,155,56,26.6,169,98,34.0,116,61,11.1,153,74,,1.0,,5,,Nilson,Angulo,N.Angulo,,,313,1,1,1,7,0,0,0,1,0,0,5,24,,,,0.0,0.29,2.01,1.44,6.9,5,5,14
4,a,,,8.0,8,1,0,0,0,0,22.9,14,4,25,1,5.0,60,25,2,90,5.0,48,20,0.6,3.1,0,221234,10991,878795,35904,5.0,5.0,0.51,0.2,0.71,4.03,0.1,0.04,0.14,0.81,69.0,101,45,8.9,252,87,84.0,33,3,16.1,89,24,,,,5,,Gabriel,dos Santos Magalhães,Gabriel,,,450,0,0,3,4,0,0,0,2,0,0,5,41,,,,0.0,0.6,0.8,1.0,8.2,6,35,17
5,a,100.0,100.0,6.5,39,3,0,0,0,0,0.3,280,103,1,0,0.5,418,145,0,-3,0.2,418,146,0.0,0.2,0,27704,6048,12550,1797,0.2,0.2,0.0,0.03,0.03,2.18,0.0,0.03,0.03,1.89,6.0,329,127,1.9,316,115,0.0,662,217,0.8,362,131,,,,5,,Jurriën,Timber,J.Timber,,,104,0,0,0,3,0,0,0,0,0,0,1,5,,,,0.0,0.0,2.6,0.87,4.33,3,2,7
6,i,0.0,0.0,5.9,88,8,0,0,-1,1,0.2,330,122,0,0,0.0,657,216,0,0,0.0,657,216,0.0,0.0,0,3269,187,18094,541,0.0,0.0,0.0,0.0,0.0,0.0,0.0,0.0,0.0,0.0,0.0,653,217,0.0,656,217,0.0,650,216,0.0,655,217,,,,5,,William,Saliba,Saliba,Back injury - Unknown return date,,0,0,0,0,0,0,0,0,0,0,0,0,0,,,,0.0,0.0,0.0,0.0,0.0,0,0,0
7,a,,,5.4,204,128,-1,1,-1,1,0.6,241,77,9,0,2.2,218,96,0,37,1.5,236,109,0.3,1.7,0,29118,441,47819,3015,1.5,1.5,0.16,0.23,0.39,1.02,0.05,0.08,0.13,0.34,21.6,252,105,40.2,129,81,16.0,175,90,7.0,221,101,,,,5,,Myles,Lewis-Skelly,Lewis-Skelly,,,271,0,0,2,1,0,0,0,0,0,0,4,14,,,,0.0,0.66,0.33,1.33,4.65,1,5,8
8,a,,,5.8,106,11,0,0,3,-3,50.6,3,1,29,1,5.8,35,14,2,76,5.0,45,18,0.9,5.0,0,1618430,38422,370740,32233,5.0,5.0,0.67,0.62,1.29,3.76,0.14,0.13,0.27,0.81,60.4,121,58,29.0,160,48,46.0,86,18,13.6,121,43,,,,5,,Riccardo,Calafiori,Calafiori,,,416,0,2,3,4,0,0,0,0,0,0,5,18,,,,0.0,0.65,0.87,1.08,3.89,6,12,13
158,a,,,5.8,105,68,-1,1,-2,2,0.0,548,225,0,0,0.0,652,288,0,0,0.0,652,288,0.0,0.0,0,1059,80,2738,108,0.0,0.0,0.0,0.0,0.0,0.0,0.0,0.0,0.0,0.0,0.0,647,286,0.0,651,286,0.0,643,283,0.0,650,286,,,,5,,Jamie,Bynoe-Gittens,Gittens,,,0,0,0,0,0,0,0,0,0,0,0,0,0,,,,0.0,0.0,0.0,0.0,0.0,0,0,0
659,a,,,4.5,546,287,0,0,0,0,0.0,513,204,0,0,0.0,559,229,0,0,0.0,559,229,0.0,0.0,0,4299,861,925,323,0.0,0.0,0.0,0.0,0.0,0.0,0.0,0.0,0.0,0.0,0.0,533,211,0.0,532,218,0.0,491,190,0.0,538,213,,,,5,,Mason,Miley,Miley,,,0,0,0,0,0,0,0,0,0,0,0,0,0,,,,0.0,0.0,0.0,0.0,0.0,0,0,0
487,a,,,4.9,369,222,0,0,-1,1,0.1,484,189,1,0,1.0,335,145,0,3,0.2,395,181,0.0,0.2,0,1175,37,3971,169,0.2,0.2,0.0,0.0,0.0,0.0,0.0,0.0,0.0,0.0,0.2,384,178,0.0,556,232,0.0,519,206,0.0,561,228,,,,5,,Nicolás,Domínguez,Dominguez,,,1,0,0,0,0,0,0,0,0,0,0,0,0,,,,0.0,0.0,0.0,0.0,0.0,0,0,0
1,a,,,6.1,59,1,1,-1,1,-1,42.0,4,1,30,1,6.0,32,2,3,104,6.0,21,2,1.0,4.9,0,919862,79463,613037,20633,6.0,6.0,0.0,0.01,0.01,4.03,0.0,0.0,0.0,0.81,84.0,73,12,0.2,374,4,0.0,656,73,8.5,198,13,,,,5,,David,Raya Martín,Raya,,,450,0,0,3,4,0,1,0,0,0,9,5,0,,,,1.8,0.6,0.8,1.0,0.0,1,6,58
2,a,,,4.9,345,16,0,0,-1,1,0.1,460,52,0,0,0.0,569,68,0,0,0.0,569,68,0.0,0.0,0,1436,59,4134,121,0.0,0.0,0.0,0.0,0.0,0.0,0.0,0.0,0.0,0.0,0.0,545,68,0.0,545,56,0.0,505,54,0.0,550,68,,,,5,,Kepa,Arrizabalaga Revuelta,Arrizabalaga,,,0,0,0,0,0,0,0,0,0,0,0,0,0,,,,0.0,0.0,0.0,0.0,0.0,0,0,0
3,a,,,4.9,371,18,0,0,-1,1,0.0,544,62,0,0,0.0,578,69,0,0,0.0,578,69,0.0,0.0,0,488,21,1507,47,0.0,0.0,0.0,0.0,0.0,0.0,0.0,0.0,0.0,0.0,0.0,557,69,0.0,557,58,0.0,520,56,0.0,562,69,,,,5,,Illan,Meslier,Meslier,,,0,0,0,0,0,0,0,0,0,0,0,0,0,,,,0.0,0.0,0.0,0.0,0.0,0,0,0
9,a,,,5.2,237,34,-1,1,-3,3,0.9,194,72,2,0,1.0,361,136,0,6,0.2,406,145,0.0,0.4,0,15479,660,114988,3277,0.2,0.2,0.0,0.0,0.0,0.28,0.0,0.0,0.0,0.79,6.4,327,126,1.0,336,124,2.0,308,117,1.0,348,127,,,,5,,Piero,Hincapié,Hincapie,,,32,0,0,0,0,0,0,0,0,0,0,0,3,,,,0.0,0.0,0.0,0.0,8.44,1,2,0
10,d,75.0,100.0,5.5,132,15,0,0,0,0,5.3,73,29,21,0,5.2,53,22,3,78,2.5,157,59,0.5,3.8,0,455724,2966,532148,33367,1.9,2.5,0.18,0.29,0.47,1.15,0.05,0.08,0.13,0.33,69.6,98,44,53.0,83,20,29.0,125,35,15.2,97,30,,,,5,,Benjamin,White,White,Groin injury - 75% chance of playing,,315,0,1,2,1,0,0,0,0,0,0,4,18,,,,0.0,0.57,0.29,1.14,5.14,6,12,9
11,a,100.0,100.0,5.3,231,32,0,0,-2,2,1.7,141,56,12,0,6.0,28,12,0,52,1.5,235,84,0.3,2.3,0,30715,550,463672,4943,1.5,1.5,0.0,0.01,0.01,0.53,0.0,0.01,0.01,0.28,24.6,241,99,2.0,313,113,0.0,607,212,2.7,304,113,,,,5,,Cristhian,Mosquera,Mosquera,,,168,0,0,2,0,0,0,0,0,0,0,2,10,,,,0.0,1.07,0.0,1.07,5.36,0,10,3
12,a,,,9.5,4,3,0,0,0,0,13.4,30,11,32,2,6.4,19,8,4,137,5.8,24,11,0.6,3.4,0,729350,49728,373658,23807,5.8,5.8,3.22,0.98,4.2,3.58,0.7,0.21,0.91,0.77,139.8,8,6,78.8,43,36,204.0,1,1,42.2,2,2,2.0,2.0,1.0,5,,Bukayo,Saka,Saka,,,416,3,0,3,4,0,0,0,0,0,0,5,31,,,,0.0,0.65,0.87,1.08,6.71,6,8,17
13,a,,,7.4,18,11,0,0,-1,1,12.2,34,14,20,1,4.0,100,40,0,91,4.2,75,31,0.6,2.7,0,117462,5616,668429,25755,4.2,4.2,0.12,0.69,0.81,3.5,0.03,0.15,0.18,0.77,109.6,29,13,90.3,33,29,4.0,293,143,20.4,48,35,1.0,1.0,,5,,Declan,Rice,Rice,,,411,0,2,3,4,0,0,0,1,0,0,5,42,,,,0.0,0.66,0.88,1.09,9.2,7,18,17
14,a,,,6.3,48,32,0,0,-2,2,1.0,175,56,4,1,1.0,397,191,0,18,0.8,302,140,0.1,0.6,0,21848,929,136403,3559,0.8,0.8,0.04,0.09,0.13,1.33,0.04,0.1,0.14,1.41,1.8,369,170,3.8,289,149,5.0,275,139,0.9,357,165,,3.0,,5,,Eberechi,Eze,Eze,,,85,0,0,0,0,0,0,0,0,0,0,0,5,,,,0.0,0.0,0.0,0.0,5.29,0,0,5
15,a,,,6.8,31,20,0,0,3,-3,19.9,18,8,29,2,5.8,36,17,6,137,4.5,60,21,0.7,4.3,0,1595767,40047,509579,50130,4.5,4.5,1.08,1.32,2.4,3.23,0.26,0.32,0.58,0.77,121.8,16,11,160.7,4,4,68.0,52,33,35.1,10,8,,4.0,3.0,5,,Martin,Ødegaard,Ødegaard,,,377,2,0,3,4,0,0,0,0,0,0,5,23,,,,0.0,0.72,0.95,1.19,5.49,6,5,12
16,a,,,6.2,57,40,0,0,-3,3,0.2,327,117,2,0,1.0,395,189,0,11,0.2,417,198,0.0,0.3,0,5666,386,25250,830,0.2,0.2,0.0,0.05,0.05,0.15,0.0,0.2,0.2,0.59,11.6,287,121,43.9,113,73,0.0,658,293,5.6,246,111,5.0,,,5,,Noni,Madueke,Madueke,,,23,0,0,0,0,0,0,0,0,0,0,0,3,,,,0.0,0.0,0.0,0.0,11.74,1,0,2
17,a,,,5.8,99,63,0,0,-2,2,0.4,272,91,4,1,0.8,410,195,0,19,0.8,298,139,0.1,0.7,0,9054,317,46894,1604,0.8,0.8,0.14,0.15,0.29,0.96,0.16,0.17,0.33,1.07,6.6,324,147,3.4,292,151,14.0,198,101,2.4,313,143,,,,5,,Mikel,Merino Zazón,Merino,,,81,0,0,0,0,0,0,0,1,0,0,0,10,,,,0.0,0.0,0.0,0.0,11.11,0,1,9
18,u,0.0,0.0,6.3,50,34,0,0,-2,2,0.1,458,180,0,0,0.0,661,295,0,0,0.0,661,295,0.0,0.0,0,2483,0,21581,280,0.0,0.0,0.0,0.0,0.0,0.0,0.0,0.0,0.0,0.0,0.0,660,294,0.0,661,294,0.0,659,294,0.0,660,294,,,,5,,Gabriel,Martinelli Silva,Martinelli,Has joined Al Hilal permanently,,0,0,0,0,0,0,0,0,0,0,0,0,0,,,,0.0,0.0,0.0,0.0,0.0,0,0,0
524,a,,,4.4,572,296,0,0,-1,1,1.0,184,57,0,0,0.0,487,203,0,0,0.0,487,203,0.0,0.0,0,52887,3271,46101,4256,0.0,0.0,0.0,0.0,0.0,0.0,0.0,0.0,0.0,0.0,0.0,458,184,0.0,452,191,0.0,401,163,0.0,463,186,,,,5,,Callum,Olusesi,Olusesi,,,0,0,0,0,0,0,0,0,0,0,0,0,0,,,,0.0,0.0,0.0,0.0,0.0,0,0,0
19,a,,,5.3,229,144,0,0,-2,2,0.6,236,74,5,1,1.0,365,165,0,16,1.0,278,127,0.2,0.9,0,8243,228,64934,1991,1.0,1.0,0.21,0.04,0.25,1.38,0.21,0.04,0.25,1.4,13.4,277,116,4.2,282,147,11.0,216,109,2.9,297,134,,,,5,,Martín,Zubimendi Ibáñez,Zubimendi,,,89,0,0,0,0,0,0,0,0,0,0,0,12,,,,0.0,0.0,0.0,0.0,12.13,4,5,3
20,a,,,5.3,235,149,0,0,-2,2,0.1,470,183,1,1,1.0,370,170,0,4,0.2,410,193,0.0,0.2,0,2828,240,7024,305,0.2,0.2,0.0,0.08,0.08,0.31,0.0,0.8,0.8,3.1,0.0,622,268,0.0,625,270,0.0,609,260,0.0,626,269,,,,5,,Max,Dowman,Dowman,,,9,0,0,0,0,0,0,0,0,0,0,0,0,,,,0.0,0.0,0.0,0.0,0.0,0,0,0
22,u,0.0,0.0,5.4,205,129,0,0,-1,1,0.0,629,268,0,0,0.0,638,278,0,0,0.0,638,278,0.0,0.0,0,233,0,1225,25,0.0,0.0,0.0,0.0,0.0,0.0,0.0,0.0,0.0,0.0,0.0,631,274,0.0,634,276,0.0,621,269,0.0,635,275,,,,5,,Ethan,Nwaneri,Nwaneri,Has joined Borussia Dortmund on loan for the rest of the season,,0,0,0,0,0,0,0,0,0,0,0,0,0,,,,0.0,0.0,0.0,0.0,0.0,0,0,0
23,u,0.0,0.0,5.5,144,87,0,0,0,0,0.0,632,271,0,0,0.0,647,283,0,0,0.0,647,283,0.0,0.0,0,255,0,902,23,0.0,0.0,0.0,0.0,0.0,0.0,0.0,0.0,0.0,0.0,0.0,640,279,0.0,646,281,0.0,633,274,0.0,644,280,,,,5,,Fábio,Ferreira Vieira,Fábio Vieira,Has joined Hamburger SV permanently,,0,0,0,0,0,0,0,0,0,0,0,0,0,,,,0.0,0.0,0.0,0.0,0.0,0,0,0
24,u,0.0,0.0,5.5,133,80,0,0,0,0,0.0,638,276,0,0,0.0,644,280,0,0,0.0,644,280,0.0,0.0,0,68,0,662,8,0.0,0.0,0.0,0.0,0.0,0.0,0.0,0.0,0.0,0.0,0.0,637,276,0.0,642,278,0.0,629,271,0.0,641,277,,,,5,,Reiss,Nelson,Nelson,has departed the club as a free agent.,,0,0,0,0,0,0,0,0,0,0,0,0,0,,,,0.0,0.0,0.0,0.0,0.0,0,0,0
25,a,,,7.1,24,8,-1,1,-4,4,3.1,101,15,2,1,1.0,399,47,0,7,0.5,344,41,0.1,0.3,0,30984,2761,602927,8603,0.5,0.5,0.0,0.23,0.23,0.65,0.0,0.71,0.71,2.02,0.0,663,77,0.1,379,49,0.0,663,77,0.0,663,77,,,2.0,5,,Viktor,Gyökeres,Gyökeres,,,29,0,0,0,0,0,0,0,0,0,0,0,1,,,,0.0,0.0,0.0,0.0,3.1,0,0,1
26,a,,,7.6,17,6,0,0,1,-1,8.5,46,7,19,2,3.8,108,11,2,82,3.2,106,10,0.4,2.5,0,635188,31955,385043,24571,3.2,3.2,1.67,0.37,2.04,3.91,0.34,0.08,0.42,0.81,84.2,72,6,66.0,57,3,137.0,6,4,28.7,20,5,,,,5,,Kai,Havertz,Havertz,,,437,2,0,3,4,0,0,0,1,0,0,5,13,,,,0.0,0.62,0.82,1.03,2.68,0,6,7
27,u,0.0,0.0,5.9,82,21,0,0,-1,1,0.1,368,56,0,0,0.0,655,77,0,0,0.0,655,77,0.0,0.0,0,4164,0,28761,486,0.0,0.0,0.0,0.0,0.0,0.0,0.0,0.0,0.0,0.0,0.0,650,73,0.0,654,77,0.0,647,74,0.0,653,76,,,,5,,Gabriel,Fernando de Jesus,G.Jesus,Has joined FC Barcelona permanently,,0,0,0,0,0,0,0,0,0,0,0,0,0,,,,0.0,0.0,0.0,0.0,0.0,0,0,0
31,a,,,4.6,423,80,1,-1,1,-1,19.4,19,5,12,1,3.0,138,59,0,36,3.0,110,42,0.7,2.6,0,1427310,54003,613692,22584,3.0,3.0,0.23,0.02,0.25,3.5,0.07,0.01,0.08,1.12,34.4,210,89,1.7,321,116,4.0,282,104,4.0,277,105,,,,5,,Ezri,Konsa Ngoyo,Konsa,,,281,0,0,1,4,0,0,0,0,0,0,3,23,,,,0.0,0.32,1.28,0.96,7.37,5,18,9
452,a,100.0,100.0,6.7,32,21,0,0,-3,3,1.8,136,42,9,1,3.0,158,67,1,45,2.2,183,85,0.3,1.3,0,27376,2430,240928,3855,2.2,2.2,0.09,0.16,0.25,2.18,0.07,0.12,0.19,1.6,36.8,196,79,4.7,279,146,13.0,204,104,5.4,252,112,4.0,,4.0,5,,Bruno,Guimarães Rodriguez Moura,Bruno G.,,,123,1,0,0,3,0,0,0,0,0,0,1,12,,,,0.0,0.0,2.2,0.73,8.78,1,3,8
557,a,,,6.3,49,33,-1,1,-2,2,12.6,33,13,16,2,3.2,132,52,1,81,2.5,158,70,0.4,2.5,0,456559,6192,1557282,94074,2.5,2.5,0.19,0.55,0.74,2.73,0.05,0.14,0.19,0.68,51.4,154,55,108.9,22,20,40.0,100,55,20.1,50,37,3.0,,,5,,Christos,Tzolis,Tzolis,,,362,0,2,2,4,0,0,0,2,0,0,5,23,,,,0.0,0.5,0.99,1.24,5.72,4,7,12
29,i,0.0,0.0,4.5,430,24,0,0,0,0,0.1,392,44,1,0,1.0,316,24,0,1,0.2,388,24,0.0,0.2,0,4622,28,6952,576,0.0,0.0,0.0,0.0,0.0,3.77,0.0,0.0,0.0,3.77,28.2,230,21,0.0,459,35,0.0,408,31,2.8,299,21,,,,5,,Marco,Bizot,M.Bizot,Back injury - Expected back 10 Oct,,90,0,0,0,4,0,0,0,0,0,3,1,0,,,,3.0,0.0,4.0,1.0,0.0,0,2,6
30,u,0.0,0.0,4.5,435,87,0,0,0,0,0.0,496,176,0,0,0.0,495,186,0,0,0.0,495,186,0.0,0.0,0,0,0,8520,109,0.0,0.0,0.0,0.0,0.0,0.0,0.0,0.0,0.0,0.0,0.0,466,183,0.0,462,183,0.0,411,171,0.0,471,183,,,,5,,Lucas,Digne,Digne,Has joined Paris Saint-Germain permanently,,0,0,0,0,0,0,0,0,0,0,0,0,0,,,,0.0,0.0,0.0,0.0,0.0,0,0,0
32,a,100.0,100.0,4.4,559,141,0,0,-1,1,4.9,76,30,6,-1,1.5,270,96,0,16,1.2,257,93,0.3,1.4,0,94133,1482,408237,14248,1.2,1.2,0.15,0.04,0.19,5.95,0.05,0.01,0.06,1.81,32.4,215,92,19.2,198,64,13.0,200,67,6.5,230,84,1.0,,,5,,Matty,Cash,Cash,,,296,0,0,1,7,0,0,0,2,0,0,3,17,,,,0.0,0.3,2.13,0.91,5.17,6,11,2
33,a,,,4.5,440,88,0,0,0,0,0.4,270,98,10,3,2.5,188,74,0,43,2.0,186,69,0.4,2.2,0,15608,888,16727,703,2.0,2.0,0.2,0.02,0.22,4.43,0.07,0.01,0.08,1.53,32.4,216,93,5.0,273,97,17.0,169,53,5.4,249,91,,,,5,,Tyrone,Mings,Mings,,,261,0,0,1,4,0,0,0,1,0,0,2,24,,,,0.0,0.34,1.38,0.69,8.28,4,20,7
34,i,0.0,0.0,4.5,470,110,0,0,0,0,0.3,287,105,3,0,1.0,317,121,0,-4,0.6,312,113,0.1,0.7,0,11209,16,26196,1838,0.0,0.0,0.0,0.01,0.01,4.79,0.0,0.0,0.0,2.31,11.2,290,118,1.9,314,114,2.0,300,113,1.5,333,120,,,,5,,Pau,Torres,Pau,Hamstring injury - Expected back 10 Oct,,187,0,0,0,5,0,0,0,0,0,0,3,9,,,,0.0,0.0,2.41,1.44,4.33,1,8,9
35,a,,,5.0,314,188,0,0,0,0,0.1,474,186,1,0,1.0,353,158,0,3,0.2,404,189,0.0,0.2,0,2833,92,4558,230,0.2,0.2,0.0,0.0,0.0,0.22,0.0,0.0,0.0,1.24,2.2,364,167,0.5,356,176,0.0,586,245,0.3,379,176,,,,5,,Lamare,Bogarde,Bogarde,,,16,0,0,0,0,0,0,0,0,0,0,0,1,,,,0.0,0.0,0.0,0.0,5.62,0,1,0
36,i,0.0,0.0,4.5,476,115,0,0,0,0,0.5,245,93,9,0,2.2,207,83,1,22,1.8,202,75,0.4,2.0,0,31867,25,59356,3618,0.0,0.0,0.28,0.45,0.73,6.54,0.08,0.12,0.2,1.76,34.8,207,88,24.5,175,56,43.0,90,20,10.2,169,65,,,,5,,Ian,Maatsen,Maatsen,Ankle injury - Unknown return date,,335,0,0,1,7,0,0,0,1,0,0,4,24,,,,0.0,0.27,1.88,1.07,6.45,7,17,10
37,a,,,4.5,449,95,0,0,0,0,0.3,285,104,8,1,1.6,263,93,0,28,1.6,219,79,0.4,1.8,0,14130,530,13640,617,1.6,1.6,0.44,0.17,0.61,9.22,0.09,0.03,0.12,1.84,55.6,136,62,27.3,167,52,37.0,106,28,12.0,144,54,,,,5,,Victor,Lindelöf,Lindelöf,,,450,0,0,1,9,1,0,0,0,0,0,5,22,,,,0.0,0.2,1.8,1.0,4.4,1,21,7
38,a,,,4.0,655,205,0,0,0,0,1.5,149,60,0,0,0.0,473,175,0,0,0.0,473,175,0.0,0.0,0,44450,1004,65124,3224,0.0,0.0,0.0,0.0,0.0,0.0,0.0,0.0,0.0,0.0,0.0,443,172,0.0,437,172,0.0,380,156,0.0,448,172,,,,5,,Andrés,García,A.García,,,0,0,0,0,0,0,0,0,0,0,0,0,0,,,,0.0,0.0,0.0,0.0,0.0,0,0,0
39,u,0.0,0.0,4.0,652,203,0,0,0,0,0.1,378,145,0,0,0.0,471,174,0,0,0.0,471,174,0.0,0.0,0,0,0,14955,270,0.0,0.0,0.0,0.0,0.0,0.0,0.0,0.0,0.0,0.0,0.0,441,171,0.0,435,171,0.0,377,154,0.0,446,171,,,,5,,Kosta,Nedeljkovic,Nedeljkovic,Has joined Rangers on loan for the rest of the season,,0,0,0,0,0,0,0,0,0,0,0,0,0,,,,0.0,0.0,0.0,0.0,0.0,0,0,0
41,a,,,5.9,81,54,0,0,-1,1,0.9,188,60,21,12,4.2,84,36,3,73,4.2,74,30,0.7,3.6,0,54140,6156,93213,2068,4.2,4.2,0.92,0.24,1.16,7.86,0.21,0.05,0.26,1.76,5.0,338,154,44.2,111,71,24.0,139,71,6.4,233,104,3.0,1.0,1.0,5,,Emiliano,Buendía Stati,Buendía,,,401,1,0,1,8,0,0,0,0,0,0,5,34,,,,0.0,0.22,1.8,1.12,7.63,9,5,20
44,u,0.0,0.0,5.4,182,115,0,0,-1,1,0.1,489,193,0,0,0.0,636,276,0,0,0.0,636,276,0.0,0.0,0,2096,0,12996,265,0.0,0.0,0.0,0.0,0.0,0.0,0.0,0.0,0.0,0.0,0.0,627,271,0.0,630,273,0.0,616,265,0.0,631,272,,,,5,,Leon,Bailey,Bailey,Has joined Olympiakos permanently,,0,0,0,0,0,0,0,0,0,0,0,0,0,,,,0.0,0.0,0.0,0.0,0.0,0,0,0
45,a,,,5.4,170,107,0,0,-1,1,2.2,122,37,17,6,3.4,121,48,1,65,3.4,98,41,0.6,3.1,0,67381,3550,151428,4466,3.4,3.4,0.77,0.24,1.01,8.29,0.16,0.05,0.21,1.72,29.4,227,91,51.4,92,62,15.0,190,97,9.1,188,88,2.0,,,5,,John,McGinn,McGinn,,,434,0,2,2,7,0,0,0,2,0,0,5,30,,,,0.0,0.41,1.45,1.04,6.22,5,8,17
46,a,,,5.0,241,151,0,0,0,0,0.3,308,107,10,1,2.0,232,102,0,66,2.0,191,88,0.4,2.0,0,15857,300,15457,980,2.0,2.0,0.38,0.14,0.52,7.36,0.11,0.04,0.15,2.15,41.8,176,68,81.5,40,34,31.0,121,63,15.5,94,52,4.0,,,5,,Ross,Barkley,Barkley,,,308,0,0,1,8,0,0,0,0,0,0,4,28,,,,0.0,0.29,2.34,1.17,8.18,7,5,16
47,a,100.0,100.0,5.0,270,166,0,0,0,0,0.3,289,97,15,6,3.0,141,56,0,85,3.0,113,48,0.6,3.0,0,13866,657,20791,843,3.0,3.0,0.12,0.16,0.28,8.44,0.02,0.03,0.05,1.71,47.0,165,62,55.6,79,57,2.0,306,150,10.5,167,80,,,,5,,Boubacar,Kamara,Kamara,,,443,0,1,2,7,0,0,0,0,0,0,5,36,,,,0.0,0.41,1.42,1.02,7.31,9,11,16
48,i,0.0,0.0,4.9,376,225,0,0,-1,1,0.0,589,244,0,0,0.0,582,243,0,0,0.0,582,243,0.0,0.0,0,489,18,1618,48,0.0,0.0,0.0,0.0,0.0,0.0,0.0,0.0,0.0,0.0,0.0,561,228,0.0,561,234,0.0,524,208,0.0,566,230,,,,5,,Amadou,Onana,Onana,Knee injury - Unknown return date,,0,0,0,0,0,0,0,0,0,0,0,0,0,,,,0.0,0.0,0.0,0.0,0.0,0,0,0
49,u,0.0,0.0,5.0,289,174,0,0,0,0,0.0,658,291,0,0,0.0,606,259,0,0,0.0,606,259,0.0,0.0,0,0,0,232,7,0.0,0.0,0.0,0.0,0.0,0.0,0.0,0.0,0.0,0.0,0.0,590,248,0.0,596,253,0.0,569,236,0.0,595,250,,,,5,,Samuel,Iling-Junior,Iling Jr,Has joined Bolton Wanderers on loan for the rest of the season,,0,0,0,0,0,0,0,0,0,0,0,0,0,,,,0.0,0.0,0.0,0.0,0.0,0,0,0
50,a,,,4.5,542,284,0,0,0,0,0.6,239,76,0,0,0.0,555,226,0,0,0.0,555,226,0.0,0.0,0,21154,329,33605,1881,0.0,0.0,0.0,0.0,0.0,0.0,0.0,0.0,0.0,0.0,0.0,529,208,0.0,528,215,0.0,487,187,0.0,534,210,,,,5,,Bradley,Burrowes,Burrowes,,,0,0,0,0,0,0,0,0,0,0,0,0,0,,,,0.0,0.0,0.0,0.0,0.0,0,0,0
51,a,,,4.5,518,271,0,0,0,0,1.2,163,50,9,1,1.8,251,109,0,34,1.8,204,93,0.4,2.0,0,114449,1766,65671,5738,1.8,1.8,0.07,0.16,0.23,6.26,0.02,0.05,0.07,1.9,25.2,236,97,40.9,126,79,25.0,133,67,9.1,187,87,,,,5,,George,Hemmings,George Hemmings,,,297,0,0,1,7,0,0,0,0,0,0,4,19,,,,0.0,0.3,2.12,1.21,5.76,6,3,10
52,d,75.0,,5.0,338,203,0,0,0,0,0.1,495,195,8,0,2.0,234,103,0,34,1.6,225,103,0.3,1.6,0,3337,51,3311,448,1.2,1.6,0.06,0.0,0.06,2.4,0.06,0.0,0.06,2.48,39.8,184,73,4.9,275,144,25.0,135,69,7.0,219,100,,,,5,,Alysson Edward Franco,da Rocha dos Santos,Alysson,Unspecified injury - 75% chance of playing,,87,1,0,0,2,0,0,0,1,0,0,0,8,,,,0.0,0.0,2.07,0.0,8.28,2,2,4
53,a,100.0,100.0,5.9,94,60,0,0,-1,1,0.3,292,99,14,13,7.0,12,4,2,48,2.8,140,64,0.5,2.4,0,21033,18047,17818,1199,2.8,2.8,0.44,0.24,0.68,1.54,0.4,0.22,0.62,1.41,2.6,361,165,4.0,284,148,0.0,652,289,0.7,364,169,,,,5,,Johan,Manzambi,Manzambi,,,98,1,1,1,1,0,0,0,0,0,0,1,9,,,,0.0,0.92,0.92,0.92,8.27,2,2,5
54,a,100.0,100.0,5.5,145,88,0,0,0,0,0.0,507,201,2,4,1.0,385,181,0,11,0.4,369,176,0.1,0.4,0,1059,220,3996,87,0.4,0.4,0.0,0.03,0.03,4.14,0.0,0.02,0.02,2.89,1.0,380,176,11.0,241,127,0.0,634,275,1.2,347,160,,,,5,,Joao,Gomes,Gomes,,,129,0,0,0,6,0,0,0,0,1,0,2,20,,,,0.0,0.0,4.19,1.4,13.95,9,6,5
55,u,0.0,0.0,7.8,12,3,0,0,-2,2,2.6,113,19,0,0,0.0,666,79,0,0,0.0,666,79,0.0,0.0,0,14882,0,753474,6093,0.0,0.0,0.0,0.0,0.0,0.0,0.0,0.0,0.0,0.0,0.0,667,79,0.0,667,79,0.0,667,79,0.0,667,79,,,,5,,Ollie,Watkins,Watkins,Has joined Al Hilal permanently,,0,0,0,0,0,0,0,0,0,0,0,0,0,,,,0.0,0.0,0.0,0.0,0.0,0,0,0
56,a,100.0,100.0,5.5,130,35,0,0,0,0,0.2,342,54,4,1,1.0,384,44,0,13,0.8,295,30,0.1,0.7,0,14946,898,12055,879,0.8,0.8,0.0,0.0,0.0,2.69,0.0,0.0,0.0,3.41,3.2,356,37,3.8,288,36,2.0,313,42,0.9,356,40,,,,5,,Tammy,Abraham,Abraham,,,71,0,0,0,3,0,0,0,0,0,0,0,2,,,,0.0,0.0,3.8,0.0,2.54,1,0,1
160,a,,,5.8,108,69,0,0,-2,2,0.3,282,94,3,0,1.0,391,186,0,9,0.6,334,156,0.1,0.5,0,7196,248,39957,1504,0.6,0.6,0.0,0.0,0.0,0.49,0.0,0.0,0.0,1.42,1.2,377,175,3.6,291,150,0.0,644,284,0.5,367,171,,,,5,,Alejandro,Garnacho Ferreyra,Garnacho,,,31,0,0,0,0,0,0,0,0,0,0,0,2,,,,0.0,0.0,0.0,0.0,5.81,0,0,2
166,a,,,6.5,42,11,0,0,0,0,1.3,158,23,10,6,2.5,191,19,1,52,2.0,198,18,0.3,1.5,0,164126,18864,80782,3842,2.0,2.0,0.68,0.6,1.28,2.75,0.21,0.19,0.4,0.87,5.4,333,32,25.4,172,19,24.0,140,27,5.3,253,28,,,2.0,5,,Nicolas,Jackson,N.Jackson,,,286,1,0,1,2,0,0,0,2,0,0,4,9,,,,0.0,0.31,0.63,1.26,2.83,0,1,8
582,i,0.0,0.0,5.4,217,48,0,0,-1,1,0.2,329,52,0,0,0.0,641,75,0,0,0.0,641,75,0.0,0.0,0,2775,90,29847,1076,0.0,0.0,0.0,0.0,0.0,0.0,0.0,0.0,0.0,0.0,0.0,634,71,0.0,637,75,0.0,624,72,0.0,638,74,,,,5,,Brian,Madjo,Madjo,Unspecified injury - Unknown return date,,0,0,0,0,0,0,0,0,0,0,0,0,0,,,,0.0,0.0,0.0,0.0,0.0,0,0,0
596,a,,,4.5,488,120,0,0,0,0,0.1,433,158,5,3,1.7,260,92,0,17,1.0,270,98,0.2,1.1,0,2931,288,5448,184,1.0,1.0,0.03,0.02,0.05,2.05,0.02,0.02,0.04,1.63,6.6,321,123,2.6,304,109,0.0,441,183,0.9,350,129,,,,5,,Matteo,Ruggeri,Ruggeri,,,113,0,0,0,2,0,0,0,0,0,0,1,16,,,,0.0,0.0,1.59,0.8,12.74,2,14,11
597,a,,,5.0,279,12,0,0,0,0,1.9,132,19,16,2,4.0,91,9,3,80,3.2,100,12,0.6,3.2,0,145323,7759,59062,3203,3.2,3.2,0.0,0.01,0.01,5.45,0.0,0.0,0.0,1.36,79.4,76,14,0.0,592,68,0.0,564,67,8.0,207,15,,,,5,,Zion,Suzuki,Suzuki,,,360,0,0,1,5,0,0,0,0,0,15,4,0,,,,3.75,0.25,1.25,1.0,0.0,0,8,43
606,a,,,4.0,646,197,0,0,0,0,0.2,361,137,0,0,0.0,466,169,0,0,0.0,466,169,0.0,0.0,0,12860,164,5740,485,0.0,0.0,0.0,0.0,0.0,0.0,0.0,0.0,0.0,0.0,0.0,436,166,0.0,430,166,0.0,371,148,0.0,441,166,,,,5,,Triston,Rowe,Rowe,,,0,0,0,0,0,0,0,0,0,0,0,0,0,,,,0.0,0.0,0.0,0.0,0.0,0,0,0
607,u,0.0,0.0,4.5,513,269,0,0,0,0,0.1,467,182,0,0,0.0,536,215,0,0,0.0,536,215,0.0,0.0,0,7103,0,7827,383,0.0,0.0,0.0,0.0,0.0,0.0,0.0,0.0,0.0,0.0,0.0,508,196,0.0,507,203,0.0,464,175,0.0,513,198,,,,5,,Luka,Lynch,Lynch,Has joined Oxford United on loan until January,,0,0,0,0,0,0,0,0,0,0,0,0,0,,,,0.0,0.0,0.0,0.0,0.0,0,0,0
611,a,,,4.5,454,98,0,0,0,0,0.2,320,119,6,1,1.5,271,97,0,24,1.5,234,83,0.3,1.3,0,17643,790,7063,730,1.5,1.5,0.0,0.07,0.07,3.27,0.0,0.04,0.04,1.94,32.4,217,94,15.0,212,69,0.0,420,172,4.7,267,101,,,,5,,Aaron,Wan-Bissaka,Wan-Bissaka,,,152,0,0,0,2,0,0,0,0,0,0,2,21,,,,0.0,0.0,1.18,1.18,12.43,9,12,1
618,i,0.0,0.0,5.9,80,53,0,0,-1,1,0.0,552,226,0,0,0.0,654,290,0,0,0.0,654,290,0.0,0.0,0,4616,7,4560,246,0.0,0.0,0.0,0.0,0.0,0.0,0.0,0.0,0.0,0.0,0.0,649,288,0.0,653,288,0.0,646,286,0.0,652,288,,,,5,,Leon,Goretzka,Goretzka,Knee injury - Expected back 10 Oct,,0,0,0,0,0,0,0,0,0,0,0,0,0,,,,0.0,0.0,0.0,0.0,0.0,0,0,0
630,a,,,4.5,471,111,0,0,0,0,0.0,582,198,0,0,0.0,510,192,0,0,0.0,510,192,0.0,0.0,0,2075,98,909,103,0.0,0.0,0.0,0.0,0.0,0.0,0.0,0.0,0.0,0.0,0.0,481,189,0.0,479,189,0.0,429,178,0.0,486,189,,,,5,,Taylor,Harwood-Bellis,Harwood-Bellis,,,0,0,0,0,0,0,0,0,0,0,0,0,0,,,,0.0,0.0,0.0,0.0,0.0,0,0,0
631,a,,,6.0,77,51,0,0,0,0,0.1,464,181,2,1,1.0,393,187,0,8,0.7,305,142,0.1,0.3,0,10014,506,4390,709,0.7,0.7,0.02,0.13,0.15,1.64,0.05,0.35,0.4,4.47,9.0,307,135,15.2,211,118,19.0,161,84,4.3,271,118,,,,5,,Ibrahim,Mbaye,Mbaye,,,33,0,0,0,3,0,0,0,0,0,0,0,2,,,,0.0,0.0,8.18,0.0,5.45,1,0,1
57,a,,,4.5,480,38,0,0,0,0,3.0,103,17,9,2,1.8,250,22,0,45,1.8,203,17,0.4,2.0,0,109005,3022,118313,5642,1.8,1.8,0.0,0.0,0.0,6.95,0.0,0.0,0.0,1.39,74.0,86,17,0.0,483,49,0.0,436,45,7.4,212,17,,,,5,,Đorđe,Petrović,Petrović,,,450,0,0,0,8,0,0,0,0,0,11,5,0,,,,2.2,0.0,1.6,1.0,0.0,0,6,43
58,a,,,4.0,588,50,0,0,0,0,3.5,94,15,0,0,0.0,425,26,0,0,0.0,425,26,0.0,0.0,0,113799,4605,75198,3377,0.0,0.0,0.0,0.0,0.0,0.0,0.0,0.0,0.0,0.0,0.0,393,25,0.0,385,6,0.0,325,2,0.0,397,25,,,,5,,Fraser,Forster,Forster,,,0,0,0,0,0,0,0,0,0,0,0,0,0,,,,0.0,0.0,0.0,0.0,0.0,0,0,0
59,u,0.0,0.0,4.0,619,66,0,0,0,0,0.1,387,43,0,0,0.0,447,42,0,0,0.0,447,42,0.0,0.0,0,1133,0,7277,309,0.0,0.0,0.0,0.0,0.0,0.0,0.0,0.0,0.0,0.0,0.0,416,41,0.0,410,22,0.0,350,18,0.0,421,41,,,,5,,Will,Dennis,Dennis,Has joined MK Dons permanently,,0,0,0,0,0,0,0,0,0,0,0,0,0,,,,0.0,0.0,0.0,0.0,0.0,0,0,0
60,a,,,5.5,147,16,0,0,0,0,0.8,207,80,12,4,2.4,196,78,0,43,2.4,166,64,0.4,2.2,0,29237,1496,42129,1535,2.4,2.4,0.0,0.79,0.79,6.95,0.0,0.16,0.16,1.39,76.0,82,36,64.2,62,10,6.0,262,95,14.6,105,36,,,,5,,James,Hill,Hill,,,450,0,0,0,8,0,0,0,1,0,0,5,50,,,,0.0,0.0,1.6,1.0,10.0,9,41,11
61,a,,,5.5,155,18,0,0,0,0,3.1,102,38,10,2,2.0,238,90,2,53,2.0,195,73,0.4,1.8,0,54300,2431,154440,6157,2.0,2.0,0.11,0.29,0.4,6.95,0.02,0.06,0.08,1.39,92.0,59,22,58.7,72,14,34.0,117,31,18.6,67,12,,,,5,,Adrien,Truffert,Truffert,,,450,0,0,0,8,0,0,0,1,0,0,5,45,,,,0.0,0.0,1.6,1.0,9.0,17,28,24
62,a,,,4.9,367,65,-1,1,-1,1,0.2,364,139,0,0,0.0,577,205,0,0,0.0,577,205,0.0,0.0,0,6994,336,11575,510,0.0,0.0,0.0,0.0,0.0,0.0,0.0,0.0,0.0,0.0,0.0,556,205,0.0,555,205,0.0,518,202,0.0,560,205,,,,5,,Bafodé,Diakité,Diakité,,,0,0,0,0,0,0,0,0,0,0,0,0,0,,,,0.0,0.0,0.0,0.0,0.0,0,0,0
63,i,0.0,0.0,4.9,404,72,0,0,-1,1,0.0,619,209,0,0,0.0,591,207,0,0,0.0,591,207,0.0,0.0,0,317,11,816,19,0.0,0.0,0.0,0.0,0.0,0.0,0.0,0.0,0.0,0.0,0.0,572,207,0.0,573,207,0.0,540,204,0.0,577,207,,,,5,,Veljko,Milosavljevic,Milosavljević,Thigh injury - Unknown return date,,0,0,0,0,0,0,0,0,0,0,0,0,0,,,,0.0,0.0,0.0,0.0,0.0,0,0,0
64,a,,,4.5,428,84,0,0,0,0,0.1,386,146,4,2,0.8,403,139,0,14,0.8,285,104,0.2,0.9,0,7015,217,7055,227,0.8,0.8,0.01,0.09,0.1,6.7,0.0,0.02,0.02,1.39,43.6,172,72,43.6,115,31,4.0,280,102,9.1,186,71,,,,5,,Adam,Smith,Smith,,,434,0,0,0,8,0,0,0,3,0,0,5,21,,,,0.0,0.0,1.66,1.04,4.35,5,16,15
65,i,0.0,0.0,4.4,566,147,0,0,-1,1,0.0,602,204,0,0,0.0,484,183,0,0,0.0,484,183,0.0,0.0,0,403,19,1265,26,0.0,0.0,0.0,0.0,0.0,0.0,0.0,0.0,0.0,0.0,0.0,455,180,0.0,449,180,0.0,397,167,0.0,460,180,,,,5,,Julián,Araujo Zúñiga,J.Araujo,Thigh injury - Unknown return date,,0,0,0,0,0,0,0,0,0,0,0,0,0,,,,0.0,0.0,0.0,0.0,0.0,0,0,0
66,a,100.0,100.0,4.0,648,199,0,0,0,0,0.3,305,113,0,0,0.0,467,170,0,0,0.0,467,170,0.0,0.0,0,13506,415,10473,588,0.0,0.0,0.0,0.0,0.0,0.0,0.0,0.0,0.0,0.0,0.0,437,167,0.0,431,167,0.0,373,150,0.0,442,167,,,,5,,Julio,Soler Barreto,Soler,,,0,0,0,0,0,0,0,0,0,0,0,0,0,,,,0.0,0.0,0.0,0.0,0.0,0,0,0
67,a,,,6.3,51,35,-1,1,-2,2,1.6,146,45,10,2,2.0,243,107,0,45,2.0,197,91,0.3,1.6,0,50728,2058,164877,5381,2.0,2.0,0.87,0.43,1.3,6.35,0.18,0.09,0.27,1.32,22.0,249,104,33.5,144,89,91.0,25,14,14.7,104,55,,,,5,,Rayan Vitor,Simplício Rocha,Rayan,,,434,0,0,0,7,0,0,0,0,0,0,5,15,,,,0.0,0.0,1.45,1.04,3.11,5,6,4
68,a,,,6.1,60,41,0,0,1,-1,6.6,57,19,31,2,6.2,23,10,8,153,6.2,18,7,1.0,5.1,0,657515,46322,196492,21768,6.2,6.2,1.7,0.92,2.62,6.54,0.36,0.2,0.56,1.39,151.0,5,3,127.0,10,9,143.0,5,2,42.1,3,3,1.0,1.0,3.0,5,,Marcus,Tavernier,Tavernier,,,424,3,0,0,8,0,0,0,2,0,0,5,42,,,,0.0,0.0,1.7,1.06,8.92,11,5,26
69,a,,,6.1,63,44,0,0,1,-1,5.7,68,22,30,2,6.0,34,16,5,129,6.0,22,9,1.0,4.9,0,535715,11812,191442,21266,6.0,6.0,0.64,0.42,1.06,6.82,0.13,0.08,0.21,1.38,94.6,52,22,105.9,24,22,43.0,93,52,24.3,31,22,2.0,4.0,,5,,Alex,Scott,Scott,,,446,1,2,1,7,0,0,0,1,0,0,5,60,,,,0.0,0.2,1.41,1.01,12.11,9,15,36
70,i,0.0,,6.0,67,46,0,0,0,0,1.0,185,58,15,0,3.8,107,43,1,64,3.0,121,55,0.5,2.5,0,52579,2222,72858,7976,0.0,3.0,0.99,0.08,1.07,4.48,0.3,0.02,0.32,1.37,62.2,115,36,46.5,101,67,120.0,14,8,22.5,39,28,3.0,2.0,2.0,5,,Justin,Kluivert,Kluivert,Unspecified injury - Unknown return date,,294,1,0,2,3,0,0,0,1,0,0,4,22,,,,0.0,0.61,0.92,1.22,6.73,4,2,16
71,a,,,5.0,249,155,0,0,0,0,0.2,354,127,8,1,1.6,266,118,0,25,1.6,223,102,0.3,1.6,0,12978,144,13408,627,1.6,1.6,0.0,0.01,0.01,4.2,0.0,0.0,0.0,2.1,9.0,306,134,15.5,209,116,0.0,550,228,2.5,309,140,,,,5,,Lewis,Cook,Cook,,,180,0,0,2,1,0,0,0,1,0,0,2,14,,,,0.0,1.0,0.5,1.0,7.0,1,7,6
72,a,,,4.9,386,231,0,0,-1,1,0.1,479,188,4,1,1.0,337,147,0,15,0.8,290,134,0.2,0.8,0,1572,72,4463,203,0.8,0.8,0.12,0.05,0.17,0.6,0.9,0.38,1.28,4.5,3.8,348,159,2.1,311,157,14.0,194,99,2.0,325,148,,,,5,,Ben,Gannon-Doak,Gannon-Doak,,,12,0,0,0,1,0,0,0,0,0,0,0,7,,,,0.0,0.0,7.5,0.0,52.5,2,0,5
73,a,100.0,100.0,5.0,256,159,0,0,0,0,0.3,303,105,12,4,2.4,194,83,0,52,2.4,161,71,0.5,2.4,0,17744,535,15895,904,2.4,2.4,0.03,0.07,0.1,2.74,0.01,0.02,0.03,0.88,30.4,223,87,19.3,197,110,7.0,247,124,5.7,245,110,,,,5,,Tyler,Adams,Adams,,,279,0,0,0,7,0,0,0,0,0,0,3,41,,,,0.0,0.0,2.26,0.97,13.23,7,12,22
75,a,100.0,100.0,5.0,250,156,0,0,0,0,0.0,528,211,5,2,1.2,291,132,0,15,1.0,275,125,0.2,1.0,0,3404,149,2073,128,1.0,1.0,0.5,0.13,0.63,1.64,0.44,0.11,0.55,1.45,9.4,303,132,14.7,216,119,4.0,284,140,2.8,300,136,,,,5,,Ryan,Christie,Christie,,,102,0,0,0,2,0,0,0,0,0,0,1,14,,,,0.0,0.0,1.76,0.88,12.35,1,3,10
76,a,,,4.9,403,246,0,0,-1,1,0.0,593,246,2,1,1.0,343,152,0,8,0.4,358,168,0.1,0.4,0,371,14,759,30,0.4,0.4,0.0,0.0,0.0,0.56,0.0,0.0,0.0,2.96,2.8,360,164,0.6,351,173,0.0,539,221,0.3,377,174,,,,5,,Alex,Tóth,Tóth.A,,,17,0,0,0,2,0,0,0,0,0,0,0,2,,,,0.0,0.0,10.59,0.0,10.59,1,0,1
77,i,0.0,0.0,4.9,385,230,0,0,-1,1,0.0,597,250,0,0,0.0,585,246,0,0,0.0,585,246,0.0,0.0,0,282,13,2181,40,0.0,0.0,0.0,0.0,0.0,0.0,0.0,0.0,0.0,0.0,0.0,564,231,0.0,565,237,0.0,528,211,0.0,569,233,,,,5,,Amine,Adli,Adli,Calf injury - Unknown return date,,0,0,0,0,0,0,0,0,0,0,0,0,0,,,,0.0,0.0,0.0,0.0,0.0,0,0,0
78,i,0.0,0.0,7.4,21,13,0,0,-1,1,0.2,350,124,0,0,0.0,665,298,0,0,0.0,665,298,0.0,0.0,0,1133,87,26947,429,0.0,0.0,0.0,0.0,0.0,0.0,0.0,0.0,0.0,0.0,0.0,666,298,0.0,666,298,0.0,666,298,0.0,666,298,,,1.0,5,,Junior,Kroupi,Kroupi.Jr,Foot injury - Expected back 7 Nov,,0,0,0,0,0,0,0,0,0,0,0,0,0,,,,0.0,0.0,0.0,0.0,0.0,0,0,0
79,a,,,6.0,71,16,0,0,0,0,3.2,100,14,18,2,3.6,114,12,0,66,3.6,94,9,0.6,3.0,0,244909,9448,165960,11133,3.6,3.6,0.87,0.52,1.39,6.45,0.18,0.11,0.29,1.37,60.4,122,7,79.2,42,2,49.0,80,21,18.8,65,11,,,,5,,Francisco Evanilson,de Lima Barbosa,Evanilson,,,424,0,3,2,5,0,0,0,1,0,0,5,27,,,,0.0,0.42,1.06,1.06,5.73,3,11,13
80,u,0.0,0.0,5.5,127,33,0,0,0,0,0.0,588,76,0,0,0.0,642,76,0,0,0.0,642,76,0.0,0.0,0,0,0,1952,20,0.0,0.0,0.0,0.0,0.0,0.0,0.0,0.0,0.0,0.0,0.0,635,72,0.0,640,76,0.0,627,73,0.0,639,75,,,,5,,Enes,Ünal,Enes Ünal,Has joined Getafe permanently,,0,0,0,0,0,0,0,0,0,0,0,0,0,,,,0.0,0.0,0.0,0.0,0.0,0,0,0
81,a,100.0,100.0,6.0,74,18,0,0,0,0,0.1,390,57,2,0,1.0,392,46,0,7,0.4,371,45,0.1,0.3,0,5090,383,6469,338,0.4,0.4,0.0,0.0,0.0,0.18,0.0,0.0,0.0,1.62,0.0,657,76,0.5,358,45,0.0,654,76,0.1,391,46,,,,5,,Álvaro,Rodríguez,Rodríguez,,,10,0,0,0,1,0,0,0,0,0,0,0,1,,,,0.0,0.0,9.0,0.0,9.0,0,0,1
566,a,,,5.0,293,49,0,0,0,0,0.4,273,99,13,3,2.6,182,70,0,30,2.6,150,55,0.5,2.6,0,27086,1624,22498,1057,2.6,2.6,0.85,0.29,1.14,6.95,0.17,0.06,0.23,1.39,91.8,60,23,8.6,253,88,41.0,98,24,14.1,111,39,,,,5,,António João,Pereira de Albuquerque Tavares da Silva,Silva,,,450,0,0,0,8,0,0,0,2,0,0,5,56,,,,0.0,0.0,1.6,1.0,11.2,5,51,14
608,a,,,5.0,317,60,0,0,0,0,0.1,404,60,3,1,1.0,354,37,0,13,0.6,324,36,0.1,0.6,0,12823,460,6817,462,0.6,0.6,0.1,0.0,0.1,0.61,0.29,0.0,0.29,1.77,3.4,352,35,0.8,343,42,17.0,172,30,2.1,321,38,,,,5,,Daniel,Jebbison,Jebbison,,,31,0,0,0,2,0,0,0,0,0,0,0,1,,,,0.0,0.0,5.81,0.0,2.9,0,0,1
615,a,,,4.5,460,34,0,0,0,0,0.0,521,60,0,0,0.0,506,61,0,0,0.0,506,61,0.0,0.0,0,2846,103,1651,102,0.0,0.0,0.0,0.0,0.0,0.0,0.0,0.0,0.0,0.0,0.0,477,61,0.0,474,45,0.0,424,41,0.0,482,61,,,,5,,Michele,Di Gregorio,Di Gregorio,,,0,0,0,0,0,0,0,0,0,0,0,0,0,,,,0.0,0.0,0.0,0.0,0.0,0,0,0
82,a,,,5.0,255,9,0,0,0,0,6.1,62,9,20,6,4.0,90,8,0,97,4.0,79,7,0.8,4.0,0,243673,12036,206356,6090,4.0,4.0,0.0,0.01,0.01,6.32,0.0,0.0,0.0,1.26,101.6,41,6,0.0,581,65,0.0,553,64,10.1,173,6,,,,5,,Caoimhín,Kelleher,Kelleher,,,450,0,0,2,4,0,0,0,0,0,17,5,0,,,,3.4,0.4,0.8,1.0,0.0,0,7,34
83,a,,,4.5,496,42,0,0,0,0,0.1,418,48,0,0,0.0,522,64,0,0,0.0,522,64,0.0,0.0,0,2703,138,4423,173,0.0,0.0,0.0,0.0,0.0,0.0,0.0,0.0,0.0,0.0,0.0,493,64,0.0,493,51,0.0,449,49,0.0,498,64,,,,5,,Hákon Rafn,Valdimarsson,Valdimarsson,,,0,0,0,0,0,0,0,0,0,0,0,0,0,,,,0.0,0.0,0.0,0.0,0.0,0,0,0
84,i,0.0,0.0,5.4,191,24,0,0,-1,1,1.0,178,68,10,0,3.3,123,51,0,39,2.0,193,72,0.4,1.9,0,58679,60,152426,5070,0.0,0.0,0.51,0.05,0.56,2.13,0.23,0.02,0.25,0.98,40.6,180,76,22.4,184,60,51.0,72,13,11.4,149,56,,,,5,,Nathan,Collins,Collins,Calf injury - Unknown return date,,196,0,0,1,1,0,0,0,1,0,0,3,17,,,,0.0,0.46,0.46,1.38,7.81,2,15,11
85,i,0.0,0.0,4.9,374,67,0,0,-1,1,0.1,476,169,0,0,0.0,580,206,0,0,0.0,580,206,0.0,0.0,0,394,21,8765,159,0.0,0.0,0.0,0.0,0.0,0.0,0.0,0.0,0.0,0.0,0.0,559,206,0.0,559,206,0.0,522,203,0.0,564,206,,,,5,,Sepp,van den Berg,Van den Berg,Groin injury - Unknown return date,,0,0,0,0,0,0,0,0,0,0,0,0,0,,,,0.0,0.0,0.0,0.0,0.0,0,0,0
86,a,,,5.5,140,85,0,0,0,0,1.7,138,43,22,3,4.4,75,29,3,85,4.4,64,23,0.8,4.0,0,188913,2268,115737,7356,4.4,4.4,1.21,0.79,2.0,5.69,0.27,0.18,0.45,1.26,94.6,51,21,94.2,28,26,49.0,79,45,23.7,33,24,,1.0,,5,,Keane,Lewis-Potter,Lewis-Potter,,,406,1,1,2,4,0,0,0,0,0,0,5,38,,,,0.0,0.44,0.89,1.11,8.42,6,17,15
87,a,,,4.5,450,96,0,0,0,0,4.0,85,33,21,7,4.2,80,35,1,73,4.2,69,30,0.9,4.7,0,312216,6729,264672,10980,4.2,4.2,0.13,0.08,0.21,6.32,0.03,0.02,0.05,1.26,84.8,69,31,22.7,180,59,45.0,87,19,15.3,96,29,,,,5,,Kristoffer,Ajer,Ajer,,,450,0,0,2,4,0,0,0,1,0,0,5,50,,,,0.0,0.4,0.8,1.0,10.0,4,46,11
88,a,,,4.6,427,83,0,0,1,-1,7.7,50,19,23,6,4.6,71,32,1,72,4.6,58,26,1.0,5.0,0,590955,8257,357154,10920,4.6,4.6,0.55,0.43,0.98,3.24,0.17,0.13,0.3,0.99,61.2,120,57,31.9,153,46,56.0,63,8,14.9,100,33,,,,5,,Michael,Kayode,Kayode,,,294,1,0,2,1,0,0,0,0,0,0,4,16,,,,0.0,0.61,0.31,1.22,4.9,2,14,14
89,a,,,4.4,558,140,0,0,-1,1,0.2,338,127,1,0,1.0,310,115,0,3,0.2,385,138,0.0,0.2,0,1917,93,8310,312,0.2,0.2,0.0,0.0,0.0,0.0,0.0,0.0,0.0,0.0,0.0,453,179,0.0,447,179,0.0,394,165,0.0,458,179,,,,5,,Rico,Henry,Henry,,,2,0,0,0,0,0,0,0,0,0,0,0,0,,,,0.0,0.0,0.0,0.0,0.0,0,0,0
90,a,,,4.5,485,119,0,0,0,0,0.1,461,164,5,1,1.0,320,123,0,17,1.0,269,97,0.2,1.1,0,2003,89,2865,132,1.0,1.0,0.03,0.06,0.09,3.07,0.02,0.04,0.06,1.82,21.6,251,105,7.5,257,91,6.0,254,91,3.5,291,111,,,,5,,Aaron,Hickey,Hickey,,,152,0,0,0,3,0,0,0,0,0,0,1,17,,,,0.0,0.0,1.78,0.59,10.07,4,13,8
92,a,,,4.4,576,152,-1,1,-1,1,0.0,580,197,0,0,0.0,491,185,0,0,0.0,491,185,0.0,0.0,0,474,40,924,52,0.0,0.0,0.0,0.0,0.0,0.0,0.0,0.0,0.0,0.0,0.0,462,182,0.0,456,182,0.0,405,170,0.0,467,182,,,,5,,Kim,Ji-soo,Ji-soo,,,0,0,0,0,0,0,0,0,0,0,0,0,0,,,,0.0,0.0,0.0,0.0,0.0,0,0,0
93,a,,,4.5,498,123,0,0,0,0,0.2,314,117,21,14,7.0,11,6,3,59,4.2,70,31,0.9,4.7,0,12061,10499,5431,943,4.2,4.2,0.1,0.54,0.64,4.19,0.04,0.19,0.23,1.49,39.4,187,78,0.7,346,130,12.0,205,69,5.2,255,95,,,,5,,Jannik,Schuster,Schuster,,,253,0,1,1,3,0,0,0,0,0,0,2,38,,,,0.0,0.36,1.07,0.71,13.52,3,35,6
94,a,,,6.1,64,45,0,0,1,-1,9.7,39,16,39,9,7.8,6,3,6,138,7.8,4,2,1.3,6.4,0,840338,220483,230214,10210,7.8,7.8,1.52,0.32,1.84,6.32,0.31,0.06,0.37,1.27,134.8,10,7,44.5,109,69,129.0,9,4,30.8,15,12,,,2.0,5,,Kevin,Schade,Schade,,,447,3,2,2,4,0,0,0,0,0,0,5,34,,,,0.0,0.4,0.81,1.01,6.85,7,6,21
95,a,,,6.3,52,36,0,0,-2,2,0.5,254,83,7,1,1.4,280,126,0,34,1.4,251,114,0.2,1.1,0,14781,420,80676,2097,1.4,1.4,0.09,0.39,0.48,2.81,0.05,0.2,0.25,1.41,25.2,237,98,59.3,71,54,23.0,145,74,10.8,162,78,4.0,,,5,,Dango,Ouattara,O.Dango,,,179,0,0,1,1,0,0,0,0,0,0,2,28,,,,0.0,0.5,0.5,1.01,14.08,2,9,17
96,a,,,5.4,193,121,0,0,-1,1,0.4,262,87,16,3,3.2,131,51,3,74,3.2,104,44,0.6,3.0,0,14330,819,29271,1155,3.2,3.2,0.17,0.73,0.9,3.06,0.05,0.23,0.28,0.97,34.2,211,84,95.0,27,25,37.0,108,58,16.6,81,49,2.0,3.0,,5,,Mikkel,Damsgaard,Damsgaard,,,283,0,1,2,1,0,0,0,0,0,0,3,31,,,,0.0,0.64,0.32,0.95,9.86,7,6,18
97,i,0.0,0.0,5.4,179,113,0,0,-1,1,0.1,419,156,6,0,6.0,29,13,0,22,1.2,264,121,0.2,1.1,0,4493,8,14776,342,0.0,0.0,0.08,0.34,0.42,0.47,0.11,0.46,0.57,0.64,12.6,282,119,46.2,103,68,13.0,203,103,7.2,216,98,1.0,2.0,3.0,5,,Mathias,Jensen,Jensen,Unspecified injury - Expected back 10 Oct,,66,0,1,1,0,0,0,0,0,0,0,1,5,,,,0.0,1.36,0.0,1.36,6.82,2,0,3
98,a,,,5.0,258,161,0,0,0,0,2.5,115,35,28,3,5.6,38,19,3,109,5.6,25,12,1.1,5.6,0,298672,11612,99394,10303,5.6,5.6,0.53,0.44,0.97,6.32,0.11,0.09,0.2,1.26,146.0,7,5,91.7,31,27,45.0,88,48,28.3,23,16,3.0,,,5,,Vitaly,Janelt,Janelt,,,450,2,0,2,4,0,0,0,3,0,0,5,64,,,,0.0,0.4,0.8,1.0,12.8,17,27,20
99,i,0.0,0.0,5.0,321,193,0,0,0,0,0.0,656,289,0,0,0.0,623,269,0,0,0.0,623,269,0.0,0.0,0,114,5,158,6,0.0,0.0,0.0,0.0,0.0,0.0,0.0,0.0,0.0,0.0,0.0,607,258,0.0,614,263,0.0,590,249,0.0,612,260,,,,5,,Antoni,Milambo,Milambo,Knee injury - Unknown return date,,0,0,0,0,0,0,0,0,0,0,0,0,0,,,,0.0,0.0,0.0,0.0,0.0,0,0,0
100,a,100.0,100.0,5.0,276,169,0,0,0,0,0.0,558,231,6,6,6.0,27,12,0,23,1.2,262,120,0.2,1.2,0,1682,384,1375,97,1.2,1.2,0.43,0.0,0.43,0.13,12.9,0.0,12.9,3.9,0.0,586,246,0.0,590,251,0.0,562,233,0.0,591,248,,,,5,,Fábio,Freitas Gouveia Carvalho,Carvalho,,,3,1,0,0,0,0,0,0,0,0,0,0,0,,,,0.0,0.0,0.0,0.0,0.0,0,0,0
102,a,,,4.8,417,255,0,0,-2,2,0.7,223,70,9,3,1.8,252,110,0,50,1.8,205,94,0.4,1.9,0,5163,710,60027,1677,1.8,1.8,0.1,0.3,0.4,4.58,0.04,0.12,0.16,1.91,29.6,225,89,39.5,131,83,13.0,201,102,8.3,200,93,,,,5,,Yehor,Yarmoliuk,Yarmoliuk,,,216,0,1,1,4,0,0,0,1,0,0,2,26,,,,0.0,0.42,1.67,0.83,10.83,5,7,14
103,i,0.0,0.0,4.9,353,212,0,0,-1,1,0.0,596,249,0,0,0.0,573,238,0,0,0.0,573,238,0.0,0.0,0,396,5,1896,51,0.0,0.0,0.0,0.0,0.0,0.0,0.0,0.0,0.0,0.0,0.0,551,222,0.0,550,228,0.0,512,202,0.0,556,224,,,,5,,Josh,Dasilva,Dasilva,Hamstring injury - Expected back 10 Oct,,0,0,0,0,0,0,0,0,0,0,0,0,0,,,,0.0,0.0,0.0,0.0,0.0,0,0,0
105,a,,,5.9,86,56,0,0,-1,1,0.1,374,135,15,10,3.0,154,64,2,59,3.0,120,54,0.5,2.5,0,6305,1307,10705,304,3.0,3.0,1.15,0.54,1.69,3.5,0.39,0.18,0.57,1.18,28.4,229,93,78.3,44,37,21.0,154,80,12.7,134,67,,,,5,,Jaidon,Anthony,Anthony,,,267,1,0,2,3,0,0,0,1,0,0,3,26,,,,0.0,0.67,1.01,1.01,8.76,4,6,16
106,a,,,7.8,15,5,0,0,-2,2,9.0,42,6,10,5,2.0,247,29,0,37,2.0,200,19,0.3,1.3,0,251033,30610,1015997,19089,2.0,2.0,3.13,0.16,3.29,6.25,0.64,0.03,0.67,1.27,20.6,257,22,27.6,166,18,116.0,15,7,16.2,86,14,,,1.0,5,,Igor Thiago,Nascimento Rodrigues,Thiago,,,442,1,0,2,4,0,0,1,2,0,0,5,19,,,,0.0,0.41,0.81,1.02,3.87,3,4,12
108,a,,,5.4,168,40,-1,1,-1,1,0.3,290,49,3,0,1.0,371,41,0,9,0.6,326,37,0.1,0.6,0,14947,598,25503,1438,0.6,0.6,0.07,0.04,0.11,0.15,0.48,0.28,0.76,1.04,3.2,355,36,10.4,246,32,12.0,207,33,2.6,307,34,,,,5,,Callum,Wilson,Wilson,,,13,0,0,0,0,0,0,0,0,0,0,0,2,,,,0.0,0.0,0.0,0.0,13.85,0,1,1
565,a,,,5.6,121,78,-1,1,1,-1,10.4,37,15,22,0,4.4,77,31,3,76,4.4,66,25,0.8,3.9,0,1224076,4788,775296,93407,4.4,4.4,0.41,0.65,1.06,4.31,0.11,0.18,0.29,1.21,74.2,85,25,57.8,75,55,40.0,99,54,16.9,77,46,,,,5,,Mamadou,Sangaré,M.Sangaré,,,321,0,2,1,3,0,0,0,2,0,0,4,48,,,,0.0,0.28,0.84,1.12,13.46,14,12,22
620,a,,,4.5,531,133,0,0,0,0,0.1,430,156,2,1,1.0,322,124,0,7,0.5,337,120,0.1,0.4,0,13416,255,7065,403,0.5,0.5,0.0,0.01,0.01,0.63,0.0,0.02,0.02,1.45,3.4,351,133,1.0,335,123,0.0,477,191,0.4,370,135,,,,5,,El Hadji Malick,Diouf,Diouf,,,39,0,0,0,0,0,0,0,0,0,0,0,2,,,,0.0,0.0,0.0,0.0,4.62,0,2,1
657,a,,,4.5,536,280,0,0,0,0,0.0,564,234,0,0,0.0,551,223,0,0,0.0,551,223,0.0,0.0,0,1938,196,542,149,0.0,0.0,0.0,0.0,0.0,0.0,0.0,0.0,0.0,0.0,0.0,523,204,0.0,522,211,0.0,481,183,0.0,528,206,,,,5,,Gustavo,Nunes Fernandes Gomes,Nunes,,,0,0,0,0,0,0,0,0,0,0,0,0,0,,,,0.0,0.0,0.0,0.0,0.0,0,0,0
660,a,,,4.0,656,206,0,0,0,0,0.0,642,213,0,0,0.0,474,176,0,0,0.0,474,176,0.0,0.0,0,255,255,31,31,1.1,1.1,0.0,0.0,0.0,0.0,0.0,0.0,0.0,0.0,0.0,444,173,0.0,438,173,0.0,381,157,0.0,449,173,,,,5,,Benjamin,Fredrick,Fredrick,,,0,0,0,0,0,0,0,0,0,0,0,0,0,,,,0.0,0.0,0.0,0.0,0.0,0,0,0
661,a,,,4.0,615,64,0,0,0,0,0.0,554,64,0,0,0.0,444,40,0,0,0.0,444,40,0.0,0.0,0,1794,1794,227,227,1.0,1.0,0.0,0.0,0.0,0.0,0.0,0.0,0.0,0.0,0.0,413,39,0.0,407,20,0.0,347,16,0.0,418,39,,,,5,,Ellery,Balcombe,Balcombe,,,0,0,0,0,0,0,0,0,0,0,0,0,0,,,,0.0,0.0,0.0,0.0,0.0,0,0,0
109,a,,,4.5,489,41,0,0,0,0,21.7,16,2,23,6,4.6,70,6,0,107,4.6,57,6,1.0,5.1,0,729760,36285,573830,37976,4.6,4.6,0.0,0.2,0.2,8.67,0.0,0.04,0.04,1.73,93.8,54,8,3.0,296,3,0.0,442,48,9.7,177,7,,,,5,,Bart,Verbruggen,Verbruggen,,,450,0,0,3,5,0,0,0,0,0,12,5,0,,,,2.4,0.6,1.0,1.0,0.0,0,3,34
111,a,,,4.0,589,51,0,0,0,0,4.2,81,12,0,0,0.0,426,27,0,0,0.0,426,27,0.0,0.0,0,144289,4102,113917,8162,0.0,0.0,0.0,0.0,0.0,0.0,0.0,0.0,0.0,0.0,0.0,394,26,0.0,386,7,0.0,326,3,0.0,398,26,,,,5,,Jason,Steele,Steele,,,0,0,0,0,0,0,0,0,0,0,0,0,0,,,,0.0,0.0,0.0,0.0,0.0,0,0,0
113,a,100.0,100.0,4.4,562,144,0,0,-1,1,1.6,145,58,13,5,3.2,124,52,0,46,2.6,145,52,0.6,3.0,0,28634,2221,131291,3748,2.6,2.6,0.12,0.13,0.25,7.55,0.03,0.04,0.07,2.05,21.8,250,104,44.6,107,28,27.0,128,37,9.4,182,68,3.0,,,5,,Ferdi,Kadıoğlu,F.Kadıoğlu,,,332,0,0,2,5,0,0,0,1,0,0,4,10,,,,0.0,0.54,1.36,1.08,2.71,1,9,8
114,a,,,4.5,452,97,0,0,0,0,0.3,299,108,19,6,3.8,101,42,0,93,3.8,84,34,0.8,4.2,0,15326,1109,11454,377,3.8,3.8,0.07,0.53,0.6,8.45,0.01,0.11,0.12,1.74,64.2,108,50,110.5,20,2,19.0,158,48,19.4,56,7,,,,5,,Olivier,Boscagli,Boscagli,,,437,0,0,3,5,0,0,0,1,0,0,5,29,,,,0.0,0.62,1.03,1.03,5.97,4,25,17
115,a,,,4.9,380,68,0,0,4,-4,26.5,10,2,38,6,7.6,8,3,5,132,7.6,6,3,1.6,7.8,0,2578307,159968,393996,8965,7.6,7.6,1.55,0.67,2.22,8.58,0.33,0.14,0.47,1.83,93.8,55,21,138.0,8,1,53.0,68,11,28.6,21,2,2.0,4.0,,5,,Maxim,De Cuyper,De Cuyper,,,423,1,3,3,5,0,0,0,2,0,0,5,16,,,,0.0,0.64,1.06,1.06,3.4,8,8,18
116,a,,,4.5,433,85,0,0,0,0,1.5,148,59,22,0,5.5,44,15,1,79,4.4,61,28,1.0,4.9,0,87074,5513,44944,3880,4.4,4.4,0.03,0.09,0.12,7.04,0.01,0.02,0.03,1.76,116.2,20,3,14.6,217,73,11.0,214,73,14.3,109,38,,3.0,,5,,Lewis,Dunk,Dunk,,,360,1,0,2,5,0,0,0,1,0,0,4,23,,,,0.0,0.5,1.25,1.0,5.75,3,20,13
117,a,,,4.5,506,126,0,0,0,0,0.0,573,194,0,0,0.0,531,198,0,0,0.0,531,198,0.0,0.0,0,870,58,1014,51,0.0,0.0,0.0,0.0,0.0,0.0,0.0,0.0,0.0,0.0,0.0,502,195,0.0,502,195,0.0,458,188,0.0,507,195,,,,5,,Diego,Coppola,Coppola,,,0,0,0,0,0,0,0,0,0,0,0,0,0,,,,0.0,0.0,0.0,0.0,0.0,0,0,0
118,u,0.0,0.0,4.5,459,102,0,0,0,0,0.0,511,180,0,0,0.0,505,188,0,0,0.0,505,188,0.0,0.0,0,915,0,5800,157,0.0,0.0,0.0,0.0,0.0,0.0,0.0,0.0,0.0,0.0,0.0,476,185,0.0,473,185,0.0,423,174,0.0,481,185,,,,5,,Igor Julio,dos Santos de Paulo,Igor,Has joined Burnley permanently,,0,0,0,0,0,0,0,0,0,0,0,0,0,,,,0.0,0.0,0.0,0.0,0.0,0,0,0
119,a,,,4.5,479,117,0,0,0,0,0.0,523,184,4,1,0.8,404,140,0,18,0.8,286,105,0.2,0.9,0,1180,75,1395,70,0.8,0.8,0.12,0.3,0.42,1.02,0.16,0.4,0.56,1.35,15.2,273,111,17.0,206,66,18.0,164,50,5.0,260,99,,,,5,,João Pedro,Loureiro da Costa,Costinha,,,68,0,0,0,0,0,0,0,1,0,0,0,7,,,,0.0,0.0,0.0,0.0,9.26,1,6,1
120,a,,,5.0,284,46,0,0,0,0,0.1,482,173,1,1,1.0,349,134,0,5,0.2,402,144,0.0,0.2,0,3818,642,3751,229,0.2,0.2,0.0,0.0,0.0,0.14,0.0,0.0,0.0,3.15,0.0,587,210,0.0,593,210,0.0,566,207,0.0,592,210,,,,5,,Michael,Svoboda,Svoboda,,,4,0,0,0,0,0,0,0,0,0,0,0,1,,,,0.0,0.0,0.0,0.0,22.5,1,0,1
121,i,0.0,0.0,5.9,87,57,0,0,-1,1,0.0,541,221,0,0,0.0,656,291,0,0,0.0,656,291,0.0,0.0,0,481,55,3028,91,0.0,0.0,0.0,0.0,0.0,0.0,0.0,0.0,0.0,0.0,0.0,652,289,0.0,655,289,0.0,649,287,0.0,654,289,,,,5,,Mitoma,Kaoru,Mitoma,Hamstring injury - Expected back 10 Oct,,0,0,0,0,0,0,0,0,0,0,0,0,0,,,,0.0,0.0,0.0,0.0,0.0,0,0,0
122,i,0.0,0.0,5.8,110,70,-1,1,-2,2,0.0,534,215,0,0,0.0,653,289,0,0,0.0,653,289,0.0,0.0,0,311,21,6784,110,0.0,0.0,0.0,0.0,0.0,0.0,0.0,0.0,0.0,0.0,0.0,648,287,0.0,652,287,0.0,645,285,0.0,651,287,5.0,,,5,,Yankuba,Minteh,Minteh,Leg injury - Expected back 28 Nov,,0,0,0,0,0,0,0,0,0,0,0,0,0,,,,0.0,0.0,0.0,0.0,0.0,0,0,0
123,i,0.0,0.0,5.9,92,59,0,0,-1,1,0.6,234,73,16,0,16.0,1,1,3,54,3.2,105,45,0.5,2.7,0,147740,119,213113,3887,0.0,0.0,1.41,0.02,1.43,0.19,2.01,0.03,2.04,0.27,72.8,88,27,13.4,228,123,59.0,60,40,14.5,108,57,,,,5,,Jack,Hinshelwood,Hinshelwood,Ankle injury - Expected back 10 Oct,,63,2,0,1,0,0,0,0,0,0,0,1,3,,,,0.0,1.43,0.0,1.43,4.29,2,0,1
124,a,,,5.8,95,61,1,-1,3,-3,26.0,12,6,47,14,9.4,2,2,9,166,9.4,1,1,1.6,8.1,0,1862211,501718,535427,5644,9.4,9.4,1.77,0.86,2.63,8.67,0.35,0.17,0.52,1.73,152.6,4,2,185.7,1,1,68.0,51,32,40.3,4,4,1.0,1.0,1.0,5,,Pascal,Groß,Groß,,,450,3,4,3,5,0,0,0,2,0,0,5,26,,,,0.0,0.6,1.0,1.0,5.2,7,9,10
125,a,100.0,100.0,5.3,227,50,-1,1,-2,2,0.5,258,44,6,1,3.0,145,13,0,24,1.2,263,29,0.2,1.1,0,33259,1262,74899,2271,1.2,1.2,0.17,0.45,0.62,1.03,0.15,0.39,0.54,0.89,19.8,259,23,11.4,240,29,15.0,189,31,4.6,268,31,,,,5,,Georginio,Rutter,Georginio,,,104,0,1,1,0,0,0,0,0,0,0,1,9,,,,0.0,0.87,0.0,0.87,7.79,2,1,6
126,a,,,5.4,183,116,0,0,-1,1,0.1,421,158,2,1,1.0,376,175,0,6,0.4,365,173,0.1,0.4,0,3369,195,6245,289,0.4,0.4,0.28,0.01,0.29,0.18,2.52,0.09,2.61,1.62,2.2,365,168,10.5,244,129,0.0,617,266,1.3,343,158,,,3.0,5,,Matt,O'Riley,O'Riley,,,10,0,0,0,0,0,0,0,0,0,0,0,3,,,,0.0,0.0,0.0,0.0,27.0,0,2,1
127,a,,,5.0,311,185,0,0,0,0,4.1,83,29,24,8,4.8,65,26,0,80,4.8,53,19,1.0,4.8,0,328755,6248,285826,24195,4.8,4.8,0.79,0.78,1.57,8.49,0.16,0.16,0.32,1.76,55.2,138,47,80.8,41,35,122.0,13,7,25.8,26,19,,5.0,,5,,Diego,Gómez Amarilla,Gomez,,,433,0,3,3,5,0,0,0,0,0,0,5,36,,,,0.0,0.62,1.04,1.04,7.48,13,7,16
128,u,0.0,0.0,5.0,320,192,0,0,0,0,0.0,654,287,0,0,0.0,622,268,0,0,0.0,622,268,0.0,0.0,0,0,0,326,3,0.0,0.0,0.0,0.0,0.0,0.0,0.0,0.0,0.0,0.0,0.0,606,257,0.0,613,262,0.0,589,248,0.0,611,259,,,,5,,Facundo,Buonanotte,Buonanotte,Has joined Elche on loan for the rest of the season,,0,0,0,0,0,0,0,0,0,0,0,0,0,,,,0.0,0.0,0.0,0.0,0.0,0,0,0
129,a,100.0,100.0,5.4,207,131,0,0,-1,1,0.4,274,92,15,3,3.8,104,41,0,71,3.0,115,50,0.6,2.8,0,11437,1196,40686,1131,3.0,3.0,0.7,0.18,0.88,5.64,0.19,0.05,0.24,1.52,50.4,157,58,36.6,138,87,51.0,73,43,13.4,124,63,4.0,2.0,,5,,Yasin,Ayari,Ayari,,,333,1,0,3,1,0,0,0,1,0,0,4,21,,,,0.0,0.81,0.27,1.08,5.68,2,4,15
130,i,0.0,0.0,4.9,381,69,0,0,-1,1,0.2,343,129,7,0,3.5,119,48,1,38,1.4,243,89,0.3,1.4,0,25930,15,42524,1092,0.0,0.0,0.12,0.13,0.25,3.18,0.07,0.08,0.15,1.83,37.0,195,82,35.5,141,42,10.0,222,77,8.3,201,74,,,,5,,Mats,Wieffer,Wieffer,Knee injury - Unknown return date,,156,0,0,1,4,0,0,0,0,0,0,2,15,,,,0.0,0.58,2.31,1.15,8.65,4,11,9
132,u,0.0,0.0,4.5,525,275,0,0,0,0,0.0,538,218,0,0,0.0,545,220,0,0,0.0,545,220,0.0,0.0,0,0,0,3593,115,0.0,0.0,0.0,0.0,0.0,0.0,0.0,0.0,0.0,0.0,0.0,517,201,0.0,516,208,0.0,473,180,0.0,522,203,,,,5,,Harry,Howell,Howell,Has joined Leicester City on loan for the rest of the season,,0,0,0,0,0,0,0,0,0,0,0,0,0,,,,0.0,0.0,0.0,0.0,0.0,0,0,0
133,u,0.0,0.0,5.0,322,194,0,0,0,0,0.0,663,295,0,0,0.0,624,270,0,0,0.0,624,270,0.0,0.0,0,0,0,132,1,0.0,0.0,0.0,0.0,0.0,0.0,0.0,0.0,0.0,0.0,0.0,608,259,0.0,615,264,0.0,591,250,0.0,613,261,,,,5,,Tom,Watson,Watson,Has joined Leicester City on loan for the rest of the season,,0,0,0,0,0,0,0,0,0,0,0,0,0,,,,0.0,0.0,0.0,0.0,0.0,0,0,0
134,a,,,4.5,509,268,0,0,0,0,0.2,311,109,0,0,0.0,533,214,0,0,0.0,533,214,0.0,0.0,0,8572,168,13623,755,0.0,0.0,0.0,0.0,0.0,0.0,0.0,0.0,0.0,0.0,0.0,504,195,0.0,504,202,0.0,460,174,0.0,509,197,,,,5,,Nehemiah,Oriola,Oriola,,,0,0,0,0,0,0,0,0,0,0,0,0,0,,,,0.0,0.0,0.0,0.0,0.0,0,0,0
135,i,0.0,0.0,4.9,408,250,0,0,-1,1,0.0,520,208,1,0,1.0,345,154,0,3,0.2,400,186,0.0,0.2,0,1246,3,5315,208,0.0,0.0,0.0,0.03,0.03,0.0,0.0,0.22,0.22,0.0,0.2,386,180,1.3,329,164,0.0,544,225,0.2,383,179,,,,5,,Zadok,Yohanna,Yohanna,Unspecified injury - Expected back 10 Oct,,12,0,0,0,0,0,0,0,0,0,0,0,0,,,,0.0,0.0,0.0,0.0,0.0,0,0,0
137,i,0.0,0.0,5.4,216,47,0,0,-1,1,0.0,625,77,0,0,0.0,640,74,0,0,0.0,640,74,0.0,0.0,0,316,19,720,22,0.0,0.0,0.0,0.0,0.0,0.0,0.0,0.0,0.0,0.0,0.0,633,70,0.0,636,74,0.0,623,71,0.0,637,73,,,,5,,Stefanos,Tzimas,Tzimas,Knee injury - Unknown return date,,0,0,0,0,0,0,0,0,0,0,0,0,0,,,,0.0,0.0,0.0,0.0,0.0,0,0,0
138,a,,,5.6,123,32,1,-1,1,-1,2.8,107,16,28,10,5.6,40,4,3,105,5.6,27,4,1.0,5.0,0,290567,185876,38248,5738,5.6,5.6,1.35,0.06,1.41,7.67,0.34,0.02,0.36,1.96,47.6,163,13,27.8,165,17,89.0,26,10,16.3,84,13,,,,5,,Charalampos,Kostoulas,Kostoulas,,,353,2,3,2,5,0,0,0,1,0,0,4,27,,,,0.0,0.51,1.27,1.02,6.88,4,5,18
139,i,0.0,0.0,5.0,296,57,0,0,0,0,0.0,542,73,0,0,0.0,609,67,0,0,0.0,609,67,0.0,0.0,0,1508,57,2407,138,0.0,0.0,0.0,0.0,0.0,0.0,0.0,0.0,0.0,0.0,0.0,593,61,0.0,600,66,0.0,574,60,0.0,598,64,,,,5,,Evan,Ferguson,Ferguson,Ankle injury - Expected back 10 Oct,,0,0,0,0,0,0,0,0,0,0,0,0,0,,,,0.0,0.0,0.0,0.0,0.0,0,0,0
328,a,100.0,100.0,4.9,362,63,0,0,-1,1,0.2,351,133,7,5,2.3,201,80,0,31,1.4,241,88,0.3,1.4,0,5471,442,11526,275,1.4,1.4,0.16,0.01,0.17,1.7,0.15,0.01,0.16,1.56,11.4,289,117,0.9,339,127,0.0,515,201,1.2,346,126,,,,5,,Pascal,Struijk,Struijk,,,98,0,0,1,0,0,0,0,1,0,0,1,10,,,,0.0,0.92,0.0,0.92,9.18,1,9,6
504,a,,,5.0,332,57,0,0,0,0,3.4,97,36,32,8,6.4,17,7,2,98,6.4,14,6,1.3,6.4,0,231998,28898,130391,5579,6.4,6.4,0.46,0.07,0.53,8.45,0.09,0.01,0.1,1.74,107.6,35,15,16.4,208,68,70.0,47,5,19.4,57,8,,,,5,,Luka,Vušković,Vuskovic,,,437,1,0,3,5,0,0,0,0,0,0,5,43,,,,0.0,0.62,1.03,1.03,8.86,6,37,17
594,a,,,5.9,93,24,-1,1,-1,1,0.2,326,51,1,0,0.5,417,50,0,-4,0.2,415,50,0.0,0.2,0,13402,1540,21513,1240,0.2,0.2,0.42,0.0,0.42,0.14,1.64,0.0,1.64,0.55,0.0,655,75,3.7,290,37,4.0,292,40,0.4,373,43,,,2.0,5,,Promise,David,David,,,23,0,0,0,0,0,0,0,1,0,0,0,0,,,,0.0,0.0,0.0,0.0,0.0,0,0,0
600,a,,,5.0,333,201,0,0,0,0,0.0,583,240,3,0,1.0,358,162,0,15,0.6,325,151,0.1,0.6,0,877,46,1032,65,0.6,0.6,0.05,0.07,0.12,0.32,0.11,0.16,0.27,0.72,7.2,317,143,17.8,202,113,19.0,160,83,4.2,274,121,,,,5,,Ibrahim,Osman,Osman,,,40,0,0,0,1,0,0,0,0,0,0,0,4,,,,0.0,0.0,2.25,0.0,9.0,1,0,3
605,a,,,4.5,529,276,0,0,0,0,4.0,84,30,20,1,4.0,89,37,1,96,4.0,78,32,0.9,4.4,0,543700,14811,158467,20513,4.0,4.0,1.46,0.45,1.91,6.57,0.56,0.17,0.73,2.51,107.0,37,16,60.0,68,53,105.0,20,10,27.2,24,17,,,,5,,Malick,Yalcouyé,Yalcouyé,,,236,2,0,1,4,0,0,0,0,0,0,3,19,,,,0.0,0.38,1.53,1.14,7.25,6,6,7
624,u,0.0,0.0,5.0,315,189,0,0,0,0,0.0,666,298,0,0,0.0,620,266,0,0,0.0,620,266,0.0,0.0,0,117,0,108,0,0.0,0.0,0.0,0.0,0.0,0.0,0.0,0.0,0.0,0.0,0.0,604,255,0.0,611,260,0.0,587,246,0.0,609,257,,,,5,,Amario,Cozier-Duberry,Cozier-Duberry,Has joined Middlesbrough on loan for the rest of the season,,0,0,0,0,0,0,0,0,0,0,0,0,0,,,,0.0,0.0,0.0,0.0,0.0,0,0,0
639,a,,,5.5,166,104,0,0,0,0,0.0,561,233,12,8,6.0,30,14,0,37,4.0,80,33,0.7,2.2,0,2541,1297,609,141,4.0,4.0,0.52,0.12,0.64,1.7,0.43,0.1,0.53,1.4,18.8,264,111,13.1,229,124,2.0,315,156,3.4,293,130,,,,5,,José María,Andrés Baixauli,Andrés,,,109,1,1,1,0,0,0,0,0,0,0,1,13,,,,0.0,0.83,0.0,0.83,10.73,1,4,8
652,i,0.0,0.0,5.5,149,91,0,0,0,0,0.0,649,285,0,0,0.0,648,284,0,0,0.0,648,284,0.0,0.0,0,436,13,187,30,0.0,0.0,0.0,0.0,0.0,0.0,0.0,0.0,0.0,0.0,0.0,641,280,0.0,647,282,0.0,635,276,0.0,645,281,,,,5,,Femi,Azeez,Azeez,Hamstring injury - Expected back 10 Oct,,0,0,0,0,0,0,0,0,0,0,0,0,0,,,,0.0,0.0,0.0,0.0,0.0,0,0,0
658,a,,,4.5,544,286,0,0,0,0,0.0,594,247,0,0,0.0,557,228,0,0,0.0,557,228,0.0,0.0,0,1315,152,381,113,0.0,0.0,0.0,0.0,0.0,0.0,0.0,0.0,0.0,0.0,0.0,531,210,0.0,530,217,0.0,489,189,0.0,536,212,,,,5,,Younes,Ibrahim,Ibrahim,,,0,0,0,0,0,0,0,0,0,0,0,0,0,,,,0.0,0.0,0.0,0.0,0.0,0,0,0
28,a,,,5.0,242,6,0,0,0,0,4.8,77,11,9,2,2.2,215,18,0,61,1.8,208,18,0.4,1.8,0,241376,3609,237181,12600,1.8,1.8,0.0,0.01,0.01,7.49,0.0,0.0,0.0,1.87,119.0,18,3,20.0,195,1,0.0,546,61,13.9,114,1,,,,5,,Emiliano,Martínez Romero,Martinez,,,360,0,0,0,10,0,0,0,0,0,18,4,0,,,,4.5,0.0,2.5,1.0,0.0,0,1,37
40,a,,,7.7,16,10,0,0,2,-2,40.2,5,1,29,2,5.8,37,18,2,135,5.8,23,10,0.8,3.8,0,2402130,72707,629715,38028,5.8,5.8,1.72,1.23,2.95,8.73,0.35,0.25,0.6,1.8,149.0,6,4,119.5,14,13,110.0,17,9,37.8,5,5,3.0,,,5,,Morgan,Rogers,Rogers,,,437,3,1,0,12,0,0,0,1,0,0,5,31,,,,0.0,0.0,2.47,1.03,6.38,5,3,23
101,a,100.0,50.0,4.9,341,205,0,0,-1,1,0.0,543,222,2,2,2.0,226,99,0,16,0.4,352,165,0.1,0.4,0,877,264,2542,68,0.4,0.2,0.0,0.08,0.08,2.65,0.0,0.08,0.08,2.65,0.0,542,217,0.0,542,224,0.0,502,196,0.0,547,219,,,,5,,Jordan,Henderson,Henderson,,,90,0,0,0,3,0,0,0,0,0,0,1,10,,,,0.0,0.0,3.0,1.0,10.0,1,2,7
136,a,100.0,100.0,5.9,78,20,0,0,-1,1,1.0,180,28,4,2,1.3,287,34,0,15,0.8,300,33,0.1,0.7,0,58273,4337,79142,5238,0.8,0.8,0.0,0.14,0.14,1.99,0.0,0.15,0.15,2.11,7.2,319,31,10.9,243,30,6.0,265,38,2.4,314,36,,,,5,,Danny,Welbeck,Welbeck,,,85,0,0,0,1,0,0,0,0,0,0,1,5,,,,0.0,0.0,1.06,1.06,5.29,1,2,2
140,u,0.0,0.0,4.9,360,17,0,0,-1,1,0.7,212,31,2,0,2.0,228,20,0,6,0.4,356,23,0.1,0.4,0,10847,0,174009,2401,0.0,0.0,0.0,0.01,0.01,1.33,0.0,0.01,0.01,1.33,21.4,254,22,0.0,552,57,0.0,514,55,2.1,320,22,,,,5,,Robert,Lynch Sánchez,Sánchez,Has joined Como on loan for the rest of the season,,90,0,0,0,2,0,0,0,0,0,4,1,0,,,,4.0,0.0,2.0,1.0,0.0,0,1,5
141,u,0.0,0.0,5.0,310,14,0,0,0,0,0.0,615,72,0,0,0.0,619,73,0,0,0.0,619,73,0.0,0.0,0,0,0,935,17,0.0,0.0,0.0,0.0,0.0,0.0,0.0,0.0,0.0,0.0,0.0,603,73,0.0,610,70,0.0,585,69,0.0,608,73,,,,5,,Filip,Jörgensen,Jörgensen,Has joined RC Strasbourg on loan for the rest of the season,,0,0,0,0,0,0,0,0,0,0,0,0,0,,,,0.0,0.0,0.0,0.0,0.0,0,0,0
142,d,75.0,75.0,5.4,184,21,0,0,-1,1,6.1,63,26,3,0,0.8,408,142,0,24,0.6,328,118,0.1,0.6,0,168540,335,569029,46340,0.4,0.4,0.33,0.26,0.59,4.9,0.1,0.08,0.18,1.51,56.2,134,61,42.6,121,34,49.0,78,14,14.8,102,35,1.0,1.0,,5,,Reece,James,James,Hamstring injury - 75% chance of playing,,292,0,0,0,7,0,0,0,1,0,0,3,13,,,,0.0,0.0,2.16,0.92,4.01,2,11,15
143,u,0.0,0.0,5.5,131,14,0,0,0,0,0.1,462,165,0,0,0.0,643,215,0,0,0.0,643,215,0.0,0.0,0,0,0,13767,137,0.0,0.0,0.0,0.0,0.0,0.0,0.0,0.0,0.0,0.0,0.0,636,216,0.0,641,216,0.0,628,214,0.0,640,216,,,,5,,Trevoh,Chalobah,Chalobah,Has joined Como permanently,,0,0,0,0,0,0,0,0,0,0,0,0,0,,,,0.0,0.0,0.0,0.0,0.0,0,0,0
144,a,,,5.0,292,48,0,0,0,0,1.0,183,70,4,0,1.0,351,135,0,12,0.8,292,107,0.2,0.8,0,36304,977,64725,4245,0.8,0.8,0.08,0.12,0.2,3.5,0.03,0.04,0.07,1.16,32.0,218,95,37.2,137,39,13.0,202,68,8.2,204,75,,,,5,,Malo,Gusto,Gusto,,,272,0,0,0,7,0,0,0,0,0,0,3,15,,,,0.0,0.0,2.32,0.99,4.96,4,11,13
145,a,100.0,100.0,5.0,281,45,0,0,0,0,0.2,337,126,8,4,2.0,233,89,0,35,1.6,224,82,0.3,1.6,0,17296,1190,7543,602,1.6,1.6,0.0,0.08,0.08,5.65,0.0,0.02,0.02,1.63,77.6,78,33,28.4,163,51,4.0,286,106,11.0,156,58,,,,5,,Wesley,Fofana,Fofana,,,312,0,0,0,7,0,0,0,1,0,0,4,47,,,,0.0,0.0,2.02,1.15,13.56,7,40,11
146,u,0.0,0.0,4.5,465,106,0,0,0,0,0.0,610,205,0,0,0.0,508,190,0,0,0.0,508,190,0.0,0.0,0,232,0,1921,24,0.0,0.0,0.0,0.0,0.0,0.0,0.0,0.0,0.0,0.0,0.0,479,187,0.0,477,187,0.0,427,176,0.0,484,187,,,,5,,Benoît,Badiashile Mukinayi,B.Badiashile,Has joined Napoli on loan for the rest of the season,,0,0,0,0,0,0,0,0,0,0,0,0,0,,,,0.0,0.0,0.0,0.0,0.0,0,0,0
148,a,,,4.5,507,127,0,0,0,0,0.8,199,77,8,0,2.0,225,86,0,14,1.6,220,80,0.4,1.8,0,90810,415,56971,4644,1.6,1.6,0.01,0.21,0.22,4.81,0.0,0.07,0.07,1.68,77.0,79,34,47.1,99,24,15.0,181,61,14.0,112,40,,,,5,,Jorrel,Hato,Hato,,,258,0,2,0,9,0,0,0,0,0,0,4,18,,,,0.0,0.0,3.14,1.4,6.28,7,11,9
149,a,,,4.8,415,76,-1,1,-2,2,0.9,195,73,3,1,0.8,405,141,0,17,0.6,315,115,0.1,0.6,0,26205,549,96186,3161,0.6,0.6,0.01,0.05,0.06,6.67,0.0,0.01,0.01,1.76,46.0,167,71,14.2,219,75,11.0,215,74,7.2,214,78,,,,5,,Levi,Samuels Colwill,Colwill,,,341,0,0,0,9,0,0,0,1,0,0,4,26,,,,0.0,0.0,2.38,1.06,6.86,3,23,15
150,u,0.0,0.0,4.5,514,128,0,0,0,0,0.0,547,188,0,0,0.0,537,199,0,0,0.0,537,199,0.0,0.0,0,429,0,5903,87,0.0,0.0,0.0,0.0,0.0,0.0,0.0,0.0,0.0,0.0,0.0,509,196,0.0,508,196,0.0,465,189,0.0,514,196,,,,5,,Mamadou,Sarr,M.Sarr,Has joined Real Sociedad on loan for the rest of the season,,0,0,0,0,0,0,0,0,0,0,0,0,0,,,,0.0,0.0,0.0,0.0,0.0,0,0,0
151,a,,,4.5,517,130,0,0,0,0,0.3,278,101,5,0,1.2,290,101,0,5,1.0,271,99,0.2,1.1,0,20939,227,21588,1029,1.0,1.0,0.0,0.03,0.03,4.72,0.0,0.01,0.01,1.92,41.6,177,75,4.1,283,100,6.0,255,92,5.1,257,96,,,,5,,Josh,Acheampong,Acheampong,,,221,0,0,0,7,0,0,0,0,0,0,2,20,,,,0.0,0.0,2.85,0.81,8.14,7,13,7
152,d,50.0,50.0,5.3,236,33,0,0,-2,2,0.6,230,88,0,0,0.0,633,214,0,0,0.0,633,214,0.0,0.0,0,6556,96,218672,2131,0.0,0.0,0.0,0.0,0.0,0.0,0.0,0.0,0.0,0.0,0.0,623,215,0.0,626,215,0.0,610,213,0.0,627,215,,,,5,,Marco,Palestra,Palestra,Thigh injury - 50% chance of playing,,0,0,0,0,0,0,0,0,0,0,0,0,0,,,,0.0,0.0,0.0,0.0,0.0,0,0,0
154,a,100.0,100.0,9.7,3,2,0,0,2,-2,26.7,9,5,28,2,5.6,43,22,3,148,5.6,30,15,0.6,2.9,0,1932769,29393,555949,60643,5.6,5.6,1.31,0.79,2.1,8.73,0.27,0.16,0.43,1.78,131.6,13,8,120.0,13,12,124.0,11,6,37.6,7,6,,2.0,1.0,5,,Cole,Palmer,Palmer,,,442,2,2,0,12,0,0,0,1,0,0,5,29,,,,0.0,0.0,2.44,1.02,5.9,7,3,19
156,a,,,6.5,37,25,0,0,0,0,1.4,156,48,14,2,2.8,176,75,0,81,2.8,143,65,0.4,2.2,0,79375,2250,87267,5616,2.8,2.8,0.68,0.58,1.26,6.64,0.18,0.16,0.34,1.8,72.4,89,28,84.8,39,33,83.0,35,19,24.0,32,23,2.0,3.0,,5,,Pedro,Lomba Neto,Neto,,,332,1,0,0,8,0,0,0,0,0,0,4,28,,,,0.0,0.0,2.17,1.08,7.59,6,8,14
157,a,,,6.3,53,37,0,0,-2,2,0.7,217,67,4,1,1.0,398,192,0,17,0.8,303,141,0.1,0.6,0,16665,751,85094,2359,0.8,0.8,0.07,0.07,0.14,1.01,0.27,0.27,0.54,3.95,8.4,311,139,1.3,331,166,38.0,105,57,4.9,265,116,4.0,,2.0,5,,Estêvão,Almeida de Oliveira Gonçalves,Estêvão,,,23,0,0,0,1,0,0,0,0,0,0,0,2,,,,0.0,0.0,3.91,0.0,7.83,1,0,1
159,d,50.0,50.0,5.3,230,145,0,0,-2,2,1.1,172,54,1,0,1.0,366,166,0,3,0.2,408,191,0.0,0.2,0,14847,209,277275,4883,0.1,0.1,0.0,0.0,0.0,0.07,0.0,0.0,0.0,0.48,0.0,620,266,0.1,378,187,0.0,606,258,0.0,624,267,,,,5,,Moisés,Caicedo Corozo,Caicedo,Calf injury - 50% chance of playing,,13,0,0,0,0,0,0,0,0,0,0,0,0,,,,0.0,0.0,0.0,0.0,0.0,0,0,0
161,a,,,5.0,312,186,0,0,0,0,0.2,322,115,11,0,2.8,168,69,0,61,2.2,178,81,0.4,2.2,0,25586,211,14638,1528,2.2,2.2,0.75,0.11,0.86,5.06,0.26,0.04,0.3,1.77,65.8,106,34,29.1,159,97,66.0,53,34,16.1,88,51,,,,5,,Roméo,Lavia,Lavia,,,258,1,0,0,8,0,0,0,1,0,0,4,31,,,,0.0,0.0,2.79,1.4,10.81,6,10,15
163,u,0.0,0.0,4.5,491,264,0,0,0,0,0.1,424,160,0,0,0.0,517,210,0,0,0.0,517,210,0.0,0.0,0,2698,0,14100,388,0.0,0.0,0.0,0.0,0.0,0.0,0.0,0.0,0.0,0.0,0.0,488,191,0.0,488,198,0.0,444,170,0.0,493,193,,,,5,,Dário,Luís Essugo,D.Essugo,Has joined RC Strasbourg on loan for the rest of the season,,0,0,0,0,0,0,0,0,0,0,0,0,0,,,,0.0,0.0,0.0,0.0,0.0,0,0,0
164,a,100.0,100.0,5.3,234,148,0,0,-2,2,0.0,533,214,2,1,1.0,369,169,0,5,0.4,363,171,0.1,0.4,0,867,35,3315,95,0.4,0.4,0.03,0.01,0.04,1.29,0.1,0.03,0.13,4.3,1.2,376,174,0.3,366,180,2.0,310,152,0.4,371,172,,,,5,,Geovany,Quenda,Quenda,,,27,0,0,0,2,0,0,0,0,0,0,0,1,,,,0.0,0.0,6.67,0.0,3.33,0,1,0
165,d,75.0,75.0,7.8,14,4,0,0,3,-3,66.8,2,2,33,0,8.2,5,1,7,141,6.6,11,2,0.8,4.2,0,1541807,27066,1295661,223165,4.9,4.9,2.17,0.19,2.36,6.17,0.54,0.05,0.59,1.54,158.4,2,1,90.0,34,1,123.0,12,6,37.0,8,2,,,,5,,João Pedro,Junqueira de Jesus,João Pedro,Knee injury - 75% chance of playing,,360,3,3,0,9,1,0,0,1,0,0,4,9,,,,0.0,0.0,2.25,1.0,2.25,1,3,5
168,u,0.0,0.0,5.0,306,58,0,0,0,0,0.2,333,53,0,0,0.0,616,68,0,0,0.0,616,68,0.0,0.0,0,4102,0,32519,795,0.0,0.0,0.0,0.0,0.0,0.0,0.0,0.0,0.0,0.0,0.0,600,62,0.0,607,67,0.0,582,61,0.0,605,65,,,,5,,Marc,Guiu Paz,Marc Guiu,Has joined RB Leipzig permanently,,0,0,0,0,0,0,0,0,0,0,0,0,0,,,,0.0,0.0,0.0,0.0,0.0,0,0,0
169,a,,,4.5,512,73,0,0,0,0,0.5,253,42,0,0,0.0,535,57,0,0,0.0,535,57,0.0,0.0,0,30105,2384,23576,1787,0.0,0.0,0.0,0.0,0.0,0.0,0.0,0.0,0.0,0.0,0.0,507,51,0.0,506,56,0.0,463,50,0.0,512,54,,,,5,,Shumaira,Mheuka,Mheuka,,,0,0,0,0,0,0,0,0,0,0,0,0,0,,,,0.0,0.0,0.0,0.0,0.0,0,0,0
200,a,,,5.9,85,7,-1,1,-1,1,6.9,56,22,13,3,2.6,186,72,0,28,2.6,155,58,0.4,2.2,0,170241,3587,411848,16272,2.6,2.6,0.15,0.22,0.37,7.93,0.04,0.05,0.09,1.96,86.8,64,27,12.6,233,83,10.0,225,79,10.9,159,59,,,,5,,Maxence,Lacroix,Lacroix,,,364,0,1,0,10,0,0,0,1,0,0,4,47,,,,0.0,0.0,2.47,0.99,11.62,10,37,8
561,a,100.0,100.0,4.5,535,135,0,0,0,0,0.0,572,193,0,0,0.0,550,201,0,0,0.0,550,201,0.0,0.0,0,791,34,1218,70,0.0,0.0,0.0,0.0,0.0,0.0,0.0,0.0,0.0,0.0,0.0,522,198,0.0,521,198,0.0,480,193,0.0,527,198,,,,5,,Aaron,Anselmino,Anselmino,,,0,0,0,0,0,0,0,0,0,0,0,0,0,,,,0.0,0.0,0.0,0.0,0.0,0,0,0
568,a,,,5.4,209,133,0,0,-1,1,0.1,385,142,3,2,1.0,382,179,0,29,0.6,331,154,0.1,0.6,0,3040,117,6809,242,0.6,0.6,0.07,0.11,0.18,2.83,0.05,0.09,0.14,2.21,1.6,371,171,2.9,301,154,6.0,260,129,0.9,355,164,,,,5,,Valentín,Barco,Barco,,,115,0,0,0,3,0,0,0,1,0,0,1,12,,,,0.0,0.0,2.35,0.78,9.39,3,4,5
583,a,,,4.9,388,71,0,0,-1,1,0.1,367,141,5,1,1.0,338,131,0,17,1.0,274,101,0.2,1.0,0,3183,223,10890,284,1.0,1.0,0.04,0.07,0.11,4.1,0.02,0.03,0.05,1.77,13.2,279,112,4.2,281,99,8.0,239,84,2.6,306,114,,,,5,,Pep,Chavarría,Chavarria,,,208,0,0,0,4,0,0,0,0,0,0,1,16,,,,0.0,0.0,1.73,0.43,6.92,5,11,7
662,a,,,4.5,540,283,0,0,0,0,0.0,647,283,1,1,1.0,325,140,0,5,1.0,273,124,0.2,0.2,0,176,176,25,25,1.1,1.1,0.0,0.0,0.0,0.43,0.0,0.0,0.0,12.9,0.0,527,207,0.0,526,214,0.0,485,186,0.0,532,209,,,,5,,Mahdi,Nicoll-Jazuli,Nicoll-Jazuli,,,3,0,0,0,1,0,0,0,0,0,0,0,2,,,,0.0,0.0,30.0,0.0,60.0,2,0,0
91,a,,,4.5,461,103,0,0,0,0,0.1,469,168,14,8,3.5,117,47,0,15,2.8,127,46,0.6,3.1,0,2351,182,3893,122,2.8,2.8,0.12,0.0,0.12,6.57,0.04,0.0,0.04,2.1,40.0,183,77,1.4,326,119,10.0,221,76,5.2,254,94,,,,5,,Ethan,Pinnock,Pinnock,,,282,0,0,1,7,0,0,0,1,0,0,3,44,,,,0.0,0.32,2.23,0.96,14.04,3,41,4
104,a,100.0,100.0,4.9,370,223,0,0,-1,1,0.1,417,155,9,3,2.2,211,92,0,34,1.8,206,95,0.4,1.8,0,3892,82,9364,237,1.8,1.8,0.03,0.02,0.05,6.31,0.01,0.01,0.02,1.81,10.2,298,128,2.9,300,153,21.0,150,77,3.4,292,129,,,,5,,Frank,Onyeka,Onyeka,,,314,0,0,1,7,0,0,0,0,0,0,4,28,,,,0.0,0.29,2.01,1.15,8.03,5,9,14
110,a,,,4.5,486,39,0,0,0,0,0.8,204,30,16,11,3.2,127,13,2,56,3.8,85,8,0.8,3.6,0,22325,1178,56772,3608,3.8,3.8,0.0,0.02,0.02,8.63,0.0,0.0,0.0,1.73,61.6,117,19,0.0,486,50,0.0,439,46,6.2,236,19,,,,5,,Carl,Rushworth,Rushworth,,,450,0,1,1,10,0,0,0,0,0,9,5,0,,,,1.8,0.2,2.0,1.0,0.0,0,4,50
171,u,0.0,0.0,4.0,629,70,0,0,0,0,1.0,176,26,0,0,0.0,453,46,0,0,0.0,453,46,0.0,0.0,0,8924,0,55631,2463,0.0,0.0,0.0,0.0,0.0,0.0,0.0,0.0,0.0,0.0,0.0,422,45,0.0,416,26,0.0,356,22,0.0,427,45,,,,5,,Oliver,Dovin,Dovin,Has joined Leyton Orient on loan for the rest of the season,,0,0,0,0,0,0,0,0,0,0,0,0,0,,,,0.0,0.0,0.0,0.0,0.0,0,0,0
172,a,,,4.4,554,46,0,0,-1,1,0.4,275,37,0,0,0.0,480,50,0,0,0.0,480,50,0.0,0.0,0,1280,110,12012,315,0.0,0.0,0.0,0.0,0.0,0.0,0.0,0.0,0.0,0.0,0.0,451,50,0.0,445,31,0.0,392,27,0.0,456,50,,,,5,,Ben,Wilson,Wilson,,,0,0,0,0,0,0,0,0,0,0,0,0,0,,,,0.0,0.0,0.0,0.0,0.0,0,0,0
173,a,,,4.0,625,181,0,0,0,0,8.6,45,16,24,9,4.8,62,27,3,78,5.2,37,13,1.3,6.0,0,349098,11664,267779,14755,5.2,5.2,0.49,0.3,0.79,8.09,0.1,0.06,0.16,1.67,67.6,105,48,33.1,145,43,48.0,81,15,14.8,101,34,,,,5,,Bobby,Thomas,Thomas,,,437,0,0,2,9,0,0,0,0,0,0,5,52,,,,0.0,0.41,1.85,1.03,10.71,3,49,16
174,u,0.0,0.0,4.0,618,176,0,0,0,0,0.3,277,100,0,0,0.0,446,156,0,0,0.0,446,156,0.0,0.0,0,981,0,31980,887,0.0,0.0,0.0,0.0,0.0,0.0,0.0,0.0,0.0,0.0,0.0,415,152,0.0,409,152,0.0,349,133,0.0,420,152,,,,5,,Liam,Kitching,Kitching,Has joined Sheffield United on loan for the rest of the season,,0,0,0,0,0,0,0,0,0,0,0,0,0,,,,0.0,0.0,0.0,0.0,0.0,0,0,0
175,d,75.0,,4.0,623,179,0,0,0,0,9.1,40,13,6,0,1.5,269,95,0,7,1.2,255,91,0.3,1.5,0,122780,875,466022,41348,0.9,1.2,0.0,0.3,0.3,7.53,0.0,0.08,0.08,1.88,61.6,116,56,52.7,85,21,14.0,193,63,12.8,131,47,,,,5,,Milan,van Ewijk,van Ewijk,Hamstring injury - 75% chance of playing,,360,0,0,0,10,0,0,0,1,0,0,4,27,,,,0.0,0.0,2.5,1.0,6.75,6,21,13
176,a,,,4.0,604,166,0,0,0,0,0.7,215,84,20,15,4.0,85,36,3,54,4.8,49,21,1.2,5.0,0,11974,2691,21667,701,4.8,4.8,0.5,0.52,1.02,8.63,0.1,0.11,0.21,1.75,63.6,109,51,52.0,90,23,17.0,168,52,13.4,123,44,,,,5,,Jay,Dasilva,Dasilva,,,444,1,0,1,10,0,0,0,0,0,0,5,23,,,,0.0,0.2,2.03,1.01,4.66,4,19,14
177,i,0.0,0.0,3.9,666,216,-1,1,-1,1,0.0,505,178,0,0,0.0,422,149,0,0,0.0,422,149,0.0,0.0,0,1166,567,3399,174,0.0,0.0,0.0,0.0,0.0,0.0,0.0,0.0,0.0,0.0,0.0,390,144,0.0,382,142,0.0,322,123,0.0,394,143,,,,5,,Kaine,Kesler-Hayden,Kesler-Hayden,Hamstring injury - Unknown return date,,0,0,0,0,0,0,0,0,0,0,0,0,0,,,,0.0,0.0,0.0,0.0,0.0,0,0,0
178,a,,,4.0,593,162,0,0,0,0,0.1,444,161,0,0,0.0,430,151,0,0,0.0,430,151,0.0,0.0,0,2412,105,3381,150,0.0,0.0,0.0,0.0,0.0,0.0,0.0,0.0,0.0,0.0,0.0,398,146,0.0,390,144,0.0,330,125,0.0,402,145,,,,5,,Jake,Bidwell,Bidwell,,,0,0,0,0,0,0,0,0,0,0,0,0,0,,,,0.0,0.0,0.0,0.0,0.0,0,0,0
179,a,,,4.0,606,168,0,0,0,0,0.0,517,181,1,1,1.0,300,107,0,3,0.2,381,134,0.0,0.2,0,954,43,1670,67,0.2,0.2,0.0,0.0,0.0,0.02,0.0,0.0,0.0,1.8,0.0,407,148,0.0,401,148,0.0,341,129,0.0,412,148,,,,5,,Joel,Latibeaudiere,Latibeaudiere,,,1,0,0,0,0,0,0,0,0,0,0,0,2,,,,0.0,0.0,0.0,0.0,180.0,0,2,0
180,i,0.0,0.0,4.0,611,172,0,0,0,0,0.1,400,149,0,0,0.0,441,154,0,0,0.0,441,154,0.0,0.0,0,2247,12,8796,287,0.0,0.0,0.0,0.0,0.0,0.0,0.0,0.0,0.0,0.0,0.0,410,150,0.0,404,150,0.0,344,131,0.0,415,150,,,,5,,Luke,Woolfenden,Woolfenden,Knee injury - Unknown return date,,0,0,0,0,0,0,0,0,0,0,0,0,0,,,,0.0,0.0,0.0,0.0,0.0,0,0,0
181,u,0.0,0.0,4.0,649,200,0,0,0,0,0.0,566,191,0,0,0.0,468,171,0,0,0.0,468,171,0.0,0.0,0,275,0,2119,49,0.0,0.0,0.0,0.0,0.0,0.0,0.0,0.0,0.0,0.0,0.0,438,168,0.0,432,168,0.0,374,151,0.0,443,168,,,,5,,Miguel,Brau,Brau,Has joined Academico de Viseu on loan for the rest of the season,,0,0,0,0,0,0,0,0,0,0,0,0,0,,,,0.0,0.0,0.0,0.0,0.0,0,0,0
182,i,0.0,25.0,4.0,638,189,0,0,0,0,0.6,227,87,4,0,1.0,302,109,0,-3,0.8,284,103,0.2,1.0,0,11462,17,30453,3551,0.0,0.2,0.02,0.39,0.41,7.53,0.0,0.1,0.1,1.88,62.8,113,54,14.5,218,74,15.0,177,57,9.4,181,67,,,,5,,Aurèle,Amenda,Amenda,Calf injury - Unknown return date,,360,0,0,0,10,0,0,0,1,0,0,4,24,,,,0.0,0.0,2.5,1.0,6.0,1,23,11
183,a,100.0,100.0,4.9,383,228,0,0,-1,1,0.1,412,152,13,5,2.6,179,78,0,51,3.0,111,47,0.6,2.7,0,3883,413,7727,338,3.0,3.0,0.92,1.11,2.03,4.49,0.28,0.34,0.62,1.36,37.6,192,77,115.5,16,15,79.0,39,23,23.2,34,25,5.0,1.0,,5,,Jack,Rudoni,Rudoni,,,297,0,0,2,4,0,0,0,0,0,0,4,34,,,,0.0,0.61,1.21,1.21,10.3,4,9,21
184,a,,,4.9,350,210,0,0,-1,1,0.1,388,143,11,3,2.2,208,89,0,62,2.2,172,77,0.4,2.2,0,4010,113,10901,510,2.2,2.2,0.12,0.13,0.25,8.42,0.02,0.03,0.05,1.71,51.8,148,53,32.7,149,92,5.0,269,134,8.9,193,91,1.0,,3.0,5,,Matt,Grimes,Grimes,,,443,0,0,1,9,0,0,0,0,0,0,5,38,,,,0.0,0.2,1.83,1.02,7.72,9,13,16
185,a,,,4.8,416,254,0,0,-2,2,0.1,473,185,1,0,1.0,328,142,0,8,0.2,393,179,0.0,0.2,0,967,77,5592,220,0.2,0.2,0.02,0.02,0.04,0.69,0.06,0.06,0.12,2.0,6.2,328,148,5.9,265,137,7.0,245,122,1.9,327,149,,,,5,,Tatsuhiro,Sakamoto,Sakamoto,,,31,0,0,0,1,0,0,0,0,0,0,0,4,,,,0.0,0.0,2.9,0.0,11.61,2,0,2
186,a,100.0,100.0,5.4,186,117,0,0,-1,1,0.1,438,167,5,1,1.2,292,133,0,19,1.2,265,122,0.2,0.9,0,1071,32,5812,208,1.2,1.2,0.51,0.12,0.63,3.16,0.2,0.05,0.25,1.23,10.2,300,130,17.8,203,114,46.0,85,47,7.2,217,99,,,,5,,Ephron,Mason-Clark,Mason-Clark,,,231,0,0,0,3,0,0,0,0,0,0,4,15,,,,0.0,0.0,1.17,1.56,5.84,0,6,9
187,i,0.0,0.0,4.8,414,253,-1,1,-2,2,0.0,612,259,0,0,0.0,566,234,0,0,0.0,566,234,0.0,0.0,0,623,10,1432,56,0.0,0.0,0.0,0.0,0.0,0.0,0.0,0.0,0.0,0.0,0.0,541,216,0.0,540,223,0.0,500,195,0.0,546,218,,,,5,,Josh,Eccles,Eccles,Unspecified injury - Expected back 12 Oct,,0,0,0,0,0,0,0,0,0,0,0,0,0,,,,0.0,0.0,0.0,0.0,0.0,0,0,0
188,a,,,5.3,220,138,-1,1,-2,2,0.1,414,153,3,0,1.0,362,163,0,13,0.5,340,160,0.1,0.6,0,782,29,7772,240,0.5,0.5,0.0,0.12,0.12,1.22,0.0,0.2,0.2,2.07,7.2,318,144,20.4,194,108,0.0,603,257,2.7,303,138,2.0,2.0,2.0,5,,Victor,Torp,Torp,,,53,0,0,0,2,0,0,0,0,0,0,0,3,,,,0.0,0.0,3.4,0.0,5.09,0,1,2
189,a,,,4.4,578,298,0,0,-1,1,0.3,309,108,0,0,0.0,492,205,0,0,0.0,492,205,0.0,0.0,0,9237,2517,14215,1344,0.0,0.0,0.0,0.0,0.0,0.0,0.0,0.0,0.0,0.0,0.0,463,186,0.0,457,193,0.0,406,165,0.0,468,188,,,,5,,George,Shepherd,Shepherd,,,0,0,0,0,0,0,0,0,0,0,0,0,0,,,,0.0,0.0,0.0,0.0,0.0,0,0,0
190,a,,,5.4,199,124,0,0,-1,1,0.1,422,159,5,1,1.2,294,134,0,32,0.8,294,137,0.1,0.9,0,3122,6,8050,173,0.8,0.8,0.23,0.18,0.41,3.23,0.1,0.08,0.18,1.38,17.0,271,113,49.3,96,65,29.0,124,64,9.6,179,86,3.0,,,5,,Loum,Tchaouna,Tchaouna,,,211,0,0,0,3,0,0,0,0,0,0,2,18,,,,0.0,0.0,1.28,0.85,7.68,1,6,11
191,u,0.0,0.0,4.5,492,265,0,0,0,0,0.1,437,166,0,0,0.0,518,211,0,0,0.0,518,211,0.0,0.0,0,1943,0,11221,397,0.0,0.0,0.0,0.0,0.0,0.0,0.0,0.0,0.0,0.0,0.0,489,192,0.0,489,199,0.0,445,171,0.0,494,194,,,,5,,Raphael,Borges Rodrigues,Borges Rodrigues,Has joined Burton Albion on loan for the rest of the season,,0,0,0,0,0,0,0,0,0,0,0,0,0,,,,0.0,0.0,0.0,0.0,0.0,0,0,0
192,u,0.0,0.0,4.5,538,282,0,0,0,0,0.3,298,104,0,0,0.0,553,225,0,0,0.0,553,225,0.0,0.0,0,2718,0,40206,1101,0.0,0.0,0.0,0.0,0.0,0.0,0.0,0.0,0.0,0.0,0.0,525,206,0.0,524,213,0.0,483,185,0.0,530,208,,,,5,,Kai,Andrews,Andrews,Has joined Oxford United on loan for the rest of the season,,0,0,0,0,0,0,0,0,0,0,0,0,0,,,,0.0,0.0,0.0,0.0,0.0,0,0,0
193,i,0.0,0.0,5.4,173,42,0,0,-1,1,0.1,453,65,0,0,0.0,634,73,0,0,0.0,634,73,0.0,0.0,0,591,24,12201,275,0.0,0.0,0.0,0.0,0.0,0.0,0.0,0.0,0.0,0.0,0.0,624,68,0.0,627,72,0.0,612,69,0.0,628,71,,,1.0,5,,Haji,Wright,Wright,Thigh injury - Unknown return date,,0,0,0,0,0,0,0,0,0,0,0,0,0,,,,0.0,0.0,0.0,0.0,0.0,0,0,0
194,a,,,5.0,272,54,0,0,0,0,0.8,205,33,9,4,1.8,254,30,0,43,1.8,209,20,0.4,1.8,0,54166,3541,54064,3039,1.8,1.8,0.34,0.06,0.39,4.98,0.13,0.02,0.15,1.97,14.0,275,26,3.9,285,35,30.0,122,26,4.9,263,30,,,4.0,5,,Brandon,Thomas-Asante,Thomas-Asante,,,227,0,0,1,6,0,0,0,0,0,0,2,27,,,,0.0,0.4,2.38,0.79,10.7,3,12,12
195,a,,,5.0,264,52,0,0,0,0,0.6,224,36,4,1,1.3,283,33,0,13,0.5,339,39,0.1,0.8,0,39053,549,62194,2976,0.5,0.5,0.3,0.01,0.31,2.79,0.26,0.01,0.27,2.41,7.6,316,30,22.3,185,21,37.0,107,22,6.7,227,24,,,,5,,Ellis,Simms,Simms,,,104,0,0,0,3,0,0,0,0,0,0,1,3,,,,0.0,0.0,2.6,0.87,2.6,0,1,2
197,u,0.0,0.0,4.5,505,70,0,0,0,0,0.0,560,75,0,0,0.0,530,55,0,0,0.0,530,55,0.0,0.0,0,0,0,2053,94,0.0,0.0,0.0,0.0,0.0,0.0,0.0,0.0,0.0,0.0,0.0,501,48,0.0,501,54,0.0,457,47,0.0,506,51,,,,5,,Norman,Bassette,Bassette,Has joined KVC Westerlo on loan for the rest of the season,,0,0,0,0,0,0,0,0,0,0,0,0,0,,,,0.0,0.0,0.0,0.0,0.0,0,0,0
492,s,0.0,0.0,5.4,181,43,-1,1,-1,1,0.4,263,45,3,0,0.8,407,48,0,11,0.5,342,40,0.1,0.6,0,21314,41,62837,3042,0.0,0.0,1.3,0.04,1.34,3.55,0.5,0.02,0.52,1.38,13.6,276,27,46.2,104,10,78.0,40,14,13.6,119,15,,,5.0,5,,Taiwo,Awoniyi,Awoniyi,Suspended until 19 Oct,,232,0,0,0,7,0,0,0,0,1,0,3,11,,,,0.0,0.0,2.72,1.16,4.27,1,3,7
575,a,,,4.8,422,257,-1,1,-2,2,0.1,371,133,9,3,1.8,253,111,0,36,2.0,188,86,0.4,1.9,0,2728,76,13278,611,2.0,2.0,0.03,0.15,0.18,4.25,0.01,0.05,0.06,1.44,10.4,295,125,29.9,158,96,7.0,246,123,4.3,270,117,,,,5,,Caleb,Yirenkyi,Yirenkyi,,,265,0,0,2,5,0,0,0,1,0,0,3,21,,,,0.0,0.68,1.7,1.02,7.13,1,7,13
584,a,,,5.4,176,111,0,0,-1,1,0.1,428,163,3,0,1.0,374,173,0,6,0.5,341,161,0.1,0.6,0,773,23,6204,197,0.5,0.5,0.0,0.02,0.02,0.82,0.0,0.06,0.06,2.31,0.6,382,177,1.8,319,162,0.0,615,264,0.3,381,178,4.0,,,5,,Gustavo,Hamer,Hamer,,,32,0,0,0,1,0,0,0,0,0,0,0,3,,,,0.0,0.0,2.81,0.0,8.44,1,0,2
599,a,,,5.0,335,63,0,0,0,0,0.1,413,62,1,0,1.0,359,38,0,3,0.2,405,48,0.0,0.2,0,7204,277,7246,407,0.2,0.2,0.0,0.0,0.0,1.43,0.0,0.0,0.0,4.29,1.0,379,42,0.2,373,47,0.0,597,65,0.1,389,45,,,,5,,Sidiki,Cherif,Cherif,,,30,0,0,0,3,0,0,0,0,0,0,0,1,,,,0.0,0.0,9.0,0.0,3.0,0,1,0
623,a,,,4.0,592,54,0,0,0,0,0.6,231,33,0,0,0.0,429,30,0,0,0.0,429,30,0.0,0.0,0,74732,4354,17637,745,0.0,0.0,0.0,0.0,0.0,0.0,0.0,0.0,0.0,0.0,0.0,397,29,0.0,389,10,0.0,329,6,0.0,401,29,,,,5,,Dan,Bentley,Bentley,,,0,0,0,0,0,0,0,0,0,0,0,0,0,,,,0.0,0.0,0.0,0.0,0.0,0,0,0
655,a,,,5.5,138,83,0,0,0,0,0.0,655,288,0,0,0.0,646,282,0,0,0.0,646,282,0.0,0.0,0,239,41,84,35,0.0,0.0,0.0,0.0,0.0,0.0,0.0,0.0,0.0,0.0,0.0,639,278,0.0,645,280,0.0,632,273,0.0,643,279,,,,5,,Yann,Gboho,Gboho,,,0,0,0,0,0,0,0,0,0,0,0,0,0,,,,0.0,0.0,0.0,0.0,0.0,0,0,0
656,a,,,4.0,645,196,0,0,0,0,0.1,431,157,6,6,6.0,25,10,0,27,3.0,107,40,0.8,1.5,0,9188,876,2221,420,3.0,3.0,0.0,0.01,0.01,1.1,0.0,0.01,0.01,1.1,0.0,435,165,0.0,429,165,0.0,370,147,0.0,440,165,,,,5,,Stephen,Mfuni,Mfuni,,,90,0,0,1,0,0,0,0,0,0,0,1,8,,,,0.0,1.0,0.0,1.0,8.0,1,7,3
42,a,,,5.4,201,126,0,0,-1,1,0.0,512,203,2,0,1.0,379,177,0,6,0.4,367,175,0.1,0.4,0,2340,47,3505,134,0.4,0.4,0.03,0.03,0.06,0.34,0.05,0.05,0.1,0.57,5.4,332,151,2.1,312,158,7.0,249,126,1.5,336,154,,,,5,,Evann,Guessand,Guessand,,,54,0,0,0,1,0,0,0,0,0,0,0,2,,,,0.0,0.0,1.67,0.0,3.33,1,1,0
153,s,0.0,0.0,4.5,456,100,0,0,0,0,0.1,463,166,1,0,0.3,419,146,0,-6,0.2,389,141,0.0,0.2,0,9415,14,10016,435,0.0,0.0,0.0,0.04,0.04,3.72,0.0,0.03,0.03,2.41,34.8,206,87,13.4,225,79,2.0,299,112,5.0,259,98,,,,5,,Axel,Disasi,Disasi,Suspended until 25 Oct,,139,0,0,0,6,0,0,0,0,1,0,2,20,,,,0.0,0.0,3.88,1.29,12.95,5,15,11
198,i,0.0,0.0,5.0,252,8,0,0,0,0,1.3,157,24,5,0,1.7,261,23,0,37,1.0,276,21,0.2,1.0,0,55197,71,114865,5957,0.0,0.0,0.0,0.0,0.0,6.47,0.0,0.0,0.0,2.16,96.8,49,7,0.0,580,64,0.0,552,63,9.6,178,8,,,,5,,Dean,Henderson,Henderson,Foot injury - Expected back 11 Oct,,270,0,0,0,8,0,0,0,0,0,12,3,0,,,,4.0,0.0,2.67,1.0,0.0,0,6,31
199,a,,,4.5,437,28,0,0,0,0,0.1,397,46,8,6,4.0,86,7,0,29,1.6,217,19,0.4,1.8,0,3389,297,4577,160,1.6,1.6,0.0,0.0,0.0,2.99,0.0,0.0,0.0,1.5,18.8,263,23,0.0,464,39,0.0,413,35,1.9,326,23,,,,5,,Walter,Benítez,Benitez,,,180,0,0,1,3,0,0,0,0,0,5,2,0,,,,2.5,0.5,1.5,1.0,0.0,0,2,11
202,a,,,5.0,277,43,0,0,0,0,0.6,233,90,14,8,2.8,165,68,0,48,2.8,133,49,0.6,2.8,0,21649,737,36988,1257,2.8,2.8,0.08,0.07,0.15,9.46,0.02,0.01,0.03,1.89,108.8,32,13,7.2,258,92,24.0,138,42,13.9,115,42,,,,5,,Chris,Richards,Richards,,,450,0,0,1,11,0,0,0,1,0,0,5,54,,,,0.0,0.2,2.2,1.0,10.8,8,46,16
203,a,,,4.8,421,79,-1,1,-2,2,0.2,334,125,10,8,2.5,189,75,0,38,2.0,187,70,0.4,2.1,0,5489,147,19171,521,2.0,2.0,0.05,0.13,0.18,7.78,0.01,0.03,0.04,1.94,63.2,112,53,8.1,254,89,5.0,268,97,7.6,209,76,,,,5,,Jaydee,Canvot,Canvot,,,360,0,0,1,8,0,0,0,0,0,0,4,34,,,,0.0,0.25,2.0,1.0,8.5,8,26,11
204,a,,,4.5,469,109,0,0,0,0,6.0,65,27,24,7,4.8,63,28,3,68,4.8,51,23,1.1,5.3,0,302576,6041,257222,8820,4.8,4.8,0.77,0.26,1.03,8.34,0.17,0.06,0.23,1.79,109.0,30,11,64.2,61,9,56.0,62,7,22.9,35,4,,,,5,,Tyrick,Mitchell,Mitchell,,,419,2,0,1,10,0,0,0,0,0,0,5,25,,,,0.0,0.21,2.15,1.07,5.37,11,14,23
205,u,0.0,0.0,4.5,455,99,0,0,0,0,0.0,590,200,0,0,0.0,503,187,0,0,0.0,503,187,0.0,0.0,0,236,0,2021,52,0.0,0.0,0.0,0.0,0.0,0.0,0.0,0.0,0.0,0.0,0.0,474,184,0.0,471,184,0.0,421,173,0.0,479,184,,,,5,,Borna,Sosa,Sosa,Has joined FC Cologne on loan for the rest of the season,,0,0,0,0,0,0,0,0,0,0,0,0,0,,,,0.0,0.0,0.0,0.0,0.0,0,0,0
206,i,0.0,0.0,4.3,583,158,-1,1,-2,2,0.0,570,192,1,0,1.0,306,113,0,7,0.2,383,136,0.0,0.2,0,636,12,5625,74,0.0,0.0,0.0,0.01,0.01,0.98,0.0,0.01,0.01,1.22,12.6,281,113,1.3,328,121,0.0,387,163,1.4,337,122,,,,5,,Chadi,Riad Dnanou,Chadi Riad,Knee injury - Unknown return date,,72,0,0,0,2,0,0,0,0,0,0,1,7,,,,0.0,0.0,2.5,1.25,8.75,1,6,3
207,a,,,4.4,564,145,0,0,-1,1,0.1,481,172,2,0,1.0,312,117,0,5,0.4,348,122,0.1,0.5,0,1951,41,4696,140,0.4,0.4,0.0,0.0,0.0,0.33,0.0,0.0,0.0,1.86,3.2,354,134,0.4,360,136,0.0,396,166,0.3,374,136,,,,5,,Oscar,Mingueza,Mingueza,,,16,0,0,0,1,0,0,0,0,0,0,0,2,,,,0.0,0.0,5.62,0.0,11.25,2,0,1
208,a,100.0,100.0,6.2,56,39,0,0,-3,3,0.6,229,72,1,1,1.0,394,188,0,3,0.2,416,197,0.0,0.2,0,5422,1368,375538,1087,0.2,0.2,0.0,0.01,0.01,0.06,0.0,0.11,0.11,0.68,0.0,659,293,0.0,660,293,0.0,657,292,0.0,659,293,,,2.0,5,,Ismaïla,Sarr,Sarr,,,8,0,0,0,0,0,0,0,0,0,0,0,0,,,,0.0,0.0,0.0,0.0,0.0,0,0,0
210,a,100.0,100.0,5.5,156,96,0,0,0,0,0.7,209,65,12,2,2.4,197,85,0,77,2.4,167,74,0.4,2.2,0,29012,605,46468,2478,2.4,2.4,0.15,0.58,0.73,8.91,0.03,0.12,0.15,1.84,53.0,144,50,70.2,55,46,5.0,273,137,12.9,130,66,2.0,,,5,,Adam,Wharton,Wharton,,,436,0,0,1,10,0,0,0,1,0,0,5,41,,,,0.0,0.21,2.06,1.03,8.46,10,16,15
211,a,,,5.5,154,95,0,0,0,0,0.4,276,93,14,2,2.8,172,73,0,70,2.8,138,62,0.5,2.5,0,44921,377,29980,1583,2.8,2.8,0.52,0.55,1.07,6.93,0.15,0.16,0.31,2.03,20.8,256,107,85.8,36,31,23.0,144,73,13.0,129,65,1.0,1.0,,5,,Yéremy,Pino Santos,Yeremy,,,307,0,2,1,6,0,0,0,1,0,0,4,26,,,,0.0,0.29,1.76,1.17,7.62,5,5,16
212,a,,,4.4,551,292,0,0,-1,1,7.5,52,17,2,0,1.0,308,137,0,9,0.4,346,163,0.1,0.5,0,118350,4951,463075,24460,0.4,0.4,0.0,0.04,0.04,1.12,0.0,0.12,0.12,3.48,8.0,312,140,15.3,210,117,0.0,389,159,2.4,311,141,4.0,,,5,,Will,Hughes,Hughes,,,29,0,0,0,1,0,0,0,0,0,0,0,7,,,,0.0,0.0,3.1,0.0,21.72,1,3,3
213,a,,,4.9,348,208,0,0,-1,1,0.1,448,173,1,0,0.5,415,198,0,6,0.2,394,180,0.0,0.2,0,1237,31,5366,185,0.2,0.2,0.26,0.0,0.26,1.25,0.46,0.0,0.46,2.21,2.2,363,166,0.3,363,177,0.0,508,199,0.3,376,173,,,,5,,Jefferson,Lerma Solís,Lerma,,,51,0,0,0,1,0,0,0,1,0,0,0,12,,,,0.0,0.0,1.76,0.0,21.18,2,7,3
214,a,,,5.0,260,162,0,0,0,0,0.5,243,78,21,3,4.2,81,33,0,109,4.2,71,27,0.8,4.2,0,48358,1611,23199,1582,4.2,4.2,0.47,0.38,0.85,8.85,0.1,0.08,0.18,1.81,93.8,56,23,77.2,45,38,15.0,185,94,18.6,66,44,3.0,,,5,,Daichi,Kamada,Kamada,,,441,0,3,1,10,0,0,0,1,0,0,5,38,,,,0.0,0.2,2.04,1.02,7.76,11,4,23
215,u,0.0,0.0,5.0,297,177,0,0,0,0,0.0,636,274,0,0,0.0,610,261,0,0,0.0,610,261,0.0,0.0,0,132,0,929,15,0.0,0.0,0.0,0.0,0.0,0.0,0.0,0.0,0.0,0.0,0.0,594,250,0.0,601,255,0.0,575,239,0.0,599,252,,2.0,3.0,5,,Justin,Devenny,Devenny,Has joined Stoke City permanently,,0,0,0,0,0,0,0,0,0,0,0,0,0,,,,0.0,0.0,0.0,0.0,0.0,0,0,0
216,u,0.0,0.0,5.0,329,198,0,0,0,0,0.0,585,242,0,0,0.0,626,271,0,0,0.0,626,271,0.0,0.0,0,399,0,3168,57,0.0,0.0,0.0,0.0,0.0,0.0,0.0,0.0,0.0,0.0,0.0,611,261,0.0,618,266,0.0,595,253,0.0,616,263,,,,5,,Romain,Esse,Esse,Has joined Millwall on loan for the rest of the season,,0,0,0,0,0,0,0,0,0,0,0,0,0,,,,0.0,0.0,0.0,0.0,0.0,0,0,0
217,u,0.0,0.0,4.9,394,237,0,0,-1,1,0.0,605,254,0,0,0.0,588,249,0,0,0.0,588,249,0.0,0.0,0,1007,0,3357,75,0.0,0.0,0.0,0.0,0.0,0.0,0.0,0.0,0.0,0.0,0.0,567,234,0.0,569,240,0.0,532,214,0.0,572,236,,,,5,,Matheus,França de Oliveira,M.França,Has joined Alverca on loan for the rest of the season,,0,0,0,0,0,0,0,0,0,0,0,0,0,,,,0.0,0.0,0.0,0.0,0.0,0,0,0
218,a,,,4.9,372,224,0,0,-1,1,0.0,497,196,0,0,0.0,579,242,0,0,0.0,579,242,0.0,0.0,0,2017,43,4299,134,0.0,0.0,0.0,0.0,0.0,0.0,0.0,0.0,0.0,0.0,0.0,558,227,0.0,558,233,0.0,521,207,0.0,563,229,,,,5,,Cheick,Doucouré,Doucouré,,,0,0,0,0,0,0,0,0,0,0,0,0,0,,,,0.0,0.0,0.0,0.0,0.0,0,0,0
219,u,0.0,0.0,4.9,377,226,0,0,-1,1,0.0,641,278,0,0,0.0,583,244,0,0,0.0,583,244,0.0,0.0,0,145,0,451,9,0.0,0.0,0.0,0.0,0.0,0.0,0.0,0.0,0.0,0.0,0.0,562,229,0.0,562,235,0.0,525,209,0.0,567,231,,,,5,,Jesurun,Rak-Sakyi,J.Rak-Sakyi,has joined  Kasimpasa on loan for the rest of the seaon.,,0,0,0,0,0,0,0,0,0,0,0,0,0,,,,0.0,0.0,0.0,0.0,0.0,0,0,0
220,u,0.0,0.0,4.5,519,131,0,0,0,0,0.0,661,217,0,0,0.0,539,200,0,0,0.0,539,200,0.0,0.0,0,0,0,128,3,0.0,0.0,0.0,0.0,0.0,0.0,0.0,0.0,0.0,0.0,0.0,511,197,0.0,510,197,0.0,467,190,0.0,516,197,,,,5,,Rio,Cardines,Cardines,Has joined Bristol City on loan for the rest of the season,,0,0,0,0,0,0,0,0,0,0,0,0,0,,,,0.0,0.0,0.0,0.0,0.0,0,0,0
221,a,,,4.5,548,289,0,0,0,0,0.1,456,179,0,0,0.0,561,231,0,0,0.0,561,231,0.0,0.0,0,2621,73,4464,219,0.0,0.0,0.0,0.0,0.0,0.0,0.0,0.0,0.0,0.0,0.0,535,213,0.0,534,220,0.0,493,192,0.0,540,215,,,,5,,Joél,Drakes-Thomas,Drakes-Thomas,,,0,0,0,0,0,0,0,0,0,0,0,0,0,,,,0.0,0.0,0.0,0.0,0.0,0,0,0
222,a,,,6.0,69,15,0,0,0,0,0.6,226,37,14,2,2.8,174,16,2,69,2.8,141,13,0.5,2.3,0,47735,2510,39025,1971,2.8,2.8,0.43,0.2,0.63,6.15,0.13,0.06,0.19,1.86,49.4,160,12,17.4,204,24,52.0,70,16,12.0,145,18,,,,5,,Jørgen,Strand Larsen,Strand Larsen,,,298,1,0,1,5,0,0,0,0,0,0,3,13,,,,0.0,0.3,1.51,0.91,3.93,2,6,5
223,i,0.0,0.0,6.3,47,12,0,0,-2,2,1.3,159,24,2,0,2.0,242,26,0,-3,0.4,372,46,0.1,0.3,0,25847,94,450127,4640,0.0,0.0,0.7,0.02,0.72,0.98,1.02,0.03,1.05,1.42,1.4,373,41,12.3,234,26,11.0,220,35,2.5,310,35,,,1.0,5,,Jean-Philippe,Mateta,Mateta,Hamstring injury - Expected back 11 Oct,,62,0,0,0,2,0,0,0,0,0,0,1,5,,,,0.0,0.0,2.9,1.45,7.26,2,1,2
224,a,100.0,100.0,5.5,136,36,0,0,0,0,0.5,248,40,8,1,2.0,236,23,0,38,1.6,228,22,0.3,1.5,0,46610,629,48410,1763,1.6,1.6,1.1,0.6,1.7,4.51,0.57,0.31,0.88,2.32,34.2,212,19,45.8,105,11,50.0,76,19,13.0,128,16,,,,5,,Eddie,Nketiah,Nketiah,,,175,0,1,0,7,0,0,0,0,0,0,3,12,,,,0.0,0.0,3.6,1.54,6.17,4,2,6
225,u,0.0,0.0,5.0,339,65,0,0,0,0,0.0,667,79,0,0,0.0,629,72,0,0,0.0,629,72,0.0,0.0,0,0,0,0,0,0.0,0.0,0.0,0.0,0.0,0.0,0.0,0.0,0.0,0.0,0.0,615,67,0.0,621,71,0.0,600,67,0.0,620,70,,,,5,,Christantus,Uche,Uche,has returned to Getafe CF,,0,0,0,0,0,0,0,0,0,0,0,0,0,,,,0.0,0.0,0.0,0.0,0.0,0,0,0
241,a,,,5.4,192,120,0,0,-1,1,0.1,399,146,3,0,1.5,274,122,0,13,0.6,330,153,0.1,0.6,0,1739,32,7961,232,0.6,0.6,0.05,0.02,0.07,1.18,0.05,0.02,0.07,1.26,10.0,301,131,5.0,274,143,2.0,311,153,1.7,331,151,,,,5,,Dwight,McNeil,McNeil,,,84,0,0,0,3,0,0,0,0,0,0,1,7,,,,0.0,0.0,3.21,1.07,7.5,0,4,3
555,a,,,4.0,603,61,0,0,0,0,1.7,139,20,0,0,0.0,438,37,0,0,0.0,438,37,0.0,0.0,0,22755,571,30007,1567,0.0,0.0,0.0,0.0,0.0,0.0,0.0,0.0,0.0,0.0,0.0,406,36,0.0,400,17,0.0,340,13,0.0,411,36,,,,5,,Remi,Matthews,Matthews,,,0,0,0,0,0,0,0,0,0,0,0,0,0,,,,0.0,0.0,0.0,0.0,0.0,0,0,0
577,a,,,4.4,560,142,0,0,-1,1,0.3,300,109,3,1,0.8,402,138,0,10,0.6,309,110,0.1,0.7,0,3449,120,12462,342,0.6,0.6,0.0,0.03,0.03,3.98,0.0,0.01,0.01,1.9,25.2,235,97,5.0,272,96,6.0,251,88,3.7,287,108,,,,5,,Takehiro,Tomiyasu,Tomiyasu,,,189,0,0,0,5,0,0,0,0,0,0,2,17,,,,0.0,0.0,2.38,0.95,8.1,2,15,7
588,a,,,5.0,326,55,0,0,0,0,0.3,288,106,19,6,3.8,103,44,0,54,3.8,87,36,0.8,3.8,0,33614,921,14733,479,3.8,3.8,0.96,0.33,1.29,8.41,0.23,0.08,0.31,2.0,112.4,25,7,46.3,102,26,46.0,84,17,20.5,47,6,,,,5,,Anan,Khalaili,Khalaili,,,379,1,0,1,8,0,0,0,1,0,0,4,44,,,,0.0,0.24,1.9,0.95,10.45,21,23,26
595,a,,,5.0,325,196,0,0,0,0,0.0,601,252,2,0,1.0,356,160,0,6,0.4,360,170,0.1,0.4,0,460,10,832,39,0.4,0.4,0.0,0.0,0.0,0.68,0.0,0.0,0.0,2.19,1.4,372,172,1.6,323,163,0.0,593,251,0.3,380,177,,,,5,,Zavier,Gozo,Gozo,,,28,0,0,0,2,0,0,0,0,0,0,0,1,,,,0.0,0.0,6.43,0.0,3.21,1,0,0
633,a,,,4.5,528,132,0,0,0,0,0.0,587,199,3,0,3.0,137,58,0,10,1.0,272,100,0.2,0.7,0,1859,84,506,54,1.0,1.0,0.0,0.01,0.01,1.68,0.0,0.01,0.01,1.68,24.6,239,98,11.9,236,84,4.0,281,103,4.1,276,104,,,,5,,Honest,Ahanor,Ahanor,,,90,0,0,0,3,0,0,0,0,0,0,1,11,,,,0.0,0.0,3.0,1.0,11.0,2,9,4
643,a,,,4.5,446,93,0,0,0,0,0.5,259,96,8,0,4.0,88,38,0,21,2.7,144,51,0.6,1.8,0,42849,295,16790,1580,2.7,2.7,0.27,0.01,0.28,1.12,0.84,0.03,0.87,3.48,33.4,213,90,4.2,280,98,21.0,148,46,5.9,241,89,,,,5,,Ben,Chilwell,Chilwell,,,29,1,0,0,1,0,0,0,0,0,0,0,1,,,,0.0,0.0,3.1,0.0,3.1,0,1,0
644,a,,,5.0,283,171,0,0,0,0,0.0,527,210,9,3,3.0,143,58,0,45,3.0,114,49,0.6,1.8,0,4044,221,1350,158,3.0,3.0,0.24,0.06,0.3,5.56,0.09,0.02,0.11,1.98,29.4,226,90,5.1,271,142,28.0,127,65,6.2,238,107,,,,5,,Quinten,Timber,Timber,,,253,0,0,1,5,0,0,0,0,0,0,3,27,,,,0.0,0.36,1.78,1.07,9.6,11,6,10
647,a,,,5.5,158,98,0,0,0,0,0.0,621,263,1,0,1.0,386,182,0,2,0.3,376,178,0.1,0.2,0,927,8,372,36,0.3,0.3,0.0,0.0,0.0,0.13,0.0,0.0,0.0,11.7,2.0,368,169,0.3,368,181,0.0,637,278,0.2,384,180,,,,5,,Darío,Osorio,Osorio,,,1,0,0,0,0,0,0,0,0,0,0,0,1,,,,0.0,0.0,0.0,0.0,90.0,1,0,0
21,i,0.0,0.0,4.9,347,207,0,0,-1,1,0.0,504,199,0,0,0.0,570,236,0,0,0.0,570,236,0.0,0.0,0,461,21,7263,161,0.0,0.0,0.0,0.0,0.0,0.0,0.0,0.0,0.0,0.0,0.0,547,219,0.0,547,226,0.0,507,198,0.0,552,221,,,,5,,Christian,Nørgaard,Nørgaard,Groin injury - Unknown return date,,0,0,0,0,0,0,0,0,0,0,0,0,0,,,,0.0,0.0,0.0,0.0,0.0,0,0,0
209,a,,,5.9,84,55,0,0,-1,1,0.1,384,141,9,3,1.8,258,114,0,26,1.8,215,99,0.3,1.5,0,5087,192,10103,388,1.8,1.8,1.03,0.22,1.25,3.73,0.39,0.08,0.47,1.41,23.0,246,103,52.2,88,60,15.0,192,98,9.0,192,90,,,,5,,Brennan,Johnson,Johnson,,,238,0,0,2,1,0,0,0,1,0,0,3,26,,,,0.0,0.76,0.38,1.13,9.83,7,8,11
226,a,,,5.5,125,2,0,0,0,0,9.1,41,7,25,8,5.0,57,5,1,121,5.0,44,5,0.9,4.5,0,282992,15475,227192,7073,5.0,5.0,0.0,0.02,0.02,6.94,0.0,0.0,0.0,1.39,84.2,71,11,0.0,638,71,0.0,625,70,8.5,197,12,,,,5,,Jordan,Pickford,Pickford,,,450,0,0,3,3,0,0,0,0,0,15,5,0,,,,3.0,0.6,0.6,1.0,0.0,0,7,53
227,a,,,5.0,271,10,0,0,0,0,0.0,514,59,0,0,0.0,602,72,0,0,0.0,602,72,0.0,0.0,0,1678,120,1983,121,0.0,0.0,0.0,0.0,0.0,0.0,0.0,0.0,0.0,0.0,0.0,583,72,0.0,587,66,0.0,559,65,0.0,588,72,,,,5,,Mark,Travers,Travers,,,0,0,0,0,0,0,0,0,0,0,0,0,0,,,,0.0,0.0,0.0,0.0,0.0,0,0,0
228,a,,,4.5,439,30,0,0,0,0,0.0,501,56,0,0,0.0,498,57,0,0,0.0,498,57,0.0,0.0,0,1123,56,1642,75,0.0,0.0,0.0,0.0,0.0,0.0,0.0,0.0,0.0,0.0,0.0,469,57,0.0,466,41,0.0,415,37,0.0,474,57,,,,5,,Tom,King,King,,,0,0,0,0,0,0,0,0,0,0,0,0,0,,,,0.0,0.0,0.0,0.0,0.0,0,0,0
229,a,,,6.1,58,5,0,0,1,-1,15.2,27,9,43,14,8.6,3,1,7,138,8.6,2,1,1.4,7.0,0,819932,109124,271352,7766,8.6,8.6,0.18,0.04,0.22,6.94,0.04,0.01,0.05,1.39,113.6,21,4,14.9,214,71,29.0,126,36,15.7,93,28,,,,5,,James,Tarkowski,Tarkowski,,,450,1,1,3,3,0,0,0,0,0,0,5,51,,,,0.0,0.6,0.6,1.0,10.2,11,40,18
230,a,,,5.5,153,17,0,0,0,0,2.3,119,47,27,8,5.4,49,19,0,97,5.4,35,12,1.0,4.9,0,129826,9654,67511,3046,5.4,5.4,0.17,0.02,0.19,6.94,0.03,0.0,0.03,1.39,112.8,24,6,6.3,264,94,73.0,43,4,19.1,62,10,,,,5,,Jarrad,Branthwaite,Branthwaite,,,450,0,0,3,3,0,0,0,0,0,0,5,54,,,,0.0,0.6,0.6,1.0,10.8,5,49,14
231,a,,,4.8,410,74,0,0,-2,2,0.8,208,81,0,0,0.0,564,203,0,0,0.0,564,203,0.0,0.0,0,9108,203,88866,2067,0.0,0.0,0.0,0.0,0.0,0.0,0.0,0.0,0.0,0.0,0.0,538,201,0.0,538,201,0.0,497,196,0.0,543,201,,,,5,,Michael,Keane,Keane,,,0,0,0,0,0,0,0,0,0,0,0,0,0,,,,0.0,0.0,0.0,0.0,0.0,0,0,0
232,a,,,4.8,418,77,-1,1,-2,2,0.3,297,107,2,1,1.0,329,127,0,5,0.4,350,123,0.1,0.4,0,4448,193,24057,586,0.4,0.4,0.0,0.0,0.0,0.42,0.0,0.0,0.0,2.36,1.0,378,139,0.0,541,202,0.0,501,198,0.1,387,140,,,,5,,Jake,O'Brien,O'Brien,,,16,0,0,0,0,0,0,0,0,0,0,0,2,,,,0.0,0.0,0.0,0.0,11.25,0,2,2
233,a,,,4.6,424,81,1,-1,1,-1,4.2,80,32,27,5,5.4,46,17,3,109,5.4,32,10,1.2,5.9,0,402060,30868,104255,7802,5.4,5.4,0.04,0.16,0.2,6.94,0.01,0.03,0.04,1.39,86.8,63,26,28.6,162,50,6.0,256,93,12.2,140,52,,,,5,,Vitalii,Mykolenko,Mykolenko,,,450,0,0,3,3,0,0,0,1,0,0,5,39,,,,0.0,0.6,0.6,1.0,7.8,14,25,30
234,u,0.0,0.0,4.5,468,108,0,0,0,0,0.0,591,201,0,0,0.0,509,191,0,0,0.0,509,191,0.0,0.0,0,371,0,2378,65,0.0,0.0,0.0,0.0,0.0,0.0,0.0,0.0,0.0,0.0,0.0,480,188,0.0,478,188,0.0,428,177,0.0,485,188,,,,5,,Nathan,Patterson,Patterson,Has joined Torino permanently,,0,0,0,0,0,0,0,0,0,0,0,0,0,,,,0.0,0.0,0.0,0.0,0.0,0,0,0
235,u,0.0,0.0,4.0,633,185,0,0,0,0,0.1,425,154,0,0,0.0,456,160,0,0,0.0,456,160,0.0,0.0,0,1728,0,10889,295,0.0,0.0,0.0,0.0,0.0,0.0,0.0,0.0,0.0,0.0,0.0,425,156,0.0,419,156,0.0,359,137,0.0,430,156,,,,5,,Adam,Aznou,Aznou,Has joined Malaga on loan for the rest of the season,,0,0,0,0,0,0,0,0,0,0,0,0,0,,,,0.0,0.0,0.0,0.0,0.0,0,0,0
236,a,,,6.6,33,22,1,-1,1,-1,6.1,64,20,20,3,4.0,98,38,3,110,4.0,82,34,0.6,3.0,0,577312,26548,305318,25954,4.0,4.0,0.99,0.83,1.82,6.74,0.2,0.17,0.37,1.35,101.2,43,18,129.6,9,8,97.0,23,13,32.8,13,11,2.0,,,5,,Kiernan,Dewsbury-Hall,Dewsbury-Hall,,,450,1,0,3,3,0,0,0,1,0,0,5,42,,,,0.0,0.6,0.6,1.0,8.4,11,5,26
238,a,100.0,100.0,6.5,35,23,0,0,0,0,0.4,260,85,6,3,1.5,276,123,0,36,1.2,267,123,0.2,0.9,0,38773,1729,21891,1607,1.2,1.2,0.02,0.44,0.46,1.67,0.01,0.29,0.3,1.11,10.4,297,127,14.1,220,120,12.0,211,108,3.7,288,128,,,,5,,Jack,Grealish,Grealish,,,135,0,0,1,1,0,0,0,0,0,0,1,13,,,,0.0,0.67,0.67,0.67,8.67,3,2,8
239,a,100.0,100.0,6.0,68,47,0,0,0,0,0.2,323,116,11,3,2.2,220,97,0,71,2.2,182,84,0.4,1.8,0,20275,823,13039,1139,2.2,2.2,0.2,0.17,0.37,3.45,0.05,0.05,0.1,0.95,41.4,179,70,49.1,97,66,9.0,235,118,10.1,174,83,1.0,1.0,2.0,5,,James,Garner,Garner,,,328,0,0,2,2,0,0,0,2,0,0,4,45,,,,0.0,0.55,0.55,1.1,12.35,11,9,25
242,a,,,5.5,162,101,0,0,0,0,0.9,191,62,19,1,3.8,106,42,3,77,3.8,89,36,0.7,3.5,0,106016,1351,38627,6963,3.8,3.8,0.35,0.32,0.67,3.71,0.1,0.09,0.19,1.08,63.6,111,35,85.4,38,32,71.0,46,28,22.0,43,32,,,,5,,Tyrique,George,George,,,309,1,0,2,3,0,0,0,0,0,0,4,18,,,,0.0,0.58,0.87,1.17,5.24,1,5,12
243,a,,,4.9,390,233,0,0,-1,1,0.1,449,174,1,0,0.5,416,199,0,5,0.2,397,183,0.0,0.2,0,2785,84,5639,206,0.2,0.2,0.05,0.02,0.07,0.04,0.9,0.36,1.26,0.72,5.0,337,153,0.8,342,170,25.0,134,68,2.7,302,137,,,,5,,Carlos,Alcaraz Durán,Alcaraz,,,5,0,0,0,0,0,0,0,1,0,0,0,3,,,,0.0,0.0,0.0,0.0,54.0,1,0,2
244,a,100.0,75.0,5.0,331,200,0,0,0,0,0.4,271,90,16,2,3.2,129,50,0,61,3.2,103,43,0.6,3.2,0,53489,429,31502,2148,3.2,2.4,0.21,0.49,0.7,6.94,0.04,0.1,0.14,1.4,57.6,131,43,38.2,136,86,15.0,188,96,11.2,151,73,,,,5,,Harrison,Armstrong,Armstrong,,,446,0,1,3,3,0,0,0,2,0,0,5,40,,,,0.0,0.61,0.61,1.01,8.07,8,13,19
245,a,,,5.4,203,127,0,0,-1,1,0.0,545,223,1,1,1.0,381,178,0,10,0.2,413,195,0.0,0.2,0,1128,73,2581,82,0.2,0.2,0.17,0.16,0.33,0.38,0.64,0.6,1.24,1.42,0.0,630,273,0.0,633,275,0.0,620,268,0.0,634,274,,,,5,,Tyler,Dibling,Dibling,,,24,0,0,0,0,0,0,0,0,0,0,0,0,,,,0.0,0.0,0.0,0.0,0.0,0,0,0
246,i,0.0,0.0,4.9,391,234,0,0,-1,1,0.0,518,207,6,0,2.0,230,100,0,35,1.2,259,118,0.2,1.2,0,1960,5,4460,360,0.0,0.0,0.0,0.2,0.2,4.52,0.0,0.07,0.07,1.63,26.6,233,95,32.1,151,93,2.0,303,148,6.1,239,108,,,,5,,Merlin,Röhl,Röhl,Unspecified injury - Expected back 11 Oct,,249,0,0,1,2,0,0,0,1,0,0,3,24,,,,0.0,0.36,0.72,1.08,8.67,5,6,13
247,a,100.0,100.0,5.4,189,119,-1,1,-1,1,0.2,339,120,10,1,2.0,235,104,0,39,2.0,192,89,0.4,1.9,0,3668,117,11491,651,2.0,2.0,0.05,0.13,0.18,3.91,0.03,0.09,0.12,2.57,40.2,182,72,49.9,94,64,21.0,151,78,11.1,154,75,3.0,,,5,,Hayden,Hackney,Hackney,,,137,0,1,1,1,0,0,0,0,0,0,1,12,,,,0.0,0.66,0.66,0.66,7.88,3,4,5
248,u,0.0,0.0,5.4,202,46,0,0,-1,1,0.6,228,38,2,0,1.0,380,43,0,5,0.4,368,43,0.1,0.4,0,16222,0,216390,4068,0.0,0.0,0.09,0.0,0.09,1.92,0.26,0.0,0.26,5.57,3.0,359,39,0.3,367,46,5.0,272,39,0.8,361,41,,,,5,,Norberto Bercique,Gomes Betuncal,Beto,Has joined Fiorentina permanently,,31,0,0,0,0,0,0,0,0,0,0,0,1,,,,0.0,0.0,0.0,0.0,2.9,0,1,0
249,a,,,5.6,122,31,0,0,1,-1,8.1,47,8,20,6,4.0,95,8,2,83,4.0,81,8,0.7,3.6,0,922385,40230,337953,19777,4.0,4.0,3.5,0.15,3.65,5.02,0.76,0.03,0.79,1.08,51.4,152,10,59.7,70,4,180.0,3,2,29.1,19,4,,,1.0,5,,Thierno,Barry,Barry,,,417,2,0,3,3,0,0,0,0,0,0,5,17,,,,0.0,0.65,0.65,1.08,3.67,1,5,11
649,a,,,4.5,441,89,0,0,0,0,1.2,166,65,21,8,7.0,10,5,2,75,7.0,8,5,1.6,4.7,0,82992,9960,11709,1817,7.0,7.0,0.06,0.25,0.31,2.0,0.03,0.13,0.16,1.02,43.4,173,73,12.8,230,80,8.0,237,83,6.4,232,86,,,,5,,Ainsley,Maitland-Niles,Maitland-Niles,,,177,1,0,2,1,0,0,0,0,0,0,2,13,,,,0.0,1.02,0.51,1.02,6.61,5,8,7
654,a,,,4.5,537,281,0,0,0,0,0.1,410,151,0,0,0.0,552,224,0,0,0.0,552,224,0.0,0.0,0,11164,118,4831,526,0.0,0.0,0.0,0.0,0.0,0.0,0.0,0.0,0.0,0.0,0.0,524,205,0.0,523,212,0.0,482,184,0.0,529,207,,,,5,,Braiden,Graham,Graham,,,0,0,0,0,0,0,0,0,0,0,0,0,0,,,,0.0,0.0,0.0,0.0,0.0,0,0,0
250,a,,,4.5,431,25,0,0,0,0,3.2,99,16,18,3,3.6,110,11,2,77,3.6,90,10,0.8,4.0,0,128573,17676,95155,4113,3.6,3.6,0.0,0.0,0.0,9.11,0.0,0.0,0.0,1.82,93.0,58,9,0.0,460,36,0.0,409,32,9.3,183,9,,,,5,,Bernd,Leno,Leno,,,450,0,0,1,8,0,0,0,0,0,16,5,0,,,,3.2,0.2,1.6,1.0,0.0,0,6,41
251,a,,,4.0,594,55,0,0,0,0,1.1,169,25,0,0,0.0,431,31,0,0,0.0,431,31,0.0,0.0,0,24143,1415,24599,1164,0.0,0.0,0.0,0.0,0.0,0.0,0.0,0.0,0.0,0.0,0.0,399,30,0.0,391,11,0.0,331,7,0.0,403,30,,,,5,,Benjamin,Lecomte,Lecomte,,,0,0,0,0,0,0,0,0,0,0,0,0,0,,,,0.0,0.0,0.0,0.0,0.0,0,0,0
252,u,0.0,0.0,4.0,635,72,0,0,0,0,0.1,398,47,0,0,0.0,458,48,0,0,0.0,458,48,0.0,0.0,0,2589,0,6343,347,0.0,0.0,0.0,0.0,0.0,0.0,0.0,0.0,0.0,0.0,0.0,427,47,0.0,421,28,0.0,361,24,0.0,432,47,,,,5,,Alfie,McNally,McNally,Has joined York City on loan for the rest of the season,,0,0,0,0,0,0,0,0,0,0,0,0,0,,,,0.0,0.0,0.0,0.0,0.0,0,0,0
253,a,100.0,100.0,5.0,253,37,0,0,0,0,0.1,372,143,3,1,1.0,347,133,0,12,0.6,321,117,0.1,0.6,0,13376,1502,8641,531,0.6,0.6,0.0,0.1,0.1,4.35,0.0,0.05,0.05,2.06,42.2,174,74,35.8,140,41,8.0,240,85,8.6,196,73,,,,5,,Joachim,Andersen,Andersen,,,190,0,0,0,5,0,0,0,1,0,0,2,20,,,,0.0,0.0,2.37,0.95,9.47,2,18,9
254,a,,,4.5,444,92,0,0,0,0,1.4,153,62,12,2,2.4,193,77,0,65,2.4,160,61,0.5,2.7,0,50465,7980,66667,2692,2.4,2.4,0.26,0.3,0.56,9.08,0.05,0.06,0.11,1.9,63.6,110,52,76.7,46,6,18.0,163,49,15.8,90,25,,,2.0,5,,Antonee,Robinson,Robinson,,,429,0,0,1,8,0,0,0,0,0,0,5,31,,,,0.0,0.21,1.68,1.05,6.5,13,18,20
255,a,,,4.5,472,112,0,0,0,0,0.0,551,189,3,0,3.0,136,57,0,7,0.6,313,114,0.1,0.7,0,1517,37,1936,43,0.6,0.6,0.0,0.03,0.03,2.24,0.0,0.03,0.03,2.24,32.8,214,91,21.3,190,62,0.0,430,179,5.4,250,92,,,,5,,Jorge,Cuenca Barreno,J.Cuenca,,,90,0,0,0,3,0,0,0,0,0,0,1,10,,,,0.0,0.0,3.0,1.0,10.0,1,9,3
256,a,100.0,0.0,4.4,557,139,0,0,-1,1,0.2,346,131,0,0,0.0,482,182,0,-1,0.0,482,182,0.0,0.0,0,1339,8,10225,780,0.0,0.0,0.0,0.0,0.0,0.65,0.0,0.0,0.0,2.17,1.6,370,137,0.3,362,138,2.0,298,111,0.4,369,134,,,,5,,Kenny,Tete,Tete,,,27,0,0,0,0,0,0,0,1,0,0,0,3,,,,0.0,0.0,0.0,0.0,10.0,0,3,0
257,a,,,4.5,463,105,0,0,0,0,0.7,216,85,15,6,3.0,134,56,1,69,3.0,108,41,0.7,3.3,0,22933,1919,28872,726,3.0,3.0,0.13,0.08,0.21,9.11,0.03,0.02,0.05,1.82,70.4,92,40,13.5,224,78,23.0,141,43,10.7,165,63,,,,5,,Calvin,Bassey,Bassey,,,450,0,1,1,8,0,0,0,1,0,0,5,29,,,,0.0,0.2,1.6,1.0,5.8,6,23,22
258,a,,,4.5,443,91,0,0,0,0,0.9,190,71,20,1,4.0,87,37,0,64,4.0,76,32,0.9,4.4,0,85548,8906,40783,2054,4.0,4.0,0.67,0.39,1.06,6.81,0.15,0.09,0.24,1.5,69.8,95,42,53.4,81,18,55.0,65,9,17.8,71,16,,,,5,,Timothy,Castagne,Castagne,,,408,0,2,2,7,0,0,0,2,0,0,5,29,,,,0.0,0.44,1.54,1.1,6.4,6,23,18
261,a,,,5.4,171,108,0,0,-1,1,0.6,225,71,14,5,2.8,170,71,2,94,2.8,137,61,0.5,2.6,0,20078,1158,54112,1751,2.8,2.8,0.39,1.22,1.61,8.16,0.09,0.27,0.36,1.8,39.6,185,74,104.2,26,24,23.0,143,72,16.7,80,48,1.0,1.0,3.0,5,,Alex,Iwobi,Iwobi,,,408,0,0,2,7,0,0,0,0,0,0,5,29,,,,0.0,0.44,1.54,1.1,6.4,5,5,19
262,a,,,5.4,180,114,0,0,-1,1,0.2,312,110,3,0,1.0,375,174,0,11,0.6,327,152,0.1,0.6,0,4336,138,20335,676,0.6,0.6,0.06,0.02,0.08,0.87,0.14,0.05,0.19,2.06,6.6,323,146,23.8,177,102,9.0,232,115,4.0,278,122,,,,5,,Emile,Smith Rowe,Smith Rowe,,,38,0,0,0,0,0,0,0,0,0,0,0,3,,,,0.0,0.0,0.0,0.0,7.11,0,1,2
263,a,,,5.3,233,147,0,0,-2,2,0.0,509,202,4,1,1.0,368,168,0,14,0.8,293,136,0.2,0.8,0,1894,90,4081,144,0.8,0.8,0.07,0.12,0.19,1.23,0.1,0.18,0.28,1.81,5.4,331,150,6.7,260,134,1.0,318,157,1.3,342,157,4.0,,,5,,Kevin,Santos Lopes de Macedo,Kevin,,,61,0,0,0,1,0,0,0,0,0,0,0,8,,,,0.0,0.0,1.48,0.0,11.8,3,1,4
264,a,,,5.5,152,94,0,0,0,0,0.3,295,102,13,3,2.6,185,81,0,53,2.6,154,68,0.5,2.4,0,15022,1019,19997,891,2.6,2.6,0.54,1.14,1.68,6.19,0.14,0.3,0.44,1.62,38.0,191,76,115.0,17,16,69.0,49,30,22.2,42,31,2.0,,,5,,Oscar,Bobb,Bobb,,,343,0,0,3,6,0,0,0,0,0,0,5,28,,,,0.0,0.79,1.57,1.31,7.35,8,5,15
265,a,,,4.9,355,214,0,0,-1,1,0.3,296,103,11,3,2.2,209,90,0,67,2.2,173,78,0.4,2.2,0,6012,281,17467,711,2.2,2.2,0.08,0.36,0.44,7.36,0.02,0.09,0.11,1.9,41.4,178,69,65.6,58,47,15.0,183,92,12.2,141,70,,,,5,,Sander,Berge,Berge,,,349,0,0,2,5,0,0,0,0,0,0,4,19,,,,0.0,0.52,1.29,1.03,4.9,4,7,8
266,i,0.0,0.0,4.9,342,206,0,0,-1,1,0.0,646,282,0,0,0.0,567,235,0,0,0.0,567,235,0.0,0.0,0,107,6,322,11,0.0,0.0,0.0,0.0,0.0,0.0,0.0,0.0,0.0,0.0,0.0,543,218,0.0,543,225,0.0,503,197,0.0,548,220,,,,5,,Tom,Cairney,Cairney,Knee injury - Expected back 10 Oct,,0,0,0,0,0,0,0,0,0,0,0,0,0,,,,0.0,0.0,0.0,0.0,0.0,0,0,0
268,a,,,5.5,165,103,0,0,0,0,2.3,120,36,24,2,4.8,67,27,3,109,4.8,55,20,0.9,4.4,0,286215,42080,86794,8226,4.8,4.8,1.54,0.46,2.0,8.29,0.33,0.1,0.43,1.76,108.2,34,14,60.4,67,52,133.0,8,3,30.2,16,13,,,,5,,Josh,King,King,,,425,2,0,2,7,0,0,0,1,0,0,5,28,,,,0.0,0.42,1.48,1.06,5.93,7,5,16
269,a,100.0,75.0,4.3,580,155,-1,1,-2,2,0.3,304,112,3,0,1.0,305,112,0,13,0.6,307,109,0.1,0.7,0,2495,52,18528,830,0.6,0.4,0.13,0.44,0.57,1.8,0.23,0.79,1.02,3.24,17.2,270,110,26.3,170,54,31.0,120,33,7.5,210,77,3.0,,,5,,Ryan,Sessegnon,Sessegnon,,,50,0,0,0,1,0,0,0,0,0,0,0,3,,,,0.0,0.0,1.8,0.0,5.4,1,2,3
270,a,,,4.4,556,293,0,0,-1,1,1.1,167,52,0,0,0.0,481,200,0,0,0.0,481,200,0.0,0.0,0,35073,1581,69904,3679,0.0,0.0,0.0,0.0,0.0,0.0,0.0,0.0,0.0,0.0,0.0,452,181,0.0,446,188,0.0,393,160,0.0,457,183,,,,5,,Harrison,Reed,Reed,,,0,0,0,0,0,0,0,0,0,0,0,0,0,,,,0.0,0.0,0.0,0.0,0.0,0,0,0
271,a,,,5.4,188,44,0,0,-1,1,0.4,265,46,3,0,0.8,409,49,0,14,0.6,329,38,0.1,0.6,0,15236,907,33773,1332,0.6,0.6,0.4,0.0,0.4,0.85,0.95,0.0,0.95,2.01,11.2,291,29,21.9,189,22,36.0,112,23,6.9,222,23,,,,5,,Rodrigo,Muniz Carvalho,Muniz,,,38,0,0,0,1,0,0,0,1,0,0,0,3,,,,0.0,0.0,2.37,0.0,7.11,0,3,0
272,a,,,4.5,539,78,0,0,0,0,5.5,70,10,0,0,0.0,554,62,0,0,0.0,554,62,0.0,0.0,0,155107,5636,285800,17995,0.0,0.0,0.0,0.0,0.0,0.0,0.0,0.0,0.0,0.0,0.0,526,56,0.0,525,61,0.0,484,55,0.0,531,59,,,,5,,Jonah,Kusi-Asare,Kusi-Asare,,,0,0,0,0,0,0,0,0,0,0,0,0,0,,,,0.0,0.0,0.0,0.0,0.0,0,0,0
569,a,,,6.0,73,17,0,0,0,0,3.8,89,11,14,2,2.8,175,17,0,53,2.8,142,14,0.5,2.3,0,391316,29007,295726,16341,2.8,2.8,2.33,0.58,2.91,8.29,0.49,0.12,0.61,1.76,53.0,145,9,32.0,152,14,113.0,16,8,19.8,52,9,,,1.0,5,,Gonzalo,García,Gonzalo,,,425,1,0,2,7,0,0,0,0,0,0,5,18,,,,0.0,0.42,1.48,1.06,3.81,2,7,9
570,a,,,5.4,214,136,0,0,-1,1,0.2,357,129,12,1,3.0,147,60,1,48,2.4,164,72,0.4,2.2,0,5772,483,10123,477,2.4,2.4,0.98,0.03,1.01,5.46,0.39,0.01,0.4,2.17,39.6,186,75,22.3,186,105,62.0,56,36,12.4,137,69,,,,5,,César,Palacios,Palacios,,,226,1,0,0,7,0,0,0,1,0,0,3,17,,,,0.0,0.0,2.79,1.19,6.77,3,4,10
580,a,,,5.0,287,173,0,0,0,0,0.1,450,175,13,4,2.6,181,80,0,60,2.6,149,67,0.5,2.6,0,1960,230,3860,184,2.6,2.6,0.09,0.16,0.25,6.65,0.03,0.05,0.08,1.98,45.4,169,65,42.7,120,75,14.0,195,100,10.2,172,82,,,,5,,Shea,Charles,Charles,,,303,0,0,1,5,0,0,0,0,0,0,3,46,,,,0.0,0.3,1.49,0.89,13.66,4,23,19
610,u,0.0,0.0,4.0,641,192,0,0,0,0,0.1,454,162,0,0,0.0,463,166,0,0,0.0,463,166,0.0,0.0,0,5787,0,5032,286,0.0,0.0,0.0,0.0,0.0,0.0,0.0,0.0,0.0,0.0,0.0,432,162,0.0,426,162,0.0,366,143,0.0,437,162,,,,5,,Luc,De Fougerolles,De Fougerolles,has joined  Real Salt Lake on loan for the rest of the seaon.,,0,0,0,0,0,0,0,0,0,0,0,0,0,,,,0.0,0.0,0.0,0.0,0.0,0,0,0
635,a,,,5.0,323,195,0,0,0,0,0.0,622,264,3,1,1.0,355,159,0,9,1.0,277,126,0.2,0.6,0,793,48,275,42,1.0,1.0,0.13,0.23,0.36,0.88,0.32,0.56,0.88,2.14,3.6,349,160,1.8,318,161,9.0,230,113,1.5,335,153,,,,5,,Hugo,Larsson,Larsson,,,37,0,0,0,1,0,0,0,0,0,0,0,6,,,,0.0,0.0,2.43,0.0,14.59,1,2,3
636,a,,,5.0,308,184,0,0,0,0,0.0,643,279,0,0,0.0,617,265,0,0,0.0,617,265,0.0,0.0,0,350,13,152,10,0.0,0.0,0.0,0.0,0.0,0.0,0.0,0.0,0.0,0.0,0.0,601,254,0.0,608,259,0.0,583,244,0.0,606,256,,,,5,,Manuel Ángel,Morán Ibáñez,Ángel,,,0,0,0,0,0,0,0,0,0,0,0,0,0,,,,0.0,0.0,0.0,0.0,0.0,0,0,0
650,a,,,4.5,477,116,0,0,0,0,0.0,519,182,12,4,6.0,26,11,0,40,4.0,77,33,0.9,2.7,0,4033,1155,822,200,4.0,4.0,0.0,0.02,0.02,2.88,0.0,0.01,0.01,1.44,18.6,265,108,3.3,293,103,0.0,434,182,2.2,318,115,,,,5,,David,Affengruber,Affengruber,,,180,0,0,1,1,0,0,0,0,0,0,2,23,,,,0.0,0.5,0.5,1.0,11.5,3,20,7
240,a,100.0,100.0,5.0,298,178,0,0,0,0,0.0,584,241,2,1,0.7,411,196,0,10,0.4,359,169,0.1,0.4,0,1081,43,1095,81,0.4,0.4,0.12,0.01,0.13,0.6,0.15,0.01,0.16,0.77,3.0,358,163,0.2,372,184,0.0,576,240,0.3,378,175,,,,5,,Tim,Iroegbunam,Iroegbunam,,,70,0,0,0,0,0,0,0,1,0,0,0,9,,,,0.0,0.0,0.0,0.0,11.57,3,1,5
273,a,,,4.0,601,60,0,0,0,0,1.4,154,23,0,0,0.0,437,36,0,0,0.0,437,36,0.0,0.0,0,27363,1238,36477,1594,0.0,0.0,0.0,0.0,0.0,0.0,0.0,0.0,0.0,0.0,0.0,405,35,0.0,398,16,0.0,338,12,0.0,409,35,,,,5,,Dillon,Phillips,Phillips,,,0,0,0,0,0,0,0,0,0,0,0,0,0,,,,0.0,0.0,0.0,0.0,0.0,0,0,0
274,i,0.0,0.0,4.5,436,27,0,0,0,0,0.1,465,53,0,0,0.0,496,55,0,0,0.0,496,55,0.0,0.0,0,609,40,4764,151,0.0,0.0,0.0,0.0,0.0,0.0,0.0,0.0,0.0,0.0,0.0,467,55,0.0,463,38,0.0,412,34,0.0,472,55,,,,5,,Jack,Butland,Butland,Arm injury - Unknown return date,,0,0,0,0,0,0,0,0,0,0,0,0,0,,,,0.0,0.0,0.0,0.0,0.0,0,0,0
275,u,0.0,0.0,4.0,631,71,0,0,0,0,0.0,626,73,0,0,0.0,455,47,0,0,0.0,455,47,0.0,0.0,0,0,0,317,15,0.0,0.0,0.0,0.0,0.0,0.0,0.0,0.0,0.0,0.0,0.0,424,46,0.0,418,27,0.0,358,23,0.0,429,46,,,,5,,Harvey,Cartwright,Cartwright,Has joined Grimsby Town on loan for the rest of the season,,0,0,0,0,0,0,0,0,0,0,0,0,0,,,,0.0,0.0,0.0,0.0,0.0,0,0,0
276,u,0.0,0.0,4.0,620,67,0,0,0,0,0.0,562,65,0,0,0.0,448,43,0,0,0.0,448,43,0.0,0.0,0,0,0,1048,54,0.0,0.0,0.0,0.0,0.0,0.0,0.0,0.0,0.0,0.0,0.0,417,42,0.0,411,23,0.0,351,19,0.0,422,42,,,,5,,Thimothée,Lo-Tutala,Lo-Tutala,Has joined Colchester United on loan for the rest of the season,,0,0,0,0,0,0,0,0,0,0,0,0,0,,,,0.0,0.0,0.0,0.0,0.0,0,0,0
277,a,,,4.1,585,160,0,0,1,-1,7.1,53,20,26,1,5.2,51,20,1,71,5.2,38,14,1.3,6.3,0,738872,15713,201737,14816,5.2,5.2,0.05,0.0,0.05,7.27,0.01,0.0,0.01,1.5,96.8,48,19,1.1,332,122,8.0,236,82,10.7,164,62,,,,5,,John,Egan,Egan,,,437,0,0,3,4,0,0,0,1,0,0,5,59,,,,0.0,0.62,0.82,1.03,12.15,9,50,12
278,i,0.0,0.0,3.9,667,217,0,0,-1,1,0.2,349,132,0,0,0.0,423,150,0,0,0.0,423,150,0.0,0.0,0,16532,743,11916,949,0.0,0.0,0.0,0.0,0.0,0.0,0.0,0.0,0.0,0.0,0.0,391,145,0.0,383,143,0.0,323,124,0.0,395,144,,,,5,,Charlie,Hughes,Hughes,Groin injury - Unknown return date,,0,0,0,0,0,0,0,0,0,0,0,0,0,,,,0.0,0.0,0.0,0.0,0.0,0,0,0
279,a,100.0,100.0,4.2,584,159,0,0,2,-2,14.2,29,10,27,1,5.4,45,16,2,79,5.4,31,9,1.3,6.4,0,1339599,28214,281042,30540,5.4,5.4,0.66,0.01,0.67,6.43,0.14,0.0,0.14,1.37,76.2,81,35,3.0,295,105,41.0,96,22,12.0,143,53,,,,5,,Semi,Ajayi,Ajayi,,,423,1,0,3,4,0,0,0,1,0,0,5,27,,,,0.0,0.64,0.85,1.06,5.74,6,21,16
280,a,100.0,100.0,4.0,605,167,0,0,0,0,0.7,219,86,14,1,2.8,159,64,0,49,2.8,125,44,0.7,3.5,0,26823,1251,24806,998,2.8,2.8,0.13,0.07,0.2,6.22,0.03,0.02,0.05,1.61,17.4,269,109,27.1,168,53,5.0,267,96,5.0,258,97,,,,5,,Lewie,Coyle,Coyle,,,348,0,0,2,4,0,0,0,1,0,0,5,11,,,,0.0,0.52,1.03,1.29,2.84,3,8,11
281,u,0.0,0.0,4.0,617,175,0,0,0,0,0.0,503,177,2,0,1.0,301,108,0,8,0.4,345,121,0.1,0.5,0,2118,0,4373,120,0.0,0.0,0.05,0.0,0.05,0.87,0.07,0.0,0.07,1.2,6.4,325,124,0.4,359,135,1.0,316,118,0.8,358,130,,,,5,,Cody,Drameh,Drameh,Has joined Genoa permanently,,65,0,0,0,0,0,0,0,0,0,0,0,6,,,,0.0,0.0,0.0,0.0,8.31,1,5,4
282,a,,,4.0,613,174,0,0,0,0,2.9,106,41,24,0,4.8,61,26,2,94,4.8,50,22,1.2,6.0,0,271083,14266,59282,6991,4.8,4.8,0.02,0.43,0.45,7.33,0.0,0.09,0.09,1.49,70.6,91,39,93.7,29,3,6.0,250,87,17.1,73,18,3.0,1.0,,5,,Ryan,Giles,Giles,,,444,0,1,3,4,0,0,0,1,0,0,5,24,,,,0.0,0.61,0.81,1.01,4.86,5,19,14
283,u,0.0,0.0,4.0,621,177,0,0,0,0,0.0,620,210,0,0,0.0,449,157,0,0,0.0,449,157,0.0,0.0,0,114,0,671,14,0.0,0.0,0.0,0.0,0.0,0.0,0.0,0.0,0.0,0.0,0.0,418,153,0.0,412,153,0.0,352,134,0.0,423,153,,,,5,,Matty,Jacob,Jacob,Has joined Newport County on loan until January,,0,0,0,0,0,0,0,0,0,0,0,0,0,,,,0.0,0.0,0.0,0.0,0.0,0,0,0
285,a,100.0,100.0,4.0,600,164,0,0,0,0,0.1,396,148,1,0,1.0,298,105,0,3,0.2,379,132,0.0,0.2,0,3062,109,4505,196,0.2,0.2,0.0,0.0,0.0,0.96,0.0,0.0,0.0,3.32,4.2,344,131,0.0,397,146,0.0,337,127,0.4,368,133,,,,5,,Paddy,McNair,McNair,,,26,0,0,0,0,0,0,0,0,0,0,0,2,,,,0.0,0.0,0.0,0.0,6.92,0,2,1
286,a,,,5.1,239,150,0,0,1,-1,4.7,78,27,31,4,6.2,21,9,2,111,6.2,16,6,1.2,6.1,0,469429,39493,73065,13027,6.2,6.2,0.72,0.43,1.15,6.44,0.16,0.1,0.26,1.47,124.8,14,9,38.4,133,84,59.0,59,39,22.2,41,30,2.0,2.0,,5,,Mohamed,Belloumi,Belloumi,,,394,2,2,3,3,0,0,0,1,0,0,5,44,,,,0.0,0.69,0.69,1.14,10.05,16,14,14
626,a,,,4.5,532,278,0,0,0,0,0.3,294,101,0,0,0.0,549,222,0,0,0.0,549,222,0.0,0.0,0,34226,59,17448,1234,0.0,0.0,0.0,0.0,0.0,0.0,0.0,0.0,0.0,0.0,0.0,521,203,0.0,520,210,0.0,478,182,0.0,526,205,,,,5,,Macaulay,Zepa,Zepa,,,0,0,0,0,0,0,0,0,0,0,0,0,0,,,,0.0,0.0,0.0,0.0,0.0,0,0,0
287,u,0.0,0.0,5.0,274,168,0,0,0,0,0.0,535,216,6,0,3.0,142,57,0,26,1.2,261,119,0.2,1.2,0,3178,0,7375,155,0.0,0.0,0.58,0.0,0.58,0.87,1.04,0.0,1.04,1.57,36.0,201,83,1.1,334,168,15.0,186,95,5.2,256,113,,,,5,,Liam,Millar,Millar,Has joined Birmingham on loan for the rest of the season,,50,1,0,0,0,0,0,0,1,0,0,0,4,,,,0.0,0.0,0.0,0.0,7.2,1,2,1
289,a,100.0,100.0,4.4,550,291,-1,1,-1,1,0.5,252,82,3,0,1.0,307,136,0,17,0.6,308,143,0.1,0.7,0,22077,2718,38497,2268,0.6,0.6,0.0,0.12,0.12,3.57,0.0,0.05,0.05,1.58,30.0,224,88,2.8,302,155,0.0,388,158,3.2,294,131,,,,5,,Matt,Crooks,Crooks,,,203,0,0,1,4,0,0,0,3,0,0,3,21,,,,0.0,0.44,1.77,1.33,9.31,8,9,4
290,a,,,4.5,466,260,0,0,0,0,5.3,72,24,15,2,3.0,135,54,0,67,3.0,109,46,0.7,3.3,0,491683,8750,262542,21543,3.0,3.0,0.21,0.59,0.8,7.27,0.04,0.12,0.16,1.5,58.0,129,42,61.3,65,51,17.0,170,88,13.7,117,59,1.0,,,5,,Regan,Slater,Slater,,,437,0,1,3,4,0,0,0,1,0,0,5,33,,,,0.0,0.62,0.82,1.03,6.8,9,9,15
291,i,0.0,0.0,4.5,483,262,0,0,0,0,0.0,631,270,0,0,0.0,514,208,0,0,0.0,514,208,0.0,0.0,0,367,16,470,32,0.0,0.0,0.0,0.0,0.0,0.0,0.0,0.0,0.0,0.0,0.0,485,189,0.0,484,196,0.0,437,168,0.0,490,191,,,,5,,Eliot,Matazo,Matazo,Knee injury - Unknown return date,,0,0,0,0,0,0,0,0,0,0,0,0,0,,,,0.0,0.0,0.0,0.0,0.0,0,0,0
292,a,,,4.9,356,215,0,0,-1,1,0.0,581,239,0,0,0.0,574,239,0,0,0.0,574,239,0.0,0.0,0,1164,46,1557,76,0.0,0.0,0.0,0.0,0.0,0.0,0.0,0.0,0.0,0.0,0.0,553,224,0.0,551,229,0.0,513,203,0.0,557,225,,,,5,,Abdülkadir,Ömür,Ömür,,,0,0,0,0,0,0,0,0,0,0,0,0,0,,,,0.0,0.0,0.0,0.0,0.0,0,0,0
293,u,0.0,0.0,5.0,299,179,0,0,0,0,0.0,657,290,0,0,0.0,611,262,0,0,0.0,611,262,0.0,0.0,0,0,0,369,7,0.0,0.0,0.0,0.0,0.0,0.0,0.0,0.0,0.0,0.0,0.0,595,251,0.0,602,256,0.0,577,241,0.0,600,253,,,,5,,Abu,Kamara,Kamara,Has joined Portsmouth permanently,,0,0,0,0,0,0,0,0,0,0,0,0,0,,,,0.0,0.0,0.0,0.0,0.0,0,0,0
294,a,100.0,100.0,4.5,508,267,0,0,0,0,0.1,427,162,0,0,0.0,532,213,0,0,0.0,532,213,0.0,0.0,0,3813,84,6601,272,0.0,0.0,0.0,0.0,0.0,0.0,0.0,0.0,0.0,0.0,0.0,503,194,0.0,503,201,0.0,459,173,0.0,508,196,,,,5,,Óscar,Zambrano,Zambrano,,,0,0,0,0,0,0,0,0,0,0,0,0,0,,,,0.0,0.0,0.0,0.0,0.0,0,0,0
295,a,,,5.5,128,34,0,0,0,0,1.9,128,21,13,1,2.6,184,18,0,52,2.6,153,15,0.5,2.4,0,185302,4316,146091,10744,2.6,2.6,1.23,0.13,1.36,7.21,0.25,0.03,0.28,1.47,44.2,171,14,56.5,76,5,94.0,24,9,19.4,58,10,,,1.0,5,,Oli,McBurnie,McBurnie,,,441,0,2,3,4,0,0,0,3,0,0,5,21,,,,0.0,0.61,0.82,1.02,4.29,3,9,9
296,u,0.0,0.0,5.0,261,163,0,0,0,0,0.0,557,230,0,0,0.0,598,256,0,0,0.0,598,256,0.0,0.0,0,2704,0,4761,148,0.0,0.0,0.0,0.0,0.0,0.0,0.0,0.0,0.0,0.0,0.0,579,243,0.0,583,248,0.0,555,230,0.0,584,245,,,,5,,David,Akintola,Akintola,Has joined Omonoia FC permanently,,0,0,0,0,0,0,0,0,0,0,0,0,0,,,,0.0,0.0,0.0,0.0,0.0,0,0,0
297,i,0.0,0.0,4.5,484,263,0,0,0,0,0.0,579,238,0,0,0.0,515,209,0,0,0.0,515,209,0.0,0.0,0,401,12,1530,62,0.0,0.0,0.0,0.0,0.0,0.0,0.0,0.0,0.0,0.0,0.0,486,190,0.0,485,197,0.0,438,169,0.0,491,192,,,,5,,Darko,Gyabi,Gyabi,Thigh injury - Unknown return date,,0,0,0,0,0,0,0,0,0,0,0,0,0,,,,0.0,0.0,0.0,0.0,0.0,0,0,0
298,u,0.0,0.0,4.5,495,68,0,0,0,0,0.2,347,55,0,0,0.0,521,53,0,0,0.0,521,53,0.0,0.0,0,0,0,21662,709,0.0,0.0,0.0,0.0,0.0,0.0,0.0,0.0,0.0,0.0,0.0,492,46,0.0,492,52,0.0,448,45,0.0,497,49,,,,5,,Enis,Destan,Destan,Has joined Konyaspor permanently,,0,0,0,0,0,0,0,0,0,0,0,0,0,,,,0.0,0.0,0.0,0.0,0.0,0,0,0
299,u,0.0,0.0,4.5,502,69,0,0,0,0,0.0,532,72,0,0,0.0,527,54,0,0,0.0,527,54,0.0,0.0,0,0,0,2986,136,0.0,0.0,0.0,0.0,0.0,0.0,0.0,0.0,0.0,0.0,0.0,498,47,0.0,498,53,0.0,454,46,0.0,503,50,,,,5,,Mason,Burstow,Burstow,Has joined Sheffield Wednesday on loan for the rest of the season,,0,0,0,0,0,0,0,0,0,0,0,0,0,,,,0.0,0.0,0.0,0.0,0.0,0,0,0
340,a,100.0,100.0,5.0,286,172,0,0,0,0,0.0,603,253,1,1,1.0,350,156,0,5,0.2,403,188,0.0,0.2,0,656,46,960,53,0.2,0.2,0.1,0.02,0.12,0.13,1.29,0.26,1.55,1.67,0.0,589,247,0.0,595,252,0.0,568,235,0.0,594,249,,,,5,,Joe,Gelhardt,Gelhardt,,,7,0,0,0,0,0,0,0,0,0,0,0,1,,,,0.0,0.0,0.0,0.0,12.86,0,0,1
556,d,75.0,75.0,4.0,602,165,0,0,0,0,1.7,140,55,1,0,1.0,299,106,0,3,0.2,380,133,0.0,0.2,0,24784,60,82677,5401,0.2,0.2,0.0,0.0,0.0,0.07,0.0,0.0,0.0,1.26,0.4,383,141,0.0,399,147,0.0,339,128,0.0,410,147,,,,5,,Matt,Targett,Targett,Ankle injury - 75% chance of playing,,5,0,0,0,0,0,0,0,0,0,0,0,0,,,,0.0,0.0,0.0,0.0,0.0,0,0,1
563,i,0.0,0.0,5.0,282,170,0,0,0,0,0.0,586,243,1,0,1.0,348,155,0,6,0.2,401,187,0.0,0.2,0,710,7,1671,75,0.0,0.0,0.0,0.0,0.0,1.09,0.0,0.0,0.0,2.18,11.0,293,123,13.4,227,122,0.0,565,234,2.4,312,142,,,,5,,Hidemasa,Morita,Morita,Calf injury - Expected back 11 Oct,,45,0,0,0,0,0,0,0,0,0,0,1,3,,,,0.0,0.0,0.0,2.0,6.0,0,2,1
572,a,,,4.6,426,22,0,0,1,-1,12.0,35,5,34,6,6.8,13,1,6,129,6.8,9,1,1.5,7.4,0,926582,55254,205498,9848,6.8,6.8,0.0,0.0,0.0,7.4,0.0,0.0,0.0,1.48,101.8,40,5,0.0,536,54,0.0,495,52,10.2,170,5,,,,5,,Konstantinos,Tzolakis,Tzolakis,,,450,0,0,3,4,0,1,0,1,0,17,5,0,,,,3.4,0.6,0.8,1.0,0.0,1,2,69
574,a,,,4.9,397,240,0,0,-1,1,0.1,488,192,1,0,1.0,339,148,0,4,0.2,398,184,0.0,0.2,0,1403,42,4290,170,0.2,0.2,0.0,0.0,0.0,0.0,0.0,0.0,0.0,0.0,0.0,569,236,0.0,571,242,0.0,534,216,0.0,574,238,,,,5,,Jens,Hjertø-Dahl,Hjertø-Dahl,,,8,0,0,0,0,0,0,0,0,0,0,0,1,,,,0.0,0.0,0.0,0.0,11.25,0,0,1
288,a,,,4.5,445,258,0,0,0,0,0.3,291,98,0,0,0.0,499,206,0,0,0.0,499,206,0.0,0.0,0,12064,307,20661,1078,0.0,0.0,0.0,0.0,0.0,0.0,0.0,0.0,0.0,0.0,0.0,470,187,0.0,467,194,0.0,416,166,0.0,475,189,,,,5,,Kieran,Dowell,Dowell,,,0,0,0,0,0,0,0,0,0,0,0,0,0,,,,0.0,0.0,0.0,0.0,0.0,0,0,0
576,a,,,5.0,330,199,0,0,0,0,0.1,439,168,7,0,1.8,255,112,0,17,1.4,245,111,0.3,1.4,0,3593,71,4461,238,1.4,1.4,0.06,0.05,0.11,4.32,0.02,0.02,0.04,1.56,8.4,310,138,22.7,181,103,12.0,206,105,3.8,285,126,,,,5,,Elliot,Stroud,Stroud,,,249,0,0,2,1,0,0,0,1,0,0,4,20,,,,0.0,0.72,0.36,1.45,7.23,5,3,12
585,a,,,4.0,654,204,0,0,0,0,0.6,238,91,5,1,1.0,304,111,0,19,1.0,268,96,0.2,1.2,0,12353,554,17667,780,1.0,1.0,0.02,0.04,0.06,3.36,0.01,0.02,0.03,1.54,19.2,261,107,0.7,345,129,0.0,379,155,2.0,323,116,,,,5,,Lucas,Herrington,Herrington,,,197,0,0,0,3,0,0,0,0,0,0,1,16,,,,0.0,0.0,1.37,0.46,7.31,2,14,6
586,a,100.0,0.0,4.1,586,161,0,0,1,-1,6.4,60,25,25,0,6.2,20,8,1,69,5.0,43,17,1.2,6.1,0,679553,3261,349307,24324,5.0,0.0,0.32,0.0,0.32,4.02,0.12,0.0,0.12,1.45,108.2,33,14,1.4,325,118,54.0,67,10,16.4,83,21,,,,5,,Nobel,Mendy,Mendy,,,249,1,0,2,1,0,0,0,0,0,0,4,39,,,,0.0,0.72,0.36,1.45,14.1,7,32,6
589,a,,,5.0,290,175,0,0,0,0,0.0,559,232,4,1,1.3,284,129,0,18,0.8,291,135,0.2,0.8,0,690,21,1289,54,0.8,0.8,0.03,0.03,0.06,2.26,0.02,0.02,0.04,1.47,26.2,234,96,22.5,182,104,0.0,570,237,4.9,264,115,,,,5,,Lucas,Gourna-Douath,Gourna-Douath,,,138,0,0,1,0,0,0,0,1,0,0,1,17,,,,0.0,0.65,0.0,0.65,11.09,5,5,7
617,a,,,5.0,301,181,0,0,0,0,0.0,592,245,9,6,2.2,216,94,0,36,2.2,177,80,0.4,1.8,0,1635,199,683,71,2.2,2.2,0.79,0.36,1.15,0.98,0.99,0.45,1.44,1.22,10.6,294,124,18.8,200,112,38.0,104,56,6.8,224,102,,,,5,,Mohamed-Ali,Cho,Cho,,,72,1,0,0,1,0,0,0,0,0,0,0,2,,,,0.0,0.0,1.25,0.0,2.5,0,1,1
632,i,0.0,0.0,5.0,334,62,0,0,0,0,0.0,549,74,0,0,0.0,627,71,0,0,0.0,627,71,0.0,0.0,0,5086,39,3308,228,0.0,0.0,0.0,0.0,0.0,0.0,0.0,0.0,0.0,0.0,0.0,612,65,0.0,619,70,0.0,596,64,0.0,617,68,,,,5,,Ilyas,Ansah,Ansah,Back injury - Unknown return date,,0,0,0,0,0,0,0,0,0,0,0,0,0,,,,0.0,0.0,0.0,0.0,0.0,0,0,0
637,a,,,5.0,336,64,0,0,0,0,0.1,416,63,2,1,1.0,360,39,0,8,0.7,304,35,0.1,0.4,0,11465,960,3388,567,0.7,0.7,0.0,0.01,0.01,0.31,0.0,0.04,0.04,1.4,0.0,613,66,0.5,357,44,0.0,598,66,0.0,618,69,,,,5,,Robinio,Vaz,Vaz,,,20,0,0,0,0,0,0,0,0,0,0,0,2,,,,0.0,0.0,0.0,0.0,9.0,0,0,2
638,a,,,4.0,632,184,0,0,0,0,0.3,310,115,1,0,0.5,414,144,0,3,0.3,373,128,0.1,0.2,0,26002,386,8771,945,0.3,0.3,0.05,0.0,0.05,0.3,0.13,0.0,0.13,0.79,2.2,362,135,0.6,348,131,9.0,228,80,1.2,345,125,,,,5,,Brooke,Norton-Cuffy,Norton-Cuffy,,,34,0,0,0,0,0,0,0,1,0,0,0,1,,,,0.0,0.0,0.0,0.0,2.65,0,1,4
642,a,,,5.5,139,84,0,0,0,0,0.0,553,227,4,2,1.3,285,130,0,13,1.3,253,116,0.2,0.7,0,2823,219,1021,172,1.3,1.3,0.21,0.11,0.32,2.04,0.16,0.08,0.24,1.54,8.8,308,136,25.6,171,99,4.0,290,142,3.8,286,127,,,,5,,Sorba,Thomas,Thomas,,,119,0,0,0,3,0,0,0,0,0,0,1,8,,,,0.0,0.0,2.27,0.76,6.05,1,0,7
645,a,,,5.0,337,202,0,0,0,0,0.0,623,265,0,0,0.0,628,272,0,0,0.0,628,272,0.0,0.0,0,732,40,277,51,0.0,0.0,0.0,0.0,0.0,0.0,0.0,0.0,0.0,0.0,0.0,614,262,0.0,620,267,0.0,599,254,0.0,619,264,,,,5,,Christos,Mouzakitis,Mouzakitis,,,0,0,0,0,0,0,0,0,0,0,0,0,0,,,,0.0,0.0,0.0,0.0,0.0,0,0,0
259,a,,,4.0,610,171,0,0,0,0,13.0,31,11,12,4,2.4,192,76,0,45,2.4,159,60,0.6,3.0,0,132817,3780,481237,28615,2.4,2.4,0.06,0.16,0.22,8.98,0.01,0.03,0.04,1.8,90.2,61,24,13.7,221,76,4.0,277,99,10.8,160,60,,,,5,,Issa,Diop,Diop,,,450,0,0,0,11,0,0,0,0,0,0,5,45,,,,0.0,0.0,2.2,1.0,9.0,4,41,21
267,a,,,4.9,358,217,-1,1,-1,1,0.1,415,154,11,2,2.2,210,91,0,68,2.2,174,79,0.4,2.2,0,3326,98,6237,284,2.2,2.2,0.02,0.41,0.43,7.37,0.0,0.09,0.09,1.66,61.4,119,38,64.4,60,49,6.0,257,127,13.2,126,64,1.0,,,5,,Saša,Lukić,Lukić,,,400,0,1,0,10,0,0,0,2,0,0,5,37,,,,0.0,0.0,2.25,1.12,8.32,7,17,13
300,a,,,4.4,552,45,0,0,-1,1,0.4,269,36,2,2,2.0,223,19,0,10,0.4,347,22,0.1,0.5,0,2487,802,14325,412,0.4,0.4,0.0,0.01,0.01,2.24,0.0,0.01,0.01,2.24,0.0,450,49,0.0,444,30,0.0,390,26,0.0,455,49,,,,5,,Christian,Walton,Walton,,,90,0,0,0,1,0,0,0,0,0,1,1,0,,,,1.0,0.0,1.0,1.0,0.0,0,2,17
301,a,,,4.0,597,57,0,0,0,0,3.9,86,13,0,0,0.0,434,33,0,0,0.0,434,33,0.0,0.0,0,72767,2171,107216,5977,0.0,0.0,0.0,0.0,0.0,0.0,0.0,0.0,0.0,0.0,0.0,402,32,0.0,394,13,0.0,334,9,0.0,406,32,,,,5,,Alex,Palmer,Palmer,,,0,0,0,0,0,0,0,0,0,0,0,0,0,,,,0.0,0.0,0.0,0.0,0.0,0,0,0
302,a,,,4.0,590,52,0,0,0,0,0.6,235,34,0,0,0.0,427,28,0,0,0.0,427,28,0.0,0.0,0,30927,917,14494,642,0.0,0.0,0.0,0.0,0.0,0.0,0.0,0.0,0.0,0.0,0.0,395,27,0.0,387,8,0.0,327,4,0.0,399,27,,,,5,,David,Button,Button,,,0,0,0,0,0,0,0,0,0,0,0,0,0,,,,0.0,0.0,0.0,0.0,0.0,0,0,0
303,a,,,3.9,665,215,0,0,-1,1,0.9,197,75,0,0,0.0,421,148,0,0,0.0,421,148,0.0,0.0,0,47255,2634,26850,2103,0.0,0.0,0.0,0.0,0.0,0.0,0.0,0.0,0.0,0.0,0.0,389,143,0.0,381,141,0.0,321,122,0.0,393,142,,,,5,,Cédric,Kipré,Kipré,,,0,0,0,0,0,0,0,0,0,0,0,0,0,,,,0.0,0.0,0.0,0.0,0.0,0,0,0
304,a,,,4.0,609,170,0,0,0,0,2.7,109,42,10,2,2.0,222,84,0,24,2.0,184,67,0.5,2.5,0,64420,1001,120212,6869,2.0,2.0,0.07,0.26,0.33,8.98,0.01,0.05,0.06,1.8,101.4,42,16,60.5,66,12,19.0,157,47,18.0,70,15,,,,5,,Dara,O'Shea,O'Shea,,,450,0,0,0,11,0,0,0,0,0,0,5,48,,,,0.0,0.0,2.2,1.0,9.6,7,41,18
305,a,,,4.0,624,180,0,0,0,0,6.9,55,21,25,2,5.0,56,23,1,52,5.0,42,16,1.2,6.2,0,347805,27602,169375,11759,5.0,5.0,1.59,0.46,2.05,8.98,0.32,0.09,0.41,1.8,134.4,11,1,55.6,78,17,108.0,18,1,29.9,17,1,,2.0,,5,,Leif,Davis,Davis,,,450,2,2,0,11,0,0,0,0,0,0,5,24,,,,0.0,0.0,2.2,1.0,4.8,2,22,10
306,a,,,4.0,622,178,0,0,0,0,1.1,171,66,3,0,0.8,401,137,0,12,0.6,306,108,0.2,0.8,0,7983,247,36478,1737,0.6,0.6,0.0,0.06,0.06,6.74,0.0,0.02,0.02,1.7,68.6,103,47,16.9,207,67,4.0,278,100,9.0,190,72,,,,5,,Jacob,Greaves,Greaves,,,357,0,0,0,10,1,0,0,1,0,0,4,30,,,,0.0,0.0,2.52,1.01,7.56,5,25,12
307,u,0.0,0.0,4.0,612,173,0,0,0,0,0.1,477,170,0,0,0.0,442,155,0,0,0.0,442,155,0.0,0.0,0,1137,0,6151,204,0.0,0.0,0.0,0.0,0.0,0.0,0.0,0.0,0.0,0.0,0.0,411,151,0.0,405,151,0.0,345,132,0.0,416,151,,,,5,,Ben,Johnson,Johnson,Has joined Stoke City on loan for the rest of the season,,0,0,0,0,0,0,0,0,0,0,0,0,0,,,,0.0,0.0,0.0,0.0,0.0,0,0,0
308,a,,,3.9,664,214,0,0,-1,1,0.6,232,89,1,0,1.0,297,104,0,-1,0.2,378,131,0.1,0.3,0,16282,3645,18064,1287,0.2,0.2,0.0,0.0,0.0,0.86,0.0,0.0,0.0,4.55,5.0,335,128,0.5,353,134,0.0,320,121,0.6,365,132,,,,5,,Darnell,Furlong,Furlong,,,17,0,0,0,1,0,0,0,0,0,0,0,3,,,,0.0,0.0,5.29,0.0,15.88,1,2,0
309,a,,,4.9,389,232,0,0,-1,1,0.1,407,149,6,0,3.0,139,55,0,32,1.2,258,117,0.2,1.2,0,3065,48,7342,335,1.2,1.2,0.03,0.05,0.08,3.48,0.02,0.03,0.05,2.24,24.6,240,100,19.4,196,109,6.0,258,128,5.0,261,114,3.0,1.0,,5,,Marcelino,Núñez,Núñez,,,140,0,0,0,4,0,0,0,0,0,0,2,21,,,,0.0,0.0,2.57,1.29,13.5,3,8,10
310,a,100.0,100.0,4.9,366,220,0,0,-1,1,0.0,645,281,0,0,0.0,576,241,0,0,0.0,576,241,0.0,0.0,0,118,7,270,9,0.0,0.0,0.0,0.0,0.0,0.0,0.0,0.0,0.0,0.0,0.0,555,226,0.0,554,231,0.0,517,205,0.0,559,227,,,,5,,Azor,Matusiwa,Matusiwa,,,0,0,0,0,0,0,0,0,0,0,0,0,0,,,,0.0,0.0,0.0,0.0,0.0,0,0,0
311,u,0.0,0.0,5.0,247,153,0,0,0,0,0.0,652,286,0,0,0.0,594,253,0,0,0.0,594,253,0.0,0.0,0,0,0,344,5,0.0,0.0,0.0,0.0,0.0,0.0,0.0,0.0,0.0,0.0,0.0,575,240,0.0,577,245,0.0,548,226,0.0,580,242,,,,5,,Wes,Burns,Burns,Has joined Leicester City permanently,,0,0,0,0,0,0,0,0,0,0,0,0,0,,,,0.0,0.0,0.0,0.0,0.0,0,0,0
312,i,0.0,0.0,4.4,563,294,-1,1,-1,1,0.0,537,217,0,0,0.0,483,201,0,0,0.0,483,201,0.0,0.0,0,768,192,2499,118,0.0,0.0,0.0,0.0,0.0,0.0,0.0,0.0,0.0,0.0,0.0,454,182,0.0,448,189,0.0,395,161,0.0,459,184,,,,5,,Jack,Taylor,Taylor,Knee injury - Unknown return date,,0,0,0,0,0,0,0,0,0,0,0,0,0,,,,0.0,0.0,0.0,0.0,0.0,0,0,0
313,a,,,5.4,195,122,0,0,-1,1,0.2,345,122,11,2,2.8,171,72,1,48,2.2,180,83,0.4,2.0,0,5419,68,15332,538,2.2,2.2,0.3,0.37,0.67,1.97,0.16,0.2,0.36,1.04,42.0,175,67,25.3,173,100,43.0,92,51,11.0,158,77,4.0,3.0,1.0,5,,Jack,Clarke,Clarke,,,170,1,0,0,2,0,0,0,1,0,0,2,10,,,,0.0,0.0,1.06,1.06,5.29,2,3,5
314,u,0.0,0.0,4.9,364,218,0,0,-1,1,0.0,628,267,0,0,0.0,575,240,0,0,0.0,575,240,0.0,0.0,0,104,0,1179,37,0.0,0.0,0.0,0.0,0.0,0.0,0.0,0.0,0.0,0.0,0.0,554,225,0.0,553,230,0.0,516,204,0.0,558,226,,,,5,,Chiedozie,Ogbene,Ogbene,Has joined Lincoln City on loan until January,,0,0,0,0,0,0,0,0,0,0,0,0,0,,,,0.0,0.0,0.0,0.0,0.0,0,0,0
315,s,0.0,,5.4,208,132,0,0,-1,1,0.2,356,128,8,-1,1.6,268,120,0,71,1.6,227,105,0.3,1.5,0,5343,41,12225,1381,0.0,1.6,0.17,1.11,1.28,7.79,0.04,0.28,0.32,1.99,61.6,118,37,114.9,18,17,20.0,155,81,19.7,53,38,2.0,,,5,,Abdul,Fatawu,Fatawu,Suspended until 17 Oct,,352,0,1,0,10,0,0,0,2,1,0,5,28,,,,0.0,0.0,2.56,1.28,7.16,9,8,11
316,a,100.0,100.0,5.5,159,39,0,0,0,0,3.4,95,13,26,2,5.2,54,5,6,110,5.2,40,5,0.9,4.7,0,303761,20063,132105,12831,5.2,5.2,1.61,0.12,1.73,4.29,0.46,0.03,0.49,1.22,96.4,50,4,49.8,95,8,83.0,34,13,22.9,36,7,,,2.0,5,,Emersonn,Correia da Silva,Emersonn,,,317,2,1,0,6,0,0,0,0,0,0,5,10,,,,0.0,0.0,1.7,1.42,2.84,3,3,4
317,u,0.0,0.0,5.0,269,53,0,0,0,0,0.1,443,64,0,0,0.0,601,64,0,0,0.0,601,64,0.0,0.0,0,0,0,16859,229,0.0,0.0,0.0,0.0,0.0,0.0,0.0,0.0,0.0,0.0,0.0,582,58,0.0,586,63,0.0,558,57,0.0,587,61,,,,5,,George,Hirst,Hirst,Has joined Stoke City permanently,,0,0,0,0,0,0,0,0,0,0,0,0,0,,,,0.0,0.0,0.0,0.0,0.0,0,0,0
318,a,100.0,100.0,5.4,200,125,0,0,-1,1,0.1,451,176,2,1,1.0,378,176,0,11,0.4,366,174,0.1,0.4,0,283,15,9201,77,0.4,0.4,0.08,0.01,0.08,0.97,0.14,0.02,0.16,1.68,3.4,353,162,0.8,344,171,9.0,233,116,1.3,344,159,5.0,,3.0,5,,Jaden,Philogene,Philogene,,,52,0,0,0,1,0,0,0,0,0,0,0,4,,,,0.0,0.0,1.73,0.0,6.92,0,0,4
319,u,0.0,0.0,5.0,251,157,0,0,0,0,0.0,648,284,0,0,0.0,596,255,0,0,0.0,596,255,0.0,0.0,0,0,0,750,3,0.0,0.0,0.0,0.0,0.0,0.0,0.0,0.0,0.0,0.0,0.0,577,242,0.0,579,247,0.0,551,229,0.0,582,244,,,,5,,Sam,Szmodics,Szmodics,Has joined Derby County on loan for the rest of the season,,0,0,0,0,0,0,0,0,0,0,0,0,0,,,,0.0,0.0,0.0,0.0,0.0,0,0,0
320,a,,,5.0,246,51,0,0,0,0,1.2,165,26,7,1,2.3,203,21,0,36,1.4,244,25,0.3,1.4,0,128981,3025,69869,5436,1.4,1.4,1.14,0.0,1.14,4.2,1.32,0.0,1.32,4.85,34.6,208,17,1.7,322,41,19.0,159,29,5.5,247,26,,,,5,,Chuba,Akpom,Akpom,,,78,1,0,0,4,0,0,0,0,0,0,0,3,,,,0.0,0.0,4.62,0.0,3.46,1,0,2
321,a,,,4.5,510,71,0,0,0,0,3.6,92,12,1,0,1.0,321,36,0,3,0.2,390,47,0.0,0.2,0,322349,9728,199223,14736,0.2,0.2,0.0,0.0,0.0,0.03,0.0,0.0,0.0,0.27,0.0,505,49,0.1,375,48,0.0,461,48,0.0,510,52,,,,5,,Sindre,Walle Egeli,Walle Egeli,,,10,0,0,0,0,0,0,0,0,0,0,0,0,,,,0.0,0.0,0.0,0.0,0.0,0,0,0
322,u,0.0,0.0,5.0,285,56,0,0,0,0,0.1,492,68,0,0,0.0,605,66,0,0,0.0,605,66,0.0,0.0,0,755,0,9743,198,0.0,0.0,0.0,0.0,0.0,0.0,0.0,0.0,0.0,0.0,0.0,588,60,0.0,594,65,0.0,567,59,0.0,593,63,,,,5,,Ali,Al-Hamadi,Al-Hamadi,Has joined Sheffield Wednesday on loan for the rest of the season,,0,0,0,0,0,0,0,0,0,0,0,0,0,,,,0.0,0.0,0.0,0.0,0.0,0,0,0
323,a,,,4.5,481,261,0,0,0,0,1.0,174,55,3,0,1.0,319,138,0,12,0.6,314,144,0.1,0.7,0,27026,282,59496,3649,0.6,0.6,0.05,0.0,0.05,0.21,0.11,0.0,0.11,0.45,4.6,339,155,1.8,317,160,7.0,244,121,1.4,338,155,,,,5,,Kasey,McAteer,McAteer,,,42,0,0,0,0,0,0,0,0,0,0,0,5,,,,0.0,0.0,0.0,0.0,10.71,1,0,4
324,a,,,4.8,413,252,-1,1,-2,2,0.0,530,213,0,0,0.0,565,233,0,0,0.0,565,233,0.0,0.0,0,365,39,2398,67,0.0,0.0,0.0,0.0,0.0,0.0,0.0,0.0,0.0,0.0,0.0,540,215,0.0,539,222,0.0,499,194,0.0,545,217,,,,5,,Anis,Mehmeti,Mehmeti,,,0,0,0,0,0,0,0,0,0,0,0,0,0,,,,0.0,0.0,0.0,0.0,0.0,0,0,0
554,u,0.0,0.0,4.5,503,44,0,0,0,0,0.0,578,70,0,0,0.0,528,66,0,0,0.0,528,66,0.0,0.0,0,54,0,1920,46,0.0,0.0,0.0,0.0,0.0,0.0,0.0,0.0,0.0,0.0,0.0,499,66,0.0,499,53,0.0,455,51,0.0,504,66,,,,5,,Kayne,van Oevelen,Van Oevelen,Has joined Valencia on loan for the rest of the season,,0,0,0,0,0,0,0,0,0,0,0,0,0,,,,0.0,0.0,0.0,0.0,0.0,0,0,0
562,a,,,5.3,224,142,-1,1,-2,2,0.2,318,113,8,1,1.6,267,119,0,32,1.6,226,104,0.3,1.5,0,2790,62,19627,857,1.6,1.6,0.71,0.02,0.73,6.05,0.25,0.01,0.26,2.1,28.8,228,92,5.2,269,140,43.0,91,50,7.4,213,97,,,,5,,Daizen,Maeda,Maeda,,,259,0,0,0,8,0,0,0,0,0,0,3,20,,,,0.0,0.0,2.78,1.04,6.95,8,8,4
564,a,,,4.5,464,35,0,0,0,0,0.6,240,35,7,0,1.8,249,21,0,40,1.4,240,20,0.3,1.6,0,14870,303,22045,1468,1.4,1.4,0.0,0.01,0.01,6.74,0.0,0.0,0.0,1.68,103.6,39,4,0.0,476,46,0.0,426,42,10.3,168,4,,,,5,,Kjell,Scherpen,Scherpen,,,360,0,0,0,10,0,0,0,0,0,15,4,0,,,,3.75,0.0,2.5,1.0,0.0,0,8,39
571,a,100.0,100.0,4.8,412,251,-1,1,-2,2,0.1,442,170,2,1,1.0,327,141,0,9,0.4,349,164,0.1,0.4,0,980,35,6904,173,0.4,0.4,0.0,0.01,0.01,0.75,0.0,0.03,0.03,2.25,9.0,305,133,21.3,191,107,2.0,301,147,3.2,295,132,,,,5,,Florentino Ibrain,Morris Luís,Florentino,,,30,0,0,0,0,0,0,0,0,0,0,0,2,,,,0.0,0.0,0.0,0.0,6.0,1,1,0
591,a,100.0,100.0,5.5,150,92,0,0,0,0,0.8,201,63,15,2,3.0,152,63,0,83,3.0,119,53,0.5,2.7,0,92620,1057,50012,3723,3.0,3.0,1.26,0.89,2.15,8.47,0.27,0.19,0.46,1.85,55.8,135,46,62.7,63,50,75.0,41,24,19.4,59,41,,,,5,,Julio,Enciso,Enciso,,,413,0,2,0,11,0,0,0,1,0,0,5,31,,,,0.0,0.0,2.4,1.09,6.76,2,5,24
592,a,,,4.0,647,198,0,0,0,0,0.9,196,74,6,2,1.2,289,100,0,29,1.2,256,92,0.3,1.5,0,13168,383,25224,1088,1.2,1.2,0.02,0.03,0.05,3.13,0.01,0.02,0.03,2.15,11.6,286,115,24.8,174,55,0.0,372,149,3.6,289,109,,,,5,,Abdoul,Ouattara,Ouattara,,,131,0,0,0,2,0,0,0,0,0,0,1,11,,,,0.0,0.0,1.37,0.69,7.56,4,7,14
602,u,0.0,0.0,4.5,501,266,0,0,0,0,0.0,565,235,0,0,0.0,526,212,0,0,0.0,526,212,0.0,0.0,0,2861,0,3128,134,0.0,0.0,0.0,0.0,0.0,0.0,0.0,0.0,0.0,0.0,0.0,497,193,0.0,497,200,0.0,453,172,0.0,502,195,,,,5,,Cameron,Humphreys,Humphreys,Has joined Huddersfield Town on loan for the rest of the season,,0,0,0,0,0,0,0,0,0,0,0,0,0,,,,0.0,0.0,0.0,0.0,0.0,0,0,0
619,a,,,5.0,263,164,0,0,0,0,0.1,471,184,11,2,2.8,164,68,0,64,2.8,132,59,0.6,2.2,0,8808,320,3040,430,2.8,2.8,0.0,0.09,0.09,5.3,0.0,0.03,0.03,1.73,45.4,168,64,40.4,128,80,4.0,285,141,9.0,191,89,,,,5,,Exequiel,Palacios,Palacios,,,275,0,0,0,7,0,0,0,0,0,0,3,44,,,,0.0,0.0,2.29,0.98,14.4,9,12,23
640,a,,,5.5,141,37,0,0,0,0,0.1,466,66,6,0,2.0,237,24,0,34,2.0,194,17,0.4,1.1,0,8842,480,2800,578,2.0,2.0,0.64,0.01,0.65,0.63,0.96,0.02,0.98,0.94,38.2,190,15,1.8,320,40,51.0,74,18,9.1,189,21,,,,5,,Zian,Flemming,Flemming,,,60,1,0,0,1,0,0,0,1,0,0,0,5,,,,0.0,0.0,1.5,0.0,7.5,1,1,3
260,i,0.0,0.0,6.2,54,38,0,0,-3,3,1.8,134,41,5,0,1.2,295,135,0,19,1.0,283,131,0.2,0.8,0,29007,36,441322,24620,0.0,0.0,0.01,0.09,0.1,3.28,0.01,0.06,0.07,2.04,19.2,262,110,52.4,87,59,12.0,210,107,8.5,199,92,2.0,2.0,,5,,Harry,Wilson,Wilson,Thigh injury - Unknown return date,,145,0,0,1,1,0,0,0,1,0,0,1,11,,,,0.0,0.62,0.62,0.62,6.83,4,3,4
326,u,0.0,0.0,4.5,451,32,0,0,0,0,0.3,281,38,0,0,0.0,501,59,0,0,0.0,501,59,0.0,0.0,0,532,0,25794,594,0.0,0.0,0.0,0.0,0.0,0.0,0.0,0.0,0.0,0.0,0.0,472,59,0.0,469,43,0.0,418,39,0.0,477,59,,,,5,,Lucas Estella,Perri,Perri,Has joined Torino on loan for the rest of the season,,0,0,0,0,0,0,0,0,0,0,0,0,0,,,,0.0,0.0,0.0,0.0,0.0,0,0,0
327,a,,,5.0,280,44,0,0,0,0,0.7,214,83,12,0,4.0,92,39,2,29,2.4,162,62,0.5,2.4,0,68726,424,56572,2957,2.4,2.4,0.11,0.0,0.11,3.16,0.06,0.0,0.06,1.73,38.2,189,80,0.6,352,133,15.0,187,62,5.4,251,93,,,,5,,Jaka,Bijol,Bijol,,,164,0,0,1,2,0,0,0,0,0,0,2,21,,,,0.0,0.55,1.1,1.1,11.52,3,18,7
329,i,0.0,0.0,4.3,581,156,-1,1,-2,2,0.8,202,78,7,0,3.5,116,46,0,25,1.4,237,85,0.3,1.6,0,26917,23,293409,5404,0.0,0.0,0.03,0.06,0.09,1.01,0.02,0.04,0.06,0.74,23.0,245,101,14.7,215,72,7.0,243,86,4.5,269,102,,,,5,,Joe,Rodon,Rodon,Hamstring injury - Expected back 21 Nov,,123,0,0,1,0,0,0,0,0,0,0,2,11,,,,0.0,0.73,0.0,1.46,8.05,1,10,2
330,a,,,4.6,425,82,0,0,1,-1,6.5,59,24,42,5,8.4,4,2,6,122,8.4,3,2,1.8,9.1,0,590266,63693,70021,10813,8.4,8.4,1.38,0.08,1.46,2.89,0.34,0.02,0.36,0.71,108.8,31,12,32.6,150,45,108.0,19,2,24.9,28,3,,,,5,,Jayden,Bogle,Bogle,,,365,2,0,4,1,0,0,0,2,0,0,5,16,,,,0.0,0.99,0.25,1.23,3.95,5,11,11
331,a,100.0,100.0,4.5,467,107,0,0,0,0,0.1,468,167,14,6,4.7,69,31,0,62,2.8,128,47,0.6,3.1,0,3825,227,2559,129,2.8,2.8,0.0,0.21,0.21,3.83,0.0,0.08,0.08,1.37,22.6,247,102,9.8,251,86,6.0,253,90,3.9,280,106,,,,5,,Gabriel,Gudmundsson,Gudmundsson,,,252,0,0,2,1,0,0,0,0,0,0,3,14,,,,0.0,0.71,0.36,1.07,5.0,9,5,12
332,a,,,4.5,457,101,0,0,0,0,1.5,152,61,26,8,5.2,52,21,4,91,5.2,39,15,1.2,5.8,0,119012,1740,68035,3122,5.2,5.2,0.22,0.42,0.64,6.46,0.04,0.08,0.12,1.29,84.4,70,32,41.2,124,35,36.0,111,29,16.1,87,23,,,,5,,James,Justin,Justin,,,450,0,0,2,3,0,0,0,0,0,0,5,44,,,,0.0,0.4,0.6,1.0,8.8,16,28,14
333,u,0.0,0.0,4.5,475,114,0,0,0,0,0.0,653,216,0,0,0.0,512,193,0,0,0.0,512,193,0.0,0.0,0,0,0,298,4,0.0,0.0,0.0,0.0,0.0,0.0,0.0,0.0,0.0,0.0,0.0,483,190,0.0,481,190,0.0,433,181,0.0,488,190,,,,5,,Sebastiaan,Bornauw,Bornauw,Has joined Hamburg SV on loan for the rest of the season,,0,0,0,0,0,0,0,0,0,0,0,0,0,,,,0.0,0.0,0.0,0.0,0.0,0,0,0
334,a,,,5.0,316,54,0,0,0,0,4.3,79,31,27,6,5.4,47,18,0,101,5.4,33,11,1.1,5.4,0,283283,11998,158602,9718,5.4,5.4,0.49,0.05,0.54,6.46,0.1,0.01,0.11,1.29,133.4,12,2,12.7,231,81,23.0,142,44,16.9,76,20,,,,5,,Tarik,Muharemović,Muharemović,,,450,0,1,2,3,0,0,0,0,0,0,5,58,,,,0.0,0.4,0.6,1.0,11.6,5,53,16
335,a,,,6.0,72,49,0,0,0,0,2.6,114,34,27,5,5.4,50,23,3,86,5.4,36,16,0.9,4.5,0,199798,2455,156355,11622,5.4,5.4,0.97,0.31,1.28,6.17,0.2,0.06,0.26,1.24,99.8,46,20,76.2,49,40,51.0,75,44,22.7,37,26,1.0,1.0,,5,,Anton,Stach,Stach,,,447,1,0,3,2,0,0,0,0,0,0,5,61,,,,0.0,0.6,0.4,1.01,12.28,13,27,21
336,a,,,5.8,102,65,0,0,-2,2,0.4,266,88,18,3,3.6,113,45,1,82,3.6,93,38,0.6,3.1,0,26065,958,33608,1822,3.6,3.6,0.17,0.27,0.44,2.37,0.05,0.08,0.13,0.71,59.2,125,40,39.9,130,82,37.0,110,60,13.6,120,61,,,,5,,Noah,Okafor,Okafor,,,299,1,0,3,1,0,0,0,0,0,0,4,18,,,,0.0,0.9,0.3,1.2,5.42,7,3,8
337,a,,,5.3,222,140,-1,1,-2,2,0.5,251,81,7,1,1.4,277,124,0,36,1.4,246,112,0.3,1.3,0,6665,102,46640,1911,1.4,1.4,0.01,0.02,0.03,3.78,0.0,0.01,0.01,1.75,10.4,296,126,3.0,297,152,9.0,231,114,2.3,316,144,,4.0,,5,,Brenden,Aaronson,Aaronson,,,194,0,0,1,3,0,0,0,0,0,0,2,15,,,,0.0,0.46,1.39,0.93,6.96,3,1,11
338,a,,,5.4,177,112,0,0,-1,1,0.9,189,61,21,5,4.2,82,34,0,87,4.2,72,28,0.8,3.9,0,17113,680,58393,2714,4.2,4.2,0.08,0.26,0.34,6.46,0.02,0.05,0.07,1.29,69.8,97,31,42.9,118,74,5.0,271,136,11.8,147,71,,,,5,,Ethan,Ampadu,Ampadu,,,450,0,1,2,3,0,0,0,0,0,0,5,60,,,,0.0,0.4,0.6,1.0,12.0,12,24,24
339,a,,,4.9,352,211,0,0,-1,1,0.1,436,165,2,0,1.0,332,143,0,7,0.4,354,166,0.1,0.4,0,2451,78,7815,331,0.4,0.4,0.0,0.0,0.0,0.35,0.0,0.0,0.0,3.15,0.0,550,221,0.2,371,183,0.0,511,201,0.0,555,223,3.0,3.0,,5,,Sean,Longstaff,Longstaff,,,10,0,0,0,1,0,0,0,0,0,0,0,0,,,,0.0,0.0,9.0,0.0,0.0,0,0,0
341,u,0.0,0.0,5.0,304,182,0,0,0,0,0.0,624,266,0,0,0.0,614,264,0,0,0.0,614,264,0.0,0.0,0,244,0,1793,35,0.0,0.0,0.0,0.0,0.0,0.0,0.0,0.0,0.0,0.0,0.0,598,253,0.0,605,258,0.0,580,243,0.0,603,255,,,,5,,Wilfried,Gnonto,Gnonto,Has joined ACF Fiorentina on loan for the rest of the season,,0,0,0,0,0,0,0,0,0,0,0,0,0,,,,0.0,0.0,0.0,0.0,0.0,0,0,0
342,u,0.0,0.0,5.0,266,165,0,0,0,0,0.0,665,297,0,0,0.0,599,257,0,0,0.0,599,257,0.0,0.0,0,0,0,77,3,0.0,0.0,0.0,0.0,0.0,0.0,0.0,0.0,0.0,0.0,0.0,580,244,0.0,584,249,0.0,556,231,0.0,585,246,,,,5,,Jack,Harrison,Harrison,Has joined New England Revolution permanently,,0,0,0,0,0,0,0,0,0,0,0,0,0,,,,0.0,0.0,0.0,0.0,0.0,0,0,0
343,a,,,4.9,354,213,0,0,-1,1,0.1,426,161,3,1,1.0,333,144,0,9,0.6,316,145,0.1,0.6,0,4069,100,7758,308,0.6,0.6,0.35,0.01,0.36,1.61,0.61,0.02,0.63,2.79,0.0,552,223,1.1,333,167,15.0,182,91,1.4,339,156,,,,5,,Daniel,James,James,,,52,0,0,0,1,0,0,0,0,0,0,0,5,,,,0.0,0.0,1.73,0.0,8.65,0,1,4
344,a,100.0,100.0,5.0,295,176,0,0,0,0,0.0,644,280,0,0,0.0,608,260,0,0,0.0,608,260,0.0,0.0,0,102,23,298,3,0.0,0.0,0.0,0.0,0.0,0.0,0.0,0.0,0.0,0.0,0.0,592,249,0.0,599,254,0.0,573,238,0.0,597,251,,,,5,,Ilia,Gruev,Gruev,,,0,0,0,0,0,0,0,0,0,0,0,0,0,,,,0.0,0.0,0.0,0.0,0.0,0,0,0
345,a,,,4.9,368,221,0,0,-1,1,0.3,286,96,14,2,3.5,118,47,0,48,2.8,130,58,0.6,2.9,0,21611,1093,16380,1145,2.8,2.8,0.73,0.05,0.78,3.24,0.26,0.02,0.28,1.14,50.0,159,60,17.1,205,115,15.0,184,93,8.2,203,95,4.0,,,5,,Tanaka,Ao,Tanaka,,,255,0,2,2,1,0,0,0,1,0,0,3,29,,,,0.0,0.71,0.35,1.06,10.24,8,11,10
346,a,,,6.0,65,14,0,0,0,0,25.3,13,3,22,2,4.4,79,7,4,73,4.4,68,7,0.7,3.7,0,972568,55939,1242946,90004,4.4,4.4,3.0,0.08,3.08,4.85,0.64,0.02,0.66,1.04,93.8,57,5,28.3,164,16,134.0,7,5,25.1,27,6,,,1.0,5,,Dominic,Calvert-Lewin,Calvert-Lewin,,,419,2,1,3,2,0,0,0,3,0,0,5,22,,,,0.0,0.64,0.43,1.07,4.73,0,9,13
347,a,,,5.4,172,41,0,0,-1,1,0.5,256,43,7,1,1.8,256,31,0,28,1.4,247,26,0.3,1.3,0,21203,1009,35378,1957,1.4,1.4,0.27,0.15,0.42,2.9,0.38,0.21,0.59,4.08,18.4,266,24,22.4,183,20,15.0,191,32,5.5,248,27,,,2.0,5,,Lukas,Nmecha,Nmecha,,,64,0,1,0,1,0,0,0,0,0,0,0,4,,,,0.0,0.0,1.41,0.0,5.62,1,0,3
348,u,0.0,0.0,5.0,275,55,0,0,0,0,0.1,480,67,0,0,0.0,604,65,0,0,0.0,604,65,0.0,0.0,0,0,0,11017,222,0.0,0.0,0.0,0.0,0.0,0.0,0.0,0.0,0.0,0.0,0.0,585,59,0.0,589,64,0.0,561,58,0.0,590,62,,,3.0,5,,Joël,Piroe,Piroe,Has joined West Ham United on loan for the rest of the season,,0,0,0,0,0,0,0,0,0,0,0,0,0,,,,0.0,0.0,0.0,0.0,0.0,0,0,0
349,i,0.0,0.0,4.5,511,72,0,0,0,0,0.1,493,69,0,0,0.0,534,56,0,0,0.0,534,56,0.0,0.0,0,2966,180,4239,265,0.0,0.0,0.0,0.0,0.0,0.0,0.0,0.0,0.0,0.0,0.0,506,50,0.0,505,55,0.0,462,49,0.0,511,53,,,,5,,Mateo,Joseph Fernández-Regatillo,Mateo Joseph,Knee injury - Unknown return date,,0,0,0,0,0,0,0,0,0,0,0,0,0,,,,0.0,0.0,0.0,0.0,0.0,0,0,0
385,a,,,5.0,278,11,0,0,0,0,5.4,71,10,28,10,5.6,39,3,5,117,5.6,26,3,1.1,5.6,0,249259,7288,151768,7423,5.6,5.6,0.0,0.0,0.0,6.46,0.0,0.0,0.0,1.29,120.8,17,2,0.0,591,67,0.0,563,66,12.1,142,3,,,,5,,James,Trafford,Trafford,,,450,0,0,2,3,0,0,0,0,0,20,5,0,,,,4.0,0.4,0.6,1.0,0.0,0,6,55
598,a,,,4.5,447,94,0,0,0,0,0.1,490,175,13,6,3.2,125,53,0,56,2.6,146,53,0.6,2.9,0,5217,102,2660,101,2.6,2.6,0.12,0.58,0.7,5.45,0.03,0.16,0.19,1.5,62.2,114,55,23.1,179,58,22.0,146,45,10.8,161,61,,,,5,,Nico,Elvedi,Elvedi,,,326,0,0,1,3,0,0,0,0,0,0,3,29,,,,0.0,0.28,0.83,0.83,8.01,2,27,8
603,a,,,4.0,659,209,0,0,0,0,0.1,411,152,0,0,0.0,477,179,0,0,0.0,477,179,0.0,0.0,0,6811,138,3732,265,0.0,0.0,0.0,0.0,0.0,0.0,0.0,0.0,0.0,0.0,0.0,447,176,0.0,441,176,0.0,384,160,0.0,452,176,,,,5,,Jayden,Lienou,Lienou,,,0,0,0,0,0,0,0,0,0,0,0,0,0,,,,0.0,0.0,0.0,0.0,0.0,0,0,0
604,a,,,4.5,521,273,0,0,0,0,0.1,376,137,0,0,0.0,541,218,0,0,0.0,541,218,0.0,0.0,0,13938,182,7509,481,0.0,0.0,0.0,0.0,0.0,0.0,0.0,0.0,0.0,0.0,0.0,513,199,0.0,512,206,0.0,469,178,0.0,518,201,,,,5,,Alfie,Cresswell,Cresswell,,,0,0,0,0,0,0,0,0,0,0,0,0,0,,,,0.0,0.0,0.0,0.0,0.0,0,0,0
625,a,,,4.0,595,56,0,0,0,0,0.2,328,39,0,0,0.0,432,32,0,0,0.0,432,32,0.0,0.0,0,19456,497,5543,385,0.0,0.0,0.0,0.0,0.0,0.0,0.0,0.0,0.0,0.0,0.0,400,31,0.0,392,12,0.0,332,8,0.0,404,31,,,,5,,Alex,Cairns,Cairns,,,0,0,0,0,0,0,0,0,0,0,0,0,0,,,,0.0,0.0,0.0,0.0,0.0,0,0,0
629,a,,,4.0,598,58,0,0,0,0,0.7,222,32,0,0,0.0,435,34,0,0,0.0,435,34,0.0,0.0,0,57193,1753,12715,1340,0.0,0.0,0.0,0.0,0.0,0.0,0.0,0.0,0.0,0.0,0.0,403,33,0.0,395,14,0.0,335,10,0.0,407,33,,,,5,,Michael,Zetterer,Zetterer,,,0,0,0,0,0,0,0,0,0,0,0,0,0,,,,0.0,0.0,0.0,0.0,0.0,0,0,0
641,a,,,4.5,474,113,0,0,0,0,0.0,617,208,1,0,1.0,318,122,0,1,0.3,374,129,0.1,0.2,0,912,50,318,42,0.3,0.3,0.0,0.0,0.0,0.3,0.0,0.0,0.0,1.5,4.4,340,130,10.3,247,85,0.0,432,180,1.5,334,121,,,,5,,Melvin,Bard,Bard,,,18,0,0,0,1,0,0,0,0,0,0,0,2,,,,0.0,0.0,5.0,0.0,10.0,1,1,2
648,a,,,5.0,327,197,0,0,0,0,0.0,595,248,1,1,1.0,357,161,0,5,0.3,375,177,0.1,0.2,0,2188,56,1079,111,0.3,0.3,0.0,0.0,0.0,0.0,0.0,0.0,0.0,0.0,0.0,610,260,0.0,617,265,0.0,594,252,0.0,615,262,,,,5,,Jean-Mattéo,Bahoya,Bahoya,,,1,0,0,0,0,0,0,0,0,0,0,0,0,,,,0.0,0.0,0.0,0.0,0.0,0,0,0
350,a,,,5.5,126,3,0,0,0,0,3.9,87,14,27,8,5.4,48,4,5,96,5.4,34,4,1.0,4.9,0,138147,4829,139030,5506,5.4,5.4,0.0,0.0,0.0,6.12,0.0,0.0,0.0,1.22,76.8,80,16,0.0,639,72,0.0,626,71,7.7,208,16,,,,5,,Alisson,Becker,A.Becker,,,450,0,0,3,4,0,0,0,1,0,14,5,0,,,,2.8,0.6,0.8,1.0,0.0,0,10,47
351,a,,,4.9,375,19,0,0,-1,1,0.1,381,42,0,0,0.0,581,70,0,0,0.0,581,70,0.0,0.0,0,2747,135,8331,313,0.0,0.0,0.0,0.0,0.0,0.0,0.0,0.0,0.0,0.0,0.0,560,70,0.0,560,59,0.0,523,57,0.0,565,70,,,,5,,Giorgi,Mamardashvili,Mamardashvili,,,0,0,0,0,0,0,0,0,0,0,0,0,0,,,,0.0,0.0,0.0,0.0,0.0,0,0,0
352,a,,,4.0,599,59,0,0,0,0,1.0,177,27,0,0,0.0,436,35,0,0,0.0,436,35,0.0,0.0,0,17932,438,26078,1220,0.0,0.0,0.0,0.0,0.0,0.0,0.0,0.0,0.0,0.0,0.0,404,34,0.0,396,15,0.0,336,11,0.0,408,34,,,,5,,Freddie,Woodman,Woodman,,,0,0,0,0,0,0,0,0,0,0,0,0,0,,,,0.0,0.0,0.0,0.0,0.0,0,0,0
353,u,0.0,0.0,4.0,653,73,0,0,0,0,0.0,577,69,0,0,0.0,472,49,0,0,0.0,472,49,0.0,0.0,0,0,0,1055,28,0.0,0.0,0.0,0.0,0.0,0.0,0.0,0.0,0.0,0.0,0.0,442,48,0.0,436,29,0.0,378,25,0.0,447,48,,,,5,,Armin,Pecsi,Pecsi,Has joined TSV Hartberg on loan for the rest of the season,,0,0,0,0,0,0,0,0,0,0,0,0,0,,,,0.0,0.0,0.0,0.0,0.0,0,0,0
354,i,0.0,0.0,4.0,616,65,0,0,0,0,0.0,571,68,0,0,0.0,445,41,0,0,0.0,445,41,0.0,0.0,0,1678,131,1163,77,0.0,0.0,0.0,0.0,0.0,0.0,0.0,0.0,0.0,0.0,0.0,414,40,0.0,408,21,0.0,348,17,0.0,419,40,,,,5,,Vitezslav,Jaros,Jaros,Knee injury - Unknown return date,,0,0,0,0,0,0,0,0,0,0,0,0,0,,,,0.0,0.0,0.0,0.0,0.0,0,0,0
355,a,,,4.0,626,68,0,0,0,0,0.2,363,40,0,0,0.0,450,44,0,0,0.0,450,44,0.0,0.0,0,4591,139,3989,209,0.0,0.0,0.0,0.0,0.0,0.0,0.0,0.0,0.0,0.0,0.0,419,43,0.0,413,24,0.0,353,20,0.0,424,43,,,,5,,Harvey,Davies,Davies,,,0,0,0,0,0,0,0,0,0,0,0,0,0,,,,0.0,0.0,0.0,0.0,0.0,0,0,0
356,a,,,6.5,34,2,0,0,0,0,16.3,24,7,25,8,5.0,58,24,0,96,5.0,46,19,0.8,3.8,0,266437,9421,594772,22139,5.0,5.0,0.25,0.08,0.33,6.12,0.05,0.02,0.07,1.22,99.2,47,18,20.5,192,63,26.0,132,40,14.6,107,37,,,,5,,Virgil,van Dijk,Virgil,,,450,0,0,3,4,0,0,0,1,0,0,5,48,,,,0.0,0.6,0.8,1.0,9.6,5,43,18
357,a,,,5.3,218,30,0,0,-2,2,1.8,135,54,2,0,0.7,412,143,0,24,0.4,361,127,0.1,0.4,0,58167,824,239782,6397,0.4,0.4,0.01,0.23,0.24,3.91,0.01,0.12,0.13,1.98,39.4,188,79,76.5,47,7,16.0,173,54,13.2,127,46,,,,5,,Jeremie,Frimpong,Frimpong,,,178,0,0,0,4,0,0,0,1,0,0,2,12,,,,0.0,0.0,2.02,1.01,6.07,4,8,7
358,a,,,5.4,210,27,0,0,-1,1,2.3,121,48,13,6,2.6,183,71,0,63,2.6,152,57,0.5,2.4,0,46217,1200,182884,5512,2.6,2.6,0.07,0.08,0.15,5.65,0.02,0.02,0.04,1.32,65.6,107,49,45.0,106,27,12.0,208,70,12.3,139,51,,,,5,,Milos,Kerkez,Kerkez,,,385,0,0,2,4,0,0,0,2,0,0,4,30,,,,0.0,0.47,0.94,0.94,7.01,8,22,10
359,a,100.0,100.0,4.9,351,60,0,0,-1,1,0.0,575,196,0,0,0.0,572,204,0,0,0.0,572,204,0.0,0.0,0,583,163,1119,55,0.0,0.0,0.0,0.0,0.0,0.0,0.0,0.0,0.0,0.0,0.0,549,204,0.0,549,204,0.0,510,200,0.0,554,204,,,,5,,Joe,Gomez,Gomez,,,0,0,0,0,0,0,0,0,0,0,0,0,0,,,,0.0,0.0,0.0,0.0,0.0,0,0,0
360,i,0.0,0.0,5.0,303,52,0,0,0,0,0.0,611,206,0,0,0.0,613,211,0,0,0.0,613,211,0.0,0.0,0,343,26,748,36,0.0,0.0,0.0,0.0,0.0,0.0,0.0,0.0,0.0,0.0,0.0,597,212,0.0,604,212,0.0,579,209,0.0,602,212,,,,5,,Conor,Bradley,Bradley,Knee injury - Unknown return date,,0,0,0,0,0,0,0,0,0,0,0,0,0,,,,0.0,0.0,0.0,0.0,0.0,0,0,0
361,a,,,4.0,636,187,0,0,0,0,0.1,389,147,0,0,0.0,459,162,0,0,0.0,459,162,0.0,0.0,0,3733,156,5478,253,0.0,0.0,0.0,0.0,0.0,0.0,0.0,0.0,0.0,0.0,0.0,428,158,0.0,422,158,0.0,362,139,0.0,433,158,,,,5,,Wellity,Lucky,Lucky,,,0,0,0,0,0,0,0,0,0,0,0,0,0,,,,0.0,0.0,0.0,0.0,0.0,0,0,0
362,a,100.0,100.0,5.0,328,56,0,0,0,0,3.3,98,37,24,6,4.8,66,30,3,112,4.8,54,25,1.0,4.8,0,211437,13555,116457,6424,4.8,4.8,0.0,0.14,0.14,5.51,0.0,0.03,0.03,1.19,86.2,65,28,42.8,119,33,4.0,287,107,13.3,125,45,,,,5,,Jeremy,Jacquet,Jacquet,,,415,0,0,3,4,0,0,0,1,0,0,5,36,,,,0.0,0.65,0.87,1.08,7.81,11,25,21
363,i,0.0,0.0,4.0,660,210,0,0,0,0,0.0,531,186,0,0,0.0,478,180,0,0,0.0,478,180,0.0,0.0,0,849,48,2028,97,0.0,0.0,0.0,0.0,0.0,0.0,0.0,0.0,0.0,0.0,0.0,448,177,0.0,442,177,0.0,385,161,0.0,453,177,,,,5,,Giovanni,Leoni,Leoni,Knee injury - Unknown return date,,0,0,0,0,0,0,0,0,0,0,0,0,0,,,,0.0,0.0,0.0,0.0,0.0,0,0,0
364,a,,,4.9,359,61,0,0,-1,1,0.1,457,163,2,0,1.0,334,130,0,6,0.4,355,126,0.1,0.4,0,1532,45,4232,206,0.4,0.4,0.04,0.02,0.06,0.47,0.06,0.03,0.09,0.66,6.4,326,125,2.9,299,107,9.0,229,81,1.8,328,118,,,,5,,Kostas,Tsimikas,Tsimikas,,,64,0,0,0,0,0,0,0,0,0,0,1,3,,,,0.0,0.0,0.0,1.41,4.22,1,2,3
365,u,0.0,0.0,4.0,630,183,0,0,0,0,0.1,429,155,0,0,0.0,454,159,0,0,0.0,454,159,0.0,0.0,0,638,0,12446,217,0.0,0.0,0.0,0.0,0.0,0.0,0.0,0.0,0.0,0.0,0.0,423,155,0.0,417,155,0.0,357,136,0.0,428,155,,,,5,,Calvin,Ramsay,Ramsay,Has joined St Mirren on loan for the rest of the season,,0,0,0,0,0,0,0,0,0,0,0,0,0,,,,0.0,0.0,0.0,0.0,0.0,0,0,0
366,a,,,7.3,22,14,0,0,-2,2,5.9,66,21,18,6,3.6,115,46,0,92,3.6,96,40,0.5,2.5,0,131483,1215,748355,24958,3.6,3.6,1.0,0.4,1.4,4.82,0.22,0.09,0.31,1.08,51.8,149,54,108.0,23,21,85.0,32,18,24.5,30,21,3.0,2.0,4.0,5,,Florian,Wirtz,Wirtz,,,402,0,2,3,4,0,0,0,1,0,0,5,36,,,,0.0,0.67,0.9,1.12,8.06,8,3,25
367,a,100.0,100.0,7.2,23,15,0,0,2,-2,12.6,32,12,32,3,6.4,18,7,5,113,6.4,15,5,0.9,4.4,0,1312586,26174,671706,44109,6.4,6.4,0.64,1.71,2.35,5.51,0.16,0.42,0.58,1.34,117.6,19,12,105.8,25,23,63.0,55,35,28.6,22,15,2.0,,3.0,5,,Cody,Gakpo,Gakpo,,,370,1,3,2,4,0,0,0,0,0,0,4,32,,,,0.0,0.49,0.97,0.97,7.78,8,9,15
368,a,,,7.0,26,17,0,0,0,0,33.6,7,3,20,2,4.0,99,39,1,103,4.0,83,35,0.6,2.9,0,910682,18323,1586705,118547,4.0,4.0,1.42,0.82,2.24,5.99,0.29,0.17,0.46,1.23,107.2,36,15,173.4,3,3,55.0,66,42,33.6,12,10,1.0,1.0,1.0,5,,Dominik,Szoboszlai,Szoboszlai,,,440,1,0,3,4,0,0,0,1,0,0,5,41,,,,0.0,0.61,0.82,1.02,8.39,6,13,22
369,a,,,5.7,119,77,-1,1,-3,3,0.5,255,84,4,0,1.3,286,131,0,13,0.8,296,138,0.1,0.7,0,14191,413,87371,2345,0.8,0.8,0.15,0.05,0.2,0.68,0.14,0.05,0.19,0.62,4.4,343,156,8.1,255,132,11.0,218,110,2.1,322,147,,,,5,,Rio,Ngumoha,Ngumoha,,,99,0,0,0,2,0,0,0,0,0,0,1,4,,,,0.0,0.0,1.82,0.91,3.64,1,1,2
370,i,0.0,0.0,5.3,219,137,-1,1,-2,2,0.0,500,198,0,0,0.0,631,274,0,0,0.0,631,274,0.0,0.0,0,673,8,9955,122,0.0,0.0,0.0,0.0,0.0,0.0,0.0,0.0,0.0,0.0,0.0,617,264,0.0,623,269,0.0,602,256,0.0,622,266,,,,5,,Federico,Chiesa,Chiesa,Back injury - Unknown return date,,0,0,0,0,0,0,0,0,0,0,0,0,0,,,,0.0,0.0,0.0,0.0,0.0,0,0,0
371,a,,,5.8,104,67,-1,1,-2,2,1.1,170,53,9,1,1.8,257,113,0,51,1.8,214,98,0.3,1.6,0,35177,639,126022,4669,1.8,1.8,0.1,0.08,0.18,2.02,0.05,0.04,0.09,0.96,50.6,156,57,41.2,125,78,6.0,264,132,9.8,176,85,,,,5,,Ryan,Gravenberch,Gravenberch,,,190,0,1,0,2,0,0,0,0,0,0,2,25,,,,0.0,0.0,0.95,0.95,11.84,4,10,11
372,a,,,5.4,187,118,0,0,-1,1,1.3,160,49,11,5,2.2,217,95,0,59,2.2,179,82,0.4,2.0,0,43547,1927,93254,3540,2.2,2.2,0.1,0.49,0.59,4.85,0.03,0.14,0.17,1.43,44.2,170,66,44.3,110,70,22.0,147,75,11.0,157,76,,,5.0,5,,Alexis,Mac Allister,Mac Allister,,,306,0,0,2,2,0,0,0,1,0,0,3,41,,,,0.0,0.59,0.59,0.88,12.06,11,11,19
373,u,0.0,0.0,5.5,137,82,0,0,0,0,0.0,567,236,0,0,0.0,645,281,0,0,0.0,645,281,0.0,0.0,0,34,0,2614,27,0.0,0.0,0.0,0.0,0.0,0.0,0.0,0.0,0.0,0.0,0.0,638,277,0.0,644,279,0.0,631,272,0.0,642,278,,,,5,,Curtis,Jones,C.Jones,Has joined Internazionale permanently,,0,0,0,0,0,0,0,0,0,0,0,0,0,,,,0.0,0.0,0.0,0.0,0.0,0,0,0
374,a,100.0,100.0,4.9,349,209,0,0,-1,1,0.1,475,187,0,0,0.0,571,237,0,0,0.0,571,237,0.0,0.0,0,2236,73,4577,211,0.0,0.0,0.0,0.0,0.0,0.0,0.0,0.0,0.0,0.0,0.0,548,220,0.0,548,227,0.0,509,200,0.0,553,222,,,,5,,Endo,Wataru,Endo,,,0,0,0,0,0,0,0,0,0,0,0,0,0,,,,0.0,0.0,0.0,0.0,0.0,0,0,0
375,a,,,4.9,402,245,0,0,-1,1,0.0,515,205,3,1,1.0,342,151,0,9,0.6,317,146,0.1,0.6,0,1298,41,2903,158,0.6,0.6,0.0,0.0,0.0,0.36,0.0,0.0,0.0,0.85,6.6,322,145,2.3,308,156,0.0,538,220,0.9,351,161,,,,5,,Trey,Nyoni,Nyoni,,,38,0,0,0,0,0,0,0,0,0,0,0,10,,,,0.0,0.0,0.0,0.0,23.68,2,6,2
376,u,0.0,0.0,5.0,318,190,0,0,0,0,0.0,662,294,0,0,0.0,621,267,0,0,0.0,621,267,0.0,0.0,0,19,0,105,1,0.0,0.0,0.0,0.0,0.0,0.0,0.0,0.0,0.0,0.0,0.0,605,256,0.0,612,261,0.0,588,247,0.0,610,258,,,,5,,Stefan,Bajčetić Maquieira,Bajcetic,Has joined Celta Vigo permanently,,0,0,0,0,0,0,0,0,0,0,0,0,0,,,,0.0,0.0,0.0,0.0,0.0,0,0,0
377,a,,,6.5,43,29,0,0,0,0,0.9,187,59,15,1,3.0,157,66,0,60,3.0,124,57,0.5,2.3,0,116756,773,96980,6638,3.0,3.0,0.52,0.31,0.83,4.63,0.18,0.11,0.29,1.62,50.4,158,59,31.4,155,94,86.0,31,17,16.8,79,47,,,,5,,Victor,Munoz,Munoz,,,257,1,1,1,2,0,0,0,1,0,0,3,16,,,,0.0,0.35,0.7,1.05,5.6,3,5,8
378,a,,,4.4,570,295,0,0,-1,1,0.2,316,112,0,0,0.0,485,202,0,0,0.0,485,202,0.0,0.0,0,6485,610,12173,716,0.0,0.0,0.0,0.0,0.0,0.0,0.0,0.0,0.0,0.0,0.0,456,183,0.0,450,190,0.0,399,162,0.0,461,185,,,,5,,James,McConnell,McConnell,,,0,0,0,0,0,0,0,0,0,0,0,0,0,,,,0.0,0.0,0.0,0.0,0.0,0,0,0
379,a,,,9.1,5,2,0,0,1,-1,22.1,15,4,33,8,6.6,16,3,8,133,6.6,13,3,0.7,3.6,0,1178103,50941,698819,38850,6.6,6.6,3.54,0.08,3.62,5.82,0.77,0.02,0.79,1.27,113.6,22,3,34.1,142,13,176.0,4,3,32.3,14,3,,,2.0,5,,Alexander,Isak,Isak,,,413,4,0,3,4,0,0,0,1,0,0,5,7,,,,0.0,0.65,0.87,1.09,1.53,1,3,3
380,i,0.0,0.0,7.4,20,7,0,0,-1,1,0.1,406,61,0,0,0.0,664,78,0,0,0.0,664,78,0.0,0.0,0,2453,181,10885,422,0.0,0.0,0.0,0.0,0.0,0.0,0.0,0.0,0.0,0.0,0.0,665,78,0.0,665,78,0.0,665,78,0.0,665,78,,,,5,,Hugo,Ekitiké,Ekitiké,Achilles injury - Unknown return date,,0,0,0,0,0,0,0,0,0,0,0,0,0,,,,0.0,0.0,0.0,0.0,0.0,0,0,0
381,a,,,5.0,313,187,0,0,0,0,0.0,546,224,3,1,1.0,352,157,0,14,0.6,323,150,0.1,0.6,0,746,67,1276,75,0.6,0.6,0.28,0.0,0.28,0.72,1.15,0.0,1.15,2.95,1.2,375,173,0.5,355,175,7.0,248,125,0.9,352,162,,,,5,,Lewis,Koumas,Koumas,,,22,0,0,0,0,0,0,0,0,0,0,0,1,,,,0.0,0.0,0.0,0.0,4.09,0,0,1
382,a,100.0,100.0,4.5,493,67,0,0,0,0,0.2,321,50,0,0,0.0,519,52,0,0,0.0,519,52,0.0,0.0,0,21824,2017,8483,1204,0.0,0.0,0.0,0.0,0.0,0.0,0.0,0.0,0.0,0.0,0.0,490,45,0.0,490,51,0.0,446,44,0.0,495,48,,,,5,,Jayden,Danns,Danns,,,0,0,0,0,0,0,0,0,0,0,0,0,0,,,,0.0,0.0,0.0,0.0,0.0,0,0,0
383,u,0.0,0.0,5.4,196,123,0,0,-1,1,0.0,529,212,0,0,0.0,637,277,0,0,0.0,637,277,0.0,0.0,0,907,0,6034,114,0.0,0.0,0.0,0.0,0.0,0.0,0.0,0.0,0.0,0.0,0.0,628,272,0.0,631,274,0.0,618,267,0.0,632,273,,,,5,,Harvey,Elliott,Elliott,Has joined Valencia on loan for the rest of the season,,0,0,0,0,0,0,0,0,0,0,0,0,0,,,,0.0,0.0,0.0,0.0,0.0,0,0,0
579,a,,,5.4,197,26,0,0,-1,1,3.0,104,39,22,7,4.4,74,34,1,81,4.4,63,29,0.8,4.1,0,139959,8043,154889,5200,4.4,4.4,0.0,0.06,0.06,2.75,0.0,0.02,0.02,0.87,48.8,161,69,7.7,256,90,4.0,288,108,6.0,240,88,,,,5,,Ronald,Araujo,Araujo,,,284,0,0,3,0,0,0,0,1,0,0,3,24,,,,0.0,0.95,0.0,0.95,7.61,5,19,15
627,a,,,8.0,9,6,0,0,0,0,1.9,133,40,7,3,2.3,205,88,0,22,2.3,170,76,0.3,0.9,0,281924,4462,121506,10260,2.3,2.3,0.26,0.13,0.39,1.43,0.14,0.07,0.21,0.77,8.6,309,137,24.1,176,101,10.0,227,112,4.3,272,119,,,,5,,Bradley,Barcola,Barcola,,,168,0,0,2,0,0,0,0,0,0,0,2,8,,,,0.0,1.07,0.0,1.07,4.29,3,0,5
155,a,,,6.9,30,19,0,0,-1,1,3.5,93,32,13,7,3.2,133,53,0,73,2.6,156,69,0.4,1.9,0,156353,14686,313966,7057,2.6,2.6,0.35,0.53,0.88,5.35,0.12,0.18,0.3,1.78,24.0,244,102,51.6,91,61,33.0,118,62,10.8,163,79,,,,5,,Enzo,Fernández,Enzo,,,271,1,0,2,3,0,0,0,1,0,0,3,21,,,,0.0,0.66,1.0,1.0,6.97,3,6,12
237,a,,,5.8,103,66,-1,1,-2,2,7.0,54,18,22,5,4.4,78,32,1,110,4.4,67,26,0.8,3.8,0,294748,3879,1111027,43024,4.4,4.4,0.38,0.58,0.96,9.42,0.09,0.14,0.23,2.2,70.2,93,30,74.0,50,41,70.0,48,29,21.5,45,34,,,,5,,Iliman,Ndiaye,Ndiaye,,,385,0,2,2,4,0,0,0,0,0,0,4,44,,,,0.0,0.47,0.94,0.94,10.29,8,10,26
384,a,,,5.5,135,4,0,0,0,0,7.7,51,8,19,2,3.8,105,10,0,84,3.8,88,9,0.7,3.5,0,202552,6361,300887,14971,3.8,3.8,0.0,0.0,0.0,7.25,0.0,0.0,0.0,1.45,81.0,75,13,0.0,643,73,0.0,630,72,8.2,205,14,,,,5,,Gianluigi,Donnarumma,Donnarumma,,,450,0,0,2,5,1,0,0,0,0,14,5,0,,,,2.8,0.4,1.0,1.0,0.0,0,4,32
386,a,,,4.5,438,29,0,0,0,0,0.0,550,63,0,0,0.0,497,56,0,0,0.0,497,56,0.0,0.0,0,545,30,1077,41,0.0,0.0,0.0,0.0,0.0,0.0,0.0,0.0,0.0,0.0,0.0,468,56,0.0,465,40,0.0,414,36,0.0,473,56,,,,5,,Marcus,Bettinelli,Bettinelli,,,0,0,0,0,0,0,0,0,0,0,0,0,0,,,,0.0,0.0,0.0,0.0,0.0,0,0,0
387,a,100.0,100.0,6.4,44,4,0,0,-1,1,11.2,36,12,6,1,1.5,275,99,0,22,1.2,266,95,0.2,0.9,0,190093,2749,1175289,38778,1.2,1.2,0.87,0.43,1.3,2.1,0.48,0.24,0.72,1.16,12.4,283,114,38.7,132,37,16.0,176,56,6.7,228,83,,,,5,,Nico,O'Reilly,O'Reilly,,,163,0,0,0,2,0,0,0,0,0,0,2,5,,,,0.0,0.0,1.1,1.1,2.76,3,2,9
388,a,,,6.0,66,6,0,0,0,0,18.4,21,6,30,4,6.0,31,13,4,114,6.0,20,8,1.0,5.0,0,495304,13384,436276,24300,6.0,6.0,0.95,0.39,1.34,7.25,0.19,0.08,0.27,1.45,113.2,23,5,43.5,117,32,32.0,119,32,18.8,64,11,,,,5,,Marc,Guéhi,Guéhi,,,450,1,1,2,5,0,0,0,0,0,0,5,29,,,,0.0,0.4,1.0,1.0,5.8,3,26,19
389,a,100.0,100.0,5.9,89,9,0,0,-1,1,1.0,182,69,11,1,3.7,109,45,1,38,2.2,181,66,0.4,1.9,0,14103,948,72464,1323,2.2,2.2,0.0,0.06,0.06,4.67,0.0,0.03,0.03,1.97,35.0,205,86,3.0,298,106,4.0,291,110,4.2,275,103,,,4.0,5,,Matheus,Nunes,Matheus N.,,,213,0,0,1,3,0,0,0,0,0,0,2,21,,,,0.0,0.42,1.27,0.85,8.87,3,18,10
390,a,,,5.5,129,13,0,0,0,0,1.9,129,53,17,1,3.4,122,50,0,72,3.4,99,38,0.6,3.1,0,65065,2477,69084,4282,3.4,3.4,0.29,0.74,1.03,7.25,0.06,0.15,0.21,1.45,89.4,62,25,47.0,100,25,39.0,102,26,17.5,72,17,,,,5,,Rúben,dos Santos Gato Alves Dias,Rúben,,,450,0,0,2,5,0,0,0,0,0,0,5,26,,,,0.0,0.4,1.0,1.0,5.2,1,25,16
391,a,,,5.7,114,12,0,0,2,-2,26.3,11,3,37,4,7.4,9,4,6,135,7.4,7,4,1.3,6.5,0,1762423,80391,383934,23718,7.4,7.4,0.22,0.74,0.96,7.25,0.05,0.15,0.2,1.5,110.4,26,8,52.1,89,22,30.0,123,34,19.3,61,9,,,,5,,Joško,Gvardiol,Gvardiol,,,434,1,3,2,5,0,0,0,1,0,0,5,31,,,,0.0,0.41,1.04,1.04,6.43,11,20,21
392,a,,,5.3,225,31,0,0,-2,2,0.4,264,97,0,0,0.0,632,213,0,0,0.0,632,213,0.0,0.0,0,7632,280,60527,1118,0.0,0.0,0.0,0.0,0.0,0.0,0.0,0.0,0.0,0.0,0.0,618,214,0.0,624,214,0.0,604,211,0.0,623,214,,,,5,,Rayan,Aït-Nouri,Aït-Nouri,,,0,0,0,0,0,0,0,0,0,0,0,0,0,,,,0.0,0.0,0.0,0.0,0.0,0,0,0
393,a,,,5.4,215,29,0,0,-1,1,1.4,155,63,9,0,3.0,148,62,0,53,1.8,212,77,0.3,1.7,0,26207,771,76360,4714,1.8,1.8,0.0,0.06,0.06,2.68,0.0,0.02,0.02,0.9,51.6,151,68,12.6,232,82,4.0,289,109,6.8,225,82,,,,5,,Abdukodir,Khusanov,Khusanov,,,268,0,0,1,2,0,0,0,1,0,0,3,17,,,,0.0,0.34,0.67,1.01,5.71,8,9,13
394,u,0.0,0.0,5.0,305,53,0,0,0,0,0.0,639,212,0,0,0.0,615,212,0,0,0.0,615,212,0.0,0.0,0,0,0,605,7,0.0,0.0,0.0,0.0,0.0,0.0,0.0,0.0,0.0,0.0,0.0,599,213,0.0,606,213,0.0,581,210,0.0,604,213,,,,5,,Max,Alleyne,Alleyne,Has joined Burnley on loan for the rest of the season,,0,0,0,0,0,0,0,0,0,0,0,0,0,,,,0.0,0.0,0.0,0.0,0.0,0,0,0
395,a,,,4.4,568,149,0,0,-1,1,0.2,331,123,1,0,1.0,314,119,0,-1,0.2,386,139,0.0,0.2,0,8114,158,15679,613,0.2,0.2,0.17,0.02,0.19,0.55,0.27,0.03,0.3,0.88,3.8,347,132,3.8,286,101,39.0,101,25,4.7,266,100,,,,5,,Rico,Lewis,Lewis,,,56,0,0,0,1,0,0,0,0,0,0,1,2,,,,0.0,0.0,1.61,1.61,3.21,0,2,0
396,a,,,4.5,533,134,0,0,0,0,0.0,525,185,1,0,1.0,323,125,0,3,0.2,391,142,0.0,0.2,0,523,43,1097,74,0.2,0.2,0.0,0.0,0.0,0.0,0.0,0.0,0.0,0.0,1.2,374,138,0.9,338,126,0.0,479,192,0.2,382,138,,,,5,,Vitor,de Oliveira Nunes dos Reis,Vitor Reis,,,1,0,0,0,0,0,0,0,0,0,0,0,0,,,,0.0,0.0,0.0,0.0,0.0,0,0,0
397,a,,,8.4,6,4,0,0,-1,1,15.0,28,10,33,17,6.6,15,6,2,147,6.6,12,4,0.8,3.9,0,246261,55358,1170601,27901,6.6,6.6,0.33,1.16,1.49,7.25,0.07,0.23,0.3,1.45,59.8,124,39,113.9,19,18,88.0,28,16,26.2,25,18,,,2.0,5,,Antoine,Semenyo,Semenyo,,,450,2,3,2,5,0,0,0,0,0,0,5,22,,,,0.0,0.4,1.0,1.0,4.4,6,2,14
398,s,0.0,0.0,6.9,29,18,0,0,-1,1,1.9,130,38,9,0,2.2,221,98,1,52,1.8,216,100,0.3,1.3,0,303331,85,554923,17201,0.0,0.0,1.61,0.88,2.49,1.91,0.67,0.36,1.03,0.79,57.6,133,45,122.3,12,11,45.0,89,49,22.3,40,29,2.0,2.0,,5,,Phil,Foden,Foden,Suspended until 17 Oct,,217,0,2,0,2,0,0,0,1,1,0,3,14,,,,0.0,0.0,0.83,1.24,5.81,4,2,8
399,a,,,7.8,13,9,0,0,3,-3,28.0,8,4,34,8,6.8,14,5,5,150,6.8,10,3,0.9,4.4,0,2597003,49842,920965,54020,6.8,6.8,0.72,1.54,2.26,5.0,0.21,0.46,0.67,1.49,123.0,15,10,155.4,5,5,81.0,36,20,36.0,9,7,1.0,1.0,,5,,Rayan,Cherki,Cherki,,,302,3,2,1,4,0,0,0,1,0,0,4,12,,,,0.0,0.3,1.19,1.19,3.58,0,3,9
400,a,100.0,75.0,7.4,19,12,0,0,-1,1,0.7,218,68,1,1,1.0,400,193,0,7,0.2,419,199,0.0,0.1,0,2598,1131,127030,944,0.2,0.2,0.23,0.32,0.55,0.42,1.38,1.92,3.3,2.52,0.0,664,297,0.0,664,297,0.0,664,297,0.0,664,297,,,3.0,5,,Jérémy,Doku,Doku,,,15,0,0,0,0,0,0,0,0,0,0,0,2,,,,0.0,0.0,0.0,0.0,12.0,0,1,1
402,u,0.0,0.0,6.5,36,24,0,0,0,0,0.0,607,256,0,0,0.0,662,296,0,0,0.0,662,296,0.0,0.0,0,0,0,1214,10,0.0,0.0,0.0,0.0,0.0,0.0,0.0,0.0,0.0,0.0,0.0,661,295,0.0,662,295,0.0,660,295,0.0,661,295,,,,5,,Rodrigo 'Rodri',Hernandez Cascante,Rodrigo,Has joined Barcelona permanently,,0,0,0,0,0,0,0,0,0,0,0,0,0,,,,0.0,0.0,0.0,0.0,0.0,0,0,0
404,u,0.0,0.0,6.0,70,48,0,0,0,0,0.0,524,209,0,0,0.0,659,293,0,0,0.0,659,293,0.0,0.0,0,0,0,8131,46,0.0,0.0,0.0,0.0,0.0,0.0,0.0,0.0,0.0,0.0,0.0,656,291,0.0,658,291,0.0,653,290,0.0,657,291,,,,5,,Tijjani,Reijnders,Reijnders,Has joined Al Qadsiah permanently,,0,0,0,0,0,0,0,0,0,0,0,0,0,,,,0.0,0.0,0.0,0.0,0.0,0,0,0
406,a,,,5.4,169,106,0,0,-1,1,0.1,446,171,2,0,1.0,372,171,0,12,0.4,364,172,0.1,0.4,0,2189,47,6077,248,0.4,0.4,0.0,0.02,0.02,0.1,0.0,0.04,0.04,0.21,4.2,346,158,5.2,270,141,0.0,611,261,0.9,354,163,,,,5,,Mateo,Kovačić,Kovačić,,,42,0,0,0,0,0,0,0,0,0,0,0,2,,,,0.0,0.0,0.0,0.0,4.29,0,0,2
407,u,0.0,0.0,4.9,399,242,0,0,-1,1,0.0,613,260,0,0,0.0,590,251,0,0,0.0,590,251,0.0,0.0,0,250,0,1313,24,0.0,0.0,0.0,0.0,0.0,0.0,0.0,0.0,0.0,0.0,0.0,571,238,0.0,572,243,0.0,536,218,0.0,576,240,,,,5,,Claudio,Echeverri,Echeverri,Has joined Benfica on loan for the rest of the season,,0,0,0,0,0,0,0,0,0,0,0,0,0,,,,0.0,0.0,0.0,0.0,0.0,0,0,0
408,u,0.0,0.0,5.0,248,154,0,0,0,0,0.0,637,275,0,0,0.0,595,254,0,0,0.0,595,254,0.0,0.0,0,0,0,566,7,0.0,0.0,0.0,0.0,0.0,0.0,0.0,0.0,0.0,0.0,0.0,576,241,0.0,578,246,0.0,549,227,0.0,581,243,,,,5,,Kalvin,Phillips,Phillips,Has joined Sheffield United on loan for the rest of the season,,0,0,0,0,0,0,0,0,0,0,0,0,0,,,,0.0,0.0,0.0,0.0,0.0,0,0,0
409,u,0.0,0.0,4.5,520,272,0,0,0,0,0.1,432,164,0,0,0.0,540,217,0,0,0.0,540,217,0.0,0.0,0,1621,0,11878,311,0.0,0.0,0.0,0.0,0.0,0.0,0.0,0.0,0.0,0.0,0.0,512,198,0.0,511,205,0.0,468,177,0.0,517,200,,,,5,,Divine,Mukasa,Mukasa,has joined West Ham on loan for the rest of the seaon.,,0,0,0,0,0,0,0,0,0,0,0,0,0,,,,0.0,0.0,0.0,0.0,0.0,0,0,0
410,u,0.0,0.0,4.9,407,249,0,0,-1,1,0.0,618,262,0,0,0.0,592,252,0,0,0.0,592,252,0.0,0.0,0,219,0,1248,28,0.0,0.0,0.0,0.0,0.0,0.0,0.0,0.0,0.0,0.0,0.0,573,239,0.0,574,244,0.0,543,224,0.0,578,241,,,,5,,Jeremy,Monga,Monga,Has joined Swansea City on loan for the rest of the season,,0,0,0,0,0,0,0,0,0,0,0,0,0,,,,0.0,0.0,0.0,0.0,0.0,0,0,0
411,a,,,15.6,1,1,0,0,1,-1,73.5,1,1,39,6,7.8,7,2,9,167,7.8,5,1,0.5,2.5,0,883629,38352,311408,9750,7.8,7.8,4.42,0.53,4.95,7.25,0.88,0.11,0.99,1.45,155.6,3,2,20.5,193,23,201.0,2,1,37.7,6,1,,,1.0,5,,Erling,Haaland,Haaland,,,450,5,0,2,5,0,0,0,0,0,0,5,20,,,,0.0,0.4,1.0,1.0,4.0,0,10,10
481,a,100.0,100.0,6.3,46,31,0,0,-2,2,4.1,82,28,15,2,3.0,156,65,0,95,3.0,123,56,0.5,2.4,0,101631,4192,432566,14726,3.0,3.0,0.11,0.67,0.78,7.15,0.02,0.15,0.17,1.56,74.0,87,26,72.4,51,42,18.0,167,87,16.5,82,50,3.0,,,5,,Elliot,Anderson,Anderson,,,413,0,0,2,5,0,0,0,1,0,0,5,54,,,,0.0,0.44,1.09,1.09,11.77,13,18,23
587,a,,,5.0,243,7,0,0,0,0,0.0,568,66,0,0,0.0,593,71,0,0,0.0,593,71,0.0,0.0,0,566,34,1063,52,0.0,0.0,0.0,0.0,0.0,0.0,0.0,0.0,0.0,0.0,0.0,574,71,0.0,576,63,0.0,547,62,0.0,579,71,,,,5,,Gerónimo,Rulli,Rulli,,,0,0,0,0,0,0,0,0,0,0,0,0,0,,,,0.0,0.0,0.0,0.0,0.0,0,0,0
616,a,,,5.5,167,105,0,0,0,0,0.2,353,126,2,0,1.0,388,184,0,8,0.5,343,162,0.1,0.4,0,20688,489,12601,1162,0.5,0.5,0.0,0.12,0.12,0.37,0.0,0.49,0.49,1.51,13.0,280,118,4.8,278,145,0.0,639,280,1.8,329,150,,,,5,,Ayyoub,Bouaddi,Bouaddi,,,22,0,0,0,0,0,0,0,0,0,0,0,6,,,,0.0,0.0,0.0,0.0,24.55,0,3,3
621,a,,,4.5,534,279,0,0,0,0,0.1,405,148,2,0,1.0,324,139,0,8,0.5,338,159,0.1,0.4,0,11283,114,6608,585,0.5,0.5,0.1,0.0,0.1,0.02,0.82,0.0,0.82,0.16,5.2,334,152,0.5,354,174,3.0,294,144,0.8,359,166,,,,5,,Ryan,McAidoo,McAidoo,,,11,0,0,0,0,0,0,0,0,0,0,0,4,,,,0.0,0.0,0.0,0.0,32.73,2,0,2
622,a,,,4.0,644,195,0,0,0,0,0.2,355,134,1,0,1.0,303,110,0,3,0.2,382,135,0.0,0.2,0,16536,329,8368,817,0.2,0.2,0.0,0.0,0.0,0.0,0.0,0.0,0.0,0.0,0.6,381,140,0.8,341,128,0.0,369,146,0.1,386,139,,,,5,,Kaden,Braithwaite,Braithwaite,,,1,0,0,0,0,0,0,0,0,0,0,0,0,,,,0.0,0.0,0.0,0.0,0.0,0,0,1
628,a,,,6.0,76,50,0,0,0,0,0.0,609,258,0,0,0.0,660,294,0,0,0.0,660,294,0.0,0.0,0,1086,123,605,84,0.0,0.0,0.0,0.0,0.0,0.0,0.0,0.0,0.0,0.0,0.0,658,292,0.0,659,292,0.0,655,291,0.0,658,292,,,,5,,Allan,Andrade Elias,Allan,,,0,0,0,0,0,0,0,0,0,0,0,0,0,,,,0.0,0.0,0.0,0.0,0.0,0,0,0
653,a,,,4.5,523,274,0,0,0,0,0.0,516,206,0,0,0.0,543,219,0,0,0.0,543,219,0.0,0.0,0,3808,159,1923,240,0.0,0.0,0.0,0.0,0.0,0.0,0.0,0.0,0.0,0.0,0.0,515,200,0.0,514,207,0.0,471,179,0.0,520,202,,,,5,,Floyd,Samba,Samba,,,0,0,0,0,0,0,0,0,0,0,0,0,0,,,,0.0,0.0,0.0,0.0,0.0,0,0,0
43,a,100.0,100.0,5.8,98,62,0,0,-2,2,1.5,150,47,14,4,2.8,173,74,0,93,2.8,139,63,0.5,2.4,0,42909,1462,156435,5811,2.8,2.8,0.65,0.52,1.17,6.16,0.15,0.12,0.27,1.38,69.0,100,33,90.3,32,28,37.0,109,59,19.7,54,39,,,3.0,5,,Youri,Tielemans,Tielemans,,,402,0,0,0,8,0,0,0,0,0,0,5,43,,,,0.0,0.0,1.79,1.12,9.63,7,11,25
131,a,100.0,50.0,4.9,392,235,0,0,-1,1,0.1,393,145,0,0,0.0,586,247,0,0,0.0,586,247,0.0,0.0,0,5872,433,14083,442,0.0,0.0,0.0,0.0,0.0,0.0,0.0,0.0,0.0,0.0,0.0,565,232,0.0,567,238,0.0,530,212,0.0,570,234,,,,5,,Carlos,Baleba,Baleba,,,0,0,0,0,0,0,0,0,0,0,0,0,0,,,,0.0,0.0,0.0,0.0,0.0,0,0,0
162,a,,,4.8,419,256,0,0,-2,2,0.6,237,75,4,0,1.3,281,127,0,23,0.8,287,132,0.2,0.8,0,21782,585,71348,2729,0.8,0.8,0.0,0.24,0.24,2.03,0.0,0.26,0.26,2.23,24.8,238,99,5.5,266,138,8.0,238,119,3.9,281,123,,,,5,,Andrey,Nascimento dos Santos,Andrey Santos,,,82,0,0,0,4,0,0,0,0,0,0,1,18,,,,0.0,0.0,4.39,1.1,19.76,4,7,7
325,a,100.0,100.0,4.5,429,23,0,0,0,0,0.0,510,58,0,0,0.0,493,53,0,0,0.0,493,53,0.0,0.0,0,1046,39,1454,73,0.0,0.0,0.0,0.0,0.0,0.0,0.0,0.0,0.0,0.0,0.0,464,53,0.0,458,34,0.0,407,30,0.0,469,53,,,,5,,Karl,Darlow,Darlow,,,0,0,0,0,0,0,0,0,0,0,0,0,0,,,,0.0,0.0,0.0,0.0,0.0,0,0,0
412,a,,,4.9,379,20,0,0,-1,1,10.1,38,6,11,4,2.2,212,16,0,58,2.2,175,15,0.4,2.2,0,95452,3244,665143,26712,2.2,2.2,0.0,0.0,0.0,6.8,0.0,0.0,0.0,1.36,85.6,67,10,0.0,563,60,0.0,526,58,8.6,195,11,,,,5,,Senne,Lammens,Lammens,,,450,0,0,0,8,0,0,0,0,0,16,5,0,,,,3.2,0.0,1.6,1.0,0.0,0,5,38
413,u,0.0,0.0,4.5,478,37,0,0,0,0,0.0,604,71,0,0,0.0,513,63,0,0,0.0,513,63,0.0,0.0,0,0,0,1126,16,0.0,0.0,0.0,0.0,0.0,0.0,0.0,0.0,0.0,0.0,0.0,484,63,0.0,482,48,0.0,435,44,0.0,489,63,,,,5,,Altay,Bayındır,Bayindir,Has joined Celta Vigo on loan for the rest of the season,,0,0,0,0,0,0,0,0,0,0,0,0,0,,,,0.0,0.0,0.0,0.0,0.0,0,0,0
414,i,0.0,0.0,4.0,587,49,0,0,0,0,0.1,440,49,0,0,0.0,424,25,0,0,0.0,424,25,0.0,0.0,0,2042,124,3416,129,0.0,0.0,0.0,0.0,0.0,0.0,0.0,0.0,0.0,0.0,0.0,392,24,0.0,384,5,0.0,324,1,0.0,396,24,,,,5,,Tom,Heaton,Heaton,Hamstring injury - Unknown return date,,0,0,0,0,0,0,0,0,0,0,0,0,0,,,,0.0,0.0,0.0,0.0,0.0,0,0,0
415,a,,,5.8,111,71,0,0,-2,2,0.5,244,79,10,4,2.0,240,106,0,27,2.0,196,90,0.3,1.7,0,13446,476,95745,2208,2.0,2.0,0.78,0.09,0.87,3.38,0.41,0.05,0.46,1.78,30.8,220,85,32.9,148,91,61.0,57,37,11.5,148,72,,,,5,,Patrick,Dorgu,Dorgu,,,171,0,1,0,6,0,0,0,1,0,0,2,20,,,,0.0,0.0,3.16,1.05,10.53,8,8,4
416,i,0.0,0.0,5.0,259,38,0,0,0,0,0.0,563,190,0,0,0.0,597,208,0,0,0.0,597,208,0.0,0.0,0,411,32,1476,53,0.0,0.0,0.0,0.0,0.0,0.0,0.0,0.0,0.0,0.0,0.0,578,208,0.0,582,208,0.0,554,205,0.0,583,208,,,,5,,Matthijs,de Ligt,De Ligt,Back injury - Unknown return date,,0,0,0,0,0,0,0,0,0,0,0,0,0,,,,0.0,0.0,0.0,0.0,0.0,0,0,0
417,a,,,4.9,361,62,0,0,-1,1,1.7,142,57,8,2,1.6,264,94,0,46,1.6,221,81,0.3,1.6,0,25380,601,132308,3813,1.6,1.6,0.24,0.23,0.47,4.7,0.06,0.06,0.12,1.22,35.0,203,85,92.7,30,4,42.0,95,21,17.1,74,19,,,,5,,Diogo,Dalot Teixeira,Dalot,,,346,0,0,0,4,0,0,0,1,0,0,4,16,,,,0.0,0.0,1.04,1.04,4.16,6,10,21
418,a,,,4.9,343,58,0,0,-1,1,9.0,43,14,10,2,2.0,227,87,0,50,2.0,189,71,0.4,2.0,0,136067,2109,970225,40534,2.0,2.0,0.2,0.46,0.66,6.8,0.04,0.09,0.13,1.36,68.8,102,46,33.0,146,44,38.0,103,27,14.0,113,41,,,,5,,Harry,Maguire,Maguire,,,450,0,1,0,8,0,0,0,2,0,0,5,31,,,,0.0,0.0,1.6,1.0,6.2,3,28,21
419,a,100.0,100.0,5.0,268,42,0,0,0,0,1.3,162,64,6,0,1.5,272,98,0,29,1.2,260,94,0.2,1.2,0,34862,1936,63719,2866,1.2,1.2,0.21,0.16,0.37,5.79,0.05,0.04,0.09,1.45,54.0,141,64,5.5,267,95,10.0,224,78,7.0,218,80,,,,5,,Lisandro,Martínez,Martinez,,,360,0,0,0,6,1,0,0,0,0,0,4,20,,,,0.0,0.0,1.5,1.0,5.0,3,17,14
420,a,,,4.8,420,78,-1,1,-2,2,0.5,257,95,2,0,1.0,330,128,0,-1,0.4,351,124,0.1,0.4,0,5060,278,34903,1061,0.4,0.4,0.0,0.02,0.02,1.09,0.0,0.08,0.08,4.46,7.8,315,121,2.4,307,111,2.0,302,114,1.3,340,123,,,,5,,Leny,Yoro,Yoro,,,22,0,0,0,2,0,0,0,0,0,0,0,5,,,,0.0,0.0,8.18,0.0,20.45,2,3,1
421,a,,,4.4,577,153,0,0,-1,1,0.3,302,111,1,0,1.0,315,120,0,5,0.2,387,140,0.0,0.2,0,5899,129,23374,788,0.2,0.2,0.12,0.04,0.16,1.01,0.12,0.04,0.16,1.01,6.8,320,122,2.6,303,108,11.0,213,72,2.0,324,117,,,,5,,Ayden,Heaven,Heaven,,,90,0,0,0,2,0,0,0,0,0,0,1,2,,,,0.0,0.0,2.0,1.0,2.0,1,1,4
422,a,,,4.4,561,143,0,0,-1,1,0.5,249,94,3,0,1.0,311,116,0,6,0.6,310,111,0.1,0.7,0,14150,366,39632,1545,0.6,0.6,0.22,0.06,0.28,2.08,0.2,0.06,0.26,1.93,21.0,255,106,31.2,156,47,11.0,212,71,6.4,231,85,,,,5,,Noussair,Mazraoui,Mazraoui,,,97,0,0,0,4,0,0,0,0,0,0,1,6,,,,0.0,0.0,3.71,0.93,5.57,2,4,3
423,a,100.0,50.0,4.3,579,154,-1,1,-2,2,7.9,49,18,9,2,2.2,206,82,0,54,1.8,201,74,0.4,2.1,0,98668,1184,1285610,53681,1.8,0.9,0.03,0.58,0.61,4.63,0.01,0.16,0.17,1.24,86.0,66,29,85.6,37,5,13.0,199,66,18.4,68,13,3.0,,,5,,Luke,Shaw,Shaw,,,335,0,1,0,5,0,0,0,1,0,0,4,23,,,,0.0,0.0,1.34,1.07,6.18,6,17,7
424,a,,,4.0,650,201,0,0,0,0,0.2,332,124,0,0,0.0,469,172,0,0,0.0,469,172,0.0,0.0,0,6134,232,8427,397,0.0,0.0,0.0,0.0,0.0,0.0,0.0,0.0,0.0,0.0,0.0,439,169,0.0,433,169,0.0,375,152,0.0,444,169,,,,5,,Harry,Amass,Amass,,,0,0,0,0,0,0,0,0,0,0,0,0,0,,,,0.0,0.0,0.0,0.0,0.0,0,0,0
425,u,0.0,0.0,4.0,640,191,0,0,0,0,0.0,600,203,0,0,0.0,462,165,0,0,0.0,462,165,0.0,0.0,0,0,0,1288,20,0.0,0.0,0.0,0.0,0.0,0.0,0.0,0.0,0.0,0.0,0.0,431,161,0.0,425,161,0.0,365,142,0.0,436,161,,,,5,,Tyler,Fredricson,Fredricson,Has joined Lausanne-Sport permanently,,0,0,0,0,0,0,0,0,0,0,0,0,0,,,,0.0,0.0,0.0,0.0,0.0,0,0,0
426,a,,,12.0,2,1,0,0,0,0,39.2,6,2,31,2,6.2,24,11,3,148,6.2,19,8,0.5,2.6,0,629285,17685,1755999,103049,6.2,6.2,2.56,1.32,3.88,6.8,0.51,0.26,0.77,1.36,173.0,1,1,182.9,2,2,104.0,21,11,46.0,1,1,1.0,1.0,1.0,5,,Bruno,Borges Fernandes,B.Fernandes,,,450,3,1,0,8,0,0,0,0,0,0,5,29,,,,0.0,0.0,1.6,1.0,5.8,5,3,21
427,a,,,7.9,11,8,0,0,-1,1,21.0,17,7,25,2,5.0,59,25,3,110,5.0,47,18,0.6,3.2,0,444458,17479,1955650,69151,5.0,5.0,3.07,0.8,3.87,6.8,0.61,0.16,0.77,1.36,106.2,38,17,117.9,15,14,126.0,10,5,35.1,11,9,2.0,2.0,2.0,5,,Bryan,Mbeumo,Mbeumo,,,450,2,1,0,8,0,0,0,1,0,0,5,26,,,,0.0,0.0,1.6,1.0,5.2,5,7,14
428,a,,,7.9,10,7,0,0,-1,1,5.7,69,23,26,10,5.2,55,24,4,95,5.2,41,17,0.7,3.3,0,79805,6059,501465,13434,5.2,5.2,0.63,0.83,1.46,5.44,0.14,0.18,0.32,1.2,30.6,222,86,76.3,48,39,88.0,27,15,19.6,55,40,,,,5,,Matheus,Santos Carneiro da Cunha,Cunha,,,407,1,2,1,5,0,0,0,0,0,0,5,13,,,,0.0,0.22,1.11,1.11,2.87,3,1,9
429,a,,,7.0,25,16,0,0,0,0,1.6,147,46,10,2,2.0,244,108,0,58,2.0,199,92,0.3,1.4,0,84361,3332,116937,5856,2.0,2.0,0.78,0.43,1.21,4.5,0.2,0.11,0.31,1.15,36.8,197,80,109.5,21,19,99.0,22,12,24.5,29,20,,3.0,,5,,Marcus,Rashford,Rashford,,,351,0,0,1,3,0,0,0,0,0,0,4,18,,,,0.0,0.26,0.77,1.03,4.62,4,4,10
430,a,100.0,100.0,5.4,175,110,0,0,-1,1,0.0,539,219,1,1,1.0,373,172,0,3,0.2,411,194,0.0,0.2,0,814,86,1866,90,0.2,0.2,0.09,0.01,0.1,0.0,0.81,0.09,0.9,0.0,0.0,626,270,0.0,629,272,0.0,614,263,0.0,630,271,,4.0,,5,,Mason,Mount,Mount,,,10,0,0,0,0,0,0,0,0,0,0,0,1,,,,0.0,0.0,0.0,0.0,9.0,0,0,1
431,i,0.0,0.0,5.7,116,74,0,0,-3,3,0.3,293,100,0,0,0.0,651,287,0,0,0.0,651,287,0.0,0.0,0,2089,47,122688,967,0.0,0.0,0.0,0.0,0.0,0.0,0.0,0.0,0.0,0.0,0.0,645,284,0.0,650,285,0.0,640,281,0.0,648,284,4.0,,,5,,Amad,Diallo,Amad,Unspecified injury - Unknown return date,,0,0,0,0,0,0,0,0,0,0,0,0,0,,,,0.0,0.0,0.0,0.0,0.0,0,0,0
432,a,,,5.5,157,97,0,0,0,0,1.6,143,44,22,4,4.4,76,30,2,102,4.4,65,24,0.8,4.0,0,92099,5005,57075,4798,4.4,4.4,0.3,0.52,0.82,4.77,0.08,0.13,0.21,1.21,72.0,90,29,71.4,53,44,12.0,209,106,15.5,95,53,,,,5,,Kobbie,Mainoo,Mainoo,,,354,0,1,0,4,0,0,0,0,0,0,4,56,,,,0.0,0.0,1.02,1.02,14.24,6,10,40
433,i,0.0,0.0,5.0,273,167,0,0,0,0,0.0,640,277,0,0,0.0,603,258,0,0,0.0,603,258,0.0,0.0,0,110,14,252,12,0.0,0.0,0.0,0.0,0.0,0.0,0.0,0.0,0.0,0.0,0.0,584,245,0.0,588,250,0.0,560,232,0.0,589,247,,,,5,,Manuel,Ugarte Ribeiro,Ugarte,Knee injury - Unknown return date,,0,0,0,0,0,0,0,0,0,0,0,0,0,,,,0.0,0.0,0.0,0.0,0.0,0,0,0
434,a,,,4.9,395,238,0,0,-1,1,0.0,606,255,0,0,0.0,589,250,0,0,0.0,589,250,0.0,0.0,0,296,16,680,32,0.0,0.0,0.0,0.0,0.0,0.0,0.0,0.0,0.0,0.0,0.0,568,235,0.0,570,241,0.0,533,215,0.0,573,237,,,,5,,Jack,Fletcher,J.Fletcher,,,0,0,0,0,0,0,0,0,0,0,0,0,0,,,,0.0,0.0,0.0,0.0,0.0,0,0,0
435,a,,,4.9,400,243,0,0,-1,1,0.1,487,191,1,0,1.0,341,150,0,3,0.2,399,185,0.0,0.2,0,1571,218,3126,161,0.2,0.2,0.0,0.0,0.0,0.0,0.0,0.0,0.0,0.0,0.2,385,179,0.6,350,172,0.0,537,219,0.1,388,181,,,,5,,Shea,Lacey,Lacey,,,10,0,0,0,0,0,0,0,0,0,0,0,1,,,,0.0,0.0,0.0,0.0,9.0,0,0,1
436,u,0.0,0.0,5.0,300,180,0,0,0,0,0.0,608,257,0,0,0.0,612,263,0,0,0.0,612,263,0.0,0.0,0,150,0,1031,24,0.0,0.0,0.0,0.0,0.0,0.0,0.0,0.0,0.0,0.0,0.0,596,252,0.0,603,257,0.0,578,242,0.0,601,254,,,,5,,Toby,Collyer,Collyer,Has joined West Brom permanently,,0,0,0,0,0,0,0,0,0,0,0,0,0,,,,0.0,0.0,0.0,0.0,0.0,0,0,0
437,a,,,4.5,516,270,0,0,0,0,0.2,359,130,0,0,0.0,538,216,0,0,0.0,538,216,0.0,0.0,0,4787,123,9195,414,0.0,0.0,0.0,0.0,0.0,0.0,0.0,0.0,0.0,0.0,0.0,510,197,0.0,509,204,0.0,466,176,0.0,515,199,,,,5,,Bendito,Mantato,Bendito Mantato,,,0,0,0,0,0,0,0,0,0,0,0,0,0,,,,0.0,0.0,0.0,0.0,0.0,0,0,0
438,a,,,4.4,573,297,0,0,-1,1,0.3,284,95,0,0,0.0,488,204,0,0,0.0,488,204,0.0,0.0,0,9444,1375,15825,1056,0.0,0.0,0.0,0.0,0.0,0.0,0.0,0.0,0.0,0.0,0.0,459,185,0.0,453,192,0.0,402,164,0.0,464,187,,,,5,,Tyler,Fletcher,Fletcher,,,0,0,0,0,0,0,0,0,0,0,0,0,0,,,,0.0,0.0,0.0,0.0,0.0,0,0,0
439,d,75.0,100.0,7.0,28,10,0,0,0,0,1.8,137,22,8,0,2.0,246,28,0,39,1.6,233,24,0.2,1.1,0,103454,6015,119183,9510,1.2,1.6,0.39,0.01,0.4,2.0,0.46,0.01,0.47,2.37,34.6,209,18,11.9,237,27,36.0,113,24,8.2,206,22,,,,5,,Benjamin,Sesko,Šeško,Unspecified injury - 75% chance of playing,,76,1,0,0,3,0,0,0,0,0,0,0,5,,,,0.0,0.0,3.55,0.0,5.92,0,0,5
440,a,,,5.3,226,49,-1,1,-2,2,0.4,268,47,2,1,1.0,363,40,0,8,0.4,362,42,0.1,0.4,0,14758,878,42196,1643,0.4,0.4,0.0,0.01,0.01,0.02,0.0,0.04,0.04,0.09,4.4,341,33,4.8,277,34,0.0,605,68,0.9,353,39,,,,5,,Joshua,Zirkzee,Zirkzee,,,20,0,0,0,0,0,0,0,0,0,0,0,4,,,,0.0,0.0,0.0,0.0,18.0,0,2,2
441,u,0.0,0.0,4.5,524,75,0,0,0,0,1.0,181,29,0,0,0.0,544,59,0,0,0.0,544,59,0.0,0.0,0,45543,0,69538,6596,0.0,0.0,0.0,0.0,0.0,0.0,0.0,0.0,0.0,0.0,0.0,516,53,0.0,515,58,0.0,472,52,0.0,521,56,,,,5,,Chido,Obi,Obi,Has joined Willem II on loan for the rest of the season,,0,0,0,0,0,0,0,0,0,0,0,0,0,,,,0.0,0.0,0.0,0.0,0.0,0,0,0
405,a,100.0,0.0,5.5,148,90,0,0,0,0,0.2,336,119,5,0,1.7,262,116,0,23,1.0,281,129,0.2,0.9,0,17676,213,16523,1354,1.0,0.0,0.0,0.21,0.21,2.34,0.0,0.12,0.12,1.28,13.4,278,117,42.0,122,76,2.0,314,155,5.8,244,109,,,,5,,Nico,González Iglesias,N.Gonzalez,,,164,0,0,1,2,0,0,0,1,0,0,3,12,,,,0.0,0.55,1.1,1.65,6.59,0,3,9
442,a,,,4.9,344,15,0,0,-1,1,1.0,186,29,0,0,0.0,568,67,0,0,0.0,568,67,0.0,0.0,0,12943,450,52349,1626,0.0,0.0,0.0,0.0,0.0,0.0,0.0,0.0,0.0,0.0,0.0,544,67,0.0,544,55,0.0,504,53,0.0,549,67,,,,5,,Nick,Pope,Pope,,,0,0,0,0,0,0,0,0,0,0,0,0,0,,,,0.0,0.0,0.0,0.0,0.0,0,0,0
443,a,,,4.5,432,26,0,0,0,0,0.0,526,61,0,0,0.0,494,54,0,0,0.0,494,54,0.0,0.0,0,749,24,1155,35,0.0,0.0,0.0,0.0,0.0,0.0,0.0,0.0,0.0,0.0,0.0,465,54,0.0,461,37,0.0,410,33,0.0,470,54,,,,5,,Mark,Gillespie,Gillespie,,,0,0,0,0,0,0,0,0,0,0,0,0,0,,,,0.0,0.0,0.0,0.0,0.0,0,0,0
444,d,50.0,50.0,4.4,575,48,-1,1,-1,1,0.0,569,67,0,0,0.0,490,52,0,0,0.0,490,52,0.0,0.0,0,444,11,1462,57,0.0,0.0,0.0,0.0,0.0,0.0,0.0,0.0,0.0,0.0,0.0,461,52,0.0,455,33,0.0,404,29,0.0,466,52,,,,5,,Ewen,Jaouen,Jaouen,Ankle injury - 50% chance of playing,,0,0,0,0,0,0,0,0,0,0,0,0,0,,,,0.0,0.0,0.0,0.0,0.0,0,0,0
445,a,,,5.0,288,47,0,0,0,0,2.2,123,49,14,4,2.8,166,69,0,32,2.8,134,50,0.6,2.8,0,173717,4416,117942,4931,2.8,2.8,0.0,0.08,0.08,9.14,0.0,0.02,0.02,1.83,74.8,84,38,14.9,213,70,2.0,307,116,9.2,185,70,,,,5,,Malick,Thiaw,Thiaw,,,450,0,0,1,9,1,0,0,0,0,0,5,45,,,,0.0,0.2,1.8,1.0,9.0,0,45,10
446,a,100.0,100.0,4.9,346,59,0,0,-1,1,0.2,325,121,2,1,1.0,331,129,0,0,0.4,353,125,0.1,0.4,0,6800,289,13467,521,0.4,0.4,0.0,0.01,0.01,1.87,0.0,0.04,0.04,6.73,0.0,546,203,0.0,546,203,0.0,506,199,0.0,551,203,,2.0,,5,,Fabian,Schär,Schär,,,25,0,0,0,2,0,0,0,0,0,0,0,7,,,,0.0,0.0,7.2,0.0,25.2,0,7,0
447,a,,,5.0,265,40,0,0,0,0,0.7,213,82,15,4,3.0,140,60,0,43,3.0,112,43,0.6,3.0,0,45093,2419,26696,1402,3.0,3.0,0.06,0.17,0.23,9.14,0.01,0.03,0.04,1.83,100.8,45,17,3.3,294,104,6.0,259,94,11.1,152,57,,,,5,,Sven,Botman,Botman,,,450,0,0,1,9,0,0,0,1,0,0,5,59,,,,0.0,0.2,1.8,1.0,11.8,5,54,14
448,i,0.0,0.0,4.8,409,73,-1,1,-2,2,0.8,206,79,0,0,0.0,563,202,0,0,0.0,563,202,0.0,0.0,0,7263,48,158179,3271,0.0,0.0,0.0,0.0,0.0,0.0,0.0,0.0,0.0,0.0,0.0,537,200,0.0,537,200,0.0,496,195,0.0,542,200,,,,5,,Dan,Burn,Burn,Ankle injury - Expected back 12 Oct,,0,0,0,0,0,0,0,0,0,0,0,0,0,,,,0.0,0.0,0.0,0.0,0.0,0,0,0
449,a,,,5.2,238,35,0,0,2,-2,16.0,25,8,31,13,6.2,22,9,6,127,6.2,17,7,1.2,6.0,0,1532830,119328,336204,8371,6.2,6.2,0.25,0.79,1.04,9.12,0.05,0.16,0.21,1.83,110.0,27,9,59.8,69,13,14.0,197,65,18.3,69,14,1.0,1.0,,5,,Lewis,Hall,Hall,,,449,1,1,1,9,0,0,0,0,0,0,5,46,,,,0.0,0.2,1.8,1.0,9.22,13,33,38
450,d,75.0,100.0,4.9,373,66,0,0,-1,1,0.1,409,151,4,0,2.0,229,88,0,12,0.8,289,106,0.2,0.8,0,10159,363,5326,886,0.6,0.8,0.0,0.01,0.01,0.18,0.0,0.03,0.03,0.49,5.0,336,129,3.8,287,102,4.0,283,105,1.3,341,124,,,,5,,Tino,Livramento,Livramento,Unspecified injury - 75% chance of playing,,33,0,1,0,1,0,0,0,1,0,0,0,3,,,,0.0,0.0,2.73,0.0,8.18,2,1,4
451,u,0.0,0.0,4.0,639,190,0,0,0,0,0.1,486,174,0,0,0.0,461,164,0,0,0.0,461,164,0.0,0.0,0,0,0,6804,153,0.0,0.0,0.0,0.0,0.0,0.0,0.0,0.0,0.0,0.0,0.0,430,160,0.0,424,160,0.0,364,141,0.0,435,160,,,,5,,Alex,Murphy,A.Murphy,Has joined FC Kaiserslautern on loan for the rest of the season,,0,0,0,0,0,0,0,0,0,0,0,0,0,,,,0.0,0.0,0.0,0.0,0.0,0,0,0
453,a,,,6.1,61,42,1,-1,1,-1,5.1,74,25,28,9,5.6,41,20,3,105,5.6,28,13,0.9,4.6,0,563250,92147,138142,6234,5.6,5.6,0.62,0.48,1.1,9.14,0.12,0.1,0.22,1.83,57.6,132,44,44.1,112,72,69.0,50,31,17.1,75,45,3.0,,,5,,Harvey,Barnes,Barnes,,,450,1,3,1,9,0,0,0,0,0,0,5,33,,,,0.0,0.2,1.8,1.0,6.6,3,14,16
454,i,0.0,0.0,6.1,62,43,-1,1,1,-1,5.0,75,26,18,0,6.0,33,15,2,71,3.6,95,39,0.6,3.0,0,1286005,168,1036906,116945,0.0,0.0,0.42,0.34,0.76,4.01,0.16,0.13,0.29,1.56,82.6,74,24,50.6,93,63,61.0,58,38,19.4,60,42,2.0,,,5,,Anthony,Elanga,Elanga,Unspecified injury - Unknown return date,,232,2,0,1,3,0,0,0,1,0,0,3,9,,,,0.0,0.39,1.16,1.16,3.49,4,2,3
456,i,0.0,0.0,4.9,365,219,0,0,-1,1,0.3,306,106,7,0,2.3,202,87,0,26,1.4,242,110,0.3,1.4,0,16561,15,29124,2921,0.0,0.0,0.17,0.16,0.33,1.92,0.22,0.21,0.43,2.5,40.4,181,71,6.3,262,135,21.0,149,76,6.7,226,103,,,,5,,Jacob,Ramsey,J.Ramsey,Thigh injury - Unknown return date,,69,1,0,0,1,0,0,0,1,0,0,0,11,,,,0.0,0.0,1.3,0.0,14.35,2,3,6
457,a,,,5.9,79,52,0,0,-1,1,0.1,375,136,3,1,0.6,413,197,0,21,0.6,335,157,0.1,0.5,0,5567,464,10562,383,0.6,0.6,0.03,0.41,0.44,4.96,0.01,0.2,0.21,2.47,3.6,350,161,7.2,259,133,6.0,266,133,1.6,332,152,4.0,,,5,,Jacob,Murphy,J.Murphy,,,181,0,0,0,5,0,0,0,3,0,0,2,18,,,,0.0,0.0,2.49,0.99,8.95,4,4,10
458,i,0.0,0.0,5.4,174,109,0,0,-1,1,0.0,576,237,0,0,0.0,635,275,0,0,0.0,635,275,0.0,0.0,0,217,6,2204,42,0.0,0.0,0.0,0.0,0.0,0.0,0.0,0.0,0.0,0.0,0.0,625,269,0.0,628,271,0.0,613,262,0.0,629,270,,,,5,,Joelinton Cássio,Apolinário de Lira,Joelinton,Unspecified injury - Unknown return date,,0,0,0,0,0,0,0,0,0,0,0,0,0,,,,0.0,0.0,0.0,0.0,0.0,0,0,0
459,a,100.0,100.0,5.5,160,99,0,0,0,0,0.1,441,169,12,4,2.4,198,86,0,68,2.4,168,75,0.4,2.2,0,6109,245,5248,241,2.4,2.4,0.05,0.14,0.19,7.95,0.01,0.03,0.04,1.81,36.6,198,81,41.7,123,77,5.0,274,138,8.3,202,94,5.0,,,5,,Lewis,Miley,L.Miley,,,396,0,0,1,8,1,0,0,1,0,0,5,52,,,,0.0,0.23,1.82,1.14,11.82,6,20,26
460,a,,,5.0,254,158,0,0,0,0,0.5,247,80,22,10,4.4,73,28,3,80,4.4,62,22,0.9,4.4,0,60135,5315,29276,1291,4.4,4.4,0.81,0.3,1.11,5.19,0.26,0.1,0.36,1.64,52.0,147,52,33.7,143,88,46.0,83,46,12.4,136,68,,,,5,,Joe,Willock,Willock,,,284,2,0,1,5,0,0,0,0,0,0,3,18,,,,0.0,0.32,1.58,0.95,5.7,5,4,9
461,a,,,5.8,112,72,0,0,-2,2,0.1,380,138,8,1,2.7,177,76,0,29,1.6,230,107,0.3,1.4,0,3566,183,16063,456,1.6,1.6,0.28,0.01,0.29,0.76,0.5,0.02,0.52,1.37,36.6,200,82,5.3,268,139,21.0,153,79,6.3,234,105,,,,5,,Bazoumana,Touré,Touré,,,50,1,0,0,1,0,0,0,0,0,0,0,4,,,,0.0,0.0,1.8,0.0,7.2,0,1,3
462,a,,,4.9,406,248,0,0,-1,1,0.1,455,178,8,3,1.6,265,117,0,42,1.6,222,101,0.3,1.6,0,2269,113,6001,204,1.6,1.6,0.0,0.06,0.06,4.23,0.0,0.02,0.02,1.71,19.4,260,109,21.9,187,106,0.0,542,223,4.2,273,120,,,,5,,Sean,Steur,Steur,,,223,0,0,1,5,0,0,0,0,0,0,2,21,,,,0.0,0.4,2.02,0.81,8.48,4,9,8
463,u,0.0,0.0,5.9,90,23,0,0,-1,1,0.5,250,41,4,0,4.0,97,10,0,18,0.8,301,34,0.1,0.7,0,14520,0,140334,1899,0.0,0.0,0.02,0.01,0.03,0.38,0.09,0.05,0.14,1.8,18.2,267,25,10.5,245,31,11.0,219,34,4.0,279,32,,,,5,,Nick,Woltemade,Woltemade,Has joined Juventus on loan for the rest of the season,,19,0,1,0,0,0,0,0,0,0,0,0,0,,,,0.0,0.0,0.0,0.0,0.0,0,0,0
464,a,,,6.2,55,13,0,0,2,-2,18.9,20,5,15,0,3.0,155,15,2,54,3.0,122,12,0.5,2.4,0,2241346,45834,669892,82882,3.0,3.0,2.35,0.06,2.41,7.97,0.48,0.01,0.49,1.63,57.8,130,8,55.4,80,6,86.0,30,12,19.9,51,8,,,2.0,5,,Yoane,Wissa,Wissa,,,441,1,1,1,8,0,0,1,2,0,0,5,27,,,,0.0,0.2,1.63,1.02,5.51,6,6,15
465,i,0.0,0.0,5.8,109,28,-1,1,-2,2,0.3,283,48,4,0,4.0,96,9,0,18,0.8,299,32,0.1,0.7,0,21376,53,85608,1303,0.0,0.0,0.06,0.14,0.2,1.48,0.1,0.23,0.33,2.42,28.2,231,21,13.7,222,25,8.0,241,37,5.0,262,29,,4.0,1.0,5,,William,Osula,Osula,Foot injury - Unknown return date,,55,0,1,0,1,0,0,0,0,0,0,1,5,,,,0.0,0.0,1.64,1.64,8.18,1,2,2
466,u,0.0,0.0,4.5,526,76,0,0,0,0,0.5,246,39,0,0,0.0,546,60,0,0,0.0,546,60,0.0,0.0,0,23805,0,50732,2110,0.0,0.0,0.0,0.0,0.0,0.0,0.0,0.0,0.0,0.0,0.0,518,54,0.0,517,59,0.0,474,53,0.0,523,57,,,,5,,Sean,Neave,Neave,Has joined Wolves on loan for the rest of the season,,0,0,0,0,0,0,0,0,0,0,0,0,0,,,,0.0,0.0,0.0,0.0,0.0,0,0,0
559,a,,,4.9,405,247,0,0,-1,1,0.1,420,157,3,1,1.0,344,153,0,12,0.6,318,147,0.1,0.6,0,2508,68,7324,240,0.6,0.6,0.0,0.0,0.0,1.29,0.0,0.0,0.0,4.3,5.4,330,149,0.3,365,179,0.0,541,222,0.6,366,170,,,,5,,Aladji,Bamba,Bamba,,,27,0,0,0,1,0,0,0,0,0,0,0,8,,,,0.0,0.0,3.33,0.0,26.67,3,3,2
567,a,,,5.0,291,13,0,0,0,0,1.5,151,22,14,3,2.8,167,15,0,72,2.8,135,14,0.6,2.8,0,148347,3697,68917,2364,2.8,2.8,0.0,0.0,0.0,9.14,0.0,0.0,0.0,1.83,138.6,9,1,0.0,597,69,0.0,571,68,13.8,116,2,,,,5,,Lukás,Hornícek,Horníček,,,450,0,0,1,9,0,0,0,1,0,19,5,0,,,,3.8,0.2,1.8,1.0,0.0,0,11,31
593,i,0.0,0.0,4.5,482,118,0,0,0,0,1.9,126,51,13,0,3.2,126,54,2,36,2.6,147,54,0.6,2.9,0,447769,147,294940,24890,0.0,0.0,0.14,0.08,0.22,7.38,0.04,0.02,0.06,2.03,70.0,94,41,40.7,127,36,15.0,180,60,12.6,135,49,,3.0,,5,,Amar,Dedic,Dedić,Unspecified injury - Unknown return date,,327,0,1,1,7,0,0,0,0,0,0,4,24,,,,0.0,0.28,1.93,1.1,6.61,8,16,15
609,u,0.0,0.0,4.0,643,194,0,0,0,0,0.2,344,130,0,0,0.0,465,168,0,0,0.0,465,168,0.0,0.0,0,18236,0,14895,997,0.0,0.0,0.0,0.0,0.0,0.0,0.0,0.0,0.0,0.0,0.0,434,164,0.0,428,164,0.0,368,145,0.0,439,164,,,,5,,Leo,Shahar,Shahar,has joined Arouca on loan for the rest of the seaon.,,0,0,0,0,0,0,0,0,0,0,0,0,0,,,,0.0,0.0,0.0,0.0,0.0,0,0,0
634,a,,,6.0,75,19,0,0,0,0,0.1,395,58,4,2,1.3,288,35,0,16,1.3,254,28,0.2,0.7,0,15967,896,5679,779,1.3,1.3,0.05,0.01,0.06,2.94,0.03,0.01,0.04,1.69,2.2,366,40,11.7,238,28,10.0,226,36,2.4,315,37,,,,5,,Matias,Fernandez-Pardo,Fernandez-Pardo,,,157,0,0,0,4,0,0,0,0,0,0,2,5,,,,0.0,0.0,2.29,1.15,2.87,2,0,3
663,a,,,4.0,651,202,0,0,0,0,0.0,651,215,0,0,0.0,470,173,0,0,0.0,470,173,0.0,0.0,0,158,158,16,16,1.1,1.1,0.0,0.0,0.0,0.0,0.0,0.0,0.0,0.0,0.0,440,170,0.0,434,170,0.0,376,153,0.0,445,170,,,,5,,Miodrag,Pivas,Pivas,,,0,0,0,0,0,0,0,0,0,0,0,0,0,,,,0.0,0.0,0.0,0.0,0.0,0,0,0
664,a,,,4.5,527,77,0,0,0,0,0.0,498,71,0,0,0.0,547,61,0,0,0.0,547,61,0.0,0.0,0,3768,3768,462,462,1.0,1.0,0.0,0.0,0.0,0.0,0.0,0.0,0.0,0.0,0.0,519,55,0.0,518,60,0.0,475,54,0.0,524,58,,,,5,,Vakhtang,Salia,Salia,,,0,0,0,0,0,0,0,0,0,0,0,0,0,,,,0.0,0.0,0.0,0.0,0.0,0,0,0
665,a,,,4.5,543,285,0,0,0,0,0.0,664,296,0,0,0.0,556,227,0,0,0.0,556,227,0.0,0.0,0,78,78,10,10,1.1,1.1,0.0,0.0,0.0,0.0,0.0,0.0,0.0,0.0,0.0,530,209,0.0,529,216,0.0,488,188,0.0,535,211,,,,5,,Michael,Mills,Mills,,,0,0,0,0,0,0,0,0,0,0,0,0,0,,,,0.0,0.0,0.0,0.0,0.0,0,0,0
666,a,,,4.5,547,288,0,0,0,0,0.0,660,293,0,0,0.0,560,230,0,0,0.0,560,230,0.0,0.0,0,89,89,8,8,1.1,1.1,0.0,0.0,0.0,0.0,0.0,0.0,0.0,0.0,0.0,534,212,0.0,533,219,0.0,492,191,0.0,539,214,,,,5,,Kyran,Thompson,Thompson,,,0,0,0,0,0,0,0,0,0,0,0,0,0,,,,0.0,0.0,0.0,0.0,0.0,0,0,0
167,a,,,5.6,120,30,1,-1,1,-1,2.8,108,17,9,1,2.2,219,22,0,49,1.8,213,21,0.3,1.6,0,307858,20682,70583,17011,1.8,1.8,0.89,0.35,1.24,2.62,0.29,0.11,0.4,0.85,35.0,204,16,43.5,116,12,50.0,77,20,12.8,132,17,,,3.0,5,,Liam,Delap,Delap,,,277,1,0,1,3,0,0,0,2,0,0,3,17,,,,0.0,0.32,0.97,0.97,5.52,2,5,10
201,a,,,5.4,190,23,0,0,-1,1,5.8,67,28,5,2,1.2,293,102,0,29,1.0,279,102,0.2,0.9,0,155419,4861,470126,15950,1.0,1.0,0.6,0.21,0.81,2.59,0.21,0.07,0.28,0.91,35.2,202,84,58.5,74,16,64.0,54,6,15.8,92,27,,,,5,,Daniel,Muñoz Mejía,Muñoz,,,257,0,0,0,4,0,0,0,0,0,0,3,15,,,,0.0,0.0,1.4,1.05,5.25,7,8,8
467,a,,,5.0,240,5,0,0,0,0,1.6,144,21,14,2,2.8,163,14,0,67,2.8,131,13,0.6,2.8,0,67305,1052,59096,3034,2.8,2.8,0.0,0.01,0.01,4.77,0.0,0.0,0.0,0.95,68.2,104,18,0.0,575,62,0.0,545,60,6.8,223,18,,,,5,,Matz,Sels,Sels,,,450,0,0,1,5,0,0,0,0,0,11,5,0,,,,2.2,0.2,1.0,1.0,0.0,0,6,46
468,a,,,4.5,458,33,0,0,0,0,0.1,483,55,0,0,0.0,504,60,0,0,0.0,504,60,0.0,0.0,0,836,29,1936,76,0.0,0.0,0.0,0.0,0.0,0.0,0.0,0.0,0.0,0.0,0.0,475,60,0.0,472,44,0.0,422,40,0.0,480,60,,,,5,,John Victor,Maciel Furtado,John,,,0,0,0,0,0,0,0,0,0,0,0,0,0,,,,0.0,0.0,0.0,0.0,0.0,0,0,0
469,a,,,5.0,262,39,0,0,0,0,9.0,44,15,19,2,3.8,102,43,1,85,3.8,86,35,0.8,3.8,0,321055,6569,327199,21941,3.8,3.8,0.41,0.61,1.02,4.77,0.08,0.12,0.2,0.95,69.8,96,43,61.9,64,11,26.0,131,39,15.8,91,26,2.0,3.0,,5,,Neco,Williams,N.Williams,,,450,0,1,1,5,0,0,0,0,0,0,5,29,,,,0.0,0.2,1.0,1.0,5.8,14,15,28
470,u,0.0,0.0,5.0,294,50,0,0,0,0,0.0,574,195,0,0,0.0,607,210,0,0,0.0,607,210,0.0,0.0,0,424,0,3645,65,0.0,0.0,0.0,0.0,0.0,0.0,0.0,0.0,0.0,0.0,0.0,591,211,0.0,598,211,0.0,572,208,0.0,596,211,,,,5,,Felipe,Rodrigues da Silva,Morato,Has joined West Ham on loan for the rest of the season,,0,0,0,0,0,0,0,0,0,0,0,0,0,,,,0.0,0.0,0.0,0.0,0.0,0,0,0
471,i,0.0,0.0,5.4,185,22,-1,1,-1,1,1.1,173,67,12,0,4.0,94,41,0,34,2.4,163,63,0.4,2.2,0,17960,28,102057,6900,0.0,0.0,0.11,0.03,0.14,3.28,0.04,0.01,0.05,1.09,53.2,143,66,1.4,327,120,16.0,174,55,7.0,220,81,,,,5,,Nikola,Milenković,Milenković,Hamstring injury - Expected back 11 Oct,,270,0,0,1,3,0,0,0,1,0,0,3,31,,,,0.0,0.33,1.0,1.0,10.33,5,26,12
472,a,100.0,100.0,5.5,164,19,0,0,0,0,2.1,125,50,23,4,4.6,72,33,0,76,4.6,59,27,0.8,4.2,0,99656,4159,57010,3749,4.6,4.6,0.42,0.37,0.79,4.77,0.08,0.07,0.15,0.96,94.2,53,20,38.3,135,38,18.0,166,51,15.1,99,32,,2.0,,5,,Murillo,Costa dos Santos,Murillo,,,449,0,1,1,5,0,0,0,1,0,0,5,53,,,,0.0,0.2,1.0,1.0,10.62,9,44,18
473,a,,,4.5,442,90,0,0,0,0,2.5,117,45,8,0,2.0,224,85,0,45,1.6,218,78,0.4,1.8,0,68767,654,161150,11363,1.6,1.6,0.04,0.53,0.57,3.72,0.01,0.16,0.17,1.09,58.2,128,60,53.3,82,19,15.0,179,59,12.7,133,48,,,,5,,Ola,Aina,Aina,,,306,0,0,1,3,0,0,0,2,0,0,4,22,,,,0.0,0.29,0.88,1.18,6.47,10,12,14
474,a,100.0,75.0,4.5,515,129,0,0,0,0,0.2,340,128,11,1,2.8,161,66,0,40,2.2,171,65,0.5,2.4,0,9632,126,12923,397,2.2,1.7,0.05,0.02,0.07,3.95,0.01,0.0,0.01,0.99,55.4,137,63,2.4,306,110,1.0,317,119,5.9,242,90,,,,5,,Jair,Paula da Cunha Filho,Jair Cunha,,,360,0,0,1,4,0,0,0,2,0,0,4,36,,,,0.0,0.25,1.0,1.0,9.0,7,29,8
475,i,0.0,0.0,4.5,494,121,0,0,0,0,0.0,650,214,0,0,0.0,520,194,0,0,0.0,520,194,0.0,0.0,0,231,11,267,9,0.0,0.0,0.0,0.0,0.0,0.0,0.0,0.0,0.0,0.0,0.0,491,191,0.0,491,191,0.0,447,184,0.0,496,191,,,,5,,Nicolò,Savona,Savona,Knee injury - Unknown return date,,0,0,0,0,0,0,0,0,0,0,0,0,0,,,,0.0,0.0,0.0,0.0,0.0,0,0,0
476,a,,,4.0,607,169,0,0,0,0,0.2,324,120,0,0,0.0,439,153,0,0,0.0,439,153,0.0,0.0,0,3852,152,7937,386,0.0,0.0,0.0,0.0,0.0,0.0,0.0,0.0,0.0,0.0,0.0,408,149,0.0,402,149,0.0,342,130,0.0,413,149,,,,5,,Omar,Richards,O.Richards,,,0,0,0,0,0,0,0,0,0,0,0,0,0,,,,0.0,0.0,0.0,0.0,0.0,0,0,0
477,u,0.0,0.0,4.0,642,193,0,0,0,0,0.1,369,142,0,0,0.0,464,167,0,0,0.0,464,167,0.0,0.0,0,2459,0,13490,417,0.0,0.0,0.0,0.0,0.0,0.0,0.0,0.0,0.0,0.0,0.0,433,163,0.0,427,163,0.0,367,144,0.0,438,163,,,,5,,Zach,Abbott,Abbott,Has joined Southampton on loan for the rest of the season,,0,0,0,0,0,0,0,0,0,0,0,0,0,,,,0.0,0.0,0.0,0.0,0.0,0,0,0
478,a,,,4.4,567,148,0,0,-1,1,0.0,536,187,3,1,1.0,313,118,0,8,0.6,311,112,0.1,0.7,0,665,35,1532,61,0.6,0.6,0.0,0.02,0.02,0.13,0.0,0.07,0.07,0.43,2.0,367,136,0.9,337,125,0.0,398,168,0.3,375,137,,,,5,,Luca,Netz,Netz,,,27,0,0,0,1,0,0,0,0,0,0,0,1,,,,0.0,0.0,3.33,0.0,3.33,1,0,1
479,u,0.0,0.0,4.0,637,188,0,0,0,0,0.1,402,150,0,0,0.0,460,163,0,0,0.0,460,163,0.0,0.0,0,799,0,8388,258,0.0,0.0,0.0,0.0,0.0,0.0,0.0,0.0,0.0,0.0,0.0,429,159,0.0,423,159,0.0,363,140,0.0,434,159,,,,5,,Tyler,Bindon,Bindon,Has joined Charlton Athletic on loan for the rest of the season,,0,0,0,0,0,0,0,0,0,0,0,0,0,,,,0.0,0.0,0.0,0.0,0.0,0,0,0
480,a,100.0,100.0,8.0,7,5,0,0,0,0,15.8,26,9,28,2,5.6,42,21,6,116,5.6,29,14,0.7,3.5,0,1177264,33582,627093,44399,5.6,5.6,1.56,1.42,2.98,4.77,0.31,0.28,0.59,0.95,101.0,44,19,123.3,11,10,72.0,45,27,29.6,18,14,,1.0,1.0,5,,Morgan,Gibbs-White,Gibbs-White,,,450,1,2,1,5,0,0,0,0,0,0,5,21,,,,0.0,0.2,1.0,1.0,4.2,5,2,14
482,a,100.0,100.0,5.8,100,64,0,0,-2,2,0.1,366,131,1,0,1.0,390,185,0,2,0.2,414,196,0.0,0.2,0,5150,139,17049,649,0.2,0.2,0.0,0.0,0.0,0.0,0.0,0.0,0.0,0.0,0.0,646,285,0.3,369,182,0.0,641,282,0.0,649,285,,4.0,,5,,Callum,Hudson-Odoi,Hudson-Odoi,,,1,0,0,0,0,0,0,0,0,0,0,0,0,,,,0.0,0.0,0.0,0.0,0.0,0,0,0
483,a,,,5.5,146,89,0,0,0,0,0.7,210,66,15,1,3.0,151,62,2,44,3.0,118,52,0.5,2.7,0,71998,402,46242,5079,3.0,3.0,1.25,0.93,2.18,3.84,0.36,0.26,0.62,1.09,37.6,194,78,38.3,134,85,74.0,42,25,14.7,103,54,,,,5,,Dan,Ndoye,Ndoye,,,316,1,0,1,3,0,0,0,1,0,0,5,20,,,,0.0,0.28,0.85,1.42,5.7,2,3,15
484,u,0.0,0.0,5.4,206,130,0,0,-1,1,0.1,452,177,0,0,0.0,639,279,0,0,0.0,639,279,0.0,0.0,0,427,0,10806,178,0.0,0.0,0.0,0.0,0.0,0.0,0.0,0.0,0.0,0.0,0.0,632,275,0.0,635,277,0.0,622,270,0.0,636,276,,,,5,,Omari,Hutchinson,Hutchinson,Has joined AC Milan on loan for the rest of the season,,0,0,0,0,0,0,0,0,0,0,0,0,0,,,,0.0,0.0,0.0,0.0,0.0,0,0,0
485,u,0.0,0.0,5.5,151,93,0,0,0,0,0.0,634,273,0,0,0.0,649,285,0,0,0.0,649,285,0.0,0.0,0,107,0,1158,16,0.0,0.0,0.0,0.0,0.0,0.0,0.0,0.0,0.0,0.0,0.0,642,281,0.0,648,283,0.0,636,277,0.0,646,282,,,,5,,Dilane,Bakwa,Bakwa,Has joined Lille on loan for the rest of the season,,0,0,0,0,0,0,0,0,0,0,0,0,0,,,,0.0,0.0,0.0,0.0,0.0,0,0,0
486,a,,,5.5,142,86,0,0,0,0,0.1,408,150,12,2,2.4,195,84,0,91,2.4,165,73,0.4,2.2,0,9853,208,5558,512,2.4,2.4,0.37,0.96,1.33,4.55,0.08,0.21,0.29,0.98,48.8,162,61,147.8,7,7,20.0,156,82,21.7,44,33,1.0,,,5,,James,McAtee,McAtee,,,416,0,0,2,4,0,0,0,2,0,0,5,39,,,,0.0,0.43,0.87,1.08,8.44,9,9,21
488,a,100.0,100.0,4.9,357,216,0,0,-1,1,0.4,261,86,4,1,1.3,282,128,0,15,0.8,288,133,0.2,0.8,0,9058,159,67223,1644,0.8,0.8,0.09,0.02,0.11,0.56,0.08,0.02,0.1,0.48,20.2,258,108,13.4,226,121,5.0,270,135,3.9,282,124,,,,5,,Ibrahim,Sangaré,I.Sangaré,,,105,0,0,0,1,0,0,0,0,0,0,1,8,,,,0.0,0.0,0.86,0.86,6.86,1,4,3
489,a,100.0,100.0,4.5,453,259,0,0,0,0,1.2,164,51,0,0,0.0,502,207,0,0,0.0,502,207,0.0,0.0,0,29969,323,90567,4212,0.0,0.0,0.0,0.0,0.0,0.0,0.0,0.0,0.0,0.0,0.0,473,188,0.0,470,195,0.0,419,167,0.0,478,190,,,,5,,Ryan,Yates,Yates,,,0,0,0,0,0,0,0,0,0,0,0,0,0,,,,0.0,0.0,0.0,0.0,0.0,0,0,0
490,a,,,5.8,96,25,0,0,-2,2,0.9,193,31,4,1,1.0,389,45,0,13,0.8,297,31,0.1,0.7,0,23527,948,113225,3378,0.8,0.8,0.12,0.01,0.13,0.53,0.17,0.01,0.18,0.77,0.2,387,43,2.5,305,38,3.0,297,41,0.4,372,42,,,2.0,5,,Chris,Wood,Wood,,,62,0,0,0,1,0,0,0,0,0,0,0,1,,,,0.0,0.0,1.45,0.0,1.45,0,0,1
491,a,,,5.8,107,27,0,0,-2,2,2.7,110,18,12,1,2.4,199,20,2,53,2.4,169,16,0.4,2.1,0,123060,4060,260419,13074,2.4,2.4,1.25,0.08,1.33,2.61,0.44,0.03,0.47,0.91,51.4,153,11,31.5,154,15,86.0,29,11,16.9,78,12,,,4.0,5,,Igor Jesus,Maciel da Cruz,Igor Jesus,,,257,1,0,0,3,0,0,0,1,0,0,2,15,,,,0.0,0.0,1.05,0.7,5.25,2,5,8
493,a,,,5.4,198,45,0,0,-1,1,0.1,494,70,1,0,1.0,377,42,0,3,0.2,412,49,0.0,0.2,0,2925,115,3923,223,0.2,0.2,0.0,0.0,0.0,0.0,0.0,0.0,0.0,0.0,0.0,629,69,0.0,632,73,0.0,619,70,0.0,633,72,,,,5,,Arnaud,Kalimuendo,Kalimuendo,,,1,0,0,0,0,0,0,0,0,0,0,0,0,,,,0.0,0.0,0.0,0.0,0.0,0,0,0
558,a,,,5.0,257,160,0,0,0,0,0.1,401,147,13,2,2.6,180,79,0,70,2.6,148,66,0.5,2.6,0,5797,117,5447,430,2.6,2.6,0.19,0.18,0.37,4.43,0.05,0.04,0.09,1.06,54.8,139,48,19.2,199,111,27.0,129,66,10.2,171,81,3.0,,,5,,Xaver,Schlager,Schlager,,,376,0,0,1,5,0,0,0,1,0,0,4,49,,,,0.0,0.24,1.2,0.96,11.73,17,11,21
581,a,,,5.4,212,28,0,0,-1,1,0.5,242,92,7,2,2.3,204,81,0,17,1.4,248,90,0.3,1.3,0,12896,774,40576,1111,1.4,1.4,0.16,0.01,0.17,1.45,0.09,0.01,0.1,0.8,24.6,242,100,0.4,361,137,11.0,217,75,3.6,290,110,,,,5,,Ousmane,Diomande,Diomande,,,163,0,0,0,2,0,0,0,0,0,0,2,19,,,,0.0,0.0,1.1,1.1,10.49,1,18,10
590,a,,,4.5,473,36,0,0,0,0,0.1,459,51,0,0,0.0,511,62,0,0,0.0,511,62,0.0,0.0,0,2610,70,2722,121,0.0,0.0,0.0,0.0,0.0,0.0,0.0,0.0,0.0,0.0,0.0,482,62,0.0,480,47,0.0,431,43,0.0,487,62,,,,5,,Steven,Benda,Benda,,,0,0,0,0,0,0,0,0,0,0,0,0,0,,,,0.0,0.0,0.0,0.0,0.0,0,0,0
112,a,,,4.9,382,70,0,0,-1,1,6.6,58,23,24,6,4.8,64,29,2,85,4.8,52,24,1.0,4.9,0,143425,7256,458726,13331,4.8,4.8,0.69,0.42,1.11,7.78,0.14,0.08,0.22,1.56,109.8,28,10,44.5,108,29,53.0,69,12,20.7,46,5,,,,5,,Jan Paul,van Hecke,Van Hecke,,,450,1,0,2,8,0,0,0,1,0,0,5,43,,,,0.0,0.4,1.6,1.0,8.6,10,33,17
147,a,,,4.4,553,137,0,0,-1,1,0.2,365,140,1,0,1.0,309,114,0,5,0.2,384,137,0.0,0.2,0,1952,60,7625,273,0.2,0.2,0.0,0.0,0.0,0.03,0.0,0.0,0.0,0.54,9.0,304,120,0.2,370,139,0.0,391,164,0.9,349,128,,,,5,,Tosin,Adarabioyo,Tosin,,,5,0,0,0,0,0,0,0,0,0,0,0,4,,,,0.0,0.0,0.0,0.0,72.0,2,2,1
401,a,,,7.0,27,9,0,0,0,0,2.1,124,20,8,2,2.0,245,27,0,37,1.6,232,23,0.2,1.1,0,227688,5209,153652,12519,1.6,1.6,0.38,0.15,0.53,3.84,0.1,0.04,0.14,1.02,12.4,285,28,49.1,98,9,52.0,71,17,11.1,155,20,,5.0,2.0,5,,Omar,Marmoush,Marmoush,,,339,0,0,2,5,0,0,0,0,0,0,4,13,,,,0.0,0.53,1.33,1.06,3.45,2,0,11
403,a,100.0,100.0,6.5,41,28,0,0,0,0,0.7,220,69,8,2,2.7,178,77,0,66,1.6,231,108,0.2,1.2,0,98320,1408,76781,4018,1.6,1.6,0.41,0.7,1.11,2.76,0.15,0.26,0.41,1.04,27.0,232,94,71.0,54,45,43.0,94,53,14.2,110,58,4.0,,,5,,Sávio,Moreira de Oliveira,Sávio,,,240,0,0,2,3,0,0,0,0,0,0,3,11,,,,0.0,0.75,1.12,1.12,4.12,0,3,8
455,a,100.0,100.0,5.3,223,141,-1,1,-2,2,1.9,131,39,14,2,2.8,169,70,0,86,2.8,136,60,0.5,2.6,0,46737,1148,263450,8843,2.8,2.8,0.24,0.61,0.85,7.72,0.05,0.13,0.18,1.63,46.2,166,63,71.4,52,43,18.0,165,86,13.6,118,60,,,,5,,Sandro,Tonali,Tonali,,,427,0,0,2,8,0,0,0,0,0,0,5,42,,,,0.0,0.42,1.69,1.05,8.85,11,11,20
494,u,0.0,0.0,4.5,448,31,0,0,0,0,0.1,379,41,0,0,0.0,500,58,0,0,0.0,500,58,0.0,0.0,0,0,0,21753,370,0.0,0.0,0.0,0.0,0.0,0.0,0.0,0.0,0.0,0.0,0.0,471,58,0.0,468,42,0.0,417,38,0.0,476,58,,,,5,,Guglielmo,Vicario,Vicario,Has joined Juventus on loan for the rest of the season,,0,0,0,0,0,0,0,0,0,0,0,0,0,,,,0.0,0.0,0.0,0.0,0.0,0,0,0
495,a,,,4.0,608,62,0,0,0,0,1.0,179,28,0,0,0.0,440,38,0,0,0.0,440,38,0.0,0.0,0,28716,1065,20783,1098,0.0,0.0,0.0,0.0,0.0,0.0,0.0,0.0,0.0,0.0,0.0,409,37,0.0,403,18,0.0,343,14,0.0,414,37,,,,5,,Brandon,Austin,Austin,,,0,0,0,0,0,0,0,0,0,0,0,0,0,,,,0.0,0.0,0.0,0.0,0.0,0,0,0
496,a,,,4.5,487,40,0,0,0,0,17.7,22,3,18,2,3.6,111,12,0,77,3.6,91,11,0.8,4.0,0,337368,8214,746623,64396,3.6,3.6,0.0,0.0,0.0,7.78,0.0,0.0,0.0,1.56,77.6,77,15,10.0,248,2,0.0,440,47,8.8,194,10,,,,5,,Antonín,Kinský,Kinsky,,,450,0,0,2,8,0,0,0,0,0,12,5,0,,,,2.4,0.4,1.6,1.0,0.0,0,10,34
497,a,,,4.0,591,53,0,0,0,0,17.3,23,4,0,0,0.0,428,29,0,0,0.0,428,29,0.0,0.0,0,384285,13646,416528,23878,0.0,0.0,0.0,0.0,0.0,0.0,0.0,0.0,0.0,0.0,0.0,396,28,0.0,388,9,0.0,328,5,0.0,400,28,,,,5,,Martin,Dubravka,Dubravka,,,0,0,0,0,0,0,0,0,0,0,0,0,0,,,,0.0,0.0,0.0,0.0,0.0,0,0,0
498,a,,,5.8,101,10,0,0,-2,2,3.6,91,35,3,0,3.0,153,63,0,10,0.6,333,119,0.1,0.5,0,28753,609,448114,11651,0.6,0.6,0.0,0.02,0.02,3.87,0.0,0.02,0.02,3.87,36.6,199,83,2.2,309,112,0.0,642,215,3.9,284,107,,,,5,,Marcos,Senesi Barón,Senesi,,,90,0,0,0,3,0,0,0,0,0,0,1,16,,,,0.0,0.0,3.0,1.0,16.0,5,11,2
499,d,75.0,100.0,5.4,194,25,0,0,-1,1,8.0,48,17,9,1,3.0,146,61,1,33,1.8,211,76,0.3,1.7,0,124100,1326,957645,39897,1.4,1.8,0.37,0.16,0.53,1.68,0.17,0.07,0.24,0.76,22.6,248,103,43.7,114,30,27.0,130,38,9.3,184,69,3.0,1.0,,5,,Pedro,Porro Sauceda,Pedro Porro,Hamstring injury - 75% chance of playing,,198,0,0,1,2,0,0,0,0,0,0,3,9,,,,0.0,0.45,0.91,1.36,4.09,3,6,5
500,u,0.0,0.0,5.0,267,41,0,0,0,0,0.1,435,160,0,0,0.0,600,209,0,0,0.0,600,209,0.0,0.0,0,0,0,16652,138,0.0,0.0,0.0,0.0,0.0,0.0,0.0,0.0,0.0,0.0,0.0,581,209,0.0,585,209,0.0,557,206,0.0,586,209,,,,5,,Cristian,Romero,Romero,Has joined Atletico Madrid permanently,,0,0,0,0,0,0,0,0,0,0,0,0,0,,,,0.0,0.0,0.0,0.0,0.0,0,0,0
502,a,,,4.4,555,138,0,0,-1,1,2.6,112,44,17,4,3.4,120,49,1,68,3.4,97,37,0.8,3.9,0,64646,2974,177568,6892,3.4,3.4,0.13,0.43,0.56,7.05,0.03,0.11,0.14,1.73,59.8,123,59,67.8,56,8,35.0,114,30,16.2,85,22,1.0,,,5,,Andrew,Robertson,Robertson,,,366,0,1,1,7,0,0,0,0,0,0,4,20,,,,0.0,0.25,1.72,0.98,4.92,5,15,15
503,a,100.0,100.0,5.0,302,51,0,0,0,0,3.9,88,34,16,1,4.0,93,40,3,69,3.2,101,39,0.6,3.2,0,91307,2851,258075,10834,3.2,3.2,0.59,0.05,0.64,3.91,0.15,0.01,0.16,0.98,51.6,150,67,6.4,261,93,14.0,196,64,7.2,215,79,,,,5,,Micky,van de Ven,Van de Ven,,,360,0,0,2,5,0,0,0,1,0,0,4,29,,,,0.0,0.5,1.25,1.0,7.25,5,24,17
505,u,0.0,0.0,4.5,462,104,0,0,0,0,0.2,317,118,0,0,0.0,507,189,0,0,0.0,507,189,0.0,0.0,0,0,0,68682,596,0.0,0.0,0.0,0.0,0.0,0.0,0.0,0.0,0.0,0.0,0.0,478,186,0.0,475,186,0.0,425,175,0.0,483,186,,,,5,,Djed,Spence,Spence,Has joined Internazionale permanently,,0,0,0,0,0,0,0,0,0,0,0,0,0,,,,0.0,0.0,0.0,0.0,0.0,0,0,0
506,a,100.0,100.0,4.4,569,150,0,0,-1,1,0.3,279,102,7,0,2.3,200,79,0,21,1.4,239,87,0.3,1.6,0,5438,199,21720,890,1.4,1.4,0.0,0.23,0.23,1.17,0.0,0.24,0.24,1.22,9.8,302,119,13.5,223,77,4.0,279,101,2.7,301,112,,,,5,,Destiny,Udogie,Udogie,,,86,0,0,1,1,0,0,0,1,0,0,1,4,,,,0.0,1.05,1.05,1.05,4.19,1,3,4
507,u,0.0,0.0,4.5,504,125,0,0,0,0,0.0,598,202,0,0,0.0,529,197,0,0,0.0,529,197,0.0,0.0,0,0,0,1241,26,0.0,0.0,0.0,0.0,0.0,0.0,0.0,0.0,0.0,0.0,0.0,500,194,0.0,500,194,0.0,456,187,0.0,505,194,,,,5,,Ashley,Phillips,Phillips,Has joined Middlesbrough permanently,,0,0,0,0,0,0,0,0,0,0,0,0,0,,,,0.0,0.0,0.0,0.0,0.0,0,0,0
508,a,,,3.9,662,212,-1,1,-1,1,0.9,198,76,0,0,0.0,420,147,0,0,0.0,420,147,0.0,0.0,0,15450,3654,39247,1804,0.0,0.0,0.0,0.0,0.0,0.0,0.0,0.0,0.0,0.0,0.0,388,142,0.0,380,140,0.0,319,120,0.0,392,141,,,,5,,Ben,Davies,Davies,,,0,0,0,0,0,0,0,0,0,0,0,0,0,,,,0.0,0.0,0.0,0.0,0.0,0,0,0
509,a,,,4.0,658,208,0,0,0,0,0.1,478,171,0,0,0.0,476,178,0,0,0.0,476,178,0.0,0.0,0,2280,65,2469,125,0.0,0.0,0.0,0.0,0.0,0.0,0.0,0.0,0.0,0.0,0.0,446,175,0.0,440,175,0.0,383,159,0.0,451,175,,,,5,,Jun'ai,Byfield,Byfield,,,0,0,0,0,0,0,0,0,0,0,0,0,0,,,,0.0,0.0,0.0,0.0,0.0,0,0,0
510,a,,,4.0,634,186,0,0,0,0,0.1,434,159,0,0,0.0,457,161,0,0,0.0,457,161,0.0,0.0,0,2796,67,3290,162,0.0,0.0,0.0,0.0,0.0,0.0,0.0,0.0,0.0,0.0,0.0,426,157,0.0,420,157,0.0,360,138,0.0,431,157,,,,5,,James,Rowswell,Rowswell,,,0,0,0,0,0,0,0,0,0,0,0,0,0,,,,0.0,0.0,0.0,0.0,0.0,0,0,0
511,u,0.0,0.0,4.0,657,207,0,0,0,0,0.2,360,136,0,0,0.0,475,177,0,0,0.0,475,177,0.0,0.0,0,2555,0,16457,471,0.0,0.0,0.0,0.0,0.0,0.0,0.0,0.0,0.0,0.0,0.0,445,174,0.0,439,174,0.0,382,158,0.0,450,174,,,,5,,João Victor,de Souza Menezes,Souza,Has joined FC Porto on loan for the rest of the season,,0,0,0,0,0,0,0,0,0,0,0,0,0,,,,0.0,0.0,0.0,0.0,0.0,0,0,0
512,a,100.0,100.0,6.5,40,27,0,0,0,0,0.1,370,132,7,4,1.8,259,115,0,49,1.4,252,115,0.2,1.1,0,11898,1104,10506,551,1.4,1.4,0.11,0.42,0.53,1.46,0.08,0.31,0.39,1.07,12.4,284,120,31.2,157,95,19.0,162,85,6.3,235,106,6.0,3.0,3.0,5,,Mohammed,Kudus,Kudus,,,123,0,1,0,3,0,0,0,0,0,0,0,14,,,,0.0,0.0,2.2,0.0,10.24,3,0,11
513,i,0.0,0.0,5.9,91,58,0,0,-1,1,0.0,599,251,0,0,0.0,658,292,0,0,0.0,658,292,0.0,0.0,0,319,27,1076,35,0.0,0.0,0.0,0.0,0.0,0.0,0.0,0.0,0.0,0.0,0.0,654,290,0.0,657,290,0.0,651,288,0.0,656,290,,2.0,4.0,5,,Xavi,Simons,Xavi,Knee injury - Unknown return date,,0,0,0,0,0,0,0,0,0,0,0,0,0,,,,0.0,0.0,0.0,0.0,0.0,0,0,0
514,a,,,5.7,117,75,-1,1,-3,3,0.2,335,118,8,0,2.0,239,105,0,41,1.6,229,106,0.3,1.4,0,9031,99,46013,1196,1.6,1.6,0.21,0.23,0.44,5.55,0.07,0.08,0.15,1.94,21.6,253,106,52.7,86,58,72.0,44,26,14.6,106,56,5.0,4.0,,5,,Mathys,Tel,Tel,,,257,0,0,1,4,0,0,0,0,0,0,3,13,,,,0.0,0.35,1.4,1.05,4.55,1,1,11
515,a,100.0,100.0,6.3,45,30,0,0,-2,2,0.4,267,89,3,1,1.0,396,190,0,18,0.6,336,158,0.1,0.5,0,5427,378,95289,1036,0.6,0.6,0.06,0.04,0.1,1.03,0.09,0.06,0.15,1.57,11.2,292,122,12.1,235,125,8.0,242,120,3.2,296,133,,,,5,,James,Maddison,Maddison,,,59,0,0,0,2,0,0,0,0,0,0,0,11,,,,0.0,0.0,3.05,0.0,16.78,4,3,4
516,a,,,5.5,134,81,0,0,0,0,0.2,352,125,15,4,3.0,149,61,0,69,3.0,116,51,0.5,2.7,0,4934,170,7999,342,3.0,3.0,0.02,0.12,0.14,5.59,0.0,0.03,0.03,1.36,58.4,127,41,33.0,147,90,6.0,261,130,9.9,175,84,,,,5,,Rodrigo,Bentancur,Bentancur,,,370,0,0,2,6,0,0,0,0,0,0,4,60,,,,0.0,0.49,1.46,0.97,14.59,15,22,23
517,i,0.0,0.0,5.5,163,102,0,0,0,0,0.0,659,292,0,0,0.0,650,286,0,0,0.0,650,286,0.0,0.0,0,113,11,102,7,0.0,0.0,0.0,0.0,0.0,0.0,0.0,0.0,0.0,0.0,0.0,644,283,0.0,649,284,0.0,638,279,0.0,647,283,,,,5,,Wilson,Odobert,Odobert,Knee injury - Unknown return date,,0,0,0,0,0,0,0,0,0,0,0,0,0,,,,0.0,0.0,0.0,0.0,0.0,0,0,0
518,u,0.0,0.0,4.9,384,229,0,0,-1,1,0.1,447,172,0,0,0.0,584,245,0,0,0.0,584,245,0.0,0.0,0,4138,0,23453,386,0.0,0.0,0.0,0.0,0.0,0.0,0.0,0.0,0.0,0.0,0.0,563,230,0.0,564,236,0.0,527,210,0.0,568,232,,,,5,,Pape Matar,Sarr,P.M.Sarr,Has joined Juventus on loan for the rest of the season,,0,0,0,0,0,0,0,0,0,0,0,0,0,,,,0.0,0.0,0.0,0.0,0.0,0,0,0
519,a,,,5.3,221,139,0,0,-2,2,0.2,341,121,9,6,3.0,144,59,0,48,1.8,210,97,0.3,1.7,0,4299,443,16714,326,1.8,1.8,0.37,0.12,0.49,2.65,0.25,0.08,0.33,1.78,10.2,299,129,9.9,249,130,3.0,295,145,2.2,319,146,,,,5,,Conor,Gallagher,Gallagher,,,134,1,0,1,2,0,0,0,1,0,0,2,18,,,,0.0,0.67,1.34,1.34,12.09,8,1,9
520,a,,,5.4,213,135,0,0,-1,1,0.1,373,134,3,1,1.0,383,180,0,13,0.6,332,155,0.1,0.6,0,1830,50,9252,319,0.6,0.6,0.06,0.27,0.33,2.21,0.07,0.31,0.38,2.55,8.0,314,142,9.9,250,131,9.0,234,117,2.3,317,145,,,,5,,Lucas,Bergvall,Bergvall,,,78,0,0,0,2,0,0,0,0,0,0,1,13,,,,0.0,0.0,2.31,1.15,15.0,3,1,9
521,i,0.0,0.0,6.5,38,26,0,0,0,0,0.0,614,261,0,0,0.0,663,297,0,0,0.0,663,297,0.0,0.0,0,330,24,696,31,0.0,0.0,0.0,0.0,0.0,0.0,0.0,0.0,0.0,0.0,0.0,662,296,0.0,663,296,0.0,661,296,0.0,662,296,,,,5,,Dejan,Kulusevski,Kulusevski,Knee injury - Unknown return date,,0,0,0,0,0,0,0,0,0,0,0,0,0,,,,0.0,0.0,0.0,0.0,0.0,0,0,0
522,a,,,4.9,396,239,0,0,-1,1,0.2,348,123,9,2,2.2,214,93,0,51,1.8,207,96,0.4,1.8,0,6643,266,12823,652,1.8,1.8,0.23,0.05,0.28,6.11,0.07,0.01,0.08,1.79,17.6,268,112,11.5,239,126,10.0,223,111,3.9,283,125,,,,5,,Archie,Gray,Gray,,,307,0,0,1,7,0,0,0,0,0,0,3,27,,,,0.0,0.29,2.05,0.88,7.92,5,10,12
523,u,0.0,0.0,5.0,307,183,0,0,0,0,0.1,485,190,3,0,1.5,273,121,0,11,0.6,322,149,0.1,0.6,0,3258,0,16801,316,0.0,0.0,0.4,0.02,0.42,3.26,0.4,0.02,0.42,3.3,14.2,274,115,6.3,263,136,56.0,64,41,7.5,211,96,,,,5,,Mikey,Moore,Moore,Has joined FC Köln on loan for the rest of the season,,89,0,0,0,4,0,0,0,0,0,0,1,3,,,,0.0,0.0,4.04,1.01,3.03,1,0,2
525,a,,,5.7,118,76,-1,1,-3,3,0.8,203,64,7,1,1.4,278,125,0,50,1.4,249,113,0.2,1.2,0,14213,232,121962,3875,1.4,1.4,0.19,0.28,0.47,4.43,0.07,0.1,0.17,1.6,24.2,243,101,86.9,35,30,25.0,136,70,13.5,122,62,2.0,,,5,,Mateus,Fernandes,Fernandes,,,249,0,0,1,4,0,0,0,1,0,0,3,21,,,,0.0,0.36,1.45,1.08,7.59,7,2,12
526,a,,,5.8,97,26,0,0,-2,2,0.8,200,32,7,2,1.4,279,32,0,21,1.4,250,27,0.2,1.2,0,28464,917,91997,2946,1.4,1.4,0.56,0.01,0.57,2.57,0.3,0.01,0.31,1.36,3.2,357,38,4.9,276,33,21.0,152,28,2.7,305,33,,,1.0,5,,Dominic,Solanke-Mitchell,Solanke,,,170,0,0,1,1,0,0,0,0,0,0,2,9,,,,0.0,0.53,0.53,1.06,4.76,2,2,5
527,u,0.0,0.0,5.9,83,22,0,0,-1,1,0.7,221,35,2,0,2.0,241,25,0,6,0.4,370,44,0.1,0.3,0,21439,0,265567,3084,0.0,0.0,0.0,0.0,0.0,3.02,0.0,0.0,0.0,4.06,0.0,651,74,2.2,310,39,0.0,648,75,0.2,385,44,,,,5,,Richarlison,de Andrade,Richarlison,not included in squad.,,67,0,0,0,3,0,0,0,0,0,0,1,1,,,,0.0,0.0,4.03,1.34,1.34,0,1,0
528,u,0.0,0.0,4.5,490,66,0,0,0,0,1.1,168,27,0,0,0.0,516,51,0,0,0.0,516,51,0.0,0.0,0,42525,0,106089,4522,0.0,0.0,0.0,0.0,0.0,0.0,0.0,0.0,0.0,0.0,0.0,487,44,0.0,487,50,0.0,443,43,0.0,492,47,,,,5,,Dane,Scarlett,Scarlett,Has joined Leyton Orient permanently,,0,0,0,0,0,0,0,0,0,0,0,0,0,,,,0.0,0.0,0.0,0.0,0.0,0,0,0
578,i,0.0,0.0,5.3,228,143,-1,1,-2,2,0.0,506,200,1,0,1.0,364,164,0,3,0.2,407,190,0.0,0.2,0,5433,13,7365,317,0.0,0.0,0.0,0.0,0.0,0.16,0.0,0.0,0.0,0.9,0.0,619,265,0.1,377,186,2.0,309,151,0.1,390,182,,,,5,,Mykhailo,Mudryk,Mudryk,Ankle injury - Unknown return date,,16,0,0,0,0,0,0,0,0,0,0,0,0,,,,0.0,0.0,0.0,0.0,0.0,0,0,0
601,a,,,4.5,530,277,0,0,0,0,0.1,383,140,0,0,0.0,548,221,0,0,0.0,548,221,0.0,0.0,0,10177,95,6692,409,0.0,0.0,0.0,0.0,0.0,0.0,0.0,0.0,0.0,0.0,0.0,520,202,0.0,519,209,0.0,476,181,0.0,525,204,,,,5,,Luca,Williams-Barnett,Williams-Barnett,,,0,0,0,0,0,0,0,0,0,0,0,0,0,,,,0.0,0.0,0.0,0.0,0.0,0,0,0
529,a,,,4.9,387,21,0,0,-1,1,2.5,116,18,11,0,2.2,213,17,0,41,2.2,176,16,0.4,2.2,0,20963,1114,172265,6140,2.2,2.2,0.0,0.01,0.01,8.66,0.0,0.0,0.0,1.73,59.0,126,20,0.0,566,61,0.0,529,59,5.9,243,20,,,,5,,Robin,Roefs,Roefs,,,450,0,0,1,10,0,0,0,0,0,6,5,0,,,,1.2,0.2,2.0,1.0,0.0,0,7,35
530,u,0.0,0.0,4.0,614,63,0,0,0,0,0.1,394,45,0,0,0.0,443,39,0,0,0.0,443,39,0.0,0.0,0,0,0,5839,187,0.0,0.0,0.0,0.0,0.0,0.0,0.0,0.0,0.0,0.0,0.0,412,38,0.0,406,19,0.0,346,15,0.0,417,38,,,,5,,Anthony,Patterson,Patterson,Has joined Wrexham permanently,,0,0,0,0,0,0,0,0,0,0,0,0,0,,,,0.0,0.0,0.0,0.0,0.0,0,0,0
531,a,,,4.5,499,43,0,0,0,0,0.1,445,50,0,0,0.0,524,65,0,0,0.0,524,65,0.0,0.0,0,1102,63,3197,116,0.0,0.0,0.0,0.0,0.0,0.0,0.0,0.0,0.0,0.0,0.0,495,65,0.0,495,52,0.0,451,50,0.0,500,65,,,,5,,Melker,Ellborg,Ellborg,,,0,0,0,0,0,0,0,0,0,0,0,0,0,,,,0.0,0.0,0.0,0.0,0.0,0,0,0
532,a,,,4.9,363,64,0,0,-1,1,2.6,111,43,14,2,2.8,162,67,0,31,2.8,129,48,0.6,2.9,0,43808,1909,308693,8125,2.8,2.8,0.31,0.16,0.47,8.66,0.06,0.03,0.09,1.73,75.8,83,37,23.5,178,57,24.0,137,41,12.3,138,50,,,,5,,Daniel,Ballard,Ballard,,,450,0,0,1,10,0,0,0,2,0,0,5,49,,,,0.0,0.2,2.0,1.0,9.8,10,39,12
533,a,100.0,100.0,5.4,178,20,0,0,-1,1,1.9,127,52,13,0,3.2,130,55,1,44,2.6,151,56,0.5,2.4,0,42155,2824,125523,4418,2.6,2.6,0.75,0.28,1.03,6.86,0.19,0.07,0.26,1.72,85.4,68,30,17.9,201,65,48.0,82,16,15.1,98,31,,,,5,,Nordi,Mukiele,Mukiele,,,360,0,0,1,8,0,0,0,1,0,0,4,48,,,,0.0,0.25,2.0,1.0,12.0,13,35,16
534,a,,,4.3,582,157,-1,1,-2,2,2.9,105,40,10,1,2.5,187,73,0,44,2.0,185,68,0.5,2.3,0,37406,780,386220,18545,2.0,2.0,0.14,0.29,0.43,4.57,0.06,0.13,0.19,2.0,31.8,219,96,58.6,73,15,15.0,178,58,10.6,166,64,3.0,,,5,,Trai,Hume,Hume,,,206,0,0,1,2,0,0,0,0,0,0,2,13,,,,0.0,0.44,0.87,0.87,5.68,10,3,12
535,a,100.0,100.0,4.8,411,75,-1,1,-2,2,0.2,313,116,1,0,1.0,326,126,0,2,0.2,392,143,0.0,0.2,0,4877,123,26858,582,0.2,0.2,0.0,0.01,0.01,0.1,0.0,0.04,0.04,0.39,0.0,539,202,0.6,349,132,0.0,498,197,0.0,544,202,,,,5,,Omar,Alderete,Alderete,,,23,0,0,0,1,0,0,0,0,0,0,0,0,,,,0.0,0.0,3.91,0.0,0.0,0,0,2
536,a,100.0,0.0,4.4,565,146,-1,1,-1,1,0.3,307,114,7,0,1.8,248,91,0,37,1.4,238,86,0.3,1.6,0,3928,65,23960,1160,1.4,0.0,0.0,0.32,0.32,5.05,0.0,0.08,0.08,1.26,53.8,142,65,36.4,139,40,6.0,252,89,9.5,180,66,,,,5,,Reinildo,Mandava,Reinildo,,,360,0,0,1,5,0,0,0,0,1,0,4,29,,,,0.0,0.25,1.25,1.0,7.25,8,21,18
537,u,0.0,0.0,4.5,500,124,0,0,0,0,0.0,635,211,0,0,0.0,525,196,0,0,0.0,525,196,0.0,0.0,0,61,0,650,8,0.0,0.0,0.0,0.0,0.0,0.0,0.0,0.0,0.0,0.0,0.0,496,193,0.0,496,193,0.0,452,186,0.0,501,193,,,,5,,Jenson,Seelt,Seelt,Has joined Swansea City on loan for the rest of the season,,0,0,0,0,0,0,0,0,0,0,0,0,0,,,,0.0,0.0,0.0,0.0,0.0,0,0,0
539,a,,,3.9,663,213,-1,1,-1,1,2.5,118,46,1,0,1.0,296,103,0,1,0.2,377,130,0.1,0.3,0,24105,9362,115823,5923,0.2,0.2,0.01,0.01,0.02,1.69,0.01,0.01,0.02,2.3,11.4,288,116,1.4,324,117,4.0,276,98,1.7,330,119,,,,5,,Luke,O'Nien,O'Nien,,,66,0,0,0,1,0,0,0,1,0,0,1,5,,,,0.0,0.0,1.36,1.36,6.82,1,4,4
540,u,0.0,0.0,4.0,596,163,0,0,0,0,0.1,377,144,0,0,0.0,433,152,0,0,0.0,433,152,0.0,0.0,0,0,0,11301,368,0.0,0.0,0.0,0.0,0.0,0.0,0.0,0.0,0.0,0.0,0.0,401,147,0.0,393,145,0.0,333,126,0.0,405,146,,,,5,,Arthur,Masuaku,Masuaku,Has joined Konyaspor permanently,,0,0,0,0,0,0,0,0,0,0,0,0,0,,,,0.0,0.0,0.0,0.0,0.0,0,0,0
541,a,100.0,100.0,4.5,434,86,0,0,0,0,0.3,301,110,14,3,2.8,160,65,0,42,2.8,126,45,0.6,3.1,0,6260,859,9146,394,2.8,2.8,0.34,0.58,0.92,5.94,0.08,0.13,0.21,1.35,47.4,164,70,28.6,161,49,41.0,97,23,11.8,146,55,,,,5,,Thomas,Meunier,Meunier,,,396,0,1,1,8,0,0,0,0,0,0,5,20,,,,0.0,0.23,1.82,1.14,4.55,4,16,15
542,a,,,5.7,115,73,-1,1,-3,3,3.4,96,33,18,5,3.6,112,44,1,90,3.6,92,37,0.6,3.2,0,38688,5116,641588,15013,3.6,3.6,2.06,1.34,3.4,8.46,0.42,0.28,0.7,1.74,54.8,140,49,64.5,59,48,80.0,38,22,20.1,49,36,1.0,3.0,2.0,5,,Enzo,Le Fée,E.Le Fée,,,438,1,1,1,9,0,0,1,0,0,0,5,21,,,,0.0,0.21,1.85,1.03,4.32,7,3,11
543,i,0.0,0.0,5.4,211,134,0,0,-1,1,0.0,556,229,5,0,2.5,190,82,0,18,1.0,280,128,0.2,0.9,0,544,6,5788,105,0.0,0.0,0.03,0.16,0.19,0.12,0.1,0.51,0.61,0.39,15.6,272,114,10.9,242,128,2.0,312,154,2.9,298,135,,,1.0,5,,Habib,Diarra,Diarra,Hamstring injury - Unknown return date,,28,0,1,0,1,0,0,0,0,0,0,0,0,,,,0.0,0.0,3.21,0.0,0.0,0,0,0
544,a,,,5.5,124,79,0,0,0,0,3.7,90,31,21,2,4.2,83,35,5,116,4.2,73,29,0.8,3.8,0,127654,3122,198288,13199,4.2,4.2,0.06,1.32,1.38,8.66,0.01,0.26,0.27,1.73,69.0,99,32,153.8,6,6,3.0,296,146,22.6,38,27,2.0,2.0,,5,,Granit,Xhaka,Xhaka,,,450,0,1,1,10,0,0,0,2,0,0,5,54,,,,0.0,0.2,2.0,1.0,10.8,9,12,33
552,a,,,5.7,113,29,-1,1,-3,3,6.2,61,9,24,17,4.8,68,6,3,113,4.8,56,6,0.8,4.2,0,187745,96287,902593,16421,4.8,4.8,2.94,0.11,3.05,8.18,0.66,0.02,0.68,1.85,4.4,342,34,52.9,84,7,58.0,61,15,11.3,150,19,,,,5,,Brian,Brobbey,Brobbey,,,399,3,0,1,9,0,0,0,1,0,0,5,11,,,,0.0,0.23,2.03,1.13,2.48,0,1,10
501,a,,,5.0,245,36,0,0,0,0,0.2,362,138,3,0,1.0,346,132,0,7,0.6,320,116,0.1,0.6,0,6019,594,9432,395,0.6,0.6,0.07,0.17,0.24,5.91,0.02,0.06,0.08,1.97,37.6,193,81,21.9,188,61,2.0,305,115,6.2,237,87,,,,5,,Kevin,Danso,Danso,,,270,0,0,0,8,0,0,0,0,0,0,3,20,,,,0.0,0.0,2.67,1.0,6.67,1,19,11
553,a,,,5.5,143,38,0,0,0,0,1.3,161,25,15,1,3.0,150,14,3,51,3.0,117,11,0.5,2.7,0,93723,1421,81616,6462,3.0,3.0,1.49,0.01,1.5,3.78,1.15,0.01,1.16,2.91,30.6,221,20,0.7,347,43,35.0,115,25,6.6,229,25,,,,5,,Wilson,Isidor,Isidor,,,117,1,1,0,3,0,0,0,0,0,0,0,5,,,,0.0,0.0,2.31,0.0,3.85,2,0,3
612,a,100.0,100.0,4.5,541,136,0,0,0,0,0.0,616,207,-1,-1,-1.0,667,217,0,-8,-0.2,667,217,0.0,-0.2,0,848,59,459,33,-0.2,-0.2,0.03,0.01,0.04,2.82,0.03,0.01,0.04,2.82,0.0,528,199,0.0,527,199,0.0,486,194,0.0,533,199,,,,5,,Dayann,Méthalie,Methalie,,,90,0,0,0,5,0,0,0,1,0,0,1,3,,,,0.0,0.0,5.0,1.0,3.0,1,2,4
613,a,,,4.5,549,290,0,0,0,0,0.2,315,111,0,0,0.0,562,232,0,0,0.0,562,232,0.0,0.0,0,25103,308,13583,885,0.0,0.0,0.0,0.0,0.0,0.0,0.0,0.0,0.0,0.0,0.0,536,214,0.0,535,221,0.0,494,193,0.0,541,216,,,,5,,Jules,Ahoka,Ahoka,,,0,0,0,0,0,0,0,0,0,0,0,0,0,,,,0.0,0.0,0.0,0.0,0.0,0,0,0
646,a,,,5.5,161,100,0,0,0,0,0.0,540,220,3,1,1.0,387,183,0,11,1.0,282,130,0.2,0.5,0,3902,166,1608,180,1.0,1.0,0.39,0.01,0.4,3.25,0.58,0.02,0.6,4.88,0.0,643,282,1.3,330,165,6.0,263,131,0.7,363,168,,,,5,,Malick,Fofana,Fofana,,,60,0,0,0,2,0,0,0,0,0,0,0,3,,,,0.0,0.0,3.0,0.0,4.5,1,0,2
651,a,,,4.5,545,79,0,0,0,0,0.7,211,34,0,0,0.0,558,63,0,0,0.0,558,63,0.0,0.0,0,87106,5238,26858,3843,0.0,0.0,0.0,0.0,0.0,0.0,0.0,0.0,0.0,0.0,0.0,532,57,0.0,531,62,0.0,490,56,0.0,537,60,,,,5,,Juan,Angulo,J.Angulo,,,0,0,0,0,0,0,0,0,0,0,0,0,0,,,,0.0,0.0,0.0,0.0,0.0,0,0,0
