id,first_name,second_name,web_name,status,news,news_added,now_cost,now_cost_rank,now_cost_rank_type,selected_by_percent,selected_rank,selected_rank_type,form,form_rank,form_rank_type,event_points,cost_change_event,cost_change_event_fall,cost_change_start,cost_change_start_fall,transfers_in_event,transfers_out_event,value_form,value_season,ep_next,ep_this,points_per_game,points_per_game_rank,points_per_game_rank_type,chance_of_playing_next_round,chance_of_playing_this_round,influence_rank,influence_rank_type,creativity_rank,creativity_rank_type,threat_rank,threat_rank_type,ict_index_rank,ict_index_rank_type,corners_and_indirect_freekicks_order,direct_freekicks_order,penalties_order,set_piece_threat,corners_and_indirect_freekicks_text,direct_freekicks_text,penalties_text,expected_goals_per_90,expected_assists_per_90,expected_goal_involvements_per_90,expected_goals_conceded_per_90,saves_per_90,clean_sheets_per_90,goals_conceded_per_90,starts_per_90,defensive_contribution_per_90,gw,total_points,minutes,goals_scored,assists,clean_sheets,goals_conceded,own_goals,penalties_saved,penalties_missed,yellow_cards,red_cards,saves,starts,bonus,bps,transfers_in,transfers_out,dreamteam_count,expected_goals,expected_assists,expected_goal_involvements,expected_goals_conceded,influence,creativity,threat,ict_index,tackles,clearances_blocks_interceptions,recoveries,defensive_contribution
31,Gabriel,Fernando de Jesus,G.Jesus,a,,,6.4,62,21.0,0.1,456,64.0,0.0,744.0,77.0,0,0,0.0,-1,1.0,5454,782,0.0,0.0,1.0,1.0,0.0,750.0,81.0,100.0,100.0,752.0,81.0,752.0,81.0,752.0,81.0,752.0,81.0,,,,,,,,0.0,0.0,0.0,0.0,0.0,0.0,0.0,0.0,0.0,15,0,0.0,0.0,0.0,0.0,0.0,0.0,0.0,0.0,0.0,0.0,0.0,0.0,0.0,0.0,5598.0,837.0,0.0,0.0,0.0,0.0,0.0,0.0,0.0,0.0,0.0,0.0,0.0,0.0,0.0
203,Enock,Agyei,Boateng,a,,,4.7,382,237.0,0.0,590,224.0,0.0,648.0,267.0,0,-1,1.0,-3,3.0,133,141,0.0,0.0,0.0,0.0,0.0,692.0,293.0,,,693.0,293.0,686.0,292.0,674.0,289.0,693.0,293.0,,,,,,,,0.0,0.0,0.0,0.0,0.0,0.0,0.0,0.0,0.0,15,0,0.0,0.0,0.0,0.0,0.0,0.0,0.0,0.0,0.0,0.0,0.0,0.0,0.0,0.0,144.0,173.0,0.0,0.0,0.0,0.0,0.0,0.0,0.0,0.0,0.0,0.0,0.0,0.0,0.0
2,Kepa,Arrizabalaga Revuelta,Arrizabalaga,a,,,4.1,615,38.0,0.4,265,34.0,0.0,493.0,72.0,0,-1,1.0,-4,4.0,653,1839,0.0,0.0,1.0,1.0,0.0,569.0,78.0,,,564.0,78.0,551.0,66.0,522.0,52.0,564.0,78.0,,,,,,,,0.0,0.0,0.0,0.0,0.0,0.0,0.0,0.0,0.0,15,0,0.0,0.0,0.0,0.0,0.0,0.0,0.0,0.0,0.0,0.0,0.0,0.0,0.0,0.0,757.0,2093.0,0.0,0.0,0.0,0.0,0.0,0.0,0.0,0.0,0.0,0.0,0.0,0.0,0.0
281,Kaden,Rodney,Rodney,a,,,4.4,522,307.0,0.0,582,218.0,0.0,560.0,203.0,0,0,0.0,-1,1.0,77,253,0.0,0.0,-0.5,0.0,0.0,616.0,238.0,,,611.0,232.0,602.0,232.0,583.0,228.0,612.0,233.0,,,,,,,,0.0,0.0,0.0,0.0,0.0,0.0,0.0,0.0,0.0,15,0,0.0,0.0,0.0,0.0,0.0,0.0,0.0,0.0,0.0,0.0,0.0,0.0,0.0,0.0,89.0,282.0,0.0,0.0,0.0,0.0,0.0,0.0,0.0,0.0,0.0,0.0,0.0,0.0,0.0
630,Tom,King,King,a,,,3.9,692,71.0,1.4,162,21.0,0.0,402.0,31.0,0,0,0.0,-1,1.0,2638,4795,0.0,0.0,0.0,0.0,0.0,480.0,37.0,,,476.0,37.0,460.0,24.0,428.0,10.0,475.0,37.0,,,,,,,,0.0,0.0,0.0,0.0,0.0,0.0,0.0,0.0,0.0,15,0,0.0,0.0,0.0,0.0,0.0,0.0,0.0,0.0,0.0,0.0,0.0,0.0,0.0,0.0,3117.0,5255.0,0.0,0.0,0.0,0.0,0.0,0.0,0.0,0.0,0.0,0.0,0.0,0.0,0.0
448,Tyrell,Malacia,Malacia,a,,,3.8,740,231.0,0.4,256,96.0,0.0,378.0,135.0,0,0,0.0,-2,2.0,3183,3545,0.0,0.0,0.0,0.0,0.0,459.0,162.0,,,455.0,165.0,438.0,163.0,404.0,149.0,453.0,163.0,,,,,,,,0.0,0.0,0.0,0.0,0.0,0.0,0.0,0.0,0.0,15,0,0.0,0.0,0.0,0.0,0.0,0.0,0.0,0.0,0.0,0.0,0.0,0.0,0.0,0.0,3942.0,3990.0,0.0,0.0,0.0,0.0,0.0,0.0,0.0,0.0,0.0,0.0,0.0,0.0,0.0
323,Samuel,Amissah,Amissah,a,,,3.8,757,248.0,0.1,406,152.0,0.0,391.0,148.0,0,0,0.0,-2,2.0,720,666,0.0,0.0,0.0,0.0,0.0,471.0,174.0,,,467.0,177.0,450.0,175.0,418.0,163.0,466.0,176.0,,,,,,,,0.0,0.0,0.0,0.0,0.0,0.0,0.0,0.0,0.0,15,0,0.0,0.0,0.0,0.0,0.0,0.0,0.0,0.0,0.0,0.0,0.0,0.0,0.0,0.0,865.0,731.0,0.0,0.0,0.0,0.0,0.0,0.0,0.0,0.0,0.0,0.0,0.0,0.0,0.0
472,Odysseas,Vlachodimos,Odysseas,u,Has joined Sevilla on loan for the rest of the season.,,4.0,625,44.0,0.0,681,80.0,0.0,442.0,53.0,0,0,0.0,0,0.0,0,56,0.0,0.0,0.0,0.0,0.0,519.0,59.0,0.0,0.0,514.0,59.0,500.0,47.0,469.0,33.0,514.0,59.0,,,,,,,,0.0,0.0,0.0,0.0,0.0,0.0,0.0,0.0,0.0,15,0,0.0,0.0,0.0,0.0,0.0,0.0,0.0,0.0,0.0,0.0,0.0,0.0,0.0,0.0,0.0,63.0,0.0,0.0,0.0,0.0,0.0,0.0,0.0,0.0,0.0,0.0,0.0,0.0,0.0
689,Seung-Soo,Park,Seung soo,a,,,4.4,538,317.0,0.2,350,120.0,0.0,575.0,212.0,0,0,0.0,-1,1.0,95,1173,0.0,0.0,0.0,0.0,0.0,630.0,246.0,,,626.0,241.0,617.0,241.0,598.0,237.0,627.0,242.0,,,,,,,,0.0,0.0,0.0,0.0,0.0,0.0,0.0,0.0,0.0,15,0,0.0,0.0,0.0,0.0,0.0,0.0,0.0,0.0,0.0,0.0,0.0,0.0,0.0,0.0,112.0,1293.0,0.0,0.0,0.0,0.0,0.0,0.0,0.0,0.0,0.0,0.0,0.0,0.0,0.0
463,Sékou,Koné,Kone,a,,,4.3,599,337.0,0.1,481,162.0,0.0,537.0,192.0,0,0,0.0,-2,2.0,425,526,0.0,0.0,0.0,0.0,0.0,597.0,227.0,,,593.0,221.0,584.0,221.0,563.0,217.0,594.0,222.0,,,,,,,,0.0,0.0,0.0,0.0,0.0,0.0,0.0,0.0,0.0,15,0,0.0,0.0,0.0,0.0,0.0,0.0,0.0,0.0,0.0,0.0,0.0,0.0,0.0,0.0,504.0,572.0,0.0,0.0,0.0,0.0,0.0,0.0,0.0,0.0,0.0,0.0,0.0,0.0,0.0
504,Matt,Turner,Turner,u,Has joined Lyon permanently.,,4.0,634,47.0,0.1,477,75.0,0.0,449.0,56.0,0,0,0.0,0,0.0,0,374,0.0,0.0,0.0,0.0,0.0,526.0,62.0,0.0,0.0,521.0,62.0,507.0,50.0,477.0,36.0,521.0,62.0,,,,,,,,0.0,0.0,0.0,0.0,0.0,0.0,0.0,0.0,0.0,15,0,0.0,0.0,0.0,0.0,0.0,0.0,0.0,0.0,0.0,0.0,0.0,0.0,0.0,0.0,0.0,401.0,0.0,0.0,0.0,0.0,0.0,0.0,0.0,0.0,0.0,0.0,0.0,0.0,0.0
658,Nathan,Fraser,Fraser,a,,,4.3,583,79.0,1.7,143,21.0,0.0,523.0,49.0,0,0,0.0,-2,2.0,5383,9854,0.0,0.0,-1.0,0.0,0.0,587.0,59.0,,,583.0,59.0,574.0,58.0,551.0,58.0,584.0,59.0,,,,,,,,0.0,0.0,0.0,0.0,0.0,0.0,0.0,0.0,0.0,15,0,0.0,0.0,0.0,0.0,0.0,0.0,0.0,0.0,0.0,0.0,0.0,0.0,0.0,0.0,6296.0,11116.0,0.0,0.0,0.0,0.0,0.0,0.0,0.0,0.0,0.0,0.0,0.0,0.0,0.0
663,Jhon,Arias,J.Arias,a,,,5.0,255,157.0,0.2,399,132.0,1.5,231.0,107.0,2,0,0.0,-5,5.0,159,1091,0.3,5.0,0.5,1.5,1.8,304.0,139.0,,,246.0,107.0,86.0,63.0,119.0,68.0,166.0,88.0,1.0,1.0,,,,,,0.31,0.05,0.36,1.35,0.0,0.11,1.7,1.13,9.95,15,2,69.0,0.0,0.0,0.0,3.0,0.0,0.0,0.0,0.0,0.0,0.0,1.0,0.0,9.0,217.0,1372.0,0.0,0.0,0.020000000000000018,0.020000000000000018,3.120000000000001,12.0,1.6000000000000227,2.0,1.6000000000000014,3.0,1.0,5.0,9.0
682,David,Møller Wolfe,Møller Wolfe,a,,,4.3,574,140.0,0.1,530,192.0,1.8,200.0,70.0,3,0,0.0,-2,2.0,212,251,0.4,3.5,0.8,1.8,1.7,316.0,112.0,,,255.0,98.0,182.0,44.0,288.0,90.0,272.0,91.0,,,,,,,,0.01,0.16,0.17,1.93,0.0,0.0,2.56,1.1,4.57,15,3,90.0,0.0,1.0,0.0,4.0,0.0,0.0,0.0,0.0,0.0,0.0,1.0,0.0,1.0,229.0,336.0,0.0,0.0,0.16000000000000003,0.15999999999999992,4.1000000000000005,29.200000000000003,11.099999999999994,6.0,4.600000000000001,1.0,3.0,2.0,4.0
695,Jackson,Tchatchoua,Tchatchoua,a,,,4.5,441,92.0,0.0,637,221.0,1.5,226.0,81.0,1,0,0.0,0,0.0,279,291,0.3,4.4,0.5,1.5,1.4,354.0,127.0,,,189.0,81.0,87.0,22.0,296.0,96.0,192.0,64.0,,,,,,,,0.03,0.08,0.11,1.4,0.0,0.0,2.19,0.81,6.34,15,1,4.0,0.0,0.0,0.0,0.0,0.0,0.0,0.0,0.0,0.0,0.0,0.0,0.0,5.0,324.0,532.0,0.0,0.0,0.039999999999999925,0.040000000000000036,0.0,4.200000000000017,14.299999999999983,0.0,1.9000000000000057,0.0,0.0,0.0,0.0
7,Riccardo,Calafiori,Calafiori,s,Suspended until 20 Dec,,5.7,118,11.0,10.7,37,13.0,2.5,165.0,57.0,1,-1,1.0,2,-2.0,19137,563738,0.4,12.5,0.0,3.5,4.7,33.0,18.0,0.0,100.0,136.0,59.0,159.0,39.0,51.0,3.0,92.0,24.0,,,,,,,,0.19,0.03,0.22,0.53,0.0,0.62,0.54,1.16,6.02,15,1,85.0,0.0,0.0,0.0,1.0,0.0,0.0,0.0,1.0,0.0,0.0,1.0,0.0,2.0,40300.0,570566.0,0.0,0.0,0.010000000000000009,0.009999999999999787,1.3599999999999994,6.599999999999994,3.0999999999999943,6.0,1.6000000000000014,3.0,3.0,2.0,6.0
10,Myles,Lewis-Skelly,Lewis-Skelly,a,,,5.1,238,37.0,1.9,135,53.0,0.5,326.0,114.0,1,0,0.0,-4,4.0,34605,5387,0.1,1.6,1.5,1.5,0.8,448.0,153.0,,,404.0,149.0,373.0,127.0,383.0,139.0,419.0,149.0,,,,,,,,0.0,0.01,0.01,1.5,0.0,0.0,1.32,0.0,5.29,15,1,4.0,0.0,0.0,0.0,1.0,0.0,0.0,0.0,0.0,0.0,0.0,0.0,0.0,-1.0,34828.0,6233.0,0.0,0.0,0.0,0.0,0.8,1.0,0.0,0.0,0.10000000000000009,0.0,0.0,0.0,0.0
16,Bukayo,Saka,Saka,a,,,10.2,5,3.0,21.4,17,6.0,4.8,50.0,24.0,4,1,-1.0,2,-2.0,422863,87357,0.5,6.3,5.8,5.8,4.9,24.0,10.0,100.0,100.0,71.0,21.0,17.0,17.0,10.0,5.0,13.0,11.0,2.0,,1.0,,,,,0.36,0.3,0.66,0.62,0.0,0.46,0.56,1.02,7.9,15,4,78.0,0.0,1.0,0.0,1.0,0.0,0.0,0.0,1.0,0.0,0.0,1.0,0.0,18.0,449643.0,106869.0,0.0,0.5800000000000001,0.31000000000000005,0.8899999999999997,1.3199999999999994,12.599999999999966,46.30000000000001,36.0,9.5,2.0,0.0,5.0,7.0
17,Martin,Ødegaard,Ødegaard,a,,,7.8,18,12.0,1.6,148,50.0,1.5,243.0,114.0,2,0,0.0,-2,2.0,26311,3661,0.2,2.4,2.5,2.5,2.1,276.0,125.0,100.0,100.0,269.0,117.0,92.0,67.0,234.0,131.0,224.0,112.0,4.0,,3.0,,,,,0.07,0.23,0.3,1.12,0.0,0.43,0.65,1.3,8.26,15,2,90.0,0.0,0.0,0.0,2.0,0.0,0.0,0.0,0.0,0.0,0.0,1.0,0.0,21.0,27822.0,4273.0,0.0,0.13999999999999999,0.15000000000000002,0.2899999999999998,2.1599999999999997,25.800000000000004,36.2,27.0,8.899999999999999,2.0,1.0,7.0,10.0
18,Noni,Madueke,Madueke,a,,,6.8,45,28.0,0.8,200,67.0,1.5,240.0,112.0,1,0,0.0,-2,2.0,22552,2914,0.2,2.4,2.5,2.5,1.8,313.0,144.0,100.0,100.0,342.0,156.0,135.0,96.0,79.0,48.0,208.0,105.0,3.0,,,,,,,0.1,0.21,0.31,0.74,0.0,0.64,0.64,1.07,4.29,15,1,11.0,0.0,0.0,0.0,1.0,0.0,0.0,0.0,0.0,0.0,0.0,0.0,0.0,3.0,23406.0,3513.0,0.0,0.04999999999999999,0.0,0.050000000000000044,0.8399999999999999,0.0,0.29999999999999716,4.0,0.3999999999999986,0.0,0.0,0.0,0.0
19,Gabriel,Martinelli Silva,Martinelli,a,,,6.8,46,29.0,0.9,194,65.0,1.2,268.0,127.0,1,0,0.0,-2,2.0,10906,4073,0.2,3.1,2.2,2.2,1.9,296.0,134.0,100.0,100.0,317.0,145.0,264.0,156.0,127.0,75.0,269.0,132.0,,,,,,,,0.26,0.03,0.29,0.96,0.0,0.54,0.54,1.08,5.12,15,1,4.0,0.0,0.0,0.0,1.0,0.0,0.0,0.0,0.0,0.0,0.0,0.0,0.0,2.0,12064.0,4708.0,0.0,0.0,0.0,0.0,0.8000000000000003,0.0,0.09999999999999432,0.0,0.0,0.0,0.0,0.0,0.0
20,Leandro,Trossard,Trossard,d,Calf injury - 75% chance of playing,,6.9,41,25.0,0.8,202,68.0,4.5,60.0,29.0,6,0,0.0,-1,1.0,23262,13600,0.7,8.4,4.1,4.1,5.3,17.0,8.0,75.0,75.0,111.0,41.0,71.0,51.0,31.0,18.0,40.0,30.0,,,4.0,,,,,0.31,0.15,0.46,0.49,0.0,0.47,0.59,0.95,4.74,15,6,40.0,1.0,0.0,0.0,0.0,0.0,0.0,0.0,0.0,0.0,0.0,0.0,0.0,23.0,23481.0,18501.0,0.0,0.45999999999999996,0.010000000000000009,0.46999999999999975,0.4900000000000002,37.0,0.5999999999999943,58.0,9.600000000000001,1.0,0.0,1.0,2.0
21,Declan,Rice,Rice,d,Illness - 75% chance of playing,,7.1,33,19.0,22.5,15,5.0,4.8,48.0,22.0,6,0,0.0,6,-6.0,334955,242831,0.7,11.8,4.3,4.3,5.6,12.0,6.0,75.0,75.0,9.0,2.0,5.0,5.0,86.0,54.0,12.0,10.0,1.0,1.0,,,,,,0.12,0.22,0.34,0.63,0.0,0.51,0.65,1.01,10.55,15,6,90.0,0.0,0.0,0.0,2.0,0.0,0.0,0.0,0.0,0.0,0.0,1.0,2.0,30.0,341585.0,350926.0,0.0,0.1399999999999999,0.1299999999999999,0.2699999999999996,2.16,36.599999999999966,37.700000000000045,12.0,8.599999999999994,2.0,9.0,10.0,21.0
23,Fábio,Ferreira Vieira,Fábio Vieira,u,has joined Hamburger on loan for the rest of the season.,,5.4,171,106.0,0.0,656,272.0,0.0,718.0,314.0,0,0,0.0,-1,1.0,0,15,0.0,0.0,0.0,0.0,0.0,736.0,323.0,0.0,0.0,738.0,323.0,737.0,323.0,733.0,322.0,738.0,323.0,,,,,,,,0.0,0.0,0.0,0.0,0.0,0.0,0.0,0.0,0.0,15,0,0.0,0.0,0.0,0.0,0.0,0.0,0.0,0.0,0.0,0.0,0.0,0.0,0.0,0.0,0.0,16.0,0.0,0.0,0.0,0.0,0.0,0.0,0.0,0.0,0.0,0.0,0.0,0.0,0.0
25,Ethan,Nwaneri,Nwaneri,a,,,5.1,239,146.0,0.1,419,138.0,0.2,368.0,175.0,0,0,0.0,-4,4.0,287,649,0.0,1.6,1.2,1.2,1.3,369.0,172.0,,,414.0,191.0,325.0,178.0,304.0,160.0,381.0,181.0,,,,,,,,0.13,0.04,0.17,0.4,0.0,0.55,0.0,0.0,7.09,15,0,0.0,0.0,0.0,0.0,0.0,0.0,0.0,0.0,0.0,0.0,0.0,0.0,0.0,0.0,321.0,733.0,0.0,0.0,0.0,0.0,0.0,0.0,0.0,0.0,0.0,0.0,0.0,0.0,0.0
26,Martín,Zubimendi Ibáñez,Zubimendi,a,,,5.3,201,124.0,2.3,120,41.0,1.8,212.0,98.0,2,0,0.0,-2,2.0,15714,32587,0.3,10.4,2.8,2.8,3.7,102.0,47.0,100.0,100.0,107.0,37.0,59.0,45.0,183.0,108.0,89.0,54.0,,,,,,,,0.04,0.08,0.12,0.63,0.0,0.57,0.64,1.0,8.48,15,2,90.0,0.0,0.0,0.0,2.0,0.0,0.0,0.0,0.0,0.0,0.0,1.0,0.0,14.0,18055.0,37519.0,0.0,0.0,0.020000000000000018,0.020000000000000018,2.160000000000001,13.200000000000017,2.8000000000000114,0.0,1.5999999999999943,1.0,7.0,0.0,8.0
28,Ismeal,Kabia,Kabia,u,has joined Shrewsbury Town on loan for the rest of the season.,,4.5,467,283.0,0.1,452,150.0,0.0,628.0,252.0,0,0,0.0,0,0.0,0,261,0.0,0.0,0.0,0.0,0.0,680.0,283.0,0.0,0.0,678.0,280.0,670.0,279.0,657.0,277.0,679.0,281.0,,,,,,,,0.0,0.0,0.0,0.0,0.0,0.0,0.0,0.0,0.0,15,0,0.0,0.0,0.0,0.0,0.0,0.0,0.0,0.0,0.0,0.0,0.0,0.0,0.0,0.0,0.0,293.0,0.0,0.0,0.0,0.0,0.0,0.0,0.0,0.0,0.0,0.0,0.0,0.0,0.0
29,Albert,Sambi Lokonga,Sambi,u,has joined Hamburger permanently.,,4.5,417,249.0,0.1,557,207.0,0.0,588.0,220.0,0,0,0.0,0,0.0,0,110,0.0,0.0,0.0,0.0,0.0,641.0,252.0,0.0,0.0,638.0,248.0,629.0,247.0,616.0,245.0,639.0,249.0,,,,,,,,0.0,0.0,0.0,0.0,0.0,0.0,0.0,0.0,0.0,15,0,0.0,0.0,0.0,0.0,0.0,0.0,0.0,0.0,0.0,0.0,0.0,0.0,0.0,0.0,0.0,119.0,0.0,0.0,0.0,0.0,0.0,0.0,0.0,0.0,0.0,0.0,0.0,0.0,0.0
30,Kai,Havertz,Havertz,i,Knee injury - Unknown return date,,7.3,25,10.0,0.3,298,48.0,0.0,753.0,83.0,0,0,0.0,-2,2.0,121,324,0.0,0.1,0.0,0.0,1.0,443.0,55.0,0.0,0.0,434.0,49.0,414.0,51.0,400.0,53.0,439.0,53.0,,,,,,,,0.0,0.03,0.03,2.46,0.0,0.0,0.0,0.0,9.0,15,0,0.0,0.0,0.0,0.0,0.0,0.0,0.0,0.0,0.0,0.0,0.0,0.0,0.0,0.0,128.0,350.0,0.0,0.0,0.0,0.0,0.0,0.0,0.0,0.0,0.0,0.0,0.0,0.0,0.0
266,Eberechi,Eze,Eze,a,,,7.8,19,13.0,19.4,19,7.0,6.0,18.0,9.0,1,0,0.0,3,-3.0,247151,305119,0.8,8.3,7.0,7.0,4.6,42.0,19.0,,,105.0,35.0,99.0,72.0,26.0,14.0,44.0,32.0,,,,,,,,0.24,0.13,0.37,0.55,0.0,0.58,0.58,1.06,5.87,15,1,45.0,0.0,0.0,0.0,1.0,0.0,0.0,0.0,0.0,0.0,0.0,1.0,0.0,4.0,276142.0,339648.0,0.0,0.0,0.009999999999999787,0.009999999999999787,0.8700000000000001,0.0,1.299999999999983,0.0,0.10000000000000853,0.0,0.0,0.0,0.0
662,Cristhian,Mosquera,Mosquera,i,Ankle injury - Unknown return date,,5.4,176,23.0,0.2,390,144.0,0.8,304.0,108.0,0,0,0.0,-1,1.0,38,4962,0.1,3.1,0.0,0.9,1.7,330.0,119.0,0.0,50.0,277.0,108.0,321.0,106.0,349.0,122.0,340.0,113.0,,,,,,,,0.0,0.09,0.09,0.56,0.0,0.21,0.84,0.84,7.34,15,0,0.0,0.0,0.0,0.0,0.0,0.0,0.0,0.0,0.0,0.0,0.0,0.0,0.0,0.0,50.0,7072.0,0.0,0.0,0.0,0.0,0.0,0.0,0.0,0.0,0.0,0.0,0.0,0.0,0.0
700,Max,Dowman,Dowman,i,Ankle injury - Unknown return date,,4.3,598,336.0,0.4,262,93.0,0.0,536.0,191.0,0,0,0.0,-2,2.0,5444,11139,0.0,1.2,0.0,1.0,2.5,221.0,98.0,0.0,,444.0,205.0,412.0,200.0,294.0,155.0,412.0,191.0,,,,,,,,0.47,0.07,0.54,0.4,0.0,0.0,0.0,0.0,10.0,15,0,0.0,0.0,0.0,0.0,0.0,0.0,0.0,0.0,0.0,0.0,0.0,0.0,0.0,0.0,7001.0,12086.0,0.0,0.0,0.0,0.0,0.0,0.0,0.0,0.0,0.0,0.0,0.0,0.0,0.0
711,Andre,Harriman-Annous,Harriman-Annous,a,,,4.5,482,294.0,0.0,689,294.0,0.0,639.0,262.0,0,0,0.0,0,0.0,60,87,0.0,0.0,1.0,1.0,0.0,689.0,291.0,,,690.0,291.0,682.0,290.0,668.0,287.0,690.0,291.0,,,,,,,,0.0,0.0,0.0,0.0,0.0,0.0,0.0,0.0,0.0,15,0,0.0,0.0,0.0,0.0,0.0,0.0,0.0,0.0,0.0,0.0,0.0,0.0,0.0,0.0,76.0,97.0,0.0,0.0,0.0,0.0,0.0,0.0,0.0,0.0,0.0,0.0,0.0,0.0,0.0
725,Piero,Hincapié,Hincapie,a,,,5.5,144,16.0,2.2,125,48.0,3.5,98.0,33.0,3,1,-1.0,0,0.0,210809,3863,0.6,2.9,4.5,4.5,2.7,213.0,78.0,100.0,100.0,283.0,110.0,384.0,134.0,399.0,145.0,355.0,121.0,,,,,,,,0.0,0.11,0.11,0.89,0.0,0.23,0.94,0.94,8.22,15,3,90.0,0.0,0.0,0.0,2.0,0.0,0.0,0.0,0.0,0.0,0.0,1.0,0.0,11.0,214831.0,4397.0,0.0,0.0,0.010000000000000009,0.010000000000000009,2.1599999999999997,33.199999999999996,0.8999999999999995,0.0,3.4000000000000004,3.0,10.0,6.0,13.0
32,Emiliano,Martínez Romero,Martinez,d,Back injury - 75% chance of playing,,5.1,228,7.0,3.8,92,15.0,3.5,93.0,7.0,4,0,0.0,1,-1.0,82114,27337,0.7,10.6,2.6,1.9,4.5,46.0,2.0,75.0,75.0,74.0,14.0,396.0,11.0,722.0,82.0,235.0,15.0,,,,,,,,0.0,0.0,0.0,1.22,2.83,0.33,0.75,1.0,0.0,15,4,90.0,0.0,0.0,0.0,1.0,0.0,0.0,0.0,0.0,0.0,7.0,1.0,0.0,21.0,82895.0,44134.0,0.0,0.0,0.0,0.0,1.92,38.39999999999998,0.0,0.0,3.799999999999997,0.0,1.0,9.0,0.0
33,Marco,Bizot,M.Bizot,a,,,4.2,601,35.0,0.4,260,33.0,0.2,346.0,22.0,0,-1,1.0,-3,3.0,729,2859,0.0,1.9,0.2,-0.8,2.7,204.0,18.0,,,328.0,26.0,552.0,67.0,523.0,53.0,384.0,27.0,,,,,,,,0.0,0.0,0.0,2.1,2.67,0.33,2.0,1.0,0.0,15,0,0.0,0.0,0.0,0.0,0.0,0.0,0.0,0.0,0.0,0.0,0.0,0.0,0.0,0.0,1296.0,3126.0,0.0,0.0,0.0,0.0,0.0,0.0,0.0,0.0,0.0,0.0,0.0,0.0,0.0
34,Joe,Gauci,Gauci,u,Has joined Port Vale on loan for the rest of the season.,,4.0,645,53.0,0.1,449,72.0,0.0,460.0,62.0,0,0,0.0,0,0.0,0,509,0.0,0.0,0.0,0.0,0.0,537.0,68.0,0.0,0.0,532.0,68.0,518.0,56.0,488.0,42.0,532.0,68.0,,,,,,,,0.0,0.0,0.0,0.0,0.0,0.0,0.0,0.0,0.0,15,0,0.0,0.0,0.0,0.0,0.0,0.0,0.0,0.0,0.0,0.0,0.0,0.0,0.0,0.0,0.0,556.0,0.0,0.0,0.0,0.0,0.0,0.0,0.0,0.0,0.0,0.0,0.0,0.0,0.0
35,Filip,Marschall,Marschall,u,Has joined Stevenage permanently.,,4.0,644,52.0,0.0,704,81.0,0.0,459.0,61.0,0,0,0.0,0,0.0,0,30,0.0,0.0,0.0,0.0,0.0,536.0,67.0,0.0,0.0,531.0,67.0,517.0,55.0,487.0,41.0,531.0,67.0,,,,,,,,0.0,0.0,0.0,0.0,0.0,0.0,0.0,0.0,0.0,15,0,0.0,0.0,0.0,0.0,0.0,0.0,0.0,0.0,0.0,0.0,0.0,0.0,0.0,0.0,0.0,32.0,0.0,0.0,0.0,0.0,0.0,0.0,0.0,0.0,0.0,0.0,0.0,0.0,0.0
514,Willy,Boly,Boly,a,,,3.8,737,228.0,0.4,273,101.0,0.0,375.0,132.0,0,-1,1.0,-2,2.0,285,2533,0.0,0.0,0.0,0.0,0.0,457.0,160.0,,,452.0,162.0,435.0,160.0,401.0,146.0,450.0,160.0,,,,,,,,0.0,0.0,0.0,0.0,0.0,0.0,0.0,0.0,0.0,15,0,0.0,0.0,0.0,0.0,0.0,0.0,0.0,0.0,0.0,0.0,0.0,0.0,0.0,0.0,491.0,2800.0,0.0,0.0,0.0,0.0,0.0,0.0,0.0,0.0,0.0,0.0,0.0,0.0,0.0
36,Matty,Cash,Cash,a,,,4.9,299,49.0,12.4,31,11.0,5.2,32.0,14.0,9,2,-2.0,4,-4.0,660938,10975,1.1,14.9,5.2,4.2,4.9,22.0,11.0,100.0,100.0,29.0,11.0,54.0,12.0,131.0,21.0,45.0,5.0,1.0,,,,,,,0.04,0.09,0.13,1.36,0.0,0.34,0.95,1.02,6.06,15,9,86.0,1.0,0.0,0.0,1.0,0.0,0.0,0.0,0.0,0.0,0.0,1.0,1.0,24.0,669812.0,21153.0,0.0,0.24999999999999994,0.04999999999999982,0.30000000000000004,1.870000000000001,47.0,15.200000000000017,24.0,8.600000000000001,1.0,5.0,1.0,6.0
37,Lucas,Digne,Digne,a,,,4.5,397,74.0,1.9,136,54.0,2.2,169.0,60.0,0,0,0.0,0,0.0,12140,29285,0.5,11.3,2.2,1.2,3.6,107.0,39.0,100.0,100.0,157.0,69.0,53.0,11.0,213.0,55.0,115.0,35.0,2.0,2.0,,,,,,0.03,0.14,0.17,1.25,0.0,0.46,0.74,1.11,4.63,15,0,0.0,0.0,0.0,0.0,0.0,0.0,0.0,0.0,0.0,0.0,0.0,0.0,0.0,0.0,13633.0,33901.0,0.0,0.0,0.0,0.0,0.0,0.0,0.0,0.0,0.0,0.0,0.0,0.0,0.0
38,Ezri,Konsa Ngoyo,Konsa,a,,,4.4,493,106.0,7.8,58,18.0,3.2,107.0,38.0,2,0,0.0,-1,1.0,43234,35040,0.7,10.5,3.2,2.2,3.3,128.0,48.0,100.0,100.0,99.0,46.0,247.0,73.0,219.0,57.0,172.0,58.0,,,,,,,,0.02,0.01,0.03,1.41,0.0,0.36,1.02,1.02,5.9,15,2,90.0,0.0,0.0,0.0,1.0,0.0,0.0,0.0,0.0,0.0,0.0,1.0,0.0,11.0,46353.0,44472.0,0.0,0.0,0.010000000000000009,0.010000000000000009,1.9200000000000017,8.199999999999989,1.2999999999999972,0.0,1.0,0.0,5.0,4.0,5.0
39,Ian,Maatsen,Maatsen,a,,,4.2,609,153.0,0.4,255,95.0,1.0,273.0,94.0,2,0,0.0,-3,3.0,4823,1783,0.2,2.4,1.0,0.0,1.0,394.0,142.0,,,265.0,103.0,142.0,32.0,207.0,52.0,246.0,79.0,5.0,,,,,,,0.09,0.18,0.27,1.8,0.0,0.0,1.69,0.72,8.2,15,2,90.0,0.0,0.0,0.0,1.0,0.0,0.0,0.0,0.0,0.0,0.0,1.0,0.0,7.0,4989.0,2128.0,0.0,0.04999999999999999,0.030000000000000027,0.08000000000000007,1.9200000000000008,6.200000000000003,5.0,9.0,2.0,1.0,3.0,2.0,4.0
42,Andrés,García,A.García,a,,,3.9,733,224.0,0.2,347,125.0,0.0,434.0,165.0,0,0,0.0,-1,1.0,665,1523,0.0,0.0,0.0,-1.0,0.0,511.0,189.0,100.0,100.0,506.0,191.0,491.0,190.0,460.0,179.0,506.0,191.0,,,,,,,,0.0,0.0,0.0,0.0,0.0,0.0,0.0,0.0,0.0,15,0,0.0,0.0,0.0,0.0,0.0,0.0,0.0,0.0,0.0,0.0,0.0,0.0,0.0,0.0,847.0,1652.0,0.0,0.0,0.0,0.0,0.0,0.0,0.0,0.0,0.0,0.0,0.0,0.0,0.0
43,Álex,Moreno Lopera,Alex Moreno,u,Has joined Girona permanently.,,4.0,623,160.0,1.9,132,52.0,0.0,440.0,168.0,0,0,0.0,0,0.0,0,10986,0.0,0.0,0.0,0.0,0.0,517.0,192.0,0.0,0.0,512.0,194.0,498.0,193.0,467.0,182.0,512.0,194.0,,,,,,,,0.0,0.0,0.0,0.0,0.0,0.0,0.0,0.0,0.0,15,0,0.0,0.0,0.0,0.0,0.0,0.0,0.0,0.0,0.0,0.0,0.0,0.0,0.0,0.0,0.0,12903.0,0.0,0.0,0.0,0.0,0.0,0.0,0.0,0.0,0.0,0.0,0.0,0.0,0.0
44,Lamare,Bogarde,Bogarde,a,,,4.0,658,179.0,0.6,238,90.0,1.0,270.0,91.0,1,0,0.0,0,0.0,2730,4931,0.2,5.0,1.0,0.0,1.8,297.0,108.0,100.0,100.0,345.0,127.0,295.0,93.0,364.0,128.0,361.0,122.0,,,,,,,,0.0,0.03,0.03,1.27,0.0,0.28,0.57,0.85,4.25,15,1,15.0,0.0,0.0,0.0,0.0,0.0,0.0,0.0,0.0,0.0,0.0,0.0,0.0,3.0,3057.0,5463.0,0.0,0.0,0.010000000000000009,0.010000000000000009,0.05000000000000071,1.6000000000000014,0.7000000000000028,0.0,0.20000000000000018,0.0,1.0,1.0,1.0
47,Morgan,Rogers,Rogers,a,,,7.0,38,23.0,10.6,38,14.0,6.5,12.0,8.0,2,1,-1.0,0,0.0,228673,94487,0.9,8.7,6.5,5.5,4.1,77.0,35.0,100.0,100.0,83.0,26.0,43.0,36.0,27.0,15.0,26.0,21.0,,,,,,,,0.07,0.1,0.17,1.4,0.0,0.34,1.01,1.01,6.2,15,2,90.0,0.0,0.0,0.0,1.0,0.0,0.0,0.0,0.0,0.0,0.0,1.0,0.0,12.0,241741.0,126286.0,0.0,0.040000000000000036,0.16999999999999993,0.20999999999999996,1.9199999999999982,13.599999999999966,32.30000000000001,41.0,8.700000000000003,1.0,3.0,3.0,7.0
50,Emiliano,Buendía Stati,Buendía,a,,,5.3,189,116.0,0.5,246,84.0,2.2,172.0,77.0,6,0,0.0,-2,2.0,15285,10799,0.4,9.1,2.2,1.2,3.7,101.0,46.0,100.0,100.0,125.0,48.0,106.0,76.0,77.0,46.0,95.0,56.0,,6.0,2.0,,,,,0.26,0.15,0.41,1.34,0.0,0.33,0.67,1.0,9.5,15,6,3.0,1.0,0.0,0.0,0.0,0.0,0.0,0.0,0.0,0.0,0.0,0.0,0.0,22.0,15591.0,14954.0,0.0,0.48,0.17000000000000004,0.6499999999999999,0.049999999999998934,35.20000000000002,10.799999999999983,40.0,8.599999999999994,0.0,0.0,0.0,0.0
53,Donyell,Malen,Malen,a,,,5.1,231,142.0,0.9,191,63.0,3.5,94.0,44.0,1,0,0.0,-4,4.0,12491,17372,0.7,9.0,3.5,2.5,3.1,158.0,71.0,,,169.0,68.0,202.0,130.0,46.0,27.0,112.0,64.0,,,1.0,,,,,0.58,0.06,0.64,1.27,0.0,0.18,1.29,0.74,2.4,15,1,24.0,0.0,0.0,0.0,0.0,0.0,0.0,0.0,0.0,0.0,0.0,0.0,0.0,-3.0,14819.0,19830.0,0.0,0.18999999999999995,0.0,0.18999999999999995,0.5,0.0,0.29999999999999716,8.0,0.6999999999999957,0.0,0.0,0.0,0.0
54,John,McGinn,McGinn,a,,,5.4,154,96.0,0.7,213,71.0,3.2,112.0,52.0,2,0,0.0,-1,1.0,11170,7419,0.6,8.0,3.2,2.2,2.9,181.0,80.0,,,159.0,63.0,28.0,27.0,157.0,95.0,78.0,46.0,4.0,,,,,,,0.08,0.11,0.19,1.36,0.0,0.47,0.94,1.18,7.55,15,2,74.0,0.0,0.0,0.0,1.0,0.0,0.0,0.0,0.0,0.0,0.0,1.0,0.0,11.0,12119.0,9101.0,0.0,0.0,0.019999999999999796,0.020000000000000018,1.870000000000001,5.0,11.300000000000011,4.0,2.0,1.0,2.0,1.0,4.0
55,Ross,Barkley,Barkley,i,Knee injury - Expected back 07 Feb,,4.8,341,213.0,0.0,588,223.0,1.2,255.0,117.0,0,0,0.0,-2,2.0,26,733,0.3,3.1,0.0,0.0,2.1,264.0,118.0,0.0,0.0,324.0,150.0,292.0,167.0,232.0,129.0,316.0,152.0,,,,,,,,0.34,0.13,0.47,1.11,0.0,0.0,0.0,0.0,11.84,15,0,0.0,0.0,0.0,0.0,0.0,0.0,0.0,0.0,0.0,0.0,0.0,0.0,0.0,0.0,30.0,910.0,0.0,0.0,0.0,0.0,0.0,0.0,0.0,0.0,0.0,0.0,0.0,0.0,0.0
56,Enzo,Barrenechea,Barrenechea,u,Season-long loan to Benfica,,5.0,268,164.0,0.0,759,338.0,0.0,695.0,298.0,0,0,0.0,0,0.0,0,1,0.0,0.0,0.0,0.0,0.0,723.0,315.0,0.0,0.0,725.0,315.0,722.0,315.0,715.0,313.0,725.0,315.0,,,,,,,,0.0,0.0,0.0,0.0,0.0,0.0,0.0,0.0,0.0,15,0,0.0,0.0,0.0,0.0,0.0,0.0,0.0,0.0,0.0,0.0,0.0,0.0,0.0,0.0,0.0,1.0,0.0,0.0,0.0,0.0,0.0,0.0,0.0,0.0,0.0,0.0,0.0,0.0,0.0
57,Lewis,Dobbin,Dobbin,u,Has joined Preston North End on loan for the rest of the season.,,5.0,262,161.0,0.0,640,261.0,0.0,691.0,295.0,0,0,0.0,0,0.0,0,29,0.0,0.0,0.0,0.0,0.0,719.0,312.0,0.0,0.0,721.0,312.0,718.0,312.0,711.0,310.0,721.0,312.0,,,,,,,,0.0,0.0,0.0,0.0,0.0,0.0,0.0,0.0,0.0,15,0,0.0,0.0,0.0,0.0,0.0,0.0,0.0,0.0,0.0,0.0,0.0,0.0,0.0,0.0,0.0,34.0,0.0,0.0,0.0,0.0,0.0,0.0,0.0,0.0,0.0,0.0,0.0,0.0,0.0
58,Boubacar,Kamara,Kamara,a,,,4.9,310,191.0,0.4,258,90.0,6.8,9.0,7.0,10,0,0.0,-1,1.0,27795,1970,1.4,10.2,6.8,5.8,3.8,93.0,41.0,100.0,100.0,86.0,28.0,79.0,59.0,242.0,133.0,103.0,61.0,,,,,,,,0.03,0.05,0.08,1.28,0.0,0.37,0.92,1.1,9.28,15,10,90.0,0.0,1.0,0.0,1.0,0.0,0.0,0.0,0.0,0.0,0.0,1.0,3.0,37.0,28289.0,2352.0,0.0,0.09000000000000002,0.039999999999999925,0.13,1.92,36.60000000000002,16.599999999999994,11.0,6.400000000000006,4.0,2.0,6.0,12.0
59,Amadou,Onana,Onana,a,,,4.8,355,222.0,0.7,208,70.0,3.5,89.0,41.0,2,0,0.0,-2,2.0,9355,5131,0.7,7.9,3.5,2.5,3.8,90.0,40.0,100.0,100.0,140.0,53.0,281.0,163.0,214.0,121.0,218.0,110.0,,,,,,,,0.06,0.02,0.08,1.53,0.0,0.41,1.08,1.08,12.88,15,2,74.0,0.0,0.0,0.0,1.0,0.0,0.0,0.0,0.0,0.0,0.0,1.0,0.0,5.0,11194.0,5575.0,0.0,0.0,0.01999999999999999,0.019999999999999907,1.8699999999999992,1.4000000000000057,2.1999999999999957,0.0,0.3999999999999986,2.0,3.0,4.0,9.0
60,Ben,Broggio,Broggio,a,,,4.5,466,282.0,0.3,312,107.0,0.0,627.0,251.0,0,0,0.0,0,0.0,771,1899,0.0,0.0,0.0,-1.0,0.0,679.0,282.0,,,677.0,279.0,669.0,278.0,656.0,276.0,678.0,280.0,,,,,,,,0.0,0.0,0.0,0.0,0.0,0.0,0.0,0.0,0.0,15,0,0.0,0.0,0.0,0.0,0.0,0.0,0.0,0.0,0.0,0.0,0.0,0.0,0.0,0.0,951.0,2122.0,0.0,0.0,0.0,0.0,0.0,0.0,0.0,0.0,0.0,0.0,0.0,0.0,0.0
61,Leander,Dendoncker,Dendoncker,u,Has joined Real Oviedo permanently.,,4.5,400,243.0,0.1,490,168.0,0.0,579.0,214.0,0,0,0.0,0,0.0,0,376,0.0,0.0,0.0,0.0,0.0,633.0,247.0,0.0,0.0,630.0,243.0,620.0,242.0,603.0,239.0,631.0,244.0,,,,,,,,0.0,0.0,0.0,0.0,0.0,0.0,0.0,0.0,0.0,15,0,0.0,0.0,0.0,0.0,0.0,0.0,0.0,0.0,0.0,0.0,0.0,0.0,0.0,0.0,0.0,417.0,0.0,0.0,0.0,0.0,0.0,0.0,0.0,0.0,0.0,0.0,0.0,0.0,0.0
62,Jamaldeen,Jimoh-Aloba,Jimoh-Aloba,a,,,4.5,453,274.0,0.1,536,192.0,0.0,615.0,244.0,0,0,0.0,0,0.0,157,392,0.0,0.0,0.0,-1.0,0.0,667.0,275.0,,,665.0,272.0,657.0,271.0,644.0,269.0,666.0,273.0,,,,,,,,0.0,0.0,0.0,0.0,0.0,0.0,0.0,0.0,0.0,15,0,0.0,0.0,0.0,0.0,0.0,0.0,0.0,0.0,0.0,0.0,0.0,0.0,0.0,0.0,193.0,443.0,0.0,0.0,0.0,0.0,0.0,0.0,0.0,0.0,0.0,0.0,0.0,0.0,0.0
63,Kadan,Young,Young,a,,,4.3,586,328.0,0.6,234,78.0,0.0,526.0,184.0,0,-1,1.0,-2,2.0,3778,4249,0.0,0.0,0.0,-1.0,0.0,589.0,220.0,,,585.0,214.0,576.0,214.0,554.0,210.0,586.0,215.0,,,,,,,,0.0,0.0,0.0,0.0,0.0,0.0,0.0,0.0,0.0,15,0,0.0,0.0,0.0,0.0,0.0,0.0,0.0,0.0,0.0,0.0,0.0,0.0,0.0,0.0,3986.0,4735.0,0.0,0.0,0.0,0.0,0.0,0.0,0.0,0.0,0.0,0.0,0.0,0.0,0.0
64,Ollie,Watkins,Watkins,a,,,8.5,10,4.0,7.7,59,10.0,4.5,62.0,6.0,2,0,0.0,-5,5.0,135429,27911,0.5,5.3,4.5,3.5,3.0,172.0,16.0,100.0,100.0,181.0,12.0,104.0,4.0,8.0,5.0,42.0,8.0,,,3.0,,,,,0.37,0.05,0.42,1.4,0.0,0.4,1.05,1.05,3.3,15,2,65.0,0.0,0.0,0.0,1.0,0.0,0.0,0.0,0.0,0.0,0.0,1.0,0.0,8.0,144077.0,34401.0,0.0,0.8300000000000005,0.0,0.8300000000000001,1.4200000000000017,12.200000000000017,2.3000000000000114,50.0,6.500000000000007,1.0,1.0,2.0,4.0
65,Zépiqueno,Redmond,Redmond,u,has joined Huddersfield Town on loan for the rest of the season.,,4.5,462,63.0,0.3,299,49.0,0.0,624.0,62.0,0,0,0.0,0,0.0,0,872,0.0,0.0,0.0,0.0,0.0,676.0,71.0,0.0,0.0,674.0,71.0,666.0,70.0,653.0,70.0,675.0,71.0,,,,,,,,0.0,0.0,0.0,0.0,0.0,0.0,0.0,0.0,0.0,15,0,0.0,0.0,0.0,0.0,0.0,0.0,0.0,0.0,0.0,0.0,0.0,0.0,0.0,0.0,0.0,984.0,0.0,0.0,0.0,0.0,0.0,0.0,0.0,0.0,0.0,0.0,0.0,0.0,0.0
389,Harvey,Elliott,Elliott,a,,,5.2,218,135.0,0.2,376,129.0,0.0,706.0,306.0,0,-1,1.0,-3,3.0,303,1593,0.0,0.8,0.0,-1.0,1.0,431.0,204.0,100.0,100.0,415.0,192.0,338.0,182.0,314.0,165.0,392.0,185.0,,,,,,,,0.18,0.06,0.24,1.61,0.0,0.0,1.86,0.93,4.64,15,0,0.0,0.0,0.0,0.0,0.0,0.0,0.0,0.0,0.0,0.0,0.0,0.0,0.0,0.0,345.0,1890.0,0.0,0.0,0.0,0.0,0.0,0.0,0.0,0.0,0.0,0.0,0.0,0.0,0.0
456,Jadon,Sancho,Sancho,a,,,5.8,107,70.0,0.2,374,128.0,0.8,306.0,141.0,1,0,0.0,-2,2.0,1288,1171,0.1,1.2,0.8,-0.2,1.0,438.0,210.0,100.0,100.0,382.0,173.0,220.0,137.0,186.0,110.0,304.0,146.0,,,,,,,,0.23,0.4,0.63,0.89,0.0,0.0,0.0,0.0,5.71,15,1,15.0,0.0,0.0,0.0,0.0,0.0,0.0,0.0,0.0,0.0,0.0,0.0,0.0,9.0,1421.0,1345.0,0.0,0.0,0.4,0.4,0.050000000000000044,5.399999999999999,22.300000000000004,2.0,3.0,0.0,0.0,0.0,0.0
677,Evann,Guessand,Guessand,a,,,6.2,81,52.0,0.0,597,230.0,2.0,196.0,88.0,0,0,0.0,-3,3.0,297,519,0.3,3.5,2.0,1.0,2.0,287.0,130.0,100.0,,298.0,134.0,271.0,158.0,130.0,78.0,264.0,129.0,,,,,,,,0.17,0.07,0.24,1.49,0.0,0.18,1.6,1.07,8.55,15,0,0.0,0.0,0.0,0.0,0.0,0.0,0.0,0.0,0.0,0.0,0.0,0.0,0.0,0.0,401.0,585.0,0.0,0.0,0.0,0.0,0.0,0.0,0.0,0.0,0.0,0.0,0.0,0.0,0.0
702,Bradley,Burrowes,Burrowes,a,,,4.4,539,318.0,0.1,508,175.0,0.0,576.0,213.0,0,0,0.0,-1,1.0,151,450,0.0,0.2,0.0,-1.0,1.0,403.0,185.0,,,627.0,242.0,423.0,204.0,599.0,238.0,628.0,243.0,,,,,,,,0.0,0.0,0.0,5.06,0.0,0.0,5.62,0.0,5.62,15,0,0.0,0.0,0.0,0.0,0.0,0.0,0.0,0.0,0.0,0.0,0.0,0.0,0.0,0.0,287.0,499.0,0.0,0.0,0.0,0.0,0.0,0.0,0.0,0.0,0.0,0.0,0.0,0.0,0.0
703,Sam,Proctor,Proctor,a,,,3.9,728,87.0,0.4,286,36.0,0.0,429.0,47.0,0,-1,1.0,-1,1.0,9397,888,0.0,0.0,0.0,-1.0,0.0,507.0,53.0,,,502.0,53.0,487.0,40.0,456.0,26.0,502.0,53.0,,,,,,,,0.0,0.0,0.0,0.0,0.0,0.0,0.0,0.0,0.0,15,0,0.0,0.0,0.0,0.0,0.0,0.0,0.0,0.0,0.0,0.0,0.0,0.0,0.0,0.0,9448.0,953.0,0.0,0.0,0.0,0.0,0.0,0.0,0.0,0.0,0.0,0.0,0.0,0.0,0.0
710,Travis,Patterson,Patterson,a,,,3.9,724,219.0,0.2,351,126.0,0.0,425.0,160.0,0,0,0.0,-1,1.0,208,1689,0.0,0.0,0.0,-1.0,0.0,503.0,185.0,,,498.0,187.0,483.0,186.0,452.0,175.0,498.0,187.0,,,,,,,,0.0,0.0,0.0,0.0,0.0,0.0,0.0,0.0,0.0,15,0,0.0,0.0,0.0,0.0,0.0,0.0,0.0,0.0,0.0,0.0,0.0,0.0,0.0,0.0,357.0,1867.0,0.0,0.0,0.0,0.0,0.0,0.0,0.0,0.0,0.0,0.0,0.0,0.0,0.0
719,Victor,Lindelöf,Lindelöf,a,,,4.5,404,77.0,0.0,575,208.0,0.2,355.0,128.0,1,0,0.0,0,0.0,449,289,0.0,0.9,0.2,-0.8,1.0,404.0,145.0,100.0,100.0,433.0,156.0,417.0,154.0,606.0,231.0,440.0,155.0,,,,,,,,0.0,0.0,0.0,2.48,0.0,0.0,0.0,0.0,3.6,15,1,4.0,0.0,0.0,0.0,0.0,0.0,0.0,0.0,0.0,0.0,0.0,0.0,0.0,3.0,483.0,334.0,0.0,0.0,0.0,0.0,0.04999999999999993,0.6000000000000001,0.19999999999999996,0.0,0.09999999999999998,0.0,0.0,0.0,0.0
183,Max,Weiß,Weiss,a,,,4.3,582,34.0,0.1,437,68.0,0.0,522.0,81.0,0,0,0.0,-2,2.0,227,406,0.0,0.0,0.0,0.0,0.0,586.0,83.0,,,582.0,83.0,573.0,75.0,550.0,63.0,583.0,83.0,,,,,,,,0.0,0.0,0.0,0.0,0.0,0.0,0.0,0.0,0.0,15,0,0.0,0.0,0.0,0.0,0.0,0.0,0.0,0.0,0.0,0.0,0.0,0.0,0.0,0.0,246.0,501.0,0.0,0.0,0.0,0.0,0.0,0.0,0.0,0.0,0.0,0.0,0.0,0.0,0.0
184,Etienne,Green,Green,u,has joined FC Fredericia permanently.,,4.0,651,57.0,0.2,371,54.0,0.0,465.0,66.0,0,0,0.0,0,0.0,0,1044,0.0,0.0,0.0,0.0,0.0,542.0,72.0,0.0,0.0,537.0,72.0,523.0,60.0,493.0,46.0,537.0,72.0,,,,,,,,0.0,0.0,0.0,0.0,0.0,0.0,0.0,0.0,0.0,15,0,0.0,0.0,0.0,0.0,0.0,0.0,0.0,0.0,0.0,0.0,0.0,0.0,0.0,0.0,0.0,1188.0,0.0,0.0,0.0,0.0,0.0,0.0,0.0,0.0,0.0,0.0,0.0,0.0,0.0
187,Kyle,Walker,Walker,s,Suspended until 20 Dec,,4.4,487,100.0,1.2,172,68.0,1.2,250.0,88.0,0,0,0.0,-1,1.0,459,26895,0.3,7.7,0.0,1.2,2.3,242.0,88.0,0.0,,112.0,49.0,205.0,55.0,319.0,105.0,199.0,67.0,,,,,,,,0.01,0.03,0.04,2.09,0.0,0.13,2.0,1.0,7.33,15,0,90.0,0.0,0.0,0.0,2.0,0.0,0.0,0.0,1.0,0.0,0.0,1.0,0.0,-5.0,832.0,28844.0,0.0,0.0,0.0,0.0,1.7699999999999996,0.8000000000000114,0.7999999999999972,0.0,0.20000000000000284,0.0,1.0,6.0,1.0
190,Hjalmar,Ekdal,Ekdal,a,,,3.9,712,213.0,0.9,199,76.0,1.2,244.0,83.0,1,-1,1.0,-1,1.0,1395,9304,0.3,6.4,1.2,1.2,2.8,186.0,69.0,,,171.0,72.0,309.0,100.0,196.0,45.0,245.0,78.0,,,,,,,,0.02,0.03,0.05,1.72,0.0,0.13,1.89,1.01,10.73,15,1,90.0,0.0,0.0,0.0,2.0,0.0,0.0,0.0,0.0,0.0,0.0,1.0,0.0,0.0,1525.0,10216.0,0.0,0.03,0.0,0.030000000000000027,1.7199999999999989,10.199999999999989,0.3000000000000007,6.0,1.6999999999999993,1.0,7.0,1.0,8.0
192,Quilindschy,Hartman,Hartman,a,,,4.0,654,176.0,1.0,187,74.0,1.5,219.0,75.0,0,0,0.0,0,0.0,8414,13324,0.4,10.5,1.5,1.5,3.0,164.0,62.0,,,60.0,25.0,52.0,10.0,240.0,67.0,72.0,18.0,1.0,,,,,,,0.01,0.11,0.12,2.02,0.0,0.14,1.8,1.01,7.07,15,0,0.0,0.0,0.0,0.0,0.0,0.0,0.0,0.0,0.0,0.0,0.0,0.0,0.0,0.0,9647.0,15780.0,0.0,0.0,0.0,0.0,0.0,0.0,0.0,0.0,0.0,0.0,0.0,0.0,0.0
193,Bashir,Humphreys,Humphreys,i,Muscle injury - Expected back 03 Jan,,3.9,706,209.0,0.1,535,193.0,0.0,410.0,153.0,0,0,0.0,-1,1.0,41,591,0.0,0.0,0.0,0.0,0.0,488.0,178.0,0.0,0.0,448.0,161.0,468.0,179.0,437.0,168.0,483.0,180.0,,,,,,,,0.0,0.0,0.0,27.9,0.0,0.0,90.0,0.0,0.0,15,0,0.0,0.0,0.0,0.0,0.0,0.0,0.0,0.0,0.0,0.0,0.0,0.0,0.0,0.0,47.0,710.0,0.0,0.0,0.0,0.0,0.0,0.0,0.0,0.0,0.0,0.0,0.0,0.0,0.0
194,Jordan,Beyer,Jordan,i,Hamstring injury - Unknown return date,,4.0,637,167.0,0.1,529,191.0,0.0,452.0,173.0,0,0,0.0,0,0.0,21,182,0.0,0.0,0.0,0.0,0.0,529.0,197.0,0.0,0.0,524.0,199.0,510.0,198.0,480.0,188.0,524.0,199.0,,,,,,,,0.0,0.0,0.0,0.0,0.0,0.0,0.0,0.0,0.0,15,0,0.0,0.0,0.0,0.0,0.0,0.0,0.0,0.0,0.0,0.0,0.0,0.0,0.0,0.0,21.0,232.0,0.0,0.0,0.0,0.0,0.0,0.0,0.0,0.0,0.0,0.0,0.0,0.0,0.0
195,Lucas,Pires Silva,Lucas Pires,s,Suspended until 20 Dec,,3.8,754,245.0,0.2,364,133.0,-0.8,759.0,250.0,-3,0,0.0,-2,2.0,1258,3484,-0.2,-0.5,0.0,-0.8,-1.0,759.0,250.0,0.0,,429.0,154.0,329.0,111.0,386.0,140.0,415.0,146.0,,,,,,,,0.0,0.19,0.19,2.59,0.0,0.0,5.29,1.76,1.76,15,-3,42.0,0.0,0.0,0.0,2.0,0.0,0.0,0.0,0.0,1.0,0.0,1.0,0.0,-11.0,1807.0,3725.0,0.0,0.0,0.039999999999999994,0.039999999999999994,0.51,0.0,6.5,2.0,0.7000000000000002,1.0,0.0,4.0,1.0
196,Shurandy,Sambo,Sambo,u,Has joined Sparta Rotterdam on loan for the rest of the season.,,4.0,641,169.0,0.0,587,211.0,0.0,456.0,175.0,0,0,0.0,0,0.0,0,111,0.0,0.0,0.0,0.0,0.0,533.0,199.0,0.0,0.0,528.0,201.0,514.0,200.0,484.0,190.0,528.0,201.0,,,,,,,,0.0,0.0,0.0,0.0,0.0,0.0,0.0,0.0,0.0,15,0,0.0,0.0,0.0,0.0,0.0,0.0,0.0,0.0,0.0,0.0,0.0,0.0,0.0,0.0,0.0,136.0,0.0,0.0,0.0,0.0,0.0,0.0,0.0,0.0,0.0,0.0,0.0,0.0,0.0
197,Oliver,Sonne,Sonne,a,,,3.8,749,240.0,0.1,412,157.0,0.0,385.0,142.0,0,-1,1.0,-2,2.0,615,465,0.0,0.8,0.0,0.0,1.0,388.0,136.0,,,419.0,153.0,344.0,119.0,362.0,126.0,409.0,143.0,,,,,,,,0.03,0.07,0.1,2.92,0.0,0.0,3.53,0.88,1.76,15,0,0.0,0.0,0.0,0.0,0.0,0.0,0.0,0.0,0.0,0.0,0.0,0.0,0.0,0.0,647.0,534.0,0.0,0.0,0.0,0.0,0.0,0.0,0.0,0.0,0.0,0.0,0.0,0.0,0.0
198,Axel,Tuanzebe,Tuanzebe,d,Knock - 50% chance of playing,,3.9,695,201.0,1.4,158,63.0,0.2,341.0,119.0,0,0,0.0,-1,1.0,104,26272,0.1,4.4,0.1,0.0,2.4,230.0,83.0,50.0,0.0,205.0,83.0,389.0,138.0,431.0,165.0,312.0,107.0,,,,,,,,0.0,0.0,0.0,2.39,0.0,0.14,2.0,1.0,10.0,15,0,0.0,0.0,0.0,0.0,0.0,0.0,0.0,0.0,0.0,0.0,0.0,0.0,0.0,0.0,121.0,30795.0,0.0,0.0,0.0,0.0,0.0,0.0,0.0,0.0,0.0,0.0,0.0,0.0,0.0
200,Jaidon,Anthony,Anthony,a,,,5.3,197,122.0,2.8,108,36.0,2.0,190.0,83.0,1,-1,1.0,-2,2.0,3906,88043,0.4,10.8,2.0,2.0,3.8,96.0,43.0,100.0,100.0,100.0,32.0,60.0,46.0,43.0,25.0,37.0,29.0,2.0,,,,,,,0.22,0.11,0.33,2.06,0.0,0.26,1.92,1.13,7.67,15,1,4.0,0.0,0.0,0.0,0.0,0.0,0.0,0.0,0.0,0.0,0.0,0.0,0.0,3.0,4473.0,101557.0,0.0,0.0,0.030000000000000027,0.029999999999999805,0.03999999999999915,4.199999999999989,14.0,0.0,1.8000000000000114,1.0,0.0,0.0,1.0
201,Manuel,Benson Hedilazio,Benson,u,has joined Swansea City on loan for the rest of the season.,,5.4,159,99.0,0.0,677,287.0,0.0,714.0,312.0,0,0,0.0,-1,1.0,0,18,0.0,0.0,0.0,0.0,0.0,733.0,321.0,0.0,0.0,735.0,321.0,734.0,321.0,730.0,320.0,735.0,321.0,,,,,,,,0.0,0.0,0.0,0.0,0.0,0.0,0.0,0.0,0.0,15,0,0.0,0.0,0.0,0.0,0.0,0.0,0.0,0.0,0.0,0.0,0.0,0.0,0.0,0.0,0.0,18.0,0.0,0.0,0.0,0.0,0.0,0.0,0.0,0.0,0.0,0.0,0.0,0.0,0.0
204,Darko,Churlinov,Churlinov,u,has joined Kocaelispor  permanently.,,4.9,314,194.0,0.0,685,290.0,0.0,674.0,283.0,0,0,0.0,-1,1.0,0,6,0.0,0.0,0.0,0.0,0.0,705.0,301.0,0.0,0.0,707.0,301.0,703.0,301.0,696.0,299.0,707.0,301.0,,,,,,,,0.0,0.0,0.0,0.0,0.0,0.0,0.0,0.0,0.0,15,0,0.0,0.0,0.0,0.0,0.0,0.0,0.0,0.0,0.0,0.0,0.0,0.0,0.0,0.0,0.0,8.0,0.0,0.0,0.0,0.0,0.0,0.0,0.0,0.0,0.0,0.0,0.0,0.0,0.0
209,Josh,Laurent,Laurent,a,,,4.8,343,215.0,0.0,631,254.0,0.5,318.0,148.0,0,0,0.0,-2,2.0,69,110,0.1,3.5,0.5,0.5,1.3,367.0,170.0,,,282.0,123.0,273.0,159.0,281.0,150.0,309.0,148.0,,,,,,,,0.02,0.03,0.05,2.37,0.0,0.0,2.69,0.9,8.51,15,0,25.0,0.0,0.0,0.0,0.0,0.0,0.0,0.0,1.0,0.0,0.0,0.0,0.0,3.0,78.0,129.0,0.0,0.0,0.0,0.0,0.25,4.3999999999999915,1.0,0.0,0.5,2.0,2.0,1.0,5.0
210,Loum,Tchaouna,Tchaouna,a,,,4.9,326,202.0,0.0,610,239.0,1.5,230.0,106.0,0,0,0.0,-1,1.0,104,248,0.3,5.7,1.5,1.5,2.2,260.0,115.0,,,293.0,131.0,240.0,147.0,185.0,109.0,277.0,135.0,,2.0,,,,,,0.06,0.04,0.1,1.69,0.0,0.29,1.14,1.14,5.58,15,0,0.0,0.0,0.0,0.0,0.0,0.0,0.0,0.0,0.0,0.0,0.0,0.0,0.0,0.0,124.0,294.0,0.0,0.0,0.0,0.0,0.0,0.0,0.0,0.0,0.0,0.0,0.0,0.0,0.0
211,Aaron,Ramsey,A.Ramsey,u,has joined Leicester City on loan for the rest of the season.,,4.4,509,298.0,1.7,144,48.0,0.0,551.0,195.0,0,0,0.0,-1,1.0,0,9947,0.0,0.0,0.0,0.0,0.0,608.0,230.0,0.0,0.0,603.0,224.0,594.0,224.0,574.0,220.0,604.0,225.0,,,,,,,,0.0,0.0,0.0,0.0,0.0,0.0,0.0,0.0,0.0,15,0,0.0,0.0,0.0,0.0,0.0,0.0,0.0,0.0,0.0,0.0,0.0,0.0,0.0,0.0,0.0,11662.0,0.0,0.0,0.0,0.0,0.0,0.0,0.0,0.0,0.0,0.0,0.0,0.0,0.0
212,Oluwaseun,Adewumi,Adewumi,u,Has joined Cercle Brugge on loan for the rest of the season.,,4.5,460,278.0,0.0,715,310.0,0.0,622.0,248.0,0,0,0.0,0,0.0,0,27,0.0,0.0,0.0,0.0,0.0,674.0,279.0,0.0,0.0,672.0,276.0,664.0,275.0,651.0,273.0,673.0,277.0,,,,,,,,0.0,0.0,0.0,0.0,0.0,0.0,0.0,0.0,0.0,15,0,0.0,0.0,0.0,0.0,0.0,0.0,0.0,0.0,0.0,0.0,0.0,0.0,0.0,0.0,0.0,29.0,0.0,0.0,0.0,0.0,0.0,0.0,0.0,0.0,0.0,0.0,0.0,0.0,0.0
213,Jaydon,Banel,Banel,a,,,4.5,448,271.0,0.0,586,222.0,0.0,611.0,241.0,0,0,0.0,0,0.0,175,320,0.0,0.0,0.0,0.0,0.0,664.0,273.0,,,661.0,269.0,653.0,268.0,640.0,266.0,662.0,270.0,,,,,,,,0.0,0.0,0.0,0.0,0.0,0.0,0.0,0.0,0.0,15,0,0.0,0.0,0.0,0.0,0.0,0.0,0.0,0.0,0.0,0.0,0.0,0.0,0.0,0.0,206.0,402.0,0.0,0.0,0.0,0.0,0.0,0.0,0.0,0.0,0.0,0.0,0.0,0.0,0.0
214,Mike,Trésor Ndayishimiye,Trésor,a,,,4.4,506,297.0,0.1,519,182.0,0.0,549.0,194.0,0,0,0.0,-1,1.0,225,540,0.0,0.0,0.0,0.0,0.0,606.0,229.0,,,601.0,223.0,592.0,223.0,572.0,219.0,602.0,224.0,,,,,,,,0.0,0.0,0.0,0.0,0.0,0.0,0.0,0.0,0.0,15,0,0.0,0.0,0.0,0.0,0.0,0.0,0.0,0.0,0.0,0.0,0.0,0.0,0.0,0.0,249.0,620.0,0.0,0.0,0.0,0.0,0.0,0.0,0.0,0.0,0.0,0.0,0.0,0.0,0.0
641,Alfie,Pond,Pond,a,,,3.9,722,217.0,1.3,169,67.0,0.0,423.0,158.0,0,0,0.0,-1,1.0,651,6910,0.0,0.0,-1.0,0.0,0.0,501.0,183.0,,,496.0,185.0,481.0,184.0,450.0,173.0,496.0,185.0,,,,,,,,0.0,0.0,0.0,0.0,0.0,0.0,0.0,0.0,0.0,15,0,0.0,0.0,0.0,0.0,0.0,0.0,0.0,0.0,0.0,0.0,0.0,0.0,0.0,0.0,910.0,7578.0,0.0,0.0,0.0,0.0,0.0,0.0,0.0,0.0,0.0,0.0,0.0,0.0,0.0
215,Zian,Flemming,Flemming,a,,,5.3,194,43.0,0.6,224,35.0,3.5,95.0,12.0,5,0,0.0,-2,2.0,32403,6388,0.7,7.4,3.5,3.5,3.2,146.0,13.0,,,137.0,10.0,260.0,29.0,63.0,23.0,138.0,18.0,,,1.0,,,,,0.49,0.02,0.51,2.01,0.0,0.16,1.59,1.11,4.45,15,5,4.0,1.0,0.0,0.0,0.0,0.0,0.0,0.0,0.0,0.0,0.0,0.0,0.0,14.0,33802.0,8707.0,0.0,1.06,0.0,1.06,0.040000000000000924,31.0,1.0,26.0,5.800000000000004,0.0,0.0,1.0,1.0
216,Zeki,Amdouni,Amdouni,i,Knee injury - Unknown return date,,4.8,361,58.0,0.0,646,81.0,0.0,658.0,65.0,0,0,0.0,-2,2.0,64,58,0.0,0.0,0.0,0.0,0.0,697.0,74.0,0.0,0.0,699.0,74.0,694.0,73.0,684.0,73.0,699.0,74.0,,,,,,,,0.0,0.0,0.0,0.0,0.0,0.0,0.0,0.0,0.0,15,0,0.0,0.0,0.0,0.0,0.0,0.0,0.0,0.0,0.0,0.0,0.0,0.0,0.0,0.0,75.0,79.0,0.0,0.0,0.0,0.0,0.0,0.0,0.0,0.0,0.0,0.0,0.0,0.0,0.0
217,Lyle,Foster,Foster,a,,,5.0,261,51.0,1.2,171,24.0,1.5,233.0,24.0,1,0,0.0,0,0.0,8854,19104,0.3,6.8,1.5,1.5,2.8,192.0,19.0,100.0,100.0,223.0,19.0,168.0,14.0,110.0,30.0,196.0,24.0,,,,,,,,0.18,0.03,0.21,1.78,0.0,0.34,1.79,1.12,4.81,15,1,45.0,0.0,0.0,0.0,2.0,0.0,0.0,0.0,0.0,0.0,0.0,1.0,0.0,2.0,9777.0,21812.0,0.0,0.020000000000000018,0.03,0.050000000000000044,1.4000000000000004,0.0,10.600000000000009,5.0,1.5,0.0,0.0,0.0,0.0
470,Martin,Dúbravka,Dúbravka,a,,,4.0,620,40.0,33.5,8,2.0,2.0,178.0,13.0,3,0,0.0,0,0.0,57595,67442,0.5,10.8,2.0,2.0,2.9,174.0,14.0,100.0,100.0,8.0,2.0,495.0,43.0,464.0,29.0,137.0,2.0,,,,,,,,0.0,0.0,0.0,2.09,3.87,0.13,2.0,1.0,0.0,15,3,90.0,0.0,0.0,0.0,2.0,0.0,0.0,0.0,0.0,0.0,6.0,1.0,0.0,13.0,63939.0,78777.0,0.0,0.0,0.0,0.0,1.7699999999999996,32.599999999999966,0.0,0.0,3.3000000000000043,0.0,4.0,8.0,0.0
676,Lesley,Ugochukwu,Ugochukwu,a,,,5.0,273,168.0,0.1,462,152.0,1.5,234.0,109.0,2,0,0.0,0,0.0,545,2099,0.3,7.6,1.5,1.5,2.7,211.0,92.0,100.0,100.0,203.0,84.0,214.0,133.0,129.0,77.0,204.0,102.0,,,,,,,,0.11,0.01,0.12,2.16,0.0,0.23,1.92,1.02,7.44,15,2,90.0,0.0,0.0,0.0,2.0,0.0,0.0,0.0,0.0,0.0,0.0,1.0,0.0,5.0,582.0,2621.0,0.0,0.0,0.020000000000000004,0.020000000000000018,1.7699999999999996,5.600000000000023,23.299999999999997,4.0,3.299999999999997,0.0,2.0,7.0,9.0
680,Armando,Broja,Broja,a,,,5.2,217,47.0,0.1,424,60.0,1.2,260.0,31.0,2,0,0.0,-3,3.0,1473,664,0.2,1.9,1.2,1.2,1.1,385.0,43.0,100.0,100.0,389.0,41.0,333.0,40.0,221.0,40.0,347.0,42.0,,,,,,,,0.3,0.02,0.32,3.37,0.0,0.0,5.05,0.46,5.05,15,2,85.0,0.0,0.0,0.0,2.0,0.0,0.0,0.0,0.0,0.0,0.0,1.0,0.0,-1.0,1581.0,784.0,0.0,0.4,0.010000000000000002,0.41,1.7199999999999998,4.000000000000002,12.2,23.0,3.8999999999999995,0.0,1.0,4.0,5.0
722,Florentino Ibrain,Morris Luís,Florentino,a,,,5.0,251,155.0,0.0,584,220.0,2.8,142.0,64.0,2,0,0.0,0,0.0,424,1042,0.6,7.8,2.8,2.8,3.2,143.0,63.0,,,135.0,51.0,141.0,101.0,285.0,151.0,183.0,92.0,,,,,,,,0.05,0.02,0.07,1.98,0.0,0.19,1.9,1.04,13.01,15,2,64.0,0.0,0.0,0.0,2.0,0.0,0.0,0.0,0.0,0.0,0.0,1.0,0.0,6.0,454.0,1273.0,0.0,0.0,0.0,0.0,1.5199999999999996,0.39999999999997726,10.0,0.0,1.0,2.0,1.0,4.0,7.0
66,Norberto,Murara Neto,Neto,u,Has joined Botafogo permanently.,,4.5,395,21.0,0.1,531,78.0,0.0,578.0,83.0,0,0,0.0,0,0.0,0,228,0.0,0.0,0.0,0.0,0.0,632.0,85.0,0.0,0.0,629.0,85.0,619.0,77.0,601.0,66.0,630.0,85.0,,,,,,,,0.0,0.0,0.0,0.0,0.0,0.0,0.0,0.0,0.0,15,0,0.0,0.0,0.0,0.0,0.0,0.0,0.0,0.0,0.0,0.0,0.0,0.0,0.0,0.0,0.0,246.0,0.0,0.0,0.0,0.0,0.0,0.0,0.0,0.0,0.0,0.0,0.0,0.0,0.0
70,Alex,Paulsen,Paulsen,u,Has joined Lechia Gdansk on loan for the rest of the season.,,4.0,655,58.0,0.1,525,77.0,0.0,468.0,67.0,0,0,0.0,0,0.0,0,295,0.0,0.0,0.0,0.0,0.0,545.0,73.0,0.0,0.0,540.0,73.0,526.0,61.0,496.0,47.0,540.0,73.0,,,,,,,,0.0,0.0,0.0,0.0,0.0,0.0,0.0,0.0,0.0,15,0,0.0,0.0,0.0,0.0,0.0,0.0,0.0,0.0,0.0,0.0,0.0,0.0,0.0,0.0,0.0,318.0,0.0,0.0,0.0,0.0,0.0,0.0,0.0,0.0,0.0,0.0,0.0,0.0,0.0
22,Mikel,Merino Zazón,Merino,a,,,6.1,85,56.0,4.4,84,28.0,7.0,8.0,6.0,1,1,-1.0,1,-1.0,198628,73619,1.1,8.4,8.0,8.0,3.6,110.0,50.0,,,121.0,46.0,131.0,94.0,78.0,47.0,98.0,59.0,,,,,,,,0.26,0.11,0.37,0.59,0.0,0.37,0.74,0.99,8.94,15,1,45.0,0.0,0.0,0.0,1.0,0.0,0.0,0.0,0.0,0.0,0.0,1.0,0.0,4.0,260882.0,76096.0,0.0,0.0,0.010000000000000009,0.010000000000000231,0.8699999999999997,4.0,1.5999999999999943,2.0,0.7999999999999972,0.0,2.0,3.0,5.0
79,Chris,Mepham,Mepham,u,has joined West Bromwich Albion permanently.,,4.0,633,166.0,0.1,499,182.0,0.0,448.0,172.0,0,0,0.0,0,0.0,0,265,0.0,0.0,0.0,0.0,0.0,525.0,196.0,0.0,0.0,520.0,198.0,506.0,197.0,476.0,187.0,520.0,198.0,,,,,,,,0.0,0.0,0.0,0.0,0.0,0.0,0.0,0.0,0.0,15,0,0.0,0.0,0.0,0.0,0.0,0.0,0.0,0.0,0.0,0.0,0.0,0.0,0.0,0.0,0.0,302.0,0.0,0.0,0.0,0.0,0.0,0.0,0.0,0.0,0.0,0.0,0.0,0.0,0.0
80,Julio,Soler Barreto,Soler,a,,,4.0,670,188.0,0.2,354,128.0,0.2,344.0,122.0,0,0,0.0,0,0.0,513,1054,0.0,0.5,0.2,0.2,1.0,392.0,140.0,100.0,100.0,446.0,159.0,403.0,146.0,388.0,142.0,442.0,157.0,,,,,,,,0.0,0.0,0.0,0.73,0.0,0.0,4.29,0.0,0.0,15,0,0.0,0.0,0.0,0.0,0.0,0.0,0.0,0.0,0.0,0.0,0.0,0.0,0.0,0.0,624.0,1191.0,0.0,0.0,0.0,0.0,0.0,0.0,0.0,0.0,0.0,0.0,0.0,0.0,0.0
81,Justin,Kluivert,Kluivert,a,,,7.0,37,22.0,0.8,204,69.0,1.5,242.0,113.0,3,0,0.0,0,0.0,3271,4678,0.2,3.4,1.5,1.5,1.8,314.0,145.0,100.0,100.0,286.0,126.0,102.0,74.0,224.0,125.0,233.0,119.0,4.0,2.0,1.0,,,,,0.07,0.15,0.22,1.34,0.0,0.49,1.14,0.98,5.7,15,3,73.0,0.0,0.0,1.0,0.0,0.0,0.0,0.0,0.0,0.0,0.0,1.0,0.0,7.0,3973.0,5487.0,0.0,0.0,0.030000000000000027,0.029999999999999805,0.8999999999999995,4.0,12.799999999999983,4.0,2.099999999999998,2.0,0.0,4.0,6.0
82,Antoine,Semenyo,Semenyo,a,,,7.6,20,14.0,42.6,2,1.0,2.0,197.0,89.0,3,-1,1.0,6,-6.0,135852,702596,0.3,10.9,2.0,2.0,5.9,8.0,2.0,100.0,100.0,14.0,4.0,40.0,34.0,5.0,2.0,7.0,5.0,,4.0,3.0,,,,,0.37,0.09,0.46,1.34,0.0,0.36,1.57,1.0,7.79,15,3,90.0,0.0,0.0,1.0,0.0,0.0,0.0,0.0,0.0,0.0,0.0,1.0,0.0,14.0,154839.0,852917.0,0.0,0.17999999999999972,0.1299999999999999,0.3100000000000005,0.9200000000000017,17.0,32.900000000000006,66.0,11.599999999999994,2.0,3.0,0.0,5.0
84,Marcus,Tavernier,Tavernier,a,,,5.5,137,86.0,1.6,149,51.0,3.5,97.0,46.0,5,0,0.0,0,0.0,12486,36349,0.6,11.1,3.5,3.5,4.1,76.0,34.0,,,103.0,34.0,23.0,23.0,50.0,29.0,27.0,22.0,2.0,1.0,4.0,,,,,0.23,0.14,0.37,1.16,0.0,0.47,1.56,1.01,8.33,15,5,90.0,0.0,0.0,1.0,0.0,0.0,0.0,0.0,0.0,0.0,0.0,1.0,0.0,15.0,14091.0,45260.0,0.0,0.25,0.030000000000000027,0.28000000000000025,0.9199999999999999,10.800000000000011,2.5,12.0,2.5,2.0,6.0,8.0,16.0
91,Luis,Sinisterra Lucumí,Sinisterra,u,Has joined Cruzeiro on loan for the rest of the season.,,5.0,254,156.0,0.0,700,300.0,0.0,689.0,293.0,0,0,0.0,0,0.0,0,13,0.0,0.0,0.0,0.0,0.0,717.0,310.0,0.0,0.0,719.0,310.0,716.0,310.0,709.0,308.0,719.0,310.0,,,,,,,,0.0,0.0,0.0,0.0,0.0,0.0,0.0,0.0,0.0,15,0,0.0,0.0,0.0,0.0,0.0,0.0,0.0,0.0,0.0,0.0,0.0,0.0,0.0,0.0,0.0,15.0,0.0,0.0,0.0,0.0,0.0,0.0,0.0,0.0,0.0,0.0,0.0,0.0,0.0
98,Enes,Ünal,Enes Ünal,a,,,5.4,157,38.0,0.0,589,77.0,2.0,192.0,22.0,1,0,0.0,-1,1.0,834,880,0.4,1.7,2.0,2.0,1.8,307.0,32.0,100.0,100.0,357.0,36.0,406.0,50.0,269.0,45.0,370.0,44.0,,,,,,,,1.43,0.13,1.56,0.53,0.0,0.0,0.0,0.0,5.29,15,1,3.0,0.0,0.0,0.0,0.0,0.0,0.0,0.0,0.0,0.0,0.0,0.0,0.0,1.0,1036.0,989.0,0.0,0.0,0.0,0.0,0.03,0.0,0.0,0.0,0.0,0.0,0.0,1.0,1.0
99,Daniel,Adu-Adjei,Adu-Adjei,u,has joined HNK Rijeka permanently.,,4.4,534,74.0,0.2,397,58.0,0.0,571.0,58.0,0,0,0.0,-1,1.0,0,687,0.0,0.0,0.0,0.0,0.0,626.0,67.0,0.0,0.0,622.0,67.0,613.0,66.0,594.0,66.0,623.0,67.0,,,,,,,,0.0,0.0,0.0,0.0,0.0,0.0,0.0,0.0,0.0,15,0,0.0,0.0,0.0,0.0,0.0,0.0,0.0,0.0,0.0,0.0,0.0,0.0,0.0,0.0,0.0,759.0,0.0,0.0,0.0,0.0,0.0,0.0,0.0,0.0,0.0,0.0,0.0,0.0,0.0
100,Junior,Kroupi,Kroupi.Jr,a,,,4.6,393,60.0,3.8,91,15.0,1.2,253.0,30.0,0,0,0.0,1,-1.0,43224,92080,0.3,7.6,1.2,1.2,3.2,139.0,12.0,,,190.0,15.0,235.0,24.0,59.0,22.0,148.0,20.0,,,,,,,,0.59,0.04,0.63,1.6,0.0,0.44,2.22,1.11,6.43,15,0,0.0,0.0,0.0,0.0,0.0,0.0,0.0,0.0,0.0,0.0,0.0,0.0,0.0,0.0,51517.0,102791.0,0.0,0.0,0.0,0.0,0.0,0.0,0.0,0.0,0.0,0.0,0.0,0.0,0.0
391,Ben,Gannon-Doak,Gannon-Doak,i,Hamstring injury - Unknown return date,,4.8,362,226.0,0.0,612,240.0,0.0,659.0,273.0,0,-1,1.0,-2,2.0,8,188,0.0,1.5,0.0,0.0,1.8,300.0,135.0,0.0,0.0,386.0,176.0,349.0,184.0,337.0,173.0,389.0,182.0,,,,,,,,0.15,0.15,0.3,4.52,0.0,0.0,1.7,0.0,5.09,15,0,0.0,0.0,0.0,0.0,0.0,0.0,0.0,0.0,0.0,0.0,0.0,0.0,0.0,0.0,10.0,213.0,0.0,0.0,0.0,0.0,0.0,0.0,0.0,0.0,0.0,0.0,0.0,0.0,0.0
685,Bafodé,Diakité,Diakité,a,,,4.4,504,115.0,0.4,287,106.0,2.8,137.0,47.0,6,0,0.0,-1,1.0,1620,3089,0.6,9.3,2.8,2.8,3.4,121.0,45.0,100.0,100.0,124.0,52.0,266.0,81.0,308.0,99.0,231.0,74.0,,,,,,,,0.0,0.01,0.01,1.44,0.0,0.35,1.65,1.04,8.35,15,6,90.0,0.0,0.0,1.0,0.0,0.0,0.0,0.0,0.0,0.0,0.0,1.0,0.0,22.0,1899.0,3861.0,0.0,0.0,0.01999999999999999,0.020000000000000018,0.9199999999999999,12.400000000000006,0.6000000000000014,2.0,1.5,2.0,4.0,4.0,6.0
687,Remy,Rees-Dottin,Rees-Dottin,a,,,4.4,537,316.0,0.1,426,141.0,0.0,574.0,211.0,0,0,0.0,-1,1.0,80,648,0.0,0.0,0.0,0.0,0.0,629.0,245.0,,,625.0,240.0,616.0,240.0,597.0,236.0,626.0,241.0,,,,,,,,0.0,0.0,0.0,0.0,0.0,0.0,0.0,0.0,0.0,15,0,0.0,0.0,0.0,0.0,0.0,0.0,0.0,0.0,0.0,0.0,0.0,0.0,0.0,0.0,184.0,704.0,0.0,0.0,0.0,0.0,0.0,0.0,0.0,0.0,0.0,0.0,0.0,0.0,0.0
697,Amine,Adli,Adli,a,,,5.4,175,108.0,0.0,592,226.0,2.5,162.0,74.0,1,0,0.0,-1,1.0,296,670,0.5,3.3,2.5,2.5,1.5,348.0,162.0,,,247.0,108.0,200.0,128.0,156.0,94.0,242.0,123.0,,6.0,,,,,,0.22,0.05,0.27,1.57,0.0,0.0,1.88,0.7,12.66,15,1,16.0,0.0,0.0,0.0,0.0,0.0,0.0,0.0,0.0,0.0,0.0,0.0,0.0,4.0,401.0,775.0,0.0,0.0,0.0,0.0,0.03000000000000025,0.20000000000000284,3.0999999999999943,0.0,0.29999999999999716,0.0,0.0,2.0,2.0
713,Álex,Jiménez Sánchez,A.Jimenez,a,,,4.5,449,93.0,0.0,611,216.0,2.8,139.0,49.0,6,0,0.0,0,0.0,527,205,0.6,4.2,2.8,2.8,1.7,319.0,115.0,,,264.0,102.0,256.0,77.0,253.0,73.0,288.0,99.0,,,,,,,,0.04,0.03,0.07,1.53,0.0,0.29,1.6,1.02,5.4,15,6,73.0,0.0,0.0,1.0,0.0,0.0,0.0,0.0,0.0,0.0,0.0,1.0,0.0,16.0,574.0,244.0,0.0,0.06999999999999998,0.020000000000000018,0.08999999999999997,0.9000000000000004,0.0,0.8999999999999986,9.0,0.8999999999999986,0.0,0.0,1.0,0.0
759,Marli,Salmon,Salmon,a,,,4.0,678,195.0,0.0,738,249.0,0.0,488.0,196.0,0,0,0.0,0,0.0,207,15,0.0,0.0,2.3,2.3,0.0,564.0,219.0,,,559.0,221.0,546.0,221.0,517.0,212.0,559.0,221.0,,,,,,,,0.0,0.0,0.0,0.0,0.0,0.0,0.0,0.0,0.0,15,0,0.0,0.0,0.0,0.0,0.0,0.0,0.0,0.0,0.0,0.0,0.0,0.0,0.0,0.0,207.0,15.0,0.0,0.0,0.0,0.0,0.0,0.0,0.0,0.0,0.0,0.0,0.0,0.0,0.0
721,Veljko,Milosavljevic,Milosavljević,i,Knee injury - Expected back 21 Feb,,4.5,478,97.0,0.0,627,219.0,1.0,279.0,99.0,0,0,0.0,0,0.0,15,647,0.2,3.8,0.0,0.5,3.4,122.0,46.0,0.0,50.0,253.0,97.0,350.0,122.0,339.0,118.0,333.0,112.0,,,,,,,,0.04,0.05,0.09,1.07,0.0,0.25,1.48,0.99,9.62,15,0,0.0,0.0,0.0,0.0,0.0,0.0,0.0,0.0,0.0,0.0,0.0,0.0,0.0,0.0,18.0,766.0,0.0,0.0,0.0,0.0,0.0,0.0,0.0,0.0,0.0,0.0,0.0,0.0,0.0
27,Reiss,Nelson,Nelson,d,Knock - 75% chance of playing,,4.8,345,217.0,0.1,466,154.0,0.2,360.0,168.0,0,0,0.0,-2,2.0,162,499,0.0,0.6,0.2,0.2,1.0,415.0,194.0,75.0,100.0,395.0,182.0,399.0,197.0,341.0,175.0,414.0,193.0,,,,,,,,0.17,0.15,0.32,2.44,0.0,0.0,2.9,0.0,29.03,15,0,0.0,0.0,0.0,0.0,0.0,0.0,0.0,0.0,0.0,0.0,0.0,0.0,0.0,0.0,199.0,562.0,0.0,0.0,0.0,0.0,0.0,0.0,0.0,0.0,0.0,0.0,0.0,0.0,0.0
83,Dango,Ouattara,O.Dango,a,,,6.1,88,59.0,1.9,133,44.0,5.8,24.0,11.0,4,1,-1.0,1,-1.0,102495,21701,1.0,10.2,5.8,5.8,4.4,57.0,24.0,100.0,100.0,156.0,61.0,167.0,114.0,22.0,12.0,74.0,43.0,2.0,,,,,,,0.32,0.06,0.38,1.19,0.0,0.28,1.3,1.02,8.16,15,4,87.0,0.0,0.0,0.0,2.0,0.0,0.0,0.0,0.0,0.0,0.0,1.0,0.0,15.0,108818.0,25410.0,0.0,0.0,0.010000000000000009,0.010000000000000675,2.16,16.200000000000017,4.799999999999997,0.0,2.1000000000000014,2.0,6.0,5.0,13.0
101,Caoimhín,Kelleher,Kelleher,a,,,4.5,405,23.0,8.0,55,8.0,2.0,182.0,14.0,2,0,0.0,0,0.0,71502,27421,0.4,8.9,2.0,2.0,2.7,205.0,19.0,100.0,100.0,45.0,10.0,368.0,7.0,607.0,68.0,202.0,9.0,,,,,,,,0.0,0.0,0.0,1.31,2.6,0.13,1.6,1.0,0.0,15,2,90.0,0.0,0.0,0.0,2.0,0.0,0.0,0.0,0.0,0.0,5.0,1.0,0.0,14.0,76352.0,32539.0,0.0,0.0,0.0,0.0,2.1799999999999997,34.80000000000001,0.0,0.0,3.5,0.0,6.0,5.0,0.0
103,Matthew,Cox,Cox,a,,,3.9,718,83.0,0.2,394,60.0,0.0,419.0,43.0,0,-1,1.0,-1,1.0,1002,439,0.0,0.0,0.0,0.0,0.0,497.0,49.0,,,492.0,49.0,477.0,36.0,446.0,22.0,492.0,49.0,,,,,,,,0.0,0.0,0.0,0.0,0.0,0.0,0.0,0.0,0.0,15,0,0.0,0.0,0.0,0.0,0.0,0.0,0.0,0.0,0.0,0.0,0.0,0.0,0.0,0.0,1030.0,487.0,0.0,0.0,0.0,0.0,0.0,0.0,0.0,0.0,0.0,0.0,0.0,0.0,0.0
104,Julian,Eyestone,Eyestone,a,,,3.9,725,85.0,0.2,402,62.0,0.0,426.0,45.0,0,0,0.0,-1,1.0,1948,728,0.0,0.0,0.0,0.0,0.0,504.0,51.0,,,499.0,51.0,484.0,38.0,453.0,24.0,499.0,51.0,,,,,,,,0.0,0.0,0.0,0.0,0.0,0.0,0.0,0.0,0.0,15,0,0.0,0.0,0.0,0.0,0.0,0.0,0.0,0.0,0.0,0.0,0.0,0.0,0.0,0.0,2288.0,835.0,0.0,0.0,0.0,0.0,0.0,0.0,0.0,0.0,0.0,0.0,0.0,0.0,0.0
106,Nathan,Collins,Collins,a,,,4.9,316,54.0,1.5,155,62.0,2.2,171.0,62.0,3,0,0.0,-1,1.0,43891,6348,0.4,8.4,2.2,2.2,2.7,210.0,77.0,,,37.0,17.0,234.0,67.0,88.0,8.0,87.0,22.0,,,,,,,,0.07,0.05,0.12,1.31,0.0,0.14,1.62,0.99,10.44,15,3,90.0,0.0,0.0,0.0,2.0,0.0,0.0,0.0,0.0,0.0,0.0,1.0,0.0,16.0,44522.0,8245.0,0.0,0.0,0.030000000000000027,0.030000000000000027,2.1799999999999997,32.0,11.800000000000004,6.0,5.0,5.0,6.0,10.0,11.0
107,Keane,Lewis-Potter,Lewis-Potter,a,,,4.8,353,62.0,0.3,309,112.0,0.8,298.0,107.0,1,0,0.0,-2,2.0,2651,1589,0.2,5.0,0.8,0.8,1.8,298.0,109.0,,,300.0,113.0,194.0,49.0,271.0,83.0,287.0,98.0,,,,,,,,0.04,0.07,0.11,1.62,0.0,0.37,2.2,0.92,4.78,15,1,2.0,0.0,0.0,0.0,0.0,0.0,0.0,0.0,0.0,0.0,0.0,0.0,0.0,3.0,2749.0,1838.0,0.0,0.0,0.0,0.0,0.030000000000001137,0.0,0.0,0.0,0.0,0.0,0.0,0.0,0.0
108,Kristoffer,Ajer,Ajer,a,,,4.4,491,104.0,0.2,396,147.0,1.0,276.0,96.0,-1,0,0.0,-1,1.0,1086,1076,0.2,5.2,1.0,1.0,2.3,243.0,89.0,100.0,100.0,239.0,94.0,346.0,121.0,142.0,26.0,261.0,88.0,,,,,,,,0.06,0.08,0.14,1.23,0.0,0.15,1.64,1.05,7.92,15,-1,45.0,0.0,0.0,0.0,2.0,0.0,0.0,0.0,1.0,0.0,0.0,1.0,0.0,-7.0,1208.0,1266.0,0.0,0.0,0.0,0.0,1.38,2.8000000000000114,0.6000000000000014,2.0,0.5,2.0,1.0,1.0,3.0
109,Rico,Henry,Henry,a,,,4.3,554,131.0,0.1,438,162.0,1.0,274.0,95.0,1,0,0.0,-2,2.0,788,429,0.2,2.3,1.0,1.0,0.9,446.0,151.0,,,368.0,136.0,337.0,114.0,315.0,103.0,378.0,129.0,,,,,,,,0.04,0.03,0.07,2.13,0.0,0.0,2.23,0.56,5.02,15,1,45.0,0.0,0.0,0.0,0.0,0.0,0.0,0.0,0.0,0.0,0.0,0.0,0.0,4.0,879.0,497.0,0.0,0.010000000000000009,0.04000000000000001,0.04999999999999999,0.7999999999999998,2.8000000000000007,1.9000000000000004,1.0,0.5999999999999996,1.0,3.0,5.0,4.0
110,Michael,Kayode,Kayode,a,,,4.5,473,96.0,0.6,230,87.0,1.0,278.0,98.0,0,0,0.0,0,0.0,15690,5374,0.2,8.4,1.0,1.0,2.5,224.0,81.0,,,97.0,44.0,47.0,8.0,239.0,66.0,84.0,21.0,,,,,,,,0.01,0.11,0.12,1.32,0.0,0.14,1.6,1.04,6.38,15,0,75.0,0.0,0.0,0.0,2.0,0.0,0.0,0.0,1.0,0.0,0.0,1.0,0.0,11.0,16814.0,6657.0,0.0,0.0,0.0,0.0,1.8599999999999994,14.599999999999994,1.6999999999999886,0.0,1.6000000000000014,5.0,4.0,4.0,9.0
111,Ethan,Pinnock,Pinnock,a,,,4.2,607,152.0,0.1,439,163.0,1.0,272.0,93.0,0,-1,1.0,-3,3.0,700,657,0.2,1.0,1.0,1.0,1.3,360.0,128.0,100.0,100.0,307.0,114.0,411.0,151.0,334.0,115.0,368.0,125.0,,,,,,,,0.0,0.02,0.02,1.26,0.0,0.0,1.97,1.18,11.45,15,0,0.0,0.0,0.0,0.0,0.0,0.0,0.0,0.0,0.0,0.0,0.0,0.0,0.0,0.0,807.0,739.0,0.0,0.0,0.0,0.0,0.0,0.0,0.0,0.0,0.0,0.0,0.0,0.0,0.0
112,Mads,Roerslev Rasmussen,Roerslev,u,Has joined Southampton permanently.,,4.5,411,81.0,0.0,680,232.0,0.0,585.0,226.0,0,0,0.0,0,0.0,0,15,0.0,0.0,0.0,0.0,0.0,639.0,236.0,0.0,0.0,636.0,237.0,627.0,237.0,613.0,235.0,637.0,237.0,,,,,,,,0.0,0.0,0.0,0.0,0.0,0.0,0.0,0.0,0.0,15,0,0.0,0.0,0.0,0.0,0.0,0.0,0.0,0.0,0.0,0.0,0.0,0.0,0.0,0.0,0.0,22.0,0.0,0.0,0.0,0.0,0.0,0.0,0.0,0.0,0.0,0.0,0.0,0.0,0.0
123,Fábio,Freitas Gouveia Carvalho,Carvalho,i,Knee injury - Expected back 01 Jun,,4.7,375,234.0,0.1,414,134.0,0.0,645.0,265.0,0,-1,1.0,-3,3.0,15,1513,0.0,2.8,0.0,0.0,2.2,258.0,113.0,0.0,0.0,352.0,160.0,383.0,194.0,273.0,145.0,360.0,172.0,4.0,,4.0,,,,,0.63,0.03,0.66,1.87,0.0,0.0,3.6,0.9,7.2,15,0,0.0,0.0,0.0,0.0,0.0,0.0,0.0,0.0,0.0,0.0,0.0,0.0,0.0,0.0,16.0,1795.0,0.0,0.0,0.0,0.0,0.0,0.0,0.0,0.0,0.0,0.0,0.0,0.0,0.0
124,Jordan,Henderson,Henderson,a,,,5.0,241,148.0,0.4,272,98.0,3.8,75.0,36.0,4,0,0.0,0,0.0,4630,3532,0.8,8.8,3.8,3.8,2.9,180.0,79.0,,,141.0,54.0,55.0,42.0,318.0,167.0,135.0,69.0,,,,,,,,0.01,0.1,0.11,1.24,0.0,0.24,1.44,1.04,8.78,15,4,90.0,0.0,0.0,0.0,2.0,0.0,0.0,0.0,0.0,0.0,0.0,1.0,0.0,14.0,5086.0,4063.0,0.0,0.0,0.09999999999999987,0.10000000000000009,2.1799999999999997,27.200000000000017,15.799999999999983,0.0,4.299999999999997,5.0,4.0,5.0,14.0
125,Vitaly,Janelt,Janelt,a,,,4.9,301,186.0,0.0,670,280.0,0.8,299.0,137.0,1,0,0.0,-1,1.0,155,148,0.2,2.7,0.8,0.8,1.3,368.0,171.0,100.0,100.0,359.0,163.0,219.0,136.0,291.0,154.0,329.0,159.0,5.0,,,,,,,0.1,0.16,0.26,1.18,0.0,0.0,1.57,0.39,12.18,15,1,14.0,0.0,0.0,0.0,0.0,0.0,0.0,0.0,0.0,0.0,0.0,0.0,0.0,5.0,183.0,165.0,0.0,0.0,0.04999999999999999,0.050000000000000044,0.33000000000000007,1.9999999999999964,11.700000000000003,2.0,1.5999999999999996,0.0,0.0,0.0,0.0
51,Samuel,Iling-Junior,Iling Jr,u,has joined West Bromwich Albion on loan for the rest of the season,,5.5,147,93.0,0.0,655,271.0,0.0,729.0,322.0,0,0,0.0,0,0.0,0,21,0.0,0.0,0.0,0.0,0.0,743.0,329.0,0.0,0.0,745.0,329.0,744.0,329.0,742.0,328.0,745.0,329.0,,,,,,,,0.0,0.0,0.0,0.0,0.0,0.0,0.0,0.0,0.0,15,0,0.0,0.0,0.0,0.0,0.0,0.0,0.0,0.0,0.0,0.0,0.0,0.0,0.0,0.0,0.0,23.0,0.0,0.0,0.0,0.0,0.0,0.0,0.0,0.0,0.0,0.0,0.0,0.0,0.0
126,Mathias,Jensen,Jensen,a,,,4.9,304,188.0,0.1,503,173.0,1.5,229.0,105.0,1,0,0.0,-1,1.0,407,723,0.3,5.5,1.5,1.5,2.1,266.0,120.0,,,232.0,101.0,191.0,125.0,261.0,142.0,255.0,128.0,3.0,,,,,,,0.12,0.06,0.18,1.3,0.0,0.0,1.81,0.91,9.07,15,1,29.0,0.0,0.0,0.0,0.0,0.0,0.0,0.0,0.0,0.0,0.0,0.0,0.0,4.0,476.0,851.0,0.0,0.0,0.0,0.0,0.4300000000000006,2.799999999999997,0.5999999999999943,0.0,0.3000000000000007,0.0,1.0,0.0,1.0
127,Gustavo,Nunes Fernandes Gomes,Nunes,a,,,4.9,336,209.0,0.0,687,292.0,0.0,684.0,290.0,0,0,0.0,-1,1.0,100,96,0.0,0.0,0.0,0.0,0.0,713.0,307.0,100.0,100.0,715.0,307.0,711.0,307.0,704.0,305.0,715.0,307.0,,,,,,,,0.0,0.0,0.0,0.0,0.0,0.0,0.0,0.0,0.0,15,0,0.0,0.0,0.0,0.0,0.0,0.0,0.0,0.0,0.0,0.0,0.0,0.0,0.0,0.0,116.0,110.0,0.0,0.0,0.0,0.0,0.0,0.0,0.0,0.0,0.0,0.0,0.0,0.0,0.0
128,Frank,Onyeka,Onyeka,a,,,4.8,354,221.0,0.1,560,209.0,0.0,655.0,272.0,0,0,0.0,-2,2.0,141,233,0.0,2.5,0.0,0.0,2.0,283.0,127.0,,,369.0,168.0,352.0,185.0,379.0,193.0,390.0,183.0,,,,,,,,0.0,0.37,0.37,2.07,0.0,0.0,2.05,0.0,10.23,15,0,0.0,0.0,0.0,0.0,0.0,0.0,0.0,0.0,0.0,0.0,0.0,0.0,0.0,0.0,166.0,270.0,0.0,0.0,0.0,0.0,0.0,0.0,0.0,0.0,0.0,0.0,0.0,0.0,0.0
129,Yehor,Yarmoliuk,Yarmoliuk,a,,,5.0,274,169.0,0.1,518,181.0,1.2,259.0,119.0,1,0,0.0,0,0.0,202,631,0.2,7.6,1.2,1.2,2.5,227.0,101.0,100.0,100.0,196.0,79.0,149.0,104.0,248.0,136.0,216.0,108.0,,,,,,,,0.03,0.04,0.07,1.32,0.0,0.16,1.61,1.13,10.31,15,1,75.0,0.0,0.0,0.0,2.0,0.0,0.0,0.0,1.0,0.0,0.0,1.0,0.0,3.0,228.0,770.0,0.0,0.0,0.010000000000000009,0.010000000000000009,1.8599999999999994,5.200000000000017,1.7000000000000028,0.0,0.6999999999999993,1.0,3.0,2.0,6.0
132,Paris,Maghoma,Maghoma,a,,,4.5,409,246.0,0.0,657,273.0,0.0,584.0,217.0,0,0,0.0,0,0.0,331,213,0.0,0.0,0.0,0.0,0.0,638.0,250.0,100.0,100.0,635.0,246.0,626.0,245.0,611.0,242.0,636.0,247.0,,,,,,,,0.0,0.0,0.0,0.0,0.0,0.0,0.0,0.0,0.0,15,0,0.0,0.0,0.0,0.0,0.0,0.0,0.0,0.0,0.0,0.0,0.0,0.0,0.0,0.0,388.0,240.0,0.0,0.0,0.0,0.0,0.0,0.0,0.0,0.0,0.0,0.0,0.0,0.0,0.0
133,Myles,Peart-Harris,Peart-Harris,a,,,4.4,510,299.0,0.0,604,235.0,0.0,552.0,196.0,0,0,0.0,-1,1.0,76,224,0.0,0.0,0.0,0.0,0.0,609.0,231.0,,,604.0,225.0,595.0,225.0,575.0,221.0,605.0,226.0,,,,,,,,0.0,0.0,0.0,0.0,0.0,0.0,0.0,0.0,0.0,15,0,0.0,0.0,0.0,0.0,0.0,0.0,0.0,0.0,0.0,0.0,0.0,0.0,0.0,0.0,94.0,249.0,0.0,0.0,0.0,0.0,0.0,0.0,0.0,0.0,0.0,0.0,0.0,0.0,0.0
134,Ryan,Trevitt,Trevitt,u,Has joined Wigan on loan for the rest of the season,,4.5,469,285.0,0.0,733,320.0,0.0,630.0,254.0,0,0,0.0,0,0.0,0,8,0.0,0.0,0.0,0.0,0.0,682.0,285.0,0.0,0.0,680.0,282.0,672.0,281.0,659.0,279.0,681.0,283.0,,,,,,,,0.0,0.0,0.0,0.0,0.0,0.0,0.0,0.0,0.0,15,0,0.0,0.0,0.0,0.0,0.0,0.0,0.0,0.0,0.0,0.0,0.0,0.0,0.0,0.0,0.0,10.0,0.0,0.0,0.0,0.0,0.0,0.0,0.0,0.0,0.0,0.0,0.0,0.0,0.0
136,Igor Thiago,Nascimento Rodrigues,Thiago,a,,,7.1,34,15.0,36.3,4,2.0,5.0,42.0,3.0,2,3,-3.0,11,-11.0,1177192,59827,0.7,11.3,5.0,5.0,5.3,18.0,2.0,,,4.0,2.0,134.0,8.0,2.0,2.0,4.0,2.0,,,2.0,,,,,0.66,0.02,0.68,1.36,0.0,0.15,1.62,1.03,5.75,15,2,90.0,0.0,0.0,0.0,2.0,0.0,0.0,0.0,0.0,0.0,0.0,1.0,0.0,4.0,1312128.0,75700.0,0.0,0.2699999999999996,0.020000000000000018,0.2900000000000009,2.1799999999999997,4.599999999999966,1.0,32.0,3.799999999999997,0.0,1.0,4.0,5.0
151,Jan Paul,van Hecke,Van Hecke,a,,,4.5,428,87.0,3.5,95,34.0,6.2,13.0,5.0,5,0,0.0,0,0.0,102539,28154,1.4,14.4,5.7,6.2,4.3,62.0,28.0,,,3.0,1.0,189.0,47.0,68.0,5.0,33.0,2.0,,,,,,,,0.12,0.03,0.15,1.29,0.0,0.2,1.4,1.0,8.2,15,5,90.0,0.0,1.0,0.0,1.0,0.0,0.0,0.0,0.0,0.0,0.0,1.0,0.0,23.0,153728.0,30145.0,0.0,0.07000000000000006,0.16999999999999998,0.2400000000000002,1.1400000000000006,34.599999999999966,31.299999999999997,8.0,7.400000000000006,1.0,5.0,2.0,6.0
156,Charlie,Tasker,Tasker,a,,,3.9,726,220.0,0.1,411,156.0,0.0,427.0,161.0,0,0,0.0,-1,1.0,212,573,0.0,0.0,-0.5,0.0,0.0,505.0,186.0,,,500.0,188.0,485.0,187.0,454.0,176.0,500.0,188.0,,,,,,,,0.0,0.0,0.0,0.0,0.0,0.0,0.0,0.0,0.0,15,0,0.0,0.0,0.0,0.0,0.0,0.0,0.0,0.0,0.0,0.0,0.0,0.0,0.0,0.0,247.0,662.0,0.0,0.0,0.0,0.0,0.0,0.0,0.0,0.0,0.0,0.0,0.0,0.0,0.0
157,Mitoma,Kaoru,Mitoma,a,,,6.1,86,57.0,1.7,142,47.0,0.0,739.0,329.0,0,0,0.0,-4,4.0,854,4473,0.0,3.3,-0.5,0.0,3.3,137.0,62.0,100.0,50.0,268.0,116.0,164.0,111.0,163.0,98.0,243.0,124.0,,,,,,,,0.13,0.05,0.18,1.42,0.0,0.18,1.42,1.06,3.9,15,0,0.0,0.0,0.0,0.0,0.0,0.0,0.0,0.0,0.0,0.0,0.0,0.0,0.0,0.0,895.0,5448.0,0.0,0.0,0.0,0.0,0.0,0.0,0.0,0.0,0.0,0.0,0.0,0.0,0.0
158,Georginio,Rutter,Georginio,a,,,5.6,129,81.0,0.3,301,104.0,3.5,100.0,48.0,8,-1,1.0,-4,4.0,3716,3119,0.6,7.9,3.0,2.6,3.4,125.0,56.0,100.0,75.0,185.0,74.0,95.0,69.0,44.0,26.0,85.0,52.0,,,,,,,,0.14,0.16,0.3,0.99,0.0,0.4,0.89,1.09,6.03,15,8,90.0,1.0,0.0,0.0,1.0,0.0,0.0,0.0,0.0,0.0,0.0,1.0,1.0,33.0,3753.0,4419.0,0.0,0.4800000000000001,0.18000000000000016,0.6600000000000001,1.1400000000000006,48.2,21.5,82.0,15.199999999999996,2.0,4.0,1.0,7.0
167,Carlos,Baleba,Baleba,a,,,4.6,391,241.0,1.8,141,46.0,1.8,204.0,92.0,1,-1,1.0,-4,4.0,5080,16344,0.4,5.0,1.3,1.8,1.5,344.0,158.0,,,316.0,144.0,223.0,138.0,335.0,172.0,320.0,154.0,,,,,,,,0.02,0.02,0.04,1.25,0.0,0.43,1.19,1.41,10.83,15,1,59.0,0.0,0.0,0.0,0.0,0.0,0.0,0.0,0.0,0.0,0.0,1.0,0.0,3.0,5954.0,18264.0,0.0,0.0,0.010000000000000009,0.010000000000000009,0.7199999999999989,1.1999999999999957,2.299999999999997,0.0,0.40000000000000036,1.0,0.0,3.0,4.0
169,Diego,Gómez Amarilla,Gomez,a,,,4.9,332,205.0,0.2,355,121.0,1.8,209.0,96.0,2,0,0.0,-1,1.0,781,8124,0.4,7.1,1.3,1.8,2.5,225.0,99.0,100.0,100.0,133.0,50.0,81.0,60.0,47.0,28.0,59.0,39.0,,3.0,,,,,,0.25,0.08,0.33,1.18,0.0,0.31,1.34,1.03,9.72,15,2,90.0,0.0,0.0,0.0,1.0,0.0,0.0,0.0,0.0,0.0,0.0,1.0,0.0,13.0,1217.0,9305.0,0.0,0.3799999999999999,0.09000000000000008,0.4700000000000002,1.1400000000000006,10.199999999999989,25.299999999999983,15.0,5.100000000000001,2.0,1.0,8.0,11.0
173,Mats,Wieffer,Wieffer,a,,,4.9,325,201.0,0.4,290,101.0,4.5,55.0,26.0,2,0,0.0,-1,1.0,3451,9537,0.9,11.0,4.0,4.5,4.2,69.0,31.0,100.0,100.0,85.0,27.0,72.0,52.0,132.0,79.0,82.0,50.0,,,,,,,,0.08,0.1,0.18,1.15,0.0,0.27,1.26,0.99,13.96,15,2,90.0,0.0,0.0,0.0,1.0,0.0,0.0,0.0,0.0,0.0,0.0,1.0,0.0,9.0,6296.0,10322.0,0.0,0.56,0.029999999999999805,0.5900000000000001,1.1400000000000006,5.399999999999977,16.100000000000023,15.0,3.6999999999999957,1.0,1.0,2.0,4.0
174,Malick,Yalcouyé,Yalcouye,u,Has joined Swansea City on loan for the rest of the season.,,5.0,281,175.0,0.0,726,318.0,0.0,700.0,302.0,0,0,0.0,0,0.0,0,4,0.0,0.0,0.0,0.0,0.0,727.0,318.0,0.0,0.0,729.0,318.0,726.0,318.0,719.0,316.0,729.0,318.0,,,,,,,,0.0,0.0,0.0,0.0,0.0,0.0,0.0,0.0,0.0,15,0,0.0,0.0,0.0,0.0,0.0,0.0,0.0,0.0,0.0,0.0,0.0,0.0,0.0,0.0,0.0,4.0,0.0,0.0,0.0,0.0,0.0,0.0,0.0,0.0,0.0,0.0,0.0,0.0,0.0
175,Joe,Knight,Knight,a,,,4.4,530,312.0,0.1,492,170.0,0.0,567.0,207.0,0,-1,1.0,-1,1.0,277,579,0.0,0.2,-0.5,0.0,1.0,402.0,184.0,,,618.0,236.0,609.0,236.0,590.0,232.0,619.0,237.0,,,,,,,,0.0,0.0,0.0,0.0,0.0,0.0,0.0,0.0,0.0,15,0,0.0,0.0,0.0,0.0,0.0,0.0,0.0,0.0,0.0,0.0,0.0,0.0,0.0,0.0,327.0,634.0,0.0,0.0,0.0,0.0,0.0,0.0,0.0,0.0,0.0,0.0,0.0,0.0,0.0
176,Adrian,Mazilu,Mazilu,u,has joined Dinamo Bucharest permanently.,,4.5,446,269.0,0.0,650,267.0,0.0,609.0,239.0,0,0,0.0,0,0.0,0,75,0.0,0.0,0.0,0.0,0.0,662.0,271.0,0.0,0.0,659.0,267.0,651.0,266.0,638.0,264.0,660.0,268.0,,,,,,,,0.0,0.0,0.0,0.0,0.0,0.0,0.0,0.0,0.0,15,0,0.0,0.0,0.0,0.0,0.0,0.0,0.0,0.0,0.0,0.0,0.0,0.0,0.0,0.0,0.0,82.0,0.0,0.0,0.0,0.0,0.0,0.0,0.0,0.0,0.0,0.0,0.0,0.0,0.0
177,Andrew,Moran,Moran,u,Has joined Los Angeles FC on loan for the rest of the season.,,4.5,439,263.0,0.0,669,279.0,0.0,604.0,234.0,0,0,0.0,0,0.0,0,42,0.0,0.0,0.0,0.0,0.0,657.0,266.0,0.0,0.0,654.0,262.0,646.0,261.0,633.0,259.0,655.0,263.0,,,,,,,,0.0,0.0,0.0,0.0,0.0,0.0,0.0,0.0,0.0,15,0,0.0,0.0,0.0,0.0,0.0,0.0,0.0,0.0,0.0,0.0,0.0,0.0,0.0,0.0,0.0,48.0,0.0,0.0,0.0,0.0,0.0,0.0,0.0,0.0,0.0,0.0,0.0,0.0,0.0
178,Danny,Welbeck,Welbeck,a,,,6.5,52,18.0,9.0,44,8.0,3.2,117.0,15.0,2,-1,1.0,0,0.0,70045,308504,0.5,8.9,2.7,3.2,3.9,85.0,8.0,,,84.0,7.0,109.0,5.0,24.0,12.0,41.0,7.0,,2.0,2.0,,,,,0.51,0.05,0.56,1.24,0.0,0.28,1.48,1.01,4.06,15,2,90.0,0.0,0.0,0.0,1.0,0.0,0.0,0.0,0.0,0.0,0.0,1.0,0.0,4.0,101873.0,329499.0,0.0,0.0699999999999994,0.019999999999999907,0.08999999999999986,1.1400000000000006,0.5999999999999659,11.599999999999994,25.0,3.700000000000003,0.0,1.0,2.0,3.0
179,Evan,Ferguson,Ferguson,u,Has joined AS Roma on loan for the rest of the season,,5.5,148,36.0,0.0,711,83.0,0.0,730.0,75.0,0,0,0.0,0,0.0,0,3,0.0,0.0,0.0,0.0,0.0,744.0,79.0,0.0,0.0,746.0,79.0,745.0,79.0,743.0,79.0,746.0,79.0,,,,,,,,0.0,0.0,0.0,0.0,0.0,0.0,0.0,0.0,0.0,15,0,0.0,0.0,0.0,0.0,0.0,0.0,0.0,0.0,0.0,0.0,0.0,0.0,0.0,0.0,0.0,3.0,0.0,0.0,0.0,0.0,0.0,0.0,0.0,0.0,0.0,0.0,0.0,0.0,0.0
180,Stefanos,Tzimas,Tzimas,i,Knee injury - Expected back 01 Jun,,5.3,208,45.0,0.1,469,66.0,1.5,235.0,25.0,0,0,0.0,-2,2.0,61,1380,0.3,3.0,0.0,0.0,1.8,306.0,31.0,0.0,0.0,304.0,29.0,221.0,22.0,255.0,42.0,293.0,33.0,,,,,,,,0.3,0.08,0.38,1.77,0.0,0.0,1.36,0.68,10.23,15,0,0.0,0.0,0.0,0.0,0.0,0.0,0.0,0.0,0.0,0.0,0.0,0.0,0.0,0.0,66.0,1746.0,0.0,0.0,0.0,0.0,0.0,0.0,0.0,0.0,0.0,0.0,0.0,0.0,0.0
181,Charalampos,Kostoulas,Kostoulas,a,,,4.8,366,59.0,0.3,296,47.0,0.5,320.0,37.0,1,0,0.0,-2,2.0,2468,2191,0.1,2.1,0.0,0.5,1.7,322.0,34.0,,,330.0,32.0,293.0,34.0,143.0,33.0,289.0,32.0,,,,,,,,0.87,0.04,0.91,2.68,0.0,0.0,4.5,0.0,19.5,15,1,18.0,0.0,0.0,0.0,1.0,0.0,0.0,0.0,0.0,0.0,0.0,0.0,0.0,2.0,2752.0,2443.0,0.0,0.24999999999999994,0.0,0.25,0.41999999999999993,3.1999999999999957,11.800000000000004,31.0,4.6,1.0,0.0,2.0,3.0
744,Nehemiah,Oriola,Oriola,a,,,4.5,451,272.0,0.0,707,304.0,0.0,613.0,242.0,0,0,0.0,0,0.0,130,161,0.0,0.2,-0.5,0.0,1.0,405.0,186.0,,,663.0,270.0,655.0,269.0,642.0,267.0,664.0,271.0,,,,,,,,0.0,0.0,0.0,0.0,0.0,0.0,0.0,0.0,0.0,15,0,0.0,0.0,0.0,0.0,0.0,0.0,0.0,0.0,0.0,0.0,0.0,0.0,0.0,0.0,156.0,179.0,0.0,0.0,0.0,0.0,0.0,0.0,0.0,0.0,0.0,0.0,0.0,0.0,0.0
168,Facundo,Buonanotte,Buonanotte,a,,,4.6,392,242.0,0.1,491,169.0,0.0,642.0,264.0,0,0,0.0,-4,4.0,257,611,0.0,0.2,0.0,0.0,1.0,412.0,191.0,100.0,100.0,424.0,195.0,316.0,176.0,345.0,176.0,398.0,188.0,,,,,,,,0.0,0.18,0.18,1.1,0.0,0.0,2.0,2.0,6.0,15,0,0.0,0.0,0.0,0.0,0.0,0.0,0.0,0.0,0.0,0.0,0.0,0.0,0.0,0.0,334.0,680.0,0.0,0.0,0.0,0.0,0.0,0.0,0.0,0.0,0.0,0.0,0.0,0.0,0.0
220,Robert,Lynch Sánchez,Sánchez,a,,,4.9,307,13.0,14.6,25,3.0,5.0,37.0,2.0,10,1,-1.0,-1,1.0,124607,36426,1.0,11.6,5.0,5.0,3.8,92.0,9.0,,,91.0,15.0,303.0,2.0,694.0,80.0,229.0,14.0,,,,,,,,0.0,0.0,0.0,1.28,2.14,0.5,1.07,1.07,0.0,15,10,90.0,0.0,0.0,1.0,0.0,0.0,0.0,0.0,0.0,0.0,5.0,1.0,3.0,35.0,133335.0,48924.0,0.0,0.0,0.0,0.0,1.4200000000000017,40.79999999999998,0.0,0.0,4.100000000000001,0.0,1.0,5.0,0.0
188,Hannes,Delcroix,Delcroix,a,,,3.8,741,232.0,0.3,310,113.0,0.0,379.0,136.0,0,0,0.0,-2,2.0,2243,1851,0.0,0.0,0.0,0.0,0.0,460.0,163.0,,,456.0,166.0,439.0,164.0,405.0,150.0,454.0,164.0,,,,,,,,0.0,0.0,0.0,0.0,0.0,0.0,0.0,0.0,0.0,15,0,0.0,0.0,0.0,0.0,0.0,0.0,0.0,0.0,0.0,0.0,0.0,0.0,0.0,0.0,2580.0,2082.0,0.0,0.0,0.0,0.0,0.0,0.0,0.0,0.0,0.0,0.0,0.0,0.0,0.0
189,Owen,Dodgson,Dodgson,u,Has joined Stockport County on loan for the rest of the season.,,4.0,643,171.0,0.0,684,234.0,0.0,458.0,177.0,0,0,0.0,0,0.0,0,39,0.0,0.0,0.0,0.0,0.0,535.0,201.0,0.0,0.0,530.0,203.0,516.0,202.0,486.0,192.0,530.0,203.0,,,,,,,,0.0,0.0,0.0,0.0,0.0,0.0,0.0,0.0,0.0,15,0,0.0,0.0,0.0,0.0,0.0,0.0,0.0,0.0,0.0,0.0,0.0,0.0,0.0,0.0,0.0,42.0,0.0,0.0,0.0,0.0,0.0,0.0,0.0,0.0,0.0,0.0,0.0,0.0,0.0
221,Filip,Jörgensen,Jörgensen,a,,,4.3,579,33.0,0.2,386,58.0,0.0,521.0,80.0,0,0,0.0,-2,2.0,258,614,0.0,0.2,0.0,0.0,1.0,400.0,29.0,,,411.0,29.0,572.0,74.0,549.0,62.0,431.0,29.0,,,,,,,,0.0,0.0,0.0,1.92,1.07,0.0,2.14,0.0,0.0,15,0,0.0,0.0,0.0,0.0,0.0,0.0,0.0,0.0,0.0,0.0,0.0,0.0,0.0,0.0,296.0,689.0,0.0,0.0,0.0,0.0,0.0,0.0,0.0,0.0,0.0,0.0,0.0,0.0,0.0
223,Gabriel,Słonina,Slonina,a,,,3.9,710,78.0,0.1,433,67.0,0.0,413.0,38.0,0,0,0.0,-1,1.0,383,549,0.0,0.0,0.0,0.0,0.0,491.0,44.0,,,486.0,44.0,471.0,31.0,440.0,17.0,486.0,44.0,,,,,,,,0.0,0.0,0.0,0.0,0.0,0.0,0.0,0.0,0.0,15,0,0.0,0.0,0.0,0.0,0.0,0.0,0.0,0.0,0.0,0.0,0.0,0.0,0.0,0.0,542.0,604.0,0.0,0.0,0.0,0.0,0.0,0.0,0.0,0.0,0.0,0.0,0.0,0.0,0.0
4,Tommy,Setford,Setford,a,,,3.9,727,86.0,0.2,352,51.0,0.0,428.0,46.0,0,0,0.0,-1,1.0,2013,1519,0.0,0.0,1.0,1.0,0.0,506.0,52.0,,,501.0,52.0,486.0,39.0,455.0,25.0,501.0,52.0,,,,,,,,0.0,0.0,0.0,0.0,0.0,0.0,0.0,0.0,0.0,15,0,0.0,0.0,0.0,0.0,0.0,0.0,0.0,0.0,0.0,0.0,0.0,0.0,0.0,0.0,2516.0,1676.0,0.0,0.0,0.0,0.0,0.0,0.0,0.0,0.0,0.0,0.0,0.0,0.0,0.0
191,Maxime,Estève,Estève,a,,,3.9,711,212.0,11.5,34,12.0,3.2,104.0,35.0,3,0,0.0,-1,1.0,52546,63784,0.8,10.5,3.2,3.2,2.7,203.0,73.0,,,36.0,16.0,218.0,62.0,252.0,72.0,132.0,47.0,,,,,,,,0.01,0.03,0.04,2.1,0.0,0.13,2.01,1.01,10.53,15,3,90.0,0.0,0.0,0.0,2.0,0.0,0.0,0.0,0.0,0.0,0.0,1.0,0.0,6.0,59451.0,72698.0,0.0,0.0,0.030000000000000027,0.029999999999999916,1.7699999999999996,28.399999999999977,14.400000000000006,2.0,4.5,1.0,9.0,0.0,10.0
226,Trevoh,Chalobah,Chalobah,a,,,5.4,158,18.0,15.5,24,8.0,6.8,11.0,4.0,11,2,-2.0,4,-4.0,573189,20773,1.3,15.2,6.8,6.8,5.9,7.0,5.0,100.0,100.0,17.0,7.0,196.0,51.0,103.0,15.0,70.0,17.0,,,,,,,,0.07,0.05,0.12,1.14,0.0,0.53,1.05,1.05,8.55,15,11,90.0,0.0,0.0,1.0,0.0,0.0,0.0,0.0,0.0,0.0,0.0,1.0,3.0,35.0,586228.0,33040.0,0.0,0.0,0.010000000000000009,0.010000000000000009,1.4200000000000017,27.600000000000023,0.7999999999999972,0.0,2.8000000000000043,2.0,9.0,3.0,11.0
227,Levi,Samuels Colwill,Colwill,i,Anterior cruciate ligament - Unknown return date,,4.8,357,63.0,0.1,448,165.0,0.0,657.0,235.0,0,0,0.0,-2,2.0,23,120,0.0,0.0,0.0,0.0,0.0,696.0,242.0,0.0,0.0,698.0,244.0,693.0,244.0,683.0,243.0,698.0,244.0,,,,,,,,0.0,0.0,0.0,0.0,0.0,0.0,0.0,0.0,0.0,15,0,0.0,0.0,0.0,0.0,0.0,0.0,0.0,0.0,0.0,0.0,0.0,0.0,0.0,0.0,33.0,134.0,0.0,0.0,0.0,0.0,0.0,0.0,0.0,0.0,0.0,0.0,0.0,0.0,0.0
228,Malo,Gusto,Gusto,a,,,4.9,327,56.0,1.7,146,57.0,2.8,141.0,50.0,7,0,0.0,-1,1.0,15561,10623,0.6,10.2,2.8,2.8,3.8,94.0,35.0,100.0,100.0,175.0,75.0,103.0,26.0,177.0,35.0,158.0,51.0,,,,,,,,0.09,0.06,0.15,1.47,0.0,0.56,0.79,0.9,5.42,15,7,90.0,0.0,0.0,1.0,0.0,0.0,0.0,0.0,0.0,0.0,0.0,1.0,1.0,32.0,16957.0,13450.0,0.0,0.0,0.030000000000000027,0.029999999999999805,1.42,13.799999999999983,8.800000000000011,2.0,2.5,4.0,2.0,9.0,6.0
229,Benoît,Badiashile Mukinayi,B.Badiashile,a,,,4.4,503,114.0,0.0,659,226.0,0.0,547.0,221.0,0,0,0.0,-1,1.0,216,141,0.0,0.0,0.0,0.0,0.0,604.0,232.0,100.0,100.0,378.0,140.0,394.0,141.0,570.0,229.0,410.0,144.0,,,,,,,,0.0,0.01,0.01,1.71,0.0,0.0,2.32,1.16,6.97,15,0,0.0,0.0,0.0,0.0,0.0,0.0,0.0,0.0,0.0,0.0,0.0,0.0,0.0,0.0,243.0,162.0,0.0,0.0,0.0,0.0,0.0,0.0,0.0,0.0,0.0,0.0,0.0,0.0,0.0
230,Wesley,Fofana,Fofana,a,,,4.4,508,117.0,0.3,306,110.0,3.2,108.0,39.0,9,0,0.0,-1,1.0,7882,2814,0.7,6.4,3.2,3.2,4.0,79.0,32.0,100.0,100.0,257.0,99.0,375.0,129.0,320.0,106.0,332.0,111.0,,,,,,,,0.05,0.01,0.06,1.0,0.0,0.55,0.74,1.11,9.79,15,9,90.0,0.0,0.0,1.0,0.0,0.0,0.0,0.0,0.0,0.0,0.0,1.0,1.0,32.0,8543.0,3377.0,0.0,0.0,0.0,0.0,1.4199999999999995,27.0,0.29999999999999893,0.0,2.6999999999999993,1.0,14.0,7.0,15.0
231,Mamadou,Sarr,M.Sarr,u,Has joined RC Strasbourg on loan for the rest of the season.,,4.5,458,95.0,0.0,713,241.0,0.0,620.0,230.0,0,0,0.0,0,0.0,0,11,0.0,0.0,0.0,0.0,0.0,672.0,240.0,0.0,0.0,670.0,241.0,662.0,241.0,649.0,239.0,671.0,241.0,,,,,,,,0.0,0.0,0.0,0.0,0.0,0.0,0.0,0.0,0.0,15,0,0.0,0.0,0.0,0.0,0.0,0.0,0.0,0.0,0.0,0.0,0.0,0.0,0.0,0.0,0.0,12.0,0.0,0.0,0.0,0.0,0.0,0.0,0.0,0.0,0.0,0.0,0.0,0.0,0.0
232,Tosin,Adarabioyo,Tosin,a,,,4.1,614,156.0,0.3,297,108.0,3.2,105.0,36.0,0,-1,1.0,-4,4.0,1680,4806,0.8,6.6,3.2,3.2,3.0,165.0,63.0,100.0,100.0,176.0,76.0,340.0,115.0,310.0,100.0,275.0,93.0,,,,,,,,0.02,0.04,0.06,1.39,0.0,0.32,1.45,0.81,10.34,15,0,0.0,0.0,0.0,0.0,0.0,0.0,0.0,0.0,0.0,0.0,0.0,0.0,0.0,0.0,2106.0,5594.0,0.0,0.0,0.0,0.0,0.0,0.0,0.0,0.0,0.0,0.0,0.0,0.0,0.0
233,Josh,Acheampong,Acheampong,a,,,3.9,730,222.0,1.5,152,59.0,0.0,431.0,163.0,0,0,0.0,-1,1.0,2999,27755,0.0,6.9,0.0,0.0,5.4,13.0,6.0,100.0,100.0,267.0,105.0,376.0,130.0,218.0,56.0,306.0,105.0,,,,,,,,0.16,0.01,0.17,1.95,0.0,0.52,1.29,1.03,6.21,15,0,0.0,0.0,0.0,0.0,0.0,0.0,0.0,0.0,0.0,0.0,0.0,0.0,0.0,0.0,3782.0,31453.0,0.0,0.0,0.0,0.0,0.0,0.0,0.0,0.0,0.0,0.0,0.0,0.0,0.0
234,Aarón,Anselmino,Anselmino,u,has joined Borussia Dortmund on loan for the rest of the season.,,4.0,679,196.0,0.1,546,197.0,0.0,489.0,197.0,0,0,0.0,0,0.0,0,67,0.0,0.0,0.0,0.0,0.0,565.0,220.0,0.0,0.0,560.0,222.0,547.0,222.0,518.0,213.0,560.0,222.0,,,,,,,,0.0,0.0,0.0,0.0,0.0,0.0,0.0,0.0,0.0,15,0,0.0,0.0,0.0,0.0,0.0,0.0,0.0,0.0,0.0,0.0,0.0,0.0,0.0,0.0,0.0,78.0,0.0,0.0,0.0,0.0,0.0,0.0,0.0,0.0,0.0,0.0,0.0,0.0,0.0
235,Cole,Palmer,Palmer,a,,,10.3,4,2.0,10.2,40,15.0,0.5,338.0,161.0,1,0,0.0,-2,2.0,73002,29489,0.0,1.3,0.5,0.5,2.6,219.0,97.0,100.0,100.0,315.0,143.0,284.0,165.0,178.0,106.0,296.0,142.0,,1.0,1.0,,,,,0.38,0.05,0.43,2.08,0.0,0.39,1.17,1.17,7.43,15,1,57.0,0.0,0.0,0.0,0.0,0.0,0.0,0.0,0.0,0.0,0.0,1.0,0.0,12.0,85920.0,32002.0,0.0,0.06999999999999995,0.020000000000000018,0.09000000000000008,1.3900000000000001,14.800000000000004,14.200000000000003,7.0,3.599999999999998,2.0,2.0,7.0,11.0
236,Pedro,Lomba Neto,Neto,a,,,7.3,27,17.0,9.2,43,17.0,4.5,61.0,30.0,2,1,-1.0,3,-3.0,132686,118215,0.6,9.6,4.5,4.5,4.7,36.0,16.0,100.0,100.0,48.0,12.0,13.0,13.0,21.0,11.0,16.0,14.0,1.0,4.0,,,,,,0.23,0.21,0.44,1.14,0.0,0.55,0.63,1.1,4.17,15,2,90.0,0.0,0.0,1.0,0.0,0.0,0.0,0.0,1.0,0.0,0.0,1.0,0.0,15.0,170610.0,125415.0,0.0,0.06999999999999984,0.29000000000000004,0.35999999999999943,1.42,16.19999999999999,61.69999999999999,22.0,10.0,0.0,0.0,3.0,3.0
237,Enzo,Fernández,Enzo,a,,,6.6,50,33.0,12.0,32,12.0,4.5,59.0,28.0,3,-1,1.0,1,-1.0,62866,246083,0.7,10.0,4.5,4.5,4.7,35.0,15.0,100.0,100.0,43.0,11.0,16.0,16.0,13.0,7.0,10.0,8.0,3.0,3.0,2.0,,,,,0.43,0.17,0.6,1.25,0.0,0.44,1.09,1.02,6.6,15,3,90.0,0.0,0.0,1.0,0.0,0.0,0.0,0.0,0.0,0.0,0.0,1.0,0.0,12.0,75405.0,286636.0,0.0,0.25,0.1200000000000001,0.3700000000000001,1.4200000000000017,11.800000000000011,12.5,18.0,4.200000000000003,1.0,1.0,4.0,6.0
238,Estêvão,Almeida de Oliveira Gonçalves,Estêvão,a,,,6.5,59,38.0,2.7,111,37.0,0.5,336.0,160.0,1,-1,1.0,0,0.0,19921,63362,0.1,4.8,0.5,0.5,2.4,239.0,108.0,,,240.0,104.0,89.0,64.0,65.0,38.0,130.0,67.0,4.0,,3.0,,,,,0.4,0.37,0.77,0.62,0.0,0.41,0.82,1.23,7.16,15,1,13.0,0.0,0.0,0.0,0.0,0.0,0.0,0.0,0.0,0.0,0.0,0.0,0.0,0.0,24175.0,76052.0,0.0,0.0,0.0,0.0,0.029999999999999805,0.20000000000000284,0.29999999999998295,0.0,0.10000000000000142,0.0,0.0,0.0,0.0
239,Jamie,Bynoe-Gittens,Gittens,a,,,6.1,87,58.0,0.1,434,145.0,2.8,150.0,68.0,0,0,0.0,-4,4.0,490,1072,0.5,3.3,2.8,2.8,1.8,312.0,143.0,,,278.0,122.0,125.0,89.0,176.0,105.0,230.0,117.0,,,,,,,,0.16,0.21,0.37,1.49,0.0,0.23,0.9,0.9,4.97,15,0,0.0,0.0,0.0,0.0,0.0,0.0,0.0,0.0,0.0,0.0,0.0,0.0,0.0,0.0,627.0,1205.0,0.0,0.0,0.0,0.0,0.0,0.0,0.0,0.0,0.0,0.0,0.0,0.0,0.0
240,Christopher,Nkunku,Nkunku,u,has joined AC Milan permanently.,,5.9,98,64.0,0.1,484,164.0,0.0,736.0,326.0,0,0,0.0,-1,1.0,0,42,0.0,0.0,0.0,0.0,0.0,746.0,331.0,0.0,0.0,748.0,331.0,748.0,331.0,747.0,331.0,748.0,331.0,,,,,,,,0.0,0.0,0.0,0.0,0.0,0.0,0.0,0.0,0.0,15,0,0.0,0.0,0.0,0.0,0.0,0.0,0.0,0.0,0.0,0.0,0.0,0.0,0.0,0.0,0.0,46.0,0.0,0.0,0.0,0.0,0.0,0.0,0.0,0.0,0.0,0.0,0.0,0.0,0.0
241,Moisés,Caicedo Corozo,Caicedo,s,Suspended until 20 Dec,,5.7,119,76.0,9.6,42,16.0,-0.5,758.0,338.0,0,-1,1.0,2,-2.0,2879,350088,-0.1,10.2,0.0,0.0,4.8,28.0,12.0,0.0,0.0,49.0,13.0,112.0,79.0,223.0,124.0,99.0,60.0,,,,,,,,0.05,0.07,0.12,1.23,0.0,0.37,1.1,1.01,12.92,15,0,0.0,0.0,0.0,0.0,0.0,0.0,0.0,0.0,0.0,0.0,0.0,0.0,0.0,0.0,3045.0,446825.0,0.0,0.0,0.0,0.0,0.0,0.0,0.0,0.0,0.0,0.0,0.0,0.0,0.0
243,Tyrique,George,George,a,,,4.8,365,229.0,0.1,547,199.0,0.0,661.0,275.0,0,-1,1.0,-2,2.0,141,271,0.0,0.8,0.0,0.0,1.0,420.0,197.0,,,416.0,193.0,381.0,193.0,227.0,126.0,373.0,178.0,,,,,,,,0.2,0.05,0.25,1.05,0.0,0.63,1.27,0.0,1.9,15,0,0.0,0.0,0.0,0.0,0.0,0.0,0.0,0.0,0.0,0.0,0.0,0.0,0.0,0.0,175.0,301.0,0.0,0.0,0.0,0.0,0.0,0.0,0.0,0.0,0.0,0.0,0.0,0.0,0.0
244,Roméo,Lavia,Lavia,i,Thigh injury - Unknown return date,,4.9,333,206.0,0.0,671,281.0,0.0,683.0,289.0,0,0,0.0,-1,1.0,14,88,0.0,0.8,0.0,0.0,1.0,424.0,199.0,0.0,0.0,410.0,188.0,379.0,191.0,396.0,201.0,421.0,195.0,,,,,,,,0.0,0.04,0.04,2.39,0.0,0.0,2.57,0.86,9.43,15,0,0.0,0.0,0.0,0.0,0.0,0.0,0.0,0.0,0.0,0.0,0.0,0.0,0.0,0.0,16.0,104.0,0.0,0.0,0.0,0.0,0.0,0.0,0.0,0.0,0.0,0.0,0.0,0.0,0.0
245,Mykhailo,Mudryk,Mudryk,s,Suspended - unknown return date,,4.9,324,200.0,0.0,710,307.0,0.0,681.0,288.0,0,0,0.0,-1,1.0,18,25,0.0,0.0,0.0,0.0,0.0,711.0,306.0,0.0,0.0,713.0,306.0,709.0,306.0,702.0,304.0,713.0,306.0,,,,,,,,0.0,0.0,0.0,0.0,0.0,0.0,0.0,0.0,0.0,15,0,0.0,0.0,0.0,0.0,0.0,0.0,0.0,0.0,0.0,0.0,0.0,0.0,0.0,0.0,21.0,26.0,0.0,0.0,0.0,0.0,0.0,0.0,0.0,0.0,0.0,0.0,0.0,0.0,0.0
246,Andrey,Nascimento dos Santos,Andrey Santos,a,,,4.5,443,266.0,0.3,311,106.0,1.8,203.0,91.0,0,0,0.0,0,0.0,2207,4297,0.4,3.1,1.8,1.8,1.4,355.0,163.0,100.0,100.0,309.0,141.0,225.0,140.0,258.0,140.0,300.0,144.0,,,,,,,,0.17,0.02,0.19,1.41,0.0,0.23,1.15,0.92,11.22,15,0,0.0,0.0,0.0,0.0,0.0,0.0,0.0,0.0,0.0,0.0,0.0,0.0,0.0,0.0,2861.0,4820.0,0.0,0.0,0.0,0.0,0.0,0.0,0.0,0.0,0.0,0.0,0.0,0.0,0.0
247,Dário,Luís Essugo,D.Essugo,i,Thigh injury - Unknown return date,,4.3,571,323.0,0.1,544,198.0,0.0,516.0,180.0,0,0,0.0,-2,2.0,120,733,0.0,0.0,0.0,0.0,0.0,581.0,216.0,0.0,0.0,576.0,209.0,566.0,209.0,543.0,205.0,577.0,210.0,,,,,,,,0.0,0.0,0.0,0.0,0.0,0.0,0.0,0.0,0.0,15,0,0.0,0.0,0.0,0.0,0.0,0.0,0.0,0.0,0.0,0.0,0.0,0.0,0.0,0.0,178.0,815.0,0.0,0.0,0.0,0.0,0.0,0.0,0.0,0.0,0.0,0.0,0.0,0.0,0.0
248,Kendry,Páez Andrade,Paez,u,Has joined RC Strasbourg on loan for the rest of the season.,,4.5,475,289.0,0.0,730,319.0,0.0,635.0,258.0,0,0,0.0,0,0.0,0,11,0.0,0.0,0.0,0.0,0.0,685.0,287.0,0.0,0.0,685.0,286.0,677.0,285.0,664.0,283.0,686.0,287.0,,,,,,,,0.0,0.0,0.0,0.0,0.0,0.0,0.0,0.0,0.0,15,0,0.0,0.0,0.0,0.0,0.0,0.0,0.0,0.0,0.0,0.0,0.0,0.0,0.0,0.0,0.0,13.0,0.0,0.0,0.0,0.0,0.0,0.0,0.0,0.0,0.0,0.0,0.0,0.0,0.0
249,João Pedro,Junqueira de Jesus,João Pedro,a,,,7.3,28,11.0,33.6,7,3.0,1.2,269.0,32.0,1,-1,1.0,-2,2.0,60911,592482,0.2,8.8,1.2,1.2,4.3,67.0,5.0,,,62.0,5.0,33.0,1.0,11.0,6.0,20.0,4.0,,,,,,,,0.32,0.09,0.41,1.21,0.0,0.46,0.92,1.07,5.49,15,1,32.0,0.0,0.0,0.0,0.0,0.0,0.0,0.0,0.0,0.0,0.0,0.0,0.0,7.0,68006.0,724207.0,0.0,0.0,0.0,0.0,0.02999999999999936,4.599999999999966,1.3000000000000114,0.0,0.5999999999999943,2.0,0.0,4.0,6.0
250,Liam,Delap,Delap,i,Shoulder injury - Expected back 04 Jan,,6.2,80,26.0,0.9,189,28.0,1.5,239.0,27.0,1,0,0.0,-3,3.0,879,11618,0.2,1.9,0.0,1.5,1.5,351.0,38.0,0.0,100.0,400.0,42.0,358.0,45.0,114.0,32.0,315.0,36.0,,,,,,,,0.21,0.02,0.23,0.81,0.0,0.52,1.04,1.56,2.6,15,1,31.0,0.0,0.0,0.0,0.0,0.0,0.0,0.0,0.0,0.0,0.0,1.0,0.0,3.0,1859.0,13046.0,0.0,0.1399999999999999,0.009999999999999995,0.15000000000000002,0.1299999999999999,0.0,0.40000000000000036,13.0,1.299999999999999,0.0,0.0,0.0,0.0
251,Nicolas,Jackson,N.Jackson,u,has joined Bayern Munich on loan for the rest of the season.,,6.5,58,20.0,0.1,501,71.0,0.0,747.0,79.0,0,0,0.0,0,0.0,0,47,0.0,0.0,0.0,0.0,0.0,753.0,83.0,0.0,0.0,755.0,83.0,755.0,83.0,755.0,83.0,755.0,83.0,,,,,,,,0.0,0.0,0.0,0.0,0.0,0.0,0.0,0.0,0.0,15,0,0.0,0.0,0.0,0.0,0.0,0.0,0.0,0.0,0.0,0.0,0.0,0.0,0.0,0.0,0.0,49.0,0.0,0.0,0.0,0.0,0.0,0.0,0.0,0.0,0.0,0.0,0.0,0.0,0.0
252,Marc,Guiu Paz,Marc Guiu,a,,,4.2,610,82.0,7.6,60,11.0,1.2,247.0,29.0,0,0,0.0,-3,3.0,149533,60324,0.3,2.9,1.2,1.2,1.3,361.0,40.0,100.0,100.0,379.0,40.0,282.0,31.0,172.0,34.0,327.0,38.0,,,,,,,,0.53,0.11,0.64,2.06,0.0,0.0,0.73,0.36,2.55,15,0,58.0,0.0,0.0,0.0,0.0,0.0,0.0,0.0,1.0,0.0,0.0,0.0,0.0,2.0,160455.0,68949.0,0.0,0.20999999999999996,0.02999999999999997,0.24,1.2800000000000002,6.600000000000001,21.9,13.0,4.199999999999999,0.0,2.0,2.0,4.0
259,Borna,Sosa,Sosa,a,,,4.8,348,60.0,0.1,453,168.0,0.0,653.0,234.0,0,0,0.0,-2,2.0,243,357,0.0,0.2,-0.5,0.0,1.0,416.0,146.0,100.0,75.0,697.0,243.0,690.0,243.0,678.0,241.0,697.0,243.0,,,,,,,,0.0,0.0,0.0,0.0,0.0,0.0,0.0,0.0,0.0,15,0,0.0,0.0,0.0,0.0,0.0,0.0,0.0,0.0,0.0,0.0,0.0,0.0,0.0,0.0,245.0,438.0,0.0,0.0,0.0,0.0,0.0,0.0,0.0,0.0,0.0,0.0,0.0,0.0,0.0
666,Viktor,Gyökeres,Gyökeres,a,,,8.8,7,3.0,10.8,35,7.0,0.5,337.0,40.0,1,0,0.0,-2,2.0,83197,46457,0.1,4.4,1.5,1.5,3.0,173.0,17.0,100.0,100.0,188.0,14.0,144.0,10.0,16.0,9.0,67.0,12.0,,,2.0,,,,,0.46,0.07,0.53,0.61,0.0,0.52,0.41,1.03,3.2,15,1,45.0,0.0,0.0,0.0,1.0,0.0,0.0,0.0,0.0,0.0,0.0,0.0,0.0,3.0,86995.0,57135.0,0.0,0.0,0.029999999999999916,0.02999999999999936,1.2999999999999998,1.200000000000017,0.7999999999999972,4.0,0.6000000000000014,0.0,1.0,1.0,2.0
67,Đorđe,Petrović,Petrović,a,,,4.5,423,25.0,5.4,75,13.0,3.0,122.0,9.0,7,0,0.0,0,0.0,21358,39661,0.7,11.6,3.0,3.0,3.5,114.0,12.0,,,27.0,8.0,634.0,79.0,621.0,70.0,187.0,8.0,,,,,,,,0.0,0.0,0.0,1.29,2.93,0.33,1.6,1.0,0.0,15,7,90.0,0.0,0.0,1.0,0.0,0.0,0.0,0.0,0.0,0.0,4.0,1.0,0.0,31.0,23416.0,49600.0,0.0,0.0,0.0,0.0,0.9199999999999982,28.0,0.0,0.0,2.799999999999997,0.0,0.0,11.0,0.0
260,Marc,Guéhi,Guéhi,a,,,5.2,212,31.0,38.1,3,1.0,6.8,10.0,3.0,8,1,-1.0,7,-7.0,394063,79604,1.3,17.5,6.3,6.8,6.5,4.0,3.0,100.0,100.0,18.0,8.0,127.0,30.0,89.0,9.0,50.0,9.0,,,,,,,,0.08,0.1,0.18,1.23,0.0,0.43,0.86,1.0,8.14,15,8,90.0,1.0,0.0,0.0,1.0,0.0,0.0,0.0,0.0,0.0,0.0,1.0,0.0,28.0,427781.0,86370.0,0.0,0.22000000000000008,0.010000000000000009,0.22999999999999998,0.7600000000000016,47.39999999999998,1.5,33.0,8.199999999999996,2.0,3.0,5.0,5.0
263,Nathaniel,Clyne,Clyne,a,,,3.8,736,227.0,0.6,231,88.0,0.5,311.0,109.0,2,0,0.0,-2,2.0,12800,2602,0.1,0.8,0.0,0.5,1.5,339.0,121.0,,,387.0,143.0,357.0,124.0,371.0,132.0,399.0,138.0,,,,,,,,0.22,0.02,0.24,0.69,0.0,0.0,1.12,1.12,12.38,15,2,76.0,0.0,0.0,0.0,1.0,0.0,0.0,0.0,0.0,0.0,0.0,1.0,0.0,10.0,13152.0,3030.0,0.0,0.2,0.02,0.22,0.61,17.0,11.7,5.0,3.4,2.0,7.0,0.0,9.0
264,Rob,Holding,Holding,u,Has joined Colorado Rapids permanently.,,4.0,627,161.0,0.0,667,230.0,0.0,444.0,169.0,0,0,0.0,0,0.0,0,58,0.0,0.0,0.0,0.0,0.0,521.0,193.0,0.0,0.0,516.0,195.0,502.0,194.0,471.0,183.0,516.0,195.0,,,,,,,,0.0,0.0,0.0,0.0,0.0,0.0,0.0,0.0,0.0,15,0,0.0,0.0,0.0,0.0,0.0,0.0,0.0,0.0,0.0,0.0,0.0,0.0,0.0,0.0,0.0,65.0,0.0,0.0,0.0,0.0,0.0,0.0,0.0,0.0,0.0,0.0,0.0,0.0,0.0
265,Caleb,Kporha,Kporha,i,Back injury - Unknown return date,,4.0,675,192.0,0.0,693,236.0,0.0,486.0,194.0,0,0,0.0,0,0.0,13,45,0.0,0.0,0.0,0.0,0.0,562.0,217.0,0.0,0.0,557.0,219.0,543.0,218.0,514.0,209.0,557.0,219.0,,,,,,,,0.0,0.0,0.0,0.0,0.0,0.0,0.0,0.0,0.0,15,0,0.0,0.0,0.0,0.0,0.0,0.0,0.0,0.0,0.0,0.0,0.0,0.0,0.0,0.0,17.0,52.0,0.0,0.0,0.0,0.0,0.0,0.0,0.0,0.0,0.0,0.0,0.0,0.0,0.0
268,Cheick,Doucouré,Doucouré,i,Knee injury - Unknown return date,,4.9,319,197.0,0.0,744,327.0,0.0,678.0,286.0,0,0,0.0,-1,1.0,9,15,0.0,0.0,0.0,0.0,0.0,708.0,304.0,0.0,0.0,710.0,304.0,706.0,304.0,699.0,302.0,710.0,304.0,,,,,,,,0.0,0.0,0.0,0.0,0.0,0.0,0.0,0.0,0.0,15,0,0.0,0.0,0.0,0.0,0.0,0.0,0.0,0.0,0.0,0.0,0.0,0.0,0.0,0.0,12.0,17.0,0.0,0.0,0.0,0.0,0.0,0.0,0.0,0.0,0.0,0.0,0.0,0.0,0.0
269,Romain,Esse,Esse,a,,,4.7,383,238.0,0.1,420,139.0,0.0,649.0,268.0,0,0,0.0,-3,3.0,230,599,0.0,0.2,-0.5,0.0,1.0,414.0,193.0,,,428.0,199.0,421.0,203.0,393.0,199.0,435.0,202.0,,,,,,,,0.0,0.04,0.04,1.01,0.0,0.0,0.0,0.0,7.5,15,0,0.0,0.0,0.0,0.0,0.0,0.0,0.0,0.0,0.0,0.0,0.0,0.0,0.0,0.0,268.0,663.0,0.0,0.0,0.0,0.0,0.0,0.0,0.0,0.0,0.0,0.0,0.0,0.0,0.0
270,Will,Hughes,Hughes,a,,,4.7,369,230.0,0.1,482,163.0,0.8,296.0,136.0,0,0,0.0,-3,3.0,424,644,0.2,3.6,0.3,0.8,1.4,356.0,164.0,100.0,100.0,305.0,138.0,158.0,109.0,297.0,156.0,281.0,138.0,5.0,,,,,,,0.03,0.12,0.15,1.07,0.0,0.57,0.57,0.95,8.18,15,0,0.0,0.0,0.0,0.0,0.0,0.0,0.0,0.0,0.0,0.0,0.0,0.0,0.0,0.0,487.0,750.0,0.0,0.0,0.0,0.0,0.0,0.0,0.0,0.0,0.0,0.0,0.0,0.0,0.0
271,Daichi,Kamada,Kamada,a,,,5.0,249,153.0,0.1,415,135.0,3.0,125.0,57.0,2,0,0.0,0,0.0,689,3301,0.6,8.8,2.5,3.0,3.4,123.0,54.0,100.0,100.0,217.0,93.0,101.0,73.0,133.0,80.0,164.0,87.0,2.0,,,,,,,0.07,0.11,0.18,1.15,0.0,0.49,0.82,1.06,9.49,15,2,90.0,0.0,0.0,0.0,1.0,0.0,0.0,0.0,0.0,0.0,0.0,1.0,0.0,16.0,952.0,3887.0,0.0,0.050000000000000044,0.020000000000000018,0.07000000000000028,0.7599999999999998,9.400000000000006,12.5,2.0,2.3999999999999986,1.0,2.0,4.0,7.0
272,Jefferson,Lerma Solís,Lerma,a,,,4.9,288,178.0,0.1,523,185.0,1.8,205.0,93.0,1,0,0.0,-1,1.0,211,759,0.4,5.7,1.3,1.8,2.0,284.0,128.0,,,291.0,130.0,227.0,141.0,203.0,116.0,274.0,134.0,,,,,,,,0.1,0.03,0.13,0.92,0.0,0.74,0.37,0.74,11.23,15,1,25.0,0.0,0.0,0.0,0.0,0.0,0.0,0.0,0.0,0.0,0.0,0.0,0.0,5.0,275.0,893.0,0.0,0.0,0.0,0.0,0.16999999999999993,5.0,3.5999999999999943,0.0,0.9000000000000021,1.0,1.0,1.0,3.0
273,Adam,Wharton,Wharton,a,,,5.0,270,165.0,0.5,248,86.0,5.5,28.0,15.0,9,0,0.0,0,0.0,7904,4028,1.1,9.6,5.0,5.5,3.7,100.0,45.0,100.0,100.0,158.0,62.0,27.0,26.0,274.0,146.0,97.0,58.0,3.0,,,,,,,0.04,0.22,0.26,1.23,0.0,0.44,0.96,1.14,9.89,15,9,90.0,0.0,1.0,0.0,1.0,0.0,0.0,0.0,0.0,0.0,0.0,1.0,2.0,33.0,8431.0,4850.0,0.0,0.020000000000000018,0.25,0.26000000000000023,0.7599999999999998,32.79999999999998,22.69999999999999,2.0,5.799999999999997,2.0,5.0,7.0,14.0
274,Asher,Agbinone,Agbinone,a,,,4.3,592,331.0,0.0,573,213.0,0.0,531.0,187.0,0,-1,1.0,-2,2.0,93,260,0.0,0.0,-0.5,0.0,0.0,592.0,223.0,,,588.0,217.0,579.0,217.0,558.0,213.0,589.0,218.0,,,,,,,,0.0,0.0,0.0,0.0,0.0,0.0,0.0,0.0,0.0,15,0,0.0,0.0,0.0,0.0,0.0,0.0,0.0,0.0,0.0,0.0,0.0,0.0,0.0,0.0,113.0,298.0,0.0,0.0,0.0,0.0,0.0,0.0,0.0,0.0,0.0,0.0,0.0,0.0,0.0
275,Naouirou,Ahamada,Ahamada,a,,,4.3,565,320.0,0.0,593,227.0,0.0,512.0,178.0,0,-1,1.0,-2,2.0,80,269,0.0,0.0,-0.5,0.0,0.0,578.0,214.0,,,573.0,207.0,562.0,207.0,539.0,203.0,574.0,208.0,,,,,,,,0.0,0.0,0.0,0.0,0.0,0.0,0.0,0.0,0.0,15,0,0.0,0.0,0.0,0.0,0.0,0.0,0.0,0.0,0.0,0.0,0.0,0.0,0.0,0.0,92.0,302.0,0.0,0.0,0.0,0.0,0.0,0.0,0.0,0.0,0.0,0.0,0.0,0.0,0.0
276,Justin,Devenny,Devenny,a,,,4.3,569,322.0,1.1,177,61.0,1.0,275.0,128.0,1,0,0.0,-2,2.0,10252,14609,0.2,3.0,0.5,1.0,1.1,380.0,178.0,100.0,,393.0,180.0,298.0,169.0,181.0,107.0,328.0,158.0,,2.0,,,,,,0.22,0.09,0.31,1.35,0.0,0.0,1.36,0.45,10.45,15,1,1.0,0.0,0.0,0.0,0.0,0.0,0.0,0.0,0.0,0.0,0.0,0.0,0.0,2.0,11974.0,16326.0,0.0,0.0,0.0,0.0,0.08999999999999986,0.0,0.20000000000000284,0.0,0.0,0.0,0.0,1.0,1.0
277,Malcolm,Ebiowei,Ebiowei,u,Has joined Blackpool permanently.,,4.5,421,252.0,0.0,742,326.0,0.0,591.0,223.0,0,0,0.0,0,0.0,0,4,0.0,0.0,0.0,0.0,0.0,644.0,255.0,0.0,0.0,641.0,251.0,632.0,250.0,619.0,248.0,642.0,252.0,,,,,,,,0.0,0.0,0.0,0.0,0.0,0.0,0.0,0.0,0.0,15,0,0.0,0.0,0.0,0.0,0.0,0.0,0.0,0.0,0.0,0.0,0.0,0.0,0.0,0.0,0.0,6.0,0.0,0.0,0.0,0.0,0.0,0.0,0.0,0.0,0.0,0.0,0.0,0.0,0.0
278,Jesurun,Rak-Sakyi,J.Rak-Sakyi,u,has joined Caykur Rizespor on loan for the rest of the season.,,4.4,511,300.0,0.0,620,248.0,0.0,553.0,197.0,0,0,0.0,-1,1.0,0,169,0.0,0.0,0.0,0.0,0.0,610.0,232.0,0.0,0.0,605.0,226.0,596.0,226.0,576.0,222.0,606.0,227.0,,,,,,,,0.0,0.0,0.0,0.0,0.0,0.0,0.0,0.0,0.0,15,0,0.0,0.0,0.0,0.0,0.0,0.0,0.0,0.0,0.0,0.0,0.0,0.0,0.0,0.0,0.0,196.0,0.0,0.0,0.0,0.0,0.0,0.0,0.0,0.0,0.0,0.0,0.0,0.0,0.0
279,Matheus,França de Oliveira,M.França,u,Has joined CR Vasco da Gama on loan for the rest of the season.,,4.5,445,268.0,0.0,720,313.0,0.0,608.0,238.0,0,0,0.0,0,0.0,0,16,0.0,0.0,0.0,0.0,0.0,661.0,270.0,0.0,0.0,658.0,266.0,650.0,265.0,637.0,263.0,659.0,267.0,,,,,,,,0.0,0.0,0.0,0.0,0.0,0.0,0.0,0.0,0.0,15,0,0.0,0.0,0.0,0.0,0.0,0.0,0.0,0.0,0.0,0.0,0.0,0.0,0.0,0.0,0.0,18.0,0.0,0.0,0.0,0.0,0.0,0.0,0.0,0.0,0.0,0.0,0.0,0.0,0.0
280,David,Ozoh,Ozoh,u,Has joined Derby County on loan for the rest of the season.,,4.5,442,265.0,0.0,754,334.0,0.0,606.0,236.0,0,0,0.0,0,0.0,0,4,0.0,0.0,0.0,0.0,0.0,659.0,268.0,0.0,0.0,656.0,264.0,648.0,263.0,635.0,261.0,657.0,265.0,,,,,,,,0.0,0.0,0.0,0.0,0.0,0.0,0.0,0.0,0.0,15,0,0.0,0.0,0.0,0.0,0.0,0.0,0.0,0.0,0.0,0.0,0.0,0.0,0.0,0.0,0.0,4.0,0.0,0.0,0.0,0.0,0.0,0.0,0.0,0.0,0.0,0.0,0.0,0.0,0.0
11,Benjamin,White,White,a,,,5.4,161,19.0,2.2,124,47.0,3.8,78.0,28.0,1,1,-1.0,-1,1.0,178942,3657,0.7,3.9,4.8,4.8,7.0,3.0,2.0,100.0,100.0,266.0,104.0,236.0,68.0,284.0,89.0,290.0,100.0,,,,,,,,0.13,0.15,0.28,1.22,0.0,0.72,0.72,1.08,9.36,15,1,90.0,0.0,0.0,0.0,2.0,0.0,0.0,0.0,0.0,0.0,0.0,1.0,0.0,18.0,183035.0,3990.0,0.0,0.32,0.26,0.5800000000000001,2.16,24.0,17.6,23.0,6.5,3.0,2.0,5.0,5.0
13,Brayden,Clarke,Clarke,a,,,3.8,755,246.0,0.5,253,94.0,0.0,389.0,146.0,0,0,0.0,-2,2.0,2646,3061,0.0,0.0,1.0,1.0,0.0,469.0,172.0,,,465.0,175.0,448.0,173.0,416.0,161.0,464.0,174.0,,,,,,,,0.0,0.0,0.0,0.0,0.0,0.0,0.0,0.0,0.0,15,0,0.0,0.0,0.0,0.0,0.0,0.0,0.0,0.0,0.0,0.0,0.0,0.0,0.0,0.0,3198.0,3353.0,0.0,0.0,0.0,0.0,0.0,0.0,0.0,0.0,0.0,0.0,0.0,0.0,0.0
48,Youri,Tielemans,Tielemans,a,,,5.9,95,61.0,0.7,218,73.0,2.0,194.0,86.0,2,0,0.0,-1,1.0,7457,2435,0.3,3.4,2.0,1.0,2.2,262.0,117.0,100.0,100.0,226.0,97.0,83.0,62.0,128.0,76.0,154.0,81.0,3.0,,,,,,,0.1,0.15,0.25,1.67,0.0,0.3,1.05,1.05,9.13,15,2,90.0,0.0,0.0,0.0,1.0,0.0,0.0,0.0,0.0,0.0,0.0,1.0,0.0,13.0,7817.0,3046.0,0.0,0.34,0.14,0.4800000000000002,1.92,13.399999999999991,18.80000000000001,41.0,7.300000000000004,3.0,1.0,6.0,10.0
49,Leon,Bailey,Bailey,u,Has joined AS Roma on loan for the rest of the season.,,5.5,138,87.0,0.1,495,172.0,0.0,727.0,320.0,0,0,0.0,0,0.0,0,74,0.0,0.0,0.0,0.0,0.0,742.0,328.0,0.0,0.0,744.0,328.0,743.0,328.0,741.0,327.0,744.0,328.0,,,,,,,,0.0,0.0,0.0,0.0,0.0,0.0,0.0,0.0,0.0,15,0,0.0,0.0,0.0,0.0,0.0,0.0,0.0,0.0,0.0,0.0,0.0,0.0,0.0,0.0,0.0,83.0,0.0,0.0,0.0,0.0,0.0,0.0,0.0,0.0,0.0,0.0,0.0,0.0,0.0
282,Franco,Umeh-Chibueze,Umeh,u,has joined Portsmouth permanently.,,4.5,457,277.0,0.0,672,282.0,0.0,619.0,247.0,0,0,0.0,0,0.0,0,47,0.0,0.0,0.0,0.0,0.0,671.0,278.0,0.0,0.0,669.0,275.0,661.0,274.0,648.0,272.0,670.0,276.0,,,,,,,,0.0,0.0,0.0,0.0,0.0,0.0,0.0,0.0,0.0,15,0,0.0,0.0,0.0,0.0,0.0,0.0,0.0,0.0,0.0,0.0,0.0,0.0,0.0,0.0,0.0,54.0,0.0,0.0,0.0,0.0,0.0,0.0,0.0,0.0,0.0,0.0,0.0,0.0,0.0
283,Jean-Philippe,Mateta,Mateta,d,Knee injury - 75% chance of playing,,7.9,16,6.0,19.9,18,5.0,2.8,152.0,20.0,2,-2,2.0,4,-4.0,40558,1111863,0.4,7.7,1.7,2.8,4.1,78.0,6.0,75.0,,38.0,3.0,177.0,16.0,3.0,3.0,18.0,3.0,,,2.0,,,,,0.72,0.05,0.77,1.02,0.0,0.51,0.73,1.09,4.95,15,2,65.0,0.0,0.0,0.0,1.0,0.0,0.0,0.0,0.0,0.0,0.0,1.0,0.0,4.0,54324.0,1215039.0,0.0,0.15000000000000036,0.020000000000000018,0.16999999999999993,0.5899999999999999,12.0,10.899999999999991,25.0,4.800000000000011,1.0,2.0,3.0,6.0
284,Eddie,Nketiah,Nketiah,a,,,5.4,163,39.0,0.5,251,40.0,2.8,146.0,18.0,9,0,0.0,-1,1.0,15179,3200,0.5,3.5,2.3,2.8,2.1,269.0,28.0,100.0,100.0,254.0,22.0,211.0,21.0,92.0,26.0,213.0,25.0,,,,,,,,0.51,0.14,0.65,1.85,0.0,0.0,2.26,0.32,8.06,15,9,64.0,1.0,0.0,0.0,1.0,0.0,0.0,0.0,0.0,0.0,0.0,1.0,3.0,34.0,15816.0,4020.0,0.0,0.48,0.010000000000000009,0.48999999999999977,0.5899999999999999,41.2,0.5999999999999943,56.0,9.8,1.0,1.0,3.0,5.0
285,Odsonne,Édouard,Édouard,u,has joined RC Lens permanently.,,5.0,245,49.0,0.2,348,55.0,0.0,688.0,70.0,0,0,0.0,0,0.0,0,423,0.0,0.2,0.0,0.0,1.0,426.0,49.0,0.0,0.0,438.0,50.0,715.0,77.0,708.0,77.0,448.0,54.0,,,,,,,,0.0,0.0,0.0,12.15,0.0,0.0,0.0,0.0,45.0,15,0,0.0,0.0,0.0,0.0,0.0,0.0,0.0,0.0,0.0,0.0,0.0,0.0,0.0,0.0,0.0,479.0,0.0,0.0,0.0,0.0,0.0,0.0,0.0,0.0,0.0,0.0,0.0,0.0,0.0
286,Zach,Marsh,Marsh,a,,,4.5,463,64.0,0.3,308,50.0,0.0,625.0,63.0,0,0,0.0,0,0.0,1766,2007,0.0,0.0,-0.5,0.0,0.0,677.0,72.0,,,675.0,72.0,667.0,71.0,654.0,71.0,676.0,72.0,,,,,,,,0.0,0.0,0.0,0.0,0.0,0.0,0.0,0.0,0.0,15,0,0.0,0.0,0.0,0.0,0.0,0.0,0.0,0.0,0.0,0.0,0.0,0.0,0.0,0.0,1959.0,2250.0,0.0,0.0,0.0,0.0,0.0,0.0,0.0,0.0,0.0,0.0,0.0,0.0,0.0
690,Rio,Cardines,Cardines,a,,,4.4,532,313.0,0.3,295,103.0,0.0,569.0,208.0,0,0,0.0,-1,1.0,84,1979,0.0,0.0,-0.5,0.0,0.0,624.0,242.0,100.0,100.0,620.0,237.0,611.0,237.0,592.0,233.0,621.0,238.0,,,,,,,,0.0,0.0,0.0,0.0,0.0,0.0,0.0,0.0,0.0,15,0,0.0,0.0,0.0,0.0,0.0,0.0,0.0,0.0,0.0,0.0,0.0,0.0,0.0,0.0,95.0,2163.0,0.0,0.0,0.0,0.0,0.0,0.0,0.0,0.0,0.0,0.0,0.0,0.0,0.0
242,Kiernan,Dewsbury-Hall,Dewsbury-Hall,a,,,5.1,232,143.0,8.9,45,18.0,9.8,2.0,2.0,16,1,-1.0,1,-1.0,535098,25187,1.9,14.5,9.8,9.8,5.3,15.0,7.0,100.0,100.0,69.0,20.0,22.0,22.0,62.0,36.0,25.0,20.0,2.0,,,,,,,0.12,0.2,0.32,1.27,0.0,0.43,1.16,1.01,7.83,15,16,90.0,1.0,1.0,1.0,0.0,0.0,0.0,0.0,0.0,0.0,0.0,1.0,3.0,44.0,566627.0,28914.0,0.0,0.17000000000000015,0.040000000000000036,0.20999999999999996,0.5300000000000011,45.60000000000002,4.699999999999989,31.0,8.099999999999994,4.0,6.0,5.0,15.0
288,Mark,Travers,Travers,a,,,4.3,557,29.0,0.1,440,69.0,0.0,508.0,76.0,0,-1,1.0,-2,2.0,165,415,0.0,0.0,0.0,0.0,0.0,576.0,81.0,,,571.0,81.0,559.0,70.0,536.0,58.0,572.0,81.0,,,,,,,,0.0,0.0,0.0,0.0,0.0,0.0,0.0,0.0,0.0,15,0,0.0,0.0,0.0,0.0,0.0,0.0,0.0,0.0,0.0,0.0,0.0,0.0,0.0,0.0,205.0,476.0,0.0,0.0,0.0,0.0,0.0,0.0,0.0,0.0,0.0,0.0,0.0,0.0,0.0
289,Harry,Tyrer,Tyrer,a,,,3.9,705,76.0,0.1,443,70.0,0.0,409.0,36.0,0,0,0.0,-1,1.0,200,397,0.0,0.0,0.0,0.0,0.0,487.0,42.0,,,483.0,42.0,467.0,29.0,436.0,15.0,482.0,42.0,,,,,,,,0.0,0.0,0.0,0.0,0.0,0.0,0.0,0.0,0.0,15,0,0.0,0.0,0.0,0.0,0.0,0.0,0.0,0.0,0.0,0.0,0.0,0.0,0.0,0.0,302.0,456.0,0.0,0.0,0.0,0.0,0.0,0.0,0.0,0.0,0.0,0.0,0.0,0.0,0.0
292,Vitalii,Mykolenko,Mykolenko,a,,,4.9,309,52.0,0.5,252,93.0,5.2,33.0,15.0,5,0,0.0,-1,1.0,6454,5128,1.1,7.8,5.2,5.2,3.2,141.0,55.0,100.0,100.0,154.0,68.0,178.0,43.0,282.0,87.0,222.0,73.0,,,,,,,,0.01,0.08,0.09,1.29,0.0,0.33,1.34,1.0,7.53,15,5,90.0,0.0,0.0,1.0,0.0,0.0,0.0,0.0,1.0,0.0,0.0,1.0,0.0,27.0,9962.0,5546.0,0.0,0.06,0.09999999999999998,0.16000000000000014,0.5300000000000011,17.799999999999983,9.799999999999997,2.0,3.0,2.0,6.0,5.0,8.0
293,Jake,O'Brien,O'Brien,a,,,4.9,331,57.0,0.4,263,97.0,5.0,38.0,18.0,8,0,0.0,-1,1.0,2744,3245,1.0,9.8,5.0,5.0,3.2,142.0,56.0,,,131.0,56.0,143.0,33.0,205.0,51.0,163.0,53.0,,,,,,,,0.04,0.02,0.06,1.45,0.0,0.37,1.18,0.96,6.43,15,8,90.0,0.0,1.0,1.0,0.0,0.0,0.0,0.0,1.0,0.0,0.0,1.0,0.0,27.0,4835.0,3587.0,0.0,0.0,0.07,0.07000000000000006,0.5300000000000011,24.400000000000006,11.399999999999991,2.0,3.799999999999997,0.0,4.0,3.0,4.0
294,Séamus,Coleman,Coleman,i,Hamstring injury - Unknown return date,,4.3,542,121.0,0.1,461,171.0,0.2,348.0,125.0,0,0,0.0,-2,2.0,24,650,0.0,0.7,0.0,0.0,1.0,397.0,144.0,0.0,0.0,569.0,227.0,427.0,159.0,531.0,219.0,569.0,227.0,,,,,,,,0.0,0.0,0.0,1.96,0.0,0.0,0.0,8.18,0.0,15,0,0.0,0.0,0.0,0.0,0.0,0.0,0.0,0.0,0.0,0.0,0.0,0.0,0.0,0.0,29.0,772.0,0.0,0.0,0.0,0.0,0.0,0.0,0.0,0.0,0.0,0.0,0.0,0.0,0.0
295,Michael,Keane,Keane,a,,,4.6,384,69.0,2.7,110,43.0,5.0,35.0,16.0,9,0,0.0,1,-1.0,88693,19540,1.1,16.5,5.0,2.5,5.4,14.0,7.0,100.0,50.0,16.0,6.0,324.0,108.0,108.0,16.0,94.0,26.0,,,,,,,,0.08,0.01,0.09,1.43,0.0,0.36,1.24,1.02,10.21,15,9,90.0,0.0,0.0,1.0,0.0,0.0,0.0,0.0,0.0,0.0,0.0,1.0,1.0,28.0,89268.0,36447.0,0.0,0.0,0.0,0.0,0.5300000000000011,29.799999999999955,0.8000000000000007,6.0,3.700000000000003,1.0,13.0,3.0,14.0
296,Nathan,Patterson,Patterson,a,,,4.4,505,116.0,0.0,665,229.0,0.0,548.0,222.0,0,0,0.0,-1,1.0,114,70,0.0,0.0,0.0,0.0,0.0,605.0,233.0,100.0,100.0,600.0,234.0,591.0,234.0,571.0,230.0,601.0,234.0,,,,,,,,0.0,0.0,0.0,0.0,0.0,0.0,0.0,0.0,0.0,15,0,0.0,0.0,0.0,0.0,0.0,0.0,0.0,0.0,0.0,0.0,0.0,0.0,0.0,0.0,197.0,86.0,0.0,0.0,0.0,0.0,0.0,0.0,0.0,0.0,0.0,0.0,0.0,0.0,0.0
297,Roman,Dixon,Dixon,a,,,3.8,747,238.0,0.2,380,138.0,0.0,383.0,140.0,0,-1,1.0,-2,2.0,596,636,0.0,0.0,0.0,0.0,0.0,464.0,167.0,,,460.0,170.0,443.0,168.0,410.0,155.0,459.0,169.0,,,,,,,,0.0,0.0,0.0,0.0,0.0,0.0,0.0,0.0,0.0,15,0,0.0,0.0,0.0,0.0,0.0,0.0,0.0,0.0,0.0,0.0,0.0,0.0,0.0,0.0,668.0,697.0,0.0,0.0,0.0,0.0,0.0,0.0,0.0,0.0,0.0,0.0,0.0,0.0,0.0
299,Iliman,Ndiaye,Ndiaye,a,,,6.4,65,42.0,8.2,52,21.0,4.0,70.0,35.0,8,-1,1.0,-1,1.0,35026,242183,0.6,11.1,4.0,4.0,4.7,34.0,14.0,100.0,100.0,35.0,10.0,48.0,39.0,29.0,17.0,23.0,18.0,,,1.0,,,,,0.21,0.19,0.4,1.23,0.0,0.43,1.22,1.08,10.13,15,8,90.0,0.0,1.0,1.0,0.0,0.0,0.0,0.0,0.0,0.0,0.0,1.0,0.0,25.0,42549.0,272526.0,0.0,0.18000000000000016,0.16000000000000014,0.34000000000000075,0.5300000000000011,25.600000000000023,14.5,24.0,6.400000000000006,2.0,1.0,9.0,12.0
300,Dwight,McNeil,McNeil,a,,,5.5,140,89.0,0.1,435,146.0,1.0,286.0,132.0,1,0,0.0,-5,5.0,376,671,0.2,1.3,1.0,1.0,1.0,436.0,209.0,,,390.0,178.0,261.0,154.0,350.0,180.0,371.0,176.0,,,,,,,,0.24,0.14,0.38,3.0,0.0,0.0,0.0,0.0,11.87,15,1,17.0,0.0,0.0,0.0,0.0,0.0,0.0,0.0,0.0,0.0,0.0,0.0,0.0,4.0,488.0,767.0,0.0,0.0,0.12000000000000001,0.12,0.029999999999999805,8.8,25.900000000000002,0.0,3.5,1.0,1.0,4.0,6.0
301,Carlos,Alcaraz Durán,Alcaraz,a,,,5.2,223,138.0,0.1,480,161.0,2.5,160.0,72.0,3,0,0.0,-3,3.0,329,541,0.5,3.5,2.5,2.5,1.5,346.0,160.0,,,333.0,152.0,215.0,134.0,171.0,104.0,280.0,137.0,,,,,,,,0.11,0.03,0.14,1.59,0.0,0.41,1.02,0.82,7.98,15,3,72.0,0.0,0.0,1.0,0.0,0.0,0.0,0.0,0.0,0.0,0.0,1.0,0.0,4.0,499.0,586.0,0.0,0.0,0.030000000000000013,0.030000000000000027,0.5,1.7999999999999972,14.799999999999997,6.0,2.3000000000000007,1.0,1.0,5.0,7.0
302,Idrissa Gana,Gueye,Gana,a,,,5.4,151,95.0,0.1,470,157.0,-0.5,757.0,337.0,0,0,0.0,-1,1.0,294,757,-0.1,7.4,-0.5,0.0,3.3,135.0,60.0,100.0,0.0,166.0,66.0,146.0,102.0,126.0,74.0,157.0,84.0,,,,,,,,0.1,0.06,0.16,1.3,0.0,0.28,1.03,1.12,9.46,15,0,0.0,0.0,0.0,0.0,0.0,0.0,0.0,0.0,0.0,0.0,0.0,0.0,0.0,0.0,298.0,1049.0,0.0,0.0,0.0,0.0,0.0,0.0,0.0,0.0,0.0,0.0,0.0,0.0,0.0
303,James,Garner,Garner,a,,,5.0,256,158.0,0.6,240,81.0,3.5,91.0,42.0,3,0,0.0,0,0.0,1497,13932,0.7,11.2,3.5,3.5,3.7,99.0,44.0,,,53.0,17.0,37.0,31.0,115.0,66.0,43.0,31.0,3.0,3.0,,,,,,0.08,0.11,0.19,1.36,0.0,0.4,1.13,1.0,10.13,15,3,90.0,0.0,0.0,1.0,0.0,0.0,0.0,0.0,0.0,0.0,0.0,1.0,0.0,19.0,1852.0,15466.0,0.0,0.15999999999999992,0.020000000000000018,0.18000000000000016,0.5300000000000011,16.0,2.700000000000017,19.0,3.799999999999997,3.0,3.0,1.0,7.0
304,Tim,Iroegbunam,Iroegbunam,a,,,4.8,360,225.0,0.0,622,249.0,1.5,228.0,104.0,0,0,0.0,-2,2.0,130,107,0.3,5.0,1.5,0.0,2.2,259.0,114.0,100.0,0.0,284.0,124.0,311.0,173.0,327.0,170.0,334.0,161.0,,,,,,,,0.03,0.01,0.04,1.36,0.0,0.94,0.75,1.12,11.04,15,0,0.0,0.0,0.0,0.0,0.0,0.0,0.0,0.0,0.0,0.0,0.0,0.0,0.0,0.0,139.0,142.0,0.0,0.0,0.0,0.0,0.0,0.0,0.0,0.0,0.0,0.0,0.0,0.0,0.0
305,Harrison,Armstrong,Armstrong,u,has joined Preston North End on loan for the rest of the season.,,4.5,474,288.0,0.0,574,214.0,0.0,634.0,257.0,0,0,0.0,0,0.0,0,163,0.0,0.2,0.0,0.0,1.0,407.0,188.0,0.0,0.0,684.0,285.0,676.0,284.0,663.0,282.0,685.0,286.0,,,,,,,,0.0,0.0,0.0,0.0,0.0,0.0,0.0,0.0,0.0,15,0,0.0,0.0,0.0,0.0,0.0,0.0,0.0,0.0,0.0,0.0,0.0,0.0,0.0,0.0,0.0,187.0,0.0,0.0,0.0,0.0,0.0,0.0,0.0,0.0,0.0,0.0,0.0,0.0,0.0
307,Coby,Ebere,Ebere,a,,,4.4,519,304.0,0.0,595,228.0,0.0,557.0,200.0,0,0,0.0,-1,1.0,113,212,0.0,0.0,0.0,0.0,0.0,613.0,235.0,,,608.0,229.0,599.0,229.0,580.0,225.0,609.0,230.0,,,,,,,,0.0,0.0,0.0,0.0,0.0,0.0,0.0,0.0,0.0,15,0,0.0,0.0,0.0,0.0,0.0,0.0,0.0,0.0,0.0,0.0,0.0,0.0,0.0,0.0,147.0,239.0,0.0,0.0,0.0,0.0,0.0,0.0,0.0,0.0,0.0,0.0,0.0,0.0,0.0
308,Isaac,Heath,Heath,u,has joined Accrington on loan for the rest of the season.,,4.5,437,262.0,0.0,668,278.0,0.0,603.0,233.0,0,0,0.0,0,0.0,0,41,0.0,0.0,0.0,0.0,0.0,656.0,265.0,0.0,0.0,653.0,261.0,645.0,260.0,632.0,258.0,654.0,262.0,,,,,,,,0.0,0.0,0.0,0.0,0.0,0.0,0.0,0.0,0.0,15,0,0.0,0.0,0.0,0.0,0.0,0.0,0.0,0.0,0.0,0.0,0.0,0.0,0.0,0.0,0.0,46.0,0.0,0.0,0.0,0.0,0.0,0.0,0.0,0.0,0.0,0.0,0.0,0.0,0.0
309,Jenson,Metcalfe,Metcalfe,u,Has joined Bradford City permanently.,,4.5,433,260.0,0.0,757,337.0,0.0,600.0,231.0,0,0,0.0,0,0.0,0,1,0.0,0.0,0.0,0.0,0.0,653.0,263.0,0.0,0.0,650.0,259.0,642.0,258.0,629.0,256.0,651.0,260.0,,,,,,,,0.0,0.0,0.0,0.0,0.0,0.0,0.0,0.0,0.0,15,0,0.0,0.0,0.0,0.0,0.0,0.0,0.0,0.0,0.0,0.0,0.0,0.0,0.0,0.0,0.0,1.0,0.0,0.0,0.0,0.0,0.0,0.0,0.0,0.0,0.0,0.0,0.0,0.0,0.0
310,Thierno,Barry,Barry,a,,,5.7,120,31.0,0.4,275,41.0,2.8,148.0,19.0,5,0,0.0,-3,3.0,7267,2785,0.5,4.0,2.8,2.8,1.5,350.0,37.0,,,336.0,34.0,190.0,19.0,81.0,25.0,248.0,28.0,,,,,,,,0.36,0.02,0.38,1.21,0.0,0.66,1.05,1.05,2.62,15,5,61.0,1.0,0.0,1.0,0.0,0.0,0.0,0.0,1.0,0.0,0.0,1.0,0.0,23.0,8370.0,3185.0,0.0,0.3599999999999999,0.010000000000000009,0.36999999999999966,0.21000000000000085,27.0,1.7999999999999972,19.0,4.800000000000001,0.0,0.0,2.0,2.0
311,Norberto Bercique,Gomes Betuncal,Beto,a,,,5.0,266,52.0,2.6,113,18.0,1.0,283.0,33.0,1,-1,1.0,-5,5.0,8492,23359,0.2,5.0,1.0,1.0,1.7,326.0,35.0,,,280.0,25.0,257.0,28.0,45.0,17.0,188.0,23.0,,,2.0,,,,,0.56,0.02,0.58,1.56,0.0,0.14,1.23,0.96,5.08,15,1,28.0,0.0,0.0,0.0,0.0,0.0,0.0,0.0,0.0,0.0,0.0,0.0,0.0,1.0,10295.0,26905.0,0.0,0.18999999999999995,0.010000000000000009,0.19999999999999973,0.3200000000000003,0.0,0.29999999999999716,11.0,0.9000000000000057,0.0,0.0,0.0,0.0
312,Youssef,Ramalho Chermiti,Y.Chermiti,u,has joined Rangers permanently.,,4.9,329,57.0,0.1,512,72.0,0.0,682.0,69.0,0,0,0.0,-1,1.0,0,78,0.0,0.0,0.0,0.0,0.0,712.0,77.0,0.0,0.0,714.0,77.0,710.0,76.0,703.0,76.0,714.0,77.0,,,,,,,,0.0,0.0,0.0,0.0,0.0,0.0,0.0,0.0,0.0,15,0,0.0,0.0,0.0,0.0,0.0,0.0,0.0,0.0,0.0,0.0,0.0,0.0,0.0,0.0,0.0,93.0,0.0,0.0,0.0,0.0,0.0,0.0,0.0,0.0,0.0,0.0,0.0,0.0,0.0
313,Martin,Sherif,Sherif,u,has joined Rotherham United on loan for the rest of the season.,,4.4,524,71.0,0.1,431,62.0,0.0,562.0,55.0,0,0,0.0,-1,1.0,0,314,0.0,0.0,0.0,0.0,0.0,618.0,64.0,0.0,0.0,613.0,64.0,604.0,63.0,585.0,63.0,614.0,64.0,,,,,,,,0.0,0.0,0.0,0.0,0.0,0.0,0.0,0.0,0.0,15,0,0.0,0.0,0.0,0.0,0.0,0.0,0.0,0.0,0.0,0.0,0.0,0.0,0.0,0.0,0.0,346.0,0.0,0.0,0.0,0.0,0.0,0.0,0.0,0.0,0.0,0.0,0.0,0.0,0.0
419,Jack,Grealish,Grealish,a,,,6.6,48,31.0,11.8,33,13.0,4.8,47.0,21.0,3,0,0.0,1,-1.0,33842,168066,0.7,9.4,4.8,4.8,4.4,58.0,25.0,100.0,100.0,50.0,14.0,8.0,8.0,25.0,13.0,15.0,13.0,,,,,,,,0.09,0.24,0.33,1.28,0.0,0.46,1.16,1.0,7.94,15,3,85.0,0.0,0.0,1.0,0.0,0.0,0.0,0.0,0.0,0.0,0.0,1.0,0.0,8.0,52069.0,175850.0,0.0,0.0,0.25,0.24999999999999956,0.5,10.800000000000011,32.60000000000002,12.0,5.5,1.0,2.0,4.0,7.0
667,Adam,Aznou,Aznou,a,,,4.3,575,141.0,0.1,558,200.0,0.0,518.0,211.0,0,0,0.0,-2,2.0,63,204,0.0,0.0,0.0,0.0,0.0,583.0,227.0,100.0,100.0,579.0,229.0,569.0,229.0,546.0,222.0,580.0,229.0,,,,,,,,0.0,0.0,0.0,0.0,0.0,0.0,0.0,0.0,0.0,15,0,0.0,0.0,0.0,0.0,0.0,0.0,0.0,0.0,0.0,0.0,0.0,0.0,0.0,0.0,83.0,235.0,0.0,0.0,0.0,0.0,0.0,0.0,0.0,0.0,0.0,0.0,0.0,0.0,0.0
707,Tyler,Dibling,Dibling,a,,,5.3,202,125.0,0.0,644,263.0,0.5,330.0,157.0,1,0,0.0,-2,2.0,75,164,0.1,0.9,0.5,0.5,0.8,449.0,212.0,,,409.0,187.0,353.0,186.0,369.0,188.0,413.0,192.0,,,,,,,,0.0,0.01,0.01,1.98,0.0,0.0,1.18,1.18,11.84,15,1,4.0,0.0,0.0,0.0,0.0,0.0,0.0,0.0,0.0,0.0,0.0,0.0,0.0,3.0,86.0,187.0,0.0,0.0,0.0,0.0,0.030000000000000027,0.0,1.0999999999999996,2.0,0.2999999999999998,0.0,0.0,0.0,0.0
728,Merlin,Röhl,Röhl,i,Hernia - Unknown return date,,5.0,275,170.0,0.0,714,309.0,0.0,697.0,300.0,0,0,0.0,0,0.0,10,34,0.0,0.8,0.0,0.0,1.0,427.0,201.0,0.0,0.0,403.0,184.0,354.0,187.0,359.0,186.0,406.0,189.0,,,,,,,,0.26,0.02,0.28,1.52,0.0,0.0,0.99,0.0,13.85,15,0,0.0,0.0,0.0,0.0,0.0,0.0,0.0,0.0,0.0,0.0,0.0,0.0,0.0,0.0,11.0,41.0,0.0,0.0,0.0,0.0,0.0,0.0,0.0,0.0,0.0,0.0,0.0,0.0,0.0
314,Bernd,Leno,Leno,a,,,4.9,285,10.0,1.8,139,19.0,2.0,185.0,17.0,2,0,0.0,-1,1.0,42216,6196,0.4,8.6,2.0,2.0,2.8,189.0,17.0,,,40.0,9.0,695.0,83.0,685.0,77.0,206.0,10.0,,,,,,,,0.0,0.0,0.0,1.31,2.53,0.2,1.6,1.0,0.0,15,2,90.0,0.0,0.0,0.0,2.0,0.0,0.0,0.0,0.0,0.0,3.0,1.0,0.0,8.0,44165.0,7346.0,0.0,0.0,0.0,0.0,1.6500000000000021,28.400000000000034,0.0,0.0,2.8000000000000007,0.0,0.0,5.0,0.0
315,Steven,Benda,Benda,u,Has joined Millwall on loan for the rest of the season.,,4.0,638,50.0,0.0,731,83.0,0.0,453.0,59.0,0,0,0.0,0,0.0,0,12,0.0,0.0,0.0,0.0,0.0,530.0,65.0,0.0,0.0,525.0,65.0,511.0,53.0,481.0,39.0,525.0,65.0,,,,,,,,0.0,0.0,0.0,0.0,0.0,0.0,0.0,0.0,0.0,15,0,0.0,0.0,0.0,0.0,0.0,0.0,0.0,0.0,0.0,0.0,0.0,0.0,0.0,0.0,0.0,13.0,0.0,0.0,0.0,0.0,0.0,0.0,0.0,0.0,0.0,0.0,0.0,0.0,0.0
316,Antonee,Robinson,Robinson,d,Lack of match fitness - 75% chance of playing,,4.9,293,47.0,0.4,266,98.0,0.0,667.0,237.0,0,0,0.0,-1,1.0,376,1473,0.0,0.6,0.0,0.0,1.0,422.0,148.0,75.0,0.0,399.0,147.0,323.0,107.0,381.0,138.0,396.0,136.0,,,,,,,,0.0,0.12,0.12,0.34,0.0,0.0,0.0,0.0,2.95,15,0,0.0,0.0,0.0,0.0,0.0,0.0,0.0,0.0,0.0,0.0,0.0,0.0,0.0,0.0,378.0,1696.0,0.0,0.0,0.0,0.0,0.0,0.0,0.0,0.0,0.0,0.0,0.0,0.0,0.0
317,Joachim,Andersen,Andersen,a,,,4.6,385,70.0,5.9,69,22.0,3.8,73.0,24.0,1,1,-1.0,1,-1.0,314565,10199,0.8,11.7,3.8,3.8,3.9,83.0,34.0,100.0,100.0,23.0,9.0,216.0,61.0,212.0,54.0,104.0,29.0,,,,,,,,0.04,0.09,0.13,1.2,0.0,0.22,1.56,1.04,10.92,15,1,90.0,0.0,0.0,0.0,2.0,0.0,0.0,0.0,0.0,0.0,0.0,1.0,0.0,14.0,325051.0,12521.0,0.0,0.0,0.18999999999999995,0.18999999999999995,1.6500000000000004,31.399999999999977,26.299999999999997,4.0,6.200000000000003,0.0,7.0,5.0,7.0
318,Calvin,Bassey,Bassey,a,,,4.5,412,82.0,0.7,217,83.0,4.5,53.0,20.0,3,0,0.0,0,0.0,16055,4578,1.0,10.2,4.5,4.5,3.1,156.0,61.0,,,76.0,34.0,213.0,60.0,316.0,104.0,178.0,60.0,,,,,,,,0.01,0.01,0.02,1.3,0.0,0.21,1.63,0.99,7.67,15,3,90.0,0.0,0.0,0.0,2.0,0.0,0.0,0.0,0.0,0.0,0.0,1.0,0.0,8.0,16712.0,5145.0,0.0,0.010000000000000009,0.05000000000000002,0.06,1.6499999999999986,33.80000000000001,3.0,2.0,3.8999999999999986,2.0,8.0,5.0,10.0
319,Timothy,Castagne,Castagne,a,,,4.3,553,130.0,0.1,436,161.0,1.5,221.0,77.0,1,0,0.0,-2,2.0,2228,580,0.3,3.7,1.5,1.5,1.5,341.0,123.0,,,258.0,100.0,207.0,56.0,263.0,78.0,273.0,92.0,,,,,,,,0.07,0.03,0.1,1.77,0.0,0.0,2.35,1.01,7.39,15,1,90.0,0.0,0.0,0.0,2.0,0.0,0.0,0.0,0.0,0.0,0.0,1.0,0.0,6.0,2343.0,682.0,0.0,0.0,0.01999999999999999,0.019999999999999907,1.6499999999999986,9.799999999999997,14.100000000000001,2.0,2.6000000000000014,1.0,2.0,3.0,3.0
320,Issa,Diop,Diop,a,,,4.3,555,132.0,0.1,513,188.0,0.0,507.0,209.0,0,0,0.0,-2,2.0,223,307,0.0,0.9,0.0,0.0,1.3,362.0,129.0,,,358.0,132.0,405.0,147.0,376.0,135.0,397.0,137.0,,,,,,,,0.0,0.01,0.01,1.64,0.0,0.0,2.02,0.81,8.07,15,0,0.0,0.0,0.0,0.0,0.0,0.0,0.0,0.0,0.0,0.0,0.0,0.0,0.0,0.0,253.0,362.0,0.0,0.0,0.0,0.0,0.0,0.0,0.0,0.0,0.0,0.0,0.0,0.0,0.0
321,Jorge,Cuenca Barreno,J.Cuenca,a,,,4.3,561,136.0,0.0,600,214.0,0.0,510.0,210.0,0,0,0.0,-2,2.0,91,116,0.0,1.6,0.0,0.0,2.3,241.0,87.0,,,348.0,128.0,390.0,139.0,366.0,130.0,382.0,131.0,,,,,,,,0.0,0.01,0.01,1.3,0.0,0.0,1.07,1.07,10.71,15,0,0.0,0.0,0.0,0.0,0.0,0.0,0.0,0.0,0.0,0.0,0.0,0.0,0.0,0.0,96.0,135.0,0.0,0.0,0.0,0.0,0.0,0.0,0.0,0.0,0.0,0.0,0.0,0.0,0.0
322,Kenny,Tete,Tete,a,,,4.5,402,76.0,0.8,203,77.0,5.2,30.0,13.0,3,0,0.0,0,0.0,52795,2664,1.2,10.4,5.2,5.2,3.9,82.0,33.0,100.0,100.0,77.0,35.0,151.0,36.0,191.0,42.0,128.0,45.0,,,,,,,,0.03,0.05,0.08,1.29,0.0,0.26,1.3,1.04,8.78,15,3,90.0,0.0,0.0,0.0,2.0,0.0,0.0,0.0,0.0,0.0,0.0,1.0,0.0,13.0,54252.0,3100.0,0.0,0.05999999999999997,0.04999999999999993,0.10999999999999999,1.6500000000000004,33.99999999999997,17.900000000000006,13.0,6.5,4.0,8.0,7.0,12.0
324,Alex,Iwobi,Iwobi,a,,,6.4,60,39.0,1.3,166,56.0,3.5,103.0,49.0,2,0,0.0,-1,1.0,28787,13818,0.5,8.4,3.5,3.5,3.6,111.0,51.0,,,88.0,30.0,15.0,15.0,84.0,52.0,29.0,24.0,5.0,,,,,,,0.05,0.15,0.2,1.33,0.0,0.22,1.65,1.08,6.55,15,2,88.0,0.0,0.0,0.0,2.0,0.0,0.0,0.0,0.0,0.0,0.0,1.0,0.0,19.0,30684.0,15369.0,0.0,0.08999999999999997,0.31000000000000005,0.3999999999999999,1.6499999999999986,17.19999999999999,38.5,17.0,7.299999999999997,3.0,0.0,3.0,6.0
325,Emile,Smith Rowe,Smith Rowe,a,,,5.6,126,79.0,0.6,237,79.0,2.8,147.0,66.0,2,0,0.0,-4,4.0,17611,3174,0.5,4.8,2.8,2.8,1.8,310.0,142.0,100.0,100.0,242.0,105.0,187.0,124.0,82.0,50.0,198.0,100.0,,,,,,,,0.38,0.07,0.45,1.51,0.0,0.0,1.78,0.67,5.12,15,2,67.0,0.0,0.0,0.0,1.0,0.0,0.0,0.0,0.0,0.0,0.0,1.0,0.0,8.0,19228.0,3442.0,0.0,0.27,0.010000000000000009,0.28,0.9799999999999995,6.0,3.299999999999997,24.0,3.299999999999997,0.0,2.0,3.0,5.0
326,Adama,Traoré Diarra,Adama,a,,,5.1,229,141.0,0.1,407,133.0,0.2,366.0,173.0,1,0,0.0,-4,4.0,343,681,0.0,2.4,0.2,0.2,1.2,377.0,176.0,,,392.0,179.0,231.0,143.0,233.0,130.0,321.0,155.0,,,,,,,,0.07,0.2,0.27,1.68,0.0,0.0,2.22,0.37,4.81,15,1,1.0,0.0,0.0,0.0,0.0,0.0,0.0,0.0,0.0,0.0,0.0,0.0,0.0,3.0,390.0,784.0,0.0,0.0,0.0,0.0,0.0,0.1999999999999993,1.8000000000000043,0.0,0.1999999999999993,0.0,0.0,0.0,0.0
327,Andreas,Hoelgebaum Pereira,Andreas,u,has joined Palmeiras permanently.,,5.3,187,114.0,0.1,533,190.0,0.0,710.0,309.0,0,0,0.0,-2,2.0,0,78,0.0,0.0,0.0,0.0,0.0,731.0,320.0,0.0,0.0,733.0,320.0,732.0,320.0,727.0,319.0,733.0,320.0,,,,,,,,0.0,0.0,0.0,0.0,0.0,0.0,0.0,0.0,0.0,15,0,0.0,0.0,0.0,0.0,0.0,0.0,0.0,0.0,0.0,0.0,0.0,0.0,0.0,0.0,0.0,98.0,0.0,0.0,0.0,0.0,0.0,0.0,0.0,0.0,0.0,0.0,0.0,0.0,0.0
328,Ryan,Sessegnon,Sessegnon,i,Hamstring injury - Unknown return date,,5.4,160,100.0,0.4,259,91.0,2.2,173.0,78.0,0,0,0.0,-1,1.0,4290,33090,0.4,10.4,0.0,2.2,4.3,65.0,28.0,0.0,100.0,108.0,38.0,150.0,105.0,112.0,65.0,106.0,62.0,,,,,,,,0.07,0.07,0.14,1.32,0.0,0.24,1.71,1.06,10.66,15,0,0.0,0.0,0.0,0.0,0.0,0.0,0.0,0.0,0.0,0.0,0.0,0.0,0.0,0.0,5462.0,35316.0,0.0,0.0,0.0,0.0,0.0,0.0,0.0,0.0,0.0,0.0,0.0,0.0,0.0
329,Harry,Wilson,Wilson,a,,,5.4,156,98.0,5.1,79,27.0,7.0,7.0,5.0,8,2,-2.0,-1,1.0,535802,4299,1.3,11.5,7.0,7.0,4.4,51.0,21.0,100.0,100.0,116.0,43.0,62.0,47.0,56.0,32.0,49.0,33.0,3.0,3.0,3.0,,,,,0.16,0.08,0.24,1.05,0.0,0.28,1.38,1.1,6.81,15,8,88.0,1.0,0.0,0.0,2.0,0.0,0.0,0.0,0.0,0.0,0.0,1.0,1.0,30.0,543688.0,4681.0,0.0,0.14000000000000012,0.04999999999999993,0.18999999999999995,1.6500000000000004,41.0,17.30000000000001,28.0,8.600000000000001,0.0,3.0,2.0,5.0
330,Sander,Berge,Berge,a,,,4.9,303,187.0,0.1,515,178.0,1.8,206.0,94.0,2,0,0.0,-1,1.0,576,477,0.4,6.9,1.8,1.8,2.3,246.0,109.0,,,162.0,64.0,75.0,55.0,260.0,141.0,155.0,82.0,,,,,,,,0.04,0.04,0.08,1.28,0.0,0.21,1.59,1.04,8.01,15,2,75.0,0.0,0.0,0.0,1.0,0.0,0.0,0.0,0.0,0.0,0.0,1.0,0.0,14.0,625.0,548.0,0.0,0.0,0.030000000000000027,0.029999999999999805,0.9800000000000004,11.599999999999994,14.300000000000011,2.0,2.799999999999997,1.0,2.0,2.0,5.0
331,Tom,Cairney,Cairney,a,,,4.8,340,212.0,0.0,634,257.0,0.2,359.0,167.0,1,0,0.0,-2,2.0,96,113,0.0,1.9,0.2,0.2,1.1,381.0,179.0,100.0,100.0,394.0,181.0,280.0,162.0,305.0,161.0,362.0,173.0,,,,,,,,0.2,0.07,0.27,1.49,0.0,0.0,2.27,0.45,5.91,15,1,2.0,0.0,0.0,0.0,0.0,0.0,0.0,0.0,0.0,0.0,0.0,0.0,0.0,4.0,113.0,125.0,0.0,0.0,0.06,0.05999999999999994,0.0,2.5999999999999996,4.299999999999997,0.0,0.7000000000000002,0.0,0.0,0.0,0.0
333,Martial,Godo,Godo,u,has joined Strasbourg permanently.,,4.5,456,276.0,0.0,639,260.0,0.0,618.0,246.0,0,0,0.0,0,0.0,0,73,0.0,0.0,0.0,0.0,0.0,670.0,277.0,0.0,0.0,668.0,274.0,660.0,273.0,647.0,271.0,669.0,275.0,,,,,,,,0.0,0.0,0.0,0.0,0.0,0.0,0.0,0.0,0.0,15,0,0.0,0.0,0.0,0.0,0.0,0.0,0.0,0.0,0.0,0.0,0.0,0.0,0.0,0.0,0.0,87.0,0.0,0.0,0.0,0.0,0.0,0.0,0.0,0.0,0.0,0.0,0.0,0.0,0.0
334,Luke,Harris,Harris,u,Has joined Oxford United on loan for the rest of the season.,,4.5,440,264.0,0.0,752,332.0,0.0,605.0,235.0,0,0,0.0,0,0.0,0,4,0.0,0.0,0.0,0.0,0.0,658.0,267.0,0.0,0.0,655.0,263.0,647.0,262.0,634.0,260.0,656.0,264.0,,,,,,,,0.0,0.0,0.0,0.0,0.0,0.0,0.0,0.0,0.0,15,0,0.0,0.0,0.0,0.0,0.0,0.0,0.0,0.0,0.0,0.0,0.0,0.0,0.0,0.0,0.0,4.0,0.0,0.0,0.0,0.0,0.0,0.0,0.0,0.0,0.0,0.0,0.0,0.0,0.0
335,Josh,King,King,a,,,4.5,465,281.0,3.1,102,34.0,2.5,156.0,69.0,1,0,0.0,0,0.0,18367,72764,0.6,6.4,2.5,2.5,1.9,293.0,132.0,,,256.0,112.0,155.0,107.0,80.0,49.0,190.0,96.0,,,,,,,,0.12,0.04,0.16,1.27,0.0,0.33,1.43,1.21,6.59,15,1,14.0,0.0,0.0,0.0,1.0,0.0,0.0,0.0,0.0,0.0,0.0,0.0,0.0,2.0,21404.0,79302.0,0.0,0.0,0.0,0.0,0.6799999999999997,2.4000000000000057,0.29999999999999716,0.0,0.29999999999999716,0.0,1.0,0.0,1.0
336,Harrison,Reed,Reed,a,,,4.3,551,319.0,0.3,323,111.0,0.2,349.0,162.0,0,0,0.0,-2,2.0,2358,3648,0.0,0.2,0.2,0.2,1.0,398.0,182.0,,,450.0,206.0,428.0,205.0,535.0,202.0,571.0,207.0,,,,,,,,0.0,0.0,0.0,0.0,0.0,0.0,0.0,0.0,90.0,15,0,0.0,0.0,0.0,0.0,0.0,0.0,0.0,0.0,0.0,0.0,0.0,0.0,0.0,0.0,2897.0,4049.0,0.0,0.0,0.0,0.0,0.0,0.0,0.0,0.0,0.0,0.0,0.0,0.0,0.0
337,Raúl,Jiménez Rodríguez,Raúl,a,,,6.3,70,23.0,2.4,119,20.0,3.5,102.0,13.0,5,1,-1.0,-2,2.0,181085,6523,0.6,6.2,3.5,3.5,2.8,199.0,20.0,100.0,100.0,206.0,18.0,163.0,13.0,39.0,16.0,105.0,14.0,,1.0,1.0,,,,,0.31,0.04,0.35,1.28,0.0,0.23,1.48,1.14,5.34,15,5,90.0,0.0,1.0,0.0,2.0,0.0,0.0,0.0,0.0,0.0,0.0,1.0,0.0,11.0,183506.0,7603.0,0.0,0.13000000000000034,0.04999999999999999,0.17999999999999972,1.6499999999999986,20.39999999999999,21.200000000000003,16.0,5.800000000000004,0.0,2.0,3.0,5.0
338,Rodrigo,Muniz Carvalho,Muniz,i,Hamstring injury - Expected back 01 Jan,,5.4,168,40.0,0.8,201,31.0,0.0,717.0,73.0,0,0,0.0,-1,1.0,132,4135,0.0,3.1,0.0,0.0,2.4,235.0,24.0,0.0,0.0,311.0,30.0,272.0,30.0,113.0,31.0,263.0,30.0,,,,,,,,0.24,0.0,0.24,1.46,0.0,0.26,1.03,1.03,4.91,15,0,0.0,0.0,0.0,0.0,0.0,0.0,0.0,0.0,0.0,0.0,0.0,0.0,0.0,0.0,151.0,4897.0,0.0,0.0,0.0,0.0,0.0,0.0,0.0,0.0,0.0,0.0,0.0,0.0,0.0
664,Benjamin,Lecomte,Lecomte,a,,,3.9,688,68.0,0.7,205,28.0,0.0,398.0,28.0,0,0,0.0,-1,1.0,2191,2540,0.0,0.0,0.0,0.0,0.0,477.0,34.0,,,473.0,34.0,457.0,21.0,425.0,7.0,472.0,34.0,,,,,,,,0.0,0.0,0.0,0.0,0.0,0.0,0.0,0.0,0.0,15,0,0.0,0.0,0.0,0.0,0.0,0.0,0.0,0.0,0.0,0.0,0.0,0.0,0.0,0.0,2493.0,2789.0,0.0,0.0,0.0,0.0,0.0,0.0,0.0,0.0,0.0,0.0,0.0,0.0,0.0
727,Samuel,Chukwueze,Chukwueze,a,,,5.3,192,119.0,0.5,241,82.0,5.8,22.0,10.0,2,0,0.0,-2,2.0,30255,10619,1.1,5.7,5.8,5.8,3.8,95.0,42.0,100.0,100.0,204.0,85.0,126.0,90.0,111.0,64.0,156.0,83.0,,,,,,,,0.3,0.53,0.83,1.06,0.0,0.0,2.38,0.59,7.13,15,2,75.0,0.0,0.0,0.0,1.0,0.0,0.0,0.0,0.0,0.0,0.0,1.0,0.0,10.0,37712.0,10916.0,0.0,0.030000000000000027,0.040000000000000036,0.06999999999999984,0.98,3.200000000000017,3.5,8.0,1.5,1.0,0.0,7.0,8.0
731,Kevin,Santos Lopes de Macedo,Kevin,a,,,5.8,112,73.0,0.1,554,205.0,1.5,238.0,111.0,1,0,0.0,-2,2.0,843,906,0.3,2.8,1.5,1.5,1.3,372.0,175.0,100.0,100.0,274.0,120.0,136.0,97.0,141.0,84.0,219.0,111.0,4.0,,,,,,,0.09,0.16,0.25,1.13,0.0,0.43,1.51,0.65,8.0,15,1,22.0,0.0,0.0,0.0,1.0,0.0,0.0,0.0,0.0,0.0,0.0,0.0,0.0,0.0,945.0,1013.0,0.0,0.02999999999999997,0.020000000000000018,0.04999999999999982,0.6800000000000006,0.0,1.6000000000000085,8.0,0.7000000000000028,0.0,0.0,2.0,2.0
737,Jonah,Kusi-Asare,Kusi-Asare,a,,,4.5,481,66.0,0.1,497,70.0,0.2,356.0,41.0,0,0,0.0,0,0.0,1146,725,0.0,0.4,0.2,0.2,1.0,409.0,46.0,,,443.0,52.0,363.0,46.0,367.0,50.0,420.0,49.0,,,,,,,,0.0,0.05,0.05,0.1,0.0,0.0,0.0,0.0,0.0,15,0,0.0,0.0,0.0,0.0,0.0,0.0,0.0,0.0,0.0,0.0,0.0,0.0,0.0,0.0,1259.0,796.0,0.0,0.0,0.0,0.0,0.0,0.0,0.0,0.0,0.0,0.0,0.0,0.0,0.0
339,Illan,Meslier,Meslier,a,,,4.2,608,37.0,0.4,289,37.0,0.0,495.0,74.0,0,0,0.0,-3,3.0,730,1596,0.0,0.0,0.0,-0.5,0.0,570.0,79.0,,,565.0,79.0,553.0,68.0,525.0,55.0,565.0,79.0,,,,,,,,0.0,0.0,0.0,0.0,0.0,0.0,0.0,0.0,0.0,15,0,0.0,0.0,0.0,0.0,0.0,0.0,0.0,0.0,0.0,0.0,0.0,0.0,0.0,0.0,846.0,1830.0,0.0,0.0,0.0,0.0,0.0,0.0,0.0,0.0,0.0,0.0,0.0,0.0,0.0
340,Alex,Cairns,Cairns,a,,,3.9,689,69.0,0.2,395,61.0,0.0,399.0,29.0,0,0,0.0,-1,1.0,401,551,0.0,0.0,0.0,-0.5,0.0,478.0,35.0,,,474.0,35.0,458.0,22.0,426.0,8.0,473.0,35.0,,,,,,,,0.0,0.0,0.0,0.0,0.0,0.0,0.0,0.0,0.0,15,0,0.0,0.0,0.0,0.0,0.0,0.0,0.0,0.0,0.0,0.0,0.0,0.0,0.0,0.0,478.0,617.0,0.0,0.0,0.0,0.0,0.0,0.0,0.0,0.0,0.0,0.0,0.0,0.0,0.0
341,Karl,Darlow,Darlow,a,,,3.9,685,65.0,2.1,128,17.0,0.0,395.0,25.0,0,-1,1.0,-1,1.0,7478,12437,0.0,2.6,0.0,-0.5,2.0,277.0,24.0,,,245.0,23.0,454.0,18.0,422.0,4.0,343.0,23.0,,,,,,,,0.0,0.0,0.0,0.89,2.6,0.0,1.6,1.0,0.0,15,0,0.0,0.0,0.0,0.0,0.0,0.0,0.0,0.0,0.0,0.0,0.0,0.0,0.0,0.0,7788.0,14016.0,0.0,0.0,0.0,0.0,0.0,0.0,0.0,0.0,0.0,0.0,0.0,0.0,0.0
342,Jayden,Bogle,Bogle,a,,,4.4,497,109.0,0.2,384,139.0,1.5,223.0,79.0,0,0,0.0,-1,1.0,1100,1480,0.3,7.7,1.5,1.0,2.3,244.0,90.0,100.0,100.0,163.0,70.0,145.0,34.0,166.0,34.0,171.0,57.0,,,,,,,,0.05,0.04,0.09,1.43,0.0,0.14,1.92,1.03,5.55,15,0,90.0,0.0,0.0,0.0,3.0,0.0,0.0,0.0,1.0,0.0,0.0,1.0,0.0,-9.0,1288.0,1697.0,0.0,0.0,0.0,0.0,1.879999999999999,1.799999999999983,1.5,0.0,0.30000000000000426,0.0,4.0,5.0,4.0
343,Pascal,Struijk,Struijk,a,,,4.3,556,133.0,0.2,337,120.0,1.2,248.0,86.0,0,0,0.0,-2,2.0,883,1796,0.3,7.0,1.2,0.7,2.3,240.0,86.0,100.0,100.0,122.0,51.0,265.0,80.0,144.0,27.0,174.0,59.0,,,3.0,,,,,0.1,0.01,0.11,1.38,0.0,0.17,1.9,0.99,7.69,15,0,90.0,0.0,0.0,0.0,3.0,0.0,0.0,0.0,1.0,0.0,0.0,1.0,0.0,0.0,1003.0,2103.0,0.0,0.06999999999999984,0.01999999999999999,0.09000000000000008,1.9100000000000001,14.400000000000006,11.800000000000004,6.0,3.200000000000003,1.0,4.0,6.0,5.0
344,Jaka,Bijol,Bijol,a,,,3.9,703,207.0,0.3,318,115.0,3.5,87.0,31.0,1,0,0.0,-1,1.0,9333,1961,0.9,5.1,3.5,3.0,3.3,127.0,47.0,100.0,100.0,219.0,86.0,356.0,123.0,247.0,71.0,283.0,96.0,,,,,,,,0.04,0.0,0.04,1.58,0.0,0.0,1.96,0.98,9.0,15,1,64.0,0.0,0.0,0.0,2.0,0.0,0.0,0.0,0.0,0.0,0.0,1.0,0.0,7.0,11357.0,2174.0,0.0,0.0,0.0,0.0,1.2400000000000002,18.200000000000003,0.5,4.0,2.3000000000000007,2.0,5.0,1.0,7.0
346,Sam,Byram,Byram,a,,,3.8,738,229.0,0.2,360,130.0,0.0,376.0,133.0,0,-1,1.0,-2,2.0,863,1344,0.0,0.3,0.0,-0.5,1.0,386.0,134.0,,,453.0,163.0,436.0,161.0,402.0,147.0,451.0,161.0,,,,,,,,0.0,0.0,0.0,10.16,0.0,0.0,12.86,0.0,0.0,15,0,0.0,0.0,0.0,0.0,0.0,0.0,0.0,0.0,0.0,0.0,0.0,0.0,0.0,0.0,882.0,1498.0,0.0,0.0,0.0,0.0,0.0,0.0,0.0,0.0,0.0,0.0,0.0,0.0,0.0
347,Gabriel,Gudmundsson,Gudmundsson,a,,,3.9,701,205.0,3.7,93,32.0,1.5,218.0,74.0,0,0,0.0,-1,1.0,13745,47764,0.4,8.5,1.5,1.0,2.2,252.0,93.0,100.0,100.0,94.0,41.0,42.0,6.0,180.0,37.0,68.0,15.0,,,,,,,,0.04,0.1,0.14,1.34,0.0,0.15,1.87,1.05,7.49,15,0,90.0,0.0,0.0,0.0,3.0,0.0,0.0,0.0,1.0,0.0,0.0,1.0,0.0,-2.0,16322.0,52977.0,0.0,0.03999999999999998,0.10000000000000009,0.1399999999999999,1.9100000000000001,12.0,30.299999999999983,1.0,4.299999999999997,0.0,3.0,4.0,3.0
348,Joe,Rodon,Rodon,a,,,4.1,616,157.0,5.4,74,25.0,1.5,220.0,76.0,1,0,0.0,1,-1.0,22232,68809,0.4,12.7,1.5,1.0,3.5,112.0,40.0,100.0,100.0,13.0,5.0,242.0,70.0,97.0,11.0,75.0,20.0,,,,,,,,0.05,0.01,0.06,1.48,0.0,0.13,1.93,1.0,8.8,15,1,90.0,0.0,0.0,0.0,3.0,0.0,0.0,0.0,0.0,0.0,0.0,1.0,0.0,2.0,25693.0,76944.0,0.0,0.0,0.009999999999999995,0.010000000000000009,1.9100000000000001,21.399999999999977,2.200000000000003,0.0,2.3999999999999986,1.0,8.0,4.0,9.0
349,Isaac,Schmidt,Schmidt,u,has joined Werder Bremen on loan for the rest of the season.,,4.0,653,175.0,0.1,510,187.0,0.0,467.0,180.0,0,0,0.0,0,0.0,0,226,0.0,0.0,0.0,0.0,0.0,544.0,204.0,0.0,0.0,539.0,206.0,525.0,205.0,495.0,195.0,539.0,206.0,,,,,,,,0.0,0.0,0.0,0.0,0.0,0.0,0.0,0.0,0.0,15,0,0.0,0.0,0.0,0.0,0.0,0.0,0.0,0.0,0.0,0.0,0.0,0.0,0.0,0.0,0.0,262.0,0.0,0.0,0.0,0.0,0.0,0.0,0.0,0.0,0.0,0.0,0.0,0.0,0.0
350,Brenden,Aaronson,Aaronson,a,,,5.4,169,104.0,0.1,430,143.0,1.8,214.0,100.0,4,0,0.0,-1,1.0,974,2424,0.3,8.9,1.8,1.3,3.4,124.0,55.0,,,153.0,59.0,76.0,56.0,55.0,31.0,79.0,47.0,,,,,,,,0.22,0.16,0.38,1.34,0.0,0.22,1.55,1.0,8.62,15,4,25.0,0.0,1.0,0.0,1.0,0.0,0.0,0.0,0.0,0.0,0.0,0.0,0.0,14.0,1122.0,3030.0,0.0,0.020000000000000018,0.020000000000000018,0.040000000000000036,0.6699999999999999,20.599999999999994,11.199999999999989,19.0,5.100000000000001,0.0,0.0,0.0,0.0
351,Wilfried,Gnonto,Gnonto,a,,,5.2,222,137.0,0.1,486,165.0,1.2,261.0,120.0,4,0,0.0,-3,3.0,334,260,0.2,2.1,1.2,0.7,1.6,337.0,156.0,100.0,100.0,381.0,172.0,259.0,153.0,309.0,163.0,353.0,168.0,,,,,,,,0.06,0.04,0.1,2.1,0.0,0.33,2.66,1.33,7.64,15,4,25.0,0.0,1.0,0.0,1.0,0.0,0.0,0.0,0.0,0.0,0.0,0.0,0.0,13.0,355.0,317.0,0.0,0.0,0.009999999999999995,0.010000000000000009,0.6699999999999999,0.6000000000000014,3.8999999999999986,2.0,0.6999999999999993,0.0,0.0,0.0,0.0
353,Daniel,James,James,i,Hamstring injury - Expected back 07 Feb,,5.3,190,117.0,0.1,444,148.0,0.5,328.0,155.0,0,0,0.0,-2,2.0,12,916,0.1,2.5,0.0,0.0,1.3,371.0,174.0,0.0,0.0,356.0,162.0,165.0,112.0,168.0,101.0,266.0,131.0,,,,,,,,0.18,0.14,0.32,2.27,0.0,0.26,3.1,1.03,4.66,15,0,0.0,0.0,0.0,0.0,0.0,0.0,0.0,0.0,0.0,0.0,0.0,0.0,0.0,0.0,26.0,1115.0,0.0,0.0,0.0,0.0,0.0,0.0,0.0,0.0,0.0,0.0,0.0,0.0,0.0
355,Sam,Greenwood,Greenwood,u,has joined Pogon Szczecin permanently.,,4.9,313,193.0,0.0,613,241.0,0.0,673.0,282.0,0,0,0.0,-1,1.0,0,53,0.0,0.0,0.0,0.0,0.0,704.0,300.0,0.0,0.0,706.0,300.0,702.0,300.0,695.0,298.0,706.0,300.0,,,,,,,,0.0,0.0,0.0,0.0,0.0,0.0,0.0,0.0,0.0,15,0,0.0,0.0,0.0,0.0,0.0,0.0,0.0,0.0,0.0,0.0,0.0,0.0,0.0,0.0,0.0,61.0,0.0,0.0,0.0,0.0,0.0,0.0,0.0,0.0,0.0,0.0,0.0,0.0,0.0
356,Ilia,Gruev,Gruev,a,,,4.7,377,235.0,0.0,617,245.0,1.2,254.0,116.0,2,-1,1.0,-3,3.0,75,139,0.3,2.6,1.2,0.7,1.5,345.0,159.0,,,341.0,155.0,274.0,160.0,392.0,198.0,356.0,169.0,,,,,,,,0.0,0.05,0.05,1.96,0.0,0.23,2.55,0.93,8.58,15,2,64.0,0.0,0.0,0.0,2.0,0.0,0.0,0.0,0.0,0.0,0.0,1.0,0.0,10.0,85.0,161.0,0.0,0.0,0.0,0.0,1.240000000000001,1.2000000000000028,1.5,0.0,0.29999999999999893,1.0,0.0,3.0,4.0
357,Largie,Ramazani,Ramazani,u,has joined Valencia on loan for the rest of the season.,,4.9,317,195.0,0.0,679,288.0,0.0,676.0,284.0,0,0,0.0,-1,1.0,0,12,0.0,0.0,0.0,0.0,0.0,706.0,302.0,0.0,0.0,708.0,302.0,704.0,302.0,697.0,300.0,708.0,302.0,,,,,,,,0.0,0.0,0.0,0.0,0.0,0.0,0.0,0.0,0.0,15,0,0.0,0.0,0.0,0.0,0.0,0.0,0.0,0.0,0.0,0.0,0.0,0.0,0.0,0.0,0.0,14.0,0.0,0.0,0.0,0.0,0.0,0.0,0.0,0.0,0.0,0.0,0.0,0.0,0.0
358,Tanaka,Ao,Tanaka,a,,,4.8,352,220.0,0.2,334,116.0,5.2,31.0,16.0,6,0,0.0,-2,2.0,14490,1162,1.1,7.1,5.2,4.7,2.8,188.0,84.0,100.0,100.0,229.0,99.0,175.0,119.0,201.0,115.0,240.0,121.0,,,,,,,,0.1,0.07,0.17,1.71,0.0,0.33,1.97,0.99,9.85,15,6,25.0,1.0,0.0,0.0,1.0,0.0,0.0,0.0,0.0,0.0,0.0,0.0,0.0,25.0,15239.0,1242.0,0.0,0.19999999999999996,0.02999999999999997,0.22999999999999998,0.6699999999999999,41.400000000000006,2.5,40.0,8.399999999999999,1.0,1.0,1.0,3.0
359,Charlie,Crew,Crew,u,Has joined Doncaster Rovers on loan for the rest of the season.,,4.5,444,267.0,0.0,736,321.0,0.0,607.0,237.0,0,0,0.0,0,0.0,0,10,0.0,0.0,0.0,0.0,0.0,660.0,269.0,0.0,0.0,657.0,265.0,649.0,264.0,636.0,262.0,658.0,266.0,,,,,,,,0.0,0.0,0.0,0.0,0.0,0.0,0.0,0.0,0.0,15,0,0.0,0.0,0.0,0.0,0.0,0.0,0.0,0.0,0.0,0.0,0.0,0.0,0.0,0.0,0.0,10.0,0.0,0.0,0.0,0.0,0.0,0.0,0.0,0.0,0.0,0.0,0.0,0.0,0.0
360,Joe,Gelhardt,Gelhardt,u,Has joined Hull City on loan for the rest of the season.,,4.5,427,256.0,0.0,709,306.0,0.0,596.0,227.0,0,0,0.0,0,0.0,0,31,0.0,0.0,0.0,0.0,0.0,649.0,259.0,0.0,0.0,646.0,255.0,638.0,254.0,625.0,252.0,647.0,256.0,,,,,,,,0.0,0.0,0.0,0.0,0.0,0.0,0.0,0.0,0.0,15,0,0.0,0.0,0.0,0.0,0.0,0.0,0.0,0.0,0.0,0.0,0.0,0.0,0.0,0.0,0.0,37.0,0.0,0.0,0.0,0.0,0.0,0.0,0.0,0.0,0.0,0.0,0.0,0.0,0.0
362,Joël,Piroe,Piroe,a,,,5.0,257,50.0,0.4,284,45.0,0.8,301.0,36.0,1,0,0.0,-5,5.0,1474,2018,0.2,1.8,0.8,0.3,1.1,382.0,42.0,100.0,100.0,421.0,45.0,332.0,39.0,173.0,35.0,345.0,41.0,,,2.0,,,,,0.24,0.03,0.27,1.67,0.0,0.46,2.31,0.92,3.69,15,1,3.0,0.0,0.0,0.0,0.0,0.0,0.0,0.0,0.0,0.0,0.0,0.0,0.0,2.0,1751.0,2319.0,0.0,0.0,0.0,0.0,0.029999999999999805,0.0,0.8000000000000007,0.0,0.0,0.0,0.0,0.0,0.0
363,Patrick,Bamford,Bamford,u,has departed the club as a free agent.,,4.9,286,54.0,0.4,285,46.0,0.0,664.0,66.0,0,0,0.0,-1,1.0,0,822,0.0,0.0,0.0,0.0,0.0,698.0,75.0,0.0,0.0,700.0,75.0,696.0,74.0,686.0,74.0,700.0,75.0,,,,,,,,0.0,0.0,0.0,0.0,0.0,0.0,0.0,0.0,0.0,15,0,0.0,0.0,0.0,0.0,0.0,0.0,0.0,0.0,0.0,0.0,0.0,0.0,0.0,0.0,0.0,963.0,0.0,0.0,0.0,0.0,0.0,0.0,0.0,0.0,0.0,0.0,0.0,0.0,0.0
364,Mateo,Joseph Fernández-Regatillo,Mateo Joseph,u,Has joined RCD Mallorca on loan for the rest of the season.,,5.0,278,53.0,0.0,701,82.0,0.0,698.0,71.0,0,0,0.0,0,0.0,0,7,0.0,0.0,0.0,0.0,0.0,725.0,78.0,0.0,0.0,727.0,78.0,724.0,78.0,717.0,78.0,727.0,78.0,,,,,,,,0.0,0.0,0.0,0.0,0.0,0.0,0.0,0.0,0.0,15,0,0.0,0.0,0.0,0.0,0.0,0.0,0.0,0.0,0.0,0.0,0.0,0.0,0.0,0.0,0.0,8.0,0.0,0.0,0.0,0.0,0.0,0.0,0.0,0.0,0.0,0.0,0.0,0.0,0.0
365,Lukas,Nmecha,Nmecha,i,Hamstring injury - Expected back 20 Dec,,5.0,244,48.0,0.7,211,32.0,3.5,90.0,11.0,0,0,0.0,0,0.0,5388,19179,0.7,7.4,0.0,1.5,2.6,214.0,23.0,0.0,50.0,193.0,16.0,304.0,35.0,52.0,20.0,150.0,21.0,,,1.0,,,,,0.81,0.06,0.87,1.74,0.0,0.18,2.21,0.92,4.6,15,0,0.0,0.0,0.0,0.0,0.0,0.0,0.0,0.0,0.0,0.0,0.0,0.0,0.0,0.0,6398.0,21614.0,0.0,0.0,0.0,0.0,0.0,0.0,0.0,0.0,0.0,0.0,0.0,0.0,0.0
706,James,Justin,Justin,a,,,3.9,699,203.0,0.2,342,123.0,0.5,314.0,112.0,0,0,0.0,-1,1.0,1075,1583,0.1,1.5,0.5,0.0,0.9,445.0,150.0,,,361.0,134.0,402.0,145.0,375.0,134.0,400.0,139.0,,,,,,,,0.0,0.0,0.0,2.31,0.0,0.0,1.82,0.61,9.73,15,0,0.0,0.0,0.0,0.0,0.0,0.0,0.0,0.0,0.0,0.0,0.0,0.0,0.0,0.0,1293.0,1716.0,0.0,0.0,0.0,0.0,0.0,0.0,0.0,0.0,0.0,0.0,0.0,0.0,0.0
366,Alisson,Becker,A.Becker,a,,,5.4,153,4.0,5.5,73,12.0,3.0,129.0,10.0,1,0,0.0,-1,1.0,12851,19642,0.6,5.9,3.5,3.5,3.2,147.0,13.0,100.0,100.0,164.0,19.0,433.0,14.0,729.0,85.0,295.0,19.0,,,,,,,,0.0,0.0,0.0,1.07,1.9,0.3,1.4,1.0,0.0,15,1,90.0,0.0,0.0,0.0,3.0,0.0,0.0,0.0,0.0,0.0,2.0,1.0,0.0,2.0,16195.0,21217.0,0.0,0.0,0.0,0.0,1.5099999999999998,15.400000000000006,0.0,0.0,1.4999999999999982,0.0,0.0,10.0,0.0
367,Giorgi,Mamardashvili,Mamardashvili,a,,,4.3,562,31.0,0.7,206,29.0,0.0,511.0,78.0,0,0,0.0,-2,2.0,1251,14609,0.0,4.4,0.5,0.5,3.8,89.0,7.0,,,210.0,21.0,561.0,72.0,538.0,60.0,317.0,21.0,,,,,,,,0.0,0.0,0.0,1.42,3.4,0.2,2.0,1.0,0.0,15,0,0.0,0.0,0.0,0.0,0.0,0.0,0.0,0.0,0.0,0.0,0.0,0.0,0.0,0.0,1468.0,17469.0,0.0,0.0,0.0,0.0,0.0,0.0,0.0,0.0,0.0,0.0,0.0,0.0,0.0
368,Ármin,Pécsi,Pécsi,a,,,3.9,731,88.0,0.3,293,38.0,0.0,432.0,48.0,0,0,0.0,-1,1.0,185,1841,0.0,0.0,0.5,0.5,0.0,509.0,54.0,,,504.0,54.0,489.0,41.0,458.0,27.0,504.0,54.0,,,,,,,,0.0,0.0,0.0,0.0,0.0,0.0,0.0,0.0,0.0,15,0,0.0,0.0,0.0,0.0,0.0,0.0,0.0,0.0,0.0,0.0,0.0,0.0,0.0,0.0,225.0,2020.0,0.0,0.0,0.0,0.0,0.0,0.0,0.0,0.0,0.0,0.0,0.0,0.0,0.0
369,Freddie,Woodman,Woodman,a,,,3.9,693,72.0,0.2,369,53.0,0.0,403.0,32.0,0,0,0.0,-1,1.0,322,863,0.0,0.0,0.5,0.5,0.0,481.0,38.0,,,477.0,38.0,461.0,25.0,429.0,11.0,476.0,38.0,,,,,,,,0.0,0.0,0.0,0.0,0.0,0.0,0.0,0.0,0.0,15,0,0.0,0.0,0.0,0.0,0.0,0.0,0.0,0.0,0.0,0.0,0.0,0.0,0.0,0.0,374.0,944.0,0.0,0.0,0.0,0.0,0.0,0.0,0.0,0.0,0.0,0.0,0.0,0.0,0.0
370,Jeremie,Frimpong,Frimpong,i,Hamstring injury - Unknown return date,,5.7,116,9.0,4.5,82,27.0,0.0,732.0,246.0,0,0,0.0,-3,3.0,125,9104,0.0,1.2,0.0,0.0,1.8,311.0,110.0,0.0,0.0,391.0,144.0,342.0,117.0,290.0,92.0,376.0,128.0,,,,,,,,0.1,0.37,0.47,2.13,0.0,0.0,1.08,1.08,7.59,15,0,0.0,0.0,0.0,0.0,0.0,0.0,0.0,0.0,0.0,0.0,0.0,0.0,0.0,0.0,127.0,10745.0,0.0,0.0,0.0,0.0,0.0,0.0,0.0,0.0,0.0,0.0,0.0,0.0,0.0
371,Milos,Kerkez,Kerkez,a,,,5.6,130,14.0,3.0,105,39.0,2.2,175.0,63.0,1,-1,1.0,-4,4.0,4238,15181,0.4,5.4,2.7,2.7,2.1,271.0,98.0,,,144.0,62.0,84.0,20.0,184.0,39.0,134.0,49.0,,,,,,,,0.09,0.03,0.12,1.23,0.0,0.19,1.63,1.15,6.33,15,1,90.0,0.0,0.0,0.0,3.0,0.0,0.0,0.0,0.0,0.0,0.0,1.0,0.0,2.0,4582.0,18007.0,0.0,0.020000000000000018,0.03999999999999998,0.06000000000000005,1.5099999999999998,22.0,18.799999999999983,3.0,4.399999999999999,4.0,2.0,1.0,6.0
372,Andrew,Robertson,Robertson,a,,,5.8,106,8.0,1.0,185,73.0,1.0,288.0,101.0,0,0,0.0,-2,2.0,3293,4035,0.2,2.6,1.5,1.5,1.7,331.0,120.0,,,261.0,101.0,110.0,27.0,243.0,69.0,236.0,75.0,,,,,,,,0.05,0.15,0.2,1.1,0.0,0.22,1.56,0.67,5.81,15,0,0.0,0.0,0.0,0.0,0.0,0.0,0.0,0.0,0.0,0.0,0.0,0.0,0.0,0.0,3502.0,4560.0,0.0,0.0,0.0,0.0,0.0,0.0,0.0,0.0,0.0,0.0,0.0,0.0,0.0
373,Virgil,van Dijk,Virgil,a,,,5.9,94,6.0,23.6,13,4.0,3.8,82.0,30.0,2,-1,1.0,-1,1.0,54080,267470,0.6,9.5,4.3,4.3,3.7,104.0,37.0,,,6.0,3.0,176.0,42.0,140.0,25.0,54.0,11.0,,,,,,,,0.04,0.02,0.06,1.18,0.0,0.27,1.6,1.0,11.0,15,2,90.0,0.0,0.0,0.0,3.0,0.0,0.0,0.0,1.0,0.0,0.0,1.0,0.0,2.0,59854.0,294893.0,0.0,0.09000000000000008,0.019999999999999962,0.10999999999999999,1.5100000000000016,38.80000000000001,1.4000000000000057,23.0,6.300000000000004,0.0,16.0,1.0,16.0
374,Ibrahima,Konaté,Konaté,a,,,5.4,162,20.0,2.9,107,41.0,3.2,113.0,41.0,1,0,0.0,-1,1.0,12993,31297,0.6,9.6,3.7,3.7,3.5,117.0,43.0,100.0,100.0,47.0,22.0,188.0,46.0,202.0,49.0,117.0,37.0,,,,,,,,0.06,0.03,0.09,1.1,0.0,0.29,1.52,1.08,9.32,15,1,90.0,0.0,0.0,0.0,3.0,0.0,0.0,0.0,0.0,0.0,0.0,1.0,0.0,4.0,14603.0,34447.0,0.0,0.050000000000000044,0.020000000000000018,0.07000000000000006,1.5099999999999998,15.799999999999955,1.8000000000000114,17.0,3.5,2.0,6.0,4.0,8.0
375,Conor,Bradley,Bradley,s,Suspended until 20 Dec,,5.0,269,44.0,0.2,385,140.0,1.2,258.0,90.0,5,0,0.0,0,0.0,762,2579,0.2,4.0,0.0,1.7,2.0,285.0,102.0,0.0,100.0,273.0,107.0,186.0,45.0,267.0,81.0,279.0,95.0,,,,,,,,0.01,0.11,0.12,1.26,0.0,0.3,1.66,1.21,5.44,15,5,67.0,0.0,0.0,1.0,0.0,0.0,0.0,0.0,1.0,0.0,0.0,1.0,0.0,25.0,963.0,2776.0,0.0,0.0,0.16999999999999993,0.17000000000000004,0.3099999999999987,9.400000000000006,16.799999999999997,6.0,3.1999999999999993,3.0,1.0,6.0,4.0
376,Joe,Gomez,Gomez,a,,,4.9,294,48.0,0.2,367,135.0,3.8,74.0,25.0,-1,0,0.0,-1,1.0,2236,2980,0.8,3.9,4.3,4.3,2.7,209.0,76.0,100.0,100.0,327.0,120.0,290.0,91.0,313.0,102.0,346.0,115.0,,,,,,,,0.07,0.18,0.25,0.93,0.0,0.82,1.64,0.82,7.4,15,-1,22.0,0.0,0.0,0.0,3.0,0.0,0.0,0.0,1.0,0.0,0.0,0.0,0.0,-12.0,2688.0,3221.0,0.0,0.0,0.0,0.0,1.19,2.3999999999999986,0.29999999999999716,0.0,0.29999999999999893,1.0,2.0,1.0,3.0
377,Konstantinos,Tsimikas,Tsimikas,u,has joined AS Roma on loan for the rest of the season.,,4.8,346,59.0,0.1,562,201.0,0.0,651.0,233.0,0,0,0.0,-2,2.0,0,69,0.0,0.0,0.0,0.0,0.0,694.0,241.0,0.0,0.0,695.0,242.0,688.0,242.0,676.0,240.0,695.0,242.0,,,,,,,,0.0,0.0,0.0,0.0,0.0,0.0,0.0,0.0,0.0,15,0,0.0,0.0,0.0,0.0,0.0,0.0,0.0,0.0,0.0,0.0,0.0,0.0,0.0,0.0,0.0,85.0,0.0,0.0,0.0,0.0,0.0,0.0,0.0,0.0,0.0,0.0,0.0,0.0,0.0
378,Amara,Nallo,Nallo,a,,,3.8,759,250.0,0.3,307,111.0,0.0,392.0,149.0,0,0,0.0,-2,2.0,312,2797,0.0,0.0,0.5,0.5,0.0,472.0,175.0,100.0,100.0,468.0,178.0,451.0,176.0,419.0,164.0,467.0,177.0,,,,,,,,0.0,0.0,0.0,0.0,0.0,0.0,0.0,0.0,0.0,15,0,0.0,0.0,0.0,0.0,0.0,0.0,0.0,0.0,0.0,0.0,0.0,0.0,0.0,0.0,379.0,3066.0,0.0,0.0,0.0,0.0,0.0,0.0,0.0,0.0,0.0,0.0,0.0,0.0,0.0
379,Rhys,Williams,R.Williams,a,,,3.8,739,230.0,0.2,338,121.0,0.0,377.0,134.0,0,0,0.0,-2,2.0,508,1517,0.0,0.0,0.5,0.5,0.0,458.0,161.0,,,454.0,164.0,437.0,162.0,403.0,148.0,452.0,162.0,,,,,,,,0.0,0.0,0.0,0.0,0.0,0.0,0.0,0.0,0.0,15,0,0.0,0.0,0.0,0.0,0.0,0.0,0.0,0.0,0.0,0.0,0.0,0.0,0.0,0.0,652.0,1650.0,0.0,0.0,0.0,0.0,0.0,0.0,0.0,0.0,0.0,0.0,0.0,0.0,0.0
380,Calvin,Ramsay,Ramsay,a,,,3.8,746,237.0,0.3,328,118.0,0.0,382.0,139.0,0,0,0.0,-2,2.0,924,1738,0.0,0.0,0.5,0.5,0.0,463.0,166.0,,,459.0,169.0,442.0,167.0,409.0,154.0,458.0,168.0,,,,,,,,0.0,0.0,0.0,0.0,0.0,0.0,0.0,0.0,0.0,15,0,0.0,0.0,0.0,0.0,0.0,0.0,0.0,0.0,0.0,0.0,0.0,0.0,0.0,0.0,1193.0,1933.0,0.0,0.0,0.0,0.0,0.0,0.0,0.0,0.0,0.0,0.0,0.0,0.0,0.0
381,Mohamed,Salah,M.Salah,a,,,14.0,2,1.0,17.1,21,8.0,0.8,310.0,145.0,0,-1,1.0,-5,5.0,3290,250854,0.1,4.1,1.3,1.3,4.4,60.0,26.0,,,102.0,33.0,9.0,9.0,7.0,3.0,9.0,7.0,,4.0,1.0,,,,,0.32,0.15,0.47,1.24,0.0,0.24,1.69,0.97,3.3,15,0,0.0,0.0,0.0,0.0,0.0,0.0,0.0,0.0,0.0,0.0,0.0,0.0,0.0,0.0,3756.0,296614.0,0.0,0.0,0.0,0.0,0.0,0.0,0.0,0.0,0.0,0.0,0.0,0.0,0.0
382,Florian,Wirtz,Wirtz,a,,,8.0,15,10.0,6.7,64,23.0,3.2,119.0,54.0,3,0,0.0,-5,5.0,23822,18044,0.4,4.0,3.7,3.7,2.3,251.0,112.0,100.0,100.0,248.0,109.0,20.0,20.0,58.0,34.0,56.0,36.0,4.0,,,,,,,0.2,0.15,0.35,1.16,0.0,0.39,1.28,0.98,5.69,15,3,67.0,0.0,0.0,1.0,0.0,0.0,0.0,0.0,0.0,0.0,0.0,1.0,0.0,11.0,29684.0,19537.0,0.0,0.0,0.06000000000000005,0.06000000000000005,0.3100000000000005,5.3999999999999915,29.599999999999966,2.0,3.6999999999999957,0.0,0.0,1.0,1.0
383,Luis,Díaz Marulanda,Luis Díaz,u,Has joined Bayern Munch permanently.,,8.0,14,9.0,0.0,580,217.0,0.0,754.0,335.0,0,0,0.0,0,0.0,0,18,0.0,0.0,0.0,0.0,0.0,756.0,337.0,0.0,0.0,758.0,337.0,758.0,337.0,758.0,337.0,758.0,337.0,,,,,,,,0.0,0.0,0.0,0.0,0.0,0.0,0.0,0.0,0.0,15,0,0.0,0.0,0.0,0.0,0.0,0.0,0.0,0.0,0.0,0.0,0.0,0.0,0.0,0.0,0.0,20.0,0.0,0.0,0.0,0.0,0.0,0.0,0.0,0.0,0.0,0.0,0.0,0.0,0.0
384,Cody,Gakpo,Gakpo,i,Muscle injury - Unknown return date,,7.4,23,15.0,8.7,48,19.0,4.8,49.0,23.0,2,-1,1.0,-1,1.0,24879,587001,0.6,8.8,0.0,5.3,4.3,68.0,30.0,0.0,,78.0,23.0,14.0,14.0,9.0,4.0,11.0,9.0,3.0,,2.0,,,,,0.32,0.22,0.54,1.06,0.0,0.32,1.51,1.03,5.23,15,2,82.0,0.0,0.0,0.0,2.0,0.0,0.0,0.0,0.0,0.0,0.0,1.0,0.0,11.0,40077.0,621766.0,0.0,0.17999999999999972,0.09999999999999964,0.27999999999999936,1.2400000000000002,7.800000000000011,17.80000000000001,30.0,5.599999999999994,0.0,1.0,2.0,3.0
385,Federico,Chiesa,Chiesa,a,,,6.3,72,48.0,0.3,317,109.0,0.2,373.0,177.0,0,0,0.0,-2,2.0,949,1422,0.0,3.3,0.7,0.7,2.1,275.0,124.0,100.0,100.0,249.0,110.0,335.0,180.0,165.0,99.0,270.0,133.0,,,,,,,,0.74,0.07,0.81,1.81,0.0,0.0,2.52,0.0,9.44,15,0,0.0,0.0,0.0,0.0,0.0,0.0,0.0,0.0,0.0,0.0,0.0,0.0,0.0,0.0,1143.0,1558.0,0.0,0.0,0.0,0.0,0.0,0.0,0.0,0.0,0.0,0.0,0.0,0.0,0.0
386,Alexis,Mac Allister,Mac Allister,a,,,6.2,78,51.0,1.2,176,60.0,2.0,195.0,87.0,1,-1,1.0,-3,3.0,3149,7277,0.3,5.3,2.5,2.5,2.4,237.0,106.0,100.0,100.0,202.0,83.0,82.0,61.0,149.0,88.0,144.0,75.0,,,3.0,,,,,0.13,0.06,0.19,1.09,0.0,0.3,1.48,1.18,7.99,15,1,22.0,0.0,0.0,0.0,3.0,0.0,0.0,0.0,0.0,0.0,0.0,0.0,0.0,6.0,3584.0,8135.0,0.0,0.0,0.0,0.0,1.1900000000000013,4.800000000000011,0.09999999999999432,0.0,0.5,2.0,0.0,2.0,4.0
387,Dominik,Szoboszlai,Szoboszlai,a,,,6.7,47,30.0,6.4,66,24.0,3.8,85.0,39.0,8,1,-1.0,2,-2.0,143765,45622,0.6,8.8,4.3,4.3,3.9,87.0,39.0,,,21.0,5.0,3.0,3.0,66.0,39.0,8.0,6.0,2.0,2.0,,,,,,0.14,0.14,0.28,1.18,0.0,0.27,1.6,1.0,10.53,15,8,90.0,1.0,0.0,0.0,3.0,0.0,0.0,0.0,0.0,0.0,0.0,1.0,1.0,37.0,148642.0,58472.0,0.0,0.54,0.24999999999999978,0.79,1.5100000000000016,45.0,57.89999999999998,20.0,12.299999999999997,2.0,1.0,5.0,8.0
388,Curtis,Jones,C.Jones,a,,,5.4,164,101.0,0.1,489,167.0,1.5,236.0,110.0,2,0,0.0,-1,1.0,1070,417,0.3,3.5,2.0,2.0,1.5,347.0,161.0,100.0,100.0,259.0,113.0,117.0,84.0,262.0,143.0,244.0,125.0,,,,,,,,0.07,0.19,0.26,1.55,0.0,0.0,2.48,0.66,10.9,15,2,90.0,0.0,0.0,0.0,3.0,0.0,0.0,0.0,0.0,0.0,0.0,1.0,0.0,19.0,1132.0,471.0,0.0,0.020000000000000018,0.039999999999999813,0.06000000000000005,1.509999999999999,14.400000000000006,28.799999999999997,1.0,4.399999999999999,1.0,2.0,6.0,9.0
390,Ryan,Gravenberch,Gravenberch,a,,,5.6,128,80.0,4.3,85,29.0,3.5,99.0,47.0,5,0,0.0,1,-1.0,46876,78940,0.6,11.8,4.0,4.0,5.1,21.0,9.0,100.0,100.0,65.0,19.0,68.0,49.0,189.0,112.0,83.0,51.0,,,,,,,,0.05,0.06,0.11,1.0,0.0,0.32,1.42,1.03,8.83,15,5,90.0,0.0,1.0,0.0,3.0,0.0,0.0,0.0,0.0,0.0,0.0,1.0,0.0,29.0,52953.0,87774.0,0.0,0.0,0.050000000000000044,0.050000000000000044,1.5099999999999998,26.0,13.799999999999983,2.0,4.200000000000003,1.0,3.0,6.0,10.0
394,James,McConnell,McConnell,u,has joined Ajax on loan for the rest of the season.,,4.4,517,302.0,0.0,649,266.0,0.0,555.0,198.0,0,0,0.0,-1,1.0,0,59,0.0,0.0,0.0,0.0,0.0,611.0,233.0,0.0,0.0,606.0,227.0,597.0,227.0,578.0,223.0,607.0,228.0,,,,,,,,0.0,0.0,0.0,0.0,0.0,0.0,0.0,0.0,0.0,15,0,0.0,0.0,0.0,0.0,0.0,0.0,0.0,0.0,0.0,0.0,0.0,0.0,0.0,0.0,0.0,65.0,0.0,0.0,0.0,0.0,0.0,0.0,0.0,0.0,0.0,0.0,0.0,0.0,0.0
395,Tyler,Morton,Morton,u,Has joined Lyon permanently.,,4.5,418,250.0,0.0,747,330.0,0.0,589.0,221.0,0,0,0.0,0,0.0,0,0,0.0,0.0,0.0,0.0,0.0,642.0,253.0,0.0,0.0,639.0,249.0,630.0,248.0,617.0,246.0,640.0,250.0,,,,,,,,0.0,0.0,0.0,0.0,0.0,0.0,0.0,0.0,0.0,15,0,0.0,0.0,0.0,0.0,0.0,0.0,0.0,0.0,0.0,0.0,0.0,0.0,0.0,0.0,0.0,0.0,0.0,0.0,0.0,0.0,0.0,0.0,0.0,0.0,0.0,0.0,0.0,0.0,0.0
396,Trey,Nyoni,Nyoni,a,,,4.3,593,332.0,0.4,261,92.0,0.0,532.0,188.0,0,0,0.0,-2,2.0,531,6403,0.0,0.0,0.5,0.5,0.0,593.0,224.0,,,589.0,218.0,580.0,218.0,559.0,214.0,590.0,219.0,,,,,,,,0.0,0.0,0.0,0.0,0.0,0.0,0.0,0.0,0.0,15,0,0.0,0.0,0.0,0.0,0.0,0.0,0.0,0.0,0.0,0.0,0.0,0.0,0.0,0.0,666.0,7056.0,0.0,0.0,0.0,0.0,0.0,0.0,0.0,0.0,0.0,0.0,0.0,0.0,0.0
182,James,Trafford,Trafford,a,,,4.6,388,19.0,1.0,181,23.0,0.0,641.0,84.0,0,0,0.0,-4,4.0,262,3412,0.0,2.4,0.5,0.5,3.7,98.0,10.0,,,252.0,24.0,684.0,80.0,670.0,71.0,348.0,24.0,,,,,,,,0.0,0.0,0.0,1.32,3.67,0.33,1.33,1.0,0.0,15,0,0.0,0.0,0.0,0.0,0.0,0.0,0.0,0.0,0.0,0.0,0.0,0.0,0.0,0.0,310.0,3849.0,0.0,0.0,0.0,0.0,0.0,0.0,0.0,0.0,0.0,0.0,0.0,0.0,0.0
399,Ederson,Santana de Moraes,Ederson M.,u,has joined Fenerbache permanently.,,5.3,185,5.0,0.9,198,27.0,0.0,709.0,88.0,0,0,0.0,-2,2.0,0,972,0.0,0.0,0.0,0.0,0.0,730.0,88.0,0.0,0.0,732.0,88.0,731.0,87.0,726.0,84.0,732.0,88.0,,,,,,,,0.0,0.0,0.0,0.0,0.0,0.0,0.0,0.0,0.0,15,0,0.0,0.0,0.0,0.0,0.0,0.0,0.0,0.0,0.0,0.0,0.0,0.0,0.0,0.0,0.0,1137.0,0.0,0.0,0.0,0.0,0.0,0.0,0.0,0.0,0.0,0.0,0.0,0.0,0.0
402,Rayan,Aït-Nouri,Aït-Nouri,a,,,5.7,117,10.0,4.2,86,29.0,0.0,733.0,247.0,0,0,0.0,-3,3.0,3299,16136,0.0,1.9,0.5,0.5,2.8,196.0,72.0,100.0,100.0,340.0,125.0,310.0,101.0,361.0,125.0,366.0,124.0,,,,,,,,0.02,0.21,0.23,1.31,0.0,0.44,0.89,1.33,10.2,15,0,0.0,0.0,0.0,0.0,0.0,0.0,0.0,0.0,0.0,0.0,0.0,0.0,0.0,0.0,3672.0,19564.0,0.0,0.0,0.0,0.0,0.0,0.0,0.0,0.0,0.0,0.0,0.0,0.0,0.0
403,Joško,Gvardiol,Gvardiol,a,,,5.9,103,7.0,7.5,61,19.0,4.8,45.0,19.0,12,1,-1.0,-1,1.0,207609,22106,0.8,9.0,5.3,5.3,4.8,29.0,15.0,100.0,100.0,95.0,42.0,199.0,53.0,117.0,19.0,127.0,44.0,,,,,,,,0.11,0.05,0.16,1.07,0.0,0.38,1.14,1.04,6.17,15,12,69.0,1.0,0.0,1.0,0.0,0.0,0.0,0.0,1.0,0.0,0.0,1.0,1.0,37.0,217203.0,29391.0,0.0,0.17000000000000015,0.020000000000000018,0.18999999999999995,0.6600000000000001,46.80000000000001,3.4000000000000057,33.0,8.299999999999997,0.0,4.0,3.0,4.0
404,Manuel,Akanji,Akanji,u,has joined Inter Milan on loan for the rest of the season.,,5.4,165,21.0,0.3,321,116.0,0.0,715.0,243.0,0,0,0.0,-1,1.0,0,238,0.0,0.0,0.0,0.0,0.0,734.0,247.0,0.0,0.0,736.0,249.0,735.0,249.0,731.0,248.0,736.0,249.0,,,,,,,,0.0,0.0,0.0,0.0,0.0,0.0,0.0,0.0,0.0,15,0,0.0,0.0,0.0,0.0,0.0,0.0,0.0,0.0,0.0,0.0,0.0,0.0,0.0,0.0,0.0,269.0,0.0,0.0,0.0,0.0,0.0,0.0,0.0,0.0,0.0,0.0,0.0,0.0,0.0
405,Nathan,Aké,Aké,a,,,5.3,186,26.0,0.6,229,86.0,0.5,327.0,115.0,1,0,0.0,-2,2.0,809,1864,0.1,2.3,1.0,1.0,1.7,327.0,117.0,,,349.0,129.0,317.0,103.0,332.0,114.0,365.0,123.0,,,,,,,,0.11,0.07,0.18,0.99,0.0,0.41,1.22,0.41,5.68,15,1,20.0,0.0,0.0,0.0,0.0,0.0,0.0,0.0,0.0,0.0,0.0,0.0,0.0,3.0,903.0,2142.0,0.0,0.0,0.0,0.0,0.04999999999999982,2.0,0.10000000000000142,0.0,0.20000000000000018,0.0,1.0,0.0,1.0
406,Abdukodir,Khusanov,Khusanov,a,,,5.4,183,24.0,0.3,326,117.0,0.0,725.0,245.0,0,0,0.0,-1,1.0,488,858,0.0,2.0,0.5,0.5,2.8,194.0,71.0,100.0,100.0,343.0,126.0,388.0,137.0,738.0,250.0,386.0,134.0,,,,,,,,0.0,0.01,0.01,1.24,0.0,0.4,0.4,1.19,8.72,15,0,0.0,0.0,0.0,0.0,0.0,0.0,0.0,0.0,0.0,0.0,0.0,0.0,0.0,0.0,555.0,979.0,0.0,0.0,0.0,0.0,0.0,0.0,0.0,0.0,0.0,0.0,0.0,0.0,0.0
407,Matheus,Nunes,Matheus N.,a,,,5.3,199,28.0,1.3,164,66.0,3.0,128.0,44.0,6,0,0.0,-2,2.0,15693,16740,0.6,10.8,3.5,3.5,4.4,50.0,25.0,,,82.0,37.0,98.0,25.0,270.0,82.0,125.0,43.0,,,4.0,,,,,0.02,0.07,0.09,1.0,0.0,0.34,1.11,0.94,7.09,15,6,90.0,0.0,0.0,1.0,0.0,0.0,0.0,0.0,0.0,0.0,0.0,1.0,0.0,32.0,20073.0,19167.0,0.0,0.0,0.04999999999999993,0.050000000000000044,0.7099999999999991,21.400000000000006,7.799999999999983,4.0,3.299999999999997,1.0,5.0,8.0,6.0
408,Rúben,dos Santos Gato Alves Dias,Rúben,a,,,5.6,123,12.0,5.8,70,23.0,5.5,29.0,12.0,14,0,0.0,1,-1.0,107907,19813,1.0,12.0,6.0,6.0,4.5,47.0,23.0,,,24.0,10.0,198.0,52.0,256.0,75.0,109.0,32.0,,,,,,,,0.02,0.03,0.05,1.06,0.0,0.43,1.07,1.0,6.97,15,14,90.0,1.0,0.0,1.0,0.0,0.0,0.0,0.0,0.0,0.0,0.0,1.0,2.0,44.0,110886.0,26780.0,0.0,0.07,0.03999999999999998,0.10999999999999999,0.7099999999999991,57.19999999999999,16.5,12.0,8.600000000000001,0.0,8.0,2.0,8.0
409,John,Stones,Stones,d,Thigh injury - 25% chance of playing,,5.4,152,17.0,0.7,216,82.0,0.2,371.0,131.0,0,0,0.0,-1,1.0,382,4457,0.0,2.2,0.2,0.7,1.7,329.0,118.0,25.0,100.0,295.0,112.0,334.0,113.0,398.0,144.0,350.0,117.0,,,,,,,,0.0,0.02,0.02,1.29,0.0,0.26,2.05,1.03,4.87,15,0,0.0,0.0,0.0,0.0,0.0,0.0,0.0,0.0,0.0,0.0,0.0,0.0,0.0,0.0,606.0,4832.0,0.0,0.0,0.0,0.0,0.0,0.0,0.0,0.0,0.0,0.0,0.0,0.0,0.0
410,Rico,Lewis,Lewis,a,,,4.7,376,66.0,1.4,161,65.0,0.2,358.0,129.0,1,0,0.0,-3,3.0,1097,6919,0.0,3.4,0.7,0.7,2.7,208.0,75.0,100.0,100.0,332.0,122.0,294.0,92.0,324.0,109.0,352.0,119.0,,,,,,,,0.01,0.46,0.47,1.3,0.0,0.5,1.5,1.0,6.0,15,1,8.0,0.0,0.0,0.0,0.0,0.0,0.0,0.0,0.0,0.0,0.0,0.0,0.0,3.0,1296.0,8185.0,0.0,0.0,0.0,0.0,0.020000000000000018,0.7999999999999972,1.3999999999999986,0.0,0.1999999999999993,0.0,0.0,1.0,0.0
411,Nico,O'Reilly,O’Reilly,a,,,5.2,219,32.0,8.4,51,17.0,2.8,143.0,51.0,6,0,0.0,2,-2.0,179659,61256,0.5,11.9,3.3,3.3,4.4,49.0,24.0,100.0,100.0,70.0,32.0,65.0,16.0,71.0,6.0,47.0,7.0,,,,,,,,0.17,0.1,0.27,1.11,0.0,0.52,0.95,0.95,7.42,15,6,90.0,0.0,0.0,1.0,0.0,0.0,0.0,0.0,0.0,0.0,0.0,1.0,0.0,36.0,203791.0,74954.0,0.0,0.09999999999999987,0.06999999999999984,0.16999999999999993,0.7100000000000009,16.400000000000034,8.400000000000006,8.0,3.299999999999997,4.0,4.0,4.0,8.0
412,Vitor,de Oliveira Nunes dos Reis,Vitor Reis,u,Has joined Girona on loan for the rest of the season.,,5.0,282,45.0,0.0,729,246.0,0.0,701.0,241.0,0,0,0.0,0,0.0,0,1,0.0,0.0,0.0,0.0,0.0,728.0,245.0,0.0,0.0,730.0,247.0,727.0,247.0,720.0,246.0,730.0,247.0,,,,,,,,0.0,0.0,0.0,0.0,0.0,0.0,0.0,0.0,0.0,15,0,0.0,0.0,0.0,0.0,0.0,0.0,0.0,0.0,0.0,0.0,0.0,0.0,0.0,0.0,0.0,1.0,0.0,0.0,0.0,0.0,0.0,0.0,0.0,0.0,0.0,0.0,0.0,0.0,0.0
413,Omar,Marmoush,Marmoush,a,,,8.3,12,7.0,2.5,117,40.0,0.8,309.0,144.0,1,0,0.0,-2,2.0,1246,6213,0.1,1.8,1.3,1.3,1.7,334.0,153.0,100.0,100.0,347.0,158.0,283.0,164.0,155.0,93.0,299.0,143.0,,1.0,2.0,,,,,0.55,0.2,0.75,1.1,0.0,0.0,1.33,0.89,7.09,15,1,21.0,0.0,0.0,0.0,0.0,0.0,0.0,0.0,0.0,0.0,0.0,0.0,0.0,2.0,1598.0,7376.0,0.0,0.0,0.0,0.0,0.050000000000000266,0.0,0.09999999999999432,2.0,0.20000000000000284,0.0,0.0,1.0,1.0
414,Phil,Foden,Foden,a,,,8.7,8,5.0,30.8,9,2.0,11.5,1.0,1.0,12,3,-3.0,7,-7.0,1373171,24913,1.3,8.9,12.0,12.0,5.9,9.0,3.0,100.0,100.0,22.0,6.0,4.0,4.0,32.0,19.0,6.0,4.0,1.0,3.0,,,,,,0.33,0.2,0.53,1.03,0.0,0.52,0.95,1.03,6.8,15,12,68.0,1.0,1.0,1.0,0.0,0.0,0.0,0.0,0.0,0.0,0.0,1.0,1.0,37.0,1678124.0,26720.0,0.0,0.9199999999999999,0.1499999999999999,1.0700000000000003,0.6600000000000001,51.60000000000002,30.900000000000034,41.0,12.400000000000006,1.0,0.0,2.0,3.0
415,Sávio,Moreira de Oliveira,Savinho,a,,,6.9,43,26.0,0.4,257,89.0,0.8,308.0,143.0,1,0,0.0,-1,1.0,587,1830,0.1,2.8,1.3,1.3,1.7,333.0,152.0,100.0,100.0,308.0,140.0,129.0,92.0,85.0,53.0,201.0,101.0,,,,,,,,0.07,0.22,0.29,1.12,0.0,0.41,1.03,0.83,7.22,15,1,8.0,0.0,0.0,0.0,0.0,0.0,0.0,0.0,0.0,0.0,0.0,0.0,0.0,1.0,768.0,2182.0,0.0,0.0,0.040000000000000036,0.039999999999999813,0.019999999999999574,1.0,14.800000000000011,2.0,1.8000000000000043,0.0,0.0,1.0,1.0
416,Bernardo,Mota Veiga de Carvalho e Silva,Bernardo,a,,,6.2,75,50.0,0.5,247,85.0,1.8,215.0,101.0,3,0,0.0,-3,3.0,1636,3294,0.3,5.2,2.3,2.3,2.1,274.0,123.0,,,211.0,87.0,51.0,41.0,251.0,139.0,147.0,77.0,5.0,,,,,,,0.02,0.14,0.16,1.09,0.0,0.37,1.11,1.02,7.94,15,3,81.0,0.0,0.0,1.0,0.0,0.0,0.0,0.0,0.0,0.0,0.0,1.0,0.0,11.0,2069.0,3877.0,0.0,0.03,0.040000000000000036,0.07000000000000006,0.6899999999999995,2.0,7.299999999999983,8.0,1.7000000000000028,1.0,1.0,3.0,5.0
130,Romelle,Donovan,Donovan,a,,,4.4,536,315.0,0.1,467,155.0,0.0,573.0,210.0,0,0,0.0,-1,1.0,403,657,0.0,0.0,0.0,0.0,0.0,628.0,244.0,,,624.0,239.0,615.0,239.0,596.0,235.0,625.0,240.0,,,,,,,,0.0,0.0,0.0,0.0,0.0,0.0,0.0,0.0,0.0,15,0,0.0,0.0,0.0,0.0,0.0,0.0,0.0,0.0,0.0,0.0,0.0,0.0,0.0,0.0,445.0,751.0,0.0,0.0,0.0,0.0,0.0,0.0,0.0,0.0,0.0,0.0,0.0,0.0,0.0
131,Yunus Emre,Konak,Konak,a,,,4.3,600,338.0,0.2,363,123.0,0.0,538.0,193.0,0,0,0.0,-2,2.0,2175,2510,0.0,0.0,0.0,0.0,0.0,598.0,228.0,,,594.0,222.0,585.0,222.0,564.0,218.0,595.0,223.0,,,,,,,,0.0,0.0,0.0,0.0,0.0,0.0,0.0,0.0,0.0,15,0,0.0,0.0,0.0,0.0,0.0,0.0,0.0,0.0,0.0,0.0,0.0,0.0,0.0,0.0,2944.0,2767.0,0.0,0.0,0.0,0.0,0.0,0.0,0.0,0.0,0.0,0.0,0.0,0.0,0.0
712,Yéremy,Pino Santos,Yeremy,a,,,5.8,111,72.0,0.2,343,117.0,4.5,58.0,27.0,5,0,0.0,-2,2.0,4622,7801,0.8,5.7,4.0,4.5,2.5,229.0,102.0,100.0,100.0,215.0,91.0,31.0,30.0,83.0,51.0,81.0,49.0,1.0,1.0,,,,,,0.21,0.26,0.47,1.11,0.0,0.54,0.75,1.18,6.97,15,5,90.0,0.0,1.0,0.0,1.0,0.0,0.0,0.0,0.0,0.0,0.0,1.0,0.0,29.0,5474.0,9614.0,0.0,0.24,0.3999999999999999,0.6400000000000001,0.6699999999999999,25.799999999999997,42.19999999999999,10.0,7.799999999999997,1.0,2.0,2.0,5.0
723,Jaydee,Canvot,Canvot,d,Illness - 75% chance of playing,,4.5,484,98.0,0.0,661,228.0,0.8,294.0,105.0,1,0,0.0,0,0.0,99,271,0.2,3.1,0.2,0.8,2.8,187.0,70.0,75.0,,354.0,131.0,407.0,148.0,344.0,121.0,388.0,135.0,,,,,,,,0.04,0.06,0.1,0.65,0.0,0.8,0.0,0.8,15.13,15,1,13.0,0.0,0.0,0.0,0.0,0.0,0.0,0.0,0.0,0.0,0.0,0.0,0.0,3.0,124.0,306.0,0.0,0.0,0.0,0.0,0.15000000000000002,0.19999999999999574,0.4,0.0,0.10000000000000053,0.0,0.0,0.0,0.0
92,Romain,Faivre,Faivre,u,has joined Al Taawoun permanently.,,4.5,419,251.0,0.1,520,183.0,0.0,590.0,222.0,0,0,0.0,0,0.0,0,280,0.0,0.0,0.0,0.0,0.0,643.0,254.0,0.0,0.0,640.0,250.0,631.0,249.0,618.0,247.0,641.0,251.0,,,,,,,,0.0,0.0,0.0,0.0,0.0,0.0,0.0,0.0,0.0,15,0,0.0,0.0,0.0,0.0,0.0,0.0,0.0,0.0,0.0,0.0,0.0,0.0,0.0,0.0,0.0,320.0,0.0,0.0,0.0,0.0,0.0,0.0,0.0,0.0,0.0,0.0,0.0,0.0,0.0
93,Hamed,Traorè,H.Traorè,u,has joined Marseille on loan for the rest of the season.,,4.5,415,248.0,0.3,304,105.0,0.0,587.0,219.0,0,0,0.0,0,0.0,0,1838,0.0,0.9,0.0,0.0,4.0,80.0,36.0,0.0,0.0,385.0,175.0,369.0,190.0,615.0,244.0,407.0,190.0,,,,,,,,0.0,0.0,0.0,2.25,0.0,0.0,11.25,0.0,22.5,15,0,0.0,0.0,0.0,0.0,0.0,0.0,0.0,0.0,0.0,0.0,0.0,0.0,0.0,0.0,0.0,2079.0,0.0,0.0,0.0,0.0,0.0,0.0,0.0,0.0,0.0,0.0,0.0,0.0,0.0
732,Christantus,Uche,Uche,a,,,5.5,150,37.0,0.0,608,78.0,0.5,331.0,38.0,1,0,0.0,0,0.0,394,337,0.1,0.9,0.0,0.5,1.0,437.0,51.0,,,423.0,47.0,397.0,48.0,265.0,43.0,387.0,45.0,,,,,,,,0.61,0.0,0.61,2.02,0.0,0.0,2.05,0.0,8.18,15,1,24.0,0.0,0.0,0.0,0.0,0.0,0.0,0.0,0.0,0.0,0.0,0.0,0.0,1.0,441.0,379.0,0.0,0.29,0.0,0.29,0.17000000000000004,2.1999999999999997,1.1999999999999997,21.0,2.4,0.0,0.0,2.0,2.0
287,Jordan,Pickford,Pickford,a,,,5.5,134,3.0,10.7,36,4.0,6.0,17.0,1.0,6,0,0.0,0,0.0,98995,38641,1.1,12.0,6.0,6.0,4.4,53.0,3.0,,,11.0,3.0,434.0,15.0,739.0,86.0,167.0,4.0,,,,,,,,0.0,0.01,0.01,1.36,2.8,0.4,1.13,1.0,0.0,15,6,90.0,0.0,0.0,1.0,0.0,0.0,0.0,0.0,0.0,0.0,2.0,1.0,0.0,27.0,125308.0,41106.0,0.0,0.0,0.0,0.0,0.5300000000000011,20.19999999999999,0.0,0.0,2.0,0.0,2.0,8.0,0.0
417,Rayan,Cherki,Cherki,a,,,6.4,67,44.0,4.1,88,30.0,5.8,25.0,12.0,12,0,0.0,-1,1.0,122791,21500,0.9,6.7,6.3,6.3,4.3,66.0,29.0,100.0,100.0,150.0,57.0,44.0,37.0,100.0,60.0,77.0,45.0,2.0,4.0,,,,,,0.23,0.56,0.79,1.16,0.0,0.23,1.15,1.15,7.33,15,12,81.0,0.0,2.0,1.0,0.0,0.0,0.0,0.0,0.0,0.0,0.0,1.0,3.0,48.0,124929.0,37362.0,0.0,0.17000000000000004,1.07,1.2400000000000002,0.6899999999999995,56.19999999999999,91.4,43.0,19.1,0.0,0.0,6.0,6.0
418,Jérémy,Doku,Doku,a,,,6.6,49,32.0,8.6,50,20.0,3.8,84.0,38.0,3,0,0.0,1,-1.0,73577,211049,0.6,8.9,4.3,4.3,3.9,86.0,38.0,,,81.0,25.0,2.0,2.0,17.0,8.0,5.0,3.0,,,3.0,,,,,0.14,0.35,0.49,1.0,0.0,0.48,0.87,1.06,5.58,15,3,90.0,0.0,0.0,1.0,0.0,0.0,0.0,0.0,0.0,0.0,0.0,1.0,0.0,23.0,109208.0,223821.0,0.0,0.15999999999999992,0.23999999999999977,0.39999999999999947,0.7099999999999991,15.799999999999983,60.599999999999966,34.0,11.0,0.0,0.0,4.0,4.0
756,Malcom,DaCosta,DaCosta,a,,,4.5,485,295.0,0.0,746,329.0,0.0,640.0,263.0,0,0,0.0,0,0.0,126,108,0.0,0.0,0.0,0.0,0.0,690.0,292.0,,,691.0,292.0,683.0,291.0,669.0,288.0,691.0,292.0,,,,,,,,0.0,0.0,0.0,0.0,0.0,0.0,0.0,0.0,0.0,15,0,0.0,0.0,0.0,0.0,0.0,0.0,0.0,0.0,0.0,0.0,0.0,0.0,0.0,0.0,201.0,115.0,0.0,0.0,0.0,0.0,0.0,0.0,0.0,0.0,0.0,0.0,0.0,0.0,0.0
145,Maxim,De Cuyper,De Cuyper,a,,,4.3,564,138.0,2.0,130,51.0,6.0,14.0,6.0,8,0,0.0,-2,2.0,25073,11462,1.4,9.3,5.5,6.0,3.1,153.0,58.0,100.0,100.0,172.0,73.0,46.0,7.0,134.0,22.0,93.0,25.0,3.0,6.0,,,,,,0.15,0.21,0.36,1.44,0.0,0.26,1.54,1.03,3.73,15,8,71.0,0.0,0.0,1.0,0.0,0.0,0.0,0.0,0.0,0.0,0.0,1.0,2.0,35.0,31271.0,13191.0,0.0,0.0,0.43999999999999995,0.43999999999999995,0.7200000000000006,18.200000000000017,56.80000000000001,4.0,7.899999999999999,1.0,2.0,3.0,3.0
290,Jarrad,Branthwaite,Branthwaite,i,Hamstring injury - Unknown return date,,5.3,200,29.0,0.1,405,151.0,0.0,711.0,242.0,0,0,0.0,-2,2.0,63,383,0.0,0.0,0.0,0.0,0.0,732.0,246.0,0.0,0.0,734.0,248.0,733.0,248.0,728.0,247.0,734.0,248.0,,,,,,,,0.0,0.0,0.0,0.0,0.0,0.0,0.0,0.0,0.0,15,0,0.0,0.0,0.0,0.0,0.0,0.0,0.0,0.0,0.0,0.0,0.0,0.0,0.0,0.0,72.0,461.0,0.0,0.0,0.0,0.0,0.0,0.0,0.0,0.0,0.0,0.0,0.0,0.0,0.0
291,James,Tarkowski,Tarkowski,a,,,5.5,131,15.0,7.4,62,20.0,7.5,5.0,1.0,9,1,-1.0,0,0.0,170470,34867,1.4,13.3,7.5,7.5,4.9,23.0,12.0,,,12.0,4.0,132.0,31.0,162.0,32.0,64.0,14.0,,,,,,,,0.02,0.06,0.08,1.36,0.0,0.4,1.13,1.0,10.8,15,9,90.0,0.0,0.0,1.0,0.0,0.0,0.0,0.0,1.0,0.0,0.0,1.0,2.0,29.0,194999.0,37379.0,0.0,0.0,0.010000000000000009,0.010000000000000009,0.5300000000000011,29.200000000000045,0.29999999999999716,0.0,3.0,0.0,17.0,2.0,17.0
420,İlkay,Gündoğan,Gündoğan,u,has joined Galatasaray permanently.,,6.3,69,46.0,0.1,527,187.0,0.0,741.0,330.0,0,0,0.0,-2,2.0,0,52,0.0,0.0,0.0,0.0,0.0,748.0,333.0,0.0,0.0,750.0,333.0,750.0,333.0,750.0,333.0,750.0,333.0,,,,,,,,0.0,0.0,0.0,0.0,0.0,0.0,0.0,0.0,0.0,15,0,0.0,0.0,0.0,0.0,0.0,0.0,0.0,0.0,0.0,0.0,0.0,0.0,0.0,0.0,0.0,55.0,0.0,0.0,0.0,0.0,0.0,0.0,0.0,0.0,0.0,0.0,0.0,0.0,0.0
421,Rodrigo 'Rodri',Hernandez Cascante,Rodrigo,i,Muscle injury - Unknown return date,,6.3,71,47.0,0.4,270,97.0,0.0,742.0,331.0,0,0,0.0,-2,2.0,28,665,0.0,1.9,0.0,0.0,2.0,288.0,131.0,0.0,0.0,326.0,151.0,251.0,150.0,311.0,164.0,336.0,162.0,,,,,,,,0.04,0.07,0.11,1.17,0.0,0.31,0.92,1.23,12.33,15,0,0.0,0.0,0.0,0.0,0.0,0.0,0.0,0.0,0.0,0.0,0.0,0.0,0.0,0.0,31.0,763.0,0.0,0.0,0.0,0.0,0.0,0.0,0.0,0.0,0.0,0.0,0.0,0.0,0.0
427,Tijjani,Reijnders,Reijnders,a,,,5.2,216,134.0,12.7,30,11.0,3.0,127.0,59.0,1,-1,1.0,-3,3.0,14493,228675,0.6,8.8,3.5,3.5,3.3,132.0,59.0,,,148.0,56.0,56.0,43.0,54.0,30.0,60.0,40.0,3.0,,,,,,,0.25,0.13,0.38,1.06,0.0,0.29,1.24,1.05,5.42,15,1,21.0,0.0,0.0,0.0,0.0,0.0,0.0,0.0,0.0,0.0,0.0,0.0,0.0,1.0,23097.0,249971.0,0.0,0.2799999999999998,0.0,0.28000000000000025,0.05000000000000071,0.0,3.9000000000000057,4.0,0.6000000000000014,0.0,0.0,0.0,0.0
428,Sverre,Nypan,Nypan,u,Has joined Middlesbrough on loan for the rest of the season.,,5.0,279,173.0,0.0,692,296.0,0.0,699.0,301.0,0,0,0.0,0,0.0,0,7,0.0,0.0,0.0,0.0,0.0,726.0,317.0,0.0,0.0,728.0,317.0,725.0,317.0,718.0,315.0,728.0,317.0,,,,,,,,0.0,0.0,0.0,0.0,0.0,0.0,0.0,0.0,0.0,15,0,0.0,0.0,0.0,0.0,0.0,0.0,0.0,0.0,0.0,0.0,0.0,0.0,0.0,0.0,0.0,8.0,0.0,0.0,0.0,0.0,0.0,0.0,0.0,0.0,0.0,0.0,0.0,0.0,0.0
429,Kalvin,Phillips,Phillips,a,,,4.8,342,214.0,0.1,528,188.0,0.0,650.0,269.0,0,0,0.0,-2,2.0,105,225,0.0,0.0,0.5,0.5,0.0,693.0,294.0,,,694.0,294.0,687.0,293.0,675.0,290.0,694.0,294.0,,,,,,,,0.0,0.0,0.0,0.0,0.0,0.0,0.0,0.0,0.0,15,0,0.0,0.0,0.0,0.0,0.0,0.0,0.0,0.0,0.0,0.0,0.0,0.0,0.0,0.0,119.0,256.0,0.0,0.0,0.0,0.0,0.0,0.0,0.0,0.0,0.0,0.0,0.0,0.0,0.0
430,Erling,Haaland,Haaland,a,,,15.0,1,1.0,73.0,1,1.0,5.0,44.0,5.0,2,0,0.0,10,-10.0,82575,47305,0.3,8.1,5.5,5.5,8.1,1.0,1.0,100.0,100.0,1.0,1.0,154.0,11.0,1.0,1.0,1.0,1.0,,,1.0,,,,,0.99,0.07,1.06,1.09,0.0,0.49,1.05,1.05,3.44,15,2,68.0,0.0,0.0,1.0,0.0,0.0,0.0,0.0,0.0,0.0,0.0,1.0,0.0,5.0,104109.0,49073.0,0.0,0.4299999999999997,0.010000000000000009,0.4400000000000013,0.6600000000000001,5.600000000000023,0.7999999999999972,9.0,1.5,0.0,2.0,1.0,3.0
736,Gianluigi,Donnarumma,Donnarumma,a,,,5.7,113,2.0,9.9,41,5.0,3.0,131.0,11.0,6,0,0.0,2,-2.0,38323,120274,0.5,7.5,3.5,3.5,3.6,108.0,11.0,,,161.0,18.0,746.0,88.0,744.0,87.0,292.0,18.0,,,,,,,,0.0,0.0,0.0,1.01,1.75,0.42,1.0,1.0,0.0,15,6,90.0,0.0,0.0,1.0,0.0,0.0,0.0,0.0,0.0,0.0,1.0,1.0,0.0,22.0,46866.0,135051.0,0.0,0.0,0.0,0.0,0.7100000000000009,11.200000000000017,0.0,0.0,1.0999999999999979,0.0,1.0,3.0,0.0
739,Divine,Mukasa,Mukasa,a,,,4.4,533,314.0,0.0,664,276.0,0.0,570.0,209.0,0,-1,1.0,-1,1.0,94,150,0.0,0.0,0.5,0.5,0.0,625.0,243.0,,,621.0,238.0,612.0,238.0,593.0,234.0,622.0,239.0,,,,,,,,0.0,0.0,0.0,0.0,0.0,0.0,0.0,0.0,0.0,15,0,0.0,0.0,0.0,0.0,0.0,0.0,0.0,0.0,0.0,0.0,0.0,0.0,0.0,0.0,102.0,165.0,0.0,0.0,0.0,0.0,0.0,0.0,0.0,0.0,0.0,0.0,0.0,0.0,0.0
740,Stephen,Mfuni,Mfuni,a,,,4.0,667,186.0,0.0,605,215.0,0.0,479.0,189.0,0,0,0.0,0,0.0,109,253,0.0,0.0,0.5,0.5,0.0,555.0,212.0,,,550.0,214.0,536.0,213.0,507.0,204.0,550.0,214.0,,,,,,,,0.0,0.0,0.0,0.0,0.0,0.0,0.0,0.0,0.0,15,0,0.0,0.0,0.0,0.0,0.0,0.0,0.0,0.0,0.0,0.0,0.0,0.0,0.0,0.0,138.0,276.0,0.0,0.0,0.0,0.0,0.0,0.0,0.0,0.0,0.0,0.0,0.0,0.0,0.0
742,Ryan,McAidoo,McAidoo,a,,,4.5,477,291.0,0.0,708,305.0,0.0,637.0,260.0,0,0,0.0,0,0.0,55,83,0.0,0.0,0.5,0.5,0.0,687.0,289.0,,,687.0,288.0,679.0,287.0,666.0,285.0,688.0,289.0,,,,,,,,0.0,0.0,0.0,0.0,0.0,0.0,0.0,0.0,0.0,15,0,0.0,0.0,0.0,0.0,0.0,0.0,0.0,0.0,0.0,0.0,0.0,0.0,0.0,0.0,70.0,96.0,0.0,0.0,0.0,0.0,0.0,0.0,0.0,0.0,0.0,0.0,0.0,0.0,0.0
119,Bryan,Mbeumo,Mbeumo,a,,,8.3,13,8.0,26.3,11,3.0,3.0,133.0,62.0,8,-2,2.0,3,-3.0,59893,894027,0.4,8.7,3.0,3.0,4.8,30.0,13.0,,,28.0,8.0,7.0,7.0,4.0,1.0,3.0,2.0,2.0,2.0,,,,,,0.34,0.2,0.54,1.31,0.0,0.14,1.44,1.03,4.72,15,8,90.0,1.0,0.0,0.0,1.0,0.0,0.0,0.0,1.0,0.0,0.0,1.0,2.0,32.0,75923.0,986867.0,0.0,1.1800000000000002,0.08000000000000007,1.2599999999999998,0.41000000000000014,52.0,42.30000000000001,56.0,15.0,3.0,0.0,7.0,10.0
431,Altay,Bayındır,Bayindir,a,,,4.8,356,15.0,0.3,294,39.0,0.0,656.0,86.0,0,0,0.0,-2,2.0,426,1108,0.0,2.3,0.0,0.0,1.8,299.0,26.0,,,233.0,22.0,371.0,9.0,682.0,76.0,326.0,22.0,,,,,,,,0.0,0.01,0.01,1.54,2.17,0.0,1.83,1.0,0.0,15,0,0.0,0.0,0.0,0.0,0.0,0.0,0.0,0.0,0.0,0.0,0.0,0.0,0.0,0.0,583.0,1266.0,0.0,0.0,0.0,0.0,0.0,0.0,0.0,0.0,0.0,0.0,0.0,0.0,0.0
433,Elyh,Harrison,Harrison,u,On loan to Shrewsbury Town,,4.0,673,62.0,0.0,751,88.0,0.0,484.0,71.0,0,0,0.0,0,0.0,0,2,0.0,0.0,0.0,0.0,0.0,560.0,77.0,0.0,0.0,555.0,77.0,541.0,65.0,512.0,51.0,555.0,77.0,,,,,,,,0.0,0.0,0.0,0.0,0.0,0.0,0.0,0.0,0.0,15,0,0.0,0.0,0.0,0.0,0.0,0.0,0.0,0.0,0.0,0.0,0.0,0.0,0.0,0.0,0.0,3.0,0.0,0.0,0.0,0.0,0.0,0.0,0.0,0.0,0.0,0.0,0.0,0.0,0.0
434,Tom,Heaton,Heaton,a,,,3.9,683,63.0,0.3,320,44.0,0.0,393.0,23.0,0,0,0.0,-1,1.0,709,986,0.0,0.0,0.0,0.0,0.0,473.0,30.0,,,469.0,30.0,452.0,16.0,420.0,2.0,468.0,30.0,,,,,,,,0.0,0.0,0.0,0.0,0.0,0.0,0.0,0.0,0.0,15,0,0.0,0.0,0.0,0.0,0.0,0.0,0.0,0.0,0.0,0.0,0.0,0.0,0.0,0.0,829.0,1095.0,0.0,0.0,0.0,0.0,0.0,0.0,0.0,0.0,0.0,0.0,0.0,0.0,0.0
435,Dermot,Mee,Mee,a,,,3.9,707,77.0,0.1,454,73.0,0.0,411.0,37.0,0,0,0.0,-1,1.0,207,306,0.0,0.0,0.0,0.0,0.0,489.0,43.0,,,484.0,43.0,469.0,30.0,438.0,16.0,484.0,43.0,,,,,,,,0.0,0.0,0.0,0.0,0.0,0.0,0.0,0.0,0.0,15,0,0.0,0.0,0.0,0.0,0.0,0.0,0.0,0.0,0.0,0.0,0.0,0.0,0.0,0.0,246.0,345.0,0.0,0.0,0.0,0.0,0.0,0.0,0.0,0.0,0.0,0.0,0.0,0.0,0.0
436,Matthijs,de Ligt,De Ligt,i,Back injury - Unknown return date,,5.0,248,38.0,2.9,106,40.0,1.0,282.0,100.0,0,0,0.0,0,0.0,1831,81866,0.2,8.6,0.0,0.8,3.3,131.0,50.0,0.0,75.0,75.0,33.0,232.0,66.0,109.0,17.0,120.0,40.0,,,,,,,,0.11,0.06,0.17,1.44,0.0,0.08,1.54,1.0,8.23,15,0,0.0,0.0,0.0,0.0,0.0,0.0,0.0,0.0,0.0,0.0,0.0,0.0,0.0,0.0,2737.0,94963.0,0.0,0.0,0.0,0.0,0.0,0.0,0.0,0.0,0.0,0.0,0.0,0.0,0.0
437,Lisandro,Martínez,Martinez,a,,,4.8,349,61.0,0.1,421,158.0,0.8,297.0,106.0,1,0,0.0,-2,2.0,2915,1097,0.2,0.6,0.8,0.8,1.0,417.0,147.0,100.0,100.0,401.0,148.0,400.0,144.0,679.0,242.0,424.0,152.0,,,,,,,,0.0,0.12,0.12,0.52,0.0,0.0,0.0,0.0,11.61,15,1,21.0,0.0,0.0,0.0,0.0,0.0,0.0,0.0,0.0,0.0,0.0,0.0,0.0,5.0,3393.0,1193.0,0.0,0.0,0.0,0.0,0.06999999999999999,4.800000000000001,1.4000000000000001,0.0,0.6,0.0,1.0,4.0,1.0
438,Noussair,Mazraoui,Mazraoui,a,,,4.9,311,53.0,0.2,344,124.0,1.8,207.0,72.0,2,0,0.0,-1,1.0,2989,2004,0.4,3.5,1.8,1.8,1.9,294.0,107.0,100.0,100.0,241.0,95.0,250.0,75.0,328.0,111.0,298.0,103.0,,,,,,,,0.0,0.05,0.05,0.81,0.0,0.21,1.03,1.23,8.61,15,2,68.0,0.0,0.0,0.0,1.0,0.0,0.0,0.0,0.0,0.0,0.0,1.0,0.0,11.0,3969.0,2165.0,0.0,0.02,0.03,0.03999999999999998,0.3400000000000003,14.399999999999991,17.0,2.0,3.3000000000000007,0.0,7.0,1.0,7.0
440,Diogo,Dalot Teixeira,Dalot,a,,,4.4,495,108.0,1.4,159,64.0,5.8,19.0,9.0,5,0,0.0,-1,1.0,46046,6767,1.3,10.2,5.8,4.3,3.5,113.0,41.0,100.0,75.0,145.0,63.0,67.0,17.0,179.0,36.0,113.0,34.0,,,,,,,,0.06,0.12,0.18,1.46,0.0,0.21,1.67,1.04,6.04,15,5,83.0,0.0,1.0,0.0,1.0,0.0,0.0,0.0,0.0,0.0,0.0,1.0,0.0,20.0,48331.0,8465.0,0.0,0.13999999999999996,0.20999999999999996,0.3500000000000001,0.3500000000000014,37.20000000000002,42.400000000000006,19.0,9.900000000000006,1.0,6.0,4.0,7.0
441,Patrick,Dorgu,Dorgu,a,,,4.1,617,158.0,2.3,121,45.0,1.0,271.0,92.0,1,-1,1.0,-4,4.0,4055,28902,0.2,4.9,1.0,1.0,1.4,353.0,126.0,,,220.0,87.0,93.0,24.0,147.0,28.0,168.0,55.0,,,,,,,,0.09,0.1,0.19,1.55,0.0,0.13,1.65,0.89,6.61,15,1,6.0,0.0,0.0,0.0,0.0,0.0,0.0,0.0,0.0,0.0,0.0,0.0,0.0,3.0,4802.0,34041.0,0.0,0.0,0.0,0.0,0.05000000000000071,0.3999999999999915,0.39999999999997726,2.0,0.30000000000000426,0.0,0.0,1.0,0.0
442,Harry,Maguire,Maguire,i,Hamstring injury - Unknown return date,,4.3,544,122.0,0.5,242,91.0,0.0,501.0,203.0,0,-1,1.0,-2,2.0,124,5327,0.0,7.7,0.0,0.0,4.1,73.0,30.0,0.0,0.0,271.0,106.0,345.0,120.0,264.0,79.0,314.0,108.0,,,,,,,,0.08,0.01,0.09,1.77,0.0,0.53,1.06,1.06,6.07,15,0,0.0,0.0,0.0,0.0,0.0,0.0,0.0,0.0,0.0,0.0,0.0,0.0,0.0,0.0,139.0,6116.0,0.0,0.0,0.0,0.0,0.0,0.0,0.0,0.0,0.0,0.0,0.0,0.0,0.0
443,Luke,Shaw,Shaw,a,,,4.5,399,75.0,0.6,219,84.0,1.5,225.0,80.0,2,0,0.0,0,0.0,8368,8939,0.3,7.6,1.5,1.5,2.3,245.0,91.0,,,126.0,53.0,152.0,37.0,330.0,113.0,193.0,65.0,,,,,,,,0.01,0.05,0.06,1.31,0.0,0.14,1.33,1.05,5.34,15,2,90.0,0.0,0.0,0.0,1.0,0.0,0.0,0.0,0.0,0.0,0.0,1.0,0.0,11.0,12021.0,9791.0,0.0,0.0,0.07999999999999996,0.08000000000000007,0.41000000000000014,15.200000000000017,11.700000000000003,2.0,2.8999999999999986,3.0,3.0,0.0,6.0
444,Leny,Yoro,Yoro,a,,,4.3,589,146.0,1.5,153,60.0,1.2,249.0,87.0,1,0,0.0,-2,2.0,3148,12302,0.3,6.5,1.2,1.2,1.9,291.0,105.0,,,207.0,84.0,243.0,71.0,279.0,86.0,260.0,87.0,,,,,,,,0.03,0.01,0.04,1.34,0.0,0.11,1.81,0.96,7.23,15,1,21.0,0.0,0.0,0.0,0.0,0.0,0.0,0.0,0.0,0.0,0.0,0.0,0.0,6.0,4233.0,13771.0,0.0,0.0,0.010000000000000009,0.010000000000000009,0.07000000000000028,7.800000000000011,1.0,0.0,0.9000000000000021,2.0,1.0,0.0,3.0
445,Harry,Amass,Amass,u,has joined Sheffield Wednesday on loan for the rest of the season.,,4.0,671,189.0,0.1,500,183.0,0.0,482.0,191.0,0,0,0.0,0,0.0,0,181,0.0,0.0,0.0,0.0,0.0,558.0,214.0,0.0,0.0,553.0,216.0,539.0,215.0,510.0,206.0,553.0,216.0,,,,,,,,0.0,0.0,0.0,0.0,0.0,0.0,0.0,0.0,0.0,15,0,0.0,0.0,0.0,0.0,0.0,0.0,0.0,0.0,0.0,0.0,0.0,0.0,0.0,0.0,0.0,204.0,0.0,0.0,0.0,0.0,0.0,0.0,0.0,0.0,0.0,0.0,0.0,0.0,0.0
446,Tyler,Fredricson,Fredricson,a,,,3.8,752,243.0,0.1,410,155.0,0.0,388.0,145.0,0,0,0.0,-2,2.0,376,673,0.0,0.0,0.0,0.0,0.0,468.0,171.0,,,464.0,174.0,447.0,172.0,414.0,159.0,463.0,173.0,,,,,,,,0.0,0.0,0.0,0.0,0.0,0.0,0.0,0.0,0.0,15,0,0.0,0.0,0.0,0.0,0.0,0.0,0.0,0.0,0.0,0.0,0.0,0.0,0.0,0.0,465.0,733.0,0.0,0.0,0.0,0.0,0.0,0.0,0.0,0.0,0.0,0.0,0.0,0.0,0.0
447,Ayden,Heaven,Heaven,a,,,3.8,758,249.0,1.5,154,61.0,0.5,313.0,111.0,2,0,0.0,-2,2.0,23402,10554,0.1,1.6,0.5,0.5,1.5,340.0,122.0,100.0,100.0,325.0,119.0,359.0,125.0,363.0,127.0,375.0,127.0,,,,,,,,0.02,0.05,0.07,0.79,0.0,0.0,1.91,1.28,10.85,15,2,68.0,0.0,0.0,0.0,1.0,0.0,0.0,0.0,0.0,0.0,0.0,1.0,0.0,14.0,25679.0,11820.0,0.0,0.03,0.0,0.03,0.33999999999999997,15.799999999999997,0.5999999999999996,4.0,2.0,0.0,8.0,3.0,8.0
138,Jason,Steele,Steele,a,,,4.3,541,27.0,0.3,330,47.0,0.0,500.0,75.0,0,0,0.0,-2,2.0,250,1070,0.0,0.0,-0.5,0.0,0.0,573.0,80.0,,,568.0,80.0,556.0,69.0,530.0,56.0,568.0,80.0,,,,,,,,0.0,0.0,0.0,0.0,0.0,0.0,0.0,0.0,0.0,15,0,0.0,0.0,0.0,0.0,0.0,0.0,0.0,0.0,0.0,0.0,0.0,0.0,0.0,0.0,329.0,1235.0,0.0,0.0,0.0,0.0,0.0,0.0,0.0,0.0,0.0,0.0,0.0,0.0,0.0
139,Bart,Verbruggen,Verbruggen,a,,,4.4,514,26.0,5.0,80,14.0,4.5,51.0,3.0,3,0,0.0,-1,1.0,34548,36665,1.0,10.0,4.0,4.5,2.9,177.0,16.0,,,15.0,4.0,367.0,6.0,577.0,64.0,162.0,3.0,,,,,,,,0.0,0.0,0.0,1.29,2.73,0.2,1.4,1.0,0.0,15,3,90.0,0.0,0.0,0.0,1.0,0.0,0.0,0.0,0.0,0.0,4.0,1.0,0.0,22.0,57709.0,39502.0,0.0,0.0,0.0,0.0,1.1400000000000006,35.200000000000045,0.0,0.0,3.5,0.0,2.0,8.0,0.0
224,Marc,Cucurella Saseta,Cucurella,a,,,6.2,76,2.0,23.4,14,5.0,3.5,101.0,34.0,6,0,0.0,2,-2.0,123625,101023,0.6,10.2,3.5,3.5,4.2,72.0,29.0,,,96.0,43.0,32.0,2.0,139.0,24.0,51.0,10.0,,,,,,,,0.04,0.14,0.18,1.32,0.0,0.5,1.0,1.0,6.59,15,6,90.0,0.0,0.0,1.0,0.0,0.0,0.0,0.0,0.0,0.0,0.0,1.0,0.0,25.0,130915.0,122328.0,0.0,0.04999999999999993,0.040000000000000036,0.08999999999999986,1.4199999999999982,7.199999999999989,13.200000000000045,10.0,3.0,1.0,2.0,5.0,3.0
225,Reece,James,James,a,,,5.6,127,13.0,8.9,46,15.0,3.8,80.0,29.0,6,0,0.0,1,-1.0,126002,53310,0.7,10.9,3.8,3.8,4.4,55.0,26.0,100.0,100.0,101.0,47.0,35.0,4.0,229.0,62.0,73.0,19.0,2.0,2.0,,,,,,0.05,0.16,0.21,1.5,0.0,0.39,0.97,0.97,5.99,15,6,90.0,0.0,0.0,1.0,0.0,0.0,0.0,0.0,0.0,0.0,0.0,1.0,0.0,22.0,136026.0,68176.0,0.0,0.0,0.020000000000000018,0.020000000000000018,1.42,18.19999999999999,5.000000000000028,0.0,2.299999999999997,4.0,5.0,4.0,9.0
449,Bruno,Borges Fernandes,B.Fernandes,a,,,9.2,6,4.0,25.1,12,4.0,8.8,3.0,3.0,18,2,-2.0,2,-2.0,729912,57543,1.0,9.2,8.8,8.8,5.7,11.0,5.0,,,2.0,1.0,1.0,1.0,20.0,10.0,2.0,1.0,1.0,1.0,1.0,,,,,0.45,0.24,0.69,1.31,0.0,0.07,1.48,1.01,10.61,15,18,90.0,2.0,1.0,0.0,1.0,0.0,0.0,0.0,0.0,0.0,0.0,1.0,3.0,74.0,769278.0,69988.0,0.0,1.1600000000000001,0.8499999999999996,2.0100000000000016,0.41000000000000014,98.59999999999997,82.0,48.0,22.89999999999999,1.0,0.0,7.0,8.0
450,Matheus,Santos Carneiro da Cunha,Cunha,a,,,7.9,17,11.0,3.8,90,31.0,2.0,198.0,90.0,5,0,0.0,-1,1.0,31134,21750,0.3,4.3,2.0,2.0,2.8,201.0,91.0,100.0,100.0,174.0,70.0,73.0,53.0,34.0,20.0,58.0,38.0,,,,,,,,0.29,0.14,0.43,1.33,0.0,0.21,1.17,1.06,7.21,15,5,90.0,0.0,1.0,0.0,1.0,0.0,0.0,0.0,0.0,0.0,0.0,1.0,0.0,26.0,37934.0,24902.0,0.0,0.8500000000000001,0.31000000000000005,1.1600000000000001,0.41000000000000014,35.80000000000001,28.899999999999977,56.0,12.100000000000001,4.0,1.0,2.0,7.0
451,Marcus,Rashford,Rashford,u,Has joined Barcelona on loan for the rest of the season,,7.0,35,20.0,0.0,673,283.0,0.0,749.0,334.0,0,0,0.0,0,0.0,0,2,0.0,0.0,0.0,0.0,0.0,755.0,336.0,0.0,0.0,757.0,336.0,757.0,336.0,757.0,336.0,757.0,336.0,,,,,,,,0.0,0.0,0.0,0.0,0.0,0.0,0.0,0.0,0.0,15,0,0.0,0.0,0.0,0.0,0.0,0.0,0.0,0.0,0.0,0.0,0.0,0.0,0.0,0.0,0.0,2.0,0.0,0.0,0.0,0.0,0.0,0.0,0.0,0.0,0.0,0.0,0.0,0.0,0.0
452,Amad,Diallo,Amad,a,,,6.3,73,49.0,1.7,147,49.0,3.0,132.0,61.0,6,0,0.0,-2,2.0,7654,43293,0.5,7.8,3.0,3.0,3.5,119.0,53.0,100.0,100.0,109.0,39.0,11.0,11.0,40.0,23.0,22.0,17.0,,,,,,,,0.19,0.2,0.39,1.09,0.0,0.16,1.13,1.05,8.25,15,6,90.0,0.0,1.0,0.0,1.0,0.0,0.0,0.0,0.0,0.0,0.0,1.0,1.0,27.0,10906.0,47903.0,0.0,0.1599999999999997,0.2400000000000002,0.40000000000000036,0.41000000000000014,14.799999999999983,48.599999999999966,28.0,9.099999999999994,1.0,2.0,3.0,6.0
455,Mason,Mount,Mount,a,,,5.9,97,63.0,0.5,243,83.0,4.2,67.0,32.0,7,0,0.0,-1,1.0,23978,5019,0.7,6.6,4.2,4.2,3.2,150.0,68.0,100.0,100.0,212.0,88.0,121.0,88.0,107.0,63.0,161.0,86.0,3.0,,,,,,,0.2,0.16,0.36,1.11,0.0,0.47,1.24,1.09,6.37,15,7,83.0,1.0,0.0,0.0,1.0,0.0,0.0,0.0,0.0,0.0,0.0,1.0,0.0,22.0,24789.0,6144.0,0.0,0.5800000000000001,0.12,0.7000000000000002,0.35000000000000053,32.2,6.800000000000011,24.0,6.299999999999997,0.0,0.0,4.0,4.0
457,Carlos Henrique,Casimiro,Casemiro,a,,,5.5,132,82.0,1.3,168,58.0,3.5,96.0,45.0,2,0,0.0,0,0.0,12214,38427,0.6,11.1,3.5,3.5,4.4,52.0,22.0,100.0,100.0,80.0,24.0,108.0,78.0,74.0,43.0,71.0,42.0,,,,,,,,0.2,0.05,0.25,1.07,0.0,0.29,0.97,1.26,11.6,15,2,77.0,0.0,0.0,0.0,1.0,0.0,0.0,0.0,0.0,0.0,0.0,1.0,0.0,10.0,18397.0,40516.0,0.0,0.040000000000000036,0.020000000000000018,0.06000000000000005,0.34999999999999964,16.19999999999999,15.299999999999997,8.0,4.0,1.0,6.0,2.0,9.0
458,Kobbie,Mainoo,Mainoo,a,,,4.6,390,240.0,0.4,269,96.0,0.8,295.0,135.0,1,-1,1.0,-4,4.0,1986,2135,0.2,2.2,0.8,0.8,1.0,411.0,190.0,100.0,100.0,355.0,161.0,197.0,127.0,323.0,168.0,325.0,157.0,,,,,,,,0.03,0.12,0.15,1.81,0.0,0.0,2.95,0.0,9.84,15,1,12.0,0.0,0.0,0.0,0.0,0.0,0.0,0.0,0.0,0.0,0.0,0.0,0.0,4.0,2127.0,2403.0,0.0,0.0,0.009999999999999981,0.010000000000000009,0.04999999999999982,0.6000000000000014,1.2000000000000028,0.0,0.20000000000000107,0.0,0.0,0.0,0.0
459,Manuel,Ugarte Ribeiro,Ugarte,a,,,4.7,374,233.0,0.1,423,140.0,0.2,357.0,166.0,0,0,0.0,-3,3.0,432,877,0.0,3.0,0.2,0.2,1.4,358.0,166.0,,,322.0,149.0,308.0,172.0,391.0,197.0,359.0,171.0,,,,,,,,0.01,0.01,0.02,2.45,0.0,0.0,3.46,0.58,15.0,15,0,0.0,0.0,0.0,0.0,0.0,0.0,0.0,0.0,0.0,0.0,0.0,0.0,0.0,0.0,486.0,973.0,0.0,0.0,0.0,0.0,0.0,0.0,0.0,0.0,0.0,0.0,0.0,0.0,0.0
462,Jack,Fletcher,J.Fletcher,a,,,4.3,587,329.0,0.1,539,194.0,0.0,527.0,185.0,0,0,0.0,-2,2.0,286,465,0.0,0.0,0.0,0.0,0.0,590.0,221.0,,,586.0,215.0,577.0,215.0,555.0,211.0,587.0,216.0,,,,,,,,0.0,0.0,0.0,0.0,0.0,0.0,0.0,0.0,0.0,15,0,0.0,0.0,0.0,0.0,0.0,0.0,0.0,0.0,0.0,0.0,0.0,0.0,0.0,0.0,348.0,517.0,0.0,0.0,0.0,0.0,0.0,0.0,0.0,0.0,0.0,0.0,0.0,0.0,0.0
464,Jack,Moorhouse,Moorhouse,u,has joined Leyton Orient on loan for the rest of the season.,,4.5,452,273.0,0.0,663,275.0,0.0,614.0,243.0,0,0,0.0,0,0.0,0,34,0.0,0.0,0.0,0.0,0.0,666.0,274.0,0.0,0.0,664.0,271.0,656.0,270.0,643.0,268.0,665.0,272.0,,,,,,,,0.0,0.0,0.0,0.0,0.0,0.0,0.0,0.0,0.0,15,0,0.0,0.0,0.0,0.0,0.0,0.0,0.0,0.0,0.0,0.0,0.0,0.0,0.0,0.0,0.0,38.0,0.0,0.0,0.0,0.0,0.0,0.0,0.0,0.0,0.0,0.0,0.0,0.0,0.0
465,Rasmus,Højlund,Højlund,u,has joined Napoli on loan for the rest of the season.,,6.3,74,24.0,0.3,324,52.0,0.0,743.0,76.0,0,0,0.0,-2,2.0,0,149,0.0,0.0,0.0,0.0,0.0,749.0,80.0,0.0,0.0,751.0,80.0,751.0,80.0,751.0,80.0,751.0,80.0,,,,,,,,0.0,0.0,0.0,0.0,0.0,0.0,0.0,0.0,0.0,15,0,0.0,0.0,0.0,0.0,0.0,0.0,0.0,0.0,0.0,0.0,0.0,0.0,0.0,0.0,0.0,162.0,0.0,0.0,0.0,0.0,0.0,0.0,0.0,0.0,0.0,0.0,0.0,0.0,0.0
466,Joshua,Zirkzee,Zirkzee,a,,,5.8,109,29.0,0.6,232,37.0,3.2,115.0,14.0,0,0,0.0,-2,2.0,8381,16387,0.6,2.9,3.2,3.2,2.1,272.0,29.0,100.0,100.0,296.0,27.0,206.0,20.0,96.0,27.0,234.0,27.0,,,,,,,,0.42,0.03,0.45,1.13,0.0,0.26,1.57,0.78,6.78,15,0,6.0,0.0,0.0,0.0,0.0,0.0,0.0,0.0,1.0,0.0,0.0,0.0,0.0,0.0,12119.0,17812.0,0.0,0.0,0.010000000000000009,0.010000000000000009,0.05000000000000071,0.0,1.5,0.0,0.10000000000000142,0.0,0.0,1.0,1.0
468,Ethan,Wheatley,Wheatley,u,has joined Northampton Town on loan for the rest of the season.,,4.5,459,62.0,0.1,478,69.0,0.0,621.0,61.0,0,0,0.0,0,0.0,0,154,0.0,0.0,0.0,0.0,0.0,673.0,70.0,0.0,0.0,671.0,70.0,663.0,69.0,650.0,69.0,672.0,70.0,,,,,,,,0.0,0.0,0.0,0.0,0.0,0.0,0.0,0.0,0.0,15,0,0.0,0.0,0.0,0.0,0.0,0.0,0.0,0.0,0.0,0.0,0.0,0.0,0.0,0.0,0.0,171.0,0.0,0.0,0.0,0.0,0.0,0.0,0.0,0.0,0.0,0.0,0.0,0.0,0.0
681,Benjamin,Sesko,Šeško,d,Illness - 75% chance of playing,,7.2,32,14.0,3.0,103,16.0,0.0,752.0,82.0,0,0,0.0,-3,3.0,610,13636,0.0,4.3,0.0,0.0,2.8,200.0,21.0,75.0,0.0,224.0,20.0,162.0,12.0,49.0,19.0,136.0,17.0,,,,,,,,0.29,0.02,0.31,1.58,0.0,0.15,1.9,0.88,3.94,15,0,0.0,0.0,0.0,0.0,0.0,0.0,0.0,0.0,0.0,0.0,0.0,0.0,0.0,0.0,628.0,16614.0,0.0,0.0,0.0,0.0,0.0,0.0,0.0,0.0,0.0,0.0,0.0,0.0,0.0
733,Senne,Lammens,Lammens,a,,,5.1,237,9.0,1.8,140,20.0,2.0,188.0,18.0,2,0,0.0,1,-1.0,11096,27044,0.4,4.7,2.0,2.0,2.7,212.0,21.0,,,184.0,20.0,729.0,86.0,397.0,1.0,303.0,20.0,,,,,,,,0.0,0.0,0.0,1.19,2.0,0.11,1.22,1.0,0.0,15,2,90.0,0.0,0.0,0.0,1.0,0.0,0.0,0.0,0.0,0.0,1.0,1.0,0.0,8.0,18678.0,28960.0,0.0,0.0,0.0,0.0,0.41000000000000014,11.0,0.0,0.0,1.1000000000000014,0.0,0.0,7.0,0.0
755,Shea,Lacey,Lacey,a,,,4.5,461,279.0,0.0,741,325.0,0.0,623.0,249.0,0,0,0.0,0,0.0,114,59,0.0,0.0,0.0,0.0,0.0,675.0,280.0,,,673.0,277.0,665.0,276.0,652.0,274.0,674.0,278.0,,,,,,,,0.0,0.0,0.0,0.0,0.0,0.0,0.0,0.0,0.0,15,0,0.0,0.0,0.0,0.0,0.0,0.0,0.0,0.0,0.0,0.0,0.0,0.0,0.0,0.0,129.0,62.0,0.0,0.0,0.0,0.0,0.0,0.0,0.0,0.0,0.0,0.0,0.0,0.0,0.0
52,Jacob,Ramsey,J.Ramsey,a,,,5.3,193,120.0,0.2,368,125.0,0.5,329.0,156.0,1,0,0.0,-2,2.0,426,758,0.1,1.3,0.5,0.5,1.0,433.0,206.0,100.0,100.0,344.0,157.0,138.0,99.0,246.0,135.0,278.0,136.0,,,,,,,,0.1,0.17,0.27,2.0,0.0,0.0,2.11,0.6,9.93,15,1,90.0,0.0,0.0,0.0,1.0,0.0,0.0,0.0,1.0,0.0,0.0,1.0,0.0,8.0,558.0,874.0,0.0,0.09000000000000002,0.29000000000000004,0.38,1.38,1.7999999999999972,17.099999999999994,18.0,3.6999999999999993,2.0,1.0,8.0,11.0
135,Yoane,Wissa,Wissa,a,,,7.3,24,9.0,0.5,245,39.0,0.2,374.0,44.0,1,0,0.0,-2,2.0,5666,781,0.0,0.1,0.2,0.2,1.0,442.0,54.0,100.0,75.0,451.0,55.0,401.0,49.0,385.0,51.0,438.0,52.0,,,,,,,,0.0,0.34,0.34,5.96,0.0,0.0,5.62,0.0,5.62,15,1,16.0,0.0,0.0,0.0,1.0,0.0,0.0,0.0,0.0,0.0,0.0,0.0,0.0,2.0,5817.0,857.0,0.0,0.0,0.06,0.06,1.06,0.2,2.1,4.0,0.6,0.0,0.0,1.0,1.0
469,Nick,Pope,Pope,d,Groin Injury - 25% chance of playing,,5.1,227,6.0,5.7,71,11.0,0.8,302.0,21.0,0,0,0.0,1,-1.0,245,218460,0.2,10.8,0.2,0.0,4.6,39.0,1.0,25.0,0.0,46.0,11.0,728.0,85.0,721.0,81.0,210.0,11.0,,,,,,,,0.0,0.0,0.0,1.05,3.29,0.42,1.1,1.01,0.0,15,0,0.0,0.0,0.0,0.0,0.0,0.0,0.0,0.0,0.0,0.0,0.0,0.0,0.0,0.0,300.0,274446.0,0.0,0.0,0.0,0.0,0.0,0.0,0.0,0.0,0.0,0.0,0.0,0.0,0.0
471,Mark,Gillespie,Gillespie,a,,,3.9,687,67.0,0.1,416,66.0,0.0,397.0,27.0,0,0,0.0,-1,1.0,309,367,0.0,0.0,0.0,0.0,0.0,476.0,33.0,,,472.0,33.0,456.0,20.0,424.0,6.0,471.0,33.0,,,,,,,,0.0,0.0,0.0,0.0,0.0,0.0,0.0,0.0,0.0,15,0,0.0,0.0,0.0,0.0,0.0,0.0,0.0,0.0,0.0,0.0,0.0,0.0,0.0,0.0,375.0,423.0,0.0,0.0,0.0,0.0,0.0,0.0,0.0,0.0,0.0,0.0,0.0,0.0,0.0
473,Lewis,Hall,Hall,a,,,5.2,221,33.0,1.1,178,70.0,2.8,144.0,52.0,1,0,0.0,-3,3.0,9310,14582,0.5,3.8,2.8,2.8,2.5,228.0,82.0,100.0,100.0,222.0,88.0,238.0,69.0,245.0,70.0,259.0,86.0,4.0,,,,,,,0.06,0.15,0.21,1.66,0.0,0.21,1.68,0.84,8.83,15,1,27.0,0.0,0.0,0.0,1.0,0.0,0.0,0.0,0.0,0.0,0.0,0.0,0.0,12.0,19717.0,15130.0,0.0,0.10999999999999999,0.020000000000000018,0.13,1.0599999999999996,19.39999999999999,13.0,19.0,5.100000000000001,3.0,3.0,0.0,6.0
474,Fabian,Schär,Schär,a,,,5.3,184,25.0,1.7,145,56.0,2.0,189.0,68.0,2,0,0.0,-2,2.0,8534,9578,0.4,6.2,2.0,2.0,3.3,134.0,52.0,100.0,100.0,187.0,80.0,306.0,98.0,292.0,93.0,267.0,90.0,,3.0,4.0,,,,,0.03,0.03,0.06,1.14,0.0,0.45,0.89,0.89,10.1,15,2,90.0,0.0,0.0,0.0,1.0,0.0,0.0,0.0,0.0,0.0,0.0,1.0,0.0,9.0,10658.0,11397.0,0.0,0.10999999999999999,0.010000000000000009,0.12,1.6099999999999994,22.399999999999977,1.8000000000000007,8.0,3.1999999999999993,3.0,3.0,5.0,6.0
475,Sven,Botman,Botman,d,Back injury - 25% chance of playing,,4.9,308,51.0,0.4,280,103.0,0.2,364.0,130.0,0,0,0.0,-1,1.0,17,5967,0.0,6.5,0.1,0.0,3.2,140.0,54.0,25.0,0.0,173.0,74.0,288.0,90.0,259.0,77.0,251.0,82.0,,,,,,,,0.02,0.03,0.05,1.24,0.0,0.41,1.37,1.1,9.07,15,0,0.0,0.0,0.0,0.0,0.0,0.0,0.0,0.0,0.0,0.0,0.0,0.0,0.0,0.0,20.0,7429.0,0.0,0.0,0.0,0.0,0.0,0.0,0.0,0.0,0.0,0.0,0.0,0.0,0.0
476,Dan,Burn,Burn,a,,,5.2,209,30.0,8.6,49,16.0,4.5,57.0,22.0,7,1,-1.0,2,-2.0,82531,34831,0.9,12.7,4.5,4.5,4.7,32.0,17.0,100.0,100.0,93.0,40.0,209.0,58.0,220.0,58.0,159.0,52.0,,,,,,,,0.01,0.02,0.03,0.91,0.0,0.44,1.26,1.04,8.53,15,7,62.0,0.0,0.0,1.0,0.0,0.0,0.0,0.0,0.0,0.0,0.0,1.0,1.0,28.0,116999.0,37239.0,0.0,0.0,0.019999999999999962,0.019999999999999962,0.5499999999999989,9.400000000000006,2.0,2.0,1.3000000000000043,1.0,4.0,3.0,5.0
477,Tino,Livramento,Livramento,a,,,4.9,320,55.0,3.4,97,36.0,2.0,186.0,67.0,1,0,0.0,-1,1.0,21624,19545,0.4,9.2,2.0,2.0,4.5,45.0,22.0,100.0,100.0,180.0,79.0,122.0,28.0,283.0,88.0,203.0,69.0,,,,,,,,0.01,0.05,0.06,1.03,0.0,0.51,0.81,1.02,5.49,15,1,90.0,0.0,0.0,0.0,1.0,0.0,0.0,0.0,1.0,0.0,0.0,1.0,0.0,17.0,42139.0,20564.0,0.0,0.0,0.07,0.06999999999999995,1.6099999999999994,21.80000000000001,32.29999999999998,4.0,5.799999999999997,4.0,3.0,10.0,7.0
478,Kieran,Trippier,Trippier,d,Hamstring injury - 25% chance of playing,,4.9,284,46.0,1.5,151,58.0,0.0,663.0,236.0,0,0,0.0,-1,1.0,42,18618,0.0,6.1,0.0,0.0,3.3,129.0,49.0,25.0,0.0,236.0,93.0,49.0,9.0,380.0,137.0,189.0,63.0,2.0,2.0,,,,,,0.0,0.12,0.12,0.97,0.0,0.52,1.29,1.03,3.99,15,0,0.0,0.0,0.0,0.0,0.0,0.0,0.0,0.0,0.0,0.0,0.0,0.0,0.0,0.0,48.0,23452.0,0.0,0.0,0.0,0.0,0.0,0.0,0.0,0.0,0.0,0.0,0.0,0.0,0.0
479,Emil,Krafth,Krafth,d,Knee injury - 25% chance of playing,,4.3,547,125.0,0.0,594,212.0,0.0,503.0,205.0,0,0,0.0,-2,2.0,10,176,0.0,0.0,0.0,0.0,0.0,574.0,225.0,25.0,0.0,440.0,158.0,409.0,149.0,533.0,220.0,443.0,158.0,,,,,,,,0.0,0.0,0.0,0.5,0.0,0.0,4.0,2.0,2.0,15,0,0.0,0.0,0.0,0.0,0.0,0.0,0.0,0.0,0.0,0.0,0.0,0.0,0.0,0.0,14.0,211.0,0.0,0.0,0.0,0.0,0.0,0.0,0.0,0.0,0.0,0.0,0.0,0.0,0.0
480,Jamaal,Lascelles,Lascelles,a,,,4.3,545,123.0,0.1,537,194.0,0.0,502.0,204.0,0,0,0.0,-2,2.0,144,244,0.0,0.2,0.0,0.0,0.5,451.0,155.0,,,407.0,150.0,557.0,227.0,352.0,124.0,422.0,150.0,,,,,,,,0.19,0.0,0.19,2.61,0.0,0.0,9.47,0.0,23.68,15,0,0.0,0.0,0.0,0.0,0.0,0.0,0.0,0.0,0.0,0.0,0.0,0.0,0.0,0.0,169.0,285.0,0.0,0.0,0.0,0.0,0.0,0.0,0.0,0.0,0.0,0.0,0.0,0.0,0.0
482,Harrison,Ashby,Ashby,a,,,3.9,704,208.0,0.1,425,159.0,0.0,408.0,152.0,0,0,0.0,-1,1.0,95,423,0.0,0.0,0.0,0.0,0.0,486.0,177.0,100.0,100.0,482.0,180.0,466.0,178.0,435.0,167.0,481.0,179.0,,,,,,,,0.0,0.0,0.0,0.0,0.0,0.0,0.0,0.0,0.0,15,0,0.0,0.0,0.0,0.0,0.0,0.0,0.0,0.0,0.0,0.0,0.0,0.0,0.0,0.0,113.0,473.0,0.0,0.0,0.0,0.0,0.0,0.0,0.0,0.0,0.0,0.0,0.0,0.0,0.0
483,Miodrag,Pivaš,Pivas,a,,,3.8,756,247.0,0.5,250,92.0,0.0,390.0,147.0,0,0,0.0,-2,2.0,10613,4824,0.0,0.0,0.0,0.0,0.0,470.0,173.0,,,466.0,176.0,449.0,174.0,417.0,162.0,465.0,175.0,,,,,,,,0.0,0.0,0.0,0.0,0.0,0.0,0.0,0.0,0.0,15,0,0.0,0.0,0.0,0.0,0.0,0.0,0.0,0.0,0.0,0.0,0.0,0.0,0.0,0.0,12312.0,5494.0,0.0,0.0,0.0,0.0,0.0,0.0,0.0,0.0,0.0,0.0,0.0,0.0,0.0
484,Matt,Targett,Targett,u,has joined Middlesbrough on loan for the rest of the season.,,4.0,629,163.0,0.2,393,146.0,0.0,445.0,170.0,0,0,0.0,0,0.0,0,734,0.0,0.0,0.0,0.0,0.0,522.0,194.0,0.0,0.0,517.0,196.0,503.0,195.0,473.0,185.0,517.0,196.0,,,,,,,,0.0,0.0,0.0,0.0,0.0,0.0,0.0,0.0,0.0,15,0,0.0,0.0,0.0,0.0,0.0,0.0,0.0,0.0,0.0,0.0,0.0,0.0,0.0,0.0,0.0,861.0,0.0,0.0,0.0,0.0,0.0,0.0,0.0,0.0,0.0,0.0,0.0,0.0,0.0
485,Anthony,Gordon,Gordon,a,,,7.2,31,18.0,2.5,115,39.0,4.2,69.0,34.0,10,0,0.0,-3,3.0,93602,12149,0.6,4.0,4.2,4.2,2.9,185.0,83.0,100.0,100.0,227.0,98.0,113.0,80.0,69.0,40.0,140.0,71.0,,,2.0,,,,,0.48,0.21,0.69,0.89,0.0,0.64,1.45,1.29,4.51,15,10,73.0,1.0,0.0,1.0,0.0,0.0,0.0,0.0,0.0,0.0,0.0,1.0,2.0,32.0,112273.0,13527.0,0.0,0.8500000000000001,0.51,1.3600000000000003,0.5499999999999998,41.0,28.900000000000006,26.0,9.600000000000001,0.0,3.0,2.0,5.0
222,Mike,Penders,Penders,u,Has joined RC Strasbourg on loan for the rest of the season.,,4.0,664,60.0,0.0,743,85.0,0.0,476.0,69.0,0,0,0.0,0,0.0,0,6,0.0,0.0,0.0,0.0,0.0,552.0,75.0,0.0,0.0,547.0,75.0,533.0,63.0,504.0,49.0,547.0,75.0,,,,,,,,0.0,0.0,0.0,0.0,0.0,0.0,0.0,0.0,0.0,15,0,0.0,0.0,0.0,0.0,0.0,0.0,0.0,0.0,0.0,0.0,0.0,0.0,0.0,0.0,0.0,6.0,0.0,0.0,0.0,0.0,0.0,0.0,0.0,0.0,0.0,0.0,0.0,0.0,0.0
258,Tyrick,Mitchell,Mitchell,a,,,5.0,259,41.0,2.5,118,44.0,3.8,76.0,26.0,2,0,0.0,0,0.0,10623,31796,0.8,14.0,3.3,3.8,4.7,31.0,16.0,,,56.0,23.0,64.0,15.0,160.0,30.0,69.0,16.0,,,,,,,,0.03,0.06,0.09,1.18,0.0,0.47,0.8,1.0,7.63,15,2,90.0,0.0,0.0,0.0,1.0,0.0,0.0,0.0,0.0,0.0,0.0,1.0,0.0,13.0,13248.0,34827.0,0.0,0.0,0.10000000000000009,0.10000000000000009,0.7600000000000016,22.19999999999999,20.400000000000006,0.0,4.299999999999997,3.0,5.0,2.0,8.0
352,Jack,Harrison,Harrison,a,,,5.1,233,144.0,0.1,555,206.0,0.0,702.0,303.0,0,0,0.0,-4,4.0,187,315,0.0,2.2,0.0,-0.5,1.1,384.0,181.0,100.0,100.0,366.0,167.0,255.0,152.0,276.0,147.0,339.0,165.0,4.0,,,,,,,0.1,0.08,0.18,1.29,0.0,0.0,1.72,0.34,8.28,15,0,0.0,0.0,0.0,0.0,0.0,0.0,0.0,0.0,0.0,0.0,0.0,0.0,0.0,0.0,224.0,378.0,0.0,0.0,0.0,0.0,0.0,0.0,0.0,0.0,0.0,0.0,0.0,0.0,0.0
354,Ethan,Ampadu,Ampadu,a,,,4.9,298,185.0,0.1,511,177.0,3.0,123.0,55.0,2,0,0.0,-1,1.0,755,728,0.6,7.3,3.0,2.5,2.8,190.0,85.0,100.0,100.0,152.0,58.0,147.0,103.0,302.0,159.0,207.0,104.0,,,,,,,,0.04,0.03,0.07,1.46,0.0,0.08,1.89,1.02,11.73,15,2,86.0,0.0,0.0,0.0,3.0,0.0,0.0,0.0,0.0,0.0,0.0,1.0,0.0,15.0,925.0,807.0,0.0,0.0,0.04999999999999999,0.050000000000000044,1.879999999999999,9.0,2.0,0.0,1.0999999999999979,1.0,3.0,4.0,8.0
486,Anthony,Elanga,Elanga,a,,,6.6,51,34.0,3.0,104,35.0,2.2,177.0,81.0,2,0,0.0,-4,4.0,1303,11150,0.3,3.8,2.2,2.2,1.7,332.0,151.0,,,297.0,133.0,107.0,77.0,146.0,86.0,211.0,107.0,,,,,,,,0.15,0.07,0.22,1.29,0.0,0.3,1.95,0.9,3.15,15,2,90.0,0.0,0.0,0.0,1.0,0.0,0.0,0.0,0.0,0.0,0.0,1.0,0.0,7.0,2031.0,13205.0,0.0,0.18000000000000005,0.03999999999999998,0.21999999999999997,1.6099999999999994,5.799999999999997,5.5,15.0,2.6000000000000014,1.0,0.0,0.0,1.0
487,Harvey,Barnes,Barnes,a,,,6.4,61,40.0,1.9,134,45.0,5.0,40.0,18.0,0,0,0.0,-1,1.0,16742,117270,0.8,6.9,5.0,5.0,3.1,160.0,72.0,,,183.0,73.0,90.0,65.0,38.0,22.0,80.0,48.0,,,,,,,,0.4,0.19,0.59,1.0,0.0,0.4,1.05,0.92,4.48,15,0,0.0,0.0,0.0,0.0,0.0,0.0,0.0,0.0,0.0,0.0,0.0,0.0,0.0,0.0,42370.0,122482.0,0.0,0.0,0.0,0.0,0.0,0.0,0.0,0.0,0.0,0.0,0.0,0.0,0.0
488,Bruno,Guimarães Rodriguez Moura,Bruno G.,a,,,7.0,36,21.0,14.3,27,10.0,7.8,4.0,4.0,10,2,-2.0,5,-5.0,609107,37971,1.1,11.6,7.8,7.8,5.8,10.0,4.0,,,26.0,7.0,26.0,25.0,76.0,45.0,24.0,19.0,,,,,,,,0.16,0.1,0.26,1.19,0.0,0.3,1.41,0.97,8.86,15,10,90.0,1.0,0.0,0.0,1.0,0.0,0.0,0.0,0.0,0.0,0.0,1.0,3.0,44.0,750310.0,40782.0,0.0,0.14000000000000012,0.24,0.3799999999999999,1.6099999999999994,47.599999999999966,19.200000000000045,26.0,9.300000000000011,1.0,0.0,6.0,7.0
489,Jacob,Murphy,J.Murphy,a,,,6.1,84,55.0,0.9,196,66.0,1.2,265.0,124.0,0,0,0.0,-4,4.0,2759,21117,0.2,6.7,1.2,1.2,3.4,126.0,57.0,,,168.0,67.0,58.0,44.0,37.0,21.0,55.0,35.0,,,,,,,,0.3,0.18,0.48,1.12,0.0,0.62,0.75,1.12,3.74,15,0,0.0,0.0,0.0,0.0,0.0,0.0,0.0,0.0,0.0,0.0,0.0,0.0,0.0,0.0,5086.0,23399.0,0.0,0.0,0.0,0.0,0.0,0.0,0.0,0.0,0.0,0.0,0.0,0.0,0.0
490,Joelinton Cássio,Apolinário de Lira,Joelinton,d,Groin Injury - 75% chance of playing,,5.9,96,62.0,0.3,314,108.0,2.5,166.0,76.0,1,0,0.0,-1,1.0,1387,4684,0.4,5.3,1.9,2.5,2.4,236.0,105.0,75.0,100.0,251.0,111.0,128.0,91.0,104.0,61.0,186.0,95.0,,,,,,,,0.07,0.05,0.12,1.19,0.0,0.29,1.25,1.16,10.3,15,1,16.0,0.0,0.0,0.0,1.0,0.0,0.0,0.0,0.0,0.0,0.0,0.0,0.0,6.0,2344.0,4960.0,0.0,0.0,0.010000000000000009,0.010000000000000009,1.0600000000000005,4.3999999999999915,12.799999999999997,0.0,1.7000000000000028,1.0,0.0,2.0,3.0
492,Antoñito,Cordero Campillo,Antoñito C.,u,has joined KVC Westerlo on loan for the rest of the season.,,4.9,338,211.0,0.0,648,265.0,0.0,686.0,292.0,0,0,0.0,-1,1.0,0,23,0.0,0.0,0.0,0.0,0.0,715.0,309.0,0.0,0.0,717.0,309.0,713.0,309.0,706.0,307.0,717.0,309.0,,,,,,,,0.0,0.0,0.0,0.0,0.0,0.0,0.0,0.0,0.0,15,0,0.0,0.0,0.0,0.0,0.0,0.0,0.0,0.0,0.0,0.0,0.0,0.0,0.0,0.0,0.0,28.0,0.0,0.0,0.0,0.0,0.0,0.0,0.0,0.0,0.0,0.0,0.0,0.0,0.0
494,Joe,Willock,Willock,a,,,5.0,246,151.0,0.1,521,184.0,1.2,257.0,118.0,3,0,0.0,0,0.0,284,387,0.2,2.0,1.2,1.2,1.7,325.0,149.0,100.0,100.0,376.0,171.0,297.0,168.0,326.0,169.0,372.0,177.0,,,,,,,,0.08,0.04,0.12,1.55,0.0,0.97,0.97,0.97,8.76,15,3,62.0,0.0,0.0,1.0,0.0,0.0,0.0,0.0,0.0,0.0,0.0,1.0,0.0,14.0,367.0,439.0,0.0,0.08000000000000002,0.020000000000000004,0.1,0.5499999999999998,7.200000000000003,14.900000000000002,5.0,2.7,2.0,1.0,0.0,3.0
497,Lewis,Miley,L.Miley,a,,,4.4,525,308.0,2.2,123,42.0,4.5,52.0,25.0,1,0,0.0,-1,1.0,29462,29716,1.0,7.3,4.5,4.5,2.9,178.0,78.0,100.0,100.0,216.0,92.0,133.0,95.0,200.0,114.0,205.0,103.0,,,,,,,,0.08,0.16,0.24,1.12,0.0,0.19,1.12,0.75,8.06,15,1,27.0,0.0,0.0,0.0,1.0,0.0,0.0,0.0,0.0,0.0,0.0,0.0,0.0,4.0,36496.0,31643.0,0.0,0.0,0.020000000000000018,0.020000000000000018,1.0600000000000005,5.199999999999989,11.599999999999994,2.0,1.9000000000000021,0.0,1.0,0.0,1.0
498,Joe,White,White,u,Has joined Leyton Orient on loan for the rest of the season.,,4.5,426,255.0,0.0,725,317.0,0.0,595.0,226.0,0,0,0.0,0,0.0,0,10,0.0,0.0,0.0,0.0,0.0,648.0,258.0,0.0,0.0,645.0,254.0,637.0,253.0,624.0,251.0,646.0,255.0,,,,,,,,0.0,0.0,0.0,0.0,0.0,0.0,0.0,0.0,0.0,15,0,0.0,0.0,0.0,0.0,0.0,0.0,0.0,0.0,0.0,0.0,0.0,0.0,0.0,0.0,0.0,10.0,0.0,0.0,0.0,0.0,0.0,0.0,0.0,0.0,0.0,0.0,0.0,0.0,0.0
500,William,Osula,Osula,d,Ankle injury - 25% chance of playing,,5.4,181,42.0,0.2,358,56.0,0.0,723.0,74.0,0,0,0.0,-1,1.0,53,1117,0.0,3.3,0.0,0.0,1.8,308.0,33.0,25.0,0.0,346.0,35.0,348.0,42.0,194.0,38.0,335.0,40.0,,,,,,,,0.27,0.01,0.28,1.38,0.0,0.42,1.69,0.42,3.38,15,0,0.0,0.0,0.0,0.0,0.0,0.0,0.0,0.0,0.0,0.0,0.0,0.0,0.0,0.0,57.0,1304.0,0.0,0.0,0.0,0.0,0.0,0.0,0.0,0.0,0.0,0.0,0.0,0.0,0.0
674,Aaron,Ramsdale,Ramsdale,a,,,4.8,351,14.0,1.0,188,25.0,1.2,256.0,20.0,2,0,0.0,-2,2.0,7628,11279,0.3,1.0,1.2,1.2,1.2,376.0,28.0,,,353.0,28.0,692.0,82.0,681.0,75.0,401.0,28.0,,,,,,,,0.0,0.0,0.0,1.64,1.27,0.0,1.91,0.95,0.0,15,2,90.0,0.0,0.0,0.0,1.0,0.0,0.0,0.0,0.0,0.0,2.0,1.0,0.0,13.0,23700.0,11736.0,0.0,0.0,0.0,0.0,1.6099999999999999,18.2,0.0,0.0,1.7999999999999998,0.0,2.0,16.0,0.0
714,Nick,Woltemade,Woltemade,a,,,7.5,22,8.0,22.0,16,4.0,4.0,71.0,7.0,2,0,0.0,5,-5.0,185812,364212,0.5,7.5,4.0,4.0,4.7,37.0,3.0,,,114.0,8.0,124.0,7.0,30.0,13.0,52.0,9.0,,,3.0,,,,,0.45,0.04,0.49,1.19,0.0,0.47,1.14,1.14,4.74,15,2,73.0,0.0,0.0,1.0,0.0,0.0,0.0,0.0,0.0,0.0,0.0,1.0,0.0,6.0,315671.0,371865.0,0.0,0.20999999999999996,0.0,0.20999999999999996,0.5499999999999989,3.5999999999999943,5.1000000000000085,5.0,1.3999999999999986,0.0,2.0,1.0,3.0
12,Oleksandr,Zinchenko,Zinchenko,a,,,4.9,302,50.0,0.2,361,131.0,0.0,670.0,238.0,0,0,0.0,-1,1.0,238,486,0.0,1.0,0.0,0.0,1.7,324.0,116.0,100.0,25.0,310.0,115.0,246.0,72.0,325.0,110.0,323.0,110.0,,,,,,,,0.01,0.11,0.12,1.23,0.0,0.0,1.42,1.07,7.47,15,0,0.0,0.0,0.0,0.0,0.0,0.0,0.0,0.0,0.0,0.0,0.0,0.0,0.0,0.0,241.0,571.0,0.0,0.0,0.0,0.0,0.0,0.0,0.0,0.0,0.0,0.0,0.0,0.0,0.0
426,James,McAtee,McAtee,a,,,5.1,235,145.0,0.1,479,160.0,0.2,367.0,174.0,0,0,0.0,-4,4.0,152,486,0.0,1.0,0.2,0.2,1.0,428.0,202.0,,,398.0,183.0,275.0,161.0,348.0,179.0,377.0,180.0,,,,,,,,0.01,0.12,0.13,1.96,0.0,0.0,4.12,0.69,6.18,15,0,0.0,0.0,0.0,0.0,0.0,0.0,0.0,0.0,0.0,0.0,0.0,0.0,0.0,0.0,189.0,564.0,0.0,0.0,0.0,0.0,0.0,0.0,0.0,0.0,0.0,0.0,0.0,0.0,0.0
502,Matz,Sels,Sels,d,Groin Injury - 75% chance of playing,,4.7,367,16.0,7.1,63,10.0,4.2,64.0,6.0,2,0,0.0,-3,3.0,5106,81692,0.9,8.5,3.2,4.2,2.7,207.0,20.0,75.0,,20.0,6.0,370.0,8.0,671.0,72.0,176.0,6.0,,,,,,,,0.0,0.0,0.0,1.45,3.13,0.13,1.67,1.0,0.0,15,2,90.0,0.0,0.0,0.0,3.0,0.0,0.0,0.0,0.0,0.0,3.0,1.0,0.0,3.0,10277.0,87973.0,0.0,0.0,0.0,0.0,1.1199999999999974,22.400000000000034,0.0,0.0,2.1999999999999957,0.0,1.0,5.0,0.0
505,Nikola,Milenković,Milenković,a,,,5.1,234,35.0,3.5,96,35.0,3.8,77.0,27.0,0,-1,1.0,-4,4.0,4259,35872,0.7,6.7,3.8,3.8,2.3,248.0,92.0,,,92.0,39.0,307.0,99.0,192.0,43.0,180.0,61.0,,,,,,,,0.04,0.02,0.06,1.45,0.0,0.13,1.67,1.0,7.67,15,0,90.0,0.0,0.0,0.0,3.0,1.0,0.0,0.0,1.0,0.0,0.0,1.0,0.0,-4.0,6422.0,39963.0,0.0,0.030000000000000027,0.0,0.030000000000000027,1.1199999999999974,17.799999999999983,0.6999999999999993,8.0,2.6999999999999957,0.0,11.0,4.0,11.0
506,Murillo,Costa dos Santos,Murillo,a,,,5.2,225,34.0,1.8,137,55.0,4.2,66.0,23.0,0,-1,1.0,-3,3.0,3393,21986,0.8,5.8,4.2,3.2,3.3,133.0,51.0,100.0,75.0,128.0,54.0,313.0,102.0,277.0,85.0,237.0,76.0,,3.0,,,,,,0.03,0.03,0.06,1.43,0.0,0.12,1.58,1.1,9.62,15,0,0.0,0.0,0.0,0.0,0.0,0.0,0.0,0.0,0.0,0.0,0.0,0.0,0.0,0.0,3500.0,26247.0,0.0,0.0,0.0,0.0,0.0,0.0,0.0,0.0,0.0,0.0,0.0,0.0,0.0
507,Ola,Aina,Aina,i,Hamstring injury - Expected back 07 Feb,,4.7,370,64.0,2.1,129,50.0,0.0,644.0,231.0,0,0,0.0,-3,3.0,39,8657,0.0,1.3,0.0,0.0,2.0,282.0,101.0,0.0,0.0,323.0,118.0,296.0,94.0,336.0,116.0,349.0,116.0,,,,,,,,0.01,0.11,0.12,1.67,0.0,0.0,1.67,1.0,7.33,15,0,0.0,0.0,0.0,0.0,0.0,0.0,0.0,0.0,0.0,0.0,0.0,0.0,0.0,0.0,43.0,10196.0,0.0,0.0,0.0,0.0,0.0,0.0,0.0,0.0,0.0,0.0,0.0,0.0,0.0
508,Neco,Williams,N.Williams,a,,,4.7,373,65.0,3.4,98,37.0,5.8,20.0,10.0,1,0,0.0,-3,3.0,8967,33250,1.2,9.1,5.8,5.8,2.9,179.0,68.0,,,39.0,18.0,70.0,18.0,98.0,12.0,48.0,8.0,4.0,,,,,,,0.07,0.07,0.14,1.45,0.0,0.13,1.67,1.0,6.8,15,1,90.0,0.0,0.0,0.0,3.0,0.0,0.0,0.0,0.0,0.0,0.0,1.0,0.0,8.0,13696.0,37435.0,0.0,0.07000000000000006,0.10999999999999999,0.17999999999999972,1.1199999999999974,21.399999999999977,16.80000000000001,5.0,4.299999999999997,2.0,3.0,4.0,5.0
509,David,Mota Veiga Teixeira do Carmo,David Carmo,u,has joined Real Oviedo on loan for the rest of the season.,,4.5,422,86.0,0.0,647,223.0,0.0,592.0,227.0,0,0,0.0,0,0.0,0,20,0.0,0.0,0.0,0.0,0.0,645.0,237.0,0.0,0.0,642.0,238.0,633.0,238.0,620.0,236.0,643.0,238.0,,,,,,,,0.0,0.0,0.0,0.0,0.0,0.0,0.0,0.0,0.0,15,0,0.0,0.0,0.0,0.0,0.0,0.0,0.0,0.0,0.0,0.0,0.0,0.0,0.0,0.0,0.0,24.0,0.0,0.0,0.0,0.0,0.0,0.0,0.0,0.0,0.0,0.0,0.0,0.0,0.0
510,Jair,Paula da Cunha Filho,Jair Cunha,a,,,4.3,591,147.0,0.1,543,195.0,0.0,530.0,213.0,0,0,0.0,-2,2.0,92,236,0.0,0.7,0.0,0.0,3.0,166.0,64.0,,,373.0,137.0,420.0,156.0,557.0,224.0,417.0,148.0,,,,,,,,0.0,0.0,0.0,3.28,0.0,0.0,2.0,1.0,11.0,15,0,0.0,0.0,0.0,0.0,0.0,0.0,0.0,0.0,0.0,0.0,0.0,0.0,0.0,0.0,115.0,261.0,0.0,0.0,0.0,0.0,0.0,0.0,0.0,0.0,0.0,0.0,0.0,0.0,0.0
511,Felipe,Rodrigues da Silva,Morato,a,,,4.3,568,139.0,0.1,485,177.0,3.0,121.0,43.0,2,0,0.0,-2,2.0,542,588,0.7,4.7,3.0,3.0,2.2,256.0,96.0,,,179.0,78.0,374.0,128.0,372.0,133.0,291.0,101.0,,,,,,,,0.0,0.01,0.01,1.36,0.0,0.13,1.78,1.02,8.9,15,2,90.0,0.0,0.0,0.0,3.0,0.0,0.0,0.0,1.0,0.0,0.0,1.0,0.0,-2.0,823.0,685.0,0.0,0.0,0.0,0.0,1.1199999999999992,27.399999999999977,0.8000000000000007,0.0,2.799999999999999,2.0,9.0,1.0,11.0
512,Omar,Richards,O.Richards,u,has joined Rio Ave on loan for the rest of the season.,,4.5,408,79.0,0.0,653,224.0,0.0,583.0,225.0,0,0,0.0,0,0.0,0,25,0.0,0.0,0.0,0.0,0.0,637.0,235.0,0.0,0.0,634.0,236.0,625.0,236.0,610.0,233.0,635.0,236.0,,,,,,,,0.0,0.0,0.0,0.0,0.0,0.0,0.0,0.0,0.0,15,0,0.0,0.0,0.0,0.0,0.0,0.0,0.0,0.0,0.0,0.0,0.0,0.0,0.0,0.0,0.0,32.0,0.0,0.0,0.0,0.0,0.0,0.0,0.0,0.0,0.0,0.0,0.0,0.0,0.0
513,Zach,Abbott,Abbott,a,,,3.8,753,244.0,0.2,362,132.0,0.2,340.0,118.0,1,-1,1.0,-2,2.0,1765,857,0.1,0.3,0.2,0.2,1.0,389.0,137.0,,,396.0,145.0,415.0,152.0,415.0,160.0,423.0,151.0,,,,,,,,0.0,0.0,0.0,1.26,0.0,0.0,2.0,0.0,14.0,15,1,45.0,0.0,0.0,0.0,1.0,0.0,0.0,0.0,0.0,0.0,0.0,0.0,0.0,5.0,1913.0,935.0,0.0,0.0,0.0,0.0,0.63,15.6,0.6,0.0,1.6,1.0,6.0,1.0,7.0
517,Elliot,Anderson,Anderson,a,,,5.4,166,102.0,5.3,76,26.0,5.2,34.0,17.0,4,0,0.0,-1,1.0,41346,99280,1.0,11.5,5.2,5.2,4.1,75.0,33.0,,,31.0,9.0,6.0,6.0,90.0,56.0,17.0,15.0,2.0,,4.0,,,,,0.12,0.11,0.23,1.45,0.0,0.13,1.67,1.0,13.27,15,4,90.0,0.0,0.0,0.0,3.0,0.0,0.0,0.0,0.0,0.0,0.0,1.0,0.0,27.0,55298.0,109701.0,0.0,0.040000000000000036,0.030000000000000027,0.06999999999999984,1.1199999999999974,25.19999999999999,17.600000000000023,17.0,6.0,6.0,2.0,11.0,19.0
518,João Pedro,Ferreira da Silva,Jota,u,has joined Besiktas on loan for the rest of the season.,,5.4,178,110.0,0.0,596,229.0,0.0,721.0,316.0,0,0,0.0,-1,1.0,0,33,0.0,0.2,0.0,0.0,1.0,435.0,208.0,0.0,0.0,427.0,198.0,418.0,202.0,384.0,195.0,430.0,201.0,,,,,,,,0.0,0.0,0.0,0.0,0.0,0.0,0.0,0.0,24.55,15,0,0.0,0.0,0.0,0.0,0.0,0.0,0.0,0.0,0.0,0.0,0.0,0.0,0.0,0.0,0.0,40.0,0.0,0.0,0.0,0.0,0.0,0.0,0.0,0.0,0.0,0.0,0.0,0.0,0.0
519,Nicolás,Domínguez,Dominguez,a,,,5.0,260,160.0,0.0,682,289.0,1.5,232.0,108.0,1,0,0.0,0,0.0,70,160,0.3,1.6,1.5,1.5,1.1,383.0,180.0,100.0,100.0,350.0,159.0,193.0,126.0,358.0,185.0,330.0,160.0,3.0,,,,,,,0.13,0.08,0.21,1.18,0.0,0.37,1.48,1.48,9.22,15,1,28.0,0.0,0.0,0.0,1.0,0.0,0.0,0.0,0.0,0.0,0.0,0.0,0.0,3.0,90.0,185.0,0.0,0.29000000000000004,0.0,0.29000000000000004,0.41000000000000014,8.400000000000002,0.0,4.0,1.200000000000001,2.0,1.0,2.0,5.0
520,Lewis,O'Brien,O'Brien,u,Has joined Wrexham permanently.,,5.0,258,159.0,0.0,756,336.0,0.0,690.0,294.0,0,0,0.0,0,0.0,0,1,0.0,0.0,0.0,0.0,0.0,718.0,311.0,0.0,0.0,720.0,311.0,717.0,311.0,710.0,309.0,720.0,311.0,,,,,,,,0.0,0.0,0.0,0.0,0.0,0.0,0.0,0.0,0.0,15,0,0.0,0.0,0.0,0.0,0.0,0.0,0.0,0.0,0.0,0.0,0.0,0.0,0.0,0.0,0.0,1.0,0.0,0.0,0.0,0.0,0.0,0.0,0.0,0.0,0.0,0.0,0.0,0.0,0.0
521,Ibrahim,Sangaré,Sangaré,a,,,4.9,305,189.0,0.1,538,193.0,2.8,140.0,63.0,1,0,0.0,-1,1.0,217,543,0.6,5.9,2.8,2.8,2.4,233.0,103.0,,,199.0,81.0,239.0,146.0,206.0,117.0,241.0,122.0,,,,,,,,0.08,0.02,0.1,1.45,0.0,0.23,1.51,1.16,10.93,15,1,45.0,0.0,0.0,0.0,2.0,0.0,0.0,0.0,0.0,0.0,0.0,1.0,0.0,10.0,337.0,677.0,0.0,0.0,0.010000000000000009,0.010000000000000009,0.4800000000000004,6.400000000000006,2.0,0.0,0.7999999999999972,2.0,3.0,3.0,8.0
523,Eric,da Silva Moreira,Da Silva Moreira,u,has joined Rio Ave on loan for the rest of the season.,,4.5,455,275.0,0.1,550,201.0,0.0,617.0,245.0,0,0,0.0,0,0.0,0,193,0.0,0.0,0.0,0.0,0.0,669.0,276.0,0.0,0.0,667.0,273.0,659.0,272.0,646.0,270.0,668.0,274.0,,,,,,,,0.0,0.0,0.0,0.0,0.0,0.0,0.0,0.0,0.0,15,0,0.0,0.0,0.0,0.0,0.0,0.0,0.0,0.0,0.0,0.0,0.0,0.0,0.0,0.0,0.0,220.0,0.0,0.0,0.0,0.0,0.0,0.0,0.0,0.0,0.0,0.0,0.0,0.0,0.0
524,Marko,Stamenić,Stamenic,u,Has joined Swansea City permanently.,,4.5,436,261.0,0.0,662,274.0,0.0,602.0,232.0,0,0,0.0,0,0.0,0,63,0.0,0.0,0.0,0.0,0.0,655.0,264.0,0.0,0.0,652.0,260.0,644.0,259.0,631.0,257.0,653.0,261.0,,,,,,,,0.0,0.0,0.0,0.0,0.0,0.0,0.0,0.0,0.0,15,0,0.0,0.0,0.0,0.0,0.0,0.0,0.0,0.0,0.0,0.0,0.0,0.0,0.0,0.0,0.0,68.0,0.0,0.0,0.0,0.0,0.0,0.0,0.0,0.0,0.0,0.0,0.0,0.0,0.0
267,Ismaïla,Sarr,Sarr,d,Ankle injury - 75% chance of playing,,6.4,64,41.0,3.2,99,32.0,1.0,289.0,134.0,0,-1,1.0,-1,1.0,289,147293,0.2,7.8,0.4,0.0,4.5,48.0,20.0,75.0,0.0,143.0,55.0,119.0,86.0,60.0,35.0,96.0,57.0,,,,,,,,0.38,0.05,0.43,1.29,0.0,0.59,0.59,1.08,6.37,15,0,0.0,0.0,0.0,0.0,0.0,0.0,0.0,0.0,0.0,0.0,0.0,0.0,0.0,0.0,300.0,234955.0,0.0,0.0,0.0,0.0,0.0,0.0,0.0,0.0,0.0,0.0,0.0,0.0,0.0
298,Reece,Welch,Welch,a,,,3.8,745,236.0,0.1,409,154.0,0.0,381.0,138.0,0,-1,1.0,-2,2.0,423,481,0.0,0.0,0.0,0.0,0.0,462.0,165.0,,,458.0,168.0,441.0,166.0,408.0,153.0,457.0,167.0,,,,,,,,0.0,0.0,0.0,0.0,0.0,0.0,0.0,0.0,0.0,15,0,0.0,0.0,0.0,0.0,0.0,0.0,0.0,0.0,0.0,0.0,0.0,0.0,0.0,0.0,463.0,542.0,0.0,0.0,0.0,0.0,0.0,0.0,0.0,0.0,0.0,0.0,0.0,0.0,0.0
392,Endo,Wataru,Endo,i,Ankle injury - Unknown return date,,4.9,291,181.0,0.1,471,158.0,0.2,363.0,171.0,1,0,0.0,-1,1.0,205,345,0.0,1.4,0.0,0.7,1.4,359.0,167.0,0.0,100.0,364.0,165.0,360.0,188.0,688.0,294.0,395.0,187.0,,,,,,,,0.0,0.0,0.0,4.14,0.0,0.0,8.37,0.0,14.65,15,1,7.0,0.0,0.0,0.0,1.0,0.0,0.0,0.0,0.0,0.0,0.0,0.0,0.0,3.0,236.0,379.0,0.0,0.0,0.0,0.0,0.27,2.3999999999999986,0.1999999999999993,0.0,0.30000000000000027,1.0,0.0,0.0,1.0
393,Stefan,Bajčetić Maquieira,Bajcetic,i,Hamstring injury - Unknown return date,,4.3,584,327.0,0.0,602,233.0,0.0,524.0,183.0,0,0,0.0,-2,2.0,72,302,0.0,0.0,0.0,0.0,0.0,588.0,219.0,0.0,0.0,584.0,213.0,575.0,213.0,552.0,209.0,585.0,214.0,,,,,,,,0.0,0.0,0.0,0.0,0.0,0.0,0.0,0.0,0.0,15,0,0.0,0.0,0.0,0.0,0.0,0.0,0.0,0.0,0.0,0.0,0.0,0.0,0.0,0.0,82.0,354.0,0.0,0.0,0.0,0.0,0.0,0.0,0.0,0.0,0.0,0.0,0.0,0.0,0.0
525,Chris,Wood,Wood,i,Knee injury - Unknown return date,,7.2,29,12.0,5.2,78,13.0,0.0,750.0,80.0,0,0,0.0,-3,3.0,100,12759,0.0,3.5,0.0,0.0,3.1,163.0,15.0,0.0,0.0,292.0,26.0,253.0,27.0,67.0,24.0,223.0,26.0,,,1.0,,,,,0.47,0.02,0.49,1.31,0.0,0.17,1.34,1.17,2.34,15,0,0.0,0.0,0.0,0.0,0.0,0.0,0.0,0.0,0.0,0.0,0.0,0.0,0.0,0.0,127.0,15069.0,0.0,0.0,0.0,0.0,0.0,0.0,0.0,0.0,0.0,0.0,0.0,0.0,0.0
526,Igor Jesus,Maciel da Cruz,Igor Jesus,a,,,5.8,110,30.0,1.1,180,26.0,3.8,81.0,9.0,2,0,0.0,-2,2.0,23315,20122,0.7,5.0,3.8,3.8,2.1,273.0,30.0,,,262.0,23.0,222.0,23.0,33.0,14.0,146.0,19.0,,,3.0,,,,,0.33,0.02,0.35,1.68,0.0,0.27,2.03,0.95,5.41,15,2,90.0,0.0,0.0,0.0,3.0,0.0,0.0,0.0,0.0,0.0,0.0,1.0,0.0,11.0,30885.0,22735.0,0.0,0.07000000000000028,0.0,0.07000000000000028,1.120000000000001,10.399999999999991,10.5,34.0,5.5,2.0,2.0,1.0,5.0
693,Omari,Hutchinson,Hutchinson,a,,,5.4,177,109.0,0.1,565,210.0,3.2,114.0,53.0,2,0,0.0,-1,1.0,640,964,0.6,4.8,3.2,3.2,2.6,216.0,94.0,,,260.0,114.0,69.0,50.0,123.0,71.0,160.0,85.0,,,,,,,,0.25,0.36,0.61,1.78,0.0,0.24,1.41,0.47,6.36,15,2,90.0,0.0,0.0,0.0,3.0,0.0,0.0,0.0,0.0,0.0,0.0,1.0,0.0,1.0,1056.0,1148.0,0.0,0.0,0.010000000000000009,0.010000000000000231,1.12,0.0,1.200000000000017,0.0,0.0,1.0,0.0,3.0,4.0
696,Arnaud,Kalimuendo,Kalimuendo,a,,,6.0,92,27.0,0.1,422,59.0,0.2,372.0,43.0,0,0,0.0,0,0.0,591,839,0.0,1.2,0.2,0.2,1.0,440.0,52.0,,,432.0,48.0,339.0,41.0,306.0,47.0,394.0,46.0,,,,,,,,0.39,0.02,0.41,1.74,0.0,0.0,3.33,0.0,5.56,15,0,0.0,0.0,0.0,0.0,0.0,0.0,0.0,0.0,0.0,0.0,0.0,0.0,0.0,0.0,701.0,988.0,0.0,0.0,0.0,0.0,0.0,0.0,0.0,0.0,0.0,0.0,0.0,0.0,0.0
699,Douglas Luiz,Soares de Paulo,Douglas Luiz,a,,,4.9,312,192.0,0.0,609,238.0,0.0,672.0,281.0,0,0,0.0,-1,1.0,80,191,0.0,1.4,0.0,0.0,1.8,301.0,136.0,100.0,0.0,383.0,174.0,262.0,155.0,340.0,174.0,363.0,174.0,1.0,,,,,,,0.01,0.23,0.24,1.1,0.0,0.0,2.43,1.95,7.78,15,0,0.0,0.0,0.0,0.0,0.0,0.0,0.0,0.0,0.0,0.0,0.0,0.0,0.0,0.0,88.0,226.0,0.0,0.0,0.0,0.0,0.0,0.0,0.0,0.0,0.0,0.0,0.0,0.0,0.0
716,Nicolò,Savona,Savona,a,,,4.5,438,91.0,0.2,372,136.0,4.5,54.0,21.0,-1,0,0.0,0,0.0,1388,8248,1.0,6.7,4.5,4.5,3.0,168.0,66.0,,,167.0,71.0,208.0,57.0,161.0,31.0,195.0,66.0,,,,,,,,0.15,0.03,0.18,1.41,0.0,0.24,1.69,0.97,5.69,15,-1,45.0,0.0,0.0,0.0,2.0,0.0,0.0,0.0,1.0,0.0,0.0,1.0,0.0,-5.0,2732.0,9441.0,0.0,0.0,0.05000000000000002,0.050000000000000044,0.4800000000000004,10.599999999999994,15.700000000000003,0.0,2.6000000000000014,2.0,3.0,2.0,5.0
729,Luis Eduardo,Soares da Silva,Cuiabano,u,has joined Botafogo on loan for the rest of the season.,,4.5,454,94.0,0.0,758,250.0,0.0,616.0,229.0,0,0,0.0,0,0.0,0,0,0.0,0.0,0.0,0.0,0.0,668.0,239.0,0.0,0.0,666.0,240.0,658.0,240.0,645.0,238.0,667.0,240.0,,,,,,,,0.0,0.0,0.0,0.0,0.0,0.0,0.0,0.0,0.0,15,0,0.0,0.0,0.0,0.0,0.0,0.0,0.0,0.0,0.0,0.0,0.0,0.0,0.0,0.0,0.0,0.0,0.0,0.0,0.0,0.0,0.0,0.0,0.0,0.0,0.0,0.0,0.0,0.0,0.0
734,Dilane,Bakwa,Bakwa,a,,,5.9,102,68.0,0.0,699,299.0,0.0,738.0,328.0,0,0,0.0,-1,1.0,22,35,0.0,0.8,0.0,0.0,1.2,379.0,177.0,100.0,25.0,365.0,166.0,204.0,131.0,244.0,134.0,311.0,150.0,,,,,,,,0.07,0.14,0.21,1.69,0.0,0.0,2.09,1.05,6.8,15,0,0.0,0.0,0.0,0.0,0.0,0.0,0.0,0.0,0.0,0.0,0.0,0.0,0.0,0.0,31.0,50.0,0.0,0.0,0.0,0.0,0.0,0.0,0.0,0.0,0.0,0.0,0.0,0.0,0.0
530,Blondy,Nna Noukeu,Nna Noukeu,a,,,3.9,716,82.0,0.1,413,65.0,0.0,417.0,42.0,0,0,0.0,-1,1.0,362,891,0.0,0.0,0.0,-0.5,0.0,495.0,48.0,,,490.0,48.0,475.0,35.0,444.0,21.0,490.0,48.0,,,,,,,,0.0,0.0,0.0,0.0,0.0,0.0,0.0,0.0,0.0,15,0,0.0,0.0,0.0,0.0,0.0,0.0,0.0,0.0,0.0,0.0,0.0,0.0,0.0,0.0,834.0,970.0,0.0,0.0,0.0,0.0,0.0,0.0,0.0,0.0,0.0,0.0,0.0,0.0,0.0
531,Daniel,Ballard,Ballard,a,,,4.6,386,71.0,3.1,100,38.0,2.2,170.0,61.0,1,0,0.0,1,-1.0,23358,27591,0.5,12.6,2.2,1.7,4.5,44.0,21.0,100.0,100.0,32.0,13.0,212.0,59.0,61.0,4.0,62.0,13.0,,,,,,,,0.1,0.04,0.14,1.39,0.0,0.19,1.15,0.96,10.93,15,1,90.0,0.0,0.0,0.0,3.0,0.0,0.0,0.0,0.0,0.0,0.0,1.0,0.0,2.0,26642.0,31243.0,0.0,0.0,0.0,0.0,2.42,19.399999999999977,0.09999999999999432,2.0,2.1999999999999957,2.0,5.0,2.0,7.0
532,Trai,Hume,Hume,a,,,4.5,430,88.0,0.3,302,109.0,1.0,277.0,97.0,1,0,0.0,0,0.0,749,3461,0.2,10.0,1.0,0.5,3.0,167.0,65.0,,,129.0,55.0,85.0,21.0,222.0,59.0,133.0,48.0,2.0,,,,,,,0.04,0.05,0.09,1.33,0.0,0.28,1.06,0.99,6.44,15,1,87.0,0.0,0.0,0.0,3.0,0.0,0.0,0.0,0.0,0.0,0.0,1.0,0.0,3.0,881.0,4057.0,0.0,0.0,0.010000000000000009,0.010000000000000009,2.2699999999999996,12.200000000000017,1.6000000000000227,0.0,1.3999999999999986,5.0,2.0,3.0,7.0
533,Aji,Alese,Alese,i,Shoulder injury - Unknown return date,,4.0,631,165.0,0.0,734,248.0,0.0,446.0,171.0,0,0,0.0,0,0.0,23,30,0.0,0.0,0.0,0.0,0.0,523.0,195.0,0.0,0.0,518.0,197.0,504.0,196.0,474.0,186.0,518.0,197.0,,,,,,,,0.0,0.0,0.0,0.0,0.0,0.0,0.0,0.0,0.0,15,0,0.0,0.0,0.0,0.0,0.0,0.0,0.0,0.0,0.0,0.0,0.0,0.0,0.0,0.0,42.0,36.0,0.0,0.0,0.0,0.0,0.0,0.0,0.0,0.0,0.0,0.0,0.0,0.0,0.0
534,Joe,Anderson,Anderson,a,,,3.9,700,204.0,0.4,274,102.0,0.0,407.0,151.0,0,0,0.0,-1,1.0,625,2456,0.0,0.0,0.0,-0.5,0.0,485.0,176.0,,,481.0,179.0,465.0,177.0,434.0,166.0,480.0,178.0,,,,,,,,0.0,0.0,0.0,0.0,0.0,0.0,0.0,0.0,0.0,15,0,0.0,0.0,0.0,0.0,0.0,0.0,0.0,0.0,0.0,0.0,0.0,0.0,0.0,0.0,861.0,2774.0,0.0,0.0,0.0,0.0,0.0,0.0,0.0,0.0,0.0,0.0,0.0,0.0,0.0
535,Dennis,Cirkin,Cirkin,a,,,4.0,642,170.0,0.0,696,238.0,0.0,457.0,176.0,0,0,0.0,0,0.0,47,61,0.0,0.0,0.0,-0.1,0.0,534.0,200.0,100.0,25.0,529.0,202.0,515.0,201.0,485.0,191.0,529.0,202.0,,,,,,,,0.0,0.0,0.0,0.0,0.0,0.0,0.0,0.0,0.0,15,0,0.0,0.0,0.0,0.0,0.0,0.0,0.0,0.0,0.0,0.0,0.0,0.0,0.0,0.0,61.0,69.0,0.0,0.0,0.0,0.0,0.0,0.0,0.0,0.0,0.0,0.0,0.0,0.0,0.0
536,Leo Fuhr,Hjelde,Hjelde,d,Lack of match fitness - 25% chance of playing,,4.0,650,173.0,0.0,732,247.0,0.0,464.0,178.0,0,0,0.0,0,0.0,10,38,0.0,0.0,0.0,-0.1,0.0,541.0,202.0,25.0,25.0,536.0,204.0,522.0,203.0,492.0,193.0,536.0,204.0,,,,,,,,0.0,0.0,0.0,0.0,0.0,0.0,0.0,0.0,0.0,15,0,0.0,0.0,0.0,0.0,0.0,0.0,0.0,0.0,0.0,0.0,0.0,0.0,0.0,0.0,29.0,42.0,0.0,0.0,0.0,0.0,0.0,0.0,0.0,0.0,0.0,0.0,0.0,0.0,0.0
537,Niall,Huggins,Huggins,u,has joined Wycombe Wanderers on loan for the rest of the season.,,4.0,652,174.0,0.1,498,181.0,0.0,466.0,179.0,0,0,0.0,0,0.0,0,236,0.0,0.0,0.0,0.0,0.0,543.0,203.0,0.0,0.0,538.0,205.0,524.0,204.0,494.0,194.0,538.0,205.0,,,,,,,,0.0,0.0,0.0,0.0,0.0,0.0,0.0,0.0,0.0,15,0,0.0,0.0,0.0,0.0,0.0,0.0,0.0,0.0,0.0,0.0,0.0,0.0,0.0,0.0,0.0,277.0,0.0,0.0,0.0,0.0,0.0,0.0,0.0,0.0,0.0,0.0,0.0,0.0,0.0
538,Zak,Johnson,Johnson,a,,,3.9,721,216.0,0.2,340,122.0,0.0,422.0,157.0,0,0,0.0,-1,1.0,150,1338,0.0,0.0,0.0,-0.5,0.0,500.0,182.0,,,495.0,184.0,480.0,183.0,449.0,172.0,495.0,184.0,,,,,,,,0.0,0.0,0.0,0.0,0.0,0.0,0.0,0.0,0.0,15,0,0.0,0.0,0.0,0.0,0.0,0.0,0.0,0.0,0.0,0.0,0.0,0.0,0.0,0.0,395.0,1476.0,0.0,0.0,0.0,0.0,0.0,0.0,0.0,0.0,0.0,0.0,0.0,0.0,0.0
539,Luke,O'Nien,O'Nien,s,Suspended until 01 Jan,,4.0,628,162.0,0.1,566,204.0,-0.2,756.0,249.0,-2,0,0.0,0,0.0,135,889,0.0,-0.2,0.0,-0.7,-0.5,758.0,249.0,0.0,100.0,430.0,155.0,419.0,155.0,472.0,184.0,441.0,156.0,,,,,,,,0.0,0.0,0.0,6.52,0.0,0.0,0.0,0.0,45.0,15,-2,3.0,0.0,0.0,0.0,0.0,0.0,0.0,0.0,0.0,1.0,0.0,0.0,0.0,-7.0,226.0,927.0,0.0,0.0,0.0,0.0,0.14999999999999997,0.0,0.4,0.0,0.0,0.0,0.0,0.0,0.0
540,Timothée,Pembélé,Pembele,a,,,3.9,709,211.0,0.4,282,104.0,0.0,412.0,154.0,0,0,0.0,-1,1.0,134,2387,0.0,0.0,0.0,-0.5,0.0,490.0,179.0,,,485.0,181.0,470.0,180.0,439.0,169.0,485.0,181.0,,,,,,,,0.0,0.0,0.0,0.0,0.0,0.0,0.0,0.0,0.0,15,0,0.0,0.0,0.0,0.0,0.0,0.0,0.0,0.0,0.0,0.0,0.0,0.0,0.0,0.0,492.0,2586.0,0.0,0.0,0.0,0.0,0.0,0.0,0.0,0.0,0.0,0.0,0.0,0.0,0.0
541,Reinildo,Mandava,Reinildo,a,,,3.9,702,206.0,3.7,94,33.0,2.2,167.0,58.0,0,-1,1.0,-1,1.0,4400,52527,0.6,6.9,2.2,1.7,2.5,220.0,79.0,100.0,100.0,178.0,77.0,299.0,95.0,298.0,97.0,262.0,89.0,,,,,,,,0.01,0.01,0.02,1.33,0.0,0.19,1.16,1.06,7.92,15,0,0.0,0.0,0.0,0.0,0.0,0.0,0.0,0.0,0.0,0.0,0.0,0.0,0.0,0.0,6368.0,55838.0,0.0,0.0,0.0,0.0,0.0,0.0,0.0,0.0,0.0,0.0,0.0,0.0,0.0
543,Simon,Adingra,Adingra,a,,,4.9,334,207.0,0.4,264,94.0,0.5,323.0,152.0,1,-1,1.0,-6,6.0,284,2604,0.1,3.3,0.5,0.0,1.8,302.0,137.0,,,370.0,169.0,185.0,123.0,347.0,178.0,337.0,163.0,,,,,,,,0.04,0.07,0.11,1.25,0.0,0.57,1.42,1.14,5.13,15,1,18.0,0.0,0.0,0.0,0.0,0.0,0.0,0.0,0.0,0.0,0.0,0.0,0.0,2.0,350.0,3231.0,0.0,0.0,0.0,0.0,0.5599999999999996,0.0,1.0,0.0,0.09999999999999964,0.0,1.0,0.0,1.0
545,Patrick,Roberts,Roberts,u,has joined Birmingham City on loan for the rest of the season.,,5.4,155,97.0,0.0,686,291.0,0.0,713.0,311.0,0,0,0.0,-1,1.0,0,14,0.0,0.2,0.0,0.0,1.0,434.0,207.0,0.0,0.0,439.0,203.0,380.0,192.0,374.0,191.0,427.0,198.0,,,,,,,,0.1,0.07,0.17,2.2,0.0,0.0,3.33,0.0,3.33,15,0,0.0,0.0,0.0,0.0,0.0,0.0,0.0,0.0,0.0,0.0,0.0,0.0,0.0,0.0,0.0,18.0,0.0,0.0,0.0,0.0,0.0,0.0,0.0,0.0,0.0,0.0,0.0,0.0,0.0
546,Milan,Aleksić,Aleksić,u,has joined Cracovia on loan for the rest of the season.,,4.9,337,210.0,0.0,674,284.0,0.0,685.0,291.0,0,0,0.0,-1,1.0,0,22,0.0,0.0,0.0,0.0,0.0,714.0,308.0,0.0,0.0,716.0,308.0,712.0,308.0,705.0,306.0,716.0,308.0,,,,,,,,0.0,0.0,0.0,0.0,0.0,0.0,0.0,0.0,0.0,15,0,0.0,0.0,0.0,0.0,0.0,0.0,0.0,0.0,0.0,0.0,0.0,0.0,0.0,0.0,0.0,23.0,0.0,0.0,0.0,0.0,0.0,0.0,0.0,0.0,0.0,0.0,0.0,0.0,0.0
547,Enzo,Le Fée,E.Le Fée,a,,,4.9,328,203.0,0.6,239,80.0,5.5,27.0,14.0,2,0,0.0,-1,1.0,14726,6981,1.1,11.4,5.5,5.0,4.0,81.0,37.0,100.0,100.0,106.0,36.0,41.0,35.0,159.0,97.0,65.0,41.0,3.0,2.0,2.0,,,,,0.16,0.08,0.24,1.41,0.0,0.26,1.22,1.04,9.65,15,2,90.0,0.0,0.0,0.0,3.0,0.0,0.0,0.0,0.0,0.0,0.0,1.0,0.0,16.0,18095.0,7596.0,0.0,0.019999999999999796,0.010000000000000009,0.03000000000000025,2.419999999999998,9.599999999999994,5.599999999999994,1.0,1.6000000000000014,5.0,0.0,5.0,10.0
548,Romaine,Mundle,Mundle,a,,,4.9,323,199.0,0.0,723,315.0,0.2,365.0,172.0,1,0,0.0,-1,1.0,56,43,0.0,0.2,0.2,-0.3,0.5,454.0,213.0,100.0,100.0,441.0,204.0,386.0,195.0,373.0,190.0,429.0,200.0,,3.0,,,,,,0.08,0.45,0.53,1.49,0.0,0.0,0.0,0.0,12.27,15,1,17.0,0.0,0.0,0.0,0.0,0.0,0.0,0.0,0.0,0.0,0.0,0.0,0.0,1.0,69.0,48.0,0.0,0.04,0.010000000000000009,0.05000000000000002,0.5599999999999999,0.0,0.8999999999999995,3.0,0.19999999999999996,0.0,0.0,2.0,2.0
549,Dan,Neil,Neil,a,,,4.8,350,219.0,0.0,624,251.0,0.0,654.0,271.0,0,0,0.0,-2,2.0,42,183,0.0,0.4,0.0,-0.5,1.0,418.0,195.0,,,437.0,202.0,691.0,295.0,680.0,292.0,447.0,206.0,,,,,,,,0.0,0.0,0.0,9.0,0.0,0.0,0.0,0.0,90.0,15,0,0.0,0.0,0.0,0.0,0.0,0.0,0.0,0.0,0.0,0.0,0.0,0.0,0.0,0.0,99.0,207.0,0.0,0.0,0.0,0.0,0.0,0.0,0.0,0.0,0.0,0.0,0.0,0.0,0.0
551,Chris,Rigg,Rigg,a,,,4.7,381,236.0,0.0,585,221.0,0.0,647.0,266.0,0,-1,1.0,-3,3.0,57,313,0.0,1.7,0.0,-0.5,1.3,366.0,169.0,,,413.0,190.0,315.0,175.0,355.0,182.0,393.0,186.0,,,,,,,,0.06,0.03,0.09,0.62,0.0,0.48,0.0,1.45,5.81,15,0,0.0,0.0,0.0,0.0,0.0,0.0,0.0,0.0,0.0,0.0,0.0,0.0,0.0,0.0,90.0,349.0,0.0,0.0,0.0,0.0,0.0,0.0,0.0,0.0,0.0,0.0,0.0,0.0,0.0
552,Noah,Sadiki,Sadiki,a,,,5.0,280,174.0,0.1,534,191.0,2.0,187.0,82.0,2,0,0.0,0,0.0,314,654,0.4,6.8,2.0,1.5,2.3,247.0,110.0,100.0,100.0,200.0,82.0,96.0,70.0,272.0,144.0,194.0,98.0,,,,,,,,0.02,0.05,0.07,1.35,0.0,0.27,1.16,1.02,7.55,15,2,71.0,0.0,0.0,0.0,3.0,0.0,0.0,0.0,0.0,0.0,0.0,1.0,0.0,9.0,394.0,767.0,0.0,0.06,0.0,0.05999999999999994,1.860000000000003,9.600000000000023,0.5,1.0,1.1000000000000014,0.0,4.0,3.0,7.0
553,Chemsdine,Talbi,Talbi,a,,,5.0,276,171.0,0.2,349,119.0,3.5,92.0,43.0,1,0,0.0,0,0.0,1707,3177,0.7,9.6,3.5,3.0,3.2,144.0,64.0,,,221.0,95.0,130.0,93.0,118.0,67.0,179.0,91.0,,,,,,,,0.13,0.04,0.17,1.5,0.0,0.45,0.9,0.9,5.63,15,1,34.0,0.0,0.0,0.0,1.0,0.0,0.0,0.0,0.0,0.0,0.0,0.0,0.0,7.0,2251.0,3448.0,0.0,0.0,0.040000000000000036,0.040000000000000036,1.4399999999999995,7.599999999999994,24.69999999999999,0.0,3.1999999999999957,1.0,1.0,2.0,4.0
554,Abdoullah,Ba,Ba,a,,,4.3,567,321.0,0.5,254,88.0,0.0,514.0,179.0,0,0,0.0,-2,2.0,1566,7113,0.0,0.0,0.0,-0.5,0.0,579.0,215.0,,,574.0,208.0,564.0,208.0,541.0,204.0,575.0,209.0,,,,,,,,0.0,0.0,0.0,0.0,0.0,0.0,0.0,0.0,0.0,15,0,0.0,0.0,0.0,0.0,0.0,0.0,0.0,0.0,0.0,0.0,0.0,0.0,0.0,0.0,2238.0,7881.0,0.0,0.0,0.0,0.0,0.0,0.0,0.0,0.0,0.0,0.0,0.0,0.0,0.0
306,Callum,Bates,Bates,a,,,4.4,526,309.0,0.1,516,179.0,0.0,563.0,204.0,0,0,0.0,-1,1.0,230,475,0.0,0.0,0.0,0.0,0.0,619.0,239.0,,,614.0,233.0,605.0,233.0,586.0,229.0,615.0,234.0,,,,,,,,0.0,0.0,0.0,0.0,0.0,0.0,0.0,0.0,0.0,15,0,0.0,0.0,0.0,0.0,0.0,0.0,0.0,0.0,0.0,0.0,0.0,0.0,0.0,0.0,294.0,517.0,0.0,0.0,0.0,0.0,0.0,0.0,0.0,0.0,0.0,0.0,0.0,0.0,0.0
332,Saša,Lukić,Lukić,a,,,5.0,250,154.0,0.1,532,189.0,0.8,300.0,138.0,1,0,0.0,0,0.0,269,493,0.2,6.0,0.8,0.8,2.5,226.0,100.0,100.0,100.0,198.0,80.0,45.0,38.0,188.0,111.0,111.0,63.0,1.0,,,,,,,0.16,0.12,0.28,1.54,0.0,0.12,1.66,1.19,9.62,15,1,14.0,0.0,0.0,0.0,1.0,0.0,0.0,0.0,0.0,0.0,0.0,0.0,0.0,5.0,292.0,562.0,0.0,0.0,0.0,0.0,0.6799999999999997,1.4000000000000057,0.30000000000001137,0.0,0.19999999999999574,0.0,1.0,3.0,4.0
423,Nico,González Iglesias,N.Gonzalez,a,,,5.9,100,66.0,0.1,417,136.0,2.8,149.0,67.0,3,0,0.0,-1,1.0,953,2635,0.5,6.6,3.3,3.3,2.8,197.0,89.0,100.0,100.0,130.0,49.0,118.0,85.0,230.0,128.0,152.0,80.0,,,,,,,,0.05,0.05,0.1,1.06,0.0,0.46,1.01,0.92,11.24,15,3,90.0,0.0,0.0,1.0,0.0,0.0,0.0,0.0,0.0,0.0,0.0,1.0,0.0,13.0,1361.0,3024.0,0.0,0.09000000000000002,0.04999999999999993,0.14000000000000012,0.7099999999999991,9.800000000000011,15.099999999999994,2.0,2.700000000000003,1.0,2.0,5.0,8.0
425,Claudio,Echeverri,Echeverri,u,Has joined Bayer Leverkusen on loan for the rest of the season.,,5.4,182,113.0,0.0,702,301.0,0.0,724.0,318.0,0,0,0.0,-1,1.0,0,6,0.0,0.0,0.0,0.0,0.0,740.0,326.0,0.0,0.0,742.0,326.0,741.0,326.0,737.0,325.0,742.0,326.0,,,,,,,,0.0,0.0,0.0,0.0,0.0,0.0,0.0,0.0,0.0,15,0,0.0,0.0,0.0,0.0,0.0,0.0,0.0,0.0,0.0,0.0,0.0,0.0,0.0,0.0,0.0,7.0,0.0,0.0,0.0,0.0,0.0,0.0,0.0,0.0,0.0,0.0,0.0,0.0,0.0
555,Alan,Browne,Browne,u,has joined Middlesbrough on loan for the rest of the season.,,4.5,403,245.0,0.0,618,246.0,0.0,581.0,216.0,0,0,0.0,0,0.0,0,119,0.0,0.0,0.0,0.0,0.0,635.0,249.0,0.0,0.0,632.0,245.0,622.0,244.0,605.0,241.0,633.0,246.0,,,,,,,,0.0,0.0,0.0,0.0,0.0,0.0,0.0,0.0,0.0,15,0,0.0,0.0,0.0,0.0,0.0,0.0,0.0,0.0,0.0,0.0,0.0,0.0,0.0,0.0,0.0,140.0,0.0,0.0,0.0,0.0,0.0,0.0,0.0,0.0,0.0,0.0,0.0,0.0,0.0
556,Pierre,Ekwah Elimby,Ekwah,u,Has joined AS Saint-Etienne permanently.,,4.5,424,253.0,0.0,722,314.0,0.0,593.0,224.0,0,0,0.0,0,0.0,0,24,0.0,0.0,0.0,0.0,0.0,646.0,256.0,0.0,0.0,643.0,252.0,635.0,251.0,622.0,249.0,644.0,253.0,,,,,,,,0.0,0.0,0.0,0.0,0.0,0.0,0.0,0.0,0.0,15,0,0.0,0.0,0.0,0.0,0.0,0.0,0.0,0.0,0.0,0.0,0.0,0.0,0.0,0.0,0.0,25.0,0.0,0.0,0.0,0.0,0.0,0.0,0.0,0.0,0.0,0.0,0.0,0.0,0.0
558,Jay,Matete,Matete,a,,,4.3,572,324.0,0.2,366,124.0,0.0,517.0,181.0,0,-1,1.0,-2,2.0,1353,1521,0.0,0.0,0.0,-0.5,0.0,582.0,217.0,,,577.0,210.0,567.0,210.0,544.0,206.0,578.0,211.0,,,,,,,,0.0,0.0,0.0,0.0,0.0,0.0,0.0,0.0,0.0,15,0,0.0,0.0,0.0,0.0,0.0,0.0,0.0,0.0,0.0,0.0,0.0,0.0,0.0,0.0,1490.0,1722.0,0.0,0.0,0.0,0.0,0.0,0.0,0.0,0.0,0.0,0.0,0.0,0.0,0.0
559,Nectarios,Triantis,Triantis,u,has joined Minnesota United permanently.,,4.4,518,303.0,0.0,614,242.0,0.0,556.0,199.0,0,0,0.0,-1,1.0,0,202,0.0,0.0,0.0,0.0,0.0,612.0,234.0,0.0,0.0,607.0,228.0,598.0,228.0,579.0,224.0,608.0,229.0,,,,,,,,0.0,0.0,0.0,0.0,0.0,0.0,0.0,0.0,0.0,15,0,0.0,0.0,0.0,0.0,0.0,0.0,0.0,0.0,0.0,0.0,0.0,0.0,0.0,0.0,0.0,222.0,0.0,0.0,0.0,0.0,0.0,0.0,0.0,0.0,0.0,0.0,0.0,0.0,0.0
560,Wilson,Isidor,Isidor,a,,,5.5,142,34.0,2.6,112,17.0,1.5,237.0,26.0,1,-1,1.0,0,0.0,34519,62460,0.3,8.5,1.5,1.0,3.1,159.0,14.0,,,201.0,17.0,330.0,38.0,23.0,11.0,121.0,15.0,,,,,,,,0.33,0.01,0.34,1.37,0.0,0.41,1.33,1.13,3.18,15,1,55.0,0.0,0.0,0.0,2.0,0.0,0.0,0.0,0.0,0.0,0.0,1.0,0.0,3.0,39548.0,73547.0,0.0,0.4500000000000002,0.0,0.44999999999999973,0.9800000000000004,5.0,0.3000000000000007,22.0,2.700000000000003,1.0,1.0,4.0,6.0
345,Sebastiaan,Bornauw,Bornauw,a,,,3.8,743,234.0,0.1,441,164.0,0.5,312.0,110.0,1,0,0.0,-2,2.0,3178,632,0.1,0.5,0.5,0.0,1.0,387.0,135.0,100.0,100.0,447.0,160.0,425.0,157.0,407.0,152.0,456.0,166.0,,,,,,,,0.0,0.0,0.0,1.35,0.0,0.0,0.0,0.0,0.0,15,1,1.0,0.0,0.0,0.0,0.0,0.0,0.0,0.0,0.0,0.0,0.0,0.0,0.0,3.0,3829.0,688.0,0.0,0.0,0.0,0.0,0.03,0.2,0.0,0.0,0.0,0.0,0.0,0.0,0.0
432,André,Onana,Onana,u,has joined Trabzonspor on loan for the rest of the season.,,4.9,300,12.0,0.2,403,63.0,0.0,669.0,87.0,0,0,0.0,-1,1.0,0,158,0.0,0.0,0.0,0.0,0.0,702.0,87.0,0.0,0.0,704.0,87.0,700.0,84.0,692.0,79.0,704.0,87.0,,,,,,,,0.0,0.0,0.0,0.0,0.0,0.0,0.0,0.0,0.0,15,0,0.0,0.0,0.0,0.0,0.0,0.0,0.0,0.0,0.0,0.0,0.0,0.0,0.0,0.0,0.0,180.0,0.0,0.0,0.0,0.0,0.0,0.0,0.0,0.0,0.0,0.0,0.0,0.0,0.0
561,Eliezer,Mayenda Dossou,Mayenda,a,,,5.3,206,44.0,0.6,235,38.0,0.2,370.0,42.0,0,0,0.0,-2,2.0,968,3717,0.0,3.2,0.2,-0.3,2.1,268.0,27.0,,,331.0,33.0,319.0,37.0,237.0,41.0,331.0,39.0,,,3.0,,,,,0.16,0.02,0.18,1.19,0.0,0.69,0.34,1.03,2.41,15,0,0.0,0.0,0.0,0.0,0.0,0.0,0.0,0.0,0.0,0.0,0.0,0.0,0.0,0.0,1294.0,4333.0,0.0,0.0,0.0,0.0,0.0,0.0,0.0,0.0,0.0,0.0,0.0,0.0,0.0
562,Ahmed,Abdullahi,Abdullahi,a,,,4.3,597,81.0,0.4,276,42.0,0.0,535.0,51.0,0,0,0.0,-2,2.0,1400,3964,0.0,0.0,0.0,-0.5,0.0,596.0,60.0,,,592.0,60.0,583.0,59.0,562.0,59.0,593.0,60.0,,,,,,,,0.0,0.0,0.0,0.0,0.0,0.0,0.0,0.0,0.0,15,0,0.0,0.0,0.0,0.0,0.0,0.0,0.0,0.0,0.0,0.0,0.0,0.0,0.0,0.0,2851.0,4372.0,0.0,0.0,0.0,0.0,0.0,0.0,0.0,0.0,0.0,0.0,0.0,0.0,0.0
563,Luís Hemir,Silva Semedo,Luís Hemir,u,has joined Moreirense on loan for the rest of the season.,,4.4,527,72.0,0.1,473,67.0,0.0,564.0,56.0,0,0,0.0,-1,1.0,0,281,0.0,0.0,0.0,0.0,0.0,620.0,65.0,0.0,0.0,615.0,65.0,606.0,64.0,587.0,64.0,616.0,65.0,,,,,,,,0.0,0.0,0.0,0.0,0.0,0.0,0.0,0.0,0.0,15,0,0.0,0.0,0.0,0.0,0.0,0.0,0.0,0.0,0.0,0.0,0.0,0.0,0.0,0.0,0.0,320.0,0.0,0.0,0.0,0.0,0.0,0.0,0.0,0.0,0.0,0.0,0.0,0.0,0.0
564,Nazarii,Rusyn,Rusyn,u,has joined Arka on loan for the rest of the season.,,4.4,507,69.0,0.1,476,68.0,0.0,550.0,53.0,0,0,0.0,-1,1.0,0,235,0.0,0.0,0.0,0.0,0.0,607.0,62.0,0.0,0.0,602.0,62.0,593.0,61.0,573.0,61.0,603.0,62.0,,,,,,,,0.0,0.0,0.0,0.0,0.0,0.0,0.0,0.0,0.0,15,0,0.0,0.0,0.0,0.0,0.0,0.0,0.0,0.0,0.0,0.0,0.0,0.0,0.0,0.0,0.0,267.0,0.0,0.0,0.0,0.0,0.0,0.0,0.0,0.0,0.0,0.0,0.0,0.0,0.0
439,Diego,León Blanco,D.Leon,a,,,4.2,613,155.0,0.1,556,199.0,0.0,498.0,202.0,0,0,0.0,-3,3.0,60,178,0.0,0.0,0.0,0.0,0.0,572.0,224.0,,,567.0,226.0,555.0,226.0,528.0,218.0,567.0,226.0,,,,,,,,0.0,0.0,0.0,0.0,0.0,0.0,0.0,0.0,0.0,15,0,0.0,0.0,0.0,0.0,0.0,0.0,0.0,0.0,0.0,0.0,0.0,0.0,0.0,0.0,68.0,192.0,0.0,0.0,0.0,0.0,0.0,0.0,0.0,0.0,0.0,0.0,0.0,0.0,0.0
668,Granit,Xhaka,Xhaka,a,,,5.2,210,130.0,6.3,67,25.0,3.2,111.0,51.0,2,0,0.0,2,-2.0,46598,101806,0.6,12.5,3.2,2.7,4.3,64.0,27.0,,,10.0,3.0,29.0,28.0,208.0,118.0,30.0,25.0,1.0,1.0,,,,,,0.03,0.09,0.12,1.38,0.0,0.27,1.15,1.01,11.42,15,2,72.0,0.0,0.0,0.0,3.0,0.0,0.0,0.0,0.0,0.0,0.0,1.0,0.0,7.0,57340.0,112170.0,0.0,0.13,0.010000000000000009,0.14000000000000012,1.8599999999999994,4.600000000000023,1.3000000000000114,9.0,1.5,1.0,3.0,5.0,9.0
670,Robin,Roefs,Roefs,a,,,4.7,379,18.0,8.0,54,7.0,2.0,184.0,16.0,1,0,0.0,2,-2.0,60404,61444,0.4,13.6,2.0,1.5,4.3,63.0,5.0,,,7.0,1.0,278.0,1.0,673.0,74.0,102.0,1.0,,,,,,,,0.0,0.0,0.0,1.4,3.53,0.27,1.13,1.0,0.0,15,1,90.0,0.0,0.0,0.0,3.0,0.0,0.0,0.0,0.0,0.0,2.0,1.0,0.0,3.0,69168.0,69447.0,0.0,0.0,0.0,0.0,2.419999999999998,23.0,0.0,0.0,2.3000000000000043,0.0,2.0,6.0,0.0
678,Arthur,Masuaku,Masuaku,a,,,3.9,690,200.0,0.7,215,81.0,0.0,400.0,150.0,0,0,0.0,-1,1.0,474,3833,0.0,0.3,0.0,-0.5,0.3,455.0,158.0,100.0,100.0,384.0,142.0,331.0,112.0,351.0,123.0,385.0,133.0,,,,,,,,0.05,0.06,0.11,1.5,0.0,0.0,1.44,1.44,7.2,15,0,0.0,0.0,0.0,0.0,0.0,0.0,0.0,0.0,0.0,0.0,0.0,0.0,0.0,0.0,1036.0,4293.0,0.0,0.0,0.0,0.0,0.0,0.0,0.0,0.0,0.0,0.0,0.0,0.0,0.0
683,Omar,Alderete,Alderete,a,,,4.0,630,164.0,4.2,87,30.0,1.2,245.0,84.0,1,-1,1.0,0,0.0,26926,42517,0.3,12.5,1.2,0.7,4.5,43.0,20.0,100.0,100.0,63.0,27.0,263.0,79.0,116.0,18.0,118.0,38.0,,,,,,,,0.07,0.05,0.12,1.42,0.0,0.29,1.15,0.96,9.8,15,1,90.0,0.0,0.0,0.0,3.0,0.0,0.0,0.0,0.0,0.0,0.0,1.0,0.0,-3.0,29135.0,46474.0,0.0,0.020000000000000018,0.0,0.020000000000000018,2.42,16.399999999999977,0.10000000000000142,5.0,2.1999999999999957,0.0,8.0,2.0,8.0
694,Nordi,Mukiele,Mukiele,a,,,4.2,603,148.0,5.7,72,24.0,1.2,246.0,85.0,1,0,0.0,2,-2.0,35127,74437,0.3,13.3,1.2,0.7,4.3,61.0,27.0,,,57.0,24.0,148.0,35.0,197.0,46.0,108.0,31.0,,,,,,,,0.04,0.08,0.12,1.49,0.0,0.23,1.15,1.0,10.15,15,1,90.0,0.0,0.0,0.0,3.0,0.0,0.0,0.0,0.0,0.0,0.0,1.0,0.0,-2.0,40420.0,84386.0,0.0,0.0,0.19000000000000006,0.19000000000000017,2.419999999999998,13.399999999999977,13.5,0.0,2.700000000000003,2.0,7.0,8.0,9.0
724,Lutsharel,Geertruida,Geertruida,a,,,4.5,414,83.0,0.0,621,217.0,1.2,251.0,89.0,1,0,0.0,0,0.0,291,247,0.3,3.3,1.2,0.7,1.2,375.0,133.0,,,243.0,96.0,301.0,96.0,295.0,95.0,302.0,104.0,,,,,,,,0.06,0.05,0.11,1.87,0.0,0.0,1.52,0.85,6.94,15,1,90.0,0.0,0.0,0.0,3.0,0.0,0.0,0.0,0.0,0.0,0.0,1.0,0.0,12.0,316.0,293.0,0.0,0.0,0.010000000000000009,0.010000000000000009,2.42,17.39999999999999,11.099999999999998,0.0,2.9000000000000004,2.0,5.0,3.0,7.0
730,Brian,Brobbey,Brobbey,a,,,5.5,143,35.0,0.2,335,53.0,2.5,164.0,21.0,1,0,0.0,0,0.0,6964,5047,0.5,4.2,2.5,2.0,2.3,250.0,25.0,,,250.0,21.0,351.0,43.0,216.0,39.0,294.0,34.0,,,,,,,,0.09,0.02,0.11,2.16,0.0,0.35,1.06,0.35,6.38,15,1,34.0,0.0,0.0,0.0,1.0,0.0,0.0,0.0,0.0,0.0,0.0,0.0,0.0,3.0,8646.0,5513.0,0.0,0.0,0.020000000000000004,0.020000000000000018,1.4400000000000004,0.0,1.5,0.0,0.20000000000000284,0.0,0.0,0.0,0.0
735,Bertrand,Traoré,Traoré,a,,,5.5,133,83.0,0.1,517,180.0,3.0,130.0,60.0,1,0,0.0,0,0.0,920,1470,0.5,4.5,3.0,2.5,2.8,195.0,88.0,,,237.0,102.0,166.0,113.0,94.0,58.0,191.0,97.0,,,,,,,,0.08,0.04,0.12,1.48,0.0,0.33,1.51,1.34,6.36,15,1,55.0,0.0,0.0,0.0,2.0,0.0,0.0,0.0,0.0,0.0,0.0,1.0,0.0,7.0,1119.0,1674.0,0.0,0.0,0.0,0.0,0.9799999999999995,11.0,10.700000000000003,0.0,2.1999999999999957,1.0,2.0,0.0,3.0
565,Guglielmo,Vicario,Vicario,a,,,4.9,297,11.0,7.9,57,9.0,2.5,157.0,12.0,6,-1,1.0,-1,1.0,17183,66812,0.5,11.6,2.5,2.5,3.8,91.0,8.0,,,19.0,5.0,431.0,13.0,691.0,78.0,175.0,5.0,,,,,,,,0.0,0.0,0.0,1.31,2.93,0.33,1.2,1.0,0.0,15,6,90.0,0.0,0.0,1.0,0.0,0.0,0.0,0.0,0.0,0.0,1.0,1.0,0.0,24.0,19655.0,76831.0,0.0,0.0,0.0,0.0,0.28999999999999915,12.0,0.0,0.0,1.2000000000000028,0.0,0.0,10.0,0.0
454,Antony,dos Santos,Antony,u,has joined Real Betis permanently.,,5.9,101,67.0,0.1,541,196.0,0.0,737.0,327.0,0,0,0.0,-1,1.0,0,33,0.0,0.0,0.0,0.0,0.0,747.0,332.0,0.0,0.0,749.0,332.0,749.0,332.0,748.0,332.0,749.0,332.0,,,,,,,,0.0,0.0,0.0,0.0,0.0,0.0,0.0,0.0,0.0,15,0,0.0,0.0,0.0,0.0,0.0,0.0,0.0,0.0,0.0,0.0,0.0,0.0,0.0,0.0,0.0,35.0,0.0,0.0,0.0,0.0,0.0,0.0,0.0,0.0,0.0,0.0,0.0,0.0,0.0
566,Brandon,Austin,Austin,a,,,3.9,698,75.0,0.3,305,42.0,0.0,406.0,35.0,0,0,0.0,-1,1.0,583,1084,0.0,0.0,0.0,0.0,0.0,484.0,41.0,,,480.0,41.0,464.0,28.0,433.0,14.0,479.0,41.0,,,,,,,,0.0,0.0,0.0,0.0,0.0,0.0,0.0,0.0,0.0,15,0,0.0,0.0,0.0,0.0,0.0,0.0,0.0,0.0,0.0,0.0,0.0,0.0,0.0,0.0,659.0,1196.0,0.0,0.0,0.0,0.0,0.0,0.0,0.0,0.0,0.0,0.0,0.0,0.0,0.0
568,Pedro,Porro Sauceda,Pedro Porro,a,,,5.3,196,27.0,14.3,28,10.0,1.8,211.0,73.0,5,-1,1.0,-2,2.0,28965,91747,0.3,10.0,1.8,1.8,3.5,116.0,42.0,,,98.0,45.0,24.0,1.0,254.0,74.0,61.0,12.0,3.0,2.0,,,,,,0.01,0.14,0.15,1.19,0.0,0.39,0.94,1.02,6.76,15,5,90.0,0.0,0.0,1.0,0.0,0.0,0.0,0.0,1.0,0.0,0.0,1.0,0.0,26.0,31433.0,117089.0,0.0,0.0,0.10000000000000009,0.10000000000000009,0.28999999999999915,20.599999999999994,35.099999999999966,8.0,6.399999999999999,2.0,6.0,3.0,8.0
569,Cristian,Romero,Romero,a,,,5.0,253,40.0,4.4,83,28.0,6.0,15.0,7.0,6,0,0.0,0,0.0,72704,7882,1.2,11.6,6.0,6.0,4.8,27.0,14.0,100.0,100.0,41.0,19.0,249.0,74.0,122.0,20.0,101.0,28.0,,,,,,,,0.07,0.02,0.09,1.32,0.0,0.36,1.07,0.98,8.76,15,6,80.0,0.0,0.0,1.0,0.0,0.0,0.0,0.0,1.0,0.0,0.0,1.0,1.0,29.0,80046.0,8725.0,0.0,0.020000000000000018,0.010000000000000009,0.030000000000000027,0.08000000000000007,13.800000000000011,10.5,4.0,2.799999999999997,2.0,6.0,4.0,8.0
570,Kevin,Danso,Danso,a,,,4.3,549,127.0,0.1,408,153.0,1.8,199.0,69.0,1,0,0.0,-2,2.0,396,870,0.4,4.4,1.8,1.8,1.7,315.0,111.0,,,208.0,85.0,382.0,133.0,342.0,119.0,307.0,106.0,,,,,,,,0.01,0.02,0.03,1.46,0.0,0.18,1.83,1.1,12.65,15,1,9.0,0.0,0.0,0.0,0.0,0.0,0.0,0.0,0.0,0.0,0.0,0.0,0.0,2.0,496.0,967.0,0.0,0.03,0.0,0.03,0.20999999999999996,2.0,0.09999999999999964,4.0,0.5999999999999996,0.0,2.0,0.0,2.0
571,Ben,Davies,Davies,a,,,4.3,548,126.0,0.1,514,189.0,0.0,504.0,206.0,0,0,0.0,-2,2.0,148,160,0.0,0.0,0.0,0.0,0.0,575.0,226.0,100.0,100.0,570.0,228.0,558.0,228.0,534.0,221.0,570.0,228.0,,,,,,,,0.0,0.0,0.0,0.0,0.0,0.0,0.0,0.0,0.0,15,0,0.0,0.0,0.0,0.0,0.0,0.0,0.0,0.0,0.0,0.0,0.0,0.0,0.0,0.0,162.0,176.0,0.0,0.0,0.0,0.0,0.0,0.0,0.0,0.0,0.0,0.0,0.0,0.0,0.0
572,Radu,Drăgușin,Dragusin,d,Lack of match fitness - 75% chance of playing,,4.5,434,89.0,0.0,727,244.0,0.0,601.0,228.0,0,0,0.0,0,0.0,17,20,0.0,0.0,0.0,0.0,0.0,654.0,238.0,75.0,75.0,651.0,239.0,643.0,239.0,630.0,237.0,652.0,239.0,,,,,,,,0.0,0.0,0.0,0.0,0.0,0.0,0.0,0.0,0.0,15,0,0.0,0.0,0.0,0.0,0.0,0.0,0.0,0.0,0.0,0.0,0.0,0.0,0.0,0.0,19.0,22.0,0.0,0.0,0.0,0.0,0.0,0.0,0.0,0.0,0.0,0.0,0.0,0.0,0.0
741,Harry,Gray,Gray,a,,,4.5,471,65.0,0.1,459,65.0,0.0,632.0,64.0,0,0,0.0,0,0.0,1950,1234,0.0,0.0,0.0,-0.5,0.0,684.0,73.0,100.0,100.0,682.0,73.0,674.0,72.0,661.0,72.0,683.0,73.0,,,,,,,,0.0,0.0,0.0,0.0,0.0,0.0,0.0,0.0,0.0,15,0,0.0,0.0,0.0,0.0,0.0,0.0,0.0,0.0,0.0,0.0,0.0,0.0,0.0,0.0,2214.0,1379.0,0.0,0.0,0.0,0.0,0.0,0.0,0.0,0.0,0.0,0.0,0.0,0.0,0.0
460,Toby,Collyer,Collyer,u,Has joined West Bromwich Albion on loan for the rest of the season.,,4.5,431,258.0,0.0,635,258.0,0.0,598.0,229.0,0,0,0.0,0,0.0,0,91,0.0,0.0,0.0,0.0,0.0,651.0,261.0,0.0,0.0,648.0,257.0,640.0,256.0,627.0,254.0,649.0,258.0,,,,,,,,0.0,0.0,0.0,0.0,0.0,0.0,0.0,0.0,0.0,15,0,0.0,0.0,0.0,0.0,0.0,0.0,0.0,0.0,0.0,0.0,0.0,0.0,0.0,0.0,0.0,113.0,0.0,0.0,0.0,0.0,0.0,0.0,0.0,0.0,0.0,0.0,0.0,0.0,0.0
573,Djed,Spence,Spence,a,,,4.3,559,134.0,1.2,174,69.0,1.5,222.0,78.0,6,-1,1.0,-2,2.0,4491,9905,0.3,8.6,1.5,1.5,3.1,152.0,57.0,,,234.0,91.0,203.0,54.0,231.0,63.0,253.0,83.0,,,,,,,,0.05,0.04,0.09,1.33,0.0,0.49,1.07,1.07,4.67,15,6,90.0,0.0,0.0,1.0,0.0,0.0,0.0,0.0,0.0,0.0,0.0,1.0,0.0,25.0,4746.0,12970.0,0.0,0.29,0.18999999999999997,0.48,0.2900000000000009,14.400000000000006,17.000000000000007,21.0,5.199999999999999,0.0,4.0,4.0,4.0
574,Destiny,Udogie,Udogie,i,Hamstring injury - Expected back 17 Jan,,4.4,513,119.0,0.4,283,105.0,0.2,354.0,127.0,0,0,0.0,-1,1.0,423,5340,0.0,3.0,0.0,0.2,1.3,365.0,131.0,0.0,100.0,231.0,90.0,161.0,40.0,226.0,61.0,239.0,77.0,,,,,,,,0.01,0.05,0.06,1.54,0.0,0.0,1.93,0.89,4.46,15,0,0.0,0.0,0.0,0.0,0.0,0.0,0.0,0.0,0.0,0.0,0.0,0.0,0.0,0.0,726.0,5631.0,0.0,0.0,0.0,0.0,0.0,0.0,0.0,0.0,0.0,0.0,0.0,0.0,0.0
577,Takai,Kōta,Takai,d,Lack of match fitness - 75% chance of playing,,4.0,665,184.0,0.0,571,207.0,0.0,477.0,187.0,0,0,0.0,0,0.0,27,147,0.0,0.0,0.0,0.0,0.0,553.0,210.0,75.0,75.0,548.0,212.0,534.0,211.0,505.0,202.0,548.0,212.0,,,,,,,,0.0,0.0,0.0,0.0,0.0,0.0,0.0,0.0,0.0,15,0,0.0,0.0,0.0,0.0,0.0,0.0,0.0,0.0,0.0,0.0,0.0,0.0,0.0,0.0,31.0,164.0,0.0,0.0,0.0,0.0,0.0,0.0,0.0,0.0,0.0,0.0,0.0,0.0,0.0
578,Luka,Vušković,Vuskovic,u,has joined Hamburger SV on loan for the rest of the season.,,3.9,734,225.0,0.4,291,107.0,0.0,435.0,166.0,0,0,0.0,-1,1.0,0,1391,0.0,0.0,0.0,0.0,0.0,512.0,190.0,0.0,0.0,507.0,192.0,492.0,191.0,461.0,180.0,507.0,192.0,,,,,,,,0.0,0.0,0.0,0.0,0.0,0.0,0.0,0.0,0.0,15,0,0.0,0.0,0.0,0.0,0.0,0.0,0.0,0.0,0.0,0.0,0.0,0.0,0.0,0.0,0.0,1560.0,0.0,0.0,0.0,0.0,0.0,0.0,0.0,0.0,0.0,0.0,0.0,0.0,0.0
579,Son,Heung-min,Son,u,Has joined Los Angeles FC permanently.,,8.5,9,6.0,0.1,428,142.0,0.0,755.0,336.0,0,0,0.0,0,0.0,0,51,0.0,0.0,0.0,0.0,0.0,757.0,338.0,0.0,0.0,759.0,338.0,759.0,338.0,759.0,338.0,759.0,338.0,,,,,,,,0.0,0.0,0.0,0.0,0.0,0.0,0.0,0.0,0.0,15,0,0.0,0.0,0.0,0.0,0.0,0.0,0.0,0.0,0.0,0.0,0.0,0.0,0.0,0.0,0.0,61.0,0.0,0.0,0.0,0.0,0.0,0.0,0.0,0.0,0.0,0.0,0.0,0.0,0.0
580,Brennan,Johnson,Johnson,a,,,6.5,53,35.0,2.6,114,38.0,0.8,307.0,142.0,0,-1,1.0,-5,5.0,625,9900,0.1,4.8,0.8,0.8,2.4,238.0,107.0,,,218.0,94.0,181.0,121.0,195.0,113.0,232.0,118.0,,,,,,,,0.16,0.05,0.21,1.53,0.0,0.49,0.65,0.97,6.49,15,0,0.0,0.0,0.0,0.0,0.0,0.0,0.0,0.0,0.0,0.0,0.0,0.0,0.0,0.0,770.0,12015.0,0.0,0.0,0.0,0.0,0.0,0.0,0.0,0.0,0.0,0.0,0.0,0.0,0.0
581,James,Maddison,Maddison,i,Anterior cruciate ligament - Unknown return date,,6.8,44,27.0,0.1,432,144.0,0.0,748.0,333.0,0,0,0.0,-2,2.0,50,116,0.0,0.0,0.0,0.0,0.0,754.0,335.0,0.0,0.0,756.0,335.0,756.0,335.0,756.0,335.0,756.0,335.0,,,,,,,,0.0,0.0,0.0,0.0,0.0,0.0,0.0,0.0,0.0,15,0,0.0,0.0,0.0,0.0,0.0,0.0,0.0,0.0,0.0,0.0,0.0,0.0,0.0,0.0,54.0,130.0,0.0,0.0,0.0,0.0,0.0,0.0,0.0,0.0,0.0,0.0,0.0,0.0,0.0
582,Mohammed,Kudus,Kudus,a,,,6.5,56,36.0,16.1,23,9.0,5.0,41.0,19.0,3,0,0.0,0,0.0,64864,123807,0.8,10.0,5.0,5.0,4.6,41.0,18.0,100.0,100.0,52.0,16.0,12.0,12.0,42.0,24.0,19.0,16.0,2.0,1.0,,,,,,0.12,0.15,0.27,1.35,0.0,0.37,1.19,1.04,7.61,15,3,79.0,0.0,0.0,1.0,0.0,0.0,0.0,0.0,0.0,0.0,0.0,1.0,0.0,25.0,81893.0,133490.0,0.0,0.06000000000000005,0.21999999999999997,0.28000000000000025,0.08000000000000185,18.399999999999977,35.5,13.0,6.700000000000003,1.0,0.0,8.0,9.0
583,Dejan,Kulusevski,Kulusevski,i,Knee injury - Unknown return date,,6.4,66,43.0,0.0,688,293.0,0.0,745.0,332.0,0,0,0.0,-1,1.0,35,38,0.0,0.0,0.0,0.0,0.0,751.0,334.0,0.0,0.0,753.0,334.0,753.0,334.0,753.0,334.0,753.0,334.0,,,,,,,,0.0,0.0,0.0,0.0,0.0,0.0,0.0,0.0,0.0,15,0,0.0,0.0,0.0,0.0,0.0,0.0,0.0,0.0,0.0,0.0,0.0,0.0,0.0,0.0,39.0,39.0,0.0,0.0,0.0,0.0,0.0,0.0,0.0,0.0,0.0,0.0,0.0,0.0,0.0
584,Mathys,Tel,Tel,a,,,6.2,82,53.0,0.1,446,149.0,1.2,266.0,125.0,0,-1,1.0,-3,3.0,356,854,0.2,4.5,1.2,1.2,2.8,198.0,90.0,,,299.0,135.0,361.0,189.0,217.0,123.0,313.0,151.0,4.0,,4.0,,,,,0.16,0.1,0.26,1.04,0.0,0.34,1.36,1.02,6.14,15,0,0.0,0.0,0.0,0.0,0.0,0.0,0.0,0.0,0.0,0.0,0.0,0.0,0.0,0.0,405.0,960.0,0.0,0.0,0.0,0.0,0.0,0.0,0.0,0.0,0.0,0.0,0.0,0.0,0.0
585,Rodrigo,Bentancur,Bentancur,a,,,5.3,191,118.0,0.3,331,114.0,2.5,161.0,73.0,5,0,0.0,-2,2.0,736,3111,0.5,8.5,2.5,2.5,3.2,145.0,65.0,,,170.0,69.0,137.0,98.0,209.0,119.0,184.0,93.0,,,,,,,,0.04,0.06,0.1,1.41,0.0,0.3,1.39,1.1,12.74,15,5,64.0,0.0,0.0,1.0,0.0,0.0,0.0,0.0,0.0,0.0,0.0,1.0,0.0,16.0,838.0,3796.0,0.0,0.02999999999999997,0.029999999999999916,0.05999999999999994,0.06999999999999851,12.599999999999994,5.799999999999997,2.0,2.0,2.0,6.0,7.0,15.0
586,Lucas,Bergvall,Bergvall,a,,,5.3,207,129.0,0.2,346,118.0,1.8,213.0,99.0,0,-1,1.0,-2,2.0,702,2488,0.3,5.8,1.8,1.8,2.8,193.0,87.0,100.0,100.0,230.0,100.0,233.0,144.0,120.0,69.0,225.0,113.0,,,,,,,,0.15,0.04,0.19,1.04,0.0,0.32,0.96,1.12,8.34,15,0,0.0,0.0,0.0,0.0,0.0,0.0,0.0,0.0,0.0,0.0,0.0,0.0,0.0,0.0,911.0,2781.0,0.0,0.0,0.0,0.0,0.0,0.0,0.0,0.0,0.0,0.0,0.0,0.0,0.0
587,Yves,Bissouma,Bissouma,i,Ankle injury - Unknown return date,,5.2,214,132.0,0.0,599,231.0,0.0,705.0,305.0,0,0,0.0,-3,3.0,18,43,0.0,0.0,0.0,0.0,0.0,729.0,319.0,0.0,0.0,731.0,319.0,730.0,319.0,724.0,317.0,731.0,319.0,,,,,,,,0.0,0.0,0.0,0.0,0.0,0.0,0.0,0.0,0.0,15,0,0.0,0.0,0.0,0.0,0.0,0.0,0.0,0.0,0.0,0.0,0.0,0.0,0.0,0.0,22.0,57.0,0.0,0.0,0.0,0.0,0.0,0.0,0.0,0.0,0.0,0.0,0.0,0.0,0.0
588,Wilson,Odobert,Odobert,a,,,5.3,205,128.0,0.0,606,236.0,1.2,263.0,122.0,1,0,0.0,-2,2.0,104,354,0.2,4.5,1.2,1.2,1.7,328.0,150.0,100.0,100.0,302.0,137.0,140.0,100.0,145.0,85.0,238.0,120.0,,,,,,,,0.15,0.12,0.27,1.16,0.0,0.0,1.65,0.73,5.88,15,1,16.0,0.0,0.0,0.0,0.0,0.0,0.0,0.0,0.0,0.0,0.0,0.0,0.0,3.0,132.0,419.0,0.0,0.0,0.0,0.0,0.20999999999999996,1.2000000000000028,0.29999999999999716,0.0,0.1999999999999993,0.0,0.0,1.0,1.0
589,Manor,Solomon,Solomon,u,has joined Villarreal CF on loan for the rest of the season.,,5.4,167,103.0,0.0,716,311.0,0.0,716.0,313.0,0,0,0.0,-1,1.0,0,4,0.0,0.0,0.0,0.0,0.0,735.0,322.0,0.0,0.0,737.0,322.0,736.0,322.0,732.0,321.0,737.0,322.0,,,,,,,,0.0,0.0,0.0,0.0,0.0,0.0,0.0,0.0,0.0,15,0,0.0,0.0,0.0,0.0,0.0,0.0,0.0,0.0,0.0,0.0,0.0,0.0,0.0,0.0,0.0,5.0,0.0,0.0,0.0,0.0,0.0,0.0,0.0,0.0,0.0,0.0,0.0,0.0,0.0
590,Bryan,Gil Salvatierra,Bryan,u,has joined Girona permanently.,,4.9,318,196.0,0.0,632,255.0,0.0,677.0,285.0,0,0,0.0,-1,1.0,0,28,0.0,0.0,0.0,0.0,0.0,707.0,303.0,0.0,0.0,709.0,303.0,705.0,303.0,698.0,301.0,709.0,303.0,,,,,,,,0.0,0.0,0.0,0.0,0.0,0.0,0.0,0.0,0.0,15,0,0.0,0.0,0.0,0.0,0.0,0.0,0.0,0.0,0.0,0.0,0.0,0.0,0.0,0.0,0.0,32.0,0.0,0.0,0.0,0.0,0.0,0.0,0.0,0.0,0.0,0.0,0.0,0.0,0.0
591,Archie,Gray,Gray,a,,,4.8,363,227.0,0.1,472,159.0,1.0,281.0,130.0,2,0,0.0,-2,2.0,331,274,0.2,1.7,1.0,1.0,1.6,336.0,155.0,100.0,100.0,388.0,177.0,336.0,181.0,356.0,183.0,391.0,184.0,,,,,,,,0.01,0.03,0.04,0.61,0.0,0.81,0.81,1.21,10.09,15,2,90.0,0.0,0.0,1.0,0.0,0.0,0.0,0.0,1.0,0.0,0.0,1.0,0.0,10.0,364.0,303.0,0.0,0.0,0.010000000000000009,0.009999999999999995,0.29000000000000004,10.8,2.8000000000000007,2.0,1.5999999999999996,2.0,5.0,2.0,9.0
592,Mikey,Moore,Moore,u,Has joined Rangers on loan for the rest of the season.,,5.0,271,166.0,0.0,737,322.0,0.0,696.0,299.0,0,0,0.0,0,0.0,0,3,0.0,0.0,0.0,0.0,0.0,724.0,316.0,0.0,0.0,726.0,316.0,723.0,316.0,716.0,314.0,726.0,316.0,,,,,,,,0.0,0.0,0.0,0.0,0.0,0.0,0.0,0.0,0.0,15,0,0.0,0.0,0.0,0.0,0.0,0.0,0.0,0.0,0.0,0.0,0.0,0.0,0.0,0.0,0.0,3.0,0.0,0.0,0.0,0.0,0.0,0.0,0.0,0.0,0.0,0.0,0.0,0.0,0.0
593,Pape Matar,Sarr,P.M.Sarr,a,,,4.6,389,239.0,1.2,173,59.0,1.2,252.0,115.0,1,-1,1.0,-4,4.0,5749,21075,0.3,9.1,1.2,1.2,3.0,169.0,75.0,100.0,100.0,194.0,77.0,180.0,120.0,151.0,90.0,197.0,99.0,,,,,,,,0.13,0.06,0.19,1.63,0.0,0.38,0.9,0.9,10.5,15,1,10.0,0.0,0.0,0.0,0.0,0.0,0.0,0.0,0.0,0.0,0.0,0.0,0.0,2.0,7001.0,23930.0,0.0,0.30000000000000004,0.0,0.30000000000000004,0.20999999999999908,3.1999999999999886,0.5,17.0,2.099999999999998,0.0,0.0,1.0,1.0
594,Yang,Min-hyeok,Min-hyeok,u,Has joined Portsmouth on loan for the rest of the season.,,4.5,479,292.0,0.0,691,295.0,0.0,638.0,261.0,0,0,0.0,0,0.0,0,21,0.0,0.0,0.0,0.0,0.0,688.0,290.0,0.0,0.0,688.0,289.0,680.0,288.0,667.0,286.0,689.0,290.0,,,,,,,,0.0,0.0,0.0,0.0,0.0,0.0,0.0,0.0,0.0,15,0,0.0,0.0,0.0,0.0,0.0,0.0,0.0,0.0,0.0,0.0,0.0,0.0,0.0,0.0,0.0,27.0,0.0,0.0,0.0,0.0,0.0,0.0,0.0,0.0,0.0,0.0,0.0,0.0,0.0
595,Callum,Olusesi,Olusesi,a,,,4.3,576,326.0,0.2,370,126.0,0.0,519.0,182.0,0,0,0.0,-2,2.0,968,1047,0.0,0.0,0.0,0.0,0.0,584.0,218.0,,,580.0,212.0,570.0,212.0,547.0,208.0,581.0,213.0,,,,,,,,0.0,0.0,0.0,0.0,0.0,0.0,0.0,0.0,0.0,15,0,0.0,0.0,0.0,0.0,0.0,0.0,0.0,0.0,0.0,0.0,0.0,0.0,0.0,0.0,1138.0,1154.0,0.0,0.0,0.0,0.0,0.0,0.0,0.0,0.0,0.0,0.0,0.0,0.0,0.0
596,Dominic,Solanke-Mitchell,Solanke,i,Ankle injury - Unknown return date,,7.2,30,13.0,0.9,197,30.0,0.0,751.0,81.0,0,0,0.0,-3,3.0,109,916,0.0,0.3,0.0,0.0,1.0,441.0,53.0,0.0,0.0,422.0,46.0,424.0,53.0,303.0,46.0,408.0,48.0,,,2.0,,,,,0.58,0.0,0.58,0.64,0.0,0.0,0.0,0.0,8.71,15,0,0.0,0.0,0.0,0.0,0.0,0.0,0.0,0.0,0.0,0.0,0.0,0.0,0.0,0.0,120.0,1041.0,0.0,0.0,0.0,0.0,0.0,0.0,0.0,0.0,0.0,0.0,0.0,0.0,0.0
597,Richarlison,de Andrade,Richarlison,a,,,6.4,63,22.0,8.0,53,9.0,3.8,83.0,10.0,8,0,0.0,-1,1.0,125127,33658,0.6,9.2,3.8,3.8,3.9,84.0,7.0,,,72.0,6.0,169.0,15.0,14.0,7.0,38.0,6.0,,,3.0,,,,,0.33,0.07,0.4,1.29,0.0,0.31,1.43,0.92,6.63,15,8,90.0,1.0,0.0,1.0,0.0,0.0,0.0,0.0,0.0,0.0,0.0,1.0,2.0,37.0,129460.0,45647.0,0.0,0.98,0.04999999999999993,1.0299999999999998,0.2900000000000009,43.400000000000034,12.800000000000011,42.0,9.799999999999997,2.0,3.0,4.0,9.0
599,Dane,Scarlett,Scarlett,a,,,4.3,570,77.0,0.6,225,36.0,0.0,515.0,47.0,0,0,0.0,-2,2.0,1335,3032,0.0,0.0,0.0,0.0,0.0,580.0,57.0,,,575.0,57.0,565.0,56.0,542.0,56.0,576.0,57.0,,,,,,,,0.0,0.0,0.0,0.0,0.0,0.0,0.0,0.0,0.0,15,0,0.0,0.0,0.0,0.0,0.0,0.0,0.0,0.0,0.0,0.0,0.0,0.0,0.0,0.0,1555.0,3385.0,0.0,0.0,0.0,0.0,0.0,0.0,0.0,0.0,0.0,0.0,0.0,0.0,0.0
673,João Maria,Lobo Alves Palhares Costa Palhinha Gonçalves,J.Palhinha,a,,,5.5,135,84.0,1.4,163,54.0,2.5,163.0,75.0,1,0,0.0,0,0.0,4404,43781,0.5,11.1,2.5,2.5,4.4,54.0,23.0,,,58.0,18.0,224.0,139.0,154.0,92.0,123.0,66.0,,,,,,,,0.06,0.03,0.09,1.4,0.0,0.26,1.3,1.04,11.91,15,1,25.0,0.0,0.0,0.0,0.0,0.0,0.0,0.0,0.0,0.0,0.0,0.0,0.0,6.0,5931.0,49459.0,0.0,0.0,0.010000000000000009,0.010000000000000009,0.22000000000000064,7.800000000000011,0.9000000000000057,0.0,0.8999999999999986,3.0,1.0,1.0,5.0
717,Xavi,Simons,Xavi,a,,,6.5,57,37.0,1.3,165,55.0,4.2,68.0,33.0,14,0,0.0,-5,5.0,34763,3653,0.6,5.7,4.2,4.2,3.1,161.0,73.0,,,214.0,90.0,115.0,82.0,150.0,89.0,177.0,90.0,5.0,,,,,,,0.1,0.17,0.27,1.26,0.0,0.38,1.14,0.89,8.26,15,14,90.0,1.0,1.0,1.0,0.0,0.0,0.0,0.0,0.0,0.0,0.0,1.0,3.0,47.0,34926.0,5417.0,0.0,0.2899999999999999,0.6000000000000001,0.8900000000000001,0.28999999999999915,55.39999999999999,16.30000000000001,28.0,10.000000000000004,1.0,1.0,7.0,9.0
726,Randal,Kolo Muani,Kolo Muani,a,,,6.9,42,17.0,0.4,277,43.0,1.5,241.0,28.0,2,0,0.0,-1,1.0,5170,7785,0.2,1.7,1.5,1.5,1.5,352.0,39.0,100.0,100.0,367.0,37.0,241.0,25.0,175.0,37.0,308.0,35.0,,,,,,,,0.13,0.03,0.16,1.25,0.0,0.4,1.19,1.19,5.58,15,2,73.0,0.0,0.0,1.0,0.0,0.0,0.0,0.0,0.0,0.0,0.0,1.0,0.0,-1.0,6371.0,9095.0,0.0,0.12,0.020000000000000004,0.14,0.08000000000000007,7.600000000000001,13.600000000000001,37.0,5.799999999999999,2.0,0.0,3.0,5.0
745,Jun'ai,Byfield,Byfield,a,,,4.0,680,197.0,0.0,658,225.0,0.0,490.0,198.0,0,0,0.0,0,0.0,82,123,0.0,0.0,0.0,0.0,0.0,566.0,221.0,,,561.0,223.0,548.0,223.0,519.0,214.0,561.0,223.0,,,,,,,,0.0,0.0,0.0,0.0,0.0,0.0,0.0,0.0,0.0,15,0,0.0,0.0,0.0,0.0,0.0,0.0,0.0,0.0,0.0,0.0,0.0,0.0,0.0,0.0,94.0,137.0,0.0,0.0,0.0,0.0,0.0,0.0,0.0,0.0,0.0,0.0,0.0,0.0,0.0
750,James,Rowswell,Rowswell,a,,,4.0,656,177.0,0.0,695,237.0,0.0,469.0,181.0,0,0,0.0,0,0.0,100,99,0.0,0.0,0.0,0.0,0.0,546.0,205.0,,,541.0,207.0,527.0,206.0,497.0,196.0,541.0,207.0,,,,,,,,0.0,0.0,0.0,0.0,0.0,0.0,0.0,0.0,0.0,15,0,0.0,0.0,0.0,0.0,0.0,0.0,0.0,0.0,0.0,0.0,0.0,0.0,0.0,0.0,127.0,114.0,0.0,0.0,0.0,0.0,0.0,0.0,0.0,0.0,0.0,0.0,0.0,0.0,0.0
751,Yusuf,Akhamrich,Akhamrich,a,,,4.5,468,284.0,0.0,740,324.0,0.0,629.0,253.0,0,0,0.0,0,0.0,53,57,0.0,0.0,0.0,0.0,0.0,681.0,284.0,,,679.0,281.0,671.0,280.0,658.0,278.0,680.0,282.0,,,,,,,,0.0,0.0,0.0,0.0,0.0,0.0,0.0,0.0,0.0,15,0,0.0,0.0,0.0,0.0,0.0,0.0,0.0,0.0,0.0,0.0,0.0,0.0,0.0,0.0,65.0,62.0,0.0,0.0,0.0,0.0,0.0,0.0,0.0,0.0,0.0,0.0,0.0,0.0,0.0
149,Igor Julio,dos Santos de Paulo,Igor,a,,,4.5,410,80.0,0.1,522,190.0,0.8,292.0,104.0,0,0,0.0,0,0.0,265,350,0.2,1.3,0.8,0.0,1.5,343.0,125.0,100.0,0.0,375.0,138.0,362.0,126.0,612.0,234.0,403.0,141.0,,,,,,,,0.0,0.0,0.0,4.07,0.0,0.0,2.62,0.87,11.36,15,0,0.0,0.0,0.0,0.0,0.0,0.0,0.0,0.0,0.0,0.0,0.0,0.0,0.0,0.0,267.0,486.0,0.0,0.0,0.0,0.0,0.0,0.0,0.0,0.0,0.0,0.0,0.0,0.0,0.0
600,Alphonse,Areola,Areola,a,,,4.3,543,28.0,2.1,126,16.0,4.2,63.0,5.0,3,0,0.0,-2,2.0,12475,7853,1.0,7.4,4.2,4.2,2.9,176.0,15.0,,,25.0,7.0,366.0,5.0,532.0,57.0,181.0,7.0,,,,,,,,0.0,0.0,0.0,1.81,4.0,0.0,1.64,1.0,0.0,15,3,90.0,0.0,0.0,0.0,1.0,0.0,0.0,0.0,0.0,0.0,4.0,1.0,0.0,13.0,14351.0,8989.0,0.0,0.0,0.0,0.0,1.870000000000001,29.400000000000034,0.0,0.0,2.8999999999999986,0.0,0.0,6.0,0.0
601,Wes,Foderingham,Foderingham,u,has joined Aris Limassol permanently.,,4.0,622,42.0,0.3,322,45.0,0.0,439.0,51.0,0,0,0.0,0,0.0,0,1342,0.0,0.0,0.0,0.0,0.0,516.0,57.0,0.0,0.0,511.0,57.0,497.0,45.0,466.0,31.0,511.0,57.0,,,,,,,,0.0,0.0,0.0,0.0,0.0,0.0,0.0,0.0,0.0,15,0,0.0,0.0,0.0,0.0,0.0,0.0,0.0,0.0,0.0,0.0,0.0,0.0,0.0,0.0,0.0,1471.0,0.0,0.0,0.0,0.0,0.0,0.0,0.0,0.0,0.0,0.0,0.0,0.0,0.0
602,Krisztián,Hegyi,Hegyi,a,,,3.9,714,80.0,0.2,336,48.0,0.0,415.0,40.0,0,0,0.0,-1,1.0,853,712,0.0,0.0,0.0,0.0,0.0,493.0,46.0,,,488.0,46.0,473.0,33.0,442.0,19.0,488.0,46.0,,,,,,,,0.0,0.0,0.0,0.0,0.0,0.0,0.0,0.0,0.0,15,0,0.0,0.0,0.0,0.0,0.0,0.0,0.0,0.0,0.0,0.0,0.0,0.0,0.0,0.0,1020.0,810.0,0.0,0.0,0.0,0.0,0.0,0.0,0.0,0.0,0.0,0.0,0.0,0.0,0.0
401,Marcus,Bettinelli,Bettinelli,a,,,3.9,691,70.0,0.1,447,71.0,0.0,401.0,30.0,0,0,0.0,-1,1.0,202,564,0.0,0.0,0.5,0.5,0.0,479.0,36.0,100.0,100.0,475.0,36.0,459.0,23.0,427.0,9.0,474.0,36.0,,,,,,,,0.0,0.0,0.0,0.0,0.0,0.0,0.0,0.0,0.0,15,0,0.0,0.0,0.0,0.0,0.0,0.0,0.0,0.0,0.0,0.0,0.0,0.0,0.0,0.0,263.0,624.0,0.0,0.0,0.0,0.0,0.0,0.0,0.0,0.0,0.0,0.0,0.0,0.0,0.0
684,Malick,Thiaw,Thiaw,a,,,5.0,263,42.0,2.8,109,42.0,5.8,21.0,11.0,2,0,0.0,0,0.0,44596,36694,1.2,9.8,5.8,5.8,4.1,74.0,31.0,,,67.0,30.0,318.0,104.0,91.0,10.0,124.0,42.0,,,,,,,,0.11,0.03,0.14,1.43,0.0,0.18,1.54,1.0,8.53,15,2,90.0,0.0,0.0,0.0,1.0,0.0,0.0,0.0,0.0,0.0,0.0,1.0,0.0,14.0,91140.0,38317.0,0.0,0.0,0.010000000000000009,0.010000000000000009,1.6100000000000012,26.799999999999955,1.4000000000000021,0.0,2.799999999999997,1.0,7.0,3.0,8.0
605,Maximilian,Kilman,Kilman,a,,,4.2,605,150.0,0.2,400,149.0,2.0,179.0,64.0,4,0,0.0,-3,3.0,385,1065,0.5,6.7,2.0,2.0,2.0,279.0,100.0,,,66.0,29.0,268.0,83.0,241.0,68.0,165.0,54.0,,,,,,,,0.04,0.02,0.06,1.76,0.0,0.08,1.99,1.0,9.21,15,4,90.0,0.0,0.0,0.0,1.0,0.0,0.0,0.0,0.0,0.0,0.0,1.0,0.0,6.0,443.0,1316.0,0.0,0.0,0.0,0.0,1.870000000000001,25.19999999999999,0.19999999999999574,2.0,2.6999999999999957,0.0,11.0,0.0,11.0
606,Konstantinos,Mavropanos,Mavropanos,a,,,4.4,502,113.0,0.0,569,206.0,2.8,136.0,46.0,4,0,0.0,-1,1.0,369,156,0.6,6.4,2.8,2.8,3.1,155.0,60.0,100.0,100.0,132.0,57.0,387.0,136.0,152.0,29.0,212.0,70.0,,,,,,,,0.08,0.03,0.11,1.53,0.0,0.12,1.53,0.94,11.06,15,4,90.0,0.0,0.0,0.0,1.0,0.0,0.0,0.0,0.0,0.0,0.0,1.0,0.0,9.0,413.0,183.0,0.0,0.25000000000000006,0.21000000000000002,0.45999999999999996,1.8699999999999992,32.20000000000002,1.3000000000000003,32.0,6.600000000000001,0.0,14.0,5.0,14.0
607,Nayef,Aguerd,N.Aguerd,u,has joined Marseille permanently.,,4.4,494,107.0,0.0,581,210.0,0.0,543.0,218.0,0,0,0.0,-1,1.0,0,71,0.0,0.7,0.0,0.0,1.5,342.0,124.0,0.0,0.0,351.0,130.0,393.0,140.0,343.0,120.0,383.0,132.0,,,,,,,,0.05,0.02,0.07,1.71,0.0,0.0,4.0,1.0,7.5,15,0,0.0,0.0,0.0,0.0,0.0,0.0,0.0,0.0,0.0,0.0,0.0,0.0,0.0,0.0,0.0,91.0,0.0,0.0,0.0,0.0,0.0,0.0,0.0,0.0,0.0,0.0,0.0,0.0,0.0
608,Ollie,Scarles,Scarles,a,,,4.3,585,145.0,0.0,636,220.0,0.0,525.0,212.0,0,0,0.0,-2,2.0,11,73,0.0,0.2,0.0,0.0,0.5,452.0,156.0,100.0,0.0,417.0,151.0,410.0,150.0,553.0,223.0,432.0,153.0,,,,,,,,0.0,0.01,0.01,2.79,0.0,0.0,3.91,2.61,6.52,15,0,0.0,0.0,0.0,0.0,0.0,0.0,0.0,0.0,0.0,0.0,0.0,0.0,0.0,0.0,13.0,82.0,0.0,0.0,0.0,0.0,0.0,0.0,0.0,0.0,0.0,0.0,0.0,0.0,0.0
609,Jean-Clair,Todibo,Todibo,a,,,4.3,563,137.0,0.1,458,169.0,3.0,120.0,42.0,2,0,0.0,-2,2.0,622,421,0.7,4.4,3.0,3.0,1.9,290.0,104.0,,,139.0,60.0,279.0,87.0,322.0,108.0,247.0,80.0,,,,,,,,0.01,0.02,0.03,1.74,0.0,0.0,1.91,1.06,8.94,15,2,90.0,0.0,0.0,0.0,1.0,0.0,0.0,0.0,0.0,0.0,0.0,1.0,0.0,7.0,714.0,478.0,0.0,0.0,0.0,0.0,1.8699999999999992,25.19999999999999,10.700000000000003,2.0,3.799999999999997,3.0,6.0,4.0,9.0
610,Aaron,Wan-Bissaka,Wan-Bissaka,a,,,4.2,606,151.0,5.2,77,26.0,2.5,154.0,55.0,4,0,0.0,-3,3.0,9986,23792,0.6,5.7,2.5,2.5,2.2,254.0,95.0,100.0,100.0,149.0,66.0,80.0,19.0,312.0,101.0,169.0,56.0,,,,,,,,0.0,0.05,0.05,1.82,0.0,0.0,2.15,0.98,8.21,15,4,90.0,0.0,0.0,0.0,1.0,0.0,0.0,0.0,0.0,0.0,0.0,1.0,0.0,14.0,11666.0,27687.0,0.0,0.0,0.07,0.07,1.8699999999999974,27.0,46.2,2.0,7.5,1.0,9.0,2.0,10.0
613,Tomáš,Souček,Souček,a,,,5.7,115,75.0,0.3,329,113.0,1.2,264.0,123.0,1,0,0.0,-3,3.0,881,2968,0.2,5.4,1.2,1.2,2.6,218.0,96.0,100.0,100.0,177.0,71.0,322.0,177.0,64.0,37.0,170.0,89.0,,,,,,,,0.37,0.0,0.37,2.21,0.0,0.16,3.1,0.98,10.11,15,1,8.0,0.0,0.0,0.0,1.0,0.0,0.0,0.0,0.0,0.0,0.0,0.0,0.0,2.0,1192.0,3438.0,0.0,0.0,0.0,0.0,0.5399999999999991,1.0,0.0,0.0,0.09999999999999432,0.0,1.0,0.0,1.0
614,James,Ward-Prowse,Ward-Prowse,a,,,5.6,122,77.0,0.2,382,130.0,0.0,731.0,323.0,0,0,0.0,-4,4.0,359,773,0.0,2.0,0.0,0.0,2.2,261.0,116.0,,,318.0,146.0,74.0,54.0,370.0,189.0,254.0,127.0,,3.0,3.0,,,,,0.03,0.2,0.23,1.58,0.0,0.22,2.39,1.09,4.78,15,0,0.0,0.0,0.0,0.0,0.0,0.0,0.0,0.0,0.0,0.0,0.0,0.0,0.0,0.0,415.0,891.0,0.0,0.0,0.0,0.0,0.0,0.0,0.0,0.0,0.0,0.0,0.0,0.0,0.0
615,Crysencio,Summerville,Summerville,a,,,5.5,145,91.0,0.1,507,174.0,0.8,305.0,140.0,3,0,0.0,0,0.0,469,1014,0.1,4.7,0.8,0.4,2.6,217.0,95.0,100.0,50.0,290.0,129.0,174.0,118.0,105.0,62.0,228.0,116.0,2.0,,,,,,,0.16,0.06,0.22,1.5,0.0,0.13,1.65,1.14,7.99,15,3,71.0,0.0,0.0,1.0,0.0,0.0,0.0,0.0,0.0,0.0,0.0,1.0,0.0,0.0,488.0,1385.0,0.0,0.43000000000000005,0.009999999999999953,0.43999999999999995,0.8399999999999999,0.6000000000000085,3.799999999999997,25.0,2.8999999999999986,0.0,0.0,4.0,4.0
616,Edson,Álvarez Velázquez,Álvarez,u,Has joined Fenerbahçe on loan for the rest of the season.,,4.9,306,190.0,0.0,570,212.0,0.0,671.0,280.0,0,0,0.0,-1,1.0,0,54,0.0,0.0,0.0,0.0,0.0,703.0,299.0,0.0,0.0,705.0,299.0,701.0,299.0,693.0,297.0,705.0,299.0,,,,,,,,0.0,0.0,0.0,0.0,0.0,0.0,0.0,0.0,0.0,15,0,0.0,0.0,0.0,0.0,0.0,0.0,0.0,0.0,0.0,0.0,0.0,0.0,0.0,0.0,0.0,65.0,0.0,0.0,0.0,0.0,0.0,0.0,0.0,0.0,0.0,0.0,0.0,0.0,0.0
617,Maxwel,Cornet,Cornet,u,has joined Genoa on loan for the rest of the season.,,4.9,287,177.0,0.0,676,286.0,0.0,665.0,277.0,0,0,0.0,-1,1.0,0,15,0.0,0.0,0.0,0.0,0.0,699.0,296.0,0.0,0.0,701.0,296.0,697.0,296.0,687.0,293.0,701.0,296.0,,,,,,,,0.0,0.0,0.0,0.0,0.0,0.0,0.0,0.0,0.0,15,0,0.0,0.0,0.0,0.0,0.0,0.0,0.0,0.0,0.0,0.0,0.0,0.0,0.0,0.0,0.0,17.0,0.0,0.0,0.0,0.0,0.0,0.0,0.0,0.0,0.0,0.0,0.0,0.0,0.0
619,Luis Guilherme,Lira dos Santos,L.Guilherme,a,,,4.9,335,208.0,0.0,651,268.0,0.5,324.0,153.0,0,0,0.0,-1,1.0,35,66,0.1,1.0,0.5,0.5,1.0,425.0,200.0,100.0,100.0,412.0,189.0,347.0,183.0,382.0,194.0,418.0,194.0,,,,,,,,0.05,0.02,0.07,1.35,0.0,0.0,1.49,0.74,8.18,15,0,0.0,0.0,0.0,0.0,0.0,0.0,0.0,0.0,0.0,0.0,0.0,0.0,0.0,0.0,43.0,77.0,0.0,0.0,0.0,0.0,0.0,0.0,0.0,0.0,0.0,0.0,0.0,0.0,0.0
620,George,Earthy,Earthy,a,,,4.5,432,259.0,0.0,577,215.0,0.0,599.0,230.0,0,0,0.0,0,0.0,121,190,0.0,0.0,0.0,0.0,0.0,652.0,262.0,100.0,100.0,649.0,258.0,641.0,257.0,628.0,255.0,650.0,259.0,,,,,,,,0.0,0.0,0.0,0.0,0.0,0.0,0.0,0.0,0.0,15,0,0.0,0.0,0.0,0.0,0.0,0.0,0.0,0.0,0.0,0.0,0.0,0.0,0.0,0.0,156.0,213.0,0.0,0.0,0.0,0.0,0.0,0.0,0.0,0.0,0.0,0.0,0.0,0.0,0.0
746,Kieran,Morrison,Morrison,a,,,4.5,470,286.0,0.0,724,316.0,0.0,631.0,255.0,0,0,0.0,0,0.0,68,43,0.0,0.0,0.5,0.5,0.0,683.0,286.0,,,681.0,283.0,673.0,282.0,660.0,280.0,682.0,284.0,,,,,,,,0.0,0.0,0.0,0.0,0.0,0.0,0.0,0.0,0.0,15,0,0.0,0.0,0.0,0.0,0.0,0.0,0.0,0.0,0.0,0.0,0.0,0.0,0.0,0.0,75.0,52.0,0.0,0.0,0.0,0.0,0.0,0.0,0.0,0.0,0.0,0.0,0.0,0.0,0.0
424,Oscar,Bobb,Bobb,a,,,5.2,220,136.0,0.2,356,122.0,0.0,707.0,307.0,0,0,0.0,-3,3.0,213,1457,0.0,3.5,0.5,0.5,2.0,286.0,129.0,,,301.0,136.0,91.0,66.0,167.0,100.0,209.0,106.0,,,,,,,,0.08,0.22,0.3,0.99,0.0,0.39,0.97,0.97,5.62,15,0,0.0,0.0,0.0,0.0,0.0,0.0,0.0,0.0,0.0,0.0,0.0,0.0,0.0,0.0,268.0,1758.0,0.0,0.0,0.0,0.0,0.0,0.0,0.0,0.0,0.0,0.0,0.0,0.0,0.0
515,Morgan,Gibbs-White,Gibbs-White,a,,,7.3,26,16.0,3.1,101,33.0,3.8,86.0,40.0,2,0,0.0,-2,2.0,10347,57438,0.5,7.5,3.8,3.8,3.7,106.0,48.0,100.0,100.0,123.0,47.0,30.0,29.0,28.0,16.0,28.0,23.0,,2.0,2.0,,,,,0.22,0.09,0.31,1.5,0.0,0.14,1.57,1.0,4.86,15,2,90.0,0.0,0.0,0.0,3.0,0.0,0.0,0.0,0.0,0.0,0.0,1.0,0.0,7.0,14477.0,64073.0,0.0,0.0,0.010000000000000009,0.009999999999999787,1.120000000000001,5.599999999999994,3.0,2.0,1.0999999999999943,1.0,2.0,3.0,6.0
516,Callum,Hudson-Odoi,Hudson-Odoi,a,,,5.7,114,74.0,0.6,233,77.0,1.0,287.0,133.0,1,0,0.0,-3,3.0,1263,4203,0.2,4.6,1.0,1.0,1.9,295.0,133.0,100.0,100.0,225.0,96.0,50.0,40.0,124.0,72.0,114.0,65.0,,,,,,,,0.08,0.16,0.24,1.63,0.0,0.0,1.84,0.79,5.26,15,1,45.0,0.0,0.0,0.0,1.0,0.0,0.0,0.0,0.0,0.0,0.0,0.0,0.0,0.0,1602.0,5157.0,0.0,0.030000000000000027,0.010000000000000009,0.040000000000000036,0.6300000000000008,0.0,1.3000000000000114,1.0,0.10000000000000142,0.0,0.0,1.0,1.0
621,Andy,Irving,Irving,a,,,4.4,498,296.0,0.3,325,112.0,0.2,353.0,165.0,0,0,0.0,-1,1.0,211,2604,0.0,2.0,0.2,0.2,1.3,364.0,168.0,,,362.0,164.0,248.0,149.0,390.0,196.0,357.0,170.0,3.0,,,,,,,0.0,0.1,0.1,2.32,0.0,0.0,2.31,1.15,12.69,15,0,0.0,0.0,0.0,0.0,0.0,0.0,0.0,0.0,0.0,0.0,0.0,0.0,0.0,0.0,265.0,2903.0,0.0,0.0,0.0,0.0,0.0,0.0,0.0,0.0,0.0,0.0,0.0,0.0,0.0
622,Lewis,Orford,Orford,u,has joined Stevenage on loan for the rest of the season.,,4.4,520,305.0,0.1,542,197.0,0.0,558.0,201.0,0,0,0.0,-1,1.0,0,174,0.0,0.0,0.0,0.0,0.0,614.0,236.0,0.0,0.0,609.0,230.0,600.0,230.0,581.0,226.0,610.0,231.0,,,,,,,,0.0,0.0,0.0,0.0,0.0,0.0,0.0,0.0,0.0,15,0,0.0,0.0,0.0,0.0,0.0,0.0,0.0,0.0,0.0,0.0,0.0,0.0,0.0,0.0,0.0,192.0,0.0,0.0,0.0,0.0,0.0,0.0,0.0,0.0,0.0,0.0,0.0,0.0,0.0
623,Freddie,Potts,Potts,a,,,4.4,515,301.0,0.6,222,74.0,1.5,224.0,103.0,0,0,0.0,-1,1.0,3706,8454,0.3,3.6,1.5,1.5,1.6,335.0,154.0,100.0,100.0,276.0,121.0,160.0,110.0,354.0,181.0,285.0,140.0,1.0,,,,,,,0.0,0.05,0.05,1.63,0.0,0.0,1.59,0.79,9.84,15,0,26.0,0.0,0.0,0.0,1.0,0.0,0.0,0.0,1.0,0.0,0.0,0.0,0.0,3.0,4796.0,9234.0,0.0,0.0,0.14,0.13999999999999999,1.0600000000000005,2.0,14.299999999999997,0.0,1.6000000000000014,0.0,1.0,0.0,1.0
624,Jarrod,Bowen,Bowen,a,,,7.5,21,7.0,6.1,68,12.0,5.0,43.0,4.0,9,0,0.0,-5,5.0,111995,34395,0.7,8.8,5.0,5.0,4.4,59.0,4.0,,,59.0,4.0,57.0,2.0,6.0,4.0,21.0,5.0,,1.0,2.0,,,,,0.15,0.09,0.24,1.69,0.0,0.07,1.93,1.0,6.33,15,9,90.0,1.0,0.0,0.0,1.0,0.0,0.0,0.0,0.0,0.0,0.0,1.0,3.0,36.0,114859.0,46112.0,0.0,0.27000000000000024,0.010000000000000009,0.2799999999999998,1.870000000000001,44.60000000000002,4.299999999999983,53.0,10.200000000000003,1.0,1.0,5.0,7.0
625,Niclas,Füllkrug,Füllkrug,a,,,5.6,121,32.0,0.6,220,33.0,0.5,332.0,39.0,0,0,0.0,-4,4.0,831,1393,0.1,2.1,0.5,0.5,1.5,349.0,36.0,100.0,100.0,374.0,39.0,179.0,17.0,99.0,28.0,256.0,29.0,,,,,,,,0.21,0.05,0.26,1.9,0.0,0.22,2.43,1.11,4.2,15,0,0.0,0.0,0.0,0.0,0.0,0.0,0.0,0.0,0.0,0.0,0.0,0.0,0.0,0.0,937.0,1580.0,0.0,0.0,0.0,0.0,0.0,0.0,0.0,0.0,0.0,0.0,0.0,0.0,0.0
626,Callum,Marshall,Marshall,a,,,4.3,590,80.0,0.6,223,34.0,0.0,529.0,50.0,0,0,0.0,-2,2.0,1998,3043,0.0,0.5,0.0,0.0,1.0,401.0,45.0,,,442.0,51.0,429.0,54.0,353.0,49.0,434.0,50.0,,,,,,,,0.2,0.0,0.2,2.41,0.0,0.0,3.1,0.0,4.66,15,0,0.0,0.0,0.0,0.0,0.0,0.0,0.0,0.0,0.0,0.0,0.0,0.0,0.0,0.0,2366.0,3393.0,0.0,0.0,0.0,0.0,0.0,0.0,0.0,0.0,0.0,0.0,0.0,0.0,0.0
659,Kyle,Walker-Peters,Walker-Peters,a,,,4.3,552,129.0,0.3,332,119.0,0.0,506.0,208.0,0,0,0.0,-2,2.0,383,1824,0.0,4.9,0.0,0.0,1.9,289.0,103.0,,,235.0,92.0,254.0,76.0,198.0,47.0,258.0,85.0,,,,,,,,0.19,0.01,0.2,1.96,0.0,0.18,1.76,0.88,5.47,15,0,0.0,0.0,0.0,0.0,0.0,0.0,0.0,0.0,0.0,0.0,0.0,0.0,0.0,0.0,436.0,2088.0,0.0,0.0,0.0,0.0,0.0,0.0,0.0,0.0,0.0,0.0,0.0,0.0,0.0
671,Callum,Wilson,Wilson,a,,,5.8,104,28.0,0.9,193,29.0,5.0,39.0,2.0,4,0,0.0,-2,2.0,23136,15883,0.9,7.2,5.0,5.0,3.5,118.0,11.0,,,160.0,11.0,245.0,26.0,48.0,18.0,126.0,16.0,,,,,,,,0.42,0.02,0.44,1.34,0.0,0.15,1.51,0.9,3.17,15,4,18.0,0.0,1.0,0.0,1.0,0.0,0.0,0.0,0.0,0.0,0.0,0.0,0.0,11.0,27491.0,17760.0,0.0,0.10999999999999988,0.01999999999999999,0.13000000000000034,1.0299999999999994,16.19999999999999,10.299999999999997,10.0,3.6999999999999957,0.0,0.0,2.0,2.0
679,Mads,Hermansen,Hermansen,a,,,4.3,566,32.0,0.2,359,52.0,0.0,513.0,79.0,0,0,0.0,-2,2.0,130,909,0.0,2.1,0.0,0.0,2.2,255.0,23.0,,,275.0,25.0,563.0,73.0,540.0,61.0,358.0,25.0,,,,,,,,0.0,0.0,0.0,1.36,2.25,0.25,2.75,1.0,0.0,15,0,0.0,0.0,0.0,0.0,0.0,0.0,0.0,0.0,0.0,0.0,0.0,0.0,0.0,0.0,152.0,1038.0,0.0,0.0,0.0,0.0,0.0,0.0,0.0,0.0,0.0,0.0,0.0,0.0,0.0
708,Mateus Gonçalo,Espanha Fernandes,M.Fernandes,a,,,5.5,149,94.0,0.1,540,195.0,3.8,79.0,37.0,5,0,0.0,0,0.0,1131,731,0.7,7.8,3.8,3.8,3.3,136.0,61.0,,,113.0,42.0,39.0,33.0,250.0,138.0,86.0,53.0,4.0,,,,,,,0.06,0.08,0.14,1.46,0.0,0.18,1.38,1.11,10.6,15,5,81.0,0.0,0.0,1.0,0.0,0.0,0.0,0.0,0.0,0.0,0.0,1.0,0.0,30.0,1269.0,884.0,0.0,0.0,0.020000000000000018,0.020000000000000018,1.33,40.599999999999994,16.80000000000001,0.0,5.700000000000003,8.0,9.0,6.0,23.0
718,Soungoutou,Magassa,S.Magassa,a,,,5.0,277,172.0,0.0,666,277.0,3.2,110.0,50.0,1,0,0.0,0,0.0,220,222,0.6,3.8,3.2,3.2,2.1,267.0,121.0,,,272.0,119.0,326.0,179.0,307.0,162.0,324.0,156.0,,,,,,,,0.07,0.01,0.08,1.73,0.0,0.0,1.78,1.02,11.95,15,1,8.0,0.0,0.0,0.0,1.0,0.0,0.0,0.0,0.0,0.0,0.0,0.0,0.0,3.0,368.0,230.0,0.0,0.0,0.0,0.0,0.54,0.0,0.0,0.0,0.0,0.0,0.0,0.0,0.0
738,Lukasz,Fabianski,Fabianski,d,Back injury - 25% chance of playing,,4.5,394,20.0,0.0,628,79.0,0.0,577.0,82.0,0,0,0.0,0,0.0,43,230,0.0,0.0,0.0,0.0,0.0,631.0,84.0,25.0,25.0,628.0,84.0,618.0,76.0,600.0,65.0,629.0,84.0,,,,,,,,0.0,0.0,0.0,0.0,0.0,0.0,0.0,0.0,0.0,15,0,0.0,0.0,0.0,0.0,0.0,0.0,0.0,0.0,0.0,0.0,0.0,0.0,0.0,0.0,50.0,257.0,0.0,0.0,0.0,0.0,0.0,0.0,0.0,0.0,0.0,0.0,0.0,0.0,0.0
747,Ezra,Mayers,Mayers,a,,,4.0,676,193.0,0.0,678,231.0,0.2,345.0,123.0,1,0,0.0,0,0.0,185,129,0.0,0.2,0.2,0.2,1.0,393.0,141.0,,,436.0,157.0,544.0,219.0,515.0,210.0,445.0,159.0,,,,,,,,0.0,0.0,0.0,6.94,0.0,0.0,12.86,0.0,25.71,15,1,7.0,0.0,0.0,0.0,1.0,0.0,0.0,0.0,0.0,0.0,0.0,0.0,0.0,0.0,208.0,142.0,0.0,0.0,0.0,0.0,0.54,2.0,0.0,0.0,0.2,0.0,2.0,0.0,2.0
752,Airidas,Golambeckis,Golambeckis,a,,,4.0,682,199.0,0.0,698,239.0,0.0,492.0,200.0,0,0,0.0,0,0.0,81,91,0.0,0.0,0.0,0.0,0.0,568.0,223.0,,,563.0,225.0,550.0,225.0,521.0,216.0,563.0,225.0,,,,,,,,0.0,0.0,0.0,0.0,0.0,0.0,0.0,0.0,0.0,15,0,0.0,0.0,0.0,0.0,0.0,0.0,0.0,0.0,0.0,0.0,0.0,0.0,0.0,0.0,104.0,99.0,0.0,0.0,0.0,0.0,0.0,0.0,0.0,0.0,0.0,0.0,0.0,0.0,0.0
758,Mohamadou,Kanté,Mohamadou Kanté,a,,,4.5,480,293.0,0.0,745,328.0,0.5,316.0,146.0,0,0,0.0,0,0.0,164,42,0.1,0.2,0.5,0.5,1.0,408.0,189.0,,,689.0,290.0,681.0,289.0,378.0,192.0,446.0,205.0,,,,,,,,0.39,0.0,0.39,4.89,0.0,0.0,0.0,0.0,0.0,15,0,0.0,0.0,0.0,0.0,0.0,0.0,0.0,0.0,0.0,0.0,0.0,0.0,0.0,0.0,204.0,44.0,0.0,0.0,0.0,0.0,0.0,0.0,0.0,0.0,0.0,0.0,0.0,0.0,0.0
627,Sam,Johnstone,Johnstone,a,,,4.5,398,22.0,0.2,404,64.0,1.8,201.0,19.0,1,0,0.0,0,0.0,962,910,0.4,4.9,0.8,1.8,2.0,281.0,25.0,,,54.0,12.0,430.0,12.0,602.0,67.0,221.0,13.0,,,,,,,,0.0,0.0,0.0,1.59,3.36,0.0,2.0,1.0,0.0,15,1,90.0,0.0,0.0,0.0,4.0,0.0,0.0,0.0,0.0,0.0,4.0,1.0,0.0,6.0,1084.0,1516.0,0.0,0.0,0.0,0.0,4.100000000000001,39.0,0.0,0.0,3.8999999999999986,1.0,4.0,6.0,0.0
631,Emmanuel,Agbadou,Agbadou,a,,,4.3,581,144.0,0.2,401,150.0,2.2,168.0,59.0,2,0,0.0,-2,2.0,354,948,0.5,4.7,1.2,2.2,1.7,317.0,113.0,100.0,100.0,79.0,36.0,230.0,65.0,199.0,48.0,153.0,50.0,,5.0,,,,,,0.05,0.03,0.08,1.54,0.0,0.0,2.45,0.98,10.37,15,2,90.0,0.0,0.0,0.0,4.0,0.0,0.0,0.0,0.0,0.0,0.0,1.0,0.0,12.0,394.0,1271.0,0.0,0.020000000000000018,0.010000000000000009,0.029999999999999916,4.1,42.80000000000001,1.2000000000000028,17.0,6.100000000000001,4.0,11.0,10.0,15.0
632,Matt,Doherty,Doherty,a,,,4.4,488,101.0,0.1,488,178.0,0.0,539.0,214.0,0,0,0.0,-1,1.0,144,240,0.0,0.5,-1.0,0.0,0.5,453.0,157.0,100.0,100.0,329.0,121.0,327.0,109.0,377.0,136.0,369.0,126.0,,,,,,,,0.02,0.02,0.04,1.57,0.0,0.0,1.86,1.24,8.04,15,0,0.0,0.0,0.0,0.0,0.0,0.0,0.0,0.0,0.0,0.0,0.0,0.0,0.0,0.0,151.0,299.0,0.0,0.0,0.0,0.0,0.0,0.0,0.0,0.0,0.0,0.0,0.0,0.0,0.0
633,Hugo,Bueno López,H.Bueno,a,,,4.4,516,120.0,0.1,496,180.0,0.8,291.0,103.0,1,0,0.0,-1,1.0,331,711,0.2,5.5,-0.2,0.8,1.7,318.0,114.0,100.0,100.0,142.0,61.0,36.0,5.0,190.0,41.0,91.0,23.0,2.0,,,,,,,0.02,0.13,0.15,1.48,0.0,0.11,1.85,0.87,6.96,15,1,20.0,0.0,0.0,0.0,1.0,0.0,0.0,0.0,0.0,0.0,0.0,0.0,0.0,-3.0,346.0,954.0,0.0,0.0,0.0,0.0,0.9700000000000006,2.4000000000000057,0.8000000000000114,2.0,0.5,2.0,0.0,1.0,2.0
635,Rodrigo,Martins Gomes,R.Gomes,i,Groin Injury - Expected back 17 Jan,,4.4,512,118.0,0.1,545,196.0,0.0,554.0,223.0,0,0,0.0,-1,1.0,89,346,0.0,3.0,0.0,0.0,2.2,257.0,97.0,0.0,0.0,314.0,116.0,277.0,86.0,138.0,23.0,276.0,94.0,,,,,,,,0.26,0.06,0.32,1.17,0.0,0.0,2.45,1.09,4.89,15,0,0.0,0.0,0.0,0.0,0.0,0.0,0.0,0.0,0.0,0.0,0.0,0.0,0.0,0.0,97.0,423.0,0.0,0.0,0.0,0.0,0.0,0.0,0.0,0.0,0.0,0.0,0.0,0.0,0.0
636,Santiago,Ignacio Bueno,S.Bueno,a,,,4.4,500,111.0,0.1,504,185.0,0.0,545.0,219.0,0,0,0.0,-1,1.0,555,816,0.0,5.7,-1.0,0.0,3.1,154.0,59.0,,,147.0,65.0,258.0,78.0,193.0,44.0,214.0,71.0,,,,,,,,0.11,0.06,0.17,1.52,0.0,0.0,2.17,0.95,9.35,15,0,0.0,0.0,0.0,0.0,0.0,0.0,0.0,0.0,0.0,0.0,0.0,0.0,0.0,0.0,583.0,1154.0,0.0,0.0,0.0,0.0,0.0,0.0,0.0,0.0,0.0,0.0,0.0,0.0,0.0
637,Toti,Gomes,Toti,a,,,4.3,580,143.0,0.1,460,170.0,2.5,155.0,56.0,1,0,0.0,-2,2.0,366,576,0.6,3.7,1.5,2.5,1.3,363.0,130.0,100.0,100.0,146.0,64.0,192.0,48.0,289.0,91.0,220.0,72.0,,,,,,,,0.0,0.02,0.02,1.77,0.0,0.0,2.5,1.15,7.4,15,1,69.0,0.0,0.0,0.0,3.0,0.0,0.0,0.0,0.0,0.0,0.0,1.0,0.0,7.0,427.0,889.0,0.0,0.0,0.009999999999999981,0.010000000000000009,3.119999999999999,27.80000000000001,5.200000000000003,0.0,3.299999999999997,1.0,6.0,1.0,7.0
638,Ki-Jana,Hoever,Hoever,a,,,3.8,744,235.0,0.9,195,75.0,0.2,339.0,117.0,0,-1,1.0,-2,2.0,7378,4984,0.1,1.6,-0.8,0.2,0.9,444.0,149.0,100.0,100.0,281.0,109.0,195.0,50.0,329.0,112.0,297.0,102.0,,,,,,,,0.01,0.09,0.1,2.18,0.0,0.0,3.15,1.31,7.87,15,0,85.0,0.0,0.0,0.0,4.0,0.0,0.0,0.0,0.0,0.0,0.0,1.0,0.0,3.0,7434.0,5640.0,0.0,0.0,0.020000000000000018,0.019999999999999962,4.1000000000000005,21.599999999999994,15.599999999999994,0.0,3.6999999999999993,4.0,4.0,4.0,8.0
639,Bastien,Meupiyou Menadjou,Meupiyou,u,On loan to FC Alverca,,4.0,666,185.0,0.0,717,242.0,0.0,478.0,188.0,0,0,0.0,0,0.0,0,23,0.0,0.0,0.0,0.0,0.0,554.0,211.0,0.0,0.0,549.0,213.0,535.0,212.0,506.0,203.0,549.0,213.0,,,,,,,,0.0,0.0,0.0,0.0,0.0,0.0,0.0,0.0,0.0,15,0,0.0,0.0,0.0,0.0,0.0,0.0,0.0,0.0,0.0,0.0,0.0,0.0,0.0,0.0,0.0,24.0,0.0,0.0,0.0,0.0,0.0,0.0,0.0,0.0,0.0,0.0,0.0,0.0,0.0
467,Chido,Obi,Obi,a,,,4.2,612,83.0,1.4,156,22.0,0.0,497.0,45.0,0,-1,1.0,-3,3.0,15790,9150,0.0,0.0,0.0,0.0,0.0,571.0,56.0,,,566.0,56.0,554.0,55.0,527.0,54.0,566.0,56.0,,,,,,,,0.0,0.0,0.0,0.0,0.0,0.0,0.0,0.0,0.0,15,0,0.0,0.0,0.0,0.0,0.0,0.0,0.0,0.0,0.0,0.0,0.0,0.0,0.0,0.0,16025.0,10160.0,0.0,0.0,0.0,0.0,0.0,0.0,0.0,0.0,0.0,0.0,0.0,0.0,0.0
544,Habib,Diarra,Diarra,i,Groin Injury - Expected back 20 Dec,,5.3,204,127.0,0.0,603,234.0,0.0,712.0,310.0,0,0,0.0,-2,2.0,7,106,0.0,2.3,0.0,0.0,3.0,171.0,77.0,0.0,0.0,406.0,185.0,300.0,170.0,249.0,137.0,364.0,175.0,,,1.0,,,,,0.13,0.02,0.15,1.01,0.0,0.52,0.52,1.04,3.91,15,0,0.0,0.0,0.0,0.0,0.0,0.0,0.0,0.0,0.0,0.0,0.0,0.0,0.0,0.0,11.0,117.0,0.0,0.0,0.0,0.0,0.0,0.0,0.0,0.0,0.0,0.0,0.0,0.0,0.0
640,Pedro,Cardoso de Lima,Pedro Lima,u,has joined Porto on loan for the rest of the season.,,4.0,681,198.0,0.4,268,99.0,0.0,491.0,199.0,0,0,0.0,0,0.0,0,2109,0.0,0.0,0.0,0.0,0.0,567.0,222.0,0.0,0.0,562.0,224.0,549.0,224.0,520.0,215.0,562.0,224.0,,,,,,,,0.0,0.0,0.0,0.0,0.0,0.0,0.0,0.0,0.0,15,0,0.0,0.0,0.0,0.0,0.0,0.0,0.0,0.0,0.0,0.0,0.0,0.0,0.0,0.0,0.0,2334.0,0.0,0.0,0.0,0.0,0.0,0.0,0.0,0.0,0.0,0.0,0.0,0.0,0.0
644,Jean-Ricner,Bellegarde,Bellegarde,i,Hamstring injury - Expected back 24 Jan,,5.2,215,133.0,0.0,583,219.0,3.0,126.0,58.0,6,0,0.0,-3,3.0,129,353,0.6,4.8,0.0,3.0,1.8,305.0,140.0,0.0,100.0,238.0,103.0,170.0,115.0,153.0,91.0,226.0,114.0,3.0,4.0,,,,,,0.1,0.08,0.18,1.56,0.0,0.13,2.63,1.18,7.75,15,6,53.0,1.0,0.0,0.0,2.0,0.0,0.0,0.0,0.0,0.0,0.0,1.0,0.0,23.0,172.0,454.0,0.0,0.26999999999999996,0.019999999999999907,0.29000000000000004,2.209999999999999,44.0,3.0,18.0,6.5,2.0,3.0,4.0,9.0
645,Fer,López González,Fer López,a,,,5.2,226,140.0,0.0,633,256.0,0.2,369.0,176.0,1,0,0.0,-3,3.0,35,119,0.0,1.5,-0.8,0.2,1.3,370.0,173.0,100.0,75.0,371.0,170.0,244.0,148.0,278.0,148.0,341.0,166.0,,,,,,,,0.09,0.31,0.4,1.72,0.0,0.0,4.14,0.59,4.14,15,1,36.0,0.0,0.0,0.0,2.0,0.0,0.0,0.0,0.0,0.0,0.0,0.0,0.0,2.0,35.0,153.0,0.0,0.01999999999999999,0.010000000000000009,0.029999999999999916,1.89,0.0,0.7999999999999972,1.0,0.0,0.0,0.0,3.0,3.0
646,João Victor,Gomes da Silva,Gomes,a,,,5.3,198,123.0,0.1,493,171.0,2.0,191.0,84.0,0,0,0.0,-2,2.0,221,505,0.4,6.0,1.0,0.0,2.3,249.0,111.0,100.0,0.0,192.0,76.0,120.0,87.0,215.0,122.0,185.0,94.0,,,,,,,,0.05,0.04,0.09,1.48,0.0,0.08,1.97,0.98,11.87,15,0,0.0,0.0,0.0,0.0,0.0,0.0,0.0,0.0,0.0,0.0,0.0,0.0,0.0,0.0,235.0,887.0,0.0,0.0,0.0,0.0,0.0,0.0,0.0,0.0,0.0,0.0,0.0,0.0,0.0
647,Gonçalo Manuel,Ganchinho Guedes,Guedes,u,Has joined Real Sociedad permanently.,,5.5,136,85.0,0.0,739,323.0,0.0,726.0,319.0,0,0,0.0,0,0.0,0,2,0.0,0.0,0.0,0.0,0.0,741.0,327.0,0.0,0.0,743.0,327.0,742.0,327.0,740.0,326.0,743.0,327.0,,,,,,,,0.0,0.0,0.0,0.0,0.0,0.0,0.0,0.0,0.0,15,0,0.0,0.0,0.0,0.0,0.0,0.0,0.0,0.0,0.0,0.0,0.0,0.0,0.0,0.0,0.0,2.0,0.0,0.0,0.0,0.0,0.0,0.0,0.0,0.0,0.0,0.0,0.0,0.0,0.0
648,Marshall,Munetsi,Munetsi,i,Calf injury - Expected back 18 Jan,,5.4,170,105.0,0.1,553,204.0,0.8,303.0,139.0,0,0,0.0,-1,1.0,48,1333,0.1,7.0,0.0,0.2,2.9,182.0,81.0,0.0,25.0,182.0,72.0,229.0,142.0,57.0,33.0,142.0,73.0,,,,,,,,0.17,0.04,0.21,1.38,0.0,0.0,1.96,0.93,8.26,15,0,0.0,0.0,0.0,0.0,0.0,0.0,0.0,0.0,0.0,0.0,0.0,0.0,0.0,0.0,58.0,2026.0,0.0,0.0,0.0,0.0,0.0,0.0,0.0,0.0,0.0,0.0,0.0,0.0,0.0
649,Boubacar,Traoré,B.Traore,u,Has joined FC Metz on loan for the rest of the season.,,5.0,264,162.0,0.0,755,335.0,0.0,692.0,296.0,0,0,0.0,0,0.0,0,0,0.0,0.0,0.0,0.0,0.0,720.0,313.0,0.0,0.0,722.0,313.0,719.0,313.0,712.0,311.0,722.0,313.0,,,,,,,,0.0,0.0,0.0,0.0,0.0,0.0,0.0,0.0,0.0,15,0,0.0,0.0,0.0,0.0,0.0,0.0,0.0,0.0,0.0,0.0,0.0,0.0,0.0,0.0,0.0,0.0,0.0,0.0,0.0,0.0,0.0,0.0,0.0,0.0,0.0,0.0,0.0,0.0,0.0
652,Enso,González Medina,Gonzalez,a,,,4.3,594,333.0,1.3,167,57.0,0.0,533.0,189.0,0,0,0.0,-2,2.0,7897,9762,0.0,0.0,-1.0,0.0,0.0,594.0,225.0,,,590.0,219.0,581.0,219.0,560.0,215.0,591.0,220.0,,,,,,,,0.0,0.0,0.0,0.0,0.0,0.0,0.0,0.0,0.0,15,0,0.0,0.0,0.0,0.0,0.0,0.0,0.0,0.0,0.0,0.0,0.0,0.0,0.0,0.0,9296.0,10634.0,0.0,0.0,0.0,0.0,0.0,0.0,0.0,0.0,0.0,0.0,0.0,0.0,0.0
653,Joe,Hodge,Hodge,u,Signed by CD Tondela,,4.5,413,247.0,0.0,629,253.0,0.0,586.0,218.0,0,0,0.0,0,0.0,0,133,0.0,0.0,0.0,0.0,0.0,640.0,251.0,0.0,0.0,637.0,247.0,628.0,246.0,614.0,243.0,638.0,248.0,,,,,,,,0.0,0.0,0.0,0.0,0.0,0.0,0.0,0.0,0.0,15,0,0.0,0.0,0.0,0.0,0.0,0.0,0.0,0.0,0.0,0.0,0.0,0.0,0.0,0.0,0.0,142.0,0.0,0.0,0.0,0.0,0.0,0.0,0.0,0.0,0.0,0.0,0.0,0.0,0.0
654,Jørgen,Strand Larsen,Strand Larsen,a,,,6.2,79,25.0,1.0,186,27.0,1.8,216.0,23.0,1,0,0.0,-3,3.0,1977,8130,0.3,4.5,0.8,1.8,2.2,263.0,26.0,100.0,100.0,279.0,24.0,183.0,18.0,53.0,21.0,173.0,22.0,,,2.0,,,,,0.15,0.04,0.19,1.5,0.0,0.17,1.98,1.03,2.93,15,1,68.0,0.0,0.0,0.0,3.0,0.0,0.0,0.0,1.0,0.0,0.0,1.0,0.0,0.0,2413.0,10892.0,0.0,0.0,0.0,0.0,3.119999999999999,5.0,1.9000000000000057,6.0,1.2999999999999972,0.0,2.0,0.0,2.0
657,Leon,Chiwome,Chiwome,i,Knee injury - Unknown return date,,4.4,531,73.0,0.0,630,79.0,0.0,568.0,57.0,0,0,0.0,-1,1.0,168,140,0.0,0.0,0.0,0.0,0.0,623.0,66.0,0.0,0.0,619.0,66.0,610.0,65.0,591.0,65.0,620.0,66.0,,,,,,,,0.0,0.0,0.0,0.0,0.0,0.0,0.0,0.0,0.0,15,0,0.0,0.0,0.0,0.0,0.0,0.0,0.0,0.0,0.0,0.0,0.0,0.0,0.0,0.0,199.0,171.0,0.0,0.0,0.0,0.0,0.0,0.0,0.0,0.0,0.0,0.0,0.0,0.0,0.0
461,Jayce,Fitzgerald,Fitzgerald,a,,,4.4,528,310.0,0.0,601,232.0,0.0,565.0,205.0,0,0,0.0,-1,1.0,70,154,0.0,0.0,0.0,0.0,0.0,621.0,240.0,,,616.0,234.0,607.0,234.0,588.0,230.0,617.0,235.0,,,,,,,,0.0,0.0,0.0,0.0,0.0,0.0,0.0,0.0,0.0,15,0,0.0,0.0,0.0,0.0,0.0,0.0,0.0,0.0,0.0,0.0,0.0,0.0,0.0,0.0,79.0,168.0,0.0,0.0,0.0,0.0,0.0,0.0,0.0,0.0,0.0,0.0,0.0,0.0,0.0
491,Sandro,Tonali,Tonali,a,,,5.3,195,121.0,1.0,182,62.0,1.8,210.0,97.0,1,-1,1.0,-2,2.0,2504,11198,0.3,7.4,1.8,1.4,2.6,215.0,93.0,100.0,75.0,165.0,65.0,38.0,32.0,148.0,87.0,90.0,55.0,1.0,1.0,,,,,,0.04,0.12,0.16,1.01,0.0,0.45,0.89,1.07,8.77,15,1,1.0,0.0,0.0,0.0,0.0,0.0,0.0,0.0,0.0,0.0,0.0,0.0,0.0,3.0,2631.0,14714.0,0.0,0.0,0.0,0.0,0.23000000000000043,0.0,0.0,0.0,0.0,0.0,0.0,1.0,1.0
575,Micky,van de Ven,Van de Ven,a,,,4.7,378,67.0,29.6,10,3.0,1.5,227.0,82.0,6,0,0.0,2,-2.0,89677,182668,0.3,13.6,1.5,1.5,4.6,38.0,19.0,,,64.0,28.0,285.0,88.0,102.0,14.0,119.0,39.0,,,,,,,,0.14,0.02,0.16,1.27,0.0,0.36,1.15,1.01,6.12,15,6,90.0,0.0,0.0,1.0,0.0,0.0,0.0,0.0,0.0,0.0,0.0,1.0,0.0,25.0,96895.0,236834.0,0.0,0.050000000000000044,0.010000000000000009,0.06000000000000005,0.28999999999999915,14.800000000000011,1.2000000000000028,4.0,2.0,0.0,7.0,4.0,7.0
576,Ashley,Phillips,Phillips,u,Has joined Stoke City on loan for the rest of the season.,,4.0,663,183.0,0.0,690,235.0,0.0,475.0,186.0,0,0,0.0,0,0.0,0,28,0.0,0.0,0.0,0.0,0.0,551.0,209.0,0.0,0.0,546.0,211.0,532.0,210.0,503.0,201.0,546.0,211.0,,,,,,,,0.0,0.0,0.0,0.0,0.0,0.0,0.0,0.0,0.0,15,0,0.0,0.0,0.0,0.0,0.0,0.0,0.0,0.0,0.0,0.0,0.0,0.0,0.0,0.0,0.0,30.0,0.0,0.0,0.0,0.0,0.0,0.0,0.0,0.0,0.0,0.0,0.0,0.0,0.0
495,Isaac,Hayden,Hayden,u,Has departed the club as a free agent.,,4.5,401,244.0,0.0,719,312.0,0.0,580.0,215.0,0,0,0.0,0,0.0,0,15,0.0,0.0,0.0,0.0,0.0,634.0,248.0,0.0,0.0,631.0,244.0,621.0,243.0,604.0,240.0,632.0,245.0,,,,,,,,0.0,0.0,0.0,0.0,0.0,0.0,0.0,0.0,0.0,15,0,0.0,0.0,0.0,0.0,0.0,0.0,0.0,0.0,0.0,0.0,0.0,0.0,0.0,0.0,0.0,16.0,0.0,0.0,0.0,0.0,0.0,0.0,0.0,0.0,0.0,0.0,0.0,0.0,0.0
496,Garang,Kuol,Kuol,u,has joined Sparta Prague permanently.,,4.4,529,311.0,0.0,607,237.0,0.0,566.0,206.0,0,0,0.0,-1,1.0,0,115,0.0,0.0,0.0,0.0,0.0,622.0,241.0,0.0,0.0,617.0,235.0,608.0,235.0,589.0,231.0,618.0,236.0,,,,,,,,0.0,0.0,0.0,0.0,0.0,0.0,0.0,0.0,0.0,15,0,0.0,0.0,0.0,0.0,0.0,0.0,0.0,0.0,0.0,0.0,0.0,0.0,0.0,0.0,0.0,126.0,0.0,0.0,0.0,0.0,0.0,0.0,0.0,0.0,0.0,0.0,0.0,0.0,0.0
501,Sean,Neave,Neave,a,,,4.4,535,75.0,0.2,345,54.0,0.0,572.0,59.0,0,0,0.0,-1,1.0,718,1002,0.0,0.0,0.0,0.0,0.0,627.0,68.0,,,623.0,68.0,614.0,67.0,595.0,67.0,624.0,68.0,,,,,,,,0.0,0.0,0.0,0.0,0.0,0.0,0.0,0.0,0.0,15,0,0.0,0.0,0.0,0.0,0.0,0.0,0.0,0.0,0.0,0.0,0.0,0.0,0.0,0.0,822.0,1137.0,0.0,0.0,0.0,0.0,0.0,0.0,0.0,0.0,0.0,0.0,0.0,0.0,0.0
527,Taiwo,Awoniyi,Awoniyi,d,Lack of match fitness - 25% chance of playing,,5.2,213,46.0,0.3,316,51.0,0.0,704.0,72.0,0,0,0.0,-3,3.0,42,1602,0.0,0.8,0.0,0.0,1.0,430.0,50.0,25.0,25.0,402.0,43.0,314.0,36.0,268.0,44.0,367.0,43.0,,,,,,,,0.13,0.01,0.14,1.08,0.0,0.0,0.68,0.68,6.09,15,0,0.0,0.0,0.0,0.0,0.0,0.0,0.0,0.0,0.0,0.0,0.0,0.0,0.0,0.0,115.0,1875.0,0.0,0.0,0.0,0.0,0.0,0.0,0.0,0.0,0.0,0.0,0.0,0.0,0.0
669,Dan,Ndoye,Ndoye,a,,,5.5,146,92.0,0.9,192,64.0,2.0,193.0,85.0,1,-1,1.0,-5,5.0,865,12101,0.4,7.3,2.0,2.0,2.9,183.0,82.0,,,209.0,86.0,94.0,68.0,95.0,59.0,139.0,70.0,,,,,,,,0.07,0.11,0.18,1.25,0.0,0.18,1.45,1.27,7.05,15,1,45.0,0.0,0.0,0.0,2.0,0.0,0.0,0.0,0.0,0.0,0.0,1.0,0.0,8.0,1250.0,14240.0,0.0,0.0,0.0,0.0,0.4800000000000004,7.199999999999989,0.8999999999999773,0.0,0.7999999999999972,2.0,2.0,0.0,4.0
675,Angus,Gunn,Gunn,i,Knee injury - Unknown return date,,4.0,624,43.0,1.2,170,22.0,0.0,441.0,52.0,0,0,0.0,0,0.0,41,5778,0.0,0.0,0.0,0.0,0.0,518.0,58.0,0.0,0.0,513.0,58.0,499.0,46.0,468.0,32.0,513.0,58.0,,,,,,,,0.0,0.0,0.0,0.0,0.0,0.0,0.0,0.0,0.0,15,0,0.0,0.0,0.0,0.0,0.0,0.0,0.0,0.0,0.0,0.0,0.0,0.0,0.0,0.0,68.0,6446.0,0.0,0.0,0.0,0.0,0.0,0.0,0.0,0.0,0.0,0.0,0.0,0.0,0.0
361,Darko,Gyabi,Gyabi,u,has joined Hull City permanently.,,4.5,429,257.0,0.0,638,259.0,0.0,597.0,228.0,0,0,0.0,0,0.0,0,103,0.0,0.0,0.0,0.0,0.0,650.0,260.0,0.0,0.0,647.0,256.0,639.0,255.0,626.0,253.0,648.0,257.0,,,,,,,,0.0,0.0,0.0,0.0,0.0,0.0,0.0,0.0,0.0,15,0,0.0,0.0,0.0,0.0,0.0,0.0,0.0,0.0,0.0,0.0,0.0,0.0,0.0,0.0,0.0,122.0,0.0,0.0,0.0,0.0,0.0,0.0,0.0,0.0,0.0,0.0,0.0,0.0,0.0
503,Carlos Miguel,dos Santos Pereira,C.Miguel,u,Has joined Palmeiras permanently.,,4.0,649,56.0,0.1,506,76.0,0.0,463.0,65.0,0,0,0.0,0,0.0,0,304,0.0,0.0,0.0,0.0,0.0,540.0,71.0,0.0,0.0,535.0,71.0,521.0,59.0,491.0,45.0,535.0,71.0,,,,,,,,0.0,0.0,0.0,0.0,0.0,0.0,0.0,0.0,0.0,15,0,0.0,0.0,0.0,0.0,0.0,0.0,0.0,0.0,0.0,0.0,0.0,0.0,0.0,0.0,0.0,342.0,0.0,0.0,0.0,0.0,0.0,0.0,0.0,0.0,0.0,0.0,0.0,0.0,0.0
528,Anthony,Patterson,Patterson,a,,,4.3,558,30.0,0.2,377,56.0,0.0,509.0,77.0,0,0,0.0,-2,2.0,309,755,0.0,0.0,0.0,-0.5,0.0,577.0,82.0,,,572.0,82.0,560.0,71.0,537.0,59.0,573.0,82.0,,,,,,,,0.0,0.0,0.0,0.0,0.0,0.0,0.0,0.0,0.0,15,0,0.0,0.0,0.0,0.0,0.0,0.0,0.0,0.0,0.0,0.0,0.0,0.0,0.0,0.0,374.0,866.0,0.0,0.0,0.0,0.0,0.0,0.0,0.0,0.0,0.0,0.0,0.0,0.0,0.0
529,Simon,Moore,Moore,a,,,3.9,686,66.0,0.4,278,35.0,0.0,396.0,26.0,0,0,0.0,-1,1.0,799,1646,0.0,0.0,0.0,-0.5,0.0,475.0,32.0,,,471.0,32.0,455.0,19.0,423.0,5.0,470.0,32.0,,,,,,,,0.0,0.0,0.0,0.0,0.0,0.0,0.0,0.0,0.0,15,0,0.0,0.0,0.0,0.0,0.0,0.0,0.0,0.0,0.0,0.0,0.0,0.0,0.0,0.0,1316.0,1804.0,0.0,0.0,0.0,0.0,0.0,0.0,0.0,0.0,0.0,0.0,0.0,0.0,0.0
603,El Hadji Malick,Diouf,Diouf,a,,,4.1,618,159.0,2.3,122,46.0,3.2,106.0,37.0,6,-1,1.0,-4,4.0,6655,31612,0.8,10.7,3.2,3.2,2.9,175.0,67.0,,,89.0,38.0,88.0,23.0,235.0,64.0,107.0,30.0,,,,,,,,0.02,0.06,0.08,1.62,0.0,0.14,1.87,0.97,7.15,15,6,82.0,0.0,0.0,1.0,0.0,0.0,0.0,0.0,0.0,0.0,0.0,1.0,0.0,19.0,7313.0,36953.0,0.0,0.08000000000000002,0.0,0.07999999999999985,1.3299999999999983,8.0,1.0,5.0,1.3999999999999986,0.0,6.0,2.0,6.0
604,Emerson,Palmieri dos Santos,Emerson,u,has joined Marseille permanently.,,4.4,489,102.0,0.1,548,198.0,0.0,540.0,215.0,0,0,0.0,-1,1.0,0,124,0.0,0.0,0.0,0.0,0.0,599.0,228.0,0.0,0.0,595.0,230.0,586.0,230.0,565.0,225.0,596.0,230.0,,,,,,,,0.0,0.0,0.0,0.0,0.0,0.0,0.0,0.0,0.0,15,0,0.0,0.0,0.0,0.0,0.0,0.0,0.0,0.0,0.0,0.0,0.0,0.0,0.0,0.0,0.0,142.0,0.0,0.0,0.0,0.0,0.0,0.0,0.0,0.0,0.0,0.0,0.0,0.0,0.0
522,Ryan,Yates,Yates,i,Hamstring injury - Expected back 17 Jan,,4.7,372,232.0,0.1,487,166.0,1.0,280.0,129.0,1,0,0.0,-3,3.0,63,1794,0.2,3.2,0.0,1.0,1.4,357.0,165.0,0.0,,306.0,139.0,312.0,174.0,301.0,158.0,338.0,164.0,,,,,,,,0.02,0.05,0.07,1.05,0.0,0.0,1.51,0.3,9.93,15,1,16.0,0.0,0.0,0.0,0.0,0.0,0.0,0.0,0.0,0.0,0.0,0.0,0.0,6.0,168.0,1953.0,0.0,0.0,0.0,0.0,0.22999999999999998,1.6000000000000014,0.3999999999999986,0.0,0.1999999999999993,1.0,0.0,0.0,1.0
542,Jenson,Seelt,Seelt,u,has joined Wolfsburg on loan for the rest of the season.,,4.0,662,182.0,0.1,463,172.0,0.0,474.0,185.0,0,0,0.0,0,0.0,0,390,0.0,0.5,0.0,0.0,1.0,391.0,139.0,0.0,0.0,360.0,133.0,398.0,143.0,502.0,200.0,402.0,140.0,,,,,,,,0.0,0.01,0.01,0.9,0.0,0.0,1.35,0.68,8.12,15,0,0.0,0.0,0.0,0.0,0.0,0.0,0.0,0.0,0.0,0.0,0.0,0.0,0.0,0.0,0.0,449.0,0.0,0.0,0.0,0.0,0.0,0.0,0.0,0.0,0.0,0.0,0.0,0.0,0.0
611,Kaelan,Casey,Casey,u,Has joined Swansea City on loan for the rest of the season.,,4.0,661,181.0,0.1,505,186.0,0.0,473.0,184.0,0,0,0.0,0,0.0,0,319,0.0,0.0,0.0,0.0,0.0,550.0,208.0,0.0,0.0,545.0,210.0,531.0,209.0,501.0,199.0,545.0,210.0,,,,,,,,0.0,0.0,0.0,0.0,0.0,0.0,0.0,0.0,0.0,15,0,0.0,0.0,0.0,0.0,0.0,0.0,0.0,0.0,0.0,0.0,0.0,0.0,0.0,0.0,0.0,343.0,0.0,0.0,0.0,0.0,0.0,0.0,0.0,0.0,0.0,0.0,0.0,0.0,0.0
612,Lucas,Tolentino Coelho de Lima,L.Paquetá,a,,,5.9,99,65.0,1.4,157,53.0,0.5,334.0,159.0,3,0,0.0,-1,1.0,4071,15182,0.1,8.0,0.5,0.5,3.6,109.0,49.0,100.0,100.0,73.0,22.0,25.0,24.0,87.0,55.0,34.0,27.0,3.0,2.0,1.0,,,,,0.15,0.11,0.26,1.43,0.0,0.16,1.92,1.04,8.98,15,3,81.0,0.0,0.0,1.0,0.0,0.0,0.0,0.0,0.0,0.0,0.0,1.0,0.0,19.0,4669.0,18678.0,0.0,0.020000000000000018,0.09000000000000008,0.10999999999999988,1.3300000000000018,15.399999999999977,44.69999999999999,7.0,6.699999999999989,0.0,2.0,1.0,3.0
650,Tawanda,Chirewa,Chirewa,a,,,4.3,573,325.0,0.3,319,110.0,0.2,350.0,163.0,0,0,0.0,-2,2.0,1562,2375,0.0,0.2,-0.8,0.2,1.0,399.0,183.0,,,578.0,211.0,568.0,211.0,545.0,207.0,579.0,212.0,,,,,,,,0.0,0.0,0.0,1.93,0.0,0.0,0.0,0.0,8.57,15,0,0.0,0.0,0.0,0.0,0.0,0.0,0.0,0.0,0.0,0.0,0.0,0.0,0.0,0.0,1904.0,2651.0,0.0,0.0,0.0,0.0,0.0,0.0,0.0,0.0,0.0,0.0,0.0,0.0,0.0
651,Tom,Edozie,Edozie,a,,,4.3,595,334.0,0.4,288,100.0,0.0,534.0,190.0,0,0,0.0,-2,2.0,1338,3248,0.0,0.0,-1.0,0.0,0.0,595.0,226.0,,,591.0,220.0,582.0,220.0,561.0,216.0,592.0,221.0,,,,,,,,0.0,0.0,0.0,0.0,0.0,0.0,0.0,0.0,0.0,15,0,0.0,0.0,0.0,0.0,0.0,0.0,0.0,0.0,0.0,0.0,0.0,0.0,0.0,0.0,1632.0,3623.0,0.0,0.0,0.0,0.0,0.0,0.0,0.0,0.0,0.0,0.0,0.0,0.0,0.0
709,Ladislav,Krejcí,Krejčí,a,,,4.5,416,84.0,0.0,598,213.0,0.5,315.0,113.0,1,0,0.0,0,0.0,179,661,0.1,4.2,-0.5,0.4,1.9,292.0,106.0,100.0,75.0,115.0,50.0,173.0,41.0,101.0,13.0,122.0,41.0,,,,,,,,0.16,0.1,0.26,1.64,0.0,0.0,2.34,1.02,7.74,15,1,90.0,0.0,0.0,0.0,4.0,0.0,0.0,0.0,1.0,0.0,0.0,1.0,0.0,-8.0,188.0,846.0,0.0,0.050000000000000044,0.010000000000000009,0.06000000000000005,4.1,12.599999999999994,13.299999999999997,11.0,3.700000000000003,2.0,9.0,1.0,11.0
720,Tolu,Arokodare,Tolu,a,,,5.4,174,41.0,0.0,578,76.0,1.0,284.0,34.0,1,0,0.0,-1,1.0,305,537,0.2,2.4,0.0,1.0,1.2,378.0,41.0,,,372.0,38.0,289.0,33.0,174.0,36.0,319.0,37.0,,2.0,,,,,,0.13,0.02,0.15,1.45,0.0,0.0,2.95,0.89,7.08,15,1,21.0,0.0,0.0,0.0,1.0,0.0,0.0,0.0,0.0,0.0,0.0,0.0,0.0,2.0,345.0,674.0,0.0,0.0,0.009999999999999995,0.010000000000000009,0.9700000000000002,0.0,3.8000000000000043,2.0,0.5,0.0,0.0,0.0,0.0
8,Jurriën,Timber,J.Timber,d,Knock - 75% chance of playing,,6.5,54,1.0,34.4,6,2.0,2.8,151.0,53.0,3,1,-1.0,10,-10.0,332221,351856,0.4,12.0,2.8,3.8,5.2,19.0,9.0,75.0,,61.0,26.0,61.0,13.0,36.0,1.0,31.0,1.0,,,,,,,,0.23,0.05,0.28,0.62,0.0,0.45,0.68,0.98,6.09,15,3,90.0,0.0,0.0,0.0,2.0,0.0,0.0,0.0,0.0,0.0,0.0,1.0,0.0,7.0,367937.0,369831.0,0.0,0.22999999999999998,0.010000000000000009,0.2400000000000002,2.16,24.0,1.799999999999983,4.0,3.0,3.0,7.0,4.0,10.0
9,Jakub,Kiwior,Kiwior,u,has joined Porto on loan for the rest of the season.,,5.4,172,22.0,0.1,564,203.0,0.0,719.0,244.0,0,0,0.0,-1,1.0,0,37,0.0,0.0,0.0,0.0,0.0,737.0,248.0,0.0,0.0,739.0,250.0,738.0,250.0,734.0,249.0,739.0,250.0,,,,,,,,0.0,0.0,0.0,0.0,0.0,0.0,0.0,0.0,0.0,15,0,0.0,0.0,0.0,0.0,0.0,0.0,0.0,0.0,0.0,0.0,0.0,0.0,0.0,0.0,0.0,42.0,0.0,0.0,0.0,0.0,0.0,0.0,0.0,0.0,0.0,0.0,0.0,0.0,0.0
14,Maldini,Kacurri,Kacurri,u,has joined Morecambe on loan for the rest of the season.,,3.9,732,223.0,0.1,450,166.0,0.0,433.0,164.0,0,0,0.0,-1,1.0,0,422,0.0,0.0,0.0,0.0,0.0,510.0,188.0,0.0,0.0,505.0,190.0,490.0,189.0,459.0,178.0,505.0,190.0,,,,,,,,0.0,0.0,0.0,0.0,0.0,0.0,0.0,0.0,0.0,15,0,0.0,0.0,0.0,0.0,0.0,0.0,0.0,0.0,0.0,0.0,0.0,0.0,0.0,0.0,0.0,464.0,0.0,0.0,0.0,0.0,0.0,0.0,0.0,0.0,0.0,0.0,0.0,0.0,0.0
24,Christian,Nørgaard,Nørgaard,a,,,5.2,211,131.0,0.1,418,137.0,0.0,703.0,304.0,0,0,0.0,-3,3.0,287,433,0.0,0.4,1.0,1.0,1.0,429.0,203.0,100.0,100.0,420.0,194.0,432.0,206.0,360.0,187.0,426.0,197.0,,,,,,,,0.32,0.0,0.32,0.32,0.0,0.0,0.0,0.0,25.71,15,0,0.0,0.0,0.0,0.0,0.0,0.0,0.0,0.0,0.0,0.0,0.0,0.0,0.0,0.0,320.0,516.0,0.0,0.0,0.0,0.0,0.0,0.0,0.0,0.0,0.0,0.0,0.0,0.0,0.0
46,Yasin,Özcan,Yasin,u,has joined Anderlecht on loan for the rest of the season.,,4.0,672,190.0,0.1,427,160.0,0.0,483.0,192.0,0,0,0.0,0,0.0,0,393,0.0,0.0,0.0,0.0,0.0,559.0,215.0,0.0,0.0,554.0,217.0,540.0,216.0,511.0,207.0,554.0,217.0,,,,,,,,0.0,0.0,0.0,0.0,0.0,0.0,0.0,0.0,0.0,15,0,0.0,0.0,0.0,0.0,0.0,0.0,0.0,0.0,0.0,0.0,0.0,0.0,0.0,0.0,0.0,443.0,0.0,0.0,0.0,0.0,0.0,0.0,0.0,0.0,0.0,0.0,0.0,0.0,0.0
715,John Victor,Maciel Furtado,John,a,,,4.0,632,46.0,0.3,303,41.0,0.0,447.0,55.0,0,0,0.0,0,0.0,271,1332,0.0,0.0,0.0,0.0,0.0,524.0,61.0,,,519.0,61.0,505.0,49.0,475.0,35.0,519.0,61.0,,,,,,,,0.0,0.0,0.0,0.0,0.0,0.0,0.0,0.0,0.0,15,0,0.0,0.0,0.0,0.0,0.0,0.0,0.0,0.0,0.0,0.0,0.0,0.0,0.0,0.0,463.0,1452.0,0.0,0.0,0.0,0.0,0.0,0.0,0.0,0.0,0.0,0.0,0.0,0.0,0.0
598,Will,Lankshear,Lankshear,u,Has joined Oxford United on loan for the rest of the season.,,4.5,450,61.0,0.0,643,80.0,0.0,612.0,60.0,0,0,0.0,0,0.0,0,43,0.0,0.0,0.0,0.0,0.0,665.0,69.0,0.0,0.0,662.0,69.0,654.0,68.0,641.0,68.0,663.0,69.0,,,,,,,,0.0,0.0,0.0,0.0,0.0,0.0,0.0,0.0,0.0,15,0,0.0,0.0,0.0,0.0,0.0,0.0,0.0,0.0,0.0,0.0,0.0,0.0,0.0,0.0,0.0,51.0,0.0,0.0,0.0,0.0,0.0,0.0,0.0,0.0,0.0,0.0,0.0,0.0,0.0
618,Guido,Rodríguez,G.Rodriguez,a,,,4.8,344,216.0,0.0,579,216.0,0.5,319.0,149.0,2,0,0.0,-2,2.0,72,156,0.1,1.0,0.5,0.5,1.7,320.0,146.0,,,426.0,197.0,391.0,196.0,394.0,200.0,428.0,199.0,,,,,,,,0.02,0.02,0.04,1.05,0.0,0.59,1.18,1.18,5.92,15,2,63.0,0.0,0.0,1.0,0.0,0.0,0.0,0.0,1.0,0.0,0.0,1.0,0.0,5.0,80.0,168.0,0.0,0.0,0.010000000000000002,0.010000000000000009,0.81,1.8000000000000003,1.9000000000000004,0.0,0.3999999999999999,1.0,1.0,3.0,5.0
40,Tyrone,Mings,Mings,i,Hamstring injury - Expected back 03 Jan,,4.3,550,128.0,0.6,226,85.0,0.0,505.0,207.0,0,0,0.0,-2,2.0,47,4682,0.0,5.6,0.0,0.0,3.4,120.0,44.0,0.0,0.0,228.0,89.0,267.0,82.0,299.0,98.0,284.0,97.0,,,,,,,,0.06,0.02,0.08,1.59,0.0,0.36,1.09,1.09,7.42,15,0,0.0,0.0,0.0,0.0,0.0,0.0,0.0,0.0,0.0,0.0,0.0,0.0,0.0,0.0,58.0,5465.0,0.0,0.0,0.0,0.0,0.0,0.0,0.0,0.0,0.0,0.0,0.0,0.0,0.0
41,Pau,Torres,Pau,d,Calf injury - 75% chance of playing,,4.3,560,135.0,0.6,236,89.0,3.5,88.0,32.0,5,0,0.0,-2,2.0,12450,5360,0.8,9.1,2.6,2.5,3.2,138.0,53.0,75.0,,134.0,58.0,341.0,116.0,293.0,94.0,250.0,81.0,,,,,,,,0.02,0.02,0.04,1.34,0.0,0.28,1.04,0.95,6.9,15,5,85.0,0.0,1.0,0.0,1.0,0.0,0.0,0.0,0.0,0.0,0.0,1.0,0.0,17.0,13273.0,6538.0,0.0,0.0,0.01999999999999999,0.020000000000000018,1.8699999999999992,13.199999999999989,1.3000000000000007,4.0,1.9000000000000021,1.0,4.0,5.0,5.0
757,Ronnie,Hollingshead,Hollingshead,a,,,4.0,660,59.0,0.0,735,84.0,0.0,472.0,68.0,0,0,0.0,0,0.0,146,73,0.0,0.0,0.0,-1.0,0.0,549.0,74.0,,,544.0,74.0,530.0,62.0,500.0,48.0,544.0,74.0,,,,,,,,0.0,0.0,0.0,0.0,0.0,0.0,0.0,0.0,0.0,15,0,0.0,0.0,0.0,0.0,0.0,0.0,0.0,0.0,0.0,0.0,0.0,0.0,0.0,0.0,242.0,75.0,0.0,0.0,0.0,0.0,0.0,0.0,0.0,0.0,0.0,0.0,0.0,0.0,0.0
688,James,Wright,Wright,a,,,3.9,713,79.0,0.6,221,31.0,0.0,414.0,39.0,0,0,0.0,-1,1.0,4364,3433,0.0,0.0,0.0,-1.0,0.0,492.0,45.0,,,487.0,45.0,472.0,32.0,441.0,18.0,487.0,45.0,,,,,,,,0.0,0.0,0.0,0.0,0.0,0.0,0.0,0.0,0.0,15,0,0.0,0.0,0.0,0.0,0.0,0.0,0.0,0.0,0.0,0.0,0.0,0.0,0.0,0.0,7057.0,3748.0,0.0,0.0,0.0,0.0,0.0,0.0,0.0,0.0,0.0,0.0,0.0,0.0,0.0
701,Triston,Rowe,Rowe,u,has joined Annecy on loan for the rest of the season.,,4.0,669,187.0,0.1,494,179.0,0.0,481.0,190.0,0,0,0.0,0,0.0,0,232,0.0,0.0,0.0,0.0,0.0,557.0,213.0,0.0,0.0,552.0,215.0,538.0,214.0,509.0,205.0,552.0,215.0,,,,,,,,0.0,0.0,0.0,0.0,0.0,0.0,0.0,0.0,0.0,15,0,0.0,0.0,0.0,0.0,0.0,0.0,0.0,0.0,0.0,0.0,0.0,0.0,0.0,0.0,0.0,244.0,0.0,0.0,0.0,0.0,0.0,0.0,0.0,0.0,0.0,0.0,0.0,0.0,0.0
185,Václav,Hladký,Hladký,a,,,3.9,684,64.0,0.2,379,57.0,0.0,394.0,24.0,0,0,0.0,-1,1.0,1018,655,0.0,0.0,0.0,0.0,0.0,474.0,31.0,,,470.0,31.0,453.0,17.0,421.0,3.0,469.0,31.0,,,,,,,,0.0,0.0,0.0,0.0,0.0,0.0,0.0,0.0,0.0,15,0,0.0,0.0,0.0,0.0,0.0,0.0,0.0,0.0,0.0,0.0,0.0,0.0,0.0,0.0,1236.0,813.0,0.0,0.0,0.0,0.0,0.0,0.0,0.0,0.0,0.0,0.0,0.0,0.0,0.0
186,Connor,Roberts,Roberts,i,Achilles injury - Unknown return date,,4.4,492,105.0,0.0,625,218.0,0.0,542.0,217.0,0,0,0.0,-1,1.0,16,74,0.0,0.0,0.0,0.0,0.0,601.0,230.0,0.0,0.0,597.0,232.0,588.0,232.0,567.0,227.0,598.0,232.0,,,,,,,,0.0,0.0,0.0,0.0,0.0,0.0,0.0,0.0,0.0,15,0,0.0,0.0,0.0,0.0,0.0,0.0,0.0,0.0,0.0,0.0,0.0,0.0,0.0,0.0,17.0,112.0,0.0,0.0,0.0,0.0,0.0,0.0,0.0,0.0,0.0,0.0,0.0,0.0,0.0
1,David,Raya Martín,Raya,a,,,6.0,89,1.0,36.2,5,1.0,3.2,116.0,8.0,2,1,-1.0,5,-5.0,328238,48994,0.5,11.0,4.2,4.2,4.4,56.0,4.0,,,117.0,16.0,364.0,3.0,749.0,88.0,252.0,16.0,,,,,,,,0.0,0.0,0.0,0.64,1.67,0.53,0.6,1.0,0.0,15,2,90.0,0.0,0.0,0.0,2.0,0.0,0.0,0.0,0.0,0.0,4.0,1.0,0.0,13.0,360732.0,56244.0,0.0,0.0,0.0,0.0,2.1599999999999993,35.19999999999999,0.0,0.0,3.5,0.0,0.0,7.0,0.0
3,Karl,Hein,Hein,u,Has joined Werder Bremen on loan for the rest of the season.,,4.0,646,54.0,0.2,341,50.0,0.0,461.0,63.0,0,0,0.0,0,0.0,0,1075,0.0,0.0,0.0,0.0,0.0,538.0,69.0,0.0,0.0,533.0,69.0,519.0,57.0,489.0,43.0,533.0,69.0,,,,,,,,0.0,0.0,0.0,0.0,0.0,0.0,0.0,0.0,0.0,15,0,0.0,0.0,0.0,0.0,0.0,0.0,0.0,0.0,0.0,0.0,0.0,0.0,0.0,0.0,0.0,1211.0,0.0,0.0,0.0,0.0,0.0,0.0,0.0,0.0,0.0,0.0,0.0,0.0,0.0
205,Josh,Cullen,Cullen,a,,,5.0,243,150.0,2.0,131,43.0,2.5,158.0,70.0,2,0,0.0,0,0.0,11778,38754,0.5,12.6,2.5,2.5,4.2,70.0,32.0,,,51.0,15.0,78.0,58.0,169.0,102.0,76.0,44.0,,,,,,,,0.06,0.08,0.14,2.01,0.0,0.21,1.76,1.05,10.4,15,2,90.0,0.0,0.0,0.0,2.0,0.0,0.0,0.0,0.0,0.0,0.0,1.0,0.0,17.0,13905.0,44263.0,0.0,0.06000000000000005,0.32000000000000006,0.3799999999999999,1.7699999999999996,10.400000000000034,15.200000000000017,7.0,3.3000000000000043,0.0,2.0,2.0,4.0
206,Marcus,Edwards,Edwards,a,,,4.7,371,231.0,0.1,559,208.0,0.5,317.0,147.0,1,0,0.0,-3,3.0,180,362,0.1,1.1,0.5,0.5,1.0,413.0,192.0,,,408.0,186.0,302.0,171.0,280.0,149.0,374.0,179.0,,3.0,,,,,,0.43,0.49,0.92,1.72,0.0,0.0,1.64,0.0,3.27,15,1,1.0,0.0,0.0,0.0,0.0,0.0,0.0,0.0,0.0,0.0,0.0,0.0,0.0,8.0,200.0,417.0,0.0,0.0,0.19999999999999998,0.20000000000000007,0.040000000000000036,4.2,14.0,2.0,2.0,0.0,0.0,0.0,0.0
207,Hannibal,Mejbri,Hannibal,s,Suspended until 30 Dec,,4.8,358,223.0,0.1,455,151.0,0.2,361.0,169.0,0,0,0.0,-2,2.0,45,1625,0.0,4.6,0.0,0.0,1.7,321.0,147.0,0.0,0.0,320.0,147.0,153.0,106.0,287.0,153.0,282.0,139.0,,4.0,,,,,,0.06,0.17,0.23,2.54,0.0,0.23,2.28,0.91,7.97,15,0,0.0,0.0,0.0,0.0,0.0,0.0,0.0,0.0,0.0,0.0,0.0,0.0,0.0,0.0,71.0,1906.0,0.0,0.0,0.0,0.0,0.0,0.0,0.0,0.0,0.0,0.0,0.0,0.0,0.0
208,Luca,Koleosho,Koleosho,u,Has joined Espanyol on loan for the rest of the season.,,5.0,267,163.0,0.0,697,298.0,0.0,694.0,297.0,0,0,0.0,0,0.0,0,8,0.0,0.0,0.0,0.0,0.0,722.0,314.0,0.0,0.0,724.0,314.0,721.0,314.0,714.0,312.0,724.0,314.0,,,,,,,,0.0,0.0,0.0,0.0,0.0,0.0,0.0,0.0,0.0,15,0,0.0,0.0,0.0,0.0,0.0,0.0,0.0,0.0,0.0,0.0,0.0,0.0,0.0,0.0,0.0,8.0,0.0,0.0,0.0,0.0,0.0,0.0,0.0,0.0,0.0,0.0,0.0,0.0,0.0
754,George,Hemmings,George Hemmings,a,,,4.5,464,280.0,0.0,748,331.0,0.0,626.0,250.0,0,0,0.0,0,0.0,72,40,0.0,0.0,0.0,-1.0,0.0,678.0,281.0,,,676.0,278.0,668.0,277.0,655.0,275.0,677.0,279.0,,,,,,,,0.0,0.0,0.0,0.0,0.0,0.0,0.0,0.0,0.0,15,0,0.0,0.0,0.0,0.0,0.0,0.0,0.0,0.0,0.0,0.0,0.0,0.0,0.0,0.0,80.0,43.0,0.0,0.0,0.0,0.0,0.0,0.0,0.0,0.0,0.0,0.0,0.0,0.0,0.0
202,Jacob,Bruun Larsen,Bruun Larsen,a,,,5.3,188,115.0,0.0,619,247.0,1.2,262.0,121.0,2,0,0.0,-2,2.0,201,177,0.2,4.0,1.2,1.2,1.6,338.0,157.0,100.0,100.0,294.0,132.0,172.0,117.0,158.0,96.0,249.0,126.0,3.0,1.0,3.0,,,,,0.07,0.11,0.18,2.27,0.0,0.16,2.68,0.79,5.21,15,2,85.0,0.0,0.0,0.0,2.0,0.0,0.0,0.0,0.0,0.0,0.0,1.0,0.0,10.0,219.0,215.0,0.0,0.04999999999999999,0.020000000000000018,0.06999999999999984,1.7200000000000006,14.200000000000003,9.800000000000011,8.0,3.1999999999999993,6.0,2.0,2.0,10.0
152,Joël,Veltman,Veltman,a,,,4.3,546,124.0,0.1,451,167.0,0.8,290.0,102.0,0,0,0.0,-2,2.0,365,615,0.2,2.3,0.3,0.8,1.2,374.0,132.0,100.0,100.0,287.0,111.0,328.0,110.0,365.0,129.0,342.0,114.0,,,,,,,,0.0,0.0,0.0,1.89,0.0,0.0,1.76,1.01,10.81,15,0,0.0,0.0,0.0,0.0,0.0,0.0,0.0,0.0,0.0,0.0,0.0,0.0,0.0,0.0,447.0,707.0,0.0,0.0,0.0,0.0,0.0,0.0,0.0,0.0,0.0,0.0,0.0,0.0,0.0
153,Adam,Webster,Webster,i,Knee injury - Unknown return date,,4.4,490,103.0,0.0,718,243.0,0.0,541.0,216.0,0,0,0.0,-1,1.0,26,19,0.0,0.0,0.0,0.0,0.0,600.0,229.0,0.0,0.0,596.0,231.0,587.0,231.0,566.0,226.0,597.0,231.0,,,,,,,,0.0,0.0,0.0,0.0,0.0,0.0,0.0,0.0,0.0,15,0,0.0,0.0,0.0,0.0,0.0,0.0,0.0,0.0,0.0,0.0,0.0,0.0,0.0,0.0,26.0,23.0,0.0,0.0,0.0,0.0,0.0,0.0,0.0,0.0,0.0,0.0,0.0,0.0,0.0
154,Eiran,Cashin,Cashin,u,Has joined Birmingham on loan for the rest of the season.,,4.0,639,168.0,0.0,728,245.0,0.0,454.0,174.0,0,0,0.0,0,0.0,0,18,0.0,0.0,0.0,0.0,0.0,531.0,198.0,0.0,0.0,526.0,200.0,512.0,199.0,482.0,189.0,526.0,200.0,,,,,,,,0.0,0.0,0.0,0.0,0.0,0.0,0.0,0.0,0.0,15,0,0.0,0.0,0.0,0.0,0.0,0.0,0.0,0.0,0.0,0.0,0.0,0.0,0.0,0.0,0.0,24.0,0.0,0.0,0.0,0.0,0.0,0.0,0.0,0.0,0.0,0.0,0.0,0.0,0.0
155,Jacob,Slater,Slater,u,has joined Harrogate Town on loan until January.,,4.0,674,191.0,0.1,465,173.0,0.0,485.0,193.0,0,0,0.0,0,0.0,0,309,0.0,0.0,0.0,0.0,0.0,561.0,216.0,0.0,0.0,556.0,218.0,542.0,217.0,513.0,208.0,556.0,218.0,,,,,,,,0.0,0.0,0.0,0.0,0.0,0.0,0.0,0.0,0.0,15,0,0.0,0.0,0.0,0.0,0.0,0.0,0.0,0.0,0.0,0.0,0.0,0.0,0.0,0.0,0.0,350.0,0.0,0.0,0.0,0.0,0.0,0.0,0.0,0.0,0.0,0.0,0.0,0.0,0.0
163,Jack,Hinshelwood,Hinshelwood,a,,,5.1,240,147.0,0.0,591,225.0,4.2,65.0,31.0,1,0,0.0,-4,4.0,443,695,0.8,4.1,3.7,4.2,3.0,170.0,76.0,100.0,100.0,285.0,125.0,270.0,157.0,286.0,152.0,310.0,149.0,,,,,,,,0.13,0.05,0.18,2.21,0.0,0.0,2.45,0.7,9.46,15,1,30.0,0.0,0.0,0.0,1.0,0.0,0.0,0.0,0.0,0.0,0.0,0.0,0.0,4.0,875.0,731.0,0.0,0.0,0.07,0.07,0.41999999999999993,5.200000000000003,13.299999999999997,0.0,1.9000000000000004,0.0,0.0,1.0,1.0
164,Matt,O'Riley,O'Riley,u,has joined Marseille on loan for the rest of the season.,,5.5,139,88.0,0.4,292,102.0,0.0,728.0,321.0,0,0,0.0,0,0.0,0,460,0.0,2.2,0.0,0.0,6.0,6.0,1.0,0.0,0.0,313.0,142.0,217.0,135.0,210.0,120.0,286.0,141.0,,,,,,,,0.62,0.09,0.71,1.08,0.0,0.51,1.02,1.02,4.58,15,0,0.0,0.0,0.0,0.0,0.0,0.0,0.0,0.0,0.0,0.0,0.0,0.0,0.0,0.0,0.0,533.0,0.0,0.0,0.0,0.0,0.0,0.0,0.0,0.0,0.0,0.0,0.0,0.0,0.0
165,Abdallah,Sima,Sima,u,has joined Lens permanently.,,5.4,180,112.0,0.0,694,297.0,0.0,722.0,317.0,0,0,0.0,-1,1.0,0,13,0.0,0.0,0.0,0.0,0.0,739.0,325.0,0.0,0.0,741.0,325.0,740.0,325.0,736.0,324.0,741.0,325.0,,,,,,,,0.0,0.0,0.0,0.0,0.0,0.0,0.0,0.0,0.0,15,0,0.0,0.0,0.0,0.0,0.0,0.0,0.0,0.0,0.0,0.0,0.0,0.0,0.0,0.0,0.0,15.0,0.0,0.0,0.0,0.0,0.0,0.0,0.0,0.0,0.0,0.0,0.0,0.0,0.0
199,Joe,Worrall,Worrall,a,,,3.9,696,202.0,0.2,387,141.0,0.2,342.0,120.0,1,0,0.0,-1,1.0,167,1075,0.1,1.3,0.2,0.2,1.0,390.0,138.0,,,377.0,139.0,416.0,153.0,387.0,141.0,411.0,145.0,,,,,,,,0.0,0.01,0.01,3.57,0.0,0.0,2.81,0.0,19.69,15,1,45.0,0.0,0.0,0.0,0.0,0.0,0.0,0.0,0.0,0.0,0.0,0.0,0.0,5.0,185.0,1205.0,0.0,0.0,0.01,0.01,0.3700000000000001,13.8,0.3,2.0,1.5999999999999999,1.0,7.0,1.0,8.0
218,Ashley,Barnes,Barnes,a,,,4.3,540,76.0,1.2,175,25.0,0.0,499.0,46.0,0,0,0.0,-2,2.0,5058,8619,0.0,0.2,0.0,0.0,1.0,396.0,44.0,,,449.0,54.0,422.0,52.0,529.0,55.0,449.0,55.0,,,2.0,,,,,0.0,0.0,0.0,4.37,0.0,0.0,0.0,0.0,12.86,15,0,0.0,0.0,0.0,0.0,0.0,0.0,0.0,0.0,0.0,0.0,0.0,0.0,0.0,0.0,5686.0,9784.0,0.0,0.0,0.0,0.0,0.0,0.0,0.0,0.0,0.0,0.0,0.0,0.0,0.0
219,Michael,Obafemi,Obafemi,u,has joined VfL Bochum  on loan for the rest of the season.,,4.4,496,68.0,0.1,429,61.0,0.0,544.0,52.0,0,0,0.0,-1,1.0,0,438,0.0,0.0,0.0,0.0,0.0,602.0,61.0,0.0,0.0,598.0,61.0,589.0,60.0,568.0,60.0,599.0,61.0,,,,,,,,0.0,0.0,0.0,0.0,0.0,0.0,0.0,0.0,0.0,15,0,0.0,0.0,0.0,0.0,0.0,0.0,0.0,0.0,0.0,0.0,0.0,0.0,0.0,0.0,0.0,506.0,0.0,0.0,0.0,0.0,0.0,0.0,0.0,0.0,0.0,0.0,0.0,0.0,0.0
69,Callan,McKenna,McKenna,a,,,4.0,668,61.0,0.2,375,55.0,0.0,480.0,70.0,0,0,0.0,0,0.0,183,671,0.0,0.0,0.0,0.0,0.0,556.0,76.0,,,551.0,76.0,537.0,64.0,508.0,50.0,551.0,76.0,,,,,,,,0.0,0.0,0.0,0.0,0.0,0.0,0.0,0.0,0.0,15,0,0.0,0.0,0.0,0.0,0.0,0.0,0.0,0.0,0.0,0.0,0.0,0.0,0.0,0.0,314.0,744.0,0.0,0.0,0.0,0.0,0.0,0.0,0.0,0.0,0.0,0.0,0.0,0.0,0.0
114,Benjamin,Arthur,Arthur,a,,,3.9,735,226.0,0.2,353,127.0,0.0,436.0,167.0,0,0,0.0,-1,1.0,272,939,0.0,0.0,0.0,0.0,0.0,513.0,191.0,100.0,100.0,508.0,193.0,493.0,192.0,462.0,181.0,508.0,193.0,,,,,,,,0.0,0.0,0.0,0.0,0.0,0.0,0.0,0.0,0.0,15,0,0.0,0.0,0.0,0.0,0.0,0.0,0.0,0.0,0.0,0.0,0.0,0.0,0.0,0.0,330.0,1097.0,0.0,0.0,0.0,0.0,0.0,0.0,0.0,0.0,0.0,0.0,0.0,0.0,0.0
453,Alejandro,Garnacho Ferreyra,Garnacho,a,,,6.4,68,45.0,0.6,227,75.0,1.2,267.0,126.0,3,0,0.0,-1,1.0,3017,18424,0.2,4.5,1.2,1.2,3.2,151.0,69.0,,,244.0,106.0,105.0,75.0,75.0,44.0,149.0,78.0,,,,,,,,0.18,0.38,0.56,1.43,0.0,0.55,0.91,1.1,4.21,15,3,76.0,0.0,0.0,1.0,0.0,0.0,0.0,0.0,0.0,0.0,0.0,1.0,0.0,8.0,3908.0,23828.0,0.0,0.13,0.18999999999999995,0.31999999999999984,1.3899999999999997,2.5999999999999943,21.80000000000001,11.0,3.5,0.0,0.0,3.0,3.0
102,Ellery,Balcombe,Balcombe,a,,,4.0,635,48.0,0.3,327,46.0,0.0,450.0,57.0,0,0,0.0,0,0.0,281,850,0.0,0.0,0.0,0.0,0.0,527.0,63.0,,,522.0,63.0,508.0,51.0,478.0,37.0,522.0,63.0,,,,,,,,0.0,0.0,0.0,0.0,0.0,0.0,0.0,0.0,0.0,15,0,0.0,0.0,0.0,0.0,0.0,0.0,0.0,0.0,0.0,0.0,0.0,0.0,0.0,0.0,317.0,969.0,0.0,0.0,0.0,0.0,0.0,0.0,0.0,0.0,0.0,0.0,0.0,0.0,0.0
116,Aaron,Hickey,Hickey,a,,,4.0,647,172.0,0.4,271,100.0,2.5,153.0,54.0,1,0,0.0,0,0.0,5311,2693,0.6,4.5,2.5,2.5,2.0,278.0,99.0,100.0,100.0,337.0,124.0,377.0,131.0,275.0,84.0,354.0,120.0,,,,,,,,0.09,0.04,0.13,0.84,0.0,0.26,1.29,1.03,6.43,15,1,14.0,0.0,0.0,0.0,0.0,0.0,0.0,0.0,0.0,0.0,0.0,0.0,0.0,3.0,5971.0,2984.0,0.0,0.0,0.0,0.0,0.33000000000000007,0.19999999999999574,0.09999999999999964,0.0,0.0,0.0,0.0,1.0,0.0
117,Kim,Ji-soo,Ji-soo,u,has joined Kaiserslautern on loan for the rest of the season.,,3.9,729,221.0,0.1,475,175.0,0.0,430.0,162.0,0,0,0.0,-1,1.0,0,317,0.0,0.0,0.0,0.0,0.0,508.0,187.0,0.0,0.0,503.0,189.0,488.0,188.0,457.0,177.0,503.0,189.0,,,,,,,,0.0,0.0,0.0,0.0,0.0,0.0,0.0,0.0,0.0,15,0,0.0,0.0,0.0,0.0,0.0,0.0,0.0,0.0,0.0,0.0,0.0,0.0,0.0,0.0,0.0,363.0,0.0,0.0,0.0,0.0,0.0,0.0,0.0,0.0,0.0,0.0,0.0,0.0,0.0
672,Jorrel,Hato,Hato,a,,,4.7,380,68.0,0.2,391,145.0,0.0,646.0,232.0,0,0,0.0,-3,3.0,202,577,0.0,0.6,0.0,0.0,0.8,447.0,152.0,,,380.0,141.0,395.0,142.0,368.0,131.0,405.0,142.0,,,,,,,,0.0,0.01,0.01,1.36,0.0,0.0,1.08,1.08,4.34,15,0,0.0,0.0,0.0,0.0,0.0,0.0,0.0,0.0,0.0,0.0,0.0,0.0,0.0,0.0,222.0,669.0,0.0,0.0,0.0,0.0,0.0,0.0,0.0,0.0,0.0,0.0,0.0,0.0,0.0
743,Landon,Emenalo,Emenalo,a,,,4.5,476,290.0,0.0,706,303.0,0.0,636.0,259.0,0,0,0.0,0,0.0,64,86,0.0,0.0,0.0,0.0,0.0,686.0,288.0,,,686.0,287.0,678.0,286.0,665.0,284.0,687.0,288.0,,,,,,,,0.0,0.0,0.0,0.0,0.0,0.0,0.0,0.0,0.0,15,0,0.0,0.0,0.0,0.0,0.0,0.0,0.0,0.0,0.0,0.0,0.0,0.0,0.0,0.0,74.0,94.0,0.0,0.0,0.0,0.0,0.0,0.0,0.0,0.0,0.0,0.0,0.0,0.0,0.0
253,Dean,Henderson,Henderson,a,,,5.1,230,8.0,8.7,47,6.0,4.5,56.0,4.0,3,0,0.0,1,-1.0,37280,62605,0.9,12.4,4.0,4.5,4.2,71.0,6.0,,,55.0,13.0,372.0,10.0,723.0,83.0,215.0,12.0,,,,,,,,0.0,0.0,0.0,1.17,2.4,0.47,0.8,1.0,0.0,15,3,90.0,0.0,0.0,0.0,1.0,0.0,0.0,0.0,0.0,0.0,3.0,1.0,0.0,14.0,55368.0,67241.0,0.0,0.0,0.010000000000000009,0.010000000000000009,0.7600000000000016,21.599999999999966,0.0,0.0,2.200000000000003,0.0,1.0,11.0,0.0
254,Walter,Benítez,Benitez,a,,,4.0,626,45.0,0.3,313,43.0,0.0,443.0,54.0,0,0,0.0,0,0.0,360,992,0.0,0.0,-0.5,0.0,0.0,520.0,60.0,100.0,100.0,515.0,60.0,501.0,48.0,470.0,34.0,515.0,60.0,,,,,,,,0.0,0.0,0.0,0.0,0.0,0.0,0.0,0.0,0.0,15,0,0.0,0.0,0.0,0.0,0.0,0.0,0.0,0.0,0.0,0.0,0.0,0.0,0.0,0.0,416.0,1123.0,0.0,0.0,0.0,0.0,0.0,0.0,0.0,0.0,0.0,0.0,0.0,0.0,0.0
256,Daniel,Muñoz Mejía,Muñoz,i,Knee injury - Expected back 17 Jan,,6.0,90,4.0,18.0,20,6.0,7.2,6.0,2.0,0,-1,1.0,5,-5.0,123943,1111931,1.2,14.8,0.0,7.2,6.4,5.0,4.0,0.0,,33.0,14.0,123.0,29.0,41.0,2.0,36.0,3.0,,,,,,,,0.13,0.14,0.27,1.2,0.0,0.5,0.79,1.0,7.21,15,0,0.0,0.0,0.0,0.0,0.0,0.0,0.0,0.0,0.0,0.0,0.0,0.0,0.0,0.0,190961.0,1118953.0,0.0,0.0,0.0,0.0,0.0,0.0,0.0,0.0,0.0,0.0,0.0,0.0,0.0
257,Maxence,Lacroix,Lacroix,a,,,5.1,236,36.0,6.6,65,21.0,6.0,16.0,8.0,2,0,0.0,1,-1.0,91884,75419,1.2,15.7,5.5,6.0,5.3,16.0,8.0,,,30.0,12.0,269.0,84.0,204.0,50.0,129.0,46.0,,,,,,,,0.04,0.01,0.05,1.17,0.0,0.47,0.8,1.0,10.47,15,2,90.0,0.0,0.0,0.0,1.0,0.0,0.0,0.0,0.0,0.0,0.0,1.0,0.0,9.0,110903.0,80616.0,0.0,0.0,0.0,0.0,0.7600000000000016,15.800000000000011,0.0,2.0,1.8000000000000043,4.0,2.0,4.0,6.0
137,Iwan,Morgan,Morgan,a,,,4.4,523,70.0,0.4,279,44.0,0.0,561.0,54.0,0,0,0.0,-1,1.0,1744,2534,0.0,0.0,0.0,0.0,0.0,617.0,63.0,,,612.0,63.0,603.0,62.0,584.0,62.0,613.0,63.0,,,,,,,,0.0,0.0,0.0,0.0,0.0,0.0,0.0,0.0,0.0,15,0,0.0,0.0,0.0,0.0,0.0,0.0,0.0,0.0,0.0,0.0,0.0,0.0,0.0,0.0,1963.0,2892.0,0.0,0.0,0.0,0.0,0.0,0.0,0.0,0.0,0.0,0.0,0.0,0.0,0.0
261,Chris,Richards,Richards,a,,,4.6,387,72.0,4.0,89,31.0,5.0,36.0,17.0,4,0,0.0,1,-1.0,26349,40072,1.1,15.7,4.5,5.0,4.8,25.0,13.0,100.0,100.0,34.0,15.0,226.0,63.0,225.0,60.0,116.0,36.0,,,,,,,,0.03,0.07,0.1,1.18,0.0,0.47,0.8,1.01,10.39,15,4,90.0,0.0,0.0,0.0,1.0,0.0,0.0,0.0,0.0,0.0,0.0,1.0,0.0,11.0,35373.0,43392.0,0.0,0.0,0.010000000000000009,0.010000000000000009,0.7600000000000016,20.399999999999977,1.2000000000000028,2.0,2.3999999999999986,2.0,9.0,2.0,11.0
262,Chadi,Riad Dnanou,Chadi Riad,d,Lack of match fitness - 25% chance of playing,,4.0,659,180.0,0.0,660,227.0,0.0,471.0,183.0,0,0,0.0,0,0.0,164,240,0.0,0.0,-0.1,0.0,0.0,548.0,207.0,25.0,100.0,543.0,209.0,529.0,208.0,499.0,198.0,543.0,209.0,,,,,,,,0.0,0.0,0.0,0.0,0.0,0.0,0.0,0.0,0.0,15,0,0.0,0.0,0.0,0.0,0.0,0.0,0.0,0.0,0.0,0.0,0.0,0.0,0.0,0.0,197.0,257.0,0.0,0.0,0.0,0.0,0.0,0.0,0.0,0.0,0.0,0.0,0.0,0.0,0.0
105,Hákon Rafn,Valdimarsson,Valdimarsson,a,,,3.9,719,84.0,0.7,210,30.0,0.0,420.0,44.0,0,0,0.0,-1,1.0,1150,3124,0.0,0.0,0.0,0.0,0.0,498.0,50.0,,,493.0,50.0,478.0,37.0,447.0,23.0,493.0,50.0,,,,,,,,0.0,0.0,0.0,0.0,0.0,0.0,0.0,0.0,0.0,15,0,0.0,0.0,0.0,0.0,0.0,0.0,0.0,0.0,0.0,0.0,0.0,0.0,0.0,0.0,1386.0,3513.0,0.0,0.0,0.0,0.0,0.0,0.0,0.0,0.0,0.0,0.0,0.0,0.0,0.0
704,Tyler,Onyango,Onyango,u,has joined Stockport County on loan for the rest of the season.,,4.5,425,254.0,0.1,552,203.0,0.0,594.0,225.0,0,0,0.0,0,0.0,0,154,0.0,0.0,0.0,0.0,0.0,647.0,257.0,0.0,0.0,644.0,253.0,636.0,252.0,623.0,250.0,645.0,254.0,,,,,,,,0.0,0.0,0.0,0.0,0.0,0.0,0.0,0.0,0.0,15,0,0.0,0.0,0.0,0.0,0.0,0.0,0.0,0.0,0.0,0.0,0.0,0.0,0.0,0.0,0.0,165.0,0.0,0.0,0.0,0.0,0.0,0.0,0.0,0.0,0.0,0.0,0.0,0.0,0.0
705,Elijah,Campbell,Campbell,a,,,3.9,717,214.0,0.2,388,142.0,0.0,418.0,155.0,0,0,0.0,-1,1.0,307,745,0.0,0.0,0.0,0.0,0.0,496.0,180.0,,,491.0,182.0,476.0,181.0,445.0,170.0,491.0,182.0,,,,,,,,0.0,0.0,0.0,0.0,0.0,0.0,0.0,0.0,0.0,15,0,0.0,0.0,0.0,0.0,0.0,0.0,0.0,0.0,0.0,0.0,0.0,0.0,0.0,0.0,426.0,806.0,0.0,0.0,0.0,0.0,0.0,0.0,0.0,0.0,0.0,0.0,0.0,0.0,0.0
397,Darwin,Núñez Ribeiro,Darwin,u,Has joined Al-Hilal permanently.,,6.5,55,19.0,0.1,524,73.0,0.0,746.0,78.0,0,0,0.0,0,0.0,0,19,0.0,0.0,0.0,0.0,0.0,752.0,82.0,0.0,0.0,754.0,82.0,754.0,82.0,754.0,82.0,754.0,82.0,,,,,,,,0.0,0.0,0.0,0.0,0.0,0.0,0.0,0.0,0.0,15,0,0.0,0.0,0.0,0.0,0.0,0.0,0.0,0.0,0.0,0.0,0.0,0.0,0.0,0.0,0.0,25.0,0.0,0.0,0.0,0.0,0.0,0.0,0.0,0.0,0.0,0.0,0.0,0.0,0.0
398,Jayden,Danns,Danns,i,Hamstring injury - Unknown return date,,4.3,577,78.0,0.1,445,63.0,0.0,520.0,48.0,0,0,0.0,-2,2.0,140,357,0.0,0.0,0.0,0.0,0.0,585.0,58.0,0.0,0.0,581.0,58.0,571.0,57.0,548.0,57.0,582.0,58.0,,,,,,,,0.0,0.0,0.0,0.0,0.0,0.0,0.0,0.0,0.0,15,0,0.0,0.0,0.0,0.0,0.0,0.0,0.0,0.0,0.0,0.0,0.0,0.0,0.0,0.0,166.0,412.0,0.0,0.0,0.0,0.0,0.0,0.0,0.0,0.0,0.0,0.0,0.0,0.0,0.0
499,Alexander,Isak,Isak,d,Knock - 75% chance of playing,,10.4,3,2.0,4.6,81,14.0,3.0,134.0,17.0,1,0,0.0,-1,1.0,9794,51901,0.3,2.1,2.6,3.5,2.8,202.0,22.0,75.0,100.0,312.0,31.0,286.0,32.0,106.0,29.0,271.0,31.0,,,,,,,,0.37,0.01,0.38,0.92,0.0,0.19,1.33,1.14,3.79,15,1,6.0,0.0,0.0,0.0,1.0,0.0,0.0,0.0,0.0,0.0,0.0,0.0,0.0,2.0,13401.0,56564.0,0.0,0.030000000000000027,0.0,0.029999999999999805,0.2699999999999996,0.0,0.29999999999999716,4.0,0.1999999999999993,0.0,0.0,0.0,0.0
661,Hugo,Ekitiké,Ekitiké,a,,,8.5,11,5.0,14.2,29,6.0,4.0,72.0,8.0,13,1,-1.0,0,0.0,295372,32896,0.5,6.5,4.5,4.5,3.9,88.0,9.0,100.0,100.0,118.0,9.0,139.0,9.0,35.0,15.0,66.0,11.0,,,,,,,,0.39,0.04,0.43,1.35,0.0,0.34,1.49,1.03,4.69,15,13,83.0,2.0,0.0,0.0,2.0,0.0,0.0,0.0,0.0,0.0,0.0,1.0,3.0,56.0,297376.0,54976.0,0.0,0.98,0.03999999999999998,1.02,1.2400000000000002,70.6,12.799999999999997,101.0,18.400000000000006,0.0,1.0,3.0,4.0
686,Rio,Ngumoha,Ngumoha,a,,,4.3,596,335.0,0.5,249,87.0,0.2,352.0,164.0,0,-1,1.0,-2,2.0,10211,6174,0.0,2.3,0.7,0.7,2.0,280.0,126.0,,,338.0,154.0,291.0,166.0,300.0,157.0,344.0,167.0,,,,,,,,0.79,0.26,1.05,2.87,0.0,0.0,4.29,0.0,6.43,15,0,0.0,0.0,0.0,0.0,0.0,0.0,0.0,0.0,0.0,0.0,0.0,0.0,0.0,0.0,10384.0,6767.0,0.0,0.0,0.0,0.0,0.0,0.0,0.0,0.0,0.0,0.0,0.0,0.0,0.0
692,Giovanni,Leoni,Leoni,i,Knee injury - Expected back 01 Sep,,4.9,339,58.0,0.0,683,233.0,0.0,687.0,239.0,0,0,0.0,-1,1.0,34,35,0.0,0.0,0.0,0.0,0.0,716.0,243.0,0.0,0.0,718.0,245.0,714.0,245.0,707.0,244.0,718.0,245.0,,,,,,,,0.0,0.0,0.0,0.0,0.0,0.0,0.0,0.0,0.0,15,0,0.0,0.0,0.0,0.0,0.0,0.0,0.0,0.0,0.0,0.0,0.0,0.0,0.0,0.0,39.0,39.0,0.0,0.0,0.0,0.0,0.0,0.0,0.0,0.0,0.0,0.0,0.0,0.0,0.0
400,Stefan,Ortega Moreno,Ortega Moreno,a,,,4.7,368,17.0,0.2,392,59.0,0.0,643.0,85.0,0,-1,1.0,-3,3.0,88,467,0.0,0.0,0.5,0.5,0.0,691.0,86.0,,,692.0,86.0,685.0,81.0,672.0,73.0,692.0,86.0,,,,,,,,0.0,0.0,0.0,0.0,0.0,0.0,0.0,0.0,0.0,15,0,0.0,0.0,0.0,0.0,0.0,0.0,0.0,0.0,0.0,0.0,0.0,0.0,0.0,0.0,109.0,511.0,0.0,0.0,0.0,0.0,0.0,0.0,0.0,0.0,0.0,0.0,0.0,0.0,0.0
481,Alex,Murphy,A.Murphy,a,,,3.8,751,242.0,0.7,209,79.0,0.0,387.0,144.0,0,0,0.0,-2,2.0,7817,4732,0.0,0.0,0.0,0.0,0.0,467.0,170.0,,,463.0,173.0,446.0,171.0,413.0,158.0,462.0,172.0,,,,,,,,0.0,0.0,0.0,0.0,0.0,0.0,0.0,0.0,0.0,15,0,0.0,0.0,0.0,0.0,0.0,0.0,0.0,0.0,0.0,0.0,0.0,0.0,0.0,0.0,9054.0,5387.0,0.0,0.0,0.0,0.0,0.0,0.0,0.0,0.0,0.0,0.0,0.0,0.0,0.0
753,John,Ruddy,Ruddy,a,,,4.0,619,39.0,0.0,721,82.0,0.0,437.0,49.0,0,0,0.0,0,0.0,150,56,0.0,0.0,0.0,0.0,0.0,514.0,55.0,,,509.0,55.0,494.0,42.0,463.0,28.0,509.0,55.0,,,,,,,,0.0,0.0,0.0,0.0,0.0,0.0,0.0,0.0,0.0,15,0,0.0,0.0,0.0,0.0,0.0,0.0,0.0,0.0,0.0,0.0,0.0,0.0,0.0,0.0,176.0,65.0,0.0,0.0,0.0,0.0,0.0,0.0,0.0,0.0,0.0,0.0,0.0,0.0,0.0
567,Antonín,Kinský,Kinsky,a,,,3.9,715,81.0,1.8,138,18.0,0.0,416.0,41.0,0,0,0.0,-1,1.0,2457,7610,0.0,0.0,0.0,0.0,0.0,494.0,47.0,,,489.0,47.0,474.0,34.0,443.0,20.0,489.0,47.0,,,,,,,,0.0,0.0,0.0,0.0,0.0,0.0,0.0,0.0,0.0,15,0,0.0,0.0,0.0,0.0,0.0,0.0,0.0,0.0,0.0,0.0,0.0,0.0,0.0,0.0,2896.0,8366.0,0.0,0.0,0.0,0.0,0.0,0.0,0.0,0.0,0.0,0.0,0.0,0.0,0.0
749,Mateus,Mané,Mané,a,,,4.5,483,67.0,0.0,572,75.0,0.8,293.0,35.0,1,0,0.0,0,0.0,1808,681,0.2,0.9,-0.2,0.8,1.0,410.0,47.0,,,405.0,44.0,355.0,44.0,331.0,48.0,404.0,47.0,,,,,,,,0.04,0.03,0.07,3.56,0.0,0.0,2.9,0.0,10.16,15,1,20.0,0.0,0.0,0.0,1.0,0.0,0.0,0.0,0.0,0.0,0.0,0.0,0.0,7.0,2032.0,754.0,0.0,0.0,0.01,0.010000000000000002,0.9700000000000002,4.6,1.3000000000000007,2.0,0.7999999999999998,1.0,1.0,4.0,6.0
71,Illia,Zabarnyi,Zabarnyi,u,Has joined Paris Saint-Germain permanently.,,5.0,265,43.0,0.0,641,222.0,0.0,693.0,240.0,0,0,0.0,0,0.0,0,16,0.0,0.0,0.0,0.0,0.0,721.0,244.0,0.0,0.0,723.0,246.0,720.0,246.0,713.0,245.0,723.0,246.0,,,,,,,,0.0,0.0,0.0,0.0,0.0,0.0,0.0,0.0,0.0,15,0,0.0,0.0,0.0,0.0,0.0,0.0,0.0,0.0,0.0,0.0,0.0,0.0,0.0,0.0,0.0,16.0,0.0,0.0,0.0,0.0,0.0,0.0,0.0,0.0,0.0,0.0,0.0,0.0,0.0
72,Marcos,Senesi Barón,Senesi,d,Thigh injury - 75% chance of playing,,5.0,252,39.0,16.7,22,7.0,3.2,109.0,40.0,8,0,0.0,5,-5.0,20466,320224,0.6,14.2,2.4,3.2,5.1,20.0,10.0,75.0,100.0,5.0,2.0,63.0,14.0,266.0,80.0,39.0,4.0,,,,,,,,0.01,0.17,0.18,1.28,0.0,0.37,1.7,1.03,12.64,15,8,61.0,0.0,0.0,1.0,0.0,0.0,0.0,0.0,0.0,0.0,0.0,1.0,0.0,28.0,23790.0,372938.0,0.0,0.0,0.0,0.0,0.6900000000000013,24.0,20.299999999999983,0.0,4.400000000000006,1.0,10.0,6.0,11.0
73,Adam,Smith,Smith,a,,,4.4,486,99.0,0.2,389,143.0,2.0,180.0,65.0,6,0,0.0,-1,1.0,919,448,0.5,3.9,2.0,2.0,2.4,231.0,84.0,100.0,100.0,363.0,135.0,343.0,118.0,338.0,117.0,379.0,130.0,,,,,,,,0.0,0.02,0.02,1.09,0.0,0.47,1.4,1.4,4.66,15,6,90.0,0.0,0.0,1.0,0.0,0.0,0.0,0.0,0.0,0.0,0.0,1.0,0.0,23.0,978.0,565.0,0.0,0.0,0.0,0.0,0.9200000000000004,7.799999999999997,0.3999999999999986,2.0,1.0,2.0,4.0,4.0,6.0
74,Adrien,Truffert,Truffert,a,,,4.5,435,90.0,2.1,127,49.0,2.8,138.0,48.0,6,0,0.0,0,0.0,12555,23116,0.6,12.4,2.8,2.8,3.7,97.0,36.0,,,44.0,21.0,34.0,3.0,187.0,40.0,46.0,6.0,,,,,,,,0.02,0.07,0.09,1.26,0.0,0.34,1.5,1.02,7.42,15,6,90.0,0.0,0.0,1.0,0.0,0.0,0.0,0.0,0.0,0.0,0.0,1.0,0.0,31.0,13660.0,29259.0,0.0,0.03,0.040000000000000036,0.07000000000000006,0.9199999999999982,19.600000000000023,22.30000000000001,5.0,4.700000000000003,2.0,6.0,5.0,8.0
75,Matai,Akinmboni,Akinmboni,d,Muscle injury - 25% chance of playing,,3.8,750,241.0,0.2,357,129.0,0.0,386.0,143.0,0,-1,1.0,-2,2.0,113,1149,0.0,0.0,0.0,0.0,0.0,466.0,169.0,25.0,25.0,462.0,172.0,445.0,170.0,412.0,157.0,461.0,171.0,,,,,,,,0.0,0.0,0.0,0.0,0.0,0.0,0.0,0.0,0.0,15,0,0.0,0.0,0.0,0.0,0.0,0.0,0.0,0.0,0.0,0.0,0.0,0.0,0.0,0.0,127.0,1290.0,0.0,0.0,0.0,0.0,0.0,0.0,0.0,0.0,0.0,0.0,0.0,0.0,0.0
78,Julián,Araujo Zúñiga,J.Araujo,a,,,3.8,742,233.0,0.7,207,78.0,0.0,380.0,137.0,0,0,0.0,-2,2.0,5702,3412,0.0,0.0,0.0,0.0,0.0,461.0,164.0,100.0,100.0,457.0,167.0,440.0,165.0,406.0,151.0,455.0,165.0,,,,,,,,0.0,0.0,0.0,0.0,0.0,0.0,0.0,0.0,0.0,15,0,0.0,0.0,0.0,0.0,0.0,0.0,0.0,0.0,0.0,0.0,0.0,0.0,0.0,0.0,7037.0,3855.0,0.0,0.0,0.0,0.0,0.0,0.0,0.0,0.0,0.0,0.0,0.0,0.0,0.0
85,Tyler,Adams,Adams,a,,,5.0,247,152.0,0.4,267,95.0,3.0,124.0,56.0,0,0,0.0,0,0.0,1865,5870,0.6,9.8,3.0,0.0,3.5,115.0,52.0,100.0,0.0,87.0,29.0,201.0,129.0,135.0,81.0,131.0,68.0,,,,,,,,0.04,0.02,0.06,1.33,0.0,0.3,1.74,1.06,10.95,15,0,0.0,0.0,0.0,0.0,0.0,0.0,0.0,0.0,0.0,0.0,0.0,0.0,0.0,0.0,1895.0,8376.0,0.0,0.0,0.0,0.0,0.0,0.0,0.0,0.0,0.0,0.0,0.0,0.0,0.0
170,James,Milner,Milner,a,,,4.9,283,176.0,0.1,468,156.0,0.0,662.0,276.0,0,0,0.0,-1,1.0,66,439,0.0,3.1,-0.5,0.0,2.1,265.0,119.0,100.0,0.0,288.0,127.0,210.0,132.0,317.0,166.0,301.0,145.0,5.0,,1.0,,,,,0.38,0.19,0.57,1.61,0.0,0.0,3.37,0.48,9.14,15,0,0.0,0.0,0.0,0.0,0.0,0.0,0.0,0.0,0.0,0.0,0.0,0.0,0.0,0.0,69.0,516.0,0.0,0.0,0.0,0.0,0.0,0.0,0.0,0.0,0.0,0.0,0.0,0.0,0.0
171,Jeremy,Sarmiento Morante,Sarmiento,u,has joined Cremonese on loan for the rest of the season.,,4.9,321,198.0,0.0,675,285.0,0.0,679.0,287.0,0,0,0.0,-1,1.0,0,12,0.0,0.0,0.0,0.0,0.0,709.0,305.0,0.0,0.0,711.0,305.0,707.0,305.0,700.0,303.0,711.0,305.0,,,,,,,,0.0,0.0,0.0,0.0,0.0,0.0,0.0,0.0,0.0,15,0,0.0,0.0,0.0,0.0,0.0,0.0,0.0,0.0,0.0,0.0,0.0,0.0,0.0,0.0,0.0,16.0,0.0,0.0,0.0,0.0,0.0,0.0,0.0,0.0,0.0,0.0,0.0,0.0,0.0
172,Tom,Watson,Watson,a,,,4.8,364,228.0,0.0,623,250.0,0.0,660.0,274.0,0,0,0.0,-2,2.0,138,148,0.0,0.4,-0.5,0.0,1.0,419.0,196.0,100.0,100.0,425.0,196.0,408.0,199.0,357.0,184.0,425.0,196.0,,,,,,,,0.09,0.02,0.11,2.0,0.0,0.0,4.5,0.0,6.75,15,0,0.0,0.0,0.0,0.0,0.0,0.0,0.0,0.0,0.0,0.0,0.0,0.0,0.0,0.0,172.0,172.0,0.0,0.0,0.0,0.0,0.0,0.0,0.0,0.0,0.0,0.0,0.0,0.0,0.0
5,Gabriel,dos Santos Magalhães,Gabriel,i,Thigh injury - Unknown return date,,6.2,77,3.0,14.4,26,9.0,0.0,740.0,248.0,0,-1,1.0,2,-2.0,5127,287651,0.0,13.1,0.0,0.0,7.4,2.0,1.0,0.0,0.0,42.0,20.0,228.0,64.0,164.0,33.0,110.0,33.0,,,,,,,,0.07,0.06,0.13,0.56,0.0,0.64,0.45,1.0,9.09,15,0,0.0,0.0,0.0,0.0,0.0,0.0,0.0,0.0,0.0,0.0,0.0,0.0,0.0,0.0,5317.0,347254.0,0.0,0.0,0.0,0.0,0.0,0.0,0.0,0.0,0.0,0.0,0.0,0.0,0.0
6,William,Saliba,Saliba,d,Ankle injury - 75% chance of playing,,6.0,91,5.0,10.5,39,14.0,0.5,335.0,116.0,0,0,0.0,0,0.0,20266,131469,0.1,6.8,1.1,1.1,3.7,105.0,38.0,75.0,75.0,151.0,67.0,287.0,89.0,321.0,107.0,257.0,84.0,,,,,,,,0.03,0.03,0.06,0.52,0.0,0.55,0.44,1.11,6.86,15,0,0.0,0.0,0.0,0.0,0.0,0.0,0.0,0.0,0.0,0.0,0.0,0.0,0.0,0.0,20930.0,156753.0,0.0,0.0,0.0,0.0,0.0,0.0,0.0,0.0,0.0,0.0,0.0,0.0,0.0
15,Josh,Nichols,Nichols,a,,,3.8,748,239.0,0.2,378,137.0,0.0,384.0,141.0,0,0,0.0,-2,2.0,450,937,0.0,0.0,1.0,1.0,0.0,465.0,168.0,,,461.0,171.0,444.0,169.0,411.0,156.0,460.0,170.0,,,,,,,,0.0,0.0,0.0,0.0,0.0,0.0,0.0,0.0,0.0,15,0,0.0,0.0,0.0,0.0,0.0,0.0,0.0,0.0,0.0,0.0,0.0,0.0,0.0,0.0,612.0,1038.0,0.0,0.0,0.0,0.0,0.0,0.0,0.0,0.0,0.0,0.0,0.0,0.0,0.0
45,Lino,da Cruz Sousa,Sousa,a,,,3.9,720,215.0,0.3,315,114.0,0.0,421.0,156.0,0,0,0.0,-1,1.0,363,1296,0.0,0.0,0.0,-1.0,0.0,499.0,181.0,,,494.0,183.0,479.0,182.0,448.0,171.0,494.0,183.0,,,,,,,,0.0,0.0,0.0,0.0,0.0,0.0,0.0,0.0,0.0,15,0,0.0,0.0,0.0,0.0,0.0,0.0,0.0,0.0,0.0,0.0,0.0,0.0,0.0,0.0,494.0,1450.0,0.0,0.0,0.0,0.0,0.0,0.0,0.0,0.0,0.0,0.0,0.0,0.0,0.0
68,Will,Dennis,Dennis,a,,,4.0,640,51.0,0.9,190,26.0,0.0,455.0,60.0,0,0,0.0,0,0.0,1072,3239,0.0,0.0,0.0,0.0,0.0,532.0,66.0,,,527.0,66.0,513.0,54.0,483.0,40.0,527.0,66.0,,,,,,,,0.0,0.0,0.0,0.0,0.0,0.0,0.0,0.0,0.0,15,0,0.0,0.0,0.0,0.0,0.0,0.0,0.0,0.0,0.0,0.0,0.0,0.0,0.0,0.0,1293.0,3595.0,0.0,0.0,0.0,0.0,0.0,0.0,0.0,0.0,0.0,0.0,0.0,0.0,0.0
76,Owen,Bevan,Bevan,a,,,3.9,723,218.0,0.2,398,148.0,0.0,424.0,159.0,0,0,0.0,-1,1.0,193,685,0.0,0.0,0.0,0.0,0.0,502.0,184.0,,,497.0,186.0,482.0,185.0,451.0,174.0,497.0,186.0,,,,,,,,0.0,0.0,0.0,0.0,0.0,0.0,0.0,0.0,0.0,15,0,0.0,0.0,0.0,0.0,0.0,0.0,0.0,0.0,0.0,0.0,0.0,0.0,0.0,0.0,302.0,762.0,0.0,0.0,0.0,0.0,0.0,0.0,0.0,0.0,0.0,0.0,0.0,0.0,0.0
77,James,Hill,Hill,a,,,3.9,708,210.0,0.7,212,80.0,0.2,343.0,121.0,1,-1,1.0,-1,1.0,1373,6545,0.1,4.6,0.2,0.2,2.2,253.0,94.0,,,334.0,123.0,385.0,135.0,257.0,76.0,351.0,118.0,,,,,,,,0.04,0.06,0.1,1.01,0.0,0.6,0.9,0.6,8.07,15,1,28.0,0.0,0.0,0.0,0.0,0.0,0.0,0.0,0.0,0.0,0.0,0.0,0.0,4.0,1593.0,7468.0,0.0,0.0,0.0,0.0,0.2400000000000002,3.0,0.0,2.0,0.5,1.0,2.0,0.0,3.0
86,David,Brooks,Brooks,a,,,5.0,242,149.0,0.2,383,131.0,0.5,325.0,154.0,1,0,0.0,0,0.0,306,1402,0.1,4.6,0.5,0.5,1.8,303.0,138.0,100.0,100.0,263.0,115.0,77.0,57.0,73.0,42.0,141.0,72.0,5.0,3.0,,,,,,0.2,0.25,0.45,1.06,0.0,0.42,1.4,1.12,7.13,15,1,16.0,0.0,0.0,0.0,0.0,0.0,0.0,0.0,0.0,0.0,0.0,0.0,0.0,3.0,433.0,1645.0,0.0,0.0,0.0,0.0,0.03000000000000025,0.0,1.0999999999999943,0.0,0.10000000000000142,0.0,0.0,0.0,0.0
87,Ryan,Christie,Christie,i,Knee injury - Expected back 26 Dec,,4.9,290,180.0,0.1,549,200.0,0.2,362.0,170.0,0,-1,1.0,-1,1.0,11,597,0.0,3.5,0.0,0.0,1.7,323.0,148.0,0.0,0.0,289.0,128.0,237.0,145.0,170.0,103.0,265.0,130.0,,,,,,,,0.36,0.05,0.41,1.93,0.0,0.0,1.99,0.33,10.96,15,0,0.0,0.0,0.0,0.0,0.0,0.0,0.0,0.0,0.0,0.0,0.0,0.0,0.0,0.0,13.0,698.0,0.0,0.0,0.0,0.0,0.0,0.0,0.0,0.0,0.0,0.0,0.0,0.0,0.0
88,Lewis,Cook,Cook,s,Suspended until 20 Dec,,4.9,289,179.0,0.0,652,269.0,0.5,321.0,150.0,0,0,0.0,-1,1.0,11,263,0.1,1.4,0.0,0.0,1.0,421.0,198.0,0.0,0.0,335.0,153.0,184.0,122.0,346.0,177.0,318.0,153.0,,,,,,,,0.02,0.05,0.07,1.46,0.0,0.0,2.94,0.42,15.56,15,0,0.0,0.0,0.0,0.0,0.0,0.0,0.0,0.0,0.0,0.0,0.0,0.0,0.0,0.0,13.0,317.0,0.0,0.0,0.0,0.0,0.0,0.0,0.0,0.0,0.0,0.0,0.0,0.0,0.0
89,Philip,Billing,Philip,u,Has joined Midtjylland permanently.,,4.9,292,182.0,0.0,645,264.0,0.0,666.0,278.0,0,0,0.0,-1,1.0,0,25,0.0,0.0,0.0,0.0,0.0,700.0,297.0,0.0,0.0,702.0,297.0,698.0,297.0,689.0,295.0,702.0,297.0,,,,,,,,0.0,0.0,0.0,0.0,0.0,0.0,0.0,0.0,0.0,15,0,0.0,0.0,0.0,0.0,0.0,0.0,0.0,0.0,0.0,0.0,0.0,0.0,0.0,0.0,0.0,29.0,0.0,0.0,0.0,0.0,0.0,0.0,0.0,0.0,0.0,0.0,0.0,0.0,0.0
90,Alex,Scott,Scott,a,,,5.0,272,167.0,0.2,333,115.0,2.5,159.0,71.0,5,0,0.0,0,0.0,1064,3038,0.5,9.2,2.5,2.5,3.1,157.0,70.0,,,155.0,60.0,116.0,83.0,136.0,82.0,145.0,76.0,1.0,,,,,,,0.06,0.04,0.1,1.19,0.0,0.46,1.28,1.28,11.14,15,5,90.0,0.0,0.0,1.0,0.0,0.0,0.0,0.0,0.0,0.0,0.0,1.0,0.0,21.0,1284.0,3548.0,0.0,0.039999999999999925,0.010000000000000009,0.050000000000000044,0.9199999999999999,16.599999999999994,5.799999999999983,23.0,4.5,2.0,3.0,11.0,16.0
94,Dominic,Sadi,Sadi,u,has joined Novi Pazar on loan for the rest of the season.,,4.5,447,270.0,0.0,616,244.0,0.0,610.0,240.0,0,0,0.0,0,0.0,0,118,0.0,0.0,0.0,0.0,0.0,663.0,272.0,0.0,0.0,660.0,268.0,652.0,267.0,639.0,265.0,661.0,269.0,,,,,,,,0.0,0.0,0.0,0.0,0.0,0.0,0.0,0.0,0.0,15,0,0.0,0.0,0.0,0.0,0.0,0.0,0.0,0.0,0.0,0.0,0.0,0.0,0.0,0.0,0.0,132.0,0.0,0.0,0.0,0.0,0.0,0.0,0.0,0.0,0.0,0.0,0.0,0.0,0.0
95,Zain,Silcott-Duberry,Silcott-Duberry,u,has joined Olympiakos permanently.,,4.4,521,306.0,0.1,526,186.0,0.0,559.0,202.0,0,0,0.0,-1,1.0,0,543,0.0,0.0,0.0,0.0,0.0,615.0,237.0,0.0,0.0,610.0,231.0,601.0,231.0,582.0,227.0,611.0,232.0,,,,,,,,0.0,0.0,0.0,0.0,0.0,0.0,0.0,0.0,0.0,15,0,0.0,0.0,0.0,0.0,0.0,0.0,0.0,0.0,0.0,0.0,0.0,0.0,0.0,0.0,0.0,596.0,0.0,0.0,0.0,0.0,0.0,0.0,0.0,0.0,0.0,0.0,0.0,0.0,0.0
96,Ben,Winterburn,Winterburn,u,has joined Barnet on loan for the rest of the season.,,4.5,472,287.0,0.0,615,243.0,0.0,633.0,256.0,0,0,0.0,0,0.0,0,118,0.0,0.2,0.0,0.0,1.0,406.0,187.0,0.0,0.0,683.0,284.0,675.0,283.0,662.0,281.0,684.0,285.0,,,,,,,,0.0,0.0,0.0,4.65,0.0,0.0,30.0,0.0,0.0,15,0,0.0,0.0,0.0,0.0,0.0,0.0,0.0,0.0,0.0,0.0,0.0,0.0,0.0,0.0,0.0,128.0,0.0,0.0,0.0,0.0,0.0,0.0,0.0,0.0,0.0,0.0,0.0,0.0,0.0
97,Francisco Evanilson,de Lima Barbosa,Evanilson,a,,,7.0,39,16.0,1.4,160,23.0,3.2,118.0,16.0,2,0,0.0,0,0.0,8689,16046,0.5,5.4,3.2,3.2,2.9,184.0,18.0,100.0,100.0,303.0,28.0,100.0,3.0,15.0,8.0,88.0,13.0,,,,,,,,0.34,0.05,0.39,0.98,0.0,0.36,1.52,0.99,3.76,15,2,86.0,0.0,0.0,1.0,0.0,0.0,0.0,0.0,0.0,0.0,0.0,1.0,0.0,-3.0,10609.0,20570.0,0.0,0.8500000000000001,0.0,0.8499999999999996,0.9000000000000004,0.0,1.299999999999983,7.0,0.7000000000000028,1.0,0.0,0.0,1.0
113,Sepp,van den Berg,Van den Berg,a,,,4.5,420,85.0,1.0,184,72.0,1.8,202.0,71.0,1,0,0.0,0,0.0,42170,4905,0.4,9.1,1.8,1.8,2.7,206.0,74.0,,,68.0,31.0,305.0,97.0,72.0,7.0,100.0,27.0,,,,,,,,0.12,0.01,0.13,1.31,0.0,0.13,1.6,1.0,8.53,15,1,90.0,0.0,0.0,0.0,2.0,0.0,0.0,0.0,0.0,0.0,0.0,1.0,0.0,3.0,43877.0,6604.0,0.0,0.0,0.010000000000000009,0.009999999999999787,2.1799999999999997,6.199999999999989,1.8000000000000007,2.0,1.0,1.0,4.0,2.0,5.0
115,Benjamin,Fredrick,Fredrick,u,has joined Dender on loan for the rest of the season.,,4.0,677,194.0,0.1,483,176.0,0.0,487.0,195.0,0,0,0.0,0,0.0,0,281,0.0,0.0,0.0,0.0,0.0,563.0,218.0,0.0,0.0,558.0,220.0,545.0,220.0,516.0,211.0,558.0,220.0,,,,,,,,0.0,0.0,0.0,0.0,0.0,0.0,0.0,0.0,0.0,15,0,0.0,0.0,0.0,0.0,0.0,0.0,0.0,0.0,0.0,0.0,0.0,0.0,0.0,0.0,0.0,315.0,0.0,0.0,0.0,0.0,0.0,0.0,0.0,0.0,0.0,0.0,0.0,0.0,0.0
140,Tom,McGill,McGill,a,,,3.9,697,74.0,0.3,300,40.0,0.0,405.0,34.0,0,-1,1.0,-1,1.0,594,953,0.0,0.0,-0.5,0.0,0.0,483.0,40.0,,,479.0,40.0,463.0,27.0,432.0,13.0,478.0,40.0,,,,,,,,0.0,0.0,0.0,0.0,0.0,0.0,0.0,0.0,0.0,15,0,0.0,0.0,0.0,0.0,0.0,0.0,0.0,0.0,0.0,0.0,0.0,0.0,0.0,0.0,646.0,1093.0,0.0,0.0,0.0,0.0,0.0,0.0,0.0,0.0,0.0,0.0,0.0,0.0,0.0
118,Jayden,Meghoma,Meghoma,u,Has joined Rangers on loan for the rest of the season.,,4.0,657,178.0,0.0,576,209.0,0.0,470.0,182.0,0,0,0.0,0,0.0,0,137,0.0,0.0,0.0,0.0,0.0,547.0,206.0,0.0,0.0,542.0,208.0,528.0,207.0,498.0,197.0,542.0,208.0,,,,,,,,0.0,0.0,0.0,0.0,0.0,0.0,0.0,0.0,0.0,15,0,0.0,0.0,0.0,0.0,0.0,0.0,0.0,0.0,0.0,0.0,0.0,0.0,0.0,0.0,0.0,154.0,0.0,0.0,0.0,0.0,0.0,0.0,0.0,0.0,0.0,0.0,0.0,0.0,0.0
120,Kevin,Schade,Schade,s,Suspended until 20 Dec,,7.0,40,24.0,0.7,214,72.0,1.8,217.0,102.0,1,0,0.0,0,0.0,4561,46830,0.3,6.7,0.0,1.8,3.1,162.0,74.0,0.0,100.0,119.0,44.0,66.0,48.0,18.0,9.0,32.0,26.0,,,3.0,,,,,0.24,0.07,0.31,1.11,0.0,0.22,1.24,1.02,7.01,15,1,90.0,0.0,0.0,0.0,2.0,0.0,0.0,0.0,1.0,0.0,0.0,1.0,0.0,6.0,6729.0,53035.0,0.0,0.0,0.010000000000000009,0.009999999999999787,2.1799999999999997,10.800000000000011,1.5,2.0,1.3999999999999915,2.0,5.0,0.0,7.0
121,Mikkel,Damsgaard,Damsgaard,a,,,5.8,108,71.0,0.6,228,76.0,2.2,176.0,80.0,2,0,0.0,-2,2.0,7021,6017,0.4,7.2,2.2,2.2,3.2,149.0,67.0,,,138.0,52.0,21.0,21.0,121.0,70.0,53.0,34.0,1.0,3.0,,,,,,0.06,0.2,0.26,1.33,0.0,0.18,1.48,1.11,8.79,15,2,60.0,0.0,0.0,0.0,2.0,0.0,0.0,0.0,0.0,0.0,0.0,1.0,0.0,2.0,7750.0,7160.0,0.0,0.0,0.2899999999999998,0.29000000000000004,1.7599999999999998,0.0,6.5,6.0,1.1999999999999957,0.0,0.0,4.0,4.0
122,Antoni,Milambo,Milambo,i,Knee injury - Expected back 01 Jun,,5.2,224,139.0,0.0,626,252.0,0.0,708.0,308.0,0,0,0.0,-3,3.0,11,78,0.0,0.2,0.0,0.0,1.0,432.0,205.0,0.0,0.0,431.0,200.0,404.0,198.0,725.0,318.0,437.0,203.0,,,,,,,,0.0,0.02,0.02,2.98,0.0,0.0,6.0,2.0,8.0,15,0,0.0,0.0,0.0,0.0,0.0,0.0,0.0,0.0,0.0,0.0,0.0,0.0,0.0,0.0,11.0,89.0,0.0,0.0,0.0,0.0,0.0,0.0,0.0,0.0,0.0,0.0,0.0,0.0,0.0
255,Remi,Matthews,Matthews,a,,,3.9,694,73.0,0.1,457,74.0,0.0,404.0,33.0,0,0,0.0,-1,1.0,299,305,0.0,0.0,-0.5,0.0,0.0,482.0,39.0,,,478.0,39.0,462.0,26.0,430.0,12.0,477.0,39.0,,,,,,,,0.0,0.0,0.0,0.0,0.0,0.0,0.0,0.0,0.0,15,0,0.0,0.0,0.0,0.0,0.0,0.0,0.0,0.0,0.0,0.0,0.0,0.0,0.0,0.0,359.0,367.0,0.0,0.0,0.0,0.0,0.0,0.0,0.0,0.0,0.0,0.0,0.0,0.0,0.0
141,Carl,Rushworth,Rushworth,u,Has joined Coventry City on loan for the rest of the season.,,4.0,648,55.0,0.0,749,86.0,0.0,462.0,64.0,0,0,0.0,0,0.0,0,7,0.0,0.0,0.0,0.0,0.0,539.0,70.0,0.0,0.0,534.0,70.0,520.0,58.0,490.0,44.0,534.0,70.0,,,,,,,,0.0,0.0,0.0,0.0,0.0,0.0,0.0,0.0,0.0,15,0,0.0,0.0,0.0,0.0,0.0,0.0,0.0,0.0,0.0,0.0,0.0,0.0,0.0,0.0,0.0,7.0,0.0,0.0,0.0,0.0,0.0,0.0,0.0,0.0,0.0,0.0,0.0,0.0,0.0
142,Kjell,Scherpen,Scherpen,u,Has joined Union SG permanently,,4.0,636,49.0,0.0,750,87.0,0.0,451.0,58.0,0,0,0.0,0,0.0,0,3,0.0,0.0,0.0,0.0,0.0,528.0,64.0,0.0,0.0,523.0,64.0,509.0,52.0,479.0,38.0,523.0,64.0,,,,,,,,0.0,0.0,0.0,0.0,0.0,0.0,0.0,0.0,0.0,15,0,0.0,0.0,0.0,0.0,0.0,0.0,0.0,0.0,0.0,0.0,0.0,0.0,0.0,0.0,0.0,3.0,0.0,0.0,0.0,0.0,0.0,0.0,0.0,0.0,0.0,0.0,0.0,0.0,0.0
493,Sean,Longstaff,Longstaff,i,Calf injury - Expected back 28 Dec,,4.9,295,183.0,0.4,281,99.0,0.5,322.0,151.0,0,0,0.0,-1,1.0,27,14193,0.1,8.2,0.0,0.0,3.3,130.0,58.0,0.0,0.0,120.0,45.0,19.0,19.0,236.0,132.0,57.0,37.0,1.0,2.0,,,,,,0.08,0.13,0.21,1.16,0.0,0.1,1.54,1.03,9.65,15,0,0.0,0.0,0.0,0.0,0.0,0.0,0.0,0.0,0.0,0.0,0.0,0.0,0.0,0.0,52.0,17312.0,0.0,0.0,0.0,0.0,0.0,0.0,0.0,0.0,0.0,0.0,0.0,0.0,0.0
660,Anton,Stach,Stach,a,,,4.8,359,224.0,1.6,150,52.0,5.5,26.0,13.0,12,0,0.0,-2,2.0,39107,14674,1.1,12.9,5.5,5.0,4.8,26.0,11.0,100.0,100.0,110.0,40.0,18.0,18.0,93.0,57.0,35.0,28.0,3.0,1.0,,,,,,0.12,0.1,0.22,1.37,0.0,0.18,1.98,1.08,8.82,15,12,90.0,1.0,1.0,0.0,3.0,0.0,0.0,0.0,0.0,0.0,0.0,1.0,2.0,46.0,40680.0,17734.0,0.0,0.1100000000000001,0.17999999999999994,0.29000000000000004,1.9100000000000001,45.79999999999998,44.400000000000034,19.0,10.900000000000006,1.0,2.0,6.0,9.0
665,Lucas Estella,Perri,Perri,a,,,4.5,406,24.0,0.2,339,49.0,2.0,183.0,15.0,2,0,0.0,0,0.0,1416,1162,0.4,5.6,2.0,1.5,2.5,223.0,22.0,100.0,100.0,127.0,17.0,623.0,78.0,608.0,69.0,268.0,17.0,,,,,,,,0.0,0.0,0.0,1.77,2.5,0.2,2.1,1.0,0.0,15,2,90.0,0.0,0.0,0.0,3.0,0.0,0.0,0.0,0.0,0.0,4.0,1.0,0.0,9.0,1673.0,1398.0,0.0,0.0,0.0,0.0,1.9100000000000001,34.0,0.0,0.0,3.3999999999999986,0.0,2.0,7.0,0.0
748,Josh,Dasilva,Dasilva,i,Knee injury - Expected back 01 Jan,,4.9,296,184.0,0.0,753,333.0,0.0,668.0,279.0,0,0,0.0,-1,1.0,4,11,0.0,0.0,0.0,0.0,0.0,701.0,298.0,0.0,0.0,703.0,298.0,699.0,298.0,690.0,296.0,703.0,298.0,,,,,,,,0.0,0.0,0.0,0.0,0.0,0.0,0.0,0.0,0.0,15,0,0.0,0.0,0.0,0.0,0.0,0.0,0.0,0.0,0.0,0.0,0.0,0.0,0.0,0.0,5.0,12.0,0.0,0.0,0.0,0.0,0.0,0.0,0.0,0.0,0.0,0.0,0.0,0.0,0.0
691,Dominic,Calvert-Lewin,Calvert-Lewin,a,,,5.6,124,33.0,2.5,116,19.0,5.8,23.0,1.0,6,1,-1.0,1,-1.0,214754,10225,1.0,8.6,5.8,2.6,3.7,103.0,10.0,100.0,50.0,186.0,13.0,111.0,6.0,19.0,10.0,63.0,10.0,,,,,,,,0.48,0.05,0.53,1.19,0.0,0.21,1.58,0.95,3.38,15,6,90.0,1.0,0.0,0.0,3.0,0.0,0.0,0.0,0.0,0.0,0.0,1.0,0.0,9.0,215842.0,13620.0,0.0,0.94,0.0,0.9399999999999995,1.9100000000000001,29.200000000000017,11.499999999999986,36.0,7.699999999999996,0.0,1.0,2.0,3.0
698,Noah,Okafor,Okafor,a,,,5.5,141,90.0,0.1,442,147.0,2.2,174.0,79.0,2,0,0.0,0,0.0,1396,2918,0.4,6.9,2.2,1.7,3.2,148.0,66.0,100.0,100.0,213.0,89.0,171.0,116.0,70.0,41.0,151.0,79.0,,,,,,,,0.24,0.07,0.31,1.56,0.0,0.13,2.09,1.18,7.18,15,2,64.0,0.0,0.0,0.0,2.0,0.0,0.0,0.0,0.0,0.0,0.0,1.0,0.0,3.0,1686.0,3316.0,0.0,0.13000000000000012,0.0,0.13000000000000034,1.2399999999999984,0.0,0.5999999999999943,8.0,0.8000000000000043,1.0,0.0,1.0,2.0
550,Ian,Poveda-Ocampo,Poveda,a,,,4.8,347,218.0,0.0,642,262.0,0.0,652.0,270.0,0,0,0.0,-2,2.0,33,78,0.0,0.0,0.0,-0.5,0.0,695.0,295.0,,,696.0,295.0,689.0,294.0,677.0,291.0,696.0,295.0,,,,,,,,0.0,0.0,0.0,0.0,0.0,0.0,0.0,0.0,0.0,15,0,0.0,0.0,0.0,0.0,0.0,0.0,0.0,0.0,0.0,0.0,0.0,0.0,0.0,0.0,38.0,83.0,0.0,0.0,0.0,0.0,0.0,0.0,0.0,0.0,0.0,0.0,0.0,0.0,0.0
143,Olivier,Boscagli,Boscagli,a,,,4.2,604,149.0,0.1,502,184.0,0.2,347.0,124.0,1,0,0.0,-3,3.0,131,277,0.0,0.2,-0.3,0.2,0.5,450.0,154.0,,,397.0,146.0,378.0,132.0,389.0,143.0,416.0,147.0,,,,,,,,0.0,0.16,0.16,1.89,0.0,0.0,1.73,1.73,13.85,15,1,7.0,0.0,0.0,0.0,0.0,0.0,0.0,0.0,0.0,0.0,0.0,0.0,0.0,4.0,154.0,308.0,0.0,0.0,0.039999999999999994,0.039999999999999994,0.2400000000000001,2.799999999999999,6.9,2.0,1.2000000000000002,0.0,0.0,0.0,0.0
144,Diego,Coppola,Coppola,a,,,4.2,611,154.0,0.1,567,205.0,0.0,496.0,201.0,0,-1,1.0,-3,3.0,77,191,0.0,0.7,-0.5,0.0,1.0,395.0,143.0,,,418.0,152.0,426.0,158.0,526.0,217.0,433.0,154.0,,,,,,,,0.0,0.0,0.0,1.11,0.0,0.0,5.29,0.0,21.18,15,0,0.0,0.0,0.0,0.0,0.0,0.0,0.0,0.0,0.0,0.0,0.0,0.0,0.0,0.0,94.0,224.0,0.0,0.0,0.0,0.0,0.0,0.0,0.0,0.0,0.0,0.0,0.0,0.0,0.0
146,Lewis,Dunk,Dunk,a,,,4.5,396,73.0,1.1,179,71.0,2.0,181.0,66.0,1,0,0.0,0,0.0,3300,11121,0.4,8.2,1.5,2.0,2.5,222.0,80.0,,,104.0,48.0,276.0,85.0,211.0,53.0,182.0,62.0,,1.0,,,,,,0.04,0.01,0.05,1.28,0.0,0.21,1.38,0.97,6.9,15,1,90.0,0.0,0.0,0.0,1.0,0.0,0.0,0.0,1.0,0.0,0.0,1.0,0.0,14.0,4655.0,12532.0,0.0,0.009999999999999898,0.01999999999999999,0.029999999999999916,1.1400000000000006,33.80000000000001,13.8,7.0,5.5,2.0,7.0,6.0,9.0
147,Pervis,Estupiñán Tenorio,Estupiñan,u,Has joined AC Milan permanently,,4.5,407,78.0,0.0,703,240.0,0.0,582.0,224.0,0,0,0.0,0,0.0,0,9,0.0,0.0,0.0,0.0,0.0,636.0,234.0,0.0,0.0,633.0,235.0,624.0,235.0,609.0,232.0,634.0,235.0,,,,,,,,0.0,0.0,0.0,0.0,0.0,0.0,0.0,0.0,0.0,15,0,0.0,0.0,0.0,0.0,0.0,0.0,0.0,0.0,0.0,0.0,0.0,0.0,0.0,0.0,0.0,11.0,0.0,0.0,0.0,0.0,0.0,0.0,0.0,0.0,0.0,0.0,0.0,0.0,0.0
148,Ferdi,Kadıoğlu,F.Kadıoğlu,a,,,4.4,499,110.0,0.2,365,134.0,2.8,135.0,45.0,1,0,0.0,-1,1.0,1261,3177,0.6,7.5,2.3,2.8,2.4,232.0,85.0,,,197.0,82.0,157.0,38.0,182.0,38.0,200.0,68.0,2.0,,,,,,,0.05,0.08,0.13,1.26,0.0,0.25,1.36,0.93,5.17,15,1,82.0,0.0,0.0,0.0,1.0,0.0,0.0,0.0,1.0,0.0,0.0,1.0,0.0,6.0,2030.0,3694.0,0.0,0.0,0.13,0.13000000000000012,0.9000000000000004,3.5999999999999943,17.099999999999994,4.0,2.5000000000000036,1.0,1.0,2.0,2.0
150,Tariq,Lamptey,Lamptey,u,has joined Fiorentina permanently.,,4.4,501,112.0,0.1,474,174.0,0.0,546.0,220.0,0,0,0.0,-1,1.0,0,261,0.0,0.0,0.0,0.0,0.0,603.0,231.0,0.0,0.0,599.0,233.0,590.0,233.0,569.0,228.0,600.0,233.0,,,,,,,,0.0,0.0,0.0,0.0,0.0,0.0,0.0,0.0,0.0,15,0,0.0,0.0,0.0,0.0,0.0,0.0,0.0,0.0,0.0,0.0,0.0,0.0,0.0,0.0,0.0,311.0,0.0,0.0,0.0,0.0,0.0,0.0,0.0,0.0,0.0,0.0,0.0,0.0,0.0
159,Solly,March,March,i,Knee injury - Expected back 03 Jan,,5.8,105,69.0,0.0,712,308.0,0.0,734.0,324.0,0,0,0.0,-2,2.0,32,27,0.0,0.0,0.0,0.0,0.0,745.0,330.0,0.0,0.0,747.0,330.0,747.0,330.0,745.0,329.0,747.0,330.0,,,,,,,,0.0,0.0,0.0,0.0,0.0,0.0,0.0,0.0,0.0,15,0,0.0,0.0,0.0,0.0,0.0,0.0,0.0,0.0,0.0,0.0,0.0,0.0,0.0,0.0,35.0,36.0,0.0,0.0,0.0,0.0,0.0,0.0,0.0,0.0,0.0,0.0,0.0,0.0,0.0
160,Yankuba,Minteh,Minteh,a,,,6.2,83,54.0,8.0,56,22.0,4.8,46.0,20.0,3,-1,1.0,2,-2.0,43457,339760,0.8,11.1,4.3,4.8,4.6,40.0,17.0,,,90.0,31.0,10.0,10.0,12.0,6.0,14.0,12.0,1.0,,,,,,,0.17,0.16,0.33,1.24,0.0,0.35,1.26,1.05,6.81,15,3,71.0,0.0,0.0,1.0,0.0,0.0,0.0,0.0,0.0,0.0,0.0,1.0,0.0,4.0,102173.0,352763.0,0.0,0.029999999999999805,0.040000000000000036,0.07000000000000028,0.7200000000000024,0.0,10.200000000000045,14.0,2.4000000000000057,0.0,1.0,1.0,2.0
161,Julio,Enciso Espínola,Enciso,u,has joined Strasbourg permanently.,,5.4,173,107.0,0.0,705,302.0,0.0,720.0,315.0,0,0,0.0,-1,1.0,0,12,0.0,0.0,0.0,0.0,0.0,738.0,324.0,0.0,0.0,740.0,324.0,739.0,324.0,735.0,323.0,740.0,324.0,,,,,,,,0.0,0.0,0.0,0.0,0.0,0.0,0.0,0.0,0.0,15,0,0.0,0.0,0.0,0.0,0.0,0.0,0.0,0.0,0.0,0.0,0.0,0.0,0.0,0.0,0.0,14.0,0.0,0.0,0.0,0.0,0.0,0.0,0.0,0.0,0.0,0.0,0.0,0.0,0.0
162,Brajan,Gruda,Gruda,a,,,5.4,179,111.0,0.0,568,211.0,1.0,285.0,131.0,1,0,0.0,-1,1.0,178,400,0.2,4.3,0.5,1.0,2.1,270.0,122.0,100.0,100.0,270.0,118.0,156.0,108.0,137.0,83.0,227.0,115.0,,,,,,,,0.47,0.17,0.64,1.69,0.0,0.0,1.97,0.85,9.03,15,1,18.0,0.0,0.0,0.0,1.0,0.0,0.0,0.0,0.0,0.0,0.0,0.0,0.0,6.0,304.0,466.0,0.0,0.020000000000000018,0.07999999999999996,0.09999999999999964,0.41999999999999993,8.799999999999997,40.5,3.0,5.199999999999999,0.0,0.0,1.0,1.0
166,Yasin,Ayari,Ayari,a,,,4.9,330,204.0,0.2,373,127.0,1.8,208.0,95.0,0,0,0.0,-1,1.0,141,4707,0.4,7.3,1.3,1.4,2.8,191.0,86.0,100.0,75.0,195.0,78.0,97.0,71.0,125.0,73.0,143.0,74.0,4.0,5.0,,,,,,0.09,0.05,0.14,1.12,0.0,0.26,1.11,0.94,9.93,15,0,0.0,0.0,0.0,0.0,0.0,0.0,0.0,0.0,0.0,0.0,0.0,0.0,0.0,0.0,146.0,5779.0,0.0,0.0,0.0,0.0,0.0,0.0,0.0,0.0,0.0,0.0,0.0,0.0,0.0
422,Mateo,Kovačić,Kovačić,i,Ankle injury - Unknown return date,,5.9,93,60.0,0.0,654,270.0,0.0,735.0,325.0,0,0,0.0,-1,1.0,18,70,0.0,0.2,0.0,0.0,1.0,439.0,211.0,0.0,0.0,435.0,201.0,413.0,201.0,746.0,330.0,444.0,204.0,,,,,,,,0.0,0.0,0.0,0.0,0.0,0.0,0.0,0.0,0.0,15,0,0.0,0.0,0.0,0.0,0.0,0.0,0.0,0.0,0.0,0.0,0.0,0.0,0.0,0.0,18.0,79.0,0.0,0.0,0.0,0.0,0.0,0.0,0.0,0.0,0.0,0.0,0.0,0.0,0.0
628,José,Malheiro de Sá,José Sá,a,,,4.2,602,36.0,1.0,183,24.0,0.0,494.0,73.0,0,-1,1.0,-3,3.0,619,5818,0.0,1.2,-1.0,0.0,1.2,373.0,27.0,,,339.0,27.0,365.0,4.0,524.0,54.0,380.0,26.0,,,,,,,,0.0,0.01,0.01,1.54,1.25,0.0,2.75,1.0,0.0,15,0,0.0,0.0,0.0,0.0,0.0,0.0,0.0,0.0,0.0,0.0,0.0,0.0,0.0,0.0,708.0,6708.0,0.0,0.0,0.0,0.0,0.0,0.0,0.0,0.0,0.0,0.0,0.0,0.0,0.0
629,Daniel,Bentley,Bentley,i,Ankle injury - Unknown return date,,4.0,621,41.0,0.5,244,32.0,0.0,438.0,50.0,0,0,0.0,0,0.0,239,3431,0.0,0.0,0.0,0.0,0.0,515.0,56.0,0.0,0.0,510.0,56.0,496.0,44.0,465.0,30.0,510.0,56.0,,,,,,,,0.0,0.0,0.0,0.0,0.0,0.0,0.0,0.0,0.0,15,0,0.0,0.0,0.0,0.0,0.0,0.0,0.0,0.0,0.0,0.0,0.0,0.0,0.0,0.0,272.0,3823.0,0.0,0.0,0.0,0.0,0.0,0.0,0.0,0.0,0.0,0.0,0.0,0.0,0.0
634,Yerson,Mosquera Valdelamar,Mosquera,a,,,4.3,578,142.0,0.1,563,202.0,0.2,351.0,126.0,-1,0,0.0,-2,2.0,138,230,0.0,0.5,-0.8,0.2,0.3,456.0,159.0,,,319.0,117.0,320.0,105.0,238.0,65.0,322.0,109.0,,,,,,,,0.02,0.03,0.05,1.82,0.0,0.0,2.52,1.05,6.31,15,-1,90.0,0.0,0.0,0.0,4.0,0.0,0.0,0.0,1.0,0.0,0.0,1.0,0.0,-1.0,151.0,276.0,0.0,0.0,0.13999999999999999,0.14,4.1000000000000005,15.600000000000001,10.5,8.0,3.4000000000000004,4.0,5.0,4.0,9.0
557,Harrison,Jones,H.Jones,a,,,4.3,588,330.0,0.1,551,202.0,0.0,528.0,186.0,0,-1,1.0,-2,2.0,142,347,0.0,0.0,0.0,-0.5,0.0,591.0,222.0,,,587.0,216.0,578.0,216.0,556.0,212.0,588.0,217.0,,,,,,,,0.0,0.0,0.0,0.0,0.0,0.0,0.0,0.0,0.0,15,0,0.0,0.0,0.0,0.0,0.0,0.0,0.0,0.0,0.0,0.0,0.0,0.0,0.0,0.0,191.0,395.0,0.0,0.0,0.0,0.0,0.0,0.0,0.0,0.0,0.0,0.0,0.0,0.0,0.0
642,Hwang,Hee-chan,Hee Chan,a,,,5.6,125,78.0,0.1,464,153.0,0.5,333.0,158.0,0,-1,1.0,-4,4.0,273,730,0.1,3.2,-0.5,0.5,1.8,309.0,141.0,100.0,100.0,321.0,148.0,252.0,151.0,228.0,127.0,305.0,147.0,,,3.0,,,,,0.17,0.05,0.22,1.69,0.0,0.0,1.96,1.09,4.14,15,0,0.0,0.0,0.0,0.0,0.0,0.0,0.0,0.0,0.0,0.0,0.0,0.0,0.0,0.0,345.0,885.0,0.0,0.0,0.0,0.0,0.0,0.0,0.0,0.0,0.0,0.0,0.0,0.0,0.0
643,André,Trindade da Costa Neto,André,a,,,5.3,203,126.0,0.1,509,176.0,2.8,145.0,65.0,2,0,0.0,-2,2.0,410,498,0.5,6.8,1.8,2.8,2.4,234.0,104.0,100.0,100.0,191.0,75.0,114.0,81.0,333.0,171.0,217.0,109.0,,,,,,,,0.01,0.03,0.04,1.75,0.0,0.0,2.03,1.02,13.04,15,2,90.0,0.0,0.0,0.0,4.0,0.0,0.0,0.0,0.0,0.0,0.0,1.0,0.0,9.0,486.0,749.0,0.0,0.04,0.07999999999999996,0.12,4.100000000000001,7.199999999999989,31.099999999999994,6.0,4.400000000000002,1.0,2.0,8.0,11.0
655,Fábio,Soares Silva,Fábio Silva,u,has joined Borussia Dortmund permanently.,,4.9,322,56.0,0.2,381,57.0,0.0,680.0,68.0,0,0,0.0,-1,1.0,0,267,0.0,0.0,0.0,0.0,0.0,710.0,76.0,0.0,0.0,712.0,76.0,708.0,75.0,701.0,75.0,712.0,76.0,,,,,,,,0.0,0.0,0.0,0.0,0.0,0.0,0.0,0.0,0.0,15,0,0.0,0.0,0.0,0.0,0.0,0.0,0.0,0.0,0.0,0.0,0.0,0.0,0.0,0.0,0.0,296.0,0.0,0.0,0.0,0.0,0.0,0.0,0.0,0.0,0.0,0.0,0.0,0.0,0.0
656,Saša,Kalajdžić,Kalajdžić,u,has joined LASK on loan for the rest of the season.,,4.9,315,55.0,0.1,561,74.0,0.0,675.0,67.0,0,0,0.0,-1,1.0,0,67,0.0,0.2,0.0,0.0,1.0,423.0,48.0,0.0,0.0,445.0,53.0,392.0,47.0,395.0,52.0,436.0,51.0,,,,,,,,0.0,0.06,0.06,0.64,0.0,0.0,0.0,0.0,12.86,15,0,0.0,0.0,0.0,0.0,0.0,0.0,0.0,0.0,0.0,0.0,0.0,0.0,0.0,0.0,0.0,76.0,0.0,0.0,0.0,0.0,0.0,0.0,0.0,0.0,0.0,0.0,0.0,0.0,0.0
