id,first_name,second_name,web_name,status,news,news_added,now_cost,now_cost_rank,now_cost_rank_type,selected_by_percent,selected_rank,selected_rank_type,form,form_rank,form_rank_type,event_points,cost_change_event,cost_change_event_fall,cost_change_start,cost_change_start_fall,transfers_in_event,transfers_out_event,value_form,value_season,ep_next,ep_this,points_per_game,points_per_game_rank,points_per_game_rank_type,chance_of_playing_next_round,chance_of_playing_this_round,influence_rank,influence_rank_type,creativity_rank,creativity_rank_type,threat_rank,threat_rank_type,ict_index_rank,ict_index_rank_type,corners_and_indirect_freekicks_order,direct_freekicks_order,penalties_order,set_piece_threat,corners_and_indirect_freekicks_text,direct_freekicks_text,penalties_text,expected_goals_per_90,expected_assists_per_90,expected_goal_involvements_per_90,expected_goals_conceded_per_90,saves_per_90,clean_sheets_per_90,goals_conceded_per_90,starts_per_90,defensive_contribution_per_90,gw,total_points,minutes,goals_scored,assists,clean_sheets,goals_conceded,own_goals,penalties_saved,penalties_missed,yellow_cards,red_cards,saves,starts,bonus,bps,transfers_in,transfers_out,dreamteam_count,expected_goals,expected_assists,expected_goal_involvements,expected_goals_conceded,influence,creativity,threat,ict_index,tackles,clearances_blocks_interceptions,recoveries,defensive_contribution
42,Evann,Guessand,Guessand,a,,,5.4,193,121,0.0,517,206,0.0,616,268,0,0,0,-1,1,121,284,0.0,0.4,0.0,0.0,1.0,380,178,,,357,165,331,166,281,145,363,174,,,,,,,,0.05,0.05,0.1,0.57,0.0,0.0,1.67,0.0,3.33,5,0,0.0,0.0,0.0,0.0,0.0,0.0,0.0,0.0,0.0,0.0,0.0,0.0,0.0,0.0,124.0,290.0,0.0,0.0,0.0,0.0,0.0,0.0,0.0,0.0,0.0,0.0,0.0,0.0,0.0
153,Axel,Disasi,Disasi,s,Suspended until 25 Oct,,4.5,453,99,0.1,475,170,-1.5,667,217,0,0,0,0,0,31,891,-0.3,0.2,0.0,0.0,0.3,419,146,0.0,0.0,237,96,257,94,320,120,290,109,,,,,,,,0.0,0.03,0.03,2.41,0.0,0.0,3.88,1.29,12.95,5,0,0.0,0.0,0.0,0.0,0.0,0.0,0.0,0.0,0.0,0.0,0.0,0.0,0.0,0.0,33.0,940.0,0.0,0.0,0.0,0.0,0.0,0.0,0.0,0.0,0.0,0.0,0.0,0.0,0.0
198,Dean,Henderson,Henderson,i,Foot injury - Expected back 11 Oct,,4.9,340,16,1.3,161,24,0.0,522,68,0,-1,1,-1,1,168,12732,0.0,1.0,0.0,0.0,1.7,261,23,0.0,0.0,82,16,560,58,526,56,214,17,,,,,,,,0.0,0.0,0.0,2.16,4.0,0.0,2.67,1.0,0.0,5,0,0.0,0.0,0.0,0.0,0.0,0.0,0.0,0.0,0.0,0.0,0.0,0.0,0.0,0.0,169.0,13099.0,0.0,0.0,0.0,0.0,0.0,0.0,0.0,0.0,0.0,0.0,0.0,0.0,0.0
203,Jaydee,Canvot,Canvot,a,,,4.8,420,79,0.2,334,126,4.0,84,38,8,-1,1,-2,2,532,994,0.8,2.1,4.0,4.0,2.5,189,75,,,111,50,197,64,277,97,191,68,,,,,,,,0.01,0.03,0.04,1.94,0.0,0.25,2.0,1.0,8.5,5,8,90.0,0.0,0.0,1.0,0.0,0.0,0.0,0.0,0.0,0.0,0.0,1.0,0.0,26.0,533.0,1063.0,0.0,0.0,0.12000000000000001,0.12,1.3100000000000005,19.799999999999997,17.200000000000003,2.0,3.9000000000000004,1.0,9.0,5.0,10.0
204,Tyrick,Mitchell,Mitchell,a,,,4.5,466,108,6.1,63,26,4.0,82,37,7,0,0,0,0,18092,19474,0.9,5.3,4.0,4.0,4.8,63,28,,,32,12,81,15,69,9,49,6,,,,,,,,0.17,0.06,0.23,1.79,0.0,0.21,2.15,1.07,5.37,5,7,90.0,0.0,0.0,1.0,0.0,0.0,0.0,0.0,0.0,0.0,0.0,1.0,1.0,30.0,18231.0,20332.0,0.0,0.0,0.020000000000000018,0.020000000000000018,1.3099999999999996,19.19999999999999,3.700000000000003,6.0,2.900000000000002,5.0,3.0,8.0,8.0
205,Borna,Sosa,Sosa,u,Has joined FC Cologne on loan for the rest of the season,,4.5,452,98,0.0,592,200,0.0,442,168,0,0,0,0,0,0,122,0.0,0.0,0.0,0.0,0.0,508,187,0.0,0.0,494,187,489,186,440,176,499,187,,,,,,,,0.0,0.0,0.0,0.0,0.0,0.0,0.0,0.0,0.0,5,0,0.0,0.0,0.0,0.0,0.0,0.0,0.0,0.0,0.0,0.0,0.0,0.0,0.0,0.0,0.0,123.0,0.0,0.0,0.0,0.0,0.0,0.0,0.0,0.0,0.0,0.0,0.0,0.0,0.0
15,Martin,Ødegaard,Ødegaard,a,,,6.8,31,20,19.9,18,8,2.5,161,74,2,0,0,3,-3,97080,102367,0.4,4.3,2.5,2.5,5.8,36,17,,,40,14,10,9,57,35,17,13,,4.0,3.0,,,,,0.26,0.32,0.58,0.77,0.0,0.72,0.95,1.19,5.49,5,2,72.0,0.0,0.0,0.0,3.0,0.0,0.0,0.0,0.0,0.0,0.0,1.0,0.0,10.0,100301.0,104021.0,0.0,0.07000000000000006,0.020000000000000018,0.08999999999999986,0.77,0.0,6.200000000000017,5.0,1.1000000000000014,0.0,1.0,1.0,2.0
206,Chadi,Riad Dnanou,Chadi Riad,i,Knee injury - Unknown return date,,4.3,582,157,0.0,574,195,0.0,405,156,0,-1,1,-2,2,30,153,0.0,0.2,0.0,0.0,1.0,306,113,0.0,0.0,308,119,349,128,402,167,365,128,,,,,,,,0.0,0.01,0.01,1.22,0.0,0.0,2.5,1.25,8.75,5,0,0.0,0.0,0.0,0.0,0.0,0.0,0.0,0.0,0.0,0.0,0.0,0.0,0.0,0.0,30.0,157.0,0.0,0.0,0.0,0.0,0.0,0.0,0.0,0.0,0.0,0.0,0.0,0.0,0.0
210,Adam,Wharton,Wharton,a,,,5.4,196,122,0.7,212,65,2.0,175,80,2,-1,1,-1,1,1308,4992,0.4,2.2,2.0,2.0,2.4,195,84,100.0,100.0,125,40,43,36,205,113,99,54,2.0,,,,,,,0.03,0.12,0.15,1.84,0.0,0.21,2.06,1.03,8.46,5,2,90.0,0.0,0.0,1.0,0.0,0.0,0.0,0.0,1.0,0.0,0.0,1.0,0.0,13.0,1337.0,5070.0,0.0,0.06999999999999999,0.21999999999999997,0.29,1.3100000000000005,20.0,26.799999999999997,13.0,5.999999999999998,2.0,4.0,1.0,7.0
211,Yéremy,Pino Santos,Yeremy,a,,,5.5,155,96,0.3,279,94,1.5,209,101,2,0,0,0,0,783,3088,0.3,2.5,1.5,1.5,2.8,172,73,,,255,105,44,37,144,77,125,66,1.0,1.0,,,,,,0.15,0.16,0.31,2.03,0.0,0.29,1.76,1.17,7.62,5,2,81.0,0.0,0.0,1.0,0.0,0.0,0.0,0.0,1.0,0.0,0.0,1.0,0.0,10.0,801.0,3254.0,0.0,0.16000000000000003,0.15000000000000002,0.31000000000000005,1.2599999999999998,9.399999999999999,8.299999999999997,10.0,2.8000000000000007,0.0,2.0,3.0,5.0
212,Will,Hughes,Hughes,a,,,4.4,541,286,7.2,53,17,0.5,273,133,0,0,0,-1,1,10010,50909,0.1,0.5,0.5,0.5,1.0,309,137,,,338,157,236,127,405,169,339,159,4.0,,,,,,,0.0,0.12,0.12,3.48,0.0,0.0,3.1,0.0,21.72,5,0,0.0,0.0,0.0,0.0,0.0,0.0,0.0,0.0,0.0,0.0,0.0,0.0,0.0,0.0,10396.0,52264.0,0.0,0.0,0.0,0.0,0.0,0.0,0.0,0.0,0.0,0.0,0.0,0.0,0.0
215,Justin,Devenny,Devenny,u,Has joined Stoke City permanently,,5.0,291,176,0.0,640,276,0.0,573,242,0,0,0,0,0,0,43,0.0,0.0,0.0,0.0,0.0,611,261,0.0,0.0,602,256,608,261,585,247,608,258,,2.0,3.0,,,,,0.0,0.0,0.0,0.0,0.0,0.0,0.0,0.0,0.0,5,0,0.0,0.0,0.0,0.0,0.0,0.0,0.0,0.0,0.0,0.0,0.0,0.0,0.0,0.0,0.0,46.0,0.0,0.0,0.0,0.0,0.0,0.0,0.0,0.0,0.0,0.0,0.0,0.0,0.0
216,Romain,Esse,Esse,u,Has joined Millwall on loan for the rest of the season,,5.0,320,195,0.0,587,243,0.0,589,253,0,0,0,0,0,0,143,0.0,0.0,0.0,0.0,0.0,626,271,0.0,0.0,617,266,623,271,601,258,623,268,,,,,,,,0.0,0.0,0.0,0.0,0.0,0.0,0.0,0.0,0.0,5,0,0.0,0.0,0.0,0.0,0.0,0.0,0.0,0.0,0.0,0.0,0.0,0.0,0.0,0.0,0.0,146.0,0.0,0.0,0.0,0.0,0.0,0.0,0.0,0.0,0.0,0.0,0.0,0.0,0.0
207,Oscar,Mingueza,Mingueza,a,,,4.4,556,143,0.1,486,175,0.0,415,161,0,0,0,-1,1,103,322,0.0,0.5,0.0,0.0,1.0,313,118,,,375,139,377,140,413,170,392,141,,,,,,,,0.0,0.0,0.0,1.86,0.0,0.0,5.62,0.0,11.25,5,0,0.0,0.0,0.0,0.0,0.0,0.0,0.0,0.0,0.0,0.0,0.0,0.0,0.0,0.0,107.0,329.0,0.0,0.0,0.0,0.0,0.0,0.0,0.0,0.0,0.0,0.0,0.0,0.0,0.0
217,Matheus,França de Oliveira,M.França,u,Has joined Alverca on loan for the rest of the season,,4.9,385,230,0.0,608,257,0.0,547,226,0,0,0,-1,1,0,176,0.0,0.0,0.0,0.0,0.0,590,249,0.0,0.0,579,242,580,248,548,226,585,244,,,,,,,,0.0,0.0,0.0,0.0,0.0,0.0,0.0,0.0,0.0,5,0,0.0,0.0,0.0,0.0,0.0,0.0,0.0,0.0,0.0,0.0,0.0,0.0,0.0,0.0,0.0,181.0,0.0,0.0,0.0,0.0,0.0,0.0,0.0,0.0,0.0,0.0,0.0,0.0,0.0
219,Jesurun,Rak-Sakyi,J.Rak-Sakyi,u,has joined  Kasimpasa on loan for the rest of the seaon.,,4.9,366,218,0.0,647,282,0.0,535,216,0,0,0,-1,1,0,31,0.0,0.0,0.0,0.0,0.0,584,244,0.0,0.0,573,237,572,243,539,220,579,239,,,,,,,,0.0,0.0,0.0,0.0,0.0,0.0,0.0,0.0,0.0,5,0,0.0,0.0,0.0,0.0,0.0,0.0,0.0,0.0,0.0,0.0,0.0,0.0,0.0,0.0,0.0,31.0,0.0,0.0,0.0,0.0,0.0,0.0,0.0,0.0,0.0,0.0,0.0,0.0,0.0
220,Rio,Cardines,Cardines,u,Has joined Bristol City on loan for the rest of the season,,4.5,510,128,0.0,662,217,0.0,480,185,0,0,0,0,0,0,3,0.0,0.0,0.0,0.0,0.0,541,200,0.0,0.0,528,200,524,199,482,192,533,200,,,,,,,,0.0,0.0,0.0,0.0,0.0,0.0,0.0,0.0,0.0,5,0,0.0,0.0,0.0,0.0,0.0,0.0,0.0,0.0,0.0,0.0,0.0,0.0,0.0,0.0,0.0,3.0,0.0,0.0,0.0,0.0,0.0,0.0,0.0,0.0,0.0,0.0,0.0,0.0,0.0
225,Christantus,Uche,Uche,u,has returned to Getafe CF,,5.0,330,63,0.0,667,79,0.0,592,63,0,0,0,0,0,0,0,0.0,0.0,0.0,0.0,0.0,629,72,0.0,0.0,620,67,626,71,605,67,626,71,,,,,,,,0.0,0.0,0.0,0.0,0.0,0.0,0.0,0.0,0.0,5,0,0.0,0.0,0.0,0.0,0.0,0.0,0.0,0.0,0.0,0.0,0.0,0.0,0.0,0.0,0.0,0.0,0.0,0.0,0.0,0.0,0.0,0.0,0.0,0.0,0.0,0.0,0.0,0.0,0.0
644,Quinten,Timber,Timber,a,,,5.0,277,170,0.0,523,208,3.5,101,38,3,0,0,0,0,517,348,0.7,1.8,3.5,3.5,3.0,143,58,,,226,97,190,108,141,74,209,98,,,,,,,,0.09,0.02,0.11,1.98,0.0,0.36,1.78,1.07,9.6,5,3,90.0,0.0,0.0,1.0,0.0,0.0,0.0,0.0,0.0,0.0,0.0,1.0,0.0,13.0,531.0,350.0,0.0,0.12,0.03,0.15,1.3099999999999996,8.399999999999999,24.0,6.0,3.8,2.0,2.0,1.0,5.0
209,Brennan,Johnson,Johnson,a,,,5.9,85,56,0.1,387,141,3.0,134,57,3,0,0,-1,1,493,825,0.5,1.5,3.0,3.0,1.8,258,114,,,275,116,107,71,169,92,210,99,,,,,,,,0.39,0.08,0.47,1.41,0.0,0.76,0.38,1.13,9.83,5,3,65.0,0.0,0.0,1.0,0.0,0.0,0.0,0.0,0.0,0.0,0.0,1.0,0.0,6.0,515.0,844.0,0.0,0.8200000000000001,0.0,0.8200000000000001,1.06,0.0,0.5999999999999943,10.0,1.0,3.0,1.0,4.0,8.0
230,Jarrad,Branthwaite,Branthwaite,a,,,5.5,154,17,2.5,116,45,7.0,25,14,8,0,0,0,0,24310,8884,1.3,4.9,7.0,7.0,5.4,49,19,,,23,6,288,105,56,5,65,12,,,,,,,,0.03,0.0,0.03,1.39,0.0,0.6,0.6,1.0,10.8,5,8,90.0,0.0,0.0,1.0,0.0,0.0,0.0,0.0,0.0,0.0,0.0,1.0,0.0,27.0,24899.0,9029.0,0.0,0.0,0.0,0.0,1.4400000000000004,32.60000000000001,0.9000000000000004,0.0,3.3999999999999986,0.0,14.0,3.0,14.0
232,Jake,O'Brien,O'Brien,a,,,4.8,417,77,0.3,299,109,1.0,229,82,1,-1,1,-2,2,385,1318,0.2,0.4,1.0,1.0,1.0,330,127,,,378,140,554,203,517,199,393,142,,,,,,,,0.0,0.0,0.0,2.36,0.0,0.0,0.0,0.0,11.25,5,1,1.0,0.0,0.0,0.0,0.0,0.0,0.0,0.0,0.0,0.0,0.0,0.0,0.0,3.0,405.0,1348.0,0.0,0.0,0.0,0.0,0.15999999999999998,2.0,0.0,0.0,0.19999999999999998,0.0,1.0,1.0,1.0
233,Vitalii,Mykolenko,Mykolenko,d,Leg injury - 75% chance of playing,,4.6,425,81,4.1,84,32,8.0,13,6,5,1,-1,1,-1,42187,32522,1.7,5.9,6.0,8.0,5.4,46,17,75.0,,66,30,169,49,231,77,132,44,,,,,,,,0.01,0.03,0.04,1.39,0.0,0.6,0.6,1.0,7.8,5,5,90.0,0.0,0.0,1.0,0.0,0.0,0.0,0.0,1.0,0.0,0.0,1.0,0.0,29.0,47027.0,32846.0,0.0,0.04,0.01999999999999999,0.06,1.4400000000000004,18.799999999999997,7.100000000000001,7.0,3.3000000000000007,3.0,3.0,11.0,6.0
234,Nathan,Patterson,Patterson,u,Has joined Torino permanently,,4.5,465,107,0.0,593,201,0.0,448,172,0,0,0,0,0,0,141,0.0,0.0,0.0,0.0,0.0,514,191,0.0,0.0,500,191,496,190,447,180,505,191,,,,,,,,0.0,0.0,0.0,0.0,0.0,0.0,0.0,0.0,0.0,5,0,0.0,0.0,0.0,0.0,0.0,0.0,0.0,0.0,0.0,0.0,0.0,0.0,0.0,0.0,0.0,143.0,0.0,0.0,0.0,0.0,0.0,0.0,0.0,0.0,0.0,0.0,0.0,0.0,0.0
236,Kiernan,Dewsbury-Hall,Dewsbury-Hall,a,,,6.6,33,22,5.9,65,21,2.5,160,73,3,1,-1,1,-1,37275,57088,0.4,3.0,2.5,2.5,4.0,98,38,,,77,24,13,12,20,11,13,11,2.0,,,,,,,0.2,0.17,0.37,1.35,0.0,0.6,0.6,1.0,8.4,5,3,90.0,0.0,0.0,1.0,0.0,0.0,0.0,0.0,0.0,0.0,0.0,1.0,0.0,10.0,42100.0,57715.0,0.0,0.37,0.33999999999999997,0.71,1.2800000000000002,1.5999999999999943,31.200000000000017,28.0,6.100000000000001,2.0,0.0,5.0,7.0
239,James,Garner,Garner,a,,,6.0,68,47,0.2,322,114,3.5,109,42,3,0,0,0,0,2191,2374,0.6,1.8,3.5,3.5,2.2,220,97,100.0,100.0,190,78,80,59,236,123,166,85,1.0,1.0,2.0,,,,,0.05,0.05,0.1,0.95,0.0,0.55,0.55,1.1,12.35,5,3,90.0,0.0,0.0,1.0,0.0,0.0,0.0,0.0,0.0,0.0,0.0,1.0,0.0,14.0,2338.0,2402.0,0.0,0.16,0.04000000000000001,0.19999999999999998,1.4400000000000004,10.0,19.199999999999996,4.0,3.3000000000000007,0.0,4.0,5.0,9.0
243,Carlos,Alcaraz Durán,Alcaraz,a,,,4.9,379,225,0.1,455,175,0.0,541,221,0,0,0,-1,1,173,445,0.0,0.2,0.0,0.0,0.5,416,199,,,361,167,363,181,167,90,330,155,,,,,,,,0.9,0.36,1.26,0.72,0.0,0.0,0.0,0.0,54.0,5,0,0.0,0.0,0.0,0.0,0.0,0.0,0.0,0.0,0.0,0.0,0.0,0.0,0.0,0.0,176.0,456.0,0.0,0.0,0.0,0.0,0.0,0.0,0.0,0.0,0.0,0.0,0.0,0.0,0.0
76,Alex,Tóth,Tóth.A,a,,,4.9,395,240,0.0,594,247,0.5,291,138,1,0,0,-1,1,30,60,0.1,0.4,0.5,0.5,1.0,348,156,,,379,176,365,182,556,234,396,185,,,,,,,,0.0,0.0,0.0,2.96,0.0,0.0,10.59,0.0,10.59,5,1,2.0,0.0,0.0,0.0,0.0,0.0,0.0,0.0,0.0,0.0,0.0,0.0,0.0,3.0,31.0,60.0,0.0,0.0,0.0,0.0,0.25000000000000006,0.20000000000000018,0.09999999999999998,0.0,0.0,0.0,0.0,0.0,0.0
244,Harrison,Armstrong,Armstrong,a,,,5.0,322,197,0.4,275,92,2.5,149,65,2,0,0,0,0,991,3639,0.5,3.2,2.5,1.9,3.2,129,50,100.0,75.0,155,58,86,63,192,105,149,76,,,,,,,,0.04,0.1,0.14,1.4,0.0,0.61,0.61,1.01,8.07,5,2,90.0,0.0,0.0,1.0,0.0,0.0,0.0,0.0,1.0,0.0,0.0,1.0,0.0,13.0,996.0,3731.0,0.0,0.12,0.37,0.49,1.4400000000000004,5.0,26.299999999999997,4.0,3.5,2.0,1.0,2.0,5.0
245,Tyler,Dibling,Dibling,a,,,5.4,197,123,0.0,549,226,0.5,318,154,1,0,0,-1,1,135,171,0.1,0.2,0.5,0.5,1.0,382,179,,,346,161,201,114,163,87,274,121,,,,,,,,0.64,0.6,1.24,1.42,0.0,0.0,0.0,0.0,0.0,5,1,24.0,0.0,0.0,0.0,0.0,0.0,0.0,0.0,0.0,0.0,0.0,0.0,0.0,10.0,138.0,174.0,0.0,0.17,0.16,0.33,0.38,7.2,24.4,26.0,5.8,0.0,0.0,0.0,0.0
615,Michele,Di Gregorio,Di Gregorio,a,,,4.5,457,33,0.0,519,61,0.0,445,60,0,0,0,0,0,205,210,0.0,0.0,0.0,0.0,0.0,511,62,,,497,62,492,47,443,42,502,62,,,,,,,,0.0,0.0,0.0,0.0,0.0,0.0,0.0,0.0,0.0,5,0,0.0,0.0,0.0,0.0,0.0,0.0,0.0,0.0,0.0,0.0,0.0,0.0,0.0,0.0,206.0,212.0,0.0,0.0,0.0,0.0,0.0,0.0,0.0,0.0,0.0,0.0,0.0,0.0,0.0
89,Rico,Henry,Henry,a,,,4.4,550,138,0.2,340,128,0.0,412,159,0,0,0,-1,1,178,669,0.0,0.2,0.0,0.0,1.0,311,116,,,470,182,462,181,411,169,475,182,,,,,,,,0.0,0.0,0.0,0.0,0.0,0.0,0.0,0.0,0.0,5,0,0.0,0.0,0.0,0.0,0.0,0.0,0.0,0.0,0.0,0.0,0.0,0.0,0.0,0.0,181.0,683.0,0.0,0.0,0.0,0.0,0.0,0.0,0.0,0.0,0.0,0.0,0.0,0.0,0.0
137,Stefanos,Tzimas,Tzimas,i,Knee injury - Unknown return date,,5.4,207,46,0.0,627,77,0.0,622,68,0,0,0,-1,1,43,61,0.0,0.0,0.0,0.0,0.0,640,74,0.0,0.0,635,70,638,74,625,71,640,74,,,,,,,,0.0,0.0,0.0,0.0,0.0,0.0,0.0,0.0,0.0,5,0,0.0,0.0,0.0,0.0,0.0,0.0,0.0,0.0,0.0,0.0,0.0,0.0,0.0,0.0,43.0,61.0,0.0,0.0,0.0,0.0,0.0,0.0,0.0,0.0,0.0,0.0,0.0,0.0,0.0
246,Merlin,Röhl,Röhl,i,Unspecified injury - Expected back 11 Oct,,4.9,381,226,0.0,533,215,0.0,543,222,0,0,0,-1,1,8,644,0.0,1.2,0.0,0.0,2.0,230,100,0.0,0.0,261,108,181,106,325,161,266,119,,,,,,,,0.0,0.07,0.07,1.63,0.0,0.36,0.72,1.08,8.67,5,0,0.0,0.0,0.0,0.0,0.0,0.0,0.0,0.0,0.0,0.0,0.0,0.0,0.0,0.0,8.0,661.0,0.0,0.0,0.0,0.0,0.0,0.0,0.0,0.0,0.0,0.0,0.0,0.0,0.0
247,Hayden,Hackney,Hackney,a,,,5.4,182,115,0.2,341,120,1.0,250,119,1,-1,1,-1,1,219,1222,0.2,1.9,1.0,1.0,2.0,235,104,100.0,100.0,216,93,120,80,185,98,197,94,3.0,,,,,,,0.03,0.09,0.12,2.57,0.0,0.66,0.66,0.66,7.88,5,1,1.0,0.0,0.0,0.0,0.0,0.0,0.0,0.0,0.0,0.0,0.0,0.0,0.0,3.0,221.0,1244.0,0.0,0.0,0.0,0.0,0.16000000000000014,0.19999999999999574,0.10000000000000142,0.0,0.0,0.0,0.0,0.0,0.0
248,Norberto Bercique,Gomes Betuncal,Beto,u,Has joined Fiorentina permanently,,5.4,194,45,0.6,232,38,0.0,617,67,0,0,0,-1,1,0,8169,0.0,0.4,0.0,0.0,1.0,381,43,0.0,0.0,380,40,383,47,296,39,381,43,,,,,,,,0.26,0.0,0.26,5.57,0.0,0.0,0.0,0.0,2.9,5,0,0.0,0.0,0.0,0.0,0.0,0.0,0.0,0.0,0.0,0.0,0.0,0.0,0.0,0.0,0.0,8410.0,0.0,0.0,0.0,0.0,0.0,0.0,0.0,0.0,0.0,0.0,0.0,0.0,0.0
249,Thierno,Barry,Barry,a,,,5.7,119,30,8.4,46,7,4.0,89,9,6,1,-1,2,-2,99575,47965,0.7,3.5,4.0,4.0,4.0,95,8,,,105,9,69,3,3,2,16,4,,,1.0,,,,,0.76,0.03,0.79,1.08,0.0,0.65,0.65,1.08,3.67,5,6,90.0,1.0,0.0,1.0,0.0,0.0,0.0,0.0,0.0,0.0,0.0,1.0,0.0,28.0,110933.0,48858.0,0.0,0.52,0.009999999999999981,0.5299999999999998,1.4399999999999995,34.4,12.299999999999997,27.0,7.399999999999999,0.0,2.0,3.0,5.0
649,Ainsley,Maitland-Niles,Maitland-Niles,a,,,4.5,440,89,1.4,155,63,7.0,20,11,8,0,0,0,0,22137,5822,1.6,4.7,7.0,7.0,7.0,10,5,,,139,63,161,43,267,93,192,69,,,,,,,,0.03,0.13,0.16,1.02,0.0,1.02,0.51,1.02,6.61,5,8,90.0,0.0,0.0,1.0,0.0,0.0,0.0,0.0,0.0,0.0,0.0,1.0,2.0,39.0,22924.0,5892.0,0.0,0.0,0.10999999999999999,0.10999999999999999,1.28,23.800000000000004,25.999999999999996,0.0,5.0,3.0,5.0,3.0,8.0
58,Fraser,Forster,Forster,a,,,4.0,588,50,3.5,98,15,0.0,342,23,0,0,0,0,0,9572,8479,0.0,0.0,0.0,0.0,0.0,426,26,,,412,26,400,7,344,2,416,26,,,,,,,,0.0,0.0,0.0,0.0,0.0,0.0,0.0,0.0,0.0,5,0,0.0,0.0,0.0,0.0,0.0,0.0,0.0,0.0,0.0,0.0,0.0,0.0,0.0,0.0,9820.0,8625.0,0.0,0.0,0.0,0.0,0.0,0.0,0.0,0.0,0.0,0.0,0.0,0.0,0.0
66,Julio,Soler Barreto,Soler,a,,,4.0,647,198,0.3,306,113,0.0,390,142,0,0,0,0,0,827,1271,0.0,0.0,0.0,0.0,0.0,467,170,100.0,100.0,453,170,444,169,389,155,458,170,,,,,,,,0.0,0.0,0.0,0.0,0.0,0.0,0.0,0.0,0.0,5,0,0.0,0.0,0.0,0.0,0.0,0.0,0.0,0.0,0.0,0.0,0.0,0.0,0.0,0.0,844.0,1288.0,0.0,0.0,0.0,0.0,0.0,0.0,0.0,0.0,0.0,0.0,0.0,0.0,0.0
95,Dango,Ouattara,O.Dango,a,,,6.3,51,35,0.5,256,84,1.0,265,129,1,0,0,-2,2,970,4148,0.2,1.1,1.0,1.0,1.4,280,126,,,264,110,95,67,175,94,200,96,4.0,,,,,,,0.05,0.2,0.25,1.41,0.0,0.5,0.5,1.01,14.08,5,1,9.0,0.0,0.0,0.0,0.0,0.0,0.0,0.0,0.0,0.0,0.0,0.0,0.0,2.0,992.0,4342.0,0.0,0.0,0.0,0.0,0.1299999999999999,0.1999999999999993,0.0,0.0,0.0,0.0,0.0,0.0,0.0
661,Ellery,Balcombe,Balcombe,a,,,4.0,614,64,0.0,506,58,0.0,362,37,0,0,0,0,0,3325,660,0.0,0.0,1.0,1.0,0.0,444,40,,,430,40,421,21,365,16,435,40,,,,,,,,0.0,0.0,0.0,0.0,0.0,0.0,0.0,0.0,0.0,5,0,0.0,0.0,0.0,0.0,0.0,0.0,0.0,0.0,0.0,0.0,0.0,0.0,0.0,0.0,3325.0,660.0,0.0,0.0,0.0,0.0,0.0,0.0,0.0,0.0,0.0,0.0,0.0,0.0,0.0
154,Cole,Palmer,Palmer,d,Muscular injury - 75% chance of playing,,9.7,3,2,25.2,12,6,3.5,113,45,2,0,0,2,-2,55146,210564,0.4,2.9,2.6,3.5,5.6,43,22,75.0,100.0,15,10,19,18,13,7,8,7,,2.0,1.0,,,,,0.27,0.16,0.43,1.78,0.0,0.0,2.44,1.02,5.9,5,2,90.0,0.0,0.0,0.0,3.0,0.0,0.0,0.0,0.0,0.0,0.0,1.0,0.0,21.0,58604.0,212430.0,0.0,0.13000000000000012,0.18000000000000005,0.31000000000000005,2.6500000000000004,19.400000000000006,25.30000000000001,20.0,6.5,3.0,1.0,2.0,6.0
623,Dan,Bentley,Bentley,a,,,4.0,592,54,0.6,224,33,0.0,346,27,0,0,0,0,0,9742,2745,0.0,0.0,0.0,0.0,0.0,430,30,,,416,30,404,11,348,6,420,30,,,,,,,,0.0,0.0,0.0,0.0,0.0,0.0,0.0,0.0,0.0,5,0,0.0,0.0,0.0,0.0,0.0,0.0,0.0,0.0,0.0,0.0,0.0,0.0,0.0,0.0,10092.0,2809.0,0.0,0.0,0.0,0.0,0.0,0.0,0.0,0.0,0.0,0.0,0.0,0.0,0.0
21,Christian,Nørgaard,Nørgaard,i,Groin injury - Unknown return date,,4.8,403,244,0.0,511,202,0.0,506,199,0,-1,1,-2,2,68,381,0.0,0.0,0.0,0.0,0.0,565,233,0.0,0.0,552,225,549,231,510,204,557,226,,,,,,,,0.0,0.0,0.0,0.0,0.0,0.0,0.0,0.0,0.0,5,0,0.0,0.0,0.0,0.0,0.0,0.0,0.0,0.0,0.0,0.0,0.0,0.0,0.0,0.0,68.0,392.0,0.0,0.0,0.0,0.0,0.0,0.0,0.0,0.0,0.0,0.0,0.0,0.0,0.0
654,Braiden,Graham,Graham,a,,,4.5,527,276,0.1,415,152,0.0,494,191,0,0,0,0,0,257,1071,0.0,0.0,0.0,0.0,0.0,553,225,,,540,217,536,223,496,195,545,218,,,,,,,,0.0,0.0,0.0,0.0,0.0,0.0,0.0,0.0,0.0,5,0,0.0,0.0,0.0,0.0,0.0,0.0,0.0,0.0,0.0,0.0,0.0,0.0,0.0,0.0,267.0,1079.0,0.0,0.0,0.0,0.0,0.0,0.0,0.0,0.0,0.0,0.0,0.0,0.0,0.0
250,Bernd,Leno,Leno,a,,,4.5,431,25,3.4,99,16,6.0,34,6,3,0,0,0,0,50745,14962,1.3,4.0,6.0,6.0,3.6,110,11,,,35,6,480,39,430,34,172,6,,,,,,,,0.0,0.0,0.0,1.82,3.2,0.2,1.6,1.0,0.0,5,3,90.0,0.0,0.0,0.0,1.0,0.0,0.0,0.0,0.0,0.0,5.0,1.0,0.0,18.0,51215.0,15186.0,0.0,0.0,0.0,0.0,1.5999999999999996,34.599999999999994,0.0,0.0,3.5,0.0,2.0,8.0,0.0
251,Benjamin,Lecomte,Lecomte,a,,,4.0,594,55,1.1,167,25,0.0,348,28,0,0,0,0,0,2993,2987,0.0,0.0,0.0,0.0,0.0,432,31,,,418,31,406,12,350,7,422,31,,,,,,,,0.0,0.0,0.0,0.0,0.0,0.0,0.0,0.0,0.0,5,0,0.0,0.0,0.0,0.0,0.0,0.0,0.0,0.0,0.0,0.0,0.0,0.0,0.0,0.0,3054.0,3037.0,0.0,0.0,0.0,0.0,0.0,0.0,0.0,0.0,0.0,0.0,0.0,0.0,0.0
256,Kenny,Tete,Tete,a,,,4.4,548,137,0.2,343,129,0.0,410,158,0,0,0,-1,1,79,1113,0.0,0.0,0.0,0.0,0.0,483,182,100.0,0.0,388,143,379,141,317,117,390,140,,,,,,,,0.0,0.0,0.0,2.17,0.0,0.0,0.0,0.0,10.0,5,0,0.0,0.0,0.0,0.0,0.0,0.0,0.0,0.0,0.0,0.0,0.0,0.0,0.0,0.0,80.0,1144.0,0.0,0.0,0.0,0.0,0.0,0.0,0.0,0.0,0.0,0.0,0.0,0.0,0.0
257,Calvin,Bassey,Bassey,a,,,4.5,460,104,0.7,209,81,6.0,37,21,6,0,0,0,0,8443,2400,1.3,3.3,6.0,6.0,3.0,134,56,,,81,36,237,83,122,32,138,47,,,,,,,,0.03,0.02,0.05,1.82,0.0,0.2,1.6,1.0,5.8,5,6,90.0,0.0,1.0,0.0,1.0,0.0,0.0,0.0,0.0,0.0,0.0,1.0,1.0,26.0,8468.0,2439.0,0.0,0.06,0.009999999999999995,0.06999999999999998,1.5999999999999996,26.599999999999994,1.8000000000000007,17.0,4.5,2.0,6.0,7.0,8.0
667,James,Wright,Wright,a,,,4.0,627,69,0.1,373,41,0.0,372,42,0,0,0,0,0,9132,1093,0.0,0.0,1.0,1.0,0.0,452,45,,,438,45,429,26,373,21,443,45,,,,,,,,0.0,0.0,0.0,0.0,0.0,0.0,0.0,0.0,0.0,5,0,0.0,0.0,0.0,0.0,0.0,0.0,0.0,0.0,0.0,0.0,0.0,0.0,0.0,0.0,9132.0,1093.0,0.0,0.0,0.0,0.0,0.0,0.0,0.0,0.0,0.0,0.0,0.0,0.0,0.0
80,Enes,Ünal,Enes Ünal,u,Has joined Getafe permanently,,5.5,128,33,0.0,590,76,0.0,624,70,0,0,0,0,0,0,58,0.0,0.0,0.0,0.0,0.0,642,76,0.0,0.0,637,72,642,76,629,73,642,76,,,,,,,,0.0,0.0,0.0,0.0,0.0,0.0,0.0,0.0,0.0,5,0,0.0,0.0,0.0,0.0,0.0,0.0,0.0,0.0,0.0,0.0,0.0,0.0,0.0,0.0,0.0,58.0,0.0,0.0,0.0,0.0,0.0,0.0,0.0,0.0,0.0,0.0,0.0,0.0,0.0
134,Nehemiah,Oriola,Oriola,a,,,4.5,501,265,0.2,313,110,0.0,473,182,0,0,0,0,0,388,1479,0.0,0.0,0.0,0.0,0.0,536,217,,,522,209,519,215,476,187,527,210,,,,,,,,0.0,0.0,0.0,0.0,0.0,0.0,0.0,0.0,0.0,5,0,0.0,0.0,0.0,0.0,0.0,0.0,0.0,0.0,0.0,0.0,0.0,0.0,0.0,0.0,390.0,1511.0,0.0,0.0,0.0,0.0,0.0,0.0,0.0,0.0,0.0,0.0,0.0,0.0,0.0
647,Darío,Osorio,Osorio,a,,,5.5,157,98,0.0,622,264,0.0,632,278,0,0,0,0,0,32,83,0.0,0.2,0.0,0.0,1.0,386,182,,,387,180,384,192,639,280,401,188,,,,,,,,0.0,0.0,0.0,11.7,0.0,0.0,0.0,0.0,90.0,5,0,0.0,0.0,0.0,0.0,0.0,0.0,0.0,0.0,0.0,0.0,0.0,0.0,0.0,0.0,33.0,84.0,0.0,0.0,0.0,0.0,0.0,0.0,0.0,0.0,0.0,0.0,0.0,0.0,0.0
258,Timothy,Castagne,Castagne,a,,,4.5,441,90,1.0,181,68,3.5,95,39,1,0,0,0,0,18489,5949,0.8,4.4,3.5,3.5,4.0,87,37,,,96,44,97,22,78,11,83,22,,,,,,,,0.15,0.09,0.24,1.5,0.0,0.44,1.54,1.1,6.4,5,1,90.0,0.0,0.0,0.0,1.0,0.0,0.0,0.0,1.0,0.0,0.0,1.0,0.0,3.0,18678.0,6037.0,0.0,0.0,0.010000000000000009,0.010000000000000009,1.5999999999999996,20.60000000000001,5.200000000000003,2.0,2.8000000000000007,0.0,9.0,4.0,9.0
263,Kevin,Santos Lopes de Macedo,Kevin,a,,,5.3,232,146,0.0,512,203,1.0,246,116,1,0,0,-2,2,232,321,0.2,0.8,1.0,1.0,1.0,370,170,,,322,145,289,144,204,112,316,144,4.0,,,,,,,0.1,0.18,0.28,1.81,0.0,0.0,1.48,0.0,11.8,5,1,19.0,0.0,0.0,0.0,1.0,0.0,0.0,0.0,0.0,0.0,0.0,0.0,0.0,6.0,240.0,330.0,0.0,0.04000000000000001,0.0,0.04000000000000001,0.49,5.199999999999999,0.09999999999999964,17.0,2.2,0.0,1.0,1.0,2.0
264,Oscar,Bobb,Bobb,a,,,5.5,153,95,0.3,292,100,3.0,130,54,3,0,0,0,0,3124,2094,0.5,2.4,3.0,3.0,2.6,185,81,,,212,90,30,26,52,32,58,38,2.0,,,,,,,0.14,0.3,0.44,1.62,0.0,0.79,1.57,1.31,7.35,5,3,70.0,0.0,0.0,1.0,0.0,0.0,0.0,0.0,0.0,0.0,0.0,1.0,0.0,6.0,3155.0,2131.0,0.0,0.22000000000000003,0.08999999999999986,0.30999999999999983,1.12,4.0,3.700000000000003,8.0,1.6000000000000014,2.0,1.0,3.0,6.0
265,Sander,Berge,Berge,a,,,4.9,343,208,0.3,298,103,3.0,115,46,3,0,0,-1,1,765,1494,0.6,2.2,3.0,3.0,2.2,209,90,,,189,77,61,50,176,95,135,71,,,,,,,,0.02,0.09,0.11,1.9,0.0,0.52,1.29,1.03,4.9,5,3,76.0,0.0,0.0,1.0,0.0,0.0,0.0,0.0,0.0,0.0,0.0,1.0,0.0,16.0,786.0,1525.0,0.0,0.05,0.019999999999999962,0.07,1.1800000000000006,10.0,15.400000000000006,7.0,3.200000000000001,0.0,2.0,0.0,2.0
266,Tom,Cairney,Cairney,i,Knee injury - Expected back 10 Oct,,4.9,333,203,0.0,649,284,0.0,517,207,0,0,0,-1,1,13,21,0.0,0.0,0.0,0.0,0.0,570,237,0.0,0.0,559,230,555,235,520,211,564,231,,,,,,,,0.0,0.0,0.0,0.0,0.0,0.0,0.0,0.0,0.0,5,0,0.0,0.0,0.0,0.0,0.0,0.0,0.0,0.0,0.0,0.0,0.0,0.0,0.0,0.0,13.0,22.0,0.0,0.0,0.0,0.0,0.0,0.0,0.0,0.0,0.0,0.0,0.0,0.0,0.0
268,Josh,King,King,a,,,5.6,123,79,2.9,106,34,2.5,155,68,2,1,-1,1,-1,129112,23436,0.4,4.3,2.5,2.5,4.8,67,27,,,55,19,84,61,5,2,18,14,,,,,,,,0.33,0.1,0.43,1.76,0.0,0.42,1.48,1.06,5.93,5,2,79.0,0.0,0.0,1.0,0.0,0.0,0.0,0.0,1.0,0.0,0.0,1.0,0.0,10.0,131066.0,23784.0,0.0,0.3800000000000001,0.030000000000000027,0.4099999999999999,1.2499999999999991,3.200000000000003,6.800000000000004,46.0,5.599999999999998,0.0,1.0,4.0,5.0
269,Ryan,Sessegnon,Sessegnon,a,,,4.3,579,154,0.3,304,111,0.0,403,154,0,-1,1,-2,2,378,1449,0.0,0.7,0.0,0.0,1.0,305,112,100.0,75.0,293,117,194,61,149,44,241,91,3.0,,,,,,,0.23,0.79,1.02,3.24,0.0,0.0,1.8,0.0,5.4,5,0,0.0,0.0,0.0,0.0,0.0,0.0,0.0,0.0,0.0,0.0,0.0,0.0,0.0,0.0,378.0,1503.0,0.0,0.0,0.0,0.0,0.0,0.0,0.0,0.0,0.0,0.0,0.0,0.0,0.0
271,Rodrigo,Muniz Carvalho,Muniz,a,,,5.4,181,43,0.4,267,46,0.5,315,36,0,0,0,-1,1,2074,3002,0.1,0.6,0.5,0.5,0.8,409,49,,,317,32,215,25,136,26,251,25,,,,,,,,0.95,0.0,0.95,2.01,0.0,0.0,2.37,0.0,7.11,5,0,10.0,0.0,0.0,0.0,1.0,0.0,0.0,0.0,1.0,0.0,0.0,0.0,0.0,-1.0,2103.0,3059.0,0.0,0.0,0.0,0.0,0.36,0.20000000000000107,0.3000000000000007,0.0,0.09999999999999964,0.0,1.0,0.0,1.0
272,Jonah,Kusi-Asare,Kusi-Asare,a,,,4.5,529,78,5.4,72,10,0.0,496,53,0,0,0,0,0,12566,37732,0.0,0.0,0.0,0.0,0.0,555,62,,,542,57,538,61,498,56,547,61,,,,,,,,0.0,0.0,0.0,0.0,0.0,0.0,0.0,0.0,0.0,5,0,0.0,0.0,0.0,0.0,0.0,0.0,0.0,0.0,0.0,0.0,0.0,0.0,0.0,0.0,12860.0,38755.0,0.0,0.0,0.0,0.0,0.0,0.0,0.0,0.0,0.0,0.0,0.0,0.0,0.0
569,Gonzalo,García,Gonzalo,a,,,6.0,73,17,4.2,81,12,2.0,185,19,2,0,0,0,0,97615,38495,0.3,2.3,2.0,2.0,2.8,175,17,,,182,14,132,12,19,9,72,14,,,1.0,,,,,0.49,0.12,0.61,1.76,0.0,0.42,1.48,1.06,3.81,5,2,79.0,0.0,0.0,1.0,0.0,0.0,0.0,0.0,0.0,0.0,0.0,1.0,0.0,3.0,98819.0,39234.0,0.0,0.6900000000000002,0.32999999999999996,1.0200000000000002,1.2499999999999991,0.0,14.799999999999997,12.0,2.3000000000000007,0.0,1.0,1.0,2.0
570,César,Palacios,Palacios,a,,,5.4,205,130,0.2,357,129,0.5,320,156,1,0,0,-1,1,791,1067,0.1,2.2,0.5,0.5,3.0,147,60,,,203,88,178,104,70,42,159,82,,,,,,,,0.39,0.01,0.4,2.17,0.0,0.0,2.79,1.19,6.77,5,1,19.0,0.0,0.0,0.0,1.0,0.0,0.0,0.0,0.0,0.0,0.0,0.0,0.0,5.0,817.0,1094.0,0.0,0.0,0.0,0.0,0.4900000000000002,5.799999999999997,10.3,0.0,1.5999999999999996,1.0,1.0,2.0,4.0
74,David,Brooks,Brooks,a,,,5.0,244,152,0.1,494,193,0.5,292,139,1,0,0,0,0,215,372,0.1,0.6,0.5,0.5,0.8,406,194,100.0,100.0,328,149,205,116,326,162,315,143,4.0,3.0,,,,,,0.0,0.14,0.14,1.5,0.0,0.0,4.0,0.0,10.0,5,1,15.0,0.0,0.0,0.0,0.0,0.0,0.0,0.0,0.0,0.0,0.0,0.0,0.0,4.0,222.0,375.0,0.0,0.0,0.060000000000000005,0.060000000000000005,0.25,4.999999999999999,21.700000000000003,0.0,2.7,0.0,0.0,2.0,2.0
573,Juanlu,Sánchez,Sanchez,a,,,4.4,567,151,0.2,359,136,0.0,422,165,0,0,0,-1,1,166,493,0.0,0.0,0.0,0.0,0.0,489,184,,,475,184,467,183,417,172,480,184,,,,,,,,0.0,0.0,0.0,0.0,0.0,0.0,0.0,0.0,0.0,5,0,0.0,0.0,0.0,0.0,0.0,0.0,0.0,0.0,0.0,0.0,0.0,0.0,0.0,0.0,168.0,507.0,0.0,0.0,0.0,0.0,0.0,0.0,0.0,0.0,0.0,0.0,0.0,0.0,0.0
655,Yann,Gboho,Gboho,a,,,5.5,139,84,0.0,654,288,0.0,628,274,0,0,0,0,0,81,55,0.0,0.0,0.0,0.0,0.0,646,282,,,641,280,647,282,634,275,646,281,,,,,,,,0.0,0.0,0.0,0.0,0.0,0.0,0.0,0.0,0.0,5,0,0.0,0.0,0.0,0.0,0.0,0.0,0.0,0.0,0.0,0.0,0.0,0.0,0.0,0.0,82.0,56.0,0.0,0.0,0.0,0.0,0.0,0.0,0.0,0.0,0.0,0.0,0.0,0.0,0.0
580,Shea,Charles,Charles,a,,,5.0,281,172,0.1,448,171,4.5,73,23,4,0,0,0,0,987,551,0.9,2.6,4.5,4.5,2.6,181,80,,,107,32,138,88,226,120,152,79,,,,,,,,0.03,0.05,0.08,1.98,0.0,0.3,1.49,0.89,13.66,5,4,90.0,0.0,0.0,0.0,1.0,0.0,0.0,0.0,0.0,0.0,0.0,1.0,0.0,16.0,993.0,557.0,0.0,0.0,0.01999999999999999,0.01999999999999999,1.6000000000000005,40.00000000000001,3.3999999999999986,0.0,4.300000000000001,2.0,11.0,0.0,13.0
240,Tim,Iroegbunam,Iroegbunam,a,,,5.0,292,177,0.0,583,241,0.5,300,143,1,0,0,0,0,83,147,0.1,0.4,0.5,0.5,0.7,411,196,100.0,100.0,329,150,270,137,256,132,318,146,,,,,,,,0.15,0.01,0.16,0.77,0.0,0.0,0.0,0.0,11.57,5,1,45.0,0.0,0.0,0.0,0.0,0.0,0.0,0.0,0.0,0.0,0.0,0.0,0.0,6.0,84.0,147.0,0.0,0.12,0.01,0.13,0.25,6.199999999999999,11.3,10.0,2.8000000000000003,2.0,0.0,5.0,7.0
274,Jack,Butland,Butland,i,Arm injury - Unknown return date,,4.4,540,43,0.1,470,54,0.0,407,47,0,-1,1,-1,1,74,355,0.0,0.0,0.0,0.0,0.0,480,50,0.0,0.0,466,50,457,31,404,26,471,50,,,,,,,,0.0,0.0,0.0,0.0,0.0,0.0,0.0,0.0,0.0,5,0,0.0,0.0,0.0,0.0,0.0,0.0,0.0,0.0,0.0,0.0,0.0,0.0,0.0,0.0,74.0,359.0,0.0,0.0,0.0,0.0,0.0,0.0,0.0,0.0,0.0,0.0,0.0,0.0,0.0
275,Harvey,Cartwright,Cartwright,u,Has joined Grimsby Town on loan for the rest of the season,,4.0,630,71,0.0,629,73,0.0,375,44,0,0,0,0,0,0,33,0.0,0.0,0.0,0.0,0.0,455,47,0.0,0.0,441,47,432,28,376,23,446,47,,,,,,,,0.0,0.0,0.0,0.0,0.0,0.0,0.0,0.0,0.0,5,0,0.0,0.0,0.0,0.0,0.0,0.0,0.0,0.0,0.0,0.0,0.0,0.0,0.0,0.0,0.0,33.0,0.0,0.0,0.0,0.0,0.0,0.0,0.0,0.0,0.0,0.0,0.0,0.0,0.0
276,Thimothée,Lo-Tutala,Lo-Tutala,u,Has joined Colchester United on loan for the rest of the season,,4.0,619,67,0.0,565,65,0.0,367,40,0,0,0,0,0,0,130,0.0,0.0,0.0,0.0,0.0,448,43,0.0,0.0,434,43,425,24,369,19,439,43,,,,,,,,0.0,0.0,0.0,0.0,0.0,0.0,0.0,0.0,0.0,5,0,0.0,0.0,0.0,0.0,0.0,0.0,0.0,0.0,0.0,0.0,0.0,0.0,0.0,0.0,0.0,131.0,0.0,0.0,0.0,0.0,0.0,0.0,0.0,0.0,0.0,0.0,0.0,0.0,0.0
277,John,Egan,Egan,a,,,4.1,585,160,7.0,55,22,1.5,196,65,1,0,0,1,-1,33490,34034,0.4,6.3,1.5,1.5,5.2,51,20,,,56,23,348,127,178,54,163,57,,,,,,,,0.01,0.0,0.01,1.5,0.0,0.62,0.82,1.03,12.15,5,1,77.0,0.0,0.0,0.0,2.0,0.0,0.0,0.0,0.0,0.0,0.0,1.0,0.0,2.0,35090.0,34599.0,0.0,0.010000000000000002,0.0,0.010000000000000002,1.3099999999999996,14.0,0.19999999999999996,13.0,2.700000000000001,2.0,2.0,1.0,4.0
278,Charlie,Hughes,Hughes,i,Groin injury - Unknown return date,,3.9,667,217,0.2,349,130,0.0,340,116,0,0,0,-1,1,1228,2153,0.0,0.0,0.0,0.0,0.0,424,151,0.0,0.0,410,151,398,147,342,132,414,150,,,,,,,,0.0,0.0,0.0,0.0,0.0,0.0,0.0,0.0,0.0,5,0,0.0,0.0,0.0,0.0,0.0,0.0,0.0,0.0,0.0,0.0,0.0,0.0,0.0,0.0,1298.0,2194.0,0.0,0.0,0.0,0.0,0.0,0.0,0.0,0.0,0.0,0.0,0.0,0.0,0.0
279,Semi,Ajayi,Ajayi,a,,,4.2,584,159,13.9,30,10,1.0,215,73,1,0,0,2,-2,49947,66383,0.2,6.4,1.0,1.0,5.4,45,16,100.0,100.0,106,48,311,109,90,16,157,54,,,,,,,,0.14,0.0,0.14,1.37,0.0,0.64,0.85,1.06,5.74,5,1,90.0,0.0,0.0,0.0,2.0,0.0,0.0,0.0,0.0,0.0,0.0,1.0,0.0,5.0,52101.0,67116.0,0.0,0.010000000000000009,0.01,0.020000000000000018,1.4399999999999995,9.399999999999991,1.2000000000000002,10.0,2.0999999999999996,2.0,2.0,5.0,4.0
280,Lewie,Coyle,Coyle,a,,,4.0,605,167,0.7,222,86,1.0,213,71,1,0,0,0,0,2327,2369,0.2,3.5,1.0,1.0,2.8,159,64,100.0,100.0,272,111,185,58,243,81,262,99,,,,,,,,0.03,0.02,0.05,1.61,0.0,0.52,1.03,1.29,2.84,5,1,90.0,0.0,0.0,0.0,2.0,0.0,0.0,0.0,0.0,0.0,0.0,1.0,0.0,3.0,2432.0,2406.0,0.0,0.0,0.04000000000000001,0.04000000000000001,1.4399999999999995,6.600000000000001,2.799999999999997,6.0,1.5,1.0,1.0,3.0,2.0
285,Paddy,McNair,McNair,a,,,4.0,600,164,0.1,399,149,0.0,354,119,0,0,0,0,0,217,460,0.0,0.2,0.0,0.0,1.0,298,105,100.0,100.0,367,137,412,150,356,135,389,139,,,,,,,,0.0,0.0,0.0,3.32,0.0,0.0,0.0,0.0,6.92,5,0,0.0,0.0,0.0,0.0,0.0,0.0,0.0,0.0,0.0,0.0,0.0,0.0,0.0,0.0,222.0,467.0,0.0,0.0,0.0,0.0,0.0,0.0,0.0,0.0,0.0,0.0,0.0,0.0,0.0
286,Mohamed,Belloumi,Belloumi,a,,,5.1,239,150,5.3,73,25,8.5,10,4,4,0,0,1,-1,89405,30334,1.7,6.1,8.5,8.5,6.2,21,9,,,11,7,83,60,34,19,25,18,2.0,2.0,,,,,,0.16,0.1,0.26,1.47,0.0,0.69,0.69,1.14,10.05,5,4,82.0,0.0,1.0,0.0,2.0,0.0,0.0,0.0,1.0,0.0,0.0,1.0,0.0,22.0,92517.0,30730.0,0.0,0.35,0.31,0.6599999999999999,1.3100000000000005,33.000000000000014,29.1,41.0,10.3,6.0,0.0,5.0,11.0
287,Liam,Millar,Millar,u,Has joined Birmingham on loan for the rest of the season,,5.0,270,168,0.0,545,223,0.0,565,239,0,0,0,0,0,0,337,0.0,1.2,0.0,0.0,3.0,142,57,0.0,0.0,233,100,354,177,219,118,287,129,,,,,,,,1.04,0.0,1.04,1.57,0.0,0.0,0.0,0.0,7.2,5,0,0.0,0.0,0.0,0.0,0.0,0.0,0.0,0.0,0.0,0.0,0.0,0.0,0.0,0.0,0.0,349.0,0.0,0.0,0.0,0.0,0.0,0.0,0.0,0.0,0.0,0.0,0.0,0.0,0.0
295,Oli,McBurnie,McBurnie,a,,,5.5,129,34,1.9,130,21,2.5,152,16,1,0,0,0,0,9655,20266,0.5,2.4,2.5,2.5,2.6,184,18,,,201,16,76,5,26,11,63,13,,,1.0,,,,,0.25,0.03,0.28,1.47,0.0,0.61,0.82,1.02,4.29,5,1,90.0,0.0,0.0,0.0,2.0,0.0,0.0,0.0,1.0,0.0,0.0,1.0,0.0,5.0,9908.0,20559.0,0.0,0.36,0.020000000000000004,0.3800000000000001,1.4400000000000004,3.0,12.599999999999994,20.0,3.6000000000000014,0.0,3.0,3.0,6.0
296,David,Akintola,Akintola,u,Has joined Omonoia FC permanently,,5.0,259,163,0.0,563,234,0.0,559,236,0,0,0,0,0,0,300,0.0,0.0,0.0,0.0,0.0,599,256,0.0,0.0,590,251,592,256,569,242,596,253,,,,,,,,0.0,0.0,0.0,0.0,0.0,0.0,0.0,0.0,0.0,5,0,0.0,0.0,0.0,0.0,0.0,0.0,0.0,0.0,0.0,0.0,0.0,0.0,0.0,0.0,0.0,307.0,0.0,0.0,0.0,0.0,0.0,0.0,0.0,0.0,0.0,0.0,0.0,0.0,0.0
297,Darko,Gyabi,Gyabi,i,Thigh injury - Unknown return date,,4.4,562,291,0.0,582,240,0.0,418,168,0,-1,1,-1,1,71,160,0.0,0.0,0.0,0.0,0.0,487,203,0.0,0.0,473,195,465,201,415,173,478,196,,,,,,,,0.0,0.0,0.0,0.0,0.0,0.0,0.0,0.0,0.0,5,0,0.0,0.0,0.0,0.0,0.0,0.0,0.0,0.0,0.0,0.0,0.0,0.0,0.0,0.0,71.0,160.0,0.0,0.0,0.0,0.0,0.0,0.0,0.0,0.0,0.0,0.0,0.0,0.0,0.0
563,Hidemasa,Morita,Morita,i,Calf injury - Expected back 11 Oct,,4.9,364,216,0.0,591,246,0.0,533,214,0,-1,1,-1,1,24,202,0.0,0.2,0.0,0.0,1.0,337,147,0.0,0.0,319,142,258,134,537,218,340,160,,,,,,,,0.0,0.0,0.0,2.18,0.0,0.0,0.0,2.0,6.0,5,0,0.0,0.0,0.0,0.0,0.0,0.0,0.0,0.0,0.0,0.0,0.0,0.0,0.0,0.0,24.0,206.0,0.0,0.0,0.0,0.0,0.0,0.0,0.0,0.0,0.0,0.0,0.0,0.0,0.0
585,Lucas,Herrington,Herrington,a,,,4.0,653,203,0.6,235,91,1.0,214,72,1,0,0,0,0,1140,1910,0.2,1.2,1.0,1.0,1.0,304,111,,,208,84,206,68,244,82,237,87,,,,,,,,0.01,0.02,0.03,1.54,0.0,0.0,1.37,0.46,7.31,5,1,90.0,0.0,0.0,0.0,2.0,0.0,0.0,0.0,0.0,0.0,0.0,1.0,0.0,11.0,1162.0,1932.0,0.0,0.02,0.03,0.049999999999999996,1.44,23.599999999999998,22.400000000000002,11.0,5.7,1.0,7.0,5.0,8.0
586,Nobel,Mendy,Mendy,a,,,4.1,586,161,6.2,61,25,0.5,270,89,0,0,0,1,-1,8470,35786,0.1,6.1,0.5,0.0,6.2,20,8,100.0,0.0,63,27,346,125,88,15,117,38,,,,,,,,0.12,0.0,0.12,1.45,0.0,0.72,0.36,1.45,14.1,5,0,0.0,0.0,0.0,0.0,0.0,0.0,0.0,0.0,0.0,0.0,0.0,0.0,0.0,0.0,8501.0,37470.0,0.0,0.0,0.0,0.0,0.0,0.0,0.0,0.0,0.0,0.0,0.0,0.0,0.0
589,Lucas,Gourna-Douath,Gourna-Douath,a,,,5.0,285,174,0.0,558,231,0.5,299,142,1,0,0,0,0,35,115,0.1,0.8,0.5,0.5,1.3,284,129,,,257,106,174,103,327,163,263,117,,,,,,,,0.02,0.02,0.04,1.47,0.0,0.65,0.0,0.65,11.09,5,1,12.0,0.0,0.0,0.0,0.0,0.0,0.0,0.0,0.0,0.0,0.0,0.0,0.0,5.0,35.0,118.0,0.0,0.03,0.009999999999999998,0.039999999999999994,0.1299999999999999,3.1999999999999993,11.0,2.0,1.5999999999999996,1.0,0.0,0.0,1.0
617,Mohamed-Ali,Cho,Cho,a,,,5.0,295,180,0.0,585,242,3.5,102,39,6,0,0,0,0,390,166,0.7,1.8,3.5,3.5,2.2,216,94,,,196,83,142,90,85,51,144,73,,,,,,,,0.99,0.45,1.44,1.22,0.0,0.0,1.25,0.0,2.5,5,6,27.0,1.0,0.0,0.0,0.0,0.0,0.0,0.0,0.0,0.0,0.0,0.0,0.0,25.0,392.0,166.0,0.0,0.27,0.19999999999999998,0.46999999999999986,0.16000000000000003,39.199999999999996,25.099999999999998,17.0,8.100000000000001,0.0,0.0,0.0,0.0
645,Christos,Mouzakitis,Mouzakitis,a,,,5.0,328,199,0.0,620,263,0.0,591,254,0,0,0,0,0,102,98,0.0,0.0,0.0,0.0,0.0,628,272,,,619,267,625,272,604,259,625,269,,,,,,,,0.0,0.0,0.0,0.0,0.0,0.0,0.0,0.0,0.0,5,0,0.0,0.0,0.0,0.0,0.0,0.0,0.0,0.0,0.0,0.0,0.0,0.0,0.0,0.0,102.0,99.0,0.0,0.0,0.0,0.0,0.0,0.0,0.0,0.0,0.0,0.0,0.0,0.0,0.0
259,Issa,Diop,Diop,a,,,4.0,610,171,12.6,32,11,2.5,139,53,4,0,0,0,0,8466,64276,0.6,3.0,2.5,2.5,2.4,192,76,,,41,18,202,66,258,88,131,43,,,,,,,,0.01,0.03,0.04,1.8,0.0,0.0,2.2,1.0,9.0,5,4,90.0,0.0,0.0,0.0,1.0,0.0,0.0,0.0,0.0,0.0,0.0,1.0,0.0,13.0,8635.0,65939.0,0.0,0.06,0.010000000000000009,0.07,2.24,31.39999999999999,10.5,5.0,4.699999999999999,0.0,10.0,4.0,10.0
267,Saša,Lukić,Lukić,a,,,4.9,346,210,0.1,421,154,1.5,202,95,2,-1,1,-1,1,257,609,0.3,2.2,1.5,1.5,2.2,210,91,,,131,44,59,48,287,147,124,65,1.0,,,,,,,0.0,0.09,0.09,1.66,0.0,0.0,2.25,1.12,8.32,5,2,72.0,0.0,0.0,0.0,1.0,0.0,0.0,0.0,0.0,0.0,0.0,1.0,0.0,14.0,261.0,624.0,0.0,0.0,0.24999999999999997,0.25,1.7599999999999998,9.600000000000001,16.799999999999997,0.0,2.6000000000000014,1.0,2.0,3.0,6.0
304,Dara,O'Shea,O'Shea,a,,,4.0,609,170,2.6,110,42,1.5,194,63,2,0,0,0,0,2467,16754,0.4,2.5,1.5,1.5,2.0,222,84,,,31,11,72,12,177,53,71,15,,,,,,,,0.01,0.05,0.06,1.8,0.0,0.0,2.2,1.0,9.6,5,2,90.0,0.0,0.0,0.0,1.0,0.0,0.0,0.0,0.0,0.0,0.0,1.0,0.0,12.0,2552.0,17161.0,0.0,0.0,0.0,0.0,2.24,28.599999999999994,10.5,2.0,4.100000000000001,0.0,9.0,5.0,9.0
305,Leif,Davis,Davis,a,,,4.0,623,179,7.0,54,21,8.0,12,5,2,0,0,0,0,63478,33069,2.0,6.2,8.0,8.0,5.0,56,23,,,25,7,91,20,24,2,24,2,,2.0,,,,,,0.32,0.09,0.41,1.8,0.0,0.0,2.2,1.0,4.8,5,2,90.0,0.0,0.0,0.0,1.0,0.0,0.0,0.0,0.0,0.0,0.0,1.0,0.0,2.0,65740.0,33553.0,0.0,0.42000000000000015,0.020000000000000018,0.4399999999999997,2.24,10.400000000000006,6.299999999999997,9.0,2.6000000000000014,0.0,5.0,2.0,5.0
308,Darnell,Furlong,Furlong,a,,,3.9,663,213,0.6,229,87,0.0,336,112,0,0,0,-1,1,7134,3409,0.0,0.3,0.0,0.0,1.0,297,104,,,359,134,370,138,338,128,386,138,,,,,,,,0.0,0.0,0.0,4.55,0.0,0.0,5.29,0.0,15.88,5,0,0.0,0.0,0.0,0.0,0.0,0.0,0.0,0.0,0.0,0.0,0.0,0.0,0.0,0.0,7650.0,3488.0,0.0,0.0,0.0,0.0,0.0,0.0,0.0,0.0,0.0,0.0,0.0,0.0,0.0
309,Marcelino,Núñez,Núñez,a,,,4.9,378,224,0.1,413,151,0.0,540,220,0,0,0,-1,1,107,746,0.0,1.2,0.0,0.0,3.0,139,55,,,269,113,220,120,288,148,291,130,3.0,1.0,,,,,,0.02,0.03,0.05,2.24,0.0,0.0,2.57,1.29,13.5,5,0,0.0,0.0,0.0,0.0,0.0,0.0,0.0,0.0,0.0,0.0,0.0,0.0,0.0,0.0,111.0,762.0,0.0,0.0,0.0,0.0,0.0,0.0,0.0,0.0,0.0,0.0,0.0,0.0,0.0
310,Azor,Matusiwa,Matusiwa,a,,,4.9,355,212,0.0,648,283,0.0,528,212,0,0,0,-1,1,18,20,0.0,0.0,0.0,0.0,0.0,579,242,100.0,100.0,568,235,566,240,532,216,573,236,,,,,,,,0.0,0.0,0.0,0.0,0.0,0.0,0.0,0.0,0.0,5,0,0.0,0.0,0.0,0.0,0.0,0.0,0.0,0.0,0.0,0.0,0.0,0.0,0.0,0.0,18.0,20.0,0.0,0.0,0.0,0.0,0.0,0.0,0.0,0.0,0.0,0.0,0.0,0.0,0.0
311,Wes,Burns,Burns,u,Has joined Leicester City permanently,,5.0,247,153,0.0,655,289,0.0,556,233,0,0,0,0,0,0,9,0.0,0.0,0.0,0.0,0.0,596,253,0.0,0.0,587,248,588,253,564,238,593,250,,,,,,,,0.0,0.0,0.0,0.0,0.0,0.0,0.0,0.0,0.0,5,0,0.0,0.0,0.0,0.0,0.0,0.0,0.0,0.0,0.0,0.0,0.0,0.0,0.0,0.0,0.0,9.0,0.0,0.0,0.0,0.0,0.0,0.0,0.0,0.0,0.0,0.0,0.0,0.0,0.0
107,Kaye,Furo,Furo,i,Unspecified injury - Unknown return date,,4.5,513,74,0.9,194,31,0.0,483,49,0,0,0,0,0,1005,10572,0.0,0.0,0.0,0.0,0.0,544,58,0.0,0.0,531,53,527,57,485,52,536,57,,,,,,,,0.0,0.0,0.0,0.0,0.0,0.0,0.0,0.0,0.0,5,0,0.0,0.0,0.0,0.0,0.0,0.0,0.0,0.0,0.0,0.0,0.0,0.0,0.0,0.0,1022.0,10736.0,0.0,0.0,0.0,0.0,0.0,0.0,0.0,0.0,0.0,0.0,0.0,0.0,0.0
292,Abdülkadir,Ömür,Ömür,a,,,4.9,344,209,0.0,580,238,0.0,524,210,0,0,0,-1,1,90,163,0.0,0.0,0.0,0.0,0.0,576,240,,,565,233,562,238,528,214,570,234,,,,,,,,0.0,0.0,0.0,0.0,0.0,0.0,0.0,0.0,0.0,5,0,0.0,0.0,0.0,0.0,0.0,0.0,0.0,0.0,0.0,0.0,0.0,0.0,0.0,0.0,92.0,164.0,0.0,0.0,0.0,0.0,0.0,0.0,0.0,0.0,0.0,0.0,0.0,0.0,0.0
314,Chiedozie,Ogbene,Ogbene,u,Has joined Lincoln City on loan until January,,4.9,354,211,0.0,632,269,0.0,527,211,0,0,0,-1,1,0,69,0.0,0.0,0.0,0.0,0.0,578,241,0.0,0.0,567,234,565,239,531,215,572,235,,,,,,,,0.0,0.0,0.0,0.0,0.0,0.0,0.0,0.0,0.0,5,0,0.0,0.0,0.0,0.0,0.0,0.0,0.0,0.0,0.0,0.0,0.0,0.0,0.0,0.0,0.0,69.0,0.0,0.0,0.0,0.0,0.0,0.0,0.0,0.0,0.0,0.0,0.0,0.0,0.0
315,Abdul,Fatawu,Fatawu,s,Suspended until 17 Oct,,5.4,202,128,0.2,365,131,0.0,620,271,-1,0,0,-1,1,68,2865,0.0,1.5,0.0,0.0,1.6,268,120,0.0,,148,53,23,22,120,67,56,37,2.0,,,,,,,0.04,0.28,0.32,1.99,0.0,0.0,2.56,1.28,7.16,5,-1,66.0,0.0,0.0,0.0,1.0,0.0,0.0,0.0,0.0,1.0,0.0,1.0,0.0,4.0,72.0,2893.0,0.0,0.14,0.28000000000000014,0.42000000000000004,1.6799999999999997,3.1999999999999957,18.799999999999983,21.0,4.300000000000001,0.0,2.0,2.0,4.0
316,Emersonn,Correia da Silva,Emersonn,a,,,5.5,158,39,3.7,92,13,7.0,26,4,2,0,0,0,0,43659,26007,1.3,4.7,7.0,7.0,5.2,54,5,100.0,100.0,80,6,117,10,32,13,52,9,,,2.0,,,,,0.46,0.03,0.49,1.22,0.0,0.0,1.7,1.42,2.84,5,2,80.0,0.0,0.0,0.0,1.0,0.0,0.0,0.0,0.0,0.0,0.0,1.0,0.0,9.0,45006.0,26276.0,0.0,0.13000000000000012,0.009999999999999995,0.1399999999999999,2.07,2.3999999999999915,0.6000000000000014,21.0,2.400000000000002,1.0,0.0,0.0,1.0
554,Kayne,van Oevelen,Van Oevelen,u,Has joined Valencia on loan for the rest of the season,,4.5,495,42,0.0,584,70,0.0,467,64,0,0,0,0,0,0,96,0.0,0.0,0.0,0.0,0.0,531,66,0.0,0.0,517,66,514,53,471,51,522,66,,,,,,,,0.0,0.0,0.0,0.0,0.0,0.0,0.0,0.0,0.0,5,0,0.0,0.0,0.0,0.0,0.0,0.0,0.0,0.0,0.0,0.0,0.0,0.0,0.0,0.0,0.0,97.0,0.0,0.0,0.0,0.0,0.0,0.0,0.0,0.0,0.0,0.0,0.0,0.0,0.0
562,Daizen,Maeda,Maeda,a,,,5.3,221,140,0.2,320,113,1.0,243,114,1,-1,1,-2,2,154,1651,0.2,1.5,1.0,1.0,1.6,267,119,,,251,103,300,151,102,57,236,107,,,,,,,,0.25,0.01,0.26,2.1,0.0,0.0,2.78,1.04,6.95,5,1,16.0,0.0,0.0,0.0,0.0,0.0,0.0,0.0,0.0,0.0,0.0,0.0,0.0,5.0,155.0,1698.0,0.0,0.0,0.01,0.010000000000000009,0.47999999999999954,2.1999999999999993,0.2999999999999998,4.0,0.6999999999999993,1.0,0.0,0.0,1.0
326,Lucas Estella,Perri,Perri,u,Has joined Torino on loan for the rest of the season,,4.5,448,31,0.3,286,38,0.0,440,58,0,0,0,0,0,0,1462,0.0,0.0,0.0,0.0,0.0,506,60,0.0,0.0,492,60,487,45,437,40,497,60,,,,,,,,0.0,0.0,0.0,0.0,0.0,0.0,0.0,0.0,0.0,5,0,0.0,0.0,0.0,0.0,0.0,0.0,0.0,0.0,0.0,0.0,0.0,0.0,0.0,0.0,0.0,1483.0,0.0,0.0,0.0,0.0,0.0,0.0,0.0,0.0,0.0,0.0,0.0,0.0,0.0
331,Gabriel,Gudmundsson,Gudmundsson,a,,,4.5,464,106,0.1,453,163,6.0,38,22,6,0,0,0,0,761,419,1.3,3.1,6.0,6.0,4.7,69,31,100.0,100.0,222,89,188,59,268,94,238,88,,,,,,,,0.0,0.08,0.08,1.37,0.0,0.71,0.36,1.07,5.0,5,6,90.0,0.0,0.0,1.0,0.0,0.0,0.0,0.0,0.0,0.0,0.0,1.0,0.0,27.0,795.0,422.0,0.0,0.0,0.03,0.03,1.06,16.0,19.7,2.0,3.8000000000000003,3.0,2.0,1.0,5.0
332,James,Justin,Justin,a,,,4.5,454,100,1.4,153,62,5.0,56,26,8,0,0,0,0,5705,7107,1.1,5.8,5.0,5.0,5.2,52,21,,,74,34,102,25,118,29,88,27,,,,,,,,0.04,0.08,0.12,1.29,0.0,0.4,0.6,1.0,8.8,5,8,90.0,0.0,0.0,1.0,0.0,0.0,0.0,0.0,0.0,0.0,0.0,1.0,2.0,31.0,5959.0,7245.0,0.0,0.04999999999999999,0.12,0.17000000000000004,1.0599999999999996,19.19999999999999,14.899999999999999,5.0,3.8999999999999986,3.0,6.0,2.0,9.0
333,Sebastiaan,Bornauw,Bornauw,u,Has joined Hamburg SV on loan for the rest of the season,,4.5,471,112,0.0,656,216,0.0,452,175,0,0,0,0,0,0,6,0.0,0.0,0.0,0.0,0.0,517,193,0.0,0.0,503,193,499,192,452,184,508,193,,,,,,,,0.0,0.0,0.0,0.0,0.0,0.0,0.0,0.0,0.0,5,0,0.0,0.0,0.0,0.0,0.0,0.0,0.0,0.0,0.0,0.0,0.0,0.0,0.0,0.0,0.0,6.0,0.0,0.0,0.0,0.0,0.0,0.0,0.0,0.0,0.0,0.0,0.0,0.0,0.0
341,Wilfried,Gnonto,Gnonto,u,Has joined ACF Fiorentina on loan for the rest of the season,,5.0,298,181,0.0,625,266,0.0,577,245,0,0,0,0,0,0,63,0.0,0.0,0.0,0.0,0.0,615,264,0.0,0.0,606,259,612,264,589,250,612,261,,,,,,,,0.0,0.0,0.0,0.0,0.0,0.0,0.0,0.0,0.0,5,0,0.0,0.0,0.0,0.0,0.0,0.0,0.0,0.0,0.0,0.0,0.0,0.0,0.0,0.0,0.0,64.0,0.0,0.0,0.0,0.0,0.0,0.0,0.0,0.0,0.0,0.0,0.0,0.0,0.0
598,Nico,Elvedi,Elvedi,a,,,4.5,444,93,0.1,491,177,4.0,80,35,6,0,0,0,0,295,284,0.9,2.9,4.0,4.0,3.2,125,53,,,110,49,196,63,126,34,145,50,,,,,,,,0.03,0.16,0.19,1.5,0.0,0.28,0.83,0.83,8.01,5,6,90.0,0.0,0.0,1.0,0.0,0.0,0.0,0.0,0.0,0.0,0.0,1.0,0.0,27.0,303.0,286.0,0.0,0.06999999999999999,0.010000000000000009,0.07999999999999996,1.0600000000000005,20.799999999999997,2.299999999999997,17.0,4.0,0.0,4.0,1.0,4.0
604,Alfie,Cresswell,Cresswell,a,,,4.5,512,269,0.1,378,137,0.0,482,185,0,0,0,0,0,342,960,0.0,0.0,0.0,0.0,0.0,543,220,,,530,212,526,218,484,190,535,213,,,,,,,,0.0,0.0,0.0,0.0,0.0,0.0,0.0,0.0,0.0,5,0,0.0,0.0,0.0,0.0,0.0,0.0,0.0,0.0,0.0,0.0,0.0,0.0,0.0,0.0,354.0,972.0,0.0,0.0,0.0,0.0,0.0,0.0,0.0,0.0,0.0,0.0,0.0,0.0,0.0
361,Wellity,Lucky,Lucky,a,,,4.0,635,186,0.1,392,147,0.0,380,132,0,0,0,0,0,322,635,0.0,0.0,0.0,0.0,0.0,459,162,,,445,162,436,161,380,146,450,162,,,,,,,,0.0,0.0,0.0,0.0,0.0,0.0,0.0,0.0,0.0,5,0,0.0,0.0,0.0,0.0,0.0,0.0,0.0,0.0,0.0,0.0,0.0,0.0,0.0,0.0,325.0,647.0,0.0,0.0,0.0,0.0,0.0,0.0,0.0,0.0,0.0,0.0,0.0,0.0,0.0
362,Jeremy,Jacquet,Jacquet,d,Hamstring injury - 75% chance of playing,,5.0,319,53,3.5,96,36,7.5,16,9,6,0,0,0,0,39208,18746,1.5,4.8,5.6,7.5,4.8,66,30,75.0,100.0,65,29,139,37,310,114,134,45,,,,,,,,0.0,0.03,0.03,1.19,0.0,0.65,0.87,1.08,7.81,5,6,90.0,0.0,0.0,1.0,0.0,0.0,0.0,0.0,0.0,0.0,0.0,1.0,0.0,26.0,39636.0,18970.0,0.0,0.0,0.020000000000000018,0.020000000000000018,0.79,20.0,1.7000000000000028,0.0,2.1999999999999993,3.0,5.0,6.0,8.0
363,Giovanni,Leoni,Leoni,i,Knee injury - Unknown return date,,4.0,659,209,0.0,536,186,0.0,401,152,0,0,0,0,0,75,202,0.0,0.0,0.0,0.0,0.0,478,180,0.0,0.0,464,180,455,179,400,165,469,180,,,,,,,,0.0,0.0,0.0,0.0,0.0,0.0,0.0,0.0,0.0,5,0,0.0,0.0,0.0,0.0,0.0,0.0,0.0,0.0,0.0,0.0,0.0,0.0,0.0,0.0,76.0,204.0,0.0,0.0,0.0,0.0,0.0,0.0,0.0,0.0,0.0,0.0,0.0,0.0,0.0
364,Kostas,Tsimikas,Tsimikas,a,,,4.9,347,58,0.1,456,164,0.5,286,100,0,0,0,-1,1,116,427,0.1,0.4,0.5,0.5,1.0,335,130,,,352,130,322,115,261,91,352,123,4.0,,,,,,,0.06,0.03,0.09,0.66,0.0,0.0,0.0,1.41,4.22,5,0,0.0,0.0,0.0,0.0,0.0,0.0,0.0,0.0,0.0,0.0,0.0,0.0,0.0,0.0,118.0,433.0,0.0,0.0,0.0,0.0,0.0,0.0,0.0,0.0,0.0,0.0,0.0,0.0,0.0
365,Calvin,Ramsay,Ramsay,u,Has joined St Mirren on loan for the rest of the season,,4.0,629,182,0.1,435,159,0.0,374,128,0,0,0,0,0,0,540,0.0,0.0,0.0,0.0,0.0,454,159,0.0,0.0,440,159,431,158,375,143,445,159,,,,,,,,0.0,0.0,0.0,0.0,0.0,0.0,0.0,0.0,0.0,5,0,0.0,0.0,0.0,0.0,0.0,0.0,0.0,0.0,0.0,0.0,0.0,0.0,0.0,0.0,0.0,548.0,0.0,0.0,0.0,0.0,0.0,0.0,0.0,0.0,0.0,0.0,0.0,0.0,0.0
369,Rio,Ngumoha,Ngumoha,a,,,5.7,120,77,0.5,258,85,0.5,325,159,0,-1,1,-3,3,927,4688,0.1,0.7,0.5,0.5,1.3,286,131,,,366,171,284,142,251,131,347,164,,,,,,,,0.14,0.05,0.19,0.62,0.0,0.0,1.82,0.91,3.64,5,0,0.0,0.0,0.0,0.0,0.0,0.0,0.0,0.0,0.0,0.0,0.0,0.0,0.0,0.0,945.0,4826.0,0.0,0.0,0.0,0.0,0.0,0.0,0.0,0.0,0.0,0.0,0.0,0.0,0.0
371,Ryan,Gravenberch,Gravenberch,a,,,5.8,104,66,1.1,170,53,1.0,259,125,1,-1,1,-2,2,1399,9907,0.2,1.6,1.0,1.0,1.8,257,113,,,194,81,145,92,292,150,212,100,,,,,,,,0.05,0.04,0.09,0.96,0.0,0.0,0.95,0.95,11.84,5,1,9.0,0.0,0.0,0.0,0.0,0.0,0.0,0.0,0.0,0.0,0.0,0.0,0.0,3.0,1421.0,10076.0,0.0,0.0,0.009999999999999995,0.009999999999999981,0.14000000000000012,0.0,1.5,0.0,0.09999999999999964,0.0,0.0,1.0,1.0
372,Alexis,Mac Allister,Mac Allister,a,,,5.4,180,114,1.3,159,49,3.0,127,53,5,0,0,-1,1,4293,7648,0.6,2.0,3.0,3.0,2.2,217,95,,,169,65,114,76,162,86,162,83,,,5.0,,,,,0.03,0.14,0.17,1.43,0.0,0.59,0.59,0.88,12.06,5,5,90.0,0.0,0.0,1.0,0.0,0.0,0.0,0.0,0.0,0.0,0.0,1.0,0.0,19.0,4387.0,7775.0,0.0,0.0,0.04999999999999999,0.04999999999999993,0.79,14.0,6.5,4.0,2.5,2.0,4.0,7.0,13.0
375,Trey,Nyoni,Nyoni,a,,,4.9,394,239,0.0,515,204,0.5,290,137,1,0,0,-1,1,100,333,0.1,0.6,0.5,0.5,1.0,347,155,,,296,126,324,164,555,233,351,167,,,,,,,,0.0,0.0,0.0,0.85,0.0,0.0,0.0,0.0,23.68,5,1,19.0,0.0,0.0,0.0,0.0,0.0,0.0,0.0,0.0,0.0,0.0,0.0,0.0,3.0,101.0,338.0,0.0,0.0,0.0,0.0,0.13999999999999999,9.6,0.6000000000000001,0.0,0.9999999999999999,0.0,5.0,0.0,5.0
376,Stefan,Bajčetić Maquieira,Bajcetic,u,Has joined Celta Vigo permanently,,5.0,310,188,0.0,663,295,0.0,584,249,0,0,0,0,0,0,3,0.0,0.0,0.0,0.0,0.0,621,267,0.0,0.0,612,262,618,267,595,253,618,264,,,,,,,,0.0,0.0,0.0,0.0,0.0,0.0,0.0,0.0,0.0,5,0,0.0,0.0,0.0,0.0,0.0,0.0,0.0,0.0,0.0,0.0,0.0,0.0,0.0,0.0,0.0,3.0,0.0,0.0,0.0,0.0,0.0,0.0,0.0,0.0,0.0,0.0,0.0,0.0,0.0
377,Victor,Munoz,Munoz,a,,,6.5,43,29,0.9,190,60,1.0,267,131,1,0,0,0,0,1770,12610,0.2,2.3,1.0,1.0,3.0,157,66,,,173,68,147,93,42,25,103,55,,,,,,,,0.18,0.11,0.29,1.62,0.0,0.35,0.7,1.05,5.6,5,1,18.0,0.0,0.0,0.0,0.0,0.0,0.0,0.0,0.0,0.0,0.0,0.0,0.0,7.0,1811.0,12956.0,0.0,0.0,0.06,0.05999999999999994,0.13999999999999968,5.800000000000004,11.0,0.0,1.6999999999999993,1.0,1.0,1.0,3.0
378,James,McConnell,McConnell,a,,,4.4,566,292,0.2,312,109,0.0,421,169,0,0,0,-1,1,1121,1652,0.0,0.0,0.0,0.0,0.0,488,204,,,474,196,466,202,416,174,479,197,,,,,,,,0.0,0.0,0.0,0.0,0.0,0.0,0.0,0.0,0.0,5,0,0.0,0.0,0.0,0.0,0.0,0.0,0.0,0.0,0.0,0.0,0.0,0.0,0.0,0.0,1147.0,1676.0,0.0,0.0,0.0,0.0,0.0,0.0,0.0,0.0,0.0,0.0,0.0,0.0,0.0
381,Lewis,Koumas,Koumas,a,,,5.0,306,186,0.0,541,220,0.5,301,144,1,0,0,0,0,190,211,0.1,0.6,0.5,0.5,1.0,354,159,,,368,172,373,186,172,93,323,150,,,,,,,,1.15,0.0,1.15,2.95,0.0,0.0,0.0,0.0,4.09,5,1,9.0,0.0,0.0,0.0,0.0,0.0,0.0,0.0,0.0,0.0,0.0,0.0,0.0,7.0,193.0,212.0,0.0,0.25,0.0,0.25,0.14,3.0,0.0,17.0,2.0,0.0,0.0,0.0,0.0
382,Jayden,Danns,Danns,a,,,4.5,486,67,0.2,315,50,0.0,459,42,0,0,0,0,0,3917,2661,0.0,0.0,0.0,0.0,0.0,523,52,100.0,100.0,509,46,506,51,463,45,514,50,,,,,,,,0.0,0.0,0.0,0.0,0.0,0.0,0.0,0.0,0.0,5,0,0.0,0.0,0.0,0.0,0.0,0.0,0.0,0.0,0.0,0.0,0.0,0.0,0.0,0.0,4017.0,2688.0,0.0,0.0,0.0,0.0,0.0,0.0,0.0,0.0,0.0,0.0,0.0,0.0,0.0
383,Harvey,Elliott,Elliott,u,Has joined Valencia on loan for the rest of the season,,5.4,188,118,0.0,535,217,0.0,614,267,0,0,0,-1,1,0,252,0.0,0.0,0.0,0.0,0.0,637,277,0.0,0.0,631,275,634,277,621,270,636,276,,,,,,,,0.0,0.0,0.0,0.0,0.0,0.0,0.0,0.0,0.0,5,0,0.0,0.0,0.0,0.0,0.0,0.0,0.0,0.0,0.0,0.0,0.0,0.0,0.0,0.0,0.0,256.0,0.0,0.0,0.0,0.0,0.0,0.0,0.0,0.0,0.0,0.0,0.0,0.0,0.0
579,Ronald,Araujo,Araujo,a,,,5.4,189,24,3.1,103,38,6.5,33,18,7,0,0,-1,1,19971,11779,1.2,4.1,6.5,6.5,4.4,74,34,,,162,69,275,99,290,103,239,89,,,,,,,,0.0,0.02,0.02,0.87,0.0,0.95,0.0,0.95,7.61,5,7,90.0,0.0,0.0,1.0,0.0,0.0,0.0,0.0,0.0,0.0,0.0,1.0,1.0,28.0,20129.0,11943.0,0.0,0.0,0.009999999999999995,0.009999999999999995,0.79,12.0,2.8,2.0,1.7000000000000002,2.0,3.0,6.0,5.0
627,Bradley,Barcola,Barcola,a,,,8.0,9,6,1.9,129,38,3.0,138,59,3,0,0,0,0,14687,21211,0.4,0.9,3.0,3.0,2.3,205,88,,,321,144,192,110,153,81,254,113,,,,,,,,0.14,0.07,0.21,0.77,0.0,1.07,0.0,1.07,4.29,5,3,71.0,0.0,0.0,1.0,0.0,0.0,0.0,0.0,0.0,0.0,0.0,1.0,0.0,8.0,14903.0,21617.0,0.0,0.05000000000000002,0.03,0.08000000000000002,0.6599999999999999,2.200000000000001,3.299999999999997,21.0,2.7,0.0,0.0,3.0,3.0
155,Enzo,Fernández,Enzo,a,,,6.9,30,19,3.7,93,31,4.5,75,24,7,0,0,-1,1,35135,17296,0.7,1.9,4.5,4.5,3.2,133,53,,,152,56,68,55,116,66,110,59,4.0,3.0,,,,,,0.12,0.18,0.3,1.78,0.0,0.66,1.0,1.0,6.97,5,7,90.0,1.0,0.0,0.0,3.0,0.0,0.0,0.0,0.0,0.0,0.0,1.0,0.0,33.0,35772.0,17582.0,0.0,0.03999999999999998,0.26,0.30000000000000004,3.5699999999999994,39.8,21.199999999999996,9.0,7.0,0.0,1.0,4.0,5.0
237,Iliman,Ndiaye,Ndiaye,a,,,5.8,103,65,6.6,59,19,3.0,133,56,5,-1,1,-2,2,8242,77120,0.5,3.8,3.0,3.0,4.4,78,32,,,116,37,41,34,48,30,48,35,,,,,,,,0.09,0.14,0.23,2.2,0.0,0.47,0.94,0.94,10.29,5,5,74.0,0.0,1.0,0.0,3.0,0.0,0.0,0.0,0.0,0.0,0.0,1.0,0.0,31.0,8822.0,79644.0,0.0,0.09999999999999998,0.13999999999999996,0.24,3.1500000000000004,7.599999999999994,28.599999999999994,10.0,4.600000000000001,0.0,1.0,3.0,4.0
384,Gianluigi,Donnarumma,Donnarumma,a,,,5.5,136,4,7.6,50,8,4.5,74,10,2,0,0,0,0,11959,34593,0.8,3.5,4.5,4.5,3.8,105,10,,,54,11,645,73,632,72,194,12,,,,,,,,0.0,0.0,0.0,1.45,2.8,0.4,1.0,1.0,0.0,5,2,90.0,0.0,0.0,0.0,3.0,0.0,0.0,0.0,0.0,0.0,4.0,1.0,0.0,9.0,12765.0,34954.0,0.0,0.0,0.0,0.0,3.57,31.599999999999994,0.0,0.0,3.200000000000001,0.0,2.0,8.0,0.0
176,Jay,Dasilva,Dasilva,a,,,4.0,604,166,0.7,207,80,7.5,15,8,15,0,0,0,0,8277,2321,1.9,5.0,7.5,7.5,4.0,85,36,,,57,24,82,16,138,38,77,18,,,,,,,,0.1,0.11,0.21,1.75,0.0,0.2,2.03,1.01,4.66,5,15,90.0,1.0,0.0,1.0,0.0,0.0,0.0,0.0,0.0,0.0,0.0,1.0,3.0,40.0,8288.0,2377.0,0.0,0.32,0.040000000000000036,0.36,1.1000000000000005,46.99999999999999,15.700000000000003,18.0,8.1,0.0,4.0,4.0,4.0
584,Gustavo,Hamer,Hamer,a,,,5.4,172,109,0.1,433,162,0.0,608,264,0,0,0,-1,1,44,437,0.0,0.6,0.0,0.0,1.0,376,175,,,401,188,338,170,619,268,397,186,4.0,,,,,,,0.0,0.06,0.06,2.31,0.0,0.0,2.81,0.0,8.44,5,0,0.0,0.0,0.0,0.0,0.0,0.0,0.0,0.0,0.0,0.0,0.0,0.0,0.0,0.0,44.0,457.0,0.0,0.0,0.0,0.0,0.0,0.0,0.0,0.0,0.0,0.0,0.0,0.0,0.0
218,Cheick,Doucouré,Doucouré,a,,,4.8,411,251,0.0,501,196,0.0,510,202,0,-1,1,-2,2,126,327,0.0,0.0,0.0,0.0,0.0,567,235,,,556,228,551,233,514,207,561,229,,,,,,,,0.0,0.0,0.0,0.0,0.0,0.0,0.0,0.0,0.0,5,0,0.0,0.0,0.0,0.0,0.0,0.0,0.0,0.0,0.0,0.0,0.0,0.0,0.0,0.0,127.0,337.0,0.0,0.0,0.0,0.0,0.0,0.0,0.0,0.0,0.0,0.0,0.0,0.0,0.0
386,Marcus,Bettinelli,Bettinelli,a,,,4.5,437,28,0.0,550,64,0.0,437,55,0,0,0,0,0,64,93,0.0,0.0,0.0,0.0,0.0,503,57,,,489,57,484,42,434,37,494,57,,,,,,,,0.0,0.0,0.0,0.0,0.0,0.0,0.0,0.0,0.0,5,0,0.0,0.0,0.0,0.0,0.0,0.0,0.0,0.0,0.0,0.0,0.0,0.0,0.0,0.0,64.0,94.0,0.0,0.0,0.0,0.0,0.0,0.0,0.0,0.0,0.0,0.0,0.0,0.0,0.0
388,Marc,Guéhi,Guéhi,a,,,6.0,66,6,18.1,21,6,5.0,61,31,4,0,0,0,0,26855,59539,0.8,5.0,5.0,5.0,6.0,31,13,,,22,5,101,24,121,31,55,9,,,,,,,,0.19,0.08,0.27,1.45,0.0,0.4,1.0,1.0,5.8,5,4,90.0,0.0,1.0,0.0,3.0,0.0,0.0,0.0,0.0,0.0,0.0,1.0,0.0,13.0,27633.0,60138.0,0.0,0.05999999999999994,0.010000000000000009,0.07000000000000006,3.57,32.8,13.100000000000001,9.0,5.5,0.0,4.0,2.0,4.0
389,Matheus,Nunes,Matheus N.,a,,,5.9,90,9,1.0,182,69,5.0,60,30,1,0,0,-1,1,1917,3347,0.8,1.9,5.0,5.0,3.7,109,45,100.0,100.0,165,70,293,106,312,116,253,96,,,4.0,,,,,0.0,0.03,0.03,1.97,0.0,0.42,1.27,0.85,8.87,5,1,90.0,0.0,0.0,0.0,3.0,0.0,0.0,0.0,0.0,0.0,0.0,1.0,0.0,0.0,2008.0,3385.0,0.0,0.0,0.009999999999999995,0.009999999999999995,3.57,25.0,3.3,0.0,2.8,1.0,8.0,0.0,9.0
390,Rúben,dos Santos Gato Alves Dias,Rúben,a,,,5.5,130,13,1.9,128,52,3.5,105,44,1,0,0,0,0,5302,10135,0.6,3.1,3.5,3.5,3.4,122,50,,,87,39,130,35,104,23,101,32,,,,,,,,0.06,0.15,0.21,1.45,0.0,0.4,1.0,1.0,5.2,5,1,90.0,0.0,0.0,0.0,3.0,0.0,0.0,0.0,0.0,0.0,0.0,1.0,0.0,-7.0,5487.0,10235.0,0.0,0.19999999999999998,0.0,0.20000000000000007,3.57,4.799999999999997,0.29999999999999716,7.0,1.1999999999999993,0.0,4.0,0.0,4.0
391,Joško,Gvardiol,Gvardiol,a,,,5.7,114,12,26.9,11,3,7.5,17,10,4,0,0,2,-2,168314,67957,1.3,6.5,7.5,7.5,7.4,9,4,,,26,8,88,17,148,43,57,10,,,,,,,,0.05,0.15,0.2,1.5,0.0,0.41,1.04,1.04,6.43,5,4,90.0,0.0,1.0,0.0,3.0,0.0,0.0,0.0,0.0,0.0,0.0,1.0,0.0,22.0,176630.0,68456.0,0.0,0.0,0.63,0.6299999999999999,3.57,34.0,11.399999999999999,2.0,4.699999999999999,0.0,7.0,6.0,7.0
407,Claudio,Echeverri,Echeverri,u,Has joined Benfica on loan for the rest of the season,,4.9,391,236,0.0,617,261,0.0,551,230,0,0,0,-1,1,0,61,0.0,0.0,0.0,0.0,0.0,592,251,0.0,0.0,583,246,583,251,553,231,589,248,,,,,,,,0.0,0.0,0.0,0.0,0.0,0.0,0.0,0.0,0.0,5,0,0.0,0.0,0.0,0.0,0.0,0.0,0.0,0.0,0.0,0.0,0.0,0.0,0.0,0.0,0.0,62.0,0.0,0.0,0.0,0.0,0.0,0.0,0.0,0.0,0.0,0.0,0.0,0.0,0.0
408,Kalvin,Phillips,Phillips,u,Has joined Sheffield United on loan for the rest of the season,,5.0,248,154,0.0,639,275,0.0,557,234,0,0,0,0,0,0,16,0.0,0.0,0.0,0.0,0.0,597,254,0.0,0.0,588,249,589,254,565,239,594,251,,,,,,,,0.0,0.0,0.0,0.0,0.0,0.0,0.0,0.0,0.0,5,0,0.0,0.0,0.0,0.0,0.0,0.0,0.0,0.0,0.0,0.0,0.0,0.0,0.0,0.0,0.0,18.0,0.0,0.0,0.0,0.0,0.0,0.0,0.0,0.0,0.0,0.0,0.0,0.0,0.0
616,Ayyoub,Bouaddi,Bouaddi,a,,,5.5,165,104,0.2,348,126,0.0,634,280,0,0,0,0,0,902,2245,0.0,0.4,0.0,0.0,1.0,388,184,,,305,133,306,157,641,282,354,169,,,,,,,,0.0,0.49,0.49,1.51,0.0,0.0,0.0,0.0,24.55,5,0,0.0,0.0,0.0,0.0,0.0,0.0,0.0,0.0,0.0,0.0,0.0,0.0,0.0,0.0,917.0,2271.0,0.0,0.0,0.0,0.0,0.0,0.0,0.0,0.0,0.0,0.0,0.0,0.0,0.0
621,Ryan,McAidoo,McAidoo,a,,,4.5,524,274,0.1,410,148,0.0,491,189,0,0,0,0,0,219,1170,0.0,0.4,0.0,0.0,1.0,324,139,,,358,166,371,184,314,158,380,179,,,,,,,,0.82,0.0,0.82,0.16,0.0,0.0,0.0,0.0,32.73,5,0,0.0,0.0,0.0,0.0,0.0,0.0,0.0,0.0,0.0,0.0,0.0,0.0,0.0,0.0,223.0,1176.0,0.0,0.0,0.0,0.0,0.0,0.0,0.0,0.0,0.0,0.0,0.0,0.0,0.0
622,Kaden,Braithwaite,Braithwaite,a,,,4.0,643,194,0.2,356,134,0.0,388,140,0,0,0,0,0,629,1743,0.0,0.2,0.0,0.0,1.0,303,110,,,399,145,361,133,387,153,403,145,,,,,,,,0.0,0.0,0.0,0.0,0.0,0.0,0.0,0.0,0.0,5,0,0.0,0.0,0.0,0.0,0.0,0.0,0.0,0.0,0.0,0.0,0.0,0.0,0.0,0.0,641.0,1756.0,0.0,0.0,0.0,0.0,0.0,0.0,0.0,0.0,0.0,0.0,0.0,0.0,0.0
572,Konstantinos,Tzolakis,Tzolakis,a,,,4.7,423,22,12.9,31,5,4.0,83,12,6,1,-1,2,-2,140112,27818,0.9,7.2,4.0,4.0,6.8,13,1,,,16,2,546,54,507,52,141,3,,,,,,,,0.0,0.0,0.0,1.48,3.4,0.6,0.8,1.0,0.0,5,6,90.0,0.0,0.0,0.0,2.0,0.0,1.0,0.0,1.0,0.0,3.0,1.0,0.0,16.0,141434.0,28234.0,0.0,0.0,0.0,0.0,1.4400000000000004,48.2,0.0,0.0,4.800000000000001,1.0,0.0,11.0,0.0
628,Allan,Andrade Elias,Allan,a,,,6.0,76,50,0.0,605,254,0.0,652,291,0,0,0,0,0,245,180,0.0,0.0,0.0,0.0,0.0,660,294,,,659,293,661,294,656,292,661,294,,,,,,,,0.0,0.0,0.0,0.0,0.0,0.0,0.0,0.0,0.0,5,0,0.0,0.0,0.0,0.0,0.0,0.0,0.0,0.0,0.0,0.0,0.0,0.0,0.0,0.0,248.0,181.0,0.0,0.0,0.0,0.0,0.0,0.0,0.0,0.0,0.0,0.0,0.0,0.0,0.0
131,Carlos,Baleba,Baleba,a,,,4.9,383,228,0.1,381,138,0.0,545,224,0,0,0,-1,1,1669,846,0.0,0.0,0.0,0.0,0.0,588,247,100.0,50.0,577,240,578,246,546,224,583,242,,,,,,,,0.0,0.0,0.0,0.0,0.0,0.0,0.0,0.0,0.0,5,0,0.0,0.0,0.0,0.0,0.0,0.0,0.0,0.0,0.0,0.0,0.0,0.0,0.0,0.0,1672.0,856.0,0.0,0.0,0.0,0.0,0.0,0.0,0.0,0.0,0.0,0.0,0.0,0.0,0.0
415,Patrick,Dorgu,Dorgu,d,Hamstring injury - 75% chance of playing,,5.8,110,70,0.5,245,80,4.0,91,31,4,0,0,-2,2,1041,5036,0.7,1.7,3.0,4.0,2.0,240,106,75.0,,197,84,141,89,60,37,129,69,,,,,,,,0.41,0.05,0.46,1.78,0.0,0.0,3.16,1.05,10.53,5,4,6.0,0.0,1.0,0.0,0.0,0.0,0.0,0.0,0.0,0.0,0.0,0.0,0.0,12.0,1065.0,5135.0,0.0,0.13,0.009999999999999995,0.14,0.0,18.400000000000002,11.200000000000003,11.0,4.1,0.0,2.0,0.0,2.0
416,Matthijs,de Ligt,De Ligt,i,Back injury - Unknown return date,,4.9,345,57,0.0,560,190,0.0,525,193,0,-1,1,-1,1,94,149,0.0,0.0,0.0,0.0,0.0,577,205,0.0,0.0,566,206,563,205,529,202,571,206,,,,,,,,0.0,0.0,0.0,0.0,0.0,0.0,0.0,0.0,0.0,5,0,0.0,0.0,0.0,0.0,0.0,0.0,0.0,0.0,0.0,0.0,0.0,0.0,0.0,0.0,95.0,149.0,0.0,0.0,0.0,0.0,0.0,0.0,0.0,0.0,0.0,0.0,0.0,0.0,0.0
417,Diogo,Dalot Teixeira,Dalot,a,,,4.9,349,59,1.6,139,56,2.0,167,59,2,0,0,-1,1,1627,8534,0.4,1.6,2.0,2.0,1.6,264,94,,,206,82,38,6,95,20,85,24,,,,,,,,0.06,0.06,0.12,1.22,0.0,0.0,1.04,1.04,4.16,5,2,90.0,0.0,0.0,0.0,1.0,0.0,0.0,0.0,0.0,0.0,0.0,1.0,0.0,11.0,1648.0,8751.0,0.0,0.06,0.05000000000000002,0.10999999999999999,1.62,8.600000000000001,15.0,7.0,3.099999999999998,1.0,1.0,7.0,2.0
419,Lisandro,Martínez,Martinez,a,,,4.9,351,60,1.3,160,65,1.0,232,83,0,-1,1,-1,1,4141,7067,0.2,1.2,1.0,1.0,1.5,272,98,100.0,100.0,142,64,221,75,147,42,184,66,,,,,,,,0.05,0.04,0.09,1.45,0.0,0.0,1.5,1.0,5.0,5,0,90.0,0.0,0.0,0.0,1.0,1.0,0.0,0.0,0.0,0.0,0.0,1.0,0.0,6.0,4187.0,7159.0,0.0,0.15,0.01999999999999999,0.16999999999999998,1.62,12.400000000000006,13.3,22.0,4.800000000000001,0.0,4.0,1.0,4.0
420,Leny,Yoro,Yoro,a,,,4.8,419,78,0.5,260,96,0.0,515,191,0,-1,1,-2,2,538,2373,0.0,0.4,0.0,0.0,1.0,331,128,,,341,126,327,117,324,123,368,129,,,,,,,,0.0,0.08,0.08,4.46,0.0,0.0,8.18,0.0,20.45,5,0,0.0,0.0,0.0,0.0,0.0,0.0,0.0,0.0,0.0,0.0,0.0,0.0,0.0,0.0,539.0,2420.0,0.0,0.0,0.0,0.0,0.0,0.0,0.0,0.0,0.0,0.0,0.0,0.0,0.0
421,Ayden,Heaven,Heaven,a,,,4.3,583,158,0.3,305,112,0.0,406,157,0,-1,1,-2,2,288,1647,0.0,0.2,0.0,0.0,1.0,307,114,,,348,128,325,116,245,83,348,122,,,,,,,,0.12,0.04,0.16,1.01,0.0,0.0,2.0,1.0,2.0,5,0,0.0,0.0,0.0,0.0,0.0,0.0,0.0,0.0,0.0,0.0,0.0,0.0,0.0,0.0,293.0,1692.0,0.0,0.0,0.0,0.0,0.0,0.0,0.0,0.0,0.0,0.0,0.0,0.0,0.0
422,Noussair,Mazraoui,Mazraoui,d,Back injury - 75% chance of playing,,4.4,553,141,0.5,248,93,0.0,413,160,0,0,0,-1,1,614,3334,0.0,0.7,0.0,0.0,1.0,312,117,75.0,,283,114,183,57,246,84,264,100,,,,,,,,0.2,0.06,0.26,1.93,0.0,0.0,3.71,0.93,5.57,5,0,0.0,0.0,0.0,0.0,0.0,0.0,0.0,0.0,0.0,0.0,0.0,0.0,0.0,0.0,631.0,3393.0,0.0,0.0,0.0,0.0,0.0,0.0,0.0,0.0,0.0,0.0,0.0,0.0,0.0
423,Luke,Shaw,Shaw,a,,,4.3,578,153,7.6,48,17,1.0,216,74,2,-1,1,-2,2,4817,84793,0.2,2.1,1.0,0.5,2.2,206,82,100.0,50.0,90,41,48,8,206,62,87,26,3.0,,,,,,,0.01,0.16,0.17,1.24,0.0,0.0,1.34,1.07,6.18,5,2,83.0,0.0,0.0,0.0,1.0,0.0,0.0,0.0,0.0,0.0,0.0,1.0,0.0,7.0,4825.0,92129.0,0.0,0.009999999999999998,0.06999999999999995,0.07999999999999996,1.62,6.599999999999994,6.0,4.0,1.7000000000000028,0.0,3.0,1.0,3.0
425,Tyler,Fredricson,Fredricson,u,Has joined Lausanne-Sport permanently,,4.0,639,190,0.0,602,203,0.0,384,136,0,0,0,0,0,0,55,0.0,0.0,0.0,0.0,0.0,462,165,0.0,0.0,448,165,439,164,383,149,453,165,,,,,,,,0.0,0.0,0.0,0.0,0.0,0.0,0.0,0.0,0.0,5,0,0.0,0.0,0.0,0.0,0.0,0.0,0.0,0.0,0.0,0.0,0.0,0.0,0.0,0.0,0.0,55.0,0.0,0.0,0.0,0.0,0.0,0.0,0.0,0.0,0.0,0.0,0.0,0.0,0.0
426,Bruno,Borges Fernandes,B.Fernandes,a,,,11.9,2,1,38.4,6,2,2.0,193,94,2,-1,1,-1,1,56249,219597,0.2,2.6,2.0,2.0,6.2,24,11,,,2,2,1,1,25,13,1,1,1.0,1.0,1.0,,,,,0.51,0.26,0.77,1.36,0.0,0.0,1.6,1.0,5.8,5,2,90.0,0.0,0.0,0.0,1.0,0.0,0.0,0.0,0.0,0.0,0.0,1.0,0.0,15.0,56838.0,225922.0,0.0,0.28000000000000025,0.19000000000000017,0.46999999999999975,1.62,14.0,58.79999999999998,13.0,8.600000000000001,1.0,0.0,5.0,6.0
427,Bryan,Mbeumo,Mbeumo,a,,,7.9,11,8,20.5,17,7,2.0,192,93,2,0,0,-1,1,47698,148568,0.3,3.2,2.0,2.0,5.0,59,25,,,42,15,11,10,9,5,7,6,2.0,2.0,2.0,,,,,0.61,0.16,0.77,1.36,0.0,0.0,1.6,1.0,5.2,5,2,90.0,0.0,0.0,0.0,1.0,0.0,0.0,0.0,0.0,0.0,0.0,1.0,0.0,23.0,48842.0,153891.0,0.0,0.27,0.25,0.52,1.62,14.599999999999994,46.29999999999998,30.0,9.100000000000001,1.0,2.0,1.0,4.0
428,Matheus,Santos Carneiro da Cunha,Cunha,a,,,7.9,10,7,5.8,66,22,6.0,46,11,10,0,0,-1,1,27767,24939,0.8,3.3,6.0,6.0,5.2,55,24,,,126,41,35,30,27,14,34,24,,,,,,,,0.14,0.18,0.32,1.2,0.0,0.22,1.11,1.11,2.87,5,10,90.0,1.0,0.0,0.0,1.0,0.0,0.0,0.0,0.0,0.0,0.0,1.0,3.0,32.0,27841.0,25908.0,0.0,0.050000000000000044,0.38999999999999996,0.43999999999999995,1.6200000000000006,42.4,35.2,26.0,10.399999999999999,0.0,1.0,2.0,3.0
429,Marcus,Rashford,Rashford,d,Unspecified injury - 75% chance of playing,,7.0,25,16,1.4,154,47,2.0,189,91,2,0,0,0,0,4385,20286,0.3,1.4,1.5,2.0,2.0,244,108,75.0,,179,71,12,11,8,4,14,12,,3.0,,,,,,0.2,0.11,0.31,1.15,0.0,0.26,0.77,1.03,4.62,5,2,76.0,0.0,0.0,0.0,1.0,0.0,0.0,0.0,0.0,0.0,0.0,1.0,0.0,15.0,4530.0,20518.0,0.0,0.4,0.14,0.5399999999999999,1.62,16.6,53.69999999999999,58.0,12.799999999999997,0.0,2.0,0.0,2.0
430,Mason,Mount,Mount,a,,,5.4,171,108,0.0,528,211,0.5,314,152,1,0,0,-1,1,208,215,0.1,0.2,0.5,0.5,1.0,375,174,100.0,100.0,400,187,355,178,294,152,384,180,,4.0,,,,,,0.81,0.09,0.9,0.0,0.0,0.0,0.0,0.0,9.0,5,1,10.0,0.0,0.0,0.0,0.0,0.0,0.0,0.0,0.0,0.0,0.0,0.0,0.0,3.0,209.0,215.0,0.0,0.09,0.01,0.1,0.0,0.6,1.1,5.0,0.7,0.0,0.0,1.0,1.0
431,Amad,Diallo,Amad,i,Unspecified injury - Unknown return date,,5.7,116,74,0.3,295,102,0.0,635,281,0,0,0,-3,3,153,2106,0.0,0.0,0.0,0.0,0.0,651,287,0.0,0.0,646,285,652,287,642,283,651,286,4.0,,,,,,,0.0,0.0,0.0,0.0,0.0,0.0,0.0,0.0,0.0,5,0,0.0,0.0,0.0,0.0,0.0,0.0,0.0,0.0,0.0,0.0,0.0,0.0,0.0,0.0,154.0,2180.0,0.0,0.0,0.0,0.0,0.0,0.0,0.0,0.0,0.0,0.0,0.0,0.0,0.0
170,Emmanuel,Emegha,Emegha,i,Hamstring injury - Expected back 10 Oct,,4.9,380,65,0.1,409,63,0.0,542,55,0,-1,1,-1,1,106,1197,0.0,0.0,0.0,0.0,0.0,587,64,0.0,0.0,576,59,577,63,544,58,582,63,,,,,,,,0.0,0.0,0.0,0.0,0.0,0.0,0.0,0.0,0.0,5,0,0.0,0.0,0.0,0.0,0.0,0.0,0.0,0.0,0.0,0.0,0.0,0.0,0.0,0.0,106.0,1215.0,0.0,0.0,0.0,0.0,0.0,0.0,0.0,0.0,0.0,0.0,0.0,0.0,0.0
560,Mike,Penders,Penders,a,,,4.4,571,47,0.1,472,55,0.0,426,50,0,0,0,-1,1,260,332,0.0,0.0,0.0,0.0,0.0,493,53,,,479,53,471,35,421,30,484,53,,,,,,,,0.0,0.0,0.0,0.0,0.0,0.0,0.0,0.0,0.0,5,0,0.0,0.0,0.0,0.0,0.0,0.0,0.0,0.0,0.0,0.0,0.0,0.0,0.0,0.0,276.0,340.0,0.0,0.0,0.0,0.0,0.0,0.0,0.0,0.0,0.0,0.0,0.0,0.0,0.0
172,Ben,Wilson,Wilson,a,,,4.4,544,45,0.4,277,37,0.0,408,48,0,0,0,-1,1,269,779,0.0,0.0,0.0,0.0,0.0,481,51,,,467,51,459,33,408,28,472,51,,,,,,,,0.0,0.0,0.0,0.0,0.0,0.0,0.0,0.0,0.0,5,0,0.0,0.0,0.0,0.0,0.0,0.0,0.0,0.0,0.0,0.0,0.0,0.0,0.0,0.0,281.0,796.0,0.0,0.0,0.0,0.0,0.0,0.0,0.0,0.0,0.0,0.0,0.0,0.0,0.0
173,Bobby,Thomas,Thomas,a,,,4.0,624,180,8.6,44,15,4.5,69,33,9,0,0,0,0,34177,37720,1.1,6.0,4.5,4.5,4.8,62,27,,,85,37,173,53,81,13,104,34,,,,,,,,0.1,0.06,0.16,1.67,0.0,0.41,1.85,1.03,10.71,5,9,90.0,0.0,0.0,1.0,0.0,0.0,0.0,0.0,0.0,0.0,0.0,1.0,1.0,37.0,34543.0,38928.0,0.0,0.06,0.03999999999999998,0.10000000000000009,1.0999999999999996,27.200000000000003,0.6000000000000014,8.0,3.599999999999998,1.0,12.0,3.0,13.0
603,Jayden,Lienou,Lienou,a,,,4.0,658,208,0.1,414,152,0.0,400,151,0,0,0,0,0,265,555,0.0,0.0,0.0,0.0,0.0,477,179,,,463,179,454,178,399,164,468,179,,,,,,,,0.0,0.0,0.0,0.0,0.0,0.0,0.0,0.0,0.0,5,0,0.0,0.0,0.0,0.0,0.0,0.0,0.0,0.0,0.0,0.0,0.0,0.0,0.0,0.0,277.0,559.0,0.0,0.0,0.0,0.0,0.0,0.0,0.0,0.0,0.0,0.0,0.0,0.0,0.0
432,Kobbie,Mainoo,Mainoo,d,Unspecified injury - 75% chance of playing,,5.5,156,97,1.5,147,45,4.0,88,30,4,0,0,0,0,8197,17611,0.7,4.0,3.0,4.0,4.4,76,30,75.0,,109,34,53,43,186,99,95,51,,,,,,,,0.08,0.13,0.21,1.21,0.0,0.0,1.02,1.02,14.24,5,4,79.0,0.0,0.0,0.0,1.0,0.0,0.0,0.0,0.0,0.0,0.0,1.0,0.0,18.0,8406.0,17716.0,0.0,0.06,0.10000000000000003,0.15999999999999992,1.6199999999999997,11.200000000000003,17.39999999999999,9.0,3.8000000000000007,1.0,1.0,10.0,12.0
433,Manuel,Ugarte Ribeiro,Ugarte,i,Knee injury - Unknown return date,,5.0,269,167,0.0,644,279,0.0,564,238,0,0,0,0,0,25,27,0.0,0.0,0.0,0.0,0.0,604,258,0.0,0.0,595,253,597,258,574,244,601,255,,,,,,,,0.0,0.0,0.0,0.0,0.0,0.0,0.0,0.0,0.0,5,0,0.0,0.0,0.0,0.0,0.0,0.0,0.0,0.0,0.0,0.0,0.0,0.0,0.0,0.0,26.0,27.0,0.0,0.0,0.0,0.0,0.0,0.0,0.0,0.0,0.0,0.0,0.0,0.0,0.0
434,Jack,Fletcher,J.Fletcher,a,,,4.9,386,231,0.0,606,255,0.0,548,227,0,0,0,-1,1,49,60,0.0,0.0,0.0,0.0,0.0,591,250,,,580,243,581,249,549,227,586,245,,,,,,,,0.0,0.0,0.0,0.0,0.0,0.0,0.0,0.0,0.0,5,0,0.0,0.0,0.0,0.0,0.0,0.0,0.0,0.0,0.0,0.0,0.0,0.0,0.0,0.0,50.0,60.0,0.0,0.0,0.0,0.0,0.0,0.0,0.0,0.0,0.0,0.0,0.0,0.0,0.0
438,Tyler,Fletcher,Fletcher,a,,,4.4,570,294,0.3,283,95,0.0,425,171,0,0,0,-1,1,2707,2335,0.0,0.0,0.0,0.0,0.0,492,206,,,478,198,470,204,420,176,483,199,,,,,,,,0.0,0.0,0.0,0.0,0.0,0.0,0.0,0.0,0.0,5,0,0.0,0.0,0.0,0.0,0.0,0.0,0.0,0.0,0.0,0.0,0.0,0.0,0.0,0.0,2768.0,2370.0,0.0,0.0,0.0,0.0,0.0,0.0,0.0,0.0,0.0,0.0,0.0,0.0,0.0
440,Joshua,Zirkzee,Zirkzee,a,,,5.3,222,49,0.4,266,45,1.0,244,25,1,-1,1,-2,2,2259,3431,0.2,0.4,1.0,1.0,1.0,365,40,,,343,35,239,27,612,69,343,39,,,,,,,,0.0,0.04,0.04,0.09,0.0,0.0,0.0,0.0,18.0,5,1,13.0,0.0,0.0,0.0,0.0,0.0,0.0,0.0,0.0,0.0,0.0,0.0,0.0,4.0,2284.0,3475.0,0.0,0.0,0.0,0.0,0.0,3.1999999999999993,10.100000000000001,0.0,1.3000000000000003,0.0,1.0,0.0,1.0
441,Chido,Obi,Obi,u,Has joined Willem II on loan for the rest of the season,,4.5,515,75,0.9,187,29,0.0,485,50,0,0,0,0,0,0,12282,0.0,0.0,0.0,0.0,0.0,546,59,0.0,0.0,533,54,529,58,487,53,538,58,,,,,,,,0.0,0.0,0.0,0.0,0.0,0.0,0.0,0.0,0.0,5,0,0.0,0.0,0.0,0.0,0.0,0.0,0.0,0.0,0.0,0.0,0.0,0.0,0.0,0.0,0.0,12454.0,0.0,0.0,0.0,0.0,0.0,0.0,0.0,0.0,0.0,0.0,0.0,0.0,0.0
405,Nico,González Iglesias,N.Gonzalez,a,,,5.5,149,91,0.2,335,118,0.5,323,157,0,0,0,0,0,743,1947,0.1,0.9,0.5,0.0,1.7,262,116,100.0,0.0,304,132,149,95,334,167,276,123,,,,,,,,0.0,0.12,0.12,1.28,0.0,0.55,1.1,1.65,6.59,5,0,0.0,0.0,0.0,0.0,0.0,0.0,0.0,0.0,0.0,0.0,0.0,0.0,0.0,0.0,743.0,2014.0,0.0,0.0,0.0,0.0,0.0,0.0,0.0,0.0,0.0,0.0,0.0,0.0,0.0
449,Lewis,Hall,Hall,a,,,5.3,227,30,17.7,22,7,6.5,32,17,13,1,-1,3,-3,287013,26799,1.2,5.8,6.5,6.5,6.2,22,9,,,4,1,52,9,129,36,33,4,1.0,1.0,,,,,,0.05,0.16,0.21,1.83,0.0,0.2,1.8,1.0,9.22,5,13,90.0,1.0,0.0,0.0,1.0,0.0,0.0,0.0,0.0,0.0,0.0,1.0,3.0,38.0,290413.0,27760.0,0.0,0.19,0.10999999999999999,0.30000000000000004,1.589999999999999,65.6,29.200000000000003,24.0,11.899999999999999,1.0,9.0,7.0,10.0
450,Tino,Livramento,Livramento,d,Unspecified injury - 75% chance of playing,,4.9,362,65,0.1,418,154,1.5,203,70,0,0,0,-1,1,477,1703,0.3,0.8,1.1,1.5,2.0,229,88,75.0,100.0,360,135,317,114,306,111,369,130,,,,,,,,0.0,0.03,0.03,0.49,0.0,0.0,2.73,0.0,8.18,5,0,0.0,0.0,0.0,0.0,0.0,0.0,0.0,0.0,0.0,0.0,0.0,0.0,0.0,0.0,645.0,1715.0,0.0,0.0,0.0,0.0,0.0,0.0,0.0,0.0,0.0,0.0,0.0,0.0,0.0
451,Alex,Murphy,A.Murphy,u,Has joined FC Kaiserslautern on loan for the rest of the season,,4.0,638,189,0.1,490,176,0.0,383,135,0,0,0,0,0,0,328,0.0,0.0,0.0,0.0,0.0,461,164,0.0,0.0,447,164,438,163,382,148,452,164,,,,,,,,0.0,0.0,0.0,0.0,0.0,0.0,0.0,0.0,0.0,5,0,0.0,0.0,0.0,0.0,0.0,0.0,0.0,0.0,0.0,0.0,0.0,0.0,0.0,0.0,0.0,329.0,0.0,0.0,0.0,0.0,0.0,0.0,0.0,0.0,0.0,0.0,0.0,0.0,0.0
453,Harvey,Barnes,Barnes,a,,,6.1,62,43,6.0,64,20,5.5,55,17,9,1,-1,1,-1,189924,31521,0.9,4.6,5.5,5.5,5.6,41,20,,,67,22,62,51,39,22,39,28,3.0,,,,,,,0.12,0.1,0.22,1.83,0.0,0.2,1.8,1.0,6.6,5,9,90.0,0.0,2.0,0.0,1.0,0.0,0.0,0.0,0.0,0.0,0.0,1.0,1.0,34.0,194924.0,32067.0,0.0,0.10999999999999999,0.10999999999999999,0.22000000000000008,1.5900000000000007,47.6,36.800000000000004,27.0,11.099999999999998,0.0,4.0,5.0,9.0
454,Anthony,Elanga,Elanga,i,Unspecified injury - Unknown return date,,6.1,63,44,4.4,79,27,0.0,653,292,0,-1,1,1,-1,359,181741,0.0,3.0,0.0,0.0,6.0,33,15,0.0,0.0,113,35,115,77,71,43,94,50,2.0,,,,,,,0.16,0.13,0.29,1.56,0.0,0.39,1.16,1.16,3.49,5,0,0.0,0.0,0.0,0.0,0.0,0.0,0.0,0.0,0.0,0.0,0.0,0.0,0.0,0.0,366.0,189800.0,0.0,0.0,0.0,0.0,0.0,0.0,0.0,0.0,0.0,0.0,0.0,0.0,0.0
456,Jacob,Ramsey,J.Ramsey,i,Thigh injury - Unknown return date,,4.8,410,250,0.2,310,108,0.0,509,201,0,-1,1,-2,2,84,5229,0.0,1.5,0.0,0.0,2.3,201,87,0.0,0.0,215,92,291,146,181,96,257,114,,,,,,,,0.22,0.21,0.43,2.5,0.0,0.0,1.3,0.0,14.35,5,0,0.0,0.0,0.0,0.0,0.0,0.0,0.0,0.0,0.0,0.0,0.0,0.0,0.0,0.0,84.0,5343.0,0.0,0.0,0.0,0.0,0.0,0.0,0.0,0.0,0.0,0.0,0.0,0.0,0.0
460,Joe,Willock,Willock,a,,,5.0,253,158,0.6,236,73,5.5,50,12,10,0,0,0,0,11194,3358,1.1,4.4,5.5,5.5,4.4,73,28,,,93,27,153,98,64,39,93,49,,,,,,,,0.26,0.1,0.36,1.64,0.0,0.32,1.58,0.95,5.7,5,10,86.0,1.0,0.0,0.0,1.0,0.0,0.0,0.0,0.0,0.0,0.0,1.0,3.0,38.0,11280.0,3434.0,0.0,0.17000000000000004,0.03999999999999998,0.21000000000000008,1.4600000000000004,40.2,7.299999999999997,22.0,6.999999999999998,1.0,1.0,4.0,6.0
461,Bazoumana,Touré,Touré,a,,,5.8,111,71,0.1,383,139,3.5,107,41,1,0,0,-2,2,384,966,0.6,1.4,3.5,3.5,2.7,177,76,,,227,98,301,152,187,100,265,118,,,,,,,,0.5,0.02,0.52,1.37,0.0,0.0,1.8,0.0,7.2,5,1,16.0,0.0,0.0,0.0,0.0,0.0,0.0,0.0,0.0,0.0,0.0,0.0,0.0,2.0,405.0,978.0,0.0,0.0,0.0,0.0,0.6,1.0,0.0,0.0,0.10000000000000053,0.0,1.0,1.0,2.0
464,Yoane,Wissa,Wissa,a,,,6.2,55,13,18.7,20,5,1.0,261,30,0,0,0,2,-2,107324,157060,0.2,2.4,1.0,1.0,3.0,155,15,,,141,11,92,8,31,12,62,12,,,2.0,,,,,0.48,0.01,0.49,1.63,0.0,0.2,1.63,1.02,5.51,5,0,90.0,0.0,0.0,0.0,1.0,0.0,0.0,1.0,0.0,0.0,0.0,1.0,0.0,0.0,116371.0,159139.0,0.0,0.8400000000000001,0.009999999999999995,0.8500000000000001,1.5899999999999999,8.799999999999997,5.200000000000003,20.0,3.400000000000002,0.0,2.0,3.0,5.0
465,William,Osula,Osula,i,Foot injury - Unknown return date,,5.8,108,28,0.3,291,48,0.0,640,71,0,-1,1,-2,2,141,2730,0.0,0.7,0.0,0.0,4.0,96,9,0.0,0.0,260,25,254,29,273,38,292,33,,4.0,1.0,,,,,0.1,0.23,0.33,2.42,0.0,0.0,1.64,1.64,8.18,5,0,0.0,0.0,0.0,0.0,0.0,0.0,0.0,0.0,0.0,0.0,0.0,0.0,0.0,0.0,142.0,2803.0,0.0,0.0,0.0,0.0,0.0,0.0,0.0,0.0,0.0,0.0,0.0,0.0,0.0
466,Sean,Neave,Neave,u,Has joined Wolves on loan for the rest of the season,,4.5,517,76,0.5,247,40,0.0,487,51,0,0,0,0,0,0,4299,0.0,0.0,0.0,0.0,0.0,548,60,0.0,0.0,535,55,531,59,489,54,540,59,,,,,,,,0.0,0.0,0.0,0.0,0.0,0.0,0.0,0.0,0.0,5,0,0.0,0.0,0.0,0.0,0.0,0.0,0.0,0.0,0.0,0.0,0.0,0.0,0.0,0.0,0.0,4368.0,0.0,0.0,0.0,0.0,0.0,0.0,0.0,0.0,0.0,0.0,0.0,0.0,0.0
593,Amar,Dedic,Dedić,i,Unspecified injury - Unknown return date,,4.5,476,115,1.8,133,53,0.0,454,176,0,0,0,0,0,290,42812,0.0,2.9,0.0,0.0,3.2,126,54,0.0,0.0,133,59,155,41,217,69,175,63,,3.0,,,,,,0.04,0.02,0.06,2.03,0.0,0.28,1.93,1.1,6.61,5,0,0.0,0.0,0.0,0.0,0.0,0.0,0.0,0.0,0.0,0.0,0.0,0.0,0.0,0.0,296.0,45231.0,0.0,0.0,0.0,0.0,0.0,0.0,0.0,0.0,0.0,0.0,0.0,0.0,0.0
634,Matias,Fernandez-Pardo,Fernandez-Pardo,a,,,6.0,75,19,0.1,380,58,1.5,211,22,2,0,0,0,0,2476,1615,0.2,0.7,1.5,1.5,1.3,288,35,,,374,37,261,30,223,33,319,35,,,,,,,,0.03,0.01,0.04,1.69,0.0,0.0,2.29,1.15,2.87,5,2,73.0,0.0,0.0,0.0,1.0,0.0,0.0,0.0,0.0,0.0,0.0,1.0,0.0,7.0,2518.0,1637.0,0.0,0.05,0.0,0.049999999999999996,0.99,1.1999999999999997,0.8000000000000007,5.0,0.7000000000000002,1.0,0.0,1.0,2.0
659,Mason,Miley,Miley,a,,,4.5,536,282,0.0,507,200,0.0,501,196,0,0,0,0,0,1536,698,0.0,0.0,0.0,0.0,0.0,560,230,,,547,222,543,228,504,201,552,223,,,,,,,,0.0,0.0,0.0,0.0,0.0,0.0,0.0,0.0,0.0,5,0,0.0,0.0,0.0,0.0,0.0,0.0,0.0,0.0,0.0,0.0,0.0,0.0,0.0,0.0,1588.0,706.0,0.0,0.0,0.0,0.0,0.0,0.0,0.0,0.0,0.0,0.0,0.0,0.0,0.0
663,Miodrag,Pivas,Pivas,a,,,4.0,650,201,0.0,628,212,0.0,393,145,0,0,0,0,0,441,71,0.0,0.0,1.1,1.1,0.0,470,173,,,456,173,447,172,392,158,461,173,,,,,,,,0.0,0.0,0.0,0.0,0.0,0.0,0.0,0.0,0.0,5,0,0.0,0.0,0.0,0.0,0.0,0.0,0.0,0.0,0.0,0.0,0.0,0.0,0.0,0.0,441.0,71.0,0.0,0.0,0.0,0.0,0.0,0.0,0.0,0.0,0.0,0.0,0.0,0.0,0.0
664,Vakhtang,Salia,Salia,a,,,4.5,518,77,0.1,376,57,0.0,488,52,0,0,0,0,0,11012,1887,0.0,0.0,1.0,1.0,0.0,549,61,,,536,56,532,60,490,55,541,60,,,,,,,,0.0,0.0,0.0,0.0,0.0,0.0,0.0,0.0,0.0,5,0,0.0,0.0,0.0,0.0,0.0,0.0,0.0,0.0,0.0,0.0,0.0,0.0,0.0,0.0,11012.0,1887.0,0.0,0.0,0.0,0.0,0.0,0.0,0.0,0.0,0.0,0.0,0.0,0.0,0.0
665,Michael,Mills,Mills,a,,,4.5,533,280,0.0,651,286,0.0,498,194,0,0,0,0,0,175,34,0.0,0.0,1.1,1.1,0.0,557,228,,,544,220,540,226,501,199,549,221,,,,,,,,0.0,0.0,0.0,0.0,0.0,0.0,0.0,0.0,0.0,5,0,0.0,0.0,0.0,0.0,0.0,0.0,0.0,0.0,0.0,0.0,0.0,0.0,0.0,0.0,175.0,34.0,0.0,0.0,0.0,0.0,0.0,0.0,0.0,0.0,0.0,0.0,0.0,0.0,0.0
470,Felipe,Rodrigues da Silva,Morato,u,Has joined West Ham on loan for the rest of the season,,5.0,288,47,0.0,575,196,0.0,570,200,0,0,0,0,0,0,135,0.0,0.0,0.0,0.0,0.0,608,210,0.0,0.0,599,211,605,211,582,208,605,211,,,,,,,,0.0,0.0,0.0,0.0,0.0,0.0,0.0,0.0,0.0,5,0,0.0,0.0,0.0,0.0,0.0,0.0,0.0,0.0,0.0,0.0,0.0,0.0,0.0,0.0,0.0,137.0,0.0,0.0,0.0,0.0,0.0,0.0,0.0,0.0,0.0,0.0,0.0,0.0,0.0
471,Nikola,Milenković,Milenković,i,Hamstring injury - Expected back 11 Oct,,5.4,179,20,1.0,180,67,0.0,612,208,0,-1,1,-1,1,79,13662,0.0,2.2,0.0,0.0,4.0,94,41,0.0,0.0,180,76,347,126,212,66,250,95,,,,,,,,0.04,0.01,0.05,1.09,0.0,0.33,1.0,1.0,10.33,5,0,0.0,0.0,0.0,0.0,0.0,0.0,0.0,0.0,0.0,0.0,0.0,0.0,0.0,0.0,79.0,14151.0,0.0,0.0,0.0,0.0,0.0,0.0,0.0,0.0,0.0,0.0,0.0,0.0,0.0
472,Murillo,Costa dos Santos,Murillo,a,,,5.5,163,18,2.1,125,50,5.0,59,29,4,0,0,0,0,10105,9479,0.9,4.2,5.0,5.0,4.6,72,33,100.0,100.0,38,17,89,18,160,48,80,21,,2.0,,,,,,0.08,0.07,0.15,0.96,0.0,0.2,1.0,1.0,10.62,5,4,90.0,0.0,0.0,0.0,1.0,0.0,0.0,0.0,0.0,0.0,0.0,1.0,0.0,16.0,10943.0,9575.0,0.0,0.07,0.08000000000000002,0.15000000000000002,0.6699999999999999,30.0,24.300000000000004,9.0,6.299999999999999,1.0,10.0,2.0,11.0
196,Jahnoah,Markelo,Markelo,u,Has joined Shabab Al-Ahli Dubai permanently,,5.0,316,59,0.0,631,78,0.0,588,61,0,0,0,0,0,0,66,0.0,0.0,0.0,0.0,0.0,625,70,0.0,0.0,616,65,622,69,599,64,622,69,,,,,,,,0.0,0.0,0.0,0.0,0.0,0.0,0.0,0.0,0.0,5,0,0.0,0.0,0.0,0.0,0.0,0.0,0.0,0.0,0.0,0.0,0.0,0.0,0.0,0.0,0.0,66.0,0.0,0.0,0.0,0.0,0.0,0.0,0.0,0.0,0.0,0.0,0.0,0.0,0.0
475,Nicolò,Savona,Savona,i,Knee injury - Unknown return date,,4.5,487,118,0.0,653,215,0.0,460,177,0,0,0,0,0,23,23,0.0,0.0,0.0,0.0,0.0,524,194,0.0,0.0,510,194,507,193,464,186,515,194,,,,,,,,0.0,0.0,0.0,0.0,0.0,0.0,0.0,0.0,0.0,5,0,0.0,0.0,0.0,0.0,0.0,0.0,0.0,0.0,0.0,0.0,0.0,0.0,0.0,0.0,23.0,23.0,0.0,0.0,0.0,0.0,0.0,0.0,0.0,0.0,0.0,0.0,0.0,0.0,0.0
147,Tosin,Adarabioyo,Tosin,a,,,4.4,543,134,0.1,369,142,0.5,274,91,0,0,0,-1,1,119,620,0.1,0.2,0.5,0.5,1.0,310,115,,,330,124,386,142,407,168,377,134,,,,,,,,0.0,0.0,0.0,0.54,0.0,0.0,0.0,0.0,72.0,5,0,0.0,0.0,0.0,0.0,0.0,0.0,0.0,0.0,0.0,0.0,0.0,0.0,0.0,0.0,121.0,630.0,0.0,0.0,0.0,0.0,0.0,0.0,0.0,0.0,0.0,0.0,0.0,0.0,0.0
401,Omar,Marmoush,Marmoush,a,,,7.0,26,9,2.1,124,20,2.0,190,20,2,0,0,0,0,14615,24486,0.3,1.1,2.0,2.0,2.0,245,27,,,289,29,103,9,77,20,170,21,8.0,4.0,2.0,,,,,0.1,0.04,0.14,1.02,0.0,0.53,1.33,1.06,3.45,5,2,90.0,0.0,0.0,0.0,3.0,0.0,0.0,0.0,0.0,0.0,0.0,1.0,0.0,8.0,15148.0,24802.0,0.0,0.020000000000000018,0.039999999999999994,0.06000000000000005,1.1599999999999997,5.6,6.399999999999999,6.0,1.8000000000000007,1.0,0.0,3.0,4.0
403,Sávio,Moreira de Oliveira,Sávio,a,,,6.5,41,28,0.6,223,70,2.5,159,72,2,0,0,0,0,3536,8073,0.4,1.2,2.5,2.5,2.7,178,77,100.0,100.0,191,79,25,23,40,23,41,30,2.0,,,,,,,0.15,0.26,0.41,1.04,0.0,0.75,1.12,1.12,4.12,5,2,90.0,0.0,0.0,0.0,3.0,0.0,0.0,0.0,0.0,0.0,0.0,1.0,0.0,29.0,3659.0,8237.0,0.0,0.29,0.16999999999999993,0.4600000000000001,1.1599999999999997,24.4,59.0,53.0,13.600000000000001,0.0,2.0,3.0,5.0
455,Sandro,Tonali,Tonali,a,,,5.3,219,138,1.8,131,39,2.5,150,66,2,-1,1,-2,2,2683,16885,0.5,2.6,2.5,2.5,2.8,169,70,100.0,100.0,153,57,51,42,157,83,107,57,,,,,,,,0.05,0.13,0.18,1.63,0.0,0.42,1.69,1.05,8.85,5,2,83.0,0.0,0.0,0.0,3.0,0.0,0.0,0.0,0.0,0.0,0.0,1.0,0.0,18.0,2723.0,17339.0,0.0,0.06,0.20999999999999996,0.27,1.0999999999999996,16.799999999999997,17.599999999999994,10.0,4.4,6.0,1.0,4.0,11.0
494,Guglielmo,Vicario,Vicario,u,Has joined Juventus on loan for the rest of the season,,4.5,445,30,0.1,385,43,0.0,439,57,0,0,0,0,0,0,786,0.0,0.0,0.0,0.0,0.0,505,59,0.0,0.0,491,59,486,44,436,39,496,59,,,,,,,,0.0,0.0,0.0,0.0,0.0,0.0,0.0,0.0,0.0,5,0,0.0,0.0,0.0,0.0,0.0,0.0,0.0,0.0,0.0,0.0,0.0,0.0,0.0,0.0,0.0,795.0,0.0,0.0,0.0,0.0,0.0,0.0,0.0,0.0,0.0,0.0,0.0,0.0,0.0
496,Antonín,Kinský,Kinsky,a,,,4.5,480,39,17.1,23,3,4.5,70,8,2,0,0,0,0,22511,128351,1.0,4.0,4.5,4.5,3.6,111,12,,,68,12,282,3,458,48,190,11,,,,,,,,0.0,0.0,0.0,1.56,2.4,0.4,1.6,1.0,0.0,5,2,90.0,0.0,0.0,0.0,3.0,0.0,0.0,0.0,0.0,0.0,3.0,1.0,0.0,5.0,23639.0,130015.0,0.0,0.0,0.0,0.0,1.1600000000000001,27.200000000000003,0.0,0.0,2.6999999999999993,0.0,0.0,5.0,0.0
497,Martin,Dubravka,Dubravka,a,,,4.0,591,53,17.1,24,4,0.0,345,26,0,0,0,0,0,33121,56193,0.0,0.0,0.0,0.0,0.0,429,29,,,415,29,403,10,347,5,419,29,,,,,,,,0.0,0.0,0.0,0.0,0.0,0.0,0.0,0.0,0.0,5,0,0.0,0.0,0.0,0.0,0.0,0.0,0.0,0.0,0.0,0.0,0.0,0.0,0.0,0.0,34037.0,57029.0,0.0,0.0,0.0,0.0,0.0,0.0,0.0,0.0,0.0,0.0,0.0,0.0,0.0
524,Callum,Olusesi,Olusesi,a,,,4.4,568,293,1.0,183,58,0.0,423,170,0,0,0,-1,1,6300,8231,0.0,0.0,0.0,0.0,0.0,490,205,,,476,197,468,203,418,175,481,198,,,,,,,,0.0,0.0,0.0,0.0,0.0,0.0,0.0,0.0,0.0,5,0,0.0,0.0,0.0,0.0,0.0,0.0,0.0,0.0,0.0,0.0,0.0,0.0,0.0,0.0,6432.0,8354.0,0.0,0.0,0.0,0.0,0.0,0.0,0.0,0.0,0.0,0.0,0.0,0.0,0.0
525,Mateus,Fernandes,Fernandes,a,,,5.7,118,76,0.8,205,64,2.0,182,87,1,-1,1,-3,3,548,7482,0.4,1.2,2.0,2.0,1.4,278,125,,,271,114,46,39,142,75,151,78,4.0,,,,,,,0.07,0.1,0.17,1.6,0.0,0.36,1.45,1.08,7.59,5,1,45.0,0.0,0.0,0.0,1.0,0.0,0.0,0.0,0.0,0.0,0.0,1.0,0.0,2.0,562.0,7624.0,0.0,0.07,0.020000000000000018,0.08999999999999997,0.8199999999999998,0.0,5.699999999999989,9.0,1.0999999999999996,1.0,2.0,4.0,7.0
555,Remi,Matthews,Matthews,a,,,4.0,603,61,1.7,137,20,0.0,357,34,0,0,0,0,0,1279,3351,0.0,0.0,0.0,0.0,0.0,439,37,,,425,37,415,18,359,13,430,37,,,,,,,,0.0,0.0,0.0,0.0,0.0,0.0,0.0,0.0,0.0,5,0,0.0,0.0,0.0,0.0,0.0,0.0,0.0,0.0,0.0,0.0,0.0,0.0,0.0,0.0,1310.0,3394.0,0.0,0.0,0.0,0.0,0.0,0.0,0.0,0.0,0.0,0.0,0.0,0.0,0.0
290,Regan,Slater,Slater,a,,,4.5,463,259,5.2,74,26,2.0,165,76,2,0,0,0,0,18065,43495,0.4,3.3,2.0,2.0,3.0,135,54,,,158,60,55,45,161,85,113,60,1.0,,,,,,,0.04,0.12,0.16,1.5,0.0,0.62,0.82,1.03,6.8,5,2,77.0,0.0,0.0,0.0,2.0,0.0,0.0,0.0,0.0,0.0,0.0,1.0,0.0,9.0,18695.0,44448.0,0.0,0.13,0.029999999999999916,0.16000000000000003,1.3099999999999996,4.200000000000003,23.799999999999997,9.0,3.6999999999999993,0.0,1.0,2.0,3.0
574,Jens,Hjertø-Dahl,Hjertø-Dahl,a,,,4.9,388,233,0.1,493,192,0.0,549,228,0,0,0,-1,1,83,359,0.0,0.2,0.0,0.0,1.0,343,151,,,581,244,582,250,550,228,587,246,,,,,,,,0.0,0.0,0.0,0.0,0.0,0.0,0.0,0.0,11.25,5,0,0.0,0.0,0.0,0.0,0.0,0.0,0.0,0.0,0.0,0.0,0.0,0.0,0.0,0.0,83.0,370.0,0.0,0.0,0.0,0.0,0.0,0.0,0.0,0.0,0.0,0.0,0.0,0.0,0.0
342,Jack,Harrison,Harrison,u,Has joined New England Revolution permanently,,5.0,263,165,0.0,665,297,0.0,560,237,0,0,0,0,0,0,5,0.0,0.0,0.0,0.0,0.0,600,257,0.0,0.0,591,252,593,257,570,243,597,254,,,,,,,,0.0,0.0,0.0,0.0,0.0,0.0,0.0,0.0,0.0,5,0,0.0,0.0,0.0,0.0,0.0,0.0,0.0,0.0,0.0,0.0,0.0,0.0,0.0,0.0,0.0,5.0,0.0,0.0,0.0,0.0,0.0,0.0,0.0,0.0,0.0,0.0,0.0,0.0,0.0
480,Morgan,Gibbs-White,Gibbs-White,a,,,8.0,7,5,15.7,27,9,5.0,65,20,2,0,0,0,0,79980,100197,0.6,3.5,5.0,5.0,5.6,42,21,100.0,100.0,39,13,3,3,51,31,11,10,,1.0,1.0,,,,,0.31,0.28,0.59,0.95,0.0,0.2,1.0,1.0,4.2,5,2,90.0,0.0,0.0,0.0,1.0,0.0,0.0,0.0,0.0,0.0,0.0,1.0,0.0,25.0,98020.0,100545.0,0.0,0.0,0.3999999999999999,0.3999999999999999,0.6699999999999999,22.400000000000006,81.39999999999999,6.0,11.0,0.0,0.0,2.0,2.0
482,Callum,Hudson-Odoi,Hudson-Odoi,a,,,5.8,100,63,0.1,370,133,0.0,636,282,0,0,0,-2,2,323,1271,0.0,0.2,0.0,0.0,1.0,390,185,100.0,100.0,647,286,385,193,643,284,652,287,,4.0,,,,,,0.0,0.0,0.0,0.0,0.0,0.0,0.0,0.0,0.0,5,0,0.0,0.0,0.0,0.0,0.0,0.0,0.0,0.0,0.0,0.0,0.0,0.0,0.0,0.0,355.0,1300.0,0.0,0.0,0.0,0.0,0.0,0.0,0.0,0.0,0.0,0.0,0.0,0.0,0.0
581,Ousmane,Diomande,Diomande,a,,,5.4,204,26,0.5,243,92,3.0,128,51,2,0,0,-1,1,1742,2508,0.6,1.3,3.0,3.0,2.3,204,81,,,245,100,357,131,196,58,288,108,,,,,,,,0.09,0.01,0.1,0.8,0.0,0.0,1.1,1.1,10.49,5,2,72.0,0.0,0.0,0.0,1.0,0.0,0.0,0.0,0.0,0.0,0.0,1.0,0.0,4.0,1785.0,2536.0,0.0,0.05,0.01,0.06000000000000001,0.63,7.799999999999997,0.6,8.0,1.6,0.0,5.0,7.0,5.0
590,Steven,Benda,Benda,a,,,4.5,469,35,0.1,465,53,0.0,451,61,0,0,0,0,0,141,256,0.0,0.0,0.0,0.0,0.0,516,63,,,502,63,498,49,450,44,507,63,,,,,,,,0.0,0.0,0.0,0.0,0.0,0.0,0.0,0.0,0.0,5,0,0.0,0.0,0.0,0.0,0.0,0.0,0.0,0.0,0.0,0.0,0.0,0.0,0.0,0.0,143.0,262.0,0.0,0.0,0.0,0.0,0.0,0.0,0.0,0.0,0.0,0.0,0.0,0.0,0.0
112,Jan Paul,van Hecke,Van Hecke,d,Foot injury - 75% chance of playing,,4.9,370,68,6.4,60,24,7.0,22,12,6,0,0,-1,1,20203,43351,1.4,4.9,5.2,7.0,4.8,64,29,75.0,,5,2,67,11,62,7,27,3,,,,,,,,0.14,0.08,0.22,1.56,0.0,0.4,1.6,1.0,8.6,5,6,90.0,1.0,0.0,0.0,3.0,0.0,0.0,0.0,1.0,0.0,0.0,1.0,0.0,17.0,20682.0,43955.0,0.0,0.3499999999999999,0.3,0.6500000000000001,1.1600000000000001,62.000000000000014,30.400000000000006,17.0,10.900000000000002,3.0,6.0,4.0,9.0
194,Brandon,Thomas-Asante,Thomas-Asante,a,,,5.0,268,53,0.8,202,33,2.5,147,15,4,0,0,0,0,9828,6916,0.5,1.8,2.5,2.5,1.8,254,30,,,256,24,310,40,96,23,230,23,,,4.0,,,,,0.13,0.02,0.15,1.97,0.0,0.4,2.38,0.79,10.7,5,4,90.0,0.0,0.0,1.0,0.0,0.0,0.0,0.0,0.0,0.0,0.0,1.0,0.0,16.0,9923.0,7053.0,0.0,0.13000000000000003,0.009999999999999995,0.13,1.1000000000000005,15.8,0.6000000000000001,19.0,3.5,3.0,6.0,7.0,16.0
656,Stephen,Mfuni,Mfuni,a,,,4.0,644,195,0.1,416,153,3.0,114,46,6,0,0,0,0,2077,950,0.8,1.5,3.0,3.0,6.0,25,10,,,291,116,364,134,302,107,342,121,,,,,,,,0.0,0.01,0.01,1.1,0.0,1.0,0.0,1.0,8.0,5,6,90.0,0.0,0.0,1.0,0.0,0.0,0.0,0.0,0.0,0.0,0.0,1.0,0.0,27.0,2088.0,960.0,0.0,0.0,0.01,0.01,1.1,17.6,0.7,4.0,2.2,1.0,7.0,3.0,8.0
227,Mark,Travers,Travers,a,,,5.0,267,9,0.0,513,59,0.0,563,72,0,0,0,0,0,277,297,0.0,0.0,0.0,0.0,0.0,603,72,,,594,72,596,66,573,65,600,72,,,,,,,,0.0,0.0,0.0,0.0,0.0,0.0,0.0,0.0,0.0,5,0,0.0,0.0,0.0,0.0,0.0,0.0,0.0,0.0,0.0,0.0,0.0,0.0,0.0,0.0,285.0,300.0,0.0,0.0,0.0,0.0,0.0,0.0,0.0,0.0,0.0,0.0,0.0,0.0,0.0
352,Freddie,Woodman,Woodman,a,,,4.0,599,59,1.0,176,26,0.0,353,32,0,0,0,0,0,887,2642,0.0,0.0,0.0,0.0,0.0,437,35,,,423,35,411,16,355,11,427,35,,,,,,,,0.0,0.0,0.0,0.0,0.0,0.0,0.0,0.0,0.0,5,0,0.0,0.0,0.0,0.0,0.0,0.0,0.0,0.0,0.0,0.0,0.0,0.0,0.0,0.0,905.0,2678.0,0.0,0.0,0.0,0.0,0.0,0.0,0.0,0.0,0.0,0.0,0.0,0.0,0.0
392,Rayan,Aït-Nouri,Aït-Nouri,a,,,5.2,238,35,0.4,268,99,0.0,595,204,0,-1,1,-3,3,583,2406,0.0,0.0,0.0,0.0,0.0,631,213,,,622,214,628,214,607,211,628,214,,,,,,,,0.0,0.0,0.0,0.0,0.0,0.0,0.0,0.0,0.0,5,0,0.0,0.0,0.0,0.0,0.0,0.0,0.0,0.0,0.0,0.0,0.0,0.0,0.0,0.0,592.0,2454.0,0.0,0.0,0.0,0.0,0.0,0.0,0.0,0.0,0.0,0.0,0.0,0.0,0.0
502,Andrew,Robertson,Robertson,a,,,4.4,545,135,2.5,114,44,5.5,47,24,4,0,0,-1,1,7038,15386,1.2,3.9,5.5,5.5,3.4,120,49,,,98,46,27,3,117,28,51,8,6.0,,,,,,,0.03,0.11,0.14,1.73,0.0,0.25,1.72,0.98,4.92,5,4,90.0,0.0,1.0,0.0,3.0,0.0,0.0,0.0,0.0,0.0,0.0,1.0,0.0,15.0,7251.0,15748.0,0.0,0.0,0.26,0.26000000000000006,1.1600000000000001,29.799999999999997,56.10000000000001,6.0,9.2,2.0,1.0,7.0,3.0
509,Jun'ai,Byfield,Byfield,a,,,4.0,657,207,0.1,481,172,0.0,399,150,0,0,0,0,0,138,271,0.0,0.0,0.0,0.0,0.0,476,178,,,462,178,453,177,398,163,467,178,,,,,,,,0.0,0.0,0.0,0.0,0.0,0.0,0.0,0.0,0.0,5,0,0.0,0.0,0.0,0.0,0.0,0.0,0.0,0.0,0.0,0.0,0.0,0.0,0.0,0.0,143.0,273.0,0.0,0.0,0.0,0.0,0.0,0.0,0.0,0.0,0.0,0.0,0.0,0.0,0.0
510,James,Rowswell,Rowswell,a,,,4.0,633,185,0.1,436,160,0.0,378,131,0,0,0,0,0,180,380,0.0,0.0,0.0,0.0,0.0,457,161,,,443,161,434,160,378,145,448,161,,,,,,,,0.0,0.0,0.0,0.0,0.0,0.0,0.0,0.0,0.0,5,0,0.0,0.0,0.0,0.0,0.0,0.0,0.0,0.0,0.0,0.0,0.0,0.0,0.0,0.0,191.0,384.0,0.0,0.0,0.0,0.0,0.0,0.0,0.0,0.0,0.0,0.0,0.0,0.0,0.0
132,Harry,Howell,Howell,u,Has joined Leicester City on loan for the rest of the season,,4.5,516,271,0.0,547,225,0.0,486,187,0,0,0,0,0,0,235,0.0,0.0,0.0,0.0,0.0,547,222,0.0,0.0,534,214,530,220,488,192,539,215,,,,,,,,0.0,0.0,0.0,0.0,0.0,0.0,0.0,0.0,0.0,5,0,0.0,0.0,0.0,0.0,0.0,0.0,0.0,0.0,0.0,0.0,0.0,0.0,0.0,0.0,0.0,238.0,0.0,0.0,0.0,0.0,0.0,0.0,0.0,0.0,0.0,0.0,0.0,0.0,0.0
177,Kaine,Kesler-Hayden,Kesler-Hayden,i,Hamstring injury - Unknown return date,,3.9,666,216,0.1,467,167,0.0,339,115,0,-1,1,-1,1,4067,1043,0.0,0.0,0.0,0.0,0.0,423,150,0.0,0.0,409,150,397,146,341,131,413,149,,,,,,,,0.0,0.0,0.0,0.0,0.0,0.0,0.0,0.0,0.0,5,0,0.0,0.0,0.0,0.0,0.0,0.0,0.0,0.0,0.0,0.0,0.0,0.0,0.0,0.0,4067.0,1045.0,0.0,0.0,0.0,0.0,0.0,0.0,0.0,0.0,0.0,0.0,0.0,0.0,0.0
125,Georginio,Rutter,Georginio,a,,,5.3,223,50,0.5,255,43,0.5,311,35,1,-1,1,-2,2,3079,4390,0.1,1.1,0.5,0.5,3.0,145,13,100.0,100.0,285,27,268,35,194,31,289,32,,,,,,,,0.15,0.39,0.54,0.89,0.0,0.87,0.0,0.87,7.79,5,1,14.0,0.0,0.0,0.0,0.0,0.0,0.0,0.0,0.0,0.0,0.0,0.0,0.0,2.0,3102.0,4525.0,0.0,0.09000000000000001,0.010000000000000009,0.09999999999999998,0.74,0.3999999999999986,0.29999999999999893,4.0,0.5,0.0,0.0,2.0,2.0
133,Tom,Watson,Watson,u,Has joined Leicester City on loan for the rest of the season,,5.0,314,192,0.0,664,296,0.0,587,252,0,0,0,0,0,0,6,0.0,0.0,0.0,0.0,0.0,624,270,0.0,0.0,615,265,621,270,598,256,621,267,,,,,,,,0.0,0.0,0.0,0.0,0.0,0.0,0.0,0.0,0.0,5,0,0.0,0.0,0.0,0.0,0.0,0.0,0.0,0.0,0.0,0.0,0.0,0.0,0.0,0.0,0.0,6.0,0.0,0.0,0.0,0.0,0.0,0.0,0.0,0.0,0.0,0.0,0.0,0.0,0.0
151,Josh,Acheampong,Acheampong,a,,,4.5,508,127,0.3,280,102,0.0,479,184,0,0,0,0,0,485,2147,0.0,1.1,0.0,0.0,1.2,290,101,,,207,83,298,108,285,102,284,106,,,,,,,,0.0,0.01,0.01,1.92,0.0,0.0,2.85,0.81,8.14,5,0,19.0,0.0,0.0,0.0,2.0,0.0,0.0,0.0,0.0,0.0,0.0,0.0,0.0,-4.0,511.0,2190.0,0.0,0.0,0.009999999999999998,0.009999999999999998,1.1999999999999997,1.3999999999999986,1.4000000000000004,0.0,0.3000000000000007,1.0,0.0,0.0,1.0
159,Moisés,Caicedo Corozo,Caicedo,d,Calf injury - 50% chance of playing,,5.3,226,143,1.0,172,54,0.0,601,260,0,0,0,-2,2,460,10046,0.0,0.2,0.0,0.0,1.0,368,168,50.0,50.0,626,271,393,197,613,264,631,272,,,,,,,,0.0,0.0,0.0,0.48,0.0,0.0,0.0,0.0,0.0,5,0,0.0,0.0,0.0,0.0,0.0,0.0,0.0,0.0,0.0,0.0,0.0,0.0,0.0,0.0,462.0,10315.0,0.0,0.0,0.0,0.0,0.0,0.0,0.0,0.0,0.0,0.0,0.0,0.0,0.0
568,Valentín,Barco,Barco,a,,,5.4,203,129,0.1,390,143,1.0,252,121,2,0,0,-1,1,271,499,0.2,0.6,1.0,1.0,1.0,383,180,,,307,135,287,143,250,130,321,148,,,,,,,,0.05,0.09,0.14,2.21,0.0,0.0,2.35,0.78,9.39,5,2,86.0,0.0,0.0,0.0,2.0,0.0,0.0,0.0,0.0,0.0,0.0,1.0,0.0,21.0,277.0,513.0,0.0,0.030000000000000006,0.020000000000000004,0.04999999999999999,2.22,11.200000000000001,4.300000000000001,5.0,2.1,3.0,2.0,4.0,9.0
583,Pep,Chavarría,Chavarria,a,,,4.9,377,70,0.2,368,141,1.0,236,85,1,0,0,-1,1,529,620,0.2,1.0,1.0,1.0,1.0,341,132,,,252,106,182,56,237,80,242,92,,,,,,,,0.02,0.03,0.05,1.77,0.0,0.0,1.73,0.43,6.92,5,1,90.0,0.0,0.0,0.0,3.0,0.0,0.0,0.0,0.0,0.0,0.0,1.0,0.0,7.0,536.0,636.0,0.0,0.04,0.04000000000000001,0.08,2.6499999999999995,17.6,27.2,4.0,4.9,3.0,6.0,3.0,9.0
662,Mahdi,Nicoll-Jazuli,Nicoll-Jazuli,a,,,4.5,530,278,0.0,626,267,1.0,225,103,1,0,0,0,0,368,83,0.2,0.2,1.1,1.1,1.0,325,140,,,364,170,340,171,499,197,387,181,,,,,,,,0.0,0.0,0.0,12.9,0.0,0.0,30.0,0.0,60.0,5,1,3.0,0.0,0.0,0.0,1.0,0.0,0.0,0.0,0.0,0.0,0.0,0.0,0.0,5.0,368.0,83.0,0.0,0.0,0.0,0.0,0.43,4.6,1.7,0.0,0.6,2.0,0.0,0.0,2.0
565,Mamadou,Sangaré,M.Sangaré,a,,,5.6,122,78,9.8,39,16,2.0,181,86,0,-1,1,1,-1,9555,153836,0.4,3.9,2.0,2.0,4.4,77,31,,,120,39,99,68,123,68,115,61,,,,,,,,0.11,0.18,0.29,1.21,0.0,0.28,0.84,1.12,13.46,5,0,21.0,0.0,0.0,0.0,0.0,0.0,0.0,0.0,1.0,0.0,0.0,0.0,0.0,0.0,9950.0,157227.0,0.0,0.0,0.0,0.0,0.27999999999999936,2.200000000000003,0.0,0.0,0.20000000000000284,1.0,1.0,1.0,3.0
620,El Hadji Malick,Diouf,Diouf,a,,,4.5,522,130,0.1,430,157,1.0,224,80,1,0,0,0,0,564,756,0.2,0.4,1.0,1.0,1.0,322,124,,,356,133,350,129,492,193,383,137,,,,,,,,0.0,0.02,0.02,1.45,0.0,0.0,0.0,0.0,4.62,5,1,9.0,0.0,0.0,0.0,0.0,0.0,0.0,0.0,0.0,0.0,0.0,0.0,0.0,3.0,578.0,762.0,0.0,0.0,0.0,0.0,0.13,2.1999999999999997,0.30000000000000004,0.0,0.29999999999999993,0.0,1.0,0.0,1.0
114,Olivier,Boscagli,Boscagli,a,,,4.5,449,96,0.3,296,107,6.0,36,20,6,0,0,0,0,2616,982,1.3,4.2,6.0,6.0,3.8,101,42,,,118,52,32,5,180,56,79,20,,,,,,,,0.01,0.11,0.12,1.74,0.0,0.62,1.03,1.03,5.97,5,6,90.0,0.0,0.0,1.0,0.0,0.0,0.0,0.0,0.0,0.0,0.0,1.0,0.0,24.0,2631.0,1010.0,0.0,0.010000000000000009,0.020000000000000018,0.030000000000000027,1.629999999999999,13.0,5.200000000000003,2.0,2.0,2.0,5.0,2.0,7.0
135,Zadok,Yohanna,Yohanna,i,Unspecified injury - Expected back 10 Oct,,4.8,422,257,0.0,531,213,0.0,516,206,0,-1,1,-2,2,28,432,0.0,0.2,0.0,0.0,1.0,332,144,0.0,0.0,403,189,351,174,518,209,399,187,,,,,,,,0.0,0.22,0.22,0.0,0.0,0.0,0.0,0.0,0.0,5,0,0.0,0.0,0.0,0.0,0.0,0.0,0.0,0.0,0.0,0.0,0.0,0.0,0.0,0.0,28.0,444.0,0.0,0.0,0.0,0.0,0.0,0.0,0.0,0.0,0.0,0.0,0.0,0.0,0.0
594,Promise,David,David,a,,,5.9,95,24,0.2,321,51,0.0,650,75,0,-1,1,-1,1,3493,2412,0.0,0.2,0.0,0.0,0.5,417,50,,,656,75,319,41,313,40,391,45,,,2.0,,,,,1.64,0.0,1.64,0.55,0.0,0.0,0.0,0.0,0.0,5,0,0.0,0.0,0.0,0.0,0.0,0.0,0.0,0.0,0.0,0.0,0.0,0.0,0.0,0.0,3509.0,2451.0,0.0,0.0,0.0,0.0,0.0,0.0,0.0,0.0,0.0,0.0,0.0,0.0,0.0
624,Amario,Cozier-Duberry,Cozier-Duberry,u,Has joined Middlesbrough on loan for the rest of the season,,5.0,307,187,0.0,666,298,0.0,583,248,0,0,0,0,0,0,6,0.0,0.0,0.0,0.0,0.0,620,266,0.0,0.0,611,261,617,266,594,252,617,263,,,,,,,,0.0,0.0,0.0,0.0,0.0,0.0,0.0,0.0,0.0,5,0,0.0,0.0,0.0,0.0,0.0,0.0,0.0,0.0,0.0,0.0,0.0,0.0,0.0,0.0,0.0,6.0,0.0,0.0,0.0,0.0,0.0,0.0,0.0,0.0,0.0,0.0,0.0,0.0,0.0
149,Levi,Samuels Colwill,Colwill,a,,,4.8,414,76,0.9,195,74,1.0,228,81,1,-1,1,-2,2,1369,6001,0.2,0.6,1.0,1.0,0.8,405,141,,,161,68,231,79,232,78,220,79,,,,,,,,0.0,0.01,0.01,1.76,0.0,0.0,2.38,1.06,6.86,5,1,90.0,0.0,0.0,0.0,3.0,0.0,0.0,0.0,0.0,0.0,0.0,1.0,0.0,1.0,1391.0,6241.0,0.0,0.0,0.010000000000000002,0.009999999999999995,2.6500000000000004,15.600000000000001,2.400000000000002,2.0,1.9999999999999991,0.0,7.0,4.0,7.0
150,Mamadou,Sarr,M.Sarr,u,Has joined Real Sociedad on loan for the rest of the season,,4.5,506,125,0.0,553,188,0.0,478,183,0,0,0,0,0,0,192,0.0,0.0,0.0,0.0,0.0,540,199,0.0,0.0,527,199,523,198,481,191,532,199,,,,,,,,0.0,0.0,0.0,0.0,0.0,0.0,0.0,0.0,0.0,5,0,0.0,0.0,0.0,0.0,0.0,0.0,0.0,0.0,0.0,0.0,0.0,0.0,0.0,0.0,0.0,193.0,0.0,0.0,0.0,0.0,0.0,0.0,0.0,0.0,0.0,0.0,0.0,0.0,0.0
81,Álvaro,Rodríguez,Rodríguez,a,,,6.0,74,18,0.1,388,59,0.5,327,38,0,0,0,0,0,927,794,0.1,0.3,0.5,0.5,1.0,392,46,100.0,100.0,658,76,374,46,655,76,408,48,,,,,,,,0.0,0.0,0.0,1.62,0.0,0.0,9.0,0.0,9.0,5,0,0.0,0.0,0.0,0.0,0.0,0.0,0.0,0.0,0.0,0.0,0.0,0.0,0.0,0.0,936.0,796.0,0.0,0.0,0.0,0.0,0.0,0.0,0.0,0.0,0.0,0.0,0.0,0.0,0.0
566,António João,Pereira de Albuquerque Tavares da Silva,Silva,a,,,5.0,287,46,0.4,263,98,3.0,123,50,3,0,0,0,0,11259,5353,0.6,2.6,3.0,3.0,2.6,182,70,,,37,16,280,101,111,26,111,36,,,,,,,,0.17,0.06,0.23,1.39,0.0,0.0,1.6,1.0,11.2,5,3,90.0,0.0,0.0,0.0,1.0,0.0,0.0,0.0,1.0,0.0,0.0,1.0,0.0,8.0,11335.0,5422.0,0.0,0.0,0.019999999999999962,0.019999999999999796,1.6500000000000004,32.8,1.5,2.0,3.5999999999999996,2.0,13.0,2.0,15.0
608,Daniel,Jebbison,Jebbison,a,,,5.0,309,58,0.1,404,60,0.5,302,33,1,0,0,0,0,1012,993,0.1,0.6,0.5,0.5,1.0,355,37,,,372,36,342,44,184,30,334,36,,,,,,,,0.29,0.0,0.29,1.77,0.0,0.0,5.81,0.0,2.9,5,1,15.0,0.0,0.0,0.0,0.0,0.0,0.0,0.0,0.0,0.0,0.0,0.0,0.0,3.0,1024.0,1010.0,0.0,0.0,0.0,0.0,0.25,0.20000000000000018,0.8,4.0,0.5,0.0,0.0,0.0,0.0
97,Mathias,Jensen,Jensen,i,Unspecified injury - Expected back 10 Oct,,5.4,175,111,0.1,426,158,0.0,610,265,0,0,0,-1,1,22,732,0.0,1.1,0.0,0.0,6.0,29,13,0.0,0.0,309,136,136,87,234,121,247,109,1.0,2.0,3.0,,,,,0.11,0.46,0.57,0.64,0.0,1.36,0.0,1.36,6.82,5,0,0.0,0.0,0.0,0.0,0.0,0.0,0.0,0.0,0.0,0.0,0.0,0.0,0.0,0.0,23.0,752.0,0.0,0.0,0.0,0.0,0.0,0.0,0.0,0.0,0.0,0.0,0.0,0.0,0.0
98,Vitaly,Janelt,Janelt,a,,,5.0,257,161,2.5,112,35,3.5,100,37,3,0,0,0,0,22668,20763,0.7,5.6,3.5,3.5,5.6,38,19,,,7,4,42,35,100,55,31,22,3.0,,,,,,,0.11,0.09,0.2,1.26,0.0,0.4,0.8,1.0,12.8,5,3,90.0,0.0,0.0,1.0,0.0,0.0,0.0,0.0,0.0,0.0,0.0,1.0,0.0,13.0,23322.0,21101.0,0.0,0.030000000000000027,0.03999999999999998,0.06999999999999995,0.8300000000000001,18.0,5.799999999999997,2.0,2.599999999999998,3.0,2.0,4.0,9.0
99,Antoni,Milambo,Milambo,i,Knee injury - Unknown return date,,5.0,313,191,0.0,657,290,0.0,586,251,0,0,0,0,0,8,8,0.0,0.0,0.0,0.0,0.0,623,269,0.0,0.0,614,264,620,269,597,255,620,266,,,,,,,,0.0,0.0,0.0,0.0,0.0,0.0,0.0,0.0,0.0,5,0,0.0,0.0,0.0,0.0,0.0,0.0,0.0,0.0,0.0,0.0,0.0,0.0,0.0,0.0,8.0,8.0,0.0,0.0,0.0,0.0,0.0,0.0,0.0,0.0,0.0,0.0,0.0,0.0,0.0
100,Fábio,Freitas Gouveia Carvalho,Carvalho,a,,,5.0,272,169,0.0,552,228,3.0,121,49,6,0,0,0,0,656,192,0.6,1.2,3.0,3.0,6.0,27,12,100.0,100.0,242,102,381,190,143,76,258,115,,,,,,,,12.9,0.0,12.9,3.9,0.0,0.0,0.0,0.0,0.0,5,6,3.0,1.0,0.0,0.0,0.0,0.0,0.0,0.0,0.0,0.0,0.0,0.0,0.0,23.0,657.0,194.0,0.0,0.43,0.0,0.43,0.13,33.2,0.3,33.0,6.7,0.0,0.0,0.0,0.0
102,Yehor,Yarmoliuk,Yarmoliuk,a,,,4.8,416,254,0.6,225,71,3.5,98,35,3,0,0,-2,2,1556,3837,0.7,1.9,3.5,3.5,1.8,252,110,,,181,72,93,65,188,101,164,84,,,,,,,,0.04,0.12,0.16,1.91,0.0,0.42,1.67,0.83,10.83,5,3,68.0,0.0,0.0,1.0,0.0,0.0,0.0,0.0,0.0,0.0,0.0,1.0,0.0,19.0,1585.0,3945.0,0.0,0.03,0.06,0.09000000000000002,0.5499999999999998,23.4,21.0,7.0,5.1,2.0,3.0,5.0,10.0
108,Callum,Wilson,Wilson,a,,,5.4,166,40,0.3,293,49,0.0,606,65,0,-1,1,-1,1,1383,2693,0.0,0.6,0.0,0.0,1.0,374,41,,,376,38,278,37,240,35,335,37,,,,,,,,0.48,0.28,0.76,1.04,0.0,0.0,0.0,0.0,13.85,5,0,0.0,0.0,0.0,0.0,0.0,0.0,0.0,0.0,0.0,0.0,0.0,0.0,0.0,0.0,1400.0,2734.0,0.0,0.0,0.0,0.0,0.0,0.0,0.0,0.0,0.0,0.0,0.0,0.0,0.0
79,Francisco Evanilson,de Lima Barbosa,Evanilson,a,,,6.0,71,16,3.2,102,16,3.5,110,11,2,0,0,0,0,22508,23933,0.6,3.0,3.5,3.5,3.6,114,12,,,130,10,57,2,37,15,53,10,,,,,,,,0.18,0.11,0.29,1.37,0.0,0.42,1.06,1.06,5.73,5,2,90.0,0.0,0.0,0.0,1.0,0.0,0.0,0.0,0.0,0.0,0.0,1.0,0.0,12.0,22964.0,24378.0,0.0,0.16000000000000003,0.010000000000000009,0.16999999999999993,1.6500000000000004,11.000000000000007,3.3999999999999915,50.0,6.399999999999999,2.0,1.0,2.0,5.0
600,Ibrahim,Osman,Osman,a,,,5.0,324,198,0.0,581,239,0.5,305,147,0,0,0,0,0,119,137,0.1,0.6,0.5,0.5,1.0,358,162,,,344,159,225,123,193,106,302,137,,,,,,,,0.11,0.16,0.27,0.72,0.0,0.0,2.25,0.0,9.0,5,0,0.0,0.0,0.0,0.0,0.0,0.0,0.0,0.0,0.0,0.0,0.0,0.0,0.0,0.0,119.0,138.0,0.0,0.0,0.0,0.0,0.0,0.0,0.0,0.0,0.0,0.0,0.0,0.0,0.0
614,Jaouen,Hadjam,Hadjam,a,,,4.5,490,119,0.0,509,179,0.0,463,178,0,0,0,0,0,264,269,0.0,0.0,0.0,0.0,0.0,527,195,,,513,195,510,194,467,187,518,195,,,,,,,,0.0,0.0,0.0,0.0,0.0,0.0,0.0,0.0,0.0,5,0,0.0,0.0,0.0,0.0,0.0,0.0,0.0,0.0,0.0,0.0,0.0,0.0,0.0,0.0,266.0,270.0,0.0,0.0,0.0,0.0,0.0,0.0,0.0,0.0,0.0,0.0,0.0,0.0,0.0
639,José María,Andrés Baixauli,Andrés,a,,,5.5,164,103,0.0,508,201,6.0,42,9,8,0,0,0,0,3155,367,1.1,2.2,6.0,6.0,6.0,30,14,,,186,75,224,122,128,70,199,95,,,,,,,,0.43,0.1,0.53,1.4,0.0,0.83,0.0,0.83,10.73,5,8,84.0,1.0,0.0,1.0,0.0,0.0,0.0,0.0,0.0,0.0,0.0,1.0,0.0,27.0,3157.0,368.0,0.0,0.28,0.11,0.39,1.48,33.400000000000006,4.799999999999999,37.0,7.5,0.0,2.0,7.0,9.0
652,Femi,Azeez,Azeez,i,Hamstring injury - Expected back 10 Oct,,5.5,150,92,0.0,650,285,0.0,630,276,0,0,0,0,0,20,47,0.0,0.0,0.0,0.0,0.0,648,284,0.0,0.0,643,282,649,284,637,278,648,283,,,,,,,,0.0,0.0,0.0,0.0,0.0,0.0,0.0,0.0,0.0,5,0,0.0,0.0,0.0,0.0,0.0,0.0,0.0,0.0,0.0,0.0,0.0,0.0,0.0,0.0,20.0,47.0,0.0,0.0,0.0,0.0,0.0,0.0,0.0,0.0,0.0,0.0,0.0,0.0,0.0
658,Younes,Ibrahim,Ibrahim,a,,,4.5,534,281,0.0,589,245,0.0,499,195,0,0,0,0,0,328,226,0.0,0.0,0.0,0.0,0.0,558,229,,,545,221,541,227,502,200,550,222,,,,,,,,0.0,0.0,0.0,0.0,0.0,0.0,0.0,0.0,0.0,5,0,0.0,0.0,0.0,0.0,0.0,0.0,0.0,0.0,0.0,0.0,0.0,0.0,0.0,0.0,333.0,227.0,0.0,0.0,0.0,0.0,0.0,0.0,0.0,0.0,0.0,0.0,0.0,0.0,0.0
28,Emiliano,Martínez Romero,Martinez,a,,,5.0,242,6,4.7,78,11,2.0,169,15,2,0,0,0,0,9297,24345,0.4,1.8,2.0,2.0,2.2,215,18,,,24,4,184,1,562,62,112,1,,,,,,,,0.0,0.0,0.0,1.87,4.5,0.0,2.5,1.0,0.0,5,2,90.0,0.0,0.0,0.0,3.0,0.0,0.0,0.0,0.0,0.0,3.0,1.0,0.0,7.0,9500.0,24681.0,0.0,0.0,0.0,0.0,2.6500000000000004,26.0,10.0,0.0,3.5999999999999996,0.0,0.0,6.0,0.0
40,Morgan,Rogers,Rogers,a,,,7.8,13,9,40.9,5,1,5.0,64,19,2,1,-1,3,-3,197462,79550,0.6,3.7,5.0,5.0,5.8,37,18,,,9,6,21,20,15,8,9,8,4.0,3.0,,,,,,0.35,0.25,0.6,1.8,0.0,0.0,2.47,1.03,6.38,5,2,90.0,0.0,0.0,0.0,3.0,0.0,0.0,0.0,0.0,0.0,0.0,1.0,0.0,17.0,206185.0,80557.0,0.0,0.33000000000000007,0.07000000000000006,0.40000000000000036,2.6500000000000004,10.0,20.599999999999994,30.0,6.100000000000001,0.0,2.0,6.0,8.0
142,Reece,James,James,d,Hamstring injury - 75% chance of playing,,5.3,214,29,5.7,67,27,0.5,309,106,0,-1,1,-2,2,733,86334,0.1,0.6,0.4,0.4,0.8,407,142,75.0,75.0,172,73,146,39,97,21,146,51,1.0,1.0,,,,,,0.1,0.08,0.18,1.51,0.0,0.0,2.16,0.92,4.01,5,0,0.0,0.0,0.0,0.0,0.0,0.0,0.0,0.0,0.0,0.0,0.0,0.0,0.0,0.0,741.0,88777.0,0.0,0.0,0.0,0.0,0.0,0.0,0.0,0.0,0.0,0.0,0.0,0.0,0.0
39,Kosta,Nedeljkovic,Nedeljkovic,u,Has joined Rangers on loan for the rest of the season,,4.0,651,202,0.1,384,145,0.0,394,146,0,0,0,0,0,0,634,0.0,0.0,0.0,0.0,0.0,471,174,0.0,0.0,457,174,448,173,393,159,462,174,,,,,,,,0.0,0.0,0.0,0.0,0.0,0.0,0.0,0.0,0.0,5,0,0.0,0.0,0.0,0.0,0.0,0.0,0.0,0.0,0.0,0.0,0.0,0.0,0.0,0.0,0.0,642.0,0.0,0.0,0.0,0.0,0.0,0.0,0.0,0.0,0.0,0.0,0.0,0.0,0.0
41,Emiliano,Buendía Stati,Buendía,a,,,5.9,82,55,1.0,174,56,7.0,27,5,12,0,0,-1,1,15229,5312,1.2,3.6,7.0,7.0,4.2,84,36,,,143,48,63,52,74,45,91,48,2.0,1.0,1.0,,,,,0.21,0.05,0.26,1.76,0.0,0.22,1.8,1.12,7.63,5,12,90.0,1.0,0.0,0.0,2.0,0.0,0.0,0.0,0.0,0.0,0.0,1.0,3.0,50.0,15297.0,5596.0,0.0,0.14,0.06999999999999998,0.20999999999999996,1.5600000000000005,61.0,36.3,35.0,13.200000000000001,7.0,2.0,6.0,15.0
61,Adrien,Truffert,Truffert,a,,,5.4,195,25,3.0,104,39,2.5,151,56,2,-1,1,-1,1,5623,14157,0.5,1.9,2.5,2.5,2.0,236,90,,,69,31,73,13,127,35,78,19,,,,,,,,0.02,0.06,0.08,1.39,0.0,0.0,1.6,1.0,9.0,5,2,90.0,0.0,0.0,0.0,1.0,0.0,0.0,0.0,0.0,0.0,0.0,1.0,0.0,6.0,5695.0,14495.0,0.0,0.020000000000000004,0.05999999999999997,0.08000000000000002,1.6500000000000004,12.599999999999994,11.799999999999997,5.0,2.8999999999999986,2.0,5.0,3.0,7.0
64,Adam,Smith,Smith,a,,,4.5,428,84,0.1,391,146,1.0,219,76,2,0,0,0,0,489,565,0.2,0.9,1.0,1.0,0.8,403,139,,,205,81,140,38,304,109,221,80,,,,,,,,0.0,0.02,0.02,1.39,0.0,0.0,1.66,1.04,4.35,5,2,74.0,0.0,0.0,0.0,1.0,0.0,0.0,0.0,0.0,0.0,0.0,1.0,0.0,3.0,493.0,577.0,0.0,0.0,0.01999999999999999,0.020000000000000004,1.4000000000000004,0.0,0.7999999999999972,0.0,0.0,0.0,0.0,2.0,0.0
77,Amine,Adli,Adli,i,Calf injury - Unknown return date,,4.9,374,222,0.0,597,250,0.0,539,219,0,0,0,-1,1,31,83,0.0,0.0,0.0,0.0,0.0,586,246,0.0,0.0,575,239,575,245,542,222,581,241,,,,,,,,0.0,0.0,0.0,0.0,0.0,0.0,0.0,0.0,0.0,5,0,0.0,0.0,0.0,0.0,0.0,0.0,0.0,0.0,0.0,0.0,0.0,0.0,0.0,0.0,31.0,84.0,0.0,0.0,0.0,0.0,0.0,0.0,0.0,0.0,0.0,0.0,0.0,0.0,0.0
238,Jack,Grealish,Grealish,a,,,6.5,35,23,0.5,252,82,2.0,187,89,3,0,0,0,0,4501,3388,0.3,0.9,2.0,2.0,1.5,276,123,100.0,100.0,281,121,70,56,190,103,195,92,,,,,,,,0.01,0.29,0.3,1.11,0.0,0.67,0.67,0.67,8.67,5,3,78.0,0.0,0.0,1.0,0.0,0.0,0.0,0.0,0.0,0.0,0.0,1.0,0.0,22.0,4648.0,3439.0,0.0,0.0,0.3,0.30000000000000004,1.06,11.200000000000001,57.6,8.0,7.7,0.0,0.0,7.0,7.0
630,Taylor,Harwood-Bellis,Harwood-Bellis,a,,,4.5,467,109,0.0,576,197,0.0,449,173,0,0,0,0,0,229,217,0.0,0.0,0.0,0.0,0.0,515,192,,,501,192,497,191,448,181,506,192,,,,,,,,0.0,0.0,0.0,0.0,0.0,0.0,0.0,0.0,0.0,5,0,0.0,0.0,0.0,0.0,0.0,0.0,0.0,0.0,0.0,0.0,0.0,0.0,0.0,0.0,233.0,218.0,0.0,0.0,0.0,0.0,0.0,0.0,0.0,0.0,0.0,0.0,0.0,0.0,0.0
60,James,Hill,Hill,a,,,5.5,148,16,0.8,203,78,3.0,129,52,4,0,0,0,0,3870,3610,0.5,2.2,3.0,3.0,2.4,197,78,,,44,19,75,14,291,104,92,29,,,,,,,,0.0,0.16,0.16,1.39,0.0,0.0,1.6,1.0,10.0,5,4,90.0,0.0,0.0,0.0,1.0,0.0,0.0,0.0,0.0,0.0,0.0,1.0,0.0,15.0,3901.0,3720.0,0.0,0.0,0.020000000000000018,0.020000000000000018,1.6500000000000004,43.599999999999994,5.099999999999994,0.0,4.9,4.0,11.0,3.0,15.0
82,Caoimhín,Kelleher,Kelleher,a,,,5.0,254,8,6.1,62,9,4.5,72,9,6,0,0,0,0,23180,16407,0.9,4.0,4.5,4.5,4.0,90,8,,,46,8,591,65,568,64,186,9,,,,,,,,0.0,0.0,0.0,1.26,3.4,0.4,0.8,1.0,0.0,5,6,90.0,0.0,0.0,1.0,0.0,0.0,0.0,0.0,0.0,0.0,2.0,1.0,0.0,27.0,23254.0,16989.0,0.0,0.0,0.0,0.0,0.8300000000000001,16.400000000000006,0.0,0.0,1.5999999999999996,0.0,2.0,8.0,0.0
83,Hákon Rafn,Valdimarsson,Valdimarsson,a,,,4.5,489,41,0.1,420,49,0.0,462,63,0,0,0,0,0,340,382,0.0,0.0,0.0,0.0,0.0,526,65,,,512,65,509,52,466,50,517,65,,,,,,,,0.0,0.0,0.0,0.0,0.0,0.0,0.0,0.0,0.0,5,0,0.0,0.0,0.0,0.0,0.0,0.0,0.0,0.0,0.0,0.0,0.0,0.0,0.0,0.0,348.0,400.0,0.0,0.0,0.0,0.0,0.0,0.0,0.0,0.0,0.0,0.0,0.0,0.0,0.0
273,Dillon,Phillips,Phillips,a,,,4.0,601,60,1.4,156,23,0.0,355,33,0,0,0,0,0,3460,4218,0.0,0.0,0.0,0.0,0.0,438,36,,,424,36,413,17,357,12,428,36,,,,,,,,0.0,0.0,0.0,0.0,0.0,0.0,0.0,0.0,0.0,5,0,0.0,0.0,0.0,0.0,0.0,0.0,0.0,0.0,0.0,0.0,0.0,0.0,0.0,0.0,3510.0,4287.0,0.0,0.0,0.0,0.0,0.0,0.0,0.0,0.0,0.0,0.0,0.0,0.0,0.0
631,Ibrahim,Mbaye,Mbaye,a,,,6.0,77,51,0.1,451,173,1.0,260,126,1,0,0,0,0,1047,1243,0.2,0.3,1.0,1.0,1.0,393,187,,,332,152,238,128,197,108,301,136,,,,,,,,0.05,0.35,0.4,4.47,0.0,0.0,8.18,0.0,5.45,5,1,6.0,0.0,0.0,0.0,2.0,0.0,0.0,0.0,0.0,0.0,0.0,0.0,0.0,2.0,1088.0,1255.0,0.0,0.0,0.0,0.0,0.7799999999999999,0.0,0.0,0.0,0.0,0.0,0.0,0.0,0.0
57,Đorđe,Petrović,Petrović,a,,,4.5,475,37,3.0,105,17,1.5,198,18,2,0,0,0,0,7730,13980,0.3,2.0,1.5,1.5,1.8,250,22,,,92,17,501,51,455,46,219,18,,,,,,,,0.0,0.0,0.0,1.39,2.2,0.0,1.6,1.0,0.0,5,2,90.0,0.0,0.0,0.0,1.0,0.0,0.0,0.0,0.0,0.0,2.0,1.0,0.0,12.0,7814.0,14233.0,0.0,0.0,0.0,0.0,1.6500000000000004,18.200000000000003,0.0,0.0,1.799999999999999,0.0,0.0,12.0,0.0
59,Will,Dennis,Dennis,u,Has joined MK Dons permanently,,4.0,618,66,0.1,396,45,0.0,366,39,0,0,0,0,0,0,650,0.0,0.0,0.0,0.0,0.0,447,42,0.0,0.0,433,42,424,23,368,18,438,42,,,,,,,,0.0,0.0,0.0,0.0,0.0,0.0,0.0,0.0,0.0,5,0,0.0,0.0,0.0,0.0,0.0,0.0,0.0,0.0,0.0,0.0,0.0,0.0,0.0,0.0,0.0,660.0,0.0,0.0,0.0,0.0,0.0,0.0,0.0,0.0,0.0,0.0,0.0,0.0,0.0
139,Evan,Ferguson,Ferguson,i,Ankle injury - Expected back 10 Oct,,5.0,290,56,0.0,544,73,0.0,572,59,0,0,0,0,0,160,281,0.0,0.0,0.0,0.0,0.0,610,68,0.0,0.0,601,63,607,67,584,62,607,67,,,,,,,,0.0,0.0,0.0,0.0,0.0,0.0,0.0,0.0,0.0,5,0,0.0,0.0,0.0,0.0,0.0,0.0,0.0,0.0,0.0,0.0,0.0,0.0,0.0,0.0,161.0,283.0,0.0,0.0,0.0,0.0,0.0,0.0,0.0,0.0,0.0,0.0,0.0,0.0,0.0
328,Pascal,Struijk,Struijk,d,Hamstring injury - 75% chance of playing,,4.9,352,61,0.2,350,131,3.0,116,47,5,0,0,-1,1,654,1080,0.6,1.4,2.2,3.0,2.3,202,80,75.0,100.0,247,102,344,123,279,98,306,115,,,,,,,,0.15,0.01,0.16,1.56,0.0,0.92,0.0,0.92,9.18,5,5,85.0,0.0,0.0,1.0,0.0,0.0,0.0,0.0,1.0,0.0,0.0,1.0,0.0,24.0,656.0,1096.0,0.0,0.16,0.0,0.16,1.48,20.800000000000004,0.6,7.0,2.8,1.0,5.0,6.0,6.0
504,Luka,Vušković,Vuskovic,a,,,5.0,323,54,3.8,91,35,7.0,23,13,8,0,0,0,0,69283,16988,1.4,6.4,7.0,7.0,6.4,17,7,,,34,14,223,76,58,6,75,17,,,,,,,,0.09,0.01,0.1,1.74,0.0,0.62,1.03,1.03,8.86,5,8,90.0,0.0,0.0,1.0,0.0,0.0,0.0,0.0,0.0,0.0,0.0,1.0,0.0,27.0,69438.0,17614.0,0.0,0.0,0.0,0.0,1.629999999999999,20.599999999999994,1.6000000000000014,2.0,2.400000000000002,2.0,10.0,4.0,12.0
84,Nathan,Collins,Collins,i,Calf injury - Unknown return date,,5.4,184,22,0.9,186,71,0.0,613,209,0,0,0,-1,1,133,10677,0.0,1.9,0.0,0.0,3.3,123,51,0.0,0.0,214,86,211,69,91,17,193,70,,,,,,,,0.23,0.02,0.25,0.98,0.0,0.46,0.46,1.38,7.81,5,0,0.0,0.0,0.0,0.0,0.0,0.0,0.0,0.0,0.0,0.0,0.0,0.0,0.0,0.0,134.0,11020.0,0.0,0.0,0.0,0.0,0.0,0.0,0.0,0.0,0.0,0.0,0.0,0.0,0.0
85,Sepp,van den Berg,Van den Berg,i,Groin injury - Unknown return date,,4.9,363,66,0.1,482,173,0.0,532,195,0,0,0,-1,1,50,414,0.0,0.0,0.0,0.0,0.0,582,207,0.0,0.0,571,208,570,207,536,204,577,208,,,,,,,,0.0,0.0,0.0,0.0,0.0,0.0,0.0,0.0,0.0,5,0,0.0,0.0,0.0,0.0,0.0,0.0,0.0,0.0,0.0,0.0,0.0,0.0,0.0,0.0,50.0,419.0,0.0,0.0,0.0,0.0,0.0,0.0,0.0,0.0,0.0,0.0,0.0,0.0,0.0
86,Keane,Lewis-Potter,Lewis-Potter,a,,,5.5,141,86,1.7,136,42,2.0,176,81,3,0,0,0,0,4217,13417,0.4,4.0,2.0,2.0,4.4,75,29,,,53,18,36,31,55,34,35,25,5.0,1.0,,,,,,0.27,0.18,0.45,1.26,0.0,0.44,0.89,1.11,8.42,5,3,80.0,0.0,0.0,1.0,0.0,0.0,0.0,0.0,0.0,0.0,0.0,1.0,0.0,15.0,4280.0,13760.0,0.0,0.1499999999999999,0.010000000000000009,0.15999999999999992,0.7000000000000002,19.0,15.099999999999994,24.0,5.800000000000001,1.0,5.0,3.0,9.0
87,Kristoffer,Ajer,Ajer,a,,,4.5,447,95,3.9,88,33,4.0,81,36,7,0,0,0,0,14114,26252,0.9,4.7,4.0,4.0,4.2,80,35,,,71,32,172,52,94,19,100,31,,,,,,,,0.03,0.02,0.05,1.26,0.0,0.4,0.8,1.0,10.0,5,7,90.0,0.0,0.0,1.0,0.0,0.0,0.0,0.0,0.0,0.0,0.0,1.0,1.0,29.0,14194.0,31291.0,0.0,0.0,0.05,0.04999999999999999,0.8300000000000001,19.400000000000006,11.3,4.0,3.5,0.0,9.0,3.0,9.0
94,Kevin,Schade,Schade,a,,,6.2,59,41,12.2,33,12,12.0,2,2,9,1,-1,2,-2,456252,35437,1.9,6.3,12.0,12.0,7.8,6,3,,,20,11,126,84,7,3,19,15,,,2.0,,,,,0.31,0.06,0.37,1.27,0.0,0.4,0.81,1.01,6.85,5,9,90.0,0.0,2.0,1.0,0.0,0.0,0.0,0.0,0.0,0.0,0.0,1.0,0.0,27.0,461070.0,36356.0,0.0,0.54,0.020000000000000018,0.56,0.8300000000000001,11.399999999999977,3.5,31.0,4.599999999999998,1.0,2.0,4.0,7.0
96,Mikkel,Damsgaard,Damsgaard,d,Unspecified injury - 75% chance of playing,,5.4,185,116,0.4,265,88,2.0,174,79,3,0,0,-1,1,1829,2802,0.4,3.0,1.5,2.0,3.2,131,51,75.0,,200,86,31,27,115,65,82,47,2.0,3.0,,,,,,0.05,0.23,0.28,0.97,0.0,0.64,0.32,0.95,9.86,5,3,86.0,0.0,0.0,1.0,0.0,0.0,0.0,0.0,0.0,0.0,0.0,1.0,0.0,15.0,1851.0,2881.0,0.0,0.04000000000000001,0.27999999999999997,0.32000000000000006,0.7000000000000002,13.199999999999996,23.200000000000003,5.0,4.099999999999998,4.0,2.0,4.0,10.0
208,Ismaïla,Sarr,Sarr,a,,,6.2,56,38,0.6,227,72,0.5,329,162,1,0,0,-3,3,2992,2539,0.1,0.2,0.5,0.5,1.0,394,188,100.0,100.0,660,294,375,187,658,293,409,192,,,2.0,,,,,0.0,0.11,0.11,0.68,0.0,0.0,0.0,0.0,0.0,5,1,8.0,0.0,0.0,0.0,0.0,0.0,0.0,0.0,0.0,0.0,0.0,0.0,0.0,3.0,3047.0,2662.0,0.0,0.0,0.01,0.01,0.06,0.0,0.5,0.0,0.1,0.0,0.0,0.0,0.0
242,Tyrique,George,George,a,,,5.5,161,101,0.9,192,61,2.0,180,85,1,0,0,0,0,2814,12320,0.4,3.5,2.0,2.0,3.8,106,42,,,150,55,54,44,54,33,66,41,,,,,,,,0.1,0.09,0.19,1.08,0.0,0.58,0.87,1.17,5.24,5,1,11.0,0.0,0.0,0.0,0.0,0.0,0.0,0.0,0.0,0.0,0.0,0.0,0.0,4.0,3513.0,12428.0,0.0,0.02999999999999997,0.010000000000000009,0.040000000000000036,0.3799999999999999,0.3999999999999986,0.7999999999999972,4.0,0.5,0.0,0.0,2.0,2.0
50,Bradley,Burrowes,Burrowes,a,,,4.5,532,279,0.6,241,77,0.0,497,193,0,0,0,0,0,686,3724,0.0,0.0,0.0,0.0,0.0,556,227,,,543,219,539,225,500,198,548,220,,,,,,,,0.0,0.0,0.0,0.0,0.0,0.0,0.0,0.0,0.0,5,0,0.0,0.0,0.0,0.0,0.0,0.0,0.0,0.0,0.0,0.0,0.0,0.0,0.0,0.0,694.0,3792.0,0.0,0.0,0.0,0.0,0.0,0.0,0.0,0.0,0.0,0.0,0.0,0.0,0.0
51,George,Hemmings,George Hemmings,a,,,4.5,509,267,1.2,164,50,1.0,223,102,1,0,0,0,0,3568,11079,0.2,2.0,1.0,1.0,1.8,251,109,,,265,111,148,94,166,89,222,102,,,,,,,,0.02,0.05,0.07,1.9,0.0,0.3,2.12,1.21,5.76,5,1,18.0,0.0,0.0,0.0,2.0,0.0,0.0,0.0,0.0,0.0,0.0,0.0,0.0,2.0,3700.0,11315.0,0.0,0.0,0.0,0.0,0.8700000000000001,0.0,1.2000000000000028,0.0,0.0,0.0,0.0,0.0,0.0
55,Ollie,Watkins,Watkins,u,Has joined Al Hilal permanently,,7.8,12,3,2.5,117,19,0.0,661,78,0,0,0,-2,2,0,14344,0.0,0.0,0.0,0.0,0.0,666,79,0.0,0.0,667,79,667,79,667,79,667,79,,,,,,,,0.0,0.0,0.0,0.0,0.0,0.0,0.0,0.0,0.0,5,0,0.0,0.0,0.0,0.0,0.0,0.0,0.0,0.0,0.0,0.0,0.0,0.0,0.0,0.0,0.0,14669.0,0.0,0.0,0.0,0.0,0.0,0.0,0.0,0.0,0.0,0.0,0.0,0.0,0.0
56,Tammy,Abraham,Abraham,a,,,5.5,131,35,0.2,336,53,1.0,253,27,1,0,0,0,0,1963,1956,0.2,0.7,1.0,1.0,1.0,384,44,100.0,100.0,377,39,294,38,333,43,375,42,,,,,,,,0.0,0.0,0.0,3.41,0.0,0.0,3.8,0.0,2.54,5,1,2.0,0.0,0.0,0.0,1.0,0.0,0.0,0.0,0.0,0.0,0.0,0.0,0.0,3.0,2010.0,1985.0,0.0,0.0,0.0,0.0,0.43000000000000016,0.0,2.4000000000000004,0.0,0.20000000000000007,0.0,0.0,0.0,0.0
160,Alejandro,Garnacho Ferreyra,Garnacho,a,,,5.8,107,68,0.3,287,97,0.0,639,284,0,0,0,-2,2,627,3016,0.0,0.5,0.0,0.0,1.0,391,186,,,396,185,320,162,646,286,388,182,,,,,,,,0.0,0.0,0.0,1.42,0.0,0.0,0.0,0.0,5.81,5,0,0.0,0.0,0.0,0.0,0.0,0.0,0.0,0.0,0.0,0.0,0.0,0.0,0.0,0.0,628.0,3065.0,0.0,0.0,0.0,0.0,0.0,0.0,0.0,0.0,0.0,0.0,0.0,0.0,0.0
166,Nicolas,Jackson,N.Jackson,a,,,6.5,42,11,1.6,143,23,3.0,136,13,6,0,0,0,0,44809,9910,0.5,1.5,3.0,3.0,2.5,191,19,,,210,17,165,18,53,17,136,18,,,2.0,,,,,0.21,0.19,0.4,0.87,0.0,0.31,0.63,1.26,2.83,5,6,87.0,1.0,0.0,0.0,1.0,0.0,0.0,0.0,1.0,0.0,0.0,1.0,1.0,31.0,45079.0,10251.0,0.0,0.44000000000000006,0.020000000000000018,0.4600000000000001,1.13,37.4,11.399999999999999,52.0,10.100000000000001,0.0,1.0,3.0,4.0
582,Brian,Madjo,Madjo,i,Unspecified injury - Unknown return date,,5.4,208,47,0.2,331,52,0.0,623,69,0,0,0,-1,1,330,2036,0.0,0.0,0.0,0.0,0.0,641,75,0.0,0.0,636,71,639,75,626,72,641,75,,,,,,,,0.0,0.0,0.0,0.0,0.0,0.0,0.0,0.0,0.0,5,0,0.0,0.0,0.0,0.0,0.0,0.0,0.0,0.0,0.0,0.0,0.0,0.0,0.0,0.0,331.0,2071.0,0.0,0.0,0.0,0.0,0.0,0.0,0.0,0.0,0.0,0.0,0.0,0.0,0.0
597,Zion,Suzuki,Suzuki,a,,,5.0,274,11,1.9,126,19,2.0,171,16,2,0,0,0,0,15614,7785,0.4,3.2,2.0,2.0,4.0,91,9,,,50,9,600,68,577,67,188,10,,,,,,,,0.0,0.0,0.0,1.36,3.75,0.25,1.25,1.0,0.0,5,2,90.0,0.0,0.0,0.0,2.0,0.0,0.0,0.0,0.0,0.0,5.0,1.0,0.0,17.0,15748.0,7948.0,0.0,0.0,0.0,0.0,1.56,36.19999999999999,0.0,0.0,3.5999999999999996,0.0,3.0,12.0,0.0
607,Luka,Lynch,Lynch,u,Has joined Oxford United on loan until January,,4.5,505,266,0.1,477,184,0.0,477,183,0,0,0,0,0,0,758,0.0,0.0,0.0,0.0,0.0,539,218,0.0,0.0,526,210,522,216,480,188,531,211,,,,,,,,0.0,0.0,0.0,0.0,0.0,0.0,0.0,0.0,0.0,5,0,0.0,0.0,0.0,0.0,0.0,0.0,0.0,0.0,0.0,0.0,0.0,0.0,0.0,0.0,0.0,766.0,0.0,0.0,0.0,0.0,0.0,0.0,0.0,0.0,0.0,0.0,0.0,0.0,0.0
30,Lucas,Digne,Digne,u,Has joined Paris Saint-Germain permanently,,4.5,435,87,0.0,499,178,0.0,436,167,0,0,0,0,0,0,264,0.0,0.0,0.0,0.0,0.0,502,186,0.0,0.0,488,186,482,185,432,174,493,186,,,,,,,,0.0,0.0,0.0,0.0,0.0,0.0,0.0,0.0,0.0,5,0,0.0,0.0,0.0,0.0,0.0,0.0,0.0,0.0,0.0,0.0,0.0,0.0,0.0,0.0,0.0,265.0,0.0,0.0,0.0,0.0,0.0,0.0,0.0,0.0,0.0,0.0,0.0,0.0,0.0
32,Matty,Cash,Cash,a,,,4.4,551,139,4.8,76,30,-0.5,662,214,-1,0,0,-1,1,3209,28670,-0.1,1.4,-0.5,-0.5,1.5,270,96,100.0,100.0,232,93,212,70,230,76,246,94,3.0,,,,,,,0.05,0.01,0.06,1.81,0.0,0.3,2.13,0.91,5.17,5,-1,45.0,0.0,0.0,0.0,2.0,0.0,0.0,0.0,1.0,0.0,0.0,0.0,0.0,-7.0,3313.0,29211.0,0.0,0.0,0.0,0.0,0.9199999999999999,4.0,3.1000000000000014,0.0,0.7000000000000002,0.0,3.0,0.0,3.0
34,Pau,Torres,Pau,i,Hamstring injury - Expected back 10 Oct,,4.4,557,144,0.3,297,108,0.5,276,93,0,-1,1,-1,1,52,3522,0.1,0.7,0.0,0.0,1.0,314,119,0.0,0.0,318,121,335,121,318,118,360,125,,,,,,,,0.0,0.0,0.0,2.31,0.0,0.0,2.41,1.44,4.33,5,0,0.0,0.0,0.0,0.0,0.0,0.0,0.0,0.0,0.0,0.0,0.0,0.0,0.0,0.0,52.0,3661.0,0.0,0.0,0.0,0.0,0.0,0.0,0.0,0.0,0.0,0.0,0.0,0.0,0.0
36,Ian,Maatsen,Maatsen,i,Ankle injury - Unknown return date,,4.4,560,147,0.5,251,94,0.5,277,94,0,-1,1,-1,1,56,7189,0.1,2.0,0.0,0.0,2.2,207,83,0.0,0.0,236,95,200,65,109,24,207,74,,,,,,,,0.08,0.12,0.2,1.76,0.0,0.27,1.88,1.07,6.45,5,0,0.0,0.0,0.0,0.0,0.0,0.0,0.0,0.0,0.0,0.0,0.0,0.0,0.0,0.0,56.0,7547.0,0.0,0.0,0.0,0.0,0.0,0.0,0.0,0.0,0.0,0.0,0.0,0.0,0.0
52,Alysson Edward Franco,da Rocha dos Santos,Alysson,d,Unspecified injury - 75% chance of playing,,5.0,329,200,0.0,500,195,3.0,125,51,0,0,0,0,0,71,858,0.6,1.6,2.2,3.0,2.0,234,103,75.0,,218,94,305,156,168,91,249,111,,,,,,,,0.06,0.0,0.06,2.48,0.0,0.0,2.07,0.0,8.28,5,0,0.0,0.0,0.0,0.0,0.0,0.0,0.0,0.0,0.0,0.0,0.0,0.0,0.0,0.0,83.0,861.0,0.0,0.0,0.0,0.0,0.0,0.0,0.0,0.0,0.0,0.0,0.0,0.0,0.0
152,Marco,Palestra,Palestra,d,Thigh injury - 50% chance of playing,,5.3,236,33,0.6,230,88,0.0,605,206,0,0,0,-2,2,326,4561,0.0,0.0,0.0,0.0,0.0,634,214,50.0,50.0,628,215,631,215,617,213,633,215,,,,,,,,0.0,0.0,0.0,0.0,0.0,0.0,0.0,0.0,0.0,5,0,0.0,0.0,0.0,0.0,0.0,0.0,0.0,0.0,0.0,0.0,0.0,0.0,0.0,0.0,327.0,4810.0,0.0,0.0,0.0,0.0,0.0,0.0,0.0,0.0,0.0,0.0,0.0,0.0,0.0
650,David,Affengruber,Affengruber,a,,,4.5,472,113,0.1,397,148,6.0,39,23,4,0,0,0,0,11561,2609,1.3,2.7,6.0,6.0,6.0,26,11,,,193,79,244,86,453,185,260,98,,,,,,,,0.0,0.01,0.01,1.44,0.0,0.5,0.5,1.0,11.5,5,4,90.0,0.0,0.0,0.0,1.0,0.0,0.0,0.0,0.0,0.0,0.0,1.0,0.0,17.0,11586.0,2615.0,0.0,0.0,0.02,0.02,1.5999999999999999,32.4,11.3,0.0,4.3999999999999995,2.0,9.0,4.0,11.0
26,Kai,Havertz,Havertz,d,Hamstring injury - 75% chance of playing,,7.6,17,6,8.0,47,8,1.5,212,23,2,0,0,1,-1,51358,85742,0.2,2.5,1.1,1.5,3.8,108,11,75.0,,99,8,71,4,6,4,23,5,,,,,,,,0.34,0.08,0.42,0.81,0.0,0.62,0.82,1.03,2.68,5,2,90.0,0.0,0.0,0.0,3.0,0.0,0.0,0.0,0.0,0.0,0.0,1.0,0.0,5.0,54074.0,86707.0,0.0,0.7799999999999999,0.020000000000000018,0.8,1.31,5.200000000000003,5.299999999999997,28.0,3.900000000000002,0.0,2.0,1.0,3.0
452,Bruno,Guimarães Rodriguez Moura,Bruno G.,a,,,6.7,32,21,1.8,132,40,4.0,94,34,1,0,0,-3,3,7185,8631,0.6,1.3,4.0,4.0,3.0,158,67,100.0,100.0,213,91,290,145,200,111,261,116,4.0,,4.0,,,,,0.07,0.12,0.19,1.6,0.0,0.0,2.2,0.73,8.78,5,1,59.0,0.0,0.0,0.0,3.0,0.0,0.0,0.0,0.0,0.0,0.0,1.0,0.0,12.0,7297.0,8715.0,0.0,0.0,0.010000000000000009,0.010000000000000009,0.6100000000000001,4.200000000000003,1.7999999999999998,6.0,1.1999999999999993,0.0,2.0,4.0,6.0
557,Christos,Tzolis,Tzolis,d,Hamstring injury - 75% chance of playing,,6.3,47,32,11.7,35,14,2.5,157,70,2,-1,1,-2,2,12609,180668,0.4,2.5,1.9,2.5,3.2,132,52,75.0,,171,67,33,28,105,59,76,45,3.0,,,,,,,0.05,0.14,0.19,0.68,0.0,0.5,0.99,1.24,5.72,5,2,72.0,0.0,0.0,0.0,3.0,0.0,0.0,0.0,0.0,0.0,0.0,1.0,0.0,9.0,13015.0,187001.0,0.0,0.0,0.07000000000000006,0.06999999999999995,0.77,5.0,6.199999999999989,6.0,1.6999999999999993,1.0,1.0,1.0,3.0
29,Marco,Bizot,M.Bizot,i,Back injury - Expected back 10 Oct,,4.5,430,24,0.1,400,47,0.0,434,53,0,0,0,0,0,74,1131,0.0,0.2,0.0,0.0,1.0,318,24,0.0,0.0,259,22,479,38,429,33,326,22,,,,,,,,0.0,0.0,0.0,3.77,3.0,0.0,4.0,1.0,0.0,5,0,0.0,0.0,0.0,0.0,0.0,0.0,0.0,0.0,0.0,0.0,0.0,0.0,0.0,0.0,74.0,1156.0,0.0,0.0,0.0,0.0,0.0,0.0,0.0,0.0,0.0,0.0,0.0,0.0,0.0
35,Lamare,Bogarde,Bogarde,a,,,4.9,382,227,0.1,480,187,0.0,544,223,0,-1,1,-1,1,188,472,0.0,0.2,0.0,0.0,1.0,342,150,,,385,178,372,185,545,223,394,183,,,,,,,,0.0,0.0,0.0,1.24,0.0,0.0,0.0,0.0,5.62,5,0,0.0,0.0,0.0,0.0,0.0,0.0,0.0,0.0,0.0,0.0,0.0,0.0,0.0,0.0,192.0,478.0,0.0,0.0,0.0,0.0,0.0,0.0,0.0,0.0,0.0,0.0,0.0,0.0,0.0
68,Marcus,Tavernier,Tavernier,a,,,6.1,61,42,6.8,56,18,5.0,63,18,2,0,0,1,-1,99103,54549,0.8,5.1,5.0,5.0,6.2,23,10,,,8,5,18,17,11,6,6,5,1.0,1.0,3.0,,,,,0.36,0.2,0.56,1.39,0.0,0.0,1.7,1.06,8.92,5,2,74.0,0.0,0.0,0.0,1.0,0.0,0.0,0.0,0.0,0.0,0.0,1.0,0.0,14.0,102439.0,55392.0,0.0,0.0,0.10999999999999999,0.11000000000000032,1.4000000000000004,10.800000000000011,19.099999999999994,4.0,3.3999999999999986,3.0,0.0,3.0,6.0
69,Alex,Scott,Scott,d,Thigh injury - 50% chance of playing,,6.1,64,45,5.6,70,24,3.0,135,58,2,0,0,1,-1,26425,59490,0.5,4.9,1.5,3.0,6.0,34,16,50.0,,76,23,17,16,84,50,32,23,2.0,4.0,,,,,,0.13,0.08,0.21,1.38,0.0,0.2,1.41,1.01,12.11,5,2,90.0,0.0,0.0,0.0,1.0,0.0,0.0,0.0,0.0,0.0,0.0,1.0,0.0,17.0,26984.0,60148.0,0.0,0.12,0.07,0.19000000000000006,1.6500000000000004,8.200000000000003,40.5,13.0,6.199999999999999,0.0,0.0,8.0,8.0
78,Junior,Kroupi,Kroupi.Jr,i,Foot injury - Expected back 7 Nov,,7.4,21,13,0.2,347,125,0.0,660,297,0,0,0,-1,1,230,992,0.0,0.0,0.0,0.0,0.0,665,298,0.0,0.0,666,298,666,298,666,298,666,298,,,1.0,,,,,0.0,0.0,0.0,0.0,0.0,0.0,0.0,0.0,0.0,5,0,0.0,0.0,0.0,0.0,0.0,0.0,0.0,0.0,0.0,0.0,0.0,0.0,0.0,0.0,230.0,1007.0,0.0,0.0,0.0,0.0,0.0,0.0,0.0,0.0,0.0,0.0,0.0,0.0,0.0
44,Leon,Bailey,Bailey,u,Has joined Olympiakos permanently,,5.4,177,112,0.1,496,194,0.0,611,266,0,0,0,-1,1,0,546,0.0,0.0,0.0,0.0,0.0,636,276,0.0,0.0,630,274,633,276,620,269,635,275,,,,,,,,0.0,0.0,0.0,0.0,0.0,0.0,0.0,0.0,0.0,5,0,0.0,0.0,0.0,0.0,0.0,0.0,0.0,0.0,0.0,0.0,0.0,0.0,0.0,0.0,0.0,555.0,0.0,0.0,0.0,0.0,0.0,0.0,0.0,0.0,0.0,0.0,0.0,0.0,0.0
45,John,McGinn,McGinn,a,,,5.4,167,105,2.2,123,37,6.0,40,7,6,0,0,-1,1,8434,10322,1.1,3.1,6.0,6.0,3.4,121,48,,,184,74,56,46,221,119,147,74,1.0,,,,,,,0.16,0.05,0.21,1.72,0.0,0.41,1.45,1.04,6.22,5,6,83.0,0.0,1.0,1.0,0.0,0.0,0.0,0.0,0.0,0.0,0.0,1.0,0.0,19.0,8585.0,10614.0,0.0,0.0,0.03999999999999998,0.040000000000000036,0.7799999999999994,23.0,33.50000000000001,0.0,5.700000000000001,0.0,2.0,4.0,6.0
47,Boubacar,Kamara,Kamara,a,,,5.0,266,166,0.3,289,98,4.0,86,28,6,0,0,0,0,1494,1797,0.8,3.0,4.0,4.0,3.0,141,56,100.0,100.0,138,46,78,58,289,149,156,81,,,,,,,,0.02,0.03,0.05,1.71,0.0,0.41,1.42,1.02,7.31,5,6,83.0,0.0,1.0,1.0,0.0,0.0,0.0,0.0,0.0,0.0,0.0,1.0,0.0,26.0,1507.0,1843.0,0.0,0.12,0.010000000000000009,0.13000000000000003,0.7799999999999994,21.0,13.199999999999996,4.0,3.8000000000000007,2.0,1.0,3.0,6.0
48,Amadou,Onana,Onana,i,Knee injury - Unknown return date,,4.9,365,217,0.0,588,244,0.0,534,215,0,0,0,-1,1,54,104,0.0,0.0,0.0,0.0,0.0,583,243,0.0,0.0,572,236,571,242,538,219,578,238,,,,,,,,0.0,0.0,0.0,0.0,0.0,0.0,0.0,0.0,0.0,5,0,0.0,0.0,0.0,0.0,0.0,0.0,0.0,0.0,0.0,0.0,0.0,0.0,0.0,0.0,55.0,104.0,0.0,0.0,0.0,0.0,0.0,0.0,0.0,0.0,0.0,0.0,0.0,0.0,0.0
49,Samuel,Iling-Junior,Iling Jr,u,Has joined Bolton Wanderers on loan for the rest of the season,,5.0,284,173,0.0,661,294,0.0,569,240,0,0,0,0,0,0,12,0.0,0.0,0.0,0.0,0.0,607,259,0.0,0.0,598,254,603,259,580,245,604,256,,,,,,,,0.0,0.0,0.0,0.0,0.0,0.0,0.0,0.0,0.0,5,0,0.0,0.0,0.0,0.0,0.0,0.0,0.0,0.0,0.0,0.0,0.0,0.0,0.0,0.0,0.0,12.0,0.0,0.0,0.0,0.0,0.0,0.0,0.0,0.0,0.0,0.0,0.0,0.0,0.0
115,Maxim,De Cuyper,De Cuyper,a,,,5.0,283,45,28.1,10,2,8.5,9,4,6,1,-1,5,-5,343210,28342,1.7,7.6,8.5,8.5,7.6,8,3,,,61,26,8,1,79,12,22,1,2.0,4.0,,,,,,0.33,0.14,0.47,1.83,0.0,0.64,1.06,1.06,3.4,5,6,90.0,0.0,0.0,1.0,0.0,0.0,0.0,0.0,1.0,0.0,0.0,1.0,1.0,30.0,346503.0,30567.0,0.0,0.020000000000000018,0.23000000000000004,0.2500000000000002,1.63,14.600000000000009,33.80000000000001,4.0,5.199999999999996,4.0,3.0,4.0,7.0
118,Igor Julio,dos Santos de Paulo,Igor,u,Has joined Burnley permanently,,4.5,456,101,0.0,518,181,0.0,444,169,0,0,0,0,0,0,327,0.0,0.0,0.0,0.0,0.0,510,188,0.0,0.0,496,188,491,187,442,177,501,188,,,,,,,,0.0,0.0,0.0,0.0,0.0,0.0,0.0,0.0,0.0,5,0,0.0,0.0,0.0,0.0,0.0,0.0,0.0,0.0,0.0,0.0,0.0,0.0,0.0,0.0,0.0,333.0,0.0,0.0,0.0,0.0,0.0,0.0,0.0,0.0,0.0,0.0,0.0,0.0,0.0
129,Yasin,Ayari,Ayari,a,,,5.4,201,127,0.4,276,93,5.5,53,15,3,0,0,-1,1,2767,2327,1.0,2.8,5.5,5.5,3.8,104,41,100.0,100.0,174,69,121,81,65,40,116,62,4.0,2.0,,,,,,0.19,0.05,0.24,1.52,0.0,0.81,0.27,1.08,5.68,5,3,90.0,0.0,0.0,1.0,0.0,0.0,0.0,0.0,0.0,0.0,0.0,1.0,0.0,7.0,2786.0,2377.0,0.0,0.10999999999999999,0.07999999999999999,0.19000000000000006,1.63,5.600000000000001,12.299999999999997,17.0,3.4999999999999982,1.0,2.0,4.0,7.0
130,Mats,Wieffer,Wieffer,i,Knee injury - Unknown return date,,4.9,369,67,0.2,351,132,0.0,537,196,0,0,0,-1,1,35,2218,0.0,1.4,0.0,0.0,3.5,119,48,0.0,0.0,230,91,170,50,255,87,231,84,,,,,,,,0.07,0.08,0.15,1.83,0.0,0.58,2.31,1.15,8.65,5,0,0.0,0.0,0.0,0.0,0.0,0.0,0.0,0.0,0.0,0.0,0.0,0.0,0.0,0.0,35.0,2270.0,0.0,0.0,0.0,0.0,0.0,0.0,0.0,0.0,0.0,0.0,0.0,0.0,0.0
22,Ethan,Nwaneri,Nwaneri,u,Has joined Borussia Dortmund on loan for the rest of the season,,5.4,199,125,0.0,633,270,0.0,618,269,0,0,0,-1,1,0,58,0.0,0.0,0.0,0.0,0.0,638,278,0.0,0.0,633,276,636,278,623,271,638,277,,,,,,,,0.0,0.0,0.0,0.0,0.0,0.0,0.0,0.0,0.0,5,0,0.0,0.0,0.0,0.0,0.0,0.0,0.0,0.0,0.0,0.0,0.0,0.0,0.0,0.0,0.0,58.0,0.0,0.0,0.0,0.0,0.0,0.0,0.0,0.0,0.0,0.0,0.0,0.0,0.0
24,Reiss,Nelson,Nelson,u,has departed the club as a free agent.,,5.5,134,81,0.0,642,277,0.0,626,272,0,0,0,0,0,0,25,0.0,0.0,0.0,0.0,0.0,644,280,0.0,0.0,639,278,644,280,631,273,644,279,,,,,,,,0.0,0.0,0.0,0.0,0.0,0.0,0.0,0.0,0.0,5,0,0.0,0.0,0.0,0.0,0.0,0.0,0.0,0.0,0.0,0.0,0.0,0.0,0.0,0.0,0.0,25.0,0.0,0.0,0.0,0.0,0.0,0.0,0.0,0.0,0.0,0.0,0.0,0.0,0.0
25,Viktor,Gyökeres,Gyökeres,a,,,7.1,24,8,3.3,101,15,0.5,332,40,1,-1,1,-4,4,24552,19482,0.1,0.3,0.5,0.5,1.0,399,47,,,664,77,242,28,664,77,367,41,,,2.0,,,,,0.0,0.71,0.71,2.02,0.0,0.0,0.0,0.0,3.1,5,1,17.0,0.0,0.0,0.0,0.0,0.0,0.0,0.0,0.0,0.0,0.0,0.0,0.0,5.0,24600.0,20020.0,0.0,0.0,0.23,0.23,0.54,0.0,14.6,0.0,1.4,0.0,0.0,0.0,0.0
606,Triston,Rowe,Rowe,a,,,4.0,645,196,0.2,360,137,0.0,389,141,0,0,0,0,0,349,975,0.0,0.0,0.0,0.0,0.0,466,169,,,452,169,443,168,388,154,457,169,,,,,,,,0.0,0.0,0.0,0.0,0.0,0.0,0.0,0.0,0.0,5,0,0.0,0.0,0.0,0.0,0.0,0.0,0.0,0.0,0.0,0.0,0.0,0.0,0.0,0.0,361.0,983.0,0.0,0.0,0.0,0.0,0.0,0.0,0.0,0.0,0.0,0.0,0.0,0.0,0.0
660,Benjamin,Fredrick,Fredrick,a,,,4.0,655,205,0.0,616,209,0.0,397,148,0,0,0,0,0,576,75,0.0,0.0,1.1,1.1,0.0,474,176,,,460,176,451,175,396,161,465,176,,,,,,,,0.0,0.0,0.0,0.0,0.0,0.0,0.0,0.0,0.0,5,0,0.0,0.0,0.0,0.0,0.0,0.0,0.0,0.0,0.0,0.0,0.0,0.0,0.0,0.0,576.0,75.0,0.0,0.0,0.0,0.0,0.0,0.0,0.0,0.0,0.0,0.0,0.0,0.0,0.0
109,Bart,Verbruggen,Verbruggen,a,,,4.5,482,40,21.6,16,2,7.0,21,3,6,0,0,0,0,85953,86399,1.6,5.1,7.0,7.0,4.6,70,6,,,52,10,321,4,459,49,185,8,,,,,,,,0.0,0.04,0.04,1.73,2.4,0.6,1.0,1.0,0.0,5,6,90.0,0.0,0.0,1.0,0.0,0.0,0.0,0.0,0.0,0.0,2.0,1.0,0.0,27.0,86823.0,88639.0,0.0,0.0,0.0,0.0,1.63,20.0,0.0,0.0,2.0,0.0,0.0,4.0,0.0
111,Jason,Steele,Steele,a,,,4.0,589,51,4.1,83,13,0.0,343,24,0,0,0,0,0,8302,17122,0.0,0.0,0.0,0.0,0.0,427,27,,,413,27,401,8,345,3,417,27,,,,,,,,0.0,0.0,0.0,0.0,0.0,0.0,0.0,0.0,0.0,5,0,0.0,0.0,0.0,0.0,0.0,0.0,0.0,0.0,0.0,0.0,0.0,0.0,0.0,0.0,8573.0,17333.0,0.0,0.0,0.0,0.0,0.0,0.0,0.0,0.0,0.0,0.0,0.0,0.0,0.0
113,Ferdi,Kadıoğlu,F.Kadıoğlu,a,,,4.4,554,142,1.6,145,58,5.5,48,25,5,0,0,-1,1,4866,8227,1.2,3.0,5.5,5.5,3.2,124,52,100.0,100.0,250,105,98,23,146,41,179,64,3.0,,,,,,,0.03,0.04,0.07,2.05,0.0,0.54,1.36,1.08,2.71,5,5,75.0,0.0,0.0,1.0,0.0,0.0,0.0,0.0,1.0,0.0,0.0,1.0,0.0,18.0,4920.0,8515.0,0.0,0.039999999999999994,0.020000000000000004,0.06,0.8899999999999997,9.399999999999999,13.5,5.0,2.799999999999999,0.0,3.0,3.0,3.0
37,Victor,Lindelöf,Lindelöf,a,,,4.5,446,94,0.3,284,105,1.0,220,77,1,0,0,0,0,1395,1548,0.2,1.8,1.0,1.0,1.6,263,93,,,123,56,163,44,132,37,142,49,,,,,,,,0.09,0.03,0.12,1.84,0.0,0.2,1.8,1.0,4.4,5,1,90.0,0.0,0.0,0.0,2.0,0.0,0.0,0.0,0.0,0.0,0.0,1.0,0.0,1.0,1427.0,1576.0,0.0,0.0,0.0,0.0,1.5600000000000005,18.800000000000004,9.999999999999996,0.0,2.9000000000000004,0.0,6.0,2.0,6.0
38,Andrés,García,A.García,a,,,4.0,654,204,1.5,148,59,0.0,396,147,0,0,0,0,0,2030,6767,0.0,0.0,0.0,0.0,0.0,473,175,,,459,175,450,174,395,160,464,175,,,,,,,,0.0,0.0,0.0,0.0,0.0,0.0,0.0,0.0,0.0,5,0,0.0,0.0,0.0,0.0,0.0,0.0,0.0,0.0,0.0,0.0,0.0,0.0,0.0,0.0,2068.0,6873.0,0.0,0.0,0.0,0.0,0.0,0.0,0.0,0.0,0.0,0.0,0.0,0.0,0.0
121,Mitoma,Kaoru,Mitoma,i,Hamstring injury - Expected back 10 Oct,,5.9,88,58,0.0,542,221,0.0,645,287,0,0,0,-1,1,149,194,0.0,0.0,0.0,0.0,0.0,656,291,0.0,0.0,653,290,657,291,651,289,657,291,,,,,,,,0.0,0.0,0.0,0.0,0.0,0.0,0.0,0.0,0.0,5,0,0.0,0.0,0.0,0.0,0.0,0.0,0.0,0.0,0.0,0.0,0.0,0.0,0.0,0.0,149.0,194.0,0.0,0.0,0.0,0.0,0.0,0.0,0.0,0.0,0.0,0.0,0.0,0.0,0.0
126,Matt,O'Riley,O'Riley,a,,,5.4,178,113,0.1,419,153,1.0,249,118,1,0,0,-1,1,475,612,0.2,0.4,1.0,1.0,1.0,377,176,,,337,156,274,140,195,107,313,142,,,3.0,,,,,2.52,0.09,2.61,1.62,0.0,0.0,0.0,0.0,27.0,5,1,4.0,0.0,0.0,0.0,0.0,0.0,0.0,0.0,0.0,0.0,0.0,0.0,0.0,2.0,477.0,617.0,0.0,0.28,0.0,0.27999999999999997,0.13999999999999999,5.999999999999999,0.0,19.0,2.5,0.0,2.0,0.0,2.0
127,Diego,Gómez Amarilla,Gomez,a,,,5.0,304,184,3.9,87,30,5.5,52,14,8,0,0,0,0,14021,44152,1.1,4.8,5.5,5.5,4.8,65,26,,,108,33,40,33,18,10,28,19,,5.0,,,,,,0.16,0.16,0.32,1.76,0.0,0.62,1.04,1.04,7.48,5,8,85.0,0.0,1.0,1.0,0.0,0.0,0.0,0.0,0.0,0.0,0.0,1.0,0.0,19.0,14141.0,46096.0,0.0,0.0,0.020000000000000018,0.020000000000000018,1.4800000000000004,29.0,22.60000000000001,4.0,5.599999999999998,5.0,1.0,7.0,13.0
128,Facundo,Buonanotte,Buonanotte,u,Has joined Elche on loan for the rest of the season,,5.0,312,190,0.0,658,291,0.0,585,250,0,0,0,0,0,0,8,0.0,0.0,0.0,0.0,0.0,622,268,0.0,0.0,613,263,619,268,596,254,619,265,,,,,,,,0.0,0.0,0.0,0.0,0.0,0.0,0.0,0.0,0.0,5,0,0.0,0.0,0.0,0.0,0.0,0.0,0.0,0.0,0.0,0.0,0.0,0.0,0.0,0.0,0.0,8.0,0.0,0.0,0.0,0.0,0.0,0.0,0.0,0.0,0.0,0.0,0.0,0.0,0.0
221,Joél,Drakes-Thomas,Drakes-Thomas,a,,,4.4,576,297,0.1,463,180,0.0,431,174,0,-1,1,-1,1,170,475,0.0,0.0,0.0,0.0,0.0,498,209,,,484,201,476,207,426,179,489,202,,,,,,,,0.0,0.0,0.0,0.0,0.0,0.0,0.0,0.0,0.0,5,0,0.0,0.0,0.0,0.0,0.0,0.0,0.0,0.0,0.0,0.0,0.0,0.0,0.0,0.0,171.0,479.0,0.0,0.0,0.0,0.0,0.0,0.0,0.0,0.0,0.0,0.0,0.0,0.0,0.0
224,Eddie,Nketiah,Nketiah,a,,,5.5,137,36,0.5,246,39,0.5,322,37,1,0,0,0,0,1484,3781,0.1,1.5,0.5,0.5,2.0,237,23,100.0,100.0,240,22,135,13,93,22,169,20,,,,,,,,0.57,0.31,0.88,2.32,0.0,0.0,3.6,1.54,6.17,5,1,8.0,0.0,0.0,0.0,0.0,0.0,0.0,0.0,0.0,0.0,0.0,0.0,0.0,2.0,1507.0,3924.0,0.0,0.0,0.020000000000000018,0.020000000000000018,0.05999999999999961,0.0,0.6000000000000014,0.0,0.0,0.0,0.0,1.0,1.0
284,Cathal,McCarthy,McCarthy,a,,,4.0,660,210,0.1,424,155,0.0,402,153,0,0,0,0,0,438,491,0.0,0.0,0.0,0.0,0.0,479,181,,,465,181,456,180,401,166,470,181,,,,,,,,0.0,0.0,0.0,0.0,0.0,0.0,0.0,0.0,0.0,5,0,0.0,0.0,0.0,0.0,0.0,0.0,0.0,0.0,0.0,0.0,0.0,0.0,0.0,0.0,446.0,498.0,0.0,0.0,0.0,0.0,0.0,0.0,0.0,0.0,0.0,0.0,0.0,0.0,0.0
13,Declan,Rice,Rice,d,Unspecified injury - 75% chance of playing,,7.4,18,11,11.4,36,15,3.5,112,44,1,0,0,-1,1,7966,99608,0.5,2.7,2.6,3.5,4.0,100,40,75.0,,43,16,37,32,298,155,61,40,1.0,1.0,,,,,,0.03,0.15,0.18,0.77,0.0,0.66,0.88,1.09,9.2,5,1,90.0,0.0,0.0,0.0,3.0,0.0,0.0,0.0,1.0,0.0,0.0,1.0,0.0,13.0,8171.0,100382.0,0.0,0.01999999999999999,0.05999999999999994,0.08000000000000007,1.31,10.600000000000009,18.10000000000001,1.0,3.0,2.0,2.0,4.0,8.0
14,Eberechi,Eze,Eze,a,,,6.2,57,39,1.0,173,55,1.0,262,127,1,-1,1,-3,3,3300,7481,0.2,0.6,1.0,1.0,1.0,395,189,,,381,177,296,149,265,137,359,172,,3.0,,,,,,0.04,0.1,0.14,1.41,0.0,0.0,0.0,0.0,5.29,5,1,17.0,0.0,0.0,0.0,0.0,0.0,0.0,0.0,0.0,0.0,0.0,0.0,0.0,5.0,3320.0,7623.0,0.0,0.0,0.01999999999999999,0.020000000000000004,0.54,1.2,2.1000000000000005,4.0,0.7000000000000001,0.0,0.0,0.0,0.0
16,Noni,Madueke,Madueke,a,,,6.2,58,40,0.2,328,117,0.0,654,293,0,0,0,-3,3,834,1694,0.0,0.3,0.0,0.0,1.0,396,190,,,315,141,143,91,659,294,279,125,5.0,,,,,,,0.0,0.2,0.2,0.59,0.0,0.0,0.0,0.0,11.74,5,0,0.0,0.0,0.0,0.0,0.0,0.0,0.0,0.0,0.0,0.0,0.0,0.0,0.0,0.0,846.0,1718.0,0.0,0.0,0.0,0.0,0.0,0.0,0.0,0.0,0.0,0.0,0.0,0.0,0.0
17,Mikel,Merino Zazón,Merino,a,,,5.7,112,72,0.4,274,91,1.0,257,124,1,-1,1,-3,3,1054,3133,0.2,0.7,1.0,1.0,0.8,410,195,,,325,147,313,160,214,117,322,149,,,,,,,,0.16,0.17,0.33,1.07,0.0,0.0,0.0,0.0,11.11,5,1,30.0,0.0,0.0,0.0,0.0,0.0,0.0,0.0,0.0,0.0,0.0,0.0,0.0,4.0,1064.0,3166.0,0.0,0.0,0.13,0.12999999999999998,0.7,3.4000000000000004,0.8000000000000003,2.0,0.6000000000000001,0.0,1.0,3.0,4.0
20,Max,Dowman,Dowman,d,Unspecified injury - 75% chance of playing,,5.3,235,149,0.1,461,179,0.5,313,151,1,0,0,-2,2,484,681,0.1,0.2,0.4,0.5,1.0,373,173,75.0,,386,179,240,129,616,266,357,171,,,,,,,,0.0,0.8,0.8,3.1,0.0,0.0,0.0,0.0,0.0,5,1,9.0,0.0,0.0,0.0,0.0,0.0,0.0,0.0,0.0,0.0,0.0,0.0,0.0,4.0,490.0,690.0,0.0,0.0,0.08,0.08,0.31,2.0,14.8,0.0,1.7,0.0,0.0,0.0,0.0
294,Óscar,Zambrano,Zambrano,a,,,4.5,500,264,0.1,432,161,0.0,472,181,0,0,0,0,0,162,530,0.0,0.0,0.0,0.0,0.0,535,216,100.0,100.0,521,208,518,214,475,186,526,209,,,,,,,,0.0,0.0,0.0,0.0,0.0,0.0,0.0,0.0,0.0,5,0,0.0,0.0,0.0,0.0,0.0,0.0,0.0,0.0,0.0,0.0,0.0,0.0,0.0,0.0,171.0,537.0,0.0,0.0,0.0,0.0,0.0,0.0,0.0,0.0,0.0,0.0,0.0,0.0,0.0
11,Cristhian,Mosquera,Mosquera,a,,,5.3,228,31,1.6,138,55,0.0,602,205,0,0,0,-2,2,1651,10751,0.0,2.3,0.0,0.0,6.0,28,12,100.0,100.0,270,110,334,120,614,212,332,119,,,,,,,,0.0,0.01,0.01,0.28,0.0,1.07,0.0,1.07,5.36,5,0,0.0,0.0,0.0,0.0,0.0,0.0,0.0,0.0,0.0,0.0,0.0,0.0,0.0,0.0,1670.0,11291.0,0.0,0.0,0.0,0.0,0.0,0.0,0.0,0.0,0.0,0.0,0.0,0.0,0.0
12,Bukayo,Saka,Saka,a,,,9.6,4,3,14.3,29,11,5.0,68,21,2,1,-1,1,-1,169553,54674,0.5,3.3,5.0,5.0,6.4,19,8,,,13,8,26,24,2,1,2,2,2.0,2.0,1.0,,,,,0.7,0.21,0.91,0.77,0.0,0.65,0.87,1.08,6.71,5,2,80.0,0.0,0.0,0.0,3.0,0.0,0.0,0.0,0.0,0.0,0.0,1.0,0.0,14.0,172942.0,55401.0,0.0,0.3400000000000003,0.55,0.8900000000000001,1.0,15.799999999999983,46.8,36.0,9.899999999999999,1.0,0.0,1.0,2.0
23,Fábio,Ferreira Vieira,Fábio Vieira,u,Has joined Hamburger SV permanently,,5.5,145,88,0.0,635,272,0.0,629,275,0,0,0,0,0,0,44,0.0,0.0,0.0,0.0,0.0,647,283,0.0,0.0,642,281,648,283,635,276,647,282,,,,,,,,0.0,0.0,0.0,0.0,0.0,0.0,0.0,0.0,0.0,5,0,0.0,0.0,0.0,0.0,0.0,0.0,0.0,0.0,0.0,0.0,0.0,0.0,0.0,0.0,0.0,44.0,0.0,0.0,0.0,0.0,0.0,0.0,0.0,0.0,0.0,0.0,0.0,0.0,0.0
3,Illan,Meslier,Meslier,a,,,4.9,361,18,0.0,548,63,0.0,531,70,0,0,0,-1,1,51,130,0.0,0.0,0.0,0.0,0.0,581,70,,,570,70,569,60,535,58,576,70,,,,,,,,0.0,0.0,0.0,0.0,0.0,0.0,0.0,0.0,0.0,5,0,0.0,0.0,0.0,0.0,0.0,0.0,0.0,0.0,0.0,0.0,0.0,0.0,0.0,0.0,53.0,130.0,0.0,0.0,0.0,0.0,0.0,0.0,0.0,0.0,0.0,0.0,0.0,0.0,0.0
596,Matteo,Ruggeri,Ruggeri,a,,,4.5,481,117,0.1,429,156,1.5,199,67,3,0,0,0,0,717,390,0.3,1.1,1.5,1.5,1.7,260,92,,,262,107,249,89,336,126,303,113,,,,,,,,0.02,0.02,0.04,1.63,0.0,0.0,1.59,0.8,12.74,5,3,90.0,0.0,0.0,0.0,2.0,0.0,0.0,0.0,0.0,0.0,0.0,1.0,0.0,11.0,726.0,395.0,0.0,0.03,0.01,0.04,1.5599999999999998,19.4,11.5,1.0,3.1999999999999997,0.0,13.0,9.0,13.0
138,Charalampos,Kostoulas,Kostoulas,a,,,5.6,124,32,4.7,77,11,10.0,5,1,10,1,-1,1,-1,367253,25383,1.8,5.0,10.0,10.0,5.6,40,4,,,83,7,160,17,17,8,47,8,,,,,,,,0.34,0.02,0.36,1.96,0.0,0.51,1.27,1.02,6.88,5,10,75.0,1.0,1.0,1.0,0.0,0.0,0.0,0.0,1.0,0.0,0.0,1.0,2.0,40.0,367814.0,25555.0,0.0,0.18000000000000016,0.009999999999999995,0.18999999999999995,0.8899999999999997,48.199999999999996,11.3,38.0,9.8,1.0,0.0,3.0,4.0
235,Adam,Aznou,Aznou,u,Has joined Malaga on loan for the rest of the season,,4.0,632,184,0.1,431,158,0.0,377,130,0,0,0,0,0,0,638,0.0,0.0,0.0,0.0,0.0,456,160,0.0,0.0,442,160,433,159,377,144,447,160,,,,,,,,0.0,0.0,0.0,0.0,0.0,0.0,0.0,0.0,0.0,5,0,0.0,0.0,0.0,0.0,0.0,0.0,0.0,0.0,0.0,0.0,0.0,0.0,0.0,0.0,0.0,648.0,0.0,0.0,0.0,0.0,0.0,0.0,0.0,0.0,0.0,0.0,0.0,0.0,0.0
4,Gabriel,dos Santos Magalhães,Gabriel,a,,,8.0,8,1,22.7,14,4,5.0,66,32,1,0,0,0,0,31683,76574,0.6,3.1,5.0,5.0,5.0,60,25,,,86,38,216,72,44,3,89,28,,,,,,,,0.1,0.04,0.14,0.81,0.0,0.6,0.8,1.0,8.2,5,1,90.0,0.0,0.0,0.0,3.0,0.0,0.0,0.0,0.0,0.0,0.0,1.0,0.0,6.0,32034.0,78036.0,0.0,0.0,0.14,0.14,1.31,25.799999999999997,13.1,0.0,3.8999999999999986,3.0,6.0,4.0,9.0
5,Jurriën,Timber,J.Timber,a,,,6.5,39,3,0.5,259,95,0.5,330,109,0,0,0,0,0,16295,5140,0.1,0.2,0.5,0.5,0.5,418,145,100.0,100.0,323,122,314,111,663,217,364,127,,,,,,,,0.0,0.03,0.03,1.89,0.0,0.0,2.6,0.87,4.33,5,0,59.0,0.0,0.0,0.0,3.0,0.0,0.0,0.0,0.0,0.0,0.0,1.0,0.0,-6.0,16487.0,5176.0,0.0,0.0,0.019999999999999997,0.019999999999999997,0.6100000000000001,4.199999999999999,2.3000000000000003,0.0,0.7,2.0,0.0,2.0,2.0
6,William,Saliba,Saliba,i,Back injury - Unknown return date,,5.9,89,8,0.2,330,123,0.0,646,213,0,0,0,-1,1,459,1230,0.0,0.0,0.0,0.0,0.0,657,216,0.0,0.0,654,217,658,217,652,216,658,217,,,,,,,,0.0,0.0,0.0,0.0,0.0,0.0,0.0,0.0,0.0,5,0,0.0,0.0,0.0,0.0,0.0,0.0,0.0,0.0,0.0,0.0,0.0,0.0,0.0,0.0,460.0,1238.0,0.0,0.0,0.0,0.0,0.0,0.0,0.0,0.0,0.0,0.0,0.0,0.0,0.0
7,Myles,Lewis-Skelly,Lewis-Skelly,a,,,5.4,198,124,0.6,239,75,0.5,319,155,0,-1,1,-1,1,1171,5396,0.1,1.7,0.5,0.5,2.2,218,96,,,279,119,157,100,213,116,252,112,,,,,,,,0.05,0.08,0.13,0.34,0.0,0.66,0.33,1.33,4.65,5,0,0.0,0.0,0.0,0.0,0.0,0.0,0.0,0.0,0.0,0.0,0.0,0.0,0.0,0.0,1190.0,5487.0,0.0,0.0,0.0,0.0,0.0,0.0,0.0,0.0,0.0,0.0,0.0,0.0,0.0
8,Riccardo,Calafiori,Calafiori,a,,,5.9,91,10,50.6,3,1,3.5,108,45,1,1,-1,4,-4,99245,71814,0.6,4.9,3.5,3.5,5.8,35,14,,,129,57,110,29,67,8,97,30,,,,,,,,0.14,0.13,0.27,0.81,0.0,0.65,0.87,1.08,3.89,5,1,90.0,0.0,0.0,0.0,3.0,0.0,0.0,0.0,0.0,0.0,0.0,1.0,0.0,-3.0,101504.0,72907.0,0.0,0.07000000000000006,0.030000000000000027,0.10000000000000009,1.3099999999999996,11.199999999999996,23.700000000000003,20.0,5.500000000000002,3.0,2.0,5.0,5.0
18,Gabriel,Martinelli Silva,Martinelli,u,Has joined Al Hilal permanently,,6.3,48,33,0.1,473,182,0.0,656,294,0,0,0,-2,2,0,634,0.0,0.0,0.0,0.0,0.0,661,295,0.0,0.0,661,295,662,295,660,295,662,295,,,,,,,,0.0,0.0,0.0,0.0,0.0,0.0,0.0,0.0,0.0,5,0,0.0,0.0,0.0,0.0,0.0,0.0,0.0,0.0,0.0,0.0,0.0,0.0,0.0,0.0,0.0,639.0,0.0,0.0,0.0,0.0,0.0,0.0,0.0,0.0,0.0,0.0,0.0,0.0,0.0
19,Martín,Zubimendi Ibáñez,Zubimendi,a,,,5.3,225,142,0.6,237,74,1.0,245,115,1,0,0,-2,2,561,4114,0.2,0.9,1.0,1.0,1.0,367,167,,,303,131,304,155,155,82,295,133,,,,,,,,0.21,0.04,0.25,1.4,0.0,0.0,0.0,0.0,12.13,5,1,30.0,0.0,0.0,0.0,0.0,0.0,0.0,0.0,0.0,0.0,0.0,0.0,0.0,2.0,569.0,4185.0,0.0,0.13,0.0,0.13,0.6999999999999998,0.0,0.7999999999999998,18.0,1.9,0.0,1.0,0.0,1.0
629,Michael,Zetterer,Zetterer,a,,,4.0,598,58,0.7,219,32,0.0,352,31,0,0,0,0,0,3450,3019,0.0,0.0,0.0,0.0,0.0,436,34,,,422,34,410,15,354,10,426,34,,,,,,,,0.0,0.0,0.0,0.0,0.0,0.0,0.0,0.0,0.0,5,0,0.0,0.0,0.0,0.0,0.0,0.0,0.0,0.0,0.0,0.0,0.0,0.0,0.0,0.0,3605.0,3052.0,0.0,0.0,0.0,0.0,0.0,0.0,0.0,0.0,0.0,0.0,0.0,0.0,0.0
641,Melvin,Bard,Bard,a,,,4.5,470,111,0.0,615,208,0.5,281,97,0,0,0,0,0,108,90,0.1,0.2,0.5,0.5,1.0,319,122,,,365,136,279,100,451,183,361,126,,,,,,,,0.0,0.0,0.0,1.5,0.0,0.0,5.0,0.0,10.0,5,0,0.0,0.0,0.0,0.0,0.0,0.0,0.0,0.0,0.0,0.0,0.0,0.0,0.0,0.0,111.0,90.0,0.0,0.0,0.0,0.0,0.0,0.0,0.0,0.0,0.0,0.0,0.0,0.0,0.0
353,Armin,Pecsi,Pecsi,u,Has joined TSV Hartberg on loan for the rest of the season,,4.0,652,73,0.0,579,69,0.0,395,46,0,0,0,0,0,0,71,0.0,0.0,0.0,0.0,0.0,472,49,0.0,0.0,458,49,449,30,394,25,463,49,,,,,,,,0.0,0.0,0.0,0.0,0.0,0.0,0.0,0.0,0.0,5,0,0.0,0.0,0.0,0.0,0.0,0.0,0.0,0.0,0.0,0.0,0.0,0.0,0.0,0.0,0.0,72.0,0.0,0.0,0.0,0.0,0.0,0.0,0.0,0.0,0.0,0.0,0.0,0.0,0.0
355,Harvey,Davies,Davies,a,,,4.0,625,68,0.2,362,40,0.0,370,41,0,0,0,0,0,322,512,0.0,0.0,0.0,0.0,0.0,450,44,,,436,44,427,25,371,20,441,44,,,,,,,,0.0,0.0,0.0,0.0,0.0,0.0,0.0,0.0,0.0,5,0,0.0,0.0,0.0,0.0,0.0,0.0,0.0,0.0,0.0,0.0,0.0,0.0,0.0,0.0,332.0,519.0,0.0,0.0,0.0,0.0,0.0,0.0,0.0,0.0,0.0,0.0,0.0,0.0,0.0
356,Virgil,van Dijk,Virgil,a,,,6.5,34,2,16.2,26,9,8.0,14,7,8,0,0,0,0,26890,50061,1.2,3.8,8.0,8.0,5.0,58,24,,,36,15,214,71,164,49,114,37,,,,,,,,0.05,0.02,0.07,1.22,0.0,0.6,0.8,1.0,9.6,5,8,90.0,0.0,0.0,1.0,0.0,0.0,0.0,0.0,0.0,0.0,0.0,1.0,0.0,26.0,27129.0,51168.0,0.0,0.0,0.009999999999999995,0.010000000000000009,0.79,25.799999999999997,1.8000000000000007,0.0,2.799999999999999,0.0,13.0,2.0,13.0
357,Jeremie,Frimpong,Frimpong,a,,,5.3,212,28,1.7,135,54,0.5,308,105,0,0,0,-2,2,1827,14001,0.1,0.4,0.5,0.5,0.7,412,143,,,219,87,65,10,211,65,168,59,,,,,,,,0.01,0.12,0.13,1.98,0.0,0.0,2.02,1.01,6.07,5,0,0.0,0.0,0.0,0.0,0.0,0.0,0.0,0.0,0.0,0.0,0.0,0.0,0.0,0.0,1845.0,14441.0,0.0,0.0,0.0,0.0,0.0,0.0,0.0,0.0,0.0,0.0,0.0,0.0,0.0
358,Milos,Kerkez,Kerkez,a,,,5.3,229,32,2.2,121,48,3.5,104,43,6,-1,1,-2,2,2968,12007,0.7,2.5,3.5,3.5,2.6,183,71,,,122,55,129,34,227,74,160,56,,,,,,,,0.02,0.02,0.04,1.32,0.0,0.47,0.94,0.94,7.01,5,6,90.0,0.0,0.0,1.0,0.0,0.0,0.0,0.0,0.0,0.0,0.0,1.0,0.0,22.0,3001.0,12475.0,0.0,0.05,0.009999999999999995,0.06,0.79,9.800000000000011,2.299999999999997,2.0,1.3999999999999986,1.0,6.0,2.0,7.0
359,Joe,Gomez,Gomez,a,,,4.9,339,56,0.0,564,191,0.0,521,192,0,0,0,-1,1,366,127,0.0,0.0,0.0,0.0,0.0,574,204,100.0,100.0,563,205,559,204,525,201,568,205,,,,,,,,0.0,0.0,0.0,0.0,0.0,0.0,0.0,0.0,0.0,5,0,0.0,0.0,0.0,0.0,0.0,0.0,0.0,0.0,0.0,0.0,0.0,0.0,0.0,0.0,369.0,127.0,0.0,0.0,0.0,0.0,0.0,0.0,0.0,0.0,0.0,0.0,0.0,0.0,0.0
360,Conor,Bradley,Bradley,i,Knee injury - Unknown return date,,5.0,297,49,0.0,609,205,0.0,576,201,0,0,0,0,0,69,95,0.0,0.0,0.0,0.0,0.0,614,211,0.0,0.0,605,212,611,212,588,209,611,212,,,,,,,,0.0,0.0,0.0,0.0,0.0,0.0,0.0,0.0,0.0,5,0,0.0,0.0,0.0,0.0,0.0,0.0,0.0,0.0,0.0,0.0,0.0,0.0,0.0,0.0,69.0,96.0,0.0,0.0,0.0,0.0,0.0,0.0,0.0,0.0,0.0,0.0,0.0,0.0,0.0
156,Pedro,Lomba Neto,Neto,a,,,6.5,37,25,1.4,157,48,2.0,188,90,2,0,0,0,0,6598,10625,0.3,2.2,2.0,2.0,2.8,176,75,,,115,36,47,40,29,16,40,29,2.0,4.0,,,,,,0.18,0.16,0.34,1.8,0.0,0.0,2.17,1.08,7.59,5,2,86.0,0.0,0.0,0.0,2.0,0.0,0.0,0.0,0.0,0.0,0.0,1.0,0.0,13.0,6821.0,10803.0,0.0,0.16000000000000003,0.04999999999999993,0.20999999999999996,2.2199999999999998,9.599999999999994,7.799999999999997,25.0,4.199999999999999,3.0,0.0,3.0,6.0
157,Estêvão,Almeida de Oliveira Gonçalves,Estêvão,a,,,6.3,52,36,0.7,218,68,1.0,266,130,1,0,0,-2,2,2152,4684,0.2,0.6,1.0,1.0,1.0,398,192,,,334,154,343,173,131,72,293,131,5.0,,2.0,,,,,0.27,0.27,0.54,3.95,0.0,0.0,3.91,0.0,7.83,5,1,3.0,0.0,0.0,0.0,1.0,0.0,0.0,0.0,0.0,0.0,0.0,0.0,0.0,3.0,2172.0,4748.0,0.0,0.0,0.0,0.0,0.43000000000000005,0.1999999999999993,0.30000000000000004,0.0,0.09999999999999964,0.0,0.0,0.0,0.0
158,Jamie,Bynoe-Gittens,Gittens,d,Ankle injury - 75% chance of playing,,5.8,105,67,0.0,551,227,0.0,638,283,0,-1,1,-2,2,160,282,0.0,0.0,0.0,0.0,0.0,652,288,75.0,,648,287,653,288,645,285,653,288,,,,,,,,0.0,0.0,0.0,0.0,0.0,0.0,0.0,0.0,0.0,5,0,0.0,0.0,0.0,0.0,0.0,0.0,0.0,0.0,0.0,0.0,0.0,0.0,0.0,0.0,162.0,284.0,0.0,0.0,0.0,0.0,0.0,0.0,0.0,0.0,0.0,0.0,0.0,0.0,0.0
161,Roméo,Lavia,Lavia,a,,,5.0,305,185,0.2,325,116,1.0,238,110,0,0,0,0,0,532,2685,0.2,2.2,1.0,1.0,2.8,168,69,,,144,49,191,109,66,41,121,63,,,,,,,,0.26,0.04,0.3,1.77,0.0,0.0,2.79,1.4,10.81,5,0,0.0,0.0,0.0,0.0,0.0,0.0,0.0,0.0,0.0,0.0,0.0,0.0,0.0,0.0,567.0,2720.0,0.0,0.0,0.0,0.0,0.0,0.0,0.0,0.0,0.0,0.0,0.0,0.0,0.0
252,Alfie,McNally,McNally,u,Has joined York City on loan for the rest of the season,,4.0,634,72,0.1,402,48,0.0,379,45,0,0,0,0,0,0,691,0.0,0.0,0.0,0.0,0.0,458,48,0.0,0.0,444,48,435,29,379,24,449,48,,,,,,,,0.0,0.0,0.0,0.0,0.0,0.0,0.0,0.0,0.0,5,0,0.0,0.0,0.0,0.0,0.0,0.0,0.0,0.0,0.0,0.0,0.0,0.0,0.0,0.0,0.0,701.0,0.0,0.0,0.0,0.0,0.0,0.0,0.0,0.0,0.0,0.0,0.0,0.0,0.0
253,Joachim,Andersen,Andersen,a,,,5.0,252,37,0.2,363,139,0.5,296,103,1,0,0,0,0,3234,1290,0.1,0.6,0.5,0.5,1.0,351,134,100.0,100.0,185,77,168,48,270,95,215,76,,,,,,,,0.0,0.05,0.05,2.06,0.0,0.0,2.37,0.95,9.47,5,1,10.0,0.0,0.0,0.0,1.0,0.0,0.0,0.0,0.0,0.0,0.0,0.0,0.0,0.0,3250.0,1307.0,0.0,0.0,0.0,0.0,0.35999999999999943,10.0,0.0,0.0,1.0,0.0,5.0,0.0,5.0
254,Antonee,Robinson,Robinson,a,,,4.5,442,91,1.5,150,60,4.0,79,34,2,0,0,0,0,21185,8455,0.9,2.7,4.0,4.0,2.4,193,77,,,88,40,39,7,201,59,74,16,,,2.0,,,,,0.05,0.06,0.11,1.9,0.0,0.21,1.68,1.05,6.5,5,2,90.0,0.0,0.0,0.0,1.0,0.0,0.0,0.0,0.0,0.0,0.0,1.0,0.0,19.0,21396.0,8549.0,0.0,0.0,0.09,0.09000000000000008,1.5999999999999996,29.999999999999993,30.0,0.0,6.0,3.0,4.0,4.0,7.0
255,Jorge,Cuenca Barreno,J.Cuenca,a,,,4.5,468,110,0.0,554,189,0.0,450,174,0,0,0,0,0,71,124,0.0,0.7,0.0,0.0,3.0,136,57,,,243,98,217,73,449,182,282,104,,,,,,,,0.0,0.03,0.03,2.24,0.0,0.0,3.0,1.0,10.0,5,0,0.0,0.0,0.0,0.0,0.0,0.0,0.0,0.0,0.0,0.0,0.0,0.0,0.0,0.0,71.0,125.0,0.0,0.0,0.0,0.0,0.0,0.0,0.0,0.0,0.0,0.0,0.0,0.0,0.0
33,Tyrone,Mings,Mings,a,,,4.5,439,88,0.4,269,100,1.5,197,66,3,0,0,0,0,2252,1676,0.3,2.2,1.5,1.5,2.5,188,74,,,166,71,297,107,207,63,232,85,,,,,,,,0.07,0.01,0.08,1.53,0.0,0.34,1.38,0.69,8.28,5,3,90.0,0.0,0.0,0.0,2.0,0.0,0.0,0.0,0.0,0.0,0.0,1.0,0.0,10.0,2283.0,1706.0,0.0,0.0,0.0,0.0,1.5599999999999996,27.4,0.5999999999999996,0.0,2.799999999999999,1.0,12.0,3.0,13.0
110,Carl,Rushworth,Rushworth,a,,,4.5,479,38,0.8,204,30,5.5,49,7,11,0,0,0,0,3019,6605,1.2,3.6,5.5,5.5,3.2,127,13,,,95,18,281,2,457,47,208,15,,,,,,,,0.0,0.0,0.0,1.73,1.8,0.2,2.0,1.0,0.0,5,11,90.0,0.0,1.0,1.0,0.0,0.0,0.0,0.0,0.0,0.0,2.0,1.0,2.0,38.0,3021.0,6849.0,0.0,0.0,0.0,0.0,1.1000000000000005,28.999999999999993,10.0,0.0,3.8999999999999995,0.0,0.0,10.0,0.0
261,Alex,Iwobi,Iwobi,a,,,5.4,168,106,0.7,221,69,4.0,87,29,5,0,0,-1,1,4712,3831,0.7,2.6,4.0,4.0,2.8,170,71,,,163,62,9,8,98,54,42,31,1.0,1.0,3.0,,,,,0.09,0.27,0.36,1.8,0.0,0.44,1.54,1.1,6.4,5,5,70.0,0.0,0.0,1.0,0.0,0.0,0.0,0.0,0.0,0.0,0.0,1.0,2.0,27.0,4731.0,3931.0,0.0,0.19,0.4099999999999999,0.6000000000000001,1.12,21.0,63.3,26.0,11.0,1.0,1.0,5.0,7.0
262,Emile,Smith Rowe,Smith Rowe,a,,,5.3,211,132,0.2,314,111,0.5,307,148,0,-1,1,-2,2,364,1459,0.1,0.6,0.5,0.5,1.0,363,164,,,350,163,204,115,263,135,307,139,,,,,,,,0.14,0.05,0.19,2.06,0.0,0.0,0.0,0.0,7.11,5,0,0.0,0.0,0.0,0.0,0.0,0.0,0.0,0.0,0.0,0.0,0.0,0.0,0.0,0.0,369.0,1486.0,0.0,0.0,0.0,0.0,0.0,0.0,0.0,0.0,0.0,0.0,0.0,0.0,0.0
306,Jacob,Greaves,Greaves,a,,,4.0,621,177,1.1,169,66,0.5,269,88,0,0,0,0,0,550,4140,0.1,0.8,0.5,0.5,0.8,401,137,,,136,62,230,78,301,106,223,81,,,,,,,,0.0,0.02,0.02,1.7,0.0,0.0,2.52,1.01,7.56,5,0,0.0,0.0,0.0,0.0,0.0,0.0,0.0,0.0,0.0,0.0,0.0,0.0,0.0,0.0,566.0,4270.0,0.0,0.0,0.0,0.0,0.0,0.0,0.0,0.0,0.0,0.0,0.0,0.0,0.0
307,Ben,Johnson,Johnson,u,Has joined Stoke City on loan for the rest of the season,,4.0,611,172,0.1,483,174,0.0,360,122,0,0,0,0,0,0,414,0.0,0.0,0.0,0.0,0.0,442,155,0.0,0.0,428,155,419,154,363,139,433,155,,,,,,,,0.0,0.0,0.0,0.0,0.0,0.0,0.0,0.0,0.0,5,0,0.0,0.0,0.0,0.0,0.0,0.0,0.0,0.0,0.0,0.0,0.0,0.0,0.0,0.0,0.0,428.0,0.0,0.0,0.0,0.0,0.0,0.0,0.0,0.0,0.0,0.0,0.0,0.0,0.0
406,Mateo,Kovačić,Kovačić,a,,,5.3,209,131,0.1,449,172,0.0,596,256,0,-1,1,-2,2,129,504,0.0,0.4,0.0,0.0,1.0,362,163,,,369,173,302,153,608,261,378,178,,,,,,,,0.0,0.04,0.04,0.21,0.0,0.0,0.0,0.0,4.29,5,0,0.0,0.0,0.0,0.0,0.0,0.0,0.0,0.0,0.0,0.0,0.0,0.0,0.0,0.0,129.0,507.0,0.0,0.0,0.0,0.0,0.0,0.0,0.0,0.0,0.0,0.0,0.0,0.0,0.0
199,Walter,Benítez,Benitez,a,,,4.5,436,27,0.1,394,44,4.0,78,11,6,0,0,0,0,813,442,0.9,1.8,4.0,4.0,4.0,86,7,,,228,21,483,41,433,36,311,21,,,,,,,,0.0,0.0,0.0,1.5,2.5,0.5,1.5,1.0,0.0,5,6,90.0,0.0,0.0,1.0,0.0,0.0,0.0,0.0,0.0,0.0,2.0,1.0,0.0,26.0,834.0,445.0,0.0,0.0,0.0,0.0,1.3100000000000003,18.599999999999998,0.0,0.0,1.9,0.0,1.0,4.0,0.0
202,Chris,Richards,Richards,a,,,4.9,359,64,0.6,233,90,5.0,58,28,8,-1,1,-1,1,1970,2505,1.0,2.9,5.0,5.0,2.8,163,68,,,30,10,286,104,170,50,120,41,,,,,,,,0.02,0.01,0.03,1.89,0.0,0.2,2.2,1.0,10.8,5,8,90.0,0.0,0.0,1.0,0.0,0.0,0.0,0.0,0.0,0.0,0.0,1.0,0.0,29.0,1982.0,2581.0,0.0,0.0,0.010000000000000009,0.009999999999999981,1.3100000000000005,22.60000000000001,0.5,0.0,2.299999999999999,2.0,8.0,3.0,10.0
610,Luc,De Fougerolles,De Fougerolles,u,has joined  Real Salt Lake on loan for the rest of the seaon.,,4.0,640,191,0.1,468,168,0.0,385,137,0,0,0,0,0,0,533,0.0,0.0,0.0,0.0,0.0,463,166,0.0,0.0,449,166,440,165,384,150,454,166,,,,,,,,0.0,0.0,0.0,0.0,0.0,0.0,0.0,0.0,0.0,5,0,0.0,0.0,0.0,0.0,0.0,0.0,0.0,0.0,0.0,0.0,0.0,0.0,0.0,0.0,0.0,536.0,0.0,0.0,0.0,0.0,0.0,0.0,0.0,0.0,0.0,0.0,0.0,0.0,0.0
635,Hugo,Larsson,Larsson,a,,,5.0,315,193,0.0,619,262,1.0,239,111,1,0,0,0,0,107,78,0.2,0.6,1.0,1.0,1.0,356,160,,,349,162,336,168,262,134,353,168,,,,,,,,0.32,0.56,0.88,2.14,0.0,0.0,2.43,0.0,14.59,5,1,13.0,0.0,0.0,0.0,1.0,0.0,0.0,0.0,0.0,0.0,0.0,0.0,0.0,3.0,107.0,79.0,0.0,0.0,0.0,0.0,0.42,3.1999999999999997,0.09999999999999987,0.0,0.30000000000000004,0.0,2.0,2.0,4.0
636,Manuel Ángel,Morán Ibáñez,Ángel,a,,,5.0,302,183,0.0,645,280,0.0,581,247,0,0,0,0,0,37,31,0.0,0.0,0.0,0.0,0.0,618,265,,,609,260,615,265,592,251,615,262,,,,,,,,0.0,0.0,0.0,0.0,0.0,0.0,0.0,0.0,0.0,5,0,0.0,0.0,0.0,0.0,0.0,0.0,0.0,0.0,0.0,0.0,0.0,0.0,0.0,0.0,37.0,32.0,0.0,0.0,0.0,0.0,0.0,0.0,0.0,0.0,0.0,0.0,0.0,0.0,0.0
317,George,Hirst,Hirst,u,Has joined Stoke City permanently,,5.0,265,52,0.1,450,65,0.0,562,56,0,0,0,0,0,0,549,0.0,0.0,0.0,0.0,0.0,602,65,0.0,0.0,593,60,595,64,572,59,599,64,,,,,,,,0.0,0.0,0.0,0.0,0.0,0.0,0.0,0.0,0.0,5,0,0.0,0.0,0.0,0.0,0.0,0.0,0.0,0.0,0.0,0.0,0.0,0.0,0.0,0.0,0.0,567.0,0.0,0.0,0.0,0.0,0.0,0.0,0.0,0.0,0.0,0.0,0.0,0.0,0.0
318,Jaden,Philogene,Philogene,a,,,5.4,192,120,0.1,458,177,1.0,251,120,1,0,0,-1,1,39,182,0.2,0.4,1.0,1.0,1.0,379,177,100.0,100.0,362,168,309,159,235,122,344,162,5.0,,3.0,,,,,0.14,0.02,0.16,1.68,0.0,0.0,1.73,0.0,6.92,5,1,24.0,0.0,0.0,0.0,0.0,0.0,0.0,0.0,0.0,0.0,0.0,0.0,0.0,5.0,39.0,189.0,0.0,0.06,0.01,0.07,0.56,1.4,3.8,4.0,0.9000000000000001,0.0,0.0,1.0,1.0
319,Sam,Szmodics,Szmodics,u,Has joined Derby County on loan for the rest of the season,,5.0,251,157,0.0,652,287,0.0,558,235,0,0,0,0,0,0,16,0.0,0.0,0.0,0.0,0.0,598,255,0.0,0.0,589,250,590,255,567,241,595,252,,,,,,,,0.0,0.0,0.0,0.0,0.0,0.0,0.0,0.0,0.0,5,0,0.0,0.0,0.0,0.0,0.0,0.0,0.0,0.0,0.0,0.0,0.0,0.0,0.0,0.0,0.0,17.0,0.0,0.0,0.0,0.0,0.0,0.0,0.0,0.0,0.0,0.0,0.0,0.0,0.0
320,Chuba,Akpom,Akpom,a,,,5.0,246,51,1.2,165,26,0.5,294,32,1,0,0,0,0,5457,10626,0.1,1.4,0.5,0.5,2.3,203,21,,,238,20,326,42,171,29,267,28,,,,,,,,1.32,0.0,1.32,4.85,0.0,0.0,4.62,0.0,3.46,5,1,9.0,0.0,0.0,0.0,0.0,0.0,0.0,0.0,0.0,0.0,0.0,0.0,0.0,3.0,5673.0,10802.0,0.0,0.16999999999999993,0.0,0.16999999999999993,0.16000000000000014,0.0,0.8,5.0,0.5999999999999996,0.0,0.0,0.0,0.0
281,Cody,Drameh,Drameh,u,Has joined Genoa permanently,,4.0,616,174,0.0,510,180,0.0,364,123,0,0,0,0,0,0,273,0.0,0.5,0.0,0.0,1.0,301,108,0.0,0.0,351,129,376,139,335,125,379,135,,,,,,,,0.07,0.0,0.07,1.2,0.0,0.0,0.0,0.0,8.31,5,0,0.0,0.0,0.0,0.0,0.0,0.0,0.0,0.0,0.0,0.0,0.0,0.0,0.0,0.0,0.0,280.0,0.0,0.0,0.0,0.0,0.0,0.0,0.0,0.0,0.0,0.0,0.0,0.0,0.0
282,Ryan,Giles,Giles,a,,,4.0,612,173,2.9,107,40,2.0,163,57,0,0,0,0,0,24244,15876,0.5,6.0,2.0,2.0,4.8,61,26,,,112,51,24,2,282,99,70,14,3.0,1.0,,,,,,0.0,0.09,0.09,1.49,0.0,0.61,0.81,1.01,4.86,5,0,90.0,0.0,0.0,0.0,2.0,0.0,0.0,0.0,1.0,0.0,0.0,1.0,0.0,-1.0,25720.0,16159.0,0.0,0.0,0.08000000000000002,0.08000000000000002,1.4400000000000004,12.200000000000003,38.8,0.0,5.099999999999998,1.0,4.0,2.0,5.0
283,Matty,Jacob,Jacob,u,Has joined Newport County on loan until January,,4.0,620,176,0.0,624,211,0.0,368,125,0,0,0,0,0,0,40,0.0,0.0,0.0,0.0,0.0,449,157,0.0,0.0,435,157,426,156,370,141,440,157,,,,,,,,0.0,0.0,0.0,0.0,0.0,0.0,0.0,0.0,0.0,5,0,0.0,0.0,0.0,0.0,0.0,0.0,0.0,0.0,0.0,0.0,0.0,0.0,0.0,0.0,0.0,40.0,0.0,0.0,0.0,0.0,0.0,0.0,0.0,0.0,0.0,0.0,0.0,0.0,0.0
321,Sindre,Walle Egeli,Walle Egeli,a,,,4.5,502,71,3.5,95,14,0.0,474,46,0,0,0,0,0,21539,30471,0.0,0.2,0.0,0.0,1.0,321,36,,,523,50,390,49,477,49,528,54,,,,,,,,0.0,0.0,0.0,0.27,0.0,0.0,0.0,0.0,0.0,5,0,0.0,0.0,0.0,0.0,0.0,0.0,0.0,0.0,0.0,0.0,0.0,0.0,0.0,0.0,22236.0,31121.0,0.0,0.0,0.0,0.0,0.0,0.0,0.0,0.0,0.0,0.0,0.0,0.0,0.0
323,Kasey,McAteer,McAteer,a,,,4.4,561,290,1.0,175,57,0.0,417,167,0,-1,1,-1,1,1871,7325,0.0,0.7,0.0,0.0,1.0,315,138,,,363,169,337,169,275,141,366,175,,,,,,,,0.11,0.0,0.11,0.45,0.0,0.0,0.0,0.0,10.71,5,0,0.0,0.0,0.0,0.0,0.0,0.0,0.0,0.0,0.0,0.0,0.0,0.0,0.0,0.0,1894.0,7475.0,0.0,0.0,0.0,0.0,0.0,0.0,0.0,0.0,0.0,0.0,0.0,0.0,0.0
324,Anis,Mehmeti,Mehmeti,a,,,4.8,409,249,0.0,534,216,0.0,508,200,0,-1,1,-2,2,84,167,0.0,0.0,0.0,0.0,0.0,566,234,,,555,227,550,232,513,206,560,228,,,,,,,,0.0,0.0,0.0,0.0,0.0,0.0,0.0,0.0,0.0,5,0,0.0,0.0,0.0,0.0,0.0,0.0,0.0,0.0,0.0,0.0,0.0,0.0,0.0,0.0,84.0,168.0,0.0,0.0,0.0,0.0,0.0,0.0,0.0,0.0,0.0,0.0,0.0,0.0,0.0
327,Jaka,Bijol,Bijol,a,,,5.0,275,41,0.7,216,85,0.0,567,199,0,0,0,0,0,904,6085,0.0,2.4,0.0,0.0,4.0,92,39,,,223,90,369,137,220,71,285,107,,,,,,,,0.06,0.0,0.06,1.73,0.0,0.55,1.1,1.1,11.52,5,0,0.0,0.0,0.0,0.0,0.0,0.0,0.0,0.0,0.0,0.0,0.0,0.0,0.0,0.0,929.0,6172.0,0.0,0.0,0.0,0.0,0.0,0.0,0.0,0.0,0.0,0.0,0.0,0.0,0.0
27,Gabriel,Fernando de Jesus,G.Jesus,u,Has joined FC Barcelona permanently,,5.9,83,21,0.1,371,56,0.0,643,72,0,0,0,-1,1,0,1120,0.0,0.0,0.0,0.0,0.0,655,77,0.0,0.0,651,73,656,77,649,74,656,77,,,,,,,,0.0,0.0,0.0,0.0,0.0,0.0,0.0,0.0,0.0,5,0,0.0,0.0,0.0,0.0,0.0,0.0,0.0,0.0,0.0,0.0,0.0,0.0,0.0,0.0,0.0,1133.0,0.0,0.0,0.0,0.0,0.0,0.0,0.0,0.0,0.0,0.0,0.0,0.0,0.0
31,Ezri,Konsa Ngoyo,Konsa,d,Unspecified injury - 75% chance of playing,,4.6,424,80,19.1,19,5,3.5,96,40,1,1,-1,1,-1,100738,80805,0.8,2.6,2.6,3.5,3.0,138,59,75.0,,204,80,250,90,225,73,244,93,,,,,,,,0.07,0.01,0.08,1.12,0.0,0.32,1.28,0.96,7.37,5,1,90.0,0.0,0.0,0.0,3.0,0.0,0.0,0.0,0.0,0.0,0.0,1.0,0.0,2.0,106155.0,81650.0,0.0,0.23,0.01,0.24,1.31,10.600000000000001,12.3,10.0,3.3,0.0,4.0,3.0,4.0
222,Jørgen,Strand Larsen,Strand Larsen,a,,,6.0,69,15,0.7,220,35,5.0,62,7,2,0,0,0,0,6356,4569,0.8,2.3,5.0,5.0,2.8,174,16,,,156,12,179,20,68,19,123,17,,,,,,,,0.13,0.06,0.19,1.86,0.0,0.3,1.51,0.91,3.93,5,2,81.0,0.0,0.0,1.0,0.0,0.0,0.0,0.0,0.0,0.0,0.0,1.0,0.0,10.0,6518.0,4710.0,0.0,0.03999999999999998,0.17,0.21000000000000002,1.2600000000000007,13.200000000000003,15.100000000000001,13.0,4.100000000000001,0.0,3.0,0.0,3.0
223,Jean-Philippe,Mateta,Mateta,i,Hamstring injury - Expected back 11 Oct,,6.3,46,12,1.3,162,24,0.0,655,76,0,0,0,-2,2,247,10159,0.0,0.3,0.0,0.0,2.0,242,26,0.0,0.0,392,42,262,31,253,37,338,38,,,1.0,,,,,1.02,0.03,1.05,1.42,0.0,0.0,2.9,1.45,7.26,5,0,0.0,0.0,0.0,0.0,0.0,0.0,0.0,0.0,0.0,0.0,0.0,0.0,0.0,0.0,248.0,10494.0,0.0,0.0,0.0,0.0,0.0,0.0,0.0,0.0,0.0,0.0,0.0,0.0,0.0
632,Ilyas,Ansah,Ansah,i,Back injury - Unknown return date,,5.0,325,60,0.0,555,74,0.0,590,62,0,0,0,0,0,83,461,0.0,0.0,0.0,0.0,0.0,627,71,0.0,0.0,618,66,624,70,602,65,624,70,,,,,,,,0.0,0.0,0.0,0.0,0.0,0.0,0.0,0.0,0.0,5,0,0.0,0.0,0.0,0.0,0.0,0.0,0.0,0.0,0.0,0.0,0.0,0.0,0.0,0.0,83.0,468.0,0.0,0.0,0.0,0.0,0.0,0.0,0.0,0.0,0.0,0.0,0.0,0.0,0.0
637,Robinio,Vaz,Vaz,a,,,5.0,327,62,0.1,408,62,1.0,240,24,1,0,0,0,0,2041,1292,0.2,0.4,1.0,1.0,1.0,360,39,,,383,41,267,34,328,42,358,40,,,,,,,,0.0,0.04,0.04,1.4,0.0,0.0,0.0,0.0,9.0,5,1,12.0,0.0,0.0,0.0,0.0,0.0,0.0,0.0,0.0,0.0,0.0,0.0,0.0,5.0,2086.0,1303.0,0.0,0.0,0.01,0.01,0.13,2.4,11.2,2.0,1.6,0.0,0.0,1.0,1.0
638,Brooke,Norton-Cuffy,Norton-Cuffy,d,Hamstring injury - 75% chance of playing,,4.0,631,183,0.2,311,116,0.0,376,129,0,0,0,0,0,463,2819,0.0,0.2,0.0,0.0,0.5,414,144,75.0,,384,142,366,135,259,89,370,131,,,,,,,,0.13,0.0,0.13,0.79,0.0,0.0,0.0,0.0,2.65,5,0,0.0,0.0,0.0,0.0,0.0,0.0,0.0,0.0,0.0,0.0,0.0,0.0,0.0,0.0,499.0,2833.0,0.0,0.0,0.0,0.0,0.0,0.0,0.0,0.0,0.0,0.0,0.0,0.0,0.0
642,Sorba,Thomas,Thomas,a,,,5.5,140,85,0.0,546,224,1.5,208,100,2,0,0,0,0,542,376,0.3,0.7,1.5,1.5,1.3,285,130,,,333,153,154,99,241,126,275,122,,,,,,,,0.16,0.08,0.24,1.54,0.0,0.0,2.27,0.76,6.05,5,2,62.0,0.0,0.0,0.0,2.0,0.0,0.0,0.0,0.0,0.0,0.0,1.0,0.0,2.0,549.0,380.0,0.0,0.19,0.039999999999999994,0.23,1.28,0.0,15.299999999999997,8.0,2.0,1.0,0.0,2.0,3.0
334,Tarik,Muharemović,Muharemović,a,,,5.0,308,51,4.3,80,31,6.5,30,15,6,0,0,0,0,36899,29325,1.3,5.4,6.5,6.5,5.4,47,18,,,19,4,255,92,119,30,86,25,,,,,,,,0.1,0.01,0.11,1.29,0.0,0.4,0.6,1.0,11.6,5,6,90.0,0.0,0.0,1.0,0.0,0.0,0.0,0.0,0.0,0.0,0.0,1.0,0.0,22.0,38568.0,29690.0,0.0,0.4,0.010000000000000002,0.41000000000000003,1.0599999999999996,14.0,0.9000000000000004,18.0,3.3000000000000007,1.0,7.0,5.0,8.0
337,Brenden,Aaronson,Aaronson,a,,,5.3,218,137,0.5,254,83,1.0,242,113,1,-1,1,-2,2,240,3811,0.2,1.3,1.0,1.0,1.4,277,124,,,313,139,318,161,264,136,337,158,,4.0,,,,,,0.0,0.01,0.01,1.75,0.0,0.46,1.39,0.93,6.96,5,1,22.0,0.0,0.0,0.0,0.0,0.0,0.0,0.0,0.0,0.0,0.0,0.0,0.0,5.0,246.0,3938.0,0.0,0.0,0.0,0.0,0.3999999999999999,1.4000000000000004,0.7000000000000002,0.0,0.20000000000000018,1.0,0.0,3.0,4.0
338,Ethan,Ampadu,Ampadu,a,,,5.4,173,110,0.9,188,59,6.0,41,8,5,0,0,-1,1,2046,5853,1.1,3.9,6.0,6.0,4.2,82,34,,,100,28,85,62,295,153,122,64,,,,,,,,0.02,0.05,0.07,1.29,0.0,0.4,0.6,1.0,12.0,5,5,90.0,0.0,0.0,1.0,0.0,0.0,0.0,0.0,0.0,0.0,0.0,1.0,0.0,19.0,2117.0,5960.0,0.0,0.0,0.1,0.10000000000000003,1.0599999999999996,18.799999999999997,24.199999999999996,0.0,4.300000000000001,3.0,5.0,6.0,14.0
339,Sean,Longstaff,Longstaff,a,,,4.8,405,246,0.1,439,165,0.5,284,135,0,-1,1,-2,2,167,699,0.1,0.4,0.5,0.5,1.0,326,141,,,553,226,387,194,511,205,558,227,3.0,3.0,,,,,,0.0,0.0,0.0,3.15,0.0,0.0,9.0,0.0,0.0,5,0,0.0,0.0,0.0,0.0,0.0,0.0,0.0,0.0,0.0,0.0,0.0,0.0,0.0,0.0,173.0,712.0,0.0,0.0,0.0,0.0,0.0,0.0,0.0,0.0,0.0,0.0,0.0,0.0,0.0
347,Lukas,Nmecha,Nmecha,a,,,5.4,169,41,0.5,257,44,1.0,248,26,1,0,0,-1,1,2299,4135,0.2,1.3,1.0,1.0,1.8,256,31,,,284,26,210,24,222,32,278,31,,,2.0,,,,,0.38,0.21,0.59,4.08,0.0,0.0,1.41,0.0,5.62,5,1,14.0,0.0,0.0,0.0,0.0,0.0,0.0,0.0,0.0,0.0,0.0,0.0,0.0,4.0,2368.0,4215.0,0.0,0.0,0.0,0.0,0.3700000000000001,2.0,0.0,0.0,0.20000000000000018,1.0,0.0,1.0,2.0
348,Joël,Piroe,Piroe,u,Has joined West Ham United on loan for the rest of the season,,5.0,271,54,0.1,489,68,0.0,566,57,0,0,0,0,0,0,480,0.0,0.0,0.0,0.0,0.0,605,66,0.0,0.0,596,61,598,65,575,60,602,65,,,3.0,,,,,0.0,0.0,0.0,0.0,0.0,0.0,0.0,0.0,0.0,5,0,0.0,0.0,0.0,0.0,0.0,0.0,0.0,0.0,0.0,0.0,0.0,0.0,0.0,0.0,0.0,483.0,0.0,0.0,0.0,0.0,0.0,0.0,0.0,0.0,0.0,0.0,0.0,0.0,0.0
349,Mateo,Joseph Fernández-Regatillo,Mateo Joseph,i,Knee injury - Unknown return date,,4.5,503,72,0.1,495,69,0.0,475,47,0,0,0,0,0,371,542,0.0,0.0,0.0,0.0,0.0,537,56,0.0,0.0,524,51,520,55,478,50,529,55,,,,,,,,0.0,0.0,0.0,0.0,0.0,0.0,0.0,0.0,0.0,5,0,0.0,0.0,0.0,0.0,0.0,0.0,0.0,0.0,0.0,0.0,0.0,0.0,0.0,0.0,378.0,554.0,0.0,0.0,0.0,0.0,0.0,0.0,0.0,0.0,0.0,0.0,0.0,0.0,0.0
385,James,Trafford,Trafford,a,,,5.0,273,10,5.5,71,10,6.5,29,5,10,0,0,0,0,27189,17902,1.3,5.6,6.5,6.5,5.6,39,3,,,18,3,599,67,576,66,143,4,,,,,,,,0.0,0.0,0.0,1.29,4.0,0.4,0.6,1.0,0.0,5,10,90.0,0.0,0.0,1.0,0.0,0.0,0.0,0.0,0.0,0.0,5.0,1.0,3.0,34.0,27565.0,18123.0,0.0,0.0,0.0,0.0,1.0599999999999996,27.799999999999997,0.0,0.0,2.8000000000000007,0.0,0.0,16.0,0.0
414,Tom,Heaton,Heaton,i,Hamstring injury - Unknown return date,,4.0,587,49,0.1,443,50,0.0,341,22,0,0,0,0,0,239,320,0.0,0.0,0.0,0.0,0.0,425,25,0.0,0.0,411,25,399,6,343,1,415,25,,,,,,,,0.0,0.0,0.0,0.0,0.0,0.0,0.0,0.0,0.0,5,0,0.0,0.0,0.0,0.0,0.0,0.0,0.0,0.0,0.0,0.0,0.0,0.0,0.0,0.0,240.0,327.0,0.0,0.0,0.0,0.0,0.0,0.0,0.0,0.0,0.0,0.0,0.0,0.0,0.0
564,Kjell,Scherpen,Scherpen,a,,,4.5,461,34,0.6,238,35,0.5,280,21,0,0,0,0,0,852,3144,0.1,1.6,0.5,0.5,1.8,249,21,,,75,14,494,48,445,43,205,14,,,,,,,,0.0,0.0,0.0,1.68,3.75,0.0,2.5,1.0,0.0,5,0,0.0,0.0,0.0,0.0,0.0,0.0,0.0,0.0,0.0,0.0,0.0,0.0,0.0,0.0,875.0,3196.0,0.0,0.0,0.0,0.0,0.0,0.0,0.0,0.0,0.0,0.0,0.0,0.0,0.0
571,Florentino Ibrain,Morris Luís,Florentino,a,,,4.8,408,248,0.1,446,170,1.0,227,105,1,-1,1,-2,2,122,379,0.2,0.4,1.0,1.0,1.0,328,142,100.0,100.0,331,151,213,118,323,160,317,145,,,,,,,,0.0,0.03,0.03,2.25,0.0,0.0,0.0,0.0,6.0,5,1,17.0,0.0,0.0,0.0,0.0,0.0,0.0,0.0,0.0,0.0,0.0,0.0,0.0,1.0,122.0,395.0,0.0,0.0,0.0,0.0,0.48,0.0,1.0,0.0,0.0,0.0,0.0,0.0,0.0
619,Exequiel,Palacios,Palacios,a,,,5.0,261,164,0.1,474,183,3.0,119,48,2,0,0,0,0,600,942,0.6,2.2,3.0,3.0,2.8,165,68,,,175,70,133,85,307,157,201,97,,,,,,,,0.0,0.03,0.03,1.73,0.0,0.0,2.29,0.98,14.4,5,2,80.0,0.0,0.0,0.0,1.0,0.0,0.0,0.0,0.0,0.0,0.0,1.0,0.0,15.0,669.0,954.0,0.0,0.0,0.01999999999999999,0.01999999999999999,2.07,10.0,6.200000000000003,0.0,1.5999999999999996,1.0,2.0,3.0,6.0
640,Zian,Flemming,Flemming,a,,,5.5,142,37,0.1,452,66,2.5,153,17,0,0,0,0,0,1136,1139,0.5,1.1,2.5,2.5,2.0,238,24,,,224,19,264,32,86,21,203,22,,,,,,,,0.96,0.02,0.98,0.94,0.0,0.0,1.5,0.0,7.5,5,0,9.0,0.0,0.0,0.0,0.0,0.0,0.0,0.0,1.0,0.0,0.0,0.0,0.0,-2.0,1176.0,1152.0,0.0,0.09999999999999998,0.0,0.09999999999999998,0.16000000000000003,0.0,10.299999999999999,4.0,1.4000000000000004,1.0,0.0,2.0,3.0
260,Harry,Wilson,Wilson,i,Thigh injury - Unknown return date,,6.2,54,37,1.6,140,43,0.5,328,161,0,0,0,-3,3,83,45610,0.1,0.8,0.0,0.0,1.2,295,135,0.0,0.0,287,123,111,73,242,127,229,106,2.0,2.0,,,,,,0.01,0.06,0.07,2.04,0.0,0.62,0.62,0.62,6.83,5,0,0.0,0.0,0.0,0.0,0.0,0.0,0.0,0.0,0.0,0.0,0.0,0.0,0.0,0.0,85.0,47220.0,0.0,0.0,0.0,0.0,0.0,0.0,0.0,0.0,0.0,0.0,0.0,0.0,0.0
513,Xavi,Simons,Xavi,i,Knee injury - Unknown return date,,5.9,93,59,0.0,596,249,0.0,648,288,0,0,0,-1,1,60,87,0.0,0.0,0.0,0.0,0.0,658,292,0.0,0.0,655,291,659,292,653,290,659,292,,2.0,4.0,,,,,0.0,0.0,0.0,0.0,0.0,0.0,0.0,0.0,0.0,5,0,0.0,0.0,0.0,0.0,0.0,0.0,0.0,0.0,0.0,0.0,0.0,0.0,0.0,0.0,60.0,87.0,0.0,0.0,0.0,0.0,0.0,0.0,0.0,0.0,0.0,0.0,0.0,0.0,0.0
522,Archie,Gray,Gray,a,,,4.9,387,232,0.2,345,123,2.5,143,62,2,0,0,-1,1,521,1356,0.5,1.8,2.5,2.5,2.2,214,93,,,258,107,245,130,159,84,248,110,,,,,,,,0.07,0.01,0.08,1.79,0.0,0.29,2.05,0.88,7.92,5,2,71.0,0.0,0.0,0.0,3.0,0.0,0.0,0.0,0.0,0.0,0.0,0.0,0.0,14.0,531.0,1376.0,0.0,0.14,0.010000000000000002,0.15000000000000002,1.12,10.799999999999997,3.0999999999999996,17.0,3.1,2.0,1.0,2.0,5.0
625,Alex,Cairns,Cairns,a,,,4.0,595,56,0.2,329,39,0.0,349,29,0,0,0,0,0,942,863,0.0,0.0,0.0,0.0,0.0,433,32,,,419,32,407,13,351,8,423,32,,,,,,,,0.0,0.0,0.0,0.0,0.0,0.0,0.0,0.0,0.0,5,0,0.0,0.0,0.0,0.0,0.0,0.0,0.0,0.0,0.0,0.0,0.0,0.0,0.0,0.0,976.0,872.0,0.0,0.0,0.0,0.0,0.0,0.0,0.0,0.0,0.0,0.0,0.0,0.0,0.0
379,Alexander,Isak,Isak,d,Thigh injury - 75% chance of playing,,9.1,5,2,22.0,15,4,5.0,67,8,8,0,0,1,-1,122308,119407,0.5,3.6,3.8,5.0,6.6,16,3,75.0,,21,3,128,11,4,3,12,2,,,2.0,,,,,0.77,0.02,0.79,1.27,0.0,0.65,0.87,1.09,1.53,5,8,80.0,1.0,0.0,1.0,0.0,0.0,0.0,0.0,1.0,0.0,0.0,1.0,3.0,31.0,124209.0,122251.0,0.0,0.75,0.020000000000000004,0.77,0.6600000000000001,32.599999999999994,13.399999999999999,31.0,7.700000000000003,0.0,1.0,0.0,1.0
380,Hugo,Ekitiké,Ekitiké,i,Achilles injury - Unknown return date,,7.4,20,7,0.1,406,61,0.0,659,77,0,0,0,-1,1,449,930,0.0,0.0,0.0,0.0,0.0,664,78,0.0,0.0,665,78,665,78,665,78,665,78,,,,,,,,0.0,0.0,0.0,0.0,0.0,0.0,0.0,0.0,0.0,5,0,0.0,0.0,0.0,0.0,0.0,0.0,0.0,0.0,0.0,0.0,0.0,0.0,0.0,0.0,451.0,934.0,0.0,0.0,0.0,0.0,0.0,0.0,0.0,0.0,0.0,0.0,0.0,0.0,0.0
442,Nick,Pope,Pope,a,,,4.9,334,14,0.9,185,29,0.0,518,66,0,0,0,-1,1,979,3472,0.0,0.0,0.0,0.0,0.0,571,68,,,560,68,556,56,521,54,565,68,,,,,,,,0.0,0.0,0.0,0.0,0.0,0.0,0.0,0.0,0.0,5,0,0.0,0.0,0.0,0.0,0.0,0.0,0.0,0.0,0.0,0.0,0.0,0.0,0.0,0.0,994.0,3534.0,0.0,0.0,0.0,0.0,0.0,0.0,0.0,0.0,0.0,0.0,0.0,0.0,0.0
447,Sven,Botman,Botman,a,,,5.0,262,39,0.7,210,82,3.0,120,48,4,0,0,0,0,5766,3596,0.6,3.0,3.0,3.0,3.0,140,60,,,27,9,315,112,174,52,118,39,,,,,,,,0.01,0.03,0.04,1.83,0.0,0.2,1.8,1.0,11.8,5,4,90.0,0.0,0.0,0.0,1.0,0.0,0.0,0.0,0.0,0.0,0.0,1.0,0.0,12.0,5868.0,3645.0,0.0,0.049999999999999996,0.0,0.05000000000000002,1.5900000000000007,35.2,0.7999999999999998,17.0,5.299999999999999,1.0,17.0,1.0,18.0
448,Dan,Burn,Burn,i,Ankle injury - Expected back 12 Oct,,4.8,400,72,0.7,213,84,0.0,504,188,0,-1,1,-2,2,130,6538,0.0,0.0,0.0,0.0,0.0,563,202,0.0,0.0,550,202,547,201,508,196,555,202,,,,,,,,0.0,0.0,0.0,0.0,0.0,0.0,0.0,0.0,0.0,5,0,0.0,0.0,0.0,0.0,0.0,0.0,0.0,0.0,0.0,0.0,0.0,0.0,0.0,0.0,131.0,6669.0,0.0,0.0,0.0,0.0,0.0,0.0,0.0,0.0,0.0,0.0,0.0,0.0,0.0
300,Christian,Walton,Walton,a,,,4.4,542,44,0.4,270,36,1.0,217,19,2,0,0,-1,1,2110,1264,0.2,0.5,1.0,1.0,2.0,223,19,,,311,24,458,32,406,27,371,24,,,,,,,,0.0,0.01,0.01,2.24,1.0,0.0,1.0,1.0,0.0,5,2,90.0,0.0,0.0,0.0,1.0,0.0,0.0,0.0,0.0,0.0,1.0,1.0,0.0,10.0,2116.0,1287.0,0.0,0.0,0.01,0.01,2.24,12.0,0.0,0.0,1.2,0.0,2.0,17.0,0.0
301,Alex,Palmer,Palmer,a,,,4.0,597,57,3.9,89,14,0.0,351,30,0,0,0,0,0,4863,13831,0.0,0.0,0.0,0.0,0.0,435,33,,,421,33,409,14,353,9,425,33,,,,,,,,0.0,0.0,0.0,0.0,0.0,0.0,0.0,0.0,0.0,5,0,0.0,0.0,0.0,0.0,0.0,0.0,0.0,0.0,0.0,0.0,0.0,0.0,0.0,0.0,4976.0,14040.0,0.0,0.0,0.0,0.0,0.0,0.0,0.0,0.0,0.0,0.0,0.0,0.0,0.0
302,David,Button,Button,a,,,4.0,590,52,0.6,234,34,0.0,344,25,0,0,0,0,0,1860,1553,0.0,0.0,0.0,0.0,0.0,428,28,,,414,28,402,9,346,4,418,28,,,,,,,,0.0,0.0,0.0,0.0,0.0,0.0,0.0,0.0,0.0,5,0,0.0,0.0,0.0,0.0,0.0,0.0,0.0,0.0,0.0,0.0,0.0,0.0,0.0,0.0,1927.0,1575.0,0.0,0.0,0.0,0.0,0.0,0.0,0.0,0.0,0.0,0.0,0.0,0.0,0.0
303,Cédric,Kipré,Kipré,a,,,3.9,664,214,0.9,196,75,0.0,337,113,0,0,0,-1,1,5147,4945,0.0,0.0,0.0,0.0,0.0,421,148,,,407,148,395,144,339,129,411,147,,,,,,,,0.0,0.0,0.0,0.0,0.0,0.0,0.0,0.0,0.0,5,0,0.0,0.0,0.0,0.0,0.0,0.0,0.0,0.0,0.0,0.0,0.0,0.0,0.0,0.0,5554.0,5059.0,0.0,0.0,0.0,0.0,0.0,0.0,0.0,0.0,0.0,0.0,0.0,0.0,0.0
162,Andrey,Nascimento dos Santos,Andrey Santos,a,,,4.8,418,255,0.6,240,76,0.0,514,205,0,0,0,-2,2,1115,5542,0.0,0.8,0.0,0.0,1.3,282,128,,,267,112,299,150,269,138,309,140,,,,,,,,0.0,0.26,0.26,2.23,0.0,0.0,4.39,1.1,19.76,5,0,0.0,0.0,0.0,0.0,0.0,0.0,0.0,0.0,0.0,0.0,0.0,0.0,0.0,0.0,1138.0,5655.0,0.0,0.0,0.0,0.0,0.0,0.0,0.0,0.0,0.0,0.0,0.0,0.0,0.0
325,Karl,Darlow,Darlow,d,Unspecified injury - 75% chance of playing,,4.5,429,23,0.0,514,60,0.0,433,52,0,0,0,0,0,65,248,0.0,0.0,0.0,0.0,0.0,500,55,75.0,100.0,486,55,478,37,428,32,491,55,,,,,,,,0.0,0.0,0.0,0.0,0.0,0.0,0.0,0.0,0.0,5,0,0.0,0.0,0.0,0.0,0.0,0.0,0.0,0.0,0.0,0.0,0.0,0.0,0.0,0.0,65.0,250.0,0.0,0.0,0.0,0.0,0.0,0.0,0.0,0.0,0.0,0.0,0.0,0.0,0.0
412,Senne,Lammens,Lammens,a,,,4.9,368,19,9.8,38,6,3.0,117,13,4,0,0,-1,1,7990,55869,0.6,2.2,3.0,3.0,2.2,212,16,,,29,5,573,61,540,59,167,5,,,,,,,,0.0,0.0,0.0,1.36,3.2,0.0,1.6,1.0,0.0,5,4,90.0,0.0,0.0,0.0,1.0,0.0,0.0,0.0,0.0,0.0,6.0,1.0,0.0,22.0,8069.0,57162.0,0.0,0.0,0.0,0.0,1.62,47.20000000000002,0.0,0.0,4.700000000000001,0.0,0.0,5.0,0.0
413,Altay,Bayındır,Bayindir,u,Has joined Celta Vigo on loan for the rest of the season,,4.5,473,36,0.0,604,71,0.0,453,62,0,0,0,0,0,0,47,0.0,0.0,0.0,0.0,0.0,518,64,0.0,0.0,504,64,500,50,454,45,509,64,,,,,,,,0.0,0.0,0.0,0.0,0.0,0.0,0.0,0.0,0.0,5,0,0.0,0.0,0.0,0.0,0.0,0.0,0.0,0.0,0.0,0.0,0.0,0.0,0.0,0.0,0.0,47.0,0.0,0.0,0.0,0.0,0.0,0.0,0.0,0.0,0.0,0.0,0.0,0.0,0.0
312,Jack,Taylor,Taylor,i,Knee injury - Unknown return date,,4.4,555,289,0.0,538,219,0.0,414,166,0,-1,1,-1,1,407,323,0.0,0.0,0.0,0.0,0.0,485,202,0.0,0.0,471,194,463,200,412,172,476,195,,,,,,,,0.0,0.0,0.0,0.0,0.0,0.0,0.0,0.0,0.0,5,0,0.0,0.0,0.0,0.0,0.0,0.0,0.0,0.0,0.0,0.0,0.0,0.0,0.0,0.0,408.0,324.0,0.0,0.0,0.0,0.0,0.0,0.0,0.0,0.0,0.0,0.0,0.0,0.0,0.0
313,Jack,Clarke,Clarke,a,,,5.4,187,117,0.2,344,122,1.5,206,98,2,0,0,-1,1,233,1056,0.3,2.0,1.5,1.5,2.8,171,72,,,187,76,104,70,106,60,139,72,4.0,3.0,1.0,,,,,0.16,0.2,0.36,1.04,0.0,0.0,1.06,1.06,5.29,5,2,65.0,0.0,0.0,0.0,1.0,0.0,0.0,0.0,0.0,0.0,0.0,1.0,0.0,10.0,237.0,1086.0,0.0,0.0,0.33,0.33,1.68,10.0,30.099999999999998,2.0,4.199999999999999,0.0,2.0,2.0,4.0
648,Jean-Mattéo,Bahoya,Bahoya,a,,,5.0,318,194,0.0,595,248,0.5,303,145,1,0,0,0,0,121,192,0.1,0.2,0.5,0.5,1.0,357,161,,,397,186,382,191,600,257,405,190,,,,,,,,0.0,0.0,0.0,0.0,0.0,0.0,0.0,0.0,0.0,5,1,1.0,0.0,0.0,0.0,0.0,0.0,0.0,0.0,0.0,0.0,0.0,0.0,0.0,5.0,122.0,197.0,0.0,0.0,0.0,0.0,0.0,1.0,0.3,0.0,0.1,0.0,0.0,0.0,0.0
350,Alisson,Becker,A.Becker,a,,,5.5,127,3,4.2,82,12,8.5,11,1,8,0,0,0,0,16295,13696,1.5,4.9,8.5,8.5,5.4,48,4,,,79,15,641,72,628,71,211,16,,,,,,,,0.0,0.0,0.0,1.22,2.8,0.6,0.8,1.0,0.0,5,8,90.0,0.0,0.0,1.0,0.0,0.0,0.0,0.0,0.0,0.0,2.0,1.0,2.0,30.0,16405.0,13944.0,0.0,0.0,0.0,0.0,0.79,22.400000000000006,0.0,0.0,2.2,0.0,4.0,9.0,0.0
354,Vitezslav,Jaros,Jaros,i,Knee injury - Unknown return date,,4.0,615,65,0.0,572,68,0.0,363,38,0,0,0,0,0,230,177,0.0,0.0,0.0,0.0,0.0,445,41,0.0,0.0,431,41,422,22,366,17,436,41,,,,,,,,0.0,0.0,0.0,0.0,0.0,0.0,0.0,0.0,0.0,5,0,0.0,0.0,0.0,0.0,0.0,0.0,0.0,0.0,0.0,0.0,0.0,0.0,0.0,0.0,236.0,180.0,0.0,0.0,0.0,0.0,0.0,0.0,0.0,0.0,0.0,0.0,0.0,0.0,0.0
393,Abdukodir,Khusanov,Khusanov,a,,,5.4,206,27,1.4,158,64,0.0,621,210,0,0,0,-1,1,1586,9760,0.0,1.7,0.0,0.0,3.0,148,62,,,188,78,260,95,311,115,256,97,,,,,,,,0.0,0.02,0.02,0.9,0.0,0.34,0.67,1.01,5.71,5,0,0.0,0.0,0.0,0.0,0.0,0.0,0.0,0.0,0.0,0.0,0.0,0.0,0.0,0.0,1612.0,9872.0,0.0,0.0,0.0,0.0,0.0,0.0,0.0,0.0,0.0,0.0,0.0,0.0,0.0
396,Vitor,de Oliveira Nunes dos Reis,Vitor Reis,a,,,4.5,523,131,0.0,524,184,0.0,490,186,0,0,0,0,0,81,169,0.0,0.2,0.0,0.0,1.0,323,125,,,393,144,359,132,493,194,398,143,,,,,,,,0.0,0.0,0.0,0.0,0.0,0.0,0.0,0.0,0.0,5,0,0.0,0.0,0.0,0.0,0.0,0.0,0.0,0.0,0.0,0.0,0.0,0.0,0.0,0.0,82.0,169.0,0.0,0.0,0.0,0.0,0.0,0.0,0.0,0.0,0.0,0.0,0.0,0.0,0.0
397,Antoine,Semenyo,Semenyo,d,Ankle injury - 75% chance of playing,,8.4,6,4,15.0,28,10,10.0,6,3,17,0,0,-1,1,130430,96493,1.2,3.9,7.5,10.0,6.6,15,6,75.0,,14,9,15,14,16,9,10,9,,,2.0,,,,,0.07,0.23,0.3,1.45,0.0,0.4,1.0,1.0,4.4,5,17,90.0,2.0,1.0,0.0,3.0,0.0,0.0,0.0,0.0,0.0,0.0,1.0,2.0,65.0,130930.0,98703.0,0.0,0.16,0.16999999999999993,0.33000000000000007,3.57,95.60000000000001,34.19999999999999,42.0,17.2,2.0,2.0,3.0,7.0
398,Phil,Foden,Foden,s,Suspended until 17 Oct,,6.9,28,17,1.8,134,41,-1.0,666,298,0,0,0,-1,1,239,31733,-0.1,1.3,0.0,0.0,2.2,221,98,0.0,0.0,170,66,29,25,107,61,69,43,2.0,2.0,,,,,,0.67,0.36,1.03,0.79,0.0,0.0,0.83,1.24,5.81,5,0,0.0,0.0,0.0,0.0,0.0,0.0,0.0,0.0,0.0,0.0,0.0,0.0,0.0,0.0,240.0,35208.0,0.0,0.0,0.0,0.0,0.0,0.0,0.0,0.0,0.0,0.0,0.0,0.0,0.0
591,Julio,Enciso,Enciso,a,,,5.5,151,93,0.8,201,63,2.0,178,83,2,0,0,0,0,3033,6977,0.4,2.7,2.0,2.0,3.0,152,63,100.0,100.0,164,63,66,54,35,20,59,39,,,,,,,,0.27,0.19,0.46,1.85,0.0,0.0,2.4,1.09,6.76,5,2,73.0,0.0,0.0,0.0,1.0,0.0,0.0,0.0,0.0,0.0,0.0,1.0,0.0,11.0,3146.0,7130.0,0.0,0.33999999999999997,0.050000000000000044,0.3899999999999999,1.7600000000000007,4.400000000000006,12.899999999999991,25.0,4.200000000000003,0.0,0.0,5.0,5.0
592,Abdoul,Ouattara,Ouattara,a,,,4.0,646,197,0.8,197,76,1.5,195,64,2,0,0,0,0,831,2337,0.4,1.5,1.5,1.5,1.2,289,100,,,249,104,167,47,260,90,240,90,,,,,,,,0.01,0.02,0.03,2.15,0.0,0.0,1.37,0.69,7.56,5,2,90.0,0.0,0.0,0.0,1.0,0.0,0.0,0.0,0.0,0.0,0.0,1.0,0.0,17.0,849.0,2390.0,0.0,0.02,0.009999999999999998,0.030000000000000002,2.2399999999999998,20.0,11.400000000000002,9.0,3.9999999999999996,3.0,5.0,10.0,8.0
602,Cameron,Humphreys,Humphreys,u,Has joined Huddersfield Town on loan for the rest of the season,,4.5,493,263,0.0,568,236,0.0,465,180,0,0,0,0,0,0,257,0.0,0.0,0.0,0.0,0.0,529,215,0.0,0.0,515,207,512,213,469,185,520,208,,,,,,,,0.0,0.0,0.0,0.0,0.0,0.0,0.0,0.0,0.0,5,0,0.0,0.0,0.0,0.0,0.0,0.0,0.0,0.0,0.0,0.0,0.0,0.0,0.0,0.0,0.0,260.0,0.0,0.0,0.0,0.0,0.0,0.0,0.0,0.0,0.0,0.0,0.0,0.0,0.0
366,Florian,Wirtz,Wirtz,a,,,7.3,22,14,5.7,68,23,4.5,76,25,6,0,0,-2,2,5692,47405,0.6,2.5,4.5,4.5,3.6,115,46,,,147,52,16,15,33,18,29,20,2.0,2.0,4.0,,,,,0.22,0.09,0.31,1.08,0.0,0.67,0.9,1.12,8.06,5,6,70.0,0.0,1.0,1.0,0.0,0.0,0.0,0.0,0.0,0.0,0.0,1.0,0.0,25.0,5744.0,49774.0,0.0,0.21999999999999997,0.050000000000000044,0.27,0.6600000000000001,13.200000000000003,39.30000000000001,16.0,6.899999999999999,3.0,1.0,4.0,8.0
367,Cody,Gakpo,Gakpo,d,Ankle injury - 75% chance of playing,,7.2,23,15,12.1,34,13,2.0,191,92,3,0,0,2,-2,52747,121043,0.3,4.4,1.5,2.0,6.4,18,7,75.0,100.0,28,12,14,13,63,38,20,16,3.0,,3.0,,,,,0.16,0.42,0.58,1.34,0.0,0.49,0.97,0.97,7.78,5,3,90.0,0.0,0.0,1.0,0.0,0.0,0.0,0.0,0.0,0.0,0.0,1.0,0.0,13.0,54911.0,122193.0,0.0,0.2,0.49,0.6900000000000002,0.79,15.800000000000011,43.000000000000014,7.0,6.600000000000001,2.0,2.0,1.0,5.0
368,Dominik,Szoboszlai,Szoboszlai,a,,,6.9,29,18,32.4,7,3,2.5,162,75,2,-1,1,-1,1,42399,247524,0.4,2.9,2.5,2.5,4.0,99,39,,,60,21,6,6,80,48,21,17,1.0,1.0,1.0,,,,,0.29,0.17,0.46,1.23,0.0,0.61,0.82,1.02,8.39,5,2,80.0,0.0,0.0,1.0,0.0,0.0,0.0,0.0,1.0,0.0,0.0,1.0,0.0,5.0,43420.0,255075.0,0.0,0.1299999999999999,0.019999999999999907,0.15000000000000036,0.6600000000000001,1.5999999999999943,4.599999999999994,2.0,0.7999999999999972,2.0,2.0,2.0,6.0
424,Harry,Amass,Amass,a,,,4.0,649,200,0.2,332,124,0.0,392,144,0,0,0,0,0,463,871,0.0,0.0,0.0,0.0,0.0,469,172,,,455,172,446,171,391,157,460,172,,,,,,,,0.0,0.0,0.0,0.0,0.0,0.0,0.0,0.0,0.0,5,0,0.0,0.0,0.0,0.0,0.0,0.0,0.0,0.0,0.0,0.0,0.0,0.0,0.0,0.0,473.0,887.0,0.0,0.0,0.0,0.0,0.0,0.0,0.0,0.0,0.0,0.0,0.0,0.0,0.0
609,Leo,Shahar,Shahar,u,has joined Arouca on loan for the rest of the seaon.,,4.0,642,193,0.2,352,133,0.0,387,139,0,0,0,0,0,0,1986,0.0,0.0,0.0,0.0,0.0,465,168,0.0,0.0,451,168,442,167,386,152,456,168,,,,,,,,0.0,0.0,0.0,0.0,0.0,0.0,0.0,0.0,0.0,5,0,0.0,0.0,0.0,0.0,0.0,0.0,0.0,0.0,0.0,0.0,0.0,0.0,0.0,0.0,0.0,2005.0,0.0,0.0,0.0,0.0,0.0,0.0,0.0,0.0,0.0,0.0,0.0,0.0,0.0
601,Luca,Williams-Barnett,Williams-Barnett,a,,,4.5,521,273,0.1,389,142,0.0,489,188,0,0,0,0,0,182,816,0.0,0.0,0.0,0.0,0.0,550,223,,,537,215,533,221,491,193,542,216,,,,,,,,0.0,0.0,0.0,0.0,0.0,0.0,0.0,0.0,0.0,5,0,0.0,0.0,0.0,0.0,0.0,0.0,0.0,0.0,0.0,0.0,0.0,0.0,0.0,0.0,190.0,826.0,0.0,0.0,0.0,0.0,0.0,0.0,0.0,0.0,0.0,0.0,0.0,0.0,0.0
531,Melker,Ellborg,Ellborg,a,,,4.4,569,46,0.1,445,51,0.0,424,49,0,-1,1,-1,1,158,293,0.0,0.0,0.0,0.0,0.0,491,52,,,477,52,469,34,419,29,482,52,,,,,,,,0.0,0.0,0.0,0.0,0.0,0.0,0.0,0.0,0.0,5,0,0.0,0.0,0.0,0.0,0.0,0.0,0.0,0.0,0.0,0.0,0.0,0.0,0.0,0.0,160.0,298.0,0.0,0.0,0.0,0.0,0.0,0.0,0.0,0.0,0.0,0.0,0.0,0.0,0.0
532,Daniel,Ballard,Ballard,d,Hamstring injury - 75% chance of playing,,4.9,353,62,2.4,118,46,1.0,233,84,2,0,0,-1,1,3691,21865,0.2,2.9,0.8,1.0,2.8,162,67,75.0,,72,33,203,67,139,39,119,40,,,,,,,,0.06,0.03,0.09,1.73,0.0,0.2,2.0,1.0,9.8,5,2,90.0,0.0,0.0,0.0,5.0,0.0,0.0,0.0,0.0,0.0,0.0,1.0,0.0,-12.0,3737.0,23043.0,0.0,0.13999999999999999,0.0,0.13999999999999996,2.8200000000000003,28.400000000000006,0.3000000000000007,11.0,4.0,4.0,10.0,3.0,14.0
116,Lewis,Dunk,Dunk,d,Neck injury - 75% chance of playing,,4.5,433,85,1.5,151,61,6.0,35,19,0,0,0,0,0,7838,12086,1.3,4.9,4.5,6.0,5.5,44,15,75.0,,48,20,243,85,247,85,155,53,,3.0,,,,,,0.01,0.02,0.03,1.76,0.0,0.5,1.25,1.0,5.75,5,0,0.0,0.0,0.0,0.0,0.0,0.0,0.0,0.0,0.0,0.0,0.0,0.0,0.0,0.0,8071.0,12200.0,0.0,0.0,0.0,0.0,0.0,0.0,0.0,0.0,0.0,0.0,0.0,0.0,0.0
117,Diego,Coppola,Coppola,a,,,4.5,498,123,0.0,573,194,0.0,470,181,0,0,0,0,0,124,108,0.0,0.0,0.0,0.0,0.0,534,198,,,520,198,517,197,474,190,525,198,,,,,,,,0.0,0.0,0.0,0.0,0.0,0.0,0.0,0.0,0.0,5,0,0.0,0.0,0.0,0.0,0.0,0.0,0.0,0.0,0.0,0.0,0.0,0.0,0.0,0.0,125.0,111.0,0.0,0.0,0.0,0.0,0.0,0.0,0.0,0.0,0.0,0.0,0.0,0.0,0.0
605,Malick,Yalcouyé,Yalcouyé,a,,,4.5,520,272,3.9,86,29,4.5,71,22,1,0,0,0,0,29342,37185,1.0,4.4,4.5,4.5,4.0,89,37,,,58,20,74,57,28,15,36,26,,,,,,,,0.56,0.17,0.73,2.51,0.0,0.38,1.53,1.14,7.25,5,1,5.0,0.0,0.0,0.0,0.0,0.0,0.0,0.0,0.0,0.0,0.0,0.0,0.0,9.0,30864.0,37753.0,0.0,0.040000000000000036,0.18,0.21999999999999997,0.14000000000000057,2.200000000000003,10.299999999999997,6.0,1.9000000000000021,1.0,0.0,0.0,1.0
163,Dário,Luís Essugo,D.Essugo,u,Has joined RC Strasbourg on loan for the rest of the season,,4.5,484,261,0.1,434,163,0.0,457,178,0,0,0,0,0,0,806,0.0,0.0,0.0,0.0,0.0,521,213,0.0,0.0,507,205,504,211,461,183,512,206,,,,,,,,0.0,0.0,0.0,0.0,0.0,0.0,0.0,0.0,0.0,5,0,0.0,0.0,0.0,0.0,0.0,0.0,0.0,0.0,0.0,0.0,0.0,0.0,0.0,0.0,0.0,828.0,0.0,0.0,0.0,0.0,0.0,0.0,0.0,0.0,0.0,0.0,0.0,0.0,0.0
165,João Pedro,Junqueira de Jesus,João Pedro,d,Knee injury - 75% chance of playing,,7.7,16,5,64.6,2,2,6.0,45,6,0,-1,1,2,-2,78722,442761,0.8,4.3,4.5,4.5,8.2,5,1,75.0,75.0,10,2,49,1,21,10,15,3,,,,,,,,0.54,0.05,0.59,1.54,0.0,0.0,2.25,1.0,2.25,5,0,0.0,0.0,0.0,0.0,0.0,0.0,0.0,0.0,0.0,0.0,0.0,0.0,0.0,0.0,79770.0,477403.0,0.0,0.0,0.0,0.0,0.0,0.0,0.0,0.0,0.0,0.0,0.0,0.0,0.0
168,Marc,Guiu Paz,Marc Guiu,u,Has joined RB Leipzig permanently,,5.0,300,57,0.2,339,54,0.0,579,60,0,0,0,0,0,0,1724,0.0,0.0,0.0,0.0,0.0,617,69,0.0,0.0,608,64,614,68,591,63,614,68,,,,,,,,0.0,0.0,0.0,0.0,0.0,0.0,0.0,0.0,0.0,5,0,0.0,0.0,0.0,0.0,0.0,0.0,0.0,0.0,0.0,0.0,0.0,0.0,0.0,0.0,0.0,1764.0,0.0,0.0,0.0,0.0,0.0,0.0,0.0,0.0,0.0,0.0,0.0,0.0,0.0
200,Maxence,Lacroix,Lacroix,a,,,5.9,86,7,6.8,58,23,2.0,184,62,3,-1,1,-1,1,9980,32804,0.3,2.2,2.0,2.0,2.6,186,72,,,49,21,251,91,229,75,154,52,,,,,,,,0.04,0.05,0.09,1.96,0.0,0.0,2.47,0.99,11.62,5,3,90.0,0.0,0.0,0.0,3.0,0.0,0.0,0.0,0.0,0.0,0.0,1.0,0.0,-1.0,10088.0,33682.0,0.0,0.13,0.010000000000000009,0.13999999999999999,2.6499999999999995,29.400000000000006,1.3000000000000007,4.0,3.5,1.0,11.0,3.0,12.0
561,Aaron,Anselmino,Anselmino,a,,,4.5,525,132,0.0,571,193,0.0,492,187,0,0,0,0,0,75,114,0.0,0.0,0.0,0.0,0.0,551,201,100.0,100.0,538,201,534,200,494,195,543,201,,,,,,,,0.0,0.0,0.0,0.0,0.0,0.0,0.0,0.0,0.0,5,0,0.0,0.0,0.0,0.0,0.0,0.0,0.0,0.0,0.0,0.0,0.0,0.0,0.0,0.0,76.0,116.0,0.0,0.0,0.0,0.0,0.0,0.0,0.0,0.0,0.0,0.0,0.0,0.0,0.0
53,Johan,Manzambi,Manzambi,a,,,5.9,96,61,0.4,262,86,7.0,28,6,13,0,0,-1,1,32408,4309,1.2,2.4,7.0,7.0,7.0,12,4,100.0,100.0,145,50,186,107,72,44,130,70,,,,,,,,0.4,0.22,0.62,1.41,0.0,0.92,0.92,0.92,8.27,5,13,71.0,1.0,1.0,1.0,0.0,0.0,0.0,0.0,0.0,0.0,0.0,1.0,2.0,45.0,32423.0,4314.0,0.0,0.44,0.15999999999999998,0.6000000000000001,0.68,63.199999999999996,25.8,60.0,14.9,1.0,2.0,4.0,7.0
54,Joao,Gomes,Gomes,a,,,5.5,146,89,0.0,504,199,2.0,177,82,4,0,0,0,0,529,222,0.4,0.4,2.0,2.0,1.0,385,181,100.0,100.0,273,115,199,113,636,277,296,134,,,,,,,,0.0,0.02,0.02,2.89,0.0,0.0,4.19,1.4,13.95,5,4,90.0,0.0,0.0,0.0,2.0,0.0,0.0,0.0,0.0,0.0,0.0,1.0,0.0,13.0,539.0,229.0,0.0,0.0,0.019999999999999997,0.019999999999999997,1.5599999999999996,22.6,13.8,0.0,3.5999999999999996,5.0,5.0,3.0,13.0
91,Ethan,Pinnock,Pinnock,a,,,4.5,458,102,0.1,459,165,5.0,57,27,8,0,0,0,0,498,285,1.1,3.1,5.0,5.0,3.5,117,47,,,94,43,339,122,254,86,204,72,,,,,,,,0.04,0.0,0.04,2.1,0.0,0.32,2.23,0.96,14.04,5,8,90.0,0.0,0.0,1.0,0.0,0.0,0.0,0.0,0.0,0.0,0.0,1.0,0.0,24.0,503.0,290.0,0.0,0.0,0.0,0.0,1.1000000000000005,50.8,0.30000000000000004,0.0,5.1000000000000005,0.0,19.0,1.0,19.0
104,Frank,Onyeka,Onyeka,a,,,4.9,360,215,0.1,423,156,2.5,142,61,3,0,0,-1,1,192,519,0.5,1.8,2.5,2.5,2.2,211,92,100.0,100.0,286,122,308,158,182,97,300,135,,,,,,,,0.01,0.01,0.02,1.81,0.0,0.29,2.01,1.15,8.03,5,3,90.0,0.0,0.0,1.0,0.0,0.0,0.0,0.0,0.0,0.0,0.0,1.0,0.0,10.0,198.0,534.0,0.0,0.0,0.0,0.0,1.0999999999999996,9.2,1.8000000000000003,0.0,1.1,2.0,4.0,3.0,9.0
171,Oliver,Dovin,Dovin,u,Has joined Leyton Orient on loan for the rest of the season,,4.0,628,70,1.0,179,28,0.0,373,43,0,0,0,0,0,0,5556,0.0,0.0,0.0,0.0,0.0,453,46,0.0,0.0,439,46,430,27,374,22,444,46,,,,,,,,0.0,0.0,0.0,0.0,0.0,0.0,0.0,0.0,0.0,5,0,0.0,0.0,0.0,0.0,0.0,0.0,0.0,0.0,0.0,0.0,0.0,0.0,0.0,0.0,0.0,5645.0,0.0,0.0,0.0,0.0,0.0,0.0,0.0,0.0,0.0,0.0,0.0,0.0,0.0
174,Liam,Kitching,Kitching,u,Has joined Sheffield United on loan for the rest of the season,,4.0,617,175,0.3,282,104,0.0,365,124,0,0,0,0,0,0,2122,0.0,0.0,0.0,0.0,0.0,446,156,0.0,0.0,432,156,423,155,367,140,437,156,,,,,,,,0.0,0.0,0.0,0.0,0.0,0.0,0.0,0.0,0.0,5,0,0.0,0.0,0.0,0.0,0.0,0.0,0.0,0.0,0.0,0.0,0.0,0.0,0.0,0.0,0.0,2166.0,0.0,0.0,0.0,0.0,0.0,0.0,0.0,0.0,0.0,0.0,0.0,0.0,0.0
175,Milan,van Ewijk,van Ewijk,d,Hamstring injury - 75% chance of playing,,4.0,622,178,8.6,43,14,0.0,369,126,0,0,0,0,0,1265,87940,0.0,1.5,0.0,0.0,1.5,269,95,75.0,,160,67,108,28,224,72,171,60,,,,,,,,0.0,0.08,0.08,1.88,0.0,0.0,2.5,1.0,6.75,5,0,0.0,0.0,0.0,0.0,0.0,0.0,0.0,0.0,0.0,0.0,0.0,0.0,0.0,0.0,1370.0,89635.0,0.0,0.0,0.0,0.0,0.0,0.0,0.0,0.0,0.0,0.0,0.0,0.0,0.0
462,Sean,Steur,Steur,a,,,4.9,398,242,0.1,457,176,2.5,144,63,3,0,0,-1,1,297,443,0.5,1.6,2.5,2.5,1.6,265,117,,,235,101,112,74,559,236,225,103,,,,,,,,0.0,0.02,0.02,1.71,0.0,0.4,2.02,0.81,8.48,5,3,65.0,0.0,0.0,1.0,0.0,0.0,0.0,0.0,0.0,0.0,0.0,1.0,0.0,18.0,301.0,450.0,0.0,0.0,0.03,0.03,0.5200000000000005,16.0,30.300000000000004,0.0,4.6000000000000005,2.0,2.0,3.0,7.0
65,Julián,Araujo Zúñiga,J.Araujo,i,Thigh injury - Unknown return date,,4.4,559,146,0.0,603,204,0.0,416,162,0,0,0,-1,1,48,66,0.0,0.0,0.0,0.0,0.0,486,183,0.0,0.0,472,183,464,182,414,171,477,183,,,,,,,,0.0,0.0,0.0,0.0,0.0,0.0,0.0,0.0,0.0,5,0,0.0,0.0,0.0,0.0,0.0,0.0,0.0,0.0,0.0,0.0,0.0,0.0,0.0,0.0,48.0,68.0,0.0,0.0,0.0,0.0,0.0,0.0,0.0,0.0,0.0,0.0,0.0,0.0,0.0
67,Rayan Vitor,Simplício Rocha,Rayan,a,,,6.3,50,34,1.6,146,44,2.0,186,88,2,-1,1,-2,2,4996,11025,0.3,1.6,2.0,2.0,2.0,243,107,,,254,104,118,79,38,21,108,58,,,,,,,,0.18,0.09,0.27,1.32,0.0,0.0,1.45,1.04,3.11,5,2,87.0,0.0,0.0,0.0,1.0,0.0,0.0,0.0,0.0,0.0,0.0,1.0,0.0,17.0,5068.0,11325.0,0.0,0.0,0.35,0.3500000000000001,1.3999999999999995,8.399999999999999,16.9,8.0,3.3000000000000007,2.0,1.0,1.0,4.0
186,Ephron,Mason-Clark,Mason-Clark,a,,,5.3,217,136,0.1,440,166,1.0,241,112,1,-1,1,-2,2,83,392,0.2,0.9,1.0,1.0,1.2,292,133,100.0,100.0,299,129,113,75,89,53,187,91,,,,,,,,0.2,0.05,0.25,1.23,0.0,0.0,1.17,1.56,5.84,5,1,45.0,0.0,0.0,0.0,0.0,0.0,0.0,0.0,0.0,0.0,0.0,1.0,0.0,6.0,84.0,404.0,0.0,0.020000000000000018,0.04999999999999999,0.06999999999999995,0.6000000000000001,5.200000000000001,33.8,6.0,4.499999999999999,0.0,0.0,2.0,2.0
187,Josh,Eccles,Eccles,i,Unspecified injury - Expected back 12 Oct,,4.8,412,252,0.0,614,260,0.0,511,203,0,-1,1,-2,2,28,108,0.0,0.0,0.0,0.0,0.0,568,236,0.0,0.0,557,229,552,234,515,208,562,230,,,,,,,,0.0,0.0,0.0,0.0,0.0,0.0,0.0,0.0,0.0,5,0,0.0,0.0,0.0,0.0,0.0,0.0,0.0,0.0,0.0,0.0,0.0,0.0,0.0,0.0,28.0,109.0,0.0,0.0,0.0,0.0,0.0,0.0,0.0,0.0,0.0,0.0,0.0,0.0,0.0
188,Victor,Torp,Torp,a,,,5.3,215,134,0.1,422,155,0.5,310,149,0,-1,1,-2,2,46,498,0.1,0.6,0.5,0.5,1.0,364,165,,,345,160,218,119,611,263,331,156,2.0,2.0,2.0,,,,,0.0,0.2,0.2,2.07,0.0,0.0,3.4,0.0,5.09,5,0,0.0,0.0,0.0,0.0,0.0,0.0,0.0,0.0,0.0,0.0,0.0,0.0,0.0,0.0,47.0,510.0,0.0,0.0,0.0,0.0,0.0,0.0,0.0,0.0,0.0,0.0,0.0,0.0,0.0
193,Haji,Wright,Wright,i,Thigh injury - Unknown return date,,5.3,210,48,0.1,469,67,0.0,597,64,0,-1,1,-2,2,52,632,0.0,0.0,0.0,0.0,0.0,632,73,0.0,0.0,623,68,629,72,609,68,629,72,,,1.0,,,,,0.0,0.0,0.0,0.0,0.0,0.0,0.0,0.0,0.0,5,0,0.0,0.0,0.0,0.0,0.0,0.0,0.0,0.0,0.0,0.0,0.0,0.0,0.0,0.0,52.0,647.0,0.0,0.0,0.0,0.0,0.0,0.0,0.0,0.0,0.0,0.0,0.0,0.0,0.0
387,Nico,O'Reilly,O'Reilly,d,Unspecified injury - 75% chance of playing,,6.3,49,4,10.7,37,12,1.0,264,86,1,-1,1,-2,2,5448,87060,0.2,1.0,0.8,1.0,1.5,275,99,75.0,100.0,290,115,158,42,145,40,224,82,,,,,,,,0.48,0.24,0.72,1.16,0.0,0.0,1.1,1.1,2.76,5,1,5.0,0.0,0.0,0.0,0.0,0.0,0.0,0.0,0.0,0.0,0.0,0.0,0.0,3.0,5569.0,89739.0,0.0,0.78,0.0,0.78,0.3900000000000001,5.4,0.7999999999999972,17.0,2.3,1.0,1.0,1.0,2.0
88,Michael,Kayode,Kayode,a,,,4.6,427,83,7.6,49,18,3.5,97,41,6,0,0,1,-1,16930,24798,0.8,5.0,3.5,3.5,4.6,71,32,,,151,65,175,54,82,14,137,46,,,,,,,,0.17,0.13,0.3,0.99,0.0,0.61,0.31,1.22,4.9,5,6,68.0,0.0,0.0,1.0,0.0,0.0,0.0,0.0,0.0,0.0,0.0,1.0,0.0,20.0,17050.0,26024.0,0.0,0.0,0.07,0.06999999999999995,0.5500000000000003,2.5999999999999943,1.0,0.0,0.40000000000000036,1.0,1.0,2.0,2.0
90,Aaron,Hickey,Hickey,a,,,4.5,478,116,0.1,462,166,1.0,222,79,1,0,0,0,0,211,285,0.2,1.1,1.0,1.0,1.0,320,123,,,244,99,285,103,284,101,298,111,,,,,,,,0.02,0.04,0.06,1.82,0.0,0.0,1.78,0.59,10.07,5,1,21.0,0.0,0.0,0.0,0.0,0.0,0.0,0.0,0.0,0.0,0.0,0.0,0.0,5.0,211.0,290.0,0.0,0.0,0.009999999999999995,0.009999999999999995,0.2799999999999998,11.199999999999996,0.2999999999999998,0.0,1.2000000000000002,0.0,4.0,0.0,4.0
93,Jannik,Schuster,Schuster,a,,,4.5,491,120,0.3,278,101,8.5,8,3,14,0,0,0,0,19004,3130,1.9,4.7,8.5,8.5,7.0,11,6,,,91,42,269,97,209,64,180,65,,,,,,,,0.04,0.19,0.23,1.49,0.0,0.36,1.07,0.71,13.52,5,14,90.0,0.0,1.0,1.0,0.0,0.0,0.0,0.0,0.0,0.0,0.0,1.0,3.0,43.0,19009.0,3147.0,0.0,0.0,0.52,0.52,0.8300000000000005,53.00000000000001,10.8,4.0,6.8,1.0,15.0,3.0,16.0
195,Ellis,Simms,Simms,a,,,4.9,350,64,0.6,226,36,0.5,287,31,1,-1,1,-1,1,2461,5973,0.1,0.8,0.5,0.5,1.3,283,33,,,342,34,208,22,133,24,255,26,,,,,,,,0.26,0.01,0.27,2.41,0.0,0.0,2.6,0.87,2.6,5,1,16.0,0.0,0.0,0.0,0.0,0.0,0.0,0.0,0.0,0.0,0.0,0.0,0.0,3.0,2493.0,6168.0,0.0,0.0,0.0,0.0,0.2400000000000002,0.20000000000000018,0.3000000000000007,0.0,0.09999999999999964,0.0,0.0,0.0,0.0
197,Norman,Bassette,Bassette,u,Has joined KVC Westerlo on loan for the rest of the season,,4.5,497,70,0.0,561,75,0.0,469,45,0,0,0,0,0,0,161,0.0,0.0,0.0,0.0,0.0,533,55,0.0,0.0,519,49,516,54,473,48,524,53,,,,,,,,0.0,0.0,0.0,0.0,0.0,0.0,0.0,0.0,0.0,5,0,0.0,0.0,0.0,0.0,0.0,0.0,0.0,0.0,0.0,0.0,0.0,0.0,0.0,0.0,0.0,165.0,0.0,0.0,0.0,0.0,0.0,0.0,0.0,0.0,0.0,0.0,0.0,0.0,0.0
492,Taiwo,Awoniyi,Awoniyi,s,Suspended until 19 Oct,,5.4,176,42,0.4,273,47,-1.0,665,79,0,-1,1,-1,1,83,5697,-0.2,0.6,0.0,0.0,0.8,408,48,0.0,0.0,302,31,137,14,50,16,161,19,,,5.0,,,,,0.5,0.02,0.52,1.38,0.0,0.0,2.72,1.16,4.27,5,0,0.0,0.0,0.0,0.0,0.0,0.0,0.0,0.0,0.0,0.0,0.0,0.0,0.0,0.0,84.0,5966.0,0.0,0.0,0.0,0.0,0.0,0.0,0.0,0.0,0.0,0.0,0.0,0.0,0.0
575,Caleb,Yirenkyi,Yirenkyi,a,,,4.8,421,256,0.1,372,134,2.0,166,77,3,-1,1,-2,2,341,1137,0.4,1.9,2.0,2.0,1.8,253,111,,,298,128,150,96,278,143,271,120,,,,,,,,0.01,0.05,0.06,1.44,0.0,0.68,1.7,1.02,7.13,5,3,90.0,0.0,0.0,1.0,0.0,0.0,0.0,0.0,0.0,0.0,0.0,1.0,0.0,10.0,341.0,1180.0,0.0,0.0,0.009999999999999981,0.009999999999999981,1.08,5.0,11.700000000000003,0.0,1.7000000000000002,1.0,2.0,2.0,5.0
599,Sidiki,Cherif,Cherif,a,,,5.0,326,61,0.1,417,64,0.5,306,34,0,0,0,0,0,612,838,0.1,0.2,0.5,0.5,1.0,359,38,,,398,44,388,48,603,66,406,47,,,,,,,,0.0,0.0,0.0,4.29,0.0,0.0,9.0,0.0,3.0,5,0,0.0,0.0,0.0,0.0,0.0,0.0,0.0,0.0,0.0,0.0,0.0,0.0,0.0,0.0,624.0,849.0,0.0,0.0,0.0,0.0,0.0,0.0,0.0,0.0,0.0,0.0,0.0,0.0,0.0
666,Kyran,Thompson,Thompson,a,,,4.5,537,283,0.0,643,278,0.0,502,197,0,0,0,0,0,253,38,0.0,0.0,1.1,1.1,0.0,561,231,,,548,223,544,229,505,202,553,224,,,,,,,,0.0,0.0,0.0,0.0,0.0,0.0,0.0,0.0,0.0,5,0,0.0,0.0,0.0,0.0,0.0,0.0,0.0,0.0,0.0,0.0,0.0,0.0,0.0,0.0,253.0,38.0,0.0,0.0,0.0,0.0,0.0,0.0,0.0,0.0,0.0,0.0,0.0,0.0,0.0
167,Liam,Delap,Delap,a,,,5.6,121,31,2.7,109,17,3.0,131,12,1,1,-1,1,-1,27135,32553,0.5,1.6,3.0,3.0,2.2,219,22,,,217,18,79,7,61,18,109,16,,,3.0,,,,,0.29,0.11,0.4,0.85,0.0,0.32,0.97,0.97,5.52,5,1,90.0,0.0,0.0,0.0,1.0,0.0,0.0,0.0,1.0,0.0,0.0,1.0,0.0,9.0,33600.0,32874.0,0.0,0.13,0.20999999999999996,0.33999999999999997,0.6700000000000002,5.0,25.099999999999994,21.0,5.099999999999998,1.0,2.0,5.0,8.0
201,Daniel,Muñoz Mejía,Muñoz,a,,,5.4,183,21,5.7,69,28,2.0,173,61,2,0,0,-1,1,9059,34024,0.4,0.9,2.0,2.0,1.2,293,102,,,220,88,90,19,49,4,106,35,,,,,,,,0.21,0.07,0.28,0.91,0.0,0.0,1.4,1.05,5.25,5,2,82.0,0.0,0.0,0.0,1.0,0.0,0.0,0.0,0.0,0.0,0.0,1.0,0.0,5.0,13746.0,34552.0,0.0,0.12,0.01999999999999999,0.14,0.6699999999999999,4.0,3.799999999999997,15.0,2.3000000000000007,1.0,2.0,3.0,3.0
467,Matz,Sels,Sels,a,,,5.0,240,5,1.6,144,21,2.5,145,14,2,0,0,0,0,2387,7169,0.5,2.8,2.5,2.5,2.8,164,14,,,114,19,586,63,561,61,234,19,,,,,,,,0.0,0.0,0.0,0.95,2.2,0.2,1.0,1.0,0.0,5,2,90.0,0.0,0.0,0.0,1.0,0.0,0.0,0.0,0.0,0.0,2.0,1.0,0.0,10.0,2932.0,7307.0,0.0,0.0,0.0,0.0,0.6699999999999999,13.799999999999997,0.0,0.0,1.3999999999999995,0.0,0.0,9.0,0.0
468,John Victor,Maciel Furtado,John,a,,,4.5,455,32,0.1,484,56,0.0,443,59,0,0,0,0,0,70,167,0.0,0.0,0.0,0.0,0.0,509,61,,,495,61,490,46,441,41,500,61,,,,,,,,0.0,0.0,0.0,0.0,0.0,0.0,0.0,0.0,0.0,5,0,0.0,0.0,0.0,0.0,0.0,0.0,0.0,0.0,0.0,0.0,0.0,0.0,0.0,0.0,70.0,169.0,0.0,0.0,0.0,0.0,0.0,0.0,0.0,0.0,0.0,0.0,0.0,0.0,0.0
469,Neco,Williams,N.Williams,a,,,5.0,260,38,8.7,42,13,2.0,170,60,2,0,0,0,0,13276,54171,0.4,3.8,2.0,2.0,3.8,102,43,,,97,45,28,4,114,27,50,7,2.0,3.0,,,,,,0.08,0.12,0.2,0.95,0.0,0.2,1.0,1.0,5.8,5,2,90.0,0.0,0.0,0.0,1.0,0.0,0.0,0.0,0.0,0.0,0.0,1.0,0.0,19.0,19923.0,54774.0,0.0,0.08999999999999997,0.20999999999999996,0.30000000000000004,0.6699999999999999,20.60000000000001,61.800000000000004,16.0,9.8,1.0,1.0,8.0,2.0
62,Bafodé,Diakité,Diakité,a,,,4.9,356,63,0.2,366,140,0.0,529,194,0,-1,1,-1,1,527,1058,0.0,0.0,0.0,0.0,0.0,580,206,,,569,207,567,206,533,203,574,207,,,,,,,,0.0,0.0,0.0,0.0,0.0,0.0,0.0,0.0,0.0,5,0,0.0,0.0,0.0,0.0,0.0,0.0,0.0,0.0,0.0,0.0,0.0,0.0,0.0,0.0,532.0,1072.0,0.0,0.0,0.0,0.0,0.0,0.0,0.0,0.0,0.0,0.0,0.0,0.0,0.0
63,Veljko,Milosavljevic,Milosavljević,i,Thigh injury - Unknown return date,,4.9,396,71,0.0,621,210,0.0,553,197,0,0,0,-1,1,41,55,0.0,0.0,0.0,0.0,0.0,593,208,0.0,0.0,584,209,584,208,557,205,590,209,,,,,,,,0.0,0.0,0.0,0.0,0.0,0.0,0.0,0.0,0.0,5,0,0.0,0.0,0.0,0.0,0.0,0.0,0.0,0.0,0.0,0.0,0.0,0.0,0.0,0.0,41.0,56.0,0.0,0.0,0.0,0.0,0.0,0.0,0.0,0.0,0.0,0.0,0.0,0.0,0.0
122,Yankuba,Minteh,Minteh,i,Leg injury - Expected back 28 Nov,,5.8,109,69,0.0,543,222,0.0,641,285,0,-1,1,-2,2,48,252,0.0,0.0,0.0,0.0,0.0,653,289,0.0,0.0,649,288,654,289,647,287,654,289,5.0,,,,,,,0.0,0.0,0.0,0.0,0.0,0.0,0.0,0.0,0.0,5,0,0.0,0.0,0.0,0.0,0.0,0.0,0.0,0.0,0.0,0.0,0.0,0.0,0.0,0.0,48.0,254.0,0.0,0.0,0.0,0.0,0.0,0.0,0.0,0.0,0.0,0.0,0.0,0.0,0.0
123,Jack,Hinshelwood,Hinshelwood,i,Ankle injury - Expected back 10 Oct,,5.9,94,60,0.5,242,78,0.0,649,289,0,0,0,-1,1,330,7516,0.0,2.7,0.0,0.0,16.0,1,1,0.0,0.0,127,42,259,135,75,46,153,80,,,,,,,,2.01,0.03,2.04,0.27,0.0,1.43,0.0,1.43,4.29,5,0,0.0,0.0,0.0,0.0,0.0,0.0,0.0,0.0,0.0,0.0,0.0,0.0,0.0,0.0,330.0,7724.0,0.0,0.0,0.0,0.0,0.0,0.0,0.0,0.0,0.0,0.0,0.0,0.0,0.0
124,Pascal,Groß,Groß,a,,,5.9,79,52,29.9,8,4,15.5,1,1,14,2,-2,4,-4,882712,16141,2.6,8.0,15.5,15.5,9.4,2,2,,,1,1,2,2,43,26,3,3,1.0,1.0,1.0,,,,,0.35,0.17,0.52,1.73,0.0,0.6,1.0,1.0,5.2,5,14,90.0,1.0,1.0,1.0,0.0,0.0,0.0,0.0,0.0,0.0,0.0,1.0,3.0,47.0,888443.0,18056.0,0.0,0.1100000000000001,0.25,0.3599999999999999,1.63,58.400000000000006,30.30000000000001,16.0,10.5,1.0,3.0,1.0,5.0
226,Jordan,Pickford,Pickford,a,,,5.5,126,2,9.2,41,7,7.0,24,4,8,0,0,0,0,32676,18960,1.3,4.5,7.0,7.0,5.0,57,5,,,45,7,640,71,627,70,181,7,,,,,,,,0.0,0.0,0.0,1.39,3.0,0.6,0.6,1.0,0.0,5,8,90.0,0.0,0.0,1.0,0.0,0.0,0.0,0.0,0.0,0.0,4.0,1.0,1.0,34.0,33679.0,19306.0,0.0,0.0,0.0,0.0,1.4400000000000004,35.0,0.0,0.0,3.5,0.0,1.0,7.0,0.0
229,James,Tarkowski,Tarkowski,a,,,6.2,53,5,16.9,25,8,11.0,3,1,14,1,-1,2,-2,264999,28226,1.8,6.9,11.0,11.0,8.6,3,1,,,17,3,195,62,154,45,84,23,,,,,,,,0.04,0.01,0.05,1.39,0.0,0.6,0.6,1.0,10.2,5,14,90.0,0.0,1.0,1.0,0.0,0.0,0.0,0.0,0.0,0.0,0.0,1.0,3.0,43.0,268035.0,28800.0,0.0,0.009999999999999981,0.010000000000000002,0.01999999999999999,1.4400000000000004,36.0,10.700000000000001,1.0,4.800000000000001,1.0,11.0,5.0,12.0
291,Eliot,Matazo,Matazo,i,Knee injury - Unknown return date,,4.5,477,260,0.0,634,271,0.0,455,177,0,0,0,0,0,34,67,0.0,0.0,0.0,0.0,0.0,519,212,0.0,0.0,505,204,502,210,456,182,510,205,,,,,,,,0.0,0.0,0.0,0.0,0.0,0.0,0.0,0.0,0.0,5,0,0.0,0.0,0.0,0.0,0.0,0.0,0.0,0.0,0.0,0.0,0.0,0.0,0.0,0.0,34.0,68.0,0.0,0.0,0.0,0.0,0.0,0.0,0.0,0.0,0.0,0.0,0.0,0.0,0.0
490,Chris,Wood,Wood,a,,,5.8,97,25,0.9,191,30,1.0,258,29,1,0,0,-2,2,2368,7150,0.2,0.7,1.0,1.0,1.0,389,45,,,395,43,307,39,316,41,385,44,,,2.0,,,,,0.17,0.01,0.18,0.77,0.0,0.0,1.45,0.0,1.45,5,1,17.0,0.0,0.0,0.0,0.0,0.0,0.0,0.0,0.0,0.0,0.0,0.0,0.0,4.0,2430.0,7296.0,0.0,0.0,0.0,0.0,0.040000000000000036,1.0,2.3,0.0,0.29999999999999993,0.0,0.0,0.0,0.0
491,Igor Jesus,Maciel da Cruz,Igor Jesus,a,,,5.8,106,27,2.6,111,18,4.0,90,10,1,0,0,-2,2,8927,26177,0.7,2.1,4.0,4.0,2.4,199,20,,,177,13,156,16,36,14,90,15,,,4.0,,,,,0.44,0.03,0.47,0.91,0.0,0.0,1.05,0.7,5.25,5,1,31.0,0.0,0.0,0.0,0.0,0.0,0.0,0.0,0.0,0.0,0.0,0.0,0.0,4.0,9897.0,26572.0,0.0,0.15999999999999992,0.009999999999999995,0.17000000000000015,0.040000000000000036,3.3999999999999986,9.200000000000003,14.0,2.700000000000003,0.0,0.0,3.0,3.0
493,Arnaud,Kalimuendo,Kalimuendo,a,,,5.4,190,44,0.1,497,70,0.0,615,66,0,0,0,-1,1,258,460,0.0,0.2,0.0,0.0,1.0,378,42,,,632,69,635,73,622,70,637,73,,,,,,,,0.0,0.0,0.0,0.0,0.0,0.0,0.0,0.0,0.0,5,0,0.0,0.0,0.0,0.0,0.0,0.0,0.0,0.0,0.0,0.0,0.0,0.0,0.0,0.0,260.0,465.0,0.0,0.0,0.0,0.0,0.0,0.0,0.0,0.0,0.0,0.0,0.0,0.0,0.0
558,Xaver,Schlager,Schlager,a,,,5.0,256,160,0.1,405,147,2.5,146,64,2,0,0,0,0,247,890,0.5,2.6,2.5,2.5,2.6,180,79,,,137,45,198,112,152,80,177,87,3.0,,,,,,,0.05,0.04,0.09,1.06,0.0,0.24,1.2,0.96,11.73,5,2,90.0,0.0,0.0,0.0,1.0,0.0,0.0,0.0,0.0,0.0,0.0,1.0,0.0,16.0,281.0,898.0,0.0,0.04999999999999999,0.09999999999999999,0.15,0.6699999999999999,13.600000000000009,5.800000000000001,4.0,2.3000000000000007,2.0,2.0,3.0,7.0
101,Jordan,Henderson,Henderson,a,,,4.9,332,202,0.0,526,210,1.0,230,106,2,0,0,-1,1,566,184,0.2,0.4,1.0,0.5,2.0,227,99,100.0,50.0,294,125,277,141,519,210,329,154,3.0,,,,,,,0.0,0.08,0.08,2.65,0.0,0.0,3.0,1.0,10.0,5,2,90.0,0.0,0.0,0.0,3.0,0.0,0.0,0.0,0.0,0.0,0.0,1.0,0.0,16.0,566.0,187.0,0.0,0.0,0.08,0.08,2.65,16.6,10.4,0.0,2.7,1.0,2.0,7.0,10.0
136,Danny,Welbeck,Welbeck,a,,,5.9,78,20,1.0,177,28,1.5,210,21,2,0,0,-1,1,9443,10542,0.3,0.7,1.5,1.5,1.3,287,34,100.0,100.0,300,30,177,19,228,34,269,30,,,,,,,,0.0,0.15,0.15,2.11,0.0,0.0,1.06,1.06,5.29,5,2,70.0,0.0,0.0,0.0,1.0,0.0,0.0,0.0,0.0,0.0,0.0,1.0,0.0,8.0,10943.0,10703.0,0.0,0.0,0.08000000000000002,0.08000000000000002,1.45,7.2,21.800000000000004,8.0,3.6999999999999997,1.0,1.0,2.0,4.0
141,Filip,Jörgensen,Jörgensen,u,Has joined RC Strasbourg on loan for the rest of the season,,5.0,303,13,0.0,618,72,0.0,582,73,0,0,0,0,0,0,34,0.0,0.0,0.0,0.0,0.0,619,73,0.0,0.0,610,73,616,70,593,69,616,73,,,,,,,,0.0,0.0,0.0,0.0,0.0,0.0,0.0,0.0,0.0,5,0,0.0,0.0,0.0,0.0,0.0,0.0,0.0,0.0,0.0,0.0,0.0,0.0,0.0,0.0,0.0,34.0,0.0,0.0,0.0,0.0,0.0,0.0,0.0,0.0,0.0,0.0,0.0,0.0,0.0
143,Trevoh,Chalobah,Chalobah,u,Has joined Como permanently,,5.5,132,14,0.1,471,169,0.0,625,211,0,0,0,0,0,0,354,0.0,0.0,0.0,0.0,0.0,643,215,0.0,0.0,638,216,643,216,630,214,643,216,,,,,,,,0.0,0.0,0.0,0.0,0.0,0.0,0.0,0.0,0.0,5,0,0.0,0.0,0.0,0.0,0.0,0.0,0.0,0.0,0.0,0.0,0.0,0.0,0.0,0.0,0.0,358.0,0.0,0.0,0.0,0.0,0.0,0.0,0.0,0.0,0.0,0.0,0.0,0.0,0.0
144,Malo,Gusto,Gusto,a,,,4.9,373,69,0.9,184,70,0.5,288,101,0,-1,1,-1,1,1784,7423,0.1,0.8,0.5,0.5,1.0,339,131,,,248,103,164,45,233,79,233,86,6.0,,,,,,,0.03,0.04,0.07,1.16,0.0,0.0,2.32,0.99,4.96,5,0,0.0,0.0,0.0,0.0,0.0,0.0,0.0,0.0,0.0,0.0,0.0,0.0,0.0,0.0,1842.0,7528.0,0.0,0.0,0.0,0.0,0.0,0.0,0.0,0.0,0.0,0.0,0.0,0.0,0.0
145,Wesley,Fofana,Fofana,a,,,5.0,276,42,0.2,324,120,2.5,148,55,4,0,0,0,0,3045,1470,0.5,1.6,2.5,2.5,2.0,233,89,100.0,100.0,78,35,189,60,308,112,165,58,,,,,,,,0.0,0.02,0.02,1.63,0.0,0.0,2.02,1.15,13.56,5,4,70.0,0.0,0.0,0.0,1.0,0.0,0.0,0.0,0.0,0.0,0.0,1.0,0.0,11.0,3084.0,1496.0,0.0,0.0,0.0,0.0,1.4500000000000002,22.80000000000001,0.8000000000000007,0.0,2.4000000000000004,2.0,13.0,4.0,15.0
146,Benoît,Badiashile Mukinayi,B.Badiashile,u,Has joined Napoli on loan for the rest of the season,,4.5,462,105,0.0,611,206,0.0,447,171,0,0,0,0,0,0,51,0.0,0.0,0.0,0.0,0.0,513,190,0.0,0.0,499,190,495,189,446,179,504,190,,,,,,,,0.0,0.0,0.0,0.0,0.0,0.0,0.0,0.0,0.0,5,0,0.0,0.0,0.0,0.0,0.0,0.0,0.0,0.0,0.0,0.0,0.0,0.0,0.0,0.0,0.0,51.0,0.0,0.0,0.0,0.0,0.0,0.0,0.0,0.0,0.0,0.0,0.0,0.0,0.0
148,Jorrel,Hato,Hato,a,,,4.5,499,124,0.8,199,77,0.0,471,182,0,0,0,0,0,1027,8191,0.0,1.8,0.0,0.0,2.0,225,86,,,119,53,131,36,218,70,158,55,,,,,,,,0.0,0.07,0.07,1.68,0.0,0.0,3.14,1.4,6.28,5,0,0.0,0.0,0.0,0.0,0.0,0.0,0.0,0.0,0.0,0.0,0.0,0.0,0.0,0.0,1085.0,8398.0,0.0,0.0,0.0,0.0,0.0,0.0,0.0,0.0,0.0,0.0,0.0,0.0,0.0
503,Micky,van de Ven,Van de Ven,a,,,5.0,296,48,3.8,90,34,3.5,103,42,1,0,0,0,0,7316,22559,0.7,3.2,3.5,3.5,4.0,93,40,100.0,100.0,121,54,283,102,203,61,206,73,,,,,,,,0.15,0.01,0.16,0.98,0.0,0.5,1.25,1.0,7.25,5,1,90.0,0.0,0.0,0.0,3.0,0.0,0.0,0.0,0.0,0.0,0.0,1.0,0.0,7.0,7477.0,22732.0,0.0,0.020000000000000018,0.010000000000000002,0.030000000000000027,1.1600000000000001,24.199999999999996,2.299999999999999,4.0,3.1000000000000005,1.0,5.0,5.0,6.0
507,Ashley,Phillips,Phillips,u,Has joined Middlesbrough permanently,,4.5,496,122,0.0,599,202,0.0,468,180,0,0,0,0,0,0,59,0.0,0.0,0.0,0.0,0.0,532,197,0.0,0.0,518,197,515,196,472,189,523,197,,,,,,,,0.0,0.0,0.0,0.0,0.0,0.0,0.0,0.0,0.0,5,0,0.0,0.0,0.0,0.0,0.0,0.0,0.0,0.0,0.0,0.0,0.0,0.0,0.0,0.0,0.0,59.0,0.0,0.0,0.0,0.0,0.0,0.0,0.0,0.0,0.0,0.0,0.0,0.0,0.0
508,Ben,Davies,Davies,a,,,3.9,661,211,0.9,189,72,0.0,334,110,0,-1,1,-1,1,8507,4599,0.0,0.0,0.0,0.0,0.0,420,147,,,406,147,394,143,337,127,410,146,,,,,,,,0.0,0.0,0.0,0.0,0.0,0.0,0.0,0.0,0.0,5,0,0.0,0.0,0.0,0.0,0.0,0.0,0.0,0.0,0.0,0.0,0.0,0.0,0.0,0.0,8530.0,4690.0,0.0,0.0,0.0,0.0,0.0,0.0,0.0,0.0,0.0,0.0,0.0,0.0,0.0
529,Robin,Roefs,Roefs,a,,,4.9,376,20,2.4,119,18,1.0,235,20,0,0,0,-1,1,2324,13466,0.2,2.2,1.0,1.0,2.2,213,17,,,124,20,576,62,543,60,245,20,,,,,,,,0.0,0.0,0.0,1.73,1.2,0.2,2.0,1.0,0.0,5,0,90.0,0.0,0.0,0.0,5.0,0.0,0.0,0.0,0.0,0.0,1.0,1.0,0.0,-8.0,2349.0,13877.0,0.0,0.0,0.01,0.01,2.8200000000000003,14.400000000000006,0.0,0.0,1.3999999999999995,0.0,2.0,4.0,0.0
530,Anthony,Patterson,Patterson,u,Has joined Wrexham permanently,,4.0,613,63,0.1,398,46,0.0,361,36,0,0,0,0,0,0,403,0.0,0.0,0.0,0.0,0.0,443,39,0.0,0.0,429,39,420,20,364,15,434,39,,,,,,,,0.0,0.0,0.0,0.0,0.0,0.0,0.0,0.0,0.0,5,0,0.0,0.0,0.0,0.0,0.0,0.0,0.0,0.0,0.0,0.0,0.0,0.0,0.0,0.0,0.0,409.0,0.0,0.0,0.0,0.0,0.0,0.0,0.0,0.0,0.0,0.0,0.0,0.0,0.0
46,Ross,Barkley,Barkley,a,,,5.0,241,151,0.3,309,107,1.5,204,96,1,0,0,0,0,639,2002,0.3,2.0,1.5,1.5,2.0,232,102,,,211,89,58,47,150,78,128,68,4.0,,,,,,,0.11,0.04,0.15,2.15,0.0,0.29,2.34,1.17,8.18,5,1,6.0,0.0,0.0,0.0,2.0,0.0,0.0,0.0,0.0,0.0,0.0,0.0,0.0,3.0,653.0,2038.0,0.0,0.0,0.0,0.0,0.7800000000000002,0.6000000000000014,0.7999999999999972,0.0,0.09999999999999964,0.0,1.0,3.0,4.0
169,Shumaira,Mheuka,Mheuka,a,,,4.5,504,73,0.5,250,41,0.0,476,48,0,0,0,0,0,5023,3890,0.0,0.0,0.0,0.0,0.0,538,57,,,525,52,521,56,479,51,530,56,,,,,,,,0.0,0.0,0.0,0.0,0.0,0.0,0.0,0.0,0.0,5,0,0.0,0.0,0.0,0.0,0.0,0.0,0.0,0.0,0.0,0.0,0.0,0.0,0.0,0.0,5123.0,3937.0,0.0,0.0,0.0,0.0,0.0,0.0,0.0,0.0,0.0,0.0,0.0,0.0,0.0
178,Jake,Bidwell,Bidwell,a,,,4.0,593,162,0.1,447,162,0.0,347,117,0,0,0,0,0,202,339,0.0,0.0,0.0,0.0,0.0,431,152,,,417,152,405,148,349,133,421,151,,,,,,,,0.0,0.0,0.0,0.0,0.0,0.0,0.0,0.0,0.0,5,0,0.0,0.0,0.0,0.0,0.0,0.0,0.0,0.0,0.0,0.0,0.0,0.0,0.0,0.0,210.0,345.0,0.0,0.0,0.0,0.0,0.0,0.0,0.0,0.0,0.0,0.0,0.0,0.0,0.0
179,Joel,Latibeaudiere,Latibeaudiere,a,,,4.0,606,168,0.0,522,183,0.5,268,87,1,0,0,0,0,82,158,0.1,0.2,0.5,0.5,1.0,300,107,,,347,127,416,152,360,137,382,136,,,,,,,,0.0,0.0,0.0,1.8,0.0,0.0,0.0,0.0,180.0,5,1,1.0,0.0,0.0,0.0,0.0,0.0,0.0,0.0,0.0,0.0,0.0,0.0,0.0,3.0,84.0,162.0,0.0,0.0,0.0,0.0,0.02,7.0,0.0,0.0,0.7,0.0,2.0,0.0,2.0
180,Luke,Woolfenden,Woolfenden,i,Knee injury - Unknown return date,,3.9,665,215,0.1,403,150,0.0,338,114,0,-1,1,-1,1,214,620,0.0,0.0,0.0,0.0,0.0,422,149,0.0,0.0,408,149,396,145,340,130,412,148,,,,,,,,0.0,0.0,0.0,0.0,0.0,0.0,0.0,0.0,0.0,5,0,0.0,0.0,0.0,0.0,0.0,0.0,0.0,0.0,0.0,0.0,0.0,0.0,0.0,0.0,215.0,631.0,0.0,0.0,0.0,0.0,0.0,0.0,0.0,0.0,0.0,0.0,0.0,0.0,0.0
184,Matt,Grimes,Grimes,a,,,4.9,338,205,0.1,395,145,2.5,141,60,3,0,0,-1,1,209,996,0.5,2.2,2.5,2.5,2.2,208,89,,,149,54,125,83,286,146,183,90,1.0,,3.0,,,,,0.02,0.03,0.05,1.71,0.0,0.2,1.83,1.02,7.72,5,3,90.0,0.0,0.0,1.0,0.0,0.0,0.0,0.0,0.0,0.0,0.0,1.0,0.0,17.0,210.0,1020.0,0.0,0.01999999999999999,0.06,0.07999999999999999,1.0999999999999996,12.600000000000009,15.299999999999997,1.0,2.9000000000000004,3.0,4.0,3.0,10.0
185,Tatsuhiro,Sakamoto,Sakamoto,a,,,4.8,415,253,0.1,479,186,0.0,513,204,0,0,0,-2,2,135,448,0.0,0.2,0.0,0.0,1.0,329,143,,,354,164,295,148,276,142,349,165,,,,,,,,0.06,0.06,0.12,2.0,0.0,0.0,2.9,0.0,11.61,5,0,0.0,0.0,0.0,0.0,0.0,0.0,0.0,0.0,0.0,0.0,0.0,0.0,0.0,0.0,138.0,458.0,0.0,0.0,0.0,0.0,0.0,0.0,0.0,0.0,0.0,0.0,0.0,0.0,0.0
103,Josh,Dasilva,Dasilva,i,Hamstring injury - Expected back 10 Oct,,4.9,341,206,0.0,598,251,0.0,523,209,0,0,0,-1,1,10,115,0.0,0.0,0.0,0.0,0.0,575,239,0.0,0.0,564,232,561,237,527,213,569,233,,,,,,,,0.0,0.0,0.0,0.0,0.0,0.0,0.0,0.0,0.0,5,0,0.0,0.0,0.0,0.0,0.0,0.0,0.0,0.0,0.0,0.0,0.0,0.0,0.0,0.0,10.0,116.0,0.0,0.0,0.0,0.0,0.0,0.0,0.0,0.0,0.0,0.0,0.0,0.0,0.0
105,Jaidon,Anthony,Anthony,a,,,5.9,87,57,0.2,367,132,5.5,54,16,10,0,0,-1,1,2807,736,0.9,2.5,5.5,5.5,3.0,154,64,,,146,51,50,41,76,47,81,46,,,,,,,,0.39,0.18,0.57,1.18,0.0,0.67,1.01,1.01,8.76,5,10,80.0,1.0,0.0,1.0,0.0,0.0,0.0,0.0,0.0,0.0,0.0,1.0,2.0,31.0,2820.0,755.0,0.0,0.96,0.020000000000000018,0.98,0.7000000000000002,36.6,11.0,37.0,8.5,0.0,1.0,1.0,2.0
106,Igor Thiago,Nascimento Rodrigues,Thiago,a,,,7.8,15,4,9.2,40,6,3.0,137,14,5,0,0,-2,2,71539,44378,0.4,1.3,3.0,3.0,2.0,247,29,,,198,15,144,15,12,6,60,11,,,1.0,,,,,0.64,0.03,0.67,1.27,0.0,0.41,0.81,1.02,3.87,5,5,90.0,1.0,0.0,1.0,0.0,0.0,0.0,0.0,1.0,0.0,0.0,1.0,0.0,26.0,72679.0,46670.0,0.0,0.7199999999999998,0.03,0.75,0.8300000000000001,28.199999999999996,16.0,30.0,7.400000000000002,1.0,0.0,2.0,3.0
181,Miguel,Brau,Brau,u,Has joined Academico de Viseu on loan for the rest of the season,,4.0,648,199,0.0,569,192,0.0,391,143,0,0,0,0,0,0,114,0.0,0.0,0.0,0.0,0.0,468,171,0.0,0.0,454,171,445,170,390,156,459,171,,,,,,,,0.0,0.0,0.0,0.0,0.0,0.0,0.0,0.0,0.0,5,0,0.0,0.0,0.0,0.0,0.0,0.0,0.0,0.0,0.0,0.0,0.0,0.0,0.0,0.0,0.0,116.0,0.0,0.0,0.0,0.0,0.0,0.0,0.0,0.0,0.0,0.0,0.0,0.0,0.0
182,Aurèle,Amenda,Amenda,i,Calf injury - Unknown return date,,4.0,637,188,0.6,231,89,0.0,382,134,0,0,0,0,0,46,7650,0.0,1.0,0.0,0.0,1.0,302,109,0.0,25.0,154,66,246,87,215,67,218,78,,,,,,,,0.0,0.1,0.1,1.88,0.0,0.0,2.5,1.0,6.0,5,0,0.0,0.0,0.0,0.0,0.0,0.0,0.0,0.0,0.0,0.0,0.0,0.0,0.0,0.0,46.0,7793.0,0.0,0.0,0.0,0.0,0.0,0.0,0.0,0.0,0.0,0.0,0.0,0.0,0.0
183,Jack,Rudoni,Rudoni,a,,,4.9,371,220,0.1,412,150,3.5,99,36,5,0,0,-1,1,1091,833,0.7,2.7,3.5,3.5,2.6,179,78,100.0,100.0,192,80,20,19,47,29,44,33,5.0,1.0,,,,,,0.28,0.34,0.62,1.36,0.0,0.61,1.21,1.21,10.3,5,5,73.0,0.0,0.0,1.0,0.0,0.0,0.0,0.0,0.0,0.0,0.0,1.0,0.0,16.0,1096.0,850.0,0.0,0.09000000000000008,0.20000000000000007,0.2899999999999998,0.8500000000000001,13.600000000000001,25.30000000000001,1.0,4.0,1.0,4.0,8.0,13.0
611,Aaron,Wan-Bissaka,Wan-Bissaka,a,,,4.5,451,97,0.2,318,118,2.0,164,58,1,0,0,0,0,1678,1608,0.4,1.3,2.0,2.0,1.5,271,97,,,209,85,232,80,439,175,273,103,,,,,,,,0.0,0.04,0.04,1.94,0.0,0.0,1.18,1.18,12.43,5,1,45.0,0.0,0.0,0.0,0.0,0.0,0.0,0.0,0.0,0.0,0.0,1.0,0.0,6.0,1705.0,1618.0,0.0,0.0,0.010000000000000009,0.010000000000000009,0.6400000000000001,10.399999999999999,1.3999999999999986,0.0,1.2000000000000002,2.0,4.0,0.0,6.0
618,Leon,Goretzka,Goretzka,i,Knee injury - Expected back 10 Oct,,5.9,81,54,0.0,557,230,0.0,642,286,0,0,0,-1,1,31,439,0.0,0.0,0.0,0.0,0.0,654,290,0.0,0.0,650,289,655,290,648,288,655,290,,,,,,,,0.0,0.0,0.0,0.0,0.0,0.0,0.0,0.0,0.0,5,0,0.0,0.0,0.0,0.0,0.0,0.0,0.0,0.0,0.0,0.0,0.0,0.0,0.0,0.0,31.0,443.0,0.0,0.0,0.0,0.0,0.0,0.0,0.0,0.0,0.0,0.0,0.0,0.0,0.0
119,João Pedro,Loureiro da Costa,Costinha,a,,,4.5,474,114,0.0,520,182,1.0,221,78,1,0,0,0,0,196,153,0.2,0.9,1.0,1.0,0.8,404,140,,,295,118,219,74,202,60,283,105,,,,,,,,0.16,0.4,0.56,1.35,0.0,0.0,0.0,0.0,9.26,5,1,14.0,0.0,0.0,0.0,0.0,0.0,0.0,0.0,0.0,0.0,0.0,0.0,0.0,2.0,197.0,154.0,0.0,0.0,0.13999999999999999,0.13999999999999996,0.74,1.1999999999999993,3.0,0.0,0.40000000000000036,0.0,1.0,0.0,1.0
120,Michael,Svoboda,Svoboda,a,,,5.0,278,43,0.1,476,171,0.5,297,104,1,0,0,0,0,1394,499,0.1,0.2,0.5,0.5,1.0,352,135,,,382,141,601,210,578,207,400,144,,,,,,,,0.0,0.0,0.0,3.15,0.0,0.0,0.0,0.0,22.5,5,1,4.0,0.0,0.0,0.0,0.0,0.0,0.0,0.0,0.0,0.0,0.0,0.0,0.0,5.0,1397.0,503.0,0.0,0.0,0.0,0.0,0.14,2.4,0.0,0.0,0.2,1.0,0.0,1.0,1.0
189,George,Shepherd,Shepherd,a,,,4.4,577,298,0.3,302,105,0.0,432,175,0,0,0,-1,1,4476,3140,0.0,0.0,0.0,0.0,0.0,499,210,,,485,202,477,208,427,180,490,203,,,,,,,,0.0,0.0,0.0,0.0,0.0,0.0,0.0,0.0,0.0,5,0,0.0,0.0,0.0,0.0,0.0,0.0,0.0,0.0,0.0,0.0,0.0,0.0,0.0,0.0,4597.0,3186.0,0.0,0.0,0.0,0.0,0.0,0.0,0.0,0.0,0.0,0.0,0.0,0.0,0.0
190,Loum,Tchaouna,Tchaouna,a,,,5.4,191,119,0.1,427,159,0.5,317,153,1,0,0,-1,1,29,407,0.1,0.9,0.5,0.5,1.2,294,134,,,263,109,116,78,103,58,178,88,3.0,,,,,,,0.1,0.08,0.18,1.38,0.0,0.0,1.28,0.85,7.68,5,1,45.0,0.0,0.0,0.0,0.0,0.0,0.0,0.0,0.0,0.0,0.0,0.0,0.0,5.0,30.0,421.0,0.0,0.04000000000000001,0.0,0.03999999999999998,0.5,8.399999999999999,1.2000000000000028,17.0,2.700000000000001,0.0,1.0,2.0,3.0
191,Raphael,Borges Rodrigues,Borges Rodrigues,u,Has joined Burton Albion on loan for the rest of the season,,4.5,485,262,0.1,441,167,0.0,458,179,0,0,0,0,0,0,785,0.0,0.0,0.0,0.0,0.0,522,214,0.0,0.0,508,206,505,212,462,184,513,207,,,,,,,,0.0,0.0,0.0,0.0,0.0,0.0,0.0,0.0,0.0,5,0,0.0,0.0,0.0,0.0,0.0,0.0,0.0,0.0,0.0,0.0,0.0,0.0,0.0,0.0,0.0,799.0,0.0,0.0,0.0,0.0,0.0,0.0,0.0,0.0,0.0,0.0,0.0,0.0,0.0
192,Kai,Andrews,Andrews,u,Has joined Oxford United on loan for the rest of the season,,4.5,528,277,0.3,301,104,0.0,495,192,0,0,0,0,0,0,2254,0.0,0.0,0.0,0.0,0.0,554,226,0.0,0.0,541,218,537,224,497,196,546,219,,,,,,,,0.0,0.0,0.0,0.0,0.0,0.0,0.0,0.0,0.0,5,0,0.0,0.0,0.0,0.0,0.0,0.0,0.0,0.0,0.0,0.0,0.0,0.0,0.0,0.0,0.0,2329.0,0.0,0.0,0.0,0.0,0.0,0.0,0.0,0.0,0.0,0.0,0.0,0.0,0.0
483,Dan,Ndoye,Ndoye,a,,,5.5,147,90,0.7,215,67,1.0,255,122,1,0,0,0,0,920,9057,0.2,2.7,1.0,1.0,3.0,151,62,,,221,95,87,64,41,24,98,53,,,,,,,,0.36,0.26,0.62,1.09,0.0,0.28,0.85,1.42,5.7,5,1,58.0,0.0,0.0,0.0,1.0,0.0,0.0,0.0,0.0,0.0,0.0,1.0,0.0,3.0,1419.0,9164.0,0.0,0.19999999999999996,0.050000000000000044,0.2500000000000002,0.6299999999999999,1.3999999999999986,25.300000000000004,16.0,4.300000000000001,0.0,1.0,0.0,1.0
484,Omari,Hutchinson,Hutchinson,u,Has joined AC Milan on loan for the rest of the season,,5.4,200,126,0.1,466,181,0.0,619,270,0,0,0,-1,1,0,414,0.0,0.0,0.0,0.0,0.0,639,279,0.0,0.0,634,277,637,279,624,272,639,278,,,,,,,,0.0,0.0,0.0,0.0,0.0,0.0,0.0,0.0,0.0,5,0,0.0,0.0,0.0,0.0,0.0,0.0,0.0,0.0,0.0,0.0,0.0,0.0,0.0,0.0,0.0,430.0,0.0,0.0,0.0,0.0,0.0,0.0,0.0,0.0,0.0,0.0,0.0,0.0,0.0
485,Dilane,Bakwa,Bakwa,u,Has joined Lille on loan for the rest of the season,,5.5,152,94,0.0,638,274,0.0,631,277,0,0,0,0,0,0,41,0.0,0.0,0.0,0.0,0.0,649,285,0.0,0.0,644,283,650,285,638,279,649,284,,,,,,,,0.0,0.0,0.0,0.0,0.0,0.0,0.0,0.0,0.0,5,0,0.0,0.0,0.0,0.0,0.0,0.0,0.0,0.0,0.0,0.0,0.0,0.0,0.0,0.0,0.0,41.0,0.0,0.0,0.0,0.0,0.0,0.0,0.0,0.0,0.0,0.0,0.0,0.0,0.0
486,James,McAtee,McAtee,a,,,5.5,143,87,0.1,411,149,2.5,154,67,2,0,0,0,0,404,1018,0.5,2.2,2.5,2.5,2.4,196,85,,,157,59,7,7,130,71,43,32,1.0,,,,,,,0.08,0.21,0.29,0.98,0.0,0.43,0.87,1.08,8.44,5,2,82.0,0.0,0.0,0.0,1.0,0.0,0.0,0.0,0.0,0.0,0.0,1.0,0.0,17.0,446.0,1027.0,0.0,0.21,0.039999999999999925,0.25,0.6699999999999999,13.600000000000001,27.0,18.0,5.900000000000002,1.0,1.0,2.0,4.0
487,Nicolás,Domínguez,Dominguez,a,,,4.9,358,214,0.1,487,189,0.0,530,213,0,0,0,-1,1,68,320,0.0,0.2,0.0,0.0,1.0,336,146,,,404,190,568,241,534,217,575,237,,,,,,,,0.0,0.0,0.0,0.0,0.0,0.0,0.0,0.0,0.0,5,0,0.0,0.0,0.0,0.0,0.0,0.0,0.0,0.0,0.0,0.0,0.0,0.0,0.0,0.0,69.0,325.0,0.0,0.0,0.0,0.0,0.0,0.0,0.0,0.0,0.0,0.0,0.0,0.0,0.0
488,Ibrahim,Sangaré,I.Sangaré,a,,,4.8,407,247,0.4,264,87,1.0,226,104,1,-1,1,-2,2,371,3559,0.2,0.8,1.0,1.0,1.3,281,127,100.0,100.0,278,118,253,133,293,151,305,138,,,,,,,,0.08,0.02,0.1,0.48,0.0,0.0,0.86,0.86,6.86,5,1,7.0,0.0,0.0,0.0,0.0,0.0,0.0,0.0,0.0,0.0,0.0,0.0,0.0,3.0,392.0,3739.0,0.0,0.0,0.0,0.0,0.0,1.4000000000000021,0.29999999999999893,0.0,0.19999999999999973,0.0,0.0,0.0,0.0
1,David,Raya Martín,Raya,a,,,6.1,60,1,42.4,4,1,7.5,18,2,1,1,-1,1,-1,148328,59997,1.2,4.9,7.5,7.5,6.0,32,2,,,70,13,389,5,657,73,202,13,,,,,,,,0.0,0.0,0.0,0.81,1.8,0.6,0.8,1.0,0.0,5,1,90.0,0.0,0.0,0.0,3.0,0.0,0.0,0.0,0.0,0.0,2.0,1.0,0.0,6.0,151174.0,60893.0,0.0,0.0,0.0,0.0,1.31,20.599999999999994,0.0,0.0,2.0999999999999996,1.0,0.0,14.0,0.0
2,Kepa,Arrizabalaga Revuelta,Arrizabalaga,a,,,4.9,335,15,0.1,464,52,0.0,519,67,0,0,0,-1,1,127,290,0.0,0.0,0.0,0.0,0.0,572,69,,,561,69,557,57,522,55,566,69,,,,,,,,0.0,0.0,0.0,0.0,0.0,0.0,0.0,0.0,0.0,5,0,0.0,0.0,0.0,0.0,0.0,0.0,0.0,0.0,0.0,0.0,0.0,0.0,0.0,0.0,130.0,292.0,0.0,0.0,0.0,0.0,0.0,0.0,0.0,0.0,0.0,0.0,0.0,0.0,0.0
9,Piero,Hincapié,Hincapie,a,,,5.2,237,34,0.9,193,73,0.0,594,203,0,-1,1,-3,3,1686,6184,0.0,0.4,0.0,0.0,1.0,361,136,,,353,131,356,130,329,124,376,133,,,,,,,,0.0,0.0,0.0,0.79,0.0,0.0,0.0,0.0,8.44,5,0,0.0,0.0,0.0,0.0,0.0,0.0,0.0,0.0,0.0,0.0,0.0,0.0,0.0,0.0,1699.0,6278.0,0.0,0.0,0.0,0.0,0.0,0.0,0.0,0.0,0.0,0.0,0.0,0.0,0.0
10,Benjamin,White,White,d,Groin injury - 75% chance of playing,,5.5,133,15,4.8,75,29,0.5,321,108,0,0,0,0,0,3367,76230,0.1,3.8,0.4,0.5,5.2,53,22,75.0,100.0,135,61,106,27,156,46,140,48,,,,,,,,0.05,0.08,0.13,0.33,0.0,0.57,0.29,1.14,5.14,5,0,0.0,0.0,0.0,0.0,0.0,0.0,0.0,0.0,0.0,0.0,0.0,0.0,0.0,0.0,3536.0,79527.0,0.0,0.0,0.0,0.0,0.0,0.0,0.0,0.0,0.0,0.0,0.0,0.0,0.0
70,Justin,Kluivert,Kluivert,i,Unspecified injury - Unknown return date,,6.0,67,46,0.8,198,62,4.0,92,32,0,0,0,0,0,2318,21096,0.7,2.5,0.0,4.0,3.8,107,43,0.0,,159,61,134,86,22,12,67,42,3.0,2.0,2.0,,,,,0.3,0.02,0.32,1.37,0.0,0.61,0.92,1.22,6.73,5,0,0.0,0.0,0.0,0.0,0.0,0.0,0.0,0.0,0.0,0.0,0.0,0.0,0.0,0.0,2490.0,21216.0,0.0,0.0,0.0,0.0,0.0,0.0,0.0,0.0,0.0,0.0,0.0,0.0,0.0
71,Lewis,Cook,Cook,a,,,5.0,249,155,0.2,354,127,0.5,295,140,1,0,0,0,0,302,1284,0.1,1.6,0.5,0.5,1.6,266,118,,,312,138,234,126,566,240,327,153,,,,,,,,0.0,0.0,0.0,2.1,0.0,1.0,0.5,1.0,7.0,5,1,15.0,0.0,0.0,0.0,0.0,0.0,0.0,0.0,0.0,0.0,0.0,0.0,0.0,3.0,312.0,1313.0,0.0,0.0,0.0,0.0,0.25,2.8000000000000007,0.3000000000000007,0.0,0.2999999999999998,0.0,1.0,1.0,2.0
72,Ben,Gannon-Doak,Gannon-Doak,a,,,4.9,375,223,0.1,485,188,1.0,234,108,1,0,0,-1,1,162,432,0.2,0.8,1.0,1.0,1.0,340,149,,,370,174,323,163,210,115,341,161,,,,,,,,0.9,0.38,1.28,4.5,0.0,0.0,7.5,0.0,52.5,5,1,2.0,0.0,0.0,0.0,0.0,0.0,0.0,0.0,0.0,0.0,0.0,0.0,0.0,3.0,164.0,441.0,0.0,0.0,0.020000000000000004,0.020000000000000018,0.25,0.20000000000000018,0.7999999999999998,2.0,0.2999999999999998,0.0,0.0,0.0,0.0
73,Tyler,Adams,Adams,a,,,5.0,255,159,0.3,303,106,3.0,118,47,4,0,0,0,0,1277,1830,0.6,2.4,3.0,3.0,2.4,194,83,100.0,100.0,202,87,180,105,280,144,228,105,,,,,,,,0.01,0.02,0.03,0.88,0.0,0.0,2.26,0.97,13.23,5,4,87.0,0.0,0.0,0.0,1.0,0.0,0.0,0.0,0.0,0.0,0.0,1.0,0.0,13.0,1298.0,1857.0,0.0,0.0,0.04000000000000001,0.04000000000000001,1.4000000000000001,15.399999999999999,12.900000000000002,0.0,2.8,2.0,5.0,6.0,13.0
75,Ryan,Christie,Christie,a,,,5.0,250,156,0.0,525,209,1.5,205,97,2,0,0,0,0,358,289,0.3,1.0,1.5,1.5,1.2,291,132,100.0,100.0,327,148,229,125,151,79,286,128,,,,,,,,0.44,0.11,0.55,1.45,0.0,0.0,1.76,0.88,12.35,5,2,74.0,0.0,0.0,0.0,1.0,0.0,0.0,0.0,0.0,0.0,0.0,1.0,0.0,0.0,365.0,294.0,0.0,0.5,0.010000000000000009,0.51,1.4,0.0,2.400000000000002,27.0,2.4000000000000004,0.0,0.0,5.0,5.0
92,Kim,Ji-soo,Ji-soo,a,,,4.4,573,152,0.0,578,198,0.0,428,166,0,-1,1,-1,1,68,95,0.0,0.0,0.0,0.0,0.0,495,185,,,481,185,473,184,423,173,486,185,,,,,,,,0.0,0.0,0.0,0.0,0.0,0.0,0.0,0.0,0.0,5,0,0.0,0.0,0.0,0.0,0.0,0.0,0.0,0.0,0.0,0.0,0.0,0.0,0.0,0.0,69.0,96.0,0.0,0.0,0.0,0.0,0.0,0.0,0.0,0.0,0.0,0.0,0.0,0.0,0.0
140,Robert,Lynch Sánchez,Sánchez,u,Has joined Como on loan for the rest of the season,,4.9,348,17,0.7,217,31,0.0,526,69,0,0,0,-1,1,0,5455,0.0,0.4,0.0,0.0,2.0,228,20,0.0,0.0,282,23,564,59,530,57,346,23,,,,,,,,0.0,0.01,0.01,1.33,4.0,0.0,2.0,1.0,0.0,5,0,0.0,0.0,0.0,0.0,0.0,0.0,0.0,0.0,0.0,0.0,0.0,0.0,0.0,0.0,0.0,5614.0,0.0,0.0,0.0,0.0,0.0,0.0,0.0,0.0,0.0,0.0,0.0,0.0,0.0
213,Jefferson,Lerma Solís,Lerma,a,,,4.8,404,245,0.1,454,174,0.5,283,134,0,-1,1,-2,2,106,425,0.1,0.2,0.5,0.5,0.5,415,198,,,292,124,362,180,248,128,320,147,,,,,,,,0.46,0.0,0.46,2.21,0.0,0.0,1.76,0.0,21.18,5,0,45.0,0.0,0.0,0.0,0.0,0.0,0.0,0.0,1.0,0.0,0.0,0.0,0.0,3.0,106.0,433.0,0.0,0.26,0.0,0.26,0.77,15.400000000000002,0.5,11.0,2.7,2.0,6.0,3.0,11.0
214,Daichi,Kamada,Kamada,a,,,5.0,258,162,0.5,244,79,5.5,51,13,3,0,0,0,0,3771,3551,1.1,4.2,5.5,5.5,4.2,81,33,,,84,25,60,49,113,64,73,44,3.0,,,,,,,0.1,0.08,0.18,1.81,0.0,0.2,2.04,1.02,7.76,5,3,90.0,0.0,0.0,1.0,0.0,0.0,0.0,0.0,0.0,0.0,0.0,1.0,0.0,12.0,3993.0,3628.0,0.0,0.42,0.030000000000000027,0.44999999999999996,1.3099999999999996,1.7999999999999972,4.0,27.0,3.299999999999997,1.0,0.0,9.0,10.0
241,Dwight,McNeil,McNeil,a,,,5.3,220,139,0.1,401,146,0.0,599,258,0,-1,1,-2,2,88,555,0.0,0.6,0.0,0.0,1.5,274,122,,,324,146,303,154,330,164,356,170,,,,,,,,0.05,0.02,0.07,1.26,0.0,0.0,3.21,1.07,7.5,5,0,0.0,0.0,0.0,0.0,0.0,0.0,0.0,0.0,0.0,0.0,0.0,0.0,0.0,0.0,90.0,572.0,0.0,0.0,0.0,0.0,0.0,0.0,0.0,0.0,0.0,0.0,0.0,0.0,0.0
577,Takehiro,Tomiyasu,Tomiyasu,d,Calf injury - 75% chance of playing,,4.4,552,140,0.3,307,114,0.5,275,92,1,0,0,-1,1,149,1414,0.1,0.7,0.4,0.5,0.8,402,138,75.0,,234,94,235,82,266,92,270,101,,,,,,,,0.0,0.01,0.01,1.9,0.0,0.0,2.38,0.95,8.1,5,1,45.0,0.0,0.0,0.0,0.0,0.0,0.0,0.0,0.0,0.0,0.0,1.0,0.0,4.0,155.0,1441.0,0.0,0.0,0.009999999999999998,0.009999999999999998,0.54,10.599999999999998,10.6,2.0,2.3,0.0,3.0,0.0,3.0
588,Anan,Khalaili,Khalaili,d,Hamstring injury - 75% chance of playing,,5.0,317,52,0.3,288,106,6.5,31,16,6,0,0,0,0,2262,1702,1.3,3.8,4.9,6.5,3.8,103,44,75.0,,33,13,122,31,99,22,64,11,,,,,,,,0.23,0.08,0.31,2.0,0.0,0.24,1.9,0.95,10.45,5,6,90.0,0.0,0.0,1.0,0.0,0.0,0.0,0.0,0.0,0.0,0.0,1.0,0.0,23.0,2308.0,1788.0,0.0,0.0,0.020000000000000018,0.020000000000000018,1.3100000000000005,15.799999999999983,2.5,2.0,2.0,2.0,4.0,11.0,6.0
595,Zavier,Gozo,Gozo,a,,,4.9,390,235,0.0,600,252,0.5,289,136,0,-1,1,-1,1,41,99,0.1,0.4,0.5,0.5,1.0,345,153,,,391,183,341,172,552,230,395,184,,,,,,,,0.0,0.0,0.0,2.19,0.0,0.0,6.43,0.0,3.21,5,0,0.0,0.0,0.0,0.0,0.0,0.0,0.0,0.0,0.0,0.0,0.0,0.0,0.0,0.0,42.0,100.0,0.0,0.0,0.0,0.0,0.0,0.0,0.0,0.0,0.0,0.0,0.0,0.0,0.0
643,Ben,Chilwell,Chilwell,a,,,4.5,443,92,0.4,261,97,0.5,279,96,0,0,0,0,0,653,3268,0.1,1.8,0.5,0.5,4.0,88,38,,,241,97,312,110,179,55,272,102,,,,,,,,0.84,0.03,0.87,3.48,0.0,0.0,3.1,0.0,3.1,5,0,0.0,0.0,0.0,0.0,0.0,0.0,0.0,0.0,0.0,0.0,0.0,0.0,0.0,0.0,676.0,3354.0,0.0,0.0,0.0,0.0,0.0,0.0,0.0,0.0,0.0,0.0,0.0,0.0,0.0
270,Harrison,Reed,Reed,a,,,4.4,546,287,1.1,168,52,0.0,409,164,0,0,0,-1,1,3073,7729,0.0,0.0,0.0,0.0,0.0,482,200,,,468,192,460,198,409,170,473,193,,,,,,,,0.0,0.0,0.0,0.0,0.0,0.0,0.0,0.0,0.0,5,0,0.0,0.0,0.0,0.0,0.0,0.0,0.0,0.0,0.0,0.0,0.0,0.0,0.0,0.0,3156.0,7927.0,0.0,0.0,0.0,0.0,0.0,0.0,0.0,0.0,0.0,0.0,0.0,0.0,0.0
335,Anton,Stach,Stach,a,,,6.0,72,49,2.5,115,36,4.0,93,33,5,0,0,0,0,5748,21961,0.7,4.5,4.0,4.0,5.4,50,23,,,47,17,45,38,87,52,45,34,1.0,1.0,,,,,,0.2,0.06,0.26,1.24,0.0,0.6,0.4,1.01,12.28,5,5,90.0,0.0,0.0,1.0,0.0,0.0,0.0,0.0,0.0,0.0,0.0,1.0,0.0,13.0,6076.0,22259.0,0.0,0.04999999999999993,0.07999999999999999,0.13000000000000012,1.0599999999999996,16.60000000000001,17.099999999999994,4.0,3.8000000000000007,2.0,6.0,5.0,13.0
336,Noah,Okafor,Okafor,a,,,5.8,102,64,0.4,272,90,6.0,43,10,3,0,0,-2,2,2217,3992,1.0,3.1,6.0,6.0,3.6,113,45,,,140,47,152,97,124,69,148,75,,,,,,,,0.05,0.08,0.13,0.71,0.0,0.9,0.3,1.2,5.42,5,3,75.0,0.0,0.0,1.0,0.0,0.0,0.0,0.0,0.0,0.0,0.0,1.0,0.0,17.0,2532.0,4047.0,0.0,0.020000000000000018,0.010000000000000009,0.030000000000000027,0.6800000000000002,7.799999999999997,1.5,3.0,1.200000000000001,2.0,0.0,3.0,5.0
657,Gustavo,Nunes Fernandes Gomes,Nunes,a,,,4.5,526,275,0.0,556,229,0.0,493,190,0,0,0,0,0,384,291,0.0,0.0,0.0,0.0,0.0,552,224,,,539,216,535,222,495,194,544,217,,,,,,,,0.0,0.0,0.0,0.0,0.0,0.0,0.0,0.0,0.0,5,0,0.0,0.0,0.0,0.0,0.0,0.0,0.0,0.0,0.0,0.0,0.0,0.0,0.0,0.0,393.0,292.0,0.0,0.0,0.0,0.0,0.0,0.0,0.0,0.0,0.0,0.0,0.0,0.0,0.0
164,Geovany,Quenda,Quenda,a,,,5.3,234,148,0.0,532,214,0.5,312,150,1,0,0,-2,2,81,195,0.1,0.4,0.5,0.5,1.0,372,172,100.0,100.0,390,182,330,165,271,139,374,177,,,,,,,,0.1,0.03,0.13,4.3,0.0,0.0,6.67,0.0,3.33,5,1,19.0,0.0,0.0,0.0,2.0,0.0,0.0,0.0,0.0,0.0,0.0,0.0,0.0,3.0,83.0,197.0,0.0,0.03,0.01,0.04,1.2,0.40000000000000013,1.8,6.0,0.7999999999999999,0.0,0.0,0.0,0.0
633,Honest,Ahanor,Ahanor,a,,,4.5,519,129,0.0,586,199,1.5,200,68,0,0,0,0,0,152,118,0.3,0.7,1.5,1.5,3.0,137,58,,,268,109,265,96,305,110,304,114,,,,,,,,0.0,0.01,0.01,1.68,0.0,0.0,3.0,1.0,11.0,5,0,0.0,0.0,0.0,0.0,0.0,0.0,0.0,0.0,0.0,0.0,0.0,0.0,0.0,0.0,162.0,120.0,0.0,0.0,0.0,0.0,0.0,0.0,0.0,0.0,0.0,0.0,0.0,0.0,0.0
231,Michael,Keane,Keane,a,,,4.8,402,74,0.7,211,83,0.0,505,189,0,0,0,-2,2,477,4280,0.0,0.0,0.0,0.0,0.0,564,203,,,551,203,548,202,509,197,556,203,,,,,,,,0.0,0.0,0.0,0.0,0.0,0.0,0.0,0.0,0.0,5,0,0.0,0.0,0.0,0.0,0.0,0.0,0.0,0.0,0.0,0.0,0.0,0.0,0.0,0.0,502.0,4381.0,0.0,0.0,0.0,0.0,0.0,0.0,0.0,0.0,0.0,0.0,0.0,0.0,0.0
298,Enis,Destan,Destan,u,Has joined Konyaspor permanently,,4.5,488,68,0.2,353,55,0.0,461,43,0,0,0,0,0,0,1545,0.0,0.0,0.0,0.0,0.0,525,53,0.0,0.0,511,47,508,52,465,46,516,51,,,,,,,,0.0,0.0,0.0,0.0,0.0,0.0,0.0,0.0,0.0,5,0,0.0,0.0,0.0,0.0,0.0,0.0,0.0,0.0,0.0,0.0,0.0,0.0,0.0,0.0,0.0,1564.0,0.0,0.0,0.0,0.0,0.0,0.0,0.0,0.0,0.0,0.0,0.0,0.0,0.0
299,Mason,Burstow,Burstow,u,Has joined Sheffield Wednesday on loan for the rest of the season,,4.5,494,69,0.0,539,72,0.0,466,44,0,0,0,0,0,0,242,0.0,0.0,0.0,0.0,0.0,530,54,0.0,0.0,516,48,513,53,470,47,521,52,,,,,,,,0.0,0.0,0.0,0.0,0.0,0.0,0.0,0.0,0.0,5,0,0.0,0.0,0.0,0.0,0.0,0.0,0.0,0.0,0.0,0.0,0.0,0.0,0.0,0.0,0.0,247.0,0.0,0.0,0.0,0.0,0.0,0.0,0.0,0.0,0.0,0.0,0.0,0.0,0.0
340,Joe,Gelhardt,Gelhardt,a,,,5.0,280,171,0.0,601,253,0.5,298,141,1,0,0,0,0,105,123,0.1,0.2,0.5,0.5,1.0,353,158,100.0,100.0,389,181,353,176,238,124,362,173,,,,,,,,1.29,0.26,1.55,1.67,0.0,0.0,0.0,0.0,12.86,5,1,7.0,0.0,0.0,0.0,0.0,0.0,0.0,0.0,0.0,0.0,0.0,0.0,0.0,5.0,111.0,123.0,0.0,0.1,0.02,0.12,0.13,1.6,1.3,12.0,1.5,0.0,0.0,1.0,1.0
556,Matt,Targett,Targett,d,Ankle injury - 75% chance of playing,,4.0,602,165,1.6,141,57,0.0,356,120,0,0,0,0,0,126,11223,0.0,0.2,0.0,0.0,1.0,299,106,75.0,75.0,402,146,414,151,358,136,429,153,,,,,,,,0.0,0.0,0.0,1.26,0.0,0.0,0.0,0.0,0.0,5,0,0.0,0.0,0.0,0.0,0.0,0.0,0.0,0.0,0.0,0.0,0.0,0.0,0.0,0.0,129.0,11443.0,0.0,0.0,0.0,0.0,0.0,0.0,0.0,0.0,0.0,0.0,0.0,0.0,0.0
373,Curtis,Jones,C.Jones,u,Has joined Internazionale permanently,,5.5,138,83,0.0,567,235,0.0,627,273,0,0,0,0,0,0,69,0.0,0.0,0.0,0.0,0.0,645,281,0.0,0.0,640,279,646,281,633,274,645,280,,,,,,,,0.0,0.0,0.0,0.0,0.0,0.0,0.0,0.0,0.0,5,0,0.0,0.0,0.0,0.0,0.0,0.0,0.0,0.0,0.0,0.0,0.0,0.0,0.0,0.0,0.0,69.0,0.0,0.0,0.0,0.0,0.0,0.0,0.0,0.0,0.0,0.0,0.0,0.0,0.0
322,Ali,Al-Hamadi,Al-Hamadi,u,Has joined Sheffield Wednesday on loan for the rest of the season,,5.0,279,55,0.0,498,71,0.0,568,58,0,0,0,0,0,0,421,0.0,0.0,0.0,0.0,0.0,606,67,0.0,0.0,597,62,602,66,579,61,603,66,,,,,,,,0.0,0.0,0.0,0.0,0.0,0.0,0.0,0.0,0.0,5,0,0.0,0.0,0.0,0.0,0.0,0.0,0.0,0.0,0.0,0.0,0.0,0.0,0.0,0.0,0.0,423.0,0.0,0.0,0.0,0.0,0.0,0.0,0.0,0.0,0.0,0.0,0.0,0.0,0.0
394,Max,Alleyne,Alleyne,u,Has joined Burnley on loan for the rest of the season,,5.0,299,50,0.0,641,214,0.0,578,202,0,0,0,0,0,0,20,0.0,0.0,0.0,0.0,0.0,616,212,0.0,0.0,607,213,613,213,590,210,613,213,,,,,,,,0.0,0.0,0.0,0.0,0.0,0.0,0.0,0.0,0.0,5,0,0.0,0.0,0.0,0.0,0.0,0.0,0.0,0.0,0.0,0.0,0.0,0.0,0.0,0.0,0.0,20.0,0.0,0.0,0.0,0.0,0.0,0.0,0.0,0.0,0.0,0.0,0.0,0.0,0.0
395,Rico,Lewis,Lewis,a,,,4.4,564,149,0.2,333,125,0.0,419,163,0,0,0,-1,1,357,1321,0.0,0.2,0.0,0.0,1.0,317,121,,,371,138,316,113,125,33,297,110,,,,,,,,0.27,0.03,0.3,0.88,0.0,0.0,1.61,1.61,3.21,5,0,0.0,0.0,0.0,0.0,0.0,0.0,0.0,0.0,0.0,0.0,0.0,0.0,0.0,0.0,366.0,1346.0,0.0,0.0,0.0,0.0,0.0,0.0,0.0,0.0,0.0,0.0,0.0,0.0,0.0
228,Tom,King,King,a,,,4.5,438,29,0.0,505,57,0.0,438,56,0,0,0,0,0,125,191,0.0,0.0,0.0,0.0,0.0,504,58,,,490,58,485,43,435,38,495,58,,,,,,,,0.0,0.0,0.0,0.0,0.0,0.0,0.0,0.0,0.0,5,0,0.0,0.0,0.0,0.0,0.0,0.0,0.0,0.0,0.0,0.0,0.0,0.0,0.0,0.0,129.0,197.0,0.0,0.0,0.0,0.0,0.0,0.0,0.0,0.0,0.0,0.0,0.0,0.0,0.0
293,Abu,Kamara,Kamara,u,Has joined Portsmouth permanently,,5.0,293,178,0.0,659,292,0.0,574,243,0,0,0,0,0,0,14,0.0,0.0,0.0,0.0,0.0,612,262,0.0,0.0,603,257,609,262,586,248,609,259,,,,,,,,0.0,0.0,0.0,0.0,0.0,0.0,0.0,0.0,0.0,5,0,0.0,0.0,0.0,0.0,0.0,0.0,0.0,0.0,0.0,0.0,0.0,0.0,0.0,0.0,0.0,14.0,0.0,0.0,0.0,0.0,0.0,0.0,0.0,0.0,0.0,0.0,0.0,0.0,0.0
345,Tanaka,Ao,Tanaka,a,,,4.9,357,213,0.3,285,96,4.0,85,27,2,0,0,-1,1,2577,2621,0.8,2.9,4.0,4.0,3.5,118,47,,,195,82,222,121,189,102,227,104,4.0,,,,,,,0.26,0.02,0.28,1.14,0.0,0.71,0.35,1.06,10.24,5,2,67.0,0.0,0.0,1.0,0.0,0.0,0.0,0.0,1.0,0.0,0.0,1.0,0.0,0.0,2697.0,2652.0,0.0,0.14,0.0,0.14,0.6600000000000001,0.0,1.1999999999999993,5.0,0.40000000000000036,1.0,2.0,2.0,5.0
346,Dominic,Calvert-Lewin,Calvert-Lewin,a,,,6.0,65,14,24.7,13,3,6.0,44,5,2,0,0,0,0,109263,195276,1.0,3.7,6.0,6.0,4.4,79,7,,,73,5,187,21,10,5,38,7,,,1.0,,,,,0.64,0.02,0.66,1.04,0.0,0.64,0.43,1.07,4.73,5,2,90.0,0.0,0.0,1.0,0.0,0.0,0.0,0.0,0.0,0.0,0.0,1.0,0.0,7.0,120579.0,196687.0,0.0,0.52,0.0,0.52,1.0599999999999996,10.200000000000003,1.3000000000000007,19.0,3.099999999999998,0.0,4.0,4.0,8.0
443,Mark,Gillespie,Gillespie,a,,,4.5,432,26,0.0,530,62,0.0,435,54,0,0,0,0,0,49,95,0.0,0.0,0.0,0.0,0.0,501,56,,,487,56,481,40,431,35,492,56,,,,,,,,0.0,0.0,0.0,0.0,0.0,0.0,0.0,0.0,0.0,5,0,0.0,0.0,0.0,0.0,0.0,0.0,0.0,0.0,0.0,0.0,0.0,0.0,0.0,0.0,49.0,95.0,0.0,0.0,0.0,0.0,0.0,0.0,0.0,0.0,0.0,0.0,0.0,0.0,0.0
444,Ewen,Jaouen,Jaouen,i,Hamstring injury - Unknown return date,,4.4,572,48,0.0,570,67,0.0,427,51,0,-1,1,-1,1,21,140,0.0,0.0,0.0,0.0,0.0,494,54,0.0,50.0,480,54,472,36,422,31,485,54,,,,,,,,0.0,0.0,0.0,0.0,0.0,0.0,0.0,0.0,0.0,5,0,0.0,0.0,0.0,0.0,0.0,0.0,0.0,0.0,0.0,0.0,0.0,0.0,0.0,0.0,21.0,141.0,0.0,0.0,0.0,0.0,0.0,0.0,0.0,0.0,0.0,0.0,0.0,0.0,0.0
445,Malick,Thiaw,Thiaw,a,,,5.0,282,44,2.2,122,49,3.0,122,49,4,0,0,0,0,10852,11924,0.6,2.8,3.0,3.0,2.8,166,69,,,64,28,233,81,309,113,174,62,,,,,,,,0.0,0.02,0.02,1.83,0.0,0.2,1.8,1.0,9.0,5,4,90.0,0.0,0.0,0.0,1.0,0.0,0.0,0.0,0.0,0.0,0.0,1.0,0.0,13.0,11343.0,12166.0,0.0,0.0,0.009999999999999995,0.009999999999999995,1.5900000000000007,31.400000000000006,1.4000000000000004,2.0,3.5,0.0,13.0,3.0,13.0
446,Fabian,Schär,Schär,a,,,4.9,336,55,0.2,326,121,0.5,285,99,1,0,0,-1,1,669,1009,0.1,0.4,0.5,0.5,1.0,333,129,100.0,100.0,266,108,273,98,523,200,314,117,,2.0,,,,,,0.0,0.04,0.04,6.73,0.0,0.0,7.2,0.0,25.2,5,1,24.0,0.0,0.0,0.0,1.0,0.0,0.0,0.0,0.0,0.0,0.0,0.0,0.0,1.0,685.0,1027.0,0.0,0.0,0.01,0.01,1.08,25.0,10.5,0.0,3.6,0.0,7.0,0.0,7.0
351,Giorgi,Mamardashvili,Mamardashvili,a,,,4.8,413,21,0.1,379,42,0.0,512,65,0,-1,1,-2,2,286,682,0.0,0.0,0.0,0.0,0.0,569,67,,,558,67,553,55,516,53,563,67,,,,,,,,0.0,0.0,0.0,0.0,0.0,0.0,0.0,0.0,0.0,5,0,0.0,0.0,0.0,0.0,0.0,0.0,0.0,0.0,0.0,0.0,0.0,0.0,0.0,0.0,288.0,684.0,0.0,0.0,0.0,0.0,0.0,0.0,0.0,0.0,0.0,0.0,0.0,0.0,0.0
436,Toby,Collyer,Collyer,u,Has joined West Brom permanently,,5.0,294,179,0.0,610,258,0.0,575,244,0,0,0,0,0,0,50,0.0,0.0,0.0,0.0,0.0,613,263,0.0,0.0,604,258,610,263,587,249,610,260,,,,,,,,0.0,0.0,0.0,0.0,0.0,0.0,0.0,0.0,0.0,5,0,0.0,0.0,0.0,0.0,0.0,0.0,0.0,0.0,0.0,0.0,0.0,0.0,0.0,0.0,0.0,50.0,0.0,0.0,0.0,0.0,0.0,0.0,0.0,0.0,0.0,0.0,0.0,0.0,0.0
437,Bendito,Mantato,Bendito Mantato,a,,,4.4,574,295,0.2,355,128,0.0,429,172,0,-1,1,-1,1,536,986,0.0,0.0,0.0,0.0,0.0,496,207,,,482,199,474,205,424,177,487,200,,,,,,,,0.0,0.0,0.0,0.0,0.0,0.0,0.0,0.0,0.0,5,0,0.0,0.0,0.0,0.0,0.0,0.0,0.0,0.0,0.0,0.0,0.0,0.0,0.0,0.0,542.0,996.0,0.0,0.0,0.0,0.0,0.0,0.0,0.0,0.0,0.0,0.0,0.0,0.0,0.0
370,Federico,Chiesa,Chiesa,i,Back injury - Unknown return date,,5.3,213,133,0.0,503,198,0.0,598,257,0,-1,1,-2,2,18,270,0.0,0.0,0.0,0.0,0.0,633,274,0.0,0.0,624,269,630,274,610,262,630,271,,,,,,,,0.0,0.0,0.0,0.0,0.0,0.0,0.0,0.0,0.0,5,0,0.0,0.0,0.0,0.0,0.0,0.0,0.0,0.0,0.0,0.0,0.0,0.0,0.0,0.0,18.0,274.0,0.0,0.0,0.0,0.0,0.0,0.0,0.0,0.0,0.0,0.0,0.0,0.0,0.0
457,Jacob,Murphy,J.Murphy,a,,,5.9,80,53,0.1,377,136,0.5,326,160,1,0,0,-1,1,1088,921,0.1,0.5,0.5,0.5,0.6,413,197,,,306,134,193,111,257,133,294,132,4.0,,,,,,,0.01,0.2,0.21,2.47,0.0,0.0,2.49,0.99,8.95,5,1,90.0,0.0,0.0,0.0,1.0,0.0,0.0,0.0,1.0,0.0,0.0,1.0,0.0,12.0,1126.0,933.0,0.0,0.03,0.06999999999999995,0.09999999999999998,1.5899999999999999,9.4,19.7,4.0,3.3000000000000003,2.0,3.0,3.0,8.0
458,Joelinton Cássio,Apolinário de Lira,Joelinton,i,Unspecified injury - Unknown return date,,5.4,170,107,0.0,577,237,0.0,607,263,0,0,0,-1,1,21,95,0.0,0.0,0.0,0.0,0.0,635,275,0.0,0.0,629,273,632,275,618,267,634,274,,,,,,,,0.0,0.0,0.0,0.0,0.0,0.0,0.0,0.0,0.0,5,0,0.0,0.0,0.0,0.0,0.0,0.0,0.0,0.0,0.0,0.0,0.0,0.0,0.0,0.0,21.0,96.0,0.0,0.0,0.0,0.0,0.0,0.0,0.0,0.0,0.0,0.0,0.0,0.0,0.0
459,Lewis,Miley,L.Miley,d,Unspecified injury - 75% chance of playing,,5.5,159,99,0.1,444,169,2.0,179,84,4,0,0,0,0,499,664,0.4,2.2,1.5,2.0,2.4,198,86,75.0,100.0,167,64,100,69,297,154,182,89,5.0,,,,,,,0.01,0.03,0.04,1.81,0.0,0.23,1.82,1.14,11.82,5,4,90.0,0.0,0.0,0.0,1.0,0.0,0.0,0.0,0.0,0.0,0.0,1.0,0.0,19.0,509.0,674.0,0.0,0.0,0.04000000000000001,0.04000000000000001,1.5899999999999999,21.799999999999997,15.599999999999994,0.0,3.6999999999999993,4.0,7.0,5.0,16.0
463,Nick,Woltemade,Woltemade,u,Has joined Juventus on loan for the rest of the season,,5.9,92,23,0.5,253,42,0.0,647,74,0,0,0,-1,1,0,4095,0.0,0.7,0.0,0.0,4.0,97,10,0.0,0.0,288,28,276,36,252,36,308,34,,,,,,,,0.09,0.05,0.14,1.8,0.0,0.0,0.0,0.0,0.0,5,0,0.0,0.0,0.0,0.0,0.0,0.0,0.0,0.0,0.0,0.0,0.0,0.0,0.0,0.0,0.0,4176.0,0.0,0.0,0.0,0.0,0.0,0.0,0.0,0.0,0.0,0.0,0.0,0.0,0.0
653,Floyd,Samba,Samba,a,,,4.5,514,270,0.0,521,207,0.0,484,186,0,0,0,0,0,273,522,0.0,0.0,0.0,0.0,0.0,545,221,,,532,213,528,219,486,191,537,214,,,,,,,,0.0,0.0,0.0,0.0,0.0,0.0,0.0,0.0,0.0,5,0,0.0,0.0,0.0,0.0,0.0,0.0,0.0,0.0,0.0,0.0,0.0,0.0,0.0,0.0,282.0,527.0,0.0,0.0,0.0,0.0,0.0,0.0,0.0,0.0,0.0,0.0,0.0,0.0,0.0
43,Youri,Tielemans,Tielemans,a,,,5.8,99,62,1.5,152,46,3.0,132,55,4,0,0,-2,2,3598,11763,0.5,2.4,3.0,3.0,2.8,173,74,100.0,100.0,103,31,34,29,112,63,54,36,,,3.0,,,,,0.15,0.12,0.27,1.38,0.0,0.0,1.79,1.12,9.63,5,4,90.0,0.0,0.0,0.0,1.0,0.0,0.0,0.0,0.0,0.0,0.0,1.0,0.0,22.0,3635.0,11988.0,0.0,0.08999999999999997,0.2,0.2899999999999999,1.62,18.200000000000003,22.299999999999997,6.0,4.699999999999999,3.0,2.0,8.0,13.0
476,Omar,Richards,O.Richards,a,,,4.0,607,169,0.2,327,122,0.0,358,121,0,0,0,0,0,338,822,0.0,0.0,0.0,0.0,0.0,440,154,,,426,154,417,153,361,138,431,154,,,,,,,,0.0,0.0,0.0,0.0,0.0,0.0,0.0,0.0,0.0,5,0,0.0,0.0,0.0,0.0,0.0,0.0,0.0,0.0,0.0,0.0,0.0,0.0,0.0,0.0,348.0,835.0,0.0,0.0,0.0,0.0,0.0,0.0,0.0,0.0,0.0,0.0,0.0,0.0,0.0
477,Zach,Abbott,Abbott,u,Has joined Southampton on loan for the rest of the season,,4.0,641,192,0.1,374,143,0.0,386,138,0,0,0,0,0,0,937,0.0,0.0,0.0,0.0,0.0,464,167,0.0,0.0,450,167,441,166,385,151,455,167,,,,,,,,0.0,0.0,0.0,0.0,0.0,0.0,0.0,0.0,0.0,5,0,0.0,0.0,0.0,0.0,0.0,0.0,0.0,0.0,0.0,0.0,0.0,0.0,0.0,0.0,0.0,957.0,0.0,0.0,0.0,0.0,0.0,0.0,0.0,0.0,0.0,0.0,0.0,0.0,0.0
478,Luca,Netz,Netz,a,,,4.4,563,148,0.0,540,187,0.5,278,95,1,0,0,-1,1,62,129,0.1,0.7,0.5,0.5,1.0,316,120,,,355,132,226,77,319,119,333,120,,,,,,,,0.0,0.07,0.07,0.43,0.0,0.0,3.33,0.0,3.33,5,1,7.0,0.0,0.0,0.0,0.0,0.0,0.0,0.0,0.0,0.0,0.0,0.0,0.0,5.0,66.0,131.0,0.0,0.0,0.02,0.02,0.0,4.0,16.6,2.0,2.3000000000000003,0.0,0.0,0.0,0.0
479,Tyler,Bindon,Bindon,u,Has joined Charlton Athletic on loan for the rest of the season,,4.0,636,187,0.1,407,151,0.0,381,133,0,0,0,0,0,0,604,0.0,0.0,0.0,0.0,0.0,460,163,0.0,0.0,446,163,437,162,381,147,451,163,,,,,,,,0.0,0.0,0.0,0.0,0.0,0.0,0.0,0.0,0.0,5,0,0.0,0.0,0.0,0.0,0.0,0.0,0.0,0.0,0.0,0.0,0.0,0.0,0.0,0.0,0.0,615.0,0.0,0.0,0.0,0.0,0.0,0.0,0.0,0.0,0.0,0.0,0.0,0.0,0.0
439,Benjamin,Sesko,Šeško,d,Shin injury - 75% chance of playing,,7.0,27,10,1.6,142,22,0.5,331,39,0,0,0,0,0,6823,26853,0.1,1.1,0.4,0.5,2.0,246,28,75.0,100.0,239,21,266,33,137,27,235,24,,,,,,,,0.46,0.01,0.47,2.37,0.0,0.0,3.55,0.0,5.92,5,0,0.0,0.0,0.0,0.0,0.0,0.0,0.0,0.0,0.0,0.0,0.0,0.0,0.0,0.0,7083.0,27040.0,0.0,0.0,0.0,0.0,0.0,0.0,0.0,0.0,0.0,0.0,0.0,0.0,0.0
514,Mathys,Tel,Tel,a,,,5.7,117,75,0.2,342,121,0.5,324,158,0,-1,1,-3,3,232,2202,0.1,1.4,0.5,0.5,2.0,239,105,,,280,120,109,72,59,36,150,77,3.0,3.0,,,,,,0.07,0.08,0.15,1.94,0.0,0.35,1.4,1.05,4.55,5,0,0.0,0.0,0.0,0.0,0.0,0.0,0.0,0.0,0.0,0.0,0.0,0.0,0.0,0.0,234.0,2292.0,0.0,0.0,0.0,0.0,0.0,0.0,0.0,0.0,0.0,0.0,0.0,0.0,0.0
515,James,Maddison,Maddison,a,,,6.3,44,30,0.4,271,89,1.0,263,128,1,0,0,-2,2,891,2199,0.2,0.5,1.0,1.0,1.0,397,191,100.0,100.0,277,117,247,131,198,109,280,126,5.0,5.0,,,,,,0.09,0.06,0.15,1.57,0.0,0.0,3.05,0.0,16.78,5,1,24.0,0.0,0.0,0.0,2.0,0.0,0.0,0.0,0.0,0.0,0.0,0.0,0.0,9.0,909.0,2270.0,0.0,0.06,0.02,0.08,0.15000000000000002,10.600000000000001,2.4000000000000004,11.0,2.3999999999999995,4.0,0.0,2.0,6.0
516,Rodrigo,Bentancur,Bentancur,a,,,5.5,135,82,0.2,346,124,3.5,106,40,4,0,0,0,0,469,911,0.6,2.7,3.5,3.5,3.0,149,61,,,117,38,159,101,272,140,176,86,,,,,,,,0.0,0.03,0.03,1.36,0.0,0.49,1.46,0.97,14.59,5,4,83.0,0.0,0.0,0.0,3.0,0.0,0.0,0.0,0.0,0.0,0.0,1.0,0.0,15.0,479.0,926.0,0.0,0.0,0.039999999999999994,0.04000000000000001,1.0999999999999996,19.000000000000007,6.299999999999997,2.0,2.6999999999999993,6.0,3.0,8.0,17.0
517,Wilson,Odobert,Odobert,i,Knee injury - Unknown return date,,5.5,162,102,0.0,660,293,0.0,633,279,0,0,0,0,0,33,16,0.0,0.0,0.0,0.0,0.0,650,286,0.0,0.0,645,284,651,286,640,281,650,285,,,,,,,,0.0,0.0,0.0,0.0,0.0,0.0,0.0,0.0,0.0,5,0,0.0,0.0,0.0,0.0,0.0,0.0,0.0,0.0,0.0,0.0,0.0,0.0,0.0,0.0,33.0,16.0,0.0,0.0,0.0,0.0,0.0,0.0,0.0,0.0,0.0,0.0,0.0,0.0,0.0
518,Pape Matar,Sarr,P.M.Sarr,u,Has joined Juventus on loan for the rest of the season,,4.9,372,221,0.1,460,178,0.0,538,218,0,0,0,-1,1,0,756,0.0,0.0,0.0,0.0,0.0,585,245,0.0,0.0,574,238,574,244,541,221,580,240,,,,,,,,0.0,0.0,0.0,0.0,0.0,0.0,0.0,0.0,0.0,5,0,0.0,0.0,0.0,0.0,0.0,0.0,0.0,0.0,0.0,0.0,0.0,0.0,0.0,0.0,0.0,769.0,0.0,0.0,0.0,0.0,0.0,0.0,0.0,0.0,0.0,0.0,0.0,0.0,0.0
519,Conor,Gallagher,Gallagher,a,,,5.3,216,135,0.2,337,119,3.0,126,52,6,0,0,-2,2,898,769,0.6,1.7,3.0,3.0,3.0,144,59,,,199,85,263,136,135,73,216,101,,,,,,,,0.25,0.08,0.33,1.78,0.0,0.67,1.34,1.34,12.09,5,6,6.0,1.0,0.0,0.0,0.0,0.0,0.0,0.0,0.0,0.0,0.0,0.0,0.0,24.0,913.0,798.0,0.0,0.35,0.0,0.35,0.06999999999999984,38.400000000000006,2.299999999999999,33.0,7.3999999999999995,3.0,0.0,1.0,4.0
520,Lucas,Bergvall,Bergvall,a,,,5.3,233,147,0.1,375,135,1.0,247,117,1,-1,1,-2,2,119,689,0.2,0.6,1.0,1.0,1.0,371,171,,,320,143,272,139,249,129,325,152,,,,,,,,0.07,0.31,0.38,2.55,0.0,0.0,2.31,1.15,15.0,5,1,6.0,0.0,0.0,0.0,0.0,0.0,0.0,0.0,0.0,0.0,0.0,0.0,0.0,3.0,120.0,704.0,0.0,0.0,0.010000000000000009,0.010000000000000009,0.06999999999999984,3.0,0.9000000000000004,2.0,0.6000000000000001,1.0,0.0,0.0,1.0
521,Dejan,Kulusevski,Kulusevski,i,Knee injury - Unknown return date,,6.5,38,26,0.0,613,259,0.0,658,296,0,0,0,0,0,114,84,0.0,0.0,0.0,0.0,0.0,663,297,0.0,0.0,663,297,664,297,662,297,664,297,,,,,,,,0.0,0.0,0.0,0.0,0.0,0.0,0.0,0.0,0.0,5,0,0.0,0.0,0.0,0.0,0.0,0.0,0.0,0.0,0.0,0.0,0.0,0.0,0.0,0.0,114.0,84.0,0.0,0.0,0.0,0.0,0.0,0.0,0.0,0.0,0.0,0.0,0.0,0.0,0.0
626,Macaulay,Zepa,Zepa,a,,,4.4,575,296,0.3,290,99,0.0,430,173,0,-1,1,-1,1,1372,2528,0.0,0.0,0.0,0.0,0.0,497,208,,,483,200,475,206,425,178,488,201,,,,,,,,0.0,0.0,0.0,0.0,0.0,0.0,0.0,0.0,0.0,5,0,0.0,0.0,0.0,0.0,0.0,0.0,0.0,0.0,0.0,0.0,0.0,0.0,0.0,0.0,1376.0,2549.0,0.0,0.0,0.0,0.0,0.0,0.0,0.0,0.0,0.0,0.0,0.0,0.0,0.0
289,Matt,Crooks,Crooks,a,,,4.4,539,285,0.5,249,81,0.5,272,132,0,-1,1,-1,1,5648,4803,0.1,0.7,0.5,0.5,1.0,308,136,100.0,100.0,225,96,228,124,403,168,281,127,,,,,,,,0.0,0.05,0.05,1.58,0.0,0.44,1.77,1.33,9.31,5,0,45.0,0.0,0.0,0.0,2.0,0.0,0.0,0.0,1.0,0.0,0.0,1.0,0.0,6.0,5678.0,4895.0,0.0,0.0,0.12,0.12,1.19,7.799999999999997,14.5,0.0,2.2,2.0,0.0,0.0,2.0
329,Joe,Rodon,Rodon,i,Hamstring injury - Expected back 21 Nov,,4.3,580,155,0.7,206,79,0.0,404,155,0,-1,1,-2,2,51,9994,0.0,1.6,0.0,0.0,3.5,116,46,0.0,0.0,274,112,241,84,274,96,299,112,,,,,,,,0.02,0.04,0.06,0.74,0.0,0.73,0.0,1.46,8.05,5,0,0.0,0.0,0.0,0.0,0.0,0.0,0.0,0.0,0.0,0.0,0.0,0.0,0.0,0.0,52.0,11317.0,0.0,0.0,0.0,0.0,0.0,0.0,0.0,0.0,0.0,0.0,0.0,0.0,0.0
330,Jayden,Bogle,Bogle,a,,,4.6,426,82,7.4,52,20,10.0,4,2,5,0,0,1,-1,146834,31846,2.2,9.1,10.0,10.0,8.4,4,2,,,59,25,171,51,23,1,46,5,,,,,,,,0.34,0.02,0.36,0.71,0.0,0.99,0.25,1.23,3.95,5,5,66.0,0.0,0.0,1.0,0.0,0.0,0.0,0.0,1.0,0.0,0.0,1.0,0.0,14.0,152732.0,32288.0,0.0,0.06999999999999984,0.0,0.07000000000000006,0.6600000000000001,0.0,2.0,11.0,1.3000000000000007,0.0,1.0,2.0,1.0
399,Rayan,Cherki,Cherki,a,,,7.8,14,10,28.4,9,5,4.5,77,26,8,0,0,3,-3,146908,106830,0.6,4.4,4.5,4.5,6.8,14,5,,,6,3,4,4,30,17,4,4,1.0,1.0,,,,,,0.21,0.46,0.67,1.49,0.0,0.3,1.19,1.19,3.58,5,8,84.0,1.0,0.0,0.0,3.0,0.0,0.0,0.0,0.0,0.0,0.0,1.0,1.0,35.0,149160.0,110016.0,0.0,0.13,0.13000000000000012,0.2599999999999998,3.1799999999999997,42.80000000000001,43.599999999999994,27.0,11.299999999999997,0.0,2.0,3.0,5.0
400,Jérémy,Doku,Doku,a,,,7.4,19,12,0.7,214,66,0.5,333,163,1,0,0,-1,1,5435,2401,0.1,0.1,0.5,0.4,1.0,400,193,100.0,75.0,373,175,252,132,299,156,345,163,,,3.0,,,,,1.38,1.92,3.3,2.52,0.0,0.0,0.0,0.0,12.0,5,1,15.0,0.0,0.0,0.0,0.0,0.0,0.0,0.0,0.0,0.0,0.0,0.0,0.0,7.0,5438.0,2436.0,0.0,0.23,0.32,0.55,0.42,3.6,13.8,5.0,2.2,0.0,1.0,1.0,2.0
402,Rodrigo 'Rodri',Hernandez Cascante,Rodrigo,u,Has joined Barcelona permanently,,6.5,36,24,0.0,607,256,0.0,657,295,0,0,0,0,0,0,28,0.0,0.0,0.0,0.0,0.0,662,296,0.0,0.0,662,296,663,296,661,296,663,296,,,,,,,,0.0,0.0,0.0,0.0,0.0,0.0,0.0,0.0,0.0,5,0,0.0,0.0,0.0,0.0,0.0,0.0,0.0,0.0,0.0,0.0,0.0,0.0,0.0,0.0,0.0,28.0,0.0,0.0,0.0,0.0,0.0,0.0,0.0,0.0,0.0,0.0,0.0,0.0,0.0
404,Tijjani,Reijnders,Reijnders,u,Has joined Al Qadsiah permanently,,6.0,70,48,0.0,529,212,0.0,651,290,0,0,0,0,0,0,110,0.0,0.0,0.0,0.0,0.0,659,293,0.0,0.0,657,292,660,293,654,291,660,293,,,,,,,,0.0,0.0,0.0,0.0,0.0,0.0,0.0,0.0,0.0,5,0,0.0,0.0,0.0,0.0,0.0,0.0,0.0,0.0,0.0,0.0,0.0,0.0,0.0,0.0,0.0,112.0,0.0,0.0,0.0,0.0,0.0,0.0,0.0,0.0,0.0,0.0,0.0,0.0,0.0
288,Kieran,Dowell,Dowell,a,,,4.4,549,288,0.3,294,101,0.0,411,165,0,-1,1,-1,1,673,2243,0.0,0.0,0.0,0.0,0.0,484,201,,,469,193,461,199,410,171,474,194,,,,,,,,0.0,0.0,0.0,0.0,0.0,0.0,0.0,0.0,0.0,5,0,0.0,0.0,0.0,0.0,0.0,0.0,0.0,0.0,0.0,0.0,0.0,0.0,0.0,0.0,677.0,2286.0,0.0,0.0,0.0,0.0,0.0,0.0,0.0,0.0,0.0,0.0,0.0,0.0,0.0
576,Elliot,Stroud,Stroud,a,,,5.0,321,196,0.1,442,168,0.5,304,146,0,0,0,0,0,161,532,0.1,1.4,0.5,0.5,1.8,255,112,,,335,155,207,117,239,125,312,141,,,,,,,,0.02,0.02,0.04,1.56,0.0,0.72,0.36,1.45,7.23,5,0,0.0,0.0,0.0,0.0,0.0,0.0,0.0,0.0,0.0,0.0,0.0,0.0,0.0,0.0,167.0,541.0,0.0,0.0,0.0,0.0,0.0,0.0,0.0,0.0,0.0,0.0,0.0,0.0,0.0
343,Daniel,James,James,a,,,4.9,342,207,0.1,428,160,1.0,231,107,1,0,0,-1,1,227,630,0.2,0.6,1.0,1.0,1.0,334,145,,,394,184,352,175,191,104,350,166,,,,,,,,0.61,0.02,0.63,2.79,0.0,0.0,1.73,0.0,8.65,5,1,23.0,0.0,0.0,0.0,0.0,0.0,0.0,0.0,0.0,0.0,0.0,0.0,0.0,3.0,236.0,643.0,0.0,0.0,0.0,0.0,0.40000000000000013,1.2,0.19999999999999996,4.0,0.5,0.0,1.0,0.0,1.0
344,Ilia,Gruev,Gruev,a,,,5.0,289,175,0.0,646,281,0.0,571,241,0,0,0,0,0,52,23,0.0,0.0,0.0,0.0,0.0,609,260,100.0,100.0,600,255,606,260,583,246,606,257,,,,,,,,0.0,0.0,0.0,0.0,0.0,0.0,0.0,0.0,0.0,5,0,0.0,0.0,0.0,0.0,0.0,0.0,0.0,0.0,0.0,0.0,0.0,0.0,0.0,0.0,53.0,23.0,0.0,0.0,0.0,0.0,0.0,0.0,0.0,0.0,0.0,0.0,0.0,0.0,0.0
409,Divine,Mukasa,Mukasa,u,has joined West Ham on loan for the rest of the seaon.,,4.5,511,268,0.1,438,164,0.0,481,184,0,0,0,0,0,0,677,0.0,0.0,0.0,0.0,0.0,542,219,0.0,0.0,529,211,525,217,483,189,534,212,,,,,,,,0.0,0.0,0.0,0.0,0.0,0.0,0.0,0.0,0.0,5,0,0.0,0.0,0.0,0.0,0.0,0.0,0.0,0.0,0.0,0.0,0.0,0.0,0.0,0.0,0.0,686.0,0.0,0.0,0.0,0.0,0.0,0.0,0.0,0.0,0.0,0.0,0.0,0.0,0.0
410,Jeremy,Monga,Monga,u,Has joined Swansea City on loan for the rest of the season,,4.9,399,243,0.0,623,265,0.0,554,232,0,0,0,-1,1,0,59,0.0,0.0,0.0,0.0,0.0,594,252,0.0,0.0,585,247,585,252,560,237,591,249,,,,,,,,0.0,0.0,0.0,0.0,0.0,0.0,0.0,0.0,0.0,5,0,0.0,0.0,0.0,0.0,0.0,0.0,0.0,0.0,0.0,0.0,0.0,0.0,0.0,0.0,0.0,60.0,0.0,0.0,0.0,0.0,0.0,0.0,0.0,0.0,0.0,0.0,0.0,0.0,0.0
411,Erling,Haaland,Haaland,a,,,15.6,1,1,73.9,1,1,7.5,19,3,6,0,0,1,-1,91467,27289,0.5,2.5,7.5,7.5,7.8,7,2,,,3,1,209,23,1,1,5,1,,,1.0,,,,,0.88,0.11,0.99,1.45,0.0,0.4,1.0,1.0,4.0,5,6,90.0,1.0,0.0,0.0,3.0,0.0,0.0,0.0,0.0,0.0,0.0,1.0,0.0,25.0,94029.0,27447.0,0.0,1.0899999999999999,0.020000000000000018,1.1100000000000003,3.57,28.599999999999994,2.0,57.0,8.799999999999997,0.0,2.0,0.0,2.0
481,Elliot,Anderson,Anderson,a,,,6.3,45,31,4.0,85,28,3.5,111,43,2,0,0,-2,2,9117,31294,0.6,2.4,3.5,3.5,3.0,156,65,100.0,100.0,102,30,64,53,199,110,105,56,3.0,,,,,,,0.02,0.15,0.17,1.56,0.0,0.44,1.09,1.09,11.77,5,2,90.0,0.0,0.0,0.0,3.0,0.0,0.0,0.0,0.0,0.0,0.0,1.0,0.0,15.0,9344.0,31764.0,0.0,0.020000000000000004,0.020000000000000018,0.040000000000000036,3.5700000000000003,13.400000000000006,4.699999999999989,1.0,1.8999999999999986,2.0,4.0,3.0,9.0
559,Aladji,Bamba,Bamba,a,,,4.9,397,241,0.1,425,157,1.0,237,109,1,0,0,-1,1,136,549,0.2,0.6,1.0,1.0,1.0,349,157,,,314,140,378,188,558,235,373,176,,,,,,,,0.0,0.0,0.0,4.3,0.0,0.0,3.33,0.0,26.67,5,1,3.0,0.0,0.0,0.0,0.0,0.0,0.0,0.0,0.0,0.0,0.0,0.0,0.0,3.0,139.0,559.0,0.0,0.0,0.0,0.0,0.14000000000000012,6.199999999999999,0.10000000000000003,0.0,0.6,1.0,2.0,1.0,4.0
498,Marcos,Senesi Barón,Senesi,a,,,5.8,101,11,3.5,97,37,0.0,637,212,0,0,0,-2,2,1383,23813,0.0,0.5,0.0,0.0,3.0,153,63,,,231,92,328,118,644,215,310,116,,,,,,,,0.0,0.02,0.02,3.87,0.0,0.0,3.0,1.0,16.0,5,0,0.0,0.0,0.0,0.0,0.0,0.0,0.0,0.0,0.0,0.0,0.0,0.0,0.0,0.0,1395.0,24435.0,0.0,0.0,0.0,0.0,0.0,0.0,0.0,0.0,0.0,0.0,0.0,0.0,0.0
499,Pedro,Porro Sauceda,Pedro Porro,d,Hamstring injury - 75% chance of playing,,5.4,186,23,7.5,51,19,0.5,316,107,1,0,0,-1,1,1807,85238,0.1,1.7,0.4,0.5,3.0,146,61,75.0,100.0,276,113,127,33,158,47,213,75,1.0,1.0,,,,,,0.17,0.07,0.24,0.76,0.0,0.45,0.91,1.36,4.09,5,1,18.0,0.0,0.0,0.0,0.0,0.0,0.0,0.0,0.0,0.0,0.0,1.0,0.0,4.0,1991.0,86144.0,0.0,0.010000000000000009,0.0,0.010000000000000009,0.040000000000000036,0.0,3.8999999999999986,1.0,0.5,1.0,0.0,0.0,1.0
500,Cristian,Romero,Romero,u,Has joined Atletico Madrid permanently,,5.0,264,40,0.1,437,161,0.0,561,198,0,0,0,0,0,0,319,0.0,0.0,0.0,0.0,0.0,601,209,0.0,0.0,592,210,594,209,571,206,598,210,,,,,,,,0.0,0.0,0.0,0.0,0.0,0.0,0.0,0.0,0.0,5,0,0.0,0.0,0.0,0.0,0.0,0.0,0.0,0.0,0.0,0.0,0.0,0.0,0.0,0.0,0.0,321.0,0.0,0.0,0.0,0.0,0.0,0.0,0.0,0.0,0.0,0.0,0.0,0.0,0.0
505,Djed,Spence,Spence,u,Has joined Internazionale permanently,,4.5,459,103,0.2,319,119,0.0,446,170,0,0,0,0,0,0,1325,0.0,0.0,0.0,0.0,0.0,512,189,0.0,0.0,498,189,493,188,444,178,503,189,,,,,,,,0.0,0.0,0.0,0.0,0.0,0.0,0.0,0.0,0.0,5,0,0.0,0.0,0.0,0.0,0.0,0.0,0.0,0.0,0.0,0.0,0.0,0.0,0.0,0.0,0.0,1345.0,0.0,0.0,0.0,0.0,0.0,0.0,0.0,0.0,0.0,0.0,0.0,0.0,0.0
506,Destiny,Udogie,Udogie,a,,,4.4,565,150,0.3,281,103,0.0,420,164,0,0,0,-1,1,384,1801,0.0,1.6,0.0,0.0,2.3,200,79,100.0,100.0,326,123,256,93,303,108,328,118,,,,,,,,0.0,0.24,0.24,1.22,0.0,1.05,1.05,1.05,4.19,5,0,0.0,0.0,0.0,0.0,0.0,0.0,0.0,0.0,0.0,0.0,0.0,0.0,0.0,0.0,394.0,1830.0,0.0,0.0,0.0,0.0,0.0,0.0,0.0,0.0,0.0,0.0,0.0,0.0,0.0
511,João Victor,de Souza Menezes,Souza,u,Has joined FC Porto on loan for the rest of the season,,4.0,656,206,0.2,361,138,0.0,398,149,0,0,0,0,0,0,1001,0.0,0.0,0.0,0.0,0.0,475,177,0.0,0.0,461,177,452,176,397,162,466,177,,,,,,,,0.0,0.0,0.0,0.0,0.0,0.0,0.0,0.0,0.0,5,0,0.0,0.0,0.0,0.0,0.0,0.0,0.0,0.0,0.0,0.0,0.0,0.0,0.0,0.0,0.0,1019.0,0.0,0.0,0.0,0.0,0.0,0.0,0.0,0.0,0.0,0.0,0.0,0.0,0.0
587,Gerónimo,Rulli,Rulli,a,,,5.0,243,7,0.0,566,66,0.0,555,71,0,0,0,0,0,86,109,0.0,0.0,0.0,0.0,0.0,595,71,,,586,71,587,64,563,63,592,71,,,,,,,,0.0,0.0,0.0,0.0,0.0,0.0,0.0,0.0,0.0,5,0,0.0,0.0,0.0,0.0,0.0,0.0,0.0,0.0,0.0,0.0,0.0,0.0,0.0,0.0,88.0,109.0,0.0,0.0,0.0,0.0,0.0,0.0,0.0,0.0,0.0,0.0,0.0,0.0,0.0
567,Lukás,Hornícek,Horníček,a,,,5.0,286,12,1.5,149,22,2.0,172,17,3,0,0,0,0,8326,6080,0.4,2.8,2.0,2.0,2.8,167,15,,,12,1,604,69,581,68,133,2,,,,,,,,0.0,0.0,0.0,1.83,3.8,0.2,1.8,1.0,0.0,5,3,90.0,0.0,0.0,0.0,1.0,0.0,0.0,0.0,0.0,0.0,3.0,1.0,0.0,14.0,8590.0,6219.0,0.0,0.0,0.0,0.0,1.5900000000000007,17.0,0.0,0.0,1.6999999999999993,0.0,3.0,12.0,0.0
512,Mohammed,Kudus,Kudus,a,,,6.5,40,27,0.2,364,130,2.5,158,71,4,0,0,0,0,2748,1363,0.4,1.1,2.5,2.5,1.8,259,115,100.0,100.0,229,99,123,82,165,88,196,93,7.0,6.0,3.0,,,,,0.08,0.31,0.39,1.07,0.0,0.0,2.2,0.0,10.24,5,4,45.0,0.0,1.0,0.0,2.0,0.0,0.0,0.0,0.0,0.0,0.0,0.0,0.0,24.0,2771.0,1379.0,0.0,0.07,0.19999999999999998,0.27,0.34999999999999987,24.800000000000004,17.500000000000004,7.0,4.8999999999999995,2.0,0.0,5.0,7.0
523,Mikey,Moore,Moore,u,Has joined FC Köln on loan for the rest of the season,,5.0,301,182,0.1,492,191,0.0,580,246,0,0,0,0,0,0,609,0.0,0.6,0.0,0.0,1.5,273,121,0.0,0.0,301,130,292,147,83,49,243,108,,,,,,,,0.4,0.02,0.42,3.3,0.0,0.0,4.04,1.01,3.03,5,0,0.0,0.0,0.0,0.0,0.0,0.0,0.0,0.0,0.0,0.0,0.0,0.0,0.0,0.0,0.0,637.0,0.0,0.0,0.0,0.0,0.0,0.0,0.0,0.0,0.0,0.0,0.0,0.0,0.0
374,Endo,Wataru,Endo,a,,,4.9,337,204,0.1,478,185,0.0,520,208,0,0,0,-1,1,177,475,0.0,0.0,0.0,0.0,0.0,573,238,100.0,100.0,562,231,558,236,524,212,567,232,,,,,,,,0.0,0.0,0.0,0.0,0.0,0.0,0.0,0.0,0.0,5,0,0.0,0.0,0.0,0.0,0.0,0.0,0.0,0.0,0.0,0.0,0.0,0.0,0.0,0.0,179.0,478.0,0.0,0.0,0.0,0.0,0.0,0.0,0.0,0.0,0.0,0.0,0.0,0.0,0.0
418,Harry,Maguire,Maguire,a,,,4.8,401,73,8.5,45,16,1.5,201,69,2,-1,1,-2,2,5477,82924,0.3,2.1,1.5,1.5,2.0,226,87,,,104,47,119,30,92,18,102,33,,,,,,,,0.04,0.09,0.13,1.36,0.0,0.0,1.6,1.0,6.2,5,2,90.0,0.0,0.0,0.0,1.0,0.0,0.0,0.0,0.0,0.0,0.0,1.0,0.0,17.0,5562.0,86900.0,0.0,0.010000000000000009,0.030000000000000027,0.040000000000000036,1.62,17.200000000000003,17.1,12.0,4.600000000000001,1.0,4.0,4.0,5.0
473,Ola,Aina,Aina,a,,,4.4,547,136,2.3,120,47,1.0,218,75,0,-1,1,-1,1,1231,22897,0.2,1.8,1.0,1.0,2.0,224,85,,,168,72,105,26,216,68,173,61,,,,,,,,0.01,0.16,0.17,1.09,0.0,0.29,0.88,1.18,6.47,5,0,0.0,0.0,0.0,0.0,0.0,0.0,0.0,0.0,0.0,0.0,0.0,0.0,0.0,0.0,1973.0,23146.0,0.0,0.0,0.0,0.0,0.0,0.0,0.0,0.0,0.0,0.0,0.0,0.0,0.0
474,Jair,Paula da Cunha Filho,Jair Cunha,a,,,4.5,507,126,0.2,338,127,0.5,282,98,1,0,0,0,0,311,722,0.1,2.4,0.5,0.4,2.8,161,66,100.0,75.0,134,60,248,88,321,121,226,83,,,,,,,,0.01,0.0,0.01,0.99,0.0,0.25,1.0,1.0,9.0,5,1,90.0,0.0,0.0,0.0,1.0,0.0,0.0,0.0,1.0,0.0,0.0,1.0,0.0,5.0,321.0,764.0,0.0,0.020000000000000004,0.01,0.030000000000000006,0.6700000000000004,14.199999999999996,11.799999999999999,1.0,2.6999999999999993,2.0,6.0,3.0,8.0
435,Shea,Lacey,Lacey,a,,,4.9,392,237,0.1,488,190,0.0,552,231,0,0,0,-1,1,407,393,0.0,0.2,0.0,0.0,1.0,346,154,,,405,191,368,183,554,232,404,189,,,,,,,,0.0,0.0,0.0,0.0,0.0,0.0,0.0,0.0,9.0,5,0,0.0,0.0,0.0,0.0,0.0,0.0,0.0,0.0,0.0,0.0,0.0,0.0,0.0,0.0,415.0,398.0,0.0,0.0,0.0,0.0,0.0,0.0,0.0,0.0,0.0,0.0,0.0,0.0,0.0
489,Ryan,Yates,Yates,a,,,4.5,450,258,1.1,166,51,0.0,441,176,0,0,0,0,0,684,8200,0.0,0.0,0.0,0.0,0.0,507,211,100.0,100.0,493,203,488,209,438,181,498,204,,,,,,,,0.0,0.0,0.0,0.0,0.0,0.0,0.0,0.0,0.0,5,0,0.0,0.0,0.0,0.0,0.0,0.0,0.0,0.0,0.0,0.0,0.0,0.0,0.0,0.0,700.0,8294.0,0.0,0.0,0.0,0.0,0.0,0.0,0.0,0.0,0.0,0.0,0.0,0.0,0.0
526,Dominic,Solanke-Mitchell,Solanke,a,,,5.8,98,26,0.8,200,32,2.0,183,18,2,0,0,-2,2,2363,6441,0.3,1.2,2.0,2.0,1.4,279,32,,,336,33,227,26,134,25,268,29,,,1.0,,,,,0.3,0.01,0.31,1.36,0.0,0.53,0.53,1.06,4.76,5,2,65.0,0.0,0.0,0.0,1.0,0.0,0.0,0.0,0.0,0.0,0.0,1.0,0.0,9.0,2437.0,6542.0,0.0,0.12000000000000005,0.0,0.11999999999999994,1.0099999999999998,5.2,12.6,16.0,3.3999999999999995,2.0,1.0,3.0,6.0
527,Richarlison,de Andrade,Richarlison,u,not included in squad.,,5.9,84,22,0.6,228,37,0.0,644,73,0,0,0,-1,1,0,6501,0.0,0.3,0.0,0.0,2.0,241,25,0.0,0.0,652,74,329,43,650,75,402,46,,,,,,,,0.0,0.0,0.0,4.06,0.0,0.0,4.03,1.34,1.34,5,0,0.0,0.0,0.0,0.0,0.0,0.0,0.0,0.0,0.0,0.0,0.0,0.0,0.0,0.0,0.0,6742.0,0.0,0.0,0.0,0.0,0.0,0.0,0.0,0.0,0.0,0.0,0.0,0.0,0.0
528,Dane,Scarlett,Scarlett,u,Has joined Leyton Orient permanently,,4.5,483,66,1.1,171,27,0.0,456,41,0,0,0,0,0,0,8914,0.0,0.0,0.0,0.0,0.0,520,51,0.0,0.0,506,45,503,50,460,44,511,49,,,,,,,,0.0,0.0,0.0,0.0,0.0,0.0,0.0,0.0,0.0,5,0,0.0,0.0,0.0,0.0,0.0,0.0,0.0,0.0,0.0,0.0,0.0,0.0,0.0,0.0,0.0,9079.0,0.0,0.0,0.0,0.0,0.0,0.0,0.0,0.0,0.0,0.0,0.0,0.0,0.0
578,Mykhailo,Mudryk,Mudryk,i,Ankle injury - Unknown return date,,5.3,224,141,0.0,516,205,0.0,600,259,0,-1,1,-2,2,25,611,0.0,0.2,0.0,0.0,1.0,366,166,0.0,0.0,625,270,392,196,331,165,407,191,,,,,,,,0.0,0.0,0.0,0.9,0.0,0.0,0.0,0.0,0.0,5,0,0.0,0.0,0.0,0.0,0.0,0.0,0.0,0.0,0.0,0.0,0.0,0.0,0.0,0.0,25.0,617.0,0.0,0.0,0.0,0.0,0.0,0.0,0.0,0.0,0.0,0.0,0.0,0.0,0.0
533,Nordi,Mukiele,Mukiele,a,,,5.4,174,19,1.9,127,51,0.0,609,207,0,0,0,-1,1,5884,10054,0.0,2.4,0.0,0.0,3.2,130,55,100.0,100.0,51,22,124,32,73,10,68,13,,,,,,,,0.19,0.07,0.26,1.72,0.0,0.25,2.0,1.0,12.0,5,0,90.0,0.0,0.0,0.0,5.0,0.0,0.0,0.0,0.0,0.0,0.0,1.0,0.0,5.0,5922.0,10424.0,0.0,0.050000000000000044,0.23000000000000004,0.28,2.8200000000000003,30.19999999999999,30.5,11.0,7.200000000000001,4.0,5.0,3.0,9.0
545,Noah,Sadiki,Sadiki,a,,,4.9,393,238,0.2,323,115,2.0,168,78,2,0,0,-1,1,457,1549,0.4,2.0,2.0,2.0,2.0,231,101,,,183,73,94,66,46,28,96,52,,,,,,,,0.1,0.05,0.15,1.42,0.0,0.22,1.98,1.1,6.37,5,2,67.0,0.0,0.0,0.0,4.0,0.0,0.0,0.0,0.0,0.0,0.0,1.0,0.0,9.0,473.0,1584.0,0.0,0.03999999999999998,0.009999999999999981,0.050000000000000044,1.0199999999999996,0.0,3.299999999999997,1.0,0.3000000000000007,0.0,1.0,2.0,3.0
546,Simon,Adingra,Adingra,u,Has joined Ajax on loan for the rest of the season,,4.9,384,229,0.0,559,232,0.0,546,225,0,0,0,-1,1,0,207,0.0,0.0,0.0,0.0,0.0,589,248,0.0,0.0,578,241,579,247,547,225,584,243,,,,,,,,0.0,0.0,0.0,0.0,0.0,0.0,0.0,0.0,0.0,5,0,0.0,0.0,0.0,0.0,0.0,0.0,0.0,0.0,0.0,0.0,0.0,0.0,0.0,0.0,0.0,210.0,0.0,0.0,0.0,0.0,0.0,0.0,0.0,0.0,0.0,0.0,0.0,0.0,0.0
495,Brandon,Austin,Austin,a,,,4.0,608,62,1.0,178,27,0.0,359,35,0,0,0,0,0,2219,2440,0.0,0.0,0.0,0.0,0.0,441,38,,,427,38,418,19,362,14,432,38,,,,,,,,0.0,0.0,0.0,0.0,0.0,0.0,0.0,0.0,0.0,5,0,0.0,0.0,0.0,0.0,0.0,0.0,0.0,0.0,0.0,0.0,0.0,0.0,0.0,0.0,2280.0,2463.0,0.0,0.0,0.0,0.0,0.0,0.0,0.0,0.0,0.0,0.0,0.0,0.0,0.0
534,Trai,Hume,Hume,a,,,4.3,581,156,2.8,108,41,0.5,271,90,1,-1,1,-2,2,1374,33908,0.1,2.3,0.5,0.5,2.5,187,73,,,246,101,96,21,173,51,189,67,3.0,,,,,,,0.06,0.13,0.19,2.0,0.0,0.44,0.87,0.87,5.68,5,1,11.0,0.0,0.0,0.0,1.0,0.0,0.0,0.0,0.0,0.0,0.0,0.0,0.0,-2.0,1384.0,35868.0,0.0,0.1,0.009999999999999953,0.10999999999999999,1.4800000000000004,0.40000000000000213,0.3999999999999986,8.0,0.9000000000000004,1.0,0.0,0.0,1.0
538,Leo Fuhr,Hjelde,Hjelde,u,Has joined KV Mechelen on loan for the rest of the season,,4.0,626,181,0.0,527,185,0.0,371,127,0,0,0,0,0,0,173,0.0,0.0,0.0,0.0,0.0,451,158,0.0,0.0,437,158,428,157,372,142,442,158,,,,,,,,0.0,0.0,0.0,0.0,0.0,0.0,0.0,0.0,0.0,5,0,0.0,0.0,0.0,0.0,0.0,0.0,0.0,0.0,0.0,0.0,0.0,0.0,0.0,0.0,0.0,175.0,0.0,0.0,0.0,0.0,0.0,0.0,0.0,0.0,0.0,0.0,0.0,0.0,0.0
547,Romaine,Mundle,Mundle,i,Knee injury - Unknown return date,,4.9,367,219,0.0,637,273,0.0,536,217,0,0,0,-1,1,11,60,0.0,0.2,0.0,0.0,1.0,338,148,0.0,0.0,340,158,391,195,208,114,336,157,,,,,,,,15.3,0.0,15.3,8.1,0.0,0.0,0.0,0.0,90.0,5,0,0.0,0.0,0.0,0.0,0.0,0.0,0.0,0.0,0.0,0.0,0.0,0.0,0.0,0.0,12.0,63.0,0.0,0.0,0.0,0.0,0.0,0.0,0.0,0.0,0.0,0.0,0.0,0.0,0.0
548,Chris,Rigg,Rigg,a,,,4.9,389,234,0.0,502,197,0.0,550,229,0,0,0,-1,1,40,262,0.0,0.4,0.0,0.0,1.0,344,152,,,582,245,380,189,551,229,588,247,,,,,,,,0.0,0.0,0.0,2.33,0.0,0.0,5.29,0.0,5.29,5,0,0.0,0.0,0.0,0.0,0.0,0.0,0.0,0.0,0.0,0.0,0.0,0.0,0.0,0.0,40.0,266.0,0.0,0.0,0.0,0.0,0.0,0.0,0.0,0.0,0.0,0.0,0.0,0.0,0.0
549,Chemsdine,Talbi,Talbi,a,,,5.3,231,145,0.1,386,140,0.0,604,262,0,0,0,-2,2,126,628,0.0,0.2,0.0,0.0,1.0,369,169,,,627,272,360,179,615,265,632,273,,,,,,,,0.0,0.0,0.0,0.41,0.0,0.0,2.9,0.0,5.81,5,0,0.0,0.0,0.0,0.0,0.0,0.0,0.0,0.0,0.0,0.0,0.0,0.0,0.0,0.0,127.0,642.0,0.0,0.0,0.0,0.0,0.0,0.0,0.0,0.0,0.0,0.0,0.0,0.0,0.0
550,Djiamgone Jocelin Ta,Bi,Jocelin.T,a,,,5.0,331,201,0.0,630,268,0.0,593,255,0,0,0,0,0,47,50,0.0,0.0,0.0,0.0,0.0,630,273,,,621,268,627,273,606,260,627,270,,,,,,,,0.0,0.0,0.0,0.0,0.0,0.0,0.0,0.0,0.0,5,0,0.0,0.0,0.0,0.0,0.0,0.0,0.0,0.0,0.0,0.0,0.0,0.0,0.0,0.0,47.0,51.0,0.0,0.0,0.0,0.0,0.0,0.0,0.0,0.0,0.0,0.0,0.0,0.0,0.0
551,Nilson,Angulo,N.Angulo,a,,,5.0,311,189,0.1,393,144,3.0,124,50,4,0,0,0,0,594,875,0.6,3.2,3.0,3.0,3.2,128,49,,,128,43,162,102,101,56,126,67,,1.0,,,,,,0.17,0.04,0.21,1.31,0.0,0.29,2.01,1.44,6.9,5,4,59.0,0.0,1.0,0.0,4.0,0.0,0.0,0.0,0.0,0.0,0.0,1.0,0.0,13.0,595.0,892.0,0.0,0.44999999999999996,0.010000000000000009,0.45999999999999996,0.7499999999999996,21.400000000000006,11.699999999999996,13.0,4.6,0.0,3.0,1.0,4.0
552,Brian,Brobbey,Brobbey,d,Hamstring injury - 75% chance of playing,,5.7,113,29,6.8,57,9,9.0,7,2,17,-1,1,-3,3,200216,59316,1.6,4.2,6.8,9.0,4.8,68,6,75.0,,62,4,77,6,14,7,26,6,,,,,,,,0.66,0.02,0.68,1.85,0.0,0.23,2.03,1.13,2.48,5,17,90.0,3.0,0.0,0.0,5.0,0.0,0.0,0.0,0.0,0.0,0.0,1.0,3.0,92.0,200311.0,61630.0,0.0,2.35,0.039999999999999994,2.3899999999999997,2.8199999999999994,104.0,16.1,84.0,20.4,0.0,0.0,0.0,0.0
535,Omar,Alderete,Alderete,a,,,4.8,406,75,0.2,316,117,0.0,507,190,0,-1,1,-2,2,255,1211,0.0,0.2,0.0,0.0,1.0,327,126,100.0,100.0,554,204,367,136,512,198,559,204,,,,,,,,0.0,0.04,0.04,0.39,0.0,0.0,3.91,0.0,0.0,5,0,0.0,0.0,0.0,0.0,0.0,0.0,0.0,0.0,0.0,0.0,0.0,0.0,0.0,0.0,257.0,1258.0,0.0,0.0,0.0,0.0,0.0,0.0,0.0,0.0,0.0,0.0,0.0,0.0,0.0
536,Reinildo,Mandava,Reinildo,a,,,4.4,558,145,0.3,308,115,-1.0,664,216,0,-1,1,-1,1,259,1708,-0.2,1.6,-1.0,0.0,1.8,248,91,100.0,0.0,178,75,166,46,283,100,217,77,,,,,,,,0.0,0.08,0.08,1.26,0.0,0.25,1.25,1.0,7.25,5,0,0.0,0.0,0.0,0.0,0.0,0.0,0.0,0.0,0.0,0.0,0.0,0.0,0.0,0.0,259.0,1835.0,0.0,0.0,0.0,0.0,0.0,0.0,0.0,0.0,0.0,0.0,0.0,0.0,0.0
537,Jenson,Seelt,Seelt,u,Has joined Swansea City on loan for the rest of the season,,4.5,492,121,0.0,636,213,0.0,464,179,0,0,0,0,0,0,26,0.0,0.0,0.0,0.0,0.0,528,196,0.0,0.0,514,196,511,195,468,188,519,196,,,,,,,,0.0,0.0,0.0,0.0,0.0,0.0,0.0,0.0,0.0,5,0,0.0,0.0,0.0,0.0,0.0,0.0,0.0,0.0,0.0,0.0,0.0,0.0,0.0,0.0,0.0,26.0,0.0,0.0,0.0,0.0,0.0,0.0,0.0,0.0,0.0,0.0,0.0,0.0,0.0
539,Luke,O'Nien,O'Nien,a,,,3.9,662,212,2.5,113,43,0.0,335,111,0,-1,1,-1,1,19960,13606,0.0,0.3,0.0,0.0,1.0,296,103,,,316,120,345,124,300,105,355,124,,,,,,,,0.01,0.01,0.02,2.3,0.0,0.0,1.36,1.36,6.82,5,0,0.0,0.0,0.0,0.0,0.0,0.0,0.0,0.0,0.0,0.0,0.0,0.0,0.0,0.0,19975.0,13985.0,0.0,0.0,0.0,0.0,0.0,0.0,0.0,0.0,0.0,0.0,0.0,0.0,0.0
540,Arthur,Masuaku,Masuaku,u,Has joined Konyaspor permanently,,4.0,596,163,0.1,382,144,0.0,350,118,0,0,0,0,0,0,706,0.0,0.0,0.0,0.0,0.0,434,153,0.0,0.0,420,153,408,149,352,134,424,152,,,,,,,,0.0,0.0,0.0,0.0,0.0,0.0,0.0,0.0,0.0,5,0,0.0,0.0,0.0,0.0,0.0,0.0,0.0,0.0,0.0,0.0,0.0,0.0,0.0,0.0,0.0,715.0,0.0,0.0,0.0,0.0,0.0,0.0,0.0,0.0,0.0,0.0,0.0,0.0,0.0
541,Thomas,Meunier,Meunier,a,,,4.5,434,86,0.3,300,110,2.5,140,54,3,0,0,0,0,1949,1070,0.6,3.1,2.5,2.5,2.8,160,65,100.0,100.0,132,58,151,40,110,25,127,42,,,,,,,,0.08,0.13,0.21,1.35,0.0,0.23,1.82,1.14,4.55,5,3,78.0,0.0,1.0,0.0,4.0,0.0,0.0,0.0,0.0,0.0,0.0,1.0,0.0,5.0,1956.0,1102.0,0.0,0.0,0.44999999999999996,0.45000000000000007,1.3400000000000007,22.800000000000004,12.799999999999997,2.0,3.799999999999999,2.0,2.0,3.0,4.0
542,Enzo,Le Fée,E.Le Fée,a,,,5.7,115,73,3.3,100,33,2.5,156,69,5,-1,1,-3,3,13414,28131,0.4,3.2,2.5,2.5,3.6,112,44,,,101,29,22,21,45,27,30,21,1.0,3.0,2.0,,,,,0.42,0.28,0.7,1.74,0.0,0.21,1.85,1.03,4.32,5,5,90.0,0.0,1.0,0.0,5.0,0.0,0.0,0.0,0.0,0.0,0.0,1.0,0.0,33.0,13469.0,29984.0,0.0,0.0,0.5200000000000001,0.52,2.820000000000001,33.8,72.80000000000001,2.0,10.899999999999999,1.0,2.0,0.0,3.0
543,Habib,Diarra,Diarra,i,Hamstring injury - Unknown return date,,5.3,230,144,0.0,562,233,0.0,603,261,0,-1,1,-2,2,21,264,0.0,0.9,0.0,0.0,2.5,190,82,0.0,0.0,297,127,271,138,332,166,324,151,,,1.0,,,,,0.1,0.51,0.61,0.39,0.0,0.0,3.21,0.0,0.0,5,0,0.0,0.0,0.0,0.0,0.0,0.0,0.0,0.0,0.0,0.0,0.0,0.0,0.0,0.0,21.0,271.0,0.0,0.0,0.0,0.0,0.0,0.0,0.0,0.0,0.0,0.0,0.0,0.0,0.0
544,Granit,Xhaka,Xhaka,a,,,5.5,125,80,3.6,94,32,1.5,207,99,2,0,0,0,0,7135,26060,0.3,3.8,1.5,1.5,4.2,83,35,,,89,26,5,5,315,159,37,27,2.0,2.0,,,,,,0.01,0.26,0.27,1.73,0.0,0.2,2.0,1.0,10.8,5,2,90.0,0.0,0.0,0.0,5.0,0.0,0.0,0.0,0.0,0.0,0.0,1.0,0.0,25.0,7227.0,26670.0,0.0,0.0,0.3800000000000001,0.3799999999999999,2.8200000000000003,24.599999999999994,37.29999999999998,0.0,6.199999999999999,3.0,3.0,2.0,8.0
501,Kevin,Danso,Danso,a,,,5.0,245,36,0.2,358,135,0.5,293,102,0,0,0,0,0,1324,923,0.1,0.6,0.5,0.5,1.0,350,133,,,176,74,176,55,183,57,198,71,,,,,,,,0.02,0.06,0.08,1.97,0.0,0.0,2.67,1.0,6.67,5,0,90.0,0.0,0.0,0.0,5.0,0.0,0.0,0.0,0.0,0.0,0.0,1.0,0.0,-8.0,1334.0,940.0,0.0,0.07,0.010000000000000009,0.07999999999999999,2.8200000000000003,17.6,11.0,19.0,4.8,0.0,8.0,5.0,8.0
553,Wilson,Isidor,Isidor,a,,,5.5,144,38,1.3,163,25,1.0,254,28,1,0,0,0,0,4267,12755,0.2,2.7,1.0,1.0,3.0,150,14,,,253,23,358,45,140,28,259,27,,,,,,,,1.15,0.01,1.16,2.91,0.0,0.0,2.31,0.0,3.85,5,1,22.0,0.0,0.0,0.0,1.0,0.0,0.0,0.0,0.0,0.0,0.0,0.0,0.0,3.0,4322.0,12980.0,0.0,0.0,0.0,0.0,1.7899999999999998,0.1999999999999993,0.30000000000000004,0.0,0.10000000000000053,1.0,0.0,1.0,2.0
612,Dayann,Méthalie,Methalie,a,,,4.5,531,133,0.0,612,207,-0.5,663,215,-1,0,0,0,0,135,78,-0.1,-0.2,-0.5,-0.5,-1.0,667,217,100.0,100.0,339,125,333,119,322,122,372,132,,,,,,,,0.03,0.01,0.04,2.82,0.0,0.0,5.0,1.0,3.0,5,-1,90.0,0.0,0.0,0.0,5.0,0.0,0.0,0.0,1.0,0.0,0.0,1.0,0.0,-8.0,137.0,78.0,0.0,0.03,0.01,0.04,2.82,8.0,2.0,2.0,1.2,1.0,2.0,4.0,3.0
613,Jules,Ahoka,Ahoka,a,,,4.5,538,284,0.2,317,112,0.0,503,198,0,0,0,0,0,647,1733,0.0,0.0,0.0,0.0,0.0,562,232,,,549,224,545,230,506,203,554,225,,,,,,,,0.0,0.0,0.0,0.0,0.0,0.0,0.0,0.0,0.0,5,0,0.0,0.0,0.0,0.0,0.0,0.0,0.0,0.0,0.0,0.0,0.0,0.0,0.0,0.0,660.0,1763.0,0.0,0.0,0.0,0.0,0.0,0.0,0.0,0.0,0.0,0.0,0.0,0.0,0.0
646,Malick,Fofana,Fofana,a,,,5.5,160,100,0.0,537,218,1.0,256,123,1,0,0,0,0,363,328,0.2,0.5,1.0,1.0,1.0,387,183,,,310,137,332,167,108,62,277,124,,,,,,,,0.58,0.02,0.6,4.88,0.0,0.0,3.0,0.0,4.5,5,1,30.0,0.0,0.0,0.0,1.0,0.0,0.0,0.0,0.0,0.0,0.0,0.0,0.0,6.0,364.0,331.0,0.0,0.39,0.01,0.4,2.0700000000000003,12.4,0.8,38.0,5.1,1.0,0.0,2.0,3.0
651,Juan,Angulo,J.Angulo,a,,,4.5,535,79,0.7,208,34,0.0,500,54,0,0,0,0,0,10028,7966,0.0,0.0,0.0,0.0,0.0,559,63,,,546,58,542,62,503,57,551,62,,,,,,,,0.0,0.0,0.0,0.0,0.0,0.0,0.0,0.0,0.0,5,0,0.0,0.0,0.0,0.0,0.0,0.0,0.0,0.0,0.0,0.0,0.0,0.0,0.0,0.0,10373.0,8066.0,0.0,0.0,0.0,0.0,0.0,0.0,0.0,0.0,0.0,0.0,0.0,0.0,0.0
