id,first_name,second_name,web_name,status,news,news_added,now_cost,now_cost_rank,now_cost_rank_type,selected_by_percent,selected_rank,selected_rank_type,form,form_rank,form_rank_type,event_points,cost_change_event,cost_change_event_fall,cost_change_start,cost_change_start_fall,transfers_in_event,transfers_out_event,value_form,value_season,ep_next,ep_this,points_per_game,points_per_game_rank,points_per_game_rank_type,chance_of_playing_next_round,chance_of_playing_this_round,influence_rank,influence_rank_type,creativity_rank,creativity_rank_type,threat_rank,threat_rank_type,ict_index_rank,ict_index_rank_type,corners_and_indirect_freekicks_order,direct_freekicks_order,penalties_order,set_piece_threat,corners_and_indirect_freekicks_text,direct_freekicks_text,penalties_text,expected_goals_per_90,expected_assists_per_90,expected_goal_involvements_per_90,expected_goals_conceded_per_90,saves_per_90,clean_sheets_per_90,goals_conceded_per_90,starts_per_90,defensive_contribution_per_90,gw,total_points,minutes,goals_scored,assists,clean_sheets,goals_conceded,own_goals,penalties_saved,penalties_missed,yellow_cards,red_cards,saves,starts,bonus,bps,transfers_in,transfers_out,dreamteam_count,expected_goals,expected_assists,expected_goal_involvements,expected_goals_conceded,influence,creativity,threat,ict_index,tackles,clearances_blocks_interceptions,recoveries,defensive_contribution
137,Iwan,Morgan,Morgan,a,,,4.4,578,,0.4,257,,0.0,,,0,0,,-1,,1585,1255,0.0,0.0,0.0,0.0,,,,0.0,0.0,,,,,,,,,,,,,,,,,,,,,,,,,5,0,0,0,0,0,0,0,0,0,0,0,0,0,0,0,6746,4262,0.0,0.0,0.0,0.0,0.0,0.0,0.0,0.0,0.0,0,0,0,0
1,David,Raya Martín,Raya,a,,,5.5,138,,24.0,15,,4.0,,,2,0,,0,,95889,32409,0.7,4.7,4.0,4.0,,,,0.0,0.0,,,,,,,,,,,,,,,,,,,,,,,,,5,2,90,0,0,0,1,0,0,0,0,0,2,1,0,13,160846,111953,0.0,0.0,0.009999999999999998,0.009999999999999998,0.8899999999999997,21.39999999999999,0.0,0.0,2.0999999999999996,0,1,6,7
2,Kepa,Arrizabalaga Revuelta,Arrizabalaga,a,,,4.4,522,,0.6,227,,0.0,,,0,0,,-1,,189,1438,0.0,0.0,0.0,0.0,,,,0.0,0.0,,,,,,,,,,,,,,,,,,,,,,,,,5,0,0,0,0,0,0,0,0,0,0,0,0,0,0,0,636,5510,0.0,0.0,0.0,0.0,0.0,0.0,0.0,0.0,0.0,0,0,0,0
3,Karl,Hein,Hein,u,Has joined Werder Bremen on loan for the rest of the season.,,4.0,660,,0.4,272,,0.0,,,0,0,,0,,0,926,0.0,0.0,0.0,0.0,,,,0.0,0.0,,,,,,,,,,,,,,,,,,,,,,,,,5,0,0,0,0,0,0,0,0,0,0,0,0,0,0,0,0,3441,0.0,0.0,0.0,0.0,0.0,0.0,0.0,0.0,0.0,0,0,0,0
4,Tommy,Setford,Setford,a,,,4.0,699,,0.2,343,,0.0,,,0,0,,0,,951,511,0.0,0.0,0.0,0.0,,,,0.0,0.0,,,,,,,,,,,,,,,,,,,,,,,,,5,0,0,0,0,0,0,0,0,0,0,0,0,0,0,0,3103,1652,0.0,0.0,0.0,0.0,0.0,0.0,0.0,0.0,0.0,0,0,0,0
5,Gabriel,dos Santos Magalhães,Gabriel,a,Thigh injury - 75% chance of playing,,6.1,84,,22.4,17,,4.8,,,2,0,,1,,73868,26778,0.8,4.1,4.8,4.8,,,,0.0,0.0,,,,,,,,,,,,,,,,,,,,,,,,,5,2,90,0,0,0,1,0,0,0,0,0,0,1,0,13,157240,95662,0.0,0.0,0.010000000000000002,0.010000000000000009,0.8899999999999997,19.60000000000001,2.3,0.0,2.200000000000001,1,7,1,9
281,Kaden,Rodney,Rodney,a,,,4.5,463,,0.0,593,,0.0,,,0,0,,0,,81,118,0.0,0.0,-1.0,0.0,,,,0.0,0.0,,,,,,,,,,,,,,,,,,,,,,,,,5,0,0,0,0,0,0,0,0,0,0,0,0,0,0,0,301,378,0.0,0.0,0.0,0.0,0.0,0.0,0.0,0.0,0.0,0,0,0,0
562,Ahmed,Abdullahi,Abdullahi,a,,,4.4,597,,0.4,258,,0.0,,,0,0,,-1,,823,1166,0.0,0.0,-0.5,-0.5,,,,0.0,0.0,,,,,,,,,,,,,,,,,,,,,,,,,5,0,0,0,0,0,0,0,0,0,0,0,0,0,0,0,3496,4045,0.0,0.0,0.0,0.0,0.0,0.0,0.0,0.0,0.0,0,0,0,0
6,William,Saliba,Saliba,a,,,6.0,87,,12.5,33,,2.2,,,2,0,,0,,14672,15443,0.4,3.0,2.2,2.2,,,,100.0,100.0,,,,,,,,,,,,,,,,,,,,,,,,,5,2,90,0,0,0,1,0,0,0,0,0,0,1,0,15,23324,122893,0.0,0.13,0.019999999999999997,0.15,0.8900000000000001,22.0,3.0,4.0,2.8999999999999995,4,5,8,17
7,Riccardo,Calafiori,Calafiori,a,Hip injury - 75% chance of playing,,5.7,124,,14.1,26,,5.5,,,2,0,,2,,45082,19302,1.0,6.1,5.5,5.5,,,,0.0,0.0,,,,,,,,,,,,,,,,,,,,,,,,,5,2,90,0,0,0,1,0,0,0,0,0,0,1,0,7,135946,80450,0.0,0.14000000000000012,0.049999999999999996,0.18999999999999995,0.8899999999999999,3.5999999999999943,6.200000000000003,19.0,2.900000000000002,3,2,6,11
8,Jurriën,Timber,J.Timber,a,,,5.8,116,,13.3,31,,8.8,,,1,1,,3,,94752,19598,1.5,6.0,8.8,8.8,,,,0.0,0.0,,,,,,,,,,,,,,,,,,,,,,,,,5,1,79,0,0,0,1,0,0,0,1,0,0,1,0,16,295990,67764,0.0,0.0,0.05000000000000002,0.050000000000000044,0.6500000000000001,17.0,13.899999999999991,8.0,3.8999999999999986,7,1,3,11
9,Jakub,Kiwior,Kiwior,u,has joined Porto on loan for the rest of the season.,,5.4,195,,0.1,535,,0.0,,,0,0,,-1,,0,209,0.0,0.0,0.0,0.0,,,,0.0,0.0,,,,,,,,,,,,,,,,,,,,,,,,,5,0,0,0,0,0,0,0,0,0,0,0,0,0,0,0,0,997,0.0,0.0,0.0,0.0,0.0,0.0,0.0,0.0,0.0,0,0,0,0
10,Myles,Lewis-Skelly,Lewis-Skelly,a,,,5.3,228,,2.2,124,,0.5,,,0,0,,-2,,892,7000,0.1,0.4,0.5,0.5,,,,0.0,0.0,,,,,,,,,,,,,,,,,,,,,,,,,5,0,0,0,0,0,0,0,0,0,0,0,0,0,0,0,2790,31040,0.0,0.0,0.0,0.0,0.0,0.0,0.0,0.0,0.0,0,0,0,0
11,Benjamin,White,White,a,,,5.4,180,,0.5,248,,0.0,,,0,0,,-1,,32,2211,0.0,1.1,0.0,0.0,,,,100.0,50.0,,,,,,,,,,,,,,,,,,,,,,,,,5,0,0,0,0,0,0,0,0,0,0,0,0,0,0,0,535,8718,0.0,0.0,0.0,0.0,0.0,0.0,0.0,0.0,0.0,0,0,0,0
13,Brayden,Clarke,Clarke,a,,,4.0,702,,0.5,241,,0.0,,,0,0,,0,,742,1172,0.0,0.0,0.0,0.0,,,,0.0,0.0,,,,,,,,,,,,,,,,,,,,,,,,,5,0,0,0,0,0,0,0,0,0,0,0,0,0,0,0,2235,4215,0.0,0.0,0.0,0.0,0.0,0.0,0.0,0.0,0.0,0,0,0,0
14,Maldini,Kacurri,Kacurri,a,has joined Morecambe on loan for the rest of the season.,,3.9,736,,0.2,359,,0.0,,,0,0,,-1,,1941,615,0.0,0.0,0.0,0.0,,,,0.0,0.0,,,,,,,,,,,,,,,,,,,,,,,,,5,0,0,0,0,0,0,0,0,0,0,0,0,0,0,0,5940,1941,0.0,0.0,0.0,0.0,0.0,0.0,0.0,0.0,0.0,0,0,0,0
15,Josh,Nichols,Nichols,a,,,3.9,730,,0.2,386,,0.0,,,0,0,,-1,,575,350,0.0,0.0,0.0,0.0,,,,0.0,0.0,,,,,,,,,,,,,,,,,,,,,,,,,5,0,0,0,0,0,0,0,0,0,0,0,0,0,0,0,1457,1263,0.0,0.0,0.0,0.0,0.0,0.0,0.0,0.0,0.0,0,0,0,0
16,Bukayo,Saka,Saka,a,,,9.8,5,,3.6,95,,1.8,,,1,0,,-2,,20514,10027,0.2,1.0,1.8,0.9,,,,100.0,50.0,,,,,,,,,,,,,,,,,,,,,,,,,5,1,45,0,0,0,0,0,0,0,0,0,0,0,0,7,21595,72040,0.0,0.03999999999999998,0.21000000000000002,0.25,0.33999999999999986,5.600000000000001,32.3,7.0,4.5,0,0,3,3
17,Martin,Ødegaard,Ødegaard,d,Shoulder injury - 50% chance of playing,,7.9,17,,2.0,127,,0.8,,,0,0,,-1,,167,9359,0.1,1.0,0.4,0.4,,,,50.0,50.0,,,,,,,,,,,,,,,,,,,,,,,,,5,0,0,0,0,0,0,0,0,0,0,0,0,0,0,0,557,61057,0.0,0.0,0.0,0.0,0.0,0.0,0.0,0.0,0.0,0,0,0,0
18,Noni,Madueke,Madueke,d,Knock - 75% chance of playing,,7.0,39,,1.7,137,,2.2,,,1,0,,0,,8683,8514,0.3,1.4,1.7,2.2,,,,75.0,0.0,,,,,,,,,,,,,,,,,,,,,,,,,5,1,45,0,0,0,1,0,0,0,0,0,0,1,0,-2,41608,27613,0.0,0.14999999999999997,0.010000000000000009,0.15999999999999992,0.55,0.3999999999999986,1.7000000000000028,29.0,3.1000000000000014,0,0,2,2
19,Gabriel,Martinelli Silva,Martinelli,a,Muscle injury - 50% chance of playing,,6.9,45,,1.0,183,,2.8,,,7,0,,-1,,3942,1945,0.4,1.7,2.8,2.8,,,,0.0,0.0,,,,,,,,,,,,,,,,,,,,,,,,,5,7,10,1,0,0,0,0,0,0,0,0,0,0,1,22,6770,10993,0.0,0.16,0.0,0.16,0.25,33.0,0.3000000000000007,17.0,4.999999999999999,0,0,0,0
20,Leandro,Trossard,Trossard,a,,,6.9,43,,0.3,322,,1.8,,,2,0,,-1,,621,467,0.3,1.0,1.8,1.8,,,,100.0,100.0,,,,,,,,,,,,,,,,,,,,,,,,,5,2,83,0,0,0,1,0,0,0,0,0,0,1,0,13,1773,1885,0.0,0.13999999999999999,0.07,0.20999999999999996,0.89,7.599999999999998,4.299999999999997,17.0,2.8999999999999995,1,2,1,4
21,Declan,Rice,Rice,a,,,6.5,53,,8.4,51,,3.5,,,3,0,,0,,8963,22885,0.5,3.1,3.5,3.5,,,,0.0,0.0,,,,,,,,,,,,,,,,,,,,,,,,,5,3,90,0,0,0,1,0,0,0,0,0,0,1,1,22,31687,104369,0.0,0.0,0.15999999999999992,0.16000000000000003,0.8900000000000001,18.800000000000004,37.0,0.0,5.600000000000001,2,1,6,9
22,Mikel,Merino Zazón,Merino,a,,,5.9,103,,0.5,235,,1.8,,,1,0,,-1,,2938,2540,0.3,1.4,1.8,1.8,,,,0.0,0.0,,,,,,,,,,,,,,,,,,,,,,,,,5,1,45,0,0,0,1,0,0,0,0,0,0,1,0,6,11943,8891,0.0,0.0,0.03,0.03,0.55,8.799999999999997,17.299999999999997,0.0,2.5999999999999996,1,2,4,7
23,Fábio,Ferreira Vieira,Fábio Vieira,u,has joined Hamburger on loan for the rest of the season.,,5.4,193,,0.0,635,,0.0,,,0,0,,-1,,0,101,0.0,0.0,0.0,0.0,,,,0.0,0.0,,,,,,,,,,,,,,,,,,,,,,,,,5,0,0,0,0,0,0,0,0,0,0,0,0,0,0,0,0,397,0.0,0.0,0.0,0.0,0.0,0.0,0.0,0.0,0.0,0,0,0,0
24,Christian,Nørgaard,Nørgaard,a,,,5.4,175,,0.2,383,,0.0,,,0,0,,-1,,142,487,0.0,0.0,0.0,0.0,,,,100.0,100.0,,,,,,,,,,,,,,,,,,,,,,,,,5,0,0,0,0,0,0,0,0,0,0,0,0,0,0,0,483,2399,0.0,0.0,0.0,0.0,0.0,0.0,0.0,0.0,0.0,0,0,0,0
25,Ethan,Nwaneri,Nwaneri,a,,,5.3,229,,0.2,377,,1.2,,,1,0,,-2,,378,668,0.2,0.9,1.2,1.2,,,,0.0,0.0,,,,,,,,,,,,,,,,,,,,,,,,,5,1,6,0,0,0,0,0,0,0,0,0,0,0,0,3,1295,2297,0.0,0.0,0.0,0.0,0.0,0.1999999999999993,0.3999999999999986,0.0,0.10000000000000053,0,0,1,1
26,Martín,Zubimendi Ibáñez,Zubimendi,a,,,5.4,199,,3.9,88,,5.5,,,2,0,,-1,,34593,13072,1.0,5.0,5.5,5.5,,,,0.0,0.0,,,,,,,,,,,,,,,,,,,,,,,,,5,2,90,0,0,0,1,0,0,0,0,0,0,1,0,13,186089,36890,0.0,0.05000000000000002,0.039999999999999994,0.09000000000000002,0.8899999999999997,8.599999999999994,19.0,12.0,4.000000000000002,0,2,3,5
28,Ismeal,Kabia,Kabia,u,has joined Shrewsbury Town on loan for the rest of the season.,,4.5,492,,0.2,385,,0.0,,,0,0,,0,,0,712,0.0,0.0,0.0,0.0,,,,0.0,0.0,,,,,,,,,,,,,,,,,,,,,,,,,5,0,0,0,0,0,0,0,0,0,0,0,0,0,0,0,0,2721,0.0,0.0,0.0,0.0,0.0,0.0,0.0,0.0,0.0,0,0,0,0
29,Albert,Sambi Lokonga,Sambi,u,has joined Hamburger permanently.,,4.5,428,,0.1,501,,0.0,,,0,0,,0,,0,306,0.0,0.0,0.0,0.0,,,,0.0,0.0,,,,,,,,,,,,,,,,,,,,,,,,,5,0,0,0,0,0,0,0,0,0,0,0,0,0,0,0,0,1283,0.0,0.0,0.0,0.0,0.0,0.0,0.0,0.0,0.0,0,0,0,0
30,Kai,Havertz,Havertz,i,Knee injury - Unknown return date,,7.3,28,,0.4,273,,0.0,,,0,0,,-2,,42,739,0.0,0.1,0.0,0.0,,,,0.0,0.0,,,,,,,,,,,,,,,,,,,,,,,,,5,0,0,0,0,0,0,0,0,0,0,0,0,0,0,0,115,3432,0.0,0.0,0.0,0.0,0.0,0.0,0.0,0.0,0.0,0,0,0,0
31,Gabriel,Fernando de Jesus,G.Jesus,i,Knee injury - Expected back 30 Dec,,6.5,54,,0.0,599,,0.0,,,0,0,,0,,36,83,0.0,0.0,0.0,0.0,,,,0.0,0.0,,,,,,,,,,,,,,,,,,,,,,,,,5,0,0,0,0,0,0,0,0,0,0,0,0,0,0,0,94,271,0.0,0.0,0.0,0.0,0.0,0.0,0.0,0.0,0.0,0,0,0,0
266,Eberechi,Eze,Eze,a,,,7.5,25,,12.1,36,,2.8,,,4,0,,0,,32853,33198,0.4,1.9,2.8,2.8,,,,0.0,0.0,,,,,,,,,,,,,,,,,,,,,,,,,5,4,45,0,1,0,0,0,0,0,0,0,0,0,0,16,113651,115031,0.0,0.14,0.22999999999999998,0.3699999999999999,0.33999999999999986,24.6,16.599999999999998,21.0,6.200000000000001,1,1,2,4
563,Luís Hemir,Silva Semedo,Luís Hemir,a,has joined Moreirense on loan for the rest of the season.,,4.4,586,,0.2,393,,0.0,,,0,0,,-1,,538,522,0.0,0.0,-0.5,-0.5,,,,0.0,0.0,,,,,,,,,,,,,,,,,,,,,,,,,5,0,0,0,0,0,0,0,0,0,0,0,0,0,0,0,1860,1547,0.0,0.0,0.0,0.0,0.0,0.0,0.0,0.0,0.0,0,0,0,0
564,Nazarii,Rusyn,Rusyn,u,has joined Arka on loan for the rest of the season.,,4.4,550,,0.1,421,,0.0,,,0,0,,-1,,0,416,0.0,0.0,0.0,0.0,,,,0.0,0.0,,,,,,,,,,,,,,,,,,,,,,,,,5,0,0,0,0,0,0,0,0,0,0,0,0,0,0,0,0,1748,0.0,0.0,0.0,0.0,0.0,0.0,0.0,0.0,0.0,0,0,0,0
668,Granit,Xhaka,Xhaka,a,,,5.0,244,,2.8,104,,4.2,,,4,0,,0,,8971,6274,0.8,4.0,3.7,3.7,,,,0.0,0.0,,,,,,,,,,,,,,,,,,,,,,,,,5,4,90,0,1,0,1,0,0,0,1,0,0,1,0,20,35170,22601,0.0,0.06999999999999999,0.09000000000000002,0.16000000000000003,0.71,24.799999999999997,21.599999999999994,9.0,5.5,4,1,3,8
670,Robin,Roefs,Roefs,a,,,4.5,456,,2.3,121,,5.2,,,2,0,,0,,23042,4398,1.2,6.4,4.7,4.7,,,,0.0,0.0,,,,,,,,,,,,,,,,,,,,,,,,,5,2,90,0,0,0,1,0,0,0,0,0,1,1,0,3,87664,18399,0.0,0.0,0.0,0.0,0.71,6.200000000000003,0.0,0.0,0.5999999999999996,0,1,5,6
678,Arthur,Masuaku,Masuaku,a,,,4.0,617,,0.6,222,,0.2,,,1,0,,0,,231,777,0.0,0.2,-0.3,-0.3,,,,100.0,100.0,,,,,,,,,,,,,,,,,,,,,,,,,5,1,10,0,0,0,0,0,0,0,0,0,0,0,0,3,778,3441,0.0,0.0,0.0,0.0,0.25,2.0,0.1,0.0,0.2,0,2,0,2
683,Omar,Alderete,Alderete,a,,,4.0,630,,1.8,135,,4.5,,,4,0,,0,,17362,2686,1.1,5.5,4.0,4.0,,,,0.0,0.0,,,,,,,,,,,,,,,,,,,,,,,,,5,4,90,0,0,0,1,0,0,0,0,0,0,1,0,9,50807,8970,0.0,0.16000000000000003,0.0,0.15999999999999998,0.71,28.60000000000001,0.1999999999999993,23.0,5.200000000000001,3,10,5,18
694,Nordi,Mukiele,Mukiele,a,,,4.0,629,,0.8,196,,4.5,,,4,0,,0,,12504,1675,1.1,4.5,4.0,4.0,,,,0.0,0.0,,,,,,,,,,,,,,,,,,,,,,,,,5,4,90,0,0,0,1,0,0,0,0,0,0,1,0,15,36170,5412,0.0,0.07,0.18,0.25,0.71,36.0,30.6,12.0,7.8999999999999995,3,13,3,19
724,Lutsharel,Geertruida,Geertruida,a,,,4.5,424,,0.0,684,,1.0,,,1,0,,0,,108,55,0.2,0.4,0.5,0.5,,,,0.0,0.0,,,,,,,,,,,,,,,,,,,,,,,,,5,1,9,0,0,0,0,0,0,0,0,0,0,0,0,4,340,203,0.0,0.0,0.0,0.0,0.25,6.0,0.0,0.0,0.6,0,2,0,2
730,Brian,Brobbey,Brobbey,a,,,5.5,155,,0.1,551,,0.5,,,0,0,,0,,410,483,0.1,0.2,0.0,0.0,,,,0.0,0.0,,,,,,,,,,,,,,,,,,,,,,,,,5,0,0,0,0,0,0,0,0,0,0,0,0,0,0,0,2247,1200,0.0,0.0,0.0,0.0,0.0,0.0,0.0,0.0,0.0,0,0,0,0
735,Bertrand,Traoré,Traoré,a,,,5.5,132,,0.0,695,,0.0,,,0,0,,0,,63,55,0.0,0.0,-0.5,-0.5,,,,0.0,0.0,,,,,,,,,,,,,,,,,,,,,,,,,5,0,0,0,0,0,0,0,0,0,0,0,0,0,0,0,253,155,0.0,0.0,0.0,0.0,0.0,0.0,0.0,0.0,0.0,0,0,0,0
662,Cristhian,Mosquera,Mosquera,a,,,5.4,202,,0.2,344,,2.8,,,1,0,,-1,,1169,1200,0.5,2.0,2.8,2.8,,,,0.0,0.0,,,,,,,,,,,,,,,,,,,,,,,,,5,1,1,0,0,0,0,0,0,0,0,0,0,0,0,3,7464,3071,0.0,0.0,0.0,0.0,0.0,0.0,0.0,0.0,0.0,0,0,1,1
666,Viktor,Gyökeres,Gyökeres,a,Muscle injury - 50% chance of playing,,9.0,7,,25.5,12,,5.2,,,2,0,,0,,92052,92308,0.6,2.4,5.2,5.2,,,,0.0,0.0,,,,,,,,,,,,,,,,,,,,,,,,,5,2,90,0,0,0,1,0,0,0,0,0,0,1,0,3,254300,251353,0.0,0.0,0.010000000000000009,0.009999999999999787,0.8899999999999999,0.20000000000000284,1.8000000000000043,12.0,1.4000000000000021,0,0,3,3
700,Max,Dowman,Dowman,a,,,4.5,506,,0.4,262,,1.2,,,0,0,,0,,1891,1990,0.3,1.1,1.2,1.2,,,,0.0,0.0,,,,,,,,,,,,,,,,,,,,,,,,,5,0,0,0,0,0,0,0,0,0,0,0,0,0,0,0,7956,6347,0.0,0.0,0.0,0.0,0.0,0.0,0.0,0.0,0.0,0,0,0,0
711,Andre,Harriman-Annous,Harriman-Annous,a,,,4.5,512,,0.0,703,,0.0,,,0,0,,0,,55,38,0.0,0.0,0.0,0.0,,,,0.0,0.0,,,,,,,,,,,,,,,,,,,,,,,,,5,0,0,0,0,0,0,0,0,0,0,0,0,0,0,0,164,120,0.0,0.0,0.0,0.0,0.0,0.0,0.0,0.0,0.0,0,0,0,0
725,Piero,Hincapié,Hincapie,a,,,5.5,158,,0.0,609,,0.0,,,0,0,,0,,240,246,0.0,0.0,0.0,0.0,,,,0.0,0.0,,,,,,,,,,,,,,,,,,,,,,,,,5,0,0,0,0,0,0,0,0,0,0,0,0,0,0,0,768,731,0.0,0.0,0.0,0.0,0.0,0.0,0.0,0.0,0.0,0,0,0,0
32,Emiliano,Martínez Romero,Martinez,a,,,5.0,247,,2.2,123,,2.8,,,3,0,,0,,8814,5269,0.6,2.2,2.8,3.3,,,,100.0,100.0,,,,,,,,,,,,,,,,,,,,,,,,,5,3,90,0,0,0,1,0,0,0,0,0,3,1,0,12,43930,15157,0.0,0.0,0.0,0.0,1.0499999999999998,18.799999999999997,0.0,0.0,1.9000000000000004,0,1,7,8
33,Marco,Bizot,M.Bizot,a,,,4.5,392,,0.7,219,,0.0,,,0,0,,0,,392,3209,0.0,1.6,0.0,0.5,,,,0.0,0.0,,,,,,,,,,,,,,,,,,,,,,,,,5,0,0,0,0,0,0,0,0,0,0,0,0,0,0,0,1545,10380,0.0,0.0,0.0,0.0,0.0,0.0,0.0,0.0,0.0,0,0,0,0
34,Joe,Gauci,Gauci,u,Has joined Port Vale on loan for the rest of the season.,,4.0,659,,0.2,401,,0.0,,,0,0,,0,,0,327,0.0,0.0,0.0,0.0,,,,0.0,0.0,,,,,,,,,,,,,,,,,,,,,,,,,5,0,0,0,0,0,0,0,0,0,0,0,0,0,0,0,0,1085,0.0,0.0,0.0,0.0,0.0,0.0,0.0,0.0,0.0,0,0,0,0
35,Filip,Marschall,Marschall,u,Has joined Stevenage permanently.,,4.0,658,,0.0,677,,0.0,,,0,0,,0,,0,20,0.0,0.0,0.0,0.0,,,,0.0,0.0,,,,,,,,,,,,,,,,,,,,,,,,,5,0,0,0,0,0,0,0,0,0,0,0,0,0,0,0,0,56,0.0,0.0,0.0,0.0,0.0,0.0,0.0,0.0,0.0,0,0,0,0
36,Matty,Cash,Cash,a,,,4.6,386,,5.0,72,,4.2,,,10,1,,1,,12812,6527,0.9,5.4,4.2,4.7,,,,0.0,0.0,,,,,,,,,,,,,,,,,,,,,,,,,5,10,90,1,0,0,1,0,0,0,0,0,0,1,2,29,44104,27499,0.0,0.049999999999999996,0.050000000000000044,0.09999999999999998,1.0499999999999998,44.39999999999999,7.199999999999989,11.0,6.300000000000001,2,3,3,8
37,Lucas,Digne,Digne,a,,,4.5,394,,2.0,128,,2.2,,,1,0,,0,,1523,4161,0.5,3.3,2.2,2.7,,,,0.0,0.0,,,,,,,,,,,,,,,,,,,,,,,,,5,1,57,0,0,0,0,0,0,0,0,0,0,1,0,6,9867,12360,0.0,0.0,0.04000000000000001,0.03999999999999998,0.3700000000000001,1.1999999999999993,3.8000000000000007,2.0,0.7000000000000002,0,0,2,2
38,Ezri,Konsa Ngoyo,Konsa,a,Calf injury - 75% chance of playing,,4.5,409,,12.4,34,,2.2,,,2,0,,0,,7535,34772,0.5,2.7,2.2,2.7,,,,100.0,100.0,,,,,,,,,,,,,,,,,,,,,,,,,5,2,90,0,0,0,1,0,0,0,0,0,0,1,0,10,42893,78279,0.0,0.0,0.020000000000000004,0.020000000000000004,1.0499999999999998,26.199999999999996,3.0,0.0,2.9000000000000004,1,5,4,10
39,Ian,Maatsen,Maatsen,a,,,4.4,551,,0.6,231,,0.5,,,0,0,,-1,,568,1631,0.1,0.5,0.5,1.0,,,,0.0,0.0,,,,,,,,,,,,,,,,,,,,,,,,,5,0,32,0,0,0,1,0,0,0,1,0,0,0,0,-2,2016,6738,0.0,0.0,0.020000000000000018,0.020000000000000018,0.6800000000000002,5.0,3.5,6.0,1.5,0,2,3,5
40,Tyrone,Mings,Mings,a,Hamstring injury - 25% chance of playing,,4.5,400,,1.6,149,,4.0,,,4,0,,0,,5109,2600,0.9,4.9,4.0,4.5,,,,0.0,0.0,,,,,,,,,,,,,,,,,,,,,,,,,5,4,90,0,0,0,1,0,0,0,0,0,0,1,0,16,33738,9124,0.0,0.0,0.03,0.02999999999999997,1.0499999999999998,34.400000000000006,24.4,2.0,6.1,0,12,2,14
41,Pau,Torres,Pau,a,,,4.4,546,,0.4,285,,0.8,,,0,0,,-1,,311,1022,0.2,0.7,0.8,1.3,,,,0.0,0.0,,,,,,,,,,,,,,,,,,,,,,,,,5,0,0,0,0,0,0,0,0,0,0,0,0,0,0,0,1322,4170,0.0,0.0,0.0,0.0,0.0,0.0,0.0,0.0,0.0,0,0,0,0
42,Andrés,García,A.García,i,Knock - Unknown return date,,3.9,739,,0.2,364,,0.0,,,0,0,,-1,,273,522,0.0,0.0,0.0,0.0,,,,0.0,0.0,,,,,,,,,,,,,,,,,,,,,,,,,5,0,0,0,0,0,0,0,0,0,0,0,0,0,0,0,950,1963,0.0,0.0,0.0,0.0,0.0,0.0,0.0,0.0,0.0,0,0,0,0
43,Álex,Moreno Lopera,Alex Moreno,u,Has joined Girona permanently.,,4.0,618,,4.0,85,,0.0,,,0,0,,0,,0,16270,0.0,0.0,0.0,0.0,,,,0.0,0.0,,,,,,,,,,,,,,,,,,,,,,,,,5,0,0,0,0,0,0,0,0,0,0,0,0,0,0,0,0,75509,0.0,0.0,0.0,0.0,0.0,0.0,0.0,0.0,0.0,0,0,0,0
44,Lamare,Bogarde,Bogarde,a,,,4.0,685,,0.5,234,,2.8,,,1,0,,0,,4249,1392,0.7,2.8,2.8,3.3,,,,0.0,0.0,,,,,,,,,,,,,,,,,,,,,,,,,5,1,8,0,0,0,0,0,0,0,0,0,0,0,0,2,21880,4277,0.0,0.0,0.0,0.0,0.0,0.0,1.2999999999999998,4.0,0.5,0,0,2,2
45,Lino,da Cruz Sousa,Sousa,a,,,4.0,683,,0.3,296,,0.0,,,0,0,,0,,425,644,0.0,0.0,0.0,0.5,,,,0.0,0.0,,,,,,,,,,,,,,,,,,,,,,,,,5,0,0,0,0,0,0,0,0,0,0,0,0,0,0,0,1548,2333,0.0,0.0,0.0,0.0,0.0,0.0,0.0,0.0,0.0,0,0,0,0
46,Yasin,Özcan,Yasin,a,has joined Anderlecht on loan for the rest of the season.,,4.0,711,,0.2,356,,0.0,,,0,0,,0,,219,396,0.0,0.0,0.0,0.5,,,,0.0,0.0,,,,,,,,,,,,,,,,,,,,,,,,,5,0,0,0,0,0,0,0,0,0,0,0,0,0,0,0,768,1512,0.0,0.0,0.0,0.0,0.0,0.0,0.0,0.0,0.0,0,0,0,0
47,Morgan,Rogers,Rogers,a,,,7.0,36,,7.3,54,,2.2,,,2,0,,0,,5068,64365,0.3,1.7,2.2,2.7,,,,100.0,100.0,,,,,,,,,,,,,,,,,,,,,,,,,5,2,81,0,0,0,1,0,0,0,0,0,0,1,0,5,71844,142363,0.0,0.0,0.27,0.26999999999999996,1.0499999999999998,5.200000000000003,23.799999999999997,10.0,3.9000000000000004,0,1,1,2
48,Youri,Tielemans,Tielemans,d,Calf injury - 50% chance of playing,,5.9,99,,1.1,179,,1.2,,,0,0,,-1,,38,10661,0.2,1.4,0.6,0.0,,,,50.0,0.0,,,,,,,,,,,,,,,,,,,,,,,,,5,0,0,0,0,0,0,0,0,0,0,0,0,0,0,0,148,61282,0.0,0.0,0.0,0.0,0.0,0.0,0.0,0.0,0.0,0,0,0,0
49,Leon,Bailey,Bailey,u,Has joined AS Roma on loan for the rest of the season.,,5.5,147,,0.1,466,,0.0,,,0,0,,0,,0,317,0.0,0.0,0.0,0.0,,,,0.0,0.0,,,,,,,,,,,,,,,,,,,,,,,,,5,0,0,0,0,0,0,0,0,0,0,0,0,0,0,0,0,1725,0.0,0.0,0.0,0.0,0.0,0.0,0.0,0.0,0.0,0,0,0,0
50,Emiliano,Buendía Stati,Buendía,a,,,5.3,218,,0.1,494,,1.2,,,1,0,,-2,,231,375,0.2,0.9,1.2,1.7,,,,0.0,0.0,,,,,,,,,,,,,,,,,,,,,,,,,5,1,57,0,0,0,0,0,0,0,0,0,0,1,0,0,1188,1410,0.0,0.06,0.06,0.12,0.3700000000000001,2.599999999999998,3.5,12.0,1.8000000000000007,2,2,3,7
51,Samuel,Iling-Junior,Iling Jr,a,has joined West Bromwich Albion on loan for the rest of the season,,5.5,160,,0.0,615,,0.0,,,0,0,,0,,101,114,0.0,0.0,0.0,0.5,,,,0.0,0.0,,,,,,,,,,,,,,,,,,,,,,,,,5,0,0,0,0,0,0,0,0,0,0,0,0,0,0,0,326,380,0.0,0.0,0.0,0.0,0.0,0.0,0.0,0.0,0.0,0,0,0,0
53,Donyell,Malen,Malen,a,,,5.2,233,,0.7,208,,1.2,,,1,0,,-3,,952,3627,0.2,1.2,1.2,1.7,,,,0.0,0.0,,,,,,,,,,,,,,,,,,,,,,,,,5,1,17,0,0,0,1,0,0,0,0,0,0,0,0,4,4050,16881,0.0,0.1,0.049999999999999996,0.15000000000000002,0.27,2.1999999999999993,12.8,14.0,2.9000000000000004,1,0,0,1
565,Guglielmo,Vicario,Vicario,a,,,5.1,235,,11.8,37,,5.2,,,1,0,,1,,69039,24259,1.0,5.9,5.2,5.2,,,,0.0,0.0,,,,,,,,,,,,,,,,,,,,,,,,,5,1,90,0,0,0,2,0,0,0,0,0,2,1,0,9,250036,54908,0.0,0.0,0.0,0.0,1.3200000000000003,13.0,0.0,0.0,1.3000000000000007,0,1,15,16
54,John,McGinn,McGinn,a,,,5.5,136,,0.6,225,,2.2,,,2,0,,0,,683,2102,0.4,2.2,2.2,2.7,,,,0.0,0.0,,,,,,,,,,,,,,,,,,,,,,,,,5,2,90,0,0,0,1,0,0,0,0,0,0,1,0,15,6443,7181,0.0,0.06,0.08000000000000002,0.14000000000000007,1.0499999999999998,11.799999999999997,19.39999999999999,3.0,3.3999999999999986,1,1,3,5
55,Ross,Barkley,Barkley,i,Personal Reasons - Unknown return date,,4.9,310,,0.0,601,,0.0,,,0,0,,-1,,8,163,0.0,0.0,0.0,0.0,,,,0.0,0.0,,,,,,,,,,,,,,,,,,,,,,,,,5,0,0,0,0,0,0,0,0,0,0,0,0,0,0,0,23,578,0.0,0.0,0.0,0.0,0.0,0.0,0.0,0.0,0.0,0,0,0,0
56,Enzo,Barrenechea,Barrenechea,u,Season-long loan to Benfica,,5.0,289,,0.0,741,,0.0,,,0,0,,0,,0,1,0.0,0.0,0.0,0.0,,,,0.0,0.0,,,,,,,,,,,,,,,,,,,,,,,,,5,0,0,0,0,0,0,0,0,0,0,0,0,0,0,0,0,3,0.0,0.0,0.0,0.0,0.0,0.0,0.0,0.0,0.0,0,0,0,0
57,Lewis,Dobbin,Dobbin,u,Has joined Preston North End on loan for the rest of the season.,,5.0,279,,0.0,612,,0.0,,,0,0,,0,,0,92,0.0,0.0,0.0,0.0,,,,0.0,0.0,,,,,,,,,,,,,,,,,,,,,,,,,5,0,0,0,0,0,0,0,0,0,0,0,0,0,0,0,0,384,0.0,0.0,0.0,0.0,0.0,0.0,0.0,0.0,0.0,0,0,0,0
58,Boubacar,Kamara,Kamara,a,,,4.9,337,,0.1,460,,1.8,,,6,0,,-1,,618,221,0.4,1.8,1.8,2.3,,,,100.0,100.0,,,,,,,,,,,,,,,,,,,,,,,,,5,6,81,0,1,0,1,0,0,0,0,0,0,1,1,28,1109,1176,0.0,0.0,0.08,0.08,1.0500000000000003,38.2,29.0,0.0,6.7,2,4,2,8
59,Amadou,Onana,Onana,i,Hamstring injury - Unknown return date,,4.9,350,,0.8,193,,0.2,,,0,0,,-1,,22,5091,0.0,1.2,0.0,0.0,,,,0.0,0.0,,,,,,,,,,,,,,,,,,,,,,,,,5,0,0,0,0,0,0,0,0,0,0,0,0,0,0,0,102,23744,0.0,0.0,0.0,0.0,0.0,0.0,0.0,0.0,0.0,0,0,0,0
60,Ben,Broggio,Broggio,a,,,4.5,490,,0.3,297,,0.0,,,0,0,,0,,1155,1003,0.0,0.0,0.0,0.5,,,,0.0,0.0,,,,,,,,,,,,,,,,,,,,,,,,,5,0,0,0,0,0,0,0,0,0,0,0,0,0,0,0,3795,3256,0.0,0.0,0.0,0.0,0.0,0.0,0.0,0.0,0.0,0,0,0,0
61,Leander,Dendoncker,Dendoncker,u,Has joined Real Oviedo permanently.,,4.5,401,,0.1,422,,0.0,,,0,0,,0,,0,427,0.0,0.0,0.0,0.0,,,,0.0,0.0,,,,,,,,,,,,,,,,,,,,,,,,,5,0,0,0,0,0,0,0,0,0,0,0,0,0,0,0,0,1976,0.0,0.0,0.0,0.0,0.0,0.0,0.0,0.0,0.0,0,0,0,0
62,Jamaldeen,Jimoh-Aloba,Jimoh-Aloba,a,,,4.5,477,,0.1,558,,0.0,,,0,0,,0,,200,171,0.0,0.0,0.0,0.5,,,,0.0,0.0,,,,,,,,,,,,,,,,,,,,,,,,,5,0,0,0,0,0,0,0,0,0,0,0,0,0,0,0,625,574,0.0,0.0,0.0,0.0,0.0,0.0,0.0,0.0,0.0,0,0,0,0
63,Kadan,Young,Young,a,,,4.5,468,,0.6,230,,0.0,,,0,0,,0,,1226,1654,0.0,0.0,0.0,0.5,,,,0.0,0.0,,,,,,,,,,,,,,,,,,,,,,,,,5,0,0,0,0,0,0,0,0,0,0,0,0,0,0,0,4405,5982,0.0,0.0,0.0,0.0,0.0,0.0,0.0,0.0,0.0,0,0,0,0
64,Ollie,Watkins,Watkins,a,,,8.8,8,,13.1,32,,2.0,,,2,0,,-2,,4948,154886,0.2,1.1,2.0,2.5,,,,0.0,0.0,,,,,,,,,,,,,,,,,,,,,,,,,5,2,90,0,0,0,1,0,0,0,0,0,0,1,0,4,68244,324235,0.0,0.0,0.0,0.0,1.0499999999999998,1.1999999999999993,0.8000000000000043,6.0,0.8000000000000007,1,0,1,2
65,Zépiqueno,Redmond,Redmond,u,has joined Huddersfield Town on loan for the rest of the season.,,4.5,487,,0.5,238,,0.0,,,0,0,,0,,0,1957,0.0,0.0,0.0,0.0,,,,0.0,0.0,,,,,,,,,,,,,,,,,,,,,,,,,5,0,0,0,0,0,0,0,0,0,0,0,0,0,0,0,0,7297,0.0,0.0,0.0,0.0,0.0,0.0,0.0,0.0,0.0,0,0,0,0
389,Harvey,Elliott,Elliott,a,,,5.4,196,,0.6,226,,0.8,,,1,0,,-1,,2709,3695,0.1,0.6,0.8,1.3,,,,0.0,0.0,,,,,,,,,,,,,,,,,,,,,,,,,5,1,32,0,0,0,1,0,0,0,0,0,0,0,0,3,24018,8957,0.0,0.17,0.05,0.22,0.6799999999999999,2.1999999999999997,8.8,11.0,2.2,0,0,1,1
456,Jadon,Sancho,Sancho,a,,,5.9,104,,0.2,337,,0.2,,,1,0,,-1,,921,1330,0.0,0.2,0.2,0.7,,,,0.0,0.0,,,,,,,,,,,,,,,,,,,,,,,,,5,1,8,0,0,0,0,0,0,0,0,0,0,0,0,2,5227,4157,0.0,0.02,0.04,0.06,0.0,0.8,2.8,7.0,1.1,0,0,0,0
677,Evann,Guessand,Guessand,a,,,6.4,70,,0.0,591,,1.5,,,3,0,,-1,,127,136,0.2,0.9,1.5,2.0,,,,0.0,0.0,,,,,,,,,,,,,,,,,,,,,,,,,5,3,72,0,0,1,0,0,0,0,0,0,0,1,0,4,496,782,0.0,0.25,0.11,0.36,0.7799999999999998,13.2,3.3,21.0,3.8,1,3,4,8
688,James,Wright,Wright,a,,,4.0,669,,0.5,237,,0.0,,,0,0,,0,,470,626,0.0,0.0,0.0,0.5,,,,0.0,0.0,,,,,,,,,,,,,,,,,,,,,,,,,5,0,0,0,0,0,0,0,0,0,0,0,0,0,0,0,1519,2177,0.0,0.0,0.0,0.0,0.0,0.0,0.0,0.0,0.0,0,0,0,0
701,Triston,Rowe,Rowe,a,has joined Annecy on loan for the rest of the season.,,4.0,706,,0.1,439,,0.0,,,0,0,,0,,149,292,0.0,0.0,0.0,0.5,,,,0.0,0.0,,,,,,,,,,,,,,,,,,,,,,,,,5,0,0,0,0,0,0,0,0,0,0,0,0,0,0,0,562,1025,0.0,0.0,0.0,0.0,0.0,0.0,0.0,0.0,0.0,0,0,0,0
702,Bradley,Burrowes,Burrowes,a,,,4.5,511,,0.1,511,,0.2,,,0,0,,0,,199,236,0.0,0.2,0.2,0.7,,,,0.0,0.0,,,,,,,,,,,,,,,,,,,,,,,,,5,0,0,0,0,0,0,0,0,0,0,0,0,0,0,0,662,734,0.0,0.0,0.0,0.0,0.0,0.0,0.0,0.0,0.0,0,0,0,0
703,Sam,Proctor,Proctor,a,,,4.0,703,,0.3,326,,0.0,,,0,0,,0,,639,432,0.0,0.0,0.0,0.5,,,,0.0,0.0,,,,,,,,,,,,,,,,,,,,,,,,,5,0,0,0,0,0,0,0,0,0,0,0,0,0,0,0,2047,1515,0.0,0.0,0.0,0.0,0.0,0.0,0.0,0.0,0.0,0,0,0,0
710,Travis,Patterson,Patterson,a,,,4.0,692,,0.1,508,,0.0,,,0,0,,0,,82,239,0.0,0.0,0.0,0.5,,,,0.0,0.0,,,,,,,,,,,,,,,,,,,,,,,,,5,0,0,0,0,0,0,0,0,0,0,0,0,0,0,0,380,863,0.0,0.0,0.0,0.0,0.0,0.0,0.0,0.0,0.0,0,0,0,0
719,Victor,Lindelöf,Lindelöf,a,,,4.5,407,,0.0,653,,0.5,,,0,0,,0,,29,174,0.1,0.2,0.5,0.8,,,,100.0,75.0,,,,,,,,,,,,,,,,,,,,,,,,,5,0,0,0,0,0,0,0,0,0,0,0,0,0,0,0,314,480,0.0,0.0,0.0,0.0,0.0,0.0,0.0,0.0,0.0,0,0,0,0
183,Max,Weiß,Weiss,a,,,4.4,574,,0.1,428,,0.0,,,0,0,,-1,,92,259,0.0,0.0,-1.0,-0.5,,,,0.0,0.0,,,,,,,,,,,,,,,,,,,,,,,,,5,0,0,0,0,0,0,0,0,0,0,0,0,0,0,0,525,1107,0.0,0.0,0.0,0.0,0.0,0.0,0.0,0.0,0.0,0,0,0,0
184,Etienne,Green,Green,u,has joined FC Fredericia permanently.,,4.0,672,,0.3,302,,0.0,,,0,0,,0,,0,874,0.0,0.0,0.0,0.0,,,,0.0,0.0,,,,,,,,,,,,,,,,,,,,,,,,,5,0,0,0,0,0,0,0,0,0,0,0,0,0,0,0,0,3304,0.0,0.0,0.0,0.0,0.0,0.0,0.0,0.0,0.0,0,0,0,0
185,Václav,Hladký,Hladký,a,,,4.0,607,,0.2,379,,0.0,,,0,0,,0,,214,367,0.0,0.0,-1.0,-0.5,,,,0.0,0.0,,,,,,,,,,,,,,,,,,,,,,,,,5,0,0,0,0,0,0,0,0,0,0,0,0,0,0,0,1082,1095,0.0,0.0,0.0,0.0,0.0,0.0,0.0,0.0,0.0,0,0,0,0
186,Connor,Roberts,Roberts,d,Knock - 25% chance of playing,,4.4,530,,0.0,588,,0.0,,,0,0,,-1,,7,118,0.0,0.0,-0.2,-0.1,,,,25.0,25.0,,,,,,,,,,,,,,,,,,,,,,,,,5,0,0,0,0,0,0,0,0,0,0,0,0,0,0,0,45,551,0.0,0.0,0.0,0.0,0.0,0.0,0.0,0.0,0.0,0,0,0,0
187,Kyle,Walker,Walker,a,,,4.5,390,,1.7,138,,2.5,,,2,0,,0,,2024,4076,0.6,2.4,1.5,2.0,,,,0.0,0.0,,,,,,,,,,,,,,,,,,,,,,,,,5,2,90,0,0,0,1,0,0,0,0,0,0,1,0,10,10121,13299,0.0,0.0,0.01999999999999999,0.020000000000000018,1.0999999999999996,20.199999999999996,3.4000000000000004,2.0,2.6000000000000005,2,7,7,16
188,Hannes,Delcroix,Delcroix,a,,,4.0,644,,0.2,333,,0.0,,,0,0,,0,,179,504,0.0,0.0,-1.0,-0.5,,,,0.0,0.0,,,,,,,,,,,,,,,,,,,,,,,,,5,0,0,0,0,0,0,0,0,0,0,0,0,0,0,0,690,1888,0.0,0.0,0.0,0.0,0.0,0.0,0.0,0.0,0.0,0,0,0,0
189,Owen,Dodgson,Dodgson,u,Has joined Stockport County on loan for the rest of the season.,,4.0,657,,0.0,660,,0.0,,,0,0,,0,,0,28,0.0,0.0,0.0,0.0,,,,0.0,0.0,,,,,,,,,,,,,,,,,,,,,,,,,5,0,0,0,0,0,0,0,0,0,0,0,0,0,0,0,0,128,0.0,0.0,0.0,0.0,0.0,0.0,0.0,0.0,0.0,0,0,0,0
190,Hjalmar,Ekdal,Ekdal,a,,,4.0,668,,1.6,150,,4.5,,,2,0,,0,,9528,3656,1.1,4.8,3.5,4.0,,,,0.0,0.0,,,,,,,,,,,,,,,,,,,,,,,,,5,2,90,0,0,0,1,0,0,0,0,0,0,1,0,5,45282,10714,0.0,0.13999999999999999,0.0,0.14,1.1000000000000014,17.799999999999997,0.40000000000000036,39.0,5.699999999999999,0,8,3,11
191,Maxime,Estève,Estève,a,,,4.0,667,,16.1,23,,3.8,,,4,0,,0,,16368,45843,1.0,4.0,2.8,3.3,,,,0.0,0.0,,,,,,,,,,,,,,,,,,,,,,,,,5,4,90,0,0,0,1,0,0,0,0,0,0,1,0,14,52437,101269,0.0,0.12000000000000001,0.0,0.12,1.0999999999999996,19.60000000000001,10.4,8.0,3.8000000000000007,1,10,5,16
192,Quilindschy,Hartman,Hartman,a,,,4.0,677,,0.5,236,,3.2,,,2,0,,0,,1136,1703,0.8,3.5,2.2,2.7,,,,0.0,0.0,,,,,,,,,,,,,,,,,,,,,,,,,5,2,90,0,0,0,1,0,0,0,0,0,0,1,0,10,5794,3979,0.0,0.020000000000000004,0.31000000000000005,0.33,1.0999999999999996,26.39999999999999,47.3,9.0,8.3,2,3,0,5
193,Bashir,Humphreys,Humphreys,a,,,4.0,654,,0.1,563,,0.0,,,0,0,,0,,54,100,0.0,0.0,-1.0,-0.5,,,,100.0,100.0,,,,,,,,,,,,,,,,,,,,,,,,,5,0,0,0,0,0,0,0,0,0,0,0,0,0,0,0,271,351,0.0,0.0,0.0,0.0,0.0,0.0,0.0,0.0,0.0,0,0,0,0
194,Jordan,Beyer,Jordan,d,Hamstring injury - 25% chance of playing,,4.0,642,,0.1,484,,0.0,,,0,0,,0,,5,214,0.0,0.0,-0.2,-0.1,,,,25.0,25.0,,,,,,,,,,,,,,,,,,,,,,,,,5,0,0,0,0,0,0,0,0,0,0,0,0,0,0,0,40,944,0.0,0.0,0.0,0.0,0.0,0.0,0.0,0.0,0.0,0,0,0,0
195,Lucas,Pires Silva,Lucas Pires,a,,,3.9,733,,0.2,384,,0.0,,,0,0,,-1,,655,429,0.0,0.0,-1.0,-0.5,,,,0.0,0.0,,,,,,,,,,,,,,,,,,,,,,,,,5,0,0,0,0,0,0,0,0,0,0,0,0,0,0,0,5398,1715,0.0,0.0,0.0,0.0,0.0,0.0,0.0,0.0,0.0,0,0,0,0
196,Shurandy,Sambo,Sambo,u,Has joined Sparta Rotterdam on loan for the rest of the season.,,4.0,653,,0.1,549,,0.0,,,0,0,,0,,0,133,0.0,0.0,0.0,0.0,,,,0.0,0.0,,,,,,,,,,,,,,,,,,,,,,,,,5,0,0,0,0,0,0,0,0,0,0,0,0,0,0,0,0,584,0.0,0.0,0.0,0.0,0.0,0.0,0.0,0.0,0.0,0,0,0,0
197,Oliver,Sonne,Sonne,a,,,4.0,691,,0.1,420,,0.5,,,0,0,,0,,88,267,0.1,0.8,-0.5,0.0,,,,0.0,0.0,,,,,,,,,,,,,,,,,,,,,,,,,5,0,0,0,0,0,0,0,0,0,0,0,0,0,0,0,376,972,0.0,0.0,0.0,0.0,0.0,0.0,0.0,0.0,0.0,0,0,0,0
198,Axel,Tuanzebe,Tuanzebe,a,,,3.9,721,,1.9,133,,0.0,,,0,0,,-1,,3105,3929,0.0,0.0,-1.0,-0.5,,,,100.0,100.0,,,,,,,,,,,,,,,,,,,,,,,,,5,0,0,0,0,0,0,0,0,0,0,0,0,0,0,0,15421,16351,0.0,0.0,0.0,0.0,0.0,0.0,0.0,0.0,0.0,0,0,0,0
199,Joe,Worrall,Worrall,a,,,4.0,631,,0.1,445,,0.8,,,0,0,,0,,75,198,0.2,0.8,-0.2,0.3,,,,0.0,0.0,,,,,,,,,,,,,,,,,,,,,,,,,5,0,0,0,0,0,0,0,0,0,0,0,0,0,0,0,423,735,0.0,0.0,0.0,0.0,0.0,0.0,0.0,0.0,0.0,0,0,0,0
200,Jaidon,Anthony,Anthony,a,,,5.5,157,,2.1,125,,8.0,,,10,0,,0,,70286,7772,1.5,6.2,7.0,7.5,,,,0.0,0.0,,,,,,,,,,,,,,,,,,,,,,,,,5,10,90,1,0,0,1,0,0,0,0,0,0,1,3,37,135017,19254,0.0,0.3600000000000001,0.14,0.5,1.0999999999999996,52.400000000000006,19.699999999999996,55.0,12.700000000000003,1,2,3,6
201,Manuel,Benson Hedilazio,Benson,a,has joined Swansea City on loan for the rest of the season.,,5.4,178,,0.0,638,,0.0,,,0,0,,-1,,61,91,0.0,0.0,-1.0,-0.5,,,,0.0,0.0,,,,,,,,,,,,,,,,,,,,,,,,,5,0,0,0,0,0,0,0,0,0,0,0,0,0,0,0,212,301,0.0,0.0,0.0,0.0,0.0,0.0,0.0,0.0,0.0,0,0,0,0
202,Jacob,Bruun Larsen,Bruun Larsen,d,Knock - 75% chance of playing,,5.4,177,,0.0,616,,2.0,,,0,0,,-1,,5,180,0.4,1.7,0.8,1.1,,,,75.0,75.0,,,,,,,,,,,,,,,,,,,,,,,,,5,0,0,0,0,0,0,0,0,0,0,0,0,0,0,0,43,838,0.0,0.0,0.0,0.0,0.0,0.0,0.0,0.0,0.0,0,0,0,0
203,Enock,Agyei,Boateng,a,,,4.9,372,,0.0,586,,0.0,,,0,0,,-1,,33,111,0.0,0.0,-1.0,-0.5,,,,0.0,0.0,,,,,,,,,,,,,,,,,,,,,,,,,5,0,0,0,0,0,0,0,0,0,0,0,0,0,0,0,130,400,0.0,0.0,0.0,0.0,0.0,0.0,0.0,0.0,0.0,0,0,0,0
204,Darko,Churlinov,Churlinov,u,has joined Kocaelispor  permanently.,,4.9,343,,0.0,663,,0.0,,,0,0,,-1,,0,43,0.0,0.0,0.0,0.0,,,,0.0,0.0,,,,,,,,,,,,,,,,,,,,,,,,,5,0,0,0,0,0,0,0,0,0,0,0,0,0,0,0,0,198,0.0,0.0,0.0,0.0,0.0,0.0,0.0,0.0,0.0,0,0,0,0
205,Josh,Cullen,Cullen,a,,,5.0,253,,2.1,126,,5.8,,,4,0,,0,,7000,7941,1.2,5.4,4.8,5.3,,,,0.0,0.0,,,,,,,,,,,,,,,,,,,,,,,,,5,4,90,0,0,0,1,0,0,0,0,0,0,1,0,15,40706,24487,0.0,0.0,0.040000000000000036,0.040000000000000036,1.0999999999999996,19.0,6.0,0.0,2.5,0,7,7,14
206,Marcus,Edwards,Edwards,a,,,4.8,377,,0.1,541,,0.0,,,0,0,,-2,,411,322,0.0,0.2,-1.0,-0.5,,,,0.0,0.0,,,,,,,,,,,,,,,,,,,,,,,,,5,0,0,0,0,0,0,0,0,0,0,0,0,0,0,0,1423,1076,0.0,0.0,0.0,0.0,0.0,0.0,0.0,0.0,0.0,0,0,0,0
207,Hannibal,Mejbri,Hannibal,a,,,5.0,281,,0.2,403,,2.2,,,1,0,,0,,240,633,0.4,2.2,1.2,1.7,,,,0.0,0.0,,,,,,,,,,,,,,,,,,,,,,,,,5,1,9,0,0,0,0,0,0,0,0,0,0,0,0,5,1191,1952,0.0,0.0,0.07999999999999999,0.08000000000000002,0.33999999999999986,2.0,14.100000000000001,0.0,1.6000000000000005,0,0,1,1
208,Luca,Koleosho,Koleosho,u,Has joined Espanyol on loan for the rest of the season.,,5.0,288,,0.0,672,,0.0,,,0,0,,0,,0,32,0.0,0.0,0.0,0.0,,,,0.0,0.0,,,,,,,,,,,,,,,,,,,,,,,,,5,0,0,0,0,0,0,0,0,0,0,0,0,0,0,0,0,178,0.0,0.0,0.0,0.0,0.0,0.0,0.0,0.0,0.0,0,0,0,0
209,Josh,Laurent,Laurent,a,,,4.9,318,,0.0,630,,1.2,,,2,0,,-1,,38,44,0.2,1.4,0.2,0.7,,,,0.0,0.0,,,,,,,,,,,,,,,,,,,,,,,,,5,2,90,0,0,0,1,0,0,0,0,0,0,1,0,11,175,190,0.0,0.0,0.010000000000000009,0.010000000000000009,1.0999999999999996,13.399999999999999,5.9,2.0,2.1000000000000005,0,3,2,5
210,Loum,Tchaouna,Tchaouna,a,,,4.9,355,,0.0,611,,2.2,,,2,0,,-1,,137,105,0.4,2.0,1.2,1.7,,,,0.0,0.0,,,,,,,,,,,,,,,,,,,,,,,,,5,2,80,0,0,0,1,0,0,0,0,0,0,1,0,6,875,364,0.0,0.07999999999999999,0.09999999999999999,0.18,0.7600000000000002,1.5999999999999996,8.8,8.0,1.7999999999999998,1,2,0,3
211,Aaron,Ramsey,A.Ramsey,u,has joined Leicester City on loan for the rest of the season.,,4.4,553,,4.1,84,,0.0,,,0,0,,-1,,0,22668,0.0,0.0,0.0,0.0,,,,0.0,0.0,,,,,,,,,,,,,,,,,,,,,,,,,5,0,0,0,0,0,0,0,0,0,0,0,0,0,0,0,0,100081,0.0,0.0,0.0,0.0,0.0,0.0,0.0,0.0,0.0,0,0,0,0
212,Oluwaseun,Adewumi,Adewumi,u,Has joined Cercle Brugge on loan for the rest of the season.,,4.5,486,,0.0,685,,0.0,,,0,0,,0,,0,26,0.0,0.0,0.0,0.0,,,,0.0,0.0,,,,,,,,,,,,,,,,,,,,,,,,,5,0,0,0,0,0,0,0,0,0,0,0,0,0,0,0,0,124,0.0,0.0,0.0,0.0,0.0,0.0,0.0,0.0,0.0,0,0,0,0
213,Jaydon,Banel,Banel,a,,,4.5,473,,0.0,598,,0.0,,,0,0,,0,,169,140,0.0,0.0,-1.0,-0.5,,,,0.0,0.0,,,,,,,,,,,,,,,,,,,,,,,,,5,0,0,0,0,0,0,0,0,0,0,0,0,0,0,0,605,474,0.0,0.0,0.0,0.0,0.0,0.0,0.0,0.0,0.0,0,0,0,0
214,Mike,Trésor Ndayishimiye,Trésor,a,,,4.4,549,,0.1,533,,0.0,,,0,0,,-1,,648,282,0.0,0.0,-1.0,-0.5,,,,0.0,0.0,,,,,,,,,,,,,,,,,,,,,,,,,5,0,0,0,0,0,0,0,0,0,0,0,0,0,0,0,1192,739,0.0,0.0,0.0,0.0,0.0,0.0,0.0,0.0,0.0,0,0,0,0
215,Zian,Flemming,Flemming,a,,,5.4,190,,0.1,458,,0.5,,,1,0,,-1,,127,405,0.1,0.6,-0.5,0.0,,,,0.0,0.0,,,,,,,,,,,,,,,,,,,,,,,,,5,1,4,0,0,0,0,0,0,0,0,0,0,0,0,3,696,1521,0.0,0.11,0.0,0.11,0.06,0.0,0.09999999999999964,5.0,0.5,0,0,1,1
216,Zeki,Amdouni,Amdouni,i,Knee injury - Unknown return date,,4.9,362,,0.0,636,,0.0,,,0,0,,-1,,21,60,0.0,0.0,0.0,0.0,,,,0.0,0.0,,,,,,,,,,,,,,,,,,,,,,,,,5,0,0,0,0,0,0,0,0,0,0,0,0,0,0,0,72,245,0.0,0.0,0.0,0.0,0.0,0.0,0.0,0.0,0.0,0,0,0,0
217,Lyle,Foster,Foster,a,,,5.0,277,,1.7,139,,4.0,,,6,0,,0,,30250,7540,0.8,3.6,3.0,3.5,,,,0.0,0.0,,,,,,,,,,,,,,,,,,,,,,,,,5,6,85,0,1,0,1,0,0,0,0,0,0,1,1,27,92161,21244,0.0,0.020000000000000018,0.03,0.04999999999999993,1.0399999999999991,26.599999999999994,22.700000000000003,9.0,5.800000000000001,0,2,3,5
218,Ashley,Barnes,Barnes,a,,,4.4,514,,1.6,145,,0.0,,,0,0,,-1,,3177,5115,0.0,0.0,-1.0,-0.5,,,,0.0,0.0,,,,,,,,,,,,,,,,,,,,,,,,,5,0,0,0,0,0,0,0,0,0,0,0,0,0,0,0,15818,16602,0.0,0.0,0.0,0.0,0.0,0.0,0.0,0.0,0.0,0,0,0,0
219,Michael,Obafemi,Obafemi,u,has joined VfL Bochum  on loan for the rest of the season.,,4.4,536,,0.2,346,,0.0,,,0,0,,-1,,0,840,0.0,0.0,0.0,0.0,,,,0.0,0.0,,,,,,,,,,,,,,,,,,,,,,,,,5,0,0,0,0,0,0,0,0,0,0,0,0,0,0,0,0,3625,0.0,0.0,0.0,0.0,0.0,0.0,0.0,0.0,0.0,0,0,0,0
470,Martin,Dúbravka,Dúbravka,a,,,4.0,610,,34.2,5,,3.8,,,4,0,,0,,33279,21582,1.0,4.2,2.8,3.3,,,,100.0,100.0,,,,,,,,,,,,,,,,,,,,,,,,,5,4,90,0,0,0,1,0,0,0,0,0,7,1,0,24,114442,55573,0.0,0.0,0.0,0.0,1.0999999999999996,49.599999999999994,0.0,0.0,5.0,0,1,11,12
676,Lesley,Ugochukwu,Ugochukwu,a,,,5.0,295,,0.0,608,,1.0,,,0,0,,0,,21,101,0.2,1.0,0.0,0.0,,,,100.0,0.0,,,,,,,,,,,,,,,,,,,,,,,,,5,0,0,0,0,0,0,0,0,0,0,0,0,0,0,0,56,725,0.0,0.0,0.0,0.0,0.0,0.0,0.0,0.0,0.0,0,0,0,0
680,Armando,Broja,Broja,a,Ankle injury - 75% chance of playing,,5.4,194,,0.1,408,,0.2,,,0,0,,-1,,191,495,0.0,0.2,-0.8,-0.3,,,,100.0,100.0,,,,,,,,,,,,,,,,,,,,,,,,,5,0,0,0,0,0,0,0,0,0,0,0,0,0,0,0,1164,1783,0.0,0.0,0.0,0.0,0.0,0.0,0.0,0.0,0.0,0,0,0,0
722,Florentino Ibrain,Morris Luís,Florentino,a,,,5.0,267,,0.0,712,,2.0,,,3,0,,0,,67,43,0.4,0.8,1.0,1.5,,,,0.0,0.0,,,,,,,,,,,,,,,,,,,,,,,,,5,3,90,0,0,0,1,0,0,0,1,0,0,1,0,19,197,102,0.0,0.0,0.01,0.01,1.0999999999999999,25.6,23.5,0.0,4.9,4,7,7,18
66,Norberto,Murara Neto,Neto,u,Has joined Botafogo permanently.,,4.5,391,,0.1,483,,0.0,,,0,0,,0,,0,264,0.0,0.0,0.0,0.0,,,,0.0,0.0,,,,,,,,,,,,,,,,,,,,,,,,,5,0,0,0,0,0,0,0,0,0,0,0,0,0,0,0,0,916,0.0,0.0,0.0,0.0,0.0,0.0,0.0,0.0,0.0,0,0,0,0
67,Đorđe,Petrović,Petrović,a,,,4.5,435,,4.8,74,,4.8,,,6,0,,0,,34638,7449,1.1,4.7,5.3,4.3,,,,0.0,0.0,,,,,,,,,,,,,,,,,,,,,,,,,5,6,90,0,0,1,0,0,0,0,0,0,1,1,0,22,70350,29085,0.0,0.0,0.0,0.0,0.14000000000000012,9.799999999999997,0.0,0.0,1.0,0,1,5,6
68,Will,Dennis,Dennis,a,,,4.0,651,,1.1,178,,0.0,,,0,0,,0,,1596,1441,0.0,0.0,0.5,-0.5,,,,0.0,0.0,,,,,,,,,,,,,,,,,,,,,,,,,5,0,0,0,0,0,0,0,0,0,0,0,0,0,0,0,5221,5186,0.0,0.0,0.0,0.0,0.0,0.0,0.0,0.0,0.0,0,0,0,0
69,Callan,McKenna,McKenna,a,,,4.0,705,,0.2,354,,0.0,,,0,0,,0,,234,279,0.0,0.0,0.5,-0.5,,,,0.0,0.0,,,,,,,,,,,,,,,,,,,,,,,,,5,0,0,0,0,0,0,0,0,0,0,0,0,0,0,0,727,971,0.0,0.0,0.0,0.0,0.0,0.0,0.0,0.0,0.0,0,0,0,0
70,Alex,Paulsen,Paulsen,u,Has joined Lechia Gdansk on loan for the rest of the season.,,4.0,678,,0.1,482,,0.0,,,0,0,,0,,0,216,0.0,0.0,0.0,0.0,,,,0.0,0.0,,,,,,,,,,,,,,,,,,,,,,,,,5,0,0,0,0,0,0,0,0,0,0,0,0,0,0,0,0,840,0.0,0.0,0.0,0.0,0.0,0.0,0.0,0.0,0.0,0,0,0,0
71,Illia,Zabarnyi,Zabarnyi,u,Has joined Paris Saint-Germain permanently.,,5.0,286,,0.0,626,,0.0,,,0,0,,0,,0,70,0.0,0.0,0.0,0.0,,,,0.0,0.0,,,,,,,,,,,,,,,,,,,,,,,,,5,0,0,0,0,0,0,0,0,0,0,0,0,0,0,0,0,264,0.0,0.0,0.0,0.0,0.0,0.0,0.0,0.0,0.0,0,0,0,0
72,Marcos,Senesi Barón,Senesi,a,,,4.7,384,,12.2,35,,8.8,,,9,0,,2,,187919,7630,1.9,7.9,9.3,8.3,,,,0.0,0.0,,,,,,,,,,,,,,,,,,,,,,,,,5,9,90,0,0,1,0,0,0,0,0,0,0,1,1,27,455766,44709,0.0,0.0,0.03,0.02999999999999997,0.14000000000000012,25.80000000000001,11.899999999999999,2.0,4.0,0,11,3,14
73,Adam,Smith,Smith,i,Hamstring injury - Expected back 18 Oct,,4.5,389,,0.2,361,,1.8,,,0,0,,0,,14,1030,0.4,1.8,0.0,0.0,,,,0.0,0.0,,,,,,,,,,,,,,,,,,,,,,,,,5,0,0,0,0,0,0,0,0,0,0,0,0,0,0,0,41,4413,0.0,0.0,0.0,0.0,0.0,0.0,0.0,0.0,0.0,0,0,0,0
74,Adrien,Truffert,Truffert,a,,,4.5,452,,1.4,162,,6.0,,,9,0,,0,,14284,2650,1.3,5.3,6.5,5.5,,,,0.0,0.0,,,,,,,,,,,,,,,,,,,,,,,,,5,9,90,0,0,1,0,0,0,0,0,0,0,1,3,29,26691,10476,0.0,0.0,0.010000000000000009,0.010000000000000009,0.14000000000000012,11.399999999999991,4.900000000000006,2.0,1.8000000000000007,0,5,10,15
75,Matai,Akinmboni,Akinmboni,a,Muscle injury - 25% chance of playing,,4.0,694,,0.3,315,,0.0,,,0,0,,0,,301,511,0.0,0.0,0.5,-0.5,,,,0.0,0.0,,,,,,,,,,,,,,,,,,,,,,,,,5,0,0,0,0,0,0,0,0,0,0,0,0,0,0,0,1017,1968,0.0,0.0,0.0,0.0,0.0,0.0,0.0,0.0,0.0,0,0,0,0
76,Owen,Bevan,Bevan,a,,,4.0,689,,0.2,404,,0.0,,,0,0,,0,,100,242,0.0,0.0,0.5,-0.5,,,,0.0,0.0,,,,,,,,,,,,,,,,,,,,,,,,,5,0,0,0,0,0,0,0,0,0,0,0,0,0,0,0,396,982,0.0,0.0,0.0,0.0,0.0,0.0,0.0,0.0,0.0,0,0,0,0
77,James,Hill,Hill,a,,,4.0,661,,0.9,186,,2.2,,,1,0,,0,,2959,2117,0.6,2.5,2.7,1.7,,,,0.0,0.0,,,,,,,,,,,,,,,,,,,,,,,,,5,1,45,0,0,0,0,0,0,0,0,0,0,0,0,4,11154,7078,0.0,0.0,0.0,0.0,0.0,5.0,0.7000000000000002,4.0,1.0,0,4,0,4
78,Julián,Araujo Zúñiga,J.Araujo,a,,,4.0,648,,0.9,189,,0.0,,,0,0,,0,,583,1978,0.0,0.0,0.5,-0.5,,,,100.0,100.0,,,,,,,,,,,,,,,,,,,,,,,,,5,0,0,0,0,0,0,0,0,0,0,0,0,0,0,0,1914,7535,0.0,0.0,0.0,0.0,0.0,0.0,0.0,0.0,0.0,0,0,0,0
79,Chris,Mepham,Mepham,u,has joined West Bromwich Albion permanently.,,4.0,638,,0.1,452,,0.0,,,0,0,,0,,0,390,0.0,0.0,0.0,0.0,,,,0.0,0.0,,,,,,,,,,,,,,,,,,,,,,,,,5,0,0,0,0,0,0,0,0,0,0,0,0,0,0,0,0,1873,0.0,0.0,0.0,0.0,0.0,0.0,0.0,0.0,0.0,0,0,0,0
80,Julio,Soler Barreto,Soler,a,,,4.0,707,,0.3,331,,0.2,,,0,0,,0,,324,453,0.0,0.2,0.7,-0.3,,,,0.0,0.0,,,,,,,,,,,,,,,,,,,,,,,,,5,0,0,0,0,0,0,0,0,0,0,0,0,0,0,0,1243,1648,0.0,0.0,0.0,0.0,0.0,0.0,0.0,0.0,0.0,0,0,0,0
81,Justin,Kluivert,Kluivert,a,Knock - 75% chance of playing,,7.0,35,,0.7,200,,1.0,,,1,0,,0,,3211,2783,0.1,0.6,1.5,0.5,,,,100.0,100.0,,,,,,,,,,,,,,,,,,,,,,,,,5,1,27,0,0,0,0,0,0,0,0,0,0,0,0,4,9638,10730,0.0,0.10999999999999999,0.0,0.10999999999999999,0.0,5.4,3.799999999999997,7.0,1.6000000000000005,0,1,1,2
82,Antoine,Semenyo,Semenyo,a,Ankle injury - 75% chance of playing,,7.6,23,,46.2,3,,6.5,,,5,0,,6,,229398,16871,0.9,5.4,7.0,6.0,,,,0.0,0.0,,,,,,,,,,,,,,,,,,,,,,,,,5,5,90,0,0,1,0,0,0,0,0,0,0,1,0,9,998881,59884,0.0,0.10999999999999988,0.05000000000000002,0.16000000000000014,0.14000000000000012,8.799999999999983,13.899999999999991,4.0,2.700000000000003,3,1,10,14
84,Marcus,Tavernier,Tavernier,a,,,5.5,143,,1.7,141,,4.8,,,3,0,,0,,5596,7083,0.9,4.2,5.3,4.3,,,,0.0,0.0,,,,,,,,,,,,,,,,,,,,,,,,,5,3,74,0,0,1,0,0,0,0,0,0,0,1,0,4,28380,28381,0.0,0.06000000000000005,0.030000000000000027,0.08999999999999986,0.14000000000000012,11.400000000000006,13.100000000000001,6.0,3.1000000000000014,1,3,3,7
85,Tyler,Adams,Adams,a,Knock - 75% chance of playing,,5.0,258,,0.4,277,,2.5,,,3,0,,0,,1451,1214,0.5,2.8,3.0,2.0,,,,0.0,0.0,,,,,,,,,,,,,,,,,,,,,,,,,5,3,90,0,0,1,0,0,0,0,0,0,0,1,0,19,4568,4865,0.0,0.04000000000000001,0.010000000000000009,0.04999999999999999,0.14000000000000012,16.19999999999999,4.0,17.0,3.6999999999999993,3,4,4,11
86,David,Brooks,Brooks,a,,,5.0,248,,0.4,275,,2.8,,,3,0,,0,,1625,1489,0.6,3.0,3.3,2.3,,,,0.0,0.0,,,,,,,,,,,,,,,,,,,,,,,,,5,3,62,0,0,1,0,0,0,0,0,0,0,1,0,8,5205,6157,0.0,0.0,0.040000000000000036,0.039999999999999813,0.13999999999999968,3.799999999999997,14.799999999999997,4.0,2.3000000000000007,0,2,4,6
87,Ryan,Christie,Christie,a,,,5.0,250,,0.1,536,,0.8,,,1,0,,0,,170,166,0.2,0.6,1.3,0.3,,,,100.0,100.0,,,,,,,,,,,,,,,,,,,,,,,,,5,1,27,0,0,0,0,0,0,0,0,0,0,0,0,4,364,975,0.0,0.010000000000000009,0.02,0.03,0.0,3.1999999999999993,5.499999999999998,4.0,1.3000000000000003,0,2,3,5
88,Lewis,Cook,Cook,a,,,4.9,315,,0.0,661,,0.2,,,0,0,,-1,,178,105,0.0,0.2,0.7,-0.3,,,,100.0,100.0,,,,,,,,,,,,,,,,,,,,,,,,,5,0,0,0,0,0,0,0,0,0,0,0,0,0,0,0,733,238,0.0,0.0,0.0,0.0,0.0,0.0,0.0,0.0,0.0,0,0,0,0
89,Philip,Billing,Philip,u,Has joined Midtjylland permanently.,,4.9,319,,0.0,618,,0.0,,,0,0,,-1,,0,92,0.0,0.0,0.0,0.0,,,,0.0,0.0,,,,,,,,,,,,,,,,,,,,,,,,,5,0,0,0,0,0,0,0,0,0,0,0,0,0,0,0,0,436,0.0,0.0,0.0,0.0,0.0,0.0,0.0,0.0,0.0,0,0,0,0
90,Alex,Scott,Scott,a,,,5.0,294,,0.3,329,,4.2,,,3,0,,0,,3350,1123,0.8,3.8,4.7,3.7,,,,0.0,0.0,,,,,,,,,,,,,,,,,,,,,,,,,5,3,62,0,0,1,0,0,0,0,0,0,0,1,0,12,15505,3594,0.0,0.06,0.020000000000000018,0.07999999999999996,0.14000000000000012,7.599999999999994,8.5,1.0,1.700000000000001,2,3,5,10
91,Luis,Sinisterra Lucumí,Sinisterra,u,Has joined Cruzeiro on loan for the rest of the season.,,5.0,268,,0.0,670,,0.0,,,0,0,,0,,0,62,0.0,0.0,0.0,0.0,,,,0.0,0.0,,,,,,,,,,,,,,,,,,,,,,,,,5,0,0,0,0,0,0,0,0,0,0,0,0,0,0,0,0,191,0.0,0.0,0.0,0.0,0.0,0.0,0.0,0.0,0.0,0,0,0,0
92,Romain,Faivre,Faivre,u,has joined Al Taawoun permanently.,,4.5,430,,0.1,461,,0.0,,,0,0,,0,,0,495,0.0,0.0,0.0,0.0,,,,0.0,0.0,,,,,,,,,,,,,,,,,,,,,,,,,5,0,0,0,0,0,0,0,0,0,0,0,0,0,0,0,0,2190,0.0,0.0,0.0,0.0,0.0,0.0,0.0,0.0,0.0,0,0,0,0
93,Hamed,Traorè,H.Traorè,u,has joined Marseille on loan for the rest of the season.,,4.5,425,,0.7,210,,0.0,,,0,0,,0,,0,4734,0.0,0.9,0.0,0.0,,,,0.0,0.0,,,,,,,,,,,,,,,,,,,,,,,,,5,0,0,0,0,0,0,0,0,0,0,0,0,0,0,0,0,17639,0.0,0.0,0.0,0.0,0.0,0.0,0.0,0.0,0.0,0,0,0,0
94,Dominic,Sadi,Sadi,a,has joined Novi Pazar on loan for the rest of the season.,,4.5,471,,0.1,528,,0.0,,,0,0,,0,,406,274,0.0,0.0,0.5,-0.5,,,,0.0,0.0,,,,,,,,,,,,,,,,,,,,,,,,,5,0,0,0,0,0,0,0,0,0,0,0,0,0,0,0,1380,823,0.0,0.0,0.0,0.0,0.0,0.0,0.0,0.0,0.0,0,0,0,0
95,Zain,Silcott-Duberry,Silcott-Duberry,a,has joined Olympiakos permanently.,,4.4,576,,0.2,389,,0.0,,,0,0,,-1,,2824,964,0.0,0.0,0.5,-0.5,,,,0.0,0.0,,,,,,,,,,,,,,,,,,,,,,,,,5,0,0,0,0,0,0,0,0,0,0,0,0,0,0,0,9262,2848,0.0,0.0,0.0,0.0,0.0,0.0,0.0,0.0,0.0,0,0,0,0
96,Ben,Winterburn,Winterburn,u,has joined Barnet on loan for the rest of the season.,,4.5,501,,0.1,557,,0.0,,,0,0,,0,,0,289,0.0,0.2,0.0,0.0,,,,0.0,0.0,,,,,,,,,,,,,,,,,,,,,,,,,5,0,0,0,0,0,0,0,0,0,0,0,0,0,0,0,0,1084,0.0,0.0,0.0,0.0,0.0,0.0,0.0,0.0,0.0,0,0,0,0
97,Francisco Evanilson,de Lima Barbosa,Evanilson,a,,,7.0,40,,3.1,102,,4.2,,,2,0,,0,,21036,14750,0.6,2.6,4.7,3.7,,,,0.0,0.0,,,,,,,,,,,,,,,,,,,,,,,,,5,2,90,0,0,1,0,0,0,0,0,0,0,1,0,9,93940,45717,0.0,0.09999999999999998,0.020000000000000018,0.11999999999999988,0.14000000000000012,4.600000000000001,11.599999999999994,9.0,2.5,1,0,4,5
98,Enes,Ünal,Enes Ünal,i,Knee injury - Unknown return date,,5.5,139,,0.0,688,,0.0,,,0,0,,0,,18,34,0.0,0.0,0.0,0.0,,,,0.0,0.0,,,,,,,,,,,,,,,,,,,,,,,,,5,0,0,0,0,0,0,0,0,0,0,0,0,0,0,0,56,98,0.0,0.0,0.0,0.0,0.0,0.0,0.0,0.0,0.0,0,0,0,0
99,Daniel,Adu-Adjei,Adu-Adjei,a,has joined HNK Rijeka permanently.,,4.4,591,,0.3,295,,0.0,,,0,0,,-1,,1897,1235,0.0,0.0,0.5,-0.5,,,,0.0,0.0,,,,,,,,,,,,,,,,,,,,,,,,,5,0,0,0,0,0,0,0,0,0,0,0,0,0,0,0,8112,3947,0.0,0.0,0.0,0.0,0.0,0.0,0.0,0.0,0.0,0,0,0,0
100,Junior,Kroupi,Kroupi.Jr,a,,,4.5,478,,1.5,154,,0.5,,,0,0,,0,,7923,6735,0.1,0.7,1.0,0.0,,,,0.0,0.0,,,,,,,,,,,,,,,,,,,,,,,,,5,0,0,0,0,0,0,0,0,0,0,0,0,0,0,0,36256,18959,0.0,0.0,0.0,0.0,0.0,0.0,0.0,0.0,0.0,0,0,0,0
391,Ben,Gannon-Doak,Gannon-Doak,a,,,5.0,291,,0.0,578,,0.0,,,0,0,,0,,38,194,0.0,0.0,0.5,-0.5,,,,0.0,0.0,,,,,,,,,,,,,,,,,,,,,,,,,5,0,0,0,0,0,0,0,0,0,0,0,0,0,0,0,154,665,0.0,0.0,0.0,0.0,0.0,0.0,0.0,0.0,0.0,0,0,0,0
685,Bafodé,Diakité,Diakité,a,,,4.5,423,,0.4,267,,5.2,,,5,0,,0,,820,1616,1.2,4.7,5.7,3.5,,,,100.0,75.0,,,,,,,,,,,,,,,,,,,,,,,,,5,5,90,0,0,1,0,0,0,0,1,0,0,1,0,25,1244,11979,0.0,0.0,0.03,0.03,0.14000000000000012,20.0,11.8,4.0,3.5999999999999996,2,5,3,10
687,Remy,Rees-Dottin,Rees-Dottin,a,,,4.5,500,,0.1,457,,0.0,,,0,0,,0,,66,221,0.0,0.0,0.5,-0.5,,,,0.0,0.0,,,,,,,,,,,,,,,,,,,,,,,,,5,0,0,0,0,0,0,0,0,0,0,0,0,0,0,0,240,741,0.0,0.0,0.0,0.0,0.0,0.0,0.0,0.0,0.0,0,0,0,0
697,Amine,Adli,Adli,a,,,5.5,164,,0.0,628,,1.0,,,1,0,,0,,120,185,0.2,0.7,1.5,0.5,,,,0.0,0.0,,,,,,,,,,,,,,,,,,,,,,,,,5,1,15,0,0,0,0,0,0,0,0,0,0,0,0,4,396,582,0.0,0.0,0.0,0.0,0.0,2.1999999999999993,0.3000000000000007,0.0,0.2999999999999998,1,0,3,4
713,Álex,Jiménez Sánchez,A.Jimenez,a,,,4.5,474,,0.0,686,,0.0,,,0,0,,0,,151,42,0.0,0.0,0.5,-0.5,,,,0.0,0.0,,,,,,,,,,,,,,,,,,,,,,,,,5,0,45,0,0,0,0,0,0,0,1,0,0,1,0,2,306,134,0.0,0.05,0.01,0.06,0.14,2.2,1.7999999999999998,9.0,1.3,2,1,2,5
721,Veljko,Milosavljevic,Milosavljević,a,,,4.5,507,,0.0,624,,2.0,,,0,0,,0,,283,188,0.4,0.9,2.5,1.5,,,,0.0,0.0,,,,,,,,,,,,,,,,,,,,,,,,,5,0,0,0,0,0,0,0,0,0,0,0,0,0,0,0,2158,447,0.0,0.0,0.0,0.0,0.0,0.0,0.0,0.0,0.0,0,0,0,0
27,Reiss,Nelson,Nelson,a,,,4.9,323,,0.1,448,,0.0,,,0,0,,-1,,220,361,0.0,0.0,0.0,0.0,,,,0.0,0.0,,,,,,,,,,,,,,,,,,,,,,,,,5,0,0,0,0,0,0,0,0,0,0,0,0,0,0,0,835,1156,0.0,0.0,0.0,0.0,0.0,0.0,0.0,0.0,0.0,0,0,0,0
83,Dango,Ouattara,O.Dango,a,,,6.0,93,,0.8,194,,4.2,,,1,0,,0,,1411,8891,0.7,2.8,4.2,4.2,,,,100.0,100.0,,,,,,,,,,,,,,,,,,,,,,,,,5,1,25,0,0,0,0,0,0,0,0,0,0,0,0,-2,10448,24413,0.0,0.12,0.0,0.12,0.0,0.0,0.2999999999999998,11.0,0.9000000000000004,0,0,0,0
101,Caoimhín,Kelleher,Kelleher,a,,,4.5,410,,8.8,49,,2.2,,,1,0,,0,,5179,22997,0.5,2.2,2.2,2.2,,,,100.0,100.0,,,,,,,,,,,,,,,,,,,,,,,,,5,1,90,0,0,0,3,0,0,0,0,0,2,1,0,1,22049,62622,0.0,0.0,0.0,0.0,1.0099999999999998,17.60000000000001,0.0,0.0,1.7999999999999998,0,1,7,8
102,Ellery,Balcombe,Balcombe,a,,,4.0,640,,0.3,305,,0.0,,,0,0,,0,,378,474,0.0,0.0,0.0,0.0,,,,0.0,0.0,,,,,,,,,,,,,,,,,,,,,,,,,5,0,0,0,0,0,0,0,0,0,0,0,0,0,0,0,1260,1573,0.0,0.0,0.0,0.0,0.0,0.0,0.0,0.0,0.0,0,0,0,0
103,Matthew,Cox,Cox,a,,,4.0,681,,0.1,407,,0.0,,,0,0,,0,,179,192,0.0,0.0,0.0,0.0,,,,0.0,0.0,,,,,,,,,,,,,,,,,,,,,,,,,5,0,0,0,0,0,0,0,0,0,0,0,0,0,0,0,542,634,0.0,0.0,0.0,0.0,0.0,0.0,0.0,0.0,0.0,0,0,0,0
104,Julian,Eyestone,Eyestone,a,,,4.0,693,,0.1,523,,0.0,,,0,0,,0,,59,93,0.0,0.0,0.0,0.0,,,,0.0,0.0,,,,,,,,,,,,,,,,,,,,,,,,,5,0,0,0,0,0,0,0,0,0,0,0,0,0,0,0,187,361,0.0,0.0,0.0,0.0,0.0,0.0,0.0,0.0,0.0,0,0,0,0
105,Hákon Rafn,Valdimarsson,Valdimarsson,a,,,4.0,682,,0.7,201,,0.0,,,0,0,,0,,205,1479,0.0,0.0,0.0,0.0,,,,0.0,0.0,,,,,,,,,,,,,,,,,,,,,,,,,5,0,0,0,0,0,0,0,0,0,0,0,0,0,0,0,686,4437,0.0,0.0,0.0,0.0,0.0,0.0,0.0,0.0,0.0,0,0,0,0
566,Brandon,Austin,Austin,a,,,4.0,634,,0.3,330,,0.0,,,0,0,,0,,123,356,0.0,0.0,0.0,0.0,,,,0.0,0.0,,,,,,,,,,,,,,,,,,,,,,,,,5,0,0,0,0,0,0,0,0,0,0,0,0,0,0,0,438,1314,0.0,0.0,0.0,0.0,0.0,0.0,0.0,0.0,0.0,0,0,0,0
106,Nathan,Collins,Collins,a,,,5.0,276,,1.4,157,,3.8,,,0,0,,0,,885,4550,0.8,3.0,3.8,3.8,,,,0.0,0.0,,,,,,,,,,,,,,,,,,,,,,,,,5,0,90,0,0,0,3,0,0,0,1,0,0,1,0,1,4695,12448,0.0,0.09,0.009999999999999995,0.1,1.0099999999999998,22.200000000000003,0.29999999999999893,33.0,5.6,1,7,1,9
107,Keane,Lewis-Potter,Lewis-Potter,a,,,5.0,273,,0.4,268,,3.5,,,1,0,,0,,328,1044,0.7,3.0,3.5,3.5,,,,0.0,0.0,,,,,,,,,,,,,,,,,,,,,,,,,5,1,65,0,0,0,3,0,0,0,0,0,0,1,0,-4,1775,3357,0.0,0.0,0.009999999999999995,0.009999999999999981,1.0099999999999998,0.8000000000000007,4.299999999999997,2.0,0.7000000000000002,0,0,2,2
108,Kristoffer,Ajer,Ajer,a,,,4.4,529,,0.2,398,,1.5,,,1,0,,-1,,254,298,0.3,1.4,1.5,1.5,,,,0.0,0.0,,,,,,,,,,,,,,,,,,,,,,,,,5,1,16,0,0,0,0,0,0,0,0,0,0,0,0,4,1274,1045,0.0,0.049999999999999996,0.0,0.04999999999999999,0.0,3.1999999999999993,0.29999999999999893,4.0,0.7999999999999998,1,1,1,3
109,Rico,Henry,Henry,a,,,4.5,408,,0.1,443,,0.5,,,1,0,,0,,126,279,0.1,0.7,0.5,0.5,,,,0.0,0.0,,,,,,,,,,,,,,,,,,,,,,,,,5,1,24,0,0,0,0,0,0,0,0,0,0,0,0,0,509,1091,0.0,0.0,0.0,0.0,0.0,0.40000000000000036,0.1999999999999993,0.0,0.09999999999999964,0,1,4,5
110,Michael,Kayode,Kayode,a,,,4.5,502,,0.4,281,,3.5,,,1,0,,0,,410,1164,0.8,3.3,3.5,3.5,,,,0.0,0.0,,,,,,,,,,,,,,,,,,,,,,,,,5,1,90,0,0,0,3,0,0,0,0,0,0,1,0,5,2167,3844,0.0,0.0,0.07,0.07,1.0100000000000007,13.199999999999989,22.9,2.0,3.799999999999999,2,2,5,9
111,Ethan,Pinnock,Pinnock,a,,,4.4,538,,0.1,415,,0.0,,,-1,0,,-1,,231,313,0.0,0.0,0.0,0.0,,,,100.0,100.0,,,,,,,,,,,,,,,,,,,,,,,,,5,-1,73,0,0,0,3,1,0,0,0,0,0,1,0,-4,1027,1137,0.0,0.0,0.0,0.0,1.0099999999999998,13.8,0.10000000000000009,2.0,1.5999999999999996,1,6,3,10
112,Mads,Roerslev Rasmussen,Roerslev,u,Has joined Southampton permanently.,,4.5,418,,0.0,652,,0.0,,,0,0,,0,,0,45,0.0,0.0,0.0,0.0,,,,0.0,0.0,,,,,,,,,,,,,,,,,,,,,,,,,5,0,0,0,0,0,0,0,0,0,0,0,0,0,0,0,0,223,0.0,0.0,0.0,0.0,0.0,0.0,0.0,0.0,0.0,0,0,0,0
113,Sepp,van den Berg,Van den Berg,a,,,4.5,431,,0.7,205,,3.2,,,1,0,,0,,831,1896,0.7,3.6,3.2,3.2,,,,0.0,0.0,,,,,,,,,,,,,,,,,,,,,,,,,5,1,90,0,0,0,3,0,0,0,0,0,0,1,0,3,3324,6351,0.0,0.0,0.0,0.0,1.0099999999999998,10.599999999999994,0.30000000000000027,0.0,1.0999999999999996,0,6,3,9
114,Benjamin,Arthur,Arthur,a,,,4.0,716,,0.3,325,,0.0,,,0,0,,0,,194,452,0.0,0.0,0.0,0.0,,,,0.0,0.0,,,,,,,,,,,,,,,,,,,,,,,,,5,0,0,0,0,0,0,0,0,0,0,0,0,0,0,0,762,1758,0.0,0.0,0.0,0.0,0.0,0.0,0.0,0.0,0.0,0,0,0,0
115,Benjamin,Fredrick,Fredrick,a,has joined Dender on loan for the rest of the season.,,4.0,715,,0.1,410,,0.0,,,0,0,,0,,80,230,0.0,0.0,0.0,0.0,,,,0.0,0.0,,,,,,,,,,,,,,,,,,,,,,,,,5,0,0,0,0,0,0,0,0,0,0,0,0,0,0,0,297,939,0.0,0.0,0.0,0.0,0.0,0.0,0.0,0.0,0.0,0,0,0,0
116,Aaron,Hickey,Hickey,a,,,4.0,663,,0.4,276,,0.5,,,0,0,,0,,394,722,0.1,0.5,0.5,0.5,,,,0.0,0.0,,,,,,,,,,,,,,,,,,,,,,,,,5,0,0,0,0,0,0,0,0,0,0,0,0,0,0,0,1821,2577,0.0,0.0,0.0,0.0,0.0,0.0,0.0,0.0,0.0,0,0,0,0
117,Kim,Ji-soo,Ji-soo,a,has joined Kaiserslautern on loan for the rest of the season.,,3.9,734,,0.2,400,,0.0,,,0,0,,-1,,1534,407,0.0,0.0,0.0,0.0,,,,0.0,0.0,,,,,,,,,,,,,,,,,,,,,,,,,5,0,0,0,0,0,0,0,0,0,0,0,0,0,0,0,2266,1086,0.0,0.0,0.0,0.0,0.0,0.0,0.0,0.0,0.0,0,0,0,0
118,Jayden,Meghoma,Meghoma,u,Has joined Rangers on loan for the rest of the season.,,4.0,680,,0.1,537,,0.0,,,0,0,,0,,0,144,0.0,0.0,0.0,0.0,,,,0.0,0.0,,,,,,,,,,,,,,,,,,,,,,,,,5,0,0,0,0,0,0,0,0,0,0,0,0,0,0,0,0,656,0.0,0.0,0.0,0.0,0.0,0.0,0.0,0.0,0.0,0,0,0,0
120,Kevin,Schade,Schade,a,,,7.0,42,,0.4,261,,3.0,,,2,0,,0,,1922,2232,0.4,1.9,3.0,3.0,,,,100.0,100.0,,,,,,,,,,,,,,,,,,,,,,,,,5,2,90,0,0,0,3,0,0,0,0,0,0,1,0,7,15922,5780,0.0,0.06000000000000005,0.19999999999999998,0.2599999999999998,1.0100000000000002,6.0,11.3,13.0,3.0,2,0,3,5
121,Mikkel,Damsgaard,Damsgaard,a,,,5.9,109,,0.7,216,,3.8,,,8,0,,-1,,1390,1508,0.6,2.5,3.8,3.8,,,,0.0,0.0,,,,,,,,,,,,,,,,,,,,,,,,,5,8,86,1,0,0,3,0,0,0,0,0,0,1,1,32,2857,9938,0.0,0.19,0.040000000000000036,0.2300000000000001,1.0100000000000002,42.599999999999994,8.0,24.0,7.5,3,0,1,4
122,Antoni,Milambo,Milambo,a,Knee injury - Expected back 01 Jun,,5.4,208,,0.0,585,,0.0,,,0,0,,-1,,48,144,0.0,0.2,0.0,0.0,,,,0.0,0.0,,,,,,,,,,,,,,,,,,,,,,,,,5,0,0,0,0,0,0,0,0,0,0,0,0,0,0,0,200,503,0.0,0.0,0.0,0.0,0.0,0.0,0.0,0.0,0.0,0,0,0,0
123,Fábio,Freitas Gouveia Carvalho,Carvalho,a,,,4.9,340,,0.3,312,,2.2,,,1,0,,-1,,1249,1206,0.4,2.2,2.2,2.2,,,,0.0,0.0,,,,,,,,,,,,,,,,,,,,,,,,,5,1,3,0,0,0,0,0,0,0,0,0,0,0,0,3,10868,3831,0.0,0.0,0.0,0.0,0.0,0.19999999999999574,1.0,0.0,0.09999999999999964,0,0,1,1
124,Jordan,Henderson,Henderson,a,,,5.0,240,,0.3,294,,3.5,,,2,0,,0,,1589,1252,0.7,3.0,3.5,3.5,,,,0.0,0.0,,,,,,,,,,,,,,,,,,,,,,,,,5,2,73,0,0,0,3,0,0,0,0,0,0,1,0,8,9158,3504,0.0,0.0,0.010000000000000002,0.009999999999999995,1.0100000000000002,2.799999999999997,2.1000000000000014,0.0,0.5,0,1,2,3
125,Vitaly,Janelt,Janelt,a,,,4.9,325,,0.0,689,,0.2,,,1,0,,-1,,28,25,0.0,0.2,0.2,0.2,,,,100.0,100.0,,,,,,,,,,,,,,,,,,,,,,,,,5,1,16,0,0,0,0,0,0,0,0,0,0,0,0,2,102,67,0.0,0.0,0.0,0.0,0.0,0.0,0.1,0.0,0.0,0,0,0,0
126,Mathias,Jensen,Jensen,a,,,4.9,328,,0.1,534,,0.8,,,0,0,,-1,,47,179,0.2,1.0,0.8,0.8,,,,0.0,0.0,,,,,,,,,,,,,,,,,,,,,,,,,5,0,0,0,0,0,0,0,0,0,0,0,0,0,0,0,297,656,0.0,0.0,0.0,0.0,0.0,0.0,0.0,0.0,0.0,0,0,0,0
127,Gustavo,Nunes Fernandes Gomes,Nunes,d,Lack of match fitness - 25% chance of playing,,4.9,373,,0.0,711,,0.0,,,0,0,,-1,,4,9,0.0,0.0,0.0,0.0,,,,25.0,25.0,,,,,,,,,,,,,,,,,,,,,,,,,5,0,0,0,0,0,0,0,0,0,0,0,0,0,0,0,11,57,0.0,0.0,0.0,0.0,0.0,0.0,0.0,0.0,0.0,0,0,0,0
128,Frank,Onyeka,Onyeka,a,,,5.0,275,,0.1,553,,1.2,,,0,0,,0,,72,187,0.2,1.8,1.2,1.2,,,,0.0,0.0,,,,,,,,,,,,,,,,,,,,,,,,,5,0,0,0,0,0,0,0,0,0,0,0,0,0,0,0,317,699,0.0,0.0,0.0,0.0,0.0,0.0,0.0,0.0,0.0,0,0,0,0
129,Yehor,Yarmoliuk,Yarmoliuk,a,,,5.0,296,,0.1,531,,3.0,,,2,0,,0,,147,214,0.6,2.8,3.0,3.0,,,,0.0,0.0,,,,,,,,,,,,,,,,,,,,,,,,,5,2,90,0,0,0,3,0,0,0,0,0,0,1,0,13,673,754,0.0,0.0,0.009999999999999981,0.010000000000000009,1.0100000000000007,13.600000000000001,12.300000000000004,0.0,2.5999999999999996,2,2,3,7
130,Romelle,Donovan,Donovan,a,,,4.5,499,,0.1,480,,0.0,,,0,0,,0,,239,305,0.0,0.0,0.0,0.0,,,,0.0,0.0,,,,,,,,,,,,,,,,,,,,,,,,,5,0,0,0,0,0,0,0,0,0,0,0,0,0,0,0,868,980,0.0,0.0,0.0,0.0,0.0,0.0,0.0,0.0,0.0,0,0,0,0
131,Yunus Emre,Konak,Konak,a,,,4.4,600,,0.2,358,,0.0,,,0,0,,-1,,1197,703,0.0,0.0,0.0,0.0,,,,0.0,0.0,,,,,,,,,,,,,,,,,,,,,,,,,5,0,0,0,0,0,0,0,0,0,0,0,0,0,0,0,4681,2559,0.0,0.0,0.0,0.0,0.0,0.0,0.0,0.0,0.0,0,0,0,0
132,Paris,Maghoma,Maghoma,d,Lack of match fitness - 25% chance of playing,,4.5,414,,0.0,674,,0.0,,,0,0,,0,,7,42,0.0,0.0,0.0,0.0,,,,25.0,25.0,,,,,,,,,,,,,,,,,,,,,,,,,5,0,0,0,0,0,0,0,0,0,0,0,0,0,0,0,28,145,0.0,0.0,0.0,0.0,0.0,0.0,0.0,0.0,0.0,0,0,0,0
133,Myles,Peart-Harris,Peart-Harris,a,,,4.5,433,,0.0,604,,0.0,,,0,0,,0,,76,108,0.0,0.0,0.0,0.0,,,,0.0,0.0,,,,,,,,,,,,,,,,,,,,,,,,,5,0,0,0,0,0,0,0,0,0,0,0,0,0,0,0,262,361,0.0,0.0,0.0,0.0,0.0,0.0,0.0,0.0,0.0,0,0,0,0
134,Ryan,Trevitt,Trevitt,u,Has joined Wigan on loan for the rest of the season,,4.5,496,,0.0,713,,0.0,,,0,0,,0,,0,10,0.0,0.0,0.0,0.0,,,,0.0,0.0,,,,,,,,,,,,,,,,,,,,,,,,,5,0,0,0,0,0,0,0,0,0,0,0,0,0,0,0,0,48,0.0,0.0,0.0,0.0,0.0,0.0,0.0,0.0,0.0,0,0,0,0
136,Igor Thiago,Nascimento Rodrigues,Thiago,a,,,6.0,92,,1.8,136,,2.8,,,2,0,,0,,5556,10045,0.5,2.8,2.8,2.8,,,,0.0,0.0,,,,,,,,,,,,,,,,,,,,,,,,,5,2,64,0,0,0,3,0,0,0,0,0,0,1,0,5,37359,28324,0.0,0.10000000000000009,0.010000000000000009,0.1100000000000001,1.0099999999999998,3.3999999999999915,1.6000000000000014,17.0,2.1999999999999993,1,1,2,4
748,Josh,Dasilva,Dasilva,a,,,5.0,247,,0.0,742,,0.0,,,0,0,,0,,33,19,0.0,0.0,1.7,1.7,,,,0.0,0.0,,,,,,,,,,,,,,,,,,,,,,,,,5,0,0,0,0,0,0,0,0,0,0,0,0,0,0,0,0,0,0.0,0.0,0.0,0.0,0.0,0.0,0.0,0.0,0.0,0,0,0,0
138,Jason,Steele,Steele,a,,,4.4,515,,0.3,291,,0.0,,,0,0,,-1,,141,792,0.0,0.0,-0.5,0.0,,,,0.0,0.0,,,,,,,,,,,,,,,,,,,,,,,,,5,0,0,0,0,0,0,0,0,0,0,0,0,0,0,0,545,2926,0.0,0.0,0.0,0.0,0.0,0.0,0.0,0.0,0.0,0,0,0,0
139,Bart,Verbruggen,Verbruggen,a,,,4.5,446,,5.2,68,,1.5,,,1,0,,0,,2497,17500,0.3,1.8,1.0,1.5,,,,0.0,0.0,,,,,,,,,,,,,,,,,,,,,,,,,5,1,90,0,0,0,2,0,0,0,0,0,2,1,0,6,7837,53045,0.0,0.0,0.0,0.0,1.2199999999999998,19.200000000000003,0.0,0.0,1.9000000000000004,0,1,7,8
140,Tom,McGill,McGill,a,,,4.0,632,,0.4,283,,0.0,,,0,0,,0,,360,533,0.0,0.0,-0.5,0.0,,,,0.0,0.0,,,,,,,,,,,,,,,,,,,,,,,,,5,0,0,0,0,0,0,0,0,0,0,0,0,0,0,0,1226,1851,0.0,0.0,0.0,0.0,0.0,0.0,0.0,0.0,0.0,0,0,0,0
141,Carl,Rushworth,Rushworth,u,Has joined Coventry City on loan for the rest of the season.,,4.0,664,,0.0,730,,0.0,,,0,0,,0,,0,3,0.0,0.0,0.0,0.0,,,,0.0,0.0,,,,,,,,,,,,,,,,,,,,,,,,,5,0,0,0,0,0,0,0,0,0,0,0,0,0,0,0,0,10,0.0,0.0,0.0,0.0,0.0,0.0,0.0,0.0,0.0,0,0,0,0
142,Kjell,Scherpen,Scherpen,u,Has joined Union SG permanently,,4.0,641,,0.0,732,,0.0,,,0,0,,0,,0,3,0.0,0.0,0.0,0.0,,,,0.0,0.0,,,,,,,,,,,,,,,,,,,,,,,,,5,0,0,0,0,0,0,0,0,0,0,0,0,0,0,0,0,16,0.0,0.0,0.0,0.0,0.0,0.0,0.0,0.0,0.0,0,0,0,0
143,Olivier,Boscagli,Boscagli,a,,,4.4,531,,0.1,493,,0.0,,,0,0,,-1,,46,183,0.0,0.0,-0.5,0.0,,,,0.0,0.0,,,,,,,,,,,,,,,,,,,,,,,,,5,0,0,0,0,0,0,0,0,0,0,0,0,0,0,0,165,734,0.0,0.0,0.0,0.0,0.0,0.0,0.0,0.0,0.0,0,0,0,0
144,Diego,Coppola,Coppola,a,,,4.4,585,,0.1,562,,0.5,,,1,0,,-1,,31,97,0.1,0.5,0.0,0.5,,,,0.0,0.0,,,,,,,,,,,,,,,,,,,,,,,,,5,1,15,0,0,0,1,0,0,0,0,0,0,0,0,0,122,489,0.0,0.0,0.0,0.0,0.07,5.4,0.1,0.0,0.6,0,3,1,4
145,Maxim,De Cuyper,De Cuyper,d,Knock - 75% chance of playing,,4.4,556,,3.0,103,,0.8,,,0,-1,,-1,,107,21832,0.2,1.1,0.2,0.6,,,,75.0,75.0,,,,,,,,,,,,,,,,,,,,,,,,,5,0,0,0,0,0,0,0,0,0,0,0,0,0,0,0,376,87028,0.0,0.0,0.0,0.0,0.0,0.0,0.0,0.0,0.0,0,0,0,0
146,Lewis,Dunk,Dunk,a,,,4.5,393,,1.2,171,,2.8,,,3,0,,0,,1639,2075,0.6,2.9,2.3,2.8,,,,0.0,0.0,,,,,,,,,,,,,,,,,,,,,,,,,5,3,90,0,0,0,2,0,0,0,0,0,0,1,0,10,6824,9592,0.0,0.03,0.0,0.03,1.2199999999999998,26.400000000000006,0.40000000000000036,2.0,2.9000000000000004,2,10,4,16
147,Pervis,Estupiñán Tenorio,Estupiñan,u,Has joined AC Milan permanently,,4.5,412,,0.0,683,,0.0,,,0,0,,0,,0,28,0.0,0.0,0.0,0.0,,,,0.0,0.0,,,,,,,,,,,,,,,,,,,,,,,,,5,0,0,0,0,0,0,0,0,0,0,0,0,0,0,0,0,65,0.0,0.0,0.0,0.0,0.0,0.0,0.0,0.0,0.0,0,0,0,0
148,Ferdi,Kadıoğlu,F.Kadıoğlu,a,,,4.4,539,,0.1,423,,1.2,,,1,0,,-1,,373,291,0.3,1.1,0.7,1.2,,,,0.0,0.0,,,,,,,,,,,,,,,,,,,,,,,,,5,1,84,0,0,0,2,0,0,0,0,0,0,1,0,9,1079,1006,0.0,0.07,0.010000000000000002,0.07999999999999999,1.2100000000000004,10.600000000000001,11.299999999999999,4.0,2.6,4,1,5,10
150,Tariq,Lamptey,Lamptey,u,has joined Fiorentina permanently.,,4.4,542,,0.2,394,,0.0,,,0,0,,-1,,0,923,0.0,0.0,0.0,0.0,,,,0.0,0.0,,,,,,,,,,,,,,,,,,,,,,,,,5,0,0,0,0,0,0,0,0,0,0,0,0,0,0,0,0,4277,0.0,0.0,0.0,0.0,0.0,0.0,0.0,0.0,0.0,0,0,0,0
151,Jan Paul,van Hecke,Van Hecke,a,,,4.5,442,,0.9,188,,1.5,,,1,0,,0,,664,2015,0.3,1.8,1.0,1.5,,,,0.0,0.0,,,,,,,,,,,,,,,,,,,,,,,,,5,1,90,0,0,0,2,1,0,0,0,0,0,1,0,5,3384,7839,0.0,0.0,0.0,0.0,1.2199999999999998,15.200000000000003,0.30000000000000027,0.0,1.5999999999999996,1,11,1,13
152,Joël,Veltman,Veltman,a,,,4.4,524,,0.2,378,,1.8,,,3,0,,-1,,491,302,0.4,1.6,1.3,1.8,,,,0.0,0.0,,,,,,,,,,,,,,,,,,,,,,,,,5,3,90,0,0,0,2,0,0,0,0,0,0,1,0,11,1661,1270,0.0,0.0,0.0,0.0,1.2200000000000002,27.0,5.200000000000001,0.0,3.2,7,8,4,19
153,Adam,Webster,Webster,i,Knee injury - Unknown return date,,4.4,523,,0.0,705,,0.0,,,0,0,,-1,,3,15,0.0,0.0,0.0,0.0,,,,0.0,0.0,,,,,,,,,,,,,,,,,,,,,,,,,5,0,0,0,0,0,0,0,0,0,0,0,0,0,0,0,41,80,0.0,0.0,0.0,0.0,0.0,0.0,0.0,0.0,0.0,0,0,0,0
154,Eiran,Cashin,Cashin,u,Has joined Birmingham on loan for the rest of the season.,,4.0,649,,0.0,709,,0.0,,,0,0,,0,,0,13,0.0,0.0,0.0,0.0,,,,0.0,0.0,,,,,,,,,,,,,,,,,,,,,,,,,5,0,0,0,0,0,0,0,0,0,0,0,0,0,0,0,0,47,0.0,0.0,0.0,0.0,0.0,0.0,0.0,0.0,0.0,0,0,0,0
155,Jacob,Slater,Slater,a,has joined Harrogate Town on loan until January.,,4.0,713,,0.2,388,,0.0,,,0,0,,0,,141,290,0.0,0.0,-0.5,0.0,,,,0.0,0.0,,,,,,,,,,,,,,,,,,,,,,,,,5,0,0,0,0,0,0,0,0,0,0,0,0,0,0,0,494,1105,0.0,0.0,0.0,0.0,0.0,0.0,0.0,0.0,0.0,0,0,0,0
156,Charlie,Tasker,Tasker,a,,,4.0,696,,0.1,425,,0.0,,,0,0,,0,,86,245,0.0,0.0,-0.5,0.0,,,,0.0,0.0,,,,,,,,,,,,,,,,,,,,,,,,,5,0,0,0,0,0,0,0,0,0,0,0,0,0,0,0,316,963,0.0,0.0,0.0,0.0,0.0,0.0,0.0,0.0,0.0,0,0,0,0
157,Mitoma,Kaoru,Mitoma,a,Knock - 50% chance of playing,,6.4,69,,4.8,76,,4.0,,,2,0,,-1,,6105,14557,0.6,2.8,3.5,4.0,,,,0.0,0.0,,,,,,,,,,,,,,,,,,,,,,,,,5,2,90,0,0,0,2,0,0,0,0,0,0,1,0,9,42327,43347,0.0,0.08999999999999997,0.07,0.16000000000000003,1.2200000000000006,11.200000000000003,12.799999999999997,19.0,4.300000000000001,0,2,5,7
158,Georginio,Rutter,Georginio,a,,,5.8,117,,0.6,232,,1.8,,,5,0,,-2,,931,4305,0.3,2.2,1.3,1.8,,,,100.0,100.0,,,,,,,,,,,,,,,,,,,,,,,,,5,5,74,0,1,0,1,0,0,0,0,0,0,1,0,16,2446,14964,0.0,0.0,0.01999999999999999,0.020000000000000018,1.16,31.8,21.799999999999997,6.0,6.0,1,5,1,7
159,Solly,March,March,i,Knee injury - Unknown return date,,5.8,115,,0.0,704,,0.0,,,0,0,,-2,,7,18,0.0,0.0,0.0,0.0,,,,0.0,0.0,,,,,,,,,,,,,,,,,,,,,,,,,5,0,0,0,0,0,0,0,0,0,0,0,0,0,0,0,22,104,0.0,0.0,0.0,0.0,0.0,0.0,0.0,0.0,0.0,0,0,0,0
160,Yankuba,Minteh,Minteh,a,,,5.9,114,,1.0,182,,5.2,,,9,0,,-1,,19914,3723,0.9,4.1,4.7,5.2,,,,0.0,0.0,,,,,,,,,,,,,,,,,,,,,,,,,5,9,75,1,0,0,1,0,0,0,0,0,0,1,2,32,34987,12632,0.0,0.74,0.0,0.74,1.1600000000000001,39.0,12.700000000000003,39.0,9.100000000000001,2,0,5,7
161,Julio,Enciso Espínola,Enciso,u,has joined Strasbourg permanently.,,5.4,198,,0.0,681,,0.0,,,0,0,,-1,,0,26,0.0,0.0,0.0,0.0,,,,0.0,0.0,,,,,,,,,,,,,,,,,,,,,,,,,5,0,0,0,0,0,0,0,0,0,0,0,0,0,0,0,0,131,0.0,0.0,0.0,0.0,0.0,0.0,0.0,0.0,0.0,0,0,0,0
162,Brajan,Gruda,Gruda,a,Knee injury - 50% chance of playing,,5.4,205,,0.1,497,,3.0,,,2,0,,-1,,274,387,0.6,2.4,2.5,3.0,,,,0.0,0.0,,,,,,,,,,,,,,,,,,,,,,,,,5,2,62,0,0,0,1,0,0,0,0,0,0,1,0,5,1081,2163,0.0,0.09000000000000008,0.01,0.10000000000000009,0.9099999999999999,2.3999999999999986,11.799999999999999,3.0,1.700000000000001,1,1,3,5
163,Jack,Hinshelwood,Hinshelwood,i,Ankle injury - Unknown return date,,5.3,231,,0.1,576,,1.0,,,0,0,,-2,,2,320,0.2,0.8,0.0,0.0,,,,0.0,0.0,,,,,,,,,,,,,,,,,,,,,,,,,5,0,0,0,0,0,0,0,0,0,0,0,0,0,0,0,26,1696,0.0,0.0,0.0,0.0,0.0,0.0,0.0,0.0,0.0,0,0,0,0
164,Matt,O'Riley,O'Riley,u,has joined Marseille on loan for the rest of the season.,,5.5,149,,0.6,223,,0.5,,,0,0,,0,,0,4899,0.1,2.2,0.0,0.0,,,,0.0,0.0,,,,,,,,,,,,,,,,,,,,,,,,,5,0,0,0,0,0,0,0,0,0,0,0,0,0,0,0,0,22588,0.0,0.0,0.0,0.0,0.0,0.0,0.0,0.0,0.0,0,0,0,0
165,Abdallah,Sima,Sima,u,has joined Lens permanently.,,5.4,206,,0.0,669,,0.0,,,0,0,,-1,,0,53,0.0,0.0,0.0,0.0,,,,0.0,0.0,,,,,,,,,,,,,,,,,,,,,,,,,5,0,0,0,0,0,0,0,0,0,0,0,0,0,0,0,0,205,0.0,0.0,0.0,0.0,0.0,0.0,0.0,0.0,0.0,0,0,0,0
166,Yasin,Ayari,Ayari,a,,,4.9,363,,0.2,365,,3.2,,,8,0,,-1,,5282,870,0.7,3.3,2.7,3.2,,,,0.0,0.0,,,,,,,,,,,,,,,,,,,,,,,,,5,8,90,1,0,0,2,0,0,0,0,0,0,1,1,28,6398,2496,0.0,0.24000000000000002,0.01999999999999999,0.26,1.2199999999999998,34.8,11.799999999999997,22.0,6.899999999999999,1,2,7,10
167,Carlos,Baleba,Baleba,a,,,4.9,366,,2.8,105,,0.8,,,1,0,,-1,,1591,10764,0.2,1.2,0.3,0.8,,,,0.0,0.0,,,,,,,,,,,,,,,,,,,,,,,,,5,1,45,0,0,0,1,0,0,0,0,0,0,1,0,6,5941,48460,0.0,0.0,0.0,0.0,0.9100000000000001,6.0,0.6999999999999993,0.0,0.7000000000000002,2,2,3,7
169,Diego,Gómez Amarilla,Gomez,a,,,5.0,299,,0.1,548,,0.8,,,0,0,,0,,109,172,0.2,0.6,0.3,0.8,,,,0.0,0.0,,,,,,,,,,,,,,,,,,,,,,,,,5,0,45,0,0,0,1,0,0,0,1,0,0,0,0,5,473,643,0.0,0.020000000000000004,0.060000000000000005,0.07999999999999999,0.31000000000000005,7.0,14.6,4.0,2.6,3,0,2,5
170,James,Milner,Milner,a,Muscle injury - 50% chance of playing,,5.0,239,,0.1,406,,2.0,,,1,0,,0,,486,609,0.4,1.8,1.5,2.0,,,,0.0,0.0,,,,,,,,,,,,,,,,,,,,,,,,,5,1,27,0,0,0,1,0,0,0,0,0,0,0,0,5,2086,1967,0.0,0.0,0.03,0.030000000000000027,0.30999999999999983,5.199999999999996,11.3,0.0,1.700000000000001,0,1,3,4
171,Jeremy,Sarmiento Morante,Sarmiento,u,has joined Cremonese on loan for the rest of the season.,,4.9,349,,0.0,650,,0.0,,,0,0,,-1,,0,77,0.0,0.0,0.0,0.0,,,,0.0,0.0,,,,,,,,,,,,,,,,,,,,,,,,,5,0,0,0,0,0,0,0,0,0,0,0,0,0,0,0,0,303,0.0,0.0,0.0,0.0,0.0,0.0,0.0,0.0,0.0,0,0,0,0
172,Tom,Watson,Watson,a,,,4.9,368,,0.0,633,,0.0,,,0,0,,-1,,20,57,0.0,0.0,-0.5,0.0,,,,100.0,100.0,,,,,,,,,,,,,,,,,,,,,,,,,5,0,0,0,0,0,0,0,0,0,0,0,0,0,0,0,99,233,0.0,0.0,0.0,0.0,0.0,0.0,0.0,0.0,0.0,0,0,0,0
173,Mats,Wieffer,Wieffer,a,,,4.9,354,,0.1,564,,1.0,,,1,0,,-1,,48,138,0.2,1.6,0.5,1.0,,,,100.0,100.0,,,,,,,,,,,,,,,,,,,,,,,,,5,1,5,0,0,0,0,0,0,0,0,0,0,0,0,2,195,620,0.0,0.0,0.010000000000000002,0.010000000000000009,0.020000000000000018,2.200000000000003,0.7999999999999998,0.0,0.3000000000000007,1,0,1,2
174,Malick,Yalcouyé,Yalcouye,u,Has joined Swansea City on loan for the rest of the season.,,5.0,305,,0.0,710,,0.0,,,0,0,,0,,0,10,0.0,0.0,0.0,0.0,,,,0.0,0.0,,,,,,,,,,,,,,,,,,,,,,,,,5,0,0,0,0,0,0,0,0,0,0,0,0,0,0,0,0,45,0.0,0.0,0.0,0.0,0.0,0.0,0.0,0.0,0.0,0,0,0,0
175,Joe,Knight,Knight,a,,,4.5,480,,0.1,505,,0.0,,,0,0,,0,,228,269,0.0,0.0,-0.5,0.0,,,,0.0,0.0,,,,,,,,,,,,,,,,,,,,,,,,,5,0,0,0,0,0,0,0,0,0,0,0,0,0,0,0,810,858,0.0,0.0,0.0,0.0,0.0,0.0,0.0,0.0,0.0,0,0,0,0
176,Adrian,Mazilu,Mazilu,a,has joined Dinamo Bucharest permanently.,,4.5,470,,0.0,600,,0.0,,,0,0,,0,,100,111,0.0,0.0,-0.5,0.0,,,,0.0,0.0,,,,,,,,,,,,,,,,,,,,,,,,,5,0,0,0,0,0,0,0,0,0,0,0,0,0,0,0,352,405,0.0,0.0,0.0,0.0,0.0,0.0,0.0,0.0,0.0,0,0,0,0
177,Andrew,Moran,Moran,u,Has joined Los Angeles FC on loan for the rest of the season.,,4.5,459,,0.0,639,,0.0,,,0,0,,0,,0,64,0.0,0.0,0.0,0.0,,,,0.0,0.0,,,,,,,,,,,,,,,,,,,,,,,,,5,0,0,0,0,0,0,0,0,0,0,0,0,0,0,0,0,293,0.0,0.0,0.0,0.0,0.0,0.0,0.0,0.0,0.0,0,0,0,0
178,Danny,Welbeck,Welbeck,a,,,6.3,72,,2.0,130,,1.2,,,1,0,,-2,,2334,9047,0.2,1.0,0.7,1.2,,,,0.0,0.0,,,,,,,,,,,,,,,,,,,,,,,,,5,1,15,0,0,0,1,0,0,0,0,0,0,0,0,3,14281,34548,0.0,0.040000000000000036,0.06,0.10000000000000009,0.0699999999999994,1.1999999999999993,1.0,9.0,1.0999999999999996,0,0,0,0
179,Evan,Ferguson,Ferguson,u,Has joined AS Roma on loan for the rest of the season,,5.5,162,,0.0,693,,0.0,,,0,0,,0,,0,17,0.0,0.0,0.0,0.0,,,,0.0,0.0,,,,,,,,,,,,,,,,,,,,,,,,,5,0,0,0,0,0,0,0,0,0,0,0,0,0,0,0,0,55,0.0,0.0,0.0,0.0,0.0,0.0,0.0,0.0,0.0,0,0,0,0
180,Stefanos,Tzimas,Tzimas,a,,,5.4,213,,0.1,470,,0.2,,,0,0,,-1,,157,350,0.0,0.2,-0.3,0.2,,,,0.0,0.0,,,,,,,,,,,,,,,,,,,,,,,,,5,0,0,0,0,0,0,0,0,0,0,0,0,0,0,0,777,1228,0.0,0.0,0.0,0.0,0.0,0.0,0.0,0.0,0.0,0,0,0,0
181,Charalampos,Kostoulas,Kostoulas,a,,,4.9,376,,0.3,300,,0.0,,,0,0,,-1,,689,1084,0.0,0.0,-0.5,0.0,,,,0.0,0.0,,,,,,,,,,,,,,,,,,,,,,,,,5,0,0,0,0,0,0,0,0,0,0,0,0,0,0,0,2606,3889,0.0,0.0,0.0,0.0,0.0,0.0,0.0,0.0,0.0,0,0,0,0
744,Nehemiah,Oriola,Oriola,a,,,4.5,454,,0.0,714,,0.3,,,0,0,,0,,122,49,0.1,0.2,0.3,0.3,,,,0.0,0.0,,,,,,,,,,,,,,,,,,,,,,,,,5,0,0,0,0,0,0,0,0,0,0,0,0,0,0,0,0,0,0.0,0.0,0.0,0.0,0.0,0.0,0.0,0.0,0.0,0,0,0,0
168,Facundo,Buonanotte,Buonanotte,n,Ineligible to face his parent club on 27/9. - Expected back 04 Oct,,4.8,380,,0.1,450,,0.2,,,0,0,,-2,,442,563,0.0,0.2,0.0,0.7,,,,0.0,0.0,,,,,,,,,,,,,,,,,,,,,,,,,5,0,0,0,0,0,0,0,0,0,0,0,0,0,0,0,2067,2163,0.0,0.0,0.0,0.0,0.0,0.0,0.0,0.0,0.0,0,0,0,0
220,Robert,Lynch Sánchez,Sánchez,a,,,5.0,264,,20.3,20,,1.7,,,-3,0,,0,,2990,217272,0.3,3.2,2.2,2.2,,,,0.0,0.0,,,,,,,,,,,,,,,,,,,,,,,,,5,-3,4,0,0,0,2,0,0,0,0,1,1,1,0,-12,19053,367082,0.0,0.0,0.0,0.0,0.050000000000000266,2.0,0.0,0.0,0.1999999999999993,0,0,0,0
221,Filip,Jörgensen,Jörgensen,a,,,4.4,572,,0.2,373,,0.3,,,1,0,,-1,,2279,497,0.1,0.2,0.8,0.8,,,,0.0,0.0,,,,,,,,,,,,,,,,,,,,,,,,,5,1,84,0,0,0,2,0,0,0,0,0,1,0,0,4,2525,1386,0.0,0.0,0.0,0.0,1.79,9.4,0.0,0.0,0.9,0,2,5,7
222,Mike,Penders,Penders,u,Has joined RC Strasbourg on loan for the rest of the season.,,4.0,698,,0.0,728,,0.0,,,0,0,,0,,0,9,0.0,0.0,0.0,0.0,,,,0.0,0.0,,,,,,,,,,,,,,,,,,,,,,,,,5,0,0,0,0,0,0,0,0,0,0,0,0,0,0,0,0,21,0.0,0.0,0.0,0.0,0.0,0.0,0.0,0.0,0.0,0,0,0,0
223,Gabriel,Słonina,Slonina,a,,,4.0,662,,0.1,476,,0.0,,,0,0,,0,,202,164,0.0,0.0,0.5,0.5,,,,0.0,0.0,,,,,,,,,,,,,,,,,,,,,,,,,5,0,0,0,0,0,0,0,0,0,0,0,0,0,0,0,438,657,0.0,0.0,0.0,0.0,0.0,0.0,0.0,0.0,0.0,0,0,0,0
224,Marc,Cucurella Saseta,Cucurella,a,,,6.2,81,,26.5,11,,2.3,,,0,0,,2,,13822,93729,0.4,3.2,2.8,2.8,,,,0.0,0.0,,,,,,,,,,,,,,,,,,,,,,,,,5,0,63,0,0,0,2,0,0,0,1,0,0,1,0,-6,57336,270600,0.0,0.04999999999999999,0.0,0.04999999999999993,1.4500000000000002,1.7999999999999972,1.0,4.0,0.6999999999999993,1,3,2,6
225,Reece,James,James,a,,,5.4,185,,4.4,81,,2.0,,,4,0,,-1,,7184,7837,0.4,2.2,2.5,2.5,,,,0.0,0.0,,,,,,,,,,,,,,,,,,,,,,,,,5,4,90,0,1,0,2,0,0,0,0,0,0,1,0,16,15077,56852,0.0,0.0,0.15999999999999998,0.15999999999999998,1.8400000000000003,27.4,32.8,4.0,6.399999999999999,3,6,5,14
226,Trevoh,Chalobah,Chalobah,a,,,5.1,234,,9.4,46,,8.0,,,8,0,,1,,78817,11860,1.6,7.5,8.5,8.5,,,,0.0,0.0,,,,,,,,,,,,,,,,,,,,,,,,,5,8,90,1,0,0,2,0,0,0,1,0,0,1,0,23,179133,63953,0.0,0.19999999999999996,0.010000000000000009,0.20999999999999996,1.8400000000000003,57.400000000000006,2.299999999999997,17.0,7.700000000000003,2,8,2,12
227,Levi,Samuels Colwill,Colwill,i,Anterior cruciate ligament - Unknown return date,,4.8,379,,0.1,429,,0.0,,,0,0,,-2,,8,272,0.0,0.0,0.0,0.0,,,,0.0,0.0,,,,,,,,,,,,,,,,,,,,,,,,,5,0,0,0,0,0,0,0,0,0,0,0,0,0,0,0,37,1180,0.0,0.0,0.0,0.0,0.0,0.0,0.0,0.0,0.0,0,0,0,0
228,Malo,Gusto,Gusto,a,,,4.9,357,,1.4,161,,2.3,,,1,0,,-1,,1384,4644,0.5,2.0,2.8,2.8,,,,0.0,0.0,,,,,,,,,,,,,,,,,,,,,,,,,5,1,26,0,0,0,0,0,0,0,0,0,0,0,0,4,4862,17965,0.0,0.0,0.010000000000000009,0.009999999999999995,0.3899999999999999,0.5999999999999979,1.8000000000000007,4.0,0.5999999999999996,0,0,4,4
229,Benoît,Badiashile Mukinayi,B.Badiashile,d,Lack of match fitness - 50% chance of playing,,4.4,544,,0.0,699,,0.0,,,0,0,,-1,,1,20,0.0,0.0,0.2,0.2,,,,50.0,50.0,,,,,,,,,,,,,,,,,,,,,,,,,5,0,0,0,0,0,0,0,0,0,0,0,0,0,0,0,6,71,0.0,0.0,0.0,0.0,0.0,0.0,0.0,0.0,0.0,0,0,0,0
230,Wesley,Fofana,Fofana,a,,,4.4,552,,0.2,372,,0.7,,,1,0,,-1,,1214,506,0.2,0.7,1.2,1.2,,,,100.0,100.0,,,,,,,,,,,,,,,,,,,,,,,,,5,1,63,0,0,0,2,0,0,0,0,0,0,1,0,6,1987,1773,0.0,0.0,0.0,0.0,1.45,17.6,1.0999999999999996,0.0,1.9000000000000001,2,7,1,10
231,Mamadou,Sarr,M.Sarr,u,Has joined RC Strasbourg on loan for the rest of the season.,,4.5,484,,0.0,697,,0.0,,,0,0,,0,,0,24,0.0,0.0,0.0,0.0,,,,0.0,0.0,,,,,,,,,,,,,,,,,,,,,,,,,5,0,0,0,0,0,0,0,0,0,0,0,0,0,0,0,0,74,0.0,0.0,0.0,0.0,0.0,0.0,0.0,0.0,0.0,0,0,0,0
232,Tosin,Adarabioyo,Tosin,a,,,4.5,398,,1.1,177,,3.0,,,0,0,,0,,2070,7225,0.7,2.4,3.5,3.5,,,,100.0,100.0,,,,,,,,,,,,,,,,,,,,,,,,,5,0,83,0,0,0,2,0,0,0,1,0,0,0,0,3,7979,16793,0.0,0.05,0.010000000000000009,0.05,1.7899999999999996,19.599999999999994,2.1000000000000005,9.0,3.0999999999999996,0,8,6,14
233,Josh,Acheampong,Acheampong,a,,,4.0,708,,1.5,153,,0.0,,,0,0,,0,,510,7361,0.0,2.2,0.5,0.5,,,,0.0,0.0,,,,,,,,,,,,,,,,,,,,,,,,,5,0,0,0,0,0,0,0,0,0,0,0,0,0,0,0,1847,29462,0.0,0.0,0.0,0.0,0.0,0.0,0.0,0.0,0.0,0,0,0,0
234,Aarón,Anselmino,Anselmino,u,has joined Borussia Dortmund on loan for the rest of the season.,,4.0,717,,0.1,509,,0.0,,,0,0,,0,,0,214,0.0,0.0,0.0,0.0,,,,0.0,0.0,,,,,,,,,,,,,,,,,,,,,,,,,5,0,0,0,0,0,0,0,0,0,0,0,0,0,0,0,0,1018,0.0,0.0,0.0,0.0,0.0,0.0,0.0,0.0,0.0,0,0,0,0
235,Cole,Palmer,Palmer,d,Groin Injury - 75% chance of playing,,10.4,4,,20.5,18,,2.7,,,1,0,,-1,,35743,131737,0.3,1.1,2.4,3.2,,,,75.0,100.0,,,,,,,,,,,,,,,,,,,,,,,,,5,1,20,0,0,0,1,0,0,0,0,0,0,1,0,3,371981,190609,0.0,0.0,0.0,0.0,1.01,0.0,0.0,0.0,0.0,0,0,0,0
236,Pedro,Lomba Neto,Neto,a,Groin Injury - 75% chance of playing,,7.0,37,,4.8,75,,2.0,,,1,0,,0,,5046,22199,0.3,2.3,2.5,2.5,,,,0.0,0.0,,,,,,,,,,,,,,,,,,,,,,,,,5,1,6,0,0,0,0,0,0,0,0,0,0,1,0,3,19341,91617,0.0,0.0,0.0,0.0,0.050000000000000266,0.0,0.0,0.0,0.0,0,0,1,1
237,Enzo,Fernández,Enzo,a,Knee injury - 75% chance of playing,,6.7,49,,13.3,30,,5.7,,,1,0,,2,,28657,60794,0.9,4.5,6.2,6.2,,,,0.0,0.0,,,,,,,,,,,,,,,,,,,,,,,,,5,1,90,0,0,0,2,0,0,0,1,0,0,1,0,8,209491,150476,0.0,0.0,0.040000000000000036,0.040000000000000036,1.8399999999999999,10.200000000000017,10.599999999999994,4.0,2.5000000000000036,1,1,2,4
238,Estêvão,Almeida de Oliveira Gonçalves,Estêvão,a,,,6.5,61,,2.0,129,,1.3,,,1,0,,0,,2631,9883,0.2,1.4,1.8,1.8,,,,0.0,0.0,,,,,,,,,,,,,,,,,,,,,,,,,5,1,5,0,0,0,0,0,0,0,0,0,0,1,0,1,7719,57461,0.0,0.0,0.0,0.0,0.050000000000000044,0.0,0.0,0.0,0.0,0,0,2,2
239,Jamie,Bynoe-Gittens,Gittens,a,,,6.2,82,,0.1,434,,0.7,,,0,-1,,-3,,135,615,0.1,0.6,1.2,1.2,,,,0.0,0.0,,,,,,,,,,,,,,,,,,,,,,,,,5,0,0,0,0,0,0,0,0,0,0,0,0,0,0,0,401,2633,0.0,0.0,0.0,0.0,0.0,0.0,0.0,0.0,0.0,0,0,0,0
240,Christopher,Nkunku,Nkunku,u,has joined AC Milan permanently.,,5.9,106,,0.1,468,,0.0,,,0,0,,-1,,0,314,0.0,0.0,0.0,0.0,,,,0.0,0.0,,,,,,,,,,,,,,,,,,,,,,,,,5,0,0,0,0,0,0,0,0,0,0,0,0,0,0,0,0,1287,0.0,0.0,0.0,0.0,0.0,0.0,0.0,0.0,0.0,0,0,0,0
241,Moisés,Caicedo Corozo,Caicedo,a,,,5.6,128,,10.5,41,,6.7,,,4,0,,1,,99631,20115,1.2,5.9,7.2,7.2,,,,0.0,0.0,,,,,,,,,,,,,,,,,,,,,,,,,5,4,90,0,0,0,2,0,0,0,0,0,0,1,0,24,357044,54870,0.0,0.030000000000000027,0.04000000000000001,0.07000000000000006,1.8399999999999999,19.19999999999999,20.2,2.0,4.100000000000001,5,3,7,15
243,Tyrique,George,George,a,,,4.9,369,,0.1,565,,1.0,,,0,0,,-1,,129,180,0.2,0.6,1.5,1.5,,,,0.0,0.0,,,,,,,,,,,,,,,,,,,,,,,,,5,0,26,0,0,0,0,0,0,0,1,0,0,0,0,-7,386,548,0.0,0.0,0.009999999999999995,0.010000000000000009,0.3900000000000001,0.0,0.7999999999999998,0.0,0.0,0,0,0,0
244,Roméo,Lavia,Lavia,d,Lack of match fitness - 50% chance of playing,,4.9,364,,0.0,682,,0.0,,,0,0,,-1,,8,28,0.0,0.0,0.2,0.2,,,,50.0,50.0,,,,,,,,,,,,,,,,,,,,,,,,,5,0,0,0,0,0,0,0,0,0,0,0,0,0,0,0,24,97,0.0,0.0,0.0,0.0,0.0,0.0,0.0,0.0,0.0,0,0,0,0
245,Mykhailo,Mudryk,Mudryk,s,Suspended - unknown return date,,5.0,282,,0.0,706,,0.0,,,0,0,,0,,9,16,0.0,0.0,0.0,0.0,,,,0.0,0.0,,,,,,,,,,,,,,,,,,,,,,,,,5,0,0,0,0,0,0,0,0,0,0,0,0,0,0,0,40,62,0.0,0.0,0.0,0.0,0.0,0.0,0.0,0.0,0.0,0,0,0,0
246,Andrey,Nascimento dos Santos,Andrey Santos,a,,,4.5,465,,0.3,299,,0.7,,,2,0,,0,,2214,987,0.2,0.9,1.2,1.2,,,,0.0,0.0,,,,,,,,,,,,,,,,,,,,,,,,,5,2,69,0,0,0,1,0,0,0,0,0,0,0,0,17,4241,3795,0.0,0.09999999999999998,0.02,0.12,0.8200000000000001,8.399999999999999,9.599999999999998,7.0,2.5,1,1,7,9
247,Dário,Luís Essugo,D.Essugo,i,Thigh injury - Unknown return date,,4.4,563,,0.0,581,,0.0,,,0,0,,-1,,54,230,0.0,0.0,0.0,0.0,,,,0.0,0.0,,,,,,,,,,,,,,,,,,,,,,,,,5,0,0,0,0,0,0,0,0,0,0,0,0,0,0,0,156,872,0.0,0.0,0.0,0.0,0.0,0.0,0.0,0.0,0.0,0,0,0,0
248,Kendry,Páez Andrade,Paez,u,Has joined RC Strasbourg on loan for the rest of the season.,,4.5,504,,0.0,714,,0.0,,,0,0,,0,,0,15,0.0,0.0,0.0,0.0,,,,0.0,0.0,,,,,,,,,,,,,,,,,,,,,,,,,5,0,0,0,0,0,0,0,0,0,0,0,0,0,0,0,0,43,0.0,0.0,0.0,0.0,0.0,0.0,0.0,0.0,0.0,0,0,0,0
249,João Pedro,Junqueira de Jesus,João Pedro,a,,,7.8,18,,67.3,1,,6.0,,,2,0,,3,,67836,73154,0.8,4.5,6.5,6.5,,,,0.0,0.0,,,,,,,,,,,,,,,,,,,,,,,,,5,2,90,0,0,0,2,0,0,0,0,0,0,1,0,7,306595,167598,0.0,0.0,0.03,0.030000000000000027,1.8400000000000003,8.0,15.0,8.0,3.0999999999999943,1,1,1,3
250,Liam,Delap,Delap,i,Hamstring injury - Expected back 22 Nov,,6.3,76,,1.2,170,,0.3,,,0,0,,-2,,52,5595,0.0,0.6,0.0,0.0,,,,0.0,0.0,,,,,,,,,,,,,,,,,,,,,,,,,5,0,0,0,0,0,0,0,0,0,0,0,0,0,0,0,192,31222,0.0,0.0,0.0,0.0,0.0,0.0,0.0,0.0,0.0,0,0,0,0
251,Nicolas,Jackson,N.Jackson,u,has joined Bayern Munich on loan for the rest of the season.,,6.5,60,,0.1,486,,0.0,,,0,0,,0,,0,282,0.0,0.0,0.0,0.0,,,,0.0,0.0,,,,,,,,,,,,,,,,,,,,,,,,,5,0,0,0,0,0,0,0,0,0,0,0,0,0,0,0,0,1052,0.0,0.0,0.0,0.0,0.0,0.0,0.0,0.0,0.0,0,0,0,0
252,Marc,Guiu Paz,Marc Guiu,a,,,4.3,605,,9.4,45,,0.5,,,0,-1,,-2,,23418,54257,0.1,0.5,1.0,1.0,,,,100.0,100.0,,,,,,,,,,,,,,,,,,,,,,,,,5,0,0,0,0,0,0,0,0,0,0,0,0,0,0,0,46809,194127,0.0,0.0,0.0,0.0,0.0,0.0,0.0,0.0,0.0,0,0,0,0
453,Alejandro,Garnacho Ferreyra,Garnacho,a,,,6.4,71,,0.3,298,,0.2,,,0,0,,-1,,823,1982,0.0,0.2,0.7,0.7,,,,0.0,0.0,,,,,,,,,,,,,,,,,,,,,,,,,5,0,0,0,0,0,0,0,0,0,0,0,0,0,0,0,7589,5211,0.0,0.0,0.0,0.0,0.0,0.0,0.0,0.0,0.0,0,0,0,0
672,Jorrel,Hato,Hato,a,,,4.8,381,,0.2,363,,0.0,,,0,0,,-2,,172,650,0.0,0.0,0.5,0.5,,,,0.0,0.0,,,,,,,,,,,,,,,,,,,,,,,,,5,0,0,0,0,0,0,0,0,0,0,0,0,0,0,0,633,2611,0.0,0.0,0.0,0.0,0.0,0.0,0.0,0.0,0.0,0,0,0,0
743,Landon,Emenalo,Emenalo,a,,,4.5,480,,0.0,705,,0.0,,,0,0,,0,,86,66,0.0,0.0,0.0,0.0,,,,0.0,0.0,,,,,,,,,,,,,,,,,,,,,,,,,5,0,0,0,0,0,0,0,0,0,0,0,0,0,0,0,0,0,0.0,0.0,0.0,0.0,0.0,0.0,0.0,0.0,0.0,0,0,0,0
253,Dean,Henderson,Henderson,a,,,5.0,254,,8.0,52,,4.0,,,1,0,,0,,6986,20083,0.8,4.4,3.0,4.0,,,,0.0,0.0,,,,,,,,,,,,,,,,,,,,,,,,,5,1,90,0,0,0,1,0,0,0,1,0,2,1,0,11,42141,44645,0.0,0.0,0.03,0.03,0.6600000000000001,20.0,0.0,0.0,2.0,0,3,7,10
254,Walter,Benítez,Benitez,i,Hand injury - Expected back 05 Oct,,4.0,621,,0.4,280,,0.0,,,0,0,,0,,26,1376,0.0,0.0,0.0,0.0,,,,0.0,0.0,,,,,,,,,,,,,,,,,,,,,,,,,5,0,0,0,0,0,0,0,0,0,0,0,0,0,0,0,588,3541,0.0,0.0,0.0,0.0,0.0,0.0,0.0,0.0,0.0,0,0,0,0
255,Remi,Matthews,Matthews,a,,,4.0,628,,0.1,469,,0.0,,,0,0,,0,,133,129,0.0,0.0,-1.0,0.0,,,,0.0,0.0,,,,,,,,,,,,,,,,,,,,,,,,,5,0,0,0,0,0,0,0,0,0,0,0,0,0,0,0,393,474,0.0,0.0,0.0,0.0,0.0,0.0,0.0,0.0,0.0,0,0,0,0
256,Daniel,Muñoz Mejía,Muñoz,a,,,5.8,108,,16.7,23,,4.7,,,2,1,,3,,124368,14232,0.8,10.3,4.7,4.7,,,,0.0,0.0,,,,,,,,,,,,,,,,,,,,,,,,,5,2,90,0,0,0,1,0,0,0,0,0,0,1,0,7,0,0,0.0,0.18999999999999997,0.11999999999999988,0.31000000000000005,0.6600000000000001,7.200000000000003,17.0,19.0,4.300000000000001,1,2,4,7
257,Maxence,Lacroix,Lacroix,a,,,5.1,237,,4.3,82,,5.5,,,2,0,,1,,10046,22516,1.1,5.9,4.5,5.5,,,,0.0,0.0,,,,,,,,,,,,,,,,,,,,,,,,,5,2,90,0,0,0,1,0,0,0,0,0,0,1,0,7,120893,43237,0.0,0.19999999999999998,0.0,0.2,0.6600000000000001,11.200000000000003,0.1999999999999993,7.0,1.8000000000000007,2,4,3,9
258,Tyrick,Mitchell,Mitchell,a,,,5.0,272,,1.9,131,,5.2,,,8,0,,0,,7496,3238,1.0,6.0,4.2,5.2,,,,0.0,0.0,,,,,,,,,,,,,,,,,,,,,,,,,5,8,90,1,0,0,1,0,0,0,1,0,0,1,1,29,16664,10718,0.0,0.28,0.10000000000000003,0.38,0.6600000000000001,50.19999999999999,40.5,25.0,11.599999999999998,3,2,6,11
259,Borna,Sosa,Sosa,a,,,4.9,331,,0.1,449,,0.0,,,0,0,,-1,,165,365,0.0,0.0,-1.0,0.0,,,,0.0,0.0,,,,,,,,,,,,,,,,,,,,,,,,,5,0,0,0,0,0,0,0,0,0,0,0,0,0,0,0,640,1285,0.0,0.0,0.0,0.0,0.0,0.0,0.0,0.0,0.0,0,0,0,0
260,Marc,Guéhi,Guéhi,a,Knock - 75% chance of playing,,4.7,383,,24.2,14,,7.5,,,7,0,,2,,110822,22074,1.6,7.7,6.5,7.5,,,,0.0,0.0,,,,,,,,,,,,,,,,,,,,,,,,,5,7,90,0,1,0,1,0,0,0,0,0,0,1,0,25,461700,53253,0.0,0.2,0.010000000000000002,0.21,0.6600000000000001,22.0,1.3999999999999986,8.0,3.0999999999999996,5,5,2,12
261,Chris,Richards,Richards,a,,,4.5,426,,2.3,120,,5.0,,,4,0,,0,,20754,12650,1.1,5.8,4.0,5.0,,,,0.0,0.0,,,,,,,,,,,,,,,,,,,,,,,,,5,4,90,0,0,0,1,0,0,0,0,0,0,1,0,20,56339,23368,0.0,0.0,0.0,0.0,0.6600000000000001,32.599999999999994,4.0,0.0,3.700000000000001,4,13,1,18
262,Chadi,Riad Dnanou,Chadi Riad,i,Knee injury - Unknown return date,,4.0,686,,0.0,708,,0.0,,,0,0,,0,,10,21,0.0,0.0,0.0,0.0,,,,0.0,0.0,,,,,,,,,,,,,,,,,,,,,,,,,5,0,0,0,0,0,0,0,0,0,0,0,0,0,0,0,44,59,0.0,0.0,0.0,0.0,0.0,0.0,0.0,0.0,0.0,0,0,0,0
263,Nathaniel,Clyne,Clyne,a,,,4.0,608,,0.5,242,,0.2,,,0,0,,0,,293,1051,0.0,0.2,-0.8,0.2,,,,0.0,0.0,,,,,,,,,,,,,,,,,,,,,,,,,5,0,0,0,0,0,0,0,0,0,0,0,0,0,0,0,1220,4124,0.0,0.0,0.0,0.0,0.0,0.0,0.0,0.0,0.0,0,0,0,0
264,Rob,Holding,Holding,u,Has joined Colorado Rapids permanently.,,4.0,625,,0.0,641,,0.0,,,0,0,,0,,0,49,0.0,0.0,0.0,0.0,,,,0.0,0.0,,,,,,,,,,,,,,,,,,,,,,,,,5,0,0,0,0,0,0,0,0,0,0,0,0,0,0,0,0,190,0.0,0.0,0.0,0.0,0.0,0.0,0.0,0.0,0.0,0,0,0,0
265,Caleb,Kporha,Kporha,d,Back injury - 25% chance of playing,,4.0,714,,0.0,671,,0.0,,,0,0,,0,,9,24,0.0,0.0,-0.2,0.0,,,,25.0,25.0,,,,,,,,,,,,,,,,,,,,,,,,,5,0,0,0,0,0,0,0,0,0,0,0,0,0,0,0,24,107,0.0,0.0,0.0,0.0,0.0,0.0,0.0,0.0,0.0,0,0,0,0
267,Ismaïla,Sarr,Sarr,d,Muscle injury - 75% chance of playing,,6.4,64,,2.7,107,,3.8,,,0,-1,,-1,,1699,25975,0.6,2.8,2.1,0.0,,,,75.0,0.0,,,,,,,,,,,,,,,,,,,,,,,,,5,0,0,0,0,0,0,0,0,0,0,0,0,0,0,0,2602,149067,0.0,0.0,0.0,0.0,0.0,0.0,0.0,0.0,0.0,0,0,0,0
268,Cheick,Doucouré,Doucouré,i,Knee injury - Unknown return date,,4.9,348,,0.0,729,,0.0,,,0,0,,-1,,5,5,0.0,0.0,0.0,0.0,,,,0.0,0.0,,,,,,,,,,,,,,,,,,,,,,,,,5,0,0,0,0,0,0,0,0,0,0,0,0,0,0,0,21,27,0.0,0.0,0.0,0.0,0.0,0.0,0.0,0.0,0.0,0,0,0,0
269,Romain,Esse,Esse,a,,,4.8,382,,0.2,395,,0.2,,,0,-1,,-2,,416,630,0.0,0.2,-0.8,0.2,,,,0.0,0.0,,,,,,,,,,,,,,,,,,,,,,,,,5,0,0,0,0,0,0,0,0,0,0,0,0,0,0,0,869,2230,0.0,0.0,0.0,0.0,0.0,0.0,0.0,0.0,0.0,0,0,0,0
270,Will,Hughes,Hughes,a,,,4.9,312,,0.1,451,,2.0,,,2,0,,-1,,385,428,0.4,2.0,1.0,2.0,,,,100.0,100.0,,,,,,,,,,,,,,,,,,,,,,,,,5,2,64,0,0,0,1,0,0,0,0,0,0,1,0,8,2382,1875,0.0,0.0,0.010000000000000009,0.010000000000000009,0.4500000000000002,10.0,2.799999999999997,2.0,1.5,0,4,2,6
271,Daichi,Kamada,Kamada,a,,,5.0,261,,0.1,437,,2.8,,,2,0,,0,,498,1060,0.6,2.2,1.8,2.8,,,,100.0,100.0,,,,,,,,,,,,,,,,,,,,,,,,,5,2,90,0,0,0,1,0,0,0,0,0,0,1,0,19,5144,3851,0.0,0.25,0.21999999999999997,0.47000000000000003,0.6599999999999999,24.4,41.3,13.0,7.9,4,3,0,7
272,Jefferson,Lerma Solís,Lerma,a,,,5.0,249,,0.1,550,,1.2,,,0,0,,0,,51,208,0.2,1.2,0.2,1.2,,,,0.0,0.0,,,,,,,,,,,,,,,,,,,,,,,,,5,0,25,0,0,0,0,0,0,0,1,0,0,0,0,5,417,656,0.0,0.07999999999999996,0.0,0.08000000000000002,0.21999999999999997,7.0,10.299999999999999,20.0,3.7,0,3,3,6
273,Adam,Wharton,Wharton,a,,,5.0,292,,0.4,271,,2.5,,,7,0,,0,,1185,673,0.5,2.6,1.5,2.5,,,,100.0,100.0,,,,,,,,,,,,,,,,,,,,,,,,,5,7,74,0,1,0,1,0,0,0,0,0,0,1,2,30,2537,5646,0.0,0.04,0.51,0.5499999999999999,0.52,11.200000000000003,43.00000000000001,2.0,5.6,1,2,2,5
274,Asher,Agbinone,Agbinone,a,,,4.5,491,,0.1,574,,0.0,,,0,0,,0,,85,113,0.0,0.0,-1.0,0.0,,,,0.0,0.0,,,,,,,,,,,,,,,,,,,,,,,,,5,0,0,0,0,0,0,0,0,0,0,0,0,0,0,0,340,498,0.0,0.0,0.0,0.0,0.0,0.0,0.0,0.0,0.0,0,0,0,0
275,Naouirou,Ahamada,Ahamada,a,,,4.5,440,,0.0,602,,0.0,,,0,0,,0,,86,118,0.0,0.0,-1.0,0.0,,,,0.0,0.0,,,,,,,,,,,,,,,,,,,,,,,,,5,0,0,0,0,0,0,0,0,0,0,0,0,0,0,0,290,395,0.0,0.0,0.0,0.0,0.0,0.0,0.0,0.0,0.0,0,0,0,0
276,Justin,Devenny,Devenny,a,,,4.5,447,,1.4,159,,1.2,,,1,0,,0,,3217,3860,0.3,1.3,0.2,1.2,,,,0.0,0.0,,,,,,,,,,,,,,,,,,,,,,,,,5,1,45,0,0,0,1,0,0,0,0,0,0,0,0,5,12742,15203,0.0,0.08,0.03999999999999998,0.12,0.44999999999999996,0.0,5.199999999999999,5.0,1.0000000000000009,1,0,4,5
277,Malcolm,Ebiowei,Ebiowei,u,Has joined Blackpool permanently.,,4.5,432,,0.0,726,,0.0,,,0,0,,0,,0,9,0.0,0.0,0.0,0.0,,,,0.0,0.0,,,,,,,,,,,,,,,,,,,,,,,,,5,0,0,0,0,0,0,0,0,0,0,0,0,0,0,0,0,35,0.0,0.0,0.0,0.0,0.0,0.0,0.0,0.0,0.0,0,0,0,0
278,Jesurun,Rak-Sakyi,J.Rak-Sakyi,a,has joined Caykur Rizespor on loan for the rest of the season.,,4.4,554,,0.1,518,,0.0,,,0,0,,-1,,391,292,0.0,0.0,-1.0,0.0,,,,0.0,0.0,,,,,,,,,,,,,,,,,,,,,,,,,5,0,0,0,0,0,0,0,0,0,0,0,0,0,0,0,1965,981,0.0,0.0,0.0,0.0,0.0,0.0,0.0,0.0,0.0,0,0,0,0
279,Matheus,França de Oliveira,M.França,u,Has joined CR Vasco da Gama on loan for the rest of the season.,,4.5,467,,0.0,692,,0.0,,,0,0,,0,,0,39,0.0,0.0,0.0,0.0,,,,0.0,0.0,,,,,,,,,,,,,,,,,,,,,,,,,5,0,0,0,0,0,0,0,0,0,0,0,0,0,0,0,0,97,0.0,0.0,0.0,0.0,0.0,0.0,0.0,0.0,0.0,0,0,0,0
280,David,Ozoh,Ozoh,u,Has joined Derby County on loan for the rest of the season.,,4.5,464,,0.0,736,,0.0,,,0,0,,0,,0,2,0.0,0.0,0.0,0.0,,,,0.0,0.0,,,,,,,,,,,,,,,,,,,,,,,,,5,0,0,0,0,0,0,0,0,0,0,0,0,0,0,0,0,11,0.0,0.0,0.0,0.0,0.0,0.0,0.0,0.0,0.0,0,0,0,0
282,Franco,Umeh-Chibueze,Umeh,a,has joined Portsmouth permanently.,,4.5,483,,0.0,632,,0.0,,,0,0,,0,,48,67,0.0,0.0,-1.0,0.0,,,,0.0,0.0,,,,,,,,,,,,,,,,,,,,,,,,,5,0,0,0,0,0,0,0,0,0,0,0,0,0,0,0,194,240,0.0,0.0,0.0,0.0,0.0,0.0,0.0,0.0,0.0,0,0,0,0
283,Jean-Philippe,Mateta,Mateta,a,,,7.6,22,,11.6,38,,3.8,,,6,0,,1,,18384,80068,0.5,2.1,2.8,3.8,,,,0.0,0.0,,,,,,,,,,,,,,,,,,,,,,,,,5,6,90,1,0,0,1,0,0,0,0,0,0,1,0,28,130827,182307,0.0,0.8399999999999999,0.0,0.8399999999999999,0.6600000000000001,37.19999999999999,3.3,40.0,8.100000000000001,0,3,4,7
284,Eddie,Nketiah,Nketiah,a,Hamstring injury - 50% chance of playing,,5.4,182,,0.2,390,,0.2,,,1,0,,-1,,1104,398,0.0,0.2,-0.8,0.2,,,,100.0,100.0,,,,,,,,,,,,,,,,,,,,,,,,,5,1,15,0,0,0,0,0,0,0,0,0,0,0,0,3,2604,1321,0.0,0.04,0.0,0.04,0.15,3.4,10.4,7.0,2.1,0,1,1,2
285,Odsonne,Édouard,Édouard,u,has joined RC Lens permanently.,,5.0,256,,0.4,282,,0.2,,,0,0,,0,,0,1706,0.0,0.2,0.0,0.0,,,,0.0,0.0,,,,,,,,,,,,,,,,,,,,,,,,,5,0,0,0,0,0,0,0,0,0,0,0,0,0,0,0,0,7479,0.0,0.0,0.0,0.0,0.0,0.0,0.0,0.0,0.0,0,0,0,0
286,Zach,Marsh,Marsh,a,,,4.5,488,,0.3,314,,0.0,,,0,0,,0,,1236,1083,0.0,0.0,-1.0,0.0,,,,0.0,0.0,,,,,,,,,,,,,,,,,,,,,,,,,5,0,0,0,0,0,0,0,0,0,0,0,0,0,0,0,4948,3341,0.0,0.0,0.0,0.0,0.0,0.0,0.0,0.0,0.0,0,0,0,0
690,Rio,Cardines,Cardines,a,Groin Injury - 75% chance of playing,,4.5,494,,0.2,376,,0.0,,,0,0,,0,,57,385,0.0,0.0,-1.0,0.0,,,,0.0,0.0,,,,,,,,,,,,,,,,,,,,,,,,,5,0,0,0,0,0,0,0,0,0,0,0,0,0,0,0,243,1324,0.0,0.0,0.0,0.0,0.0,0.0,0.0,0.0,0.0,0,0,0,0
712,Yéremy,Pino Santos,Yeremy,d,Knee injury - 75% chance of playing,,6.0,91,,0.2,367,,1.7,,,1,0,,0,,224,3611,0.3,0.8,0.5,1.7,,,,75.0,100.0,,,,,,,,,,,,,,,,,,,,,,,,,5,1,45,0,0,0,0,0,0,0,0,0,0,1,0,6,11874,6600,0.0,0.09999999999999998,0.27,0.3699999999999999,0.21999999999999997,5.200000000000001,14.2,11.0,3.0,1,1,0,2
723,Jaydee,Canvot,Canvot,a,,,4.5,513,,0.0,720,,0.0,,,0,0,,0,,39,37,0.0,0.0,-1.0,0.0,,,,0.0,0.0,,,,,,,,,,,,,,,,,,,,,,,,,5,0,0,0,0,0,0,0,0,0,0,0,0,0,0,0,138,94,0.0,0.0,0.0,0.0,0.0,0.0,0.0,0.0,0.0,0,0,0,0
732,Christantus,Uche,Uche,a,,,5.5,171,,0.0,642,,0.5,,,0,0,,0,,136,211,0.1,0.2,-0.5,0.5,,,,0.0,0.0,,,,,,,,,,,,,,,,,,,,,,,,,5,0,0,0,0,0,0,0,0,0,0,0,0,0,0,0,1122,574,0.0,0.0,0.0,0.0,0.0,0.0,0.0,0.0,0.0,0,0,0,0
242,Kiernan,Dewsbury-Hall,Dewsbury-Hall,a,,,5.0,266,,4.9,73,,4.2,,,1,0,,0,,26572,21437,0.8,3.8,4.2,3.2,,,,0.0,0.0,,,,,,,,,,,,,,,,,,,,,,,,,5,1,90,0,0,0,2,0,0,0,1,0,0,1,0,5,67987,66239,0.0,0.19,0.07000000000000006,0.26,0.8999999999999995,8.399999999999991,29.5,13.0,5.100000000000001,2,1,2,5
287,Jordan,Pickford,Pickford,a,,,5.5,133,,11.4,39,,5.8,,,1,0,,0,,15468,18335,1.1,4.5,5.8,4.8,,,,0.0,0.0,,,,,,,,,,,,,,,,,,,,,,,,,5,1,90,0,0,0,2,0,0,0,0,0,1,1,0,3,32020,77710,0.0,0.0,0.03,0.03,0.8999999999999995,13.0,0.0,0.0,1.3000000000000007,0,1,6,7
288,Mark,Travers,Travers,a,,,4.5,419,,0.1,440,,0.0,,,0,0,,0,,111,229,0.0,0.0,0.0,-1.0,,,,0.0,0.0,,,,,,,,,,,,,,,,,,,,,,,,,5,0,0,0,0,0,0,0,0,0,0,0,0,0,0,0,329,854,0.0,0.0,0.0,0.0,0.0,0.0,0.0,0.0,0.0,0,0,0,0
289,Harry,Tyrer,Tyrer,a,,,4.0,652,,0.1,453,,0.0,,,0,0,,0,,111,190,0.0,0.0,0.0,-1.0,,,,0.0,0.0,,,,,,,,,,,,,,,,,,,,,,,,,5,0,0,0,0,0,0,0,0,0,0,0,0,0,0,0,329,577,0.0,0.0,0.0,0.0,0.0,0.0,0.0,0.0,0.0,0,0,0,0
290,Jarrad,Branthwaite,Branthwaite,d,Hamstring injury - 50% chance of playing,,5.3,226,,0.2,345,,0.0,,,0,0,,-2,,61,471,0.0,0.0,0.0,-0.5,,,,50.0,50.0,,,,,,,,,,,,,,,,,,,,,,,,,5,0,0,0,0,0,0,0,0,0,0,0,0,0,0,0,148,2680,0.0,0.0,0.0,0.0,0.0,0.0,0.0,0.0,0.0,0,0,0,0
291,James,Tarkowski,Tarkowski,a,,,5.5,129,,7.2,57,,5.5,,,3,0,,0,,39510,13210,1.0,4.7,5.5,4.5,,,,0.0,0.0,,,,,,,,,,,,,,,,,,,,,,,,,5,3,90,0,0,0,2,0,0,0,0,0,0,1,0,12,66360,54186,0.0,0.0,0.020000000000000004,0.020000000000000018,0.8999999999999995,34.599999999999994,7.800000000000001,0.0,4.199999999999999,3,11,2,16
292,Vitalii,Mykolenko,Mykolenko,a,,,4.9,335,,0.4,286,,0.5,,,1,0,,-1,,1331,978,0.1,0.4,0.5,-0.2,,,,100.0,50.0,,,,,,,,,,,,,,,,,,,,,,,,,5,1,85,0,0,0,2,0,0,0,0,0,0,1,0,0,1453,6569,0.0,0.0,0.16999999999999998,0.16999999999999998,0.8999999999999997,11.799999999999999,11.399999999999999,4.0,2.7,1,5,3,9
293,Jake,O'Brien,O'Brien,a,,,5.0,297,,0.5,239,,3.5,,,1,0,,0,,1505,1231,0.7,3.2,3.5,2.5,,,,0.0,0.0,,,,,,,,,,,,,,,,,,,,,,,,,5,1,90,0,0,0,2,0,0,0,0,0,0,1,0,0,3572,5410,0.0,0.0,0.020000000000000004,0.020000000000000018,0.8999999999999995,5.200000000000003,5.5,0.0,1.0999999999999996,0,1,1,2
294,Séamus,Coleman,Coleman,a,,,4.4,516,,0.1,433,,0.2,,,0,0,,-1,,118,338,0.0,0.2,0.2,-0.8,,,,0.0,0.0,,,,,,,,,,,,,,,,,,,,,,,,,5,0,0,0,0,0,0,0,0,0,0,0,0,0,0,0,443,1313,0.0,0.0,0.0,0.0,0.0,0.0,0.0,0.0,0.0,0,0,0,0
295,Michael,Keane,Keane,a,,,4.5,396,,0.7,204,,4.5,,,1,0,,0,,5986,1920,1.0,4.4,4.5,3.5,,,,0.0,0.0,,,,,,,,,,,,,,,,,,,,,,,,,5,1,90,0,0,0,2,0,0,0,0,0,0,1,0,9,17614,8229,0.0,0.0,0.009999999999999995,0.010000000000000009,0.8999999999999995,15.399999999999991,0.7000000000000011,2.0,1.799999999999999,1,6,7,14
296,Nathan,Patterson,Patterson,a,Foot injury - 50% chance of playing,,4.4,545,,0.0,662,,0.0,,,0,0,,-1,,36,38,0.0,0.0,0.0,-1.0,,,,100.0,100.0,,,,,,,,,,,,,,,,,,,,,,,,,5,0,0,0,0,0,0,0,0,0,0,0,0,0,0,0,143,126,0.0,0.0,0.0,0.0,0.0,0.0,0.0,0.0,0.0,0,0,0,0
297,Roman,Dixon,Dixon,a,,,4.0,679,,0.2,370,,0.0,,,0,0,,0,,165,360,0.0,0.0,0.0,-1.0,,,,0.0,0.0,,,,,,,,,,,,,,,,,,,,,,,,,5,0,0,0,0,0,0,0,0,0,0,0,0,0,0,0,569,1418,0.0,0.0,0.0,0.0,0.0,0.0,0.0,0.0,0.0,0,0,0,0
298,Reece,Welch,Welch,a,,,3.9,728,,0.1,416,,0.0,,,0,0,,-1,,438,263,0.0,0.0,0.0,-1.0,,,,0.0,0.0,,,,,,,,,,,,,,,,,,,,,,,,,5,0,0,0,0,0,0,0,0,0,0,0,0,0,0,0,830,937,0.0,0.0,0.0,0.0,0.0,0.0,0.0,0.0,0.0,0,0,0,0
299,Iliman,Ndiaye,Ndiaye,a,,,6.5,58,,9.0,48,,6.5,,,6,0,,0,,99729,14637,1.0,4.3,6.5,5.5,,,,100.0,100.0,,,,,,,,,,,,,,,,,,,,,,,,,5,6,85,0,1,0,2,0,0,0,1,0,0,1,0,25,139515,81272,0.0,0.0,0.15999999999999998,0.15999999999999992,0.8999999999999995,31.400000000000006,26.099999999999994,2.0,6.0,2,1,9,12
300,Dwight,McNeil,McNeil,a,,,5.7,123,,0.2,397,,0.2,,,0,0,,-3,,220,744,0.0,0.2,0.2,-0.8,,,,0.0,0.0,,,,,,,,,,,,,,,,,,,,,,,,,5,0,0,0,0,0,0,0,0,0,0,0,0,0,0,0,708,3504,0.0,0.0,0.0,0.0,0.0,0.0,0.0,0.0,0.0,0,0,0,0
301,Carlos,Alcaraz Durán,Alcaraz,a,,,5.3,230,,0.1,475,,0.8,,,1,0,,-2,,161,300,0.2,0.8,0.8,-0.2,,,,0.0,0.0,,,,,,,,,,,,,,,,,,,,,,,,,5,1,4,0,0,0,0,0,0,0,0,0,0,0,0,3,477,1704,0.0,0.0,0.0,0.0,0.0,0.0,0.2999999999999998,0.0,0.0,0,0,0,0
302,Idrissa Gana,Gueye,Gana,a,,,5.4,172,,0.1,481,,4.5,,,10,0,,-1,,1624,298,0.8,3.7,4.5,3.5,,,,0.0,0.0,,,,,,,,,,,,,,,,,,,,,,,,,5,10,90,1,0,0,2,0,0,0,0,0,0,1,1,35,2096,1195,0.0,0.25999999999999995,0.01999999999999999,0.28,0.8999999999999995,50.4,6.399999999999999,40.0,9.700000000000001,2,3,7,12
303,James,Garner,Garner,a,,,5.0,270,,0.6,229,,5.8,,,4,0,,0,,11885,2211,1.2,5.0,5.8,4.8,,,,0.0,0.0,,,,,,,,,,,,,,,,,,,,,,,,,5,4,90,0,0,0,2,0,0,0,0,0,0,1,0,17,29366,8526,0.0,0.04000000000000001,0.020000000000000018,0.05999999999999994,0.8999999999999995,16.200000000000017,3.200000000000003,3.0,2.1999999999999993,5,6,7,18
304,Tim,Iroegbunam,Iroegbunam,a,,,4.9,360,,0.0,620,,1.2,,,0,0,,-1,,47,69,0.2,1.4,1.2,0.2,,,,0.0,0.0,,,,,,,,,,,,,,,,,,,,,,,,,5,0,0,0,0,0,0,0,0,0,0,0,0,0,0,0,164,238,0.0,0.0,0.0,0.0,0.0,0.0,0.0,0.0,0.0,0,0,0,0
305,Harrison,Armstrong,Armstrong,u,has joined Preston North End on loan for the rest of the season.,,4.5,503,,0.1,506,,0.2,,,0,0,,0,,0,371,0.0,0.2,0.0,0.0,,,,0.0,0.0,,,,,,,,,,,,,,,,,,,,,,,,,5,0,0,0,0,0,0,0,0,0,0,0,0,0,0,0,0,1562,0.0,0.0,0.0,0.0,0.0,0.0,0.0,0.0,0.0,0,0,0,0
306,Callum,Bates,Bates,a,,,4.5,469,,0.1,519,,0.0,,,0,0,,0,,221,239,0.0,0.0,0.0,-1.0,,,,0.0,0.0,,,,,,,,,,,,,,,,,,,,,,,,,5,0,0,0,0,0,0,0,0,0,0,0,0,0,0,0,730,841,0.0,0.0,0.0,0.0,0.0,0.0,0.0,0.0,0.0,0,0,0,0
307,Coby,Ebere,Ebere,a,,,4.5,458,,0.0,597,,0.0,,,0,0,,0,,79,103,0.0,0.0,0.0,-1.0,,,,0.0,0.0,,,,,,,,,,,,,,,,,,,,,,,,,5,0,0,0,0,0,0,0,0,0,0,0,0,0,0,0,336,374,0.0,0.0,0.0,0.0,0.0,0.0,0.0,0.0,0.0,0,0,0,0
308,Isaac,Heath,Heath,u,has joined Accrington on loan for the rest of the season.,,4.5,454,,0.0,640,,0.0,,,0,0,,0,,0,88,0.0,0.0,0.0,0.0,,,,0.0,0.0,,,,,,,,,,,,,,,,,,,,,,,,,5,0,0,0,0,0,0,0,0,0,0,0,0,0,0,0,0,411,0.0,0.0,0.0,0.0,0.0,0.0,0.0,0.0,0.0,0,0,0,0
309,Jenson,Metcalfe,Metcalfe,u,Has joined Bradford City permanently.,,4.5,450,,0.0,739,,0.0,,,0,0,,0,,0,1,0.0,0.0,0.0,0.0,,,,0.0,0.0,,,,,,,,,,,,,,,,,,,,,,,,,5,0,0,0,0,0,0,0,0,0,0,0,0,0,0,0,0,2,0.0,0.0,0.0,0.0,0.0,0.0,0.0,0.0,0.0,0,0,0,0
310,Thierno,Barry,Barry,a,,,5.8,120,,0.4,265,,1.2,,,1,0,,-2,,906,1533,0.2,1.0,1.2,0.2,,,,0.0,0.0,,,,,,,,,,,,,,,,,,,,,,,,,5,1,45,0,0,0,0,0,0,0,0,0,0,0,0,1,2473,6968,0.0,0.0,0.0,0.0,0.20999999999999996,0.39999999999999947,1.0,0.0,0.10000000000000009,0,0,1,1
311,Norberto Bercique,Gomes Betuncal,Beto,a,,,5.4,200,,5.1,71,,2.5,,,1,0,,-1,,12427,21076,0.5,2.2,2.5,1.5,,,,0.0,0.0,,,,,,,,,,,,,,,,,,,,,,,,,5,1,45,0,0,0,2,0,0,0,0,0,0,1,0,1,49152,80262,0.0,0.19999999999999996,0.0,0.19999999999999996,0.6900000000000004,0.0,0.29999999999999716,8.0,0.5999999999999996,0,0,1,1
312,Youssef,Ramalho Chermiti,Y.Chermiti,u,has joined Rangers permanently.,,4.9,361,,0.1,485,,0.0,,,0,0,,-1,,0,312,0.0,0.0,0.0,0.0,,,,0.0,0.0,,,,,,,,,,,,,,,,,,,,,,,,,5,0,0,0,0,0,0,0,0,0,0,0,0,0,0,0,0,1351,0.0,0.0,0.0,0.0,0.0,0.0,0.0,0.0,0.0,0,0,0,0
313,Martin,Sherif,Sherif,a,has joined Rotherham United on loan for the rest of the season.,,4.4,581,,0.2,353,,0.0,,,0,0,,-1,,534,614,0.0,0.0,0.0,-1.0,,,,0.0,0.0,,,,,,,,,,,,,,,,,,,,,,,,,5,0,0,0,0,0,0,0,0,0,0,0,0,0,0,0,2300,1963,0.0,0.0,0.0,0.0,0.0,0.0,0.0,0.0,0.0,0,0,0,0
419,Jack,Grealish,Grealish,a,,,6.8,47,,22.5,16,,6.0,,,1,0,,3,,107190,54721,0.9,3.7,6.0,5.0,,,,0.0,0.0,,,,,,,,,,,,,,,,,,,,,,,,,5,1,90,0,0,0,2,0,0,0,1,0,0,1,0,16,298519,217729,0.0,0.009999999999999953,0.09999999999999987,0.1100000000000001,0.9000000000000004,19.400000000000006,41.599999999999994,14.0,7.5,2,3,3,8
630,Tom,King,King,a,,,4.0,623,,1.3,167,,0.0,,,0,0,,0,,556,1628,0.0,0.0,0.0,-1.0,,,,0.0,0.0,,,,,,,,,,,,,,,,,,,,,,,,,5,0,0,0,0,0,0,0,0,0,0,0,0,0,0,0,1839,5312,0.0,0.0,0.0,0.0,0.0,0.0,0.0,0.0,0.0,0,0,0,0
667,Adam,Aznou,Aznou,a,,,4.4,567,,0.1,544,,0.0,,,0,0,,-1,,42,131,0.0,0.0,0.0,-1.0,,,,100.0,100.0,,,,,,,,,,,,,,,,,,,,,,,,,5,0,0,0,0,0,0,0,0,0,0,0,0,0,0,0,175,624,0.0,0.0,0.0,0.0,0.0,0.0,0.0,0.0,0.0,0,0,0,0
704,Tyler,Onyango,Onyango,u,has joined Stockport County on loan for the rest of the season.,,4.5,437,,0.1,507,,0.0,,,0,0,,0,,0,336,0.0,0.0,0.0,0.0,,,,0.0,0.0,,,,,,,,,,,,,,,,,,,,,,,,,5,0,0,0,0,0,0,0,0,0,0,0,0,0,0,0,0,1239,0.0,0.0,0.0,0.0,0.0,0.0,0.0,0.0,0.0,0,0,0,0
705,Elijah,Campbell,Campbell,a,,,4.0,674,,0.2,396,,0.0,,,0,0,,0,,198,414,0.0,0.0,0.0,-1.0,,,,0.0,0.0,,,,,,,,,,,,,,,,,,,,,,,,,5,0,0,0,0,0,0,0,0,0,0,0,0,0,0,0,797,1421,0.0,0.0,0.0,0.0,0.0,0.0,0.0,0.0,0.0,0,0,0,0
707,Tyler,Dibling,Dibling,a,,,5.5,165,,0.0,649,,0.3,,,1,0,,0,,76,129,0.1,0.2,0.3,-0.7,,,,0.0,0.0,,,,,,,,,,,,,,,,,,,,,,,,,5,1,4,0,0,0,0,0,0,0,0,0,0,0,0,2,351,554,0.0,0.0,0.0,0.0,0.0,0.0,0.5,0.0,0.0,0,0,0,0
728,Merlin,Röhl,Röhl,d,Hip injury - 75% chance of playing,,5.0,298,,0.0,718,,0.5,,,0,0,,0,,18,59,0.1,0.2,0.4,-0.5,,,,75.0,0.0,,,,,,,,,,,,,,,,,,,,,,,,,5,0,0,0,0,0,0,0,0,0,0,0,0,0,0,0,119,104,0.0,0.0,0.0,0.0,0.0,0.0,0.0,0.0,0.0,0,0,0,0
314,Bernd,Leno,Leno,a,,,5.0,243,,1.6,146,,3.5,,,1,0,,0,,1828,2806,0.7,3.4,3.5,3.5,,,,0.0,0.0,,,,,,,,,,,,,,,,,,,,,,,,,5,1,90,0,0,0,1,0,0,0,1,0,2,1,0,9,9116,8910,0.0,0.0,0.0,0.0,0.5999999999999996,19.200000000000003,0.0,0.0,1.9000000000000004,0,1,6,7
315,Steven,Benda,Benda,u,Has joined Millwall on loan for the rest of the season.,,4.0,645,,0.0,715,,0.0,,,0,0,,0,,0,10,0.0,0.0,0.0,0.0,,,,0.0,0.0,,,,,,,,,,,,,,,,,,,,,,,,,5,0,0,0,0,0,0,0,0,0,0,0,0,0,0,0,0,28,0.0,0.0,0.0,0.0,0.0,0.0,0.0,0.0,0.0,0,0,0,0
316,Antonee,Robinson,Robinson,a,Knee injury - Unknown return date,,5.0,251,,0.8,192,,0.5,,,0,0,,0,,1817,3592,0.1,0.4,0.5,0.5,,,,100.0,100.0,,,,,,,,,,,,,,,,,,,,,,,,,5,0,0,0,0,0,0,0,0,0,0,0,0,0,0,0,8618,10664,0.0,0.0,0.0,0.0,0.0,0.0,0.0,0.0,0.0,0,0,0,0
317,Joachim,Andersen,Andersen,a,,,4.5,406,,3.7,92,,5.2,,,4,0,,0,,26552,11450,1.2,5.1,5.2,5.2,,,,0.0,0.0,,,,,,,,,,,,,,,,,,,,,,,,,5,4,90,0,0,0,1,0,0,0,0,0,0,1,0,15,91143,25038,0.0,0.22,0.010000000000000009,0.22999999999999987,0.5999999999999996,32.400000000000006,0.7999999999999972,11.0,4.399999999999999,2,13,3,18
318,Calvin,Bassey,Bassey,a,,,4.5,421,,0.6,233,,4.0,,,4,0,,0,,1546,726,0.9,3.8,4.0,4.0,,,,0.0,0.0,,,,,,,,,,,,,,,,,,,,,,,,,5,4,90,0,0,0,1,0,0,0,0,0,0,1,0,15,7338,2725,0.0,0.010000000000000009,0.0,0.009999999999999981,0.5999999999999996,29.0,0.7999999999999998,2.0,3.200000000000001,1,9,4,14
319,Timothy,Castagne,Castagne,a,,,4.5,403,,0.1,459,,0.5,,,0,0,,0,,70,392,0.1,0.7,0.5,0.5,,,,0.0,0.0,,,,,,,,,,,,,,,,,,,,,,,,,5,0,0,0,0,0,0,0,0,0,0,0,0,0,0,0,395,1494,0.0,0.0,0.0,0.0,0.0,0.0,0.0,0.0,0.0,0,0,0,0
320,Issa,Diop,Diop,a,,,4.4,535,,0.1,524,,0.0,,,0,0,,-1,,66,152,0.0,0.0,0.0,0.0,,,,0.0,0.0,,,,,,,,,,,,,,,,,,,,,,,,,5,0,0,0,0,0,0,0,0,0,0,0,0,0,0,0,263,587,0.0,0.0,0.0,0.0,0.0,0.0,0.0,0.0,0.0,0,0,0,0
321,Jorge,Cuenca Barreno,J.Cuenca,a,,,4.4,547,,0.0,603,,0.2,,,1,0,,-1,,27,51,0.0,0.7,0.2,0.2,,,,0.0,0.0,,,,,,,,,,,,,,,,,,,,,,,,,5,1,4,0,0,0,0,0,0,0,0,0,0,0,0,6,85,287,0.0,0.0,0.0,0.0,0.050000000000000044,5.0,0.0,0.0,0.5,1,3,0,4
322,Kenny,Tete,Tete,a,,,4.5,404,,0.2,350,,3.2,,,2,0,,0,,372,453,0.7,3.3,3.2,3.2,,,,0.0,0.0,,,,,,,,,,,,,,,,,,,,,,,,,5,2,90,0,0,0,1,0,0,0,0,0,0,1,0,11,2592,1682,0.0,0.0,0.020000000000000018,0.020000000000000018,0.5999999999999996,22.799999999999997,13.7,0.0,3.6999999999999993,3,5,4,12
323,Samuel,Amissah,Amissah,a,,,3.9,737,,0.1,412,,0.0,,,0,-1,,-1,,221,229,0.0,0.0,0.0,0.0,,,,0.0,0.0,,,,,,,,,,,,,,,,,,,,,,,,,5,0,0,0,0,0,0,0,0,0,0,0,0,0,0,0,423,953,0.0,0.0,0.0,0.0,0.0,0.0,0.0,0.0,0.0,0,0,0,0
324,Alex,Iwobi,Iwobi,a,,,6.5,51,,1.6,151,,6.0,,,13,0,,0,,23120,3690,0.9,4.0,6.0,6.0,,,,0.0,0.0,,,,,,,,,,,,,,,,,,,,,,,,,5,13,79,1,1,0,1,0,0,0,0,0,0,1,3,47,33586,18121,0.0,0.18,0.20000000000000007,0.3800000000000001,0.5199999999999996,59.8,38.3,19.0,11.700000000000001,0,0,5,5
325,Emile,Smith Rowe,Smith Rowe,a,,,5.9,105,,0.7,213,,2.2,,,1,0,,-1,,798,3267,0.4,1.7,2.2,2.2,,,,0.0,0.0,,,,,,,,,,,,,,,,,,,,,,,,,5,1,10,0,0,0,0,0,0,0,0,0,0,0,0,4,4346,12774,0.0,0.0,0.0,0.0,0.07999999999999996,2.200000000000003,0.3000000000000007,0.0,0.3000000000000007,1,0,1,2
326,Adama,Traoré Diarra,Adama,a,,,5.3,217,,0.2,375,,0.5,,,0,0,,-2,,249,656,0.1,0.6,0.5,0.5,,,,0.0,0.0,,,,,,,,,,,,,,,,,,,,,,,,,5,0,0,0,0,0,0,0,0,0,0,0,0,0,0,0,729,2484,0.0,0.0,0.0,0.0,0.0,0.0,0.0,0.0,0.0,0,0,0,0
327,Andreas,Hoelgebaum Pereira,Andreas,u,has joined Palmeiras permanently.,,5.3,216,,0.1,467,,0.0,,,0,0,,-2,,0,602,0.0,0.0,0.0,0.0,,,,0.0,0.0,,,,,,,,,,,,,,,,,,,,,,,,,5,0,0,0,0,0,0,0,0,0,0,0,0,0,0,0,0,3337,0.0,0.0,0.0,0.0,0.0,0.0,0.0,0.0,0.0,0,0,0,0
328,Ryan,Sessegnon,Sessegnon,a,,,5.4,179,,0.0,605,,3.0,,,5,0,,-1,,202,119,0.6,2.2,3.0,3.0,,,,100.0,100.0,,,,,,,,,,,,,,,,,,,,,,,,,5,5,90,0,1,0,1,0,0,0,0,0,0,1,0,25,715,570,0.0,0.05,0.010000000000000009,0.06,0.5999999999999996,22.6,5.800000000000004,27.0,5.5,4,4,1,9
329,Harry,Wilson,Wilson,a,,,5.4,176,,0.4,253,,3.0,,,9,0,,-1,,1484,1633,0.6,3.1,3.0,3.0,,,,100.0,100.0,,,,,,,,,,,,,,,,,,,,,,,,,5,9,85,1,0,0,1,0,0,0,0,0,0,1,2,35,2578,9598,0.0,0.26,0.09,0.35,0.5499999999999998,47.6,40.5,28.0,11.599999999999998,3,1,3,7
330,Sander,Berge,Berge,a,,,5.0,259,,0.1,532,,2.5,,,2,0,,0,,99,168,0.5,2.4,2.5,2.5,,,,0.0,0.0,,,,,,,,,,,,,,,,,,,,,,,,,5,2,90,0,0,0,1,0,0,0,0,0,0,1,0,15,457,571,0.0,0.0,0.010000000000000009,0.010000000000000009,0.5999999999999996,12.600000000000001,12.5,2.0,2.6999999999999993,1,4,5,10
331,Tom,Cairney,Cairney,a,,,4.9,308,,0.0,627,,0.5,,,1,0,,-1,,40,69,0.1,0.4,0.5,0.5,,,,0.0,0.0,,,,,,,,,,,,,,,,,,,,,,,,,5,1,4,0,0,0,0,0,0,0,0,0,0,0,0,4,122,244,0.0,0.0,0.0,0.0,0.04999999999999999,0.4,0.30000000000000004,0.0,0.1,0,0,1,1
332,Saša,Lukić,Lukić,a,Suspended until 29 Nov,,5.0,263,,0.1,500,,2.8,,,1,0,,0,,223,292,0.6,2.6,2.8,2.8,,,,0.0,0.0,,,,,,,,,,,,,,,,,,,,,,,,,5,1,85,0,0,0,1,0,0,0,1,0,0,1,0,6,1753,918,0.0,0.08999999999999997,0.25,0.33999999999999986,0.5499999999999998,1.3999999999999986,29.30000000000001,9.0,4.0,1,2,2,5
333,Martial,Godo,Godo,u,has joined Strasbourg permanently.,,4.5,482,,0.0,595,,0.0,,,0,0,,0,,0,150,0.0,0.0,0.0,0.0,,,,0.0,0.0,,,,,,,,,,,,,,,,,,,,,,,,,5,0,0,0,0,0,0,0,0,0,0,0,0,0,0,0,0,656,0.0,0.0,0.0,0.0,0.0,0.0,0.0,0.0,0.0,0,0,0,0
334,Luke,Harris,Harris,u,Has joined Oxford United on loan for the rest of the season.,,4.5,460,,0.0,734,,0.0,,,0,0,,0,,0,3,0.0,0.0,0.0,0.0,,,,0.0,0.0,,,,,,,,,,,,,,,,,,,,,,,,,5,0,0,0,0,0,0,0,0,0,0,0,0,0,0,0,0,17,0.0,0.0,0.0,0.0,0.0,0.0,0.0,0.0,0.0,0,0,0,0
335,Josh,King,King,a,,,4.5,489,,3.7,93,,1.5,,,1,0,,0,,31851,14264,0.3,1.8,1.5,1.5,,,,0.0,0.0,,,,,,,,,,,,,,,,,,,,,,,,,5,1,66,0,0,0,1,0,0,0,1,0,0,1,0,3,104883,40695,0.0,0.08999999999999997,0.01999999999999999,0.10999999999999999,0.4300000000000006,0.0,3.3000000000000043,8.0,0.6000000000000014,1,0,5,6
336,Harrison,Reed,Reed,a,,,4.4,527,,0.3,319,,0.0,,,0,0,,-1,,923,911,0.0,0.0,0.0,0.0,,,,0.0,0.0,,,,,,,,,,,,,,,,,,,,,,,,,5,0,0,0,0,0,0,0,0,0,0,0,0,0,0,0,4305,3332,0.0,0.0,0.0,0.0,0.0,0.0,0.0,0.0,0.0,0,0,0,0
337,Raúl,Jiménez Rodríguez,Raúl,a,,,6.3,74,,1.1,175,,1.0,,,1,0,,-2,,1235,5060,0.2,1.0,1.0,1.0,,,,0.0,0.0,,,,,,,,,,,,,,,,,,,,,,,,,5,1,10,0,0,0,0,0,0,0,0,0,0,0,0,2,6315,20872,0.0,0.0,0.0,0.0,0.07999999999999985,1.2000000000000002,1.3000000000000007,0.0,0.30000000000000027,0,1,0,1
338,Rodrigo,Muniz Carvalho,Muniz,a,Hamstring injury - 75% chance of playing,,5.5,151,,2.5,114,,2.0,,,5,0,,0,,11491,8960,0.4,2.7,2.0,2.0,,,,0.0,0.0,,,,,,,,,,,,,,,,,,,,,,,,,5,5,79,0,1,0,1,0,0,0,0,0,0,1,0,13,41189,33342,0.0,0.12,0.0,0.12,0.5200000000000005,23.4,20.800000000000004,21.0,6.5,1,4,1,6
664,Benjamin,Lecomte,Lecomte,a,,,4.0,615,,0.7,202,,0.0,,,0,0,,0,,308,754,0.0,0.0,0.0,0.0,,,,0.0,0.0,,,,,,,,,,,,,,,,,,,,,,,,,5,0,0,0,0,0,0,0,0,0,0,0,0,0,0,0,1090,2624,0.0,0.0,0.0,0.0,0.0,0.0,0.0,0.0,0.0,0,0,0,0
727,Samuel,Chukwueze,Chukwueze,a,,,5.5,148,,0.0,644,,0.0,,,0,0,,0,,122,243,0.0,0.0,0.0,0.0,,,,0.0,0.0,,,,,,,,,,,,,,,,,,,,,,,,,5,0,0,0,0,0,0,0,0,0,0,0,0,0,0,0,691,731,0.0,0.0,0.0,0.0,0.0,0.0,0.0,0.0,0.0,0,0,0,0
731,Kevin,Santos Lopes de Macedo,Kevin,a,,,6.0,94,,0.1,442,,0.5,,,0,0,,0,,773,1303,0.1,0.2,0.5,0.5,,,,0.0,0.0,,,,,,,,,,,,,,,,,,,,,,,,,5,0,23,0,0,0,0,0,0,0,1,0,0,0,0,2,11401,2395,0.0,0.0,0.0,0.0,0.17,2.1999999999999993,1.1999999999999993,0.0,0.2999999999999998,0,1,2,3
737,Jonah,Kusi-Asare,Kusi-Asare,a,,,4.5,510,,0.0,619,,0.0,,,0,0,,0,,460,257,0.0,0.0,0.0,0.0,,,,0.0,0.0,,,,,,,,,,,,,,,,,,,,,,,,,5,0,0,0,0,0,0,0,0,0,0,0,0,0,0,0,1833,599,0.0,0.0,0.0,0.0,0.0,0.0,0.0,0.0,0.0,0,0,0,0
339,Illan,Meslier,Meslier,a,,,4.4,548,,0.5,243,,0.0,,,0,0,,-1,,265,1308,0.0,0.0,-0.5,-0.5,,,,0.0,0.0,,,,,,,,,,,,,,,,,,,,,,,,,5,0,0,0,0,0,0,0,0,0,0,0,0,0,0,0,863,4722,0.0,0.0,0.0,0.0,0.0,0.0,0.0,0.0,0.0,0,0,0,0
340,Alex,Cairns,Cairns,a,,,4.0,616,,0.2,382,,0.0,,,0,0,,0,,178,279,0.0,0.0,-0.5,-0.5,,,,0.0,0.0,,,,,,,,,,,,,,,,,,,,,,,,,5,0,0,0,0,0,0,0,0,0,0,0,0,0,0,0,472,878,0.0,0.0,0.0,0.0,0.0,0.0,0.0,0.0,0.0,0,0,0,0
341,Karl,Darlow,Darlow,a,,,4.0,609,,2.4,116,,1.5,,,3,0,,0,,6738,2896,0.4,1.5,1.0,1.0,,,,0.0,0.0,,,,,,,,,,,,,,,,,,,,,,,,,5,3,90,0,0,0,1,0,0,0,0,0,5,1,0,23,17165,10934,0.0,0.0,0.0,0.0,1.7799999999999998,39.0,0.0,0.0,3.9000000000000004,0,2,15,17
342,Jayden,Bogle,Bogle,d,Foot injury - 75% chance of playing,,4.5,417,,0.2,374,,2.8,,,4,0,,0,,222,624,0.6,3.8,1.7,2.3,,,,75.0,100.0,,,,,,,,,,,,,,,,,,,,,,,,,5,4,82,0,1,0,1,0,0,0,1,0,0,1,0,6,1178,1422,0.0,0.0,0.0,0.0,1.5099999999999998,10.0,1.299999999999999,0.0,1.0999999999999996,3,5,5,13
343,Pascal,Struijk,Struijk,a,,,4.5,415,,0.4,284,,3.0,,,4,0,,0,,970,755,0.7,4.4,2.5,2.5,,,,0.0,0.0,,,,,,,,,,,,,,,,,,,,,,,,,5,4,90,0,0,0,1,0,0,0,0,0,0,1,0,14,2269,2929,0.0,0.0,0.0,0.0,1.7799999999999994,32.8,0.8000000000000007,0.0,3.4000000000000004,1,13,2,16
344,Jaka,Bijol,Bijol,a,,,4.0,647,,0.1,430,,0.0,,,0,0,,0,,165,1125,0.0,0.0,-0.5,-0.5,,,,100.0,100.0,,,,,,,,,,,,,,,,,,,,,,,,,5,0,0,0,0,0,0,0,0,0,0,0,0,0,0,0,427,2283,0.0,0.0,0.0,0.0,0.0,0.0,0.0,0.0,0.0,0,0,0,0
345,Sebastiaan,Bornauw,Bornauw,a,Knee injury - 75% chance of playing,,3.9,725,,0.1,522,,0.0,,,0,0,,-1,,381,173,0.0,0.0,-0.5,-0.5,,,,100.0,100.0,,,,,,,,,,,,,,,,,,,,,,,,,5,0,0,0,0,0,0,0,0,0,0,0,0,0,0,0,1611,597,0.0,0.0,0.0,0.0,0.0,0.0,0.0,0.0,0.0,0,0,0,0
346,Sam,Byram,Byram,a,,,3.9,720,,0.2,342,,0.2,,,0,0,,-1,,3088,704,0.1,0.3,-0.3,-0.3,,,,0.0,0.0,,,,,,,,,,,,,,,,,,,,,,,,,5,0,0,0,0,0,0,0,0,0,0,0,0,0,0,0,4782,1916,0.0,0.0,0.0,0.0,0.0,0.0,0.0,0.0,0.0,0,0,0,0
347,Gabriel,Gudmundsson,Gudmundsson,a,,,4.0,643,,5.3,66,,3.0,,,4,0,,0,,28300,7254,0.8,5.2,2.5,2.5,,,,100.0,100.0,,,,,,,,,,,,,,,,,,,,,,,,,5,4,90,0,0,0,1,0,0,0,0,0,0,1,0,11,56339,25035,0.0,0.0,0.11999999999999997,0.12,1.7800000000000002,19.999999999999993,6.299999999999997,6.0,3.1999999999999993,0,10,5,15
348,Joe,Rodon,Rodon,a,,,4.0,633,,3.9,87,,3.8,,,2,0,,0,,37803,7619,1.0,5.5,3.3,3.3,,,,100.0,100.0,,,,,,,,,,,,,,,,,,,,,,,,,5,2,90,0,0,0,1,0,0,0,0,0,0,1,0,12,119229,21015,0.0,0.0,0.01,0.01,1.7799999999999994,20.0,0.5999999999999996,0.0,2.0999999999999996,1,8,2,11
349,Isaac,Schmidt,Schmidt,u,has joined Werder Bremen on loan for the rest of the season.,,4.0,676,,0.1,465,,0.0,,,0,0,,0,,0,362,0.0,0.0,0.0,0.0,,,,0.0,0.0,,,,,,,,,,,,,,,,,,,,,,,,,5,0,0,0,0,0,0,0,0,0,0,0,0,0,0,0,0,1710,0.0,0.0,0.0,0.0,0.0,0.0,0.0,0.0,0.0,0,0,0,0
350,Brenden,Aaronson,Aaronson,a,,,5.4,189,,0.1,571,,2.2,,,2,0,,-1,,127,155,0.4,1.9,1.7,1.7,,,,0.0,0.0,,,,,,,,,,,,,,,,,,,,,,,,,5,2,90,0,0,0,1,0,0,0,0,0,0,1,0,9,771,579,0.0,0.04999999999999999,0.19000000000000006,0.24,1.77,3.3999999999999986,5.700000000000003,1.0,1.0,1,2,7,10
351,Wilfried,Gnonto,Gnonto,d,Calf injury - 25% chance of playing,,5.3,227,,0.2,391,,0.8,,,0,0,,-2,,7,1617,0.2,1.1,0.1,0.1,,,,25.0,25.0,,,,,,,,,,,,,,,,,,,,,,,,,5,0,0,0,0,0,0,0,0,0,0,0,0,0,0,0,240,6529,0.0,0.0,0.0,0.0,0.0,0.0,0.0,0.0,0.0,0,0,0,0
352,Jack,Harrison,Harrison,a,,,5.3,221,,0.1,521,,0.8,,,1,0,,-2,,123,275,0.2,0.8,0.3,0.3,,,,0.0,0.0,,,,,,,,,,,,,,,,,,,,,,,,,5,1,20,0,0,0,0,0,0,0,0,0,0,0,0,4,463,1168,0.0,0.0,0.0,0.0,0.5,0.5999999999999996,1.5,0.0,0.19999999999999973,0,0,3,3
353,Daniel,James,James,d,Abdominal injury - 25% chance of playing,,5.3,219,,0.2,349,,1.0,,,0,0,,-2,,10,2008,0.2,1.3,0.1,0.1,,,,25.0,25.0,,,,,,,,,,,,,,,,,,,,,,,,,5,0,0,0,0,0,0,0,0,0,0,0,0,0,0,0,50,9650,0.0,0.0,0.0,0.0,0.0,0.0,0.0,0.0,0.0,0,0,0,0
354,Ethan,Ampadu,Ampadu,a,,,4.9,322,,0.1,566,,2.0,,,4,0,,-1,,533,132,0.4,2.2,1.5,1.5,,,,100.0,100.0,,,,,,,,,,,,,,,,,,,,,,,,,5,4,90,0,0,0,1,0,0,0,0,0,0,1,0,18,1201,377,0.0,0.02,0.010000000000000002,0.03,1.7800000000000002,17.200000000000003,6.1000000000000005,1.0,2.4000000000000004,4,5,6,15
355,Sam,Greenwood,Greenwood,u,has joined Pogon Szczecin permanently.,,4.9,342,,0.1,575,,0.0,,,0,0,,-1,,0,218,0.0,0.0,0.0,0.0,,,,0.0,0.0,,,,,,,,,,,,,,,,,,,,,,,,,5,0,0,0,0,0,0,0,0,0,0,0,0,0,0,0,0,945,0.0,0.0,0.0,0.0,0.0,0.0,0.0,0.0,0.0,0,0,0,0
356,Ilia,Gruev,Gruev,a,,,4.9,359,,0.0,596,,1.5,,,1,0,,-1,,47,86,0.3,1.4,1.0,1.0,,,,0.0,0.0,,,,,,,,,,,,,,,,,,,,,,,,,5,1,1,0,0,0,0,0,0,0,0,0,0,0,0,3,167,350,0.0,0.0,0.0,0.0,0.020000000000000018,0.20000000000000284,0.09999999999999964,0.0,0.0,0,0,0,0
357,Largie,Ramazani,Ramazani,u,has joined Valencia on loan for the rest of the season.,,4.9,346,,0.0,648,,0.0,,,0,0,,-1,,0,70,0.0,0.0,0.0,0.0,,,,0.0,0.0,,,,,,,,,,,,,,,,,,,,,,,,,5,0,0,0,0,0,0,0,0,0,0,0,0,0,0,0,0,372,0.0,0.0,0.0,0.0,0.0,0.0,0.0,0.0,0.0,0,0,0,0
358,Tanaka,Ao,Tanaka,a,,,4.9,341,,0.1,427,,0.5,,,1,0,,-1,,114,415,0.1,1.0,0.0,0.0,,,,100.0,100.0,,,,,,,,,,,,,,,,,,,,,,,,,5,1,7,0,0,0,0,0,0,0,0,0,0,0,0,4,525,1201,0.0,0.0,0.0,0.0,0.28000000000000025,2.0,0.0,0.0,0.19999999999999973,0,2,0,2
359,Charlie,Crew,Crew,u,Has joined Doncaster Rovers on loan for the rest of the season.,,4.5,466,,0.0,717,,0.0,,,0,0,,0,,0,10,0.0,0.0,0.0,0.0,,,,0.0,0.0,,,,,,,,,,,,,,,,,,,,,,,,,5,0,0,0,0,0,0,0,0,0,0,0,0,0,0,0,0,42,0.0,0.0,0.0,0.0,0.0,0.0,0.0,0.0,0.0,0,0,0,0
360,Joe,Gelhardt,Gelhardt,u,Has joined Hull City on loan for the rest of the season.,,4.5,439,,0.0,676,,0.0,,,0,0,,0,,0,58,0.0,0.0,0.0,0.0,,,,0.0,0.0,,,,,,,,,,,,,,,,,,,,,,,,,5,0,0,0,0,0,0,0,0,0,0,0,0,0,0,0,0,181,0.0,0.0,0.0,0.0,0.0,0.0,0.0,0.0,0.0,0,0,0,0
361,Darko,Gyabi,Gyabi,u,has joined Hull City permanently.,,4.5,443,,0.0,582,,0.0,,,0,0,,0,,0,206,0.0,0.0,0.0,0.0,,,,0.0,0.0,,,,,,,,,,,,,,,,,,,,,,,,,5,0,0,0,0,0,0,0,0,0,0,0,0,0,0,0,0,841,0.0,0.0,0.0,0.0,0.0,0.0,0.0,0.0,0.0,0,0,0,0
362,Joël,Piroe,Piroe,a,,,5.3,224,,0.7,215,,0.2,,,0,0,,-2,,491,4026,0.0,0.6,-0.3,-0.3,,,,100.0,100.0,,,,,,,,,,,,,,,,,,,,,,,,,5,0,0,0,0,0,0,0,0,0,0,0,0,0,0,0,1657,17015,0.0,0.0,0.0,0.0,0.0,0.0,0.0,0.0,0.0,0,0,0,0
363,Patrick,Bamford,Bamford,u,has departed the club as a free agent.,,4.9,311,,0.7,212,,0.0,,,0,0,,-1,,0,4075,0.0,0.0,0.0,0.0,,,,0.0,0.0,,,,,,,,,,,,,,,,,,,,,,,,,5,0,0,0,0,0,0,0,0,0,0,0,0,0,0,0,0,16792,0.0,0.0,0.0,0.0,0.0,0.0,0.0,0.0,0.0,0,0,0,0
364,Mateo,Joseph Fernández-Regatillo,Mateo Joseph,u,Has joined RCD Mallorca on loan for the rest of the season.,,5.0,302,,0.0,678,,0.0,,,0,0,,0,,0,25,0.0,0.0,0.0,0.0,,,,0.0,0.0,,,,,,,,,,,,,,,,,,,,,,,,,5,0,0,0,0,0,0,0,0,0,0,0,0,0,0,0,0,88,0.0,0.0,0.0,0.0,0.0,0.0,0.0,0.0,0.0,0,0,0,0
365,Lukas,Nmecha,Nmecha,a,,,5.0,255,,0.8,197,,1.2,,,1,0,,0,,3704,3776,0.2,2.0,0.7,0.7,,,,100.0,100.0,,,,,,,,,,,,,,,,,,,,,,,,,5,1,1,0,0,0,0,0,0,0,0,0,0,0,0,3,15555,10782,0.0,0.0,0.0,0.0,0.020000000000000018,1.0,0.0,0.0,0.09999999999999964,0,1,0,1
493,Sean,Longstaff,Longstaff,a,,,4.9,320,,0.2,380,,2.5,,,2,0,,-1,,903,665,0.5,2.2,2.0,2.0,,,,0.0,0.0,,,,,,,,,,,,,,,,,,,,,,,,,5,2,82,0,0,0,1,0,0,0,0,0,0,1,0,16,3882,2278,0.0,0.07,0.0,0.07,1.5100000000000002,21.200000000000003,3.8000000000000007,7.0,3.2,6,2,3,11
660,Anton,Stach,Stach,a,,,5.0,283,,0.9,187,,5.2,,,15,0,,0,,53009,4797,1.0,5.8,4.7,4.7,,,,0.0,0.0,,,,,,,,,,,,,,,,,,,,,,,,,5,15,90,1,1,0,1,0,0,0,0,0,0,1,3,55,57866,8957,0.0,0.07999999999999996,0.06000000000000005,0.1399999999999999,1.7799999999999994,66.39999999999999,14.099999999999994,13.0,9.399999999999999,3,5,7,15
665,Lucas Estella,Perri,Perri,d,Thigh injury - 50% chance of playing,,4.5,411,,0.3,303,,1.5,,,0,0,,0,,76,1365,0.3,2.7,0.5,0.0,,,,50.0,0.0,,,,,,,,,,,,,,,,,,,,,,,,,5,0,0,0,0,0,0,0,0,0,0,0,0,0,0,0,161,5088,0.0,0.0,0.0,0.0,0.0,0.0,0.0,0.0,0.0,0,0,0,0
691,Dominic,Calvert-Lewin,Calvert-Lewin,a,,,5.5,141,,0.3,290,,3.5,,,11,0,,0,,18040,2086,0.6,2.5,3.0,3.0,,,,100.0,100.0,,,,,,,,,,,,,,,,,,,,,,,,,5,11,90,1,1,0,1,0,0,0,0,0,0,1,2,38,25048,4094,0.0,0.12,0.020000000000000004,0.14000000000000007,1.77,35.4,19.400000000000002,21.0,7.6,1,1,2,4
698,Noah,Okafor,Okafor,a,,,5.5,153,,0.0,594,,2.8,,,8,0,,0,,1761,266,0.5,2.0,2.3,2.3,,,,100.0,100.0,,,,,,,,,,,,,,,,,,,,,,,,,5,8,69,1,0,0,1,0,0,0,0,0,0,1,1,25,2795,575,0.0,0.15000000000000002,0.02,0.16999999999999998,1.28,38.599999999999994,7.799999999999999,23.0,6.9,0,1,4,5
706,James,Justin,Justin,a,,,4.0,635,,0.2,339,,0.7,,,1,0,,0,,527,510,0.2,0.5,0.2,0.2,,,,0.0,0.0,,,,,,,,,,,,,,,,,,,,,,,,,5,1,7,0,0,0,0,0,0,0,0,0,0,0,0,4,1731,1957,0.0,0.0,0.0,0.0,0.28,4.0,0.0,0.0,0.4,0,2,0,2
741,Harry,Gray,Gray,a,,,4.5,498,,0.0,687,,0.0,,,0,0,,0,,1058,118,0.0,0.0,0.6,0.6,,,,0.0,0.0,,,,,,,,,,,,,,,,,,,,,,,,,5,0,0,0,0,0,0,0,0,0,0,0,0,0,0,0,0,0,0.0,0.0,0.0,0.0,0.0,0.0,0.0,0.0,0.0,0,0,0,0
366,Alisson,Becker,A.Becker,a,Muscle injury - 75% chance of playing,,5.5,134,,10.8,40,,4.2,,,2,0,,0,,9130,20894,0.8,3.3,5.2,5.2,,,,0.0,0.0,,,,,,,,,,,,,,,,,,,,,,,,,5,2,90,0,0,0,1,0,0,0,0,0,1,1,0,11,51049,54503,0.0,0.0,0.0,0.0,0.7000000000000002,11.800000000000004,0.0,0.0,1.1999999999999993,0,3,10,13
367,Giorgi,Mamardashvili,Mamardashvili,a,,,4.3,604,,0.3,289,,0.0,,,0,-1,,-2,,297,974,0.0,0.0,1.0,1.0,,,,0.0,0.0,,,,,,,,,,,,,,,,,,,,,,,,,5,0,0,0,0,0,0,0,0,0,0,0,0,0,0,0,687,3037,0.0,0.0,0.0,0.0,0.0,0.0,0.0,0.0,0.0,0,0,0,0
368,Ármin,Pécsi,Pécsi,a,,,4.0,710,,0.1,514,,0.0,,,0,0,,0,,34,112,0.0,0.0,1.0,1.0,,,,0.0,0.0,,,,,,,,,,,,,,,,,,,,,,,,,5,0,0,0,0,0,0,0,0,0,0,0,0,0,0,0,140,417,0.0,0.0,0.0,0.0,0.0,0.0,0.0,0.0,0.0,0,0,0,0
369,Freddie,Woodman,Woodman,a,,,4.0,624,,0.1,499,,0.0,,,0,0,,0,,63,143,0.0,0.0,1.0,1.0,,,,0.0,0.0,,,,,,,,,,,,,,,,,,,,,,,,,5,0,0,0,0,0,0,0,0,0,0,0,0,0,0,0,204,519,0.0,0.0,0.0,0.0,0.0,0.0,0.0,0.0,0.0,0,0,0,0
370,Jeremie,Frimpong,Frimpong,a,Hamstring injury - Unknown return date,,5.9,107,,8.7,50,,1.0,,,0,0,,-1,,5113,31492,0.2,0.8,2.0,2.0,,,,100.0,100.0,,,,,,,,,,,,,,,,,,,,,,,,,5,0,0,0,0,0,0,0,0,0,0,0,0,0,0,0,50475,70041,0.0,0.0,0.0,0.0,0.0,0.0,0.0,0.0,0.0,0,0,0,0
371,Milos,Kerkez,Kerkez,a,,,5.9,113,,5.2,67,,2.8,,,4,0,,-1,,4241,13500,0.5,1.9,3.8,3.8,,,,0.0,0.0,,,,,,,,,,,,,,,,,,,,,,,,,5,4,90,0,0,0,1,0,0,0,0,0,0,1,0,15,13585,87381,0.0,0.0,0.04000000000000001,0.039999999999999994,0.6999999999999997,24.200000000000003,17.4,2.0,4.4,2,8,1,11
372,Andrew,Robertson,Robertson,a,,,5.9,98,,1.1,180,,0.2,,,0,0,,-1,,546,2706,0.0,0.2,1.2,1.2,,,,0.0,0.0,,,,,,,,,,,,,,,,,,,,,,,,,5,0,0,0,0,0,0,0,0,0,0,0,0,0,0,0,3592,8116,0.0,0.0,0.0,0.0,0.0,0.0,0.0,0.0,0.0,0,0,0,0
373,Virgil,van Dijk,Virgil,a,,,6.1,83,,29.8,9,,5.8,,,4,0,,1,,55179,34328,1.0,4.3,6.8,6.8,,,,0.0,0.0,,,,,,,,,,,,,,,,,,,,,,,,,5,4,90,0,0,0,1,0,0,0,0,0,0,1,0,14,245211,81678,0.0,0.0,0.010000000000000009,0.010000000000000009,0.7000000000000002,22.599999999999994,1.1999999999999993,2.0,2.6000000000000014,0,10,3,13
374,Ibrahima,Konaté,Konaté,a,,,5.5,144,,3.4,98,,4.8,,,4,0,,0,,11608,6566,0.9,3.6,5.8,5.8,,,,0.0,0.0,,,,,,,,,,,,,,,,,,,,,,,,,5,4,90,0,0,0,1,0,0,0,0,0,0,1,0,9,54112,20045,0.0,0.040000000000000036,0.0,0.039999999999999925,0.6999999999999997,27.400000000000006,0.6999999999999993,5.0,3.3000000000000007,2,9,2,13
375,Conor,Bradley,Bradley,a,,,5.0,290,,0.1,446,,0.5,,,2,0,,0,,705,429,0.1,0.4,1.5,1.5,,,,100.0,100.0,,,,,,,,,,,,,,,,,,,,,,,,,5,2,90,0,0,0,1,0,0,0,0,0,0,1,0,6,1473,1681,0.0,0.039999999999999994,0.04000000000000001,0.08,0.7,5.399999999999999,3.6999999999999993,5.0,1.4,1,4,1,6
376,Joe,Gomez,Gomez,a,,,5.0,252,,0.1,431,,0.2,,,0,0,,0,,161,458,0.0,0.4,1.2,1.2,,,,100.0,100.0,,,,,,,,,,,,,,,,,,,,,,,,,5,0,0,0,0,0,0,0,0,0,0,0,0,0,0,0,533,1340,0.0,0.0,0.0,0.0,0.0,0.0,0.0,0.0,0.0,0,0,0,0
377,Konstantinos,Tsimikas,Tsimikas,a,has joined AS Roma on loan for the rest of the season.,,4.8,378,,0.1,491,,0.0,,,0,0,,-2,,94,334,0.0,0.0,1.0,1.0,,,,0.0,0.0,,,,,,,,,,,,,,,,,,,,,,,,,5,0,0,0,0,0,0,0,0,0,0,0,0,0,0,0,270,1009,0.0,0.0,0.0,0.0,0.0,0.0,0.0,0.0,0.0,0,0,0,0
378,Amara,Nallo,Nallo,a,,,3.9,741,,0.2,402,,0.0,,,0,0,,-1,,97,402,0.0,0.0,1.0,1.0,,,,0.0,0.0,,,,,,,,,,,,,,,,,,,,,,,,,5,0,0,0,0,0,0,0,0,0,0,0,0,0,0,0,626,1477,0.0,0.0,0.0,0.0,0.0,0.0,0.0,0.0,0.0,0,0,0,0
379,Rhys,Williams,R.Williams,a,,,3.9,722,,0.2,366,,0.0,,,0,0,,-1,,176,479,0.0,0.0,1.0,1.0,,,,0.0,0.0,,,,,,,,,,,,,,,,,,,,,,,,,5,0,0,0,0,0,0,0,0,0,0,0,0,0,0,0,1159,1825,0.0,0.0,0.0,0.0,0.0,0.0,0.0,0.0,0.0,0,0,0,0
380,Calvin,Ramsay,Ramsay,a,,,3.9,729,,0.2,347,,0.0,,,0,0,,-1,,187,591,0.0,0.0,1.0,1.0,,,,0.0,0.0,,,,,,,,,,,,,,,,,,,,,,,,,5,0,0,0,0,0,0,0,0,0,0,0,0,0,0,0,1415,2153,0.0,0.0,0.0,0.0,0.0,0.0,0.0,0.0,0.0,0,0,0,0
381,Mohamed,Salah,M.Salah,a,,,14.5,1,,52.3,2,,5.5,,,5,0,,0,,36279,186122,0.4,2.1,6.5,6.5,,,,0.0,0.0,,,,,,,,,,,,,,,,,,,,,,,,,5,5,90,0,1,0,1,0,0,0,0,0,0,1,0,14,156968,314202,0.0,0.11999999999999988,0.18999999999999995,0.30999999999999983,0.7000000000000002,21.599999999999994,16.700000000000003,27.0,6.5,0,2,2,4
382,Florian,Wirtz,Wirtz,a,,,8.3,12,,14.9,25,,2.0,,,0,0,,-2,,4407,194645,0.2,1.2,3.0,3.0,,,,0.0,0.0,,,,,,,,,,,,,,,,,,,,,,,,,5,0,29,0,0,0,0,0,0,0,1,0,0,0,0,-2,31877,483879,0.0,0.0,0.030000000000000027,0.030000000000000027,0.040000000000000036,1.4000000000000057,11.299999999999997,4.0,1.6999999999999993,0,0,0,0
383,Luis,Díaz Marulanda,Luis Díaz,u,Has joined Bayern Munch permanently.,,8.0,15,,0.1,572,,0.0,,,0,0,,0,,0,55,0.0,0.0,0.0,0.0,,,,0.0,0.0,,,,,,,,,,,,,,,,,,,,,,,,,5,0,0,0,0,0,0,0,0,0,0,0,0,0,0,0,0,185,0.0,0.0,0.0,0.0,0.0,0.0,0.0,0.0,0.0,0,0,0,0
384,Cody,Gakpo,Gakpo,a,,,7.7,20,,17.4,22,,4.5,,,2,0,,2,,26350,141514,0.6,3.2,5.5,5.5,,,,0.0,0.0,,,,,,,,,,,,,,,,,,,,,,,,,5,2,60,0,0,0,1,0,0,0,0,0,0,1,0,10,149673,295301,0.0,0.07999999999999996,0.09999999999999998,0.17999999999999994,0.6600000000000001,9.200000000000003,25.80000000000001,10.0,4.5,1,4,2,7
385,Federico,Chiesa,Chiesa,a,,,6.5,56,,0.3,308,,0.8,,,0,0,,0,,146,1530,0.1,1.4,1.8,1.8,,,,0.0,0.0,,,,,,,,,,,,,,,,,,,,,,,,,5,0,0,0,0,0,0,0,0,0,0,0,0,0,0,0,740,3985,0.0,0.0,0.0,0.0,0.0,0.0,0.0,0.0,0.0,0,0,0,0
386,Alexis,Mac Allister,Mac Allister,a,,,6.4,65,,1.4,158,,1.5,,,2,0,,-1,,1431,5259,0.2,1.7,2.5,2.5,,,,100.0,100.0,,,,,,,,,,,,,,,,,,,,,,,,,5,2,60,0,0,0,1,0,0,0,0,0,0,1,0,13,5915,17030,0.0,0.09999999999999999,0.04999999999999999,0.15000000000000002,0.6600000000000001,4.600000000000001,3.8000000000000043,5.0,1.3000000000000007,1,1,5,7
387,Dominik,Szoboszlai,Szoboszlai,a,,,6.5,57,,3.9,86,,4.8,,,1,0,,0,,20514,21851,0.7,3.2,5.8,5.8,,,,0.0,0.0,,,,,,,,,,,,,,,,,,,,,,,,,5,1,90,0,0,0,1,0,0,0,1,0,0,1,0,10,106632,50504,0.0,0.06999999999999995,0.03,0.09999999999999998,0.7000000000000002,11.399999999999991,22.4,14.0,4.800000000000001,1,2,7,10
388,Curtis,Jones,C.Jones,a,,,5.4,183,,0.1,516,,1.8,,,1,0,,-1,,150,210,0.3,1.5,2.8,2.8,,,,100.0,100.0,,,,,,,,,,,,,,,,,,,,,,,,,5,1,29,0,0,0,0,0,0,0,0,0,0,0,0,9,244,1429,0.0,0.0,0.039999999999999994,0.039999999999999994,0.040000000000000036,9.2,4.699999999999999,0.0,1.4000000000000004,2,2,3,7
390,Ryan,Gravenberch,Gravenberch,a,,,5.5,156,,1.9,134,,6.8,,,15,0,,0,,119954,6427,1.2,4.9,7.8,7.8,,,,100.0,100.0,,,,,,,,,,,,,,,,,,,,,,,,,5,15,90,1,1,0,1,0,0,0,0,0,0,1,3,48,143701,13922,0.0,0.12999999999999998,0.19,0.32,0.7,67.4,18.5,17.0,10.3,5,2,7,14
392,Endo,Wataru,Endo,a,,,4.9,316,,0.1,471,,0.2,,,0,0,,-1,,123,417,0.0,1.0,1.2,1.2,,,,0.0,0.0,,,,,,,,,,,,,,,,,,,,,,,,,5,0,0,0,0,0,0,0,0,0,0,0,0,0,0,0,445,1229,0.0,0.0,0.0,0.0,0.0,0.0,0.0,0.0,0.0,0,0,0,0
393,Stefan,Bajčetić Maquieira,Bajcetic,i,Hamstring injury - Unknown return date,,4.4,579,,0.1,570,,0.0,,,0,0,,-1,,24,260,0.0,0.0,0.0,0.0,,,,0.0,0.0,,,,,,,,,,,,,,,,,,,,,,,,,5,0,0,0,0,0,0,0,0,0,0,0,0,0,0,0,65,879,0.0,0.0,0.0,0.0,0.0,0.0,0.0,0.0,0.0,0,0,0,0
394,James,McConnell,McConnell,a,has joined Ajax on loan for the rest of the season.,,4.4,564,,0.0,606,,0.0,,,0,0,,-1,,105,121,0.0,0.0,1.0,1.0,,,,0.0,0.0,,,,,,,,,,,,,,,,,,,,,,,,,5,0,0,0,0,0,0,0,0,0,0,0,0,0,0,0,381,385,0.0,0.0,0.0,0.0,0.0,0.0,0.0,0.0,0.0,0,0,0,0
395,Tyler,Morton,Morton,u,Has joined Lyon permanently.,,4.5,429,,0.0,731,,0.0,,,0,0,,0,,0,4,0.0,0.0,0.0,0.0,,,,0.0,0.0,,,,,,,,,,,,,,,,,,,,,,,,,5,0,0,0,0,0,0,0,0,0,0,0,0,0,0,0,0,15,0.0,0.0,0.0,0.0,0.0,0.0,0.0,0.0,0.0,0,0,0,0
396,Trey,Nyoni,Nyoni,a,,,4.4,592,,0.2,355,,0.0,,,0,0,,-1,,245,772,0.0,0.0,1.0,1.0,,,,0.0,0.0,,,,,,,,,,,,,,,,,,,,,,,,,5,0,0,0,0,0,0,0,0,0,0,0,0,0,0,0,1190,2688,0.0,0.0,0.0,0.0,0.0,0.0,0.0,0.0,0.0,0,0,0,0
397,Darwin,Núñez Ribeiro,Darwin,u,Has joined Al-Hilal permanently.,,6.5,59,,0.1,513,,0.0,,,0,0,,0,,0,100,0.0,0.0,0.0,0.0,,,,0.0,0.0,,,,,,,,,,,,,,,,,,,,,,,,,5,0,0,0,0,0,0,0,0,0,0,0,0,0,0,0,0,349,0.0,0.0,0.0,0.0,0.0,0.0,0.0,0.0,0.0,0,0,0,0
398,Jayden,Danns,Danns,a,Hamstring injury - Unknown return date,,4.4,569,,0.1,424,,0.0,,,0,0,,-1,,244,373,0.0,0.0,1.0,1.0,,,,0.0,0.0,,,,,,,,,,,,,,,,,,,,,,,,,5,0,0,0,0,0,0,0,0,0,0,0,0,0,0,0,947,1207,0.0,0.0,0.0,0.0,0.0,0.0,0.0,0.0,0.0,0,0,0,0
499,Alexander,Isak,Isak,a,,,10.5,3,,9.7,43,,0.2,,,1,0,,0,,23446,73082,0.0,0.1,1.2,1.2,,,,100.0,100.0,,,,,,,,,,,,,,,,,,,,,,,,,5,1,23,0,0,0,0,0,0,0,0,0,0,0,0,5,236590,145738,0.0,0.0,0.01,0.01,0.04,2.4,0.3,4.0,0.7,1,0,2,3
661,Hugo,Ekitiké,Ekitiké,a,,,8.7,9,,28.0,10,,5.2,,,8,-1,,2,,92388,76707,0.6,3.7,6.2,6.2,,,,0.0,0.0,,,,,,,,,,,,,,,,,,,,,,,,,5,8,66,1,0,0,1,0,0,0,0,0,0,1,2,39,176972,438365,0.0,0.32000000000000006,0.06,0.3799999999999999,0.6600000000000001,52.400000000000006,2.0,23.0,7.699999999999999,2,5,4,11
686,Rio,Ngumoha,Ngumoha,a,,,4.5,505,,0.6,224,,1.8,,,0,0,,0,,4970,3769,0.4,1.6,2.8,2.8,,,,0.0,0.0,,,,,,,,,,,,,,,,,,,,,,,,,5,0,0,0,0,0,0,0,0,0,0,0,0,0,0,0,23537,10529,0.0,0.0,0.0,0.0,0.0,0.0,0.0,0.0,0.0,0,0,0,0
692,Giovanni,Leoni,Leoni,a,Knee injury - Expected back 01 Sep,,5.0,307,,0.0,659,,0.0,,,0,0,,0,,30,72,0.0,0.0,1.0,1.0,,,,0.0,0.0,,,,,,,,,,,,,,,,,,,,,,,,,5,0,0,0,0,0,0,0,0,0,0,0,0,0,0,0,104,242,0.0,0.0,0.0,0.0,0.0,0.0,0.0,0.0,0.0,0,0,0,0
746,Kieran,Morrison,Morrison,a,,,4.5,473,,0.0,735,,0.0,,,0,0,,0,,60,38,0.0,0.0,0.5,0.0,,,,0.0,0.0,,,,,,,,,,,,,,,,,,,,,,,,,5,0,0,0,0,0,0,0,0,0,0,0,0,0,0,0,0,0,0.0,0.0,0.0,0.0,0.0,0.0,0.0,0.0,0.0,0,0,0,0
182,James,Trafford,Trafford,a,,,4.9,345,,1.7,142,,1.0,,,0,0,,-1,,473,10606,0.2,2.2,2.0,1.0,,,,0.0,0.0,,,,,,,,,,,,,,,,,,,,,,,,,5,0,0,0,0,0,0,0,0,0,0,0,0,0,0,0,1120,40154,0.0,0.0,0.0,0.0,0.0,0.0,0.0,0.0,0.0,0,0,0,0
399,Ederson,Santana de Moraes,Ederson M.,u,has joined Fenerbache permanently.,,5.3,215,,1.3,168,,0.0,,,0,0,,-2,,0,5244,0.0,0.0,0.0,0.0,,,,0.0,0.0,,,,,,,,,,,,,,,,,,,,,,,,,5,0,0,0,0,0,0,0,0,0,0,0,0,0,0,0,0,23910,0.0,0.0,0.0,0.0,0.0,0.0,0.0,0.0,0.0,0,0,0,0
400,Stefan,Ortega Moreno,Ortega Moreno,a,,,4.9,309,,0.2,369,,0.0,,,0,0,,-1,,24,363,0.0,0.0,1.0,0.0,,,,0.0,0.0,,,,,,,,,,,,,,,,,,,,,,,,,5,0,0,0,0,0,0,0,0,0,0,0,0,0,0,0,111,1354,0.0,0.0,0.0,0.0,0.0,0.0,0.0,0.0,0.0,0,0,0,0
401,Marcus,Bettinelli,Bettinelli,a,,,4.0,622,,0.1,447,,0.0,,,0,0,,0,,109,193,0.0,0.0,1.0,0.0,,,,100.0,100.0,,,,,,,,,,,,,,,,,,,,,,,,,5,0,0,0,0,0,0,0,0,0,0,0,0,0,0,0,343,618,0.0,0.0,0.0,0.0,0.0,0.0,0.0,0.0,0.0,0,0,0,0
402,Rayan,Aït-Nouri,Aït-Nouri,d,Knock - 25% chance of playing,,5.9,110,,9.0,47,,0.2,,,0,0,,-1,,197,69324,0.0,1.7,0.3,0.1,,,,25.0,25.0,,,,,,,,,,,,,,,,,,,,,,,,,5,0,0,0,0,0,0,0,0,0,0,0,0,0,0,0,443,383818,0.0,0.0,0.0,0.0,0.0,0.0,0.0,0.0,0.0,0,0,0,0
403,Joško,Gvardiol,Gvardiol,a,,,5.8,118,,3.6,94,,2.5,,,4,0,,-2,,35196,5096,0.4,1.7,3.5,2.5,,,,100.0,100.0,,,,,,,,,,,,,,,,,,,,,,,,,5,4,90,0,0,0,1,0,0,0,0,0,0,1,0,16,63289,15150,0.0,0.0,0.0,0.0,0.9600000000000002,30.000000000000004,0.30000000000000004,0.0,3.0,2,12,6,20
404,Manuel,Akanji,Akanji,u,has joined Inter Milan on loan for the rest of the season.,,5.4,184,,0.4,278,,0.0,,,0,0,,-1,,0,1721,0.0,0.0,0.0,0.0,,,,0.0,0.0,,,,,,,,,,,,,,,,,,,,,,,,,5,0,0,0,0,0,0,0,0,0,0,0,0,0,0,0,0,7781,0.0,0.0,0.0,0.0,0.0,0.0,0.0,0.0,0.0,0,0,0,0
405,Nathan,Aké,Aké,a,,,5.4,174,,0.7,217,,0.8,,,1,0,,-1,,795,1353,0.1,0.6,1.8,0.8,,,,0.0,0.0,,,,,,,,,,,,,,,,,,,,,,,,,5,1,22,0,0,0,1,0,0,0,0,0,0,0,0,1,2063,5770,0.0,0.0,0.03,0.02999999999999997,0.22999999999999998,3.0,0.5,0.0,0.3999999999999999,0,2,0,2
406,Abdukodir,Khusanov,Khusanov,d,Knock - 75% chance of playing,,5.4,212,,0.5,247,,2.5,,,1,0,,-1,,4967,1609,0.5,2.0,2.6,2.5,,,,75.0,100.0,,,,,,,,,,,,,,,,,,,,,,,,,5,1,45,0,0,0,0,0,0,0,0,0,0,1,0,4,13953,3487,0.0,0.0,0.0,0.0,0.3500000000000001,4.799999999999997,0.7999999999999998,0.0,0.5999999999999996,0,3,3,6
407,Matheus,Nunes,Matheus N.,a,,,5.3,225,,0.3,311,,0.8,,,1,0,,-2,,651,854,0.2,0.8,1.8,0.8,,,,0.0,0.0,,,,,,,,,,,,,,,,,,,,,,,,,5,1,45,0,0,0,1,0,0,0,0,0,0,0,0,5,1066,4400,0.0,0.0,0.0,0.0,0.6099999999999999,11.6,0.7999999999999998,0.0,1.1999999999999997,1,6,2,9
408,Rúben,dos Santos Gato Alves Dias,Rúben,a,,,5.5,140,,4.1,83,,2.5,,,2,0,,0,,16769,6375,0.5,2.9,3.5,2.5,,,,0.0,0.0,,,,,,,,,,,,,,,,,,,,,,,,,5,2,90,0,0,0,1,0,0,0,0,0,0,1,0,5,29656,24995,0.0,0.0,0.0,0.0,0.96,9.000000000000007,0.7000000000000002,0.0,1.0,0,6,1,7
409,John,Stones,Stones,a,,,5.5,131,,0.8,195,,0.8,,,1,0,,0,,50,3695,0.1,1.6,1.8,0.4,,,,100.0,50.0,,,,,,,,,,,,,,,,,,,,,,,,,5,1,3,0,0,0,1,0,0,0,0,0,0,0,0,-1,109,18301,0.0,0.0,0.0,0.0,0.16000000000000014,0.0,0.0,2.0,0.20000000000000018,0,0,0,0
410,Rico,Lewis,Lewis,a,,,5.0,285,,2.7,108,,0.5,,,0,0,,0,,1642,14493,0.1,2.6,1.5,0.5,,,,100.0,100.0,,,,,,,,,,,,,,,,,,,,,,,,,5,0,0,0,0,0,0,0,0,0,0,0,0,0,0,0,3640,53125,0.0,0.0,0.0,0.0,0.0,0.0,0.0,0.0,0.0,0,0,0,0
411,Nico,O'Reilly,O’Reilly,a,,,4.9,356,,0.2,352,,3.2,,,6,0,,-1,,6505,799,0.7,2.7,4.2,3.2,,,,100.0,100.0,,,,,,,,,,,,,,,,,,,,,,,,,5,6,86,0,0,1,0,0,0,0,0,0,0,1,0,19,10704,1882,0.0,0.0,0.0,0.0,0.7999999999999998,15.399999999999999,0.6999999999999993,0.0,1.6000000000000005,2,7,2,11
412,Vitor,de Oliveira Nunes dos Reis,Vitor Reis,u,Has joined Girona on loan for the rest of the season.,,5.0,306,,0.0,716,,0.0,,,0,0,,0,,0,7,0.0,0.0,0.0,0.0,,,,0.0,0.0,,,,,,,,,,,,,,,,,,,,,,,,,5,0,0,0,0,0,0,0,0,0,0,0,0,0,0,0,0,33,0.0,0.0,0.0,0.0,0.0,0.0,0.0,0.0,0.0,0,0,0,0
413,Omar,Marmoush,Marmoush,d,Knee injury - 25% chance of playing,,8.3,11,,3.4,97,,2.0,,,0,0,,-2,,193,21391,0.2,1.1,0.8,0.5,,,,25.0,25.0,,,,,,,,,,,,,,,,,,,,,,,,,5,0,0,0,0,0,0,0,0,0,0,0,0,0,0,0,354,134365,0.0,0.0,0.0,0.0,0.0,0.0,0.0,0.0,0.0,0,0,0,0
414,Phil,Foden,Foden,a,,,8.0,14,,3.2,100,,4.0,,,3,0,,0,,75322,11694,0.5,2.0,5.0,4.0,,,,100.0,100.0,,,,,,,,,,,,,,,,,,,,,,,,,5,3,67,0,0,1,0,0,0,0,0,0,0,1,0,10,179061,25377,0.0,0.0,0.009999999999999995,0.010000000000000009,0.7199999999999998,6.0,1.8000000000000007,0.0,0.8000000000000007,2,4,2,8
415,Sávio,Moreira de Oliveira,Savinho,a,,,6.9,46,,0.4,264,,0.5,,,1,0,,-1,,606,631,0.1,0.3,1.5,0.5,,,,100.0,100.0,,,,,,,,,,,,,,,,,,,,,,,,,5,1,3,0,0,0,1,0,0,0,0,0,0,0,0,1,1564,2334,0.0,0.0,0.0,0.0,0.15999999999999992,0.0,0.8,0.0,0.0,0,0,1,1
416,Bernardo,Mota Veiga de Carvalho e Silva,Bernardo,a,,,6.4,62,,0.6,221,,2.5,,,1,0,,-1,,2016,1726,0.4,2.0,3.5,2.5,,,,0.0,0.0,,,,,,,,,,,,,,,,,,,,,,,,,5,1,90,0,0,0,1,0,0,0,1,0,0,1,0,10,5501,6688,0.0,0.0,0.020000000000000018,0.020000000000000018,0.96,13.800000000000004,12.299999999999997,2.0,2.8000000000000007,1,4,6,11
417,Rayan,Cherki,Cherki,i,Thigh injury - Expected back 26 Oct,,6.3,77,,2.6,110,,0.2,,,0,-1,,-2,,43,17711,0.0,1.1,0.0,0.0,,,,0.0,0.0,,,,,,,,,,,,,,,,,,,,,,,,,5,0,0,0,0,0,0,0,0,0,0,0,0,0,0,0,115,95045,0.0,0.0,0.0,0.0,0.0,0.0,0.0,0.0,0.0,0,0,0,0
418,Jérémy,Doku,Doku,a,,,6.4,67,,2.4,117,,3.8,,,3,0,,-1,,64654,6679,0.6,2.8,4.8,3.8,,,,0.0,0.0,,,,,,,,,,,,,,,,,,,,,,,,,5,3,86,0,0,1,0,0,0,0,0,0,0,1,0,12,166039,19545,0.0,0.25,0.020000000000000018,0.27,0.7999999999999998,14.600000000000001,21.900000000000006,11.0,4.800000000000001,4,0,5,9
420,İlkay,Gündoğan,Gündoğan,u,has joined Galatasaray permanently.,,6.3,73,,0.1,496,,0.0,,,0,0,,-2,,0,364,0.0,0.0,0.0,0.0,,,,0.0,0.0,,,,,,,,,,,,,,,,,,,,,,,,,5,0,0,0,0,0,0,0,0,0,0,0,0,0,0,0,0,1782,0.0,0.0,0.0,0.0,0.0,0.0,0.0,0.0,0.0,0,0,0,0
421,Rodrigo 'Rodri',Hernandez Cascante,Rodrigo,a,Muscle injury - 25% chance of playing,,6.4,63,,0.7,207,,2.5,,,4,0,,-1,,2501,1782,0.4,1.6,3.5,2.5,,,,100.0,100.0,,,,,,,,,,,,,,,,,,,,,,,,,5,4,90,0,0,0,1,0,0,0,0,0,0,1,0,19,7263,6506,0.0,0.06000000000000001,0.009999999999999981,0.06999999999999995,0.96,22.599999999999998,5.199999999999996,1.0,2.9000000000000004,2,11,3,16
422,Mateo,Kovačić,Kovačić,i,Achilles injury - Unknown return date,,5.9,96,,0.0,701,,0.0,,,0,0,,-1,,5,13,0.0,0.0,0.0,0.0,,,,0.0,0.0,,,,,,,,,,,,,,,,,,,,,,,,,5,0,0,0,0,0,0,0,0,0,0,0,0,0,0,0,35,85,0.0,0.0,0.0,0.0,0.0,0.0,0.0,0.0,0.0,0,0,0,0
423,Nico,González Iglesias,N.Gonzalez,a,,,6.0,89,,0.1,490,,0.8,,,1,0,,0,,302,380,0.1,1.0,1.8,0.8,,,,0.0,0.0,,,,,,,,,,,,,,,,,,,,,,,,,5,1,14,0,0,0,1,0,0,0,0,0,0,0,0,2,768,1307,0.0,0.0,0.0,0.0,0.17999999999999972,1.8000000000000043,0.5,0.0,0.20000000000000018,0,1,1,2
424,Oscar,Bobb,Bobb,a,,,5.5,161,,0.5,249,,1.2,,,0,0,,0,,407,3497,0.2,2.0,2.2,1.2,,,,0.0,0.0,,,,,,,,,,,,,,,,,,,,,,,,,5,0,0,0,0,0,0,0,0,0,0,0,0,0,0,0,1624,14199,0.0,0.0,0.0,0.0,0.0,0.0,0.0,0.0,0.0,0,0,0,0
425,Claudio,Echeverri,Echeverri,u,Has joined Bayer Leverkusen on loan for the rest of the season.,,5.4,210,,0.0,679,,0.0,,,0,0,,-1,,0,27,0.0,0.0,0.0,0.0,,,,0.0,0.0,,,,,,,,,,,,,,,,,,,,,,,,,5,0,0,0,0,0,0,0,0,0,0,0,0,0,0,0,0,120,0.0,0.0,0.0,0.0,0.0,0.0,0.0,0.0,0.0,0,0,0,0
427,Tijjani,Reijnders,Reijnders,a,,,5.6,126,,30.6,8,,4.0,,,9,-1,,1,,122554,49612,0.7,4.6,5.0,4.0,,,,0.0,0.0,,,,,,,,,,,,,,,,,,,,,,,,,5,9,90,0,1,0,1,0,0,0,0,0,0,1,2,26,208902,293589,0.0,0.06000000000000005,0.03999999999999998,0.09999999999999998,0.96,31.200000000000003,21.799999999999997,17.0,7.0,0,5,7,12
428,Sverre,Nypan,Nypan,u,Has joined Middlesbrough on loan for the rest of the season.,,5.0,303,,0.0,673,,0.0,,,0,0,,0,,0,25,0.0,0.0,0.0,0.0,,,,0.0,0.0,,,,,,,,,,,,,,,,,,,,,,,,,5,0,0,0,0,0,0,0,0,0,0,0,0,0,0,0,0,101,0.0,0.0,0.0,0.0,0.0,0.0,0.0,0.0,0.0,0,0,0,0
429,Kalvin,Phillips,Phillips,a,,,4.9,314,,0.1,545,,0.0,,,0,0,,-1,,96,187,0.0,0.0,1.0,0.0,,,,0.0,0.0,,,,,,,,,,,,,,,,,,,,,,,,,5,0,0,0,0,0,0,0,0,0,0,0,0,0,0,0,278,558,0.0,0.0,0.0,0.0,0.0,0.0,0.0,0.0,0.0,0,0,0,0
430,Erling,Haaland,Haaland,a,,,14.2,2,,40.8,4,,8.2,,,9,0,,2,,390255,3811,0.6,3.2,9.2,8.2,,,,0.0,0.0,,,,,,,,,,,,,,,,,,,,,,,,,5,9,75,1,0,1,0,0,0,0,0,0,0,1,3,32,734338,57106,0.0,0.5199999999999996,0.010000000000000009,0.5300000000000002,0.7700000000000005,35.400000000000006,2.099999999999998,34.0,7.200000000000003,0,2,3,5
736,Gianluigi,Donnarumma,Donnarumma,a,,,5.5,145,,4.7,77,,3.5,,,1,0,,0,,177491,7804,0.6,1.3,4.5,3.5,,,,0.0,0.0,,,,,,,,,,,,,,,,,,,,,,,,,5,1,90,0,0,0,1,0,0,0,1,0,2,1,0,7,311976,21732,0.0,0.0,0.0,0.0,0.9600000000000002,15.6,0.0,0.0,1.6,0,4,4,8
739,Divine,Mukasa,Mukasa,a,,,4.5,495,,0.0,694,,0.0,,,0,0,,0,,193,70,0.0,0.0,1.0,0.0,,,,0.0,0.0,,,,,,,,,,,,,,,,,,,,,,,,,5,0,0,0,0,0,0,0,0,0,0,0,0,0,0,0,672,157,0.0,0.0,0.0,0.0,0.0,0.0,0.0,0.0,0.0,0,0,0,0
740,Stephen,Mfuni,Mfuni,a,,,4.0,704,,0.0,690,,0.0,,,0,0,,0,,145,67,0.0,0.0,1.0,0.0,,,,0.0,0.0,,,,,,,,,,,,,,,,,,,,,,,,,5,0,0,0,0,0,0,0,0,0,0,0,0,0,0,0,499,114,0.0,0.0,0.0,0.0,0.0,0.0,0.0,0.0,0.0,0,0,0,0
742,Ryan,McAidoo,McAidoo,a,,,4.5,482,,0.0,708,,0.0,,,0,0,,0,,67,62,0.0,0.0,0.5,0.0,,,,0.0,0.0,,,,,,,,,,,,,,,,,,,,,,,,,5,0,0,0,0,0,0,0,0,0,0,0,0,0,0,0,0,0,0.0,0.0,0.0,0.0,0.0,0.0,0.0,0.0,0.0,0,0,0,0
119,Bryan,Mbeumo,Mbeumo,a,,,8.1,13,,15.3,24,,4.2,,,3,0,,1,,41522,47663,0.5,2.3,4.2,3.7,,,,0.0,0.0,,,,,,,,,,,,,,,,,,,,,,,,,5,3,69,0,0,1,0,0,0,0,0,0,0,1,0,7,112071,202811,0.0,0.09000000000000008,0.08000000000000007,0.16999999999999993,0.1299999999999999,2.799999999999997,11.099999999999994,22.0,3.6000000000000014,0,1,1,2
431,Altay,Bayındır,Bayindir,a,,,5.0,278,,0.4,263,,1.8,,,2,0,,0,,1186,889,0.4,1.8,1.8,1.3,,,,0.0,0.0,,,,,,,,,,,,,,,,,,,,,,,,,5,2,90,0,0,0,1,0,0,0,0,0,0,1,0,4,1611,4103,0.0,0.0,0.0,0.0,0.4299999999999997,3.799999999999997,0.0,0.0,0.40000000000000036,0,3,2,5
432,André,Onana,Onana,u,has joined Trabzonspor on loan for the rest of the season.,,4.9,324,,0.2,360,,0.0,,,0,0,,-1,,0,782,0.0,0.0,0.0,0.0,,,,0.0,0.0,,,,,,,,,,,,,,,,,,,,,,,,,5,0,0,0,0,0,0,0,0,0,0,0,0,0,0,0,0,3320,0.0,0.0,0.0,0.0,0.0,0.0,0.0,0.0,0.0,0,0,0,0
433,Elyh,Harrison,Harrison,u,On loan to Shrewsbury Town,,4.0,712,,0.0,733,,0.0,,,0,0,,0,,0,2,0.0,0.0,0.0,0.0,,,,0.0,0.0,,,,,,,,,,,,,,,,,,,,,,,,,5,0,0,0,0,0,0,0,0,0,0,0,0,0,0,0,0,17,0.0,0.0,0.0,0.0,0.0,0.0,0.0,0.0,0.0,0,0,0,0
434,Tom,Heaton,Heaton,a,,,4.0,606,,0.3,310,,0.0,,,0,0,,0,,184,354,0.0,0.0,0.0,-0.5,,,,0.0,0.0,,,,,,,,,,,,,,,,,,,,,,,,,5,0,0,0,0,0,0,0,0,0,0,0,0,0,0,0,618,1208,0.0,0.0,0.0,0.0,0.0,0.0,0.0,0.0,0.0,0,0,0,0
435,Dermot,Mee,Mee,a,,,4.0,656,,0.1,472,,0.0,,,0,0,,0,,57,133,0.0,0.0,0.0,-0.5,,,,0.0,0.0,,,,,,,,,,,,,,,,,,,,,,,,,5,0,0,0,0,0,0,0,0,0,0,0,0,0,0,0,195,460,0.0,0.0,0.0,0.0,0.0,0.0,0.0,0.0,0.0,0,0,0,0
436,Matthijs,de Ligt,De Ligt,a,,,5.0,260,,2.7,106,,2.8,,,2,0,,0,,5657,5341,0.6,3.0,2.8,2.3,,,,0.0,0.0,,,,,,,,,,,,,,,,,,,,,,,,,5,2,90,0,0,0,1,0,0,0,0,0,0,1,0,20,9793,30726,0.0,0.0,0.38,0.38,0.4299999999999997,27.0,23.3,0.0,5.0,2,7,4,13
437,Lisandro,Martínez,Martinez,i,Knee injury - Unknown return date,,4.9,333,,0.1,502,,0.0,,,0,0,,-1,,17,202,0.0,0.0,0.0,0.0,,,,0.0,0.0,,,,,,,,,,,,,,,,,,,,,,,,,5,0,0,0,0,0,0,0,0,0,0,0,0,0,0,0,65,653,0.0,0.0,0.0,0.0,0.0,0.0,0.0,0.0,0.0,0,0,0,0
438,Noussair,Mazraoui,Mazraoui,a,,,4.9,338,,0.2,336,,2.2,,,7,0,,-1,,2697,431,0.4,1.8,2.2,1.7,,,,100.0,100.0,,,,,,,,,,,,,,,,,,,,,,,,,5,7,64,0,0,1,0,0,0,0,0,0,0,1,1,28,4416,1661,0.0,0.0,0.1,0.1,0.13000000000000012,18.0,11.2,0.0,2.9000000000000004,4,1,6,11
439,Diego,León Blanco,D.Leon,a,,,4.4,601,,0.1,560,,0.0,,,0,0,,-1,,34,134,0.0,0.0,0.0,-0.5,,,,0.0,0.0,,,,,,,,,,,,,,,,,,,,,,,,,5,0,0,0,0,0,0,0,0,0,0,0,0,0,0,0,86,508,0.0,0.0,0.0,0.0,0.0,0.0,0.0,0.0,0.0,0,0,0,0
440,Diogo,Dalot Teixeira,Dalot,i,Muscle injury - Unknown return date,,4.4,534,,1.1,181,,1.2,,,0,0,,-1,,43,7008,0.3,1.4,0.0,0.0,,,,0.0,0.0,,,,,,,,,,,,,,,,,,,,,,,,,5,0,0,0,0,0,0,0,0,0,0,0,0,0,0,0,125,34623,0.0,0.0,0.0,0.0,0.0,0.0,0.0,0.0,0.0,0,0,0,0
441,Patrick,Dorgu,Dorgu,a,,,4.5,497,,5.4,65,,2.0,,,5,0,,0,,8763,16654,0.4,2.0,2.0,1.5,,,,0.0,0.0,,,,,,,,,,,,,,,,,,,,,,,,,5,5,90,0,1,0,1,0,0,0,0,0,0,1,0,22,13848,83603,0.0,0.0,0.39,0.39,0.4299999999999997,36.0,26.799999999999997,10.0,7.300000000000001,4,3,4,11
442,Harry,Maguire,Maguire,a,Hamstring injury - 75% chance of playing,,4.4,519,,0.6,220,,3.2,,,11,0,,-1,,3928,894,0.7,3.2,3.2,2.7,,,,0.0,0.0,,,,,,,,,,,,,,,,,,,,,,,,,5,11,69,0,1,1,0,0,0,0,0,0,0,1,2,34,5545,5658,0.0,0.10999999999999999,0.01,0.12,0.1299999999999999,19.200000000000003,10.799999999999999,6.0,3.5999999999999996,1,2,2,5
443,Luke,Shaw,Shaw,a,,,4.5,397,,0.3,307,,1.5,,,2,0,,0,,931,543,0.3,1.8,1.5,1.0,,,,0.0,0.0,,,,,,,,,,,,,,,,,,,,,,,,,5,2,90,0,0,0,1,0,0,0,0,0,0,1,0,12,1788,3200,0.0,0.08,0.009999999999999995,0.09,0.4300000000000006,14.200000000000003,2.1999999999999993,5.0,2.0999999999999996,3,5,6,14
444,Leny,Yoro,Yoro,a,,,4.5,472,,2.2,122,,2.2,,,1,0,,0,,1843,6861,0.5,2.9,2.2,1.7,,,,0.0,0.0,,,,,,,,,,,,,,,,,,,,,,,,,5,1,20,0,0,0,1,0,0,0,0,0,0,0,0,-2,6376,27290,0.0,0.0,0.0,0.0,0.2999999999999998,0.0,0.0,0.0,0.0,0,0,2,2
445,Harry,Amass,Amass,u,has joined Sheffield Wednesday on loan for the rest of the season.,,4.0,709,,0.1,464,,0.0,,,0,0,,0,,0,351,0.0,0.0,0.0,0.0,,,,0.0,0.0,,,,,,,,,,,,,,,,,,,,,,,,,5,0,0,0,0,0,0,0,0,0,0,0,0,0,0,0,0,1506,0.0,0.0,0.0,0.0,0.0,0.0,0.0,0.0,0.0,0,0,0,0
446,Tyler,Fredricson,Fredricson,a,,,3.9,731,,0.1,438,,0.0,,,0,0,,-1,,186,311,0.0,0.0,0.0,-0.5,,,,0.0,0.0,,,,,,,,,,,,,,,,,,,,,,,,,5,0,0,0,0,0,0,0,0,0,0,0,0,0,0,0,1733,1105,0.0,0.0,0.0,0.0,0.0,0.0,0.0,0.0,0.0,0,0,0,0
447,Ayden,Heaven,Heaven,a,,,3.9,738,,1.2,172,,0.2,,,0,0,,-1,,4459,2859,0.1,0.3,0.2,-0.3,,,,0.0,0.0,,,,,,,,,,,,,,,,,,,,,,,,,5,0,0,0,0,0,0,0,0,0,0,0,0,0,0,0,14121,10183,0.0,0.0,0.0,0.0,0.0,0.0,0.0,0.0,0.0,0,0,0,0
448,Tyrell,Malacia,Malacia,a,,,3.9,723,,0.4,279,,0.0,,,0,0,,-1,,1028,1104,0.0,0.0,0.0,-0.5,,,,0.0,0.0,,,,,,,,,,,,,,,,,,,,,,,,,5,0,0,0,0,0,0,0,0,0,0,0,0,0,0,0,8454,3923,0.0,0.0,0.0,0.0,0.0,0.0,0.0,0.0,0.0,0,0,0,0
449,Bruno,Borges Fernandes,B.Fernandes,a,,,9.0,6,,18.8,21,,6.0,,,10,0,,0,,93348,41659,0.7,2.9,6.0,5.5,,,,0.0,0.0,,,,,,,,,,,,,,,,,,,,,,,,,5,10,86,1,0,0,1,0,0,0,0,0,0,1,3,36,120484,285294,0.0,0.8200000000000001,0.07999999999999996,0.9000000000000004,0.3200000000000003,42.8,17.80000000000001,46.0,10.700000000000003,2,0,6,8
450,Matheus,Santos Carneiro da Cunha,Cunha,a,,,8.0,16,,4.4,79,,1.0,,,1,0,,0,,8441,12895,0.1,0.8,1.0,0.5,,,,100.0,100.0,,,,,,,,,,,,,,,,,,,,,,,,,5,1,26,0,0,0,1,0,0,0,0,0,0,0,0,7,15259,139527,0.0,0.0,0.03,0.030000000000000027,0.30000000000000027,4.199999999999996,4.300000000000004,2.0,1.0999999999999979,0,1,3,4
451,Marcus,Rashford,Rashford,u,Has joined Barcelona on loan for the rest of the season,,7.0,34,,0.0,655,,0.0,,,0,0,,0,,0,11,0.0,0.0,0.0,0.0,,,,0.0,0.0,,,,,,,,,,,,,,,,,,,,,,,,,5,0,0,0,0,0,0,0,0,0,0,0,0,0,0,0,0,81,0.0,0.0,0.0,0.0,0.0,0.0,0.0,0.0,0.0,0,0,0,0
452,Amad,Diallo,Amad,a,,,6.3,78,,1.7,144,,2.5,,,2,0,,-2,,2491,6804,0.4,1.7,2.5,2.0,,,,0.0,0.0,,,,,,,,,,,,,,,,,,,,,,,,,5,2,90,0,0,0,1,0,0,0,0,0,0,1,0,8,6854,29186,0.0,0.38,0.050000000000000044,0.42999999999999994,0.4300000000000006,9.199999999999996,7.900000000000006,12.0,2.900000000000002,2,3,6,11
454,Antony,dos Santos,Antony,u,has joined Real Betis permanently.,,5.9,112,,0.1,517,,0.0,,,0,0,,-1,,0,229,0.0,0.0,0.0,0.0,,,,0.0,0.0,,,,,,,,,,,,,,,,,,,,,,,,,5,0,0,0,0,0,0,0,0,0,0,0,0,0,0,0,0,814,0.0,0.0,0.0,0.0,0.0,0.0,0.0,0.0,0.0,0,0,0,0
455,Mason,Mount,Mount,a,,,5.9,101,,0.2,362,,1.2,,,1,0,,-1,,481,505,0.2,1.2,1.2,0.7,,,,100.0,100.0,,,,,,,,,,,,,,,,,,,,,,,,,5,1,21,0,0,0,1,0,0,0,0,0,0,0,0,3,891,3753,0.0,0.0,0.0,0.0,0.30000000000000027,0.6000000000000014,0.09999999999999432,0.0,0.09999999999999964,0,0,1,1
457,Carlos Henrique,Casimiro,Casemiro,s,Suspended until 04 Oct,,5.5,130,,0.2,348,,2.2,,,3,0,,0,,430,1686,0.4,2.0,0.0,1.7,,,,0.0,0.0,,,,,,,,,,,,,,,,,,,,,,,,,5,3,49,1,0,0,1,0,0,0,0,1,0,1,0,16,1450,3822,0.0,0.35,0.010000000000000009,0.36,0.03000000000000025,29.8,12.3,35.0,7.699999999999999,0,0,3,3
458,Kobbie,Mainoo,Mainoo,a,Knock - 75% chance of playing,,4.9,365,,0.5,244,,0.8,,,1,0,,-1,,820,1645,0.2,0.6,0.8,0.3,,,,0.0,0.0,,,,,,,,,,,,,,,,,,,,,,,,,5,1,3,0,0,0,0,0,0,0,0,0,0,0,0,3,3009,5812,0.0,0.0,0.0,0.0,0.10000000000000009,1.0,0.29999999999999716,0.0,0.09999999999999964,0,1,0,1
459,Manuel,Ugarte Ribeiro,Ugarte,a,,,4.9,339,,0.1,418,,1.5,,,1,0,,-1,,529,536,0.3,1.4,1.5,1.0,,,,0.0,0.0,,,,,,,,,,,,,,,,,,,,,,,,,5,1,45,0,0,0,1,0,0,0,0,0,0,0,0,8,1637,1713,0.0,0.0,0.0,0.0,0.33999999999999986,12.0,0.5,0.0,1.2999999999999998,3,3,1,7
460,Toby,Collyer,Collyer,u,Has joined West Bromwich Albion on loan for the rest of the season.,,4.5,448,,0.0,587,,0.0,,,0,0,,0,,0,118,0.0,0.0,0.0,0.0,,,,0.0,0.0,,,,,,,,,,,,,,,,,,,,,,,,,5,0,0,0,0,0,0,0,0,0,0,0,0,0,0,0,0,558,0.0,0.0,0.0,0.0,0.0,0.0,0.0,0.0,0.0,0,0,0,0
461,Jayce,Fitzgerald,Fitzgerald,a,,,4.4,587,,0.0,607,,0.0,,,0,0,,-1,,123,82,0.0,0.0,0.0,-0.5,,,,0.0,0.0,,,,,,,,,,,,,,,,,,,,,,,,,5,0,0,0,0,0,0,0,0,0,0,0,0,0,0,0,260,274,0.0,0.0,0.0,0.0,0.0,0.0,0.0,0.0,0.0,0,0,0,0
462,Jack,Fletcher,J.Fletcher,a,,,4.4,582,,0.1,567,,0.0,,,0,0,,-1,,100,150,0.0,0.0,0.0,-0.5,,,,0.0,0.0,,,,,,,,,,,,,,,,,,,,,,,,,5,0,0,0,0,0,0,0,0,0,0,0,0,0,0,0,469,536,0.0,0.0,0.0,0.0,0.0,0.0,0.0,0.0,0.0,0,0,0,0
463,Sékou,Koné,Kone,a,,,4.4,599,,0.1,503,,0.0,,,0,0,,-1,,260,268,0.0,0.0,0.0,-0.5,,,,0.0,0.0,,,,,,,,,,,,,,,,,,,,,,,,,5,0,0,0,0,0,0,0,0,0,0,0,0,0,0,0,1069,758,0.0,0.0,0.0,0.0,0.0,0.0,0.0,0.0,0.0,0,0,0,0
464,Jack,Moorhouse,Moorhouse,a,has joined Leyton Orient on loan for the rest of the season.,,4.5,476,,0.0,631,,0.0,,,0,0,,0,,96,87,0.0,0.0,0.0,-0.5,,,,100.0,100.0,,,,,,,,,,,,,,,,,,,,,,,,,5,0,0,0,0,0,0,0,0,0,0,0,0,0,0,0,205,237,0.0,0.0,0.0,0.0,0.0,0.0,0.0,0.0,0.0,0,0,0,0
465,Rasmus,Højlund,Højlund,u,has joined Napoli on loan for the rest of the season.,,6.3,79,,0.3,293,,0.0,,,0,0,,-2,,0,948,0.0,0.0,0.0,0.0,,,,0.0,0.0,,,,,,,,,,,,,,,,,,,,,,,,,5,0,0,0,0,0,0,0,0,0,0,0,0,0,0,0,0,4069,0.0,0.0,0.0,0.0,0.0,0.0,0.0,0.0,0.0,0,0,0,0
466,Joshua,Zirkzee,Zirkzee,a,,,5.9,111,,0.4,274,,0.5,,,0,0,,-1,,749,1630,0.1,0.3,0.5,0.0,,,,100.0,100.0,,,,,,,,,,,,,,,,,,,,,,,,,5,0,0,0,0,0,0,0,0,0,0,0,0,0,0,0,2780,4692,0.0,0.0,0.0,0.0,0.0,0.0,0.0,0.0,0.0,0,0,0,0
467,Chido,Obi,Obi,a,,,4.4,594,,1.5,156,,0.0,,,0,0,,-1,,1452,4070,0.0,0.0,0.0,-0.5,,,,0.0,0.0,,,,,,,,,,,,,,,,,,,,,,,,,5,0,0,0,0,0,0,0,0,0,0,0,0,0,0,0,6997,13448,0.0,0.0,0.0,0.0,0.0,0.0,0.0,0.0,0.0,0,0,0,0
468,Ethan,Wheatley,Wheatley,a,has joined Northampton Town on loan for the rest of the season.,,4.5,485,,0.1,426,,0.0,,,0,0,,0,,347,366,0.0,0.0,0.0,-0.5,,,,100.0,100.0,,,,,,,,,,,,,,,,,,,,,,,,,5,0,0,0,0,0,0,0,0,0,0,0,0,0,0,0,1109,1112,0.0,0.0,0.0,0.0,0.0,0.0,0.0,0.0,0.0,0,0,0,0
681,Benjamin,Sesko,Šeško,a,Knee injury - 75% chance of playing,,7.3,29,,4.7,78,,1.2,,,1,0,,-2,,4814,21369,0.2,0.8,1.2,0.7,,,,0.0,0.0,,,,,,,,,,,,,,,,,,,,,,,,,5,1,45,0,0,0,0,0,0,0,0,0,0,1,0,2,15757,91868,0.0,0.0,0.009999999999999995,0.010000000000000009,0.08000000000000007,0.20000000000000018,1.3000000000000007,2.0,0.40000000000000036,0,1,0,1
733,Senne,Lammens,Lammens,a,,,5.0,280,,0.1,456,,0.0,,,0,0,,0,,627,739,0.0,0.0,0.0,-0.5,,,,0.0,0.0,,,,,,,,,,,,,,,,,,,,,,,,,5,0,0,0,0,0,0,0,0,0,0,0,0,0,0,0,2541,1613,0.0,0.0,0.0,0.0,0.0,0.0,0.0,0.0,0.0,0,0,0,0
52,Jacob,Ramsey,J.Ramsey,i,Ankle injury - Expected back 18 Oct,,5.4,187,,0.3,323,,0.5,,,0,0,,-1,,14,1518,0.1,0.4,0.0,0.0,,,,0.0,0.0,,,,,,,,,,,,,,,,,,,,,,,,,5,0,0,0,0,0,0,0,0,0,0,0,0,0,0,0,49,8205,0.0,0.0,0.0,0.0,0.0,0.0,0.0,0.0,0.0,0,0,0,0
135,Yoane,Wissa,Wissa,i,Knee injury - Expected back 18 Oct,,7.4,26,,0.8,198,,0.0,,,0,-1,,-1,,89,4841,0.0,0.0,0.0,0.0,,,,0.0,0.0,,,,,,,,,,,,,,,,,,,,,,,,,5,0,0,0,0,0,0,0,0,0,0,0,0,0,0,0,357,30576,0.0,0.0,0.0,0.0,0.0,0.0,0.0,0.0,0.0,0,0,0,0
469,Nick,Pope,Pope,a,,,5.0,246,,6.2,62,,5.8,,,6,0,,0,,32681,12300,1.2,6.4,5.8,6.3,,,,0.0,0.0,,,,,,,,,,,,,,,,,,,,,,,,,5,6,90,0,0,1,0,0,0,0,0,0,2,1,0,26,67384,37957,0.0,0.0,0.0,0.0,0.56,14.800000000000011,0.0,0.0,1.5000000000000009,0,1,11,12
471,Mark,Gillespie,Gillespie,a,,,4.0,613,,0.1,409,,0.0,,,0,0,,0,,112,178,0.0,0.0,0.0,0.5,,,,0.0,0.0,,,,,,,,,,,,,,,,,,,,,,,,,5,0,0,0,0,0,0,0,0,0,0,0,0,0,0,0,403,660,0.0,0.0,0.0,0.0,0.0,0.0,0.0,0.0,0.0,0,0,0,0
472,Odysseas,Vlachodimos,Odysseas,u,Has joined Sevilla on loan for the rest of the season.,,4.0,620,,0.0,651,,0.0,,,0,0,,0,,0,37,0.0,0.0,0.0,0.0,,,,0.0,0.0,,,,,,,,,,,,,,,,,,,,,,,,,5,0,0,0,0,0,0,0,0,0,0,0,0,0,0,0,0,127,0.0,0.0,0.0,0.0,0.0,0.0,0.0,0.0,0.0,0,0,0,0
473,Lewis,Hall,Hall,a,,,5.4,201,,1.3,164,,2.2,,,7,0,,-1,,1521,3272,0.4,1.7,2.2,2.7,,,,0.0,0.0,,,,,,,,,,,,,,,,,,,,,,,,,5,7,90,0,0,1,0,0,0,0,0,0,0,1,1,27,4653,19341,0.0,0.0,0.05,0.049999999999999996,0.56,18.4,2.6,4.0,2.5,4,1,7,12
474,Fabian,Schär,Schär,d,Head injury - 25% chance of playing,,5.5,135,,2.5,112,,3.8,,,0,0,,0,,96,24478,0.7,4.2,0.9,1.1,,,,25.0,25.0,,,,,,,,,,,,,,,,,,,,,,,,,5,0,0,0,0,0,0,0,0,0,0,0,0,0,0,0,10994,63981,0.0,0.0,0.0,0.0,0.0,0.0,0.0,0.0,0.0,0,0,0,0
475,Sven,Botman,Botman,a,,,4.9,332,,0.5,251,,4.2,,,8,0,,-1,,1092,869,0.9,3.5,4.2,4.7,,,,0.0,0.0,,,,,,,,,,,,,,,,,,,,,,,,,5,8,90,0,0,1,0,0,0,0,0,0,0,1,2,28,3156,3944,0.0,0.0,0.0,0.0,0.5599999999999999,24.8,0.3,0.0,2.5,0,9,7,16
476,Dan,Burn,Burn,a,Suspended until 29 Nov,,5.0,242,,5.7,64,,5.8,,,9,0,,0,,16319,9706,1.2,6.4,5.8,6.3,,,,0.0,0.0,,,,,,,,,,,,,,,,,,,,,,,,,5,9,90,0,0,1,0,0,0,0,0,0,0,1,1,27,42470,31175,0.0,0.0,0.03,0.03,0.56,33.0,1.1999999999999993,2.0,3.5999999999999996,2,13,5,20
477,Tino,Livramento,Livramento,a,Knee injury - 50% chance of playing,,5.1,238,,9.6,44,,5.5,,,6,0,,1,,17420,17451,1.1,6.1,5.5,6.0,,,,0.0,0.0,,,,,,,,,,,,,,,,,,,,,,,,,5,6,90,0,0,1,0,0,0,0,0,0,0,1,0,26,84206,55055,0.0,0.0,0.020000000000000018,0.020000000000000018,0.56,12.600000000000001,4.800000000000004,2.0,1.9000000000000004,2,3,3,8
478,Kieran,Trippier,Trippier,a,,,5.0,241,,2.6,111,,3.8,,,0,0,,0,,572,15900,0.8,4.2,3.8,3.2,,,,100.0,75.0,,,,,,,,,,,,,,,,,,,,,,,,,5,0,0,0,0,0,0,0,0,0,0,0,0,0,0,0,12084,42827,0.0,0.0,0.0,0.0,0.0,0.0,0.0,0.0,0.0,0,0,0,0
479,Emil,Krafth,Krafth,a,,,4.4,525,,0.0,584,,0.0,,,0,0,,-1,,43,103,0.0,0.0,0.0,0.5,,,,0.0,0.0,,,,,,,,,,,,,,,,,,,,,,,,,5,0,0,0,0,0,0,0,0,0,0,0,0,0,0,0,125,353,0.0,0.0,0.0,0.0,0.0,0.0,0.0,0.0,0.0,0,0,0,0
480,Jamaal,Lascelles,Lascelles,a,,,4.4,520,,0.1,540,,0.2,,,1,0,,-1,,56,104,0.0,0.2,0.2,0.7,,,,0.0,0.0,,,,,,,,,,,,,,,,,,,,,,,,,5,1,6,0,0,0,0,0,0,0,0,0,0,0,0,4,176,525,0.0,0.0,0.0,0.0,0.13,3.0,0.0,0.0,0.3,0,2,0,2
481,Alex,Murphy,A.Murphy,a,,,4.0,695,,0.7,218,,0.0,,,0,0,,0,,676,1361,0.0,0.0,0.0,0.5,,,,0.0,0.0,,,,,,,,,,,,,,,,,,,,,,,,,5,0,0,0,0,0,0,0,0,0,0,0,0,0,0,0,2319,5389,0.0,0.0,0.0,0.0,0.0,0.0,0.0,0.0,0.0,0,0,0,0
482,Harrison,Ashby,Ashby,a,Thigh injury - Unknown return date,,3.9,726,,0.2,387,,0.0,,,0,0,,-1,,504,365,0.0,0.0,0.0,0.5,,,,0.0,0.0,,,,,,,,,,,,,,,,,,,,,,,,,5,0,0,0,0,0,0,0,0,0,0,0,0,0,0,0,5340,1453,0.0,0.0,0.0,0.0,0.0,0.0,0.0,0.0,0.0,0,0,0,0
483,Miodrag,Pivaš,Pivas,a,,,3.9,735,,0.2,332,,0.0,,,0,0,,-1,,619,719,0.0,0.0,0.0,0.5,,,,0.0,0.0,,,,,,,,,,,,,,,,,,,,,,,,,5,0,0,0,0,0,0,0,0,0,0,0,0,0,0,0,14494,2933,0.0,0.0,0.0,0.0,0.0,0.0,0.0,0.0,0.0,0,0,0,0
484,Matt,Targett,Targett,u,has joined Middlesbrough on loan for the rest of the season.,,4.0,627,,0.3,313,,0.0,,,0,0,,0,,0,1154,0.0,0.0,0.0,0.0,,,,0.0,0.0,,,,,,,,,,,,,,,,,,,,,,,,,5,0,0,0,0,0,0,0,0,0,0,0,0,0,0,0,0,4858,0.0,0.0,0.0,0.0,0.0,0.0,0.0,0.0,0.0,0,0,0,0
485,Anthony,Gordon,Gordon,a,Hip injury - 50% chance of playing,,7.4,27,,0.9,185,,-0.5,,,0,0,,-1,,5599,2772,-0.1,0.1,-0.5,0.0,,,,100.0,0.0,,,,,,,,,,,,,,,,,,,,,,,,,5,0,0,0,0,0,0,0,0,0,0,0,0,0,0,0,6999,13833,0.0,0.0,0.0,0.0,0.0,0.0,0.0,0.0,0.0,0,0,0,0
486,Anthony,Elanga,Elanga,a,,,7.0,41,,6.4,61,,1.2,,,1,0,,0,,4387,40135,0.2,1.1,1.2,1.7,,,,0.0,0.0,,,,,,,,,,,,,,,,,,,,,,,,,5,1,28,0,0,0,0,0,0,0,0,0,0,0,0,5,23140,186958,0.0,0.0,0.0,0.0,0.1299999999999999,3.400000000000002,0.7000000000000028,2.0,0.5999999999999996,0,2,1,3
487,Harvey,Barnes,Barnes,a,,,6.5,52,,0.8,191,,1.8,,,1,0,,0,,468,8142,0.3,1.5,1.8,2.3,,,,0.0,0.0,,,,,,,,,,,,,,,,,,,,,,,,,5,1,28,0,0,0,0,0,0,0,0,0,0,0,0,1,3992,29202,0.0,0.0,0.0,0.0,0.1299999999999999,0.0,0.7999999999999972,4.0,0.29999999999999893,0,0,2,2
488,Bruno,Guimarães Rodriguez Moura,Bruno G.,a,,,6.5,55,,2.3,118,,2.8,,,0,0,,0,,2154,11395,0.4,2.2,2.8,3.3,,,,0.0,0.0,,,,,,,,,,,,,,,,,,,,,,,,,5,0,0,0,0,0,0,0,0,0,0,0,0,0,0,0,13204,37397,0.0,0.0,0.0,0.0,0.0,0.0,0.0,0.0,0.0,0,0,0,0
489,Jacob,Murphy,J.Murphy,a,,,6.3,75,,1.2,174,,3.0,,,3,0,,-2,,1161,3759,0.5,2.1,3.0,3.5,,,,0.0,0.0,,,,,,,,,,,,,,,,,,,,,,,,,5,3,61,0,0,1,0,0,0,0,0,0,0,1,0,8,9601,12832,0.0,0.07999999999999996,0.04999999999999999,0.13000000000000012,0.43000000000000016,6.400000000000002,6.800000000000001,24.0,3.700000000000001,0,1,1,2
567,Antonín,Kinský,Kinsky,a,,,4.0,671,,1.5,155,,0.0,,,0,0,,0,,231,3113,0.0,0.0,0.0,0.0,,,,0.0,0.0,,,,,,,,,,,,,,,,,,,,,,,,,5,0,0,0,0,0,0,0,0,0,0,0,0,0,0,0,842,10356,0.0,0.0,0.0,0.0,0.0,0.0,0.0,0.0,0.0,0,0,0,0
490,Joelinton Cássio,Apolinário de Lira,Joelinton,a,Leg injury - 75% chance of playing,,5.9,100,,0.3,317,,1.2,,,0,0,,-1,,886,939,0.2,1.2,1.2,1.7,,,,100.0,100.0,,,,,,,,,,,,,,,,,,,,,,,,,5,0,0,0,0,0,0,0,0,0,0,0,0,0,0,0,3775,2482,0.0,0.0,0.0,0.0,0.0,0.0,0.0,0.0,0.0,0,0,0,0
491,Sandro,Tonali,Tonali,a,,,5.4,191,,1.3,165,,2.8,,,3,0,,-1,,2113,4058,0.5,2.6,2.8,3.3,,,,100.0,100.0,,,,,,,,,,,,,,,,,,,,,,,,,5,3,90,0,0,1,0,0,0,0,0,0,0,1,0,19,10662,13892,0.0,0.05999999999999997,0.16999999999999998,0.22999999999999998,0.5599999999999998,17.199999999999996,32.599999999999994,5.0,5.5,3,0,5,8
492,Antoñito,Cordero Campillo,Antoñito C.,a,has joined KVC Westerlo on loan for the rest of the season.,,4.9,375,,0.0,610,,0.0,,,0,0,,-1,,40,72,0.0,0.0,0.0,0.5,,,,100.0,100.0,,,,,,,,,,,,,,,,,,,,,,,,,5,0,0,0,0,0,0,0,0,0,0,0,0,0,0,0,125,271,0.0,0.0,0.0,0.0,0.0,0.0,0.0,0.0,0.0,0,0,0,0
494,Joe,Willock,Willock,a,,,5.0,257,,0.1,568,,1.0,,,3,0,,0,,276,186,0.2,0.8,1.0,1.5,,,,100.0,100.0,,,,,,,,,,,,,,,,,,,,,,,,,5,3,61,0,0,1,0,0,0,0,0,0,0,1,0,15,887,537,0.0,0.0,0.01,0.010000000000000009,0.43000000000000005,10.6,1.9000000000000001,2.0,1.5,4,1,4,9
495,Isaac,Hayden,Hayden,u,Has departed the club as a free agent.,,4.5,402,,0.0,696,,0.0,,,0,0,,0,,0,14,0.0,0.0,0.0,0.0,,,,0.0,0.0,,,,,,,,,,,,,,,,,,,,,,,,,5,0,0,0,0,0,0,0,0,0,0,0,0,0,0,0,0,67,0.0,0.0,0.0,0.0,0.0,0.0,0.0,0.0,0.0,0,0,0,0
496,Garang,Kuol,Kuol,a,has joined Sparta Prague permanently.,,4.4,588,,0.1,539,,0.0,,,0,0,,-1,,196,174,0.0,0.0,0.0,0.5,,,,0.0,0.0,,,,,,,,,,,,,,,,,,,,,,,,,5,0,0,0,0,0,0,0,0,0,0,0,0,0,0,0,871,586,0.0,0.0,0.0,0.0,0.0,0.0,0.0,0.0,0.0,0,0,0,0
497,Lewis,Miley,L.Miley,a,,,4.4,584,,1.9,132,,1.2,,,3,0,,-1,,12620,4851,0.3,1.4,1.2,1.7,,,,0.0,0.0,,,,,,,,,,,,,,,,,,,,,,,,,5,3,90,0,0,1,0,0,0,0,0,0,0,1,0,14,20126,19152,0.0,0.0,0.02,0.020000000000000004,0.56,12.200000000000001,13.399999999999999,2.0,2.8,2,2,5,9
498,Joe,White,White,u,Has joined Leyton Orient on loan for the rest of the season.,,4.5,438,,0.0,707,,0.0,,,0,0,,0,,0,18,0.0,0.0,0.0,0.0,,,,0.0,0.0,,,,,,,,,,,,,,,,,,,,,,,,,5,0,0,0,0,0,0,0,0,0,0,0,0,0,0,0,0,53,0.0,0.0,0.0,0.0,0.0,0.0,0.0,0.0,0.0,0,0,0,0
500,William,Osula,Osula,a,Ankle injury - Unknown return date,,5.5,167,,0.4,270,,2.2,,,1,0,,0,,756,2320,0.4,1.8,2.2,2.7,,,,0.0,0.0,,,,,,,,,,,,,,,,,,,,,,,,,5,1,6,0,0,0,0,0,0,0,0,0,0,0,0,3,4037,10332,0.0,0.0,0.0,0.0,0.13000000000000012,0.0,0.0,0.0,0.0,0,0,0,0
501,Sean,Neave,Neave,a,,,4.4,596,,0.2,338,,0.0,,,0,0,,-1,,514,618,0.0,0.0,0.0,0.5,,,,0.0,0.0,,,,,,,,,,,,,,,,,,,,,,,,,5,0,0,0,0,0,0,0,0,0,0,0,0,0,0,0,2099,1951,0.0,0.0,0.0,0.0,0.0,0.0,0.0,0.0,0.0,0,0,0,0
674,Aaron,Ramsdale,Ramsdale,a,,,4.9,336,,0.7,209,,0.0,,,0,0,,-1,,441,1482,0.0,0.0,0.0,0.5,,,,0.0,0.0,,,,,,,,,,,,,,,,,,,,,,,,,5,0,0,0,0,0,0,0,0,0,0,0,0,0,0,0,1458,5594,0.0,0.0,0.0,0.0,0.0,0.0,0.0,0.0,0.0,0,0,0,0
684,Malick,Thiaw,Thiaw,a,,,4.9,353,,0.1,414,,2.0,,,7,0,,-1,,323,293,0.4,1.6,2.0,2.5,,,,0.0,0.0,,,,,,,,,,,,,,,,,,,,,,,,,5,7,83,0,0,1,0,0,0,0,1,0,0,1,0,22,875,1536,0.0,0.0,0.02,0.02,0.43000000000000005,24.4,1.2999999999999998,0.0,2.5999999999999996,2,12,2,16
689,Seung-Soo,Park,Seung soo,a,,,4.5,509,,0.2,399,,0.0,,,0,0,,0,,104,361,0.0,0.0,0.0,0.5,,,,0.0,0.0,,,,,,,,,,,,,,,,,,,,,,,,,5,0,0,0,0,0,0,0,0,0,0,0,0,0,0,0,354,1127,0.0,0.0,0.0,0.0,0.0,0.0,0.0,0.0,0.0,0,0,0,0
714,Nick,Woltemade,Woltemade,a,,,7.1,32,,3.5,96,,5.5,,,2,1,,1,,26739,27377,0.8,1.5,5.5,6.0,,,,0.0,0.0,,,,,,,,,,,,,,,,,,,,,,,,,5,2,83,0,0,1,0,0,0,0,0,0,0,1,0,1,243467,57234,0.0,0.0,0.019999999999999997,0.019999999999999962,0.43,0.7999999999999972,4.899999999999999,8.0,1.4000000000000004,0,1,1,2
12,Oleksandr,Zinchenko,Zinchenko,a,Muscle injury - Unknown return date,,4.9,327,,0.3,292,,0.5,,,2,0,,-1,,1223,677,0.1,0.4,1.0,1.0,,,,100.0,100.0,,,,,,,,,,,,,,,,,,,,,,,,,5,2,90,0,0,0,1,0,0,0,0,0,0,1,0,19,5163,2519,0.0,0.04,0.07,0.11,0.85,29.6,18.0,15.0,6.3,3,6,6,15
426,James,McAtee,McAtee,a,,,5.4,192,,0.1,444,,0.8,,,0,0,,-1,,129,641,0.1,0.6,1.3,1.3,,,,0.0,0.0,,,,,,,,,,,,,,,,,,,,,,,,,5,0,0,0,0,0,0,0,0,0,0,0,0,0,0,0,712,2326,0.0,0.0,0.0,0.0,0.0,0.0,0.0,0.0,0.0,0,0,0,0
502,Matz,Sels,Sels,a,,,5.0,245,,13.9,27,,2.0,,,3,0,,0,,7647,51450,0.4,2.0,2.5,2.5,,,,0.0,0.0,,,,,,,,,,,,,,,,,,,,,,,,,5,3,90,0,0,0,1,0,0,0,0,0,4,1,0,14,36661,148659,0.0,0.0,0.0,0.0,0.8499999999999996,29.39999999999999,0.0,0.0,2.9000000000000004,0,2,3,5
503,Carlos Miguel,dos Santos Pereira,C.Miguel,u,Has joined Palmeiras permanently.,,4.0,665,,0.1,462,,0.0,,,0,0,,0,,0,274,0.0,0.0,0.0,0.0,,,,0.0,0.0,,,,,,,,,,,,,,,,,,,,,,,,,5,0,0,0,0,0,0,0,0,0,0,0,0,0,0,0,0,1082,0.0,0.0,0.0,0.0,0.0,0.0,0.0,0.0,0.0,0,0,0,0
504,Matt,Turner,Turner,u,Has joined Lyon permanently.,,4.0,639,,0.1,441,,0.0,,,0,0,,0,,0,267,0.0,0.0,0.0,0.0,,,,0.0,0.0,,,,,,,,,,,,,,,,,,,,,,,,,5,0,0,0,0,0,0,0,0,0,0,0,0,0,0,0,0,897,0.0,0.0,0.0,0.0,0.0,0.0,0.0,0.0,0.0,0,0,0,0
505,Nikola,Milenković,Milenković,a,,,5.5,150,,7.2,56,,1.5,,,2,0,,0,,3392,27708,0.3,1.5,2.0,2.0,,,,0.0,0.0,,,,,,,,,,,,,,,,,,,,,,,,,5,2,90,0,0,0,1,0,0,0,0,0,0,1,0,16,41944,85798,0.0,0.0,0.11,0.10999999999999999,0.8499999999999996,18.4,13.3,0.0,3.1999999999999993,0,8,2,10
506,Murillo,Costa dos Santos,Murillo,d,Knock - 75% chance of playing,,5.4,211,,3.9,89,,1.2,,,0,-1,,-1,,184,35217,0.2,1.3,1.3,1.3,,,,75.0,75.0,,,,,,,,,,,,,,,,,,,,,,,,,5,0,0,0,0,0,0,0,0,0,0,0,0,0,0,0,1108,116250,0.0,0.0,0.0,0.0,0.0,0.0,0.0,0.0,0.0,0,0,0,0
507,Ola,Aina,Aina,i,Hamstring injury - Expected back 13 Dec,,4.9,317,,5.8,63,,0.5,,,0,0,,-1,,34,71592,0.1,1.2,0.0,0.0,,,,0.0,0.0,,,,,,,,,,,,,,,,,,,,,,,,,5,0,0,0,0,0,0,0,0,0,0,0,0,0,0,0,187,328785,0.0,0.0,0.0,0.0,0.0,0.0,0.0,0.0,0.0,0,0,0,0
508,Neco,Williams,N.Williams,a,,,5.0,265,,6.7,59,,3.2,,,10,0,,0,,10720,33569,0.6,2.8,3.7,3.7,,,,0.0,0.0,,,,,,,,,,,,,,,,,,,,,,,,,5,10,90,1,0,0,1,0,0,0,0,0,0,1,2,28,31826,90255,0.0,0.15,0.009999999999999981,0.16000000000000003,0.8499999999999996,49.39999999999999,8.300000000000004,37.0,9.500000000000002,2,5,4,11
509,David,Mota Veiga Teixeira do Carmo,David Carmo,u,has joined Real Oviedo on loan for the rest of the season.,,4.5,434,,0.0,621,,0.0,,,0,0,,0,,0,101,0.0,0.0,0.0,0.0,,,,0.0,0.0,,,,,,,,,,,,,,,,,,,,,,,,,5,0,0,0,0,0,0,0,0,0,0,0,0,0,0,0,0,485,0.0,0.0,0.0,0.0,0.0,0.0,0.0,0.0,0.0,0,0,0,0
510,Jair,Paula da Cunha Filho,Jair Cunha,a,,,4.4,590,,0.1,546,,0.0,,,0,0,,-1,,41,149,0.0,0.0,0.5,0.5,,,,0.0,0.0,,,,,,,,,,,,,,,,,,,,,,,,,5,0,0,0,0,0,0,0,0,0,0,0,0,0,0,0,132,557,0.0,0.0,0.0,0.0,0.0,0.0,0.0,0.0,0.0,0,0,0,0
511,Felipe,Rodrigues da Silva,Morato,a,,,4.4,558,,0.1,498,,0.5,,,1,0,,-1,,121,165,0.1,0.5,1.0,1.0,,,,0.0,0.0,,,,,,,,,,,,,,,,,,,,,,,,,5,1,90,0,0,0,1,0,0,0,1,0,0,1,0,6,1342,696,0.0,0.0,0.01,0.01,0.8499999999999999,16.0,1.9000000000000001,0.0,1.8000000000000003,3,4,5,12
512,Omar,Richards,O.Richards,u,has joined Rio Ave on loan for the rest of the season.,,4.5,413,,0.0,629,,0.0,,,0,0,,0,,0,93,0.0,0.0,0.0,0.0,,,,0.0,0.0,,,,,,,,,,,,,,,,,,,,,,,,,5,0,0,0,0,0,0,0,0,0,0,0,0,0,0,0,0,447,0.0,0.0,0.0,0.0,0.0,0.0,0.0,0.0,0.0,0,0,0,0
513,Zach,Abbott,Abbott,a,,,3.9,732,,0.2,381,,0.0,,,0,-1,,-1,,482,313,0.0,0.0,0.5,0.5,,,,0.0,0.0,,,,,,,,,,,,,,,,,,,,,,,,,5,0,0,0,0,0,0,0,0,0,0,0,0,0,0,0,719,1176,0.0,0.0,0.0,0.0,0.0,0.0,0.0,0.0,0.0,0,0,0,0
514,Willy,Boly,Boly,a,,,3.9,719,,0.4,254,,0.0,,,0,0,,-1,,3138,1006,0.0,0.0,0.5,0.5,,,,0.0,0.0,,,,,,,,,,,,,,,,,,,,,,,,,5,0,0,0,0,0,0,0,0,0,0,0,0,0,0,0,5036,3207,0.0,0.0,0.0,0.0,0.0,0.0,0.0,0.0,0.0,0,0,0,0
515,Morgan,Gibbs-White,Gibbs-White,a,,,7.5,24,,5.1,70,,2.0,,,2,0,,0,,3971,22793,0.3,1.7,2.5,2.5,,,,0.0,0.0,,,,,,,,,,,,,,,,,,,,,,,,,5,2,90,0,0,0,1,0,0,0,0,0,0,1,0,16,55623,73062,0.0,0.07999999999999996,0.050000000000000044,0.13000000000000012,0.8500000000000005,15.0,28.700000000000003,25.0,6.899999999999999,0,3,3,6
516,Callum,Hudson-Odoi,Hudson-Odoi,a,Dead leg - 25% chance of playing,,6.0,86,,1.5,152,,3.5,,,1,0,,0,,2440,9174,0.6,2.7,4.0,4.0,,,,0.0,0.0,,,,,,,,,,,,,,,,,,,,,,,,,5,1,31,0,0,0,0,0,0,0,0,0,0,0,0,2,27997,24892,0.0,0.010000000000000009,0.030000000000000027,0.040000000000000036,0.34000000000000075,3.799999999999997,23.5,2.0,2.900000000000002,0,0,0,0
517,Elliot,Anderson,Anderson,a,,,5.5,146,,5.1,69,,3.0,,,4,0,,0,,6670,18597,0.5,3.3,3.5,3.5,,,,0.0,0.0,,,,,,,,,,,,,,,,,,,,,,,,,5,4,90,0,0,0,1,0,0,0,0,0,0,1,0,24,35038,52489,0.0,0.040000000000000036,0.25,0.2899999999999999,0.8499999999999996,28.0,36.5,9.0,7.400000000000002,1,5,9,15
518,João Pedro,Ferreira da Silva,Jota,u,has joined Besiktas on loan for the rest of the season.,,5.4,204,,0.1,554,,0.0,,,0,0,,-1,,0,282,0.0,0.2,0.0,0.0,,,,0.0,0.0,,,,,,,,,,,,,,,,,,,,,,,,,5,0,0,0,0,0,0,0,0,0,0,0,0,0,0,0,0,1508,0.0,0.0,0.0,0.0,0.0,0.0,0.0,0.0,0.0,0,0,0,0
519,Nicolás,Domínguez,Dominguez,i,Knee injury - Expected back 05 Oct,,5.0,274,,0.0,735,,0.0,,,0,0,,0,,6,5,0.0,0.0,0.0,0.0,,,,0.0,0.0,,,,,,,,,,,,,,,,,,,,,,,,,5,0,0,0,0,0,0,0,0,0,0,0,0,0,0,0,24,30,0.0,0.0,0.0,0.0,0.0,0.0,0.0,0.0,0.0,0,0,0,0
520,Lewis,O'Brien,O'Brien,u,Has joined Wrexham permanently.,,5.0,271,,0.0,738,,0.0,,,0,0,,0,,0,0,0.0,0.0,0.0,0.0,,,,0.0,0.0,,,,,,,,,,,,,,,,,,,,,,,,,5,0,0,0,0,0,0,0,0,0,0,0,0,0,0,0,0,4,0.0,0.0,0.0,0.0,0.0,0.0,0.0,0.0,0.0,0,0,0,0
521,Ibrahim,Sangaré,Sangaré,a,,,5.0,262,,0.1,530,,2.2,,,1,0,,0,,131,222,0.4,2.2,2.7,2.7,,,,0.0,0.0,,,,,,,,,,,,,,,,,,,,,,,,,5,1,14,0,0,0,0,0,0,0,0,0,0,0,0,2,906,736,0.0,0.0,0.009999999999999995,0.009999999999999995,0.17000000000000082,7.0000000000000036,1.6999999999999993,0.0,0.9000000000000004,0,1,1,2
522,Ryan,Yates,Yates,a,,,4.9,326,,0.1,495,,0.5,,,0,0,,-1,,62,264,0.1,0.6,1.0,1.0,,,,0.0,0.0,,,,,,,,,,,,,,,,,,,,,,,,,5,0,0,0,0,0,0,0,0,0,0,0,0,0,0,0,332,940,0.0,0.0,0.0,0.0,0.0,0.0,0.0,0.0,0.0,0,0,0,0
523,Eric,da Silva Moreira,Da Silva Moreira,u,has joined Rio Ave on loan for the rest of the season.,,4.5,481,,0.1,488,,0.0,,,0,0,,0,,0,385,0.0,0.0,0.0,0.0,,,,0.0,0.0,,,,,,,,,,,,,,,,,,,,,,,,,5,0,0,0,0,0,0,0,0,0,0,0,0,0,0,0,0,1731,0.0,0.0,0.0,0.0,0.0,0.0,0.0,0.0,0.0,0,0,0,0
524,Marko,Stamenić,Stamenic,u,Has joined Swansea City permanently.,,4.5,453,,0.0,634,,0.0,,,0,0,,0,,0,68,0.0,0.0,0.0,0.0,,,,0.0,0.0,,,,,,,,,,,,,,,,,,,,,,,,,5,0,0,0,0,0,0,0,0,0,0,0,0,0,0,0,0,313,0.0,0.0,0.0,0.0,0.0,0.0,0.0,0.0,0.0,0,0,0,0
525,Chris,Wood,Wood,a,Knee injury - 50% chance of playing,,7.6,21,,20.5,19,,1.8,,,2,0,,1,,14078,154846,0.2,2.6,2.3,2.3,,,,0.0,0.0,,,,,,,,,,,,,,,,,,,,,,,,,5,2,74,0,0,0,1,0,0,0,0,0,0,1,0,7,175827,351095,0.0,0.4099999999999997,0.0,0.41000000000000014,0.6799999999999997,5.0,17.499999999999996,24.0,4.700000000000003,0,2,2,4
526,Igor Jesus,Maciel da Cruz,Igor Jesus,a,,,5.8,119,,0.5,246,,0.8,,,1,0,,-2,,1121,1662,0.1,0.7,1.3,1.3,,,,0.0,0.0,,,,,,,,,,,,,,,,,,,,,,,,,5,1,15,0,0,0,0,0,0,0,0,0,0,0,0,6,7066,6579,0.0,0.039999999999999994,0.03,0.07,0.16999999999999993,5.2,10.6,17.0,3.3,0,0,0,0
527,Taiwo,Awoniyi,Awoniyi,a,,,5.3,220,,0.4,252,,0.0,,,0,0,,-2,,699,1745,0.0,0.0,0.5,0.5,,,,0.0,0.0,,,,,,,,,,,,,,,,,,,,,,,,,5,0,0,0,0,0,0,0,0,0,0,0,0,0,0,0,3177,5848,0.0,0.0,0.0,0.0,0.0,0.0,0.0,0.0,0.0,0,0,0,0
669,Dan,Ndoye,Ndoye,a,,,6.1,85,,3.3,99,,3.0,,,2,0,,1,,4003,20074,0.5,3.4,3.5,3.5,,,,0.0,0.0,,,,,,,,,,,,,,,,,,,,,,,,,5,2,75,0,0,0,1,0,0,0,0,0,0,1,0,10,58672,55031,0.0,0.0,0.17999999999999994,0.18000000000000005,0.6799999999999997,9.399999999999991,21.6,12.0,4.300000000000001,1,2,3,6
675,Angus,Gunn,Gunn,a,Knee injury - Unknown return date,,4.0,619,,1.7,140,,0.0,,,0,0,,0,,869,1546,0.0,0.0,0.5,0.5,,,,0.0,0.0,,,,,,,,,,,,,,,,,,,,,,,,,5,0,0,0,0,0,0,0,0,0,0,0,0,0,0,0,3240,5462,0.0,0.0,0.0,0.0,0.0,0.0,0.0,0.0,0.0,0,0,0,0
693,Omari,Hutchinson,Hutchinson,a,,,5.5,166,,0.0,637,,0.5,,,0,0,,0,,69,130,0.1,0.4,1.0,1.0,,,,0.0,0.0,,,,,,,,,,,,,,,,,,,,,,,,,5,0,0,0,0,0,0,0,0,0,0,0,0,0,0,0,484,426,0.0,0.0,0.0,0.0,0.0,0.0,0.0,0.0,0.0,0,0,0,0
696,Arnaud,Kalimuendo,Kalimuendo,a,,,6.0,88,,0.1,504,,1.0,,,1,0,,0,,299,398,0.2,0.7,1.5,1.5,,,,0.0,0.0,,,,,,,,,,,,,,,,,,,,,,,,,5,1,14,0,0,0,0,0,0,0,0,0,0,0,0,0,1365,1183,0.0,0.24,0.01,0.25,0.16999999999999993,0.19999999999999973,1.8000000000000007,9.0,1.0999999999999996,0,0,0,0
699,Douglas Luiz,Soares de Paulo,Douglas Luiz,a,Hamstring injury - Unknown return date,,5.0,269,,0.1,515,,1.2,,,5,0,,0,,901,282,0.2,1.0,1.7,1.7,,,,0.0,0.0,,,,,,,,,,,,,,,,,,,,,,,,,5,5,75,0,1,0,1,0,0,0,0,0,0,1,0,23,1921,1132,0.0,0.02,0.02,0.04,0.68,4.4,18.1,8.0,3.1,1,0,2,3
715,John Victor,Maciel Furtado,John,a,,,4.0,637,,0.4,287,,0.0,,,0,0,,0,,4797,932,0.0,0.0,0.5,0.5,,,,0.0,0.0,,,,,,,,,,,,,,,,,,,,,,,,,5,0,0,0,0,0,0,0,0,0,0,0,0,0,0,0,14107,2706,0.0,0.0,0.0,0.0,0.0,0.0,0.0,0.0,0.0,0,0,0,0
716,Nicolò,Savona,Savona,a,,,4.5,457,,0.0,691,,0.0,,,0,0,,0,,47,79,0.0,0.0,0.5,0.5,,,,0.0,0.0,,,,,,,,,,,,,,,,,,,,,,,,,5,0,0,0,0,0,0,0,0,0,0,0,0,0,0,0,423,227,0.0,0.0,0.0,0.0,0.0,0.0,0.0,0.0,0.0,0,0,0,0
729,Luis Eduardo,Soares da Silva,Cuiabano,u,has joined Botafogo on loan for the rest of the season.,,4.5,479,,0.0,740,,0.0,,,0,0,,0,,0,2,0.0,0.0,0.0,0.0,,,,0.0,0.0,,,,,,,,,,,,,,,,,,,,,,,,,5,0,0,0,0,0,0,0,0,0,0,0,0,0,0,0,0,8,0.0,0.0,0.0,0.0,0.0,0.0,0.0,0.0,0.0,0,0,0,0
734,Dilane,Bakwa,Bakwa,a,Knock - Unknown return date,,6.0,90,,0.0,675,,1.0,,,1,0,,0,,161,76,0.2,0.3,1.5,1.5,,,,0.0,0.0,,,,,,,,,,,,,,,,,,,,,,,,,5,1,58,0,0,0,1,0,0,0,0,0,0,1,0,7,752,264,0.0,0.06,0.01,0.07,0.51,13.0,14.299999999999999,26.0,5.3,0,1,5,6
528,Anthony,Patterson,Patterson,a,,,4.4,541,,0.2,341,,0.0,,,0,0,,-1,,119,565,0.0,0.0,-0.5,-0.5,,,,0.0,0.0,,,,,,,,,,,,,,,,,,,,,,,,,5,0,0,0,0,0,0,0,0,0,0,0,0,0,0,0,401,2312,0.0,0.0,0.0,0.0,0.0,0.0,0.0,0.0,0.0,0,0,0,0
529,Simon,Moore,Moore,a,,,4.0,611,,0.4,255,,0.0,,,0,0,,0,,279,606,0.0,0.0,-0.5,-0.5,,,,0.0,0.0,,,,,,,,,,,,,,,,,,,,,,,,,5,0,0,0,0,0,0,0,0,0,0,0,0,0,0,0,923,2124,0.0,0.0,0.0,0.0,0.0,0.0,0.0,0.0,0.0,0,0,0,0
530,Blondy,Nna Noukeu,Nna Noukeu,a,,,4.0,673,,0.1,432,,0.0,,,0,0,,0,,68,172,0.0,0.0,-0.5,-0.5,,,,0.0,0.0,,,,,,,,,,,,,,,,,,,,,,,,,5,0,0,0,0,0,0,0,0,0,0,0,0,0,0,0,220,686,0.0,0.0,0.0,0.0,0.0,0.0,0.0,0.0,0.0,0,0,0,0
531,Daniel,Ballard,Ballard,a,,,4.6,387,,2.7,109,,0.5,,,1,0,,1,,563,11057,0.1,4.1,0.0,0.0,,,,100.0,75.0,,,,,,,,,,,,,,,,,,,,,,,,,5,1,53,0,0,0,1,0,0,0,0,0,0,0,0,2,1399,46178,0.0,0.010000000000000009,0.0,0.010000000000000009,0.45999999999999996,12.600000000000009,10.099999999999998,1.0,2.400000000000002,1,5,0,6
532,Trai,Hume,Hume,a,,,4.5,445,,0.3,327,,3.2,,,4,0,,0,,557,453,0.7,4.2,2.7,2.7,,,,0.0,0.0,,,,,,,,,,,,,,,,,,,,,,,,,5,4,90,0,0,0,1,0,0,0,0,0,0,1,0,13,2084,3083,0.0,0.0,0.04000000000000001,0.03999999999999998,0.71,19.39999999999999,14.299999999999997,2.0,3.6000000000000014,3,7,2,12
533,Aji,Alese,Alese,d,Shoulder injury - 50% chance of playing,,4.0,636,,0.0,725,,0.0,,,0,0,,0,,8,7,0.0,0.0,-0.2,-0.2,,,,50.0,50.0,,,,,,,,,,,,,,,,,,,,,,,,,5,0,0,0,0,0,0,0,0,0,0,0,0,0,0,0,20,47,0.0,0.0,0.0,0.0,0.0,0.0,0.0,0.0,0.0,0,0,0,0
534,Joe,Anderson,Anderson,a,,,3.9,724,,0.4,259,,0.0,,,0,0,,-1,,3827,1019,0.0,0.0,-0.5,-0.5,,,,0.0,0.0,,,,,,,,,,,,,,,,,,,,,,,,,5,0,0,0,0,0,0,0,0,0,0,0,0,0,0,0,6011,3311,0.0,0.0,0.0,0.0,0.0,0.0,0.0,0.0,0.0,0,0,0,0
535,Dennis,Cirkin,Cirkin,i,Wrist Injury - Unknown return date,,4.0,655,,0.0,667,,0.0,,,0,0,,0,,5,44,0.0,0.0,0.0,0.0,,,,0.0,0.0,,,,,,,,,,,,,,,,,,,,,,,,,5,0,0,0,0,0,0,0,0,0,0,0,0,0,0,0,20,191,0.0,0.0,0.0,0.0,0.0,0.0,0.0,0.0,0.0,0,0,0,0
536,Leo Fuhr,Hjelde,Hjelde,i,Achilles injury - Unknown return date,,4.0,666,,0.0,723,,0.0,,,0,0,,0,,10,7,0.0,0.0,0.0,0.0,,,,0.0,0.0,,,,,,,,,,,,,,,,,,,,,,,,,5,0,0,0,0,0,0,0,0,0,0,0,0,0,0,0,26,36,0.0,0.0,0.0,0.0,0.0,0.0,0.0,0.0,0.0,0,0,0,0
537,Niall,Huggins,Huggins,u,has joined Wycombe Wanderers on loan for the rest of the season.,,4.0,675,,0.1,454,,0.0,,,0,0,,0,,0,287,0.0,0.0,0.0,0.0,,,,0.0,0.0,,,,,,,,,,,,,,,,,,,,,,,,,5,0,0,0,0,0,0,0,0,0,0,0,0,0,0,0,0,1508,0.0,0.0,0.0,0.0,0.0,0.0,0.0,0.0,0.0,0,0,0,0
538,Zak,Johnson,Johnson,a,,,4.0,684,,0.2,371,,0.0,,,0,0,,0,,164,313,0.0,0.0,-0.5,-0.5,,,,0.0,0.0,,,,,,,,,,,,,,,,,,,,,,,,,5,0,0,0,0,0,0,0,0,0,0,0,0,0,0,0,492,1300,0.0,0.0,0.0,0.0,0.0,0.0,0.0,0.0,0.0,0,0,0,0
539,Luke,O'Nien,O'Nien,i,Shoulder injury - Expected back 04 Oct,,4.0,626,,0.0,656,,0.0,,,0,0,,0,,14,60,0.0,0.0,0.0,0.0,,,,0.0,0.0,,,,,,,,,,,,,,,,,,,,,,,,,5,0,0,0,0,0,0,0,0,0,0,0,0,0,0,0,56,175,0.0,0.0,0.0,0.0,0.0,0.0,0.0,0.0,0.0,0,0,0,0
540,Timothée,Pembélé,Pembele,a,,,3.9,727,,0.3,318,,0.0,,,0,0,,-1,,7634,1045,0.0,0.0,-0.5,-0.5,,,,0.0,0.0,,,,,,,,,,,,,,,,,,,,,,,,,5,0,0,0,0,0,0,0,0,0,0,0,0,0,0,0,10515,1892,0.0,0.0,0.0,0.0,0.0,0.0,0.0,0.0,0.0,0,0,0,0
541,Reinildo,Mandava,Reinildo,s,Suspended until 25 Oct,,4.0,646,,7.9,53,,2.0,,,-2,0,,0,,5856,29691,0.5,3.5,0.0,1.5,,,,0.0,0.0,,,,,,,,,,,,,,,,,,,,,,,,,5,-2,32,0,0,0,1,0,0,0,0,1,0,1,0,-12,32357,53101,0.0,0.0,0.0,0.0,0.25,0.0,0.40000000000000213,0.0,0.0,0,1,0,1
542,Jenson,Seelt,Seelt,u,has joined Wolfsburg on loan for the rest of the season.,,4.0,690,,0.2,392,,0.2,,,0,0,,0,,0,561,0.0,0.5,0.0,0.0,,,,0.0,0.0,,,,,,,,,,,,,,,,,,,,,,,,,5,0,0,0,0,0,0,0,0,0,0,0,0,0,0,0,0,2627,0.0,0.0,0.0,0.0,0.0,0.0,0.0,0.0,0.0,0,0,0,0
543,Simon,Adingra,Adingra,a,,,5.4,207,,1.0,184,,1.2,,,0,0,,-1,,271,6118,0.2,2.0,0.7,0.7,,,,0.0,0.0,,,,,,,,,,,,,,,,,,,,,,,,,5,0,0,0,0,0,0,0,0,0,0,0,0,0,0,0,2137,22422,0.0,0.0,0.0,0.0,0.0,0.0,0.0,0.0,0.0,0,0,0,0
568,Pedro,Porro Sauceda,Pedro Porro,a,,,5.6,127,,24.7,13,,4.0,,,1,0,,1,,23703,78497,0.7,3.9,4.0,4.0,,,,0.0,0.0,,,,,,,,,,,,,,,,,,,,,,,,,5,1,88,0,0,0,2,0,0,0,0,0,0,1,0,9,115796,172061,0.0,0.0,0.05999999999999994,0.05999999999999994,1.3199999999999994,21.80000000000001,27.200000000000017,2.0,5.100000000000001,2,5,3,10
544,Habib,Diarra,Diarra,d,Muscle injury - 50% chance of playing,,5.5,168,,0.1,477,,2.2,,,0,0,,0,,219,515,0.4,2.2,0.9,1.7,,,,50.0,0.0,,,,,,,,,,,,,,,,,,,,,,,,,5,0,0,0,0,0,0,0,0,0,0,0,0,0,0,0,1054,1609,0.0,0.0,0.0,0.0,0.0,0.0,0.0,0.0,0.0,0,0,0,0
595,Callum,Olusesi,Olusesi,a,,,4.4,568,,0.2,357,,0.0,,,0,0,,-1,,740,679,0.0,0.0,0.0,0.0,,,,0.0,0.0,,,,,,,,,,,,,,,,,,,,,,,,,5,0,0,0,0,0,0,0,0,0,0,0,0,0,0,0,2672,2132,0.0,0.0,0.0,0.0,0.0,0.0,0.0,0.0,0.0,0,0,0,0
545,Patrick,Roberts,Roberts,u,has joined Birmingham City on loan for the rest of the season.,,5.4,173,,0.0,657,,0.2,,,0,0,,-1,,0,81,0.0,0.2,0.0,0.0,,,,0.0,0.0,,,,,,,,,,,,,,,,,,,,,,,,,5,0,0,0,0,0,0,0,0,0,0,0,0,0,0,0,0,391,0.0,0.0,0.0,0.0,0.0,0.0,0.0,0.0,0.0,0,0,0,0
546,Milan,Aleksić,Aleksić,u,has joined Cracovia on loan for the rest of the season.,,4.9,374,,0.0,645,,0.0,,,0,0,,-1,,0,72,0.0,0.0,0.0,0.0,,,,0.0,0.0,,,,,,,,,,,,,,,,,,,,,,,,,5,0,0,0,0,0,0,0,0,0,0,0,0,0,0,0,0,329,0.0,0.0,0.0,0.0,0.0,0.0,0.0,0.0,0.0,0,0,0,0
547,Enzo,Le Fée,E.Le Fée,a,,,4.9,358,,0.4,269,,3.5,,,2,0,,-1,,735,2176,0.7,3.1,3.0,2.2,,,,100.0,75.0,,,,,,,,,,,,,,,,,,,,,,,,,5,2,80,0,0,0,1,0,0,0,0,0,0,1,0,6,3076,10649,0.0,0.0,0.0,0.0,0.45999999999999996,9.799999999999997,0.3999999999999986,0.0,1.0,3,1,1,5
548,Romaine,Mundle,Mundle,i,Hamstring injury - Expected back 18 Oct,,4.9,352,,0.0,722,,0.0,,,0,0,,-1,,4,7,0.0,0.0,0.0,0.0,,,,0.0,0.0,,,,,,,,,,,,,,,,,,,,,,,,,5,0,0,0,0,0,0,0,0,0,0,0,0,0,0,0,14,51,0.0,0.0,0.0,0.0,0.0,0.0,0.0,0.0,0.0,0,0,0,0
549,Dan,Neil,Neil,a,,,4.9,334,,0.0,625,,0.2,,,1,0,,-1,,29,62,0.0,0.2,-0.3,-0.3,,,,0.0,0.0,,,,,,,,,,,,,,,,,,,,,,,,,5,1,1,0,0,0,0,0,0,0,0,0,0,0,0,4,111,241,0.0,0.0,0.0,0.0,0.1,1.0,0.0,0.0,0.1,0,1,0,1
550,Ian,Poveda-Ocampo,Poveda,a,,,4.9,330,,0.0,646,,0.0,,,0,0,,-1,,4,28,0.0,0.0,-0.5,-0.5,,,,0.0,0.0,,,,,,,,,,,,,,,,,,,,,,,,,5,0,0,0,0,0,0,0,0,0,0,0,0,0,0,0,25,171,0.0,0.0,0.0,0.0,0.0,0.0,0.0,0.0,0.0,0,0,0,0
551,Chris,Rigg,Rigg,a,,,4.9,370,,0.0,590,,0.5,,,1,0,,-1,,52,93,0.1,0.6,0.0,0.0,,,,0.0,0.0,,,,,,,,,,,,,,,,,,,,,,,,,5,1,36,0,0,0,0,0,0,0,0,0,0,1,0,5,129,411,0.0,0.06,0.03,0.09,0.25,1.4,12.1,4.0,1.8,1,0,0,1
552,Noah,Sadiki,Sadiki,a,,,5.0,304,,0.0,579,,2.0,,,1,0,,0,,107,138,0.4,2.2,1.5,1.5,,,,0.0,0.0,,,,,,,,,,,,,,,,,,,,,,,,,5,1,90,0,0,0,1,0,0,0,1,0,0,1,0,7,356,484,0.0,0.0,0.0,0.0,0.6099999999999994,9.199999999999996,12.299999999999997,2.0,2.4000000000000004,1,2,2,5
553,Chemsdine,Talbi,Talbi,a,,,5.0,300,,0.3,321,,2.5,,,2,0,,0,,277,1081,0.5,3.2,2.0,2.0,,,,0.0,0.0,,,,,,,,,,,,,,,,,,,,,,,,,5,2,79,0,0,0,1,0,0,0,0,0,0,1,0,8,1459,4394,0.0,0.06999999999999995,0.04999999999999999,0.12,0.4599999999999995,2.1999999999999957,14.800000000000004,6.0,2.3000000000000007,0,2,6,8
554,Abdoullah,Ba,Ba,a,,,4.4,557,,0.2,351,,0.0,,,0,0,,-1,,447,608,0.0,0.0,-0.5,-0.5,,,,0.0,0.0,,,,,,,,,,,,,,,,,,,,,,,,,5,0,0,0,0,0,0,0,0,0,0,0,0,0,0,0,1954,2294,0.0,0.0,0.0,0.0,0.0,0.0,0.0,0.0,0.0,0,0,0,0
555,Alan,Browne,Browne,u,has joined Middlesbrough on loan for the rest of the season.,,4.5,405,,0.1,559,,0.0,,,0,0,,0,,0,228,0.0,0.0,0.0,0.0,,,,0.0,0.0,,,,,,,,,,,,,,,,,,,,,,,,,5,0,0,0,0,0,0,0,0,0,0,0,0,0,0,0,0,949,0.0,0.0,0.0,0.0,0.0,0.0,0.0,0.0,0.0,0,0,0,0
556,Pierre,Ekwah Elimby,Ekwah,u,Has joined AS Saint-Etienne permanently.,,4.5,436,,0.0,702,,0.0,,,0,0,,0,,0,23,0.0,0.0,0.0,0.0,,,,0.0,0.0,,,,,,,,,,,,,,,,,,,,,,,,,5,0,0,0,0,0,0,0,0,0,0,0,0,0,0,0,0,83,0.0,0.0,0.0,0.0,0.0,0.0,0.0,0.0,0.0,0,0,0,0
557,Harrison,Jones,H.Jones,a,,,4.4,583,,0.1,556,,0.0,,,0,0,,-1,,168,148,0.0,0.0,-0.5,-0.5,,,,0.0,0.0,,,,,,,,,,,,,,,,,,,,,,,,,5,0,0,0,0,0,0,0,0,0,0,0,0,0,0,0,660,522,0.0,0.0,0.0,0.0,0.0,0.0,0.0,0.0,0.0,0,0,0,0
558,Jay,Matete,Matete,a,,,4.4,565,,0.2,335,,0.0,,,0,0,,-1,,685,633,0.0,0.0,-0.5,-0.5,,,,0.0,0.0,,,,,,,,,,,,,,,,,,,,,,,,,5,0,0,0,0,0,0,0,0,0,0,0,0,0,0,0,3300,2459,0.0,0.0,0.0,0.0,0.0,0.0,0.0,0.0,0.0,0,0,0,0
559,Nectarios,Triantis,Triantis,a,has joined Minnesota United permanently.,,4.4,570,,0.1,527,,0.0,,,0,0,,-1,,228,210,0.0,0.0,-0.5,-0.5,,,,0.0,0.0,,,,,,,,,,,,,,,,,,,,,,,,,5,0,0,0,0,0,0,0,0,0,0,0,0,0,0,0,957,792,0.0,0.0,0.0,0.0,0.0,0.0,0.0,0.0,0.0,0,0,0,0
560,Wilson,Isidor,Isidor,a,,,5.5,154,,1.4,160,,5.0,,,9,0,,0,,28116,4833,0.9,4.5,4.5,4.5,,,,0.0,0.0,,,,,,,,,,,,,,,,,,,,,,,,,5,9,79,1,0,0,1,0,0,0,0,0,0,1,3,35,80181,17502,0.0,0.62,0.0,0.62,0.45999999999999996,34.0,0.9999999999999998,45.0,8.0,1,0,2,3
561,Eliezer,Mayenda Dossou,Mayenda,a,,,5.5,170,,1.3,166,,1.2,,,1,0,,0,,530,7714,0.2,2.4,0.7,0.7,,,,0.0,0.0,,,,,,,,,,,,,,,,,,,,,,,,,5,1,10,0,0,0,0,0,0,0,0,0,0,0,0,3,3539,30626,0.0,0.0,0.0,0.0,0.25,1.1999999999999957,0.0,0.0,0.10000000000000142,0,0,1,1
569,Cristian,Romero,Romero,a,,,5.1,236,,6.9,58,,5.8,,,2,0,,1,,37366,13697,1.1,5.7,5.8,5.8,,,,0.0,0.0,,,,,,,,,,,,,,,,,,,,,,,,,5,2,90,0,0,0,2,0,0,0,1,0,0,1,0,11,158438,33308,0.0,0.0,0.01999999999999999,0.020000000000000018,1.3200000000000003,31.799999999999997,2.1999999999999993,0.0,3.3999999999999986,6,12,4,22
570,Kevin,Danso,Danso,a,,,4.3,602,,0.2,405,,0.5,,,0,0,,-2,,868,548,0.1,0.5,0.5,0.5,,,,0.0,0.0,,,,,,,,,,,,,,,,,,,,,,,,,5,0,0,0,0,0,0,0,0,0,0,0,0,0,0,0,1444,1793,0.0,0.0,0.0,0.0,0.0,0.0,0.0,0.0,0.0,0,0,0,0
571,Ben,Davies,Davies,a,Hamstring injury - Unknown return date,,4.4,526,,0.1,489,,0.0,,,0,0,,-1,,77,215,0.0,0.0,0.0,0.0,,,,0.0,0.0,,,,,,,,,,,,,,,,,,,,,,,,,5,0,0,0,0,0,0,0,0,0,0,0,0,0,0,0,309,748,0.0,0.0,0.0,0.0,0.0,0.0,0.0,0.0,0.0,0,0,0,0
572,Radu,Drăgușin,Dragusin,i,Knee injury - Unknown return date,,4.5,451,,0.0,719,,0.0,,,0,0,,0,,4,9,0.0,0.0,0.0,0.0,,,,0.0,0.0,,,,,,,,,,,,,,,,,,,,,,,,,5,0,0,0,0,0,0,0,0,0,0,0,0,0,0,0,40,45,0.0,0.0,0.0,0.0,0.0,0.0,0.0,0.0,0.0,0,0,0,0
573,Djed,Spence,Spence,a,,,4.5,420,,2.5,115,,3.2,,,1,0,,0,,4327,10384,0.7,4.2,3.2,3.2,,,,0.0,0.0,,,,,,,,,,,,,,,,,,,,,,,,,5,1,1,0,0,0,0,0,0,0,0,0,0,0,0,5,27589,22467,0.0,0.0,0.0,0.0,0.0,2.3999999999999986,0.0,0.0,0.20000000000000107,1,0,0,1
574,Destiny,Udogie,Udogie,a,,,4.4,559,,0.5,245,,0.8,,,1,0,,-1,,3542,1219,0.2,0.7,0.8,0.8,,,,100.0,100.0,,,,,,,,,,,,,,,,,,,,,,,,,5,1,90,0,0,0,2,0,0,0,0,0,0,1,0,5,6270,4446,0.0,0.0,0.07999999999999999,0.08000000000000002,1.32,13.999999999999998,15.7,16.0,4.6000000000000005,1,2,10,13
575,Micky,van de Ven,Van de Ven,a,,,4.7,385,,33.1,6,,5.5,,,1,0,,2,,85560,26013,1.2,6.0,5.5,5.5,,,,0.0,0.0,,,,,,,,,,,,,,,,,,,,,,,,,5,1,90,0,0,0,2,0,0,0,0,0,0,1,0,4,446008,46456,0.0,0.0,0.009999999999999998,0.010000000000000009,1.3200000000000003,12.599999999999994,2.3000000000000007,2.0,1.700000000000001,2,1,3,6
576,Ashley,Phillips,Phillips,u,Has joined Stoke City on loan for the rest of the season.,,4.0,697,,0.0,668,,0.0,,,0,0,,0,,0,34,0.0,0.0,0.0,0.0,,,,0.0,0.0,,,,,,,,,,,,,,,,,,,,,,,,,5,0,0,0,0,0,0,0,0,0,0,0,0,0,0,0,0,97,0.0,0.0,0.0,0.0,0.0,0.0,0.0,0.0,0.0,0,0,0,0
577,Takai,Kōta,Takai,d,Foot injury - 50% chance of playing,,4.0,700,,0.1,538,,0.0,,,0,0,,0,,21,135,0.0,0.0,0.0,0.0,,,,50.0,0.0,,,,,,,,,,,,,,,,,,,,,,,,,5,0,0,0,0,0,0,0,0,0,0,0,0,0,0,0,69,536,0.0,0.0,0.0,0.0,0.0,0.0,0.0,0.0,0.0,0,0,0,0
578,Luka,Vušković,Vuskovic,u,has joined Hamburger SV on loan for the rest of the season.,,3.9,740,,0.6,228,,0.0,,,0,0,,-1,,0,2261,0.0,0.0,0.0,0.0,,,,0.0,0.0,,,,,,,,,,,,,,,,,,,,,,,,,5,0,0,0,0,0,0,0,0,0,0,0,0,0,0,0,0,9032,0.0,0.0,0.0,0.0,0.0,0.0,0.0,0.0,0.0,0,0,0,0
579,Son,Heung-min,Son,u,Has joined Los Angeles FC permanently.,,8.5,10,,0.1,413,,0.0,,,0,0,,0,,0,141,0.0,0.0,0.0,0.0,,,,0.0,0.0,,,,,,,,,,,,,,,,,,,,,,,,,5,0,0,0,0,0,0,0,0,0,0,0,0,0,0,0,0,524,0.0,0.0,0.0,0.0,0.0,0.0,0.0,0.0,0.0,0,0,0,0
580,Brennan,Johnson,Johnson,a,,,7.1,31,,7.3,55,,3.0,,,1,0,,1,,5501,72585,0.4,2.8,3.0,3.0,,,,0.0,0.0,,,,,,,,,,,,,,,,,,,,,,,,,5,1,18,0,0,0,0,0,0,0,0,0,0,0,0,2,31306,271630,0.0,0.0,0.0,0.0,0.3400000000000003,0.20000000000000284,0.5,2.0,0.3000000000000007,0,0,0,0
581,James,Maddison,Maddison,i,Anterior cruciate ligament - Unknown return date,,6.9,44,,0.1,419,,0.0,,,0,0,,-1,,17,185,0.0,0.0,0.0,0.0,,,,0.0,0.0,,,,,,,,,,,,,,,,,,,,,,,,,5,0,0,0,0,0,0,0,0,0,0,0,0,0,0,0,68,791,0.0,0.0,0.0,0.0,0.0,0.0,0.0,0.0,0.0,0,0,0,0
582,Mohammed,Kudus,Kudus,a,Knock - 50% chance of playing,,6.6,50,,31.6,7,,3.8,,,7,0,,1,,103833,42923,0.6,3.8,3.8,3.8,,,,0.0,0.0,,,,,,,,,,,,,,,,,,,,,,,,,5,7,90,0,2,0,2,0,0,0,1,0,0,1,0,21,219766,259356,0.0,0.10999999999999999,0.16000000000000003,0.27,1.3200000000000003,25.0,33.80000000000001,20.0,7.900000000000002,2,0,5,7
583,Dejan,Kulusevski,Kulusevski,i,Knee injury - Unknown return date,,6.4,68,,0.0,680,,0.0,,,0,0,,-1,,15,26,0.0,0.0,0.0,0.0,,,,0.0,0.0,,,,,,,,,,,,,,,,,,,,,,,,,5,0,0,0,0,0,0,0,0,0,0,0,0,0,0,0,41,85,0.0,0.0,0.0,0.0,0.0,0.0,0.0,0.0,0.0,0,0,0,0
584,Mathys,Tel,Tel,a,,,6.3,80,,0.1,474,,1.0,,,0,0,,-2,,219,524,0.2,0.8,1.0,1.0,,,,0.0,0.0,,,,,,,,,,,,,,,,,,,,,,,,,5,0,0,0,0,0,0,0,0,0,0,0,0,0,0,0,1201,1496,0.0,0.0,0.0,0.0,0.0,0.0,0.0,0.0,0.0,0,0,0,0
585,Rodrigo,Bentancur,Bentancur,a,,,5.4,181,,0.1,417,,1.8,,,2,0,,-1,,205,429,0.3,1.5,1.8,1.8,,,,0.0,0.0,,,,,,,,,,,,,,,,,,,,,,,,,5,2,60,0,0,0,2,0,0,0,0,0,0,1,0,15,683,2039,0.0,0.0,0.31,0.31,0.8999999999999999,10.000000000000004,27.299999999999997,8.0,4.5,1,1,5,7
586,Lucas,Bergvall,Bergvall,a,Head injury - 75% chance of playing,,5.4,209,,0.5,240,,4.2,,,4,0,,-1,,7873,2274,0.8,3.7,4.2,4.2,,,,0.0,0.0,,,,,,,,,,,,,,,,,,,,,,,,,5,4,88,0,0,0,2,0,0,0,0,0,0,1,0,9,41100,7075,0.0,0.0,0.010000000000000009,0.010000000000000009,1.32,7.6000000000000085,4.800000000000004,4.0,1.5999999999999979,3,2,8,13
587,Yves,Bissouma,Bissouma,i,Knock - Unknown return date,,5.3,222,,0.1,573,,0.0,,,0,0,,-2,,21,155,0.0,0.0,0.0,0.0,,,,0.0,0.0,,,,,,,,,,,,,,,,,,,,,,,,,5,0,0,0,0,0,0,0,0,0,0,0,0,0,0,0,53,652,0.0,0.0,0.0,0.0,0.0,0.0,0.0,0.0,0.0,0,0,0,0
588,Wilson,Odobert,Odobert,a,,,5.3,232,,0.0,623,,1.2,,,2,-1,,-2,,102,72,0.2,1.1,1.2,1.2,,,,0.0,0.0,,,,,,,,,,,,,,,,,,,,,,,,,5,2,71,0,0,0,2,0,0,0,0,0,0,1,0,5,184,336,0.0,0.10999999999999999,0.1,0.21000000000000002,0.98,0.0,7.799999999999999,12.0,1.7999999999999998,0,0,4,4
589,Manor,Solomon,Solomon,u,has joined Villarreal CF on loan for the rest of the season.,,5.4,188,,0.0,700,,0.0,,,0,0,,-1,,0,37,0.0,0.0,0.0,0.0,,,,0.0,0.0,,,,,,,,,,,,,,,,,,,,,,,,,5,0,0,0,0,0,0,0,0,0,0,0,0,0,0,0,0,106,0.0,0.0,0.0,0.0,0.0,0.0,0.0,0.0,0.0,0,0,0,0
590,Bryan,Gil Salvatierra,Bryan,a,has joined Girona permanently.,,4.9,347,,0.0,589,,0.0,,,0,0,,-1,,37,91,0.0,0.0,0.0,0.0,,,,0.0,0.0,,,,,,,,,,,,,,,,,,,,,,,,,5,0,0,0,0,0,0,0,0,0,0,0,0,0,0,0,141,324,0.0,0.0,0.0,0.0,0.0,0.0,0.0,0.0,0.0,0,0,0,0
591,Archie,Gray,Gray,a,Calf injury - Unknown return date,,4.9,367,,0.1,455,,0.2,,,1,0,,-1,,173,345,0.0,0.8,0.2,0.2,,,,0.0,0.0,,,,,,,,,,,,,,,,,,,,,,,,,5,1,1,0,0,0,0,0,0,0,0,0,0,0,0,4,521,1245,0.0,0.0,0.0,0.0,0.0,2.4,10.2,0.0,1.3000000000000003,0,0,0,0
592,Mikey,Moore,Moore,u,Has joined Rangers on loan for the rest of the season.,,5.0,293,,0.0,724,,0.0,,,0,0,,0,,0,7,0.0,0.0,0.0,0.0,,,,0.0,0.0,,,,,,,,,,,,,,,,,,,,,,,,,5,0,0,0,0,0,0,0,0,0,0,0,0,0,0,0,0,23,0.0,0.0,0.0,0.0,0.0,0.0,0.0,0.0,0.0,0,0,0,0
593,Pape Matar,Sarr,P.M.Sarr,a,,,5.0,287,,3.1,101,,3.2,,,0,0,,0,,7809,18661,0.6,3.8,3.2,3.2,,,,0.0,0.0,,,,,,,,,,,,,,,,,,,,,,,,,5,0,0,0,0,0,0,0,0,0,0,0,0,0,0,0,87335,39586,0.0,0.0,0.0,0.0,0.0,0.0,0.0,0.0,0.0,0,0,0,0
594,Yang,Min-hyeok,Min-hyeok,u,Has joined Portsmouth on loan for the rest of the season.,,4.5,508,,0.0,664,,0.0,,,0,0,,0,,0,34,0.0,0.0,0.0,0.0,,,,0.0,0.0,,,,,,,,,,,,,,,,,,,,,,,,,5,0,0,0,0,0,0,0,0,0,0,0,0,0,0,0,0,126,0.0,0.0,0.0,0.0,0.0,0.0,0.0,0.0,0.0,0,0,0,0
596,Dominic,Solanke-Mitchell,Solanke,d,Ankle injury - 50% chance of playing,,7.2,30,,1.3,163,,0.2,,,0,0,,-3,,99,5683,0.0,0.3,0.1,0.0,,,,50.0,0.0,,,,,,,,,,,,,,,,,,,,,,,,,5,0,0,0,0,0,0,0,0,0,0,0,0,0,0,0,260,38390,0.0,0.0,0.0,0.0,0.0,0.0,0.0,0.0,0.0,0,0,0,0
597,Richarlison,de Andrade,Richarlison,a,,,6.7,48,,13.8,28,,4.0,,,9,0,,2,,99872,28307,0.6,4.3,4.0,4.0,,,,0.0,0.0,,,,,,,,,,,,,,,,,,,,,,,,,5,9,90,1,0,0,2,0,0,0,0,0,0,1,3,35,194608,199527,0.0,0.7599999999999999,0.04999999999999999,0.81,1.3199999999999998,36.60000000000001,14.899999999999999,75.0,12.7,1,0,2,3
598,Will,Lankshear,Lankshear,u,Has joined Oxford United on loan for the rest of the season.,,4.5,475,,0.0,622,,0.0,,,0,0,,0,,0,97,0.0,0.0,0.0,0.0,,,,0.0,0.0,,,,,,,,,,,,,,,,,,,,,,,,,5,0,0,0,0,0,0,0,0,0,0,0,0,0,0,0,0,265,0.0,0.0,0.0,0.0,0.0,0.0,0.0,0.0,0.0,0,0,0,0
599,Dane,Scarlett,Scarlett,a,,,4.4,561,,0.7,206,,0.0,,,0,0,,-1,,1334,1976,0.0,0.0,0.0,0.0,,,,0.0,0.0,,,,,,,,,,,,,,,,,,,,,,,,,5,0,0,0,0,0,0,0,0,0,0,0,0,0,0,0,5136,6461,0.0,0.0,0.0,0.0,0.0,0.0,0.0,0.0,0.0,0,0,0,0
673,João Maria,Lobo Alves Palhares Costa Palhinha Gonçalves,J.Palhinha,a,,,5.5,137,,0.8,190,,4.8,,,4,0,,0,,3490,3039,0.9,3.6,4.8,4.8,,,,0.0,0.0,,,,,,,,,,,,,,,,,,,,,,,,,5,4,90,0,0,0,2,0,0,0,0,0,0,1,0,19,13148,11834,0.0,0.0,0.019999999999999997,0.019999999999999962,1.3199999999999998,21.799999999999997,5.100000000000001,0.0,2.6999999999999993,7,3,4,14
717,Xavi,Simons,Xavi,a,,,7.1,33,,3.7,91,,3.5,,,1,1,,1,,37869,28295,0.5,1.0,3.5,3.5,,,,0.0,0.0,,,,,,,,,,,,,,,,,,,,,,,,,5,1,29,0,0,0,0,0,0,0,0,0,0,0,0,4,254445,53749,0.0,0.25,0.06000000000000001,0.31,0.42000000000000004,3.200000000000003,12.3,24.0,4.0,0,0,1,1
726,Randal,Kolo Muani,Kolo Muani,a,Jaw Injury - 25% chance of playing,,7.0,38,,0.3,324,,0.0,,,0,0,,0,,1659,3297,0.0,0.0,0.0,0.0,,,,0.0,0.0,,,,,,,,,,,,,,,,,,,,,,,,,5,0,0,0,0,0,0,0,0,0,0,0,0,0,0,0,8803,7948,0.0,0.0,0.0,0.0,0.0,0.0,0.0,0.0,0.0,0,0,0,0
745,Jun'ai,Byfield,Byfield,a,,,4.0,687,,0.0,679,,0.0,,,0,0,,0,,53,83,0.0,0.0,-1.0,0.0,,,,0.0,0.0,,,,,,,,,,,,,,,,,,,,,,,,,5,0,0,0,0,0,0,0,0,0,0,0,0,0,0,0,0,0,0.0,0.0,0.0,0.0,0.0,0.0,0.0,0.0,0.0,0,0,0,0
750,James,Rowswell,Rowswell,a,,,4.0,662,,0.0,734,,0.0,,,0,0,,0,,68,7,0.0,0.0,0.3,1.3,,,,0.0,0.0,,,,,,,,,,,,,,,,,,,,,,,,,5,0,0,0,0,0,0,0,0,0,0,0,0,0,0,0,0,0,0.0,0.0,0.0,0.0,0.0,0.0,0.0,0.0,0.0,0,0,0,0
751,Yusuf,Akhamrich,Akhamrich,a,,,4.5,470,,0.0,747,,0.0,,,0,0,,0,,81,6,0.0,0.0,0.2,1.2,,,,0.0,0.0,,,,,,,,,,,,,,,,,,,,,,,,,5,0,0,0,0,0,0,0,0,0,0,0,0,0,0,0,0,0,0.0,0.0,0.0,0.0,0.0,0.0,0.0,0.0,0.0,0,0,0,0
149,Igor Julio,dos Santos de Paulo,Igor,a,,,4.5,416,,0.1,561,,0.0,,,0,0,,0,,109,151,0.0,0.0,0.0,0.0,,,,100.0,100.0,,,,,,,,,,,,,,,,,,,,,,,,,5,0,0,0,0,0,0,0,0,0,0,0,0,0,0,0,453,474,0.0,0.0,0.0,0.0,0.0,0.0,0.0,0.0,0.0,0,0,0,0
600,Alphonse,Areola,Areola,a,,,4.4,517,,2.5,113,,0.3,,,1,0,,-1,,954,6050,0.1,0.2,0.3,0.3,,,,0.0,0.0,,,,,,,,,,,,,,,,,,,,,,,,,5,1,90,0,0,0,2,0,0,0,0,0,1,1,0,4,2914,27316,0.0,0.0,0.0,0.0,2.31,13.2,0.0,0.0,1.3,0,2,7,9
601,Wes,Foderingham,Foderingham,u,has joined Aris Limassol permanently.,,4.0,614,,0.4,256,,0.0,,,0,0,,0,,0,1346,0.0,0.0,0.0,0.0,,,,0.0,0.0,,,,,,,,,,,,,,,,,,,,,,,,,5,0,0,0,0,0,0,0,0,0,0,0,0,0,0,0,0,4828,0.0,0.0,0.0,0.0,0.0,0.0,0.0,0.0,0.0,0,0,0,0
602,Krisztián,Hegyi,Hegyi,a,,,4.0,670,,0.2,334,,0.0,,,0,0,,0,,121,290,0.0,0.0,0.0,0.0,,,,0.0,0.0,,,,,,,,,,,,,,,,,,,,,,,,,5,0,0,0,0,0,0,0,0,0,0,0,0,0,0,0,492,928,0.0,0.0,0.0,0.0,0.0,0.0,0.0,0.0,0.0,0,0,0,0
603,El Hadji Malick,Diouf,Diouf,a,,,4.4,598,,4.4,80,,4.7,,,3,0,,-1,,5527,25973,1.1,4.1,4.7,4.7,,,,0.0,0.0,,,,,,,,,,,,,,,,,,,,,,,,,5,3,90,0,1,0,2,0,0,0,1,0,0,1,0,14,20073,62957,0.0,0.0,0.41000000000000003,0.41,2.3099999999999996,32.19999999999999,38.60000000000001,6.0,7.700000000000003,1,5,7,13
604,Emerson,Palmieri dos Santos,Emerson,u,has joined Marseille permanently.,,4.4,521,,0.1,487,,0.0,,,0,0,,-1,,0,451,0.0,0.0,0.0,0.0,,,,0.0,0.0,,,,,,,,,,,,,,,,,,,,,,,,,5,0,0,0,0,0,0,0,0,0,0,0,0,0,0,0,0,2106,0.0,0.0,0.0,0.0,0.0,0.0,0.0,0.0,0.0,0,0,0,0
605,Maximilian,Kilman,Kilman,a,,,4.4,533,,0.2,368,,3.0,,,2,0,,-1,,93,504,0.7,2.0,3.0,3.0,,,,0.0,0.0,,,,,,,,,,,,,,,,,,,,,,,,,5,2,90,0,0,0,2,0,0,0,1,0,0,1,0,8,1509,1963,0.0,0.0,0.0,0.0,2.3099999999999996,30.200000000000003,1.1000000000000014,0.0,3.0999999999999996,2,9,6,17
606,Konstantinos,Mavropanos,Mavropanos,a,Muscle injury - 50% chance of playing,,4.4,543,,0.1,543,,4.0,,,3,0,,-1,,183,106,0.9,2.7,4.0,4.0,,,,0.0,0.0,,,,,,,,,,,,,,,,,,,,,,,,,5,3,90,0,0,0,2,0,0,0,0,0,0,1,0,11,1383,407,0.0,0.22000000000000003,0.009999999999999998,0.22999999999999998,2.31,31.599999999999994,0.6000000000000001,35.0,6.7,1,10,5,16
607,Nayef,Aguerd,N.Aguerd,u,has joined Marseille permanently.,,4.4,532,,0.1,542,,0.0,,,0,0,,-1,,0,281,0.0,0.7,0.0,0.0,,,,0.0,0.0,,,,,,,,,,,,,,,,,,,,,,,,,5,0,0,0,0,0,0,0,0,0,0,0,0,0,0,0,0,1292,0.0,0.0,0.0,0.0,0.0,0.0,0.0,0.0,0.0,0,0,0,0
608,Ollie,Scarles,Scarles,a,Shoulder injury - Expected back 27 Dec,,4.4,580,,0.0,617,,0.0,,,0,0,,-1,,28,63,0.0,0.0,0.0,0.0,,,,0.0,0.0,,,,,,,,,,,,,,,,,,,,,,,,,5,0,0,0,0,0,0,0,0,0,0,0,0,0,0,0,121,237,0.0,0.0,0.0,0.0,0.0,0.0,0.0,0.0,0.0,0,0,0,0
609,Jean-Clair,Todibo,Todibo,a,,,4.4,555,,0.1,478,,0.0,,,0,0,,-1,,101,237,0.0,0.2,0.0,0.0,,,,0.0,0.0,,,,,,,,,,,,,,,,,,,,,,,,,5,0,0,0,0,0,0,0,0,0,0,0,0,0,0,0,334,958,0.0,0.0,0.0,0.0,0.0,0.0,0.0,0.0,0.0,0,0,0,0
610,Aaron,Wan-Bissaka,Wan-Bissaka,d,Abdominal injury - 50% chance of playing,,4.3,603,,10.1,42,,0.0,,,0,0,,-2,,507,77421,0.0,0.2,0.0,0.0,,,,50.0,0.0,,,,,,,,,,,,,,,,,,,,,,,,,5,0,0,0,0,0,0,0,0,0,0,0,0,0,0,0,3198,336572,0.0,0.0,0.0,0.0,0.0,0.0,0.0,0.0,0.0,0,0,0,0
611,Kaelan,Casey,Casey,u,Has joined Swansea City on loan for the rest of the season.,,4.0,688,,0.1,473,,0.0,,,0,0,,0,,0,196,0.0,0.0,0.0,0.0,,,,0.0,0.0,,,,,,,,,,,,,,,,,,,,,,,,,5,0,0,0,0,0,0,0,0,0,0,0,0,0,0,0,0,708,0.0,0.0,0.0,0.0,0.0,0.0,0.0,0.0,0.0,0,0,0,0
612,Lucas,Tolentino Coelho de Lima,L.Paquetá,a,Suspended until 30 Nov,,5.9,108,,3.8,90,,4.3,,,1,0,,-1,,12747,28438,0.7,4.1,4.3,4.3,,,,0.0,0.0,,,,,,,,,,,,,,,,,,,,,,,,,5,1,90,0,0,0,2,0,0,0,1,0,0,1,0,6,101723,63182,0.0,0.030000000000000027,0.07999999999999999,0.1100000000000001,2.3100000000000005,11.199999999999989,34.400000000000006,13.0,5.899999999999999,2,0,5,7
613,Tomáš,Souček,Souček,s,Suspended until 20 Oct,,5.7,122,,0.3,306,,0.3,,,0,-1,,-3,,9,2112,0.1,0.7,0.0,0.0,,,,0.0,0.0,,,,,,,,,,,,,,,,,,,,,,,,,5,0,0,0,0,0,0,0,0,0,0,0,0,0,0,0,56,14445,0.0,0.0,0.0,0.0,0.0,0.0,0.0,0.0,0.0,0,0,0,0
614,James,Ward-Prowse,Ward-Prowse,a,,,5.9,97,,0.3,328,,2.3,,,2,0,,-1,,256,825,0.4,1.9,2.3,2.3,,,,0.0,0.0,,,,,,,,,,,,,,,,,,,,,,,,,5,2,90,0,0,0,2,0,0,0,0,0,0,1,0,15,1601,3188,0.0,0.020000000000000004,0.22999999999999998,0.25,2.3099999999999996,10.200000000000003,26.600000000000023,2.0,3.8999999999999986,1,2,1,4
615,Crysencio,Summerville,Summerville,a,,,5.5,159,,0.1,547,,3.7,,,2,0,,0,,276,401,0.7,2.0,3.7,3.7,,,,100.0,100.0,,,,,,,,,,,,,,,,,,,,,,,,,5,2,77,0,0,0,2,0,0,0,0,0,0,1,0,3,1959,1084,0.0,0.0,0.2,0.2,2.18,1.0,12.2,6.0,1.8999999999999995,0,0,3,3
616,Edson,Álvarez Velázquez,Álvarez,u,Has joined Fenerbahçe on loan for the rest of the season.,,4.9,329,,0.1,529,,0.0,,,0,0,,-1,,0,217,0.0,0.0,0.0,0.0,,,,0.0,0.0,,,,,,,,,,,,,,,,,,,,,,,,,5,0,0,0,0,0,0,0,0,0,0,0,0,0,0,0,0,1004,0.0,0.0,0.0,0.0,0.0,0.0,0.0,0.0,0.0,0,0,0,0
617,Maxwel,Cornet,Cornet,u,has joined Genoa on loan for the rest of the season.,,4.9,313,,0.0,647,,0.0,,,0,0,,-1,,0,85,0.0,0.0,0.0,0.0,,,,0.0,0.0,,,,,,,,,,,,,,,,,,,,,,,,,5,0,0,0,0,0,0,0,0,0,0,0,0,0,0,0,0,336,0.0,0.0,0.0,0.0,0.0,0.0,0.0,0.0,0.0,0,0,0,0
618,Guido,Rodríguez,G.Rodriguez,a,,,4.9,321,,0.0,580,,0.0,,,0,0,,-1,,29,117,0.0,0.4,0.0,0.0,,,,0.0,0.0,,,,,,,,,,,,,,,,,,,,,,,,,5,0,0,0,0,0,0,0,0,0,0,0,0,0,0,0,126,447,0.0,0.0,0.0,0.0,0.0,0.0,0.0,0.0,0.0,0,0,0,0
619,Luis Guilherme,Lira dos Santos,L.Guilherme,a,,,4.9,371,,0.0,658,,0.7,,,1,0,,-1,,20,26,0.1,0.4,0.7,0.7,,,,100.0,100.0,,,,,,,,,,,,,,,,,,,,,,,,,5,1,12,0,0,0,0,0,0,0,0,0,0,0,0,1,84,126,0.0,0.07,0.0,0.07,0.14,0.0,0.0,4.0,0.19999999999999998,0,0,0,0
620,George,Earthy,Earthy,a,Hamstring injury - 50% chance of playing,,4.5,449,,0.1,552,,0.0,,,0,0,,0,,142,145,0.0,0.0,0.0,0.0,,,,100.0,100.0,,,,,,,,,,,,,,,,,,,,,,,,,5,0,0,0,0,0,0,0,0,0,0,0,0,0,0,0,455,492,0.0,0.0,0.0,0.0,0.0,0.0,0.0,0.0,0.0,0,0,0,0
621,Andy,Irving,Irving,a,,,4.4,537,,0.3,320,,0.7,,,0,0,,-1,,2994,851,0.2,0.7,0.7,0.7,,,,0.0,0.0,,,,,,,,,,,,,,,,,,,,,,,,,5,0,0,0,0,0,0,0,0,0,0,0,0,0,0,0,5607,2253,0.0,0.0,0.0,0.0,0.0,0.0,0.0,0.0,0.0,0,0,0,0
622,Lewis,Orford,Orford,u,has joined Stevenage on loan for the rest of the season.,,4.4,575,,0.1,492,,0.0,,,0,0,,-1,,0,258,0.0,0.0,0.0,0.0,,,,0.0,0.0,,,,,,,,,,,,,,,,,,,,,,,,,5,0,0,0,0,0,0,0,0,0,0,0,0,0,0,0,0,1081,0.0,0.0,0.0,0.0,0.0,0.0,0.0,0.0,0.0,0,0,0,0
623,Freddie,Potts,Potts,a,Dead leg - 75% chance of playing,,4.4,560,,0.7,199,,0.0,,,0,0,,-1,,2391,2543,0.0,0.2,0.0,0.0,,,,0.0,0.0,,,,,,,,,,,,,,,,,,,,,,,,,5,0,0,0,0,0,0,0,0,0,0,0,0,0,0,0,15875,8914,0.0,0.0,0.0,0.0,0.0,0.0,0.0,0.0,0.0,0,0,0,0
624,Jarrod,Bowen,Bowen,a,,,7.7,19,,6.4,60,,6.7,,,9,0,,-3,,11995,16487,0.9,3.1,6.7,6.7,,,,0.0,0.0,,,,,,,,,,,,,,,,,,,,,,,,,5,9,90,1,0,0,2,0,0,0,0,0,0,1,3,31,39044,89516,0.0,0.24000000000000005,0.23,0.4700000000000001,2.3099999999999996,40.8,20.400000000000006,23.0,8.399999999999999,1,1,1,3
625,Niclas,Füllkrug,Füllkrug,a,Muscle injury - 50% chance of playing,,5.7,121,,1.2,173,,1.0,,,1,-1,,-3,,1065,5764,0.2,1.1,1.0,1.0,,,,100.0,100.0,,,,,,,,,,,,,,,,,,,,,,,,,5,1,31,0,0,0,1,0,0,0,0,0,0,0,0,1,4811,22434,0.0,0.0,0.03,0.02999999999999997,0.5500000000000003,0.0,10.599999999999998,2.0,1.200000000000001,0,0,0,0
626,Callum,Marshall,Marshall,a,,,4.4,589,,0.7,203,,0.0,,,0,0,,-1,,1694,2073,0.0,0.0,0.0,0.0,,,,0.0,0.0,,,,,,,,,,,,,,,,,,,,,,,,,5,0,0,0,0,0,0,0,0,0,0,0,0,0,0,0,7808,6386,0.0,0.0,0.0,0.0,0.0,0.0,0.0,0.0,0.0,0,0,0,0
659,Kyle,Walker-Peters,Walker-Peters,a,,,4.4,528,,0.4,288,,2.7,,,1,0,,-1,,446,686,0.6,2.0,2.7,2.7,,,,0.0,0.0,,,,,,,,,,,,,,,,,,,,,,,,,5,1,90,0,0,0,2,0,0,0,0,0,0,1,0,13,2794,2638,0.0,0.1,0.02,0.12,2.3099999999999996,17.4,6.399999999999999,26.0,5.0,1,2,4,7
671,Callum,Wilson,Wilson,a,,,5.9,95,,0.5,250,,3.0,,,1,0,,-1,,1299,1841,0.5,1.9,3.0,3.0,,,,0.0,0.0,,,,,,,,,,,,,,,,,,,,,,,,,5,1,58,0,0,0,1,0,0,0,0,0,0,1,0,1,6500,6008,0.0,0.0,0.0,0.0,1.7600000000000002,4.199999999999996,1.5,4.0,1.0,0,1,1,2
679,Mads,Hermansen,Hermansen,a,,,4.5,441,,0.3,301,,2.7,,,0,0,,0,,282,983,0.6,2.0,2.7,2.7,,,,0.0,0.0,,,,,,,,,,,,,,,,,,,,,,,,,5,0,0,0,0,0,0,0,0,0,0,0,0,0,0,0,3308,2873,0.0,0.0,0.0,0.0,0.0,0.0,0.0,0.0,0.0,0,0,0,0
708,Mateus Gonçalo,Espanha Fernandes,M.Fernandes,a,,,5.5,169,,0.0,643,,2.3,,,2,0,,0,,70,134,0.4,1.3,2.3,2.3,,,,0.0,0.0,,,,,,,,,,,,,,,,,,,,,,,,,5,2,77,0,0,0,2,0,0,0,0,0,0,1,0,11,534,385,0.0,0.0,0.010000000000000009,0.010000000000000009,2.1799999999999997,8.600000000000001,4.799999999999997,0.0,1.3000000000000007,0,3,2,5
718,Soungoutou,Magassa,S.Magassa,a,,,5.0,301,,0.0,721,,1.0,,,1,0,,0,,16,16,0.2,0.4,1.0,1.0,,,,0.0,0.0,,,,,,,,,,,,,,,,,,,,,,,,,5,1,12,0,0,0,0,0,0,0,0,0,0,0,0,2,68,64,0.0,0.0,0.0,0.0,0.14,0.0,0.3999999999999999,0.0,0.0,0,0,1,1
738,Lukasz,Fabianski,Fabianski,a,Back injury - 25% chance of playing,,4.5,388,,0.0,666,,0.0,,,0,0,,0,,143,46,0.0,0.0,0.0,0.0,,,,0.0,0.0,,,,,,,,,,,,,,,,,,,,,,,,,5,0,0,0,0,0,0,0,0,0,0,0,0,0,0,0,597,141,0.0,0.0,0.0,0.0,0.0,0.0,0.0,0.0,0.0,0,0,0,0
747,Ezra,Mayers,Mayers,a,,,4.0,684,,0.0,710,,0.0,,,0,0,,0,,91,42,0.0,0.0,0.0,0.0,,,,0.0,0.0,,,,,,,,,,,,,,,,,,,,,,,,,5,0,0,0,0,0,0,0,0,0,0,0,0,0,0,0,0,0,0.0,0.0,0.0,0.0,0.0,0.0,0.0,0.0,0.0,0,0,0,0
752,Airidas,Golambeckis,Golambeckis,a,,,4.0,689,,0.0,738,,0.0,,,0,0,,0,,62,13,0.0,0.0,1.3,1.3,,,,0.0,0.0,,,,,,,,,,,,,,,,,,,,,,,,,5,0,0,0,0,0,0,0,0,0,0,0,0,0,0,0,0,0,0.0,0.0,0.0,0.0,0.0,0.0,0.0,0.0,0.0,0,0,0,0
627,Sam,Johnstone,Johnstone,a,,,4.5,395,,0.1,435,,0.8,,,0,0,,0,,93,264,0.2,0.7,0.8,1.3,,,,0.0,0.0,,,,,,,,,,,,,,,,,,,,,,,,,5,0,0,0,0,0,0,0,0,0,0,0,0,0,0,0,1107,765,0.0,0.0,0.0,0.0,0.0,0.0,0.0,0.0,0.0,0,0,0,0
628,José,Malheiro de Sá,José Sá,a,,,4.5,399,,1.6,147,,1.2,,,1,0,,0,,521,4063,0.3,1.1,1.2,1.7,,,,0.0,0.0,,,,,,,,,,,,,,,,,,,,,,,,,5,1,90,0,0,0,3,0,0,0,0,0,1,1,0,0,3675,13046,0.0,0.0,0.0,0.0,0.47999999999999954,7.799999999999997,0.0,0.0,0.7999999999999998,0,0,7,7
629,Daniel,Bentley,Bentley,a,,,4.0,612,,0.7,211,,0.0,,,0,0,,0,,411,795,0.0,0.0,0.0,0.5,,,,0.0,0.0,,,,,,,,,,,,,,,,,,,,,,,,,5,0,0,0,0,0,0,0,0,0,0,0,0,0,0,0,1502,2768,0.0,0.0,0.0,0.0,0.0,0.0,0.0,0.0,0.0,0,0,0,0
631,Emmanuel,Agbadou,Agbadou,a,,,4.5,461,,0.4,266,,3.0,,,3,0,,0,,474,3373,0.7,2.7,3.0,3.5,,,,0.0,0.0,,,,,,,,,,,,,,,,,,,,,,,,,5,3,90,0,0,0,3,0,0,0,0,0,0,1,0,16,5950,5865,0.0,0.13,0.11000000000000001,0.24,0.47999999999999954,35.0,21.900000000000002,30.0,8.7,7,4,9,20
632,Matt,Doherty,Doherty,a,Knee injury - 50% chance of playing,,4.4,518,,0.1,411,,0.2,,,0,0,,-1,,91,396,0.0,0.0,0.2,0.7,,,,0.0,0.0,,,,,,,,,,,,,,,,,,,,,,,,,5,0,0,0,0,0,0,0,0,0,0,0,0,0,0,0,490,1487,0.0,0.0,0.0,0.0,0.0,0.0,0.0,0.0,0.0,0,0,0,0
633,Hugo,Bueno López,H.Bueno,a,,,4.4,562,,0.1,526,,1.5,,,1,0,,-1,,65,162,0.3,1.6,1.5,2.0,,,,100.0,100.0,,,,,,,,,,,,,,,,,,,,,,,,,5,1,45,0,0,0,0,0,0,0,0,0,0,0,0,12,1180,453,0.0,0.0,0.27,0.26999999999999996,0.0699999999999994,19.999999999999993,52.5,0.0,7.300000000000001,1,0,3,4
634,Yerson,Mosquera Valdelamar,Mosquera,a,,,4.4,571,,0.1,569,,0.8,,,1,0,,-1,,52,106,0.2,0.7,0.8,1.3,,,,0.0,0.0,,,,,,,,,,,,,,,,,,,,,,,,,5,1,71,0,0,0,3,0,0,0,0,0,0,1,0,5,365,326,0.0,0.05,0.0,0.05,0.48,7.399999999999999,0.3,21.0,2.8999999999999995,2,1,7,10
635,Rodrigo,Martins Gomes,R.Gomes,a,Groin Injury - Expected back 17 Jan,,4.5,444,,0.1,463,,2.2,,,0,0,,0,,92,561,0.5,2.2,2.2,2.7,,,,0.0,0.0,,,,,,,,,,,,,,,,,,,,,,,,,5,0,45,0,0,0,3,0,0,0,0,0,0,1,0,-4,3960,1247,0.0,0.030000000000000027,0.13,0.16000000000000003,0.42000000000000015,7.199999999999996,16.3,6.0,3.0,2,1,0,3
636,Santiago,Ignacio Bueno,S.Bueno,a,,,4.4,540,,0.0,583,,1.0,,,0,0,,-1,,14,100,0.2,0.9,1.0,1.5,,,,0.0,0.0,,,,,,,,,,,,,,,,,,,,,,,,,5,0,0,0,0,0,0,0,0,0,0,0,0,0,0,0,158,341,0.0,0.0,0.0,0.0,0.0,0.0,0.0,0.0,0.0,0,0,0,0
637,Toti,Gomes,Toti,a,,,4.4,573,,0.1,436,,1.0,,,1,0,,-1,,62,302,0.2,0.9,1.0,1.5,,,,0.0,0.0,,,,,,,,,,,,,,,,,,,,,,,,,5,1,71,0,0,0,3,0,0,0,0,0,0,1,0,5,815,1010,0.0,0.0,0.009999999999999998,0.010000000000000009,0.4800000000000004,9.199999999999989,1.3000000000000007,0.0,1.1000000000000014,0,2,2,4
638,Ki-Jana,Hoever,Hoever,a,,,4.0,650,,1.3,169,,0.2,,,0,0,,0,,165,4317,0.0,0.5,0.2,0.2,,,,100.0,25.0,,,,,,,,,,,,,,,,,,,,,,,,,5,0,0,0,0,0,0,0,0,0,0,0,0,0,0,0,218,18213,0.0,0.0,0.0,0.0,0.0,0.0,0.0,0.0,0.0,0,0,0,0
639,Bastien,Meupiyou Menadjou,Meupiyou,u,On loan to FC Alverca,,4.0,701,,0.0,698,,0.0,,,0,0,,0,,0,15,0.0,0.0,0.0,0.0,,,,0.0,0.0,,,,,,,,,,,,,,,,,,,,,,,,,5,0,0,0,0,0,0,0,0,0,0,0,0,0,0,0,0,44,0.0,0.0,0.0,0.0,0.0,0.0,0.0,0.0,0.0,0,0,0,0
640,Pedro,Cardoso de Lima,Pedro Lima,u,has joined Porto on loan for the rest of the season.,,4.0,718,,0.7,214,,0.0,,,0,0,,0,,0,2056,0.0,0.0,0.0,0.0,,,,0.0,0.0,,,,,,,,,,,,,,,,,,,,,,,,,5,0,0,0,0,0,0,0,0,0,0,0,0,0,0,0,0,8706,0.0,0.0,0.0,0.0,0.0,0.0,0.0,0.0,0.0,0,0,0,0
641,Alfie,Pond,Pond,a,,,4.0,687,,1.1,176,,0.0,,,0,0,,0,,310,1830,0.0,0.0,0.0,0.5,,,,0.0,0.0,,,,,,,,,,,,,,,,,,,,,,,,,5,0,0,0,0,0,0,0,0,0,0,0,0,0,0,0,1386,6633,0.0,0.0,0.0,0.0,0.0,0.0,0.0,0.0,0.0,0,0,0,0
642,Hwang,Hee-chan,Hee Chan,a,,,5.9,102,,0.2,340,,2.5,,,0,0,,-1,,243,2803,0.4,1.9,2.5,3.0,,,,0.0,0.0,,,,,,,,,,,,,,,,,,,,,,,,,5,0,0,0,0,0,0,0,0,0,0,0,0,0,0,0,12544,4969,0.0,0.0,0.0,0.0,0.0,0.0,0.0,0.0,0.0,0,0,0,0
643,André,Trindade da Costa Neto,André,a,,,5.4,203,,0.1,512,,1.2,,,1,0,,-1,,23,223,0.2,1.7,1.2,1.7,,,,0.0,0.0,,,,,,,,,,,,,,,,,,,,,,,,,5,1,18,0,0,0,0,0,0,0,0,0,0,0,0,9,335,807,0.0,0.02,0.020000000000000004,0.04000000000000001,0.0,4.600000000000001,4.9,2.0,1.2000000000000002,0,1,2,3
644,Jean-Ricner,Bellegarde,Bellegarde,a,,,5.4,186,,0.1,555,,1.0,,,1,0,,-1,,11,148,0.2,1.1,1.0,1.5,,,,0.0,0.0,,,,,,,,,,,,,,,,,,,,,,,,,5,1,45,0,0,0,3,0,0,0,0,0,0,1,0,3,133,690,0.0,0.0,0.04000000000000001,0.03999999999999998,0.4200000000000004,3.799999999999999,11.300000000000004,2.0,1.6999999999999993,0,0,2,2
645,Fer,López González,Fer López,a,,,5.4,214,,0.0,614,,1.2,,,3,0,,-1,,26,50,0.2,1.1,1.2,1.7,,,,0.0,0.0,,,,,,,,,,,,,,,,,,,,,,,,,5,3,45,0,1,0,3,0,0,0,1,0,0,1,0,13,94,274,0.0,0.0,0.4,0.4,0.42000000000000004,20.0,28.800000000000004,2.0,5.1,1,0,2,3
646,João Victor,Gomes da Silva,Gomes,a,,,5.4,197,,0.1,479,,2.5,,,4,0,,-1,,119,264,0.5,2.2,2.5,3.0,,,,0.0,0.0,,,,,,,,,,,,,,,,,,,,,,,,,5,4,90,0,0,0,3,0,0,0,0,0,0,1,0,18,1043,947,0.0,0.22999999999999998,0.10999999999999999,0.34,0.47999999999999954,19.60000000000001,12.899999999999999,12.0,4.5,4,4,6,14
647,Gonçalo Manuel,Ganchinho Guedes,Guedes,u,Has joined Real Sociedad permanently.,,5.5,142,,0.0,727,,0.0,,,0,0,,0,,0,7,0.0,0.0,0.0,0.0,,,,0.0,0.0,,,,,,,,,,,,,,,,,,,,,,,,,5,0,0,0,0,0,0,0,0,0,0,0,0,0,0,0,0,28,0.0,0.0,0.0,0.0,0.0,0.0,0.0,0.0,0.0,0,0,0,0
648,Marshall,Munetsi,Munetsi,a,,,5.5,152,,0.1,577,,2.0,,,1,0,,0,,47,267,0.4,1.8,2.0,2.5,,,,0.0,0.0,,,,,,,,,,,,,,,,,,,,,,,,,5,1,45,0,0,0,0,0,0,0,0,0,0,0,0,4,625,915,0.0,0.38,0.0,0.38,0.07000000000000028,4.0,1.9000000000000057,33.0,3.9000000000000004,1,0,1,2
649,Boubacar,Traoré,B.Traore,u,Has joined FC Metz on loan for the rest of the season.,,5.0,284,,0.0,737,,0.0,,,0,0,,0,,0,1,0.0,0.0,0.0,0.0,,,,0.0,0.0,,,,,,,,,,,,,,,,,,,,,,,,,5,0,0,0,0,0,0,0,0,0,0,0,0,0,0,0,0,4,0.0,0.0,0.0,0.0,0.0,0.0,0.0,0.0,0.0,0,0,0,0
650,Tawanda,Chirewa,Chirewa,a,,,4.4,566,,0.3,304,,0.0,,,0,0,,-1,,1311,1044,0.0,0.0,0.0,0.5,,,,0.0,0.0,,,,,,,,,,,,,,,,,,,,,,,,,5,0,0,0,0,0,0,0,0,0,0,0,0,0,0,0,4791,3302,0.0,0.0,0.0,0.0,0.0,0.0,0.0,0.0,0.0,0,0,0,0
651,Tom,Edozie,Edozie,a,,,4.4,595,,0.4,260,,0.0,,,0,0,,-1,,2188,1487,0.0,0.0,0.0,0.5,,,,0.0,0.0,,,,,,,,,,,,,,,,,,,,,,,,,5,0,0,0,0,0,0,0,0,0,0,0,0,0,0,0,7466,4699,0.0,0.0,0.0,0.0,0.0,0.0,0.0,0.0,0.0,0,0,0,0
652,Enso,González Medina,Gonzalez,a,,,4.4,593,,1.7,143,,0.0,,,0,0,,-1,,10014,5389,0.0,0.0,0.0,0.5,,,,0.0,0.0,,,,,,,,,,,,,,,,,,,,,,,,,5,0,0,0,0,0,0,0,0,0,0,0,0,0,0,0,33459,16814,0.0,0.0,0.0,0.0,0.0,0.0,0.0,0.0,0.0,0,0,0,0
653,Joe,Hodge,Hodge,u,Signed by CD Tondela,,4.5,422,,0.0,592,,0.0,,,0,0,,0,,0,116,0.0,0.0,0.0,0.0,,,,0.0,0.0,,,,,,,,,,,,,,,,,,,,,,,,,5,0,0,0,0,0,0,0,0,0,0,0,0,0,0,0,0,324,0.0,0.0,0.0,0.0,0.0,0.0,0.0,0.0,0.0,0,0,0,0
654,Jørgen,Strand Larsen,Strand Larsen,a,,,6.4,66,,1.6,148,,0.8,,,1,0,,-1,,3380,9839,0.1,0.8,0.8,1.0,,,,100.0,75.0,,,,,,,,,,,,,,,,,,,,,,,,,5,1,45,0,0,0,0,0,0,0,0,0,0,0,0,2,6657,52352,0.0,0.040000000000000036,0.12000000000000001,0.16000000000000003,0.06999999999999984,0.0,1.6000000000000005,10.0,0.8999999999999986,0,0,1,1
655,Fábio,Soares Silva,Fábio Silva,u,has joined Borussia Dortmund permanently.,,4.9,351,,0.3,316,,0.0,,,0,0,,-1,,0,1223,0.0,0.0,0.0,0.0,,,,0.0,0.0,,,,,,,,,,,,,,,,,,,,,,,,,5,0,0,0,0,0,0,0,0,0,0,0,0,0,0,0,0,5068,0.0,0.0,0.0,0.0,0.0,0.0,0.0,0.0,0.0,0,0,0,0
656,Saša,Kalajdžić,Kalajdžić,u,has joined LASK on loan for the rest of the season.,,4.9,344,,0.1,520,,0.2,,,0,0,,-1,,0,255,0.0,0.2,0.0,0.0,,,,0.0,0.0,,,,,,,,,,,,,,,,,,,,,,,,,5,0,0,0,0,0,0,0,0,0,0,0,0,0,0,0,0,1117,0.0,0.0,0.0,0.0,0.0,0.0,0.0,0.0,0.0,0,0,0,0
657,Leon,Chiwome,Chiwome,i,Knee injury - Unknown return date,,4.5,493,,0.0,613,,0.0,,,0,0,,0,,55,106,0.0,0.0,0.0,0.0,,,,0.0,0.0,,,,,,,,,,,,,,,,,,,,,,,,,5,0,0,0,0,0,0,0,0,0,0,0,0,0,0,0,141,370,0.0,0.0,0.0,0.0,0.0,0.0,0.0,0.0,0.0,0,0,0,0
658,Nathan,Fraser,Fraser,a,,,4.4,577,,2.3,119,,0.0,,,0,0,,-1,,7795,6966,0.0,0.0,0.0,0.5,,,,0.0,0.0,,,,,,,,,,,,,,,,,,,,,,,,,5,0,0,0,0,0,0,0,0,0,0,0,0,0,0,0,38456,21350,0.0,0.0,0.0,0.0,0.0,0.0,0.0,0.0,0.0,0,0,0,0
663,Jhon,Arias,J.Arias,a,,,5.3,223,,0.3,309,,1.2,,,1,0,,-2,,81,1945,0.2,1.1,1.2,1.7,,,,0.0,0.0,,,,,,,,,,,,,,,,,,,,,,,,,5,1,18,0,0,0,0,0,0,0,0,0,0,0,0,5,932,6630,0.0,0.0,0.06,0.06,0.0,6.800000000000001,29.1,10.0,4.6000000000000005,0,0,0,0
682,David,Møller Wolfe,Møller Wolfe,a,,,4.5,455,,0.1,510,,1.2,,,0,0,,0,,27,231,0.3,1.3,1.2,1.7,,,,0.0,0.0,,,,,,,,,,,,,,,,,,,,,,,,,5,0,0,0,0,0,0,0,0,0,0,0,0,0,0,0,211,739,0.0,0.0,0.0,0.0,0.0,0.0,0.0,0.0,0.0,0,0,0,0
695,Jackson,Tchatchoua,Tchatchoua,a,,,4.5,462,,0.0,665,,1.0,,,1,0,,0,,29,56,0.2,0.9,1.0,1.5,,,,0.0,0.0,,,,,,,,,,,,,,,,,,,,,,,,,5,1,90,0,0,0,3,0,0,0,0,0,0,1,0,8,166,193,0.0,0.0,0.010000000000000002,0.010000000000000002,0.48,21.999999999999996,30.8,6.0,5.9,4,2,5,11
709,Ladislav,Krejcí,Krejčí,a,,,4.5,427,,0.0,654,,2.7,,,7,0,,0,,556,138,0.6,1.8,2.7,3.2,,,,0.0,0.0,,,,,,,,,,,,,,,,,,,,,,,,,5,7,90,1,0,0,3,0,0,0,0,0,0,1,0,8,1046,203,0.0,0.68,0.04000000000000001,0.72,0.47999999999999976,49.400000000000006,13.6,17.0,8.0,5,3,4,12
720,Tolu,Arokodare,Tolu,a,,,5.5,163,,0.1,525,,2.0,,,2,0,,0,,311,553,0.4,0.7,2.0,2.5,,,,0.0,0.0,,,,,,,,,,,,,,,,,,,,,,,,,5,2,90,0,0,0,3,0,0,0,0,0,0,1,0,8,4960,1352,0.0,0.22,0.03,0.25,0.48,5.0,13.0,47.0,6.5,1,1,2,4
749,Mateus,Mané,Mané,a,,,4.5,487,,0.0,694,,1.0,,,0,0,,0,,759,86,0.2,0.2,1.2,1.2,,,,0.0,0.0,,,,,,,,,,,,,,,,,,,,,,,,,5,0,0,0,0,0,0,0,0,0,0,0,0,0,0,0,0,0,0.0,0.0,0.0,0.0,0.0,0.0,0.0,0.0,0.0,0,0,0,0
