id,first_name,second_name,web_name,status,news,news_added,now_cost,now_cost_rank,now_cost_rank_type,selected_by_percent,selected_rank,selected_rank_type,form,form_rank,form_rank_type,event_points,cost_change_event,cost_change_event_fall,cost_change_start,cost_change_start_fall,transfers_in_event,transfers_out_event,value_form,value_season,ep_next,ep_this,points_per_game,points_per_game_rank,points_per_game_rank_type,chance_of_playing_next_round,chance_of_playing_this_round,influence_rank,influence_rank_type,creativity_rank,creativity_rank_type,threat_rank,threat_rank_type,ict_index_rank,ict_index_rank_type,corners_and_indirect_freekicks_order,direct_freekicks_order,penalties_order,set_piece_threat,corners_and_indirect_freekicks_text,direct_freekicks_text,penalties_text,expected_goals_per_90,expected_assists_per_90,expected_goal_involvements_per_90,expected_goals_conceded_per_90,saves_per_90,clean_sheets_per_90,goals_conceded_per_90,starts_per_90,defensive_contribution_per_90,gw,total_points,minutes,goals_scored,assists,clean_sheets,goals_conceded,own_goals,penalties_saved,penalties_missed,yellow_cards,red_cards,saves,starts,bonus,bps,transfers_in,transfers_out,dreamteam_count,expected_goals,expected_assists,expected_goal_involvements,expected_goals_conceded,influence,creativity,threat,ict_index,tackles,clearances_blocks_interceptions,recoveries,defensive_contribution
1,David,Raya Martín,Raya,a,,,6.0,61,1,38.3,6,1,6.0,60,6,0,0,0,0,0,0,0,1.0,1.0,4.0,4.0,6.0,60,6,,,144,19,590,68,581,68,231,19,,,,,,,,0.0,0.0,0.0,0.2,1,1.0,0.0,1.0,0.0,2,0,0.0,0.0,0.0,0.0,0.0,0.0,0.0,0.0,0.0,0.0,0.0,0.0,0.0,0.0,14965.0,13448.0,0.0,0.0,0.0,0.0,0.0,0.0,0.0,0.0,0.0,0.0,0.0,0.0,0.0
2,Kepa,Arrizabalaga Revuelta,Arrizabalaga,a,,,5.0,237,9,0.1,443,49,0.0,448,63,0,0,0,0,0,0,0,0.0,0.0,2.6,2.6,0.0,448,63,,,437,63,444,52,385,52,453,63,,,,,,,,0.0,0.0,0.0,0.0,0,0.0,0.0,0.0,0.0,2,0,0.0,0.0,0.0,0.0,0.0,0.0,0.0,0.0,0.0,0.0,0.0,0.0,0.0,0.0,32.0,198.0,0.0,0.0,0.0,0.0,0.0,0.0,0.0,0.0,0.0,0.0,0.0,0.0,0.0
3,Illan,Meslier,Meslier,a,,,5.0,303,16,0.0,526,57,0.0,487,66,0,0,0,0,0,0,0,0.0,0.0,2.6,2.6,0.0,487,66,,,476,66,486,59,439,59,492,66,,,,,,,,0.0,0.0,0.0,0.0,0,0.0,0.0,0.0,0.0,2,0,0.0,0.0,0.0,0.0,0.0,0.0,0.0,0.0,0.0,0.0,0.0,0.0,0.0,0.0,8.0,63.0,0.0,0.0,0.0,0.0,0.0,0.0,0.0,0.0,0.0,0.0,0.0,0.0,0.0
4,Gabriel,dos Santos Magalhães,Gabriel,a,,,8.0,8,1,29.0,8,2,5.0,73,30,0,0,0,0,0,0,0,0.6,0.6,4.0,4.0,5.0,73,30,,,196,87,193,59,194,66,240,90,,,,,,,,0.05,0.01,0.06,0.2,0,1.0,0.0,1.0,4.0,2,0,0.0,0.0,0.0,0.0,0.0,0.0,0.0,0.0,0.0,0.0,0.0,0.0,0.0,0.0,6754.0,20239.0,0.0,0.0,0.0,0.0,0.0,0.0,0.0,0.0,0.0,0.0,0.0,0.0,0.0
5,Jurriën,Timber,J.Timber,i,Groin injury - Unknown return date,,6.5,43,3,0.1,419,149,0.0,606,204,0,0,0,0,0,0,0,0.0,0.0,0.0,0.0,0.0,606,204,0.0,0.0,608,206,610,206,608,206,610,206,,,,,,,,0.0,0.0,0.0,0.0,0,0.0,0.0,0.0,0.0,2,0,0.0,0.0,0.0,0.0,0.0,0.0,0.0,0.0,0.0,0.0,0.0,0.0,0.0,0.0,33.0,301.0,0.0,0.0,0.0,0.0,0.0,0.0,0.0,0.0,0.0,0.0,0.0,0.0,0.0
6,William,Saliba,Saliba,i,Back injury - Unknown return date,,6.0,89,9,0.3,310,117,0.0,592,203,0,0,0,0,0,0,0,0.0,0.0,0.0,0.0,0.0,592,203,0.0,0.0,592,205,596,205,589,205,596,205,,,,,,,,0.0,0.0,0.0,0.0,0,0.0,0.0,0.0,0.0,2,0,0.0,0.0,0.0,0.0,0.0,0.0,0.0,0.0,0.0,0.0,0.0,0.0,0.0,0.0,58.0,551.0,0.0,0.0,0.0,0.0,0.0,0.0,0.0,0.0,0.0,0.0,0.0,0.0,0.0
7,Myles,Lewis-Skelly,Lewis-Skelly,a,,,5.5,196,122,0.7,227,75,3.0,100,43,0,0,0,0,0,0,0,0.5,0.5,2.0,2.0,3.0,100,43,,,155,54,54,35,112,59,101,52,,,,,,,,0.06,0.11,0.17,0.2,0,1.0,0.0,1.0,7.0,2,0,0.0,0.0,0.0,0.0,0.0,0.0,0.0,0.0,0.0,0.0,0.0,0.0,0.0,0.0,1288.0,1342.0,0.0,0.0,0.0,0.0,0.0,0.0,0.0,0.0,0.0,0.0,0.0,0.0,0.0
8,Riccardo,Calafiori,Calafiori,a,,,5.6,113,11,41.8,5,1,9.0,25,10,0,0,0,1,-1,0,0,1.6,1.6,2.6,2.6,9.0,25,10,,,62,24,105,31,137,45,98,34,,,,,,,,0.04,0.1,0.14,0.07,0,1.12,0.0,1.12,5.62,2,0,0.0,0.0,0.0,0.0,0.0,0.0,0.0,0.0,0.0,0.0,0.0,0.0,0.0,0.0,31535.0,6949.0,0.0,0.0,0.0,0.0,0.0,0.0,0.0,0.0,0.0,0.0,0.0,0.0,0.0
9,Piero,Hincapié,Hincapie,a,,,5.4,225,34,1.5,160,65,1.0,243,93,0,0,0,-1,1,0,0,0.2,0.2,2.4,2.4,1.0,243,93,,,273,102,252,91,512,191,290,102,,,,,,,,0.0,0.0,0.0,1.5,0,0.0,0.0,0.0,0.0,2,0,0.0,0.0,0.0,0.0,0.0,0.0,0.0,0.0,0.0,0.0,0.0,0.0,0.0,0.0,400.0,5039.0,0.0,0.0,0.0,0.0,0.0,0.0,0.0,0.0,0.0,0.0,0.0,0.0,0.0
10,Benjamin,White,White,a,,,5.5,133,14,6.9,59,24,11.0,10,5,0,0,0,0,0,0,0,2.0,2.0,2.5,2.5,11.0,10,5,100.0,100.0,42,15,38,11,76,21,41,11,,,,,,,,0.18,0.21,0.39,0.2,0,1.0,0.0,1.0,5.0,2,0,0.0,0.0,0.0,0.0,0.0,0.0,0.0,0.0,0.0,0.0,0.0,0.0,0.0,0.0,23404.0,4819.0,0.0,0.0,0.0,0.0,0.0,0.0,0.0,0.0,0.0,0.0,0.0,0.0,0.0
11,Cristhian,Mosquera,Mosquera,a,,,5.5,198,28,5.7,65,26,6.0,58,26,0,0,0,0,0,0,0,1.1,1.1,2.5,2.5,6.0,58,26,,,119,55,246,89,565,199,210,82,,,,,,,,0.0,0.0,0.0,0.2,0,1.0,0.0,1.0,6.0,2,0,0.0,0.0,0.0,0.0,0.0,0.0,0.0,0.0,0.0,0.0,0.0,0.0,0.0,0.0,1688.0,9637.0,0.0,0.0,0.0,0.0,0.0,0.0,0.0,0.0,0.0,0.0,0.0,0.0,0.0
12,Bukayo,Saka,Saka,a,,,9.5,3,2,10.5,38,15,9.0,28,14,0,0,0,0,0,0,0,0.9,0.9,3.2,3.2,9.0,28,14,,,21,11,43,29,25,12,12,9,2.0,2.0,1.0,,,,,0.86,0.11,0.97,0.08,0,1.34,0.0,1.34,9.4,2,0,0.0,0.0,0.0,0.0,0.0,0.0,0.0,0.0,0.0,0.0,0.0,0.0,0.0,0.0,11707.0,7045.0,0.0,0.0,0.0,0.0,0.0,0.0,0.0,0.0,0.0,0.0,0.0,0.0,0.0
13,Declan,Rice,Rice,a,,,7.5,14,8,16.8,22,7,3.0,108,50,0,0,0,0,0,0,0,0.4,0.4,2.6,2.6,3.0,108,50,,,193,77,136,80,187,95,213,96,1.0,1.0,,,,,,0.09,0.11,0.2,0.08,0,1.34,0.0,1.34,8.06,2,0,0.0,0.0,0.0,0.0,0.0,0.0,0.0,0.0,0.0,0.0,0.0,0.0,0.0,0.0,3467.0,25832.0,0.0,0.0,0.0,0.0,0.0,0.0,0.0,0.0,0.0,0.0,0.0,0.0,0.0
14,Eberechi,Eze,Eze,a,,,6.5,39,26,1.7,144,42,1.0,286,136,0,0,0,0,0,0,0,0.2,0.2,2.3,2.3,1.0,286,136,,,606,266,192,112,193,99,294,140,,3.0,,,,,,0.26,0.0,0.26,0.96,0,0.0,0.0,0.0,12.86,2,0,0.0,0.0,0.0,0.0,0.0,0.0,0.0,0.0,0.0,0.0,0.0,0.0,0.0,0.0,610.0,6069.0,0.0,0.0,0.0,0.0,0.0,0.0,0.0,0.0,0.0,0.0,0.0,0.0,0.0
15,Martin,Ødegaard,Ødegaard,a,,,6.6,31,20,11.8,33,11,11.0,12,7,0,0,0,1,-1,0,0,1.7,1.7,2.3,2.3,11.0,12,7,,,6,4,13,11,27,13,6,5,4.0,,3.0,,,,,0.25,0.12,0.37,0.07,0,1.2,0.0,1.2,9.6,2,0,0.0,0.0,0.0,0.0,0.0,0.0,0.0,0.0,0.0,0.0,0.0,0.0,0.0,0.0,34038.0,6466.0,0.0,0.0,0.0,0.0,0.0,0.0,0.0,0.0,0.0,0.0,0.0,0.0,0.0
16,Noni,Madueke,Madueke,a,,,6.4,54,38,0.3,298,100,1.0,283,133,0,0,0,-1,1,0,0,0.2,0.2,2.3,2.3,1.0,283,133,,,171,67,11,9,603,262,70,37,6.0,,,,,,,0.0,0.16,0.16,0.61,0,0.0,0.0,0.0,8.18,2,0,0.0,0.0,0.0,0.0,0.0,0.0,0.0,0.0,0.0,0.0,0.0,0.0,0.0,0.0,261.0,1193.0,0.0,0.0,0.0,0.0,0.0,0.0,0.0,0.0,0.0,0.0,0.0,0.0,0.0
17,Mikel,Merino Zazón,Merino,a,,,6.0,65,43,0.6,242,82,1.0,274,126,0,0,0,0,0,0,0,0.2,0.2,2.2,2.2,1.0,274,126,,,233,103,216,121,73,40,186,83,,,,,,,,0.9,0.13,1.03,0.96,0,0.0,0.0,0.0,12.86,2,0,0.0,0.0,0.0,0.0,0.0,0.0,0.0,0.0,0.0,0.0,0.0,0.0,0.0,0.0,273.0,1549.0,0.0,0.0,0.0,0.0,0.0,0.0,0.0,0.0,0.0,0.0,0.0,0.0,0.0
18,Gabriel,Martinelli Silva,Martinelli,a,,,6.4,55,39,0.2,344,125,0.0,603,265,0,0,0,-1,1,0,0,0.0,0.0,2.3,2.3,0.0,603,265,,,604,264,607,266,604,263,607,266,,,,,,,,0.0,0.0,0.0,0.0,0,0.0,0.0,0.0,0.0,2,0,0.0,0.0,0.0,0.0,0.0,0.0,0.0,0.0,0.0,0.0,0.0,0.0,0.0,0.0,174.0,846.0,0.0,0.0,0.0,0.0,0.0,0.0,0.0,0.0,0.0,0.0,0.0,0.0,0.0
19,Martín,Zubimendi Ibáñez,Zubimendi,a,,,5.5,188,116,1.0,199,65,1.0,259,117,0,0,0,0,0,0,0,0.2,0.2,2.0,2.0,1.0,259,117,,,228,100,178,104,559,235,253,114,,,,,,,,0.0,0.08,0.08,0.61,0,0.0,0.0,0.0,12.27,2,0,0.0,0.0,0.0,0.0,0.0,0.0,0.0,0.0,0.0,0.0,0.0,0.0,0.0,0.0,165.0,2883.0,0.0,0.0,0.0,0.0,0.0,0.0,0.0,0.0,0.0,0.0,0.0,0.0,0.0
20,Max,Dowman,Dowman,a,,,5.4,226,140,0.1,437,174,0.0,542,228,0,0,0,-1,1,0,0,0.0,0.0,1.9,1.9,0.0,542,228,,,532,222,545,231,513,207,548,229,,,,,,,,0.0,0.0,0.0,0.0,0,0.0,0.0,0.0,0.0,2,0,0.0,0.0,0.0,0.0,0.0,0.0,0.0,0.0,0.0,0.0,0.0,0.0,0.0,0.0,74.0,215.0,0.0,0.0,0.0,0.0,0.0,0.0,0.0,0.0,0.0,0.0,0.0,0.0,0.0
22,Ethan,Nwaneri,Nwaneri,a,,,5.5,197,123,0.0,576,244,0.0,574,247,0,0,0,0,0,0,0,0.0,0.0,2.0,2.0,0.0,574,247,,,565,241,578,249,564,239,578,247,,,,,,,,0.0,0.0,0.0,0.0,0,0.0,0.0,0.0,0.0,2,0,0.0,0.0,0.0,0.0,0.0,0.0,0.0,0.0,0.0,0.0,0.0,0.0,0.0,0.0,8.0,33.0,0.0,0.0,0.0,0.0,0.0,0.0,0.0,0.0,0.0,0.0,0.0,0.0,0.0
23,Fábio,Ferreira Vieira,Fábio Vieira,a,,,5.5,164,102,0.0,586,249,0.0,562,239,0,0,0,0,0,0,0,0.0,0.0,2.0,2.0,0.0,562,239,,,551,233,564,241,543,226,565,239,,,,,,,,0.0,0.0,0.0,0.0,0,0.0,0.0,0.0,0.0,2,0,0.0,0.0,0.0,0.0,0.0,0.0,0.0,0.0,0.0,0.0,0.0,0.0,0.0,0.0,11.0,26.0,0.0,0.0,0.0,0.0,0.0,0.0,0.0,0.0,0.0,0.0,0.0,0.0,0.0
24,Reiss,Nelson,Nelson,a,,,5.5,135,84,0.0,587,250,0.0,550,231,0,0,0,0,0,0,0,0.0,0.0,2.0,2.0,0.0,550,231,,,540,225,555,234,528,215,556,232,,,,,,,,0.0,0.0,0.0,0.0,0,0.0,0.0,0.0,0.0,2,0,0.0,0.0,0.0,0.0,0.0,0.0,0.0,0.0,0.0,0.0,0.0,0.0,0.0,0.0,9.0,31.0,0.0,0.0,0.0,0.0,0.0,0.0,0.0,0.0,0.0,0.0,0.0,0.0,0.0
25,Viktor,Gyökeres,Gyökeres,a,,,7.4,22,8,6.6,60,10,0.0,612,70,0,0,0,-1,1,0,0,0.0,0.0,2.3,2.3,0.0,612,70,,,615,71,616,71,616,71,616,71,,,2.0,,,,,0.0,0.0,0.0,0.0,0,0.0,0.0,0.0,0.0,2,0,0.0,0.0,0.0,0.0,0.0,0.0,0.0,0.0,0.0,0.0,0.0,0.0,0.0,0.0,874.0,41659.0,0.0,0.0,0.0,0.0,0.0,0.0,0.0,0.0,0.0,0.0,0.0,0.0,0.0
26,Kai,Havertz,Havertz,a,,,7.5,15,6,7.6,54,7,6.0,64,5,0,0,0,0,0,0,0,0.8,0.8,2.4,2.4,6.0,64,5,,,35,5,98,9,38,10,38,7,,,,,,,,0.26,0.03,0.29,0.2,0,1.0,0.0,1.0,2.0,2,0,0.0,0.0,0.0,0.0,0.0,0.0,0.0,0.0,0.0,0.0,0.0,0.0,0.0,0.0,25145.0,7552.0,0.0,0.0,0.0,0.0,0.0,0.0,0.0,0.0,0.0,0.0,0.0,0.0,0.0
27,Gabriel,Fernando de Jesus,G.Jesus,a,,,6.0,69,17,0.3,291,50,0.0,588,64,0,0,0,0,0,0,0,0.0,0.0,2.0,2.0,0.0,588,64,,,586,62,592,65,582,64,592,65,,,,,,,,0.0,0.0,0.0,0.0,0,0.0,0.0,0.0,0.0,2,0,0.0,0.0,0.0,0.0,0.0,0.0,0.0,0.0,0.0,0.0,0.0,0.0,0.0,0.0,212.0,799.0,0.0,0.0,0.0,0.0,0.0,0.0,0.0,0.0,0.0,0.0,0.0,0.0,0.0
31,Ezri,Konsa Ngoyo,Konsa,a,,,4.5,438,99,10.7,37,12,0.0,365,138,0,0,0,0,0,0,0,0.0,0.0,1.7,1.7,0.0,365,138,,,352,143,356,147,284,121,369,144,,,,,,,,0.0,0.0,0.0,0.0,0,0.0,0.0,0.0,0.0,2,0,0.0,0.0,0.0,0.0,0.0,0.0,0.0,0.0,0.0,0.0,0.0,0.0,0.0,0.0,8079.0,28031.0,0.0,0.0,0.0,0.0,0.0,0.0,0.0,0.0,0.0,0.0,0.0,0.0,0.0
452,Bruno,Guimarães Rodriguez Moura,Bruno G.,d,Thigh injury - 75% chance of playing,,6.9,30,19,2.7,112,34,0.0,610,270,0,0,0,-1,1,0,0,0.0,0.0,1.8,1.8,0.0,610,270,75.0,75.0,612,270,614,271,613,270,614,271,5.0,,4.0,,,,,0.0,0.0,0.0,0.0,0,0.0,0.0,0.0,0.0,2,0,0.0,0.0,0.0,0.0,0.0,0.0,0.0,0.0,0.0,0.0,0.0,0.0,0.0,0.0,102.0,16799.0,0.0,0.0,0.0,0.0,0.0,0.0,0.0,0.0,0.0,0.0,0.0,0.0,0.0
557,Christos,Tzolis,Tzolis,a,,,6.5,41,28,26.2,11,5,6.0,63,25,0,0,0,0,0,0,0,0.9,0.9,2.3,2.3,6.0,63,25,,,102,35,16,14,29,15,24,15,3.0,,,,,,,0.23,0.17,0.4,0.07,0,1.2,0.0,1.2,7.2,2,0,0.0,0.0,0.0,0.0,0.0,0.0,0.0,0.0,0.0,0.0,0.0,0.0,0.0,0.0,35084.0,11196.0,0.0,0.0,0.0,0.0,0.0,0.0,0.0,0.0,0.0,0.0,0.0,0.0,0.0
28,Emiliano,Martínez Romero,Martinez,a,,,5.0,234,7,4.0,81,11,0.0,445,61,0,0,0,0,0,0,0,0.0,0.0,2.6,2.6,0.0,445,61,,,434,61,441,50,382,50,450,61,,,,,,,,0.0,0.0,0.0,0.0,0,0.0,0.0,0.0,0.0,2,0,0.0,0.0,0.0,0.0,0.0,0.0,0.0,0.0,0.0,0.0,0.0,0.0,0.0,0.0,3769.0,8185.0,0.0,0.0,0.0,0.0,0.0,0.0,0.0,0.0,0.0,0.0,0.0,0.0,0.0
29,Marco,Bizot,M.Bizot,a,,,4.5,407,23,0.1,390,43,1.0,183,16,0,0,0,0,0,0,0,0.2,0.2,1.9,1.9,1.0,183,16,,,56,8,337,22,261,22,138,8,,,,,,,,0.0,0.0,0.0,3.77,3,0.0,4.0,1.0,0.0,2,0,0.0,0.0,0.0,0.0,0.0,0.0,0.0,0.0,0.0,0.0,0.0,0.0,0.0,0.0,152.0,171.0,0.0,0.0,0.0,0.0,0.0,0.0,0.0,0.0,0.0,0.0,0.0,0.0,0.0
30,Lucas,Digne,Digne,u,Has joined Paris Saint-Germain permanently,,4.5,412,84,0.1,430,151,0.0,350,133,0,0,0,0,0,0,0,0.0,0.0,0.0,0.0,0.0,350,133,0.0,0.0,337,138,340,141,265,113,354,139,,,,,,,,0.0,0.0,0.0,0.0,0,0.0,0.0,0.0,0.0,2,0,0.0,0.0,0.0,0.0,0.0,0.0,0.0,0.0,0.0,0.0,0.0,0.0,0.0,0.0,0.0,346.0,0.0,0.0,0.0,0.0,0.0,0.0,0.0,0.0,0.0,0.0,0.0,0.0,0.0
32,Matty,Cash,Cash,a,,,4.5,437,98,7.6,55,22,-1.0,618,205,0,0,0,0,0,0,0,-0.2,-0.2,1.7,1.7,-1.0,618,205,,,143,67,218,72,283,120,222,85,1.0,,,,,,,0.0,0.0,0.0,3.77,0,0.0,4.0,1.0,7.0,2,0,0.0,0.0,0.0,0.0,0.0,0.0,0.0,0.0,0.0,0.0,0.0,0.0,0.0,0.0,1198.0,17133.0,0.0,0.0,0.0,0.0,0.0,0.0,0.0,0.0,0.0,0.0,0.0,0.0,0.0
33,Tyrone,Mings,Mings,a,,,4.5,424,88,0.4,277,105,1.0,186,65,0,0,0,0,0,0,0,0.2,0.2,1.7,1.7,1.0,186,65,,,251,98,349,143,275,115,280,99,,,,,,,,0.0,0.0,0.0,1.24,0,0.0,0.0,0.0,5.62,2,0,0.0,0.0,0.0,0.0,0.0,0.0,0.0,0.0,0.0,0.0,0.0,0.0,0.0,0.0,227.0,506.0,0.0,0.0,0.0,0.0,0.0,0.0,0.0,0.0,0.0,0.0,0.0,0.0,0.0
34,Pau,Torres,Pau,a,,,4.5,466,120,0.4,271,103,0.0,383,151,0,0,0,0,0,0,0,0.0,0.0,1.7,1.7,0.0,383,151,,,369,155,234,81,305,135,386,156,,,,,,,,0.0,0.0,0.0,4.38,0,0.0,4.93,1.23,6.16,2,0,0.0,0.0,0.0,0.0,0.0,0.0,0.0,0.0,0.0,0.0,0.0,0.0,0.0,0.0,76.0,785.0,0.0,0.0,0.0,0.0,0.0,0.0,0.0,0.0,0.0,0.0,0.0,0.0,0.0
35,Lamare,Bogarde,Bogarde,a,,,5.0,359,210,0.1,458,182,1.0,229,100,0,0,0,0,0,0,0,0.2,0.2,1.5,1.5,1.0,229,100,,,247,112,251,134,480,181,277,130,,,,,,,,0.0,0.0,0.0,1.24,0,0.0,0.0,0.0,5.62,2,0,0.0,0.0,0.0,0.0,0.0,0.0,0.0,0.0,0.0,0.0,0.0,0.0,0.0,0.0,51.0,154.0,0.0,0.0,0.0,0.0,0.0,0.0,0.0,0.0,0.0,0.0,0.0,0.0,0.0
36,Ian,Maatsen,Maatsen,a,,,4.5,472,125,0.7,221,82,0.0,387,154,0,0,0,0,0,0,0,0.0,0.0,1.7,1.7,0.0,387,154,,,172,74,228,78,148,49,223,86,,,,,,,,0.03,0.0,0.03,4.02,0,0.0,4.44,1.11,10.0,2,0,0.0,0.0,0.0,0.0,0.0,0.0,0.0,0.0,0.0,0.0,0.0,0.0,0.0,0.0,170.0,1420.0,0.0,0.0,0.0,0.0,0.0,0.0,0.0,0.0,0.0,0.0,0.0,0.0,0.0
37,Victor,Lindelöf,Lindelöf,a,,,4.5,434,95,0.3,305,113,-2.0,619,206,0,0,0,0,0,0,0,-0.4,-0.4,1.7,1.7,-2.0,619,206,,,255,99,273,101,281,118,281,100,,,,,,,,0.0,0.0,0.0,3.77,0,0.0,4.0,1.0,3.0,2,0,0.0,0.0,0.0,0.0,0.0,0.0,0.0,0.0,0.0,0.0,0.0,0.0,0.0,0.0,119.0,535.0,0.0,0.0,0.0,0.0,0.0,0.0,0.0,0.0,0.0,0.0,0.0,0.0,0.0
38,Andrés,García,A.García,a,,,4.0,614,200,1.7,145,59,0.0,342,127,0,0,0,0,0,0,0,0.0,0.0,1.0,1.0,0.0,342,127,,,329,132,330,135,253,105,346,133,,,,,,,,0.0,0.0,0.0,0.0,0,0.0,0.0,0.0,0.0,2,0,0.0,0.0,0.0,0.0,0.0,0.0,0.0,0.0,0.0,0.0,0.0,0.0,0.0,0.0,746.0,1801.0,0.0,0.0,0.0,0.0,0.0,0.0,0.0,0.0,0.0,0.0,0.0,0.0,0.0
39,Kosta,Nedeljkovic,Nedeljkovic,u,Has joined Rangers on loan for the rest of the season,,4.0,611,198,0.2,329,123,0.0,340,126,0,0,0,0,0,0,0,0.0,0.0,0.0,0.0,0.0,340,126,0.0,0.0,327,131,327,133,250,103,344,132,,,,,,,,0.0,0.0,0.0,0.0,0,0.0,0.0,0.0,0.0,2,0,0.0,0.0,0.0,0.0,0.0,0.0,0.0,0.0,0.0,0.0,0.0,0.0,0.0,0.0,0.0,828.0,0.0,0.0,0.0,0.0,0.0,0.0,0.0,0.0,0.0,0.0,0.0,0.0,0.0
41,Emiliano,Buendía Stati,Buendía,a,,,6.0,66,44,1.2,181,55,2.0,151,74,0,0,0,0,0,0,0,0.3,0.3,2.2,2.2,2.0,151,74,,,585,252,73,45,99,50,167,76,3.0,1.0,1.0,,,,,0.14,0.1,0.24,3.83,0,0.0,4.24,1.06,7.41,2,0,0.0,0.0,0.0,0.0,0.0,0.0,0.0,0.0,0.0,0.0,0.0,0.0,0.0,0.0,649.0,4363.0,0.0,0.0,0.0,0.0,0.0,0.0,0.0,0.0,0.0,0.0,0.0,0.0,0.0
44,Leon,Bailey,Bailey,a,,,5.5,144,89,0.1,381,146,0.0,554,234,0,0,0,0,0,0,0,0.0,0.0,2.0,2.0,0.0,554,234,,,545,228,560,237,535,219,560,235,,,,,,,,0.0,0.0,0.0,0.0,0,0.0,0.0,0.0,0.0,2,0,0.0,0.0,0.0,0.0,0.0,0.0,0.0,0.0,0.0,0.0,0.0,0.0,0.0,0.0,101.0,351.0,0.0,0.0,0.0,0.0,0.0,0.0,0.0,0.0,0.0,0.0,0.0,0.0,0.0
45,John,McGinn,McGinn,a,,,5.5,121,78,2.8,110,33,1.0,246,111,0,0,0,0,0,0,0,0.2,0.2,2.0,2.0,1.0,246,111,,,257,118,173,102,190,96,258,117,2.0,,,,,,,0.04,0.01,0.05,4.02,0,0.0,4.44,1.11,6.67,2,0,0.0,0.0,0.0,0.0,0.0,0.0,0.0,0.0,0.0,0.0,0.0,0.0,0.0,0.0,795.0,7872.0,0.0,0.0,0.0,0.0,0.0,0.0,0.0,0.0,0.0,0.0,0.0,0.0,0.0
46,Ross,Barkley,Barkley,a,,,5.0,231,143,0.2,321,112,2.0,120,53,0,0,0,0,0,0,0,0.4,0.4,1.5,1.5,2.0,120,53,,,170,66,58,38,103,52,107,56,4.0,,,,,,,0.12,0.02,0.14,4.38,0,0.0,4.93,1.23,1.23,2,0,0.0,0.0,0.0,0.0,0.0,0.0,0.0,0.0,0.0,0.0,0.0,0.0,0.0,0.0,249.0,417.0,0.0,0.0,0.0,0.0,0.0,0.0,0.0,0.0,0.0,0.0,0.0,0.0,0.0
47,Boubacar,Kamara,Kamara,a,,,5.0,284,170,0.3,289,95,2.0,128,57,0,0,0,0,0,0,0,0.4,0.4,1.5,1.5,2.0,128,57,100.0,100.0,154,53,165,97,423,153,218,97,,,,,,,,0.0,0.0,0.0,3.77,0,0.0,4.0,1.0,7.0,2,0,0.0,0.0,0.0,0.0,0.0,0.0,0.0,0.0,0.0,0.0,0.0,0.0,0.0,0.0,219.0,675.0,0.0,0.0,0.0,0.0,0.0,0.0,0.0,0.0,0.0,0.0,0.0,0.0,0.0
48,Amadou,Onana,Onana,i,Knee injury - Unknown return date,,5.0,311,184,0.0,544,226,0.0,495,198,0,0,0,0,0,0,0,0.0,0.0,0.0,0.0,0.0,495,198,0.0,0.0,484,190,494,199,447,165,500,197,,,,,,,,0.0,0.0,0.0,0.0,0,0.0,0.0,0.0,0.0,2,0,0.0,0.0,0.0,0.0,0.0,0.0,0.0,0.0,0.0,0.0,0.0,0.0,0.0,0.0,21.0,52.0,0.0,0.0,0.0,0.0,0.0,0.0,0.0,0.0,0.0,0.0,0.0,0.0,0.0
49,Samuel,Iling-Junior,Iling Jr,u,Has joined Bolton Wanderers on loan for the rest of the season,,5.0,323,189,0.0,610,266,0.0,502,202,0,0,0,0,0,0,0,0.0,0.0,0.0,0.0,0.0,502,202,0.0,0.0,490,194,501,203,456,170,506,201,,,,,,,,0.0,0.0,0.0,0.0,0,0.0,0.0,0.0,0.0,2,0,0.0,0.0,0.0,0.0,0.0,0.0,0.0,0.0,0.0,0.0,0.0,0.0,0.0,0.0,0.0,5.0,0.0,0.0,0.0,0.0,0.0,0.0,0.0,0.0,0.0,0.0,0.0,0.0,0.0
50,Bradley,Burrowes,Burrowes,a,,,4.5,543,270,0.7,229,76,0.0,436,164,0,0,0,0,0,0,0,0.0,0.0,1.0,1.0,0.0,436,164,,,425,157,431,167,372,126,441,164,,,,,,,,0.0,0.0,0.0,0.0,0,0.0,0.0,0.0,0.0,2,0,0.0,0.0,0.0,0.0,0.0,0.0,0.0,0.0,0.0,0.0,0.0,0.0,0.0,0.0,362.0,811.0,0.0,0.0,0.0,0.0,0.0,0.0,0.0,0.0,0.0,0.0,0.0,0.0,0.0
51,George,Hemmings,George Hemmings,a,,,4.5,526,263,0.7,222,73,2.0,118,52,0,0,0,0,0,0,0,0.4,0.4,1.0,1.0,2.0,118,52,,,158,56,111,67,164,80,154,69,,,,,,,,0.0,0.0,0.0,3.77,0,0.0,4.0,1.0,5.0,2,0,0.0,0.0,0.0,0.0,0.0,0.0,0.0,0.0,0.0,0.0,0.0,0.0,0.0,0.0,1713.0,895.0,0.0,0.0,0.0,0.0,0.0,0.0,0.0,0.0,0.0,0.0,0.0,0.0,0.0
52,Alysson Edward Franco,da Rocha dos Santos,Alysson,a,,,5.0,397,238,0.0,495,205,1.0,240,107,0,0,0,0,0,0,0,0.2,0.2,1.5,1.5,1.0,240,107,,,224,97,542,229,507,203,267,123,,,,,,,,0.0,0.0,0.0,1.58,0,0.0,0.0,0.0,33.75,2,0,0.0,0.0,0.0,0.0,0.0,0.0,0.0,0.0,0.0,0.0,0.0,0.0,0.0,0.0,26.0,88.0,0.0,0.0,0.0,0.0,0.0,0.0,0.0,0.0,0.0,0.0,0.0,0.0,0.0
53,Johan,Manzambi,Manzambi,i,Knee injury - Unknown return date,,6.0,111,72,0.2,350,129,0.0,601,263,0,0,0,0,0,0,0,0.0,0.0,0.0,0.0,0.0,601,263,0.0,0.0,602,262,605,264,600,259,605,264,,,,,,,,0.0,0.0,0.0,0.0,0,0.0,0.0,0.0,0.0,2,0,0.0,0.0,0.0,0.0,0.0,0.0,0.0,0.0,0.0,0.0,0.0,0.0,0.0,0.0,22.0,725.0,0.0,0.0,0.0,0.0,0.0,0.0,0.0,0.0,0.0,0.0,0.0,0.0,0.0
54,Joao,Gomes,Gomes,s,Suspended until 19 Sep,,5.5,171,107,0.1,488,201,-2.0,620,273,0,0,0,0,0,0,0,-0.4,-0.4,0.0,0.0,-2.0,620,273,0.0,0.0,265,123,121,71,548,229,228,103,,,,,,,,0.0,0.02,0.02,5.95,0,0.0,9.23,2.31,16.15,2,0,0.0,0.0,0.0,0.0,0.0,0.0,0.0,0.0,0.0,0.0,0.0,0.0,0.0,0.0,23.0,181.0,0.0,0.0,0.0,0.0,0.0,0.0,0.0,0.0,0.0,0.0,0.0,0.0,0.0
55,Ollie,Watkins,Watkins,a,,,7.9,12,4,7.4,57,8,0.0,616,72,0,0,0,-1,1,0,0,0.0,0.0,2.4,2.4,0.0,616,72,,,619,73,620,73,620,73,620,73,,,2.0,,,,,0.0,0.0,0.0,0.0,0,0.0,0.0,0.0,0.0,2,0,0.0,0.0,0.0,0.0,0.0,0.0,0.0,0.0,0.0,0.0,0.0,0.0,0.0,0.0,523.0,60077.0,0.0,0.0,0.0,0.0,0.0,0.0,0.0,0.0,0.0,0.0,0.0,0.0,0.0
56,Tammy,Abraham,Abraham,d,Knock - 50% chance of playing,,5.5,126,32,0.1,412,61,0.0,544,56,0,0,0,0,0,0,0,0.0,0.0,0.9,1.3,0.0,544,56,50.0,50.0,534,46,549,54,520,53,550,55,,,,,,,,0.0,0.0,0.0,0.0,0,0.0,0.0,0.0,0.0,2,0,0.0,0.0,0.0,0.0,0.0,0.0,0.0,0.0,0.0,0.0,0.0,0.0,0.0,0.0,66.0,422.0,0.0,0.0,0.0,0.0,0.0,0.0,0.0,0.0,0.0,0.0,0.0,0.0,0.0
160,Alejandro,Garnacho Ferreyra,Garnacho,a,,,6.0,96,61,0.5,246,83,1.0,281,131,0,0,0,0,0,0,0,0.2,0.2,2.2,2.2,1.0,281,131,,,595,257,599,260,593,254,599,260,,,,,,,,0.0,0.0,0.0,3.15,0,0.0,0.0,0.0,0.0,2,0,0.0,0.0,0.0,0.0,0.0,0.0,0.0,0.0,0.0,0.0,0.0,0.0,0.0,0.0,169.0,1590.0,0.0,0.0,0.0,0.0,0.0,0.0,0.0,0.0,0.0,0.0,0.0,0.0,0.0
582,Brian,Madjo,Madjo,i,Unspecified injury - Unknown return date,,5.5,224,48,0.4,273,46,0.0,583,62,0,0,0,0,0,0,0,0.0,0.0,0.0,0.0,0.0,583,62,0.0,0.0,577,57,586,62,577,62,588,63,,,,,,,,0.0,0.0,0.0,0.0,0,0.0,0.0,0.0,0.0,2,0,0.0,0.0,0.0,0.0,0.0,0.0,0.0,0.0,0.0,0.0,0.0,0.0,0.0,0.0,61.0,1396.0,0.0,0.0,0.0,0.0,0.0,0.0,0.0,0.0,0.0,0.0,0.0,0.0,0.0
596,Matteo,Ruggeri,Ruggeri,a,,,4.5,488,133,0.1,410,145,1.0,201,78,0,0,0,0,0,0,0,0.2,0.2,1.7,1.7,1.0,201,78,,,222,92,384,161,321,142,262,97,,,,,,,,0.0,0.0,0.0,1.58,0,0.0,0.0,0.0,22.5,2,0,0.0,0.0,0.0,0.0,0.0,0.0,0.0,0.0,0.0,0.0,0.0,0.0,0.0,0.0,71.0,191.0,0.0,0.0,0.0,0.0,0.0,0.0,0.0,0.0,0.0,0.0,0.0,0.0,0.0
597,Zion,Suzuki,Suzuki,a,,,5.0,301,15,0.8,216,30,0.0,486,65,0,0,0,0,0,0,0,0.0,0.0,2.6,2.6,0.0,486,65,,,475,65,485,58,438,58,491,65,,,,,,,,0.0,0.0,0.0,0.0,0,0.0,0.0,0.0,0.0,2,0,0.0,0.0,0.0,0.0,0.0,0.0,0.0,0.0,0.0,0.0,0.0,0.0,0.0,0.0,560.0,1104.0,0.0,0.0,0.0,0.0,0.0,0.0,0.0,0.0,0.0,0.0,0.0,0.0,0.0
606,Triston,Rowe,Rowe,a,,,4.0,606,193,0.1,475,166,0.0,336,122,0,0,0,0,0,0,0,0.0,0.0,1.0,1.0,0.0,336,122,,,323,127,323,129,245,98,340,128,,,,,,,,0.0,0.0,0.0,0.0,0,0.0,0.0,0.0,0.0,2,0,0.0,0.0,0.0,0.0,0.0,0.0,0.0,0.0,0.0,0.0,0.0,0.0,0.0,0.0,296.0,40.0,0.0,0.0,0.0,0.0,0.0,0.0,0.0,0.0,0.0,0.0,0.0,0.0,0.0
607,Luka,Lynch,Lynch,a,,,4.5,521,261,0.1,429,170,0.0,419,157,0,0,0,0,0,0,0,0.0,0.0,1.0,1.0,0.0,419,157,,,408,150,414,160,353,118,424,157,,,,,,,,0.0,0.0,0.0,0.0,0,0.0,0.0,0.0,0.0,2,0,0.0,0.0,0.0,0.0,0.0,0.0,0.0,0.0,0.0,0.0,0.0,0.0,0.0,0.0,270.0,93.0,0.0,0.0,0.0,0.0,0.0,0.0,0.0,0.0,0.0,0.0,0.0,0.0,0.0
611,Aaron,Wan-Bissaka,Wan-Bissaka,a,,,4.5,443,102,0.0,494,172,0.0,368,139,0,0,0,0,0,0,0,0.0,0.0,1.7,1.7,0.0,368,139,,,355,144,359,148,287,122,372,145,,,,,,,,0.0,0.0,0.0,0.0,0,0.0,0.0,0.0,0.0,2,0,0.0,0.0,0.0,0.0,0.0,0.0,0.0,0.0,0.0,0.0,0.0,0.0,0.0,0.0,398.0,55.0,0.0,0.0,0.0,0.0,0.0,0.0,0.0,0.0,0.0,0.0,0.0,0.0,0.0
618,Leon,Goretzka,Goretzka,a,,,6.0,60,41,0.0,601,259,0.0,587,254,0,0,0,0,0,0,0,0.0,0.0,2.2,2.2,0.0,587,254,,,582,251,589,255,580,247,591,255,,,,,,,,0.0,0.0,0.0,0.0,0,0.0,0.0,0.0,0.0,2,0,0.0,0.0,0.0,0.0,0.0,0.0,0.0,0.0,0.0,0.0,0.0,0.0,0.0,0.0,212.0,7.0,0.0,0.0,0.0,0.0,0.0,0.0,0.0,0.0,0.0,0.0,0.0,0.0,0.0
57,Đorđe,Petrović,Petrović,a,,,4.5,475,39,3.4,102,15,2.0,115,10,0,0,0,0,0,0,0,0.4,0.4,1.9,1.9,2.0,115,10,,,36,3,378,38,311,38,111,3,,,,,,,,0.0,0.0,0.0,2.25,4,0.0,2.0,1.0,0.0,2,0,0.0,0.0,0.0,0.0,0.0,0.0,0.0,0.0,0.0,0.0,0.0,0.0,0.0,0.0,5171.0,2528.0,0.0,0.0,0.0,0.0,0.0,0.0,0.0,0.0,0.0,0.0,0.0,0.0,0.0
58,Fraser,Forster,Forster,a,,,4.0,548,50,3.2,103,16,0.0,294,22,0,0,0,0,0,0,0,0.0,0.0,1.0,1.0,0.0,294,22,,,281,22,278,2,196,2,297,22,,,,,,,,0.0,0.0,0.0,0.0,0,0.0,0.0,0.0,0.0,2,0,0.0,0.0,0.0,0.0,0.0,0.0,0.0,0.0,0.0,0.0,0.0,0.0,0.0,0.0,1624.0,1749.0,0.0,0.0,0.0,0.0,0.0,0.0,0.0,0.0,0.0,0.0,0.0,0.0,0.0
59,Will,Dennis,Dennis,u,Has joined MK Dons permanently,,4.0,581,62,0.2,348,38,0.0,316,34,0,0,0,0,0,0,0,0.0,0.0,0.0,1.0,0.0,316,34,0.0,0.0,303,34,303,14,222,14,320,34,,,,,,,,0.0,0.0,0.0,0.0,0,0.0,0.0,0.0,0.0,2,0,0.0,0.0,0.0,0.0,0.0,0.0,0.0,0.0,0.0,0.0,0.0,0.0,0.0,0.0,0.0,460.0,0.0,0.0,0.0,0.0,0.0,0.0,0.0,0.0,0.0,0.0,0.0,0.0,0.0
60,James,Hill,Hill,a,,,5.5,177,24,0.9,205,77,1.0,257,95,0,0,0,0,0,0,0,0.2,0.2,2.5,2.5,1.0,257,95,,,148,70,264,96,553,197,229,87,,,,,,,,0.0,0.0,0.0,2.25,0,0.0,2.0,1.0,6.0,2,0,0.0,0.0,0.0,0.0,0.0,0.0,0.0,0.0,0.0,0.0,0.0,0.0,0.0,0.0,1740.0,1055.0,0.0,0.0,0.0,0.0,0.0,0.0,0.0,0.0,0.0,0.0,0.0,0.0,0.0
61,Adrien,Truffert,Truffert,a,,,5.5,193,27,4.2,77,31,1.0,263,96,0,0,0,0,0,0,0,0.2,0.2,2.5,2.5,1.0,263,96,,,110,49,211,68,561,198,200,78,,,,,,,,0.0,0.0,0.0,2.25,0,0.0,2.0,1.0,7.0,2,0,0.0,0.0,0.0,0.0,0.0,0.0,0.0,0.0,0.0,0.0,0.0,0.0,0.0,0.0,3750.0,4247.0,0.0,0.0,0.0,0.0,0.0,0.0,0.0,0.0,0.0,0.0,0.0,0.0,0.0
62,Bafodé,Diakité,Diakité,a,,,5.0,294,52,0.2,341,127,0.0,482,180,0,0,0,0,0,0,0,0.0,0.0,2.2,2.2,0.0,482,180,,,471,187,480,187,431,174,487,187,,,,,,,,0.0,0.0,0.0,0.0,0,0.0,0.0,0.0,0.0,2,0,0.0,0.0,0.0,0.0,0.0,0.0,0.0,0.0,0.0,0.0,0.0,0.0,0.0,0.0,256.0,245.0,0.0,0.0,0.0,0.0,0.0,0.0,0.0,0.0,0.0,0.0,0.0,0.0,0.0
63,Veljko,Milosavljevic,Milosavljević,i,Unspecified injury - Unknown return date,,5.0,391,77,0.0,585,200,0.0,537,192,0,0,0,0,0,0,0,0.0,0.0,0.0,0.0,0.0,537,192,0.0,0.0,526,198,538,198,502,190,542,198,,,,,,,,0.0,0.0,0.0,0.0,0,0.0,0.0,0.0,0.0,2,0,0.0,0.0,0.0,0.0,0.0,0.0,0.0,0.0,0.0,0.0,0.0,0.0,0.0,0.0,4.0,30.0,0.0,0.0,0.0,0.0,0.0,0.0,0.0,0.0,0.0,0.0,0.0,0.0,0.0
64,Adam,Smith,Smith,a,,,4.5,405,81,0.1,386,139,1.0,182,62,0,0,0,0,0,0,0,0.2,0.2,1.7,1.7,1.0,182,62,,,188,83,238,85,259,111,242,92,,,,,,,,0.0,0.0,0.0,2.25,0,0.0,2.0,1.0,5.0,2,0,0.0,0.0,0.0,0.0,0.0,0.0,0.0,0.0,0.0,0.0,0.0,0.0,0.0,0.0,532.0,150.0,0.0,0.0,0.0,0.0,0.0,0.0,0.0,0.0,0.0,0.0,0.0,0.0,0.0
65,Julián,Araujo Zúñiga,J.Araujo,i,Thigh injury - Unknown return date,,4.5,470,123,0.0,564,196,0.0,385,152,0,0,0,0,0,0,0,0.0,0.0,0.0,0.0,0.0,385,152,0.0,0.0,371,156,375,159,308,137,388,157,,,,,,,,0.0,0.0,0.0,0.0,0,0.0,0.0,0.0,0.0,2,0,0.0,0.0,0.0,0.0,0.0,0.0,0.0,0.0,0.0,0.0,0.0,0.0,0.0,0.0,9.0,39.0,0.0,0.0,0.0,0.0,0.0,0.0,0.0,0.0,0.0,0.0,0.0,0.0,0.0
66,Julio,Soler Barreto,Soler,d,Hamstring injury - 75% chance of playing,,4.0,608,195,0.2,351,131,0.0,337,123,0,0,0,0,0,0,0,0.0,0.0,0.8,0.8,0.0,337,123,75.0,75.0,324,128,324,130,247,100,341,129,,,,,,,,0.0,0.0,0.0,0.0,0,0.0,0.0,0.0,0.0,2,0,0.0,0.0,0.0,0.0,0.0,0.0,0.0,0.0,0.0,0.0,0.0,0.0,0.0,0.0,52.0,238.0,0.0,0.0,0.0,0.0,0.0,0.0,0.0,0.0,0.0,0.0,0.0,0.0,0.0
67,Rayan Vitor,Simplício Rocha,Rayan,a,,,6.5,46,31,2.8,108,32,2.0,164,81,0,0,0,0,0,0,0,0.3,0.3,2.3,2.3,2.0,164,81,,,200,81,118,70,62,32,117,58,,,,,,,,0.04,0.03,0.07,2.11,0,0.0,1.02,1.02,1.02,2,0,0.0,0.0,0.0,0.0,0.0,0.0,0.0,0.0,0.0,0.0,0.0,0.0,0.0,0.0,3954.0,3546.0,0.0,0.0,0.0,0.0,0.0,0.0,0.0,0.0,0.0,0.0,0.0,0.0,0.0
68,Marcus,Tavernier,Tavernier,a,,,6.0,67,45,2.6,114,36,10.0,18,9,0,0,0,0,0,0,0,1.7,1.7,2.2,2.2,10.0,18,9,,,27,14,70,43,53,28,36,21,1.0,1.0,3.0,,,,,0.4,0.08,0.48,2.25,0,0.0,2.0,1.0,8.0,2,0,0.0,0.0,0.0,0.0,0.0,0.0,0.0,0.0,0.0,0.0,0.0,0.0,0.0,0.0,23899.0,2415.0,0.0,0.0,0.0,0.0,0.0,0.0,0.0,0.0,0.0,0.0,0.0,0.0,0.0
69,Alex,Scott,Scott,a,,,6.0,98,63,1.5,159,46,2.0,157,77,0,0,0,0,0,0,0,0.3,0.3,2.2,2.2,2.0,157,77,,,152,52,147,87,595,256,205,93,2.0,4.0,,,,,,0.0,0.01,0.01,2.25,0,0.0,2.0,1.0,11.0,2,0,0.0,0.0,0.0,0.0,0.0,0.0,0.0,0.0,0.0,0.0,0.0,0.0,0.0,0.0,1490.0,1975.0,0.0,0.0,0.0,0.0,0.0,0.0,0.0,0.0,0.0,0.0,0.0,0.0,0.0
70,Justin,Kluivert,Kluivert,a,,,6.0,75,48,1.2,173,52,3.0,104,46,0,0,0,0,0,0,0,0.5,0.5,2.2,2.2,3.0,104,46,,,156,55,87,55,60,31,99,51,3.0,2.0,2.0,,,,,0.13,0.0,0.13,2.36,0,1.22,0.0,1.22,10.95,2,0,0.0,0.0,0.0,0.0,0.0,0.0,0.0,0.0,0.0,0.0,0.0,0.0,0.0,0.0,3709.0,1531.0,0.0,0.0,0.0,0.0,0.0,0.0,0.0,0.0,0.0,0.0,0.0,0.0,0.0
71,Lewis,Cook,Cook,a,,,5.0,246,149,0.2,354,131,3.0,86,34,0,0,0,0,0,0,0,0.6,0.6,1.5,1.5,3.0,86,34,,,216,92,184,107,393,138,245,108,5.0,,,,,,,0.0,0.0,0.0,2.33,0,1.2,0.0,1.2,8.4,2,0,0.0,0.0,0.0,0.0,0.0,0.0,0.0,0.0,0.0,0.0,0.0,0.0,0.0,0.0,645.0,293.0,0.0,0.0,0.0,0.0,0.0,0.0,0.0,0.0,0.0,0.0,0.0,0.0,0.0
72,Ben,Gannon-Doak,Gannon-Doak,a,,,5.0,343,200,0.1,440,176,1.0,222,95,0,0,0,0,0,0,0,0.2,0.2,1.5,1.5,1.0,222,95,,,276,131,275,143,171,84,282,133,,,,,,,,0.0,0.0,0.0,17.1,0,0.0,90.0,0.0,90.0,2,0,0.0,0.0,0.0,0.0,0.0,0.0,0.0,0.0,0.0,0.0,0.0,0.0,0.0,0.0,36.0,92.0,0.0,0.0,0.0,0.0,0.0,0.0,0.0,0.0,0.0,0.0,0.0,0.0,0.0
73,Tyler,Adams,Adams,a,,,5.0,259,158,0.2,324,114,1.0,212,91,0,0,0,0,0,0,0,0.2,0.2,1.5,1.1,1.0,212,91,100.0,100.0,231,101,239,127,405,146,263,119,,,,,,,,0.0,0.0,0.0,1.86,0,0.0,12.0,0.0,18.0,2,0,0.0,0.0,0.0,0.0,0.0,0.0,0.0,0.0,0.0,0.0,0.0,0.0,0.0,0.0,502.0,256.0,0.0,0.0,0.0,0.0,0.0,0.0,0.0,0.0,0.0,0.0,0.0,0.0,0.0
74,David,Brooks,Brooks,a,,,5.0,238,144,0.1,486,200,0.0,449,171,0,0,0,0,0,0,0,0.0,0.0,1.5,1.1,0.0,449,171,100.0,100.0,438,164,445,174,386,133,454,171,4.0,3.0,,,,,,0.0,0.0,0.0,0.0,0,0.0,0.0,0.0,0.0,2,0,0.0,0.0,0.0,0.0,0.0,0.0,0.0,0.0,0.0,0.0,0.0,0.0,0.0,0.0,122.0,94.0,0.0,0.0,0.0,0.0,0.0,0.0,0.0,0.0,0.0,0.0,0.0,0.0,0.0
75,Ryan,Christie,Christie,a,,,5.0,247,150,0.0,550,229,0.0,455,176,0,0,0,0,0,0,0,0.0,0.0,1.5,0.0,0.0,455,176,100.0,100.0,445,169,453,179,394,139,461,176,6.0,,,,,,,0.0,0.0,0.0,0.0,0,0.0,0.0,0.0,0.0,2,0,0.0,0.0,0.0,0.0,0.0,0.0,0.0,0.0,0.0,0.0,0.0,0.0,0.0,0.0,122.0,30.0,0.0,0.0,0.0,0.0,0.0,0.0,0.0,0.0,0.0,0.0,0.0,0.0,0.0
76,Alex,Tóth,Tóth.A,a,,,5.0,390,234,0.0,563,234,1.0,236,104,0,0,0,0,0,0,0,0.2,0.2,1.5,1.5,1.0,236,104,,,238,107,243,129,501,199,278,131,,,,,,,,0.0,0.0,0.0,1.86,0,0.0,12.0,0.0,12.0,2,0,0.0,0.0,0.0,0.0,0.0,0.0,0.0,0.0,0.0,0.0,0.0,0.0,0.0,0.0,13.0,18.0,0.0,0.0,0.0,0.0,0.0,0.0,0.0,0.0,0.0,0.0,0.0,0.0,0.0
77,Amine,Adli,Adli,i,Unspecified injury - Unknown return date,,5.0,334,194,0.0,543,225,0.0,508,206,0,0,0,0,0,0,0,0.0,0.0,0.0,0.0,0.0,508,206,0.0,0.0,496,198,508,207,465,174,512,205,,,,,,,,0.0,0.0,0.0,0.0,0,0.0,0.0,0.0,0.0,2,0,0.0,0.0,0.0,0.0,0.0,0.0,0.0,0.0,0.0,0.0,0.0,0.0,0.0,0.0,7.0,83.0,0.0,0.0,0.0,0.0,0.0,0.0,0.0,0.0,0.0,0.0,0.0,0.0,0.0
78,Junior,Kroupi,Kroupi.Jr,i,Foot injury - Unknown return date,,7.5,21,13,0.3,295,99,0.0,615,272,0,0,0,0,0,0,0,0.0,0.0,0.0,0.0,0.0,615,272,0.0,0.0,618,272,619,273,619,273,619,273,,,1.0,,,,,0.0,0.0,0.0,0.0,0,0.0,0.0,0.0,0.0,2,0,0.0,0.0,0.0,0.0,0.0,0.0,0.0,0.0,0.0,0.0,0.0,0.0,0.0,0.0,33.0,1375.0,0.0,0.0,0.0,0.0,0.0,0.0,0.0,0.0,0.0,0.0,0.0,0.0,0.0
79,Francisco Evanilson,de Lima Barbosa,Evanilson,a,,,6.0,85,22,3.0,105,16,4.0,79,9,0,0,0,0,0,0,0,0.7,0.7,2.0,2.0,4.0,79,9,,,88,9,108,12,185,29,124,14,,,,,,,,0.0,0.26,0.26,2.36,0,1.22,0.0,1.22,9.73,2,0,0.0,0.0,0.0,0.0,0.0,0.0,0.0,0.0,0.0,0.0,0.0,0.0,0.0,0.0,15148.0,3377.0,0.0,0.0,0.0,0.0,0.0,0.0,0.0,0.0,0.0,0.0,0.0,0.0,0.0
80,Enes,Ünal,Enes Ünal,u,Has joined Getafe permanently,,5.5,123,30,0.0,540,70,0.0,543,55,0,0,0,0,0,0,0,0.0,0.0,0.0,0.0,0.0,543,55,0.0,0.0,533,45,548,53,519,52,549,54,,,,,,,,0.0,0.0,0.0,0.0,0,0.0,0.0,0.0,0.0,2,0,0.0,0.0,0.0,0.0,0.0,0.0,0.0,0.0,0.0,0.0,0.0,0.0,0.0,0.0,0.0,93.0,0.0,0.0,0.0,0.0,0.0,0.0,0.0,0.0,0.0,0.0,0.0,0.0,0.0
81,Álvaro,Rodríguez,Rodríguez,a,,,6.0,106,28,0.1,405,60,0.0,597,67,0,0,0,0,0,0,0,0.0,0.0,2.0,1.5,0.0,597,67,100.0,100.0,598,67,602,68,597,68,602,68,,,,,,,,0.0,0.0,0.0,0.0,0,0.0,0.0,0.0,0.0,2,0,0.0,0.0,0.0,0.0,0.0,0.0,0.0,0.0,0.0,0.0,0.0,0.0,0.0,0.0,155.0,109.0,0.0,0.0,0.0,0.0,0.0,0.0,0.0,0.0,0.0,0.0,0.0,0.0,0.0
566,António João,Pereira de Albuquerque Tavares da Silva,Silva,a,,,5.0,328,64,0.4,283,108,2.0,131,47,0,0,0,0,0,0,0,0.4,0.4,2.2,2.2,2.0,131,47,,,52,20,260,95,459,181,126,48,,,,,,,,0.0,0.0,0.0,2.25,0,0.0,2.0,1.0,13.0,2,0,0.0,0.0,0.0,0.0,0.0,0.0,0.0,0.0,0.0,0.0,0.0,0.0,0.0,0.0,1810.0,368.0,0.0,0.0,0.0,0.0,0.0,0.0,0.0,0.0,0.0,0.0,0.0,0.0,0.0
573,Juanlu,Sánchez,Sanchez,a,,,4.5,494,134,0.2,331,124,0.0,395,155,0,0,0,0,0,0,0,0.0,0.0,1.7,1.7,0.0,395,155,,,383,161,390,162,327,143,399,161,,,,,,,,0.0,0.0,0.0,0.0,0,0.0,0.0,0.0,0.0,2,0,0.0,0.0,0.0,0.0,0.0,0.0,0.0,0.0,0.0,0.0,0.0,0.0,0.0,0.0,35.0,245.0,0.0,0.0,0.0,0.0,0.0,0.0,0.0,0.0,0.0,0.0,0.0,0.0,0.0
608,Daniel,Jebbison,Jebbison,a,,,5.0,361,58,0.0,490,66,1.0,230,21,0,0,0,0,0,0,0,0.2,0.2,1.4,1.4,1.0,230,21,,,235,17,230,26,57,12,171,18,,,,,,,,0.6,0.0,0.6,1.86,0,0.0,12.0,0.0,6.0,2,0,0.0,0.0,0.0,0.0,0.0,0.0,0.0,0.0,0.0,0.0,0.0,0.0,0.0,0.0,454.0,81.0,0.0,0.0,0.0,0.0,0.0,0.0,0.0,0.0,0.0,0.0,0.0,0.0,0.0
615,Michele,Di Gregorio,Di Gregorio,a,,,4.5,453,35,0.0,597,68,0.0,373,52,0,0,0,0,0,0,0,0.0,0.0,1.9,1.9,0.0,373,52,,,360,52,364,34,294,34,377,52,,,,,,,,0.0,0.0,0.0,0.0,0,0.0,0.0,0.0,0.0,2,0,0.0,0.0,0.0,0.0,0.0,0.0,0.0,0.0,0.0,0.0,0.0,0.0,0.0,0.0,158.0,18.0,0.0,0.0,0.0,0.0,0.0,0.0,0.0,0.0,0.0,0.0,0.0,0.0,0.0
82,Caoimhín,Kelleher,Kelleher,a,,,5.0,258,11,6.5,62,8,7.0,36,3,0,0,0,0,0,0,0,1.4,1.4,2.6,2.6,7.0,36,3,,,51,6,461,54,404,54,128,6,,,,,,,,0.0,0.01,0.01,0.57,4,1.0,0.0,1.0,0.0,2,0,0.0,0.0,0.0,0.0,0.0,0.0,0.0,0.0,0.0,0.0,0.0,0.0,0.0,0.0,10717.0,3478.0,0.0,0.0,0.0,0.0,0.0,0.0,0.0,0.0,0.0,0.0,0.0,0.0,0.0
83,Hákon Rafn,Valdimarsson,Valdimarsson,a,,,4.5,499,44,0.1,407,45,0.0,400,55,0,0,0,0,0,0,0,0.0,0.0,1.9,1.9,0.0,400,55,,,388,55,395,43,332,43,404,55,,,,,,,,0.0,0.0,0.0,0.0,0,0.0,0.0,0.0,0.0,2,0,0.0,0.0,0.0,0.0,0.0,0.0,0.0,0.0,0.0,0.0,0.0,0.0,0.0,0.0,73.0,128.0,0.0,0.0,0.0,0.0,0.0,0.0,0.0,0.0,0.0,0.0,0.0,0.0,0.0
84,Nathan,Collins,Collins,a,,,5.5,161,20,2.1,130,51,6.0,56,24,0,0,0,0,0,0,0,1.1,1.1,2.5,2.5,6.0,56,24,,,147,69,57,17,58,16,77,26,,,,,,,,0.34,0.04,0.38,0.57,0,1.0,0.0,1.0,3.0,2,0,0.0,0.0,0.0,0.0,0.0,0.0,0.0,0.0,0.0,0.0,0.0,0.0,0.0,0.0,3438.0,1669.0,0.0,0.0,0.0,0.0,0.0,0.0,0.0,0.0,0.0,0.0,0.0,0.0,0.0
85,Sepp,van den Berg,Van den Berg,i,Groin injury - Unknown return date,,5.0,308,57,0.1,409,144,0.0,492,183,0,0,0,0,0,0,0,0.0,0.0,0.0,0.0,0.0,492,183,0.0,0.0,481,190,491,190,444,178,497,190,,,,,,,,0.0,0.0,0.0,0.0,0,0.0,0.0,0.0,0.0,2,0,0.0,0.0,0.0,0.0,0.0,0.0,0.0,0.0,0.0,0.0,0.0,0.0,0.0,0.0,7.0,351.0,0.0,0.0,0.0,0.0,0.0,0.0,0.0,0.0,0.0,0.0,0.0,0.0,0.0
86,Keane,Lewis-Potter,Lewis-Potter,a,,,5.5,157,97,1.2,180,54,10.0,17,8,0,0,0,0,0,0,0,1.8,1.8,2.0,2.0,10.0,17,8,,,12,8,76,47,49,25,29,19,,1.0,,,,,,0.77,0.12,0.89,0.57,0,1.0,0.0,1.0,10.0,2,0,0.0,0.0,0.0,0.0,0.0,0.0,0.0,0.0,0.0,0.0,0.0,0.0,0.0,0.0,13111.0,1123.0,0.0,0.0,0.0,0.0,0.0,0.0,0.0,0.0,0.0,0.0,0.0,0.0,0.0
87,Kristoffer,Ajer,Ajer,a,,,4.5,435,96,4.1,79,33,8.0,30,12,0,0,0,0,0,0,0,1.8,1.8,1.7,1.7,8.0,30,12,,,84,38,223,74,21,5,60,18,,,,,,,,0.11,0.02,0.13,0.57,0,1.0,0.0,1.0,10.0,2,0,0.0,0.0,0.0,0.0,0.0,0.0,0.0,0.0,0.0,0.0,0.0,0.0,0.0,0.0,16295.0,2716.0,0.0,0.0,0.0,0.0,0.0,0.0,0.0,0.0,0.0,0.0,0.0,0.0,0.0
88,Michael,Kayode,Kayode,a,,,4.6,404,80,7.8,53,21,13.0,6,4,0,0,0,1,-1,0,0,2.8,2.8,1.9,1.9,13.0,6,4,,,39,13,197,62,10,1,31,6,,,,,,,,0.6,0.0,0.6,0.56,0,1.2,0.0,1.2,4.8,2,0,0.0,0.0,0.0,0.0,0.0,0.0,0.0,0.0,0.0,0.0,0.0,0.0,0.0,0.0,37275.0,3565.0,0.0,0.0,0.0,0.0,0.0,0.0,0.0,0.0,0.0,0.0,0.0,0.0,0.0
89,Rico,Henry,Henry,a,,,4.5,436,97,0.2,318,120,0.0,364,137,0,0,0,0,0,0,0,0.0,0.0,1.7,1.7,0.0,364,137,,,351,142,355,146,282,119,368,143,,,,,,,,0.0,0.0,0.0,0.0,0,0.0,0.0,0.0,0.0,2,0,0.0,0.0,0.0,0.0,0.0,0.0,0.0,0.0,0.0,0.0,0.0,0.0,0.0,0.0,57.0,336.0,0.0,0.0,0.0,0.0,0.0,0.0,0.0,0.0,0.0,0.0,0.0,0.0,0.0
90,Aaron,Hickey,Hickey,a,,,4.5,481,129,0.1,449,160,1.0,197,75,0,0,0,0,0,0,0,0.2,0.2,1.7,1.7,1.0,197,75,,,377,159,257,93,316,140,393,159,,,,,,,,0.0,0.0,0.0,0.64,0,0.0,0.0,0.0,0.0,2,0,0.0,0.0,0.0,0.0,0.0,0.0,0.0,0.0,0.0,0.0,0.0,0.0,0.0,0.0,90.0,84.0,0.0,0.0,0.0,0.0,0.0,0.0,0.0,0.0,0.0,0.0,0.0,0.0,0.0
92,Kim,Ji-soo,Ji-soo,a,,,4.5,520,143,0.0,551,189,0.0,418,162,0,0,0,0,0,0,0,0.0,0.0,1.7,1.7,0.0,418,162,,,407,168,413,169,352,151,423,168,,,,,,,,0.0,0.0,0.0,0.0,0,0.0,0.0,0.0,0.0,2,0,0.0,0.0,0.0,0.0,0.0,0.0,0.0,0.0,0.0,0.0,0.0,0.0,0.0,0.0,8.0,26.0,0.0,0.0,0.0,0.0,0.0,0.0,0.0,0.0,0.0,0.0,0.0,0.0,0.0
93,Jannik,Schuster,Schuster,a,,,4.5,501,137,0.2,365,137,0.0,402,158,0,0,0,0,0,0,0,0.0,0.0,1.7,1.7,0.0,402,158,,,390,164,397,165,334,146,406,164,,,,,,,,0.0,0.0,0.0,0.0,0,0.0,0.0,0.0,0.0,2,0,0.0,0.0,0.0,0.0,0.0,0.0,0.0,0.0,0.0,0.0,0.0,0.0,0.0,0.0,15.0,217.0,0.0,0.0,0.0,0.0,0.0,0.0,0.0,0.0,0.0,0.0,0.0,0.0,0.0
94,Kevin,Schade,Schade,a,,,6.0,100,65,3.5,97,30,3.0,105,47,0,0,0,0,0,0,0,0.5,0.5,2.2,2.2,3.0,105,47,,,120,39,110,66,2,1,28,18,,,2.0,,,,,0.52,0.01,0.53,0.57,0,1.0,0.0,1.0,9.0,2,0,0.0,0.0,0.0,0.0,0.0,0.0,0.0,0.0,0.0,0.0,0.0,0.0,0.0,0.0,5997.0,5034.0,0.0,0.0,0.0,0.0,0.0,0.0,0.0,0.0,0.0,0.0,0.0,0.0,0.0
95,Dango,Ouattara,O.Dango,a,,,6.5,49,33,1.1,185,59,3.0,107,49,0,0,0,0,0,0,0,0.5,0.5,2.3,2.3,3.0,107,49,,,268,125,26,21,70,38,85,45,2.0,,,,,,,0.07,0.4,0.47,0.64,0,1.36,0.0,1.36,8.18,2,0,0.0,0.0,0.0,0.0,0.0,0.0,0.0,0.0,0.0,0.0,0.0,0.0,0.0,0.0,1073.0,2288.0,0.0,0.0,0.0,0.0,0.0,0.0,0.0,0.0,0.0,0.0,0.0,0.0,0.0
96,Mikkel,Damsgaard,Damsgaard,a,,,5.5,165,103,0.5,248,84,1.0,255,116,0,0,0,0,0,0,0,0.2,0.2,2.0,2.0,1.0,255,116,,,183,72,41,28,544,227,120,60,3.0,3.0,,,,,,0.0,0.71,0.71,0.64,0,0.0,0.0,0.0,25.71,2,0,0.0,0.0,0.0,0.0,0.0,0.0,0.0,0.0,0.0,0.0,0.0,0.0,0.0,0.0,473.0,1306.0,0.0,0.0,0.0,0.0,0.0,0.0,0.0,0.0,0.0,0.0,0.0,0.0,0.0
97,Mathias,Jensen,Jensen,a,,,5.5,141,87,0.2,323,113,6.0,55,24,0,0,0,0,0,0,0,1.1,1.1,2.0,2.0,6.0,55,24,,,138,46,9,8,77,42,43,25,1.0,2.0,3.0,,,,,0.11,0.46,0.57,0.64,0,1.36,0.0,1.36,6.82,2,0,0.0,0.0,0.0,0.0,0.0,0.0,0.0,0.0,0.0,0.0,0.0,0.0,0.0,0.0,794.0,217.0,0.0,0.0,0.0,0.0,0.0,0.0,0.0,0.0,0.0,0.0,0.0,0.0,0.0
98,Vitaly,Janelt,Janelt,a,,,5.0,262,160,0.5,253,85,9.0,20,10,0,0,0,0,0,0,0,1.8,1.8,1.5,1.5,9.0,20,10,,,3,3,18,15,39,22,8,7,4.0,,,,,,,0.39,0.17,0.56,0.57,0,1.0,0.0,1.0,13.0,2,0,0.0,0.0,0.0,0.0,0.0,0.0,0.0,0.0,0.0,0.0,0.0,0.0,0.0,0.0,8708.0,851.0,0.0,0.0,0.0,0.0,0.0,0.0,0.0,0.0,0.0,0.0,0.0,0.0,0.0
99,Antoni,Milambo,Milambo,i,Knee injury - Unknown return date,,5.0,370,219,0.0,611,267,0.0,527,218,0,0,0,0,0,0,0,0.0,0.0,0.0,0.0,0.0,527,218,0.0,0.0,515,210,528,219,486,187,531,217,,,,,,,,0.0,0.0,0.0,0.0,0,0.0,0.0,0.0,0.0,2,0,0.0,0.0,0.0,0.0,0.0,0.0,0.0,0.0,0.0,0.0,0.0,0.0,0.0,0.0,3.0,2.0,0.0,0.0,0.0,0.0,0.0,0.0,0.0,0.0,0.0,0.0,0.0,0.0,0.0
100,Fábio,Freitas Gouveia Carvalho,Carvalho,a,,,5.0,295,177,0.0,561,233,0.0,483,192,0,0,0,0,0,0,0,0.0,0.0,1.5,1.1,0.0,483,192,100.0,100.0,472,184,481,193,432,158,488,191,,,,,,,,0.0,0.0,0.0,0.0,0,0.0,0.0,0.0,0.0,2,0,0.0,0.0,0.0,0.0,0.0,0.0,0.0,0.0,0.0,0.0,0.0,0.0,0.0,0.0,46.0,25.0,0.0,0.0,0.0,0.0,0.0,0.0,0.0,0.0,0.0,0.0,0.0,0.0,0.0
102,Yehor,Yarmoliuk,Yarmoliuk,a,,,5.0,352,205,1.1,183,57,1.0,226,97,0,0,0,0,0,0,0,0.2,0.2,1.5,1.5,1.0,226,97,,,246,111,229,126,150,77,252,113,,,,,,,,0.16,0.0,0.16,0.39,0,0.0,0.0,0.0,23.48,2,0,0.0,0.0,0.0,0.0,0.0,0.0,0.0,0.0,0.0,0.0,0.0,0.0,0.0,0.0,93.0,2428.0,0.0,0.0,0.0,0.0,0.0,0.0,0.0,0.0,0.0,0.0,0.0,0.0,0.0
103,Josh,Dasilva,Dasilva,a,,,5.0,255,155,0.0,536,222,0.0,460,179,0,0,0,0,0,0,0,0.0,0.0,1.5,1.5,0.0,460,179,,,451,173,459,182,402,144,467,180,,,,,,,,0.0,0.0,0.0,0.0,0,0.0,0.0,0.0,0.0,2,0,0.0,0.0,0.0,0.0,0.0,0.0,0.0,0.0,0.0,0.0,0.0,0.0,0.0,0.0,12.0,52.0,0.0,0.0,0.0,0.0,0.0,0.0,0.0,0.0,0.0,0.0,0.0,0.0,0.0
105,Jaidon,Anthony,Anthony,a,,,6.0,86,55,0.2,362,135,1.0,279,130,0,0,0,0,0,0,0,0.2,0.2,2.2,2.2,1.0,279,130,,,160,58,21,16,192,98,84,44,,,,,,,,0.12,1.37,1.49,0.39,0,0.0,0.0,0.0,31.3,2,0,0.0,0.0,0.0,0.0,0.0,0.0,0.0,0.0,0.0,0.0,0.0,0.0,0.0,0.0,329.0,402.0,0.0,0.0,0.0,0.0,0.0,0.0,0.0,0.0,0.0,0.0,0.0,0.0,0.0
106,Igor Thiago,Nascimento Rodrigues,Thiago,a,,,8.0,11,3,16.5,24,4,0.0,617,73,0,0,0,0,0,0,0,0.0,0.0,2.5,2.5,0.0,617,73,,,250,20,153,19,102,21,221,21,,,1.0,,,,,1.1,0.09,1.19,0.55,0,1.1,0.0,1.1,5.49,2,0,0.0,0.0,0.0,0.0,0.0,0.0,0.0,0.0,0.0,0.0,0.0,0.0,0.0,0.0,11747.0,26468.0,0.0,0.0,0.0,0.0,0.0,0.0,0.0,0.0,0.0,0.0,0.0,0.0,0.0
107,Kaye,Furo,Furo,a,,,4.5,530,70,0.9,206,33,0.0,425,42,0,0,0,0,0,0,0,0.0,0.0,1.0,1.0,0.0,425,42,,,414,32,420,39,360,38,430,41,,,,,,,,0.0,0.0,0.0,0.0,0,0.0,0.0,0.0,0.0,2,0,0.0,0.0,0.0,0.0,0.0,0.0,0.0,0.0,0.0,0.0,0.0,0.0,0.0,0.0,1187.0,1207.0,0.0,0.0,0.0,0.0,0.0,0.0,0.0,0.0,0.0,0.0,0.0,0.0,0.0
108,Callum,Wilson,Wilson,a,,,5.5,116,29,0.4,278,47,1.0,244,22,0,0,0,0,0,0,0,0.2,0.2,1.8,1.8,1.0,244,22,,,248,19,122,15,125,23,192,19,,,,,,,,0.39,0.51,0.9,0.9,0,0.0,0.0,0.0,0.0,2,0,0.0,0.0,0.0,0.0,0.0,0.0,0.0,0.0,0.0,0.0,0.0,0.0,0.0,0.0,652.0,679.0,0.0,0.0,0.0,0.0,0.0,0.0,0.0,0.0,0.0,0.0,0.0,0.0,0.0
565,Mamadou,Sangaré,M.Sangaré,a,,,5.6,114,74,9.1,43,17,14.0,5,2,0,0,0,1,-1,0,0,2.5,2.5,2.0,2.0,14.0,5,2,,,50,21,56,37,44,23,39,23,,,,,,,,0.06,0.4,0.46,0.56,0,1.2,0.0,1.2,15.6,2,0,0.0,0.0,0.0,0.0,0.0,0.0,0.0,0.0,0.0,0.0,0.0,0.0,0.0,0.0,78239.0,4841.0,0.0,0.0,0.0,0.0,0.0,0.0,0.0,0.0,0.0,0.0,0.0,0.0,0.0
620,El Hadji Malick,Diouf,Diouf,a,,,4.5,537,149,0.0,593,201,0.0,430,165,0,0,0,0,0,0,0,0.0,0.0,1.7,1.7,0.0,430,165,,,419,171,425,172,366,155,435,171,,,,,,,,0.0,0.0,0.0,0.0,0,0.0,0.0,0.0,0.0,2,0,0.0,0.0,0.0,0.0,0.0,0.0,0.0,0.0,0.0,0.0,0.0,0.0,0.0,0.0,600.0,37.0,0.0,0.0,0.0,0.0,0.0,0.0,0.0,0.0,0.0,0.0,0.0,0.0,0.0
109,Bart,Verbruggen,Verbruggen,a,,,4.5,489,43,21.5,14,3,6.0,50,5,0,0,0,0,0,0,0,1.3,1.3,1.9,1.9,6.0,50,5,,,195,20,385,42,322,42,244,20,,,,,,,,0.0,0.0,0.0,0.29,0,1.0,0.0,1.0,0.0,2,0,0.0,0.0,0.0,0.0,0.0,0.0,0.0,0.0,0.0,0.0,0.0,0.0,0.0,0.0,12615.0,8622.0,0.0,0.0,0.0,0.0,0.0,0.0,0.0,0.0,0.0,0.0,0.0,0.0,0.0
111,Jason,Steele,Steele,a,,,4.0,549,51,4.0,83,12,0.0,295,23,0,0,0,0,0,0,0,0.0,0.0,1.0,1.0,0.0,295,23,,,282,23,279,3,197,3,298,23,,,,,,,,0.0,0.0,0.0,0.0,0,0.0,0.0,0.0,0.0,2,0,0.0,0.0,0.0,0.0,0.0,0.0,0.0,0.0,0.0,0.0,0.0,0.0,0.0,0.0,1731.0,2309.0,0.0,0.0,0.0,0.0,0.0,0.0,0.0,0.0,0.0,0.0,0.0,0.0,0.0
113,Ferdi,Kadıoğlu,F.Kadıoğlu,a,,,4.5,455,112,2.2,125,49,0.0,375,144,0,0,0,0,0,0,0,0.0,0.0,1.7,1.7,0.0,375,144,100.0,100.0,362,149,366,153,296,129,379,150,3.0,,,,,,,0.0,0.0,0.0,0.0,0,0.0,0.0,0.0,0.0,2,0,0.0,0.0,0.0,0.0,0.0,0.0,0.0,0.0,0.0,0.0,0.0,0.0,0.0,0.0,354.0,5558.0,0.0,0.0,0.0,0.0,0.0,0.0,0.0,0.0,0.0,0.0,0.0,0.0,0.0
114,Olivier,Boscagli,Boscagli,a,,,4.5,440,100,0.3,307,114,6.0,45,18,0,0,0,0,0,0,0,1.3,1.3,1.7,1.7,6.0,45,18,,,112,51,130,39,114,33,133,51,,,,,,,,0.0,0.04,0.04,0.29,0,1.0,0.0,1.0,6.0,2,0,0.0,0.0,0.0,0.0,0.0,0.0,0.0,0.0,0.0,0.0,0.0,0.0,0.0,0.0,822.0,289.0,0.0,0.0,0.0,0.0,0.0,0.0,0.0,0.0,0.0,0.0,0.0,0.0,0.0
115,Maxim,De Cuyper,De Cuyper,a,,,4.6,403,79,8.5,48,18,17.0,1,1,0,0,0,1,-1,0,0,3.7,3.7,1.9,1.9,17.0,1,1,,,26,9,10,2,11,2,4,1,2.0,4.0,,,,,,1.72,0.25,1.97,0.34,0,1.17,0.0,1.17,4.68,2,0,0.0,0.0,0.0,0.0,0.0,0.0,0.0,0.0,0.0,0.0,0.0,0.0,0.0,0.0,67707.0,3818.0,0.0,0.0,0.0,0.0,0.0,0.0,0.0,0.0,0.0,0.0,0.0,0.0,0.0
116,Lewis,Dunk,Dunk,a,,,4.5,410,82,1.2,177,72,6.0,43,16,0,0,0,0,0,0,0,1.3,1.3,1.7,1.7,6.0,43,16,,,132,61,134,40,264,112,175,66,,3.0,,,,,,0.0,0.04,0.04,0.29,0,1.0,0.0,1.0,2.0,2,0,0.0,0.0,0.0,0.0,0.0,0.0,0.0,0.0,0.0,0.0,0.0,0.0,0.0,0.0,2209.0,990.0,0.0,0.0,0.0,0.0,0.0,0.0,0.0,0.0,0.0,0.0,0.0,0.0,0.0
117,Diego,Coppola,Coppola,a,,,4.5,512,141,0.0,553,191,0.0,412,161,0,0,0,0,0,0,0,0.0,0.0,1.7,1.7,0.0,412,161,,,400,167,407,168,345,150,416,167,,,,,,,,0.0,0.0,0.0,0.0,0,0.0,0.0,0.0,0.0,2,0,0.0,0.0,0.0,0.0,0.0,0.0,0.0,0.0,0.0,0.0,0.0,0.0,0.0,0.0,34.0,34.0,0.0,0.0,0.0,0.0,0.0,0.0,0.0,0.0,0.0,0.0,0.0,0.0,0.0
118,Igor Julio,dos Santos de Paulo,Igor,a,,,4.5,448,106,0.1,436,153,0.0,372,142,0,0,0,0,0,0,0,0.0,0.0,1.7,1.7,0.0,372,142,,,359,147,363,151,291,125,376,148,,,,,,,,0.0,0.0,0.0,0.0,0,0.0,0.0,0.0,0.0,2,0,0.0,0.0,0.0,0.0,0.0,0.0,0.0,0.0,0.0,0.0,0.0,0.0,0.0,0.0,45.0,132.0,0.0,0.0,0.0,0.0,0.0,0.0,0.0,0.0,0.0,0.0,0.0,0.0,0.0
119,João Pedro,Loureiro da Costa,Costinha,a,,,4.5,474,126,0.0,517,179,1.0,193,72,0,0,0,0,0,0,0,0.2,0.2,1.7,1.7,1.0,193,72,,,177,77,188,57,50,14,139,55,,,,,,,,0.42,0.0,0.42,0.35,0,0.0,0.0,0.0,13.85,2,0,0.0,0.0,0.0,0.0,0.0,0.0,0.0,0.0,0.0,0.0,0.0,0.0,0.0,0.0,31.0,45.0,0.0,0.0,0.0,0.0,0.0,0.0,0.0,0.0,0.0,0.0,0.0,0.0,0.0
120,Michael,Svoboda,Svoboda,a,,,5.0,313,58,0.1,482,169,0.0,497,184,0,0,0,0,0,0,0,0.0,0.0,2.2,2.2,0.0,497,184,,,486,191,496,191,449,179,502,191,,,,,,,,0.0,0.0,0.0,0.0,0,0.0,0.0,0.0,0.0,2,0,0.0,0.0,0.0,0.0,0.0,0.0,0.0,0.0,0.0,0.0,0.0,0.0,0.0,0.0,39.0,84.0,0.0,0.0,0.0,0.0,0.0,0.0,0.0,0.0,0.0,0.0,0.0,0.0,0.0
121,Mitoma,Kaoru,Mitoma,i,Hamstring injury - Unknown return date,,6.0,88,57,0.0,501,208,0.0,591,257,0,0,0,0,0,0,0,0.0,0.0,0.0,0.0,0.0,591,257,0.0,0.0,591,255,595,258,588,251,595,258,,,,,,,,0.0,0.0,0.0,0.0,0,0.0,0.0,0.0,0.0,2,0,0.0,0.0,0.0,0.0,0.0,0.0,0.0,0.0,0.0,0.0,0.0,0.0,0.0,0.0,10.0,129.0,0.0,0.0,0.0,0.0,0.0,0.0,0.0,0.0,0.0,0.0,0.0,0.0,0.0
122,Yankuba,Minteh,Minteh,i,Leg injury - Expected back 28 Nov,,6.0,107,68,0.1,469,191,0.0,598,260,0,0,0,0,0,0,0,0.0,0.0,0.0,0.0,0.0,598,260,0.0,0.0,599,259,603,262,598,257,603,262,5.0,,,,,,,0.0,0.0,0.0,0.0,0,0.0,0.0,0.0,0.0,2,0,0.0,0.0,0.0,0.0,0.0,0.0,0.0,0.0,0.0,0.0,0.0,0.0,0.0,0.0,7.0,343.0,0.0,0.0,0.0,0.0,0.0,0.0,0.0,0.0,0.0,0.0,0.0,0.0,0.0
123,Jack,Hinshelwood,Hinshelwood,d,Unspecified injury - 25% chance of playing,,6.0,101,66,2.3,121,38,16.0,2,1,0,0,0,0,0,0,0,2.7,2.7,0.5,2.2,16.0,2,1,25.0,25.0,1,1,96,60,3,2,2,2,,,,,,,,2.01,0.03,2.04,0.27,0,1.43,0.0,1.43,4.29,2,0,0.0,0.0,0.0,0.0,0.0,0.0,0.0,0.0,0.0,0.0,0.0,0.0,0.0,0.0,2961.0,18345.0,0.0,0.0,0.0,0.0,0.0,0.0,0.0,0.0,0.0,0.0,0.0,0.0,0.0
124,Pascal,Groß,Groß,a,,,5.5,115,75,12.8,31,10,2.0,136,63,0,0,0,0,0,0,0,0.4,0.4,2.0,2.0,2.0,136,63,,,79,26,2,1,95,46,26,17,1.0,1.0,1.0,,,,,0.0,0.27,0.27,0.29,0,1.0,0.0,1.0,5.0,2,0,0.0,0.0,0.0,0.0,0.0,0.0,0.0,0.0,0.0,0.0,0.0,0.0,0.0,0.0,4090.0,19311.0,0.0,0.0,0.0,0.0,0.0,0.0,0.0,0.0,0.0,0.0,0.0,0.0,0.0
125,Georginio,Rutter,Georginio,d,Unspecified injury - 75% chance of playing,,5.5,176,41,1.0,193,30,5.0,70,7,0,0,0,0,0,0,0,0.9,0.9,1.3,1.8,5.0,70,7,75.0,75.0,86,8,113,14,69,14,87,12,,,,,,,,0.08,0.44,0.52,0.29,0,1.0,0.0,1.0,7.0,2,0,0.0,0.0,0.0,0.0,0.0,0.0,0.0,0.0,0.0,0.0,0.0,0.0,0.0,0.0,982.0,3885.0,0.0,0.0,0.0,0.0,0.0,0.0,0.0,0.0,0.0,0.0,0.0,0.0,0.0
126,Matt,O'Riley,O'Riley,a,,,5.5,146,90,0.1,417,163,0.0,556,235,0,0,0,0,0,0,0,0.0,0.0,2.0,2.0,0.0,556,235,,,546,229,561,238,536,220,561,236,,,3.0,,,,,0.0,0.0,0.0,0.0,0,0.0,0.0,0.0,0.0,2,0,0.0,0.0,0.0,0.0,0.0,0.0,0.0,0.0,0.0,0.0,0.0,0.0,0.0,0.0,88.0,173.0,0.0,0.0,0.0,0.0,0.0,0.0,0.0,0.0,0.0,0.0,0.0,0.0,0.0
127,Diego,Gómez Amarilla,Gomez,a,,,5.0,356,207,3.8,87,28,6.0,52,23,0,0,0,0,0,0,0,1.2,1.2,1.5,1.5,6.0,52,23,,,43,19,47,31,12,7,13,10,,5.0,,,,,,0.19,0.51,0.7,0.31,0,1.06,0.0,1.06,6.35,2,0,0.0,0.0,0.0,0.0,0.0,0.0,0.0,0.0,0.0,0.0,0.0,0.0,0.0,0.0,5760.0,3047.0,0.0,0.0,0.0,0.0,0.0,0.0,0.0,0.0,0.0,0.0,0.0,0.0,0.0
128,Facundo,Buonanotte,Buonanotte,u,Has joined Elche on loan for the rest of the season,,5.0,368,217,0.0,606,264,0.0,526,217,0,0,0,0,0,0,0,0.0,0.0,0.0,0.0,0.0,526,217,0.0,0.0,514,209,527,218,485,186,530,216,,,,,,,,0.0,0.0,0.0,0.0,0,0.0,0.0,0.0,0.0,2,0,0.0,0.0,0.0,0.0,0.0,0.0,0.0,0.0,0.0,0.0,0.0,0.0,0.0,0.0,0.0,17.0,0.0,0.0,0.0,0.0,0.0,0.0,0.0,0.0,0.0,0.0,0.0,0.0,0.0
129,Yasin,Ayari,Ayari,a,,,5.5,200,125,0.6,237,79,2.0,146,70,0,0,0,0,0,0,0,0.4,0.4,2.0,2.0,2.0,146,70,,,567,243,81,51,121,62,201,89,4.0,2.0,,,,,,0.16,0.04,0.2,0.27,0,1.43,0.0,1.43,5.71,2,0,0.0,0.0,0.0,0.0,0.0,0.0,0.0,0.0,0.0,0.0,0.0,0.0,0.0,0.0,553.0,1364.0,0.0,0.0,0.0,0.0,0.0,0.0,0.0,0.0,0.0,0.0,0.0,0.0,0.0
130,Mats,Wieffer,Wieffer,a,,,5.0,321,61,0.4,267,99,7.0,37,13,0,0,0,0,0,0,0,1.4,1.4,2.2,2.2,7.0,37,13,,,104,44,40,13,116,35,80,28,,,,,,,,0.11,0.06,0.17,0.34,0,1.17,0.0,1.17,9.35,2,0,0.0,0.0,0.0,0.0,0.0,0.0,0.0,0.0,0.0,0.0,0.0,0.0,0.0,0.0,1616.0,506.0,0.0,0.0,0.0,0.0,0.0,0.0,0.0,0.0,0.0,0.0,0.0,0.0,0.0
132,Harry,Howell,Howell,u,Has joined Leicester City on loan for the rest of the season,,4.5,532,266,0.1,485,199,0.0,427,161,0,0,0,0,0,0,0,0.0,0.0,0.0,0.0,0.0,427,161,0.0,0.0,416,154,422,164,362,122,432,161,,,,,,,,0.0,0.0,0.0,0.0,0,0.0,0.0,0.0,0.0,2,0,0.0,0.0,0.0,0.0,0.0,0.0,0.0,0.0,0.0,0.0,0.0,0.0,0.0,0.0,0.0,124.0,0.0,0.0,0.0,0.0,0.0,0.0,0.0,0.0,0.0,0.0,0.0,0.0,0.0
133,Tom,Watson,Watson,u,Has joined Leicester City on loan for the rest of the season,,5.0,373,222,0.0,613,268,0.0,529,220,0,0,0,0,0,0,0,0.0,0.0,0.0,0.0,0.0,529,220,0.0,0.0,517,212,530,221,489,190,533,219,,,,,,,,0.0,0.0,0.0,0.0,0,0.0,0.0,0.0,0.0,2,0,0.0,0.0,0.0,0.0,0.0,0.0,0.0,0.0,0.0,0.0,0.0,0.0,0.0,0.0,0.0,8.0,0.0,0.0,0.0,0.0,0.0,0.0,0.0,0.0,0.0,0.0,0.0,0.0,0.0
134,Nehemiah,Oriola,Oriola,a,,,4.5,516,260,0.3,304,105,0.0,415,156,0,0,0,0,0,0,0,0.0,0.0,1.0,1.0,0.0,415,156,,,403,149,410,159,348,117,419,156,,,,,,,,0.0,0.0,0.0,0.0,0,0.0,0.0,0.0,0.0,2,0,0.0,0.0,0.0,0.0,0.0,0.0,0.0,0.0,0.0,0.0,0.0,0.0,0.0,0.0,211.0,422.0,0.0,0.0,0.0,0.0,0.0,0.0,0.0,0.0,0.0,0.0,0.0,0.0,0.0
135,Zadok,Yohanna,Yohanna,a,,,5.0,401,241,0.1,460,184,1.0,242,109,0,0,0,0,0,0,0,0.2,0.2,1.5,1.5,1.0,242,109,,,278,133,210,119,511,206,284,135,,,,,,,,0.0,0.22,0.22,0.0,0,0.0,0.0,0.0,0.0,2,0,0.0,0.0,0.0,0.0,0.0,0.0,0.0,0.0,0.0,0.0,0.0,0.0,0.0,0.0,38.0,172.0,0.0,0.0,0.0,0.0,0.0,0.0,0.0,0.0,0.0,0.0,0.0,0.0,0.0
137,Stefanos,Tzimas,Tzimas,i,Knee injury - Unknown return date,,5.5,220,46,0.0,590,72,0.0,580,61,0,0,0,0,0,0,0,0.0,0.0,0.0,0.0,0.0,580,61,0.0,0.0,573,55,583,61,574,61,585,62,,,,,,,,0.0,0.0,0.0,0.0,0,0.0,0.0,0.0,0.0,2,0,0.0,0.0,0.0,0.0,0.0,0.0,0.0,0.0,0.0,0.0,0.0,0.0,0.0,0.0,7.0,29.0,0.0,0.0,0.0,0.0,0.0,0.0,0.0,0.0,0.0,0.0,0.0,0.0,0.0
138,Charalampos,Kostoulas,Kostoulas,a,,,5.5,223,47,0.2,327,53,1.0,270,29,0,0,0,0,0,0,0,0.2,0.2,1.8,1.8,1.0,270,29,,,576,56,255,29,88,17,237,23,,,,,,,,0.62,0.0,0.62,0.35,0,0.0,0.0,0.0,6.92,2,0,0.0,0.0,0.0,0.0,0.0,0.0,0.0,0.0,0.0,0.0,0.0,0.0,0.0,0.0,402.0,366.0,0.0,0.0,0.0,0.0,0.0,0.0,0.0,0.0,0.0,0.0,0.0,0.0,0.0
139,Evan,Ferguson,Ferguson,i,Ankle injury - Expected back 10 Oct,,5.0,331,55,0.0,525,69,0.0,506,49,0,0,0,0,0,0,0,0.0,0.0,0.0,0.0,0.0,506,49,0.0,0.0,494,39,506,47,462,46,510,48,,,,,,,,0.0,0.0,0.0,0.0,0,0.0,0.0,0.0,0.0,2,0,0.0,0.0,0.0,0.0,0.0,0.0,0.0,0.0,0.0,0.0,0.0,0.0,0.0,0.0,30.0,53.0,0.0,0.0,0.0,0.0,0.0,0.0,0.0,0.0,0.0,0.0,0.0,0.0,0.0
328,Pascal,Struijk,Struijk,a,,,5.0,282,50,0.2,325,122,0.0,472,178,0,0,0,0,0,0,0,0.0,0.0,2.2,2.2,0.0,472,178,100.0,100.0,464,186,473,186,421,172,480,186,,,,,,,,0.0,0.0,0.0,0.0,0,0.0,0.0,0.0,0.0,2,0,0.0,0.0,0.0,0.0,0.0,0.0,0.0,0.0,0.0,0.0,0.0,0.0,0.0,0.0,104.0,430.0,0.0,0.0,0.0,0.0,0.0,0.0,0.0,0.0,0.0,0.0,0.0,0.0,0.0
504,Luka,Vušković,Vuskovic,a,,,5.0,388,76,2.5,115,44,6.0,54,23,0,0,0,0,0,0,0,1.2,1.2,2.2,2.2,6.0,54,23,,,141,66,149,44,78,22,137,54,,,,,,,,0.13,0.03,0.16,0.29,0,1.0,0.0,1.0,4.0,2,0,0.0,0.0,0.0,0.0,0.0,0.0,0.0,0.0,0.0,0.0,0.0,0.0,0.0,0.0,1958.0,2040.0,0.0,0.0,0.0,0.0,0.0,0.0,0.0,0.0,0.0,0.0,0.0,0.0,0.0
594,Promise,David,David,a,,,6.0,102,25,0.3,311,52,0.0,596,66,0,0,0,0,0,0,0,0.0,0.0,2.0,2.0,0.0,596,66,,,597,66,601,67,596,67,601,67,,,2.0,,,,,0.0,0.0,0.0,0.0,0,0.0,0.0,0.0,0.0,2,0,0.0,0.0,0.0,0.0,0.0,0.0,0.0,0.0,0.0,0.0,0.0,0.0,0.0,0.0,238.0,824.0,0.0,0.0,0.0,0.0,0.0,0.0,0.0,0.0,0.0,0.0,0.0,0.0,0.0
600,Ibrahim,Osman,Osman,a,,,5.0,389,233,0.0,568,238,1.0,235,103,0,0,0,0,0,0,0,0.2,0.2,1.5,1.5,1.0,235,103,,,221,95,78,49,136,68,157,71,,,,,,,,0.0,0.38,0.38,0.0,0,0.0,0.0,0.0,15.0,2,0,0.0,0.0,0.0,0.0,0.0,0.0,0.0,0.0,0.0,0.0,0.0,0.0,0.0,0.0,17.0,19.0,0.0,0.0,0.0,0.0,0.0,0.0,0.0,0.0,0.0,0.0,0.0,0.0,0.0
605,Malick,Yalcouyé,Yalcouyé,a,,,4.5,535,267,0.1,421,166,1.0,207,89,0,0,0,0,0,0,0,0.2,0.2,1.0,1.0,1.0,207,89,,,269,126,167,98,364,123,275,129,,,,,,,,0.0,0.22,0.22,0.0,0,0.0,0.0,0.0,0.0,2,0,0.0,0.0,0.0,0.0,0.0,0.0,0.0,0.0,0.0,0.0,0.0,0.0,0.0,0.0,633.0,149.0,0.0,0.0,0.0,0.0,0.0,0.0,0.0,0.0,0.0,0.0,0.0,0.0,0.0
614,Jaouen,Hadjam,Hadjam,a,,,4.5,500,136,0.0,555,193,0.0,401,157,0,0,0,0,0,0,0,0.0,0.0,1.7,1.7,0.0,401,157,,,389,163,396,164,333,145,405,163,,,,,,,,0.0,0.0,0.0,0.0,0,0.0,0.0,0.0,0.0,2,0,0.0,0.0,0.0,0.0,0.0,0.0,0.0,0.0,0.0,0.0,0.0,0.0,0.0,0.0,291.0,24.0,0.0,0.0,0.0,0.0,0.0,0.0,0.0,0.0,0.0,0.0,0.0,0.0,0.0
40,Morgan,Rogers,Rogers,a,,,7.5,16,9,26.3,10,4,8.0,34,17,0,0,0,0,0,0,0,1.1,1.1,2.6,2.6,8.0,34,17,,,8,6,4,3,30,16,3,3,4.0,,,,,,,1.07,0.11,1.18,1.38,0,0.0,2.22,1.11,7.78,2,0,0.0,0.0,0.0,0.0,0.0,0.0,0.0,0.0,0.0,0.0,0.0,0.0,0.0,0.0,42921.0,13909.0,0.0,0.0,0.0,0.0,0.0,0.0,0.0,0.0,0.0,0.0,0.0,0.0,0.0
101,Jordan,Henderson,Henderson,d,Wrist injury - 75% chance of playing,,5.0,227,141,0.0,512,214,0.0,441,169,0,0,0,0,0,0,0,0.0,0.0,1.1,1.1,0.0,441,169,75.0,75.0,430,162,436,172,377,131,446,169,,,,,,,,0.0,0.0,0.0,0.0,0,0.0,0.0,0.0,0.0,2,0,0.0,0.0,0.0,0.0,0.0,0.0,0.0,0.0,0.0,0.0,0.0,0.0,0.0,0.0,11.0,76.0,0.0,0.0,0.0,0.0,0.0,0.0,0.0,0.0,0.0,0.0,0.0,0.0,0.0
136,Danny,Welbeck,Welbeck,a,,,6.0,57,13,1.0,195,31,0.0,585,63,0,0,0,0,0,0,0,0.0,0.0,2.0,1.5,0.0,585,63,100.0,100.0,579,58,588,63,579,63,590,64,,,,,,,,0.0,0.0,0.0,0.0,0,0.0,0.0,0.0,0.0,2,0,0.0,0.0,0.0,0.0,0.0,0.0,0.0,0.0,0.0,0.0,0.0,0.0,0.0,0.0,1363.0,2389.0,0.0,0.0,0.0,0.0,0.0,0.0,0.0,0.0,0.0,0.0,0.0,0.0,0.0
140,Robert,Lynch Sánchez,Sánchez,a,,,5.0,271,12,2.2,127,19,2.0,125,14,0,0,0,0,0,0,0,0.4,0.4,2.6,2.6,2.0,125,14,,,78,11,466,55,412,55,170,11,,,,,,,,0.0,0.01,0.01,1.33,4,0.0,2.0,1.0,0.0,2,0,0.0,0.0,0.0,0.0,0.0,0.0,0.0,0.0,0.0,0.0,0.0,0.0,0.0,0.0,991.0,9237.0,0.0,0.0,0.0,0.0,0.0,0.0,0.0,0.0,0.0,0.0,0.0,0.0,0.0
141,Filip,Jörgensen,Jörgensen,u,Has joined RC Strasbourg on loan for the rest of the season,,5.0,353,21,0.0,575,66,0.0,520,68,0,0,0,0,0,0,0,0.0,0.0,0.0,0.0,0.0,520,68,0.0,0.0,508,68,521,64,478,64,524,68,,,,,,,,0.0,0.0,0.0,0.0,0,0.0,0.0,0.0,0.0,2,0,0.0,0.0,0.0,0.0,0.0,0.0,0.0,0.0,0.0,0.0,0.0,0.0,0.0,0.0,0.0,23.0,0.0,0.0,0.0,0.0,0.0,0.0,0.0,0.0,0.0,0.0,0.0,0.0,0.0
142,Reece,James,James,a,,,5.5,148,17,10.0,39,13,0.0,558,196,0,0,0,0,0,0,0,0.0,0.0,2.5,2.5,0.0,558,196,,,72,32,71,23,48,13,54,15,1.0,1.0,,,,,,0.1,0.07,0.17,1.33,0,0.0,2.0,1.0,6.0,2,0,0.0,0.0,0.0,0.0,0.0,0.0,0.0,0.0,0.0,0.0,0.0,0.0,0.0,0.0,8724.0,12942.0,0.0,0.0,0.0,0.0,0.0,0.0,0.0,0.0,0.0,0.0,0.0,0.0,0.0
143,Trevoh,Chalobah,Chalobah,u,Has joined Como permanently,,5.5,129,13,0.1,394,141,0.0,547,193,0,0,0,0,0,0,0,0.0,0.0,0.0,0.0,0.0,547,193,0.0,0.0,537,199,552,199,523,192,553,199,,,,,,,,0.0,0.0,0.0,0.0,0,0.0,0.0,0.0,0.0,2,0,0.0,0.0,0.0,0.0,0.0,0.0,0.0,0.0,0.0,0.0,0.0,0.0,0.0,0.0,0.0,617.0,0.0,0.0,0.0,0.0,0.0,0.0,0.0,0.0,0.0,0.0,0.0,0.0,0.0
144,Malo,Gusto,Gusto,a,,,5.0,327,63,1.2,175,70,1.0,221,88,0,0,0,0,0,0,0,0.2,0.2,2.2,2.2,1.0,221,88,,,185,82,125,38,117,36,162,63,,,,,,,,0.0,0.04,0.04,1.33,0,0.0,2.4,1.2,3.6,2,0,0.0,0.0,0.0,0.0,0.0,0.0,0.0,0.0,0.0,0.0,0.0,0.0,0.0,0.0,2086.0,1574.0,0.0,0.0,0.0,0.0,0.0,0.0,0.0,0.0,0.0,0.0,0.0,0.0,0.0
145,Wesley,Fofana,Fofana,a,,,5.0,307,56,0.0,518,180,0.0,491,182,0,0,0,0,0,0,0,0.0,0.0,2.2,0.0,0.0,491,182,100.0,100.0,480,189,490,189,443,177,496,189,,,,,,,,0.0,0.0,0.0,0.0,0,0.0,0.0,0.0,0.0,2,0,0.0,0.0,0.0,0.0,0.0,0.0,0.0,0.0,0.0,0.0,0.0,0.0,0.0,0.0,137.0,33.0,0.0,0.0,0.0,0.0,0.0,0.0,0.0,0.0,0.0,0.0,0.0,0.0,0.0
146,Benoît,Badiashile Mukinayi,B.Badiashile,u,Has joined Napoli on loan for the rest of the season,,4.5,461,116,0.0,546,187,0.0,380,148,0,0,0,0,0,0,0,0.0,0.0,0.0,1.7,0.0,380,148,0.0,0.0,366,152,371,156,301,132,383,153,,,,,,,,0.0,0.0,0.0,0.0,0,0.0,0.0,0.0,0.0,2,0,0.0,0.0,0.0,0.0,0.0,0.0,0.0,0.0,0.0,0.0,0.0,0.0,0.0,0.0,0.0,113.0,0.0,0.0,0.0,0.0,0.0,0.0,0.0,0.0,0.0,0.0,0.0,0.0,0.0
147,Tosin,Adarabioyo,Tosin,a,,,4.5,418,86,0.2,345,130,0.0,354,134,0,0,0,0,0,0,0,0.0,0.0,1.7,1.7,0.0,354,134,,,341,139,344,142,270,114,358,140,,,,,,,,0.0,0.0,0.0,0.0,0,0.0,0.0,0.0,0.0,2,0,0.0,0.0,0.0,0.0,0.0,0.0,0.0,0.0,0.0,0.0,0.0,0.0,0.0,0.0,25.0,357.0,0.0,0.0,0.0,0.0,0.0,0.0,0.0,0.0,0.0,0.0,0.0,0.0,0.0
148,Jorrel,Hato,Hato,a,,,4.5,513,142,0.5,260,95,1.0,203,80,0,0,0,0,0,0,0,0.2,0.2,1.7,1.7,1.0,203,80,,,175,76,101,30,82,26,125,47,,,,,,,,0.01,0.04,0.05,1.48,0,0.0,2.81,1.41,4.22,2,0,0.0,0.0,0.0,0.0,0.0,0.0,0.0,0.0,0.0,0.0,0.0,0.0,0.0,0.0,695.0,647.0,0.0,0.0,0.0,0.0,0.0,0.0,0.0,0.0,0.0,0.0,0.0,0.0,0.0
149,Levi,Samuels Colwill,Colwill,a,,,5.0,314,59,1.5,157,64,0.0,498,185,0,0,0,0,0,0,0,0.0,0.0,2.2,2.2,0.0,498,185,,,201,88,195,60,105,31,208,81,,,,,,,,0.01,0.03,0.04,1.33,0,0.0,2.0,1.0,4.0,2,0,0.0,0.0,0.0,0.0,0.0,0.0,0.0,0.0,0.0,0.0,0.0,0.0,0.0,0.0,1204.0,2905.0,0.0,0.0,0.0,0.0,0.0,0.0,0.0,0.0,0.0,0.0,0.0,0.0,0.0
150,Mamadou,Sarr,M.Sarr,a,,,4.5,522,144,0.1,445,158,0.0,420,163,0,0,0,0,0,0,0,0.0,0.0,1.7,1.7,0.0,420,163,,,409,169,415,170,354,152,425,169,,,,,,,,0.0,0.0,0.0,0.0,0,0.0,0.0,0.0,0.0,2,0,0.0,0.0,0.0,0.0,0.0,0.0,0.0,0.0,0.0,0.0,0.0,0.0,0.0,0.0,21.0,106.0,0.0,0.0,0.0,0.0,0.0,0.0,0.0,0.0,0.0,0.0,0.0,0.0,0.0
151,Josh,Acheampong,Acheampong,a,,,4.5,525,146,0.4,280,106,3.0,85,36,0,0,0,0,0,0,0,0.7,0.7,1.7,1.7,3.0,85,36,,,41,14,180,54,163,59,112,40,,,,,,,,0.0,0.01,0.01,1.33,0,0.0,2.0,1.0,15.0,2,0,0.0,0.0,0.0,0.0,0.0,0.0,0.0,0.0,0.0,0.0,0.0,0.0,0.0,0.0,2053.0,557.0,0.0,0.0,0.0,0.0,0.0,0.0,0.0,0.0,0.0,0.0,0.0,0.0,0.0
152,Marco,Palestra,Palestra,d,Unspecified injury - 75% chance of playing,,5.5,221,33,2.1,129,50,0.0,581,202,0,0,0,0,0,0,0,0.0,0.0,1.9,2.5,0.0,581,202,75.0,75.0,574,204,584,204,575,203,586,204,,,,,,,,0.0,0.0,0.0,0.0,0,0.0,0.0,0.0,0.0,2,0,0.0,0.0,0.0,0.0,0.0,0.0,0.0,0.0,0.0,0.0,0.0,0.0,0.0,0.0,102.0,20391.0,0.0,0.0,0.0,0.0,0.0,0.0,0.0,0.0,0.0,0.0,0.0,0.0,0.0
154,Cole,Palmer,Palmer,a,,,9.5,4,3,16.5,23,8,13.0,8,4,0,0,0,0,0,0,0,1.4,1.4,3.2,3.2,13.0,8,4,100.0,100.0,2,2,14,12,5,4,1,1,,3.0,1.0,,,,,0.31,0.21,0.52,1.36,0,0.0,2.2,1.1,9.88,2,0,0.0,0.0,0.0,0.0,0.0,0.0,0.0,0.0,0.0,0.0,0.0,0.0,0.0,0.0,78583.0,4331.0,0.0,0.0,0.0,0.0,0.0,0.0,0.0,0.0,0.0,0.0,0.0,0.0,0.0
155,Enzo,Fernández,Enzo,a,,,7.0,28,18,4.3,75,25,1.0,291,141,0,0,0,0,0,0,0,0.1,0.1,2.5,2.5,1.0,291,141,,,236,105,106,64,615,271,212,95,3.0,2.0,2.0,,,,,0.0,0.07,0.07,1.01,0,0.0,0.0,0.0,10.8,2,0,0.0,0.0,0.0,0.0,0.0,0.0,0.0,0.0,0.0,0.0,0.0,0.0,0.0,0.0,738.0,19362.0,0.0,0.0,0.0,0.0,0.0,0.0,0.0,0.0,0.0,0.0,0.0,0.0,0.0
156,Pedro,Lomba Neto,Neto,a,,,6.5,40,27,1.2,179,53,1.0,287,137,0,0,0,0,0,0,0,0.2,0.2,2.3,2.3,1.0,287,137,,,212,88,152,90,144,73,227,102,2.0,4.0,,,,,,0.19,0.45,0.64,1.41,0,0.0,0.0,0.0,25.71,2,0,0.0,0.0,0.0,0.0,0.0,0.0,0.0,0.0,0.0,0.0,0.0,0.0,0.0,0.0,464.0,4650.0,0.0,0.0,0.0,0.0,0.0,0.0,0.0,0.0,0.0,0.0,0.0,0.0,0.0
157,Estêvão,Almeida de Oliveira Gonçalves,Estêvão,a,,,6.5,51,35,1.1,184,58,1.0,288,138,0,0,0,0,0,0,0,0.2,0.2,2.3,2.3,1.0,288,138,,,279,134,256,135,612,269,295,141,5.0,,3.0,,,,,0.0,0.0,0.0,1.16,0,0.0,0.0,0.0,12.86,2,0,0.0,0.0,0.0,0.0,0.0,0.0,0.0,0.0,0.0,0.0,0.0,0.0,0.0,0.0,663.0,3489.0,0.0,0.0,0.0,0.0,0.0,0.0,0.0,0.0,0.0,0.0,0.0,0.0,0.0
158,Jamie,Bynoe-Gittens,Gittens,a,,,6.0,90,58,0.0,523,217,0.0,593,258,0,0,0,0,0,0,0,0.0,0.0,2.2,2.2,0.0,593,258,,,593,256,597,259,590,252,597,259,,,,,,,,0.0,0.0,0.0,0.0,0,0.0,0.0,0.0,0.0,2,0,0.0,0.0,0.0,0.0,0.0,0.0,0.0,0.0,0.0,0.0,0.0,0.0,0.0,0.0,28.0,117.0,0.0,0.0,0.0,0.0,0.0,0.0,0.0,0.0,0.0,0.0,0.0,0.0,0.0
159,Moisés,Caicedo Corozo,Caicedo,d,Unspecified injury - 75% chance of playing,,5.5,191,118,2.9,107,31,0.0,572,245,0,0,0,0,0,0,0,0.0,0.0,1.5,2.0,0.0,572,245,75.0,75.0,563,239,576,247,560,236,576,245,,,,,,,,0.0,0.0,0.0,0.0,0,0.0,0.0,0.0,0.0,2,0,0.0,0.0,0.0,0.0,0.0,0.0,0.0,0.0,0.0,0.0,0.0,0.0,0.0,0.0,167.0,17385.0,0.0,0.0,0.0,0.0,0.0,0.0,0.0,0.0,0.0,0.0,0.0,0.0,0.0
161,Roméo,Lavia,Lavia,a,,,5.0,357,208,0.1,467,189,1.0,227,98,0,0,0,0,0,0,0,0.2,0.2,1.5,1.5,1.0,227,98,,,130,43,55,36,24,11,44,26,,,,,,,,0.3,0.04,0.34,1.48,0,0.0,2.81,1.41,12.66,2,0,0.0,0.0,0.0,0.0,0.0,0.0,0.0,0.0,0.0,0.0,0.0,0.0,0.0,0.0,208.0,116.0,0.0,0.0,0.0,0.0,0.0,0.0,0.0,0.0,0.0,0.0,0.0,0.0,0.0
163,Dário,Luís Essugo,D.Essugo,a,,,4.5,491,253,0.2,349,128,0.0,392,149,0,0,0,0,0,0,0,0.0,0.0,1.0,1.0,0.0,392,149,,,380,142,387,152,324,110,396,149,,,,,,,,0.0,0.0,0.0,0.0,0,0.0,0.0,0.0,0.0,2,0,0.0,0.0,0.0,0.0,0.0,0.0,0.0,0.0,0.0,0.0,0.0,0.0,0.0,0.0,109.0,377.0,0.0,0.0,0.0,0.0,0.0,0.0,0.0,0.0,0.0,0.0,0.0,0.0,0.0
164,Geovany,Quenda,Quenda,a,,,5.5,219,138,0.0,504,210,1.0,269,125,0,0,0,0,0,0,0,0.2,0.2,2.0,2.0,1.0,269,125,100.0,100.0,264,122,265,140,181,91,270,126,,,,,,,,0.0,0.0,0.0,1.01,0,0.0,0.0,0.0,11.25,2,0,0.0,0.0,0.0,0.0,0.0,0.0,0.0,0.0,0.0,0.0,0.0,0.0,0.0,0.0,23.0,125.0,0.0,0.0,0.0,0.0,0.0,0.0,0.0,0.0,0.0,0.0,0.0,0.0,0.0
165,João Pedro,Junqueira de Jesus,João Pedro,a,,,7.6,13,5,68.5,1,1,11.0,13,1,0,0,0,1,-1,0,0,1.4,1.4,2.4,2.4,11.0,13,1,,,5,1,53,3,19,7,11,2,,,,,,,,0.63,0.06,0.69,1.33,0,0.0,2.0,1.0,3.0,2,0,0.0,0.0,0.0,0.0,0.0,0.0,0.0,0.0,0.0,0.0,0.0,0.0,0.0,0.0,73957.0,3834.0,0.0,0.0,0.0,0.0,0.0,0.0,0.0,0.0,0.0,0.0,0.0,0.0,0.0
166,Nicolas,Jackson,N.Jackson,a,,,6.5,48,12,0.3,288,49,0.0,609,68,0,0,0,0,0,0,0,0.0,0.0,2.1,2.1,0.0,609,68,,,611,68,613,69,611,69,613,69,,,,,,,,0.0,0.0,0.0,0.0,0,0.0,0.0,0.0,0.0,2,0,0.0,0.0,0.0,0.0,0.0,0.0,0.0,0.0,0.0,0.0,0.0,0.0,0.0,0.0,1381.0,1215.0,0.0,0.0,0.0,0.0,0.0,0.0,0.0,0.0,0.0,0.0,0.0,0.0,0.0
168,Marc,Guiu Paz,Marc Guiu,a,,,5.0,346,56,0.4,266,45,0.0,517,50,0,0,0,0,0,0,0,0.0,0.0,1.4,1.4,0.0,517,50,,,505,40,518,48,475,47,521,49,,,,,,,,0.0,0.0,0.0,0.0,0,0.0,0.0,0.0,0.0,2,0,0.0,0.0,0.0,0.0,0.0,0.0,0.0,0.0,0.0,0.0,0.0,0.0,0.0,0.0,206.0,907.0,0.0,0.0,0.0,0.0,0.0,0.0,0.0,0.0,0.0,0.0,0.0,0.0,0.0
169,Shumaira,Mheuka,Mheuka,a,,,4.5,519,69,0.3,286,48,0.0,417,41,0,0,0,0,0,0,0,0.0,0.0,1.0,1.0,0.0,417,41,,,406,31,412,38,351,37,422,40,,,,,,,,0.0,0.0,0.0,0.0,0,0.0,0.0,0.0,0.0,2,0,0.0,0.0,0.0,0.0,0.0,0.0,0.0,0.0,0.0,0.0,0.0,0.0,0.0,0.0,335.0,507.0,0.0,0.0,0.0,0.0,0.0,0.0,0.0,0.0,0.0,0.0,0.0,0.0,0.0
170,Emmanuel,Emegha,Emegha,a,,,5.0,351,57,0.1,379,55,0.0,519,51,0,0,0,0,0,0,0,0.0,0.0,1.4,1.4,0.0,519,51,100.0,100.0,507,41,520,49,477,48,523,50,,,,,,,,0.0,0.0,0.0,0.0,0,0.0,0.0,0.0,0.0,2,0,0.0,0.0,0.0,0.0,0.0,0.0,0.0,0.0,0.0,0.0,0.0,0.0,0.0,0.0,123.0,307.0,0.0,0.0,0.0,0.0,0.0,0.0,0.0,0.0,0.0,0.0,0.0,0.0,0.0
200,Maxence,Lacroix,Lacroix,a,,,6.0,81,8,9.5,41,15,6.0,61,28,0,0,0,0,0,0,0,1.0,1.0,2.8,2.8,6.0,61,28,,,15,5,120,36,184,63,58,17,,,,,,,,0.0,0.2,0.2,1.33,0,0.0,2.0,1.0,12.0,2,0,0.0,0.0,0.0,0.0,0.0,0.0,0.0,0.0,0.0,0.0,0.0,0.0,0.0,0.0,9515.0,7114.0,0.0,0.0,0.0,0.0,0.0,0.0,0.0,0.0,0.0,0.0,0.0,0.0,0.0
560,Mike,Penders,Penders,a,,,4.5,511,47,0.1,457,50,0.0,411,58,0,0,0,0,0,0,0,0.0,0.0,1.9,1.9,0.0,411,58,,,399,58,406,46,344,46,415,58,,,,,,,,0.0,0.0,0.0,0.0,0,0.0,0.0,0.0,0.0,2,0,0.0,0.0,0.0,0.0,0.0,0.0,0.0,0.0,0.0,0.0,0.0,0.0,0.0,0.0,61.0,105.0,0.0,0.0,0.0,0.0,0.0,0.0,0.0,0.0,0.0,0.0,0.0,0.0,0.0
561,Aaron,Anselmino,Anselmino,a,,,4.5,539,151,0.0,557,194,0.0,432,167,0,0,0,0,0,0,0,0.0,0.0,1.7,1.7,0.0,432,167,100.0,100.0,421,173,427,174,368,157,437,173,,,,,,,,0.0,0.0,0.0,0.0,0,0.0,0.0,0.0,0.0,2,0,0.0,0.0,0.0,0.0,0.0,0.0,0.0,0.0,0.0,0.0,0.0,0.0,0.0,0.0,14.0,20.0,0.0,0.0,0.0,0.0,0.0,0.0,0.0,0.0,0.0,0.0,0.0,0.0,0.0
568,Valentín,Barco,Barco,a,,,5.5,203,128,0.1,389,151,0.0,576,249,0,0,0,0,0,0,0,0.0,0.0,2.0,2.0,0.0,576,249,,,568,244,580,251,567,241,580,249,,,,,,,,0.0,0.0,0.0,0.0,0,0.0,0.0,0.0,0.0,2,0,0.0,0.0,0.0,0.0,0.0,0.0,0.0,0.0,0.0,0.0,0.0,0.0,0.0,0.0,190.0,279.0,0.0,0.0,0.0,0.0,0.0,0.0,0.0,0.0,0.0,0.0,0.0,0.0,0.0
578,Mykhailo,Mudryk,Mudryk,a,,,5.5,180,110,0.0,500,207,0.0,569,242,0,0,0,0,0,0,0,0.0,0.0,2.0,2.0,0.0,569,242,,,559,236,572,244,556,232,573,242,,,,,,,,0.0,0.0,0.0,0.0,0,0.0,0.0,0.0,0.0,2,0,0.0,0.0,0.0,0.0,0.0,0.0,0.0,0.0,0.0,0.0,0.0,0.0,0.0,0.0,20.0,122.0,0.0,0.0,0.0,0.0,0.0,0.0,0.0,0.0,0.0,0.0,0.0,0.0,0.0
583,Pep,Chavarría,Chavarria,a,,,5.0,345,70,0.2,342,128,1.0,224,89,0,0,0,0,0,0,0,0.2,0.2,2.2,2.2,1.0,224,89,,,243,96,270,99,172,61,257,95,,,,,,,,0.0,0.0,0.0,1.01,0,0.0,0.0,0.0,3.6,2,0,0.0,0.0,0.0,0.0,0.0,0.0,0.0,0.0,0.0,0.0,0.0,0.0,0.0,0.0,178.0,527.0,0.0,0.0,0.0,0.0,0.0,0.0,0.0,0.0,0.0,0.0,0.0,0.0,0.0
91,Ethan,Pinnock,Pinnock,a,,,4.5,454,111,0.1,444,157,0.0,374,143,0,0,0,0,0,0,0,0.0,0.0,1.7,1.7,0.0,374,143,,,361,148,365,152,295,128,378,149,,,,,,,,0.0,0.0,0.0,0.0,0,0.0,0.0,0.0,0.0,2,0,0.0,0.0,0.0,0.0,0.0,0.0,0.0,0.0,0.0,0.0,0.0,0.0,0.0,0.0,179.0,152.0,0.0,0.0,0.0,0.0,0.0,0.0,0.0,0.0,0.0,0.0,0.0,0.0,0.0
104,Frank,Onyeka,Onyeka,a,,,5.0,299,180,0.2,366,138,2.0,130,58,0,0,0,0,0,0,0,0.4,0.4,1.5,1.5,2.0,130,58,,,232,102,194,113,436,161,255,115,,,,,,,,0.0,0.01,0.01,1.88,0,0.0,3.0,1.0,9.0,2,0,0.0,0.0,0.0,0.0,0.0,0.0,0.0,0.0,0.0,0.0,0.0,0.0,0.0,0.0,740.0,308.0,0.0,0.0,0.0,0.0,0.0,0.0,0.0,0.0,0.0,0.0,0.0,0.0,0.0
110,Carl,Rushworth,Rushworth,a,,,4.5,482,40,1.2,174,26,1.0,198,17,0,0,0,0,0,0,0,0.2,0.2,1.9,1.9,1.0,198,17,,,121,17,381,39,317,39,215,17,,,,,,,,0.0,0.01,0.01,1.88,2,0.0,3.0,1.0,0.0,2,0,0.0,0.0,0.0,0.0,0.0,0.0,0.0,0.0,0.0,0.0,0.0,0.0,0.0,0.0,4993.0,922.0,0.0,0.0,0.0,0.0,0.0,0.0,0.0,0.0,0.0,0.0,0.0,0.0,0.0
171,Oliver,Dovin,Dovin,a,,,4.0,591,65,1.5,154,22,0.0,322,37,0,0,0,0,0,0,0,0.0,0.0,1.0,1.0,0.0,322,37,,,309,37,309,17,230,17,326,37,,,,,,,,0.0,0.0,0.0,0.0,0,0.0,0.0,0.0,0.0,2,0,0.0,0.0,0.0,0.0,0.0,0.0,0.0,0.0,0.0,0.0,0.0,0.0,0.0,0.0,580.0,1154.0,0.0,0.0,0.0,0.0,0.0,0.0,0.0,0.0,0.0,0.0,0.0,0.0,0.0
172,Ben,Wilson,Wilson,a,,,4.5,419,28,0.5,263,35,0.0,355,45,0,0,0,0,0,0,0,0.0,0.0,1.9,1.9,0.0,355,45,,,342,45,345,27,271,27,359,45,,,,,,,,0.0,0.0,0.0,0.0,0,0.0,0.0,0.0,0.0,2,0,0.0,0.0,0.0,0.0,0.0,0.0,0.0,0.0,0.0,0.0,0.0,0.0,0.0,0.0,38.0,602.0,0.0,0.0,0.0,0.0,0.0,0.0,0.0,0.0,0.0,0.0,0.0,0.0,0.0
173,Bobby,Thomas,Thomas,a,,,4.0,587,178,8.0,52,20,3.0,82,33,0,0,0,0,0,0,0,0.8,0.8,1.0,1.0,3.0,82,33,,,73,33,119,35,189,65,115,42,,,,,,,,0.02,0.01,0.03,1.88,0,0.0,3.0,1.0,10.0,2,0,0.0,0.0,0.0,0.0,0.0,0.0,0.0,0.0,0.0,0.0,0.0,0.0,0.0,0.0,8471.0,3918.0,0.0,0.0,0.0,0.0,0.0,0.0,0.0,0.0,0.0,0.0,0.0,0.0,0.0
174,Liam,Kitching,Kitching,a,,,4.0,580,173,0.6,230,86,0.0,315,107,0,0,0,0,0,0,0,0.0,0.0,1.0,1.0,0.0,315,107,,,302,112,302,114,221,80,319,113,,,,,,,,0.0,0.0,0.0,0.0,0,0.0,0.0,0.0,0.0,2,0,0.0,0.0,0.0,0.0,0.0,0.0,0.0,0.0,0.0,0.0,0.0,0.0,0.0,0.0,81.0,835.0,0.0,0.0,0.0,0.0,0.0,0.0,0.0,0.0,0.0,0.0,0.0,0.0,0.0
175,Milan,van Ewijk,van Ewijk,a,,,4.0,585,176,13.1,30,11,1.0,178,58,0,0,0,0,0,0,0,0.2,0.2,1.0,1.0,1.0,178,58,,,157,72,186,56,157,53,206,79,,,,,,,,0.0,0.01,0.01,1.88,0,0.0,3.0,1.0,7.0,2,0,0.0,0.0,0.0,0.0,0.0,0.0,0.0,0.0,0.0,0.0,0.0,0.0,0.0,0.0,6735.0,6493.0,0.0,0.0,0.0,0.0,0.0,0.0,0.0,0.0,0.0,0.0,0.0,0.0,0.0
176,Jay,Dasilva,Dasilva,a,,,4.0,565,161,0.8,215,79,1.0,176,56,0,0,0,0,0,0,0,0.2,0.2,1.0,1.0,1.0,176,56,,,124,56,154,45,210,72,188,73,,,,,,,,0.0,0.02,0.02,1.88,0,0.0,3.0,1.0,6.0,2,0,0.0,0.0,0.0,0.0,0.0,0.0,0.0,0.0,0.0,0.0,0.0,0.0,0.0,0.0,799.0,749.0,0.0,0.0,0.0,0.0,0.0,0.0,0.0,0.0,0.0,0.0,0.0,0.0,0.0
177,Kaine,Kesler-Hayden,Kesler-Hayden,i,Hamstring injury - Unknown return date,,4.0,589,179,0.1,476,167,0.0,320,109,0,0,0,0,0,0,0,0.0,0.0,0.0,1.0,0.0,320,109,0.0,0.0,307,114,307,116,228,84,324,115,,,,,,,,0.0,0.0,0.0,0.0,0,0.0,0.0,0.0,0.0,2,0,0.0,0.0,0.0,0.0,0.0,0.0,0.0,0.0,0.0,0.0,0.0,0.0,0.0,0.0,18.0,229.0,0.0,0.0,0.0,0.0,0.0,0.0,0.0,0.0,0.0,0.0,0.0,0.0,0.0
178,Jake,Bidwell,Bidwell,a,,,4.0,552,153,0.1,434,152,0.0,298,98,0,0,0,0,0,0,0,0.0,0.0,1.0,1.0,0.0,298,98,,,285,103,282,102,200,67,301,103,,,,,,,,0.0,0.0,0.0,0.0,0,0.0,0.0,0.0,0.0,2,0,0.0,0.0,0.0,0.0,0.0,0.0,0.0,0.0,0.0,0.0,0.0,0.0,0.0,0.0,53.0,113.0,0.0,0.0,0.0,0.0,0.0,0.0,0.0,0.0,0.0,0.0,0.0,0.0,0.0
179,Joel,Latibeaudiere,Latibeaudiere,a,,,4.0,569,165,0.0,506,177,0.0,308,103,0,0,0,0,0,0,0,0.0,0.0,1.0,1.0,0.0,308,103,,,295,108,294,109,214,76,312,109,,,,,,,,0.0,0.0,0.0,0.0,0,0.0,0.0,0.0,0.0,2,0,0.0,0.0,0.0,0.0,0.0,0.0,0.0,0.0,0.0,0.0,0.0,0.0,0.0,0.0,47.0,74.0,0.0,0.0,0.0,0.0,0.0,0.0,0.0,0.0,0.0,0.0,0.0,0.0,0.0
180,Luke,Woolfenden,Woolfenden,i,Knee injury - Unknown return date,,4.0,574,169,0.2,361,136,0.0,311,105,0,0,0,0,0,0,0,0.0,0.0,0.0,1.0,0.0,311,105,0.0,0.0,298,110,297,111,217,78,315,111,,,,,,,,0.0,0.0,0.0,0.0,0,0.0,0.0,0.0,0.0,2,0,0.0,0.0,0.0,0.0,0.0,0.0,0.0,0.0,0.0,0.0,0.0,0.0,0.0,0.0,64.0,565.0,0.0,0.0,0.0,0.0,0.0,0.0,0.0,0.0,0.0,0.0,0.0,0.0,0.0
181,Miguel,Brau,Brau,a,,,4.0,609,196,0.0,503,175,0.0,338,124,0,0,0,0,0,0,0,0.0,0.0,1.0,1.0,0.0,338,124,,,325,129,325,131,248,101,342,130,,,,,,,,0.0,0.0,0.0,0.0,0,0.0,0.0,0.0,0.0,2,0,0.0,0.0,0.0,0.0,0.0,0.0,0.0,0.0,0.0,0.0,0.0,0.0,0.0,0.0,41.0,49.0,0.0,0.0,0.0,0.0,0.0,0.0,0.0,0.0,0.0,0.0,0.0,0.0,0.0
182,Aurèle,Amenda,Amenda,a,,,4.0,600,187,0.9,212,78,1.0,179,59,0,0,0,0,0,0,0,0.2,0.2,1.0,1.0,1.0,179,59,,,54,21,227,77,239,92,129,49,,,,,,,,0.0,0.01,0.01,1.88,0,0.0,3.0,1.0,9.0,2,0,0.0,0.0,0.0,0.0,0.0,0.0,0.0,0.0,0.0,0.0,0.0,0.0,0.0,0.0,732.0,777.0,0.0,0.0,0.0,0.0,0.0,0.0,0.0,0.0,0.0,0.0,0.0,0.0,0.0
183,Jack,Rudoni,Rudoni,a,,,5.0,326,191,0.1,382,147,1.0,220,94,0,0,0,0,0,0,0,0.2,0.2,1.5,1.5,1.0,220,94,100.0,100.0,206,84,157,91,54,29,148,66,3.0,1.0,,,,,,0.68,0.0,0.68,1.3,0,0.0,0.0,0.0,22.5,2,0,0.0,0.0,0.0,0.0,0.0,0.0,0.0,0.0,0.0,0.0,0.0,0.0,0.0,0.0,427.0,244.0,0.0,0.0,0.0,0.0,0.0,0.0,0.0,0.0,0.0,0.0,0.0,0.0,0.0
184,Matt,Grimes,Grimes,a,,,5.0,249,152,0.2,340,124,2.0,121,54,0,0,0,0,0,0,0,0.4,0.4,1.5,1.5,2.0,121,54,,,133,44,158,92,396,141,197,87,1.0,,3.0,,,,,0.0,0.01,0.01,1.88,0,0.0,3.0,1.0,7.0,2,0,0.0,0.0,0.0,0.0,0.0,0.0,0.0,0.0,0.0,0.0,0.0,0.0,0.0,0.0,664.0,298.0,0.0,0.0,0.0,0.0,0.0,0.0,0.0,0.0,0.0,0.0,0.0,0.0,0.0
185,Tatsuhiro,Sakamoto,Sakamoto,a,,,5.0,349,203,0.1,423,167,0.0,518,212,0,0,0,0,0,0,0,0.0,0.0,1.5,1.5,0.0,518,212,,,506,204,519,213,476,180,522,211,,,,,,,,0.0,0.0,0.0,0.0,0,0.0,0.0,0.0,0.0,2,0,0.0,0.0,0.0,0.0,0.0,0.0,0.0,0.0,0.0,0.0,0.0,0.0,0.0,0.0,24.0,258.0,0.0,0.0,0.0,0.0,0.0,0.0,0.0,0.0,0.0,0.0,0.0,0.0,0.0
186,Ephron,Mason-Clark,Mason-Clark,a,,,5.5,152,94,0.1,399,157,0.0,560,238,0,0,0,0,0,0,0,0.0,0.0,2.0,2.0,0.0,560,238,100.0,100.0,549,232,563,240,539,223,563,238,,,,,,,,0.0,0.0,0.0,0.0,0,0.0,0.0,0.0,0.0,2,0,0.0,0.0,0.0,0.0,0.0,0.0,0.0,0.0,0.0,0.0,0.0,0.0,0.0,0.0,146.0,272.0,0.0,0.0,0.0,0.0,0.0,0.0,0.0,0.0,0.0,0.0,0.0,0.0,0.0
187,Josh,Eccles,Eccles,a,,,5.0,305,182,0.0,573,242,0.0,489,196,0,0,0,0,0,0,0,0.0,0.0,1.5,1.5,0.0,489,196,,,478,188,488,197,441,163,494,195,,,,,,,,0.0,0.0,0.0,0.0,0,0.0,0.0,0.0,0.0,2,0,0.0,0.0,0.0,0.0,0.0,0.0,0.0,0.0,0.0,0.0,0.0,0.0,0.0,0.0,6.0,71.0,0.0,0.0,0.0,0.0,0.0,0.0,0.0,0.0,0.0,0.0,0.0,0.0,0.0
188,Victor,Torp,Torp,a,,,5.5,149,92,0.2,369,140,1.0,251,114,0,0,0,0,0,0,0,0.2,0.2,2.0,2.0,1.0,251,114,,,192,76,72,44,538,222,163,74,2.0,2.0,2.0,,,,,0.0,0.35,0.35,1.03,0,0.0,0.0,0.0,3.21,2,0,0.0,0.0,0.0,0.0,0.0,0.0,0.0,0.0,0.0,0.0,0.0,0.0,0.0,0.0,183.0,310.0,0.0,0.0,0.0,0.0,0.0,0.0,0.0,0.0,0.0,0.0,0.0,0.0,0.0
189,George,Shepherd,Shepherd,a,,,4.5,545,272,0.3,301,102,0.0,438,166,0,0,0,0,0,0,0,0.0,0.0,1.0,1.0,0.0,438,166,,,427,159,433,169,374,128,443,166,,,,,,,,0.0,0.0,0.0,0.0,0,0.0,0.0,0.0,0.0,2,0,0.0,0.0,0.0,0.0,0.0,0.0,0.0,0.0,0.0,0.0,0.0,0.0,0.0,0.0,123.0,476.0,0.0,0.0,0.0,0.0,0.0,0.0,0.0,0.0,0.0,0.0,0.0,0.0,0.0
190,Loum,Tchaouna,Tchaouna,a,,,5.5,181,111,0.2,367,139,2.0,144,68,0,0,0,0,0,0,0,0.4,0.4,2.0,2.0,2.0,144,68,,,256,117,138,82,151,78,232,105,,,,,,,,0.04,0.02,0.06,1.96,0,0.0,3.33,1.11,8.89,2,0,0.0,0.0,0.0,0.0,0.0,0.0,0.0,0.0,0.0,0.0,0.0,0.0,0.0,0.0,910.0,341.0,0.0,0.0,0.0,0.0,0.0,0.0,0.0,0.0,0.0,0.0,0.0,0.0,0.0
191,Raphael,Borges Rodrigues,Borges Rodrigues,a,,,4.5,493,255,0.2,364,137,0.0,394,151,0,0,0,0,0,0,0,0.0,0.0,1.0,1.0,0.0,394,151,,,382,144,389,154,326,112,398,151,,,,,,,,0.0,0.0,0.0,0.0,0,0.0,0.0,0.0,0.0,2,0,0.0,0.0,0.0,0.0,0.0,0.0,0.0,0.0,0.0,0.0,0.0,0.0,0.0,0.0,89.0,262.0,0.0,0.0,0.0,0.0,0.0,0.0,0.0,0.0,0.0,0.0,0.0,0.0,0.0
192,Kai,Andrews,Andrews,a,,,4.5,540,269,0.6,233,78,0.0,433,163,0,0,0,0,0,0,0,0.0,0.0,1.0,1.0,0.0,433,163,,,422,156,428,166,369,125,438,163,,,,,,,,0.0,0.0,0.0,0.0,0,0.0,0.0,0.0,0.0,2,0,0.0,0.0,0.0,0.0,0.0,0.0,0.0,0.0,0.0,0.0,0.0,0.0,0.0,0.0,278.0,1003.0,0.0,0.0,0.0,0.0,0.0,0.0,0.0,0.0,0.0,0.0,0.0,0.0,0.0
193,Haji,Wright,Wright,i,Thigh injury - Unknown return date,,5.5,128,34,0.1,387,57,0.0,546,58,0,0,0,0,0,0,0,0.0,0.0,0.0,0.0,0.0,546,58,0.0,0.0,536,48,551,56,522,55,552,57,,,1.0,,,,,0.0,0.0,0.0,0.0,0,0.0,0.0,0.0,0.0,2,0,0.0,0.0,0.0,0.0,0.0,0.0,0.0,0.0,0.0,0.0,0.0,0.0,0.0,0.0,9.0,554.0,0.0,0.0,0.0,0.0,0.0,0.0,0.0,0.0,0.0,0.0,0.0,0.0,0.0
194,Brandon,Thomas-Asante,Thomas-Asante,a,,,5.0,287,52,0.8,213,35,2.0,129,12,0,0,0,0,0,0,0,0.4,0.4,1.4,1.4,2.0,129,12,,,217,15,220,25,426,43,251,26,,,4.0,,,,,0.0,0.03,0.03,2.09,0,0.0,3.91,1.3,7.83,2,0,0.0,0.0,0.0,0.0,0.0,0.0,0.0,0.0,0.0,0.0,0.0,0.0,0.0,0.0,2979.0,1296.0,0.0,0.0,0.0,0.0,0.0,0.0,0.0,0.0,0.0,0.0,0.0,0.0,0.0
195,Ellis,Simms,Simms,a,,,5.0,276,50,1.0,191,29,2.0,127,11,0,0,0,0,0,0,0,0.4,0.4,1.4,1.4,2.0,127,11,,,241,18,102,10,168,27,198,20,,,,,,,,0.0,0.01,0.01,2.09,0,0.0,3.91,1.3,3.91,2,0,0.0,0.0,0.0,0.0,0.0,0.0,0.0,0.0,0.0,0.0,0.0,0.0,0.0,0.0,3959.0,1922.0,0.0,0.0,0.0,0.0,0.0,0.0,0.0,0.0,0.0,0.0,0.0,0.0,0.0
196,Jahnoah,Markelo,Markelo,u,Has joined Shabab Al-Ahli Dubai permanently,,5.0,375,59,0.0,577,71,0.0,531,52,0,0,0,0,0,0,0,0.0,0.0,0.0,0.0,0.0,531,52,0.0,0.0,519,42,532,50,491,49,535,51,,,,,,,,0.0,0.0,0.0,0.0,0,0.0,0.0,0.0,0.0,2,0,0.0,0.0,0.0,0.0,0.0,0.0,0.0,0.0,0.0,0.0,0.0,0.0,0.0,0.0,0.0,44.0,0.0,0.0,0.0,0.0,0.0,0.0,0.0,0.0,0.0,0.0,0.0,0.0,0.0
197,Norman,Bassette,Bassette,u,Has joined KVC Westerlo on loan for the rest of the season,,4.5,510,66,0.0,510,67,0.0,410,39,0,0,0,0,0,0,0,0.0,0.0,0.0,0.0,0.0,410,39,0.0,0.0,398,28,405,36,343,34,414,37,,,,,,,,0.0,0.0,0.0,0.0,0,0.0,0.0,0.0,0.0,2,0,0.0,0.0,0.0,0.0,0.0,0.0,0.0,0.0,0.0,0.0,0.0,0.0,0.0,0.0,0.0,62.0,0.0,0.0,0.0,0.0,0.0,0.0,0.0,0.0,0.0,0.0,0.0,0.0,0.0
492,Taiwo,Awoniyi,Awoniyi,a,,,5.5,143,36,0.8,214,36,1.0,250,24,0,0,0,0,0,0,0,0.2,0.2,1.8,1.8,1.0,250,24,,,544,49,201,24,534,56,292,32,,,5.0,,,,,0.0,0.0,0.0,1.3,0,0.0,0.0,0.0,4.5,2,0,0.0,0.0,0.0,0.0,0.0,0.0,0.0,0.0,0.0,0.0,0.0,0.0,0.0,0.0,2974.0,1792.0,0.0,0.0,0.0,0.0,0.0,0.0,0.0,0.0,0.0,0.0,0.0,0.0,0.0
575,Caleb,Yirenkyi,Yirenkyi,a,,,5.0,399,239,0.2,320,111,1.0,241,108,0,0,0,0,0,0,0,0.2,0.2,1.5,1.5,1.0,241,108,,,530,220,164,96,509,204,546,227,,,,,,,,0.0,0.0,0.0,2.3,0,0.0,4.43,1.48,4.43,2,0,0.0,0.0,0.0,0.0,0.0,0.0,0.0,0.0,0.0,0.0,0.0,0.0,0.0,0.0,217.0,350.0,0.0,0.0,0.0,0.0,0.0,0.0,0.0,0.0,0.0,0.0,0.0,0.0,0.0
584,Gustavo,Hamer,Hamer,a,,,5.5,132,82,0.1,384,149,1.0,247,112,0,0,0,0,0,0,0,0.2,0.2,2.0,2.0,1.0,247,112,,,274,129,263,139,526,213,291,138,,,,,,,,0.0,0.0,0.0,1.46,0,0.0,0.0,0.0,11.25,2,0,0.0,0.0,0.0,0.0,0.0,0.0,0.0,0.0,0.0,0.0,0.0,0.0,0.0,0.0,78.0,242.0,0.0,0.0,0.0,0.0,0.0,0.0,0.0,0.0,0.0,0.0,0.0,0.0,0.0
599,Sidiki,Cherif,Cherif,a,,,5.0,392,60,0.1,422,62,0.0,538,53,0,0,0,0,0,0,0,0.0,0.0,1.4,1.4,0.0,538,53,,,527,43,539,51,503,50,543,52,,,,,,,,0.0,0.0,0.0,0.0,0,0.0,0.0,0.0,0.0,2,0,0.0,0.0,0.0,0.0,0.0,0.0,0.0,0.0,0.0,0.0,0.0,0.0,0.0,0.0,267.0,236.0,0.0,0.0,0.0,0.0,0.0,0.0,0.0,0.0,0.0,0.0,0.0,0.0,0.0
42,Evann,Guessand,Guessand,a,,,5.5,189,117,0.0,493,204,1.0,260,118,0,0,0,0,0,0,0,0.2,0.2,2.0,2.0,1.0,260,118,,,237,106,191,111,111,58,230,104,,,,,,,,0.1,0.07,0.17,0.47,0,0.0,0.0,0.0,3.33,2,0,0.0,0.0,0.0,0.0,0.0,0.0,0.0,0.0,0.0,0.0,0.0,0.0,0.0,0.0,104.0,78.0,0.0,0.0,0.0,0.0,0.0,0.0,0.0,0.0,0.0,0.0,0.0,0.0,0.0
153,Axel,Disasi,Disasi,a,,,4.5,445,104,0.1,472,165,0.0,370,141,0,0,0,0,0,0,0,0.0,0.0,1.7,1.7,0.0,370,141,,,357,146,361,150,289,124,374,147,,,,,,,,0.0,0.0,0.0,0.0,0,0.0,0.0,0.0,0.0,2,0,0.0,0.0,0.0,0.0,0.0,0.0,0.0,0.0,0.0,0.0,0.0,0.0,0.0,0.0,122.0,102.0,0.0,0.0,0.0,0.0,0.0,0.0,0.0,0.0,0.0,0.0,0.0,0.0,0.0
198,Dean,Henderson,Henderson,a,,,5.0,252,10,1.8,136,21,2.0,122,13,0,0,0,0,0,0,0,0.4,0.4,2.6,2.0,2.0,122,13,100.0,100.0,57,9,457,53,399,53,140,9,,,,,,,,0.0,0.0,0.0,1.12,3,0.0,2.0,1.0,0.0,2,0,0.0,0.0,0.0,0.0,0.0,0.0,0.0,0.0,0.0,0.0,0.0,0.0,0.0,0.0,921.0,1838.0,0.0,0.0,0.0,0.0,0.0,0.0,0.0,0.0,0.0,0.0,0.0,0.0,0.0
199,Walter,Benítez,Benitez,a,,,4.5,420,29,0.1,406,44,0.0,356,46,0,0,0,0,0,0,0,0.0,0.0,1.9,1.9,0.0,356,46,,,343,46,346,28,272,28,360,46,,,,,,,,0.0,0.0,0.0,0.0,0,0.0,0.0,0.0,0.0,2,0,0.0,0.0,0.0,0.0,0.0,0.0,0.0,0.0,0.0,0.0,0.0,0.0,0.0,0.0,48.0,295.0,0.0,0.0,0.0,0.0,0.0,0.0,0.0,0.0,0.0,0.0,0.0,0.0,0.0
201,Daniel,Muñoz Mejía,Muñoz,a,,,5.5,156,19,8.2,51,19,0.0,561,197,0,0,0,0,0,0,0,0.0,0.0,2.5,2.5,0.0,561,197,,,263,100,190,58,43,10,159,61,,,,,,,,0.38,0.02,0.4,1.4,0,0.0,3.33,1.67,6.67,2,0,0.0,0.0,0.0,0.0,0.0,0.0,0.0,0.0,0.0,0.0,0.0,0.0,0.0,0.0,1221.0,22026.0,0.0,0.0,0.0,0.0,0.0,0.0,0.0,0.0,0.0,0.0,0.0,0.0,0.0
202,Chris,Richards,Richards,a,,,5.0,298,53,0.7,223,83,3.0,89,38,0,0,0,0,0,0,0,0.6,0.6,2.2,2.2,3.0,89,38,,,22,8,236,83,435,175,95,33,,,,,,,,0.0,0.0,0.0,1.12,0,0.0,2.0,1.0,16.0,2,0,0.0,0.0,0.0,0.0,0.0,0.0,0.0,0.0,0.0,0.0,0.0,0.0,0.0,0.0,533.0,1222.0,0.0,0.0,0.0,0.0,0.0,0.0,0.0,0.0,0.0,0.0,0.0,0.0,0.0
203,Jaydee,Canvot,Canvot,a,,,5.0,396,78,0.3,296,110,1.0,239,92,0,0,0,0,0,0,0,0.2,0.2,2.2,2.2,1.0,239,92,,,60,23,142,42,124,40,109,38,,,,,,,,0.05,0.01,0.06,1.12,0,0.0,2.0,1.0,8.0,2,0,0.0,0.0,0.0,0.0,0.0,0.0,0.0,0.0,0.0,0.0,0.0,0.0,0.0,0.0,99.0,756.0,0.0,0.0,0.0,0.0,0.0,0.0,0.0,0.0,0.0,0.0,0.0,0.0,0.0
204,Tyrick,Mitchell,Mitchell,a,,,4.5,465,119,5.5,67,27,1.0,191,70,0,0,0,0,0,0,0,0.2,0.2,1.7,1.7,1.0,191,70,,,145,68,92,27,162,58,143,56,,,,,,,,0.0,0.01,0.01,1.12,0,0.0,2.0,1.0,5.0,2,0,0.0,0.0,0.0,0.0,0.0,0.0,0.0,0.0,0.0,0.0,0.0,0.0,0.0,0.0,632.0,8655.0,0.0,0.0,0.0,0.0,0.0,0.0,0.0,0.0,0.0,0.0,0.0,0.0,0.0
205,Borna,Sosa,Sosa,a,,,4.5,444,103,0.0,530,184,0.0,369,140,0,0,0,0,0,0,0,0.0,0.0,1.7,1.7,0.0,369,140,,,356,145,360,149,288,123,373,146,,,,,,,,0.0,0.0,0.0,0.0,0,0.0,0.0,0.0,0.0,2,0,0.0,0.0,0.0,0.0,0.0,0.0,0.0,0.0,0.0,0.0,0.0,0.0,0.0,0.0,11.0,41.0,0.0,0.0,0.0,0.0,0.0,0.0,0.0,0.0,0.0,0.0,0.0,0.0,0.0
206,Chadi,Riad Dnanou,Chadi Riad,i,Knee injury - Unknown return date,,4.5,503,138,0.0,496,173,1.0,202,79,0,0,0,0,0,0,0,0.2,0.2,0.0,1.7,1.0,202,79,0.0,0.0,137,64,206,66,336,147,216,83,,,,,,,,0.0,0.01,0.01,1.22,0,0.0,2.5,1.25,8.75,2,0,0.0,0.0,0.0,0.0,0.0,0.0,0.0,0.0,0.0,0.0,0.0,0.0,0.0,0.0,44.0,356.0,0.0,0.0,0.0,0.0,0.0,0.0,0.0,0.0,0.0,0.0,0.0,0.0,0.0
207,Oscar,Mingueza,Mingueza,a,,,4.5,460,115,0.1,451,161,0.0,379,147,0,0,0,0,0,0,0,0.0,0.0,1.7,1.7,0.0,379,147,,,365,151,370,155,300,131,382,152,,,,,,,,0.0,0.0,0.0,0.0,0,0.0,0.0,0.0,0.0,2,0,0.0,0.0,0.0,0.0,0.0,0.0,0.0,0.0,0.0,0.0,0.0,0.0,0.0,0.0,24.0,199.0,0.0,0.0,0.0,0.0,0.0,0.0,0.0,0.0,0.0,0.0,0.0,0.0,0.0
208,Ismaïla,Sarr,Sarr,i,Groin injury - Unknown return date,,6.4,53,37,2.3,122,39,0.0,602,264,0,0,0,-1,1,0,0,0.0,0.0,0.0,2.3,0.0,602,264,0.0,0.0,603,263,606,265,602,261,606,265,,,2.0,,,,,0.0,0.0,0.0,0.0,0,0.0,0.0,0.0,0.0,2,0,0.0,0.0,0.0,0.0,0.0,0.0,0.0,0.0,0.0,0.0,0.0,0.0,0.0,0.0,42.0,42672.0,0.0,0.0,0.0,0.0,0.0,0.0,0.0,0.0,0.0,0.0,0.0,0.0,0.0
210,Adam,Wharton,Wharton,a,,,5.5,194,120,0.9,207,69,4.0,76,32,0,0,0,0,0,0,0,0.7,0.7,2.0,2.0,4.0,76,32,100.0,100.0,103,36,25,20,562,237,82,43,1.0,,,,,,,0.0,0.24,0.24,1.12,0,0.0,2.0,1.0,14.0,2,0,0.0,0.0,0.0,0.0,0.0,0.0,0.0,0.0,0.0,0.0,0.0,0.0,0.0,0.0,1199.0,1380.0,0.0,0.0,0.0,0.0,0.0,0.0,0.0,0.0,0.0,0.0,0.0,0.0,0.0
211,Yéremy,Pino Santos,Yeremy,a,,,5.5,192,119,0.2,353,130,1.0,262,119,0,0,0,0,0,0,0,0.2,0.2,2.0,2.0,1.0,262,119,,,254,116,137,81,120,61,220,98,2.0,1.0,,,,,,0.15,0.05,0.2,0.69,0,0.0,0.0,0.0,12.86,2,0,0.0,0.0,0.0,0.0,0.0,0.0,0.0,0.0,0.0,0.0,0.0,0.0,0.0,0.0,67.0,446.0,0.0,0.0,0.0,0.0,0.0,0.0,0.0,0.0,0.0,0.0,0.0,0.0,0.0
212,Will,Hughes,Hughes,a,,,4.5,416,244,10.7,36,14,0.0,352,142,0,0,0,0,0,0,0,0.0,0.0,1.0,1.0,0.0,352,142,,,339,135,342,145,268,101,356,142,3.0,,,,,,,0.0,0.0,0.0,0.0,0,0.0,0.0,0.0,0.0,2,0,0.0,0.0,0.0,0.0,0.0,0.0,0.0,0.0,0.0,0.0,0.0,0.0,0.0,0.0,2543.0,14080.0,0.0,0.0,0.0,0.0,0.0,0.0,0.0,0.0,0.0,0.0,0.0,0.0,0.0
213,Jefferson,Lerma Solís,Lerma,a,,,5.0,244,147,0.1,415,162,0.0,453,174,0,0,0,0,0,0,0,0.0,0.0,1.5,1.5,0.0,453,174,,,443,167,451,177,391,136,459,174,,,,,,,,0.0,0.0,0.0,0.0,0,0.0,0.0,0.0,0.0,2,0,0.0,0.0,0.0,0.0,0.0,0.0,0.0,0.0,0.0,0.0,0.0,0.0,0.0,0.0,26.0,242.0,0.0,0.0,0.0,0.0,0.0,0.0,0.0,0.0,0.0,0.0,0.0,0.0,0.0
214,Daichi,Kamada,Kamada,a,,,5.0,266,163,0.3,306,106,3.0,87,35,0,0,0,0,0,0,0,0.6,0.6,1.5,1.5,3.0,87,35,,,81,27,29,22,409,148,75,40,4.0,,,,,,,0.0,0.27,0.27,1.12,0,0.0,2.0,1.0,14.0,2,0,0.0,0.0,0.0,0.0,0.0,0.0,0.0,0.0,0.0,0.0,0.0,0.0,0.0,0.0,368.0,518.0,0.0,0.0,0.0,0.0,0.0,0.0,0.0,0.0,0.0,0.0,0.0,0.0,0.0
215,Justin,Devenny,Devenny,a,,,5.0,333,193,0.0,580,246,0.0,507,205,0,0,0,0,0,0,0,0.0,0.0,1.5,1.5,0.0,507,205,,,495,197,507,206,464,173,511,204,,2.0,3.0,,,,,0.0,0.0,0.0,0.0,0,0.0,0.0,0.0,0.0,2,0,0.0,0.0,0.0,0.0,0.0,0.0,0.0,0.0,0.0,0.0,0.0,0.0,0.0,0.0,6.0,23.0,0.0,0.0,0.0,0.0,0.0,0.0,0.0,0.0,0.0,0.0,0.0,0.0,0.0
216,Romain,Esse,Esse,a,,,5.0,385,230,0.0,507,211,0.0,536,225,0,0,0,0,0,0,0,0.0,0.0,1.5,1.5,0.0,536,225,,,525,218,537,226,499,197,541,225,,,,,,,,0.0,0.0,0.0,0.0,0,0.0,0.0,0.0,0.0,2,0,0.0,0.0,0.0,0.0,0.0,0.0,0.0,0.0,0.0,0.0,0.0,0.0,0.0,0.0,21.0,71.0,0.0,0.0,0.0,0.0,0.0,0.0,0.0,0.0,0.0,0.0,0.0,0.0,0.0
217,Matheus,França de Oliveira,M.França,a,,,5.0,367,216,0.0,537,223,0.0,525,216,0,0,0,0,0,0,0,0.0,0.0,1.5,1.5,0.0,525,216,,,513,208,526,217,484,185,529,215,,,,,,,,0.0,0.0,0.0,0.0,0,0.0,0.0,0.0,0.0,2,0,0.0,0.0,0.0,0.0,0.0,0.0,0.0,0.0,0.0,0.0,0.0,0.0,0.0,0.0,2.0,135.0,0.0,0.0,0.0,0.0,0.0,0.0,0.0,0.0,0.0,0.0,0.0,0.0,0.0
218,Cheick,Doucouré,Doucouré,a,,,5.0,304,181,0.1,470,192,0.0,488,195,0,0,0,0,0,0,0,0.0,0.0,1.5,1.5,0.0,488,195,,,477,187,487,196,440,162,493,194,,,,,,,,0.0,0.0,0.0,0.0,0,0.0,0.0,0.0,0.0,2,0,0.0,0.0,0.0,0.0,0.0,0.0,0.0,0.0,0.0,0.0,0.0,0.0,0.0,0.0,33.0,177.0,0.0,0.0,0.0,0.0,0.0,0.0,0.0,0.0,0.0,0.0,0.0,0.0,0.0
219,Jesurun,Rak-Sakyi,J.Rak-Sakyi,a,,,5.0,312,185,0.0,598,256,0.0,496,199,0,0,0,0,0,0,0,0.0,0.0,1.5,1.5,0.0,496,199,,,485,191,495,200,448,166,501,198,,,,,,,,0.0,0.0,0.0,0.0,0,0.0,0.0,0.0,0.0,2,0,0.0,0.0,0.0,0.0,0.0,0.0,0.0,0.0,0.0,0.0,0.0,0.0,0.0,0.0,6.0,16.0,0.0,0.0,0.0,0.0,0.0,0.0,0.0,0.0,0.0,0.0,0.0,0.0,0.0
220,Rio,Cardines,Cardines,u,Has joined Bristol City on loan for the rest of the season,,4.5,527,147,0.0,612,205,0.0,422,164,0,0,0,0,0,0,0,0.0,0.0,0.0,0.0,0.0,422,164,0.0,0.0,411,170,417,171,357,154,427,170,,,,,,,,0.0,0.0,0.0,0.0,0,0.0,0.0,0.0,0.0,2,0,0.0,0.0,0.0,0.0,0.0,0.0,0.0,0.0,0.0,0.0,0.0,0.0,0.0,0.0,0.0,5.0,0.0,0.0,0.0,0.0,0.0,0.0,0.0,0.0,0.0,0.0,0.0,0.0,0.0
221,Joél,Drakes-Thomas,Drakes-Thomas,a,,,4.5,544,271,0.1,439,175,0.0,437,165,0,0,0,0,0,0,0,0.0,0.0,1.0,1.0,0.0,437,165,,,426,158,432,168,373,127,442,165,,,,,,,,0.0,0.0,0.0,0.0,0,0.0,0.0,0.0,0.0,2,0,0.0,0.0,0.0,0.0,0.0,0.0,0.0,0.0,0.0,0.0,0.0,0.0,0.0,0.0,43.0,146.0,0.0,0.0,0.0,0.0,0.0,0.0,0.0,0.0,0.0,0.0,0.0,0.0,0.0
222,Jørgen,Strand Larsen,Strand Larsen,a,,,6.0,78,20,0.5,252,42,1.0,277,33,0,0,0,0,0,0,0,0.2,0.2,2.0,2.0,1.0,277,33,,,266,23,159,20,61,13,168,17,,,,,,,,0.83,0.03,0.86,0.47,0,0.0,0.0,0.0,0.0,2,0,0.0,0.0,0.0,0.0,0.0,0.0,0.0,0.0,0.0,0.0,0.0,0.0,0.0,0.0,306.0,1613.0,0.0,0.0,0.0,0.0,0.0,0.0,0.0,0.0,0.0,0.0,0.0,0.0,0.0
223,Jean-Philippe,Mateta,Mateta,a,,,6.5,38,11,5.1,68,11,2.0,162,16,0,0,0,0,0,0,0,0.3,0.3,2.1,2.1,2.0,162,16,,,260,22,103,11,85,16,153,16,,,1.0,,,,,1.02,0.03,1.05,1.42,0,0.0,2.9,1.45,7.26,2,0,0.0,0.0,0.0,0.0,0.0,0.0,0.0,0.0,0.0,0.0,0.0,0.0,0.0,0.0,3544.0,14970.0,0.0,0.0,0.0,0.0,0.0,0.0,0.0,0.0,0.0,0.0,0.0,0.0,0.0
224,Eddie,Nketiah,Nketiah,a,,,5.5,139,35,0.5,258,44,1.0,249,23,0,0,0,0,0,0,0,0.2,0.2,1.8,1.8,1.0,249,23,,,161,12,49,2,42,11,56,10,,,,,,,,0.98,0.95,1.93,1.37,0,0.0,3.27,1.64,4.91,2,0,0.0,0.0,0.0,0.0,0.0,0.0,0.0,0.0,0.0,0.0,0.0,0.0,0.0,0.0,542.0,953.0,0.0,0.0,0.0,0.0,0.0,0.0,0.0,0.0,0.0,0.0,0.0,0.0,0.0
225,Christantus,Uche,Uche,u,has returned to Getafe CF,,5.0,398,61,0.0,620,73,0.0,540,54,0,0,0,0,0,0,0,0.0,0.0,0.0,0.0,0.0,540,54,0.0,0.0,529,44,543,52,508,51,545,53,,,,,,,,0.0,0.0,0.0,0.0,0,0.0,0.0,0.0,0.0,2,0,0.0,0.0,0.0,0.0,0.0,0.0,0.0,0.0,0.0,0.0,0.0,0.0,0.0,0.0,0.0,0.0,0.0,0.0,0.0,0.0,0.0,0.0,0.0,0.0,0.0,0.0,0.0,0.0,0.0
241,Dwight,McNeil,McNeil,a,,,5.5,162,101,0.2,363,136,2.0,142,66,0,0,0,0,0,0,0,0.4,0.4,2.0,2.0,2.0,142,66,,,167,64,148,88,176,87,204,92,,,,,,,,0.07,0.03,0.1,1.42,0,0.0,2.9,1.45,7.26,2,0,0.0,0.0,0.0,0.0,0.0,0.0,0.0,0.0,0.0,0.0,0.0,0.0,0.0,0.0,133.0,443.0,0.0,0.0,0.0,0.0,0.0,0.0,0.0,0.0,0.0,0.0,0.0,0.0,0.0
555,Remi,Matthews,Matthews,a,,,4.0,564,58,1.8,135,20,0.0,305,30,0,0,0,0,0,0,0,0.0,0.0,1.0,1.0,0.0,305,30,,,292,30,291,10,209,10,309,30,,,,,,,,0.0,0.0,0.0,0.0,0,0.0,0.0,0.0,0.0,2,0,0.0,0.0,0.0,0.0,0.0,0.0,0.0,0.0,0.0,0.0,0.0,0.0,0.0,0.0,724.0,733.0,0.0,0.0,0.0,0.0,0.0,0.0,0.0,0.0,0.0,0.0,0.0,0.0,0.0
577,Takehiro,Tomiyasu,Tomiyasu,a,,,4.5,449,107,0.3,285,109,1.0,189,68,0,0,0,0,0,0,0,0.2,0.2,1.7,1.7,1.0,189,68,,,242,95,172,51,292,126,254,94,,,,,,,,0.0,0.05,0.05,0.7,0,0.0,0.0,0.0,5.0,2,0,0.0,0.0,0.0,0.0,0.0,0.0,0.0,0.0,0.0,0.0,0.0,0.0,0.0,0.0,88.0,483.0,0.0,0.0,0.0,0.0,0.0,0.0,0.0,0.0,0.0,0.0,0.0,0.0,0.0
588,Anan,Khalaili,Khalaili,a,,,5.0,379,74,0.1,416,148,1.0,232,90,0,0,0,0,0,0,0,0.2,0.2,2.2,2.2,1.0,232,90,,,69,30,39,12,134,44,63,21,,,,,,,,0.0,0.41,0.41,0.69,0,0.0,0.0,0.0,23.14,2,0,0.0,0.0,0.0,0.0,0.0,0.0,0.0,0.0,0.0,0.0,0.0,0.0,0.0,0.0,81.0,170.0,0.0,0.0,0.0,0.0,0.0,0.0,0.0,0.0,0.0,0.0,0.0,0.0,0.0
595,Zavier,Gozo,Gozo,a,,,5.0,378,225,0.0,572,241,0.0,533,222,0,0,0,0,0,0,0,0.0,0.0,1.5,1.5,0.0,533,222,,,522,215,534,223,494,193,538,222,,,,,,,,0.0,0.0,0.0,0.0,0,0.0,0.0,0.0,0.0,2,0,0.0,0.0,0.0,0.0,0.0,0.0,0.0,0.0,0.0,0.0,0.0,0.0,0.0,0.0,10.0,26.0,0.0,0.0,0.0,0.0,0.0,0.0,0.0,0.0,0.0,0.0,0.0,0.0,0.0
21,Christian,Nørgaard,Nørgaard,i,Unspecified injury - Unknown return date,,5.0,240,145,0.1,435,173,0.0,450,172,0,0,0,0,0,0,0,0.0,0.0,0.0,0.0,0.0,450,172,0.0,0.0,440,165,447,175,388,134,456,172,,,,,,,,0.0,0.0,0.0,0.0,0,0.0,0.0,0.0,0.0,2,0,0.0,0.0,0.0,0.0,0.0,0.0,0.0,0.0,0.0,0.0,0.0,0.0,0.0,0.0,7.0,319.0,0.0,0.0,0.0,0.0,0.0,0.0,0.0,0.0,0.0,0.0,0.0,0.0,0.0
209,Brennan,Johnson,Johnson,a,,,6.0,77,50,0.2,375,144,1.0,276,128,0,0,0,0,0,0,0,0.2,0.2,2.2,2.2,1.0,276,128,,,225,98,266,141,586,249,272,127,,,,,,,,0.0,0.0,0.0,4.35,0,0.0,0.0,0.0,30.0,2,0,0.0,0.0,0.0,0.0,0.0,0.0,0.0,0.0,0.0,0.0,0.0,0.0,0.0,0.0,152.0,472.0,0.0,0.0,0.0,0.0,0.0,0.0,0.0,0.0,0.0,0.0,0.0,0.0,0.0
226,Jordan,Pickford,Pickford,a,,,5.5,119,2,8.8,45,6,7.0,38,4,0,0,0,0,0,0,0,1.3,1.3,3.3,3.3,7.0,38,4,,,49,5,546,65,516,65,127,5,,,,,,,,0.0,0.02,0.02,1.96,4,1.0,0.0,1.0,0.0,2,0,0.0,0.0,0.0,0.0,0.0,0.0,0.0,0.0,0.0,0.0,0.0,0.0,0.0,0.0,7972.0,5315.0,0.0,0.0,0.0,0.0,0.0,0.0,0.0,0.0,0.0,0.0,0.0,0.0,0.0
227,Mark,Travers,Travers,a,,,5.0,286,13,0.0,514,55,0.0,475,64,0,0,0,0,0,0,0,0.0,0.0,2.6,2.6,0.0,475,64,,,466,64,475,56,425,56,482,64,,,,,,,,0.0,0.0,0.0,0.0,0,0.0,0.0,0.0,0.0,2,0,0.0,0.0,0.0,0.0,0.0,0.0,0.0,0.0,0.0,0.0,0.0,0.0,0.0,0.0,46.0,59.0,0.0,0.0,0.0,0.0,0.0,0.0,0.0,0.0,0.0,0.0,0.0,0.0,0.0
228,Tom,King,King,a,,,4.5,423,31,0.0,499,53,0.0,358,48,0,0,0,0,0,0,0,0.0,0.0,1.9,1.9,0.0,358,48,,,345,48,348,30,274,30,362,48,,,,,,,,0.0,0.0,0.0,0.0,0,0.0,0.0,0.0,0.0,2,0,0.0,0.0,0.0,0.0,0.0,0.0,0.0,0.0,0.0,0.0,0.0,0.0,0.0,0.0,21.0,48.0,0.0,0.0,0.0,0.0,0.0,0.0,0.0,0.0,0.0,0.0,0.0,0.0,0.0
229,James,Tarkowski,Tarkowski,a,,,6.0,56,5,8.7,46,17,6.0,59,27,0,0,0,0,0,0,0,1.0,1.0,2.8,2.8,6.0,59,27,,,115,53,232,80,138,46,181,70,,,,,,,,0.05,0.0,0.05,1.96,0,1.0,0.0,1.0,9.0,2,0,0.0,0.0,0.0,0.0,0.0,0.0,0.0,0.0,0.0,0.0,0.0,0.0,0.0,0.0,4947.0,8556.0,0.0,0.0,0.0,0.0,0.0,0.0,0.0,0.0,0.0,0.0,0.0,0.0,0.0
230,Jarrad,Branthwaite,Branthwaite,a,,,5.5,186,26,1.9,134,54,6.0,57,25,0,0,0,0,0,0,0,1.1,1.1,2.5,2.5,6.0,57,25,,,92,39,231,79,119,37,152,59,,,,,,,,0.0,0.01,0.01,1.96,0,1.0,0.0,1.0,8.0,2,0,0.0,0.0,0.0,0.0,0.0,0.0,0.0,0.0,0.0,0.0,0.0,0.0,0.0,0.0,2435.0,1769.0,0.0,0.0,0.0,0.0,0.0,0.0,0.0,0.0,0.0,0.0,0.0,0.0,0.0
231,Michael,Keane,Keane,a,,,5.0,235,37,1.4,165,68,0.0,446,170,0,0,0,0,0,0,0,0.0,0.0,2.2,2.2,0.0,446,170,,,435,176,442,177,383,160,451,176,,,,,,,,0.0,0.0,0.0,0.0,0,0.0,0.0,0.0,0.0,2,0,0.0,0.0,0.0,0.0,0.0,0.0,0.0,0.0,0.0,0.0,0.0,0.0,0.0,0.0,323.0,4522.0,0.0,0.0,0.0,0.0,0.0,0.0,0.0,0.0,0.0,0.0,0.0,0.0,0.0
232,Jake,O'Brien,O'Brien,a,,,5.0,354,71,0.4,269,101,0.0,521,190,0,0,0,0,0,0,0,0.0,0.0,2.2,2.2,0.0,521,190,,,509,196,522,196,479,187,525,196,,,,,,,,0.0,0.0,0.0,0.0,0,0.0,0.0,0.0,0.0,2,0,0.0,0.0,0.0,0.0,0.0,0.0,0.0,0.0,0.0,0.0,0.0,0.0,0.0,0.0,139.0,1680.0,0.0,0.0,0.0,0.0,0.0,0.0,0.0,0.0,0.0,0.0,0.0,0.0,0.0
233,Vitalii,Mykolenko,Mykolenko,a,,,4.5,450,108,1.7,148,61,6.0,47,20,0,0,0,0,0,0,0,1.3,1.3,1.7,1.7,6.0,47,20,,,136,63,91,26,160,56,135,53,,,,,,,,0.0,0.05,0.05,1.96,0,1.0,0.0,1.0,4.0,2,0,0.0,0.0,0.0,0.0,0.0,0.0,0.0,0.0,0.0,0.0,0.0,0.0,0.0,0.0,3883.0,1860.0,0.0,0.0,0.0,0.0,0.0,0.0,0.0,0.0,0.0,0.0,0.0,0.0,0.0
234,Nathan,Patterson,Patterson,a,,,4.5,464,118,0.0,524,183,0.0,382,150,0,0,0,0,0,0,0,0.0,0.0,1.7,1.7,0.0,382,150,,,368,154,373,158,304,134,385,155,,,,,,,,0.0,0.0,0.0,0.0,0,0.0,0.0,0.0,0.0,2,0,0.0,0.0,0.0,0.0,0.0,0.0,0.0,0.0,0.0,0.0,0.0,0.0,0.0,0.0,28.0,55.0,0.0,0.0,0.0,0.0,0.0,0.0,0.0,0.0,0.0,0.0,0.0,0.0,0.0
235,Adam,Aznou,Aznou,a,,,4.0,594,182,0.2,356,134,0.0,325,112,0,0,0,0,0,0,0,0.0,0.0,1.0,1.0,0.0,325,112,,,312,117,312,119,233,87,329,118,,,,,,,,0.0,0.0,0.0,0.0,0,0.0,0.0,0.0,0.0,2,0,0.0,0.0,0.0,0.0,0.0,0.0,0.0,0.0,0.0,0.0,0.0,0.0,0.0,0.0,100.0,233.0,0.0,0.0,0.0,0.0,0.0,0.0,0.0,0.0,0.0,0.0,0.0,0.0,0.0
236,Kiernan,Dewsbury-Hall,Dewsbury-Hall,a,,,6.5,36,24,4.8,71,23,11.0,11,6,0,0,0,0,0,0,0,1.7,1.7,2.3,2.3,11.0,11,6,,,20,10,32,24,35,19,16,12,2.0,,,,,,,0.12,0.17,0.29,1.92,0,1.0,0.0,1.0,8.0,2,0,0.0,0.0,0.0,0.0,0.0,0.0,0.0,0.0,0.0,0.0,0.0,0.0,0.0,0.0,21114.0,4983.0,0.0,0.0,0.0,0.0,0.0,0.0,0.0,0.0,0.0,0.0,0.0,0.0,0.0
237,Iliman,Ndiaye,Ndiaye,a,,,6.0,82,53,16.1,26,9,9.0,26,12,0,0,0,0,0,0,0,1.5,1.5,2.2,2.2,9.0,26,12,,,25,13,15,13,9,6,5,4,,,1.0,,,,,0.24,0.32,0.56,1.96,0,1.0,0.0,1.0,12.0,2,0,0.0,0.0,0.0,0.0,0.0,0.0,0.0,0.0,0.0,0.0,0.0,0.0,0.0,0.0,22625.0,15663.0,0.0,0.0,0.0,0.0,0.0,0.0,0.0,0.0,0.0,0.0,0.0,0.0,0.0
239,James,Garner,Garner,a,,,6.0,76,49,0.1,388,150,1.0,275,127,0,0,0,0,0,0,0,0.2,0.2,2.2,0.5,1.0,275,127,100.0,100.0,215,91,109,65,183,93,187,84,1.0,1.0,3.0,,,,,0.0,0.25,0.25,2.78,0,0.0,0.0,0.0,8.18,2,0,0.0,0.0,0.0,0.0,0.0,0.0,0.0,0.0,0.0,0.0,0.0,0.0,0.0,0.0,325.0,199.0,0.0,0.0,0.0,0.0,0.0,0.0,0.0,0.0,0.0,0.0,0.0,0.0,0.0
240,Tim,Iroegbunam,Iroegbunam,i,Thigh injury - Unknown return date,,5.0,335,195,0.0,581,247,0.0,509,207,0,0,0,0,0,0,0,0.0,0.0,0.0,0.0,0.0,509,207,0.0,0.0,497,199,509,208,466,175,513,206,,,,,,,,0.0,0.0,0.0,0.0,0,0.0,0.0,0.0,0.0,2,0,0.0,0.0,0.0,0.0,0.0,0.0,0.0,0.0,0.0,0.0,0.0,0.0,0.0,0.0,2.0,38.0,0.0,0.0,0.0,0.0,0.0,0.0,0.0,0.0,0.0,0.0,0.0,0.0,0.0
242,Tyrique,George,George,a,,,5.5,209,132,0.3,302,103,3.0,102,45,0,0,0,0,0,0,0,0.5,0.5,2.0,2.0,3.0,102,45,,,190,75,50,32,37,21,65,34,,,,,,,,0.2,0.09,0.29,1.81,0,1.08,0.0,1.08,7.59,2,0,0.0,0.0,0.0,0.0,0.0,0.0,0.0,0.0,0.0,0.0,0.0,0.0,0.0,0.0,430.0,446.0,0.0,0.0,0.0,0.0,0.0,0.0,0.0,0.0,0.0,0.0,0.0,0.0,0.0
243,Carlos,Alcaraz Durán,Alcaraz,a,,,5.0,350,204,0.1,427,169,1.0,225,96,0,0,0,0,0,0,0,0.2,0.2,1.5,1.5,1.0,225,96,,,213,89,261,137,55,30,165,75,,,,,,,,1.8,0.0,1.8,3.6,0,0.0,0.0,0.0,270.0,2,0,0.0,0.0,0.0,0.0,0.0,0.0,0.0,0.0,0.0,0.0,0.0,0.0,0.0,0.0,94.0,178.0,0.0,0.0,0.0,0.0,0.0,0.0,0.0,0.0,0.0,0.0,0.0,0.0,0.0
244,Harrison,Armstrong,Armstrong,a,,,5.0,387,232,0.2,317,110,8.0,31,15,0,0,0,0,0,0,0,1.6,1.6,1.5,1.5,8.0,31,15,,,55,22,83,53,135,67,81,42,,,,,,,,0.0,0.04,0.04,1.96,0,1.0,0.0,1.0,16.0,2,0,0.0,0.0,0.0,0.0,0.0,0.0,0.0,0.0,0.0,0.0,0.0,0.0,0.0,0.0,2741.0,439.0,0.0,0.0,0.0,0.0,0.0,0.0,0.0,0.0,0.0,0.0,0.0,0.0,0.0
245,Tyler,Dibling,Dibling,a,,,5.5,195,121,0.0,515,216,0.0,573,246,0,0,0,0,0,0,0,0.0,0.0,2.0,2.0,0.0,573,246,,,564,240,577,248,563,238,577,246,,,,,,,,0.0,0.0,0.0,0.0,0,0.0,0.0,0.0,0.0,2,0,0.0,0.0,0.0,0.0,0.0,0.0,0.0,0.0,0.0,0.0,0.0,0.0,0.0,0.0,45.0,121.0,0.0,0.0,0.0,0.0,0.0,0.0,0.0,0.0,0.0,0.0,0.0,0.0,0.0
246,Merlin,Röhl,Röhl,a,,,5.0,355,206,0.1,477,196,3.0,92,36,0,0,0,0,0,0,0,0.6,0.6,1.5,1.5,3.0,92,36,,,128,41,100,62,173,85,136,62,,,,,,,,0.0,0.06,0.06,1.96,0,1.0,0.0,1.0,9.0,2,0,0.0,0.0,0.0,0.0,0.0,0.0,0.0,0.0,0.0,0.0,0.0,0.0,0.0,0.0,100.0,112.0,0.0,0.0,0.0,0.0,0.0,0.0,0.0,0.0,0.0,0.0,0.0,0.0,0.0
247,Hayden,Hackney,Hackney,d,Ankle injury - 50% chance of playing,,5.5,155,96,0.2,315,108,3.0,96,39,0,0,0,0,0,0,0,0.5,0.5,1.0,2.0,3.0,96,39,50.0,50.0,174,68,104,63,126,63,149,67,,,,,,,,0.01,0.01,0.02,1.87,0,1.15,0.0,1.15,8.08,2,0,0.0,0.0,0.0,0.0,0.0,0.0,0.0,0.0,0.0,0.0,0.0,0.0,0.0,0.0,26.0,1005.0,0.0,0.0,0.0,0.0,0.0,0.0,0.0,0.0,0.0,0.0,0.0,0.0,0.0
248,Norberto Bercique,Gomes Betuncal,Beto,a,,,5.5,190,43,2.3,123,19,1.0,261,28,0,0,0,0,0,0,0,0.2,0.2,1.8,1.8,1.0,261,28,,,562,54,575,60,177,28,285,30,,,4.0,,,,,0.41,0.0,0.41,2.78,0,0.0,0.0,0.0,0.0,2,0,0.0,0.0,0.0,0.0,0.0,0.0,0.0,0.0,0.0,0.0,0.0,0.0,0.0,0.0,968.0,8391.0,0.0,0.0,0.0,0.0,0.0,0.0,0.0,0.0,0.0,0.0,0.0,0.0,0.0
249,Thierno,Barry,Barry,a,,,5.5,218,45,3.5,94,15,8.0,32,3,0,0,0,0,0,0,0,1.5,1.5,1.8,1.8,8.0,32,3,,,31,3,65,5,14,4,15,3,,,2.0,,,,,0.52,0.1,0.62,1.87,0,1.15,0.0,1.15,3.46,2,0,0.0,0.0,0.0,0.0,0.0,0.0,0.0,0.0,0.0,0.0,0.0,0.0,0.0,0.0,35669.0,4917.0,0.0,0.0,0.0,0.0,0.0,0.0,0.0,0.0,0.0,0.0,0.0,0.0,0.0
250,Bernd,Leno,Leno,a,,,4.5,408,24,3.0,104,17,2.0,112,8,0,0,0,0,0,0,0,0.4,0.4,1.9,1.9,2.0,112,8,,,53,7,338,23,262,23,130,7,,,,,,,,0.0,0.0,0.0,2.24,3,0.0,3.0,1.0,0.0,2,0,0.0,0.0,0.0,0.0,0.0,0.0,0.0,0.0,0.0,0.0,0.0,0.0,0.0,0.0,2413.0,1961.0,0.0,0.0,0.0,0.0,0.0,0.0,0.0,0.0,0.0,0.0,0.0,0.0,0.0
251,Benjamin,Lecomte,Lecomte,a,,,4.0,553,54,1.2,178,27,0.0,299,26,0,0,0,0,0,0,0,0.0,0.0,1.0,1.0,0.0,299,26,,,286,26,283,6,201,6,302,26,,,,,,,,0.0,0.0,0.0,0.0,0,0.0,0.0,0.0,0.0,2,0,0.0,0.0,0.0,0.0,0.0,0.0,0.0,0.0,0.0,0.0,0.0,0.0,0.0,0.0,290.0,840.0,0.0,0.0,0.0,0.0,0.0,0.0,0.0,0.0,0.0,0.0,0.0,0.0,0.0
252,Alfie,McNally,McNally,a,,,4.0,597,67,0.2,372,40,0.0,328,39,0,0,0,0,0,0,0,0.0,0.0,1.0,1.0,0.0,328,39,,,315,39,315,19,236,19,332,39,,,,,,,,0.0,0.0,0.0,0.0,0,0.0,0.0,0.0,0.0,2,0,0.0,0.0,0.0,0.0,0.0,0.0,0.0,0.0,0.0,0.0,0.0,0.0,0.0,0.0,144.0,98.0,0.0,0.0,0.0,0.0,0.0,0.0,0.0,0.0,0.0,0.0,0.0,0.0,0.0
253,Joachim,Andersen,Andersen,a,,,5.0,253,41,0.1,447,159,0.0,459,173,0,0,0,0,0,0,0,0.0,0.0,2.2,0.0,0.0,459,173,100.0,100.0,449,180,458,181,400,164,465,180,,,,,,,,0.0,0.0,0.0,0.0,0,0.0,0.0,0.0,0.0,2,0,0.0,0.0,0.0,0.0,0.0,0.0,0.0,0.0,0.0,0.0,0.0,0.0,0.0,0.0,548.0,105.0,0.0,0.0,0.0,0.0,0.0,0.0,0.0,0.0,0.0,0.0,0.0,0.0,0.0
254,Antonee,Robinson,Robinson,a,,,4.5,429,92,1.7,146,60,1.0,187,66,0,0,0,0,0,0,0,0.2,0.2,1.7,1.7,1.0,187,66,,,76,36,46,15,147,48,74,25,,,2.0,,,,,0.14,0.04,0.18,2.46,0,0.0,3.33,1.11,7.78,2,0,0.0,0.0,0.0,0.0,0.0,0.0,0.0,0.0,0.0,0.0,0.0,0.0,0.0,0.0,1665.0,1254.0,0.0,0.0,0.0,0.0,0.0,0.0,0.0,0.0,0.0,0.0,0.0,0.0,0.0
255,Jorge,Cuenca Barreno,J.Cuenca,a,,,4.5,467,121,0.0,522,182,3.0,84,35,0,0,0,0,0,0,0,0.7,0.7,1.7,1.7,3.0,84,35,,,44,16,60,18,306,136,66,22,,,,,,,,0.0,0.03,0.03,2.24,0,0.0,3.0,1.0,10.0,2,0,0.0,0.0,0.0,0.0,0.0,0.0,0.0,0.0,0.0,0.0,0.0,0.0,0.0,0.0,140.0,52.0,0.0,0.0,0.0,0.0,0.0,0.0,0.0,0.0,0.0,0.0,0.0,0.0,0.0
256,Kenny,Tete,Tete,a,,,4.5,428,91,0.3,309,116,0.0,360,135,0,0,0,0,0,0,0,0.0,0.0,1.7,1.7,0.0,360,135,,,347,140,351,144,277,116,364,141,,,,,,,,0.0,0.0,0.0,0.0,0,0.0,0.0,0.0,0.0,2,0,0.0,0.0,0.0,0.0,0.0,0.0,0.0,0.0,0.0,0.0,0.0,0.0,0.0,0.0,52.0,371.0,0.0,0.0,0.0,0.0,0.0,0.0,0.0,0.0,0.0,0.0,0.0,0.0,0.0
257,Calvin,Bassey,Bassey,a,,,4.5,458,114,0.8,219,81,0.0,378,146,0,0,0,0,0,0,0,0.0,0.0,1.7,1.7,0.0,378,146,,,127,59,155,46,161,57,176,67,,,,,,,,0.02,0.02,0.04,2.24,0,0.0,3.0,1.0,4.0,2,0,0.0,0.0,0.0,0.0,0.0,0.0,0.0,0.0,0.0,0.0,0.0,0.0,0.0,0.0,818.0,975.0,0.0,0.0,0.0,0.0,0.0,0.0,0.0,0.0,0.0,0.0,0.0,0.0,0.0
258,Timothy,Castagne,Castagne,a,,,4.5,427,90,0.5,262,97,6.0,44,17,0,0,0,0,0,0,0,1.3,1.3,1.7,1.7,6.0,44,17,,,30,10,35,9,41,9,22,3,,,,,,,,0.09,0.18,0.27,2.24,0,0.0,3.0,1.0,6.0,2,0,0.0,0.0,0.0,0.0,0.0,0.0,0.0,0.0,0.0,0.0,0.0,0.0,0.0,0.0,2858.0,574.0,0.0,0.0,0.0,0.0,0.0,0.0,0.0,0.0,0.0,0.0,0.0,0.0,0.0
261,Alex,Iwobi,Iwobi,a,,,5.5,122,79,1.0,198,64,2.0,138,64,0,0,0,0,0,0,0,0.4,0.4,2.0,2.0,2.0,138,64,,,142,48,116,68,518,210,158,72,1.0,1.0,3.0,,,,,0.0,0.04,0.04,2.24,0,0.0,3.0,1.0,10.0,2,0,0.0,0.0,0.0,0.0,0.0,0.0,0.0,0.0,0.0,0.0,0.0,0.0,0.0,0.0,1104.0,1715.0,0.0,0.0,0.0,0.0,0.0,0.0,0.0,0.0,0.0,0.0,0.0,0.0,0.0
262,Emile,Smith Rowe,Smith Rowe,a,,,5.5,142,88,0.4,282,92,0.0,553,233,0,0,0,0,0,0,0,0.0,0.0,2.0,2.0,0.0,553,233,,,543,227,559,236,533,218,559,234,,,,,,,,0.0,0.0,0.0,0.0,0,0.0,0.0,0.0,0.0,2,0,0.0,0.0,0.0,0.0,0.0,0.0,0.0,0.0,0.0,0.0,0.0,0.0,0.0,0.0,278.0,863.0,0.0,0.0,0.0,0.0,0.0,0.0,0.0,0.0,0.0,0.0,0.0,0.0,0.0
263,Kevin,Santos Lopes de Macedo,Kevin,a,,,5.5,211,134,0.1,478,197,1.0,267,123,0,0,0,0,0,0,0,0.2,0.2,2.0,2.0,1.0,267,123,,,209,86,189,110,570,244,248,111,3.0,,,,,,,0.0,0.05,0.05,0.16,0,0.0,0.0,0.0,15.88,2,0,0.0,0.0,0.0,0.0,0.0,0.0,0.0,0.0,0.0,0.0,0.0,0.0,0.0,0.0,63.0,144.0,0.0,0.0,0.0,0.0,0.0,0.0,0.0,0.0,0.0,0.0,0.0,0.0,0.0
264,Oscar,Bobb,Bobb,a,,,5.5,185,114,0.3,290,96,2.0,145,69,0,0,0,0,0,0,0,0.4,0.4,2.0,2.0,2.0,145,69,,,165,62,93,59,118,60,132,61,2.0,,,,,,,0.0,0.35,0.35,3.01,0,0.0,4.09,1.36,8.18,2,0,0.0,0.0,0.0,0.0,0.0,0.0,0.0,0.0,0.0,0.0,0.0,0.0,0.0,0.0,801.0,397.0,0.0,0.0,0.0,0.0,0.0,0.0,0.0,0.0,0.0,0.0,0.0,0.0,0.0
265,Sander,Berge,Berge,a,,,5.0,263,161,0.4,276,90,2.0,123,55,0,0,0,0,0,0,0,0.4,0.4,1.5,1.5,2.0,123,55,,,129,42,52,34,104,53,91,48,,,,,,,,0.04,0.04,0.08,2.76,0,0.0,3.75,1.25,5.0,2,0,0.0,0.0,0.0,0.0,0.0,0.0,0.0,0.0,0.0,0.0,0.0,0.0,0.0,0.0,199.0,529.0,0.0,0.0,0.0,0.0,0.0,0.0,0.0,0.0,0.0,0.0,0.0,0.0,0.0
266,Tom,Cairney,Cairney,i,Knee injury - Expected back 10 Oct,,5.0,228,142,0.0,600,258,0.0,442,170,0,0,0,0,0,0,0,0.0,0.0,0.0,0.0,0.0,442,170,0.0,0.0,431,163,437,173,378,132,447,170,,,,,,,,0.0,0.0,0.0,0.0,0,0.0,0.0,0.0,0.0,2,0,0.0,0.0,0.0,0.0,0.0,0.0,0.0,0.0,0.0,0.0,0.0,0.0,0.0,0.0,0.0,8.0,0.0,0.0,0.0,0.0,0.0,0.0,0.0,0.0,0.0,0.0,0.0,0.0,0.0
268,Josh,King,King,a,,,5.5,216,137,0.6,241,81,7.0,40,20,0,0,0,0,0,0,0,1.3,1.3,2.0,2.0,7.0,40,20,,,23,12,77,48,13,8,14,11,,,,,,,,0.17,0.04,0.21,2.24,0,0.0,3.0,1.0,8.0,2,0,0.0,0.0,0.0,0.0,0.0,0.0,0.0,0.0,0.0,0.0,0.0,0.0,0.0,0.0,7234.0,927.0,0.0,0.0,0.0,0.0,0.0,0.0,0.0,0.0,0.0,0.0,0.0,0.0,0.0
269,Ryan,Sessegnon,Sessegnon,a,,,4.5,433,94,0.4,270,102,1.0,188,67,0,0,0,0,0,0,0,0.2,0.2,1.7,1.7,1.0,188,67,,,194,86,249,90,46,11,147,58,,,,,,,,0.16,0.0,0.16,0.16,0,0.0,0.0,0.0,5.29,2,0,0.0,0.0,0.0,0.0,0.0,0.0,0.0,0.0,0.0,0.0,0.0,0.0,0.0,0.0,145.0,580.0,0.0,0.0,0.0,0.0,0.0,0.0,0.0,0.0,0.0,0.0,0.0,0.0,0.0
270,Harrison,Reed,Reed,a,,,4.5,425,245,1.4,164,48,0.0,359,143,0,0,0,0,0,0,0,0.0,0.0,1.0,1.0,0.0,359,143,,,346,136,350,146,276,102,363,143,,,,,,,,0.0,0.0,0.0,0.0,0,0.0,0.0,0.0,0.0,2,0,0.0,0.0,0.0,0.0,0.0,0.0,0.0,0.0,0.0,0.0,0.0,0.0,0.0,0.0,624.0,2354.0,0.0,0.0,0.0,0.0,0.0,0.0,0.0,0.0,0.0,0.0,0.0,0.0,0.0
271,Rodrigo,Muniz Carvalho,Muniz,a,,,5.5,154,37,0.6,244,38,1.0,253,25,0,0,0,0,0,0,0,0.2,0.2,1.8,1.8,1.0,253,25,,,202,13,112,13,108,22,151,15,,,,,,,,0.22,0.0,0.22,0.34,0,0.0,0.0,0.0,11.25,2,0,0.0,0.0,0.0,0.0,0.0,0.0,0.0,0.0,0.0,0.0,0.0,0.0,0.0,0.0,476.0,1301.0,0.0,0.0,0.0,0.0,0.0,0.0,0.0,0.0,0.0,0.0,0.0,0.0,0.0
272,Jonah,Kusi-Asare,Kusi-Asare,a,,,4.5,541,73,6.9,58,9,0.0,434,45,0,0,0,0,0,0,0,0.0,0.0,1.0,1.0,0.0,434,45,,,423,35,429,42,370,41,439,44,,,,,,,,0.0,0.0,0.0,0.0,0,0.0,0.0,0.0,0.0,2,0,0.0,0.0,0.0,0.0,0.0,0.0,0.0,0.0,0.0,0.0,0.0,0.0,0.0,0.0,2944.0,7087.0,0.0,0.0,0.0,0.0,0.0,0.0,0.0,0.0,0.0,0.0,0.0,0.0,0.0
569,Gonzalo,García,Gonzalo,a,,,6.0,105,27,4.0,84,12,6.0,62,4,0,0,0,0,0,0,0,1.0,1.0,2.0,2.0,6.0,62,4,,,34,4,150,18,16,6,30,6,,,1.0,,,,,0.73,0.01,0.74,2.24,0,0.0,3.0,1.0,2.0,2,0,0.0,0.0,0.0,0.0,0.0,0.0,0.0,0.0,0.0,0.0,0.0,0.0,0.0,0.0,47577.0,3385.0,0.0,0.0,0.0,0.0,0.0,0.0,0.0,0.0,0.0,0.0,0.0,0.0,0.0
570,César,Palacios,Palacios,a,,,5.5,214,136,0.2,337,122,2.0,148,72,0,0,0,0,0,0,0,0.4,0.4,2.0,2.0,2.0,148,72,,,240,109,132,78,98,49,194,86,,,,,,,,0.2,0.01,0.21,2.76,0,0.0,3.75,1.25,5.0,2,0,0.0,0.0,0.0,0.0,0.0,0.0,0.0,0.0,0.0,0.0,0.0,0.0,0.0,0.0,122.0,283.0,0.0,0.0,0.0,0.0,0.0,0.0,0.0,0.0,0.0,0.0,0.0,0.0,0.0
580,Shea,Charles,Charles,a,,,5.0,318,188,0.1,432,171,1.0,216,93,0,0,0,0,0,0,0,0.2,0.2,1.5,1.5,1.0,216,93,,,234,104,209,118,453,169,256,116,,,,,,,,0.0,0.0,0.0,0.12,0,0.0,0.0,0.0,11.74,2,0,0.0,0.0,0.0,0.0,0.0,0.0,0.0,0.0,0.0,0.0,0.0,0.0,0.0,0.0,38.0,140.0,0.0,0.0,0.0,0.0,0.0,0.0,0.0,0.0,0.0,0.0,0.0,0.0,0.0
610,Luc,De Fougerolles,De Fougerolles,d,Unspecified injury - 75% chance of playing,,4.0,603,190,0.1,441,155,0.0,333,119,0,0,0,0,0,0,0,0.0,0.0,0.8,1.0,0.0,333,119,75.0,75.0,320,124,320,126,242,95,337,125,,,,,,,,0.0,0.0,0.0,0.0,0,0.0,0.0,0.0,0.0,2,0,0.0,0.0,0.0,0.0,0.0,0.0,0.0,0.0,0.0,0.0,0.0,0.0,0.0,0.0,399.0,143.0,0.0,0.0,0.0,0.0,0.0,0.0,0.0,0.0,0.0,0.0,0.0,0.0,0.0
273,Dillon,Phillips,Phillips,a,,,4.0,562,57,1.5,155,23,0.0,304,29,0,0,0,0,0,0,0,0.0,0.0,1.0,1.0,0.0,304,29,,,291,29,289,9,207,9,307,29,,,,,,,,0.0,0.0,0.0,0.0,0,0.0,0.0,0.0,0.0,2,0,0.0,0.0,0.0,0.0,0.0,0.0,0.0,0.0,0.0,0.0,0.0,0.0,0.0,0.0,420.0,1336.0,0.0,0.0,0.0,0.0,0.0,0.0,0.0,0.0,0.0,0.0,0.0,0.0,0.0
274,Jack,Butland,Butland,i,Arm injury - Unknown return date,,4.5,414,26,0.1,424,46,0.0,351,43,0,0,0,0,0,0,0,0.0,0.0,0.0,0.0,0.0,351,43,0.0,0.0,338,43,341,25,267,25,355,43,,,,,,,,0.0,0.0,0.0,0.0,0,0.0,0.0,0.0,0.0,2,0,0.0,0.0,0.0,0.0,0.0,0.0,0.0,0.0,0.0,0.0,0.0,0.0,0.0,0.0,20.0,198.0,0.0,0.0,0.0,0.0,0.0,0.0,0.0,0.0,0.0,0.0,0.0,0.0,0.0
275,Harvey,Cartwright,Cartwright,u,Has joined Grimsby Town on loan for the rest of the season,,4.0,593,66,0.0,589,67,0.0,324,38,0,0,0,0,0,0,0,0.0,0.0,0.0,0.0,0.0,324,38,0.0,0.0,311,38,311,18,232,18,328,38,,,,,,,,0.0,0.0,0.0,0.0,0,0.0,0.0,0.0,0.0,2,0,0.0,0.0,0.0,0.0,0.0,0.0,0.0,0.0,0.0,0.0,0.0,0.0,0.0,0.0,0.0,5.0,0.0,0.0,0.0,0.0,0.0,0.0,0.0,0.0,0.0,0.0,0.0,0.0,0.0
276,Thimothée,Lo-Tutala,Lo-Tutala,u,Has joined Colchester United on loan for the rest of the season,,4.0,582,63,0.0,527,58,0.0,317,35,0,0,0,0,0,0,0,0.0,0.0,0.0,0.0,0.0,317,35,0.0,0.0,304,35,304,15,223,15,321,35,,,,,,,,0.0,0.0,0.0,0.0,0,0.0,0.0,0.0,0.0,2,0,0.0,0.0,0.0,0.0,0.0,0.0,0.0,0.0,0.0,0.0,0.0,0.0,0.0,0.0,0.0,33.0,0.0,0.0,0.0,0.0,0.0,0.0,0.0,0.0,0.0,0.0,0.0,0.0,0.0
277,John,Egan,Egan,a,,,4.0,555,155,2.0,132,53,8.0,29,11,0,0,0,0,0,0,0,2.0,2.0,1.0,1.0,8.0,29,11,,,19,7,272,100,154,50,86,30,,,,,,,,0.0,0.0,0.0,1.83,0,1.0,0.0,1.0,21.0,2,0,0.0,0.0,0.0,0.0,0.0,0.0,0.0,0.0,0.0,0.0,0.0,0.0,0.0,0.0,4003.0,2078.0,0.0,0.0,0.0,0.0,0.0,0.0,0.0,0.0,0.0,0.0,0.0,0.0,0.0
278,Charlie,Hughes,Hughes,i,Groin injury - Unknown return date,,4.0,596,184,0.1,411,146,0.0,327,114,0,0,0,0,0,0,0,0.0,0.0,0.0,0.0,0.0,327,114,0.0,0.0,314,119,314,121,235,89,331,120,,,,,,,,0.0,0.0,0.0,0.0,0,0.0,0.0,0.0,0.0,2,0,0.0,0.0,0.0,0.0,0.0,0.0,0.0,0.0,0.0,0.0,0.0,0.0,0.0,0.0,10.0,225.0,0.0,0.0,0.0,0.0,0.0,0.0,0.0,0.0,0.0,0.0,0.0,0.0,0.0
279,Semi,Ajayi,Ajayi,a,,,4.0,558,157,2.0,131,52,14.0,4,3,0,0,0,0,0,0,0,3.5,3.5,1.0,1.0,14.0,4,3,100.0,100.0,14,4,267,97,20,4,32,7,,,,,,,,0.74,0.0,0.74,1.23,0,1.43,0.0,1.43,10.0,2,0,0.0,0.0,0.0,0.0,0.0,0.0,0.0,0.0,0.0,0.0,0.0,0.0,0.0,0.0,21345.0,1837.0,0.0,0.0,0.0,0.0,0.0,0.0,0.0,0.0,0.0,0.0,0.0,0.0,0.0
280,Lewie,Coyle,Coyle,a,,,4.0,568,164,0.6,235,89,6.0,41,14,0,0,0,0,0,0,0,1.5,1.5,1.0,1.0,6.0,41,14,100.0,100.0,203,89,114,33,213,75,196,77,,,,,,,,0.0,0.01,0.01,1.51,0,1.3,0.0,1.3,2.61,2,0,0.0,0.0,0.0,0.0,0.0,0.0,0.0,0.0,0.0,0.0,0.0,0.0,0.0,0.0,825.0,534.0,0.0,0.0,0.0,0.0,0.0,0.0,0.0,0.0,0.0,0.0,0.0,0.0,0.0
281,Cody,Drameh,Drameh,a,,,4.0,579,172,0.1,455,164,1.0,177,57,0,0,0,0,0,0,0,0.2,0.2,1.0,1.0,1.0,177,57,100.0,100.0,245,97,301,113,188,64,273,98,,,,,,,,0.22,0.0,0.22,3.02,0,0.0,0.0,0.0,13.5,2,0,0.0,0.0,0.0,0.0,0.0,0.0,0.0,0.0,0.0,0.0,0.0,0.0,0.0,0.0,127.0,57.0,0.0,0.0,0.0,0.0,0.0,0.0,0.0,0.0,0.0,0.0,0.0,0.0,0.0
282,Ryan,Giles,Giles,a,,,4.0,576,171,0.9,204,76,6.0,42,15,0,0,0,0,0,0,0,1.5,1.5,1.0,1.0,6.0,42,15,,,125,57,66,20,130,42,110,39,1.0,1.0,,,,,,0.02,0.08,0.1,1.89,0,1.07,0.0,1.07,6.43,2,0,0.0,0.0,0.0,0.0,0.0,0.0,0.0,0.0,0.0,0.0,0.0,0.0,0.0,0.0,1384.0,821.0,0.0,0.0,0.0,0.0,0.0,0.0,0.0,0.0,0.0,0.0,0.0,0.0,0.0
283,Matty,Jacob,Jacob,i,Hip injury - Expected back 5 Sep,,4.0,583,174,0.0,578,197,0.0,318,108,0,0,0,0,0,0,0,0.0,0.0,0.0,0.0,0.0,318,108,0.0,0.0,305,113,305,115,224,81,322,114,,,,,,,,0.0,0.0,0.0,0.0,0,0.0,0.0,0.0,0.0,2,0,0.0,0.0,0.0,0.0,0.0,0.0,0.0,0.0,0.0,0.0,0.0,0.0,0.0,0.0,10.0,31.0,0.0,0.0,0.0,0.0,0.0,0.0,0.0,0.0,0.0,0.0,0.0,0.0,0.0
284,Cathal,McCarthy,McCarthy,a,,,4.0,620,206,0.1,438,154,0.0,347,132,0,0,0,0,0,0,0,0.0,0.0,1.0,1.0,0.0,347,132,,,334,137,335,140,258,110,351,138,,,,,,,,0.0,0.0,0.0,0.0,0,0.0,0.0,0.0,0.0,2,0,0.0,0.0,0.0,0.0,0.0,0.0,0.0,0.0,0.0,0.0,0.0,0.0,0.0,0.0,77.0,118.0,0.0,0.0,0.0,0.0,0.0,0.0,0.0,0.0,0.0,0.0,0.0,0.0,0.0
285,Paddy,McNair,McNair,a,,,4.0,560,158,0.1,392,140,1.0,173,53,0,0,0,0,0,0,0,0.2,0.2,1.0,1.0,1.0,173,53,,,220,91,288,105,206,70,261,96,,,,,,,,0.0,0.0,0.0,3.32,0,0.0,0.0,0.0,6.92,2,0,0.0,0.0,0.0,0.0,0.0,0.0,0.0,0.0,0.0,0.0,0.0,0.0,0.0,0.0,63.0,112.0,0.0,0.0,0.0,0.0,0.0,0.0,0.0,0.0,0.0,0.0,0.0,0.0,0.0
286,Mohamed,Belloumi,Belloumi,a,,,5.0,369,218,0.6,232,77,3.0,93,37,0,0,0,0,0,0,0,0.6,0.6,1.5,1.5,3.0,93,37,,,159,57,181,106,107,55,179,81,3.0,2.0,,,,,,0.05,0.03,0.08,1.83,0,1.0,0.0,1.0,10.0,2,0,0.0,0.0,0.0,0.0,0.0,0.0,0.0,0.0,0.0,0.0,0.0,0.0,0.0,0.0,2210.0,735.0,0.0,0.0,0.0,0.0,0.0,0.0,0.0,0.0,0.0,0.0,0.0,0.0,0.0
287,Liam,Millar,Millar,a,,,5.0,291,175,0.1,468,190,0.0,479,190,0,0,0,0,0,0,0,0.0,0.0,1.5,1.5,0.0,479,190,,,252,114,259,136,169,83,265,121,,,,,,,,0.0,0.0,0.0,3.17,0,0.0,0.0,0.0,14.21,2,0,0.0,0.0,0.0,0.0,0.0,0.0,0.0,0.0,0.0,0.0,0.0,0.0,0.0,0.0,37.0,195.0,0.0,0.0,0.0,0.0,0.0,0.0,0.0,0.0,0.0,0.0,0.0,0.0,0.0
288,Kieran,Dowell,Dowell,a,,,4.5,430,246,0.4,284,93,0.0,361,144,0,0,0,0,0,0,0,0.0,0.0,1.0,1.0,0.0,361,144,,,348,137,352,147,278,103,365,144,,,,,,,,0.0,0.0,0.0,0.0,0,0.0,0.0,0.0,0.0,2,0,0.0,0.0,0.0,0.0,0.0,0.0,0.0,0.0,0.0,0.0,0.0,0.0,0.0,0.0,211.0,632.0,0.0,0.0,0.0,0.0,0.0,0.0,0.0,0.0,0.0,0.0,0.0,0.0,0.0
289,Matt,Crooks,Crooks,a,,,4.5,413,243,0.7,224,74,2.0,113,51,0,0,0,0,0,0,0,0.4,0.4,1.0,1.0,2.0,113,51,,,89,29,171,101,266,100,169,77,,,,,,,,0.0,0.0,0.0,1.83,0,1.0,0.0,1.0,9.0,2,0,0.0,0.0,0.0,0.0,0.0,0.0,0.0,0.0,0.0,0.0,0.0,0.0,0.0,0.0,1572.0,885.0,0.0,0.0,0.0,0.0,0.0,0.0,0.0,0.0,0.0,0.0,0.0,0.0,0.0
290,Regan,Slater,Slater,a,,,4.5,462,249,3.9,85,27,6.0,49,21,0,0,0,0,0,0,0,1.3,1.3,1.0,1.0,6.0,49,21,,,94,33,63,41,302,106,106,55,2.0,,,,,,,0.0,0.44,0.44,1.83,0,1.0,0.0,1.0,3.0,2,0,0.0,0.0,0.0,0.0,0.0,0.0,0.0,0.0,0.0,0.0,0.0,0.0,0.0,0.0,17417.0,3513.0,0.0,0.0,0.0,0.0,0.0,0.0,0.0,0.0,0.0,0.0,0.0,0.0,0.0
291,Eliot,Matazo,Matazo,i,Knee injury - Unknown return date,,4.5,478,251,0.0,595,254,0.0,389,147,0,0,0,0,0,0,0,0.0,0.0,0.0,0.0,0.0,389,147,0.0,0.0,374,140,379,150,313,108,391,147,,,,,,,,0.0,0.0,0.0,0.0,0,0.0,0.0,0.0,0.0,2,0,0.0,0.0,0.0,0.0,0.0,0.0,0.0,0.0,0.0,0.0,0.0,0.0,0.0,0.0,11.0,10.0,0.0,0.0,0.0,0.0,0.0,0.0,0.0,0.0,0.0,0.0,0.0,0.0,0.0
292,Abdülkadir,Ömür,Ömür,a,,,5.0,264,162,0.0,559,231,0.0,462,181,0,0,0,0,0,0,0,0.0,0.0,1.5,1.5,0.0,462,181,,,454,175,462,184,407,147,470,182,,,,,,,,0.0,0.0,0.0,0.0,0,0.0,0.0,0.0,0.0,2,0,0.0,0.0,0.0,0.0,0.0,0.0,0.0,0.0,0.0,0.0,0.0,0.0,0.0,0.0,20.0,56.0,0.0,0.0,0.0,0.0,0.0,0.0,0.0,0.0,0.0,0.0,0.0,0.0,0.0
293,Abu,Kamara,Kamara,u,Has joined Portsmouth permanently,,5.0,336,196,0.0,604,262,0.0,510,208,0,0,0,0,0,0,0,0.0,0.0,0.0,0.0,0.0,510,208,0.0,0.0,498,200,510,209,467,176,514,207,,,,,,,,0.0,0.0,0.0,0.0,0,0.0,0.0,0.0,0.0,2,0,0.0,0.0,0.0,0.0,0.0,0.0,0.0,0.0,0.0,0.0,0.0,0.0,0.0,0.0,0.0,18.0,0.0,0.0,0.0,0.0,0.0,0.0,0.0,0.0,0.0,0.0,0.0,0.0,0.0
294,Óscar,Zambrano,Zambrano,i,Thigh injury - Unknown return date,,4.5,514,259,0.1,418,164,0.0,413,155,0,0,0,0,0,0,0,0.0,0.0,0.0,0.0,0.0,413,155,0.0,0.0,401,148,408,158,346,116,417,155,,,,,,,,0.0,0.0,0.0,0.0,0,0.0,0.0,0.0,0.0,2,0,0.0,0.0,0.0,0.0,0.0,0.0,0.0,0.0,0.0,0.0,0.0,0.0,0.0,0.0,78.0,182.0,0.0,0.0,0.0,0.0,0.0,0.0,0.0,0.0,0.0,0.0,0.0,0.0,0.0
295,Oli,McBurnie,McBurnie,a,,,5.5,124,31,2.2,126,20,5.0,68,6,0,0,0,0,0,0,0,0.9,0.9,1.8,1.8,5.0,68,6,,,100,10,61,4,6,2,21,5,,,1.0,,,,,0.16,0.01,0.17,1.83,0,1.0,0.0,1.0,5.0,2,0,0.0,0.0,0.0,0.0,0.0,0.0,0.0,0.0,0.0,0.0,0.0,0.0,0.0,0.0,14990.0,3019.0,0.0,0.0,0.0,0.0,0.0,0.0,0.0,0.0,0.0,0.0,0.0,0.0,0.0
296,David,Akintola,Akintola,a,,,5.0,269,166,0.0,502,209,0.0,464,182,0,0,0,0,0,0,0,0.0,0.0,1.5,1.5,0.0,464,182,,,456,176,464,185,410,149,472,183,,,,,,,,0.0,0.0,0.0,0.0,0,0.0,0.0,0.0,0.0,2,0,0.0,0.0,0.0,0.0,0.0,0.0,0.0,0.0,0.0,0.0,0.0,0.0,0.0,0.0,89.0,109.0,0.0,0.0,0.0,0.0,0.0,0.0,0.0,0.0,0.0,0.0,0.0,0.0,0.0
297,Darko,Gyabi,Gyabi,i,Thigh injury - Unknown return date,,4.5,479,252,0.0,542,224,0.0,390,148,0,0,0,0,0,0,0,0.0,0.0,0.0,0.0,0.0,390,148,0.0,0.0,375,141,380,151,314,109,392,148,,,,,,,,0.0,0.0,0.0,0.0,0,0.0,0.0,0.0,0.0,2,0,0.0,0.0,0.0,0.0,0.0,0.0,0.0,0.0,0.0,0.0,0.0,0.0,0.0,0.0,9.0,35.0,0.0,0.0,0.0,0.0,0.0,0.0,0.0,0.0,0.0,0.0,0.0,0.0,0.0
298,Enis,Destan,Destan,u,Has joined Konyaspor permanently,,4.5,498,64,0.3,294,51,0.0,399,37,0,0,0,0,0,0,0,0.0,0.0,0.0,0.0,0.0,399,37,0.0,0.0,387,26,394,34,331,32,403,35,,,,,,,,0.0,0.0,0.0,0.0,0,0.0,0.0,0.0,0.0,2,0,0.0,0.0,0.0,0.0,0.0,0.0,0.0,0.0,0.0,0.0,0.0,0.0,0.0,0.0,0.0,723.0,0.0,0.0,0.0,0.0,0.0,0.0,0.0,0.0,0.0,0.0,0.0,0.0,0.0
299,Mason,Burstow,Burstow,u,Has joined Sheffield Wednesday on loan for the rest of the season,,4.5,507,65,0.1,487,65,0.0,407,38,0,0,0,0,0,0,0,0.0,0.0,0.0,0.0,0.0,407,38,0.0,0.0,395,27,402,35,340,33,411,36,,,,,,,,0.0,0.0,0.0,0.0,0,0.0,0.0,0.0,0.0,2,0,0.0,0.0,0.0,0.0,0.0,0.0,0.0,0.0,0.0,0.0,0.0,0.0,0.0,0.0,0.0,93.0,0.0,0.0,0.0,0.0,0.0,0.0,0.0,0.0,0.0,0.0,0.0,0.0,0.0
340,Joe,Gelhardt,Gelhardt,i,Ankle injury - Expected back 5 Sep,,5.0,317,187,0.0,579,245,0.0,501,201,0,0,0,0,0,0,0,0.0,0.0,0.0,0.0,0.0,501,201,0.0,0.0,489,193,499,202,452,168,505,200,,,,,,,,0.0,0.0,0.0,0.0,0,0.0,0.0,0.0,0.0,2,0,0.0,0.0,0.0,0.0,0.0,0.0,0.0,0.0,0.0,0.0,0.0,0.0,0.0,0.0,5.0,40.0,0.0,0.0,0.0,0.0,0.0,0.0,0.0,0.0,0.0,0.0,0.0,0.0,0.0
556,Matt,Targett,Targett,a,,,4.0,563,160,2.3,124,48,1.0,175,55,0,0,0,0,0,0,0,0.2,0.2,1.0,1.0,1.0,175,55,,,271,101,290,106,208,71,308,106,,,,,,,,0.0,0.0,0.0,1.26,0,0.0,0.0,0.0,0.0,2,0,0.0,0.0,0.0,0.0,0.0,0.0,0.0,0.0,0.0,0.0,0.0,0.0,0.0,0.0,571.0,2300.0,0.0,0.0,0.0,0.0,0.0,0.0,0.0,0.0,0.0,0.0,0.0,0.0,0.0
563,Hidemasa,Morita,Morita,a,,,5.0,309,183,0.0,547,228,0.0,493,197,0,0,0,0,0,0,0,0.0,0.0,1.5,0.8,0.0,493,197,100.0,100.0,482,189,492,198,445,164,498,196,,,,,,,,0.0,0.0,0.0,0.0,0,0.0,0.0,0.0,0.0,2,0,0.0,0.0,0.0,0.0,0.0,0.0,0.0,0.0,0.0,0.0,0.0,0.0,0.0,0.0,27.0,20.0,0.0,0.0,0.0,0.0,0.0,0.0,0.0,0.0,0.0,0.0,0.0,0.0,0.0
572,Konstantinos,Tzolakis,Tzolakis,a,,,4.5,483,41,3.0,106,18,10.0,15,1,0,0,0,0,0,0,0,2.2,2.2,1.9,1.9,10.0,15,1,,,38,4,382,40,318,40,116,4,,,,,,,,0.0,0.0,0.0,1.83,5,1.0,0.0,1.0,0.0,2,0,0.0,0.0,0.0,0.0,0.0,0.0,0.0,0.0,0.0,0.0,0.0,0.0,0.0,0.0,17187.0,2508.0,0.0,0.0,0.0,0.0,0.0,0.0,0.0,0.0,0.0,0.0,0.0,0.0,0.0
574,Jens,Hjertø-Dahl,Hjertø-Dahl,a,,,5.0,376,223,0.1,446,177,0.0,532,221,0,0,0,0,0,0,0,0.0,0.0,1.5,1.5,0.0,532,221,,,520,213,533,222,492,191,536,220,,,,,,,,0.0,0.0,0.0,0.0,0,0.0,0.0,0.0,0.0,2,0,0.0,0.0,0.0,0.0,0.0,0.0,0.0,0.0,0.0,0.0,0.0,0.0,0.0,0.0,34.0,172.0,0.0,0.0,0.0,0.0,0.0,0.0,0.0,0.0,0.0,0.0,0.0,0.0,0.0
576,Elliot,Stroud,Stroud,a,,,5.0,386,231,0.1,426,168,3.0,94,38,0,0,0,0,0,0,0,0.6,0.6,1.5,1.5,3.0,94,38,,,176,69,146,86,500,198,225,100,,,,,,,,0.0,0.04,0.04,1.49,0,1.29,0.0,1.29,7.71,2,0,0.0,0.0,0.0,0.0,0.0,0.0,0.0,0.0,0.0,0.0,0.0,0.0,0.0,0.0,240.0,128.0,0.0,0.0,0.0,0.0,0.0,0.0,0.0,0.0,0.0,0.0,0.0,0.0,0.0
585,Lucas,Herrington,Herrington,a,,,4.0,613,199,0.6,231,87,1.0,181,61,0,0,0,0,0,0,0,0.2,0.2,1.0,1.0,1.0,181,61,,,178,78,329,134,252,104,241,91,,,,,,,,0.0,0.0,0.0,3.32,0,0.0,0.0,0.0,13.85,2,0,0.0,0.0,0.0,0.0,0.0,0.0,0.0,0.0,0.0,0.0,0.0,0.0,0.0,0.0,189.0,628.0,0.0,0.0,0.0,0.0,0.0,0.0,0.0,0.0,0.0,0.0,0.0,0.0,0.0
586,Nobel,Mendy,Mendy,a,,,4.0,615,201,4.2,78,32,15.0,3,2,0,0,0,0,0,0,0,3.8,3.8,1.0,1.0,15.0,3,2,100.0,100.0,4,1,237,84,23,6,27,5,,,,,,,,0.4,0.0,0.4,1.23,0,1.43,0.0,1.43,18.57,2,0,0.0,0.0,0.0,0.0,0.0,0.0,0.0,0.0,0.0,0.0,0.0,0.0,0.0,0.0,43747.0,2872.0,0.0,0.0,0.0,0.0,0.0,0.0,0.0,0.0,0.0,0.0,0.0,0.0,0.0
589,Lucas,Gourna-Douath,Gourna-Douath,a,,,5.0,324,190,0.0,532,219,0.0,503,203,0,0,0,0,0,0,0,0.0,0.0,1.5,1.5,0.0,503,203,,,491,195,502,204,457,171,507,202,,,,,,,,0.0,0.0,0.0,0.0,0,0.0,0.0,0.0,0.0,2,0,0.0,0.0,0.0,0.0,0.0,0.0,0.0,0.0,0.0,0.0,0.0,0.0,0.0,0.0,16.0,71.0,0.0,0.0,0.0,0.0,0.0,0.0,0.0,0.0,0.0,0.0,0.0,0.0,0.0
617,Mohamed-Ali,Cho,Cho,a,,,5.0,338,198,0.0,619,273,0.0,512,210,0,0,0,0,0,0,0,0.0,0.0,1.5,1.5,0.0,512,210,,,500,202,512,211,469,178,516,209,,,,,,,,0.0,0.0,0.0,0.0,0,0.0,0.0,0.0,0.0,2,0,0.0,0.0,0.0,0.0,0.0,0.0,0.0,0.0,0.0,0.0,0.0,0.0,0.0,0.0,25.0,2.0,0.0,0.0,0.0,0.0,0.0,0.0,0.0,0.0,0.0,0.0,0.0,0.0,0.0
259,Issa,Diop,Diop,a,,,4.0,573,168,17.0,21,8,2.0,109,42,0,0,0,0,0,0,0,0.5,0.5,1.0,1.0,2.0,109,42,,,184,81,226,76,156,52,234,88,,,,,,,,0.0,0.01,0.01,0.66,0,0.0,1.0,1.0,5.0,2,0,0.0,0.0,0.0,0.0,0.0,0.0,0.0,0.0,0.0,0.0,0.0,0.0,0.0,0.0,3267.0,12539.0,0.0,0.0,0.0,0.0,0.0,0.0,0.0,0.0,0.0,0.0,0.0,0.0,0.0
267,Saša,Lukić,Lukić,a,,,5.0,268,165,0.1,397,156,5.0,66,26,0,0,0,0,0,0,0,1.0,1.0,1.5,1.5,5.0,66,26,,,71,24,82,52,167,82,102,53,4.0,,,,,,,0.0,0.02,0.02,0.66,0,0.0,1.0,1.0,6.0,2,0,0.0,0.0,0.0,0.0,0.0,0.0,0.0,0.0,0.0,0.0,0.0,0.0,0.0,0.0,206.0,390.0,0.0,0.0,0.0,0.0,0.0,0.0,0.0,0.0,0.0,0.0,0.0,0.0,0.0
300,Christian,Walton,Walton,a,,,4.5,417,27,0.5,254,34,0.0,353,44,0,0,0,0,0,0,0,0.0,0.0,1.9,1.9,0.0,353,44,,,340,44,343,26,269,26,357,44,,,,,,,,0.0,0.0,0.0,0.0,0,0.0,0.0,0.0,0.0,2,0,0.0,0.0,0.0,0.0,0.0,0.0,0.0,0.0,0.0,0.0,0.0,0.0,0.0,0.0,12.0,926.0,0.0,0.0,0.0,0.0,0.0,0.0,0.0,0.0,0.0,0.0,0.0,0.0,0.0
301,Alex,Palmer,Palmer,a,,,4.0,556,55,4.5,73,9,0.0,301,27,0,0,0,0,0,0,0,0.0,0.0,1.0,1.0,0.0,301,27,,,288,27,285,7,203,7,304,27,,,,,,,,0.0,0.0,0.0,0.0,0,0.0,0.0,0.0,0.0,2,0,0.0,0.0,0.0,0.0,0.0,0.0,0.0,0.0,0.0,0.0,0.0,0.0,0.0,0.0,1171.0,2780.0,0.0,0.0,0.0,0.0,0.0,0.0,0.0,0.0,0.0,0.0,0.0,0.0,0.0
302,David,Button,Button,a,,,4.0,550,52,0.4,264,36,0.0,296,24,0,0,0,0,0,0,0,0.0,0.0,1.0,1.0,0.0,296,24,,,283,24,280,4,198,4,299,24,,,,,,,,0.0,0.0,0.0,0.0,0,0.0,0.0,0.0,0.0,2,0,0.0,0.0,0.0,0.0,0.0,0.0,0.0,0.0,0.0,0.0,0.0,0.0,0.0,0.0,346.0,255.0,0.0,0.0,0.0,0.0,0.0,0.0,0.0,0.0,0.0,0.0,0.0,0.0,0.0
303,Cédric,Kipré,Kipré,a,,,4.0,567,163,0.6,238,90,0.0,307,102,0,0,0,0,0,0,0,0.0,0.0,1.0,1.0,0.0,307,102,,,294,107,293,108,212,74,311,108,,,,,,,,0.0,0.0,0.0,0.0,0,0.0,0.0,0.0,0.0,2,0,0.0,0.0,0.0,0.0,0.0,0.0,0.0,0.0,0.0,0.0,0.0,0.0,0.0,0.0,27.0,960.0,0.0,0.0,0.0,0.0,0.0,0.0,0.0,0.0,0.0,0.0,0.0,0.0,0.0
304,Dara,O'Shea,O'Shea,a,,,4.0,572,167,3.4,99,40,4.0,74,31,0,0,0,0,0,0,0,1.0,1.0,1.0,1.0,4.0,74,31,,,9,2,48,16,155,51,34,9,,,,,,,,0.0,0.16,0.16,0.66,0,0.0,1.0,1.0,18.0,2,0,0.0,0.0,0.0,0.0,0.0,0.0,0.0,0.0,0.0,0.0,0.0,0.0,0.0,0.0,2425.0,2838.0,0.0,0.0,0.0,0.0,0.0,0.0,0.0,0.0,0.0,0.0,0.0,0.0,0.0
305,Leif,Davis,Davis,a,,,4.0,586,177,4.9,70,29,2.0,111,44,0,0,0,0,0,0,0,0.5,0.5,1.0,1.0,2.0,111,44,,,111,50,176,52,226,83,190,75,2.0,2.0,,,,,,0.0,0.01,0.01,0.66,0,0.0,1.0,1.0,7.0,2,0,0.0,0.0,0.0,0.0,0.0,0.0,0.0,0.0,0.0,0.0,0.0,0.0,0.0,0.0,953.0,3854.0,0.0,0.0,0.0,0.0,0.0,0.0,0.0,0.0,0.0,0.0,0.0,0.0,0.0
306,Jacob,Greaves,Greaves,a,,,4.0,584,175,1.4,163,67,2.0,110,43,0,0,0,0,0,0,0,0.5,0.5,1.0,1.0,2.0,110,43,,,105,45,204,65,225,82,189,74,,,,,,,,0.0,0.0,0.0,0.66,0,0.0,1.0,1.0,7.0,2,0,0.0,0.0,0.0,0.0,0.0,0.0,0.0,0.0,0.0,0.0,0.0,0.0,0.0,0.0,191.0,1376.0,0.0,0.0,0.0,0.0,0.0,0.0,0.0,0.0,0.0,0.0,0.0,0.0,0.0
307,Ben,Johnson,Johnson,a,,,4.0,575,170,0.1,414,147,0.0,312,106,0,0,0,0,0,0,0,0.0,0.0,1.0,1.0,0.0,312,106,,,299,111,298,112,218,79,316,112,,,,,,,,0.0,0.0,0.0,0.0,0,0.0,0.0,0.0,0.0,2,0,0.0,0.0,0.0,0.0,0.0,0.0,0.0,0.0,0.0,0.0,0.0,0.0,0.0,0.0,47.0,133.0,0.0,0.0,0.0,0.0,0.0,0.0,0.0,0.0,0.0,0.0,0.0,0.0,0.0
308,Darnell,Furlong,Furlong,a,,,4.0,566,162,0.6,240,91,0.0,306,101,0,0,0,0,0,0,0,0.0,0.0,1.0,1.0,0.0,306,101,,,293,106,292,107,211,73,310,107,,,,,,,,0.0,0.0,0.0,0.0,0,0.0,0.0,0.0,0.0,2,0,0.0,0.0,0.0,0.0,0.0,0.0,0.0,0.0,0.0,0.0,0.0,0.0,0.0,0.0,31.0,856.0,0.0,0.0,0.0,0.0,0.0,0.0,0.0,0.0,0.0,0.0,0.0,0.0,0.0
309,Marcelino,Núñez,Núñez,a,,,5.0,348,202,0.1,383,148,4.0,75,31,0,0,0,0,0,0,0,0.8,0.8,1.5,1.5,4.0,75,31,,,135,45,131,77,133,66,155,70,1.0,1.0,,,,,,0.03,0.03,0.06,0.72,0,0.0,1.14,1.14,13.67,2,0,0.0,0.0,0.0,0.0,0.0,0.0,0.0,0.0,0.0,0.0,0.0,0.0,0.0,0.0,201.0,314.0,0.0,0.0,0.0,0.0,0.0,0.0,0.0,0.0,0.0,0.0,0.0,0.0,0.0
310,Azor,Matusiwa,Matusiwa,i,Muscular injury - Unknown return date,,5.0,293,176,0.0,608,265,0.0,481,191,0,0,0,0,0,0,0,0.0,0.0,0.0,0.0,0.0,481,191,0.0,0.0,470,183,479,192,430,157,486,190,,,,,,,,0.0,0.0,0.0,0.0,0,0.0,0.0,0.0,0.0,2,0,0.0,0.0,0.0,0.0,0.0,0.0,0.0,0.0,0.0,0.0,0.0,0.0,0.0,0.0,2.0,14.0,0.0,0.0,0.0,0.0,0.0,0.0,0.0,0.0,0.0,0.0,0.0,0.0,0.0
311,Wes,Burns,Burns,u,Has joined Leicester City permanently,,5.0,243,146,0.0,602,260,0.0,452,173,0,0,0,0,0,0,0,0.0,0.0,0.0,0.0,0.0,452,173,0.0,0.0,442,166,450,176,390,135,458,173,,,,,,,,0.0,0.0,0.0,0.0,0,0.0,0.0,0.0,0.0,2,0,0.0,0.0,0.0,0.0,0.0,0.0,0.0,0.0,0.0,0.0,0.0,0.0,0.0,0.0,0.0,12.0,0.0,0.0,0.0,0.0,0.0,0.0,0.0,0.0,0.0,0.0,0.0,0.0,0.0
312,Jack,Taylor,Taylor,i,Knee injury - Unknown return date,,4.5,456,248,0.0,508,212,0.0,376,146,0,0,0,0,0,0,0,0.0,0.0,0.0,0.0,0.0,376,146,0.0,0.0,363,139,367,149,297,105,380,146,,,,,,,,0.0,0.0,0.0,0.0,0,0.0,0.0,0.0,0.0,2,0,0.0,0.0,0.0,0.0,0.0,0.0,0.0,0.0,0.0,0.0,0.0,0.0,0.0,0.0,19.0,85.0,0.0,0.0,0.0,0.0,0.0,0.0,0.0,0.0,0.0,0.0,0.0,0.0,0.0
313,Jack,Clarke,Clarke,a,,,5.5,168,105,0.3,299,101,7.0,39,19,0,0,0,0,0,0,0,1.3,1.3,2.0,2.0,7.0,39,19,,,40,18,245,130,51,26,72,39,3.0,3.0,1.0,,,,,0.47,0.0,0.47,0.14,0,0.0,0.0,0.0,9.47,2,0,0.0,0.0,0.0,0.0,0.0,0.0,0.0,0.0,0.0,0.0,0.0,0.0,0.0,0.0,420.0,490.0,0.0,0.0,0.0,0.0,0.0,0.0,0.0,0.0,0.0,0.0,0.0,0.0,0.0
314,Chiedozie,Ogbene,Ogbene,a,,,5.0,285,171,0.0,569,239,0.0,474,186,0,0,0,0,0,0,0,0.0,0.0,1.5,1.5,0.0,474,186,,,465,180,474,189,424,154,481,187,,,,,,,,0.0,0.0,0.0,0.0,0,0.0,0.0,0.0,0.0,2,0,0.0,0.0,0.0,0.0,0.0,0.0,0.0,0.0,0.0,0.0,0.0,0.0,0.0,0.0,3.0,44.0,0.0,0.0,0.0,0.0,0.0,0.0,0.0,0.0,0.0,0.0,0.0,0.0,0.0
315,Abdul,Fatawu,Fatawu,a,,,5.5,202,127,0.2,330,117,2.0,147,71,0,0,0,0,0,0,0,0.4,0.4,2.0,2.0,2.0,147,71,,,93,32,31,23,97,48,64,33,,,,,,,,0.0,0.57,0.57,0.87,0,0.0,1.38,1.38,9.69,2,0,0.0,0.0,0.0,0.0,0.0,0.0,0.0,0.0,0.0,0.0,0.0,0.0,0.0,0.0,61.0,490.0,0.0,0.0,0.0,0.0,0.0,0.0,0.0,0.0,0.0,0.0,0.0,0.0,0.0
316,Emersonn,Correia da Silva,Emersonn,a,,,5.5,204,44,1.8,138,22,9.0,24,2,0,0,0,0,0,0,0,1.6,1.6,1.8,1.8,9.0,24,2,,,13,2,42,1,15,5,10,1,,,2.0,,,,,1.14,0.08,1.22,0.87,0,0.0,1.38,1.38,4.15,2,0,0.0,0.0,0.0,0.0,0.0,0.0,0.0,0.0,0.0,0.0,0.0,0.0,0.0,0.0,9097.0,3185.0,0.0,0.0,0.0,0.0,0.0,0.0,0.0,0.0,0.0,0.0,0.0,0.0,0.0
317,George,Hirst,Hirst,u,Has joined Stoke City permanently,,5.0,281,51,0.2,368,54,0.0,471,46,0,0,0,0,0,0,0,0.0,0.0,0.0,0.0,0.0,471,46,0.0,0.0,463,36,472,44,420,42,479,45,,,,,,,,0.0,0.0,0.0,0.0,0,0.0,0.0,0.0,0.0,2,0,0.0,0.0,0.0,0.0,0.0,0.0,0.0,0.0,0.0,0.0,0.0,0.0,0.0,0.0,0.0,1000.0,0.0,0.0,0.0,0.0,0.0,0.0,0.0,0.0,0.0,0.0,0.0,0.0,0.0
318,Jaden,Philogene,Philogene,i,Ankle injury - Unknown return date,,5.5,187,115,0.1,396,155,0.0,571,244,0,0,0,0,0,0,0,0.0,0.0,0.0,2.0,0.0,571,244,0.0,0.0,561,238,574,246,558,234,575,244,5.0,,3.0,,,,,0.0,0.0,0.0,0.0,0,0.0,0.0,0.0,0.0,2,0,0.0,0.0,0.0,0.0,0.0,0.0,0.0,0.0,0.0,0.0,0.0,0.0,0.0,0.0,1.0,865.0,0.0,0.0,0.0,0.0,0.0,0.0,0.0,0.0,0.0,0.0,0.0,0.0,0.0
319,Sam,Szmodics,Szmodics,u,Has joined Derby County on loan for the rest of the season,,5.0,251,153,0.0,596,255,0.0,458,178,0,0,0,0,0,0,0,0.0,0.0,0.0,0.0,0.0,458,178,0.0,0.0,448,171,456,181,398,142,464,178,,,,,,,,0.0,0.0,0.0,0.0,0,0.0,0.0,0.0,0.0,2,0,0.0,0.0,0.0,0.0,0.0,0.0,0.0,0.0,0.0,0.0,0.0,0.0,0.0,0.0,0.0,34.0,0.0,0.0,0.0,0.0,0.0,0.0,0.0,0.0,0.0,0.0,0.0,0.0,0.0
320,Chuba,Akpom,Akpom,a,,,5.0,242,49,0.5,249,39,1.0,210,20,0,0,0,0,0,0,0,0.2,0.2,1.4,1.4,1.0,210,20,,,258,21,449,43,165,26,276,29,,,,,,,,0.0,0.0,0.0,0.11,0,0.0,0.0,0.0,11.25,2,0,0.0,0.0,0.0,0.0,0.0,0.0,0.0,0.0,0.0,0.0,0.0,0.0,0.0,0.0,579.0,1015.0,0.0,0.0,0.0,0.0,0.0,0.0,0.0,0.0,0.0,0.0,0.0,0.0,0.0
321,Sindre,Walle Egeli,Walle Egeli,a,,,4.5,517,67,2.5,116,18,1.0,204,19,0,0,0,0,0,0,0,0.2,0.2,1.0,1.0,1.0,204,19,,,404,29,274,31,349,35,420,38,,,,,,,,0.0,0.0,0.0,0.27,0,0.0,0.0,0.0,0.0,2,0,0.0,0.0,0.0,0.0,0.0,0.0,0.0,0.0,0.0,0.0,0.0,0.0,0.0,0.0,7760.0,3948.0,0.0,0.0,0.0,0.0,0.0,0.0,0.0,0.0,0.0,0.0,0.0,0.0,0.0
322,Ali,Al-Hamadi,Al-Hamadi,u,Has joined Sheffield Wednesday on loan for the rest of the season,,5.0,316,54,0.1,398,58,0.0,500,48,0,0,0,0,0,0,0,0.0,0.0,0.0,1.4,0.0,500,48,0.0,0.0,488,38,498,46,451,45,504,47,,,,,,,,0.0,0.0,0.0,0.0,0,0.0,0.0,0.0,0.0,2,0,0.0,0.0,0.0,0.0,0.0,0.0,0.0,0.0,0.0,0.0,0.0,0.0,0.0,0.0,0.0,771.0,0.0,0.0,0.0,0.0,0.0,0.0,0.0,0.0,0.0,0.0,0.0,0.0,0.0
323,Kasey,McAteer,McAteer,a,,,4.5,476,250,1.3,166,49,1.0,194,88,0,0,0,0,0,0,0,0.2,0.2,1.0,1.0,1.0,194,88,,,261,120,205,116,312,107,274,128,,,,,,,,0.0,0.0,0.0,0.11,0,0.0,0.0,0.0,11.25,2,0,0.0,0.0,0.0,0.0,0.0,0.0,0.0,0.0,0.0,0.0,0.0,0.0,0.0,0.0,693.0,1775.0,0.0,0.0,0.0,0.0,0.0,0.0,0.0,0.0,0.0,0.0,0.0,0.0,0.0
324,Anis,Mehmeti,Mehmeti,a,,,5.0,289,173,0.0,491,203,0.0,477,188,0,0,0,0,0,0,0,0.0,0.0,1.5,1.5,0.0,477,188,,,468,182,477,191,428,156,484,189,,,,,,,,0.0,0.0,0.0,0.0,0,0.0,0.0,0.0,0.0,2,0,0.0,0.0,0.0,0.0,0.0,0.0,0.0,0.0,0.0,0.0,0.0,0.0,0.0,0.0,3.0,124.0,0.0,0.0,0.0,0.0,0.0,0.0,0.0,0.0,0.0,0.0,0.0,0.0,0.0
554,Kayne,van Oevelen,Van Oevelen,u,Has joined Valencia on loan for the rest of the season,,4.5,508,46,0.0,528,59,0.0,408,57,0,0,0,0,0,0,0,0.0,0.0,0.0,1.9,0.0,408,57,0.0,0.0,396,57,403,45,341,45,412,57,,,,,,,,0.0,0.0,0.0,0.0,0,0.0,0.0,0.0,0.0,2,0,0.0,0.0,0.0,0.0,0.0,0.0,0.0,0.0,0.0,0.0,0.0,0.0,0.0,0.0,0.0,109.0,0.0,0.0,0.0,0.0,0.0,0.0,0.0,0.0,0.0,0.0,0.0,0.0,0.0
562,Daizen,Maeda,Maeda,a,,,5.5,167,104,0.4,279,91,2.0,143,67,0,0,0,0,0,0,0,0.4,0.4,2.0,2.0,2.0,143,67,,,139,47,203,115,110,57,173,79,,,,,,,,0.69,0.0,0.69,0.72,0,0.0,1.14,1.14,10.25,2,0,0.0,0.0,0.0,0.0,0.0,0.0,0.0,0.0,0.0,0.0,0.0,0.0,0.0,0.0,65.0,819.0,0.0,0.0,0.0,0.0,0.0,0.0,0.0,0.0,0.0,0.0,0.0,0.0,0.0
564,Kjell,Scherpen,Scherpen,a,,,4.5,459,36,0.6,236,32,2.0,114,9,0,0,0,0,0,0,0,0.4,0.4,1.9,1.9,2.0,114,9,,,118,16,369,35,299,35,214,16,,,,,,,,0.0,0.0,0.0,0.66,2,0.0,1.0,1.0,0.0,2,0,0.0,0.0,0.0,0.0,0.0,0.0,0.0,0.0,0.0,0.0,0.0,0.0,0.0,0.0,170.0,860.0,0.0,0.0,0.0,0.0,0.0,0.0,0.0,0.0,0.0,0.0,0.0,0.0,0.0
571,Florentino Ibrain,Morris Luís,Florentino,d,Calf injury - 75% chance of playing,,5.0,274,167,0.1,401,158,0.0,466,183,0,0,0,0,0,0,0,0.0,0.0,1.1,1.5,0.0,466,183,75.0,75.0,458,177,467,186,414,150,474,184,,,,,,,,0.0,0.0,0.0,0.0,0,0.0,0.0,0.0,0.0,2,0,0.0,0.0,0.0,0.0,0.0,0.0,0.0,0.0,0.0,0.0,0.0,0.0,0.0,0.0,12.0,521.0,0.0,0.0,0.0,0.0,0.0,0.0,0.0,0.0,0.0,0.0,0.0,0.0,0.0
591,Julio,Enciso,Enciso,a,,,5.5,182,112,0.5,256,87,5.0,71,29,0,0,0,0,0,0,0,0.9,0.9,2.0,2.0,5.0,71,29,100.0,100.0,77,25,88,56,52,27,68,36,,,,,,,,0.3,0.4,0.7,0.81,0,0.0,1.29,1.29,10.29,2,0,0.0,0.0,0.0,0.0,0.0,0.0,0.0,0.0,0.0,0.0,0.0,0.0,0.0,0.0,3509.0,735.0,0.0,0.0,0.0,0.0,0.0,0.0,0.0,0.0,0.0,0.0,0.0,0.0,0.0
592,Abdoul,Ouattara,Ouattara,a,,,4.0,607,194,1.0,192,74,1.0,180,60,0,0,0,0,0,0,0,0.2,0.2,1.0,1.0,1.0,180,60,,,208,90,123,37,246,99,207,80,,,,,,,,0.0,0.0,0.0,0.27,0,0.0,0.0,0.0,18.0,2,0,0.0,0.0,0.0,0.0,0.0,0.0,0.0,0.0,0.0,0.0,0.0,0.0,0.0,0.0,244.0,1027.0,0.0,0.0,0.0,0.0,0.0,0.0,0.0,0.0,0.0,0.0,0.0,0.0,0.0
602,Cameron,Humphreys,Humphreys,a,,,4.5,506,258,0.0,529,218,0.0,406,154,0,0,0,0,0,0,0,0.0,0.0,1.0,1.0,0.0,406,154,,,394,147,401,157,339,115,410,154,,,,,,,,0.0,0.0,0.0,0.0,0,0.0,0.0,0.0,0.0,2,0,0.0,0.0,0.0,0.0,0.0,0.0,0.0,0.0,0.0,0.0,0.0,0.0,0.0,0.0,125.0,33.0,0.0,0.0,0.0,0.0,0.0,0.0,0.0,0.0,0.0,0.0,0.0,0.0,0.0
619,Exequiel,Palacios,Palacios,a,,,5.0,275,168,0.0,617,271,0.0,467,184,0,0,0,0,0,0,0,0.0,0.0,1.5,1.5,0.0,467,184,,,459,178,468,187,415,151,475,185,,,,,,,,0.0,0.0,0.0,0.0,0,0.0,0.0,0.0,0.0,2,0,0.0,0.0,0.0,0.0,0.0,0.0,0.0,0.0,0.0,0.0,0.0,0.0,0.0,0.0,89.0,5.0,0.0,0.0,0.0,0.0,0.0,0.0,0.0,0.0,0.0,0.0,0.0,0.0,0.0
260,Harry,Wilson,Wilson,a,,,6.5,34,22,5.6,66,22,3.0,106,48,0,0,0,0,0,0,0,0.5,0.5,2.3,2.3,3.0,106,48,,,199,80,79,50,143,72,150,68,2.0,,,,,,,0.0,0.03,0.03,0.73,0,1.38,0.0,1.38,2.77,2,0,0.0,0.0,0.0,0.0,0.0,0.0,0.0,0.0,0.0,0.0,0.0,0.0,0.0,0.0,2096.0,11675.0,0.0,0.0,0.0,0.0,0.0,0.0,0.0,0.0,0.0,0.0,0.0,0.0,0.0
326,Lucas Estella,Perri,Perri,a,,,4.5,439,33,0.5,245,33,0.0,366,50,0,0,0,0,0,0,0,0.0,0.0,1.9,1.9,0.0,366,50,,,353,50,357,32,285,32,370,50,,,,,,,,0.0,0.0,0.0,0.0,0,0.0,0.0,0.0,0.0,2,0,0.0,0.0,0.0,0.0,0.0,0.0,0.0,0.0,0.0,0.0,0.0,0.0,0.0,0.0,35.0,1077.0,0.0,0.0,0.0,0.0,0.0,0.0,0.0,0.0,0.0,0.0,0.0,0.0,0.0
327,Jaka,Bijol,Bijol,a,,,5.0,302,54,1.0,197,75,10.0,16,7,0,0,0,0,0,0,0,2.0,2.0,2.2,2.2,10.0,16,7,,,70,31,254,92,68,18,104,35,,,,,,,,0.11,0.0,0.11,0.66,0,1.0,0.0,1.0,12.0,2,0,0.0,0.0,0.0,0.0,0.0,0.0,0.0,0.0,0.0,0.0,0.0,0.0,0.0,0.0,8049.0,1531.0,0.0,0.0,0.0,0.0,0.0,0.0,0.0,0.0,0.0,0.0,0.0,0.0,0.0
329,Joe,Rodon,Rodon,a,,,4.5,442,101,3.6,92,36,6.0,46,19,0,0,0,0,0,0,0,1.3,1.3,1.7,1.7,6.0,46,19,,,117,54,86,25,122,38,118,43,,,,,,,,0.03,0.06,0.09,0.66,0,1.0,0.0,1.0,7.0,2,0,0.0,0.0,0.0,0.0,0.0,0.0,0.0,0.0,0.0,0.0,0.0,0.0,0.0,0.0,4914.0,2618.0,0.0,0.0,0.0,0.0,0.0,0.0,0.0,0.0,0.0,0.0,0.0,0.0,0.0
330,Jayden,Bogle,Bogle,a,,,4.5,451,109,0.6,243,92,6.0,48,21,0,0,0,0,0,0,0,1.3,1.3,1.7,1.7,6.0,48,21,,,189,84,219,73,293,127,243,93,,,,,,,,0.0,0.0,0.0,0.66,0,1.0,0.0,1.0,3.0,2,0,0.0,0.0,0.0,0.0,0.0,0.0,0.0,0.0,0.0,0.0,0.0,0.0,0.0,0.0,752.0,684.0,0.0,0.0,0.0,0.0,0.0,0.0,0.0,0.0,0.0,0.0,0.0,0.0,0.0
331,Gabriel,Gudmundsson,Gudmundsson,d,Hamstring injury - 75% chance of playing,,4.5,463,117,0.0,497,174,0.0,381,149,0,0,0,0,0,0,0,0.0,0.0,1.3,0.0,0.0,381,149,75.0,75.0,367,153,372,157,303,133,384,154,,,,,,,,0.0,0.0,0.0,0.0,0,0.0,0.0,0.0,0.0,2,0,0.0,0.0,0.0,0.0,0.0,0.0,0.0,0.0,0.0,0.0,0.0,0.0,0.0,0.0,10.0,102.0,0.0,0.0,0.0,0.0,0.0,0.0,0.0,0.0,0.0,0.0,0.0,0.0,0.0
332,James,Justin,Justin,a,,,4.5,446,105,1.2,176,71,10.0,14,6,0,0,0,0,0,0,0,2.2,2.2,1.7,1.7,10.0,14,6,,,66,28,177,53,159,55,134,52,,,,,,,,0.0,0.01,0.01,0.66,0,1.0,0.0,1.0,12.0,2,0,0.0,0.0,0.0,0.0,0.0,0.0,0.0,0.0,0.0,0.0,0.0,0.0,0.0,0.0,9625.0,2036.0,0.0,0.0,0.0,0.0,0.0,0.0,0.0,0.0,0.0,0.0,0.0,0.0,0.0
333,Sebastiaan,Bornauw,Bornauw,u,Has joined Hamburg SV on loan for the rest of the season,,4.5,471,124,0.0,607,203,0.0,386,153,0,0,0,0,0,0,0,0.0,0.0,0.0,0.0,0.0,386,153,0.0,0.0,372,157,376,160,309,138,389,158,,,,,,,,0.0,0.0,0.0,0.0,0,0.0,0.0,0.0,0.0,2,0,0.0,0.0,0.0,0.0,0.0,0.0,0.0,0.0,0.0,0.0,0.0,0.0,0.0,0.0,0.0,21.0,0.0,0.0,0.0,0.0,0.0,0.0,0.0,0.0,0.0,0.0,0.0,0.0,0.0
334,Tarik,Muharemović,Muharemović,a,,,5.0,360,72,3.4,101,42,6.0,53,22,0,0,0,0,0,0,0,1.2,1.2,2.2,2.2,6.0,53,22,,,108,48,241,87,56,15,123,46,,,,,,,,0.09,0.0,0.09,0.66,0,1.0,0.0,1.0,7.0,2,0,0.0,0.0,0.0,0.0,0.0,0.0,0.0,0.0,0.0,0.0,0.0,0.0,0.0,0.0,3015.0,2477.0,0.0,0.0,0.0,0.0,0.0,0.0,0.0,0.0,0.0,0.0,0.0,0.0,0.0
335,Anton,Stach,Stach,a,,,6.0,92,59,2.6,113,35,13.0,7,3,0,0,0,0,0,0,0,2.2,2.2,2.2,2.2,13.0,7,3,,,10,7,179,105,65,35,47,29,1.0,1.0,,,,,,0.1,0.05,0.15,0.66,0,1.0,0.0,1.0,16.0,2,0,0.0,0.0,0.0,0.0,0.0,0.0,0.0,0.0,0.0,0.0,0.0,0.0,0.0,0.0,19203.0,2667.0,0.0,0.0,0.0,0.0,0.0,0.0,0.0,0.0,0.0,0.0,0.0,0.0,0.0
336,Noah,Okafor,Okafor,a,,,6.0,80,52,0.4,272,88,1.0,278,129,0,0,0,0,0,0,0,0.2,0.2,2.2,2.2,1.0,278,129,,,164,61,89,57,140,70,141,63,,,,,,,,0.0,0.6,0.6,0.49,0,0.0,0.0,0.0,18.75,2,0,0.0,0.0,0.0,0.0,0.0,0.0,0.0,0.0,0.0,0.0,0.0,0.0,0.0,0.0,217.0,1949.0,0.0,0.0,0.0,0.0,0.0,0.0,0.0,0.0,0.0,0.0,0.0,0.0,0.0
337,Brenden,Aaronson,Aaronson,a,,,5.5,158,98,0.9,211,71,3.0,97,40,0,0,0,0,0,0,0,0.5,0.5,2.0,2.0,3.0,97,40,,,179,70,221,123,109,56,203,91,,3.0,,,,,,0.01,0.01,0.02,0.64,0,1.11,0.0,1.11,7.78,2,0,0.0,0.0,0.0,0.0,0.0,0.0,0.0,0.0,0.0,0.0,0.0,0.0,0.0,0.0,455.0,1701.0,0.0,0.0,0.0,0.0,0.0,0.0,0.0,0.0,0.0,0.0,0.0,0.0,0.0
338,Ethan,Ampadu,Ampadu,a,,,5.5,134,83,1.3,167,50,5.0,69,28,0,0,0,0,0,0,0,0.9,0.9,2.0,2.0,5.0,69,28,,,91,31,51,33,527,214,97,50,,,,,,,,0.0,0.04,0.04,0.66,0,1.0,0.0,1.0,13.0,2,0,0.0,0.0,0.0,0.0,0.0,0.0,0.0,0.0,0.0,0.0,0.0,0.0,0.0,0.0,940.0,1588.0,0.0,0.0,0.0,0.0,0.0,0.0,0.0,0.0,0.0,0.0,0.0,0.0,0.0
339,Sean,Longstaff,Longstaff,a,,,5.0,254,154,0.1,395,154,1.0,211,90,0,0,0,0,0,0,0,0.2,0.2,1.5,1.5,1.0,211,90,,,450,172,268,142,401,143,466,179,3.0,2.0,,,,,,0.0,0.0,0.0,0.79,0,0.0,0.0,0.0,0.0,2,0,0.0,0.0,0.0,0.0,0.0,0.0,0.0,0.0,0.0,0.0,0.0,0.0,0.0,0.0,72.0,248.0,0.0,0.0,0.0,0.0,0.0,0.0,0.0,0.0,0.0,0.0,0.0,0.0,0.0
341,Wilfried,Gnonto,Gnonto,d,Hamstring injury - 75% chance of playing,,5.0,341,199,0.0,567,237,0.0,515,211,0,0,0,0,0,0,0,0.0,0.0,1.1,0.0,0.0,515,211,75.0,75.0,503,203,515,212,472,179,519,210,,,,,,,,0.0,0.0,0.0,0.0,0,0.0,0.0,0.0,0.0,2,0,0.0,0.0,0.0,0.0,0.0,0.0,0.0,0.0,0.0,0.0,0.0,0.0,0.0,0.0,4.0,54.0,0.0,0.0,0.0,0.0,0.0,0.0,0.0,0.0,0.0,0.0,0.0,0.0,0.0
342,Jack,Harrison,Harrison,u,Has joined New England Revolution permanently,,5.0,278,169,0.0,618,272,0.0,468,185,0,0,0,0,0,0,0,0.0,0.0,0.0,0.0,0.0,468,185,0.0,0.0,460,179,469,188,417,152,476,186,,,,,,,,0.0,0.0,0.0,0.0,0,0.0,0.0,0.0,0.0,2,0,0.0,0.0,0.0,0.0,0.0,0.0,0.0,0.0,0.0,0.0,0.0,0.0,0.0,0.0,0.0,2.0,0.0,0.0,0.0,0.0,0.0,0.0,0.0,0.0,0.0,0.0,0.0,0.0,0.0
343,Daniel,James,James,a,,,5.0,257,157,0.1,403,159,0.0,461,180,0,0,0,0,0,0,0,0.0,0.0,1.5,1.5,0.0,461,180,,,452,174,460,183,403,145,468,181,,,,,,,,0.0,0.0,0.0,0.0,0,0.0,0.0,0.0,0.0,2,0,0.0,0.0,0.0,0.0,0.0,0.0,0.0,0.0,0.0,0.0,0.0,0.0,0.0,0.0,174.0,253.0,0.0,0.0,0.0,0.0,0.0,0.0,0.0,0.0,0.0,0.0,0.0,0.0,0.0
344,Ilia,Gruev,Gruev,i,Knee injury - Unknown return date,,5.0,330,192,0.0,603,261,0.0,505,204,0,0,0,0,0,0,0,0.0,0.0,0.0,0.0,0.0,505,204,0.0,0.0,493,196,505,205,461,172,509,203,,,,,,,,0.0,0.0,0.0,0.0,0,0.0,0.0,0.0,0.0,2,0,0.0,0.0,0.0,0.0,0.0,0.0,0.0,0.0,0.0,0.0,0.0,0.0,0.0,0.0,2.0,9.0,0.0,0.0,0.0,0.0,0.0,0.0,0.0,0.0,0.0,0.0,0.0,0.0,0.0
345,Tanaka,Ao,Tanaka,a,,,5.0,296,178,0.2,332,118,0.0,484,193,0,0,0,0,0,0,0,0.0,0.0,1.5,1.5,0.0,484,193,,,473,185,482,194,433,159,489,192,4.0,,,,,,,0.0,0.0,0.0,0.0,0,0.0,0.0,0.0,0.0,2,0,0.0,0.0,0.0,0.0,0.0,0.0,0.0,0.0,0.0,0.0,0.0,0.0,0.0,0.0,99.0,598.0,0.0,0.0,0.0,0.0,0.0,0.0,0.0,0.0,0.0,0.0,0.0,0.0,0.0
346,Dominic,Calvert-Lewin,Calvert-Lewin,a,,,6.0,64,16,28.5,9,3,1.0,273,32,0,0,0,0,0,0,0,0.2,0.2,2.0,2.0,1.0,273,32,,,584,61,233,27,84,15,249,25,,,1.0,,,,,0.13,0.0,0.13,0.66,0,1.0,0.0,1.0,2.0,2,0,0.0,0.0,0.0,0.0,0.0,0.0,0.0,0.0,0.0,0.0,0.0,0.0,0.0,0.0,15984.0,40806.0,0.0,0.0,0.0,0.0,0.0,0.0,0.0,0.0,0.0,0.0,0.0,0.0,0.0
347,Lukas,Nmecha,Nmecha,a,,,5.5,127,33,0.5,251,41,0.0,545,57,0,0,0,0,0,0,0,0.0,0.0,1.8,1.8,0.0,545,57,,,535,47,550,55,521,54,551,56,,,2.0,,,,,0.0,0.0,0.0,0.0,0,0.0,0.0,0.0,0.0,2,0,0.0,0.0,0.0,0.0,0.0,0.0,0.0,0.0,0.0,0.0,0.0,0.0,0.0,0.0,282.0,1734.0,0.0,0.0,0.0,0.0,0.0,0.0,0.0,0.0,0.0,0.0,0.0,0.0,0.0
348,Joël,Piroe,Piroe,u,Has joined West Ham United on loan for the rest of the season,,5.0,292,53,0.1,402,59,0.0,480,47,0,0,0,0,0,0,0,0.0,0.0,0.0,0.0,0.0,480,47,0.0,0.0,469,37,478,45,429,44,485,46,,,3.0,,,,,0.0,0.0,0.0,0.0,0,0.0,0.0,0.0,0.0,2,0,0.0,0.0,0.0,0.0,0.0,0.0,0.0,0.0,0.0,0.0,0.0,0.0,0.0,0.0,0.0,428.0,0.0,0.0,0.0,0.0,0.0,0.0,0.0,0.0,0.0,0.0,0.0,0.0,0.0
349,Mateo,Joseph Fernández-Regatillo,Mateo Joseph,i,Knee injury - Unknown return date,,4.5,518,68,0.1,479,63,0.0,416,40,0,0,0,0,0,0,0,0.0,0.0,0.0,0.0,0.0,416,40,0.0,0.0,405,30,411,37,350,36,421,39,,,,,,,,0.0,0.0,0.0,0.0,0,0.0,0.0,0.0,0.0,2,0,0.0,0.0,0.0,0.0,0.0,0.0,0.0,0.0,0.0,0.0,0.0,0.0,0.0,0.0,48.0,133.0,0.0,0.0,0.0,0.0,0.0,0.0,0.0,0.0,0.0,0.0,0.0,0.0,0.0
385,James,Trafford,Trafford,a,,,5.0,300,14,4.4,74,10,9.0,21,2,0,0,0,0,0,0,0,1.8,1.8,2.6,2.6,9.0,21,2,,,87,13,484,57,437,57,185,13,,,,,,,,0.0,0.0,0.0,0.66,3,1.0,0.0,1.0,0.0,2,0,0.0,0.0,0.0,0.0,0.0,0.0,0.0,0.0,0.0,0.0,0.0,0.0,0.0,0.0,9457.0,2957.0,0.0,0.0,0.0,0.0,0.0,0.0,0.0,0.0,0.0,0.0,0.0,0.0,0.0
598,Nico,Elvedi,Elvedi,a,,,4.5,431,93,0.0,538,185,0.0,362,136,0,0,0,0,0,0,0,0.0,0.0,1.7,1.7,0.0,362,136,,,349,141,353,145,279,117,366,142,,,,,,,,0.0,0.0,0.0,0.0,0,0.0,0.0,0.0,0.0,2,0,0.0,0.0,0.0,0.0,0.0,0.0,0.0,0.0,0.0,0.0,0.0,0.0,0.0,0.0,48.0,47.0,0.0,0.0,0.0,0.0,0.0,0.0,0.0,0.0,0.0,0.0,0.0,0.0,0.0
603,Jayden,Lienou,Lienou,a,,,4.0,618,204,0.1,453,163,0.0,345,130,0,0,0,0,0,0,0,0.0,0.0,1.0,1.0,0.0,345,130,,,332,135,333,138,256,108,349,136,,,,,,,,0.0,0.0,0.0,0.0,0,0.0,0.0,0.0,0.0,2,0,0.0,0.0,0.0,0.0,0.0,0.0,0.0,0.0,0.0,0.0,0.0,0.0,0.0,0.0,118.0,34.0,0.0,0.0,0.0,0.0,0.0,0.0,0.0,0.0,0.0,0.0,0.0,0.0,0.0
604,Alfie,Cresswell,Cresswell,a,,,4.5,529,265,0.1,454,180,0.0,424,160,0,0,0,0,0,0,0,0.0,0.0,1.0,1.0,0.0,424,160,,,413,153,419,163,359,121,429,160,,,,,,,,0.0,0.0,0.0,0.0,0,0.0,0.0,0.0,0.0,2,0,0.0,0.0,0.0,0.0,0.0,0.0,0.0,0.0,0.0,0.0,0.0,0.0,0.0,0.0,371.0,80.0,0.0,0.0,0.0,0.0,0.0,0.0,0.0,0.0,0.0,0.0,0.0,0.0,0.0
350,Alisson,Becker,A.Becker,a,,,5.5,120,3,3.8,89,14,2.0,137,15,0,0,0,0,0,0,0,0.4,0.4,3.3,3.3,2.0,137,15,,,98,14,547,66,517,66,193,14,,,,,,,,0.0,0.0,0.0,1.58,3,0.0,2.0,1.0,0.0,2,0,0.0,0.0,0.0,0.0,0.0,0.0,0.0,0.0,0.0,0.0,0.0,0.0,0.0,0.0,4802.0,3305.0,0.0,0.0,0.0,0.0,0.0,0.0,0.0,0.0,0.0,0.0,0.0,0.0,0.0
351,Giorgi,Mamardashvili,Mamardashvili,a,,,5.0,310,17,0.2,377,41,0.0,494,67,0,0,0,0,0,0,0,0.0,0.0,2.6,2.6,0.0,494,67,,,483,67,493,60,446,60,499,67,,,,,,,,0.0,0.0,0.0,0.0,0,0.0,0.0,0.0,0.0,2,0,0.0,0.0,0.0,0.0,0.0,0.0,0.0,0.0,0.0,0.0,0.0,0.0,0.0,0.0,69.0,197.0,0.0,0.0,0.0,0.0,0.0,0.0,0.0,0.0,0.0,0.0,0.0,0.0,0.0
352,Freddie,Woodman,Woodman,a,,,4.0,559,56,1.1,188,28,0.0,303,28,0,0,0,0,0,0,0,0.0,0.0,1.0,1.0,0.0,303,28,,,290,28,287,8,205,8,306,28,,,,,,,,0.0,0.0,0.0,0.0,0,0.0,0.0,0.0,0.0,2,0,0.0,0.0,0.0,0.0,0.0,0.0,0.0,0.0,0.0,0.0,0.0,0.0,0.0,0.0,490.0,665.0,0.0,0.0,0.0,0.0,0.0,0.0,0.0,0.0,0.0,0.0,0.0,0.0,0.0
353,Armin,Pecsi,Pecsi,u,Has joined TSV Hartberg on loan for the rest of the season,,4.0,612,68,0.0,541,62,0.0,341,40,0,0,0,0,0,0,0,0.0,0.0,0.0,0.0,0.0,341,40,0.0,0.0,328,40,328,20,251,20,345,40,,,,,,,,0.0,0.0,0.0,0.0,0,0.0,0.0,0.0,0.0,2,0,0.0,0.0,0.0,0.0,0.0,0.0,0.0,0.0,0.0,0.0,0.0,0.0,0.0,0.0,0.0,30.0,0.0,0.0,0.0,0.0,0.0,0.0,0.0,0.0,0.0,0.0,0.0,0.0,0.0
354,Vitezslav,Jaros,Jaros,i,Knee injury - Unknown return date,,4.0,578,61,0.0,570,65,0.0,314,33,0,0,0,0,0,0,0,0.0,0.0,0.0,0.0,0.0,314,33,0.0,0.0,301,33,300,13,220,13,318,33,,,,,,,,0.0,0.0,0.0,0.0,0,0.0,0.0,0.0,0.0,2,0,0.0,0.0,0.0,0.0,0.0,0.0,0.0,0.0,0.0,0.0,0.0,0.0,0.0,0.0,29.0,20.0,0.0,0.0,0.0,0.0,0.0,0.0,0.0,0.0,0.0,0.0,0.0,0.0,0.0
355,Harvey,Davies,Davies,a,,,4.0,588,64,0.1,385,42,0.0,319,36,0,0,0,0,0,0,0,0.0,0.0,1.0,1.0,0.0,319,36,,,306,36,306,16,227,16,323,36,,,,,,,,0.0,0.0,0.0,0.0,0,0.0,0.0,0.0,0.0,2,0,0.0,0.0,0.0,0.0,0.0,0.0,0.0,0.0,0.0,0.0,0.0,0.0,0.0,0.0,81.0,91.0,0.0,0.0,0.0,0.0,0.0,0.0,0.0,0.0,0.0,0.0,0.0,0.0,0.0
356,Virgil,van Dijk,Virgil,a,,,6.5,32,2,19.5,17,5,2.0,161,51,0,0,0,0,0,0,0,0.3,0.3,3.1,3.1,2.0,161,51,,,63,25,196,61,40,8,73,24,,,,,,,,0.25,0.01,0.26,1.58,0,0.0,2.0,1.0,11.0,2,0,0.0,0.0,0.0,0.0,0.0,0.0,0.0,0.0,0.0,0.0,0.0,0.0,0.0,0.0,11323.0,12486.0,0.0,0.0,0.0,0.0,0.0,0.0,0.0,0.0,0.0,0.0,0.0,0.0,0.0
357,Jeremie,Frimpong,Frimpong,a,,,5.5,145,16,3.4,98,39,0.0,555,195,0,0,0,0,0,0,0,0.0,0.0,2.5,2.5,0.0,555,195,,,131,60,19,4,87,29,53,14,,,,,,,,0.01,0.09,0.1,1.58,0,0.0,2.0,1.0,2.0,2,0,0.0,0.0,0.0,0.0,0.0,0.0,0.0,0.0,0.0,0.0,0.0,0.0,0.0,0.0,4421.0,4885.0,0.0,0.0,0.0,0.0,0.0,0.0,0.0,0.0,0.0,0.0,0.0,0.0,0.0
358,Milos,Kerkez,Kerkez,a,,,5.5,205,29,3.5,95,37,0.0,577,200,0,0,0,0,0,0,0,0.0,0.0,2.5,2.5,0.0,577,200,,,96,41,94,28,79,23,93,32,,,,,,,,0.02,0.02,0.04,1.58,0,0.0,2.0,1.0,7.0,2,0,0.0,0.0,0.0,0.0,0.0,0.0,0.0,0.0,0.0,0.0,0.0,0.0,0.0,0.0,2750.0,5358.0,0.0,0.0,0.0,0.0,0.0,0.0,0.0,0.0,0.0,0.0,0.0,0.0,0.0
359,Joe,Gomez,Gomez,i,Muscular injury - Unknown return date,,5.0,250,40,0.0,562,195,0.0,457,172,0,0,0,0,0,0,0,0.0,0.0,0.0,0.0,0.0,457,172,0.0,0.0,447,179,455,180,397,163,463,179,,,,,,,,0.0,0.0,0.0,0.0,0,0.0,0.0,0.0,0.0,2,0,0.0,0.0,0.0,0.0,0.0,0.0,0.0,0.0,0.0,0.0,0.0,0.0,0.0,0.0,11.0,30.0,0.0,0.0,0.0,0.0,0.0,0.0,0.0,0.0,0.0,0.0,0.0,0.0,0.0
360,Conor,Bradley,Bradley,i,Knee injury - Unknown return date,,5.0,340,68,0.0,584,199,0.0,514,188,0,0,0,0,0,0,0,0.0,0.0,0.0,0.0,0.0,514,188,0.0,0.0,502,194,514,194,471,185,518,194,,,,,,,,0.0,0.0,0.0,0.0,0,0.0,0.0,0.0,0.0,2,0,0.0,0.0,0.0,0.0,0.0,0.0,0.0,0.0,0.0,0.0,0.0,0.0,0.0,0.0,8.0,15.0,0.0,0.0,0.0,0.0,0.0,0.0,0.0,0.0,0.0,0.0,0.0,0.0,0.0
361,Wellity,Lucky,Lucky,a,,,4.0,598,185,0.1,400,142,0.0,329,115,0,0,0,0,0,0,0,0.0,0.0,1.0,1.0,0.0,329,115,,,316,120,316,122,237,90,333,121,,,,,,,,0.0,0.0,0.0,0.0,0,0.0,0.0,0.0,0.0,2,0,0.0,0.0,0.0,0.0,0.0,0.0,0.0,0.0,0.0,0.0,0.0,0.0,0.0,0.0,59.0,140.0,0.0,0.0,0.0,0.0,0.0,0.0,0.0,0.0,0.0,0.0,0.0,0.0,0.0
362,Jeremy,Jacquet,Jacquet,a,,,5.0,384,75,2.4,119,47,1.0,234,91,0,0,0,0,0,0,0,0.2,0.2,2.2,2.2,1.0,234,91,100.0,100.0,140,65,107,32,498,189,156,60,,,,,,,,0.0,0.03,0.03,1.36,0,0.0,2.61,1.3,3.91,2,0,0.0,0.0,0.0,0.0,0.0,0.0,0.0,0.0,0.0,0.0,0.0,0.0,0.0,0.0,3506.0,2736.0,0.0,0.0,0.0,0.0,0.0,0.0,0.0,0.0,0.0,0.0,0.0,0.0,0.0
363,Giovanni,Leoni,Leoni,i,Knee injury - Unknown return date,,4.0,619,205,0.0,505,176,0.0,346,131,0,0,0,0,0,0,0,0.0,0.0,0.0,0.0,0.0,346,131,0.0,0.0,333,136,334,139,257,109,350,137,,,,,,,,0.0,0.0,0.0,0.0,0,0.0,0.0,0.0,0.0,2,0,0.0,0.0,0.0,0.0,0.0,0.0,0.0,0.0,0.0,0.0,0.0,0.0,0.0,0.0,18.0,48.0,0.0,0.0,0.0,0.0,0.0,0.0,0.0,0.0,0.0,0.0,0.0,0.0,0.0
364,Kostas,Tsimikas,Tsimikas,a,,,5.0,270,44,0.1,452,162,0.0,465,175,0,0,0,0,0,0,0,0.0,0.0,2.2,2.2,0.0,465,175,,,457,183,465,183,411,167,473,183,,,,,,,,0.0,0.0,0.0,0.0,0,0.0,0.0,0.0,0.0,2,0,0.0,0.0,0.0,0.0,0.0,0.0,0.0,0.0,0.0,0.0,0.0,0.0,0.0,0.0,32.0,129.0,0.0,0.0,0.0,0.0,0.0,0.0,0.0,0.0,0.0,0.0,0.0,0.0,0.0
365,Calvin,Ramsay,Ramsay,u,Has joined St Mirren on loan for the rest of the season,,4.0,592,181,0.2,352,132,0.0,323,111,0,0,0,0,0,0,0,0.0,0.0,0.0,1.0,0.0,323,111,0.0,0.0,310,116,310,118,231,86,327,117,,,,,,,,0.0,0.0,0.0,0.0,0,0.0,0.0,0.0,0.0,2,0,0.0,0.0,0.0,0.0,0.0,0.0,0.0,0.0,0.0,0.0,0.0,0.0,0.0,0.0,0.0,845.0,0.0,0.0,0.0,0.0,0.0,0.0,0.0,0.0,0.0,0.0,0.0,0.0,0.0
366,Florian,Wirtz,Wirtz,a,,,7.5,19,12,11.3,34,12,2.0,165,82,0,0,0,0,0,0,0,0.3,0.3,2.6,2.6,2.0,165,82,,,166,63,68,42,31,17,59,32,3.0,2.0,4.0,,,,,0.38,0.06,0.44,0.74,0,0.0,2.9,1.45,7.26,2,0,0.0,0.0,0.0,0.0,0.0,0.0,0.0,0.0,0.0,0.0,0.0,0.0,0.0,0.0,3218.0,23849.0,0.0,0.0,0.0,0.0,0.0,0.0,0.0,0.0,0.0,0.0,0.0,0.0,0.0
367,Cody,Gakpo,Gakpo,a,,,7.0,25,16,6.6,61,20,12.0,9,5,0,0,0,0,0,0,0,1.7,1.7,2.5,2.5,12.0,9,5,,,16,9,22,17,18,9,9,8,2.0,,3.0,,,,,0.3,0.15,0.45,1.58,0,0.0,2.0,1.0,12.0,2,0,0.0,0.0,0.0,0.0,0.0,0.0,0.0,0.0,0.0,0.0,0.0,0.0,0.0,0.0,39356.0,5596.0,0.0,0.0,0.0,0.0,0.0,0.0,0.0,0.0,0.0,0.0,0.0,0.0,0.0
368,Dominik,Szoboszlai,Szoboszlai,a,,,7.0,26,17,43.4,4,2,8.0,33,16,0,0,0,0,0,0,0,1.1,1.1,2.5,2.5,8.0,33,16,,,7,5,8,7,45,24,7,6,1.0,1.0,1.0,,,,,0.85,0.27,1.12,1.58,0,0.0,2.0,1.0,7.0,2,0,0.0,0.0,0.0,0.0,0.0,0.0,0.0,0.0,0.0,0.0,0.0,0.0,0.0,0.0,44159.0,11525.0,0.0,0.0,0.0,0.0,0.0,0.0,0.0,0.0,0.0,0.0,0.0,0.0,0.0
369,Rio,Ngumoha,Ngumoha,a,,,6.0,110,71,1.1,189,61,2.0,159,79,0,0,0,0,0,0,0,0.3,0.3,2.2,2.2,2.0,159,79,,,244,110,139,83,128,64,226,101,,,,,,,,0.06,0.03,0.09,0.74,0,0.0,2.9,1.45,4.35,2,0,0.0,0.0,0.0,0.0,0.0,0.0,0.0,0.0,0.0,0.0,0.0,0.0,0.0,0.0,812.0,2404.0,0.0,0.0,0.0,0.0,0.0,0.0,0.0,0.0,0.0,0.0,0.0,0.0,0.0
370,Federico,Chiesa,Chiesa,i,Back injury - Unknown return date,,5.5,147,91,0.1,408,160,0.0,557,236,0,0,0,0,0,0,0,0.0,0.0,0.0,2.0,0.0,557,236,0.0,0.0,547,230,562,239,537,221,562,237,,,,,,,,0.0,0.0,0.0,0.0,0,0.0,0.0,0.0,0.0,2,0,0.0,0.0,0.0,0.0,0.0,0.0,0.0,0.0,0.0,0.0,0.0,0.0,0.0,0.0,4.0,769.0,0.0,0.0,0.0,0.0,0.0,0.0,0.0,0.0,0.0,0.0,0.0,0.0,0.0
371,Ryan,Gravenberch,Gravenberch,a,,,6.0,84,54,2.0,133,41,5.0,72,30,0,0,0,0,0,0,0,0.8,0.8,2.2,2.2,5.0,72,30,,,68,23,75,46,141,71,94,49,,,,,,,,0.07,0.06,0.13,1.29,0,0.0,2.34,1.17,12.86,2,0,0.0,0.0,0.0,0.0,0.0,0.0,0.0,0.0,0.0,0.0,0.0,0.0,0.0,0.0,2666.0,2256.0,0.0,0.0,0.0,0.0,0.0,0.0,0.0,0.0,0.0,0.0,0.0,0.0,0.0
372,Alexis,Mac Allister,Mac Allister,a,,,5.5,153,95,1.6,152,45,1.0,252,115,0,0,0,0,0,0,0,0.2,0.2,2.0,2.0,1.0,252,115,,,204,82,202,114,540,224,246,109,,,5.0,,,,,0.0,0.03,0.03,3.57,0,0.0,0.0,0.0,10.0,2,0,0.0,0.0,0.0,0.0,0.0,0.0,0.0,0.0,0.0,0.0,0.0,0.0,0.0,0.0,931.0,3066.0,0.0,0.0,0.0,0.0,0.0,0.0,0.0,0.0,0.0,0.0,0.0,0.0,0.0
373,Curtis,Jones,C.Jones,d,Hip injury - 75% chance of playing,,5.5,140,86,0.0,511,213,0.0,552,232,0,0,0,0,0,0,0,0.0,0.0,1.5,1.5,0.0,552,232,75.0,75.0,542,226,558,235,532,217,558,233,,,,,,,,0.0,0.0,0.0,0.0,0,0.0,0.0,0.0,0.0,2,0,0.0,0.0,0.0,0.0,0.0,0.0,0.0,0.0,0.0,0.0,0.0,0.0,0.0,0.0,4.0,116.0,0.0,0.0,0.0,0.0,0.0,0.0,0.0,0.0,0.0,0.0,0.0,0.0,0.0
374,Endo,Wataru,Endo,a,,,5.0,248,151,0.1,465,188,0.0,456,177,0,0,0,0,0,0,0,0.0,0.0,1.5,1.5,0.0,456,177,100.0,100.0,446,170,454,180,395,140,462,177,,,,,,,,0.0,0.0,0.0,0.0,0,0.0,0.0,0.0,0.0,2,0,0.0,0.0,0.0,0.0,0.0,0.0,0.0,0.0,0.0,0.0,0.0,0.0,0.0,0.0,40.0,107.0,0.0,0.0,0.0,0.0,0.0,0.0,0.0,0.0,0.0,0.0,0.0,0.0,0.0
375,Trey,Nyoni,Nyoni,a,,,5.0,383,229,0.0,513,215,0.0,535,224,0,0,0,0,0,0,0,0.0,0.0,1.5,1.5,0.0,535,224,,,524,217,536,225,497,196,540,224,,,,,,,,0.0,0.0,0.0,0.0,0,0.0,0.0,0.0,0.0,2,0,0.0,0.0,0.0,0.0,0.0,0.0,0.0,0.0,0.0,0.0,0.0,0.0,0.0,0.0,13.0,83.0,0.0,0.0,0.0,0.0,0.0,0.0,0.0,0.0,0.0,0.0,0.0,0.0,0.0
376,Stefan,Bajčetić Maquieira,Bajcetic,i,Hamstring injury - Unknown return date,,5.0,365,214,0.0,614,269,0.0,524,215,0,0,0,0,0,0,0,0.0,0.0,0.0,0.0,0.0,524,215,0.0,0.0,512,207,525,216,483,184,528,214,,,,,,,,0.0,0.0,0.0,0.0,0,0.0,0.0,0.0,0.0,2,0,0.0,0.0,0.0,0.0,0.0,0.0,0.0,0.0,0.0,0.0,0.0,0.0,0.0,0.0,1.0,2.0,0.0,0.0,0.0,0.0,0.0,0.0,0.0,0.0,0.0,0.0,0.0,0.0,0.0
377,Victor,Munoz,Munoz,a,,,6.5,50,34,0.6,239,80,4.0,81,33,0,0,0,0,0,0,0,0.6,0.6,2.3,2.3,4.0,81,33,,,226,99,127,74,74,41,146,65,,,,,,,,0.33,0.13,0.46,3.57,0,0.0,0.0,0.0,0.0,2,0,0.0,0.0,0.0,0.0,0.0,0.0,0.0,0.0,0.0,0.0,0.0,0.0,0.0,0.0,1011.0,983.0,0.0,0.0,0.0,0.0,0.0,0.0,0.0,0.0,0.0,0.0,0.0,0.0,0.0
378,James,McConnell,McConnell,a,,,4.5,492,254,0.3,312,107,0.0,393,150,0,0,0,0,0,0,0,0.0,0.0,1.0,1.0,0.0,393,150,,,381,143,388,153,325,111,397,150,,,,,,,,0.0,0.0,0.0,0.0,0,0.0,0.0,0.0,0.0,2,0,0.0,0.0,0.0,0.0,0.0,0.0,0.0,0.0,0.0,0.0,0.0,0.0,0.0,0.0,47.0,357.0,0.0,0.0,0.0,0.0,0.0,0.0,0.0,0.0,0.0,0.0,0.0,0.0,0.0
379,Alexander,Isak,Isak,a,,,9.0,5,2,16.4,25,5,2.0,170,17,0,0,0,0,0,0,0,0.2,0.2,2.7,2.7,2.0,170,17,,,153,11,85,7,1,1,19,4,,,2.0,,,,,1.09,0.01,1.1,1.58,0,0.0,2.0,1.0,1.0,2,0,0.0,0.0,0.0,0.0,0.0,0.0,0.0,0.0,0.0,0.0,0.0,0.0,0.0,0.0,14857.0,17855.0,0.0,0.0,0.0,0.0,0.0,0.0,0.0,0.0,0.0,0.0,0.0,0.0,0.0
380,Hugo,Ekitiké,Ekitiké,i,Achilles injury - Unknown return date,,7.5,20,7,0.1,380,56,0.0,614,71,0,0,0,0,0,0,0,0.0,0.0,0.0,0.0,0.0,614,71,0.0,0.0,617,72,618,72,618,72,618,72,,,,,,,,0.0,0.0,0.0,0.0,0,0.0,0.0,0.0,0.0,2,0,0.0,0.0,0.0,0.0,0.0,0.0,0.0,0.0,0.0,0.0,0.0,0.0,0.0,0.0,42.0,313.0,0.0,0.0,0.0,0.0,0.0,0.0,0.0,0.0,0.0,0.0,0.0,0.0,0.0
381,Lewis,Koumas,Koumas,a,,,5.0,358,209,0.0,545,227,1.0,228,99,0,0,0,0,0,0,0,0.2,0.2,1.5,1.5,1.0,228,99,,,262,121,250,133,106,54,236,107,,,,,,,,0.22,0.0,0.22,3.6,0,0.0,0.0,0.0,7.5,2,0,0.0,0.0,0.0,0.0,0.0,0.0,0.0,0.0,0.0,0.0,0.0,0.0,0.0,0.0,24.0,34.0,0.0,0.0,0.0,0.0,0.0,0.0,0.0,0.0,0.0,0.0,0.0,0.0,0.0
382,Jayden,Danns,Danns,i,Unspecified injury - Unknown return date,,4.5,496,63,0.0,521,68,0.0,397,36,0,0,0,0,0,0,0,0.0,0.0,0.0,0.0,0.0,397,36,0.0,0.0,385,25,392,33,329,31,401,34,,,,,,,,0.0,0.0,0.0,0.0,0,0.0,0.0,0.0,0.0,2,0,0.0,0.0,0.0,0.0,0.0,0.0,0.0,0.0,0.0,0.0,0.0,0.0,0.0,0.0,30.0,69.0,0.0,0.0,0.0,0.0,0.0,0.0,0.0,0.0,0.0,0.0,0.0,0.0,0.0
383,Harvey,Elliott,Elliott,a,,,5.5,169,106,0.1,456,181,0.0,564,240,0,0,0,0,0,0,0,0.0,0.0,2.0,2.0,0.0,564,240,,,553,234,566,242,546,228,567,240,,,,,,,,0.0,0.0,0.0,0.0,0,0.0,0.0,0.0,0.0,2,0,0.0,0.0,0.0,0.0,0.0,0.0,0.0,0.0,0.0,0.0,0.0,0.0,0.0,0.0,46.0,147.0,0.0,0.0,0.0,0.0,0.0,0.0,0.0,0.0,0.0,0.0,0.0,0.0,0.0
579,Ronald,Araujo,Araujo,a,,,5.5,170,22,2.7,111,43,1.0,256,94,0,0,0,0,0,0,0,0.2,0.2,2.5,2.5,1.0,256,94,,,134,62,215,71,547,195,219,84,,,,,,,,0.0,0.14,0.14,2.43,0,0.0,0.0,0.0,18.0,2,0,0.0,0.0,0.0,0.0,0.0,0.0,0.0,0.0,0.0,0.0,0.0,0.0,0.0,0.0,1663.0,4465.0,0.0,0.0,0.0,0.0,0.0,0.0,0.0,0.0,0.0,0.0,0.0,0.0,0.0
238,Jack,Grealish,Grealish,a,,,6.5,33,21,0.2,333,119,1.0,284,134,0,0,0,0,0,0,0,0.2,0.2,2.3,2.3,1.0,284,134,100.0,100.0,267,124,248,132,605,264,287,136,,,,,,,,0.0,0.0,0.0,0.0,0,0.0,0.0,0.0,11.25,2,0,0.0,0.0,0.0,0.0,0.0,0.0,0.0,0.0,0.0,0.0,0.0,0.0,0.0,0.0,134.0,476.0,0.0,0.0,0.0,0.0,0.0,0.0,0.0,0.0,0.0,0.0,0.0,0.0,0.0
384,Gianluigi,Donnarumma,Donnarumma,a,,,5.5,138,4,8.3,49,7,3.0,95,7,0,0,0,0,0,0,0,0.5,0.5,3.3,3.3,3.0,95,7,,,61,10,557,67,531,67,145,10,,,,,,,,0.0,0.0,0.0,0.65,3,0.0,1.0,1.0,0.0,2,0,0.0,0.0,0.0,0.0,0.0,0.0,0.0,0.0,0.0,0.0,0.0,0.0,0.0,0.0,5632.0,6148.0,0.0,0.0,0.0,0.0,0.0,0.0,0.0,0.0,0.0,0.0,0.0,0.0,0.0
386,Marcus,Bettinelli,Bettinelli,a,,,4.5,421,30,0.0,531,60,0.0,357,47,0,0,0,0,0,0,0,0.0,0.0,1.9,1.9,0.0,357,47,,,344,47,347,29,273,29,361,47,,,,,,,,0.0,0.0,0.0,0.0,0,0.0,0.0,0.0,0.0,2,0,0.0,0.0,0.0,0.0,0.0,0.0,0.0,0.0,0.0,0.0,0.0,0.0,0.0,0.0,22.0,36.0,0.0,0.0,0.0,0.0,0.0,0.0,0.0,0.0,0.0,0.0,0.0,0.0,0.0
387,Nico,O'Reilly,O'Reilly,a,,,6.5,45,4,20.8,15,3,2.0,163,52,0,0,0,0,0,0,0,0.3,0.3,3.1,3.1,2.0,163,52,,,173,75,27,6,86,28,79,27,,,,,,,,0.1,0.6,0.7,0.8,0,0.0,1.45,1.45,2.9,2,0,0.0,0.0,0.0,0.0,0.0,0.0,0.0,0.0,0.0,0.0,0.0,0.0,0.0,0.0,10090.0,17285.0,0.0,0.0,0.0,0.0,0.0,0.0,0.0,0.0,0.0,0.0,0.0,0.0,0.0
388,Marc,Guéhi,Guéhi,a,,,6.0,70,6,19.7,16,4,10.0,19,8,0,0,0,0,0,0,0,1.7,1.7,2.8,2.8,10.0,19,8,,,18,6,69,22,32,7,23,4,,,,,,,,0.89,0.32,1.21,0.65,0,0.0,1.0,1.0,4.0,2,0,0.0,0.0,0.0,0.0,0.0,0.0,0.0,0.0,0.0,0.0,0.0,0.0,0.0,0.0,26525.0,7246.0,0.0,0.0,0.0,0.0,0.0,0.0,0.0,0.0,0.0,0.0,0.0,0.0,0.0
389,Matheus,Nunes,Matheus N.,d,Unspecified injury - 75% chance of playing,,6.0,91,10,1.4,162,66,1.0,280,97,0,0,0,0,0,0,0,0.2,0.2,2.1,2.8,1.0,280,97,75.0,75.0,229,94,199,63,142,47,238,89,,,4.0,,,,,0.0,0.11,0.11,0.27,0,0.0,0.0,0.0,2.73,2,0,0.0,0.0,0.0,0.0,0.0,0.0,0.0,0.0,0.0,0.0,0.0,0.0,0.0,0.0,41.0,5225.0,0.0,0.0,0.0,0.0,0.0,0.0,0.0,0.0,0.0,0.0,0.0,0.0,0.0
390,Rúben,dos Santos Gato Alves Dias,Rúben,a,,,5.5,125,12,1.8,139,55,2.0,139,48,0,0,0,0,0,0,0,0.4,0.4,2.5,2.5,2.0,139,48,,,67,29,67,21,175,62,92,31,,,,,,,,0.0,0.14,0.14,0.65,0,0.0,1.0,1.0,6.0,2,0,0.0,0.0,0.0,0.0,0.0,0.0,0.0,0.0,0.0,0.0,0.0,0.0,0.0,0.0,1142.0,1834.0,0.0,0.0,0.0,0.0,0.0,0.0,0.0,0.0,0.0,0.0,0.0,0.0,0.0
391,Joško,Gvardiol,Gvardiol,a,,,5.5,184,25,13.9,28,9,9.0,23,9,0,0,0,0,0,0,0,1.6,1.6,2.5,2.5,9.0,23,9,,,11,3,97,29,59,17,33,8,,,,,,,,0.19,0.05,0.24,0.65,0,0.0,1.0,1.0,7.0,2,0,0.0,0.0,0.0,0.0,0.0,0.0,0.0,0.0,0.0,0.0,0.0,0.0,0.0,0.0,41723.0,6219.0,0.0,0.0,0.0,0.0,0.0,0.0,0.0,0.0,0.0,0.0,0.0,0.0,0.0
392,Rayan,Aït-Nouri,Aït-Nouri,a,,,5.5,172,23,0.8,218,80,0.0,565,199,0,0,0,0,0,0,0,0.0,0.0,2.5,2.5,0.0,565,199,,,554,202,567,202,549,196,568,202,,,,,,,,0.0,0.0,0.0,0.0,0,0.0,0.0,0.0,0.0,2,0,0.0,0.0,0.0,0.0,0.0,0.0,0.0,0.0,0.0,0.0,0.0,0.0,0.0,0.0,206.0,2781.0,0.0,0.0,0.0,0.0,0.0,0.0,0.0,0.0,0.0,0.0,0.0,0.0,0.0
393,Abdukodir,Khusanov,Khusanov,a,,,5.5,217,32,1.7,143,58,2.0,149,50,0,0,0,0,0,0,0,0.4,0.4,2.5,2.5,2.0,149,50,,,101,43,161,48,573,202,180,69,,,,,,,,0.0,0.02,0.02,0.65,0,0.0,1.0,1.0,4.0,2,0,0.0,0.0,0.0,0.0,0.0,0.0,0.0,0.0,0.0,0.0,0.0,0.0,0.0,0.0,637.0,2206.0,0.0,0.0,0.0,0.0,0.0,0.0,0.0,0.0,0.0,0.0,0.0,0.0,0.0
394,Max,Alleyne,Alleyne,u,Has joined Burnley on loan for the rest of the season,,5.0,342,69,0.0,594,202,0.0,516,189,0,0,0,0,0,0,0,0.0,0.0,0.0,0.0,0.0,516,189,0.0,0.0,504,195,516,195,473,186,520,195,,,,,,,,0.0,0.0,0.0,0.0,0,0.0,0.0,0.0,0.0,2,0,0.0,0.0,0.0,0.0,0.0,0.0,0.0,0.0,0.0,0.0,0.0,0.0,0.0,0.0,0.0,26.0,0.0,0.0,0.0,0.0,0.0,0.0,0.0,0.0,0.0,0.0,0.0,0.0,0.0
395,Rico,Lewis,Lewis,a,,,4.5,484,130,0.3,313,118,1.0,199,76,0,0,0,0,0,0,0,0.2,0.2,1.7,1.7,1.0,199,76,,,227,93,156,47,17,3,83,29,,,,,,,,0.27,0.03,0.3,0.88,0,0.0,1.61,1.61,3.21,2,0,0.0,0.0,0.0,0.0,0.0,0.0,0.0,0.0,0.0,0.0,0.0,0.0,0.0,0.0,569.0,375.0,0.0,0.0,0.0,0.0,0.0,0.0,0.0,0.0,0.0,0.0,0.0,0.0,0.0
396,Vitor,de Oliveira Nunes dos Reis,Vitor Reis,a,,,4.5,538,150,0.0,548,188,0.0,431,166,0,0,0,0,0,0,0,0.0,0.0,1.7,1.7,0.0,431,166,,,420,172,426,173,367,156,436,172,,,,,,,,0.0,0.0,0.0,0.0,0,0.0,0.0,0.0,0.0,2,0,0.0,0.0,0.0,0.0,0.0,0.0,0.0,0.0,0.0,0.0,0.0,0.0,0.0,0.0,11.0,43.0,0.0,0.0,0.0,0.0,0.0,0.0,0.0,0.0,0.0,0.0,0.0,0.0,0.0
397,Antoine,Semenyo,Semenyo,a,,,8.5,6,4,24.0,12,6,2.0,169,86,0,0,0,0,0,0,0,0.2,0.2,2.9,2.9,2.0,169,86,,,205,83,128,75,28,14,88,46,,,2.0,,,,,0.06,0.02,0.08,0.65,0,0.0,1.0,1.0,5.0,2,0,0.0,0.0,0.0,0.0,0.0,0.0,0.0,0.0,0.0,0.0,0.0,0.0,0.0,0.0,9051.0,33669.0,0.0,0.0,0.0,0.0,0.0,0.0,0.0,0.0,0.0,0.0,0.0,0.0,0.0
398,Phil,Foden,Foden,a,,,7.0,24,15,4.0,82,26,1.0,290,140,0,0,0,0,0,0,0,0.1,0.1,2.5,2.5,1.0,290,140,,,163,60,5,4,71,39,37,22,3.0,2.0,,,,,,0.13,0.44,0.57,0.72,0,0.0,1.11,1.11,6.67,2,0,0.0,0.0,0.0,0.0,0.0,0.0,0.0,0.0,0.0,0.0,0.0,0.0,0.0,0.0,4223.0,9599.0,0.0,0.0,0.0,0.0,0.0,0.0,0.0,0.0,0.0,0.0,0.0,0.0,0.0
399,Rayan,Cherki,Cherki,a,,,7.5,18,11,10.8,35,13,8.0,35,18,0,0,0,0,0,0,0,1.1,1.1,2.6,2.6,8.0,35,18,,,28,15,6,5,146,75,18,14,1.0,1.0,,,,,,0.0,1.67,1.67,0.33,0,0.0,0.0,0.0,0.0,2,0,0.0,0.0,0.0,0.0,0.0,0.0,0.0,0.0,0.0,0.0,0.0,0.0,0.0,0.0,36507.0,6726.0,0.0,0.0,0.0,0.0,0.0,0.0,0.0,0.0,0.0,0.0,0.0,0.0,0.0
400,Jérémy,Doku,Doku,i,Calf injury - Expected back 5 Sep,,7.5,17,10,1.2,172,51,0.0,613,271,0,0,0,0,0,0,0,0.0,0.0,0.0,0.0,0.0,613,271,0.0,0.0,616,271,617,272,617,272,617,272,,,3.0,,,,,0.0,0.0,0.0,0.0,0,0.0,0.0,0.0,0.0,2,0,0.0,0.0,0.0,0.0,0.0,0.0,0.0,0.0,0.0,0.0,0.0,0.0,0.0,0.0,31.0,8173.0,0.0,0.0,0.0,0.0,0.0,0.0,0.0,0.0,0.0,0.0,0.0,0.0,0.0
402,Rodrigo 'Rodri',Hernandez Cascante,Rodrigo,u,Has joined Barcelona permanently,,6.5,37,25,0.0,566,236,0.0,604,266,0,0,0,0,0,0,0,0.0,0.0,0.0,0.0,0.0,604,266,0.0,0.0,605,265,608,267,606,265,608,267,,,,,,,,0.0,0.0,0.0,0.0,0,0.0,0.0,0.0,0.0,2,0,0.0,0.0,0.0,0.0,0.0,0.0,0.0,0.0,0.0,0.0,0.0,0.0,0.0,0.0,0.0,30.0,0.0,0.0,0.0,0.0,0.0,0.0,0.0,0.0,0.0,0.0,0.0,0.0,0.0
404,Tijjani,Reijnders,Reijnders,u,Has joined Al Qadsiah permanently,,6.0,79,51,0.1,473,194,0.0,590,256,0,0,0,0,0,0,0,0.0,0.0,0.0,0.0,0.0,590,256,0.0,0.0,589,254,594,257,587,250,594,257,,,,,,,,0.0,0.0,0.0,0.0,0,0.0,0.0,0.0,0.0,2,0,0.0,0.0,0.0,0.0,0.0,0.0,0.0,0.0,0.0,0.0,0.0,0.0,0.0,0.0,0.0,367.0,0.0,0.0,0.0,0.0,0.0,0.0,0.0,0.0,0.0,0.0,0.0,0.0,0.0
406,Mateo,Kovačić,Kovačić,a,,,5.5,118,77,0.1,433,172,1.0,245,110,0,0,0,0,0,0,0,0.2,0.2,2.0,2.0,1.0,245,110,,,249,113,185,108,515,209,268,124,,,,,,,,0.0,0.03,0.03,0.33,0,0.0,0.0,0.0,6.67,2,0,0.0,0.0,0.0,0.0,0.0,0.0,0.0,0.0,0.0,0.0,0.0,0.0,0.0,0.0,114.0,176.0,0.0,0.0,0.0,0.0,0.0,0.0,0.0,0.0,0.0,0.0,0.0,0.0,0.0
407,Claudio,Echeverri,Echeverri,a,,,5.0,380,226,0.0,560,232,0.0,534,223,0,0,0,0,0,0,0,0.0,0.0,1.5,1.5,0.0,534,223,,,523,216,535,224,495,194,539,223,,,,,,,,0.0,0.0,0.0,0.0,0,0.0,0.0,0.0,0.0,2,0,0.0,0.0,0.0,0.0,0.0,0.0,0.0,0.0,0.0,0.0,0.0,0.0,0.0,0.0,8.0,46.0,0.0,0.0,0.0,0.0,0.0,0.0,0.0,0.0,0.0,0.0,0.0,0.0,0.0
408,Kalvin,Phillips,Phillips,u,Has joined Sheffield United on loan for the rest of the season,,5.0,245,148,0.0,592,253,0.0,454,175,0,0,0,0,0,0,0,0.0,0.0,0.0,0.0,0.0,454,175,0.0,0.0,444,168,452,178,392,137,460,175,,,,,,,,0.0,0.0,0.0,0.0,0,0.0,0.0,0.0,0.0,2,0,0.0,0.0,0.0,0.0,0.0,0.0,0.0,0.0,0.0,0.0,0.0,0.0,0.0,0.0,0.0,26.0,0.0,0.0,0.0,0.0,0.0,0.0,0.0,0.0,0.0,0.0,0.0,0.0,0.0
409,Divine,Mukasa,Mukasa,a,,,4.5,528,264,0.2,360,134,0.0,423,159,0,0,0,0,0,0,0,0.0,0.0,1.0,1.0,0.0,423,159,,,412,152,418,162,358,120,428,159,,,,,,,,0.0,0.0,0.0,0.0,0,0.0,0.0,0.0,0.0,2,0,0.0,0.0,0.0,0.0,0.0,0.0,0.0,0.0,0.0,0.0,0.0,0.0,0.0,0.0,82.0,319.0,0.0,0.0,0.0,0.0,0.0,0.0,0.0,0.0,0.0,0.0,0.0,0.0,0.0
410,Jeremy,Monga,Monga,a,,,5.0,395,237,0.0,565,235,0.0,539,226,0,0,0,0,0,0,0,0.0,0.0,1.5,1.5,0.0,539,226,,,528,219,541,228,506,202,544,226,,,,,,,,0.0,0.0,0.0,0.0,0,0.0,0.0,0.0,0.0,2,0,0.0,0.0,0.0,0.0,0.0,0.0,0.0,0.0,0.0,0.0,0.0,0.0,0.0,0.0,5.0,36.0,0.0,0.0,0.0,0.0,0.0,0.0,0.0,0.0,0.0,0.0,0.0,0.0,0.0
411,Erling,Haaland,Haaland,a,,,15.5,1,1,67.8,2,2,2.0,172,18,0,0,0,0,0,0,0,0.1,0.1,4.0,4.0,2.0,172,18,,,230,16,145,17,7,3,55,9,,,1.0,,,,,0.74,0.02,0.76,0.65,0,0.0,1.0,1.0,3.0,2,0,0.0,0.0,0.0,0.0,0.0,0.0,0.0,0.0,0.0,0.0,0.0,0.0,0.0,0.0,12288.0,17362.0,0.0,0.0,0.0,0.0,0.0,0.0,0.0,0.0,0.0,0.0,0.0,0.0,0.0
481,Elliot,Anderson,Anderson,a,,,6.4,52,36,6.0,64,21,2.0,160,80,0,0,0,-1,1,0,0,0.3,0.3,2.3,2.3,2.0,160,80,100.0,100.0,187,74,62,40,601,260,142,64,2.0,,,,,,,0.0,0.36,0.36,0.8,0,0.0,1.45,1.45,8.71,2,0,0.0,0.0,0.0,0.0,0.0,0.0,0.0,0.0,0.0,0.0,0.0,0.0,0.0,0.0,3223.0,14135.0,0.0,0.0,0.0,0.0,0.0,0.0,0.0,0.0,0.0,0.0,0.0,0.0,0.0
587,Gerónimo,Rulli,Rulli,a,,,5.0,236,8,0.0,549,63,0.0,447,62,0,0,0,0,0,0,0,0.0,0.0,2.6,2.6,0.0,447,62,,,436,62,443,51,384,51,452,62,,,,,,,,0.0,0.0,0.0,0.0,0,0.0,0.0,0.0,0.0,2,0,0.0,0.0,0.0,0.0,0.0,0.0,0.0,0.0,0.0,0.0,0.0,0.0,0.0,0.0,9.0,35.0,0.0,0.0,0.0,0.0,0.0,0.0,0.0,0.0,0.0,0.0,0.0,0.0,0.0
616,Ayyoub,Bouaddi,Bouaddi,a,,,5.5,222,139,0.0,498,206,0.0,582,251,0,0,0,0,0,0,0,0.0,0.0,2.0,2.0,0.0,582,251,,,575,248,585,253,576,245,587,253,,,,,,,,0.0,0.0,0.0,0.0,0,0.0,0.0,0.0,0.0,2,0,0.0,0.0,0.0,0.0,0.0,0.0,0.0,0.0,0.0,0.0,0.0,0.0,0.0,0.0,1764.0,232.0,0.0,0.0,0.0,0.0,0.0,0.0,0.0,0.0,0.0,0.0,0.0,0.0,0.0
43,Youri,Tielemans,Tielemans,a,,,6.0,63,42,2.3,120,37,2.0,150,73,0,0,0,0,0,0,0,0.3,0.3,2.2,2.2,2.0,150,73,100.0,100.0,214,90,117,69,139,69,182,82,,,3.0,,,,,0.05,0.15,0.2,1.28,0,0.0,2.73,1.36,6.82,2,0,0.0,0.0,0.0,0.0,0.0,0.0,0.0,0.0,0.0,0.0,0.0,0.0,0.0,0.0,1877.0,5280.0,0.0,0.0,0.0,0.0,0.0,0.0,0.0,0.0,0.0,0.0,0.0,0.0,0.0
131,Carlos,Baleba,Baleba,i,Ankle injury - Expected back 19 Sep,,5.0,363,212,0.2,357,132,0.0,522,213,0,0,0,0,0,0,0,0.0,0.0,0.0,0.0,0.0,522,213,0.0,0.0,510,205,523,214,481,182,526,212,,,,,,,,0.0,0.0,0.0,0.0,0,0.0,0.0,0.0,0.0,2,0,0.0,0.0,0.0,0.0,0.0,0.0,0.0,0.0,0.0,0.0,0.0,0.0,0.0,0.0,126.0,584.0,0.0,0.0,0.0,0.0,0.0,0.0,0.0,0.0,0.0,0.0,0.0,0.0,0.0
162,Andrey,Nascimento dos Santos,Andrey Santos,a,,,5.0,362,211,1.0,196,63,2.0,133,60,0,0,0,0,0,0,0,0.4,0.4,1.5,1.5,2.0,133,60,,,151,51,151,89,174,86,191,85,,,,,,,,0.0,0.31,0.31,1.28,0,0.0,2.73,1.36,12.27,2,0,0.0,0.0,0.0,0.0,0.0,0.0,0.0,0.0,0.0,0.0,0.0,0.0,0.0,0.0,904.0,1945.0,0.0,0.0,0.0,0.0,0.0,0.0,0.0,0.0,0.0,0.0,0.0,0.0,0.0
325,Karl,Darlow,Darlow,a,,,4.5,406,22,0.0,509,54,0.0,348,41,0,0,0,0,0,0,0,0.0,0.0,1.9,1.4,0.0,348,41,100.0,100.0,335,41,336,21,260,21,352,41,,,,,,,,0.0,0.0,0.0,0.0,0,0.0,0.0,0.0,0.0,2,0,0.0,0.0,0.0,0.0,0.0,0.0,0.0,0.0,0.0,0.0,0.0,0.0,0.0,0.0,38.0,36.0,0.0,0.0,0.0,0.0,0.0,0.0,0.0,0.0,0.0,0.0,0.0,0.0,0.0
412,Senne,Lammens,Lammens,a,,,5.0,319,18,15.5,27,5,1.0,217,18,0,0,0,0,0,0,0,0.2,0.2,2.6,2.6,1.0,217,18,,,82,12,500,61,454,61,178,12,,,,,,,,0.0,0.0,0.0,1.01,2,0.0,2.0,1.0,0.0,2,0,0.0,0.0,0.0,0.0,0.0,0.0,0.0,0.0,0.0,0.0,0.0,0.0,0.0,0.0,6805.0,11984.0,0.0,0.0,0.0,0.0,0.0,0.0,0.0,0.0,0.0,0.0,0.0,0.0,0.0
413,Altay,Bayındır,Bayindir,u,Has joined Celta Vigo on loan for the rest of the season,,4.5,473,38,0.0,556,64,0.0,388,54,0,0,0,0,0,0,0,0.0,0.0,0.0,0.0,0.0,388,54,0.0,0.0,373,54,377,37,310,37,390,54,,,,,,,,0.0,0.0,0.0,0.0,0,0.0,0.0,0.0,0.0,2,0,0.0,0.0,0.0,0.0,0.0,0.0,0.0,0.0,0.0,0.0,0.0,0.0,0.0,0.0,0.0,41.0,0.0,0.0,0.0,0.0,0.0,0.0,0.0,0.0,0.0,0.0,0.0,0.0,0.0
414,Tom,Heaton,Heaton,i,Hamstring injury - Unknown return date,,4.0,547,49,0.1,431,48,0.0,293,21,0,0,0,0,0,0,0,0.0,0.0,0.0,0.0,0.0,293,21,0.0,0.0,280,21,277,1,195,1,296,21,,,,,,,,0.0,0.0,0.0,0.0,0,0.0,0.0,0.0,0.0,2,0,0.0,0.0,0.0,0.0,0.0,0.0,0.0,0.0,0.0,0.0,0.0,0.0,0.0,0.0,32.0,78.0,0.0,0.0,0.0,0.0,0.0,0.0,0.0,0.0,0.0,0.0,0.0,0.0,0.0
415,Patrick,Dorgu,Dorgu,a,,,6.0,108,69,1.1,187,60,0.0,599,261,0,0,0,0,0,0,0,0.0,0.0,2.2,2.2,0.0,599,261,,,600,260,217,122,66,36,250,112,,,,,,,,0.94,0.06,1.0,1.84,0,0.0,4.0,2.0,2.0,2,0,0.0,0.0,0.0,0.0,0.0,0.0,0.0,0.0,0.0,0.0,0.0,0.0,0.0,0.0,686.0,4730.0,0.0,0.0,0.0,0.0,0.0,0.0,0.0,0.0,0.0,0.0,0.0,0.0,0.0
416,Matthijs,de Ligt,De Ligt,i,Back injury - Unknown return date,,5.0,265,43,0.0,539,186,0.0,463,174,0,0,0,0,0,0,0,0.0,0.0,0.0,0.0,0.0,463,174,0.0,0.0,455,182,463,182,408,166,471,182,,,,,,,,0.0,0.0,0.0,0.0,0,0.0,0.0,0.0,0.0,2,0,0.0,0.0,0.0,0.0,0.0,0.0,0.0,0.0,0.0,0.0,0.0,0.0,0.0,0.0,10.0,32.0,0.0,0.0,0.0,0.0,0.0,0.0,0.0,0.0,0.0,0.0,0.0,0.0,0.0
417,Diogo,Dalot Teixeira,Dalot,a,,,5.0,273,46,2.4,118,46,1.0,215,86,0,0,0,0,0,0,0,0.2,0.2,2.2,2.2,1.0,215,86,,,181,79,115,34,413,168,183,71,,,,,,,,0.0,0.0,0.0,0.0,0,0.0,0.0,0.0,27.0,2,0,0.0,0.0,0.0,0.0,0.0,0.0,0.0,0.0,0.0,0.0,0.0,0.0,0.0,0.0,1080.0,6151.0,0.0,0.0,0.0,0.0,0.0,0.0,0.0,0.0,0.0,0.0,0.0,0.0,0.0
418,Harry,Maguire,Maguire,a,,,5.0,232,36,17.0,20,7,1.0,208,83,0,0,0,0,0,0,0,0.2,0.2,2.2,2.2,1.0,208,83,,,64,26,30,8,47,12,40,10,,,,,,,,0.04,0.4,0.44,1.01,0,0.0,2.0,1.0,4.0,2,0,0.0,0.0,0.0,0.0,0.0,0.0,0.0,0.0,0.0,0.0,0.0,0.0,0.0,0.0,10042.0,17114.0,0.0,0.0,0.0,0.0,0.0,0.0,0.0,0.0,0.0,0.0,0.0,0.0,0.0
419,Lisandro,Martínez,Martinez,a,,,5.0,280,49,1.3,170,69,0.0,470,177,0,0,0,0,0,0,0,0.0,0.0,2.2,2.2,0.0,470,177,100.0,100.0,462,185,471,185,419,171,478,185,,,,,,,,0.0,0.0,0.0,0.0,0,0.0,0.0,0.0,0.0,2,0,0.0,0.0,0.0,0.0,0.0,0.0,0.0,0.0,0.0,0.0,0.0,0.0,0.0,0.0,558.0,3101.0,0.0,0.0,0.0,0.0,0.0,0.0,0.0,0.0,0.0,0.0,0.0,0.0,0.0
420,Leny,Yoro,Yoro,a,,,5.0,374,73,0.6,234,88,0.0,530,191,0,0,0,0,0,0,0,0.0,0.0,2.2,2.2,0.0,530,191,,,518,197,531,197,490,188,534,197,,,,,,,,0.0,0.0,0.0,0.0,0,0.0,0.0,0.0,0.0,2,0,0.0,0.0,0.0,0.0,0.0,0.0,0.0,0.0,0.0,0.0,0.0,0.0,0.0,0.0,84.0,1530.0,0.0,0.0,0.0,0.0,0.0,0.0,0.0,0.0,0.0,0.0,0.0,0.0,0.0
421,Ayden,Heaven,Heaven,a,,,4.5,534,148,0.4,274,104,1.0,206,82,0,0,0,0,0,0,0,0.2,0.2,1.7,1.7,1.0,206,82,,,191,85,168,50,83,27,177,68,,,,,,,,0.12,0.04,0.16,1.01,0,0.0,2.0,1.0,2.0,2,0,0.0,0.0,0.0,0.0,0.0,0.0,0.0,0.0,0.0,0.0,0.0,0.0,0.0,0.0,396.0,601.0,0.0,0.0,0.0,0.0,0.0,0.0,0.0,0.0,0.0,0.0,0.0,0.0,0.0
422,Noussair,Mazraoui,Mazraoui,a,,,4.5,452,110,0.7,228,85,1.0,190,69,0,0,0,0,0,0,0,0.2,0.2,1.7,1.7,1.0,190,69,,,99,42,28,7,89,30,61,19,,,,,,,,0.25,0.06,0.31,1.15,0,0.0,2.28,1.14,5.7,2,0,0.0,0.0,0.0,0.0,0.0,0.0,0.0,0.0,0.0,0.0,0.0,0.0,0.0,0.0,845.0,774.0,0.0,0.0,0.0,0.0,0.0,0.0,0.0,0.0,0.0,0.0,0.0,0.0,0.0
423,Luke,Shaw,Shaw,a,,,4.5,415,85,19.5,18,6,1.0,185,64,0,0,0,0,0,0,0,0.2,0.2,1.7,1.7,1.0,185,64,,,65,27,1,1,113,32,20,2,3.0,,,,,,,0.0,0.26,0.26,1.01,0,0.0,2.0,1.0,4.0,2,0,0.0,0.0,0.0,0.0,0.0,0.0,0.0,0.0,0.0,0.0,0.0,0.0,0.0,0.0,7611.0,16520.0,0.0,0.0,0.0,0.0,0.0,0.0,0.0,0.0,0.0,0.0,0.0,0.0,0.0
424,Harry,Amass,Amass,a,,,4.0,610,197,0.2,343,129,0.0,339,125,0,0,0,0,0,0,0,0.0,0.0,1.0,1.0,0.0,339,125,,,326,130,326,132,249,102,343,131,,,,,,,,0.0,0.0,0.0,0.0,0,0.0,0.0,0.0,0.0,2,0,0.0,0.0,0.0,0.0,0.0,0.0,0.0,0.0,0.0,0.0,0.0,0.0,0.0,0.0,89.0,236.0,0.0,0.0,0.0,0.0,0.0,0.0,0.0,0.0,0.0,0.0,0.0,0.0,0.0
425,Tyler,Fredricson,Fredricson,u,Has joined Lausanne-Sport permanently,,4.0,602,189,0.0,554,192,0.0,332,118,0,0,0,0,0,0,0,0.0,0.0,0.0,0.0,0.0,332,118,0.0,0.0,319,123,319,125,241,94,336,124,,,,,,,,0.0,0.0,0.0,0.0,0,0.0,0.0,0.0,0.0,2,0,0.0,0.0,0.0,0.0,0.0,0.0,0.0,0.0,0.0,0.0,0.0,0.0,0.0,0.0,0.0,37.0,0.0,0.0,0.0,0.0,0.0,0.0,0.0,0.0,0.0,0.0,0.0,0.0,0.0
426,Bruno,Borges Fernandes,B.Fernandes,a,,,12.0,2,1,48.1,3,1,2.0,171,87,0,0,0,0,0,0,0,0.2,0.2,4.0,4.0,2.0,171,87,,,83,28,3,2,63,33,17,13,1.0,1.0,1.0,,,,,0.08,0.26,0.34,1.01,0,0.0,2.0,1.0,6.0,2,0,0.0,0.0,0.0,0.0,0.0,0.0,0.0,0.0,0.0,0.0,0.0,0.0,0.0,0.0,9268.0,37830.0,0.0,0.0,0.0,0.0,0.0,0.0,0.0,0.0,0.0,0.0,0.0,0.0,0.0
427,Bryan,Mbeumo,Mbeumo,a,,,8.0,10,7,35.6,7,3,2.0,168,85,0,0,0,0,0,0,0,0.2,0.2,2.8,2.8,2.0,168,85,,,168,65,34,26,8,5,25,16,2.0,2.0,2.0,,,,,0.5,0.23,0.73,1.01,0,0.0,2.0,1.0,4.0,2,0,0.0,0.0,0.0,0.0,0.0,0.0,0.0,0.0,0.0,0.0,0.0,0.0,0.0,0.0,16413.0,41849.0,0.0,0.0,0.0,0.0,0.0,0.0,0.0,0.0,0.0,0.0,0.0,0.0,0.0
428,Matheus,Santos Carneiro da Cunha,Cunha,a,,,8.0,9,6,9.3,42,16,2.0,167,84,0,0,0,0,0,0,0,0.2,0.2,2.8,2.8,2.0,167,84,,,207,85,33,25,22,10,46,28,,,,,,,,0.27,0.24,0.51,1.15,0,0.0,2.28,1.14,3.42,2,0,0.0,0.0,0.0,0.0,0.0,0.0,0.0,0.0,0.0,0.0,0.0,0.0,0.0,0.0,4459.0,14864.0,0.0,0.0,0.0,0.0,0.0,0.0,0.0,0.0,0.0,0.0,0.0,0.0,0.0
429,Marcus,Rashford,Rashford,a,,,7.0,23,14,1.7,147,43,1.0,289,139,0,0,0,0,0,0,0,0.1,0.1,2.5,2.5,1.0,289,139,,,149,50,7,6,145,74,49,30,,,,,,,,0.0,0.2,0.2,0.18,0,0.0,0.0,0.0,2.0,2,0,0.0,0.0,0.0,0.0,0.0,0.0,0.0,0.0,0.0,0.0,0.0,0.0,0.0,0.0,2122.0,3072.0,0.0,0.0,0.0,0.0,0.0,0.0,0.0,0.0,0.0,0.0,0.0,0.0,0.0
430,Mason,Mount,Mount,d,Foot injury - 75% chance of playing,,5.5,131,81,0.0,534,220,0.0,549,230,0,0,0,0,0,0,0,0.0,0.0,1.5,1.0,0.0,549,230,75.0,75.0,539,224,554,233,525,212,555,231,,3.0,,,,,,0.0,0.0,0.0,0.0,0,0.0,0.0,0.0,0.0,2,0,0.0,0.0,0.0,0.0,0.0,0.0,0.0,0.0,0.0,0.0,0.0,0.0,0.0,0.0,3.0,62.0,0.0,0.0,0.0,0.0,0.0,0.0,0.0,0.0,0.0,0.0,0.0,0.0,0.0
431,Amad,Diallo,Amad,i,Unspecified injury - Unknown return date,,5.9,112,73,0.9,201,67,0.0,584,252,0,0,0,-1,1,0,0,0.0,0.0,0.0,2.1,0.0,584,252,0.0,0.0,578,249,587,254,578,246,589,254,4.0,,,,,,,0.0,0.0,0.0,0.0,0,0.0,0.0,0.0,0.0,2,0,0.0,0.0,0.0,0.0,0.0,0.0,0.0,0.0,0.0,0.0,0.0,0.0,0.0,0.0,49.0,12401.0,0.0,0.0,0.0,0.0,0.0,0.0,0.0,0.0,0.0,0.0,0.0,0.0,0.0
432,Kobbie,Mainoo,Mainoo,a,,,5.5,201,126,0.9,200,66,1.0,264,120,0,0,0,0,0,0,0,0.2,0.2,2.0,2.0,1.0,264,120,,,239,108,170,100,178,88,247,110,,,,,,,,0.27,0.04,0.31,0.27,0,0.0,0.0,0.0,3.91,2,0,0.0,0.0,0.0,0.0,0.0,0.0,0.0,0.0,0.0,0.0,0.0,0.0,0.0,0.0,466.0,1572.0,0.0,0.0,0.0,0.0,0.0,0.0,0.0,0.0,0.0,0.0,0.0,0.0,0.0
433,Manuel,Ugarte Ribeiro,Ugarte,i,Knee injury - Unknown return date,,5.0,288,172,0.0,605,263,0.0,476,187,0,0,0,0,0,0,0,0.0,0.0,0.0,0.0,0.0,476,187,0.0,0.0,467,181,476,190,427,155,483,188,,,,,,,,0.0,0.0,0.0,0.0,0,0.0,0.0,0.0,0.0,2,0,0.0,0.0,0.0,0.0,0.0,0.0,0.0,0.0,0.0,0.0,0.0,0.0,0.0,0.0,2.0,7.0,0.0,0.0,0.0,0.0,0.0,0.0,0.0,0.0,0.0,0.0,0.0,0.0,0.0
434,Jack,Fletcher,J.Fletcher,a,,,5.0,371,220,0.0,582,248,0.0,528,219,0,0,0,0,0,0,0,0.0,0.0,1.5,1.5,0.0,528,219,,,516,211,529,220,487,188,532,218,,,,,,,,0.0,0.0,0.0,0.0,0,0.0,0.0,0.0,0.0,2,0,0.0,0.0,0.0,0.0,0.0,0.0,0.0,0.0,0.0,0.0,0.0,0.0,0.0,0.0,1.0,17.0,0.0,0.0,0.0,0.0,0.0,0.0,0.0,0.0,0.0,0.0,0.0,0.0,0.0
435,Shea,Lacey,Lacey,a,,,5.0,381,227,0.0,489,202,1.0,233,102,0,0,0,0,0,0,0,0.2,0.2,1.5,1.5,1.0,233,102,,,277,132,242,128,496,195,289,137,,,,,,,,0.0,0.0,0.0,0.0,0,0.0,0.0,0.0,9.0,2,0,0.0,0.0,0.0,0.0,0.0,0.0,0.0,0.0,0.0,0.0,0.0,0.0,0.0,0.0,41.0,78.0,0.0,0.0,0.0,0.0,0.0,0.0,0.0,0.0,0.0,0.0,0.0,0.0,0.0
436,Toby,Collyer,Collyer,a,,,5.0,337,197,0.0,558,230,0.0,511,209,0,0,0,0,0,0,0,0.0,0.0,1.5,1.5,0.0,511,209,,,499,201,511,210,468,177,515,208,,,,,,,,0.0,0.0,0.0,0.0,0,0.0,0.0,0.0,0.0,2,0,0.0,0.0,0.0,0.0,0.0,0.0,0.0,0.0,0.0,0.0,0.0,0.0,0.0,0.0,3.0,23.0,0.0,0.0,0.0,0.0,0.0,0.0,0.0,0.0,0.0,0.0,0.0,0.0,0.0
437,Bendito,Mantato,Bendito Mantato,a,,,4.5,524,262,0.2,358,133,0.0,421,158,0,0,0,0,0,0,0,0.0,0.0,1.0,1.0,0.0,421,158,,,410,151,416,161,356,119,426,158,,,,,,,,0.0,0.0,0.0,0.0,0,0.0,0.0,0.0,0.0,2,0,0.0,0.0,0.0,0.0,0.0,0.0,0.0,0.0,0.0,0.0,0.0,0.0,0.0,0.0,58.0,230.0,0.0,0.0,0.0,0.0,0.0,0.0,0.0,0.0,0.0,0.0,0.0,0.0,0.0
438,Tyler,Fletcher,Fletcher,a,,,4.5,505,257,0.3,292,97,0.0,405,153,0,0,0,0,0,0,0,0.0,0.0,1.0,1.0,0.0,405,153,,,393,146,400,156,338,114,409,153,,,,,,,,0.0,0.0,0.0,0.0,0,0.0,0.0,0.0,0.0,2,0,0.0,0.0,0.0,0.0,0.0,0.0,0.0,0.0,0.0,0.0,0.0,0.0,0.0,0.0,111.0,428.0,0.0,0.0,0.0,0.0,0.0,0.0,0.0,0.0,0.0,0.0,0.0,0.0,0.0
439,Benjamin,Sesko,Šeško,a,,,7.0,29,10,1.8,137,21,1.0,292,34,0,0,0,0,0,0,0,0.1,0.1,2.2,1.7,1.0,292,34,100.0,100.0,614,70,253,28,94,19,239,24,,,,,,,,0.16,0.0,0.16,0.27,0,0.0,0.0,0.0,0.0,2,0,0.0,0.0,0.0,0.0,0.0,0.0,0.0,0.0,0.0,0.0,0.0,0.0,0.0,0.0,5166.0,2041.0,0.0,0.0,0.0,0.0,0.0,0.0,0.0,0.0,0.0,0.0,0.0,0.0,0.0
440,Joshua,Zirkzee,Zirkzee,a,,,5.5,174,39,0.5,250,40,0.0,566,59,0,0,0,0,0,0,0,0.0,0.0,1.8,1.8,0.0,566,59,,,555,51,568,57,551,58,569,59,,,,,,,,0.0,0.0,0.0,0.0,0,0.0,0.0,0.0,0.0,2,0,0.0,0.0,0.0,0.0,0.0,0.0,0.0,0.0,0.0,0.0,0.0,0.0,0.0,0.0,170.0,1962.0,0.0,0.0,0.0,0.0,0.0,0.0,0.0,0.0,0.0,0.0,0.0,0.0,0.0
441,Chido,Obi,Obi,a,,,4.5,531,71,1.1,186,28,0.0,426,43,0,0,0,0,0,0,0,0.0,0.0,1.0,1.0,0.0,426,43,,,415,33,421,40,361,39,431,42,,,,,,,,0.0,0.0,0.0,0.0,0,0.0,0.0,0.0,0.0,2,0,0.0,0.0,0.0,0.0,0.0,0.0,0.0,0.0,0.0,0.0,0.0,0.0,0.0,0.0,723.0,1416.0,0.0,0.0,0.0,0.0,0.0,0.0,0.0,0.0,0.0,0.0,0.0,0.0,0.0
405,Nico,González Iglesias,N.Gonzalez,a,,,5.5,179,109,0.2,373,142,0.0,568,241,0,0,0,0,0,0,0,0.0,0.0,2.0,2.0,0.0,568,241,,,558,235,571,243,555,231,572,241,,,,,,,,0.0,0.0,0.0,0.0,0,0.0,0.0,0.0,0.0,2,0,0.0,0.0,0.0,0.0,0.0,0.0,0.0,0.0,0.0,0.0,0.0,0.0,0.0,0.0,880.0,255.0,0.0,0.0,0.0,0.0,0.0,0.0,0.0,0.0,0.0,0.0,0.0,0.0,0.0
442,Nick,Pope,Pope,a,,,5.0,233,6,1.3,171,25,0.0,444,60,0,0,0,0,0,0,0,0.0,0.0,2.6,2.6,0.0,444,60,,,433,60,440,49,381,49,449,60,,,,,,,,0.0,0.0,0.0,0.0,0,0.0,0.0,0.0,0.0,2,0,0.0,0.0,0.0,0.0,0.0,0.0,0.0,0.0,0.0,0.0,0.0,0.0,0.0,0.0,320.0,1938.0,0.0,0.0,0.0,0.0,0.0,0.0,0.0,0.0,0.0,0.0,0.0,0.0,0.0
443,Mark,Gillespie,Gillespie,a,,,4.5,409,25,0.0,520,56,0.0,349,42,0,0,0,0,0,0,0,0.0,0.0,1.9,1.9,0.0,349,42,,,336,42,339,24,263,24,353,42,,,,,,,,0.0,0.0,0.0,0.0,0,0.0,0.0,0.0,0.0,2,0,0.0,0.0,0.0,0.0,0.0,0.0,0.0,0.0,0.0,0.0,0.0,0.0,0.0,0.0,10.0,32.0,0.0,0.0,0.0,0.0,0.0,0.0,0.0,0.0,0.0,0.0,0.0,0.0,0.0
444,Ewen,Jaouen,Jaouen,a,,,4.5,515,48,0.0,533,61,0.0,414,59,0,0,0,0,0,0,0,0.0,0.0,1.9,1.9,0.0,414,59,,,402,59,409,47,347,47,418,59,,,,,,,,0.0,0.0,0.0,0.0,0,0.0,0.0,0.0,0.0,2,0,0.0,0.0,0.0,0.0,0.0,0.0,0.0,0.0,0.0,0.0,0.0,0.0,0.0,0.0,16.0,33.0,0.0,0.0,0.0,0.0,0.0,0.0,0.0,0.0,0.0,0.0,0.0,0.0,0.0
445,Malick,Thiaw,Thiaw,a,,,5.0,320,60,1.8,141,57,3.0,90,39,0,0,0,0,0,0,0,0.6,0.6,2.2,2.2,3.0,90,39,,,32,11,269,98,455,180,108,37,,,,,,,,0.0,0.0,0.0,2.98,0,0.0,2.0,1.0,15.0,2,0,0.0,0.0,0.0,0.0,0.0,0.0,0.0,0.0,0.0,0.0,0.0,0.0,0.0,0.0,3605.0,1944.0,0.0,0.0,0.0,0.0,0.0,0.0,0.0,0.0,0.0,0.0,0.0,0.0,0.0
446,Fabian,Schär,Schär,a,,,5.0,239,38,0.3,308,115,1.0,209,84,0,0,0,0,0,0,0,0.2,0.2,2.2,2.2,1.0,209,84,100.0,100.0,439,177,446,178,387,161,455,177,,2.0,,,,,,0.0,0.0,0.0,71.1,0,0.0,90.0,0.0,0.0,2,0,0.0,0.0,0.0,0.0,0.0,0.0,0.0,0.0,0.0,0.0,0.0,0.0,0.0,0.0,193.0,286.0,0.0,0.0,0.0,0.0,0.0,0.0,0.0,0.0,0.0,0.0,0.0,0.0,0.0
447,Sven,Botman,Botman,a,,,5.0,277,47,0.5,247,93,3.0,88,37,0,0,0,0,0,0,0,0.6,0.6,2.2,2.2,3.0,88,37,,,46,17,258,94,416,169,121,44,,,,,,,,0.0,0.01,0.01,2.98,0,0.0,2.0,1.0,10.0,2,0,0.0,0.0,0.0,0.0,0.0,0.0,0.0,0.0,0.0,0.0,0.0,0.0,0.0,0.0,1220.0,463.0,0.0,0.0,0.0,0.0,0.0,0.0,0.0,0.0,0.0,0.0,0.0,0.0,0.0
448,Dan,Burn,Burn,i,Ankle injury - Expected back 14 Sep,,5.0,229,35,1.6,151,63,0.0,443,169,0,0,0,0,0,0,0,0.0,0.0,0.0,2.2,0.0,443,169,0.0,0.0,432,175,438,176,379,159,448,175,,,,,,,,0.0,0.0,0.0,0.0,0,0.0,0.0,0.0,0.0,2,0,0.0,0.0,0.0,0.0,0.0,0.0,0.0,0.0,0.0,0.0,0.0,0.0,0.0,0.0,26.0,9412.0,0.0,0.0,0.0,0.0,0.0,0.0,0.0,0.0,0.0,0.0,0.0,0.0,0.0
449,Lewis,Hall,Hall,a,,,5.0,332,66,4.1,80,34,3.0,91,40,0,0,0,0,0,0,0,0.6,0.6,2.2,2.2,3.0,91,40,,,75,35,80,24,463,183,113,41,1.0,1.0,,,,,,0.0,0.35,0.35,2.98,0,0.0,2.0,1.0,11.0,2,0,0.0,0.0,0.0,0.0,0.0,0.0,0.0,0.0,0.0,0.0,0.0,0.0,0.0,0.0,6409.0,3089.0,0.0,0.0,0.0,0.0,0.0,0.0,0.0,0.0,0.0,0.0,0.0,0.0,0.0
450,Tino,Livramento,Livramento,i,Calf injury - Unknown return date,,5.0,306,55,0.0,519,181,0.0,490,181,0,0,0,0,0,0,0,0.0,0.0,0.0,0.0,0.0,490,181,0.0,0.0,479,188,489,188,442,176,495,188,,,,,,,,0.0,0.0,0.0,0.0,0,0.0,0.0,0.0,0.0,2,0,0.0,0.0,0.0,0.0,0.0,0.0,0.0,0.0,0.0,0.0,0.0,0.0,0.0,0.0,8.0,103.0,0.0,0.0,0.0,0.0,0.0,0.0,0.0,0.0,0.0,0.0,0.0,0.0,0.0
451,Alex,Murphy,A.Murphy,u,Has joined FC Kaiserslautern on loan for the rest of the season,,4.0,601,188,0.1,425,150,0.0,331,117,0,0,0,0,0,0,0,0.0,0.0,0.0,0.0,0.0,331,117,0.0,0.0,318,122,318,124,240,93,335,123,,,,,,,,0.0,0.0,0.0,0.0,0,0.0,0.0,0.0,0.0,2,0,0.0,0.0,0.0,0.0,0.0,0.0,0.0,0.0,0.0,0.0,0.0,0.0,0.0,0.0,0.0,211.0,0.0,0.0,0.0,0.0,0.0,0.0,0.0,0.0,0.0,0.0,0.0,0.0,0.0
453,Harvey,Barnes,Barnes,a,,,6.0,68,46,1.1,182,56,2.0,152,75,0,0,0,0,0,0,0,0.3,0.3,2.2,2.2,2.0,152,75,,,210,87,175,103,91,44,202,90,,,,,,,,0.07,0.02,0.09,2.98,0,0.0,2.0,1.0,8.0,2,0,0.0,0.0,0.0,0.0,0.0,0.0,0.0,0.0,0.0,0.0,0.0,0.0,0.0,0.0,4465.0,1986.0,0.0,0.0,0.0,0.0,0.0,0.0,0.0,0.0,0.0,0.0,0.0,0.0,0.0
454,Anthony,Elanga,Elanga,a,,,6.0,87,56,2.2,128,40,9.0,27,13,0,0,0,0,0,0,0,1.5,1.5,2.2,2.2,9.0,27,13,,,33,17,160,93,34,18,45,27,4.0,,,,,,,0.26,0.01,0.27,2.33,0,0.0,1.2,1.2,2.4,2,0,0.0,0.0,0.0,0.0,0.0,0.0,0.0,0.0,0.0,0.0,0.0,0.0,0.0,0.0,19939.0,2206.0,0.0,0.0,0.0,0.0,0.0,0.0,0.0,0.0,0.0,0.0,0.0,0.0,0.0
456,Jacob,Ramsey,J.Ramsey,a,,,5.0,290,174,0.3,287,94,0.0,478,189,0,0,0,0,0,0,0,0.0,0.0,1.5,1.5,0.0,478,189,,,180,71,208,117,132,65,224,99,,,,,,,,0.16,0.03,0.19,3.97,0,0.0,2.65,0.0,15.88,2,0,0.0,0.0,0.0,0.0,0.0,0.0,0.0,0.0,0.0,0.0,0.0,0.0,0.0,0.0,175.0,780.0,0.0,0.0,0.0,0.0,0.0,0.0,0.0,0.0,0.0,0.0,0.0,0.0,0.0
457,Jacob,Murphy,J.Murphy,a,,,6.0,59,40,0.2,374,143,0.0,586,253,0,0,0,0,0,0,0,0.0,0.0,2.2,2.2,0.0,586,253,,,581,250,276,144,182,92,293,139,2.0,,,,,,,0.0,0.0,0.0,6.69,0,0.0,6.43,0.0,12.86,2,0,0.0,0.0,0.0,0.0,0.0,0.0,0.0,0.0,0.0,0.0,0.0,0.0,0.0,0.0,95.0,491.0,0.0,0.0,0.0,0.0,0.0,0.0,0.0,0.0,0.0,0.0,0.0,0.0,0.0
458,Joelinton Cássio,Apolinário de Lira,Joelinton,i,Unspecified injury - Unknown return date,,5.5,130,80,0.0,535,221,0.0,548,229,0,0,0,0,0,0,0,0.0,0.0,0.0,0.0,0.0,548,229,0.0,0.0,538,223,553,232,524,211,554,230,,,,,,,,0.0,0.0,0.0,0.0,0,0.0,0.0,0.0,0.0,2,0,0.0,0.0,0.0,0.0,0.0,0.0,0.0,0.0,0.0,0.0,0.0,0.0,0.0,0.0,7.0,115.0,0.0,0.0,0.0,0.0,0.0,0.0,0.0,0.0,0.0,0.0,0.0,0.0,0.0
459,Lewis,Miley,L.Miley,a,,,5.5,207,130,0.1,459,183,3.0,101,44,0,0,0,0,0,0,0,0.5,0.5,2.0,2.0,3.0,101,44,100.0,100.0,109,37,59,39,152,79,103,54,3.0,,,,,,,0.06,0.01,0.07,2.33,0,0.0,1.2,1.2,15.6,2,0,0.0,0.0,0.0,0.0,0.0,0.0,0.0,0.0,0.0,0.0,0.0,0.0,0.0,0.0,253.0,99.0,0.0,0.0,0.0,0.0,0.0,0.0,0.0,0.0,0.0,0.0,0.0,0.0,0.0
460,Joe,Willock,Willock,a,,,5.0,256,156,0.2,316,109,6.0,51,22,0,0,0,0,0,0,0,1.2,1.2,1.5,1.5,6.0,51,22,,,29,16,90,58,90,43,52,31,,,,,,,,0.24,0.45,0.69,3.97,0,0.0,2.65,0.0,7.94,2,0,0.0,0.0,0.0,0.0,0.0,0.0,0.0,0.0,0.0,0.0,0.0,0.0,0.0,0.0,1978.0,367.0,0.0,0.0,0.0,0.0,0.0,0.0,0.0,0.0,0.0,0.0,0.0,0.0,0.0
461,Bazoumana,Touré,Touré,a,,,6.0,109,70,0.2,335,120,0.0,600,262,0,0,0,0,0,0,0,0.0,0.0,2.2,2.2,0.0,600,262,,,601,261,604,263,599,258,604,263,,,,,,,,0.0,0.0,0.0,0.0,0,0.0,0.0,0.0,0.0,2,0,0.0,0.0,0.0,0.0,0.0,0.0,0.0,0.0,0.0,0.0,0.0,0.0,0.0,0.0,61.0,800.0,0.0,0.0,0.0,0.0,0.0,0.0,0.0,0.0,0.0,0.0,0.0,0.0,0.0
462,Sean,Steur,Steur,a,,,5.0,394,236,0.1,413,161,1.0,238,106,0,0,0,0,0,0,0,0.2,0.2,1.5,1.5,1.0,238,106,,,272,128,214,120,505,201,283,134,,,,,,,,0.0,0.0,0.0,2.42,0,0.0,1.64,1.64,3.27,2,0,0.0,0.0,0.0,0.0,0.0,0.0,0.0,0.0,0.0,0.0,0.0,0.0,0.0,0.0,91.0,151.0,0.0,0.0,0.0,0.0,0.0,0.0,0.0,0.0,0.0,0.0,0.0,0.0,0.0
463,Nick,Woltemade,Woltemade,a,,,6.0,93,23,1.5,156,25,0.0,594,65,0,0,0,0,0,0,0,0.0,0.0,2.0,2.0,0.0,594,65,,,594,65,598,66,591,66,598,66,,,1.0,,,,,0.0,0.0,0.0,0.0,0,0.0,0.0,0.0,0.0,2,0,0.0,0.0,0.0,0.0,0.0,0.0,0.0,0.0,0.0,0.0,0.0,0.0,0.0,0.0,764.0,4654.0,0.0,0.0,0.0,0.0,0.0,0.0,0.0,0.0,0.0,0.0,0.0,0.0,0.0
464,Yoane,Wissa,Wissa,a,,,6.0,73,19,3.6,93,14,4.0,78,8,0,0,0,0,0,0,0,0.7,0.7,2.0,2.0,4.0,78,8,,,85,7,74,6,33,9,48,8,,,3.0,,,,,1.0,0.02,1.02,2.19,0,0.0,1.0,1.0,8.0,2,0,0.0,0.0,0.0,0.0,0.0,0.0,0.0,0.0,0.0,0.0,0.0,0.0,0.0,0.0,38242.0,5015.0,0.0,0.0,0.0,0.0,0.0,0.0,0.0,0.0,0.0,0.0,0.0,0.0,0.0
465,William,Osula,Osula,i,Foot injury - Unknown return date,,6.0,103,26,0.9,203,32,4.0,80,10,0,0,0,0,0,0,0,0.7,0.7,0.0,2.0,4.0,80,10,0.0,0.0,59,6,95,8,100,20,78,11,,,2.0,,,,,0.1,0.23,0.33,2.42,0,0.0,1.64,1.64,8.18,2,0,0.0,0.0,0.0,0.0,0.0,0.0,0.0,0.0,0.0,0.0,0.0,0.0,0.0,0.0,81.0,8448.0,0.0,0.0,0.0,0.0,0.0,0.0,0.0,0.0,0.0,0.0,0.0,0.0,0.0
466,Sean,Neave,Neave,a,,,4.5,533,72,0.8,220,37,0.0,428,44,0,0,0,0,0,0,0,0.0,0.0,1.0,1.0,0.0,428,44,,,417,34,423,41,363,40,433,43,,,,,,,,0.0,0.0,0.0,0.0,0,0.0,0.0,0.0,0.0,2,0,0.0,0.0,0.0,0.0,0.0,0.0,0.0,0.0,0.0,0.0,0.0,0.0,0.0,0.0,820.0,1111.0,0.0,0.0,0.0,0.0,0.0,0.0,0.0,0.0,0.0,0.0,0.0,0.0,0.0
559,Aladji,Bamba,Bamba,a,,,5.0,393,235,0.1,391,152,1.0,237,105,0,0,0,0,0,0,0,0.2,0.2,1.5,1.5,1.0,237,105,,,223,96,540,227,504,200,266,122,,,,,,,,0.0,0.0,0.0,6.69,0,0.0,6.43,0.0,12.86,2,0,0.0,0.0,0.0,0.0,0.0,0.0,0.0,0.0,0.0,0.0,0.0,0.0,0.0,0.0,70.0,255.0,0.0,0.0,0.0,0.0,0.0,0.0,0.0,0.0,0.0,0.0,0.0,0.0,0.0
567,Lukás,Hornícek,Horníček,a,,,5.0,325,19,0.7,226,31,1.0,219,19,0,0,0,0,0,0,0,0.2,0.2,2.6,2.6,1.0,219,19,,,24,2,503,62,458,62,100,2,,,,,,,,0.0,0.0,0.0,2.98,5,0.0,2.0,1.0,0.0,2,0,0.0,0.0,0.0,0.0,0.0,0.0,0.0,0.0,0.0,0.0,0.0,0.0,0.0,0.0,853.0,752.0,0.0,0.0,0.0,0.0,0.0,0.0,0.0,0.0,0.0,0.0,0.0,0.0,0.0
593,Amar,Dedic,Dedić,a,,,4.5,477,127,0.4,281,107,1.0,195,73,0,0,0,0,0,0,0,0.2,0.2,1.7,1.7,1.0,195,73,,,106,46,212,69,123,39,161,62,,,,,,,,0.03,0.0,0.03,2.98,0,0.0,2.0,1.0,9.0,2,0,0.0,0.0,0.0,0.0,0.0,0.0,0.0,0.0,0.0,0.0,0.0,0.0,0.0,0.0,2385.0,452.0,0.0,0.0,0.0,0.0,0.0,0.0,0.0,0.0,0.0,0.0,0.0,0.0,0.0
609,Leo,Shahar,Shahar,a,,,4.0,605,192,0.1,404,143,0.0,335,121,0,0,0,0,0,0,0,0.0,0.0,1.0,1.0,0.0,335,121,,,322,126,322,128,244,97,339,127,,,,,,,,0.0,0.0,0.0,0.0,0,0.0,0.0,0.0,0.0,2,0,0.0,0.0,0.0,0.0,0.0,0.0,0.0,0.0,0.0,0.0,0.0,0.0,0.0,0.0,709.0,103.0,0.0,0.0,0.0,0.0,0.0,0.0,0.0,0.0,0.0,0.0,0.0,0.0,0.0
167,Liam,Delap,Delap,a,,,5.5,175,40,0.5,257,43,0.0,567,60,0,0,0,0,0,0,0,0.0,0.0,1.8,1.8,0.0,567,60,,,556,52,569,58,552,59,570,60,,,2.0,,,,,0.0,0.0,0.0,0.0,0,0.0,0.0,0.0,0.0,2,0,0.0,0.0,0.0,0.0,0.0,0.0,0.0,0.0,0.0,0.0,0.0,0.0,0.0,0.0,2841.0,961.0,0.0,0.0,0.0,0.0,0.0,0.0,0.0,0.0,0.0,0.0,0.0,0.0,0.0
467,Matz,Sels,Sels,a,,,5.0,230,5,1.5,158,24,2.0,119,12,0,0,0,0,0,0,0,0.4,0.4,2.6,2.6,2.0,119,12,,,122,18,439,48,380,48,217,18,,,,,,,,0.0,0.0,0.0,0.47,2,0.0,1.0,1.0,0.0,2,0,0.0,0.0,0.0,0.0,0.0,0.0,0.0,0.0,0.0,0.0,0.0,0.0,0.0,0.0,756.0,2690.0,0.0,0.0,0.0,0.0,0.0,0.0,0.0,0.0,0.0,0.0,0.0,0.0,0.0
468,John Victor,Maciel Furtado,John,a,,,4.5,447,34,0.1,466,52,0.0,371,51,0,0,0,0,0,0,0,0.0,0.0,1.9,1.9,0.0,371,51,,,358,51,362,33,290,33,375,51,,,,,,,,0.0,0.0,0.0,0.0,0,0.0,0.0,0.0,0.0,2,0,0.0,0.0,0.0,0.0,0.0,0.0,0.0,0.0,0.0,0.0,0.0,0.0,0.0,0.0,23.0,69.0,0.0,0.0,0.0,0.0,0.0,0.0,0.0,0.0,0.0,0.0,0.0,0.0,0.0
469,Neco,Williams,N.Williams,a,,,5.0,272,45,8.9,44,16,2.0,126,46,0,0,0,0,0,0,0,0.4,0.4,2.2,2.2,2.0,126,46,,,113,52,141,41,115,34,144,57,1.0,2.0,,,,,,0.0,0.02,0.02,0.47,0,0.0,1.0,1.0,6.0,2,0,0.0,0.0,0.0,0.0,0.0,0.0,0.0,0.0,0.0,0.0,0.0,0.0,0.0,0.0,1171.0,17695.0,0.0,0.0,0.0,0.0,0.0,0.0,0.0,0.0,0.0,0.0,0.0,0.0,0.0
470,Felipe,Rodrigues da Silva,Morato,a,,,5.0,329,65,0.0,492,171,0.0,504,186,0,0,0,0,0,0,0,0.0,0.0,2.2,2.2,0.0,504,186,,,492,192,504,192,460,182,508,192,,,,,,,,0.0,0.0,0.0,0.0,0,0.0,0.0,0.0,0.0,2,0,0.0,0.0,0.0,0.0,0.0,0.0,0.0,0.0,0.0,0.0,0.0,0.0,0.0,0.0,15.0,103.0,0.0,0.0,0.0,0.0,0.0,0.0,0.0,0.0,0.0,0.0,0.0,0.0,0.0
471,Nikola,Milenković,Milenković,a,,,5.5,150,18,1.8,140,56,2.0,140,49,0,0,0,0,0,0,0,0.4,0.4,2.5,2.5,2.0,140,49,,,182,80,244,88,72,19,166,65,,,,,,,,0.11,0.02,0.13,0.47,0,0.0,1.0,1.0,7.0,2,0,0.0,0.0,0.0,0.0,0.0,0.0,0.0,0.0,0.0,0.0,0.0,0.0,0.0,0.0,282.0,3845.0,0.0,0.0,0.0,0.0,0.0,0.0,0.0,0.0,0.0,0.0,0.0,0.0,0.0
472,Murillo,Costa dos Santos,Murillo,a,,,5.5,215,31,1.6,149,62,4.0,77,32,0,0,0,0,0,0,0,0.7,0.7,2.5,2.5,4.0,77,32,100.0,100.0,47,18,45,14,572,201,57,16,,3.0,,,,,,0.0,0.28,0.28,0.47,0,0.0,1.0,1.0,14.0,2,0,0.0,0.0,0.0,0.0,0.0,0.0,0.0,0.0,0.0,0.0,0.0,0.0,0.0,0.0,965.0,2579.0,0.0,0.0,0.0,0.0,0.0,0.0,0.0,0.0,0.0,0.0,0.0,0.0,0.0
473,Ola,Aina,Aina,a,,,4.5,426,89,3.5,96,38,5.0,65,29,0,0,0,0,0,0,0,1.1,1.1,1.7,1.7,5.0,65,29,,,107,47,20,5,81,25,50,12,,,,,,,,0.05,0.21,0.26,0.42,0,1.23,0.0,1.23,2.47,2,0,0.0,0.0,0.0,0.0,0.0,0.0,0.0,0.0,0.0,0.0,0.0,0.0,0.0,0.0,2283.0,4363.0,0.0,0.0,0.0,0.0,0.0,0.0,0.0,0.0,0.0,0.0,0.0,0.0,0.0
474,Jair,Paula da Cunha Filho,Jair Cunha,a,,,4.5,523,145,0.2,334,125,1.0,205,81,0,0,0,0,0,0,0,0.2,0.2,1.7,1.7,1.0,205,81,,,80,37,207,67,355,153,164,64,,,,,,,,0.0,0.0,0.0,0.47,0,0.0,1.0,1.0,8.0,2,0,0.0,0.0,0.0,0.0,0.0,0.0,0.0,0.0,0.0,0.0,0.0,0.0,0.0,0.0,21.0,291.0,0.0,0.0,0.0,0.0,0.0,0.0,0.0,0.0,0.0,0.0,0.0,0.0,0.0
475,Nicolò,Savona,Savona,i,Knee injury - Unknown return date,,4.5,497,135,0.0,609,204,0.0,398,156,0,0,0,0,0,0,0,0.0,0.0,0.0,0.0,0.0,398,156,0.0,0.0,386,162,393,163,330,144,402,162,,,,,,,,0.0,0.0,0.0,0.0,0,0.0,0.0,0.0,0.0,2,0,0.0,0.0,0.0,0.0,0.0,0.0,0.0,0.0,0.0,0.0,0.0,0.0,0.0,0.0,47.0,7.0,0.0,0.0,0.0,0.0,0.0,0.0,0.0,0.0,0.0,0.0,0.0,0.0,0.0
476,Omar,Richards,O.Richards,a,,,4.0,570,166,0.2,322,121,0.0,309,104,0,0,0,0,0,0,0,0.0,0.0,1.0,1.0,0.0,309,104,,,296,109,295,110,215,77,313,110,,,,,,,,0.0,0.0,0.0,0.0,0,0.0,0.0,0.0,0.0,2,0,0.0,0.0,0.0,0.0,0.0,0.0,0.0,0.0,0.0,0.0,0.0,0.0,0.0,0.0,47.0,283.0,0.0,0.0,0.0,0.0,0.0,0.0,0.0,0.0,0.0,0.0,0.0,0.0,0.0
477,Zach,Abbott,Abbott,a,,,4.0,604,191,0.3,314,119,0.0,334,120,0,0,0,0,0,0,0,0.0,0.0,1.0,1.0,0.0,334,120,,,321,125,321,127,243,96,338,126,,,,,,,,0.0,0.0,0.0,0.0,0,0.0,0.0,0.0,0.0,2,0,0.0,0.0,0.0,0.0,0.0,0.0,0.0,0.0,0.0,0.0,0.0,0.0,0.0,0.0,89.0,337.0,0.0,0.0,0.0,0.0,0.0,0.0,0.0,0.0,0.0,0.0,0.0,0.0,0.0
478,Luca,Netz,Netz,a,,,4.5,480,128,0.0,516,178,1.0,196,74,0,0,0,0,0,0,0,0.2,0.2,1.7,1.7,1.0,196,74,,,376,158,224,75,315,139,288,101,,,,,,,,0.0,0.0,0.0,0.73,0,0.0,5.62,0.0,0.0,2,0,0.0,0.0,0.0,0.0,0.0,0.0,0.0,0.0,0.0,0.0,0.0,0.0,0.0,0.0,12.0,40.0,0.0,0.0,0.0,0.0,0.0,0.0,0.0,0.0,0.0,0.0,0.0,0.0,0.0
479,Tyler,Bindon,Bindon,a,,,4.0,599,186,0.2,355,133,0.0,330,116,0,0,0,0,0,0,0,0.0,0.0,1.0,1.0,0.0,330,116,,,317,121,317,123,238,91,334,122,,,,,,,,0.0,0.0,0.0,0.0,0,0.0,0.0,0.0,0.0,2,0,0.0,0.0,0.0,0.0,0.0,0.0,0.0,0.0,0.0,0.0,0.0,0.0,0.0,0.0,45.0,205.0,0.0,0.0,0.0,0.0,0.0,0.0,0.0,0.0,0.0,0.0,0.0,0.0,0.0
480,Morgan,Gibbs-White,Gibbs-White,a,,,8.0,7,5,8.2,50,19,2.0,166,83,0,0,0,0,0,0,0,0.2,0.2,2.8,2.8,2.0,166,83,100.0,100.0,620,273,126,73,67,37,160,73,,1.0,3.0,,,,,0.13,0.06,0.19,0.47,0,0.0,1.0,1.0,3.0,2,0,0.0,0.0,0.0,0.0,0.0,0.0,0.0,0.0,0.0,0.0,0.0,0.0,0.0,0.0,1446.0,49012.0,0.0,0.0,0.0,0.0,0.0,0.0,0.0,0.0,0.0,0.0,0.0,0.0,0.0
482,Callum,Hudson-Odoi,Hudson-Odoi,a,,,6.0,71,47,0.2,328,116,0.0,589,255,0,0,0,0,0,0,0,0.0,0.0,2.2,2.2,0.0,589,255,100.0,100.0,587,253,593,256,583,248,593,256,,4.0,,,,,,0.0,0.0,0.0,0.0,0,0.0,0.0,0.0,0.0,2,0,0.0,0.0,0.0,0.0,0.0,0.0,0.0,0.0,0.0,0.0,0.0,0.0,0.0,0.0,88.0,1164.0,0.0,0.0,0.0,0.0,0.0,0.0,0.0,0.0,0.0,0.0,0.0,0.0,0.0
483,Dan,Ndoye,Ndoye,a,,,5.5,173,108,0.4,275,89,3.0,99,42,0,0,0,0,0,0,0,0.5,0.5,2.0,2.0,3.0,99,42,,,259,119,169,99,550,230,269,125,,,,,,,,0.0,0.0,0.0,0.37,0,1.48,0.0,1.48,4.43,2,0,0.0,0.0,0.0,0.0,0.0,0.0,0.0,0.0,0.0,0.0,0.0,0.0,0.0,0.0,383.0,1162.0,0.0,0.0,0.0,0.0,0.0,0.0,0.0,0.0,0.0,0.0,0.0,0.0,0.0
484,Omari,Hutchinson,Hutchinson,a,,,5.5,199,124,0.2,371,141,0.0,575,248,0,0,0,0,0,0,0,0.0,0.0,2.0,2.0,0.0,575,248,,,566,242,579,250,566,240,579,248,4.0,,,,,,,0.0,0.0,0.0,0.0,0,0.0,0.0,0.0,0.0,2,0,0.0,0.0,0.0,0.0,0.0,0.0,0.0,0.0,0.0,0.0,0.0,0.0,0.0,0.0,33.0,438.0,0.0,0.0,0.0,0.0,0.0,0.0,0.0,0.0,0.0,0.0,0.0,0.0,0.0
485,Dilane,Bakwa,Bakwa,u,Has joined Lille on loan for the rest of the season,,5.5,183,113,0.0,574,243,0.0,570,243,0,0,0,0,0,0,0,0.0,0.0,0.0,2.0,0.0,570,243,0.0,0.0,560,237,573,245,557,233,574,243,,,,,,,,0.0,0.0,0.0,0.0,0,0.0,0.0,0.0,0.0,2,0,0.0,0.0,0.0,0.0,0.0,0.0,0.0,0.0,0.0,0.0,0.0,0.0,0.0,0.0,0.0,84.0,0.0,0.0,0.0,0.0,0.0,0.0,0.0,0.0,0.0,0.0,0.0,0.0,0.0
486,James,McAtee,McAtee,a,,,5.5,160,100,0.1,481,198,3.0,98,41,0,0,0,0,0,0,0,0.5,0.5,2.0,2.0,3.0,98,41,,,146,49,12,10,541,225,67,35,2.0,,,,,,,0.0,0.2,0.2,0.42,0,1.23,0.0,1.23,9.86,2,0,0.0,0.0,0.0,0.0,0.0,0.0,0.0,0.0,0.0,0.0,0.0,0.0,0.0,0.0,139.0,91.0,0.0,0.0,0.0,0.0,0.0,0.0,0.0,0.0,0.0,0.0,0.0,0.0,0.0
487,Nicolás,Domínguez,Dominguez,a,,,5.0,297,179,0.1,450,179,0.0,485,194,0,0,0,0,0,0,0,0.0,0.0,1.5,1.5,0.0,485,194,,,474,186,483,195,434,160,490,193,,,,,,,,0.0,0.0,0.0,0.0,0,0.0,0.0,0.0,0.0,2,0,0.0,0.0,0.0,0.0,0.0,0.0,0.0,0.0,0.0,0.0,0.0,0.0,0.0,0.0,23.0,165.0,0.0,0.0,0.0,0.0,0.0,0.0,0.0,0.0,0.0,0.0,0.0,0.0,0.0
488,Ibrahim,Sangaré,I.Sangaré,i,Calf injury - Unknown return date,,5.0,267,164,0.9,208,70,2.0,124,56,0,0,0,0,0,0,0,0.4,0.4,0.0,1.5,2.0,124,56,0.0,0.0,97,34,99,61,149,76,119,59,,,,,,,,0.03,0.01,0.04,0.47,0,0.0,1.0,1.0,6.0,2,0,0.0,0.0,0.0,0.0,0.0,0.0,0.0,0.0,0.0,0.0,0.0,0.0,0.0,0.0,143.0,8058.0,0.0,0.0,0.0,0.0,0.0,0.0,0.0,0.0,0.0,0.0,0.0,0.0,0.0
489,Ryan,Yates,Yates,a,,,4.5,441,247,1.4,161,47,0.0,367,145,0,0,0,0,0,0,0,0.0,0.0,1.0,0.0,0.0,367,145,100.0,100.0,354,138,358,148,286,104,371,145,,,,,,,,0.0,0.0,0.0,0.0,0,0.0,0.0,0.0,0.0,2,0,0.0,0.0,0.0,0.0,0.0,0.0,0.0,0.0,0.0,0.0,0.0,0.0,0.0,0.0,1113.0,1939.0,0.0,0.0,0.0,0.0,0.0,0.0,0.0,0.0,0.0,0.0,0.0,0.0,0.0
490,Chris,Wood,Wood,a,,,6.0,58,14,1.5,153,24,1.0,271,30,0,0,0,0,0,0,0,0.2,0.2,2.0,2.0,1.0,271,30,,,580,59,174,21,153,25,271,28,,,1.0,,,,,0.39,0.03,0.42,0.71,0,0.0,3.21,0.0,3.21,2,0,0.0,0.0,0.0,0.0,0.0,0.0,0.0,0.0,0.0,0.0,0.0,0.0,0.0,0.0,529.0,5998.0,0.0,0.0,0.0,0.0,0.0,0.0,0.0,0.0,0.0,0.0,0.0,0.0,0.0
491,Igor Jesus,Maciel da Cruz,Igor Jesus,a,,,6.0,94,24,3.6,91,13,2.0,155,15,0,0,0,0,0,0,0,0.3,0.3,2.0,2.0,2.0,155,15,,,211,14,133,16,26,8,96,13,,,4.0,,,,,0.22,0.02,0.24,0.47,0,0.0,1.0,1.0,3.0,2,0,0.0,0.0,0.0,0.0,0.0,0.0,0.0,0.0,0.0,0.0,0.0,0.0,0.0,0.0,1411.0,14471.0,0.0,0.0,0.0,0.0,0.0,0.0,0.0,0.0,0.0,0.0,0.0,0.0,0.0
493,Arnaud,Kalimuendo,Kalimuendo,a,,,5.5,178,42,0.1,483,64,1.0,258,27,0,0,0,0,0,0,0,0.2,0.2,1.8,1.8,1.0,258,27,,,557,53,570,59,554,60,571,61,,,,,,,,0.0,0.0,0.0,0.0,0,0.0,0.0,0.0,0.0,2,0,0.0,0.0,0.0,0.0,0.0,0.0,0.0,0.0,0.0,0.0,0.0,0.0,0.0,0.0,46.0,144.0,0.0,0.0,0.0,0.0,0.0,0.0,0.0,0.0,0.0,0.0,0.0,0.0,0.0
558,Xaver,Schlager,Schlager,a,,,5.0,261,159,0.1,420,165,1.0,214,92,0,0,0,0,0,0,0,0.2,0.2,1.5,1.5,1.0,214,92,,,270,127,222,124,166,81,264,120,3.0,,,,,,,0.0,0.0,0.0,0.73,0,0.0,5.62,0.0,5.62,2,0,0.0,0.0,0.0,0.0,0.0,0.0,0.0,0.0,0.0,0.0,0.0,0.0,0.0,0.0,20.0,229.0,0.0,0.0,0.0,0.0,0.0,0.0,0.0,0.0,0.0,0.0,0.0,0.0,0.0
581,Ousmane,Diomande,Diomande,a,,,5.5,212,30,0.7,225,84,0.0,579,201,0,0,0,0,0,0,0,0.0,0.0,2.5,2.5,0.0,579,201,,,571,203,582,203,571,200,583,203,,,,,,,,0.0,0.0,0.0,0.0,0,0.0,0.0,0.0,0.0,2,0,0.0,0.0,0.0,0.0,0.0,0.0,0.0,0.0,0.0,0.0,0.0,0.0,0.0,0.0,244.0,1960.0,0.0,0.0,0.0,0.0,0.0,0.0,0.0,0.0,0.0,0.0,0.0,0.0,0.0
590,Steven,Benda,Benda,a,,,4.5,468,37,0.1,463,51,0.0,384,53,0,0,0,0,0,0,0,0.0,0.0,1.9,1.9,0.0,384,53,,,370,53,374,36,307,36,387,53,,,,,,,,0.0,0.0,0.0,0.0,0,0.0,0.0,0.0,0.0,2,0,0.0,0.0,0.0,0.0,0.0,0.0,0.0,0.0,0.0,0.0,0.0,0.0,0.0,0.0,80.0,71.0,0.0,0.0,0.0,0.0,0.0,0.0,0.0,0.0,0.0,0.0,0.0,0.0,0.0
112,Jan Paul,van Hecke,Van Hecke,a,,,5.0,322,62,9.5,40,14,1.0,218,87,0,0,0,0,0,0,0,0.2,0.2,2.2,2.2,1.0,218,87,,,58,22,166,49,170,60,122,45,,,,,,,,0.0,0.03,0.03,3.87,0,0.0,3.0,1.0,9.0,2,0,0.0,0.0,0.0,0.0,0.0,0.0,0.0,0.0,0.0,0.0,0.0,0.0,0.0,0.0,3456.0,15638.0,0.0,0.0,0.0,0.0,0.0,0.0,0.0,0.0,0.0,0.0,0.0,0.0,0.0
401,Omar,Marmoush,Marmoush,a,,,7.0,27,9,1.3,169,27,0.0,611,69,0,0,0,0,0,0,0,0.0,0.0,2.2,2.2,0.0,611,69,,,613,69,615,70,614,70,615,70,,,2.0,,,,,0.0,0.0,0.0,0.0,0,0.0,0.0,0.0,0.0,2,0,0.0,0.0,0.0,0.0,0.0,0.0,0.0,0.0,0.0,0.0,0.0,0.0,0.0,0.0,16422.0,2528.0,0.0,0.0,0.0,0.0,0.0,0.0,0.0,0.0,0.0,0.0,0.0,0.0,0.0
403,Sávio,Moreira de Oliveira,Sávio,a,,,6.5,47,32,0.9,202,68,0.0,608,269,0,0,0,0,0,0,0,0.0,0.0,2.3,2.3,0.0,608,269,,,610,269,612,270,610,268,612,270,,,,,,,,0.0,0.0,0.0,0.0,0,0.0,0.0,0.0,0.0,2,0,0.0,0.0,0.0,0.0,0.0,0.0,0.0,0.0,0.0,0.0,0.0,0.0,0.0,0.0,20190.0,1738.0,0.0,0.0,0.0,0.0,0.0,0.0,0.0,0.0,0.0,0.0,0.0,0.0,0.0
455,Sandro,Tonali,Tonali,a,,,5.5,159,99,3.7,90,29,2.0,141,65,0,0,0,0,0,0,0,0.4,0.4,2.0,2.0,2.0,141,65,,,198,79,135,79,96,47,172,78,2.0,5.0,,,,,,0.04,0.06,0.1,3.87,0,0.0,3.0,1.0,4.0,2,0,0.0,0.0,0.0,0.0,0.0,0.0,0.0,0.0,0.0,0.0,0.0,0.0,0.0,0.0,2635.0,8469.0,0.0,0.0,0.0,0.0,0.0,0.0,0.0,0.0,0.0,0.0,0.0,0.0,0.0
494,Guglielmo,Vicario,Vicario,u,Has joined Juventus on loan for the rest of the season,,4.5,432,32,0.2,319,37,0.0,363,49,0,0,0,0,0,0,0,0.0,0.0,0.0,0.0,0.0,363,49,0.0,0.0,350,49,354,31,280,31,367,49,,,,,,,,0.0,0.0,0.0,0.0,0,0.0,0.0,0.0,0.0,2,0,0.0,0.0,0.0,0.0,0.0,0.0,0.0,0.0,0.0,0.0,0.0,0.0,0.0,0.0,0.0,831.0,0.0,0.0,0.0,0.0,0.0,0.0,0.0,0.0,0.0,0.0,0.0,0.0,0.0
495,Brandon,Austin,Austin,a,,,4.0,571,59,0.9,209,29,0.0,310,31,0,0,0,0,0,0,0,0.0,0.0,1.0,1.0,0.0,310,31,,,297,31,296,11,216,11,314,31,,,,,,,,0.0,0.0,0.0,0.0,0,0.0,0.0,0.0,0.0,2,0,0.0,0.0,0.0,0.0,0.0,0.0,0.0,0.0,0.0,0.0,0.0,0.0,0.0,0.0,491.0,518.0,0.0,0.0,0.0,0.0,0.0,0.0,0.0,0.0,0.0,0.0,0.0,0.0,0.0
496,Antonín,Kinský,Kinsky,a,,,4.5,485,42,22.6,13,2,2.0,116,11,0,0,0,0,0,0,0,0.4,0.4,1.9,1.9,2.0,116,11,,,17,1,383,41,319,41,90,1,,,,,,,,0.0,0.0,0.0,3.87,5,0.0,3.0,1.0,0.0,2,0,0.0,0.0,0.0,0.0,0.0,0.0,0.0,0.0,0.0,0.0,0.0,0.0,0.0,0.0,11574.0,13622.0,0.0,0.0,0.0,0.0,0.0,0.0,0.0,0.0,0.0,0.0,0.0,0.0,0.0
497,Martin,Dubravka,Dubravka,a,,,4.0,551,53,18.5,19,4,0.0,297,25,0,0,0,0,0,0,0,0.0,0.0,1.0,1.0,0.0,297,25,,,284,25,281,5,199,5,300,25,,,,,,,,0.0,0.0,0.0,0.0,0,0.0,0.0,0.0,0.0,2,0,0.0,0.0,0.0,0.0,0.0,0.0,0.0,0.0,0.0,0.0,0.0,0.0,0.0,0.0,5707.0,10242.0,0.0,0.0,0.0,0.0,0.0,0.0,0.0,0.0,0.0,0.0,0.0,0.0,0.0
498,Marcos,Senesi Barón,Senesi,a,,,6.0,74,7,7.5,56,23,3.0,103,41,0,0,0,0,0,0,0,0.5,0.5,2.8,2.8,3.0,103,41,,,37,12,183,55,585,204,105,36,,,,,,,,0.0,0.02,0.02,3.87,0,0.0,3.0,1.0,16.0,2,0,0.0,0.0,0.0,0.0,0.0,0.0,0.0,0.0,0.0,0.0,0.0,0.0,0.0,0.0,2209.0,11611.0,0.0,0.0,0.0,0.0,0.0,0.0,0.0,0.0,0.0,0.0,0.0,0.0,0.0
499,Pedro,Porro Sauceda,Pedro Porro,a,,,5.5,166,21,13.4,29,10,0.0,563,198,0,0,0,0,0,0,0,0.0,0.0,2.5,0.0,0.0,563,198,100.0,100.0,552,201,565,201,545,194,566,201,1.0,1.0,,,,,,0.0,0.0,0.0,0.0,0,0.0,0.0,0.0,0.0,2,0,0.0,0.0,0.0,0.0,0.0,0.0,0.0,0.0,0.0,0.0,0.0,0.0,0.0,0.0,6044.0,22311.0,0.0,0.0,0.0,0.0,0.0,0.0,0.0,0.0,0.0,0.0,0.0,0.0,0.0
500,Cristian,Romero,Romero,u,Has joined Atletico Madrid permanently,,5.0,279,48,0.1,378,138,0.0,469,176,0,0,0,0,0,0,0,0.0,0.0,0.0,0.0,0.0,469,176,0.0,0.0,461,184,470,184,418,170,477,184,,,,,,,,0.0,0.0,0.0,0.0,0,0.0,0.0,0.0,0.0,2,0,0.0,0.0,0.0,0.0,0.0,0.0,0.0,0.0,0.0,0.0,0.0,0.0,0.0,0.0,0.0,561.0,0.0,0.0,0.0,0.0,0.0,0.0,0.0,0.0,0.0,0.0,0.0,0.0,0.0
501,Kevin,Danso,Danso,a,,,5.0,241,39,0.2,359,135,0.0,451,171,0,0,0,0,0,0,0,0.0,0.0,2.2,2.2,0.0,451,171,,,441,178,448,179,389,162,457,178,,,,,,,,0.0,0.0,0.0,0.0,0,0.0,0.0,0.0,0.0,2,0,0.0,0.0,0.0,0.0,0.0,0.0,0.0,0.0,0.0,0.0,0.0,0.0,0.0,0.0,79.0,340.0,0.0,0.0,0.0,0.0,0.0,0.0,0.0,0.0,0.0,0.0,0.0,0.0,0.0
502,Andrew,Robertson,Robertson,a,,,4.5,422,87,3.8,88,35,3.0,83,34,0,0,0,0,0,0,0,0.7,0.7,1.7,1.7,3.0,83,34,,,48,19,64,19,158,54,69,23,3.0,,,,,,,0.0,0.06,0.06,3.87,0,0.0,3.0,1.0,11.0,2,0,0.0,0.0,0.0,0.0,0.0,0.0,0.0,0.0,0.0,0.0,0.0,0.0,0.0,0.0,3746.0,3793.0,0.0,0.0,0.0,0.0,0.0,0.0,0.0,0.0,0.0,0.0,0.0,0.0,0.0
503,Micky,van de Ven,Van de Ven,a,,,5.0,339,67,4.3,76,30,0.0,513,187,0,0,0,0,0,0,0,0.0,0.0,2.2,0.0,0.0,513,187,100.0,100.0,501,193,513,193,470,184,517,193,,,,,,,,0.0,0.0,0.0,0.0,0,0.0,0.0,0.0,0.0,2,0,0.0,0.0,0.0,0.0,0.0,0.0,0.0,0.0,0.0,0.0,0.0,0.0,0.0,0.0,2073.0,6677.0,0.0,0.0,0.0,0.0,0.0,0.0,0.0,0.0,0.0,0.0,0.0,0.0,0.0
505,Djed,Spence,Spence,u,Has joined Internazionale permanently,,4.5,457,113,0.5,261,96,0.0,377,145,0,0,0,0,0,0,0,0.0,0.0,0.0,0.0,0.0,377,145,0.0,0.0,364,150,368,154,298,130,381,151,,,,,,,,0.0,0.0,0.0,0.0,0,0.0,0.0,0.0,0.0,2,0,0.0,0.0,0.0,0.0,0.0,0.0,0.0,0.0,0.0,0.0,0.0,0.0,0.0,0.0,0.0,2416.0,0.0,0.0,0.0,0.0,0.0,0.0,0.0,0.0,0.0,0.0,0.0,0.0,0.0
506,Destiny,Udogie,Udogie,a,,,4.5,486,131,0.5,259,94,1.0,200,77,0,0,0,0,0,0,0,0.2,0.2,1.7,1.7,1.0,200,77,,,378,160,235,82,320,141,394,160,,,,,,,,0.0,0.45,0.45,9.9,0,0.0,0.0,0.0,0.0,2,0,0.0,0.0,0.0,0.0,0.0,0.0,0.0,0.0,0.0,0.0,0.0,0.0,0.0,0.0,153.0,721.0,0.0,0.0,0.0,0.0,0.0,0.0,0.0,0.0,0.0,0.0,0.0,0.0,0.0
507,Ashley,Phillips,Phillips,u,Has joined Middlesbrough permanently,,4.5,509,140,0.0,552,190,0.0,409,160,0,0,0,0,0,0,0,0.0,0.0,0.0,0.0,0.0,409,160,0.0,0.0,397,166,404,167,342,149,413,166,,,,,,,,0.0,0.0,0.0,0.0,0,0.0,0.0,0.0,0.0,2,0,0.0,0.0,0.0,0.0,0.0,0.0,0.0,0.0,0.0,0.0,0.0,0.0,0.0,0.0,0.0,47.0,0.0,0.0,0.0,0.0,0.0,0.0,0.0,0.0,0.0,0.0,0.0,0.0,0.0
508,Ben,Davies,Davies,a,,,4.0,557,156,1.0,190,73,0.0,302,100,0,0,0,0,0,0,0,0.0,0.0,1.0,1.0,0.0,302,100,,,289,105,286,104,204,69,305,105,,,,,,,,0.0,0.0,0.0,0.0,0,0.0,0.0,0.0,0.0,2,0,0.0,0.0,0.0,0.0,0.0,0.0,0.0,0.0,0.0,0.0,0.0,0.0,0.0,0.0,311.0,1274.0,0.0,0.0,0.0,0.0,0.0,0.0,0.0,0.0,0.0,0.0,0.0,0.0,0.0
509,Jun'ai,Byfield,Byfield,a,,,4.0,617,203,0.1,480,168,0.0,344,129,0,0,0,0,0,0,0,0.0,0.0,1.0,1.0,0.0,344,129,,,331,134,332,137,255,107,348,135,,,,,,,,0.0,0.0,0.0,0.0,0,0.0,0.0,0.0,0.0,2,0,0.0,0.0,0.0,0.0,0.0,0.0,0.0,0.0,0.0,0.0,0.0,0.0,0.0,0.0,24.0,69.0,0.0,0.0,0.0,0.0,0.0,0.0,0.0,0.0,0.0,0.0,0.0,0.0,0.0
510,James,Rowswell,Rowswell,a,,,4.0,595,183,0.1,442,156,0.0,326,113,0,0,0,0,0,0,0,0.0,0.0,1.0,1.0,0.0,326,113,,,313,118,313,120,234,88,330,119,,,,,,,,0.0,0.0,0.0,0.0,0,0.0,0.0,0.0,0.0,2,0,0.0,0.0,0.0,0.0,0.0,0.0,0.0,0.0,0.0,0.0,0.0,0.0,0.0,0.0,43.0,86.0,0.0,0.0,0.0,0.0,0.0,0.0,0.0,0.0,0.0,0.0,0.0,0.0,0.0
511,João Victor,de Souza Menezes,Souza,a,,,4.0,616,202,0.3,300,112,0.0,343,128,0,0,0,0,0,0,0,0.0,0.0,1.0,1.0,0.0,343,128,,,330,133,331,136,254,106,347,134,,,,,,,,0.0,0.0,0.0,0.0,0,0.0,0.0,0.0,0.0,2,0,0.0,0.0,0.0,0.0,0.0,0.0,0.0,0.0,0.0,0.0,0.0,0.0,0.0,0.0,151.0,344.0,0.0,0.0,0.0,0.0,0.0,0.0,0.0,0.0,0.0,0.0,0.0,0.0,0.0
512,Mohammed,Kudus,Kudus,d,Thigh injury - 75% chance of playing,,6.5,44,30,0.1,462,186,0.0,607,268,0,0,0,0,0,0,0,0.0,0.0,1.7,0.6,0.0,607,268,75.0,75.0,609,268,611,269,609,267,611,269,5.0,3.0,3.0,,,,,0.0,0.0,0.0,0.0,0,0.0,0.0,0.0,0.0,2,0,0.0,0.0,0.0,0.0,0.0,0.0,0.0,0.0,0.0,0.0,0.0,0.0,0.0,0.0,23.0,282.0,0.0,0.0,0.0,0.0,0.0,0.0,0.0,0.0,0.0,0.0,0.0,0.0,0.0
513,Xavi,Simons,Xavi,i,Knee injury - Unknown return date,,6.0,97,62,0.0,571,240,0.0,595,259,0,0,0,0,0,0,0,0.0,0.0,0.0,0.0,0.0,595,259,0.0,0.0,596,258,600,261,594,255,600,261,6.0,2.0,4.0,,,,,0.0,0.0,0.0,0.0,0,0.0,0.0,0.0,0.0,2,0,0.0,0.0,0.0,0.0,0.0,0.0,0.0,0.0,0.0,0.0,0.0,0.0,0.0,0.0,9.0,37.0,0.0,0.0,0.0,0.0,0.0,0.0,0.0,0.0,0.0,0.0,0.0,0.0,0.0
514,Mathys,Tel,Tel,a,,,6.0,99,64,0.5,255,86,2.0,158,78,0,0,0,0,0,0,0,0.3,0.3,2.2,2.2,2.0,158,78,,,162,59,44,30,93,45,89,47,4.0,4.0,,,,,,0.06,0.06,0.12,3.87,0,0.0,3.0,1.0,8.0,2,0,0.0,0.0,0.0,0.0,0.0,0.0,0.0,0.0,0.0,0.0,0.0,0.0,0.0,0.0,1196.0,2424.0,0.0,0.0,0.0,0.0,0.0,0.0,0.0,0.0,0.0,0.0,0.0,0.0,0.0
515,James,Maddison,Maddison,d,Shoulder injury - 75% chance of playing,,6.5,35,23,1.0,194,62,1.0,285,135,0,0,0,0,0,0,0,0.2,0.2,1.7,2.3,1.0,285,135,75.0,75.0,219,94,129,76,101,51,174,80,,,,,,,,0.0,0.04,0.04,3.48,0,0.0,0.0,0.0,8.18,2,0,0.0,0.0,0.0,0.0,0.0,0.0,0.0,0.0,0.0,0.0,0.0,0.0,0.0,0.0,20.0,8972.0,0.0,0.0,0.0,0.0,0.0,0.0,0.0,0.0,0.0,0.0,0.0,0.0,0.0
516,Rodrigo,Bentancur,Bentancur,a,,,5.5,137,85,0.2,347,127,1.0,248,113,0,0,0,0,0,0,0,0.2,0.2,2.0,2.0,1.0,248,113,,,253,115,84,54,530,216,199,88,,,,,,,,0.0,0.02,0.02,4.36,0,0.0,2.0,0.0,10.0,2,0,0.0,0.0,0.0,0.0,0.0,0.0,0.0,0.0,0.0,0.0,0.0,0.0,0.0,0.0,126.0,351.0,0.0,0.0,0.0,0.0,0.0,0.0,0.0,0.0,0.0,0.0,0.0,0.0,0.0
517,Wilson,Odobert,Odobert,i,Knee injury - Unknown return date,,5.5,210,133,0.0,616,270,0.0,578,250,0,0,0,0,0,0,0,0.0,0.0,0.0,0.0,0.0,578,250,0.0,0.0,570,246,581,252,569,243,582,251,,,,,,,,0.0,0.0,0.0,0.0,0,0.0,0.0,0.0,0.0,2,0,0.0,0.0,0.0,0.0,0.0,0.0,0.0,0.0,0.0,0.0,0.0,0.0,0.0,0.0,4.0,1.0,0.0,0.0,0.0,0.0,0.0,0.0,0.0,0.0,0.0,0.0,0.0,0.0,0.0
518,Pape Matar,Sarr,P.M.Sarr,i,Hamstring injury - Unknown return date,,4.9,402,242,0.2,376,145,0.0,440,168,0,0,0,-1,1,0,0,0.0,0.0,0.0,0.0,0.0,440,168,0.0,0.0,429,161,435,171,376,130,445,168,,,,,,,,0.0,0.0,0.0,0.0,0,0.0,0.0,0.0,0.0,2,0,0.0,0.0,0.0,0.0,0.0,0.0,0.0,0.0,0.0,0.0,0.0,0.0,0.0,0.0,64.0,1158.0,0.0,0.0,0.0,0.0,0.0,0.0,0.0,0.0,0.0,0.0,0.0,0.0,0.0
519,Conor,Gallagher,Gallagher,a,,,5.5,151,93,0.3,303,104,0.0,559,237,0,0,0,0,0,0,0,0.0,0.0,2.0,2.0,0.0,559,237,,,548,231,143,85,191,97,259,118,,,,,,,,0.04,0.12,0.16,3.4,0,0.0,4.0,2.0,6.0,2,0,0.0,0.0,0.0,0.0,0.0,0.0,0.0,0.0,0.0,0.0,0.0,0.0,0.0,0.0,219.0,807.0,0.0,0.0,0.0,0.0,0.0,0.0,0.0,0.0,0.0,0.0,0.0,0.0,0.0
520,Lucas,Bergvall,Bergvall,a,,,5.5,213,135,0.2,339,123,1.0,268,124,0,0,0,0,0,0,0,0.2,0.2,2.0,2.0,1.0,268,124,,,572,247,187,109,180,90,584,252,,,,,,,,0.0,0.02,0.02,3.4,0,0.0,4.0,2.0,16.0,2,0,0.0,0.0,0.0,0.0,0.0,0.0,0.0,0.0,0.0,0.0,0.0,0.0,0.0,0.0,79.0,336.0,0.0,0.0,0.0,0.0,0.0,0.0,0.0,0.0,0.0,0.0,0.0,0.0,0.0
521,Dejan,Kulusevski,Kulusevski,i,Knee injury - Unknown return date,,6.5,42,29,0.0,588,251,0.0,605,267,0,0,0,0,0,0,0,0.0,0.0,0.0,0.0,0.0,605,267,0.0,0.0,607,267,609,268,607,266,609,268,,,,,,,,0.0,0.0,0.0,0.0,0,0.0,0.0,0.0,0.0,2,0,0.0,0.0,0.0,0.0,0.0,0.0,0.0,0.0,0.0,0.0,0.0,0.0,0.0,0.0,6.0,27.0,0.0,0.0,0.0,0.0,0.0,0.0,0.0,0.0,0.0,0.0,0.0,0.0,0.0
522,Archie,Gray,Gray,a,,,5.0,372,221,0.2,326,115,2.0,134,61,0,0,0,0,0,0,0,0.4,0.4,1.5,1.5,2.0,134,61,,,197,78,163,95,488,189,235,106,,,,,,,,0.0,0.01,0.01,3.63,0,0.0,3.18,1.06,5.29,2,0,0.0,0.0,0.0,0.0,0.0,0.0,0.0,0.0,0.0,0.0,0.0,0.0,0.0,0.0,253.0,406.0,0.0,0.0,0.0,0.0,0.0,0.0,0.0,0.0,0.0,0.0,0.0,0.0,0.0
523,Mikey,Moore,Moore,a,,,5.0,347,201,0.2,346,126,2.0,132,59,0,0,0,0,0,0,0,0.4,0.4,1.5,1.5,2.0,132,59,,,123,40,140,84,4,3,35,20,,,,,,,,0.51,0.03,0.54,4.06,0,0.0,4.03,1.34,2.69,2,0,0.0,0.0,0.0,0.0,0.0,0.0,0.0,0.0,0.0,0.0,0.0,0.0,0.0,0.0,716.0,463.0,0.0,0.0,0.0,0.0,0.0,0.0,0.0,0.0,0.0,0.0,0.0,0.0,0.0
524,Callum,Olusesi,Olusesi,a,,,4.5,495,256,0.8,217,72,0.0,396,152,0,0,0,0,0,0,0,0.0,0.0,1.0,1.0,0.0,396,152,,,384,145,391,155,328,113,400,152,,,,,,,,0.0,0.0,0.0,0.0,0,0.0,0.0,0.0,0.0,2,0,0.0,0.0,0.0,0.0,0.0,0.0,0.0,0.0,0.0,0.0,0.0,0.0,0.0,0.0,116.0,989.0,0.0,0.0,0.0,0.0,0.0,0.0,0.0,0.0,0.0,0.0,0.0,0.0,0.0
525,Mateus,Fernandes,Fernandes,a,,,6.0,104,67,1.6,150,44,1.0,282,132,0,0,0,0,0,0,0,0.2,0.2,2.2,2.2,1.0,282,132,,,186,73,37,27,186,94,114,57,,,,,,,,0.0,0.12,0.12,4.36,0,0.0,2.0,0.0,4.0,2,0,0.0,0.0,0.0,0.0,0.0,0.0,0.0,0.0,0.0,0.0,0.0,0.0,0.0,0.0,920.0,4842.0,0.0,0.0,0.0,0.0,0.0,0.0,0.0,0.0,0.0,0.0,0.0,0.0,0.0
526,Dominic,Solanke-Mitchell,Solanke,a,,,6.0,62,15,1.3,168,26,1.0,272,31,0,0,0,0,0,0,0,0.2,0.2,2.0,2.0,1.0,272,31,,,583,60,591,64,127,24,260,27,,,1.0,,,,,0.29,0.0,0.29,3.48,0,0.0,0.0,0.0,0.0,2,0,0.0,0.0,0.0,0.0,0.0,0.0,0.0,0.0,0.0,0.0,0.0,0.0,0.0,0.0,2272.0,3586.0,0.0,0.0,0.0,0.0,0.0,0.0,0.0,0.0,0.0,0.0,0.0,0.0,0.0
527,Richarlison,de Andrade,Richarlison,a,,,6.0,72,18,2.8,109,17,2.0,153,13,0,0,0,0,0,0,0,0.3,0.3,2.0,2.0,2.0,153,13,,,588,63,182,22,584,65,286,31,,,5.0,,,,,0.0,0.0,0.0,4.06,0,0.0,4.03,1.34,1.34,2,0,0.0,0.0,0.0,0.0,0.0,0.0,0.0,0.0,0.0,0.0,0.0,0.0,0.0,0.0,2573.0,13053.0,0.0,0.0,0.0,0.0,0.0,0.0,0.0,0.0,0.0,0.0,0.0,0.0,0.0
528,Dane,Scarlett,Scarlett,a,,,4.5,490,62,1.7,142,23,0.0,391,35,0,0,0,0,0,0,0,0.0,0.0,1.0,1.0,0.0,391,35,,,379,24,386,32,323,30,395,33,,,,,,,,0.0,0.0,0.0,0.0,0,0.0,0.0,0.0,0.0,2,0,0.0,0.0,0.0,0.0,0.0,0.0,0.0,0.0,0.0,0.0,0.0,0.0,0.0,0.0,1844.0,2185.0,0.0,0.0,0.0,0.0,0.0,0.0,0.0,0.0,0.0,0.0,0.0,0.0,0.0
601,Luca,Williams-Barnett,Williams-Barnett,a,,,4.5,536,268,0.1,448,178,0.0,429,162,0,0,0,0,0,0,0,0.0,0.0,1.0,1.0,0.0,429,162,,,418,155,424,165,365,124,434,162,,,,,,,,0.0,0.0,0.0,0.0,0,0.0,0.0,0.0,0.0,2,0,0.0,0.0,0.0,0.0,0.0,0.0,0.0,0.0,0.0,0.0,0.0,0.0,0.0,0.0,290.0,69.0,0.0,0.0,0.0,0.0,0.0,0.0,0.0,0.0,0.0,0.0,0.0,0.0,0.0
529,Robin,Roefs,Roefs,a,,,5.0,344,20,3.9,86,13,1.0,223,20,0,0,0,0,0,0,0,0.2,0.2,2.6,2.6,1.0,223,20,,,114,15,517,63,474,63,209,15,,,,,,,,0.0,0.0,0.0,1.8,1,0.0,2.0,1.0,0.0,2,0,0.0,0.0,0.0,0.0,0.0,0.0,0.0,0.0,0.0,0.0,0.0,0.0,0.0,0.0,879.0,5901.0,0.0,0.0,0.0,0.0,0.0,0.0,0.0,0.0,0.0,0.0,0.0,0.0,0.0
530,Anthony,Patterson,Patterson,u,Has joined Wrexham permanently,,4.0,577,60,0.2,370,39,0.0,313,32,0,0,0,0,0,0,0,0.0,0.0,0.0,0.0,0.0,313,32,0.0,0.0,300,32,299,12,219,12,317,32,,,,,,,,0.0,0.0,0.0,0.0,0,0.0,0.0,0.0,0.0,2,0,0.0,0.0,0.0,0.0,0.0,0.0,0.0,0.0,0.0,0.0,0.0,0.0,0.0,0.0,0.0,151.0,0.0,0.0,0.0,0.0,0.0,0.0,0.0,0.0,0.0,0.0,0.0,0.0,0.0
531,Melker,Ellborg,Ellborg,a,,,4.5,502,45,0.1,428,47,0.0,403,56,0,0,0,0,0,0,0,0.0,0.0,1.9,1.9,0.0,403,56,,,391,56,398,44,335,44,407,56,,,,,,,,0.0,0.0,0.0,0.0,0,0.0,0.0,0.0,0.0,2,0,0.0,0.0,0.0,0.0,0.0,0.0,0.0,0.0,0.0,0.0,0.0,0.0,0.0,0.0,26.0,128.0,0.0,0.0,0.0,0.0,0.0,0.0,0.0,0.0,0.0,0.0,0.0,0.0,0.0
532,Daniel,Ballard,Ballard,a,,,5.0,283,51,5.0,69,28,0.0,473,179,0,0,0,0,0,0,0,0.0,0.0,2.2,2.2,0.0,473,179,,,95,40,213,70,422,173,184,72,,,,,,,,0.0,0.01,0.01,1.8,0,0.0,2.0,1.0,9.0,2,0,0.0,0.0,0.0,0.0,0.0,0.0,0.0,0.0,0.0,0.0,0.0,0.0,0.0,0.0,2436.0,9468.0,0.0,0.0,0.0,0.0,0.0,0.0,0.0,0.0,0.0,0.0,0.0,0.0,0.0
533,Nordi,Mukiele,Mukiele,a,,,5.5,136,15,2.5,117,45,0.0,551,194,0,0,0,0,0,0,0,0.0,0.0,2.5,2.5,0.0,551,194,100.0,100.0,541,200,556,200,529,193,557,200,,,,,,,,0.0,0.0,0.0,0.0,0,0.0,0.0,0.0,0.0,2,0,0.0,0.0,0.0,0.0,0.0,0.0,0.0,0.0,0.0,0.0,0.0,0.0,0.0,0.0,715.0,8723.0,0.0,0.0,0.0,0.0,0.0,0.0,0.0,0.0,0.0,0.0,0.0,0.0,0.0
534,Trai,Hume,Hume,a,,,4.5,487,132,6.4,63,25,2.0,117,45,0,0,0,0,0,0,0,0.4,0.4,1.7,1.7,2.0,117,45,,,169,73,17,3,75,20,51,13,3.0,,,,,,,0.05,0.31,0.36,1.93,0,0.0,1.14,1.14,4.56,2,0,0.0,0.0,0.0,0.0,0.0,0.0,0.0,0.0,0.0,0.0,0.0,0.0,0.0,0.0,2504.0,5900.0,0.0,0.0,0.0,0.0,0.0,0.0,0.0,0.0,0.0,0.0,0.0,0.0,0.0
535,Omar,Alderete,Alderete,a,,,5.0,260,42,0.4,268,100,1.0,213,85,0,0,0,0,0,0,0,0.2,0.2,2.2,2.2,1.0,213,85,100.0,100.0,453,181,240,86,406,165,469,181,,,,,,,,0.0,0.04,0.04,0.39,0,0.0,3.91,0.0,0.0,2,0,0.0,0.0,0.0,0.0,0.0,0.0,0.0,0.0,0.0,0.0,0.0,0.0,0.0,0.0,276.0,1254.0,0.0,0.0,0.0,0.0,0.0,0.0,0.0,0.0,0.0,0.0,0.0,0.0,0.0
536,Reinildo,Mandava,Reinildo,a,,,4.5,469,122,0.4,265,98,1.0,192,71,0,0,0,0,0,0,0,0.2,0.2,1.7,1.7,1.0,192,71,,,74,34,36,10,131,43,62,20,,,,,,,,0.0,0.29,0.29,1.8,0,0.0,2.0,1.0,8.0,2,0,0.0,0.0,0.0,0.0,0.0,0.0,0.0,0.0,0.0,0.0,0.0,0.0,0.0,0.0,178.0,745.0,0.0,0.0,0.0,0.0,0.0,0.0,0.0,0.0,0.0,0.0,0.0,0.0,0.0
537,Jenson,Seelt,Seelt,a,,,4.5,504,139,0.0,583,198,0.0,404,159,0,0,0,0,0,0,0,0.0,0.0,1.7,1.7,0.0,404,159,,,392,165,399,166,337,148,408,165,,,,,,,,0.0,0.0,0.0,0.0,0,0.0,0.0,0.0,0.0,2,0,0.0,0.0,0.0,0.0,0.0,0.0,0.0,0.0,0.0,0.0,0.0,0.0,0.0,0.0,6.0,15.0,0.0,0.0,0.0,0.0,0.0,0.0,0.0,0.0,0.0,0.0,0.0,0.0,0.0
538,Leo Fuhr,Hjelde,Hjelde,u,Has joined KV Mechelen on loan for the rest of the season,,4.0,590,180,0.1,484,170,0.0,321,110,0,0,0,0,0,0,0,0.0,0.0,0.0,0.0,0.0,321,110,0.0,0.0,308,115,308,117,229,85,325,116,,,,,,,,0.0,0.0,0.0,0.0,0,0.0,0.0,0.0,0.0,2,0,0.0,0.0,0.0,0.0,0.0,0.0,0.0,0.0,0.0,0.0,0.0,0.0,0.0,0.0,0.0,70.0,0.0,0.0,0.0,0.0,0.0,0.0,0.0,0.0,0.0,0.0,0.0,0.0,0.0
539,Luke,O'Nien,O'Nien,a,,,4.0,561,159,3.4,100,41,1.0,174,54,0,0,0,0,0,0,0,0.2,0.2,1.0,1.0,1.0,174,54,,,150,71,200,64,129,41,195,76,,,,,,,,0.01,0.01,0.02,2.3,0,0.0,1.36,1.36,6.82,2,0,0.0,0.0,0.0,0.0,0.0,0.0,0.0,0.0,0.0,0.0,0.0,0.0,0.0,0.0,515.0,2980.0,0.0,0.0,0.0,0.0,0.0,0.0,0.0,0.0,0.0,0.0,0.0,0.0,0.0
540,Arthur,Masuaku,Masuaku,u,Has joined Konyaspor permanently,,4.0,554,154,0.2,338,126,0.0,300,99,0,0,0,0,0,0,0,0.0,0.0,0.0,0.0,0.0,300,99,0.0,0.0,287,104,284,103,202,68,303,104,,,,,,,,0.0,0.0,0.0,0.0,0,0.0,0.0,0.0,0.0,2,0,0.0,0.0,0.0,0.0,0.0,0.0,0.0,0.0,0.0,0.0,0.0,0.0,0.0,0.0,0.0,408.0,0.0,0.0,0.0,0.0,0.0,0.0,0.0,0.0,0.0,0.0,0.0,0.0,0.0
541,Thomas,Meunier,Meunier,a,,,4.5,411,83,0.3,297,111,1.0,184,63,0,0,0,0,0,0,0,0.2,0.2,1.7,1.7,1.0,184,63,100.0,100.0,126,58,144,43,80,24,131,50,,,,,,,,0.08,0.08,0.16,1.8,0,0.0,2.0,1.0,4.0,2,0,0.0,0.0,0.0,0.0,0.0,0.0,0.0,0.0,0.0,0.0,0.0,0.0,0.0,0.0,174.0,319.0,0.0,0.0,0.0,0.0,0.0,0.0,0.0,0.0,0.0,0.0,0.0,0.0,0.0
542,Enzo,Le Fée,E.Le Fée,a,,,6.0,95,60,8.6,47,18,2.0,156,76,0,0,0,0,0,0,0,0.3,0.3,2.2,2.2,2.0,156,76,,,218,93,124,72,592,253,211,94,1.0,2.0,2.0,,,,,0.0,0.03,0.03,1.93,0,0.0,1.14,1.14,2.28,2,0,0.0,0.0,0.0,0.0,0.0,0.0,0.0,0.0,0.0,0.0,0.0,0.0,0.0,0.0,2356.0,21786.0,0.0,0.0,0.0,0.0,0.0,0.0,0.0,0.0,0.0,0.0,0.0,0.0,0.0
543,Habib,Diarra,Diarra,a,,,5.5,206,129,0.1,461,185,1.0,265,121,0,0,0,0,0,0,0,0.2,0.2,2.0,2.0,1.0,265,121,,,275,130,247,131,179,89,279,132,,,1.0,,,,,0.27,0.0,0.27,0.9,0,0.0,9.0,0.0,0.0,2,0,0.0,0.0,0.0,0.0,0.0,0.0,0.0,0.0,0.0,0.0,0.0,0.0,0.0,0.0,68.0,204.0,0.0,0.0,0.0,0.0,0.0,0.0,0.0,0.0,0.0,0.0,0.0,0.0,0.0
544,Granit,Xhaka,Xhaka,a,,,5.5,117,76,4.7,72,24,9.0,22,11,0,0,0,0,0,0,0,1.6,1.6,2.0,2.0,9.0,22,11,,,90,30,24,19,514,208,76,41,2.0,1.0,,,,,,0.0,0.09,0.09,1.8,0,0.0,2.0,1.0,13.0,2,0,0.0,0.0,0.0,0.0,0.0,0.0,0.0,0.0,0.0,0.0,0.0,0.0,0.0,0.0,8478.0,3043.0,0.0,0.0,0.0,0.0,0.0,0.0,0.0,0.0,0.0,0.0,0.0,0.0,0.0
545,Noah,Sadiki,Sadiki,a,,,5.0,382,228,0.3,293,98,2.0,135,62,0,0,0,0,0,0,0,0.4,0.4,1.5,1.5,2.0,135,62,,,116,38,23,18,36,20,42,24,,,,,,,,0.06,0.03,0.09,1.8,0,0.0,2.0,1.0,2.0,2,0,0.0,0.0,0.0,0.0,0.0,0.0,0.0,0.0,0.0,0.0,0.0,0.0,0.0,0.0,194.0,567.0,0.0,0.0,0.0,0.0,0.0,0.0,0.0,0.0,0.0,0.0,0.0,0.0,0.0
546,Simon,Adingra,Adingra,i,Ankle injury - Unknown return date,,5.0,364,213,0.1,471,193,0.0,523,214,0,0,0,0,0,0,0,0.0,0.0,0.0,0.0,0.0,523,214,0.0,0.0,511,206,524,215,482,183,527,213,,,,,,,,0.0,0.0,0.0,0.0,0,0.0,0.0,0.0,0.0,2,0,0.0,0.0,0.0,0.0,0.0,0.0,0.0,0.0,0.0,0.0,0.0,0.0,0.0,0.0,5.0,416.0,0.0,0.0,0.0,0.0,0.0,0.0,0.0,0.0,0.0,0.0,0.0,0.0,0.0
547,Romaine,Mundle,Mundle,a,,,5.0,315,186,0.0,591,252,0.0,499,200,0,0,0,0,0,0,0,0.0,0.0,1.5,1.5,0.0,499,200,,,487,192,497,201,450,167,503,199,,,,,,,,0.0,0.0,0.0,0.0,0,0.0,0.0,0.0,0.0,2,0,0.0,0.0,0.0,0.0,0.0,0.0,0.0,0.0,0.0,0.0,0.0,0.0,0.0,0.0,5.0,11.0,0.0,0.0,0.0,0.0,0.0,0.0,0.0,0.0,0.0,0.0,0.0,0.0,0.0
548,Chris,Rigg,Rigg,a,,,5.0,377,224,0.1,464,187,1.0,231,101,0,0,0,0,0,0,0,0.2,0.2,1.5,1.5,1.0,231,101,,,521,214,262,138,493,192,537,221,,,,,,,,0.0,0.0,0.0,0.9,0,0.0,9.0,0.0,9.0,2,0,0.0,0.0,0.0,0.0,0.0,0.0,0.0,0.0,0.0,0.0,0.0,0.0,0.0,0.0,5.0,112.0,0.0,0.0,0.0,0.0,0.0,0.0,0.0,0.0,0.0,0.0,0.0,0.0,0.0
549,Chemsdine,Talbi,Talbi,a,,,5.5,208,131,0.2,336,121,1.0,266,122,0,0,0,0,0,0,0,0.2,0.2,2.0,2.0,1.0,266,122,,,569,245,225,125,568,242,581,250,,,,,,,,0.0,0.0,0.0,0.41,0,0.0,2.9,0.0,5.81,2,0,0.0,0.0,0.0,0.0,0.0,0.0,0.0,0.0,0.0,0.0,0.0,0.0,0.0,0.0,28.0,524.0,0.0,0.0,0.0,0.0,0.0,0.0,0.0,0.0,0.0,0.0,0.0,0.0,0.0
550,Djiamgone Jocelin Ta,Bi,Jocelin.T,a,,,5.0,400,240,0.0,599,257,0.0,541,227,0,0,0,0,0,0,0,0.0,0.0,1.5,1.5,0.0,541,227,,,531,221,544,230,510,205,547,228,,,,,,,,0.0,0.0,0.0,0.0,0,0.0,0.0,0.0,0.0,2,0,0.0,0.0,0.0,0.0,0.0,0.0,0.0,0.0,0.0,0.0,0.0,0.0,0.0,0.0,4.0,15.0,0.0,0.0,0.0,0.0,0.0,0.0,0.0,0.0,0.0,0.0,0.0,0.0,0.0
551,Nilson,Angulo,Angulo,a,,,5.0,366,215,0.1,393,153,5.0,67,27,0,0,0,0,0,0,0,1.0,1.0,1.5,1.5,5.0,67,27,,,45,20,162,94,64,34,71,38,,3.0,,,,,,0.23,0.02,0.25,2.58,0,0.0,1.55,1.55,10.86,2,0,0.0,0.0,0.0,0.0,0.0,0.0,0.0,0.0,0.0,0.0,0.0,0.0,0.0,0.0,928.0,213.0,0.0,0.0,0.0,0.0,0.0,0.0,0.0,0.0,0.0,0.0,0.0,0.0,0.0
552,Brian,Brobbey,Brobbey,a,,,6.0,83,21,12.7,32,6,2.0,154,14,0,0,0,0,0,0,0,0.3,0.3,2.0,2.0,2.0,154,14,,,590,64,198,23,92,18,233,22,,,,,,,,0.41,0.0,0.41,2.3,0,0.0,1.36,1.36,0.0,2,0,0.0,0.0,0.0,0.0,0.0,0.0,0.0,0.0,0.0,0.0,0.0,0.0,0.0,0.0,6556.0,24958.0,0.0,0.0,0.0,0.0,0.0,0.0,0.0,0.0,0.0,0.0,0.0,0.0,0.0
553,Wilson,Isidor,Isidor,a,,,5.5,163,38,0.9,210,34,1.0,254,26,0,0,0,0,0,0,0,0.2,0.2,1.8,1.8,1.0,254,26,,,550,50,271,30,542,57,564,58,,,,,,,,0.0,0.0,0.0,0.39,0,0.0,3.91,0.0,0.0,2,0,0.0,0.0,0.0,0.0,0.0,0.0,0.0,0.0,0.0,0.0,0.0,0.0,0.0,0.0,356.0,2492.0,0.0,0.0,0.0,0.0,0.0,0.0,0.0,0.0,0.0,0.0,0.0,0.0,0.0
612,Dayann,Méthalie,Methalie,s,Suspended until 5 Sep,,4.5,542,152,0.0,615,206,0.0,435,168,0,0,0,0,0,0,0,0.0,0.0,0.0,1.7,0.0,435,168,0.0,0.0,424,174,430,175,371,158,440,174,,,,,,,,0.0,0.0,0.0,0.0,0,0.0,0.0,0.0,0.0,2,0,0.0,0.0,0.0,0.0,0.0,0.0,0.0,0.0,0.0,0.0,0.0,0.0,0.0,0.0,18.0,13.0,0.0,0.0,0.0,0.0,0.0,0.0,0.0,0.0,0.0,0.0,0.0,0.0,0.0
613,Jules,Ahoka,Ahoka,a,,,4.5,546,273,0.1,474,195,0.0,439,167,0,0,0,0,0,0,0,0.0,0.0,1.0,1.0,0.0,439,167,,,428,160,434,170,375,129,444,167,,,,,,,,0.0,0.0,0.0,0.0,0,0.0,0.0,0.0,0.0,2,0,0.0,0.0,0.0,0.0,0.0,0.0,0.0,0.0,0.0,0.0,0.0,0.0,0.0,0.0,1113.0,199.0,0.0,0.0,0.0,0.0,0.0,0.0,0.0,0.0,0.0,0.0,0.0,0.0,0.0
