id,first_name,second_name,web_name,status,news,news_added,now_cost,now_cost_rank,now_cost_rank_type,selected_by_percent,selected_rank,selected_rank_type,form,form_rank,form_rank_type,event_points,cost_change_event,cost_change_event_fall,cost_change_start,cost_change_start_fall,transfers_in_event,transfers_out_event,value_form,value_season,ep_next,ep_this,points_per_game,points_per_game_rank,points_per_game_rank_type,chance_of_playing_next_round,chance_of_playing_this_round,influence_rank,influence_rank_type,creativity_rank,creativity_rank_type,threat_rank,threat_rank_type,ict_index_rank,ict_index_rank_type,corners_and_indirect_freekicks_order,direct_freekicks_order,penalties_order,set_piece_threat,corners_and_indirect_freekicks_text,direct_freekicks_text,penalties_text,expected_goals_per_90,expected_assists_per_90,expected_goal_involvements_per_90,expected_goals_conceded_per_90,saves_per_90,clean_sheets_per_90,goals_conceded_per_90,starts_per_90,defensive_contribution_per_90,gw,total_points,minutes,goals_scored,assists,clean_sheets,goals_conceded,own_goals,penalties_saved,penalties_missed,yellow_cards,red_cards,saves,starts,bonus,bps,transfers_in,transfers_out,dreamteam_count,expected_goals,expected_assists,expected_goal_involvements,expected_goals_conceded,influence,creativity,threat,ict_index,tackles,clearances_blocks_interceptions,recoveries,defensive_contribution
1,David,Raya Martín,Raya,a,,,5.7,120,,29.2,9,,5.0,,,6,0,,2,,51696,9814,0.9,8.1,6.0,5.5,,,,0.0,0.0,,,,,,,,,,,,,,,,,,,,,,,,,9,6,90,0,0,1,0,0,0,0,0,0,1,1,0,25,111152,31570,0.0,0.0,0.0,0.0,0.46999999999999975,15.0,0.09999999999999964,0.0,1.5,0,2,10,12
2,Kepa,Arrizabalaga Revuelta,Arrizabalaga,a,,,4.2,608,,0.5,238,,0.0,,,0,-1,,-3,,67,655,0.0,0.0,1.0,0.5,,,,0.0,0.0,,,,,,,,,,,,,,,,,,,,,,,,,9,0,0,0,0,0,0,0,0,0,0,0,0,0,0,0,144,1699,0.0,0.0,0.0,0.0,0.0,0.0,0.0,0.0,0.0,0,0,0,0
3,Karl,Hein,Hein,u,Has joined Werder Bremen on loan for the rest of the season.,,4.0,655,,0.3,310,,0.0,,,0,0,,0,,0,476,0.0,0.0,0.0,0.0,,,,0.0,0.0,,,,,,,,,,,,,,,,,,,,,,,,,9,0,0,0,0,0,0,0,0,0,0,0,0,0,0,0,0,1208,0.0,0.0,0.0,0.0,0.0,0.0,0.0,0.0,0.0,0,0,0,0
4,Tommy,Setford,Setford,a,,,4.0,682,,0.2,349,,0.0,,,0,0,,0,,141,348,0.0,0.0,1.0,0.5,,,,0.0,0.0,,,,,,,,,,,,,,,,,,,,,,,,,9,0,0,0,0,0,0,0,0,0,0,0,0,0,0,0,349,834,0.0,0.0,0.0,0.0,0.0,0.0,0.0,0.0,0.0,0,0,0,0
5,Gabriel,dos Santos Magalhães,Gabriel,a,Thigh injury - 75% chance of playing,,6.4,65,,35.4,4,,10.8,,,9,0,,4,,81793,40944,1.7,10.6,11.8,8.5,,,,100.0,75.0,,,,,,,,,,,,,,,,,,,,,,,,,9,9,90,0,0,1,0,0,0,0,0,0,0,1,3,32,290086,93390,0.0,0.09999999999999998,0.030000000000000013,0.13,0.46999999999999975,27.19999999999999,11.2,9.0,4.700000000000003,0,9,0,9
6,William,Saliba,Saliba,a,,,6.0,87,,12.7,34,,3.5,,,1,0,,0,,21468,15051,0.6,5.3,4.5,4.0,,,,100.0,100.0,,,,,,,,,,,,,,,,,,,,,,,,,9,1,45,0,0,0,0,0,0,0,0,0,0,1,0,10,45731,30315,0.0,0.0,0.01999999999999999,0.020000000000000018,0.08000000000000007,7.3999999999999915,1.5,0.0,0.8999999999999986,0,1,1,2
7,Riccardo,Calafiori,Calafiori,a,Hip injury - 75% chance of playing,,5.8,115,,15.4,25,,4.8,,,6,0,,3,,35476,9971,0.8,9.3,5.8,5.3,,,,0.0,0.0,,,,,,,,,,,,,,,,,,,,,,,,,9,6,81,0,0,1,0,0,0,0,0,0,0,1,0,26,87395,31108,0.0,0.07000000000000006,0.01999999999999999,0.0900000000000003,0.45999999999999996,4.599999999999994,3.799999999999997,2.0,1.0,0,1,6,7
8,Jurriën,Timber,J.Timber,a,,,6.0,86,,22.9,14,,6.2,,,6,0,,5,,99120,7804,1.0,10.0,7.2,6.7,,,,0.0,0.0,,,,,,,,,,,,,,,,,,,,,,,,,9,6,90,0,0,1,0,0,0,0,0,0,0,1,0,25,257353,26210,0.0,0.0,0.039999999999999925,0.040000000000000036,0.46999999999999975,11.799999999999983,16.69999999999999,2.0,3.1000000000000014,2,2,4,8
9,Jakub,Kiwior,Kiwior,u,has joined Porto on loan for the rest of the season.,,5.4,180,,0.1,563,,0.0,,,0,0,,-1,,0,34,0.0,0.0,0.0,0.0,,,,0.0,0.0,,,,,,,,,,,,,,,,,,,,,,,,,9,0,0,0,0,0,0,0,0,0,0,0,0,0,0,0,0,75,0.0,0.0,0.0,0.0,0.0,0.0,0.0,0.0,0.0,0,0,0,0
307,Coby,Ebere,Ebere,a,,,4.4,548,,0.0,589,,0.0,,,0,0,,-1,,39,64,0.0,0.0,0.5,0.0,,,,0.0,0.0,,,,,,,,,,,,,,,,,,,,,,,,,9,0,0,0,0,0,0,0,0,0,0,0,0,0,0,0,86,155,0.0,0.0,0.0,0.0,0.0,0.0,0.0,0.0,0.0,0,0,0,0
10,Myles,Lewis-Skelly,Lewis-Skelly,a,,,5.2,228,,1.7,141,,0.8,,,1,0,,-3,,1514,2619,0.2,1.0,1.8,1.3,,,,0.0,0.0,,,,,,,,,,,,,,,,,,,,,,,,,9,1,2,0,0,0,0,0,0,0,0,0,0,0,0,3,3063,6265,0.0,0.0,0.0,0.0,0.009999999999999898,0.20000000000000018,0.2999999999999998,0.0,0.10000000000000009,0,0,1,1
435,Dermot,Mee,Mee,a,,,4.0,651,,0.1,469,,0.0,,,0,0,,0,,32,78,0.0,0.0,0.0,0.0,,,,0.0,0.0,,,,,,,,,,,,,,,,,,,,,,,,,9,0,0,0,0,0,0,0,0,0,0,0,0,0,0,0,85,190,0.0,0.0,0.0,0.0,0.0,0.0,0.0,0.0,0.0,0,0,0,0
501,Sean,Neave,Neave,a,,,4.4,573,,0.2,336,,0.0,,,0,0,,-1,,211,422,0.0,0.0,0.5,0.5,,,,0.0,0.0,,,,,,,,,,,,,,,,,,,,,,,,,9,0,0,0,0,0,0,0,0,0,0,0,0,0,0,0,493,1012,0.0,0.0,0.0,0.0,0.0,0.0,0.0,0.0,0.0,0,0,0,0
566,Brandon,Austin,Austin,a,,,3.9,707,,0.3,302,,0.0,,,0,0,,-1,,786,296,0.0,0.0,-0.5,0.0,,,,0.0,0.0,,,,,,,,,,,,,,,,,,,,,,,,,9,0,0,0,0,0,0,0,0,0,0,0,0,0,0,0,2182,778,0.0,0.0,0.0,0.0,0.0,0.0,0.0,0.0,0.0,0,0,0,0
11,Benjamin,White,White,a,,,5.4,168,,0.4,260,,0.0,,,0,0,,-1,,496,682,0.0,1.1,1.0,0.5,,,,100.0,100.0,,,,,,,,,,,,,,,,,,,,,,,,,9,0,0,0,0,0,0,0,0,0,0,0,0,0,0,0,824,1779,0.0,0.0,0.0,0.0,0.0,0.0,0.0,0.0,0.0,0,0,0,0
13,Brayden,Clarke,Clarke,a,,,3.9,735,,0.5,242,,0.0,,,0,0,,-1,,357,830,0.0,0.0,1.0,0.5,,,,0.0,0.0,,,,,,,,,,,,,,,,,,,,,,,,,9,0,0,0,0,0,0,0,0,0,0,0,0,0,0,0,952,2025,0.0,0.0,0.0,0.0,0.0,0.0,0.0,0.0,0.0,0,0,0,0
14,Maldini,Kacurri,Kacurri,u,has joined Morecambe on loan for the rest of the season.,,3.9,740,,0.1,415,,0.0,,,0,0,,-1,,0,286,0.0,0.0,0.0,0.0,,,,0.0,0.0,,,,,,,,,,,,,,,,,,,,,,,,,9,0,0,0,0,0,0,0,0,0,0,0,0,0,0,0,0,680,0.0,0.0,0.0,0.0,0.0,0.0,0.0,0.0,0.0,0,0,0,0
15,Josh,Nichols,Nichols,a,,,3.9,722,,0.2,362,,0.0,,,0,0,,-1,,86,362,0.0,0.0,1.0,0.5,,,,0.0,0.0,,,,,,,,,,,,,,,,,,,,,,,,,9,0,0,0,0,0,0,0,0,0,0,0,0,0,0,0,198,909,0.0,0.0,0.0,0.0,0.0,0.0,0.0,0.0,0.0,0,0,0,0
16,Bukayo,Saka,Saka,a,,,10.0,5,,16.6,24,,5.0,,,3,0,,0,,52571,15209,0.5,3.0,6.0,5.5,,,,100.0,100.0,,,,,,,,,,,,,,,,,,,,,,,,,9,3,65,0,0,1,0,0,0,0,0,0,0,1,0,8,290448,30022,0.0,0.020000000000000018,0.009999999999999787,0.029999999999999805,0.07999999999999963,2.1999999999999886,1.9000000000000057,3.0,0.7000000000000028,2,0,5,7
17,Martin,Ødegaard,Ødegaard,i,Knee injury - Unknown return date,,7.9,17,,1.5,151,,1.2,,,0,0,,-1,,35,3198,0.2,1.6,0.0,0.0,,,,0.0,0.0,,,,,,,,,,,,,,,,,,,,,,,,,9,0,0,0,0,0,0,0,0,0,0,0,0,0,0,0,62,8750,0.0,0.0,0.0,0.0,0.0,0.0,0.0,0.0,0.0,0,0,0,0
18,Noni,Madueke,Madueke,i,Knee injury - Unknown return date,,6.9,41,,0.6,214,,0.0,,,0,0,,-1,,27,1362,0.0,1.4,0.0,0.0,,,,0.0,0.0,,,,,,,,,,,,,,,,,,,,,,,,,9,0,0,0,0,0,0,0,0,0,0,0,0,0,0,0,51,3248,0.0,0.0,0.0,0.0,0.0,0.0,0.0,0.0,0.0,0,0,0,0
19,Gabriel,Martinelli Silva,Martinelli,a,Muscle injury - 50% chance of playing,,6.9,42,,1.2,165,,1.0,,,1,0,,-1,,2611,2707,0.1,2.3,2.0,1.5,,,,0.0,0.0,,,,,,,,,,,,,,,,,,,,,,,,,9,1,24,0,0,0,0,0,0,0,0,0,0,0,0,2,7653,7470,0.0,0.0,0.0,0.0,0.3899999999999999,1.0,0.3000000000000007,2.0,0.3000000000000007,0,1,0,1
630,Tom,King,King,a,,,4.0,627,,1.1,168,,0.0,,,0,0,,0,,66,690,0.0,0.0,0.5,0.0,,,,0.0,0.0,,,,,,,,,,,,,,,,,,,,,,,,,9,0,0,0,0,0,0,0,0,0,0,0,0,0,0,0,171,1758,0.0,0.0,0.0,0.0,0.0,0.0,0.0,0.0,0.0,0,0,0,0
20,Leandro,Trossard,Trossard,a,,,6.9,38,,0.4,262,,4.5,,,3,0,,-1,,2179,844,0.7,3.6,5.5,5.0,,,,100.0,100.0,,,,,,,,,,,,,,,,,,,,,,,,,9,3,90,0,0,1,0,0,0,0,0,0,0,1,0,4,6714,1811,0.0,0.3400000000000001,0.04999999999999993,0.3900000000000001,0.46999999999999975,4.800000000000011,7.700000000000003,33.0,4.600000000000001,0,1,6,7
21,Declan,Rice,Rice,a,,,6.6,50,,12.9,32,,7.5,,,7,0,,1,,70615,10137,1.1,7.6,8.5,8.0,,,,100.0,100.0,,,,,,,,,,,,,,,,,,,,,,,,,9,7,81,0,1,1,0,0,0,0,0,0,0,1,1,27,195950,28555,0.0,0.37,0.6100000000000001,0.9800000000000002,0.45999999999999996,21.19999999999999,40.79999999999998,29.0,9.100000000000001,3,3,3,9
22,Mikel,Merino Zazón,Merino,a,,,5.9,98,,0.6,222,,2.2,,,1,0,,-1,,892,2342,0.4,2.9,3.2,2.7,,,,0.0,0.0,,,,,,,,,,,,,,,,,,,,,,,,,9,1,8,0,0,0,0,0,0,0,0,0,0,0,0,4,2227,6569,0.0,0.0,0.0,0.0,0.010000000000000009,4.0,0.30000000000000426,0.0,0.40000000000000213,0,2,0,2
23,Fábio,Ferreira Vieira,Fábio Vieira,u,has joined Hamburger on loan for the rest of the season.,,5.4,179,,0.0,650,,0.0,,,0,0,,-1,,0,20,0.0,0.0,0.0,0.0,,,,0.0,0.0,,,,,,,,,,,,,,,,,,,,,,,,,9,0,0,0,0,0,0,0,0,0,0,0,0,0,0,0,0,36,0.0,0.0,0.0,0.0,0.0,0.0,0.0,0.0,0.0,0,0,0,0
24,Christian,Nørgaard,Nørgaard,a,,,5.2,218,,0.1,397,,0.2,,,0,-1,,-3,,86,194,0.0,0.2,1.2,0.7,,,,100.0,100.0,,,,,,,,,,,,,,,,,,,,,,,,,9,0,0,0,0,0,0,0,0,0,0,0,0,0,0,0,150,539,0.0,0.0,0.0,0.0,0.0,0.0,0.0,0.0,0.0,0,0,0,0
25,Ethan,Nwaneri,Nwaneri,a,,,5.2,229,,0.2,395,,0.2,,,0,0,,-3,,127,378,0.0,1.2,1.2,0.7,,,,0.0,0.0,,,,,,,,,,,,,,,,,,,,,,,,,9,0,0,0,0,0,0,0,0,0,0,0,0,0,0,0,282,814,0.0,0.0,0.0,0.0,0.0,0.0,0.0,0.0,0.0,0,0,0,0
26,Martín,Zubimendi Ibáñez,Zubimendi,a,,,5.5,151,,3.9,86,,3.2,,,5,0,,0,,6574,12780,0.6,7.3,4.2,3.7,,,,0.0,0.0,,,,,,,,,,,,,,,,,,,,,,,,,9,5,90,0,0,1,0,0,0,0,0,0,0,1,0,15,16553,38457,0.0,0.0,0.030000000000000027,0.029999999999999805,0.46999999999999975,18.200000000000017,15.5,0.0,3.3999999999999986,2,9,4,15
28,Ismeal,Kabia,Kabia,u,has joined Shrewsbury Town on loan for the rest of the season.,,4.5,471,,0.1,422,,0.0,,,0,0,,0,,0,204,0.0,0.0,0.0,0.0,,,,0.0,0.0,,,,,,,,,,,,,,,,,,,,,,,,,9,0,0,0,0,0,0,0,0,0,0,0,0,0,0,0,0,500,0.0,0.0,0.0,0.0,0.0,0.0,0.0,0.0,0.0,0,0,0,0
29,Albert,Sambi Lokonga,Sambi,u,has joined Hamburger permanently.,,4.5,420,,0.1,535,,0.0,,,0,0,,0,,0,95,0.0,0.0,0.0,0.0,,,,0.0,0.0,,,,,,,,,,,,,,,,,,,,,,,,,9,0,0,0,0,0,0,0,0,0,0,0,0,0,0,0,0,209,0.0,0.0,0.0,0.0,0.0,0.0,0.0,0.0,0.0,0,0,0,0
30,Kai,Havertz,Havertz,i,Knee injury - Unknown return date,,7.3,27,,0.3,287,,0.0,,,0,0,,-2,,34,263,0.0,0.1,0.0,0.0,,,,0.0,0.0,,,,,,,,,,,,,,,,,,,,,,,,,9,0,0,0,0,0,0,0,0,0,0,0,0,0,0,0,67,469,0.0,0.0,0.0,0.0,0.0,0.0,0.0,0.0,0.0,0,0,0,0
31,Gabriel,Fernando de Jesus,G.Jesus,i,Knee injury - Expected back 30 Dec,,6.4,63,,0.0,601,,0.0,,,0,0,,-1,,30,40,0.0,0.0,0.0,0.0,,,,0.0,0.0,,,,,,,,,,,,,,,,,,,,,,,,,9,0,0,0,0,0,0,0,0,0,0,0,0,0,0,0,48,75,0.0,0.0,0.0,0.0,0.0,0.0,0.0,0.0,0.0,0,0,0,0
266,Eberechi,Eze,Eze,a,,,7.6,21,,13.5,31,,5.5,,,11,0,,1,,30064,19060,0.7,4.7,6.5,6.0,,,,0.0,0.0,,,,,,,,,,,,,,,,,,,,,,,,,9,11,87,1,0,1,0,0,0,0,0,0,0,1,3,32,50655,78037,0.0,0.07999999999999985,0.020000000000000018,0.10000000000000009,0.4600000000000004,42.599999999999994,4.599999999999994,19.0,6.600000000000001,2,1,1,4
662,Cristhian,Mosquera,Mosquera,a,,,5.4,187,,0.2,379,,0.5,,,1,0,,-1,,315,459,0.1,2.4,1.5,1.0,,,,0.0,0.0,,,,,,,,,,,,,,,,,,,,,,,,,9,1,45,0,0,0,0,0,0,0,0,0,0,0,0,7,552,1225,0.0,0.0,0.049999999999999996,0.049999999999999996,0.3900000000000001,11.799999999999997,10.8,4.0,2.7,0,5,3,8
666,Viktor,Gyökeres,Gyökeres,a,Muscle injury - 50% chance of playing,,9.0,6,,22.5,16,,2.0,,,2,0,,0,,34826,59275,0.2,3.3,3.0,2.5,,,,0.0,0.0,,,,,,,,,,,,,,,,,,,,,,,,,9,2,90,0,0,1,0,0,0,0,0,0,0,1,0,0,91474,186805,0.0,0.16999999999999993,0.020000000000000018,0.1900000000000004,0.46999999999999975,0.0,3.3000000000000114,13.0,1.5,0,1,2,3
700,Max,Dowman,Dowman,a,,,4.4,576,,0.3,301,,0.0,,,0,0,,-1,,765,1602,0.0,1.1,1.0,0.5,,,,0.0,0.0,,,,,,,,,,,,,,,,,,,,,,,,,9,0,0,0,0,0,0,0,0,0,0,0,0,0,0,0,1814,3699,0.0,0.0,0.0,0.0,0.0,0.0,0.0,0.0,0.0,0,0,0,0
711,Andre,Harriman-Annous,Harriman-Annous,a,,,4.5,488,,0.0,689,,0.0,,,0,0,,0,,12,14,0.0,0.0,1.0,0.5,,,,0.0,0.0,,,,,,,,,,,,,,,,,,,,,,,,,9,0,0,0,0,0,0,0,0,0,0,0,0,0,0,0,29,46,0.0,0.0,0.0,0.0,0.0,0.0,0.0,0.0,0.0,0,0,0,0
725,Piero,Hincapié,Hincapie,a,,,5.4,183,,0.0,636,,0.2,,,1,0,,-1,,135,61,0.0,0.2,1.2,0.7,,,,100.0,100.0,,,,,,,,,,,,,,,,,,,,,,,,,9,1,8,0,0,0,0,0,0,0,0,0,0,0,0,4,211,100,0.0,0.0,0.0,0.0,0.01,0.0,0.3,0.0,0.0,0,0,0,0
32,Emiliano,Martínez Romero,Martinez,a,,,5.0,246,,2.0,130,,3.5,,,8,0,,0,,2127,2487,0.7,5.0,2.5,3.0,,,,100.0,100.0,,,,,,,,,,,,,,,,,,,,,,,,,9,8,90,0,0,1,0,0,0,0,0,0,3,1,1,32,3489,7489,0.0,0.0,0.0,0.0,1.1800000000000006,27.200000000000017,0.0,0.0,2.6999999999999993,0,0,16,16
33,Marco,Bizot,M.Bizot,a,,,4.4,492,,0.5,232,,0.0,,,0,0,,-1,,66,825,0.0,1.6,-1.0,-0.5,,,,0.0,0.0,,,,,,,,,,,,,,,,,,,,,,,,,9,0,0,0,0,0,0,0,0,0,0,0,0,0,0,0,132,2070,0.0,0.0,0.0,0.0,0.0,0.0,0.0,0.0,0.0,0,0,0,0
34,Joe,Gauci,Gauci,u,Has joined Port Vale on loan for the rest of the season.,,4.0,654,,0.1,423,,0.0,,,0,0,,0,,0,116,0.0,0.0,0.0,0.0,,,,0.0,0.0,,,,,,,,,,,,,,,,,,,,,,,,,9,0,0,0,0,0,0,0,0,0,0,0,0,0,0,0,0,268,0.0,0.0,0.0,0.0,0.0,0.0,0.0,0.0,0.0,0,0,0,0
35,Filip,Marschall,Marschall,u,Has joined Stevenage permanently.,,4.0,653,,0.0,691,,0.0,,,0,0,,0,,0,13,0.0,0.0,0.0,0.0,,,,0.0,0.0,,,,,,,,,,,,,,,,,,,,,,,,,9,0,0,0,0,0,0,0,0,0,0,0,0,0,0,0,0,22,0.0,0.0,0.0,0.0,0.0,0.0,0.0,0.0,0.0,0,0,0,0
36,Matty,Cash,Cash,a,,,4.6,386,,4.9,75,,5.2,,,15,0,,1,,10244,6099,1.1,10.0,4.2,4.7,,,,0.0,0.0,,,,,,,,,,,,,,,,,,,,,,,,,9,15,90,1,0,1,0,0,0,0,0,0,0,1,3,44,14280,31190,0.0,0.06,0.07000000000000006,0.13,1.1799999999999997,48.0,19.799999999999997,7.0,7.5,2,5,2,9
37,Lucas,Digne,Digne,a,,,4.5,393,,1.6,146,,4.2,,,6,0,,0,,369,6103,0.9,7.1,3.2,1.9,,,,100.0,50.0,,,,,,,,,,,,,,,,,,,,,,,,,9,6,85,0,0,1,0,0,0,0,0,0,0,1,0,28,667,21866,0.0,0.060000000000000026,0.06000000000000005,0.11999999999999988,0.9800000000000004,11.199999999999989,16.700000000000017,11.0,3.900000000000002,3,1,0,4
38,Ezri,Konsa Ngoyo,Konsa,a,Calf injury - 75% chance of playing,,4.4,508,,9.0,44,,3.5,,,8,-1,,-1,,2626,11212,0.8,5.9,2.5,3.0,,,,100.0,100.0,,,,,,,,,,,,,,,,,,,,,,,,,9,8,90,0,0,1,0,0,0,0,0,0,0,1,0,31,5403,64774,0.0,0.0,0.0,0.0,1.1799999999999997,30.799999999999997,0.5,2.0,3.3000000000000007,1,11,4,16
39,Ian,Maatsen,Maatsen,a,,,4.3,594,,0.5,247,,0.8,,,1,0,,-2,,268,684,0.2,1.2,-0.2,0.3,,,,0.0,0.0,,,,,,,,,,,,,,,,,,,,,,,,,9,1,4,0,0,0,0,0,0,0,0,0,0,0,0,3,607,1973,0.0,0.0,0.0,0.0,0.20000000000000018,0.0,0.0,0.0,0.0,0,0,0,0
40,Tyrone,Mings,Mings,a,Hamstring injury - 25% chance of playing,,4.4,501,,1.0,183,,0.2,,,0,-1,,-1,,487,1540,0.0,5.2,-0.8,-0.3,,,,100.0,100.0,,,,,,,,,,,,,,,,,,,,,,,,,9,0,0,0,0,0,0,0,0,0,0,0,0,0,0,0,912,4700,0.0,0.0,0.0,0.0,0.0,0.0,0.0,0.0,0.0,0,0,0,0
41,Pau,Torres,Pau,a,,,4.3,592,,0.3,290,,3.8,,,8,0,,-2,,521,322,0.9,4.2,2.8,3.3,,,,0.0,0.0,,,,,,,,,,,,,,,,,,,,,,,,,9,8,90,0,0,1,0,0,0,0,0,0,0,1,2,35,1059,1146,0.0,0.0,0.010000000000000009,0.010000000000000009,1.1799999999999997,20.400000000000006,1.3000000000000007,0.0,2.1999999999999993,0,6,1,7
42,Andrés,García,A.García,d,Knock - 25% chance of playing,,3.9,743,,0.3,318,,0.0,,,0,0,,-1,,170,844,0.0,0.0,-0.2,-0.1,,,,25.0,25.0,,,,,,,,,,,,,,,,,,,,,,,,,9,0,0,0,0,0,0,0,0,0,0,0,0,0,0,0,492,2023,0.0,0.0,0.0,0.0,0.0,0.0,0.0,0.0,0.0,0,0,0,0
43,Álex,Moreno Lopera,Alex Moreno,u,Has joined Girona permanently.,,4.0,622,,2.6,114,,0.0,,,0,0,,0,,0,4301,0.0,0.0,0.0,0.0,,,,0.0,0.0,,,,,,,,,,,,,,,,,,,,,,,,,9,0,0,0,0,0,0,0,0,0,0,0,0,0,0,0,0,14785,0.0,0.0,0.0,0.0,0.0,0.0,0.0,0.0,0.0,0,0,0,0
44,Lamare,Bogarde,Bogarde,a,,,4.0,675,,0.7,205,,1.0,,,0,0,,0,,524,1376,0.2,3.8,0.0,0.5,,,,0.0,0.0,,,,,,,,,,,,,,,,,,,,,,,,,9,0,0,0,0,0,0,0,0,0,0,0,0,0,0,0,1348,3753,0.0,0.0,0.0,0.0,0.0,0.0,0.0,0.0,0.0,0,0,0,0
45,Lino,da Cruz Sousa,Sousa,a,,,4.0,674,,0.3,304,,0.0,,,0,0,,0,,173,356,0.0,0.0,-1.0,-0.5,,,,0.0,0.0,,,,,,,,,,,,,,,,,,,,,,,,,9,0,0,0,0,0,0,0,0,0,0,0,0,0,0,0,383,944,0.0,0.0,0.0,0.0,0.0,0.0,0.0,0.0,0.0,0,0,0,0
46,Yasin,Özcan,Yasin,u,has joined Anderlecht on loan for the rest of the season.,,4.0,691,,0.1,396,,0.0,,,0,0,,0,,0,222,0.0,0.0,0.0,0.0,,,,0.0,0.0,,,,,,,,,,,,,,,,,,,,,,,,,9,0,0,0,0,0,0,0,0,0,0,0,0,0,0,0,0,535,0.0,0.0,0.0,0.0,0.0,0.0,0.0,0.0,0.0,0,0,0,0
47,Morgan,Rogers,Rogers,a,,,6.8,45,,4.9,74,,5.0,,,3,0,,-2,,6573,9420,0.7,4.7,4.0,4.5,,,,100.0,100.0,,,,,,,,,,,,,,,,,,,,,,,,,9,3,90,0,0,1,0,0,0,0,0,0,0,1,0,17,16273,34925,0.0,0.0,0.06999999999999995,0.07000000000000006,1.1800000000000015,11.200000000000017,12.299999999999997,6.0,3.0,3,0,6,9
48,Youri,Tielemans,Tielemans,d,Calf injury - 25% chance of playing,,5.9,95,,0.6,217,,0.0,,,0,0,,-1,,7,1078,0.0,1.4,-0.2,-0.1,,,,25.0,25.0,,,,,,,,,,,,,,,,,,,,,,,,,9,0,0,0,0,0,0,0,0,0,0,0,0,0,0,0,18,3101,0.0,0.0,0.0,0.0,0.0,0.0,0.0,0.0,0.0,0,0,0,0
49,Leon,Bailey,Bailey,u,Has joined AS Roma on loan for the rest of the season.,,5.5,144,,0.1,490,,0.0,,,0,0,,0,,0,77,0.0,0.0,0.0,0.0,,,,0.0,0.0,,,,,,,,,,,,,,,,,,,,,,,,,9,0,0,0,0,0,0,0,0,0,0,0,0,0,0,0,0,200,0.0,0.0,0.0,0.0,0.0,0.0,0.0,0.0,0.0,0,0,0,0
50,Emiliano,Buendía Stati,Buendía,a,,,5.3,201,,0.3,327,,5.8,,,4,0,,-2,,2595,788,1.1,5.3,4.8,5.3,,,,0.0,0.0,,,,,,,,,,,,,,,,,,,,,,,,,9,4,28,0,1,0,0,0,0,0,0,0,0,1,0,12,7778,2527,0.0,0.020000000000000018,0.030000000000000027,0.04999999999999982,0.1899999999999995,15.800000000000011,11.799999999999997,4.0,3.1999999999999993,0,0,2,2
51,Samuel,Iling-Junior,Iling Jr,u,has joined West Bromwich Albion on loan for the rest of the season,,5.5,150,,0.0,647,,0.0,,,0,0,,0,,0,32,0.0,0.0,0.0,0.0,,,,0.0,0.0,,,,,,,,,,,,,,,,,,,,,,,,,9,0,0,0,0,0,0,0,0,0,0,0,0,0,0,0,0,59,0.0,0.0,0.0,0.0,0.0,0.0,0.0,0.0,0.0,0,0,0,0
53,Donyell,Malen,Malen,a,,,5.1,237,,0.8,197,,4.8,,,1,0,,-4,,1690,2441,0.9,4.9,3.8,4.3,,,,0.0,0.0,,,,,,,,,,,,,,,,,,,,,,,,,9,1,4,0,0,0,0,0,0,0,0,0,0,0,0,4,5686,6620,0.0,0.0,0.0,0.0,0.20000000000000018,2.0,0.0,0.0,0.1999999999999993,1,0,0,1
54,John,McGinn,McGinn,a,,,5.4,162,,0.7,207,,3.5,,,3,0,,-1,,1222,1550,0.6,4.8,2.5,3.0,,,,0.0,0.0,,,,,,,,,,,,,,,,,,,,,,,,,9,3,73,0,0,1,0,0,0,0,0,0,0,1,0,8,2820,5257,0.0,0.27,0.15000000000000013,0.41999999999999993,0.6400000000000006,2.5999999999999943,11.400000000000006,10.0,2.3999999999999986,0,1,3,4
55,Ross,Barkley,Barkley,a,,,4.8,356,,0.0,600,,0.8,,,1,0,,-2,,90,53,0.2,0.6,-0.2,0.3,,,,100.0,100.0,,,,,,,,,,,,,,,,,,,,,,,,,9,1,16,0,0,0,0,0,0,0,0,0,0,0,0,3,186,112,0.0,0.0,0.0,0.0,0.54,6.0,3.1,0.0,0.8999999999999999,0,1,1,2
56,Enzo,Barrenechea,Barrenechea,u,Season-long loan to Benfica,,5.0,275,,0.0,745,,0.0,,,0,0,,0,,0,0,0.0,0.0,0.0,0.0,,,,0.0,0.0,,,,,,,,,,,,,,,,,,,,,,,,,9,0,0,0,0,0,0,0,0,0,0,0,0,0,0,0,0,1,0.0,0.0,0.0,0.0,0.0,0.0,0.0,0.0,0.0,0,0,0,0
57,Lewis,Dobbin,Dobbin,u,Has joined Preston North End on loan for the rest of the season.,,5.0,269,,0.0,630,,0.0,,,0,0,,0,,0,18,0.0,0.0,0.0,0.0,,,,0.0,0.0,,,,,,,,,,,,,,,,,,,,,,,,,9,0,0,0,0,0,0,0,0,0,0,0,0,0,0,0,0,52,0.0,0.0,0.0,0.0,0.0,0.0,0.0,0.0,0.0,0,0,0,0
58,Boubacar,Kamara,Kamara,a,,,4.9,314,,0.2,382,,2.5,,,2,0,,-1,,362,368,0.5,3.9,1.5,2.0,,,,100.0,100.0,,,,,,,,,,,,,,,,,,,,,,,,,9,2,90,0,0,1,0,0,0,0,1,0,0,1,0,8,857,931,0.0,0.0,0.03999999999999998,0.03999999999999998,1.1800000000000006,13.0,14.299999999999997,0.0,2.6999999999999993,2,2,5,9
59,Amadou,Onana,Onana,a,,,4.8,371,,0.6,221,,2.0,,,3,0,,-2,,999,529,0.4,2.9,1.0,1.5,,,,100.0,100.0,,,,,,,,,,,,,,,,,,,,,,,,,9,3,90,0,0,1,0,0,0,0,0,0,0,1,0,22,2375,1475,0.0,0.0,0.020000000000000004,0.020000000000000018,1.1799999999999997,33.60000000000001,3.4999999999999982,0.0,3.700000000000001,3,8,0,11
60,Ben,Broggio,Broggio,a,,,4.5,470,,0.3,291,,0.0,,,0,0,,0,,366,627,0.0,0.0,-1.0,-0.5,,,,0.0,0.0,,,,,,,,,,,,,,,,,,,,,,,,,9,0,0,0,0,0,0,0,0,0,0,0,0,0,0,0,847,1446,0.0,0.0,0.0,0.0,0.0,0.0,0.0,0.0,0.0,0,0,0,0
61,Leander,Dendoncker,Dendoncker,u,Has joined Real Oviedo permanently.,,4.5,397,,0.1,467,,0.0,,,0,0,,0,,0,131,0.0,0.0,0.0,0.0,,,,0.0,0.0,,,,,,,,,,,,,,,,,,,,,,,,,9,0,0,0,0,0,0,0,0,0,0,0,0,0,0,0,0,391,0.0,0.0,0.0,0.0,0.0,0.0,0.0,0.0,0.0,0,0,0,0
62,Jamaldeen,Jimoh-Aloba,Jimoh-Aloba,a,,,4.5,458,,0.1,528,,0.0,,,0,0,,0,,89,108,0.0,0.0,-1.0,-0.5,,,,0.0,0.0,,,,,,,,,,,,,,,,,,,,,,,,,9,0,0,0,0,0,0,0,0,0,0,0,0,0,0,0,187,272,0.0,0.0,0.0,0.0,0.0,0.0,0.0,0.0,0.0,0,0,0,0
63,Kadan,Young,Young,a,,,4.4,558,,0.6,209,,0.0,,,0,0,,-1,,669,1408,0.0,0.0,-1.0,-0.5,,,,0.0,0.0,,,,,,,,,,,,,,,,,,,,,,,,,9,0,0,0,0,0,0,0,0,0,0,0,0,0,0,0,1731,3445,0.0,0.0,0.0,0.0,0.0,0.0,0.0,0.0,0.0,0,0,0,0
64,Ollie,Watkins,Watkins,a,,,8.5,10,,7.0,55,,3.2,,,2,-1,,-5,,3135,14388,0.4,2.7,2.2,2.7,,,,100.0,100.0,,,,,,,,,,,,,,,,,,,,,,,,,9,2,85,0,0,1,0,0,0,0,0,0,0,1,0,6,5647,75108,0.0,0.1299999999999999,0.06999999999999998,0.20000000000000018,0.9799999999999986,4.200000000000003,13.0,26.0,4.299999999999997,1,0,1,2
65,Zépiqueno,Redmond,Redmond,u,has joined Huddersfield Town on loan for the rest of the season.,,4.5,467,,0.4,272,,0.0,,,0,0,,0,,0,566,0.0,0.0,0.0,0.0,,,,0.0,0.0,,,,,,,,,,,,,,,,,,,,,,,,,9,0,0,0,0,0,0,0,0,0,0,0,0,0,0,0,0,1378,0.0,0.0,0.0,0.0,0.0,0.0,0.0,0.0,0.0,0,0,0,0
389,Harvey,Elliott,Elliott,n,Ineligible to face his parent club on 1/11. - Expected back 09 Nov,,5.4,181,,0.3,300,,0.2,,,0,0,,-1,,124,2215,0.0,0.7,0.0,-0.3,,,,0.0,0.0,,,,,,,,,,,,,,,,,,,,,,,,,9,0,0,0,0,0,0,0,0,0,0,0,0,0,0,0,381,6161,0.0,0.0,0.0,0.0,0.0,0.0,0.0,0.0,0.0,0,0,0,0
456,Jadon,Sancho,Sancho,a,,,5.9,99,,0.2,376,,0.2,,,1,0,,-1,,274,376,0.0,0.3,-0.8,-0.3,,,,100.0,100.0,,,,,,,,,,,,,,,,,,,,,,,,,9,1,44,0,0,0,0,0,0,0,0,0,0,0,0,2,430,883,0.0,0.26999999999999996,0.019999999999999997,0.29,0.45,8.0,2.3,56.0,6.6,0,1,1,2
677,Evann,Guessand,Guessand,a,,,6.3,75,,0.0,597,,1.5,,,1,0,,-2,,57,112,0.2,1.9,0.5,1.0,,,,0.0,0.0,,,,,,,,,,,,,,,,,,,,,,,,,9,1,16,0,0,0,0,0,0,0,0,0,0,0,0,9,120,290,0.0,0.0,0.0,0.0,0.54,4.200000000000003,0.0,0.0,0.40000000000000036,2,0,3,5
688,James,Wright,Wright,a,,,4.0,663,,0.5,236,,0.0,,,0,0,,0,,42,273,0.0,0.0,-1.0,-0.5,,,,0.0,0.0,,,,,,,,,,,,,,,,,,,,,,,,,9,0,0,0,0,0,0,0,0,0,0,0,0,0,0,0,131,612,0.0,0.0,0.0,0.0,0.0,0.0,0.0,0.0,0.0,0,0,0,0
701,Triston,Rowe,Rowe,u,has joined Annecy on loan for the rest of the season.,,4.0,688,,0.1,480,,0.0,,,0,0,,0,,0,149,0.0,0.0,0.0,0.0,,,,0.0,0.0,,,,,,,,,,,,,,,,,,,,,,,,,9,0,0,0,0,0,0,0,0,0,0,0,0,0,0,0,0,272,0.0,0.0,0.0,0.0,0.0,0.0,0.0,0.0,0.0,0,0,0,0
702,Bradley,Burrowes,Burrowes,a,,,4.5,487,,0.1,514,,0.0,,,0,0,,0,,39,119,0.0,0.2,-1.0,-0.5,,,,0.0,0.0,,,,,,,,,,,,,,,,,,,,,,,,,9,0,0,0,0,0,0,0,0,0,0,0,0,0,0,0,92,256,0.0,0.0,0.0,0.0,0.0,0.0,0.0,0.0,0.0,0,0,0,0
703,Sam,Proctor,Proctor,a,,,4.0,685,,0.2,332,,0.0,,,0,0,,0,,16,168,0.0,0.0,-1.0,-0.5,,,,0.0,0.0,,,,,,,,,,,,,,,,,,,,,,,,,9,0,0,0,0,0,0,0,0,0,0,0,0,0,0,0,45,371,0.0,0.0,0.0,0.0,0.0,0.0,0.0,0.0,0.0,0,0,0,0
710,Travis,Patterson,Patterson,a,,,3.9,728,,0.2,364,,0.0,,,0,0,,-1,,2745,576,0.0,0.0,-1.0,-0.5,,,,0.0,0.0,,,,,,,,,,,,,,,,,,,,,,,,,9,0,0,0,0,0,0,0,0,0,0,0,0,0,0,0,8076,1097,0.0,0.0,0.0,0.0,0.0,0.0,0.0,0.0,0.0,0,0,0,0
719,Victor,Lindelöf,Lindelöf,a,,,4.5,402,,0.0,606,,0.5,,,0,0,,0,,108,94,0.1,0.7,-0.5,0.0,,,,100.0,100.0,,,,,,,,,,,,,,,,,,,,,,,,,9,0,0,0,0,0,0,0,0,0,0,0,0,0,0,0,213,195,0.0,0.0,0.0,0.0,0.0,0.0,0.0,0.0,0.0,0,0,0,0
183,Max,Weiß,Weiss,a,,,4.4,551,,0.1,436,,0.0,,,0,0,,-1,,49,128,0.0,0.0,-1.0,-0.5,,,,0.0,0.0,,,,,,,,,,,,,,,,,,,,,,,,,9,0,0,0,0,0,0,0,0,0,0,0,0,0,0,0,155,412,0.0,0.0,0.0,0.0,0.0,0.0,0.0,0.0,0.0,0,0,0,0
184,Etienne,Green,Green,u,has joined FC Fredericia permanently.,,4.0,665,,0.2,334,,0.0,,,0,0,,0,,0,253,0.0,0.0,0.0,0.0,,,,0.0,0.0,,,,,,,,,,,,,,,,,,,,,,,,,9,0,0,0,0,0,0,0,0,0,0,0,0,0,0,0,0,781,0.0,0.0,0.0,0.0,0.0,0.0,0.0,0.0,0.0,0,0,0,0
185,Václav,Hladký,Hladký,a,,,4.0,613,,0.2,385,,0.0,,,0,0,,0,,37,132,0.0,0.0,-1.0,-0.5,,,,0.0,0.0,,,,,,,,,,,,,,,,,,,,,,,,,9,0,0,0,0,0,0,0,0,0,0,0,0,0,0,0,118,442,0.0,0.0,0.0,0.0,0.0,0.0,0.0,0.0,0.0,0,0,0,0
186,Connor,Roberts,Roberts,i,Achilles injury - Unknown return date,,4.4,506,,0.0,608,,0.0,,,0,0,,-1,,8,56,0.0,0.0,0.0,0.0,,,,0.0,0.0,,,,,,,,,,,,,,,,,,,,,,,,,9,0,0,0,0,0,0,0,0,0,0,0,0,0,0,0,23,150,0.0,0.0,0.0,0.0,0.0,0.0,0.0,0.0,0.0,0,0,0,0
187,Kyle,Walker,Walker,a,,,4.4,491,,1.6,145,,4.2,,,3,0,,-1,,1688,2101,1.0,6.4,3.2,3.7,,,,0.0,0.0,,,,,,,,,,,,,,,,,,,,,,,,,9,3,90,0,0,0,2,0,0,0,0,0,0,1,0,12,10103,4840,0.0,0.0,0.010000000000000009,0.010000000000000009,2.5199999999999996,26.799999999999997,2.3000000000000043,0.0,2.8999999999999986,3,13,6,22
188,Hannes,Delcroix,Delcroix,a,,,3.9,711,,0.2,331,,0.0,,,0,0,,-1,,66,274,0.0,0.0,-1.0,-0.5,,,,0.0,0.0,,,,,,,,,,,,,,,,,,,,,,,,,9,0,0,0,0,0,0,0,0,0,0,0,0,0,0,0,235,795,0.0,0.0,0.0,0.0,0.0,0.0,0.0,0.0,0.0,0,0,0,0
189,Owen,Dodgson,Dodgson,u,Has joined Stockport County on loan for the rest of the season.,,4.0,652,,0.0,672,,0.0,,,0,0,,0,,0,14,0.0,0.0,0.0,0.0,,,,0.0,0.0,,,,,,,,,,,,,,,,,,,,,,,,,9,0,0,0,0,0,0,0,0,0,0,0,0,0,0,0,0,28,0.0,0.0,0.0,0.0,0.0,0.0,0.0,0.0,0.0,0,0,0,0
190,Hjalmar,Ekdal,Ekdal,a,,,4.0,662,,1.3,160,,0.2,,,1,0,,0,,185,3193,0.0,5.0,-0.8,-0.3,,,,0.0,0.0,,,,,,,,,,,,,,,,,,,,,,,,,9,1,1,0,0,0,0,0,0,0,0,0,0,0,0,3,502,9879,0.0,0.0,0.0,0.0,0.049999999999998934,0.0,0.0,0.0,0.0,0,0,0,0
191,Maxime,Estève,Estève,a,,,4.0,661,,12.9,33,,2.0,,,1,0,,0,,3331,13078,0.5,6.0,1.0,1.5,,,,0.0,0.0,,,,,,,,,,,,,,,,,,,,,,,,,9,1,90,0,0,0,2,0,0,0,0,0,0,1,0,7,17675,35683,0.0,0.0,0.0,0.0,2.5199999999999996,17.80000000000001,0.8000000000000007,2.0,2.1000000000000014,1,7,2,10
192,Quilindschy,Hartman,Hartman,a,,,4.0,670,,0.7,201,,5.0,,,7,0,,0,,4547,867,1.2,8.5,4.0,4.5,,,,0.0,0.0,,,,,,,,,,,,,,,,,,,,,,,,,9,7,90,0,2,0,2,0,0,0,0,0,0,1,0,25,12670,5152,0.0,0.010000000000000009,0.5800000000000001,0.59,2.5199999999999996,44.0,23.099999999999994,5.0,7.200000000000003,0,6,2,8
193,Bashir,Humphreys,Humphreys,a,,,4.0,649,,0.1,534,,0.0,,,0,0,,0,,54,93,0.0,0.0,-1.0,-0.5,,,,100.0,100.0,,,,,,,,,,,,,,,,,,,,,,,,,9,0,0,0,0,0,0,0,0,0,0,0,0,0,0,0,128,216,0.0,0.0,0.0,0.0,0.0,0.0,0.0,0.0,0.0,0,0,0,0
194,Jordan,Beyer,Jordan,i,Hamstring injury - Unknown return date,,4.0,640,,0.1,508,,0.0,,,0,0,,0,,1,93,0.0,0.0,0.0,0.0,,,,0.0,0.0,,,,,,,,,,,,,,,,,,,,,,,,,9,0,0,0,0,0,0,0,0,0,0,0,0,0,0,0,15,267,0.0,0.0,0.0,0.0,0.0,0.0,0.0,0.0,0.0,0,0,0,0
195,Lucas,Pires Silva,Lucas Pires,a,,,3.9,734,,0.2,381,,0.0,,,0,0,,-1,,35,186,0.0,0.0,-1.0,-0.5,,,,0.0,0.0,,,,,,,,,,,,,,,,,,,,,,,,,9,0,0,0,0,0,0,0,0,0,0,0,0,0,0,0,108,548,0.0,0.0,0.0,0.0,0.0,0.0,0.0,0.0,0.0,0,0,0,0
196,Shurandy,Sambo,Sambo,u,Has joined Sparta Rotterdam on loan for the rest of the season.,,4.0,648,,0.1,572,,0.0,,,0,0,,0,,0,46,0.0,0.0,0.0,0.0,,,,0.0,0.0,,,,,,,,,,,,,,,,,,,,,,,,,9,0,0,0,0,0,0,0,0,0,0,0,0,0,0,0,0,148,0.0,0.0,0.0,0.0,0.0,0.0,0.0,0.0,0.0,0,0,0,0
197,Oliver,Sonne,Sonne,a,,,3.9,727,,0.1,411,,0.0,,,0,0,,-1,,64,151,0.0,0.8,-1.0,-0.5,,,,0.0,0.0,,,,,,,,,,,,,,,,,,,,,,,,,9,0,0,0,0,0,0,0,0,0,0,0,0,0,0,0,243,385,0.0,0.0,0.0,0.0,0.0,0.0,0.0,0.0,0.0,0,0,0,0
198,Axel,Tuanzebe,Tuanzebe,a,,,3.9,705,,1.8,138,,2.5,,,1,0,,-1,,1643,1789,0.6,2.6,1.5,2.0,,,,100.0,100.0,,,,,,,,,,,,,,,,,,,,,,,,,9,1,90,0,0,0,2,0,0,0,0,0,0,1,0,4,7946,4972,0.0,0.0,0.0,0.0,2.5199999999999996,16.0,0.6000000000000001,0.0,1.7000000000000002,0,9,1,10
199,Joe,Worrall,Worrall,a,,,3.9,706,,0.2,356,,0.2,,,0,0,,-1,,85,295,0.1,1.0,-0.8,-0.3,,,,0.0,0.0,,,,,,,,,,,,,,,,,,,,,,,,,9,0,0,0,0,0,0,0,0,0,0,0,0,0,0,0,430,857,0.0,0.0,0.0,0.0,0.0,0.0,0.0,0.0,0.0,0,0,0,0
200,Jaidon,Anthony,Anthony,a,,,5.7,124,,7.1,53,,2.8,,,2,0,,2,,9979,38055,0.5,7.9,1.8,2.3,,,,100.0,100.0,,,,,,,,,,,,,,,,,,,,,,,,,9,2,76,0,0,0,2,0,0,0,0,0,0,1,0,8,66900,61687,0.0,0.08000000000000007,0.020000000000000018,0.10000000000000009,2.280000000000001,8.800000000000011,13.200000000000003,19.0,4.100000000000001,2,1,5,8
201,Manuel,Benson Hedilazio,Benson,u,has joined Swansea City on loan for the rest of the season.,,5.4,166,,0.0,663,,0.0,,,0,0,,-1,,0,23,0.0,0.0,0.0,0.0,,,,0.0,0.0,,,,,,,,,,,,,,,,,,,,,,,,,9,0,0,0,0,0,0,0,0,0,0,0,0,0,0,0,0,51,0.0,0.0,0.0,0.0,0.0,0.0,0.0,0.0,0.0,0,0,0,0
202,Jacob,Bruun Larsen,Bruun Larsen,a,,,5.3,200,,0.0,617,,1.2,,,2,0,,-2,,36,56,0.2,2.6,0.2,0.7,,,,100.0,100.0,,,,,,,,,,,,,,,,,,,,,,,,,9,2,68,0,0,0,2,0,0,0,0,0,0,1,0,5,108,268,0.0,0.06999999999999999,0.11000000000000004,0.18,2.1799999999999997,3.200000000000003,11.299999999999997,13.0,2.8000000000000007,1,0,0,1
203,Enock,Agyei,Boateng,a,,,4.8,378,,0.0,591,,0.0,,,0,0,,-2,,18,68,0.0,0.0,-1.0,-0.5,,,,0.0,0.0,,,,,,,,,,,,,,,,,,,,,,,,,9,0,0,0,0,0,0,0,0,0,0,0,0,0,0,0,50,137,0.0,0.0,0.0,0.0,0.0,0.0,0.0,0.0,0.0,0,0,0,0
204,Darko,Churlinov,Churlinov,u,has joined Kocaelispor  permanently.,,4.9,319,,0.0,676,,0.0,,,0,0,,-1,,0,9,0.0,0.0,0.0,0.0,,,,0.0,0.0,,,,,,,,,,,,,,,,,,,,,,,,,9,0,0,0,0,0,0,0,0,0,0,0,0,0,0,0,0,23,0.0,0.0,0.0,0.0,0.0,0.0,0.0,0.0,0.0,0,0,0,0
205,Josh,Cullen,Cullen,a,,,5.0,250,,2.5,117,,3.8,,,2,0,,0,,4956,7453,0.8,8.4,2.8,3.3,,,,0.0,0.0,,,,,,,,,,,,,,,,,,,,,,,,,9,2,90,0,0,0,2,0,0,0,0,0,0,1,0,15,22243,20002,0.0,0.05000000000000002,0.06000000000000005,0.10999999999999999,2.5200000000000014,21.0,3.5,14.0,3.9000000000000057,3,4,2,9
206,Marcus,Edwards,Edwards,a,,,4.7,381,,0.1,547,,0.0,,,0,0,,-3,,225,125,0.0,0.2,-1.0,-0.5,,,,0.0,0.0,,,,,,,,,,,,,,,,,,,,,,,,,9,0,0,0,0,0,0,0,0,0,0,0,0,0,0,0,764,310,0.0,0.0,0.0,0.0,0.0,0.0,0.0,0.0,0.0,0,0,0,0
207,Hannibal,Mejbri,Hannibal,a,,,4.9,331,,0.1,430,,1.2,,,4,0,,-1,,92,233,0.2,3.3,0.2,0.7,,,,0.0,0.0,,,,,,,,,,,,,,,,,,,,,,,,,9,4,1,0,1,0,0,0,0,0,0,0,0,0,0,16,243,674,0.0,0.0,0.28,0.28,0.04999999999999982,17.200000000000003,13.299999999999997,0.0,3.1000000000000005,0,0,1,1
208,Luca,Koleosho,Koleosho,u,Has joined Espanyol on loan for the rest of the season.,,5.0,274,,0.0,686,,0.0,,,0,0,,0,,0,7,0.0,0.0,0.0,0.0,,,,0.0,0.0,,,,,,,,,,,,,,,,,,,,,,,,,9,0,0,0,0,0,0,0,0,0,0,0,0,0,0,0,0,15,0.0,0.0,0.0,0.0,0.0,0.0,0.0,0.0,0.0,0,0,0,0
209,Josh,Laurent,Laurent,a,,,4.9,297,,0.0,626,,1.5,,,1,0,,-1,,9,37,0.3,2.7,0.5,1.0,,,,0.0,0.0,,,,,,,,,,,,,,,,,,,,,,,,,9,1,21,0,0,0,0,0,0,0,0,0,0,0,0,7,32,119,0.0,0.0,0.0,0.0,0.33999999999999986,5.600000000000001,0.3999999999999986,0.0,0.5999999999999996,2,1,0,3
210,Loum,Tchaouna,Tchaouna,a,,,4.9,334,,0.0,593,,2.2,,,0,0,,-1,,53,94,0.4,3.9,1.2,1.7,,,,0.0,0.0,,,,,,,,,,,,,,,,,,,,,,,,,9,0,0,0,0,0,0,0,0,0,0,0,0,0,0,0,321,276,0.0,0.0,0.0,0.0,0.0,0.0,0.0,0.0,0.0,0,0,0,0
211,Aaron,Ramsey,A.Ramsey,u,has joined Leicester City on loan for the rest of the season.,,4.4,525,,2.4,120,,0.0,,,0,0,,-1,,0,4842,0.0,0.0,0.0,0.0,,,,0.0,0.0,,,,,,,,,,,,,,,,,,,,,,,,,9,0,0,0,0,0,0,0,0,0,0,0,0,0,0,0,0,16626,0.0,0.0,0.0,0.0,0.0,0.0,0.0,0.0,0.0,0,0,0,0
212,Oluwaseun,Adewumi,Adewumi,u,Has joined Cercle Brugge on loan for the rest of the season.,,4.5,466,,0.0,700,,0.0,,,0,0,,0,,0,11,0.0,0.0,0.0,0.0,,,,0.0,0.0,,,,,,,,,,,,,,,,,,,,,,,,,9,0,0,0,0,0,0,0,0,0,0,0,0,0,0,0,0,27,0.0,0.0,0.0,0.0,0.0,0.0,0.0,0.0,0.0,0,0,0,0
213,Jaydon,Banel,Banel,a,,,4.5,453,,0.0,585,,0.0,,,0,0,,0,,80,100,0.0,0.0,-1.0,-0.5,,,,0.0,0.0,,,,,,,,,,,,,,,,,,,,,,,,,9,0,0,0,0,0,0,0,0,0,0,0,0,0,0,0,211,272,0.0,0.0,0.0,0.0,0.0,0.0,0.0,0.0,0.0,0,0,0,0
214,Mike,Trésor Ndayishimiye,Trésor,a,,,4.4,522,,0.1,504,,0.0,,,0,0,,-1,,76,179,0.0,0.0,-1.0,-0.5,,,,0.0,0.0,,,,,,,,,,,,,,,,,,,,,,,,,9,0,0,0,0,0,0,0,0,0,0,0,0,0,0,0,235,488,0.0,0.0,0.0,0.0,0.0,0.0,0.0,0.0,0.0,0,0,0,0
215,Zian,Flemming,Flemming,a,,,5.3,207,,0.1,438,,4.0,,,13,0,,-2,,1737,264,0.8,3.6,3.0,3.5,,,,0.0,0.0,,,,,,,,,,,,,,,,,,,,,,,,,9,13,90,2,0,0,2,0,0,0,0,0,0,1,3,68,2186,670,0.0,0.71,0.02,0.73,2.5199999999999996,78.80000000000001,12.000000000000002,65.0,15.600000000000001,1,2,2,5
216,Zeki,Amdouni,Amdouni,i,Knee injury - Unknown return date,,4.9,342,,0.0,644,,0.0,,,0,0,,-1,,23,34,0.0,0.0,0.0,0.0,,,,0.0,0.0,,,,,,,,,,,,,,,,,,,,,,,,,9,0,0,0,0,0,0,0,0,0,0,0,0,0,0,0,68,80,0.0,0.0,0.0,0.0,0.0,0.0,0.0,0.0,0.0,0,0,0,0
217,Lyle,Foster,Foster,a,,,5.0,268,,1.8,137,,2.5,,,7,0,,0,,2945,6837,0.5,5.6,1.5,2.0,,,,100.0,100.0,,,,,,,,,,,,,,,,,,,,,,,,,9,7,13,1,0,0,0,0,0,0,0,0,0,0,2,32,5218,29449,0.0,0.37,0.0,0.3699999999999999,0.2400000000000002,35.0,10.0,17.0,6.199999999999999,0,0,0,0
218,Ashley,Barnes,Barnes,a,,,4.3,580,,1.3,157,,0.2,,,0,-1,,-2,,1560,2752,0.0,0.2,-0.8,-0.3,,,,0.0,0.0,,,,,,,,,,,,,,,,,,,,,,,,,9,0,0,0,0,0,0,0,0,0,0,0,0,0,0,0,3123,8536,0.0,0.0,0.0,0.0,0.0,0.0,0.0,0.0,0.0,0,0,0,0
219,Michael,Obafemi,Obafemi,u,has joined VfL Bochum  on loan for the rest of the season.,,4.4,512,,0.2,393,,0.0,,,0,0,,-1,,0,290,0.0,0.0,0.0,0.0,,,,0.0,0.0,,,,,,,,,,,,,,,,,,,,,,,,,9,0,0,0,0,0,0,0,0,0,0,0,0,0,0,0,0,769,0.0,0.0,0.0,0.0,0.0,0.0,0.0,0.0,0.0,0,0,0,0
470,Martin,Dúbravka,Dúbravka,a,,,4.0,615,,34.4,5,,3.5,,,2,0,,0,,10530,9830,0.9,7.8,2.5,3.0,,,,100.0,100.0,,,,,,,,,,,,,,,,,,,,,,,,,9,2,90,0,0,0,2,0,0,0,0,0,5,1,0,16,42831,23470,0.0,0.0,0.0,0.0,2.5199999999999996,40.00000000000003,0.0,0.0,4.0,0,1,12,13
676,Lesley,Ugochukwu,Ugochukwu,a,,,5.0,280,,0.1,434,,5.0,,,2,0,,0,,704,608,1.0,5.0,4.0,4.5,,,,100.0,100.0,,,,,,,,,,,,,,,,,,,,,,,,,9,2,90,0,0,0,2,0,0,0,0,0,0,1,0,10,5585,1148,0.0,0.10999999999999999,0.019999999999999997,0.13,2.469999999999999,18.400000000000006,1.9000000000000021,7.0,2.6999999999999993,4,3,4,11
680,Armando,Broja,Broja,a,Ankle injury - 75% chance of playing,,5.3,208,,0.1,425,,0.5,,,0,0,,-2,,118,275,0.1,0.6,-0.5,0.0,,,,100.0,100.0,,,,,,,,,,,,,,,,,,,,,,,,,9,0,0,0,0,0,0,0,0,0,0,0,0,0,0,0,290,957,0.0,0.0,0.0,0.0,0.0,0.0,0.0,0.0,0.0,0,0,0,0
722,Florentino Ibrain,Morris Luís,Florentino,a,,,5.0,260,,0.1,555,,4.5,,,2,0,,0,,388,206,0.9,4.4,3.5,4.0,,,,0.0,0.0,,,,,,,,,,,,,,,,,,,,,,,,,9,2,90,0,0,0,2,0,0,0,0,0,0,1,0,8,3226,727,0.0,0.030000000000000002,0.04,0.07,2.4700000000000006,4.400000000000006,12.700000000000003,4.0,2.1000000000000014,1,2,1,4
66,Norberto,Murara Neto,Neto,u,Has joined Botafogo permanently.,,4.5,391,,0.1,509,,0.0,,,0,0,,0,,0,65,0.0,0.0,0.0,0.0,,,,0.0,0.0,,,,,,,,,,,,,,,,,,,,,,,,,9,0,0,0,0,0,0,0,0,0,0,0,0,0,0,0,0,166,0.0,0.0,0.0,0.0,0.0,0.0,0.0,0.0,0.0,0,0,0,0
67,Đorđe,Petrović,Petrović,a,,,4.5,426,,5.6,67,,4.0,,,8,0,,0,,3198,6791,0.9,8.2,3.5,4.0,,,,0.0,0.0,,,,,,,,,,,,,,,,,,,,,,,,,9,8,90,0,0,1,0,0,0,0,0,0,4,1,1,31,12382,18039,0.0,0.0,0.0,0.0,0.3500000000000014,30.0,0.0,0.0,3.0,0,2,6,8
68,Will,Dennis,Dennis,a,,,4.0,646,,1.0,178,,0.0,,,0,0,,0,,233,706,0.0,0.0,-0.5,0.0,,,,0.0,0.0,,,,,,,,,,,,,,,,,,,,,,,,,9,0,0,0,0,0,0,0,0,0,0,0,0,0,0,0,587,1955,0.0,0.0,0.0,0.0,0.0,0.0,0.0,0.0,0.0,0,0,0,0
69,Callan,McKenna,McKenna,a,,,4.0,687,,0.2,361,,0.0,,,0,0,,0,,49,137,0.0,0.0,-0.5,0.0,,,,0.0,0.0,,,,,,,,,,,,,,,,,,,,,,,,,9,0,0,0,0,0,0,0,0,0,0,0,0,0,0,0,121,436,0.0,0.0,0.0,0.0,0.0,0.0,0.0,0.0,0.0,0,0,0,0
70,Alex,Paulsen,Paulsen,u,Has joined Lechia Gdansk on loan for the rest of the season.,,4.0,671,,0.1,503,,0.0,,,0,0,,0,,0,61,0.0,0.0,0.0,0.0,,,,0.0,0.0,,,,,,,,,,,,,,,,,,,,,,,,,9,0,0,0,0,0,0,0,0,0,0,0,0,0,0,0,0,188,0.0,0.0,0.0,0.0,0.0,0.0,0.0,0.0,0.0,0,0,0,0
71,Illia,Zabarnyi,Zabarnyi,u,Has joined Paris Saint-Germain permanently.,,5.0,273,,0.0,634,,0.0,,,0,0,,0,,0,24,0.0,0.0,0.0,0.0,,,,0.0,0.0,,,,,,,,,,,,,,,,,,,,,,,,,9,0,0,0,0,0,0,0,0,0,0,0,0,0,0,0,0,42,0.0,0.0,0.0,0.0,0.0,0.0,0.0,0.0,0.0,0,0,0,0
72,Marcos,Senesi Barón,Senesi,a,,,5.0,261,,27.0,12,,4.0,,,5,0,,5,,31835,24491,0.8,10.6,3.5,4.0,,,,0.0,0.0,,,,,,,,,,,,,,,,,,,,,,,,,9,5,90,0,0,1,0,0,0,0,1,0,0,1,0,20,124662,51811,0.0,0.0,0.020000000000000018,0.020000000000000018,0.34999999999999964,17.399999999999977,1.0,0.0,1.8000000000000043,0,5,3,8
73,Adam,Smith,Smith,a,,,4.4,490,,0.2,388,,0.0,,,0,0,,-1,,139,119,0.0,1.8,-0.5,0.0,,,,100.0,100.0,,,,,,,,,,,,,,,,,,,,,,,,,9,0,0,0,0,0,0,0,0,0,0,0,0,0,0,0,432,287,0.0,0.0,0.0,0.0,0.0,0.0,0.0,0.0,0.0,0,0,0,0
74,Adrien,Truffert,Truffert,a,,,4.5,438,,2.3,122,,4.8,,,10,0,,0,,3349,3272,1.1,9.6,4.3,4.8,,,,0.0,0.0,,,,,,,,,,,,,,,,,,,,,,,,,9,10,90,0,0,1,0,0,0,0,0,0,0,1,2,33,14020,11019,0.0,0.019999999999999997,0.04999999999999999,0.07000000000000006,0.3500000000000014,18.80000000000001,10.299999999999997,3.0,3.200000000000003,3,8,8,19
75,Matai,Akinmboni,Akinmboni,a,Muscle injury - 25% chance of playing,,3.9,729,,0.3,323,,0.0,,,0,0,,-1,,257,288,0.0,0.0,-0.5,0.0,,,,0.0,0.0,,,,,,,,,,,,,,,,,,,,,,,,,9,0,0,0,0,0,0,0,0,0,0,0,0,0,0,0,840,726,0.0,0.0,0.0,0.0,0.0,0.0,0.0,0.0,0.0,0,0,0,0
76,Owen,Bevan,Bevan,a,,,3.9,726,,0.2,386,,0.0,,,0,0,,-1,,85,214,0.0,0.0,-0.5,0.0,,,,0.0,0.0,,,,,,,,,,,,,,,,,,,,,,,,,9,0,0,0,0,0,0,0,0,0,0,0,0,0,0,0,237,544,0.0,0.0,0.0,0.0,0.0,0.0,0.0,0.0,0.0,0,0,0,0
77,James,Hill,Hill,a,,,4.0,656,,0.9,189,,1.8,,,0,0,,0,,637,1821,0.4,4.2,1.3,1.8,,,,0.0,0.0,,,,,,,,,,,,,,,,,,,,,,,,,9,0,0,0,0,0,0,0,0,0,0,0,0,0,0,0,2134,4540,0.0,0.0,0.0,0.0,0.0,0.0,0.0,0.0,0.0,0,0,0,0
78,Julián,Araujo Zúñiga,J.Araujo,a,,,3.9,713,,0.7,200,,0.0,,,0,0,,-1,,329,843,0.0,0.0,-0.5,0.0,,,,100.0,100.0,,,,,,,,,,,,,,,,,,,,,,,,,9,0,0,0,0,0,0,0,0,0,0,0,0,0,0,0,958,2583,0.0,0.0,0.0,0.0,0.0,0.0,0.0,0.0,0.0,0,0,0,0
79,Chris,Mepham,Mepham,u,has joined West Bromwich Albion permanently.,,4.0,636,,0.1,481,,0.0,,,0,0,,0,,0,121,0.0,0.0,0.0,0.0,,,,0.0,0.0,,,,,,,,,,,,,,,,,,,,,,,,,9,0,0,0,0,0,0,0,0,0,0,0,0,0,0,0,0,298,0.0,0.0,0.0,0.0,0.0,0.0,0.0,0.0,0.0,0,0,0,0
80,Julio,Soler Barreto,Soler,a,,,4.0,689,,0.2,341,,0.0,,,0,0,,0,,165,277,0.0,0.2,-0.5,0.0,,,,100.0,100.0,,,,,,,,,,,,,,,,,,,,,,,,,9,0,0,0,0,0,0,0,0,0,0,0,0,0,0,0,431,699,0.0,0.0,0.0,0.0,0.0,0.0,0.0,0.0,0.0,0,0,0,0
81,Justin,Kluivert,Kluivert,a,Knock - 75% chance of playing,,7.0,33,,1.1,171,,3.0,,,2,0,,0,,2391,4593,0.4,2.3,2.5,3.0,,,,100.0,100.0,,,,,,,,,,,,,,,,,,,,,,,,,9,2,68,0,0,1,0,0,0,0,1,0,0,1,0,3,8803,9232,0.0,0.08999999999999997,0.06000000000000005,0.15000000000000013,0.14000000000000057,2.4000000000000057,13.099999999999994,7.0,2.299999999999997,0,1,6,7
82,Antoine,Semenyo,Semenyo,a,Ankle injury - 75% chance of playing,,8.1,13,,64.5,2,,8.0,,,3,0,,11,,39333,26509,1.0,9.0,7.5,8.0,,,,0.0,0.0,,,,,,,,,,,,,,,,,,,,,,,,,9,3,90,0,0,1,0,0,0,0,0,0,0,1,0,14,161940,41117,0.0,0.03000000000000025,0.03999999999999998,0.07000000000000028,0.3500000000000014,8.399999999999977,13.099999999999994,17.0,3.8999999999999915,1,0,7,8
84,Marcus,Tavernier,Tavernier,a,,,5.5,143,,1.3,159,,5.0,,,11,0,,0,,5565,2922,0.9,7.8,4.5,5.0,,,,0.0,0.0,,,,,,,,,,,,,,,,,,,,,,,,,9,11,90,1,0,1,0,0,0,0,0,0,0,1,3,35,10827,9229,0.0,0.08999999999999997,0.08000000000000007,0.16999999999999993,0.34999999999999964,39.599999999999994,35.900000000000006,26.0,10.199999999999996,0,0,1,1
85,Tyler,Adams,Adams,a,Knock - 75% chance of playing,,5.0,255,,0.4,271,,3.2,,,6,0,,0,,534,769,0.6,5.4,2.7,3.2,,,,0.0,0.0,,,,,,,,,,,,,,,,,,,,,,,,,9,6,90,0,1,1,0,0,0,0,0,0,0,1,0,20,1309,1937,0.0,0.0,0.010000000000000009,0.010000000000000009,0.34999999999999964,28.0,11.799999999999997,0.0,4.0,3,2,6,11
86,David,Brooks,Brooks,a,,,5.0,247,,0.2,338,,0.8,,,0,0,,0,,23,1063,0.2,3.6,0.3,0.6,,,,100.0,75.0,,,,,,,,,,,,,,,,,,,,,,,,,9,0,21,0,0,0,0,0,0,0,1,0,0,0,0,-3,44,3936,0.0,0.07999999999999996,0.08999999999999986,0.16999999999999993,0.20999999999999996,0.0,0.8000000000000114,7.0,0.5999999999999979,0,1,1,2
87,Ryan,Christie,Christie,a,,,5.0,248,,0.1,500,,2.8,,,1,0,,0,,160,209,0.6,2.8,2.3,2.8,,,,100.0,100.0,,,,,,,,,,,,,,,,,,,,,,,,,9,1,10,0,0,0,0,0,0,0,0,0,0,0,0,3,753,395,0.0,0.0,0.0,0.0,0.020000000000000462,0.20000000000000284,0.1999999999999993,2.0,0.1999999999999993,0,0,0,0
88,Lewis,Cook,Cook,a,,,4.9,295,,0.0,652,,0.5,,,1,0,,-1,,82,66,0.1,0.6,0.0,0.5,,,,100.0,100.0,,,,,,,,,,,,,,,,,,,,,,,,,9,1,1,0,0,0,0,0,0,0,0,0,0,0,0,3,242,162,0.0,0.0,0.0,0.0,0.0,0.0,0.0,0.0,0.0,0,0,1,1
89,Philip,Billing,Philip,u,Has joined Midtjylland permanently.,,4.9,298,,0.0,639,,0.0,,,0,0,,-1,,0,21,0.0,0.0,0.0,0.0,,,,0.0,0.0,,,,,,,,,,,,,,,,,,,,,,,,,9,0,0,0,0,0,0,0,0,0,0,0,0,0,0,0,0,46,0.0,0.0,0.0,0.0,0.0,0.0,0.0,0.0,0.0,0,0,0,0
90,Alex,Scott,Scott,a,,,5.0,279,,0.3,298,,2.5,,,3,0,,0,,228,1173,0.5,5.8,2.0,2.5,,,,0.0,0.0,,,,,,,,,,,,,,,,,,,,,,,,,9,3,79,0,0,1,0,0,0,0,0,0,0,1,0,15,942,2998,0.0,0.12,0.03999999999999998,0.15999999999999992,0.33000000000000007,14.400000000000006,3.3000000000000114,12.0,3.0,2,5,4,11
91,Luis,Sinisterra Lucumí,Sinisterra,u,Has joined Cruzeiro on loan for the rest of the season.,,5.0,262,,0.0,688,,0.0,,,0,0,,0,,0,6,0.0,0.0,0.0,0.0,,,,0.0,0.0,,,,,,,,,,,,,,,,,,,,,,,,,9,0,0,0,0,0,0,0,0,0,0,0,0,0,0,0,0,19,0.0,0.0,0.0,0.0,0.0,0.0,0.0,0.0,0.0,0,0,0,0
92,Romain,Faivre,Faivre,u,has joined Al Taawoun permanently.,,4.5,422,,0.1,497,,0.0,,,0,0,,0,,0,128,0.0,0.0,0.0,0.0,,,,0.0,0.0,,,,,,,,,,,,,,,,,,,,,,,,,9,0,0,0,0,0,0,0,0,0,0,0,0,0,0,0,0,343,0.0,0.0,0.0,0.0,0.0,0.0,0.0,0.0,0.0,0,0,0,0
93,Hamed,Traorè,H.Traorè,u,has joined Marseille on loan for the rest of the season.,,4.5,417,,0.4,259,,0.0,,,0,0,,0,,0,1188,0.0,0.9,0.0,0.0,,,,0.0,0.0,,,,,,,,,,,,,,,,,,,,,,,,,9,0,0,0,0,0,0,0,0,0,0,0,0,0,0,0,0,2729,0.0,0.0,0.0,0.0,0.0,0.0,0.0,0.0,0.0,0,0,0,0
94,Dominic,Sadi,Sadi,u,has joined Novi Pazar on loan for the rest of the season.,,4.5,451,,0.0,590,,0.0,,,0,0,,0,,0,84,0.0,0.0,0.0,0.0,,,,0.0,0.0,,,,,,,,,,,,,,,,,,,,,,,,,9,0,0,0,0,0,0,0,0,0,0,0,0,0,0,0,0,209,0.0,0.0,0.0,0.0,0.0,0.0,0.0,0.0,0.0,0,0,0,0
95,Zain,Silcott-Duberry,Silcott-Duberry,u,has joined Olympiakos permanently.,,4.4,553,,0.1,478,,0.0,,,0,0,,-1,,0,308,0.0,0.0,0.0,0.0,,,,0.0,0.0,,,,,,,,,,,,,,,,,,,,,,,,,9,0,0,0,0,0,0,0,0,0,0,0,0,0,0,0,0,711,0.0,0.0,0.0,0.0,0.0,0.0,0.0,0.0,0.0,0,0,0,0
96,Ben,Winterburn,Winterburn,u,has joined Barnet on loan for the rest of the season.,,4.5,477,,0.0,595,,0.0,,,0,0,,0,,0,57,0.0,0.2,0.0,0.0,,,,0.0,0.0,,,,,,,,,,,,,,,,,,,,,,,,,9,0,0,0,0,0,0,0,0,0,0,0,0,0,0,0,0,150,0.0,0.0,0.0,0.0,0.0,0.0,0.0,0.0,0.0,0,0,0,0
97,Francisco Evanilson,de Lima Barbosa,Evanilson,d,Calf injury - 50% chance of playing,,7.0,35,,1.7,142,,1.0,,,0,0,,0,,112,14860,0.1,3.1,0.2,0.0,,,,50.0,0.0,,,,,,,,,,,,,,,,,,,,,,,,,9,0,0,0,0,0,0,0,0,0,0,0,0,0,0,0,293,71047,0.0,0.0,0.0,0.0,0.0,0.0,0.0,0.0,0.0,0,0,0,0
98,Enes,Ünal,Enes Ünal,a,,,5.4,165,,0.0,694,,0.2,,,1,0,,-1,,57,23,0.0,0.2,-0.3,0.2,,,,100.0,75.0,,,,,,,,,,,,,,,,,,,,,,,,,9,1,1,0,0,0,0,0,0,0,0,0,0,0,0,3,78,61,0.0,0.0,0.0,0.0,0.0,0.0,0.0,0.0,0.0,0,0,0,0
99,Daniel,Adu-Adjei,Adu-Adjei,u,has joined HNK Rijeka permanently.,,4.4,570,,0.2,360,,0.0,,,0,0,,-1,,0,475,0.0,0.0,0.0,0.0,,,,0.0,0.0,,,,,,,,,,,,,,,,,,,,,,,,,9,0,0,0,0,0,0,0,0,0,0,0,0,0,0,0,0,1306,0.0,0.0,0.0,0.0,0.0,0.0,0.0,0.0,0.0,0,0,0,0
100,Junior,Kroupi,Kroupi.Jr,a,,,4.6,389,,3.1,103,,6.0,,,6,1,,1,,32982,6087,1.3,5.9,5.5,6.0,,,,0.0,0.0,,,,,,,,,,,,,,,,,,,,,,,,,9,6,68,1,0,1,0,0,0,0,0,0,0,1,0,30,101268,14272,0.0,0.15000000000000013,0.060000000000000005,0.20999999999999996,0.14000000000000012,32.400000000000006,13.900000000000002,17.0,6.300000000000001,0,0,2,2
667,Adam,Aznou,Aznou,a,,,4.3,598,,0.1,556,,0.0,,,0,0,,-2,,40,69,0.0,0.0,0.5,0.0,,,,100.0,100.0,,,,,,,,,,,,,,,,,,,,,,,,,9,0,0,0,0,0,0,0,0,0,0,0,0,0,0,0,66,201,0.0,0.0,0.0,0.0,0.0,0.0,0.0,0.0,0.0,0,0,0,0
391,Ben,Gannon-Doak,Gannon-Doak,a,,,4.9,343,,0.0,579,,1.5,,,0,0,,-1,,34,68,0.3,1.2,1.0,1.5,,,,0.0,0.0,,,,,,,,,,,,,,,,,,,,,,,,,9,0,0,0,0,0,0,0,0,0,0,0,0,0,0,0,88,168,0.0,0.0,0.0,0.0,0.0,0.0,0.0,0.0,0.0,0,0,0,0
685,Bafodé,Diakité,Diakité,a,,,4.5,415,,0.5,235,,2.0,,,0,0,,0,,355,1332,0.4,6.4,1.5,2.0,,,,100.0,100.0,,,,,,,,,,,,,,,,,,,,,,,,,9,0,0,0,0,0,0,0,0,0,0,0,0,0,0,0,2284,3163,0.0,0.0,0.0,0.0,0.0,0.0,0.0,0.0,0.0,0,0,0,0
687,Remy,Rees-Dottin,Rees-Dottin,a,,,4.4,574,,0.1,412,,0.0,,,0,0,,-1,,165,229,0.0,0.0,-0.5,0.0,,,,0.0,0.0,,,,,,,,,,,,,,,,,,,,,,,,,9,0,0,0,0,0,0,0,0,0,0,0,0,0,0,0,395,515,0.0,0.0,0.0,0.0,0.0,0.0,0.0,0.0,0.0,0,0,0,0
697,Amine,Adli,Adli,a,,,5.5,154,,0.0,612,,0.8,,,1,0,,0,,73,103,0.1,1.3,0.3,0.8,,,,0.0,0.0,,,,,,,,,,,,,,,,,,,,,,,,,9,1,21,0,0,0,0,0,0,0,0,0,0,0,0,0,158,219,0.0,0.0,0.0,0.0,0.20999999999999996,0.0,0.10000000000000142,0.0,0.0,0,0,1,1
713,Álex,Jiménez Sánchez,A.Jimenez,a,,,4.5,454,,0.0,649,,2.0,,,6,0,,0,,93,53,0.4,1.8,1.5,2.0,,,,0.0,0.0,,,,,,,,,,,,,,,,,,,,,,,,,9,6,90,0,0,1,0,0,0,0,0,0,0,1,0,24,237,115,0.0,0.0,0.03,0.03,0.34999999999999964,7.199999999999996,12.800000000000004,0.0,2.0,0,2,3,5
721,Veljko,Milosavljevic,Milosavljević,a,,,4.5,484,,0.0,619,,1.8,,,6,0,,0,,81,61,0.4,2.4,1.3,1.8,,,,0.0,0.0,,,,,,,,,,,,,,,,,,,,,,,,,9,6,90,0,0,1,0,0,0,0,0,0,0,1,0,24,139,185,0.0,0.0,0.0,0.0,0.35,13.400000000000002,0.5,0.0,1.4000000000000004,0,4,0,4
27,Reiss,Nelson,Nelson,a,,,4.8,361,,0.1,459,,0.0,,,0,0,,-2,,57,139,0.0,0.0,0.0,-1.0,,,,100.0,100.0,,,,,,,,,,,,,,,,,,,,,,,,,9,0,0,0,0,0,0,0,0,0,0,0,0,0,0,0,130,320,0.0,0.0,0.0,0.0,0.0,0.0,0.0,0.0,0.0,0,0,0,0
83,Dango,Ouattara,O.Dango,a,,,6.0,90,,0.4,256,,4.0,,,11,0,,0,,4354,882,0.7,5.5,4.0,3.0,,,,100.0,100.0,,,,,,,,,,,,,,,,,,,,,,,,,9,11,90,1,1,0,2,0,0,0,0,0,0,1,1,25,5197,4860,0.0,0.6699999999999999,0.020000000000000018,0.69,1.92,29.799999999999997,3.5,83.0,11.599999999999998,0,3,5,8
101,Caoimhín,Kelleher,Kelleher,a,,,4.5,403,,8.0,47,,4.8,,,2,0,,0,,6418,5494,1.1,6.4,4.8,3.8,,,,100.0,100.0,,,,,,,,,,,,,,,,,,,,,,,,,9,2,90,0,0,0,2,0,0,0,0,0,3,1,0,10,15797,18955,0.0,0.0,0.0,0.0,2.3000000000000007,19.599999999999994,0.0,0.0,2.0,0,0,10,10
102,Ellery,Balcombe,Balcombe,a,,,4.0,638,,0.3,316,,0.0,,,0,0,,0,,101,207,0.0,0.0,0.0,-1.0,,,,0.0,0.0,,,,,,,,,,,,,,,,,,,,,,,,,9,0,0,0,0,0,0,0,0,0,0,0,0,0,0,0,309,574,0.0,0.0,0.0,0.0,0.0,0.0,0.0,0.0,0.0,0,0,0,0
103,Matthew,Cox,Cox,a,,,4.0,673,,0.1,410,,0.0,,,0,0,,0,,23,96,0.0,0.0,0.0,-1.0,,,,0.0,0.0,,,,,,,,,,,,,,,,,,,,,,,,,9,0,0,0,0,0,0,0,0,0,0,0,0,0,0,0,101,237,0.0,0.0,0.0,0.0,0.0,0.0,0.0,0.0,0.0,0,0,0,0
104,Julian,Eyestone,Eyestone,a,,,4.0,679,,0.1,519,,0.0,,,0,0,,0,,28,53,0.0,0.0,0.0,-1.0,,,,0.0,0.0,,,,,,,,,,,,,,,,,,,,,,,,,9,0,0,0,0,0,0,0,0,0,0,0,0,0,0,0,74,127,0.0,0.0,0.0,0.0,0.0,0.0,0.0,0.0,0.0,0,0,0,0
105,Hákon Rafn,Valdimarsson,Valdimarsson,a,,,3.9,723,,0.7,206,,0.0,,,0,0,,-1,,1794,502,0.0,0.0,0.0,-1.0,,,,0.0,0.0,,,,,,,,,,,,,,,,,,,,,,,,,9,0,0,0,0,0,0,0,0,0,0,0,0,0,0,0,5194,1727,0.0,0.0,0.0,0.0,0.0,0.0,0.0,0.0,0.0,0,0,0,0
106,Nathan,Collins,Collins,a,,,4.9,322,,1.1,167,,3.8,,,3,0,,-1,,1527,1171,0.8,6.1,3.8,2.8,,,,0.0,0.0,,,,,,,,,,,,,,,,,,,,,,,,,9,3,90,0,0,0,2,0,0,0,0,0,0,1,0,8,3410,3987,0.0,0.07999999999999999,0.0,0.07999999999999996,2.3000000000000007,33.400000000000006,0.09999999999999787,23.0,5.700000000000003,1,14,2,17
107,Keane,Lewis-Potter,Lewis-Potter,a,,,4.9,318,,0.3,293,,1.2,,,0,0,,-1,,249,678,0.2,4.1,1.2,0.2,,,,0.0,0.0,,,,,,,,,,,,,,,,,,,,,,,,,9,0,11,0,0,0,1,0,0,0,1,0,0,0,0,3,506,1684,0.0,0.0,0.2,0.2,0.5300000000000002,9.200000000000003,28.0,6.0,4.300000000000001,0,2,0,2
108,Kristoffer,Ajer,Ajer,a,,,4.4,505,,0.2,390,,3.0,,,4,0,,-1,,442,148,0.7,4.1,3.0,2.0,,,,0.0,0.0,,,,,,,,,,,,,,,,,,,,,,,,,9,4,90,0,1,0,2,0,0,0,0,0,0,1,0,12,803,485,0.0,0.06,0.04999999999999999,0.10999999999999999,1.92,8.0,0.8000000000000007,14.0,2.299999999999999,2,5,1,8
109,Rico,Henry,Henry,a,,,4.4,507,,0.1,448,,0.5,,,1,0,,-1,,54,126,0.1,1.1,0.5,-0.5,,,,0.0,0.0,,,,,,,,,,,,,,,,,,,,,,,,,9,1,1,0,0,0,0,0,0,0,0,0,0,0,0,3,113,397,0.0,0.0,0.0,0.0,0.3799999999999999,0.0,0.0,0.0,0.0,0,0,0,0
110,Michael,Kayode,Kayode,a,,,4.5,478,,0.4,269,,3.5,,,1,0,,0,,4005,529,0.8,6.4,3.5,2.5,,,,0.0,0.0,,,,,,,,,,,,,,,,,,,,,,,,,9,1,90,0,0,0,2,0,0,0,0,0,0,1,0,15,6730,1538,0.0,0.06999999999999999,0.18999999999999995,0.26,2.3000000000000007,20.799999999999983,29.599999999999994,7.0,5.699999999999996,1,5,7,13
111,Ethan,Pinnock,Pinnock,a,,,4.3,590,,0.1,435,,0.0,,,0,0,,-2,,112,210,0.0,0.0,0.0,-1.0,,,,100.0,100.0,,,,,,,,,,,,,,,,,,,,,,,,,9,0,0,0,0,0,0,0,0,0,0,0,0,0,0,0,255,646,0.0,0.0,0.0,0.0,0.0,0.0,0.0,0.0,0.0,0,0,0,0
112,Mads,Roerslev Rasmussen,Roerslev,u,Has joined Southampton permanently.,,4.5,411,,0.0,668,,0.0,,,0,0,,0,,0,13,0.0,0.0,0.0,0.0,,,,0.0,0.0,,,,,,,,,,,,,,,,,,,,,,,,,9,0,0,0,0,0,0,0,0,0,0,0,0,0,0,0,0,33,0.0,0.0,0.0,0.0,0.0,0.0,0.0,0.0,0.0,0,0,0,0
113,Sepp,van den Berg,Van den Berg,a,,,4.5,423,,0.6,220,,3.2,,,3,0,,0,,730,691,0.7,6.4,3.2,2.2,,,,0.0,0.0,,,,,,,,,,,,,,,,,,,,,,,,,9,3,90,0,0,0,2,0,0,0,0,0,0,1,0,4,1546,2504,0.0,0.0,0.010000000000000009,0.010000000000000009,2.3000000000000007,29.0,0.6000000000000014,0.0,3.0,1,11,3,15
114,Benjamin,Arthur,Arthur,a,,,3.9,745,,0.2,329,,0.0,,,0,0,,-1,,165,270,0.0,0.0,0.0,-1.0,,,,0.0,0.0,,,,,,,,,,,,,,,,,,,,,,,,,9,0,0,0,0,0,0,0,0,0,0,0,0,0,0,0,765,768,0.0,0.0,0.0,0.0,0.0,0.0,0.0,0.0,0.0,0,0,0,0
115,Benjamin,Fredrick,Fredrick,u,has joined Dender on loan for the rest of the season.,,4.0,695,,0.1,466,,0.0,,,0,0,,0,,0,130,0.0,0.0,0.0,0.0,,,,0.0,0.0,,,,,,,,,,,,,,,,,,,,,,,,,9,0,0,0,0,0,0,0,0,0,0,0,0,0,0,0,0,340,0.0,0.0,0.0,0.0,0.0,0.0,0.0,0.0,0.0,0,0,0,0
116,Aaron,Hickey,Hickey,d,Knee injury - 50% chance of playing,,4.0,657,,0.3,294,,1.0,,,0,0,,0,,25,1036,0.2,1.5,0.5,0.0,,,,50.0,0.0,,,,,,,,,,,,,,,,,,,,,,,,,9,0,0,0,0,0,0,0,0,0,0,0,0,0,0,0,103,2571,0.0,0.0,0.0,0.0,0.0,0.0,0.0,0.0,0.0,0,0,0,0
117,Kim,Ji-soo,Ji-soo,u,has joined Kaiserslautern on loan for the rest of the season.,,3.9,736,,0.1,456,,0.0,,,0,0,,-1,,0,189,0.0,0.0,0.0,0.0,,,,0.0,0.0,,,,,,,,,,,,,,,,,,,,,,,,,9,0,0,0,0,0,0,0,0,0,0,0,0,0,0,0,0,453,0.0,0.0,0.0,0.0,0.0,0.0,0.0,0.0,0.0,0,0,0,0
118,Jayden,Meghoma,Meghoma,u,Has joined Rangers on loan for the rest of the season.,,4.0,672,,0.1,565,,0.0,,,0,0,,0,,0,55,0.0,0.0,0.0,0.0,,,,0.0,0.0,,,,,,,,,,,,,,,,,,,,,,,,,9,0,0,0,0,0,0,0,0,0,0,0,0,0,0,0,0,156,0.0,0.0,0.0,0.0,0.0,0.0,0.0,0.0,0.0,0,0,0,0
120,Kevin,Schade,Schade,a,,,7.0,36,,0.6,224,,4.5,,,7,0,,0,,6981,1230,0.6,4.4,4.5,3.5,,,,100.0,100.0,,,,,,,,,,,,,,,,,,,,,,,,,9,7,78,1,0,0,1,0,0,0,1,0,0,1,1,25,9988,4719,0.0,0.6700000000000004,0.17999999999999994,0.8500000000000001,1.7699999999999996,42.000000000000014,51.30000000000001,21.0,11.399999999999999,1,0,5,6
121,Mikkel,Damsgaard,Damsgaard,a,,,5.8,111,,0.6,219,,3.5,,,7,0,,-2,,2384,733,0.6,5.0,3.5,2.5,,,,0.0,0.0,,,,,,,,,,,,,,,,,,,,,,,,,9,7,78,0,1,0,1,0,0,0,0,0,0,1,2,29,3120,3365,0.0,0.07,0.19999999999999996,0.27,1.7699999999999996,32.8,15.5,18.0,6.600000000000001,3,2,6,11
122,Antoni,Milambo,Milambo,i,Knee injury - Expected back 01 Jun,,5.3,212,,0.0,604,,0.0,,,0,0,,-2,,9,95,0.0,0.2,0.0,0.0,,,,0.0,0.0,,,,,,,,,,,,,,,,,,,,,,,,,9,0,0,0,0,0,0,0,0,0,0,0,0,0,0,0,27,207,0.0,0.0,0.0,0.0,0.0,0.0,0.0,0.0,0.0,0,0,0,0
123,Fábio,Freitas Gouveia Carvalho,Carvalho,a,,,4.9,316,,0.2,346,,0.2,,,0,0,,-1,,115,644,0.0,2.4,0.2,-0.8,,,,0.0,0.0,,,,,,,,,,,,,,,,,,,,,,,,,9,0,0,0,0,0,0,0,0,0,0,0,0,0,0,0,250,1710,0.0,0.0,0.0,0.0,0.0,0.0,0.0,0.0,0.0,0,0,0,0
124,Jordan,Henderson,Henderson,a,,,5.0,243,,0.4,257,,2.8,,,2,0,,0,,850,1163,0.6,5.2,2.8,1.8,,,,0.0,0.0,,,,,,,,,,,,,,,,,,,,,,,,,9,2,90,0,0,0,2,0,0,0,0,0,0,1,0,14,1941,2971,0.0,0.020000000000000004,0.020000000000000018,0.040000000000000036,2.3,13.400000000000006,14.799999999999997,3.0,3.1000000000000014,1,4,6,11
125,Vitaly,Janelt,Janelt,a,,,4.9,303,,0.0,679,,1.8,,,4,0,,-1,,40,25,0.4,1.6,1.8,0.8,,,,100.0,100.0,,,,,,,,,,,,,,,,,,,,,,,,,9,4,61,0,0,0,2,0,0,0,0,0,0,0,0,11,74,61,0.0,0.0,0.2,0.2,1.55,13.2,18.799999999999997,6.0,3.8000000000000003,3,4,5,12
126,Mathias,Jensen,Jensen,a,,,4.9,306,,0.1,494,,3.5,,,1,0,,-1,,367,189,0.7,3.9,3.5,2.5,,,,0.0,0.0,,,,,,,,,,,,,,,,,,,,,,,,,9,1,11,0,0,0,1,0,0,0,0,0,0,0,0,2,1396,447,0.0,0.0,0.009999999999999995,0.010000000000000009,0.5300000000000002,2.799999999999997,1.0999999999999943,0.0,0.40000000000000213,0,1,2,3
127,Gustavo,Nunes Fernandes Gomes,Nunes,a,,,4.9,350,,0.0,705,,0.0,,,0,0,,-1,,19,11,0.0,0.0,0.0,-1.0,,,,100.0,100.0,,,,,,,,,,,,,,,,,,,,,,,,,9,0,0,0,0,0,0,0,0,0,0,0,0,0,0,0,44,22,0.0,0.0,0.0,0.0,0.0,0.0,0.0,0.0,0.0,0,0,0,0
128,Frank,Onyeka,Onyeka,a,,,4.9,320,,0.1,561,,0.8,,,1,0,,-1,,27,74,0.2,2.4,0.8,-0.2,,,,0.0,0.0,,,,,,,,,,,,,,,,,,,,,,,,,9,1,1,0,0,0,0,0,0,0,0,0,0,0,0,3,62,205,0.0,0.0,0.0,0.0,0.3800000000000001,1.0,0.0,0.0,0.09999999999999964,0,1,0,1
129,Yehor,Yarmoliuk,Yarmoliuk,d,Knock - 75% chance of playing,,5.0,281,,0.1,488,,3.2,,,1,0,,0,,146,391,0.6,5.4,2.4,2.2,,,,75.0,0.0,,,,,,,,,,,,,,,,,,,,,,,,,9,1,28,0,0,0,0,0,0,0,0,0,0,1,0,3,1069,819,0.0,0.0,0.0,0.0,0.75,4.400000000000006,0.20000000000000284,0.0,0.5,1,1,2,4
130,Romelle,Donovan,Donovan,a,,,4.5,476,,0.1,463,,0.0,,,0,0,,0,,134,196,0.0,0.0,0.0,-1.0,,,,0.0,0.0,,,,,,,,,,,,,,,,,,,,,,,,,9,0,0,0,0,0,0,0,0,0,0,0,0,0,0,0,349,503,0.0,0.0,0.0,0.0,0.0,0.0,0.0,0.0,0.0,0,0,0,0
131,Yunus Emre,Konak,Konak,a,,,4.4,579,,0.2,358,,0.0,,,0,0,,-1,,152,434,0.0,0.0,0.0,-1.0,,,,0.0,0.0,,,,,,,,,,,,,,,,,,,,,,,,,9,0,0,0,0,0,0,0,0,0,0,0,0,0,0,0,466,1165,0.0,0.0,0.0,0.0,0.0,0.0,0.0,0.0,0.0,0,0,0,0
132,Paris,Maghoma,Maghoma,a,,,4.5,407,,0.0,685,,0.0,,,0,0,,0,,56,13,0.0,0.0,0.0,-1.0,,,,100.0,100.0,,,,,,,,,,,,,,,,,,,,,,,,,9,0,0,0,0,0,0,0,0,0,0,0,0,0,0,0,97,36,0.0,0.0,0.0,0.0,0.0,0.0,0.0,0.0,0.0,0,0,0,0
133,Myles,Peart-Harris,Peart-Harris,a,,,4.4,526,,0.0,599,,0.0,,,0,0,,-1,,49,60,0.0,0.0,0.0,-1.0,,,,0.0,0.0,,,,,,,,,,,,,,,,,,,,,,,,,9,0,0,0,0,0,0,0,0,0,0,0,0,0,0,0,136,168,0.0,0.0,0.0,0.0,0.0,0.0,0.0,0.0,0.0,0,0,0,0
134,Ryan,Trevitt,Trevitt,u,Has joined Wigan on loan for the rest of the season,,4.5,473,,0.0,724,,0.0,,,0,0,,0,,0,3,0.0,0.0,0.0,0.0,,,,0.0,0.0,,,,,,,,,,,,,,,,,,,,,,,,,9,0,0,0,0,0,0,0,0,0,0,0,0,0,0,0,0,10,0.0,0.0,0.0,0.0,0.0,0.0,0.0,0.0,0.0,0,0,0,0
136,Igor Thiago,Nascimento Rodrigues,Thiago,a,,,6.2,82,,5.9,65,,7.0,,,5,1,,2,,140014,6873,1.1,7.3,7.0,6.0,,,,0.0,0.0,,,,,,,,,,,,,,,,,,,,,,,,,9,5,90,1,0,0,2,0,0,0,1,0,0,1,0,16,218983,26026,0.0,1.1,0.010000000000000009,1.1099999999999994,2.299999999999999,41.00000000000003,2.4000000000000057,75.0,11.800000000000004,1,2,4,7
137,Iwan,Morgan,Morgan,a,,,4.4,555,,0.4,258,,0.0,,,0,0,,-1,,427,915,0.0,0.0,0.0,-1.0,,,,0.0,0.0,,,,,,,,,,,,,,,,,,,,,,,,,9,0,0,0,0,0,0,0,0,0,0,0,0,0,0,0,1258,2743,0.0,0.0,0.0,0.0,0.0,0.0,0.0,0.0,0.0,0,0,0,0
748,Josh,Dasilva,Dasilva,a,,,5.0,247,,0.0,742,,0.0,,,0,0,,0,,33,19,0.0,0.0,1.7,1.7,,,,0.0,0.0,,,,,,,,,,,,,,,,,,,,,,,,,9,0,0,0,0,0,0,0,0,0,0,0,0,0,0,0,0,0,0.0,0.0,0.0,0.0,0.0,0.0,0.0,0.0,0.0,0,0,0,0
138,Jason,Steele,Steele,a,,,4.3,581,,0.3,314,,0.0,,,0,0,,-2,,66,279,0.0,0.0,0.5,0.0,,,,0.0,0.0,,,,,,,,,,,,,,,,,,,,,,,,,9,0,0,0,0,0,0,0,0,0,0,0,0,0,0,0,201,858,0.0,0.0,0.0,0.0,0.0,0.0,0.0,0.0,0.0,0,0,0,0
139,Bart,Verbruggen,Verbruggen,a,,,4.4,535,,4.1,83,,1.5,,,1,0,,-1,,2539,4403,0.3,3.2,2.0,1.5,,,,0.0,0.0,,,,,,,,,,,,,,,,,,,,,,,,,9,1,90,0,0,0,4,0,0,0,0,0,5,1,0,10,6345,16339,0.0,0.0,0.0,0.0,1.290000000000001,38.0,0.0,0.0,3.799999999999999,0,0,9,9
140,Tom,McGill,McGill,a,,,4.0,632,,0.3,288,,0.0,,,0,0,,0,,77,223,0.0,0.0,0.5,0.0,,,,0.0,0.0,,,,,,,,,,,,,,,,,,,,,,,,,9,0,0,0,0,0,0,0,0,0,0,0,0,0,0,0,302,649,0.0,0.0,0.0,0.0,0.0,0.0,0.0,0.0,0.0,0,0,0,0
141,Carl,Rushworth,Rushworth,u,Has joined Coventry City on loan for the rest of the season.,,4.0,658,,0.0,736,,0.0,,,0,0,,0,,0,0,0.0,0.0,0.0,0.0,,,,0.0,0.0,,,,,,,,,,,,,,,,,,,,,,,,,9,0,0,0,0,0,0,0,0,0,0,0,0,0,0,0,0,3,0.0,0.0,0.0,0.0,0.0,0.0,0.0,0.0,0.0,0,0,0,0
142,Kjell,Scherpen,Scherpen,u,Has joined Union SG permanently,,4.0,639,,0.0,737,,0.0,,,0,0,,0,,0,2,0.0,0.0,0.0,0.0,,,,0.0,0.0,,,,,,,,,,,,,,,,,,,,,,,,,9,0,0,0,0,0,0,0,0,0,0,0,0,0,0,0,0,6,0.0,0.0,0.0,0.0,0.0,0.0,0.0,0.0,0.0,0,0,0,0
143,Olivier,Boscagli,Boscagli,a,,,4.3,587,,0.1,499,,0.0,,,0,0,,-2,,26,82,0.0,0.0,0.5,0.0,,,,0.0,0.0,,,,,,,,,,,,,,,,,,,,,,,,,9,0,0,0,0,0,0,0,0,0,0,0,0,0,0,0,63,221,0.0,0.0,0.0,0.0,0.0,0.0,0.0,0.0,0.0,0,0,0,0
144,Diego,Coppola,Coppola,a,,,4.3,601,,0.1,566,,0.2,,,0,0,,-2,,19,65,0.0,0.7,0.7,0.2,,,,0.0,0.0,,,,,,,,,,,,,,,,,,,,,,,,,9,0,0,0,0,0,0,0,0,0,0,0,0,0,0,0,66,177,0.0,0.0,0.0,0.0,0.0,0.0,0.0,0.0,0.0,0,0,0,0
145,Maxim,De Cuyper,De Cuyper,a,,,4.4,528,,2.1,124,,2.5,,,0,0,,-1,,975,3471,0.6,3.4,3.0,2.5,,,,100.0,100.0,,,,,,,,,,,,,,,,,,,,,,,,,9,0,58,0,0,0,2,0,0,0,0,0,0,1,0,4,2229,14360,0.0,0.040000000000000036,0.19999999999999996,0.24,0.6200000000000001,6.0,25.299999999999997,4.0,3.5,0,2,5,7
146,Lewis,Dunk,Dunk,a,,,4.5,392,,1.1,169,,1.0,,,0,0,,0,,2131,1783,0.2,3.8,1.5,1.0,,,,0.0,0.0,,,,,,,,,,,,,,,,,,,,,,,,,9,0,90,0,0,0,4,0,0,0,0,0,0,1,0,1,4516,5358,0.0,0.21000000000000008,0.009999999999999995,0.21999999999999997,1.290000000000001,12.600000000000009,1.3000000000000007,7.0,2.1000000000000014,1,6,11,18
147,Pervis,Estupiñán Tenorio,Estupiñan,u,Has joined AC Milan permanently,,4.5,405,,0.0,695,,0.0,,,0,0,,0,,0,5,0.0,0.0,0.0,0.0,,,,0.0,0.0,,,,,,,,,,,,,,,,,,,,,,,,,9,0,0,0,0,0,0,0,0,0,0,0,0,0,0,0,0,12,0.0,0.0,0.0,0.0,0.0,0.0,0.0,0.0,0.0,0,0,0,0
148,Ferdi,Kadıoğlu,F.Kadıoğlu,a,,,4.4,515,,0.2,394,,1.2,,,-1,0,,-1,,612,253,0.3,2.3,1.7,1.2,,,,0.0,0.0,,,,,,,,,,,,,,,,,,,,,,,,,9,-1,90,0,0,0,4,0,0,0,1,0,0,1,0,-4,1195,740,0.0,0.13,0.050000000000000044,0.17999999999999994,1.29,12.600000000000009,7.0,12.0,3.200000000000003,2,2,5,9
150,Tariq,Lamptey,Lamptey,u,has joined Fiorentina permanently.,,4.4,517,,0.1,455,,0.0,,,0,0,,-1,,0,190,0.0,0.0,0.0,0.0,,,,0.0,0.0,,,,,,,,,,,,,,,,,,,,,,,,,9,0,0,0,0,0,0,0,0,0,0,0,0,0,0,0,0,484,0.0,0.0,0.0,0.0,0.0,0.0,0.0,0.0,0.0,0,0,0,0
151,Jan Paul,van Hecke,Van Hecke,a,,,4.4,531,,1.2,166,,5.0,,,2,0,,-1,,6499,1567,1.1,6.4,5.5,5.0,,,,0.0,0.0,,,,,,,,,,,,,,,,,,,,,,,,,9,2,90,0,0,0,4,0,0,0,0,0,0,1,0,0,17759,5542,0.0,0.0,0.03,0.029999999999999916,1.290000000000001,31.600000000000023,16.1,0.0,4.799999999999997,5,5,1,11
152,Joël,Veltman,Veltman,d,Calf injury - 75% chance of playing,,4.4,498,,0.1,421,,0.0,,,0,0,,-1,,9,318,0.0,1.6,0.4,0.0,,,,75.0,75.0,,,,,,,,,,,,,,,,,,,,,,,,,9,0,0,0,0,0,0,0,0,0,0,0,0,0,0,0,26,956,0.0,0.0,0.0,0.0,0.0,0.0,0.0,0.0,0.0,0,0,0,0
153,Adam,Webster,Webster,i,Knee injury - Unknown return date,,4.4,497,,0.0,710,,0.0,,,0,0,,-1,,3,8,0.0,0.0,0.0,0.0,,,,0.0,0.0,,,,,,,,,,,,,,,,,,,,,,,,,9,0,0,0,0,0,0,0,0,0,0,0,0,0,0,0,25,31,0.0,0.0,0.0,0.0,0.0,0.0,0.0,0.0,0.0,0,0,0,0
154,Eiran,Cashin,Cashin,u,Has joined Birmingham on loan for the rest of the season.,,4.0,644,,0.0,715,,0.0,,,0,0,,0,,0,5,0.0,0.0,0.0,0.0,,,,0.0,0.0,,,,,,,,,,,,,,,,,,,,,,,,,9,0,0,0,0,0,0,0,0,0,0,0,0,0,0,0,0,9,0.0,0.0,0.0,0.0,0.0,0.0,0.0,0.0,0.0,0,0,0,0
155,Jacob,Slater,Slater,u,has joined Harrogate Town on loan until January.,,4.0,693,,0.1,441,,0.0,,,0,0,,0,,0,164,0.0,0.0,0.0,0.0,,,,0.0,0.0,,,,,,,,,,,,,,,,,,,,,,,,,9,0,0,0,0,0,0,0,0,0,0,0,0,0,0,0,0,452,0.0,0.0,0.0,0.0,0.0,0.0,0.0,0.0,0.0,0,0,0,0
156,Charlie,Tasker,Tasker,a,,,3.9,732,,0.1,401,,0.0,,,0,0,,-1,,89,150,0.0,0.0,0.5,0.0,,,,0.0,0.0,,,,,,,,,,,,,,,,,,,,,,,,,9,0,0,0,0,0,0,0,0,0,0,0,0,0,0,0,437,415,0.0,0.0,0.0,0.0,0.0,0.0,0.0,0.0,0.0,0,0,0,0
157,Mitoma,Kaoru,Mitoma,d,Knock - 75% chance of playing,,6.3,73,,2.7,112,,0.5,,,0,0,,-2,,259,10760,0.1,3.2,0.8,0.4,,,,75.0,75.0,,,,,,,,,,,,,,,,,,,,,,,,,9,0,0,0,0,0,0,0,0,0,0,0,0,0,0,0,578,32112,0.0,0.0,0.0,0.0,0.0,0.0,0.0,0.0,0.0,0,0,0,0
158,Georginio,Rutter,Georginio,a,,,5.7,125,,0.4,263,,3.0,,,2,0,,-3,,1361,767,0.5,4.4,3.5,3.0,,,,100.0,100.0,,,,,,,,,,,,,,,,,,,,,,,,,9,2,78,0,0,0,3,0,0,0,0,0,0,1,0,8,4294,2839,0.0,0.0,0.07000000000000006,0.06999999999999984,0.8600000000000003,4.6000000000000085,13.700000000000003,4.0,2.1999999999999993,0,0,1,1
159,Solly,March,March,i,Knee injury - Unknown return date,,5.8,106,,0.0,709,,0.0,,,0,0,,-2,,9,12,0.0,0.0,0.0,0.0,,,,0.0,0.0,,,,,,,,,,,,,,,,,,,,,,,,,9,0,0,0,0,0,0,0,0,0,0,0,0,0,0,0,20,28,0.0,0.0,0.0,0.0,0.0,0.0,0.0,0.0,0.0,0,0,0,0
160,Yankuba,Minteh,Minteh,a,,,6.0,92,,3.5,94,,3.5,,,5,0,,0,,14052,7138,0.6,6.3,4.0,3.5,,,,0.0,0.0,,,,,,,,,,,,,,,,,,,,,,,,,9,5,90,0,1,0,4,0,0,0,0,0,0,1,0,16,30140,38003,0.0,0.030000000000000027,0.020000000000000018,0.04999999999999982,1.2899999999999991,4.400000000000006,12.299999999999983,10.0,2.6999999999999957,2,0,3,5
161,Julio,Enciso Espínola,Enciso,u,has joined Strasbourg permanently.,,5.4,184,,0.0,696,,0.0,,,0,0,,-1,,0,7,0.0,0.0,0.0,0.0,,,,0.0,0.0,,,,,,,,,,,,,,,,,,,,,,,,,9,0,0,0,0,0,0,0,0,0,0,0,0,0,0,0,0,15,0.0,0.0,0.0,0.0,0.0,0.0,0.0,0.0,0.0,0,0,0,0
162,Brajan,Gruda,Gruda,d,Knee injury - 75% chance of playing,,5.4,191,,0.1,542,,1.5,,,0,0,,-1,,16,242,0.3,3.5,1.5,1.1,,,,75.0,75.0,,,,,,,,,,,,,,,,,,,,,,,,,9,0,0,0,0,0,0,0,0,0,0,0,0,0,0,0,43,731,0.0,0.0,0.0,0.0,0.0,0.0,0.0,0.0,0.0,0,0,0,0
163,Jack,Hinshelwood,Hinshelwood,i,Ankle injury - Unknown return date,,5.2,231,,0.0,620,,0.0,,,0,0,,-3,,7,43,0.0,0.8,0.0,0.0,,,,0.0,0.0,,,,,,,,,,,,,,,,,,,,,,,,,9,0,0,0,0,0,0,0,0,0,0,0,0,0,0,0,13,151,0.0,0.0,0.0,0.0,0.0,0.0,0.0,0.0,0.0,0,0,0,0
164,Matt,O'Riley,O'Riley,u,has joined Marseille on loan for the rest of the season.,,5.5,145,,0.4,264,,0.0,,,0,0,,0,,0,567,0.0,2.2,0.0,0.0,,,,0.0,0.0,,,,,,,,,,,,,,,,,,,,,,,,,9,0,0,0,0,0,0,0,0,0,0,0,0,0,0,0,0,1315,0.0,0.0,0.0,0.0,0.0,0.0,0.0,0.0,0.0,0,0,0,0
165,Abdallah,Sima,Sima,u,has joined Lens permanently.,,5.4,192,,0.0,682,,0.0,,,0,0,,-1,,0,11,0.0,0.0,0.0,0.0,,,,0.0,0.0,,,,,,,,,,,,,,,,,,,,,,,,,9,0,0,0,0,0,0,0,0,0,0,0,0,0,0,0,0,20,0.0,0.0,0.0,0.0,0.0,0.0,0.0,0.0,0.0,0,0,0,0
166,Yasin,Ayari,Ayari,a,,,4.9,344,,0.3,296,,1.8,,,1,0,,-1,,539,1191,0.4,4.7,2.3,1.8,,,,0.0,0.0,,,,,,,,,,,,,,,,,,,,,,,,,9,1,59,0,0,0,2,0,0,0,0,0,0,1,0,10,1917,3569,0.0,0.07999999999999996,0.009999999999999953,0.09000000000000008,0.620000000000001,1.0,3.4000000000000057,8.0,1.2000000000000028,0,5,6,11
167,Carlos,Baleba,Baleba,a,,,4.7,384,,2.1,125,,1.2,,,0,-1,,-3,,1946,5047,0.3,2.3,1.7,1.2,,,,0.0,0.0,,,,,,,,,,,,,,,,,,,,,,,,,9,0,58,0,0,0,2,0,0,0,1,0,0,1,0,6,4585,12288,0.0,0.05,0.0,0.05000000000000002,0.6200000000000001,0.0,2.5,2.0,0.40000000000000036,1,2,7,10
169,Diego,Gómez Amarilla,Gomez,a,,,4.9,345,,0.1,479,,1.5,,,1,0,,-1,,92,214,0.3,1.8,2.0,1.5,,,,100.0,100.0,,,,,,,,,,,,,,,,,,,,,,,,,9,1,30,0,0,0,2,0,0,0,0,0,0,0,0,3,209,769,0.0,0.03999999999999998,0.0,0.040000000000000036,0.6699999999999999,7.799999999999997,2.0,6.0,1.6000000000000014,2,2,3,7
170,James,Milner,Milner,a,Muscle injury - 50% chance of playing,,5.0,242,,0.1,404,,1.5,,,4,0,,0,,247,264,0.3,3.0,2.0,1.5,,,,0.0,0.0,,,,,,,,,,,,,,,,,,,,,,,,,9,4,31,0,1,0,2,0,0,0,0,0,0,0,0,24,492,709,0.0,0.0,0.28,0.2799999999999999,0.6699999999999999,24.39999999999999,34.2,0.0,5.9,0,1,2,3
171,Jeremy,Sarmiento Morante,Sarmiento,u,has joined Cremonese on loan for the rest of the season.,,4.9,327,,0.0,666,,0.0,,,0,0,,-1,,0,15,0.0,0.0,0.0,0.0,,,,0.0,0.0,,,,,,,,,,,,,,,,,,,,,,,,,9,0,0,0,0,0,0,0,0,0,0,0,0,0,0,0,0,34,0.0,0.0,0.0,0.0,0.0,0.0,0.0,0.0,0.0,0,0,0,0
172,Tom,Watson,Watson,a,,,4.9,347,,0.0,627,,0.2,,,1,0,,-1,,36,43,0.0,0.2,0.7,0.2,,,,100.0,100.0,,,,,,,,,,,,,,,,,,,,,,,,,9,1,31,0,0,0,2,0,0,0,0,0,0,0,0,7,50,86,0.0,0.04,0.01,0.05,0.67,5.6,1.3,7.0,1.4,1,0,2,3
173,Mats,Wieffer,Wieffer,a,,,4.9,333,,0.1,540,,3.8,,,4,0,,-1,,429,104,0.8,4.7,4.3,3.8,,,,100.0,100.0,,,,,,,,,,,,,,,,,,,,,,,,,9,4,86,0,0,0,3,0,0,0,0,0,0,1,0,24,962,275,0.0,0.0,0.020000000000000018,0.019999999999999907,0.9000000000000004,26.0,23.800000000000004,2.0,5.199999999999999,4,6,6,16
174,Malick,Yalcouyé,Yalcouye,u,Has joined Swansea City on loan for the rest of the season.,,5.0,289,,0.0,716,,0.0,,,0,0,,0,,0,4,0.0,0.0,0.0,0.0,,,,0.0,0.0,,,,,,,,,,,,,,,,,,,,,,,,,9,0,0,0,0,0,0,0,0,0,0,0,0,0,0,0,0,10,0.0,0.0,0.0,0.0,0.0,0.0,0.0,0.0,0.0,0,0,0,0
175,Joe,Knight,Knight,a,,,4.5,460,,0.1,491,,0.0,,,0,0,,0,,95,157,0.0,0.0,0.5,0.0,,,,0.0,0.0,,,,,,,,,,,,,,,,,,,,,,,,,9,0,0,0,0,0,0,0,0,0,0,0,0,0,0,0,291,422,0.0,0.0,0.0,0.0,0.0,0.0,0.0,0.0,0.0,0,0,0,0
176,Adrian,Mazilu,Mazilu,u,has joined Dinamo Bucharest permanently.,,4.5,450,,0.0,640,,0.0,,,0,0,,0,,0,40,0.0,0.0,0.0,0.0,,,,0.0,0.0,,,,,,,,,,,,,,,,,,,,,,,,,9,0,0,0,0,0,0,0,0,0,0,0,0,0,0,0,0,86,0.0,0.0,0.0,0.0,0.0,0.0,0.0,0.0,0.0,0,0,0,0
177,Andrew,Moran,Moran,u,Has joined Los Angeles FC on loan for the rest of the season.,,4.5,442,,0.0,657,,0.0,,,0,0,,0,,0,21,0.0,0.0,0.0,0.0,,,,0.0,0.0,,,,,,,,,,,,,,,,,,,,,,,,,9,0,0,0,0,0,0,0,0,0,0,0,0,0,0,0,0,62,0.0,0.0,0.0,0.0,0.0,0.0,0.0,0.0,0.0,0,0,0,0
178,Danny,Welbeck,Welbeck,a,,,6.4,61,,4.6,78,,7.8,,,6,1,,-1,,104353,4261,1.2,5.8,8.3,7.8,,,,0.0,0.0,,,,,,,,,,,,,,,,,,,,,,,,,9,6,90,1,0,0,4,0,0,0,0,0,0,1,0,32,182213,14566,0.0,0.20999999999999996,0.02999999999999997,0.2400000000000002,1.29,40.19999999999999,27.099999999999994,28.0,9.5,0,0,2,2
179,Evan,Ferguson,Ferguson,u,Has joined AS Roma on loan for the rest of the season,,5.5,152,,0.0,701,,0.0,,,0,0,,0,,0,4,0.0,0.0,0.0,0.0,,,,0.0,0.0,,,,,,,,,,,,,,,,,,,,,,,,,9,0,0,0,0,0,0,0,0,0,0,0,0,0,0,0,0,4,0.0,0.0,0.0,0.0,0.0,0.0,0.0,0.0,0.0,0,0,0,0
180,Stefanos,Tzimas,Tzimas,a,,,5.3,215,,0.1,451,,1.8,,,1,0,,-2,,240,235,0.3,1.5,2.3,1.8,,,,0.0,0.0,,,,,,,,,,,,,,,,,,,,,,,,,9,1,3,0,0,0,1,0,0,0,0,0,0,0,0,3,736,683,0.0,0.019999999999999962,0.05,0.07,0.40000000000000013,2.0,20.299999999999997,6.0,2.8000000000000007,0,0,1,1
181,Charalampos,Kostoulas,Kostoulas,a,,,4.8,380,,0.3,308,,1.5,,,5,0,,-2,,954,477,0.3,1.2,2.0,1.5,,,,0.0,0.0,,,,,,,,,,,,,,,,,,,,,,,,,9,5,11,1,0,0,1,0,0,0,0,0,0,0,0,29,1539,1366,0.0,0.27,0.01,0.28,0.43,34.2,0.5,40.0,7.5,0,0,2,2
744,Nehemiah,Oriola,Oriola,a,,,4.5,456,,0.0,733,,0.0,,,0,0,,0,,45,11,0.0,0.0,0.5,0.0,,,,0.0,0.0,,,,,,,,,,,,,,,,,,,,,,,,,9,0,0,0,0,0,0,0,0,0,0,0,0,0,0,0,180,28,0.0,0.0,0.0,0.0,0.0,0.0,0.0,0.0,0.0,0,0,0,0
168,Facundo,Buonanotte,Buonanotte,a,,,4.8,375,,0.1,474,,0.0,,,0,0,,-2,,46,213,0.0,0.2,0.5,1.0,,,,100.0,100.0,,,,,,,,,,,,,,,,,,,,,,,,,9,0,0,0,0,0,0,0,0,0,0,0,0,0,0,0,155,700,0.0,0.0,0.0,0.0,0.0,0.0,0.0,0.0,0.0,0,0,0,0
220,Robert,Lynch Sánchez,Sánchez,a,,,4.9,310,,14.1,29,,2.2,,,1,0,,-1,,3339,21631,0.4,5.1,2.7,3.2,,,,0.0,0.0,,,,,,,,,,,,,,,,,,,,,,,,,9,1,90,0,0,0,2,0,0,0,0,0,2,1,0,6,26826,47302,0.0,0.0,0.0,0.0,1.3099999999999987,17.200000000000003,0.0,0.0,1.700000000000001,0,1,11,12
221,Filip,Jörgensen,Jörgensen,a,,,4.4,549,,0.2,373,,0.0,,,0,0,,-1,,53,246,0.0,0.2,0.5,1.0,,,,0.0,0.0,,,,,,,,,,,,,,,,,,,,,,,,,9,0,0,0,0,0,0,0,0,0,0,0,0,0,0,0,164,618,0.0,0.0,0.0,0.0,0.0,0.0,0.0,0.0,0.0,0,0,0,0
222,Mike,Penders,Penders,u,Has joined RC Strasbourg on loan for the rest of the season.,,4.0,681,,0.0,732,,0.0,,,0,0,,0,,0,1,0.0,0.0,0.0,0.0,,,,0.0,0.0,,,,,,,,,,,,,,,,,,,,,,,,,9,0,0,0,0,0,0,0,0,0,0,0,0,0,0,0,0,1,0.0,0.0,0.0,0.0,0.0,0.0,0.0,0.0,0.0,0,0,0,0
223,Gabriel,Słonina,Slonina,a,,,3.9,717,,0.1,450,,0.0,,,0,0,,-1,,323,98,0.0,0.0,0.5,1.0,,,,0.0,0.0,,,,,,,,,,,,,,,,,,,,,,,,,9,0,0,0,0,0,0,0,0,0,0,0,0,0,0,0,838,297,0.0,0.0,0.0,0.0,0.0,0.0,0.0,0.0,0.0,0,0,0,0
224,Marc,Cucurella Saseta,Cucurella,a,,,6.1,84,,22.6,15,,4.0,,,1,0,,1,,15623,31763,0.7,5.9,4.5,5.0,,,,0.0,0.0,,,,,,,,,,,,,,,,,,,,,,,,,9,1,90,0,0,0,2,0,0,0,0,0,0,1,0,12,84294,53044,0.0,0.12,0.21999999999999997,0.33999999999999986,1.3100000000000005,17.0,40.70000000000002,11.0,6.899999999999999,2,2,3,7
225,Reece,James,James,a,,,5.5,146,,7.5,52,,6.5,,,1,0,,0,,26265,13012,1.2,6.9,7.0,7.5,,,,100.0,100.0,,,,,,,,,,,,,,,,,,,,,,,,,9,1,90,0,0,0,2,0,0,0,0,0,0,1,0,15,240298,18461,0.0,0.0,0.12,0.1200000000000001,1.3100000000000005,20.19999999999999,31.30000000000001,0.0,5.199999999999996,3,0,8,11
226,Trevoh,Chalobah,Chalobah,a,,,5.1,235,,8.0,48,,1.0,,,1,0,,1,,6396,16764,0.2,8.2,1.5,2.0,,,,100.0,100.0,,,,,,,,,,,,,,,,,,,,,,,,,9,1,90,0,0,0,2,0,0,0,0,0,0,1,0,8,58784,30169,0.0,0.020000000000000018,0.019999999999999907,0.040000000000000036,1.3099999999999996,25.799999999999983,3.1999999999999957,7.0,3.599999999999998,0,7,8,15
227,Levi,Samuels Colwill,Colwill,i,Anterior cruciate ligament - Unknown return date,,4.8,372,,0.1,440,,0.0,,,0,0,,-2,,10,100,0.0,0.0,0.0,0.0,,,,0.0,0.0,,,,,,,,,,,,,,,,,,,,,,,,,9,0,0,0,0,0,0,0,0,0,0,0,0,0,0,0,25,187,0.0,0.0,0.0,0.0,0.0,0.0,0.0,0.0,0.0,0,0,0,0
228,Malo,Gusto,Gusto,a,,,4.9,338,,1.0,175,,2.0,,,0,0,,-1,,404,3207,0.4,3.7,2.5,0.0,,,,100.0,0.0,,,,,,,,,,,,,,,,,,,,,,,,,9,0,0,0,0,0,0,0,0,0,0,0,0,0,0,0,454,11818,0.0,0.0,0.0,0.0,0.0,0.0,0.0,0.0,0.0,0,0,0,0
229,Benoît,Badiashile Mukinayi,B.Badiashile,i,Muscle injury - Expected back 03 Dec,,4.4,519,,0.0,671,,0.0,,,0,0,,-1,,6,100,0.0,0.0,0.0,0.0,,,,0.0,0.0,,,,,,,,,,,,,,,,,,,,,,,,,9,0,0,0,0,0,0,0,0,0,0,0,0,0,0,0,11,241,0.0,0.0,0.0,0.0,0.0,0.0,0.0,0.0,0.0,0,0,0,0
230,Wesley,Fofana,Fofana,a,,,4.4,524,,0.2,391,,0.0,,,0,0,,-1,,210,240,0.0,0.7,0.5,1.0,,,,100.0,100.0,,,,,,,,,,,,,,,,,,,,,,,,,9,0,0,0,0,0,0,0,0,0,0,0,0,0,0,0,903,539,0.0,0.0,0.0,0.0,0.0,0.0,0.0,0.0,0.0,0,0,0,0
231,Mamadou,Sarr,M.Sarr,u,Has joined RC Strasbourg on loan for the rest of the season.,,4.5,464,,0.0,703,,0.0,,,0,0,,0,,0,3,0.0,0.0,0.0,0.0,,,,0.0,0.0,,,,,,,,,,,,,,,,,,,,,,,,,9,0,0,0,0,0,0,0,0,0,0,0,0,0,0,0,0,6,0.0,0.0,0.0,0.0,0.0,0.0,0.0,0.0,0.0,0,0,0,0
232,Tosin,Adarabioyo,Tosin,a,,,4.4,496,,0.5,241,,0.5,,,1,0,,-1,,197,1493,0.1,3.0,1.0,1.5,,,,100.0,100.0,,,,,,,,,,,,,,,,,,,,,,,,,9,1,14,0,0,0,1,0,0,0,0,0,0,0,0,1,1994,4677,0.0,0.0,0.0,0.0,0.13999999999999968,5.200000000000003,0.09999999999999964,0.0,0.5,1,1,1,3
233,Josh,Acheampong,Acheampong,a,,,3.9,737,,2.0,133,,4.5,,,2,0,,-1,,12302,2643,1.2,6.9,5.0,5.5,,,,100.0,100.0,,,,,,,,,,,,,,,,,,,,,,,,,9,2,75,0,0,0,1,0,0,0,0,0,0,1,0,12,52752,6624,0.0,0.0,0.03,0.030000000000000027,1.1600000000000001,23.60000000000001,5.0,0.0,2.9000000000000004,0,5,1,6
234,Aarón,Anselmino,Anselmino,u,has joined Borussia Dortmund on loan for the rest of the season.,,4.0,696,,0.1,537,,0.0,,,0,0,,0,,0,54,0.0,0.0,0.0,0.0,,,,0.0,0.0,,,,,,,,,,,,,,,,,,,,,,,,,9,0,0,0,0,0,0,0,0,0,0,0,0,0,0,0,0,128,0.0,0.0,0.0,0.0,0.0,0.0,0.0,0.0,0.0,0,0,0,0
235,Cole,Palmer,Palmer,i,Groin Injury - Expected back 22 Nov,,10.3,4,,9.7,42,,0.0,,,0,0,,-2,,255,19048,0.0,1.1,0.0,0.0,,,,0.0,0.0,,,,,,,,,,,,,,,,,,,,,,,,,9,0,0,0,0,0,0,0,0,0,0,0,0,0,0,0,390,46931,0.0,0.0,0.0,0.0,0.0,0.0,0.0,0.0,0.0,0,0,0,0
236,Pedro,Lomba Neto,Neto,a,Groin Injury - 75% chance of playing,,7.0,34,,5.3,68,,6.0,,,8,0,,0,,24578,7425,0.9,5.7,6.5,7.0,,,,100.0,100.0,,,,,,,,,,,,,,,,,,,,,,,,,9,8,84,0,1,0,1,0,0,0,0,0,0,1,3,28,101503,14921,0.0,0.0,0.030000000000000027,0.029999999999999805,1.1900000000000004,19.600000000000023,17.299999999999983,0.0,3.6999999999999957,0,0,3,3
237,Enzo,Fernández,Enzo,a,Knee injury - 75% chance of playing,,6.7,49,,15.0,26,,3.2,,,2,0,,2,,19847,42255,0.5,6.4,3.7,4.2,,,,100.0,100.0,,,,,,,,,,,,,,,,,,,,,,,,,9,2,90,0,0,0,2,0,0,0,0,0,0,1,0,22,261717,69984,0.0,0.13000000000000034,0.42999999999999994,0.5600000000000005,1.3100000000000005,21.19999999999999,41.599999999999994,46.0,10.899999999999999,0,1,5,6
238,Estêvão,Almeida de Oliveira Gonçalves,Estêvão,a,,,6.5,60,,2.5,116,,3.8,,,1,0,,0,,5136,10975,0.6,3.7,4.3,4.8,,,,0.0,0.0,,,,,,,,,,,,,,,,,,,,,,,,,9,1,32,0,0,0,1,0,0,0,0,0,0,0,0,3,30283,23431,0.0,0.08000000000000007,0.09000000000000008,0.16999999999999993,0.29000000000000004,1.2000000000000028,12.200000000000003,15.0,2.8000000000000043,0,0,0,0
239,Jamie,Bynoe-Gittens,Gittens,a,,,6.2,81,,0.1,447,,0.8,,,1,0,,-3,,194,247,0.1,1.1,1.3,1.8,,,,0.0,0.0,,,,,,,,,,,,,,,,,,,,,,,,,9,1,14,0,0,0,1,0,0,0,0,0,0,0,0,4,538,570,0.0,0.0,0.01999999999999999,0.020000000000000018,0.13999999999999968,5.200000000000003,21.1,0.0,2.5999999999999996,0,1,0,1
240,Christopher,Nkunku,Nkunku,u,has joined AC Milan permanently.,,5.9,100,,0.1,484,,0.0,,,0,0,,-1,,0,67,0.0,0.0,0.0,0.0,,,,0.0,0.0,,,,,,,,,,,,,,,,,,,,,,,,,9,0,0,0,0,0,0,0,0,0,0,0,0,0,0,0,0,115,0.0,0.0,0.0,0.0,0.0,0.0,0.0,0.0,0.0,0,0,0,0
241,Moisés,Caicedo Corozo,Caicedo,a,,,5.9,105,,18.1,21,,3.8,,,2,0,,4,,45548,34361,0.6,8.1,4.3,4.8,,,,100.0,100.0,,,,,,,,,,,,,,,,,,,,,,,,,9,2,90,0,0,0,2,0,0,0,0,0,0,1,0,16,219072,55852,0.0,0.039999999999999925,0.15999999999999998,0.19999999999999996,1.3099999999999987,15.399999999999977,26.700000000000003,4.0,4.600000000000001,1,4,4,9
243,Tyrique,George,George,a,,,4.9,348,,0.1,549,,0.2,,,1,0,,-1,,88,85,0.0,0.8,0.7,1.2,,,,0.0,0.0,,,,,,,,,,,,,,,,,,,,,,,,,9,1,5,0,0,0,1,0,0,0,0,0,0,0,0,4,281,257,0.0,0.07,0.0,0.07,0.11999999999999988,0.0,0.0,4.0,0.39999999999999947,1,0,0,1
244,Roméo,Lavia,Lavia,a,Thigh injury - Unknown return date,,4.9,346,,0.0,635,,0.8,,,0,0,,-1,,70,111,0.2,0.6,1.3,1.8,,,,100.0,100.0,,,,,,,,,,,,,,,,,,,,,,,,,9,0,0,0,0,0,0,0,0,0,0,0,0,0,0,0,281,302,0.0,0.0,0.0,0.0,0.0,0.0,0.0,0.0,0.0,0,0,0,0
245,Mykhailo,Mudryk,Mudryk,s,Suspended - unknown return date,,5.0,271,,0.0,704,,0.0,,,0,0,,0,,13,18,0.0,0.0,0.0,0.0,,,,0.0,0.0,,,,,,,,,,,,,,,,,,,,,,,,,9,0,0,0,0,0,0,0,0,0,0,0,0,0,0,0,23,29,0.0,0.0,0.0,0.0,0.0,0.0,0.0,0.0,0.0,0,0,0,0
246,Andrey,Nascimento dos Santos,Andrey Santos,a,,,4.5,447,,0.3,305,,0.5,,,0,0,,0,,515,903,0.1,1.3,1.0,1.5,,,,100.0,100.0,,,,,,,,,,,,,,,,,,,,,,,,,9,0,5,0,0,0,1,0,0,0,1,0,0,0,0,-1,1624,2142,0.0,0.0,0.0,0.0,0.1200000000000001,0.0,0.10000000000000142,0.0,0.0,0,0,0,0
247,Dário,Luís Essugo,D.Essugo,i,Thigh injury - Unknown return date,,4.3,597,,0.1,527,,0.0,,,0,0,,-2,,1035,249,0.0,0.0,0.0,0.0,,,,0.0,0.0,,,,,,,,,,,,,,,,,,,,,,,,,9,0,0,0,0,0,0,0,0,0,0,0,0,0,0,0,2333,567,0.0,0.0,0.0,0.0,0.0,0.0,0.0,0.0,0.0,0,0,0,0
248,Kendry,Páez Andrade,Paez,u,Has joined RC Strasbourg on loan for the rest of the season.,,4.5,480,,0.0,721,,0.0,,,0,0,,0,,0,6,0.0,0.0,0.0,0.0,,,,0.0,0.0,,,,,,,,,,,,,,,,,,,,,,,,,9,0,0,0,0,0,0,0,0,0,0,0,0,0,0,0,0,8,0.0,0.0,0.0,0.0,0.0,0.0,0.0,0.0,0.0,0,0,0,0
249,João Pedro,Junqueira de Jesus,João Pedro,a,,,7.5,25,,54.2,3,,2.0,,,2,0,,0,,13467,369171,0.3,5.7,2.5,3.0,,,,0.0,0.0,,,,,,,,,,,,,,,,,,,,,,,,,9,2,84,0,0,0,1,0,0,0,0,0,0,1,0,5,93415,598556,0.0,0.0,0.020000000000000018,0.020000000000000018,1.1899999999999995,10.400000000000006,13.599999999999994,6.0,3.0,0,2,2,4
250,Liam,Delap,Delap,d,Hamstring injury - 50% chance of playing,,6.2,80,,0.9,188,,0.0,,,0,0,,-3,,562,1024,0.0,0.6,0.2,0.0,,,,50.0,0.0,,,,,,,,,,,,,,,,,,,,,,,,,9,0,0,0,0,0,0,0,0,0,0,0,0,0,0,0,627,2197,0.0,0.0,0.0,0.0,0.0,0.0,0.0,0.0,0.0,0,0,0,0
251,Nicolas,Jackson,N.Jackson,u,has joined Bayern Munich on loan for the rest of the season.,,6.5,59,,0.1,498,,0.0,,,0,0,,0,,0,61,0.0,0.0,0.0,0.0,,,,0.0,0.0,,,,,,,,,,,,,,,,,,,,,,,,,9,0,0,0,0,0,0,0,0,0,0,0,0,0,0,0,0,97,0.0,0.0,0.0,0.0,0.0,0.0,0.0,0.0,0.0,0,0,0,0
252,Marc,Guiu Paz,Marc Guiu,a,,,4.2,609,,7.0,54,,1.0,,,2,-1,,-3,,16512,14766,0.2,1.4,1.5,2.0,,,,100.0,100.0,,,,,,,,,,,,,,,,,,,,,,,,,9,2,75,0,0,0,1,0,0,0,0,0,0,1,0,4,38995,60463,0.0,0.21999999999999997,0.0,0.21999999999999997,1.1599999999999997,0.0,1.1,24.0,2.3,0,0,0,0
453,Alejandro,Garnacho Ferreyra,Garnacho,a,,,6.4,68,,0.4,283,,2.2,,,6,0,,-1,,2090,860,0.3,1.6,2.7,3.2,,,,0.0,0.0,,,,,,,,,,,,,,,,,,,,,,,,,9,6,57,1,0,0,1,0,0,0,0,0,0,1,0,18,3272,4084,0.0,0.22000000000000003,0.04000000000000001,0.26,1.02,31.0,4.300000000000001,61.0,9.6,0,1,1,2
672,Jorrel,Hato,Hato,a,,,4.7,385,,0.2,370,,0.8,,,0,-1,,-3,,175,347,0.2,0.6,1.3,1.8,,,,0.0,0.0,,,,,,,,,,,,,,,,,,,,,,,,,9,0,0,0,0,0,0,0,0,0,0,0,0,0,0,0,443,751,0.0,0.0,0.0,0.0,0.0,0.0,0.0,0.0,0.0,0,0,0,0
743,Landon,Emenalo,Emenalo,a,,,4.5,481,,0.0,717,,0.0,,,0,0,,0,,41,28,0.0,0.0,0.5,1.0,,,,0.0,0.0,,,,,,,,,,,,,,,,,,,,,,,,,9,0,0,0,0,0,0,0,0,0,0,0,0,0,0,0,87,56,0.0,0.0,0.0,0.0,0.0,0.0,0.0,0.0,0.0,0,0,0,0
253,Dean,Henderson,Henderson,a,,,5.0,251,,7.6,51,,2.0,,,2,0,,0,,4096,7566,0.4,6.0,2.0,1.5,,,,0.0,0.0,,,,,,,,,,,,,,,,,,,,,,,,,9,2,90,0,0,0,1,0,0,0,0,0,2,1,0,9,6392,26981,0.0,0.0,0.009999999999999995,0.009999999999999995,1.08,17.400000000000006,0.0,0.0,1.6999999999999993,0,0,4,4
254,Walter,Benítez,Benitez,a,,,4.0,625,,0.3,299,,0.0,,,0,0,,0,,75,193,0.0,0.0,0.0,-0.5,,,,100.0,100.0,,,,,,,,,,,,,,,,,,,,,,,,,9,0,0,0,0,0,0,0,0,0,0,0,0,0,0,0,151,541,0.0,0.0,0.0,0.0,0.0,0.0,0.0,0.0,0.0,0,0,0,0
255,Remi,Matthews,Matthews,a,,,4.0,631,,0.1,464,,0.0,,,0,0,,0,,22,77,0.0,0.0,0.0,-0.5,,,,0.0,0.0,,,,,,,,,,,,,,,,,,,,,,,,,9,0,0,0,0,0,0,0,0,0,0,0,0,0,0,0,52,223,0.0,0.0,0.0,0.0,0.0,0.0,0.0,0.0,0.0,0,0,0,0
256,Daniel,Muñoz Mejía,Muñoz,a,,,5.8,108,,16.7,23,,4.7,,,2,1,,3,,124368,14232,0.8,10.3,4.7,4.7,,,,0.0,0.0,,,,,,,,,,,,,,,,,,,,,,,,,9,2,90,0,0,0,1,0,0,0,0,0,0,1,0,3,0,0,0.0,0.0,0.020000000000000018,0.020000000000000018,1.08,11.599999999999994,3.799999999999997,4.0,1.8999999999999986,2,3,3,8
257,Maxence,Lacroix,Lacroix,a,,,5.1,240,,3.7,91,,3.0,,,4,0,,1,,3279,5830,0.6,8.2,3.0,2.5,,,,0.0,0.0,,,,,,,,,,,,,,,,,,,,,,,,,9,4,90,0,0,0,1,0,0,0,0,0,0,1,0,21,4993,25755,0.0,0.010000000000000009,0.0,0.010000000000000009,1.08,29.799999999999983,0.6000000000000014,3.0,3.3000000000000007,2,19,1,22
258,Tyrick,Mitchell,Mitchell,a,,,5.0,266,,2.3,121,,2.0,,,2,0,,0,,2074,3768,0.4,7.6,2.0,1.5,,,,0.0,0.0,,,,,,,,,,,,,,,,,,,,,,,,,9,2,90,0,0,0,1,0,0,0,0,0,0,1,0,10,3523,13997,0.0,0.0,0.030000000000000027,0.030000000000000027,1.08,14.400000000000006,5.700000000000003,2.0,2.200000000000003,2,5,6,13
259,Borna,Sosa,Sosa,a,,,4.9,311,,0.1,443,,0.2,,,1,0,,-1,,91,157,0.0,0.2,0.2,-0.3,,,,0.0,0.0,,,,,,,,,,,,,,,,,,,,,,,,,9,1,1,0,0,0,0,0,0,0,0,0,0,0,0,3,155,393,0.0,0.0,0.0,0.0,0.0,0.0,0.0,0.0,0.0,0,0,1,1
260,Marc,Guéhi,Guéhi,a,Knock - 75% chance of playing,,4.9,307,,32.4,7,,4.5,,,4,0,,4,,53481,10558,0.9,11.0,4.5,4.0,,,,0.0,0.0,,,,,,,,,,,,,,,,,,,,,,,,,9,4,90,0,0,0,1,0,0,0,0,0,0,1,0,9,104805,55282,0.0,0.08999999999999997,0.010000000000000009,0.10000000000000009,1.08,23.200000000000017,0.7999999999999972,9.0,3.299999999999997,1,9,2,12
261,Chris,Richards,Richards,a,,,4.5,418,,3.3,98,,3.0,,,2,0,,0,,5262,3326,0.7,8.4,3.0,2.5,,,,0.0,0.0,,,,,,,,,,,,,,,,,,,,,,,,,9,2,90,0,0,0,1,0,0,0,0,0,0,1,0,9,15839,14384,0.0,0.0,0.010000000000000009,0.010000000000000009,1.08,18.19999999999999,0.8999999999999986,0.0,1.9000000000000021,1,8,1,10
262,Chadi,Riad Dnanou,Chadi Riad,i,Knee injury - Expected back 09 Nov,,4.0,676,,0.0,714,,0.0,,,0,0,,0,,3,3,0.0,0.0,0.0,0.0,,,,0.0,0.0,,,,,,,,,,,,,,,,,,,,,,,,,9,0,0,0,0,0,0,0,0,0,0,0,0,0,0,0,9,27,0.0,0.0,0.0,0.0,0.0,0.0,0.0,0.0,0.0,0,0,0,0
263,Nathaniel,Clyne,Clyne,a,,,3.9,700,,0.5,245,,0.0,,,0,0,,-1,,121,564,0.0,0.3,0.0,-0.5,,,,0.0,0.0,,,,,,,,,,,,,,,,,,,,,,,,,9,0,0,0,0,0,0,0,0,0,0,0,0,0,0,0,472,1749,0.0,0.0,0.0,0.0,0.0,0.0,0.0,0.0,0.0,0,0,0,0
264,Rob,Holding,Holding,u,Has joined Colorado Rapids permanently.,,4.0,628,,0.0,654,,0.0,,,0,0,,0,,0,24,0.0,0.0,0.0,0.0,,,,0.0,0.0,,,,,,,,,,,,,,,,,,,,,,,,,9,0,0,0,0,0,0,0,0,0,0,0,0,0,0,0,0,51,0.0,0.0,0.0,0.0,0.0,0.0,0.0,0.0,0.0,0,0,0,0
265,Caleb,Kporha,Kporha,i,Back injury - Unknown return date,,4.0,694,,0.0,681,,0.0,,,0,0,,0,,7,12,0.0,0.0,0.0,0.0,,,,0.0,0.0,,,,,,,,,,,,,,,,,,,,,,,,,9,0,0,0,0,0,0,0,0,0,0,0,0,0,0,0,13,42,0.0,0.0,0.0,0.0,0.0,0.0,0.0,0.0,0.0,0,0,0,0
267,Ismaïla,Sarr,Sarr,a,,,6.5,55,,8.4,46,,5.5,,,2,0,,0,,34561,14456,0.8,6.2,5.5,5.0,,,,100.0,100.0,,,,,,,,,,,,,,,,,,,,,,,,,9,2,90,0,0,0,1,0,0,0,0,0,0,1,0,11,70656,66443,0.0,0.020000000000000018,0.010000000000000009,0.029999999999999805,1.08,7.199999999999989,2.6000000000000085,7.0,1.7000000000000028,1,2,6,9
268,Cheick,Doucouré,Doucouré,i,Knee injury - Unknown return date,,4.9,325,,0.0,734,,0.0,,,0,0,,-1,,4,5,0.0,0.0,0.0,0.0,,,,0.0,0.0,,,,,,,,,,,,,,,,,,,,,,,,,9,0,0,0,0,0,0,0,0,0,0,0,0,0,0,0,15,12,0.0,0.0,0.0,0.0,0.0,0.0,0.0,0.0,0.0,0,0,0,0
269,Romain,Esse,Esse,a,,,4.8,379,,0.1,402,,0.0,,,0,0,,-2,,62,213,0.0,0.2,0.0,-0.5,,,,0.0,0.0,,,,,,,,,,,,,,,,,,,,,,,,,9,0,0,0,0,0,0,0,0,0,0,0,0,0,0,0,166,514,0.0,0.0,0.0,0.0,0.0,0.0,0.0,0.0,0.0,0,0,0,0
270,Will,Hughes,Hughes,a,,,4.8,357,,0.1,471,,0.5,,,1,-1,,-2,,88,171,0.1,2.5,0.5,0.0,,,,100.0,100.0,,,,,,,,,,,,,,,,,,,,,,,,,9,1,16,0,0,0,0,0,0,0,0,0,0,0,0,4,174,572,0.0,0.0,0.030000000000000027,0.030000000000000027,0.0,3.0,15.199999999999989,4.0,2.1999999999999993,0,0,1,1
271,Daichi,Kamada,Kamada,a,,,5.0,257,,0.1,405,,3.2,,,2,0,,0,,350,504,0.6,4.8,3.2,2.7,,,,100.0,100.0,,,,,,,,,,,,,,,,,,,,,,,,,9,2,73,0,0,0,1,0,0,0,0,0,0,1,0,8,785,1828,0.0,0.0,0.020000000000000018,0.019999999999999796,1.0799999999999992,5.599999999999994,1.4000000000000057,2.0,0.8999999999999986,1,3,7,11
272,Jefferson,Lerma Solís,Lerma,a,,,4.9,294,,0.1,559,,0.8,,,1,0,,-1,,38,91,0.2,1.8,0.8,0.3,,,,0.0,0.0,,,,,,,,,,,,,,,,,,,,,,,,,9,1,1,0,0,0,0,0,0,0,0,0,0,0,0,3,76,236,0.0,0.0,0.010000000000000002,0.009999999999999898,0.0,0.1999999999999993,0.3000000000000007,0.0,0.09999999999999964,0,0,1,1
273,Adam,Wharton,Wharton,a,,,5.0,277,,0.5,231,,2.5,,,2,0,,0,,978,1072,0.5,4.6,2.5,2.0,,,,100.0,100.0,,,,,,,,,,,,,,,,,,,,,,,,,9,2,90,0,0,0,1,0,0,0,0,0,0,1,0,12,2025,3310,0.0,0.01999999999999999,0.06000000000000005,0.08000000000000007,1.08,12.599999999999994,17.5,1.0,3.099999999999998,3,4,2,9
274,Asher,Agbinone,Agbinone,a,,,4.4,567,,0.1,570,,0.0,,,0,0,,-1,,39,74,0.0,0.0,0.0,-0.5,,,,0.0,0.0,,,,,,,,,,,,,,,,,,,,,,,,,9,0,0,0,0,0,0,0,0,0,0,0,0,0,0,0,108,192,0.0,0.0,0.0,0.0,0.0,0.0,0.0,0.0,0.0,0,0,0,0
275,Naouirou,Ahamada,Ahamada,a,,,4.4,529,,0.0,577,,0.0,,,0,0,,-1,,36,96,0.0,0.0,0.0,-0.5,,,,0.0,0.0,,,,,,,,,,,,,,,,,,,,,,,,,9,0,0,0,0,0,0,0,0,0,0,0,0,0,0,0,88,244,0.0,0.0,0.0,0.0,0.0,0.0,0.0,0.0,0.0,0,0,0,0
276,Justin,Devenny,Devenny,a,,,4.4,536,,1.2,164,,0.5,,,0,0,,-1,,464,2684,0.1,1.8,0.5,0.0,,,,0.0,0.0,,,,,,,,,,,,,,,,,,,,,,,,,9,0,0,0,0,0,0,0,0,0,0,0,0,0,0,0,1509,8023,0.0,0.0,0.0,0.0,0.0,0.0,0.0,0.0,0.0,0,0,0,0
277,Malcolm,Ebiowei,Ebiowei,u,Has joined Blackpool permanently.,,4.5,424,,0.0,731,,0.0,,,0,0,,0,,0,2,0.0,0.0,0.0,0.0,,,,0.0,0.0,,,,,,,,,,,,,,,,,,,,,,,,,9,0,0,0,0,0,0,0,0,0,0,0,0,0,0,0,0,6,0.0,0.0,0.0,0.0,0.0,0.0,0.0,0.0,0.0,0,0,0,0
278,Jesurun,Rak-Sakyi,J.Rak-Sakyi,u,has joined Caykur Rizespor on loan for the rest of the season.,,4.4,527,,0.0,588,,0.0,,,0,0,,-1,,0,122,0.0,0.0,0.0,0.0,,,,0.0,0.0,,,,,,,,,,,,,,,,,,,,,,,,,9,0,0,0,0,0,0,0,0,0,0,0,0,0,0,0,0,267,0.0,0.0,0.0,0.0,0.0,0.0,0.0,0.0,0.0,0,0,0,0
279,Matheus,França de Oliveira,M.França,u,Has joined CR Vasco da Gama on loan for the rest of the season.,,4.5,449,,0.0,706,,0.0,,,0,0,,0,,0,8,0.0,0.0,0.0,0.0,,,,0.0,0.0,,,,,,,,,,,,,,,,,,,,,,,,,9,0,0,0,0,0,0,0,0,0,0,0,0,0,0,0,0,16,0.0,0.0,0.0,0.0,0.0,0.0,0.0,0.0,0.0,0,0,0,0
280,David,Ozoh,Ozoh,u,Has joined Derby County on loan for the rest of the season.,,4.5,446,,0.0,740,,0.0,,,0,0,,0,,0,0,0.0,0.0,0.0,0.0,,,,0.0,0.0,,,,,,,,,,,,,,,,,,,,,,,,,9,0,0,0,0,0,0,0,0,0,0,0,0,0,0,0,0,1,0.0,0.0,0.0,0.0,0.0,0.0,0.0,0.0,0.0,0,0,0,0
281,Kaden,Rodney,Rodney,a,,,4.5,445,,0.0,584,,0.0,,,0,0,,0,,77,75,0.0,0.0,0.0,-0.5,,,,0.0,0.0,,,,,,,,,,,,,,,,,,,,,,,,,9,0,0,0,0,0,0,0,0,0,0,0,0,0,0,0,163,178,0.0,0.0,0.0,0.0,0.0,0.0,0.0,0.0,0.0,0,0,0,0
282,Franco,Umeh-Chibueze,Umeh,u,has joined Portsmouth permanently.,,4.5,463,,0.0,658,,0.0,,,0,0,,0,,0,29,0.0,0.0,0.0,0.0,,,,0.0,0.0,,,,,,,,,,,,,,,,,,,,,,,,,9,0,0,0,0,0,0,0,0,0,0,0,0,0,0,0,0,65,0.0,0.0,0.0,0.0,0.0,0.0,0.0,0.0,0.0,0,0,0,0
283,Jean-Philippe,Mateta,Mateta,a,,,7.7,20,,14.6,28,,5.8,,,2,1,,2,,204270,11472,0.8,5.1,5.8,5.3,,,,0.0,0.0,,,,,,,,,,,,,,,,,,,,,,,,,9,2,90,0,0,0,1,0,0,0,0,0,0,1,0,6,312676,54648,0.0,0.14000000000000057,0.010000000000000009,0.15000000000000036,1.08,0.5999999999999943,2.3999999999999986,5.0,0.8000000000000043,0,0,3,3
284,Eddie,Nketiah,Nketiah,a,Hamstring injury - 50% chance of playing,,5.4,170,,0.5,233,,1.8,,,1,0,,-1,,1952,2036,0.3,1.5,1.8,1.3,,,,100.0,100.0,,,,,,,,,,,,,,,,,,,,,,,,,9,1,31,0,0,0,0,0,0,0,0,0,0,0,0,6,4263,5360,0.0,0.18999999999999995,0.08000000000000002,0.27,0.23999999999999977,6.0,11.799999999999997,19.0,3.700000000000001,0,1,1,2
285,Odsonne,Édouard,Édouard,u,has joined RC Lens permanently.,,5.0,253,,0.3,326,,0.0,,,0,0,,0,,0,378,0.0,0.2,0.0,0.0,,,,0.0,0.0,,,,,,,,,,,,,,,,,,,,,,,,,9,0,0,0,0,0,0,0,0,0,0,0,0,0,0,0,0,896,0.0,0.0,0.0,0.0,0.0,0.0,0.0,0.0,0.0,0,0,0,0
286,Zach,Marsh,Marsh,a,,,4.5,468,,0.3,306,,0.0,,,0,0,,0,,508,712,0.0,0.0,0.0,-0.5,,,,0.0,0.0,,,,,,,,,,,,,,,,,,,,,,,,,9,0,0,0,0,0,0,0,0,0,0,0,0,0,0,0,1019,1870,0.0,0.0,0.0,0.0,0.0,0.0,0.0,0.0,0.0,0,0,0,0
690,Rio,Cardines,Cardines,a,Groin Injury - 75% chance of playing,,4.4,569,,0.5,248,,0.0,,,0,0,,-1,,508,1342,0.0,0.0,0.0,-0.5,,,,0.0,0.0,,,,,,,,,,,,,,,,,,,,,,,,,9,0,0,0,0,0,0,0,0,0,0,0,0,0,0,0,1245,3005,0.0,0.0,0.0,0.0,0.0,0.0,0.0,0.0,0.0,0,0,0,0
712,Yéremy,Pino Santos,Yeremy,a,,,5.8,117,,0.1,449,,1.5,,,1,-1,,-2,,329,588,0.3,1.9,1.5,1.0,,,,100.0,100.0,,,,,,,,,,,,,,,,,,,,,,,,,9,1,58,0,0,0,1,0,0,0,0,0,0,1,0,2,556,2996,0.0,0.0,0.010000000000000009,0.010000000000000009,0.8399999999999999,2.6000000000000014,14.799999999999997,2.0,1.8999999999999986,1,0,3,4
723,Jaydee,Canvot,Canvot,a,,,4.5,489,,0.0,693,,0.0,,,0,0,,0,,25,37,0.0,0.0,0.0,-0.5,,,,0.0,0.0,,,,,,,,,,,,,,,,,,,,,,,,,9,0,0,0,0,0,0,0,0,0,0,0,0,0,0,0,58,78,0.0,0.0,0.0,0.0,0.0,0.0,0.0,0.0,0.0,0,0,0,0
732,Christantus,Uche,Uche,a,,,5.5,158,,0.0,628,,0.5,,,1,0,,0,,91,117,0.1,0.5,0.5,0.0,,,,0.0,0.0,,,,,,,,,,,,,,,,,,,,,,,,,9,1,1,0,0,0,0,0,0,0,0,0,0,0,0,3,179,285,0.0,0.0,0.0,0.0,0.0,0.0,0.0,0.0,0.0,0,0,1,1
242,Kiernan,Dewsbury-Hall,Dewsbury-Hall,a,,,5.0,259,,3.2,101,,1.2,,,2,0,,0,,1556,6922,0.2,4.8,1.7,1.2,,,,100.0,100.0,,,,,,,,,,,,,,,,,,,,,,,,,9,2,90,0,0,0,3,0,0,0,0,0,0,1,0,9,6205,25377,0.0,0.21000000000000002,0.54,0.75,2.08,0.20000000000000284,11.600000000000023,12.0,2.4000000000000057,0,0,1,1
287,Jordan,Pickford,Pickford,a,,,5.5,138,,10.0,41,,2.0,,,1,0,,0,,3058,9863,0.4,6.0,2.5,2.0,,,,0.0,0.0,,,,,,,,,,,,,,,,,,,,,,,,,9,1,90,0,0,0,3,0,0,0,0,0,1,1,0,-2,7365,26860,0.0,0.0,0.0,0.0,2.08,6.399999999999977,0.0,0.0,0.5999999999999979,0,2,11,13
288,Mark,Travers,Travers,a,,,4.4,514,,0.1,439,,0.0,,,0,0,,-1,,27,91,0.0,0.0,0.5,0.0,,,,0.0,0.0,,,,,,,,,,,,,,,,,,,,,,,,,9,0,0,0,0,0,0,0,0,0,0,0,0,0,0,0,55,264,0.0,0.0,0.0,0.0,0.0,0.0,0.0,0.0,0.0,0,0,0,0
289,Harry,Tyrer,Tyrer,a,,,4.0,647,,0.1,454,,0.0,,,0,0,,0,,26,52,0.0,0.0,0.5,0.0,,,,0.0,0.0,,,,,,,,,,,,,,,,,,,,,,,,,9,0,0,0,0,0,0,0,0,0,0,0,0,0,0,0,50,182,0.0,0.0,0.0,0.0,0.0,0.0,0.0,0.0,0.0,0,0,0,0
290,Jarrad,Branthwaite,Branthwaite,i,Hamstring injury - Unknown return date,,5.3,210,,0.2,380,,0.0,,,0,0,,-2,,26,265,0.0,0.0,0.0,0.0,,,,0.0,0.0,,,,,,,,,,,,,,,,,,,,,,,,,9,0,0,0,0,0,0,0,0,0,0,0,0,0,0,0,48,648,0.0,0.0,0.0,0.0,0.0,0.0,0.0,0.0,0.0,0,0,0,0
291,James,Tarkowski,Tarkowski,a,,,5.5,134,,6.8,57,,2.5,,,1,0,,0,,3596,11067,0.5,6.5,3.0,2.5,,,,0.0,0.0,,,,,,,,,,,,,,,,,,,,,,,,,9,1,90,0,0,0,3,0,0,0,0,0,0,1,0,6,10632,44049,0.0,0.0,0.06,0.05999999999999994,2.08,16.0,14.500000000000007,2.0,3.299999999999997,1,6,0,7
292,Vitalii,Mykolenko,Mykolenko,a,,,4.9,313,,0.4,282,,1.8,,,1,0,,-1,,559,445,0.4,1.8,2.3,1.8,,,,100.0,100.0,,,,,,,,,,,,,,,,,,,,,,,,,9,1,90,0,0,0,3,0,0,0,0,0,0,1,0,-4,1420,1434,0.0,0.009999999999999998,0.03999999999999998,0.04999999999999999,2.080000000000001,8.599999999999994,4.800000000000004,4.0,1.6999999999999993,1,3,3,7
293,Jake,O'Brien,O'Brien,a,,,5.0,282,,0.4,250,,2.2,,,1,0,,0,,565,583,0.4,5.0,2.7,2.2,,,,0.0,0.0,,,,,,,,,,,,,,,,,,,,,,,,,9,1,65,0,0,0,2,0,0,0,0,0,0,1,0,6,1145,2068,0.0,0.0,0.0,0.0,1.6600000000000001,15.200000000000003,1.0,2.0,1.8000000000000007,4,5,5,14
294,Séamus,Coleman,Coleman,a,,,4.3,582,,0.1,433,,0.2,,,0,0,,-2,,98,141,0.0,0.5,0.7,0.2,,,,0.0,0.0,,,,,,,,,,,,,,,,,,,,,,,,,9,0,0,0,0,0,0,0,0,0,0,0,0,0,0,0,216,373,0.0,0.0,0.0,0.0,0.0,0.0,0.0,0.0,0.0,0,0,0,0
295,Michael,Keane,Keane,a,,,4.5,395,,1.1,174,,4.2,,,1,0,,0,,3994,1702,0.9,8.2,4.7,4.2,,,,100.0,100.0,,,,,,,,,,,,,,,,,,,,,,,,,9,1,90,0,0,0,3,0,0,0,0,0,0,1,0,2,24472,5290,0.0,0.0,0.009999999999999995,0.010000000000000009,2.08,16.0,4.300000000000001,0.0,2.0,1,6,4,11
296,Nathan,Patterson,Patterson,i,Foot injury - Expected back 23 Nov,,4.4,520,,0.0,662,,0.0,,,0,0,,-1,,4,40,0.0,0.0,0.0,0.0,,,,0.0,0.0,,,,,,,,,,,,,,,,,,,,,,,,,9,0,0,0,0,0,0,0,0,0,0,0,0,0,0,0,10,103,0.0,0.0,0.0,0.0,0.0,0.0,0.0,0.0,0.0,0,0,0,0
297,Roman,Dixon,Dixon,a,,,3.9,721,,0.2,367,,0.0,,,0,0,,-1,,60,163,0.0,0.0,0.5,0.0,,,,0.0,0.0,,,,,,,,,,,,,,,,,,,,,,,,,9,0,0,0,0,0,0,0,0,0,0,0,0,0,0,0,146,425,0.0,0.0,0.0,0.0,0.0,0.0,0.0,0.0,0.0,0,0,0,0
298,Reece,Welch,Welch,a,,,3.9,718,,0.1,406,,0.0,,,0,0,,-1,,32,126,0.0,0.0,0.5,0.0,,,,0.0,0.0,,,,,,,,,,,,,,,,,,,,,,,,,9,0,0,0,0,0,0,0,0,0,0,0,0,0,0,0,101,334,0.0,0.0,0.0,0.0,0.0,0.0,0.0,0.0,0.0,0,0,0,0
299,Iliman,Ndiaye,Ndiaye,a,,,6.5,57,,11.2,36,,3.8,,,2,0,,0,,17434,14350,0.6,6.6,4.3,3.8,,,,100.0,100.0,,,,,,,,,,,,,,,,,,,,,,,,,9,2,90,0,0,0,3,0,0,0,0,0,0,1,0,11,76430,37091,0.0,0.16999999999999993,0.56,0.7300000000000004,2.08,13.800000000000011,3.700000000000017,21.0,3.8999999999999986,3,1,6,10
300,Dwight,McNeil,McNeil,a,,,5.6,130,,0.1,419,,0.2,,,0,0,,-4,,147,264,0.0,0.4,0.7,0.2,,,,0.0,0.0,,,,,,,,,,,,,,,,,,,,,,,,,9,0,0,0,0,0,0,0,0,0,0,0,0,0,0,0,358,698,0.0,0.0,0.0,0.0,0.0,0.0,0.0,0.0,0.0,0,0,0,0
301,Carlos,Alcaraz Durán,Alcaraz,a,,,5.2,230,,0.1,482,,1.0,,,1,0,,-3,,104,134,0.2,1.5,1.5,1.0,,,,0.0,0.0,,,,,,,,,,,,,,,,,,,,,,,,,9,1,4,0,0,0,1,0,0,0,0,0,0,0,0,3,231,386,0.0,0.0,0.0,0.0,0.41999999999999993,0.0,0.0,0.0,0.0,0,0,0,0
302,Idrissa Gana,Gueye,Gana,a,,,5.4,159,,0.1,417,,2.0,,,2,0,,-1,,186,355,0.4,5.2,2.5,2.0,,,,0.0,0.0,,,,,,,,,,,,,,,,,,,,,,,,,9,2,85,0,0,0,2,0,0,0,0,0,0,1,0,17,584,968,0.0,0.07999999999999996,0.020000000000000018,0.10000000000000009,1.6599999999999984,5.200000000000003,1.8000000000000114,7.0,1.3999999999999986,2,2,7,11
303,James,Garner,Garner,a,,,5.0,264,,0.9,185,,3.0,,,1,0,,0,,1430,3183,0.6,7.4,3.5,3.0,,,,0.0,0.0,,,,,,,,,,,,,,,,,,,,,,,,,9,1,90,0,0,0,3,0,0,0,1,0,0,1,0,19,5810,8385,0.0,0.10999999999999999,0.1299999999999999,0.24,2.08,15.200000000000017,20.0,5.0,4.0,6,2,2,10
304,Tim,Iroegbunam,Iroegbunam,a,,,4.9,340,,0.0,618,,1.2,,,0,0,,-1,,16,43,0.2,2.4,1.7,1.2,,,,0.0,0.0,,,,,,,,,,,,,,,,,,,,,,,,,9,0,0,0,0,0,0,0,0,0,0,0,0,0,0,0,37,89,0.0,0.0,0.0,0.0,0.0,0.0,0.0,0.0,0.0,0,0,0,0
305,Harrison,Armstrong,Armstrong,u,has joined Preston North End on loan for the rest of the season.,,4.5,479,,0.1,551,,0.0,,,0,0,,0,,0,74,0.0,0.2,0.0,0.0,,,,0.0,0.0,,,,,,,,,,,,,,,,,,,,,,,,,9,0,0,0,0,0,0,0,0,0,0,0,0,0,0,0,0,205,0.0,0.0,0.0,0.0,0.0,0.0,0.0,0.0,0.0,0,0,0,0
306,Callum,Bates,Bates,a,,,4.4,562,,0.1,513,,0.0,,,0,0,,-1,,78,107,0.0,0.0,0.5,0.0,,,,0.0,0.0,,,,,,,,,,,,,,,,,,,,,,,,,9,0,0,0,0,0,0,0,0,0,0,0,0,0,0,0,196,306,0.0,0.0,0.0,0.0,0.0,0.0,0.0,0.0,0.0,0,0,0,0
308,Isaac,Heath,Heath,u,has joined Accrington on loan for the rest of the season.,,4.5,440,,0.0,656,,0.0,,,0,0,,0,,0,18,0.0,0.0,0.0,0.0,,,,0.0,0.0,,,,,,,,,,,,,,,,,,,,,,,,,9,0,0,0,0,0,0,0,0,0,0,0,0,0,0,0,0,47,0.0,0.0,0.0,0.0,0.0,0.0,0.0,0.0,0.0,0,0,0,0
309,Jenson,Metcalfe,Metcalfe,u,Has joined Bradford City permanently.,,4.5,436,,0.0,743,,0.0,,,0,0,,0,,0,1,0.0,0.0,0.0,0.0,,,,0.0,0.0,,,,,,,,,,,,,,,,,,,,,,,,,9,0,0,0,0,0,0,0,0,0,0,0,0,0,0,0,0,2,0.0,0.0,0.0,0.0,0.0,0.0,0.0,0.0,0.0,0,0,0,0
310,Thierno,Barry,Barry,a,,,5.7,126,,0.3,295,,1.0,,,1,0,,-3,,374,631,0.2,1.8,1.5,1.0,,,,0.0,0.0,,,,,,,,,,,,,,,,,,,,,,,,,9,1,24,0,0,0,1,0,0,0,0,0,0,0,0,1,723,1644,0.0,0.02999999999999997,0.009999999999999998,0.040000000000000036,0.41999999999999993,0.0,1.3000000000000007,0.0,0.10000000000000053,0,0,0,0
311,Norberto Bercique,Gomes Betuncal,Beto,a,,,5.3,211,,3.5,95,,1.8,,,2,0,,-2,,3430,9680,0.3,3.6,2.3,1.8,,,,0.0,0.0,,,,,,,,,,,,,,,,,,,,,,,,,9,2,65,0,0,0,2,0,0,0,0,0,0,1,0,9,9786,32762,0.0,0.56,0.0,0.56,1.6599999999999984,11.200000000000003,10.800000000000004,39.0,6.100000000000001,0,4,1,5
312,Youssef,Ramalho Chermiti,Y.Chermiti,u,has joined Rangers permanently.,,4.9,341,,0.1,505,,0.0,,,0,0,,-1,,0,60,0.0,0.0,0.0,0.0,,,,0.0,0.0,,,,,,,,,,,,,,,,,,,,,,,,,9,0,0,0,0,0,0,0,0,0,0,0,0,0,0,0,0,164,0.0,0.0,0.0,0.0,0.0,0.0,0.0,0.0,0.0,0,0,0,0
313,Martin,Sherif,Sherif,u,has joined Rotherham United on loan for the rest of the season.,,4.4,557,,0.1,400,,0.0,,,0,0,,-1,,0,258,0.0,0.0,0.0,0.0,,,,0.0,0.0,,,,,,,,,,,,,,,,,,,,,,,,,9,0,0,0,0,0,0,0,0,0,0,0,0,0,0,0,0,645,0.0,0.0,0.0,0.0,0.0,0.0,0.0,0.0,0.0,0,0,0,0
419,Jack,Grealish,Grealish,a,,,6.9,37,,18.5,20,,3.2,,,1,0,,4,,22894,36907,0.5,5.5,3.7,3.2,,,,100.0,100.0,,,,,,,,,,,,,,,,,,,,,,,,,9,1,90,0,0,0,3,0,0,0,1,0,0,1,0,13,74036,78366,0.0,0.15000000000000002,0.09000000000000008,0.23999999999999977,2.08,14.599999999999994,34.900000000000006,20.0,7.0,1,3,6,10
704,Tyler,Onyango,Onyango,u,has joined Stockport County on loan for the rest of the season.,,4.5,428,,0.1,533,,0.0,,,0,0,,0,,0,91,0.0,0.0,0.0,0.0,,,,0.0,0.0,,,,,,,,,,,,,,,,,,,,,,,,,9,0,0,0,0,0,0,0,0,0,0,0,0,0,0,0,0,154,0.0,0.0,0.0,0.0,0.0,0.0,0.0,0.0,0.0,0,0,0,0
705,Elijah,Campbell,Campbell,a,,,4.0,667,,0.2,387,,0.0,,,0,0,,0,,136,202,0.0,0.0,0.5,0.0,,,,0.0,0.0,,,,,,,,,,,,,,,,,,,,,,,,,9,0,0,0,0,0,0,0,0,0,0,0,0,0,0,0,258,397,0.0,0.0,0.0,0.0,0.0,0.0,0.0,0.0,0.0,0,0,0,0
707,Tyler,Dibling,Dibling,a,,,5.4,186,,0.0,643,,0.5,,,0,-1,,-1,,60,81,0.1,0.6,1.0,0.5,,,,0.0,0.0,,,,,,,,,,,,,,,,,,,,,,,,,9,0,0,0,0,0,0,0,0,0,0,0,0,0,0,0,128,187,0.0,0.0,0.0,0.0,0.0,0.0,0.0,0.0,0.0,0,0,0,0
728,Merlin,Röhl,Röhl,a,,,5.0,283,,0.0,718,,0.5,,,1,0,,0,,10,9,0.1,0.6,1.0,0.5,,,,100.0,100.0,,,,,,,,,,,,,,,,,,,,,,,,,9,1,24,0,0,0,1,0,0,0,0,0,0,0,0,-2,26,13,0.0,0.2,0.01,0.21000000000000002,0.41999999999999993,0.0,0.09999999999999964,0.0,0.0,0,0,1,1
314,Bernd,Leno,Leno,a,,,5.0,245,,1.5,152,,2.0,,,2,0,,0,,2746,1284,0.4,5.0,2.0,1.5,,,,0.0,0.0,,,,,,,,,,,,,,,,,,,,,,,,,9,2,90,0,0,0,2,0,0,0,0,0,5,1,0,13,5452,3861,0.0,0.0,0.0,0.0,2.1400000000000006,36.19999999999999,0.0,0.0,3.599999999999998,0,1,6,7
315,Steven,Benda,Benda,u,Has joined Millwall on loan for the rest of the season.,,4.0,642,,0.0,723,,0.0,,,0,0,,0,,0,1,0.0,0.0,0.0,0.0,,,,0.0,0.0,,,,,,,,,,,,,,,,,,,,,,,,,9,0,0,0,0,0,0,0,0,0,0,0,0,0,0,0,0,7,0.0,0.0,0.0,0.0,0.0,0.0,0.0,0.0,0.0,0,0,0,0
316,Antonee,Robinson,Robinson,i,Knee injury - Unknown return date,,5.0,249,,0.6,225,,0.2,,,0,0,,0,,25,2405,0.0,0.6,0.0,0.0,,,,0.0,0.0,,,,,,,,,,,,,,,,,,,,,,,,,9,0,0,0,0,0,0,0,0,0,0,0,0,0,0,0,80,6048,0.0,0.0,0.0,0.0,0.0,0.0,0.0,0.0,0.0,0,0,0,0
317,Joachim,Andersen,Andersen,i,Hamstring injury - Unknown return date,,4.5,401,,3.0,104,,1.8,,,0,0,,0,,129,17868,0.4,6.7,0.0,0.0,,,,0.0,0.0,,,,,,,,,,,,,,,,,,,,,,,,,9,0,0,0,0,0,0,0,0,0,0,0,0,0,0,0,566,87744,0.0,0.0,0.0,0.0,0.0,0.0,0.0,0.0,0.0,0,0,0,0
318,Calvin,Bassey,Bassey,a,,,4.5,413,,0.5,228,,0.8,,,1,0,,0,,2226,947,0.2,4.4,0.8,0.3,,,,0.0,0.0,,,,,,,,,,,,,,,,,,,,,,,,,9,1,90,0,0,0,2,0,0,0,0,0,0,1,0,-1,4265,2666,0.0,0.0,0.0,0.0,2.139999999999999,8.200000000000003,1.3999999999999986,0.0,1.0,2,6,4,12
319,Timothy,Castagne,Castagne,a,,,4.4,504,,0.1,446,,1.8,,,1,0,,-1,,433,206,0.4,2.3,1.8,1.3,,,,0.0,0.0,,,,,,,,,,,,,,,,,,,,,,,,,9,1,1,0,0,0,0,0,0,0,0,0,0,0,0,3,1425,541,0.0,0.0,0.0,0.0,0.019999999999999574,1.0,0.0,0.0,0.10000000000000142,0,1,0,1
320,Issa,Diop,Diop,a,,,4.4,511,,0.1,516,,1.0,,,1,0,,-1,,193,82,0.2,0.9,1.0,0.5,,,,0.0,0.0,,,,,,,,,,,,,,,,,,,,,,,,,9,1,90,0,0,0,2,0,0,0,0,0,0,1,0,5,368,196,0.0,0.0,0.01,0.01,2.1399999999999997,12.600000000000001,0.5,0.0,1.2999999999999998,2,4,3,9
321,Jorge,Cuenca Barreno,J.Cuenca,a,,,4.4,521,,0.0,598,,1.0,,,0,0,,-1,,29,66,0.2,1.6,1.0,0.5,,,,0.0,0.0,,,,,,,,,,,,,,,,,,,,,,,,,9,0,0,0,0,0,0,0,0,0,0,0,0,0,0,0,332,133,0.0,0.0,0.0,0.0,0.0,0.0,0.0,0.0,0.0,0,0,0,0
322,Kenny,Tete,Tete,a,,,4.5,399,,0.1,408,,0.5,,,2,0,,0,,682,175,0.1,3.8,0.5,0.0,,,,100.0,100.0,,,,,,,,,,,,,,,,,,,,,,,,,9,2,90,0,0,0,2,0,0,0,1,0,0,1,0,8,1246,599,0.0,0.0,0.010000000000000009,0.010000000000000009,2.120000000000001,21.0,1.5,0.0,2.3000000000000007,4,6,4,14
323,Samuel,Amissah,Amissah,a,,,3.9,741,,0.1,407,,0.0,,,0,0,,-1,,58,170,0.0,0.0,0.0,-0.5,,,,0.0,0.0,,,,,,,,,,,,,,,,,,,,,,,,,9,0,0,0,0,0,0,0,0,0,0,0,0,0,0,0,281,403,0.0,0.0,0.0,0.0,0.0,0.0,0.0,0.0,0.0,0,0,0,0
324,Alex,Iwobi,Iwobi,a,,,6.5,53,,1.5,147,,2.2,,,1,0,,0,,6146,4841,0.3,5.4,2.2,1.7,,,,0.0,0.0,,,,,,,,,,,,,,,,,,,,,,,,,9,1,90,0,0,0,2,0,0,0,1,0,0,1,0,6,10125,12684,0.0,0.09999999999999998,0.010000000000000009,0.10999999999999988,2.120000000000001,0.8000000000000114,5.699999999999989,13.0,2.0,0,0,4,4
325,Emile,Smith Rowe,Smith Rowe,a,,,5.7,122,,0.5,243,,1.0,,,1,0,,-3,,561,1060,0.2,2.5,1.0,0.5,,,,0.0,0.0,,,,,,,,,,,,,,,,,,,,,,,,,9,1,45,0,0,0,1,0,0,0,0,0,0,1,0,5,933,2989,0.0,0.09999999999999998,0.03,0.13,0.9300000000000002,10.799999999999997,13.900000000000002,15.0,4.0,0,3,1,4
326,Adama,Traoré Diarra,Adama,a,,,5.2,219,,0.2,389,,1.5,,,2,0,,-3,,231,260,0.3,1.7,1.5,1.0,,,,0.0,0.0,,,,,,,,,,,,,,,,,,,,,,,,,9,2,75,0,0,0,1,0,0,0,0,0,0,1,0,13,427,617,0.0,0.06000000000000001,0.020000000000000018,0.08000000000000007,1.3199999999999998,1.4000000000000021,4.199999999999996,6.0,1.1999999999999993,1,1,3,5
327,Andreas,Hoelgebaum Pereira,Andreas,u,has joined Palmeiras permanently.,,5.3,199,,0.1,515,,0.0,,,0,0,,-2,,0,96,0.0,0.0,0.0,0.0,,,,0.0,0.0,,,,,,,,,,,,,,,,,,,,,,,,,9,0,0,0,0,0,0,0,0,0,0,0,0,0,0,0,0,260,0.0,0.0,0.0,0.0,0.0,0.0,0.0,0.0,0.0,0,0,0,0
328,Ryan,Sessegnon,Sessegnon,a,,,5.4,167,,0.1,444,,4.2,,,4,0,,-1,,2188,359,0.8,5.4,4.2,3.7,,,,100.0,100.0,,,,,,,,,,,,,,,,,,,,,,,,,9,4,90,0,0,0,2,0,0,0,0,0,0,1,0,14,3770,897,0.0,0.0,0.04999999999999993,0.04999999999999982,2.1400000000000006,15.999999999999986,13.299999999999997,0.0,2.8999999999999986,1,6,7,14
329,Harry,Wilson,Wilson,a,,,5.3,198,,0.4,281,,1.5,,,0,0,,-2,,649,1095,0.3,4.3,1.5,1.0,,,,100.0,100.0,,,,,,,,,,,,,,,,,,,,,,,,,9,0,0,0,0,0,0,0,0,0,0,0,0,0,0,0,1924,3227,0.0,0.0,0.0,0.0,0.0,0.0,0.0,0.0,0.0,0,0,0,0
330,Sander,Berge,Berge,a,,,4.9,305,,0.1,523,,2.0,,,2,0,,-1,,89,93,0.4,4.1,2.0,1.5,,,,0.0,0.0,,,,,,,,,,,,,,,,,,,,,,,,,9,2,90,0,0,0,2,0,0,0,0,0,0,1,0,15,273,262,0.0,0.040000000000000036,0.020000000000000018,0.06000000000000005,2.1400000000000006,14.0,12.700000000000003,9.0,3.5999999999999996,0,4,3,7
331,Tom,Cairney,Cairney,a,,,4.9,291,,0.0,629,,1.2,,,1,0,,-1,,8,33,0.2,1.4,1.2,0.5,,,,100.0,75.0,,,,,,,,,,,,,,,,,,,,,,,,,9,1,5,0,0,0,1,0,0,0,0,0,0,0,0,3,17,120,0.0,0.0,0.0,0.0,0.5100000000000002,0.19999999999999973,0.3000000000000007,0.0,0.10000000000000053,0,0,1,1
332,Saša,Lukić,Lukić,a,Suspended until 29 Nov,,5.0,258,,0.1,525,,3.5,,,9,0,,0,,568,102,0.7,5.4,3.5,2.2,,,,100.0,75.0,,,,,,,,,,,,,,,,,,,,,,,,,9,9,84,1,0,0,1,0,0,0,0,0,0,1,2,34,587,438,0.0,0.5300000000000001,0.07000000000000006,0.5999999999999999,1.63,41.8,27.5,35.0,10.399999999999999,3,2,3,8
333,Martial,Godo,Godo,u,has joined Strasbourg permanently.,,4.5,462,,0.0,621,,0.0,,,0,0,,0,,0,37,0.0,0.0,0.0,0.0,,,,0.0,0.0,,,,,,,,,,,,,,,,,,,,,,,,,9,0,0,0,0,0,0,0,0,0,0,0,0,0,0,0,0,101,0.0,0.0,0.0,0.0,0.0,0.0,0.0,0.0,0.0,0,0,0,0
334,Luke,Harris,Harris,u,Has joined Oxford United on loan for the rest of the season.,,4.5,443,,0.0,739,,0.0,,,0,0,,0,,0,4,0.0,0.0,0.0,0.0,,,,0.0,0.0,,,,,,,,,,,,,,,,,,,,,,,,,9,0,0,0,0,0,0,0,0,0,0,0,0,0,0,0,0,5,0.0,0.0,0.0,0.0,0.0,0.0,0.0,0.0,0.0,0,0,0,0
335,Josh,King,King,a,,,4.5,469,,4.0,85,,1.8,,,1,0,,0,,7738,10655,0.4,3.3,1.8,1.3,,,,0.0,0.0,,,,,,,,,,,,,,,,,,,,,,,,,9,1,14,0,0,0,1,0,0,0,0,0,0,0,0,3,28927,32224,0.0,0.0,0.0,0.0,0.8200000000000003,4.399999999999999,0.0,0.0,0.40000000000000213,2,0,1,3
336,Harrison,Reed,Reed,a,,,4.4,502,,0.2,333,,0.0,,,0,0,,-1,,113,514,0.0,0.0,0.0,-0.5,,,,0.0,0.0,,,,,,,,,,,,,,,,,,,,,,,,,9,0,0,0,0,0,0,0,0,0,0,0,0,0,0,0,424,1436,0.0,0.0,0.0,0.0,0.0,0.0,0.0,0.0,0.0,0,0,0,0
337,Raúl,Jiménez Rodríguez,Raúl,a,,,6.2,79,,0.8,193,,3.2,,,5,0,,-3,,4507,1021,0.5,3.1,3.2,2.7,,,,100.0,100.0,,,,,,,,,,,,,,,,,,,,,,,,,9,5,90,0,1,0,2,0,0,0,0,0,0,1,0,15,7577,3219,0.0,0.71,0.030000000000000002,0.74,2.14,10.200000000000003,4.1,72.0,8.600000000000001,2,0,3,5
338,Rodrigo,Muniz Carvalho,Muniz,d,Hamstring injury - 50% chance of playing,,5.4,175,,1.1,170,,0.0,,,0,0,,-1,,89,4658,0.0,2.8,0.0,0.0,,,,50.0,0.0,,,,,,,,,,,,,,,,,,,,,,,,,9,0,0,0,0,0,0,0,0,0,0,0,0,0,0,0,261,15005,0.0,0.0,0.0,0.0,0.0,0.0,0.0,0.0,0.0,0,0,0,0
664,Benjamin,Lecomte,Lecomte,a,,,4.0,620,,0.6,211,,0.0,,,0,0,,0,,52,391,0.0,0.0,0.0,-0.5,,,,0.0,0.0,,,,,,,,,,,,,,,,,,,,,,,,,9,0,0,0,0,0,0,0,0,0,0,0,0,0,0,0,280,979,0.0,0.0,0.0,0.0,0.0,0.0,0.0,0.0,0.0,0,0,0,0
727,Samuel,Chukwueze,Chukwueze,i,Calf injury - Unknown return date,,5.4,173,,0.0,660,,1.2,,,0,0,,-1,,6,133,0.2,0.9,0.0,0.0,,,,0.0,0.0,,,,,,,,,,,,,,,,,,,,,,,,,9,0,0,0,0,0,0,0,0,0,0,0,0,0,0,0,18,344,0.0,0.0,0.0,0.0,0.0,0.0,0.0,0.0,0.0,0,0,0,0
731,Kevin,Santos Lopes de Macedo,Kevin,a,,,6.0,91,,0.1,541,,1.0,,,1,0,,0,,235,319,0.2,0.8,1.0,0.5,,,,100.0,100.0,,,,,,,,,,,,,,,,,,,,,,,,,9,1,45,0,0,0,1,0,0,0,0,0,0,0,0,6,370,895,0.0,0.0,0.06999999999999999,0.07,1.1999999999999997,10.200000000000003,20.6,8.0,3.9000000000000004,2,1,5,8
737,Jonah,Kusi-Asare,Kusi-Asare,a,,,4.5,486,,0.1,546,,0.2,,,1,0,,0,,229,206,0.0,0.2,0.2,-0.3,,,,0.0,0.0,,,,,,,,,,,,,,,,,,,,,,,,,9,1,1,0,0,0,0,0,0,0,0,0,0,0,0,2,549,594,0.0,0.0,0.0,0.0,0.02,0.0,0.0,0.0,0.0,0,0,0,0
339,Illan,Meslier,Meslier,a,,,4.3,593,,0.4,261,,0.0,,,0,0,,-2,,83,539,0.0,0.0,-0.5,-0.5,,,,0.0,0.0,,,,,,,,,,,,,,,,,,,,,,,,,9,0,0,0,0,0,0,0,0,0,0,0,0,0,0,0,228,1438,0.0,0.0,0.0,0.0,0.0,0.0,0.0,0.0,0.0,0,0,0,0
340,Alex,Cairns,Cairns,a,,,4.0,621,,0.2,384,,0.0,,,0,0,,0,,40,127,0.0,0.0,-0.5,-0.5,,,,0.0,0.0,,,,,,,,,,,,,,,,,,,,,,,,,9,0,0,0,0,0,0,0,0,0,0,0,0,0,0,0,90,459,0.0,0.0,0.0,0.0,0.0,0.0,0.0,0.0,0.0,0,0,0,0
341,Karl,Darlow,Darlow,a,,,4.0,614,,2.4,118,,1.0,,,0,0,,0,,787,2871,0.2,2.5,0.5,0.5,,,,0.0,0.0,,,,,,,,,,,,,,,,,,,,,,,,,9,0,0,0,0,0,0,0,0,0,0,0,0,0,0,0,3919,9461,0.0,0.0,0.0,0.0,0.0,0.0,0.0,0.0,0.0,0,0,0,0
342,Jayden,Bogle,Bogle,a,,,4.5,410,,0.2,345,,2.2,,,2,0,,0,,479,437,0.5,5.8,1.7,1.7,,,,100.0,100.0,,,,,,,,,,,,,,,,,,,,,,,,,9,2,90,0,0,0,1,0,0,0,0,0,0,1,0,16,2016,1848,0.0,0.030000000000000027,0.16999999999999998,0.20000000000000007,0.6500000000000004,23.200000000000003,14.5,17.0,5.5,5,4,3,12
343,Pascal,Struijk,Struijk,a,,,4.5,408,,0.3,292,,1.0,,,0,0,,0,,155,1162,0.2,5.3,0.5,0.4,,,,100.0,75.0,,,,,,,,,,,,,,,,,,,,,,,,,9,0,0,0,0,0,0,0,0,0,0,0,0,0,0,0,277,5806,0.0,0.0,0.0,0.0,0.0,0.0,0.0,0.0,0.0,0,0,0,0
344,Jaka,Bijol,Bijol,a,,,3.9,712,,0.1,426,,1.0,,,4,0,,-1,,666,137,0.3,1.0,0.5,0.5,,,,100.0,100.0,,,,,,,,,,,,,,,,,,,,,,,,,9,4,90,0,0,0,1,0,0,0,0,0,0,1,0,18,893,668,0.0,0.0,0.0,0.0,0.65,24.8,10.2,0.0,3.5,2,12,5,19
345,Sebastiaan,Bornauw,Bornauw,a,Knee injury - 75% chance of playing,,3.9,714,,0.1,510,,0.0,,,0,0,,-1,,52,80,0.0,0.0,-0.5,-0.5,,,,100.0,100.0,,,,,,,,,,,,,,,,,,,,,,,,,9,0,0,0,0,0,0,0,0,0,0,0,0,0,0,0,121,345,0.0,0.0,0.0,0.0,0.0,0.0,0.0,0.0,0.0,0,0,0,0
346,Sam,Byram,Byram,a,,,3.9,703,,0.2,330,,0.0,,,0,0,,-1,,81,409,0.0,0.3,-0.5,-0.5,,,,0.0,0.0,,,,,,,,,,,,,,,,,,,,,,,,,9,0,0,0,0,0,0,0,0,0,0,0,0,0,0,0,297,1355,0.0,0.0,0.0,0.0,0.0,0.0,0.0,0.0,0.0,0,0,0,0
347,Gabriel,Gudmundsson,Gudmundsson,d,Knock - 75% chance of playing,,4.0,641,,5.2,70,,1.0,,,1,0,,0,,729,17158,0.2,6.2,0.4,0.5,,,,75.0,100.0,,,,,,,,,,,,,,,,,,,,,,,,,9,1,43,0,0,0,0,0,0,0,0,0,0,1,0,7,10539,34791,0.0,0.0,0.10999999999999999,0.10999999999999988,0.09999999999999964,9.0,14.199999999999989,2.0,2.5,0,4,0,4
348,Joe,Rodon,Rodon,a,,,4.1,612,,6.1,61,,5.5,,,13,0,,1,,34886,2887,1.3,10.7,5.0,5.0,,,,100.0,100.0,,,,,,,,,,,,,,,,,,,,,,,,,9,13,90,1,0,0,1,0,0,0,0,0,0,1,3,35,66228,19802,0.0,0.25000000000000006,0.0,0.25,0.6500000000000004,61.599999999999994,10.099999999999998,33.0,10.500000000000004,1,10,4,15
349,Isaac,Schmidt,Schmidt,u,has joined Werder Bremen on loan for the rest of the season.,,4.0,669,,0.1,493,,0.0,,,0,0,,0,,0,92,0.0,0.0,0.0,0.0,,,,0.0,0.0,,,,,,,,,,,,,,,,,,,,,,,,,9,0,0,0,0,0,0,0,0,0,0,0,0,0,0,0,0,291,0.0,0.0,0.0,0.0,0.0,0.0,0.0,0.0,0.0,0,0,0,0
350,Brenden,Aaronson,Aaronson,a,,,5.4,176,,0.1,431,,5.5,,,11,0,,-1,,4459,358,1.0,5.9,5.0,5.0,,,,0.0,0.0,,,,,,,,,,,,,,,,,,,,,,,,,9,11,86,1,0,1,0,0,0,0,0,0,0,1,3,35,5754,1619,0.0,0.5700000000000001,0.26,0.8300000000000001,0.5800000000000001,53.0,32.5,40.0,12.600000000000001,3,2,4,9
351,Wilfried,Gnonto,Gnonto,d,Calf injury - 50% chance of playing,,5.2,227,,0.1,485,,0.0,,,0,0,,-3,,8,185,0.0,1.2,-0.2,-0.2,,,,50.0,50.0,,,,,,,,,,,,,,,,,,,,,,,,,9,0,0,0,0,0,0,0,0,0,0,0,0,0,0,0,17,531,0.0,0.0,0.0,0.0,0.0,0.0,0.0,0.0,0.0,0,0,0,0
352,Jack,Harrison,Harrison,a,,,5.2,221,,0.1,526,,1.2,,,1,0,,-3,,92,182,0.2,1.7,0.7,0.7,,,,0.0,0.0,,,,,,,,,,,,,,,,,,,,,,,,,9,1,45,0,0,0,1,0,0,0,0,0,0,0,0,7,500,518,0.0,0.08000000000000002,0.009999999999999981,0.08999999999999997,0.3099999999999996,7.800000000000001,2.8999999999999986,9.0,1.9999999999999991,1,1,1,3
353,Daniel,James,James,a,,,5.3,202,,0.1,416,,0.5,,,1,0,,-2,,112,186,0.1,1.7,0.0,0.0,,,,100.0,100.0,,,,,,,,,,,,,,,,,,,,,,,,,9,1,3,0,0,0,1,0,0,0,0,0,0,0,0,3,557,510,0.0,0.0,0.0,0.0,0.06999999999999984,0.0,0.0,0.0,0.0,0,0,0,0
354,Ethan,Ampadu,Ampadu,a,,,4.9,301,,0.1,521,,2.5,,,4,0,,-1,,155,146,0.5,4.3,2.0,1.5,,,,100.0,75.0,,,,,,,,,,,,,,,,,,,,,,,,,9,4,90,0,0,0,1,0,0,0,0,0,0,1,0,12,218,824,0.0,0.22999999999999998,0.009999999999999981,0.24000000000000005,0.6500000000000004,15.599999999999994,15.099999999999994,6.0,3.6999999999999993,2,7,5,14
355,Sam,Greenwood,Greenwood,u,has joined Pogon Szczecin permanently.,,4.9,317,,0.0,602,,0.0,,,0,0,,-1,,0,40,0.0,0.0,0.0,0.0,,,,0.0,0.0,,,,,,,,,,,,,,,,,,,,,,,,,9,0,0,0,0,0,0,0,0,0,0,0,0,0,0,0,0,103,0.0,0.0,0.0,0.0,0.0,0.0,0.0,0.0,0.0,0,0,0,0
356,Ilia,Gruev,Gruev,a,,,4.8,373,,0.0,605,,0.0,,,0,0,,-2,,28,51,0.0,1.5,-0.5,-0.5,,,,0.0,0.0,,,,,,,,,,,,,,,,,,,,,,,,,9,0,18,0,0,0,1,0,0,0,1,0,0,0,0,2,70,140,0.0,0.0,0.0,0.0,0.21999999999999975,0.3999999999999986,0.3000000000000007,0.0,0.10000000000000009,1,0,2,3
357,Largie,Ramazani,Ramazani,u,has joined Valencia on loan for the rest of the season.,,4.9,323,,0.0,667,,0.0,,,0,0,,-1,,0,11,0.0,0.0,0.0,0.0,,,,0.0,0.0,,,,,,,,,,,,,,,,,,,,,,,,,9,0,0,0,0,0,0,0,0,0,0,0,0,0,0,0,0,33,0.0,0.0,0.0,0.0,0.0,0.0,0.0,0.0,0.0,0,0,0,0
358,Tanaka,Ao,Tanaka,a,,,4.8,370,,0.1,442,,1.5,,,3,0,,-2,,262,191,0.3,2.3,1.0,1.0,,,,100.0,100.0,,,,,,,,,,,,,,,,,,,,,,,,,9,3,71,0,0,1,0,0,0,0,0,0,0,1,0,3,444,529,0.0,0.07,0.010000000000000009,0.08000000000000002,0.4299999999999997,0.0,0.8999999999999986,1.0,0.0,0,1,2,3
359,Charlie,Crew,Crew,u,Has joined Doncaster Rovers on loan for the rest of the season.,,4.5,448,,0.0,726,,0.0,,,0,0,,0,,0,3,0.0,0.0,0.0,0.0,,,,0.0,0.0,,,,,,,,,,,,,,,,,,,,,,,,,9,0,0,0,0,0,0,0,0,0,0,0,0,0,0,0,0,8,0.0,0.0,0.0,0.0,0.0,0.0,0.0,0.0,0.0,0,0,0,0
360,Joe,Gelhardt,Gelhardt,u,Has joined Hull City on loan for the rest of the season.,,4.5,430,,0.0,698,,0.0,,,0,0,,0,,0,15,0.0,0.0,0.0,0.0,,,,0.0,0.0,,,,,,,,,,,,,,,,,,,,,,,,,9,0,0,0,0,0,0,0,0,0,0,0,0,0,0,0,0,33,0.0,0.0,0.0,0.0,0.0,0.0,0.0,0.0,0.0,0,0,0,0
361,Darko,Gyabi,Gyabi,u,has joined Hull City permanently.,,4.5,431,,0.0,613,,0.0,,,0,0,,0,,0,40,0.0,0.0,0.0,0.0,,,,0.0,0.0,,,,,,,,,,,,,,,,,,,,,,,,,9,0,0,0,0,0,0,0,0,0,0,0,0,0,0,0,0,126,0.0,0.0,0.0,0.0,0.0,0.0,0.0,0.0,0.0,0,0,0,0
362,Joël,Piroe,Piroe,a,,,5.1,239,,0.4,254,,0.5,,,0,0,,-4,,382,1145,0.1,1.0,0.0,0.0,,,,100.0,100.0,,,,,,,,,,,,,,,,,,,,,,,,,9,0,0,0,0,0,0,0,0,0,0,0,0,0,0,0,1004,3577,0.0,0.0,0.0,0.0,0.0,0.0,0.0,0.0,0.0,0,0,0,0
363,Patrick,Bamford,Bamford,u,has departed the club as a free agent.,,4.9,292,,0.4,253,,0.0,,,0,0,,-1,,0,782,0.0,0.0,0.0,0.0,,,,0.0,0.0,,,,,,,,,,,,,,,,,,,,,,,,,9,0,0,0,0,0,0,0,0,0,0,0,0,0,0,0,0,2059,0.0,0.0,0.0,0.0,0.0,0.0,0.0,0.0,0.0,0,0,0,0
364,Mateo,Joseph Fernández-Regatillo,Mateo Joseph,u,Has joined RCD Mallorca on loan for the rest of the season.,,5.0,286,,0.0,690,,0.0,,,0,0,,0,,0,10,0.0,0.0,0.0,0.0,,,,0.0,0.0,,,,,,,,,,,,,,,,,,,,,,,,,9,0,0,0,0,0,0,0,0,0,0,0,0,0,0,0,0,17,0.0,0.0,0.0,0.0,0.0,0.0,0.0,0.0,0.0,0,0,0,0
365,Lukas,Nmecha,Nmecha,a,,,5.0,252,,0.7,202,,1.0,,,1,0,,0,,758,2308,0.2,2.8,0.5,0.5,,,,100.0,100.0,,,,,,,,,,,,,,,,,,,,,,,,,9,1,3,0,0,0,1,0,0,0,0,0,0,0,0,4,2261,6350,0.0,0.0,0.0,0.0,0.06999999999999984,0.0,0.3000000000000007,0.0,0.0,0,0,0,0
493,Sean,Longstaff,Longstaff,a,,,4.9,300,,1.1,173,,6.2,,,6,0,,-1,,11525,2136,1.3,7.3,5.7,5.7,,,,0.0,0.0,,,,,,,,,,,,,,,,,,,,,,,,,9,6,90,0,1,0,1,0,0,0,0,0,0,1,1,27,29316,8623,0.0,0.0,0.18000000000000005,0.17999999999999994,0.6499999999999995,32.400000000000006,15.800000000000011,0.0,4.799999999999997,4,2,4,10
660,Anton,Stach,Stach,a,,,5.1,241,,3.0,106,,1.5,,,0,0,,1,,968,16979,0.3,6.9,1.0,1.0,,,,0.0,0.0,,,,,,,,,,,,,,,,,,,,,,,,,9,0,0,0,0,0,0,0,0,0,0,0,0,0,0,0,10534,46824,0.0,0.0,0.0,0.0,0.0,0.0,0.0,0.0,0.0,0,0,0,0
665,Lucas Estella,Perri,Perri,a,,,4.5,404,,0.2,335,,0.2,,,1,0,,0,,373,188,0.0,2.9,-0.3,-0.3,,,,100.0,100.0,,,,,,,,,,,,,,,,,,,,,,,,,9,1,90,0,0,0,1,0,0,0,1,0,2,1,0,8,860,802,0.0,0.0,0.0,0.0,0.6499999999999999,22.400000000000002,0.0,0.0,2.1999999999999997,0,3,8,11
691,Dominic,Calvert-Lewin,Calvert-Lewin,a,,,5.5,141,,1.6,143,,2.0,,,2,0,,0,,2975,11006,0.4,4.0,1.5,1.5,,,,100.0,100.0,,,,,,,,,,,,,,,,,,,,,,,,,9,2,86,0,0,1,0,0,0,0,0,0,0,1,0,5,19169,29209,0.0,0.10000000000000009,0.020000000000000018,0.1200000000000001,0.5799999999999996,2.1999999999999957,12.099999999999994,6.0,2.0,1,1,1,3
698,Noah,Okafor,Okafor,a,,,5.5,147,,0.2,375,,3.5,,,4,0,,0,,1184,696,0.6,4.5,3.0,1.5,,,,100.0,50.0,,,,,,,,,,,,,,,,,,,,,,,,,9,4,45,0,1,0,0,0,0,0,0,0,0,1,0,10,1483,4625,0.0,0.20000000000000018,0.010000000000000009,0.20999999999999996,0.33999999999999986,2.0,0.8999999999999986,21.0,2.3999999999999986,0,0,2,2
706,James,Justin,Justin,a,,,4.0,633,,0.2,337,,0.2,,,0,0,,0,,178,406,0.0,0.8,-0.3,-0.3,,,,0.0,0.0,,,,,,,,,,,,,,,,,,,,,,,,,9,0,46,0,0,0,1,0,0,0,1,0,0,0,0,0,477,933,0.0,0.0,0.0,0.0,0.55,10.8,1.1,0.0,1.2000000000000002,1,7,4,12
741,Harry,Gray,Gray,a,,,4.5,475,,0.1,558,,0.0,,,0,0,,0,,573,197,0.0,0.0,-0.5,-0.5,,,,100.0,100.0,,,,,,,,,,,,,,,,,,,,,,,,,9,0,0,0,0,0,0,0,0,0,0,0,0,0,0,0,1232,564,0.0,0.0,0.0,0.0,0.0,0.0,0.0,0.0,0.0,0,0,0,0
366,Alisson,Becker,A.Becker,i,Muscle injury - Unknown return date,,5.4,160,,6.3,58,,0.5,,,0,0,,-1,,76,20955,0.1,3.7,0.0,0.0,,,,0.0,0.0,,,,,,,,,,,,,,,,,,,,,,,,,9,0,0,0,0,0,0,0,0,0,0,0,0,0,0,0,165,49187,0.0,0.0,0.0,0.0,0.0,0.0,0.0,0.0,0.0,0,0,0,0
367,Giorgi,Mamardashvili,Mamardashvili,a,,,4.3,595,,0.9,187,,1.2,,,2,0,,-2,,2231,2079,0.3,1.2,2.2,2.2,,,,0.0,0.0,,,,,,,,,,,,,,,,,,,,,,,,,9,2,90,0,0,0,3,0,0,0,0,0,5,1,0,11,10655,4815,0.0,0.0,0.0,0.0,2.75,38.400000000000006,0.0,0.0,3.8000000000000007,0,3,10,13
368,Ármin,Pécsi,Pécsi,a,,,3.9,739,,0.4,267,,0.0,,,0,0,,-1,,185,379,0.0,0.0,1.0,1.0,,,,0.0,0.0,,,,,,,,,,,,,,,,,,,,,,,,,9,0,0,0,0,0,0,0,0,0,0,0,0,0,0,0,630,1157,0.0,0.0,0.0,0.0,0.0,0.0,0.0,0.0,0.0,0,0,0,0
369,Freddie,Woodman,Woodman,a,,,3.9,704,,0.2,353,,0.0,,,0,0,,-1,,409,256,0.0,0.0,1.0,1.0,,,,0.0,0.0,,,,,,,,,,,,,,,,,,,,,,,,,9,0,0,0,0,0,0,0,0,0,0,0,0,0,0,0,1161,695,0.0,0.0,0.0,0.0,0.0,0.0,0.0,0.0,0.0,0,0,0,0
370,Jeremie,Frimpong,Frimpong,i,Hamstring injury - Unknown return date,,5.8,110,,6.0,64,,0.5,,,0,0,,-2,,68,29549,0.1,1.2,0.0,0.0,,,,0.0,0.0,,,,,,,,,,,,,,,,,,,,,,,,,9,0,0,0,0,0,0,0,0,0,0,0,0,0,0,0,192,82128,0.0,0.0,0.0,0.0,0.0,0.0,0.0,0.0,0.0,0,0,0,0
371,Milos,Kerkez,Kerkez,a,,,5.8,118,,3.8,90,,2.2,,,6,0,,-2,,2270,6051,0.4,3.4,3.2,3.2,,,,0.0,0.0,,,,,,,,,,,,,,,,,,,,,,,,,9,6,60,1,0,0,3,0,0,0,1,0,0,1,0,11,4743,22442,0.0,0.6,0.01999999999999999,0.62,2.37,41.79999999999998,7.0,35.0,8.399999999999999,1,3,1,5
372,Andrew,Robertson,Robertson,a,,,5.8,107,,1.0,184,,0.5,,,1,0,,-2,,554,962,0.1,0.5,1.5,1.5,,,,0.0,0.0,,,,,,,,,,,,,,,,,,,,,,,,,9,1,29,0,0,0,0,0,0,0,0,0,0,0,0,7,1386,2240,0.0,0.0,0.010000000000000009,0.010000000000000009,0.3899999999999999,6.400000000000006,1.0,2.0,0.8999999999999986,1,2,3,6
373,Virgil,van Dijk,Virgil,a,,,6.0,85,,25.7,13,,2.2,,,3,0,,0,,8881,58379,0.4,5.8,3.2,3.2,,,,0.0,0.0,,,,,,,,,,,,,,,,,,,,,,,,,9,3,90,0,0,0,3,0,0,0,0,0,0,1,0,7,32117,125509,0.0,0.0,0.03,0.029999999999999916,2.75,29.400000000000034,13.600000000000001,8.0,5.099999999999994,2,14,3,19
374,Ibrahima,Konaté,Konaté,a,,,5.4,169,,2.8,109,,2.5,,,3,0,,-1,,3689,5103,0.5,5.6,3.5,3.5,,,,100.0,100.0,,,,,,,,,,,,,,,,,,,,,,,,,9,3,90,0,0,0,3,0,0,0,0,0,0,1,0,8,12069,10922,0.0,0.0,0.010000000000000009,0.010000000000000009,2.749999999999999,25.400000000000006,11.800000000000004,4.0,4.100000000000001,4,6,2,12
375,Conor,Bradley,Bradley,a,,,5.0,276,,0.2,374,,1.8,,,4,0,,0,,819,411,0.4,1.8,2.8,2.8,,,,100.0,100.0,,,,,,,,,,,,,,,,,,,,,,,,,9,4,61,0,1,0,3,0,0,0,0,0,0,1,0,9,3985,946,0.0,0.0,0.01999999999999999,0.01999999999999999,2.37,13.800000000000004,3.1999999999999957,0.0,1.6999999999999993,2,3,3,8
376,Joe,Gomez,Gomez,a,,,4.9,299,,0.1,409,,0.2,,,1,0,,-1,,112,218,0.0,0.6,1.2,1.2,,,,100.0,100.0,,,,,,,,,,,,,,,,,,,,,,,,,9,1,7,0,0,0,0,0,0,0,0,0,0,0,0,2,214,418,0.0,0.13,0.07,0.2,0.21000000000000002,0.0,0.30000000000000004,6.0,0.5,0,0,0,0
377,Konstantinos,Tsimikas,Tsimikas,u,has joined AS Roma on loan for the rest of the season.,,4.8,363,,0.1,553,,0.0,,,0,0,,-2,,0,95,0.0,0.0,0.0,0.0,,,,0.0,0.0,,,,,,,,,,,,,,,,,,,,,,,,,9,0,0,0,0,0,0,0,0,0,0,0,0,0,0,0,0,193,0.0,0.0,0.0,0.0,0.0,0.0,0.0,0.0,0.0,0,0,0,0
378,Amara,Nallo,Nallo,a,,,3.8,746,,0.2,365,,0.0,,,0,-1,,-2,,4058,381,0.0,0.0,1.0,1.0,,,,0.0,0.0,,,,,,,,,,,,,,,,,,,,,,,,,9,0,0,0,0,0,0,0,0,0,0,0,0,0,0,0,4106,633,0.0,0.0,0.0,0.0,0.0,0.0,0.0,0.0,0.0,0,0,0,0
379,Rhys,Williams,R.Williams,a,,,3.9,708,,0.2,369,,0.0,,,0,0,,-1,,51,220,0.0,0.0,1.0,1.0,,,,0.0,0.0,,,,,,,,,,,,,,,,,,,,,,,,,9,0,0,0,0,0,0,0,0,0,0,0,0,0,0,0,131,533,0.0,0.0,0.0,0.0,0.0,0.0,0.0,0.0,0.0,0,0,0,0
380,Calvin,Ramsay,Ramsay,a,,,3.9,720,,0.2,352,,0.0,,,0,0,,-1,,52,238,0.0,0.0,1.0,1.0,,,,0.0,0.0,,,,,,,,,,,,,,,,,,,,,,,,,9,0,0,0,0,0,0,0,0,0,0,0,0,0,0,0,165,597,0.0,0.0,0.0,0.0,0.0,0.0,0.0,0.0,0.0,0,0,0,0
381,Mohamed,Salah,M.Salah,a,,,14.3,2,,27.9,10,,3.0,,,6,0,,-2,,3137,127242,0.2,2.9,4.0,4.0,,,,0.0,0.0,,,,,,,,,,,,,,,,,,,,,,,,,9,6,90,1,0,0,3,0,0,0,1,0,0,1,0,15,9805,541089,0.0,0.6800000000000002,0.06000000000000005,0.7399999999999998,2.75,34.80000000000001,15.5,57.0,10.699999999999996,0,1,1,2
382,Florian,Wirtz,Wirtz,a,,,8.1,15,,7.9,49,,1.5,,,2,0,,-4,,3686,17515,0.2,2.0,2.5,2.5,,,,0.0,0.0,,,,,,,,,,,,,,,,,,,,,,,,,9,2,82,0,0,0,3,0,0,0,0,0,0,1,0,11,19839,43147,0.0,0.17999999999999994,0.13000000000000012,0.31000000000000005,2.54,6.199999999999989,18.099999999999994,8.0,3.200000000000003,1,1,4,6
383,Luis,Díaz Marulanda,Luis Díaz,u,Has joined Bayern Munch permanently.,,8.0,16,,0.0,575,,0.0,,,0,0,,0,,0,14,0.0,0.0,0.0,0.0,,,,0.0,0.0,,,,,,,,,,,,,,,,,,,,,,,,,9,0,0,0,0,0,0,0,0,0,0,0,0,0,0,0,0,30,0.0,0.0,0.0,0.0,0.0,0.0,0.0,0.0,0.0,0,0,0,0
384,Cody,Gakpo,Gakpo,a,,,7.6,22,,15.0,27,,4.2,,,2,1,,1,,42197,38507,0.6,5.5,5.2,5.2,,,,0.0,0.0,,,,,,,,,,,,,,,,,,,,,,,,,9,2,60,0,0,0,3,0,0,0,0,0,0,1,0,14,275415,56302,0.0,0.040000000000000036,0.48,0.5199999999999996,2.370000000000001,3.5999999999999943,33.099999999999966,3.0,4.0,0,0,1,1
385,Federico,Chiesa,Chiesa,a,,,6.4,64,,0.3,286,,2.5,,,1,0,,-1,,723,1115,0.4,3.0,3.5,3.5,,,,100.0,100.0,,,,,,,,,,,,,,,,,,,,,,,,,9,1,29,0,0,0,0,0,0,0,0,0,0,0,0,6,2106,1780,0.0,0.08000000000000007,0.010000000000000009,0.08999999999999997,0.3899999999999999,6.599999999999994,1.0,9.0,1.6999999999999993,2,1,1,4
386,Alexis,Mac Allister,Mac Allister,a,,,6.3,72,,1.2,162,,1.8,,,1,0,,-2,,839,2786,0.3,2.9,2.8,2.8,,,,100.0,100.0,,,,,,,,,,,,,,,,,,,,,,,,,9,1,28,0,0,0,0,0,0,0,0,0,0,0,0,5,2129,5580,0.0,0.16999999999999998,0.05999999999999997,0.2300000000000001,0.3899999999999997,9.999999999999993,19.0,5.0,3.3999999999999986,1,2,2,5
387,Dominik,Szoboszlai,Szoboszlai,a,,,6.5,56,,3.9,88,,5.0,,,10,0,,0,,18321,5472,0.8,6.3,6.0,6.0,,,,0.0,0.0,,,,,,,,,,,,,,,,,,,,,,,,,9,10,90,0,1,0,3,0,0,0,0,0,0,1,3,37,38491,17360,0.0,0.030000000000000027,0.22999999999999998,0.26,2.75,59.400000000000006,43.0,13.0,11.5,6,6,10,22
388,Curtis,Jones,C.Jones,d,Knock - 75% chance of playing,,5.4,171,,0.1,495,,1.2,,,2,0,,-1,,232,281,0.2,2.4,1.7,2.2,,,,75.0,100.0,,,,,,,,,,,,,,,,,,,,,,,,,9,2,69,0,0,0,3,0,0,0,0,0,0,1,0,20,833,478,0.0,0.03999999999999998,0.04999999999999993,0.09000000000000008,2.54,15.399999999999999,6.799999999999997,9.0,3.1000000000000014,1,1,9,11
390,Ryan,Gravenberch,Gravenberch,d,Ankle injury - 75% chance of playing,,5.6,133,,4.8,77,,3.0,,,0,-1,,1,,1219,59567,0.5,7.0,3.0,3.0,,,,75.0,75.0,,,,,,,,,,,,,,,,,,,,,,,,,9,0,0,0,0,0,0,0,0,0,0,0,0,0,0,0,3129,149374,0.0,0.0,0.0,0.0,0.0,0.0,0.0,0.0,0.0,0,0,0,0
392,Endo,Wataru,Endo,a,,,4.9,296,,0.1,476,,0.2,,,0,0,,-1,,83,117,0.0,1.2,1.2,1.2,,,,100.0,100.0,,,,,,,,,,,,,,,,,,,,,,,,,9,0,0,0,0,0,0,0,0,0,0,0,0,0,0,0,195,236,0.0,0.0,0.0,0.0,0.0,0.0,0.0,0.0,0.0,0,0,0,0
393,Stefan,Bajčetić Maquieira,Bajcetic,i,Hamstring injury - Unknown return date,,4.3,600,,0.0,592,,0.0,,,0,-1,,-2,,238,112,0.0,0.0,0.0,0.0,,,,0.0,0.0,,,,,,,,,,,,,,,,,,,,,,,,,9,0,0,0,0,0,0,0,0,0,0,0,0,0,0,0,253,213,0.0,0.0,0.0,0.0,0.0,0.0,0.0,0.0,0.0,0,0,0,0
394,James,McConnell,McConnell,u,has joined Ajax on loan for the rest of the season.,,4.4,540,,0.0,638,,0.0,,,0,0,,-1,,0,32,0.0,0.0,0.0,0.0,,,,0.0,0.0,,,,,,,,,,,,,,,,,,,,,,,,,9,0,0,0,0,0,0,0,0,0,0,0,0,0,0,0,0,70,0.0,0.0,0.0,0.0,0.0,0.0,0.0,0.0,0.0,0,0,0,0
395,Tyler,Morton,Morton,u,Has joined Lyon permanently.,,4.5,421,,0.0,735,,0.0,,,0,0,,0,,0,1,0.0,0.0,0.0,0.0,,,,0.0,0.0,,,,,,,,,,,,,,,,,,,,,,,,,9,0,0,0,0,0,0,0,0,0,0,0,0,0,0,0,0,2,0.0,0.0,0.0,0.0,0.0,0.0,0.0,0.0,0.0,0,0,0,0
396,Trey,Nyoni,Nyoni,a,,,4.3,603,,0.5,230,,0.0,,,0,0,,-2,,6890,1912,0.0,0.0,1.0,1.0,,,,0.0,0.0,,,,,,,,,,,,,,,,,,,,,,,,,9,0,0,0,0,0,0,0,0,0,0,0,0,0,0,0,19228,4322,0.0,0.0,0.0,0.0,0.0,0.0,0.0,0.0,0.0,0,0,0,0
397,Darwin,Núñez Ribeiro,Darwin,u,Has joined Al-Hilal permanently.,,6.5,58,,0.1,520,,0.0,,,0,0,,0,,0,21,0.0,0.0,0.0,0.0,,,,0.0,0.0,,,,,,,,,,,,,,,,,,,,,,,,,9,0,0,0,0,0,0,0,0,0,0,0,0,0,0,0,0,45,0.0,0.0,0.0,0.0,0.0,0.0,0.0,0.0,0.0,0,0,0,0
398,Jayden,Danns,Danns,i,Hamstring injury - Unknown return date,,4.4,545,,0.1,420,,0.0,,,0,0,,-1,,28,324,0.0,0.0,0.0,0.0,,,,0.0,0.0,,,,,,,,,,,,,,,,,,,,,,,,,9,0,0,0,0,0,0,0,0,0,0,0,0,0,0,0,73,734,0.0,0.0,0.0,0.0,0.0,0.0,0.0,0.0,0.0,0,0,0,0
499,Alexander,Isak,Isak,d,Groin Injury - 75% chance of playing,,10.5,3,,7.0,56,,2.2,,,0,0,,0,,808,79476,0.2,1.0,2.4,2.4,,,,75.0,75.0,,,,,,,,,,,,,,,,,,,,,,,,,9,0,0,0,0,0,0,0,0,0,0,0,0,0,0,0,1982,307904,0.0,0.0,0.0,0.0,0.0,0.0,0.0,0.0,0.0,0,0,0,0
661,Hugo,Ekitiké,Ekitiké,a,,,8.6,8,,16.8,23,,1.0,,,2,0,,1,,39703,48668,0.1,4.2,2.0,2.0,,,,100.0,100.0,,,,,,,,,,,,,,,,,,,,,,,,,9,2,90,0,0,0,3,0,0,0,0,0,0,1,0,0,219716,89787,0.0,0.3500000000000001,0.010000000000000009,0.3599999999999999,2.75,3.1999999999999886,12.300000000000004,17.0,3.3000000000000007,0,4,1,5
686,Rio,Ngumoha,Ngumoha,a,,,4.5,482,,0.6,227,,0.5,,,1,0,,0,,753,2122,0.1,2.0,1.5,1.5,,,,0.0,0.0,,,,,,,,,,,,,,,,,,,,,,,,,9,1,20,0,0,0,0,0,0,0,0,0,0,0,0,2,1697,5261,0.0,0.0,0.009999999999999995,0.010000000000000009,0.20999999999999996,1.0,10.799999999999999,2.0,1.4000000000000004,0,0,0,0
692,Giovanni,Leoni,Leoni,i,Knee injury - Expected back 01 Sep,,4.9,353,,0.0,675,,0.0,,,0,0,,-1,,6,17,0.0,0.0,0.0,0.0,,,,0.0,0.0,,,,,,,,,,,,,,,,,,,,,,,,,9,0,0,0,0,0,0,0,0,0,0,0,0,0,0,0,15,38,0.0,0.0,0.0,0.0,0.0,0.0,0.0,0.0,0.0,0,0,0,0
746,Kieran,Morrison,Morrison,a,,,4.5,474,,0.0,746,,0.0,,,0,0,,0,,17,0,0.0,0.0,2.2,2.2,,,,0.0,0.0,,,,,,,,,,,,,,,,,,,,,,,,,9,0,0,0,0,0,0,0,0,0,0,0,0,0,0,0,0,0,0.0,0.0,0.0,0.0,0.0,0.0,0.0,0.0,0.0,0,0,0,0
182,James,Trafford,Trafford,a,,,4.7,382,,1.2,163,,0.0,,,0,0,,-3,,94,1708,0.0,2.3,0.5,0.5,,,,0.0,0.0,,,,,,,,,,,,,,,,,,,,,,,,,9,0,0,0,0,0,0,0,0,0,0,0,0,0,0,0,207,3970,0.0,0.0,0.0,0.0,0.0,0.0,0.0,0.0,0.0,0,0,0,0
399,Ederson,Santana de Moraes,Ederson M.,u,has joined Fenerbache permanently.,,5.3,197,,1.0,181,,0.0,,,0,0,,-2,,0,967,0.0,0.0,0.0,0.0,,,,0.0,0.0,,,,,,,,,,,,,,,,,,,,,,,,,9,0,0,0,0,0,0,0,0,0,0,0,0,0,0,0,0,2150,0.0,0.0,0.0,0.0,0.0,0.0,0.0,0.0,0.0,0,0,0,0
400,Stefan,Ortega Moreno,Ortega Moreno,a,,,4.8,355,,0.2,378,,0.0,,,0,0,,-2,,36,123,0.0,0.0,0.5,0.5,,,,0.0,0.0,,,,,,,,,,,,,,,,,,,,,,,,,9,0,0,0,0,0,0,0,0,0,0,0,0,0,0,0,78,285,0.0,0.0,0.0,0.0,0.0,0.0,0.0,0.0,0.0,0,0,0,0
401,Marcus,Bettinelli,Bettinelli,a,,,4.0,626,,0.1,445,,0.0,,,0,0,,0,,32,69,0.0,0.0,0.5,0.5,,,,100.0,100.0,,,,,,,,,,,,,,,,,,,,,,,,,9,0,0,0,0,0,0,0,0,0,0,0,0,0,0,0,84,202,0.0,0.0,0.0,0.0,0.0,0.0,0.0,0.0,0.0,0,0,0,0
402,Rayan,Aït-Nouri,Aït-Nouri,a,,,5.8,112,,5.0,73,,0.0,,,0,0,,-2,,1411,4848,0.0,1.7,0.5,0.5,,,,100.0,100.0,,,,,,,,,,,,,,,,,,,,,,,,,9,0,0,0,0,0,0,0,0,0,0,0,0,0,0,0,3011,14506,0.0,0.0,0.0,0.0,0.0,0.0,0.0,0.0,0.0,0,0,0,0
403,Joško,Gvardiol,Gvardiol,a,,,5.9,104,,5.7,66,,4.0,,,2,0,,-1,,7531,9649,0.7,4.4,4.5,4.5,,,,100.0,100.0,,,,,,,,,,,,,,,,,,,,,,,,,9,2,90,0,0,0,1,0,0,0,0,0,0,1,0,6,18287,45950,0.0,0.07,0.05000000000000002,0.12,0.8099999999999996,4.599999999999994,5.299999999999997,10.0,2.0,1,2,5,8
404,Manuel,Akanji,Akanji,u,has joined Inter Milan on loan for the rest of the season.,,5.4,172,,0.3,309,,0.0,,,0,0,,-1,,0,287,0.0,0.0,0.0,0.0,,,,0.0,0.0,,,,,,,,,,,,,,,,,,,,,,,,,9,0,0,0,0,0,0,0,0,0,0,0,0,0,0,0,0,575,0.0,0.0,0.0,0.0,0.0,0.0,0.0,0.0,0.0,0,0,0,0
405,Nathan,Aké,Aké,a,,,5.4,164,,0.7,208,,1.8,,,0,0,,-1,,427,819,0.3,1.9,2.3,2.3,,,,0.0,0.0,,,,,,,,,,,,,,,,,,,,,,,,,9,0,0,0,0,0,0,0,0,0,0,0,0,0,0,0,924,1418,0.0,0.0,0.0,0.0,0.0,0.0,0.0,0.0,0.0,0,0,0,0
406,Abdukodir,Khusanov,Khusanov,i,Ankle injury - Unknown return date,,5.4,196,,0.3,320,,0.0,,,0,0,,-1,,26,610,0.0,2.0,0.0,0.0,,,,0.0,0.0,,,,,,,,,,,,,,,,,,,,,,,,,9,0,0,0,0,0,0,0,0,0,0,0,0,0,0,0,50,1212,0.0,0.0,0.0,0.0,0.0,0.0,0.0,0.0,0.0,0,0,0,0
407,Matheus,Nunes,Matheus N.,a,,,5.3,209,,0.8,194,,6.5,,,2,0,,-2,,6930,1490,1.2,5.7,7.0,7.0,,,,0.0,0.0,,,,,,,,,,,,,,,,,,,,,,,,,9,2,90,0,0,0,1,0,0,0,0,0,0,1,0,16,19236,3234,0.0,0.03,0.03999999999999998,0.07000000000000006,0.8100000000000005,17.19999999999999,8.400000000000006,1.0,2.6999999999999993,2,5,5,12
408,Rúben,dos Santos Gato Alves Dias,Rúben,a,,,5.5,140,,4.5,80,,5.2,,,4,0,,0,,6600,3997,0.9,6.7,5.7,5.7,,,,0.0,0.0,,,,,,,,,,,,,,,,,,,,,,,,,9,4,90,0,0,0,1,0,0,0,0,0,0,1,0,14,17872,10233,0.0,0.13,0.020000000000000018,0.15000000000000002,0.8099999999999996,39.599999999999994,13.3,10.0,6.300000000000001,0,12,2,14
409,John,Stones,Stones,a,,,5.5,136,,0.7,199,,0.5,,,2,0,,0,,494,727,0.1,2.0,1.0,1.0,,,,100.0,100.0,,,,,,,,,,,,,,,,,,,,,,,,,9,2,60,0,0,0,1,0,0,0,0,0,0,1,0,3,1019,1960,0.0,0.0,0.019999999999999997,0.019999999999999997,0.54,15.799999999999997,13.5,0.0,2.8999999999999995,0,3,2,5
410,Rico,Lewis,Lewis,a,,,4.9,336,,1.8,136,,0.5,,,0,0,,-1,,334,3991,0.1,3.1,1.0,1.0,,,,100.0,100.0,,,,,,,,,,,,,,,,,,,,,,,,,9,0,0,0,0,0,0,0,0,0,0,0,0,0,0,0,1014,10319,0.0,0.0,0.0,0.0,0.0,0.0,0.0,0.0,0.0,0,0,0,0
411,Nico,O'Reilly,O’Reilly,a,,,4.9,335,,1.1,172,,4.8,,,1,0,,-1,,4770,3227,1.0,6.5,5.3,5.3,,,,100.0,100.0,,,,,,,,,,,,,,,,,,,,,,,,,9,1,29,0,0,0,0,0,0,0,0,0,0,0,0,1,24988,6460,0.0,0.13,0.07,0.19999999999999996,0.27000000000000046,8.599999999999994,11.099999999999994,17.0,3.6999999999999993,3,1,1,5
412,Vitor,de Oliveira Nunes dos Reis,Vitor Reis,u,Has joined Girona on loan for the rest of the season.,,5.0,290,,0.0,722,,0.0,,,0,0,,0,,0,0,0.0,0.0,0.0,0.0,,,,0.0,0.0,,,,,,,,,,,,,,,,,,,,,,,,,9,0,0,0,0,0,0,0,0,0,0,0,0,0,0,0,0,2,0.0,0.0,0.0,0.0,0.0,0.0,0.0,0.0,0.0,0,0,0,0
413,Omar,Marmoush,Marmoush,a,,,8.3,11,,2.6,115,,0.2,,,1,0,,-2,,1782,2299,0.0,1.2,0.7,0.7,,,,100.0,100.0,,,,,,,,,,,,,,,,,,,,,,,,,9,1,6,0,0,0,0,0,0,0,0,0,0,0,0,2,3877,4299,0.0,0.0,0.0,0.0,0.0,0.0,0.29999999999999716,0.0,0.0,0,0,0,0
414,Phil,Foden,Foden,a,,,8.1,12,,5.1,71,,2.0,,,1,0,,1,,2653,28924,0.2,3.0,2.5,2.5,,,,100.0,100.0,,,,,,,,,,,,,,,,,,,,,,,,,9,1,90,0,0,0,1,0,0,0,1,0,0,1,0,20,9072,96363,0.0,0.27,0.30000000000000004,0.5700000000000001,0.8100000000000005,22.799999999999997,98.89999999999998,16.0,13.799999999999997,2,0,4,6
415,Sávio,Moreira de Oliveira,Savinho,a,,,6.9,44,,0.5,237,,3.0,,,1,0,,-1,,935,815,0.4,2.0,3.5,3.5,,,,100.0,100.0,,,,,,,,,,,,,,,,,,,,,,,,,9,1,83,0,0,0,1,0,0,0,1,0,0,1,0,1,3567,1572,0.0,0.07,0.10000000000000003,0.17000000000000004,0.8099999999999996,5.599999999999994,9.899999999999999,17.0,3.3000000000000007,2,1,5,8
416,Bernardo,Mota Veiga de Carvalho e Silva,Bernardo,a,,,6.3,70,,0.6,226,,1.2,,,2,0,,-2,,667,1072,0.2,2.9,1.7,1.7,,,,0.0,0.0,,,,,,,,,,,,,,,,,,,,,,,,,9,2,60,0,0,0,1,0,0,0,0,0,0,1,0,12,1823,3252,0.0,0.0,0.1299999999999999,0.13000000000000012,0.54,3.4000000000000057,14.800000000000011,4.0,2.1999999999999993,0,2,4,6
417,Rayan,Cherki,Cherki,a,,,6.3,74,,2.0,128,,0.5,,,1,0,,-2,,1186,1826,0.1,1.4,1.0,1.0,,,,100.0,100.0,,,,,,,,,,,,,,,,,,,,,,,,,9,1,14,0,0,0,0,0,0,0,0,0,0,0,0,6,3434,3841,0.0,0.07,0.050000000000000044,0.12,0.0,4.800000000000004,15.299999999999997,2.0,2.200000000000001,0,0,0,0
418,Jérémy,Doku,Doku,a,,,6.6,52,,6.3,59,,3.2,,,1,0,,1,,3946,46043,0.5,4.7,3.7,3.7,,,,0.0,0.0,,,,,,,,,,,,,,,,,,,,,,,,,9,1,29,0,0,0,0,0,0,0,0,0,0,0,0,6,13063,134344,0.0,0.0,0.24,0.23999999999999977,0.2699999999999996,6.799999999999997,16.799999999999983,2.0,2.6000000000000014,0,1,2,3
420,İlkay,Gündoğan,Gündoğan,u,has joined Galatasaray permanently.,,6.3,69,,0.1,517,,0.0,,,0,0,,-2,,0,64,0.0,0.0,0.0,0.0,,,,0.0,0.0,,,,,,,,,,,,,,,,,,,,,,,,,9,0,0,0,0,0,0,0,0,0,0,0,0,0,0,0,0,110,0.0,0.0,0.0,0.0,0.0,0.0,0.0,0.0,0.0,0,0,0,0
421,Rodrigo 'Rodri',Hernandez Cascante,Rodrigo,i,Muscle injury - Unknown return date,,6.3,71,,0.5,240,,0.2,,,0,0,,-2,,16,1518,0.0,1.7,0.0,0.0,,,,0.0,0.0,,,,,,,,,,,,,,,,,,,,,,,,,9,0,0,0,0,0,0,0,0,0,0,0,0,0,0,0,25,3252,0.0,0.0,0.0,0.0,0.0,0.0,0.0,0.0,0.0,0,0,0,0
422,Mateo,Kovačić,Kovačić,a,Ankle injury - Unknown return date,,5.9,94,,0.0,631,,0.2,,,0,0,,-1,,114,87,0.0,0.2,0.7,0.7,,,,100.0,100.0,,,,,,,,,,,,,,,,,,,,,,,,,9,0,0,0,0,0,0,0,0,0,0,0,0,0,0,0,230,173,0.0,0.0,0.0,0.0,0.0,0.0,0.0,0.0,0.0,0,0,0,0
423,Nico,González Iglesias,N.Gonzalez,a,,,5.9,102,,0.1,492,,2.5,,,0,0,,-1,,27,343,0.4,2.7,3.0,2.2,,,,100.0,75.0,,,,,,,,,,,,,,,,,,,,,,,,,9,0,29,0,0,0,0,0,0,0,1,0,0,0,0,3,59,681,0.0,0.12,0.020000000000000018,0.14,0.2699999999999996,4.3999999999999915,3.299999999999997,7.0,1.5,2,1,3,6
424,Oscar,Bobb,Bobb,a,,,5.4,185,,0.3,312,,1.8,,,2,0,,-1,,310,754,0.3,3.3,2.3,2.3,,,,0.0,0.0,,,,,,,,,,,,,,,,,,,,,,,,,9,2,60,0,0,0,1,0,0,0,0,0,0,1,0,8,801,2386,0.0,0.0,0.020000000000000018,0.020000000000000018,0.54,7.599999999999994,12.299999999999983,2.0,2.1999999999999993,2,2,2,6
425,Claudio,Echeverri,Echeverri,u,Has joined Bayer Leverkusen on loan for the rest of the season.,,5.4,195,,0.0,692,,0.0,,,0,0,,-1,,0,10,0.0,0.0,0.0,0.0,,,,0.0,0.0,,,,,,,,,,,,,,,,,,,,,,,,,9,0,0,0,0,0,0,0,0,0,0,0,0,0,0,0,0,22,0.0,0.0,0.0,0.0,0.0,0.0,0.0,0.0,0.0,0,0,0,0
427,Tijjani,Reijnders,Reijnders,a,,,5.6,129,,27.6,11,,1.8,,,1,-1,,1,,7411,123205,0.3,5.9,2.3,2.3,,,,0.0,0.0,,,,,,,,,,,,,,,,,,,,,,,,,9,1,75,0,0,0,1,0,0,0,1,0,0,1,0,-1,23035,398023,0.0,0.07000000000000006,0.029999999999999916,0.09999999999999987,0.8099999999999987,0.0,4.300000000000011,5.0,0.3999999999999986,0,1,2,3
428,Sverre,Nypan,Nypan,u,Has joined Middlesbrough on loan for the rest of the season.,,5.0,287,,0.0,684,,0.0,,,0,0,,0,,0,9,0.0,0.0,0.0,0.0,,,,0.0,0.0,,,,,,,,,,,,,,,,,,,,,,,,,9,0,0,0,0,0,0,0,0,0,0,0,0,0,0,0,0,25,0.0,0.0,0.0,0.0,0.0,0.0,0.0,0.0,0.0,0,0,0,0
429,Kalvin,Phillips,Phillips,a,,,4.8,358,,0.1,530,,0.0,,,0,0,,-2,,55,89,0.0,0.0,0.5,0.5,,,,0.0,0.0,,,,,,,,,,,,,,,,,,,,,,,,,9,0,0,0,0,0,0,0,0,0,0,0,0,0,0,0,98,164,0.0,0.0,0.0,0.0,0.0,0.0,0.0,0.0,0.0,0,0,0,0
430,Erling,Haaland,Haaland,a,,,14.7,1,,68.3,1,,9.8,,,2,0,,7,,75440,4270,0.7,5.8,10.3,10.3,,,,100.0,100.0,,,,,,,,,,,,,,,,,,,,,,,,,9,2,90,0,0,0,1,0,0,0,0,0,0,1,0,9,252534,8850,0.0,0.23000000000000043,0.010000000000000009,0.23999999999999844,0.8100000000000005,15.199999999999989,2.6000000000000014,53.0,7.099999999999994,0,3,0,3
736,Gianluigi,Donnarumma,Donnarumma,a,,,5.7,121,,10.4,39,,4.0,,,2,0,,2,,17239,12147,0.7,4.0,4.5,4.5,,,,0.0,0.0,,,,,,,,,,,,,,,,,,,,,,,,,9,2,90,0,0,0,1,0,0,0,0,0,2,1,0,10,49621,25492,0.0,0.0,0.0,0.0,0.8100000000000005,18.800000000000004,0.0,0.0,1.8999999999999995,0,1,7,8
739,Divine,Mukasa,Mukasa,a,,,4.5,472,,0.0,670,,0.0,,,0,0,,0,,41,51,0.0,0.0,0.5,0.5,,,,0.0,0.0,,,,,,,,,,,,,,,,,,,,,,,,,9,0,0,0,0,0,0,0,0,0,0,0,0,0,0,0,74,96,0.0,0.0,0.0,0.0,0.0,0.0,0.0,0.0,0.0,0,0,0,0
740,Stephen,Mfuni,Mfuni,a,,,4.0,686,,0.0,633,,0.0,,,0,0,,0,,55,53,0.0,0.0,0.5,0.5,,,,0.0,0.0,,,,,,,,,,,,,,,,,,,,,,,,,9,0,0,0,0,0,0,0,0,0,0,0,0,0,0,0,111,103,0.0,0.0,0.0,0.0,0.0,0.0,0.0,0.0,0.0,0,0,0,0
742,Ryan,McAidoo,McAidoo,a,,,4.5,483,,0.0,712,,0.0,,,0,0,,0,,26,35,0.0,0.0,0.5,0.5,,,,0.0,0.0,,,,,,,,,,,,,,,,,,,,,,,,,9,0,0,0,0,0,0,0,0,0,0,0,0,0,0,0,67,57,0.0,0.0,0.0,0.0,0.0,0.0,0.0,0.0,0.0,0,0,0,0
119,Bryan,Mbeumo,Mbeumo,a,,,8.1,14,,18.9,19,,8.0,,,15,1,,1,,430066,4122,1.0,6.3,8.0,8.0,,,,0.0,0.0,,,,,,,,,,,,,,,,,,,,,,,,,9,15,90,2,0,0,2,0,0,0,0,0,0,1,3,65,564761,19895,0.0,0.56,0.24,0.7999999999999998,1.120000000000001,81.0,36.60000000000002,53.0,17.099999999999994,0,0,7,7
431,Altay,Bayındır,Bayindir,a,,,4.9,329,,0.4,278,,0.5,,,0,0,,-1,,180,952,0.1,2.2,0.5,0.5,,,,0.0,0.0,,,,,,,,,,,,,,,,,,,,,,,,,9,0,0,0,0,0,0,0,0,0,0,0,0,0,0,0,392,2162,0.0,0.0,0.0,0.0,0.0,0.0,0.0,0.0,0.0,0,0,0,0
432,André,Onana,Onana,u,has joined Trabzonspor on loan for the rest of the season.,,4.9,302,,0.2,383,,0.0,,,0,0,,-1,,0,159,0.0,0.0,0.0,0.0,,,,0.0,0.0,,,,,,,,,,,,,,,,,,,,,,,,,9,0,0,0,0,0,0,0,0,0,0,0,0,0,0,0,0,298,0.0,0.0,0.0,0.0,0.0,0.0,0.0,0.0,0.0,0,0,0,0
433,Elyh,Harrison,Harrison,u,On loan to Shrewsbury Town,,4.0,692,,0.0,738,,0.0,,,0,0,,0,,0,2,0.0,0.0,0.0,0.0,,,,0.0,0.0,,,,,,,,,,,,,,,,,,,,,,,,,9,0,0,0,0,0,0,0,0,0,0,0,0,0,0,0,0,2,0.0,0.0,0.0,0.0,0.0,0.0,0.0,0.0,0.0,0,0,0,0
434,Tom,Heaton,Heaton,a,,,3.9,699,,0.3,325,,0.0,,,0,-1,,-1,,486,300,0.0,0.0,0.0,0.0,,,,0.0,0.0,,,,,,,,,,,,,,,,,,,,,,,,,9,0,0,0,0,0,0,0,0,0,0,0,0,0,0,0,580,633,0.0,0.0,0.0,0.0,0.0,0.0,0.0,0.0,0.0,0,0,0,0
436,Matthijs,de Ligt,De Ligt,a,,,5.0,256,,2.9,107,,3.5,,,1,0,,0,,9847,4574,0.7,5.8,3.5,3.5,,,,0.0,0.0,,,,,,,,,,,,,,,,,,,,,,,,,9,1,90,0,0,0,2,0,0,0,0,0,0,1,0,9,22063,8331,0.0,0.0,0.0,0.0,1.120000000000001,17.80000000000001,1.4000000000000057,0.0,1.8999999999999986,0,8,5,13
437,Lisandro,Martínez,Martinez,i,Knee injury - Unknown return date,,4.8,366,,0.1,511,,0.0,,,0,0,,-2,,26,113,0.0,0.0,0.0,0.0,,,,0.0,0.0,,,,,,,,,,,,,,,,,,,,,,,,,9,0,0,0,0,0,0,0,0,0,0,0,0,0,0,0,46,166,0.0,0.0,0.0,0.0,0.0,0.0,0.0,0.0,0.0,0,0,0,0
438,Noussair,Mazraoui,Mazraoui,a,,,4.9,315,,0.2,377,,0.0,,,0,0,,-1,,253,356,0.0,1.8,0.0,0.0,,,,100.0,100.0,,,,,,,,,,,,,,,,,,,,,,,,,9,0,0,0,0,0,0,0,0,0,0,0,0,0,0,0,521,567,0.0,0.0,0.0,0.0,0.0,0.0,0.0,0.0,0.0,0,0,0,0
439,Diego,León Blanco,D.Leon,a,,,4.3,607,,0.1,560,,0.0,,,0,0,,-2,,32,90,0.0,0.0,0.0,0.0,,,,0.0,0.0,,,,,,,,,,,,,,,,,,,,,,,,,9,0,0,0,0,0,0,0,0,0,0,0,0,0,0,0,71,179,0.0,0.0,0.0,0.0,0.0,0.0,0.0,0.0,0.0,0,0,0,0
440,Diogo,Dalot Teixeira,Dalot,a,,,4.4,510,,1.0,177,,3.8,,,1,0,,-1,,3091,1130,0.9,4.8,3.8,3.8,,,,100.0,100.0,,,,,,,,,,,,,,,,,,,,,,,,,9,1,90,0,0,0,2,0,0,0,0,0,0,1,0,4,11067,2630,0.0,0.03,0.07999999999999996,0.10999999999999999,1.1199999999999992,9.600000000000009,15.199999999999989,1.0,2.6000000000000014,2,2,4,8
441,Patrick,Dorgu,Dorgu,a,,,4.3,605,,3.5,96,,0.2,,,-1,-1,,-2,,655,17842,0.0,2.3,0.2,0.2,,,,0.0,0.0,,,,,,,,,,,,,,,,,,,,,,,,,9,-1,20,0,0,0,2,0,0,0,1,0,0,0,0,-7,2210,41872,0.0,0.0,0.0,0.0,0.5600000000000005,3.3999999999999915,0.7999999999999972,0.0,0.3999999999999986,2,0,1,3
442,Harry,Maguire,Maguire,d,Knock - 75% chance of playing,,4.4,494,,0.8,190,,3.2,,,0,0,,-1,,1693,4131,0.7,6.1,2.4,2.4,,,,75.0,75.0,,,,,,,,,,,,,,,,,,,,,,,,,9,0,0,0,0,0,0,0,0,0,0,0,0,0,0,0,11617,6921,0.0,0.0,0.0,0.0,0.0,0.0,0.0,0.0,0.0,0,0,0,0
443,Luke,Shaw,Shaw,a,,,4.5,396,,0.4,276,,4.5,,,9,0,,0,,4118,465,1.0,5.8,4.5,4.5,,,,0.0,0.0,,,,,,,,,,,,,,,,,,,,,,,,,9,9,64,0,1,1,0,0,0,0,0,0,0,1,0,31,7291,1199,0.0,0.0,0.0,0.0,0.5599999999999987,21.799999999999997,11.399999999999999,0.0,3.3000000000000007,1,1,2,4
444,Leny,Yoro,Yoro,a,,,4.5,452,,1.8,135,,2.2,,,1,0,,0,,1675,3939,0.5,4.9,2.2,2.2,,,,0.0,0.0,,,,,,,,,,,,,,,,,,,,,,,,,9,1,90,0,0,0,2,0,0,0,0,0,0,1,0,8,3210,8670,0.0,0.0,0.010000000000000002,0.010000000000000009,1.120000000000001,12.800000000000011,2.8000000000000007,0.0,1.5999999999999996,1,5,4,10
445,Harry,Amass,Amass,u,has joined Sheffield Wednesday on loan for the rest of the season.,,4.0,690,,0.1,487,,0.0,,,0,0,,0,,0,94,0.0,0.0,0.0,0.0,,,,0.0,0.0,,,,,,,,,,,,,,,,,,,,,,,,,9,0,0,0,0,0,0,0,0,0,0,0,0,0,0,0,0,249,0.0,0.0,0.0,0.0,0.0,0.0,0.0,0.0,0.0,0,0,0,0
446,Tyler,Fredricson,Fredricson,a,,,3.9,731,,0.1,429,,0.0,,,0,0,,-1,,28,185,0.0,0.0,0.0,0.0,,,,0.0,0.0,,,,,,,,,,,,,,,,,,,,,,,,,9,0,0,0,0,0,0,0,0,0,0,0,0,0,0,0,72,332,0.0,0.0,0.0,0.0,0.0,0.0,0.0,0.0,0.0,0,0,0,0
447,Ayden,Heaven,Heaven,a,,,3.9,742,,1.0,179,,0.8,,,3,0,,-1,,664,1419,0.2,1.0,0.8,0.8,,,,100.0,100.0,,,,,,,,,,,,,,,,,,,,,,,,,9,3,25,0,1,0,2,0,0,0,0,0,0,0,0,11,1158,4443,0.0,0.0,0.08,0.08,0.5599999999999999,26.6,10.3,0.0,3.6999999999999997,1,2,1,4
448,Tyrell,Malacia,Malacia,a,,,3.9,709,,0.3,285,,0.0,,,0,0,,-1,,110,545,0.0,0.0,0.0,0.0,,,,0.0,0.0,,,,,,,,,,,,,,,,,,,,,,,,,9,0,0,0,0,0,0,0,0,0,0,0,0,0,0,0,314,1244,0.0,0.0,0.0,0.0,0.0,0.0,0.0,0.0,0.0,0,0,0,0
449,Bruno,Borges Fernandes,B.Fernandes,a,,,8.9,7,,16.9,22,,3.5,,,4,0,,-1,,19718,38298,0.4,4.5,3.5,3.5,,,,0.0,0.0,,,,,,,,,,,,,,,,,,,,,,,,,9,4,90,0,0,0,2,0,0,0,0,0,0,1,0,27,76039,74998,0.0,0.37999999999999945,0.19000000000000017,0.5700000000000003,1.120000000000001,30.80000000000001,30.69999999999999,48.0,11.0,3,5,7,15
450,Matheus,Santos Carneiro da Cunha,Cunha,a,,,7.9,18,,3.9,87,,3.2,,,8,0,,-1,,27803,3437,0.4,2.4,3.2,3.2,,,,100.0,100.0,,,,,,,,,,,,,,,,,,,,,,,,,9,8,81,1,0,0,1,0,0,0,0,0,0,1,1,41,37844,12804,0.0,0.09000000000000008,0.29999999999999993,0.3900000000000001,0.7999999999999989,51.199999999999996,26.69999999999999,18.0,9.600000000000001,3,2,3,8
451,Marcus,Rashford,Rashford,u,Has joined Barcelona on loan for the rest of the season,,7.0,32,,0.0,669,,0.0,,,0,0,,0,,0,6,0.0,0.0,0.0,0.0,,,,0.0,0.0,,,,,,,,,,,,,,,,,,,,,,,,,9,0,0,0,0,0,0,0,0,0,0,0,0,0,0,0,0,21,0.0,0.0,0.0,0.0,0.0,0.0,0.0,0.0,0.0,0,0,0,0
452,Amad,Diallo,Amad,a,,,6.3,76,,1.3,158,,2.2,,,3,0,,-2,,3693,2944,0.3,3.2,2.2,2.2,,,,100.0,100.0,,,,,,,,,,,,,,,,,,,,,,,,,9,3,69,0,0,1,0,0,0,0,0,0,0,1,0,11,11244,5326,0.0,0.0,0.010000000000000009,0.010000000000000231,0.5599999999999996,2.200000000000003,5.599999999999994,8.0,1.6000000000000014,0,1,4,5
454,Antony,dos Santos,Antony,u,has joined Real Betis permanently.,,5.9,103,,0.1,531,,0.0,,,0,0,,-1,,0,38,0.0,0.0,0.0,0.0,,,,0.0,0.0,,,,,,,,,,,,,,,,,,,,,,,,,9,0,0,0,0,0,0,0,0,0,0,0,0,0,0,0,0,61,0.0,0.0,0.0,0.0,0.0,0.0,0.0,0.0,0.0,0,0,0,0
455,Mason,Mount,Mount,d,Knock - 75% chance of playing,,5.9,97,,0.3,313,,3.5,,,0,0,,-1,,158,2735,0.6,3.6,2.6,2.6,,,,75.0,75.0,,,,,,,,,,,,,,,,,,,,,,,,,9,0,0,0,0,0,0,0,0,0,0,0,0,0,0,0,2787,4378,0.0,0.0,0.0,0.0,0.0,0.0,0.0,0.0,0.0,0,0,0,0
457,Carlos Henrique,Casimiro,Casemiro,a,,,5.5,135,,0.3,317,,4.8,,,15,0,,0,,5277,530,0.9,5.5,4.8,4.8,,,,100.0,100.0,,,,,,,,,,,,,,,,,,,,,,,,,9,15,69,1,1,1,0,0,0,0,0,0,0,1,2,43,6364,1137,0.0,0.020000000000000018,0.020000000000000004,0.040000000000000036,0.5599999999999996,65.8,16.699999999999996,9.0,9.2,3,4,5,12
458,Kobbie,Mainoo,Mainoo,a,Knock - 75% chance of playing,,4.8,374,,0.5,239,,1.0,,,1,0,,-2,,447,1197,0.2,1.5,1.0,1.0,,,,0.0,0.0,,,,,,,,,,,,,,,,,,,,,,,,,9,1,20,0,0,0,2,0,0,0,0,0,0,0,0,3,971,2486,0.0,0.0,0.009999999999999995,0.010000000000000009,0.5599999999999996,5.599999999999998,12.100000000000001,2.0,2.0,1,1,2,4
459,Manuel,Ugarte Ribeiro,Ugarte,a,,,4.8,369,,0.1,398,,1.2,,,1,0,,-2,,235,435,0.3,2.5,1.2,1.2,,,,0.0,0.0,,,,,,,,,,,,,,,,,,,,,,,,,9,1,9,0,0,0,1,0,0,0,0,0,0,0,0,6,683,880,0.0,0.0,0.0,0.0,0.3199999999999994,5.600000000000001,0.8000000000000007,0.0,0.5999999999999996,2,1,2,5
460,Toby,Collyer,Collyer,u,Has joined West Bromwich Albion on loan for the rest of the season.,,4.5,434,,0.0,611,,0.0,,,0,0,,0,,0,38,0.0,0.0,0.0,0.0,,,,0.0,0.0,,,,,,,,,,,,,,,,,,,,,,,,,9,0,0,0,0,0,0,0,0,0,0,0,0,0,0,0,0,106,0.0,0.0,0.0,0.0,0.0,0.0,0.0,0.0,0.0,0,0,0,0
461,Jayce,Fitzgerald,Fitzgerald,a,,,4.4,564,,0.0,603,,0.0,,,0,0,,-1,,15,66,0.0,0.0,0.0,0.0,,,,0.0,0.0,,,,,,,,,,,,,,,,,,,,,,,,,9,0,0,0,0,0,0,0,0,0,0,0,0,0,0,0,41,119,0.0,0.0,0.0,0.0,0.0,0.0,0.0,0.0,0.0,0,0,0,0
462,Jack,Fletcher,J.Fletcher,a,,,4.4,559,,0.1,567,,0.0,,,0,0,,-1,,24,73,0.0,0.0,0.0,0.0,,,,0.0,0.0,,,,,,,,,,,,,,,,,,,,,,,,,9,0,0,0,0,0,0,0,0,0,0,0,0,0,0,0,63,175,0.0,0.0,0.0,0.0,0.0,0.0,0.0,0.0,0.0,0,0,0,0
463,Sékou,Koné,Kone,a,,,4.4,577,,0.1,496,,0.0,,,0,0,,-1,,68,146,0.0,0.0,0.0,0.0,,,,0.0,0.0,,,,,,,,,,,,,,,,,,,,,,,,,9,0,0,0,0,0,0,0,0,0,0,0,0,0,0,0,143,298,0.0,0.0,0.0,0.0,0.0,0.0,0.0,0.0,0.0,0,0,0,0
464,Jack,Moorhouse,Moorhouse,u,has joined Leyton Orient on loan for the rest of the season.,,4.5,457,,0.0,653,,0.0,,,0,0,,0,,0,28,0.0,0.0,0.0,0.0,,,,0.0,0.0,,,,,,,,,,,,,,,,,,,,,,,,,9,0,0,0,0,0,0,0,0,0,0,0,0,0,0,0,0,51,0.0,0.0,0.0,0.0,0.0,0.0,0.0,0.0,0.0,0,0,0,0
465,Rasmus,Højlund,Højlund,u,has joined Napoli on loan for the rest of the season.,,6.3,77,,0.3,315,,0.0,,,0,0,,-2,,0,201,0.0,0.0,0.0,0.0,,,,0.0,0.0,,,,,,,,,,,,,,,,,,,,,,,,,9,0,0,0,0,0,0,0,0,0,0,0,0,0,0,0,0,338,0.0,0.0,0.0,0.0,0.0,0.0,0.0,0.0,0.0,0,0,0,0
466,Joshua,Zirkzee,Zirkzee,a,,,5.8,114,,0.4,280,,0.5,,,1,0,,-2,,455,804,0.1,0.7,0.5,0.5,,,,100.0,100.0,,,,,,,,,,,,,,,,,,,,,,,,,9,1,8,0,0,0,1,0,0,0,0,0,0,0,0,3,869,1475,0.0,0.0,0.0,0.0,0.32000000000000006,5.199999999999999,1.1000000000000014,2.0,0.8000000000000007,2,0,0,2
467,Chido,Obi,Obi,a,,,4.3,604,,1.6,144,,0.0,,,0,0,,-2,,1433,4571,0.0,0.0,0.0,0.0,,,,0.0,0.0,,,,,,,,,,,,,,,,,,,,,,,,,9,0,0,0,0,0,0,0,0,0,0,0,0,0,0,0,9330,11872,0.0,0.0,0.0,0.0,0.0,0.0,0.0,0.0,0.0,0,0,0,0
468,Ethan,Wheatley,Wheatley,u,has joined Northampton Town on loan for the rest of the season.,,4.5,465,,0.1,468,,0.0,,,0,0,,0,,0,125,0.0,0.0,0.0,0.0,,,,0.0,0.0,,,,,,,,,,,,,,,,,,,,,,,,,9,0,0,0,0,0,0,0,0,0,0,0,0,0,0,0,0,310,0.0,0.0,0.0,0.0,0.0,0.0,0.0,0.0,0.0,0,0,0,0
681,Benjamin,Sesko,Šeško,a,Knee injury - 75% chance of playing,,7.3,29,,5.2,69,,5.5,,,4,0,,-2,,17732,11642,0.8,3.8,5.5,5.5,,,,0.0,0.0,,,,,,,,,,,,,,,,,,,,,,,,,9,4,81,0,1,0,1,0,0,0,1,0,0,1,0,10,33688,28174,0.0,0.20999999999999996,0.010000000000000009,0.21999999999999997,0.7999999999999998,16.799999999999997,13.899999999999991,11.0,4.200000000000003,0,1,3,4
733,Senne,Lammens,Lammens,a,,,5.0,270,,1.0,176,,3.5,,,2,0,,0,,15888,2146,0.7,2.8,3.5,3.5,,,,0.0,0.0,,,,,,,,,,,,,,,,,,,,,,,,,9,2,90,0,0,0,2,0,0,0,0,0,3,1,0,9,36142,3585,0.0,0.0,0.0,0.0,1.12,20.400000000000006,0.0,0.0,1.9999999999999991,0,0,13,13
52,Jacob,Ramsey,J.Ramsey,a,,,5.3,206,,0.2,350,,0.2,,,0,0,,-2,,241,294,0.0,0.6,0.7,0.7,,,,100.0,100.0,,,,,,,,,,,,,,,,,,,,,,,,,9,0,0,0,0,0,0,0,0,0,0,0,0,0,0,0,547,657,0.0,0.0,0.0,0.0,0.0,0.0,0.0,0.0,0.0,0,0,0,0
135,Yoane,Wissa,Wissa,i,Knee injury - Expected back 09 Nov,,7.4,26,,0.5,229,,0.0,,,0,0,,-1,,55,744,0.0,0.0,0.0,0.0,,,,0.0,0.0,,,,,,,,,,,,,,,,,,,,,,,,,9,0,0,0,0,0,0,0,0,0,0,0,0,0,0,0,119,1625,0.0,0.0,0.0,0.0,0.0,0.0,0.0,0.0,0.0,0,0,0,0
469,Nick,Pope,Pope,a,,,5.2,217,,12.1,35,,3.5,,,3,0,,2,,18218,10165,0.7,8.8,4.0,4.0,,,,0.0,0.0,,,,,,,,,,,,,,,,,,,,,,,,,9,3,90,0,0,0,1,0,0,0,0,0,4,1,0,14,81414,25120,0.0,0.0,0.0,0.0,1.5300000000000002,27.400000000000006,0.0,0.0,2.700000000000003,0,0,7,7
471,Mark,Gillespie,Gillespie,a,,,4.0,618,,0.1,414,,0.0,,,0,0,,0,,17,78,0.0,0.0,0.5,0.5,,,,0.0,0.0,,,,,,,,,,,,,,,,,,,,,,,,,9,0,0,0,0,0,0,0,0,0,0,0,0,0,0,0,73,249,0.0,0.0,0.0,0.0,0.0,0.0,0.0,0.0,0.0,0,0,0,0
472,Odysseas,Vlachodimos,Odysseas,u,Has joined Sevilla on loan for the rest of the season.,,4.0,624,,0.0,664,,0.0,,,0,0,,0,,0,10,0.0,0.0,0.0,0.0,,,,0.0,0.0,,,,,,,,,,,,,,,,,,,,,,,,,9,0,0,0,0,0,0,0,0,0,0,0,0,0,0,0,0,31,0.0,0.0,0.0,0.0,0.0,0.0,0.0,0.0,0.0,0,0,0,0
473,Lewis,Hall,Hall,i,Hamstring injury - Expected back 09 Nov,,5.2,226,,0.8,192,,0.0,,,0,-1,,-3,,22,3318,0.0,1.7,0.0,0.0,,,,0.0,0.0,,,,,,,,,,,,,,,,,,,,,,,,,9,0,0,0,0,0,0,0,0,0,0,0,0,0,0,0,51,8857,0.0,0.0,0.0,0.0,0.0,0.0,0.0,0.0,0.0,0,0,0,0
474,Fabian,Schär,Schär,a,,,5.4,161,,1.9,134,,0.2,,,1,0,,-1,,2127,3376,0.0,4.4,0.7,0.7,,,,100.0,100.0,,,,,,,,,,,,,,,,,,,,,,,,,9,1,29,0,0,0,0,0,0,0,0,0,0,0,0,8,4968,9783,0.0,0.0,0.009999999999999995,0.010000000000000009,0.17999999999999994,19.400000000000006,0.3000000000000007,0.0,2.0,1,7,2,10
475,Sven,Botman,Botman,a,,,4.9,312,,0.7,204,,3.0,,,2,0,,-1,,1083,1069,0.6,5.9,3.5,3.5,,,,0.0,0.0,,,,,,,,,,,,,,,,,,,,,,,,,9,2,60,0,0,0,1,0,0,0,0,0,0,1,0,3,7123,3003,0.0,0.0,0.0,0.0,1.3499999999999996,8.199999999999989,0.0,6.0,1.4000000000000021,0,4,1,5
476,Dan,Burn,Burn,a,Suspended until 29 Nov,,5.1,233,,10.8,37,,3.8,,,2,0,,1,,26251,12922,0.7,9.2,4.3,4.3,,,,0.0,0.0,,,,,,,,,,,,,,,,,,,,,,,,,9,2,90,0,0,0,1,0,0,0,0,0,0,1,0,1,110349,30582,0.0,0.0,0.010000000000000009,0.009999999999999981,1.5300000000000002,3.0,1.1000000000000014,4.0,0.8000000000000007,1,1,3,5
477,Tino,Livramento,Livramento,i,Knee injury - Expected back 22 Nov,,4.9,326,,3.6,92,,1.5,,,0,-1,,-1,,54,21984,0.3,7.6,0.0,0.0,,,,0.0,0.0,,,,,,,,,,,,,,,,,,,,,,,,,9,0,0,0,0,0,0,0,0,0,0,0,0,0,0,0,134,67782,0.0,0.0,0.0,0.0,0.0,0.0,0.0,0.0,0.0,0,0,0,0
478,Kieran,Trippier,Trippier,a,,,5.0,244,,2.7,111,,2.2,,,2,0,,0,,3843,3348,0.4,6.0,2.7,2.7,,,,100.0,100.0,,,,,,,,,,,,,,,,,,,,,,,,,9,2,90,0,0,0,1,0,0,0,0,0,0,1,0,19,17148,8969,0.0,0.0,0.26,0.26,1.5300000000000002,24.200000000000003,31.19999999999999,0.0,5.5,2,6,5,13
479,Emil,Krafth,Krafth,a,,,4.4,499,,0.0,581,,0.0,,,0,0,,-1,,24,55,0.0,0.0,0.5,0.5,,,,0.0,0.0,,,,,,,,,,,,,,,,,,,,,,,,,9,0,0,0,0,0,0,0,0,0,0,0,0,0,0,0,46,111,0.0,0.0,0.0,0.0,0.0,0.0,0.0,0.0,0.0,0,0,0,0
480,Jamaal,Lascelles,Lascelles,a,,,4.3,584,,0.1,538,,0.0,,,0,-1,,-2,,46,84,0.0,0.2,0.5,0.5,,,,0.0,0.0,,,,,,,,,,,,,,,,,,,,,,,,,9,0,0,0,0,0,0,0,0,0,0,0,0,0,0,0,90,194,0.0,0.0,0.0,0.0,0.0,0.0,0.0,0.0,0.0,0,0,0,0
481,Alex,Murphy,A.Murphy,a,,,3.9,730,,0.6,213,,0.0,,,0,0,,-1,,388,1019,0.0,0.0,0.5,0.5,,,,0.0,0.0,,,,,,,,,,,,,,,,,,,,,,,,,9,0,0,0,0,0,0,0,0,0,0,0,0,0,0,0,998,2379,0.0,0.0,0.0,0.0,0.0,0.0,0.0,0.0,0.0,0,0,0,0
482,Harrison,Ashby,Ashby,i,Thigh injury - Unknown return date,,3.9,715,,0.1,403,,0.0,,,0,0,,-1,,17,348,0.0,0.0,0.0,0.0,,,,0.0,0.0,,,,,,,,,,,,,,,,,,,,,,,,,9,0,0,0,0,0,0,0,0,0,0,0,0,0,0,0,49,872,0.0,0.0,0.0,0.0,0.0,0.0,0.0,0.0,0.0,0,0,0,0
483,Miodrag,Pivaš,Pivas,a,,,3.9,738,,0.2,344,,0.0,,,0,0,,-1,,66,312,0.0,0.0,0.5,0.5,,,,0.0,0.0,,,,,,,,,,,,,,,,,,,,,,,,,9,0,0,0,0,0,0,0,0,0,0,0,0,0,0,0,181,731,0.0,0.0,0.0,0.0,0.0,0.0,0.0,0.0,0.0,0,0,0,0
484,Matt,Targett,Targett,u,has joined Middlesbrough on loan for the rest of the season.,,4.0,630,,0.2,355,,0.0,,,0,0,,0,,0,307,0.0,0.0,0.0,0.0,,,,0.0,0.0,,,,,,,,,,,,,,,,,,,,,,,,,9,0,0,0,0,0,0,0,0,0,0,0,0,0,0,0,0,870,0.0,0.0,0.0,0.0,0.0,0.0,0.0,0.0,0.0,0,0,0,0
485,Anthony,Gordon,Gordon,a,Hip injury - 50% chance of playing,,7.5,23,,3.2,100,,2.5,,,2,0,,0,,10960,10438,0.3,1.5,3.0,3.0,,,,100.0,100.0,,,,,,,,,,,,,,,,,,,,,,,,,9,2,75,0,0,0,1,0,0,0,0,0,0,1,0,12,52905,24714,0.0,0.0,0.42000000000000004,0.41999999999999993,1.5299999999999998,3.3999999999999986,28.700000000000003,10.0,4.200000000000003,0,0,4,4
486,Anthony,Elanga,Elanga,a,,,6.8,46,,4.0,84,,1.5,,,1,0,,-2,,1132,12119,0.2,2.1,2.0,2.0,,,,0.0,0.0,,,,,,,,,,,,,,,,,,,,,,,,,9,1,14,0,0,0,0,0,0,0,0,0,0,0,0,5,3010,33861,0.0,0.17000000000000004,0.07000000000000003,0.2400000000000001,0.0,7.399999999999999,20.299999999999997,9.0,3.6999999999999993,0,1,0,1
487,Harvey,Barnes,Barnes,a,,,6.4,62,,0.4,265,,1.0,,,1,0,,-1,,660,1337,0.2,2.2,1.5,1.5,,,,0.0,0.0,,,,,,,,,,,,,,,,,,,,,,,,,9,1,29,0,0,0,0,0,0,0,0,0,0,0,0,6,3475,4278,0.0,0.0,0.050000000000000044,0.04999999999999982,0.18000000000000016,5.0000000000000036,16.799999999999997,8.0,3.0,0,0,0,0
488,Bruno,Guimarães Rodriguez Moura,Bruno G.,a,,,6.5,54,,2.7,113,,7.0,,,10,0,,0,,29779,2398,1.1,6.5,7.5,7.5,,,,0.0,0.0,,,,,,,,,,,,,,,,,,,,,,,,,9,10,90,1,0,0,1,0,0,0,0,0,0,1,3,39,44118,10161,0.0,0.7999999999999999,0.09999999999999998,0.8999999999999999,1.5300000000000002,46.0,46.900000000000006,25.0,11.799999999999997,3,0,6,9
489,Jacob,Murphy,J.Murphy,a,,,6.1,83,,0.9,186,,3.2,,,8,-1,,-4,,5024,1188,0.5,4.3,3.7,3.7,,,,0.0,0.0,,,,,,,,,,,,,,,,,,,,,,,,,9,8,60,1,0,0,1,0,0,0,0,0,0,1,1,30,7267,6250,0.0,0.49,0.030000000000000027,0.52,1.35,41.0,3.799999999999997,57.0,10.200000000000003,1,0,3,4
490,Joelinton Cássio,Apolinário de Lira,Joelinton,a,Leg injury - 75% chance of playing,,5.9,96,,0.3,307,,2.8,,,4,0,,-1,,745,587,0.5,3.1,3.3,3.3,,,,100.0,100.0,,,,,,,,,,,,,,,,,,,,,,,,,9,4,90,0,0,0,1,0,0,0,0,0,0,1,0,18,1841,1467,0.0,0.06999999999999995,0.030000000000000027,0.09999999999999998,1.5299999999999998,22.199999999999996,27.000000000000007,11.0,6.0,4,3,6,13
491,Sandro,Tonali,Tonali,a,,,5.4,177,,1.4,155,,3.0,,,1,0,,-1,,1550,5858,0.6,4.8,3.5,2.6,,,,100.0,75.0,,,,,,,,,,,,,,,,,,,,,,,,,9,1,29,0,0,0,0,0,0,0,0,0,0,0,0,7,5213,16353,0.0,0.08000000000000002,0.010000000000000009,0.09000000000000008,0.1800000000000006,8.599999999999994,1.8000000000000114,24.0,3.3999999999999986,0,1,2,3
492,Antoñito,Cordero Campillo,Antoñito C.,u,has joined KVC Westerlo on loan for the rest of the season.,,4.9,352,,0.0,642,,0.0,,,0,0,,-1,,0,26,0.0,0.0,0.0,0.0,,,,0.0,0.0,,,,,,,,,,,,,,,,,,,,,,,,,9,0,0,0,0,0,0,0,0,0,0,0,0,0,0,0,0,60,0.0,0.0,0.0,0.0,0.0,0.0,0.0,0.0,0.0,0,0,0,0
494,Joe,Willock,Willock,a,,,5.0,254,,0.1,536,,0.0,,,0,0,,0,,93,155,0.0,0.8,0.5,0.5,,,,100.0,100.0,,,,,,,,,,,,,,,,,,,,,,,,,9,0,0,0,0,0,0,0,0,0,0,0,0,0,0,0,261,310,0.0,0.0,0.0,0.0,0.0,0.0,0.0,0.0,0.0,0,0,0,0
495,Isaac,Hayden,Hayden,u,Has departed the club as a free agent.,,4.5,398,,0.0,707,,0.0,,,0,0,,0,,0,8,0.0,0.0,0.0,0.0,,,,0.0,0.0,,,,,,,,,,,,,,,,,,,,,,,,,9,0,0,0,0,0,0,0,0,0,0,0,0,0,0,0,0,21,0.0,0.0,0.0,0.0,0.0,0.0,0.0,0.0,0.0,0,0,0,0
496,Garang,Kuol,Kuol,u,has joined Sparta Prague permanently.,,4.4,565,,0.0,586,,0.0,,,0,0,,-1,,0,85,0.0,0.0,0.0,0.0,,,,0.0,0.0,,,,,,,,,,,,,,,,,,,,,,,,,9,0,0,0,0,0,0,0,0,0,0,0,0,0,0,0,0,184,0.0,0.0,0.0,0.0,0.0,0.0,0.0,0.0,0.0,0,0,0,0
497,Lewis,Miley,L.Miley,a,,,4.4,561,,2.1,126,,1.8,,,2,0,,-1,,3871,4029,0.4,3.0,2.3,2.3,,,,100.0,100.0,,,,,,,,,,,,,,,,,,,,,,,,,9,2,60,0,0,0,1,0,0,0,0,0,0,1,0,5,11312,10700,0.0,0.0,0.010000000000000009,0.009999999999999953,1.3499999999999999,0.20000000000000284,2.5,2.0,0.5,0,2,2,4
498,Joe,White,White,u,Has joined Leyton Orient on loan for the rest of the season.,,4.5,429,,0.0,713,,0.0,,,0,0,,0,,0,5,0.0,0.0,0.0,0.0,,,,0.0,0.0,,,,,,,,,,,,,,,,,,,,,,,,,9,0,0,0,0,0,0,0,0,0,0,0,0,0,0,0,0,12,0.0,0.0,0.0,0.0,0.0,0.0,0.0,0.0,0.0,0,0,0,0
500,William,Osula,Osula,a,Ankle injury - Unknown return date,,5.5,155,,0.3,303,,1.8,,,4,0,,0,,524,781,0.3,3.1,2.3,2.3,,,,0.0,0.0,,,,,,,,,,,,,,,,,,,,,,,,,9,4,4,0,1,0,0,0,0,0,0,0,0,0,0,13,1087,2440,0.0,0.13,0.0,0.13000000000000006,0.0,3.0,0.0,12.0,1.5,0,0,2,2
674,Aaron,Ramsdale,Ramsdale,a,,,4.8,368,,0.6,218,,0.0,,,0,0,,-2,,192,725,0.0,0.0,0.5,0.5,,,,0.0,0.0,,,,,,,,,,,,,,,,,,,,,,,,,9,0,0,0,0,0,0,0,0,0,0,0,0,0,0,0,443,1689,0.0,0.0,0.0,0.0,0.0,0.0,0.0,0.0,0.0,0,0,0,0
684,Malick,Thiaw,Thiaw,a,,,4.9,332,,0.4,266,,3.5,,,2,0,,-1,,1961,627,0.7,4.5,4.0,4.0,,,,0.0,0.0,,,,,,,,,,,,,,,,,,,,,,,,,9,2,90,0,0,0,1,0,0,0,0,0,0,1,0,14,10120,1863,0.0,0.040000000000000036,0.24000000000000002,0.28,1.5300000000000002,17.0,1.299999999999999,3.0,2.0999999999999996,2,5,6,13
689,Seung-Soo,Park,Seung soo,a,,,4.4,578,,0.3,322,,0.0,,,0,0,,-1,,284,685,0.0,0.0,0.5,0.5,,,,0.0,0.0,,,,,,,,,,,,,,,,,,,,,,,,,9,0,0,0,0,0,0,0,0,0,0,0,0,0,0,0,715,1498,0.0,0.0,0.0,0.0,0.0,0.0,0.0,0.0,0.0,0,0,0,0
714,Nick,Woltemade,Woltemade,a,,,7.5,24,,22.0,17,,5.8,,,2,1,,5,,126445,21407,0.8,4.5,6.3,6.3,,,,0.0,0.0,,,,,,,,,,,,,,,,,,,,,,,,,9,2,85,0,0,0,1,0,0,0,0,0,0,1,0,4,558843,35262,0.0,0.3899999999999997,0.009999999999999981,0.40000000000000036,1.5299999999999998,1.4000000000000057,12.200000000000003,15.0,2.8999999999999986,0,1,3,4
12,Oleksandr,Zinchenko,Zinchenko,d,Muscle injury - 50% chance of playing,,4.9,304,,0.3,321,,0.8,,,0,0,,-1,,26,915,0.2,1.0,0.4,0.4,,,,50.0,50.0,,,,,,,,,,,,,,,,,,,,,,,,,9,0,0,0,0,0,0,0,0,0,0,0,0,0,0,0,308,1744,0.0,0.0,0.0,0.0,0.0,0.0,0.0,0.0,0.0,0,0,0,0
426,James,McAtee,McAtee,a,,,5.2,225,,0.1,470,,0.2,,,0,0,,-3,,92,246,0.0,0.8,0.2,0.2,,,,0.0,0.0,,,,,,,,,,,,,,,,,,,,,,,,,9,0,0,0,0,0,0,0,0,0,0,0,0,0,0,0,217,652,0.0,0.0,0.0,0.0,0.0,0.0,0.0,0.0,0.0,0,0,0,0
502,Matz,Sels,Sels,a,,,4.8,354,,9.0,43,,2.2,,,2,0,,-2,,1000,18084,0.5,4.0,2.2,2.2,,,,0.0,0.0,,,,,,,,,,,,,,,,,,,,,,,,,9,2,90,0,0,0,2,0,0,0,0,0,3,1,0,3,3427,55403,0.0,0.0,0.01,0.01,0.5899999999999999,15.199999999999989,0.0,0.0,1.5,0,1,3,4
675,Angus,Gunn,Gunn,a,Knee injury - Unknown return date,,4.0,623,,1.5,149,,0.0,,,0,0,,0,,100,737,0.0,0.0,0.0,0.0,,,,0.0,0.0,,,,,,,,,,,,,,,,,,,,,,,,,9,0,0,0,0,0,0,0,0,0,0,0,0,0,0,0,257,2131,0.0,0.0,0.0,0.0,0.0,0.0,0.0,0.0,0.0,0,0,0,0
503,Carlos Miguel,dos Santos Pereira,C.Miguel,u,Has joined Palmeiras permanently.,,4.0,659,,0.1,486,,0.0,,,0,0,,0,,0,103,0.0,0.0,0.0,0.0,,,,0.0,0.0,,,,,,,,,,,,,,,,,,,,,,,,,9,0,0,0,0,0,0,0,0,0,0,0,0,0,0,0,0,270,0.0,0.0,0.0,0.0,0.0,0.0,0.0,0.0,0.0,0,0,0,0
504,Matt,Turner,Turner,u,Has joined Lyon permanently.,,4.0,637,,0.1,462,,0.0,,,0,0,,0,,0,92,0.0,0.0,0.0,0.0,,,,0.0,0.0,,,,,,,,,,,,,,,,,,,,,,,,,9,0,0,0,0,0,0,0,0,0,0,0,0,0,0,0,0,238,0.0,0.0,0.0,0.0,0.0,0.0,0.0,0.0,0.0,0,0,0,0
505,Nikola,Milenković,Milenković,a,,,5.3,205,,4.4,81,,1.5,,,1,0,,-2,,1004,9614,0.3,2.6,1.5,1.5,,,,0.0,0.0,,,,,,,,,,,,,,,,,,,,,,,,,9,1,90,0,0,0,2,0,0,0,0,0,0,1,0,4,3401,32426,0.0,0.0,0.0,0.0,0.5899999999999999,9.599999999999994,0.6999999999999993,0.0,1.0,0,4,3,7
506,Murillo,Costa dos Santos,Murillo,a,,,5.3,214,,2.1,127,,0.5,,,1,0,,-2,,790,2652,0.1,1.7,0.5,0.5,,,,100.0,100.0,,,,,,,,,,,,,,,,,,,,,,,,,9,1,90,0,0,0,2,0,0,0,0,0,0,1,0,8,2179,10025,0.0,0.0,0.0,0.0,0.5899999999999999,28.400000000000006,0.6000000000000014,0.0,2.9000000000000004,3,5,4,12
507,Ola,Aina,Aina,i,Hamstring injury - Expected back 13 Dec,,4.8,359,,2.8,110,,0.0,,,0,0,,-2,,13,7278,0.0,1.2,0.0,0.0,,,,0.0,0.0,,,,,,,,,,,,,,,,,,,,,,,,,9,0,0,0,0,0,0,0,0,0,0,0,0,0,0,0,45,21021,0.0,0.0,0.0,0.0,0.0,0.0,0.0,0.0,0.0,0,0,0,0
508,Neco,Williams,N.Williams,a,,,4.8,364,,3.8,89,,0.8,,,1,0,,-2,,893,7727,0.2,3.5,0.8,0.8,,,,0.0,0.0,,,,,,,,,,,,,,,,,,,,,,,,,9,1,90,0,0,0,2,0,0,0,0,0,0,1,0,13,3875,32884,0.0,0.08999999999999997,0.04999999999999999,0.14000000000000012,0.5899999999999999,16.400000000000006,5.799999999999997,10.0,3.1999999999999957,3,4,4,11
509,David,Mota Veiga Teixeira do Carmo,David Carmo,u,has joined Real Oviedo on loan for the rest of the season.,,4.5,425,,0.0,641,,0.0,,,0,0,,0,,0,20,0.0,0.0,0.0,0.0,,,,0.0,0.0,,,,,,,,,,,,,,,,,,,,,,,,,9,0,0,0,0,0,0,0,0,0,0,0,0,0,0,0,0,48,0.0,0.0,0.0,0.0,0.0,0.0,0.0,0.0,0.0,0,0,0,0
510,Jair,Paula da Cunha Filho,Jair Cunha,a,,,4.3,602,,0.1,544,,0.8,,,0,0,,-2,,47,62,0.2,0.7,0.8,0.8,,,,0.0,0.0,,,,,,,,,,,,,,,,,,,,,,,,,9,0,0,0,0,0,0,0,0,0,0,0,0,0,0,0,104,176,0.0,0.0,0.0,0.0,0.0,0.0,0.0,0.0,0.0,0,0,0,0
511,Felipe,Rodrigues da Silva,Morato,a,,,4.4,533,,0.1,501,,1.2,,,0,0,,-1,,50,144,0.3,1.6,1.2,1.2,,,,0.0,0.0,,,,,,,,,,,,,,,,,,,,,,,,,9,0,0,0,0,0,0,0,0,0,0,0,0,0,0,0,183,420,0.0,0.0,0.0,0.0,0.0,0.0,0.0,0.0,0.0,0,0,0,0
512,Omar,Richards,O.Richards,u,has joined Rio Ave on loan for the rest of the season.,,4.5,406,,0.0,645,,0.0,,,0,0,,0,,0,15,0.0,0.0,0.0,0.0,,,,0.0,0.0,,,,,,,,,,,,,,,,,,,,,,,,,9,0,0,0,0,0,0,0,0,0,0,0,0,0,0,0,0,42,0.0,0.0,0.0,0.0,0.0,0.0,0.0,0.0,0.0,0,0,0,0
513,Zach,Abbott,Abbott,a,,,3.9,733,,0.2,366,,0.0,,,0,0,,-1,,76,221,0.0,0.0,0.0,0.0,,,,0.0,0.0,,,,,,,,,,,,,,,,,,,,,,,,,9,0,0,0,0,0,0,0,0,0,0,0,0,0,0,0,223,527,0.0,0.0,0.0,0.0,0.0,0.0,0.0,0.0,0.0,0,0,0,0
514,Willy,Boly,Boly,a,,,3.9,701,,0.5,244,,0.0,,,0,0,,-1,,289,634,0.0,0.0,0.0,0.0,,,,0.0,0.0,,,,,,,,,,,,,,,,,,,,,,,,,9,0,0,0,0,0,0,0,0,0,0,0,0,0,0,0,778,1698,0.0,0.0,0.0,0.0,0.0,0.0,0.0,0.0,0.0,0,0,0,0
515,Morgan,Gibbs-White,Gibbs-White,a,,,7.3,28,,3.0,105,,2.2,,,2,0,,-2,,1568,7332,0.3,3.0,2.2,2.2,,,,0.0,0.0,,,,,,,,,,,,,,,,,,,,,,,,,9,2,88,0,0,0,2,0,0,0,0,0,0,1,0,9,5498,22733,0.0,0.10000000000000009,0.050000000000000044,0.15000000000000036,0.5899999999999999,4.200000000000003,18.0,12.0,3.3999999999999986,0,2,2,4
516,Callum,Hudson-Odoi,Hudson-Odoi,a,Dead leg - 25% chance of playing,,5.8,109,,0.8,191,,1.0,,,1,-1,,-2,,392,2455,0.2,3.4,1.0,1.0,,,,0.0,0.0,,,,,,,,,,,,,,,,,,,,,,,,,9,1,45,0,0,0,2,0,0,0,0,0,0,1,0,2,1169,8098,0.0,0.0,0.019999999999999907,0.020000000000000018,0.4800000000000004,1.7999999999999972,12.400000000000006,0.0,1.3999999999999986,0,1,3,4
517,Elliot,Anderson,Anderson,a,,,5.3,204,,3.2,99,,2.5,,,2,0,,-2,,1408,7372,0.5,5.3,2.5,2.5,,,,0.0,0.0,,,,,,,,,,,,,,,,,,,,,,,,,9,2,90,0,0,0,2,0,0,0,0,0,0,1,0,15,5781,25921,0.0,0.0,0.1399999999999999,0.14000000000000012,0.5899999999999999,16.0,26.80000000000001,0.0,4.299999999999997,3,1,7,11
518,João Pedro,Ferreira da Silva,Jota,u,has joined Besiktas on loan for the rest of the season.,,5.4,190,,0.0,582,,0.0,,,0,0,,-1,,0,51,0.0,0.2,0.0,0.0,,,,0.0,0.0,,,,,,,,,,,,,,,,,,,,,,,,,9,0,0,0,0,0,0,0,0,0,0,0,0,0,0,0,0,98,0.0,0.0,0.0,0.0,0.0,0.0,0.0,0.0,0.0,0,0,0,0
519,Nicolás,Domínguez,Dominguez,a,,,5.0,267,,0.0,699,,0.2,,,1,0,,0,,22,25,0.0,0.2,0.2,0.2,,,,100.0,100.0,,,,,,,,,,,,,,,,,,,,,,,,,9,1,7,0,0,0,0,0,0,0,0,0,0,0,0,6,43,66,0.0,0.0,0.019999999999999997,0.019999999999999997,0.0,4.6,11.100000000000001,0.0,1.6,1,0,0,1
520,Lewis,O'Brien,O'Brien,u,Has joined Wrexham permanently.,,5.0,265,,0.0,742,,0.0,,,0,0,,0,,0,0,0.0,0.0,0.0,0.0,,,,0.0,0.0,,,,,,,,,,,,,,,,,,,,,,,,,9,0,0,0,0,0,0,0,0,0,0,0,0,0,0,0,0,2,0.0,0.0,0.0,0.0,0.0,0.0,0.0,0.0,0.0,0,0,0,0
521,Ibrahim,Sangaré,Sangaré,a,,,4.9,308,,0.1,545,,0.2,,,0,0,,-1,,32,106,0.0,2.4,0.2,0.2,,,,0.0,0.0,,,,,,,,,,,,,,,,,,,,,,,,,9,0,0,0,0,0,0,0,0,0,0,0,0,0,0,0,111,272,0.0,0.0,0.0,0.0,0.0,0.0,0.0,0.0,0.0,0,0,0,0
522,Ryan,Yates,Yates,a,,,4.8,362,,0.1,502,,0.5,,,1,0,,-2,,44,132,0.1,1.0,0.5,0.5,,,,0.0,0.0,,,,,,,,,,,,,,,,,,,,,,,,,9,1,45,0,0,0,0,0,0,0,0,0,0,0,0,5,127,384,0.0,0.0,0.0,0.0,0.09999999999999987,3.0,2.7,0.0,0.6000000000000005,0,2,0,2
523,Eric,da Silva Moreira,Da Silva Moreira,u,has joined Rio Ave on loan for the rest of the season.,,4.5,461,,0.1,522,,0.0,,,0,0,,0,,0,89,0.0,0.0,0.0,0.0,,,,0.0,0.0,,,,,,,,,,,,,,,,,,,,,,,,,9,0,0,0,0,0,0,0,0,0,0,0,0,0,0,0,0,236,0.0,0.0,0.0,0.0,0.0,0.0,0.0,0.0,0.0,0,0,0,0
524,Marko,Stamenić,Stamenic,u,Has joined Swansea City permanently.,,4.5,439,,0.0,651,,0.0,,,0,0,,0,,0,24,0.0,0.0,0.0,0.0,,,,0.0,0.0,,,,,,,,,,,,,,,,,,,,,,,,,9,0,0,0,0,0,0,0,0,0,0,0,0,0,0,0,0,63,0.0,0.0,0.0,0.0,0.0,0.0,0.0,0.0,0.0,0,0,0,0
525,Chris,Wood,Wood,d,Knee injury - 50% chance of playing,,7.2,30,,7.8,50,,1.2,,,0,0,,-3,,232,50653,0.2,3.5,0.6,0.6,,,,50.0,50.0,,,,,,,,,,,,,,,,,,,,,,,,,9,0,0,0,0,0,0,0,0,0,0,0,0,0,0,0,2267,135764,0.0,0.0,0.0,0.0,0.0,0.0,0.0,0.0,0.0,0,0,0,0
526,Igor Jesus,Maciel da Cruz,Igor Jesus,a,,,5.8,116,,0.6,210,,1.0,,,1,0,,-2,,1748,1957,0.2,1.4,1.0,1.0,,,,0.0,0.0,,,,,,,,,,,,,,,,,,,,,,,,,9,1,45,0,0,0,2,0,0,0,0,0,0,1,0,8,5875,6556,0.0,0.0,0.020000000000000004,0.020000000000000018,0.4800000000000004,5.600000000000001,12.3,0.0,1.8000000000000007,1,2,0,3
527,Taiwo,Awoniyi,Awoniyi,a,,,5.2,220,,0.4,275,,0.5,,,1,0,,-3,,508,766,0.1,0.4,0.5,0.5,,,,0.0,0.0,,,,,,,,,,,,,,,,,,,,,,,,,9,1,45,0,0,0,0,0,0,0,0,0,0,0,0,8,1424,1858,0.0,0.11,0.0,0.10999999999999999,0.09999999999999998,6.6,3.200000000000001,36.0,4.6,0,0,1,1
669,Dan,Ndoye,Ndoye,a,,,5.8,113,,1.4,154,,1.2,,,2,0,,-2,,247,6219,0.2,4.5,1.2,1.2,,,,0.0,0.0,,,,,,,,,,,,,,,,,,,,,,,,,9,2,82,0,0,0,2,0,0,0,0,0,0,1,0,9,849,22504,0.0,0.05000000000000002,0.010000000000000009,0.05999999999999994,0.5899999999999999,0.0,2.3999999999999915,3.0,0.5,1,2,8,11
693,Omari,Hutchinson,Hutchinson,a,,,5.4,188,,0.0,632,,0.8,,,1,0,,-1,,33,71,0.1,0.9,0.8,0.8,,,,0.0,0.0,,,,,,,,,,,,,,,,,,,,,,,,,9,1,45,0,0,0,0,0,0,0,0,0,0,0,0,2,87,166,0.0,0.0,0.030000000000000027,0.030000000000000027,0.10000000000000009,1.8000000000000007,16.300000000000004,4.0,2.200000000000001,0,0,3,3
696,Arnaud,Kalimuendo,Kalimuendo,a,,,6.0,88,,0.1,461,,0.5,,,1,0,,0,,188,263,0.1,1.0,0.5,0.5,,,,0.0,0.0,,,,,,,,,,,,,,,,,,,,,,,,,9,1,1,0,0,0,0,0,0,0,0,0,0,0,0,3,372,541,0.0,0.0,0.0,0.0,0.0,0.0,0.0,0.0,0.0,0,0,0,0
699,Douglas Luiz,Soares de Paulo,Douglas Luiz,a,Hamstring injury - Unknown return date,,5.0,263,,0.1,564,,0.2,,,0,0,,0,,212,153,0.0,1.2,0.2,0.2,,,,100.0,100.0,,,,,,,,,,,,,,,,,,,,,,,,,9,0,45,0,0,0,2,0,0,0,1,0,0,1,0,8,638,350,0.0,0.0,0.0,0.0,0.4800000000000002,13.200000000000001,2.099999999999998,0.0,1.5,3,3,4,10
715,John Victor,Maciel Furtado,John,a,,,4.0,635,,0.4,284,,0.0,,,0,0,,0,,125,370,0.0,0.0,0.0,0.0,,,,0.0,0.0,,,,,,,,,,,,,,,,,,,,,,,,,9,0,0,0,0,0,0,0,0,0,0,0,0,0,0,0,248,904,0.0,0.0,0.0,0.0,0.0,0.0,0.0,0.0,0.0,0,0,0,0
716,Nicolò,Savona,Savona,a,,,4.5,441,,0.0,677,,0.8,,,1,0,,0,,27,25,0.2,0.7,0.8,0.8,,,,0.0,0.0,,,,,,,,,,,,,,,,,,,,,,,,,9,1,90,0,0,0,2,0,0,0,0,0,0,1,0,5,89,84,0.0,0.0,0.0,0.0,0.5899999999999999,14.199999999999996,1.5000000000000018,0.0,1.6000000000000005,3,4,3,10
729,Luis Eduardo,Soares da Silva,Cuiabano,u,has joined Botafogo on loan for the rest of the season.,,4.5,459,,0.0,744,,0.0,,,0,0,,0,,0,0,0.0,0.0,0.0,0.0,,,,0.0,0.0,,,,,,,,,,,,,,,,,,,,,,,,,9,0,0,0,0,0,0,0,0,0,0,0,0,0,0,0,0,0,0.0,0.0,0.0,0.0,0.0,0.0,0.0,0.0,0.0,0,0,0,0
734,Dilane,Bakwa,Bakwa,i,Knock - Unknown return date,,6.0,89,,0.0,673,,0.8,,,0,0,,0,,9,118,0.1,0.8,0.0,0.0,,,,0.0,0.0,,,,,,,,,,,,,,,,,,,,,,,,,9,0,0,0,0,0,0,0,0,0,0,0,0,0,0,0,27,268,0.0,0.0,0.0,0.0,0.0,0.0,0.0,0.0,0.0,0,0,0,0
528,Anthony,Patterson,Patterson,a,,,4.3,591,,0.2,363,,0.0,,,0,0,,-2,,96,231,0.0,0.0,-0.5,-1.0,,,,0.0,0.0,,,,,,,,,,,,,,,,,,,,,,,,,9,0,0,0,0,0,0,0,0,0,0,0,0,0,0,0,214,645,0.0,0.0,0.0,0.0,0.0,0.0,0.0,0.0,0.0,0,0,0,0
529,Simon,Moore,Moore,a,,,4.0,616,,0.4,268,,0.0,,,0,0,,0,,86,298,0.0,0.0,-0.5,-1.0,,,,0.0,0.0,,,,,,,,,,,,,,,,,,,,,,,,,9,0,0,0,0,0,0,0,0,0,0,0,0,0,0,0,241,818,0.0,0.0,0.0,0.0,0.0,0.0,0.0,0.0,0.0,0,0,0,0
530,Blondy,Nna Noukeu,Nna Noukeu,a,,,4.0,666,,0.1,427,,0.0,,,0,0,,0,,22,91,0.0,0.0,-0.5,-1.0,,,,0.0,0.0,,,,,,,,,,,,,,,,,,,,,,,,,9,0,0,0,0,0,0,0,0,0,0,0,0,0,0,0,189,262,0.0,0.0,0.0,0.0,0.0,0.0,0.0,0.0,0.0,0,0,0,0
531,Daniel,Ballard,Ballard,a,,,4.6,387,,2.4,119,,4.0,,,2,0,,1,,5635,1922,0.9,7.6,3.5,3.0,,,,100.0,100.0,,,,,,,,,,,,,,,,,,,,,,,,,9,2,90,0,0,0,1,0,0,0,0,0,0,1,0,4,10308,6078,0.0,0.04999999999999993,0.010000000000000009,0.06000000000000005,0.9000000000000004,18.200000000000017,0.5999999999999943,19.0,3.799999999999997,2,7,3,12
532,Trai,Hume,Hume,a,,,4.5,433,,0.4,274,,5.0,,,2,0,,0,,2898,511,1.1,8.7,4.5,4.0,,,,0.0,0.0,,,,,,,,,,,,,,,,,,,,,,,,,9,2,90,0,0,0,1,0,0,0,0,0,0,1,0,11,7199,1760,0.0,0.0,0.010000000000000009,0.010000000000000009,0.8999999999999986,11.000000000000014,1.5999999999999943,0.0,1.3000000000000007,1,5,3,9
533,Aji,Alese,Alese,d,Shoulder injury - 50% chance of playing,,4.0,634,,0.0,728,,0.0,,,0,0,,0,,5,9,0.0,0.0,-0.2,0.0,,,,50.0,0.0,,,,,,,,,,,,,,,,,,,,,,,,,9,0,0,0,0,0,0,0,0,0,0,0,0,0,0,0,27,22,0.0,0.0,0.0,0.0,0.0,0.0,0.0,0.0,0.0,0,0,0,0
534,Joe,Anderson,Anderson,a,,,3.9,710,,0.5,249,,0.0,,,0,0,,-1,,337,638,0.0,0.0,-0.5,-1.0,,,,0.0,0.0,,,,,,,,,,,,,,,,,,,,,,,,,9,0,0,0,0,0,0,0,0,0,0,0,0,0,0,0,966,1837,0.0,0.0,0.0,0.0,0.0,0.0,0.0,0.0,0.0,0,0,0,0
535,Dennis,Cirkin,Cirkin,d,Wrist Injury - 50% chance of playing,,4.0,650,,0.0,683,,0.0,,,0,0,,0,,4,19,0.0,0.0,-0.2,0.0,,,,50.0,0.0,,,,,,,,,,,,,,,,,,,,,,,,,9,0,0,0,0,0,0,0,0,0,0,0,0,0,0,0,20,43,0.0,0.0,0.0,0.0,0.0,0.0,0.0,0.0,0.0,0,0,0,0
536,Leo Fuhr,Hjelde,Hjelde,d,Achilles injury - 50% chance of playing,,4.0,660,,0.0,725,,0.0,,,0,0,,0,,3,9,0.0,0.0,-0.2,0.0,,,,50.0,0.0,,,,,,,,,,,,,,,,,,,,,,,,,9,0,0,0,0,0,0,0,0,0,0,0,0,0,0,0,20,21,0.0,0.0,0.0,0.0,0.0,0.0,0.0,0.0,0.0,0,0,0,0
537,Niall,Huggins,Huggins,u,has joined Wycombe Wanderers on loan for the rest of the season.,,4.0,668,,0.1,483,,0.0,,,0,0,,0,,0,107,0.0,0.0,0.0,0.0,,,,0.0,0.0,,,,,,,,,,,,,,,,,,,,,,,,,9,0,0,0,0,0,0,0,0,0,0,0,0,0,0,0,0,282,0.0,0.0,0.0,0.0,0.0,0.0,0.0,0.0,0.0,0,0,0,0
538,Zak,Johnson,Johnson,a,,,3.9,724,,0.3,324,,0.0,,,0,0,,-1,,215,334,0.0,0.0,-0.5,-1.0,,,,0.0,0.0,,,,,,,,,,,,,,,,,,,,,,,,,9,0,0,0,0,0,0,0,0,0,0,0,0,0,0,0,615,942,0.0,0.0,0.0,0.0,0.0,0.0,0.0,0.0,0.0,0,0,0,0
539,Luke,O'Nien,O'Nien,a,,,4.0,629,,0.0,594,,0.0,,,0,0,,0,,131,83,0.0,0.0,-0.5,-1.0,,,,100.0,100.0,,,,,,,,,,,,,,,,,,,,,,,,,9,0,0,0,0,0,0,0,0,0,0,0,0,0,0,0,303,187,0.0,0.0,0.0,0.0,0.0,0.0,0.0,0.0,0.0,0,0,0,0
540,Timothée,Pembélé,Pembele,a,,,3.9,716,,0.4,251,,0.0,,,0,0,,-1,,247,727,0.0,0.0,-0.5,-1.0,,,,0.0,0.0,,,,,,,,,,,,,,,,,,,,,,,,,9,0,0,0,0,0,0,0,0,0,0,0,0,0,0,0,798,1794,0.0,0.0,0.0,0.0,0.0,0.0,0.0,0.0,0.0,0,0,0,0
541,Reinildo,Mandava,Reinildo,a,,,4.0,643,,4.6,79,,0.5,,,2,0,,0,,2108,4526,0.1,4.0,0.0,-0.5,,,,100.0,100.0,,,,,,,,,,,,,,,,,,,,,,,,,9,2,90,0,0,0,1,0,0,0,0,0,0,1,0,7,3975,18713,0.0,0.0,0.0,0.0,0.8999999999999995,11.0,0.5999999999999979,0.0,1.1999999999999993,1,5,2,8
542,Jenson,Seelt,Seelt,u,has joined Wolfsburg on loan for the rest of the season.,,4.0,678,,0.1,437,,0.0,,,0,0,,0,,0,165,0.0,0.5,0.0,0.0,,,,0.0,0.0,,,,,,,,,,,,,,,,,,,,,,,,,9,0,0,0,0,0,0,0,0,0,0,0,0,0,0,0,0,522,0.0,0.0,0.0,0.0,0.0,0.0,0.0,0.0,0.0,0,0,0,0
543,Simon,Adingra,Adingra,a,,,5.2,232,,0.6,223,,0.5,,,0,0,,-3,,277,1728,0.1,2.5,0.0,-0.5,,,,0.0,0.0,,,,,,,,,,,,,,,,,,,,,,,,,9,0,0,0,0,0,0,0,0,0,0,0,0,0,0,0,634,5951,0.0,0.0,0.0,0.0,0.0,0.0,0.0,0.0,0.0,0,0,0,0
544,Habib,Diarra,Diarra,i,Groin Injury - Expected back 03 Dec,,5.4,193,,0.0,580,,0.0,,,0,0,,-1,,6,77,0.0,2.2,0.0,0.0,,,,0.0,0.0,,,,,,,,,,,,,,,,,,,,,,,,,9,0,0,0,0,0,0,0,0,0,0,0,0,0,0,0,35,234,0.0,0.0,0.0,0.0,0.0,0.0,0.0,0.0,0.0,0,0,0,0
545,Patrick,Roberts,Roberts,u,has joined Birmingham City on loan for the rest of the season.,,5.4,163,,0.0,674,,0.0,,,0,0,,-1,,0,14,0.0,0.2,0.0,0.0,,,,0.0,0.0,,,,,,,,,,,,,,,,,,,,,,,,,9,0,0,0,0,0,0,0,0,0,0,0,0,0,0,0,0,30,0.0,0.0,0.0,0.0,0.0,0.0,0.0,0.0,0.0,0,0,0,0
546,Milan,Aleksić,Aleksić,u,has joined Cracovia on loan for the rest of the season.,,4.9,351,,0.0,661,,0.0,,,0,0,,-1,,0,17,0.0,0.0,0.0,0.0,,,,0.0,0.0,,,,,,,,,,,,,,,,,,,,,,,,,9,0,0,0,0,0,0,0,0,0,0,0,0,0,0,0,0,38,0.0,0.0,0.0,0.0,0.0,0.0,0.0,0.0,0.0,0,0,0,0
547,Enzo,Le Fée,E.Le Fée,a,,,4.9,339,,0.4,270,,2.8,,,1,0,,-1,,554,896,0.6,5.3,2.3,1.8,,,,100.0,100.0,,,,,,,,,,,,,,,,,,,,,,,,,9,1,74,0,0,0,1,0,0,0,1,0,0,1,0,7,1594,2611,0.0,0.040000000000000036,0.020000000000000018,0.05999999999999983,0.7800000000000002,10.0,24.400000000000006,3.0,3.700000000000003,2,2,5,9
548,Romaine,Mundle,Mundle,i,Hamstring injury - Expected back 22 Nov,,4.9,330,,0.0,727,,0.0,,,0,0,,-1,,5,3,0.0,0.0,0.0,0.0,,,,0.0,0.0,,,,,,,,,,,,,,,,,,,,,,,,,9,0,0,0,0,0,0,0,0,0,0,0,0,0,0,0,8,15,0.0,0.0,0.0,0.0,0.0,0.0,0.0,0.0,0.0,0,0,0,0
549,Dan,Neil,Neil,a,,,4.8,367,,0.0,622,,0.2,,,0,0,,-2,,23,36,0.0,0.4,-0.3,-0.8,,,,0.0,0.0,,,,,,,,,,,,,,,,,,,,,,,,,9,0,0,0,0,0,0,0,0,0,0,0,0,0,0,0,92,73,0.0,0.0,0.0,0.0,0.0,0.0,0.0,0.0,0.0,0,0,0,0
550,Ian,Poveda-Ocampo,Poveda,a,,,4.8,365,,0.0,646,,0.0,,,0,0,,-2,,12,19,0.0,0.0,-0.5,-1.0,,,,0.0,0.0,,,,,,,,,,,,,,,,,,,,,,,,,9,0,0,0,0,0,0,0,0,0,0,0,0,0,0,0,25,45,0.0,0.0,0.0,0.0,0.0,0.0,0.0,0.0,0.0,0,0,0,0
551,Chris,Rigg,Rigg,a,,,4.8,377,,0.1,573,,1.2,,,1,0,,-2,,87,98,0.3,1.7,0.7,0.2,,,,0.0,0.0,,,,,,,,,,,,,,,,,,,,,,,,,9,1,15,0,0,0,0,0,0,0,0,0,0,0,0,4,232,219,0.0,0.0,0.009999999999999995,0.009999999999999981,0.1200000000000001,1.2000000000000002,0.6000000000000014,0.0,0.20000000000000018,0,1,1,2
552,Noah,Sadiki,Sadiki,a,,,5.0,288,,0.1,568,,2.0,,,2,0,,0,,210,82,0.4,3.8,1.5,1.0,,,,100.0,100.0,,,,,,,,,,,,,,,,,,,,,,,,,9,2,90,0,0,0,1,0,0,0,0,0,0,1,0,17,339,190,0.0,0.0,0.009999999999999953,0.010000000000000009,0.9000000000000004,15.600000000000009,11.300000000000011,0.0,2.700000000000001,2,5,4,11
553,Chemsdine,Talbi,Talbi,a,,,5.0,284,,0.2,339,,4.0,,,8,0,,0,,1978,302,0.8,6.4,3.5,3.0,,,,0.0,0.0,,,,,,,,,,,,,,,,,,,,,,,,,9,8,25,1,0,0,0,0,0,0,0,0,0,0,2,26,2187,1346,0.0,0.12,0.0,0.1200000000000001,0.23000000000000043,33.400000000000006,0.29999999999999716,17.0,5.099999999999998,0,0,1,1
554,Abdoullah,Ba,Ba,a,,,4.4,532,,0.2,372,,0.0,,,0,0,,-1,,101,375,0.0,0.0,-0.5,-1.0,,,,0.0,0.0,,,,,,,,,,,,,,,,,,,,,,,,,9,0,0,0,0,0,0,0,0,0,0,0,0,0,0,0,243,948,0.0,0.0,0.0,0.0,0.0,0.0,0.0,0.0,0.0,0,0,0,0
555,Alan,Browne,Browne,u,has joined Middlesbrough on loan for the rest of the season.,,4.5,400,,0.0,596,,0.0,,,0,0,,0,,0,67,0.0,0.0,0.0,0.0,,,,0.0,0.0,,,,,,,,,,,,,,,,,,,,,,,,,9,0,0,0,0,0,0,0,0,0,0,0,0,0,0,0,0,167,0.0,0.0,0.0,0.0,0.0,0.0,0.0,0.0,0.0,0,0,0,0
556,Pierre,Ekwah Elimby,Ekwah,u,Has joined AS Saint-Etienne permanently.,,4.5,427,,0.0,711,,0.0,,,0,0,,0,,0,4,0.0,0.0,0.0,0.0,,,,0.0,0.0,,,,,,,,,,,,,,,,,,,,,,,,,9,0,0,0,0,0,0,0,0,0,0,0,0,0,0,0,0,15,0.0,0.0,0.0,0.0,0.0,0.0,0.0,0.0,0.0,0,0,0,0
557,Harrison,Jones,H.Jones,a,,,4.4,560,,0.1,550,,0.0,,,0,0,,-1,,57,94,0.0,0.0,-0.5,-1.0,,,,0.0,0.0,,,,,,,,,,,,,,,,,,,,,,,,,9,0,0,0,0,0,0,0,0,0,0,0,0,0,0,0,177,270,0.0,0.0,0.0,0.0,0.0,0.0,0.0,0.0,0.0,0,0,0,0
558,Jay,Matete,Matete,a,,,4.4,541,,0.2,340,,0.0,,,0,0,,-1,,239,417,0.0,0.0,-0.5,-1.0,,,,0.0,0.0,,,,,,,,,,,,,,,,,,,,,,,,,9,0,0,0,0,0,0,0,0,0,0,0,0,0,0,0,781,1114,0.0,0.0,0.0,0.0,0.0,0.0,0.0,0.0,0.0,0,0,0,0
559,Nectarios,Triantis,Triantis,u,has joined Minnesota United permanently.,,4.4,546,,0.0,583,,0.0,,,0,0,,-1,,0,88,0.0,0.0,0.0,0.0,,,,0.0,0.0,,,,,,,,,,,,,,,,,,,,,,,,,9,0,0,0,0,0,0,0,0,0,0,0,0,0,0,0,0,212,0.0,0.0,0.0,0.0,0.0,0.0,0.0,0.0,0.0,0,0,0,0
560,Wilson,Isidor,Isidor,a,,,5.6,131,,3.2,102,,3.0,,,7,0,,1,,29715,6103,0.5,6.6,2.5,2.0,,,,0.0,0.0,,,,,,,,,,,,,,,,,,,,,,,,,9,7,74,1,0,0,1,0,0,0,0,0,0,1,1,25,37315,50114,0.0,0.7999999999999998,0.0,0.8,0.7800000000000002,28.0,1.5999999999999996,44.0,7.399999999999999,0,1,0,1
561,Eliezer,Mayenda Dossou,Mayenda,a,,,5.5,157,,0.8,198,,0.5,,,0,0,,0,,391,2623,0.1,2.7,0.0,-0.5,,,,0.0,0.0,,,,,,,,,,,,,,,,,,,,,,,,,9,0,0,0,0,0,0,0,0,0,0,0,0,0,0,0,896,7145,0.0,0.0,0.0,0.0,0.0,0.0,0.0,0.0,0.0,0,0,0,0
562,Ahmed,Abdullahi,Abdullahi,a,,,4.3,606,,0.4,277,,0.0,,,0,-1,,-2,,924,747,0.0,0.0,-0.5,-1.0,,,,0.0,0.0,,,,,,,,,,,,,,,,,,,,,,,,,9,0,0,0,0,0,0,0,0,0,0,0,0,0,0,0,1410,2121,0.0,0.0,0.0,0.0,0.0,0.0,0.0,0.0,0.0,0,0,0,0
563,Luís Hemir,Silva Semedo,Luís Hemir,u,has joined Moreirense on loan for the rest of the season.,,4.4,563,,0.1,453,,0.0,,,0,0,,-1,,0,163,0.0,0.0,0.0,0.0,,,,0.0,0.0,,,,,,,,,,,,,,,,,,,,,,,,,9,0,0,0,0,0,0,0,0,0,0,0,0,0,0,0,0,498,0.0,0.0,0.0,0.0,0.0,0.0,0.0,0.0,0.0,0,0,0,0
564,Nazarii,Rusyn,Rusyn,u,has joined Arka on loan for the rest of the season.,,4.4,523,,0.1,458,,0.0,,,0,0,,-1,,0,120,0.0,0.0,0.0,0.0,,,,0.0,0.0,,,,,,,,,,,,,,,,,,,,,,,,,9,0,0,0,0,0,0,0,0,0,0,0,0,0,0,0,0,358,0.0,0.0,0.0,0.0,0.0,0.0,0.0,0.0,0.0,0,0,0,0
668,Granit,Xhaka,Xhaka,a,,,5.1,234,,4.8,76,,4.8,,,2,0,,1,,20796,7454,0.9,7.6,4.3,3.8,,,,0.0,0.0,,,,,,,,,,,,,,,,,,,,,,,,,9,2,90,0,0,0,1,0,0,0,0,0,0,1,0,13,43797,24317,0.0,0.15,0.020000000000000018,0.17000000000000015,0.9000000000000004,17.80000000000001,12.5,7.0,3.700000000000003,4,3,2,9
670,Robin,Roefs,Roefs,a,,,4.6,388,,6.1,63,,5.8,,,4,0,,1,,36521,2734,1.3,11.3,5.3,4.8,,,,0.0,0.0,,,,,,,,,,,,,,,,,,,,,,,,,9,4,90,0,0,0,1,0,0,0,0,0,6,1,0,22,69119,12493,0.0,0.0,0.0,0.0,0.9000000000000004,43.79999999999998,0.0,0.0,4.399999999999999,0,2,11,13
678,Arthur,Masuaku,Masuaku,a,,,3.9,702,,0.8,196,,0.0,,,0,0,,-1,,1336,1128,0.0,0.3,-0.5,-1.0,,,,100.0,100.0,,,,,,,,,,,,,,,,,,,,,,,,,9,0,0,0,0,0,0,0,0,0,0,0,0,0,0,0,4430,2987,0.0,0.0,0.0,0.0,0.0,0.0,0.0,0.0,0.0,0,0,0,0
683,Omar,Alderete,Alderete,d,Head injury - 50% chance of playing,,4.1,611,,6.2,60,,5.8,,,0,0,,1,,1065,33888,1.4,11.0,2.6,0.0,,,,50.0,0.0,,,,,,,,,,,,,,,,,,,,,,,,,9,0,0,0,0,0,0,0,0,0,0,0,0,0,0,0,5937,96960,0.0,0.0,0.0,0.0,0.0,0.0,0.0,0.0,0.0,0,0,0,0
694,Nordi,Mukiele,Mukiele,a,,,4.1,610,,4.4,82,,7.0,,,2,0,,1,,59033,3342,1.7,11.2,6.5,6.0,,,,0.0,0.0,,,,,,,,,,,,,,,,,,,,,,,,,9,2,90,0,0,0,1,0,0,0,0,0,0,1,0,8,139136,10859,0.0,0.0,0.010000000000000009,0.009999999999999898,0.9000000000000004,12.399999999999977,0.7999999999999972,2.0,1.5,1,5,5,11
724,Lutsharel,Geertruida,Geertruida,a,,,4.5,416,,0.0,655,,1.2,,,2,0,,0,,156,57,0.3,1.6,0.7,0.2,,,,0.0,0.0,,,,,,,,,,,,,,,,,,,,,,,,,9,2,90,0,0,0,1,0,0,0,0,0,0,1,0,9,212,140,0.0,0.02999999999999997,0.18,0.21000000000000002,0.8999999999999999,15.600000000000001,3.8000000000000003,2.0,2.1,0,5,4,9
730,Brian,Brobbey,Brobbey,a,,,5.5,148,,0.1,552,,1.5,,,4,0,,0,,506,235,0.3,1.3,1.0,0.5,,,,0.0,0.0,,,,,,,,,,,,,,,,,,,,,,,,,9,4,15,0,1,0,0,0,0,0,0,0,0,0,0,12,681,604,0.0,0.0,0.04,0.04,0.1200000000000001,23.200000000000003,10.299999999999999,6.0,4.0,1,1,1,3
735,Bertrand,Traoré,Traoré,a,,,5.5,137,,0.0,624,,2.2,,,5,0,,0,,498,85,0.4,1.6,1.7,1.2,,,,0.0,0.0,,,,,,,,,,,,,,,,,,,,,,,,,9,5,64,0,1,0,1,0,0,0,0,0,0,1,0,23,689,300,0.0,0.12000000000000002,0.09,0.21000000000000002,0.6600000000000001,13.2,15.7,16.0,4.5,0,3,1,4
565,Guglielmo,Vicario,Vicario,a,,,5.1,236,,10.7,38,,3.0,,,6,0,,1,,3067,22966,0.6,8.2,2.5,3.0,,,,0.0,0.0,,,,,,,,,,,,,,,,,,,,,,,,,9,6,90,0,0,1,0,0,0,0,0,0,2,1,0,29,7089,61976,0.0,0.0,0.0,0.0,1.5299999999999994,16.0,0.0,0.0,1.5999999999999979,0,2,10,12
567,Antonín,Kinský,Kinsky,a,,,3.9,719,,2.0,131,,0.0,,,0,0,,-1,,3829,1776,0.0,0.0,-0.5,0.0,,,,0.0,0.0,,,,,,,,,,,,,,,,,,,,,,,,,9,0,0,0,0,0,0,0,0,0,0,0,0,0,0,0,9470,4840,0.0,0.0,0.0,0.0,0.0,0.0,0.0,0.0,0.0,0,0,0,0
568,Pedro,Porro Sauceda,Pedro Porro,a,,,5.6,132,,19.5,18,,5.0,,,11,0,,1,,7784,28054,0.9,7.5,4.5,5.0,,,,0.0,0.0,,,,,,,,,,,,,,,,,,,,,,,,,9,11,90,0,1,1,0,0,0,0,0,0,0,1,2,41,16046,117599,0.0,0.0,0.2899999999999999,0.29000000000000004,1.5300000000000011,32.80000000000001,15.800000000000011,0.0,4.899999999999999,2,6,3,11
569,Cristian,Romero,Romero,i,Muscle injury - Unknown return date,,5.1,238,,5.1,72,,0.8,,,0,0,,1,,72,60526,0.2,6.3,0.0,0.0,,,,0.0,0.0,,,,,,,,,,,,,,,,,,,,,,,,,9,0,0,0,0,0,0,0,0,0,0,0,0,0,0,0,171,165359,0.0,0.0,0.0,0.0,0.0,0.0,0.0,0.0,0.0,0,0,0,0
570,Kevin,Danso,Danso,a,,,4.3,586,,0.1,399,,2.5,,,9,0,,-2,,260,212,0.6,2.8,2.0,2.5,,,,0.0,0.0,,,,,,,,,,,,,,,,,,,,,,,,,9,9,90,0,0,1,0,0,0,0,0,0,0,1,1,36,591,543,0.0,0.0,0.0,0.0,1.5299999999999998,30.599999999999998,0.3999999999999999,0.0,3.0999999999999996,1,20,3,24
571,Ben,Davies,Davies,i,Hamstring injury - Unknown return date,,4.3,585,,0.1,512,,0.0,,,0,0,,-2,,8,212,0.0,0.0,0.0,0.0,,,,0.0,0.0,,,,,,,,,,,,,,,,,,,,,,,,,9,0,0,0,0,0,0,0,0,0,0,0,0,0,0,0,16,417,0.0,0.0,0.0,0.0,0.0,0.0,0.0,0.0,0.0,0,0,0,0
572,Radu,Drăgușin,Dragusin,i,Knee injury - Unknown return date,,4.5,437,,0.0,720,,0.0,,,0,0,,0,,4,8,0.0,0.0,0.0,0.0,,,,0.0,0.0,,,,,,,,,,,,,,,,,,,,,,,,,9,0,0,0,0,0,0,0,0,0,0,0,0,0,0,0,15,22,0.0,0.0,0.0,0.0,0.0,0.0,0.0,0.0,0.0,0,0,0,0
573,Djed,Spence,Spence,a,,,4.5,412,,1.8,139,,2.2,,,6,0,,0,,884,4254,0.5,6.2,1.7,2.2,,,,0.0,0.0,,,,,,,,,,,,,,,,,,,,,,,,,9,6,90,0,0,1,0,0,0,0,0,0,0,1,0,17,2517,14215,0.0,0.0,0.0,0.0,1.5300000000000002,8.399999999999991,1.0,0.0,0.9000000000000004,1,5,3,9
574,Destiny,Udogie,Udogie,i,Knee injury - Unknown return date,,4.4,534,,0.5,246,,1.0,,,0,0,,-1,,12,3565,0.2,1.6,0.0,0.0,,,,0.0,0.0,,,,,,,,,,,,,,,,,,,,,,,,,9,0,0,0,0,0,0,0,0,0,0,0,0,0,0,0,49,8971,0.0,0.0,0.0,0.0,0.0,0.0,0.0,0.0,0.0,0,0,0,0
575,Micky,van de Ven,Van de Ven,a,,,4.7,383,,31.1,8,,6.8,,,23,0,,2,,52503,35515,1.4,11.7,6.3,6.8,,,,0.0,0.0,,,,,,,,,,,,,,,,,,,,,,,,,9,23,90,2,0,1,0,0,0,0,0,0,0,1,3,59,69779,188852,0.0,1.07,0.06999999999999998,1.1400000000000001,1.5299999999999994,82.0,1.6000000000000014,66.0,15.0,0,10,2,12
576,Ashley,Phillips,Phillips,u,Has joined Stoke City on loan for the rest of the season.,,4.0,680,,0.0,678,,0.0,,,0,0,,0,,0,15,0.0,0.0,0.0,0.0,,,,0.0,0.0,,,,,,,,,,,,,,,,,,,,,,,,,9,0,0,0,0,0,0,0,0,0,0,0,0,0,0,0,0,28,0.0,0.0,0.0,0.0,0.0,0.0,0.0,0.0,0.0,0,0,0,0
577,Takai,Kōta,Takai,i,Foot injury - Unknown return date,,4.0,683,,0.1,557,,0.0,,,0,0,,0,,14,75,0.0,0.0,0.0,0.0,,,,0.0,0.0,,,,,,,,,,,,,,,,,,,,,,,,,9,0,0,0,0,0,0,0,0,0,0,0,0,0,0,0,25,158,0.0,0.0,0.0,0.0,0.0,0.0,0.0,0.0,0.0,0,0,0,0
578,Luka,Vušković,Vuskovic,u,has joined Hamburger SV on loan for the rest of the season.,,3.9,744,,0.4,255,,0.0,,,0,0,,-1,,0,578,0.0,0.0,0.0,0.0,,,,0.0,0.0,,,,,,,,,,,,,,,,,,,,,,,,,9,0,0,0,0,0,0,0,0,0,0,0,0,0,0,0,0,1325,0.0,0.0,0.0,0.0,0.0,0.0,0.0,0.0,0.0,0,0,0,0
579,Son,Heung-min,Son,u,Has joined Los Angeles FC permanently.,,8.5,9,,0.1,418,,0.0,,,0,0,,0,,0,54,0.0,0.0,0.0,0.0,,,,0.0,0.0,,,,,,,,,,,,,,,,,,,,,,,,,9,0,0,0,0,0,0,0,0,0,0,0,0,0,0,0,0,97,0.0,0.0,0.0,0.0,0.0,0.0,0.0,0.0,0.0,0,0,0,0
580,Brennan,Johnson,Johnson,a,,,6.7,48,,3.5,97,,1.5,,,3,-1,,-3,,236,9776,0.2,3.9,1.0,1.5,,,,0.0,0.0,,,,,,,,,,,,,,,,,,,,,,,,,9,3,90,0,0,1,0,0,0,0,0,0,0,1,0,13,542,34843,0.0,0.0,0.010000000000000009,0.010000000000000009,1.5299999999999994,12.400000000000006,6.899999999999999,8.0,2.6999999999999993,3,5,1,9
581,James,Maddison,Maddison,i,Anterior cruciate ligament - Unknown return date,,6.9,39,,0.1,424,,0.0,,,0,0,,-1,,25,79,0.0,0.0,0.0,0.0,,,,0.0,0.0,,,,,,,,,,,,,,,,,,,,,,,,,9,0,0,0,0,0,0,0,0,0,0,0,0,0,0,0,42,149,0.0,0.0,0.0,0.0,0.0,0.0,0.0,0.0,0.0,0,0,0,0
582,Mohammed,Kudus,Kudus,a,Knock - 50% chance of playing,,6.8,47,,33.9,6,,4.8,,,3,0,,3,,16668,80946,0.7,6.5,4.3,4.8,,,,0.0,0.0,,,,,,,,,,,,,,,,,,,,,,,,,9,3,77,0,0,1,0,0,0,0,0,0,0,1,0,3,58629,208669,0.0,0.08999999999999986,0.06000000000000005,0.1499999999999999,1.3100000000000005,1.8000000000000114,5.600000000000023,2.0,0.8999999999999986,0,0,6,6
583,Dejan,Kulusevski,Kulusevski,i,Knee injury - Unknown return date,,6.4,67,,0.0,687,,0.0,,,0,0,,-1,,8,17,0.0,0.0,0.0,0.0,,,,0.0,0.0,,,,,,,,,,,,,,,,,,,,,,,,,9,0,0,0,0,0,0,0,0,0,0,0,0,0,0,0,17,31,0.0,0.0,0.0,0.0,0.0,0.0,0.0,0.0,0.0,0,0,0,0
584,Mathys,Tel,Tel,a,,,6.3,78,,0.1,413,,3.0,,,1,0,,-2,,194,611,0.5,2.7,2.5,3.0,,,,0.0,0.0,,,,,,,,,,,,,,,,,,,,,,,,,9,1,1,0,0,0,0,0,0,0,0,0,0,0,0,3,734,1356,0.0,0.0,0.0,0.0,0.0,0.0,0.0,0.0,0.0,0,0,0,0
585,Rodrigo,Bentancur,Bentancur,a,,,5.3,203,,0.2,351,,6.5,,,8,0,,-2,,2248,410,1.2,6.4,6.0,6.5,,,,0.0,0.0,,,,,,,,,,,,,,,,,,,,,,,,,9,8,90,0,1,1,0,0,0,0,0,0,0,1,0,27,5232,895,0.0,0.14,0.010000000000000009,0.15000000000000002,1.5300000000000002,20.799999999999983,11.100000000000001,16.0,4.800000000000001,1,4,7,12
586,Lucas,Bergvall,Bergvall,a,Head injury - 75% chance of playing,,5.4,194,,0.4,252,,0.8,,,1,0,,-1,,286,2620,0.1,4.3,0.3,0.8,,,,0.0,0.0,,,,,,,,,,,,,,,,,,,,,,,,,9,1,29,0,0,0,0,0,0,0,0,0,0,0,0,4,683,8995,0.0,0.0,0.0,0.0,0.4500000000000002,1.4000000000000057,0.20000000000000284,0.0,0.1999999999999993,2,0,1,3
587,Yves,Bissouma,Bissouma,i,Ankle injury - Unknown return date,,5.2,222,,0.0,587,,0.0,,,0,0,,-3,,5,51,0.0,0.0,0.0,0.0,,,,0.0,0.0,,,,,,,,,,,,,,,,,,,,,,,,,9,0,0,0,0,0,0,0,0,0,0,0,0,0,0,0,14,106,0.0,0.0,0.0,0.0,0.0,0.0,0.0,0.0,0.0,0,0,0,0
588,Wilson,Odobert,Odobert,a,,,5.3,213,,0.0,614,,1.2,,,0,0,,-2,,9,120,0.2,2.1,0.7,0.9,,,,100.0,75.0,,,,,,,,,,,,,,,,,,,,,,,,,9,0,0,0,0,0,0,0,0,0,0,0,0,0,0,0,48,273,0.0,0.0,0.0,0.0,0.0,0.0,0.0,0.0,0.0,0,0,0,0
589,Manor,Solomon,Solomon,u,has joined Villarreal CF on loan for the rest of the season.,,5.4,174,,0.0,708,,0.0,,,0,0,,-1,,0,5,0.0,0.0,0.0,0.0,,,,0.0,0.0,,,,,,,,,,,,,,,,,,,,,,,,,9,0,0,0,0,0,0,0,0,0,0,0,0,0,0,0,0,11,0.0,0.0,0.0,0.0,0.0,0.0,0.0,0.0,0.0,0,0,0,0
590,Bryan,Gil Salvatierra,Bryan,u,has joined Girona permanently.,,4.9,324,,0.0,616,,0.0,,,0,0,,-1,,0,34,0.0,0.0,0.0,0.0,,,,0.0,0.0,,,,,,,,,,,,,,,,,,,,,,,,,9,0,0,0,0,0,0,0,0,0,0,0,0,0,0,0,0,80,0.0,0.0,0.0,0.0,0.0,0.0,0.0,0.0,0.0,0,0,0,0
591,Archie,Gray,Gray,a,Calf injury - Unknown return date,,4.8,376,,0.1,457,,0.0,,,0,0,,-2,,85,189,0.0,0.8,-0.5,0.0,,,,0.0,0.0,,,,,,,,,,,,,,,,,,,,,,,,,9,0,0,0,0,0,0,0,0,0,0,0,0,0,0,0,210,433,0.0,0.0,0.0,0.0,0.0,0.0,0.0,0.0,0.0,0,0,0,0
592,Mikey,Moore,Moore,u,Has joined Rangers on loan for the rest of the season.,,5.0,278,,0.0,729,,0.0,,,0,0,,0,,0,3,0.0,0.0,0.0,0.0,,,,0.0,0.0,,,,,,,,,,,,,,,,,,,,,,,,,9,0,0,0,0,0,0,0,0,0,0,0,0,0,0,0,0,3,0.0,0.0,0.0,0.0,0.0,0.0,0.0,0.0,0.0,0,0,0,0
593,Pape Matar,Sarr,P.M.Sarr,a,,,4.9,337,,1.8,140,,3.0,,,6,0,,-1,,1068,6909,0.6,6.3,2.5,3.0,,,,100.0,100.0,,,,,,,,,,,,,,,,,,,,,,,,,9,6,12,1,0,0,0,0,0,0,0,0,0,0,0,23,2771,24127,0.0,0.42,0.0,0.42000000000000004,0.21999999999999975,0.0,0.0,0.0,0.0,0,1,1,2
594,Yang,Min-hyeok,Min-hyeok,u,Has joined Portsmouth on loan for the rest of the season.,,4.5,485,,0.0,680,,0.0,,,0,0,,0,,0,13,0.0,0.0,0.0,0.0,,,,0.0,0.0,,,,,,,,,,,,,,,,,,,,,,,,,9,0,0,0,0,0,0,0,0,0,0,0,0,0,0,0,0,22,0.0,0.0,0.0,0.0,0.0,0.0,0.0,0.0,0.0,0,0,0,0
595,Callum,Olusesi,Olusesi,a,,,4.4,544,,0.2,357,,0.0,,,0,0,,-1,,86,308,0.0,0.0,-0.5,0.0,,,,0.0,0.0,,,,,,,,,,,,,,,,,,,,,,,,,9,0,0,0,0,0,0,0,0,0,0,0,0,0,0,0,220,701,0.0,0.0,0.0,0.0,0.0,0.0,0.0,0.0,0.0,0,0,0,0
596,Dominic,Solanke-Mitchell,Solanke,i,Ankle injury - Unknown return date,,7.2,31,,1.0,180,,0.0,,,0,0,,-3,,33,1068,0.0,0.3,0.0,0.0,,,,0.0,0.0,,,,,,,,,,,,,,,,,,,,,,,,,9,0,0,0,0,0,0,0,0,0,0,0,0,0,0,0,80,2222,0.0,0.0,0.0,0.0,0.0,0.0,0.0,0.0,0.0,0,0,0,0
597,Richarlison,de Andrade,Richarlison,a,,,6.6,51,,10.3,40,,2.0,,,4,0,,1,,4484,57343,0.3,5.6,1.5,2.0,,,,0.0,0.0,,,,,,,,,,,,,,,,,,,,,,,,,9,4,28,0,1,0,0,0,0,0,0,0,0,0,0,14,11113,234954,0.0,0.3599999999999999,0.26999999999999996,0.6300000000000001,0.4500000000000002,7.200000000000017,0.30000000000000426,17.0,2.5,1,4,1,6
598,Will,Lankshear,Lankshear,u,Has joined Oxford United on loan for the rest of the season.,,4.5,455,,0.0,637,,0.0,,,0,0,,0,,0,26,0.0,0.0,0.0,0.0,,,,0.0,0.0,,,,,,,,,,,,,,,,,,,,,,,,,9,0,0,0,0,0,0,0,0,0,0,0,0,0,0,0,0,65,0.0,0.0,0.0,0.0,0.0,0.0,0.0,0.0,0.0,0,0,0,0
599,Dane,Scarlett,Scarlett,a,,,4.4,538,,0.6,215,,0.0,,,0,0,,-1,,289,1004,0.0,0.0,-0.5,0.0,,,,0.0,0.0,,,,,,,,,,,,,,,,,,,,,,,,,9,0,0,0,0,0,0,0,0,0,0,0,0,0,0,0,666,2491,0.0,0.0,0.0,0.0,0.0,0.0,0.0,0.0,0.0,0,0,0,0
673,João Maria,Lobo Alves Palhares Costa Palhinha Gonçalves,J.Palhinha,a,,,5.5,139,,1.5,148,,6.0,,,5,0,,0,,7271,3670,1.1,8.0,5.5,6.0,,,,0.0,0.0,,,,,,,,,,,,,,,,,,,,,,,,,9,5,90,0,0,1,0,0,0,0,0,0,0,1,0,21,30022,8309,0.0,0.0,0.010000000000000009,0.010000000000000009,1.5299999999999994,21.0,3.6000000000000014,0.0,2.5,4,6,4,14
717,Xavi,Simons,Xavi,a,,,6.9,43,,2.0,129,,2.0,,,3,0,,-1,,984,17170,0.3,2.2,1.5,2.0,,,,0.0,0.0,,,,,,,,,,,,,,,,,,,,,,,,,9,3,60,0,0,1,0,0,0,0,0,0,0,1,0,7,2177,56497,0.0,0.0,0.020000000000000018,0.020000000000000018,1.0799999999999996,4.600000000000001,2.299999999999997,4.0,1.1000000000000014,2,0,4,6
726,Randal,Kolo Muani,Kolo Muani,a,Jaw Injury - 25% chance of playing,,6.9,40,,0.2,371,,0.8,,,2,0,,-1,,1193,585,0.1,0.4,0.3,0.8,,,,100.0,100.0,,,,,,,,,,,,,,,,,,,,,,,,,9,2,61,0,0,1,0,0,0,0,0,0,0,1,0,7,2170,1155,0.0,0.0,0.02,0.01999999999999999,1.08,2.6,10.8,2.0,1.5,1,1,4,6
745,Jun'ai,Byfield,Byfield,a,,,4.0,697,,0.0,719,,0.0,,,0,0,,0,,72,22,0.0,0.0,-0.5,0.0,,,,0.0,0.0,,,,,,,,,,,,,,,,,,,,,,,,,9,0,0,0,0,0,0,0,0,0,0,0,0,0,0,0,177,37,0.0,0.0,0.0,0.0,0.0,0.0,0.0,0.0,0.0,0,0,0,0
750,James,Rowswell,Rowswell,a,,,4.0,662,,0.0,734,,0.0,,,0,0,,0,,68,7,0.0,0.0,0.3,1.3,,,,0.0,0.0,,,,,,,,,,,,,,,,,,,,,,,,,9,0,0,0,0,0,0,0,0,0,0,0,0,0,0,0,0,0,0.0,0.0,0.0,0.0,0.0,0.0,0.0,0.0,0.0,0,0,0,0
751,Yusuf,Akhamrich,Akhamrich,a,,,4.5,470,,0.0,747,,0.0,,,0,0,,0,,81,6,0.0,0.0,0.2,1.2,,,,0.0,0.0,,,,,,,,,,,,,,,,,,,,,,,,,9,0,0,0,0,0,0,0,0,0,0,0,0,0,0,0,0,0,0.0,0.0,0.0,0.0,0.0,0.0,0.0,0.0,0.0,0,0,0,0
149,Igor Julio,dos Santos de Paulo,Igor,a,,,4.5,409,,0.1,529,,0.2,,,0,0,,0,,70,166,0.0,0.2,-0.3,0.7,,,,100.0,100.0,,,,,,,,,,,,,,,,,,,,,,,,,9,0,0,0,0,0,0,0,0,0,0,0,0,0,0,0,447,357,0.0,0.0,0.0,0.0,0.0,0.0,0.0,0.0,0.0,0,0,0,0
600,Alphonse,Areola,Areola,a,,,4.3,583,,2.2,123,,2.2,,,2,0,,-2,,806,1990,0.5,2.3,1.7,2.7,,,,0.0,0.0,,,,,,,,,,,,,,,,,,,,,,,,,9,2,90,0,0,0,2,0,0,0,0,0,3,1,0,8,3121,6841,0.0,0.0,0.0,0.0,1.4900000000000002,22.0,0.0,0.0,2.1999999999999993,0,0,8,8
601,Wes,Foderingham,Foderingham,u,has joined Aris Limassol permanently.,,4.0,619,,0.3,297,,0.0,,,0,0,,0,,0,431,0.0,0.0,0.0,0.0,,,,0.0,0.0,,,,,,,,,,,,,,,,,,,,,,,,,9,0,0,0,0,0,0,0,0,0,0,0,0,0,0,0,0,1031,0.0,0.0,0.0,0.0,0.0,0.0,0.0,0.0,0.0,0,0,0,0
602,Krisztián,Hegyi,Hegyi,a,,,4.0,664,,0.2,343,,0.0,,,0,0,,0,,27,128,0.0,0.0,-0.5,0.5,,,,0.0,0.0,,,,,,,,,,,,,,,,,,,,,,,,,9,0,0,0,0,0,0,0,0,0,0,0,0,0,0,0,70,381,0.0,0.0,0.0,0.0,0.0,0.0,0.0,0.0,0.0,0,0,0,0
603,El Hadji Malick,Diouf,Diouf,a,,,4.4,575,,3.6,93,,2.5,,,1,0,,-1,,744,11164,0.6,6.4,2.0,3.0,,,,0.0,0.0,,,,,,,,,,,,,,,,,,,,,,,,,9,1,90,0,0,0,2,0,0,0,0,0,0,1,0,3,8648,28684,0.0,0.04000000000000001,0.010000000000000009,0.050000000000000044,1.4900000000000002,9.599999999999994,3.200000000000003,3.0,1.5999999999999943,1,2,2,5
604,Emerson,Palmieri dos Santos,Emerson,u,has joined Marseille permanently.,,4.4,495,,0.1,524,,0.0,,,0,0,,-1,,0,84,0.0,0.0,0.0,0.0,,,,0.0,0.0,,,,,,,,,,,,,,,,,,,,,,,,,9,0,0,0,0,0,0,0,0,0,0,0,0,0,0,0,0,249,0.0,0.0,0.0,0.0,0.0,0.0,0.0,0.0,0.0,0,0,0,0
605,Maximilian,Kilman,Kilman,a,,,4.3,588,,0.2,368,,2.0,,,1,-1,,-2,,45,403,0.5,4.0,1.5,2.5,,,,0.0,0.0,,,,,,,,,,,,,,,,,,,,,,,,,9,1,90,0,0,0,2,0,0,0,0,0,0,1,0,4,893,1104,0.0,0.0,0.010000000000000009,0.010000000000000009,1.4900000000000002,15.599999999999994,1.0999999999999979,0.0,1.6999999999999993,0,5,6,11
606,Konstantinos,Mavropanos,Mavropanos,i,Muscle injury - Unknown return date,,4.4,518,,0.1,539,,1.2,,,0,0,,-1,,6,418,0.3,3.9,0.0,0.0,,,,0.0,0.0,,,,,,,,,,,,,,,,,,,,,,,,,9,0,0,0,0,0,0,0,0,0,0,0,0,0,0,0,37,1195,0.0,0.0,0.0,0.0,0.0,0.0,0.0,0.0,0.0,0,0,0,0
607,Nayef,Aguerd,N.Aguerd,u,has joined Marseille permanently.,,4.4,509,,0.0,574,,0.0,,,0,0,,-1,,0,43,0.0,0.7,0.0,0.0,,,,0.0,0.0,,,,,,,,,,,,,,,,,,,,,,,,,9,0,0,0,0,0,0,0,0,0,0,0,0,0,0,0,0,116,0.0,0.0,0.0,0.0,0.0,0.0,0.0,0.0,0.0,0,0,0,0
608,Ollie,Scarles,Scarles,d,Shoulder injury - 75% chance of playing,,4.4,556,,0.0,610,,0.2,,,0,0,,-1,,10,97,0.0,0.2,-0.2,0.7,,,,75.0,0.0,,,,,,,,,,,,,,,,,,,,,,,,,9,0,24,0,0,0,2,0,0,0,0,0,0,1,0,-6,42,154,0.0,0.0,0.0,0.0,0.6800000000000002,0.0,0.19999999999999996,0.0,0.0,0,0,1,1
609,Jean-Clair,Todibo,Todibo,a,,,4.3,596,,0.1,473,,0.2,,,0,0,,-2,,63,173,0.0,0.5,-0.3,0.7,,,,0.0,0.0,,,,,,,,,,,,,,,,,,,,,,,,,9,0,90,0,0,0,2,0,0,0,1,0,0,1,0,8,245,362,0.0,0.0,0.01,0.01,1.4899999999999993,16.4,1.3000000000000007,0.0,1.7999999999999998,2,4,6,12
610,Aaron,Wan-Bissaka,Wan-Bissaka,a,,,4.3,589,,6.1,62,,0.8,,,1,0,,-2,,885,8689,0.2,0.9,0.3,1.3,,,,100.0,100.0,,,,,,,,,,,,,,,,,,,,,,,,,9,1,78,0,0,0,2,0,0,0,0,0,0,1,0,4,3313,29962,0.0,0.0,0.07,0.07,1.4899999999999993,12.399999999999999,17.700000000000003,0.0,3.0,1,4,1,6
611,Kaelan,Casey,Casey,u,Has joined Swansea City on loan for the rest of the season.,,4.0,677,,0.1,489,,0.0,,,0,0,,0,,0,87,0.0,0.0,0.0,0.0,,,,0.0,0.0,,,,,,,,,,,,,,,,,,,,,,,,,9,0,0,0,0,0,0,0,0,0,0,0,0,0,0,0,0,200,0.0,0.0,0.0,0.0,0.0,0.0,0.0,0.0,0.0,0,0,0,0
612,Lucas,Tolentino Coelho de Lima,L.Paquetá,a,Suspended until 30 Nov,,5.9,101,,2.8,108,,2.0,,,1,0,,-1,,1510,18100,0.3,5.4,1.5,2.5,,,,0.0,0.0,,,,,,,,,,,,,,,,,,,,,,,,,9,1,90,0,0,0,2,0,0,0,1,0,0,1,0,8,17290,37239,0.0,0.08999999999999986,0.10000000000000009,0.18999999999999995,1.4899999999999984,7.399999999999977,25.899999999999977,8.0,4.100000000000001,1,0,6,7
613,Tomáš,Souček,Souček,a,,,5.7,123,,0.2,347,,1.0,,,2,0,,-3,,67,228,0.2,1.4,0.5,1.5,,,,100.0,100.0,,,,,,,,,,,,,,,,,,,,,,,,,9,2,64,0,0,0,2,0,0,0,0,0,0,1,0,10,478,642,0.0,0.24,0.01,0.25000000000000006,1.4900000000000002,5.199999999999996,3.9000000000000004,7.0,1.6000000000000014,0,2,1,3
614,James,Ward-Prowse,Ward-Prowse,a,,,5.7,119,,0.2,359,,0.0,,,0,0,,-3,,103,576,0.0,1.9,-0.5,0.5,,,,0.0,0.0,,,,,,,,,,,,,,,,,,,,,,,,,9,0,0,0,0,0,0,0,0,0,0,0,0,0,0,0,371,1226,0.0,0.0,0.0,0.0,0.0,0.0,0.0,0.0,0.0,0,0,0,0
615,Crysencio,Summerville,Summerville,a,,,5.5,149,,0.1,432,,1.2,,,1,0,,0,,209,907,0.2,2.9,0.7,1.7,,,,100.0,100.0,,,,,,,,,,,,,,,,,,,,,,,,,9,1,78,0,0,0,2,0,0,0,1,0,0,1,0,1,2549,1701,0.0,0.0,0.009999999999999953,0.010000000000000009,1.4900000000000002,2.799999999999997,3.299999999999997,0.0,0.5999999999999979,2,0,7,9
616,Edson,Álvarez Velázquez,Álvarez,u,Has joined Fenerbahçe on loan for the rest of the season.,,4.9,309,,0.1,562,,0.0,,,0,0,,-1,,0,40,0.0,0.0,0.0,0.0,,,,0.0,0.0,,,,,,,,,,,,,,,,,,,,,,,,,9,0,0,0,0,0,0,0,0,0,0,0,0,0,0,0,0,108,0.0,0.0,0.0,0.0,0.0,0.0,0.0,0.0,0.0,0,0,0,0
617,Maxwel,Cornet,Cornet,u,has joined Genoa on loan for the rest of the season.,,4.9,293,,0.0,665,,0.0,,,0,0,,-1,,0,21,0.0,0.0,0.0,0.0,,,,0.0,0.0,,,,,,,,,,,,,,,,,,,,,,,,,9,0,0,0,0,0,0,0,0,0,0,0,0,0,0,0,0,36,0.0,0.0,0.0,0.0,0.0,0.0,0.0,0.0,0.0,0,0,0,0
618,Guido,Rodríguez,G.Rodriguez,a,,,4.8,360,,0.0,578,,0.2,,,0,0,,-2,,29,74,0.0,0.6,-0.3,0.7,,,,0.0,0.0,,,,,,,,,,,,,,,,,,,,,,,,,9,0,0,0,0,0,0,0,0,0,0,0,0,0,0,0,91,127,0.0,0.0,0.0,0.0,0.0,0.0,0.0,0.0,0.0,0,0,0,0
619,Luis Guilherme,Lira dos Santos,L.Guilherme,a,,,4.9,349,,0.0,659,,0.2,,,0,0,,-1,,9,24,0.0,0.6,-0.3,0.7,,,,100.0,100.0,,,,,,,,,,,,,,,,,,,,,,,,,9,0,0,0,0,0,0,0,0,0,0,0,0,0,0,0,30,51,0.0,0.0,0.0,0.0,0.0,0.0,0.0,0.0,0.0,0,0,0,0
620,George,Earthy,Earthy,i,Hamstring injury - Expected back 22 Nov,,4.5,435,,0.1,571,,0.0,,,0,0,,0,,22,113,0.0,0.0,0.0,0.0,,,,0.0,0.0,,,,,,,,,,,,,,,,,,,,,,,,,9,0,0,0,0,0,0,0,0,0,0,0,0,0,0,0,51,238,0.0,0.0,0.0,0.0,0.0,0.0,0.0,0.0,0.0,0,0,0,0
621,Andy,Irving,Irving,a,,,4.4,513,,0.3,289,,1.2,,,2,0,,-1,,716,666,0.3,1.8,0.7,1.7,,,,0.0,0.0,,,,,,,,,,,,,,,,,,,,,,,,,9,2,64,0,0,0,2,0,0,0,0,0,0,1,0,13,1679,1755,0.0,0.0,0.009999999999999995,0.009999999999999995,1.4899999999999998,4.200000000000003,4.299999999999997,0.0,0.9000000000000004,1,1,4,6
622,Lewis,Orford,Orford,u,has joined Stevenage on loan for the rest of the season.,,4.4,552,,0.1,518,,0.0,,,0,0,,-1,,0,102,0.0,0.0,0.0,0.0,,,,0.0,0.0,,,,,,,,,,,,,,,,,,,,,,,,,9,0,0,0,0,0,0,0,0,0,0,0,0,0,0,0,0,198,0.0,0.0,0.0,0.0,0.0,0.0,0.0,0.0,0.0,0,0,0,0
623,Freddie,Potts,Potts,a,Dead leg - 75% chance of playing,,4.4,537,,0.6,212,,0.8,,,1,0,,-1,,225,1285,0.2,0.9,0.3,1.3,,,,0.0,0.0,,,,,,,,,,,,,,,,,,,,,,,,,9,1,26,0,0,0,0,0,0,0,0,0,0,0,0,10,623,3651,0.0,0.0,0.03,0.03,0.0,3.200000000000001,2.8999999999999995,0.0,0.6000000000000001,0,0,4,4
624,Jarrod,Bowen,Bowen,a,,,7.8,19,,8.6,45,,4.5,,,5,0,,-2,,12197,31815,0.6,5.4,4.0,5.0,,,,0.0,0.0,,,,,,,,,,,,,,,,,,,,,,,,,9,5,90,0,1,0,2,0,0,0,0,0,0,1,0,20,51651,86773,0.0,0.09999999999999998,0.6299999999999999,0.7300000000000002,1.4900000000000002,26.799999999999983,48.3,22.0,9.699999999999996,0,0,2,2
625,Niclas,Füllkrug,Füllkrug,d,Muscle injury - 25% chance of playing,,5.6,127,,0.8,195,,1.0,,,0,0,,-4,,21,2168,0.2,1.8,0.1,0.4,,,,25.0,25.0,,,,,,,,,,,,,,,,,,,,,,,,,9,0,0,0,0,0,0,0,0,0,0,0,0,0,0,0,41,5807,0.0,0.0,0.0,0.0,0.0,0.0,0.0,0.0,0.0,0,0,0,0
626,Callum,Marshall,Marshall,a,,,4.4,566,,0.7,203,,0.5,,,0,0,,-1,,427,1201,0.1,0.5,0.0,1.0,,,,0.0,0.0,,,,,,,,,,,,,,,,,,,,,,,,,9,0,0,0,0,0,0,0,0,0,0,0,0,0,0,0,1397,3188,0.0,0.0,0.0,0.0,0.0,0.0,0.0,0.0,0.0,0,0,0,0
659,Kyle,Walker-Peters,Walker-Peters,a,,,4.4,503,,0.3,311,,1.0,,,1,0,,-1,,88,489,0.2,3.0,0.5,1.5,,,,0.0,0.0,,,,,,,,,,,,,,,,,,,,,,,,,9,1,11,0,0,0,0,0,0,0,0,0,0,0,0,4,362,1273,0.0,0.0,0.010000000000000009,0.009999999999999981,0.0,3.0,1.2999999999999972,0.0,0.40000000000000036,0,1,2,3
671,Callum,Wilson,Wilson,a,,,5.9,93,,0.4,273,,0.5,,,2,0,,-1,,420,958,0.1,2.2,0.0,1.0,,,,0.0,0.0,,,,,,,,,,,,,,,,,,,,,,,,,9,2,65,0,0,1,0,0,0,0,0,0,0,0,0,9,1411,2686,0.0,0.08999999999999986,0.010000000000000002,0.10000000000000009,0.7999999999999998,3.0,2.0,19.0,2.3999999999999986,0,0,2,2
679,Mads,Hermansen,Hermansen,a,,,4.4,530,,0.3,328,,0.0,,,0,0,,-1,,37,313,0.0,2.0,-0.5,0.5,,,,0.0,0.0,,,,,,,,,,,,,,,,,,,,,,,,,9,0,0,0,0,0,0,0,0,0,0,0,0,0,0,0,143,1029,0.0,0.0,0.0,0.0,0.0,0.0,0.0,0.0,0.0,0,0,0,0
708,Mateus Gonçalo,Espanha Fernandes,M.Fernandes,a,,,5.5,156,,0.0,615,,3.2,,,6,0,,0,,164,85,0.6,3.6,2.7,3.7,,,,0.0,0.0,,,,,,,,,,,,,,,,,,,,,,,,,9,6,25,1,0,0,0,0,0,0,0,0,0,0,0,22,488,226,0.0,0.09,0.020000000000000018,0.11000000000000004,0.0,38.0,16.799999999999997,19.0,7.400000000000002,1,0,0,1
718,Soungoutou,Magassa,S.Magassa,a,,,5.0,285,,0.0,697,,0.8,,,1,0,,0,,4,19,0.2,1.0,0.3,1.3,,,,0.0,0.0,,,,,,,,,,,,,,,,,,,,,,,,,9,1,11,0,0,0,0,0,0,0,0,0,0,0,0,5,47,44,0.0,0.0,0.0,0.0,0.0,6.599999999999998,0.7999999999999998,0.0,0.6999999999999997,3,0,1,4
738,Lukasz,Fabianski,Fabianski,a,Back injury - 25% chance of playing,,4.5,390,,0.0,607,,0.0,,,0,0,,0,,82,105,0.0,0.0,-0.5,0.5,,,,0.0,0.0,,,,,,,,,,,,,,,,,,,,,,,,,9,0,0,0,0,0,0,0,0,0,0,0,0,0,0,0,287,205,0.0,0.0,0.0,0.0,0.0,0.0,0.0,0.0,0.0,0,0,0,0
747,Ezra,Mayers,Mayers,a,,,4.0,684,,0.0,710,,0.0,,,0,0,,0,,91,42,0.0,0.0,0.0,0.0,,,,0.0,0.0,,,,,,,,,,,,,,,,,,,,,,,,,9,0,0,0,0,0,0,0,0,0,0,0,0,0,0,0,0,0,0.0,0.0,0.0,0.0,0.0,0.0,0.0,0.0,0.0,0,0,0,0
752,Airidas,Golambeckis,Golambeckis,a,,,4.0,689,,0.0,738,,0.0,,,0,0,,0,,62,13,0.0,0.0,1.3,1.3,,,,0.0,0.0,,,,,,,,,,,,,,,,,,,,,,,,,9,0,0,0,0,0,0,0,0,0,0,0,0,0,0,0,0,0,0.0,0.0,0.0,0.0,0.0,0.0,0.0,0.0,0.0,0,0,0,0
627,Sam,Johnstone,Johnstone,a,,,4.5,394,,0.2,392,,2.0,,,2,0,,0,,194,221,0.4,2.4,2.0,2.5,,,,0.0,0.0,,,,,,,,,,,,,,,,,,,,,,,,,9,2,90,0,0,0,3,0,0,0,0,0,4,1,0,12,951,593,0.0,0.0,0.0,0.0,1.4300000000000006,30.0,0.0,0.0,3.0,1,0,14,15
628,José,Malheiro de Sá,José Sá,a,,,4.4,500,,1.3,161,,0.0,,,0,0,,-1,,157,1715,0.0,1.1,0.0,0.5,,,,0.0,0.0,,,,,,,,,,,,,,,,,,,,,,,,,9,0,0,0,0,0,0,0,0,0,0,0,0,0,0,0,488,4942,0.0,0.0,0.0,0.0,0.0,0.0,0.0,0.0,0.0,0,0,0,0
629,Daniel,Bentley,Bentley,a,,,4.0,617,,0.6,216,,0.0,,,0,0,,0,,92,380,0.0,0.0,0.0,0.5,,,,0.0,0.0,,,,,,,,,,,,,,,,,,,,,,,,,9,0,0,0,0,0,0,0,0,0,0,0,0,0,0,0,246,1091,0.0,0.0,0.0,0.0,0.0,0.0,0.0,0.0,0.0,0,0,0,0
631,Emmanuel,Agbadou,Agbadou,a,,,4.4,550,,0.2,348,,0.5,,,0,0,,-1,,39,499,0.1,3.2,0.5,1.0,,,,0.0,0.0,,,,,,,,,,,,,,,,,,,,,,,,,9,0,0,0,0,0,0,0,0,0,0,0,0,0,0,0,168,1812,0.0,0.0,0.0,0.0,0.0,0.0,0.0,0.0,0.0,0,0,0,0
632,Matt,Doherty,Doherty,a,Knee injury - 50% chance of playing,,4.4,493,,0.1,452,,0.5,,,0,0,,-1,,34,135,0.1,0.5,0.5,1.0,,,,100.0,100.0,,,,,,,,,,,,,,,,,,,,,,,,,9,0,0,0,0,0,0,0,0,0,0,0,0,0,0,0,172,355,0.0,0.0,0.0,0.0,0.0,0.0,0.0,0.0,0.0,0,0,0,0
633,Hugo,Bueno López,H.Bueno,a,,,4.4,539,,0.1,465,,3.0,,,1,0,,-1,,149,230,0.7,4.3,3.0,3.5,,,,100.0,100.0,,,,,,,,,,,,,,,,,,,,,,,,,9,1,84,0,0,0,2,0,0,0,0,0,0,1,0,10,1223,601,0.0,0.06,0.09999999999999987,0.16000000000000014,1.0599999999999996,19.799999999999983,36.099999999999994,5.0,6.099999999999994,3,4,4,11
634,Yerson,Mosquera Valdelamar,Mosquera,a,,,4.4,547,,0.1,569,,0.2,,,0,0,,-1,,27,55,0.0,0.9,0.2,0.7,,,,0.0,0.0,,,,,,,,,,,,,,,,,,,,,,,,,9,0,0,0,0,0,0,0,0,0,0,0,0,0,0,0,60,161,0.0,0.0,0.0,0.0,0.0,0.0,0.0,0.0,0.0,0,0,0,0
635,Rodrigo,Martins Gomes,R.Gomes,a,Groin Injury - Expected back 17 Jan,,4.5,432,,0.1,475,,0.8,,,1,0,,0,,91,151,0.2,2.9,0.8,1.3,,,,0.0,0.0,,,,,,,,,,,,,,,,,,,,,,,,,9,1,90,0,0,0,3,0,0,0,0,0,0,1,0,-1,335,408,0.0,0.22999999999999998,0.03,0.2599999999999999,1.4299999999999997,7.0,16.5,29.0,5.300000000000001,1,2,4,7
636,Santiago,Ignacio Bueno,S.Bueno,a,,,4.4,516,,0.1,477,,4.5,,,4,0,,-1,,202,208,1.0,5.0,4.5,5.0,,,,0.0,0.0,,,,,,,,,,,,,,,,,,,,,,,,,9,4,90,0,1,0,3,0,0,0,0,0,0,1,0,15,1074,562,0.0,0.050000000000000044,0.020000000000000018,0.07000000000000006,1.4300000000000006,29.200000000000003,3.6000000000000014,19.0,5.199999999999999,1,8,2,11
637,Toti,Gomes,Toti,a,,,4.3,599,,0.1,460,,0.2,,,0,0,,-2,,49,152,0.0,1.2,0.2,0.7,,,,100.0,100.0,,,,,,,,,,,,,,,,,,,,,,,,,9,0,0,0,0,0,0,0,0,0,0,0,0,0,0,0,170,424,0.0,0.0,0.0,0.0,0.0,0.0,0.0,0.0,0.0,0,0,0,0
638,Ki-Jana,Hoever,Hoever,a,,,4.0,645,,1.0,182,,0.5,,,1,0,,0,,80,1112,0.1,1.0,0.5,1.0,,,,100.0,100.0,,,,,,,,,,,,,,,,,,,,,,,,,9,1,75,0,0,0,2,0,0,0,0,0,0,1,0,2,239,4090,0.0,0.0,0.04999999999999999,0.04999999999999999,1.0499999999999998,9.200000000000003,2.3000000000000043,2.0,1.4000000000000004,1,3,2,6
639,Bastien,Meupiyou Menadjou,Meupiyou,u,On loan to FC Alverca,,4.0,684,,0.0,702,,0.0,,,0,0,,0,,0,6,0.0,0.0,0.0,0.0,,,,0.0,0.0,,,,,,,,,,,,,,,,,,,,,,,,,9,0,0,0,0,0,0,0,0,0,0,0,0,0,0,0,0,15,0.0,0.0,0.0,0.0,0.0,0.0,0.0,0.0,0.0,0,0,0,0
640,Pedro,Cardoso de Lima,Pedro Lima,u,has joined Porto on loan for the rest of the season.,,4.0,698,,0.5,234,,0.0,,,0,0,,0,,0,727,0.0,0.0,0.0,0.0,,,,0.0,0.0,,,,,,,,,,,,,,,,,,,,,,,,,9,0,0,0,0,0,0,0,0,0,0,0,0,0,0,0,0,1892,0.0,0.0,0.0,0.0,0.0,0.0,0.0,0.0,0.0,0,0,0,0
641,Alfie,Pond,Pond,a,,,3.9,725,,1.4,153,,0.0,,,0,0,,-1,,962,1916,0.0,0.0,0.0,0.5,,,,0.0,0.0,,,,,,,,,,,,,,,,,,,,,,,,,9,0,0,0,0,0,0,0,0,0,0,0,0,0,0,0,3165,4631,0.0,0.0,0.0,0.0,0.0,0.0,0.0,0.0,0.0,0,0,0,0
642,Hwang,Hee-chan,Hee Chan,a,,,5.8,108,,0.1,428,,0.8,,,1,-1,,-2,,99,437,0.1,2.4,0.8,1.3,,,,100.0,100.0,,,,,,,,,,,,,,,,,,,,,,,,,9,1,22,0,0,0,1,0,0,0,0,0,0,0,0,3,240,1719,0.0,0.0,0.009999999999999995,0.010000000000000009,0.3799999999999999,2.6000000000000014,11.5,0.0,1.4000000000000004,0,0,1,1
643,André,Trindade da Costa Neto,André,a,,,5.4,189,,0.1,507,,3.5,,,2,0,,-1,,108,122,0.6,4.3,3.5,4.0,,,,100.0,100.0,,,,,,,,,,,,,,,,,,,,,,,,,9,2,67,0,0,0,2,0,0,0,0,0,0,1,0,12,474,305,0.0,0.0,0.07,0.07,1.049999999999999,8.799999999999997,16.6,0.0,2.5,0,3,5,8
644,Jean-Ricner,Bellegarde,Bellegarde,a,,,5.2,224,,0.0,576,,0.8,,,1,-1,,-3,,31,57,0.2,1.7,0.8,1.3,,,,100.0,100.0,,,,,,,,,,,,,,,,,,,,,,,,,9,1,90,0,0,0,3,0,0,0,1,0,0,1,0,10,50,208,0.0,0.09999999999999998,0.12,0.22000000000000003,1.4299999999999997,13.999999999999996,14.099999999999994,15.0,4.300000000000001,3,1,2,6
645,Fer,López González,Fer López,a,,,5.3,216,,0.0,623,,0.2,,,0,0,,-2,,15,39,0.0,1.3,0.2,0.7,,,,0.0,0.0,,,,,,,,,,,,,,,,,,,,,,,,,9,0,0,0,0,0,0,0,0,0,0,0,0,0,0,0,36,96,0.0,0.0,0.0,0.0,0.0,0.0,0.0,0.0,0.0,0,0,0,0
646,João Victor,Gomes da Silva,Gomes,a,,,5.4,182,,0.1,472,,2.2,,,1,0,,-1,,83,224,0.4,3.9,2.2,2.7,,,,0.0,0.0,,,,,,,,,,,,,,,,,,,,,,,,,9,1,22,0,0,0,1,0,0,0,0,0,0,0,0,2,242,583,0.0,0.019999999999999962,0.020000000000000018,0.040000000000000036,0.3800000000000008,0.6000000000000085,1.8999999999999915,1.0,0.3999999999999986,1,0,5,6
647,Gonçalo Manuel,Ganchinho Guedes,Guedes,u,Has joined Real Sociedad permanently.,,5.5,142,,0.0,730,,0.0,,,0,0,,0,,0,2,0.0,0.0,0.0,0.0,,,,0.0,0.0,,,,,,,,,,,,,,,,,,,,,,,,,9,0,0,0,0,0,0,0,0,0,0,0,0,0,0,0,0,3,0.0,0.0,0.0,0.0,0.0,0.0,0.0,0.0,0.0,0,0,0,0
648,Marshall,Munetsi,Munetsi,a,,,5.4,178,,0.1,506,,5.2,,,8,0,,-1,,471,192,1.0,5.7,5.2,5.7,,,,0.0,0.0,,,,,,,,,,,,,,,,,,,,,,,,,9,8,83,1,0,0,2,0,0,0,0,0,0,1,1,27,1530,621,0.0,0.6300000000000001,0.0,0.6299999999999999,1.0599999999999987,42.400000000000006,1.1999999999999957,54.0,9.799999999999997,2,3,2,7
649,Boubacar,Traoré,B.Traore,u,Has joined FC Metz on loan for the rest of the season.,,5.0,272,,0.0,741,,0.0,,,0,0,,0,,0,1,0.0,0.0,0.0,0.0,,,,0.0,0.0,,,,,,,,,,,,,,,,,,,,,,,,,9,0,0,0,0,0,0,0,0,0,0,0,0,0,0,0,0,1,0.0,0.0,0.0,0.0,0.0,0.0,0.0,0.0,0.0,0,0,0,0
650,Tawanda,Chirewa,Chirewa,a,,,4.4,542,,0.3,319,,0.0,,,0,0,,-1,,82,410,0.0,0.0,0.0,0.5,,,,0.0,0.0,,,,,,,,,,,,,,,,,,,,,,,,,9,0,0,0,0,0,0,0,0,0,0,0,0,0,0,0,217,1091,0.0,0.0,0.0,0.0,0.0,0.0,0.0,0.0,0.0,0,0,0,0
651,Tom,Edozie,Edozie,a,,,4.4,572,,0.4,279,,0.0,,,0,0,,-1,,69,616,0.0,0.0,0.0,0.5,,,,0.0,0.0,,,,,,,,,,,,,,,,,,,,,,,,,9,0,0,0,0,0,0,0,0,0,0,0,0,0,0,0,260,1501,0.0,0.0,0.0,0.0,0.0,0.0,0.0,0.0,0.0,0,0,0,0
652,Enso,González Medina,Gonzalez,a,,,4.4,571,,1.5,150,,0.0,,,0,0,,-1,,552,2746,0.0,0.0,0.0,0.5,,,,0.0,0.0,,,,,,,,,,,,,,,,,,,,,,,,,9,0,0,0,0,0,0,0,0,0,0,0,0,0,0,0,1619,6564,0.0,0.0,0.0,0.0,0.0,0.0,0.0,0.0,0.0,0,0,0,0
653,Joe,Hodge,Hodge,u,Signed by CD Tondela,,4.5,414,,0.0,609,,0.0,,,0,0,,0,,0,46,0.0,0.0,0.0,0.0,,,,0.0,0.0,,,,,,,,,,,,,,,,,,,,,,,,,9,0,0,0,0,0,0,0,0,0,0,0,0,0,0,0,0,69,0.0,0.0,0.0,0.0,0.0,0.0,0.0,0.0,0.0,0,0,0,0
654,Jørgen,Strand Larsen,Strand Larsen,a,,,6.4,66,,1.4,156,,3.0,,,6,0,,-1,,1114,3727,0.5,2.7,3.0,3.5,,,,100.0,100.0,,,,,,,,,,,,,,,,,,,,,,,,,9,6,90,1,0,0,3,0,0,0,0,0,0,1,0,23,6336,10662,0.0,0.8300000000000001,0.12999999999999998,0.9599999999999999,1.4299999999999997,39.6,14.199999999999996,44.0,9.8,0,1,1,2
655,Fábio,Soares Silva,Fábio Silva,u,has joined Borussia Dortmund permanently.,,4.9,328,,0.2,354,,0.0,,,0,0,,-1,,0,262,0.0,0.0,0.0,0.0,,,,0.0,0.0,,,,,,,,,,,,,,,,,,,,,,,,,9,0,0,0,0,0,0,0,0,0,0,0,0,0,0,0,0,595,0.0,0.0,0.0,0.0,0.0,0.0,0.0,0.0,0.0,0,0,0,0
656,Saša,Kalajdžić,Kalajdžić,u,has joined LASK on loan for the rest of the season.,,4.9,321,,0.1,554,,0.0,,,0,0,,-1,,0,45,0.0,0.2,0.0,0.0,,,,0.0,0.0,,,,,,,,,,,,,,,,,,,,,,,,,9,0,0,0,0,0,0,0,0,0,0,0,0,0,0,0,0,117,0.0,0.0,0.0,0.0,0.0,0.0,0.0,0.0,0.0,0,0,0,0
657,Leon,Chiwome,Chiwome,i,Knee injury - Unknown return date,,4.4,568,,0.0,625,,0.0,,,0,0,,-1,,45,55,0.0,0.0,0.0,0.0,,,,0.0,0.0,,,,,,,,,,,,,,,,,,,,,,,,,9,0,0,0,0,0,0,0,0,0,0,0,0,0,0,0,163,150,0.0,0.0,0.0,0.0,0.0,0.0,0.0,0.0,0.0,0,0,0,0
658,Nathan,Fraser,Fraser,a,,,4.4,554,,2.0,132,,0.0,,,0,0,,-1,,519,3565,0.0,0.0,0.0,0.5,,,,0.0,0.0,,,,,,,,,,,,,,,,,,,,,,,,,9,0,0,0,0,0,0,0,0,0,0,0,0,0,0,0,1789,10562,0.0,0.0,0.0,0.0,0.0,0.0,0.0,0.0,0.0,0,0,0,0
663,Jhon,Arias,J.Arias,a,,,5.2,223,,0.2,342,,3.0,,,2,0,,-3,,78,574,0.6,3.5,3.0,3.5,,,,0.0,0.0,,,,,,,,,,,,,,,,,,,,,,,,,9,2,67,0,0,0,2,0,0,0,0,0,0,1,0,3,549,1674,0.0,0.5299999999999999,0.040000000000000036,0.5700000000000001,1.0499999999999998,3.200000000000003,20.30000000000001,14.0,3.8000000000000007,1,2,2,5
682,David,Møller Wolfe,Møller Wolfe,a,,,4.4,543,,0.1,532,,0.5,,,1,0,,-1,,15,77,0.1,1.8,0.5,1.0,,,,0.0,0.0,,,,,,,,,,,,,,,,,,,,,,,,,9,1,5,0,0,0,1,0,0,0,0,0,0,0,0,0,45,240,0.0,0.0,0.03,0.03,0.3700000000000001,4.200000000000003,4.5,0.0,0.8999999999999995,0,1,1,2
695,Jackson,Tchatchoua,Tchatchoua,a,,,4.5,444,,0.0,648,,1.8,,,1,0,,0,,25,64,0.4,2.4,1.8,2.3,,,,0.0,0.0,,,,,,,,,,,,,,,,,,,,,,,,,9,1,14,0,0,0,1,0,0,0,0,0,0,0,0,3,120,152,0.0,0.0,0.060000000000000005,0.06,0.3799999999999999,8.799999999999997,23.299999999999997,0.0,3.1999999999999993,0,0,0,0
709,Ladislav,Krejcí,Krejčí,a,,,4.5,419,,0.1,543,,1.8,,,4,0,,0,,94,143,0.4,3.3,1.8,2.3,,,,0.0,0.0,,,,,,,,,,,,,,,,,,,,,,,,,9,4,90,0,1,0,3,0,0,0,0,0,0,1,0,12,660,402,0.0,0.06999999999999995,0.69,0.76,1.4299999999999997,40.60000000000001,13.799999999999997,13.0,6.699999999999999,0,8,7,15
720,Tolu,Arokodare,Tolu,a,,,5.5,153,,0.1,548,,1.0,,,1,0,,0,,109,322,0.2,1.5,1.0,1.5,,,,0.0,0.0,,,,,,,,,,,,,,,,,,,,,,,,,9,1,6,0,0,0,1,0,0,0,0,0,0,0,0,3,332,983,0.0,0.0,0.0,0.0,0.3699999999999999,0.0,0.0,2.0,0.20000000000000107,0,0,0,0
749,Mateus,Mané,Mané,a,,,4.5,487,,0.0,694,,1.0,,,0,0,,0,,759,86,0.2,0.2,1.2,1.2,,,,0.0,0.0,,,,,,,,,,,,,,,,,,,,,,,,,9,0,0,0,0,0,0,0,0,0,0,0,0,0,0,0,0,0,0.0,0.0,0.0,0.0,0.0,0.0,0.0,0.0,0.0,0,0,0,0
