id,status,chance_of_playing_next_round,chance_of_playing_this_round,now_cost,now_cost_rank,now_cost_rank_type,cost_change_event,cost_change_event_fall,cost_change_start,cost_change_start_fall,selected_by_percent,selected_rank,selected_rank_type,total_points,event_points,points_per_game,points_per_game_rank,points_per_game_rank_type,bonus,bps,form,form_rank,form_rank_type,value_form,value_season,dreamteam_count,transfers_in,transfers_in_event,transfers_out,transfers_out_event,ep_next,ep_this,expected_goals,expected_assists,expected_goal_involvements,expected_goals_conceded,expected_goals_per_90,expected_assists_per_90,expected_goal_involvements_per_90,expected_goals_conceded_per_90,influence,influence_rank,influence_rank_type,creativity,creativity_rank,creativity_rank_type,threat,threat_rank,threat_rank_type,ict_index,ict_index_rank,ict_index_rank_type,corners_and_indirect_freekicks_order,direct_freekicks_order,penalties_order,gw,set_piece_threat,first_name,second_name,web_name,news,news_added,minutes,goals_scored,assists,clean_sheets,goals_conceded,own_goals,penalties_saved,penalties_missed,yellow_cards,red_cards,saves,starts,defensive_contribution,corners_and_indirect_freekicks_text,direct_freekicks_text,penalties_text,saves_per_90,clean_sheets_per_90,goals_conceded_per_90,starts_per_90,defensive_contribution_per_90,tackles,clearances_blocks_interceptions,recoveries
7,a,,,5.5,166,101,0,0,0,0,0.7,228,74,9,1,2.2,193,81,0,37,2.2,154,69,0.4,1.6,0,26038,588,35512,1851,2.2,2.2,0.16,0.23,0.39,1.02,0.05,0.08,0.13,0.34,21.6,213,86,38.8,96,65,16.0,143,73,7.0,184,86,,,,4,,Myles,Lewis-Skelly,Lewis-Skelly,,,271,0,0,2,1,0,0,0,0,0,0,4,14,,,,0.0,0.66,0.33,1.33,4.65,1,5,8
8,a,,,5.8,108,11,0,0,3,-3,49.5,3,1,28,6,7.0,17,6,2,79,7.0,9,2,1.2,4.8,0,1362049,48941,261848,6944,7.0,7.0,0.6,0.59,1.19,2.45,0.17,0.16,0.33,0.68,51.6,112,53,27.3,134,42,39.0,74,14,11.8,94,27,,,,4,,Riccardo,Calafiori,Calafiori,,,326,0,2,3,1,0,0,0,0,0,0,4,13,,,,0.0,0.83,0.28,1.1,3.59,3,10,8
9,a,,,5.3,232,32,0,0,-2,2,1.0,186,72,2,0,1.0,340,129,0,6,0.5,332,121,0.1,0.4,0,12737,477,99080,3017,0.5,0.5,0.0,0.0,0.0,0.28,0.0,0.0,0.0,0.79,6.4,293,118,1.0,306,114,2.0,276,106,1.0,322,118,,,,4,,Piero,Hincapié,Hincapie,,,32,0,0,0,0,0,0,0,0,0,0,0,3,,,,0.0,0.0,0.0,0.0,8.44,1,2,0
10,a,100.0,100.0,5.5,131,15,0,0,0,0,7.3,57,23,21,1,5.2,49,20,3,78,5.2,35,14,0.9,3.8,0,438700,7109,294707,35320,5.2,5.2,0.18,0.29,0.47,1.15,0.05,0.08,0.13,0.33,65.4,64,31,52.2,57,11,23.0,117,35,14.1,66,16,,,,4,,Benjamin,White,White,,,315,0,1,2,1,0,0,0,0,0,0,4,18,,,,0.0,0.57,0.29,1.14,5.14,6,12,9
11,d,50.0,50.0,5.4,221,29,0,0,-1,1,2.3,117,46,12,0,6.0,37,15,0,52,3.0,107,42,0.6,2.2,0,29724,35,392130,15278,1.5,1.5,0.0,0.01,0.01,0.53,0.0,0.01,0.01,0.28,24.6,204,87,2.0,282,101,0.0,602,210,2.7,274,105,,,,4,,Cristhian,Mosquera,Mosquera,Muscular injury - 50% chance of playing,,168,0,0,2,0,0,0,0,0,0,0,2,10,,,,0.0,1.07,0.0,1.07,5.36,0,10,3
12,a,,,9.5,4,3,0,0,0,0,11.5,36,14,30,8,7.5,8,5,4,123,7.5,3,2,0.8,3.2,0,474929,16553,293264,8342,7.5,7.5,2.88,0.43,3.31,2.58,0.77,0.12,0.89,0.69,94.4,22,11,61.9,40,35,147.0,3,1,30.3,5,4,2.0,2.0,1.0,4,,Bukayo,Saka,Saka,,,336,3,0,3,1,0,0,0,0,0,0,4,29,,,,0.0,0.8,0.27,1.07,7.77,5,8,16
13,a,,,7.4,18,11,0,0,-1,1,12.9,31,11,19,6,4.8,60,26,0,78,4.8,45,20,0.6,2.6,0,86528,3367,572395,13226,4.8,4.8,0.1,0.63,0.73,2.19,0.03,0.18,0.21,0.61,64.6,65,20,53.9,52,43,4.0,252,120,12.3,85,53,1.0,1.0,,4,,Declan,Rice,Rice,,,321,0,2,3,1,0,0,0,0,0,0,4,34,,,,0.0,0.84,0.28,1.12,9.53,5,16,13
14,a,,,6.3,52,36,0,0,-2,2,1.2,173,56,3,1,1.0,375,175,0,13,0.8,300,139,0.1,0.5,0,18295,402,118276,3473,0.8,0.8,0.04,0.07,0.11,0.79,0.05,0.09,0.14,1.05,1.6,344,158,3.8,249,132,3.0,261,127,0.7,335,153,,3.0,,4,,Eberechi,Eze,Eze,,,68,0,0,0,0,0,0,0,0,0,0,0,5,,,,0.0,0.0,0.0,0.0,6.62,0,0,5
15,a,,,6.7,31,20,0,0,2,-2,18.7,17,7,27,3,6.8,21,11,6,127,6.8,12,7,1.0,4.0,0,1280365,50921,339599,12178,6.8,6.8,1.01,1.3,2.31,2.46,0.3,0.38,0.68,0.73,102.4,11,7,102.5,12,12,66.0,37,22,27.1,11,9,,4.0,3.0,4,,Martin,Ødegaard,Ødegaard,,,305,2,0,3,1,0,0,0,0,0,0,4,21,,,,0.0,0.89,0.3,1.18,6.2,6,4,11
16,a,,,6.3,53,37,0,0,-2,2,0.2,328,117,2,0,1.0,376,176,0,11,0.5,349,161,0.1,0.3,0,4166,79,21434,650,0.5,0.5,0.0,0.05,0.05,0.15,0.0,0.2,0.2,0.59,11.6,259,107,43.9,77,55,0.0,648,288,5.6,216,99,5.0,,,4,,Noni,Madueke,Madueke,,,23,0,0,0,0,0,0,0,0,0,0,0,3,,,,0.0,0.0,0.0,0.0,11.74,1,0,2
17,a,,,5.8,103,66,0,0,-2,2,0.4,264,88,3,1,0.8,384,180,0,15,0.8,297,137,0.1,0.5,0,7609,217,40238,1262,0.8,0.8,0.14,0.02,0.16,0.26,0.25,0.04,0.29,0.46,6.4,295,126,3.3,258,136,14.0,163,80,2.4,282,124,,,,4,,Mikel,Merino Zazón,Merino,,,51,0,0,0,0,0,0,0,1,0,0,0,6,,,,0.0,0.0,0.0,0.0,10.59,0,0,6
18,u,0.0,0.0,6.3,54,38,0,0,-2,2,0.1,440,170,0,0,0.0,650,288,0,0,0.0,650,288,0.0,0.0,0,2483,0,20135,333,0.0,0.0,0.0,0.0,0.0,0.0,0.0,0.0,0.0,0.0,0.0,649,289,0.0,650,289,0.0,649,289,0.0,649,289,,,,4,,Gabriel,Martinelli Silva,Martinelli,Has joined Al Hilal permanently,,0,0,0,0,0,0,0,0,0,0,0,0,0,,,,0.0,0.0,0.0,0.0,0.0,0,0,0
19,a,,,5.3,234,147,-1,1,-2,2,0.7,227,73,4,1,1.0,341,152,0,14,1.0,257,114,0.2,0.8,0,6757,186,55297,1716,1.0,1.0,0.08,0.04,0.12,0.68,0.12,0.06,0.18,1.04,10.0,269,114,4.0,247,131,11.0,186,91,2.5,278,121,,,,4,,Martín,Zubimendi Ibáñez,Zubimendi,,,59,0,0,0,0,0,0,0,0,0,0,0,11,,,,0.0,0.0,0.0,0.0,16.78,4,4,3
20,a,,,5.3,236,149,0,0,-2,2,0.1,471,186,0,0,0.0,614,261,0,0,0.0,614,261,0.0,0.0,0,1781,71,5846,177,0.0,0.0,0.0,0.0,0.0,0.0,0.0,0.0,0.0,0.0,0.0,595,251,0.0,602,257,0.0,585,245,0.0,602,254,,,,4,,Max,Dowman,Dowman,,,0,0,0,0,0,0,0,0,0,0,0,0,0,,,,0.0,0.0,0.0,0.0,0.0,0,0,0
22,u,0.0,0.0,5.4,220,140,0,0,-1,1,0.0,616,262,0,0,0.0,624,268,0,0,0.0,624,268,0.0,0.0,0,233,0,1106,22,0.0,0.0,0.0,0.0,0.0,0.0,0.0,0.0,0.0,0.0,0.0,609,261,0.0,614,265,0.0,601,257,0.0,615,263,,,,4,,Ethan,Nwaneri,Nwaneri,Has joined Borussia Dortmund on loan for the rest of the season,,0,0,0,0,0,0,0,0,0,0,0,0,0,,,,0.0,0.0,0.0,0.0,0.0,0,0,0
23,u,0.0,0.0,5.5,149,89,0,0,0,0,0.0,618,263,0,0,0.0,634,274,0,0,0.0,634,274,0.0,0.0,0,255,0,800,9,0.0,0.0,0.0,0.0,0.0,0.0,0.0,0.0,0.0,0.0,0.0,622,269,0.0,628,271,0.0,619,265,0.0,628,271,,,,4,,Fábio,Ferreira Vieira,Fábio Vieira,Has joined Hamburger SV permanently,,0,0,0,0,0,0,0,0,0,0,0,0,0,,,,0.0,0.0,0.0,0.0,0.0,0,0,0
24,u,0.0,0.0,5.5,132,80,0,0,0,0,0.0,631,272,0,0,0.0,630,270,0,0,0.0,630,270,0.0,0.0,0,68,0,600,12,0.0,0.0,0.0,0.0,0.0,0.0,0.0,0.0,0.0,0.0,0.0,618,265,0.0,623,267,0.0,613,260,0.0,624,267,,,,4,,Reiss,Nelson,Nelson,has departed the club as a free agent.,,0,0,0,0,0,0,0,0,0,0,0,0,0,,,,0.0,0.0,0.0,0.0,0.0,0,0,0
25,a,,,7.2,23,8,0,0,-3,3,3.6,90,12,1,0,1.0,381,47,0,2,0.2,399,48,0.0,0.1,0,23644,577,547507,10209,0.2,0.2,0.0,0.0,0.0,0.11,0.0,0.0,0.0,0.82,0.0,653,76,0.1,354,45,0.0,653,76,0.0,653,76,,,2.0,4,,Viktor,Gyökeres,Gyökeres,,,12,0,0,0,0,0,0,0,0,0,0,0,1,,,,0.0,0.0,0.0,0.0,7.5,0,0,1
26,a,,,7.6,17,6,1,-1,1,-1,8.0,51,7,17,1,4.2,81,7,2,77,4.2,61,5,0.6,2.2,0,473488,17597,269538,12037,4.2,4.2,0.89,0.35,1.24,2.6,0.23,0.09,0.32,0.67,82.6,38,4,53.6,53,2,105.0,9,5,24.1,15,4,,,,4,,Kai,Havertz,Havertz,,,347,2,0,3,1,0,0,0,1,0,0,4,10,,,,0.0,0.78,0.26,1.04,2.59,0,4,6
27,u,0.0,0.0,5.9,87,23,0,0,-1,1,0.2,350,54,0,0,0.0,640,76,0,0,0.0,640,76,0.0,0.0,0,4164,0,26458,475,0.0,0.0,0.0,0.0,0.0,0.0,0.0,0.0,0.0,0.0,0.0,633,71,0.0,636,75,0.0,633,73,0.0,636,74,,,,4,,Gabriel,Fernando de Jesus,G.Jesus,Has joined FC Barcelona permanently,,0,0,0,0,0,0,0,0,0,0,0,0,0,,,,0.0,0.0,0.0,0.0,0.0,0,0,0
31,a,,,4.5,454,96,0,0,0,0,17.2,22,6,11,6,3.7,94,40,0,34,2.8,117,45,0.6,2.4,0,1089247,59034,531435,5857,2.8,2.8,0.0,0.01,0.01,2.19,0.0,0.0,0.0,1.03,22.6,209,89,1.5,291,104,4.0,240,88,2.8,271,103,,,,4,,Ezri,Konsa Ngoyo,Konsa,,,191,0,0,1,1,0,0,0,0,0,0,2,19,,,,0.0,0.47,0.47,0.94,8.95,5,14,6
452,a,100.0,100.0,6.7,32,21,-1,1,-3,3,1.7,141,43,8,7,4.0,90,35,1,33,2.0,180,84,0.3,1.2,0,11159,2412,229271,2081,2.0,2.0,0.09,0.15,0.24,1.57,0.13,0.21,0.34,2.21,1.4,347,160,0.8,316,157,2.0,289,140,0.4,347,159,4.0,,4.0,4,,Bruno,Guimarães Rodriguez Moura,Bruno G.,,,64,1,0,0,0,0,0,0,0,0,0,0,6,,,,0.0,0.0,0.0,0.0,8.44,1,1,4
557,a,,,6.4,44,30,0,0,-1,1,15.7,26,10,14,3,3.5,108,43,1,72,3.5,85,34,0.5,2.2,0,415981,5219,1203104,42834,3.5,3.5,0.19,0.48,0.67,1.96,0.06,0.15,0.21,0.61,47.6,124,45,101.6,13,13,38.0,78,47,18.8,33,25,3.0,,,4,,Christos,Tzolis,Tzolis,,,290,0,2,2,1,0,0,0,2,0,0,4,20,,,,0.0,0.62,0.31,1.24,6.21,3,6,11
29,a,,,4.5,427,24,0,0,0,0,0.1,380,43,1,0,1.0,292,23,0,1,0.2,360,23,0.0,0.2,0,4238,60,5073,189,0.2,0.2,0.0,0.0,0.0,3.77,0.0,0.0,0.0,3.77,28.2,192,21,0.0,422,30,0.0,369,27,2.8,270,21,,,,4,,Marco,Bizot,M.Bizot,,,90,0,0,0,4,0,0,0,0,0,3,1,0,,,,3.0,0.0,4.0,1.0,0.0,0,2,6
30,u,0.0,0.0,4.5,432,84,0,0,0,0,0.1,489,175,0,0,0.0,465,180,0,0,0.0,465,180,0.0,0.0,0,0,0,8079,99,0.0,0.0,0.0,0.0,0.0,0.0,0.0,0.0,0.0,0.0,0.0,428,171,0.0,425,171,0.0,372,158,0.0,434,169,,,,4,,Lucas,Digne,Digne,Has joined Paris Saint-Germain permanently,,0,0,0,0,0,0,0,0,0,0,0,0,0,,,,0.0,0.0,0.0,0.0,0.0,0,0,0
32,d,75.0,75.0,4.5,453,95,0,0,0,0,5.9,67,27,7,0,2.3,176,68,0,23,1.8,186,70,0.4,1.6,0,87586,199,305449,22152,1.4,1.4,0.15,0.04,0.19,5.03,0.05,0.01,0.06,1.8,32.4,181,81,19.2,174,54,13.0,166,57,6.5,196,76,1.0,,,4,,Matty,Cash,Cash,Muscular injury - 75% chance of playing,,251,0,0,1,5,0,0,0,1,0,0,3,14,,,,0.0,0.36,1.79,1.08,5.02,6,8,2
33,a,,,4.5,440,85,0,0,0,0,0.4,274,100,7,0,2.3,175,67,0,33,1.8,184,68,0.4,1.6,0,11602,415,11570,703,1.8,1.8,0.2,0.02,0.22,2.87,0.11,0.01,0.12,1.51,16.8,236,99,4.4,243,82,13.0,165,56,3.4,254,97,,,,4,,Tyrone,Mings,Mings,,,171,0,0,1,2,0,0,0,1,0,0,1,11,,,,0.0,0.53,1.05,0.53,5.79,3,8,4
34,d,75.0,,4.5,478,113,0,0,0,0,0.4,271,99,3,1,1.0,295,113,0,-4,0.8,274,100,0.2,0.7,0,11097,141,16154,1171,0.6,0.8,0.0,0.01,0.01,4.79,0.0,0.0,0.0,2.31,11.0,264,110,1.5,292,105,0.0,396,166,1.2,315,117,,,,4,,Pau,Torres,Pau,Hamstring injury - 75% chance of playing,,187,0,0,0,5,0,0,0,0,0,0,3,9,,,,0.0,0.0,2.41,1.44,4.33,1,8,9
35,a,,,5.0,324,192,0,0,0,0,0.1,470,185,1,0,1.0,333,147,0,3,0.2,384,176,0.0,0.2,0,2348,81,3527,160,0.2,0.2,0.0,0.0,0.0,0.22,0.0,0.0,0.0,1.24,2.2,340,156,0.5,330,163,0.0,565,231,0.3,352,162,,,,4,,Lamare,Bogarde,Bogarde,,,16,0,0,0,0,0,0,0,0,0,0,0,1,,,,0.0,0.0,0.0,0.0,5.62,0,1,0
36,d,25.0,,4.5,485,119,0,0,0,0,0.8,209,81,9,1,2.2,186,73,1,22,2.2,143,55,0.5,2.0,0,31748,454,28780,4285,0.6,2.2,0.28,0.45,0.73,6.54,0.08,0.12,0.2,1.76,24.6,202,86,21.1,163,53,19.0,124,37,6.4,202,78,,,,4,,Ian,Maatsen,Maatsen,Ankle injury - 25% chance of playing,,335,0,0,1,7,0,0,0,1,0,0,4,24,,,,0.0,0.27,1.88,1.07,6.45,7,17,10
37,a,,,4.5,450,92,0,0,0,0,0.3,292,106,7,1,1.8,231,85,0,27,1.8,185,69,0.4,1.6,0,10522,424,9456,350,1.8,1.8,0.44,0.17,0.61,7.66,0.11,0.04,0.15,1.92,39.2,150,68,26.2,140,45,2.0,265,98,6.7,192,74,,,,4,,Victor,Lindelöf,Lindelöf,,,360,0,0,1,7,1,0,0,0,0,0,4,16,,,,0.0,0.25,1.75,1.0,4.0,1,15,5
38,a,,,4.0,651,209,0,0,0,0,1.6,144,59,0,0,0.0,452,172,0,0,0.0,452,172,0.0,0.0,0,37718,1424,49628,1901,0.0,0.0,0.0,0.0,0.0,0.0,0.0,0.0,0.0,0.0,0.0,414,162,0.0,409,162,0.0,354,147,0.0,420,160,,,,4,,Andrés,García,A.García,,,0,0,0,0,0,0,0,0,0,0,0,0,0,,,,0.0,0.0,0.0,0.0,0.0,0,0,0
39,u,0.0,0.0,4.0,648,207,0,0,0,0,0.1,369,142,0,0,0.0,450,171,0,0,0.0,450,171,0.0,0.0,0,0,0,13609,197,0.0,0.0,0.0,0.0,0.0,0.0,0.0,0.0,0.0,0.0,0.0,412,161,0.0,407,161,0.0,351,145,0.0,418,159,,,,4,,Kosta,Nedeljkovic,Nedeljkovic,Has joined Rangers on loan for the rest of the season,,0,0,0,0,0,0,0,0,0,0,0,0,0,,,,0.0,0.0,0.0,0.0,0.0,0,0,0
41,a,,,5.9,86,56,0,0,-1,1,1.0,184,58,9,2,2.2,195,83,0,23,2.2,157,71,0.4,1.5,0,42093,514,71685,3821,2.2,2.2,0.78,0.17,0.95,6.3,0.23,0.05,0.28,1.82,5.0,307,136,40.3,91,62,24.0,115,59,6.3,204,93,3.0,1.0,1.0,4,,Emiliano,Buendía Stati,Buendía,,,311,0,0,1,6,0,0,0,0,0,0,4,19,,,,0.0,0.29,1.74,1.16,5.5,2,3,14
44,u,0.0,0.0,5.4,194,123,0,0,-1,1,0.1,467,184,0,0,0.0,619,264,0,0,0.0,619,264,0.0,0.0,0,2096,0,11410,327,0.0,0.0,0.0,0.0,0.0,0.0,0.0,0.0,0.0,0.0,0.0,600,254,0.0,607,260,0.0,592,250,0.0,607,257,,,,4,,Leon,Bailey,Bailey,Has joined Olympiakos permanently,,0,0,0,0,0,0,0,0,0,0,0,0,0,,,,0.0,0.0,0.0,0.0,0.0,0,0,0
45,a,,,5.4,184,115,0,0,-1,1,2.3,119,38,11,6,2.8,155,64,1,46,2.8,123,54,0.5,2.0,0,47322,2305,125440,3064,2.8,2.8,0.77,0.2,0.97,7.51,0.2,0.05,0.25,1.93,3.0,331,149,20.0,170,96,15.0,154,76,3.3,259,113,2.0,,,4,,John,McGinn,McGinn,,,351,0,1,1,7,0,0,0,2,0,0,4,24,,,,0.0,0.26,1.79,1.03,6.15,5,6,13
46,a,,,5.0,241,151,0,0,0,0,0.3,303,103,9,2,2.2,187,75,0,63,2.2,145,61,0.4,1.8,0,13157,294,11019,546,2.2,2.2,0.38,0.14,0.52,6.58,0.11,0.04,0.15,1.96,35.8,164,61,78.8,25,22,24.0,112,57,13.9,68,44,4.0,,,4,,Ross,Barkley,Barkley,,,302,0,0,1,6,0,0,0,0,0,0,4,24,,,,0.0,0.3,1.79,1.19,7.15,7,4,13
47,a,100.0,100.0,5.0,274,167,0,0,0,0,0.3,290,99,9,2,2.2,189,77,0,59,2.2,148,63,0.4,1.8,0,11533,312,15919,705,2.2,2.2,0.0,0.15,0.15,7.66,0.0,0.04,0.04,1.92,35.4,166,63,43.2,79,56,0.0,534,217,7.9,161,74,,,,4,,Boubacar,Kamara,Kamara,,,360,0,0,1,7,0,0,0,0,0,0,4,30,,,,0.0,0.25,1.75,1.0,7.5,7,10,13
48,i,0.0,0.0,4.9,388,233,-1,1,-1,1,0.0,580,240,0,0,0.0,556,226,0,0,0.0,556,226,0.0,0.0,0,413,8,1401,34,0.0,0.0,0.0,0.0,0.0,0.0,0.0,0.0,0.0,0.0,0.0,530,212,0.0,530,219,0.0,492,190,0.0,537,216,,,,4,,Amadou,Onana,Onana,Knee injury - Unknown return date,,0,0,0,0,0,0,0,0,0,0,0,0,0,,,,0.0,0.0,0.0,0.0,0.0,0,0,0
551,a,,,5.0,330,196,0,0,0,0,0.1,379,138,12,2,3.0,137,54,0,54,3.0,105,45,0.6,2.4,0,11691,130,7969,328,3.0,3.0,0.15,0.12,0.27,3.81,0.05,0.04,0.09,1.35,48.6,118,42,25.7,143,84,32.0,92,51,10.6,117,58,,1.0,,4,,Nilson,Angulo,N.Angulo,,,254,1,0,1,3,0,0,0,1,0,0,4,20,,,,0.0,0.35,1.06,1.42,7.09,5,2,13
49,u,0.0,0.0,5.0,295,175,0,0,0,0,0.0,649,287,0,0,0.0,585,244,0,0,0.0,585,244,0.0,0.0,0,0,0,210,5,0.0,0.0,0.0,0.0,0.0,0.0,0.0,0.0,0.0,0.0,0.0,564,233,0.0,569,239,0.0,547,222,0.0,571,236,,,,4,,Samuel,Iling-Junior,Iling Jr,Has joined Bolton Wanderers on loan for the rest of the season,,0,0,0,0,0,0,0,0,0,0,0,0,0,,,,0.0,0.0,0.0,0.0,0.0,0,0,0
50,a,,,4.5,556,289,0,0,0,0,0.6,232,77,0,0,0.0,534,212,0,0,0.0,534,212,0.0,0.0,0,19254,390,25572,1078,0.0,0.0,0.0,0.0,0.0,0.0,0.0,0.0,0.0,0.0,0.0,503,194,0.0,502,202,0.0,461,171,0.0,509,198,,,,4,,Bradley,Burrowes,Burrowes,,,0,0,0,0,0,0,0,0,0,0,0,0,0,,,,0.0,0.0,0.0,0.0,0.0,0,0,0
51,a,,,4.5,534,277,0,0,0,0,1.3,165,53,8,1,2.0,204,84,0,32,2.0,162,72,0.4,1.8,0,101233,2626,44736,2077,2.0,2.0,0.07,0.16,0.23,5.39,0.02,0.05,0.07,1.74,23.2,205,82,29.4,130,79,23.0,116,60,7.5,169,77,,,,4,,George,Hemmings,George Hemmings,,,279,0,0,1,5,0,0,0,0,0,0,4,19,,,,0.0,0.32,1.61,1.29,6.13,6,3,10
52,a,,,5.0,351,210,0,0,0,0,0.0,501,200,8,6,2.0,214,92,0,34,2.0,167,76,0.4,1.6,0,1907,229,2293,55,2.0,2.0,0.06,0.0,0.06,2.4,0.06,0.0,0.06,2.48,5.4,299,130,2.6,266,139,2.0,275,130,1.0,321,146,,,,4,,Alysson Edward Franco,da Rocha dos Santos,Alysson,,,87,1,0,0,2,0,0,0,1,0,0,0,8,,,,0.0,0.0,2.07,0.0,8.28,2,2,4
53,a,100.0,50.0,5.9,101,65,0,0,-1,1,0.1,388,143,1,1,1.0,370,172,0,3,0.2,396,186,0.0,0.2,0,1448,305,15797,168,0.2,0.1,0.0,0.08,0.08,0.86,0.0,0.27,0.27,2.87,0.0,640,283,0.0,642,283,0.0,640,282,0.0,642,283,,,,4,,Johan,Manzambi,Manzambi,,,27,0,0,0,1,0,0,0,0,0,0,0,2,,,,0.0,0.0,3.33,0.0,6.67,1,0,1
54,a,100.0,0.0,5.5,152,91,0,0,0,0,0.0,519,209,-2,0,-2.0,657,293,0,-2,-0.5,657,293,-0.1,-0.4,0,437,62,3628,46,-0.5,0.0,0.0,0.01,0.01,2.58,0.0,0.02,0.02,5.95,1.0,352,164,11.0,217,115,0.0,620,266,1.2,316,142,,,,4,,Joao,Gomes,Gomes,,,39,0,0,0,4,0,0,0,0,1,0,1,7,,,,0.0,0.0,9.23,2.31,16.15,4,1,2
55,u,0.0,0.0,7.8,13,4,0,0,-2,2,2.9,103,15,0,0,0.0,656,78,0,0,0.0,656,78,0.0,0.0,0,14882,0,719628,7497,0.0,0.0,0.0,0.0,0.0,0.0,0.0,0.0,0.0,0.0,0.0,657,78,0.0,657,78,0.0,657,78,0.0,657,78,,,,4,,Ollie,Watkins,Watkins,Has joined Al Hilal permanently,,0,0,0,0,0,0,0,0,0,0,0,0,0,,,,0.0,0.0,0.0,0.0,0.0,0,0,0
56,a,100.0,100.0,5.5,129,34,0,0,0,0,0.2,359,55,3,1,1.0,358,42,0,10,0.8,295,35,0.1,0.5,0,10036,328,8623,372,0.8,0.8,0.0,0.0,0.0,2.26,0.0,0.0,0.0,2.95,2.0,342,37,2.3,274,34,0.0,611,72,0.4,344,39,,,,4,,Tammy,Abraham,Abraham,,,69,0,0,0,2,0,0,0,0,0,0,0,2,,,,0.0,0.0,2.61,0.0,2.61,1,0,1
160,a,,,5.8,111,70,-1,1,-2,2,0.4,281,93,3,0,1.0,366,170,0,9,0.8,299,138,0.1,0.5,0,6219,110,32905,1493,0.8,0.8,0.0,0.0,0.0,0.49,0.0,0.0,0.0,1.42,1.2,351,163,3.6,252,133,0.0,630,275,0.5,340,156,,,,4,,Alejandro,Garnacho Ferreyra,Garnacho,,,31,0,0,0,0,0,0,0,0,0,0,0,2,,,,0.0,0.0,0.0,0.0,5.81,0,0,2
166,a,,,6.5,42,11,0,0,0,0,1.3,166,24,4,0,1.3,272,32,0,21,1.0,268,31,0.2,0.6,0,128553,2125,46712,5911,1.0,1.0,0.24,0.58,0.82,1.62,0.11,0.26,0.37,0.73,5.4,302,30,23.4,149,14,22.0,119,23,5.1,225,25,,,2.0,4,,Nicolas,Jackson,N.Jackson,,,199,0,0,1,1,0,0,0,1,0,0,3,5,,,,0.0,0.45,0.45,1.36,2.26,0,0,5
582,i,0.0,0.0,5.4,231,50,-1,1,-1,1,0.2,313,50,0,0,0.0,627,74,0,0,0.0,627,74,0.0,0.0,0,2449,32,24866,740,0.0,0.0,0.0,0.0,0.0,0.0,0.0,0.0,0.0,0.0,0.0,615,68,0.0,618,73,0.0,607,70,0.0,621,72,,,,4,,Brian,Madjo,Madjo,Unspecified injury - Unknown return date,,0,0,0,0,0,0,0,0,0,0,0,0,0,,,,0.0,0.0,0.0,0.0,0.0,0,0,0
596,a,,,4.5,499,126,0,0,0,0,0.1,437,158,2,0,1.0,299,116,0,6,0.5,317,115,0.1,0.4,0,1930,66,4301,211,0.5,0.5,0.0,0.01,0.01,0.49,0.0,0.04,0.04,1.92,6.6,289,115,2.6,265,92,0.0,411,174,0.9,323,119,,,,4,,Matteo,Ruggeri,Ruggeri,,,23,0,0,0,0,0,0,0,0,0,0,0,3,,,,0.0,0.0,0.0,0.0,11.74,2,1,2
597,a,,,5.0,284,12,0,0,0,0,1.8,134,20,14,2,4.7,61,5,3,63,3.5,78,9,0.7,2.8,0,124232,3254,39557,2508,3.5,3.5,0.0,0.01,0.01,3.89,0.0,0.0,0.0,1.3,40.8,146,18,0.0,565,64,0.0,541,64,4.1,242,18,,,,4,,Zion,Suzuki,Suzuki,,,270,0,0,1,3,0,0,0,0,0,10,3,0,,,,3.33,0.33,1.0,1.0,0.0,0,5,31
606,a,,,4.0,643,202,0,0,0,0,0.2,358,136,0,0,0.0,446,167,0,0,0.0,446,167,0.0,0.0,0,11228,354,3889,233,0.0,0.0,0.0,0.0,0.0,0.0,0.0,0.0,0.0,0.0,0.0,408,157,0.0,403,157,0.0,346,140,0.0,414,155,,,,4,,Triston,Rowe,Rowe,,,0,0,0,0,0,0,0,0,0,0,0,0,0,,,,0.0,0.0,0.0,0.0,0.0,0,0,0
607,u,0.0,0.0,4.5,529,275,0,0,0,0,0.1,443,171,0,0,0.0,515,201,0,0,0.0,515,201,0.0,0.0,0,7103,0,6325,248,0.0,0.0,0.0,0.0,0.0,0.0,0.0,0.0,0.0,0.0,0.0,482,183,0.0,481,191,0.0,439,160,0.0,488,187,,,,4,,Luka,Lynch,Lynch,Has joined Oxford United on loan until January,,0,0,0,0,0,0,0,0,0,0,0,0,0,,,,0.0,0.0,0.0,0.0,0.0,0,0,0
611,a,,,4.5,458,98,0,0,0,0,0.2,344,130,5,3,1.7,241,89,0,18,1.7,205,78,0.4,1.1,0,13005,747,4254,233,1.7,1.7,0.0,0.06,0.06,2.63,0.0,0.05,0.05,2.21,6.4,292,117,1.7,287,103,0.0,386,160,0.8,330,122,,,,4,,Aaron,Wan-Bissaka,Wan-Bissaka,,,107,0,0,0,2,0,0,0,0,0,0,1,15,,,,0.0,0.0,1.68,0.84,12.62,7,8,1
618,i,0.0,0.0,6.0,61,43,0,0,0,0,0.0,517,207,0,0,0.0,646,284,0,0,0.0,646,284,0.0,0.0,0,4569,7,3329,379,0.0,0.0,0.0,0.0,0.0,0.0,0.0,0.0,0.0,0.0,0.0,641,284,0.0,643,284,0.0,641,283,0.0,643,284,,,,4,,Leon,Goretzka,Goretzka,Knee injury - Expected back 10 Oct,,0,0,0,0,0,0,0,0,0,0,0,0,0,,,,0.0,0.0,0.0,0.0,0.0,0,0,0
630,a,,,4.5,479,114,0,0,0,0,0.0,584,198,0,0,0.0,483,186,0,0,0.0,483,186,0.0,0.0,0,1651,53,528,73,0.0,0.0,0.0,0.0,0.0,0.0,0.0,0.0,0.0,0.0,0.0,448,178,0.0,446,178,0.0,397,167,0.0,454,176,,,,4,,Taylor,Harwood-Bellis,Harwood-Bellis,,,0,0,0,0,0,0,0,0,0,0,0,0,0,,,,0.0,0.0,0.0,0.0,0.0,0,0,0
631,a,,,6.0,81,53,0,0,0,0,0.1,485,192,1,1,1.0,373,173,0,6,0.5,346,159,0.1,0.2,0,7149,306,2460,250,0.5,0.5,0.02,0.13,0.15,0.86,0.07,0.43,0.5,2.87,0.0,647,287,0.0,648,287,0.0,646,286,0.0,647,287,,,,4,,Ibrahim,Mbaye,Mbaye,,,27,0,0,0,1,0,0,0,0,0,0,0,2,,,,0.0,0.0,3.33,0.0,6.67,1,0,1
57,a,,,4.5,489,39,0,0,0,0,3.2,97,16,7,1,1.8,234,19,0,33,1.8,190,16,0.4,1.6,0,99923,1059,89735,3604,1.8,1.8,0.0,0.0,0.0,5.3,0.0,0.0,0.0,1.32,74.0,43,7,0.0,452,45,0.0,404,42,7.4,172,7,,,,4,,Đorđe,Petrović,Petrović,,,360,0,0,0,7,0,0,0,0,0,9,4,0,,,,2.25,0.0,1.75,1.0,0.0,0,6,31
58,a,,,4.0,582,50,0,0,0,0,3.4,92,15,0,0,0.0,402,25,0,0,0.0,402,25,0.0,0.0,0,89728,3039,57797,1595,0.0,0.0,0.0,0.0,0.0,0.0,0.0,0.0,0.0,0.0,0.0,364,24,0.0,357,5,0.0,297,2,0.0,369,24,,,,4,,Fraser,Forster,Forster,,,0,0,0,0,0,0,0,0,0,0,0,0,0,,,,0.0,0.0,0.0,0.0,0.0,0,0,0
59,u,0.0,0.0,4.0,616,65,0,0,0,0,0.1,377,42,0,0,0.0,426,40,0,0,0.0,426,40,0.0,0.0,0,1133,0,6068,159,0.0,0.0,0.0,0.0,0.0,0.0,0.0,0.0,0.0,0.0,0.0,388,39,0.0,383,20,0.0,325,17,0.0,394,39,,,,4,,Will,Dennis,Dennis,Has joined MK Dons permanently,,0,0,0,0,0,0,0,0,0,0,0,0,0,,,,0.0,0.0,0.0,0.0,0.0,0,0,0
60,a,,,5.5,155,20,0,0,0,0,0.8,206,79,8,2,2.0,216,82,0,28,2.0,170,64,0.4,1.5,0,24976,556,30415,1451,2.0,2.0,0.0,0.77,0.77,5.3,0.0,0.19,0.19,1.32,54.0,102,46,52.8,55,9,6.0,230,81,11.3,101,32,,,,4,,James,Hill,Hill,,,360,0,0,0,7,0,0,0,1,0,0,4,35,,,,0.0,0.0,1.75,1.0,8.75,5,30,8
61,a,,,5.5,164,22,0,0,0,0,3.4,93,35,8,3,2.0,218,83,2,47,2.0,171,65,0.4,1.5,0,46376,1027,117774,3989,2.0,2.0,0.09,0.23,0.32,5.3,0.02,0.06,0.08,1.32,53.4,105,48,40.7,90,23,6.0,231,82,10.1,125,48,,,,4,,Adrien,Truffert,Truffert,,,360,0,0,0,7,0,0,0,1,0,0,4,38,,,,0.0,0.0,1.75,1.0,9.5,15,23,21
62,a,,,5.0,280,46,0,0,0,0,0.2,356,134,0,0,0.0,580,207,0,0,0.0,580,207,0.0,0.0,0,5885,143,9234,397,0.0,0.0,0.0,0.0,0.0,0.0,0.0,0.0,0.0,0.0,0.0,559,205,0.0,562,205,0.0,538,202,0.0,566,205,,,,4,,Bafodé,Diakité,Diakité,,,0,0,0,0,0,0,0,0,0,0,0,0,0,,,,0.0,0.0,0.0,0.0,0.0,0,0,0
63,i,0.0,0.0,4.9,414,76,-1,1,-1,1,0.0,612,208,0,0,0.0,564,203,0,0,0.0,564,203,0.0,0.0,0,238,6,721,19,0.0,0.0,0.0,0.0,0.0,0.0,0.0,0.0,0.0,0.0,0.0,541,200,0.0,541,200,0.0,507,195,0.0,548,199,,,,4,,Veljko,Milosavljevic,Milosavljević,Thigh injury - Unknown return date,,0,0,0,0,0,0,0,0,0,0,0,0,0,,,,0.0,0.0,0.0,0.0,0.0,0,0,0
64,a,,,4.5,425,81,0,0,0,0,0.1,381,143,2,0,0.5,394,141,0,11,0.5,310,110,0.1,0.4,0,6136,156,5120,273,0.5,0.5,0.01,0.07,0.08,5.3,0.0,0.02,0.02,1.32,32.2,182,82,41.6,84,21,4.0,238,86,7.8,162,64,,,,4,,Adam,Smith,Smith,,,360,0,0,0,7,0,0,0,3,0,0,4,21,,,,0.0,0.0,1.75,1.0,5.25,5,16,13
65,i,0.0,0.0,4.4,571,154,0,0,-1,1,0.0,594,202,0,0,0.0,460,179,0,0,0.0,460,179,0.0,0.0,0,291,8,1108,20,0.0,0.0,0.0,0.0,0.0,0.0,0.0,0.0,0.0,0.0,0.0,423,170,0.0,418,170,0.0,364,156,0.0,429,168,,,,4,,Julián,Araujo Zúñiga,J.Araujo,Thigh injury - Unknown return date,,0,0,0,0,0,0,0,0,0,0,0,0,0,,,,0.0,0.0,0.0,0.0,0.0,0,0,0
66,a,100.0,100.0,4.0,645,204,0,0,0,0,0.3,309,114,0,0,0.0,447,168,0,0,0.0,447,168,0.0,0.0,0,11231,487,7782,301,0.0,0.0,0.0,0.0,0.0,0.0,0.0,0.0,0.0,0.0,0.0,409,158,0.0,404,158,0.0,348,142,0.0,415,156,,,,4,,Julio,Soler Barreto,Soler,,,0,0,0,0,0,0,0,0,0,0,0,0,0,,,,0.0,0.0,0.0,0.0,0.0,0,0,0
67,a,,,6.4,46,31,0,0,-1,1,1.9,132,41,8,2,2.0,226,99,0,28,2.0,179,83,0.3,1.2,0,44348,411,130798,6662,2.0,2.0,0.87,0.08,0.95,4.95,0.23,0.02,0.25,1.28,16.4,238,97,15.7,186,105,71.0,26,15,10.4,123,60,,,,4,,Rayan Vitor,Simplício Rocha,Rayan,,,347,0,0,0,6,0,0,0,0,0,0,4,11,,,,0.0,0.0,1.56,1.04,2.85,3,5,3
68,a,,,6.0,64,44,0,0,0,0,4.2,82,29,29,8,7.2,13,6,8,139,7.2,6,3,1.2,4.8,0,332761,39871,117557,3818,7.2,7.2,1.7,0.81,2.51,5.14,0.44,0.21,0.65,1.32,101.6,12,8,68.7,37,32,106.0,7,4,27.6,10,8,1.0,1.0,3.0,4,,Marcus,Tavernier,Tavernier,,,350,3,0,0,7,0,0,0,2,0,0,4,36,,,,0.0,0.0,1.8,1.03,9.26,8,5,23
69,a,,,6.1,59,42,0,0,1,-1,5.9,66,21,28,4,7.0,18,8,5,112,7.0,10,5,1.1,4.6,0,468223,16383,103362,10306,7.0,7.0,0.52,0.35,0.87,5.17,0.13,0.09,0.22,1.31,72.4,50,18,59.8,43,37,33.0,90,50,16.5,48,35,2.0,4.0,,4,,Alex,Scott,Scott,,,356,1,2,1,6,0,0,0,1,0,0,4,52,,,,0.0,0.25,1.52,1.01,13.15,9,15,28
70,a,,,6.0,67,46,0,0,0,0,1.0,188,59,15,8,3.8,93,36,1,64,3.8,75,30,0.6,2.5,0,37987,2171,55048,1245,3.8,3.8,0.99,0.08,1.07,4.48,0.3,0.02,0.32,1.37,22.2,211,85,43.2,80,57,77.0,19,11,13.9,69,45,3.0,2.0,2.0,4,,Justin,Kluivert,Kluivert,,,294,1,0,2,3,0,0,0,1,0,0,4,22,,,,0.0,0.61,0.92,1.22,6.73,4,2,16
71,a,,,5.0,250,155,0,0,0,0,0.2,336,120,7,0,1.8,235,103,0,22,1.8,197,88,0.4,1.4,0,12120,127,9755,713,1.8,1.8,0.0,0.01,0.01,3.95,0.0,0.01,0.01,2.15,8.4,276,116,15.2,188,106,0.0,521,211,2.4,280,122,,,,4,,Lewis,Cook,Cook,,,165,0,0,2,1,0,0,0,1,0,0,2,12,,,,0.0,1.09,0.55,1.09,6.55,1,6,5
72,a,,,4.9,396,238,0,0,-1,1,0.1,475,188,3,1,1.0,313,134,0,12,0.8,278,126,0.2,0.6,0,1225,63,3524,117,0.8,0.8,0.12,0.03,0.15,0.35,1.08,0.27,1.35,3.15,2.2,339,155,0.6,321,158,7.0,211,105,1.0,319,144,,,,4,,Ben,Gannon-Doak,Gannon-Doak,,,10,0,0,0,1,0,0,0,0,0,0,0,7,,,,0.0,0.0,9.0,0.0,63.0,2,0,5
73,a,100.0,100.0,5.0,258,159,0,0,0,0,0.3,304,104,8,2,2.0,210,89,0,39,2.0,165,75,0.4,1.6,0,14686,472,11767,642,2.0,2.0,0.03,0.03,0.06,1.34,0.01,0.01,0.02,0.63,17.4,232,94,13.4,199,109,0.0,527,214,3.1,262,114,,,,4,,Tyler,Adams,Adams,,,192,0,0,0,6,0,0,0,0,0,0,2,28,,,,0.0,0.0,2.81,0.94,13.12,5,7,16
74,a,100.0,100.0,5.0,244,152,0,0,0,0,0.1,486,193,2,0,0.7,389,181,0,4,0.5,325,148,0.1,0.4,0,2739,60,2717,156,0.5,0.5,0.0,0.01,0.01,0.5,0.0,0.03,0.03,1.5,0.0,545,224,1.6,290,148,0.0,516,208,0.1,364,170,4.0,3.0,,4,,David,Brooks,Brooks,,,30,0,0,0,2,0,0,0,1,0,0,0,3,,,,0.0,0.0,6.0,0.0,9.0,0,2,1
75,a,100.0,100.0,5.0,251,156,0,0,0,0,0.0,531,215,3,1,1.0,326,143,0,15,0.8,281,128,0.2,0.6,0,2796,82,1383,97,0.8,0.8,0.0,0.12,0.12,0.24,0.0,0.39,0.39,0.77,2.8,334,151,0.3,339,167,0.0,522,212,0.3,351,161,,,,4,,Ryan,Christie,Christie,,,28,0,0,0,1,0,0,0,0,0,0,0,9,,,,0.0,0.0,3.21,0.0,28.93,1,3,5
76,a,,,5.0,346,208,0,0,0,0,0.0,586,245,1,0,1.0,338,151,0,5,0.2,385,177,0.0,0.2,0,307,12,606,19,0.2,0.2,0.0,0.0,0.0,0.31,0.0,0.0,0.0,1.86,2.8,335,152,0.6,324,160,0.0,576,241,0.3,354,164,,,,4,,Alex,Tóth,Tóth.A,,,15,0,0,0,2,0,0,0,0,0,0,0,2,,,,0.0,0.0,12.0,0.0,12.0,1,0,1
77,i,0.0,0.0,4.9,395,237,0,0,-1,1,0.0,585,244,0,0,0.0,559,229,0,0,0.0,559,229,0.0,0.0,0,253,9,1976,44,0.0,0.0,0.0,0.0,0.0,0.0,0.0,0.0,0.0,0.0,0.0,533,215,0.0,534,222,0.0,496,193,0.0,540,219,,,,4,,Amine,Adli,Adli,Calf injury - Unknown return date,,0,0,0,0,0,0,0,0,0,0,0,0,0,,,,0.0,0.0,0.0,0.0,0.0,0,0,0
78,i,0.0,0.0,7.4,22,14,0,0,-1,1,0.2,341,123,0,0,0.0,655,292,0,0,0.0,655,292,0.0,0.0,0,930,25,25045,356,0.0,0.0,0.0,0.0,0.0,0.0,0.0,0.0,0.0,0.0,0.0,656,293,0.0,656,293,0.0,656,293,0.0,656,293,,,1.0,4,,Junior,Kroupi,Kroupi.Jr,Foot injury - Expected back 7 Nov,,0,0,0,0,0,0,0,0,0,0,0,0,0,,,,0.0,0.0,0.0,0.0,0.0,0,0,0
79,a,,,6.0,72,16,0,0,0,0,3.3,94,14,16,5,4.0,89,10,0,54,4.0,68,6,0.7,2.7,0,199308,8251,112742,4897,4.0,4.0,0.71,0.51,1.22,4.8,0.19,0.14,0.33,1.29,37.6,156,10,39.2,94,7,45.0,67,16,12.1,87,13,,,,4,,Francisco Evanilson,de Lima Barbosa,Evanilson,,,334,0,3,2,4,0,0,0,1,0,0,4,22,,,,0.0,0.54,1.08,1.08,5.93,1,10,11
80,u,0.0,0.0,5.5,126,32,0,0,0,0,0.0,578,75,0,0,0.0,628,75,0,0,0.0,628,75,0.0,0.0,0,0,0,1837,26,0.0,0.0,0.0,0.0,0.0,0.0,0.0,0.0,0.0,0.0,0.0,616,69,0.0,621,74,0.0,610,71,0.0,622,73,,,,4,,Enes,Ünal,Enes Ünal,Has joined Getafe permanently,,0,0,0,0,0,0,0,0,0,0,0,0,0,,,,0.0,0.0,0.0,0.0,0.0,0,0,0
81,a,100.0,100.0,6.0,78,19,0,0,0,0,0.1,397,58,2,1,1.0,371,45,0,7,0.5,344,42,0.1,0.3,0,3880,112,4955,198,0.5,0.5,0.0,0.0,0.0,0.18,0.0,0.0,0.0,1.62,0.0,644,74,0.0,646,76,0.0,644,75,0.0,645,75,,,,4,,Álvaro,Rodríguez,Rodríguez,,,10,0,0,0,1,0,0,0,0,0,0,0,1,,,,0.0,0.0,9.0,0.0,9.0,0,0,1
566,a,,,5.0,300,54,0,0,0,0,0.4,269,97,10,3,2.5,166,63,0,22,2.5,132,49,0.5,2.0,0,23056,266,15455,589,2.5,2.5,0.85,0.27,1.12,5.3,0.21,0.07,0.28,1.32,73.8,44,17,3.3,256,87,30.0,96,22,10.7,113,40,,,,4,,António João,Pereira de Albuquerque Tavares da Silva,Silva,,,360,0,0,0,7,0,0,0,1,0,0,4,41,,,,0.0,0.0,1.75,1.0,10.25,3,38,12
608,a,,,5.0,327,60,0,0,0,0,0.1,414,60,2,0,1.0,334,36,0,10,0.5,328,37,0.1,0.4,0,10682,305,4582,275,0.5,0.5,0.1,0.0,0.1,0.36,0.56,0.0,0.56,2.02,3.4,324,32,0.8,313,37,17.0,137,26,2.1,290,33,,,,4,,Daniel,Jebbison,Jebbison,,,16,0,0,0,2,0,0,0,0,0,0,0,1,,,,0.0,0.0,11.25,0.0,5.62,0,0,1
573,a,,,4.5,505,127,0,0,0,0,0.2,349,131,0,0,0.0,494,189,0,0,0.0,494,189,0.0,0.0,0,1128,22,5535,174,0.0,0.0,0.0,0.0,0.0,0.0,0.0,0.0,0.0,0.0,0.0,460,182,0.0,460,182,0.0,417,175,0.0,466,180,,,,4,,Juanlu,Sánchez,Sanchez,,,0,0,0,0,0,0,0,0,0,0,0,0,0,,,,0.0,0.0,0.0,0.0,0.0,0,0,0
615,a,,,4.5,467,35,0,0,0,0,0.0,526,59,0,0,0.0,478,58,0,0,0.0,478,58,0.0,0.0,0,2465,65,1102,94,0.0,0.0,0.0,0.0,0.0,0.0,0.0,0.0,0.0,0.0,0.0,443,58,0.0,440,41,0.0,390,38,0.0,449,58,,,,4,,Michele,Di Gregorio,Di Gregorio,,,0,0,0,0,0,0,0,0,0,0,0,0,0,,,,0.0,0.0,0.0,0.0,0.0,0,0,0
82,a,,,5.0,257,9,0,0,0,0,6.6,61,9,14,3,3.5,102,9,0,70,3.5,77,8,0.7,2.8,0,224369,1858,146785,9569,3.5,3.5,0.0,0.01,0.01,5.49,0.0,0.0,0.0,1.37,57.6,86,13,0.0,553,61,0.0,526,61,5.7,213,13,,,,4,,Caoimhín,Kelleher,Kelleher,,,360,0,0,1,4,0,0,0,0,0,15,4,0,,,,3.75,0.25,1.0,1.0,0.0,0,5,26
83,a,,,4.5,509,43,0,0,0,0,0.1,421,48,0,0,0.0,498,61,0,0,0.0,498,61,0.0,0.0,0,2278,30,3473,107,0.0,0.0,0.0,0.0,0.0,0.0,0.0,0.0,0.0,0.0,0.0,464,61,0.0,464,47,0.0,421,46,0.0,470,61,,,,4,,Hákon Rafn,Valdimarsson,Valdimarsson,,,0,0,0,0,0,0,0,0,0,0,0,0,0,,,,0.0,0.0,0.0,0.0,0.0,0,0,0
84,i,0.0,0.0,5.5,147,18,0,0,0,0,1.3,160,65,10,0,3.3,115,48,0,39,2.5,136,51,0.5,1.8,0,58532,17,115668,7704,0.0,0.0,0.51,0.05,0.56,2.13,0.23,0.02,0.25,0.98,40.6,147,67,22.4,153,49,51.0,56,9,11.4,98,29,,,,4,,Nathan,Collins,Collins,Calf injury - Unknown return date,,196,0,0,1,1,0,0,0,1,0,0,3,17,,,,0.0,0.46,0.46,1.38,7.81,2,15,11
85,i,0.0,0.0,4.9,386,70,0,0,-1,1,0.1,468,167,0,0,0.0,554,202,0,0,0.0,554,202,0.0,0.0,0,340,4,7953,113,0.0,0.0,0.0,0.0,0.0,0.0,0.0,0.0,0.0,0.0,0.0,528,198,0.0,528,198,0.0,490,193,0.0,535,197,,,,4,,Sepp,van den Berg,Van den Berg,Groin injury - Unknown return date,,0,0,0,0,0,0,0,0,0,0,0,0,0,,,,0.0,0.0,0.0,0.0,0.0,0,0,0
86,a,,,5.5,144,87,0,0,0,0,2.1,125,39,19,1,4.8,57,25,3,70,4.8,41,18,0.9,3.5,0,181471,1077,73679,7800,4.8,4.8,1.06,0.78,1.84,4.99,0.29,0.22,0.51,1.38,93.8,24,12,92.6,17,16,43.0,70,42,22.9,20,16,,1.0,,4,,Keane,Lewis-Potter,Lewis-Potter,,,326,1,1,1,4,0,0,0,0,0,0,4,29,,,,0.0,0.28,1.1,1.1,8.01,5,12,12
87,a,,,4.5,451,93,0,0,0,0,4.6,75,30,14,1,3.5,100,42,0,44,3.5,76,33,0.8,3.1,0,298415,1875,187734,8012,3.5,3.5,0.13,0.03,0.16,5.49,0.03,0.01,0.04,1.37,69.6,56,25,22.2,157,51,37.0,80,15,12.9,79,20,,,,4,,Kristoffer,Ajer,Ajer,,,360,0,0,1,4,0,0,0,1,0,0,4,41,,,,0.0,0.25,1.0,1.0,10.25,4,37,8
88,a,,,4.6,424,80,0,0,1,-1,8.7,47,18,17,1,4.2,76,32,1,52,4.2,55,24,0.9,3.7,0,568114,3652,236658,25035,4.2,4.2,0.55,0.36,0.91,2.69,0.22,0.14,0.36,1.07,55.8,95,43,17.8,177,55,56.0,48,6,12.9,80,21,,,,4,,Michael,Kayode,Kayode,,,226,1,0,1,1,0,0,0,0,0,0,3,14,,,,0.0,0.4,0.4,1.19,5.58,1,13,12
89,a,,,4.5,452,94,0,0,0,0,0.2,337,126,1,0,1.0,294,112,0,3,0.2,361,133,0.0,0.2,0,1455,41,6600,250,0.2,0.2,0.0,0.0,0.0,0.0,0.0,0.0,0.0,0.0,0.0,437,172,0.0,434,172,0.0,383,159,0.0,443,170,,,,4,,Rico,Henry,Henry,,,2,0,0,0,0,0,0,0,0,0,0,0,0,,,,0.0,0.0,0.0,0.0,0.0,0,0,0
90,a,,,4.5,495,124,0,0,0,0,0.1,463,165,4,1,1.0,298,115,0,12,1.0,246,90,0.2,0.9,0,1646,61,2214,71,1.0,1.0,0.03,0.05,0.08,2.79,0.02,0.03,0.05,1.92,11.6,258,107,5.4,237,81,0.0,408,173,1.7,302,112,,,,4,,Aaron,Hickey,Hickey,,,131,0,0,0,3,0,0,0,0,0,0,1,13,,,,0.0,0.0,2.06,0.69,8.93,4,9,8
92,a,,,4.5,528,135,0,0,0,0,0.0,575,197,0,0,0.0,514,195,0,0,0.0,514,195,0.0,0.0,0,375,10,740,31,0.0,0.0,0.0,0.0,0.0,0.0,0.0,0.0,0.0,0.0,0.0,481,188,0.0,480,188,0.0,438,181,0.0,487,186,,,,4,,Kim,Ji-soo,Ji-soo,,,0,0,0,0,0,0,0,0,0,0,0,0,0,,,,0.0,0.0,0.0,0.0,0.0,0,0,0
93,a,,,4.5,511,130,0,0,0,0,0.1,368,141,7,3,3.5,101,43,0,16,1.8,192,74,0.4,1.6,0,1266,53,3488,75,1.8,1.8,0.1,0.02,0.12,3.36,0.06,0.01,0.07,1.86,17.2,234,98,0.2,346,129,4.0,242,90,2.1,287,107,,,,4,,Jannik,Schuster,Schuster,,,163,0,0,0,3,0,0,0,0,0,0,1,22,,,,0.0,0.0,1.66,0.55,12.15,2,20,3
94,a,,,6.0,74,50,0,0,0,0,4.3,77,26,30,15,7.5,7,4,6,111,7.5,2,1,1.2,5.0,0,256704,62428,165126,3680,7.5,7.5,0.98,0.3,1.28,5.49,0.25,0.08,0.33,1.38,64.0,66,21,36.2,105,67,101.0,12,6,20.1,27,20,,,2.0,4,,Kevin,Schade,Schade,,,357,3,0,1,4,0,0,0,0,0,0,4,27,,,,0.0,0.25,1.01,1.01,6.81,6,4,17
95,a,,,6.4,47,32,0,0,-1,1,0.6,238,78,6,1,1.5,263,119,0,32,1.5,222,103,0.2,0.9,0,13399,67,66530,2599,1.5,1.5,0.09,0.39,0.48,2.68,0.05,0.21,0.26,1.42,23.2,206,83,57.6,46,39,17.0,140,72,9.8,127,62,4.0,,,4,,Dango,Ouattara,O.Dango,,,170,0,0,1,1,0,0,0,0,0,0,2,28,,,,0.0,0.53,0.53,1.06,14.82,2,9,17
96,a,,,5.5,150,90,0,0,0,0,0.5,259,85,13,1,3.2,121,46,3,59,3.2,95,39,0.6,2.4,0,12192,207,21420,1282,3.2,3.2,0.13,0.45,0.58,2.36,0.06,0.21,0.27,1.08,34.2,170,65,87.2,19,17,31.0,95,52,15.3,56,38,2.0,3.0,,4,,Mikkel,Damsgaard,Damsgaard,,,197,0,1,1,1,0,0,0,0,0,0,2,21,,,,0.0,0.46,0.46,0.91,9.59,3,4,14
97,i,0.0,0.0,5.4,192,121,0,0,-1,1,0.1,400,148,6,0,6.0,36,17,0,22,1.5,217,98,0.3,1.1,0,4470,1,12867,330,0.0,0.0,0.08,0.34,0.42,0.47,0.11,0.46,0.57,0.64,12.6,254,105,46.2,69,52,13.0,172,85,7.2,179,82,1.0,2.0,3.0,4,,Mathias,Jensen,Jensen,Unspecified injury - Expected back 18 Sep,,66,0,1,1,0,0,0,0,0,0,0,1,5,,,,0.0,1.36,0.0,1.36,6.82,2,0,3
98,a,,,5.0,260,161,0,0,0,0,2.4,116,37,25,4,6.2,31,16,3,96,6.2,21,12,1.2,5.0,0,247066,7241,59572,4243,6.2,6.2,0.5,0.4,0.9,5.49,0.12,0.1,0.22,1.37,117.6,4,3,77.3,26,23,45.0,66,40,24.0,16,12,3.0,,,4,,Vitaly,Janelt,Janelt,,,360,2,0,1,4,0,0,0,3,0,0,4,55,,,,0.0,0.25,1.0,1.0,13.75,14,25,16
99,i,0.0,0.0,5.0,333,199,0,0,0,0,0.0,648,286,0,0,0.0,603,255,0,0,0.0,603,255,0.0,0.0,0,93,4,126,7,0.0,0.0,0.0,0.0,0.0,0.0,0.0,0.0,0.0,0.0,0.0,583,245,0.0,590,251,0.0,570,236,0.0,590,248,,,,4,,Antoni,Milambo,Milambo,Knee injury - Unknown return date,,0,0,0,0,0,0,0,0,0,0,0,0,0,,,,0.0,0.0,0.0,0.0,0.0,0,0,0
100,a,100.0,100.0,5.0,281,170,0,0,0,0,0.0,562,232,0,0,0.0,581,242,0,0,0.0,581,242,0.0,0.0,0,1067,34,1004,68,0.0,0.0,0.0,0.0,0.0,0.0,0.0,0.0,0.0,0.0,0.0,560,231,0.0,563,237,0.0,539,219,0.0,567,234,,,,4,,Fábio,Freitas Gouveia Carvalho,Carvalho,,,0,0,0,0,0,0,0,0,0,0,0,0,0,,,,0.0,0.0,0.0,0.0,0.0,0,0,0
102,a,,,4.9,400,241,0,0,-1,1,0.7,215,66,6,4,1.5,251,110,0,31,1.5,210,93,0.3,1.2,0,2682,155,50124,1224,1.5,1.5,0.07,0.24,0.31,4.03,0.04,0.15,0.19,2.45,7.6,282,120,16.7,182,103,9.0,199,98,3.4,256,111,,,,4,,Yehor,Yarmoliuk,Yarmoliuk,,,148,0,1,0,4,0,0,0,1,0,0,1,16,,,,0.0,0.0,2.43,0.61,9.73,3,4,9
103,i,0.0,0.0,4.9,364,218,0,0,-1,1,0.0,581,241,0,0,0.0,546,219,0,0,0.0,546,219,0.0,0.0,0,382,2,1596,44,0.0,0.0,0.0,0.0,0.0,0.0,0.0,0.0,0.0,0.0,0.0,517,203,0.0,516,210,0.0,476,180,0.0,523,207,,,,4,,Josh,Dasilva,Dasilva,Hamstring injury - Expected back 10 Oct,,0,0,0,0,0,0,0,0,0,0,0,0,0,,,,0.0,0.0,0.0,0.0,0.0,0,0,0
105,a,,,5.9,92,60,-1,1,-1,1,0.1,373,135,5,1,1.2,274,124,0,28,1.2,240,109,0.2,0.8,0,4434,71,8705,401,1.2,1.2,0.19,0.52,0.71,2.8,0.09,0.25,0.34,1.35,13.8,247,101,63.0,38,33,19.0,126,64,9.5,136,67,,,,4,,Jaidon,Anthony,Anthony,,,187,0,0,1,3,0,0,0,1,0,0,2,24,,,,0.0,0.48,1.44,0.96,11.55,4,5,15
106,a,,,7.9,12,3,0,0,-1,1,10.3,41,6,5,1,1.2,275,34,0,11,1.2,241,27,0.2,0.6,0,189628,1644,815785,40808,1.2,1.2,2.41,0.13,2.54,5.42,0.62,0.03,0.65,1.39,20.6,221,17,11.6,214,25,106.0,8,4,13.8,71,9,,,1.0,4,,Igor Thiago,Nascimento Rodrigues,Thiago,,,352,0,0,1,4,0,0,1,1,0,0,4,16,,,,0.0,0.26,1.02,1.02,4.09,2,4,10
107,a,,,4.5,538,74,0,0,0,0,1.1,178,27,0,0,0.0,521,56,0,0,0.0,521,56,0.0,0.0,0,56545,2007,38154,1385,0.0,0.0,0.0,0.0,0.0,0.0,0.0,0.0,0.0,0.0,0.0,488,48,0.0,487,53,0.0,445,50,0.0,494,52,,,,4,,Kaye,Furo,Furo,,,0,0,0,0,0,0,0,0,0,0,0,0,0,,,,0.0,0.0,0.0,0.0,0.0,0,0,0
108,a,,,5.5,122,31,0,0,0,0,0.3,287,49,3,0,1.0,357,41,0,9,0.8,294,34,0.1,0.5,0,12887,209,18980,957,0.8,0.8,0.07,0.04,0.11,0.15,0.48,0.28,0.76,1.04,3.2,327,33,10.4,223,29,12.0,179,30,2.6,276,31,,,,4,,Callum,Wilson,Wilson,,,13,0,0,0,0,0,0,0,0,0,0,0,2,,,,0.0,0.0,0.0,0.0,13.85,0,1,1
565,a,,,5.7,118,77,0,0,2,-2,12.8,32,12,22,4,5.5,45,21,3,76,5.5,33,15,1.0,3.9,0,1194675,4556,498738,30755,5.5,5.5,0.41,0.65,1.06,4.03,0.12,0.2,0.32,1.21,56.0,94,35,48.4,65,49,40.0,71,43,14.1,67,43,,,,4,,Mamadou,Sangaré,M.Sangaré,,,300,0,2,1,3,0,0,0,1,0,0,4,45,,,,0.0,0.3,0.9,1.2,13.5,13,11,21
620,a,,,4.5,546,141,0,0,0,0,0.1,429,154,1,1,1.0,301,117,0,4,0.3,351,124,0.1,0.2,0,12300,218,5319,329,0.3,0.3,0.0,0.01,0.01,0.5,0.0,0.03,0.03,1.5,0.0,495,192,0.0,494,192,0.0,452,185,0.0,501,190,,,,4,,El Hadji Malick,Diouf,Diouf,,,30,0,0,0,0,0,0,0,0,0,0,0,1,,,,0.0,0.0,0.0,0.0,3.0,0,1,1
657,a,,,4.5,551,286,0,0,0,0,0.0,637,277,0,0,0.0,529,209,0,0,0.0,529,209,0.0,0.0,0,217,217,27,27,1.1,1.1,0.0,0.0,0.0,0.0,0.0,0.0,0.0,0.0,0.0,498,191,0.0,497,199,0.0,456,168,0.0,504,195,,,,4,,Gustavo,Nunes Fernandes Gomes,Nunes,,,0,0,0,0,0,0,0,0,0,0,0,0,0,,,,0.0,0.0,0.0,0.0,0.0,0,0,0
109,a,,,4.5,500,42,0,0,0,0,22.2,13,2,9,0,3.0,126,12,0,41,2.2,144,14,0.5,2.0,0,610191,5788,418023,18673,2.2,2.2,0.0,0.2,0.2,5.71,0.0,0.07,0.07,1.9,46.0,130,16,3.0,259,3,0.0,412,45,4.9,228,15,,,,4,,Bart,Verbruggen,Verbruggen,,,270,0,0,1,5,0,0,0,0,0,4,3,0,,,,1.33,0.33,1.67,1.0,0.0,0,0,23
113,a,100.0,100.0,4.4,569,152,0,0,-1,1,1.7,140,57,2,0,1.0,287,107,0,4,0.5,308,108,0.1,0.5,0,22525,389,111636,2353,0.5,0.5,0.08,0.02,0.1,5.33,0.04,0.01,0.05,2.87,15.4,241,100,29.2,132,40,27.0,103,26,7.2,178,69,3.0,,,4,,Ferdi,Kadıoğlu,F.Kadıoğlu,,,167,0,0,0,5,0,0,0,0,0,0,2,5,,,,0.0,0.0,2.69,1.08,2.69,1,4,4
114,a,,,4.5,456,97,0,0,0,0,0.3,300,111,7,0,2.3,177,69,0,44,1.8,187,71,0.4,1.6,0,12963,128,8897,319,1.8,1.8,0.05,0.48,0.53,5.71,0.02,0.16,0.18,1.9,52.6,108,50,96.2,15,1,17.0,134,42,16.6,44,7,,,,4,,Olivier,Boscagli,Boscagli,,,270,0,0,1,5,0,0,0,1,0,0,3,13,,,,0.0,0.33,1.67,1.0,4.33,1,12,10
115,a,,,4.8,422,79,0,0,3,-3,22.0,14,3,21,0,7.0,16,5,2,61,5.2,34,13,1.1,4.4,0,2027549,19768,280299,18263,5.2,5.2,1.5,0.4,1.9,5.62,0.56,0.15,0.71,2.08,69.0,58,27,91.1,18,2,50.0,58,10,21.1,23,1,2.0,4.0,,4,,Maxim,De Cuyper,De Cuyper,,,243,1,2,1,5,0,0,0,1,0,0,3,8,,,,0.0,0.37,1.85,1.11,2.96,4,4,10
116,a,,,4.5,430,82,0,0,0,0,1.4,158,64,10,0,3.3,110,45,1,40,2.5,128,46,0.6,2.2,0,54586,1138,30665,1222,2.5,2.5,0.0,0.06,0.06,5.71,0.0,0.02,0.02,1.9,59.0,81,41,10.3,224,76,4.0,239,87,7.4,171,68,,3.0,,4,,Lewis,Dunk,Dunk,,,270,0,0,1,5,0,0,0,1,0,0,3,17,,,,0.0,0.33,1.67,1.0,5.67,2,15,11
117,a,,,4.5,520,133,0,0,0,0,0.0,568,194,0,0,0.0,508,194,0,0,0.0,508,194,0.0,0.0,0,661,29,775,25,0.0,0.0,0.0,0.0,0.0,0.0,0.0,0.0,0.0,0.0,0.0,474,187,0.0,474,187,0.0,431,180,0.0,480,185,,,,4,,Diego,Coppola,Coppola,,,0,0,0,0,0,0,0,0,0,0,0,0,0,,,,0.0,0.0,0.0,0.0,0.0,0,0,0
118,u,0.0,0.0,4.5,463,102,0,0,0,0,0.0,499,177,0,0,0.0,477,182,0,0,0.0,477,182,0.0,0.0,0,915,0,4905,145,0.0,0.0,0.0,0.0,0.0,0.0,0.0,0.0,0.0,0.0,0.0,442,174,0.0,439,174,0.0,389,162,0.0,448,172,,,,4,,Igor Julio,dos Santos de Paulo,Igor,Has joined Burnley permanently,,0,0,0,0,0,0,0,0,0,0,0,0,0,,,,0.0,0.0,0.0,0.0,0.0,0,0,0
119,a,,,4.5,488,121,0,0,0,0,0.0,524,183,2,0,0.7,386,136,0,13,0.5,315,113,0.1,0.4,0,919,30,1050,31,0.5,0.5,0.12,0.16,0.28,0.24,0.22,0.3,0.52,0.45,14.0,246,102,16.7,181,57,18.0,127,38,4.8,232,88,,,,4,,João Pedro,Loureiro da Costa,Costinha,,,48,0,0,0,0,0,0,0,1,0,0,0,5,,,,0.0,0.0,0.0,0.0,9.38,1,4,0
120,a,,,5.0,289,50,0,0,0,0,0.1,487,173,0,0,0.0,582,208,0,0,0.0,582,208,0.0,0.0,0,2626,97,2658,93,0.0,0.0,0.0,0.0,0.0,0.0,0.0,0.0,0.0,0.0,0.0,561,206,0.0,566,206,0.0,544,204,0.0,568,206,,,,4,,Michael,Svoboda,Svoboda,,,0,0,0,0,0,0,0,0,0,0,0,0,0,,,,0.0,0.0,0.0,0.0,0.0,0,0,0
121,i,0.0,0.0,5.9,93,61,0,0,-1,1,0.0,538,219,0,0,0.0,641,280,0,0,0.0,641,280,0.0,0.0,0,373,10,2701,56,0.0,0.0,0.0,0.0,0.0,0.0,0.0,0.0,0.0,0.0,0.0,635,279,0.0,637,279,0.0,635,278,0.0,637,279,,,,4,,Mitoma,Kaoru,Mitoma,Hamstring injury - Expected back 10 Oct,,0,0,0,0,0,0,0,0,0,0,0,0,0,,,,0.0,0.0,0.0,0.0,0.0,0,0,0
122,i,0.0,0.0,5.9,100,64,0,0,-1,1,0.0,523,211,0,0,0.0,645,283,0,0,0.0,645,283,0.0,0.0,0,267,5,6282,84,0.0,0.0,0.0,0.0,0.0,0.0,0.0,0.0,0.0,0.0,0.0,639,282,0.0,641,282,0.0,639,281,0.0,641,282,5.0,,,4,,Yankuba,Minteh,Minteh,Leg injury - Expected back 28 Nov,,0,0,0,0,0,0,0,0,0,0,0,0,0,,,,0.0,0.0,0.0,0.0,0.0,0,0,0
123,i,0.0,0.0,6.0,75,51,0,0,0,0,0.8,207,65,16,0,16.0,1,1,3,54,4.0,69,29,0.7,2.7,0,147516,23,188642,6085,0.0,0.0,1.41,0.02,1.43,0.19,2.01,0.03,2.04,0.27,72.8,47,17,13.4,201,111,59.0,44,29,14.5,63,41,,,,4,,Jack,Hinshelwood,Hinshelwood,Ankle injury - Expected back 10 Oct,,63,2,0,1,0,0,0,0,0,0,0,1,3,,,,0.0,1.43,0.0,1.43,4.29,2,0,1
124,a,,,5.6,119,78,0,0,1,-1,16.1,24,8,16,0,5.3,47,22,3,63,4.0,66,27,0.7,2.9,0,762295,6211,443737,19312,4.0,4.0,0.84,0.42,1.26,5.71,0.28,0.14,0.42,1.9,68.8,59,19,106.6,9,9,50.0,61,36,22.2,21,17,1.0,1.0,1.0,4,,Pascal,Groß,Groß,,,270,1,1,1,5,0,0,0,2,0,0,3,15,,,,0.0,0.33,1.67,1.0,5.0,4,4,7
125,d,75.0,75.0,5.4,212,46,0,0,-1,1,0.5,245,41,5,0,5.0,53,5,0,22,1.2,235,24,0.2,0.9,0,29866,184,61866,1722,0.9,0.9,0.08,0.44,0.52,0.29,0.08,0.44,0.52,0.29,19.8,222,18,11.4,215,26,15.0,156,28,4.6,237,28,,,,4,,Georginio,Rutter,Georginio,Unspecified injury - 75% chance of playing,,90,0,1,1,0,0,0,0,0,0,0,1,7,,,,0.0,1.0,0.0,1.0,7.0,2,1,4
126,a,,,5.5,139,83,0,0,0,0,0.1,424,162,0,0,0.0,632,272,0,0,0.0,632,272,0.0,0.0,0,2678,81,4871,154,0.0,0.0,0.0,0.0,0.0,0.0,0.0,0.0,0.0,0.0,0.0,620,267,0.0,626,269,0.0,616,262,0.0,626,269,,,3.0,4,,Matt,O'Riley,O'Riley,,,0,0,0,0,0,0,0,0,0,0,0,0,0,,,,0.0,0.0,0.0,0.0,0.0,0,0,0
127,a,,,5.0,321,189,0,0,0,0,4.9,73,23,13,0,4.3,71,32,0,55,3.2,92,38,0.6,2.6,0,311326,2196,187090,7505,3.2,3.2,0.65,0.7,1.35,5.71,0.22,0.24,0.46,1.94,52.8,107,39,71.8,33,28,113.0,5,2,23.8,18,14,,5.0,,4,,Diego,Gómez Amarilla,Gomez,,,265,0,2,1,5,0,0,0,0,0,0,3,20,,,,0.0,0.34,1.7,1.02,6.79,8,5,7
128,u,0.0,0.0,5.0,331,197,0,0,0,0,0.0,646,284,0,0,0.0,602,254,0,0,0.0,602,254,0.0,0.0,0,0,0,309,3,0.0,0.0,0.0,0.0,0.0,0.0,0.0,0.0,0.0,0.0,0.0,582,244,0.0,589,250,0.0,569,235,0.0,589,247,,,,4,,Facundo,Buonanotte,Buonanotte,Has joined Elche on loan for the rest of the season,,0,0,0,0,0,0,0,0,0,0,0,0,0,,,,0.0,0.0,0.0,0.0,0.0,0,0,0
129,a,100.0,100.0,5.4,223,142,0,0,-1,1,0.4,280,92,4,0,2.0,215,93,0,26,1.0,259,116,0.2,0.7,0,6917,129,35849,686,1.0,1.0,0.28,0.07,0.35,2.68,0.16,0.04,0.2,1.58,11.4,261,108,29.8,127,77,24.0,114,58,6.1,209,96,4.0,2.0,,4,,Yasin,Ayari,Ayari,,,153,0,0,1,1,0,0,0,1,0,0,2,7,,,,0.0,0.59,0.59,1.18,4.12,0,2,5
130,i,0.0,0.0,5.0,294,52,0,0,0,0,0.2,315,117,7,0,3.5,103,44,1,38,1.8,198,76,0.4,1.4,0,25865,7,35695,1222,0.0,0.0,0.12,0.13,0.25,3.18,0.07,0.08,0.15,1.83,37.0,157,72,35.5,108,31,10.0,193,66,8.3,156,61,,,,4,,Mats,Wieffer,Wieffer,Knee injury - Unknown return date,,156,0,0,1,4,0,0,0,0,0,0,2,15,,,,0.0,0.58,2.31,1.15,8.65,4,11,9
132,u,0.0,0.0,4.5,541,281,0,0,0,0,0.0,527,213,0,0,0.0,524,206,0,0,0.0,524,206,0.0,0.0,0,0,0,3142,59,0.0,0.0,0.0,0.0,0.0,0.0,0.0,0.0,0.0,0.0,0.0,491,188,0.0,490,196,0.0,448,165,0.0,497,192,,,,4,,Harry,Howell,Howell,Has joined Leicester City on loan for the rest of the season,,0,0,0,0,0,0,0,0,0,0,0,0,0,,,,0.0,0.0,0.0,0.0,0.0,0,0,0
133,u,0.0,0.0,5.0,334,200,0,0,0,0,0.0,653,290,0,0,0.0,604,256,0,0,0.0,604,256,0.0,0.0,0,0,0,124,3,0.0,0.0,0.0,0.0,0.0,0.0,0.0,0.0,0.0,0.0,0.0,584,246,0.0,591,252,0.0,571,237,0.0,591,249,,,,4,,Tom,Watson,Watson,Has joined Leicester City on loan for the rest of the season,,0,0,0,0,0,0,0,0,0,0,0,0,0,,,,0.0,0.0,0.0,0.0,0.0,0,0,0
135,i,0.0,0.0,4.9,420,257,0,0,-1,1,0.0,502,201,1,0,1.0,324,142,0,3,0.2,379,173,0.0,0.2,0,1210,2,4120,209,0.0,0.0,0.0,0.03,0.03,0.0,0.0,0.22,0.22,0.0,0.2,359,168,1.3,298,149,0.0,511,206,0.2,357,166,,,,4,,Zadok,Yohanna,Yohanna,Unspecified injury - Expected back 10 Oct,,12,0,0,0,0,0,0,0,0,0,0,0,0,,,,0.0,0.0,0.0,0.0,0.0,0,0,0
134,a,,,4.5,524,274,0,0,0,0,0.3,308,108,0,0,0.0,511,200,0,0,0.0,511,200,0.0,0.0,0,7677,163,10146,320,0.0,0.0,0.0,0.0,0.0,0.0,0.0,0.0,0.0,0.0,0.0,477,182,0.0,477,190,0.0,434,159,0.0,483,186,,,,4,,Nehemiah,Oriola,Oriola,,,0,0,0,0,0,0,0,0,0,0,0,0,0,,,,0.0,0.0,0.0,0.0,0.0,0,0,0
137,i,0.0,0.0,5.4,230,49,-1,1,-1,1,0.0,620,77,0,0,0.0,626,73,0,0,0.0,626,73,0.0,0.0,0,239,5,630,16,0.0,0.0,0.0,0.0,0.0,0.0,0.0,0.0,0.0,0.0,0.0,614,67,0.0,617,72,0.0,606,69,0.0,620,71,,,,4,,Stefanos,Tzimas,Tzimas,Knee injury - Unknown return date,,0,0,0,0,0,0,0,0,0,0,0,0,0,,,,0.0,0.0,0.0,0.0,0.0,0,0,0
138,a,,,5.5,182,41,0,0,0,0,0.5,246,42,8,0,2.7,161,21,0,25,2.0,173,17,0.4,1.5,0,48092,559,18501,1070,2.0,2.0,0.78,0.04,0.82,5.48,0.36,0.02,0.38,2.53,14.6,244,22,20.8,166,19,51.0,57,13,8.5,153,17,,,,4,,Charalampos,Kostoulas,Kostoulas,,,195,0,1,0,5,0,0,0,0,0,0,2,16,,,,0.0,0.0,2.31,0.92,7.38,2,3,11
139,i,0.0,0.0,5.0,303,57,0,0,0,0,0.0,541,73,0,0,0.0,588,64,0,0,0.0,588,64,0.0,0.0,0,1244,35,1934,69,0.0,0.0,0.0,0.0,0.0,0.0,0.0,0.0,0.0,0.0,0.0,567,56,0.0,573,61,0.0,552,58,0.0,574,60,,,,4,,Evan,Ferguson,Ferguson,Ankle injury - Expected back 10 Oct,,0,0,0,0,0,0,0,0,0,0,0,0,0,,,,0.0,0.0,0.0,0.0,0.0,0,0,0
328,a,100.0,100.0,5.0,273,45,0,0,0,0,0.2,342,128,1,0,1.0,328,127,0,3,0.2,381,140,0.0,0.2,0,4572,114,8988,257,0.2,0.2,0.0,0.0,0.0,0.0,0.0,0.0,0.0,0.0,0.2,360,132,0.1,351,130,0.0,533,201,0.0,562,204,,,,4,,Pascal,Struijk,Struijk,,,1,0,0,0,0,0,0,0,0,0,0,0,0,,,,0.0,0.0,0.0,0.0,0.0,0,0,0
504,a,,,5.0,344,62,0,0,0,0,3.2,98,36,18,0,6.0,34,13,2,44,4.5,49,21,0.9,3.6,0,178774,3362,93090,3218,4.5,4.5,0.35,0.06,0.41,5.71,0.12,0.02,0.14,1.9,91.4,26,7,14.6,191,62,57.0,45,4,16.3,51,9,,,,4,,Luka,Vušković,Vuskovic,,,270,1,0,1,5,0,0,0,0,0,0,3,22,,,,0.0,0.33,1.67,1.0,7.33,3,19,9
594,a,,,6.0,76,17,0,0,0,0,0.2,324,52,1,0,0.5,398,48,0,-4,0.2,397,47,0.0,0.2,0,10022,260,15539,462,0.2,0.2,0.42,0.0,0.42,0.14,1.64,0.0,1.64,0.55,0.0,643,73,3.7,251,31,4.0,251,39,0.4,346,41,,,2.0,4,,Promise,David,David,,,23,0,0,0,0,0,0,0,1,0,0,0,0,,,,0.0,0.0,0.0,0.0,0.0,0,0,0
600,a,,,5.0,345,207,0,0,0,0,0.0,577,238,2,0,1.0,337,150,0,13,0.5,330,151,0.1,0.4,0,705,22,754,28,0.5,0.5,0.0,0.06,0.06,0.1,0.0,0.19,0.19,0.32,7.2,285,122,16.7,183,104,6.0,228,113,3.0,264,115,,,,4,,Ibrahim,Osman,Osman,,,28,0,0,0,1,0,0,0,0,0,0,0,3,,,,0.0,0.0,3.21,0.0,9.64,1,0,2
605,a,,,4.5,544,282,0,0,0,0,3.3,95,31,11,0,3.7,95,37,1,58,2.8,118,50,0.6,2.4,0,405278,7082,99510,4621,2.8,2.8,0.75,0.26,1.01,5.32,0.4,0.14,0.54,2.87,59.6,78,25,47.2,67,51,62.0,40,25,16.9,40,29,,,,4,,Malick,Yalcouyé,Yalcouyé,,,167,1,0,0,4,0,0,0,0,0,0,2,12,,,,0.0,0.0,2.16,1.08,6.47,3,4,5
614,a,,,4.5,510,129,0,0,0,0,0.0,510,179,0,0,0.0,499,191,0,0,0.0,499,191,0.0,0.0,0,3301,75,1165,66,0.0,0.0,0.0,0.0,0.0,0.0,0.0,0.0,0.0,0.0,0.0,465,184,0.0,465,184,0.0,422,177,0.0,471,182,,,,4,,Jaouen,Hadjam,Hadjam,,,0,0,0,0,0,0,0,0,0,0,0,0,0,,,,0.0,0.0,0.0,0.0,0.0,0,0,0
624,u,0.0,0.0,5.0,325,193,0,0,0,0,0.0,656,293,0,0,0.0,599,251,0,0,0.0,599,251,0.0,0.0,0,117,0,99,3,0.0,0.0,0.0,0.0,0.0,0.0,0.0,0.0,0.0,0.0,0.0,579,241,0.0,586,247,0.0,566,232,0.0,586,244,,,,4,,Amario,Cozier-Duberry,Cozier-Duberry,Has joined Middlesbrough on loan for the rest of the season,,0,0,0,0,0,0,0,0,0,0,0,0,0,,,,0.0,0.0,0.0,0.0,0.0,0,0,0
639,a,,,5.5,180,112,0,0,0,0,0.0,614,261,0,0,0.0,638,278,0,0,0.0,638,278,0.0,0.0,0,814,40,260,23,0.0,0.0,0.0,0.0,0.0,0.0,0.0,0.0,0.0,0.0,0.0,628,275,0.0,633,276,0.0,626,272,0.0,632,275,,,,4,,José María,Andrés Baixauli,Andrés,,,0,0,0,0,0,0,0,0,0,0,0,0,0,,,,0.0,0.0,0.0,0.0,0.0,0,0,0
652,d,75.0,75.0,5.5,157,94,0,0,0,0,0.0,639,279,0,0,0.0,635,275,0,0,0.0,635,275,0.0,0.0,0,384,15,97,4,0.0,0.0,0.0,0.0,0.0,0.0,0.0,0.0,0.0,0.0,0.0,623,270,0.0,629,272,0.0,621,267,0.0,629,272,,,,4,,Femi,Azeez,Azeez,Hamstring injury - 75% chance of playing,,0,0,0,0,0,0,0,0,0,0,0,0,0,,,,0.0,0.0,0.0,0.0,0.0,0,0,0
28,a,,,5.0,242,6,0,0,0,0,5.1,72,11,7,2,2.3,182,15,0,54,1.8,196,17,0.4,1.4,0,220601,3815,180494,9697,1.8,1.8,0.0,0.01,0.01,4.84,0.0,0.0,0.0,1.61,99.4,14,2,20.0,169,1,0.0,514,58,11.9,88,1,,,,4,,Emiliano,Martínez Romero,Martinez,,,270,0,0,0,7,0,0,0,0,0,15,3,0,,,,5.0,0.0,2.33,1.0,0.0,0,1,31
40,a,,,7.7,16,10,1,-1,2,-2,35.4,7,3,27,8,6.8,22,12,2,118,6.8,13,8,0.9,3.5,0,1766570,134661,526458,4155,6.8,6.8,1.39,1.16,2.55,6.08,0.36,0.3,0.66,1.58,105.8,9,6,113.6,5,5,68.0,33,19,28.7,7,5,3.0,,,4,,Morgan,Rogers,Rogers,,,347,3,1,0,9,0,0,0,1,0,0,4,23,,,,0.0,0.0,2.33,1.04,5.97,5,1,17
101,i,0.0,0.0,4.9,354,212,0,0,-1,1,0.0,546,224,0,0,0.0,540,216,0,0,0.0,540,216,0.0,0.0,0,573,5,2153,107,0.0,0.0,0.0,0.0,0.0,0.0,0.0,0.0,0.0,0.0,0.0,509,198,0.0,509,206,0.0,468,175,0.0,515,202,,,,4,,Jordan,Henderson,Henderson,Wrist injury - Unknown return date,,0,0,0,0,0,0,0,0,0,0,0,0,0,,,,0.0,0.0,0.0,0.0,0.0,0,0,0
136,a,100.0,100.0,5.9,82,21,0,0,-1,1,0.8,212,34,2,1,1.0,368,44,0,7,0.5,341,40,0.1,0.3,0,19778,751,61864,1933,0.5,0.5,0.0,0.06,0.06,0.54,0.0,0.36,0.36,3.24,0.0,632,70,0.3,345,43,2.0,287,41,0.2,360,42,,,,4,,Danny,Welbeck,Welbeck,,,15,0,0,0,0,0,0,0,0,0,0,0,1,,,,0.0,0.0,0.0,0.0,6.0,0,1,0
140,u,0.0,0.0,4.9,371,18,0,0,-1,1,0.9,201,31,2,0,2.0,207,17,0,6,0.5,319,22,0.1,0.4,0,10847,0,159136,3076,0.0,0.0,0.0,0.01,0.01,1.33,0.0,0.01,0.01,1.33,21.4,214,22,0.0,518,54,0.0,479,53,2.1,288,22,,,,4,,Robert,Lynch Sánchez,Sánchez,Has joined Como on loan for the rest of the season,,90,0,0,0,2,0,0,0,0,0,4,1,0,,,,4.0,0.0,2.0,1.0,0.0,0,1,5
141,u,0.0,0.0,5.0,319,15,0,0,0,0,0.0,608,70,0,0,0.0,598,71,0,0,0.0,598,71,0.0,0.0,0,0,0,876,10,0.0,0.0,0.0,0.0,0.0,0.0,0.0,0.0,0.0,0.0,0.0,578,71,0.0,585,67,0.0,564,67,0.0,585,71,,,,4,,Filip,Jörgensen,Jörgensen,Has joined RC Strasbourg on loan for the rest of the season,,0,0,0,0,0,0,0,0,0,0,0,0,0,,,,0.0,0.0,0.0,0.0,0.0,0,0,0
142,a,,,5.4,197,26,0,0,-1,1,7.6,54,22,3,1,0.8,383,134,0,24,0.8,288,103,0.1,0.6,0,153561,3554,404540,20683,0.8,0.8,0.33,0.26,0.59,4.9,0.1,0.08,0.18,1.51,36.4,162,75,32.2,118,34,34.0,87,19,10.3,124,47,1.0,1.0,,4,,Reece,James,James,,,292,0,0,0,7,0,0,0,1,0,0,3,13,,,,0.0,0.0,2.16,0.92,4.01,2,11,15
143,u,0.0,0.0,5.5,130,14,0,0,0,0,0.1,453,162,0,0,0.0,629,214,0,0,0.0,629,214,0.0,0.0,0,0,0,13071,146,0.0,0.0,0.0,0.0,0.0,0.0,0.0,0.0,0.0,0.0,0.0,617,213,0.0,622,213,0.0,612,212,0.0,623,213,,,,4,,Trevoh,Chalobah,Chalobah,Has joined Como permanently,,0,0,0,0,0,0,0,0,0,0,0,0,0,,,,0.0,0.0,0.0,0.0,0.0,0,0,0
144,a,,,5.0,299,53,0,0,0,0,1.1,179,69,4,1,1.0,330,128,0,12,1.0,254,95,0.2,0.8,0,31443,723,49030,2438,1.0,1.0,0.08,0.12,0.2,3.5,0.03,0.04,0.07,1.16,18.0,227,95,13.9,196,65,7.0,214,73,3.9,246,94,,,,4,,Malo,Gusto,Gusto,,,272,0,0,0,7,0,0,0,0,0,0,3,15,,,,0.0,0.0,2.32,0.99,4.96,4,11,13
145,a,100.0,100.0,5.0,286,49,0,0,0,0,0.2,357,135,4,1,1.3,268,95,0,24,1.0,253,94,0.2,0.8,0,13296,527,3897,405,1.0,1.0,0.0,0.08,0.08,4.2,0.0,0.03,0.03,1.56,59.2,80,40,23.7,148,48,0.0,542,203,8.3,155,60,,,,4,,Wesley,Fofana,Fofana,,,242,0,0,0,6,0,0,0,1,0,0,3,32,,,,0.0,0.0,2.23,1.12,11.9,5,27,7
146,u,0.0,0.0,4.5,473,109,0,0,0,0,0.0,600,204,0,0,0.0,481,184,0,0,0.0,481,184,0.0,0.0,0,232,0,1794,25,0.0,0.0,0.0,0.0,0.0,0.0,0.0,0.0,0.0,0.0,0.0,446,176,0.0,444,176,0.0,394,164,0.0,452,174,,,,4,,Benoît,Badiashile Mukinayi,B.Badiashile,Has joined Napoli on loan for the rest of the season,,0,0,0,0,0,0,0,0,0,0,0,0,0,,,,0.0,0.0,0.0,0.0,0.0,0,0,0
148,a,,,4.5,521,134,0,0,0,0,1.0,183,71,8,0,2.0,203,80,0,14,2.0,161,61,0.4,1.8,0,86707,1179,34632,4030,2.0,2.0,0.01,0.21,0.22,4.81,0.0,0.07,0.07,1.68,73.2,46,19,44.2,75,17,13.0,167,58,13.1,77,19,,,,4,,Jorrel,Hato,Hato,,,258,0,2,0,9,0,0,0,0,0,0,4,18,,,,0.0,0.0,3.14,1.4,6.28,7,11,9
149,a,,,4.9,390,71,0,0,-1,1,1.0,181,70,2,1,0.7,387,137,0,16,0.5,320,117,0.1,0.4,0,24013,360,77763,3693,0.5,0.5,0.01,0.04,0.05,4.02,0.0,0.01,0.01,1.44,19.2,223,94,2.0,281,100,7.0,210,72,2.9,267,101,,,,4,,Levi,Samuels Colwill,Colwill,,,251,0,0,0,6,0,0,0,1,0,0,3,19,,,,0.0,0.0,2.15,1.08,6.81,3,16,11
150,u,0.0,0.0,4.5,530,136,0,0,0,0,0.0,533,185,0,0,0.0,516,196,0,0,0.0,516,196,0.0,0.0,0,429,0,5439,78,0.0,0.0,0.0,0.0,0.0,0.0,0.0,0.0,0.0,0.0,0.0,483,189,0.0,482,189,0.0,440,182,0.0,489,187,,,,4,,Mamadou,Sarr,M.Sarr,Has joined Real Sociedad on loan for the rest of the season,,0,0,0,0,0,0,0,0,0,0,0,0,0,,,,0.0,0.0,0.0,0.0,0.0,0,0,0
151,a,,,4.5,533,138,0,0,0,0,0.4,276,102,5,0,1.7,243,90,0,9,1.2,229,84,0.3,1.1,0,19448,265,15602,1077,1.2,1.2,0.0,0.02,0.02,3.52,0.0,0.01,0.01,1.57,41.6,143,65,4.1,245,84,6.0,224,78,5.1,224,86,,,,4,,Josh,Acheampong,Acheampong,,,202,0,0,0,5,0,0,0,0,0,0,2,19,,,,0.0,0.0,2.23,0.89,8.47,6,13,7
152,i,0.0,0.0,5.3,237,34,-1,1,-2,2,0.8,210,82,0,0,0.0,615,213,0,0,0.0,615,213,0.0,0.0,0,6219,19,200124,4508,0.0,0.0,0.0,0.0,0.0,0.0,0.0,0.0,0.0,0.0,0.0,596,211,0.0,603,211,0.0,586,209,0.0,603,211,,,,4,,Marco,Palestra,Palestra,Thigh injury - Expected back 18 Sep,,0,0,0,0,0,0,0,0,0,0,0,0,0,,,,0.0,0.0,0.0,0.0,0.0,0,0,0
154,a,100.0,100.0,9.7,3,2,0,0,2,-2,26.8,9,5,26,5,6.5,27,14,3,127,6.5,18,11,0.7,2.7,0,1731945,21109,351404,22685,6.5,6.5,1.18,0.61,1.79,6.08,0.3,0.16,0.46,1.55,113.0,6,5,82.4,24,21,112.0,6,3,30.8,3,3,,2.0,1.0,4,,Cole,Palmer,Palmer,,,352,2,2,0,9,0,0,0,1,0,0,4,23,,,,0.0,0.0,2.3,1.02,5.88,4,2,17
156,a,,,6.5,37,25,0,0,0,0,1.4,153,46,12,2,3.0,148,59,0,68,3.0,114,48,0.5,1.8,0,62771,1631,62924,3479,3.0,3.0,0.52,0.53,1.05,4.42,0.19,0.19,0.38,1.62,56.6,93,34,53.5,54,44,56.0,50,32,16.6,45,32,2.0,3.0,,4,,Pedro,Lomba Neto,Neto,,,246,1,0,0,6,0,0,0,0,0,0,3,22,,,,0.0,0.0,2.2,1.1,8.05,3,8,11
157,a,,,6.3,55,39,-1,1,-2,2,0.7,216,67,3,1,1.0,377,177,0,14,0.8,301,140,0.1,0.5,0,13219,302,74753,2167,0.8,0.8,0.07,0.07,0.14,0.58,0.32,0.32,0.64,2.61,3.4,325,147,0.8,315,156,17.0,139,71,2.2,284,126,4.0,,2.0,4,,Estêvão,Almeida de Oliveira Gonçalves,Estêvão,,,20,0,0,0,0,0,0,0,0,0,0,0,2,,,,0.0,0.0,0.0,0.0,9.0,1,0,1
158,a,,,5.9,95,62,0,0,-1,1,0.0,548,226,0,0,0.0,643,281,0,0,0.0,643,281,0.0,0.0,0,797,16,2292,69,0.0,0.0,0.0,0.0,0.0,0.0,0.0,0.0,0.0,0.0,0.0,637,280,0.0,639,280,0.0,637,279,0.0,639,280,,,,4,,Jamie,Bynoe-Gittens,Gittens,,,0,0,0,0,0,0,0,0,0,0,0,0,0,,,,0.0,0.0,0.0,0.0,0.0,0,0,0
159,i,0.0,0.0,5.4,218,138,0,0,-1,1,1.4,157,48,1,0,1.0,353,160,0,3,0.2,389,180,0.0,0.2,0,14154,100,247607,6934,0.0,0.0,0.0,0.0,0.0,0.07,0.0,0.0,0.0,0.48,0.0,607,259,0.1,353,176,0.0,599,255,0.0,613,261,,,,4,,Moisés,Caicedo Corozo,Caicedo,Calf injury - Expected back 18 Sep,,13,0,0,0,0,0,0,0,0,0,0,0,0,,,,0.0,0.0,0.0,0.0,0.0,0,0,0
161,a,,,5.0,322,190,0,0,0,0,0.2,321,115,11,2,2.8,154,63,0,61,2.8,122,53,0.6,2.2,0,22834,390,9423,726,2.8,2.8,0.75,0.11,0.86,5.06,0.26,0.04,0.3,1.77,58.4,84,27,24.2,147,87,66.0,35,20,14.9,59,39,,,,4,,Roméo,Lavia,Lavia,,,258,1,0,0,8,0,0,0,1,0,0,4,31,,,,0.0,0.0,2.79,1.4,10.81,6,10,15
163,u,0.0,0.0,4.5,502,268,0,0,0,0,0.1,403,151,0,0,0.0,491,194,0,0,0.0,491,194,0.0,0.0,0,2698,0,12017,363,0.0,0.0,0.0,0.0,0.0,0.0,0.0,0.0,0.0,0.0,0.0,457,176,0.0,457,184,0.0,414,153,0.0,463,180,,,,4,,Dário,Luís Essugo,D.Essugo,Has joined RC Strasbourg on loan for the rest of the season,,0,0,0,0,0,0,0,0,0,0,0,0,0,,,,0.0,0.0,0.0,0.0,0.0,0,0,0
164,a,100.0,100.0,5.4,229,146,0,0,-1,1,0.0,532,216,1,0,1.0,356,163,0,2,0.2,391,182,0.0,0.2,0,691,14,2811,124,0.2,0.2,0.0,0.0,0.0,0.09,0.0,0.0,0.0,1.01,1.2,350,162,0.3,342,169,2.0,283,136,0.4,343,158,,,,4,,Geovany,Quenda,Quenda,,,8,0,0,0,0,0,0,0,0,0,0,0,1,,,,0.0,0.0,0.0,0.0,11.25,0,1,0
165,a,,,7.8,15,5,1,-1,3,-3,74.2,1,1,33,12,8.2,4,1,7,141,8.2,1,1,1.1,4.2,0,1314445,61095,327169,3476,8.2,8.2,2.17,0.19,2.36,6.17,0.54,0.05,0.59,1.54,104.0,10,3,74.3,30,1,92.0,15,7,26.9,12,3,,,,4,,João Pedro,Junqueira de Jesus,João Pedro,,,360,3,3,0,9,1,0,0,1,0,0,4,9,,,,0.0,0.0,2.25,1.0,2.25,1,3,5
168,u,0.0,0.0,5.0,314,58,0,0,0,0,0.2,320,51,0,0,0.0,595,65,0,0,0.0,595,65,0.0,0.0,0,4102,0,28376,733,0.0,0.0,0.0,0.0,0.0,0.0,0.0,0.0,0.0,0.0,0.0,575,57,0.0,582,62,0.0,561,59,0.0,582,61,,,,4,,Marc,Guiu Paz,Marc Guiu,Has joined RB Leipzig permanently,,0,0,0,0,0,0,0,0,0,0,0,0,0,,,,0.0,0.0,0.0,0.0,0.0,0,0,0
169,a,,,4.5,527,73,0,0,0,0,0.4,268,47,0,0,0.0,513,55,0,0,0.0,513,55,0.0,0.0,0,18881,629,16641,742,0.0,0.0,0.0,0.0,0.0,0.0,0.0,0.0,0.0,0.0,0.0,480,47,0.0,479,52,0.0,437,49,0.0,486,51,,,,4,,Shumaira,Mheuka,Mheuka,,,0,0,0,0,0,0,0,0,0,0,0,0,0,,,,0.0,0.0,0.0,0.0,0.0,0,0,0
170,i,0.0,0.0,5.0,318,59,0,0,0,0,0.1,376,57,0,0,0.0,597,66,0,0,0.0,597,66,0.0,0.0,0,5891,13,9374,648,0.0,0.0,0.0,0.0,0.0,0.0,0.0,0.0,0.0,0.0,0.0,577,58,0.0,584,63,0.0,563,60,0.0,584,62,,,,4,,Emmanuel,Emegha,Emegha,Hamstring injury - Expected back 18 Sep,,0,0,0,0,0,0,0,0,0,0,0,0,0,,,,0.0,0.0,0.0,0.0,0.0,0,0,0
200,a,,,6.0,71,7,0,0,0,0,7.8,53,21,10,1,2.5,173,65,0,29,2.5,140,52,0.4,1.7,0,158670,1513,297971,23075,2.5,2.5,0.02,0.21,0.23,5.28,0.01,0.07,0.08,1.73,83.2,34,11,12.6,210,73,10.0,195,67,10.5,121,46,,,,4,,Maxence,Lacroix,Lacroix,,,274,0,1,0,7,0,0,0,1,0,0,3,35,,,,0.0,0.0,2.3,0.99,11.5,9,26,5
560,a,,,4.4,576,48,0,0,-1,1,0.1,477,54,0,0,0.0,462,48,0,0,0.0,462,48,0.0,0.0,0,1172,93,2790,90,0.0,0.0,0.0,0.0,0.0,0.0,0.0,0.0,0.0,0.0,0.0,425,47,0.0,420,28,0.0,367,25,0.0,431,47,,,,4,,Mike,Penders,Penders,,,0,0,0,0,0,0,0,0,0,0,0,0,0,,,,0.0,0.0,0.0,0.0,0.0,0,0,0
561,a,100.0,100.0,4.5,550,143,0,0,0,0,0.0,565,193,0,0,0.0,528,198,0,0,0.0,528,198,0.0,0.0,0,608,39,962,30,0.0,0.0,0.0,0.0,0.0,0.0,0.0,0.0,0.0,0.0,0.0,497,193,0.0,496,193,0.0,455,187,0.0,503,191,,,,4,,Aaron,Anselmino,Anselmino,,,0,0,0,0,0,0,0,0,0,0,0,0,0,,,,0.0,0.0,0.0,0.0,0.0,0,0,0
568,a,,,5.5,170,105,0,0,0,0,0.1,385,140,1,0,0.5,397,186,0,8,0.2,392,183,0.0,0.2,0,2544,98,5391,203,0.2,0.2,0.04,0.09,0.13,0.61,0.12,0.28,0.4,1.89,0.0,625,272,0.0,631,274,4.0,246,117,0.2,359,168,,,,4,,Valentín,Barco,Barco,,,29,0,0,0,1,0,0,0,1,0,0,0,3,,,,0.0,0.0,3.1,0.0,9.31,0,2,1
583,a,,,4.9,397,73,0,0,-1,1,0.2,364,139,4,1,1.0,314,122,0,10,1.0,249,92,0.2,0.8,0,2506,75,9213,281,1.0,1.0,0.0,0.03,0.03,1.45,0.0,0.02,0.02,1.11,11.2,262,109,2.5,268,94,6.0,225,79,2.0,294,109,,,,4,,Pep,Chavarría,Chavarria,,,118,0,0,0,1,0,0,0,0,0,0,0,7,,,,0.0,0.0,0.76,0.0,5.34,2,5,4
91,a,,,4.5,468,106,0,0,0,0,0.1,466,166,4,0,2.0,201,78,0,2,1.0,245,89,0.2,0.9,0,1854,87,3144,87,1.0,1.0,0.11,0.0,0.11,2.66,0.1,0.0,0.1,2.35,22.0,212,91,0.7,318,120,6.0,222,76,2.9,266,100,,,,4,,Ethan,Pinnock,Pinnock,,,102,0,0,0,2,0,0,0,1,0,0,1,15,,,,0.0,0.0,1.76,0.88,13.24,1,14,2
104,a,,,4.9,381,230,0,0,-1,1,0.1,407,153,4,0,2.0,208,87,0,13,1.0,248,110,0.2,0.8,0,3521,57,7681,163,1.0,1.0,0.0,0.01,0.01,3.05,0.0,0.01,0.01,1.81,4.0,316,143,2.0,280,143,0.0,485,187,0.6,337,154,,,,4,,Frank,Onyeka,Onyeka,,,152,0,0,0,4,0,0,0,0,0,0,2,12,,,,0.0,0.0,2.37,1.18,7.11,2,3,7
110,a,,,4.5,496,40,0,0,0,0,0.9,194,30,5,0,1.7,242,20,0,23,1.2,228,18,0.3,1.1,0,20443,224,41168,856,1.2,1.2,0.0,0.01,0.01,4.72,0.0,0.0,0.0,1.57,43.6,137,17,0.0,455,46,0.0,409,43,4.4,239,17,,,,4,,Carl,Rushworth,Rushworth,,,270,0,0,0,5,0,0,0,0,0,5,3,0,,,,1.67,0.0,1.67,1.0,0.0,0,3,29
171,u,0.0,0.0,4.0,626,68,0,0,0,0,1.1,176,26,0,0,0.0,432,43,0,0,0.0,432,43,0.0,0.0,0,8924,0,44461,1672,0.0,0.0,0.0,0.0,0.0,0.0,0.0,0.0,0.0,0.0,0.0,394,42,0.0,389,23,0.0,331,20,0.0,400,42,,,,4,,Oliver,Dovin,Dovin,Has joined Leyton Orient on loan for the rest of the season,,0,0,0,0,0,0,0,0,0,0,0,0,0,,,,0.0,0.0,0.0,0.0,0.0,0,0,0
172,a,,,4.5,436,28,0,0,0,0,0.4,279,37,0,0,0.0,467,52,0,0,0.0,467,52,0.0,0.0,0,760,26,10142,181,0.0,0.0,0.0,0.0,0.0,0.0,0.0,0.0,0.0,0.0,0.0,430,51,0.0,427,34,0.0,376,31,0.0,436,51,,,,4,,Ben,Wilson,Wilson,,,0,0,0,0,0,0,0,0,0,0,0,0,0,,,,0.0,0.0,0.0,0.0,0.0,0,0,0
173,a,,,4.0,622,185,0,0,0,0,9.2,45,17,15,0,5.0,50,21,2,58,3.8,70,30,1.0,3.8,0,313330,6870,181058,4235,3.8,3.8,0.24,0.19,0.43,4.18,0.08,0.07,0.15,1.46,60.8,74,37,32.7,117,33,25.0,109,32,11.8,91,24,,,,4,,Bobby,Thomas,Thomas,,,257,0,0,1,4,0,0,0,0,0,0,3,31,,,,0.0,0.35,1.4,1.05,10.86,2,29,11
174,u,0.0,0.0,4.0,615,180,0,0,0,0,0.4,270,98,0,0,0.0,425,152,0,0,0.0,425,152,0.0,0.0,0,981,0,26594,838,0.0,0.0,0.0,0.0,0.0,0.0,0.0,0.0,0.0,0.0,0.0,387,142,0.0,382,142,0.0,324,124,0.0,393,140,,,,4,,Liam,Kitching,Kitching,Has joined Sheffield United on loan for the rest of the season,,0,0,0,0,0,0,0,0,0,0,0,0,0,,,,0.0,0.0,0.0,0.0,0.0,0,0,0
175,a,,,4.0,620,183,0,0,0,0,10.5,40,15,6,0,2.0,198,76,0,12,1.5,206,79,0.4,1.5,0,111522,2776,320568,9834,1.5,1.5,0.0,0.26,0.26,4.72,0.0,0.09,0.09,1.57,42.8,138,62,41.1,87,22,10.0,190,65,9.4,137,52,,,,4,,Milan,van Ewijk,van Ewijk,,,270,0,0,0,5,0,0,0,1,0,0,3,20,,,,0.0,0.0,1.67,1.0,6.67,5,15,10
176,a,,,4.0,600,168,0,0,0,0,0.7,218,84,5,0,1.7,240,88,0,21,1.2,226,82,0.3,1.2,0,8537,157,16438,385,1.2,1.2,0.18,0.15,0.33,4.72,0.06,0.05,0.11,1.61,50.8,114,54,26.0,141,46,17.0,132,40,9.5,133,49,,,,4,,Jay,Dasilva,Dasilva,,,264,0,0,0,5,0,0,0,0,0,0,3,16,,,,0.0,0.0,1.7,1.02,5.45,4,12,7
177,i,0.0,0.0,4.0,624,186,0,0,0,0,0.0,514,181,0,0,0.0,430,154,0,0,0.0,430,154,0.0,0.0,0,424,11,2791,69,0.0,0.0,0.0,0.0,0.0,0.0,0.0,0.0,0.0,0.0,0.0,392,144,0.0,387,144,0.0,329,126,0.0,398,142,,,,4,,Kaine,Kesler-Hayden,Kesler-Hayden,Hamstring injury - Unknown return date,,0,0,0,0,0,0,0,0,0,0,0,0,0,,,,0.0,0.0,0.0,0.0,0.0,0,0,0
178,a,,,4.0,587,162,0,0,0,0,0.1,447,161,0,0,0.0,407,144,0,0,0.0,407,144,0.0,0.0,0,1895,81,2608,81,0.0,0.0,0.0,0.0,0.0,0.0,0.0,0.0,0.0,0.0,0.0,369,134,0.0,362,132,0.0,302,112,0.0,374,131,,,,4,,Jake,Bidwell,Bidwell,,,0,0,0,0,0,0,0,0,0,0,0,0,0,,,,0.0,0.0,0.0,0.0,0.0,0,0,0
179,a,,,4.0,604,172,0,0,0,0,0.0,515,182,0,0,0.0,418,148,0,0,0.0,418,148,0.0,0.0,0,787,31,1317,39,0.0,0.0,0.0,0.0,0.0,0.0,0.0,0.0,0.0,0.0,0.0,380,138,0.0,375,138,0.0,317,120,0.0,386,136,,,,4,,Joel,Latibeaudiere,Latibeaudiere,,,0,0,0,0,0,0,0,0,0,0,0,0,0,,,,0.0,0.0,0.0,0.0,0.0,0,0,0
180,i,0.0,0.0,4.0,609,176,0,0,0,0,0.1,394,146,0,0,0.0,421,150,0,0,0.0,421,150,0.0,0.0,0,2029,49,7405,174,0.0,0.0,0.0,0.0,0.0,0.0,0.0,0.0,0.0,0.0,0.0,383,140,0.0,378,140,0.0,320,122,0.0,389,138,,,,4,,Luke,Woolfenden,Woolfenden,Knee injury - Unknown return date,,0,0,0,0,0,0,0,0,0,0,0,0,0,,,,0.0,0.0,0.0,0.0,0.0,0,0,0
181,u,0.0,0.0,4.0,646,205,0,0,0,0,0.0,554,189,0,0,0.0,448,169,0,0,0.0,448,169,0.0,0.0,0,275,0,1827,37,0.0,0.0,0.0,0.0,0.0,0.0,0.0,0.0,0.0,0.0,0.0,410,159,0.0,405,159,0.0,349,143,0.0,416,157,,,,4,,Miguel,Brau,Brau,Has joined Academico de Viseu on loan for the rest of the season,,0,0,0,0,0,0,0,0,0,0,0,0,0,,,,0.0,0.0,0.0,0.0,0.0,0,0,0
182,a,,,4.0,635,194,0,0,0,0,0.7,214,83,4,0,1.3,264,93,0,9,1.0,242,86,0.2,1.0,0,10433,385,18674,455,1.0,1.0,0.02,0.39,0.41,4.72,0.01,0.13,0.14,1.57,44.6,133,60,4.2,244,83,11.0,182,62,6.1,207,80,,,,4,,Aurèle,Amenda,Amenda,,,270,0,0,0,5,0,0,0,1,0,0,3,16,,,,0.0,0.0,1.67,1.0,5.33,1,15,11
183,a,100.0,100.0,5.0,298,177,0,0,0,0,0.1,409,154,6,0,2.0,212,90,0,24,1.5,214,95,0.3,1.2,0,2975,54,5820,175,1.5,1.5,0.5,0.18,0.68,1.48,0.3,0.11,0.41,0.88,26.8,197,77,60.0,42,36,54.0,53,34,14.1,64,42,5.0,1.0,,4,,Jack,Rudoni,Rudoni,,,152,0,0,1,1,0,0,0,0,0,0,2,16,,,,0.0,0.59,0.59,1.18,9.47,3,3,10
184,a,,,4.9,362,216,-1,1,-1,1,0.1,372,134,6,0,2.0,205,85,0,36,1.5,208,91,0.3,1.2,0,3352,49,8475,302,1.5,1.5,0.05,0.05,0.1,4.72,0.02,0.02,0.04,1.57,46.2,127,47,26.9,136,81,3.0,254,122,7.6,165,76,1.0,,3.0,4,,Matt,Grimes,Grimes,,,270,0,0,0,5,0,0,0,0,0,0,3,25,,,,0.0,0.0,1.67,1.0,8.33,5,8,12
185,a,,,4.9,398,239,0,0,-1,1,0.1,462,182,1,0,1.0,315,135,0,8,0.2,373,168,0.0,0.2,0,765,17,4488,108,0.2,0.2,0.02,0.02,0.04,0.69,0.06,0.06,0.12,2.0,6.2,297,128,5.9,234,124,7.0,212,106,1.9,296,132,,,,4,,Tatsuhiro,Sakamoto,Sakamoto,,,31,0,0,0,1,0,0,0,0,0,0,0,4,,,,0.0,0.0,2.9,0.0,11.61,2,0,2
186,a,100.0,100.0,5.4,200,127,0,0,-1,1,0.1,433,167,3,0,1.5,258,114,0,8,0.8,290,135,0.1,0.6,0,954,15,4766,98,0.8,0.8,0.0,0.06,0.06,1.19,0.0,0.04,0.04,0.84,4.2,315,142,16.8,180,102,2.0,277,131,2.1,291,129,,,,4,,Ephron,Mason-Clark,Mason-Clark,,,127,0,0,0,1,0,0,0,0,0,0,2,9,,,,0.0,0.0,0.71,1.42,6.38,0,4,5
187,i,0.0,0.0,4.9,384,232,0,0,-1,1,0.0,595,249,0,0,0.0,553,225,0,0,0.0,553,225,0.0,0.0,0,601,5,1115,70,0.0,0.0,0.0,0.0,0.0,0.0,0.0,0.0,0.0,0.0,0.0,527,211,0.0,526,218,0.0,488,189,0.0,533,215,,,,4,,Josh,Eccles,Eccles,Unspecified injury - Expected back 12 Oct,,0,0,0,0,0,0,0,0,0,0,0,0,0,,,,0.0,0.0,0.0,0.0,0.0,0,0,0
188,a,,,5.4,198,125,0,0,-1,1,0.1,405,152,2,0,1.0,346,157,0,10,0.5,335,153,0.1,0.4,0,707,6,6539,149,0.5,0.5,0.0,0.12,0.12,1.01,0.0,0.23,0.23,1.93,6.8,288,124,20.0,171,97,0.0,594,252,2.6,275,119,2.0,2.0,2.0,4,,Victor,Torp,Torp,,,47,0,0,0,1,0,0,0,0,0,0,0,3,,,,0.0,0.0,1.91,0.0,5.74,0,1,2
189,a,,,4.5,559,291,0,0,0,0,0.2,318,113,0,0,0.0,537,214,0,0,0.0,537,214,0.0,0.0,0,4116,104,10246,334,0.0,0.0,0.0,0.0,0.0,0.0,0.0,0.0,0.0,0.0,0.0,506,196,0.0,505,204,0.0,464,173,0.0,512,200,,,,4,,George,Shepherd,Shepherd,,,0,0,0,0,0,0,0,0,0,0,0,0,0,,,,0.0,0.0,0.0,0.0,0.0,0,0,0
190,a,,,5.4,215,136,0,0,-1,1,0.1,413,156,4,0,1.3,269,121,0,27,1.0,258,115,0.2,0.7,0,3087,10,6916,136,1.0,1.0,0.19,0.18,0.37,2.73,0.1,0.1,0.2,1.48,17.0,235,95,49.3,63,47,29.0,98,53,9.6,132,66,3.0,,,4,,Loum,Tchaouna,Tchaouna,,,166,0,0,0,3,0,0,0,0,0,0,2,15,,,,0.0,0.0,1.63,1.08,8.13,1,5,9
191,u,0.0,0.0,4.5,504,270,0,0,0,0,0.1,417,159,0,0,0.0,493,196,0,0,0.0,493,196,0.0,0.0,0,1943,0,9192,303,0.0,0.0,0.0,0.0,0.0,0.0,0.0,0.0,0.0,0.0,0.0,459,178,0.0,459,186,0.0,416,155,0.0,465,182,,,,4,,Raphael,Borges Rodrigues,Borges Rodrigues,Has joined Burton Albion on loan for the rest of the season,,0,0,0,0,0,0,0,0,0,0,0,0,0,,,,0.0,0.0,0.0,0.0,0.0,0,0,0
192,u,0.0,0.0,4.5,553,288,0,0,0,0,0.3,286,96,0,0,0.0,531,211,0,0,0.0,531,211,0.0,0.0,0,2718,0,34226,924,0.0,0.0,0.0,0.0,0.0,0.0,0.0,0.0,0.0,0.0,0.0,500,193,0.0,499,201,0.0,458,170,0.0,506,197,,,,4,,Kai,Andrews,Andrews,Has joined Oxford United on loan for the rest of the season,,0,0,0,0,0,0,0,0,0,0,0,0,0,,,,0.0,0.0,0.0,0.0,0.0,0,0,0
193,i,0.0,0.0,5.4,187,43,0,0,-1,1,0.1,442,64,0,0,0.0,616,71,0,0,0.0,616,71,0.0,0.0,0,482,12,10851,172,0.0,0.0,0.0,0.0,0.0,0.0,0.0,0.0,0.0,0.0,0.0,597,64,0.0,604,69,0.0,588,66,0.0,604,68,,,1.0,4,,Haji,Wright,Wright,Thigh injury - Unknown return date,,0,0,0,0,0,0,0,0,0,0,0,0,0,,,,0.0,0.0,0.0,0.0,0.0,0,0,0
194,a,,,5.0,276,54,0,0,0,0,0.8,211,33,4,0,1.3,267,31,0,20,1.0,252,28,0.2,0.8,0,43266,1129,39416,1355,1.0,1.0,0.0,0.02,0.02,3.24,0.0,0.02,0.02,2.43,8.0,280,27,3.4,254,32,4.0,244,38,1.6,305,35,,,4.0,4,,Brandon,Thomas-Asante,Thomas-Asante,,,120,0,0,0,4,0,0,0,0,0,0,1,11,,,,0.0,0.0,3.0,0.75,8.25,0,6,5
195,a,,,5.0,267,52,0,0,0,0,0.8,213,35,3,0,1.5,253,30,0,10,0.8,282,32,0.2,0.6,0,36120,521,47093,1300,0.8,0.8,0.3,0.01,0.31,2.55,0.31,0.01,0.32,2.61,7.6,283,28,22.3,154,15,37.0,82,19,6.7,194,20,,,,4,,Ellis,Simms,Simms,,,88,0,0,0,3,0,0,0,0,0,0,1,3,,,,0.0,0.0,3.07,1.02,3.07,0,1,2
196,u,0.0,0.0,5.0,336,61,0,0,0,0,0.0,615,76,0,0,0.0,605,67,0,0,0.0,605,67,0.0,0.0,0,0,0,1045,23,0.0,0.0,0.0,0.0,0.0,0.0,0.0,0.0,0.0,0.0,0.0,585,59,0.0,592,64,0.0,572,61,0.0,592,63,,,,4,,Jahnoah,Markelo,Markelo,Has joined Shabab Al-Ahli Dubai permanently,,0,0,0,0,0,0,0,0,0,0,0,0,0,,,,0.0,0.0,0.0,0.0,0.0,0,0,0
197,u,0.0,0.0,4.5,519,70,0,0,0,0,0.0,550,74,0,0,0.0,507,53,0,0,0.0,507,53,0.0,0.0,0,0,0,1738,52,0.0,0.0,0.0,0.0,0.0,0.0,0.0,0.0,0.0,0.0,0.0,473,44,0.0,473,50,0.0,430,46,0.0,479,48,,,,4,,Norman,Bassette,Bassette,Has joined KVC Westerlo on loan for the rest of the season,,0,0,0,0,0,0,0,0,0,0,0,0,0,,,,0.0,0.0,0.0,0.0,0.0,0,0,0
492,a,,,5.5,138,36,0,0,0,0,0.6,231,37,5,0,1.7,248,29,0,16,1.2,238,25,0.2,0.9,0,21051,364,38805,1057,1.2,1.2,1.24,0.03,1.27,2.18,0.62,0.02,0.64,1.09,13.6,248,23,35.3,109,10,68.0,31,11,11.7,95,14,,,5.0,4,,Taiwo,Awoniyi,Awoniyi,,,180,0,0,0,2,0,0,0,0,0,0,2,9,,,,0.0,0.0,1.0,1.0,4.5,0,3,6
575,a,,,4.9,419,256,0,0,-1,1,0.2,351,127,5,0,1.7,245,106,0,23,1.2,231,106,0.2,1.0,0,2457,41,10206,285,1.2,1.2,0.03,0.13,0.16,2.53,0.02,0.07,0.09,1.44,10.4,266,111,19.4,172,98,7.0,213,107,3.3,257,112,,,,4,,Caleb,Yirenkyi,Yirenkyi,,,158,0,0,1,3,0,0,0,1,0,0,2,16,,,,0.0,0.57,1.71,1.14,9.11,0,5,11
584,a,,,5.4,190,119,0,0,-1,1,0.1,419,160,3,0,1.0,344,155,0,6,0.8,286,132,0.1,0.6,0,703,17,5102,106,0.8,0.8,0.0,0.02,0.02,0.82,0.0,0.06,0.06,2.31,0.6,354,165,1.8,285,146,0.0,591,249,0.3,355,165,4.0,,,4,,Gustavo,Hamer,Hamer,,,32,0,0,0,1,0,0,0,0,0,0,0,3,,,,0.0,0.0,2.81,0.0,8.44,1,0,2
599,a,,,5.0,348,63,0,0,0,0,0.1,426,62,0,0,0.0,609,69,0,0,0.0,609,69,0.0,0.0,0,5458,184,5520,161,0.0,0.0,0.0,0.0,0.0,0.0,0.0,0.0,0.0,0.0,0.0,589,61,0.0,596,66,0.0,578,63,0.0,596,65,,,,4,,Sidiki,Cherif,Cherif,,,0,0,0,0,0,0,0,0,0,0,0,0,0,,,,0.0,0.0,0.0,0.0,0.0,0,0,0
623,a,,,4.0,586,54,0,0,0,0,0.5,256,35,0,0,0.0,406,29,0,0,0.0,406,29,0.0,0.0,0,58018,955,14148,227,0.0,0.0,0.0,0.0,0.0,0.0,0.0,0.0,0.0,0.0,0.0,368,28,0.0,361,9,0.0,301,6,0.0,373,28,,,,4,,Dan,Bentley,Bentley,,,0,0,0,0,0,0,0,0,0,0,0,0,0,,,,0.0,0.0,0.0,0.0,0.0,0,0,0
655,a,,,5.5,141,84,0,0,0,0,0.0,654,291,0,0,0.0,633,273,0,0,0.0,633,273,0.0,0.0,0,92,27,9,2,2.0,2.0,0.0,0.0,0.0,0.0,0.0,0.0,0.0,0.0,0.0,621,268,0.0,627,270,0.0,617,263,0.0,627,270,,,,4,,Yann,Gboho,Gboho,,,0,0,0,0,0,0,0,0,0,0,0,0,0,,,,0.0,0.0,0.0,0.0,0.0,0,0,0
656,a,,,4.0,642,201,0,0,0,0,0.1,484,172,0,0,0.0,445,166,0,0,0.0,445,166,0.0,0.0,0,4666,1855,489,222,1.1,1.1,0.0,0.0,0.0,0.0,0.0,0.0,0.0,0.0,0.0,407,156,0.0,402,156,0.0,345,139,0.0,413,154,,,,4,,Stephen,Mfuni,Mfuni,,,0,0,0,0,0,0,0,0,0,0,0,0,0,,,,0.0,0.0,0.0,0.0,0.0,0,0,0
42,a,,,5.5,162,98,0,0,0,0,0.0,506,202,2,0,1.0,360,165,0,6,0.5,338,155,0.1,0.4,0,2034,60,2718,149,0.5,0.5,0.03,0.03,0.06,0.34,0.05,0.05,0.1,0.57,5.4,301,132,2.1,279,142,7.0,219,110,1.5,307,137,,,,4,,Evann,Guessand,Guessand,,,54,0,0,0,1,0,0,0,0,0,0,0,2,,,,0.0,0.0,1.67,0.0,3.33,1,1,0
153,s,0.0,,4.5,460,100,0,0,0,0,0.1,404,149,1,-3,0.3,399,142,0,-6,0.2,362,134,0.0,0.2,0,9307,63,5356,1013,0.0,0.2,0.0,0.04,0.04,3.72,0.0,0.03,0.03,2.41,32.6,180,80,13.3,202,67,2.0,266,99,4.8,231,87,,,,4,,Axel,Disasi,Disasi,Suspended until 25 Oct,,139,0,0,0,6,0,0,0,0,1,0,2,20,,,,0.0,0.0,3.88,1.29,12.95,5,15,11
198,i,0.0,100.0,5.0,254,8,0,0,0,0,1.8,133,19,5,0,1.7,246,22,0,37,1.2,232,20,0.2,1.0,0,55002,86,62614,13628,0.0,1.2,0.0,0.0,0.0,6.47,0.0,0.0,0.0,2.16,96.8,15,3,0.0,552,60,0.0,525,60,9.6,130,3,,,,4,,Dean,Henderson,Henderson,Foot injury - Expected back 11 Oct,,270,0,0,0,8,0,0,0,0,0,12,3,0,,,,4.0,0.0,2.67,1.0,0.0,0,6,31
199,a,,,4.5,437,29,0,0,0,0,0.1,412,47,2,2,2.0,199,16,0,3,0.5,312,21,0.1,0.4,0,1884,205,3729,107,0.5,0.5,0.0,0.0,0.0,1.68,0.0,0.0,0.0,1.68,0.0,431,52,0.0,428,35,0.0,377,32,0.0,437,52,,,,4,,Walter,Benítez,Benitez,,,90,0,0,0,3,0,0,0,0,0,3,1,0,,,,3.0,0.0,3.0,1.0,0.0,0,1,7
202,a,,,5.0,282,47,0,0,0,0,0.7,226,87,6,2,1.5,254,92,0,19,1.5,213,81,0.3,1.2,0,19369,311,27391,1158,1.5,1.5,0.08,0.06,0.14,8.15,0.02,0.02,0.04,2.04,86.4,31,9,1.3,299,111,24.0,113,34,11.1,106,36,,,,4,,Chris,Richards,Richards,,,360,0,0,0,11,0,0,0,1,0,0,4,44,,,,0.0,0.0,2.75,1.0,11.0,6,38,13
203,a,,,4.9,418,77,0,0,-1,1,0.2,322,118,2,0,0.7,388,138,0,12,0.5,324,119,0.1,0.4,0,5119,36,14588,654,0.5,0.5,0.05,0.01,0.06,6.47,0.02,0.0,0.02,2.16,63.2,67,32,8.1,228,77,5.0,233,83,7.6,166,66,,,,4,,Jaydee,Canvot,Canvot,,,270,0,0,0,8,0,0,0,0,0,0,3,24,,,,0.0,0.0,2.67,1.0,8.0,7,17,6
204,a,,,4.5,477,112,0,0,0,0,6.6,60,25,17,1,4.2,75,31,2,38,4.2,54,23,0.9,3.8,0,280525,5771,183191,8509,4.2,4.2,0.77,0.24,1.01,7.03,0.21,0.07,0.28,1.92,101.2,13,1,46.1,70,16,56.0,47,5,20.3,25,2,,,,4,,Tyrick,Mitchell,Mitchell,,,329,2,0,0,10,0,0,0,0,0,0,4,17,,,,0.0,0.0,2.74,1.09,4.65,6,11,15
205,u,0.0,0.0,4.5,459,99,0,0,0,0,0.0,574,196,0,0,0.0,475,181,0,0,0.0,475,181,0.0,0.0,0,236,0,1746,51,0.0,0.0,0.0,0.0,0.0,0.0,0.0,0.0,0.0,0.0,0.0,440,173,0.0,437,173,0.0,387,161,0.0,446,171,,,,4,,Borna,Sosa,Sosa,Has joined FC Cologne on loan for the rest of the season,,0,0,0,0,0,0,0,0,0,0,0,0,0,,,,0.0,0.0,0.0,0.0,0.0,0,0,0
206,i,0.0,0.0,4.4,575,157,0,0,-1,1,0.0,559,191,1,0,1.0,290,110,0,7,0.2,358,131,0.0,0.2,0,574,3,5229,61,0.0,0.0,0.0,0.01,0.01,0.98,0.0,0.01,0.01,1.22,12.6,252,103,1.3,296,109,0.0,366,157,1.4,308,114,,,,4,,Chadi,Riad Dnanou,Chadi Riad,Knee injury - Unknown return date,,72,0,0,0,2,0,0,0,0,0,0,1,7,,,,0.0,0.0,2.5,1.25,8.75,1,6,3
207,a,,,4.4,570,153,0,0,-1,1,0.1,473,168,2,0,1.0,288,108,0,5,0.5,309,109,0.1,0.5,0,1694,34,3775,177,0.5,0.5,0.0,0.0,0.0,0.33,0.0,0.0,0.0,1.86,3.2,326,125,0.4,334,126,0.0,363,155,0.3,348,126,,,,4,,Oscar,Mingueza,Mingueza,,,16,0,0,0,1,0,0,0,0,0,0,0,2,,,,0.0,0.0,5.62,0.0,11.25,2,0,1
208,i,0.0,0.0,6.2,57,40,-1,1,-3,3,0.7,219,69,0,0,0.0,649,287,0,0,0.0,649,287,0.0,0.0,0,2623,12,364554,2491,0.0,0.0,0.0,0.0,0.0,0.0,0.0,0.0,0.0,0.0,0.0,648,288,0.0,649,288,0.0,647,287,0.0,648,288,,,2.0,4,,Ismaïla,Sarr,Sarr,Groin injury - Unknown return date,,0,0,0,0,0,0,0,0,0,0,0,0,0,,,,0.0,0.0,0.0,0.0,0.0,0,0,0
210,a,100.0,100.0,5.5,165,100,0,0,0,0,0.8,204,64,10,2,2.5,172,72,0,64,2.5,138,60,0.5,1.8,0,26022,442,34042,1927,2.5,2.5,0.08,0.36,0.44,7.6,0.02,0.09,0.11,1.98,47.8,123,44,58.4,45,38,2.0,286,138,10.9,110,57,2.0,,,4,,Adam,Wharton,Wharton,,,346,0,0,0,10,0,0,0,0,0,0,4,34,,,,0.0,0.0,2.6,1.04,8.84,8,12,14
211,a,,,5.5,163,99,0,0,0,0,0.5,260,86,12,1,3.0,143,58,0,60,3.0,111,47,0.5,2.2,0,42920,304,16141,1905,3.0,3.0,0.36,0.4,0.76,5.67,0.14,0.16,0.3,2.26,20.8,219,89,83.1,23,20,21.0,122,63,12.5,83,51,1.0,1.0,,4,,Yéremy,Pino Santos,Yeremy,,,226,0,2,0,6,0,0,0,0,0,0,3,21,,,,0.0,0.0,2.39,1.19,8.36,5,3,13
212,a,,,4.5,435,259,0,0,0,0,8.3,49,18,2,1,1.0,293,125,0,9,0.5,311,145,0.1,0.4,0,86202,1814,349789,12109,0.5,0.5,0.0,0.04,0.04,1.12,0.0,0.12,0.12,3.48,2.4,336,153,0.3,337,165,0.0,375,146,0.3,349,160,4.0,,,4,,Will,Hughes,Hughes,,,29,0,0,0,1,0,0,0,0,0,0,0,7,,,,0.0,0.0,3.1,0.0,21.72,1,3,3
213,a,,,4.9,360,214,0,0,-1,1,0.1,449,174,1,1,1.0,304,128,0,3,0.2,365,162,0.0,0.2,0,1058,31,4452,127,0.2,0.2,0.0,0.0,0.0,0.48,0.0,0.0,0.0,7.2,0.0,514,200,0.0,514,208,0.0,473,177,0.0,520,204,,,,4,,Jefferson,Lerma Solís,Lerma,,,6,0,0,0,1,0,0,0,0,0,0,0,1,,,,0.0,0.0,15.0,0.0,15.0,0,1,0
214,a,,,5.0,262,162,0,0,0,0,0.4,266,90,18,8,4.5,66,29,0,97,4.5,47,21,0.9,3.6,0,28304,3958,14305,535,4.5,4.5,0.05,0.35,0.4,7.54,0.01,0.09,0.1,1.93,57.6,87,28,55.3,48,40,13.0,169,82,12.6,81,49,3.0,,,4,,Daichi,Kamada,Kamada,,,351,0,3,0,10,0,0,0,1,0,0,4,28,,,,0.0,0.0,2.56,1.03,7.18,10,4,14
215,u,0.0,0.0,5.0,304,179,0,0,0,0,0.0,624,267,0,0,0.0,589,246,0,0,0.0,589,246,0.0,0.0,0,132,0,813,23,0.0,0.0,0.0,0.0,0.0,0.0,0.0,0.0,0.0,0.0,0.0,568,235,0.0,574,241,0.0,553,225,0.0,575,238,,2.0,3.0,4,,Justin,Devenny,Devenny,Has joined Stoke City permanently,,0,0,0,0,0,0,0,0,0,0,0,0,0,,,,0.0,0.0,0.0,0.0,0.0,0,0,0
216,u,0.0,0.0,5.0,341,204,0,0,0,0,0.0,564,233,0,0,0.0,607,258,0,0,0.0,607,258,0.0,0.0,0,399,0,2785,79,0.0,0.0,0.0,0.0,0.0,0.0,0.0,0.0,0.0,0.0,0.0,587,248,0.0,594,254,0.0,575,240,0.0,594,251,,,,4,,Romain,Esse,Esse,Has joined Millwall on loan for the rest of the season,,0,0,0,0,0,0,0,0,0,0,0,0,0,,,,0.0,0.0,0.0,0.0,0.0,0,0,0
217,u,0.0,0.0,4.9,404,244,0,0,-1,1,0.0,576,237,0,0,0.0,561,231,0,0,0.0,561,231,0.0,0.0,0,1007,0,2769,162,0.0,0.0,0.0,0.0,0.0,0.0,0.0,0.0,0.0,0.0,0.0,536,217,0.0,537,224,0.0,499,195,0.0,543,221,,,,4,,Matheus,França de Oliveira,M.França,Has joined Alverca on loan for the rest of the season,,0,0,0,0,0,0,0,0,0,0,0,0,0,,,,0.0,0.0,0.0,0.0,0.0,0,0,0
218,a,,,4.9,383,231,0,0,-1,1,0.1,492,194,0,0,0.0,552,224,0,0,0.0,552,224,0.0,0.0,0,1744,42,3462,145,0.0,0.0,0.0,0.0,0.0,0.0,0.0,0.0,0.0,0.0,0.0,526,210,0.0,525,217,0.0,487,188,0.0,532,214,,,,4,,Cheick,Doucouré,Doucouré,,,0,0,0,0,0,0,0,0,0,0,0,0,0,,,,0.0,0.0,0.0,0.0,0.0,0,0,0
219,u,0.0,0.0,4.9,389,234,0,0,-1,1,0.0,634,274,0,0,0.0,557,227,0,0,0.0,557,227,0.0,0.0,0,145,0,366,25,0.0,0.0,0.0,0.0,0.0,0.0,0.0,0.0,0.0,0.0,0.0,531,213,0.0,531,220,0.0,493,191,0.0,538,217,,,,4,,Jesurun,Rak-Sakyi,J.Rak-Sakyi,has joined  Kasimpasa on loan for the rest of the seaon.,,0,0,0,0,0,0,0,0,0,0,0,0,0,,,,0.0,0.0,0.0,0.0,0.0,0,0,0
220,u,0.0,0.0,4.5,535,139,0,0,0,0,0.0,651,215,0,0,0.0,518,197,0,0,0.0,518,197,0.0,0.0,0,0,0,118,1,0.0,0.0,0.0,0.0,0.0,0.0,0.0,0.0,0.0,0.0,0.0,485,190,0.0,484,190,0.0,442,183,0.0,491,188,,,,4,,Rio,Cardines,Cardines,Has joined Bristol City on loan for the rest of the season,,0,0,0,0,0,0,0,0,0,0,0,0,0,,,,0.0,0.0,0.0,0.0,0.0,0,0,0
222,a,,,6.0,69,15,0,0,0,0,0.6,234,39,12,8,3.0,146,17,2,59,3.0,112,12,0.5,2.0,0,32409,2375,26788,872,3.0,3.0,0.39,0.03,0.42,4.89,0.16,0.01,0.17,2.03,8.6,275,26,4.6,242,30,21.0,123,24,3.5,252,30,,,,4,,Jørgen,Strand Larsen,Strand Larsen,,,217,1,0,0,5,0,0,0,0,0,0,2,10,,,,0.0,0.0,2.07,0.83,4.15,2,3,5
223,i,0.0,0.0,6.3,51,12,-1,1,-2,2,1.6,145,21,2,0,2.0,224,26,0,-3,0.5,348,44,0.1,0.3,0,25547,26,421001,5048,0.0,0.0,0.7,0.02,0.72,0.98,1.02,0.03,1.05,1.42,1.4,346,38,12.3,212,24,11.0,189,33,2.5,279,32,,,1.0,4,,Jean-Philippe,Mateta,Mateta,Hamstring injury - Expected back 11 Oct,,62,0,0,0,2,0,0,0,0,0,0,1,5,,,,0.0,0.0,2.9,1.45,7.26,2,1,2
221,a,,,4.5,558,290,0,0,0,0,0.1,452,177,0,0,0.0,536,213,0,0,0.0,536,213,0.0,0.0,0,2239,51,3386,131,0.0,0.0,0.0,0.0,0.0,0.0,0.0,0.0,0.0,0.0,0.0,505,195,0.0,504,203,0.0,463,172,0.0,511,199,,,,4,,Joél,Drakes-Thomas,Drakes-Thomas,,,0,0,0,0,0,0,0,0,0,0,0,0,0,,,,0.0,0.0,0.0,0.0,0.0,0,0,0
224,d,75.0,,5.5,136,35,0,0,0,0,0.7,221,36,7,0,2.3,183,23,0,36,1.8,202,18,0.3,1.3,0,45071,116,27631,3963,1.4,1.8,1.1,0.58,1.68,4.45,0.59,0.31,0.9,2.4,34.2,169,12,45.8,72,3,50.0,59,14,13.0,78,11,,,,4,,Eddie,Nketiah,Nketiah,Unspecified injury - 75% chance of playing,,167,0,1,0,7,0,0,0,0,0,0,3,11,,,,0.0,0.0,3.77,1.62,5.93,4,2,5
225,u,0.0,0.0,5.0,352,65,0,0,0,0,0.0,657,78,0,0,0.0,611,70,0,0,0.0,611,70,0.0,0.0,0,0,0,0,0,0.0,0.0,0.0,0.0,0.0,0.0,0.0,0.0,0.0,0.0,0.0,592,63,0.0,599,68,0.0,581,65,0.0,599,67,,,,4,,Christantus,Uche,Uche,has returned to Getafe CF,,0,0,0,0,0,0,0,0,0,0,0,0,0,,,,0.0,0.0,0.0,0.0,0.0,0,0,0
241,a,,,5.4,206,131,0,0,-1,1,0.1,386,141,3,0,1.5,260,116,0,13,0.8,293,136,0.1,0.6,0,1540,18,6416,246,0.8,0.8,0.05,0.02,0.07,1.18,0.05,0.02,0.07,1.26,10.0,270,115,5.0,239,127,2.0,278,132,1.7,303,135,,,,4,,Dwight,McNeil,McNeil,,,84,0,0,0,3,0,0,0,0,0,0,1,7,,,,0.0,0.0,3.21,1.07,7.5,0,4,3
555,a,,,4.0,599,61,0,0,0,0,1.7,139,21,0,0,0.0,416,36,0,0,0.0,416,36,0.0,0.0,0,19122,399,23274,627,0.0,0.0,0.0,0.0,0.0,0.0,0.0,0.0,0.0,0.0,0.0,378,35,0.0,373,16,0.0,313,13,0.0,384,35,,,,4,,Remi,Matthews,Matthews,,,0,0,0,0,0,0,0,0,0,0,0,0,0,,,,0.0,0.0,0.0,0.0,0.0,0,0,0
577,a,,,4.5,464,103,0,0,0,0,0.3,299,110,2,0,0.7,385,135,0,6,0.5,313,111,0.1,0.4,0,2879,47,9717,421,0.5,0.5,0.0,0.02,0.02,3.44,0.0,0.01,0.01,2.15,15.0,242,101,3.7,250,86,2.0,267,100,2.1,286,106,,,,4,,Takehiro,Tomiyasu,Tomiyasu,,,144,0,0,0,5,0,0,0,0,0,0,1,14,,,,0.0,0.0,3.12,0.62,8.75,2,12,7
588,a,,,5.0,338,60,0,0,0,0,0.3,293,107,13,7,3.2,120,51,0,31,3.2,93,38,0.6,2.6,0,28389,1510,8145,422,3.2,3.2,0.96,0.31,1.27,7.1,0.3,0.1,0.4,2.21,72.0,51,20,30.3,125,37,15.0,153,52,11.8,93,26,,,,4,,Anan,Khalaili,Khalaili,,,289,1,0,0,8,0,0,0,1,0,0,3,38,,,,0.0,0.0,2.49,0.93,11.83,19,19,15
595,a,,,5.0,337,202,0,0,0,0,0.0,590,247,2,1,1.0,336,149,0,6,0.5,329,150,0.1,0.4,0,386,17,616,21,0.5,0.5,0.0,0.0,0.0,0.68,0.0,0.0,0.0,2.19,1.4,345,159,1.3,301,151,0.0,573,238,0.3,353,163,,,,4,,Zavier,Gozo,Gozo,,,28,0,0,0,2,0,0,0,0,0,0,0,1,,,,0.0,0.0,6.43,0.0,3.21,1,0,0
633,a,,,4.5,543,140,0,0,0,0,0.0,596,203,3,3,3.0,127,54,0,10,1.5,207,80,0.3,0.7,0,1207,142,237,25,1.5,1.5,0.0,0.01,0.01,1.68,0.0,0.01,0.01,1.68,0.0,493,191,0.0,492,191,0.0,450,184,0.0,499,189,,,,4,,Honest,Ahanor,Ahanor,,,90,0,0,0,3,0,0,0,0,0,0,1,11,,,,0.0,0.0,3.0,1.0,11.0,2,9,4
643,a,,,4.5,447,90,0,0,0,0,0.5,248,92,8,1,4.0,82,35,0,21,4.0,62,27,0.9,1.8,0,40046,761,7143,1390,4.0,4.0,0.27,0.01,0.28,1.12,0.84,0.03,0.87,3.48,33.2,176,78,0.7,317,119,17.0,133,41,5.1,223,85,,,,4,,Ben,Chilwell,Chilwell,,,29,1,0,0,1,0,0,0,0,0,0,0,1,,,,0.0,0.0,3.1,0.0,3.1,0,1,0
644,a,,,5.0,288,172,0,0,0,0,0.0,555,230,6,4,3.0,135,52,0,32,3.0,104,44,0.6,1.2,0,2665,252,634,70,3.0,3.0,0.12,0.03,0.15,4.25,0.07,0.02,0.09,2.35,4.2,313,140,0.2,348,173,1.0,293,142,0.5,339,155,,,,4,,Quinten,Timber,Timber,,,163,0,0,0,5,0,0,0,0,0,0,2,22,,,,0.0,0.0,2.76,1.1,12.15,9,4,9
647,a,,,5.5,169,104,0,0,0,0,0.0,611,259,1,0,1.0,361,166,0,2,0.5,339,156,0.1,0.2,0,859,20,202,37,0.5,0.5,0.0,0.0,0.0,0.13,0.0,0.0,0.0,11.7,2.0,343,157,0.3,343,170,0.0,623,269,0.2,358,167,,,,4,,Darío,Osorio,Osorio,,,1,0,0,0,0,0,0,0,0,0,0,0,1,,,,0.0,0.0,0.0,0.0,90.0,1,0,0
21,i,0.0,0.0,4.9,359,213,0,0,-1,1,0.0,497,198,0,0,0.0,544,217,0,0,0.0,544,217,0.0,0.0,0,403,9,6431,112,0.0,0.0,0.0,0.0,0.0,0.0,0.0,0.0,0.0,0.0,0.0,513,199,0.0,513,207,0.0,472,176,0.0,519,203,,,,4,,Christian,Nørgaard,Nørgaard,Groin injury - Unknown return date,,0,0,0,0,0,0,0,0,0,0,0,0,0,,,,0.0,0.0,0.0,0.0,0.0,0,0,0
209,a,,,5.9,89,57,0,0,-1,1,0.1,398,147,6,3,1.5,262,118,0,20,1.5,221,102,0.3,1.0,0,2780,193,8453,199,1.5,1.5,0.21,0.22,0.43,2.67,0.11,0.11,0.22,1.39,11.8,257,106,23.2,151,89,9.0,202,101,4.4,240,104,,,,4,,Brennan,Johnson,Johnson,,,173,0,0,1,1,0,0,0,1,0,0,2,18,,,,0.0,0.52,0.52,1.04,9.36,4,7,7
226,a,,,5.5,124,2,0,0,0,0,8.7,46,7,17,6,4.2,78,6,0,87,4.2,57,4,0.8,3.1,0,199287,9499,184456,5363,4.2,4.2,0.0,0.02,0.02,5.5,0.0,0.0,0.0,1.38,72.6,48,8,0.0,619,68,0.0,608,68,7.3,176,9,,,,4,,Jordan,Pickford,Pickford,,,360,0,0,2,3,0,0,0,0,0,11,4,0,,,,2.75,0.5,0.75,1.0,0.0,0,6,46
227,a,,,5.0,275,10,0,0,0,0,0.0,521,58,0,0,0.0,577,70,0,0,0.0,577,70,0.0,0.0,0,1074,92,1472,72,0.0,0.0,0.0,0.0,0.0,0.0,0.0,0.0,0.0,0.0,0.0,556,70,0.0,559,62,0.0,535,62,0.0,563,70,,,,4,,Mark,Travers,Travers,,,0,0,0,0,0,0,0,0,0,0,0,0,0,,,,0.0,0.0,0.0,0.0,0.0,0,0,0
228,a,,,4.5,439,31,0,0,0,0,0.0,505,56,0,0,0.0,469,54,0,0,0.0,469,54,0.0,0.0,0,851,27,1304,33,0.0,0.0,0.0,0.0,0.0,0.0,0.0,0.0,0.0,0.0,0.0,433,54,0.0,430,37,0.0,379,34,0.0,439,54,,,,4,,Tom,King,King,,,0,0,0,0,0,0,0,0,0,0,0,0,0,,,,0.0,0.0,0.0,0.0,0.0,0,0,0
229,a,,,6.0,60,5,0,0,0,0,12.0,34,12,29,8,7.2,11,4,4,95,7.2,4,1,1.2,4.8,0,463547,45604,218742,4357,7.2,7.2,0.17,0.03,0.2,5.5,0.04,0.01,0.05,1.38,94.4,21,5,13.1,203,68,29.0,99,24,13.6,74,18,,,,4,,James,Tarkowski,Tarkowski,,,360,1,0,2,3,0,0,0,0,0,0,4,39,,,,0.0,0.5,0.75,1.0,9.75,10,29,13
230,a,,,5.5,161,21,0,0,0,0,2.0,128,52,19,6,4.8,58,24,0,70,4.8,42,17,0.9,3.5,0,75949,5873,52558,1286,4.8,4.8,0.17,0.02,0.19,5.5,0.04,0.0,0.04,1.38,82.8,35,12,2.9,262,90,73.0,23,2,15.8,54,10,,,,4,,Jarrad,Branthwaite,Branthwaite,,,360,0,0,2,3,0,0,0,0,0,0,4,40,,,,0.0,0.5,0.75,1.0,10.0,5,35,11
231,a,,,4.8,421,78,-1,1,-2,2,0.9,202,77,0,0,0.0,539,200,0,0,0.0,539,200,0.0,0.0,0,7036,214,76669,2079,0.0,0.0,0.0,0.0,0.0,0.0,0.0,0.0,0.0,0.0,0.0,508,195,0.0,508,195,0.0,467,189,0.0,514,193,,,,4,,Michael,Keane,Keane,,,0,0,0,0,0,0,0,0,0,0,0,0,0,,,,0.0,0.0,0.0,0.0,0.0,0,0,0
232,a,,,4.9,401,74,0,0,-1,1,0.3,295,108,1,1,1.0,316,123,0,2,0.2,375,138,0.0,0.2,0,3096,98,21089,391,0.2,0.2,0.0,0.0,0.0,0.26,0.0,0.0,0.0,1.56,0.0,534,199,0.0,535,199,0.0,497,194,0.0,541,198,,,,4,,Jake,O'Brien,O'Brien,,,15,0,0,0,0,0,0,0,0,0,0,0,1,,,,0.0,0.0,0.0,0.0,6.0,0,1,1
233,a,,,4.5,465,104,0,0,0,0,2.3,118,47,22,11,5.5,43,18,3,80,5.5,29,10,1.2,4.9,0,162197,29611,73562,1231,5.5,5.5,0.0,0.14,0.14,5.5,0.0,0.04,0.04,1.38,62.4,68,33,17.3,178,56,2.0,268,101,8.2,157,62,,,,4,,Vitalii,Mykolenko,Mykolenko,,,360,0,0,2,3,0,0,0,0,0,0,4,33,,,,0.0,0.5,0.75,1.0,8.25,11,22,19
234,u,0.0,0.0,4.5,476,111,0,0,0,0,0.0,573,195,0,0,0.0,482,185,0,0,0.0,482,185,0.0,0.0,0,371,0,2062,70,0.0,0.0,0.0,0.0,0.0,0.0,0.0,0.0,0.0,0.0,0.0,447,177,0.0,445,177,0.0,395,165,0.0,453,175,,,,4,,Nathan,Patterson,Patterson,Has joined Torino permanently,,0,0,0,0,0,0,0,0,0,0,0,0,0,,,,0.0,0.0,0.0,0.0,0.0,0,0,0
235,u,0.0,0.0,4.0,630,190,0,0,0,0,0.1,408,150,0,0,0.0,435,157,0,0,0.0,435,157,0.0,0.0,0,1728,0,9226,279,0.0,0.0,0.0,0.0,0.0,0.0,0.0,0.0,0.0,0.0,0.0,397,147,0.0,392,147,0.0,334,129,0.0,403,145,,,,4,,Adam,Aznou,Aznou,Has joined Malaga on loan for the rest of the season,,0,0,0,0,0,0,0,0,0,0,0,0,0,,,,0.0,0.0,0.0,0.0,0.0,0,0,0
236,a,,,6.5,35,23,0,0,0,0,4.7,74,24,17,2,4.2,80,34,3,100,4.2,60,26,0.6,2.6,0,347492,12844,228212,8408,4.2,4.2,0.62,0.49,1.11,5.46,0.16,0.12,0.28,1.36,86.2,32,15,110.6,6,6,69.0,30,17,26.6,13,10,2.0,,,4,,Kiernan,Dewsbury-Hall,Dewsbury-Hall,,,360,1,0,2,3,0,0,0,1,0,0,4,35,,,,0.0,0.5,0.75,1.0,8.75,9,5,21
238,a,100.0,100.0,6.5,34,22,0,0,0,0,0.4,273,91,3,1,1.0,378,178,0,14,0.8,302,141,0.1,0.5,0,27887,1156,15141,895,0.8,0.8,0.02,0.14,0.16,0.61,0.03,0.22,0.25,0.96,7.0,286,123,12.9,206,113,10.0,196,96,3.0,265,116,,,,4,,Jack,Grealish,Grealish,,,57,0,0,0,1,0,0,0,0,0,0,0,6,,,,0.0,0.0,1.58,0.0,9.47,3,2,1
239,a,100.0,100.0,6.0,68,47,0,0,0,0,0.1,378,137,8,4,2.0,223,98,0,57,2.0,177,81,0.3,1.3,0,7975,775,8885,209,2.0,2.0,0.04,0.13,0.17,2.01,0.02,0.05,0.07,0.76,17.8,230,93,44.0,76,54,2.0,288,139,6.5,200,91,1.0,1.0,2.0,4,,James,Garner,Garner,,,238,0,0,1,2,0,0,0,2,0,0,3,36,,,,0.0,0.38,0.76,1.13,13.61,11,5,20
242,a,,,5.5,174,108,0,0,0,0,0.7,229,75,18,3,4.5,68,30,3,73,4.5,51,22,0.8,3.3,0,59432,5327,21703,996,4.5,4.5,0.32,0.31,0.63,3.33,0.1,0.09,0.19,1.01,57.2,90,31,70.0,35,30,66.0,36,21,19.3,31,24,,,,4,,Tyrique,George,George,,,298,1,0,2,3,0,0,0,0,0,0,4,16,,,,0.0,0.6,0.91,1.21,4.83,1,5,10
243,a,,,4.9,399,240,0,0,-1,1,0.1,454,178,1,0,0.5,395,184,0,5,0.2,374,169,0.0,0.2,0,2232,70,4560,158,0.2,0.2,0.05,0.02,0.07,0.04,0.9,0.36,1.26,0.72,5.0,306,135,0.8,312,155,25.0,110,56,2.7,273,118,,,,4,,Carlos,Alcaraz Durán,Alcaraz,,,5,0,0,0,0,0,0,0,1,0,0,0,3,,,,0.0,0.0,0.0,0.0,54.0,1,0,2
244,a,,,5.0,343,206,0,0,0,0,0.4,262,87,14,3,3.5,104,41,0,48,3.5,80,31,0.7,2.8,0,48189,1079,21453,957,3.5,3.5,0.09,0.12,0.21,5.5,0.02,0.03,0.05,1.39,45.2,132,49,33.7,116,73,13.0,170,83,9.3,139,68,,,,4,,Harrison,Armstrong,Armstrong,,,356,0,1,2,3,0,0,0,1,0,0,4,35,,,,0.0,0.51,0.76,1.01,8.85,6,12,17
245,a,,,5.4,219,139,0,0,-1,1,0.0,545,223,0,0,0.0,623,267,0,0,0.0,623,267,0.0,0.0,0,783,16,2172,48,0.0,0.0,0.0,0.0,0.0,0.0,0.0,0.0,0.0,0.0,0.0,608,260,0.0,613,264,0.0,600,256,0.0,614,262,,,,4,,Tyler,Dibling,Dibling,,,0,0,0,0,0,0,0,0,0,0,0,0,0,,,,0.0,0.0,0.0,0.0,0.0,0,0,0
246,a,,,5.0,320,188,0,0,0,0,0.0,500,199,6,0,2.0,213,91,0,35,1.5,216,97,0.3,1.2,0,1715,45,2986,142,1.5,1.5,0.0,0.2,0.2,4.52,0.0,0.07,0.07,1.63,26.6,198,78,32.1,119,74,2.0,274,129,6.1,208,95,,,,4,,Merlin,Röhl,Röhl,,,249,0,0,1,2,0,0,0,1,0,0,3,24,,,,0.0,0.36,0.72,1.08,8.67,5,6,13
247,a,100.0,100.0,5.5,143,86,0,0,0,0,0.2,335,119,9,1,2.2,192,80,0,36,2.2,153,68,0.4,1.6,0,2932,107,9162,284,2.2,2.2,0.05,0.13,0.18,3.75,0.03,0.09,0.12,2.48,37.0,159,59,39.1,95,64,17.0,138,70,9.3,140,69,3.0,,,4,,Hayden,Hackney,Hackney,,,136,0,1,1,1,0,0,0,0,0,0,1,12,,,,0.0,0.66,0.66,0.66,7.94,3,4,5
248,u,0.0,0.0,5.4,217,48,0,0,-1,1,0.9,200,32,2,0,1.0,352,40,0,5,0.5,336,39,0.1,0.4,0,16222,0,191669,4663,0.0,0.0,0.09,0.0,0.09,1.92,0.26,0.0,0.26,5.57,3.0,332,36,0.3,341,42,5.0,234,37,0.8,333,37,,,,4,,Norberto Bercique,Gomes Betuncal,Beto,Has joined Fiorentina permanently,,31,0,0,0,0,0,0,0,0,0,0,0,1,,,,0.0,0.0,0.0,0.0,2.9,0,1,0
249,a,,,5.6,121,30,0,0,1,-1,6.3,64,9,14,2,3.5,107,12,2,55,3.5,84,8,0.6,2.5,0,638684,18740,243016,9170,3.5,3.5,2.98,0.14,3.12,3.58,0.82,0.04,0.86,0.99,48.2,121,8,45.7,74,5,123.0,4,3,21.7,22,5,,,1.0,4,,Thierno,Barry,Barry,,,327,1,0,2,3,0,0,0,0,0,0,4,12,,,,0.0,0.55,0.83,1.1,3.3,1,3,8
649,a,,,4.5,442,86,0,0,0,0,0.4,275,101,13,6,6.5,25,9,0,36,6.5,16,4,1.4,2.9,0,26548,7584,4253,423,6.5,6.5,0.06,0.14,0.2,0.72,0.06,0.14,0.2,0.74,33.4,174,77,0.8,311,118,7.0,208,71,4.1,241,92,,,,4,,Ainsley,Maitland-Niles,Maitland-Niles,,,87,1,0,1,1,0,0,0,0,0,0,1,5,,,,0.0,1.03,1.03,1.03,5.17,2,3,4
654,a,,,4.5,552,287,0,0,0,0,0.1,402,150,0,0,0.0,530,210,0,0,0.0,530,210,0.0,0.0,0,10055,594,2367,306,0.0,0.0,0.0,0.0,0.0,0.0,0.0,0.0,0.0,0.0,0.0,499,192,0.0,498,200,0.0,457,169,0.0,505,196,,,,4,,Braiden,Graham,Graham,,,0,0,0,0,0,0,0,0,0,0,0,0,0,,,,0.0,0.0,0.0,0.0,0.0,0,0,0
250,a,,,4.5,428,25,0,0,0,0,3.0,101,17,15,9,3.8,91,8,2,59,3.8,71,6,0.8,3.3,0,79360,5836,75349,1719,3.8,3.8,0.0,0.0,0.0,7.51,0.0,0.0,0.0,1.88,67.6,60,10,0.0,423,31,0.0,370,28,6.8,186,10,,,,4,,Bernd,Leno,Leno,,,360,0,0,1,7,0,0,0,0,0,11,4,0,,,,2.75,0.25,1.75,1.0,0.0,0,4,33
251,a,,,4.0,588,55,0,0,0,0,1.1,174,25,0,0,0.0,408,30,0,0,0.0,408,30,0.0,0.0,0,19545,452,19633,484,0.0,0.0,0.0,0.0,0.0,0.0,0.0,0.0,0.0,0.0,0.0,370,29,0.0,363,10,0.0,303,7,0.0,375,29,,,,4,,Benjamin,Lecomte,Lecomte,,,0,0,0,0,0,0,0,0,0,0,0,0,0,,,,0.0,0.0,0.0,0.0,0.0,0,0,0
252,u,0.0,0.0,4.0,632,70,0,0,0,0,0.1,390,46,0,0,0.0,437,45,0,0,0.0,437,45,0.0,0.0,0,2589,0,5236,148,0.0,0.0,0.0,0.0,0.0,0.0,0.0,0.0,0.0,0.0,0.0,399,44,0.0,394,25,0.0,336,22,0.0,405,44,,,,4,,Alfie,McNally,McNally,Has joined York City on loan for the rest of the season,,0,0,0,0,0,0,0,0,0,0,0,0,0,,,,0.0,0.0,0.0,0.0,0.0,0,0,0
253,a,100.0,100.0,5.0,255,39,0,0,0,0,0.1,384,144,2,0,1.0,327,126,0,12,0.5,326,120,0.1,0.4,0,10306,263,6312,279,0.5,0.5,0.0,0.1,0.1,3.99,0.0,0.05,0.05,2.0,42.2,140,63,35.8,106,30,8.0,204,69,8.6,151,59,,,,4,,Joachim,Andersen,Andersen,,,180,0,0,0,4,0,0,0,1,0,0,2,15,,,,0.0,0.0,2.0,1.0,7.5,2,13,9
254,a,,,4.5,445,89,0,0,0,0,1.4,156,63,10,6,2.5,164,61,0,46,2.5,129,47,0.6,2.2,0,32613,1697,53899,1203,2.5,2.5,0.26,0.21,0.47,7.48,0.07,0.06,0.13,1.99,46.0,129,59,54.6,50,8,12.0,174,59,11.2,103,34,,,2.0,4,,Antonee,Robinson,Robinson,,,339,0,0,1,7,0,0,0,0,0,0,4,24,,,,0.0,0.27,1.86,1.06,6.37,10,14,16
255,a,,,4.5,480,115,0,0,0,0,0.0,544,188,3,0,3.0,125,53,0,7,0.8,275,101,0.2,0.7,0,1402,11,1612,51,0.8,0.8,0.0,0.03,0.03,2.24,0.0,0.03,0.03,2.24,32.8,179,79,21.3,162,52,0.0,398,168,5.4,218,82,,,,4,,Jorge,Cuenca Barreno,J.Cuenca,,,90,0,0,0,3,0,0,0,0,0,0,1,10,,,,0.0,0.0,3.0,1.0,10.0,1,9,3
256,a,,,4.4,565,148,0,0,-1,1,0.2,334,125,0,0,0.0,459,178,0,-1,0.0,459,178,0.0,0.0,0,1059,54,7608,236,0.0,0.0,0.0,0.0,0.0,0.65,0.0,0.0,0.0,2.17,0.0,422,169,0.0,417,169,0.0,362,154,0.0,428,167,,,,4,,Kenny,Tete,Tete,,,27,0,0,0,0,0,0,0,1,0,0,0,3,,,,0.0,0.0,0.0,0.0,10.0,0,3,0
257,a,,,4.5,471,108,0,0,0,0,0.7,224,86,9,6,2.2,185,72,0,43,2.2,142,54,0.5,2.0,0,18068,712,24689,456,2.2,2.2,0.07,0.07,0.14,7.51,0.02,0.02,0.04,1.88,47.0,125,58,12.8,207,70,2.0,269,102,6.2,205,79,,,,4,,Calvin,Bassey,Bassey,,,360,0,0,1,7,0,0,0,1,0,0,4,21,,,,0.0,0.25,1.75,1.0,5.25,4,17,15
258,a,,,4.5,444,88,0,0,0,0,0.8,208,80,19,6,4.8,54,23,0,61,4.8,38,16,1.1,4.2,0,65123,2610,31863,748,4.8,4.8,0.67,0.38,1.05,5.21,0.19,0.11,0.3,1.47,58.6,83,42,52.6,56,10,53.0,55,8,16.4,49,8,,,,4,,Timothy,Castagne,Castagne,,,318,0,2,2,6,0,0,0,1,0,0,4,20,,,,0.0,0.57,1.7,1.13,5.66,6,14,14
261,a,,,5.4,185,116,0,0,-1,1,0.7,220,70,9,3,2.2,191,79,0,67,2.2,150,65,0.4,1.7,0,16278,433,44254,1472,2.2,2.2,0.2,0.81,1.01,7.04,0.05,0.22,0.27,1.87,32.0,183,69,70.5,34,29,13.0,171,84,11.6,97,54,1.0,1.0,3.0,4,,Alex,Iwobi,Iwobi,,,338,0,0,1,7,0,0,0,0,0,0,4,22,,,,0.0,0.27,1.86,1.07,5.86,4,4,14
262,a,,,5.4,193,122,0,0,-1,1,0.3,307,107,3,1,1.0,345,156,0,11,0.8,287,133,0.1,0.6,0,3682,66,16739,571,0.8,0.8,0.06,0.02,0.08,0.87,0.14,0.05,0.19,2.06,5.4,300,131,23.3,150,88,9.0,201,100,3.8,249,107,,,,4,,Emile,Smith Rowe,Smith Rowe,,,38,0,0,0,0,0,0,0,0,0,0,0,3,,,,0.0,0.0,0.0,0.0,7.11,0,1,2
263,a,,,5.3,235,148,-1,1,-2,2,0.0,508,203,3,1,1.0,342,153,0,8,0.8,285,131,0.2,0.6,0,1268,60,3375,109,0.8,0.8,0.03,0.12,0.15,0.74,0.06,0.26,0.32,1.59,5.2,304,134,3.4,255,135,0.0,584,244,0.8,332,152,4.0,,,4,,Kevin,Santos Lopes de Macedo,Kevin,,,42,0,0,0,0,0,0,0,0,0,0,0,6,,,,0.0,0.0,0.0,0.0,12.86,3,0,3
264,a,,,5.5,160,97,0,0,0,0,0.3,298,102,10,3,2.5,171,71,0,47,2.5,137,59,0.5,1.8,0,11622,361,15840,610,2.5,2.5,0.32,1.05,1.37,5.07,0.11,0.35,0.46,1.67,28.0,195,75,85.0,22,19,65.0,38,23,17.8,35,26,2.0,,,4,,Oscar,Bobb,Bobb,,,273,0,0,2,6,0,0,0,0,0,0,4,22,,,,0.0,0.66,1.98,1.32,7.25,6,4,12
265,a,,,4.9,367,220,0,0,-1,1,0.3,294,100,8,3,2.0,206,86,0,51,2.0,163,73,0.4,1.6,0,4394,306,14004,444,2.0,2.0,0.03,0.34,0.37,6.18,0.01,0.11,0.12,2.04,22.8,208,84,53.9,51,42,9.0,197,97,8.6,150,71,,,,4,,Sander,Berge,Berge,,,273,0,0,1,5,0,0,0,0,0,0,3,17,,,,0.0,0.33,1.65,0.99,5.6,4,5,8
266,i,0.0,0.0,5.0,239,150,0,0,0,0,0.0,638,278,0,0,0.0,566,235,0,0,0.0,566,235,0.0,0.0,0,89,3,253,3,0.0,0.0,0.0,0.0,0.0,0.0,0.0,0.0,0.0,0.0,0.0,543,223,0.0,544,230,0.0,512,207,0.0,550,227,,,,4,,Tom,Cairney,Cairney,Knee injury - Expected back 10 Oct,,0,0,0,0,0,0,0,0,0,0,0,0,0,,,,0.0,0.0,0.0,0.0,0.0,0,0,0
268,a,,,5.5,178,111,0,0,0,0,1.3,164,52,22,3,5.5,44,20,3,99,5.5,31,14,1.0,4.0,0,150020,10606,54334,2216,5.5,5.5,1.16,0.43,1.59,7.04,0.3,0.11,0.41,1.83,96.8,16,9,46.1,71,53,96.0,14,8,23.9,17,13,,,,4,,Josh,King,King,,,346,2,0,1,7,0,0,0,0,0,0,4,23,,,,0.0,0.26,1.82,1.04,5.98,7,4,12
269,a,,,4.4,566,149,0,0,-1,1,0.3,291,105,3,0,1.0,285,105,0,13,0.8,271,98,0.2,0.7,0,2288,73,12948,540,0.8,0.8,0.13,0.44,0.57,1.8,0.23,0.79,1.02,3.24,17.2,233,97,26.3,139,44,31.0,94,21,7.5,168,67,3.0,,,4,,Ryan,Sessegnon,Sessegnon,,,50,0,0,0,1,0,0,0,0,0,0,0,3,,,,0.0,0.0,1.8,0.0,5.4,1,2,3
270,a,,,4.5,441,260,0,0,0,0,1.1,177,57,0,0,0.0,470,188,0,0,0.0,470,188,0.0,0.0,0,17607,330,51585,2005,0.0,0.0,0.0,0.0,0.0,0.0,0.0,0.0,0.0,0.0,0.0,434,170,0.0,431,178,0.0,380,147,0.0,440,174,,,,4,,Harrison,Reed,Reed,,,0,0,0,0,0,0,0,0,0,0,0,0,0,,,,0.0,0.0,0.0,0.0,0.0,0,0,0
271,a,,,5.4,202,44,0,0,-1,1,0.4,263,45,3,1,1.0,347,38,0,15,0.8,291,33,0.1,0.6,0,11300,455,26911,797,0.8,0.8,0.4,0.0,0.4,0.49,1.29,0.0,1.29,1.58,9.2,273,24,21.6,161,17,34.0,88,21,6.5,197,21,,,,4,,Rodrigo,Muniz Carvalho,Muniz,,,28,0,0,0,0,0,0,0,0,0,0,0,2,,,,0.0,0.0,0.0,0.0,6.43,0,2,0
272,a,,,4.5,554,77,0,0,0,0,6.0,65,10,0,0,0.0,532,59,0,0,0.0,532,59,0.0,0.0,0,122842,3557,203853,6892,0.0,0.0,0.0,0.0,0.0,0.0,0.0,0.0,0.0,0.0,0.0,501,51,0.0,500,56,0.0,459,53,0.0,507,55,,,,4,,Jonah,Kusi-Asare,Kusi-Asare,,,0,0,0,0,0,0,0,0,0,0,0,0,0,,,,0.0,0.0,0.0,0.0,0.0,0,0,0
569,a,,,6.0,77,18,0,0,0,0,3.8,88,11,12,2,3.0,147,18,0,50,3.0,113,13,0.5,2.0,0,323197,3759,216371,11154,3.0,3.0,1.64,0.25,1.89,7.04,0.43,0.07,0.5,1.83,48.6,119,7,21.1,164,18,103.0,10,6,17.3,38,6,,,1.0,4,,Gonzalo,García,Gonzalo,,,346,1,0,1,7,0,0,0,0,0,0,4,16,,,,0.0,0.26,1.82,1.04,4.16,2,6,8
570,a,,,5.5,176,110,0,0,0,0,0.2,355,129,11,0,3.7,97,39,1,43,2.8,125,56,0.5,2.0,0,3435,64,7694,422,2.8,2.8,0.98,0.03,1.01,4.97,0.43,0.01,0.44,2.16,39.6,149,55,22.3,155,91,62.0,42,27,12.4,84,52,,,,4,,César,Palacios,Palacios,,,207,1,0,0,6,0,0,0,1,0,0,3,13,,,,0.0,0.0,2.61,1.3,5.65,2,3,8
580,a,,,5.0,292,174,0,0,0,0,0.1,465,183,9,5,2.2,190,78,0,44,2.2,149,64,0.4,1.8,0,1092,104,3057,74,2.2,2.2,0.09,0.14,0.23,5.05,0.04,0.06,0.1,2.13,16.4,237,96,39.3,93,63,14.0,159,78,7.0,182,85,,,,4,,Shea,Charles,Charles,,,213,0,0,1,4,0,0,0,0,0,0,2,33,,,,0.0,0.42,1.69,0.85,13.94,2,12,19
610,u,0.0,0.0,4.0,638,197,0,0,0,0,0.1,441,160,0,0,0.0,442,163,0,0,0.0,442,163,0.0,0.0,0,5787,0,3781,203,0.0,0.0,0.0,0.0,0.0,0.0,0.0,0.0,0.0,0.0,0.0,404,153,0.0,399,153,0.0,341,135,0.0,410,151,,,,4,,Luc,De Fougerolles,De Fougerolles,has joined  Real Salt Lake on loan for the rest of the seaon.,,0,0,0,0,0,0,0,0,0,0,0,0,0,,,,0.0,0.0,0.0,0.0,0.0,0,0,0
626,a,,,4.5,547,284,0,0,0,0,0.3,288,97,0,0,0.0,527,208,0,0,0.0,527,208,0.0,0.0,0,33502,331,12117,760,0.0,0.0,0.0,0.0,0.0,0.0,0.0,0.0,0.0,0.0,0.0,496,190,0.0,495,198,0.0,453,167,0.0,502,194,,,,4,,Macaulay,Zepa,Zepa,,,0,0,0,0,0,0,0,0,0,0,0,0,0,,,,0.0,0.0,0.0,0.0,0.0,0,0,0
635,a,,,5.0,335,201,0,0,0,0,0.0,625,268,2,1,1.0,335,148,0,6,1.0,256,113,0.2,0.4,0,576,22,121,13,1.0,1.0,0.13,0.23,0.36,0.46,0.49,0.86,1.35,1.72,3.6,321,145,1.3,300,150,9.0,200,99,1.4,311,139,,,,4,,Hugo,Larsson,Larsson,,,24,0,0,0,0,0,0,0,0,0,0,0,2,,,,0.0,0.0,0.0,0.0,7.5,1,0,1
636,a,,,5.0,316,186,0,0,0,0,0.0,641,281,0,0,0.0,596,250,0,0,0.0,596,250,0.0,0.0,0,265,12,80,12,0.0,0.0,0.0,0.0,0.0,0.0,0.0,0.0,0.0,0.0,0.0,576,240,0.0,583,246,0.0,562,230,0.0,583,243,,,,4,,Manuel Ángel,Morán Ibáñez,Ángel,,,0,0,0,0,0,0,0,0,0,0,0,0,0,,,,0.0,0.0,0.0,0.0,0.0,0,0,0
650,a,,,4.5,486,120,0,0,0,0,0.0,606,206,8,8,8.0,5,1,0,23,4.0,64,29,0.9,1.8,0,896,418,182,53,4.0,4.0,0.0,0.0,0.0,1.28,0.0,0.0,0.0,1.28,0.0,452,181,0.0,450,181,0.0,402,171,0.0,458,179,,,,4,,David,Affengruber,Affengruber,,,90,0,0,1,0,0,0,0,0,0,0,1,12,,,,0.0,1.0,0.0,1.0,12.0,1,11,3
240,a,100.0,100.0,5.0,305,180,0,0,0,0,0.0,582,242,1,0,0.5,396,185,0,4,0.2,383,175,0.0,0.2,0,729,65,785,44,0.2,0.2,0.0,0.0,0.0,0.35,0.0,0.0,0.0,1.26,0.0,569,236,0.0,575,242,0.0,554,226,0.0,576,239,,,,4,,Tim,Iroegbunam,Iroegbunam,,,25,0,0,0,0,0,0,0,1,0,0,0,2,,,,0.0,0.0,0.0,0.0,7.2,1,1,0
273,a,,,4.0,597,60,0,0,0,0,1.4,152,23,0,0,0.0,415,35,0,0,0.0,415,35,0.0,0.0,0,21630,601,29002,855,0.0,0.0,0.0,0.0,0.0,0.0,0.0,0.0,0.0,0.0,0.0,377,34,0.0,371,15,0.0,311,12,0.0,382,34,,,,4,,Dillon,Phillips,Phillips,,,0,0,0,0,0,0,0,0,0,0,0,0,0,,,,0.0,0.0,0.0,0.0,0.0,0,0,0
274,i,0.0,0.0,4.5,434,27,0,0,0,0,0.1,458,51,0,0,0.0,466,51,0,0,0.0,466,51,0.0,0.0,0,468,8,4141,97,0.0,0.0,0.0,0.0,0.0,0.0,0.0,0.0,0.0,0.0,0.0,429,50,0.0,426,33,0.0,374,30,0.0,435,50,,,,4,,Jack,Butland,Butland,Arm injury - Unknown return date,,0,0,0,0,0,0,0,0,0,0,0,0,0,,,,0.0,0.0,0.0,0.0,0.0,0,0,0
275,u,0.0,0.0,4.0,628,69,0,0,0,0,0.0,617,71,0,0,0.0,434,44,0,0,0.0,434,44,0.0,0.0,0,0,0,270,9,0.0,0.0,0.0,0.0,0.0,0.0,0.0,0.0,0.0,0.0,0.0,396,43,0.0,391,24,0.0,333,21,0.0,402,43,,,,4,,Harvey,Cartwright,Cartwright,Has joined Grimsby Town on loan for the rest of the season,,0,0,0,0,0,0,0,0,0,0,0,0,0,,,,0.0,0.0,0.0,0.0,0.0,0,0,0
276,u,0.0,0.0,4.0,617,66,0,0,0,0,0.0,556,63,0,0,0.0,427,41,0,0,0.0,427,41,0.0,0.0,0,0,0,891,32,0.0,0.0,0.0,0.0,0.0,0.0,0.0,0.0,0.0,0.0,0.0,389,40,0.0,384,21,0.0,326,18,0.0,395,40,,,,4,,Thimothée,Lo-Tutala,Lo-Tutala,Has joined Colchester United on loan for the rest of the season,,0,0,0,0,0,0,0,0,0,0,0,0,0,,,,0.0,0.0,0.0,0.0,0.0,0,0,0
277,a,,,4.1,579,160,0,0,1,-1,6.5,62,26,25,2,6.2,29,10,1,69,6.2,19,5,1.5,6.1,0,620214,17836,146510,4086,6.2,6.2,0.04,0.0,0.04,5.96,0.01,0.0,0.01,1.49,82.6,36,13,0.6,319,121,2.0,264,97,8.6,149,58,,,,4,,John,Egan,Egan,,,360,0,0,3,2,0,0,0,1,0,0,4,55,,,,0.0,0.75,0.5,1.0,13.75,7,48,11
278,i,0.0,0.0,3.9,657,215,-1,1,-1,1,0.1,434,156,0,0,0.0,400,143,0,0,0.0,400,143,0.0,0.0,0,1710,1299,5572,242,0.0,0.0,0.0,0.0,0.0,0.0,0.0,0.0,0.0,0.0,0.0,362,133,0.0,355,131,0.0,295,111,0.0,367,130,,,,4,,Charlie,Hughes,Hughes,Groin injury - Unknown return date,,0,0,0,0,0,0,0,0,0,0,0,0,0,,,,0.0,0.0,0.0,0.0,0.0,0,0,0
279,a,100.0,100.0,4.2,578,159,0,0,2,-2,13.0,30,11,26,1,6.5,24,8,2,74,6.5,15,3,1.5,6.2,0,1114310,52991,171564,8179,6.5,6.5,0.65,0.0,0.65,4.99,0.18,0.0,0.18,1.35,70.8,55,24,1.7,286,102,35.0,85,18,10.7,112,39,,,,4,,Semi,Ajayi,Ajayi,,,333,1,0,3,2,0,0,0,1,0,0,4,23,,,,0.0,0.81,0.54,1.08,6.22,4,19,11
280,a,100.0,100.0,4.0,603,171,0,0,0,0,0.6,236,88,13,1,3.2,117,49,0,46,3.2,88,35,0.8,3.2,0,15425,1782,19819,424,3.2,3.2,0.13,0.03,0.16,4.78,0.05,0.01,0.06,1.67,11.8,256,106,16.2,184,58,0.0,316,119,2.8,269,102,,,,4,,Lewie,Coyle,Coyle,,,258,0,0,2,2,0,0,0,1,0,0,4,9,,,,0.0,0.7,0.7,1.4,3.14,2,7,8
281,u,0.0,0.0,4.0,614,179,0,0,0,0,0.0,498,176,2,0,1.0,280,100,0,8,0.5,306,106,0.1,0.5,0,2118,0,3709,120,0.0,0.0,0.05,0.0,0.05,0.87,0.07,0.0,0.07,1.2,6.4,291,116,0.4,333,125,1.0,291,109,0.8,329,121,,,,4,,Cody,Drameh,Drameh,Has joined Genoa permanently,,65,0,0,0,0,0,0,0,0,0,0,0,6,,,,0.0,0.0,0.0,0.0,8.31,1,5,4
282,a,,,4.0,611,178,0,0,0,0,1.9,129,53,24,4,6.0,33,12,2,95,6.0,24,7,1.5,6.0,0,141309,25693,30865,1409,6.0,6.0,0.02,0.35,0.37,5.89,0.01,0.09,0.1,1.5,38.2,153,70,60.2,41,5,6.0,221,75,10.5,119,45,3.0,1.0,,4,,Ryan,Giles,Giles,,,354,0,1,3,2,0,0,0,0,0,0,4,19,,,,0.0,0.76,0.51,1.02,4.83,4,15,12
283,u,0.0,0.0,4.0,618,181,0,0,0,0,0.0,609,207,0,0,0.0,428,153,0,0,0.0,428,153,0.0,0.0,0,114,0,581,18,0.0,0.0,0.0,0.0,0.0,0.0,0.0,0.0,0.0,0.0,0.0,390,143,0.0,385,143,0.0,327,125,0.0,396,141,,,,4,,Matty,Jacob,Jacob,Has joined Newport County on loan until January,,0,0,0,0,0,0,0,0,0,0,0,0,0,,,,0.0,0.0,0.0,0.0,0.0,0,0,0
284,a,,,4.0,656,214,0,0,0,0,0.1,435,157,0,0,0.0,457,177,0,0,0.0,457,177,0.0,0.0,0,3368,200,3346,135,0.0,0.0,0.0,0.0,0.0,0.0,0.0,0.0,0.0,0.0,0.0,419,167,0.0,414,167,0.0,359,152,0.0,425,165,,,,4,,Cathal,McCarthy,McCarthy,,,0,0,0,0,0,0,0,0,0,0,0,0,0,,,,0.0,0.0,0.0,0.0,0.0,0,0,0
285,a,100.0,100.0,4.0,595,165,0,0,0,0,0.1,399,148,1,0,1.0,276,96,0,3,0.2,352,125,0.0,0.2,0,2319,91,3520,128,0.2,0.2,0.0,0.0,0.0,0.96,0.0,0.0,0.0,3.32,4.2,312,120,0.0,370,135,0.0,310,115,0.4,341,125,,,,4,,Paddy,McNair,McNair,,,26,0,0,0,0,0,0,0,0,0,0,0,2,,,,0.0,0.0,0.0,0.0,6.92,0,2,1
286,a,,,5.0,332,198,0,0,0,0,1.8,137,42,27,13,6.8,20,10,2,89,6.8,11,6,1.4,5.4,0,140984,73966,27929,1801,6.8,6.8,0.37,0.12,0.49,5.13,0.11,0.03,0.14,1.48,56.6,92,33,26.7,138,82,28.0,101,55,11.1,107,56,2.0,2.0,,4,,Mohamed,Belloumi,Belloumi,,,312,2,1,3,1,0,0,0,0,0,0,4,33,,,,0.0,0.87,0.29,1.15,9.52,10,14,9
287,u,0.0,0.0,5.0,278,169,0,0,0,0,0.0,509,204,6,0,3.0,134,51,0,26,1.5,212,94,0.3,1.2,0,3178,0,6428,216,0.0,0.0,0.58,0.0,0.58,0.87,1.04,0.0,1.04,1.57,36.0,163,60,1.1,305,153,15.0,151,75,5.2,222,100,,,,4,,Liam,Millar,Millar,Has joined Birmingham on loan for the rest of the season,,50,1,0,0,0,0,0,0,1,0,0,0,4,,,,0.0,0.0,0.0,0.0,7.2,1,2,1
288,a,,,4.5,446,261,0,0,0,0,0.3,289,98,0,0,0.0,471,189,0,0,0.0,471,189,0.0,0.0,0,10407,203,15849,740,0.0,0.0,0.0,0.0,0.0,0.0,0.0,0.0,0.0,0.0,0.0,435,171,0.0,432,179,0.0,381,148,0.0,441,175,,,,4,,Kieran,Dowell,Dowell,,,0,0,0,0,0,0,0,0,0,0,0,0,0,,,,0.0,0.0,0.0,0.0,0.0,0,0,0
289,a,100.0,100.0,4.5,433,258,0,0,0,0,0.5,251,83,3,1,1.5,249,108,0,11,0.8,273,123,0.2,0.7,0,15942,659,30713,790,0.8,0.8,0.0,0.0,0.0,2.38,0.0,0.0,0.0,1.36,19.0,224,90,2.4,270,140,0.0,373,145,2.1,285,127,,,,4,,Matt,Crooks,Crooks,,,158,0,0,1,2,0,0,0,2,0,0,2,19,,,,0.0,0.57,1.14,1.14,10.82,6,9,4
290,a,,,4.5,474,264,0,0,0,0,5.6,68,22,13,2,3.2,119,45,0,58,3.2,90,37,0.7,2.9,0,432081,11834,184917,7490,3.2,3.2,0.08,0.56,0.64,5.96,0.02,0.14,0.16,1.49,38.8,152,56,34.4,113,71,10.0,191,93,8.4,154,73,1.0,,,4,,Regan,Slater,Slater,,,360,0,1,3,2,0,0,0,1,0,0,4,30,,,,0.0,0.75,0.5,1.0,7.5,9,8,13
291,i,0.0,0.0,4.5,492,266,0,0,0,0,0.0,623,266,0,0,0.0,488,192,0,0,0.0,488,192,0.0,0.0,0,292,8,359,11,0.0,0.0,0.0,0.0,0.0,0.0,0.0,0.0,0.0,0.0,0.0,454,174,0.0,453,182,0.0,405,151,0.0,460,178,,,,4,,Eliot,Matazo,Matazo,Knee injury - Unknown return date,,0,0,0,0,0,0,0,0,0,0,0,0,0,,,,0.0,0.0,0.0,0.0,0.0,0,0,0
292,a,,,4.9,368,221,0,0,-1,1,0.0,579,239,0,0,0.0,547,220,0,0,0.0,547,220,0.0,0.0,0,873,43,1232,63,0.0,0.0,0.0,0.0,0.0,0.0,0.0,0.0,0.0,0.0,0.0,520,205,0.0,517,211,0.0,478,181,0.0,525,208,,,,4,,Abdülkadir,Ömür,Ömür,,,0,0,0,0,0,0,0,0,0,0,0,0,0,,,,0.0,0.0,0.0,0.0,0.0,0,0,0
293,u,0.0,0.0,5.0,306,181,0,0,0,0,0.0,647,285,0,0,0.0,590,247,0,0,0.0,590,247,0.0,0.0,0,0,0,346,6,0.0,0.0,0.0,0.0,0.0,0.0,0.0,0.0,0.0,0.0,0.0,570,237,0.0,576,243,0.0,555,227,0.0,577,240,,,,4,,Abu,Kamara,Kamara,Has joined Portsmouth permanently,,0,0,0,0,0,0,0,0,0,0,0,0,0,,,,0.0,0.0,0.0,0.0,0.0,0,0,0
294,a,100.0,100.0,4.5,522,273,0,0,0,0,0.1,431,166,0,0,0.0,509,199,0,0,0.0,509,199,0.0,0.0,0,2746,231,5338,160,0.0,0.0,0.0,0.0,0.0,0.0,0.0,0.0,0.0,0.0,0.0,475,181,0.0,475,189,0.0,432,158,0.0,481,185,,,,4,,Óscar,Zambrano,Zambrano,,,0,0,0,0,0,0,0,0,0,0,0,0,0,,,,0.0,0.0,0.0,0.0,0.0,0,0,0
295,a,,,5.5,127,33,0,0,0,0,1.9,130,19,12,4,3.0,141,15,0,47,3.0,108,10,0.5,2.2,0,151335,5847,110055,3383,3.0,3.0,0.87,0.11,0.98,5.77,0.22,0.03,0.25,1.48,20.6,220,16,45.7,73,4,75.0,21,8,14.1,65,8,,,1.0,4,,Oli,McBurnie,McBurnie,,,351,0,2,3,2,0,0,0,2,0,0,4,15,,,,0.0,0.77,0.51,1.03,3.85,3,6,6
296,u,0.0,0.0,5.0,264,164,0,0,0,0,0.0,529,214,0,0,0.0,573,239,0,0,0.0,573,239,0.0,0.0,0,2704,0,3723,323,0.0,0.0,0.0,0.0,0.0,0.0,0.0,0.0,0.0,0.0,0.0,552,228,0.0,555,234,0.0,529,215,0.0,558,231,,,,4,,David,Akintola,Akintola,Has joined Omonoia FC permanently,,0,0,0,0,0,0,0,0,0,0,0,0,0,,,,0.0,0.0,0.0,0.0,0.0,0,0,0
297,i,0.0,0.0,4.5,493,267,0,0,0,0,0.0,571,236,0,0,0.0,489,193,0,0,0.0,489,193,0.0,0.0,0,336,8,1286,35,0.0,0.0,0.0,0.0,0.0,0.0,0.0,0.0,0.0,0.0,0.0,455,175,0.0,454,183,0.0,406,152,0.0,461,179,,,,4,,Darko,Gyabi,Gyabi,Thigh injury - Unknown return date,,0,0,0,0,0,0,0,0,0,0,0,0,0,,,,0.0,0.0,0.0,0.0,0.0,0,0,0
298,u,0.0,0.0,4.5,508,68,0,0,0,0,0.2,332,53,0,0,0.0,497,51,0,0,0.0,497,51,0.0,0.0,0,0,0,18617,425,0.0,0.0,0.0,0.0,0.0,0.0,0.0,0.0,0.0,0.0,0.0,463,42,0.0,463,48,0.0,420,44,0.0,469,46,,,,4,,Enis,Destan,Destan,Has joined Konyaspor permanently,,0,0,0,0,0,0,0,0,0,0,0,0,0,,,,0.0,0.0,0.0,0.0,0.0,0,0,0
299,u,0.0,0.0,4.5,516,69,0,0,0,0,0.0,520,72,0,0,0.0,504,52,0,0,0.0,504,52,0.0,0.0,0,0,0,2552,67,0.0,0.0,0.0,0.0,0.0,0.0,0.0,0.0,0.0,0.0,0.0,470,43,0.0,470,49,0.0,427,45,0.0,476,47,,,,4,,Mason,Burstow,Burstow,Has joined Sheffield Wednesday on loan for the rest of the season,,0,0,0,0,0,0,0,0,0,0,0,0,0,,,,0.0,0.0,0.0,0.0,0.0,0,0,0
340,a,100.0,100.0,5.0,291,173,0,0,0,0,0.0,599,252,0,0,0.0,584,243,0,0,0.0,584,243,0.0,0.0,0,376,47,716,42,0.0,0.0,0.0,0.0,0.0,0.0,0.0,0.0,0.0,0.0,0.0,563,232,0.0,568,238,0.0,546,221,0.0,570,235,,,,4,,Joe,Gelhardt,Gelhardt,,,0,0,0,0,0,0,0,0,0,0,0,0,0,,,,0.0,0.0,0.0,0.0,0.0,0,0,0
556,a,,,4.0,598,167,0,0,0,0,1.9,131,54,1,0,1.0,278,98,0,3,0.2,354,127,0.0,0.2,0,21977,927,60187,2388,0.2,0.2,0.0,0.0,0.0,0.07,0.0,0.0,0.0,1.26,0.4,355,130,0.0,372,136,0.0,312,116,0.0,383,134,,,,4,,Matt,Targett,Targett,,,5,0,0,0,0,0,0,0,0,0,0,0,0,,,,0.0,0.0,0.0,0.0,0.0,0,0,1
563,i,0.0,0.0,5.0,287,171,0,0,0,0,0.0,567,234,1,0,1.0,329,144,0,6,0.2,382,174,0.0,0.2,0,681,1,1256,101,0.0,0.0,0.0,0.0,0.0,1.09,0.0,0.0,0.0,2.18,11.0,265,110,13.4,200,110,0.0,543,220,2.4,281,123,,,,4,,Hidemasa,Morita,Morita,Calf injury - Expected back 11 Oct,,45,0,0,0,0,0,0,0,0,0,0,1,3,,,,0.0,0.0,0.0,2.0,6.0,0,2,1
572,a,,,4.6,423,22,0,0,1,-1,10.3,42,6,28,2,7.0,15,2,6,113,7.0,8,2,1.5,6.1,0,738159,29549,147650,6614,7.0,7.0,0.0,0.0,0.0,5.96,0.0,0.0,0.0,1.49,72.4,49,9,0.0,507,51,0.0,466,50,7.3,175,8,,,,4,,Konstantinos,Tzolakis,Tzolakis,,,360,0,0,3,2,0,0,0,0,0,14,4,0,,,,3.5,0.75,0.5,1.0,0.0,0,2,58
574,a,,,4.9,408,247,0,0,-1,1,0.1,480,190,1,0,1.0,318,136,0,4,0.2,376,170,0.0,0.2,0,1101,29,3422,128,0.2,0.2,0.0,0.0,0.0,0.0,0.0,0.0,0.0,0.0,0.0,538,219,0.0,539,226,0.0,502,198,0.0,545,223,,,,4,,Jens,Hjertø-Dahl,Hjertø-Dahl,,,8,0,0,0,0,0,0,0,0,0,0,0,1,,,,0.0,0.0,0.0,0.0,11.25,0,0,1
576,a,,,5.0,342,205,0,0,0,0,0.1,444,172,7,1,1.8,236,104,0,17,1.8,199,89,0.4,1.4,0,2902,81,3439,125,1.8,1.8,0.06,0.05,0.11,4.32,0.02,0.02,0.04,1.56,8.4,277,117,20.9,165,94,11.0,185,90,3.6,251,109,,,,4,,Elliot,Stroud,Stroud,,,249,0,0,2,1,0,0,0,1,0,0,4,20,,,,0.0,0.72,0.36,1.45,7.23,5,3,12
585,a,,,4.0,650,208,0,0,0,0,0.6,240,89,4,1,1.0,283,103,0,8,1.0,244,88,0.2,1.0,0,8939,598,13722,429,1.0,1.0,0.0,0.01,0.01,1.92,0.0,0.01,0.01,1.61,17.6,231,96,0.3,336,128,0.0,353,146,1.8,298,110,,,,4,,Lucas,Herrington,Herrington,,,107,0,0,0,1,0,0,0,0,0,0,0,8,,,,0.0,0.0,0.84,0.0,6.73,1,7,1
586,d,50.0,100.0,4.1,580,161,0,0,1,-1,7.9,52,20,25,1,6.2,30,11,1,69,6.2,20,6,1.5,6.1,0,672003,9133,179599,20913,3.1,6.2,0.32,0.0,0.32,4.02,0.12,0.0,0.12,1.45,95.6,19,4,1.2,302,112,54.0,52,7,15.1,57,12,,,,4,,Nobel,Mendy,Mendy,Concussion - 50% chance of playing,,249,1,0,2,1,0,0,0,0,0,0,4,39,,,,0.0,0.72,0.36,1.45,14.1,7,32,6
589,a,,,5.0,296,176,0,0,0,0,0.0,553,229,3,0,1.5,255,111,0,13,0.8,283,129,0.2,0.6,0,544,24,983,40,0.8,0.8,0.0,0.02,0.02,2.13,0.0,0.01,0.01,1.52,26.2,200,79,22.5,152,90,0.0,548,223,4.9,229,102,,,,4,,Lucas,Gourna-Douath,Gourna-Douath,,,126,0,0,1,0,0,0,0,1,0,0,1,16,,,,0.0,0.71,0.0,0.71,11.43,4,5,7
617,a,,,5.0,308,183,0,0,0,0,0.0,602,254,3,1,1.0,331,145,0,11,1.0,255,112,0.2,0.6,0,1077,42,417,34,1.0,1.0,0.52,0.16,0.68,0.82,1.04,0.32,1.36,1.64,3.4,323,146,0.3,340,168,17.0,136,69,2.1,289,128,,,,4,,Mohamed-Ali,Cho,Cho,,,45,0,0,0,1,0,0,0,0,0,0,0,2,,,,0.0,0.0,2.0,0.0,4.0,0,1,1
632,i,0.0,0.0,5.0,347,62,0,0,0,0,0.0,516,71,0,0,0.0,608,68,0,0,0.0,608,68,0.0,0.0,0,4921,25,2065,303,0.0,0.0,0.0,0.0,0.0,0.0,0.0,0.0,0.0,0.0,0.0,588,60,0.0,595,65,0.0,577,62,0.0,595,64,,,,4,,Ilyas,Ansah,Ansah,Back injury - Unknown return date,,0,0,0,0,0,0,0,0,0,0,0,0,0,,,,0.0,0.0,0.0,0.0,0.0,0,0,0
637,a,,,5.0,349,64,0,0,0,0,0.1,491,68,1,1,1.0,339,37,0,3,0.5,331,38,0.1,0.2,0,5663,744,1263,160,0.5,0.5,0.0,0.0,0.0,0.18,0.0,0.0,0.0,2.02,0.0,590,62,0.0,597,67,0.0,579,64,0.0,597,66,,,,4,,Robinio,Vaz,Vaz,,,8,0,0,0,0,0,0,0,0,0,0,0,1,,,,0.0,0.0,0.0,0.0,11.25,0,0,1
638,a,,,4.0,629,189,0,0,0,0,0.2,314,116,1,0,0.5,393,140,0,3,0.5,307,107,0.1,0.2,0,21707,1105,4703,454,0.5,0.5,0.05,0.0,0.05,0.3,0.13,0.0,0.13,0.79,2.2,338,126,0.3,335,127,2.0,263,96,0.5,338,124,,,,4,,Brooke,Norton-Cuffy,Norton-Cuffy,,,34,0,0,0,0,0,0,0,1,0,0,0,1,,,,0.0,0.0,0.0,0.0,2.65,0,1,4
642,a,,,5.5,142,85,0,0,0,0,0.0,583,243,2,1,1.0,359,164,0,11,1.0,260,117,0.2,0.4,0,1479,150,406,71,1.0,1.0,0.02,0.07,0.09,0.76,0.03,0.11,0.14,1.2,3.2,328,148,10.8,220,117,0.0,618,264,1.4,312,140,,,,4,,Sorba,Thomas,Thomas,,,57,0,0,0,1,0,0,0,0,0,0,0,5,,,,0.0,0.0,1.58,0.0,7.89,0,0,5
645,a,,,5.0,350,209,0,0,0,0,0.0,629,271,0,0,0.0,610,259,0,0,0.0,610,259,0.0,0.0,0,506,26,125,11,0.0,0.0,0.0,0.0,0.0,0.0,0.0,0.0,0.0,0.0,0.0,591,249,0.0,598,255,0.0,580,242,0.0,598,252,,,,4,,Christos,Mouzakitis,Mouzakitis,,,0,0,0,0,0,0,0,0,0,0,0,0,0,,,,0.0,0.0,0.0,0.0,0.0,0,0,0
259,a,,,4.0,608,175,0,0,0,0,14.2,28,9,8,1,2.0,197,75,0,32,2.0,159,59,0.5,2.0,0,112315,2952,353112,13436,2.0,2.0,0.0,0.15,0.15,6.74,0.0,0.04,0.04,1.68,75.2,41,15,11.9,213,74,2.0,262,95,8.9,145,57,,,,4,,Issa,Diop,Diop,,,360,0,0,0,10,0,0,0,0,0,0,4,35,,,,0.0,0.0,2.5,1.0,8.75,4,31,17
267,a,,,5.0,263,163,0,0,0,0,0.1,410,155,9,1,2.2,188,76,0,54,2.2,146,62,0.4,1.8,0,2793,34,4758,190,2.2,2.2,0.02,0.16,0.18,5.61,0.01,0.04,0.05,1.54,51.2,113,41,40.9,88,60,4.0,243,116,9.6,131,65,1.0,,,4,,Saša,Lukić,Lukić,,,328,0,1,0,9,0,0,0,2,0,0,4,31,,,,0.0,0.0,2.47,1.1,8.51,6,15,10
300,a,,,4.4,562,47,0,0,-1,1,0.4,272,36,0,0,0.0,458,47,0,0,0.0,458,47,0.0,0.0,0,1059,137,12091,284,0.0,0.0,0.0,0.0,0.0,0.0,0.0,0.0,0.0,0.0,0.0,420,46,0.0,415,27,0.0,360,24,0.0,426,46,,,,4,,Christian,Walton,Walton,,,0,0,0,0,0,0,0,0,0,0,0,0,0,,,,0.0,0.0,0.0,0.0,0.0,0,0,0
301,a,,,4.0,591,57,0,0,0,0,4.1,83,13,0,0,0.0,411,32,0,0,0.0,411,32,0.0,0.0,0,62544,1131,83441,2342,0.0,0.0,0.0,0.0,0.0,0.0,0.0,0.0,0.0,0.0,0.0,373,31,0.0,366,12,0.0,306,9,0.0,378,31,,,,4,,Alex,Palmer,Palmer,,,0,0,0,0,0,0,0,0,0,0,0,0,0,,,,0.0,0.0,0.0,0.0,0.0,0,0,0
302,a,,,4.0,584,52,0,0,0,0,0.6,241,33,0,0,0.0,404,27,0,0,0.0,404,27,0.0,0.0,0,27384,325,11768,256,0.0,0.0,0.0,0.0,0.0,0.0,0.0,0.0,0.0,0.0,0.0,366,26,0.0,359,7,0.0,299,4,0.0,371,26,,,,4,,David,Button,Button,,,0,0,0,0,0,0,0,0,0,0,0,0,0,,,,0.0,0.0,0.0,0.0,0.0,0,0,0
303,a,,,4.0,602,170,0,0,0,0,0.5,254,94,0,0,0.0,417,147,0,0,0.0,417,147,0.0,0.0,0,1618,65,14931,430,0.0,0.0,0.0,0.0,0.0,0.0,0.0,0.0,0.0,0.0,0.0,379,137,0.0,374,137,0.0,315,118,0.0,385,135,,,,4,,Cédric,Kipré,Kipré,,,0,0,0,0,0,0,0,0,0,0,0,0,0,,,,0.0,0.0,0.0,0.0,0.0,0,0,0
304,a,,,4.0,607,174,0,0,0,0,3.0,102,39,8,1,2.0,196,74,0,12,2.0,158,58,0.5,2.0,0,56846,849,94037,2309,2.0,2.0,0.07,0.26,0.33,6.74,0.02,0.06,0.08,1.68,71.8,53,22,29.7,129,38,15.0,146,46,11.6,96,28,,,,4,,Dara,O'Shea,O'Shea,,,360,0,0,0,10,0,0,0,0,0,0,4,39,,,,0.0,0.0,2.5,1.0,9.75,7,32,13
305,a,,,4.0,621,184,0,0,0,0,5.5,70,29,23,14,5.8,41,17,1,50,5.8,28,9,1.4,5.8,0,154692,38866,123672,1899,5.8,5.8,1.17,0.44,1.61,6.74,0.29,0.11,0.4,1.68,79.6,39,14,38.5,97,25,69.0,28,3,18.8,32,3,,2.0,,4,,Leif,Davis,Davis,,,360,2,2,0,10,0,0,0,0,0,0,4,19,,,,0.0,0.0,2.5,1.0,4.75,2,17,8
306,a,,,4.0,619,182,0,0,0,0,1.2,170,67,3,1,0.8,382,133,0,12,0.8,270,97,0.2,0.8,0,6500,190,27819,773,0.8,0.8,0.0,0.06,0.06,6.74,0.0,0.02,0.02,1.7,49.8,115,55,14.9,189,60,4.0,237,85,6.9,185,71,,,,4,,Jacob,Greaves,Greaves,,,357,0,0,0,10,1,0,0,1,0,0,4,30,,,,0.0,0.0,2.52,1.01,7.56,5,25,12
307,u,0.0,0.0,4.0,610,177,0,0,0,0,0.1,459,163,0,0,0.0,422,151,0,0,0.0,422,151,0.0,0.0,0,1137,0,4975,205,0.0,0.0,0.0,0.0,0.0,0.0,0.0,0.0,0.0,0.0,0.0,384,141,0.0,379,141,0.0,321,123,0.0,390,139,,,,4,,Ben,Johnson,Johnson,Has joined Stoke City on loan for the rest of the season,,0,0,0,0,0,0,0,0,0,0,0,0,0,,,,0.0,0.0,0.0,0.0,0.0,0,0,0
308,a,,,4.0,601,169,0,0,0,0,0.5,255,95,1,0,1.0,279,99,0,-1,0.2,355,128,0.0,0.2,0,1368,56,13044,364,0.2,0.2,0.0,0.0,0.0,0.86,0.0,0.0,0.0,4.55,5.0,305,119,0.5,327,124,0.0,314,117,0.6,336,123,,,,4,,Darnell,Furlong,Furlong,,,17,0,0,0,1,0,0,0,0,0,0,0,3,,,,0.0,0.0,5.29,0.0,15.88,1,2,0
309,a,,,5.0,317,187,0,0,0,0,0.1,396,146,6,0,3.0,136,53,0,32,1.5,215,96,0.3,1.2,0,2729,49,5569,329,1.5,1.5,0.03,0.05,0.08,3.48,0.02,0.03,0.05,2.24,24.6,203,81,19.4,173,99,6.0,227,112,5.0,226,101,3.0,1.0,,4,,Marcelino,Núñez,Núñez,,,140,0,0,0,4,0,0,0,0,0,0,2,21,,,,0.0,0.0,2.57,1.29,13.5,3,8,10
310,a,100.0,100.0,4.9,378,227,0,0,-1,1,0.0,642,282,0,0,0.0,550,223,0,0,0.0,550,223,0.0,0.0,0,69,9,231,6,0.0,0.0,0.0,0.0,0.0,0.0,0.0,0.0,0.0,0.0,0.0,524,209,0.0,522,215,0.0,483,185,0.0,529,212,,,,4,,Azor,Matusiwa,Matusiwa,,,0,0,0,0,0,0,0,0,0,0,0,0,0,,,,0.0,0.0,0.0,0.0,0.0,0,0,0
311,u,0.0,0.0,5.0,248,153,0,0,0,0,0.0,644,283,0,0,0.0,568,236,0,0,0.0,568,236,0.0,0.0,0,0,0,321,3,0.0,0.0,0.0,0.0,0.0,0.0,0.0,0.0,0.0,0.0,0.0,547,225,0.0,548,231,0.0,519,209,0.0,553,228,,,,4,,Wes,Burns,Burns,Has joined Leicester City permanently,,0,0,0,0,0,0,0,0,0,0,0,0,0,,,,0.0,0.0,0.0,0.0,0.0,0,0,0
312,i,0.0,0.0,4.5,469,263,0,0,0,0,0.0,540,221,0,0,0.0,479,191,0,0,0.0,479,191,0.0,0.0,0,487,10,2092,60,0.0,0.0,0.0,0.0,0.0,0.0,0.0,0.0,0.0,0.0,0.0,444,173,0.0,441,181,0.0,391,150,0.0,450,177,,,,4,,Jack,Taylor,Taylor,Knee injury - Unknown return date,,0,0,0,0,0,0,0,0,0,0,0,0,0,,,,0.0,0.0,0.0,0.0,0.0,0,0,0
313,a,,,5.4,208,133,0,0,-1,1,0.2,333,118,9,1,3.0,140,57,1,38,2.2,152,67,0.4,1.7,0,4898,61,12394,503,2.2,2.2,0.3,0.04,0.34,0.29,0.26,0.03,0.29,0.25,37.0,158,58,12.3,211,114,22.0,118,61,7.1,181,84,4.0,3.0,1.0,4,,Jack,Clarke,Clarke,,,105,1,0,0,1,0,0,0,1,0,0,1,6,,,,0.0,0.0,0.86,0.86,5.14,2,1,3
314,u,0.0,0.0,4.9,375,224,0,0,-1,1,0.0,613,260,0,0,0.0,548,221,0,0,0.0,548,221,0.0,0.0,0,104,0,1012,25,0.0,0.0,0.0,0.0,0.0,0.0,0.0,0.0,0.0,0.0,0.0,522,207,0.0,520,213,0.0,481,183,0.0,527,210,,,,4,,Chiedozie,Ogbene,Ogbene,Has joined Lincoln City on loan until January,,0,0,0,0,0,0,0,0,0,0,0,0,0,,,,0.0,0.0,0.0,0.0,0.0,0,0,0
315,a,,,5.5,168,103,0,0,0,0,0.2,338,121,9,1,2.2,194,82,0,67,2.2,155,70,0.4,1.6,0,4759,93,8594,417,2.2,2.2,0.03,0.83,0.86,6.11,0.01,0.26,0.27,1.92,55.4,100,36,103.6,11,11,14.0,162,79,17.3,37,28,2.0,,,4,,Abdul,Fatawu,Fatawu,,,286,0,1,0,9,0,0,0,2,0,0,4,24,,,,0.0,0.0,2.83,1.26,7.55,9,6,9
316,a,100.0,100.0,5.5,171,40,0,0,0,0,2.0,127,18,24,12,6.0,38,4,6,101,6.0,25,3,1.1,4.4,0,151358,27720,94238,1831,6.0,6.0,1.48,0.11,1.59,2.22,0.56,0.04,0.6,0.84,49.8,116,6,37.4,102,9,50.0,60,15,13.7,73,10,,,2.0,4,,Emersonn,Correia da Silva,Emersonn,,,237,2,1,0,5,0,0,0,0,0,0,4,9,,,,0.0,0.0,1.9,1.52,3.42,2,3,4
317,u,0.0,0.0,5.0,272,53,0,0,0,0,0.1,432,63,0,0,0.0,576,61,0,0,0.0,576,61,0.0,0.0,0,0,0,15417,185,0.0,0.0,0.0,0.0,0.0,0.0,0.0,0.0,0.0,0.0,0.0,555,53,0.0,558,58,0.0,532,55,0.0,561,57,,,,4,,George,Hirst,Hirst,Has joined Stoke City permanently,,0,0,0,0,0,0,0,0,0,0,0,0,0,,,,0.0,0.0,0.0,0.0,0.0,0,0,0
318,a,100.0,100.0,5.4,216,137,0,0,-1,1,0.1,457,181,1,1,1.0,351,159,0,6,0.2,388,179,0.0,0.2,0,202,17,8776,57,0.2,0.2,0.02,0.0,0.01,0.41,0.06,0.0,0.06,1.32,0.0,606,258,0.0,612,263,0.0,598,254,0.0,612,260,5.0,,3.0,4,,Jaden,Philogene,Philogene,,,28,0,0,0,1,0,0,0,0,0,0,0,3,,,,0.0,0.0,3.21,0.0,9.64,0,0,3
319,u,0.0,0.0,5.0,253,157,0,0,0,0,0.0,636,276,0,0,0.0,571,238,0,0,0.0,571,238,0.0,0.0,0,0,0,695,8,0.0,0.0,0.0,0.0,0.0,0.0,0.0,0.0,0.0,0.0,0.0,550,227,0.0,551,233,0.0,524,213,0.0,556,230,,,,4,,Sam,Szmodics,Szmodics,Has joined Derby County on loan for the rest of the season,,0,0,0,0,0,0,0,0,0,0,0,0,0,,,,0.0,0.0,0.0,0.0,0.0,0,0,0
320,a,,,5.0,247,51,0,0,0,0,1.2,168,25,6,0,3.0,131,14,0,33,1.5,211,21,0.3,1.2,0,107052,3302,45672,2848,1.5,1.5,0.97,0.0,0.97,4.04,1.27,0.0,1.27,5.27,34.6,168,11,1.7,289,36,19.0,125,25,5.5,217,23,,,,4,,Chuba,Akpom,Akpom,,,69,1,0,0,4,0,0,0,0,0,0,0,3,,,,0.0,0.0,5.22,0.0,3.91,1,0,2
321,a,,,4.5,525,71,0,0,0,0,3.5,91,13,1,0,1.0,300,35,0,3,0.2,363,45,0.0,0.2,0,258345,7847,139981,4880,0.2,0.2,0.0,0.0,0.0,0.03,0.0,0.0,0.0,0.27,0.0,478,45,0.1,349,44,0.0,435,47,0.0,484,49,,,,4,,Sindre,Walle Egeli,Walle Egeli,,,10,0,0,0,0,0,0,0,0,0,0,0,0,,,,0.0,0.0,0.0,0.0,0.0,0,0,0
322,u,0.0,0.0,5.0,290,56,0,0,0,0,0.1,478,66,0,0,0.0,583,63,0,0,0.0,583,63,0.0,0.0,0,755,0,8712,155,0.0,0.0,0.0,0.0,0.0,0.0,0.0,0.0,0.0,0.0,0.0,562,55,0.0,567,60,0.0,545,57,0.0,569,59,,,,4,,Ali,Al-Hamadi,Al-Hamadi,Has joined Sheffield Wednesday on loan for the rest of the season,,0,0,0,0,0,0,0,0,0,0,0,0,0,,,,0.0,0.0,0.0,0.0,0.0,0,0,0
323,a,,,4.5,490,265,0,0,0,0,1.2,171,54,3,0,1.0,296,126,0,12,0.8,276,124,0.2,0.7,0,24753,392,43690,1868,0.8,0.8,0.05,0.0,0.05,0.21,0.11,0.0,0.11,0.45,4.6,308,137,1.8,284,145,7.0,209,104,1.4,309,138,,,,4,,Kasey,McAteer,McAteer,,,42,0,0,0,0,0,0,0,0,0,0,0,5,,,,0.0,0.0,0.0,0.0,10.71,1,0,4
324,a,,,4.9,376,225,0,0,-1,1,0.0,525,212,0,0,0.0,549,222,0,0,0.0,549,222,0.0,0.0,0,252,6,2046,57,0.0,0.0,0.0,0.0,0.0,0.0,0.0,0.0,0.0,0.0,0.0,523,208,0.0,521,214,0.0,482,184,0.0,528,211,,,,4,,Anis,Mehmeti,Mehmeti,,,0,0,0,0,0,0,0,0,0,0,0,0,0,,,,0.0,0.0,0.0,0.0,0.0,0,0,0
554,u,0.0,0.0,4.5,517,45,0,0,0,0,0.0,566,66,0,0,0.0,505,63,0,0,0.0,505,63,0.0,0.0,0,54,0,1667,30,0.0,0.0,0.0,0.0,0.0,0.0,0.0,0.0,0.0,0.0,0.0,471,63,0.0,471,49,0.0,428,48,0.0,477,63,,,,4,,Kayne,van Oevelen,Van Oevelen,Has joined Valencia on loan for the rest of the season,,0,0,0,0,0,0,0,0,0,0,0,0,0,,,,0.0,0.0,0.0,0.0,0.0,0,0,0
562,a,,,5.4,207,132,0,0,-1,1,0.3,306,106,7,1,1.8,237,105,0,27,1.8,200,90,0.3,1.3,0,2546,42,15068,669,1.8,1.8,0.71,0.01,0.72,5.57,0.26,0.0,0.26,2.06,28.8,191,73,2.9,261,137,43.0,69,41,7.4,174,80,,,,4,,Daizen,Maeda,Maeda,,,243,0,0,0,8,0,0,0,0,0,0,3,19,,,,0.0,0.0,2.96,1.11,7.04,7,8,4
564,a,,,4.5,472,36,0,0,0,0,0.6,237,32,7,1,1.8,232,18,0,40,1.8,188,15,0.4,1.6,0,11969,305,16733,394,1.8,1.8,0.0,0.01,0.01,6.74,0.0,0.0,0.0,1.68,88.6,29,5,0.0,443,42,0.0,393,39,8.8,147,5,,,,4,,Kjell,Scherpen,Scherpen,,,360,0,0,0,10,0,0,0,0,0,15,4,0,,,,3.75,0.0,2.5,1.0,0.0,0,8,39
571,a,100.0,100.0,4.9,373,223,0,0,-1,1,0.1,439,169,1,1,1.0,309,131,0,8,0.2,369,165,0.0,0.2,0,787,23,5880,89,0.2,0.2,0.0,0.01,0.01,0.27,0.0,0.07,0.07,1.87,0.0,521,206,0.0,519,212,0.0,480,182,0.0,526,209,,,,4,,Florentino Ibrain,Morris Luís,Florentino,,,13,0,0,0,0,0,0,0,0,0,0,0,2,,,,0.0,0.0,0.0,0.0,13.85,1,1,0
591,a,100.0,100.0,5.5,158,95,0,0,0,0,0.9,197,62,13,2,3.2,122,47,0,72,3.2,96,40,0.6,2.4,0,83306,1207,33069,2248,3.2,3.2,0.92,0.84,1.76,6.71,0.24,0.22,0.46,1.78,53.6,104,38,48.9,64,48,62.0,41,26,16.5,47,34,,,,4,,Julio,Enciso,Enciso,,,340,0,2,0,10,0,0,0,1,0,0,4,26,,,,0.0,0.0,2.65,1.06,6.88,2,5,19
592,a,,,4.0,644,203,0,0,0,0,0.9,193,74,4,1,1.0,282,102,0,12,1.0,243,87,0.2,1.0,0,10661,445,19289,631,1.0,1.0,0.0,0.02,0.02,0.89,0.0,0.04,0.04,1.95,9.4,272,112,24.6,146,47,0.0,347,141,3.4,253,96,,,,4,,Abdoul,Ouattara,Ouattara,,,41,0,0,0,1,0,0,0,0,0,0,0,3,,,,0.0,0.0,2.2,0.0,6.59,1,2,4
602,u,0.0,0.0,4.5,515,272,0,0,0,0,0.0,547,225,0,0,0.0,503,198,0,0,0.0,503,198,0.0,0.0,0,2861,0,2617,112,0.0,0.0,0.0,0.0,0.0,0.0,0.0,0.0,0.0,0.0,0.0,469,180,0.0,469,188,0.0,426,157,0.0,475,184,,,,4,,Cameron,Humphreys,Humphreys,Has joined Huddersfield Town on loan for the rest of the season,,0,0,0,0,0,0,0,0,0,0,0,0,0,,,,0.0,0.0,0.0,0.0,0.0,0,0,0
619,a,,,5.0,266,165,0,0,0,0,0.0,534,217,9,4,3.0,132,50,0,49,3.0,102,43,0.6,1.8,0,3975,243,1379,118,3.0,3.0,0.0,0.07,0.07,3.23,0.0,0.03,0.03,1.49,27.4,196,76,34.5,112,70,2.0,272,128,6.4,203,92,,,,4,,Exequiel,Palacios,Palacios,,,195,0,0,0,6,0,0,0,0,0,0,2,38,,,,0.0,0.0,2.77,0.92,17.54,8,10,20
640,a,,,5.5,145,37,0,0,0,0,0.0,504,70,6,5,3.0,142,16,0,36,3.0,110,11,0.5,1.1,0,5049,764,1051,129,3.0,3.0,0.54,0.01,0.55,0.47,0.95,0.02,0.97,0.83,3.2,329,34,0.5,331,41,7.0,218,35,1.1,318,36,,,,4,,Zian,Flemming,Flemming,,,51,1,0,0,1,0,0,0,0,0,0,0,2,,,,0.0,0.0,1.76,0.0,3.53,0,1,1
260,a,,,6.3,48,33,0,0,-2,2,2.7,109,35,4,0,1.3,271,123,0,15,1.0,266,121,0.2,0.6,0,25832,318,346271,8116,1.0,1.0,0.01,0.06,0.07,2.98,0.01,0.04,0.05,2.11,16.0,239,98,47.7,66,50,12.0,181,89,7.7,164,75,2.0,2.0,,4,,Harry,Wilson,Wilson,,,127,0,0,1,0,0,0,0,1,0,0,1,9,,,,0.0,0.71,0.0,0.71,6.38,3,2,4
326,u,0.0,0.0,4.5,455,33,0,0,0,0,0.4,283,38,0,0,0.0,473,56,0,0,0.0,473,56,0.0,0.0,0,532,0,22338,597,0.0,0.0,0.0,0.0,0.0,0.0,0.0,0.0,0.0,0.0,0.0,438,56,0.0,435,39,0.0,384,36,0.0,444,56,,,,4,,Lucas Estella,Perri,Perri,Has joined Torino on loan for the rest of the season,,0,0,0,0,0,0,0,0,0,0,0,0,0,,,,0.0,0.0,0.0,0.0,0.0,0,0,0
327,a,,,5.0,285,48,0,0,0,0,0.8,205,78,12,0,4.0,84,36,2,29,3.0,103,41,0.6,2.4,0,64943,445,41767,1217,3.0,3.0,0.11,0.0,0.11,3.16,0.06,0.0,0.06,1.73,38.2,154,71,0.6,323,123,15.0,152,51,5.4,219,83,,,,4,,Jaka,Bijol,Bijol,,,164,0,0,1,2,0,0,0,0,0,0,2,21,,,,0.0,0.55,1.1,1.1,11.52,3,18,7
329,i,0.0,0.0,4.4,567,150,0,0,-1,1,1.1,175,68,7,0,3.5,99,41,0,25,1.8,183,67,0.4,1.6,0,26852,14,257198,4153,0.0,0.0,0.03,0.06,0.09,1.01,0.02,0.04,0.06,0.74,23.0,207,88,14.7,190,61,7.0,207,70,4.5,238,91,,,,4,,Joe,Rodon,Rodon,Hamstring injury - Expected back 21 Nov,,123,0,0,1,0,0,0,0,0,0,0,2,11,,,,0.0,0.73,0.0,1.46,8.05,1,10,2
330,a,,,4.5,466,105,0,0,0,0,2.1,124,51,22,0,7.3,9,2,3,63,5.5,30,11,1.2,4.9,0,140085,7115,34334,1756,5.5,5.5,0.9,0.03,0.93,1.64,0.37,0.01,0.38,0.68,61.0,72,35,14.1,193,63,37.0,81,16,11.2,104,35,,,,4,,Jayden,Bogle,Bogle,,,217,1,0,2,1,0,0,0,1,0,0,3,12,,,,0.0,0.83,0.41,1.24,4.98,3,9,8
331,a,100.0,100.0,4.5,475,110,0,0,0,0,0.1,488,174,2,0,2.0,202,79,0,9,0.5,314,112,0.1,0.4,0,1965,107,1958,48,0.5,0.5,0.0,0.0,0.0,2.19,0.0,0.0,0.0,2.19,12.6,253,104,1.2,303,113,2.0,270,103,1.6,304,113,,,,4,,Gabriel,Gudmundsson,Gudmundsson,,,90,0,0,0,1,0,0,0,0,0,0,1,5,,,,0.0,0.0,1.0,1.0,5.0,3,2,9
332,a,,,4.5,461,101,0,0,0,0,1.5,150,62,16,0,5.3,46,19,2,49,4.0,63,28,0.9,3.6,0,107996,1078,54097,1152,4.0,4.0,0.17,0.02,0.19,4.52,0.06,0.01,0.07,1.51,66.0,62,29,15.6,187,59,32.0,91,20,11.3,99,30,,,,4,,James,Justin,Justin,,,270,0,0,1,2,0,0,0,0,0,0,3,30,,,,0.0,0.33,0.67,1.0,10.0,11,19,11
333,u,0.0,0.0,4.5,484,118,0,0,0,0,0.0,645,214,0,0,0.0,486,188,0,0,0.0,486,188,0.0,0.0,0,0,0,276,4,0.0,0.0,0.0,0.0,0.0,0.0,0.0,0.0,0.0,0.0,0.0,451,180,0.0,449,180,0.0,401,170,0.0,457,178,,,,4,,Sebastiaan,Bornauw,Bornauw,Has joined Hamburg SV on loan for the rest of the season,,0,0,0,0,0,0,0,0,0,0,0,0,0,,,,0.0,0.0,0.0,0.0,0.0,0,0,0
334,a,,,5.0,326,59,0,0,0,0,3.9,87,33,14,0,4.7,62,26,0,52,3.5,79,34,0.7,2.8,0,200220,3024,124981,2039,3.5,3.5,0.09,0.02,0.11,4.52,0.03,0.01,0.04,1.51,96.4,18,3,2.2,275,97,21.0,121,36,11.9,90,23,,,,4,,Tarik,Muharemović,Muharemović,,,270,0,0,1,2,0,0,0,0,0,0,3,39,,,,0.0,0.33,0.67,1.0,13.0,3,36,6
335,a,,,6.0,73,49,0,0,0,0,2.7,108,34,19,0,6.3,28,15,3,57,4.8,44,19,0.8,3.2,0,174635,1394,116769,4447,4.8,4.8,0.49,0.16,0.65,4.52,0.16,0.05,0.21,1.51,87.8,30,14,35.8,107,68,39.0,76,45,16.3,52,37,1.0,1.0,,4,,Anton,Stach,Stach,,,270,1,0,1,2,0,0,0,0,0,0,3,38,,,,0.0,0.33,0.67,1.0,12.67,9,18,11
336,a,,,5.8,106,68,-1,1,-2,2,0.3,305,105,6,0,2.0,219,95,0,30,1.5,219,100,0.3,1.0,0,6106,171,27431,706,1.5,1.5,0.08,0.18,0.26,1.11,0.05,0.11,0.16,0.65,17.8,229,92,22.1,159,92,16.0,144,74,5.6,215,98,,,,4,,Noah,Okafor,Okafor,,,153,0,0,1,1,0,0,0,0,0,0,2,7,,,,0.0,0.59,0.59,1.18,4.12,3,2,2
337,a,,,5.4,204,129,0,0,-1,1,0.6,242,80,5,0,1.7,247,107,0,27,1.2,234,107,0.2,0.9,0,5825,111,36982,1043,1.2,1.2,0.01,0.02,0.03,3.08,0.01,0.01,0.02,1.8,10.2,268,113,2.7,263,138,7.0,217,109,2.0,295,131,,4.0,,4,,Brenden,Aaronson,Aaronson,,,154,0,0,1,2,0,0,0,0,0,0,2,10,,,,0.0,0.58,1.17,1.17,5.84,2,1,7
338,a,,,5.4,191,120,0,0,-1,1,1.0,190,60,9,0,3.0,138,55,0,43,2.2,151,66,0.4,1.7,0,10869,187,47450,1722,2.2,2.2,0.01,0.14,0.15,4.52,0.0,0.05,0.05,1.51,61.8,70,23,41.2,86,59,1.0,294,143,10.4,122,59,,,,4,,Ethan,Ampadu,Ampadu,,,270,0,0,1,2,0,0,0,0,0,0,3,34,,,,0.0,0.33,0.67,1.0,11.33,8,17,9
339,a,,,4.9,363,217,0,0,-1,1,0.1,427,164,1,0,1.0,305,129,0,3,0.2,366,163,0.0,0.2,0,1964,57,6233,192,0.2,0.2,0.0,0.0,0.0,0.07,0.0,0.0,0.0,0.79,0.0,516,202,0.2,347,172,0.0,475,179,0.0,522,206,3.0,3.0,,4,,Sean,Longstaff,Longstaff,,,8,0,0,0,0,0,0,0,0,0,0,0,0,,,,0.0,0.0,0.0,0.0,0.0,0,0,0
341,u,0.0,0.0,5.0,311,184,0,0,0,0,0.0,607,257,0,0,0.0,593,249,0,0,0.0,593,249,0.0,0.0,0,244,0,1615,36,0.0,0.0,0.0,0.0,0.0,0.0,0.0,0.0,0.0,0.0,0.0,573,239,0.0,579,245,0.0,558,229,0.0,580,242,,,,4,,Wilfried,Gnonto,Gnonto,Has joined ACF Fiorentina on loan for the rest of the season,,0,0,0,0,0,0,0,0,0,0,0,0,0,,,,0.0,0.0,0.0,0.0,0.0,0,0,0
342,u,0.0,0.0,5.0,269,166,0,0,0,0,0.0,655,292,0,0,0.0,574,240,0,0,0.0,574,240,0.0,0.0,0,0,0,66,2,0.0,0.0,0.0,0.0,0.0,0.0,0.0,0.0,0.0,0.0,0.0,553,229,0.0,556,235,0.0,530,216,0.0,559,232,,,,4,,Jack,Harrison,Harrison,Has joined New England Revolution permanently,,0,0,0,0,0,0,0,0,0,0,0,0,0,,,,0.0,0.0,0.0,0.0,0.0,0,0,0
343,a,,,4.9,365,219,-1,1,-1,1,0.1,423,161,1,0,1.0,306,130,0,2,0.2,367,164,0.0,0.2,0,3323,75,6190,170,0.2,0.2,0.24,0.01,0.25,0.93,0.98,0.04,1.02,3.8,0.0,518,204,1.1,304,152,12.0,176,87,1.1,317,143,,,,4,,Daniel,James,James,,,22,0,0,0,0,0,0,0,0,0,0,0,2,,,,0.0,0.0,0.0,0.0,8.18,0,0,2
344,d,25.0,25.0,5.0,302,178,0,0,0,0,0.0,640,280,0,0,0.0,587,245,0,0,0.0,587,245,0.0,0.0,0,56,1,265,7,0.0,0.0,0.0,0.0,0.0,0.0,0.0,0.0,0.0,0.0,0.0,566,234,0.0,572,240,0.0,551,224,0.0,573,237,,,,4,,Ilia,Gruev,Gruev,Knee injury - 25% chance of playing,,0,0,0,0,0,0,0,0,0,0,0,0,0,,,,0.0,0.0,0.0,0.0,0.0,0,0,0
345,a,,,4.9,379,228,0,0,-1,1,0.2,319,114,6,0,3.0,129,49,0,24,1.5,209,92,0.3,1.2,0,10429,317,12248,346,1.5,1.5,0.53,0.02,0.55,2.0,0.41,0.02,0.43,1.54,40.8,145,53,14.0,194,108,13.0,168,81,6.8,188,87,4.0,,,4,,Tanaka,Ao,Tanaka,,,117,0,1,0,1,0,0,0,0,0,0,1,19,,,,0.0,0.0,0.77,0.77,14.62,5,8,6
346,a,,,6.0,63,14,0,0,0,0,22.0,15,4,10,0,3.3,116,13,2,29,2.5,139,15,0.4,1.7,0,391947,8751,1036637,26669,2.5,2.5,1.61,0.08,1.69,3.2,0.58,0.03,0.61,1.14,42.8,139,9,16.1,185,22,67.0,34,12,12.1,86,12,,,1.0,4,,Dominic,Calvert-Lewin,Calvert-Lewin,,,252,1,0,1,2,0,0,0,2,0,0,3,9,,,,0.0,0.36,0.71,1.07,3.21,0,4,5
347,a,,,5.4,186,42,0,0,-1,1,0.5,258,44,5,0,2.5,167,22,0,20,1.2,233,23,0.2,0.9,0,14813,846,26507,747,1.2,1.2,0.27,0.14,0.41,2.25,0.64,0.33,0.97,5.33,18.2,225,19,22.1,158,16,15.0,155,27,5.4,221,24,,,2.0,4,,Lukas,Nmecha,Nmecha,,,38,0,1,0,0,0,0,0,0,0,0,0,1,,,,0.0,0.0,0.0,0.0,2.37,0,0,1
348,u,0.0,0.0,5.0,279,55,0,0,0,0,0.1,469,65,0,0,0.0,579,62,0,0,0.0,579,62,0.0,0.0,0,0,0,9983,171,0.0,0.0,0.0,0.0,0.0,0.0,0.0,0.0,0.0,0.0,0.0,558,54,0.0,561,59,0.0,537,56,0.0,565,58,,,3.0,4,,Joël,Piroe,Piroe,Has joined West Ham United on loan for the rest of the season,,0,0,0,0,0,0,0,0,0,0,0,0,0,,,,0.0,0.0,0.0,0.0,0.0,0,0,0
349,i,0.0,0.0,4.5,526,72,0,0,0,0,0.1,493,69,0,0,0.0,512,54,0,0,0.0,512,54,0.0,0.0,0,2116,69,3247,82,0.0,0.0,0.0,0.0,0.0,0.0,0.0,0.0,0.0,0.0,0.0,479,46,0.0,478,51,0.0,436,48,0.0,485,50,,,,4,,Mateo,Joseph Fernández-Regatillo,Mateo Joseph,Knee injury - Unknown return date,,0,0,0,0,0,0,0,0,0,0,0,0,0,,,,0.0,0.0,0.0,0.0,0.0,0,0,0
385,a,,,5.0,283,11,0,0,0,0,5.4,71,10,15,0,5.0,51,3,2,66,3.8,72,7,0.8,3.0,0,213342,3683,117272,4225,3.8,3.8,0.0,0.0,0.0,4.52,0.0,0.0,0.0,1.51,91.8,25,4,0.0,564,63,0.0,540,63,9.2,142,4,,,,4,,James,Trafford,Trafford,,,270,0,0,1,2,0,0,0,0,0,11,3,0,,,,3.67,0.33,0.67,1.0,0.0,0,2,31
598,a,,,4.5,448,91,0,0,0,0,0.0,503,178,5,0,2.5,165,62,0,21,1.2,227,83,0.3,1.1,0,3927,70,2113,30,1.2,1.2,0.0,0.57,0.57,3.51,0.0,0.35,0.35,2.16,43.6,136,61,22.2,156,50,12.0,175,60,7.8,163,65,,,,4,,Nico,Elvedi,Elvedi,,,146,0,0,0,2,0,0,0,0,0,0,1,16,,,,0.0,0.0,1.23,0.62,9.86,1,15,4
603,a,,,4.0,654,212,0,0,0,0,0.1,422,153,0,0,0.0,455,175,0,0,0.0,455,175,0.0,0.0,0,5645,195,2600,107,0.0,0.0,0.0,0.0,0.0,0.0,0.0,0.0,0.0,0.0,0.0,417,165,0.0,412,165,0.0,357,150,0.0,423,163,,,,4,,Jayden,Lienou,Lienou,,,0,0,0,0,0,0,0,0,0,0,0,0,0,,,,0.0,0.0,0.0,0.0,0.0,0,0,0
604,a,,,4.5,537,279,0,0,0,0,0.1,370,132,0,0,0.0,520,204,0,0,0.0,520,204,0.0,0.0,0,12612,218,5290,195,0.0,0.0,0.0,0.0,0.0,0.0,0.0,0.0,0.0,0.0,0.0,487,186,0.0,486,194,0.0,444,163,0.0,493,190,,,,4,,Alfie,Cresswell,Cresswell,,,0,0,0,0,0,0,0,0,0,0,0,0,0,,,,0.0,0.0,0.0,0.0,0.0,0,0,0
625,a,,,4.0,589,56,0,0,0,0,0.2,346,39,0,0,0.0,409,31,0,0,0.0,409,31,0.0,0.0,0,15944,452,3842,145,0.0,0.0,0.0,0.0,0.0,0.0,0.0,0.0,0.0,0.0,0.0,371,30,0.0,364,11,0.0,304,8,0.0,376,30,,,,4,,Alex,Cairns,Cairns,,,0,0,0,0,0,0,0,0,0,0,0,0,0,,,,0.0,0.0,0.0,0.0,0.0,0,0,0
629,a,,,4.0,593,58,0,0,0,0,0.5,252,34,0,0,0.0,413,33,0,0,0.0,413,33,0.0,0.0,0,38966,2482,6831,426,0.0,0.0,0.0,0.0,0.0,0.0,0.0,0.0,0.0,0.0,0.0,375,32,0.0,368,13,0.0,308,10,0.0,380,32,,,,4,,Michael,Zetterer,Zetterer,,,0,0,0,0,0,0,0,0,0,0,0,0,0,,,,0.0,0.0,0.0,0.0,0.0,0,0,0
641,a,,,4.5,483,117,0,0,0,0,0.0,630,211,0,0,0.0,485,187,0,0,0.0,485,187,0.0,0.0,0,559,60,146,13,0.0,0.0,0.0,0.0,0.0,0.0,0.0,0.0,0.0,0.0,0.0,450,179,0.0,448,179,0.0,400,169,0.0,456,177,,,,4,,Melvin,Bard,Bard,,,0,0,0,0,0,0,0,0,0,0,0,0,0,,,,0.0,0.0,0.0,0.0,0.0,0,0,0
648,a,,,5.0,339,203,0,0,0,0,0.0,588,246,0,0,0.0,606,257,0,0,0.0,606,257,0.0,0.0,0,1814,45,592,34,0.0,0.0,0.0,0.0,0.0,0.0,0.0,0.0,0.0,0.0,0.0,586,247,0.0,593,253,0.0,574,239,0.0,593,250,,,,4,,Jean-Mattéo,Bahoya,Bahoya,,,0,0,0,0,0,0,0,0,0,0,0,0,0,,,,0.0,0.0,0.0,0.0,0.0,0,0,0
350,a,,,5.5,125,3,0,0,0,0,3.9,84,14,19,9,4.8,56,4,3,66,4.8,40,3,0.9,3.5,0,117662,4413,111899,2857,4.8,4.8,0.0,0.0,0.0,5.33,0.0,0.0,0.0,1.33,55.8,97,14,0.0,620,69,0.0,609,69,5.6,214,14,,,,4,,Alisson,Becker,A.Becker,,,360,0,0,2,4,0,0,0,1,0,12,4,0,,,,3.0,0.5,1.0,1.0,0.0,0,6,38
351,a,,,4.9,387,20,0,0,-1,1,0.1,383,44,0,0,0.0,555,68,0,0,0.0,555,68,0.0,0.0,0,2215,42,6985,252,0.0,0.0,0.0,0.0,0.0,0.0,0.0,0.0,0.0,0.0,0.0,529,68,0.0,529,56,0.0,491,55,0.0,536,68,,,,4,,Giorgi,Mamardashvili,Mamardashvili,,,0,0,0,0,0,0,0,0,0,0,0,0,0,,,,0.0,0.0,0.0,0.0,0.0,0,0,0
352,a,,,4.0,594,59,0,0,0,0,1.0,180,27,0,0,0.0,414,34,0,0,0.0,414,34,0.0,0.0,0,15369,370,21054,652,0.0,0.0,0.0,0.0,0.0,0.0,0.0,0.0,0.0,0.0,0.0,376,33,0.0,369,14,0.0,309,11,0.0,381,33,,,,4,,Freddie,Woodman,Woodman,,,0,0,0,0,0,0,0,0,0,0,0,0,0,,,,0.0,0.0,0.0,0.0,0.0,0,0,0
353,u,0.0,0.0,4.0,649,71,0,0,0,0,0.0,570,67,0,0,0.0,451,46,0,0,0.0,451,46,0.0,0.0,0,0,0,935,17,0.0,0.0,0.0,0.0,0.0,0.0,0.0,0.0,0.0,0.0,0.0,413,45,0.0,408,26,0.0,352,23,0.0,419,45,,,,4,,Armin,Pecsi,Pecsi,Has joined TSV Hartberg on loan for the rest of the season,,0,0,0,0,0,0,0,0,0,0,0,0,0,,,,0.0,0.0,0.0,0.0,0.0,0,0,0
354,i,0.0,0.0,4.0,613,64,0,0,0,0,0.0,572,68,0,0,0.0,424,39,0,0,0.0,424,39,0.0,0.0,0,1307,28,943,18,0.0,0.0,0.0,0.0,0.0,0.0,0.0,0.0,0.0,0.0,0.0,386,38,0.0,381,19,0.0,323,16,0.0,392,38,,,,4,,Vitezslav,Jaros,Jaros,Knee injury - Unknown return date,,0,0,0,0,0,0,0,0,0,0,0,0,0,,,,0.0,0.0,0.0,0.0,0.0,0,0,0
355,a,,,4.0,623,67,0,0,0,0,0.2,363,40,0,0,0.0,429,42,0,0,0.0,429,42,0.0,0.0,0,3679,123,3090,110,0.0,0.0,0.0,0.0,0.0,0.0,0.0,0.0,0.0,0.0,0.0,391,41,0.0,386,22,0.0,328,19,0.0,397,41,,,,4,,Harvey,Davies,Davies,,,0,0,0,0,0,0,0,0,0,0,0,0,0,,,,0.0,0.0,0.0,0.0,0.0,0,0,0
356,a,,,6.5,33,2,0,0,0,0,16.9,23,7,17,8,4.2,79,34,0,70,4.2,59,26,0.6,2.6,0,228301,6262,490260,9625,4.2,4.2,0.25,0.07,0.32,5.33,0.06,0.02,0.08,1.33,73.4,45,18,7.7,229,78,26.0,108,31,10.7,115,42,,,,4,,Virgil,van Dijk,Virgil,,,360,0,0,2,4,0,0,0,1,0,0,4,35,,,,0.0,0.5,1.0,1.0,8.75,5,30,16
357,a,,,5.4,195,25,0,0,-1,1,2.1,122,49,2,1,0.7,390,139,0,24,0.5,334,122,0.1,0.4,0,54802,459,198727,8147,0.5,0.5,0.01,0.23,0.24,3.91,0.01,0.12,0.13,1.98,26.4,199,85,51.6,59,13,14.0,161,54,9.2,143,55,,,,4,,Jeremie,Frimpong,Frimpong,,,178,0,0,0,4,0,0,0,1,0,0,2,12,,,,0.0,0.0,2.02,1.01,6.07,4,8,7
358,a,,,5.4,224,30,0,0,-1,1,2.6,113,45,7,1,1.8,238,87,0,41,1.8,201,77,0.3,1.3,0,42395,413,141969,8069,1.8,1.8,0.02,0.07,0.09,4.86,0.01,0.02,0.03,1.48,55.8,96,44,37.9,100,28,12.0,178,61,10.6,118,44,,,,4,,Milos,Kerkez,Kerkez,,,295,0,0,1,4,0,0,0,2,0,0,3,23,,,,0.0,0.31,1.22,0.92,7.02,7,16,8
359,i,0.0,0.0,5.0,252,38,0,0,0,0,0.0,591,201,0,0,0.0,570,204,0,0,0.0,570,204,0.0,0.0,0,229,6,972,27,0.0,0.0,0.0,0.0,0.0,0.0,0.0,0.0,0.0,0.0,0.0,549,202,0.0,550,202,0.0,523,198,0.0,555,201,,,,4,,Joe,Gomez,Gomez,Muscular injury - Unknown return date,,0,0,0,0,0,0,0,0,0,0,0,0,0,,,,0.0,0.0,0.0,0.0,0.0,0,0,0
360,i,0.0,0.0,5.0,310,57,0,0,0,0,0.0,604,205,0,0,0.0,592,210,0,0,0.0,592,210,0.0,0.0,0,267,7,618,20,0.0,0.0,0.0,0.0,0.0,0.0,0.0,0.0,0.0,0.0,0.0,572,208,0.0,578,208,0.0,557,206,0.0,579,208,,,,4,,Conor,Bradley,Bradley,Knee injury - Unknown return date,,0,0,0,0,0,0,0,0,0,0,0,0,0,,,,0.0,0.0,0.0,0.0,0.0,0,0,0
361,a,,,4.0,633,192,0,0,0,0,0.1,395,147,0,0,0.0,438,159,0,0,0.0,438,159,0.0,0.0,0,2988,128,4226,184,0.0,0.0,0.0,0.0,0.0,0.0,0.0,0.0,0.0,0.0,0.0,400,149,0.0,395,149,0.0,337,131,0.0,406,147,,,,4,,Wellity,Lucky,Lucky,,,0,0,0,0,0,0,0,0,0,0,0,0,0,,,,0.0,0.0,0.0,0.0,0.0,0,0,0
362,a,100.0,100.0,5.0,340,61,0,0,0,0,2.9,104,40,18,9,4.5,67,28,3,86,4.5,48,20,0.9,3.6,0,143287,15159,92779,1757,4.5,4.5,0.0,0.12,0.12,4.72,0.0,0.03,0.03,1.31,66.0,63,30,39.5,92,24,4.0,245,91,10.9,109,37,,,,4,,Jeremy,Jacquet,Jacquet,,,325,0,0,2,4,0,0,0,1,0,0,4,28,,,,0.0,0.55,1.11,1.11,7.75,8,20,15
363,i,0.0,0.0,4.0,655,213,0,0,0,0,0.0,528,184,0,0,0.0,456,176,0,0,0.0,456,176,0.0,0.0,0,696,21,1661,67,0.0,0.0,0.0,0.0,0.0,0.0,0.0,0.0,0.0,0.0,0.0,418,166,0.0,413,166,0.0,358,151,0.0,424,164,,,,4,,Giovanni,Leoni,Leoni,Knee injury - Unknown return date,,0,0,0,0,0,0,0,0,0,0,0,0,0,,,,0.0,0.0,0.0,0.0,0.0,0,0,0
364,a,,,4.9,370,66,0,0,-1,1,0.1,461,164,2,1,1.0,308,120,0,6,0.5,318,116,0.1,0.4,0,1264,76,3454,89,0.5,0.5,0.04,0.02,0.06,0.47,0.06,0.03,0.09,0.66,3.6,320,123,1.3,297,110,9.0,198,68,1.4,310,115,,,,4,,Kostas,Tsimikas,Tsimikas,,,64,0,0,0,0,0,0,0,0,0,0,1,3,,,,0.0,0.0,0.0,1.41,4.22,1,2,3
365,u,0.0,0.0,4.0,627,188,0,0,0,0,0.1,418,152,0,0,0.0,433,156,0,0,0.0,433,156,0.0,0.0,0,638,0,11224,190,0.0,0.0,0.0,0.0,0.0,0.0,0.0,0.0,0.0,0.0,0.0,395,146,0.0,390,146,0.0,332,128,0.0,401,144,,,,4,,Calvin,Ramsay,Ramsay,Has joined St Mirren on loan for the rest of the season,,0,0,0,0,0,0,0,0,0,0,0,0,0,,,,0.0,0.0,0.0,0.0,0.0,0,0,0
366,a,,,7.4,20,13,0,0,-1,1,7.5,56,19,12,3,3.0,150,61,0,67,3.0,115,49,0.4,1.6,0,125281,750,573002,29191,3.0,3.0,0.78,0.35,1.13,4.16,0.21,0.09,0.3,1.13,44.2,135,51,76.2,29,25,73.0,24,13,19.4,30,23,3.0,2.0,4.0,4,,Florian,Wirtz,Wirtz,,,332,0,1,2,4,0,0,0,1,0,0,4,28,,,,0.0,0.54,1.08,1.08,7.59,5,2,21
367,a,100.0,75.0,7.2,24,15,0,0,2,-2,12.2,33,13,29,1,7.2,14,7,5,100,7.2,7,4,1.0,4.0,0,1130189,19453,505310,33846,7.2,5.4,0.44,1.22,1.66,4.72,0.14,0.39,0.53,1.52,116.8,5,4,104.5,10,10,56.0,51,33,27.7,9,7,2.0,,3.0,4,,Cody,Gakpo,Gakpo,,,280,1,3,1,4,0,0,0,0,0,0,3,27,,,,0.0,0.32,1.29,0.96,8.68,6,7,14
368,a,,,7.0,27,18,0,0,0,0,37.9,6,2,18,3,4.5,69,31,1,98,4.5,53,24,0.6,2.6,0,808895,8231,1049212,78575,4.5,4.5,1.29,0.8,2.09,5.33,0.32,0.2,0.52,1.33,91.2,27,13,117.7,4,4,46.0,64,38,25.5,14,11,1.0,1.0,1.0,4,,Dominik,Szoboszlai,Szoboszlai,,,360,1,0,2,4,0,0,0,0,0,0,4,35,,,,0.0,0.5,1.0,1.0,8.75,4,11,20
369,a,,,5.8,117,76,0,0,-2,2,0.6,244,81,4,1,1.3,270,122,0,13,1.0,263,120,0.2,0.7,0,12337,295,75533,1834,1.0,1.0,0.15,0.05,0.2,0.68,0.14,0.05,0.19,0.62,4.4,310,138,7.3,231,121,7.0,220,111,1.8,300,134,,,,4,,Rio,Ngumoha,Ngumoha,,,99,0,0,0,2,0,0,0,0,0,0,1,4,,,,0.0,0.0,1.82,0.91,3.64,1,1,2
370,i,0.0,0.0,5.4,196,124,0,0,-1,1,0.1,494,195,0,0,0.0,620,265,0,0,0.0,620,265,0.0,0.0,0,653,4,9315,139,0.0,0.0,0.0,0.0,0.0,0.0,0.0,0.0,0.0,0.0,0.0,601,255,0.0,608,261,0.0,593,251,0.0,608,258,,,,4,,Federico,Chiesa,Chiesa,Back injury - Unknown return date,,0,0,0,0,0,0,0,0,0,0,0,0,0,,,,0.0,0.0,0.0,0.0,0.0,0,0,0
371,a,,,5.9,91,59,0,0,-1,1,1.3,163,51,8,1,2.0,222,97,0,48,2.0,176,80,0.3,1.4,0,31490,556,102399,3974,2.0,2.0,0.1,0.07,0.17,1.88,0.05,0.03,0.08,0.93,31.0,187,71,29.8,128,78,4.0,249,119,6.5,199,90,,,,4,,Ryan,Gravenberch,Gravenberch,,,181,0,1,0,2,0,0,0,0,0,0,2,24,,,,0.0,0.0,0.99,0.99,11.93,4,10,10
372,a,,,5.4,201,128,0,0,-1,1,1.4,159,49,6,1,1.5,259,115,0,40,1.5,218,99,0.3,1.1,0,31407,1222,73894,3515,1.5,1.5,0.1,0.44,0.54,4.06,0.04,0.18,0.22,1.69,35.0,167,64,21.9,160,93,18.0,128,65,7.4,173,79,,,5.0,4,,Alexis,Mac Allister,Mac Allister,,,216,0,0,1,2,0,0,0,1,0,0,2,28,,,,0.0,0.42,0.83,0.83,11.67,9,7,12
373,u,0.0,0.0,5.5,137,82,0,0,0,0,0.0,557,231,0,0,0.0,631,271,0,0,0.0,631,271,0.0,0.0,0,34,0,2460,30,0.0,0.0,0.0,0.0,0.0,0.0,0.0,0.0,0.0,0.0,0.0,619,266,0.0,625,268,0.0,615,261,0.0,625,268,,,,4,,Curtis,Jones,C.Jones,Has joined Internazionale permanently,,0,0,0,0,0,0,0,0,0,0,0,0,0,,,,0.0,0.0,0.0,0.0,0.0,0,0,0
374,a,100.0,100.0,4.9,361,215,0,0,-1,1,0.1,472,187,0,0,0.0,545,218,0,0,0.0,545,218,0.0,0.0,0,1869,55,3674,144,0.0,0.0,0.0,0.0,0.0,0.0,0.0,0.0,0.0,0.0,0.0,515,201,0.0,515,209,0.0,474,178,0.0,521,205,,,,4,,Endo,Wataru,Endo,,,0,0,0,0,0,0,0,0,0,0,0,0,0,,,,0.0,0.0,0.0,0.0,0.0,0,0,0
375,a,,,4.9,413,252,0,0,-1,1,0.0,511,205,2,0,1.0,321,139,0,6,0.5,323,147,0.1,0.4,0,1091,22,2295,88,0.5,0.5,0.0,0.0,0.0,0.22,0.0,0.0,0.0,1.04,6.6,290,125,2.3,273,141,0.0,506,202,0.9,324,147,,,,4,,Trey,Nyoni,Nyoni,,,19,0,0,0,0,0,0,0,0,0,0,0,5,,,,0.0,0.0,0.0,0.0,23.68,2,1,2
376,u,0.0,0.0,5.0,329,195,0,0,0,0,0.0,652,289,0,0,0.0,601,253,0,0,0.0,601,253,0.0,0.0,0,19,0,97,2,0.0,0.0,0.0,0.0,0.0,0.0,0.0,0.0,0.0,0.0,0.0,581,243,0.0,588,249,0.0,568,234,0.0,588,246,,,,4,,Stefan,Bajčetić Maquieira,Bajcetic,Has joined Celta Vigo permanently,,0,0,0,0,0,0,0,0,0,0,0,0,0,,,,0.0,0.0,0.0,0.0,0.0,0,0,0
377,a,,,6.5,43,29,0,0,0,0,1.2,172,55,14,1,3.5,109,44,0,53,3.5,86,35,0.5,2.2,0,111302,941,65838,6107,3.5,3.5,0.52,0.25,0.77,4.49,0.2,0.09,0.29,1.69,47.0,126,46,30.0,126,76,49.0,62,37,12.6,82,50,,,,4,,Victor,Munoz,Munoz,,,239,1,1,1,2,0,0,0,1,0,0,3,13,,,,0.0,0.38,0.75,1.13,4.9,2,4,7
378,a,,,4.5,503,269,0,0,0,0,0.2,326,116,0,0,0.0,492,195,0,0,0.0,492,195,0.0,0.0,0,3240,83,9132,295,0.0,0.0,0.0,0.0,0.0,0.0,0.0,0.0,0.0,0.0,0.0,458,177,0.0,458,185,0.0,415,154,0.0,464,181,,,,4,,James,McConnell,McConnell,,,0,0,0,0,0,0,0,0,0,0,0,0,0,,,,0.0,0.0,0.0,0.0,0.0,0,0,0
379,a,,,9.1,5,2,0,0,1,-1,22.6,12,3,25,2,6.2,32,3,5,102,6.2,23,2,0.7,2.7,0,1007270,20007,449084,32047,6.2,6.2,2.79,0.06,2.85,5.16,0.75,0.02,0.77,1.39,112.4,7,2,31.3,121,12,148.0,2,2,29.1,6,2,,,2.0,4,,Alexander,Isak,Isak,,,333,3,0,2,4,0,0,0,0,0,0,4,6,,,,0.0,0.54,1.08,1.08,1.62,1,2,3
380,i,0.0,0.0,7.4,21,7,0,0,-1,1,0.1,406,59,0,0,0.0,654,77,0,0,0.0,654,77,0.0,0.0,0,1945,66,9502,222,0.0,0.0,0.0,0.0,0.0,0.0,0.0,0.0,0.0,0.0,0.0,655,77,0.0,655,77,0.0,655,77,0.0,655,77,,,,4,,Hugo,Ekitiké,Ekitiké,Achilles injury - Unknown return date,,0,0,0,0,0,0,0,0,0,0,0,0,0,,,,0.0,0.0,0.0,0.0,0.0,0,0,0
381,a,,,5.0,323,191,0,0,0,0,0.0,552,228,2,0,1.0,332,146,0,7,0.5,327,149,0.1,0.4,0,490,18,955,49,0.5,0.5,0.03,0.0,0.03,0.58,0.21,0.0,0.21,4.02,1.2,349,161,0.5,329,162,7.0,215,108,0.9,325,148,,,,4,,Lewis,Koumas,Koumas,,,13,0,0,0,0,0,0,0,0,0,0,0,1,,,,0.0,0.0,0.0,0.0,6.92,0,0,1
382,a,100.0,100.0,4.5,506,67,0,0,0,0,0.1,375,56,0,0,0.0,495,50,0,0,0.0,495,50,0.0,0.0,0,11048,808,4230,292,0.0,0.0,0.0,0.0,0.0,0.0,0.0,0.0,0.0,0.0,0.0,461,41,0.0,461,47,0.0,418,43,0.0,467,45,,,,4,,Jayden,Danns,Danns,,,0,0,0,0,0,0,0,0,0,0,0,0,0,,,,0.0,0.0,0.0,0.0,0.0,0,0,0
383,u,0.0,0.0,5.4,209,134,0,0,-1,1,0.0,513,206,0,0,0.0,621,266,0,0,0.0,621,266,0.0,0.0,0,907,0,5467,123,0.0,0.0,0.0,0.0,0.0,0.0,0.0,0.0,0.0,0.0,0.0,602,256,0.0,609,262,0.0,595,253,0.0,609,259,,,,4,,Harvey,Elliott,Elliott,Has joined Valencia on loan for the rest of the season,,0,0,0,0,0,0,0,0,0,0,0,0,0,,,,0.0,0.0,0.0,0.0,0.0,0,0,0
579,a,,,5.4,210,28,0,0,-1,1,2.7,106,41,15,6,3.8,92,39,0,53,3.8,74,32,0.7,2.8,0,103418,8275,133932,1731,3.8,3.8,0.0,0.05,0.05,1.96,0.0,0.02,0.02,0.91,39.0,151,69,5.9,235,80,2.0,279,107,4.6,236,90,,,,4,,Ronald,Araujo,Araujo,,,194,0,0,2,0,0,0,0,1,0,0,2,19,,,,0.0,0.93,0.0,0.93,8.81,3,16,9
627,a,,,8.0,8,5,0,0,0,0,2.0,126,40,4,3,2.0,230,102,0,14,2.0,181,85,0.2,0.5,0,256981,4389,73111,7632,2.0,2.0,0.21,0.1,0.31,0.77,0.19,0.09,0.28,0.71,3.0,333,150,10.5,222,118,2.0,290,141,1.6,306,136,,,,4,,Bradley,Barcola,Barcola,,,97,0,0,1,0,0,0,0,0,0,0,1,5,,,,0.0,0.93,0.0,0.93,4.64,3,0,2
155,a,,,6.9,30,19,0,0,-1,1,3.2,96,32,4,0,2.0,227,100,0,23,1.0,269,122,0.1,0.6,0,89146,4030,277750,3767,1.0,1.0,0.13,0.14,0.27,1.28,0.12,0.13,0.25,1.15,13.6,249,102,30.9,124,75,18.0,131,67,6.2,206,94,,,,4,,Enzo,Fernández,Enzo,,,100,0,0,1,0,0,0,0,0,0,0,1,6,,,,0.0,0.9,0.0,0.9,5.4,1,1,4
237,a,,,5.9,90,58,0,0,-1,1,8.6,48,17,16,0,5.3,48,23,1,64,4.0,67,28,0.7,2.7,0,250742,3361,899637,22774,4.0,4.0,0.28,0.43,0.71,5.47,0.09,0.15,0.24,1.85,60.4,76,24,72.2,32,27,68.0,32,18,20.1,26,19,,,,4,,Iliman,Ndiaye,Ndiaye,,,266,0,1,2,1,0,0,0,0,0,0,3,30,,,,0.0,0.68,0.34,1.02,10.15,7,6,17
384,a,,,5.5,135,4,0,0,0,0,7.6,55,8,10,0,3.3,114,11,0,46,2.5,134,13,0.5,1.8,0,141622,4240,249781,6288,2.5,2.5,0.0,0.0,0.0,2.68,0.0,0.0,0.0,0.89,60.4,75,11,0.0,624,70,0.0,614,70,6.1,210,12,,,,4,,Gianluigi,Donnarumma,Donnarumma,,,270,0,0,1,2,1,0,0,0,0,7,3,0,,,,2.33,0.33,0.67,1.0,0.0,0,2,14
386,a,,,4.5,438,30,0,0,0,0,0.0,549,62,0,0,0.0,468,53,0,0,0.0,468,53,0.0,0.0,0,447,12,881,31,0.0,0.0,0.0,0.0,0.0,0.0,0.0,0.0,0.0,0.0,0.0,432,53,0.0,429,36,0.0,378,33,0.0,438,53,,,,4,,Marcus,Bettinelli,Bettinelli,,,0,0,0,0,0,0,0,0,0,0,0,0,0,,,,0.0,0.0,0.0,0.0,0.0,0,0,0
387,a,100.0,100.0,6.4,45,4,0,0,-1,1,13.2,29,10,4,0,2.0,225,84,0,16,1.0,267,96,0.2,0.6,0,177152,2626,961699,16249,1.0,1.0,0.09,0.43,0.52,1.21,0.05,0.26,0.31,0.73,12.4,255,105,38.2,98,26,16.0,145,45,6.6,195,75,,,,4,,Nico,O'Reilly,O'Reilly,,,150,0,0,0,2,0,0,0,0,0,0,2,3,,,,0.0,0.0,1.2,1.2,1.8,2,1,7
388,a,,,6.0,66,6,0,0,0,0,18.5,19,5,20,0,6.7,23,7,4,74,5.0,37,15,0.8,3.3,0,405396,9525,347757,8493,5.0,5.0,0.89,0.38,1.27,2.68,0.3,0.13,0.43,0.89,96.6,17,2,42.9,81,19,30.0,97,23,16.9,41,6,,,,4,,Marc,Guéhi,Guéhi,,,270,1,0,1,2,0,0,0,0,0,0,3,18,,,,0.0,0.33,0.67,1.0,6.0,3,15,14
389,a,100.0,100.0,5.9,96,9,0,0,-1,1,0.9,191,73,1,0,1.0,369,131,0,4,0.2,395,141,0.0,0.2,0,6218,307,67682,763,0.2,0.2,0.0,0.04,0.04,0.1,0.0,0.11,0.11,0.27,3.8,319,122,1.5,293,106,4.0,250,93,0.9,328,120,,,4.0,4,,Matheus,Nunes,Matheus N.,,,33,0,0,0,0,0,0,0,0,0,0,0,1,,,,0.0,0.0,0.0,0.0,2.73,0,1,2
390,a,,,5.5,128,13,0,0,0,0,1.8,136,56,10,0,3.3,113,47,0,55,2.5,133,50,0.5,1.8,0,43169,1863,55364,1310,2.5,2.5,0.09,0.74,0.83,2.68,0.03,0.25,0.28,0.89,72.0,52,21,46.8,68,15,37.0,83,17,15.5,55,11,,,,4,,Rúben,dos Santos Gato Alves Dias,Rúben,,,270,0,0,1,2,0,0,0,0,0,0,3,15,,,,0.0,0.33,0.67,1.0,5.0,1,14,14
391,a,,,5.6,120,12,0,0,1,-1,20.6,16,4,22,0,7.3,10,3,3,77,5.5,32,12,1.0,3.9,0,1123023,30531,325828,6701,5.5,5.5,0.2,0.11,0.31,2.68,0.07,0.04,0.11,0.95,94.0,23,6,51.0,60,14,26.0,107,30,17.1,39,5,,,,4,,Joško,Gvardiol,Gvardiol,,,254,1,1,1,2,0,0,0,0,0,0,3,17,,,,0.0,0.35,0.71,1.06,6.02,7,10,12
392,a,,,5.3,233,33,0,0,-2,2,0.5,261,96,0,0,0.0,613,212,0,0,0.0,613,212,0.0,0.0,0,6267,276,53908,729,0.0,0.0,0.0,0.0,0.0,0.0,0.0,0.0,0.0,0.0,0.0,594,210,0.0,601,210,0.0,583,208,0.0,601,210,,,,4,,Rayan,Aït-Nouri,Aït-Nouri,,,0,0,0,0,0,0,0,0,0,0,0,0,0,,,,0.0,0.0,0.0,0.0,0.0,0,0,0
393,a,,,5.5,179,24,0,0,0,0,1.6,147,60,9,0,3.0,144,57,0,53,2.2,156,57,0.4,1.6,0,22811,818,54182,1192,2.2,2.2,0.0,0.06,0.06,2.68,0.0,0.02,0.02,0.9,51.6,111,52,12.6,209,72,4.0,247,92,6.8,191,73,,,,4,,Abdukodir,Khusanov,Khusanov,,,268,0,0,1,2,0,0,0,1,0,0,3,17,,,,0.0,0.34,0.67,1.01,5.71,8,9,13
394,u,0.0,0.0,5.0,312,58,0,0,0,0,0.0,633,212,0,0,0.0,594,211,0,0,0.0,594,211,0.0,0.0,0,0,0,561,2,0.0,0.0,0.0,0.0,0.0,0.0,0.0,0.0,0.0,0.0,0.0,574,209,0.0,580,209,0.0,559,207,0.0,581,209,,,,4,,Max,Alleyne,Alleyne,Has joined Burnley on loan for the rest of the season,,0,0,0,0,0,0,0,0,0,0,0,0,0,,,,0.0,0.0,0.0,0.0,0.0,0,0,0
395,a,,,4.4,572,155,0,0,-1,1,0.2,331,124,1,0,1.0,289,109,0,-1,0.2,357,130,0.0,0.2,0,7005,196,12667,332,0.2,0.2,0.17,0.02,0.19,0.55,0.27,0.03,0.3,0.88,3.8,318,121,3.8,248,85,39.0,72,12,4.7,234,89,,,,4,,Rico,Lewis,Lewis,,,56,0,0,0,1,0,0,0,0,0,0,1,2,,,,0.0,0.0,1.61,1.61,3.21,0,2,0
396,a,,,4.5,548,142,0,0,0,0,0.0,535,186,1,0,1.0,302,118,0,3,0.2,364,135,0.0,0.2,0,351,27,812,27,0.2,0.2,0.0,0.0,0.0,0.0,0.0,0.0,0.0,0.0,1.2,348,128,0.9,308,116,0.0,454,186,0.2,356,128,,,,4,,Vitor,de Oliveira Nunes dos Reis,Vitor Reis,,,1,0,0,0,0,0,0,0,0,0,0,0,0,,,,0.0,0.0,0.0,0.0,0.0,0,0,0
397,a,,,8.4,6,4,0,0,-1,1,16.0,25,9,13,0,4.3,74,33,0,75,3.2,99,42,0.4,1.5,0,156599,3107,986343,20480,3.2,3.2,0.17,0.93,1.1,2.68,0.06,0.31,0.37,0.89,57.6,89,30,97.8,14,14,82.0,17,9,23.8,19,15,,,2.0,4,,Antoine,Semenyo,Semenyo,,,270,0,2,1,2,0,0,0,0,0,0,3,12,,,,0.0,0.33,0.67,1.0,4.0,3,0,9
398,a,,,7.0,26,17,0,0,0,0,3.9,85,30,11,0,3.7,98,40,1,56,2.8,127,57,0.4,1.6,0,302500,1310,339241,8154,2.8,2.8,1.61,0.86,2.47,1.81,0.74,0.4,1.14,0.84,57.6,88,29,110.2,7,7,39.0,77,46,20.7,24,18,2.0,2.0,,4,,Phil,Foden,Foden,,,195,0,2,0,2,0,0,0,1,0,0,2,14,,,,0.0,0.0,0.92,0.92,6.46,4,2,8
399,a,,,7.8,14,9,0,0,3,-3,29.3,8,4,25,0,8.3,3,3,4,111,6.2,22,13,0.8,3.2,0,2405418,21261,599212,21505,6.2,6.2,0.56,1.35,1.91,1.62,0.29,0.7,0.99,0.84,121.4,3,2,148.8,2,2,77.0,20,12,34.8,2,2,1.0,1.0,,4,,Rayan,Cherki,Cherki,,,173,2,2,1,1,0,0,0,1,0,0,2,6,,,,0.0,0.52,0.52,1.04,3.12,0,0,6
400,i,0.0,0.0,7.4,19,12,0,0,-1,1,0.7,217,68,0,0,0.0,653,291,0,0,0.0,653,291,0.0,0.0,0,1232,36,120348,1233,0.0,0.0,0.0,0.0,0.0,0.0,0.0,0.0,0.0,0.0,0.0,654,292,0.0,654,292,0.0,654,292,0.0,654,292,,,3.0,4,,Jérémy,Doku,Doku,Calf injury - Expected back 20 Sep,,0,0,0,0,0,0,0,0,0,0,0,0,0,,,,0.0,0.0,0.0,0.0,0.0,0,0,0
402,u,0.0,0.0,6.5,36,24,0,0,0,0,0.0,598,251,0,0,0.0,651,289,0,0,0.0,651,289,0.0,0.0,0,0,0,1164,12,0.0,0.0,0.0,0.0,0.0,0.0,0.0,0.0,0.0,0.0,0.0,650,290,0.0,651,290,0.0,650,290,0.0,650,290,,,,4,,Rodrigo 'Rodri',Hernandez Cascante,Rodrigo,Has joined Barcelona permanently,,0,0,0,0,0,0,0,0,0,0,0,0,0,,,,0.0,0.0,0.0,0.0,0.0,0,0,0
404,u,0.0,0.0,6.0,70,48,0,0,0,0,0.0,518,208,0,0,0.0,647,285,0,0,0.0,647,285,0.0,0.0,0,0,0,7910,49,0.0,0.0,0.0,0.0,0.0,0.0,0.0,0.0,0.0,0.0,0.0,642,285,0.0,645,285,0.0,643,284,0.0,644,285,,,,4,,Tijjani,Reijnders,Reijnders,Has joined Al Qadsiah permanently,,0,0,0,0,0,0,0,0,0,0,0,0,0,,,,0.0,0.0,0.0,0.0,0.0,0,0,0
406,a,,,5.4,183,114,0,0,-1,1,0.1,450,175,2,0,1.0,343,154,0,12,0.5,333,152,0.1,0.4,0,1932,31,5002,145,0.5,0.5,0.0,0.02,0.02,0.1,0.0,0.04,0.04,0.21,4.2,314,141,5.2,238,126,0.0,587,246,0.9,326,149,,,,4,,Mateo,Kovačić,Kovačić,,,42,0,0,0,0,0,0,0,0,0,0,0,2,,,,0.0,0.0,0.0,0.0,4.29,0,0,2
407,u,0.0,0.0,4.9,410,249,0,0,-1,1,0.0,603,255,0,0,0.0,563,233,0,0,0.0,563,233,0.0,0.0,0,250,0,1185,32,0.0,0.0,0.0,0.0,0.0,0.0,0.0,0.0,0.0,0.0,0.0,540,221,0.0,540,227,0.0,504,200,0.0,547,225,,,,4,,Claudio,Echeverri,Echeverri,Has joined Benfica on loan for the rest of the season,,0,0,0,0,0,0,0,0,0,0,0,0,0,,,,0.0,0.0,0.0,0.0,0.0,0,0,0
408,u,0.0,0.0,5.0,249,154,0,0,0,0,0.0,632,273,0,0,0.0,569,237,0,0,0.0,569,237,0.0,0.0,0,0,0,525,5,0.0,0.0,0.0,0.0,0.0,0.0,0.0,0.0,0.0,0.0,0.0,548,226,0.0,549,232,0.0,520,210,0.0,554,229,,,,4,,Kalvin,Phillips,Phillips,Has joined Sheffield United on loan for the rest of the season,,0,0,0,0,0,0,0,0,0,0,0,0,0,,,,0.0,0.0,0.0,0.0,0.0,0,0,0
409,u,0.0,0.0,4.5,536,278,0,0,0,0,0.1,415,157,0,0,0.0,519,203,0,0,0.0,519,203,0.0,0.0,0,1621,0,10174,305,0.0,0.0,0.0,0.0,0.0,0.0,0.0,0.0,0.0,0.0,0.0,486,185,0.0,485,193,0.0,443,162,0.0,492,189,,,,4,,Divine,Mukasa,Mukasa,has joined West Ham on loan for the rest of the seaon.,,0,0,0,0,0,0,0,0,0,0,0,0,0,,,,0.0,0.0,0.0,0.0,0.0,0,0,0
410,u,0.0,0.0,4.9,417,255,0,0,-1,1,0.0,605,256,0,0,0.0,565,234,0,0,0.0,565,234,0.0,0.0,0,219,0,1119,21,0.0,0.0,0.0,0.0,0.0,0.0,0.0,0.0,0.0,0.0,0.0,542,222,0.0,543,229,0.0,510,205,0.0,549,226,,,,4,,Jeremy,Monga,Monga,Has joined Swansea City on loan for the rest of the season,,0,0,0,0,0,0,0,0,0,0,0,0,0,,,,0.0,0.0,0.0,0.0,0.0,0,0,0
411,a,,,15.5,1,1,0,0,0,0,71.7,2,2,24,0,8.0,6,2,6,106,6.0,27,4,0.4,1.5,0,664774,16409,282574,5337,6.0,6.0,2.46,0.5,2.96,2.68,0.82,0.17,0.99,0.89,121.6,2,1,18.9,175,21,164.0,1,1,30.4,4,1,,,1.0,4,,Erling,Haaland,Haaland,,,270,3,0,1,2,0,0,0,0,0,0,3,15,,,,0.0,0.33,0.67,1.0,5.0,0,8,7
481,a,100.0,100.0,6.3,50,35,0,0,-2,2,4.2,80,27,8,0,2.7,163,68,0,62,2.0,178,82,0.3,1.3,0,69065,1320,385452,6123,2.0,2.0,0.09,0.64,0.73,2.58,0.03,0.25,0.28,1.0,58.8,82,26,69.1,36,31,18.0,130,66,14.6,61,40,3.0,,,4,,Elliot,Anderson,Anderson,,,233,0,0,1,2,0,0,0,1,0,0,3,31,,,,0.0,0.39,0.77,1.16,11.97,8,9,14
587,a,,,5.0,243,7,0,0,0,0,0.0,563,65,0,0,0.0,567,69,0,0,0.0,567,69,0.0,0.0,0,399,29,852,32,0.0,0.0,0.0,0.0,0.0,0.0,0.0,0.0,0.0,0.0,0.0,544,69,0.0,546,59,0.0,515,59,0.0,551,69,,,,4,,Gerónimo,Rulli,Rulli,,,0,0,0,0,0,0,0,0,0,0,0,0,0,,,,0.0,0.0,0.0,0.0,0.0,0,0,0
616,a,,,5.5,181,113,0,0,0,0,0.2,347,125,2,0,1.0,363,168,0,8,0.7,305,144,0.1,0.4,0,18006,753,7968,399,0.7,0.7,0.0,0.12,0.12,0.37,0.0,0.49,0.49,1.51,13.0,251,104,4.8,241,129,0.0,627,273,1.8,299,133,,,,4,,Ayyoub,Bouaddi,Bouaddi,,,22,0,0,0,0,0,0,0,0,0,0,0,6,,,,0.0,0.0,0.0,0.0,24.55,0,3,3
621,a,,,4.5,549,285,0,0,0,0,0.1,401,149,2,0,1.0,303,127,0,8,0.7,304,143,0.2,0.4,0,10478,214,4410,259,0.7,0.7,0.1,0.0,0.1,0.02,0.82,0.0,0.82,0.16,5.2,303,133,0.5,328,161,3.0,253,121,0.8,331,151,,,,4,,Ryan,McAidoo,McAidoo,,,11,0,0,0,0,0,0,0,0,0,0,0,4,,,,0.0,0.0,0.0,0.0,32.73,2,0,2
622,a,,,4.0,641,200,0,0,0,0,0.2,352,132,1,0,1.0,281,101,0,3,0.3,350,123,0.1,0.2,0,14401,497,5289,363,0.3,0.3,0.0,0.0,0.0,0.0,0.0,0.0,0.0,0.0,0.6,353,129,0.8,310,117,0.0,344,138,0.1,362,129,,,,4,,Kaden,Braithwaite,Braithwaite,,,1,0,0,0,0,0,0,0,0,0,0,0,0,,,,0.0,0.0,0.0,0.0,0.0,0,0,1
628,a,,,6.0,80,52,0,0,0,0,0.0,619,264,0,0,0.0,648,286,0,0,0.0,648,286,0.0,0.0,0,643,34,305,26,0.0,0.0,0.0,0.0,0.0,0.0,0.0,0.0,0.0,0.0,0.0,646,286,0.0,647,286,0.0,645,285,0.0,646,286,,,,4,,Allan,Andrade Elias,Allan,,,0,0,0,0,0,0,0,0,0,0,0,0,0,,,,0.0,0.0,0.0,0.0,0.0,0,0,0
653,a,,,4.5,539,280,0,0,0,0,0.0,522,210,0,0,0.0,522,205,0,0,0.0,522,205,0.0,0.0,0,3038,140,922,114,0.0,0.0,0.0,0.0,0.0,0.0,0.0,0.0,0.0,0.0,0.0,489,187,0.0,488,195,0.0,446,164,0.0,495,191,,,,4,,Floyd,Samba,Samba,,,0,0,0,0,0,0,0,0,0,0,0,0,0,,,,0.0,0.0,0.0,0.0,0.0,0,0,0
43,a,100.0,100.0,5.9,85,55,0,0,-1,1,1.7,143,44,8,0,2.7,162,67,0,56,2.0,175,79,0.3,1.4,0,34672,1395,128351,2904,2.0,2.0,0.56,0.28,0.84,4.01,0.2,0.1,0.3,1.47,56.8,91,32,76.5,27,24,33.0,89,49,16.7,43,31,,,3.0,4,,Youri,Tielemans,Tielemans,,,246,0,0,0,6,0,0,0,0,0,0,3,25,,,,0.0,0.0,2.2,1.1,9.15,2,6,17
131,i,0.0,0.0,5.0,328,194,0,0,0,0,0.1,392,144,0,0,0.0,600,252,0,0,0.0,600,252,0.0,0.0,0,4914,111,12296,371,0.0,0.0,0.0,0.0,0.0,0.0,0.0,0.0,0.0,0.0,0.0,580,242,0.0,587,248,0.0,567,233,0.0,587,245,,,,4,,Carlos,Baleba,Baleba,Ankle injury - Expected back 19 Sep,,0,0,0,0,0,0,0,0,0,0,0,0,0,,,,0.0,0.0,0.0,0.0,0.0,0,0,0
162,a,,,4.9,402,242,0,0,-1,1,0.7,225,72,4,0,1.3,266,120,0,23,1.0,250,111,0.2,0.8,0,18687,358,58051,1893,1.0,1.0,0.0,0.24,0.24,2.03,0.0,0.26,0.26,2.23,24.8,201,80,5.5,236,125,8.0,203,102,3.9,244,105,,,,4,,Andrey,Nascimento dos Santos,Andrey Santos,,,82,0,0,0,4,0,0,0,0,0,0,1,18,,,,0.0,0.0,4.39,1.1,19.76,4,7,7
325,a,100.0,100.0,4.5,426,23,0,0,0,0,0.0,507,57,0,0,0.0,463,49,0,0,0.0,463,49,0.0,0.0,0,870,32,1117,53,0.0,0.0,0.0,0.0,0.0,0.0,0.0,0.0,0.0,0.0,0.0,426,48,0.0,421,29,0.0,368,26,0.0,432,48,,,,4,,Karl,Darlow,Darlow,,,0,0,0,0,0,0,0,0,0,0,0,0,0,,,,0.0,0.0,0.0,0.0,0.0,0,0,0
412,a,,,4.9,392,21,-1,1,-1,1,11.3,38,5,5,0,1.7,244,21,0,31,1.2,230,19,0.2,1.0,0,81119,2826,535930,17663,1.2,1.2,0.0,0.0,0.0,4.08,0.0,0.0,0.0,1.36,79.0,40,6,0.0,532,57,0.0,494,56,7.9,159,6,,,,4,,Senne,Lammens,Lammens,,,270,0,0,0,6,0,0,0,0,0,9,3,0,,,,3.0,0.0,2.0,1.0,0.0,0,4,28
413,u,0.0,0.0,4.5,487,38,0,0,0,0,0.0,592,69,0,0,0.0,487,60,0,0,0.0,487,60,0.0,0.0,0,0,0,1031,14,0.0,0.0,0.0,0.0,0.0,0.0,0.0,0.0,0.0,0.0,0.0,453,60,0.0,451,44,0.0,403,41,0.0,459,60,,,,4,,Altay,Bayındır,Bayindir,Has joined Celta Vigo on loan for the rest of the season,,0,0,0,0,0,0,0,0,0,0,0,0,0,,,,0.0,0.0,0.0,0.0,0.0,0,0,0
414,i,0.0,0.0,4.0,581,49,0,0,0,0,0.1,446,49,0,0,0.0,401,24,0,0,0.0,401,24,0.0,0.0,0,1586,41,2849,53,0.0,0.0,0.0,0.0,0.0,0.0,0.0,0.0,0.0,0.0,0.0,363,23,0.0,356,4,0.0,296,1,0.0,368,23,,,,4,,Tom,Heaton,Heaton,Hamstring injury - Unknown return date,,0,0,0,0,0,0,0,0,0,0,0,0,0,,,,0.0,0.0,0.0,0.0,0.0,0,0,0
415,a,,,5.8,115,74,0,0,-2,2,0.6,239,79,2,0,0.7,391,182,0,-4,0.5,340,157,0.1,0.3,0,10523,422,85818,1426,0.5,0.5,0.65,0.05,0.7,2.28,0.78,0.06,0.84,2.74,11.2,263,109,14.2,192,107,57.0,46,30,7.3,177,81,,,,4,,Patrick,Dorgu,Dorgu,,,75,0,0,0,5,0,0,0,1,0,0,1,6,,,,0.0,0.0,6.0,1.2,7.2,2,3,1
416,i,0.0,0.0,5.0,261,40,0,0,0,0,0.0,561,192,0,0,0.0,572,205,0,0,0.0,572,205,0.0,0.0,0,314,14,1269,44,0.0,0.0,0.0,0.0,0.0,0.0,0.0,0.0,0.0,0.0,0.0,551,203,0.0,554,203,0.0,528,199,0.0,557,202,,,,4,,Matthijs,de Ligt,De Ligt,Back injury - Unknown return date,,0,0,0,0,0,0,0,0,0,0,0,0,0,,,,0.0,0.0,0.0,0.0,0.0,0,0,0
417,a,,,4.9,372,67,0,0,-1,1,1.8,135,55,4,0,1.3,265,94,0,26,1.0,247,91,0.2,0.8,0,21687,604,110465,2146,1.0,1.0,0.16,0.13,0.29,1.98,0.09,0.07,0.16,1.07,28.8,190,84,76.2,28,4,39.0,73,13,14.5,62,15,,,,4,,Diogo,Dalot Teixeira,Dalot,,,166,0,0,0,2,0,0,0,1,0,0,2,11,,,,0.0,0.0,1.08,1.08,5.96,4,7,5
418,a,,,4.9,356,64,0,0,-1,1,10.6,39,14,7,0,2.3,179,71,0,29,1.8,193,75,0.4,1.4,0,122420,2400,786579,13344,1.8,1.8,0.07,0.42,0.49,4.08,0.02,0.14,0.16,1.36,59.4,79,39,31.4,120,35,27.0,104,27,11.8,92,25,,,,4,,Harry,Maguire,Maguire,,,270,0,1,0,6,0,0,0,1,0,0,3,21,,,,0.0,0.0,2.0,1.0,7.0,1,20,11
419,a,100.0,100.0,5.0,271,44,0,0,0,0,1.3,167,66,4,0,2.0,211,81,0,9,1.0,251,93,0.2,0.8,0,24433,2023,52096,936,1.0,1.0,0.03,0.06,0.09,3.07,0.02,0.03,0.05,1.54,33.8,173,76,2.1,278,99,3.0,256,94,3.9,245,93,,,,4,,Lisandro,Martínez,Martinez,,,180,0,0,0,4,0,0,0,0,0,0,2,10,,,,0.0,0.0,2.0,1.0,5.0,0,10,8
420,a,,,4.9,407,75,0,0,-1,1,0.5,250,93,2,0,1.0,317,124,0,-1,0.5,321,118,0.1,0.4,0,4333,168,29511,608,0.5,0.5,0.0,0.02,0.02,1.09,0.0,0.08,0.08,4.46,7.8,281,113,2.4,272,96,2.0,271,104,1.3,314,116,,,,4,,Leny,Yoro,Yoro,,,22,0,0,0,2,0,0,0,0,0,0,0,5,,,,0.0,0.0,8.18,0.0,20.45,2,3,1
421,a,,,4.4,577,158,0,0,-1,1,0.3,296,109,1,0,1.0,291,111,0,5,0.2,359,132,0.0,0.2,0,5305,148,19439,489,0.2,0.2,0.12,0.04,0.16,1.01,0.12,0.04,0.16,1.01,6.8,287,114,2.6,264,91,11.0,184,64,2.0,293,108,,,,4,,Ayden,Heaven,Heaven,,,90,0,0,0,2,0,0,0,0,0,0,1,2,,,,0.0,0.0,2.0,1.0,2.0,1,1,4
422,a,,,4.4,568,151,0,0,-1,1,0.6,243,90,3,0,1.0,286,106,0,6,0.8,272,99,0.2,0.7,0,11835,635,31045,874,0.8,0.8,0.22,0.06,0.28,2.08,0.2,0.06,0.26,1.93,21.0,216,92,31.2,122,36,11.0,183,63,6.4,201,77,,,,4,,Noussair,Mazraoui,Mazraoui,,,97,0,0,0,4,0,0,0,0,0,0,1,6,,,,0.0,0.0,3.71,0.93,5.57,2,4,3
423,d,75.0,75.0,4.4,561,145,0,0,-1,1,11.5,35,13,7,0,2.3,174,66,0,47,1.8,182,66,0.4,1.6,0,95892,635,904317,35298,1.4,1.4,0.02,0.51,0.53,3.01,0.01,0.18,0.19,1.08,86.0,33,10,85.6,20,3,13.0,164,55,18.4,34,4,3.0,,,4,,Luke,Shaw,Shaw,Unspecified injury - 75% chance of playing,,252,0,1,0,4,0,0,0,1,0,0,3,20,,,,0.0,0.0,1.43,1.07,7.14,6,14,6
424,a,,,4.0,647,206,0,0,0,0,0.2,339,127,0,0,0.0,449,170,0,0,0.0,449,170,0.0,0.0,0,4773,263,6559,242,0.0,0.0,0.0,0.0,0.0,0.0,0.0,0.0,0.0,0.0,0.0,411,160,0.0,406,160,0.0,350,144,0.0,417,158,,,,4,,Harry,Amass,Amass,,,0,0,0,0,0,0,0,0,0,0,0,0,0,,,,0.0,0.0,0.0,0.0,0.0,0,0,0
425,u,0.0,0.0,4.0,637,196,0,0,0,0,0.0,589,200,0,0,0.0,441,162,0,0,0.0,441,162,0.0,0.0,0,0,0,1184,23,0.0,0.0,0.0,0.0,0.0,0.0,0.0,0.0,0.0,0.0,0.0,403,152,0.0,398,152,0.0,340,134,0.0,409,150,,,,4,,Tyler,Fredricson,Fredricson,Has joined Lausanne-Sport permanently,,0,0,0,0,0,0,0,0,0,0,0,0,0,,,,0.0,0.0,0.0,0.0,0.0,0,0,0
426,a,,,12.0,2,1,0,0,0,0,42.8,4,1,27,0,9.0,2,2,3,116,6.8,14,9,0.6,2.2,0,555972,12600,1324930,22439,6.8,6.8,2.25,0.8,3.05,4.08,0.75,0.27,1.02,1.36,156.0,1,1,151.5,1,1,97.0,13,7,40.5,1,1,1.0,1.0,1.0,4,,Bruno,Borges Fernandes,B.Fernandes,,,270,3,1,0,6,0,0,0,0,0,0,3,16,,,,0.0,0.0,2.0,1.0,5.33,2,2,12
427,a,,,7.9,11,8,0,0,-1,1,23.6,11,6,21,0,7.0,19,9,3,78,5.2,36,16,0.7,2.7,0,345092,13589,1604161,19666,5.2,5.2,2.31,0.47,2.78,4.08,0.77,0.16,0.93,1.36,95.0,20,10,85.1,21,18,102.0,11,5,28.3,8,6,2.0,2.0,2.0,4,,Bryan,Mbeumo,Mbeumo,,,270,2,1,0,6,0,0,0,1,0,0,3,17,,,,0.0,0.0,2.0,1.0,5.67,3,4,10
428,a,,,7.9,10,7,0,0,-1,1,6.4,63,20,14,0,4.7,64,28,1,55,3.5,87,36,0.4,1.8,0,64270,2081,409918,8938,3.5,3.5,0.47,0.41,0.88,2.72,0.19,0.16,0.35,1.08,28.2,194,74,62.0,39,34,73.0,25,14,16.4,50,36,,,,4,,Matheus,Santos Carneiro da Cunha,Cunha,,,227,0,2,1,3,0,0,0,0,0,0,3,8,,,,0.0,0.4,1.19,1.19,3.17,2,0,6
429,a,,,7.0,25,16,0,0,0,0,1.6,146,45,6,0,2.0,228,101,0,37,1.5,224,105,0.2,0.9,0,64582,1943,90486,2310,1.5,1.5,0.26,0.21,0.47,1.8,0.12,0.1,0.22,0.84,31.4,186,70,95.4,16,15,70.0,27,16,19.6,28,21,,3.0,,4,,Marcus,Rashford,Rashford,,,193,0,0,1,1,0,0,0,0,0,0,2,11,,,,0.0,0.47,0.47,0.93,5.13,3,0,8
430,a,100.0,100.0,5.4,189,118,0,0,-1,1,0.0,551,227,0,0,0.0,618,263,0,0,0.0,618,263,0.0,0.0,0,422,55,1535,32,0.0,0.0,0.0,0.0,0.0,0.0,0.0,0.0,0.0,0.0,0.0,599,253,0.0,606,259,0.0,590,248,0.0,606,256,,4.0,,4,,Mason,Mount,Mount,,,0,0,0,0,0,0,0,0,0,0,0,0,0,,,,0.0,0.0,0.0,0.0,0.0,0,0,0
431,i,0.0,0.0,5.8,112,71,0,0,-2,2,0.4,284,95,0,0,0.0,639,279,0,0,0.0,639,279,0.0,0.0,0,1980,13,116821,979,0.0,0.0,0.0,0.0,0.0,0.0,0.0,0.0,0.0,0.0,0.0,630,277,0.0,634,277,0.0,631,276,0.0,634,277,4.0,,,4,,Amad,Diallo,Amad,Unspecified injury - Unknown return date,,0,0,0,0,0,0,0,0,0,0,0,0,0,,,,0.0,0.0,0.0,0.0,0.0,0,0,0
432,a,,,5.5,167,102,0,0,0,0,1.4,155,47,14,0,4.7,63,27,2,64,3.5,83,33,0.6,2.5,0,56897,3798,40223,1211,3.5,3.5,0.21,0.35,0.56,2.05,0.1,0.17,0.27,1.0,52.2,110,40,34.2,114,72,11.0,187,92,9.7,128,63,,,,4,,Kobbie,Mainoo,Mainoo,,,185,0,1,0,2,0,0,0,0,0,0,2,31,,,,0.0,0.0,0.97,0.97,15.08,5,5,21
433,i,0.0,0.0,5.0,277,168,0,0,0,0,0.0,635,275,0,0,0.0,578,241,0,0,0.0,578,241,0.0,0.0,0,85,4,209,5,0.0,0.0,0.0,0.0,0.0,0.0,0.0,0.0,0.0,0.0,0.0,557,230,0.0,560,236,0.0,536,218,0.0,564,233,,,,4,,Manuel,Ugarte Ribeiro,Ugarte,Knee injury - Unknown return date,,0,0,0,0,0,0,0,0,0,0,0,0,0,,,,0.0,0.0,0.0,0.0,0.0,0,0,0
434,a,,,4.9,405,245,0,0,-1,1,0.0,601,253,0,0,0.0,562,232,0,0,0.0,562,232,0.0,0.0,0,236,10,542,19,0.0,0.0,0.0,0.0,0.0,0.0,0.0,0.0,0.0,0.0,0.0,537,218,0.0,538,225,0.0,500,196,0.0,544,222,,,,4,,Jack,Fletcher,J.Fletcher,,,0,0,0,0,0,0,0,0,0,0,0,0,0,,,,0.0,0.0,0.0,0.0,0.0,0,0,0
435,a,,,4.9,411,250,0,0,-1,1,0.1,495,196,1,0,1.0,320,138,0,3,0.2,377,171,0.0,0.2,0,854,32,2496,94,0.2,0.2,0.0,0.0,0.0,0.0,0.0,0.0,0.0,0.0,0.2,358,167,0.6,322,159,0.0,505,201,0.1,363,169,,,,4,,Shea,Lacey,Lacey,,,10,0,0,0,0,0,0,0,0,0,0,0,1,,,,0.0,0.0,0.0,0.0,9.0,0,0,1
436,u,0.0,0.0,5.0,307,182,0,0,0,0,0.0,597,250,0,0,0.0,591,248,0,0,0.0,591,248,0.0,0.0,0,150,0,897,25,0.0,0.0,0.0,0.0,0.0,0.0,0.0,0.0,0.0,0.0,0.0,571,238,0.0,577,244,0.0,556,228,0.0,578,241,,,,4,,Toby,Collyer,Collyer,Has joined West Brom permanently,,0,0,0,0,0,0,0,0,0,0,0,0,0,,,,0.0,0.0,0.0,0.0,0.0,0,0,0
437,a,,,4.5,532,276,0,0,0,0,0.2,348,126,0,0,0.0,517,202,0,0,0.0,517,202,0.0,0.0,0,4147,107,7321,243,0.0,0.0,0.0,0.0,0.0,0.0,0.0,0.0,0.0,0.0,0.0,484,184,0.0,483,192,0.0,441,161,0.0,490,188,,,,4,,Bendito,Mantato,Bendito Mantato,,,0,0,0,0,0,0,0,0,0,0,0,0,0,,,,0.0,0.0,0.0,0.0,0.0,0,0,0
438,a,,,4.5,514,271,0,0,0,0,0.3,297,101,0,0,0.0,502,197,0,0,0.0,502,197,0.0,0.0,0,4648,116,11855,373,0.0,0.0,0.0,0.0,0.0,0.0,0.0,0.0,0.0,0.0,0.0,468,179,0.0,468,187,0.0,425,156,0.0,474,183,,,,4,,Tyler,Fletcher,Fletcher,,,0,0,0,0,0,0,0,0,0,0,0,0,0,,,,0.0,0.0,0.0,0.0,0.0,0,0,0
439,a,100.0,100.0,7.0,29,10,0,0,0,0,1.8,138,20,7,0,2.3,184,24,0,35,1.8,204,20,0.3,1.0,0,78033,5553,88390,2046,1.8,1.8,0.33,0.01,0.34,1.43,0.56,0.02,0.58,2.43,33.4,175,13,11.2,216,27,32.0,93,22,7.6,167,19,,,,4,,Benjamin,Sesko,Šeško,,,53,1,0,0,3,0,0,0,0,0,0,0,3,,,,0.0,0.0,5.09,0.0,5.09,0,0,3
440,a,,,5.4,211,45,0,0,-1,1,0.4,267,46,0,0,0.0,622,72,0,0,0.0,622,72,0.0,0.0,0,11754,480,35342,842,0.0,0.0,0.0,0.0,0.0,0.0,0.0,0.0,0.0,0.0,0.0,603,65,0.0,610,70,0.0,596,67,0.0,610,69,,,,4,,Joshua,Zirkzee,Zirkzee,,,0,0,0,0,0,0,0,0,0,0,0,0,0,,,,0.0,0.0,0.0,0.0,0.0,0,0,0
441,a,,,4.5,540,75,0,0,0,0,1.2,169,26,0,0,0.0,523,57,0,0,0.0,523,57,0.0,0.0,0,42420,1938,43279,1599,0.0,0.0,0.0,0.0,0.0,0.0,0.0,0.0,0.0,0.0,0.0,490,49,0.0,489,54,0.0,447,51,0.0,496,53,,,,4,,Chido,Obi,Obi,,,0,0,0,0,0,0,0,0,0,0,0,0,0,,,,0.0,0.0,0.0,0.0,0.0,0,0,0
405,a,,,5.5,156,93,0,0,0,0,0.3,311,109,4,0,2.0,217,94,0,20,1.0,261,118,0.2,0.7,0,16752,395,8683,349,1.0,1.0,0.0,0.21,0.21,2.07,0.0,0.13,0.13,1.28,13.4,250,103,41.9,83,58,2.0,285,137,5.8,212,97,,,,4,,Nico,González Iglesias,N.Gonzalez,,,146,0,0,1,2,0,0,0,1,0,0,2,11,,,,0.0,0.62,1.23,1.23,6.78,0,3,8
442,a,,,4.9,357,16,0,0,-1,1,1.0,182,28,0,0,0.0,542,65,0,0,0.0,542,65,0.0,0.0,0,10972,310,44429,941,0.0,0.0,0.0,0.0,0.0,0.0,0.0,0.0,0.0,0.0,0.0,511,65,0.0,511,52,0.0,470,51,0.0,517,65,,,,4,,Nick,Pope,Pope,,,0,0,0,0,0,0,0,0,0,0,0,0,0,,,,0.0,0.0,0.0,0.0,0.0,0,0,0
443,a,,,4.5,429,26,0,0,0,0,0.0,530,60,0,0,0.0,464,50,0,0,0.0,464,50,0.0,0.0,0,563,21,934,30,0.0,0.0,0.0,0.0,0.0,0.0,0.0,0.0,0.0,0.0,0.0,427,49,0.0,424,32,0.0,371,29,0.0,433,49,,,,4,,Mark,Gillespie,Gillespie,,,0,0,0,0,0,0,0,0,0,0,0,0,0,,,,0.0,0.0,0.0,0.0,0.0,0,0,0
444,d,50.0,50.0,4.5,523,46,0,0,0,0,0.0,560,64,0,0,0.0,510,64,0,0,0.0,510,64,0.0,0.0,0,405,2,1203,53,0.0,0.0,0.0,0.0,0.0,0.0,0.0,0.0,0.0,0.0,0.0,476,64,0.0,476,50,0.0,433,49,0.0,482,64,,,,4,,Ewen,Jaouen,Jaouen,Ankle injury - 50% chance of playing,,0,0,0,0,0,0,0,0,0,0,0,0,0,,,,0.0,0.0,0.0,0.0,0.0,0,0,0
445,a,,,5.0,293,51,0,0,0,0,2.2,121,48,8,0,2.7,158,60,0,25,2.0,166,62,0.4,1.6,0,143005,2673,90160,1997,2.0,2.0,0.0,0.07,0.07,5.47,0.0,0.02,0.02,1.82,52.2,109,51,14.0,195,64,2.0,273,105,6.8,189,72,,,,4,,Malick,Thiaw,Thiaw,,,270,0,0,1,4,1,0,0,0,0,0,3,21,,,,0.0,0.33,1.33,1.0,7.0,0,21,6
446,a,100.0,100.0,5.0,245,36,0,0,0,0,0.2,327,121,1,0,1.0,325,125,0,-1,0.2,380,139,0.0,0.2,0,5586,196,10698,264,0.2,0.2,0.0,0.0,0.0,0.79,0.0,0.0,0.0,71.1,0.0,546,201,0.0,547,201,0.0,517,196,0.0,552,200,,2.0,,4,,Fabian,Schär,Schär,,,1,0,0,0,1,0,0,0,0,0,0,0,0,,,,0.0,0.0,90.0,0.0,0.0,0,0,0
447,a,,,5.0,268,42,0,0,0,0,0.7,222,85,9,0,3.0,133,56,0,29,2.2,147,56,0.4,1.8,0,35177,868,19478,591,2.2,2.2,0.01,0.17,0.18,5.47,0.0,0.06,0.06,1.82,69.6,57,26,3.0,260,89,6.0,226,80,7.9,160,63,,,,4,,Sven,Botman,Botman,,,270,0,0,1,4,0,0,0,1,0,0,3,24,,,,0.0,0.33,1.33,1.0,8.0,2,22,9
448,i,0.0,0.0,4.9,355,63,0,0,-1,1,0.9,196,75,0,0,0.0,541,201,0,0,0.0,541,201,0.0,0.0,0,7059,24,144758,1923,0.0,0.0,0.0,0.0,0.0,0.0,0.0,0.0,0.0,0.0,0.0,510,196,0.0,510,196,0.0,469,190,0.0,516,194,,,,4,,Dan,Burn,Burn,Ankle injury - Expected back 14 Sep,,0,0,0,0,0,0,0,0,0,0,0,0,0,,,,0.0,0.0,0.0,0.0,0.0,0,0,0
449,a,,,5.2,238,35,0,0,2,-2,14.2,27,8,18,0,6.0,35,14,3,80,4.5,50,22,0.9,3.5,0,1229396,36287,220873,5745,4.5,4.5,0.04,0.67,0.71,5.45,0.01,0.22,0.23,1.82,89.0,28,8,55.9,47,7,7.0,216,74,15.1,58,13,1.0,1.0,,4,,Lewis,Hall,Hall,,,269,0,1,1,4,0,0,0,0,0,0,3,30,,,,0.0,0.33,1.34,1.0,10.04,8,22,27
450,a,100.0,100.0,4.9,385,69,0,0,-1,1,0.1,474,169,1,0,1.0,311,121,0,3,0.2,371,137,0.0,0.2,0,4147,448,3230,101,0.2,0.2,0.0,0.0,0.0,0.02,0.0,0.0,0.0,1.8,0.2,357,131,0.0,527,197,0.0,489,192,0.0,534,196,,,,4,,Tino,Livramento,Livramento,,,1,0,0,0,0,0,0,0,0,0,0,0,0,,,,0.0,0.0,0.0,0.0,0.0,0,0,0
451,u,0.0,0.0,4.0,636,195,0,0,0,0,0.1,476,170,0,0,0.0,440,161,0,0,0.0,440,161,0.0,0.0,0,0,0,6181,122,0.0,0.0,0.0,0.0,0.0,0.0,0.0,0.0,0.0,0.0,0.0,402,151,0.0,397,151,0.0,339,133,0.0,408,149,,,,4,,Alex,Murphy,A.Murphy,Has joined FC Kaiserslautern on loan for the rest of the season,,0,0,0,0,0,0,0,0,0,0,0,0,0,,,,0.0,0.0,0.0,0.0,0.0,0,0,0
453,a,,,6.0,65,45,0,0,0,0,2.7,107,33,17,0,5.7,42,19,2,58,4.2,58,25,0.7,2.8,0,262655,11946,93053,2123,4.2,4.2,0.22,0.06,0.28,5.47,0.07,0.02,0.09,1.82,45.4,131,48,27.3,135,80,39.0,75,44,11.2,105,55,3.0,,,4,,Harvey,Barnes,Barnes,,,270,1,1,1,4,0,0,0,0,0,0,3,18,,,,0.0,0.33,1.33,1.0,6.0,3,7,8
454,a,,,6.2,58,41,0,0,2,-2,11.4,37,15,18,0,6.0,39,18,2,71,4.5,52,23,0.7,2.9,0,1251572,19388,315803,14118,4.5,4.5,0.42,0.34,0.76,4.01,0.16,0.13,0.29,1.56,82.6,37,16,50.6,61,45,61.0,43,28,19.4,29,22,2.0,,,4,,Anthony,Elanga,Elanga,,,232,2,0,1,3,0,0,0,1,0,0,3,9,,,,0.0,0.39,1.16,1.16,3.49,4,2,3
456,a,,,4.9,377,226,0,0,-1,1,0.4,282,94,7,0,2.3,180,73,0,26,1.8,194,86,0.4,1.4,0,15427,670,16735,527,1.8,1.8,0.17,0.16,0.33,1.92,0.22,0.21,0.43,2.5,40.4,148,54,6.3,232,122,21.0,120,62,6.7,193,89,,,,4,,Jacob,Ramsey,J.Ramsey,,,69,1,0,0,1,0,0,0,1,0,0,0,11,,,,0.0,0.0,1.3,0.0,14.35,2,3,6
457,a,,,5.9,83,54,0,0,-1,1,0.1,387,142,2,0,0.7,392,183,0,7,0.5,342,158,0.1,0.3,0,3007,113,8555,236,0.5,0.5,0.0,0.2,0.2,1.46,0.0,0.51,0.51,3.75,2.4,337,154,3.5,253,134,4.0,248,118,0.9,327,150,4.0,,,4,,Jacob,Murphy,J.Murphy,,,35,0,0,0,1,0,0,0,1,0,0,0,6,,,,0.0,0.0,2.57,0.0,15.43,1,1,4
458,i,0.0,0.0,5.4,188,117,0,0,-1,1,0.0,569,235,0,0,0.0,617,262,0,0,0.0,617,262,0.0,0.0,0,169,2,2009,27,0.0,0.0,0.0,0.0,0.0,0.0,0.0,0.0,0.0,0.0,0.0,598,252,0.0,605,258,0.0,589,247,0.0,605,255,,,,4,,Joelinton Cássio,Apolinário de Lira,Joelinton,Unspecified injury - Unknown return date,,0,0,0,0,0,0,0,0,0,0,0,0,0,,,,0.0,0.0,0.0,0.0,0.0,0,0,0
459,a,100.0,100.0,5.5,172,106,0,0,0,0,0.1,451,176,8,0,2.7,160,66,0,40,2.0,172,77,0.4,1.5,0,4766,119,3813,124,2.0,2.0,0.05,0.07,0.12,4.39,0.02,0.03,0.05,1.74,30.0,188,72,37.2,103,66,5.0,235,115,7.2,180,83,5.0,,,4,,Lewis,Miley,L.Miley,,,227,0,0,1,3,0,0,0,1,0,0,3,26,,,,0.0,0.4,1.19,1.19,10.31,1,10,15
460,a,,,5.0,256,158,0,0,0,0,0.5,257,84,11,0,3.7,96,38,0,34,2.8,119,51,0.6,2.2,0,48488,967,20450,885,2.8,2.8,0.52,0.2,0.72,3.57,0.28,0.11,0.39,1.94,44.4,134,50,20.4,168,95,28.0,100,54,8.5,152,72,,,,4,,Joe,Willock,Willock,,,166,1,0,1,3,0,0,0,0,0,0,2,8,,,,0.0,0.54,1.63,1.08,4.34,3,2,3
461,a,,,5.8,116,75,0,0,-2,2,0.1,393,145,1,0,1.0,367,171,0,3,0.2,394,185,0.0,0.2,0,1595,49,14371,276,0.2,0.2,0.0,0.0,0.0,0.0,0.0,0.0,0.0,0.0,0.0,631,278,0.0,635,278,0.0,632,277,0.0,635,278,,,,4,,Bazoumana,Touré,Touré,,,1,0,0,0,0,0,0,0,0,0,0,0,0,,,,0.0,0.0,0.0,0.0,0.0,0,0,0
462,a,,,4.9,416,254,0,0,-1,1,0.1,456,180,3,0,1.0,323,141,0,10,0.8,279,127,0.2,0.6,0,1776,40,4944,143,0.8,0.8,0.0,0.0,0.0,1.9,0.0,0.0,0.0,1.97,7.4,284,121,1.7,288,147,0.0,509,204,1.0,320,145,,,,4,,Sean,Steur,Steur,,,87,0,0,0,1,0,0,0,0,0,0,1,7,,,,0.0,0.0,1.03,1.03,7.24,0,4,3
463,u,0.0,0.0,5.9,97,25,0,0,-1,1,0.6,235,40,4,0,4.0,87,8,0,18,1.0,264,29,0.2,0.7,0,14520,0,129413,2513,0.0,0.0,0.02,0.01,0.03,0.38,0.09,0.05,0.14,1.8,18.2,226,20,10.5,221,28,11.0,188,32,4.0,243,29,,,,4,,Nick,Woltemade,Woltemade,Has joined Juventus on loan for the rest of the season,,19,0,1,0,0,0,0,0,0,0,0,0,0,,,,0.0,0.0,0.0,0.0,0.0,0,0,0
464,a,,,6.2,56,13,0,0,2,-2,18.4,20,5,13,0,4.3,73,6,2,51,3.2,98,9,0.5,2.1,0,1892663,36061,386723,14137,3.2,3.2,1.35,0.05,1.4,4.3,0.47,0.02,0.49,1.48,55.6,98,5,33.9,115,11,74.0,22,9,16.3,53,7,,,2.0,4,,Yoane,Wissa,Wissa,,,261,1,1,1,3,0,0,0,2,0,0,3,17,,,,0.0,0.34,1.03,1.03,5.86,5,2,10
465,i,0.0,0.0,5.9,99,26,0,0,-1,1,0.4,277,48,4,0,4.0,88,9,0,18,1.0,265,30,0.2,0.7,0,21169,34,78680,1038,0.0,0.0,0.06,0.14,0.2,1.48,0.1,0.23,0.33,2.42,28.2,193,15,13.7,197,23,8.0,205,34,5.0,227,26,,4.0,1.0,4,,William,Osula,Osula,Foot injury - Unknown return date,,55,0,1,0,1,0,0,0,0,0,0,1,5,,,,0.0,0.0,1.64,1.64,8.18,1,2,2
466,u,0.0,0.0,4.5,542,76,0,0,0,0,0.6,233,38,0,0,0.0,525,58,0,0,0.0,525,58,0.0,0.0,0,23805,0,40773,1395,0.0,0.0,0.0,0.0,0.0,0.0,0.0,0.0,0.0,0.0,0.0,492,50,0.0,491,55,0.0,449,52,0.0,498,54,,,,4,,Sean,Neave,Neave,Has joined Wolves on loan for the rest of the season,,0,0,0,0,0,0,0,0,0,0,0,0,0,,,,0.0,0.0,0.0,0.0,0.0,0,0,0
559,a,,,4.9,415,253,0,0,-1,1,0.1,416,158,1,0,1.0,322,140,0,5,0.2,378,172,0.0,0.2,0,2109,46,6088,162,0.2,0.2,0.0,0.0,0.0,1.04,0.0,0.0,0.0,6.69,4.0,317,144,0.0,542,228,0.0,508,203,0.4,342,157,,,,4,,Aladji,Bamba,Bamba,,,14,0,0,0,1,0,0,0,0,0,0,0,2,,,,0.0,0.0,6.43,0.0,12.86,1,1,0
567,a,,,5.0,297,13,0,0,0,0,1.4,151,22,10,0,3.3,112,10,0,56,2.5,131,12,0.5,2.0,0,126167,4286,53298,1316,2.5,2.5,0.0,0.0,0.0,5.47,0.0,0.0,0.0,1.82,109.2,8,1,0.0,570,65,0.0,549,65,10.9,108,2,,,,4,,Lukás,Hornícek,Horníček,,,270,0,0,1,4,0,0,0,1,0,13,3,0,,,,4.33,0.33,1.33,1.0,0.0,0,5,15
593,d,75.0,75.0,4.5,491,122,0,0,0,0,3.0,100,38,13,0,4.3,70,29,2,39,3.2,91,37,0.7,2.9,0,438317,1791,173252,6822,2.4,2.4,0.14,0.08,0.22,5.47,0.05,0.03,0.08,1.82,59.6,77,38,38.0,99,27,15.0,149,49,11.3,100,31,,3.0,,4,,Amar,Dedic,Dedić,Hamstring injury - 75% chance of playing,,270,0,1,1,4,0,0,0,0,0,0,3,18,,,,0.0,0.33,1.33,1.0,6.0,5,13,11
609,u,0.0,0.0,4.0,640,199,0,0,0,0,0.2,323,119,0,0,0.0,444,165,0,0,0.0,444,165,0.0,0.0,0,18236,0,9709,1332,0.0,0.0,0.0,0.0,0.0,0.0,0.0,0.0,0.0,0.0,0.0,406,155,0.0,401,155,0.0,343,137,0.0,412,153,,,,4,,Leo,Shahar,Shahar,has joined Arouca on loan for the rest of the seaon.,,0,0,0,0,0,0,0,0,0,0,0,0,0,,,,0.0,0.0,0.0,0.0,0.0,0,0,0
634,a,,,6.0,79,20,0,0,0,0,0.1,420,61,1,0,1.0,372,46,0,4,0.5,345,43,0.1,0.2,0,11990,489,2717,182,0.5,0.5,0.0,0.0,0.0,0.04,0.0,0.0,0.0,0.13,0.0,645,75,0.8,314,38,6.0,232,36,0.7,334,38,,,,4,,Matias,Fernandez-Pardo,Fernandez-Pardo,,,27,0,0,0,0,0,0,0,0,0,0,0,1,,,,0.0,0.0,0.0,0.0,3.33,0,0,1
167,a,,,5.5,154,39,0,0,0,0,1.0,185,28,8,5,2.7,159,20,0,40,2.0,169,16,0.4,1.5,0,79962,15179,32997,1030,2.0,2.0,0.76,0.14,0.9,1.95,0.37,0.07,0.44,0.94,6.4,294,29,30.9,123,13,12.0,180,31,4.9,230,27,,,3.0,4,,Liam,Delap,Delap,,,187,1,0,1,2,0,0,0,1,0,0,2,9,,,,0.0,0.48,0.96,0.96,4.33,1,3,5
201,a,,,5.4,203,27,0,0,-1,1,5.5,69,28,3,2,1.0,348,130,0,24,0.8,292,104,0.1,0.6,0,53668,3541,408556,6716,0.8,0.8,0.48,0.19,0.67,1.92,0.25,0.1,0.35,0.99,3.6,322,124,2.6,267,93,25.0,111,33,3.1,263,99,,,,4,,Daniel,Muñoz Mejía,Muñoz,,,175,0,0,0,3,0,0,0,0,0,0,2,12,,,,0.0,0.0,1.54,1.03,6.17,6,6,5
467,a,,,5.0,240,5,0,0,0,0,1.4,154,24,12,3,3.0,130,13,0,57,3.0,101,10,0.6,2.4,0,30569,3702,43908,1037,3.0,3.0,0.0,0.01,0.01,4.1,0.0,0.0,0.0,1.02,33.2,177,19,0.0,545,58,0.0,513,57,3.3,258,19,,,,4,,Matz,Sels,Sels,,,360,0,0,1,4,0,0,0,0,0,9,4,0,,,,2.25,0.25,1.0,1.0,0.0,0,6,37
468,a,,,4.5,462,34,0,0,0,0,0.1,482,55,0,0,0.0,476,57,0,0,0.0,476,57,0.0,0.0,0,629,19,1557,29,0.0,0.0,0.0,0.0,0.0,0.0,0.0,0.0,0.0,0.0,0.0,441,57,0.0,438,40,0.0,388,37,0.0,447,57,,,,4,,John Victor,Maciel Furtado,John,,,0,0,0,0,0,0,0,0,0,0,0,0,0,,,,0.0,0.0,0.0,0.0,0.0,0,0,0
469,a,,,5.0,265,41,0,0,0,0,8.3,50,19,17,2,4.2,77,33,1,66,4.2,56,25,0.8,3.4,0,168984,9430,259945,4619,4.2,4.2,0.32,0.4,0.72,4.1,0.08,0.1,0.18,1.02,61.0,73,36,42.0,82,20,16.0,141,43,11.9,89,22,2.0,3.0,,4,,Neco,Williams,N.Williams,,,360,0,1,1,4,0,0,0,0,0,0,4,27,,,,0.0,0.25,1.0,1.0,6.75,13,14,20
470,u,0.0,0.0,5.0,301,55,0,0,0,0,0.0,558,190,0,0,0.0,586,209,0,0,0.0,586,209,0.0,0.0,0,424,0,3222,67,0.0,0.0,0.0,0.0,0.0,0.0,0.0,0.0,0.0,0.0,0.0,565,207,0.0,571,207,0.0,550,205,0.0,572,207,,,,4,,Felipe,Rodrigues da Silva,Morato,Has joined West Ham on loan for the rest of the season,,0,0,0,0,0,0,0,0,0,0,0,0,0,,,,0.0,0.0,0.0,0.0,0.0,0,0,0
471,d,75.0,,5.5,140,17,0,0,0,0,1.5,148,61,12,0,4.0,85,37,0,34,3.0,109,43,0.5,2.2,0,17799,123,50502,5809,2.2,3.0,0.11,0.03,0.14,3.28,0.04,0.01,0.05,1.09,53.2,106,49,1.4,295,108,16.0,142,44,7.0,183,70,,,,4,,Nikola,Milenković,Milenković,Hamstring injury - 75% chance of playing,,270,0,0,1,3,0,0,0,1,0,0,3,31,,,,0.0,0.33,1.0,1.0,10.33,5,26,12
472,a,100.0,100.0,5.5,177,23,0,0,0,0,1.7,142,58,19,6,4.8,59,25,0,60,4.8,43,18,0.9,3.5,0,39741,5774,42637,789,4.8,4.8,0.35,0.29,0.64,4.1,0.09,0.07,0.16,1.03,61.2,71,34,27.4,133,41,18.0,129,39,10.7,114,41,,2.0,,4,,Murillo,Costa dos Santos,Murillo,,,359,0,1,1,4,0,0,0,1,0,0,4,42,,,,0.0,0.25,1.0,1.0,10.53,8,34,16
473,a,,,4.5,443,87,0,0,0,0,2.6,112,44,8,2,2.0,200,77,0,45,2.0,160,60,0.4,1.8,0,48919,2224,128452,3282,2.0,2.0,0.04,0.53,0.57,3.72,0.01,0.16,0.17,1.09,40.8,144,66,51.6,58,12,15.0,148,48,10.8,111,38,,,,4,,Ola,Aina,Aina,,,306,0,0,1,3,0,0,0,2,0,0,4,22,,,,0.0,0.29,0.88,1.18,6.47,10,12,14
474,d,75.0,,4.5,531,137,0,0,0,0,0.2,325,120,10,0,3.3,111,46,0,35,2.5,130,48,0.6,2.2,0,9344,63,8431,665,1.9,2.5,0.03,0.01,0.04,3.28,0.01,0.0,0.01,1.09,55.4,99,45,2.4,271,95,1.0,292,110,5.9,211,81,,,,4,,Jair,Paula da Cunha Filho,Jair Cunha,Hamstring injury - 75% chance of playing,,270,0,0,1,3,0,0,0,1,0,0,3,28,,,,0.0,0.33,1.0,1.0,9.33,5,23,5
475,i,0.0,0.0,4.5,507,128,0,0,0,0,0.0,643,213,0,0,0.0,496,190,0,0,0.0,496,190,0.0,0.0,0,206,3,221,2,0.0,0.0,0.0,0.0,0.0,0.0,0.0,0.0,0.0,0.0,0.0,462,183,0.0,462,183,0.0,419,176,0.0,468,181,,,,4,,Nicolò,Savona,Savona,Knee injury - Unknown return date,,0,0,0,0,0,0,0,0,0,0,0,0,0,,,,0.0,0.0,0.0,0.0,0.0,0,0,0
476,a,,,4.0,605,173,0,0,0,0,0.2,329,122,0,0,0.0,419,149,0,0,0.0,419,149,0.0,0.0,0,2817,139,6094,214,0.0,0.0,0.0,0.0,0.0,0.0,0.0,0.0,0.0,0.0,0.0,381,139,0.0,376,139,0.0,318,121,0.0,387,137,,,,4,,Omar,Richards,O.Richards,,,0,0,0,0,0,0,0,0,0,0,0,0,0,,,,0.0,0.0,0.0,0.0,0.0,0,0,0
477,u,0.0,0.0,4.0,639,198,0,0,0,0,0.2,354,133,0,0,0.0,443,164,0,0,0.0,443,164,0.0,0.0,0,2459,0,11168,358,0.0,0.0,0.0,0.0,0.0,0.0,0.0,0.0,0.0,0.0,0.0,405,154,0.0,400,154,0.0,342,136,0.0,411,152,,,,4,,Zach,Abbott,Abbott,Has joined Southampton on loan for the rest of the season,,0,0,0,0,0,0,0,0,0,0,0,0,0,,,,0.0,0.0,0.0,0.0,0.0,0,0,0
478,a,,,4.5,494,123,0,0,0,0,0.0,536,187,2,0,1.0,297,114,0,3,0.5,316,114,0.1,0.4,0,407,23,1177,49,0.5,0.5,0.0,0.0,0.0,0.13,0.0,0.0,0.0,0.58,2.0,341,127,0.9,307,115,0.0,407,172,0.3,350,127,,,,4,,Luca,Netz,Netz,,,20,0,0,0,1,0,0,0,0,0,0,0,1,,,,0.0,0.0,4.5,0.0,4.5,1,0,1
479,u,0.0,0.0,4.0,634,193,0,0,0,0,0.1,391,145,0,0,0.0,439,160,0,0,0.0,439,160,0.0,0.0,0,799,0,6948,215,0.0,0.0,0.0,0.0,0.0,0.0,0.0,0.0,0.0,0.0,0.0,401,150,0.0,396,150,0.0,338,132,0.0,407,148,,,,4,,Tyler,Bindon,Bindon,Has joined Charlton Athletic on loan for the rest of the season,,0,0,0,0,0,0,0,0,0,0,0,0,0,,,,0.0,0.0,0.0,0.0,0.0,0,0,0
480,a,100.0,100.0,7.9,9,6,0,0,-1,1,9.7,44,16,26,8,6.5,26,13,6,91,6.5,17,10,0.8,3.3,0,430066,30988,549582,5578,6.5,6.5,1.56,1.02,2.58,4.1,0.39,0.26,0.65,1.02,62.0,69,22,24.8,145,86,46.0,65,39,13.2,76,48,,1.0,1.0,4,,Morgan,Gibbs-White,Gibbs-White,,,360,1,2,1,4,0,0,0,0,0,0,4,19,,,,0.0,0.25,1.0,1.0,4.75,5,2,12
482,a,100.0,100.0,5.8,104,67,-1,1,-2,2,0.2,362,130,1,0,1.0,365,169,0,2,0.2,393,184,0.0,0.2,0,3238,129,14223,455,0.2,0.2,0.0,0.0,0.0,0.0,0.0,0.0,0.0,0.0,0.0,629,276,0.3,344,171,0.0,628,274,0.0,633,276,,4.0,,4,,Callum,Hudson-Odoi,Hudson-Odoi,,,1,0,0,0,0,0,0,0,0,0,0,0,0,,,,0.0,0.0,0.0,0.0,0.0,0,0,0
483,a,,,5.5,153,92,0,0,0,0,0.6,230,76,14,1,3.5,106,42,2,41,3.5,82,32,0.6,2.5,0,46350,1299,31403,1830,3.5,3.5,1.05,0.88,1.93,3.21,0.37,0.31,0.68,1.12,37.6,155,57,25.8,142,83,36.0,84,48,10.0,126,61,,,,4,,Dan,Ndoye,Ndoye,,,258,1,0,1,2,0,0,0,1,0,0,4,19,,,,0.0,0.35,0.7,1.4,6.63,2,2,15
484,u,0.0,0.0,5.4,222,141,0,0,-1,1,0.1,445,173,0,0,0.0,625,269,0,0,0.0,625,269,0.0,0.0,0,427,0,9745,210,0.0,0.0,0.0,0.0,0.0,0.0,0.0,0.0,0.0,0.0,0.0,610,262,0.0,615,266,0.0,603,258,0.0,616,264,,,,4,,Omari,Hutchinson,Hutchinson,Has joined AC Milan on loan for the rest of the season,,0,0,0,0,0,0,0,0,0,0,0,0,0,,,,0.0,0.0,0.0,0.0,0.0,0,0,0
485,u,0.0,0.0,5.5,159,96,0,0,0,0,0.0,626,269,0,0,0.0,636,276,0,0,0.0,636,276,0.0,0.0,0,107,0,1095,13,0.0,0.0,0.0,0.0,0.0,0.0,0.0,0.0,0.0,0.0,0.0,624,271,0.0,630,273,0.0,622,268,0.0,630,273,,,,4,,Dilane,Bakwa,Bakwa,Has joined Lille on loan for the rest of the season,,0,0,0,0,0,0,0,0,0,0,0,0,0,,,,0.0,0.0,0.0,0.0,0.0,0,0,0
486,a,,,5.5,146,88,0,0,0,0,0.1,436,168,10,3,2.5,170,70,0,74,2.5,135,58,0.5,1.8,0,6291,268,3616,203,2.5,2.5,0.16,0.92,1.08,3.88,0.04,0.25,0.29,1.05,34.0,172,67,120.5,3,3,10.0,194,95,16.5,46,33,1.0,,,4,,James,McAtee,McAtee,,,334,0,0,2,3,0,0,0,2,0,0,4,35,,,,0.0,0.54,0.81,1.08,9.43,8,8,19
487,a,,,4.9,380,229,0,0,-1,1,0.1,479,189,1,0,1.0,310,132,0,3,0.2,370,166,0.0,0.2,0,918,34,3202,113,0.2,0.2,0.0,0.0,0.0,0.0,0.0,0.0,0.0,0.0,0.2,356,166,0.0,523,216,0.0,484,186,0.0,530,213,,,,4,,Nicolás,Domínguez,Dominguez,,,1,0,0,0,0,0,0,0,0,0,0,0,0,,,,0.0,0.0,0.0,0.0,0.0,0,0,0
488,a,100.0,100.0,4.9,369,222,0,0,-1,1,0.5,249,82,3,1,1.5,250,109,0,12,0.8,277,125,0.2,0.6,0,7518,186,59297,723,0.8,0.8,0.09,0.02,0.11,0.56,0.08,0.02,0.1,0.51,17.8,228,91,13.0,204,112,3.0,255,123,3.4,255,110,,,,4,,Ibrahim,Sangaré,I.Sangaré,,,98,0,0,0,1,0,0,0,0,0,0,1,8,,,,0.0,0.0,0.92,0.92,7.35,1,4,3
490,a,,,5.8,102,27,-1,1,-2,2,1.0,187,29,3,1,1.0,364,43,0,9,0.8,296,36,0.1,0.5,0,17368,455,97023,2770,0.8,0.8,0.12,0.01,0.13,0.49,0.24,0.02,0.26,0.98,0.2,361,39,2.5,269,33,3.0,259,40,0.4,345,40,,,2.0,4,,Chris,Wood,Wood,,,45,0,0,0,1,0,0,0,0,0,0,0,1,,,,0.0,0.0,2.0,0.0,2.0,0,0,1
491,a,,,5.8,109,29,-1,1,-2,2,2.4,115,16,11,7,2.8,157,19,2,49,2.8,126,14,0.5,1.9,0,53510,5051,219237,4744,2.8,2.8,1.09,0.07,1.16,2.57,0.43,0.03,0.46,1.02,15.0,243,21,20.5,167,20,69.0,29,10,10.5,120,15,,,4.0,4,,Igor Jesus,Maciel da Cruz,Igor Jesus,,,226,1,0,0,3,0,0,0,1,0,0,2,12,,,,0.0,0.0,1.19,0.8,4.78,2,5,5
493,a,,,5.4,213,47,0,0,-1,1,0.1,490,67,1,0,1.0,349,39,0,3,0.2,386,46,0.0,0.2,0,2413,86,2979,104,0.2,0.2,0.0,0.0,0.0,0.0,0.0,0.0,0.0,0.0,0.0,604,66,0.0,611,71,0.0,597,68,0.0,611,70,,,,4,,Arnaud,Kalimuendo,Kalimuendo,,,1,0,0,0,0,0,0,0,0,0,0,0,0,,,,0.0,0.0,0.0,0.0,0.0,0,0,0
558,a,,,5.0,259,160,0,0,0,0,0.1,425,163,11,3,2.8,152,62,0,54,2.8,120,52,0.6,2.2,0,2831,214,3851,123,2.8,2.8,0.14,0.08,0.22,3.76,0.04,0.03,0.07,1.18,33.0,178,68,4.0,246,130,10.0,192,94,4.8,233,103,3.0,,,4,,Xaver,Schlager,Schlager,,,286,0,0,1,4,0,0,0,1,0,0,3,42,,,,0.0,0.31,1.26,0.94,13.22,15,9,18
581,a,,,5.4,227,31,0,0,-1,1,0.5,247,91,5,4,2.5,169,64,0,13,1.2,237,85,0.2,0.9,0,8573,461,36527,453,1.2,1.2,0.11,0.0,0.11,0.82,0.11,0.0,0.11,0.81,0.0,612,212,0.0,616,212,0.0,605,211,0.0,618,212,,,,4,,Ousmane,Diomande,Diomande,,,91,0,0,0,1,0,0,0,0,0,0,1,14,,,,0.0,0.0,0.99,0.99,13.85,1,13,3
590,a,,,4.5,481,37,0,0,0,0,0.1,464,53,0,0,0.0,484,59,0,0,0.0,484,59,0.0,0.0,0,2180,62,2107,69,0.0,0.0,0.0,0.0,0.0,0.0,0.0,0.0,0.0,0.0,0.0,449,59,0.0,447,43,0.0,399,40,0.0,455,59,,,,4,,Steven,Benda,Benda,,,0,0,0,0,0,0,0,0,0,0,0,0,0,,,,0.0,0.0,0.0,0.0,0.0,0,0,0
112,a,,,4.9,393,72,0,0,-1,1,6.8,58,24,18,8,4.5,65,27,2,68,4.5,46,19,0.9,3.7,0,100968,5602,406144,4701,4.5,4.5,0.34,0.12,0.46,6.62,0.08,0.03,0.11,1.66,71.4,54,23,29.3,131,39,46.0,63,11,14.6,60,14,,,,4,,Jan Paul,van Hecke,Van Hecke,,,360,0,0,2,5,0,0,0,0,0,0,4,34,,,,0.0,0.5,1.25,1.0,8.5,7,27,13
147,a,,,4.4,563,146,0,0,-1,1,0.2,360,137,1,1,1.0,284,104,0,5,0.2,356,129,0.0,0.2,0,1533,78,6459,144,0.2,0.2,0.0,0.0,0.0,0.03,0.0,0.0,0.0,0.54,0.0,421,168,0.0,416,168,0.0,361,153,0.0,427,166,,,,4,,Tosin,Adarabioyo,Tosin,,,5,0,0,0,0,0,0,0,0,0,0,0,4,,,,0.0,0.0,0.0,0.0,72.0,2,2,1
401,a,,,7.0,28,9,0,0,0,0,2.2,120,17,6,2,2.0,229,27,0,29,1.5,225,22,0.2,0.9,0,190175,2916,104073,8281,1.5,1.5,0.36,0.11,0.47,2.68,0.13,0.04,0.17,0.97,9.2,274,25,37.5,101,8,38.0,79,18,8.2,158,18,,5.0,2.0,4,,Omar,Marmoush,Marmoush,,,249,0,0,2,2,0,0,0,0,0,0,3,9,,,,0.0,0.72,0.72,1.08,3.25,1,0,8
403,a,100.0,100.0,6.5,41,28,0,0,0,0,0.7,223,71,6,3,3.0,149,60,0,37,1.5,223,104,0.2,0.9,0,85360,1252,61580,2102,1.5,1.5,0.12,0.53,0.65,1.6,0.07,0.32,0.39,0.96,6.2,298,129,17.3,179,101,15.0,158,77,3.9,248,106,4.0,,,4,,Sávio,Moreira de Oliveira,Sávio,,,150,0,0,2,0,0,0,0,0,0,0,2,6,,,,0.0,1.2,0.0,1.2,3.6,0,1,5
455,a,,,5.4,205,130,0,0,-1,1,2.5,114,36,12,3,3.0,139,56,0,68,3.0,106,46,0.6,2.2,0,42156,1107,199533,5836,3.0,3.0,0.18,0.4,0.58,6.62,0.05,0.1,0.15,1.73,34.0,171,66,40.7,89,61,12.0,177,88,8.7,148,70,,,,4,,Sandro,Tonali,Tonali,,,344,0,0,2,5,0,0,0,0,0,0,4,31,,,,0.0,0.52,1.31,1.05,8.11,5,10,16
494,u,0.0,0.0,4.5,449,32,0,0,0,0,0.1,366,41,0,0,0.0,472,55,0,0,0.0,472,55,0.0,0.0,0,0,0,20047,353,0.0,0.0,0.0,0.0,0.0,0.0,0.0,0.0,0.0,0.0,0.0,436,55,0.0,433,38,0.0,382,35,0.0,442,55,,,,4,,Guglielmo,Vicario,Vicario,Has joined Juventus on loan for the rest of the season,,0,0,0,0,0,0,0,0,0,0,0,0,0,,,,0.0,0.0,0.0,0.0,0.0,0,0,0
495,a,,,4.0,606,62,0,0,0,0,1.0,189,29,0,0,0.0,420,37,0,0,0.0,420,37,0.0,0.0,0,22326,814,15702,597,0.0,0.0,0.0,0.0,0.0,0.0,0.0,0.0,0.0,0.0,0.0,382,36,0.0,377,17,0.0,319,14,0.0,388,36,,,,4,,Brandon,Austin,Austin,,,0,0,0,0,0,0,0,0,0,0,0,0,0,,,,0.0,0.0,0.0,0.0,0.0,0,0,0
496,a,,,4.5,497,41,0,0,0,0,18.5,18,3,16,7,4.0,83,7,0,72,4.0,65,5,0.9,3.6,0,245098,11654,594619,9417,4.0,4.0,0.0,0.0,0.0,6.62,0.0,0.0,0.0,1.66,57.8,85,12,10.0,225,2,0.0,410,44,6.8,187,11,,,,4,,Antonín,Kinský,Kinsky,,,360,0,0,2,5,0,0,0,0,0,9,4,0,,,,2.25,0.5,1.25,1.0,0.0,0,10,29
497,a,,,4.0,585,53,0,0,0,0,17.8,21,4,0,0,0.0,405,28,0,0,0.0,405,28,0.0,0.0,0,317500,6694,317958,10147,0.0,0.0,0.0,0.0,0.0,0.0,0.0,0.0,0.0,0.0,0.0,367,27,0.0,360,8,0.0,300,5,0.0,372,27,,,,4,,Martin,Dubravka,Dubravka,,,0,0,0,0,0,0,0,0,0,0,0,0,0,,,,0.0,0.0,0.0,0.0,0.0,0,0,0
498,a,,,5.8,105,10,-1,1,-2,2,4.3,78,31,3,0,3.0,145,58,0,10,0.8,298,105,0.1,0.5,0,26049,414,377555,13790,0.8,0.8,0.0,0.02,0.02,3.87,0.0,0.02,0.02,3.87,36.6,161,74,2.2,276,98,0.0,629,213,3.9,247,95,,,,4,,Marcos,Senesi Barón,Senesi,,,90,0,0,0,3,0,0,0,0,0,0,1,16,,,,0.0,0.0,3.0,1.0,16.0,5,11,2
499,d,75.0,75.0,5.5,151,19,0,0,0,0,10.3,43,16,8,0,4.0,86,38,1,29,2.0,168,63,0.4,1.5,0,117889,448,713572,38689,1.5,1.5,0.36,0.16,0.52,1.64,0.18,0.08,0.26,0.82,22.6,210,90,43.7,78,18,27.0,105,28,9.3,141,54,3.0,1.0,,4,,Pedro,Porro Sauceda,Pedro Porro,Unspecified injury - 75% chance of playing,,180,0,0,1,2,0,0,0,0,0,0,2,8,,,,0.0,0.5,1.0,1.0,4.0,2,6,5
500,u,0.0,0.0,5.0,270,43,0,0,0,0,0.1,430,155,0,0,0.0,575,206,0,0,0.0,575,206,0.0,0.0,0,0,0,16028,124,0.0,0.0,0.0,0.0,0.0,0.0,0.0,0.0,0.0,0.0,0.0,554,204,0.0,557,204,0.0,531,200,0.0,560,203,,,,4,,Cristian,Romero,Romero,Has joined Atletico Madrid permanently,,0,0,0,0,0,0,0,0,0,0,0,0,0,,,,0.0,0.0,0.0,0.0,0.0,0,0,0
502,a,,,4.4,564,147,0,0,-1,1,2.7,110,42,13,7,3.2,118,50,1,53,3.2,89,36,0.7,3.0,0,44217,2694,150714,2745,3.2,3.2,0.13,0.17,0.3,5.89,0.04,0.06,0.1,1.92,49.0,117,56,36.3,104,29,27.0,102,25,11.2,102,33,1.0,,,4,,Andrew,Robertson,Robertson,,,276,0,0,1,4,0,0,0,0,0,0,3,17,,,,0.0,0.33,1.3,0.98,5.54,3,14,8
503,a,100.0,100.0,5.0,309,56,0,0,0,0,3.9,86,32,15,6,5.0,52,22,3,62,3.8,73,31,0.8,3.0,0,63776,4972,228622,2150,3.8,3.8,0.57,0.04,0.61,2.75,0.19,0.01,0.2,0.92,36.6,160,73,3.3,257,88,14.0,160,53,5.4,220,84,,,,4,,Micky,van de Ven,Van de Ven,,,270,0,0,2,2,0,0,0,1,0,0,3,23,,,,0.0,0.67,0.67,1.0,7.67,4,19,12
505,u,0.0,0.0,4.5,470,107,0,0,0,0,0.3,310,115,0,0,0.0,480,183,0,0,0.0,480,183,0.0,0.0,0,0,0,65977,544,0.0,0.0,0.0,0.0,0.0,0.0,0.0,0.0,0.0,0.0,0.0,445,175,0.0,442,175,0.0,392,163,0.0,451,173,,,,4,,Djed,Spence,Spence,Has joined Internazionale permanently,,0,0,0,0,0,0,0,0,0,0,0,0,0,,,,0.0,0.0,0.0,0.0,0.0,0,0,0
506,d,75.0,75.0,4.5,498,125,0,0,0,0,0.4,278,103,7,0,2.3,178,70,0,21,1.8,191,73,0.4,1.6,0,4306,16,17104,1233,1.4,1.4,0.0,0.23,0.23,1.17,0.0,0.24,0.24,1.22,9.8,271,111,13.5,198,66,4.0,241,89,2.7,272,104,,,,4,,Destiny,Udogie,Udogie,Unspecified injury - 75% chance of playing,,86,0,0,1,1,0,0,0,1,0,0,1,4,,,,0.0,1.05,1.05,1.05,4.19,1,3,4
507,u,0.0,0.0,4.5,518,132,0,0,0,0,0.0,587,199,0,0,0.0,506,193,0,0,0.0,506,193,0.0,0.0,0,0,0,1121,12,0.0,0.0,0.0,0.0,0.0,0.0,0.0,0.0,0.0,0.0,0.0,472,186,0.0,472,186,0.0,429,179,0.0,478,184,,,,4,,Ashley,Phillips,Phillips,Has joined Middlesbrough permanently,,0,0,0,0,0,0,0,0,0,0,0,0,0,,,,0.0,0.0,0.0,0.0,0.0,0,0,0
508,a,,,4.0,592,164,0,0,0,0,0.9,198,76,0,0,0.0,412,146,0,0,0.0,412,146,0.0,0.0,0,10052,300,30715,1010,0.0,0.0,0.0,0.0,0.0,0.0,0.0,0.0,0.0,0.0,0.0,374,136,0.0,367,134,0.0,307,114,0.0,379,133,,,,4,,Ben,Davies,Davies,,,0,0,0,0,0,0,0,0,0,0,0,0,0,,,,0.0,0.0,0.0,0.0,0.0,0,0,0
509,a,,,4.0,653,211,0,0,0,0,0.1,481,171,0,0,0.0,454,174,0,0,0.0,454,174,0.0,0.0,0,1746,87,1843,72,0.0,0.0,0.0,0.0,0.0,0.0,0.0,0.0,0.0,0.0,0.0,416,164,0.0,411,164,0.0,356,149,0.0,422,162,,,,4,,Jun'ai,Byfield,Byfield,,,0,0,0,0,0,0,0,0,0,0,0,0,0,,,,0.0,0.0,0.0,0.0,0.0,0,0,0
510,a,,,4.0,631,191,0,0,0,0,0.1,438,159,0,0,0.0,436,158,0,0,0.0,436,158,0.0,0.0,0,2168,111,2460,82,0.0,0.0,0.0,0.0,0.0,0.0,0.0,0.0,0.0,0.0,0.0,398,148,0.0,393,148,0.0,335,130,0.0,404,146,,,,4,,James,Rowswell,Rowswell,,,0,0,0,0,0,0,0,0,0,0,0,0,0,,,,0.0,0.0,0.0,0.0,0.0,0,0,0
511,u,0.0,0.0,4.0,652,210,0,0,0,0,0.2,343,129,0,0,0.0,453,173,0,0,0.0,453,173,0.0,0.0,0,2555,0,13960,365,0.0,0.0,0.0,0.0,0.0,0.0,0.0,0.0,0.0,0.0,0.0,415,163,0.0,410,163,0.0,355,148,0.0,421,161,,,,4,,João Victor,de Souza Menezes,Souza,Has joined FC Porto on loan for the rest of the season,,0,0,0,0,0,0,0,0,0,0,0,0,0,,,,0.0,0.0,0.0,0.0,0.0,0,0,0
512,a,100.0,100.0,6.5,40,27,0,0,0,0,0.1,382,139,3,1,1.0,380,179,0,25,0.8,303,142,0.1,0.5,0,8290,224,7550,418,0.8,0.8,0.04,0.22,0.26,1.11,0.05,0.25,0.3,1.28,6.4,296,127,18.4,176,100,13.0,173,86,3.8,250,108,6.0,3.0,3.0,4,,Mohammed,Kudus,Kudus,,,78,0,0,0,1,0,0,0,0,0,0,0,7,,,,0.0,0.0,1.15,0.0,8.08,1,0,6
513,i,0.0,0.0,5.9,98,63,0,0,-1,1,0.0,593,248,0,0,0.0,644,282,0,0,0.0,644,282,0.0,0.0,0,254,13,947,28,0.0,0.0,0.0,0.0,0.0,0.0,0.0,0.0,0.0,0.0,0.0,638,281,0.0,640,281,0.0,638,280,0.0,640,281,,2.0,4.0,4,,Xavi,Simons,Xavi,Knee injury - Unknown return date,,0,0,0,0,0,0,0,0,0,0,0,0,0,,,,0.0,0.0,0.0,0.0,0.0,0,0,0
514,a,,,5.8,113,72,0,0,-2,2,0.2,317,112,8,1,2.0,220,96,0,41,2.0,174,78,0.3,1.4,0,8136,101,39578,978,2.0,2.0,0.21,0.23,0.44,5.55,0.07,0.08,0.15,1.94,21.0,217,88,49.5,62,46,63.0,39,24,13.3,75,47,5.0,4.0,,4,,Mathys,Tel,Tel,,,257,0,0,1,4,0,0,0,0,0,0,3,13,,,,0.0,0.35,1.4,1.05,4.55,1,1,11
515,a,100.0,100.0,6.3,49,34,0,0,-2,2,0.4,265,89,2,1,1.0,374,174,0,9,0.5,347,160,0.1,0.3,0,3479,171,90295,708,0.5,0.5,0.0,0.02,0.02,0.88,0.0,0.05,0.05,2.26,4.4,311,139,8.3,227,120,8.0,206,103,2.1,292,130,,,,4,,James,Maddison,Maddison,,,35,0,0,0,0,0,0,0,0,0,0,0,5,,,,0.0,0.0,0.0,0.0,12.86,0,3,2
516,a,,,5.5,134,81,0,0,0,0,0.2,353,128,11,3,2.8,156,65,0,54,2.8,124,55,0.5,2.0,0,2819,161,6241,193,2.8,2.8,0.02,0.08,0.1,4.49,0.01,0.03,0.04,1.41,35.8,165,62,25.1,144,85,6.0,229,114,6.8,190,88,,,,4,,Rodrigo,Bentancur,Bentancur,,,287,0,0,2,3,0,0,0,0,0,0,3,43,,,,0.0,0.63,0.94,0.94,13.48,9,19,15
517,i,0.0,0.0,5.5,175,109,0,0,0,0,0.0,650,288,0,0,0.0,637,277,0,0,0.0,637,277,0.0,0.0,0,82,3,78,3,0.0,0.0,0.0,0.0,0.0,0.0,0.0,0.0,0.0,0.0,0.0,627,274,0.0,632,275,0.0,625,271,0.0,631,274,,,,4,,Wilson,Odobert,Odobert,Knee injury - Unknown return date,,0,0,0,0,0,0,0,0,0,0,0,0,0,,,,0.0,0.0,0.0,0.0,0.0,0,0,0
518,u,0.0,0.0,4.9,394,236,0,0,-1,1,0.1,428,165,0,0,0.0,558,228,0,0,0.0,558,228,0.0,0.0,0,4138,0,21363,444,0.0,0.0,0.0,0.0,0.0,0.0,0.0,0.0,0.0,0.0,0.0,532,214,0.0,533,221,0.0,495,192,0.0,539,218,,,,4,,Pape Matar,Sarr,P.M.Sarr,Has joined Juventus on loan for the rest of the season,,0,0,0,0,0,0,0,0,0,0,0,0,0,,,,0.0,0.0,0.0,0.0,0.0,0,0,0
519,a,,,5.4,199,126,0,0,-1,1,0.2,340,122,3,0,1.5,257,113,0,24,0.8,289,134,0.1,0.6,0,3101,57,14189,399,0.8,0.8,0.02,0.12,0.14,2.58,0.01,0.08,0.09,1.81,10.2,267,112,9.9,226,119,3.0,257,124,2.2,283,125,,,,4,,Conor,Gallagher,Gallagher,,,128,0,0,1,2,0,0,0,1,0,0,2,14,,,,0.0,0.7,1.41,1.41,9.84,5,1,8
520,a,,,5.4,228,145,0,0,-1,1,0.2,365,131,2,1,1.0,355,162,0,10,0.5,337,154,0.1,0.4,0,1471,35,7851,175,0.5,0.5,0.06,0.26,0.32,2.14,0.08,0.32,0.4,2.68,0.0,613,264,2.0,283,144,2.0,282,135,0.0,619,266,,,,4,,Lucas,Bergvall,Bergvall,,,72,0,0,0,2,0,0,0,0,0,0,1,12,,,,0.0,0.0,2.5,1.25,15.0,2,1,9
521,i,0.0,0.0,6.5,38,26,0,0,0,0,0.0,610,258,0,0,0.0,652,290,0,0,0.0,652,290,0.0,0.0,0,253,10,587,15,0.0,0.0,0.0,0.0,0.0,0.0,0.0,0.0,0.0,0.0,0.0,651,291,0.0,652,291,0.0,651,291,0.0,651,291,,,,4,,Dejan,Kulusevski,Kulusevski,Knee injury - Unknown return date,,0,0,0,0,0,0,0,0,0,0,0,0,0,,,,0.0,0.0,0.0,0.0,0.0,0,0,0
522,a,,,4.9,406,246,-1,1,-1,1,0.2,345,124,7,3,2.3,181,74,0,37,1.8,195,87,0.4,1.4,0,4921,173,10221,316,1.8,1.8,0.09,0.04,0.13,4.99,0.03,0.02,0.05,1.9,8.0,279,119,4.8,240,128,0.0,501,197,1.3,313,141,,,,4,,Archie,Gray,Gray,,,236,0,0,1,4,0,0,0,0,0,0,3,22,,,,0.0,0.38,1.53,1.14,8.39,3,9,10
523,u,0.0,0.0,5.0,315,185,0,0,0,0,0.1,455,179,3,0,1.5,256,112,0,11,0.8,284,130,0.2,0.6,0,3258,0,14885,380,0.0,0.0,0.4,0.02,0.42,3.26,0.4,0.02,0.42,3.3,14.2,245,100,6.3,233,123,56.0,49,31,7.5,170,78,,,,4,,Mikey,Moore,Moore,Has joined FC Köln on loan for the rest of the season,,89,0,0,0,4,0,0,0,0,0,0,1,3,,,,0.0,0.0,4.04,1.01,3.03,1,0,2
524,a,,,4.4,574,293,0,0,-1,1,0.8,203,63,0,0,0.0,461,187,0,0,0.0,461,187,0.0,0.0,0,25333,7943,28590,1725,0.0,0.0,0.0,0.0,0.0,0.0,0.0,0.0,0.0,0.0,0.0,424,169,0.0,419,177,0.0,365,144,0.0,430,173,,,,4,,Callum,Olusesi,Olusesi,,,0,0,0,0,0,0,0,0,0,0,0,0,0,,,,0.0,0.0,0.0,0.0,0.0,0,0,0
525,a,,,5.8,114,73,0,0,-2,2,0.9,192,61,6,3,1.5,261,117,0,48,1.5,220,101,0.3,1.0,0,11550,240,106479,2337,1.5,1.5,0.12,0.26,0.38,3.61,0.05,0.11,0.16,1.59,21.2,215,87,73.9,31,26,3.0,260,126,9.7,129,64,2.0,,,4,,Mateus,Fernandes,Fernandes,,,204,0,0,1,3,0,0,0,1,0,0,2,14,,,,0.0,0.44,1.32,0.88,6.18,6,0,8
526,a,,,5.9,84,22,0,0,-1,1,0.9,195,30,5,2,1.2,273,33,0,12,1.2,239,26,0.2,0.8,0,22184,684,77794,1823,1.2,1.2,0.44,0.01,0.45,1.56,0.38,0.01,0.39,1.34,3.2,330,35,0.6,326,40,15.0,157,29,1.9,297,34,,,1.0,4,,Dominic,Solanke-Mitchell,Solanke,,,105,0,0,1,0,0,0,0,0,0,0,1,3,,,,0.0,0.86,0.0,0.86,2.57,0,1,2
527,u,0.0,0.0,5.9,88,24,0,0,-1,1,0.9,199,31,2,0,2.0,221,25,0,6,0.5,343,41,0.1,0.3,0,21439,0,243974,3906,0.0,0.0,0.0,0.0,0.0,3.02,0.0,0.0,0.0,4.06,0.0,634,72,2.2,277,35,0.0,634,74,0.2,361,43,,,,4,,Richarlison,de Andrade,Richarlison,not included in squad.,,67,0,0,0,3,0,0,0,0,0,0,1,1,,,,0.0,0.0,4.03,1.34,1.34,0,1,0
528,u,0.0,0.0,4.5,501,66,0,0,0,0,1.3,162,23,0,0,0.0,490,49,0,0,0.0,490,49,0.0,0.0,0,42525,0,85835,2807,0.0,0.0,0.0,0.0,0.0,0.0,0.0,0.0,0.0,0.0,0.0,456,40,0.0,456,46,0.0,413,42,0.0,462,44,,,,4,,Dane,Scarlett,Scarlett,Has joined Leyton Orient permanently,,0,0,0,0,0,0,0,0,0,0,0,0,0,,,,0.0,0.0,0.0,0.0,0.0,0,0,0
578,i,0.0,0.0,5.4,214,135,0,0,-1,1,0.1,483,191,1,0,1.0,350,158,0,3,0.2,387,178,0.0,0.2,0,5397,9,5496,588,0.0,0.0,0.0,0.0,0.0,0.16,0.0,0.0,0.0,0.9,0.0,605,257,0.1,352,175,2.0,280,133,0.1,365,171,,,,4,,Mykhailo,Mudryk,Mudryk,Ankle injury - Unknown return date,,16,0,0,0,0,0,0,0,0,0,0,0,0,,,,0.0,0.0,0.0,0.0,0.0,0,0,0
601,a,,,4.5,545,283,0,0,0,0,0.1,374,136,0,0,0.0,526,207,0,0,0.0,526,207,0.0,0.0,0,9546,119,4914,243,0.0,0.0,0.0,0.0,0.0,0.0,0.0,0.0,0.0,0.0,0.0,494,189,0.0,493,197,0.0,451,166,0.0,500,193,,,,4,,Luca,Williams-Barnett,Williams-Barnett,,,0,0,0,0,0,0,0,0,0,0,0,0,0,,,,0.0,0.0,0.0,0.0,0.0,0,0,0
501,a,,,5.0,246,37,0,0,0,0,0.2,361,138,3,1,1.5,252,91,0,15,0.8,280,102,0.2,0.6,0,4179,284,7695,204,0.8,0.8,0.0,0.16,0.16,3.09,0.0,0.08,0.08,1.54,20.8,218,93,10.9,218,75,0.0,518,197,3.2,260,98,,,,4,,Kevin,Danso,Danso,,,180,0,0,0,3,0,0,0,0,0,0,2,12,,,,0.0,0.0,1.5,1.0,6.0,1,11,6
529,a,,,5.0,313,14,0,0,0,0,2.8,105,18,11,2,2.8,153,14,0,49,2.8,121,11,0.6,2.2,0,17674,384,135437,5631,2.8,2.8,0.0,0.0,0.0,5.84,0.0,0.0,0.0,1.46,31.8,185,20,0.0,581,66,0.0,560,66,3.2,261,20,,,,4,,Robin,Roefs,Roefs,,,360,0,0,1,5,0,0,0,0,0,5,4,0,,,,1.25,0.25,1.25,1.0,0.0,0,5,31
530,u,0.0,0.0,4.0,612,63,0,0,0,0,0.1,389,45,0,0,0.0,423,38,0,0,0.0,423,38,0.0,0.0,0,0,0,5033,124,0.0,0.0,0.0,0.0,0.0,0.0,0.0,0.0,0.0,0.0,0.0,385,37,0.0,380,18,0.0,322,15,0.0,391,37,,,,4,,Anthony,Patterson,Patterson,Has joined Wrexham permanently,,0,0,0,0,0,0,0,0,0,0,0,0,0,,,,0.0,0.0,0.0,0.0,0.0,0,0,0
531,a,,,4.5,512,44,0,0,0,0,0.1,448,50,0,0,0.0,500,62,0,0,0.0,500,62,0.0,0.0,0,863,14,2601,70,0.0,0.0,0.0,0.0,0.0,0.0,0.0,0.0,0.0,0.0,0.0,466,62,0.0,466,48,0.0,423,47,0.0,472,62,,,,4,,Melker,Ellborg,Ellborg,,,0,0,0,0,0,0,0,0,0,0,0,0,0,,,,0.0,0.0,0.0,0.0,0.0,0,0,0
532,a,,,4.9,374,68,0,0,-1,1,3.1,99,37,12,0,3.0,128,55,0,43,3.0,100,40,0.6,2.4,0,37033,1437,253323,5548,3.0,3.0,0.17,0.16,0.33,5.84,0.04,0.04,0.08,1.46,66.8,61,28,12.7,208,71,15.0,150,50,9.4,138,53,,,,4,,Daniel,Ballard,Ballard,,,360,0,0,1,5,0,0,0,2,0,0,4,35,,,,0.0,0.25,1.25,1.0,8.75,6,29,9
533,a,100.0,100.0,5.5,133,16,0,0,0,0,2.1,123,50,13,0,4.3,72,30,1,39,3.2,94,39,0.6,2.4,0,35066,1148,95524,3368,3.2,3.2,0.7,0.05,0.75,4.04,0.23,0.02,0.25,1.35,75.0,42,16,13.0,205,69,2.0,284,108,9.0,144,56,,,,4,,Nordi,Mukiele,Mukiele,,,270,0,0,1,3,0,0,0,1,0,0,3,39,,,,0.0,0.33,1.0,1.0,13.0,9,30,13
534,a,,,4.4,573,156,0,0,-1,1,3.8,89,34,9,0,3.0,124,52,0,46,2.2,141,53,0.5,2.0,0,35136,320,289991,12757,2.2,2.2,0.04,0.28,0.32,3.09,0.02,0.13,0.15,1.43,31.8,184,83,58.6,44,6,15.0,147,47,10.6,116,43,3.0,,,4,,Trai,Hume,Hume,,,195,0,0,1,1,0,0,0,0,0,0,2,12,,,,0.0,0.46,0.46,0.92,5.54,9,3,12
535,a,100.0,100.0,4.9,366,65,0,0,-1,1,0.3,302,113,1,0,1.0,307,119,0,2,0.2,368,136,0.0,0.2,0,4523,49,22692,632,0.2,0.2,0.0,0.01,0.01,0.1,0.0,0.04,0.04,0.39,0.0,519,197,0.6,320,122,0.0,477,191,0.0,524,195,,,,4,,Omar,Alderete,Alderete,,,23,0,0,0,1,0,0,0,0,0,0,0,0,,,,0.0,0.0,3.91,0.0,0.0,0,0,2
536,s,0.0,,4.5,482,116,0,0,0,0,0.4,285,104,7,-2,1.8,233,86,0,37,1.8,189,72,0.4,1.6,0,3827,100,14259,1226,0.0,1.8,0.0,0.32,0.32,5.05,0.0,0.08,0.08,1.26,53.8,103,47,35.0,110,32,6.0,223,77,9.5,135,51,,,,4,,Reinildo,Mandava,Reinildo,Suspended until 10 Oct,,360,0,0,1,5,0,0,0,0,1,0,4,29,,,,0.0,0.25,1.25,1.0,7.25,8,21,18
537,u,0.0,0.0,4.5,513,131,0,0,0,0,0.0,628,210,0,0,0.0,501,192,0,0,0.0,501,192,0.0,0.0,0,61,0,594,7,0.0,0.0,0.0,0.0,0.0,0.0,0.0,0.0,0.0,0.0,0.0,467,185,0.0,467,185,0.0,424,178,0.0,473,183,,,,4,,Jenson,Seelt,Seelt,Has joined Swansea City on loan for the rest of the season,,0,0,0,0,0,0,0,0,0,0,0,0,0,,,,0.0,0.0,0.0,0.0,0.0,0,0,0
538,u,0.0,0.0,4.0,625,187,0,0,0,0,0.0,512,180,0,0,0.0,431,155,0,0,0.0,431,155,0.0,0.0,0,0,0,2129,56,0.0,0.0,0.0,0.0,0.0,0.0,0.0,0.0,0.0,0.0,0.0,393,145,0.0,388,145,0.0,330,127,0.0,399,143,,,,4,,Leo Fuhr,Hjelde,Hjelde,Has joined KV Mechelen on loan for the rest of the season,,0,0,0,0,0,0,0,0,0,0,0,0,0,,,,0.0,0.0,0.0,0.0,0.0,0,0,0
539,a,,,4.0,596,166,0,0,0,0,2.6,111,43,1,0,1.0,277,97,0,1,0.2,353,126,0.0,0.2,0,12942,356,87643,2937,0.2,0.2,0.01,0.01,0.02,1.69,0.01,0.01,0.02,2.3,11.4,260,108,1.4,294,107,4.0,236,84,1.7,301,111,,,,4,,Luke,O'Nien,O'Nien,,,66,0,0,0,1,0,0,0,1,0,0,1,5,,,,0.0,0.0,1.36,1.36,6.82,1,4,4
540,u,0.0,0.0,4.0,590,163,0,0,0,0,0.1,367,140,0,0,0.0,410,145,0,0,0.0,410,145,0.0,0.0,0,0,0,9866,209,0.0,0.0,0.0,0.0,0.0,0.0,0.0,0.0,0.0,0.0,0.0,372,135,0.0,365,133,0.0,305,113,0.0,377,132,,,,4,,Arthur,Masuaku,Masuaku,Has joined Konyaspor permanently,,0,0,0,0,0,0,0,0,0,0,0,0,0,,,,0.0,0.0,0.0,0.0,0.0,0,0,0
541,a,100.0,100.0,4.5,431,83,0,0,0,0,0.3,301,112,11,2,2.8,151,59,0,37,2.8,116,44,0.6,2.4,0,4610,180,6863,241,2.8,2.8,0.34,0.13,0.47,4.6,0.1,0.04,0.14,1.3,41.6,142,64,26.8,137,43,26.0,106,29,9.5,134,50,,,,4,,Thomas,Meunier,Meunier,,,318,0,0,1,4,0,0,0,0,0,0,4,16,,,,0.0,0.28,1.13,1.13,4.53,2,14,12
542,a,,,5.8,110,69,0,0,-2,2,4.3,76,25,13,0,3.2,123,48,1,57,3.2,97,41,0.6,2.2,0,28629,798,538594,13076,3.2,3.2,2.06,0.82,2.88,5.64,0.53,0.21,0.74,1.46,48.0,122,43,34.8,111,69,54.0,54,35,13.8,70,46,1.0,3.0,2.0,4,,Enzo,Le Fée,E.Le Fée,,,348,1,0,1,4,0,0,1,0,0,0,4,18,,,,0.0,0.26,1.03,1.03,4.66,6,1,11
543,i,0.0,0.0,5.4,225,143,0,0,-1,1,0.0,539,220,5,0,2.5,168,69,0,18,1.2,236,108,0.2,0.9,0,527,1,5134,123,0.0,0.0,0.03,0.16,0.19,0.12,0.1,0.51,0.61,0.39,15.6,240,99,10.9,219,116,2.0,281,134,2.9,268,117,,,1.0,4,,Habib,Diarra,Diarra,Hamstring injury - Unknown return date,,28,0,1,0,1,0,0,0,0,0,0,0,0,,,,0.0,0.0,3.21,0.0,0.0,0,0,0
544,a,,,5.5,123,79,0,0,0,0,4.2,81,28,19,1,4.8,55,24,5,91,4.8,39,17,0.9,3.5,0,113988,2578,134004,7430,4.8,4.8,0.06,0.94,1.0,5.84,0.02,0.24,0.26,1.46,54.4,101,37,109.8,8,8,3.0,258,125,16.7,42,30,2.0,2.0,,4,,Granit,Xhaka,Xhaka,,,360,0,1,1,5,0,0,0,2,0,0,4,46,,,,0.0,0.25,1.25,1.0,11.5,6,9,31
545,a,,,4.9,412,251,0,0,-1,1,0.2,316,111,8,2,2.0,209,88,0,66,2.0,164,74,0.4,1.6,0,4354,212,13897,541,2.0,2.0,0.4,0.23,0.63,5.45,0.1,0.06,0.16,1.43,41.8,141,52,54.9,49,41,79.0,18,10,17.6,36,27,,,,4,,Noah,Sadiki,Sadiki,,,343,0,0,1,5,0,0,0,1,0,0,4,26,,,,0.0,0.26,1.31,1.05,6.82,6,10,10
546,u,0.0,0.0,4.9,403,243,0,0,-1,1,0.0,537,218,0,0,0.0,560,230,0,0,0.0,560,230,0.0,0.0,0,240,0,6700,117,0.0,0.0,0.0,0.0,0.0,0.0,0.0,0.0,0.0,0.0,0.0,535,216,0.0,536,223,0.0,498,194,0.0,542,220,,,,4,,Simon,Adingra,Adingra,Has joined Ajax on loan for the rest of the season,,0,0,0,0,0,0,0,0,0,0,0,0,0,,,,0.0,0.0,0.0,0.0,0.0,0,0,0
547,i,0.0,0.0,4.9,391,235,0,0,-1,1,0.0,621,265,1,0,1.0,312,133,0,2,0.2,372,167,0.0,0.2,0,179,3,508,25,0.0,0.0,0.17,0.0,0.17,0.09,15.3,0.0,15.3,8.1,8.0,278,118,0.1,350,174,17.0,135,68,2.5,277,120,,,,4,,Romaine,Mundle,Mundle,Knee injury - Unknown return date,,1,0,0,0,0,0,0,0,0,0,0,0,1,,,,0.0,0.0,0.0,0.0,90.0,0,1,0
548,a,,,4.9,409,248,0,0,-1,1,0.1,496,197,2,0,1.0,319,137,0,6,0.5,322,146,0.1,0.4,0,384,12,2184,68,0.5,0.5,0.0,0.0,0.0,0.44,0.0,0.0,0.0,2.33,0.0,539,220,0.3,338,166,0.0,503,199,0.0,546,224,,,,4,,Chris,Rigg,Rigg,,,17,0,0,0,1,0,0,0,0,0,0,0,1,,,,0.0,0.0,5.29,0.0,5.29,0,0,1
549,a,,,5.4,226,144,0,0,-1,1,0.1,371,133,1,0,1.0,354,161,0,1,0.2,390,181,0.0,0.2,0,955,30,9784,261,0.2,0.2,0.0,0.0,0.0,0.14,0.0,0.0,0.0,0.41,0.0,611,263,0.9,309,154,0.0,604,259,0.0,617,265,,,,4,,Chemsdine,Talbi,Talbi,,,31,0,0,0,1,0,0,0,0,0,0,0,2,,,,0.0,0.0,2.9,0.0,5.81,0,0,2
1,a,,,6.0,62,1,0,0,0,0,39.4,5,1,29,14,7.2,12,1,3,98,7.2,5,1,1.2,4.8,0,601212,40411,533349,7973,7.2,7.2,0.0,0.01,0.01,2.72,0.0,0.0,0.0,0.68,46.2,128,15,0.0,644,71,0.0,642,71,4.7,235,16,,,,4,,David,Raya Martín,Raya,,,360,0,0,3,1,0,1,0,0,0,7,4,0,,,,1.75,0.75,0.25,1.0,0.0,0,6,44
2,a,,,4.9,358,17,0,0,-1,1,0.1,460,52,0,0,0.0,543,66,0,0,0.0,543,66,0.0,0.0,0,1215,19,3543,89,0.0,0.0,0.0,0.0,0.0,0.0,0.0,0.0,0.0,0.0,0.0,512,66,0.0,512,53,0.0,471,52,0.0,518,66,,,,4,,Kepa,Arrizabalaga Revuelta,Arrizabalaga,,,0,0,0,0,0,0,0,0,0,0,0,0,0,,,,0.0,0.0,0.0,0.0,0.0,0,0,0
3,a,,,4.9,382,19,0,0,-1,1,0.0,543,61,0,0,0.0,551,67,0,0,0.0,551,67,0.0,0.0,0,398,17,1298,39,0.0,0.0,0.0,0.0,0.0,0.0,0.0,0.0,0.0,0.0,0.0,525,67,0.0,524,55,0.0,486,54,0.0,531,67,,,,4,,Illan,Meslier,Meslier,,,0,0,0,0,0,0,0,0,0,0,0,0,0,,,,0.0,0.0,0.0,0.0,0.0,0,0,0
4,a,,,8.0,7,1,0,0,0,0,23.7,10,2,24,9,6.0,40,16,2,84,6.0,26,8,0.8,3.0,0,168468,6258,740962,16883,6.0,6.0,0.51,0.06,0.57,2.72,0.13,0.02,0.15,0.68,48.4,120,57,7.4,230,79,83.0,16,1,13.8,72,17,,,,4,,Gabriel,dos Santos Magalhães,Gabriel,,,360,0,0,3,1,0,0,0,2,0,0,4,32,,,,0.0,0.75,0.25,1.0,8.0,3,29,13
5,a,100.0,25.0,6.5,39,3,0,0,0,0,0.1,411,151,1,1,1.0,379,132,0,3,0.2,398,142,0.0,0.2,0,4168,2600,7181,246,0.2,0.1,0.0,0.01,0.01,1.57,0.0,0.02,0.02,3.14,0.0,652,215,0.0,653,215,0.0,652,215,0.0,652,215,,,,4,,Jurriën,Timber,J.Timber,,,45,0,0,0,0,0,0,0,0,0,0,0,3,,,,0.0,0.0,0.0,0.0,6.0,1,2,5
6,i,0.0,0.0,5.9,94,8,0,0,-1,1,0.2,330,123,0,0,0.0,642,215,0,0,0.0,642,215,0.0,0.0,0,2780,97,15953,404,0.0,0.0,0.0,0.0,0.0,0.0,0.0,0.0,0.0,0.0,0.0,636,214,0.0,638,214,0.0,636,214,0.0,638,214,,,,4,,William,Saliba,Saliba,Back injury - Unknown return date,,0,0,0,0,0,0,0,0,0,0,0,0,0,,,,0.0,0.0,0.0,0.0,0.0,0,0,0
550,a,,,5.0,353,211,0,0,0,0,0.0,627,270,0,0,0.0,612,260,0,0,0.0,612,260,0.0,0.0,0,219,9,308,15,0.0,0.0,0.0,0.0,0.0,0.0,0.0,0.0,0.0,0.0,0.0,593,250,0.0,600,256,0.0,582,243,0.0,600,253,,,,4,,Djiamgone Jocelin Ta,Bi,Jocelin.T,,,0,0,0,0,0,0,0,0,0,0,0,0,0,,,,0.0,0.0,0.0,0.0,0.0,0,0,0
111,a,,,4.0,583,51,0,0,0,0,4.3,79,12,0,0,0.0,403,26,0,0,0.0,403,26,0.0,0.0,0,122372,2609,86303,1960,0.0,0.0,0.0,0.0,0.0,0.0,0.0,0.0,0.0,0.0,0.0,365,25,0.0,358,6,0.0,298,3,0.0,370,25,,,,4,,Jason,Steele,Steele,,,0,0,0,0,0,0,0,0,0,0,0,0,0,,,,0.0,0.0,0.0,0.0,0.0,0,0,0
489,a,100.0,100.0,4.5,457,262,0,0,0,0,1.3,161,50,0,0,0.0,474,190,0,0,0.0,474,190,0.0,0.0,0,27298,591,73598,2339,0.0,0.0,0.0,0.0,0.0,0.0,0.0,0.0,0.0,0.0,0.0,439,172,0.0,436,180,0.0,385,149,0.0,445,176,,,,4,,Ryan,Yates,Yates,,,0,0,0,0,0,0,0,0,0,0,0,0,0,,,,0.0,0.0,0.0,0.0,0.0,0,0,0
552,a,,,5.8,107,28,0,0,-2,2,6.6,59,8,7,1,1.8,239,28,0,21,1.8,203,19,0.3,1.2,0,81463,2015,750205,21180,1.8,1.8,0.59,0.07,0.66,5.36,0.17,0.02,0.19,1.56,4.4,309,31,41.4,85,6,44.0,68,17,8.9,146,16,,,,4,,Brian,Brobbey,Brobbey,,,309,0,0,1,4,0,0,0,1,0,0,4,11,,,,0.0,0.29,1.17,1.17,3.2,0,1,10
553,a,,,5.5,148,38,0,0,0,0,1.5,149,22,14,1,3.5,105,11,3,48,3.5,81,7,0.6,2.5,0,87646,1789,53088,3365,3.5,3.5,1.49,0.01,1.5,1.99,1.41,0.01,1.42,1.89,29.4,189,14,0.6,325,39,35.0,86,20,6.5,198,22,,,,4,,Wilson,Isidor,Isidor,,,95,1,1,0,2,0,0,0,0,0,0,0,3,,,,0.0,0.0,1.89,0.0,2.84,1,0,2
612,a,100.0,100.0,4.5,555,144,0,0,0,0,0.0,622,209,0,0,0.0,533,199,0,0,0.0,533,199,0.0,0.0,0,657,13,339,9,0.0,0.0,0.0,0.0,0.0,0.0,0.0,0.0,0.0,0.0,0.0,502,194,0.0,501,194,0.0,460,188,0.0,508,192,,,,4,,Dayann,Méthalie,Methalie,,,0,0,0,0,0,0,0,0,0,0,0,0,0,,,,0.0,0.0,0.0,0.0,0.0,0,0,0
613,a,,,4.5,560,292,0,0,0,0,0.3,312,110,0,0,0.0,538,215,0,0,0.0,538,215,0.0,0.0,0,23037,447,9586,507,0.0,0.0,0.0,0.0,0.0,0.0,0.0,0.0,0.0,0.0,0.0,507,197,0.0,506,205,0.0,465,174,0.0,513,201,,,,4,,Jules,Ahoka,Ahoka,,,0,0,0,0,0,0,0,0,0,0,0,0,0,,,,0.0,0.0,0.0,0.0,0.0,0,0,0
646,a,,,5.5,173,107,0,0,0,0,0.0,542,222,2,1,1.0,362,167,0,5,1.0,262,119,0.2,0.4,0,3365,101,874,78,1.0,1.0,0.0,0.0,0.0,1.18,0.0,0.0,0.0,3.54,0.0,626,273,0.5,332,164,0.0,624,270,0.1,366,172,,,,4,,Malick,Fofana,Fofana,,,30,0,0,0,1,0,0,0,0,0,0,0,0,,,,0.0,0.0,3.0,0.0,0.0,0,0,0
651,a,,,4.5,557,78,0,0,0,0,0.5,253,43,0,0,0.0,535,60,0,0,0.0,535,60,0.0,0.0,0,52478,4154,12385,1013,0.0,0.0,0.0,0.0,0.0,0.0,0.0,0.0,0.0,0.0,0.0,504,52,0.0,503,57,0.0,462,54,0.0,510,56,,,,4,,Juan,Angulo,J.Angulo,,,0,0,0,0,0,0,0,0,0,0,0,0,0,,,,0.0,0.0,0.0,0.0,0.0,0,0,0
