id,first_name,second_name,web_name,status,news,news_added,now_cost,now_cost_rank,now_cost_rank_type,selected_by_percent,selected_rank,selected_rank_type,form,form_rank,form_rank_type,event_points,cost_change_event,cost_change_event_fall,cost_change_start,cost_change_start_fall,transfers_in_event,transfers_out_event,value_form,value_season,ep_next,ep_this,points_per_game,points_per_game_rank,points_per_game_rank_type,chance_of_playing_next_round,chance_of_playing_this_round,influence_rank,influence_rank_type,creativity_rank,creativity_rank_type,threat_rank,threat_rank_type,ict_index_rank,ict_index_rank_type,corners_and_indirect_freekicks_order,direct_freekicks_order,penalties_order,set_piece_threat,corners_and_indirect_freekicks_text,direct_freekicks_text,penalties_text,expected_goals_per_90,expected_assists_per_90,expected_goal_involvements_per_90,expected_goals_conceded_per_90,saves_per_90,clean_sheets_per_90,goals_conceded_per_90,starts_per_90,defensive_contribution_per_90,gw,total_points,minutes,goals_scored,assists,clean_sheets,goals_conceded,own_goals,penalties_saved,penalties_missed,yellow_cards,red_cards,saves,starts,bonus,bps,transfers_in,transfers_out,dreamteam_count,expected_goals,expected_assists,expected_goal_involvements,expected_goals_conceded,influence,creativity,threat,ict_index,tackles,clearances_blocks_interceptions,recoveries,defensive_contribution
18,Noni,Madueke,Madueke,a,,,6.8,43,27.0,0.8,215,74.0,1.5,238.0,106.0,1,0,0.0,-2,2.0,810,3406,0.2,8.8,2.5,2.5,2.5,282.0,118.0,100.0,100.0,287.0,120.0,125.0,85.0,86.0,50.0,164.0,84.0,3.0,,,,,,,0.09,0.21,0.3,1.0,0.0,0.57,0.73,1.21,5.18,35,1,45.0,0.0,0.0,0.0,0.0,0.0,0.0,0.0,0.0,0.0,0.0,0.0,0.0,4.0,1950.0,4496.0,0.0,0.0,0.23999999999999977,0.23999999999999977,0.33999999999999986,0.5999999999999943,15.5,2.0,1.7999999999999972,0.0,0.0,3.0,3.0
711,Andre,Harriman-Annous,Harriman-Annous,a,,,4.4,574,345.0,0.0,707,287.0,0.0,609.0,214.0,0,0,0.0,-1,1.0,19,20,0.0,0.0,1.0,1.0,0.0,699.0,271.0,,,692.0,265.0,688.0,268.0,669.0,260.0,694.0,267.0,,,,,,,,0.0,0.0,0.0,0.0,0.0,0.0,0.0,0.0,0.0,35,0,0.0,0.0,0.0,0.0,0.0,0.0,0.0,0.0,0.0,0.0,0.0,0.0,0.0,0.0,23.0,25.0,0.0,0.0,0.0,0.0,0.0,0.0,0.0,0.0,0.0,0.0,0.0,0.0,0.0
688,James,Wright,Wright,a,,,3.9,775,85.0,0.6,252,34.0,0.0,434.0,44.0,0,0,0.0,-1,1.0,110,345,0.0,0.0,0.5,0.0,0.0,568.0,55.0,,,556.0,55.0,544.0,39.0,512.0,25.0,558.0,55.0,,,,,,,,0.0,0.0,0.0,0.0,0.0,0.0,0.0,0.0,0.0,35,0,0.0,0.0,0.0,0.0,0.0,0.0,0.0,0.0,0.0,0.0,0.0,0.0,0.0,0.0,131.0,489.0,0.0,0.0,0.0,0.0,0.0,0.0,0.0,0.0,0.0,0.0,0.0,0.0,0.0
192,Quilindschy,Hartman,Hartman,a,,,4.0,703,180.0,0.6,254,96.0,2.5,142.0,52.0,1,0,0.0,0,0.0,621,1194,0.6,15.8,2.0,2.0,3.0,195.0,78.0,,,150.0,65.0,138.0,37.0,297.0,87.0,180.0,59.0,,,,,,,,0.02,0.1,0.12,2.12,0.0,0.15,1.97,1.04,7.55,35,1,64.0,0.0,0.0,0.0,3.0,0.0,0.0,0.0,0.0,0.0,0.0,1.0,0.0,-3.0,999.0,1982.0,0.0,0.0,0.0,0.0,1.269999999999996,12.599999999999966,3.1000000000000227,0.0,1.5999999999999943,2.0,5.0,2.0,7.0
133,Myles,Peart-Harris,Peart-Harris,u,has joined Oxford United permanently.,,4.4,545,326.0,0.0,645,251.0,0.0,586.0,198.0,0,0,0.0,-1,1.0,0,10,0.0,0.2,0.0,0.0,1.0,479.0,210.0,0.0,0.0,673.0,252.0,670.0,256.0,649.0,246.0,675.0,254.0,,,,,,,,0.0,0.0,0.0,0.0,0.0,0.0,0.0,0.0,0.0,35,0,0.0,0.0,0.0,0.0,0.0,0.0,0.0,0.0,0.0,0.0,0.0,0.0,0.0,0.0,0.0,16.0,0.0,0.0,0.0,0.0,0.0,0.0,0.0,0.0,0.0,0.0,0.0,0.0,0.0
231,Mamadou,Sarr,M.Sarr,a,,,4.5,479,97.0,0.0,664,234.0,0.0,664.0,250.0,0,0,0.0,0,0.0,79,105,0.0,0.4,-0.5,0.0,1.0,489.0,174.0,100.0,100.0,482.0,173.0,497.0,178.0,432.0,165.0,492.0,173.0,,,,,,,,0.35,0.0,0.35,1.4,0.0,0.0,2.97,0.99,7.91,35,0,0.0,0.0,0.0,0.0,0.0,0.0,0.0,0.0,0.0,0.0,0.0,0.0,0.0,0.0,105.0,135.0,0.0,0.0,0.0,0.0,0.0,0.0,0.0,0.0,0.0,0.0,0.0,0.0,0.0
244,Roméo,Lavia,Lavia,a,,,4.9,334,206.0,0.0,690,276.0,1.2,247.0,112.0,1,0,0.0,-1,1.0,85,36,0.2,2.7,0.7,1.2,1.1,455.0,202.0,100.0,100.0,439.0,192.0,367.0,189.0,407.0,201.0,428.0,195.0,,,,,,,,0.05,0.13,0.18,2.05,0.0,0.0,2.41,0.96,8.9,35,1,57.0,0.0,0.0,0.0,3.0,0.0,0.0,0.0,0.0,0.0,0.0,1.0,0.0,12.0,115.0,49.0,0.0,0.01999999999999999,0.08000000000000007,0.09999999999999998,1.9899999999999993,6.599999999999998,7.0,2.0,1.5999999999999996,3.0,0.0,0.0,3.0
744,Nehemiah,Oriola,Oriola,a,,,4.5,469,284.0,0.0,712,291.0,0.0,654.0,247.0,0,0,0.0,0,0.0,55,55,0.0,0.2,1.0,0.5,1.0,487.0,218.0,,,731.0,297.0,726.0,298.0,710.0,292.0,732.0,298.0,,,,,,,,0.0,0.0,0.0,0.0,0.0,0.0,0.0,0.0,0.0,35,0,0.0,0.0,0.0,0.0,0.0,0.0,0.0,0.0,0.0,0.0,0.0,0.0,0.0,0.0,89.0,71.0,0.0,0.0,0.0,0.0,0.0,0.0,0.0,0.0,0.0,0.0,0.0,0.0,0.0
223,Gabriel,Słonina,Slonina,a,,,3.9,773,84.0,0.1,475,68.0,0.0,433.0,43.0,0,0,0.0,-1,1.0,81,63,0.0,0.0,-0.5,0.0,0.0,567.0,54.0,,,555.0,54.0,543.0,38.0,511.0,24.0,557.0,54.0,,,,,,,,0.0,0.0,0.0,0.0,0.0,0.0,0.0,0.0,0.0,35,0,0.0,0.0,0.0,0.0,0.0,0.0,0.0,0.0,0.0,0.0,0.0,0.0,0.0,0.0,100.0,104.0,0.0,0.0,0.0,0.0,0.0,0.0,0.0,0.0,0.0,0.0,0.0,0.0,0.0
240,Christopher,Nkunku,Nkunku,u,has joined AC Milan permanently.,,5.9,93,61.0,0.1,529,194.0,0.0,811.0,360.0,0,0,0.0,-1,1.0,0,6,0.0,0.0,0.0,0.0,0.0,822.0,366.0,0.0,0.0,822.0,366.0,822.0,366.0,821.0,366.0,822.0,366.0,,,,,,,,0.0,0.0,0.0,0.0,0.0,0.0,0.0,0.0,0.0,35,0,0.0,0.0,0.0,0.0,0.0,0.0,0.0,0.0,0.0,0.0,0.0,0.0,0.0,0.0,0.0,7.0,0.0,0.0,0.0,0.0,0.0,0.0,0.0,0.0,0.0,0.0,0.0,0.0,0.0
281,Kaden,Rodney,Rodney,a,,,4.4,556,334.0,0.0,584,218.0,0.0,594.0,206.0,0,0,0.0,-1,1.0,118,52,0.0,0.2,-0.5,0.0,1.0,481.0,212.0,,,680.0,259.0,496.0,240.0,657.0,254.0,682.0,261.0,,,,,,,,0.0,0.0,0.0,19.5,0.0,0.0,0.0,0.0,0.0,35,0,0.0,0.0,0.0,0.0,0.0,0.0,0.0,0.0,0.0,0.0,0.0,0.0,0.0,0.0,135.0,83.0,0.0,0.0,0.0,0.0,0.0,0.0,0.0,0.0,0.0,0.0,0.0,0.0,0.0
320,Issa,Diop,Diop,a,,,4.3,584,129.0,0.1,536,190.0,0.0,551.0,232.0,0,0,0.0,-2,2.0,85,150,0.0,3.0,0.0,-1.0,1.3,435.0,156.0,,,368.0,139.0,451.0,161.0,413.0,154.0,409.0,147.0,,,,,,,,0.0,0.01,0.01,1.54,0.0,0.0,1.67,0.91,7.3,35,0,0.0,0.0,0.0,0.0,0.0,0.0,0.0,0.0,0.0,0.0,0.0,0.0,0.0,0.0,120.0,185.0,0.0,0.0,0.0,0.0,0.0,0.0,0.0,0.0,0.0,0.0,0.0,0.0,0.0
786,Alfie,McNally,McNally,a,,,4.0,710,61.0,0.0,731,85.0,0.0,490.0,73.0,0,0,0.0,0,0.0,62,42,0.0,0.0,0.0,-1.0,0.0,617.0,82.0,,,606.0,82.0,599.0,71.0,568.0,57.0,608.0,82.0,,,,,,,,0.0,0.0,0.0,0.0,0.0,0.0,0.0,0.0,0.0,35,0,0.0,0.0,0.0,0.0,0.0,0.0,0.0,0.0,0.0,0.0,0.0,0.0,0.0,0.0,86.0,63.0,0.0,0.0,0.0,0.0,0.0,0.0,0.0,0.0,0.0,0.0,0.0,0.0,0.0
670,Robin,Roefs,Roefs,a,,,4.8,370,15.0,8.2,51,9.0,3.8,85.0,9.0,3,0,0.0,3,-3.0,5343,42011,0.8,26.0,3.3,4.3,3.9,69.0,7.0,100.0,100.0,12.0,3.0,374.0,2.0,768.0,90.0,160.0,3.0,,,,,,,,0.0,0.0,0.0,1.48,3.22,0.28,1.38,1.0,0.0,35,3,90.0,0.0,0.0,0.0,1.0,0.0,0.0,0.0,1.0,0.0,6.0,1.0,0.0,19.0,16549.0,56847.0,0.0,0.0,0.0,0.0,1.7199999999999989,41.59999999999991,0.0,0.0,4.200000000000003,0.0,0.0,9.0,0.0
421,Rodrigo 'Rodri',Hernandez Cascante,Rodrigo,d,Groin Injury - 75% chance of playing,,6.3,67,44.0,0.5,277,95.0,1.2,255.0,118.0,0,0,0.0,-2,2.0,38,1777,0.2,9.8,2.5,1.3,3.1,193.0,76.0,75.0,75.0,200.0,81.0,82.0,61.0,273.0,147.0,171.0,88.0,,,,,,,,0.05,0.15,0.2,1.19,0.0,0.32,0.89,1.01,12.3,35,0,0.0,0.0,0.0,0.0,0.0,0.0,0.0,0.0,0.0,0.0,0.0,0.0,0.0,0.0,48.0,2502.0,0.0,0.0,0.0,0.0,0.0,0.0,0.0,0.0,0.0,0.0,0.0,0.0,0.0
422,Mateo,Kovačić,Kovačić,a,,,5.8,103,67.0,0.0,672,270.0,1.2,250.0,114.0,4,0,0.0,-2,2.0,164,32,0.2,1.0,3.4,1.7,2.0,348.0,151.0,100.0,100.0,450.0,201.0,377.0,192.0,464.0,227.0,446.0,200.0,,,,,,,,0.19,1.06,1.25,5.72,0.0,0.0,3.21,0.0,9.64,35,4,15.0,0.0,1.0,0.0,1.0,0.0,0.0,0.0,0.0,0.0,0.0,0.0,0.0,16.0,176.0,38.0,0.0,0.06,0.30000000000000004,0.36,1.1600000000000001,23.6,35.1,1.0,6.0,1.0,0.0,2.0,3.0
708,Mateus Gonçalo,Espanha Fernandes,M.Fernandes,a,,,5.5,147,92.0,0.4,292,102.0,3.2,115.0,41.0,4,0,0.0,0,0.0,1197,5988,0.6,21.8,2.2,3.2,3.6,115.0,50.0,100.0,100.0,68.0,21.0,40.0,36.0,256.0,139.0,79.0,49.0,4.0,,,,,,,0.04,0.08,0.12,1.44,0.0,0.23,1.51,1.05,11.01,35,4,90.0,0.0,0.0,0.0,3.0,0.0,0.0,0.0,0.0,0.0,0.0,1.0,0.0,17.0,2667.0,8351.0,0.0,0.0,0.020000000000000018,0.020000000000000018,2.269999999999996,16.199999999999932,6.2000000000000455,0.0,2.1999999999999886,4.0,3.0,6.0,13.0
747,Ezra,Mayers,Mayers,a,,,4.0,735,202.0,0.0,620,221.0,0.0,513.0,206.0,0,0,0.0,0,0.0,50,82,0.0,1.5,-1.0,0.0,1.0,467.0,171.0,,,459.0,168.0,383.0,137.0,424.0,160.0,447.0,161.0,,,,,,,,0.1,0.39,0.49,2.56,0.0,0.0,2.39,0.0,3.98,35,0,0.0,0.0,0.0,0.0,0.0,0.0,0.0,0.0,0.0,0.0,0.0,0.0,0.0,0.0,64.0,106.0,0.0,0.0,0.0,0.0,0.0,0.0,0.0,0.0,0.0,0.0,0.0,0.0,0.0
802,Keiber,Lamadrid,Lamadrid,a,,,5.0,279,173.0,0.0,770,329.0,0.0,765.0,332.0,0,0,0.0,0,0.0,28,40,0.0,0.0,-1.0,0.0,0.0,806.0,355.0,,,805.0,354.0,804.0,354.0,800.0,353.0,805.0,354.0,,,,,,,,0.0,0.0,0.0,0.0,0.0,0.0,0.0,0.0,0.0,35,0,0.0,0.0,0.0,0.0,0.0,0.0,0.0,0.0,0.0,0.0,0.0,0.0,0.0,0.0,58.0,58.0,0.0,0.0,0.0,0.0,0.0,0.0,0.0,0.0,0.0,0.0,0.0,0.0,0.0
61,Leander,Dendoncker,Dendoncker,u,Has joined Real Oviedo permanently.,,4.5,414,250.0,0.1,543,201.0,0.0,612.0,215.0,0,0,0.0,0,0.0,0,15,0.0,0.0,0.0,0.0,0.0,702.0,272.0,0.0,0.0,695.0,266.0,691.0,269.0,672.0,261.0,697.0,268.0,,,,,,,,0.0,0.0,0.0,0.0,0.0,0.0,0.0,0.0,0.0,35,0,0.0,0.0,0.0,0.0,0.0,0.0,0.0,0.0,0.0,0.0,0.0,0.0,0.0,0.0,0.0,24.0,0.0,0.0,0.0,0.0,0.0,0.0,0.0,0.0,0.0,0.0,0.0,0.0,0.0
699,Douglas Luiz,Soares de Paulo,Douglas Luiz,a,,,4.9,312,194.0,0.1,522,191.0,0.2,373.0,171.0,0,0,0.0,-1,1.0,146,455,0.0,6.3,0.7,0.2,1.7,400.0,174.0,100.0,100.0,312.0,136.0,134.0,91.0,293.0,157.0,266.0,133.0,1.0,,,,,,,0.05,0.15,0.2,1.26,0.0,0.11,1.41,1.19,10.08,35,0,0.0,0.0,0.0,0.0,0.0,0.0,0.0,0.0,0.0,0.0,0.0,0.0,0.0,0.0,194.0,703.0,0.0,0.0,0.0,0.0,0.0,0.0,0.0,0.0,0.0,0.0,0.0,0.0,0.0
701,Triston,Rowe,Rowe,u,has joined Annecy on loan for the rest of the season.,,4.0,725,193.0,0.1,544,192.0,0.0,503.0,197.0,0,0,0.0,0,0.0,0,13,0.0,0.0,0.0,0.0,0.0,628.0,233.0,0.0,0.0,617.0,233.0,611.0,233.0,581.0,230.0,619.0,233.0,,,,,,,,0.0,0.0,0.0,0.0,0.0,0.0,0.0,0.0,0.0,35,0,0.0,0.0,0.0,0.0,0.0,0.0,0.0,0.0,0.0,0.0,0.0,0.0,0.0,0.0,0.0,14.0,0.0,0.0,0.0,0.0,0.0,0.0,0.0,0.0,0.0,0.0,0.0,0.0,0.0
702,Bradley,Burrowes,Burrowes,a,,,4.3,624,371.0,0.1,466,162.0,0.0,575.0,196.0,0,0,0.0,-2,2.0,2041,509,0.0,0.2,0.5,0.0,1.0,478.0,209.0,,,666.0,250.0,491.0,238.0,640.0,244.0,668.0,252.0,,,,,,,,0.0,0.0,0.0,5.06,0.0,0.0,5.62,0.0,5.62,35,0,0.0,0.0,0.0,0.0,0.0,0.0,0.0,0.0,0.0,0.0,0.0,0.0,0.0,0.0,2516.0,645.0,0.0,0.0,0.0,0.0,0.0,0.0,0.0,0.0,0.0,0.0,0.0,0.0,0.0
792,Alysson Edward Franco,da Rocha dos Santos,Alysson,a,,,5.0,282,175.0,0.0,784,340.0,0.0,768.0,334.0,0,0,0.0,0,0.0,17,12,0.0,0.6,0.5,0.0,1.0,508.0,233.0,100.0,100.0,495.0,226.0,460.0,220.0,423.0,207.0,487.0,222.0,,,,,,,,0.1,0.1,0.2,3.58,0.0,0.0,3.83,0.0,7.66,35,0,0.0,0.0,0.0,0.0,0.0,0.0,0.0,0.0,0.0,0.0,0.0,0.0,0.0,0.0,24.0,14.0,0.0,0.0,0.0,0.0,0.0,0.0,0.0,0.0,0.0,0.0,0.0,0.0,0.0
69,Callan,McKenna,McKenna,a,,,3.9,788,93.0,0.2,357,51.0,0.0,446.0,51.0,0,0,0.0,-1,1.0,158,271,0.0,0.0,0.0,0.0,0.0,579.0,62.0,,,567.0,62.0,556.0,47.0,524.0,33.0,569.0,62.0,,,,,,,,0.0,0.0,0.0,0.0,0.0,0.0,0.0,0.0,0.0,35,0,0.0,0.0,0.0,0.0,0.0,0.0,0.0,0.0,0.0,0.0,0.0,0.0,0.0,0.0,208.0,384.0,0.0,0.0,0.0,0.0,0.0,0.0,0.0,0.0,0.0,0.0,0.0,0.0,0.0
75,Matai,Akinmboni,Akinmboni,a,,,3.8,814,252.0,0.2,380,138.0,0.0,408.0,152.0,0,0,0.0,-2,2.0,213,132,0.0,0.0,0.0,0.0,0.0,546.0,197.0,100.0,100.0,534.0,196.0,518.0,195.0,485.0,189.0,536.0,196.0,,,,,,,,0.0,0.0,0.0,0.0,0.0,0.0,0.0,0.0,0.0,35,0,0.0,0.0,0.0,0.0,0.0,0.0,0.0,0.0,0.0,0.0,0.0,0.0,0.0,0.0,260.0,173.0,0.0,0.0,0.0,0.0,0.0,0.0,0.0,0.0,0.0,0.0,0.0,0.0,0.0
90,Alex,Scott,Scott,a,,,5.0,271,166.0,2.3,132,43.0,5.0,33.0,11.0,3,-1,1.0,0,0.0,9933,28568,1.0,25.6,5.0,5.0,3.7,98.0,43.0,100.0,100.0,74.0,24.0,56.0,47.0,95.0,56.0,64.0,39.0,3.0,6.0,,,,,,0.13,0.1,0.23,1.5,0.0,0.34,1.35,1.08,12.01,35,3,90.0,0.0,0.0,1.0,0.0,0.0,0.0,0.0,0.0,0.0,0.0,1.0,0.0,17.0,18401.0,43541.0,0.0,0.040000000000000036,0.2999999999999998,0.33999999999999986,0.8900000000000006,12.799999999999955,36.89999999999998,9.0,5.900000000000006,2.0,1.0,7.0,10.0
13,Brayden,Clarke,Clarke,a,,,3.7,829,266.0,0.4,279,106.0,0.0,389.0,136.0,0,0,0.0,-3,3.0,1416,703,0.0,0.0,1.0,1.0,0.0,533.0,186.0,,,521.0,185.0,504.0,184.0,471.0,178.0,523.0,185.0,,,,,,,,0.0,0.0,0.0,0.0,0.0,0.0,0.0,0.0,0.0,35,0,0.0,0.0,0.0,0.0,0.0,0.0,0.0,0.0,0.0,0.0,0.0,0.0,0.0,0.0,1928.0,997.0,0.0,0.0,0.0,0.0,0.0,0.0,0.0,0.0,0.0,0.0,0.0,0.0,0.0
101,Caoimhín,Kelleher,Kelleher,a,,,4.8,351,12.0,12.2,31,4.0,4.5,52.0,4.0,8,0,0.0,3,-3.0,15080,62625,0.9,27.5,4.0,4.5,3.9,68.0,6.0,100.0,100.0,21.0,5.0,401.0,4.0,763.0,87.0,176.0,5.0,,,,,,,,0.0,0.01,0.01,1.35,2.71,0.29,1.26,1.0,0.0,35,8,90.0,0.0,0.0,1.0,0.0,0.0,0.0,0.0,0.0,0.0,4.0,1.0,1.0,32.0,24739.0,84670.0,0.0,0.0,0.0,0.0,0.9200000000000017,29.0,0.0,0.0,2.8999999999999915,0.0,1.0,8.0,0.0
44,Lamare,Bogarde,Bogarde,a,,,4.0,712,184.0,0.5,261,100.0,0.8,285.0,90.0,1,0,0.0,0,0.0,793,739,0.2,9.2,1.3,0.8,1.4,425.0,153.0,100.0,100.0,359.0,135.0,348.0,120.0,403.0,146.0,393.0,139.0,,,,,,,,0.0,0.02,0.02,1.31,0.0,0.19,1.5,0.94,5.16,35,1,90.0,0.0,0.0,0.0,2.0,0.0,0.0,0.0,0.0,0.0,0.0,1.0,0.0,4.0,1095.0,1087.0,0.0,0.0,0.0,0.0,0.9900000000000002,9.600000000000009,1.3000000000000043,0.0,1.1000000000000014,4.0,1.0,2.0,5.0
137,Iwan,Morgan,Morgan,u,has joined Shrewsbury on loan for the rest of the season.,,4.4,558,78.0,0.3,332,53.0,0.0,595.0,62.0,0,0,0.0,-1,1.0,0,110,0.0,0.0,0.0,0.0,0.0,689.0,72.0,0.0,0.0,681.0,71.0,677.0,70.0,658.0,70.0,683.0,71.0,,,,,,,,0.0,0.0,0.0,0.0,0.0,0.0,0.0,0.0,0.0,35,0,0.0,0.0,0.0,0.0,0.0,0.0,0.0,0.0,0.0,0.0,0.0,0.0,0.0,0.0,0.0,149.0,0.0,0.0,0.0,0.0,0.0,0.0,0.0,0.0,0.0,0.0,0.0,0.0,0.0
761,Freddie,Simmonds,Simmonds,a,,,4.0,736,203.0,0.0,688,245.0,0.0,514.0,207.0,0,0,0.0,0,0.0,46,47,0.0,0.0,1.0,0.5,0.0,638.0,242.0,,,627.0,242.0,621.0,242.0,591.0,239.0,629.0,242.0,,,,,,,,0.0,0.0,0.0,0.0,0.0,0.0,0.0,0.0,0.0,35,0,0.0,0.0,0.0,0.0,0.0,0.0,0.0,0.0,0.0,0.0,0.0,0.0,0.0,0.0,60.0,61.0,0.0,0.0,0.0,0.0,0.0,0.0,0.0,0.0,0.0,0.0,0.0,0.0,0.0
323,Samuel,Amissah,Amissah,a,,,3.8,821,258.0,0.1,429,159.0,0.0,413.0,156.0,0,0,0.0,-2,2.0,112,174,0.0,0.0,0.0,-1.0,0.0,550.0,200.0,,,538.0,199.0,523.0,199.0,491.0,194.0,540.0,199.0,,,,,,,,0.0,0.0,0.0,0.0,0.0,0.0,0.0,0.0,0.0,35,0,0.0,0.0,0.0,0.0,0.0,0.0,0.0,0.0,0.0,0.0,0.0,0.0,0.0,0.0,179.0,254.0,0.0,0.0,0.0,0.0,0.0,0.0,0.0,0.0,0.0,0.0,0.0,0.0,0.0
404,Manuel,Akanji,Akanji,u,has joined Inter Milan on loan for the rest of the season.,,5.4,161,19.0,0.3,349,127.0,0.0,790.0,262.0,0,0,0.0,-1,1.0,0,28,0.0,0.0,0.0,0.0,0.0,812.0,268.0,0.0,0.0,811.0,268.0,811.0,268.0,810.0,268.0,811.0,268.0,,,,,,,,0.0,0.0,0.0,0.0,0.0,0.0,0.0,0.0,0.0,35,0,0.0,0.0,0.0,0.0,0.0,0.0,0.0,0.0,0.0,0.0,0.0,0.0,0.0,0.0,0.0,30.0,0.0,0.0,0.0,0.0,0.0,0.0,0.0,0.0,0.0,0.0,0.0,0.0,0.0
753,John,Ruddy,Ruddy,a,,,4.0,664,38.0,0.0,683,82.0,0.0,451.0,52.0,0,0,0.0,0,0.0,37,39,0.0,0.0,0.0,-0.5,0.0,583.0,63.0,,,571.0,63.0,560.0,48.0,529.0,34.0,573.0,63.0,,,,,,,,0.0,0.0,0.0,0.0,0.0,0.0,0.0,0.0,0.0,35,0,0.0,0.0,0.0,0.0,0.0,0.0,0.0,0.0,0.0,0.0,0.0,0.0,0.0,0.0,59.0,47.0,0.0,0.0,0.0,0.0,0.0,0.0,0.0,0.0,0.0,0.0,0.0,0.0,0.0
669,Dan,Ndoye,Ndoye,d,Knock - 50% chance of playing,,5.5,144,90.0,0.7,235,82.0,0.2,379.0,174.0,0,0,0.0,-5,5.0,12,519,0.0,9.1,0.1,0.2,2.1,336.0,145.0,50.0,75.0,324.0,143.0,176.0,117.0,191.0,102.0,263.0,131.0,4.0,,,,,,,0.08,0.12,0.2,1.23,0.0,0.15,1.31,1.08,7.4,35,0,0.0,0.0,0.0,0.0,0.0,0.0,0.0,0.0,0.0,0.0,0.0,0.0,0.0,0.0,25.0,669.0,0.0,0.0,0.0,0.0,0.0,0.0,0.0,0.0,0.0,0.0,0.0,0.0,0.0
675,Angus,Gunn,Gunn,a,,,4.0,670,43.0,1.1,187,22.0,0.0,455.0,55.0,0,0,0.0,0,0.0,96,454,0.0,0.2,0.0,0.0,1.0,464.0,38.0,100.0,100.0,506.0,38.0,566.0,53.0,535.0,39.0,514.0,38.0,,,,,,,,0.0,0.0,0.0,0.42,0.0,0.0,0.0,0.0,0.0,35,0,0.0,0.0,0.0,0.0,0.0,0.0,0.0,0.0,0.0,0.0,0.0,0.0,0.0,0.0,129.0,632.0,0.0,0.0,0.0,0.0,0.0,0.0,0.0,0.0,0.0,0.0,0.0,0.0,0.0
693,Omari,Hutchinson,Hutchinson,a,,,5.4,172,108.0,0.1,533,197.0,2.5,157.0,63.0,1,0,0.0,-1,1.0,300,309,0.5,13.7,2.5,2.5,2.6,257.0,107.0,,,230.0,97.0,61.0,50.0,89.0,51.0,104.0,60.0,2.0,,,,,,,0.11,0.19,0.3,1.21,0.0,0.36,1.2,0.9,6.88,35,1,10.0,0.0,0.0,0.0,1.0,0.0,0.0,0.0,0.0,0.0,0.0,0.0,0.0,2.0,399.0,474.0,0.0,0.0,0.0,0.0,0.8900000000000006,2.1999999999999886,0.5,2.0,0.5,0.0,1.0,0.0,1.0
332,Saša,Lukić,Lukić,a,,,4.9,306,191.0,0.1,564,209.0,2.5,152.0,59.0,1,0,0.0,-1,1.0,243,134,0.5,12.4,2.5,1.5,2.5,273.0,112.0,100.0,100.0,243.0,104.0,75.0,58.0,218.0,116.0,174.0,90.0,3.0,,,,,,,0.13,0.1,0.23,1.48,0.0,0.35,1.16,1.05,9.46,35,1,90.0,0.0,0.0,0.0,3.0,0.0,0.0,0.0,1.0,0.0,0.0,1.0,0.0,7.0,373.0,167.0,0.0,0.0,0.010000000000000009,0.010000000000000231,3.2300000000000004,8.200000000000045,2.8000000000000114,0.0,1.1000000000000085,1.0,4.0,5.0,10.0
333,Martial,Godo,Godo,u,has joined Strasbourg permanently.,,4.5,477,291.0,0.0,675,272.0,0.0,662.0,254.0,0,0,0.0,0,0.0,0,8,0.0,0.0,0.0,0.0,0.0,742.0,306.0,0.0,0.0,738.0,303.0,733.0,304.0,718.0,299.0,739.0,304.0,,,,,,,,0.0,0.0,0.0,0.0,0.0,0.0,0.0,0.0,0.0,35,0,0.0,0.0,0.0,0.0,0.0,0.0,0.0,0.0,0.0,0.0,0.0,0.0,0.0,0.0,0.0,9.0,0.0,0.0,0.0,0.0,0.0,0.0,0.0,0.0,0.0,0.0,0.0,0.0,0.0
334,Luke,Harris,Harris,u,Has joined Oxford United on loan for the rest of the season.,,4.5,456,273.0,0.0,821,364.0,0.0,643.0,237.0,0,0,0.0,0,0.0,0,0,0.0,0.0,0.0,0.0,0.0,726.0,292.0,0.0,0.0,720.0,287.0,716.0,289.0,699.0,282.0,721.0,288.0,,,,,,,,0.0,0.0,0.0,0.0,0.0,0.0,0.0,0.0,0.0,35,0,0.0,0.0,0.0,0.0,0.0,0.0,0.0,0.0,0.0,0.0,0.0,0.0,0.0,0.0,0.0,0.0,0.0,0.0,0.0,0.0,0.0,0.0,0.0,0.0,0.0,0.0,0.0,0.0,0.0
168,Facundo,Buonanotte,Buonanotte,a,,,4.6,404,249.0,0.1,496,178.0,0.0,703.0,286.0,0,0,0.0,-4,4.0,330,234,0.0,0.4,0.0,0.5,0.7,526.0,244.0,100.0,100.0,483.0,217.0,397.0,200.0,397.0,199.0,457.0,205.0,,,,,,,,0.05,0.13,0.18,2.43,0.0,0.0,2.61,1.3,6.52,35,0,0.0,0.0,0.0,0.0,0.0,0.0,0.0,0.0,0.0,0.0,0.0,0.0,0.0,0.0,451.0,300.0,0.0,0.0,0.0,0.0,0.0,0.0,0.0,0.0,0.0,0.0,0.0,0.0,0.0
339,Illan,Meslier,Meslier,a,,,4.1,658,36.0,0.3,310,41.0,0.0,529.0,81.0,0,0,0.0,-4,4.0,253,283,0.0,0.0,0.0,0.5,0.0,649.0,89.0,,,638.0,89.0,632.0,79.0,603.0,65.0,640.0,89.0,,,,,,,,0.0,0.0,0.0,0.0,0.0,0.0,0.0,0.0,0.0,35,0,0.0,0.0,0.0,0.0,0.0,0.0,0.0,0.0,0.0,0.0,0.0,0.0,0.0,0.0,360.0,389.0,0.0,0.0,0.0,0.0,0.0,0.0,0.0,0.0,0.0,0.0,0.0,0.0,0.0
340,Alex,Cairns,Cairns,a,,,3.9,755,74.0,0.1,428,61.0,0.0,419.0,34.0,0,0,0.0,-1,1.0,74,112,0.0,0.0,0.0,0.5,0.0,556.0,46.0,,,544.0,46.0,530.0,28.0,498.0,14.0,546.0,46.0,,,,,,,,0.0,0.0,0.0,0.0,0.0,0.0,0.0,0.0,0.0,35,0,0.0,0.0,0.0,0.0,0.0,0.0,0.0,0.0,0.0,0.0,0.0,0.0,0.0,0.0,115.0,174.0,0.0,0.0,0.0,0.0,0.0,0.0,0.0,0.0,0.0,0.0,0.0,0.0,0.0
530,Blondy,Nna Noukeu,Nna Noukeu,u,has joined US Boulogne CO permanently.,,3.9,778,88.0,0.1,481,70.0,0.0,436.0,46.0,0,0,0.0,-1,1.0,0,88,0.0,0.0,0.0,0.0,0.0,570.0,57.0,0.0,0.0,558.0,57.0,547.0,42.0,515.0,28.0,560.0,57.0,,,,,,,,0.0,0.0,0.0,0.0,0.0,0.0,0.0,0.0,0.0,35,0,0.0,0.0,0.0,0.0,0.0,0.0,0.0,0.0,0.0,0.0,0.0,0.0,0.0,0.0,0.0,128.0,0.0,0.0,0.0,0.0,0.0,0.0,0.0,0.0,0.0,0.0,0.0,0.0,0.0
282,Franco,Umeh-Chibueze,Umeh,u,has joined Portsmouth permanently.,,4.5,478,292.0,0.0,713,292.0,0.0,663.0,255.0,0,0,0.0,0,0.0,0,1,0.0,0.0,0.0,0.0,0.0,743.0,307.0,0.0,0.0,739.0,304.0,734.0,305.0,719.0,300.0,740.0,305.0,,,,,,,,0.0,0.0,0.0,0.0,0.0,0.0,0.0,0.0,0.0,35,0,0.0,0.0,0.0,0.0,0.0,0.0,0.0,0.0,0.0,0.0,0.0,0.0,0.0,0.0,0.0,1.0,0.0,0.0,0.0,0.0,0.0,0.0,0.0,0.0,0.0,0.0,0.0,0.0,0.0
283,Jean-Philippe,Mateta,Mateta,a,,,7.6,21,7.0,9.1,46,10.0,4.0,81.0,14.0,1,0,0.0,1,-1.0,193321,16415,0.5,13.3,7.5,4.0,3.6,120.0,12.0,100.0,100.0,110.0,11.0,239.0,27.0,15.0,10.0,59.0,14.0,,,2.0,,,,,0.58,0.06,0.64,1.22,0.0,0.35,1.12,1.04,5.36,35,1,25.0,0.0,0.0,0.0,1.0,0.0,0.0,0.0,0.0,0.0,0.0,0.0,0.0,2.0,213193.0,27513.0,0.0,0.08000000000000007,0.0,0.08000000000000007,0.4200000000000017,8.0,10.5,4.0,2.3000000000000114,1.0,2.0,0.0,3.0
285,Odsonne,Édouard,Édouard,u,has joined RC Lens permanently.,,5.0,246,53.0,0.2,373,58.0,0.0,751.0,80.0,0,0,0.0,0,0.0,0,22,0.0,0.2,0.0,0.0,1.0,506.0,62.0,0.0,0.0,500.0,57.0,793.0,88.0,789.0,88.0,513.0,63.0,,,,,,,,0.0,0.0,0.0,12.15,0.0,0.0,0.0,0.0,45.0,35,0,0.0,0.0,0.0,0.0,0.0,0.0,0.0,0.0,0.0,0.0,0.0,0.0,0.0,0.0,0.0,29.0,0.0,0.0,0.0,0.0,0.0,0.0,0.0,0.0,0.0,0.0,0.0,0.0,0.0
386,Alexis,Mac Allister,Mac Allister,a,,,6.2,72,48.0,1.9,142,47.0,4.2,69.0,24.0,2,0,0.0,-3,3.0,3075,13488,0.7,16.5,4.7,4.2,3.0,199.0,79.0,100.0,100.0,138.0,47.0,51.0,45.0,97.0,58.0,78.0,48.0,,,4.0,,,,,0.13,0.06,0.19,1.25,0.0,0.26,1.32,1.06,7.89,35,2,90.0,0.0,0.0,0.0,3.0,0.0,0.0,0.0,0.0,0.0,0.0,1.0,0.0,17.0,4894.0,18141.0,0.0,0.0,0.15000000000000013,0.15000000000000036,2.3400000000000034,13.399999999999977,16.0,0.0,2.9000000000000057,2.0,1.0,3.0,6.0
387,Dominik,Szoboszlai,Szoboszlai,a,,,7.0,37,22.0,12.7,30,10.0,6.0,18.0,8.0,13,-1,1.0,5,-5.0,116334,52976,0.9,21.0,6.5,6.0,4.5,30.0,12.0,100.0,100.0,19.0,6.0,2.0,2.0,78.0,45.0,6.0,4.0,1.0,2.0,2.0,,,,,0.13,0.18,0.31,1.27,0.0,0.27,1.4,1.0,9.81,35,13,90.0,1.0,1.0,0.0,3.0,0.0,0.0,0.0,0.0,0.0,0.0,1.0,3.0,47.0,124089.0,124711.0,0.0,0.16000000000000014,0.2400000000000002,0.40000000000000036,2.3399999999999963,63.799999999999955,59.5,25.0,14.800000000000011,2.0,1.0,7.0,10.0
616,Edson,Álvarez Velázquez,Álvarez,u,Has joined Fenerbahçe on loan for the rest of the season.,,4.9,307,192.0,0.0,599,225.0,0.0,728.0,303.0,0,0,0.0,-1,1.0,0,4,0.0,0.0,0.0,0.0,0.0,782.0,336.0,0.0,0.0,781.0,335.0,778.0,335.0,775.0,334.0,781.0,335.0,,,,,,,,0.0,0.0,0.0,0.0,0.0,0.0,0.0,0.0,0.0,35,0,0.0,0.0,0.0,0.0,0.0,0.0,0.0,0.0,0.0,0.0,0.0,0.0,0.0,0.0,0.0,7.0,0.0,0.0,0.0,0.0,0.0,0.0,0.0,0.0,0.0,0.0,0.0,0.0,0.0
617,Maxwel,Cornet,Cornet,u,has joined Genoa on loan for the rest of the season.,,4.9,287,177.0,0.0,717,296.0,0.0,719.0,297.0,0,0,0.0,-1,1.0,0,2,0.0,0.0,0.0,0.0,0.0,779.0,334.0,0.0,0.0,778.0,333.0,775.0,333.0,771.0,331.0,778.0,333.0,,,,,,,,0.0,0.0,0.0,0.0,0.0,0.0,0.0,0.0,0.0,35,0,0.0,0.0,0.0,0.0,0.0,0.0,0.0,0.0,0.0,0.0,0.0,0.0,0.0,0.0,0.0,2.0,0.0,0.0,0.0,0.0,0.0,0.0,0.0,0.0,0.0,0.0,0.0,0.0,0.0
20,Leandro,Trossard,Trossard,a,,,6.5,49,31.0,0.8,217,75.0,2.2,178.0,78.0,7,0,0.0,-5,5.0,7151,2217,0.3,16.6,3.2,3.2,3.7,104.0,45.0,100.0,100.0,135.0,46.0,46.0,41.0,49.0,29.0,51.0,33.0,,,4.0,,,,,0.25,0.17,0.42,0.62,0.0,0.45,0.74,0.94,6.24,35,7,90.0,0.0,1.0,1.0,0.0,0.0,0.0,0.0,0.0,0.0,0.0,1.0,1.0,41.0,8368.0,3605.0,0.0,0.11000000000000032,0.6400000000000001,0.75,0.3699999999999992,31.0,36.299999999999955,35.0,10.200000000000017,0.0,0.0,5.0,5.0
23,Fábio,Ferreira Vieira,Fábio Vieira,u,has joined Hamburger on loan for the rest of the season.,,5.4,164,102.0,0.0,693,279.0,0.0,792.0,349.0,0,0,0.0,-1,1.0,0,2,0.0,0.0,0.0,0.0,0.0,814.0,360.0,0.0,0.0,813.0,359.0,813.0,359.0,812.0,359.0,813.0,359.0,,,,,,,,0.0,0.0,0.0,0.0,0.0,0.0,0.0,0.0,0.0,35,0,0.0,0.0,0.0,0.0,0.0,0.0,0.0,0.0,0.0,0.0,0.0,0.0,0.0,0.0,0.0,2.0,0.0,0.0,0.0,0.0,0.0,0.0,0.0,0.0,0.0,0.0,0.0,0.0,0.0
55,Ross,Barkley,Barkley,a,,,4.8,346,217.0,0.1,507,185.0,1.5,224.0,98.0,1,0,0.0,-2,2.0,352,758,0.3,8.5,2.0,1.5,2.3,300.0,127.0,100.0,100.0,328.0,146.0,261.0,161.0,242.0,133.0,316.0,154.0,,,,,,,,0.11,0.16,0.27,1.29,0.0,0.14,1.42,0.71,8.65,35,1,84.0,0.0,0.0,0.0,2.0,0.0,0.0,0.0,1.0,0.0,0.0,1.0,0.0,-4.0,451.0,1200.0,0.0,0.0,0.010000000000000009,0.010000000000000009,0.9900000000000002,0.0,13.800000000000011,0.0,1.2999999999999972,0.0,0.0,4.0,4.0
57,Lewis,Dobbin,Dobbin,u,Has joined Preston North End on loan for the rest of the season.,,5.0,260,158.0,0.0,670,269.0,0.0,755.0,324.0,0,0,0.0,0,0.0,0,3,0.0,0.0,0.0,0.0,0.0,798.0,349.0,0.0,0.0,797.0,348.0,796.0,348.0,792.0,347.0,797.0,348.0,,,,,,,,0.0,0.0,0.0,0.0,0.0,0.0,0.0,0.0,0.0,35,0,0.0,0.0,0.0,0.0,0.0,0.0,0.0,0.0,0.0,0.0,0.0,0.0,0.0,0.0,0.0,3.0,0.0,0.0,0.0,0.0,0.0,0.0,0.0,0.0,0.0,0.0,0.0,0.0,0.0
111,Ethan,Pinnock,Pinnock,a,,,4.2,635,144.0,0.1,450,167.0,0.0,536.0,223.0,0,0,0.0,-3,3.0,104,436,0.0,3.3,-0.5,0.0,3.5,121.0,41.0,100.0,100.0,390.0,144.0,478.0,173.0,364.0,121.0,418.0,149.0,,,,,,,,0.0,0.02,0.02,1.05,0.0,0.28,1.42,1.13,11.89,35,0,0.0,0.0,0.0,0.0,0.0,0.0,0.0,0.0,0.0,0.0,0.0,0.0,0.0,0.0,140.0,584.0,0.0,0.0,0.0,0.0,0.0,0.0,0.0,0.0,0.0,0.0,0.0,0.0,0.0
165,Abdallah,Sima,Sima,u,has joined Lens permanently.,,5.4,175,111.0,0.0,740,311.0,0.0,798.0,353.0,0,0,0.0,-1,1.0,0,0,0.0,0.0,0.0,0.0,0.0,817.0,362.0,0.0,0.0,816.0,361.0,816.0,361.0,815.0,361.0,816.0,361.0,,,,,,,,0.0,0.0,0.0,0.0,0.0,0.0,0.0,0.0,0.0,35,0,0.0,0.0,0.0,0.0,0.0,0.0,0.0,0.0,0.0,0.0,0.0,0.0,0.0,0.0,0.0,0.0,0.0,0.0,0.0,0.0,0.0,0.0,0.0,0.0,0.0,0.0,0.0,0.0,0.0
795,Harry,Howell,Howell,a,,,4.5,494,304.0,0.0,768,327.0,0.0,678.0,267.0,0,0,0.0,0,0.0,45,31,0.0,0.9,1.0,0.5,1.3,438.0,193.0,,,471.0,208.0,453.0,218.0,455.0,224.0,480.0,217.0,,,,,,,,0.0,0.03,0.03,1.02,0.0,0.0,1.96,0.98,6.85,35,0,0.0,0.0,0.0,0.0,0.0,0.0,0.0,0.0,0.0,0.0,0.0,0.0,0.0,0.0,62.0,43.0,0.0,0.0,0.0,0.0,0.0,0.0,0.0,0.0,0.0,0.0,0.0,0.0,0.0
253,Dean,Henderson,Henderson,a,,,5.1,226,7.0,9.5,41,7.0,2.8,135.0,12.0,2,0,0.0,1,-1.0,106551,11692,0.5,24.7,5.1,2.8,3.8,83.0,9.0,,,32.0,9.0,439.0,16.0,804.0,94.0,197.0,9.0,,,,,,,,0.0,0.0,0.0,1.33,2.85,0.33,1.27,1.0,0.0,35,2,90.0,0.0,0.0,0.0,3.0,0.0,0.0,0.0,0.0,0.0,3.0,1.0,0.0,0.0,156664.0,26286.0,0.0,0.0,0.009999999999999995,0.009999999999999995,2.0799999999999983,13.399999999999977,0.0,0.0,1.3000000000000114,0.0,1.0,10.0,0.0
254,Walter,Benítez,Benitez,a,,,3.9,757,75.0,0.3,314,43.0,0.0,421.0,35.0,0,0,0.0,-1,1.0,269,511,0.0,1.8,-0.5,0.0,7.0,1.0,1.0,100.0,100.0,457.0,36.0,531.0,29.0,499.0,15.0,477.0,36.0,,,,,,,,0.0,0.0,0.0,1.12,3.0,1.0,0.0,1.0,0.0,35,0,0.0,0.0,0.0,0.0,0.0,0.0,0.0,0.0,0.0,0.0,0.0,0.0,0.0,0.0,327.0,736.0,0.0,0.0,0.0,0.0,0.0,0.0,0.0,0.0,0.0,0.0,0.0,0.0,0.0
255,Remi,Matthews,Matthews,a,,,3.9,760,78.0,0.1,487,71.0,0.0,423.0,37.0,0,0,0.0,-1,1.0,63,99,0.0,0.0,-0.5,0.0,0.0,558.0,48.0,,,546.0,48.0,534.0,32.0,502.0,18.0,548.0,48.0,,,,,,,,0.0,0.0,0.0,0.0,0.0,0.0,0.0,0.0,0.0,35,0,0.0,0.0,0.0,0.0,0.0,0.0,0.0,0.0,0.0,0.0,0.0,0.0,0.0,0.0,77.0,159.0,0.0,0.0,0.0,0.0,0.0,0.0,0.0,0.0,0.0,0.0,0.0,0.0,0.0
277,Malcolm,Ebiowei,Ebiowei,u,Has joined Blackpool permanently.,,4.5,437,259.0,0.0,808,356.0,0.0,628.0,224.0,0,0,0.0,0,0.0,0,1,0.0,0.0,0.0,0.0,0.0,713.0,280.0,0.0,0.0,706.0,274.0,703.0,277.0,686.0,270.0,708.0,276.0,,,,,,,,0.0,0.0,0.0,0.0,0.0,0.0,0.0,0.0,0.0,35,0,0.0,0.0,0.0,0.0,0.0,0.0,0.0,0.0,0.0,0.0,0.0,0.0,0.0,0.0,0.0,1.0,0.0,0.0,0.0,0.0,0.0,0.0,0.0,0.0,0.0,0.0,0.0,0.0,0.0
278,Jesurun,Rak-Sakyi,J.Rak-Sakyi,u,has joined Stoke City on loan for the rest of the season.,,4.4,546,327.0,0.0,657,259.0,0.0,587.0,199.0,0,0,0.0,-1,1.0,0,10,0.0,0.0,0.0,0.0,0.0,683.0,261.0,0.0,0.0,674.0,253.0,671.0,257.0,650.0,247.0,676.0,255.0,,,,,,,,0.0,0.0,0.0,0.0,0.0,0.0,0.0,0.0,0.0,35,0,0.0,0.0,0.0,0.0,0.0,0.0,0.0,0.0,0.0,0.0,0.0,0.0,0.0,0.0,0.0,12.0,0.0,0.0,0.0,0.0,0.0,0.0,0.0,0.0,0.0,0.0,0.0,0.0,0.0
284,Eddie,Nketiah,Nketiah,i,Hamstring injury - Expected back 01 Jun,,5.4,159,39.0,0.3,336,55.0,0.0,789.0,84.0,0,0,0.0,-1,1.0,45,178,0.0,4.3,0.0,0.0,1.9,357.0,40.0,0.0,0.0,362.0,38.0,305.0,35.0,195.0,43.0,332.0,40.0,,,,,,,,0.38,0.1,0.48,2.06,0.0,0.0,2.61,0.43,8.26,35,0,0.0,0.0,0.0,0.0,0.0,0.0,0.0,0.0,0.0,0.0,0.0,0.0,0.0,0.0,59.0,234.0,0.0,0.0,0.0,0.0,0.0,0.0,0.0,0.0,0.0,0.0,0.0,0.0,0.0
723,Jaydee,Canvot,Canvot,a,,,4.5,514,98.0,0.6,258,99.0,4.2,61.0,26.0,0,0,0.0,0,0.0,20053,1635,0.9,14.4,7.9,4.2,3.8,79.0,29.0,100.0,100.0,224.0,89.0,366.0,131.0,357.0,118.0,328.0,111.0,,,,,,,,0.1,0.02,0.12,1.61,0.0,0.42,1.36,0.93,11.88,35,0,90.0,0.0,0.0,0.0,3.0,0.0,0.0,0.0,1.0,0.0,0.0,1.0,0.0,-4.0,40563.0,5831.0,0.0,0.0,0.0,0.0,2.080000000000002,14.0,0.8000000000000043,0.0,1.5,3.0,3.0,2.0,6.0
15,Josh,Nichols,Nichols,a,,,3.7,827,264.0,0.2,358,130.0,0.0,387.0,134.0,0,0,0.0,-3,3.0,242,561,0.0,0.0,1.0,1.0,0.0,532.0,185.0,,,520.0,184.0,502.0,182.0,469.0,176.0,522.0,184.0,,,,,,,,0.0,0.0,0.0,0.0,0.0,0.0,0.0,0.0,0.0,35,0,0.0,0.0,0.0,0.0,0.0,0.0,0.0,0.0,0.0,0.0,0.0,0.0,0.0,0.0,332.0,749.0,0.0,0.0,0.0,0.0,0.0,0.0,0.0,0.0,0.0,0.0,0.0,0.0,0.0
243,Tyrique,George,George,a,,,4.8,374,234.0,0.1,551,205.0,0.8,299.0,140.0,0,0,0.0,-2,2.0,66,91,0.2,2.7,0.8,0.3,1.1,453.0,201.0,100.0,100.0,452.0,202.0,382.0,193.0,259.0,141.0,398.0,183.0,,,,,,,,0.19,0.22,0.41,1.72,0.0,0.3,2.13,0.3,5.78,35,0,0.0,0.0,0.0,0.0,0.0,0.0,0.0,0.0,0.0,0.0,0.0,0.0,0.0,0.0,95.0,117.0,0.0,0.0,0.0,0.0,0.0,0.0,0.0,0.0,0.0,0.0,0.0,0.0,0.0
287,Jordan,Pickford,Pickford,a,,,5.6,124,2.0,12.9,29,3.0,0.8,307.0,23.0,1,0,0.0,1,-1.0,15858,34288,0.1,23.0,0.8,0.3,3.7,102.0,13.0,,,15.0,4.0,406.0,5.0,462.0,3.0,172.0,4.0,,,,,,,,0.0,0.0,0.0,1.48,2.66,0.31,1.26,1.0,0.0,35,1,90.0,0.0,0.0,0.0,3.0,0.0,0.0,0.0,0.0,0.0,1.0,1.0,0.0,5.0,18457.0,62025.0,0.0,0.0,0.0,0.0,1.4500000000000028,15.199999999999932,10.0,0.0,2.5,0.0,2.0,10.0,0.0
31,Gabriel,Fernando de Jesus,G.Jesus,a,,,6.4,57,21.0,0.3,315,50.0,0.5,341.0,46.0,1,0,0.0,-1,1.0,445,1064,0.1,3.0,1.5,1.5,1.5,422.0,51.0,100.0,100.0,374.0,42.0,379.0,50.0,139.0,33.0,336.0,41.0,,,,,,,,0.48,0.06,0.54,0.98,0.0,0.0,1.57,0.52,7.06,35,1,26.0,0.0,0.0,0.0,0.0,0.0,0.0,0.0,0.0,0.0,0.0,0.0,0.0,0.0,708.0,1348.0,0.0,0.0,0.0,0.0,0.17000000000000037,1.0,1.0,0.0,0.20000000000000284,0.0,1.0,0.0,1.0
299,Iliman,Ndiaye,Ndiaye,a,,,6.2,73,49.0,4.4,87,30.0,2.5,159.0,65.0,2,0,0.0,-3,3.0,14273,17959,0.4,19.7,2.5,2.0,4.2,49.0,22.0,100.0,100.0,70.0,22.0,63.0,51.0,39.0,21.0,41.0,29.0,,,1.0,,,,,0.22,0.15,0.37,1.37,0.0,0.29,1.36,1.04,9.53,35,2,90.0,0.0,0.0,0.0,3.0,0.0,0.0,0.0,0.0,0.0,0.0,1.0,0.0,6.0,16496.0,31732.0,0.0,0.8899999999999997,0.009999999999999787,0.9000000000000004,1.4500000000000028,14.600000000000023,11.799999999999955,46.0,7.199999999999989,1.0,1.0,4.0,6.0
779,Braiden,Graham,Graham,a,,,4.5,508,72.0,0.0,611,82.0,0.0,690.0,73.0,0,0,0.0,0,0.0,183,154,0.0,0.0,0.0,-0.5,0.0,764.0,83.0,,,763.0,83.0,757.0,82.0,743.0,82.0,763.0,83.0,,,,,,,,0.0,0.0,0.0,0.0,0.0,0.0,0.0,0.0,0.0,35,0,0.0,0.0,0.0,0.0,0.0,0.0,0.0,0.0,0.0,0.0,0.0,0.0,0.0,0.0,225.0,228.0,0.0,0.0,0.0,0.0,0.0,0.0,0.0,0.0,0.0,0.0,0.0,0.0,0.0
77,James,Hill,Hill,a,,,4.2,638,146.0,7.5,56,18.0,4.5,48.0,20.0,10,0,0.0,2,-2.0,15616,28342,1.1,23.8,4.5,4.5,3.8,77.0,27.0,,,99.0,44.0,245.0,62.0,262.0,71.0,186.0,63.0,,,,,,,,0.04,0.06,0.1,1.41,0.0,0.34,1.08,0.93,11.5,35,10,90.0,0.0,0.0,1.0,0.0,0.0,0.0,0.0,0.0,0.0,0.0,1.0,2.0,31.0,27929.0,58063.0,0.0,0.0,0.039999999999999813,0.040000000000000036,0.8900000000000006,31.799999999999955,11.099999999999994,2.0,4.5,4.0,11.0,7.0,15.0
85,Tyler,Adams,Adams,a,,,4.9,298,186.0,0.3,341,117.0,2.2,166.0,68.0,3,0,0.0,-1,1.0,666,211,0.4,14.1,2.2,2.2,3.1,187.0,73.0,100.0,100.0,201.0,82.0,247.0,156.0,261.0,143.0,251.0,124.0,,,,,,,,0.04,0.04,0.08,1.34,0.0,0.41,1.52,1.11,11.32,35,3,68.0,0.0,0.0,1.0,0.0,0.0,0.0,0.0,0.0,0.0,0.0,1.0,0.0,7.0,825.0,299.0,0.0,0.0,0.08999999999999997,0.08999999999999986,0.25,7.600000000000023,28.799999999999997,2.0,3.799999999999997,0.0,1.0,2.0,3.0
113,Sepp,van den Berg,Van den Berg,a,,,4.5,436,89.0,1.1,184,71.0,3.8,84.0,35.0,6,0,0.0,0,0.0,1114,12709,0.8,23.3,3.3,3.8,3.5,123.0,43.0,100.0,100.0,64.0,30.0,303.0,98.0,103.0,12.0,129.0,38.0,,,,,,,,0.11,0.03,0.14,1.3,0.0,0.27,1.35,0.98,8.69,35,6,90.0,0.0,0.0,1.0,0.0,0.0,0.0,0.0,0.0,0.0,0.0,1.0,0.0,27.0,2273.0,17234.0,0.0,0.31000000000000005,0.009999999999999898,0.3200000000000003,0.9200000000000017,14.800000000000068,1.2000000000000028,24.0,4.0,3.0,5.0,0.0,8.0
114,Benjamin,Arthur,Arthur,u,has joined Celtic on loan for the rest of the season.,,3.8,822,259.0,0.2,394,147.0,0.0,414.0,157.0,0,0,0.0,-2,2.0,0,112,0.0,0.0,0.0,0.0,0.0,551.0,201.0,0.0,0.0,539.0,200.0,524.0,200.0,492.0,195.0,541.0,200.0,,,,,,,,0.0,0.0,0.0,0.0,0.0,0.0,0.0,0.0,0.0,35,0,0.0,0.0,0.0,0.0,0.0,0.0,0.0,0.0,0.0,0.0,0.0,0.0,0.0,0.0,0.0,171.0,0.0,0.0,0.0,0.0,0.0,0.0,0.0,0.0,0.0,0.0,0.0,0.0,0.0
562,Ahmed,Abdullahi,Abdullahi,a,,,4.2,650,91.0,0.4,281,43.0,0.0,545.0,55.0,0,0,0.0,-3,3.0,415,658,0.0,0.0,-0.5,0.5,0.0,659.0,67.0,,,649.0,66.0,644.0,65.0,619.0,65.0,651.0,66.0,,,,,,,,0.0,0.0,0.0,0.0,0.0,0.0,0.0,0.0,0.0,35,0,0.0,0.0,0.0,0.0,0.0,0.0,0.0,0.0,0.0,0.0,0.0,0.0,0.0,0.0,523.0,1013.0,0.0,0.0,0.0,0.0,0.0,0.0,0.0,0.0,0.0,0.0,0.0,0.0,0.0
576,Ashley,Phillips,Phillips,u,Has joined Stoke City on loan for the rest of the season.,,4.0,719,189.0,0.0,742,255.0,0.0,497.0,193.0,0,0,0.0,0,0.0,0,3,0.0,0.0,0.0,0.0,0.0,622.0,229.0,0.0,0.0,611.0,229.0,605.0,229.0,575.0,226.0,613.0,229.0,,,,,,,,0.0,0.0,0.0,0.0,0.0,0.0,0.0,0.0,0.0,35,0,0.0,0.0,0.0,0.0,0.0,0.0,0.0,0.0,0.0,0.0,0.0,0.0,0.0,0.0,0.0,3.0,0.0,0.0,0.0,0.0,0.0,0.0,0.0,0.0,0.0,0.0,0.0,0.0,0.0
639,Bastien,Meupiyou Menadjou,Meupiyou,u,On loan to FC Alverca,,4.0,724,192.0,0.0,774,261.0,0.0,502.0,196.0,0,0,0.0,0,0.0,0,0,0.0,0.0,0.0,0.0,0.0,627.0,232.0,0.0,0.0,616.0,232.0,610.0,232.0,580.0,229.0,618.0,232.0,,,,,,,,0.0,0.0,0.0,0.0,0.0,0.0,0.0,0.0,0.0,35,0,0.0,0.0,0.0,0.0,0.0,0.0,0.0,0.0,0.0,0.0,0.0,0.0,0.0,0.0,0.0,1.0,0.0,0.0,0.0,0.0,0.0,0.0,0.0,0.0,0.0,0.0,0.0,0.0,0.0
651,Tom,Edozie,Edozie,a,,,4.3,617,365.0,0.4,295,103.0,0.5,323.0,152.0,1,0,0.0,-2,2.0,251,707,0.1,1.9,-0.5,0.0,2.7,231.0,92.0,,,438.0,191.0,488.0,235.0,384.0,194.0,452.0,202.0,,,,,,,,1.72,0.0,1.72,1.5,0.0,0.0,0.0,0.0,7.5,35,1,1.0,0.0,0.0,0.0,0.0,0.0,0.0,0.0,0.0,0.0,0.0,0.0,0.0,3.0,332.0,1031.0,0.0,0.0,0.0,0.0,0.0,0.0,0.0,0.0,0.0,0.0,0.0,0.0,0.0
653,Joe,Hodge,Hodge,u,Signed by CD Tondela,,4.5,428,254.0,0.0,668,268.0,0.0,621.0,219.0,0,0,0.0,0,0.0,0,6,0.0,0.0,0.0,0.0,0.0,709.0,276.0,0.0,0.0,702.0,270.0,698.0,273.0,680.0,265.0,704.0,272.0,,,,,,,,0.0,0.0,0.0,0.0,0.0,0.0,0.0,0.0,0.0,35,0,0.0,0.0,0.0,0.0,0.0,0.0,0.0,0.0,0.0,0.0,0.0,0.0,0.0,0.0,0.0,7.0,0.0,0.0,0.0,0.0,0.0,0.0,0.0,0.0,0.0,0.0,0.0,0.0,0.0
655,Fábio,Soares Silva,Fábio Silva,u,has joined Borussia Dortmund permanently.,,4.9,325,61.0,0.2,408,61.0,0.0,738.0,78.0,0,0,0.0,-1,1.0,0,21,0.0,0.0,0.0,0.0,0.0,789.0,87.0,0.0,0.0,788.0,87.0,785.0,86.0,782.0,86.0,788.0,87.0,,,,,,,,0.0,0.0,0.0,0.0,0.0,0.0,0.0,0.0,0.0,35,0,0.0,0.0,0.0,0.0,0.0,0.0,0.0,0.0,0.0,0.0,0.0,0.0,0.0,0.0,0.0,27.0,0.0,0.0,0.0,0.0,0.0,0.0,0.0,0.0,0.0,0.0,0.0,0.0,0.0
703,Sam,Proctor,Proctor,a,,,3.9,786,92.0,0.6,250,33.0,0.0,444.0,50.0,0,0,0.0,-1,1.0,165,718,0.0,0.0,0.5,0.0,0.0,577.0,61.0,,,565.0,61.0,554.0,46.0,522.0,32.0,567.0,61.0,,,,,,,,0.0,0.0,0.0,0.0,0.0,0.0,0.0,0.0,0.0,35,0,0.0,0.0,0.0,0.0,0.0,0.0,0.0,0.0,0.0,0.0,0.0,0.0,0.0,0.0,203.0,953.0,0.0,0.0,0.0,0.0,0.0,0.0,0.0,0.0,0.0,0.0,0.0,0.0,0.0
312,Youssef,Ramalho Chermiti,Y.Chermiti,u,has joined Rangers permanently.,,4.9,330,62.0,0.1,556,77.0,0.0,741.0,79.0,0,0,0.0,-1,1.0,0,5,0.0,0.0,0.0,0.0,0.0,791.0,88.0,0.0,0.0,790.0,88.0,787.0,87.0,784.0,87.0,790.0,88.0,,,,,,,,0.0,0.0,0.0,0.0,0.0,0.0,0.0,0.0,0.0,35,0,0.0,0.0,0.0,0.0,0.0,0.0,0.0,0.0,0.0,0.0,0.0,0.0,0.0,0.0,0.0,5.0,0.0,0.0,0.0,0.0,0.0,0.0,0.0,0.0,0.0,0.0,0.0,0.0,0.0
570,Kevin,Danso,Danso,a,,,4.2,630,141.0,0.2,409,152.0,2.8,130.0,50.0,3,0,0.0,-3,3.0,1085,386,0.7,11.7,2.8,2.8,2.3,296.0,109.0,100.0,100.0,202.0,81.0,381.0,136.0,308.0,93.0,304.0,103.0,,,,,,,,0.03,0.02,0.05,1.31,0.0,0.22,1.62,1.03,11.89,35,3,90.0,0.0,0.0,0.0,1.0,0.0,0.0,0.0,1.0,0.0,0.0,1.0,0.0,13.0,1279.0,1087.0,0.0,0.09000000000000002,0.0,0.08999999999999997,0.3200000000000003,22.80000000000001,0.8000000000000043,26.0,5.0,3.0,7.0,4.0,10.0
313,Martin,Sherif,Sherif,u,has joined Port Vale on loan for the rest of the season.,,4.4,559,79.0,0.1,459,65.0,0.0,596.0,63.0,0,0,0.0,-1,1.0,0,44,0.0,0.0,0.0,0.0,0.0,690.0,73.0,0.0,0.0,682.0,72.0,678.0,71.0,659.0,71.0,684.0,72.0,,,,,,,,0.0,0.0,0.0,0.0,0.0,0.0,0.0,0.0,0.0,35,0,0.0,0.0,0.0,0.0,0.0,0.0,0.0,0.0,0.0,0.0,0.0,0.0,0.0,0.0,0.0,55.0,0.0,0.0,0.0,0.0,0.0,0.0,0.0,0.0,0.0,0.0,0.0,0.0,0.0
381,Mohamed,Salah,M.Salah,d,Muscle injury - 25% chance of playing,,14.0,2,1.0,13.8,25,8.0,4.8,46.0,16.0,0,0,0.0,-5,5.0,165,30307,0.3,8.3,1.3,0.0,4.6,27.0,11.0,25.0,0.0,114.0,34.0,17.0,16.0,18.0,8.0,18.0,14.0,2.0,4.0,1.0,,,,,0.35,0.22,0.57,1.3,0.0,0.31,1.45,0.96,4.42,35,0,0.0,0.0,0.0,0.0,0.0,0.0,0.0,0.0,0.0,0.0,0.0,0.0,0.0,0.0,233.0,77319.0,0.0,0.0,0.0,0.0,0.0,0.0,0.0,0.0,0.0,0.0,0.0,0.0,0.0
392,Endo,Wataru,Endo,i,Foot injury - Expected back 24 May,,4.9,291,181.0,0.1,521,190.0,0.0,721.0,299.0,0,0,0.0,-1,1.0,8,21,0.0,2.4,0.0,0.0,1.5,415.0,178.0,0.0,0.0,419.0,182.0,410.0,204.0,437.0,211.0,438.0,198.0,,,,,,,,0.02,0.03,0.05,2.18,0.0,0.53,2.65,0.53,12.18,35,0,0.0,0.0,0.0,0.0,0.0,0.0,0.0,0.0,0.0,0.0,0.0,0.0,0.0,0.0,12.0,26.0,0.0,0.0,0.0,0.0,0.0,0.0,0.0,0.0,0.0,0.0,0.0,0.0,0.0
382,Florian,Wirtz,Wirtz,a,,,8.3,13,8.0,8.9,48,16.0,4.5,59.0,20.0,2,0,0.0,-2,2.0,11860,35595,0.5,14.8,5.0,4.5,4.0,64.0,31.0,100.0,100.0,103.0,32.0,6.0,6.0,26.0,11.0,14.0,10.0,4.0,5.0,,,,,,0.24,0.2,0.44,1.25,0.0,0.39,1.16,1.04,6.48,35,2,90.0,0.0,0.0,0.0,3.0,0.0,0.0,0.0,0.0,0.0,0.0,1.0,0.0,11.0,22108.0,48578.0,0.0,0.0600000000000005,0.0699999999999994,0.129999999999999,2.3399999999999963,6.400000000000091,39.30000000000007,7.0,5.300000000000011,1.0,0.0,4.0,5.0
406,Abdukodir,Khusanov,Khusanov,a,,,5.4,179,21.0,0.7,227,86.0,6.0,16.0,7.0,3,0,0.0,-1,1.0,13529,2631,1.1,10.9,13.0,6.5,3.1,191.0,77.0,100.0,100.0,244.0,96.0,287.0,87.0,394.0,139.0,326.0,110.0,,,,,,,,0.04,0.03,0.07,1.31,0.0,0.36,0.87,0.94,8.37,35,3,90.0,0.0,0.0,0.0,3.0,0.0,0.0,0.0,0.0,0.0,0.0,1.0,0.0,10.0,17131.0,3106.0,0.0,0.010000000000000009,0.020000000000000018,0.030000000000000027,2.7699999999999996,32.20000000000002,2.200000000000003,1.0,3.5,3.0,7.0,8.0,10.0
409,John,Stones,Stones,a,,,5.4,151,17.0,0.6,256,97.0,0.0,785.0,261.0,0,0,0.0,-1,1.0,342,184,0.0,2.2,1.0,0.5,1.7,402.0,146.0,100.0,100.0,401.0,150.0,408.0,148.0,461.0,171.0,426.0,152.0,,,,,,,,0.0,0.02,0.02,1.29,0.0,0.26,2.05,1.03,4.87,35,0,0.0,0.0,0.0,0.0,0.0,0.0,0.0,0.0,0.0,0.0,0.0,0.0,0.0,0.0,427.0,216.0,0.0,0.0,0.0,0.0,0.0,0.0,0.0,0.0,0.0,0.0,0.0,0.0,0.0
410,Rico,Lewis,Lewis,a,,,4.6,402,70.0,1.2,181,70.0,0.0,702.0,251.0,0,0,0.0,-4,4.0,435,554,0.0,4.1,1.0,0.5,1.9,352.0,129.0,100.0,100.0,409.0,153.0,292.0,90.0,347.0,114.0,387.0,135.0,,,,,,,,0.03,0.38,0.41,1.46,0.0,0.29,1.45,0.87,5.5,35,0,0.0,0.0,0.0,0.0,0.0,0.0,0.0,0.0,0.0,0.0,0.0,0.0,0.0,0.0,519.0,680.0,0.0,0.0,0.0,0.0,0.0,0.0,0.0,0.0,0.0,0.0,0.0,0.0,0.0
416,Bernardo,Mota Veiga de Carvalho e Silva,Bernardo,a,,,6.2,71,47.0,0.7,238,83.0,3.0,124.0,48.0,2,0,0.0,-3,3.0,4995,2457,0.5,15.0,7.0,3.5,2.7,245.0,98.0,100.0,100.0,127.0,40.0,14.0,14.0,102.0,62.0,43.0,30.0,1.0,,,,,,,0.08,0.13,0.21,1.17,0.0,0.38,0.97,1.04,7.89,35,2,86.0,0.0,0.0,0.0,3.0,0.0,0.0,0.0,0.0,0.0,0.0,1.0,0.0,17.0,6167.0,3289.0,0.0,0.029999999999999805,0.18999999999999995,0.21999999999999975,2.769999999999996,13.0,36.5,4.0,5.400000000000006,1.0,1.0,2.0,4.0
417,Rayan,Cherki,Cherki,a,,,6.6,48,30.0,19.3,15,5.0,7.0,9.0,5.0,5,1,-1.0,1,-1.0,515458,12269,1.1,19.4,15.0,7.5,4.4,36.0,16.0,100.0,100.0,71.0,23.0,5.0,5.0,35.0,19.0,15.0,11.0,3.0,2.0,,,,,,0.22,0.46,0.68,1.23,0.0,0.44,0.94,0.99,7.1,35,5,90.0,0.0,1.0,0.0,3.0,0.0,0.0,0.0,0.0,0.0,0.0,1.0,0.0,21.0,806075.0,16074.0,0.0,0.2599999999999998,0.23000000000000043,0.4900000000000002,2.7699999999999996,24.600000000000023,40.19999999999993,29.0,9.399999999999977,1.0,0.0,2.0,3.0
420,İlkay,Gündoğan,Gündoğan,u,has joined Galatasaray permanently.,,6.3,64,42.0,0.1,563,208.0,0.0,818.0,365.0,0,0,0.0,-2,2.0,0,6,0.0,0.0,0.0,0.0,0.0,824.0,368.0,0.0,0.0,824.0,368.0,824.0,368.0,824.0,368.0,824.0,368.0,,,,,,,,0.0,0.0,0.0,0.0,0.0,0.0,0.0,0.0,0.0,35,0,0.0,0.0,0.0,0.0,0.0,0.0,0.0,0.0,0.0,0.0,0.0,0.0,0.0,0.0,0.0,8.0,0.0,0.0,0.0,0.0,0.0,0.0,0.0,0.0,0.0,0.0,0.0,0.0,0.0
423,Nico,González Iglesias,N.Gonzalez,a,,,5.9,97,63.0,0.1,473,167.0,1.0,281.0,134.0,2,0,0.0,-1,1.0,286,95,0.2,10.0,3.0,1.5,2.5,281.0,117.0,100.0,100.0,232.0,99.0,179.0,119.0,320.0,167.0,261.0,129.0,,,,,,,,0.04,0.06,0.1,1.14,0.0,0.43,0.98,0.98,11.75,35,2,74.0,0.0,0.0,0.0,2.0,0.0,0.0,0.0,0.0,0.0,0.0,1.0,0.0,15.0,339.0,110.0,0.0,0.0,0.030000000000000027,0.029999999999999805,1.6099999999999994,6.800000000000011,15.199999999999989,0.0,2.1999999999999957,1.0,2.0,2.0,5.0
682,David,Møller Wolfe,Møller Wolfe,a,,,4.2,640,147.0,0.1,554,197.0,0.2,352.0,116.0,0,0,0.0,-3,3.0,39,53,0.0,7.1,-0.8,-0.3,1.6,406.0,148.0,,,344.0,131.0,276.0,80.0,341.0,112.0,359.0,121.0,,,,,,,,0.01,0.11,0.12,1.87,0.0,0.11,2.14,0.96,4.61,35,0,0.0,0.0,0.0,0.0,0.0,0.0,0.0,0.0,0.0,0.0,0.0,0.0,0.0,0.0,56.0,76.0,0.0,0.0,0.0,0.0,0.0,0.0,0.0,0.0,0.0,0.0,0.0,0.0,0.0
695,Jackson,Tchatchoua,Tchatchoua,a,,,4.4,554,119.0,0.0,640,230.0,0.2,360.0,121.0,0,0,0.0,-1,1.0,26,136,0.0,11.8,-0.8,-0.3,1.7,395.0,145.0,,,218.0,86.0,99.0,24.0,315.0,97.0,206.0,74.0,,,,,,,,0.02,0.08,0.1,1.51,0.0,0.15,1.82,0.93,5.3,35,0,0.0,0.0,0.0,0.0,0.0,0.0,0.0,0.0,0.0,0.0,0.0,0.0,0.0,0.0,62.0,237.0,0.0,0.0,0.0,0.0,0.0,0.0,0.0,0.0,0.0,0.0,0.0,0.0,0.0
10,Myles,Lewis-Skelly,Lewis-Skelly,a,,,5.0,268,41.0,1.4,164,65.0,2.0,191.0,69.0,6,0,0.0,-5,5.0,4948,523,0.4,4.0,3.0,3.0,1.2,449.0,162.0,,,413.0,155.0,338.0,115.0,375.0,127.0,402.0,144.0,,,,,,,,0.02,0.03,0.05,1.24,0.0,0.18,1.26,0.54,4.14,35,6,90.0,0.0,0.0,1.0,0.0,0.0,0.0,0.0,0.0,0.0,0.0,1.0,0.0,28.0,5037.0,661.0,0.0,0.0,0.07,0.07,0.3700000000000001,11.600000000000001,15.5,2.0,2.8999999999999986,2.0,1.0,6.0,3.0
11,Benjamin,White,White,a,,,5.1,227,33.0,0.6,245,94.0,3.5,100.0,40.0,6,0,0.0,-4,4.0,9407,1099,0.7,8.6,4.5,4.5,4.0,59.0,24.0,100.0,100.0,334.0,126.0,258.0,70.0,335.0,109.0,345.0,115.0,,,,,,,,0.06,0.09,0.15,1.16,0.0,0.67,0.8,1.07,7.1,35,6,82.0,0.0,0.0,1.0,0.0,0.0,0.0,0.0,0.0,0.0,0.0,1.0,0.0,27.0,12229.0,1624.0,0.0,0.0,0.14,0.1399999999999999,0.3699999999999992,12.0,14.799999999999997,6.0,3.3000000000000007,0.0,4.0,5.0,4.0
92,Romain,Faivre,Faivre,u,has joined Auxerre permanently.,,4.5,435,258.0,0.1,566,210.0,0.0,627.0,223.0,0,0,0.0,0,0.0,0,21,0.0,0.0,0.0,0.0,0.0,712.0,279.0,0.0,0.0,705.0,273.0,702.0,276.0,685.0,269.0,707.0,275.0,,,,,,,,0.0,0.0,0.0,0.0,0.0,0.0,0.0,0.0,0.0,35,0,0.0,0.0,0.0,0.0,0.0,0.0,0.0,0.0,0.0,0.0,0.0,0.0,0.0,0.0,0.0,27.0,0.0,0.0,0.0,0.0,0.0,0.0,0.0,0.0,0.0,0.0,0.0,0.0,0.0
558,Jay,Matete,Matete,u,has joined MK Dons permanently.,,4.3,601,354.0,0.2,411,141.0,0.0,557.0,182.0,0,0,0.0,-2,2.0,0,88,0.0,0.0,0.0,0.0,0.0,664.0,249.0,0.0,0.0,653.0,239.0,649.0,244.0,624.0,231.0,655.0,241.0,,,,,,,,0.0,0.0,0.0,0.0,0.0,0.0,0.0,0.0,0.0,35,0,0.0,0.0,0.0,0.0,0.0,0.0,0.0,0.0,0.0,0.0,0.0,0.0,0.0,0.0,0.0,128.0,0.0,0.0,0.0,0.0,0.0,0.0,0.0,0.0,0.0,0.0,0.0,0.0,0.0
626,Callum,Marshall,Marshall,u,has joined VfL Bochum 1848 on loan for the rest of the season.,,4.3,613,86.0,0.5,269,42.0,0.0,567.0,58.0,0,0,0.0,-2,2.0,0,183,0.0,0.5,0.0,0.0,1.0,476.0,58.0,0.0,0.0,507.0,59.0,494.0,62.0,431.0,59.0,496.0,59.0,,,,,,,,0.2,0.0,0.2,2.41,0.0,0.0,3.1,0.0,4.66,35,0,0.0,0.0,0.0,0.0,0.0,0.0,0.0,0.0,0.0,0.0,0.0,0.0,0.0,0.0,0.0,263.0,0.0,0.0,0.0,0.0,0.0,0.0,0.0,0.0,0.0,0.0,0.0,0.0,0.0
659,Kyle,Walker-Peters,Walker-Peters,a,,,4.2,632,142.0,0.3,339,122.0,3.8,82.0,33.0,1,0,0.0,-3,3.0,348,1050,0.9,11.2,2.8,3.8,2.1,324.0,118.0,,,254.0,101.0,265.0,74.0,270.0,77.0,288.0,94.0,,,,,,,,0.08,0.03,0.11,1.82,0.0,0.21,1.75,0.98,6.43,35,1,64.0,0.0,0.0,0.0,2.0,0.0,0.0,0.0,0.0,0.0,0.0,1.0,0.0,1.0,704.0,1435.0,0.0,0.0,0.010000000000000009,0.010000000000000009,2.1300000000000026,6.599999999999966,1.6000000000000085,2.0,1.0,2.0,2.0,2.0,4.0
671,Callum,Wilson,Wilson,a,,,5.8,102,29.0,0.5,265,40.0,1.8,215.0,28.0,1,0,0.0,-2,2.0,389,1166,0.3,12.4,0.8,1.8,2.5,280.0,33.0,100.0,100.0,255.0,23.0,293.0,31.0,54.0,22.0,182.0,25.0,,,,,,,,0.56,0.03,0.59,1.58,0.0,0.08,1.73,0.82,3.04,35,1,25.0,0.0,0.0,0.0,1.0,0.0,0.0,0.0,0.0,0.0,0.0,0.0,0.0,1.0,764.0,1550.0,0.0,0.0,0.010000000000000009,0.009999999999999787,0.14000000000000057,0.0,1.2999999999999972,2.0,0.29999999999999716,0.0,0.0,0.0,0.0
749,Mateus,Mané,Mané,a,,,4.2,652,92.0,1.2,175,27.0,1.5,220.0,29.0,2,-1,1.0,-3,3.0,10935,10388,0.4,14.0,0.5,1.0,2.5,269.0,30.0,,,259.0,25.0,103.0,5.0,138.0,32.0,175.0,24.0,2.0,1.0,,,,,,0.1,0.13,0.23,1.64,0.0,0.29,1.52,0.93,6.66,35,2,90.0,0.0,0.0,0.0,1.0,0.0,0.0,0.0,0.0,0.0,0.0,1.0,0.0,16.0,13306.0,19052.0,0.0,0.06999999999999984,0.20000000000000018,0.27,0.6600000000000001,13.600000000000023,34.0,12.0,6.0,0.0,1.0,6.0,7.0
766,Saheed,Olagunju,Olagunju,a,,,4.0,734,201.0,0.0,627,223.0,0.0,512.0,205.0,0,0,0.0,0,0.0,325,136,0.0,0.0,-1.0,-0.5,0.0,637.0,241.0,,,626.0,241.0,620.0,241.0,590.0,238.0,628.0,241.0,,,,,,,,0.0,0.0,0.0,0.0,0.0,0.0,0.0,0.0,0.0,35,0,0.0,0.0,0.0,0.0,0.0,0.0,0.0,0.0,0.0,0.0,0.0,0.0,0.0,0.0,423.0,246.0,0.0,0.0,0.0,0.0,0.0,0.0,0.0,0.0,0.0,0.0,0.0,0.0,0.0
24,Christian,Nørgaard,Nørgaard,a,,,5.1,224,136.0,0.1,442,152.0,0.0,769.0,335.0,0,0,0.0,-4,4.0,53,70,0.0,1.2,1.0,1.0,1.0,509.0,234.0,100.0,100.0,462.0,205.0,489.0,236.0,434.0,209.0,476.0,215.0,,,,,,,,0.08,0.0,0.08,3.58,0.0,0.0,1.61,0.0,17.68,35,0,0.0,0.0,0.0,0.0,0.0,0.0,0.0,0.0,0.0,0.0,0.0,0.0,0.0,0.0,64.0,87.0,0.0,0.0,0.0,0.0,0.0,0.0,0.0,0.0,0.0,0.0,0.0,0.0,0.0
25,Ethan,Nwaneri,Nwaneri,u,has joined Marseille on loan for the rest of the season.,,5.0,269,164.0,0.1,462,159.0,0.0,760.0,328.0,0,0,0.0,-5,5.0,0,31,0.0,1.6,0.0,0.0,1.3,442.0,197.0,0.0,0.0,475.0,212.0,402.0,203.0,383.0,193.0,455.0,204.0,,,,,,,,0.13,0.04,0.17,0.4,0.0,0.55,0.0,0.0,7.09,35,0,0.0,0.0,0.0,0.0,0.0,0.0,0.0,0.0,0.0,0.0,0.0,0.0,0.0,0.0,0.0,34.0,0.0,0.0,0.0,0.0,0.0,0.0,0.0,0.0,0.0,0.0,0.0,0.0,0.0
26,Martín,Zubimendi Ibáñez,Zubimendi,a,,,5.0,263,160.0,3.0,109,37.0,3.0,120.0,44.0,1,0,0.0,-5,5.0,5572,21214,0.6,25.8,4.0,4.0,3.7,97.0,42.0,100.0,100.0,66.0,19.0,91.0,68.0,116.0,67.0,80.0,50.0,,,,,,,,0.09,0.07,0.16,0.78,0.0,0.5,0.75,1.04,9.37,35,1,26.0,0.0,0.0,0.0,0.0,0.0,0.0,0.0,0.0,0.0,0.0,0.0,0.0,5.0,13170.0,28528.0,0.0,0.0,0.0,0.0,0.16999999999999815,4.600000000000023,10.300000000000011,0.0,1.5,1.0,0.0,2.0,3.0
28,Ismeal,Kabia,Kabia,u,has joined Shrewsbury Town on loan for the rest of the season.,,4.5,488,299.0,0.1,495,177.0,0.0,673.0,262.0,0,0,0.0,0,0.0,0,20,0.0,0.0,0.0,0.0,0.0,749.0,311.0,0.0,0.0,746.0,309.0,740.0,309.0,726.0,305.0,746.0,309.0,,,,,,,,0.0,0.0,0.0,0.0,0.0,0.0,0.0,0.0,0.0,35,0,0.0,0.0,0.0,0.0,0.0,0.0,0.0,0.0,0.0,0.0,0.0,0.0,0.0,0.0,0.0,22.0,0.0,0.0,0.0,0.0,0.0,0.0,0.0,0.0,0.0,0.0,0.0,0.0,0.0
30,Kai,Havertz,Havertz,a,,,7.3,25,10.0,0.6,251,35.0,2.8,140.0,22.0,0,0,0.0,-2,2.0,1436,10593,0.4,3.2,3.8,0.0,2.6,263.0,29.0,100.0,0.0,388.0,45.0,340.0,43.0,236.0,47.0,366.0,46.0,,,,,,,,0.52,0.03,0.55,0.99,0.0,0.62,0.62,1.24,5.15,35,0,0.0,0.0,0.0,0.0,0.0,0.0,0.0,0.0,0.0,0.0,0.0,0.0,0.0,0.0,1571.0,22515.0,0.0,0.0,0.0,0.0,0.0,0.0,0.0,0.0,0.0,0.0,0.0,0.0,0.0
266,Eberechi,Eze,Eze,a,,,7.3,26,16.0,8.8,49,17.0,3.0,125.0,49.0,3,1,-1.0,-2,2.0,26602,23675,0.4,14.5,4.0,4.0,3.5,131.0,57.0,100.0,100.0,181.0,71.0,147.0,98.0,68.0,40.0,114.0,68.0,,,,,,,,0.23,0.13,0.36,0.67,0.0,0.47,0.68,1.04,5.72,35,3,77.0,0.0,0.0,1.0,0.0,0.0,0.0,0.0,0.0,0.0,0.0,1.0,0.0,4.0,109322.0,31275.0,0.0,0.20999999999999996,0.07000000000000028,0.28000000000000025,0.370000000000001,0.0,5.800000000000011,10.0,1.5,0.0,0.0,2.0,2.0
662,Cristhian,Mosquera,Mosquera,a,,,5.3,198,26.0,0.2,402,149.0,0.5,336.0,109.0,1,0,0.0,-2,2.0,412,787,0.1,5.7,1.5,1.5,1.8,387.0,141.0,100.0,100.0,323.0,124.0,355.0,126.0,409.0,150.0,379.0,130.0,,,,,,,,0.01,0.06,0.07,0.81,0.0,0.24,0.83,0.83,9.22,35,1,7.0,0.0,0.0,0.0,0.0,0.0,0.0,0.0,0.0,0.0,0.0,0.0,0.0,2.0,756.0,1013.0,0.0,0.0,0.0,0.0,0.0,0.20000000000001705,0.29999999999999716,0.0,0.10000000000000142,0.0,1.0,0.0,1.0
34,Joe,Gauci,Gauci,u,Has joined Port Vale on loan for the rest of the season.,,4.0,692,53.0,0.1,508,75.0,0.0,475.0,65.0,0,0,0.0,0,0.0,0,45,0.0,0.0,0.0,0.0,0.0,603.0,74.0,0.0,0.0,591.0,74.0,584.0,63.0,553.0,49.0,593.0,74.0,,,,,,,,0.0,0.0,0.0,0.0,0.0,0.0,0.0,0.0,0.0,35,0,0.0,0.0,0.0,0.0,0.0,0.0,0.0,0.0,0.0,0.0,0.0,0.0,0.0,0.0,0.0,55.0,0.0,0.0,0.0,0.0,0.0,0.0,0.0,0.0,0.0,0.0,0.0,0.0,0.0
35,Filip,Marschall,Marschall,u,Has joined Stevenage permanently.,,4.0,691,52.0,0.0,759,88.0,0.0,474.0,64.0,0,0,0.0,0,0.0,0,1,0.0,0.0,0.0,0.0,0.0,602.0,73.0,0.0,0.0,590.0,73.0,583.0,62.0,552.0,48.0,592.0,73.0,,,,,,,,0.0,0.0,0.0,0.0,0.0,0.0,0.0,0.0,0.0,35,0,0.0,0.0,0.0,0.0,0.0,0.0,0.0,0.0,0.0,0.0,0.0,0.0,0.0,0.0,0.0,4.0,0.0,0.0,0.0,0.0,0.0,0.0,0.0,0.0,0.0,0.0,0.0,0.0,0.0
36,Matty,Cash,Cash,a,,,4.7,382,64.0,8.2,52,16.0,2.2,163.0,60.0,5,0,0.0,2,-2.0,16416,21379,0.5,24.5,2.7,2.2,3.6,107.0,39.0,100.0,100.0,59.0,27.0,55.0,8.0,156.0,32.0,70.0,13.0,3.0,,,,,,,0.04,0.09,0.13,1.36,0.0,0.26,1.09,1.03,5.72,35,5,90.0,0.0,1.0,0.0,2.0,0.0,0.0,0.0,0.0,0.0,0.0,1.0,1.0,25.0,21830.0,41847.0,0.0,0.0,0.06999999999999984,0.07000000000000028,0.990000000000002,41.39999999999998,16.19999999999999,0.0,5.799999999999997,7.0,2.0,3.0,9.0
37,Lucas,Digne,Digne,a,,,4.5,411,74.0,1.6,156,61.0,1.8,201.0,71.0,0,0,0.0,0,0.0,1986,4572,0.4,20.4,2.3,1.8,3.2,162.0,66.0,100.0,100.0,186.0,76.0,68.0,14.0,247.0,65.0,150.0,50.0,2.0,2.0,,,,,,0.03,0.16,0.19,1.36,0.0,0.36,1.09,1.04,5.44,35,0,0.0,0.0,0.0,0.0,0.0,0.0,0.0,0.0,0.0,0.0,0.0,0.0,0.0,0.0,2990.0,6444.0,0.0,0.0,0.0,0.0,0.0,0.0,0.0,0.0,0.0,0.0,0.0,0.0,0.0
38,Ezri,Konsa Ngoyo,Konsa,a,,,4.4,530,106.0,7.5,57,19.0,0.8,293.0,96.0,0,0,0.0,-1,1.0,3739,21000,0.2,22.3,1.3,0.8,3.1,183.0,74.0,100.0,100.0,75.0,34.0,282.0,84.0,251.0,67.0,178.0,58.0,,,,,,,,0.04,0.02,0.06,1.44,0.0,0.28,1.26,1.01,5.86,35,0,0.0,0.0,0.0,0.0,0.0,0.0,0.0,0.0,0.0,0.0,0.0,0.0,0.0,0.0,5851.0,33257.0,0.0,0.0,0.0,0.0,0.0,0.0,0.0,0.0,0.0,0.0,0.0,0.0,0.0
39,Ian,Maatsen,Maatsen,a,,,4.2,637,145.0,0.6,257,98.0,1.8,200.0,70.0,1,0,0.0,-3,3.0,516,1399,0.4,11.2,2.3,1.8,1.7,391.0,143.0,,,234.0,92.0,106.0,27.0,155.0,31.0,168.0,56.0,,,,,,,,0.08,0.14,0.22,1.48,0.0,0.13,1.46,0.95,6.71,35,1,90.0,0.0,0.0,0.0,2.0,0.0,0.0,0.0,0.0,0.0,0.0,1.0,0.0,-6.0,635.0,2278.0,0.0,0.0,0.0,0.0,0.9899999999999984,6.0,10.899999999999977,4.0,2.0999999999999943,0.0,3.0,1.0,3.0
40,Tyrone,Mings,Mings,a,,,4.3,579,125.0,0.6,240,91.0,0.5,318.0,105.0,1,0,0.0,-2,2.0,653,982,0.1,10.7,1.0,0.5,3.1,181.0,72.0,100.0,100.0,268.0,107.0,321.0,108.0,271.0,78.0,321.0,108.0,,,,,,,,0.1,0.03,0.13,1.6,0.0,0.24,1.58,1.02,6.94,35,1,90.0,0.0,0.0,0.0,2.0,0.0,0.0,0.0,0.0,0.0,0.0,1.0,0.0,3.0,754.0,1684.0,0.0,0.21999999999999997,0.010000000000000009,0.22999999999999998,0.9899999999999984,4.199999999999989,1.7999999999999972,7.0,1.2999999999999972,0.0,2.0,6.0,2.0
41,Pau,Torres,Pau,a,,,4.3,587,131.0,0.3,324,119.0,0.8,290.0,93.0,0,0,0.0,-2,2.0,342,467,0.2,13.7,1.3,0.8,3.1,182.0,73.0,100.0,100.0,229.0,90.0,368.0,132.0,334.0,108.0,324.0,109.0,,,,,,,,0.04,0.02,0.06,1.22,0.0,0.29,0.98,0.98,6.03,35,0,0.0,0.0,0.0,0.0,0.0,0.0,0.0,0.0,0.0,0.0,0.0,0.0,0.0,0.0,466.0,714.0,0.0,0.0,0.0,0.0,0.0,0.0,0.0,0.0,0.0,0.0,0.0,0.0,0.0
42,Andrés,García,A.García,a,,,3.9,792,233.0,0.2,371,136.0,0.2,346.0,111.0,0,0,0.0,-1,1.0,172,211,0.1,1.0,0.7,0.2,0.8,521.0,178.0,100.0,100.0,493.0,176.0,464.0,169.0,527.0,205.0,501.0,175.0,,,,,,,,0.0,0.02,0.02,3.67,0.0,0.0,4.74,0.0,2.37,35,0,0.0,0.0,0.0,0.0,0.0,0.0,0.0,0.0,0.0,0.0,0.0,0.0,0.0,0.0,210.0,301.0,0.0,0.0,0.0,0.0,0.0,0.0,0.0,0.0,0.0,0.0,0.0,0.0,0.0
45,Lino,da Cruz Sousa,Sousa,u,has joined Rotherham on loan for the rest of the season.,,3.8,810,248.0,0.2,354,129.0,0.0,404.0,148.0,0,0,0.0,-2,2.0,0,211,0.0,0.0,0.0,0.0,0.0,543.0,194.0,0.0,0.0,531.0,193.0,515.0,192.0,482.0,186.0,533.0,193.0,,,,,,,,0.0,0.0,0.0,0.0,0.0,0.0,0.0,0.0,0.0,35,0,0.0,0.0,0.0,0.0,0.0,0.0,0.0,0.0,0.0,0.0,0.0,0.0,0.0,0.0,0.0,300.0,0.0,0.0,0.0,0.0,0.0,0.0,0.0,0.0,0.0,0.0,0.0,0.0,0.0
46,Yasin,Özcan,Yasin,u,has joined Anderlecht on loan for the rest of the season.,,4.0,728,196.0,0.1,471,173.0,0.0,506.0,200.0,0,0,0.0,0,0.0,0,33,0.0,0.0,0.0,0.0,0.0,631.0,236.0,0.0,0.0,620.0,236.0,614.0,236.0,584.0,233.0,622.0,236.0,,,,,,,,0.0,0.0,0.0,0.0,0.0,0.0,0.0,0.0,0.0,35,0,0.0,0.0,0.0,0.0,0.0,0.0,0.0,0.0,0.0,0.0,0.0,0.0,0.0,0.0,0.0,36.0,0.0,0.0,0.0,0.0,0.0,0.0,0.0,0.0,0.0,0.0,0.0,0.0,0.0
47,Morgan,Rogers,Rogers,a,,,7.5,22,15.0,24.0,11,3.0,4.2,72.0,25.0,1,0,0.0,5,-5.0,50733,170580,0.6,20.7,4.7,4.2,4.4,37.0,17.0,100.0,100.0,47.0,12.0,27.0,24.0,7.0,2.0,10.0,7.0,,1.0,,,,,,0.19,0.12,0.31,1.4,0.0,0.26,1.28,1.02,6.24,35,1,90.0,0.0,0.0,0.0,2.0,0.0,0.0,0.0,1.0,0.0,0.0,1.0,0.0,8.0,119858.0,232973.0,0.0,0.03000000000000025,0.0,0.02999999999999936,0.9899999999999949,10.600000000000023,4.0,12.0,2.6999999999999886,3.0,2.0,5.0,10.0
48,Youri,Tielemans,Tielemans,a,,,5.9,90,58.0,0.7,239,84.0,2.0,196.0,85.0,2,0,0.0,-1,1.0,1484,1029,0.3,10.3,2.5,2.0,2.8,228.0,91.0,100.0,100.0,176.0,66.0,58.0,48.0,207.0,110.0,121.0,69.0,5.0,,,,,,,0.06,0.16,0.22,1.53,0.0,0.22,1.3,1.03,9.86,35,2,90.0,0.0,0.0,0.0,2.0,0.0,0.0,0.0,0.0,0.0,0.0,1.0,0.0,13.0,2048.0,1490.0,0.0,0.0,0.020000000000000018,0.020000000000000018,0.990000000000002,8.399999999999977,1.599999999999966,2.0,1.2000000000000028,2.0,3.0,5.0,10.0
49,Leon,Bailey,Bailey,a,,,5.5,140,87.0,0.1,469,164.0,0.5,338.0,161.0,1,0,0.0,0,0.0,247,265,0.1,2.7,1.0,0.5,1.4,432.0,191.0,100.0,100.0,417.0,181.0,250.0,158.0,332.0,173.0,374.0,176.0,4.0,,,,,,,0.08,0.36,0.44,1.4,0.0,0.0,2.03,0.51,8.87,35,1,5.0,0.0,0.0,0.0,0.0,0.0,0.0,0.0,0.0,0.0,0.0,0.0,0.0,7.0,308.0,344.0,0.0,0.0,0.21999999999999997,0.21999999999999997,0.0,3.3999999999999986,14.400000000000006,0.0,1.8000000000000007,0.0,0.0,0.0,0.0
50,Emiliano,Buendía Stati,Buendía,a,,,5.3,184,116.0,0.4,290,101.0,2.5,155.0,61.0,6,0,0.0,-2,2.0,5110,1334,0.5,17.5,3.0,2.5,2.8,223.0,89.0,100.0,100.0,175.0,65.0,104.0,73.0,83.0,48.0,110.0,65.0,,6.0,2.0,,,,,0.18,0.11,0.29,1.46,0.0,0.17,1.27,1.09,9.85,35,6,5.0,1.0,0.0,0.0,0.0,0.0,0.0,0.0,0.0,0.0,0.0,0.0,0.0,23.0,5374.0,2206.0,0.0,0.06000000000000005,0.0,0.0600000000000005,0.0,35.0,0.0,17.0,5.199999999999989,1.0,0.0,0.0,1.0
51,Samuel,Iling-Junior,Iling Jr,u,has joined Pisa on loan for the rest of the season.,,5.5,145,91.0,0.0,695,280.0,0.0,803.0,357.0,0,0,0.0,0,0.0,0,2,0.0,0.0,0.0,0.0,0.0,820.0,365.0,0.0,0.0,819.0,364.0,819.0,364.0,818.0,364.0,819.0,364.0,,,,,,,,0.0,0.0,0.0,0.0,0.0,0.0,0.0,0.0,0.0,35,0,0.0,0.0,0.0,0.0,0.0,0.0,0.0,0.0,0.0,0.0,0.0,0.0,0.0,0.0,0.0,3.0,0.0,0.0,0.0,0.0,0.0,0.0,0.0,0.0,0.0,0.0,0.0,0.0,0.0
53,Donyell,Malen,Malen,u,has joined Roma on loan for the rest of the season.,,5.1,228,138.0,0.4,288,99.0,0.0,770.0,336.0,0,0,0.0,-4,4.0,0,150,0.0,10.8,0.0,0.0,2.6,256.0,106.0,0.0,0.0,307.0,132.0,291.0,172.0,105.0,64.0,265.0,132.0,,,,,,,,0.57,0.05,0.62,1.49,0.0,0.14,1.41,0.7,2.25,35,0,0.0,0.0,0.0,0.0,0.0,0.0,0.0,0.0,0.0,0.0,0.0,0.0,0.0,0.0,0.0,180.0,0.0,0.0,0.0,0.0,0.0,0.0,0.0,0.0,0.0,0.0,0.0,0.0,0.0
54,John,McGinn,McGinn,a,,,5.3,181,113.0,0.7,232,81.0,2.0,194.0,84.0,0,0,0.0,-2,2.0,5056,6999,0.4,17.2,2.5,2.0,3.4,141.0,60.0,100.0,100.0,167.0,61.0,38.0,34.0,130.0,75.0,88.0,52.0,,,,,,,,0.12,0.16,0.28,1.39,0.0,0.37,1.15,1.19,6.39,35,0,0.0,0.0,0.0,0.0,0.0,0.0,0.0,0.0,0.0,0.0,0.0,0.0,0.0,0.0,6632.0,9383.0,0.0,0.0,0.0,0.0,0.0,0.0,0.0,0.0,0.0,0.0,0.0,0.0,0.0
58,Boubacar,Kamara,Kamara,i,Knee injury - Expected back 01 Jun,,4.9,310,193.0,0.2,401,137.0,0.0,729.0,304.0,0,0,0.0,-1,1.0,27,142,0.0,12.4,0.0,0.0,3.4,136.0,58.0,0.0,0.0,212.0,89.0,164.0,110.0,304.0,161.0,236.0,115.0,,,,,,,,0.03,0.05,0.08,1.33,0.0,0.32,0.96,1.09,9.51,35,0,0.0,0.0,0.0,0.0,0.0,0.0,0.0,0.0,0.0,0.0,0.0,0.0,0.0,0.0,32.0,204.0,0.0,0.0,0.0,0.0,0.0,0.0,0.0,0.0,0.0,0.0,0.0,0.0,0.0
59,Amadou,Onana,Onana,d,Knock - 25% chance of playing,,4.8,362,225.0,0.6,243,86.0,1.0,269.0,125.0,0,0,0.0,-2,2.0,13,3663,0.2,15.6,0.4,0.0,3.1,186.0,72.0,25.0,0.0,158.0,55.0,231.0,147.0,193.0,104.0,205.0,96.0,,,,,,,,0.09,0.04,0.13,1.47,0.0,0.31,1.35,1.09,11.24,35,0,0.0,0.0,0.0,0.0,0.0,0.0,0.0,0.0,0.0,0.0,0.0,0.0,0.0,0.0,31.0,5093.0,0.0,0.0,0.0,0.0,0.0,0.0,0.0,0.0,0.0,0.0,0.0,0.0,0.0
60,Ben,Broggio,Broggio,u,has joined Falkirk on loan for the rest of the season.,,4.4,567,341.0,0.2,356,120.0,0.0,602.0,210.0,0,0,0.0,-1,1.0,0,144,0.0,0.0,0.0,0.0,0.0,695.0,269.0,0.0,0.0,688.0,263.0,684.0,266.0,665.0,258.0,690.0,265.0,,,,,,,,0.0,0.0,0.0,0.0,0.0,0.0,0.0,0.0,0.0,35,0,0.0,0.0,0.0,0.0,0.0,0.0,0.0,0.0,0.0,0.0,0.0,0.0,0.0,0.0,0.0,181.0,0.0,0.0,0.0,0.0,0.0,0.0,0.0,0.0,0.0,0.0,0.0,0.0,0.0
62,Jamaldeen,Jimoh-Aloba,Jimoh-Aloba,u,has joined West Brom on loan for the rest of the season.,,4.5,472,287.0,0.1,573,214.0,0.0,657.0,250.0,0,0,0.0,0,0.0,0,43,0.0,0.2,0.0,0.0,1.0,488.0,219.0,0.0,0.0,515.0,234.0,492.0,239.0,713.0,295.0,517.0,236.0,,,,,,,,0.0,0.0,0.0,6.86,0.0,0.0,0.0,0.0,11.25,35,0,0.0,0.0,0.0,0.0,0.0,0.0,0.0,0.0,0.0,0.0,0.0,0.0,0.0,0.0,0.0,51.0,0.0,0.0,0.0,0.0,0.0,0.0,0.0,0.0,0.0,0.0,0.0,0.0,0.0
63,Kadan,Young,Young,u,has joined Reading on loan for the rest of the season.,,4.3,608,357.0,0.5,273,92.0,0.0,562.0,185.0,0,0,0.0,-2,2.0,0,593,0.0,0.0,0.0,0.0,0.0,666.0,250.0,0.0,0.0,655.0,240.0,652.0,245.0,629.0,234.0,657.0,242.0,,,,,,,,0.0,0.0,0.0,0.0,0.0,0.0,0.0,0.0,0.0,35,0,0.0,0.0,0.0,0.0,0.0,0.0,0.0,0.0,0.0,0.0,0.0,0.0,0.0,0.0,0.0,827.0,0.0,0.0,0.0,0.0,0.0,0.0,0.0,0.0,0.0,0.0,0.0,0.0,0.0
456,Jadon,Sancho,Sancho,a,,,5.8,107,69.0,0.2,364,124.0,1.0,280.0,133.0,2,0,0.0,-2,2.0,392,329,0.2,6.2,1.5,1.0,1.6,409.0,175.0,100.0,100.0,354.0,160.0,139.0,93.0,175.0,94.0,248.0,121.0,6.0,,,,,,,0.06,0.19,0.25,1.45,0.0,0.21,0.94,0.94,4.59,35,2,84.0,0.0,0.0,0.0,2.0,0.0,0.0,0.0,0.0,0.0,0.0,1.0,0.0,8.0,450.0,433.0,0.0,0.0,0.010000000000000009,0.009999999999999787,0.9900000000000002,4.199999999999989,2.0,0.0,0.5999999999999943,1.0,0.0,4.0,5.0
710,Travis,Patterson,Patterson,a,,,3.9,783,228.0,0.2,384,141.0,0.0,441.0,166.0,0,0,0.0,-1,1.0,75,133,0.0,0.0,0.5,0.0,0.0,574.0,207.0,,,562.0,206.0,551.0,206.0,519.0,201.0,564.0,206.0,,,,,,,,0.0,0.0,0.0,0.0,0.0,0.0,0.0,0.0,0.0,35,0,0.0,0.0,0.0,0.0,0.0,0.0,0.0,0.0,0.0,0.0,0.0,0.0,0.0,0.0,87.0,194.0,0.0,0.0,0.0,0.0,0.0,0.0,0.0,0.0,0.0,0.0,0.0,0.0,0.0
719,Victor,Lindelöf,Lindelöf,a,,,4.5,419,79.0,0.1,486,175.0,0.8,295.0,97.0,1,0,0.0,0,0.0,214,202,0.2,5.6,1.3,0.8,1.8,370.0,136.0,100.0,100.0,335.0,127.0,393.0,142.0,389.0,136.0,386.0,134.0,,,,,,,,0.03,0.01,0.04,1.54,0.0,0.12,1.44,0.96,5.51,35,1,90.0,0.0,0.0,0.0,2.0,0.0,0.0,0.0,0.0,0.0,0.0,1.0,0.0,9.0,242.0,259.0,0.0,0.0,0.009999999999999995,0.010000000000000009,0.9900000000000002,23.599999999999994,1.7000000000000028,0.0,2.5,1.0,7.0,2.0,8.0
754,George,Hemmings,George Hemmings,a,,,4.5,486,297.0,0.0,750,318.0,0.0,671.0,260.0,0,0,0.0,0,0.0,36,19,0.0,0.4,0.5,0.0,1.0,492.0,222.0,,,744.0,307.0,473.0,226.0,454.0,223.0,509.0,232.0,,,,,,,,0.14,0.04,0.18,2.2,0.0,0.0,0.0,0.0,3.6,35,0,0.0,0.0,0.0,0.0,0.0,0.0,0.0,0.0,0.0,0.0,0.0,0.0,0.0,0.0,53.0,24.0,0.0,0.0,0.0,0.0,0.0,0.0,0.0,0.0,0.0,0.0,0.0,0.0,0.0
781,TJ,Carroll,Carroll,a,,,4.0,740,207.0,0.0,696,247.0,0.0,518.0,211.0,0,0,0.0,0,0.0,30,25,0.0,0.0,0.5,0.0,0.0,641.0,245.0,,,630.0,245.0,624.0,245.0,594.0,242.0,632.0,245.0,,,,,,,,0.0,0.0,0.0,0.0,0.0,0.0,0.0,0.0,0.0,35,0,0.0,0.0,0.0,0.0,0.0,0.0,0.0,0.0,0.0,0.0,0.0,0.0,0.0,0.0,41.0,31.0,0.0,0.0,0.0,0.0,0.0,0.0,0.0,0.0,0.0,0.0,0.0,0.0,0.0
185,Václav,Hladký,Hladký,a,,,3.9,750,69.0,0.2,418,59.0,0.0,415.0,30.0,0,0,0.0,-1,1.0,59,153,0.0,0.0,-0.5,-0.5,0.0,552.0,42.0,,,540.0,42.0,525.0,23.0,493.0,9.0,542.0,42.0,,,,,,,,0.0,0.0,0.0,0.0,0.0,0.0,0.0,0.0,0.0,35,0,0.0,0.0,0.0,0.0,0.0,0.0,0.0,0.0,0.0,0.0,0.0,0.0,0.0,0.0,72.0,254.0,0.0,0.0,0.0,0.0,0.0,0.0,0.0,0.0,0.0,0.0,0.0,0.0,0.0
186,Connor,Roberts,Roberts,i,Achilles injury - Unknown return date,,4.3,582,127.0,0.0,659,233.0,0.0,549.0,230.0,0,0,0.0,-2,2.0,24,17,0.0,0.0,0.0,0.0,0.0,661.0,255.0,0.0,0.0,650.0,255.0,646.0,255.0,621.0,254.0,652.0,255.0,,,,,,,,0.0,0.0,0.0,0.0,0.0,0.0,0.0,0.0,0.0,35,0,0.0,0.0,0.0,0.0,0.0,0.0,0.0,0.0,0.0,0.0,0.0,0.0,0.0,0.0,29.0,23.0,0.0,0.0,0.0,0.0,0.0,0.0,0.0,0.0,0.0,0.0,0.0,0.0,0.0
187,Kyle,Walker,Walker,a,,,4.4,523,100.0,1.1,190,73.0,0.8,292.0,95.0,1,0,0.0,-1,1.0,354,1286,0.2,14.8,0.3,0.3,2.0,341.0,124.0,100.0,100.0,129.0,57.0,177.0,45.0,378.0,130.0,218.0,77.0,,,,,,,,0.0,0.04,0.04,2.0,0.0,0.13,1.98,1.02,6.31,35,1,90.0,0.0,0.0,0.0,3.0,0.0,0.0,0.0,0.0,0.0,0.0,1.0,0.0,3.0,547.0,1761.0,0.0,0.03,0.15999999999999992,0.19000000000000017,1.6400000000000006,17.19999999999999,16.700000000000017,2.0,3.5999999999999943,2.0,5.0,3.0,7.0
188,Hannes,Delcroix,Delcroix,u,has joined Lugano permanently.,,3.8,801,240.0,0.2,383,140.0,0.0,397.0,142.0,0,0,0.0,-2,2.0,0,168,0.0,0.0,0.0,0.0,0.0,539.0,190.0,0.0,0.0,527.0,189.0,510.0,188.0,477.0,182.0,529.0,189.0,,,,,,,,0.0,0.0,0.0,0.0,0.0,0.0,0.0,0.0,0.0,35,0,0.0,0.0,0.0,0.0,0.0,0.0,0.0,0.0,0.0,0.0,0.0,0.0,0.0,0.0,0.0,278.0,0.0,0.0,0.0,0.0,0.0,0.0,0.0,0.0,0.0,0.0,0.0,0.0,0.0
189,Owen,Dodgson,Dodgson,u,Has joined Stockport County on loan for the rest of the season.,,4.0,690,174.0,0.0,736,254.0,0.0,473.0,182.0,0,0,0.0,0,0.0,0,2,0.0,0.0,0.0,0.0,0.0,601.0,220.0,0.0,0.0,589.0,219.0,582.0,219.0,551.0,215.0,591.0,219.0,,,,,,,,0.0,0.0,0.0,0.0,0.0,0.0,0.0,0.0,0.0,35,0,0.0,0.0,0.0,0.0,0.0,0.0,0.0,0.0,0.0,0.0,0.0,0.0,0.0,0.0,0.0,2.0,0.0,0.0,0.0,0.0,0.0,0.0,0.0,0.0,0.0,0.0,0.0,0.0,0.0
190,Hjalmar,Ekdal,Ekdal,a,,,3.8,807,246.0,0.7,230,87.0,2.0,182.0,63.0,3,0,0.0,-2,2.0,1407,994,0.5,13.7,1.5,1.5,2.7,229.0,89.0,,,184.0,74.0,349.0,121.0,290.0,85.0,278.0,89.0,,,,,,,,0.01,0.02,0.03,1.81,0.0,0.12,1.99,0.99,10.18,35,3,90.0,0.0,0.0,0.0,3.0,0.0,0.0,0.0,0.0,0.0,0.0,1.0,0.0,12.0,1704.0,1603.0,0.0,0.0,0.010000000000000009,0.009999999999999898,1.6400000000000006,30.19999999999999,11.299999999999997,0.0,4.200000000000003,3.0,12.0,9.0,15.0
191,Maxime,Estève,Estève,a,,,3.9,774,224.0,6.8,60,20.0,2.8,128.0,49.0,3,0,0.0,-1,1.0,2601,10575,0.7,20.5,2.3,2.3,2.5,266.0,100.0,100.0,100.0,41.0,16.0,299.0,96.0,278.0,80.0,155.0,53.0,,,,,,,,0.02,0.02,0.04,2.1,0.0,0.1,2.18,1.04,10.2,35,3,90.0,0.0,0.0,0.0,3.0,0.0,0.0,0.0,0.0,0.0,0.0,1.0,0.0,5.0,3903.0,21754.0,0.0,0.0,0.0,0.0,1.6399999999999935,27.0,0.5,2.0,3.0,1.0,12.0,5.0,13.0
193,Bashir,Humphreys,Humphreys,a,,,3.9,770,222.0,0.1,453,170.0,1.0,261.0,85.0,0,0,0.0,-1,1.0,66,406,0.3,11.3,0.5,0.5,2.4,284.0,105.0,100.0,100.0,191.0,78.0,255.0,68.0,275.0,79.0,254.0,84.0,,,,,,,,0.03,0.04,0.07,2.02,0.0,0.12,1.95,0.98,8.29,35,0,75.0,0.0,0.0,0.0,3.0,0.0,0.0,0.0,1.0,0.0,0.0,1.0,0.0,3.0,107.0,613.0,0.0,0.04999999999999999,0.010000000000000009,0.06000000000000005,1.4699999999999989,17.19999999999999,1.799999999999983,19.0,3.799999999999997,1.0,8.0,4.0,9.0
194,Jordan,Beyer,Jordan,i,Hamstring injury - Unknown return date,,3.9,766,219.0,0.1,571,203.0,0.0,428.0,160.0,0,0,0.0,-1,1.0,17,34,0.0,0.0,0.0,0.0,0.0,562.0,202.0,0.0,0.0,550.0,201.0,538.0,201.0,506.0,196.0,552.0,201.0,,,,,,,,0.0,0.0,0.0,0.0,0.0,0.0,0.0,0.0,0.0,35,0,0.0,0.0,0.0,0.0,0.0,0.0,0.0,0.0,0.0,0.0,0.0,0.0,0.0,0.0,29.0,53.0,0.0,0.0,0.0,0.0,0.0,0.0,0.0,0.0,0.0,0.0,0.0,0.0,0.0
197,Oliver,Sonne,Sonne,u,has joined Sparta Prague on loan for the rest of the season.,,3.8,813,251.0,0.2,404,150.0,0.0,407.0,151.0,0,0,0.0,-2,2.0,0,253,0.0,3.4,0.0,0.0,1.9,351.0,128.0,0.0,0.0,426.0,158.0,409.0,149.0,370.0,124.0,430.0,154.0,,,,,,,,0.3,0.04,0.34,2.08,0.0,0.0,2.2,0.55,3.84,35,0,0.0,0.0,0.0,0.0,0.0,0.0,0.0,0.0,0.0,0.0,0.0,0.0,0.0,0.0,0.0,428.0,0.0,0.0,0.0,0.0,0.0,0.0,0.0,0.0,0.0,0.0,0.0,0.0,0.0
201,Manuel,Benson Hedilazio,Benson,u,has joined Maccabi Haifa permanently.,,5.4,156,96.0,0.0,718,297.0,0.0,788.0,347.0,0,0,0.0,-1,1.0,0,0,0.0,0.0,0.0,0.0,0.0,811.0,358.0,0.0,0.0,810.0,357.0,810.0,357.0,809.0,357.0,810.0,357.0,,,,,,,,0.0,0.0,0.0,0.0,0.0,0.0,0.0,0.0,0.0,35,0,0.0,0.0,0.0,0.0,0.0,0.0,0.0,0.0,0.0,0.0,0.0,0.0,0.0,0.0,0.0,0.0,0.0,0.0,0.0,0.0,0.0,0.0,0.0,0.0,0.0,0.0,0.0,0.0,0.0
202,Jacob,Bruun Larsen,Bruun Larsen,a,,,5.2,204,125.0,0.0,626,240.0,0.5,335.0,159.0,0,0,0.0,-3,3.0,44,67,0.1,7.3,0.0,0.0,1.5,417.0,180.0,100.0,100.0,371.0,166.0,193.0,125.0,241.0,132.0,308.0,150.0,,2.0,3.0,,,,,0.12,0.1,0.22,2.08,0.0,0.27,2.62,0.9,5.68,35,0,0.0,0.0,0.0,0.0,0.0,0.0,0.0,0.0,0.0,0.0,0.0,0.0,0.0,0.0,64.0,81.0,0.0,0.0,0.0,0.0,0.0,0.0,0.0,0.0,0.0,0.0,0.0,0.0,0.0
203,Enock,Agyei,Boateng,a,,,4.7,394,245.0,0.0,592,222.0,0.0,710.0,290.0,0,0,0.0,-3,3.0,89,52,0.0,0.0,-0.5,-0.5,0.0,776.0,333.0,,,775.0,332.0,771.0,332.0,762.0,329.0,775.0,332.0,,,,,,,,0.0,0.0,0.0,0.0,0.0,0.0,0.0,0.0,0.0,35,0,0.0,0.0,0.0,0.0,0.0,0.0,0.0,0.0,0.0,0.0,0.0,0.0,0.0,0.0,112.0,66.0,0.0,0.0,0.0,0.0,0.0,0.0,0.0,0.0,0.0,0.0,0.0,0.0,0.0
204,Darko,Churlinov,Churlinov,u,has joined Kocaelispor  permanently.,,4.9,316,197.0,0.0,735,307.0,0.0,732.0,307.0,0,0,0.0,-1,1.0,0,1,0.0,0.0,0.0,0.0,0.0,784.0,338.0,0.0,0.0,783.0,337.0,780.0,337.0,777.0,336.0,783.0,337.0,,,,,,,,0.0,0.0,0.0,0.0,0.0,0.0,0.0,0.0,0.0,35,0,0.0,0.0,0.0,0.0,0.0,0.0,0.0,0.0,0.0,0.0,0.0,0.0,0.0,0.0,0.0,1.0,0.0,0.0,0.0,0.0,0.0,0.0,0.0,0.0,0.0,0.0,0.0,0.0,0.0
205,Josh,Cullen,Cullen,i,Knee injury - Expected back 30 Sep,,4.9,295,183.0,0.8,220,77.0,0.0,723.0,301.0,0,0,0.0,-1,1.0,29,480,0.0,14.3,0.0,0.0,3.9,70.0,32.0,0.0,0.0,198.0,79.0,175.0,116.0,276.0,149.0,231.0,112.0,,,,,,,,0.06,0.08,0.14,1.93,0.0,0.18,1.73,1.07,10.29,35,0,0.0,0.0,0.0,0.0,0.0,0.0,0.0,0.0,0.0,0.0,0.0,0.0,0.0,0.0,35.0,684.0,0.0,0.0,0.0,0.0,0.0,0.0,0.0,0.0,0.0,0.0,0.0,0.0,0.0
206,Marcus,Edwards,Edwards,a,,,4.7,380,237.0,0.1,500,181.0,1.2,245.0,110.0,0,0,0.0,-3,3.0,76,345,0.3,10.6,0.7,0.7,2.3,299.0,126.0,100.0,100.0,317.0,138.0,156.0,104.0,151.0,86.0,235.0,114.0,,3.0,,,,,,0.13,0.15,0.28,2.08,0.0,0.09,1.55,0.95,5.7,35,0,0.0,0.0,0.0,0.0,0.0,0.0,0.0,0.0,0.0,0.0,0.0,0.0,0.0,0.0,141.0,515.0,0.0,0.0,0.0,0.0,0.0,0.0,0.0,0.0,0.0,0.0,0.0,0.0,0.0
207,Hannibal,Mejbri,Hannibal,a,,,4.7,389,241.0,0.1,445,154.0,0.0,709.0,289.0,0,0,0.0,-3,3.0,150,376,0.0,11.1,-0.5,-0.2,2.2,314.0,135.0,100.0,50.0,288.0,121.0,165.0,111.0,288.0,154.0,272.0,137.0,,,,,,,,0.05,0.12,0.17,2.15,0.0,0.18,2.04,1.06,8.5,35,0,36.0,0.0,0.0,0.0,1.0,0.0,0.0,0.0,1.0,0.0,0.0,0.0,0.0,4.0,154.0,661.0,0.0,0.05999999999999994,0.020000000000000018,0.08000000000000007,0.7300000000000004,2.799999999999983,2.3999999999999773,2.0,0.7000000000000028,0.0,0.0,1.0,1.0
208,Luca,Koleosho,Koleosho,u,has joined Paris FC on loan for the rest of the season.,,5.0,265,161.0,0.0,745,314.0,0.0,758.0,326.0,0,0,0.0,0,0.0,0,0,0.0,0.0,0.0,0.0,0.0,801.0,351.0,0.0,0.0,800.0,350.0,799.0,350.0,795.0,349.0,800.0,350.0,,,,,,,,0.0,0.0,0.0,0.0,0.0,0.0,0.0,0.0,0.0,35,0,0.0,0.0,0.0,0.0,0.0,0.0,0.0,0.0,0.0,0.0,0.0,0.0,0.0,0.0,0.0,1.0,0.0,0.0,0.0,0.0,0.0,0.0,0.0,0.0,0.0,0.0,0.0,0.0,0.0
209,Josh,Laurent,Laurent,a,,,4.8,347,218.0,0.0,625,239.0,1.0,268.0,124.0,1,0,0.0,-2,2.0,35,84,0.2,11.2,0.5,0.5,1.7,399.0,173.0,100.0,100.0,236.0,101.0,199.0,129.0,263.0,144.0,260.0,128.0,,,,,,,,0.05,0.03,0.08,2.04,0.0,0.1,2.14,0.94,9.36,35,1,53.0,0.0,0.0,0.0,2.0,0.0,0.0,0.0,0.0,0.0,0.0,1.0,0.0,1.0,105.0,109.0,0.0,0.020000000000000018,0.0,0.020000000000000018,0.9100000000000037,0.0,0.29999999999998295,3.0,0.19999999999999574,0.0,0.0,2.0,2.0
210,Loum,Tchaouna,Tchaouna,a,,,4.8,364,227.0,0.0,631,242.0,2.2,165.0,67.0,6,0,0.0,-2,2.0,139,38,0.5,10.0,1.7,1.7,1.8,375.0,158.0,,,338.0,150.0,222.0,143.0,229.0,124.0,302.0,148.0,,4.0,,,,,,0.1,0.07,0.17,1.84,0.0,0.18,1.78,0.98,4.53,35,6,90.0,1.0,0.0,0.0,3.0,0.0,0.0,0.0,1.0,0.0,0.0,1.0,0.0,25.0,156.0,52.0,0.0,0.19999999999999996,0.06000000000000005,0.26,1.6400000000000006,41.19999999999999,25.30000000000001,23.0,9.0,1.0,0.0,0.0,1.0
211,Aaron,Ramsey,A.Ramsey,u,has joined Leicester City on loan for the rest of the season.,,4.4,544,325.0,1.4,165,57.0,0.0,585.0,197.0,0,0,0.0,-1,1.0,0,338,0.0,0.0,0.0,0.0,0.0,682.0,260.0,0.0,0.0,672.0,251.0,669.0,255.0,648.0,245.0,674.0,253.0,,,,,,,,0.0,0.0,0.0,0.0,0.0,0.0,0.0,0.0,0.0,35,0,0.0,0.0,0.0,0.0,0.0,0.0,0.0,0.0,0.0,0.0,0.0,0.0,0.0,0.0,0.0,489.0,0.0,0.0,0.0,0.0,0.0,0.0,0.0,0.0,0.0,0.0,0.0,0.0,0.0
212,Oluwaseun,Adewumi,Adewumi,u,Has joined Cercle Brugge on loan for the rest of the season.,,4.5,481,293.0,0.0,773,331.0,0.0,666.0,256.0,0,0,0.0,0,0.0,0,2,0.0,0.0,0.0,0.0,0.0,745.0,308.0,0.0,0.0,741.0,305.0,736.0,306.0,721.0,301.0,742.0,306.0,,,,,,,,0.0,0.0,0.0,0.0,0.0,0.0,0.0,0.0,0.0,35,0,0.0,0.0,0.0,0.0,0.0,0.0,0.0,0.0,0.0,0.0,0.0,0.0,0.0,0.0,0.0,2.0,0.0,0.0,0.0,0.0,0.0,0.0,0.0,0.0,0.0,0.0,0.0,0.0,0.0
213,Jaydon,Banel,Banel,u,has joined Derby County on loan for the rest of the season.,,4.5,466,283.0,0.0,630,241.0,0.0,652.0,246.0,0,0,0.0,0,0.0,0,15,0.0,0.2,0.0,0.0,1.0,486.0,217.0,0.0,0.0,729.0,296.0,486.0,233.0,708.0,291.0,730.0,297.0,,,,,,,,0.0,0.0,0.0,0.5,0.0,0.0,0.0,0.0,0.0,35,0,0.0,0.0,0.0,0.0,0.0,0.0,0.0,0.0,0.0,0.0,0.0,0.0,0.0,0.0,0.0,21.0,0.0,0.0,0.0,0.0,0.0,0.0,0.0,0.0,0.0,0.0,0.0,0.0,0.0
214,Mike,Trésor Ndayishimiye,Trésor,a,,,4.3,589,348.0,0.1,518,188.0,0.5,320.0,150.0,0,0,0.0,-2,2.0,1244,283,0.1,1.4,0.0,0.0,1.0,471.0,204.0,100.0,100.0,479.0,215.0,415.0,206.0,449.0,220.0,475.0,214.0,,,,,,,,0.0,0.0,0.0,4.01,0.0,0.0,4.86,0.0,12.16,35,0,0.0,0.0,0.0,0.0,0.0,0.0,0.0,0.0,0.0,0.0,0.0,0.0,0.0,0.0,1765.0,413.0,0.0,0.0,0.0,0.0,0.0,0.0,0.0,0.0,0.0,0.0,0.0,0.0,0.0
215,Zian,Flemming,Flemming,a,,,5.3,188,44.0,0.3,312,49.0,3.2,111.0,19.0,2,0,0.0,-2,2.0,879,2494,0.6,15.8,2.7,2.7,3.2,175.0,15.0,100.0,100.0,168.0,16.0,240.0,28.0,50.0,20.0,123.0,18.0,,5.0,1.0,,,,,0.41,0.02,0.43,1.94,0.0,0.18,1.85,1.07,5.06,35,2,75.0,0.0,0.0,0.0,3.0,0.0,0.0,0.0,0.0,0.0,0.0,1.0,0.0,7.0,1671.0,3531.0,0.0,0.0,0.03999999999999998,0.040000000000000036,1.4699999999999989,6.199999999999989,10.300000000000011,4.0,2.1000000000000085,0.0,2.0,1.0,3.0
216,Zeki,Amdouni,Amdouni,a,,,4.8,368,63.0,0.0,676,86.0,0.2,370.0,50.0,1,0,0.0,-2,2.0,91,44,0.0,0.2,-0.3,-0.1,1.0,500.0,60.0,100.0,50.0,505.0,58.0,470.0,60.0,439.0,60.0,497.0,60.0,,,,,,,,0.45,0.06,0.51,1.09,0.0,0.0,0.0,0.0,0.0,35,1,14.0,0.0,0.0,0.0,0.0,0.0,0.0,0.0,0.0,0.0,0.0,0.0,0.0,4.0,97.0,54.0,0.0,0.07,0.01,0.08,0.17,1.4,1.9,5.0,0.8,0.0,0.0,0.0,0.0
217,Lyle,Foster,Foster,a,,,4.9,320,60.0,0.7,225,32.0,0.5,331.0,44.0,0,0,0.0,-1,1.0,394,961,0.1,11.6,0.0,0.0,2.3,304.0,34.0,100.0,100.0,281.0,27.0,234.0,26.0,123.0,31.0,247.0,31.0,,,,,,,,0.22,0.02,0.24,1.86,0.0,0.27,2.01,1.01,5.64,35,0,0.0,0.0,0.0,0.0,0.0,0.0,0.0,0.0,0.0,0.0,0.0,0.0,0.0,0.0,514.0,1328.0,0.0,0.0,0.0,0.0,0.0,0.0,0.0,0.0,0.0,0.0,0.0,0.0,0.0
218,Ashley,Barnes,Barnes,a,,,4.2,625,88.0,1.2,174,26.0,0.0,531.0,52.0,0,0,0.0,-3,3.0,1151,2493,0.0,1.2,-0.5,-0.5,1.0,469.0,56.0,,,514.0,63.0,483.0,61.0,425.0,57.0,493.0,58.0,,,2.0,,,,,0.28,0.0,0.28,5.32,0.0,0.0,7.71,0.0,5.14,35,0,0.0,0.0,0.0,0.0,0.0,0.0,0.0,0.0,0.0,0.0,0.0,0.0,0.0,0.0,1456.0,3768.0,0.0,0.0,0.0,0.0,0.0,0.0,0.0,0.0,0.0,0.0,0.0,0.0,0.0
219,Michael,Obafemi,Obafemi,u,has joined Blackpool on loan for the rest of the season.,,4.4,533,76.0,0.1,477,67.0,0.0,581.0,60.0,0,0,0.0,-1,1.0,0,25,0.0,0.0,0.0,0.0,0.0,679.0,70.0,0.0,0.0,669.0,69.0,666.0,68.0,645.0,68.0,671.0,69.0,,,,,,,,0.0,0.0,0.0,0.0,0.0,0.0,0.0,0.0,0.0,35,0,0.0,0.0,0.0,0.0,0.0,0.0,0.0,0.0,0.0,0.0,0.0,0.0,0.0,0.0,0.0,38.0,0.0,0.0,0.0,0.0,0.0,0.0,0.0,0.0,0.0,0.0,0.0,0.0,0.0
470,Martin,Dúbravka,Dúbravka,a,,,4.0,667,41.0,26.6,10,2.0,2.0,183.0,15.0,2,0,0.0,0,0.0,8059,47120,0.5,24.0,1.5,1.5,2.7,230.0,26.0,100.0,100.0,6.0,1.0,563.0,51.0,532.0,37.0,133.0,1.0,,,,,,,,0.0,0.0,0.0,2.04,3.63,0.11,2.03,1.0,0.0,35,2,90.0,0.0,0.0,0.0,3.0,0.0,0.0,0.0,0.0,0.0,5.0,1.0,0.0,13.0,11773.0,116478.0,0.0,0.0,0.0,0.0,1.6400000000000006,35.60000000000002,0.0,0.0,3.6000000000000085,0.0,0.0,9.0,0.0
614,James,Ward-Prowse,Ward-Prowse,a,,,5.6,123,77.0,0.2,378,130.0,3.0,121.0,45.0,2,0,0.0,-4,4.0,160,687,0.5,6.6,2.5,2.5,2.5,279.0,116.0,100.0,100.0,294.0,124.0,92.0,69.0,391.0,197.0,252.0,125.0,1.0,1.0,,,,,,0.02,0.14,0.16,1.92,0.0,0.17,2.29,1.02,8.9,35,2,64.0,0.0,0.0,0.0,3.0,0.0,0.0,0.0,0.0,0.0,0.0,1.0,0.0,16.0,466.0,854.0,0.0,0.03999999999999998,0.010000000000000009,0.050000000000000044,1.2699999999999996,10.400000000000006,5.300000000000011,7.0,2.3000000000000043,0.0,2.0,2.0,4.0
676,Lesley,Ugochukwu,Ugochukwu,a,,,5.0,272,167.0,0.1,489,174.0,1.0,275.0,130.0,0,0,0.0,0,0.0,54,369,0.2,17.6,0.5,0.5,2.8,221.0,87.0,100.0,100.0,179.0,69.0,232.0,148.0,173.0,93.0,216.0,103.0,,,,,,,,0.1,0.01,0.11,2.08,0.0,0.13,2.01,1.02,8.2,35,0,0.0,0.0,0.0,0.0,0.0,0.0,0.0,0.0,0.0,0.0,0.0,0.0,0.0,0.0,192.0,542.0,0.0,0.0,0.0,0.0,0.0,0.0,0.0,0.0,0.0,0.0,0.0,0.0,0.0
680,Armando,Broja,Broja,a,,,5.2,213,48.0,0.1,425,62.0,1.0,278.0,38.0,1,0,0.0,-3,3.0,82,186,0.2,8.3,0.5,0.5,1.8,384.0,44.0,100.0,100.0,379.0,43.0,317.0,38.0,163.0,38.0,331.0,39.0,,,,,,,,0.23,0.02,0.25,2.49,0.0,0.11,2.88,0.85,4.7,35,1,14.0,0.0,0.0,0.0,0.0,0.0,0.0,0.0,0.0,0.0,0.0,0.0,0.0,3.0,114.0,268.0,0.0,0.0,0.07999999999999999,0.08000000000000007,0.1700000000000017,0.20000000000000284,10.800000000000011,2.0,1.2999999999999972,0.0,0.0,1.0,1.0
66,Norberto,Murara Neto,Neto,u,Has joined Botafogo permanently.,,4.5,409,23.0,0.1,575,78.0,0.0,611.0,90.0,0,0,0.0,0,0.0,0,12,0.0,0.0,0.0,0.0,0.0,701.0,95.0,0.0,0.0,694.0,95.0,690.0,89.0,671.0,79.0,696.0,95.0,,,,,,,,0.0,0.0,0.0,0.0,0.0,0.0,0.0,0.0,0.0,35,0,0.0,0.0,0.0,0.0,0.0,0.0,0.0,0.0,0.0,0.0,0.0,0.0,0.0,0.0,0.0,15.0,0.0,0.0,0.0,0.0,0.0,0.0,0.0,0.0,0.0,0.0,0.0,0.0,0.0
67,Đorđe,Petrović,Petrović,a,,,4.6,400,20.0,5.2,75,12.0,2.5,148.0,14.0,6,0,0.0,1,-1.0,8099,13482,0.5,24.3,2.5,2.5,3.2,163.0,19.0,,,27.0,8.0,767.0,91.0,755.0,82.0,195.0,8.0,,,,,,,,0.0,0.0,0.0,1.49,2.89,0.29,1.49,1.0,0.0,35,6,90.0,0.0,0.0,1.0,0.0,0.0,0.0,0.0,0.0,0.0,1.0,1.0,0.0,23.0,10087.0,23982.0,0.0,0.0,0.0,0.0,0.8900000000000006,10.600000000000023,0.0,0.0,1.0999999999999943,0.0,0.0,6.0,0.0
68,Will,Dennis,Dennis,u,has joined Leyton Orient on loan for the rest of the season.,,4.0,687,51.0,0.7,231,30.0,0.0,470.0,63.0,0,0,0.0,0,0.0,0,485,0.0,0.0,0.0,0.0,0.0,599.0,72.0,0.0,0.0,587.0,72.0,580.0,61.0,549.0,47.0,589.0,72.0,,,,,,,,0.0,0.0,0.0,0.0,0.0,0.0,0.0,0.0,0.0,35,0,0.0,0.0,0.0,0.0,0.0,0.0,0.0,0.0,0.0,0.0,0.0,0.0,0.0,0.0,0.0,686.0,0.0,0.0,0.0,0.0,0.0,0.0,0.0,0.0,0.0,0.0,0.0,0.0,0.0
70,Alex,Paulsen,Paulsen,u,Has joined Lechia Gdansk on loan for the rest of the season.,,4.0,704,59.0,0.1,578,79.0,0.0,485.0,71.0,0,0,0.0,0,0.0,0,17,0.0,0.0,0.0,0.0,0.0,613.0,80.0,0.0,0.0,601.0,80.0,594.0,69.0,563.0,55.0,603.0,80.0,,,,,,,,0.0,0.0,0.0,0.0,0.0,0.0,0.0,0.0,0.0,35,0,0.0,0.0,0.0,0.0,0.0,0.0,0.0,0.0,0.0,0.0,0.0,0.0,0.0,0.0,0.0,32.0,0.0,0.0,0.0,0.0,0.0,0.0,0.0,0.0,0.0,0.0,0.0,0.0,0.0
71,Illia,Zabarnyi,Zabarnyi,u,Has joined Paris Saint-Germain permanently.,,5.0,262,40.0,0.0,677,238.0,0.0,757.0,257.0,0,0,0.0,0,0.0,0,4,0.0,0.0,0.0,0.0,0.0,800.0,266.0,0.0,0.0,799.0,266.0,798.0,266.0,794.0,266.0,799.0,266.0,,,,,,,,0.0,0.0,0.0,0.0,0.0,0.0,0.0,0.0,0.0,35,0,0.0,0.0,0.0,0.0,0.0,0.0,0.0,0.0,0.0,0.0,0.0,0.0,0.0,0.0,0.0,4.0,0.0,0.0,0.0,0.0,0.0,0.0,0.0,0.0,0.0,0.0,0.0,0.0,0.0
72,Marcos,Senesi Barón,Senesi,a,,,5.2,209,29.0,21.2,13,4.0,6.0,15.0,6.0,14,0,0.0,7,-7.0,120584,52982,1.2,31.0,6.0,6.0,4.7,24.0,8.0,100.0,100.0,4.0,2.0,94.0,22.0,168.0,38.0,36.0,3.0,,,,,,,,0.05,0.14,0.19,1.49,0.0,0.3,1.52,1.01,11.69,35,14,90.0,0.0,1.0,1.0,0.0,0.0,0.0,0.0,0.0,0.0,0.0,1.0,3.0,39.0,143169.0,111791.0,0.0,0.0,0.13000000000000078,0.1299999999999999,0.8900000000000006,36.0,20.5,6.0,6.299999999999983,3.0,11.0,4.0,14.0
73,Adam,Smith,Smith,a,,,4.4,522,99.0,0.2,390,144.0,0.2,357.0,118.0,0,0,0.0,-1,1.0,241,301,0.0,8.9,0.2,0.2,2.1,330.0,122.0,100.0,100.0,360.0,136.0,345.0,118.0,398.0,142.0,391.0,138.0,,,,,,,,0.0,0.02,0.02,1.56,0.0,0.45,1.68,1.23,5.93,35,0,0.0,0.0,0.0,0.0,0.0,0.0,0.0,0.0,0.0,0.0,0.0,0.0,0.0,0.0,285.0,392.0,0.0,0.0,0.0,0.0,0.0,0.0,0.0,0.0,0.0,0.0,0.0,0.0,0.0
74,Adrien,Truffert,Truffert,a,,,4.7,391,67.0,4.6,85,26.0,6.0,14.0,5.0,7,0,0.0,2,-2.0,33449,17532,1.3,31.1,6.0,6.0,4.2,44.0,17.0,,,31.0,11.0,53.0,7.0,204.0,53.0,58.0,9.0,,,,,,,,0.03,0.08,0.11,1.44,0.0,0.29,1.42,1.01,8.17,35,7,90.0,0.0,0.0,1.0,0.0,0.0,0.0,0.0,0.0,0.0,0.0,1.0,1.0,28.0,55597.0,26274.0,0.0,0.0,0.08000000000000007,0.08000000000000007,0.8900000000000006,9.399999999999977,15.900000000000034,4.0,2.9000000000000057,0.0,4.0,3.0,4.0
76,Owen,Bevan,Bevan,a,,,3.8,812,250.0,0.2,398,148.0,0.0,406.0,150.0,0,0,0.0,-2,2.0,130,167,0.0,0.0,0.0,0.0,0.0,545.0,196.0,,,533.0,195.0,517.0,194.0,484.0,188.0,535.0,195.0,,,,,,,,0.0,0.0,0.0,0.0,0.0,0.0,0.0,0.0,0.0,35,0,0.0,0.0,0.0,0.0,0.0,0.0,0.0,0.0,0.0,0.0,0.0,0.0,0.0,0.0,159.0,233.0,0.0,0.0,0.0,0.0,0.0,0.0,0.0,0.0,0.0,0.0,0.0,0.0,0.0
78,Julián,Araujo Zúñiga,J.Araujo,u,has joined Celtic on loan for the rest of the season.,,3.8,803,242.0,0.5,272,103.0,0.0,398.0,143.0,0,0,0.0,-2,2.0,0,326,0.0,0.0,0.0,0.0,0.0,540.0,191.0,0.0,0.0,528.0,190.0,511.0,189.0,478.0,183.0,530.0,190.0,,,,,,,,0.0,0.0,0.0,0.0,0.0,0.0,0.0,0.0,0.0,35,0,0.0,0.0,0.0,0.0,0.0,0.0,0.0,0.0,0.0,0.0,0.0,0.0,0.0,0.0,0.0,485.0,0.0,0.0,0.0,0.0,0.0,0.0,0.0,0.0,0.0,0.0,0.0,0.0,0.0
79,Chris,Mepham,Mepham,u,has joined West Bromwich Albion permanently.,,4.0,680,169.0,0.1,550,195.0,0.0,463.0,177.0,0,0,0.0,0,0.0,0,15,0.0,0.0,0.0,0.0,0.0,592.0,216.0,0.0,0.0,580.0,215.0,573.0,215.0,542.0,211.0,582.0,215.0,,,,,,,,0.0,0.0,0.0,0.0,0.0,0.0,0.0,0.0,0.0,35,0,0.0,0.0,0.0,0.0,0.0,0.0,0.0,0.0,0.0,0.0,0.0,0.0,0.0,0.0,0.0,24.0,0.0,0.0,0.0,0.0,0.0,0.0,0.0,0.0,0.0,0.0,0.0,0.0,0.0
80,Julio,Soler Barreto,Soler,a,,,3.9,790,231.0,0.2,387,142.0,0.0,448.0,169.0,0,0,0.0,-1,1.0,143,89,0.0,0.8,0.0,0.0,1.0,463.0,168.0,100.0,100.0,501.0,178.0,466.0,170.0,446.0,167.0,500.0,174.0,,,,,,,,0.0,0.0,0.0,4.29,0.0,0.0,5.29,0.0,2.65,35,0,0.0,0.0,0.0,0.0,0.0,0.0,0.0,0.0,0.0,0.0,0.0,0.0,0.0,0.0,194.0,108.0,0.0,0.0,0.0,0.0,0.0,0.0,0.0,0.0,0.0,0.0,0.0,0.0,0.0
81,Justin,Kluivert,Kluivert,d,Lack of match fitness - 75% chance of playing,,6.9,38,23.0,0.6,249,88.0,0.0,826.0,370.0,0,0,0.0,-1,1.0,97,225,0.0,5.8,0.0,0.0,2.2,320.0,141.0,75.0,25.0,339.0,151.0,126.0,86.0,245.0,134.0,258.0,127.0,,3.0,1.0,,,,,0.22,0.15,0.37,1.65,0.0,0.39,1.77,0.98,6.11,35,0,0.0,0.0,0.0,0.0,0.0,0.0,0.0,0.0,0.0,0.0,0.0,0.0,0.0,0.0,109.0,269.0,0.0,0.0,0.0,0.0,0.0,0.0,0.0,0.0,0.0,0.0,0.0,0.0,0.0
84,Marcus,Tavernier,Tavernier,a,,,5.4,158,98.0,5.0,78,27.0,3.5,102.0,34.0,3,0,0.0,-1,1.0,13355,40020,0.6,22.8,3.5,3.5,4.0,60.0,27.0,100.0,100.0,79.0,25.0,23.0,22.0,36.0,20.0,26.0,21.0,2.0,2.0,4.0,,,,,0.31,0.14,0.45,1.33,0.0,0.36,1.53,1.02,8.33,35,3,85.0,0.0,0.0,1.0,0.0,0.0,0.0,0.0,0.0,0.0,0.0,1.0,0.0,12.0,45017.0,58271.0,0.0,0.1399999999999988,0.03000000000000025,0.16999999999999993,0.3500000000000014,6.0,9.399999999999977,21.0,3.6000000000000227,0.0,0.0,6.0,6.0
86,David,Brooks,Brooks,a,,,5.0,244,147.0,0.2,399,135.0,2.2,168.0,70.0,4,0,0.0,0,0.0,464,231,0.4,11.4,2.2,2.2,2.0,346.0,149.0,100.0,100.0,275.0,116.0,88.0,65.0,58.0,33.0,122.0,70.0,5.0,4.0,,,,,,0.4,0.26,0.66,1.49,0.0,0.38,1.46,1.0,6.99,35,4,20.0,0.0,1.0,0.0,0.0,0.0,0.0,0.0,0.0,0.0,0.0,0.0,0.0,15.0,588.0,336.0,0.0,0.03000000000000025,0.1499999999999999,0.1800000000000015,0.639999999999997,17.200000000000017,16.30000000000001,2.0,3.6000000000000085,0.0,0.0,3.0,3.0
87,Ryan,Christie,Christie,a,,,4.9,290,180.0,0.1,421,145.0,1.8,204.0,89.0,1,0,0.0,-1,1.0,240,1711,0.4,10.0,1.8,1.8,2.0,343.0,147.0,100.0,100.0,277.0,117.0,200.0,130.0,150.0,85.0,240.0,118.0,6.0,,,,,,,0.17,0.07,0.24,1.78,0.0,0.29,1.34,0.77,11.33,35,1,21.0,0.0,0.0,0.0,0.0,0.0,0.0,0.0,0.0,0.0,0.0,0.0,0.0,7.0,351.0,2478.0,0.0,0.0,0.0,0.0,0.6400000000000006,5.599999999999994,0.799999999999983,0.0,0.6000000000000014,2.0,0.0,2.0,4.0
88,Lewis,Cook,Cook,d,Lack of match fitness - 25% chance of playing,,4.9,289,179.0,0.0,638,246.0,0.0,720.0,298.0,0,0,0.0,-1,1.0,21,58,0.0,7.8,0.0,0.0,2.4,288.0,120.0,25.0,0.0,289.0,122.0,202.0,131.0,415.0,204.0,325.0,158.0,4.0,,,,,,,0.01,0.05,0.06,1.4,0.0,0.1,1.86,0.83,14.79,35,0,0.0,0.0,0.0,0.0,0.0,0.0,0.0,0.0,0.0,0.0,0.0,0.0,0.0,0.0,25.0,86.0,0.0,0.0,0.0,0.0,0.0,0.0,0.0,0.0,0.0,0.0,0.0,0.0,0.0
89,Philip,Billing,Philip,u,has joined Midtjylland permanently.,,4.9,292,182.0,0.0,682,273.0,0.0,722.0,300.0,0,0,0.0,-1,1.0,0,2,0.0,0.0,0.0,0.0,0.0,780.0,335.0,0.0,0.0,779.0,334.0,776.0,334.0,772.0,332.0,779.0,334.0,,,,,,,,0.0,0.0,0.0,0.0,0.0,0.0,0.0,0.0,0.0,35,0,0.0,0.0,0.0,0.0,0.0,0.0,0.0,0.0,0.0,0.0,0.0,0.0,0.0,0.0,0.0,2.0,0.0,0.0,0.0,0.0,0.0,0.0,0.0,0.0,0.0,0.0,0.0,0.0,0.0
91,Luis,Sinisterra Lucumí,Sinisterra,u,has joined Cruzeiro on loan for the rest of the season.,,5.0,251,151.0,0.0,747,316.0,0.0,752.0,321.0,0,0,0.0,0,0.0,0,0,0.0,0.0,0.0,0.0,0.0,796.0,347.0,0.0,0.0,795.0,346.0,794.0,346.0,790.0,345.0,795.0,346.0,,,,,,,,0.0,0.0,0.0,0.0,0.0,0.0,0.0,0.0,0.0,35,0,0.0,0.0,0.0,0.0,0.0,0.0,0.0,0.0,0.0,0.0,0.0,0.0,0.0,0.0,0.0,0.0,0.0,0.0,0.0,0.0,0.0,0.0,0.0,0.0,0.0,0.0,0.0,0.0,0.0
93,Hamed,Traorè,H.Traorè,u,has joined Marseille on loan for the rest of the season.,,4.5,430,255.0,0.3,343,118.0,0.0,623.0,220.0,0,0,0.0,0,0.0,0,60,0.0,0.9,0.0,0.0,4.0,56.0,26.0,0.0,0.0,460.0,203.0,434.0,213.0,681.0,266.0,473.0,212.0,,,,,,,,0.0,0.0,0.0,2.25,0.0,0.0,11.25,0.0,22.5,35,0,0.0,0.0,0.0,0.0,0.0,0.0,0.0,0.0,0.0,0.0,0.0,0.0,0.0,0.0,0.0,75.0,0.0,0.0,0.0,0.0,0.0,0.0,0.0,0.0,0.0,0.0,0.0,0.0,0.0
94,Dominic,Sadi,Sadi,u,has joined Novi Pazar on loan for the rest of the season.,,4.5,465,282.0,0.0,650,254.0,0.0,651.0,245.0,0,0,0.0,0,0.0,0,7,0.0,0.0,0.0,0.0,0.0,734.0,300.0,0.0,0.0,728.0,295.0,724.0,297.0,707.0,290.0,729.0,296.0,,,,,,,,0.0,0.0,0.0,0.0,0.0,0.0,0.0,0.0,0.0,35,0,0.0,0.0,0.0,0.0,0.0,0.0,0.0,0.0,0.0,0.0,0.0,0.0,0.0,0.0,0.0,7.0,0.0,0.0,0.0,0.0,0.0,0.0,0.0,0.0,0.0,0.0,0.0,0.0,0.0
95,Zain,Silcott-Duberry,Silcott-Duberry,u,has joined Olympiakos permanently.,,4.4,555,333.0,0.1,582,217.0,0.0,593.0,205.0,0,0,0.0,-1,1.0,0,13,0.0,0.0,0.0,0.0,0.0,688.0,266.0,0.0,0.0,679.0,258.0,676.0,262.0,656.0,253.0,681.0,260.0,,,,,,,,0.0,0.0,0.0,0.0,0.0,0.0,0.0,0.0,0.0,35,0,0.0,0.0,0.0,0.0,0.0,0.0,0.0,0.0,0.0,0.0,0.0,0.0,0.0,0.0,0.0,17.0,0.0,0.0,0.0,0.0,0.0,0.0,0.0,0.0,0.0,0.0,0.0,0.0,0.0
96,Ben,Winterburn,Winterburn,u,has joined Barnet on loan for the rest of the season.,,4.5,498,307.0,0.0,648,253.0,0.0,682.0,270.0,0,0,0.0,0,0.0,0,5,0.0,0.2,0.0,0.0,1.0,494.0,223.0,0.0,0.0,755.0,316.0,749.0,316.0,735.0,312.0,755.0,316.0,,,,,,,,0.0,0.0,0.0,4.65,0.0,0.0,30.0,0.0,0.0,35,0,0.0,0.0,0.0,0.0,0.0,0.0,0.0,0.0,0.0,0.0,0.0,0.0,0.0,0.0,0.0,8.0,0.0,0.0,0.0,0.0,0.0,0.0,0.0,0.0,0.0,0.0,0.0,0.0,0.0
97,Francisco Evanilson,de Lima Barbosa,Evanilson,a,,,6.7,46,16.0,2.5,124,19.0,4.0,80.0,13.0,5,0,0.0,-3,3.0,15440,15634,0.6,16.4,4.0,4.0,3.3,157.0,14.0,100.0,100.0,205.0,20.0,84.0,3.0,12.0,7.0,48.0,11.0,,,,,,,,0.35,0.05,0.4,1.28,0.0,0.35,1.38,1.03,4.22,35,5,79.0,0.0,1.0,1.0,0.0,0.0,0.0,0.0,0.0,0.0,0.0,1.0,0.0,17.0,19738.0,24050.0,0.0,0.2400000000000002,0.15999999999999992,0.40000000000000036,0.25,0.0,12.0,14.0,2.5999999999999943,0.0,2.0,5.0,7.0
98,Enes,Ünal,Enes Ünal,a,,,5.4,154,38.0,0.0,590,80.0,0.8,305.0,41.0,1,0,0.0,-1,1.0,226,174,0.1,4.4,0.8,0.8,1.2,451.0,53.0,100.0,100.0,421.0,50.0,420.0,54.0,292.0,51.0,403.0,51.0,,1.0,,,,,,0.92,0.03,0.95,2.34,0.0,0.0,0.97,0.0,7.78,35,1,10.0,0.0,0.0,0.0,0.0,0.0,0.0,0.0,0.0,0.0,0.0,0.0,0.0,3.0,255.0,222.0,0.0,0.039999999999999813,0.0,0.040000000000000036,0.6399999999999997,2.0,0.3000000000000007,2.0,0.40000000000000036,0.0,1.0,0.0,1.0
99,Daniel,Adu-Adjei,Adu-Adjei,u,has joined HNK Rijeka permanently.,,4.4,571,83.0,0.1,441,63.0,0.0,606.0,67.0,0,0,0.0,-1,1.0,0,21,0.0,0.0,0.0,0.0,0.0,698.0,77.0,0.0,0.0,691.0,76.0,687.0,75.0,668.0,75.0,693.0,76.0,,,,,,,,0.0,0.0,0.0,0.0,0.0,0.0,0.0,0.0,0.0,35,0,0.0,0.0,0.0,0.0,0.0,0.0,0.0,0.0,0.0,0.0,0.0,0.0,0.0,0.0,0.0,28.0,0.0,0.0,0.0,0.0,0.0,0.0,0.0,0.0,0.0,0.0,0.0,0.0,0.0
100,Junior,Kroupi,Kroupi.Jr,a,,,4.6,406,65.0,6.2,65,12.0,5.5,23.0,5.0,6,0,0.0,1,-1.0,81585,16064,1.2,22.0,5.5,5.5,3.4,135.0,13.0,100.0,100.0,118.0,12.0,144.0,11.0,45.0,18.0,74.0,15.0,,,2.0,,,,,0.49,0.08,0.57,1.42,0.0,0.5,1.25,1.13,6.51,35,6,69.0,1.0,0.0,1.0,0.0,0.0,0.0,0.0,0.0,0.0,0.0,1.0,0.0,22.0,101563.0,34906.0,0.0,1.0,0.010000000000000009,1.0100000000000016,0.25,38.60000000000002,4.400000000000034,37.0,8.0,1.0,1.0,4.0,6.0
391,Ben,Gannon-Doak,Gannon-Doak,a,,,4.8,369,230.0,0.0,642,248.0,0.5,328.0,155.0,1,0,0.0,-2,2.0,27,22,0.1,2.1,0.5,0.5,1.4,429.0,189.0,100.0,100.0,449.0,200.0,413.0,205.0,401.0,200.0,450.0,201.0,,,,,,,,0.11,0.12,0.23,5.06,0.0,0.0,1.25,0.0,12.5,35,1,4.0,0.0,0.0,0.0,0.0,0.0,0.0,0.0,0.0,0.0,0.0,0.0,0.0,3.0,35.0,30.0,0.0,0.0,0.0,0.0,0.54,0.0,1.4999999999999982,0.0,0.20000000000000018,0.0,0.0,1.0,1.0
685,Bafodé,Diakité,Diakité,a,,,4.1,657,157.0,0.3,344,124.0,0.0,528.0,220.0,0,0,0.0,-4,4.0,137,297,0.0,11.2,0.0,0.0,2.6,249.0,96.0,100.0,100.0,251.0,100.0,351.0,123.0,387.0,134.0,342.0,113.0,,,,,,,,0.0,0.01,0.01,1.59,0.0,0.28,1.91,1.06,8.26,35,0,0.0,0.0,0.0,0.0,0.0,0.0,0.0,0.0,0.0,0.0,0.0,0.0,0.0,0.0,171.0,426.0,0.0,0.0,0.0,0.0,0.0,0.0,0.0,0.0,0.0,0.0,0.0,0.0,0.0
687,Remy,Rees-Dottin,Rees-Dottin,a,,,4.3,619,366.0,0.2,400,136.0,0.0,571.0,192.0,0,0,0.0,-2,2.0,341,360,0.0,0.0,0.0,0.0,0.0,673.0,256.0,,,662.0,246.0,659.0,251.0,636.0,240.0,664.0,248.0,,,,,,,,0.0,0.0,0.0,0.0,0.0,0.0,0.0,0.0,0.0,35,0,0.0,0.0,0.0,0.0,0.0,0.0,0.0,0.0,0.0,0.0,0.0,0.0,0.0,0.0,439.0,469.0,0.0,0.0,0.0,0.0,0.0,0.0,0.0,0.0,0.0,0.0,0.0,0.0,0.0
697,Amine,Adli,Adli,a,,,5.4,170,106.0,0.2,361,122.0,0.5,337.0,160.0,1,0,0.0,-1,1.0,150,2272,0.1,12.0,0.5,0.5,2.2,317.0,138.0,,,250.0,107.0,167.0,112.0,122.0,70.0,198.0,95.0,,,,,,,,0.22,0.14,0.36,1.5,0.0,0.26,1.46,0.86,10.25,35,1,4.0,0.0,0.0,0.0,0.0,0.0,0.0,0.0,0.0,0.0,0.0,0.0,0.0,3.0,200.0,3629.0,0.0,0.0,0.0,0.0,0.5400000000000027,0.19999999999998863,0.5,0.0,0.09999999999999432,0.0,0.0,0.0,0.0
713,Álex,Jiménez Sánchez,A.Jimenez,n,Made unavailable for selection on 8/5. - Unknown return date,,4.5,467,95.0,0.2,368,133.0,2.5,147.0,56.0,6,0,0.0,0,0.0,612,3479,0.6,16.4,0.0,2.5,2.4,285.0,106.0,0.0,,161.0,70.0,149.0,39.0,183.0,44.0,163.0,55.0,,,,,,,,0.04,0.07,0.11,1.6,0.0,0.23,1.52,1.01,5.75,35,6,90.0,0.0,0.0,1.0,0.0,0.0,0.0,0.0,0.0,0.0,0.0,1.0,0.0,25.0,811.0,4134.0,0.0,0.020000000000000018,0.11999999999999988,0.13999999999999968,0.8900000000000006,13.199999999999989,19.0,4.0,3.6000000000000085,3.0,1.0,7.0,4.0
721,Veljko,Milosavljevic,Milosavljević,a,,,4.4,573,120.0,0.0,646,231.0,0.0,608.0,240.0,0,0,0.0,-1,1.0,29,24,0.0,4.3,0.0,0.0,2.7,234.0,91.0,100.0,100.0,383.0,143.0,418.0,153.0,421.0,158.0,419.0,150.0,,,,,,,,0.04,0.05,0.09,1.08,0.0,0.25,1.47,0.98,9.56,35,0,0.0,0.0,0.0,0.0,0.0,0.0,0.0,0.0,0.0,0.0,0.0,0.0,0.0,0.0,34.0,28.0,0.0,0.0,0.0,0.0,0.0,0.0,0.0,0.0,0.0,0.0,0.0,0.0,0.0
756,Malcom,DaCosta,DaCosta,a,,,4.5,519,322.0,0.0,741,312.0,0.0,698.0,282.0,0,0,0.0,0,0.0,40,43,0.0,0.0,0.0,0.0,0.0,771.0,328.0,,,770.0,327.0,764.0,327.0,751.0,324.0,770.0,327.0,,,,,,,,0.0,0.0,0.0,0.0,0.0,0.0,0.0,0.0,0.0,35,0,0.0,0.0,0.0,0.0,0.0,0.0,0.0,0.0,0.0,0.0,0.0,0.0,0.0,0.0,57.0,47.0,0.0,0.0,0.0,0.0,0.0,0.0,0.0,0.0,0.0,0.0,0.0,0.0,0.0
806,Christos,Mandas,Mandas,a,,,4.0,685,50.0,0.0,756,87.0,0.0,468.0,62.0,0,0,0.0,0,0.0,25,21,0.0,0.0,0.0,0.0,0.0,597.0,71.0,,,585.0,71.0,578.0,60.0,547.0,46.0,587.0,71.0,,,,,,,,0.0,0.0,0.0,0.0,0.0,0.0,0.0,0.0,0.0,35,0,0.0,0.0,0.0,0.0,0.0,0.0,0.0,0.0,0.0,0.0,0.0,0.0,0.0,0.0,32.0,25.0,0.0,0.0,0.0,0.0,0.0,0.0,0.0,0.0,0.0,0.0,0.0,0.0,0.0
807,Rayan Vitor,Simplício Rocha,Rayan,a,,,5.4,171,107.0,1.4,163,56.0,5.2,30.0,10.0,8,0,0.0,-1,1.0,13887,8538,1.0,9.8,5.2,5.2,4.4,33.0,14.0,,,274.0,115.0,207.0,133.0,153.0,88.0,242.0,119.0,,,,,,,,0.23,0.18,0.41,1.62,0.0,0.41,0.92,1.03,6.16,35,8,85.0,1.0,0.0,1.0,0.0,0.0,0.0,0.0,0.0,0.0,0.0,1.0,0.0,25.0,16601.0,16744.0,0.0,0.5700000000000003,0.22999999999999998,0.7999999999999998,0.34999999999999964,34.599999999999994,5.599999999999994,47.0,8.699999999999996,2.0,3.0,4.0,9.0
315,Steven,Benda,Benda,u,has joined Feyenoord on loan for the rest of the season.,,4.0,684,49.0,0.0,767,89.0,0.0,467.0,61.0,0,0,0.0,0,0.0,0,6,0.0,0.0,0.0,0.0,0.0,596.0,70.0,0.0,0.0,584.0,70.0,577.0,59.0,546.0,45.0,586.0,70.0,,,,,,,,0.0,0.0,0.0,0.0,0.0,0.0,0.0,0.0,0.0,35,0,0.0,0.0,0.0,0.0,0.0,0.0,0.0,0.0,0.0,0.0,0.0,0.0,0.0,0.0,0.0,8.0,0.0,0.0,0.0,0.0,0.0,0.0,0.0,0.0,0.0,0.0,0.0,0.0,0.0
27,Reiss,Nelson,Nelson,a,,,4.8,350,221.0,0.1,497,179.0,1.2,246.0,111.0,0,0,0.0,-2,2.0,94,76,0.3,2.5,0.7,1.2,1.3,441.0,196.0,100.0,100.0,430.0,187.0,388.0,196.0,372.0,190.0,425.0,193.0,,,,,,,,0.55,0.08,0.63,1.56,0.0,0.0,1.54,0.0,17.69,35,0,0.0,0.0,0.0,0.0,0.0,0.0,0.0,0.0,0.0,0.0,0.0,0.0,0.0,0.0,182.0,97.0,0.0,0.0,0.0,0.0,0.0,0.0,0.0,0.0,0.0,0.0,0.0,0.0,0.0
83,Dango,Ouattara,O.Dango,a,,,5.7,118,74.0,1.7,149,49.0,3.0,122.0,46.0,6,-1,1.0,-3,3.0,1920,45408,0.5,20.7,2.5,3.0,4.1,54.0,24.0,100.0,100.0,146.0,50.0,83.0,62.0,29.0,13.0,56.0,36.0,3.0,,,,,,,0.28,0.17,0.45,1.25,0.0,0.26,1.3,1.0,7.61,35,6,89.0,0.0,1.0,1.0,0.0,0.0,0.0,0.0,0.0,0.0,0.0,1.0,0.0,14.0,8188.0,69630.0,0.0,0.1200000000000001,0.010000000000000231,0.13000000000000078,0.9100000000000001,6.800000000000011,5.600000000000023,15.0,2.6999999999999886,4.0,1.0,4.0,9.0
102,Ellery,Balcombe,Balcombe,a,,,3.9,765,81.0,0.2,352,49.0,0.0,427.0,40.0,0,0,0.0,-1,1.0,91,192,0.0,0.0,-0.5,0.0,0.0,561.0,51.0,,,549.0,51.0,537.0,35.0,505.0,21.0,551.0,51.0,,,,,,,,0.0,0.0,0.0,0.0,0.0,0.0,0.0,0.0,0.0,35,0,0.0,0.0,0.0,0.0,0.0,0.0,0.0,0.0,0.0,0.0,0.0,0.0,0.0,0.0,116.0,285.0,0.0,0.0,0.0,0.0,0.0,0.0,0.0,0.0,0.0,0.0,0.0,0.0,0.0
103,Matthew,Cox,Cox,u,has joined Shrewsbury Town on loan for the rest of the season.,,3.9,781,89.0,0.1,448,65.0,0.0,439.0,47.0,0,0,0.0,-1,1.0,0,131,0.0,0.0,0.0,0.0,0.0,572.0,58.0,0.0,0.0,560.0,58.0,549.0,43.0,517.0,29.0,562.0,58.0,,,,,,,,0.0,0.0,0.0,0.0,0.0,0.0,0.0,0.0,0.0,35,0,0.0,0.0,0.0,0.0,0.0,0.0,0.0,0.0,0.0,0.0,0.0,0.0,0.0,0.0,0.0,182.0,0.0,0.0,0.0,0.0,0.0,0.0,0.0,0.0,0.0,0.0,0.0,0.0,0.0
104,Julian,Eyestone,Eyestone,a,,,3.9,784,90.0,0.1,478,69.0,0.0,442.0,48.0,0,0,0.0,-1,1.0,49,132,0.0,0.0,-0.5,0.0,0.0,575.0,59.0,,,563.0,59.0,552.0,44.0,520.0,30.0,565.0,59.0,,,,,,,,0.0,0.0,0.0,0.0,0.0,0.0,0.0,0.0,0.0,35,0,0.0,0.0,0.0,0.0,0.0,0.0,0.0,0.0,0.0,0.0,0.0,0.0,0.0,0.0,69.0,193.0,0.0,0.0,0.0,0.0,0.0,0.0,0.0,0.0,0.0,0.0,0.0,0.0,0.0
105,Hákon Rafn,Valdimarsson,Valdimarsson,a,,,3.8,809,96.0,0.8,212,26.0,0.0,403.0,28.0,0,0,0.0,-2,2.0,8021,1810,0.0,0.3,-0.5,0.0,1.0,460.0,37.0,,,465.0,37.0,514.0,21.0,481.0,7.0,491.0,37.0,,,,,,,,0.0,0.0,0.0,0.97,1.0,0.0,3.0,1.0,0.0,35,0,0.0,0.0,0.0,0.0,0.0,0.0,0.0,0.0,0.0,0.0,0.0,0.0,0.0,0.0,11197.0,2777.0,0.0,0.0,0.0,0.0,0.0,0.0,0.0,0.0,0.0,0.0,0.0,0.0,0.0
106,Nathan,Collins,Collins,a,,,4.9,318,51.0,2.5,123,49.0,4.2,63.0,27.0,6,0,0.0,-1,1.0,2494,21119,0.9,24.9,3.7,4.2,3.8,81.0,30.0,,,25.0,9.0,256.0,69.0,99.0,11.0,85.0,19.0,,,,,,,,0.07,0.05,0.12,1.33,0.0,0.3,1.27,0.97,9.6,35,6,90.0,0.0,0.0,1.0,0.0,0.0,0.0,0.0,0.0,0.0,0.0,1.0,0.0,27.0,6331.0,26107.0,0.0,0.0,0.0,0.0,0.9200000000000017,15.0,10.799999999999997,4.0,3.0,1.0,5.0,5.0,6.0
107,Keane,Lewis-Potter,Lewis-Potter,a,,,4.8,360,61.0,1.5,159,63.0,4.8,43.0,18.0,11,0,0.0,-2,2.0,5735,9248,1.0,22.5,4.3,4.8,3.3,151.0,58.0,,,196.0,80.0,121.0,32.0,87.0,9.0,126.0,37.0,,1.0,,,,,,0.15,0.12,0.27,1.44,0.0,0.48,1.38,1.01,3.24,35,11,90.0,0.0,1.0,1.0,0.0,0.0,0.0,0.0,0.0,0.0,0.0,1.0,2.0,34.0,7851.0,12729.0,0.0,0.22999999999999998,0.16999999999999993,0.40000000000000036,0.9100000000000001,29.0,17.0,45.0,9.099999999999994,0.0,2.0,8.0,2.0
108,Kristoffer,Ajer,Ajer,a,,,4.4,529,105.0,0.2,370,135.0,0.2,358.0,119.0,1,0,0.0,-1,1.0,113,1005,0.0,16.1,-0.3,0.2,2.8,214.0,83.0,100.0,100.0,189.0,77.0,346.0,119.0,203.0,52.0,257.0,85.0,,,,,,,,0.04,0.04,0.08,1.48,0.0,0.28,1.49,0.99,9.25,35,1,10.0,0.0,0.0,0.0,0.0,0.0,0.0,0.0,0.0,0.0,0.0,0.0,0.0,2.0,158.0,1523.0,0.0,0.0,0.0,0.0,0.019999999999999574,0.4000000000000341,0.0,0.0,0.0,0.0,0.0,1.0,0.0
109,Rico,Henry,Henry,i,Hamstring injury - Unknown return date,,4.3,583,128.0,0.1,451,168.0,0.0,550.0,231.0,0,0,0.0,-2,2.0,11,317,0.0,12.1,0.0,0.0,2.1,326.0,119.0,0.0,0.0,336.0,128.0,315.0,104.0,359.0,119.0,373.0,128.0,,,,,,,,0.01,0.04,0.05,1.63,0.0,0.27,1.5,0.95,4.63,35,0,0.0,0.0,0.0,0.0,0.0,0.0,0.0,0.0,0.0,0.0,0.0,0.0,0.0,0.0,19.0,498.0,0.0,0.0,0.0,0.0,0.0,0.0,0.0,0.0,0.0,0.0,0.0,0.0,0.0
110,Michael,Kayode,Kayode,a,,,4.6,407,72.0,1.1,191,74.0,4.5,51.0,23.0,5,0,0.0,1,-1.0,2429,10858,1.0,23.9,4.0,4.5,3.2,164.0,67.0,100.0,100.0,77.0,35.0,62.0,10.0,243.0,63.0,94.0,22.0,,,,,,,,0.04,0.08,0.12,1.35,0.0,0.3,1.3,1.02,6.17,35,5,90.0,0.0,0.0,1.0,0.0,0.0,0.0,0.0,1.0,0.0,0.0,1.0,0.0,15.0,5729.0,13398.0,0.0,0.0,0.04999999999999982,0.04999999999999982,0.9199999999999946,5.600000000000023,11.900000000000034,2.0,2.0,0.0,2.0,1.0,2.0
112,Mads,Roerslev Rasmussen,Roerslev,u,Has joined Southampton permanently.,,4.5,426,85.0,0.0,722,250.0,0.0,620.0,245.0,0,0,0.0,0,0.0,0,1,0.0,0.0,0.0,0.0,0.0,708.0,261.0,0.0,0.0,701.0,261.0,697.0,261.0,679.0,261.0,703.0,261.0,,,,,,,,0.0,0.0,0.0,0.0,0.0,0.0,0.0,0.0,0.0,35,0,0.0,0.0,0.0,0.0,0.0,0.0,0.0,0.0,0.0,0.0,0.0,0.0,0.0,0.0,0.0,1.0,0.0,0.0,0.0,0.0,0.0,0.0,0.0,0.0,0.0,0.0,0.0,0.0,0.0
115,Benjamin,Fredrick,Fredrick,u,has joined Dender on loan for the rest of the season.,,4.0,737,204.0,0.1,539,191.0,0.0,515.0,208.0,0,0,0.0,0,0.0,0,13,0.0,0.0,0.0,0.0,0.0,639.0,243.0,0.0,0.0,628.0,243.0,622.0,243.0,592.0,240.0,630.0,243.0,,,,,,,,0.0,0.0,0.0,0.0,0.0,0.0,0.0,0.0,0.0,35,0,0.0,0.0,0.0,0.0,0.0,0.0,0.0,0.0,0.0,0.0,0.0,0.0,0.0,0.0,0.0,19.0,0.0,0.0,0.0,0.0,0.0,0.0,0.0,0.0,0.0,0.0,0.0,0.0,0.0
116,Aaron,Hickey,Hickey,a,,,4.0,694,175.0,0.3,306,113.0,0.2,347.0,112.0,1,0,0.0,0,0.0,329,451,0.0,8.5,-0.3,0.2,1.8,365.0,133.0,100.0,100.0,392.0,145.0,414.0,151.0,348.0,115.0,406.0,146.0,,,,,,,,0.06,0.03,0.09,0.99,0.0,0.31,1.22,1.07,6.57,35,1,1.0,0.0,0.0,0.0,0.0,0.0,0.0,0.0,0.0,0.0,0.0,0.0,0.0,5.0,443.0,659.0,0.0,0.0,0.0,0.0,0.020000000000000462,2.200000000000003,0.0,0.0,0.1999999999999993,1.0,0.0,0.0,1.0
117,Kim,Ji-soo,Ji-soo,u,has joined Kaiserslautern on loan for the rest of the season.,,3.9,789,230.0,0.1,534,189.0,0.0,447.0,168.0,0,0,0.0,-1,1.0,0,19,0.0,0.0,0.0,0.0,0.0,580.0,209.0,0.0,0.0,568.0,208.0,557.0,208.0,525.0,203.0,570.0,208.0,,,,,,,,0.0,0.0,0.0,0.0,0.0,0.0,0.0,0.0,0.0,35,0,0.0,0.0,0.0,0.0,0.0,0.0,0.0,0.0,0.0,0.0,0.0,0.0,0.0,0.0,0.0,27.0,0.0,0.0,0.0,0.0,0.0,0.0,0.0,0.0,0.0,0.0,0.0,0.0,0.0
118,Jayden,Meghoma,Meghoma,u,Has joined Rangers on loan for the rest of the season.,,4.0,707,182.0,0.0,613,218.0,0.0,487.0,188.0,0,0,0.0,0,0.0,0,7,0.0,0.0,0.0,0.0,0.0,614.0,225.0,0.0,0.0,603.0,225.0,596.0,225.0,565.0,221.0,605.0,225.0,,,,,,,,0.0,0.0,0.0,0.0,0.0,0.0,0.0,0.0,0.0,35,0,0.0,0.0,0.0,0.0,0.0,0.0,0.0,0.0,0.0,0.0,0.0,0.0,0.0,0.0,0.0,12.0,0.0,0.0,0.0,0.0,0.0,0.0,0.0,0.0,0.0,0.0,0.0,0.0,0.0
120,Kevin,Schade,Schade,a,,,6.8,45,29.0,1.4,162,55.0,3.2,116.0,42.0,3,-1,1.0,-2,2.0,1897,29091,0.5,16.9,2.7,3.2,3.6,118.0,52.0,100.0,100.0,116.0,35.0,86.0,63.0,16.0,6.0,35.0,27.0,,,3.0,,,,,0.39,0.07,0.46,1.21,0.0,0.39,1.06,1.06,6.39,35,3,79.0,0.0,0.0,1.0,0.0,0.0,0.0,0.0,0.0,0.0,0.0,1.0,0.0,6.0,8122.0,35583.0,0.0,0.0,0.0,0.0,0.9099999999999966,3.2000000000000455,0.6000000000000227,6.0,1.0,2.0,0.0,2.0,4.0
121,Mikkel,Damsgaard,Damsgaard,a,,,5.6,131,82.0,0.7,228,80.0,4.8,44.0,14.0,11,0,0.0,-4,4.0,3359,6018,0.9,18.9,4.3,4.8,3.5,128.0,55.0,100.0,100.0,117.0,36.0,28.0,25.0,93.0,54.0,53.0,35.0,,3.0,,,,,,0.12,0.23,0.35,1.29,0.0,0.24,1.39,1.05,10.1,35,11,90.0,1.0,0.0,1.0,0.0,0.0,0.0,0.0,0.0,0.0,0.0,1.0,3.0,36.0,4957.0,8096.0,0.0,0.43999999999999995,0.16000000000000014,0.5999999999999996,0.9100000000000001,41.599999999999966,36.799999999999955,22.0,10.0,0.0,2.0,6.0,8.0
122,Antoni,Milambo,Milambo,i,Knee injury - Expected back 01 Jun,,5.2,218,133.0,0.0,658,260.0,0.0,776.0,340.0,0,0,0.0,-3,3.0,18,15,0.0,0.2,0.0,0.0,1.0,512.0,237.0,0.0,0.0,490.0,223.0,472.0,225.0,805.0,355.0,502.0,228.0,,,,,,,,0.0,0.02,0.02,2.98,0.0,0.0,6.0,2.0,8.0,35,0,0.0,0.0,0.0,0.0,0.0,0.0,0.0,0.0,0.0,0.0,0.0,0.0,0.0,0.0,25.0,17.0,0.0,0.0,0.0,0.0,0.0,0.0,0.0,0.0,0.0,0.0,0.0,0.0,0.0
123,Fábio,Freitas Gouveia Carvalho,Carvalho,i,Knee injury - Expected back 01 Jun,,4.6,399,248.0,0.1,476,168.0,0.0,701.0,285.0,0,0,0.0,-4,4.0,14,31,0.0,2.8,0.0,0.0,2.2,313.0,134.0,0.0,0.0,434.0,189.0,446.0,215.0,358.0,185.0,437.0,197.0,,,4.0,,,,,0.63,0.03,0.66,1.87,0.0,0.0,3.6,0.9,7.2,35,0,0.0,0.0,0.0,0.0,0.0,0.0,0.0,0.0,0.0,0.0,0.0,0.0,0.0,0.0,21.0,44.0,0.0,0.0,0.0,0.0,0.0,0.0,0.0,0.0,0.0,0.0,0.0,0.0,0.0
124,Jordan,Henderson,Henderson,a,,,5.0,241,146.0,0.3,329,112.0,0.0,750.0,320.0,0,0,0.0,0,0.0,58,546,0.0,15.0,-0.5,0.0,2.6,254.0,104.0,100.0,75.0,209.0,87.0,107.0,75.0,343.0,177.0,219.0,104.0,,,,,,,,0.02,0.11,0.13,1.29,0.0,0.3,1.29,1.04,8.83,35,0,0.0,0.0,0.0,0.0,0.0,0.0,0.0,0.0,0.0,0.0,0.0,0.0,0.0,0.0,71.0,829.0,0.0,0.0,0.0,0.0,0.0,0.0,0.0,0.0,0.0,0.0,0.0,0.0,0.0
125,Vitaly,Janelt,Janelt,a,,,4.9,300,187.0,0.1,490,175.0,0.0,725.0,302.0,0,0,0.0,-1,1.0,68,306,0.0,14.3,-0.5,0.0,3.2,166.0,65.0,100.0,75.0,208.0,86.0,120.0,83.0,285.0,152.0,213.0,102.0,2.0,,,,,,,0.06,0.14,0.2,1.45,0.0,0.36,1.15,0.93,11.78,35,0,0.0,0.0,0.0,0.0,0.0,0.0,0.0,0.0,0.0,0.0,0.0,0.0,0.0,0.0,74.0,568.0,0.0,0.0,0.0,0.0,0.0,0.0,0.0,0.0,0.0,0.0,0.0,0.0,0.0
126,Mathias,Jensen,Jensen,a,,,4.9,303,189.0,0.1,434,149.0,4.5,54.0,18.0,3,0,0.0,-1,1.0,1764,1769,0.9,18.4,4.0,4.5,2.7,238.0,93.0,,,160.0,57.0,34.0,31.0,177.0,95.0,90.0,53.0,1.0,2.0,5.0,,,,,0.1,0.26,0.36,1.31,0.0,0.4,1.21,1.03,8.57,35,3,90.0,0.0,0.0,1.0,0.0,0.0,0.0,0.0,0.0,0.0,0.0,1.0,0.0,22.0,4703.0,2090.0,0.0,0.03000000000000025,0.6299999999999999,0.6600000000000001,0.9200000000000017,24.0,25.299999999999955,2.0,5.099999999999994,5.0,1.0,1.0,7.0
127,Gustavo,Nunes Fernandes Gomes,Nunes,u,has joined Swansea City on loan for the rest of the season.,,4.9,340,212.0,0.0,732,305.0,0.0,745.0,316.0,0,0,0.0,-1,1.0,0,5,0.0,0.0,0.0,0.0,0.0,792.0,344.0,0.0,0.0,791.0,343.0,788.0,343.0,785.0,342.0,791.0,343.0,,,,,,,,0.0,0.0,0.0,0.0,0.0,0.0,0.0,0.0,0.0,35,0,0.0,0.0,0.0,0.0,0.0,0.0,0.0,0.0,0.0,0.0,0.0,0.0,0.0,0.0,0.0,6.0,0.0,0.0,0.0,0.0,0.0,0.0,0.0,0.0,0.0,0.0,0.0,0.0,0.0
128,Frank,Onyeka,Onyeka,u,has joined Coventry City on loan for the rest of the season.,,4.8,361,224.0,0.0,610,233.0,0.0,715.0,294.0,0,0,0.0,-2,2.0,0,8,0.0,2.5,0.0,0.0,2.0,342.0,146.0,0.0,0.0,448.0,199.0,419.0,208.0,443.0,216.0,462.0,207.0,,,,,,,,0.0,0.37,0.37,2.07,0.0,0.0,2.05,0.0,10.23,35,0,0.0,0.0,0.0,0.0,0.0,0.0,0.0,0.0,0.0,0.0,0.0,0.0,0.0,0.0,0.0,12.0,0.0,0.0,0.0,0.0,0.0,0.0,0.0,0.0,0.0,0.0,0.0,0.0,0.0
129,Yehor,Yarmoliuk,Yarmoliuk,a,,,5.0,273,168.0,0.1,485,172.0,3.5,99.0,32.0,3,0,0.0,0,0.0,273,537,0.7,18.8,3.0,3.5,2.7,240.0,94.0,100.0,100.0,162.0,58.0,151.0,100.0,260.0,142.0,184.0,92.0,,,,,,,,0.04,0.05,0.09,1.3,0.0,0.29,1.38,1.01,11.22,35,3,90.0,0.0,0.0,1.0,0.0,0.0,0.0,0.0,0.0,0.0,0.0,1.0,0.0,17.0,590.0,679.0,0.0,0.030000000000000027,0.040000000000000036,0.06999999999999984,0.9199999999999946,14.0,17.599999999999994,1.0,3.299999999999997,2.0,3.0,6.0,11.0
130,Romelle,Donovan,Donovan,a,,,4.4,572,344.0,0.1,479,169.0,0.0,607.0,213.0,0,0,0.0,-1,1.0,184,193,0.0,0.9,-0.5,0.0,1.0,484.0,215.0,,,476.0,213.0,427.0,212.0,392.0,198.0,465.0,208.0,,,,,,,,0.21,0.02,0.23,0.92,0.0,0.0,0.0,0.0,11.84,35,0,0.0,0.0,0.0,0.0,0.0,0.0,0.0,0.0,0.0,0.0,0.0,0.0,0.0,0.0,240.0,261.0,0.0,0.0,0.0,0.0,0.0,0.0,0.0,0.0,0.0,0.0,0.0,0.0,0.0
131,Yunus Emre,Konak,Konak,u,has joined Oxford United on loan for the rest of the season.,,4.3,623,370.0,0.1,438,151.0,0.0,574.0,195.0,0,0,0.0,-2,2.0,0,123,0.0,0.0,0.0,0.0,0.0,676.0,259.0,0.0,0.0,665.0,249.0,662.0,254.0,639.0,243.0,667.0,251.0,,,,,,,,0.0,0.0,0.0,0.0,0.0,0.0,0.0,0.0,0.0,35,0,0.0,0.0,0.0,0.0,0.0,0.0,0.0,0.0,0.0,0.0,0.0,0.0,0.0,0.0,0.0,181.0,0.0,0.0,0.0,0.0,0.0,0.0,0.0,0.0,0.0,0.0,0.0,0.0,0.0
132,Paris,Maghoma,Maghoma,u,has joined Norwich City permanently.,,4.5,424,253.0,0.0,691,277.0,0.0,618.0,218.0,0,0,0.0,0,0.0,0,15,0.0,0.0,0.0,0.0,0.0,707.0,275.0,0.0,0.0,700.0,269.0,696.0,272.0,677.0,264.0,702.0,271.0,,,,,,,,0.0,0.0,0.0,0.0,0.0,0.0,0.0,0.0,0.0,35,0,0.0,0.0,0.0,0.0,0.0,0.0,0.0,0.0,0.0,0.0,0.0,0.0,0.0,0.0,0.0,22.0,0.0,0.0,0.0,0.0,0.0,0.0,0.0,0.0,0.0,0.0,0.0,0.0,0.0
134,Ryan,Trevitt,Trevitt,u,Has joined Wigan on loan for the rest of the season,,4.5,491,302.0,0.0,799,350.0,0.0,676.0,265.0,0,0,0.0,0,0.0,0,0,0.0,0.0,0.0,0.0,0.0,752.0,314.0,0.0,0.0,749.0,312.0,743.0,312.0,729.0,308.0,749.0,312.0,,,,,,,,0.0,0.0,0.0,0.0,0.0,0.0,0.0,0.0,0.0,35,0,0.0,0.0,0.0,0.0,0.0,0.0,0.0,0.0,0.0,0.0,0.0,0.0,0.0,0.0,0.0,0.0,0.0,0.0,0.0,0.0,0.0,0.0,0.0,0.0,0.0,0.0,0.0,0.0,0.0
136,Igor Thiago,Nascimento Rodrigues,Thiago,a,,,7.3,30,12.0,32.5,8,3.0,5.5,26.0,6.0,6,-1,1.0,13,-13.0,35096,350373,0.8,24.0,5.0,5.5,5.0,15.0,3.0,100.0,100.0,5.0,2.0,98.0,4.0,2.0,2.0,4.0,2.0,,,2.0,,,,,0.61,0.05,0.66,1.36,0.0,0.3,1.31,1.02,5.86,35,6,90.0,1.0,0.0,1.0,0.0,0.0,0.0,0.0,0.0,0.0,0.0,1.0,0.0,21.0,96092.0,424916.0,0.0,1.120000000000001,0.010000000000000009,1.129999999999999,0.9200000000000017,44.39999999999998,1.3000000000000114,41.0,8.699999999999989,1.0,3.0,0.0,4.0
748,Josh,Dasilva,Dasilva,a,,,4.9,296,184.0,0.0,817,362.0,0.2,372.0,170.0,1,0,0.0,-1,1.0,18,7,0.0,0.2,-0.3,0.2,1.0,501.0,228.0,100.0,100.0,516.0,235.0,482.0,232.0,773.0,333.0,518.0,237.0,,,,,,,,0.0,0.0,0.0,1.8,0.0,0.0,0.0,0.0,0.0,35,1,1.0,0.0,0.0,0.0,0.0,0.0,0.0,0.0,0.0,0.0,0.0,0.0,0.0,2.0,19.0,9.0,0.0,0.0,0.0,0.0,0.02,0.2,1.0,0.0,0.1,0.0,0.0,0.0,0.0
141,Carl,Rushworth,Rushworth,u,Has joined Coventry City on loan for the rest of the season.,,4.0,695,55.0,0.0,814,95.0,0.0,477.0,67.0,0,0,0.0,0,0.0,0,1,0.0,0.0,0.0,0.0,0.0,605.0,76.0,0.0,0.0,593.0,76.0,586.0,65.0,555.0,51.0,595.0,76.0,,,,,,,,0.0,0.0,0.0,0.0,0.0,0.0,0.0,0.0,0.0,35,0,0.0,0.0,0.0,0.0,0.0,0.0,0.0,0.0,0.0,0.0,0.0,0.0,0.0,0.0,0.0,1.0,0.0,0.0,0.0,0.0,0.0,0.0,0.0,0.0,0.0,0.0,0.0,0.0,0.0
144,Diego,Coppola,Coppola,u,has joined Paris FC on loan for the rest of the season.,,4.2,647,151.0,0.0,604,215.0,0.0,543.0,226.0,0,0,0.0,-3,3.0,0,22,0.0,2.4,0.0,0.0,2.0,340.0,123.0,0.0,0.0,429.0,159.0,459.0,165.0,447.0,168.0,460.0,165.0,,,,,,,,0.0,0.0,0.0,2.11,0.0,0.47,1.4,0.93,8.39,35,0,0.0,0.0,0.0,0.0,0.0,0.0,0.0,0.0,0.0,0.0,0.0,0.0,0.0,0.0,0.0,26.0,0.0,0.0,0.0,0.0,0.0,0.0,0.0,0.0,0.0,0.0,0.0,0.0,0.0
145,Maxim,De Cuyper,De Cuyper,a,,,4.3,591,134.0,1.5,160,64.0,1.5,221.0,78.0,1,0,0.0,-2,2.0,927,1911,0.3,15.6,2.5,2.0,2.5,270.0,102.0,100.0,100.0,261.0,103.0,102.0,26.0,239.0,62.0,210.0,75.0,,1.0,,,,,,0.12,0.17,0.29,1.68,0.0,0.3,1.52,1.07,4.26,35,1,9.0,0.0,0.0,0.0,1.0,0.0,0.0,0.0,0.0,0.0,0.0,0.0,0.0,2.0,1153.0,3377.0,0.0,0.0,0.009999999999999787,0.010000000000000231,1.0500000000000007,6.599999999999994,14.800000000000011,0.0,2.1000000000000085,1.0,1.0,0.0,2.0
147,Pervis,Estupiñán Tenorio,Estupiñan,u,Has joined AC Milan permanently,,4.5,420,80.0,0.0,754,257.0,0.0,616.0,242.0,0,0,0.0,0,0.0,0,0,0.0,0.0,0.0,0.0,0.0,705.0,259.0,0.0,0.0,698.0,259.0,694.0,259.0,675.0,258.0,700.0,259.0,,,,,,,,0.0,0.0,0.0,0.0,0.0,0.0,0.0,0.0,0.0,35,0,0.0,0.0,0.0,0.0,0.0,0.0,0.0,0.0,0.0,0.0,0.0,0.0,0.0,0.0,0.0,0.0,0.0,0.0,0.0,0.0,0.0,0.0,0.0,0.0,0.0,0.0,0.0,0.0,0.0
148,Ferdi,Kadıoğlu,F.Kadıoğlu,a,,,4.4,535,109.0,1.3,173,68.0,5.8,19.0,8.0,1,0,0.0,-1,1.0,37261,3803,1.3,24.8,6.8,6.3,3.2,161.0,65.0,,,126.0,56.0,80.0,19.0,125.0,23.0,99.0,26.0,,,,,,,,0.06,0.08,0.14,1.32,0.0,0.28,1.16,0.98,5.07,35,1,90.0,0.0,0.0,0.0,3.0,0.0,0.0,0.0,0.0,0.0,0.0,1.0,0.0,-2.0,59010.0,7737.0,0.0,0.0,0.06000000000000005,0.05999999999999961,3.1600000000000037,7.199999999999989,30.30000000000001,4.0,4.200000000000003,0.0,1.0,3.0,1.0
149,Igor Julio,dos Santos de Paulo,Igor,a,,,4.5,425,84.0,0.1,514,184.0,0.0,619.0,244.0,0,0,0.0,0,0.0,159,160,0.0,1.3,1.0,0.5,1.5,413.0,152.0,100.0,100.0,454.0,165.0,428.0,154.0,678.0,260.0,470.0,169.0,,,,,,,,0.0,0.0,0.0,4.07,0.0,0.0,2.62,0.87,11.36,35,0,0.0,0.0,0.0,0.0,0.0,0.0,0.0,0.0,0.0,0.0,0.0,0.0,0.0,0.0,180.0,210.0,0.0,0.0,0.0,0.0,0.0,0.0,0.0,0.0,0.0,0.0,0.0,0.0,0.0
150,Tariq,Lamptey,Lamptey,u,has joined Fiorentina permanently.,,4.4,537,111.0,0.1,524,187.0,0.0,582.0,238.0,0,0,0.0,-1,1.0,0,12,0.0,0.0,0.0,0.0,0.0,680.0,258.0,0.0,0.0,670.0,258.0,667.0,258.0,646.0,257.0,672.0,258.0,,,,,,,,0.0,0.0,0.0,0.0,0.0,0.0,0.0,0.0,0.0,35,0,0.0,0.0,0.0,0.0,0.0,0.0,0.0,0.0,0.0,0.0,0.0,0.0,0.0,0.0,0.0,17.0,0.0,0.0,0.0,0.0,0.0,0.0,0.0,0.0,0.0,0.0,0.0,0.0,0.0
151,Jan Paul,van Hecke,Van Hecke,a,,,4.6,401,69.0,10.7,36,12.0,4.8,40.0,16.0,2,0,0.0,1,-1.0,93742,20319,1.0,30.2,5.8,5.3,4.2,43.0,16.0,100.0,100.0,7.0,3.0,172.0,43.0,111.0,18.0,55.0,7.0,,,,,,,,0.07,0.04,0.11,1.34,0.0,0.28,1.22,1.01,8.94,35,2,90.0,0.0,0.0,0.0,3.0,0.0,0.0,0.0,1.0,0.0,0.0,1.0,0.0,3.0,139758.0,42079.0,0.0,0.0,0.09999999999999987,0.10000000000000009,3.1599999999999966,14.0,2.5,2.0,1.9000000000000057,2.0,8.0,7.0,10.0
152,Joël,Veltman,Veltman,a,,,4.3,576,122.0,0.1,440,165.0,0.8,289.0,92.0,1,0,0.0,-2,2.0,422,241,0.2,9.1,1.8,1.3,1.8,367.0,135.0,100.0,100.0,269.0,108.0,320.0,107.0,323.0,102.0,334.0,112.0,,,,,,,,0.09,0.01,0.1,1.6,0.0,0.09,1.23,0.76,8.9,35,1,62.0,0.0,0.0,0.0,1.0,0.0,0.0,0.0,1.0,0.0,0.0,0.0,0.0,5.0,474.0,368.0,0.0,0.0,0.010000000000000009,0.010000000000000009,1.6900000000000013,0.0,2.3000000000000114,0.0,0.19999999999999574,0.0,0.0,3.0,0.0
153,Adam,Webster,Webster,i,Knee injury - Unknown return date,,4.4,528,104.0,0.0,766,260.0,0.0,578.0,236.0,0,0,0.0,-1,1.0,18,20,0.0,0.0,0.0,0.0,0.0,678.0,257.0,0.0,0.0,668.0,257.0,664.0,257.0,643.0,256.0,670.0,257.0,,,,,,,,0.0,0.0,0.0,0.0,0.0,0.0,0.0,0.0,0.0,35,0,0.0,0.0,0.0,0.0,0.0,0.0,0.0,0.0,0.0,0.0,0.0,0.0,0.0,0.0,29.0,24.0,0.0,0.0,0.0,0.0,0.0,0.0,0.0,0.0,0.0,0.0,0.0,0.0,0.0
154,Eiran,Cashin,Cashin,u,has joined Blackburn Rovers on loan for the rest of the season.,,4.0,686,171.0,0.0,787,262.0,0.0,469.0,179.0,0,0,0.0,0,0.0,0,1,0.0,0.0,0.0,0.0,0.0,598.0,218.0,0.0,0.0,586.0,217.0,579.0,217.0,548.0,213.0,588.0,217.0,,,,,,,,0.0,0.0,0.0,0.0,0.0,0.0,0.0,0.0,0.0,35,0,0.0,0.0,0.0,0.0,0.0,0.0,0.0,0.0,0.0,0.0,0.0,0.0,0.0,0.0,0.0,2.0,0.0,0.0,0.0,0.0,0.0,0.0,0.0,0.0,0.0,0.0,0.0,0.0,0.0
155,Jacob,Slater,Slater,u,has joined Harrogate Town on loan until January.,,4.0,731,198.0,0.1,511,182.0,0.0,509.0,202.0,0,0,0.0,0,0.0,0,21,0.0,0.0,0.0,0.0,0.0,634.0,238.0,0.0,0.0,623.0,238.0,617.0,238.0,587.0,235.0,625.0,238.0,,,,,,,,0.0,0.0,0.0,0.0,0.0,0.0,0.0,0.0,0.0,35,0,0.0,0.0,0.0,0.0,0.0,0.0,0.0,0.0,0.0,0.0,0.0,0.0,0.0,0.0,0.0,29.0,0.0,0.0,0.0,0.0,0.0,0.0,0.0,0.0,0.0,0.0,0.0,0.0,0.0
156,Charlie,Tasker,Tasker,a,,,3.8,816,254.0,0.2,412,153.0,0.0,410.0,154.0,0,0,0.0,-2,2.0,185,157,0.0,0.0,1.0,0.5,0.0,547.0,198.0,,,535.0,197.0,520.0,197.0,487.0,191.0,537.0,197.0,,,,,,,,0.0,0.0,0.0,0.0,0.0,0.0,0.0,0.0,0.0,35,0,0.0,0.0,0.0,0.0,0.0,0.0,0.0,0.0,0.0,0.0,0.0,0.0,0.0,0.0,232.0,218.0,0.0,0.0,0.0,0.0,0.0,0.0,0.0,0.0,0.0,0.0,0.0,0.0,0.0
157,Mitoma,Kaoru,Mitoma,a,,,6.1,83,54.0,2.3,133,44.0,2.8,138.0,55.0,1,0,0.0,-4,4.0,16963,5179,0.5,10.2,3.8,3.3,2.6,261.0,109.0,100.0,100.0,235.0,100.0,69.0,53.0,63.0,35.0,100.0,57.0,,,,,,,,0.2,0.15,0.35,1.27,0.0,0.27,1.09,0.98,5.7,35,1,90.0,0.0,0.0,0.0,3.0,0.0,0.0,0.0,1.0,0.0,0.0,1.0,0.0,13.0,23504.0,8190.0,0.0,0.11999999999999966,0.06000000000000005,0.17999999999999972,3.16,3.1999999999999886,17.100000000000023,6.0,2.6000000000000085,0.0,0.0,5.0,5.0
158,Georginio,Rutter,Georginio,a,,,5.6,132,83.0,0.4,299,104.0,3.5,103.0,35.0,1,0,0.0,-4,4.0,2886,1405,0.6,15.0,4.5,4.0,2.9,206.0,82.0,100.0,100.0,207.0,85.0,110.0,78.0,61.0,34.0,103.0,59.0,,,,,,,,0.13,0.13,0.26,1.11,0.0,0.37,0.99,1.05,6.64,35,1,10.0,0.0,0.0,0.0,1.0,0.0,0.0,0.0,0.0,0.0,0.0,0.0,0.0,11.0,4731.0,1899.0,0.0,0.0,0.26000000000000023,0.2599999999999998,1.0500000000000007,7.2000000000000455,14.100000000000023,4.0,2.5,1.0,0.0,0.0,1.0
159,Solly,March,March,a,,,5.8,104,68.0,0.0,714,293.0,0.0,809.0,359.0,0,0,0.0,-2,2.0,115,184,0.0,0.2,1.0,0.0,1.0,515.0,240.0,100.0,0.0,821.0,365.0,821.0,365.0,820.0,365.0,821.0,365.0,,,,,,,,0.0,0.0,0.0,5.62,0.0,0.0,0.0,0.0,0.0,35,0,0.0,0.0,0.0,0.0,0.0,0.0,0.0,0.0,0.0,0.0,0.0,0.0,0.0,0.0,123.0,299.0,0.0,0.0,0.0,0.0,0.0,0.0,0.0,0.0,0.0,0.0,0.0,0.0,0.0
160,Yankuba,Minteh,Minteh,a,,,5.5,148,93.0,2.4,126,41.0,2.2,172.0,74.0,2,0,0.0,-5,5.0,16646,9561,0.4,18.9,3.2,2.7,3.4,143.0,62.0,100.0,100.0,151.0,52.0,30.0,27.0,30.0,14.0,32.0,25.0,5.0,,,,,,,0.15,0.19,0.34,1.36,0.0,0.37,1.33,1.0,7.11,35,2,90.0,0.0,0.0,0.0,3.0,0.0,0.0,0.0,0.0,0.0,0.0,1.0,0.0,6.0,21810.0,17718.0,0.0,0.31999999999999984,0.05999999999999961,0.3800000000000008,3.1600000000000037,0.0,18.299999999999955,17.0,3.5,1.0,0.0,1.0,2.0
161,Julio,Enciso Espínola,Enciso,u,has joined Strasbourg permanently.,,5.4,169,105.0,0.0,755,321.0,0.0,795.0,350.0,0,0,0.0,-1,1.0,0,2,0.0,0.0,0.0,0.0,0.0,816.0,361.0,0.0,0.0,815.0,360.0,815.0,360.0,814.0,360.0,815.0,360.0,,,,,,,,0.0,0.0,0.0,0.0,0.0,0.0,0.0,0.0,0.0,35,0,0.0,0.0,0.0,0.0,0.0,0.0,0.0,0.0,0.0,0.0,0.0,0.0,0.0,0.0,0.0,2.0,0.0,0.0,0.0,0.0,0.0,0.0,0.0,0.0,0.0,0.0,0.0,0.0,0.0
162,Brajan,Gruda,Gruda,u,has joined Leipzig on loan for the rest of the season.,,5.4,174,110.0,0.0,601,227.0,0.0,797.0,352.0,0,0,0.0,-1,1.0,0,15,0.0,6.5,0.0,0.0,1.9,358.0,155.0,0.0,0.0,347.0,156.0,178.0,118.0,222.0,119.0,284.0,144.0,,,,,,,,0.24,0.11,0.35,1.76,0.0,0.25,1.4,1.02,7.37,35,0,0.0,0.0,0.0,0.0,0.0,0.0,0.0,0.0,0.0,0.0,0.0,0.0,0.0,0.0,0.0,17.0,0.0,0.0,0.0,0.0,0.0,0.0,0.0,0.0,0.0,0.0,0.0,0.0,0.0
163,Jack,Hinshelwood,Hinshelwood,a,,,5.1,238,144.0,0.8,213,72.0,5.0,34.0,12.0,7,0,0.0,-4,4.0,40844,1440,1.0,15.3,6.0,5.5,3.2,172.0,69.0,100.0,100.0,252.0,108.0,195.0,127.0,81.0,47.0,179.0,91.0,,,,,,,,0.26,0.12,0.38,1.54,0.0,0.3,1.2,1.02,6.32,35,7,87.0,1.0,0.0,0.0,2.0,0.0,0.0,0.0,0.0,0.0,0.0,1.0,0.0,22.0,51690.0,4903.0,0.0,0.6600000000000001,0.020000000000000018,0.6799999999999997,2.1099999999999994,38.400000000000034,1.4000000000000057,59.0,9.899999999999991,0.0,1.0,3.0,4.0
164,Matt,O'Riley,O'Riley,a,,,5.5,141,88.0,0.3,304,106.0,0.5,339.0,162.0,0,0,0.0,0,0.0,170,141,0.1,2.9,1.5,1.0,2.7,242.0,95.0,100.0,100.0,412.0,179.0,330.0,178.0,324.0,169.0,392.0,180.0,,,3.0,,,,,0.54,0.08,0.62,1.13,0.0,0.45,1.34,0.89,4.46,35,0,0.0,0.0,0.0,0.0,0.0,0.0,0.0,0.0,0.0,0.0,0.0,0.0,0.0,0.0,228.0,184.0,0.0,0.0,0.0,0.0,0.0,0.0,0.0,0.0,0.0,0.0,0.0,0.0,0.0
166,Yasin,Ayari,Ayari,a,,,4.8,371,231.0,0.4,289,100.0,2.8,131.0,51.0,0,0,0.0,-2,2.0,1810,2351,0.6,20.0,3.8,3.3,3.6,109.0,46.0,100.0,100.0,190.0,75.0,159.0,106.0,136.0,79.0,169.0,87.0,,2.0,,,,,,0.13,0.05,0.18,1.26,0.0,0.28,1.09,0.95,10.57,35,0,0.0,0.0,0.0,0.0,0.0,0.0,0.0,0.0,0.0,0.0,0.0,0.0,0.0,0.0,2637.0,3554.0,0.0,0.0,0.0,0.0,0.0,0.0,0.0,0.0,0.0,0.0,0.0,0.0,0.0
170,James,Milner,Milner,a,,,4.9,283,176.0,0.1,480,170.0,0.0,717.0,296.0,0,0,0.0,-1,1.0,40,123,0.0,6.9,1.0,0.0,1.8,377.0,159.0,100.0,0.0,346.0,155.0,233.0,149.0,331.0,172.0,343.0,165.0,,,1.0,,,,,0.13,0.08,0.21,1.43,0.0,0.25,1.76,0.76,9.58,35,0,0.0,0.0,0.0,0.0,0.0,0.0,0.0,0.0,0.0,0.0,0.0,0.0,0.0,0.0,43.0,174.0,0.0,0.0,0.0,0.0,0.0,0.0,0.0,0.0,0.0,0.0,0.0,0.0,0.0
171,Jeremy,Sarmiento Morante,Sarmiento,u,has joined Middlesbrough on loan for the rest of the season.,,4.9,324,201.0,0.0,716,295.0,0.0,737.0,311.0,0,0,0.0,-1,1.0,0,0,0.0,0.0,0.0,0.0,0.0,788.0,342.0,0.0,0.0,787.0,341.0,784.0,341.0,781.0,340.0,787.0,341.0,,,,,,,,0.0,0.0,0.0,0.0,0.0,0.0,0.0,0.0,0.0,35,0,0.0,0.0,0.0,0.0,0.0,0.0,0.0,0.0,0.0,0.0,0.0,0.0,0.0,0.0,0.0,0.0,0.0,0.0,0.0,0.0,0.0,0.0,0.0,0.0,0.0,0.0,0.0,0.0,0.0
172,Tom,Watson,Watson,u,has joined Millwall on loan for the rest of the season.,,4.8,373,233.0,0.0,656,258.0,0.0,716.0,295.0,0,0,0.0,-2,2.0,0,13,0.0,1.0,0.0,0.0,0.8,525.0,243.0,0.0,0.0,484.0,218.0,468.0,222.0,433.0,208.0,483.0,219.0,,,,,,,,0.06,0.05,0.11,2.72,0.0,0.0,3.16,0.0,7.89,35,0,0.0,0.0,0.0,0.0,0.0,0.0,0.0,0.0,0.0,0.0,0.0,0.0,0.0,0.0,0.0,17.0,0.0,0.0,0.0,0.0,0.0,0.0,0.0,0.0,0.0,0.0,0.0,0.0,0.0
173,Mats,Wieffer,Wieffer,d,Ankle injury - 50% chance of playing,,4.9,329,204.0,0.4,282,97.0,5.2,29.0,9.0,1,0,0.0,-1,1.0,812,16636,1.1,18.8,3.1,5.7,3.7,95.0,41.0,50.0,100.0,131.0,42.0,140.0,94.0,161.0,89.0,141.0,76.0,,,,,,,,0.1,0.09,0.19,1.11,0.0,0.3,1.14,1.09,13.12,35,1,17.0,0.0,0.0,0.0,1.0,0.0,0.0,0.0,0.0,0.0,0.0,1.0,0.0,4.0,4339.0,21313.0,0.0,0.0,0.010000000000000009,0.010000000000000231,0.41000000000000014,1.0,4.300000000000011,0.0,0.5,0.0,0.0,2.0,2.0
174,Malick,Yalcouyé,Yalcouye,u,Has joined Swansea City on loan for the rest of the season.,,5.0,280,174.0,0.0,786,342.0,0.0,766.0,333.0,0,0,0.0,0,0.0,0,0,0.0,0.0,0.0,0.0,0.0,807.0,356.0,0.0,0.0,806.0,355.0,805.0,355.0,801.0,354.0,806.0,355.0,,,,,,,,0.0,0.0,0.0,0.0,0.0,0.0,0.0,0.0,0.0,35,0,0.0,0.0,0.0,0.0,0.0,0.0,0.0,0.0,0.0,0.0,0.0,0.0,0.0,0.0,0.0,0.0,0.0,0.0,0.0,0.0,0.0,0.0,0.0,0.0,0.0,0.0,0.0,0.0,0.0
175,Joe,Knight,Knight,u,has joined Stevenage permanently.,,4.4,564,339.0,0.1,546,203.0,0.0,600.0,209.0,0,0,0.0,-1,1.0,0,35,0.0,0.2,0.0,0.0,1.0,482.0,213.0,0.0,0.0,686.0,262.0,682.0,265.0,663.0,257.0,688.0,264.0,,,,,,,,0.0,0.0,0.0,0.0,0.0,0.0,0.0,0.0,0.0,35,0,0.0,0.0,0.0,0.0,0.0,0.0,0.0,0.0,0.0,0.0,0.0,0.0,0.0,0.0,0.0,53.0,0.0,0.0,0.0,0.0,0.0,0.0,0.0,0.0,0.0,0.0,0.0,0.0,0.0
176,Adrian,Mazilu,Mazilu,u,has joined Dinamo Bucharest permanently.,,4.5,464,281.0,0.0,698,281.0,0.0,650.0,244.0,0,0,0.0,0,0.0,0,1,0.0,0.0,0.0,0.0,0.0,733.0,299.0,0.0,0.0,727.0,294.0,723.0,296.0,706.0,289.0,728.0,295.0,,,,,,,,0.0,0.0,0.0,0.0,0.0,0.0,0.0,0.0,0.0,35,0,0.0,0.0,0.0,0.0,0.0,0.0,0.0,0.0,0.0,0.0,0.0,0.0,0.0,0.0,0.0,2.0,0.0,0.0,0.0,0.0,0.0,0.0,0.0,0.0,0.0,0.0,0.0,0.0,0.0
177,Andrew,Moran,Moran,u,Has joined Los Angeles FC on loan for the rest of the season.,,4.5,454,271.0,0.0,711,290.0,0.0,641.0,235.0,0,0,0.0,0,0.0,0,2,0.0,0.0,0.0,0.0,0.0,724.0,290.0,0.0,0.0,718.0,285.0,714.0,287.0,697.0,280.0,719.0,286.0,,,,,,,,0.0,0.0,0.0,0.0,0.0,0.0,0.0,0.0,0.0,35,0,0.0,0.0,0.0,0.0,0.0,0.0,0.0,0.0,0.0,0.0,0.0,0.0,0.0,0.0,0.0,3.0,0.0,0.0,0.0,0.0,0.0,0.0,0.0,0.0,0.0,0.0,0.0,0.0,0.0
180,Stefanos,Tzimas,Tzimas,i,Knee injury - Expected back 01 Jun,,5.2,221,50.0,0.1,538,74.0,0.0,778.0,83.0,0,0,0.0,-3,3.0,40,45,0.0,3.1,0.0,0.0,1.8,385.0,45.0,0.0,0.0,410.0,48.0,335.0,42.0,346.0,54.0,395.0,50.0,,,,,,,,0.3,0.08,0.38,1.77,0.0,0.0,1.36,0.68,10.23,35,0,0.0,0.0,0.0,0.0,0.0,0.0,0.0,0.0,0.0,0.0,0.0,0.0,0.0,0.0,59.0,58.0,0.0,0.0,0.0,0.0,0.0,0.0,0.0,0.0,0.0,0.0,0.0,0.0,0.0
379,Rhys,Williams,R.Williams,a,,,3.7,824,261.0,0.5,262,101.0,0.0,384.0,131.0,0,0,0.0,-3,3.0,786,1398,0.0,0.0,0.5,0.0,0.0,530.0,183.0,,,518.0,182.0,500.0,180.0,466.0,173.0,520.0,182.0,,,,,,,,0.0,0.0,0.0,0.0,0.0,0.0,0.0,0.0,0.0,35,0,0.0,0.0,0.0,0.0,0.0,0.0,0.0,0.0,0.0,0.0,0.0,0.0,0.0,0.0,986.0,1954.0,0.0,0.0,0.0,0.0,0.0,0.0,0.0,0.0,0.0,0.0,0.0,0.0,0.0
181,Charalampos,Kostoulas,Kostoulas,a,,,4.8,375,64.0,0.3,309,48.0,0.5,329.0,43.0,1,0,0.0,-2,2.0,456,452,0.1,6.7,1.5,1.0,1.8,376.0,43.0,,,350.0,37.0,300.0,32.0,154.0,36.0,307.0,35.0,,,,,,,,0.55,0.08,0.63,1.66,0.0,0.29,2.32,0.58,11.03,35,1,10.0,0.0,0.0,0.0,1.0,0.0,0.0,0.0,0.0,0.0,0.0,0.0,0.0,4.0,532.0,607.0,0.0,0.09999999999999987,0.0,0.10000000000000009,1.0499999999999998,3.1999999999999886,0.20000000000000284,19.0,2.200000000000003,0.0,0.0,0.0,0.0
783,Pascal,Groß,Groß,a,,,5.6,121,76.0,3.0,107,36.0,6.0,17.0,7.0,2,1,-1.0,1,-1.0,63750,8323,1.1,12.0,7.0,6.5,4.2,46.0,21.0,,,195.0,77.0,33.0,30.0,238.0,130.0,111.0,66.0,1.0,,,,,,,0.07,0.21,0.28,1.17,0.0,0.33,0.86,0.99,8.37,35,2,90.0,0.0,0.0,0.0,3.0,0.0,0.0,0.0,0.0,0.0,0.0,1.0,0.0,11.0,117258.0,18831.0,0.0,0.18000000000000005,0.04999999999999982,0.22999999999999998,3.16,10.399999999999977,23.5,13.0,4.700000000000003,0.0,1.0,6.0,7.0
220,Robert,Lynch Sánchez,Sánchez,i,Head injury - Expected back 19 May,,4.8,353,13.0,10.9,33,5.0,1.8,203.0,16.0,1,0,0.0,-2,2.0,821,82398,0.4,22.7,0.0,1.8,3.3,150.0,18.0,0.0,100.0,26.0,7.0,359.0,1.0,765.0,88.0,177.0,6.0,,,,,,,,0.0,0.0,0.0,1.42,2.86,0.28,1.45,1.04,0.0,35,1,66.0,0.0,0.0,0.0,3.0,0.0,0.0,0.0,0.0,0.0,1.0,1.0,0.0,-2.0,2403.0,99384.0,0.0,0.0,0.0,0.0,2.049999999999997,9.799999999999955,0.0,0.0,1.0,0.0,1.0,2.0,0.0
221,Filip,Jörgensen,Jörgensen,a,,,4.3,606,27.0,0.2,407,57.0,0.2,355.0,25.0,1,0,0.0,-2,2.0,1107,148,0.0,1.6,-0.3,0.1,1.8,368.0,34.0,100.0,25.0,414.0,32.0,651.0,86.0,628.0,75.0,451.0,32.0,,,,,,,,0.0,0.0,0.0,1.11,1.88,0.0,1.25,0.62,0.0,35,1,24.0,0.0,0.0,0.0,0.0,0.0,0.0,0.0,0.0,0.0,0.0,0.0,0.0,4.0,1110.0,204.0,0.0,0.0,0.0,0.0,0.0,0.3999999999999986,0.0,0.0,0.0,0.0,0.0,3.0,0.0
222,Mike,Penders,Penders,u,Has joined RC Strasbourg on loan for the rest of the season.,,4.0,720,65.0,0.0,807,93.0,0.0,498.0,77.0,0,0,0.0,0,0.0,0,1,0.0,0.0,0.0,0.0,0.0,623.0,85.0,0.0,0.0,612.0,85.0,606.0,75.0,576.0,61.0,614.0,85.0,,,,,,,,0.0,0.0,0.0,0.0,0.0,0.0,0.0,0.0,0.0,35,0,0.0,0.0,0.0,0.0,0.0,0.0,0.0,0.0,0.0,0.0,0.0,0.0,0.0,0.0,0.0,1.0,0.0,0.0,0.0,0.0,0.0,0.0,0.0,0.0,0.0,0.0,0.0,0.0,0.0
224,Marc,Cucurella Saseta,Cucurella,a,,,6.1,81,4.0,14.5,24,9.0,1.8,216.0,76.0,4,0,0.0,1,-1.0,5250,42847,0.3,16.6,1.3,1.8,3.3,156.0,61.0,100.0,100.0,92.0,41.0,37.0,3.0,109.0,16.0,60.0,10.0,,,,,,,,0.09,0.12,0.21,1.38,0.0,0.33,1.29,1.03,6.43,35,4,90.0,0.0,1.0,0.0,3.0,0.0,0.0,0.0,0.0,0.0,0.0,1.0,0.0,17.0,9061.0,55240.0,0.0,0.050000000000000266,0.1200000000000001,0.16999999999999993,2.049999999999997,28.600000000000023,41.299999999999955,13.0,8.299999999999983,2.0,1.0,7.0,3.0
225,Reece,James,James,a,,,5.6,129,12.0,5.9,68,22.0,0.0,807.0,265.0,0,0,0.0,1,-1.0,1694,9287,0.0,20.2,-0.5,0.0,4.2,47.0,19.0,100.0,75.0,136.0,58.0,52.0,6.0,266.0,73.0,115.0,30.0,1.0,1.0,,,,,,0.05,0.15,0.2,1.34,0.0,0.38,0.95,0.95,5.9,35,0,0.0,0.0,0.0,0.0,0.0,0.0,0.0,0.0,0.0,0.0,0.0,0.0,0.0,0.0,1761.0,14748.0,0.0,0.0,0.0,0.0,0.0,0.0,0.0,0.0,0.0,0.0,0.0,0.0,0.0
226,Trevoh,Chalobah,Chalobah,a,,,5.4,155,18.0,9.1,45,14.0,0.8,306.0,101.0,1,0,0.0,4,-4.0,3096,34251,0.1,24.8,0.3,0.8,4.2,45.0,18.0,100.0,100.0,40.0,15.0,277.0,81.0,206.0,54.0,138.0,42.0,,,,,,,,0.05,0.03,0.08,1.33,0.0,0.3,1.31,1.02,8.51,35,1,90.0,0.0,0.0,0.0,3.0,0.0,0.0,0.0,0.0,0.0,0.0,1.0,0.0,2.0,5471.0,45292.0,0.0,0.09999999999999987,0.010000000000000009,0.11000000000000032,2.0500000000000043,14.600000000000023,2.200000000000003,4.0,2.0999999999999943,0.0,4.0,5.0,4.0
227,Levi,Samuels Colwill,Colwill,a,,,4.7,388,66.0,0.1,474,174.0,0.2,368.0,125.0,1,0,0.0,-3,3.0,346,44,0.0,0.2,-0.3,0.2,1.0,497.0,175.0,100.0,75.0,478.0,172.0,454.0,163.0,456.0,170.0,485.0,172.0,,,,,,,,0.0,0.02,0.02,1.92,0.0,0.0,2.0,0.0,2.0,35,1,45.0,0.0,0.0,0.0,1.0,0.0,0.0,0.0,0.0,0.0,0.0,0.0,0.0,4.0,356.0,55.0,0.0,0.0,0.01,0.01,0.96,7.8,4.7,2.0,1.5,1.0,0.0,3.0,1.0
228,Malo,Gusto,Gusto,a,,,4.8,365,62.0,1.9,143,56.0,1.0,270.0,88.0,0,-1,1.0,-2,2.0,1093,14078,0.2,19.8,0.5,1.0,3.0,196.0,79.0,100.0,100.0,147.0,63.0,66.0,12.0,174.0,41.0,112.0,29.0,,,,,,,,0.07,0.1,0.17,1.51,0.0,0.3,1.43,1.04,4.97,35,0,90.0,0.0,0.0,0.0,3.0,0.0,0.0,0.0,1.0,0.0,0.0,1.0,0.0,6.0,2184.0,17691.0,0.0,0.10000000000000009,0.10999999999999988,0.20999999999999996,2.049999999999997,18.799999999999955,62.400000000000034,21.0,10.200000000000003,0.0,3.0,4.0,3.0
229,Benoît,Badiashile Mukinayi,B.Badiashile,a,,,4.4,539,113.0,0.0,649,232.0,0.0,583.0,239.0,0,0,0.0,-1,1.0,27,50,0.0,1.6,-0.5,0.0,0.9,517.0,176.0,100.0,100.0,378.0,141.0,442.0,157.0,452.0,169.0,423.0,151.0,,,,,,,,0.0,0.01,0.01,1.42,0.0,0.0,1.91,1.15,9.19,35,0,0.0,0.0,0.0,0.0,0.0,0.0,0.0,0.0,0.0,0.0,0.0,0.0,0.0,0.0,36.0,66.0,0.0,0.0,0.0,0.0,0.0,0.0,0.0,0.0,0.0,0.0,0.0,0.0,0.0
230,Wesley,Fofana,Fofana,a,,,4.4,543,116.0,0.4,297,110.0,1.2,243.0,83.0,0,0,0.0,-1,1.0,179,3426,0.3,13.6,0.7,1.2,2.7,233.0,90.0,100.0,100.0,141.0,61.0,337.0,114.0,309.0,94.0,259.0,86.0,,,,,,,,0.04,0.04,0.08,1.34,0.0,0.24,1.27,1.03,11.32,35,0,0.0,0.0,0.0,0.0,0.0,0.0,0.0,0.0,0.0,0.0,0.0,0.0,0.0,0.0,316.0,4591.0,0.0,0.0,0.0,0.0,0.0,0.0,0.0,0.0,0.0,0.0,0.0,0.0,0.0
232,Tosin,Adarabioyo,Tosin,a,,,4.0,671,163.0,0.3,345,125.0,0.0,456.0,173.0,0,0,0.0,-5,5.0,321,307,0.0,8.5,-0.5,0.0,2.1,322.0,116.0,100.0,100.0,263.0,105.0,387.0,138.0,396.0,141.0,361.0,122.0,,,,,,,,0.01,0.05,0.06,1.51,0.0,0.23,1.6,0.91,11.08,35,0,45.0,0.0,0.0,0.0,2.0,0.0,0.0,0.0,0.0,0.0,0.0,1.0,0.0,1.0,465.0,415.0,0.0,0.0,0.0,0.0,1.0899999999999999,8.400000000000006,0.7999999999999972,0.0,0.9000000000000021,2.0,1.0,3.0,3.0
233,Josh,Acheampong,Acheampong,a,,,3.7,830,267.0,1.7,152,60.0,0.8,284.0,89.0,0,0,0.0,-3,3.0,8180,5285,0.2,9.7,0.3,0.8,2.4,283.0,104.0,100.0,100.0,356.0,133.0,372.0,135.0,319.0,100.0,380.0,131.0,,,,,,,,0.09,0.02,0.11,2.19,0.0,0.31,1.87,1.09,6.37,35,0,0.0,0.0,0.0,0.0,0.0,0.0,0.0,0.0,0.0,0.0,0.0,0.0,0.0,0.0,11480.0,7710.0,0.0,0.0,0.0,0.0,0.0,0.0,0.0,0.0,0.0,0.0,0.0,0.0,0.0
234,Aarón,Anselmino,Anselmino,u,has joined Strasbourg on loan for the rest of the season.,,4.0,741,208.0,0.1,579,206.0,0.0,519.0,212.0,0,0,0.0,0,0.0,0,7,0.0,0.0,0.0,0.0,0.0,642.0,246.0,0.0,0.0,631.0,246.0,625.0,246.0,595.0,243.0,633.0,246.0,,,,,,,,0.0,0.0,0.0,0.0,0.0,0.0,0.0,0.0,0.0,35,0,0.0,0.0,0.0,0.0,0.0,0.0,0.0,0.0,0.0,0.0,0.0,0.0,0.0,0.0,0.0,12.0,0.0,0.0,0.0,0.0,0.0,0.0,0.0,0.0,0.0,0.0,0.0,0.0,0.0
235,Cole,Palmer,Palmer,a,,,10.3,5,3.0,13.7,26,9.0,1.5,240.0,108.0,0,-2,2.0,-2,2.0,4578,314168,0.1,9.9,1.0,1.5,4.4,39.0,19.0,100.0,100.0,122.0,38.0,89.0,66.0,44.0,26.0,63.0,38.0,,3.0,1.0,,,,,0.54,0.12,0.66,1.44,0.0,0.16,1.55,1.12,6.67,35,0,90.0,0.0,0.0,0.0,3.0,0.0,0.0,1.0,0.0,0.0,0.0,1.0,0.0,2.0,15354.0,385896.0,0.0,0.9299999999999997,0.18999999999999995,1.120000000000001,2.049999999999997,12.399999999999977,20.299999999999955,40.0,7.300000000000011,0.0,2.0,4.0,6.0
236,Pedro,Lomba Neto,Neto,d,Knock - 25% chance of playing,,7.0,36,21.0,4.1,94,31.0,1.5,239.0,107.0,0,0,0.0,0,0.0,610,29064,0.2,16.3,0.2,1.5,3.6,119.0,53.0,25.0,100.0,128.0,41.0,12.0,12.0,47.0,27.0,29.0,23.0,2.0,4.0,,,,,,0.16,0.24,0.4,1.25,0.0,0.4,1.09,1.02,4.18,35,0,0.0,0.0,0.0,0.0,0.0,0.0,0.0,0.0,0.0,0.0,0.0,0.0,0.0,0.0,3279.0,34309.0,0.0,0.0,0.0,0.0,0.0,0.0,0.0,0.0,0.0,0.0,0.0,0.0,0.0
237,Enzo,Fernández,Enzo,a,,,6.5,53,34.0,10.7,35,11.0,1.5,237.0,105.0,2,0,0.0,0,0.0,8206,79753,0.2,20.8,1.0,1.5,4.1,55.0,25.0,100.0,100.0,35.0,9.0,3.0,3.0,23.0,10.0,3.0,2.0,3.0,2.0,2.0,,,,,0.35,0.21,0.56,1.29,0.0,0.25,1.33,1.01,7.15,35,2,90.0,0.0,0.0,0.0,3.0,0.0,0.0,0.0,0.0,0.0,0.0,1.0,0.0,15.0,25504.0,104500.0,0.0,0.15000000000000036,0.29000000000000004,0.4400000000000013,2.0500000000000043,16.600000000000023,95.5,17.0,12.899999999999977,1.0,0.0,4.0,5.0
238,Estêvão,Almeida de Oliveira Gonçalves,Estêvão,i,Hamstring injury - Expected back 01 Jun,,6.4,63,41.0,1.7,151,50.0,0.5,342.0,163.0,0,0,0.0,-1,1.0,26,4214,0.1,9.1,0.0,0.0,2.6,262.0,110.0,0.0,0.0,308.0,133.0,170.0,114.0,96.0,57.0,212.0,101.0,4.0,,3.0,,,,,0.31,0.23,0.54,1.1,0.0,0.43,1.18,1.29,6.01,35,0,0.0,0.0,0.0,0.0,0.0,0.0,0.0,0.0,0.0,0.0,0.0,0.0,0.0,0.0,35.0,6701.0,0.0,0.0,0.0,0.0,0.0,0.0,0.0,0.0,0.0,0.0,0.0,0.0,0.0
239,Jamie,Bynoe-Gittens,Gittens,d,Hamstring injury - 25% chance of playing,,6.0,86,55.0,0.1,491,176.0,0.0,815.0,363.0,0,0,0.0,-5,5.0,5,31,0.0,4.2,-0.1,0.0,1.6,410.0,176.0,25.0,25.0,385.0,171.0,259.0,160.0,287.0,153.0,354.0,169.0,,,,,,,,0.15,0.17,0.32,1.65,0.0,0.19,1.3,0.93,5.37,35,0,0.0,0.0,0.0,0.0,0.0,0.0,0.0,0.0,0.0,0.0,0.0,0.0,0.0,0.0,8.0,36.0,0.0,0.0,0.0,0.0,0.0,0.0,0.0,0.0,0.0,0.0,0.0,0.0,0.0
241,Moisés,Caicedo Corozo,Caicedo,a,,,5.7,117,73.0,7.2,58,20.0,2.2,176.0,76.0,3,0,0.0,2,-2.0,1796,11862,0.4,18.4,1.7,2.2,3.5,130.0,56.0,100.0,100.0,98.0,31.0,109.0,77.0,255.0,138.0,136.0,74.0,,,,,,,,0.05,0.08,0.13,1.37,0.0,0.21,1.53,1.03,12.19,35,3,90.0,0.0,0.0,0.0,3.0,0.0,0.0,0.0,1.0,0.0,0.0,1.0,0.0,12.0,2765.0,15108.0,0.0,0.0,0.029999999999999805,0.029999999999999805,2.0500000000000043,10.800000000000068,12.5,0.0,2.299999999999997,3.0,3.0,6.0,12.0
245,Mykhailo,Mudryk,Mudryk,s,Suspended - unknown return date,,4.9,328,203.0,0.0,751,319.0,0.0,740.0,313.0,0,0,0.0,-1,1.0,34,11,0.0,0.0,0.0,0.0,0.0,790.0,343.0,0.0,0.0,789.0,342.0,786.0,342.0,783.0,341.0,789.0,342.0,,,,,,,,0.0,0.0,0.0,0.0,0.0,0.0,0.0,0.0,0.0,35,0,0.0,0.0,0.0,0.0,0.0,0.0,0.0,0.0,0.0,0.0,0.0,0.0,0.0,0.0,38.0,14.0,0.0,0.0,0.0,0.0,0.0,0.0,0.0,0.0,0.0,0.0,0.0,0.0,0.0
246,Andrey,Nascimento dos Santos,Andrey Santos,a,,,4.4,557,335.0,0.3,338,115.0,0.8,294.0,137.0,1,-1,1.0,-1,1.0,418,665,0.2,8.0,0.3,0.8,1.4,426.0,186.0,100.0,100.0,311.0,135.0,241.0,153.0,311.0,164.0,329.0,160.0,,,,,,,,0.15,0.07,0.22,1.37,0.0,0.08,1.32,0.9,9.7,35,1,32.0,0.0,0.0,0.0,0.0,0.0,0.0,0.0,0.0,0.0,0.0,0.0,0.0,11.0,574.0,968.0,0.0,0.030000000000000027,0.030000000000000027,0.06000000000000005,0.060000000000002274,6.600000000000023,4.300000000000011,5.0,1.6000000000000014,1.0,0.0,4.0,5.0
247,Dário,Luís Essugo,D.Essugo,a,,,4.3,600,353.0,0.1,557,207.0,0.2,354.0,166.0,0,0,0.0,-2,2.0,291,143,0.0,0.2,-0.3,0.2,0.5,528.0,245.0,100.0,100.0,473.0,210.0,469.0,223.0,451.0,221.0,488.0,223.0,,,,,,,,0.0,0.04,0.04,1.8,0.0,0.0,3.6,0.0,18.0,35,0,0.0,0.0,0.0,0.0,0.0,0.0,0.0,0.0,0.0,0.0,0.0,0.0,0.0,0.0,390.0,209.0,0.0,0.0,0.0,0.0,0.0,0.0,0.0,0.0,0.0,0.0,0.0,0.0,0.0
248,Kendry,Páez Andrade,Paez,u,has joined River Plate on loan for the rest of the season.,,4.5,500,309.0,0.0,791,345.0,0.0,683.0,271.0,0,0,0.0,0,0.0,0,1,0.0,0.0,0.0,0.0,0.0,757.0,318.0,0.0,0.0,756.0,317.0,750.0,317.0,736.0,313.0,756.0,317.0,,,,,,,,0.0,0.0,0.0,0.0,0.0,0.0,0.0,0.0,0.0,35,0,0.0,0.0,0.0,0.0,0.0,0.0,0.0,0.0,0.0,0.0,0.0,0.0,0.0,0.0,0.0,1.0,0.0,0.0,0.0,0.0,0.0,0.0,0.0,0.0,0.0,0.0,0.0,0.0,0.0
249,João Pedro,Junqueira de Jesus,João Pedro,a,,,7.5,23,8.0,38.8,5,2.0,2.5,160.0,24.0,8,0,0.0,0,0.0,34202,298838,0.3,23.2,2.0,2.5,5.3,8.0,2.0,,,28.0,4.0,59.0,2.0,6.0,5.0,12.0,4.0,,,,,,,,0.51,0.07,0.58,1.27,0.0,0.36,1.2,1.05,4.72,35,8,90.0,1.0,0.0,0.0,3.0,0.0,0.0,0.0,0.0,0.0,0.0,1.0,2.0,29.0,52675.0,456003.0,0.0,0.46000000000000085,0.050000000000000044,0.5099999999999998,2.0500000000000043,36.0,16.5,52.0,10.5,0.0,1.0,2.0,3.0
250,Liam,Delap,Delap,a,,,6.2,75,24.0,0.9,202,30.0,1.2,253.0,34.0,0,0,0.0,-3,3.0,504,596,0.2,6.9,0.7,1.2,1.7,403.0,47.0,100.0,100.0,407.0,47.0,326.0,39.0,85.0,28.0,293.0,33.0,,,,,,,,0.4,0.02,0.42,1.35,0.0,0.18,1.53,0.99,3.51,35,0,45.0,0.0,0.0,0.0,1.0,0.0,0.0,0.0,1.0,0.0,0.0,0.0,0.0,-2.0,606.0,727.0,0.0,0.22000000000000064,0.010000000000000009,0.23000000000000043,0.9599999999999991,0.0,0.29999999999999716,11.0,0.7999999999999972,0.0,0.0,0.0,0.0
251,Nicolas,Jackson,N.Jackson,u,has joined Bayern Munich on loan for the rest of the season.,,6.5,55,19.0,0.1,540,75.0,0.0,824.0,92.0,0,0,0.0,0,0.0,0,6,0.0,0.0,0.0,0.0,0.0,828.0,93.0,0.0,0.0,828.0,93.0,828.0,93.0,828.0,93.0,828.0,93.0,,,,,,,,0.0,0.0,0.0,0.0,0.0,0.0,0.0,0.0,0.0,35,0,0.0,0.0,0.0,0.0,0.0,0.0,0.0,0.0,0.0,0.0,0.0,0.0,0.0,0.0,0.0,8.0,0.0,0.0,0.0,0.0,0.0,0.0,0.0,0.0,0.0,0.0,0.0,0.0,0.0
252,Marc,Guiu Paz,Marc Guiu,a,,,4.0,705,93.0,5.1,76,15.0,0.2,348.0,47.0,0,0,0.0,-5,5.0,16515,7726,0.0,3.2,-0.3,0.2,1.3,433.0,52.0,100.0,100.0,456.0,53.0,373.0,47.0,294.0,52.0,412.0,53.0,,,,,,,,0.52,0.1,0.62,2.0,0.0,0.0,1.02,0.34,2.72,35,0,0.0,0.0,0.0,0.0,0.0,0.0,0.0,0.0,0.0,0.0,0.0,0.0,0.0,0.0,20125.0,14839.0,0.0,0.0,0.0,0.0,0.0,0.0,0.0,0.0,0.0,0.0,0.0,0.0,0.0
453,Alejandro,Garnacho Ferreyra,Garnacho,d,Knock - 25% chance of playing,,6.4,61,39.0,0.4,280,96.0,1.0,282.0,135.0,0,0,0.0,-1,1.0,145,1478,0.2,8.6,0.1,1.0,2.4,294.0,125.0,25.0,,286.0,119.0,72.0,56.0,67.0,39.0,124.0,71.0,,,,,,,,0.25,0.26,0.51,1.46,0.0,0.29,1.43,1.0,4.86,35,0,0.0,0.0,0.0,0.0,0.0,0.0,0.0,0.0,0.0,0.0,0.0,0.0,0.0,0.0,286.0,1777.0,0.0,0.0,0.0,0.0,0.0,0.0,0.0,0.0,0.0,0.0,0.0,0.0,0.0
672,Jorrel,Hato,Hato,a,,,4.6,405,71.0,0.2,392,146.0,0.8,296.0,98.0,0,0,0.0,-4,4.0,128,430,0.2,3.3,0.3,0.8,0.8,524.0,180.0,100.0,100.0,304.0,118.0,288.0,88.0,366.0,123.0,351.0,118.0,,,,,,,,0.03,0.05,0.08,1.47,0.0,0.0,2.28,0.89,7.83,35,0,0.0,0.0,0.0,0.0,0.0,0.0,0.0,0.0,0.0,0.0,0.0,0.0,0.0,0.0,202.0,558.0,0.0,0.0,0.0,0.0,0.0,0.0,0.0,0.0,0.0,0.0,0.0,0.0,0.0
789,Max,Merrick,Merrick,a,,,4.0,715,64.0,0.0,752,86.0,0.0,493.0,76.0,0,0,0.0,0,0.0,15,8,0.0,0.0,-0.5,0.0,0.0,619.0,84.0,,,608.0,84.0,602.0,74.0,571.0,60.0,610.0,84.0,,,,,,,,0.0,0.0,0.0,0.0,0.0,0.0,0.0,0.0,0.0,35,0,0.0,0.0,0.0,0.0,0.0,0.0,0.0,0.0,0.0,0.0,0.0,0.0,0.0,0.0,20.0,9.0,0.0,0.0,0.0,0.0,0.0,0.0,0.0,0.0,0.0,0.0,0.0,0.0,0.0
803,Teddy,Sharman-Lowe,Sharman-Lowe,a,,,4.0,708,60.0,0.0,771,90.0,0.0,488.0,72.0,0,0,0.0,0,0.0,27,10,0.0,0.0,-0.5,0.0,0.0,615.0,81.0,,,604.0,81.0,597.0,70.0,566.0,56.0,606.0,81.0,,,,,,,,0.0,0.0,0.0,0.0,0.0,0.0,0.0,0.0,0.0,35,0,0.0,0.0,0.0,0.0,0.0,0.0,0.0,0.0,0.0,0.0,0.0,0.0,0.0,0.0,31.0,10.0,0.0,0.0,0.0,0.0,0.0,0.0,0.0,0.0,0.0,0.0,0.0,0.0,0.0
829,Jesse,Derry,Derry,i,Head injury - Expected back 01 Jun,,4.5,506,314.0,0.0,827,368.0,0.3,344.0,165.0,1,0,0.0,0,0.0,61,17,0.1,0.2,0.0,0.3,1.0,495.0,224.0,0.0,,486.0,220.0,449.0,216.0,380.0,192.0,471.0,211.0,,,,,,,,0.2,0.04,0.24,2.18,0.0,0.0,4.0,2.0,6.0,35,1,45.0,0.0,0.0,0.0,2.0,0.0,0.0,0.0,0.0,0.0,0.0,1.0,0.0,5.0,67.0,19.0,0.0,0.1,0.02,0.12,1.09,4.6,6.4,25.0,3.6,1.0,0.0,2.0,3.0
256,Daniel,Muñoz Mejía,Muñoz,a,,,5.9,95,6.0,10.0,39,13.0,4.2,68.0,28.0,0,1,-1.0,4,-4.0,143406,14634,0.7,21.4,7.9,4.2,5.0,13.0,3.0,100.0,100.0,104.0,46.0,119.0,31.0,77.0,6.0,86.0,20.0,,,,,,,,0.1,0.15,0.25,1.24,0.0,0.43,1.12,1.07,7.48,35,0,45.0,0.0,0.0,0.0,2.0,0.0,0.0,0.0,0.0,0.0,0.0,1.0,0.0,-2.0,218930.0,27411.0,0.0,0.0,0.0,0.0,1.490000000000002,5.7999999999999545,0.8000000000000114,0.0,0.7000000000000028,3.0,2.0,1.0,5.0
257,Maxence,Lacroix,Lacroix,a,,,5.2,212,30.0,7.8,54,17.0,5.0,36.0,13.0,2,1,-1.0,2,-2.0,227230,10020,1.0,28.5,9.5,5.0,4.6,26.0,10.0,100.0,100.0,29.0,10.0,294.0,91.0,107.0,14.0,98.0,25.0,,,,,,,,0.07,0.02,0.09,1.28,0.0,0.35,1.3,1.01,10.79,35,2,90.0,0.0,0.0,0.0,3.0,0.0,0.0,0.0,1.0,0.0,0.0,1.0,0.0,3.0,287844.0,23733.0,0.0,0.0,0.0,0.0,2.0800000000000054,16.800000000000068,0.5999999999999943,4.0,2.0999999999999943,2.0,8.0,4.0,10.0
258,Tyrick,Mitchell,Mitchell,a,,,5.0,254,39.0,2.4,127,50.0,3.2,110.0,45.0,1,0,0.0,0,0.0,21701,4445,0.6,25.4,5.9,3.2,3.7,96.0,36.0,,,69.0,31.0,65.0,11.0,167.0,37.0,82.0,17.0,,,,,,,,0.03,0.07,0.1,1.33,0.0,0.37,1.19,1.01,6.62,35,1,45.0,0.0,0.0,0.0,1.0,0.0,0.0,0.0,0.0,0.0,0.0,0.0,0.0,4.0,25213.0,7999.0,0.0,0.0,0.06999999999999984,0.06999999999999984,0.5900000000000034,14.399999999999977,11.199999999999989,8.0,3.3999999999999915,1.0,4.0,6.0,5.0
259,Borna,Sosa,Sosa,d,Knock - 50% chance of playing,,4.8,355,59.0,0.1,452,169.0,0.2,369.0,126.0,0,0,0.0,-2,2.0,74,351,0.0,1.2,0.0,0.2,0.9,519.0,177.0,50.0,100.0,467.0,170.0,400.0,143.0,428.0,162.0,463.0,166.0,,,,,,,,0.04,0.06,0.1,0.82,0.0,0.0,1.82,0.0,8.18,35,0,0.0,0.0,0.0,0.0,0.0,0.0,0.0,0.0,0.0,0.0,0.0,0.0,0.0,0.0,130.0,389.0,0.0,0.0,0.0,0.0,0.0,0.0,0.0,0.0,0.0,0.0,0.0,0.0,0.0
261,Chris,Richards,Richards,a,,,4.4,541,115.0,2.7,119,46.0,2.5,145.0,54.0,1,0,0.0,-1,1.0,23457,5749,0.6,28.2,4.5,2.5,4.1,52.0,20.0,100.0,100.0,46.0,20.0,229.0,59.0,226.0,59.0,131.0,39.0,,,,,,,,0.06,0.05,0.11,1.27,0.0,0.38,1.24,1.0,9.98,35,1,14.0,0.0,0.0,0.0,1.0,0.0,0.0,0.0,0.0,0.0,0.0,0.0,0.0,-1.0,37335.0,16162.0,0.0,0.0,0.0,0.0,0.4200000000000017,5.599999999999909,0.10000000000002274,0.0,0.5999999999999943,0.0,1.0,1.0,1.0
262,Chadi,Riad Dnanou,Chadi Riad,a,,,4.0,713,185.0,0.1,583,208.0,0.2,349.0,113.0,1,0,0.0,0,0.0,407,167,0.0,3.8,-0.1,0.2,2.1,323.0,117.0,100.0,100.0,393.0,146.0,403.0,144.0,402.0,145.0,417.0,148.0,,,,,,,,0.03,0.02,0.05,1.39,0.0,0.23,1.16,0.93,6.28,35,1,75.0,0.0,0.0,0.0,2.0,0.0,0.0,0.0,0.0,0.0,0.0,1.0,0.0,7.0,442.0,252.0,0.0,0.0,0.05,0.04999999999999999,1.6500000000000004,21.0,1.0,2.0,2.4000000000000004,2.0,7.0,6.0,9.0
263,Nathaniel,Clyne,Clyne,a,,,3.8,795,235.0,0.5,274,104.0,0.0,392.0,138.0,0,0,0.0,-2,2.0,521,932,0.0,3.9,-0.5,0.0,1.9,349.0,126.0,100.0,100.0,398.0,148.0,354.0,125.0,363.0,120.0,400.0,142.0,,,,,,,,0.08,0.11,0.19,1.33,0.0,0.0,1.64,1.09,7.11,35,0,0.0,0.0,0.0,0.0,0.0,0.0,0.0,0.0,0.0,0.0,0.0,0.0,0.0,0.0,652.0,1579.0,0.0,0.0,0.0,0.0,0.0,0.0,0.0,0.0,0.0,0.0,0.0,0.0,0.0
264,Rob,Holding,Holding,u,Has joined Colorado Rapids permanently.,,4.0,674,164.0,0.0,708,249.0,0.0,459.0,174.0,0,0,0.0,0,0.0,0,2,0.0,0.0,0.0,0.0,0.0,589.0,213.0,0.0,0.0,577.0,212.0,569.0,212.0,538.0,208.0,579.0,212.0,,,,,,,,0.0,0.0,0.0,0.0,0.0,0.0,0.0,0.0,0.0,35,0,0.0,0.0,0.0,0.0,0.0,0.0,0.0,0.0,0.0,0.0,0.0,0.0,0.0,0.0,0.0,5.0,0.0,0.0,0.0,0.0,0.0,0.0,0.0,0.0,0.0,0.0,0.0,0.0,0.0
265,Caleb,Kporha,Kporha,a,,,4.0,732,199.0,0.0,685,242.0,0.0,510.0,203.0,0,0,0.0,0,0.0,56,37,0.0,0.0,-0.5,0.0,0.0,635.0,239.0,100.0,100.0,624.0,239.0,618.0,239.0,588.0,236.0,626.0,239.0,,,,,,,,0.0,0.0,0.0,0.0,0.0,0.0,0.0,0.0,0.0,35,0,0.0,0.0,0.0,0.0,0.0,0.0,0.0,0.0,0.0,0.0,0.0,0.0,0.0,0.0,68.0,48.0,0.0,0.0,0.0,0.0,0.0,0.0,0.0,0.0,0.0,0.0,0.0,0.0,0.0
267,Ismaïla,Sarr,Sarr,a,,,6.4,58,36.0,6.6,62,22.0,2.0,199.0,88.0,1,1,-1.0,-1,1.0,264950,11847,0.3,15.8,3.5,2.0,4.2,50.0,23.0,100.0,100.0,172.0,63.0,162.0,108.0,51.0,30.0,101.0,58.0,,,3.0,,,,,0.43,0.05,0.48,1.25,0.0,0.42,1.08,0.99,5.72,35,1,45.0,0.0,0.0,0.0,1.0,0.0,0.0,0.0,0.0,0.0,0.0,0.0,0.0,-3.0,334163.0,29529.0,0.0,0.5399999999999991,0.14,0.6800000000000015,0.5899999999999999,0.4000000000000341,15.400000000000006,15.0,3.0999999999999943,0.0,0.0,1.0,1.0
268,Cheick,Doucouré,Doucouré,i,Lack of match fitness - Expected back 01 Jun,,4.9,322,200.0,0.0,802,352.0,0.0,736.0,310.0,0,0,0.0,-1,1.0,8,11,0.0,0.0,0.0,0.0,0.0,787.0,341.0,0.0,0.0,786.0,340.0,783.0,340.0,780.0,339.0,786.0,340.0,,,,,,,,0.0,0.0,0.0,0.0,0.0,0.0,0.0,0.0,0.0,35,0,0.0,0.0,0.0,0.0,0.0,0.0,0.0,0.0,0.0,0.0,0.0,0.0,0.0,0.0,23.0,22.0,0.0,0.0,0.0,0.0,0.0,0.0,0.0,0.0,0.0,0.0,0.0,0.0,0.0
269,Romain,Esse,Esse,u,has joined Coventry City on loan for the rest of the season.,,4.7,395,246.0,0.1,465,161.0,0.0,711.0,291.0,0,0,0.0,-3,3.0,0,24,0.0,0.9,0.0,0.0,1.0,498.0,226.0,0.0,0.0,480.0,216.0,465.0,221.0,436.0,210.0,486.0,221.0,,,,,,,,0.0,0.09,0.09,3.92,0.0,0.0,0.0,0.0,11.25,35,0,0.0,0.0,0.0,0.0,0.0,0.0,0.0,0.0,0.0,0.0,0.0,0.0,0.0,0.0,0.0,29.0,0.0,0.0,0.0,0.0,0.0,0.0,0.0,0.0,0.0,0.0,0.0,0.0,0.0
764,Reigan,Heskey,Heskey,a,,,4.5,487,298.0,0.0,797,349.0,0.0,672.0,261.0,0,0,0.0,0,0.0,10,12,0.0,0.0,1.0,0.5,0.0,748.0,310.0,,,745.0,308.0,739.0,308.0,725.0,304.0,745.0,308.0,,,,,,,,0.0,0.0,0.0,0.0,0.0,0.0,0.0,0.0,0.0,35,0,0.0,0.0,0.0,0.0,0.0,0.0,0.0,0.0,0.0,0.0,0.0,0.0,0.0,0.0,15.0,15.0,0.0,0.0,0.0,0.0,0.0,0.0,0.0,0.0,0.0,0.0,0.0,0.0,0.0
794,Max,Alleyne,Alleyne,a,,,3.9,780,226.0,0.0,744,256.0,0.0,438.0,164.0,0,0,0.0,-6,6.0,28,36,0.0,1.3,1.0,0.5,2.5,267.0,101.0,100.0,100.0,440.0,162.0,416.0,152.0,377.0,129.0,440.0,158.0,,,,,,,,0.17,0.04,0.21,1.03,0.0,0.0,0.67,1.33,7.33,35,0,0.0,0.0,0.0,0.0,0.0,0.0,0.0,0.0,0.0,0.0,0.0,0.0,0.0,0.0,31.0,47.0,0.0,0.0,0.0,0.0,0.0,0.0,0.0,0.0,0.0,0.0,0.0,0.0,0.0
119,Bryan,Mbeumo,Mbeumo,a,,,8.3,12,7.0,15.4,21,7.0,2.2,181.0,81.0,2,-1,1.0,3,-3.0,18758,107135,0.3,15.8,2.7,2.2,4.4,38.0,18.0,100.0,100.0,80.0,26.0,13.0,13.0,11.0,5.0,11.0,8.0,2.0,2.0,,,,,,0.31,0.18,0.49,1.24,0.0,0.26,1.29,1.07,4.9,35,2,74.0,0.0,0.0,0.0,2.0,0.0,0.0,0.0,0.0,0.0,0.0,1.0,0.0,11.0,25964.0,174164.0,0.0,0.4200000000000017,0.4299999999999997,0.8499999999999996,0.7999999999999972,8.799999999999955,44.299999999999955,23.0,7.599999999999994,1.0,1.0,4.0,6.0
270,Will,Hughes,Hughes,a,,,4.7,377,235.0,0.1,482,171.0,0.8,297.0,138.0,0,0,0.0,-3,3.0,518,205,0.2,8.9,1.1,0.8,1.4,427.0,187.0,100.0,100.0,319.0,140.0,132.0,90.0,291.0,156.0,268.0,135.0,3.0,,,,,,,0.07,0.11,0.18,1.39,0.0,0.32,0.89,1.08,8.61,35,0,0.0,0.0,0.0,0.0,0.0,0.0,0.0,0.0,0.0,0.0,0.0,0.0,0.0,0.0,622.0,299.0,0.0,0.0,0.0,0.0,0.0,0.0,0.0,0.0,0.0,0.0,0.0,0.0,0.0
271,Daichi,Kamada,Kamada,a,,,5.0,248,149.0,0.1,470,165.0,1.8,207.0,91.0,1,0,0.0,0,0.0,2929,192,0.4,12.0,3.1,1.8,2.5,275.0,113.0,100.0,100.0,295.0,125.0,131.0,89.0,232.0,126.0,237.0,116.0,4.0,,,,,,,0.08,0.13,0.21,1.14,0.0,0.33,1.19,1.03,9.82,35,1,45.0,0.0,0.0,0.0,2.0,0.0,0.0,0.0,0.0,0.0,0.0,1.0,0.0,2.0,3520.0,311.0,0.0,0.0,0.010000000000000231,0.010000000000000231,1.4899999999999984,0.0,3.8000000000000114,0.0,0.29999999999999716,0.0,1.0,2.0,3.0
272,Jefferson,Lerma Solís,Lerma,a,,,4.9,288,178.0,0.1,472,166.0,2.0,187.0,82.0,0,0,0.0,-1,1.0,3922,341,0.4,12.7,3.5,2.0,2.3,303.0,130.0,100.0,100.0,264.0,111.0,194.0,126.0,143.0,82.0,233.0,113.0,,,,,,,,0.11,0.07,0.18,1.16,0.0,0.42,1.13,0.95,11.16,35,0,90.0,0.0,0.0,0.0,3.0,1.0,0.0,0.0,0.0,0.0,0.0,1.0,0.0,3.0,4455.0,586.0,0.0,0.0,0.1100000000000001,0.10999999999999988,2.080000000000002,0.0,13.400000000000006,4.0,1.3999999999999915,0.0,4.0,6.0,10.0
273,Adam,Wharton,Wharton,a,,,5.0,267,163.0,0.8,221,78.0,1.0,274.0,129.0,1,0,0.0,0,0.0,23869,1437,0.2,19.0,1.5,1.0,3.2,169.0,68.0,100.0,100.0,155.0,53.0,31.0,28.0,215.0,115.0,87.0,51.0,2.0,,,,,,,0.05,0.26,0.31,1.36,0.0,0.31,1.43,1.04,10.29,35,1,45.0,0.0,0.0,0.0,1.0,0.0,0.0,0.0,0.0,0.0,0.0,0.0,0.0,8.0,26462.0,2420.0,0.0,0.0,0.29000000000000004,0.29000000000000004,0.5900000000000034,8.0,23.100000000000023,0.0,3.0999999999999943,1.0,0.0,2.0,3.0
274,Asher,Agbinone,Agbinone,a,,,4.3,614,362.0,0.1,502,182.0,0.0,568.0,190.0,0,0,0.0,-2,2.0,208,280,0.0,0.0,-0.5,0.0,0.0,670.0,254.0,,,659.0,244.0,656.0,249.0,633.0,238.0,661.0,246.0,,,,,,,,0.0,0.0,0.0,0.0,0.0,0.0,0.0,0.0,0.0,35,0,0.0,0.0,0.0,0.0,0.0,0.0,0.0,0.0,0.0,0.0,0.0,0.0,0.0,0.0,270.0,380.0,0.0,0.0,0.0,0.0,0.0,0.0,0.0,0.0,0.0,0.0,0.0,0.0,0.0
275,Naouirou,Ahamada,Ahamada,u,has joined AJ Auxerre permanently.,,4.3,592,349.0,0.0,632,243.0,0.0,554.0,180.0,0,0,0.0,-2,2.0,0,20,0.0,0.0,0.0,0.0,0.0,662.0,247.0,0.0,0.0,651.0,237.0,647.0,242.0,622.0,229.0,653.0,239.0,,,,,,,,0.0,0.0,0.0,0.0,0.0,0.0,0.0,0.0,0.0,35,0,0.0,0.0,0.0,0.0,0.0,0.0,0.0,0.0,0.0,0.0,0.0,0.0,0.0,0.0,0.0,29.0,0.0,0.0,0.0,0.0,0.0,0.0,0.0,0.0,0.0,0.0,0.0,0.0,0.0
276,Justin,Devenny,Devenny,a,,,4.3,596,351.0,1.1,183,64.0,1.2,242.0,109.0,4,0,0.0,-2,2.0,7342,2163,0.3,7.9,1.9,1.2,1.7,393.0,168.0,100.0,100.0,375.0,167.0,290.0,171.0,198.0,107.0,333.0,162.0,,2.0,4.0,,,,,0.31,0.05,0.36,1.58,0.0,0.13,1.68,0.78,8.68,35,4,90.0,0.0,0.0,0.0,3.0,0.0,0.0,0.0,0.0,0.0,0.0,1.0,0.0,17.0,7891.0,3827.0,0.0,0.0,0.0,0.0,2.08,20.799999999999997,4.599999999999994,4.0,2.8999999999999986,7.0,4.0,7.0,18.0
279,Matheus,França de Oliveira,M.França,u,Has joined CR Vasco da Gama on loan for the rest of the season.,,4.5,462,279.0,0.0,776,333.0,0.0,648.0,242.0,0,0,0.0,0,0.0,0,0,0.0,0.0,0.0,0.0,0.0,731.0,297.0,0.0,0.0,725.0,292.0,721.0,294.0,704.0,287.0,726.0,293.0,,,,,,,,0.0,0.0,0.0,0.0,0.0,0.0,0.0,0.0,0.0,35,0,0.0,0.0,0.0,0.0,0.0,0.0,0.0,0.0,0.0,0.0,0.0,0.0,0.0,0.0,0.0,1.0,0.0,0.0,0.0,0.0,0.0,0.0,0.0,0.0,0.0,0.0,0.0,0.0,0.0
280,David,Ozoh,Ozoh,u,Has joined Derby County on loan for the rest of the season.,,4.5,458,275.0,0.0,822,365.0,0.0,645.0,239.0,0,0,0.0,0,0.0,0,1,0.0,0.0,0.0,0.0,0.0,728.0,294.0,0.0,0.0,722.0,289.0,718.0,291.0,701.0,284.0,723.0,290.0,,,,,,,,0.0,0.0,0.0,0.0,0.0,0.0,0.0,0.0,0.0,35,0,0.0,0.0,0.0,0.0,0.0,0.0,0.0,0.0,0.0,0.0,0.0,0.0,0.0,0.0,0.0,1.0,0.0,0.0,0.0,0.0,0.0,0.0,0.0,0.0,0.0,0.0,0.0,0.0,0.0
732,Christantus,Uche,Uche,a,,,5.5,149,37.0,0.1,576,79.0,0.0,805.0,87.0,0,0,0.0,0,0.0,252,134,0.0,3.1,-0.5,0.0,1.2,452.0,54.0,,,464.0,54.0,444.0,57.0,307.0,53.0,433.0,54.0,,,,,,,,0.28,0.01,0.29,2.62,0.0,0.0,2.26,0.0,7.36,35,0,0.0,0.0,0.0,0.0,0.0,0.0,0.0,0.0,0.0,0.0,0.0,0.0,0.0,0.0,285.0,188.0,0.0,0.0,0.0,0.0,0.0,0.0,0.0,0.0,0.0,0.0,0.0,0.0,0.0
780,Ben,Casey,Casey,a,,,4.5,510,73.0,0.0,651,85.0,0.0,691.0,74.0,0,0,0.0,0,0.0,157,103,0.0,0.0,-0.5,0.0,0.0,765.0,84.0,,,764.0,84.0,758.0,83.0,744.0,83.0,764.0,84.0,,,,,,,,0.0,0.0,0.0,0.0,0.0,0.0,0.0,0.0,0.0,35,0,0.0,0.0,0.0,0.0,0.0,0.0,0.0,0.0,0.0,0.0,0.0,0.0,0.0,0.0,191.0,135.0,0.0,0.0,0.0,0.0,0.0,0.0,0.0,0.0,0.0,0.0,0.0,0.0,0.0
793,George,King,King,a,,,4.0,733,200.0,0.0,679,240.0,0.0,511.0,204.0,0,0,0.0,0,0.0,89,49,0.0,0.0,-0.5,0.0,0.0,636.0,240.0,,,625.0,240.0,619.0,240.0,589.0,237.0,627.0,240.0,,,,,,,,0.0,0.0,0.0,0.0,0.0,0.0,0.0,0.0,0.0,35,0,0.0,0.0,0.0,0.0,0.0,0.0,0.0,0.0,0.0,0.0,0.0,0.0,0.0,0.0,106.0,80.0,0.0,0.0,0.0,0.0,0.0,0.0,0.0,0.0,0.0,0.0,0.0,0.0,0.0
798,Danny,Imray,Imray,u,has joined West Brom on loan for the rest of the season.,,4.0,709,183.0,0.0,810,267.0,0.0,489.0,189.0,0,0,0.0,0,0.0,0,3,0.0,0.0,0.0,0.0,0.0,616.0,226.0,0.0,0.0,605.0,226.0,598.0,226.0,567.0,222.0,607.0,226.0,,,,,,,,0.0,0.0,0.0,0.0,0.0,0.0,0.0,0.0,0.0,35,0,0.0,0.0,0.0,0.0,0.0,0.0,0.0,0.0,0.0,0.0,0.0,0.0,0.0,0.0,0.0,4.0,0.0,0.0,0.0,0.0,0.0,0.0,0.0,0.0,0.0,0.0,0.0,0.0,0.0
242,Kiernan,Dewsbury-Hall,Dewsbury-Hall,a,,,5.2,208,128.0,6.3,64,23.0,6.2,12.0,6.0,2,0,0.0,2,-2.0,60696,25102,1.2,27.3,6.2,5.7,5.1,11.0,5.0,100.0,100.0,67.0,20.0,44.0,39.0,64.0,36.0,47.0,31.0,3.0,,,,,,,0.15,0.18,0.33,1.37,0.0,0.3,1.26,1.03,8.06,35,2,90.0,0.0,0.0,0.0,2.0,0.0,0.0,0.0,0.0,0.0,0.0,1.0,0.0,4.0,96827.0,52309.0,0.0,0.06999999999999984,0.010000000000000675,0.08000000000000007,1.3399999999999963,3.6000000000000227,10.799999999999955,5.0,1.9000000000000057,3.0,1.0,5.0,9.0
288,Mark,Travers,Travers,a,,,4.2,634,32.0,0.1,461,67.0,0.0,535.0,84.0,0,0,0.0,-3,3.0,56,88,0.0,0.0,0.0,-0.5,0.0,652.0,91.0,100.0,100.0,642.0,91.0,637.0,83.0,611.0,71.0,644.0,91.0,,,,,,,,0.0,0.0,0.0,0.0,0.0,0.0,0.0,0.0,0.0,35,0,0.0,0.0,0.0,0.0,0.0,0.0,0.0,0.0,0.0,0.0,0.0,0.0,0.0,0.0,78.0,135.0,0.0,0.0,0.0,0.0,0.0,0.0,0.0,0.0,0.0,0.0,0.0,0.0,0.0
289,Harry,Tyrer,Tyrer,u,has joined Cardiff City permanently.,,3.9,769,82.0,0.1,506,74.0,0.0,430.0,41.0,0,0,0.0,-1,1.0,0,69,0.0,0.0,0.0,0.0,0.0,564.0,52.0,0.0,0.0,552.0,52.0,540.0,36.0,508.0,22.0,554.0,52.0,,,,,,,,0.0,0.0,0.0,0.0,0.0,0.0,0.0,0.0,0.0,35,0,0.0,0.0,0.0,0.0,0.0,0.0,0.0,0.0,0.0,0.0,0.0,0.0,0.0,0.0,0.0,101.0,0.0,0.0,0.0,0.0,0.0,0.0,0.0,0.0,0.0,0.0,0.0,0.0,0.0
290,Jarrad,Branthwaite,Branthwaite,i,Hamstring injury - Expected back 01 Jun,,5.3,195,24.0,0.3,319,116.0,1.8,212.0,74.0,0,0,0.0,-2,2.0,51,4226,0.3,6.0,0.0,0.0,3.2,176.0,70.0,0.0,0.0,314.0,121.0,370.0,133.0,306.0,92.0,362.0,123.0,,,,,,,,0.05,0.01,0.06,1.25,0.0,0.13,1.19,0.93,8.89,35,0,0.0,0.0,0.0,0.0,0.0,0.0,0.0,0.0,0.0,0.0,0.0,0.0,0.0,0.0,61.0,6225.0,0.0,0.0,0.0,0.0,0.0,0.0,0.0,0.0,0.0,0.0,0.0,0.0,0.0
291,James,Tarkowski,Tarkowski,a,,,5.7,111,8.0,11.2,32,10.0,1.8,213.0,75.0,0,0,0.0,2,-2.0,17790,74873,0.3,26.1,1.8,1.3,4.4,35.0,13.0,100.0,100.0,10.0,4.0,182.0,47.0,92.0,10.0,57.0,8.0,,,,,,,,0.06,0.04,0.1,1.44,0.0,0.32,1.24,1.0,10.06,35,0,90.0,0.0,0.0,0.0,3.0,0.0,0.0,0.0,1.0,0.0,0.0,1.0,0.0,-4.0,21018.0,114541.0,0.0,0.0,0.0,0.0,1.4500000000000028,18.800000000000068,0.30000000000001137,4.0,2.3000000000000114,1.0,5.0,3.0,6.0
292,Vitalii,Mykolenko,Mykolenko,a,,,4.9,309,49.0,0.6,241,92.0,2.0,188.0,67.0,1,0,0.0,-1,1.0,1557,2936,0.4,18.8,2.0,1.5,3.1,188.0,76.0,100.0,100.0,102.0,45.0,101.0,25.0,318.0,99.0,148.0,48.0,,,,,,,,0.01,0.08,0.09,1.47,0.0,0.3,1.37,1.0,7.23,35,1,90.0,0.0,0.0,0.0,3.0,0.0,0.0,0.0,0.0,0.0,0.0,1.0,0.0,-3.0,1813.0,5578.0,0.0,0.0,0.010000000000000231,0.009999999999999787,1.4499999999999957,13.599999999999966,0.8999999999999773,2.0,1.7000000000000028,2.0,5.0,3.0,7.0
293,Jake,O'Brien,O'Brien,a,,,4.9,332,55.0,0.7,236,89.0,3.0,119.0,47.0,6,0,0.0,-1,1.0,3530,2246,0.6,23.3,3.0,2.5,3.4,137.0,49.0,100.0,100.0,78.0,36.0,155.0,40.0,201.0,50.0,125.0,36.0,,,,,,,,0.03,0.03,0.06,1.54,0.0,0.31,1.28,1.0,6.91,35,6,90.0,1.0,0.0,0.0,3.0,0.0,0.0,0.0,1.0,0.0,0.0,1.0,0.0,3.0,3675.0,4915.0,0.0,0.17000000000000015,0.0,0.16999999999999993,1.4499999999999957,39.19999999999993,0.30000000000001137,33.0,7.299999999999997,2.0,4.0,0.0,6.0
294,Séamus,Coleman,Coleman,a,,,4.2,627,140.0,0.1,494,177.0,0.0,533.0,222.0,0,0,0.0,-3,3.0,83,75,0.0,0.7,0.0,-0.5,1.0,470.0,173.0,100.0,100.0,641.0,253.0,493.0,177.0,607.0,251.0,643.0,253.0,,,,,,,,0.0,0.0,0.0,1.96,0.0,0.0,0.0,8.18,0.0,35,0,0.0,0.0,0.0,0.0,0.0,0.0,0.0,0.0,0.0,0.0,0.0,0.0,0.0,0.0,104.0,96.0,0.0,0.0,0.0,0.0,0.0,0.0,0.0,0.0,0.0,0.0,0.0,0.0,0.0
295,Michael,Keane,Keane,a,,,4.5,412,75.0,2.6,121,47.0,1.0,264.0,87.0,2,0,0.0,0,0.0,4768,14035,0.2,27.1,1.0,0.5,4.1,53.0,21.0,100.0,100.0,42.0,17.0,391.0,141.0,127.0,24.0,134.0,41.0,,,,,,,,0.08,0.01,0.09,1.56,0.0,0.27,1.4,1.01,10.72,35,2,90.0,0.0,0.0,0.0,3.0,0.0,0.0,0.0,1.0,0.0,0.0,1.0,0.0,-2.0,5839.0,27424.0,0.0,0.039999999999999813,0.020000000000000018,0.06000000000000005,1.4499999999999957,25.800000000000068,0.6999999999999993,7.0,3.4000000000000057,2.0,8.0,2.0,10.0
296,Nathan,Patterson,Patterson,a,,,4.4,540,114.0,0.0,635,227.0,0.2,359.0,120.0,1,0,0.0,-1,1.0,39,50,0.0,5.0,0.2,-0.3,3.1,184.0,75.0,100.0,100.0,411.0,154.0,448.0,160.0,400.0,144.0,432.0,156.0,,,,,,,,0.01,0.02,0.03,1.39,0.0,0.76,0.76,1.13,11.72,35,1,1.0,0.0,0.0,0.0,1.0,0.0,0.0,0.0,0.0,0.0,0.0,0.0,0.0,-1.0,41.0,90.0,0.0,0.0,0.0,0.0,0.1200000000000001,1.999999999999993,0.0,0.0,0.20000000000000107,0.0,1.0,0.0,1.0
297,Roman,Dixon,Dixon,u,has joined Stockport County on loan for the rest of the season.,,3.8,808,247.0,0.2,415,155.0,0.0,402.0,147.0,0,0,0.0,-2,2.0,0,79,0.0,0.0,0.0,0.0,0.0,542.0,193.0,0.0,0.0,530.0,192.0,513.0,191.0,480.0,185.0,532.0,192.0,,,,,,,,0.0,0.0,0.0,0.0,0.0,0.0,0.0,0.0,0.0,35,0,0.0,0.0,0.0,0.0,0.0,0.0,0.0,0.0,0.0,0.0,0.0,0.0,0.0,0.0,0.0,124.0,0.0,0.0,0.0,0.0,0.0,0.0,0.0,0.0,0.0,0.0,0.0,0.0,0.0
298,Reece,Welch,Welch,a,,,3.8,806,245.0,0.1,427,158.0,0.0,401.0,146.0,0,0,0.0,-2,2.0,94,97,0.0,0.0,0.0,-0.5,0.0,541.0,192.0,,,529.0,191.0,512.0,190.0,479.0,184.0,531.0,191.0,,,,,,,,0.0,0.0,0.0,0.0,0.0,0.0,0.0,0.0,0.0,35,0,0.0,0.0,0.0,0.0,0.0,0.0,0.0,0.0,0.0,0.0,0.0,0.0,0.0,0.0,110.0,168.0,0.0,0.0,0.0,0.0,0.0,0.0,0.0,0.0,0.0,0.0,0.0,0.0,0.0
300,Dwight,McNeil,McNeil,a,,,5.5,143,89.0,0.1,424,146.0,1.5,233.0,104.0,0,0,0.0,-5,5.0,148,427,0.3,9.5,1.5,1.0,2.5,278.0,115.0,,,345.0,154.0,163.0,109.0,233.0,127.0,277.0,141.0,2.0,,,,,,,0.11,0.15,0.26,1.45,0.0,0.47,0.62,1.09,8.62,35,0,0.0,0.0,0.0,0.0,0.0,0.0,0.0,0.0,0.0,0.0,0.0,0.0,0.0,0.0,195.0,725.0,0.0,0.0,0.0,0.0,0.0,0.0,0.0,0.0,0.0,0.0,0.0,0.0,0.0
301,Carlos,Alcaraz Durán,Alcaraz,a,,,5.2,216,131.0,0.1,532,196.0,0.2,378.0,173.0,1,0,0.0,-3,3.0,24,34,0.0,5.2,0.2,-0.3,1.5,419.0,182.0,100.0,100.0,394.0,174.0,237.0,152.0,214.0,114.0,330.0,161.0,,,,,,,,0.14,0.06,0.2,1.81,0.0,0.4,1.34,0.8,8.97,35,1,1.0,0.0,0.0,0.0,1.0,0.0,0.0,0.0,0.0,0.0,0.0,0.0,0.0,1.0,30.0,50.0,0.0,0.0,0.0,0.0,0.11999999999999922,1.2000000000000028,0.29999999999998295,0.0,0.20000000000000284,0.0,1.0,1.0,2.0
302,Idrissa Gana,Gueye,Gana,d,Knock - 50% chance of playing,,5.4,150,94.0,0.1,457,157.0,2.2,170.0,72.0,0,0,0.0,-1,1.0,123,1081,0.4,15.4,1.1,1.7,3.3,155.0,64.0,50.0,100.0,177.0,67.0,154.0,103.0,162.0,90.0,166.0,85.0,,,,,,,,0.09,0.08,0.17,1.34,0.0,0.21,1.12,1.07,9.37,35,0,0.0,0.0,0.0,0.0,0.0,0.0,0.0,0.0,0.0,0.0,0.0,0.0,0.0,0.0,169.0,1363.0,0.0,0.0,0.0,0.0,0.0,0.0,0.0,0.0,0.0,0.0,0.0,0.0,0.0
303,James,Garner,Garner,a,,,5.2,211,130.0,3.8,97,32.0,3.5,101.0,33.0,5,-1,1.0,2,-2.0,16264,28963,0.7,29.4,3.5,3.0,4.4,32.0,13.0,,,14.0,4.0,9.0,9.0,152.0,87.0,20.0,16.0,1.0,3.0,2.0,,,,,0.06,0.15,0.21,1.48,0.0,0.31,1.26,1.0,12.31,35,5,90.0,0.0,1.0,0.0,3.0,0.0,0.0,0.0,0.0,0.0,0.0,1.0,0.0,26.0,18538.0,52061.0,0.0,0.0,0.20000000000000018,0.1999999999999993,1.4500000000000028,29.0,33.0,0.0,6.199999999999989,4.0,1.0,3.0,8.0
304,Tim,Iroegbunam,Iroegbunam,a,,,4.8,367,229.0,0.0,618,237.0,1.0,271.0,126.0,2,0,0.0,-2,2.0,91,46,0.2,12.7,1.0,0.5,2.3,302.0,129.0,100.0,100.0,279.0,118.0,281.0,169.0,302.0,160.0,327.0,159.0,,,,,,,,0.04,0.05,0.09,1.49,0.0,0.58,1.02,1.02,11.76,35,2,90.0,0.0,0.0,0.0,2.0,0.0,0.0,0.0,0.0,0.0,0.0,1.0,0.0,7.0,100.0,75.0,0.0,0.0,0.010000000000000009,0.010000000000000009,1.3399999999999999,21.19999999999999,1.2000000000000028,0.0,2.200000000000003,6.0,3.0,2.0,11.0
309,Jenson,Metcalfe,Metcalfe,u,Has joined Bradford City permanently.,,4.5,449,268.0,0.0,830,371.0,0.0,637.0,232.0,0,0,0.0,0,0.0,0,0,0.0,0.0,0.0,0.0,0.0,721.0,287.0,0.0,0.0,715.0,282.0,711.0,284.0,694.0,277.0,716.0,283.0,,,,,,,,0.0,0.0,0.0,0.0,0.0,0.0,0.0,0.0,0.0,35,0,0.0,0.0,0.0,0.0,0.0,0.0,0.0,0.0,0.0,0.0,0.0,0.0,0.0,0.0,0.0,0.0,0.0,0.0,0.0,0.0,0.0,0.0,0.0,0.0,0.0,0.0,0.0,0.0,0.0
310,Thierno,Barry,Barry,a,,,5.7,120,33.0,0.7,226,33.0,3.8,89.0,16.0,11,0,0.0,-3,3.0,6860,3026,0.7,16.0,3.8,3.3,2.6,259.0,28.0,,,204.0,19.0,201.0,19.0,46.0,19.0,135.0,20.0,,,,,,,,0.41,0.02,0.43,1.57,0.0,0.35,1.52,1.01,3.39,35,11,26.0,2.0,0.0,0.0,2.0,0.0,0.0,0.0,0.0,0.0,0.0,0.0,2.0,55.0,6991.0,6653.0,0.0,1.330000000000001,0.0,1.3299999999999992,0.620000000000001,70.0,0.0,34.0,10.400000000000006,2.0,1.0,2.0,5.0
311,Norberto Bercique,Gomes Betuncal,Beto,a,,,5.0,264,55.0,2.9,111,18.0,4.2,65.0,10.0,1,0,0.0,-5,5.0,12349,11703,0.8,18.6,4.2,3.7,2.7,239.0,25.0,100.0,100.0,164.0,15.0,225.0,24.0,28.0,16.0,91.0,17.0,,,3.0,,,,,0.54,0.01,0.55,1.41,0.0,0.32,1.09,0.96,5.19,35,1,63.0,0.0,0.0,0.0,1.0,0.0,0.0,0.0,1.0,0.0,0.0,1.0,0.0,3.0,13940.0,20252.0,0.0,0.20000000000000107,0.0,0.1999999999999993,0.8300000000000018,10.199999999999989,20.099999999999994,13.0,4.299999999999997,0.0,2.0,0.0,2.0
419,Jack,Grealish,Grealish,i,Foot injury - Expected back 01 Jun,,6.3,65,43.0,5.6,70,24.0,0.0,819.0,366.0,0,0,0.0,-2,2.0,32,2303,0.0,12.5,0.0,0.0,4.0,61.0,28.0,0.0,0.0,182.0,72.0,45.0,40.0,69.0,41.0,73.0,46.0,,,,,,,,0.11,0.19,0.3,1.43,0.0,0.39,1.27,1.0,7.47,35,0,0.0,0.0,0.0,0.0,0.0,0.0,0.0,0.0,0.0,0.0,0.0,0.0,0.0,0.0,41.0,2843.0,0.0,0.0,0.0,0.0,0.0,0.0,0.0,0.0,0.0,0.0,0.0,0.0,0.0
630,Tom,King,King,a,,,3.9,758,76.0,1.2,179,21.0,0.0,422.0,36.0,0,0,0.0,-1,1.0,230,801,0.0,0.0,0.0,-0.5,0.0,557.0,47.0,,,545.0,47.0,532.0,30.0,500.0,16.0,547.0,47.0,,,,,,,,0.0,0.0,0.0,0.0,0.0,0.0,0.0,0.0,0.0,35,0,0.0,0.0,0.0,0.0,0.0,0.0,0.0,0.0,0.0,0.0,0.0,0.0,0.0,0.0,294.0,1159.0,0.0,0.0,0.0,0.0,0.0,0.0,0.0,0.0,0.0,0.0,0.0,0.0,0.0
667,Adam,Aznou,Aznou,a,,,4.2,641,148.0,0.1,572,204.0,0.0,538.0,224.0,0,0,0.0,-3,3.0,33,42,0.0,0.0,0.0,-0.5,0.0,654.0,253.0,100.0,100.0,644.0,254.0,639.0,253.0,614.0,252.0,646.0,254.0,,,,,,,,0.0,0.0,0.0,0.0,0.0,0.0,0.0,0.0,0.0,35,0,0.0,0.0,0.0,0.0,0.0,0.0,0.0,0.0,0.0,0.0,0.0,0.0,0.0,0.0,37.0,66.0,0.0,0.0,0.0,0.0,0.0,0.0,0.0,0.0,0.0,0.0,0.0,0.0,0.0
704,Tyler,Onyango,Onyango,u,has joined Stockport County on loan for the rest of the season.,,4.5,440,261.0,0.0,588,220.0,0.0,631.0,226.0,0,0,0.0,0,0.0,0,7,0.0,0.0,0.0,0.0,0.0,716.0,282.0,0.0,0.0,709.0,276.0,706.0,279.0,689.0,272.0,711.0,278.0,,,,,,,,0.0,0.0,0.0,0.0,0.0,0.0,0.0,0.0,0.0,35,0,0.0,0.0,0.0,0.0,0.0,0.0,0.0,0.0,0.0,0.0,0.0,0.0,0.0,0.0,0.0,8.0,0.0,0.0,0.0,0.0,0.0,0.0,0.0,0.0,0.0,0.0,0.0,0.0,0.0
705,Elijah,Campbell,Campbell,u,has joined Port Vale on loan for the rest of the season.,,3.9,779,225.0,0.1,422,157.0,0.0,437.0,163.0,0,0,0.0,-1,1.0,0,71,0.0,0.0,0.0,0.0,0.0,571.0,205.0,0.0,0.0,559.0,204.0,548.0,204.0,516.0,199.0,561.0,204.0,,,,,,,,0.0,0.0,0.0,0.0,0.0,0.0,0.0,0.0,0.0,35,0,0.0,0.0,0.0,0.0,0.0,0.0,0.0,0.0,0.0,0.0,0.0,0.0,0.0,0.0,0.0,86.0,0.0,0.0,0.0,0.0,0.0,0.0,0.0,0.0,0.0,0.0,0.0,0.0,0.0
707,Tyler,Dibling,Dibling,a,,,5.3,197,122.0,0.0,647,252.0,0.0,783.0,344.0,0,0,0.0,-2,2.0,30,42,0.0,3.4,0.0,-0.5,1.3,444.0,199.0,,,425.0,184.0,343.0,184.0,367.0,188.0,410.0,186.0,,,,,,,,0.05,0.04,0.09,1.71,0.0,0.52,0.52,1.03,10.32,35,0,0.0,0.0,0.0,0.0,0.0,0.0,0.0,0.0,0.0,0.0,0.0,0.0,0.0,0.0,39.0,57.0,0.0,0.0,0.0,0.0,0.0,0.0,0.0,0.0,0.0,0.0,0.0,0.0,0.0
728,Merlin,Röhl,Röhl,a,,,5.0,274,169.0,0.0,703,284.0,1.2,249.0,113.0,5,0,0.0,0,0.0,134,32,0.2,4.6,1.2,0.7,1.8,380.0,161.0,100.0,100.0,406.0,178.0,332.0,180.0,352.0,181.0,396.0,181.0,,,,,,,,0.11,0.04,0.15,1.92,0.0,0.4,1.61,0.6,10.65,35,5,90.0,0.0,1.0,0.0,2.0,0.0,0.0,0.0,0.0,0.0,0.0,1.0,0.0,12.0,138.0,42.0,0.0,0.06999999999999995,0.0,0.07000000000000006,1.3399999999999999,0.6000000000000085,1.0,7.0,0.8999999999999986,1.0,0.0,4.0,5.0
316,Antonee,Robinson,Robinson,a,,,4.9,293,44.0,0.8,223,85.0,1.5,225.0,80.0,1,0,0.0,-1,1.0,1503,2657,0.3,9.4,1.5,0.5,2.4,289.0,108.0,100.0,100.0,240.0,94.0,133.0,34.0,342.0,113.0,245.0,83.0,,,,,,,,0.02,0.1,0.12,1.6,0.0,0.22,1.26,1.04,8.13,35,1,90.0,0.0,0.0,0.0,3.0,0.0,0.0,0.0,0.0,0.0,0.0,1.0,0.0,7.0,1782.0,4592.0,0.0,0.01999999999999999,0.010000000000000009,0.030000000000000027,3.2300000000000004,11.399999999999977,2.400000000000034,2.0,1.6000000000000014,4.0,1.0,9.0,5.0
317,Joachim,Andersen,Andersen,a,,,4.5,418,78.0,4.2,91,29.0,5.2,28.0,12.0,3,0,0.0,0,0.0,15992,15760,1.2,27.8,5.2,4.2,3.9,67.0,26.0,100.0,100.0,20.0,7.0,260.0,71.0,228.0,60.0,106.0,28.0,,,,,,,,0.04,0.06,0.1,1.42,0.0,0.25,1.4,1.02,10.43,35,3,90.0,0.0,0.0,0.0,3.0,0.0,0.0,0.0,0.0,0.0,0.0,1.0,0.0,6.0,22283.0,51804.0,0.0,0.0,0.010000000000000009,0.010000000000000231,3.230000000000004,24.399999999999977,1.299999999999983,0.0,2.6000000000000085,3.0,9.0,3.0,12.0
318,Calvin,Bassey,Bassey,a,,,4.4,538,112.0,0.6,244,93.0,4.0,73.0,30.0,1,0,0.0,-1,1.0,2439,2691,0.9,21.1,4.0,3.0,3.4,132.0,47.0,100.0,100.0,96.0,42.0,270.0,77.0,258.0,70.0,192.0,66.0,,,,,,,,0.07,0.01,0.08,1.41,0.0,0.24,1.51,0.99,7.56,35,1,90.0,0.0,0.0,0.0,3.0,0.0,0.0,0.0,0.0,0.0,0.0,1.0,0.0,9.0,3241.0,5762.0,0.0,0.0,0.02999999999999997,0.029999999999999805,3.229999999999997,26.799999999999955,12.0,2.0,4.1000000000000085,4.0,4.0,5.0,8.0
490,Joelinton Cássio,Apolinário de Lira,Joelinton,a,,,5.9,91,59.0,0.3,330,113.0,1.2,252.0,116.0,4,0,0.0,-1,1.0,462,382,0.2,12.0,1.2,0.7,2.7,243.0,96.0,100.0,100.0,225.0,94.0,153.0,102.0,94.0,55.0,154.0,80.0,,,,,,,,0.11,0.06,0.17,1.34,0.0,0.24,1.26,1.06,10.98,35,4,90.0,0.0,0.0,0.0,1.0,0.0,0.0,0.0,0.0,0.0,0.0,1.0,0.0,7.0,686.0,536.0,0.0,0.16999999999999993,0.010000000000000009,0.17999999999999972,1.5299999999999976,5.7999999999999545,3.2999999999999545,4.0,1.2999999999999972,2.0,3.0,8.0,13.0
491,Sandro,Tonali,Tonali,a,,,5.3,189,119.0,1.1,192,67.0,1.8,211.0,94.0,1,0,0.0,-2,2.0,1633,3389,0.3,14.7,1.8,1.3,2.4,292.0,123.0,100.0,100.0,178.0,68.0,49.0,44.0,181.0,97.0,105.0,61.0,1.0,3.0,,,,,,0.06,0.1,0.16,1.31,0.0,0.26,1.39,1.09,9.11,35,1,90.0,0.0,0.0,0.0,1.0,0.0,0.0,0.0,1.0,0.0,0.0,1.0,0.0,18.0,2976.0,4178.0,0.0,0.0,0.10999999999999988,0.11000000000000032,1.5300000000000011,16.0,23.80000000000001,0.0,4.0,1.0,6.0,3.0,10.0
812,Melker,Ellborg,Ellborg,a,,,4.0,711,62.0,0.1,499,73.0,0.0,491.0,74.0,0,0,0.0,0,0.0,270,1183,0.0,4.0,-0.5,0.5,5.3,7.0,2.0,,,403.0,30.0,600.0,72.0,569.0,58.0,442.0,30.0,,,,,,,,0.0,0.01,0.01,1.37,3.33,0.33,0.67,1.0,0.0,35,0,0.0,0.0,0.0,0.0,0.0,0.0,0.0,0.0,0.0,0.0,0.0,0.0,0.0,0.0,408.0,1986.0,0.0,0.0,0.0,0.0,0.0,0.0,0.0,0.0,0.0,0.0,0.0,0.0,0.0
813,Nilson,Angulo,Angulo,a,,,5.0,275,170.0,0.0,794,347.0,0.0,762.0,330.0,0,0,0.0,0,0.0,11,12,0.0,1.8,-0.5,0.2,1.8,381.0,162.0,100.0,50.0,436.0,190.0,396.0,199.0,326.0,170.0,415.0,189.0,,,,,,,,0.17,0.03,0.2,2.0,0.0,0.35,1.42,1.06,8.15,35,0,0.0,0.0,0.0,0.0,0.0,0.0,0.0,0.0,0.0,0.0,0.0,0.0,0.0,0.0,15.0,19.0,0.0,0.0,0.0,0.0,0.0,0.0,0.0,0.0,0.0,0.0,0.0,0.0,0.0
319,Timothy,Castagne,Castagne,a,,,4.3,581,126.0,0.1,439,164.0,3.5,97.0,39.0,1,0,0.0,-2,2.0,1179,489,0.8,10.7,3.5,2.5,1.7,392.0,144.0,,,215.0,84.0,169.0,42.0,202.0,51.0,215.0,76.0,,,,,,,,0.08,0.05,0.13,1.72,0.0,0.11,1.66,0.97,7.31,35,1,90.0,0.0,0.0,0.0,3.0,0.0,0.0,0.0,0.0,0.0,0.0,1.0,0.0,5.0,1553.0,955.0,0.0,0.15000000000000013,0.010000000000000009,0.16000000000000014,3.2300000000000004,13.0,1.4000000000000057,25.0,3.8999999999999915,1.0,4.0,4.0,5.0
321,Jorge,Cuenca Barreno,J.Cuenca,a,,,4.3,588,132.0,0.1,577,205.0,0.0,553.0,233.0,0,0,0.0,-2,2.0,40,98,0.0,9.1,0.0,-1.0,2.8,213.0,82.0,,,262.0,104.0,365.0,130.0,405.0,148.0,358.0,120.0,,,,,,,,0.0,0.05,0.05,1.41,0.0,0.19,1.06,1.06,11.02,35,0,0.0,0.0,0.0,0.0,0.0,0.0,0.0,0.0,0.0,0.0,0.0,0.0,0.0,0.0,45.0,161.0,0.0,0.0,0.0,0.0,0.0,0.0,0.0,0.0,0.0,0.0,0.0,0.0,0.0
322,Kenny,Tete,Tete,a,,,4.5,416,77.0,0.2,365,132.0,0.0,614.0,241.0,0,0,0.0,0,0.0,53,870,0.0,18.0,0.0,-0.8,3.7,90.0,34.0,100.0,75.0,153.0,67.0,180.0,46.0,267.0,74.0,204.0,73.0,,,,,,,,0.05,0.07,0.12,1.3,0.0,0.3,1.26,1.06,8.29,35,0,0.0,0.0,0.0,0.0,0.0,0.0,0.0,0.0,0.0,0.0,0.0,0.0,0.0,0.0,76.0,1681.0,0.0,0.0,0.0,0.0,0.0,0.0,0.0,0.0,0.0,0.0,0.0,0.0,0.0
324,Alex,Iwobi,Iwobi,i,Hamstring injury - Unknown return date,,6.2,70,46.0,1.2,180,62.0,0.8,310.0,144.0,0,0,0.0,-3,3.0,35,18713,0.1,15.8,0.0,0.0,3.6,116.0,51.0,0.0,0.0,123.0,39.0,21.0,20.0,112.0,65.0,52.0,34.0,2.0,,,,,,,0.06,0.18,0.24,1.38,0.0,0.16,1.55,1.07,6.96,35,0,0.0,0.0,0.0,0.0,0.0,0.0,0.0,0.0,0.0,0.0,0.0,0.0,0.0,0.0,84.0,32081.0,0.0,0.0,0.0,0.0,0.0,0.0,0.0,0.0,0.0,0.0,0.0,0.0,0.0
325,Emile,Smith Rowe,Smith Rowe,a,,,5.6,127,79.0,0.5,268,91.0,2.2,173.0,75.0,2,0,0.0,-4,4.0,1153,1238,0.4,13.2,2.2,1.2,2.2,318.0,139.0,100.0,100.0,247.0,105.0,117.0,81.0,76.0,44.0,145.0,78.0,,,,,,,,0.24,0.06,0.3,1.56,0.0,0.26,1.36,1.0,6.93,35,2,77.0,0.0,0.0,0.0,3.0,0.0,0.0,0.0,0.0,0.0,0.0,1.0,0.0,13.0,1580.0,1906.0,0.0,0.05999999999999961,0.020000000000000018,0.08000000000000007,2.9200000000000017,2.6000000000000227,6.800000000000011,9.0,1.7999999999999972,1.0,1.0,4.0,6.0
327,Andreas,Hoelgebaum Pereira,Andreas,u,has joined Palmeiras permanently.,,5.3,182,114.0,0.1,570,213.0,0.0,780.0,341.0,0,0,0.0,-2,2.0,0,10,0.0,0.0,0.0,0.0,0.0,810.0,357.0,0.0,0.0,809.0,356.0,809.0,356.0,807.0,356.0,809.0,356.0,,,,,,,,0.0,0.0,0.0,0.0,0.0,0.0,0.0,0.0,0.0,35,0,0.0,0.0,0.0,0.0,0.0,0.0,0.0,0.0,0.0,0.0,0.0,0.0,0.0,0.0,0.0,12.0,0.0,0.0,0.0,0.0,0.0,0.0,0.0,0.0,0.0,0.0,0.0,0.0,0.0
328,Ryan,Sessegnon,Sessegnon,i,Muscle injury - Expected back 17 May,,5.4,157,97.0,0.1,419,144.0,3.8,86.0,28.0,0,0,0.0,-1,1.0,27,871,0.7,17.6,0.0,0.0,3.5,127.0,54.0,0.0,0.0,156.0,54.0,171.0,115.0,137.0,80.0,162.0,83.0,,,,,,,,0.08,0.09,0.17,1.3,0.0,0.3,1.44,0.99,10.8,35,0,0.0,0.0,0.0,0.0,0.0,0.0,0.0,0.0,0.0,0.0,0.0,0.0,0.0,0.0,76.0,1411.0,0.0,0.0,0.0,0.0,0.0,0.0,0.0,0.0,0.0,0.0,0.0,0.0,0.0
329,Harry,Wilson,Wilson,a,,,5.9,89,57.0,18.8,16,6.0,2.2,177.0,77.0,2,-1,1.0,4,-4.0,38169,171804,0.4,27.3,2.2,1.2,4.9,18.0,9.0,100.0,100.0,45.0,11.0,29.0,26.0,31.0,15.0,21.0,17.0,1.0,1.0,3.0,,,,,0.2,0.16,0.36,1.37,0.0,0.31,1.29,1.08,5.96,35,2,63.0,0.0,0.0,0.0,3.0,0.0,0.0,0.0,0.0,0.0,0.0,1.0,0.0,9.0,50543.0,312673.0,0.0,0.0,0.14999999999999947,0.15000000000000036,2.9199999999999946,5.0,25.59999999999991,0.0,3.0999999999999943,2.0,0.0,0.0,2.0
330,Sander,Berge,Berge,a,,,4.9,302,188.0,0.1,523,192.0,1.8,205.0,90.0,0,0,0.0,-1,1.0,150,357,0.4,17.8,1.8,0.8,2.6,253.0,103.0,,,148.0,51.0,112.0,79.0,283.0,151.0,167.0,86.0,,,,,,,,0.04,0.05,0.09,1.38,0.0,0.23,1.43,1.04,8.74,35,0,0.0,0.0,0.0,0.0,0.0,0.0,0.0,0.0,0.0,0.0,0.0,0.0,0.0,0.0,343.0,529.0,0.0,0.0,0.0,0.0,0.0,0.0,0.0,0.0,0.0,0.0,0.0,0.0,0.0
331,Tom,Cairney,Cairney,a,,,4.8,345,216.0,0.0,643,249.0,1.0,267.0,123.0,1,0,0.0,-2,2.0,35,44,0.2,6.9,1.0,0.0,1.5,414.0,177.0,100.0,100.0,382.0,169.0,244.0,155.0,339.0,175.0,363.0,172.0,,,,,,,,0.14,0.08,0.22,1.53,0.0,0.28,1.24,0.69,7.05,35,1,26.0,0.0,0.0,0.0,0.0,0.0,0.0,0.0,0.0,0.0,0.0,0.0,0.0,1.0,45.0,70.0,0.0,0.030000000000000027,0.0,0.030000000000000027,0.3100000000000005,3.799999999999997,1.6999999999999886,2.0,0.8000000000000007,1.0,0.0,2.0,3.0
335,Josh,King,King,a,,,4.4,566,340.0,1.7,153,51.0,1.0,263.0,120.0,1,0,0.0,-1,1.0,3808,5698,0.2,13.9,1.0,0.0,2.1,331.0,144.0,100.0,100.0,299.0,129.0,216.0,140.0,100.0,60.0,230.0,111.0,,,,,,,,0.17,0.04,0.21,1.29,0.0,0.36,1.31,1.09,7.21,35,1,26.0,0.0,0.0,0.0,0.0,0.0,0.0,0.0,0.0,0.0,0.0,0.0,0.0,4.0,4741.0,9825.0,0.0,0.0,0.030000000000000027,0.029999999999999805,0.3099999999999987,0.39999999999997726,1.0,4.0,0.5,0.0,0.0,1.0,1.0
336,Harrison,Reed,Reed,a,,,4.3,580,346.0,0.3,317,108.0,0.5,319.0,149.0,2,0,0.0,-2,2.0,1027,990,0.1,3.5,0.5,-0.5,2.1,325.0,142.0,100.0,100.0,431.0,188.0,369.0,190.0,416.0,205.0,427.0,194.0,,,,,,,,0.13,0.46,0.59,3.47,0.0,0.0,4.04,1.01,6.07,35,2,63.0,0.0,0.0,0.0,3.0,0.0,0.0,0.0,0.0,0.0,0.0,1.0,0.0,7.0,1241.0,1483.0,0.0,0.0,0.09000000000000002,0.08999999999999997,2.92,3.3999999999999986,25.4,0.0,2.8999999999999995,0.0,1.0,3.0,4.0
337,Raúl,Jiménez Rodríguez,Raúl,a,,,6.0,84,25.0,1.9,137,21.0,1.5,236.0,33.0,2,0,0.0,-5,5.0,6979,17287,0.2,18.3,1.5,0.5,3.2,179.0,17.0,100.0,100.0,125.0,14.0,111.0,6.0,21.0,12.0,45.0,9.0,,2.0,1.0,,,,,0.48,0.04,0.52,1.43,0.0,0.38,1.18,1.13,5.46,35,2,72.0,0.0,0.0,0.0,3.0,0.0,0.0,0.0,0.0,0.0,0.0,1.0,0.0,6.0,8236.0,32940.0,0.0,0.09999999999999964,0.0,0.09999999999999964,2.9200000000000017,4.199999999999989,1.7999999999999545,11.0,1.6999999999999886,2.0,2.0,1.0,5.0
338,Rodrigo,Muniz Carvalho,Muniz,a,,,5.3,187,43.0,0.7,229,34.0,1.5,230.0,30.0,1,0,0.0,-2,2.0,850,921,0.3,5.8,1.5,0.5,1.7,401.0,46.0,100.0,100.0,373.0,41.0,301.0,33.0,140.0,34.0,319.0,37.0,,,,,,,,0.27,0.02,0.29,1.44,0.0,0.24,1.3,0.83,5.68,35,1,17.0,0.0,0.0,0.0,0.0,0.0,0.0,0.0,0.0,0.0,0.0,0.0,0.0,6.0,1103.0,1738.0,0.0,0.0,0.0,0.0,0.3100000000000005,2.0,1.0999999999999943,2.0,0.5,1.0,0.0,0.0,1.0
424,Oscar,Bobb,Bobb,a,,,5.1,236,142.0,0.2,366,125.0,1.0,276.0,131.0,1,0,0.0,-4,4.0,104,534,0.2,7.1,1.0,0.0,1.8,383.0,164.0,100.0,100.0,364.0,164.0,160.0,107.0,190.0,101.0,269.0,136.0,,,,,,,,0.13,0.17,0.3,1.16,0.0,0.32,1.27,0.95,6.86,35,1,26.0,0.0,0.0,0.0,0.0,0.0,0.0,0.0,0.0,0.0,0.0,0.0,0.0,5.0,143.0,787.0,0.0,0.0,0.0,0.0,0.3099999999999987,4.200000000000003,0.4000000000000057,0.0,0.5,2.0,0.0,0.0,2.0
664,Benjamin,Lecomte,Lecomte,a,,,3.9,754,73.0,0.7,233,31.0,0.0,418.0,33.0,0,0,0.0,-1,1.0,234,512,0.0,0.0,0.0,-1.0,0.0,555.0,45.0,,,543.0,45.0,529.0,27.0,497.0,13.0,545.0,45.0,,,,,,,,0.0,0.0,0.0,0.0,0.0,0.0,0.0,0.0,0.0,35,0,0.0,0.0,0.0,0.0,0.0,0.0,0.0,0.0,0.0,0.0,0.0,0.0,0.0,0.0,300.0,774.0,0.0,0.0,0.0,0.0,0.0,0.0,0.0,0.0,0.0,0.0,0.0,0.0,0.0
727,Samuel,Chukwueze,Chukwueze,a,,,5.3,185,117.0,0.1,527,193.0,1.8,210.0,93.0,2,0,0.0,-2,2.0,352,442,0.3,11.1,1.8,0.8,2.8,224.0,90.0,100.0,100.0,248.0,106.0,115.0,80.0,128.0,73.0,173.0,89.0,,,,,,,,0.19,0.3,0.49,1.63,0.0,0.18,1.72,0.81,7.06,35,2,63.0,0.0,0.0,0.0,3.0,0.0,0.0,0.0,0.0,0.0,0.0,1.0,0.0,6.0,453.0,633.0,0.0,0.020000000000000018,0.009999999999999787,0.03000000000000025,2.919999999999998,3.6000000000000227,15.199999999999989,4.0,2.299999999999997,0.0,1.0,0.0,1.0
731,Kevin,Santos Lopes de Macedo,Kevin,a,,,5.7,119,75.0,0.0,585,219.0,0.0,808.0,358.0,0,0,0.0,-3,3.0,31,62,0.0,7.5,0.0,0.0,1.9,359.0,156.0,100.0,0.0,296.0,126.0,168.0,113.0,164.0,91.0,239.0,117.0,,,,,,,,0.11,0.14,0.25,1.3,0.0,0.4,1.5,0.8,7.52,35,0,0.0,0.0,0.0,0.0,0.0,0.0,0.0,0.0,0.0,0.0,0.0,0.0,0.0,0.0,45.0,87.0,0.0,0.0,0.0,0.0,0.0,0.0,0.0,0.0,0.0,0.0,0.0,0.0,0.0
737,Jonah,Kusi-Asare,Kusi-Asare,a,,,4.5,511,74.0,0.1,483,68.0,0.2,367.0,49.0,1,0,0.0,0,0.0,299,241,0.0,1.1,0.2,-0.8,0.8,523.0,64.0,,,508.0,60.0,426.0,56.0,427.0,58.0,478.0,57.0,,,,,,,,0.0,0.15,0.15,2.27,0.0,0.0,4.29,0.0,8.57,35,1,12.0,0.0,0.0,0.0,0.0,0.0,0.0,0.0,0.0,0.0,0.0,0.0,0.0,2.0,390.0,357.0,0.0,0.0,0.0,0.0,0.31000000000000005,0.0,0.29999999999999893,0.0,0.0,0.0,0.0,2.0,2.0
770,Seth,Ridgeon,Ridgeon,a,,,4.5,505,313.0,0.0,779,336.0,0.0,688.0,275.0,0,0,0.0,0,0.0,36,49,0.0,0.0,0.0,-1.0,0.0,762.0,322.0,,,761.0,321.0,755.0,321.0,741.0,317.0,761.0,321.0,,,,,,,,0.0,0.0,0.0,0.0,0.0,0.0,0.0,0.0,0.0,35,0,0.0,0.0,0.0,0.0,0.0,0.0,0.0,0.0,0.0,0.0,0.0,0.0,0.0,0.0,67.0,60.0,0.0,0.0,0.0,0.0,0.0,0.0,0.0,0.0,0.0,0.0,0.0,0.0,0.0
341,Karl,Darlow,Darlow,a,,,4.0,666,40.0,6.7,61,10.0,3.5,95.0,10.0,2,1,-1.0,0,0.0,11123,16651,0.9,14.0,3.5,4.0,2.9,202.0,22.0,,,145.0,20.0,562.0,50.0,531.0,36.0,312.0,20.0,,,,,,,,0.0,0.0,0.0,1.13,2.63,0.21,1.21,1.0,0.0,35,2,90.0,0.0,0.0,0.0,1.0,0.0,0.0,0.0,0.0,0.0,2.0,1.0,0.0,10.0,76918.0,27229.0,0.0,0.0,0.010000000000000002,0.010000000000000002,0.5700000000000003,16.80000000000001,0.0,0.0,1.6999999999999957,0.0,0.0,7.0,0.0
342,Jayden,Bogle,Bogle,a,,,4.4,534,108.0,0.7,234,88.0,4.5,49.0,21.0,5,0,0.0,-1,1.0,1824,7374,1.0,21.4,4.5,5.0,2.8,215.0,84.0,100.0,100.0,149.0,64.0,113.0,28.0,158.0,33.0,140.0,44.0,,,,,,,,0.07,0.1,0.17,1.26,0.0,0.2,1.42,1.03,5.63,35,5,90.0,0.0,1.0,0.0,1.0,0.0,0.0,0.0,0.0,0.0,0.0,1.0,0.0,20.0,10406.0,9934.0,0.0,0.0,0.31000000000000005,0.3100000000000005,0.3500000000000014,30.600000000000023,30.0,4.0,6.5,1.0,3.0,6.0,4.0
343,Pascal,Struijk,Struijk,d,Hip injury - 75% chance of playing,,4.3,585,130.0,2.8,117,44.0,3.2,105.0,42.0,1,0,0.0,-2,2.0,1930,63354,0.7,24.7,2.4,3.7,3.3,147.0,55.0,75.0,100.0,48.0,21.0,224.0,58.0,119.0,22.0,102.0,27.0,,,,,,,,0.1,0.02,0.12,1.27,0.0,0.23,1.42,1.0,9.23,35,1,90.0,0.0,0.0,0.0,1.0,0.0,0.0,0.0,1.0,0.0,0.0,1.0,0.0,2.0,44204.0,72380.0,0.0,0.04999999999999982,0.020000000000000018,0.06999999999999984,0.5700000000000003,0.0,2.5999999999999943,6.0,0.7999999999999972,0.0,0.0,3.0,0.0
344,Jaka,Bijol,Bijol,a,,,3.9,767,220.0,1.1,193,75.0,4.8,38.0,14.0,5,0,0.0,-1,1.0,8092,6205,1.2,21.8,4.8,4.0,3.9,65.0,25.0,100.0,75.0,140.0,60.0,324.0,110.0,134.0,25.0,200.0,69.0,,,,,,,,0.05,0.04,0.09,1.38,0.0,0.22,1.32,0.99,9.88,35,5,90.0,0.0,1.0,0.0,1.0,0.0,0.0,0.0,0.0,0.0,0.0,1.0,0.0,20.0,9130.0,14134.0,0.0,0.0,0.010000000000000009,0.010000000000000009,0.5700000000000003,36.80000000000001,10.799999999999997,4.0,5.200000000000003,1.0,6.0,5.0,7.0
345,Sebastiaan,Bornauw,Bornauw,a,,,3.8,804,243.0,0.1,447,166.0,0.0,399.0,144.0,0,0,0.0,-2,2.0,131,305,0.0,4.5,0.0,0.5,1.9,350.0,127.0,100.0,100.0,400.0,149.0,452.0,162.0,418.0,155.0,429.0,153.0,,,,,,,,0.0,0.0,0.0,1.46,0.0,0.3,1.18,1.18,11.25,35,0,0.0,0.0,0.0,0.0,0.0,0.0,0.0,0.0,0.0,0.0,0.0,0.0,0.0,0.0,181.0,442.0,0.0,0.0,0.0,0.0,0.0,0.0,0.0,0.0,0.0,0.0,0.0,0.0,0.0
348,Joe,Rodon,Rodon,a,,,3.9,763,218.0,2.9,112,40.0,0.5,316.0,104.0,1,0,0.0,-1,1.0,7127,8724,0.1,25.9,0.5,1.0,3.2,158.0,62.0,100.0,100.0,53.0,25.0,289.0,89.0,149.0,30.0,139.0,43.0,,,,,,,,0.04,0.02,0.06,1.4,0.0,0.17,1.64,1.01,8.42,35,1,90.0,0.0,0.0,0.0,1.0,0.0,0.0,0.0,1.0,0.0,0.0,1.0,0.0,7.0,13327.0,15701.0,0.0,0.1200000000000001,0.010000000000000009,0.13000000000000012,0.5700000000000003,11.200000000000045,12.599999999999994,19.0,4.299999999999997,0.0,2.0,3.0,2.0
349,Isaac,Schmidt,Schmidt,u,has joined Werder Bremen on loan for the rest of the season.,,4.0,701,178.0,0.1,561,200.0,0.0,483.0,185.0,0,0,0.0,0,0.0,0,14,0.0,0.0,0.0,0.0,0.0,611.0,223.0,0.0,0.0,599.0,222.0,592.0,222.0,561.0,218.0,601.0,222.0,,,,,,,,0.0,0.0,0.0,0.0,0.0,0.0,0.0,0.0,0.0,35,0,0.0,0.0,0.0,0.0,0.0,0.0,0.0,0.0,0.0,0.0,0.0,0.0,0.0,0.0,0.0,17.0,0.0,0.0,0.0,0.0,0.0,0.0,0.0,0.0,0.0,0.0,0.0,0.0,0.0
350,Brenden,Aaronson,Aaronson,a,,,5.4,163,101.0,1.1,189,66.0,3.2,113.0,39.0,1,0,0.0,-1,1.0,1229,29152,0.6,22.6,3.2,3.7,3.6,112.0,47.0,,,134.0,45.0,64.0,52.0,48.0,28.0,62.0,37.0,,,,,,,,0.17,0.13,0.3,1.29,0.0,0.36,1.17,1.09,8.2,35,1,18.0,0.0,0.0,0.0,0.0,0.0,0.0,0.0,0.0,0.0,0.0,0.0,0.0,8.0,21810.0,33632.0,0.0,0.0,0.0,0.0,0.21999999999999886,4.400000000000034,0.8999999999999773,0.0,0.5,1.0,2.0,3.0,6.0
351,Wilfried,Gnonto,Gnonto,a,,,5.1,237,143.0,0.1,512,186.0,1.8,209.0,92.0,1,0,0.0,-4,4.0,78,165,0.4,5.7,1.8,2.3,1.4,431.0,190.0,100.0,100.0,402.0,177.0,272.0,166.0,336.0,174.0,376.0,177.0,,,,,,,,0.07,0.15,0.22,2.03,0.0,0.2,2.44,0.81,10.36,35,1,1.0,0.0,0.0,0.0,0.0,0.0,0.0,0.0,0.0,0.0,0.0,0.0,0.0,3.0,207.0,202.0,0.0,0.0,0.0,0.0,0.22000000000000064,0.0,0.0,0.0,0.0,0.0,0.0,1.0,1.0
352,Jack,Harrison,Harrison,u,has joined ACF Fiorentina on loan for the rest of the season.,,5.1,230,139.0,0.0,600,226.0,0.0,771.0,337.0,0,0,0.0,-4,4.0,0,17,0.0,2.4,0.0,0.0,1.1,456.0,203.0,0.0,0.0,444.0,195.0,361.0,187.0,361.0,186.0,422.0,192.0,,,,,,,,0.1,0.08,0.18,1.31,0.0,0.0,1.72,0.34,8.24,35,0,0.0,0.0,0.0,0.0,0.0,0.0,0.0,0.0,0.0,0.0,0.0,0.0,0.0,0.0,0.0,22.0,0.0,0.0,0.0,0.0,0.0,0.0,0.0,0.0,0.0,0.0,0.0,0.0,0.0
356,Ilia,Gruev,Gruev,i,Knee injury - Expected back 01 Jun,,4.7,390,242.0,0.1,516,187.0,0.5,326.0,154.0,0,0,0.0,-3,3.0,18,935,0.1,11.9,0.0,0.0,2.4,286.0,119.0,0.0,0.0,297.0,127.0,212.0,137.0,322.0,168.0,313.0,152.0,4.0,,,,,,,0.03,0.06,0.09,1.73,0.0,0.34,1.57,1.02,7.78,35,0,0.0,0.0,0.0,0.0,0.0,0.0,0.0,0.0,0.0,0.0,0.0,0.0,0.0,0.0,22.0,1432.0,0.0,0.0,0.0,0.0,0.0,0.0,0.0,0.0,0.0,0.0,0.0,0.0,0.0
357,Largie,Ramazani,Ramazani,u,has joined Valencia on loan for the rest of the season.,,4.9,319,198.0,0.0,720,298.0,0.0,734.0,308.0,0,0,0.0,-1,1.0,0,3,0.0,0.0,0.0,0.0,0.0,785.0,339.0,0.0,0.0,784.0,338.0,781.0,338.0,778.0,337.0,784.0,338.0,,,,,,,,0.0,0.0,0.0,0.0,0.0,0.0,0.0,0.0,0.0,35,0,0.0,0.0,0.0,0.0,0.0,0.0,0.0,0.0,0.0,0.0,0.0,0.0,0.0,0.0,0.0,4.0,0.0,0.0,0.0,0.0,0.0,0.0,0.0,0.0,0.0,0.0,0.0,0.0,0.0
364,Mateo,Joseph Fernández-Regatillo,Mateo Joseph,u,Has joined RCD Mallorca on loan for the rest of the season.,,5.0,277,56.0,0.0,748,91.0,0.0,763.0,81.0,0,0,0.0,0,0.0,0,1,0.0,0.0,0.0,0.0,0.0,804.0,89.0,0.0,0.0,803.0,89.0,802.0,89.0,798.0,89.0,803.0,89.0,,,,,,,,0.0,0.0,0.0,0.0,0.0,0.0,0.0,0.0,0.0,35,0,0.0,0.0,0.0,0.0,0.0,0.0,0.0,0.0,0.0,0.0,0.0,0.0,0.0,0.0,0.0,1.0,0.0,0.0,0.0,0.0,0.0,0.0,0.0,0.0,0.0,0.0,0.0,0.0,0.0
365,Lukas,Nmecha,Nmecha,a,,,5.0,245,52.0,0.5,260,38.0,0.8,302.0,40.0,1,0,0.0,0,0.0,530,1490,0.2,13.8,0.8,1.3,2.5,274.0,31.0,100.0,100.0,253.0,22.0,283.0,30.0,70.0,26.0,191.0,27.0,,,2.0,,,,,0.67,0.1,0.77,1.75,0.0,0.29,1.96,0.88,4.12,35,1,25.0,0.0,0.0,0.0,1.0,0.0,0.0,0.0,0.0,0.0,0.0,0.0,0.0,4.0,936.0,1975.0,0.0,0.13999999999999968,0.0,0.13999999999999968,0.4800000000000004,3.0,0.0,17.0,2.0,0.0,0.0,0.0,0.0
493,Sean,Longstaff,Longstaff,a,,,4.8,348,219.0,0.2,362,123.0,2.5,150.0,57.0,1,0,0.0,-2,2.0,217,346,0.5,11.2,2.5,3.0,2.6,251.0,101.0,100.0,100.0,238.0,103.0,81.0,60.0,289.0,155.0,189.0,93.0,2.0,2.0,,,,,,0.09,0.16,0.25,1.35,0.0,0.09,1.85,0.93,9.72,35,1,18.0,0.0,0.0,0.0,0.0,0.0,0.0,0.0,0.0,0.0,0.0,0.0,0.0,4.0,519.0,475.0,0.0,0.0,0.10999999999999988,0.11000000000000032,0.22000000000000064,9.800000000000011,24.5,0.0,3.4000000000000057,0.0,3.0,1.0,4.0
660,Anton,Stach,Stach,a,,,4.8,363,226.0,1.9,138,45.0,2.5,151.0,58.0,10,0,0.0,-2,2.0,29184,5750,0.5,27.5,2.5,3.0,4.9,17.0,8.0,100.0,100.0,54.0,14.0,7.0,7.0,98.0,59.0,23.0,19.0,1.0,1.0,,,,,,0.11,0.18,0.29,1.25,0.0,0.24,1.43,1.06,10.24,35,10,71.0,1.0,0.0,0.0,1.0,0.0,0.0,0.0,0.0,0.0,0.0,1.0,3.0,33.0,47672.0,12717.0,0.0,0.2799999999999998,0.07000000000000028,0.34999999999999964,0.34999999999999787,42.799999999999955,37.60000000000002,25.0,10.5,2.0,2.0,2.0,6.0
665,Lucas Estella,Perri,Perri,a,,,4.4,531,26.0,0.3,346,48.0,0.0,579.0,88.0,0,0,0.0,-1,1.0,410,1247,0.0,9.8,0.0,0.5,2.7,232.0,27.0,100.0,100.0,214.0,22.0,665.0,87.0,644.0,77.0,349.0,22.0,,,,,,,,0.0,0.0,0.0,1.67,2.38,0.19,1.81,1.0,0.0,35,0,0.0,0.0,0.0,0.0,0.0,0.0,0.0,0.0,0.0,0.0,0.0,0.0,0.0,0.0,1245.0,1796.0,0.0,0.0,0.0,0.0,0.0,0.0,0.0,0.0,0.0,0.0,0.0,0.0,0.0
691,Dominic,Calvert-Lewin,Calvert-Lewin,a,,,5.8,106,31.0,13.0,28,8.0,4.0,79.0,12.0,6,1,-1.0,3,-3.0,60551,96806,0.7,21.7,4.0,4.5,3.9,74.0,6.0,100.0,100.0,90.0,7.0,150.0,12.0,3.0,3.0,27.0,6.0,,,1.0,,,,,0.52,0.04,0.56,1.07,0.0,0.25,1.16,0.98,3.46,35,6,90.0,1.0,0.0,0.0,1.0,0.0,0.0,0.0,1.0,0.0,0.0,1.0,1.0,27.0,235811.0,112430.0,0.0,0.4499999999999993,0.010000000000000009,0.46000000000000085,0.3500000000000014,28.59999999999991,2.1999999999999886,37.0,6.799999999999983,0.0,0.0,2.0,2.0
698,Noah,Okafor,Okafor,i,Calf injury - Expected back 24 May,,5.6,130,81.0,2.8,115,38.0,10.2,1.0,1.0,10,0,0.0,1,-1.0,94057,62766,1.8,19.5,0.0,8.0,3.9,73.0,34.0,0.0,75.0,142.0,48.0,146.0,97.0,56.0,32.0,93.0,55.0,,,,,,,,0.3,0.08,0.38,1.42,0.0,0.35,1.51,1.1,6.55,35,10,64.0,1.0,0.0,1.0,0.0,0.0,0.0,0.0,0.0,0.0,0.0,1.0,2.0,30.0,141175.0,82765.0,0.0,0.33000000000000007,0.13000000000000012,0.45999999999999996,0.08999999999999986,41.400000000000034,27.30000000000001,26.0,9.5,1.0,1.0,4.0,6.0
706,James,Justin,Justin,a,,,4.0,677,167.0,2.1,135,54.0,5.5,22.0,10.0,2,1,-1.0,0,0.0,11663,15239,1.4,20.8,5.5,6.0,3.2,159.0,63.0,100.0,100.0,157.0,69.0,218.0,56.0,166.0,36.0,185.0,62.0,3.0,,,,,,,0.09,0.06,0.15,1.45,0.0,0.28,1.22,1.0,8.71,35,2,90.0,0.0,0.0,0.0,1.0,0.0,0.0,0.0,0.0,0.0,0.0,1.0,0.0,12.0,67660.0,20512.0,0.0,0.019999999999999796,0.030000000000000027,0.050000000000000266,0.5700000000000003,14.800000000000011,1.799999999999983,13.0,3.0,4.0,2.0,5.0,6.0
741,Harry,Gray,Gray,u,has joined Rotherham United on loan for the rest of the season.,,4.5,495,70.0,0.1,530,73.0,0.0,679.0,71.0,0,0,0.0,0,0.0,0,42,0.0,0.0,0.0,0.0,0.0,754.0,81.0,0.0,0.0,752.0,81.0,746.0,80.0,732.0,80.0,752.0,81.0,,,,,,,,0.0,0.0,0.0,0.0,0.0,0.0,0.0,0.0,0.0,35,0,0.0,0.0,0.0,0.0,0.0,0.0,0.0,0.0,0.0,0.0,0.0,0.0,0.0,0.0,0.0,60.0,0.0,0.0,0.0,0.0,0.0,0.0,0.0,0.0,0.0,0.0,0.0,0.0,0.0
787,Sam,Chambers,Chambers,a,,,4.4,563,338.0,0.0,729,303.0,0.0,599.0,208.0,0,0,0.0,-1,1.0,127,80,0.0,0.0,0.0,0.5,0.0,693.0,268.0,,,685.0,261.0,681.0,264.0,662.0,256.0,687.0,263.0,,,,,,,,0.0,0.0,0.0,0.0,0.0,0.0,0.0,0.0,0.0,35,0,0.0,0.0,0.0,0.0,0.0,0.0,0.0,0.0,0.0,0.0,0.0,0.0,0.0,0.0,166.0,106.0,0.0,0.0,0.0,0.0,0.0,0.0,0.0,0.0,0.0,0.0,0.0,0.0,0.0
366,Alisson,Becker,A.Becker,d,Muscle injury - 25% chance of playing,,5.4,152,4.0,5.2,73,11.0,0.0,786.0,97.0,0,0,0.0,-1,1.0,171,9088,0.0,16.5,0.1,0.0,3.6,111.0,15.0,25.0,50.0,130.0,18.0,498.0,18.0,808.0,96.0,294.0,18.0,,,,,,,,0.0,0.0,0.0,1.12,2.24,0.32,1.2,1.0,0.0,35,0,0.0,0.0,0.0,0.0,0.0,0.0,0.0,0.0,0.0,0.0,0.0,0.0,0.0,0.0,209.0,13203.0,0.0,0.0,0.0,0.0,0.0,0.0,0.0,0.0,0.0,0.0,0.0,0.0,0.0
367,Giorgi,Mamardashvili,Mamardashvili,d,Knee injury - 50% chance of playing,,4.1,659,37.0,0.6,248,32.0,2.5,144.0,13.0,0,0,0.0,-4,4.0,170,3715,0.6,7.6,1.5,0.0,3.9,66.0,5.0,50.0,0.0,283.0,24.0,633.0,80.0,604.0,66.0,385.0,25.0,,,,,,,,0.0,0.0,0.0,1.43,3.54,0.26,1.7,1.05,0.0,35,0,0.0,0.0,0.0,0.0,0.0,0.0,0.0,0.0,0.0,0.0,0.0,0.0,0.0,0.0,194.0,5626.0,0.0,0.0,0.0,0.0,0.0,0.0,0.0,0.0,0.0,0.0,0.0,0.0,0.0
368,Ármin,Pécsi,Pécsi,a,,,3.8,820,97.0,0.9,206,25.0,0.0,412.0,29.0,0,0,0.0,-2,2.0,3089,2452,0.0,0.0,0.5,0.0,0.0,549.0,41.0,,,537.0,41.0,522.0,22.0,490.0,8.0,539.0,41.0,,,,,,,,0.0,0.0,0.0,0.0,0.0,0.0,0.0,0.0,0.0,35,0,0.0,0.0,0.0,0.0,0.0,0.0,0.0,0.0,0.0,0.0,0.0,0.0,0.0,0.0,4035.0,3510.0,0.0,0.0,0.0,0.0,0.0,0.0,0.0,0.0,0.0,0.0,0.0,0.0,0.0
369,Freddie,Woodman,Woodman,a,,,3.9,759,77.0,0.4,291,37.0,1.5,218.0,18.0,2,0,0.0,-1,1.0,6514,1678,0.4,1.5,2.0,1.5,2.0,339.0,33.0,,,395.0,29.0,533.0,31.0,501.0,17.0,436.0,29.0,,,,,,,,0.0,0.0,0.0,2.02,3.82,0.0,1.7,0.85,0.0,35,2,90.0,0.0,0.0,0.0,3.0,0.0,0.0,0.0,0.0,0.0,3.0,1.0,0.0,7.0,8527.0,3675.0,0.0,0.0,0.0,0.0,2.34,29.799999999999997,0.0,0.0,3.0,0.0,2.0,9.0,0.0
370,Jeremie,Frimpong,Frimpong,a,,,5.7,115,10.0,5.0,77,24.0,2.2,174.0,61.0,1,0,0.0,-3,3.0,3206,10404,0.4,10.5,2.7,2.2,3.2,177.0,71.0,100.0,100.0,361.0,137.0,173.0,44.0,216.0,57.0,286.0,93.0,,,,,,,,0.04,0.14,0.18,1.16,0.0,0.49,1.17,1.07,2.82,35,1,74.0,0.0,0.0,0.0,2.0,0.0,0.0,0.0,0.0,0.0,0.0,1.0,0.0,-5.0,3935.0,15907.0,0.0,0.0,0.020000000000000018,0.019999999999999796,2.1799999999999997,0.0,7.699999999999989,12.0,1.8999999999999986,0.0,0.0,2.0,0.0
371,Milos,Kerkez,Kerkez,a,,,5.6,134,14.0,2.9,110,39.0,0.8,309.0,102.0,1,0,0.0,-4,4.0,775,7429,0.1,14.6,1.3,0.6,2.6,258.0,97.0,100.0,75.0,152.0,66.0,76.0,16.0,231.0,61.0,143.0,46.0,,,,,,,,0.06,0.03,0.09,1.19,0.0,0.26,1.4,1.09,5.62,35,1,31.0,0.0,0.0,0.0,1.0,0.0,0.0,0.0,0.0,0.0,0.0,0.0,0.0,0.0,819.0,11988.0,0.0,0.0,0.020000000000000018,0.020000000000000018,0.33999999999999986,5.7999999999999545,15.800000000000011,2.0,2.4000000000000057,1.0,0.0,0.0,1.0
372,Andrew,Robertson,Robertson,a,,,5.7,112,9.0,1.1,194,76.0,4.0,78.0,32.0,0,0,0.0,-3,3.0,2060,1609,0.7,9.3,4.5,4.0,2.3,306.0,112.0,,,278.0,112.0,141.0,38.0,254.0,69.0,241.0,82.0,,,,,,,,0.09,0.1,0.19,1.36,0.0,0.33,1.25,0.83,4.24,35,0,58.0,0.0,0.0,0.0,2.0,0.0,0.0,0.0,0.0,0.0,0.0,1.0,0.0,-4.0,2884.0,2096.0,0.0,0.0,0.010000000000000009,0.010000000000000231,1.9999999999999982,4.400000000000006,1.8000000000000114,0.0,0.6000000000000014,0.0,2.0,2.0,2.0
373,Virgil,van Dijk,Virgil,a,,,6.1,79,3.0,31.0,9,3.0,5.5,25.0,11.0,1,-1,1.0,1,-1.0,29118,181391,0.9,25.7,6.0,5.5,4.5,29.0,12.0,,,3.0,1.0,189.0,49.0,55.0,2.0,31.0,1.0,,,,,,,,0.09,0.04,0.13,1.25,0.0,0.29,1.34,1.0,9.46,35,1,90.0,0.0,0.0,0.0,3.0,0.0,0.0,0.0,0.0,0.0,0.0,1.0,0.0,5.0,40796.0,288529.0,0.0,0.020000000000000018,0.020000000000000018,0.03999999999999915,2.3399999999999963,26.200000000000045,3.0999999999999943,17.0,4.599999999999994,0.0,9.0,4.0,9.0
374,Ibrahima,Konaté,Konaté,a,,,5.5,139,16.0,3.9,96,32.0,3.8,87.0,36.0,1,0,0.0,0,0.0,5637,24338,0.7,22.9,4.3,3.8,3.8,84.0,32.0,100.0,100.0,33.0,12.0,238.0,60.0,281.0,82.0,132.0,40.0,,,,,,,,0.03,0.03,0.06,1.18,0.0,0.32,1.24,1.05,8.92,35,1,86.0,0.0,0.0,0.0,3.0,0.0,0.0,0.0,0.0,0.0,0.0,1.0,0.0,3.0,6723.0,38407.0,0.0,0.0,0.009999999999999898,0.010000000000000009,2.240000000000002,21.600000000000023,2.1999999999999886,0.0,2.3999999999999915,1.0,4.0,1.0,5.0
375,Conor,Bradley,Bradley,i,Knee injury - Expected back 01 Jun,,4.9,331,54.0,0.1,430,160.0,0.0,742.0,255.0,0,0,0.0,-1,1.0,16,66,0.0,8.6,0.0,0.0,2.8,219.0,87.0,0.0,0.0,331.0,125.0,285.0,85.0,325.0,103.0,348.0,117.0,,,,,,,,0.02,0.08,0.1,1.04,0.0,0.39,1.26,1.16,6.3,35,0,0.0,0.0,0.0,0.0,0.0,0.0,0.0,0.0,0.0,0.0,0.0,0.0,0.0,0.0,20.0,76.0,0.0,0.0,0.0,0.0,0.0,0.0,0.0,0.0,0.0,0.0,0.0,0.0,0.0
376,Joe,Gomez,Gomez,a,,,4.9,294,45.0,0.1,420,156.0,0.5,330.0,108.0,0,0,0.0,-1,1.0,89,105,0.1,6.5,1.0,0.5,1.8,378.0,140.0,100.0,100.0,365.0,138.0,325.0,111.0,379.0,131.0,384.0,133.0,,,,,,,,0.04,0.11,0.15,1.4,0.0,0.35,2.1,1.05,7.34,35,0,0.0,0.0,0.0,0.0,0.0,0.0,0.0,0.0,0.0,0.0,0.0,0.0,0.0,0.0,112.0,146.0,0.0,0.0,0.0,0.0,0.0,0.0,0.0,0.0,0.0,0.0,0.0,0.0,0.0
377,Konstantinos,Tsimikas,Tsimikas,u,has joined AS Roma on loan for the rest of the season.,,4.8,352,57.0,0.0,597,214.0,0.0,713.0,252.0,0,0,0.0,-2,2.0,0,4,0.0,0.0,0.0,0.0,0.0,777.0,264.0,0.0,0.0,776.0,264.0,772.0,264.0,764.0,264.0,776.0,264.0,,,,,,,,0.0,0.0,0.0,0.0,0.0,0.0,0.0,0.0,0.0,35,0,0.0,0.0,0.0,0.0,0.0,0.0,0.0,0.0,0.0,0.0,0.0,0.0,0.0,0.0,0.0,5.0,0.0,0.0,0.0,0.0,0.0,0.0,0.0,0.0,0.0,0.0,0.0,0.0,0.0
378,Amara,Nallo,Nallo,a,,,3.7,832,269.0,0.9,204,80.0,0.0,390.0,137.0,0,0,0.0,-3,3.0,689,2670,0.0,0.0,0.5,0.0,0.0,534.0,187.0,100.0,100.0,522.0,186.0,505.0,185.0,472.0,179.0,524.0,186.0,,,,,,,,0.0,0.0,0.0,0.0,0.0,0.0,0.0,0.0,0.0,35,0,0.0,0.0,0.0,0.0,0.0,0.0,0.0,0.0,0.0,0.0,0.0,0.0,0.0,0.0,921.0,3869.0,0.0,0.0,0.0,0.0,0.0,0.0,0.0,0.0,0.0,0.0,0.0,0.0,0.0
380,Calvin,Ramsay,Ramsay,a,,,3.7,826,263.0,0.3,335,121.0,0.0,386.0,133.0,0,0,0.0,-3,3.0,2045,525,0.0,0.0,0.5,0.0,0.0,531.0,184.0,,,519.0,183.0,501.0,181.0,468.0,175.0,521.0,183.0,,,,,,,,0.0,0.0,0.0,0.0,0.0,0.0,0.0,0.0,0.0,35,0,0.0,0.0,0.0,0.0,0.0,0.0,0.0,0.0,0.0,0.0,0.0,0.0,0.0,0.0,2529.0,719.0,0.0,0.0,0.0,0.0,0.0,0.0,0.0,0.0,0.0,0.0,0.0,0.0,0.0
383,Luis,Díaz Marulanda,Luis Díaz,u,Has joined Bayern Munch permanently.,,8.0,17,12.0,0.0,607,231.0,0.0,828.0,372.0,0,0,0.0,0,0.0,0,6,0.0,0.0,0.0,0.0,0.0,831.0,372.0,0.0,0.0,831.0,372.0,831.0,372.0,831.0,372.0,831.0,372.0,,,,,,,,0.0,0.0,0.0,0.0,0.0,0.0,0.0,0.0,0.0,35,0,0.0,0.0,0.0,0.0,0.0,0.0,0.0,0.0,0.0,0.0,0.0,0.0,0.0,0.0,0.0,8.0,0.0,0.0,0.0,0.0,0.0,0.0,0.0,0.0,0.0,0.0,0.0,0.0,0.0
393,Stefan,Bajčetić Maquieira,Bajcetic,i,Hamstring injury - Unknown return date,,4.2,646,372.0,0.2,416,142.0,0.0,542.0,178.0,0,0,0.0,-3,3.0,5236,1262,0.0,0.0,0.0,0.0,0.0,657.0,246.0,0.0,0.0,647.0,236.0,642.0,241.0,617.0,228.0,649.0,238.0,,,,,,,,0.0,0.0,0.0,0.0,0.0,0.0,0.0,0.0,0.0,35,0,0.0,0.0,0.0,0.0,0.0,0.0,0.0,0.0,0.0,0.0,0.0,0.0,0.0,0.0,6839.0,1776.0,0.0,0.0,0.0,0.0,0.0,0.0,0.0,0.0,0.0,0.0,0.0,0.0,0.0
529,Simon,Moore,Moore,a,,,3.9,751,70.0,0.3,311,42.0,0.0,416.0,31.0,0,0,0.0,-1,1.0,88,395,0.0,0.0,-0.5,0.0,0.0,553.0,43.0,100.0,0.0,541.0,43.0,526.0,24.0,494.0,10.0,543.0,43.0,,,,,,,,0.0,0.0,0.0,0.0,0.0,0.0,0.0,0.0,0.0,35,0,0.0,0.0,0.0,0.0,0.0,0.0,0.0,0.0,0.0,0.0,0.0,0.0,0.0,0.0,119.0,619.0,0.0,0.0,0.0,0.0,0.0,0.0,0.0,0.0,0.0,0.0,0.0,0.0,0.0
394,James,McConnell,McConnell,u,has joined Ajax on loan for the rest of the season.,,4.4,549,328.0,0.0,689,275.0,0.0,588.0,200.0,0,0,0.0,-1,1.0,0,3,0.0,0.0,0.0,0.0,0.0,684.0,262.0,0.0,0.0,675.0,254.0,672.0,258.0,651.0,248.0,677.0,256.0,,,,,,,,0.0,0.0,0.0,0.0,0.0,0.0,0.0,0.0,0.0,35,0,0.0,0.0,0.0,0.0,0.0,0.0,0.0,0.0,0.0,0.0,0.0,0.0,0.0,0.0,0.0,5.0,0.0,0.0,0.0,0.0,0.0,0.0,0.0,0.0,0.0,0.0,0.0,0.0,0.0
395,Tyler,Morton,Morton,u,Has joined Lyon permanently.,,4.5,434,257.0,0.0,812,358.0,0.0,626.0,222.0,0,0,0.0,0,0.0,0,0,0.0,0.0,0.0,0.0,0.0,711.0,278.0,0.0,0.0,704.0,272.0,701.0,275.0,684.0,268.0,706.0,274.0,,,,,,,,0.0,0.0,0.0,0.0,0.0,0.0,0.0,0.0,0.0,35,0,0.0,0.0,0.0,0.0,0.0,0.0,0.0,0.0,0.0,0.0,0.0,0.0,0.0,0.0,0.0,0.0,0.0,0.0,0.0,0.0,0.0,0.0,0.0,0.0,0.0,0.0,0.0,0.0,0.0
396,Trey,Nyoni,Nyoni,a,,,4.3,615,363.0,0.3,326,111.0,0.2,356.0,167.0,0,0,0.0,-2,2.0,195,316,0.0,1.2,0.7,0.2,1.0,477.0,208.0,,,497.0,228.0,423.0,210.0,441.0,214.0,479.0,216.0,,,,,,,,2.38,0.06,2.44,2.64,0.0,0.0,6.43,0.0,12.86,35,0,0.0,0.0,0.0,0.0,0.0,0.0,0.0,0.0,0.0,0.0,0.0,0.0,0.0,0.0,272.0,502.0,0.0,0.0,0.0,0.0,0.0,0.0,0.0,0.0,0.0,0.0,0.0,0.0,0.0
397,Darwin,Núñez Ribeiro,Darwin,u,Has joined Al-Hilal permanently.,,6.5,52,18.0,0.1,559,78.0,0.0,823.0,91.0,0,0,0.0,0,0.0,0,2,0.0,0.0,0.0,0.0,0.0,827.0,92.0,0.0,0.0,827.0,92.0,827.0,92.0,827.0,92.0,827.0,92.0,,,,,,,,0.0,0.0,0.0,0.0,0.0,0.0,0.0,0.0,0.0,35,0,0.0,0.0,0.0,0.0,0.0,0.0,0.0,0.0,0.0,0.0,0.0,0.0,0.0,0.0,0.0,3.0,0.0,0.0,0.0,0.0,0.0,0.0,0.0,0.0,0.0,0.0,0.0,0.0,0.0
398,Jayden,Danns,Danns,i,Hamstring injury - Unknown return date,,4.3,604,85.0,0.1,484,69.0,0.0,560.0,57.0,0,0,0.0,-2,2.0,76,67,0.0,0.0,0.0,0.0,0.0,665.0,68.0,0.0,0.0,654.0,67.0,650.0,66.0,627.0,66.0,656.0,67.0,,,,,,,,0.0,0.0,0.0,0.0,0.0,0.0,0.0,0.0,0.0,35,0,0.0,0.0,0.0,0.0,0.0,0.0,0.0,0.0,0.0,0.0,0.0,0.0,0.0,0.0,109.0,93.0,0.0,0.0,0.0,0.0,0.0,0.0,0.0,0.0,0.0,0.0,0.0,0.0,0.0
499,Alexander,Isak,Isak,d,Groin Injury - 75% chance of playing,,10.3,4,2.0,4.0,95,17.0,2.8,141.0,23.0,0,0,0.0,-2,2.0,4498,42841,0.3,3.9,2.5,2.8,3.1,194.0,20.0,75.0,100.0,341.0,35.0,375.0,48.0,188.0,42.0,339.0,42.0,,,,,,,,0.35,0.01,0.36,1.11,0.0,0.13,1.21,1.07,3.76,35,0,0.0,0.0,0.0,0.0,0.0,0.0,0.0,0.0,0.0,0.0,0.0,0.0,0.0,0.0,15697.0,50776.0,0.0,0.0,0.0,0.0,0.0,0.0,0.0,0.0,0.0,0.0,0.0,0.0,0.0
661,Hugo,Ekitiké,Ekitiké,i,Achilles injury - Expected back 01 Jul,,9.0,7,3.0,16.4,18,4.0,0.0,830.0,93.0,0,-1,1.0,5,-5.0,170,94415,0.0,13.9,0.0,0.0,4.5,31.0,5.0,0.0,0.0,100.0,9.0,124.0,8.0,19.0,11.0,39.0,8.0,,,,,,,,0.51,0.12,0.63,1.31,0.0,0.35,1.25,1.05,4.26,35,0,0.0,0.0,0.0,0.0,0.0,0.0,0.0,0.0,0.0,0.0,0.0,0.0,0.0,0.0,191.0,167211.0,0.0,0.0,0.0,0.0,0.0,0.0,0.0,0.0,0.0,0.0,0.0,0.0,0.0
686,Rio,Ngumoha,Ngumoha,a,,,4.3,620,367.0,1.1,186,65.0,3.2,106.0,36.0,1,0,0.0,-2,2.0,13014,6792,0.7,7.7,3.7,3.2,2.1,329.0,143.0,,,342.0,153.0,215.0,139.0,199.0,108.0,291.0,146.0,,,,,,,,0.31,0.5,0.81,1.58,0.0,0.56,1.69,0.56,5.36,35,1,15.0,0.0,0.0,0.0,1.0,0.0,0.0,0.0,0.0,0.0,0.0,0.0,0.0,4.0,17097.0,9639.0,0.0,0.050000000000000044,0.020000000000000018,0.06999999999999984,0.15999999999999925,3.200000000000017,12.299999999999983,6.0,2.1999999999999957,0.0,1.0,0.0,1.0
692,Giovanni,Leoni,Leoni,i,Knee injury - Expected back 01 Sep,,4.9,343,56.0,0.0,724,252.0,0.0,748.0,256.0,0,0,0.0,-1,1.0,16,12,0.0,0.0,0.0,0.0,0.0,795.0,265.0,0.0,0.0,794.0,265.0,791.0,265.0,788.0,265.0,794.0,265.0,,,,,,,,0.0,0.0,0.0,0.0,0.0,0.0,0.0,0.0,0.0,35,0,0.0,0.0,0.0,0.0,0.0,0.0,0.0,0.0,0.0,0.0,0.0,0.0,0.0,0.0,20.0,14.0,0.0,0.0,0.0,0.0,0.0,0.0,0.0,0.0,0.0,0.0,0.0,0.0,0.0
760,Wellity,Lucky,Lucky,a,,,4.0,717,187.0,0.0,680,241.0,0.0,495.0,191.0,0,0,0.0,0,0.0,28,42,0.0,0.0,0.5,0.0,0.0,621.0,228.0,,,610.0,228.0,604.0,228.0,573.0,224.0,612.0,228.0,,,,,,,,0.0,0.0,0.0,0.0,0.0,0.0,0.0,0.0,0.0,35,0,0.0,0.0,0.0,0.0,0.0,0.0,0.0,0.0,0.0,0.0,0.0,0.0,0.0,0.0,39.0,51.0,0.0,0.0,0.0,0.0,0.0,0.0,0.0,0.0,0.0,0.0,0.0,0.0,0.0
832,Talla,Ndiaye,Ndiaye,a,,,4.0,749,215.0,0.0,823,268.0,0.0,526.0,218.0,0,0,0.0,0,0.0,74,5,0.0,0.0,1.9,1.4,0.0,648.0,251.0,,,637.0,251.0,631.0,251.0,602.0,249.0,639.0,251.0,,,,,,,,0.0,0.0,0.0,0.0,0.0,0.0,0.0,0.0,0.0,35,0,0.0,0.0,0.0,0.0,0.0,0.0,0.0,0.0,0.0,0.0,0.0,0.0,0.0,0.0,74.0,5.0,0.0,0.0,0.0,0.0,0.0,0.0,0.0,0.0,0.0,0.0,0.0,0.0,0.0
82,Antoine,Semenyo,Semenyo,a,,,8.1,15,10.0,48.7,2,1.0,2.2,180.0,80.0,2,-1,1.0,11,-11.0,108522,289794,0.3,22.6,5.4,2.7,5.5,6.0,3.0,100.0,100.0,13.0,3.0,39.0,35.0,5.0,1.0,5.0,3.0,,4.0,,,,,,0.33,0.08,0.41,1.41,0.0,0.31,1.55,1.02,6.9,35,2,74.0,0.0,0.0,0.0,2.0,0.0,0.0,0.0,0.0,0.0,0.0,1.0,0.0,8.0,158358.0,419143.0,0.0,0.120000000000001,0.07000000000000028,0.19000000000000128,1.6099999999999994,11.200000000000045,14.300000000000068,18.0,4.400000000000006,2.0,1.0,2.0,5.0
182,James,Trafford,Trafford,a,,,4.5,432,24.0,0.9,201,24.0,0.0,624.0,91.0,0,0,0.0,-5,5.0,155,355,0.0,2.4,1.0,0.5,3.7,91.0,10.0,,,381.0,28.0,699.0,90.0,682.0,80.0,424.0,28.0,,,,,,,,0.0,0.0,0.0,1.32,3.67,0.33,1.33,1.0,0.0,35,0,0.0,0.0,0.0,0.0,0.0,0.0,0.0,0.0,0.0,0.0,0.0,0.0,0.0,0.0,186.0,420.0,0.0,0.0,0.0,0.0,0.0,0.0,0.0,0.0,0.0,0.0,0.0,0.0,0.0
260,Marc,Guéhi,Guéhi,a,,,5.1,229,34.0,32.7,7,2.0,6.8,11.0,3.0,4,0,0.0,6,-6.0,79570,69514,1.3,31.8,14.6,7.3,5.1,10.0,2.0,100.0,100.0,11.0,5.0,135.0,35.0,74.0,4.0,44.0,6.0,,,,,,,,0.12,0.07,0.19,1.3,0.0,0.38,1.06,1.0,8.06,35,4,90.0,0.0,1.0,0.0,3.0,0.0,0.0,0.0,0.0,0.0,0.0,1.0,0.0,15.0,104068.0,110395.0,0.0,0.06000000000000005,0.04999999999999982,0.10999999999999943,2.770000000000003,46.80000000000007,27.80000000000001,9.0,8.400000000000006,1.0,7.0,3.0,8.0
399,Ederson,Santana de Moraes,Ederson M.,u,has joined Fenerbache permanently.,,5.3,180,5.0,0.8,216,27.0,0.0,779.0,96.0,0,0,0.0,-2,2.0,0,90,0.0,0.0,0.0,0.0,0.0,809.0,97.0,0.0,0.0,808.0,97.0,808.0,97.0,806.0,95.0,808.0,97.0,,,,,,,,0.0,0.0,0.0,0.0,0.0,0.0,0.0,0.0,0.0,35,0,0.0,0.0,0.0,0.0,0.0,0.0,0.0,0.0,0.0,0.0,0.0,0.0,0.0,0.0,0.0,109.0,0.0,0.0,0.0,0.0,0.0,0.0,0.0,0.0,0.0,0.0,0.0,0.0,0.0
402,Rayan,Aït-Nouri,Aït-Nouri,a,,,5.7,116,11.0,4.1,92,30.0,2.2,175.0,62.0,0,0,0.0,-3,3.0,3403,8870,0.4,9.3,5.4,2.7,3.5,129.0,46.0,100.0,100.0,305.0,119.0,198.0,52.0,313.0,95.0,309.0,105.0,,,,,,,,0.05,0.18,0.23,1.16,0.0,0.41,0.83,1.14,6.43,35,0,0.0,0.0,0.0,0.0,0.0,0.0,0.0,0.0,0.0,0.0,0.0,0.0,0.0,0.0,4369.0,11180.0,0.0,0.0,0.0,0.0,0.0,0.0,0.0,0.0,0.0,0.0,0.0,0.0,0.0
403,Joško,Gvardiol,Gvardiol,d,Lack of match fitness - 75% chance of playing,,5.8,109,7.0,3.2,105,36.0,0.0,810.0,266.0,0,0,0.0,-2,2.0,124,1365,0.0,13.3,0.8,0.0,4.8,23.0,7.0,75.0,0.0,192.0,79.0,286.0,86.0,176.0,42.0,232.0,81.0,,,,,,,,0.15,0.04,0.19,1.06,0.0,0.42,0.9,1.04,6.85,35,0,0.0,0.0,0.0,0.0,0.0,0.0,0.0,0.0,0.0,0.0,0.0,0.0,0.0,0.0,135.0,1658.0,0.0,0.0,0.0,0.0,0.0,0.0,0.0,0.0,0.0,0.0,0.0,0.0,0.0
405,Nathan,Aké,Aké,a,,,5.2,202,28.0,0.6,247,95.0,0.2,376.0,129.0,0,0,0.0,-3,3.0,186,352,0.0,5.4,1.4,0.7,1.9,355.0,130.0,,,377.0,140.0,297.0,94.0,381.0,132.0,383.0,132.0,,,,,,,,0.05,0.08,0.13,1.46,0.0,0.37,1.29,0.74,7.19,35,0,0.0,0.0,0.0,0.0,0.0,0.0,0.0,0.0,0.0,0.0,0.0,0.0,0.0,0.0,257.0,423.0,0.0,0.0,0.0,0.0,0.0,0.0,0.0,0.0,0.0,0.0,0.0,0.0,0.0
418,Jérémy,Doku,Doku,a,,,6.5,51,33.0,4.5,86,29.0,7.8,3.0,3.0,15,1,-1.0,0,0.0,232498,2639,1.2,16.2,16.6,8.3,4.0,62.0,29.0,100.0,100.0,132.0,43.0,16.0,15.0,41.0,23.0,30.0,24.0,,,3.0,,,,,0.14,0.3,0.44,1.22,0.0,0.4,0.98,0.98,6.85,35,15,90.0,2.0,0.0,0.0,3.0,0.0,0.0,0.0,0.0,0.0,0.0,1.0,3.0,68.0,241177.0,3997.0,0.0,0.11000000000000032,0.2699999999999996,0.3799999999999999,2.7699999999999996,87.40000000000003,52.5,46.0,18.599999999999994,2.0,1.0,5.0,8.0
425,Claudio,Echeverri,Echeverri,u,has joined Girona on loan for the rest of the season.,,5.4,178,112.0,0.0,749,317.0,0.0,799.0,354.0,0,0,0.0,-1,1.0,0,0,0.0,0.0,0.0,0.0,0.0,818.0,363.0,0.0,0.0,817.0,362.0,817.0,362.0,816.0,362.0,817.0,362.0,,,,,,,,0.0,0.0,0.0,0.0,0.0,0.0,0.0,0.0,0.0,35,0,0.0,0.0,0.0,0.0,0.0,0.0,0.0,0.0,0.0,0.0,0.0,0.0,0.0,0.0,0.0,1.0,0.0,0.0,0.0,0.0,0.0,0.0,0.0,0.0,0.0,0.0,0.0,0.0,0.0
427,Tijjani,Reijnders,Reijnders,a,,,5.0,257,156.0,9.0,47,15.0,0.0,754.0,323.0,0,0,0.0,-5,5.0,1177,6692,0.0,17.2,1.0,0.5,3.3,153.0,63.0,,,203.0,83.0,105.0,74.0,72.0,43.0,108.0,63.0,4.0,3.0,,,,,,0.24,0.14,0.38,1.05,0.0,0.42,0.97,1.03,5.75,35,0,0.0,0.0,0.0,0.0,0.0,0.0,0.0,0.0,0.0,0.0,0.0,0.0,0.0,0.0,1474.0,9065.0,0.0,0.0,0.0,0.0,0.0,0.0,0.0,0.0,0.0,0.0,0.0,0.0,0.0
428,Sverre,Nypan,Nypan,a,,,5.0,278,172.0,0.0,710,289.0,0.0,764.0,331.0,0,0,0.0,0,0.0,5,8,0.0,0.0,1.0,0.5,0.0,805.0,354.0,100.0,100.0,804.0,353.0,803.0,353.0,799.0,352.0,804.0,353.0,,,,,,,,0.0,0.0,0.0,0.0,0.0,0.0,0.0,0.0,0.0,35,0,0.0,0.0,0.0,0.0,0.0,0.0,0.0,0.0,0.0,0.0,0.0,0.0,0.0,0.0,5.0,10.0,0.0,0.0,0.0,0.0,0.0,0.0,0.0,0.0,0.0,0.0,0.0,0.0,0.0
429,Kalvin,Phillips,Phillips,u,has joined Sheffield United on loan for the rest of the season.,,4.7,378,236.0,0.1,567,211.0,0.0,705.0,287.0,0,0,0.0,-3,3.0,0,14,0.0,0.0,0.0,0.0,0.0,774.0,331.0,0.0,0.0,773.0,330.0,769.0,330.0,758.0,327.0,773.0,330.0,,,,,,,,0.0,0.0,0.0,0.0,0.0,0.0,0.0,0.0,0.0,35,0,0.0,0.0,0.0,0.0,0.0,0.0,0.0,0.0,0.0,0.0,0.0,0.0,0.0,0.0,0.0,15.0,0.0,0.0,0.0,0.0,0.0,0.0,0.0,0.0,0.0,0.0,0.0,0.0,0.0
430,Erling,Haaland,Haaland,a,,,14.7,1,1.0,63.9,1,1.0,5.5,27.0,7.0,7,1,-1.0,7,-7.0,334348,6789,0.4,14.9,12.0,6.0,6.6,3.0,1.0,100.0,100.0,2.0,1.0,143.0,10.0,1.0,1.0,2.0,1.0,,,1.0,,,,,0.78,0.07,0.85,1.18,0.0,0.39,1.01,1.04,3.18,35,7,90.0,1.0,0.0,0.0,3.0,0.0,0.0,0.0,0.0,0.0,0.0,1.0,1.0,32.0,496503.0,10856.0,0.0,0.5300000000000011,0.010000000000000231,0.5399999999999991,2.769999999999996,33.40000000000009,1.3000000000000114,29.0,6.400000000000034,0.0,0.0,0.0,0.0
736,Gianluigi,Donnarumma,Donnarumma,a,,,5.6,126,3.0,9.3,42,8.0,4.0,76.0,8.0,1,0,0.0,1,-1.0,40000,23948,0.7,21.4,9.0,4.5,3.9,72.0,8.0,,,63.0,13.0,429.0,7.0,463.0,4.0,244.0,13.0,,,,,,,,0.0,0.0,0.0,1.15,2.32,0.42,0.9,1.0,0.0,35,1,90.0,0.0,0.0,0.0,3.0,0.0,0.0,0.0,1.0,0.0,3.0,1.0,0.0,3.0,48855.0,33154.0,0.0,0.0,0.13,0.13,2.770000000000003,22.600000000000023,10.3,2.0,3.5,0.0,1.0,9.0,0.0
739,Divine,Mukasa,Mukasa,u,has joined Leicester City on loan for the rest of the season.,,4.4,570,343.0,0.0,700,283.0,0.0,605.0,212.0,0,0,0.0,-1,1.0,0,8,0.0,0.5,0.0,0.0,1.0,483.0,214.0,0.0,0.0,487.0,221.0,395.0,198.0,442.0,215.0,467.0,209.0,,,,,,,,0.0,0.76,0.76,1.22,0.0,0.0,0.0,0.0,3.6,35,0,0.0,0.0,0.0,0.0,0.0,0.0,0.0,0.0,0.0,0.0,0.0,0.0,0.0,0.0,0.0,9.0,0.0,0.0,0.0,0.0,0.0,0.0,0.0,0.0,0.0,0.0,0.0,0.0,0.0
740,Stephen,Mfuni,Mfuni,u,has joined Watford on loan for the rest of the season.,,3.9,787,229.0,0.0,629,225.0,0.0,445.0,167.0,0,0,0.0,-1,1.0,0,11,0.0,0.0,0.0,0.0,0.0,578.0,208.0,0.0,0.0,566.0,207.0,555.0,207.0,523.0,202.0,568.0,207.0,,,,,,,,0.0,0.0,0.0,0.0,0.0,0.0,0.0,0.0,0.0,35,0,0.0,0.0,0.0,0.0,0.0,0.0,0.0,0.0,0.0,0.0,0.0,0.0,0.0,0.0,0.0,13.0,0.0,0.0,0.0,0.0,0.0,0.0,0.0,0.0,0.0,0.0,0.0,0.0,0.0
763,Charlie,Gray,Gray,a,,,4.5,457,274.0,0.0,782,338.0,0.0,644.0,238.0,0,0,0.0,0,0.0,17,18,0.0,0.0,1.0,0.5,0.0,727.0,293.0,,,721.0,288.0,717.0,290.0,700.0,283.0,722.0,289.0,,,,,,,,0.0,0.0,0.0,0.0,0.0,0.0,0.0,0.0,0.0,35,0,0.0,0.0,0.0,0.0,0.0,0.0,0.0,0.0,0.0,0.0,0.0,0.0,0.0,0.0,23.0,24.0,0.0,0.0,0.0,0.0,0.0,0.0,0.0,0.0,0.0,0.0,0.0,0.0,0.0
431,Altay,Bayındır,Bayindir,a,,,4.7,387,18.0,0.3,318,44.0,0.0,708.0,94.0,0,0,0.0,-3,3.0,236,224,0.0,2.3,0.5,0.0,1.8,374.0,36.0,,,366.0,26.0,437.0,14.0,761.0,86.0,413.0,26.0,,,,,,,,0.0,0.01,0.01,1.54,2.17,0.0,1.83,1.0,0.0,35,0,0.0,0.0,0.0,0.0,0.0,0.0,0.0,0.0,0.0,0.0,0.0,0.0,0.0,0.0,263.0,303.0,0.0,0.0,0.0,0.0,0.0,0.0,0.0,0.0,0.0,0.0,0.0,0.0,0.0
432,André,Onana,Onana,u,has joined Trabzonspor on loan for the rest of the season.,,4.9,299,11.0,0.1,433,62.0,0.0,724.0,95.0,0,0,0.0,-1,1.0,0,16,0.0,0.0,0.0,0.0,0.0,781.0,96.0,0.0,0.0,780.0,96.0,777.0,94.0,774.0,92.0,780.0,96.0,,,,,,,,0.0,0.0,0.0,0.0,0.0,0.0,0.0,0.0,0.0,35,0,0.0,0.0,0.0,0.0,0.0,0.0,0.0,0.0,0.0,0.0,0.0,0.0,0.0,0.0,0.0,19.0,0.0,0.0,0.0,0.0,0.0,0.0,0.0,0.0,0.0,0.0,0.0,0.0,0.0
433,Elyh,Harrison,Harrison,u,On loan to Shrewsbury Town,,4.0,730,67.0,0.0,819,97.0,0.0,508.0,79.0,0,0,0.0,0,0.0,0,1,0.0,0.0,0.0,0.0,0.0,633.0,87.0,0.0,0.0,622.0,87.0,616.0,77.0,586.0,63.0,624.0,87.0,,,,,,,,0.0,0.0,0.0,0.0,0.0,0.0,0.0,0.0,0.0,35,0,0.0,0.0,0.0,0.0,0.0,0.0,0.0,0.0,0.0,0.0,0.0,0.0,0.0,0.0,0.0,1.0,0.0,0.0,0.0,0.0,0.0,0.0,0.0,0.0,0.0,0.0,0.0,0.0,0.0
439,Diego,León Blanco,D.Leon,a,,,4.1,663,161.0,0.1,569,202.0,0.0,530.0,221.0,0,0,0.0,-4,4.0,38,29,0.0,0.0,0.5,0.0,0.0,650.0,252.0,,,639.0,252.0,634.0,252.0,605.0,250.0,641.0,252.0,,,,,,,,0.0,0.0,0.0,0.0,0.0,0.0,0.0,0.0,0.0,35,0,0.0,0.0,0.0,0.0,0.0,0.0,0.0,0.0,0.0,0.0,0.0,0.0,0.0,0.0,47.0,39.0,0.0,0.0,0.0,0.0,0.0,0.0,0.0,0.0,0.0,0.0,0.0,0.0,0.0
440,Diogo,Dalot Teixeira,Dalot,a,,,4.5,422,82.0,4.1,93,31.0,3.0,118.0,46.0,1,-1,1.0,0,0.0,8884,20227,0.7,24.4,3.5,3.0,3.3,149.0,57.0,100.0,100.0,106.0,47.0,67.0,13.0,169.0,39.0,96.0,24.0,,,,,,,,0.06,0.09,0.15,1.24,0.0,0.25,1.36,1.0,6.18,35,1,90.0,0.0,0.0,0.0,2.0,0.0,0.0,0.0,0.0,0.0,0.0,1.0,0.0,5.0,10572.0,38797.0,0.0,0.05999999999999983,0.020000000000000018,0.07999999999999963,0.8900000000000006,11.199999999999989,2.8999999999999773,6.0,2.0,1.0,4.0,3.0,5.0
441,Patrick,Dorgu,Dorgu,a,,,4.1,661,159.0,2.4,130,51.0,0.2,351.0,115.0,1,0,0.0,-4,4.0,6451,2716,0.0,18.3,0.7,0.2,3.3,144.0,52.0,100.0,100.0,163.0,71.0,97.0,23.0,117.0,20.0,120.0,35.0,,,,,,,,0.13,0.1,0.23,1.26,0.0,0.2,1.34,0.94,6.36,35,1,15.0,0.0,0.0,0.0,0.0,0.0,0.0,0.0,0.0,0.0,0.0,0.0,0.0,1.0,7474.0,5411.0,0.0,0.029999999999999805,0.0,0.03000000000000025,0.08999999999999986,0.0,0.2999999999999545,5.0,0.29999999999999716,0.0,0.0,1.0,0.0
442,Harry,Maguire,Maguire,a,,,4.4,525,102.0,1.3,169,67.0,2.0,185.0,65.0,1,0,0.0,-1,1.0,7259,3443,0.5,16.1,2.5,2.0,3.5,122.0,42.0,100.0,100.0,222.0,87.0,360.0,128.0,194.0,48.0,271.0,87.0,,,,,,,,0.07,0.03,0.1,1.24,0.0,0.33,1.17,1.04,7.77,35,1,90.0,0.0,0.0,0.0,2.0,0.0,0.0,0.0,0.0,0.0,0.0,1.0,0.0,6.0,9858.0,5984.0,0.0,0.15000000000000002,0.0,0.1499999999999999,0.8900000000000006,18.599999999999966,0.8000000000000043,7.0,2.6000000000000014,3.0,6.0,2.0,9.0
443,Luke,Shaw,Shaw,a,,,4.5,413,76.0,0.8,210,84.0,4.5,50.0,22.0,2,0,0.0,0,0.0,4727,3917,1.0,21.1,5.0,3.4,2.7,235.0,92.0,100.0,75.0,112.0,51.0,128.0,33.0,301.0,90.0,157.0,54.0,,,,,,,,0.02,0.05,0.07,1.25,0.0,0.24,1.31,1.06,6.36,35,2,90.0,0.0,0.0,0.0,2.0,0.0,0.0,0.0,1.0,0.0,0.0,1.0,0.0,9.0,4801.0,8251.0,0.0,0.0,0.21999999999999997,0.21999999999999975,0.8900000000000006,23.80000000000001,10.300000000000011,2.0,3.5999999999999943,4.0,10.0,4.0,14.0
444,Leny,Yoro,Yoro,a,,,4.1,660,158.0,1.2,176,69.0,1.2,241.0,82.0,1,0,0.0,-4,4.0,352,1667,0.3,13.4,1.7,1.2,1.8,366.0,134.0,100.0,100.0,217.0,85.0,312.0,101.0,250.0,66.0,275.0,88.0,,,,,,,,0.07,0.03,0.1,1.39,0.0,0.11,1.73,0.95,7.98,35,1,1.0,0.0,0.0,0.0,0.0,0.0,0.0,0.0,0.0,0.0,0.0,0.0,0.0,3.0,476.0,2407.0,0.0,0.0,0.0,0.0,0.0,0.0,0.0,0.0,0.0,0.0,0.0,0.0,0.0
445,Harry,Amass,Amass,u,has joined Norwich City on loan for the rest of the season.,,4.0,727,195.0,0.1,548,193.0,0.0,505.0,199.0,0,0,0.0,0,0.0,0,10,0.0,0.0,0.0,0.0,0.0,630.0,235.0,0.0,0.0,619.0,235.0,613.0,235.0,583.0,232.0,621.0,235.0,,,,,,,,0.0,0.0,0.0,0.0,0.0,0.0,0.0,0.0,0.0,35,0,0.0,0.0,0.0,0.0,0.0,0.0,0.0,0.0,0.0,0.0,0.0,0.0,0.0,0.0,0.0,16.0,0.0,0.0,0.0,0.0,0.0,0.0,0.0,0.0,0.0,0.0,0.0,0.0,0.0
446,Tyler,Fredricson,Fredricson,a,,,3.7,828,265.0,0.2,414,154.0,0.0,388.0,135.0,0,0,0.0,-3,3.0,355,210,0.0,0.3,0.5,0.0,1.0,459.0,165.0,,,488.0,174.0,503.0,183.0,470.0,177.0,504.0,177.0,,,,,,,,0.0,0.0,0.0,13.5,0.0,0.0,0.0,0.0,90.0,35,0,0.0,0.0,0.0,0.0,0.0,0.0,0.0,0.0,0.0,0.0,0.0,0.0,0.0,0.0,471.0,299.0,0.0,0.0,0.0,0.0,0.0,0.0,0.0,0.0,0.0,0.0,0.0,0.0,0.0
447,Ayden,Heaven,Heaven,a,,,3.7,831,268.0,2.6,122,48.0,3.5,94.0,37.0,1,0,0.0,-3,3.0,26349,6710,0.9,11.4,4.0,3.5,2.5,264.0,98.0,100.0,100.0,270.0,109.0,389.0,139.0,376.0,128.0,364.0,124.0,,,,,,,,0.03,0.02,0.05,1.17,0.0,0.2,1.47,1.08,9.1,35,1,90.0,0.0,0.0,0.0,2.0,0.0,0.0,0.0,0.0,0.0,0.0,1.0,0.0,10.0,35685.0,11235.0,0.0,0.0,0.0,0.0,0.8899999999999988,12.599999999999994,3.6999999999999993,0.0,1.6000000000000014,3.0,3.0,4.0,6.0
448,Tyrell,Malacia,Malacia,a,,,3.7,825,262.0,0.5,266,102.0,0.0,385.0,132.0,0,0,0.0,-3,3.0,5107,1523,0.0,0.5,0.5,0.0,1.0,458.0,164.0,,,491.0,175.0,484.0,175.0,467.0,174.0,503.0,176.0,,,,,,,,0.0,0.0,0.0,4.5,0.0,0.0,12.86,0.0,25.71,35,0,0.0,0.0,0.0,0.0,0.0,0.0,0.0,0.0,0.0,0.0,0.0,0.0,0.0,0.0,6488.0,2033.0,0.0,0.0,0.0,0.0,0.0,0.0,0.0,0.0,0.0,0.0,0.0,0.0,0.0
449,Bruno,Borges Fernandes,B.Fernandes,a,,,10.4,3,2.0,47.4,3,2.0,5.0,37.0,13.0,5,0,0.0,14,-14.0,84578,57046,0.5,20.1,5.5,5.0,6.5,4.0,1.0,100.0,100.0,1.0,1.0,1.0,1.0,34.0,18.0,1.0,1.0,1.0,1.0,1.0,,,,,0.34,0.36,0.7,1.3,0.0,0.16,1.42,1.03,8.63,35,5,90.0,0.0,1.0,0.0,2.0,0.0,0.0,0.0,1.0,0.0,0.0,1.0,1.0,30.0,130055.0,75753.0,0.0,0.10999999999999943,0.9099999999999984,1.0199999999999996,0.8900000000000006,16.399999999999864,71.29999999999995,29.0,11.700000000000045,0.0,3.0,5.0,8.0
450,Matheus,Santos Carneiro da Cunha,Cunha,a,,,8.1,14,9.0,8.1,53,18.0,3.8,93.0,30.0,7,0,0.0,1,-1.0,57806,43846,0.5,16.3,4.3,2.8,4.3,42.0,20.0,100.0,75.0,61.0,17.0,54.0,46.0,20.0,9.0,24.0,20.0,,,,,,,,0.24,0.11,0.35,1.27,0.0,0.27,1.28,1.05,7.59,35,7,86.0,1.0,0.0,0.0,2.0,0.0,0.0,0.0,0.0,0.0,0.0,1.0,0.0,28.0,58584.0,115455.0,0.0,0.08999999999999986,0.020000000000000018,0.10999999999999943,0.8900000000000041,37.0,5.300000000000011,30.0,7.199999999999989,1.0,3.0,5.0,9.0
451,Marcus,Rashford,Rashford,u,Has joined Barcelona on loan for the rest of the season,,7.0,35,20.0,0.0,715,294.0,0.0,827.0,371.0,0,0,0.0,0,0.0,0,1,0.0,0.0,0.0,0.0,0.0,830.0,371.0,0.0,0.0,830.0,371.0,830.0,371.0,830.0,371.0,830.0,371.0,,,,,,,,0.0,0.0,0.0,0.0,0.0,0.0,0.0,0.0,0.0,35,0,0.0,0.0,0.0,0.0,0.0,0.0,0.0,0.0,0.0,0.0,0.0,0.0,0.0,0.0,0.0,3.0,0.0,0.0,0.0,0.0,0.0,0.0,0.0,0.0,0.0,0.0,0.0,0.0,0.0
452,Amad,Diallo,Amad,a,,,6.2,77,51.0,1.3,170,58.0,1.2,254.0,117.0,1,0,0.0,-3,3.0,1648,4928,0.2,12.7,1.7,1.2,2.7,246.0,99.0,100.0,100.0,165.0,59.0,36.0,33.0,40.0,22.0,49.0,32.0,3.0,,,,,,,0.22,0.15,0.37,1.2,0.0,0.17,1.34,1.04,7.9,35,1,45.0,0.0,0.0,0.0,2.0,0.0,0.0,0.0,0.0,0.0,0.0,0.0,0.0,4.0,2257.0,6868.0,0.0,0.0,0.03000000000000025,0.02999999999999936,0.7300000000000004,0.0,11.299999999999955,2.0,1.3000000000000114,1.0,0.0,0.0,1.0
579,Son,Heung-min,Son,u,has joined Los Angeles FC permanently.,,8.5,10,5.0,0.1,456,156.0,0.0,829.0,373.0,0,0,0.0,0,0.0,0,10,0.0,0.0,0.0,0.0,0.0,832.0,373.0,0.0,0.0,832.0,373.0,832.0,373.0,832.0,373.0,832.0,373.0,,,,,,,,0.0,0.0,0.0,0.0,0.0,0.0,0.0,0.0,0.0,35,0,0.0,0.0,0.0,0.0,0.0,0.0,0.0,0.0,0.0,0.0,0.0,0.0,0.0,0.0,0.0,13.0,0.0,0.0,0.0,0.0,0.0,0.0,0.0,0.0,0.0,0.0,0.0,0.0,0.0
454,Antony,dos Santos,Antony,u,has joined Real Betis permanently.,,5.9,98,64.0,0.1,574,215.0,0.0,813.0,362.0,0,0,0.0,-1,1.0,0,6,0.0,0.0,0.0,0.0,0.0,823.0,367.0,0.0,0.0,823.0,367.0,823.0,367.0,822.0,367.0,823.0,367.0,,,,,,,,0.0,0.0,0.0,0.0,0.0,0.0,0.0,0.0,0.0,35,0,0.0,0.0,0.0,0.0,0.0,0.0,0.0,0.0,0.0,0.0,0.0,0.0,0.0,0.0,0.0,6.0,0.0,0.0,0.0,0.0,0.0,0.0,0.0,0.0,0.0,0.0,0.0,0.0,0.0
455,Mason,Mount,Mount,a,,,5.9,92,60.0,0.3,337,114.0,0.2,380.0,175.0,0,0,0.0,-1,1.0,161,186,0.0,8.1,0.7,0.2,2.4,293.0,124.0,100.0,100.0,320.0,141.0,188.0,123.0,208.0,111.0,274.0,139.0,,,,,,,,0.17,0.15,0.32,1.12,0.0,0.32,1.61,1.07,7.52,35,0,0.0,0.0,0.0,0.0,0.0,0.0,0.0,0.0,0.0,0.0,0.0,0.0,0.0,0.0,191.0,223.0,0.0,0.0,0.0,0.0,0.0,0.0,0.0,0.0,0.0,0.0,0.0,0.0,0.0
457,Carlos Henrique,Casimiro,Casemiro,a,,,5.8,101,66.0,5.2,74,26.0,7.5,5.0,4.0,4,0,0.0,3,-3.0,94303,21723,1.3,28.3,8.0,7.5,5.0,12.0,6.0,100.0,100.0,8.0,2.0,48.0,43.0,32.0,16.0,17.0,13.0,,,,,,,,0.19,0.11,0.3,1.09,0.0,0.32,1.08,1.15,12.66,35,4,90.0,0.0,0.0,0.0,2.0,0.0,0.0,0.0,0.0,0.0,0.0,1.0,0.0,17.0,144463.0,30367.0,0.0,0.17999999999999972,0.029999999999999805,0.20999999999999908,0.889999999999997,36.799999999999955,24.0,19.0,8.0,4.0,8.0,6.0,18.0
459,Manuel,Ugarte Ribeiro,Ugarte,a,,,4.7,386,240.0,0.1,432,148.0,1.0,266.0,122.0,0,0,0.0,-3,3.0,75,172,0.2,8.1,1.5,1.0,1.7,398.0,172.0,,,322.0,142.0,309.0,173.0,340.0,176.0,360.0,171.0,,,,,,,,0.07,0.02,0.09,1.87,0.0,0.1,2.36,0.82,14.59,35,0,0.0,0.0,0.0,0.0,0.0,0.0,0.0,0.0,0.0,0.0,0.0,0.0,0.0,0.0,103.0,251.0,0.0,0.0,0.0,0.0,0.0,0.0,0.0,0.0,0.0,0.0,0.0,0.0,0.0
460,Toby,Collyer,Collyer,u,has joined Hull City on loan for the rest of the season.,,4.5,447,266.0,0.0,667,267.0,0.0,635.0,230.0,0,0,0.0,0,0.0,0,7,0.0,0.0,0.0,0.0,0.0,720.0,286.0,0.0,0.0,713.0,280.0,710.0,283.0,693.0,276.0,715.0,282.0,,,,,,,,0.0,0.0,0.0,0.0,0.0,0.0,0.0,0.0,0.0,35,0,0.0,0.0,0.0,0.0,0.0,0.0,0.0,0.0,0.0,0.0,0.0,0.0,0.0,0.0,0.0,7.0,0.0,0.0,0.0,0.0,0.0,0.0,0.0,0.0,0.0,0.0,0.0,0.0,0.0
461,Jayce,Fitzgerald,Fitzgerald,a,,,4.3,612,361.0,0.0,603,229.0,0.0,566.0,189.0,0,0,0.0,-2,2.0,72,36,0.0,0.0,0.5,0.0,0.0,669.0,253.0,,,658.0,243.0,655.0,248.0,632.0,237.0,660.0,245.0,,,,,,,,0.0,0.0,0.0,0.0,0.0,0.0,0.0,0.0,0.0,35,0,0.0,0.0,0.0,0.0,0.0,0.0,0.0,0.0,0.0,0.0,0.0,0.0,0.0,0.0,96.0,49.0,0.0,0.0,0.0,0.0,0.0,0.0,0.0,0.0,0.0,0.0,0.0,0.0,0.0
462,Jack,Fletcher,J.Fletcher,a,,,4.3,609,358.0,0.1,535,198.0,0.0,563.0,186.0,0,0,0.0,-2,2.0,84,124,0.0,0.7,0.5,0.0,1.0,475.0,207.0,,,461.0,204.0,399.0,202.0,438.0,212.0,461.0,206.0,,,,,,,,0.03,0.02,0.05,1.56,0.0,0.0,0.0,0.0,9.25,35,0,0.0,0.0,0.0,0.0,0.0,0.0,0.0,0.0,0.0,0.0,0.0,0.0,0.0,0.0,112.0,179.0,0.0,0.0,0.0,0.0,0.0,0.0,0.0,0.0,0.0,0.0,0.0,0.0,0.0
463,Sékou,Koné,Kone,u,has joined Lausanne-Sport on loan for the rest of the season.,,4.3,621,368.0,0.1,531,195.0,0.0,572.0,193.0,0,0,0.0,-2,2.0,0,28,0.0,0.0,0.0,0.0,0.0,674.0,257.0,0.0,0.0,663.0,247.0,660.0,252.0,637.0,241.0,665.0,249.0,,,,,,,,0.0,0.0,0.0,0.0,0.0,0.0,0.0,0.0,0.0,35,0,0.0,0.0,0.0,0.0,0.0,0.0,0.0,0.0,0.0,0.0,0.0,0.0,0.0,0.0,0.0,41.0,0.0,0.0,0.0,0.0,0.0,0.0,0.0,0.0,0.0,0.0,0.0,0.0,0.0
466,Joshua,Zirkzee,Zirkzee,a,,,5.8,108,32.0,0.4,285,45.0,0.5,340.0,45.0,1,0,0.0,-2,2.0,478,369,0.1,6.7,1.0,0.5,1.9,361.0,42.0,100.0,100.0,333.0,34.0,220.0,23.0,172.0,40.0,282.0,32.0,,,,,,,,0.38,0.06,0.44,1.34,0.0,0.17,1.39,0.7,6.96,35,1,3.0,0.0,0.0,0.0,0.0,0.0,0.0,0.0,0.0,0.0,0.0,0.0,0.0,3.0,505.0,482.0,0.0,0.0,0.0,0.0,0.0,0.5999999999999943,0.09999999999999432,0.0,0.10000000000000142,0.0,0.0,1.0,1.0
467,Chido,Obi,Obi,a,,,4.2,649,90.0,1.4,167,24.0,0.0,544.0,54.0,0,0,0.0,-3,3.0,440,1430,0.0,0.0,0.5,0.0,0.0,658.0,66.0,,,648.0,65.0,643.0,64.0,618.0,64.0,650.0,65.0,,,,,,,,0.0,0.0,0.0,0.0,0.0,0.0,0.0,0.0,0.0,35,0,0.0,0.0,0.0,0.0,0.0,0.0,0.0,0.0,0.0,0.0,0.0,0.0,0.0,0.0,551.0,2290.0,0.0,0.0,0.0,0.0,0.0,0.0,0.0,0.0,0.0,0.0,0.0,0.0,0.0
468,Ethan,Wheatley,Wheatley,u,has joined Bradford City on loan for the rest of the season.,,4.5,480,67.0,0.1,520,70.0,0.0,665.0,69.0,0,0,0.0,0,0.0,0,17,0.0,0.0,0.0,0.0,0.0,744.0,79.0,0.0,0.0,740.0,78.0,735.0,77.0,720.0,77.0,741.0,78.0,,,,,,,,0.0,0.0,0.0,0.0,0.0,0.0,0.0,0.0,0.0,35,0,0.0,0.0,0.0,0.0,0.0,0.0,0.0,0.0,0.0,0.0,0.0,0.0,0.0,0.0,0.0,19.0,0.0,0.0,0.0,0.0,0.0,0.0,0.0,0.0,0.0,0.0,0.0,0.0,0.0
681,Benjamin,Sesko,Šeško,d,Shin injury - 75% chance of playing,,7.3,29,11.0,5.7,69,14.0,4.2,71.0,11.0,5,0,0.0,-2,2.0,24176,60423,0.6,15.2,3.5,4.2,3.7,105.0,10.0,75.0,100.0,124.0,13.0,227.0,25.0,8.0,6.0,54.0,13.0,,,,,,,,0.51,0.02,0.53,1.49,0.0,0.11,1.66,0.94,3.53,35,5,45.0,1.0,0.0,0.0,0.0,0.0,0.0,0.0,0.0,0.0,0.0,1.0,0.0,22.0,33312.0,73636.0,0.0,1.2500000000000009,0.010000000000000009,1.2599999999999998,0.15000000000000213,34.400000000000034,1.299999999999983,57.0,9.300000000000011,0.0,0.0,1.0,1.0
733,Senne,Lammens,Lammens,a,,,5.1,235,8.0,3.2,104,17.0,4.2,67.0,7.0,2,0,0.0,1,-1.0,17619,8646,0.8,18.2,4.7,4.2,3.2,171.0,21.0,,,83.0,15.0,807.0,96.0,460.0,2.0,264.0,16.0,,,,,,,,0.0,0.0,0.0,1.22,2.45,0.21,1.28,1.0,0.0,35,2,90.0,0.0,0.0,0.0,2.0,0.0,0.0,0.0,0.0,0.0,3.0,1.0,0.0,4.0,20767.0,14252.0,0.0,0.0,0.0,0.0,0.8900000000000006,15.200000000000045,0.0,0.0,1.5,0.0,1.0,7.0,0.0
755,Shea,Lacey,Lacey,a,,,4.5,483,295.0,0.0,733,306.0,0.0,668.0,258.0,0,0,0.0,0,0.0,72,48,0.0,0.4,0.5,0.0,1.0,491.0,221.0,100.0,100.0,489.0,222.0,476.0,228.0,417.0,206.0,484.0,220.0,,,,,,,,0.52,0.0,0.52,0.82,0.0,0.0,0.0,0.0,7.5,35,0,0.0,0.0,0.0,0.0,0.0,0.0,0.0,0.0,0.0,0.0,0.0,0.0,0.0,0.0,89.0,61.0,0.0,0.0,0.0,0.0,0.0,0.0,0.0,0.0,0.0,0.0,0.0,0.0,0.0
769,Bendito,Mantato,Bendito Mantato,a,,,4.5,482,294.0,0.0,783,339.0,0.0,667.0,257.0,0,0,0.0,0,0.0,12,9,0.0,0.2,0.5,0.0,1.0,490.0,220.0,,,499.0,229.0,425.0,211.0,722.0,302.0,489.0,224.0,,,,,,,,0.0,0.06,0.06,0.3,0.0,0.0,0.0,0.0,0.0,35,0,0.0,0.0,0.0,0.0,0.0,0.0,0.0,0.0,0.0,0.0,0.0,0.0,0.0,0.0,14.0,14.0,0.0,0.0,0.0,0.0,0.0,0.0,0.0,0.0,0.0,0.0,0.0,0.0,0.0
771,Tyler,Fletcher,Fletcher,a,,,4.4,553,332.0,0.0,739,310.0,0.0,592.0,204.0,0,0,0.0,-1,1.0,49,50,0.0,0.2,0.5,0.0,1.0,480.0,211.0,,,513.0,233.0,480.0,230.0,655.0,252.0,516.0,235.0,,,,,,,,0.0,0.9,0.9,1.8,0.0,0.0,0.0,0.0,0.0,35,0,0.0,0.0,0.0,0.0,0.0,0.0,0.0,0.0,0.0,0.0,0.0,0.0,0.0,0.0,61.0,72.0,0.0,0.0,0.0,0.0,0.0,0.0,0.0,0.0,0.0,0.0,0.0,0.0,0.0
788,Godwill,Kukonki,Kukonki,a,,,4.0,726,194.0,0.0,723,251.0,0.0,504.0,198.0,0,0,0.0,0,0.0,23,19,0.0,0.0,0.5,0.0,0.0,629.0,234.0,,,618.0,234.0,612.0,234.0,582.0,231.0,620.0,234.0,,,,,,,,0.0,0.0,0.0,0.0,0.0,0.0,0.0,0.0,0.0,35,0,0.0,0.0,0.0,0.0,0.0,0.0,0.0,0.0,0.0,0.0,0.0,0.0,0.0,0.0,28.0,26.0,0.0,0.0,0.0,0.0,0.0,0.0,0.0,0.0,0.0,0.0,0.0,0.0,0.0
52,Jacob,Ramsey,J.Ramsey,a,,,5.3,186,118.0,0.2,360,121.0,1.5,229.0,102.0,1,0,0.0,-2,2.0,181,744,0.3,8.5,1.5,1.0,1.8,386.0,165.0,100.0,100.0,273.0,114.0,145.0,96.0,219.0,117.0,229.0,110.0,,,,,,,,0.08,0.07,0.15,1.75,0.0,0.07,1.97,0.95,8.69,35,1,1.0,0.0,0.0,0.0,0.0,0.0,0.0,0.0,0.0,0.0,0.0,0.0,0.0,4.0,372.0,979.0,0.0,0.0,0.0,0.0,0.0,1.0,0.5,2.0,0.4000000000000057,0.0,0.0,0.0,0.0
135,Yoane,Wissa,Wissa,a,,,7.3,24,9.0,0.6,253,36.0,1.2,258.0,37.0,3,0,0.0,-2,2.0,957,857,0.2,3.4,1.2,0.7,1.6,411.0,49.0,100.0,100.0,420.0,49.0,380.0,51.0,209.0,44.0,378.0,49.0,,,,,,,,0.6,0.1,0.7,1.69,0.0,0.19,1.73,0.77,3.84,35,3,22.0,0.0,1.0,0.0,0.0,0.0,0.0,0.0,1.0,0.0,0.0,0.0,0.0,5.0,1181.0,1128.0,0.0,0.6200000000000001,0.0,0.6200000000000001,0.5200000000000014,0.0,0.0,8.0,0.6000000000000014,1.0,0.0,0.0,1.0
469,Nick,Pope,Pope,a,,,5.0,243,9.0,4.2,90,16.0,1.2,248.0,19.0,3,0,0.0,0,0.0,3197,4627,0.2,17.4,1.2,0.7,3.6,110.0,14.0,100.0,100.0,85.0,16.0,792.0,95.0,360.0,1.0,255.0,14.0,,,,,,,,0.01,0.0,0.01,1.22,3.06,0.29,1.43,1.01,0.0,35,3,90.0,0.0,0.0,0.0,1.0,0.0,0.0,0.0,0.0,0.0,3.0,1.0,0.0,15.0,5301.0,6945.0,0.0,0.0,0.0,0.0,1.5300000000000011,25.800000000000068,0.0,0.0,2.6000000000000014,0.0,1.0,13.0,0.0
471,Mark,Gillespie,Gillespie,a,,,3.9,753,72.0,0.1,446,64.0,0.0,417.0,32.0,0,0,0.0,-1,1.0,76,90,0.0,0.0,0.0,-0.5,0.0,554.0,44.0,,,542.0,44.0,528.0,26.0,496.0,12.0,544.0,44.0,,,,,,,,0.0,0.0,0.0,0.0,0.0,0.0,0.0,0.0,0.0,35,0,0.0,0.0,0.0,0.0,0.0,0.0,0.0,0.0,0.0,0.0,0.0,0.0,0.0,0.0,121.0,127.0,0.0,0.0,0.0,0.0,0.0,0.0,0.0,0.0,0.0,0.0,0.0,0.0,0.0
472,Odysseas,Vlachodimos,Odysseas,u,Has joined Sevilla on loan for the rest of the season.,,4.0,673,45.0,0.0,726,84.0,0.0,458.0,57.0,0,0,0.0,0,0.0,0,3,0.0,0.0,0.0,0.0,0.0,588.0,67.0,0.0,0.0,576.0,67.0,568.0,55.0,537.0,41.0,578.0,67.0,,,,,,,,0.0,0.0,0.0,0.0,0.0,0.0,0.0,0.0,0.0,35,0,0.0,0.0,0.0,0.0,0.0,0.0,0.0,0.0,0.0,0.0,0.0,0.0,0.0,0.0,0.0,9.0,0.0,0.0,0.0,0.0,0.0,0.0,0.0,0.0,0.0,0.0,0.0,0.0,0.0
473,Lewis,Hall,Hall,a,,,5.3,196,25.0,3.4,101,34.0,0.8,304.0,100.0,1,-1,1.0,-2,2.0,4736,32331,0.2,14.2,0.8,0.3,2.8,226.0,88.0,100.0,100.0,115.0,53.0,85.0,20.0,213.0,56.0,117.0,32.0,2.0,1.0,,,,,,0.04,0.12,0.16,1.6,0.0,0.19,1.65,0.99,7.27,35,1,22.0,0.0,0.0,0.0,0.0,0.0,0.0,0.0,0.0,0.0,0.0,0.0,0.0,9.0,7048.0,46767.0,0.0,0.0,0.029999999999999805,0.029999999999999805,0.519999999999996,8.399999999999977,14.5,2.0,2.5,0.0,1.0,1.0,1.0
474,Fabian,Schär,Schär,i,Ankle injury - Expected back 24 May,,5.2,201,27.0,1.1,185,72.0,0.0,775.0,259.0,0,0,0.0,-3,3.0,20,449,0.0,9.8,0.0,0.0,3.2,173.0,69.0,0.0,0.0,233.0,91.0,339.0,116.0,269.0,76.0,297.0,98.0,,4.0,,,,,,0.08,0.05,0.13,1.14,0.0,0.33,1.07,0.91,9.5,35,0,0.0,0.0,0.0,0.0,0.0,0.0,0.0,0.0,0.0,0.0,0.0,0.0,0.0,0.0,33.0,578.0,0.0,0.0,0.0,0.0,0.0,0.0,0.0,0.0,0.0,0.0,0.0,0.0,0.0
478,Kieran,Trippier,Trippier,a,,,4.9,284,43.0,1.4,166,66.0,0.2,371.0,127.0,0,0,0.0,-1,1.0,534,1807,0.0,10.4,0.2,-0.3,2.7,237.0,94.0,100.0,100.0,246.0,98.0,57.0,9.0,406.0,149.0,199.0,68.0,4.0,2.0,,,,,,0.0,0.12,0.12,1.22,0.0,0.3,1.56,1.02,4.68,35,0,0.0,0.0,0.0,0.0,0.0,0.0,0.0,0.0,0.0,0.0,0.0,0.0,0.0,0.0,746.0,2268.0,0.0,0.0,0.0,0.0,0.0,0.0,0.0,0.0,0.0,0.0,0.0,0.0,0.0
479,Emil,Krafth,Krafth,i,Knee injury - Unknown return date,,4.3,577,123.0,0.0,628,224.0,0.0,547.0,228.0,0,0,0.0,-2,2.0,12,19,0.0,0.0,0.0,0.0,0.0,660.0,254.0,0.0,0.0,503.0,179.0,479.0,174.0,620.0,253.0,508.0,178.0,,,,,,,,0.0,0.0,0.0,0.5,0.0,0.0,4.0,2.0,2.0,35,0,0.0,0.0,0.0,0.0,0.0,0.0,0.0,0.0,0.0,0.0,0.0,0.0,0.0,0.0,19.0,25.0,0.0,0.0,0.0,0.0,0.0,0.0,0.0,0.0,0.0,0.0,0.0,0.0,0.0
480,Jamaal,Lascelles,Lascelles,u,has joined Leicester City permanently.,,4.3,575,121.0,0.0,596,213.0,0.0,546.0,227.0,0,0,0.0,-2,2.0,0,11,0.0,0.2,0.0,0.0,0.5,527.0,181.0,0.0,0.0,470.0,171.0,645.0,254.0,430.0,164.0,481.0,171.0,,,,,,,,0.19,0.0,0.19,2.61,0.0,0.0,9.47,0.0,23.68,35,0,0.0,0.0,0.0,0.0,0.0,0.0,0.0,0.0,0.0,0.0,0.0,0.0,0.0,0.0,0.0,13.0,0.0,0.0,0.0,0.0,0.0,0.0,0.0,0.0,0.0,0.0,0.0,0.0,0.0
481,Alex,Murphy,A.Murphy,a,,,3.8,815,253.0,0.7,237,90.0,0.0,409.0,153.0,0,0,0.0,-2,2.0,418,684,0.0,0.3,0.0,-0.5,1.0,461.0,166.0,,,498.0,177.0,519.0,196.0,486.0,190.0,511.0,179.0,,,,,,,,0.0,0.0,0.0,24.3,0.0,0.0,90.0,0.0,90.0,35,0,0.0,0.0,0.0,0.0,0.0,0.0,0.0,0.0,0.0,0.0,0.0,0.0,0.0,0.0,518.0,939.0,0.0,0.0,0.0,0.0,0.0,0.0,0.0,0.0,0.0,0.0,0.0,0.0,0.0
482,Harrison,Ashby,Ashby,u,has joined Bradford City on loan for the rest of the season.,,3.9,768,221.0,0.1,468,172.0,0.0,429.0,161.0,0,0,0.0,-1,1.0,0,45,0.0,0.0,0.0,0.0,0.0,563.0,203.0,0.0,0.0,551.0,202.0,539.0,202.0,507.0,197.0,553.0,202.0,,,,,,,,0.0,0.0,0.0,0.0,0.0,0.0,0.0,0.0,0.0,35,0,0.0,0.0,0.0,0.0,0.0,0.0,0.0,0.0,0.0,0.0,0.0,0.0,0.0,0.0,0.0,61.0,0.0,0.0,0.0,0.0,0.0,0.0,0.0,0.0,0.0,0.0,0.0,0.0,0.0
484,Matt,Targett,Targett,u,has joined Middlesbrough on loan for the rest of the season.,,4.0,676,166.0,0.1,436,162.0,0.0,460.0,175.0,0,0,0.0,0,0.0,0,32,0.0,0.0,0.0,0.0,0.0,590.0,214.0,0.0,0.0,578.0,213.0,570.0,213.0,539.0,209.0,580.0,213.0,,,,,,,,0.0,0.0,0.0,0.0,0.0,0.0,0.0,0.0,0.0,35,0,0.0,0.0,0.0,0.0,0.0,0.0,0.0,0.0,0.0,0.0,0.0,0.0,0.0,0.0,0.0,42.0,0.0,0.0,0.0,0.0,0.0,0.0,0.0,0.0,0.0,0.0,0.0,0.0,0.0
485,Anthony,Gordon,Gordon,a,,,7.3,27,17.0,3.6,99,34.0,0.8,313.0,146.0,0,-1,1.0,-2,2.0,5792,53066,0.1,13.8,0.8,0.2,3.9,76.0,36.0,100.0,75.0,169.0,62.0,73.0,57.0,42.0,24.0,66.0,40.0,,,1.0,,,,,0.44,0.17,0.61,1.24,0.0,0.4,1.5,1.2,4.56,35,0,0.0,0.0,0.0,0.0,0.0,0.0,0.0,0.0,0.0,0.0,0.0,0.0,0.0,0.0,6422.0,118495.0,0.0,0.0,0.0,0.0,0.0,0.0,0.0,0.0,0.0,0.0,0.0,0.0,0.0
486,Anthony,Elanga,Elanga,a,,,6.5,54,35.0,2.6,120,39.0,1.0,283.0,136.0,0,0,0.0,-5,5.0,707,3219,0.2,7.1,1.0,0.5,1.5,423.0,184.0,100.0,100.0,353.0,159.0,152.0,101.0,192.0,103.0,262.0,130.0,5.0,,,,,,,0.1,0.12,0.22,1.45,0.0,0.14,1.91,0.99,3.82,35,0,0.0,0.0,0.0,0.0,0.0,0.0,0.0,0.0,0.0,0.0,0.0,0.0,0.0,0.0,1176.0,4120.0,0.0,0.0,0.0,0.0,0.0,0.0,0.0,0.0,0.0,0.0,0.0,0.0,0.0
487,Harvey,Barnes,Barnes,a,,,6.1,82,53.0,1.0,196,69.0,2.5,158.0,64.0,6,0,0.0,-4,4.0,3060,4977,0.4,15.2,2.5,2.0,2.7,244.0,97.0,,,199.0,80.0,108.0,76.0,27.0,12.0,72.0,45.0,,,,,,,,0.32,0.12,0.44,1.42,0.0,0.25,1.4,0.9,4.84,35,6,22.0,1.0,0.0,0.0,0.0,0.0,0.0,0.0,0.0,0.0,0.0,0.0,0.0,23.0,4566.0,7516.0,0.0,0.2600000000000007,0.010000000000000231,0.2699999999999996,0.5199999999999996,33.0,1.0,19.0,5.300000000000011,0.0,0.0,1.0,1.0
496,Garang,Kuol,Kuol,u,has joined Sparta Prague permanently.,,4.4,562,337.0,0.0,641,247.0,0.0,598.0,207.0,0,0,0.0,-1,1.0,0,6,0.0,0.0,0.0,0.0,0.0,692.0,267.0,0.0,0.0,684.0,260.0,680.0,263.0,661.0,255.0,686.0,262.0,,,,,,,,0.0,0.0,0.0,0.0,0.0,0.0,0.0,0.0,0.0,35,0,0.0,0.0,0.0,0.0,0.0,0.0,0.0,0.0,0.0,0.0,0.0,0.0,0.0,0.0,0.0,8.0,0.0,0.0,0.0,0.0,0.0,0.0,0.0,0.0,0.0,0.0,0.0,0.0,0.0
497,Lewis,Miley,L.Miley,i,Leg injury - Expected back 01 Jul,,4.4,560,336.0,1.9,141,46.0,3.5,98.0,31.0,2,0,0.0,-1,1.0,6944,11685,0.8,16.4,0.0,3.0,3.1,185.0,71.0,0.0,100.0,197.0,78.0,158.0,105.0,234.0,128.0,209.0,99.0,,,,,,,,0.08,0.13,0.21,1.28,0.0,0.12,1.33,0.9,9.34,35,2,90.0,0.0,0.0,0.0,1.0,0.0,0.0,0.0,0.0,0.0,0.0,1.0,0.0,9.0,14302.0,14824.0,0.0,0.0,0.03000000000000025,0.029999999999999805,1.5299999999999976,17.80000000000001,5.300000000000011,0.0,2.299999999999997,1.0,7.0,0.0,8.0
498,Joe,White,White,u,has joined Bradford City on loan for the rest of the season.,,4.5,441,262.0,0.0,781,337.0,0.0,632.0,227.0,0,0,0.0,0,0.0,0,0,0.0,0.0,0.0,0.0,0.0,717.0,283.0,0.0,0.0,710.0,277.0,707.0,280.0,690.0,273.0,712.0,279.0,,,,,,,,0.0,0.0,0.0,0.0,0.0,0.0,0.0,0.0,0.0,35,0,0.0,0.0,0.0,0.0,0.0,0.0,0.0,0.0,0.0,0.0,0.0,0.0,0.0,0.0,0.0,0.0,0.0,0.0,0.0,0.0,0.0,0.0,0.0,0.0,0.0,0.0,0.0,0.0,0.0
500,William,Osula,Osula,a,,,5.4,177,42.0,0.8,211,31.0,7.0,7.0,1.0,9,0,0.0,-1,1.0,37131,5380,1.3,10.9,7.0,6.5,2.8,227.0,24.0,100.0,100.0,306.0,31.0,327.0,40.0,157.0,37.0,295.0,34.0,,,,,,,,0.43,0.07,0.5,1.81,0.0,0.15,1.84,0.77,3.69,35,9,67.0,1.0,0.0,0.0,1.0,0.0,0.0,0.0,0.0,0.0,0.0,1.0,3.0,27.0,42716.0,8524.0,0.0,0.7799999999999998,0.31000000000000005,1.0899999999999999,1.0099999999999998,33.0,14.299999999999997,46.0,9.300000000000004,0.0,0.0,0.0,0.0
674,Aaron,Ramsdale,Ramsdale,a,,,4.8,358,14.0,0.8,222,29.0,0.5,327.0,24.0,0,0,0.0,-2,2.0,680,2580,0.1,5.2,0.5,0.0,2.1,332.0,31.0,,,285.0,25.0,438.0,15.0,767.0,89.0,382.0,24.0,,,,,,,,0.0,0.0,0.0,1.69,2.24,0.09,1.53,0.99,0.0,35,0,0.0,0.0,0.0,0.0,0.0,0.0,0.0,0.0,0.0,0.0,0.0,0.0,0.0,0.0,842.0,3707.0,0.0,0.0,0.0,0.0,0.0,0.0,0.0,0.0,0.0,0.0,0.0,0.0,0.0
684,Malick,Thiaw,Thiaw,a,,,4.9,327,53.0,4.9,81,25.0,1.8,206.0,73.0,2,-1,1.0,-1,1.0,4544,51595,0.4,24.7,1.8,1.3,3.8,82.0,31.0,,,16.0,6.0,278.0,82.0,62.0,3.0,65.0,12.0,,,,,,,,0.16,0.03,0.19,1.52,0.0,0.17,1.6,1.0,9.09,35,2,90.0,0.0,0.0,0.0,1.0,0.0,0.0,0.0,0.0,0.0,0.0,1.0,0.0,9.0,9058.0,90510.0,0.0,0.8199999999999998,0.0,0.8200000000000003,1.5300000000000011,29.200000000000045,0.09999999999999432,33.0,6.200000000000017,1.0,8.0,5.0,9.0
689,Seung-Soo,Park,Seung soo,a,,,4.3,622,369.0,0.5,275,93.0,0.0,573.0,194.0,0,0,0.0,-2,2.0,902,1264,0.0,0.0,0.0,-0.5,0.0,675.0,258.0,,,664.0,248.0,661.0,253.0,638.0,242.0,666.0,250.0,,,,,,,,0.0,0.0,0.0,0.0,0.0,0.0,0.0,0.0,0.0,35,0,0.0,0.0,0.0,0.0,0.0,0.0,0.0,0.0,0.0,0.0,0.0,0.0,0.0,0.0,1154.0,1646.0,0.0,0.0,0.0,0.0,0.0,0.0,0.0,0.0,0.0,0.0,0.0,0.0,0.0
714,Nick,Woltemade,Woltemade,a,,,6.7,47,17.0,6.4,63,11.0,0.8,311.0,42.0,0,0,0.0,-3,3.0,1776,12053,0.1,14.3,0.8,0.3,3.2,180.0,18.0,100.0,100.0,170.0,17.0,174.0,15.0,73.0,27.0,128.0,19.0,,,3.0,,,,,0.34,0.07,0.41,1.23,0.0,0.37,1.44,1.12,5.02,35,0,0.0,0.0,0.0,0.0,0.0,0.0,0.0,0.0,0.0,0.0,0.0,0.0,0.0,0.0,2771.0,15527.0,0.0,0.0,0.0,0.0,0.0,0.0,0.0,0.0,0.0,0.0,0.0,0.0,0.0
765,Leo,Shahar,Shahar,a,,,4.0,723,191.0,0.0,639,229.0,0.0,501.0,195.0,0,0,0.0,0,0.0,96,98,0.0,0.0,0.0,-0.5,0.0,626.0,231.0,,,615.0,231.0,609.0,231.0,579.0,228.0,617.0,231.0,,,,,,,,0.0,0.0,0.0,0.0,0.0,0.0,0.0,0.0,0.0,35,0,0.0,0.0,0.0,0.0,0.0,0.0,0.0,0.0,0.0,0.0,0.0,0.0,0.0,0.0,128.0,115.0,0.0,0.0,0.0,0.0,0.0,0.0,0.0,0.0,0.0,0.0,0.0,0.0,0.0
772,Sam,Alabi,Alabi,a,,,4.5,516,320.0,0.0,772,330.0,0.0,695.0,280.0,0,0,0.0,0,0.0,26,29,0.0,0.0,0.0,-0.5,0.0,769.0,327.0,,,768.0,326.0,762.0,326.0,748.0,322.0,768.0,326.0,,,,,,,,0.0,0.0,0.0,0.0,0.0,0.0,0.0,0.0,0.0,35,0,0.0,0.0,0.0,0.0,0.0,0.0,0.0,0.0,0.0,0.0,0.0,0.0,0.0,0.0,53.0,36.0,0.0,0.0,0.0,0.0,0.0,0.0,0.0,0.0,0.0,0.0,0.0,0.0,0.0
12,Oleksandr,Zinchenko,Zinchenko,u,has joined Ajax permanently.,,4.9,301,46.0,0.2,369,134.0,0.0,726.0,253.0,0,0,0.0,-1,1.0,0,53,0.0,1.4,0.0,0.0,1.4,430.0,154.0,0.0,0.0,397.0,147.0,310.0,100.0,390.0,137.0,394.0,140.0,,,,,,,,0.02,0.09,0.11,1.28,0.0,0.0,1.53,1.02,6.14,35,0,0.0,0.0,0.0,0.0,0.0,0.0,0.0,0.0,0.0,0.0,0.0,0.0,0.0,0.0,0.0,63.0,0.0,0.0,0.0,0.0,0.0,0.0,0.0,0.0,0.0,0.0,0.0,0.0,0.0
400,Stefan,Ortega Moreno,Ortega Moreno,a,,,4.7,376,16.0,0.2,386,56.0,0.0,704.0,92.0,0,0,0.0,-3,3.0,452,388,0.0,2.3,0.0,0.0,3.7,92.0,11.0,100.0,100.0,405.0,31.0,768.0,92.0,757.0,84.0,445.0,31.0,,,,,,,,0.0,0.0,0.0,1.55,2.67,0.33,1.33,1.0,0.0,35,0,0.0,0.0,0.0,0.0,0.0,0.0,0.0,0.0,0.0,0.0,0.0,0.0,0.0,0.0,572.0,573.0,0.0,0.0,0.0,0.0,0.0,0.0,0.0,0.0,0.0,0.0,0.0,0.0,0.0
426,James,McAtee,McAtee,a,,,5.0,256,155.0,0.1,503,183.0,0.5,332.0,156.0,2,0,0.0,-5,5.0,124,62,0.1,2.2,0.5,0.5,1.0,507.0,232.0,,,445.0,196.0,347.0,185.0,373.0,191.0,421.0,191.0,,,5.0,,,,,0.04,0.09,0.13,2.17,0.0,0.0,3.08,0.68,8.21,35,2,90.0,0.0,0.0,0.0,1.0,0.0,0.0,0.0,0.0,0.0,0.0,1.0,0.0,6.0,137.0,86.0,0.0,0.11,0.09000000000000002,0.2,2.1499999999999995,12.2,11.799999999999997,17.0,4.1,1.0,5.0,5.0,11.0
502,Matz,Sels,Sels,a,,,4.6,396,19.0,5.0,79,13.0,5.0,32.0,2.0,8,0,0.0,-4,4.0,10132,3550,1.1,21.1,5.0,5.0,3.5,124.0,16.0,100.0,100.0,55.0,12.0,435.0,12.0,754.0,81.0,238.0,12.0,,,,,,,,0.0,0.0,0.0,1.43,3.08,0.26,1.28,1.01,0.0,35,8,90.0,0.0,0.0,0.0,1.0,0.0,1.0,0.0,0.0,0.0,4.0,1.0,0.0,24.0,11649.0,6601.0,0.0,0.0,0.0,0.0,2.1499999999999986,52.60000000000002,0.0,0.0,5.299999999999997,0.0,2.0,6.0,0.0
503,Carlos Miguel,dos Santos Pereira,C.Miguel,u,Has joined Palmeiras permanently.,,4.0,696,56.0,0.1,562,77.0,0.0,478.0,68.0,0,0,0.0,0,0.0,0,21,0.0,0.0,0.0,0.0,0.0,606.0,77.0,0.0,0.0,594.0,77.0,587.0,66.0,556.0,52.0,596.0,77.0,,,,,,,,0.0,0.0,0.0,0.0,0.0,0.0,0.0,0.0,0.0,35,0,0.0,0.0,0.0,0.0,0.0,0.0,0.0,0.0,0.0,0.0,0.0,0.0,0.0,0.0,0.0,31.0,0.0,0.0,0.0,0.0,0.0,0.0,0.0,0.0,0.0,0.0,0.0,0.0,0.0
504,Matt,Turner,Turner,u,Has joined Lyon permanently.,,4.0,681,47.0,0.1,537,76.0,0.0,464.0,59.0,0,0,0.0,0,0.0,0,32,0.0,0.0,0.0,0.0,0.0,593.0,68.0,0.0,0.0,581.0,68.0,574.0,57.0,543.0,43.0,583.0,68.0,,,,,,,,0.0,0.0,0.0,0.0,0.0,0.0,0.0,0.0,0.0,35,0,0.0,0.0,0.0,0.0,0.0,0.0,0.0,0.0,0.0,0.0,0.0,0.0,0.0,0.0,0.0,38.0,0.0,0.0,0.0,0.0,0.0,0.0,0.0,0.0,0.0,0.0,0.0,0.0,0.0
505,Nikola,Milenković,Milenković,a,,,5.1,231,35.0,3.3,102,35.0,4.0,75.0,31.0,1,0,0.0,-4,4.0,3331,6692,0.8,22.0,4.0,4.0,3.2,170.0,68.0,,,60.0,28.0,371.0,134.0,268.0,75.0,190.0,65.0,,,,,,,,0.02,0.01,0.03,1.39,0.0,0.26,1.33,0.99,8.35,35,1,45.0,0.0,0.0,0.0,1.0,0.0,0.0,0.0,0.0,0.0,0.0,0.0,0.0,0.0,4987.0,9418.0,0.0,0.0,0.0,0.0,1.019999999999996,6.800000000000068,0.10000000000000142,0.0,0.7000000000000028,0.0,3.0,0.0,3.0
506,Murillo,Costa dos Santos,Murillo,d,Muscle injury - 50% chance of playing,,5.2,220,32.0,1.8,144,57.0,0.0,777.0,260.0,0,0,0.0,-3,3.0,100,7148,0.0,16.0,0.0,0.0,3.3,154.0,60.0,50.0,75.0,91.0,40.0,274.0,79.0,298.0,88.0,202.0,71.0,,2.0,,,,,,0.03,0.02,0.05,1.39,0.0,0.25,1.23,1.06,9.42,35,0,0.0,0.0,0.0,0.0,0.0,0.0,0.0,0.0,0.0,0.0,0.0,0.0,0.0,0.0,123.0,10342.0,0.0,0.0,0.0,0.0,0.0,0.0,0.0,0.0,0.0,0.0,0.0,0.0,0.0
507,Ola,Aina,Aina,d,Knock - 50% chance of playing,,4.7,379,63.0,2.3,134,53.0,3.2,107.0,43.0,0,0,0.0,-3,3.0,78,13384,0.7,14.3,1.6,2.4,3.7,93.0,35.0,50.0,75.0,239.0,93.0,223.0,57.0,333.0,107.0,283.0,91.0,,,,,,,,0.02,0.05,0.07,1.44,0.0,0.34,1.08,1.02,7.37,35,0,0.0,0.0,0.0,0.0,0.0,0.0,0.0,0.0,0.0,0.0,0.0,0.0,0.0,0.0,698.0,16486.0,0.0,0.0,0.0,0.0,0.0,0.0,0.0,0.0,0.0,0.0,0.0,0.0,0.0
508,Neco,Williams,N.Williams,a,,,4.8,354,58.0,4.4,88,27.0,4.8,42.0,17.0,1,0,0.0,-2,2.0,6840,20448,1.0,25.6,4.8,4.8,3.6,108.0,40.0,100.0,100.0,34.0,13.0,43.0,4.0,82.0,8.0,33.0,2.0,3.0,,,,,,,0.06,0.12,0.18,1.36,0.0,0.28,1.32,1.01,6.78,35,1,45.0,0.0,0.0,0.0,1.0,0.0,0.0,0.0,0.0,0.0,0.0,0.0,0.0,2.0,11277.0,29835.0,0.0,0.0,0.0,0.0,1.8100000000000023,13.799999999999955,1.1000000000000227,0.0,1.5,4.0,3.0,1.0,7.0
509,David,Mota Veiga Teixeira do Carmo,David Carmo,u,has joined Real Oviedo on loan for the rest of the season.,,4.5,438,90.0,0.0,686,243.0,0.0,629.0,247.0,0,0,0.0,0,0.0,0,3,0.0,0.0,0.0,0.0,0.0,714.0,262.0,0.0,0.0,707.0,262.0,704.0,262.0,687.0,262.0,709.0,262.0,,,,,,,,0.0,0.0,0.0,0.0,0.0,0.0,0.0,0.0,0.0,35,0,0.0,0.0,0.0,0.0,0.0,0.0,0.0,0.0,0.0,0.0,0.0,0.0,0.0,0.0,0.0,6.0,0.0,0.0,0.0,0.0,0.0,0.0,0.0,0.0,0.0,0.0,0.0,0.0,0.0
510,Jair,Paula da Cunha Filho,Jair Cunha,a,,,4.2,648,152.0,0.1,558,198.0,0.8,288.0,91.0,1,0,0.0,-3,3.0,84,38,0.2,1.9,0.8,0.6,1.3,434.0,155.0,100.0,75.0,404.0,151.0,462.0,167.0,420.0,157.0,435.0,157.0,,,,,,,,0.04,0.0,0.04,1.83,0.0,0.0,1.26,1.01,8.09,35,1,45.0,0.0,0.0,0.0,0.0,0.0,0.0,0.0,0.0,0.0,0.0,1.0,0.0,4.0,87.0,70.0,0.0,0.0,0.0,0.0,1.13,4.799999999999997,0.19999999999999973,0.0,0.5,1.0,2.0,2.0,3.0
511,Felipe,Rodrigues da Silva,Morato,a,,,4.3,594,135.0,0.1,513,183.0,0.8,291.0,94.0,1,0,0.0,-2,2.0,131,97,0.2,8.8,0.8,0.8,2.1,328.0,121.0,,,256.0,102.0,405.0,146.0,328.0,104.0,344.0,114.0,,,,,,,,0.07,0.01,0.08,1.46,0.0,0.17,1.51,0.93,9.5,35,1,90.0,0.0,0.0,0.0,1.0,0.0,0.0,0.0,1.0,0.0,0.0,1.0,0.0,1.0,160.0,135.0,0.0,0.0,0.0,0.0,2.1500000000000004,12.400000000000006,0.0,2.0,1.4000000000000057,1.0,3.0,1.0,4.0
512,Omar,Richards,O.Richards,u,has joined Rio Ave on loan for the rest of the season.,,4.5,421,81.0,0.0,694,246.0,0.0,617.0,243.0,0,0,0.0,0,0.0,0,3,0.0,0.0,0.0,0.0,0.0,706.0,260.0,0.0,0.0,699.0,260.0,695.0,260.0,676.0,259.0,701.0,260.0,,,,,,,,0.0,0.0,0.0,0.0,0.0,0.0,0.0,0.0,0.0,35,0,0.0,0.0,0.0,0.0,0.0,0.0,0.0,0.0,0.0,0.0,0.0,0.0,0.0,0.0,0.0,4.0,0.0,0.0,0.0,0.0,0.0,0.0,0.0,0.0,0.0,0.0,0.0,0.0,0.0
514,Willy,Boly,Boly,i,Knee injury - Unknown return date,,3.8,796,236.0,0.3,313,115.0,0.0,393.0,139.0,0,0,0.0,-2,2.0,126,375,0.0,0.0,0.0,0.0,0.0,536.0,188.0,0.0,0.0,524.0,187.0,507.0,186.0,474.0,180.0,526.0,187.0,,,,,,,,0.0,0.0,0.0,0.0,0.0,0.0,0.0,0.0,0.0,35,0,0.0,0.0,0.0,0.0,0.0,0.0,0.0,0.0,0.0,0.0,0.0,0.0,0.0,0.0,173.0,526.0,0.0,0.0,0.0,0.0,0.0,0.0,0.0,0.0,0.0,0.0,0.0,0.0,0.0
515,Morgan,Gibbs-White,Gibbs-White,d,Facial Injury - 50% chance of playing,,7.6,20,14.0,10.0,38,13.0,9.8,2.0,2.0,4,0,0.0,1,-1.0,60267,373935,1.3,22.6,4.9,9.8,4.9,19.0,10.0,50.0,100.0,30.0,8.0,18.0,17.0,17.0,7.0,8.0,5.0,,1.0,2.0,,,,,0.29,0.09,0.38,1.36,0.0,0.31,1.26,1.02,5.15,35,4,20.0,0.0,1.0,0.0,0.0,0.0,0.0,0.0,0.0,0.0,0.0,0.0,0.0,14.0,207864.0,397776.0,0.0,0.0,0.5500000000000003,0.5499999999999989,0.04999999999999716,17.799999999999955,10.799999999999955,4.0,3.3000000000000114,0.0,1.0,0.0,1.0
516,Callum,Hudson-Odoi,Hudson-Odoi,i,Muscle injury - Expected back 01 Jun,,5.7,113,71.0,0.6,246,87.0,1.8,214.0,95.0,0,0,0.0,-3,3.0,17,1995,0.3,15.4,0.0,0.0,2.9,207.0,83.0,0.0,0.0,187.0,73.0,32.0,29.0,90.0,52.0,67.0,41.0,,,,,,,,0.14,0.15,0.29,1.51,0.0,0.29,1.27,1.03,5.19,35,0,0.0,0.0,0.0,0.0,0.0,0.0,0.0,0.0,0.0,0.0,0.0,0.0,0.0,0.0,23.0,2887.0,0.0,0.0,0.0,0.0,0.0,0.0,0.0,0.0,0.0,0.0,0.0,0.0,0.0
517,Elliot,Anderson,Anderson,a,,,5.6,128,80.0,7.0,59,21.0,4.0,77.0,27.0,1,0,0.0,1,-1.0,22201,50784,0.7,27.5,4.0,4.0,4.4,34.0,15.0,100.0,100.0,18.0,5.0,8.0,8.0,113.0,66.0,19.0,15.0,1.0,3.0,4.0,,,,,0.08,0.11,0.19,1.36,0.0,0.29,1.31,0.99,13.81,35,1,45.0,0.0,0.0,0.0,1.0,0.0,0.0,0.0,0.0,0.0,0.0,0.0,0.0,8.0,36156.0,78869.0,0.0,0.0,0.0,0.0,1.0200000000000031,13.799999999999955,1.6999999999999318,0.0,1.6000000000000227,2.0,1.0,2.0,5.0
518,João Pedro,Ferreira da Silva,Jota,u,has joined Besiktas on loan for the rest of the season.,,5.4,173,109.0,0.0,622,238.0,0.0,796.0,351.0,0,0,0.0,-1,1.0,0,2,0.0,0.2,0.0,0.0,1.0,514.0,239.0,0.0,0.0,485.0,219.0,487.0,234.0,445.0,218.0,495.0,227.0,,,,,,,,0.0,0.0,0.0,0.0,0.0,0.0,0.0,0.0,24.55,35,0,0.0,0.0,0.0,0.0,0.0,0.0,0.0,0.0,0.0,0.0,0.0,0.0,0.0,0.0,0.0,4.0,0.0,0.0,0.0,0.0,0.0,0.0,0.0,0.0,0.0,0.0,0.0,0.0,0.0
519,Nicolás,Domínguez,Dominguez,a,,,5.0,255,154.0,0.0,637,245.0,1.5,228.0,101.0,1,0,0.0,0,0.0,66,65,0.3,8.8,1.5,1.5,1.8,379.0,160.0,100.0,100.0,271.0,113.0,208.0,134.0,249.0,136.0,273.0,138.0,,,,,,,,0.1,0.06,0.16,1.72,0.0,0.26,1.57,1.31,10.85,35,1,45.0,0.0,0.0,0.0,0.0,0.0,0.0,0.0,0.0,0.0,0.0,1.0,0.0,6.0,76.0,96.0,0.0,0.0,0.0,0.0,1.129999999999999,14.0,1.9000000000000057,0.0,1.5999999999999943,2.0,5.0,2.0,9.0
520,Lewis,O'Brien,O'Brien,u,Has joined Wrexham permanently.,,5.0,253,153.0,0.0,828,369.0,0.0,753.0,322.0,0,0,0.0,0,0.0,0,0,0.0,0.0,0.0,0.0,0.0,797.0,348.0,0.0,0.0,796.0,347.0,795.0,347.0,791.0,346.0,796.0,347.0,,,,,,,,0.0,0.0,0.0,0.0,0.0,0.0,0.0,0.0,0.0,35,0,0.0,0.0,0.0,0.0,0.0,0.0,0.0,0.0,0.0,0.0,0.0,0.0,0.0,0.0,0.0,0.0,0.0,0.0,0.0,0.0,0.0,0.0,0.0,0.0,0.0,0.0,0.0,0.0,0.0
521,Ibrahim,Sangaré,Sangaré,d,Knock - 50% chance of playing,,4.9,305,190.0,0.1,547,204.0,2.2,167.0,69.0,0,0,0.0,-1,1.0,9,482,0.4,17.1,1.1,1.7,3.2,167.0,66.0,50.0,75.0,159.0,56.0,187.0,122.0,248.0,135.0,208.0,98.0,,,,,,,,0.05,0.08,0.13,1.38,0.0,0.36,1.09,1.09,11.04,35,0,0.0,0.0,0.0,0.0,0.0,0.0,0.0,0.0,0.0,0.0,0.0,0.0,0.0,0.0,15.0,685.0,0.0,0.0,0.0,0.0,0.0,0.0,0.0,0.0,0.0,0.0,0.0,0.0,0.0
718,Soungoutou,Magassa,S.Magassa,a,,,5.0,276,171.0,0.0,661,262.0,0.5,333.0,157.0,1,0,0.0,0,0.0,18,52,0.1,8.4,-0.5,0.5,1.9,354.0,153.0,,,309.0,134.0,311.0,174.0,345.0,179.0,356.0,170.0,,,,,,,,0.04,0.03,0.07,1.76,0.0,0.19,2.13,1.02,11.77,35,1,2.0,0.0,0.0,0.0,0.0,0.0,0.0,0.0,0.0,0.0,0.0,0.0,0.0,3.0,29.0,76.0,0.0,0.0,0.0,0.0,0.10000000000000142,0.5999999999999943,0.30000000000001137,0.0,0.10000000000000142,0.0,0.0,1.0,1.0
522,Ryan,Yates,Yates,a,,,4.7,383,238.0,0.1,545,202.0,2.2,164.0,66.0,4,0,0.0,-3,3.0,225,77,0.5,6.2,2.2,2.2,1.4,428.0,188.0,100.0,100.0,357.0,162.0,331.0,179.0,354.0,182.0,381.0,178.0,,,,,,,,0.04,0.04,0.08,1.27,0.0,0.0,1.02,0.34,10.32,35,4,90.0,0.0,0.0,0.0,1.0,0.0,0.0,0.0,0.0,0.0,0.0,1.0,0.0,13.0,262.0,108.0,0.0,0.0,0.010000000000000009,0.010000000000000009,2.1499999999999995,21.799999999999997,1.7999999999999972,0.0,2.400000000000002,2.0,9.0,2.0,13.0
523,Eric,da Silva Moreira,Da Silva Moreira,a,,,4.5,474,288.0,0.1,568,212.0,0.0,659.0,251.0,0,0,0.0,0,0.0,85,51,0.0,0.0,0.0,0.0,0.0,739.0,303.0,100.0,100.0,735.0,300.0,730.0,301.0,715.0,296.0,736.0,301.0,,,,,,,,0.0,0.0,0.0,0.0,0.0,0.0,0.0,0.0,0.0,35,0,0.0,0.0,0.0,0.0,0.0,0.0,0.0,0.0,0.0,0.0,0.0,0.0,0.0,0.0,102.0,67.0,0.0,0.0,0.0,0.0,0.0,0.0,0.0,0.0,0.0,0.0,0.0,0.0,0.0
524,Marko,Stamenić,Stamenic,u,Has joined Swansea City permanently.,,4.5,451,269.0,0.0,706,286.0,0.0,638.0,233.0,0,0,0.0,0,0.0,0,6,0.0,0.0,0.0,0.0,0.0,722.0,288.0,0.0,0.0,716.0,283.0,712.0,285.0,695.0,278.0,717.0,284.0,,,,,,,,0.0,0.0,0.0,0.0,0.0,0.0,0.0,0.0,0.0,35,0,0.0,0.0,0.0,0.0,0.0,0.0,0.0,0.0,0.0,0.0,0.0,0.0,0.0,0.0,0.0,6.0,0.0,0.0,0.0,0.0,0.0,0.0,0.0,0.0,0.0,0.0,0.0,0.0,0.0
525,Chris,Wood,Wood,a,,,7.1,33,13.0,4.7,84,16.0,2.8,139.0,21.0,1,0,0.0,-4,4.0,6056,3869,0.4,5.1,2.8,2.8,3.0,200.0,21.0,100.0,100.0,348.0,36.0,333.0,41.0,142.0,35.0,320.0,38.0,,,1.0,,,,,0.44,0.02,0.46,1.27,0.0,0.24,1.2,1.08,2.88,35,1,24.0,0.0,0.0,0.0,1.0,0.0,0.0,0.0,0.0,0.0,0.0,0.0,0.0,4.0,11661.0,4872.0,0.0,0.0,0.010000000000000009,0.010000000000000231,0.9699999999999989,6.400000000000006,0.5,0.0,0.6999999999999957,0.0,2.0,2.0,4.0
526,Igor Jesus,Maciel da Cruz,Igor Jesus,a,,,5.9,100,28.0,2.4,129,20.0,7.0,8.0,2.0,5,0,0.0,-1,1.0,47748,11005,1.2,18.5,7.0,7.0,3.2,178.0,16.0,100.0,100.0,174.0,18.0,181.0,16.0,25.0,15.0,83.0,16.0,,,3.0,,,,,0.26,0.05,0.31,1.44,0.0,0.4,1.41,1.1,4.68,35,5,45.0,1.0,0.0,0.0,0.0,0.0,0.0,0.0,0.0,0.0,0.0,1.0,0.0,21.0,66424.0,17789.0,0.0,0.8300000000000001,0.0,0.8300000000000001,1.129999999999999,34.19999999999999,1.6999999999999886,34.0,7.0,0.0,0.0,1.0,1.0
527,Taiwo,Awoniyi,Awoniyi,a,,,5.2,207,47.0,0.3,303,46.0,5.0,35.0,9.0,16,0,0.0,-3,3.0,6817,476,1.0,7.7,5.0,5.0,2.9,204.0,22.0,100.0,100.0,316.0,32.0,357.0,45.0,165.0,39.0,315.0,36.0,,,,,,,,0.8,0.1,0.9,1.82,0.0,0.0,0.75,0.5,5.0,35,16,90.0,2.0,1.0,0.0,1.0,0.0,0.0,0.0,0.0,0.0,0.0,1.0,3.0,67.0,6933.0,554.0,0.0,1.1100000000000003,0.0,1.1099999999999999,2.1499999999999995,71.60000000000001,0.09999999999999432,52.0,12.400000000000002,0.0,1.0,3.0,4.0
696,Arnaud,Kalimuendo,Kalimuendo,u,has joined Eintracht Frankfurt on loan for the rest of the season.,,6.0,87,26.0,0.1,460,66.0,0.0,816.0,89.0,0,0,0.0,0,0.0,0,22,0.0,1.5,0.0,0.0,1.0,516.0,63.0,0.0,0.0,481.0,56.0,411.0,53.0,353.0,55.0,448.0,56.0,,,,,,,,0.44,0.02,0.46,1.59,0.0,0.0,3.03,0.0,6.07,35,0,0.0,0.0,0.0,0.0,0.0,0.0,0.0,0.0,0.0,0.0,0.0,0.0,0.0,0.0,0.0,29.0,0.0,0.0,0.0,0.0,0.0,0.0,0.0,0.0,0.0,0.0,0.0,0.0,0.0
715,John Victor,Maciel Furtado,John,i,Knee injury - Expected back 01 Jun,,4.0,679,46.0,0.3,331,46.0,0.0,462.0,58.0,0,0,0.0,0,0.0,45,523,0.0,2.8,0.0,0.0,2.2,310.0,30.0,0.0,0.0,418.0,33.0,572.0,56.0,541.0,42.0,453.0,33.0,,,,,,,,0.0,0.0,0.0,1.26,1.24,0.21,1.65,1.03,0.0,35,0,0.0,0.0,0.0,0.0,0.0,0.0,0.0,0.0,0.0,0.0,0.0,0.0,0.0,0.0,54.0,800.0,0.0,0.0,0.0,0.0,0.0,0.0,0.0,0.0,0.0,0.0,0.0,0.0,0.0
716,Nicolò,Savona,Savona,i,Knee injury - Unknown return date,,4.5,453,94.0,0.0,587,210.0,0.0,640.0,248.0,0,0,0.0,0,0.0,11,61,0.0,8.7,0.0,0.0,2.8,218.0,86.0,0.0,0.0,282.0,114.0,266.0,75.0,282.0,83.0,311.0,106.0,,,,,,,,0.12,0.04,0.16,1.32,0.0,0.26,1.58,0.97,5.0,35,0,0.0,0.0,0.0,0.0,0.0,0.0,0.0,0.0,0.0,0.0,0.0,0.0,0.0,0.0,15.0,99.0,0.0,0.0,0.0,0.0,0.0,0.0,0.0,0.0,0.0,0.0,0.0,0.0,0.0
729,Luis Eduardo,Soares da Silva,Cuiabano,u,has joined Vasco de Gama on loan for the rest of the season.,,4.5,473,96.0,0.0,824,269.0,0.0,658.0,249.0,0,0,0.0,0,0.0,0,1,0.0,0.0,0.0,0.0,0.0,738.0,263.0,0.0,0.0,734.0,263.0,729.0,263.0,714.0,263.0,735.0,263.0,,,,,,,,0.0,0.0,0.0,0.0,0.0,0.0,0.0,0.0,0.0,35,0,0.0,0.0,0.0,0.0,0.0,0.0,0.0,0.0,0.0,0.0,0.0,0.0,0.0,0.0,0.0,1.0,0.0,0.0,0.0,0.0,0.0,0.0,0.0,0.0,0.0,0.0,0.0,0.0,0.0
734,Dilane,Bakwa,Bakwa,a,,,5.9,99,65.0,0.0,666,266.0,2.0,197.0,86.0,7,0,0.0,-1,1.0,353,66,0.3,3.7,2.0,2.0,1.8,388.0,166.0,100.0,100.0,399.0,176.0,226.0,144.0,296.0,158.0,352.0,167.0,,,,,,,,0.1,0.19,0.29,1.59,0.0,0.19,1.74,0.97,6.37,35,7,79.0,0.0,1.0,1.0,0.0,0.0,0.0,0.0,0.0,0.0,0.0,1.0,1.0,26.0,362.0,81.0,0.0,0.0,0.25,0.25,1.2700000000000005,24.799999999999997,27.200000000000017,2.0,5.399999999999999,1.0,0.0,2.0,3.0
805,Lorenzo,Lucca,Lucca,a,,,5.4,168,40.0,0.0,719,90.0,0.0,794.0,85.0,0,0,0.0,-1,1.0,69,101,0.0,1.5,0.0,0.0,2.7,241.0,26.0,,,435.0,51.0,424.0,55.0,369.0,56.0,439.0,55.0,,,,,,,,0.54,0.01,0.55,1.41,0.0,0.76,0.76,0.76,3.78,35,0,0.0,0.0,0.0,0.0,0.0,0.0,0.0,0.0,0.0,0.0,0.0,0.0,0.0,0.0,88.0,147.0,0.0,0.0,0.0,0.0,0.0,0.0,0.0,0.0,0.0,0.0,0.0,0.0,0.0
528,Anthony,Patterson,Patterson,u,has joined Millwall on loan for the rest of the season.,,4.2,636,33.0,0.1,423,60.0,0.0,537.0,85.0,0,0,0.0,-3,3.0,0,101,0.0,0.0,0.0,0.0,0.0,653.0,92.0,0.0,0.0,643.0,92.0,638.0,84.0,612.0,72.0,645.0,92.0,,,,,,,,0.0,0.0,0.0,0.0,0.0,0.0,0.0,0.0,0.0,35,0,0.0,0.0,0.0,0.0,0.0,0.0,0.0,0.0,0.0,0.0,0.0,0.0,0.0,0.0,0.0,139.0,0.0,0.0,0.0,0.0,0.0,0.0,0.0,0.0,0.0,0.0,0.0,0.0,0.0
531,Daniel,Ballard,Ballard,s,Suspended until 25 May,,4.7,385,65.0,2.8,116,43.0,-0.5,831.0,268.0,-2,0,0.0,2,-2.0,195,51132,-0.1,24.7,0.0,0.0,4.0,57.0,22.0,0.0,100.0,49.0,22.0,204.0,53.0,75.0,5.0,84.0,18.0,,,,,,,,0.1,0.03,0.13,1.39,0.0,0.25,1.47,1.01,11.08,35,-2,23.0,0.0,0.0,0.0,1.0,0.0,0.0,0.0,0.0,1.0,0.0,1.0,0.0,-11.0,5631.0,55990.0,0.0,0.0,0.0,0.0,0.0,0.0,0.39999999999997726,0.0,0.0,0.0,0.0,0.0,0.0
532,Trai,Hume,Hume,a,,,4.5,446,92.0,0.3,308,114.0,1.8,202.0,72.0,2,0,0.0,0,0.0,345,1799,0.4,21.1,1.3,2.3,2.7,236.0,93.0,,,120.0,55.0,116.0,30.0,147.0,29.0,119.0,34.0,2.0,,,,,,,0.07,0.06,0.13,1.47,0.0,0.26,1.29,1.0,6.38,35,2,90.0,0.0,0.0,0.0,1.0,0.0,0.0,0.0,0.0,0.0,0.0,1.0,0.0,7.0,934.0,2283.0,0.0,0.06000000000000005,0.020000000000000018,0.07999999999999963,1.7199999999999989,15.199999999999989,6.600000000000023,7.0,2.8999999999999915,2.0,5.0,2.0,7.0
533,Aji,Alese,Alese,u,has joined Portsmouth on loan for the rest of the season.,,4.0,678,168.0,0.0,801,266.0,0.0,461.0,176.0,0,0,0.0,0,0.0,0,2,0.0,0.0,0.0,0.0,0.0,591.0,215.0,0.0,0.0,579.0,214.0,571.0,214.0,540.0,210.0,581.0,214.0,,,,,,,,0.0,0.0,0.0,0.0,0.0,0.0,0.0,0.0,0.0,35,0,0.0,0.0,0.0,0.0,0.0,0.0,0.0,0.0,0.0,0.0,0.0,0.0,0.0,0.0,0.0,2.0,0.0,0.0,0.0,0.0,0.0,0.0,0.0,0.0,0.0,0.0,0.0,0.0,0.0
534,Joe,Anderson,Anderson,u,has joined Barrow FC permanently.,,3.8,799,238.0,0.3,328,120.0,0.0,396.0,141.0,0,0,0.0,-2,2.0,0,192,0.0,0.0,0.0,0.0,0.0,538.0,189.0,0.0,0.0,526.0,188.0,509.0,187.0,476.0,181.0,528.0,188.0,,,,,,,,0.0,0.0,0.0,0.0,0.0,0.0,0.0,0.0,0.0,35,0,0.0,0.0,0.0,0.0,0.0,0.0,0.0,0.0,0.0,0.0,0.0,0.0,0.0,0.0,0.0,292.0,0.0,0.0,0.0,0.0,0.0,0.0,0.0,0.0,0.0,0.0,0.0,0.0,0.0
535,Dennis,Cirkin,Cirkin,a,,,4.0,689,173.0,0.0,591,211.0,0.0,472.0,181.0,0,0,0.0,0,0.0,78,102,0.0,3.5,-0.5,0.5,1.8,364.0,132.0,100.0,100.0,415.0,156.0,441.0,156.0,419.0,156.0,441.0,159.0,,,,,,,,0.02,0.01,0.03,1.83,0.0,0.28,0.56,0.85,7.9,35,0,18.0,0.0,0.0,0.0,0.0,0.0,0.0,0.0,1.0,0.0,0.0,0.0,0.0,-1.0,111.0,139.0,0.0,0.0,0.0,0.0,0.4500000000000002,1.0,0.7999999999999989,2.0,0.40000000000000036,0.0,2.0,0.0,2.0
536,Leo Fuhr,Hjelde,Hjelde,u,has joined Sheffield United on loan for the rest of the season.,,4.0,697,176.0,0.0,734,253.0,0.0,479.0,183.0,0,0,0.0,0,0.0,0,9,0.0,0.0,0.0,0.0,0.0,607.0,221.0,0.0,0.0,595.0,220.0,588.0,220.0,557.0,216.0,597.0,220.0,,,,,,,,0.0,0.0,0.0,0.0,0.0,0.0,0.0,0.0,0.0,35,0,0.0,0.0,0.0,0.0,0.0,0.0,0.0,0.0,0.0,0.0,0.0,0.0,0.0,0.0,0.0,13.0,0.0,0.0,0.0,0.0,0.0,0.0,0.0,0.0,0.0,0.0,0.0,0.0,0.0
537,Niall,Huggins,Huggins,u,has joined Wycombe Wanderers on loan for the rest of the season.,,4.0,700,177.0,0.1,549,194.0,0.0,482.0,184.0,0,0,0.0,0,0.0,0,15,0.0,0.0,0.0,0.0,0.0,610.0,222.0,0.0,0.0,598.0,221.0,591.0,221.0,560.0,217.0,600.0,221.0,,,,,,,,0.0,0.0,0.0,0.0,0.0,0.0,0.0,0.0,0.0,35,0,0.0,0.0,0.0,0.0,0.0,0.0,0.0,0.0,0.0,0.0,0.0,0.0,0.0,0.0,0.0,24.0,0.0,0.0,0.0,0.0,0.0,0.0,0.0,0.0,0.0,0.0,0.0,0.0,0.0
538,Zak,Johnson,Johnson,u,has joined York City on loan for the rest of the season.,,3.8,811,249.0,0.2,381,139.0,0.0,405.0,149.0,0,0,0.0,-2,2.0,0,141,0.0,0.0,0.0,0.0,0.0,544.0,195.0,0.0,0.0,532.0,194.0,516.0,193.0,483.0,187.0,534.0,194.0,,,,,,,,0.0,0.0,0.0,0.0,0.0,0.0,0.0,0.0,0.0,35,0,0.0,0.0,0.0,0.0,0.0,0.0,0.0,0.0,0.0,0.0,0.0,0.0,0.0,0.0,0.0,190.0,0.0,0.0,0.0,0.0,0.0,0.0,0.0,0.0,0.0,0.0,0.0,0.0,0.0
539,Luke,O'Nien,O'Nien,a,,,4.0,675,165.0,0.1,505,179.0,1.5,219.0,77.0,0,0,0.0,0,0.0,176,479,0.4,4.0,1.0,2.0,1.6,405.0,147.0,100.0,100.0,422.0,157.0,445.0,158.0,411.0,152.0,444.0,160.0,,,,,,,,0.0,0.03,0.03,1.62,0.0,0.44,1.1,0.88,6.18,35,0,0.0,0.0,0.0,0.0,0.0,0.0,0.0,0.0,0.0,0.0,0.0,0.0,0.0,0.0,261.0,591.0,0.0,0.0,0.0,0.0,0.0,0.0,0.0,0.0,0.0,0.0,0.0,0.0,0.0
540,Timothée,Pembélé,Pembele,u,has joined Le Havre AC on loan for the rest of the season.,,3.9,772,223.0,0.3,342,123.0,0.0,432.0,162.0,0,0,0.0,-1,1.0,0,165,0.0,0.0,0.0,0.0,0.0,566.0,204.0,0.0,0.0,554.0,203.0,542.0,203.0,510.0,198.0,556.0,203.0,,,,,,,,0.0,0.0,0.0,0.0,0.0,0.0,0.0,0.0,0.0,35,0,0.0,0.0,0.0,0.0,0.0,0.0,0.0,0.0,0.0,0.0,0.0,0.0,0.0,0.0,0.0,223.0,0.0,0.0,0.0,0.0,0.0,0.0,0.0,0.0,0.0,0.0,0.0,0.0,0.0
541,Reinildo,Mandava,Reinildo,a,,,3.8,802,241.0,2.9,114,42.0,2.8,127.0,48.0,2,0,0.0,-2,2.0,4747,5847,0.7,16.3,2.3,3.3,2.8,209.0,80.0,100.0,100.0,211.0,82.0,263.0,73.0,351.0,117.0,289.0,95.0,,,,,,,,0.01,0.03,0.04,1.28,0.0,0.27,1.33,1.06,7.43,35,2,71.0,0.0,0.0,0.0,1.0,0.0,0.0,0.0,0.0,0.0,0.0,1.0,0.0,9.0,7272.0,8475.0,0.0,0.0,0.0,0.0,1.2800000000000011,9.199999999999989,11.0,0.0,2.0,1.0,2.0,3.0,3.0
542,Jenson,Seelt,Seelt,u,has joined Wolfsburg on loan for the rest of the season.,,4.0,718,188.0,0.1,517,186.0,0.0,496.0,192.0,0,0,0.0,0,0.0,0,21,0.0,0.5,0.0,0.0,1.0,466.0,170.0,0.0,0.0,441.0,163.0,467.0,171.0,574.0,225.0,469.0,168.0,,,,,,,,0.0,0.01,0.01,0.9,0.0,0.0,1.35,0.68,8.12,35,0,0.0,0.0,0.0,0.0,0.0,0.0,0.0,0.0,0.0,0.0,0.0,0.0,0.0,0.0,0.0,34.0,0.0,0.0,0.0,0.0,0.0,0.0,0.0,0.0,0.0,0.0,0.0,0.0,0.0
543,Simon,Adingra,Adingra,u,has joined AS Monaco on loan for the rest of the season.,,4.9,335,207.0,0.3,307,107.0,0.0,743.0,314.0,0,0,0.0,-6,6.0,0,122,0.0,6.9,0.0,0.0,2.4,290.0,121.0,0.0,0.0,396.0,175.0,271.0,165.0,305.0,162.0,372.0,175.0,,,,,,,,0.05,0.09,0.14,1.57,0.0,0.55,1.11,1.25,6.24,35,0,0.0,0.0,0.0,0.0,0.0,0.0,0.0,0.0,0.0,0.0,0.0,0.0,0.0,0.0,0.0,170.0,0.0,0.0,0.0,0.0,0.0,0.0,0.0,0.0,0.0,0.0,0.0,0.0,0.0
544,Habib,Diarra,Diarra,a,,,5.3,199,123.0,0.1,444,153.0,2.5,156.0,62.0,1,0,0.0,-2,2.0,134,3461,0.5,11.5,2.0,3.0,3.4,142.0,61.0,100.0,100.0,340.0,152.0,264.0,162.0,148.0,84.0,292.0,147.0,,,1.0,,,,,0.21,0.04,0.25,1.38,0.0,0.33,1.26,0.99,5.09,35,1,18.0,0.0,0.0,0.0,0.0,0.0,0.0,0.0,0.0,0.0,0.0,0.0,0.0,-1.0,1486.0,4025.0,0.0,0.1499999999999999,0.020000000000000018,0.16999999999999993,0.45000000000000284,0.0,3.0,13.0,1.2999999999999972,0.0,0.0,1.0,1.0
545,Patrick,Roberts,Roberts,u,has joined Birmingham City permanently.,,5.4,153,95.0,0.0,738,309.0,0.0,787.0,346.0,0,0,0.0,-1,1.0,0,3,0.0,0.2,0.0,0.0,1.0,513.0,238.0,0.0,0.0,502.0,230.0,443.0,214.0,440.0,213.0,490.0,225.0,,,,,,,,0.1,0.07,0.17,2.2,0.0,0.0,3.33,0.0,3.33,35,0,0.0,0.0,0.0,0.0,0.0,0.0,0.0,0.0,0.0,0.0,0.0,0.0,0.0,0.0,0.0,3.0,0.0,0.0,0.0,0.0,0.0,0.0,0.0,0.0,0.0,0.0,0.0,0.0,0.0
547,Enzo,Le Fée,E.Le Fée,a,,,4.8,366,228.0,1.5,158,53.0,4.5,53.0,17.0,4,0,0.0,-2,2.0,5669,23204,0.9,26.2,4.0,5.0,3.8,80.0,37.0,100.0,100.0,56.0,15.0,20.0,19.0,126.0,72.0,37.0,28.0,3.0,2.0,2.0,,,,,0.16,0.16,0.32,1.49,0.0,0.3,1.39,1.02,9.85,35,4,90.0,0.0,0.0,0.0,1.0,0.0,0.0,0.0,0.0,0.0,0.0,1.0,0.0,12.0,19934.0,29414.0,0.0,0.0,0.0600000000000005,0.0600000000000005,1.720000000000006,19.40000000000009,17.300000000000068,2.0,3.9000000000000057,6.0,1.0,6.0,13.0
548,Romaine,Mundle,Mundle,i,Hamstring injury - Expected back 01 Jun,,4.9,326,202.0,0.0,758,322.0,0.0,739.0,312.0,0,0,0.0,-1,1.0,15,11,0.0,2.9,0.0,0.0,1.0,503.0,229.0,0.0,0.0,446.0,197.0,385.0,195.0,316.0,166.0,414.0,188.0,,,,,,,,0.2,0.11,0.31,1.93,0.0,0.0,2.48,0.45,7.44,35,0,0.0,0.0,0.0,0.0,0.0,0.0,0.0,0.0,0.0,0.0,0.0,0.0,0.0,0.0,22.0,15.0,0.0,0.0,0.0,0.0,0.0,0.0,0.0,0.0,0.0,0.0,0.0,0.0,0.0
549,Dan,Neil,Neil,u,has joined Ipswich Town on loan for the rest of the season.,,4.8,357,222.0,0.0,660,261.0,0.0,714.0,293.0,0,0,0.0,-2,2.0,0,8,0.0,0.6,0.0,0.0,1.0,499.0,227.0,0.0,0.0,496.0,227.0,477.0,229.0,766.0,330.0,507.0,231.0,,,,,,,,0.0,0.0,0.0,4.43,0.0,0.0,0.0,0.0,13.85,35,0,0.0,0.0,0.0,0.0,0.0,0.0,0.0,0.0,0.0,0.0,0.0,0.0,0.0,0.0,0.0,9.0,0.0,0.0,0.0,0.0,0.0,0.0,0.0,0.0,0.0,0.0,0.0,0.0,0.0
550,Ian,Poveda-Ocampo,Poveda,a,,,4.7,384,239.0,0.0,665,265.0,0.0,707.0,288.0,0,0,0.0,-3,3.0,33,17,0.0,0.0,-0.5,0.5,0.0,775.0,332.0,,,774.0,331.0,770.0,331.0,760.0,328.0,774.0,331.0,,,,,,,,0.0,0.0,0.0,0.0,0.0,0.0,0.0,0.0,0.0,35,0,0.0,0.0,0.0,0.0,0.0,0.0,0.0,0.0,0.0,0.0,0.0,0.0,0.0,0.0,40.0,26.0,0.0,0.0,0.0,0.0,0.0,0.0,0.0,0.0,0.0,0.0,0.0,0.0,0.0
551,Chris,Rigg,Rigg,a,,,4.7,393,244.0,0.1,541,199.0,2.5,149.0,56.0,0,0,0.0,-3,3.0,182,818,0.5,6.6,2.0,3.0,1.9,353.0,152.0,,,384.0,170.0,257.0,159.0,274.0,148.0,346.0,166.0,,,,,,,,0.1,0.11,0.21,1.44,0.0,0.36,1.33,1.33,6.77,35,0,0.0,0.0,0.0,0.0,0.0,0.0,0.0,0.0,0.0,0.0,0.0,0.0,0.0,0.0,708.0,1009.0,0.0,0.0,0.0,0.0,0.0,0.0,0.0,0.0,0.0,0.0,0.0,0.0,0.0
552,Noah,Sadiki,Sadiki,a,,,4.9,338,210.0,0.1,555,206.0,2.8,132.0,52.0,2,0,0.0,-1,1.0,169,425,0.6,14.7,2.3,3.3,2.4,291.0,122.0,100.0,100.0,210.0,88.0,129.0,88.0,240.0,131.0,194.0,94.0,,,,,,,,0.03,0.05,0.08,1.34,0.0,0.27,1.37,1.02,7.69,35,2,71.0,0.0,0.0,0.0,1.0,0.0,0.0,0.0,0.0,0.0,0.0,1.0,0.0,16.0,489.0,518.0,0.0,0.030000000000000027,0.05999999999999983,0.0900000000000003,1.2800000000000011,9.399999999999977,23.30000000000001,5.0,3.799999999999997,1.0,2.0,3.0,6.0
553,Chemsdine,Talbi,Talbi,a,,,4.9,336,208.0,0.2,410,140.0,1.0,272.0,127.0,2,0,0.0,-1,1.0,193,503,0.2,16.1,0.5,1.5,3.0,197.0,77.0,100.0,100.0,266.0,112.0,184.0,120.0,129.0,74.0,226.0,109.0,,,,,,,,0.13,0.07,0.2,1.32,0.0,0.37,0.87,0.93,5.29,35,2,90.0,0.0,0.0,0.0,1.0,0.0,0.0,0.0,0.0,0.0,0.0,1.0,0.0,12.0,358.0,691.0,0.0,0.09000000000000008,0.16999999999999993,0.2599999999999998,1.7199999999999989,8.800000000000011,8.300000000000011,21.0,3.799999999999997,1.0,0.0,3.0,4.0
554,Abdoullah,Ba,Ba,a,,,4.3,593,350.0,0.3,321,109.0,0.0,555.0,181.0,0,0,0.0,-2,2.0,234,392,0.0,0.0,-0.5,0.5,0.0,663.0,248.0,,,652.0,238.0,648.0,243.0,623.0,230.0,654.0,240.0,,,,,,,,0.0,0.0,0.0,0.0,0.0,0.0,0.0,0.0,0.0,35,0,0.0,0.0,0.0,0.0,0.0,0.0,0.0,0.0,0.0,0.0,0.0,0.0,0.0,0.0,313.0,598.0,0.0,0.0,0.0,0.0,0.0,0.0,0.0,0.0,0.0,0.0,0.0,0.0,0.0
555,Alan,Browne,Browne,u,has joined Middlesbrough on loan for the rest of the season.,,4.5,417,252.0,0.0,653,256.0,0.0,615.0,217.0,0,0,0.0,0,0.0,0,8,0.0,0.0,0.0,0.0,0.0,704.0,274.0,0.0,0.0,697.0,268.0,693.0,271.0,674.0,263.0,699.0,270.0,,,,,,,,0.0,0.0,0.0,0.0,0.0,0.0,0.0,0.0,0.0,35,0,0.0,0.0,0.0,0.0,0.0,0.0,0.0,0.0,0.0,0.0,0.0,0.0,0.0,0.0,0.0,12.0,0.0,0.0,0.0,0.0,0.0,0.0,0.0,0.0,0.0,0.0,0.0,0.0,0.0
556,Pierre,Ekwah Elimby,Ekwah,u,Has joined AS Saint-Etienne permanently.,,4.5,439,260.0,0.0,785,341.0,0.0,630.0,225.0,0,0,0.0,0,0.0,0,0,0.0,0.0,0.0,0.0,0.0,715.0,281.0,0.0,0.0,708.0,275.0,705.0,278.0,688.0,271.0,710.0,277.0,,,,,,,,0.0,0.0,0.0,0.0,0.0,0.0,0.0,0.0,0.0,35,0,0.0,0.0,0.0,0.0,0.0,0.0,0.0,0.0,0.0,0.0,0.0,0.0,0.0,0.0,0.0,0.0,0.0,0.0,0.0,0.0,0.0,0.0,0.0,0.0,0.0,0.0,0.0,0.0,0.0
557,Harrison,Jones,H.Jones,a,,,4.3,610,359.0,0.1,542,200.0,0.0,564.0,187.0,0,0,0.0,-2,2.0,141,130,0.0,0.0,-0.5,0.5,0.0,667.0,251.0,,,656.0,241.0,653.0,246.0,630.0,235.0,658.0,243.0,,,,,,,,0.0,0.0,0.0,0.0,0.0,0.0,0.0,0.0,0.0,35,0,0.0,0.0,0.0,0.0,0.0,0.0,0.0,0.0,0.0,0.0,0.0,0.0,0.0,0.0,192.0,168.0,0.0,0.0,0.0,0.0,0.0,0.0,0.0,0.0,0.0,0.0,0.0,0.0,0.0
559,Nectarios,Triantis,Triantis,u,has joined Minnesota United permanently.,,4.4,550,329.0,0.0,652,255.0,0.0,589.0,201.0,0,0,0.0,-1,1.0,0,4,0.0,0.0,0.0,0.0,0.0,685.0,263.0,0.0,0.0,676.0,255.0,673.0,259.0,652.0,249.0,678.0,257.0,,,,,,,,0.0,0.0,0.0,0.0,0.0,0.0,0.0,0.0,0.0,35,0,0.0,0.0,0.0,0.0,0.0,0.0,0.0,0.0,0.0,0.0,0.0,0.0,0.0,0.0,0.0,7.0,0.0,0.0,0.0,0.0,0.0,0.0,0.0,0.0,0.0,0.0,0.0,0.0,0.0
560,Wilson,Isidor,Isidor,a,,,5.0,258,54.0,1.3,168,25.0,2.0,190.0,25.0,1,0,0.0,-5,5.0,1011,5943,0.4,13.6,1.5,2.5,2.3,305.0,35.0,100.0,100.0,290.0,28.0,394.0,52.0,59.0,24.0,234.0,29.0,,,,,,,,0.36,0.02,0.38,1.56,0.0,0.33,1.38,0.9,3.74,35,1,18.0,0.0,0.0,0.0,0.0,0.0,0.0,0.0,0.0,0.0,0.0,0.0,0.0,3.0,1895.0,8195.0,0.0,0.0,0.020000000000000018,0.020000000000000462,0.4499999999999993,0.0,4.0,2.0,0.6000000000000085,0.0,0.0,1.0,1.0
561,Eliezer,Mayenda Dossou,Mayenda,a,,,5.1,239,51.0,0.5,267,41.0,0.0,773.0,82.0,0,-1,1.0,-4,4.0,172,530,0.0,7.6,-0.5,0.5,2.1,333.0,36.0,,,369.0,39.0,352.0,44.0,179.0,41.0,340.0,43.0,,,,,,,,0.26,0.03,0.29,1.52,0.0,0.36,1.08,0.96,3.12,35,0,0.0,0.0,0.0,0.0,0.0,0.0,0.0,0.0,0.0,0.0,0.0,0.0,0.0,0.0,236.0,733.0,0.0,0.0,0.0,0.0,0.0,0.0,0.0,0.0,0.0,0.0,0.0,0.0,0.0
563,Luís Hemir,Silva Semedo,Luís Hemir,u,has joined Moreirense on loan for the rest of the season.,,4.4,561,80.0,0.1,525,71.0,0.0,597.0,64.0,0,0,0.0,-1,1.0,0,11,0.0,0.0,0.0,0.0,0.0,691.0,74.0,0.0,0.0,683.0,73.0,679.0,72.0,660.0,72.0,685.0,73.0,,,,,,,,0.0,0.0,0.0,0.0,0.0,0.0,0.0,0.0,0.0,35,0,0.0,0.0,0.0,0.0,0.0,0.0,0.0,0.0,0.0,0.0,0.0,0.0,0.0,0.0,0.0,15.0,0.0,0.0,0.0,0.0,0.0,0.0,0.0,0.0,0.0,0.0,0.0,0.0,0.0
564,Nazarii,Rusyn,Rusyn,u,has joined Arka on loan for the rest of the season.,,4.4,542,77.0,0.1,526,72.0,0.0,584.0,61.0,0,0,0.0,-1,1.0,0,13,0.0,0.0,0.0,0.0,0.0,681.0,71.0,0.0,0.0,671.0,70.0,668.0,69.0,647.0,69.0,673.0,70.0,,,,,,,,0.0,0.0,0.0,0.0,0.0,0.0,0.0,0.0,0.0,35,0,0.0,0.0,0.0,0.0,0.0,0.0,0.0,0.0,0.0,0.0,0.0,0.0,0.0,0.0,0.0,16.0,0.0,0.0,0.0,0.0,0.0,0.0,0.0,0.0,0.0,0.0,0.0,0.0,0.0
668,Granit,Xhaka,Xhaka,a,,,5.1,222,135.0,3.2,103,35.0,4.2,66.0,23.0,9,0,0.0,1,-1.0,4059,6911,0.8,22.7,3.7,4.7,3.7,99.0,44.0,100.0,100.0,52.0,13.0,35.0,32.0,277.0,150.0,69.0,43.0,1.0,1.0,,,,,,0.03,0.11,0.14,1.48,0.0,0.27,1.27,0.99,11.22,35,9,90.0,0.0,1.0,0.0,1.0,0.0,0.0,0.0,1.0,0.0,0.0,1.0,3.0,27.0,6713.0,10030.0,0.0,0.07999999999999996,0.2599999999999998,0.3400000000000003,1.720000000000006,37.39999999999998,38.59999999999991,1.0,7.699999999999989,1.0,4.0,9.0,14.0
678,Arthur,Masuaku,Masuaku,u,has joined RC Lens on loan for the rest of the season.,,3.9,756,216.0,0.5,278,105.0,0.0,420.0,158.0,0,0,0.0,-1,1.0,0,251,0.0,0.3,0.0,0.0,0.3,529.0,182.0,0.0,0.0,458.0,167.0,407.0,147.0,429.0,163.0,458.0,164.0,,,,,,,,0.05,0.06,0.11,1.5,0.0,0.0,1.44,1.44,7.2,35,0,0.0,0.0,0.0,0.0,0.0,0.0,0.0,0.0,0.0,0.0,0.0,0.0,0.0,0.0,0.0,374.0,0.0,0.0,0.0,0.0,0.0,0.0,0.0,0.0,0.0,0.0,0.0,0.0,0.0
683,Omar,Alderete,Alderete,a,,,4.1,653,153.0,5.6,72,23.0,3.2,104.0,41.0,4,0,0.0,1,-1.0,7340,32390,0.8,28.3,2.7,3.7,3.7,89.0,33.0,100.0,100.0,36.0,14.0,251.0,65.0,114.0,19.0,95.0,23.0,,,,,,,,0.05,0.03,0.08,1.47,0.0,0.3,1.34,1.01,10.09,35,4,90.0,0.0,0.0,0.0,1.0,0.0,0.0,0.0,0.0,0.0,0.0,1.0,0.0,6.0,13800.0,50527.0,0.0,0.0,0.0,0.0,1.7199999999999989,17.399999999999977,0.4000000000000057,4.0,2.200000000000003,1.0,11.0,4.0,12.0
694,Nordi,Mukiele,Mukiele,a,,,4.6,397,68.0,8.5,50,15.0,6.0,13.0,4.0,11,0,0.0,6,-6.0,22063,41601,1.3,30.2,5.5,6.5,4.8,21.0,5.0,100.0,100.0,44.0,19.0,114.0,29.0,160.0,35.0,81.0,16.0,,,,,,,,0.05,0.08,0.13,1.51,0.0,0.29,1.36,1.04,8.99,35,11,90.0,1.0,0.0,0.0,1.0,0.0,0.0,0.0,0.0,0.0,0.0,1.0,1.0,24.0,39757.0,63202.0,0.0,0.18999999999999995,0.040000000000000036,0.22999999999999998,1.7199999999999989,55.39999999999998,1.6000000000000227,37.0,9.399999999999991,4.0,8.0,3.0,12.0
724,Lutsharel,Geertruida,Geertruida,a,,,4.5,429,87.0,0.1,580,207.0,0.0,622.0,246.0,0,0,0.0,0,0.0,56,223,0.0,10.2,-0.5,0.5,1.8,371.0,137.0,,,265.0,106.0,273.0,78.0,317.0,98.0,317.0,107.0,,,,,,,,0.03,0.05,0.08,1.81,0.0,0.13,1.34,0.89,6.44,35,0,0.0,0.0,0.0,0.0,0.0,0.0,0.0,0.0,0.0,0.0,0.0,0.0,0.0,0.0,81.0,294.0,0.0,0.0,0.0,0.0,0.0,0.0,0.0,0.0,0.0,0.0,0.0,0.0,0.0
730,Brian,Brobbey,Brobbey,a,,,5.3,191,45.0,1.0,197,29.0,1.5,231.0,31.0,1,0,0.0,-2,2.0,3335,23594,0.3,14.7,1.0,2.0,2.8,225.0,23.0,100.0,100.0,241.0,21.0,219.0,22.0,53.0,21.0,161.0,22.0,,,,,,,,0.24,0.03,0.27,1.56,0.0,0.27,1.49,1.01,3.4,35,1,71.0,0.0,0.0,0.0,1.0,0.0,0.0,0.0,1.0,0.0,0.0,1.0,0.0,4.0,9053.0,30641.0,0.0,0.05999999999999961,0.07000000000000006,0.1299999999999999,1.2800000000000011,0.0,12.199999999999989,7.0,1.6999999999999886,0.0,1.0,0.0,1.0
735,Bertrand,Traoré,Traoré,a,,,5.5,135,84.0,0.0,655,257.0,0.0,800.0,355.0,0,0,0.0,0,0.0,34,18,0.0,5.5,-0.5,0.2,2.5,277.0,114.0,100.0,50.0,370.0,165.0,280.0,168.0,237.0,129.0,338.0,164.0,,,,,,,,0.07,0.04,0.11,1.38,0.0,0.43,1.28,1.28,5.68,35,0,0.0,0.0,0.0,0.0,0.0,0.0,0.0,0.0,0.0,0.0,0.0,0.0,0.0,0.0,38.0,21.0,0.0,0.0,0.0,0.0,0.0,0.0,0.0,0.0,0.0,0.0,0.0,0.0,0.0
774,Jenson,Jones,Jenson Jones,a,,,4.0,682,170.0,0.0,673,237.0,0.0,465.0,178.0,0,0,0.0,0,0.0,90,67,0.0,0.0,-0.5,0.5,0.0,594.0,217.0,,,582.0,216.0,575.0,216.0,544.0,212.0,584.0,216.0,,,,,,,,0.0,0.0,0.0,0.0,0.0,0.0,0.0,0.0,0.0,35,0,0.0,0.0,0.0,0.0,0.0,0.0,0.0,0.0,0.0,0.0,0.0,0.0,0.0,0.0,122.0,84.0,0.0,0.0,0.0,0.0,0.0,0.0,0.0,0.0,0.0,0.0,0.0,0.0,0.0
775,Tymur,Tutierov,Tutierov,u,has joined Exeter City on loan for the rest of the season.,,4.5,496,305.0,0.0,831,372.0,0.0,680.0,268.0,0,0,0.0,0,0.0,0,3,0.0,0.0,0.0,0.0,0.0,755.0,316.0,0.0,0.0,753.0,314.0,747.0,314.0,733.0,310.0,753.0,314.0,,,,,,,,0.0,0.0,0.0,0.0,0.0,0.0,0.0,0.0,0.0,35,0,0.0,0.0,0.0,0.0,0.0,0.0,0.0,0.0,0.0,0.0,0.0,0.0,0.0,0.0,0.0,3.0,0.0,0.0,0.0,0.0,0.0,0.0,0.0,0.0,0.0,0.0,0.0,0.0,0.0
800,Djiamgone Jocelin Ta,Bi,Jocelin.T,a,,,4.9,344,215.0,0.0,826,367.0,0.0,749.0,319.0,0,0,0.0,-1,1.0,9,6,0.0,0.2,-0.5,0.4,1.0,505.0,231.0,100.0,75.0,492.0,224.0,456.0,219.0,459.0,226.0,494.0,226.0,,,,,,,,0.0,0.09,0.09,0.57,0.0,0.0,0.0,2.37,7.11,35,0,0.0,0.0,0.0,0.0,0.0,0.0,0.0,0.0,0.0,0.0,0.0,0.0,0.0,0.0,11.0,6.0,0.0,0.0,0.0,0.0,0.0,0.0,0.0,0.0,0.0,0.0,0.0,0.0,0.0
821,Jack,Whittaker,Whittaker,a,,,4.5,475,289.0,0.0,813,359.0,0.0,660.0,252.0,0,0,0.0,0,0.0,41,19,0.0,0.0,-0.5,0.5,0.0,740.0,304.0,,,736.0,301.0,731.0,302.0,716.0,297.0,737.0,302.0,,,,,,,,0.0,0.0,0.0,0.0,0.0,0.0,0.0,0.0,0.0,35,0,0.0,0.0,0.0,0.0,0.0,0.0,0.0,0.0,0.0,0.0,0.0,0.0,0.0,0.0,61.0,23.0,0.0,0.0,0.0,0.0,0.0,0.0,0.0,0.0,0.0,0.0,0.0,0.0,0.0
822,Jaydon,Jones,Jones,a,,,4.5,476,290.0,0.0,809,357.0,0.0,661.0,253.0,0,0,0.0,0,0.0,43,18,0.0,0.0,-0.5,0.5,0.0,741.0,305.0,,,737.0,302.0,732.0,303.0,717.0,298.0,738.0,303.0,,,,,,,,0.0,0.0,0.0,0.0,0.0,0.0,0.0,0.0,0.0,35,0,0.0,0.0,0.0,0.0,0.0,0.0,0.0,0.0,0.0,0.0,0.0,0.0,0.0,0.0,58.0,24.0,0.0,0.0,0.0,0.0,0.0,0.0,0.0,0.0,0.0,0.0,0.0,0.0,0.0
565,Guglielmo,Vicario,Vicario,i,Hernia - Unknown return date,,4.7,381,17.0,4.8,82,14.0,0.0,706.0,93.0,0,0,0.0,-3,3.0,52,9187,0.0,19.1,0.0,0.0,2.9,203.0,23.0,0.0,0.0,38.0,10.0,430.0,8.0,759.0,85.0,214.0,10.0,,,,,,,,0.0,0.0,0.0,1.49,2.68,0.23,1.61,1.0,0.0,35,0,0.0,0.0,0.0,0.0,0.0,0.0,0.0,0.0,0.0,0.0,0.0,0.0,0.0,0.0,74.0,13090.0,0.0,0.0,0.0,0.0,0.0,0.0,0.0,0.0,0.0,0.0,0.0,0.0,0.0
566,Brandon,Austin,Austin,a,,,3.9,764,80.0,0.3,334,47.0,0.0,426.0,39.0,0,0,0.0,-1,1.0,178,215,0.0,0.0,0.0,0.0,0.0,560.0,50.0,,,548.0,50.0,536.0,34.0,504.0,20.0,550.0,50.0,,,,,,,,0.0,0.0,0.0,0.0,0.0,0.0,0.0,0.0,0.0,35,0,0.0,0.0,0.0,0.0,0.0,0.0,0.0,0.0,0.0,0.0,0.0,0.0,0.0,0.0,220.0,331.0,0.0,0.0,0.0,0.0,0.0,0.0,0.0,0.0,0.0,0.0,0.0,0.0,0.0
567,Antonín,Kinský,Kinsky,a,,,3.9,777,87.0,1.7,150,20.0,2.8,129.0,11.0,2,0,0.0,-1,1.0,8978,1706,0.7,2.8,2.8,2.8,2.8,210.0,24.0,,,424.0,34.0,546.0,41.0,514.0,27.0,459.0,34.0,,,,,,,,0.0,0.0,0.0,0.79,1.0,0.25,1.0,1.0,0.0,35,2,90.0,0.0,0.0,0.0,1.0,0.0,0.0,0.0,0.0,0.0,0.0,1.0,0.0,2.0,11663.0,4976.0,0.0,0.0,0.0,0.0,0.31999999999999984,3.6000000000000014,0.0,0.0,0.39999999999999947,0.0,1.0,1.0,0.0
568,Pedro,Porro Sauceda,Pedro Porro,a,,,5.2,214,31.0,10.7,34,11.0,5.8,20.0,9.0,4,0,0.0,-3,3.0,27881,12327,1.1,20.4,5.8,5.8,3.4,140.0,51.0,100.0,100.0,62.0,29.0,15.0,1.0,178.0,43.0,42.0,5.0,3.0,2.0,,,,,,0.03,0.13,0.16,1.26,0.0,0.29,1.32,1.03,7.03,35,4,90.0,0.0,0.0,0.0,1.0,0.0,0.0,0.0,0.0,0.0,0.0,1.0,0.0,17.0,34867.0,32335.0,0.0,0.020000000000000018,0.05999999999999961,0.08000000000000007,0.3200000000000003,23.800000000000068,21.299999999999955,1.0,4.599999999999994,6.0,4.0,3.0,10.0
569,Cristian,Romero,Romero,i,Knee injury - Expected back 01 Jun,,5.0,250,38.0,2.9,113,41.0,0.2,375.0,128.0,0,0,0.0,0,0.0,38,3243,0.0,18.2,0.0,0.0,4.0,58.0,23.0,0.0,0.0,72.0,32.0,253.0,66.0,146.0,28.0,149.0,49.0,,,,,,,,0.07,0.06,0.13,1.36,0.0,0.24,1.59,1.06,9.49,35,0,0.0,0.0,0.0,0.0,0.0,0.0,0.0,0.0,0.0,0.0,0.0,0.0,0.0,0.0,52.0,4424.0,0.0,0.0,0.0,0.0,0.0,0.0,0.0,0.0,0.0,0.0,0.0,0.0,0.0
571,Ben,Davies,Davies,i,Ankle injury - Unknown return date,,4.3,578,124.0,0.1,553,196.0,0.0,548.0,229.0,0,0,0.0,-2,2.0,9,32,0.0,2.3,0.0,0.0,3.3,146.0,54.0,0.0,0.0,408.0,152.0,404.0,145.0,338.0,111.0,405.0,145.0,,,,,,,,0.32,0.05,0.37,0.73,0.0,0.0,1.99,1.32,9.26,35,0,0.0,0.0,0.0,0.0,0.0,0.0,0.0,0.0,0.0,0.0,0.0,0.0,0.0,0.0,16.0,45.0,0.0,0.0,0.0,0.0,0.0,0.0,0.0,0.0,0.0,0.0,0.0,0.0,0.0
572,Radu,Drăgușin,Dragusin,a,,,4.5,450,93.0,0.0,669,235.0,0.2,363.0,124.0,0,0,0.0,0,0.0,63,99,0.0,3.6,0.2,0.2,1.8,373.0,139.0,100.0,100.0,358.0,134.0,461.0,166.0,374.0,126.0,401.0,143.0,,,,,,,,0.05,0.0,0.05,2.1,0.0,0.0,2.28,0.88,12.61,35,0,0.0,0.0,0.0,0.0,0.0,0.0,0.0,0.0,0.0,0.0,0.0,0.0,0.0,0.0,77.0,145.0,0.0,0.0,0.0,0.0,0.0,0.0,0.0,0.0,0.0,0.0,0.0,0.0,0.0
573,Djed,Spence,Spence,a,,,4.1,656,156.0,0.9,203,79.0,2.5,143.0,53.0,1,0,0.0,-4,4.0,998,999,0.6,17.1,2.5,2.5,2.6,248.0,95.0,100.0,100.0,242.0,95.0,183.0,48.0,189.0,47.0,228.0,80.0,,,,,,,,0.04,0.08,0.12,1.43,0.0,0.37,1.44,1.02,5.26,35,1,23.0,0.0,0.0,0.0,1.0,0.0,0.0,0.0,0.0,0.0,0.0,0.0,0.0,-4.0,1601.0,1647.0,0.0,0.0,0.0,0.0,0.28999999999999915,0.0,0.30000000000001137,2.0,0.09999999999999432,0.0,0.0,0.0,0.0
574,Destiny,Udogie,Udogie,a,,,4.3,595,136.0,0.3,322,117.0,1.5,222.0,79.0,2,0,0.0,-2,2.0,647,174,0.3,4.7,1.5,1.5,1.2,448.0,161.0,100.0,100.0,310.0,120.0,206.0,55.0,284.0,84.0,303.0,102.0,,,,,,,,0.01,0.06,0.07,1.43,0.0,0.0,1.81,0.9,4.44,35,2,90.0,0.0,0.0,0.0,1.0,0.0,0.0,0.0,0.0,0.0,0.0,1.0,0.0,7.0,690.0,470.0,0.0,0.0,0.019999999999999907,0.020000000000000018,0.3200000000000003,11.400000000000006,23.100000000000023,2.0,3.6999999999999957,1.0,3.0,3.0,4.0
575,Micky,van de Ven,Van de Ven,a,,,4.4,548,118.0,17.7,17,6.0,2.5,146.0,55.0,2,0,0.0,-1,1.0,10980,23288,0.6,24.5,2.5,2.5,3.4,133.0,48.0,100.0,100.0,51.0,24.0,295.0,92.0,159.0,34.0,146.0,47.0,,,,,,,,0.09,0.01,0.1,1.32,0.0,0.26,1.53,1.04,6.43,35,2,90.0,0.0,0.0,0.0,1.0,0.0,0.0,0.0,0.0,0.0,0.0,1.0,0.0,9.0,13578.0,46817.0,0.0,0.0,0.010000000000000009,0.010000000000000231,0.3200000000000003,6.7999999999999545,0.7999999999999972,0.0,0.7999999999999972,1.0,1.0,4.0,2.0
577,Takai,Kōta,Takai,u,has joined Borussia Mönchengladbach on loan for the rest of the season.,,4.0,721,190.0,0.0,605,216.0,0.0,499.0,194.0,0,0,0.0,0,0.0,0,23,0.0,0.0,0.0,0.0,0.0,624.0,230.0,0.0,0.0,613.0,230.0,607.0,230.0,577.0,227.0,615.0,230.0,,,,,,,,0.0,0.0,0.0,0.0,0.0,0.0,0.0,0.0,0.0,35,0,0.0,0.0,0.0,0.0,0.0,0.0,0.0,0.0,0.0,0.0,0.0,0.0,0.0,0.0,0.0,25.0,0.0,0.0,0.0,0.0,0.0,0.0,0.0,0.0,0.0,0.0,0.0,0.0,0.0
578,Luka,Vušković,Vuskovic,u,has joined Hamburger SV on loan for the rest of the season.,,3.9,793,234.0,0.3,323,118.0,0.0,450.0,171.0,0,0,0.0,-1,1.0,0,79,0.0,0.0,0.0,0.0,0.0,582.0,211.0,0.0,0.0,570.0,210.0,559.0,210.0,528.0,206.0,572.0,210.0,,,,,,,,0.0,0.0,0.0,0.0,0.0,0.0,0.0,0.0,0.0,35,0,0.0,0.0,0.0,0.0,0.0,0.0,0.0,0.0,0.0,0.0,0.0,0.0,0.0,0.0,0.0,105.0,0.0,0.0,0.0,0.0,0.0,0.0,0.0,0.0,0.0,0.0,0.0,0.0,0.0
581,James,Maddison,Maddison,a,,,6.8,41,25.0,0.1,435,150.0,0.0,825.0,369.0,0,0,0.0,-2,2.0,945,645,0.0,0.0,0.0,0.0,0.0,829.0,370.0,100.0,100.0,829.0,370.0,829.0,370.0,829.0,370.0,829.0,370.0,,,,,,,,0.0,0.0,0.0,0.0,0.0,0.0,0.0,0.0,0.0,35,0,0.0,0.0,0.0,0.0,0.0,0.0,0.0,0.0,0.0,0.0,0.0,0.0,0.0,0.0,1264.0,876.0,0.0,0.0,0.0,0.0,0.0,0.0,0.0,0.0,0.0,0.0,0.0,0.0,0.0
582,Mohammed,Kudus,Kudus,i,Thigh injury - Expected back 01 Jun,,6.4,60,38.0,9.2,43,14.0,0.0,822.0,368.0,0,0,0.0,-1,1.0,28,2690,0.0,11.7,0.0,0.0,3.9,75.0,35.0,0.0,0.0,206.0,84.0,70.0,54.0,101.0,61.0,113.0,67.0,,4.0,3.0,,,,,0.11,0.14,0.25,1.33,0.0,0.41,1.17,1.11,7.8,35,0,0.0,0.0,0.0,0.0,0.0,0.0,0.0,0.0,0.0,0.0,0.0,0.0,0.0,0.0,39.0,3286.0,0.0,0.0,0.0,0.0,0.0,0.0,0.0,0.0,0.0,0.0,0.0,0.0,0.0
583,Dejan,Kulusevski,Kulusevski,i,Knee injury - Unknown return date,,6.4,59,37.0,0.0,725,300.0,0.0,821.0,367.0,0,0,0.0,-1,1.0,28,17,0.0,0.0,0.0,0.0,0.0,826.0,369.0,0.0,0.0,826.0,369.0,826.0,369.0,826.0,369.0,826.0,369.0,,,,,,,,0.0,0.0,0.0,0.0,0.0,0.0,0.0,0.0,0.0,35,0,0.0,0.0,0.0,0.0,0.0,0.0,0.0,0.0,0.0,0.0,0.0,0.0,0.0,0.0,38.0,27.0,0.0,0.0,0.0,0.0,0.0,0.0,0.0,0.0,0.0,0.0,0.0,0.0,0.0
584,Mathys,Tel,Tel,a,,,6.2,78,52.0,0.2,397,134.0,2.0,198.0,87.0,5,0,0.0,-3,3.0,4415,389,0.3,10.3,2.0,2.0,2.3,308.0,132.0,100.0,100.0,260.0,110.0,96.0,71.0,120.0,68.0,158.0,81.0,1.0,,,,,,,0.18,0.16,0.34,1.27,0.0,0.17,1.65,0.83,7.94,35,5,90.0,0.0,1.0,1.0,0.0,0.0,0.0,0.0,1.0,0.0,0.0,1.0,0.0,18.0,5127.0,803.0,0.0,0.08000000000000007,0.51,0.5900000000000003,0.2599999999999998,21.399999999999977,39.19999999999999,10.0,7.1000000000000085,0.0,2.0,6.0,8.0
585,Rodrigo,Bentancur,Bentancur,a,,,5.2,206,127.0,0.2,403,138.0,2.5,154.0,60.0,2,0,0.0,-3,3.0,532,217,0.5,14.2,2.5,2.5,3.2,174.0,70.0,100.0,100.0,221.0,93.0,211.0,136.0,265.0,145.0,250.0,123.0,,,,,,,,0.03,0.04,0.07,1.2,0.0,0.39,1.22,1.1,13.37,35,2,66.0,0.0,0.0,1.0,0.0,0.0,0.0,0.0,1.0,0.0,0.0,1.0,0.0,15.0,715.0,567.0,0.0,0.0,0.010000000000000009,0.010000000000000009,0.029999999999997584,12.799999999999955,6.400000000000006,0.0,1.8999999999999986,2.0,3.0,3.0,8.0
586,Lucas,Bergvall,Bergvall,a,,,5.2,219,134.0,0.2,395,132.0,2.0,193.0,83.0,1,0,0.0,-3,3.0,143,277,0.4,9.2,2.0,2.0,2.2,315.0,136.0,100.0,100.0,327.0,145.0,284.0,170.0,230.0,125.0,323.0,157.0,,,,,,,,0.11,0.04,0.15,1.27,0.0,0.29,1.71,1.05,7.52,35,1,1.0,0.0,0.0,0.0,1.0,0.0,0.0,0.0,0.0,0.0,0.0,0.0,0.0,3.0,286.0,450.0,0.0,0.0,0.0,0.0,0.0600000000000005,0.0,0.0,0.0,0.0,0.0,0.0,0.0,0.0
587,Yves,Bissouma,Bissouma,a,,,5.2,210,129.0,0.0,593,223.0,1.0,277.0,132.0,1,0,0.0,-3,3.0,78,62,0.2,3.3,1.0,1.0,1.5,418.0,181.0,100.0,100.0,389.0,173.0,398.0,201.0,386.0,196.0,408.0,185.0,,,,,,,,0.05,0.02,0.07,1.83,0.0,0.15,2.55,1.05,11.1,35,1,23.0,0.0,0.0,0.0,1.0,0.0,0.0,0.0,0.0,0.0,0.0,0.0,0.0,3.0,105.0,88.0,0.0,0.0,0.0,0.0,0.2900000000000009,1.3999999999999915,2.1000000000000014,0.0,0.3999999999999986,0.0,0.0,1.0,1.0
588,Wilson,Odobert,Odobert,i,Knee injury - Unknown return date,,5.3,200,124.0,0.0,609,232.0,0.0,784.0,345.0,0,0,0.0,-2,2.0,8,59,0.0,8.7,0.0,0.0,1.9,356.0,154.0,0.0,0.0,330.0,148.0,142.0,95.0,133.0,78.0,225.0,108.0,,,,,,,,0.18,0.11,0.29,1.32,0.0,0.19,1.2,0.93,7.13,35,0,0.0,0.0,0.0,0.0,0.0,0.0,0.0,0.0,0.0,0.0,0.0,0.0,0.0,0.0,8.0,87.0,0.0,0.0,0.0,0.0,0.0,0.0,0.0,0.0,0.0,0.0,0.0,0.0,0.0
589,Manor,Solomon,Solomon,u,has joined Fiorentina on loan for the rest of the season.,,5.4,162,100.0,0.0,769,328.0,0.0,791.0,348.0,0,0,0.0,-1,1.0,0,1,0.0,0.0,0.0,0.0,0.0,813.0,359.0,0.0,0.0,812.0,358.0,812.0,358.0,811.0,358.0,812.0,358.0,,,,,,,,0.0,0.0,0.0,0.0,0.0,0.0,0.0,0.0,0.0,35,0,0.0,0.0,0.0,0.0,0.0,0.0,0.0,0.0,0.0,0.0,0.0,0.0,0.0,0.0,0.0,1.0,0.0,0.0,0.0,0.0,0.0,0.0,0.0,0.0,0.0,0.0,0.0,0.0,0.0
590,Bryan,Gil Salvatierra,Bryan,u,has joined Girona permanently.,,4.9,321,199.0,0.0,663,264.0,0.0,735.0,309.0,0,0,0.0,-1,1.0,0,3,0.0,0.0,0.0,0.0,0.0,786.0,340.0,0.0,0.0,785.0,339.0,782.0,339.0,779.0,338.0,785.0,339.0,,,,,,,,0.0,0.0,0.0,0.0,0.0,0.0,0.0,0.0,0.0,35,0,0.0,0.0,0.0,0.0,0.0,0.0,0.0,0.0,0.0,0.0,0.0,0.0,0.0,0.0,0.0,5.0,0.0,0.0,0.0,0.0,0.0,0.0,0.0,0.0,0.0,0.0,0.0,0.0,0.0
591,Archie,Gray,Gray,a,,,4.8,372,232.0,0.1,426,147.0,0.8,298.0,139.0,0,0,0.0,-2,2.0,172,715,0.2,12.5,0.8,0.8,2.6,252.0,102.0,100.0,100.0,258.0,109.0,249.0,157.0,212.0,113.0,267.0,134.0,,,,,,,,0.09,0.08,0.17,1.51,0.0,0.31,1.72,1.11,8.06,35,0,0.0,0.0,0.0,0.0,0.0,0.0,0.0,0.0,0.0,0.0,0.0,0.0,0.0,0.0,217.0,1100.0,0.0,0.0,0.0,0.0,0.0,0.0,0.0,0.0,0.0,0.0,0.0,0.0,0.0
592,Mikey,Moore,Moore,u,Has joined Rangers on loan for the rest of the season.,,5.0,270,165.0,0.0,803,353.0,0.0,761.0,329.0,0,0,0.0,0,0.0,0,1,0.0,0.0,0.0,0.0,0.0,803.0,353.0,0.0,0.0,802.0,352.0,801.0,352.0,797.0,351.0,802.0,352.0,,,,,,,,0.0,0.0,0.0,0.0,0.0,0.0,0.0,0.0,0.0,35,0,0.0,0.0,0.0,0.0,0.0,0.0,0.0,0.0,0.0,0.0,0.0,0.0,0.0,0.0,0.0,1.0,0.0,0.0,0.0,0.0,0.0,0.0,0.0,0.0,0.0,0.0,0.0,0.0,0.0
593,Pape Matar,Sarr,P.M.Sarr,a,,,4.5,445,265.0,1.0,198,70.0,0.5,325.0,153.0,1,0,0.0,-5,5.0,2763,3217,0.1,14.9,0.5,0.0,2.8,217.0,85.0,100.0,0.0,220.0,92.0,230.0,146.0,220.0,118.0,246.0,120.0,,,,,,,,0.1,0.07,0.17,1.75,0.0,0.2,1.53,0.87,12.0,35,1,1.0,0.0,0.0,0.0,1.0,0.0,0.0,0.0,0.0,0.0,0.0,0.0,0.0,1.0,2784.0,5912.0,0.0,0.0,0.0,0.0,0.05999999999999872,0.0,0.0,0.0,0.0,0.0,0.0,0.0,0.0
597,Richarlison,de Andrade,Richarlison,a,,,6.3,66,22.0,6.1,66,13.0,3.8,90.0,17.0,9,0,0.0,-2,2.0,60348,4595,0.6,17.1,3.8,3.8,3.7,103.0,9.0,100.0,100.0,87.0,6.0,186.0,17.0,24.0,14.0,50.0,12.0,,,5.0,,,,,0.37,0.07,0.44,1.24,0.0,0.32,1.27,0.9,6.98,35,9,90.0,1.0,0.0,1.0,0.0,0.0,0.0,0.0,0.0,0.0,0.0,1.0,3.0,33.0,63762.0,11005.0,0.0,0.5,0.0,0.4999999999999991,0.26000000000000156,37.599999999999966,0.9000000000000057,40.0,7.900000000000006,2.0,2.0,3.0,7.0
598,Will,Lankshear,Lankshear,u,has joined Oxford United on loan for the rest of the season.,,4.5,468,66.0,0.0,681,87.0,0.0,653.0,68.0,0,0,0.0,0,0.0,0,6,0.0,0.0,0.0,0.0,0.0,735.0,78.0,0.0,0.0,730.0,77.0,725.0,76.0,709.0,76.0,731.0,77.0,,,,,,,,0.0,0.0,0.0,0.0,0.0,0.0,0.0,0.0,0.0,35,0,0.0,0.0,0.0,0.0,0.0,0.0,0.0,0.0,0.0,0.0,0.0,0.0,0.0,0.0,0.0,7.0,0.0,0.0,0.0,0.0,0.0,0.0,0.0,0.0,0.0,0.0,0.0,0.0,0.0
757,Ronnie,Hollingshead,Hollingshead,a,,,4.0,714,63.0,0.0,702,83.0,0.0,492.0,75.0,0,0,0.0,0,0.0,30,28,0.0,0.0,0.5,0.0,0.0,618.0,83.0,,,607.0,83.0,601.0,73.0,570.0,59.0,609.0,83.0,,,,,,,,0.0,0.0,0.0,0.0,0.0,0.0,0.0,0.0,0.0,35,0,0.0,0.0,0.0,0.0,0.0,0.0,0.0,0.0,0.0,0.0,0.0,0.0,0.0,0.0,41.0,41.0,0.0,0.0,0.0,0.0,0.0,0.0,0.0,0.0,0.0,0.0,0.0,0.0,0.0
599,Dane,Scarlett,Scarlett,u,has joined Hibernian on loan for the rest of the season.,,4.3,598,84.0,0.5,263,39.0,0.0,556.0,56.0,0,0,0.0,-2,2.0,0,241,0.0,0.5,0.0,0.0,1.0,472.0,57.0,0.0,0.0,509.0,61.0,457.0,59.0,450.0,61.0,498.0,61.0,,,,,,,,0.0,0.13,0.13,0.39,0.0,0.0,0.0,0.0,12.86,35,0,0.0,0.0,0.0,0.0,0.0,0.0,0.0,0.0,0.0,0.0,0.0,0.0,0.0,0.0,0.0,314.0,0.0,0.0,0.0,0.0,0.0,0.0,0.0,0.0,0.0,0.0,0.0,0.0,0.0
673,João Maria,Lobo Alves Palhares Costa Palhinha Gonçalves,J.Palhinha,a,,,5.5,136,85.0,0.8,219,76.0,3.2,114.0,40.0,2,0,0.0,0,0.0,3969,991,0.6,19.5,3.2,3.2,3.6,114.0,49.0,100.0,100.0,84.0,27.0,268.0,163.0,141.0,81.0,151.0,79.0,,,,,,,,0.09,0.03,0.12,1.41,0.0,0.19,1.57,0.93,12.08,35,2,90.0,0.0,0.0,0.0,1.0,0.0,0.0,0.0,0.0,0.0,0.0,1.0,0.0,18.0,4924.0,1560.0,0.0,0.020000000000000018,0.020000000000000018,0.040000000000000036,0.3200000000000003,19.399999999999977,3.8000000000000114,7.0,3.0,2.0,4.0,4.0,10.0
717,Xavi,Simons,Xavi,i,Knee injury - Expected back 01 Jan,,6.4,62,40.0,1.3,171,59.0,3.8,92.0,29.0,0,-1,1.0,-6,6.0,45,44821,0.6,12.5,0.0,0.0,2.9,208.0,84.0,0.0,0.0,194.0,76.0,41.0,37.0,124.0,71.0,97.0,56.0,2.0,3.0,4.0,,,,,0.16,0.2,0.36,1.58,0.0,0.21,1.85,0.98,7.68,35,0,0.0,0.0,0.0,0.0,0.0,0.0,0.0,0.0,0.0,0.0,0.0,0.0,0.0,0.0,61.0,101773.0,0.0,0.0,0.0,0.0,0.0,0.0,0.0,0.0,0.0,0.0,0.0,0.0,0.0
726,Randal,Kolo Muani,Kolo Muani,a,,,6.9,39,15.0,0.4,283,44.0,1.2,256.0,35.0,1,0,0.0,-1,1.0,2554,1796,0.2,6.8,1.2,1.2,1.7,404.0,48.0,100.0,100.0,326.0,33.0,157.0,13.0,115.0,30.0,224.0,28.0,,,,,,,,0.12,0.09,0.21,1.41,0.0,0.24,1.7,1.16,6.57,35,1,66.0,0.0,0.0,1.0,0.0,0.0,0.0,0.0,1.0,0.0,0.0,1.0,0.0,8.0,2892.0,3372.0,0.0,0.22999999999999976,0.039999999999999813,0.27,0.030000000000001137,12.400000000000006,10.5,42.0,6.500000000000007,3.0,0.0,4.0,7.0
745,Jun'ai,Byfield,Byfield,a,,,4.0,743,209.0,0.0,615,219.0,0.0,521.0,213.0,0,0,0.0,0,0.0,24,42,0.0,0.2,0.0,0.0,1.0,468.0,172.0,,,512.0,180.0,485.0,176.0,597.0,244.0,515.0,180.0,,,,,,,,0.0,0.0,0.0,0.0,0.0,0.0,0.0,0.0,0.0,35,0,0.0,0.0,0.0,0.0,0.0,0.0,0.0,0.0,0.0,0.0,0.0,0.0,0.0,0.0,32.0,55.0,0.0,0.0,0.0,0.0,0.0,0.0,0.0,0.0,0.0,0.0,0.0,0.0,0.0
750,James,Rowswell,Rowswell,a,,,4.0,706,181.0,0.0,634,226.0,0.0,486.0,187.0,0,0,0.0,0,0.0,24,29,0.0,0.2,0.0,0.0,1.0,465.0,169.0,,,602.0,224.0,595.0,224.0,564.0,220.0,604.0,224.0,,,,,,,,0.0,0.0,0.0,32.4,0.0,0.0,0.0,0.0,0.0,35,0,0.0,0.0,0.0,0.0,0.0,0.0,0.0,0.0,0.0,0.0,0.0,0.0,0.0,0.0,28.0,49.0,0.0,0.0,0.0,0.0,0.0,0.0,0.0,0.0,0.0,0.0,0.0,0.0,0.0
751,Yusuf,Akhamrich,Akhamrich,u,has joined Bristol Rovers on loan for the rest of the season.,,4.5,490,301.0,0.0,790,344.0,0.0,675.0,264.0,0,0,0.0,0,0.0,0,4,0.0,0.0,0.0,0.0,0.0,751.0,313.0,0.0,0.0,748.0,311.0,742.0,311.0,728.0,307.0,748.0,311.0,,,,,,,,0.0,0.0,0.0,0.0,0.0,0.0,0.0,0.0,0.0,35,0,0.0,0.0,0.0,0.0,0.0,0.0,0.0,0.0,0.0,0.0,0.0,0.0,0.0,0.0,0.0,5.0,0.0,0.0,0.0,0.0,0.0,0.0,0.0,0.0,0.0,0.0,0.0,0.0,0.0
790,Lucá,Williams-Barnett,Williams-Barnett,a,,,4.5,502,311.0,0.0,760,323.0,0.0,685.0,273.0,0,0,0.0,0,0.0,47,24,0.0,0.0,0.0,0.0,0.0,759.0,320.0,,,758.0,319.0,752.0,319.0,738.0,315.0,758.0,319.0,,,,,,,,0.0,0.0,0.0,0.0,0.0,0.0,0.0,0.0,0.0,35,0,0.0,0.0,0.0,0.0,0.0,0.0,0.0,0.0,0.0,0.0,0.0,0.0,0.0,0.0,63.0,35.0,0.0,0.0,0.0,0.0,0.0,0.0,0.0,0.0,0.0,0.0,0.0,0.0,0.0
796,Conor,Gallagher,Gallagher,a,,,5.0,252,152.0,0.2,396,133.0,4.2,64.0,22.0,9,0,0.0,-5,5.0,11227,554,0.8,7.4,4.2,4.2,2.8,220.0,86.0,100.0,100.0,325.0,144.0,217.0,141.0,257.0,140.0,305.0,149.0,,,,,,,,0.06,0.06,0.12,1.65,0.0,0.1,1.95,1.07,9.47,35,9,90.0,1.0,0.0,0.0,1.0,0.0,0.0,0.0,1.0,0.0,0.0,1.0,3.0,33.0,11549.0,1051.0,0.0,0.040000000000000036,0.040000000000000036,0.08000000000000007,0.3200000000000003,45.000000000000014,5.099999999999994,7.0,5.700000000000003,3.0,2.0,6.0,11.0
804,João Victor,de Souza Menezes,Souza,a,,,4.0,739,206.0,0.0,678,239.0,0.0,517.0,210.0,0,0,0.0,0,0.0,64,99,0.0,0.8,0.0,0.0,0.8,522.0,179.0,,,466.0,169.0,390.0,140.0,399.0,143.0,449.0,162.0,,,,,,,,0.01,0.02,0.03,1.65,0.0,0.0,1.9,1.27,3.8,35,0,0.0,0.0,0.0,0.0,0.0,0.0,0.0,0.0,0.0,0.0,0.0,0.0,0.0,0.0,80.0,127.0,0.0,0.0,0.0,0.0,0.0,0.0,0.0,0.0,0.0,0.0,0.0,0.0,0.0
811,Rio,Kyerematen,Kyerematen,a,,,4.5,461,278.0,0.0,789,343.0,0.0,647.0,241.0,0,0,0.0,0,0.0,43,23,0.0,0.0,0.0,0.0,0.0,730.0,296.0,,,724.0,291.0,720.0,293.0,703.0,286.0,725.0,292.0,,,,,,,,0.0,0.0,0.0,0.0,0.0,0.0,0.0,0.0,0.0,35,0,0.0,0.0,0.0,0.0,0.0,0.0,0.0,0.0,0.0,0.0,0.0,0.0,0.0,0.0,53.0,31.0,0.0,0.0,0.0,0.0,0.0,0.0,0.0,0.0,0.0,0.0,0.0,0.0,0.0
818,James,Wilson,Wilson,a,,,4.5,503,71.0,0.0,621,83.0,0.0,686.0,72.0,0,0,0.0,0,0.0,484,285,0.0,0.0,0.0,0.0,0.0,760.0,82.0,,,759.0,82.0,753.0,81.0,739.0,81.0,759.0,82.0,,,,,,,,0.0,0.0,0.0,0.0,0.0,0.0,0.0,0.0,0.0,35,0,0.0,0.0,0.0,0.0,0.0,0.0,0.0,0.0,0.0,0.0,0.0,0.0,0.0,0.0,601.0,430.0,0.0,0.0,0.0,0.0,0.0,0.0,0.0,0.0,0.0,0.0,0.0,0.0,0.0
326,Adama,Traoré Diarra,Adama,a,,,5.1,225,137.0,0.2,417,143.0,0.5,334.0,158.0,1,0,0.0,-4,4.0,107,223,0.1,4.9,-0.5,0.5,1.0,510.0,235.0,100.0,100.0,442.0,193.0,323.0,176.0,312.0,165.0,397.0,182.0,,,,,,,,0.17,0.14,0.31,2.01,0.0,0.0,2.87,0.24,4.31,35,1,16.0,0.0,0.0,0.0,1.0,0.0,0.0,0.0,0.0,0.0,0.0,0.0,0.0,3.0,142.0,311.0,0.0,0.0,0.009999999999999898,0.010000000000000009,0.14000000000000057,4.199999999999999,5.299999999999997,2.0,1.1999999999999993,1.0,0.0,0.0,1.0
600,Alphonse,Areola,Areola,a,,,4.2,629,30.0,1.9,140,19.0,0.0,534.0,83.0,0,0,0.0,-3,3.0,769,3152,0.0,12.1,-1.0,0.0,2.5,268.0,28.0,100.0,100.0,76.0,14.0,431.0,9.0,609.0,69.0,256.0,15.0,,,,,,,,0.0,0.0,0.0,1.76,3.85,0.0,1.85,1.0,0.0,35,0,0.0,0.0,0.0,0.0,0.0,0.0,0.0,0.0,0.0,0.0,0.0,0.0,0.0,0.0,1077.0,4758.0,0.0,0.0,0.0,0.0,0.0,0.0,0.0,0.0,0.0,0.0,0.0,0.0,0.0
601,Wes,Foderingham,Foderingham,u,has joined Aris Limassol permanently.,,4.0,668,42.0,0.2,363,52.0,0.0,453.0,54.0,0,0,0.0,0,0.0,0,94,0.0,0.0,0.0,0.0,0.0,585.0,65.0,0.0,0.0,573.0,65.0,564.0,52.0,533.0,38.0,575.0,65.0,,,,,,,,0.0,0.0,0.0,0.0,0.0,0.0,0.0,0.0,0.0,35,0,0.0,0.0,0.0,0.0,0.0,0.0,0.0,0.0,0.0,0.0,0.0,0.0,0.0,0.0,0.0,135.0,0.0,0.0,0.0,0.0,0.0,0.0,0.0,0.0,0.0,0.0,0.0,0.0,0.0
602,Krisztián,Hegyi,Hegyi,u,has joined MTK Budapest on loan for the rest of the season.,,3.9,776,86.0,0.2,382,55.0,0.0,435.0,45.0,0,0,0.0,-1,1.0,0,164,0.0,0.0,0.0,0.0,0.0,569.0,56.0,0.0,0.0,557.0,56.0,545.0,40.0,513.0,26.0,559.0,56.0,,,,,,,,0.0,0.0,0.0,0.0,0.0,0.0,0.0,0.0,0.0,35,0,0.0,0.0,0.0,0.0,0.0,0.0,0.0,0.0,0.0,0.0,0.0,0.0,0.0,0.0,0.0,239.0,0.0,0.0,0.0,0.0,0.0,0.0,0.0,0.0,0.0,0.0,0.0,0.0,0.0
603,El Hadji Malick,Diouf,Diouf,a,,,4.1,662,160.0,2.4,131,52.0,3.5,96.0,38.0,1,0,0.0,-4,4.0,1878,15290,0.9,23.4,2.5,3.5,3.3,145.0,53.0,100.0,100.0,97.0,43.0,78.0,17.0,264.0,72.0,116.0,31.0,,,,,,,,0.02,0.08,0.1,1.45,0.0,0.3,1.59,1.0,7.02,35,1,73.0,0.0,0.0,0.0,2.0,0.0,0.0,0.0,0.0,0.0,0.0,1.0,0.0,8.0,5031.0,21073.0,0.0,0.030000000000000027,0.03000000000000025,0.06000000000000005,2.1299999999999955,11.0,16.099999999999966,17.0,4.400000000000006,2.0,3.0,1.0,5.0
604,Emerson,Palmieri dos Santos,Emerson,u,has joined Marseille permanently.,,4.4,527,103.0,0.0,586,209.0,0.0,577.0,235.0,0,0,0.0,-1,1.0,0,10,0.0,0.0,0.0,0.0,0.0,677.0,256.0,0.0,0.0,667.0,256.0,663.0,256.0,642.0,255.0,669.0,256.0,,,,,,,,0.0,0.0,0.0,0.0,0.0,0.0,0.0,0.0,0.0,35,0,0.0,0.0,0.0,0.0,0.0,0.0,0.0,0.0,0.0,0.0,0.0,0.0,0.0,0.0,0.0,11.0,0.0,0.0,0.0,0.0,0.0,0.0,0.0,0.0,0.0,0.0,0.0,0.0,0.0
605,Maximilian,Kilman,Kilman,a,,,4.1,654,154.0,0.1,437,163.0,0.0,527.0,219.0,0,0,0.0,-4,4.0,40,202,0.0,8.8,-1.0,0.0,1.7,390.0,142.0,,,171.0,72.0,350.0,122.0,330.0,106.0,280.0,90.0,,,,,,,,0.03,0.01,0.04,1.92,0.0,0.06,2.14,0.98,9.24,35,0,0.0,0.0,0.0,0.0,0.0,0.0,0.0,0.0,0.0,0.0,0.0,0.0,0.0,0.0,57.0,303.0,0.0,0.0,0.0,0.0,0.0,0.0,0.0,0.0,0.0,0.0,0.0,0.0,0.0
606,Konstantinos,Mavropanos,Mavropanos,a,,,4.5,427,86.0,1.9,139,55.0,7.5,4.0,1.0,-1,0,0.0,0,0.0,12009,40317,1.7,23.8,6.5,7.5,3.8,78.0,28.0,100.0,100.0,43.0,18.0,353.0,124.0,108.0,15.0,118.0,33.0,,,,,,,,0.1,0.02,0.12,1.45,0.0,0.2,1.59,0.95,10.9,35,-1,90.0,0.0,0.0,0.0,3.0,1.0,0.0,0.0,0.0,0.0,0.0,1.0,0.0,-7.0,26835.0,50983.0,0.0,0.0,0.010000000000000009,0.010000000000000231,2.270000000000003,7.0,1.0,2.0,1.0,0.0,7.0,4.0,7.0
607,Nayef,Aguerd,N.Aguerd,u,has joined Marseille permanently.,,4.4,532,107.0,0.0,608,217.0,0.0,580.0,237.0,0,0,0.0,-1,1.0,0,5,0.0,0.7,0.0,0.0,1.5,412.0,151.0,0.0,0.0,433.0,160.0,458.0,164.0,426.0,161.0,456.0,163.0,,,,,,,,0.05,0.02,0.07,1.71,0.0,0.0,4.0,1.0,7.5,35,0,0.0,0.0,0.0,0.0,0.0,0.0,0.0,0.0,0.0,0.0,0.0,0.0,0.0,0.0,0.0,6.0,0.0,0.0,0.0,0.0,0.0,0.0,0.0,0.0,0.0,0.0,0.0,0.0,0.0
608,Ollie,Scarles,Scarles,a,,,4.3,607,139.0,0.0,623,222.0,0.0,561.0,234.0,0,0,0.0,-2,2.0,18,43,0.0,4.9,-1.0,0.0,1.6,408.0,150.0,100.0,100.0,343.0,130.0,314.0,103.0,388.0,135.0,375.0,129.0,5.0,,,,,,,0.02,0.04,0.06,1.84,0.0,0.0,2.2,1.23,10.15,35,0,2.0,0.0,0.0,0.0,0.0,0.0,0.0,0.0,1.0,0.0,0.0,0.0,0.0,2.0,28.0,52.0,0.0,0.0,0.0,0.0,0.10000000000000142,4.0,10.399999999999991,0.0,1.4000000000000021,1.0,1.0,0.0,2.0
609,Jean-Clair,Todibo,Todibo,a,,,4.3,590,133.0,0.1,492,176.0,0.2,353.0,117.0,0,0,0.0,-2,2.0,46,134,0.0,10.5,-0.8,0.2,2.1,327.0,120.0,100.0,100.0,183.0,73.0,336.0,113.0,382.0,133.0,298.0,99.0,,,,,,,,0.01,0.02,0.03,1.68,0.0,0.05,1.8,1.06,8.41,35,0,0.0,0.0,0.0,0.0,0.0,0.0,0.0,0.0,0.0,0.0,0.0,0.0,0.0,0.0,68.0,176.0,0.0,0.0,0.0,0.0,0.0,0.0,0.0,0.0,0.0,0.0,0.0,0.0,0.0
610,Aaron,Wan-Bissaka,Wan-Bissaka,a,,,4.1,655,155.0,4.3,89,28.0,0.2,350.0,114.0,1,0,0.0,-4,4.0,846,8722,0.0,15.6,-0.8,0.2,2.8,211.0,81.0,100.0,100.0,154.0,68.0,136.0,36.0,371.0,125.0,201.0,70.0,,,,,,,,0.0,0.04,0.04,1.55,0.0,0.14,1.87,0.98,7.7,35,1,25.0,0.0,0.0,0.0,1.0,0.0,0.0,0.0,0.0,0.0,0.0,0.0,0.0,2.0,1178.0,12740.0,0.0,0.0,0.0,0.0,0.14000000000000057,8.799999999999955,0.8000000000000114,0.0,1.0,1.0,1.0,2.0,2.0
611,Kaelan,Casey,Casey,u,has joined Leyton Orient on loan for the rest of the season.,,4.0,716,186.0,0.1,560,199.0,0.0,494.0,190.0,0,0,0.0,0,0.0,0,28,0.0,0.0,0.0,0.0,0.0,620.0,227.0,0.0,0.0,609.0,227.0,603.0,227.0,572.0,223.0,611.0,227.0,,,,,,,,0.0,0.0,0.0,0.0,0.0,0.0,0.0,0.0,0.0,35,0,0.0,0.0,0.0,0.0,0.0,0.0,0.0,0.0,0.0,0.0,0.0,0.0,0.0,0.0,0.0,40.0,0.0,0.0,0.0,0.0,0.0,0.0,0.0,0.0,0.0,0.0,0.0,0.0,0.0
612,Lucas,Tolentino Coelho de Lima,L.Paquetá,u,has joined Flamengo permanently.,,5.9,94,62.0,1.0,195,68.0,0.0,812.0,361.0,0,0,0.0,-1,1.0,0,380,0.0,11.7,0.0,0.0,3.8,85.0,38.0,0.0,0.0,180.0,70.0,77.0,59.0,182.0,98.0,144.0,77.0,,,,,,,,0.17,0.12,0.29,1.44,0.0,0.18,1.96,1.07,8.68,35,0,0.0,0.0,0.0,0.0,0.0,0.0,0.0,0.0,0.0,0.0,0.0,0.0,0.0,0.0,0.0,518.0,0.0,0.0,0.0,0.0,0.0,0.0,0.0,0.0,0.0,0.0,0.0,0.0,0.0
613,Tomáš,Souček,Souček,a,,,5.7,114,72.0,0.4,300,105.0,4.5,56.0,19.0,2,0,0.0,-3,3.0,1460,3854,0.8,17.0,3.5,4.5,3.0,198.0,78.0,100.0,100.0,121.0,37.0,210.0,135.0,65.0,37.0,109.0,64.0,,,,,,,,0.23,0.02,0.25,1.6,0.0,0.28,1.85,0.97,9.43,35,2,90.0,0.0,0.0,0.0,3.0,0.0,0.0,0.0,0.0,0.0,0.0,1.0,0.0,9.0,4620.0,4617.0,0.0,0.16000000000000014,0.06,0.21999999999999975,2.269999999999996,15.200000000000045,13.900000000000006,11.0,4.0,4.0,3.0,2.0,9.0
615,Crysencio,Summerville,Summerville,a,,,5.4,167,104.0,1.3,172,60.0,2.2,171.0,73.0,1,-1,1.0,-1,1.0,2083,20814,0.4,18.7,1.2,2.2,3.6,113.0,48.0,100.0,100.0,173.0,64.0,71.0,55.0,43.0,25.0,68.0,42.0,2.0,,,,,,,0.22,0.11,0.33,1.35,0.0,0.29,1.55,1.06,7.94,35,1,87.0,0.0,0.0,0.0,3.0,0.0,0.0,0.0,1.0,0.0,0.0,1.0,0.0,3.0,7840.0,27468.0,0.0,0.13999999999999968,0.020000000000000018,0.15999999999999925,2.1700000000000017,8.399999999999977,28.80000000000001,2.0,3.9000000000000057,4.0,1.0,4.0,9.0
618,Guido,Rodríguez,G.Rodriguez,u,has joined Valencia on loan for the rest of the season.,,4.8,349,220.0,0.0,614,235.0,0.0,712.0,292.0,0,0,0.0,-2,2.0,0,17,0.0,1.7,0.0,0.0,1.3,440.0,195.0,0.0,0.0,472.0,209.0,450.0,217.0,457.0,225.0,482.0,218.0,,,,,,,,0.02,0.02,0.04,1.33,0.0,0.51,1.03,1.03,7.71,35,0,0.0,0.0,0.0,0.0,0.0,0.0,0.0,0.0,0.0,0.0,0.0,0.0,0.0,0.0,0.0,17.0,0.0,0.0,0.0,0.0,0.0,0.0,0.0,0.0,0.0,0.0,0.0,0.0,0.0
619,Luis Guilherme,Lira dos Santos,L.Guilherme,u,has joined Sporting CP permanently.,,4.9,337,209.0,0.0,692,278.0,0.0,744.0,315.0,0,0,0.0,-1,1.0,0,6,0.0,1.0,0.0,0.0,1.0,504.0,230.0,0.0,0.0,474.0,211.0,417.0,207.0,444.0,217.0,474.0,213.0,,,,,,,,0.05,0.02,0.07,1.35,0.0,0.0,1.49,0.74,8.18,35,0,0.0,0.0,0.0,0.0,0.0,0.0,0.0,0.0,0.0,0.0,0.0,0.0,0.0,0.0,0.0,6.0,0.0,0.0,0.0,0.0,0.0,0.0,0.0,0.0,0.0,0.0,0.0,0.0,0.0
620,George,Earthy,Earthy,u,has joined Bristol City on loan for the rest of the season.,,4.5,448,267.0,0.0,612,234.0,0.0,636.0,231.0,0,0,0.0,0,0.0,0,18,0.0,0.2,0.0,0.0,1.0,485.0,216.0,0.0,0.0,714.0,281.0,475.0,227.0,453.0,222.0,506.0,230.0,,,,,,,,0.0,0.11,0.11,8.21,0.0,0.0,11.25,0.0,0.0,35,0,0.0,0.0,0.0,0.0,0.0,0.0,0.0,0.0,0.0,0.0,0.0,0.0,0.0,0.0,0.0,22.0,0.0,0.0,0.0,0.0,0.0,0.0,0.0,0.0,0.0,0.0,0.0,0.0,0.0
621,Andy,Irving,Irving,u,has joined Sparta Prague permanently.,,4.3,586,347.0,0.2,375,128.0,0.0,552.0,179.0,0,0,0.0,-2,2.0,0,152,0.0,2.1,0.0,0.0,1.3,436.0,192.0,0.0,0.0,443.0,194.0,356.0,186.0,448.0,219.0,434.0,196.0,,,,,,,,0.0,0.1,0.1,2.32,0.0,0.0,2.31,1.15,12.69,35,0,0.0,0.0,0.0,0.0,0.0,0.0,0.0,0.0,0.0,0.0,0.0,0.0,0.0,0.0,0.0,231.0,0.0,0.0,0.0,0.0,0.0,0.0,0.0,0.0,0.0,0.0,0.0,0.0,0.0
622,Lewis,Orford,Orford,u,has joined Stevenage on loan for the rest of the season.,,4.4,552,331.0,0.1,581,216.0,0.0,591.0,203.0,0,0,0.0,-1,1.0,0,7,0.0,0.0,0.0,0.0,0.0,687.0,265.0,0.0,0.0,678.0,257.0,675.0,261.0,654.0,251.0,680.0,259.0,,,,,,,,0.0,0.0,0.0,0.0,0.0,0.0,0.0,0.0,0.0,35,0,0.0,0.0,0.0,0.0,0.0,0.0,0.0,0.0,0.0,0.0,0.0,0.0,0.0,0.0,0.0,9.0,0.0,0.0,0.0,0.0,0.0,0.0,0.0,0.0,0.0,0.0,0.0,0.0,0.0
623,Freddie,Potts,Potts,a,,,4.3,597,352.0,0.5,264,90.0,0.5,321.0,151.0,0,0,0.0,-2,2.0,1232,1043,0.1,8.6,-0.5,0.5,1.7,394.0,169.0,100.0,100.0,300.0,130.0,242.0,154.0,355.0,183.0,335.0,163.0,,,,,,,,0.02,0.08,0.1,1.65,0.0,0.08,1.94,0.93,9.22,35,0,0.0,0.0,0.0,0.0,0.0,0.0,0.0,0.0,0.0,0.0,0.0,0.0,0.0,0.0,2090.0,1755.0,0.0,0.0,0.0,0.0,0.0,0.0,0.0,0.0,0.0,0.0,0.0,0.0,0.0
624,Jarrod,Bowen,Bowen,a,,,7.7,19,6.0,13.1,27,7.0,7.0,10.0,3.0,2,-1,1.0,-3,3.0,29242,271277,0.9,22.2,6.0,7.0,4.9,20.0,4.0,,,17.0,3.0,26.0,1.0,13.0,8.0,7.0,3.0,1.0,1.0,2.0,,,,,0.19,0.14,0.33,1.54,0.0,0.2,1.69,1.0,7.52,35,2,87.0,0.0,0.0,0.0,3.0,0.0,0.0,0.0,0.0,0.0,0.0,1.0,0.0,14.0,108526.0,332573.0,0.0,0.07000000000000028,0.20999999999999996,0.27999999999999936,2.1699999999999946,11.600000000000023,54.0,13.0,7.899999999999977,0.0,0.0,3.0,3.0
625,Niclas,Füllkrug,Füllkrug,u,has joined AC Milan on loan for the rest of the season.,,5.6,122,34.0,0.6,259,37.0,0.0,806.0,88.0,0,0,0.0,-4,4.0,0,83,0.0,2.1,0.0,0.0,1.5,420.0,50.0,0.0,0.0,453.0,52.0,304.0,34.0,244.0,48.0,377.0,48.0,,,,,,,,0.21,0.05,0.26,1.9,0.0,0.22,2.43,1.11,4.2,35,0,0.0,0.0,0.0,0.0,0.0,0.0,0.0,0.0,0.0,0.0,0.0,0.0,0.0,0.0,0.0,98.0,0.0,0.0,0.0,0.0,0.0,0.0,0.0,0.0,0.0,0.0,0.0,0.0,0.0
738,Lukasz,Fabianski,Fabianski,a,,,4.5,408,22.0,0.0,619,80.0,0.0,610.0,89.0,0,0,0.0,0,0.0,152,112,0.0,0.0,-1.0,0.0,0.0,700.0,94.0,100.0,100.0,693.0,94.0,689.0,88.0,670.0,78.0,695.0,94.0,,,,,,,,0.0,0.0,0.0,0.0,0.0,0.0,0.0,0.0,0.0,35,0,0.0,0.0,0.0,0.0,0.0,0.0,0.0,0.0,0.0,0.0,0.0,0.0,0.0,0.0,210.0,155.0,0.0,0.0,0.0,0.0,0.0,0.0,0.0,0.0,0.0,0.0,0.0,0.0,0.0
656,Saša,Kalajdžić,Kalajdžić,u,has joined LASK on loan for the rest of the season.,,4.9,317,59.0,0.0,594,81.0,0.0,733.0,77.0,0,0,0.0,-1,1.0,0,4,0.0,0.2,0.0,0.0,1.0,502.0,61.0,0.0,0.0,510.0,62.0,455.0,58.0,458.0,62.0,499.0,62.0,,,,,,,,0.0,0.06,0.06,0.64,0.0,0.0,0.0,0.0,12.86,35,0,0.0,0.0,0.0,0.0,0.0,0.0,0.0,0.0,0.0,0.0,0.0,0.0,0.0,0.0,0.0,6.0,0.0,0.0,0.0,0.0,0.0,0.0,0.0,0.0,0.0,0.0,0.0,0.0,0.0
658,Nathan,Fraser,Fraser,a,,,4.2,645,89.0,1.8,148,22.0,0.0,541.0,53.0,0,0,0.0,-3,3.0,978,2395,0.0,0.0,-1.0,-0.5,0.0,656.0,65.0,,,646.0,64.0,641.0,63.0,616.0,63.0,648.0,64.0,,,,,,,,0.0,0.0,0.0,0.0,0.0,0.0,0.0,0.0,0.0,35,0,0.0,0.0,0.0,0.0,0.0,0.0,0.0,0.0,0.0,0.0,0.0,0.0,0.0,0.0,1408.0,3573.0,0.0,0.0,0.0,0.0,0.0,0.0,0.0,0.0,0.0,0.0,0.0,0.0,0.0
663,Jhon,Arias,J.Arias,u,has joined Palmeiras permanently.,,4.9,313,195.0,0.1,449,155.0,0.0,730.0,305.0,0,0,0.0,-6,6.0,0,46,0.0,9.2,0.0,0.0,2.0,345.0,148.0,0.0,0.0,318.0,139.0,185.0,121.0,225.0,122.0,276.0,140.0,,,,,,,,0.27,0.05,0.32,1.29,0.0,0.16,1.69,1.13,10.07,35,0,0.0,0.0,0.0,0.0,0.0,0.0,0.0,0.0,0.0,0.0,0.0,0.0,0.0,0.0,0.0,67.0,0.0,0.0,0.0,0.0,0.0,0.0,0.0,0.0,0.0,0.0,0.0,0.0,0.0
828,Alfie,Brooks,Brooks,a,,,4.0,699,58.0,0.0,780,91.0,0.0,481.0,70.0,0,0,0.0,0,0.0,118,40,0.0,0.0,-1.0,-0.5,0.0,609.0,79.0,,,597.0,79.0,590.0,68.0,559.0,54.0,599.0,79.0,,,,,,,,0.0,0.0,0.0,0.0,0.0,0.0,0.0,0.0,0.0,35,0,0.0,0.0,0.0,0.0,0.0,0.0,0.0,0.0,0.0,0.0,0.0,0.0,0.0,0.0,192.0,62.0,0.0,0.0,0.0,0.0,0.0,0.0,0.0,0.0,0.0,0.0,0.0,0.0,0.0
831,Josh,Gracey,Gracey,a,,,4.0,742,68.0,0.0,811,94.0,0.0,520.0,80.0,0,0,0.0,0,0.0,177,9,0.0,0.0,0.5,1.0,0.0,643.0,88.0,,,632.0,88.0,626.0,78.0,596.0,64.0,634.0,88.0,,,,,,,,0.0,0.0,0.0,0.0,0.0,0.0,0.0,0.0,0.0,35,0,0.0,0.0,0.0,0.0,0.0,0.0,0.0,0.0,0.0,0.0,0.0,0.0,0.0,0.0,177.0,9.0,0.0,0.0,0.0,0.0,0.0,0.0,0.0,0.0,0.0,0.0,0.0,0.0,0.0
314,Bernd,Leno,Leno,a,,,4.9,285,10.0,2.0,136,18.0,5.5,24.0,1.0,3,0,0.0,-1,1.0,18470,5246,1.1,22.7,5.5,4.5,3.2,165.0,20.0,,,24.0,6.0,773.0,93.0,769.0,91.0,193.0,7.0,,,,,,,,0.0,0.0,0.0,1.43,2.6,0.23,1.4,1.0,0.0,35,3,90.0,0.0,0.0,0.0,3.0,0.0,0.0,0.0,0.0,0.0,6.0,1.0,0.0,12.0,23833.0,10393.0,0.0,0.0,0.0,0.0,3.230000000000004,44.60000000000002,0.0,0.0,4.5,0.0,1.0,6.0,0.0
354,Ethan,Ampadu,Ampadu,a,,,4.9,297,185.0,0.6,255,89.0,4.0,74.0,26.0,1,0,0.0,-1,1.0,2980,10161,0.8,24.1,4.0,4.5,3.7,94.0,40.0,100.0,100.0,89.0,28.0,95.0,70.0,205.0,109.0,107.0,62.0,,,,,,,,0.08,0.07,0.15,1.32,0.0,0.22,1.42,1.01,12.1,35,1,90.0,0.0,0.0,0.0,1.0,0.0,0.0,0.0,1.0,0.0,0.0,1.0,0.0,6.0,11709.0,12215.0,0.0,0.0900000000000003,0.020000000000000018,0.10999999999999943,0.5700000000000003,5.600000000000023,14.199999999999989,9.0,2.9000000000000057,0.0,5.0,5.0,10.0
401,Marcus,Bettinelli,Bettinelli,a,,,3.8,797,95.0,0.4,301,40.0,0.0,394.0,27.0,0,0,0.0,-2,2.0,406,3055,0.0,0.0,1.0,0.5,0.0,537.0,40.0,100.0,100.0,525.0,40.0,508.0,20.0,475.0,6.0,527.0,40.0,,,,,,,,0.0,0.0,0.0,0.0,0.0,0.0,0.0,0.0,0.0,35,0,0.0,0.0,0.0,0.0,0.0,0.0,0.0,0.0,0.0,0.0,0.0,0.0,0.0,0.0,522.0,3802.0,0.0,0.0,0.0,0.0,0.0,0.0,0.0,0.0,0.0,0.0,0.0,0.0,0.0
195,Lucas,Pires Silva,Lucas Pires,a,,,3.8,818,256.0,0.3,347,126.0,0.5,315.0,103.0,1,0,0.0,-2,2.0,122,530,0.1,5.5,0.0,0.0,1.2,446.0,159.0,100.0,100.0,301.0,116.0,161.0,41.0,321.0,101.0,285.0,92.0,,,,,,,,0.03,0.1,0.13,1.85,0.0,0.08,2.06,0.95,5.95,35,1,25.0,0.0,0.0,0.0,0.0,0.0,0.0,0.0,0.0,0.0,0.0,0.0,0.0,5.0,142.0,827.0,0.0,0.0,0.010000000000000009,0.010000000000000009,0.370000000000001,5.800000000000011,15.399999999999977,2.0,2.299999999999997,0.0,0.0,3.0,0.0
196,Shurandy,Sambo,Sambo,u,has joined Sparta Rotterdam on loan for the rest of the season.,,4.0,688,172.0,0.0,617,220.0,0.0,471.0,180.0,0,0,0.0,0,0.0,0,4,0.0,0.0,0.0,0.0,0.0,600.0,219.0,0.0,0.0,588.0,218.0,581.0,218.0,550.0,214.0,590.0,218.0,,,,,,,,0.0,0.0,0.0,0.0,0.0,0.0,0.0,0.0,0.0,35,0,0.0,0.0,0.0,0.0,0.0,0.0,0.0,0.0,0.0,0.0,0.0,0.0,0.0,0.0,0.0,7.0,0.0,0.0,0.0,0.0,0.0,0.0,0.0,0.0,0.0,0.0,0.0,0.0,0.0
742,Ryan,McAidoo,McAidoo,a,,,4.5,504,312.0,0.0,737,308.0,0.0,687.0,274.0,0,0,0.0,0,0.0,15,19,0.0,0.0,1.0,0.5,0.0,761.0,321.0,,,760.0,320.0,754.0,320.0,740.0,316.0,760.0,320.0,,,,,,,,0.0,0.0,0.0,0.0,0.0,0.0,0.0,0.0,0.0,35,0,0.0,0.0,0.0,0.0,0.0,0.0,0.0,0.0,0.0,0.0,0.0,0.0,0.0,0.0,23.0,23.0,0.0,0.0,0.0,0.0,0.0,0.0,0.0,0.0,0.0,0.0,0.0,0.0,0.0
458,Kobbie,Mainoo,Mainoo,a,,,4.7,392,243.0,1.2,182,63.0,4.2,62.0,21.0,9,0,0.0,-3,3.0,19740,2981,0.9,13.2,4.7,4.2,2.5,272.0,111.0,100.0,100.0,219.0,91.0,123.0,84.0,310.0,163.0,222.0,106.0,,,,,,,,0.02,0.08,0.1,1.23,0.0,0.26,1.3,0.85,10.15,35,9,90.0,1.0,0.0,0.0,2.0,0.0,0.0,0.0,0.0,0.0,0.0,1.0,2.0,39.0,22144.0,5518.0,0.0,0.06,0.020000000000000018,0.08000000000000007,0.8900000000000006,43.599999999999966,5.899999999999977,11.0,6.099999999999994,1.0,2.0,7.0,10.0
464,Jack,Moorhouse,Moorhouse,u,has joined Leyton Orient on loan for the rest of the season.,,4.5,471,286.0,0.0,705,285.0,0.0,656.0,249.0,0,0,0.0,0,0.0,0,2,0.0,0.0,0.0,0.0,0.0,737.0,302.0,0.0,0.0,733.0,299.0,728.0,300.0,712.0,294.0,734.0,300.0,,,,,,,,0.0,0.0,0.0,0.0,0.0,0.0,0.0,0.0,0.0,35,0,0.0,0.0,0.0,0.0,0.0,0.0,0.0,0.0,0.0,0.0,0.0,0.0,0.0,0.0,0.0,3.0,0.0,0.0,0.0,0.0,0.0,0.0,0.0,0.0,0.0,0.0,0.0,0.0,0.0
465,Rasmus,Højlund,Højlund,u,has joined Napoli on loan for the rest of the season.,,6.3,69,23.0,0.3,350,56.0,0.0,820.0,90.0,0,0,0.0,-2,2.0,0,17,0.0,0.0,0.0,0.0,0.0,825.0,91.0,0.0,0.0,825.0,91.0,825.0,91.0,825.0,91.0,825.0,91.0,,,,,,,,0.0,0.0,0.0,0.0,0.0,0.0,0.0,0.0,0.0,35,0,0.0,0.0,0.0,0.0,0.0,0.0,0.0,0.0,0.0,0.0,0.0,0.0,0.0,0.0,0.0,21.0,0.0,0.0,0.0,0.0,0.0,0.0,0.0,0.0,0.0,0.0,0.0,0.0,0.0
722,Florentino Ibrain,Morris Luís,Florentino,a,,,5.0,249,150.0,0.0,616,236.0,1.5,227.0,100.0,1,0,0.0,0,0.0,25,117,0.3,14.4,1.0,1.0,2.6,255.0,105.0,,,188.0,74.0,191.0,124.0,344.0,178.0,249.0,122.0,,,,,,,,0.03,0.02,0.05,2.03,0.0,0.1,2.0,1.07,13.25,35,1,25.0,0.0,0.0,0.0,0.0,0.0,0.0,0.0,0.0,0.0,0.0,0.0,0.0,8.0,79.0,150.0,0.0,0.0,0.010000000000000009,0.010000000000000009,0.37000000000000455,6.199999999999989,2.799999999999983,0.0,0.8999999999999986,2.0,0.0,1.0,3.0
776,Oliver,Pimlott,Pimlott,a,,,4.5,513,318.0,0.0,792,346.0,0.0,693.0,278.0,0,0,0.0,0,0.0,13,15,0.0,0.0,-0.5,-0.5,0.0,767.0,325.0,,,766.0,324.0,760.0,324.0,746.0,320.0,766.0,324.0,,,,,,,,0.0,0.0,0.0,0.0,0.0,0.0,0.0,0.0,0.0,35,0,0.0,0.0,0.0,0.0,0.0,0.0,0.0,0.0,0.0,0.0,0.0,0.0,0.0,0.0,24.0,17.0,0.0,0.0,0.0,0.0,0.0,0.0,0.0,0.0,0.0,0.0,0.0,0.0,0.0
784,George,Brierley,Brierley,a,,,4.5,521,324.0,0.0,800,351.0,0.0,700.0,284.0,0,0,0.0,0,0.0,11,12,0.0,0.0,-0.5,-0.5,0.0,773.0,330.0,,,772.0,329.0,766.0,329.0,753.0,326.0,772.0,329.0,,,,,,,,0.0,0.0,0.0,0.0,0.0,0.0,0.0,0.0,0.0,35,0,0.0,0.0,0.0,0.0,0.0,0.0,0.0,0.0,0.0,0.0,0.0,0.0,0.0,0.0,16.0,16.0,0.0,0.0,0.0,0.0,0.0,0.0,0.0,0.0,0.0,0.0,0.0,0.0,0.0
820,Kian,McMahon-Brown,McMahon-Brown,a,,,4.5,512,317.0,0.0,815,360.0,0.0,692.0,277.0,0,0,0.0,0,0.0,23,13,0.0,0.0,-0.5,-0.5,0.0,766.0,324.0,,,765.0,323.0,759.0,323.0,745.0,319.0,765.0,323.0,,,,,,,,0.0,0.0,0.0,0.0,0.0,0.0,0.0,0.0,0.0,35,0,0.0,0.0,0.0,0.0,0.0,0.0,0.0,0.0,0.0,0.0,0.0,0.0,0.0,0.0,30.0,17.0,0.0,0.0,0.0,0.0,0.0,0.0,0.0,0.0,0.0,0.0,0.0,0.0,0.0
492,Antoñito,Cordero Campillo,Antoñito C.,u,has joined Cadiz on loan for the rest of the season.,,4.9,342,214.0,0.0,684,274.0,0.0,747.0,318.0,0,0,0.0,-1,1.0,0,3,0.0,0.0,0.0,0.0,0.0,794.0,346.0,0.0,0.0,793.0,345.0,790.0,345.0,787.0,344.0,793.0,345.0,,,,,,,,0.0,0.0,0.0,0.0,0.0,0.0,0.0,0.0,0.0,35,0,0.0,0.0,0.0,0.0,0.0,0.0,0.0,0.0,0.0,0.0,0.0,0.0,0.0,0.0,0.0,3.0,0.0,0.0,0.0,0.0,0.0,0.0,0.0,0.0,0.0,0.0,0.0,0.0,0.0
494,Joe,Willock,Willock,a,,,5.0,247,148.0,0.1,504,184.0,1.0,273.0,128.0,2,0,0.0,0,0.0,198,236,0.2,6.4,1.0,0.5,1.5,416.0,179.0,100.0,100.0,376.0,168.0,221.0,142.0,197.0,106.0,310.0,151.0,,,,,,,,0.12,0.07,0.19,1.64,0.0,0.32,1.6,0.96,8.84,35,2,67.0,0.0,0.0,0.0,1.0,0.0,0.0,0.0,0.0,0.0,0.0,1.0,0.0,6.0,291.0,321.0,0.0,0.22000000000000008,0.010000000000000009,0.22999999999999998,1.0099999999999998,1.8000000000000114,2.0,41.0,4.5,0.0,1.0,2.0,3.0
495,Isaac,Hayden,Hayden,u,Has departed the club as a free agent.,,4.5,415,251.0,0.0,777,334.0,0.0,613.0,216.0,0,0,0.0,0,0.0,0,1,0.0,0.0,0.0,0.0,0.0,703.0,273.0,0.0,0.0,696.0,267.0,692.0,270.0,673.0,262.0,698.0,269.0,,,,,,,,0.0,0.0,0.0,0.0,0.0,0.0,0.0,0.0,0.0,35,0,0.0,0.0,0.0,0.0,0.0,0.0,0.0,0.0,0.0,0.0,0.0,0.0,0.0,0.0,0.0,1.0,0.0,0.0,0.0,0.0,0.0,0.0,0.0,0.0,0.0,0.0,0.0,0.0,0.0
782,Fraser,Forster,Forster,a,,,4.0,665,39.0,0.0,654,81.0,0.0,452.0,53.0,0,0,0.0,0,0.0,111,55,0.0,0.0,0.0,0.0,0.0,584.0,64.0,,,572.0,64.0,561.0,49.0,530.0,35.0,574.0,64.0,,,,,,,,0.0,0.0,0.0,0.0,0.0,0.0,0.0,0.0,0.0,35,0,0.0,0.0,0.0,0.0,0.0,0.0,0.0,0.0,0.0,0.0,0.0,0.0,0.0,0.0,145.0,70.0,0.0,0.0,0.0,0.0,0.0,0.0,0.0,0.0,0.0,0.0,0.0,0.0,0.0
773,Dean,Benamar,Benamar,a,,,4.0,745,211.0,0.0,697,248.0,0.0,522.0,214.0,0,0,0.0,0,0.0,33,26,0.0,0.0,-0.5,0.0,0.0,644.0,247.0,,,633.0,247.0,627.0,247.0,598.0,245.0,635.0,247.0,,,,,,,,0.0,0.0,0.0,0.0,0.0,0.0,0.0,0.0,0.0,35,0,0.0,0.0,0.0,0.0,0.0,0.0,0.0,0.0,0.0,0.0,0.0,0.0,0.0,0.0,36.0,42.0,0.0,0.0,0.0,0.0,0.0,0.0,0.0,0.0,0.0,0.0,0.0,0.0,0.0
488,Bruno,Guimarães Rodriguez Moura,Bruno G.,a,,,6.8,42,26.0,5.0,80,28.0,2.2,179.0,79.0,6,0,0.0,3,-3.0,36178,12115,0.3,21.0,2.2,1.7,5.5,5.0,2.0,100.0,100.0,37.0,10.0,19.0,18.0,66.0,38.0,22.0,18.0,3.0,5.0,2.0,,,,,0.21,0.17,0.38,1.17,0.0,0.24,1.38,0.98,8.96,35,6,90.0,0.0,1.0,0.0,1.0,0.0,0.0,0.0,0.0,0.0,0.0,1.0,1.0,24.0,59213.0,15995.0,0.0,0.03000000000000025,0.1499999999999999,0.1800000000000015,1.5299999999999976,23.0,18.5,2.0,4.400000000000006,1.0,3.0,7.0,11.0
489,Jacob,Murphy,J.Murphy,a,,,5.9,88,56.0,0.6,242,85.0,3.0,123.0,47.0,8,0,0.0,-6,6.0,2287,845,0.5,13.1,3.0,2.5,2.6,260.0,108.0,100.0,100.0,227.0,95.0,87.0,64.0,91.0,53.0,127.0,72.0,,,,,,,,0.18,0.16,0.34,1.35,0.0,0.42,1.15,1.03,5.03,35,8,67.0,0.0,1.0,0.0,1.0,0.0,0.0,0.0,0.0,0.0,0.0,1.0,3.0,27.0,2820.0,1212.0,0.0,0.0,0.1499999999999999,0.14999999999999947,1.0100000000000016,27.80000000000001,34.30000000000001,0.0,6.200000000000003,0.0,3.0,3.0,6.0
797,Kaye,Furo,Furo,a,,,4.5,492,69.0,0.0,701,88.0,0.2,364.0,48.0,1,0,0.0,0,0.0,111,52,0.0,0.2,-0.3,0.2,1.0,493.0,59.0,100.0,100.0,750.0,80.0,744.0,79.0,730.0,79.0,750.0,80.0,,,,,,,,0.0,0.0,0.0,1.8,0.0,0.0,0.0,0.0,0.0,35,1,1.0,0.0,0.0,0.0,0.0,0.0,0.0,0.0,0.0,0.0,0.0,0.0,0.0,2.0,137.0,81.0,0.0,0.0,0.0,0.0,0.02,0.0,0.0,0.0,0.0,0.0,0.0,0.0,0.0
810,Luka,Bentt,Bentt,a,,,4.5,470,285.0,0.0,796,348.0,0.0,655.0,248.0,0,0,0.0,0,0.0,25,17,0.0,0.0,-0.5,0.0,0.0,736.0,301.0,,,732.0,298.0,727.0,299.0,711.0,293.0,733.0,299.0,,,,,,,,0.0,0.0,0.0,0.0,0.0,0.0,0.0,0.0,0.0,35,0,0.0,0.0,0.0,0.0,0.0,0.0,0.0,0.0,0.0,0.0,0.0,0.0,0.0,0.0,40.0,24.0,0.0,0.0,0.0,0.0,0.0,0.0,0.0,0.0,0.0,0.0,0.0,0.0,0.0
819,Ollie,Shield,Shield,a,,,4.0,702,179.0,0.0,757,258.0,0.0,484.0,186.0,0,0,0.0,0,0.0,37,33,0.0,0.0,-0.5,0.0,0.0,612.0,224.0,,,600.0,223.0,593.0,223.0,562.0,219.0,602.0,223.0,,,,,,,,0.0,0.0,0.0,0.0,0.0,0.0,0.0,0.0,0.0,35,0,0.0,0.0,0.0,0.0,0.0,0.0,0.0,0.0,0.0,0.0,0.0,0.0,0.0,0.0,45.0,36.0,0.0,0.0,0.0,0.0,0.0,0.0,0.0,0.0,0.0,0.0,0.0,0.0,0.0
823,Joshua,Stephenson,Stephenson,a,,,4.0,747,213.0,0.0,795,265.0,0.0,524.0,216.0,0,0,0.0,0,0.0,16,15,0.0,0.0,-0.5,0.0,0.0,646.0,249.0,,,635.0,249.0,629.0,249.0,600.0,247.0,637.0,249.0,,,,,,,,0.0,0.0,0.0,0.0,0.0,0.0,0.0,0.0,0.0,35,0,0.0,0.0,0.0,0.0,0.0,0.0,0.0,0.0,0.0,0.0,0.0,0.0,0.0,0.0,22.0,20.0,0.0,0.0,0.0,0.0,0.0,0.0,0.0,0.0,0.0,0.0,0.0,0.0,0.0
824,Conor,McManus,McManus,a,,,4.0,729,197.0,0.0,793,264.0,0.0,507.0,201.0,0,0,0.0,0,0.0,23,21,0.0,0.0,-0.5,0.0,0.0,632.0,237.0,,,621.0,237.0,615.0,237.0,585.0,234.0,623.0,237.0,,,,,,,,0.0,0.0,0.0,0.0,0.0,0.0,0.0,0.0,0.0,35,0,0.0,0.0,0.0,0.0,0.0,0.0,0.0,0.0,0.0,0.0,0.0,0.0,0.0,0.0,37.0,26.0,0.0,0.0,0.0,0.0,0.0,0.0,0.0,0.0,0.0,0.0,0.0,0.0,0.0
826,Riley,Owen,Owen,a,,,4.5,463,280.0,0.0,820,363.0,0.0,649.0,243.0,0,0,0.0,0,0.0,47,22,0.0,0.0,-0.5,0.0,0.0,732.0,298.0,,,726.0,293.0,722.0,295.0,705.0,288.0,727.0,294.0,,,,,,,,0.0,0.0,0.0,0.0,0.0,0.0,0.0,0.0,0.0,35,0,0.0,0.0,0.0,0.0,0.0,0.0,0.0,0.0,0.0,0.0,0.0,0.0,0.0,0.0,64.0,28.0,0.0,0.0,0.0,0.0,0.0,0.0,0.0,0.0,0.0,0.0,0.0,0.0,0.0
138,Jason,Steele,Steele,a,,,4.2,626,28.0,0.2,355,50.0,0.0,532.0,82.0,0,0,0.0,-3,3.0,391,217,0.0,0.0,1.0,0.5,0.0,651.0,90.0,,,640.0,90.0,635.0,81.0,606.0,67.0,642.0,90.0,,,,,,,,0.0,0.0,0.0,0.0,0.0,0.0,0.0,0.0,0.0,35,0,0.0,0.0,0.0,0.0,0.0,0.0,0.0,0.0,0.0,0.0,0.0,0.0,0.0,0.0,478.0,312.0,0.0,0.0,0.0,0.0,0.0,0.0,0.0,0.0,0.0,0.0,0.0,0.0,0.0
139,Bart,Verbruggen,Verbruggen,a,,,4.6,403,21.0,9.5,40,6.0,4.8,41.0,3.0,2,1,-1.0,1,-1.0,74491,14334,1.0,26.1,5.8,5.3,3.4,134.0,17.0,,,9.0,2.0,436.0,13.0,756.0,83.0,156.0,2.0,,,,,,,,0.0,0.0,0.0,1.33,2.83,0.26,1.2,1.0,0.0,35,2,90.0,0.0,0.0,0.0,3.0,0.0,0.0,0.0,0.0,0.0,4.0,1.0,0.0,1.0,105840.0,33435.0,0.0,0.0,0.0,0.0,3.1600000000000037,26.799999999999955,0.0,0.0,2.700000000000003,0.0,1.0,5.0,0.0
140,Tom,McGill,McGill,a,,,3.9,762,79.0,0.3,327,45.0,0.0,425.0,38.0,0,0,0.0,-1,1.0,117,240,0.0,0.0,1.0,0.5,0.0,559.0,49.0,,,547.0,49.0,535.0,33.0,503.0,19.0,549.0,49.0,,,,,,,,0.0,0.0,0.0,0.0,0.0,0.0,0.0,0.0,0.0,35,0,0.0,0.0,0.0,0.0,0.0,0.0,0.0,0.0,0.0,0.0,0.0,0.0,0.0,0.0,171.0,330.0,0.0,0.0,0.0,0.0,0.0,0.0,0.0,0.0,0.0,0.0,0.0,0.0,0.0
142,Kjell,Scherpen,Scherpen,u,Has joined Union SG permanently,,4.0,683,48.0,0.0,818,96.0,0.0,466.0,60.0,0,0,0.0,0,0.0,0,1,0.0,0.0,0.0,0.0,0.0,595.0,69.0,0.0,0.0,583.0,69.0,576.0,58.0,545.0,44.0,585.0,69.0,,,,,,,,0.0,0.0,0.0,0.0,0.0,0.0,0.0,0.0,0.0,35,0,0.0,0.0,0.0,0.0,0.0,0.0,0.0,0.0,0.0,0.0,0.0,0.0,0.0,0.0,0.0,1.0,0.0,0.0,0.0,0.0,0.0,0.0,0.0,0.0,0.0,0.0,0.0,0.0,0.0
143,Olivier,Boscagli,Boscagli,a,,,4.2,633,143.0,0.2,406,151.0,4.5,47.0,19.0,1,0,0.0,-3,3.0,2644,726,1.1,9.3,5.5,5.0,3.2,160.0,64.0,,,284.0,115.0,313.0,102.0,412.0,153.0,355.0,119.0,3.0,,,,,,,0.01,0.05,0.06,1.22,0.0,0.34,1.13,1.01,8.79,35,1,90.0,0.0,0.0,0.0,3.0,0.0,0.0,0.0,0.0,0.0,0.0,1.0,0.0,8.0,3811.0,1187.0,0.0,0.0,0.06999999999999995,0.07,3.1599999999999993,24.400000000000006,17.299999999999997,0.0,4.200000000000003,2.0,3.0,5.0,5.0
146,Lewis,Dunk,Dunk,a,,,4.5,410,73.0,0.9,208,82.0,0.2,361.0,122.0,1,0,0.0,0,0.0,2492,867,0.0,18.4,1.2,0.7,2.8,216.0,85.0,100.0,100.0,73.0,33.0,279.0,83.0,217.0,58.0,170.0,57.0,,3.0,,,,,,0.05,0.02,0.07,1.38,0.0,0.21,1.26,0.98,7.61,35,1,2.0,0.0,0.0,0.0,1.0,0.0,0.0,0.0,0.0,0.0,0.0,0.0,0.0,-1.0,2949.0,1214.0,0.0,0.0,0.0,0.0,1.0499999999999972,0.0,0.0,0.0,0.0,0.0,0.0,0.0,0.0
815,Axel,Disasi,Disasi,a,,,4.5,423,83.0,0.2,389,143.0,4.8,39.0,15.0,1,0,0.0,0,0.0,342,3434,1.1,8.9,3.8,4.8,3.6,106.0,38.0,,,302.0,117.0,412.0,150.0,295.0,86.0,367.0,126.0,,,,,,,,0.1,0.0,0.1,1.28,0.0,0.45,1.18,1.0,6.73,35,1,90.0,0.0,0.0,0.0,3.0,0.0,0.0,0.0,0.0,0.0,0.0,1.0,0.0,1.0,1167.0,4594.0,0.0,0.0,0.0,0.0,2.2699999999999996,11.0,0.8000000000000007,2.0,1.4000000000000021,1.0,3.0,0.0,4.0
306,Callum,Bates,Bates,a,,,4.3,611,360.0,0.1,498,180.0,0.0,565.0,188.0,0,0,0.0,-2,2.0,221,210,0.0,0.0,0.0,-0.5,0.0,668.0,252.0,,,657.0,242.0,654.0,247.0,631.0,236.0,659.0,244.0,,,,,,,,0.0,0.0,0.0,0.0,0.0,0.0,0.0,0.0,0.0,35,0,0.0,0.0,0.0,0.0,0.0,0.0,0.0,0.0,0.0,0.0,0.0,0.0,0.0,0.0,274.0,324.0,0.0,0.0,0.0,0.0,0.0,0.0,0.0,0.0,0.0,0.0,0.0,0.0,0.0
830,Will,Wright,Wright,a,,,4.5,518,75.0,0.0,805,93.0,0.0,697.0,75.0,0,0,0.0,0,0.0,155,31,0.0,0.0,0.5,0.0,0.0,770.0,85.0,,,769.0,85.0,763.0,84.0,750.0,84.0,769.0,85.0,,,,,,,,0.0,0.0,0.0,0.0,0.0,0.0,0.0,0.0,0.0,35,0,0.0,0.0,0.0,0.0,0.0,0.0,0.0,0.0,0.0,0.0,0.0,0.0,0.0,0.0,177.0,34.0,0.0,0.0,0.0,0.0,0.0,0.0,0.0,0.0,0.0,0.0,0.0,0.0,0.0
636,Santiago,Ignacio Bueno,S.Bueno,a,,,4.4,536,110.0,0.1,431,161.0,3.8,83.0,34.0,10,0,0.0,-1,1.0,1649,1579,0.9,19.8,2.8,3.3,3.3,148.0,56.0,100.0,100.0,82.0,37.0,267.0,76.0,144.0,27.0,152.0,51.0,,,,,,,,0.08,0.06,0.14,1.56,0.0,0.16,1.66,0.99,7.61,35,10,90.0,1.0,0.0,0.0,1.0,0.0,0.0,0.0,0.0,0.0,0.0,1.0,2.0,26.0,2838.0,2609.0,0.0,0.19999999999999996,0.3799999999999999,0.5800000000000001,0.6600000000000037,53.19999999999999,20.900000000000006,49.0,12.299999999999997,1.0,5.0,5.0,6.0
637,Toti,Gomes,Toti,a,,,4.2,642,149.0,0.1,509,180.0,2.2,162.0,59.0,4,0,0.0,-3,3.0,161,273,0.5,8.8,1.2,1.7,2.2,311.0,113.0,100.0,100.0,213.0,83.0,298.0,95.0,314.0,96.0,290.0,96.0,,,,,,,,0.04,0.02,0.06,1.61,0.0,0.07,2.06,1.1,9.01,35,4,90.0,0.0,0.0,0.0,1.0,0.0,0.0,0.0,0.0,0.0,0.0,1.0,0.0,15.0,417.0,445.0,0.0,0.31000000000000005,0.07999999999999999,0.38999999999999996,0.6600000000000001,34.80000000000001,12.800000000000011,33.0,8.100000000000001,2.0,10.0,4.0,12.0
638,Ki-Jana,Hoever,Hoever,u,has joined Sheffield United on loan for the rest of the season.,,3.8,805,244.0,0.9,209,83.0,0.0,400.0,145.0,0,0,0.0,-2,2.0,0,939,0.0,2.6,0.0,0.0,1.2,445.0,158.0,0.0,0.0,380.0,142.0,302.0,97.0,410.0,151.0,390.0,137.0,,,,,,,,0.0,0.08,0.08,1.99,0.0,0.0,2.77,1.28,8.51,35,0,0.0,0.0,0.0,0.0,0.0,0.0,0.0,0.0,0.0,0.0,0.0,0.0,0.0,0.0,0.0,1408.0,0.0,0.0,0.0,0.0,0.0,0.0,0.0,0.0,0.0,0.0,0.0,0.0,0.0
640,Pedro,Cardoso de Lima,Pedro Lima,a,,,4.0,744,210.0,0.4,296,109.0,1.0,262.0,86.0,1,0,0.0,0,0.0,185,209,0.2,1.8,0.0,0.5,1.2,447.0,160.0,100.0,100.0,451.0,164.0,363.0,129.0,404.0,147.0,431.0,155.0,,,,,,,,0.02,0.19,0.21,1.57,0.0,0.0,2.02,1.01,6.57,35,1,45.0,0.0,0.0,0.0,1.0,0.0,0.0,0.0,0.0,0.0,0.0,1.0,0.0,3.0,290.0,367.0,0.0,0.0,0.25,0.25,0.3500000000000001,13.2,28.5,4.0,4.6000000000000005,2.0,3.0,2.0,5.0
647,Gonçalo Manuel,Ganchinho Guedes,Guedes,u,Has joined Real Sociedad permanently.,,5.5,138,86.0,0.0,806,355.0,0.0,802.0,356.0,0,0,0.0,0,0.0,0,0,0.0,0.0,0.0,0.0,0.0,819.0,364.0,0.0,0.0,818.0,363.0,818.0,363.0,817.0,363.0,818.0,363.0,,,,,,,,0.0,0.0,0.0,0.0,0.0,0.0,0.0,0.0,0.0,35,0,0.0,0.0,0.0,0.0,0.0,0.0,0.0,0.0,0.0,0.0,0.0,0.0,0.0,0.0,0.0,0.0,0.0,0.0,0.0,0.0,0.0,0.0,0.0,0.0,0.0,0.0,0.0,0.0,0.0
648,Marshall,Munetsi,Munetsi,u,has joined Paris FC on loan for the rest of the season.,,5.3,190,120.0,0.0,633,244.0,0.0,782.0,343.0,0,0,0.0,-2,2.0,0,9,0.0,7.2,0.0,0.0,2.9,205.0,81.0,0.0,0.0,329.0,147.0,341.0,182.0,171.0,92.0,318.0,155.0,,,,,,,,0.17,0.04,0.21,1.38,0.0,0.0,1.96,0.93,8.26,35,0,0.0,0.0,0.0,0.0,0.0,0.0,0.0,0.0,0.0,0.0,0.0,0.0,0.0,0.0,0.0,13.0,0.0,0.0,0.0,0.0,0.0,0.0,0.0,0.0,0.0,0.0,0.0,0.0,0.0
649,Boubacar,Traoré,B.Traore,u,Has joined FC Metz on loan for the rest of the season.,,5.0,261,159.0,0.0,825,366.0,0.0,756.0,325.0,0,0,0.0,0,0.0,0,0,0.0,0.0,0.0,0.0,0.0,799.0,350.0,0.0,0.0,798.0,349.0,797.0,349.0,793.0,348.0,798.0,349.0,,,,,,,,0.0,0.0,0.0,0.0,0.0,0.0,0.0,0.0,0.0,35,0,0.0,0.0,0.0,0.0,0.0,0.0,0.0,0.0,0.0,0.0,0.0,0.0,0.0,0.0,0.0,0.0,0.0,0.0,0.0,0.0,0.0,0.0,0.0,0.0,0.0,0.0,0.0,0.0,0.0
767,Luke,Rawlings,Rawlings,a,,,4.5,497,306.0,0.0,763,325.0,0.0,681.0,269.0,0,0,0.0,0,0.0,51,41,0.0,0.0,-1.0,-0.5,0.0,756.0,317.0,,,754.0,315.0,748.0,315.0,734.0,311.0,754.0,315.0,,,,,,,,0.0,0.0,0.0,0.0,0.0,0.0,0.0,0.0,0.0,35,0,0.0,0.0,0.0,0.0,0.0,0.0,0.0,0.0,0.0,0.0,0.0,0.0,0.0,0.0,69.0,62.0,0.0,0.0,0.0,0.0,0.0,0.0,0.0,0.0,0.0,0.0,0.0,0.0,0.0
777,Temple,Ojinnaka,Ojinnaka,u,has joined Shrewsbury Town on loan for the rest of the season.,,4.5,455,272.0,0.0,816,361.0,0.0,642.0,236.0,0,0,0.0,0,0.0,0,2,0.0,0.0,0.0,0.0,0.0,725.0,291.0,0.0,0.0,719.0,286.0,715.0,288.0,698.0,281.0,720.0,287.0,,,,,,,,0.0,0.0,0.0,0.0,0.0,0.0,0.0,0.0,0.0,35,0,0.0,0.0,0.0,0.0,0.0,0.0,0.0,0.0,0.0,0.0,0.0,0.0,0.0,0.0,0.0,2.0,0.0,0.0,0.0,0.0,0.0,0.0,0.0,0.0,0.0,0.0,0.0,0.0,0.0
778,Ethan,Sutherland,Sutherland,a,,,4.5,489,300.0,0.0,753,320.0,0.0,674.0,263.0,0,0,0.0,0,0.0,71,66,0.0,0.0,-1.0,-0.5,0.0,750.0,312.0,,,747.0,310.0,741.0,310.0,727.0,306.0,747.0,310.0,,,,,,,,0.0,0.0,0.0,0.0,0.0,0.0,0.0,0.0,0.0,35,0,0.0,0.0,0.0,0.0,0.0,0.0,0.0,0.0,0.0,0.0,0.0,0.0,0.0,0.0,95.0,89.0,0.0,0.0,0.0,0.0,0.0,0.0,0.0,0.0,0.0,0.0,0.0,0.0,0.0
809,Jerome,Abbey,Abbey,a,,,4.5,520,323.0,0.0,727,301.0,0.0,699.0,283.0,0,0,0.0,0,0.0,217,127,0.0,0.0,-1.0,-0.5,0.0,772.0,329.0,,,771.0,328.0,765.0,328.0,752.0,325.0,771.0,328.0,,,,,,,,0.0,0.0,0.0,0.0,0.0,0.0,0.0,0.0,0.0,35,0,0.0,0.0,0.0,0.0,0.0,0.0,0.0,0.0,0.0,0.0,0.0,0.0,0.0,0.0,308.0,202.0,0.0,0.0,0.0,0.0,0.0,0.0,0.0,0.0,0.0,0.0,0.0,0.0,0.0
816,Angel,Gomes,Angel,a,,,4.6,398,247.0,0.0,721,299.0,1.0,265.0,121.0,1,0,0.0,-4,4.0,294,128,0.2,2.8,0.0,0.5,1.3,439.0,194.0,100.0,100.0,427.0,185.0,329.0,177.0,385.0,195.0,411.0,187.0,,,,,,,,0.05,0.06,0.11,2.67,0.0,0.23,1.61,1.38,6.45,35,1,12.0,0.0,0.0,0.0,0.0,0.0,0.0,0.0,0.0,0.0,0.0,0.0,0.0,2.0,408.0,196.0,0.0,0.0,0.020000000000000018,0.019999999999999962,0.09999999999999964,1.0,1.7999999999999972,0.0,0.3000000000000007,0.0,0.0,1.0,1.0
817,Adam,Armstrong,Armstrong,a,,,5.2,203,46.0,0.1,552,76.0,2.0,192.0,26.0,2,0,0.0,-3,3.0,560,1422,0.4,5.4,1.0,1.5,2.5,276.0,32.0,,,372.0,40.0,306.0,36.0,221.0,45.0,341.0,44.0,,,,,,,,0.15,0.08,0.23,1.91,0.0,0.3,1.49,1.09,2.98,35,2,90.0,0.0,0.0,0.0,1.0,0.0,0.0,0.0,0.0,0.0,0.0,1.0,0.0,9.0,1322.0,2460.0,0.0,0.32000000000000006,0.16999999999999993,0.4900000000000002,0.6600000000000001,11.799999999999997,13.300000000000011,44.0,6.900000000000002,2.0,0.0,1.0,3.0
14,Maldini,Kacurri,Kacurri,u,has joined Morecambe on loan for the rest of the season.,,3.9,791,232.0,0.1,501,178.0,0.0,449.0,170.0,0,0,0.0,-1,1.0,0,19,0.0,0.0,0.0,0.0,0.0,581.0,210.0,0.0,0.0,569.0,209.0,558.0,209.0,526.0,204.0,571.0,209.0,,,,,,,,0.0,0.0,0.0,0.0,0.0,0.0,0.0,0.0,0.0,35,0,0.0,0.0,0.0,0.0,0.0,0.0,0.0,0.0,0.0,0.0,0.0,0.0,0.0,0.0,0.0,21.0,0.0,0.0,0.0,0.0,0.0,0.0,0.0,0.0,0.0,0.0,0.0,0.0,0.0
16,Bukayo,Saka,Saka,a,,,9.9,6,4.0,10.2,37,12.0,3.0,126.0,50.0,11,1,-1.0,-1,1.0,350011,7079,0.3,14.6,4.0,4.0,5.0,16.0,7.0,100.0,100.0,65.0,18.0,11.0,11.0,10.0,4.0,9.0,6.0,2.0,2.0,1.0,,,,,0.32,0.29,0.61,0.63,0.0,0.44,0.7,1.01,7.38,35,11,45.0,1.0,1.0,0.0,0.0,0.0,0.0,0.0,0.0,0.0,0.0,1.0,2.0,46.0,388991.0,13556.0,0.0,0.2999999999999998,0.8600000000000003,1.1600000000000001,0.02999999999999936,55.200000000000045,49.30000000000007,25.0,13.0,0.0,0.0,4.0,4.0
17,Martin,Ødegaard,Ødegaard,a,,,7.8,18,13.0,1.6,155,52.0,1.2,259.0,119.0,0,0,0.0,-2,2.0,1291,5059,0.2,8.6,2.2,1.7,3.0,201.0,80.0,100.0,75.0,237.0,102.0,42.0,38.0,210.0,112.0,137.0,75.0,4.0,,3.0,,,,,0.07,0.25,0.32,1.1,0.0,0.36,0.94,1.08,6.98,35,0,0.0,0.0,0.0,0.0,0.0,0.0,0.0,0.0,0.0,0.0,0.0,0.0,0.0,0.0,2480.0,6958.0,0.0,0.0,0.0,0.0,0.0,0.0,0.0,0.0,0.0,0.0,0.0,0.0,0.0
19,Gabriel,Martinelli Silva,Martinelli,a,,,6.8,44,28.0,0.9,205,71.0,0.5,343.0,164.0,0,0,0.0,-2,2.0,591,2000,0.1,7.2,1.5,1.5,1.8,389.0,167.0,100.0,100.0,313.0,137.0,213.0,138.0,79.0,46.0,221.0,105.0,,,,,,,,0.37,0.1,0.47,0.88,0.0,0.18,0.65,0.92,6.65,35,0,0.0,0.0,0.0,0.0,0.0,0.0,0.0,0.0,0.0,0.0,0.0,0.0,0.0,0.0,991.0,2642.0,0.0,0.0,0.0,0.0,0.0,0.0,0.0,0.0,0.0,0.0,0.0,0.0,0.0
355,Sam,Greenwood,Greenwood,u,has joined Pogon Szczecin permanently.,,4.9,315,196.0,0.0,644,250.0,0.0,731.0,306.0,0,0,0.0,-1,1.0,0,2,0.0,0.0,0.0,0.0,0.0,783.0,337.0,0.0,0.0,782.0,336.0,779.0,336.0,776.0,335.0,782.0,336.0,,,,,,,,0.0,0.0,0.0,0.0,0.0,0.0,0.0,0.0,0.0,35,0,0.0,0.0,0.0,0.0,0.0,0.0,0.0,0.0,0.0,0.0,0.0,0.0,0.0,0.0,0.0,3.0,0.0,0.0,0.0,0.0,0.0,0.0,0.0,0.0,0.0,0.0,0.0,0.0,0.0
827,Jim,Thwaites,Thwaites,a,,,4.5,484,296.0,0.0,829,370.0,0.0,669.0,259.0,0,0,0.0,0,0.0,28,5,0.0,0.0,0.5,0.0,0.0,746.0,309.0,,,742.0,306.0,737.0,307.0,723.0,303.0,743.0,307.0,,,,,,,,0.0,0.0,0.0,0.0,0.0,0.0,0.0,0.0,0.0,35,0,0.0,0.0,0.0,0.0,0.0,0.0,0.0,0.0,0.0,0.0,0.0,0.0,0.0,0.0,34.0,8.0,0.0,0.0,0.0,0.0,0.0,0.0,0.0,0.0,0.0,0.0,0.0,0.0,0.0
666,Viktor,Gyökeres,Gyökeres,a,,,8.9,8,4.0,14.6,23,6.0,5.8,21.0,4.0,16,1,-1.0,-1,1.0,333250,18793,0.7,13.9,6.8,6.8,3.8,88.0,8.0,100.0,100.0,94.0,8.0,166.0,14.0,14.0,9.0,46.0,10.0,,,2.0,,,,,0.51,0.08,0.59,0.68,0.0,0.47,0.56,1.07,3.3,35,16,63.0,2.0,1.0,1.0,0.0,0.0,0.0,0.0,0.0,0.0,0.0,1.0,3.0,66.0,357196.0,38133.0,0.0,1.700000000000001,0.020000000000000018,1.7199999999999989,0.1999999999999993,88.20000000000005,13.400000000000006,88.0,19.0,0.0,0.0,2.0,2.0
700,Max,Dowman,Dowman,a,,,4.2,651,373.0,0.8,214,73.0,0.5,317.0,148.0,1,0,0.0,-3,3.0,11195,6491,0.1,3.1,1.5,1.5,2.6,250.0,100.0,100.0,100.0,428.0,186.0,376.0,191.0,327.0,171.0,404.0,184.0,,,,,,,,1.18,0.14,1.32,0.66,0.0,0.0,0.99,0.0,10.88,35,1,12.0,0.0,0.0,0.0,0.0,0.0,0.0,0.0,0.0,0.0,0.0,0.0,0.0,4.0,15105.0,8853.0,0.0,0.07999999999999985,0.0,0.08000000000000007,0.0,1.3999999999999986,0.30000000000000426,4.0,0.6000000000000014,0.0,1.0,3.0,4.0
725,Piero,Hincapié,Hincapie,a,,,5.1,234,36.0,1.0,199,77.0,2.5,153.0,57.0,0,0,0.0,-4,4.0,3409,14468,0.5,16.5,3.5,3.5,3.7,101.0,37.0,100.0,100.0,144.0,62.0,205.0,54.0,329.0,105.0,227.0,79.0,,,,,,,,0.02,0.09,0.11,0.89,0.0,0.27,0.96,1.02,8.84,35,0,0.0,0.0,0.0,0.0,0.0,0.0,0.0,0.0,0.0,0.0,0.0,0.0,0.0,0.0,20917.0,17755.0,0.0,0.0,0.0,0.0,0.0,0.0,0.0,0.0,0.0,0.0,0.0,0.0,0.0
759,Marli,Salmon,Salmon,a,,,4.0,738,205.0,0.0,671,236.0,0.0,516.0,209.0,0,0,0.0,0,0.0,31,37,0.0,0.0,1.0,1.0,0.0,640.0,244.0,,,629.0,244.0,623.0,244.0,593.0,241.0,631.0,244.0,,,,,,,,0.0,0.0,0.0,0.0,0.0,0.0,0.0,0.0,0.0,35,0,0.0,0.0,0.0,0.0,0.0,0.0,0.0,0.0,0.0,0.0,0.0,0.0,0.0,0.0,38.0,50.0,0.0,0.0,0.0,0.0,0.0,0.0,0.0,0.0,0.0,0.0,0.0,0.0,0.0
32,Emiliano,Martínez Romero,Martinez,a,,,5.1,223,6.0,4.8,83,15.0,1.8,208.0,17.0,2,0,0.0,1,-1.0,15538,12313,0.4,22.0,2.3,1.8,3.7,100.0,12.0,100.0,100.0,39.0,11.0,421.0,6.0,803.0,93.0,217.0,11.0,,,,,,,,0.0,0.0,0.0,1.35,2.98,0.24,1.19,1.02,0.0,35,2,90.0,0.0,0.0,0.0,2.0,0.0,0.0,0.0,0.0,0.0,3.0,1.0,0.0,10.0,20202.0,22107.0,0.0,0.0,0.0,0.0,0.990000000000002,23.40000000000009,0.0,0.0,2.3000000000000114,0.0,0.0,7.0,0.0
768,Leon,Routh,Leon Routh,a,,,4.0,748,214.0,0.0,687,244.0,0.0,525.0,217.0,0,0,0.0,0,0.0,20,26,0.0,0.0,0.5,0.0,0.0,647.0,250.0,,,636.0,250.0,630.0,250.0,601.0,248.0,638.0,250.0,,,,,,,,0.0,0.0,0.0,0.0,0.0,0.0,0.0,0.0,0.0,35,0,0.0,0.0,0.0,0.0,0.0,0.0,0.0,0.0,0.0,0.0,0.0,0.0,0.0,0.0,24.0,32.0,0.0,0.0,0.0,0.0,0.0,0.0,0.0,0.0,0.0,0.0,0.0,0.0,0.0
808,Tammy,Abraham,Abraham,a,,,5.8,105,30.0,0.2,393,60.0,2.0,195.0,27.0,1,0,0.0,-2,2.0,982,2070,0.3,4.0,2.5,2.0,1.9,360.0,41.0,,,391.0,46.0,362.0,46.0,235.0,46.0,371.0,47.0,,,,,,,,0.66,0.12,0.78,1.66,0.0,0.0,2.59,0.65,4.21,35,1,59.0,0.0,0.0,0.0,2.0,0.0,0.0,0.0,0.0,0.0,0.0,1.0,0.0,2.0,1185.0,3092.0,0.0,0.0,0.0,0.0,0.96,0.20000000000000284,1.3000000000000043,0.0,0.20000000000000284,0.0,1.0,1.0,2.0
183,Max,Weiß,Weiss,a,,,4.2,644,35.0,0.1,455,66.0,0.0,540.0,86.0,0,0,0.0,-3,3.0,62,108,0.0,0.0,-0.5,-0.5,0.0,655.0,93.0,,,645.0,93.0,640.0,85.0,615.0,74.0,647.0,93.0,,,,,,,,0.0,0.0,0.0,0.0,0.0,0.0,0.0,0.0,0.0,35,0,0.0,0.0,0.0,0.0,0.0,0.0,0.0,0.0,0.0,0.0,0.0,0.0,0.0,0.0,81.0,149.0,0.0,0.0,0.0,0.0,0.0,0.0,0.0,0.0,0.0,0.0,0.0,0.0,0.0
184,Etienne,Green,Green,u,has joined FC Fredericia permanently.,,4.0,698,57.0,0.2,413,58.0,0.0,480.0,69.0,0,0,0.0,0,0.0,0,70,0.0,0.0,0.0,0.0,0.0,608.0,78.0,0.0,0.0,596.0,78.0,589.0,67.0,558.0,53.0,598.0,78.0,,,,,,,,0.0,0.0,0.0,0.0,0.0,0.0,0.0,0.0,0.0,35,0,0.0,0.0,0.0,0.0,0.0,0.0,0.0,0.0,0.0,0.0,0.0,0.0,0.0,0.0,0.0,101.0,0.0,0.0,0.0,0.0,0.0,0.0,0.0,0.0,0.0,0.0,0.0,0.0,0.0
746,Kieran,Morrison,Morrison,a,,,4.5,493,303.0,0.0,746,315.0,0.0,677.0,266.0,0,0,0.0,0,0.0,25,14,0.0,0.0,0.5,0.0,0.0,753.0,315.0,,,751.0,313.0,745.0,313.0,731.0,309.0,751.0,313.0,,,,,,,,0.0,0.0,0.0,0.0,0.0,0.0,0.0,0.0,0.0,35,0,0.0,0.0,0.0,0.0,0.0,0.0,0.0,0.0,0.0,0.0,0.0,0.0,0.0,0.0,34.0,22.0,0.0,0.0,0.0,0.0,0.0,0.0,0.0,0.0,0.0,0.0,0.0,0.0,0.0
167,Carlos,Baleba,Baleba,a,,,4.5,459,276.0,1.5,161,54.0,1.5,223.0,97.0,2,0,0.0,-5,5.0,5652,2143,0.3,10.4,2.5,2.0,1.7,396.0,170.0,100.0,100.0,355.0,161.0,269.0,164.0,362.0,187.0,369.0,174.0,,,,,,,,0.04,0.04,0.08,1.21,0.0,0.31,1.17,1.3,10.8,35,2,79.0,0.0,0.0,0.0,2.0,0.0,0.0,0.0,0.0,0.0,0.0,1.0,0.0,14.0,7203.0,3136.0,0.0,0.039999999999999925,0.030000000000000027,0.07000000000000006,2.1099999999999994,12.200000000000017,13.700000000000003,3.0,2.900000000000002,3.0,4.0,4.0,11.0
169,Diego,Gómez Amarilla,Gomez,d,Knee injury - 50% chance of playing,,4.9,333,205.0,0.5,276,94.0,1.5,226.0,99.0,0,0,0.0,-1,1.0,31,13982,0.3,19.4,1.2,0.0,3.2,168.0,67.0,50.0,0.0,143.0,49.0,118.0,82.0,71.0,42.0,92.0,54.0,,5.0,,,,,,0.23,0.08,0.31,1.22,0.0,0.35,1.11,1.11,10.0,35,0,0.0,0.0,0.0,0.0,0.0,0.0,0.0,0.0,0.0,0.0,0.0,0.0,0.0,0.0,67.0,26463.0,0.0,0.0,0.0,0.0,0.0,0.0,0.0,0.0,0.0,0.0,0.0,0.0,0.0
513,Zach,Abbott,Abbott,d,Head injury - 50% chance of playing,,3.8,817,255.0,0.2,353,128.0,0.2,345.0,110.0,1,0,0.0,-2,2.0,60,476,0.1,0.8,0.1,0.2,1.0,462.0,167.0,50.0,,455.0,166.0,447.0,159.0,488.0,192.0,472.0,170.0,,,,,,,,0.0,0.01,0.01,1.89,0.0,0.0,2.18,1.09,7.09,35,1,45.0,0.0,0.0,0.0,0.0,0.0,0.0,0.0,0.0,0.0,0.0,1.0,0.0,2.0,98.0,591.0,0.0,0.0,0.0,0.0,0.3400000000000003,0.0,0.10000000000000053,0.0,0.0,2.0,1.0,2.0,3.0
362,Joël,Piroe,Piroe,a,,,4.9,314,58.0,0.3,305,47.0,0.2,374.0,51.0,0,0,0.0,-6,6.0,155,214,0.0,3.1,0.2,0.7,1.1,454.0,55.0,100.0,100.0,469.0,55.0,378.0,49.0,279.0,49.0,407.0,52.0,,,3.0,,,,,0.34,0.05,0.39,2.21,0.0,0.42,2.92,0.83,4.58,35,0,0.0,0.0,0.0,0.0,0.0,0.0,0.0,0.0,0.0,0.0,0.0,0.0,0.0,0.0,200.0,284.0,0.0,0.0,0.0,0.0,0.0,0.0,0.0,0.0,0.0,0.0,0.0,0.0,0.0
363,Patrick,Bamford,Bamford,u,has departed the club as a free agent.,,4.9,286,57.0,0.3,316,51.0,0.0,718.0,76.0,0,0,0.0,-1,1.0,0,52,0.0,0.0,0.0,0.0,0.0,778.0,86.0,0.0,0.0,777.0,86.0,774.0,85.0,770.0,85.0,777.0,86.0,,,,,,,,0.0,0.0,0.0,0.0,0.0,0.0,0.0,0.0,0.0,35,0,0.0,0.0,0.0,0.0,0.0,0.0,0.0,0.0,0.0,0.0,0.0,0.0,0.0,0.0,0.0,68.0,0.0,0.0,0.0,0.0,0.0,0.0,0.0,0.0,0.0,0.0,0.0,0.0,0.0
358,Tanaka,Ao,Tanaka,a,,,4.8,359,223.0,0.2,374,127.0,3.2,108.0,37.0,6,0,0.0,-2,2.0,975,690,0.7,11.9,3.2,3.7,2.3,301.0,128.0,100.0,100.0,298.0,128.0,137.0,92.0,272.0,146.0,253.0,126.0,,,,,,,,0.12,0.11,0.23,1.37,0.0,0.25,1.67,0.92,9.41,35,6,71.0,0.0,1.0,0.0,1.0,0.0,0.0,0.0,0.0,0.0,0.0,1.0,1.0,27.0,1600.0,929.0,0.0,0.10999999999999988,0.030000000000000027,0.14000000000000012,0.3500000000000014,8.599999999999994,16.299999999999955,8.0,3.299999999999997,0.0,2.0,3.0,5.0
359,Charlie,Crew,Crew,u,Has joined Doncaster Rovers on loan for the rest of the season.,,4.5,460,277.0,0.0,804,354.0,0.0,646.0,240.0,0,0,0.0,0,0.0,0,1,0.0,0.0,0.0,0.0,0.0,729.0,295.0,0.0,0.0,723.0,290.0,719.0,292.0,702.0,285.0,724.0,291.0,,,,,,,,0.0,0.0,0.0,0.0,0.0,0.0,0.0,0.0,0.0,35,0,0.0,0.0,0.0,0.0,0.0,0.0,0.0,0.0,0.0,0.0,0.0,0.0,0.0,0.0,0.0,1.0,0.0,0.0,0.0,0.0,0.0,0.0,0.0,0.0,0.0,0.0,0.0,0.0,0.0
360,Joe,Gelhardt,Gelhardt,u,Has joined Hull City on loan for the rest of the season.,,4.5,442,263.0,0.0,762,324.0,0.0,633.0,228.0,0,0,0.0,0,0.0,0,2,0.0,0.0,0.0,0.0,0.0,718.0,284.0,0.0,0.0,711.0,278.0,708.0,281.0,691.0,274.0,713.0,280.0,,,,,,,,0.0,0.0,0.0,0.0,0.0,0.0,0.0,0.0,0.0,35,0,0.0,0.0,0.0,0.0,0.0,0.0,0.0,0.0,0.0,0.0,0.0,0.0,0.0,0.0,0.0,3.0,0.0,0.0,0.0,0.0,0.0,0.0,0.0,0.0,0.0,0.0,0.0,0.0,0.0
388,Curtis,Jones,C.Jones,a,,,5.4,160,99.0,0.1,458,158.0,3.2,112.0,38.0,1,0,0.0,-1,1.0,459,313,0.6,12.4,3.7,3.2,2.2,316.0,137.0,100.0,100.0,216.0,90.0,90.0,67.0,180.0,96.0,159.0,82.0,,,,,,,,0.08,0.14,0.22,1.5,0.0,0.16,1.69,0.82,11.43,35,1,90.0,0.0,0.0,0.0,3.0,0.0,0.0,0.0,1.0,0.0,0.0,1.0,0.0,14.0,631.0,392.0,0.0,0.0,0.029999999999999805,0.02999999999999936,2.34,12.800000000000011,12.5,0.0,2.5,1.0,2.0,8.0,11.0
390,Ryan,Gravenberch,Gravenberch,a,,,5.4,166,103.0,3.7,98,33.0,1.5,232.0,103.0,2,0,0.0,-1,1.0,2546,23474,0.3,24.1,2.0,1.5,3.9,71.0,33.0,100.0,100.0,58.0,16.0,60.0,49.0,186.0,99.0,77.0,47.0,,,,,,,,0.06,0.07,0.13,1.17,0.0,0.29,1.24,1.01,9.18,35,2,90.0,0.0,0.0,0.0,3.0,0.0,0.0,0.0,0.0,0.0,0.0,1.0,0.0,17.0,3146.0,36940.0,0.0,0.06000000000000005,0.029999999999999805,0.0900000000000003,2.3399999999999963,19.199999999999932,9.0,9.0,3.700000000000003,0.0,5.0,1.0,6.0
475,Sven,Botman,Botman,a,,,4.9,308,48.0,0.4,284,107.0,3.2,109.0,44.0,4,0,0.0,-1,1.0,1003,1416,0.7,15.9,3.2,2.7,3.5,125.0,44.0,100.0,100.0,119.0,54.0,307.0,99.0,185.0,46.0,196.0,67.0,,,,,,,,0.1,0.05,0.15,1.36,0.0,0.29,1.32,1.04,9.9,35,4,90.0,0.0,0.0,0.0,1.0,0.0,0.0,0.0,0.0,0.0,0.0,1.0,0.0,19.0,2333.0,1760.0,0.0,0.08999999999999986,0.37,0.45999999999999996,1.5299999999999976,33.19999999999999,10.399999999999991,11.0,5.5,2.0,13.0,3.0,15.0
476,Dan,Burn,Burn,a,,,5.0,242,37.0,3.4,100,33.0,2.8,133.0,51.0,7,0,0.0,0,0.0,6392,3295,0.6,17.8,2.8,2.3,3.4,138.0,50.0,100.0,100.0,113.0,52.0,296.0,93.0,184.0,45.0,187.0,64.0,,,,,,,,0.05,0.01,0.06,1.22,0.0,0.27,1.48,1.03,9.6,35,7,90.0,1.0,0.0,0.0,1.0,0.0,0.0,0.0,1.0,0.0,0.0,1.0,0.0,22.0,8112.0,4800.0,0.0,0.17000000000000004,0.0,0.16999999999999993,1.5300000000000011,46.60000000000002,0.0,35.0,8.200000000000003,2.0,7.0,0.0,9.0
477,Tino,Livramento,Livramento,i,Thigh injury - Expected back 01 Jun,,4.9,323,52.0,1.8,145,58.0,0.8,300.0,99.0,0,0,0.0,-1,1.0,20,2335,0.2,12.0,0.0,0.0,3.5,126.0,45.0,0.0,0.0,280.0,113.0,190.0,50.0,349.0,116.0,299.0,100.0,,,,,,,,0.01,0.06,0.07,1.26,0.0,0.41,0.95,0.95,4.62,35,0,0.0,0.0,0.0,0.0,0.0,0.0,0.0,0.0,0.0,0.0,0.0,0.0,0.0,0.0,37.0,3472.0,0.0,0.0,0.0,0.0,0.0,0.0,0.0,0.0,0.0,0.0,0.0,0.0,0.0
483,Miodrag,Pivaš,Pivas,a,,,3.8,819,257.0,0.4,298,111.0,0.0,411.0,155.0,0,0,0.0,-2,2.0,288,386,0.0,0.0,0.0,-0.5,0.0,548.0,199.0,,,536.0,198.0,521.0,198.0,489.0,193.0,538.0,198.0,,,,,,,,0.0,0.0,0.0,0.0,0.0,0.0,0.0,0.0,0.0,35,0,0.0,0.0,0.0,0.0,0.0,0.0,0.0,0.0,0.0,0.0,0.0,0.0,0.0,0.0,363.0,541.0,0.0,0.0,0.0,0.0,0.0,0.0,0.0,0.0,0.0,0.0,0.0,0.0,0.0
384,Cody,Gakpo,Gakpo,a,,,7.3,28,18.0,5.6,71,25.0,4.8,45.0,15.0,6,0,0.0,-2,2.0,15638,14825,0.7,17.1,5.3,4.8,3.8,86.0,39.0,100.0,100.0,95.0,30.0,22.0,21.0,9.0,3.0,16.0,12.0,3.0,,3.0,,,,,0.27,0.17,0.44,1.12,0.0,0.36,1.23,1.05,5.15,35,6,90.0,1.0,0.0,0.0,3.0,0.0,0.0,0.0,1.0,0.0,0.0,1.0,0.0,20.0,17459.0,29051.0,0.0,0.5300000000000002,0.020000000000000462,0.5500000000000007,2.34,43.400000000000034,12.199999999999932,39.0,9.5,0.0,3.0,4.0,7.0
385,Federico,Chiesa,Chiesa,a,,,6.3,68,45.0,0.3,340,116.0,0.2,381.0,176.0,1,0,0.0,-2,2.0,104,144,0.0,5.6,0.7,0.2,1.5,421.0,183.0,100.0,100.0,363.0,163.0,364.0,188.0,224.0,121.0,353.0,168.0,,,,,,,,0.44,0.2,0.64,1.77,0.0,0.0,2.25,0.32,9.32,35,1,3.0,0.0,0.0,0.0,0.0,0.0,0.0,0.0,0.0,0.0,0.0,0.0,0.0,3.0,132.0,166.0,0.0,0.0,0.0,0.0,0.09999999999999964,0.20000000000000284,0.30000000000000426,2.0,0.29999999999999716,0.0,0.0,0.0,0.0
21,Declan,Rice,Rice,a,,,7.2,31,19.0,24.0,12,4.0,3.2,117.0,43.0,5,0,0.0,7,-7.0,69616,100088,0.4,24.4,4.2,4.2,5.2,9.0,4.0,100.0,100.0,22.0,7.0,4.0,4.0,104.0,63.0,13.0,9.0,1.0,1.0,,,,,,0.1,0.21,0.31,0.7,0.0,0.49,0.77,1.02,10.81,35,5,63.0,0.0,0.0,1.0,0.0,0.0,0.0,0.0,0.0,0.0,0.0,1.0,0.0,14.0,108838.0,157122.0,0.0,0.0,0.05000000000000071,0.05000000000000071,0.20000000000000284,13.0,6.900000000000091,2.0,2.200000000000017,1.0,5.0,6.0,12.0
22,Mikel,Merino Zazón,Merino,i,Foot injury - Unknown return date,,5.3,183,115.0,0.8,224,79.0,0.0,781.0,342.0,0,-1,1.0,-7,7.0,17,506,0.0,12.5,0.0,0.0,3.1,189.0,74.0,0.0,0.0,228.0,96.0,197.0,128.0,131.0,76.0,211.0,100.0,,,,,,,,0.27,0.13,0.4,0.6,0.0,0.36,0.81,0.9,10.03,35,0,0.0,0.0,0.0,0.0,0.0,0.0,0.0,0.0,0.0,0.0,0.0,0.0,0.0,0.0,21.0,672.0,0.0,0.0,0.0,0.0,0.0,0.0,0.0,0.0,0.0,0.0,0.0,0.0,0.0
407,Matheus,Nunes,Matheus N.,a,,,5.3,193,22.0,3.0,108,38.0,4.5,55.0,24.0,1,0,0.0,-2,2.0,17275,11684,0.8,27.5,10.0,5.0,4.7,25.0,9.0,100.0,100.0,50.0,23.0,50.0,5.0,246.0,64.0,75.0,14.0,,,4.0,,,,,0.01,0.07,0.08,1.11,0.0,0.38,0.93,0.99,6.28,35,1,90.0,0.0,0.0,0.0,3.0,0.0,0.0,0.0,0.0,0.0,0.0,1.0,0.0,5.0,22712.0,16934.0,0.0,0.0,0.040000000000000036,0.040000000000000036,2.7699999999999996,17.799999999999955,6.699999999999989,8.0,3.299999999999997,5.0,4.0,6.0,9.0
408,Rúben,dos Santos Gato Alves Dias,Rúben,d,Lack of match fitness - 75% chance of playing,,5.5,137,15.0,3.1,106,37.0,0.0,801.0,264.0,0,0,0.0,0,0.0,67,3360,0.0,20.4,0.8,0.0,4.5,28.0,11.0,75.0,0.0,86.0,38.0,246.0,63.0,280.0,81.0,183.0,61.0,,,,,,,,0.03,0.03,0.06,1.07,0.0,0.53,0.88,1.01,7.2,35,0,0.0,0.0,0.0,0.0,0.0,0.0,0.0,0.0,0.0,0.0,0.0,0.0,0.0,0.0,84.0,4265.0,0.0,0.0,0.0,0.0,0.0,0.0,0.0,0.0,0.0,0.0,0.0,0.0,0.0
43,Álex,Moreno Lopera,Alex Moreno,u,Has joined Girona permanently.,,4.0,669,162.0,1.5,157,62.0,0.0,454.0,172.0,0,0,0.0,0,0.0,0,472,0.0,0.0,0.0,0.0,0.0,586.0,212.0,0.0,0.0,574.0,211.0,565.0,211.0,534.0,207.0,576.0,211.0,,,,,,,,0.0,0.0,0.0,0.0,0.0,0.0,0.0,0.0,0.0,35,0,0.0,0.0,0.0,0.0,0.0,0.0,0.0,0.0,0.0,0.0,0.0,0.0,0.0,0.0,0.0,680.0,0.0,0.0,0.0,0.0,0.0,0.0,0.0,0.0,0.0,0.0,0.0,0.0,0.0
434,Tom,Heaton,Heaton,a,,,3.8,794,94.0,0.5,271,36.0,0.0,391.0,26.0,0,0,0.0,-2,2.0,7233,1537,0.0,0.0,0.5,0.0,0.0,535.0,39.0,,,523.0,39.0,506.0,19.0,473.0,5.0,525.0,39.0,,,,,,,,0.0,0.0,0.0,0.0,0.0,0.0,0.0,0.0,0.0,35,0,0.0,0.0,0.0,0.0,0.0,0.0,0.0,0.0,0.0,0.0,0.0,0.0,0.0,0.0,9462.0,2108.0,0.0,0.0,0.0,0.0,0.0,0.0,0.0,0.0,0.0,0.0,0.0,0.0,0.0
435,Dermot,Mee,Mee,a,,,3.9,771,83.0,0.1,493,72.0,0.0,431.0,42.0,0,0,0.0,-1,1.0,75,88,0.0,0.0,0.5,0.0,0.0,565.0,53.0,,,553.0,53.0,541.0,37.0,509.0,23.0,555.0,53.0,,,,,,,,0.0,0.0,0.0,0.0,0.0,0.0,0.0,0.0,0.0,35,0,0.0,0.0,0.0,0.0,0.0,0.0,0.0,0.0,0.0,0.0,0.0,0.0,0.0,0.0,87.0,110.0,0.0,0.0,0.0,0.0,0.0,0.0,0.0,0.0,0.0,0.0,0.0,0.0,0.0
436,Matthijs,de Ligt,De Ligt,i,Back injury - Unknown return date,,4.9,304,47.0,1.8,147,59.0,0.0,727.0,254.0,0,0,0.0,-1,1.0,26,510,0.0,8.8,0.0,0.0,3.3,152.0,59.0,0.0,0.0,245.0,97.0,344.0,117.0,252.0,68.0,301.0,101.0,,,,,,,,0.11,0.06,0.17,1.44,0.0,0.08,1.54,1.0,8.23,35,0,0.0,0.0,0.0,0.0,0.0,0.0,0.0,0.0,0.0,0.0,0.0,0.0,0.0,0.0,26.0,593.0,0.0,0.0,0.0,0.0,0.0,0.0,0.0,0.0,0.0,0.0,0.0,0.0,0.0
437,Lisandro,Martínez,Martinez,a,,,4.8,356,60.0,0.4,286,108.0,-0.8,832.0,269.0,0,0,0.0,-2,2.0,808,769,-0.2,7.5,-0.3,0.0,2.4,287.0,107.0,100.0,0.0,272.0,110.0,316.0,105.0,422.0,159.0,347.0,116.0,,,,,,,,0.01,0.05,0.06,1.06,0.0,0.28,1.22,0.94,7.51,35,0,0.0,0.0,0.0,0.0,0.0,0.0,0.0,0.0,0.0,0.0,0.0,0.0,0.0,0.0,815.0,1228.0,0.0,0.0,0.0,0.0,0.0,0.0,0.0,0.0,0.0,0.0,0.0,0.0,0.0
438,Noussair,Mazraoui,Mazraoui,a,,,4.9,311,50.0,0.2,359,131.0,2.0,189.0,68.0,0,0,0.0,-1,1.0,439,845,0.4,7.3,2.5,2.0,2.0,344.0,125.0,100.0,100.0,321.0,123.0,322.0,109.0,365.0,122.0,370.0,127.0,,,,,,,,0.02,0.03,0.05,1.24,0.0,0.33,1.11,1.0,8.73,35,0,0.0,0.0,0.0,0.0,0.0,0.0,0.0,0.0,0.0,0.0,0.0,0.0,0.0,0.0,528.0,1095.0,0.0,0.0,0.0,0.0,0.0,0.0,0.0,0.0,0.0,0.0,0.0,0.0,0.0
743,Landon,Emenalo,Emenalo,a,,,4.5,501,310.0,0.0,730,304.0,0.0,684.0,272.0,0,0,0.0,0,0.0,17,22,0.0,0.0,-0.5,0.0,0.0,758.0,319.0,,,757.0,318.0,751.0,318.0,737.0,314.0,757.0,318.0,,,,,,,,0.0,0.0,0.0,0.0,0.0,0.0,0.0,0.0,0.0,35,0,0.0,0.0,0.0,0.0,0.0,0.0,0.0,0.0,0.0,0.0,0.0,0.0,0.0,0.0,26.0,27.0,0.0,0.0,0.0,0.0,0.0,0.0,0.0,0.0,0.0,0.0,0.0,0.0,0.0
631,Emmanuel,Agbadou,Agbadou,u,has joined Besiktas permanently.,,4.2,643,150.0,0.1,463,171.0,0.0,539.0,225.0,0,0,0.0,-3,3.0,0,37,0.0,5.5,0.0,0.0,1.6,407.0,149.0,0.0,0.0,223.0,88.0,318.0,106.0,303.0,91.0,296.0,97.0,,,,,,,,0.05,0.03,0.08,1.49,0.0,0.0,2.37,0.98,10.23,35,0,0.0,0.0,0.0,0.0,0.0,0.0,0.0,0.0,0.0,0.0,0.0,0.0,0.0,0.0,0.0,57.0,0.0,0.0,0.0,0.0,0.0,0.0,0.0,0.0,0.0,0.0,0.0,0.0,0.0
632,Matt,Doherty,Doherty,a,,,4.4,524,101.0,0.1,510,181.0,0.5,324.0,107.0,0,0,0.0,-1,1.0,70,107,0.1,3.2,-0.5,0.0,1.3,437.0,157.0,100.0,100.0,352.0,132.0,358.0,127.0,393.0,138.0,388.0,136.0,,,,,,,,0.01,0.02,0.03,1.62,0.0,0.11,1.72,1.26,7.56,35,0,0.0,0.0,0.0,0.0,0.0,0.0,0.0,0.0,0.0,0.0,0.0,0.0,0.0,0.0,202.0,141.0,0.0,0.0,0.0,0.0,0.0,0.0,0.0,0.0,0.0,0.0,0.0,0.0,0.0
633,Hugo,Bueno López,H.Bueno,a,,,4.3,599,137.0,0.2,391,145.0,2.0,184.0,64.0,5,0,0.0,-2,2.0,770,1881,0.5,18.8,1.0,1.5,2.5,271.0,103.0,100.0,100.0,88.0,39.0,25.0,2.0,200.0,49.0,61.0,11.0,1.0,,,,,,,0.03,0.14,0.17,1.52,0.0,0.16,1.65,0.98,6.63,35,5,77.0,0.0,1.0,0.0,1.0,0.0,0.0,0.0,0.0,0.0,0.0,1.0,0.0,23.0,1738.0,3048.0,0.0,0.09000000000000008,0.3500000000000001,0.4400000000000004,0.5600000000000023,30.0,42.799999999999955,10.0,8.300000000000011,0.0,3.0,2.0,3.0
634,Yerson,Mosquera Valdelamar,Mosquera,a,,,4.3,605,138.0,0.1,515,185.0,0.5,322.0,106.0,2,0,0.0,-2,2.0,139,261,0.1,12.3,-0.5,0.0,2.2,312.0,114.0,100.0,100.0,185.0,75.0,248.0,64.0,135.0,26.0,203.0,72.0,,,,,,,,0.08,0.03,0.11,1.55,0.0,0.19,1.69,1.01,8.87,35,2,90.0,0.0,0.0,0.0,1.0,0.0,0.0,0.0,0.0,0.0,0.0,1.0,0.0,8.0,204.0,407.0,0.0,0.09000000000000008,0.030000000000000027,0.11999999999999966,0.6599999999999966,15.0,2.3000000000000114,11.0,2.8000000000000114,1.0,7.0,4.0,8.0
635,Rodrigo,Martins Gomes,R.Gomes,a,,,4.4,547,117.0,0.1,528,188.0,2.0,186.0,66.0,1,0,0.0,-1,1.0,78,486,0.5,9.8,1.0,1.5,2.3,297.0,110.0,100.0,100.0,315.0,122.0,328.0,112.0,170.0,40.0,306.0,104.0,,,,,,,,0.22,0.04,0.26,1.33,0.0,0.12,1.76,0.82,4.35,35,1,45.0,0.0,0.0,0.0,0.0,0.0,0.0,0.0,0.0,0.0,0.0,0.0,0.0,5.0,483.0,651.0,0.0,0.0,0.03999999999999998,0.040000000000000036,0.3100000000000005,3.0,2.799999999999997,4.0,1.0,1.0,0.0,1.0,1.0
29,Albert,Sambi Lokonga,Sambi,u,has joined Hamburger permanently.,,4.5,433,256.0,0.0,589,221.0,0.0,625.0,221.0,0,0,0.0,0,0.0,0,4,0.0,0.0,0.0,0.0,0.0,710.0,277.0,0.0,0.0,703.0,271.0,700.0,274.0,683.0,267.0,705.0,273.0,,,,,,,,0.0,0.0,0.0,0.0,0.0,0.0,0.0,0.0,0.0,35,0,0.0,0.0,0.0,0.0,0.0,0.0,0.0,0.0,0.0,0.0,0.0,0.0,0.0,0.0,0.0,7.0,0.0,0.0,0.0,0.0,0.0,0.0,0.0,0.0,0.0,0.0,0.0,0.0,0.0
64,Ollie,Watkins,Watkins,a,,,8.8,9,5.0,14.7,22,5.0,5.2,31.0,8.0,1,0,0.0,-2,2.0,58730,164827,0.6,14.8,5.7,5.2,3.8,87.0,7.0,100.0,100.0,101.0,10.0,122.0,7.0,4.0,4.0,25.0,5.0,,,3.0,,,,,0.44,0.04,0.48,1.36,0.0,0.32,1.16,1.05,3.13,35,1,30.0,0.0,0.0,0.0,0.0,0.0,0.0,0.0,0.0,0.0,0.0,0.0,0.0,2.0,105104.0,239676.0,0.0,0.019999999999999574,0.0,0.02000000000000135,0.030000000000001137,1.0,10.300000000000011,2.0,1.3000000000000114,0.0,0.0,0.0,0.0
65,Zépiqueno,Redmond,Redmond,u,has joined Huddersfield Town on loan for the rest of the season.,,4.5,485,68.0,0.3,333,54.0,0.0,670.0,70.0,0,0,0.0,0,0.0,0,57,0.0,0.0,0.0,0.0,0.0,747.0,80.0,0.0,0.0,743.0,79.0,738.0,78.0,724.0,78.0,744.0,79.0,,,,,,,,0.0,0.0,0.0,0.0,0.0,0.0,0.0,0.0,0.0,35,0,0.0,0.0,0.0,0.0,0.0,0.0,0.0,0.0,0.0,0.0,0.0,0.0,0.0,0.0,0.0,69.0,0.0,0.0,0.0,0.0,0.0,0.0,0.0,0.0,0.0,0.0,0.0,0.0,0.0
389,Harvey,Elliott,Elliott,a,,,5.1,233,141.0,0.2,405,139.0,0.0,772.0,338.0,0,0,0.0,-4,4.0,146,103,0.0,1.0,0.5,0.0,1.0,511.0,236.0,100.0,100.0,468.0,207.0,392.0,197.0,368.0,189.0,443.0,199.0,,,,,,,,0.24,0.07,0.31,1.42,0.0,0.0,1.64,0.82,4.91,35,0,0.0,0.0,0.0,0.0,0.0,0.0,0.0,0.0,0.0,0.0,0.0,0.0,0.0,0.0,175.0,129.0,0.0,0.0,0.0,0.0,0.0,0.0,0.0,0.0,0.0,0.0,0.0,0.0,0.0
799,Charlie,Stevens,Stevens,a,,,4.5,515,319.0,0.0,778,335.0,0.0,694.0,279.0,0,0,0.0,0,0.0,53,35,0.0,0.0,0.0,0.0,0.0,768.0,326.0,,,767.0,325.0,761.0,325.0,747.0,321.0,767.0,325.0,,,,,,,,0.0,0.0,0.0,0.0,0.0,0.0,0.0,0.0,0.0,35,0,0.0,0.0,0.0,0.0,0.0,0.0,0.0,0.0,0.0,0.0,0.0,0.0,0.0,0.0,70.0,47.0,0.0,0.0,0.0,0.0,0.0,0.0,0.0,0.0,0.0,0.0,0.0,0.0,0.0
801,Alex,Tóth,Tóth.A,a,,,4.9,339,211.0,0.0,764,326.0,0.8,301.0,141.0,0,0,0.0,-1,1.0,18,15,0.2,1.2,0.8,0.8,0.9,520.0,242.0,,,477.0,214.0,384.0,194.0,408.0,202.0,454.0,203.0,,,,,,,,0.07,0.29,0.36,4.06,0.0,0.0,2.31,1.15,11.54,35,0,0.0,0.0,0.0,0.0,0.0,0.0,0.0,0.0,0.0,0.0,0.0,0.0,0.0,0.0,24.0,21.0,0.0,0.0,0.0,0.0,0.0,0.0,0.0,0.0,0.0,0.0,0.0,0.0,0.0
361,Darko,Gyabi,Gyabi,u,has joined Hull City permanently.,,4.5,443,264.0,0.0,674,271.0,0.0,634.0,229.0,0,0,0.0,0,0.0,0,2,0.0,0.0,0.0,0.0,0.0,719.0,285.0,0.0,0.0,712.0,279.0,709.0,282.0,692.0,275.0,714.0,281.0,,,,,,,,0.0,0.0,0.0,0.0,0.0,0.0,0.0,0.0,0.0,35,0,0.0,0.0,0.0,0.0,0.0,0.0,0.0,0.0,0.0,0.0,0.0,0.0,0.0,0.0,0.0,5.0,0.0,0.0,0.0,0.0,0.0,0.0,0.0,0.0,0.0,0.0,0.0,0.0,0.0
178,Danny,Welbeck,Welbeck,a,,,6.4,56,20.0,9.2,44,9.0,3.8,91.0,18.0,5,1,-1.0,-1,1.0,200151,22057,0.6,18.9,4.8,4.3,3.6,117.0,11.0,100.0,100.0,81.0,5.0,130.0,9.0,22.0,13.0,38.0,7.0,,4.0,2.0,,,,,0.52,0.06,0.58,1.3,0.0,0.35,1.1,1.01,4.52,35,5,80.0,0.0,1.0,0.0,2.0,0.0,0.0,0.0,0.0,0.0,0.0,1.0,0.0,21.0,239237.0,63657.0,0.0,0.10000000000000142,0.050000000000000044,0.15000000000000036,2.1099999999999994,17.399999999999977,13.300000000000011,10.0,4.099999999999994,1.0,2.0,3.0,6.0
179,Evan,Ferguson,Ferguson,u,Has joined AS Roma on loan for the rest of the season,,5.5,146,36.0,0.0,761,92.0,0.0,804.0,86.0,0,0,0.0,0,0.0,0,0,0.0,0.0,0.0,0.0,0.0,821.0,90.0,0.0,0.0,820.0,90.0,820.0,90.0,819.0,90.0,820.0,90.0,,,,,,,,0.0,0.0,0.0,0.0,0.0,0.0,0.0,0.0,0.0,35,0,0.0,0.0,0.0,0.0,0.0,0.0,0.0,0.0,0.0,0.0,0.0,0.0,0.0,0.0,0.0,0.0,0.0,0.0,0.0,0.0,0.0,0.0,0.0,0.0,0.0,0.0,0.0,0.0,0.0
411,Nico,O'Reilly,O'Reilly,a,,,5.3,194,23.0,19.6,14,5.0,7.0,6.0,2.0,1,1,-1.0,3,-3.0,246118,21329,1.3,28.9,15.0,7.5,4.8,22.0,6.0,100.0,100.0,57.0,26.0,79.0,18.0,38.0,1.0,40.0,4.0,,,,,,,,0.2,0.1,0.3,1.2,0.0,0.48,0.88,0.99,5.99,35,1,90.0,0.0,0.0,0.0,3.0,0.0,0.0,0.0,0.0,0.0,0.0,1.0,0.0,0.0,422084.0,24724.0,0.0,0.2400000000000002,0.19999999999999973,0.4400000000000004,2.770000000000003,10.200000000000045,14.900000000000034,29.0,5.400000000000006,1.0,3.0,2.0,4.0
412,Vitor,de Oliveira Nunes dos Reis,Vitor Reis,u,Has joined Girona on loan for the rest of the season.,,5.0,281,42.0,0.0,788,263.0,0.0,767.0,258.0,0,0,0.0,0,0.0,0,0,0.0,0.0,0.0,0.0,0.0,808.0,267.0,0.0,0.0,807.0,267.0,806.0,267.0,802.0,267.0,807.0,267.0,,,,,,,,0.0,0.0,0.0,0.0,0.0,0.0,0.0,0.0,0.0,35,0,0.0,0.0,0.0,0.0,0.0,0.0,0.0,0.0,0.0,0.0,0.0,0.0,0.0,0.0,0.0,0.0,0.0,0.0,0.0,0.0,0.0,0.0,0.0,0.0,0.0,0.0,0.0,0.0,0.0
679,Mads,Hermansen,Hermansen,a,,,4.2,639,34.0,0.8,218,28.0,4.2,60.0,6.0,2,0,0.0,-3,3.0,2607,6457,1.0,14.8,3.2,4.2,4.1,51.0,4.0,,,193.0,21.0,433.0,11.0,613.0,73.0,337.0,21.0,,,,,,,,0.0,0.0,0.0,1.3,3.13,0.4,1.6,1.0,0.0,35,2,90.0,0.0,0.0,0.0,3.0,0.0,0.0,0.0,0.0,0.0,4.0,1.0,0.0,8.0,5644.0,10304.0,0.0,0.0,0.0,0.0,2.2699999999999996,30.0,0.0,0.0,3.0,0.0,2.0,10.0,0.0
641,Alfie,Pond,Pond,u,has joined Crewe Alexandra on loan for the rest of the season.,,3.9,782,227.0,0.9,200,78.0,0.0,440.0,165.0,0,0,0.0,-1,1.0,0,610,0.0,0.0,0.0,0.0,0.0,573.0,206.0,0.0,0.0,561.0,205.0,550.0,205.0,518.0,200.0,563.0,205.0,,,,,,,,0.0,0.0,0.0,0.0,0.0,0.0,0.0,0.0,0.0,35,0,0.0,0.0,0.0,0.0,0.0,0.0,0.0,0.0,0.0,0.0,0.0,0.0,0.0,0.0,0.0,827.0,0.0,0.0,0.0,0.0,0.0,0.0,0.0,0.0,0.0,0.0,0.0,0.0,0.0
642,Hwang,Hee-chan,Hee Chan,a,,,5.6,125,78.0,0.1,467,163.0,0.8,308.0,143.0,0,0,0.0,-4,4.0,109,451,0.1,8.4,-0.2,0.3,2.0,347.0,150.0,100.0,100.0,349.0,157.0,228.0,145.0,223.0,120.0,314.0,153.0,,2.0,3.0,,,,,0.16,0.07,0.23,1.47,0.0,0.15,1.83,1.14,5.48,35,0,0.0,0.0,0.0,0.0,0.0,0.0,0.0,0.0,0.0,0.0,0.0,0.0,0.0,0.0,281.0,655.0,0.0,0.0,0.0,0.0,0.0,0.0,0.0,0.0,0.0,0.0,0.0,0.0,0.0
643,André,Trindade da Costa Neto,André,a,,,5.2,217,132.0,0.1,464,160.0,2.8,136.0,54.0,2,0,0.0,-3,3.0,202,1559,0.5,16.9,1.8,2.3,2.8,222.0,88.0,100.0,100.0,166.0,60.0,127.0,87.0,350.0,180.0,207.0,97.0,,,,,,,,0.02,0.03,0.05,1.56,0.0,0.07,1.73,0.98,12.51,35,2,90.0,0.0,0.0,0.0,1.0,0.0,0.0,0.0,0.0,0.0,0.0,1.0,0.0,14.0,797.0,2336.0,0.0,0.04999999999999999,0.050000000000000044,0.09999999999999987,0.6600000000000037,17.400000000000034,38.39999999999998,4.0,6.0,0.0,3.0,7.0,10.0
644,Jean-Ricner,Bellegarde,Bellegarde,a,,,5.1,232,140.0,0.0,598,224.0,0.8,303.0,142.0,0,0,0.0,-4,4.0,43,282,0.2,8.2,-0.2,0.3,1.8,382.0,163.0,100.0,100.0,303.0,131.0,203.0,132.0,227.0,123.0,281.0,143.0,,4.0,,,,,,0.08,0.07,0.15,1.71,0.0,0.22,2.17,1.12,7.54,35,0,0.0,0.0,0.0,0.0,0.0,0.0,0.0,0.0,0.0,0.0,0.0,0.0,0.0,0.0,112.0,456.0,0.0,0.0,0.0,0.0,0.0,0.0,0.0,0.0,0.0,0.0,0.0,0.0,0.0
645,Fer,López González,Fer López,u,has joined Celta Vigo on loan for the rest of the season.,,5.1,240,145.0,0.0,662,263.0,0.0,774.0,339.0,0,0,0.0,-4,4.0,0,9,0.0,2.4,0.0,0.0,1.3,443.0,198.0,0.0,0.0,447.0,198.0,342.0,183.0,356.0,184.0,416.0,190.0,,,,,,,,0.06,0.24,0.3,1.57,0.0,0.0,3.55,0.79,4.74,35,0,0.0,0.0,0.0,0.0,0.0,0.0,0.0,0.0,0.0,0.0,0.0,0.0,0.0,0.0,0.0,11.0,0.0,0.0,0.0,0.0,0.0,0.0,0.0,0.0,0.0,0.0,0.0,0.0,0.0
646,João Victor,Gomes da Silva,J.Gomes,a,,,5.3,192,121.0,0.3,325,110.0,2.2,169.0,71.0,2,0,0.0,-2,2.0,650,6733,0.4,19.1,1.2,1.7,3.1,190.0,75.0,100.0,100.0,133.0,44.0,100.0,72.0,196.0,105.0,130.0,73.0,,3.0,,,,,,0.04,0.07,0.11,1.54,0.0,0.14,1.77,1.02,12.29,35,2,90.0,0.0,0.0,0.0,1.0,0.0,0.0,0.0,0.0,0.0,0.0,1.0,0.0,13.0,2140.0,9195.0,0.0,0.030000000000000027,0.16999999999999993,0.19999999999999973,0.6600000000000037,18.19999999999999,36.10000000000002,4.0,5.799999999999997,3.0,2.0,4.0,9.0
628,José,Malheiro de Sá,José Sá,i,Ankle injury - Expected back 17 May,,4.2,631,31.0,1.1,188,23.0,0.8,287.0,22.0,0,0,0.0,-3,3.0,118,8160,0.2,14.0,0.0,0.1,2.8,212.0,25.0,0.0,25.0,137.0,19.0,432.0,10.0,610.0,70.0,300.0,19.0,,,,,,,,0.0,0.0,0.0,1.56,2.57,0.19,1.67,1.0,0.0,35,0,0.0,0.0,0.0,0.0,0.0,0.0,0.0,0.0,0.0,0.0,0.0,0.0,0.0,0.0,1418.0,10829.0,0.0,0.0,0.0,0.0,0.0,0.0,0.0,0.0,0.0,0.0,0.0,0.0,0.0
629,Daniel,Bentley,Bentley,a,,,3.9,752,71.0,0.5,270,35.0,1.0,260.0,20.0,2,0,0.0,-1,1.0,1256,628,0.3,1.0,0.0,0.5,2.0,338.0,32.0,100.0,100.0,432.0,35.0,527.0,25.0,495.0,11.0,466.0,35.0,,,,,,,,0.0,0.0,0.0,1.74,2.0,0.0,2.0,1.0,0.0,35,2,90.0,0.0,0.0,0.0,1.0,0.0,0.0,0.0,0.0,0.0,1.0,1.0,0.0,10.0,1948.0,1134.0,0.0,0.0,0.0,0.0,0.6600000000000001,13.399999999999999,0.0,0.0,1.2999999999999998,0.0,1.0,11.0,0.0
33,Marco,Bizot,M.Bizot,a,,,4.2,628,29.0,0.4,294,39.0,0.8,286.0,21.0,0,0,0.0,-3,3.0,191,285,0.2,3.3,1.3,0.8,2.3,295.0,29.0,100.0,100.0,367.0,27.0,636.0,82.0,608.0,68.0,420.0,27.0,,,,,,,,0.0,0.0,0.0,1.76,3.09,0.18,1.64,0.91,0.0,35,0,0.0,0.0,0.0,0.0,0.0,0.0,0.0,0.0,0.0,0.0,0.0,0.0,0.0,0.0,248.0,419.0,0.0,0.0,0.0,0.0,0.0,0.0,0.0,0.0,0.0,0.0,0.0,0.0,0.0
413,Omar,Marmoush,Marmoush,a,,,8.3,11,6.0,2.5,125,40.0,0.2,382.0,177.0,1,0,0.0,-2,2.0,1704,2341,0.0,4.9,1.4,0.7,2.3,309.0,133.0,100.0,100.0,351.0,158.0,235.0,150.0,132.0,77.0,279.0,142.0,4.0,1.0,2.0,,,,,0.36,0.11,0.47,1.04,0.0,0.47,0.79,1.11,5.22,35,1,3.0,0.0,0.0,0.0,0.0,0.0,0.0,0.0,0.0,0.0,0.0,0.0,0.0,2.0,2143.0,3131.0,0.0,0.029999999999999805,0.0,0.03000000000000025,0.0,0.4000000000000057,0.09999999999999432,7.0,0.8000000000000043,0.0,0.0,1.0,1.0
414,Phil,Foden,Foden,a,,,8.0,16,11.0,7.6,55,19.0,0.8,314.0,147.0,1,0,0.0,0,0.0,2257,9699,0.1,14.4,2.6,1.3,4.0,63.0,30.0,100.0,100.0,107.0,33.0,10.0,10.0,52.0,31.0,28.0,22.0,5.0,,,,,,,0.26,0.2,0.46,1.16,0.0,0.49,0.83,1.03,6.89,35,1,16.0,0.0,0.0,0.0,1.0,0.0,0.0,0.0,0.0,0.0,0.0,0.0,0.0,2.0,2690.0,12817.0,0.0,0.009999999999999787,0.010000000000000675,0.02000000000000135,1.1600000000000001,0.0,6.2999999999999545,3.0,0.8000000000000114,0.0,0.0,1.0,1.0
415,Sávio,Moreira de Oliveira,Savinho,a,,,6.9,40,24.0,0.4,287,98.0,0.8,312.0,145.0,0,0,0.0,-1,1.0,373,248,0.1,4.3,2.6,1.3,1.5,424.0,185.0,100.0,100.0,387.0,172.0,236.0,151.0,121.0,69.0,287.0,145.0,,,,,,,,0.29,0.19,0.48,1.11,0.0,0.3,0.75,0.75,7.62,35,0,0.0,0.0,0.0,0.0,0.0,0.0,0.0,0.0,0.0,0.0,0.0,0.0,0.0,0.0,454.0,311.0,0.0,0.0,0.0,0.0,0.0,0.0,0.0,0.0,0.0,0.0,0.0,0.0,0.0
198,Axel,Tuanzebe,Tuanzebe,a,,,3.9,761,217.0,0.9,207,81.0,0.0,424.0,159.0,0,0,0.0,-1,1.0,115,576,0.0,6.9,-0.5,-0.5,2.5,265.0,99.0,100.0,100.0,276.0,111.0,440.0,155.0,337.0,110.0,365.0,125.0,,,,,,,,0.06,0.01,0.07,2.41,0.0,0.1,2.13,1.06,9.38,35,0,0.0,0.0,0.0,0.0,0.0,0.0,0.0,0.0,0.0,0.0,0.0,0.0,0.0,0.0,155.0,929.0,0.0,0.0,0.0,0.0,0.0,0.0,0.0,0.0,0.0,0.0,0.0,0.0,0.0
199,Joe,Worrall,Worrall,a,,,3.8,798,237.0,0.2,379,137.0,0.0,395.0,140.0,0,0,0.0,-2,2.0,72,507,0.0,5.3,-0.5,-0.5,1.8,363.0,131.0,100.0,100.0,337.0,129.0,474.0,172.0,395.0,140.0,399.0,141.0,,,,,,,,0.01,0.0,0.01,2.12,0.0,0.0,2.0,0.91,13.79,35,0,0.0,0.0,0.0,0.0,0.0,0.0,0.0,0.0,0.0,0.0,0.0,0.0,0.0,0.0,94.0,741.0,0.0,0.0,0.0,0.0,0.0,0.0,0.0,0.0,0.0,0.0,0.0,0.0,0.0
200,Jaidon,Anthony,Anthony,a,,,5.0,259,157.0,1.8,146,48.0,2.8,134.0,53.0,5,0,0.0,-5,5.0,1284,5254,0.6,23.2,2.3,2.3,3.4,139.0,59.0,100.0,100.0,93.0,29.0,47.0,42.0,33.0,17.0,34.0,26.0,2.0,,,,,,,0.16,0.1,0.26,2.0,0.0,0.15,2.02,1.06,7.88,35,5,90.0,0.0,1.0,0.0,3.0,0.0,0.0,0.0,0.0,0.0,0.0,1.0,0.0,21.0,2079.0,8231.0,0.0,0.10000000000000053,0.09999999999999964,0.20000000000000018,1.6400000000000006,17.799999999999955,18.100000000000023,15.0,5.099999999999994,1.0,0.0,4.0,5.0
286,Zach,Marsh,Marsh,a,,,4.4,565,81.0,0.3,320,52.0,0.0,601.0,65.0,0,0,0.0,-1,1.0,367,349,0.0,0.0,-0.5,0.0,0.0,694.0,75.0,,,687.0,74.0,683.0,73.0,664.0,73.0,689.0,74.0,,,,,,,,0.0,0.0,0.0,0.0,0.0,0.0,0.0,0.0,0.0,35,0,0.0,0.0,0.0,0.0,0.0,0.0,0.0,0.0,0.0,0.0,0.0,0.0,0.0,0.0,428.0,461.0,0.0,0.0,0.0,0.0,0.0,0.0,0.0,0.0,0.0,0.0,0.0,0.0,0.0
580,Brennan,Johnson,Johnson,a,,,6.5,50,32.0,2.4,128,42.0,1.8,217.0,96.0,2,0,0.0,-5,5.0,13249,1250,0.3,9.2,3.1,1.8,1.9,362.0,157.0,,,291.0,123.0,148.0,99.0,145.0,83.0,223.0,107.0,1.0,3.0,,,,,,0.15,0.07,0.22,1.48,0.0,0.36,1.13,1.01,6.31,35,2,90.0,0.0,0.0,0.0,3.0,0.0,0.0,0.0,0.0,0.0,0.0,1.0,0.0,4.0,14008.0,1806.0,0.0,0.08000000000000007,0.09000000000000008,0.16999999999999993,2.080000000000002,2.8000000000000114,2.0,10.0,1.5,1.0,2.0,1.0,4.0
654,Jørgen,Strand Larsen,Strand Larsen,a,,,5.9,96,27.0,1.6,154,23.0,1.5,235.0,32.0,2,0,0.0,-6,6.0,25997,4889,0.3,11.5,2.5,1.5,2.1,337.0,39.0,100.0,100.0,257.0,24.0,196.0,18.0,57.0,23.0,165.0,23.0,,,,,,,,0.21,0.04,0.25,1.39,0.0,0.22,1.52,1.0,3.87,35,2,64.0,0.0,0.0,0.0,2.0,0.0,0.0,0.0,0.0,0.0,0.0,1.0,0.0,10.0,27799.0,9798.0,0.0,0.1900000000000004,0.10999999999999999,0.3000000000000007,1.6500000000000021,14.999999999999972,14.900000000000006,21.0,5.1000000000000085,1.0,2.0,2.0,5.0
677,Evann,Guessand,Guessand,d,Knee injury - 50% chance of playing,,6.2,76,50.0,0.0,606,230.0,0.0,817.0,364.0,0,0,0.0,-3,3.0,20,108,0.0,6.8,-0.2,0.0,2.2,319.0,140.0,50.0,0.0,332.0,149.0,319.0,175.0,187.0,100.0,322.0,156.0,,,,,,,,0.16,0.08,0.24,1.3,0.0,0.2,1.53,0.92,8.28,35,0,0.0,0.0,0.0,0.0,0.0,0.0,0.0,0.0,0.0,0.0,0.0,0.0,0.0,0.0,23.0,180.0,0.0,0.0,0.0,0.0,0.0,0.0,0.0,0.0,0.0,0.0,0.0,0.0,0.0
690,Rio,Cardines,Cardines,a,,,4.4,569,342.0,0.3,348,119.0,0.0,604.0,211.0,0,0,0.0,-1,1.0,65,88,0.0,0.0,-0.5,0.0,0.0,697.0,270.0,100.0,100.0,690.0,264.0,686.0,267.0,667.0,259.0,692.0,266.0,,,,,,,,0.0,0.0,0.0,0.0,0.0,0.0,0.0,0.0,0.0,35,0,0.0,0.0,0.0,0.0,0.0,0.0,0.0,0.0,0.0,0.0,0.0,0.0,0.0,0.0,83.0,120.0,0.0,0.0,0.0,0.0,0.0,0.0,0.0,0.0,0.0,0.0,0.0,0.0,0.0
712,Yéremy,Pino Santos,Yeremy,a,,,5.8,110,70.0,0.2,377,129.0,1.2,251.0,115.0,1,0,0.0,-2,2.0,3984,435,0.2,12.2,1.9,1.2,2.3,307.0,131.0,100.0,100.0,231.0,98.0,24.0,23.0,84.0,49.0,71.0,44.0,,1.0,,,,,,0.19,0.27,0.46,1.27,0.0,0.33,1.12,1.12,7.29,35,1,45.0,0.0,0.0,0.0,2.0,0.0,0.0,0.0,0.0,0.0,0.0,1.0,0.0,3.0,4245.0,759.0,0.0,0.0,0.03000000000000025,0.030000000000001137,1.4899999999999984,0.0,3.0,0.0,0.30000000000001137,0.0,0.0,1.0,1.0
305,Harrison,Armstrong,Armstrong,a,,,4.5,499,308.0,0.1,519,189.0,0.2,365.0,168.0,1,0,0.0,0,0.0,259,254,0.0,4.4,0.2,-0.3,1.7,397.0,171.0,100.0,100.0,416.0,180.0,334.0,181.0,300.0,159.0,389.0,179.0,,,,,,,,0.14,0.04,0.18,1.98,0.0,0.18,2.0,1.09,9.07,35,1,1.0,0.0,0.0,0.0,1.0,0.0,0.0,0.0,0.0,0.0,0.0,0.0,0.0,3.0,322.0,349.0,0.0,0.0,0.0,0.0,0.120000000000001,0.0,0.0,0.0,0.0,0.0,0.0,0.0,0.0
307,Coby,Ebere,Ebere,a,,,4.4,551,330.0,0.0,602,228.0,0.0,590.0,202.0,0,0,0.0,-1,1.0,59,54,0.0,0.0,0.0,-0.5,0.0,686.0,264.0,,,677.0,256.0,674.0,260.0,653.0,250.0,679.0,258.0,,,,,,,,0.0,0.0,0.0,0.0,0.0,0.0,0.0,0.0,0.0,35,0,0.0,0.0,0.0,0.0,0.0,0.0,0.0,0.0,0.0,0.0,0.0,0.0,0.0,0.0,79.0,67.0,0.0,0.0,0.0,0.0,0.0,0.0,0.0,0.0,0.0,0.0,0.0,0.0,0.0
308,Isaac,Heath,Heath,u,has joined Accrington on loan for the rest of the season.,,4.5,452,270.0,0.0,709,288.0,0.0,639.0,234.0,0,0,0.0,0,0.0,0,3,0.0,0.0,0.0,0.0,0.0,723.0,289.0,0.0,0.0,717.0,284.0,713.0,286.0,696.0,279.0,718.0,285.0,,,,,,,,0.0,0.0,0.0,0.0,0.0,0.0,0.0,0.0,0.0,35,0,0.0,0.0,0.0,0.0,0.0,0.0,0.0,0.0,0.0,0.0,0.0,0.0,0.0,0.0,0.0,4.0,0.0,0.0,0.0,0.0,0.0,0.0,0.0,0.0,0.0,0.0,0.0,0.0,0.0
709,Ladislav,Krejcí,Krejčí,a,,,4.5,431,88.0,0.1,565,201.0,0.2,362.0,123.0,0,0,0.0,0,0.0,58,336,0.0,13.3,-0.8,0.0,2.3,298.0,111.0,100.0,0.0,109.0,49.0,254.0,67.0,118.0,21.0,153.0,52.0,,,,,,,,0.09,0.06,0.15,1.56,0.0,0.12,1.8,1.02,7.4,35,0,0.0,0.0,0.0,0.0,0.0,0.0,0.0,0.0,0.0,0.0,0.0,0.0,0.0,0.0,98.0,613.0,0.0,0.0,0.0,0.0,0.0,0.0,0.0,0.0,0.0,0.0,0.0,0.0,0.0
720,Tolu,Arokodare,Tolu,a,,,5.2,215,49.0,0.1,454,64.0,1.0,279.0,39.0,2,0,0.0,-3,3.0,720,1040,0.2,12.1,0.0,0.5,2.1,334.0,37.0,,,267.0,26.0,209.0,20.0,37.0,17.0,147.0,21.0,,,5.0,,,,,0.35,0.03,0.38,1.48,0.0,0.2,1.85,0.86,5.03,35,2,90.0,0.0,0.0,0.0,1.0,0.0,0.0,0.0,0.0,0.0,0.0,1.0,0.0,9.0,961.0,1776.0,0.0,0.5800000000000001,0.020000000000000018,0.5999999999999996,0.6600000000000001,9.200000000000017,0.30000000000001137,59.0,6.900000000000006,0.0,4.0,0.0,4.0
353,Daniel,James,James,a,,,5.2,205,126.0,0.1,488,173.0,0.2,377.0,172.0,1,0,0.0,-3,3.0,91,96,0.0,3.7,0.2,0.7,1.2,450.0,200.0,100.0,100.0,423.0,183.0,275.0,167.0,253.0,137.0,368.0,173.0,,,,,,,,0.17,0.13,0.3,2.38,0.0,0.22,2.88,0.89,5.76,35,1,1.0,0.0,0.0,0.0,0.0,0.0,0.0,0.0,0.0,0.0,0.0,0.0,0.0,5.0,199.0,115.0,0.0,0.050000000000000044,0.0,0.050000000000000044,0.22000000000000064,3.0,0.0,17.0,2.0,0.0,0.0,0.0,0.0
56,Enzo,Barrenechea,Barrenechea,u,Season-long loan to Benfica,,5.0,266,162.0,0.0,832,373.0,0.0,759.0,327.0,0,0,0.0,0,0.0,0,0,0.0,0.0,0.0,0.0,0.0,802.0,352.0,0.0,0.0,801.0,351.0,800.0,351.0,796.0,350.0,801.0,351.0,,,,,,,,0.0,0.0,0.0,0.0,0.0,0.0,0.0,0.0,0.0,35,0,0.0,0.0,0.0,0.0,0.0,0.0,0.0,0.0,0.0,0.0,0.0,0.0,0.0,0.0,0.0,0.0,0.0,0.0,0.0,0.0,0.0,0.0,0.0,0.0,0.0,0.0,0.0,0.0,0.0
346,Sam,Byram,Byram,a,,,3.7,823,260.0,0.3,302,112.0,0.0,383.0,130.0,0,0,0.0,-3,3.0,3754,1062,0.0,0.3,0.0,0.5,1.0,457.0,163.0,,,517.0,181.0,499.0,179.0,465.0,172.0,519.0,181.0,,,,,,,,0.0,0.0,0.0,10.16,0.0,0.0,12.86,0.0,0.0,35,0,0.0,0.0,0.0,0.0,0.0,0.0,0.0,0.0,0.0,0.0,0.0,0.0,0.0,0.0,4892.0,1543.0,0.0,0.0,0.0,0.0,0.0,0.0,0.0,0.0,0.0,0.0,0.0,0.0,0.0
347,Gabriel,Gudmundsson,Gudmundsson,i,Hamstring injury - Expected back 17 May,,3.8,800,239.0,2.8,118,45.0,2.2,161.0,58.0,0,0,0.0,-2,2.0,139,25838,0.6,17.9,0.0,0.0,2.1,321.0,115.0,0.0,0.0,139.0,59.0,93.0,21.0,211.0,55.0,142.0,45.0,,,,,,,,0.04,0.1,0.14,1.4,0.0,0.17,1.54,1.06,6.28,35,0,0.0,0.0,0.0,0.0,0.0,0.0,0.0,0.0,0.0,0.0,0.0,0.0,0.0,0.0,191.0,44981.0,0.0,0.0,0.0,0.0,0.0,0.0,0.0,0.0,0.0,0.0,0.0,0.0,0.0
814,Luca,Netz,Netz,a,,,4.5,444,91.0,0.0,765,259.0,1.2,244.0,84.0,4,0,0.0,0,0.0,106,31,0.3,1.6,1.2,1.2,1.8,372.0,138.0,,,437.0,161.0,463.0,168.0,435.0,166.0,464.0,167.0,,,,,,,,0.0,0.21,0.21,1.4,0.0,0.0,0.56,0.56,8.39,35,4,90.0,0.0,0.0,0.0,1.0,0.0,0.0,0.0,0.0,0.0,0.0,1.0,0.0,11.0,117.0,38.0,0.0,0.0,0.0,0.0,2.15,18.0,0.7999999999999998,2.0,2.1000000000000005,6.0,4.0,6.0,10.0
762,Joél,Drakes-Thomas,Drakes-Thomas,a,,,4.5,517,321.0,0.0,775,332.0,0.0,696.0,281.0,0,0,0.0,0,0.0,57,16,0.0,0.4,-0.5,0.0,1.0,496.0,225.0,,,504.0,231.0,481.0,231.0,749.0,323.0,510.0,233.0,,,,,,,,0.0,0.0,0.0,9.39,0.0,0.0,12.86,0.0,38.57,35,0,0.0,0.0,0.0,0.0,0.0,0.0,0.0,0.0,0.0,0.0,0.0,0.0,0.0,0.0,73.0,29.0,0.0,0.0,0.0,0.0,0.0,0.0,0.0,0.0,0.0,0.0,0.0,0.0,0.0
594,Yang,Min-hyeok,Min-hyeok,u,has joined Coventry City on loan for the rest of the season.,,4.5,507,315.0,0.0,743,313.0,0.0,689.0,276.0,0,0,0.0,0,0.0,0,0,0.0,0.0,0.0,0.0,0.0,763.0,323.0,0.0,0.0,762.0,322.0,756.0,322.0,742.0,318.0,762.0,322.0,,,,,,,,0.0,0.0,0.0,0.0,0.0,0.0,0.0,0.0,0.0,35,0,0.0,0.0,0.0,0.0,0.0,0.0,0.0,0.0,0.0,0.0,0.0,0.0,0.0,0.0,0.0,0.0,0.0,0.0,0.0,0.0,0.0,0.0,0.0,0.0,0.0,0.0,0.0,0.0,0.0
595,Callum,Olusesi,Olusesi,a,,,4.3,603,356.0,0.2,372,126.0,0.0,559.0,184.0,0,0,0.0,-2,2.0,179,193,0.0,0.2,0.0,0.0,1.0,474.0,206.0,,,511.0,232.0,471.0,224.0,626.0,233.0,512.0,234.0,,,,,,,,0.0,0.06,0.06,4.82,0.0,0.0,0.0,0.0,12.86,35,0,0.0,0.0,0.0,0.0,0.0,0.0,0.0,0.0,0.0,0.0,0.0,0.0,0.0,0.0,219.0,268.0,0.0,0.0,0.0,0.0,0.0,0.0,0.0,0.0,0.0,0.0,0.0,0.0,0.0
596,Dominic,Solanke-Mitchell,Solanke,d,Muscle injury - 25% chance of playing,,7.1,34,14.0,1.2,178,28.0,1.2,257.0,36.0,0,-1,1.0,-4,4.0,59,25878,0.2,5.6,0.3,0.0,2.7,247.0,27.0,25.0,0.0,292.0,29.0,308.0,37.0,88.0,29.0,243.0,30.0,,,2.0,,,,,0.27,0.03,0.3,1.61,0.0,0.0,1.9,0.99,6.41,35,0,0.0,0.0,0.0,0.0,0.0,0.0,0.0,0.0,0.0,0.0,0.0,0.0,0.0,0.0,84.0,66071.0,0.0,0.0,0.0,0.0,0.0,0.0,0.0,0.0,0.0,0.0,0.0,0.0,0.0
752,Airidas,Golambeckis,Golambeckis,a,,,4.0,746,212.0,0.0,636,228.0,0.0,523.0,215.0,0,0,0.0,0,0.0,96,76,0.0,0.0,-1.0,0.0,0.0,645.0,248.0,,,634.0,248.0,628.0,248.0,599.0,246.0,636.0,248.0,,,,,,,,0.0,0.0,0.0,0.0,0.0,0.0,0.0,0.0,0.0,35,0,0.0,0.0,0.0,0.0,0.0,0.0,0.0,0.0,0.0,0.0,0.0,0.0,0.0,0.0,131.0,112.0,0.0,0.0,0.0,0.0,0.0,0.0,0.0,0.0,0.0,0.0,0.0,0.0,0.0
758,Mohamadou,Kanté,Mohamadou Kanté,a,,,4.5,509,316.0,0.0,728,302.0,0.2,366.0,169.0,0,0,0.0,0,0.0,57,69,0.0,1.8,-0.8,0.2,0.9,518.0,241.0,,,463.0,206.0,422.0,209.0,414.0,203.0,468.0,210.0,,,,,,,,0.17,0.09,0.26,2.56,0.0,0.0,0.0,0.0,33.16,35,0,0.0,0.0,0.0,0.0,0.0,0.0,0.0,0.0,0.0,0.0,0.0,0.0,0.0,0.0,91.0,100.0,0.0,0.0,0.0,0.0,0.0,0.0,0.0,0.0,0.0,0.0,0.0,0.0,0.0
785,Pablo Felipe,Pereira de Jesus,Pablo,a,,,5.4,176,41.0,0.0,704,89.0,2.8,137.0,20.0,2,0,0.0,-1,1.0,121,294,0.5,4.3,1.8,2.8,2.1,335.0,38.0,100.0,100.0,386.0,44.0,252.0,29.0,286.0,50.0,350.0,45.0,,,,,,,,0.1,0.05,0.15,1.33,0.0,0.37,1.24,1.12,7.96,35,2,90.0,0.0,0.0,0.0,3.0,0.0,0.0,0.0,0.0,0.0,0.0,1.0,0.0,13.0,221.0,435.0,0.0,0.1499999999999999,0.010000000000000009,0.15999999999999992,2.2699999999999996,19.0,32.599999999999994,23.0,7.5,4.0,2.0,4.0,10.0
791,Valentín,Castellanos,Taty,a,,,5.5,142,35.0,0.2,388,59.0,3.8,88.0,15.0,1,0,0.0,0,0.0,501,5685,0.7,8.4,2.8,3.8,3.1,192.0,19.0,,,293.0,30.0,214.0,21.0,60.0,25.0,188.0,26.0,,,,,,,,0.33,0.06,0.39,1.28,0.0,0.54,1.16,1.16,4.47,35,1,64.0,0.0,0.0,0.0,2.0,0.0,0.0,0.0,1.0,0.0,0.0,1.0,0.0,0.0,1329.0,9103.0,0.0,0.36999999999999966,0.15000000000000002,0.5199999999999996,2.130000000000001,1.200000000000017,17.899999999999977,32.0,5.1000000000000085,1.0,2.0,2.0,5.0
825,Finlay,Herrick,Herrick,a,,,4.0,722,66.0,0.0,798,92.0,0.0,500.0,78.0,0,0,0.0,0,0.0,40,29,0.0,0.0,-1.0,0.0,0.0,625.0,86.0,,,614.0,86.0,608.0,76.0,578.0,62.0,616.0,86.0,,,,,,,,0.0,0.0,0.0,0.0,0.0,0.0,0.0,0.0,0.0,35,0,0.0,0.0,0.0,0.0,0.0,0.0,0.0,0.0,0.0,0.0,0.0,0.0,0.0,0.0,71.0,46.0,0.0,0.0,0.0,0.0,0.0,0.0,0.0,0.0,0.0,0.0,0.0,0.0,0.0
627,Sam,Johnstone,Johnstone,i,Shoulder injury - Expected back 25 May,,4.4,526,25.0,0.1,443,63.0,0.0,576.0,87.0,0,0,0.0,-1,1.0,50,226,0.0,4.8,0.0,0.0,1.8,369.0,35.0,0.0,0.0,226.0,23.0,495.0,17.0,641.0,76.0,357.0,23.0,,,,,,,,0.0,0.0,0.0,1.55,3.25,0.0,2.0,1.0,0.0,35,0,0.0,0.0,0.0,0.0,0.0,0.0,0.0,0.0,0.0,0.0,0.0,0.0,0.0,0.0,81.0,313.0,0.0,0.0,0.0,0.0,0.0,0.0,0.0,0.0,0.0,0.0,0.0,0.0,0.0
501,Sean,Neave,Neave,a,,,4.3,618,87.0,0.3,351,57.0,0.0,570.0,59.0,0,0,0.0,-2,2.0,217,250,0.0,0.0,0.0,-0.5,0.0,672.0,69.0,,,661.0,68.0,658.0,67.0,635.0,67.0,663.0,68.0,,,,,,,,0.0,0.0,0.0,0.0,0.0,0.0,0.0,0.0,0.0,35,0,0.0,0.0,0.0,0.0,0.0,0.0,0.0,0.0,0.0,0.0,0.0,0.0,0.0,0.0,260.0,337.0,0.0,0.0,0.0,0.0,0.0,0.0,0.0,0.0,0.0,0.0,0.0,0.0,0.0
1,David,Raya Martín,Raya,a,,,6.1,80,1.0,35.3,6,1.0,4.5,57.0,5.0,6,1,-1.0,6,-6.0,87819,33950,0.7,24.1,5.5,5.5,4.2,48.0,3.0,,,105.0,17.0,386.0,3.0,823.0,97.0,270.0,17.0,,,,,,,,0.0,0.0,0.0,0.75,1.63,0.49,0.74,1.0,0.0,35,6,90.0,0.0,0.0,1.0,0.0,0.0,0.0,0.0,0.0,0.0,1.0,1.0,0.0,22.0,162257.0,56277.0,0.0,0.0,0.0,0.0,0.36999999999999744,11.800000000000068,0.10000000000000142,0.0,1.2000000000000028,0.0,1.0,4.0,0.0
2,Kepa,Arrizabalaga Revuelta,Arrizabalaga,a,,,4.0,672,44.0,0.4,293,38.0,0.0,457.0,56.0,0,0,0.0,-5,5.0,187,282,0.0,0.0,1.0,1.0,0.0,587.0,66.0,,,575.0,66.0,567.0,54.0,536.0,40.0,577.0,66.0,,,,,,,,0.0,0.0,0.0,0.0,0.0,0.0,0.0,0.0,0.0,35,0,0.0,0.0,0.0,0.0,0.0,0.0,0.0,0.0,0.0,0.0,0.0,0.0,0.0,0.0,254.0,372.0,0.0,0.0,0.0,0.0,0.0,0.0,0.0,0.0,0.0,0.0,0.0,0.0,0.0
3,Karl,Hein,Hein,u,Has joined Werder Bremen on loan for the rest of the season.,,4.0,693,54.0,0.2,376,54.0,0.0,476.0,66.0,0,0,0.0,0,0.0,0,60,0.0,0.0,0.0,0.0,0.0,604.0,75.0,0.0,0.0,592.0,75.0,585.0,64.0,554.0,50.0,594.0,75.0,,,,,,,,0.0,0.0,0.0,0.0,0.0,0.0,0.0,0.0,0.0,35,0,0.0,0.0,0.0,0.0,0.0,0.0,0.0,0.0,0.0,0.0,0.0,0.0,0.0,0.0,0.0,75.0,0.0,0.0,0.0,0.0,0.0,0.0,0.0,0.0,0.0,0.0,0.0,0.0,0.0
4,Tommy,Setford,Setford,a,,,3.9,785,91.0,0.2,367,53.0,0.0,443.0,49.0,0,0,0.0,-1,1.0,60,260,0.0,0.0,1.0,1.0,0.0,576.0,60.0,,,564.0,60.0,553.0,45.0,521.0,31.0,566.0,60.0,,,,,,,,0.0,0.0,0.0,0.0,0.0,0.0,0.0,0.0,0.0,35,0,0.0,0.0,0.0,0.0,0.0,0.0,0.0,0.0,0.0,0.0,0.0,0.0,0.0,0.0,80.0,332.0,0.0,0.0,0.0,0.0,0.0,0.0,0.0,0.0,0.0,0.0,0.0,0.0,0.0
5,Gabriel,dos Santos Magalhães,Gabriel,a,,,7.2,32,1.0,44.9,4,1.0,4.5,58.0,25.0,6,0,0.0,12,-12.0,89393,33637,0.6,26.5,5.5,5.5,6.6,2.0,1.0,100.0,100.0,23.0,8.0,262.0,72.0,110.0,17.0,89.0,21.0,,,,,,,,0.09,0.06,0.15,0.7,0.0,0.57,0.68,1.0,9.12,35,6,90.0,0.0,0.0,1.0,0.0,0.0,0.0,0.0,0.0,0.0,0.0,1.0,0.0,27.0,184847.0,42937.0,0.0,0.6400000000000001,0.020000000000000018,0.6599999999999997,0.36999999999999744,23.600000000000023,2.0999999999999943,52.0,7.799999999999997,1.0,7.0,3.0,8.0
6,William,Saliba,Saliba,a,,,6.2,74,2.0,15.6,20,8.0,4.2,70.0,29.0,6,1,-1.0,2,-2.0,72367,22044,0.7,20.0,5.2,5.2,4.3,41.0,15.0,100.0,100.0,108.0,48.0,192.0,51.0,299.0,89.0,181.0,60.0,,,,,,,,0.03,0.04,0.07,0.71,0.0,0.48,0.74,1.04,6.58,35,6,90.0,0.0,0.0,1.0,0.0,0.0,0.0,0.0,0.0,0.0,0.0,1.0,0.0,27.0,136374.0,35296.0,0.0,0.0,0.31000000000000005,0.30999999999999983,0.370000000000001,22.19999999999999,24.400000000000006,6.0,5.300000000000011,0.0,6.0,3.0,6.0
7,Riccardo,Calafiori,Calafiori,a,,,5.6,133,13.0,5.9,67,21.0,1.5,234.0,81.0,6,0,0.0,1,-1.0,13087,2418,0.3,17.7,2.5,2.5,4.3,40.0,14.0,100.0,100.0,249.0,99.0,243.0,61.0,106.0,13.0,220.0,78.0,,,,,,,,0.18,0.03,0.21,0.55,0.0,0.7,0.47,1.11,5.92,35,6,90.0,0.0,0.0,1.0,0.0,0.0,0.0,0.0,0.0,0.0,0.0,1.0,0.0,20.0,14253.0,3890.0,0.0,0.22999999999999998,0.020000000000000018,0.25,0.3699999999999992,25.200000000000017,12.599999999999994,39.0,7.700000000000003,1.0,5.0,3.0,6.0
8,Jurriën,Timber,J.Timber,i,Ankle injury - Unknown return date,,6.0,85,5.0,16.3,19,7.0,0.0,814.0,267.0,0,-1,1.0,5,-5.0,145,161043,0.0,24.8,0.0,0.0,5.0,14.0,4.0,0.0,0.0,111.0,50.0,74.0,15.0,80.0,7.0,76.0,15.0,,,,,,,,0.17,0.06,0.23,0.64,0.0,0.48,0.73,1.03,5.43,35,0,0.0,0.0,0.0,0.0,0.0,0.0,0.0,0.0,0.0,0.0,0.0,0.0,0.0,0.0,204.0,251827.0,0.0,0.0,0.0,0.0,0.0,0.0,0.0,0.0,0.0,0.0,0.0,0.0,0.0
9,Jakub,Kiwior,Kiwior,u,has joined Porto on loan for the rest of the season.,,5.4,165,20.0,0.0,595,212.0,0.0,793.0,263.0,0,0,0.0,-1,1.0,0,5,0.0,0.0,0.0,0.0,0.0,815.0,269.0,0.0,0.0,814.0,269.0,814.0,269.0,813.0,269.0,814.0,269.0,,,,,,,,0.0,0.0,0.0,0.0,0.0,0.0,0.0,0.0,0.0,35,0,0.0,0.0,0.0,0.0,0.0,0.0,0.0,0.0,0.0,0.0,0.0,0.0,0.0,0.0,0.0,6.0,0.0,0.0,0.0,0.0,0.0,0.0,0.0,0.0,0.0,0.0,0.0,0.0,0.0
546,Milan,Aleksić,Aleksić,a,,,4.9,341,213.0,0.0,699,282.0,0.0,746.0,317.0,0,0,0.0,-1,1.0,10,12,0.0,0.0,-0.5,0.5,0.0,793.0,345.0,100.0,100.0,792.0,344.0,789.0,344.0,786.0,343.0,792.0,344.0,,,,,,,,0.0,0.0,0.0,0.0,0.0,0.0,0.0,0.0,0.0,35,0,0.0,0.0,0.0,0.0,0.0,0.0,0.0,0.0,0.0,0.0,0.0,0.0,0.0,0.0,19.0,15.0,0.0,0.0,0.0,0.0,0.0,0.0,0.0,0.0,0.0,0.0,0.0,0.0,0.0
650,Tawanda,Chirewa,Chirewa,u,has joined Barnsley on loan for the rest of the season.,,4.3,602,355.0,0.2,385,131.0,0.0,558.0,183.0,0,0,0.0,-2,2.0,0,115,0.0,0.5,0.0,0.0,1.0,473.0,205.0,0.0,0.0,494.0,225.0,490.0,237.0,625.0,232.0,505.0,229.0,,,,,,,,0.0,0.0,0.0,1.8,0.0,0.0,0.0,0.0,14.4,35,0,0.0,0.0,0.0,0.0,0.0,0.0,0.0,0.0,0.0,0.0,0.0,0.0,0.0,0.0,0.0,166.0,0.0,0.0,0.0,0.0,0.0,0.0,0.0,0.0,0.0,0.0,0.0,0.0,0.0
652,Enso,González Medina,Gonzalez,a,,,4.3,616,364.0,1.2,177,61.0,0.0,569.0,191.0,0,0,0.0,-2,2.0,876,1382,0.0,0.0,-1.0,-0.5,0.0,671.0,255.0,,,660.0,245.0,657.0,250.0,634.0,239.0,662.0,247.0,,,,,,,,0.0,0.0,0.0,0.0,0.0,0.0,0.0,0.0,0.0,35,0,0.0,0.0,0.0,0.0,0.0,0.0,0.0,0.0,0.0,0.0,0.0,0.0,0.0,0.0,1217.0,1966.0,0.0,0.0,0.0,0.0,0.0,0.0,0.0,0.0,0.0,0.0,0.0,0.0,0.0
657,Leon,Chiwome,Chiwome,a,,,4.4,568,82.0,0.0,624,84.0,0.0,603.0,66.0,0,0,0.0,-1,1.0,266,110,0.0,0.0,-1.0,-0.5,0.0,696.0,76.0,100.0,100.0,689.0,75.0,685.0,74.0,666.0,74.0,691.0,75.0,,,,,,,,0.0,0.0,0.0,0.0,0.0,0.0,0.0,0.0,0.0,35,0,0.0,0.0,0.0,0.0,0.0,0.0,0.0,0.0,0.0,0.0,0.0,0.0,0.0,0.0,310.0,163.0,0.0,0.0,0.0,0.0,0.0,0.0,0.0,0.0,0.0,0.0,0.0,0.0,0.0
