id,first_name,second_name,web_name,status,news,news_added,now_cost,now_cost_rank,now_cost_rank_type,selected_by_percent,selected_rank,selected_rank_type,form,form_rank,form_rank_type,event_points,cost_change_event,cost_change_event_fall,cost_change_start,cost_change_start_fall,transfers_in_event,transfers_out_event,value_form,value_season,ep_next,ep_this,points_per_game,points_per_game_rank,points_per_game_rank_type,chance_of_playing_next_round,chance_of_playing_this_round,influence_rank,influence_rank_type,creativity_rank,creativity_rank_type,threat_rank,threat_rank_type,ict_index_rank,ict_index_rank_type,corners_and_indirect_freekicks_order,direct_freekicks_order,penalties_order,set_piece_threat,corners_and_indirect_freekicks_text,direct_freekicks_text,penalties_text,expected_goals_per_90,expected_assists_per_90,expected_goal_involvements_per_90,expected_goals_conceded_per_90,saves_per_90,clean_sheets_per_90,goals_conceded_per_90,starts_per_90,defensive_contribution_per_90,gw,total_points,minutes,goals_scored,assists,clean_sheets,goals_conceded,own_goals,penalties_saved,penalties_missed,yellow_cards,red_cards,saves,starts,bonus,bps,transfers_in,transfers_out,dreamteam_count,expected_goals,expected_assists,expected_goal_involvements,expected_goals_conceded,influence,creativity,threat,ict_index,tackles,clearances_blocks_interceptions,recoveries,defensive_contribution
4,Tommy,Setford,Setford,a,,,3.9,779,89.0,0.2,369,52.0,0.0,398.0,49.0,0,0,0.0,-1,1.0,61,226,0.0,0.0,0.5,1.0,0.0,570.0,60.0,,,560.0,60.0,548.0,44.0,516.0,31.0,562.0,60.0,,,,,,,,0.0,0.0,0.0,0.0,0.0,0.0,0.0,0.0,0.0,32,0,0.0,0.0,0.0,0.0,0.0,0.0,0.0,0.0,0.0,0.0,0.0,0.0,0.0,0.0,84.0,314.0,0.0,0.0,0.0,0.0,0.0,0.0,0.0,0.0,0.0,0.0,0.0,0.0,0.0
24,Christian,Nørgaard,Nørgaard,a,,,5.1,221,135.0,0.1,440,149.0,0.0,750.0,321.0,0,0,0.0,-4,4.0,41,67,0.0,1.2,0.5,1.0,1.0,500.0,230.0,100.0,100.0,456.0,204.0,481.0,233.0,430.0,207.0,469.0,213.0,,,,,,,,0.08,0.0,0.08,3.58,0.0,0.0,1.61,0.0,17.68,32,0,0.0,0.0,0.0,0.0,0.0,0.0,0.0,0.0,0.0,0.0,0.0,0.0,0.0,0.0,60.0,85.0,0.0,0.0,0.0,0.0,0.0,0.0,0.0,0.0,0.0,0.0,0.0,0.0,0.0
35,Filip,Marschall,Marschall,u,Has joined Stevenage permanently.,,4.0,686,51.0,0.0,756,87.0,0.0,428.0,64.0,0,0,0.0,0,0.0,0,1,0.0,0.0,0.0,0.0,0.0,596.0,73.0,0.0,0.0,586.0,73.0,577.0,60.0,546.0,47.0,588.0,73.0,,,,,,,,0.0,0.0,0.0,0.0,0.0,0.0,0.0,0.0,0.0,32,0,0.0,0.0,0.0,0.0,0.0,0.0,0.0,0.0,0.0,0.0,0.0,0.0,0.0,0.0,0.0,3.0,0.0,0.0,0.0,0.0,0.0,0.0,0.0,0.0,0.0,0.0,0.0,0.0,0.0
95,Zain,Silcott-Duberry,Silcott-Duberry,u,has joined Olympiakos permanently.,,4.4,553,332.0,0.1,581,216.0,0.0,567.0,192.0,0,0,0.0,-1,1.0,0,30,0.0,0.0,0.0,0.0,0.0,680.0,264.0,0.0,0.0,672.0,256.0,668.0,260.0,648.0,251.0,674.0,258.0,,,,,,,,0.0,0.0,0.0,0.0,0.0,0.0,0.0,0.0,0.0,32,0,0.0,0.0,0.0,0.0,0.0,0.0,0.0,0.0,0.0,0.0,0.0,0.0,0.0,0.0,0.0,34.0,0.0,0.0,0.0,0.0,0.0,0.0,0.0,0.0,0.0,0.0,0.0,0.0,0.0
240,Christopher,Nkunku,Nkunku,u,has joined AC Milan permanently.,,5.9,93,61.0,0.1,525,190.0,0.0,799.0,350.0,0,0,0.0,-1,1.0,0,6,0.0,0.0,0.0,0.0,0.0,816.0,364.0,0.0,0.0,816.0,364.0,816.0,364.0,815.0,364.0,816.0,364.0,,,,,,,,0.0,0.0,0.0,0.0,0.0,0.0,0.0,0.0,0.0,32,0,0.0,0.0,0.0,0.0,0.0,0.0,0.0,0.0,0.0,0.0,0.0,0.0,0.0,0.0,0.0,8.0,0.0,0.0,0.0,0.0,0.0,0.0,0.0,0.0,0.0,0.0,0.0,0.0,0.0
282,Franco,Umeh-Chibueze,Umeh,u,has joined Portsmouth permanently.,,4.5,478,293.0,0.0,712,291.0,0.0,639.0,242.0,0,0,0.0,0,0.0,0,1,0.0,0.0,0.0,0.0,0.0,735.0,305.0,0.0,0.0,732.0,302.0,726.0,303.0,712.0,298.0,733.0,303.0,,,,,,,,0.0,0.0,0.0,0.0,0.0,0.0,0.0,0.0,0.0,32,0,0.0,0.0,0.0,0.0,0.0,0.0,0.0,0.0,0.0,0.0,0.0,0.0,0.0,0.0,0.0,1.0,0.0,0.0,0.0,0.0,0.0,0.0,0.0,0.0,0.0,0.0,0.0,0.0,0.0
307,Coby,Ebere,Ebere,a,,,4.4,549,329.0,0.0,603,229.0,0.0,563.0,189.0,0,0,0.0,-1,1.0,20,47,0.0,0.0,-0.5,0.0,0.0,678.0,262.0,,,670.0,254.0,666.0,258.0,645.0,248.0,672.0,256.0,,,,,,,,0.0,0.0,0.0,0.0,0.0,0.0,0.0,0.0,0.0,32,0,0.0,0.0,0.0,0.0,0.0,0.0,0.0,0.0,0.0,0.0,0.0,0.0,0.0,0.0,33.0,68.0,0.0,0.0,0.0,0.0,0.0,0.0,0.0,0.0,0.0,0.0,0.0,0.0,0.0
182,James,Trafford,Trafford,a,,,4.5,431,23.0,0.9,202,24.0,0.0,598.0,89.0,0,0,0.0,-5,5.0,233,432,0.0,2.4,0.5,0.0,3.7,89.0,11.0,,,372.0,28.0,691.0,87.0,674.0,77.0,422.0,28.0,,,,,,,,0.0,0.0,0.0,1.32,3.67,0.33,1.33,1.0,0.0,32,0,0.0,0.0,0.0,0.0,0.0,0.0,0.0,0.0,0.0,0.0,0.0,0.0,0.0,0.0,312.0,505.0,0.0,0.0,0.0,0.0,0.0,0.0,0.0,0.0,0.0,0.0,0.0,0.0,0.0
786,Alfie,McNally,McNally,a,,,4.0,704,59.0,0.0,741,85.0,0.0,445.0,72.0,0,0,0.0,0,0.0,62,36,0.0,0.0,0.0,-0.5,0.0,610.0,81.0,,,601.0,81.0,592.0,68.0,561.0,55.0,603.0,81.0,,,,,,,,0.0,0.0,0.0,0.0,0.0,0.0,0.0,0.0,0.0,32,0,0.0,0.0,0.0,0.0,0.0,0.0,0.0,0.0,0.0,0.0,0.0,0.0,0.0,0.0,86.0,50.0,0.0,0.0,0.0,0.0,0.0,0.0,0.0,0.0,0.0,0.0,0.0,0.0,0.0
508,Neco,Williams,N.Williams,a,,,4.8,356,59.0,4.1,93,31.0,13.0,3.0,3.0,11,1,-1.0,-2,2.0,76316,4657,2.7,24.0,13.5,13.0,3.7,94.0,35.0,100.0,100.0,28.0,9.0,37.0,3.0,81.0,8.0,32.0,2.0,3.0,,,,,,,0.06,0.12,0.18,1.38,0.0,0.27,1.36,1.03,6.81,32,11,90.0,1.0,0.0,0.0,1.0,0.0,0.0,0.0,0.0,0.0,0.0,1.0,3.0,27.0,95923.0,8628.0,0.0,0.1200000000000001,0.29000000000000004,0.41000000000000014,1.0200000000000031,56.39999999999998,31.099999999999966,32.0,12.0,3.0,3.0,2.0,6.0
420,İlkay,Gündoğan,Gündoğan,u,has joined Galatasaray permanently.,,6.3,63,41.0,0.1,559,205.0,0.0,808.0,357.0,0,0,0.0,-2,2.0,0,9,0.0,0.0,0.0,0.0,0.0,818.0,366.0,0.0,0.0,818.0,366.0,818.0,366.0,818.0,366.0,818.0,366.0,,,,,,,,0.0,0.0,0.0,0.0,0.0,0.0,0.0,0.0,0.0,32,0,0.0,0.0,0.0,0.0,0.0,0.0,0.0,0.0,0.0,0.0,0.0,0.0,0.0,0.0,0.0,9.0,0.0,0.0,0.0,0.0,0.0,0.0,0.0,0.0,0.0,0.0,0.0,0.0,0.0
621,Andy,Irving,Irving,u,has joined Sparta Prague permanently.,,4.3,583,345.0,0.2,376,130.0,0.0,511.0,164.0,0,0,0.0,-2,2.0,0,270,0.0,2.1,0.0,0.0,1.3,432.0,191.0,0.0,0.0,436.0,191.0,346.0,184.0,445.0,218.0,428.0,192.0,,,,,,,,0.0,0.1,0.1,2.32,0.0,0.0,2.31,1.15,12.69,32,0,0.0,0.0,0.0,0.0,0.0,0.0,0.0,0.0,0.0,0.0,0.0,0.0,0.0,0.0,0.0,375.0,0.0,0.0,0.0,0.0,0.0,0.0,0.0,0.0,0.0,0.0,0.0,0.0,0.0
647,Gonçalo Manuel,Ganchinho Guedes,Guedes,u,Has joined Real Sociedad permanently.,,5.5,137,85.0,0.0,801,355.0,0.0,787.0,345.0,0,0,0.0,0,0.0,0,0,0.0,0.0,0.0,0.0,0.0,813.0,362.0,0.0,0.0,812.0,361.0,811.0,361.0,809.0,360.0,812.0,361.0,,,,,,,,0.0,0.0,0.0,0.0,0.0,0.0,0.0,0.0,0.0,32,0,0.0,0.0,0.0,0.0,0.0,0.0,0.0,0.0,0.0,0.0,0.0,0.0,0.0,0.0,0.0,0.0,0.0,0.0,0.0,0.0,0.0,0.0,0.0,0.0,0.0,0.0,0.0,0.0,0.0
662,Cristhian,Mosquera,Mosquera,a,,,5.3,198,25.0,0.2,413,151.0,1.0,254.0,84.0,1,0,0.0,-2,2.0,463,452,0.2,5.5,1.5,2.0,1.9,359.0,133.0,100.0,100.0,319.0,120.0,347.0,122.0,418.0,157.0,375.0,131.0,,,,,,,,0.0,0.07,0.07,0.73,0.0,0.26,0.66,0.79,9.25,32,1,14.0,0.0,0.0,0.0,0.0,0.0,0.0,0.0,0.0,0.0,0.0,0.0,0.0,3.0,678.0,543.0,0.0,0.0,0.010000000000000009,0.010000000000000009,0.009999999999999787,3.0,0.8999999999999986,0.0,0.3999999999999986,0.0,1.0,1.0,1.0
204,Darko,Churlinov,Churlinov,u,has joined Kocaelispor  permanently.,,4.9,317,197.0,0.0,729,303.0,0.0,713.0,294.0,0,0,0.0,-1,1.0,0,1,0.0,0.0,0.0,0.0,0.0,778.0,336.0,0.0,0.0,777.0,335.0,773.0,335.0,769.0,333.0,777.0,335.0,,,,,,,,0.0,0.0,0.0,0.0,0.0,0.0,0.0,0.0,0.0,32,0,0.0,0.0,0.0,0.0,0.0,0.0,0.0,0.0,0.0,0.0,0.0,0.0,0.0,0.0,0.0,1.0,0.0,0.0,0.0,0.0,0.0,0.0,0.0,0.0,0.0,0.0,0.0,0.0,0.0
77,James,Hill,Hill,a,,,4.2,636,146.0,9.3,40,14.0,1.0,213.0,67.0,3,0,0.0,2,-2.0,51810,13339,0.2,20.2,2.0,0.0,3.7,87.0,31.0,,,116.0,50.0,254.0,70.0,279.0,82.0,208.0,71.0,,,,,,,,0.04,0.06,0.1,1.46,0.0,0.35,1.09,0.92,11.35,32,3,90.0,0.0,0.0,0.0,1.0,0.0,0.0,0.0,1.0,0.0,0.0,1.0,0.0,14.0,162424.0,42236.0,0.0,0.0,0.010000000000000009,0.010000000000000009,2.3200000000000003,30.400000000000034,10.399999999999991,0.0,4.100000000000001,3.0,9.0,2.0,12.0
792,Alysson Edward Franco,da Rocha dos Santos,Alysson,a,,,5.0,283,175.0,0.0,791,346.0,0.0,749.0,320.0,0,0,0.0,0,0.0,13,13,0.0,0.6,0.0,0.0,1.0,499.0,229.0,100.0,100.0,490.0,225.0,454.0,219.0,417.0,204.0,479.0,220.0,,,,,,,,0.1,0.1,0.2,3.58,0.0,0.0,3.83,0.0,7.66,32,0,0.0,0.0,0.0,0.0,0.0,0.0,0.0,0.0,0.0,0.0,0.0,0.0,0.0,0.0,20.0,16.0,0.0,0.0,0.0,0.0,0.0,0.0,0.0,0.0,0.0,0.0,0.0,0.0,0.0
167,Carlos,Baleba,Baleba,a,,,4.5,459,277.0,1.5,162,57.0,1.0,222.0,101.0,1,0,0.0,-5,5.0,2390,2757,0.2,9.3,1.5,1.5,1.6,402.0,171.0,100.0,100.0,371.0,164.0,291.0,171.0,371.0,189.0,372.0,176.0,,,,,,,,0.04,0.02,0.06,1.19,0.0,0.28,1.19,1.33,10.74,32,1,15.0,0.0,0.0,0.0,0.0,0.0,0.0,0.0,0.0,0.0,0.0,0.0,0.0,3.0,4020.0,3968.0,0.0,0.0,0.0,0.0,0.03999999999999915,1.4000000000000057,0.09999999999999432,0.0,0.1999999999999993,0.0,1.0,1.0,2.0
227,Levi,Samuels Colwill,Colwill,d,Lack of match fitness - 25% chance of playing,,4.7,389,66.0,0.1,478,174.0,0.0,686.0,248.0,0,0,0.0,-3,3.0,13,32,0.0,0.0,0.1,0.0,0.0,767.0,262.0,25.0,0.0,766.0,262.0,761.0,262.0,752.0,262.0,766.0,262.0,,,,,,,,0.0,0.0,0.0,0.0,0.0,0.0,0.0,0.0,0.0,32,0,0.0,0.0,0.0,0.0,0.0,0.0,0.0,0.0,0.0,0.0,0.0,0.0,0.0,0.0,19.0,41.0,0.0,0.0,0.0,0.0,0.0,0.0,0.0,0.0,0.0,0.0,0.0,0.0,0.0
229,Benoît,Badiashile Mukinayi,B.Badiashile,a,,,4.4,537,113.0,0.0,646,232.0,0.0,554.0,229.0,0,0,0.0,-1,1.0,38,99,0.0,1.6,0.5,0.0,0.9,509.0,175.0,100.0,100.0,367.0,140.0,437.0,156.0,448.0,168.0,421.0,150.0,,,,,,,,0.0,0.01,0.01,1.42,0.0,0.0,1.91,1.15,9.19,32,0,0.0,0.0,0.0,0.0,0.0,0.0,0.0,0.0,0.0,0.0,0.0,0.0,0.0,0.0,49.0,151.0,0.0,0.0,0.0,0.0,0.0,0.0,0.0,0.0,0.0,0.0,0.0,0.0,0.0
234,Aarón,Anselmino,Anselmino,u,has joined Strasbourg on loan for the rest of the season.,,4.0,735,207.0,0.1,577,207.0,0.0,475.0,188.0,0,0,0.0,0,0.0,0,13,0.0,0.0,0.0,0.0,0.0,635.0,245.0,0.0,0.0,626.0,245.0,618.0,245.0,588.0,242.0,628.0,245.0,,,,,,,,0.0,0.0,0.0,0.0,0.0,0.0,0.0,0.0,0.0,32,0,0.0,0.0,0.0,0.0,0.0,0.0,0.0,0.0,0.0,0.0,0.0,0.0,0.0,0.0,0.0,15.0,0.0,0.0,0.0,0.0,0.0,0.0,0.0,0.0,0.0,0.0,0.0,0.0,0.0
235,Cole,Palmer,Palmer,a,,,10.5,3,2.0,21.5,15,4.0,3.0,125.0,50.0,4,-1,1.0,0,0.0,219530,33441,0.3,9.5,6.5,3.0,4.8,23.0,9.0,100.0,100.0,102.0,34.0,95.0,70.0,40.0,23.0,62.0,39.0,,3.0,1.0,,,,,0.53,0.13,0.66,1.48,0.0,0.18,1.49,1.14,6.93,32,4,90.0,0.0,0.0,0.0,3.0,0.0,0.0,0.0,0.0,0.0,0.0,1.0,0.0,16.0,381159.0,94718.0,0.0,0.27999999999999936,0.2100000000000002,0.4900000000000002,2.289999999999999,14.800000000000011,28.19999999999999,22.0,6.5,0.0,4.0,8.0,12.0
236,Pedro,Lomba Neto,Neto,a,,,7.0,37,22.0,4.7,81,26.0,2.0,177.0,78.0,2,0,0.0,0,0.0,47904,5527,0.3,15.7,4.5,2.0,3.7,104.0,47.0,100.0,100.0,114.0,37.0,11.0,11.0,39.0,22.0,25.0,21.0,2.0,4.0,,,,,,0.17,0.23,0.4,1.25,0.0,0.43,1.02,1.02,4.35,32,2,90.0,0.0,0.0,0.0,3.0,0.0,0.0,0.0,0.0,0.0,0.0,1.0,0.0,11.0,59281.0,11165.0,0.0,0.04999999999999982,0.17999999999999972,0.23000000000000043,2.289999999999999,10.800000000000011,41.0,19.0,7.099999999999994,0.0,0.0,5.0,5.0
29,Albert,Sambi Lokonga,Sambi,u,has joined Hamburger permanently.,,4.5,432,256.0,0.0,589,220.0,0.0,599.0,208.0,0,0,0.0,0,0.0,0,12,0.0,0.0,0.0,0.0,0.0,702.0,275.0,0.0,0.0,696.0,269.0,692.0,272.0,675.0,265.0,698.0,271.0,,,,,,,,0.0,0.0,0.0,0.0,0.0,0.0,0.0,0.0,0.0,32,0,0.0,0.0,0.0,0.0,0.0,0.0,0.0,0.0,0.0,0.0,0.0,0.0,0.0,0.0,0.0,13.0,0.0,0.0,0.0,0.0,0.0,0.0,0.0,0.0,0.0,0.0,0.0,0.0,0.0
259,Borna,Sosa,Sosa,a,,,4.8,357,60.0,0.1,446,167.0,1.0,229.0,75.0,1,0,0.0,-2,2.0,231,115,0.2,1.2,1.0,1.0,1.0,491.0,174.0,100.0,100.0,462.0,168.0,421.0,152.0,438.0,164.0,465.0,168.0,,,,,,,,0.0,0.1,0.1,1.38,0.0,0.0,1.67,0.0,11.67,32,1,1.0,0.0,0.0,0.0,0.0,0.0,0.0,0.0,0.0,0.0,0.0,0.0,0.0,3.0,272.0,148.0,0.0,0.0,0.0,0.0,0.0,0.1999999999999993,0.3000000000000007,0.0,0.09999999999999964,0.0,0.0,0.0,0.0
261,Chris,Richards,Richards,a,,,4.4,539,115.0,2.3,130,51.0,2.0,143.0,56.0,2,0,0.0,-1,1.0,6094,11802,0.5,26.4,2.0,2.0,4.3,43.0,17.0,100.0,100.0,41.0,17.0,220.0,58.0,214.0,54.0,115.0,32.0,,,,,,,,0.04,0.05,0.09,1.29,0.0,0.37,1.19,1.0,10.18,32,2,90.0,0.0,0.0,0.0,1.0,0.0,0.0,0.0,0.0,0.0,0.0,1.0,0.0,10.0,19595.0,28806.0,0.0,0.0,0.010000000000000009,0.010000000000000231,1.1299999999999955,12.200000000000045,1.0,0.0,1.2999999999999972,1.0,8.0,3.0,9.0
262,Chadi,Riad Dnanou,Chadi Riad,a,,,4.0,707,184.0,0.0,586,210.0,0.0,447.0,165.0,0,0,0.0,0,0.0,93,241,0.0,3.5,0.0,0.0,2.3,297.0,110.0,100.0,100.0,403.0,152.0,396.0,142.0,399.0,145.0,423.0,151.0,,,,,,,,0.03,0.01,0.04,1.25,0.0,0.29,0.87,0.87,5.19,32,0,0.0,0.0,0.0,0.0,0.0,0.0,0.0,0.0,0.0,0.0,0.0,0.0,0.0,0.0,136.0,323.0,0.0,0.0,0.0,0.0,0.0,0.0,0.0,0.0,0.0,0.0,0.0,0.0,0.0
263,Nathaniel,Clyne,Clyne,a,,,3.8,789,234.0,0.5,266,100.0,0.0,344.0,111.0,0,0,0.0,-2,2.0,250,1392,0.0,3.9,0.0,0.0,1.9,347.0,126.0,100.0,100.0,390.0,147.0,345.0,121.0,361.0,120.0,395.0,142.0,,,,,,,,0.08,0.11,0.19,1.33,0.0,0.0,1.64,1.09,7.11,32,0,0.0,0.0,0.0,0.0,0.0,0.0,0.0,0.0,0.0,0.0,0.0,0.0,0.0,0.0,433.0,2499.0,0.0,0.0,0.0,0.0,0.0,0.0,0.0,0.0,0.0,0.0,0.0,0.0,0.0
664,Benjamin,Lecomte,Lecomte,a,,,3.9,747,71.0,0.7,228,30.0,0.0,372.0,32.0,0,0,0.0,-1,1.0,130,723,0.0,0.0,0.0,-0.5,0.0,548.0,44.0,,,538.0,44.0,524.0,26.0,492.0,13.0,540.0,44.0,,,,,,,,0.0,0.0,0.0,0.0,0.0,0.0,0.0,0.0,0.0,32,0,0.0,0.0,0.0,0.0,0.0,0.0,0.0,0.0,0.0,0.0,0.0,0.0,0.0,0.0,184.0,947.0,0.0,0.0,0.0,0.0,0.0,0.0,0.0,0.0,0.0,0.0,0.0,0.0,0.0
348,Joe,Rodon,Rodon,d,Ankle injury - 25% chance of playing,,3.9,756,216.0,3.0,115,44.0,3.0,113.0,44.0,0,0,0.0,-1,1.0,408,62299,0.8,25.4,1.6,0.0,3.4,134.0,46.0,25.0,0.0,46.0,21.0,297.0,93.0,169.0,37.0,137.0,43.0,,,,,,,,0.04,0.01,0.05,1.41,0.0,0.18,1.63,1.03,8.52,32,0,0.0,0.0,0.0,0.0,0.0,0.0,0.0,0.0,0.0,0.0,0.0,0.0,0.0,0.0,1062.0,111825.0,0.0,0.0,0.0,0.0,0.0,0.0,0.0,0.0,0.0,0.0,0.0,0.0,0.0
428,Sverre,Nypan,Nypan,a,,,5.0,279,172.0,0.0,715,294.0,0.0,745.0,317.0,0,0,0.0,0,0.0,7,15,0.0,0.0,0.5,0.0,0.0,799.0,352.0,100.0,100.0,798.0,351.0,796.0,351.0,791.0,349.0,798.0,351.0,,,,,,,,0.0,0.0,0.0,0.0,0.0,0.0,0.0,0.0,0.0,32,0,0.0,0.0,0.0,0.0,0.0,0.0,0.0,0.0,0.0,0.0,0.0,0.0,0.0,0.0,8.0,16.0,0.0,0.0,0.0,0.0,0.0,0.0,0.0,0.0,0.0,0.0,0.0,0.0,0.0
195,Lucas,Pires Silva,Lucas Pires,a,,,3.8,812,255.0,0.3,338,121.0,0.5,289.0,91.0,1,0,0.0,-2,2.0,173,952,0.1,5.3,-0.5,0.0,1.2,439.0,157.0,100.0,100.0,294.0,113.0,160.0,40.0,316.0,97.0,278.0,89.0,,,,,,,,0.03,0.1,0.13,1.86,0.0,0.08,2.11,0.97,6.08,32,1,8.0,0.0,0.0,0.0,1.0,0.0,0.0,0.0,0.0,0.0,0.0,0.0,0.0,-1.0,396.0,1516.0,0.0,0.0,0.0,0.0,0.129999999999999,2.0,0.30000000000001137,0.0,0.20000000000000284,0.0,2.0,1.0,2.0
196,Shurandy,Sambo,Sambo,u,has joined Sparta Rotterdam on loan for the rest of the season.,,4.0,683,171.0,0.0,617,220.0,0.0,425.0,153.0,0,0,0.0,0,0.0,0,6,0.0,0.0,0.0,0.0,0.0,594.0,218.0,0.0,0.0,584.0,217.0,575.0,217.0,544.0,213.0,586.0,217.0,,,,,,,,0.0,0.0,0.0,0.0,0.0,0.0,0.0,0.0,0.0,32,0,0.0,0.0,0.0,0.0,0.0,0.0,0.0,0.0,0.0,0.0,0.0,0.0,0.0,0.0,0.0,9.0,0.0,0.0,0.0,0.0,0.0,0.0,0.0,0.0,0.0,0.0,0.0,0.0,0.0
197,Oliver,Sonne,Sonne,u,has joined Sparta Prague on loan for the rest of the season.,,3.8,807,250.0,0.2,395,148.0,0.0,359.0,124.0,0,0,0.0,-2,2.0,0,528,0.0,3.4,0.0,0.0,1.9,349.0,128.0,0.0,0.0,422.0,157.0,403.0,146.0,369.0,124.0,426.0,154.0,,,,,,,,0.3,0.04,0.34,2.08,0.0,0.0,2.2,0.55,3.84,32,0,0.0,0.0,0.0,0.0,0.0,0.0,0.0,0.0,0.0,0.0,0.0,0.0,0.0,0.0,0.0,818.0,0.0,0.0,0.0,0.0,0.0,0.0,0.0,0.0,0.0,0.0,0.0,0.0,0.0
198,Axel,Tuanzebe,Tuanzebe,a,,,3.9,754,215.0,0.9,207,81.0,0.0,379.0,133.0,0,0,0.0,-1,1.0,159,804,0.0,6.9,-1.5,-0.5,2.5,261.0,99.0,100.0,100.0,263.0,106.0,435.0,154.0,332.0,106.0,350.0,118.0,,,,,,,,0.06,0.01,0.07,2.41,0.0,0.1,2.13,1.06,9.38,32,0,0.0,0.0,0.0,0.0,0.0,0.0,0.0,0.0,0.0,0.0,0.0,0.0,0.0,0.0,298.0,1328.0,0.0,0.0,0.0,0.0,0.0,0.0,0.0,0.0,0.0,0.0,0.0,0.0,0.0
265,Caleb,Kporha,Kporha,a,,,4.0,726,198.0,0.0,695,245.0,0.0,466.0,179.0,0,0,0.0,0,0.0,39,34,0.0,0.0,0.0,0.0,0.0,628.0,238.0,100.0,100.0,619.0,238.0,611.0,238.0,581.0,235.0,621.0,238.0,,,,,,,,0.0,0.0,0.0,0.0,0.0,0.0,0.0,0.0,0.0,32,0,0.0,0.0,0.0,0.0,0.0,0.0,0.0,0.0,0.0,0.0,0.0,0.0,0.0,0.0,49.0,41.0,0.0,0.0,0.0,0.0,0.0,0.0,0.0,0.0,0.0,0.0,0.0,0.0,0.0
684,Malick,Thiaw,Thiaw,a,,,5.1,236,36.0,5.6,70,23.0,1.0,249.0,83.0,2,0,0.0,1,-1.0,9352,80710,0.2,22.7,1.0,1.0,4.0,62.0,24.0,,,16.0,6.0,270.0,78.0,69.0,4.0,69.0,13.0,,,,,,,,0.14,0.03,0.17,1.5,0.0,0.19,1.63,1.0,9.36,32,2,90.0,0.0,0.0,0.0,2.0,0.0,0.0,0.0,1.0,0.0,0.0,1.0,0.0,7.0,16177.0,171848.0,0.0,0.0,0.020000000000000018,0.019999999999999574,2.5600000000000023,16.800000000000068,1.5,2.0,2.0,3.0,7.0,1.0,10.0
199,Joe,Worrall,Worrall,a,,,3.8,792,236.0,0.2,370,134.0,0.0,347.0,113.0,0,0,0.0,-2,2.0,65,944,0.0,5.3,-1.5,-0.5,1.8,365.0,134.0,100.0,100.0,327.0,124.0,465.0,169.0,389.0,138.0,394.0,141.0,,,,,,,,0.01,0.0,0.01,2.12,0.0,0.0,2.0,0.91,13.79,32,0,0.0,0.0,0.0,0.0,0.0,0.0,0.0,0.0,0.0,0.0,0.0,0.0,0.0,0.0,241.0,1322.0,0.0,0.0,0.0,0.0,0.0,0.0,0.0,0.0,0.0,0.0,0.0,0.0,0.0
395,Tyler,Morton,Morton,u,Has joined Lyon permanently.,,4.5,433,257.0,0.0,807,357.0,0.0,600.0,209.0,0,0,0.0,0,0.0,0,0,0.0,0.0,0.0,0.0,0.0,703.0,276.0,0.0,0.0,697.0,270.0,693.0,273.0,676.0,266.0,699.0,272.0,,,,,,,,0.0,0.0,0.0,0.0,0.0,0.0,0.0,0.0,0.0,32,0,0.0,0.0,0.0,0.0,0.0,0.0,0.0,0.0,0.0,0.0,0.0,0.0,0.0,0.0,0.0,0.0,0.0,0.0,0.0,0.0,0.0,0.0,0.0,0.0,0.0,0.0,0.0,0.0,0.0
625,Niclas,Füllkrug,Füllkrug,u,has joined AC Milan on loan for the rest of the season.,,5.6,120,33.0,0.6,253,36.0,0.0,792.0,87.0,0,0,0.0,-4,4.0,0,89,0.0,2.1,0.0,0.0,1.5,415.0,49.0,0.0,0.0,442.0,52.0,298.0,33.0,229.0,45.0,364.0,44.0,,,,,,,,0.21,0.05,0.26,1.9,0.0,0.22,2.43,1.11,4.2,32,0,0.0,0.0,0.0,0.0,0.0,0.0,0.0,0.0,0.0,0.0,0.0,0.0,0.0,0.0,0.0,106.0,0.0,0.0,0.0,0.0,0.0,0.0,0.0,0.0,0.0,0.0,0.0,0.0,0.0
21,Declan,Rice,Rice,a,,,7.2,31,18.0,23.5,12,3.0,4.0,93.0,38.0,4,-1,1.0,7,-7.0,27558,204513,0.6,23.2,4.5,5.0,5.4,7.0,4.0,100.0,100.0,14.0,3.0,3.0,3.0,100.0,61.0,11.0,8.0,1.0,1.0,,,,,,0.11,0.23,0.34,0.67,0.0,0.47,0.78,1.01,10.92,32,4,90.0,0.0,0.0,0.0,2.0,0.0,0.0,0.0,0.0,0.0,0.0,1.0,2.0,26.0,66875.0,271287.0,0.0,0.10000000000000009,0.33000000000000007,0.4299999999999997,1.1899999999999977,20.399999999999977,39.30000000000007,13.0,7.300000000000011,3.0,1.0,4.0,8.0
22,Mikel,Merino Zazón,Merino,i,Foot injury - Unknown return date,,5.4,161,101.0,0.8,217,77.0,0.0,773.0,336.0,0,0,0.0,-6,6.0,19,798,0.0,12.2,0.0,0.0,3.1,190.0,78.0,0.0,0.0,207.0,86.0,188.0,124.0,119.0,70.0,185.0,92.0,,,,,,,,0.27,0.13,0.4,0.6,0.0,0.36,0.81,0.9,10.03,32,0,0.0,0.0,0.0,0.0,0.0,0.0,0.0,0.0,0.0,0.0,0.0,0.0,0.0,0.0,25.0,1043.0,0.0,0.0,0.0,0.0,0.0,0.0,0.0,0.0,0.0,0.0,0.0,0.0,0.0
43,Álex,Moreno Lopera,Alex Moreno,u,Has joined Girona permanently.,,4.0,665,162.0,1.6,156,61.0,0.0,409.0,146.0,0,0,0.0,0,0.0,0,574,0.0,0.0,0.0,0.0,0.0,580.0,211.0,0.0,0.0,570.0,210.0,559.0,210.0,528.0,206.0,572.0,210.0,,,,,,,,0.0,0.0,0.0,0.0,0.0,0.0,0.0,0.0,0.0,32,0,0.0,0.0,0.0,0.0,0.0,0.0,0.0,0.0,0.0,0.0,0.0,0.0,0.0,0.0,0.0,774.0,0.0,0.0,0.0,0.0,0.0,0.0,0.0,0.0,0.0,0.0,0.0,0.0,0.0
331,Tom,Cairney,Cairney,a,,,4.8,347,217.0,0.0,640,250.0,0.0,689.0,278.0,0,0,0.0,-2,2.0,26,36,0.0,6.0,0.0,-0.5,1.4,424.0,186.0,100.0,100.0,383.0,169.0,269.0,164.0,334.0,174.0,363.0,172.0,,,,,,,,0.16,0.06,0.22,1.65,0.0,0.17,1.49,0.66,7.27,32,0,0.0,0.0,0.0,0.0,0.0,0.0,0.0,0.0,0.0,0.0,0.0,0.0,0.0,0.0,43.0,49.0,0.0,0.0,0.0,0.0,0.0,0.0,0.0,0.0,0.0,0.0,0.0,0.0,0.0
616,Edson,Álvarez Velázquez,Álvarez,u,Has joined Fenerbahçe on loan for the rest of the season.,,4.9,308,192.0,0.0,600,226.0,0.0,708.0,290.0,0,0,0.0,-1,1.0,0,8,0.0,0.0,0.0,0.0,0.0,776.0,334.0,0.0,0.0,775.0,333.0,771.0,333.0,767.0,331.0,775.0,333.0,,,,,,,,0.0,0.0,0.0,0.0,0.0,0.0,0.0,0.0,0.0,32,0,0.0,0.0,0.0,0.0,0.0,0.0,0.0,0.0,0.0,0.0,0.0,0.0,0.0,0.0,0.0,8.0,0.0,0.0,0.0,0.0,0.0,0.0,0.0,0.0,0.0,0.0,0.0,0.0,0.0
617,Maxwel,Cornet,Cornet,u,has joined Genoa on loan for the rest of the season.,,4.9,288,177.0,0.0,716,295.0,0.0,698.0,283.0,0,0,0.0,-1,1.0,0,1,0.0,0.0,0.0,0.0,0.0,772.0,331.0,0.0,0.0,771.0,330.0,767.0,330.0,763.0,328.0,771.0,330.0,,,,,,,,0.0,0.0,0.0,0.0,0.0,0.0,0.0,0.0,0.0,32,0,0.0,0.0,0.0,0.0,0.0,0.0,0.0,0.0,0.0,0.0,0.0,0.0,0.0,0.0,0.0,1.0,0.0,0.0,0.0,0.0,0.0,0.0,0.0,0.0,0.0,0.0,0.0,0.0,0.0
618,Guido,Rodríguez,G.Rodriguez,u,has joined Valencia on loan for the rest of the season.,,4.8,351,221.0,0.0,613,235.0,0.0,690.0,279.0,0,0,0.0,-2,2.0,0,11,0.0,1.7,0.0,0.0,1.3,434.0,193.0,0.0,0.0,467.0,208.0,443.0,215.0,453.0,223.0,475.0,216.0,,,,,,,,0.02,0.02,0.04,1.33,0.0,0.51,1.03,1.03,7.71,32,0,0.0,0.0,0.0,0.0,0.0,0.0,0.0,0.0,0.0,0.0,0.0,0.0,0.0,0.0,0.0,13.0,0.0,0.0,0.0,0.0,0.0,0.0,0.0,0.0,0.0,0.0,0.0,0.0,0.0
206,Marcus,Edwards,Edwards,a,,,4.7,380,237.0,0.1,481,168.0,1.5,191.0,82.0,2,0,0.0,-3,3.0,288,396,0.3,10.0,1.5,1.0,2.4,283.0,120.0,100.0,100.0,310.0,138.0,144.0,96.0,135.0,78.0,222.0,109.0,,3.0,,,,,,0.14,0.15,0.29,2.05,0.0,0.09,1.57,0.92,5.44,32,2,74.0,0.0,0.0,0.0,1.0,0.0,0.0,0.0,0.0,0.0,0.0,1.0,0.0,9.0,482.0,649.0,0.0,0.020000000000000018,0.020000000000000018,0.040000000000000036,1.8099999999999987,4.199999999999989,4.5,19.0,2.799999999999997,0.0,0.0,3.0,3.0
207,Hannibal,Mejbri,Hannibal,d,Hamstring injury - 25% chance of playing,,4.7,390,242.0,0.1,421,145.0,0.5,303.0,141.0,0,0,0.0,-3,3.0,16,2483,0.1,11.1,-0.1,0.0,2.3,300.0,130.0,25.0,0.0,276.0,115.0,154.0,104.0,278.0,150.0,258.0,129.0,,,,,,,,0.05,0.12,0.17,2.16,0.0,0.18,2.02,1.1,8.72,32,0,0.0,0.0,0.0,0.0,0.0,0.0,0.0,0.0,0.0,0.0,0.0,0.0,0.0,0.0,33.0,3648.0,0.0,0.0,0.0,0.0,0.0,0.0,0.0,0.0,0.0,0.0,0.0,0.0,0.0
208,Luca,Koleosho,Koleosho,u,has joined Paris FC on loan for the rest of the season.,,5.0,266,161.0,0.0,743,313.0,0.0,739.0,312.0,0,0,0.0,0,0.0,0,2,0.0,0.0,0.0,0.0,0.0,795.0,349.0,0.0,0.0,794.0,348.0,792.0,348.0,787.0,346.0,794.0,348.0,,,,,,,,0.0,0.0,0.0,0.0,0.0,0.0,0.0,0.0,0.0,32,0,0.0,0.0,0.0,0.0,0.0,0.0,0.0,0.0,0.0,0.0,0.0,0.0,0.0,0.0,0.0,2.0,0.0,0.0,0.0,0.0,0.0,0.0,0.0,0.0,0.0,0.0,0.0,0.0,0.0
665,Lucas Estella,Perri,Perri,a,,,4.4,528,26.0,0.3,321,44.0,0.0,549.0,86.0,0,0,0.0,-1,1.0,4351,1851,0.0,9.8,0.5,-0.5,2.7,231.0,26.0,100.0,100.0,197.0,21.0,657.0,84.0,636.0,74.0,337.0,21.0,,,,,,,,0.0,0.0,0.0,1.67,2.38,0.19,1.81,1.0,0.0,32,0,0.0,0.0,0.0,0.0,0.0,0.0,0.0,0.0,0.0,0.0,0.0,0.0,0.0,0.0,5426.0,2544.0,0.0,0.0,0.0,0.0,0.0,0.0,0.0,0.0,0.0,0.0,0.0,0.0,0.0
269,Romain,Esse,Esse,u,has joined Coventry City on loan for the rest of the season.,,4.7,396,247.0,0.1,462,158.0,0.0,688.0,277.0,0,0,0.0,-3,3.0,0,40,0.0,0.9,0.0,0.0,1.0,489.0,222.0,0.0,0.0,474.0,214.0,457.0,220.0,431.0,208.0,478.0,219.0,,,,,,,,0.0,0.09,0.09,3.92,0.0,0.0,0.0,0.0,11.25,32,0,0.0,0.0,0.0,0.0,0.0,0.0,0.0,0.0,0.0,0.0,0.0,0.0,0.0,0.0,0.0,52.0,0.0,0.0,0.0,0.0,0.0,0.0,0.0,0.0,0.0,0.0,0.0,0.0,0.0
270,Will,Hughes,Hughes,a,,,4.7,377,235.0,0.1,486,170.0,2.0,145.0,58.0,2,0,0.0,-3,3.0,192,201,0.4,8.7,2.0,2.0,1.5,411.0,178.0,100.0,100.0,306.0,136.0,117.0,82.0,281.0,152.0,252.0,125.0,3.0,,,,,,,0.07,0.11,0.18,1.42,0.0,0.33,0.93,1.06,8.85,32,2,63.0,0.0,0.0,0.0,1.0,0.0,0.0,0.0,0.0,0.0,0.0,1.0,0.0,10.0,255.0,282.0,0.0,0.0,0.010000000000000009,0.009999999999999787,1.120000000000001,6.800000000000011,2.1000000000000227,0.0,0.8999999999999986,1.0,4.0,3.0,8.0
271,Daichi,Kamada,Kamada,a,,,5.0,249,149.0,0.1,531,194.0,1.0,239.0,109.0,1,0,0.0,0,0.0,86,81,0.2,10.8,1.0,1.0,2.6,252.0,102.0,100.0,100.0,299.0,131.0,148.0,100.0,219.0,120.0,249.0,123.0,4.0,,,,,,,0.09,0.13,0.22,1.1,0.0,0.36,1.02,1.02,9.71,32,1,14.0,0.0,0.0,0.0,0.0,0.0,0.0,0.0,0.0,0.0,0.0,0.0,0.0,3.0,128.0,104.0,0.0,0.0,0.010000000000000231,0.009999999999999787,0.0,0.4000000000000057,0.30000000000001137,2.0,0.30000000000000426,0.0,0.0,2.0,2.0
272,Jefferson,Lerma Solís,Lerma,a,,,4.9,289,178.0,0.1,551,202.0,5.0,49.0,20.0,5,0,0.0,-1,1.0,284,96,1.0,12.0,5.0,5.0,2.4,286.0,122.0,100.0,100.0,262.0,110.0,207.0,133.0,150.0,85.0,237.0,116.0,,,,,,,,0.11,0.07,0.18,1.14,0.0,0.4,1.08,0.94,11.25,32,5,90.0,0.0,1.0,0.0,1.0,0.0,0.0,0.0,0.0,0.0,0.0,1.0,0.0,20.0,322.0,135.0,0.0,0.6299999999999999,0.030000000000000027,0.6600000000000001,1.129999999999999,3.6000000000000227,2.8000000000000114,11.0,1.6999999999999957,0.0,1.0,9.0,10.0
275,Naouirou,Ahamada,Ahamada,u,has joined AJ Auxerre permanently.,,4.3,589,347.0,0.0,628,243.0,0.0,515.0,165.0,0,0,0.0,-2,2.0,0,28,0.0,0.0,0.0,0.0,0.0,653.0,244.0,0.0,0.0,644.0,235.0,639.0,240.0,613.0,226.0,646.0,237.0,,,,,,,,0.0,0.0,0.0,0.0,0.0,0.0,0.0,0.0,0.0,32,0,0.0,0.0,0.0,0.0,0.0,0.0,0.0,0.0,0.0,0.0,0.0,0.0,0.0,0.0,0.0,37.0,0.0,0.0,0.0,0.0,0.0,0.0,0.0,0.0,0.0,0.0,0.0,0.0,0.0
276,Justin,Devenny,Devenny,a,,,4.3,593,349.0,1.1,184,63.0,0.0,518.0,167.0,0,0,0.0,-2,2.0,650,5131,0.0,6.7,0.0,0.0,1.6,401.0,170.0,100.0,100.0,381.0,168.0,286.0,168.0,185.0,102.0,330.0,162.0,,2.0,4.0,,,,,0.36,0.05,0.41,1.53,0.0,0.15,1.52,0.76,7.28,32,0,0.0,0.0,0.0,0.0,0.0,0.0,0.0,0.0,0.0,0.0,0.0,0.0,0.0,0.0,1522.0,7633.0,0.0,0.0,0.0,0.0,0.0,0.0,0.0,0.0,0.0,0.0,0.0,0.0,0.0
277,Malcolm,Ebiowei,Ebiowei,u,Has joined Blackpool permanently.,,4.5,435,259.0,0.0,803,356.0,0.0,602.0,211.0,0,0,0.0,0,0.0,0,0,0.0,0.0,0.0,0.0,0.0,705.0,278.0,0.0,0.0,699.0,272.0,695.0,275.0,678.0,268.0,701.0,274.0,,,,,,,,0.0,0.0,0.0,0.0,0.0,0.0,0.0,0.0,0.0,32,0,0.0,0.0,0.0,0.0,0.0,0.0,0.0,0.0,0.0,0.0,0.0,0.0,0.0,0.0,0.0,0.0,0.0,0.0,0.0,0.0,0.0,0.0,0.0,0.0,0.0,0.0,0.0,0.0,0.0
407,Matheus,Nunes,Matheus N.,a,,,5.3,195,23.0,3.2,106,40.0,6.0,26.0,7.0,6,0,0.0,-2,2.0,34694,14318,1.1,25.3,12.5,6.0,4.8,20.0,7.0,100.0,100.0,54.0,25.0,47.0,7.0,242.0,66.0,77.0,16.0,,,4.0,,,,,0.01,0.08,0.09,1.04,0.0,0.38,0.88,0.99,6.27,32,6,90.0,0.0,0.0,1.0,0.0,0.0,0.0,0.0,0.0,0.0,0.0,1.0,0.0,33.0,41411.0,22855.0,0.0,0.0,0.16999999999999993,0.16999999999999993,1.1400000000000006,22.200000000000045,39.900000000000034,2.0,6.3999999999999915,0.0,4.0,6.0,4.0
766,Saheed,Olagunju,Olagunju,a,,,4.0,728,200.0,0.0,636,228.0,0.0,468.0,181.0,0,0,0.0,0,0.0,225,91,0.0,0.0,-0.5,-0.5,0.0,630.0,240.0,,,621.0,240.0,613.0,240.0,583.0,237.0,623.0,240.0,,,,,,,,0.0,0.0,0.0,0.0,0.0,0.0,0.0,0.0,0.0,32,0,0.0,0.0,0.0,0.0,0.0,0.0,0.0,0.0,0.0,0.0,0.0,0.0,0.0,0.0,276.0,115.0,0.0,0.0,0.0,0.0,0.0,0.0,0.0,0.0,0.0,0.0,0.0,0.0,0.0
15,Josh,Nichols,Nichols,a,,,3.7,821,263.0,0.3,355,130.0,0.0,339.0,107.0,0,0,0.0,-3,3.0,275,598,0.0,0.0,0.5,1.0,0.0,524.0,184.0,,,514.0,183.0,496.0,181.0,463.0,175.0,516.0,183.0,,,,,,,,0.0,0.0,0.0,0.0,0.0,0.0,0.0,0.0,0.0,32,0,0.0,0.0,0.0,0.0,0.0,0.0,0.0,0.0,0.0,0.0,0.0,0.0,0.0,0.0,399.0,804.0,0.0,0.0,0.0,0.0,0.0,0.0,0.0,0.0,0.0,0.0,0.0,0.0,0.0
409,John,Stones,Stones,d,Calf injury - 75% chance of playing,,5.4,154,17.0,0.6,255,96.0,0.0,768.0,259.0,0,0,0.0,-1,1.0,37,267,0.0,2.2,0.4,0.0,1.7,395.0,146.0,75.0,75.0,394.0,149.0,399.0,145.0,457.0,170.0,424.0,152.0,,,,,,,,0.0,0.02,0.02,1.29,0.0,0.26,2.05,1.03,4.87,32,0,0.0,0.0,0.0,0.0,0.0,0.0,0.0,0.0,0.0,0.0,0.0,0.0,0.0,0.0,43.0,314.0,0.0,0.0,0.0,0.0,0.0,0.0,0.0,0.0,0.0,0.0,0.0,0.0,0.0
33,Marco,Bizot,M.Bizot,a,,,4.2,626,29.0,0.4,295,39.0,1.5,185.0,18.0,3,0,0.0,-3,3.0,394,261,0.4,3.3,1.5,1.5,2.3,298.0,28.0,100.0,100.0,353.0,27.0,627.0,78.0,599.0,65.0,418.0,27.0,,,,,,,,0.0,0.0,0.0,1.76,3.09,0.18,1.64,0.91,0.0,32,3,90.0,0.0,0.0,0.0,1.0,0.0,0.0,0.0,0.0,0.0,4.0,1.0,0.0,14.0,422.0,379.0,0.0,0.0,0.0,0.0,1.1500000000000004,25.400000000000006,0.0,0.0,2.5,0.0,1.0,9.0,0.0
436,Matthijs,de Ligt,De Ligt,i,Back injury - Unknown return date,,4.9,305,48.0,1.8,148,57.0,0.0,707.0,251.0,0,0,0.0,-1,1.0,21,541,0.0,8.8,0.0,0.0,3.3,156.0,62.0,0.0,0.0,222.0,88.0,336.0,114.0,236.0,62.0,288.0,95.0,,,,,,,,0.11,0.06,0.17,1.44,0.0,0.08,1.54,1.0,8.23,32,0,0.0,0.0,0.0,0.0,0.0,0.0,0.0,0.0,0.0,0.0,0.0,0.0,0.0,0.0,28.0,672.0,0.0,0.0,0.0,0.0,0.0,0.0,0.0,0.0,0.0,0.0,0.0,0.0,0.0
438,Noussair,Mazraoui,Mazraoui,a,,,4.9,312,51.0,0.2,368,133.0,0.5,313.0,101.0,1,0,0.0,-1,1.0,298,434,0.1,5.9,0.5,1.0,1.8,378.0,143.0,100.0,100.0,329.0,125.0,320.0,108.0,363.0,122.0,362.0,125.0,,,,,,,,0.03,0.04,0.07,1.19,0.0,0.27,1.19,1.06,8.88,32,1,69.0,0.0,0.0,0.0,2.0,0.0,0.0,0.0,0.0,0.0,0.0,1.0,0.0,5.0,532.0,546.0,0.0,0.01999999999999999,0.009999999999999953,0.02999999999999997,2.0100000000000007,11.599999999999994,2.0999999999999943,3.0,1.6999999999999993,4.0,5.0,2.0,9.0
734,Dilane,Bakwa,Bakwa,a,,,5.9,98,65.0,0.0,676,272.0,0.0,803.0,354.0,0,0,0.0,-1,1.0,44,38,0.0,2.4,0.5,0.0,1.4,429.0,190.0,100.0,100.0,416.0,182.0,261.0,159.0,291.0,157.0,365.0,173.0,,,,,,,,0.13,0.18,0.31,1.77,0.0,0.0,2.11,0.79,6.84,32,0,0.0,0.0,0.0,0.0,0.0,0.0,0.0,0.0,0.0,0.0,0.0,0.0,0.0,0.0,55.0,50.0,0.0,0.0,0.0,0.0,0.0,0.0,0.0,0.0,0.0,0.0,0.0,0.0,0.0
209,Josh,Laurent,Laurent,a,,,4.8,349,219.0,0.0,619,239.0,-0.5,825.0,371.0,0,0,0.0,-2,2.0,61,86,-0.1,10.4,-2.5,0.0,1.8,375.0,158.0,100.0,0.0,226.0,95.0,202.0,131.0,260.0,142.0,255.0,126.0,,,,,,,,0.05,0.03,0.08,2.02,0.0,0.11,2.11,0.91,9.37,32,0,0.0,0.0,0.0,0.0,0.0,0.0,0.0,0.0,0.0,0.0,0.0,0.0,0.0,0.0,69.0,168.0,0.0,0.0,0.0,0.0,0.0,0.0,0.0,0.0,0.0,0.0,0.0,0.0,0.0
210,Loum,Tchaouna,Tchaouna,a,,,4.8,366,228.0,0.0,630,245.0,0.5,307.0,145.0,0,0,0.0,-2,2.0,17,38,0.1,8.1,-0.5,0.0,1.7,392.0,167.0,,,368.0,163.0,265.0,162.0,239.0,131.0,333.0,164.0,,4.0,,,,,,0.1,0.07,0.17,1.77,0.0,0.21,1.6,0.96,5.11,32,0,0.0,0.0,0.0,0.0,0.0,0.0,0.0,0.0,0.0,0.0,0.0,0.0,0.0,0.0,46.0,52.0,0.0,0.0,0.0,0.0,0.0,0.0,0.0,0.0,0.0,0.0,0.0,0.0,0.0
106,Nathan,Collins,Collins,a,,,4.9,319,52.0,2.7,121,47.0,4.5,65.0,22.0,3,0,0.0,-1,1.0,5187,16036,0.9,22.0,4.5,4.5,3.7,96.0,36.0,,,20.0,7.0,252.0,68.0,96.0,9.0,81.0,17.0,,,,,,,,0.07,0.05,0.12,1.36,0.0,0.26,1.33,0.96,9.85,32,3,90.0,0.0,0.0,0.0,2.0,0.0,0.0,0.0,0.0,0.0,0.0,1.0,0.0,10.0,9487.0,23830.0,0.0,0.24,0.010000000000000009,0.25,1.5300000000000011,19.0,1.2000000000000028,12.0,3.200000000000003,1.0,10.0,6.0,11.0
107,Keane,Lewis-Potter,Lewis-Potter,a,,,4.8,362,62.0,1.5,160,63.0,3.5,103.0,40.0,1,0,0.0,-2,2.0,2853,11387,0.7,18.8,3.5,3.5,3.0,194.0,77.0,,,214.0,84.0,142.0,37.0,115.0,17.0,161.0,53.0,,1.0,,,,,,0.14,0.12,0.26,1.52,0.0,0.44,1.52,1.01,3.42,32,1,90.0,0.0,0.0,0.0,2.0,0.0,0.0,0.0,0.0,0.0,0.0,1.0,0.0,10.0,5160.0,16544.0,0.0,0.020000000000000018,0.52,0.54,1.5299999999999976,20.0,39.80000000000001,8.0,6.799999999999997,3.0,3.0,5.0,6.0
108,Kristoffer,Ajer,Ajer,a,,,4.4,526,104.0,0.2,364,132.0,0.0,548.0,225.0,0,0,0.0,-1,1.0,133,1991,0.0,15.9,0.0,0.0,2.9,200.0,80.0,100.0,100.0,170.0,71.0,338.0,116.0,187.0,44.0,240.0,83.0,,,,,,,,0.04,0.04,0.08,1.49,0.0,0.28,1.5,1.0,9.31,32,0,0.0,0.0,0.0,0.0,0.0,0.0,0.0,0.0,0.0,0.0,0.0,0.0,0.0,0.0,214.0,3152.0,0.0,0.0,0.0,0.0,0.0,0.0,0.0,0.0,0.0,0.0,0.0,0.0,0.0
110,Michael,Kayode,Kayode,a,,,4.6,407,73.0,1.0,194,74.0,5.0,48.0,14.0,4,0,0.0,1,-1.0,7481,5361,1.1,20.9,5.0,5.0,3.1,186.0,73.0,100.0,100.0,71.0,35.0,62.0,11.0,257.0,72.0,88.0,21.0,,,,,,,,0.02,0.09,0.11,1.39,0.0,0.26,1.36,1.03,6.49,32,4,90.0,0.0,1.0,0.0,2.0,0.0,0.0,0.0,0.0,0.0,0.0,1.0,0.0,21.0,12680.0,9603.0,0.0,0.08999999999999997,0.009999999999999787,0.10000000000000009,1.5300000000000011,37.0,13.0,9.0,5.8999999999999915,2.0,5.0,3.0,7.0
130,Romelle,Donovan,Donovan,a,,,4.4,569,342.0,0.1,477,166.0,0.0,581.0,200.0,0,0,0.0,-1,1.0,83,234,0.0,0.9,0.0,0.0,1.0,477.0,212.0,,,470.0,211.0,423.0,211.0,388.0,194.0,459.0,207.0,,,,,,,,0.21,0.02,0.23,0.92,0.0,0.0,0.0,0.0,11.84,32,0,0.0,0.0,0.0,0.0,0.0,0.0,0.0,0.0,0.0,0.0,0.0,0.0,0.0,0.0,137.0,326.0,0.0,0.0,0.0,0.0,0.0,0.0,0.0,0.0,0.0,0.0,0.0,0.0,0.0
545,Patrick,Roberts,Roberts,u,has joined Birmingham City permanently.,,5.4,156,98.0,0.0,733,306.0,0.0,770.0,334.0,0,0,0.0,-1,1.0,0,1,0.0,0.2,0.0,0.0,1.0,504.0,234.0,0.0,0.0,497.0,229.0,438.0,213.0,435.0,212.0,481.0,222.0,,,,,,,,0.1,0.07,0.17,2.2,0.0,0.0,3.33,0.0,3.33,32,0,0.0,0.0,0.0,0.0,0.0,0.0,0.0,0.0,0.0,0.0,0.0,0.0,0.0,0.0,0.0,3.0,0.0,0.0,0.0,0.0,0.0,0.0,0.0,0.0,0.0,0.0,0.0,0.0,0.0
546,Milan,Aleksić,Aleksić,a,,,4.9,343,214.0,0.0,699,284.0,0.0,727.0,304.0,0,0,0.0,-1,1.0,15,9,0.0,0.0,0.0,0.0,0.0,787.0,343.0,100.0,100.0,786.0,342.0,782.0,342.0,778.0,340.0,786.0,342.0,,,,,,,,0.0,0.0,0.0,0.0,0.0,0.0,0.0,0.0,0.0,32,0,0.0,0.0,0.0,0.0,0.0,0.0,0.0,0.0,0.0,0.0,0.0,0.0,0.0,0.0,19.0,12.0,0.0,0.0,0.0,0.0,0.0,0.0,0.0,0.0,0.0,0.0,0.0,0.0,0.0
802,Keiber,Lamadrid,Lamadrid,a,,,5.0,280,173.0,0.0,776,334.0,0.0,746.0,318.0,0,0,0.0,0,0.0,25,15,0.0,0.0,0.0,0.5,0.0,800.0,353.0,,,799.0,352.0,797.0,352.0,792.0,350.0,799.0,352.0,,,,,,,,0.0,0.0,0.0,0.0,0.0,0.0,0.0,0.0,0.0,32,0,0.0,0.0,0.0,0.0,0.0,0.0,0.0,0.0,0.0,0.0,0.0,0.0,0.0,0.0,37.0,21.0,0.0,0.0,0.0,0.0,0.0,0.0,0.0,0.0,0.0,0.0,0.0,0.0,0.0
639,Bastien,Meupiyou Menadjou,Meupiyou,u,On loan to FC Alverca,,4.0,718,191.0,0.0,769,260.0,0.0,458.0,172.0,0,0,0.0,0,0.0,0,5,0.0,0.0,0.0,0.0,0.0,620.0,231.0,0.0,0.0,611.0,231.0,603.0,231.0,573.0,228.0,613.0,231.0,,,,,,,,0.0,0.0,0.0,0.0,0.0,0.0,0.0,0.0,0.0,32,0,0.0,0.0,0.0,0.0,0.0,0.0,0.0,0.0,0.0,0.0,0.0,0.0,0.0,0.0,0.0,6.0,0.0,0.0,0.0,0.0,0.0,0.0,0.0,0.0,0.0,0.0,0.0,0.0,0.0
640,Pedro,Cardoso de Lima,Pedro Lima,a,,,4.0,737,209.0,0.4,298,110.0,0.0,477.0,190.0,0,0,0.0,0,0.0,169,208,0.0,0.8,-0.5,-0.5,1.0,461.0,170.0,100.0,100.0,508.0,179.0,477.0,175.0,443.0,166.0,506.0,178.0,,,,,,,,0.0,0.0,0.0,23.7,0.0,0.0,30.0,0.0,0.0,32,0,0.0,0.0,0.0,0.0,0.0,0.0,0.0,0.0,0.0,0.0,0.0,0.0,0.0,0.0,217.0,268.0,0.0,0.0,0.0,0.0,0.0,0.0,0.0,0.0,0.0,0.0,0.0,0.0,0.0
641,Alfie,Pond,Pond,u,has joined Crewe Alexandra on loan for the rest of the season.,,3.9,776,226.0,0.9,201,78.0,0.0,395.0,139.0,0,0,0.0,-1,1.0,0,798,0.0,0.0,0.0,0.0,0.0,567.0,205.0,0.0,0.0,557.0,204.0,545.0,204.0,513.0,199.0,559.0,204.0,,,,,,,,0.0,0.0,0.0,0.0,0.0,0.0,0.0,0.0,0.0,32,0,0.0,0.0,0.0,0.0,0.0,0.0,0.0,0.0,0.0,0.0,0.0,0.0,0.0,0.0,0.0,1063.0,0.0,0.0,0.0,0.0,0.0,0.0,0.0,0.0,0.0,0.0,0.0,0.0,0.0
642,Hwang,Hee-chan,Hee Chan,a,,,5.6,124,77.0,0.1,470,163.0,1.0,259.0,121.0,1,0,0.0,-4,4.0,292,263,0.2,8.0,0.5,0.5,2.1,328.0,143.0,100.0,100.0,339.0,154.0,216.0,138.0,205.0,113.0,299.0,149.0,,2.0,3.0,,,,,0.17,0.07,0.24,1.42,0.0,0.15,1.78,1.16,5.34,32,1,19.0,0.0,0.0,0.0,1.0,0.0,0.0,0.0,0.0,0.0,0.0,0.0,0.0,3.0,457.0,346.0,0.0,0.040000000000000036,0.010000000000000009,0.04999999999999982,0.6899999999999977,0.0,1.5,4.0,0.3999999999999986,0.0,0.0,1.0,1.0
643,André,Trindade da Costa Neto,André,a,,,5.2,213,131.0,0.1,464,159.0,4.0,86.0,33.0,4,0,0.0,-3,3.0,864,1010,0.8,15.6,3.5,3.5,2.8,224.0,89.0,100.0,100.0,174.0,67.0,137.0,94.0,351.0,181.0,212.0,104.0,,,,,,,,0.02,0.03,0.05,1.57,0.0,0.08,1.74,0.97,12.61,32,4,90.0,0.0,0.0,0.0,4.0,0.0,0.0,0.0,0.0,0.0,0.0,1.0,0.0,19.0,1282.0,1181.0,0.0,0.020000000000000018,0.05999999999999994,0.08000000000000007,2.3500000000000014,17.399999999999977,16.99999999999997,1.0,3.499999999999993,4.0,2.0,6.0,12.0
644,Jean-Ricner,Bellegarde,Bellegarde,a,,,5.1,230,140.0,0.0,591,222.0,1.0,247.0,114.0,1,0,0.0,-4,4.0,209,250,0.2,7.8,0.5,0.5,1.7,393.0,168.0,100.0,100.0,297.0,130.0,195.0,128.0,209.0,117.0,273.0,138.0,,4.0,,,,,,0.08,0.08,0.16,1.66,0.0,0.24,2.13,1.11,7.66,32,1,60.0,0.0,0.0,0.0,1.0,0.0,0.0,0.0,1.0,0.0,0.0,1.0,0.0,3.0,572.0,293.0,0.0,0.010000000000000009,0.010000000000000009,0.020000000000000018,1.0499999999999972,3.799999999999983,1.1999999999999886,3.0,0.7999999999999972,1.0,1.0,3.0,5.0
645,Fer,López González,Fer López,u,has joined Celta Vigo on loan for the rest of the season.,,5.1,241,145.0,0.0,662,263.0,0.0,755.0,325.0,0,0,0.0,-4,4.0,0,7,0.0,2.4,0.0,0.0,1.3,436.0,195.0,0.0,0.0,440.0,195.0,334.0,182.0,354.0,183.0,415.0,190.0,,,,,,,,0.06,0.24,0.3,1.57,0.0,0.0,3.55,0.79,4.74,32,0,0.0,0.0,0.0,0.0,0.0,0.0,0.0,0.0,0.0,0.0,0.0,0.0,0.0,0.0,0.0,10.0,0.0,0.0,0.0,0.0,0.0,0.0,0.0,0.0,0.0,0.0,0.0,0.0,0.0
187,Kyle,Walker,Walker,a,,,4.4,520,99.0,1.2,183,72.0,1.0,219.0,69.0,1,0,0.0,-1,1.0,1851,1957,0.2,14.3,0.5,0.5,2.1,322.0,118.0,100.0,100.0,124.0,54.0,189.0,49.0,385.0,135.0,215.0,74.0,,,,,,,,0.0,0.04,0.04,1.98,0.0,0.14,1.9,1.02,6.41,32,1,8.0,0.0,0.0,0.0,1.0,0.0,0.0,0.0,0.0,0.0,0.0,0.0,0.0,3.0,3023.0,2883.0,0.0,0.0,0.0,0.0,0.13000000000000256,5.399999999999977,0.8000000000000114,0.0,0.5999999999999943,1.0,2.0,1.0,3.0
147,Pervis,Estupiñán Tenorio,Estupiñan,u,Has joined AC Milan permanently,,4.5,421,82.0,0.0,751,257.0,0.0,590.0,235.0,0,0,0.0,0,0.0,0,0,0.0,0.0,0.0,0.0,0.0,697.0,257.0,0.0,0.0,691.0,257.0,686.0,257.0,667.0,256.0,693.0,257.0,,,,,,,,0.0,0.0,0.0,0.0,0.0,0.0,0.0,0.0,0.0,32,0,0.0,0.0,0.0,0.0,0.0,0.0,0.0,0.0,0.0,0.0,0.0,0.0,0.0,0.0,0.0,1.0,0.0,0.0,0.0,0.0,0.0,0.0,0.0,0.0,0.0,0.0,0.0,0.0,0.0
298,Reece,Welch,Welch,a,,,3.8,800,244.0,0.1,424,157.0,0.0,353.0,119.0,0,0,0.0,-2,2.0,65,140,0.0,0.0,-0.5,0.0,0.0,533.0,191.0,,,523.0,190.0,506.0,189.0,473.0,183.0,525.0,190.0,,,,,,,,0.0,0.0,0.0,0.0,0.0,0.0,0.0,0.0,0.0,32,0,0.0,0.0,0.0,0.0,0.0,0.0,0.0,0.0,0.0,0.0,0.0,0.0,0.0,0.0,111.0,188.0,0.0,0.0,0.0,0.0,0.0,0.0,0.0,0.0,0.0,0.0,0.0,0.0,0.0
753,John,Ruddy,Ruddy,a,,,4.0,661,38.0,0.0,688,82.0,0.0,406.0,52.0,0,0,0.0,0,0.0,31,29,0.0,0.0,0.0,0.0,0.0,577.0,63.0,,,567.0,63.0,555.0,47.0,524.0,34.0,569.0,63.0,,,,,,,,0.0,0.0,0.0,0.0,0.0,0.0,0.0,0.0,0.0,32,0,0.0,0.0,0.0,0.0,0.0,0.0,0.0,0.0,0.0,0.0,0.0,0.0,0.0,0.0,43.0,36.0,0.0,0.0,0.0,0.0,0.0,0.0,0.0,0.0,0.0,0.0,0.0,0.0,0.0
765,Leo,Shahar,Shahar,a,,,4.0,717,190.0,0.0,643,230.0,0.0,457.0,171.0,0,0,0.0,0,0.0,88,110,0.0,0.0,0.0,0.0,0.0,619.0,230.0,,,610.0,230.0,602.0,230.0,572.0,227.0,612.0,230.0,,,,,,,,0.0,0.0,0.0,0.0,0.0,0.0,0.0,0.0,0.0,32,0,0.0,0.0,0.0,0.0,0.0,0.0,0.0,0.0,0.0,0.0,0.0,0.0,0.0,0.0,125.0,148.0,0.0,0.0,0.0,0.0,0.0,0.0,0.0,0.0,0.0,0.0,0.0,0.0,0.0
772,Sam,Alabi,Alabi,a,,,4.5,514,319.0,0.0,773,332.0,0.0,673.0,267.0,0,0,0.0,0,0.0,39,14,0.0,0.0,0.0,0.0,0.0,761.0,324.0,,,760.0,323.0,753.0,323.0,740.0,319.0,760.0,323.0,,,,,,,,0.0,0.0,0.0,0.0,0.0,0.0,0.0,0.0,0.0,32,0,0.0,0.0,0.0,0.0,0.0,0.0,0.0,0.0,0.0,0.0,0.0,0.0,0.0,0.0,45.0,21.0,0.0,0.0,0.0,0.0,0.0,0.0,0.0,0.0,0.0,0.0,0.0,0.0,0.0
12,Oleksandr,Zinchenko,Zinchenko,u,has joined Ajax permanently.,,4.9,302,47.0,0.2,371,135.0,0.0,706.0,250.0,0,0,0.0,-1,1.0,0,71,0.0,1.4,0.0,0.0,1.4,425.0,154.0,0.0,0.0,389.0,146.0,302.0,95.0,387.0,137.0,390.0,138.0,,,,,,,,0.02,0.09,0.11,1.28,0.0,0.0,1.53,1.02,6.14,32,0,0.0,0.0,0.0,0.0,0.0,0.0,0.0,0.0,0.0,0.0,0.0,0.0,0.0,0.0,0.0,87.0,0.0,0.0,0.0,0.0,0.0,0.0,0.0,0.0,0.0,0.0,0.0,0.0,0.0
73,Adam,Smith,Smith,a,,,4.4,519,98.0,0.2,382,140.0,0.5,299.0,97.0,1,0,0.0,-1,1.0,730,272,0.1,8.9,1.0,-0.5,2.1,321.0,117.0,100.0,100.0,349.0,133.0,337.0,115.0,393.0,140.0,385.0,136.0,,,,,,,,0.0,0.02,0.02,1.56,0.0,0.45,1.68,1.23,5.93,32,1,1.0,0.0,0.0,0.0,0.0,0.0,0.0,0.0,0.0,0.0,0.0,0.0,0.0,3.0,1009.0,430.0,0.0,0.0,0.0,0.0,0.13000000000000078,0.0,0.0,0.0,0.0,0.0,0.0,0.0,0.0
74,Adrien,Truffert,Truffert,a,,,4.7,392,67.0,5.3,74,24.0,4.0,80.0,30.0,4,0,0.0,2,-2.0,131138,8041,0.9,26.8,8.0,3.0,3.9,68.0,26.0,,,37.0,14.0,53.0,8.0,250.0,67.0,67.0,11.0,,,,,,,,0.01,0.08,0.09,1.47,0.0,0.29,1.46,1.01,8.25,32,4,90.0,0.0,1.0,0.0,1.0,0.0,0.0,0.0,1.0,0.0,0.0,1.0,0.0,9.0,166171.0,21647.0,0.0,0.0,0.010000000000000231,0.009999999999999787,2.3200000000000003,6.600000000000023,2.6000000000000227,2.0,1.0999999999999943,2.0,5.0,2.0,7.0
75,Matai,Akinmboni,Akinmboni,a,,,3.8,808,251.0,0.2,386,142.0,0.0,360.0,125.0,0,0,0.0,-2,2.0,156,204,0.0,0.0,0.0,-1.0,0.0,538.0,196.0,100.0,100.0,528.0,195.0,512.0,194.0,479.0,188.0,530.0,195.0,,,,,,,,0.0,0.0,0.0,0.0,0.0,0.0,0.0,0.0,0.0,32,0,0.0,0.0,0.0,0.0,0.0,0.0,0.0,0.0,0.0,0.0,0.0,0.0,0.0,0.0,253.0,252.0,0.0,0.0,0.0,0.0,0.0,0.0,0.0,0.0,0.0,0.0,0.0,0.0,0.0
363,Patrick,Bamford,Bamford,u,has departed the club as a free agent.,,4.9,287,57.0,0.3,311,49.0,0.0,697.0,75.0,0,0,0.0,-1,1.0,0,44,0.0,0.0,0.0,0.0,0.0,771.0,85.0,0.0,0.0,770.0,85.0,766.0,84.0,762.0,84.0,770.0,85.0,,,,,,,,0.0,0.0,0.0,0.0,0.0,0.0,0.0,0.0,0.0,32,0,0.0,0.0,0.0,0.0,0.0,0.0,0.0,0.0,0.0,0.0,0.0,0.0,0.0,0.0,0.0,56.0,0.0,0.0,0.0,0.0,0.0,0.0,0.0,0.0,0.0,0.0,0.0,0.0,0.0
504,Matt,Turner,Turner,u,Has joined Lyon permanently.,,4.0,676,46.0,0.1,532,76.0,0.0,418.0,59.0,0,0,0.0,0,0.0,0,34,0.0,0.0,0.0,0.0,0.0,587.0,68.0,0.0,0.0,577.0,68.0,568.0,55.0,537.0,42.0,579.0,68.0,,,,,,,,0.0,0.0,0.0,0.0,0.0,0.0,0.0,0.0,0.0,32,0,0.0,0.0,0.0,0.0,0.0,0.0,0.0,0.0,0.0,0.0,0.0,0.0,0.0,0.0,0.0,43.0,0.0,0.0,0.0,0.0,0.0,0.0,0.0,0.0,0.0,0.0,0.0,0.0,0.0
364,Mateo,Joseph Fernández-Regatillo,Mateo Joseph,u,Has joined RCD Mallorca on loan for the rest of the season.,,5.0,278,56.0,0.0,748,91.0,0.0,744.0,81.0,0,0,0.0,0,0.0,0,1,0.0,0.0,0.0,0.0,0.0,798.0,88.0,0.0,0.0,797.0,88.0,795.0,88.0,790.0,88.0,797.0,88.0,,,,,,,,0.0,0.0,0.0,0.0,0.0,0.0,0.0,0.0,0.0,32,0,0.0,0.0,0.0,0.0,0.0,0.0,0.0,0.0,0.0,0.0,0.0,0.0,0.0,0.0,0.0,1.0,0.0,0.0,0.0,0.0,0.0,0.0,0.0,0.0,0.0,0.0,0.0,0.0,0.0
373,Virgil,van Dijk,Virgil,a,,,6.3,64,2.0,30.5,9,3.0,6.0,30.0,9.0,9,0,0.0,3,-3.0,37474,126218,1.0,22.9,6.5,6.5,4.5,33.0,15.0,,,3.0,1.0,182.0,47.0,59.0,2.0,30.0,1.0,,,,,,,,0.09,0.04,0.13,1.2,0.0,0.31,1.31,1.0,9.5,32,9,90.0,0.0,0.0,1.0,0.0,0.0,0.0,0.0,0.0,0.0,0.0,1.0,1.0,28.0,50381.0,308411.0,0.0,0.1299999999999999,0.020000000000000018,0.15000000000000036,1.0399999999999991,37.39999999999998,2.8999999999999773,13.0,5.300000000000011,2.0,11.0,1.0,13.0
384,Cody,Gakpo,Gakpo,a,,,7.3,27,17.0,5.5,72,24.0,4.0,94.0,39.0,6,0,0.0,-2,2.0,3341,19592,0.5,15.3,4.5,4.5,3.7,106.0,49.0,100.0,100.0,115.0,38.0,24.0,23.0,15.0,6.0,18.0,14.0,3.0,,3.0,,,,,0.27,0.17,0.44,1.04,0.0,0.4,1.17,1.05,5.32,32,6,90.0,0.0,1.0,1.0,0.0,0.0,0.0,0.0,0.0,0.0,0.0,1.0,0.0,14.0,5447.0,34758.0,0.0,0.1299999999999999,0.04999999999999982,0.17999999999999972,1.0399999999999991,17.80000000000001,11.299999999999955,25.0,5.400000000000006,3.0,0.0,3.0,6.0
692,Giovanni,Leoni,Leoni,i,Knee injury - Expected back 01 Sep,,4.9,345,57.0,0.0,721,251.0,0.0,729.0,253.0,0,0,0.0,-1,1.0,9,16,0.0,0.0,0.0,0.0,0.0,789.0,264.0,0.0,0.0,788.0,264.0,784.0,264.0,780.0,264.0,788.0,264.0,,,,,,,,0.0,0.0,0.0,0.0,0.0,0.0,0.0,0.0,0.0,32,0,0.0,0.0,0.0,0.0,0.0,0.0,0.0,0.0,0.0,0.0,0.0,0.0,0.0,0.0,13.0,18.0,0.0,0.0,0.0,0.0,0.0,0.0,0.0,0.0,0.0,0.0,0.0,0.0,0.0
260,Marc,Guéhi,Guéhi,a,,,5.1,226,31.0,34.8,6,2.0,15.0,1.0,1.0,15,0,0.0,6,-6.0,221977,46944,2.9,29.4,30.5,15.0,5.2,9.0,2.0,100.0,100.0,13.0,5.0,152.0,38.0,67.0,3.0,46.0,5.0,,,,,,,,0.13,0.07,0.2,1.26,0.0,0.38,1.03,1.0,8.1,32,15,90.0,1.0,0.0,1.0,0.0,0.0,0.0,0.0,0.0,0.0,0.0,1.0,3.0,48.0,240760.0,110136.0,0.0,0.33000000000000007,0.040000000000000036,0.3700000000000001,1.1400000000000006,67.60000000000002,16.799999999999983,21.0,10.5,3.0,6.0,2.0,9.0
746,Kieran,Morrison,Morrison,a,,,4.5,492,303.0,0.0,746,316.0,0.0,653.0,252.0,0,0,0.0,0,0.0,11,14,0.0,0.0,0.5,0.5,0.0,745.0,312.0,,,743.0,310.0,736.0,310.0,723.0,306.0,743.0,310.0,,,,,,,,0.0,0.0,0.0,0.0,0.0,0.0,0.0,0.0,0.0,32,0,0.0,0.0,0.0,0.0,0.0,0.0,0.0,0.0,0.0,0.0,0.0,0.0,0.0,0.0,19.0,21.0,0.0,0.0,0.0,0.0,0.0,0.0,0.0,0.0,0.0,0.0,0.0,0.0,0.0
429,Kalvin,Phillips,Phillips,u,has joined Sheffield United on loan for the rest of the season.,,4.7,378,236.0,0.1,563,208.0,0.0,682.0,274.0,0,0,0.0,-3,3.0,0,18,0.0,0.0,0.0,0.0,0.0,765.0,328.0,0.0,0.0,764.0,327.0,759.0,327.0,748.0,324.0,764.0,327.0,,,,,,,,0.0,0.0,0.0,0.0,0.0,0.0,0.0,0.0,0.0,32,0,0.0,0.0,0.0,0.0,0.0,0.0,0.0,0.0,0.0,0.0,0.0,0.0,0.0,0.0,0.0,21.0,0.0,0.0,0.0,0.0,0.0,0.0,0.0,0.0,0.0,0.0,0.0,0.0,0.0
430,Erling,Haaland,Haaland,a,,,14.5,1,1.0,61.4,1,1.0,2.0,181.0,27.0,2,1,-1.0,5,-5.0,318866,25580,0.1,13.7,4.5,2.0,6.6,4.0,1.0,100.0,100.0,2.0,1.0,133.0,8.0,1.0,1.0,2.0,1.0,,,1.0,,,,,0.78,0.07,0.85,1.13,0.0,0.4,0.97,1.04,3.27,32,2,90.0,0.0,0.0,1.0,0.0,0.0,0.0,0.0,0.0,0.0,0.0,1.0,0.0,5.0,527142.0,41140.0,0.0,0.5800000000000018,0.0,0.5799999999999983,1.1400000000000006,3.0,2.5,37.0,4.300000000000011,2.0,1.0,3.0,6.0
503,Carlos Miguel,dos Santos Pereira,C.Miguel,u,Has joined Palmeiras permanently.,,4.0,691,55.0,0.1,557,77.0,0.0,433.0,68.0,0,0,0.0,0,0.0,0,30,0.0,0.0,0.0,0.0,0.0,600.0,77.0,0.0,0.0,590.0,77.0,581.0,64.0,550.0,51.0,592.0,77.0,,,,,,,,0.0,0.0,0.0,0.0,0.0,0.0,0.0,0.0,0.0,32,0,0.0,0.0,0.0,0.0,0.0,0.0,0.0,0.0,0.0,0.0,0.0,0.0,0.0,0.0,0.0,38.0,0.0,0.0,0.0,0.0,0.0,0.0,0.0,0.0,0.0,0.0,0.0,0.0,0.0
505,Nikola,Milenković,Milenković,a,,,5.1,229,32.0,3.3,103,37.0,5.5,38.0,11.0,2,0,0.0,-4,4.0,9132,4366,1.1,19.2,6.0,5.5,3.1,187.0,74.0,,,58.0,28.0,365.0,131.0,255.0,70.0,187.0,65.0,,,,,,,,0.03,0.01,0.04,1.43,0.0,0.25,1.38,1.0,8.06,32,2,90.0,0.0,0.0,0.0,1.0,0.0,0.0,0.0,0.0,0.0,0.0,1.0,0.0,10.0,12305.0,6034.0,0.0,0.0,0.0,0.0,1.019999999999996,12.600000000000023,0.6999999999999957,0.0,1.3000000000000114,3.0,2.0,2.0,5.0
716,Nicolò,Savona,Savona,i,Knee injury - Unknown return date,,4.5,452,93.0,0.1,582,208.0,0.0,616.0,243.0,0,0,0.0,0,0.0,10,108,0.0,8.7,0.0,0.0,2.8,218.0,87.0,0.0,0.0,266.0,108.0,248.0,67.0,270.0,78.0,296.0,99.0,,,,,,,,0.12,0.04,0.16,1.32,0.0,0.26,1.58,0.97,5.0,32,0,0.0,0.0,0.0,0.0,0.0,0.0,0.0,0.0,0.0,0.0,0.0,0.0,0.0,0.0,19.0,161.0,0.0,0.0,0.0,0.0,0.0,0.0,0.0,0.0,0.0,0.0,0.0,0.0,0.0
278,Jesurun,Rak-Sakyi,J.Rak-Sakyi,u,has joined Stoke City on loan for the rest of the season.,,4.4,544,326.0,0.0,655,259.0,0.0,559.0,186.0,0,0,0.0,-1,1.0,0,16,0.0,0.0,0.0,0.0,0.0,675.0,259.0,0.0,0.0,667.0,251.0,663.0,255.0,642.0,245.0,669.0,253.0,,,,,,,,0.0,0.0,0.0,0.0,0.0,0.0,0.0,0.0,0.0,32,0,0.0,0.0,0.0,0.0,0.0,0.0,0.0,0.0,0.0,0.0,0.0,0.0,0.0,0.0,0.0,22.0,0.0,0.0,0.0,0.0,0.0,0.0,0.0,0.0,0.0,0.0,0.0,0.0,0.0
279,Matheus,França de Oliveira,M.França,u,Has joined CR Vasco da Gama on loan for the rest of the season.,,4.5,462,280.0,0.0,771,330.0,0.0,624.0,229.0,0,0,0.0,0,0.0,0,0,0.0,0.0,0.0,0.0,0.0,723.0,295.0,0.0,0.0,718.0,290.0,713.0,292.0,697.0,285.0,719.0,291.0,,,,,,,,0.0,0.0,0.0,0.0,0.0,0.0,0.0,0.0,0.0,32,0,0.0,0.0,0.0,0.0,0.0,0.0,0.0,0.0,0.0,0.0,0.0,0.0,0.0,0.0,0.0,0.0,0.0,0.0,0.0,0.0,0.0,0.0,0.0,0.0,0.0,0.0,0.0,0.0,0.0
563,Luís Hemir,Silva Semedo,Luís Hemir,u,has joined Moreirense on loan for the rest of the season.,,4.4,558,79.0,0.1,520,71.0,0.0,571.0,60.0,0,0,0.0,-1,1.0,0,24,0.0,0.0,0.0,0.0,0.0,683.0,72.0,0.0,0.0,676.0,72.0,671.0,71.0,652.0,71.0,678.0,72.0,,,,,,,,0.0,0.0,0.0,0.0,0.0,0.0,0.0,0.0,0.0,32,0,0.0,0.0,0.0,0.0,0.0,0.0,0.0,0.0,0.0,0.0,0.0,0.0,0.0,0.0,0.0,30.0,0.0,0.0,0.0,0.0,0.0,0.0,0.0,0.0,0.0,0.0,0.0,0.0,0.0
564,Nazarii,Rusyn,Rusyn,u,has joined Arka on loan for the rest of the season.,,4.4,540,76.0,0.1,522,72.0,0.0,556.0,57.0,0,0,0.0,-1,1.0,0,15,0.0,0.0,0.0,0.0,0.0,673.0,69.0,0.0,0.0,664.0,69.0,660.0,68.0,639.0,68.0,666.0,69.0,,,,,,,,0.0,0.0,0.0,0.0,0.0,0.0,0.0,0.0,0.0,32,0,0.0,0.0,0.0,0.0,0.0,0.0,0.0,0.0,0.0,0.0,0.0,0.0,0.0,0.0,0.0,17.0,0.0,0.0,0.0,0.0,0.0,0.0,0.0,0.0,0.0,0.0,0.0,0.0,0.0
632,Matt,Doherty,Doherty,d,Muscle injury - 75% chance of playing,,4.4,521,100.0,0.1,511,182.0,0.0,543.0,221.0,0,0,0.0,-1,1.0,28,130,0.0,2.7,-0.4,0.0,1.2,440.0,158.0,75.0,0.0,358.0,137.0,350.0,124.0,394.0,141.0,389.0,137.0,,,,,,,,0.01,0.02,0.03,1.69,0.0,0.13,1.79,1.28,7.31,32,0,0.0,0.0,0.0,0.0,0.0,0.0,0.0,0.0,0.0,0.0,0.0,0.0,0.0,0.0,33.0,185.0,0.0,0.0,0.0,0.0,0.0,0.0,0.0,0.0,0.0,0.0,0.0,0.0,0.0
638,Ki-Jana,Hoever,Hoever,u,has joined Sheffield United on loan for the rest of the season.,,3.8,799,243.0,0.9,204,79.0,0.0,352.0,118.0,0,0,0.0,-2,2.0,0,1429,0.0,2.6,0.0,0.0,1.2,438.0,156.0,0.0,0.0,370.0,142.0,296.0,92.0,402.0,147.0,383.0,135.0,,,,,,,,0.0,0.08,0.08,1.99,0.0,0.0,2.77,1.28,8.51,32,0,0.0,0.0,0.0,0.0,0.0,0.0,0.0,0.0,0.0,0.0,0.0,0.0,0.0,0.0,0.0,2000.0,0.0,0.0,0.0,0.0,0.0,0.0,0.0,0.0,0.0,0.0,0.0,0.0,0.0
646,João Victor,Gomes da Silva,J.Gomes,a,,,5.3,194,122.0,0.4,297,104.0,2.0,161.0,66.0,2,0,0.0,-2,2.0,2086,7778,0.4,17.7,1.5,1.5,3.1,188.0,77.0,100.0,100.0,131.0,45.0,110.0,79.0,189.0,105.0,138.0,76.0,,3.0,,,,,,0.04,0.07,0.11,1.55,0.0,0.15,1.78,1.02,12.4,32,2,84.0,0.0,0.0,0.0,4.0,0.0,0.0,0.0,0.0,0.0,0.0,1.0,0.0,13.0,8317.0,9164.0,0.0,0.040000000000000036,0.020000000000000018,0.06000000000000005,2.3500000000000014,5.0,4.800000000000011,7.0,1.7000000000000028,3.0,0.0,4.0,7.0
652,Enso,González Medina,Gonzalez,a,,,4.3,613,362.0,1.2,177,62.0,0.0,536.0,178.0,0,0,0.0,-2,2.0,496,1874,0.0,0.0,-0.5,-0.5,0.0,663.0,253.0,,,653.0,243.0,649.0,248.0,626.0,237.0,655.0,245.0,,,,,,,,0.0,0.0,0.0,0.0,0.0,0.0,0.0,0.0,0.0,32,0,0.0,0.0,0.0,0.0,0.0,0.0,0.0,0.0,0.0,0.0,0.0,0.0,0.0,0.0,936.0,2516.0,0.0,0.0,0.0,0.0,0.0,0.0,0.0,0.0,0.0,0.0,0.0,0.0,0.0
695,Jackson,Tchatchoua,Tchatchoua,a,,,4.4,552,119.0,0.0,632,226.0,0.0,566.0,232.0,0,0,0.0,-1,1.0,164,119,0.0,11.6,-0.5,-0.5,1.8,371.0,139.0,,,200.0,79.0,83.0,21.0,302.0,92.0,183.0,63.0,,,,,,,,0.02,0.08,0.1,1.46,0.0,0.15,1.76,0.91,5.39,32,0,90.0,0.0,0.0,0.0,4.0,0.0,0.0,0.0,0.0,0.0,0.0,1.0,0.0,-2.0,222.0,134.0,0.0,0.0,0.10000000000000009,0.09999999999999987,2.349999999999998,13.399999999999977,27.19999999999999,6.0,4.700000000000003,2.0,3.0,3.0,5.0
709,Ladislav,Krejcí,Krejčí,a,,,4.5,430,88.0,0.1,539,192.0,0.0,597.0,239.0,0,0,0.0,0,0.0,627,476,0.0,13.1,-0.5,-0.5,2.4,281.0,106.0,100.0,100.0,100.0,44.0,245.0,65.0,128.0,22.0,150.0,51.0,,,,,,,,0.09,0.06,0.15,1.53,0.0,0.13,1.78,1.02,7.4,32,0,90.0,0.0,0.0,0.0,4.0,0.0,0.0,0.0,0.0,0.0,0.0,1.0,0.0,0.0,937.0,560.0,0.0,0.010000000000000231,0.05999999999999983,0.07000000000000028,2.3500000000000014,27.19999999999999,12.600000000000009,4.0,4.3999999999999915,3.0,5.0,7.0,8.0
720,Tolu,Arokodare,Tolu,a,,,5.2,211,49.0,0.1,445,64.0,1.0,250.0,31.0,1,-1,1.0,-3,3.0,466,1914,0.2,11.5,0.5,0.5,2.1,324.0,35.0,,,264.0,25.0,199.0,19.0,38.0,17.0,144.0,20.0,,,5.0,,,,,0.33,0.03,0.36,1.52,0.0,0.22,1.87,0.86,5.11,32,1,19.0,0.0,0.0,0.0,1.0,0.0,0.0,0.0,0.0,0.0,0.0,0.0,0.0,4.0,1129.0,2615.0,0.0,0.0,0.0,0.0,0.6900000000000013,2.0,10.400000000000006,2.0,1.4000000000000057,0.0,0.0,0.0,0.0
9,Jakub,Kiwior,Kiwior,u,has joined Porto on loan for the rest of the season.,,5.4,169,20.0,0.0,596,212.0,0.0,778.0,262.0,0,0,0.0,-1,1.0,0,5,0.0,0.0,0.0,0.0,0.0,809.0,268.0,0.0,0.0,808.0,268.0,807.0,268.0,805.0,268.0,808.0,268.0,,,,,,,,0.0,0.0,0.0,0.0,0.0,0.0,0.0,0.0,0.0,32,0,0.0,0.0,0.0,0.0,0.0,0.0,0.0,0.0,0.0,0.0,0.0,0.0,0.0,0.0,0.0,7.0,0.0,0.0,0.0,0.0,0.0,0.0,0.0,0.0,0.0,0.0,0.0,0.0,0.0
10,Myles,Lewis-Skelly,Lewis-Skelly,a,,,5.0,269,42.0,1.4,167,66.0,1.0,243.0,80.0,1,0,0.0,-5,5.0,465,600,0.2,2.6,1.5,2.0,0.9,512.0,176.0,,,421.0,156.0,357.0,126.0,377.0,130.0,419.0,149.0,,,,,,,,0.02,0.02,0.04,1.45,0.0,0.0,1.57,0.45,4.26,32,1,90.0,0.0,0.0,0.0,2.0,0.0,0.0,0.0,0.0,0.0,0.0,1.0,0.0,5.0,584.0,730.0,0.0,0.05,0.020000000000000004,0.06999999999999999,1.1900000000000004,14.000000000000004,2.299999999999997,7.0,2.299999999999999,2.0,3.0,3.0,5.0
14,Maldini,Kacurri,Kacurri,u,has joined Morecambe on loan for the rest of the season.,,3.9,785,231.0,0.1,501,180.0,0.0,404.0,144.0,0,0,0.0,-1,1.0,0,14,0.0,0.0,0.0,0.0,0.0,575.0,209.0,0.0,0.0,565.0,208.0,553.0,208.0,521.0,203.0,567.0,208.0,,,,,,,,0.0,0.0,0.0,0.0,0.0,0.0,0.0,0.0,0.0,32,0,0.0,0.0,0.0,0.0,0.0,0.0,0.0,0.0,0.0,0.0,0.0,0.0,0.0,0.0,0.0,16.0,0.0,0.0,0.0,0.0,0.0,0.0,0.0,0.0,0.0,0.0,0.0,0.0,0.0
16,Bukayo,Saka,Saka,i,Achilles injury - Unknown return date,,9.8,6,4.0,7.2,57,20.0,0.0,824.0,370.0,0,0,0.0,-2,2.0,671,54812,0.0,13.6,0.0,0.8,4.9,18.0,7.0,0.0,75.0,73.0,21.0,12.0,12.0,8.0,3.0,7.0,5.0,2.0,2.0,1.0,,,,,0.32,0.26,0.58,0.65,0.0,0.45,0.72,0.99,7.35,32,0,0.0,0.0,0.0,0.0,0.0,0.0,0.0,0.0,0.0,0.0,0.0,0.0,0.0,0.0,1820.0,74786.0,0.0,0.0,0.0,0.0,0.0,0.0,0.0,0.0,0.0,0.0,0.0,0.0,0.0
17,Martin,Ødegaard,Ødegaard,d,Knock - 75% chance of playing,,7.8,18,13.0,1.5,161,56.0,0.0,820.0,366.0,0,0,0.0,-2,2.0,119,1873,0.0,7.9,0.4,0.8,3.1,191.0,79.0,75.0,75.0,237.0,100.0,56.0,46.0,208.0,116.0,149.0,78.0,4.0,,3.0,,,,,0.08,0.24,0.32,1.08,0.0,0.34,0.93,1.09,6.81,32,0,0.0,0.0,0.0,0.0,0.0,0.0,0.0,0.0,0.0,0.0,0.0,0.0,0.0,0.0,951.0,2295.0,0.0,0.0,0.0,0.0,0.0,0.0,0.0,0.0,0.0,0.0,0.0,0.0,0.0
18,Noni,Madueke,Madueke,d,Knee injury - 75% chance of playing,,6.8,44,28.0,0.8,210,74.0,1.0,278.0,132.0,1,0,0.0,-2,2.0,520,6218,0.1,8.1,1.1,2.0,2.6,260.0,108.0,75.0,100.0,285.0,122.0,132.0,90.0,84.0,50.0,166.0,85.0,3.0,,,,,,,0.1,0.2,0.3,0.99,0.0,0.57,0.76,1.24,4.87,32,1,53.0,0.0,0.0,0.0,1.0,0.0,0.0,0.0,0.0,0.0,0.0,1.0,0.0,4.0,3322.0,7701.0,0.0,0.0,0.06999999999999984,0.07000000000000028,0.6999999999999993,3.4000000000000057,5.899999999999977,4.0,1.2999999999999972,2.0,0.0,0.0,2.0
19,Gabriel,Martinelli Silva,Martinelli,a,,,6.8,45,29.0,0.9,206,73.0,1.0,279.0,133.0,1,0,0.0,-2,2.0,784,2555,0.1,7.1,1.5,2.0,1.8,385.0,163.0,100.0,100.0,309.0,137.0,217.0,139.0,79.0,46.0,213.0,105.0,,,,,,,,0.36,0.1,0.46,0.83,0.0,0.2,0.61,1.01,6.56,32,1,53.0,0.0,0.0,0.0,1.0,0.0,0.0,0.0,0.0,0.0,0.0,1.0,0.0,3.0,2623.0,3135.0,0.0,0.0,0.010000000000000009,0.009999999999999787,0.6999999999999993,1.200000000000017,10.799999999999983,2.0,1.4000000000000057,0.0,0.0,1.0,1.0
20,Leandro,Trossard,Trossard,a,,,6.5,48,30.0,0.8,218,78.0,1.0,275.0,129.0,1,0,0.0,-5,5.0,965,4696,0.2,15.4,1.5,2.0,3.7,103.0,46.0,100.0,100.0,135.0,47.0,45.0,39.0,46.0,28.0,49.0,33.0,,,4.0,,,,,0.26,0.14,0.4,0.64,0.0,0.42,0.79,0.95,6.15,32,1,36.0,0.0,0.0,0.0,1.0,0.0,0.0,0.0,0.0,0.0,0.0,0.0,0.0,4.0,3239.0,5971.0,0.0,0.0,0.009999999999999787,0.009999999999999787,0.4900000000000002,8.0,14.0,6.0,2.8000000000000114,0.0,2.0,0.0,2.0
23,Fábio,Ferreira Vieira,Fábio Vieira,u,has joined Hamburger on loan for the rest of the season.,,5.4,168,106.0,0.0,690,279.0,0.0,777.0,338.0,0,0,0.0,-1,1.0,0,2,0.0,0.0,0.0,0.0,0.0,808.0,358.0,0.0,0.0,807.0,357.0,806.0,357.0,804.0,356.0,807.0,357.0,,,,,,,,0.0,0.0,0.0,0.0,0.0,0.0,0.0,0.0,0.0,32,0,0.0,0.0,0.0,0.0,0.0,0.0,0.0,0.0,0.0,0.0,0.0,0.0,0.0,0.0,0.0,2.0,0.0,0.0,0.0,0.0,0.0,0.0,0.0,0.0,0.0,0.0,0.0,0.0,0.0
25,Ethan,Nwaneri,Nwaneri,u,has joined Marseille on loan for the rest of the season.,,5.0,270,164.0,0.1,458,156.0,0.0,741.0,314.0,0,0,0.0,-5,5.0,0,28,0.0,1.6,0.0,0.0,1.3,435.0,194.0,0.0,0.0,469.0,210.0,393.0,198.0,380.0,191.0,450.0,202.0,,,,,,,,0.13,0.04,0.17,0.4,0.0,0.55,0.0,0.0,7.09,32,0,0.0,0.0,0.0,0.0,0.0,0.0,0.0,0.0,0.0,0.0,0.0,0.0,0.0,0.0,0.0,37.0,0.0,0.0,0.0,0.0,0.0,0.0,0.0,0.0,0.0,0.0,0.0,0.0,0.0
26,Martín,Zubimendi Ibáñez,Zubimendi,a,,,5.0,264,160.0,3.1,109,36.0,2.0,154.0,64.0,2,-1,1.0,-5,5.0,2835,39049,0.4,23.8,2.5,3.0,3.7,99.0,42.0,100.0,100.0,65.0,17.0,86.0,63.0,103.0,63.0,79.0,49.0,,,,,,,,0.09,0.07,0.16,0.75,0.0,0.51,0.74,1.04,8.99,32,2,75.0,0.0,0.0,0.0,2.0,0.0,0.0,0.0,0.0,0.0,0.0,1.0,0.0,14.0,7721.0,51633.0,0.0,0.0,0.010000000000000231,0.009999999999999787,1.1799999999999997,10.600000000000023,4.900000000000034,4.0,2.0,3.0,4.0,3.0,10.0
28,Ismeal,Kabia,Kabia,u,has joined Shrewsbury Town on loan for the rest of the season.,,4.5,487,299.0,0.1,494,175.0,0.0,648.0,248.0,0,0,0.0,0,0.0,0,7,0.0,0.0,0.0,0.0,0.0,740.0,308.0,0.0,0.0,738.0,306.0,731.0,306.0,718.0,302.0,738.0,306.0,,,,,,,,0.0,0.0,0.0,0.0,0.0,0.0,0.0,0.0,0.0,32,0,0.0,0.0,0.0,0.0,0.0,0.0,0.0,0.0,0.0,0.0,0.0,0.0,0.0,0.0,0.0,8.0,0.0,0.0,0.0,0.0,0.0,0.0,0.0,0.0,0.0,0.0,0.0,0.0,0.0
30,Kai,Havertz,Havertz,a,,,7.3,26,10.0,0.5,275,41.0,1.0,283.0,38.0,1,0,0.0,-2,2.0,1037,2998,0.1,1.8,1.5,2.0,1.9,364.0,42.0,100.0,100.0,429.0,50.0,354.0,43.0,315.0,52.0,400.0,50.0,,,,,,,,0.36,0.03,0.39,0.89,0.0,0.86,0.29,1.15,6.02,32,1,53.0,0.0,0.0,0.0,1.0,0.0,0.0,0.0,0.0,0.0,0.0,1.0,0.0,-5.0,3767.0,3719.0,0.0,0.96,0.010000000000000009,0.9700000000000001,0.6999999999999997,1.0,1.2999999999999972,14.0,1.5999999999999996,2.0,2.0,3.0,7.0
31,Gabriel,Fernando de Jesus,G.Jesus,a,,,6.4,55,20.0,0.3,310,48.0,1.0,273.0,36.0,1,0,0.0,-1,1.0,295,1458,0.2,2.8,1.5,2.0,1.5,417.0,50.0,100.0,100.0,365.0,37.0,374.0,49.0,125.0,30.0,319.0,37.0,,,,,,,,0.52,0.07,0.59,1.01,0.0,0.0,1.7,0.57,7.36,32,1,14.0,0.0,0.0,0.0,0.0,0.0,0.0,0.0,0.0,0.0,0.0,0.0,0.0,5.0,440.0,2024.0,0.0,0.08000000000000007,0.04000000000000001,0.1200000000000001,0.009999999999999787,6.400000000000006,11.5,21.0,3.8999999999999986,0.0,0.0,0.0,0.0
266,Eberechi,Eze,Eze,a,,,7.2,32,19.0,7.7,49,17.0,1.0,281.0,135.0,1,0,0.0,-3,3.0,4386,13682,0.1,13.2,1.5,2.0,3.5,132.0,59.0,100.0,100.0,183.0,71.0,141.0,95.0,65.0,38.0,108.0,60.0,,,,,,,,0.23,0.14,0.37,0.63,0.0,0.47,0.65,1.0,5.94,32,1,36.0,0.0,0.0,0.0,1.0,0.0,0.0,0.0,0.0,0.0,0.0,0.0,0.0,8.0,7752.0,21206.0,0.0,0.0,0.08000000000000007,0.08000000000000007,0.48999999999999844,6.800000000000011,12.399999999999977,0.0,1.9000000000000057,1.0,0.0,4.0,5.0
666,Viktor,Gyökeres,Gyökeres,a,,,8.8,8,4.0,11.5,31,6.0,5.0,57.0,11.0,5,0,0.0,-2,2.0,31559,60442,0.6,12.0,5.5,6.0,3.5,133.0,13.0,100.0,100.0,121.0,11.0,168.0,14.0,23.0,14.0,54.0,13.0,,,2.0,,,,,0.47,0.08,0.55,0.68,0.0,0.46,0.59,1.09,3.32,32,5,90.0,1.0,0.0,0.0,2.0,0.0,0.0,0.0,1.0,0.0,0.0,1.0,0.0,6.0,59331.0,70207.0,0.0,1.0199999999999996,0.010000000000000009,1.0299999999999994,1.1899999999999995,26.19999999999999,3.0999999999999943,36.0,6.5,0.0,0.0,0.0,0.0
700,Max,Dowman,Dowman,a,,,4.2,649,371.0,0.7,221,80.0,1.0,214.0,98.0,1,0,0.0,-3,3.0,9761,4950,0.2,2.9,1.5,2.0,3.0,192.0,80.0,100.0,100.0,424.0,185.0,369.0,189.0,325.0,172.0,405.0,184.0,,,,,,,,1.26,0.16,1.42,0.76,0.0,0.0,1.14,0.0,7.97,32,1,36.0,0.0,0.0,0.0,1.0,0.0,0.0,0.0,0.0,0.0,0.0,0.0,0.0,4.0,17530.0,6533.0,0.0,0.0,0.1,0.10000000000000009,0.49000000000000005,3.0,15.099999999999998,10.0,2.799999999999999,0.0,0.0,0.0,0.0
32,Emiliano,Martínez Romero,Martinez,a,,,5.1,220,6.0,4.4,84,15.0,3.0,117.0,10.0,0,0,0.0,1,-1.0,9553,42129,0.6,20.6,3.0,3.0,3.9,70.0,8.0,100.0,100.0,47.0,11.0,415.0,5.0,795.0,90.0,228.0,11.0,,,,,,,,0.0,0.0,0.0,1.35,2.87,0.26,1.09,1.02,0.0,32,0,0.0,0.0,0.0,0.0,0.0,0.0,0.0,0.0,0.0,0.0,0.0,0.0,0.0,0.0,18180.0,53366.0,0.0,0.0,0.0,0.0,0.0,0.0,0.0,0.0,0.0,0.0,0.0,0.0,0.0
34,Joe,Gauci,Gauci,u,Has joined Port Vale on loan for the rest of the season.,,4.0,687,52.0,0.1,507,75.0,0.0,429.0,65.0,0,0,0.0,0,0.0,0,45,0.0,0.0,0.0,0.0,0.0,597.0,74.0,0.0,0.0,587.0,74.0,578.0,61.0,547.0,48.0,589.0,74.0,,,,,,,,0.0,0.0,0.0,0.0,0.0,0.0,0.0,0.0,0.0,32,0,0.0,0.0,0.0,0.0,0.0,0.0,0.0,0.0,0.0,0.0,0.0,0.0,0.0,0.0,0.0,61.0,0.0,0.0,0.0,0.0,0.0,0.0,0.0,0.0,0.0,0.0,0.0,0.0,0.0
36,Matty,Cash,Cash,a,,,4.7,382,64.0,7.9,46,15.0,3.5,102.0,39.0,1,0,0.0,2,-2.0,14314,38250,0.7,22.8,3.5,3.5,3.7,92.0,34.0,100.0,100.0,64.0,31.0,57.0,9.0,140.0,27.0,73.0,14.0,3.0,,,,,,,0.04,0.1,0.14,1.36,0.0,0.28,1.0,1.03,5.62,32,1,90.0,0.0,0.0,0.0,1.0,0.0,0.0,0.0,1.0,0.0,0.0,1.0,0.0,5.0,23935.0,65107.0,0.0,0.030000000000000027,0.020000000000000018,0.04999999999999982,1.1500000000000057,11.600000000000023,4.2999999999999545,13.0,2.8999999999999915,0.0,4.0,2.0,4.0
37,Lucas,Digne,Digne,a,,,4.5,411,75.0,1.6,159,62.0,4.5,60.0,19.0,2,0,0.0,0,0.0,4050,3767,1.0,19.3,4.5,4.5,3.2,166.0,65.0,100.0,100.0,184.0,76.0,65.0,12.0,233.0,60.0,141.0,44.0,2.0,2.0,,,,,,0.03,0.15,0.18,1.3,0.0,0.39,1.0,1.05,5.59,32,2,77.0,0.0,0.0,0.0,1.0,0.0,0.0,0.0,0.0,0.0,0.0,1.0,0.0,16.0,6318.0,5329.0,0.0,0.0,0.06999999999999984,0.07000000000000028,1.1499999999999986,22.80000000000001,30.80000000000001,4.0,5.799999999999997,4.0,4.0,3.0,8.0
38,Ezri,Konsa Ngoyo,Konsa,a,,,4.4,527,105.0,7.6,50,16.0,3.0,115.0,46.0,0,0,0.0,-1,1.0,5338,28864,0.7,21.6,3.0,3.0,3.2,164.0,64.0,100.0,100.0,69.0,33.0,275.0,83.0,238.0,63.0,168.0,56.0,,,,,,,,0.04,0.02,0.06,1.44,0.0,0.3,1.21,1.01,5.96,32,0,0.0,0.0,0.0,0.0,0.0,0.0,0.0,0.0,0.0,0.0,0.0,0.0,0.0,0.0,10820.0,44055.0,0.0,0.0,0.0,0.0,0.0,0.0,0.0,0.0,0.0,0.0,0.0,0.0,0.0
39,Ian,Maatsen,Maatsen,a,,,4.2,635,145.0,0.6,254,95.0,0.5,294.0,95.0,1,0,0.0,-3,3.0,290,2343,0.1,9.8,0.5,0.5,1.6,398.0,147.0,,,233.0,93.0,115.0,28.0,144.0,30.0,169.0,57.0,,,,,,,,0.09,0.13,0.22,1.58,0.0,0.14,1.43,0.93,7.2,32,1,12.0,0.0,0.0,0.0,0.0,0.0,0.0,0.0,0.0,0.0,0.0,0.0,0.0,6.0,404.0,3465.0,0.0,0.1499999999999999,0.0,0.1499999999999999,0.0,3.3999999999999773,0.30000000000001137,19.0,2.3000000000000114,0.0,0.0,0.0,0.0
41,Pau,Torres,Pau,a,,,4.3,584,131.0,0.3,322,116.0,4.0,75.0,25.0,2,0,0.0,-2,2.0,752,448,0.9,13.5,4.0,4.0,3.2,163.0,63.0,100.0,100.0,218.0,87.0,363.0,130.0,329.0,105.0,314.0,106.0,,,,,,,,0.04,0.02,0.06,1.22,0.0,0.3,0.98,0.98,6.16,32,2,90.0,0.0,0.0,0.0,1.0,0.0,0.0,0.0,0.0,0.0,0.0,1.0,0.0,8.0,1088.0,669.0,0.0,0.0,0.010000000000000009,0.010000000000000009,1.1499999999999986,14.399999999999977,1.3999999999999986,0.0,1.6000000000000014,1.0,1.0,4.0,2.0
42,Andrés,García,A.García,a,,,3.9,786,232.0,0.2,374,136.0,0.5,290.0,92.0,1,0,0.0,-1,1.0,180,262,0.1,1.0,0.5,0.5,0.8,513.0,177.0,100.0,100.0,488.0,174.0,456.0,165.0,522.0,204.0,494.0,173.0,,,,,,,,0.0,0.02,0.02,3.67,0.0,0.0,4.74,0.0,2.37,32,1,1.0,0.0,0.0,0.0,0.0,0.0,0.0,0.0,0.0,0.0,0.0,0.0,0.0,3.0,251.0,348.0,0.0,0.0,0.0,0.0,0.0,0.20000000000000018,0.30000000000000027,0.0,0.09999999999999998,0.0,0.0,0.0,0.0
44,Lamare,Bogarde,Bogarde,a,,,4.0,706,183.0,0.5,257,98.0,0.0,446.0,164.0,0,0,0.0,0,0.0,564,1222,0.0,8.5,0.0,0.0,1.4,420.0,152.0,100.0,100.0,364.0,139.0,343.0,120.0,398.0,144.0,393.0,140.0,,,,,,,,0.0,0.02,0.02,1.35,0.0,0.23,1.47,0.9,5.42,32,0,0.0,0.0,0.0,0.0,0.0,0.0,0.0,0.0,0.0,0.0,0.0,0.0,0.0,0.0,853.0,1634.0,0.0,0.0,0.0,0.0,0.0,0.0,0.0,0.0,0.0,0.0,0.0,0.0,0.0
45,Lino,da Cruz Sousa,Sousa,u,has joined Rotherham on loan for the rest of the season.,,3.8,804,247.0,0.3,350,128.0,0.0,356.0,121.0,0,0,0.0,-2,2.0,0,273,0.0,0.0,0.0,0.0,0.0,535.0,193.0,0.0,0.0,525.0,192.0,509.0,191.0,476.0,185.0,527.0,192.0,,,,,,,,0.0,0.0,0.0,0.0,0.0,0.0,0.0,0.0,0.0,32,0,0.0,0.0,0.0,0.0,0.0,0.0,0.0,0.0,0.0,0.0,0.0,0.0,0.0,0.0,0.0,367.0,0.0,0.0,0.0,0.0,0.0,0.0,0.0,0.0,0.0,0.0,0.0,0.0,0.0
46,Yasin,Özcan,Yasin,u,has joined Anderlecht on loan for the rest of the season.,,4.0,722,195.0,0.1,468,173.0,0.0,462.0,176.0,0,0,0.0,0,0.0,0,21,0.0,0.0,0.0,0.0,0.0,624.0,235.0,0.0,0.0,615.0,235.0,607.0,235.0,577.0,232.0,617.0,235.0,,,,,,,,0.0,0.0,0.0,0.0,0.0,0.0,0.0,0.0,0.0,32,0,0.0,0.0,0.0,0.0,0.0,0.0,0.0,0.0,0.0,0.0,0.0,0.0,0.0,0.0,0.0,35.0,0.0,0.0,0.0,0.0,0.0,0.0,0.0,0.0,0.0,0.0,0.0,0.0,0.0
47,Morgan,Rogers,Rogers,a,,,7.4,24,16.0,21.4,16,5.0,5.5,42.0,19.0,5,0,0.0,4,-4.0,65005,125719,0.7,19.3,5.5,5.5,4.5,35.0,14.0,100.0,100.0,44.0,11.0,21.0,20.0,7.0,2.0,8.0,6.0,,1.0,,,,,,0.19,0.11,0.3,1.41,0.0,0.29,1.21,1.02,6.33,32,5,77.0,0.0,1.0,0.0,1.0,0.0,0.0,0.0,0.0,0.0,0.0,1.0,0.0,14.0,88839.0,250445.0,0.0,0.17999999999999972,0.029999999999999805,0.21000000000000085,1.1499999999999986,6.0,18.299999999999955,12.0,3.5999999999999943,2.0,2.0,7.0,11.0
48,Youri,Tielemans,Tielemans,a,,,5.9,90,58.0,0.6,238,86.0,1.5,202.0,91.0,2,0,0.0,-1,1.0,1250,388,0.3,9.3,1.5,1.5,2.9,210.0,86.0,100.0,100.0,180.0,69.0,51.0,43.0,200.0,110.0,114.0,65.0,5.0,,,,,,,0.06,0.17,0.23,1.57,0.0,0.26,1.15,1.02,9.91,32,2,90.0,0.0,0.0,0.0,1.0,0.0,0.0,0.0,0.0,0.0,0.0,1.0,0.0,20.0,2077.0,501.0,0.0,0.020000000000000018,0.17000000000000037,0.18999999999999995,1.1500000000000021,24.19999999999999,30.80000000000001,5.0,6.0,3.0,4.0,3.0,10.0
49,Leon,Bailey,Bailey,a,,,5.5,139,86.0,0.1,472,164.0,0.5,327.0,159.0,0,0,0.0,0,0.0,181,355,0.1,2.4,0.5,0.5,1.4,428.0,189.0,100.0,100.0,412.0,180.0,250.0,155.0,324.0,171.0,366.0,174.0,4.0,,,,,,,0.08,0.33,0.41,1.45,0.0,0.0,2.16,0.54,8.89,32,0,0.0,0.0,0.0,0.0,0.0,0.0,0.0,0.0,0.0,0.0,0.0,0.0,0.0,0.0,275.0,449.0,0.0,0.0,0.0,0.0,0.0,0.0,0.0,0.0,0.0,0.0,0.0,0.0,0.0
50,Emiliano,Buendía Stati,Buendía,a,,,5.3,185,116.0,0.4,296,103.0,1.0,251.0,115.0,1,0,0.0,-2,2.0,472,2919,0.2,15.8,1.0,1.0,2.8,225.0,90.0,100.0,100.0,182.0,70.0,92.0,68.0,85.0,51.0,105.0,59.0,,6.0,2.0,,,,,0.18,0.12,0.3,1.41,0.0,0.18,1.17,1.11,9.83,32,1,12.0,0.0,0.0,0.0,0.0,0.0,0.0,0.0,0.0,0.0,0.0,0.0,0.0,7.0,794.0,4388.0,0.0,0.0,0.05999999999999983,0.0600000000000005,0.0,3.3999999999999773,20.799999999999955,0.0,2.3999999999999915,0.0,0.0,1.0,1.0
51,Samuel,Iling-Junior,Iling Jr,u,has joined Pisa on loan for the rest of the season.,,5.5,147,93.0,0.0,694,281.0,0.0,789.0,347.0,0,0,0.0,0,0.0,0,4,0.0,0.0,0.0,0.0,0.0,814.0,363.0,0.0,0.0,813.0,362.0,812.0,362.0,810.0,361.0,813.0,362.0,,,,,,,,0.0,0.0,0.0,0.0,0.0,0.0,0.0,0.0,0.0,32,0,0.0,0.0,0.0,0.0,0.0,0.0,0.0,0.0,0.0,0.0,0.0,0.0,0.0,0.0,0.0,4.0,0.0,0.0,0.0,0.0,0.0,0.0,0.0,0.0,0.0,0.0,0.0,0.0,0.0
53,Donyell,Malen,Malen,u,has joined Roma on loan for the rest of the season.,,5.1,225,137.0,0.4,288,100.0,0.0,751.0,322.0,0,0,0.0,-4,4.0,0,196,0.0,10.8,0.0,0.0,2.6,255.0,104.0,0.0,0.0,292.0,127.0,277.0,166.0,97.0,59.0,248.0,122.0,,,,,,,,0.57,0.05,0.62,1.49,0.0,0.14,1.41,0.7,2.25,32,0,0.0,0.0,0.0,0.0,0.0,0.0,0.0,0.0,0.0,0.0,0.0,0.0,0.0,0.0,0.0,260.0,0.0,0.0,0.0,0.0,0.0,0.0,0.0,0.0,0.0,0.0,0.0,0.0,0.0
54,John,McGinn,McGinn,a,,,5.3,183,114.0,0.6,247,89.0,5.5,39.0,16.0,1,0,0.0,-2,2.0,3437,2181,1.0,15.8,5.5,5.5,3.4,147.0,61.0,100.0,100.0,172.0,65.0,54.0,45.0,123.0,73.0,95.0,55.0,,,,,,,,0.14,0.12,0.26,1.44,0.0,0.4,1.15,1.2,6.67,32,1,90.0,0.0,0.0,0.0,1.0,0.0,0.0,0.0,1.0,0.0,0.0,1.0,0.0,16.0,8108.0,2743.0,0.0,0.10000000000000009,0.06999999999999984,0.16999999999999993,1.1499999999999986,9.399999999999977,14.800000000000011,20.0,4.3999999999999915,0.0,1.0,4.0,5.0
55,Ross,Barkley,Barkley,a,,,4.8,348,218.0,0.1,495,176.0,2.5,132.0,53.0,2,0,0.0,-2,2.0,1144,980,0.5,7.7,2.5,2.5,2.5,268.0,110.0,100.0,100.0,321.0,146.0,263.0,161.0,246.0,135.0,315.0,155.0,,,,,,,,0.14,0.21,0.35,1.48,0.0,0.19,1.35,0.58,10.04,32,2,76.0,0.0,0.0,0.0,1.0,0.0,0.0,0.0,0.0,0.0,0.0,1.0,0.0,13.0,3640.0,1342.0,0.0,0.020000000000000018,0.030000000000000027,0.050000000000000044,1.1499999999999995,9.200000000000017,4.5,17.0,3.1000000000000014,1.0,1.0,4.0,6.0
56,Enzo,Barrenechea,Barrenechea,u,Season-long loan to Benfica,,5.0,267,162.0,0.0,826,371.0,0.0,740.0,313.0,0,0,0.0,0,0.0,0,0,0.0,0.0,0.0,0.0,0.0,796.0,350.0,0.0,0.0,795.0,349.0,793.0,349.0,788.0,347.0,795.0,349.0,,,,,,,,0.0,0.0,0.0,0.0,0.0,0.0,0.0,0.0,0.0,32,0,0.0,0.0,0.0,0.0,0.0,0.0,0.0,0.0,0.0,0.0,0.0,0.0,0.0,0.0,0.0,0.0,0.0,0.0,0.0,0.0,0.0,0.0,0.0,0.0,0.0,0.0,0.0,0.0,0.0
65,Zépiqueno,Redmond,Redmond,u,has joined Huddersfield Town on loan for the rest of the season.,,4.5,484,68.0,0.3,333,53.0,0.0,645.0,66.0,0,0,0.0,0,0.0,0,47,0.0,0.0,0.0,0.0,0.0,738.0,78.0,0.0,0.0,735.0,78.0,729.0,77.0,716.0,77.0,736.0,78.0,,,,,,,,0.0,0.0,0.0,0.0,0.0,0.0,0.0,0.0,0.0,32,0,0.0,0.0,0.0,0.0,0.0,0.0,0.0,0.0,0.0,0.0,0.0,0.0,0.0,0.0,0.0,57.0,0.0,0.0,0.0,0.0,0.0,0.0,0.0,0.0,0.0,0.0,0.0,0.0,0.0
389,Harvey,Elliott,Elliott,a,,,5.1,233,141.0,0.2,398,136.0,0.0,753.0,324.0,0,0,0.0,-4,4.0,90,98,0.0,1.0,0.0,0.0,1.0,502.0,232.0,100.0,100.0,461.0,205.0,383.0,193.0,367.0,188.0,436.0,196.0,,,,,,,,0.24,0.07,0.31,1.42,0.0,0.0,1.64,0.82,4.91,32,0,0.0,0.0,0.0,0.0,0.0,0.0,0.0,0.0,0.0,0.0,0.0,0.0,0.0,0.0,114.0,123.0,0.0,0.0,0.0,0.0,0.0,0.0,0.0,0.0,0.0,0.0,0.0,0.0,0.0
456,Jadon,Sancho,Sancho,a,,,5.8,104,69.0,0.2,367,127.0,3.0,120.0,47.0,0,0,0.0,-2,2.0,100,652,0.5,5.5,3.0,1.5,1.7,396.0,169.0,100.0,50.0,347.0,158.0,127.0,87.0,160.0,90.0,234.0,115.0,6.0,,,,,,,0.07,0.22,0.29,1.35,0.0,0.24,0.6,0.96,4.55,32,0,0.0,0.0,0.0,0.0,0.0,0.0,0.0,0.0,0.0,0.0,0.0,0.0,0.0,0.0,106.0,935.0,0.0,0.0,0.0,0.0,0.0,0.0,0.0,0.0,0.0,0.0,0.0,0.0,0.0
688,James,Wright,Wright,a,,,3.9,769,83.0,0.6,249,33.0,0.0,389.0,44.0,0,0,0.0,-1,1.0,90,447,0.0,0.0,0.0,0.0,0.0,562.0,55.0,,,552.0,55.0,539.0,38.0,507.0,25.0,554.0,55.0,,,,,,,,0.0,0.0,0.0,0.0,0.0,0.0,0.0,0.0,0.0,32,0,0.0,0.0,0.0,0.0,0.0,0.0,0.0,0.0,0.0,0.0,0.0,0.0,0.0,0.0,123.0,577.0,0.0,0.0,0.0,0.0,0.0,0.0,0.0,0.0,0.0,0.0,0.0,0.0,0.0
132,Paris,Maghoma,Maghoma,u,has joined Norwich City permanently.,,4.5,424,253.0,0.0,685,276.0,0.0,592.0,205.0,0,0,0.0,0,0.0,0,21,0.0,0.0,0.0,0.0,0.0,699.0,273.0,0.0,0.0,693.0,267.0,688.0,270.0,669.0,262.0,695.0,269.0,,,,,,,,0.0,0.0,0.0,0.0,0.0,0.0,0.0,0.0,0.0,32,0,0.0,0.0,0.0,0.0,0.0,0.0,0.0,0.0,0.0,0.0,0.0,0.0,0.0,0.0,0.0,31.0,0.0,0.0,0.0,0.0,0.0,0.0,0.0,0.0,0.0,0.0,0.0,0.0,0.0
699,Douglas Luiz,Soares de Paulo,Douglas Luiz,a,,,4.9,313,194.0,0.1,506,183.0,1.0,233.0,106.0,1,0,0.0,-1,1.0,125,800,0.2,6.3,1.0,1.0,1.8,379.0,160.0,100.0,100.0,301.0,132.0,130.0,89.0,280.0,151.0,256.0,127.0,1.0,,,,,,,0.06,0.15,0.21,1.26,0.0,0.11,1.44,1.22,10.17,32,1,13.0,0.0,0.0,0.0,0.0,0.0,0.0,0.0,0.0,0.0,0.0,0.0,0.0,4.0,205.0,1249.0,0.0,0.0,0.0,0.0,0.0,3.0,1.5,0.0,0.5,0.0,1.0,1.0,2.0
701,Triston,Rowe,Rowe,u,has joined Annecy on loan for the rest of the season.,,4.0,719,192.0,0.1,542,193.0,0.0,459.0,173.0,0,0,0.0,0,0.0,0,14,0.0,0.0,0.0,0.0,0.0,621.0,232.0,0.0,0.0,612.0,232.0,604.0,232.0,574.0,229.0,614.0,232.0,,,,,,,,0.0,0.0,0.0,0.0,0.0,0.0,0.0,0.0,0.0,32,0,0.0,0.0,0.0,0.0,0.0,0.0,0.0,0.0,0.0,0.0,0.0,0.0,0.0,0.0,0.0,15.0,0.0,0.0,0.0,0.0,0.0,0.0,0.0,0.0,0.0,0.0,0.0,0.0,0.0
702,Bradley,Burrowes,Burrowes,a,,,4.3,621,369.0,0.1,529,193.0,0.0,542.0,183.0,0,-1,1.0,-2,2.0,678,122,0.0,0.2,0.0,0.0,1.0,471.0,206.0,,,659.0,248.0,484.0,236.0,632.0,242.0,661.0,250.0,,,,,,,,0.0,0.0,0.0,5.06,0.0,0.0,5.62,0.0,5.62,32,0,0.0,0.0,0.0,0.0,0.0,0.0,0.0,0.0,0.0,0.0,0.0,0.0,0.0,0.0,690.0,140.0,0.0,0.0,0.0,0.0,0.0,0.0,0.0,0.0,0.0,0.0,0.0,0.0,0.0
754,George,Hemmings,George Hemmings,a,,,4.5,485,297.0,0.0,752,319.0,0.0,646.0,246.0,0,0,0.0,0,0.0,28,22,0.0,0.4,0.0,0.0,1.0,486.0,219.0,,,736.0,304.0,464.0,224.0,451.0,221.0,503.0,231.0,,,,,,,,0.14,0.04,0.18,2.2,0.0,0.0,0.0,0.0,3.6,32,0,0.0,0.0,0.0,0.0,0.0,0.0,0.0,0.0,0.0,0.0,0.0,0.0,0.0,0.0,38.0,31.0,0.0,0.0,0.0,0.0,0.0,0.0,0.0,0.0,0.0,0.0,0.0,0.0,0.0
808,Tammy,Abraham,Abraham,a,,,5.8,103,29.0,0.2,392,59.0,1.0,266.0,34.0,1,-1,1.0,-2,2.0,281,3805,0.2,2.8,1.0,1.0,1.8,384.0,45.0,,,415.0,48.0,356.0,44.0,263.0,46.0,386.0,48.0,,,,,,,,0.57,0.16,0.73,1.17,0.0,0.0,1.81,0.45,4.07,32,1,3.0,0.0,0.0,0.0,0.0,0.0,0.0,0.0,0.0,0.0,0.0,0.0,0.0,3.0,411.0,5690.0,0.0,0.0,0.0,0.0,0.0,0.0,0.0,0.0,0.0,0.0,0.0,0.0,0.0
185,Václav,Hladký,Hladký,a,,,3.9,742,66.0,0.2,411,59.0,0.0,368.0,28.0,0,0,0.0,-1,1.0,53,355,0.0,0.0,-1.5,-0.5,0.0,544.0,40.0,,,534.0,40.0,519.0,21.0,487.0,8.0,536.0,40.0,,,,,,,,0.0,0.0,0.0,0.0,0.0,0.0,0.0,0.0,0.0,32,0,0.0,0.0,0.0,0.0,0.0,0.0,0.0,0.0,0.0,0.0,0.0,0.0,0.0,0.0,103.0,507.0,0.0,0.0,0.0,0.0,0.0,0.0,0.0,0.0,0.0,0.0,0.0,0.0,0.0
186,Connor,Roberts,Roberts,i,Achilles injury - Unknown return date,,4.3,579,127.0,0.0,656,233.0,0.0,508.0,211.0,0,0,0.0,-2,2.0,10,29,0.0,0.0,0.0,0.0,0.0,652.0,253.0,0.0,0.0,643.0,253.0,638.0,253.0,612.0,252.0,645.0,253.0,,,,,,,,0.0,0.0,0.0,0.0,0.0,0.0,0.0,0.0,0.0,32,0,0.0,0.0,0.0,0.0,0.0,0.0,0.0,0.0,0.0,0.0,0.0,0.0,0.0,0.0,26.0,55.0,0.0,0.0,0.0,0.0,0.0,0.0,0.0,0.0,0.0,0.0,0.0,0.0,0.0
188,Hannes,Delcroix,Delcroix,u,has joined Lugano permanently.,,3.8,795,239.0,0.2,379,138.0,0.0,349.0,115.0,0,0,0.0,-2,2.0,0,306,0.0,0.0,0.0,0.0,0.0,531.0,189.0,0.0,0.0,521.0,188.0,504.0,187.0,471.0,181.0,523.0,188.0,,,,,,,,0.0,0.0,0.0,0.0,0.0,0.0,0.0,0.0,0.0,32,0,0.0,0.0,0.0,0.0,0.0,0.0,0.0,0.0,0.0,0.0,0.0,0.0,0.0,0.0,0.0,450.0,0.0,0.0,0.0,0.0,0.0,0.0,0.0,0.0,0.0,0.0,0.0,0.0,0.0
189,Owen,Dodgson,Dodgson,u,Has joined Stockport County on loan for the rest of the season.,,4.0,685,173.0,0.0,730,254.0,0.0,427.0,155.0,0,0,0.0,0,0.0,0,1,0.0,0.0,0.0,0.0,0.0,595.0,219.0,0.0,0.0,585.0,218.0,576.0,218.0,545.0,214.0,587.0,218.0,,,,,,,,0.0,0.0,0.0,0.0,0.0,0.0,0.0,0.0,0.0,32,0,0.0,0.0,0.0,0.0,0.0,0.0,0.0,0.0,0.0,0.0,0.0,0.0,0.0,0.0,0.0,2.0,0.0,0.0,0.0,0.0,0.0,0.0,0.0,0.0,0.0,0.0,0.0,0.0,0.0
190,Hjalmar,Ekdal,Ekdal,a,,,3.8,801,245.0,0.7,223,85.0,0.5,288.0,90.0,1,0,0.0,-2,2.0,492,1529,0.1,11.8,-0.5,0.0,2.8,213.0,83.0,,,212.0,83.0,361.0,128.0,289.0,85.0,304.0,102.0,,,,,,,,0.01,0.02,0.03,1.75,0.0,0.14,1.84,0.99,9.93,32,1,90.0,0.0,0.0,0.0,2.0,0.0,0.0,0.0,0.0,0.0,0.0,1.0,0.0,15.0,793.0,2421.0,0.0,0.0,0.010000000000000009,0.010000000000000009,1.9299999999999997,22.599999999999966,0.8999999999999986,0.0,2.3999999999999986,1.0,7.0,2.0,8.0
191,Maxime,Estève,Estève,a,,,3.9,768,223.0,7.4,53,17.0,2.5,126.0,49.0,2,0,0.0,-1,1.0,7634,13547,0.6,18.2,3.5,2.0,2.4,279.0,104.0,100.0,100.0,50.0,24.0,293.0,90.0,275.0,79.0,165.0,55.0,,,,,,,,0.02,0.02,0.04,2.09,0.0,0.11,2.13,1.05,9.9,32,2,90.0,0.0,0.0,0.0,2.0,0.0,0.0,0.0,1.0,0.0,0.0,1.0,0.0,6.0,15496.0,37223.0,0.0,0.0,0.0,0.0,1.9299999999999997,20.0,0.9000000000000057,2.0,2.299999999999997,2.0,9.0,9.0,11.0
192,Quilindschy,Hartman,Hartman,a,,,4.0,697,179.0,0.6,242,91.0,1.5,183.0,61.0,2,0,0.0,0,0.0,1182,1323,0.4,13.8,1.5,1.0,3.1,183.0,71.0,,,181.0,75.0,131.0,35.0,300.0,90.0,201.0,68.0,,,,,,,,0.01,0.1,0.11,2.1,0.0,0.17,1.82,1.02,6.89,32,2,81.0,0.0,0.0,0.0,1.0,0.0,0.0,0.0,0.0,0.0,0.0,1.0,0.0,5.0,1993.0,2651.0,0.0,0.0,0.020000000000000018,0.020000000000000018,1.8099999999999952,8.599999999999966,2.599999999999966,0.0,1.1000000000000085,0.0,4.0,5.0,4.0
193,Bashir,Humphreys,Humphreys,a,,,3.9,764,221.0,0.1,432,162.0,1.5,182.0,60.0,2,0,0.0,-1,1.0,251,677,0.4,10.8,1.5,1.0,2.6,246.0,96.0,100.0,100.0,193.0,77.0,253.0,69.0,292.0,86.0,265.0,86.0,,,,,,,,0.03,0.04,0.07,2.0,0.0,0.14,1.91,0.95,8.25,32,2,81.0,0.0,0.0,0.0,1.0,0.0,0.0,0.0,0.0,0.0,0.0,1.0,0.0,14.0,622.0,1091.0,0.0,0.04999999999999999,0.030000000000000027,0.08000000000000007,1.8100000000000023,24.399999999999977,21.5,13.0,5.899999999999999,2.0,5.0,4.0,7.0
194,Jordan,Beyer,Jordan,i,Hamstring injury - Unknown return date,,3.9,760,218.0,0.1,564,202.0,0.0,383.0,134.0,0,0,0.0,-1,1.0,30,73,0.0,0.0,0.0,0.0,0.0,556.0,201.0,0.0,0.0,546.0,200.0,533.0,200.0,501.0,195.0,548.0,200.0,,,,,,,,0.0,0.0,0.0,0.0,0.0,0.0,0.0,0.0,0.0,32,0,0.0,0.0,0.0,0.0,0.0,0.0,0.0,0.0,0.0,0.0,0.0,0.0,0.0,0.0,65.0,101.0,0.0,0.0,0.0,0.0,0.0,0.0,0.0,0.0,0.0,0.0,0.0,0.0,0.0
200,Jaidon,Anthony,Anthony,a,,,5.0,260,157.0,2.1,136,45.0,2.0,153.0,63.0,2,0,0.0,-5,5.0,8681,6287,0.4,21.4,2.5,1.5,3.5,124.0,55.0,100.0,100.0,86.0,28.0,44.0,38.0,32.0,16.0,35.0,26.0,2.0,,,,,,,0.18,0.11,0.29,2.03,0.0,0.16,1.97,1.06,8.23,32,2,90.0,0.0,0.0,0.0,2.0,0.0,0.0,0.0,0.0,0.0,0.0,1.0,0.0,5.0,17134.0,10992.0,0.0,0.3399999999999994,0.03000000000000025,0.3700000000000001,1.9299999999999997,13.600000000000023,14.399999999999977,35.0,6.299999999999983,2.0,0.0,2.0,4.0
201,Manuel,Benson Hedilazio,Benson,u,has joined Maccabi Haifa permanently.,,5.4,159,99.0,0.0,717,296.0,0.0,772.0,335.0,0,0,0.0,-1,1.0,0,2,0.0,0.0,0.0,0.0,0.0,805.0,356.0,0.0,0.0,804.0,355.0,803.0,355.0,801.0,354.0,804.0,355.0,,,,,,,,0.0,0.0,0.0,0.0,0.0,0.0,0.0,0.0,0.0,32,0,0.0,0.0,0.0,0.0,0.0,0.0,0.0,0.0,0.0,0.0,0.0,0.0,0.0,0.0,0.0,2.0,0.0,0.0,0.0,0.0,0.0,0.0,0.0,0.0,0.0,0.0,0.0,0.0,0.0
202,Jacob,Bruun Larsen,Bruun Larsen,a,,,5.2,204,126.0,0.0,616,237.0,0.5,321.0,156.0,1,0,0.0,-3,3.0,177,78,0.1,7.1,-0.5,0.0,1.5,414.0,181.0,100.0,100.0,360.0,161.0,185.0,122.0,226.0,123.0,295.0,146.0,,2.0,3.0,,,,,0.12,0.1,0.22,2.08,0.0,0.27,2.47,0.91,5.67,32,1,23.0,0.0,0.0,0.0,1.0,0.0,0.0,0.0,0.0,0.0,0.0,0.0,0.0,3.0,221.0,107.0,0.0,0.0,0.0,0.0,0.129999999999999,0.3999999999999915,2.4000000000000057,4.0,0.6999999999999957,0.0,0.0,1.0,1.0
205,Josh,Cullen,Cullen,i,Knee injury - Expected back 30 Sep,,4.9,296,183.0,0.8,213,75.0,0.0,702.0,287.0,0,0,0.0,-1,1.0,19,731,0.0,14.3,0.0,0.0,3.9,69.0,31.0,0.0,0.0,187.0,74.0,165.0,111.0,264.0,144.0,209.0,103.0,,,,,,,,0.06,0.08,0.14,1.93,0.0,0.18,1.73,1.07,10.29,32,0,0.0,0.0,0.0,0.0,0.0,0.0,0.0,0.0,0.0,0.0,0.0,0.0,0.0,0.0,44.0,1042.0,0.0,0.0,0.0,0.0,0.0,0.0,0.0,0.0,0.0,0.0,0.0,0.0,0.0
211,Aaron,Ramsey,A.Ramsey,u,has joined Leicester City on loan for the rest of the season.,,4.4,542,324.0,1.4,165,58.0,0.0,557.0,184.0,0,0,0.0,-1,1.0,0,429,0.0,0.0,0.0,0.0,0.0,674.0,258.0,0.0,0.0,665.0,249.0,661.0,253.0,640.0,243.0,667.0,251.0,,,,,,,,0.0,0.0,0.0,0.0,0.0,0.0,0.0,0.0,0.0,32,0,0.0,0.0,0.0,0.0,0.0,0.0,0.0,0.0,0.0,0.0,0.0,0.0,0.0,0.0,0.0,585.0,0.0,0.0,0.0,0.0,0.0,0.0,0.0,0.0,0.0,0.0,0.0,0.0,0.0
212,Oluwaseun,Adewumi,Adewumi,u,Has joined Cercle Brugge on loan for the rest of the season.,,4.5,481,294.0,0.0,770,329.0,0.0,642.0,243.0,0,0,0.0,0,0.0,0,1,0.0,0.0,0.0,0.0,0.0,737.0,306.0,0.0,0.0,734.0,303.0,728.0,304.0,714.0,299.0,735.0,304.0,,,,,,,,0.0,0.0,0.0,0.0,0.0,0.0,0.0,0.0,0.0,32,0,0.0,0.0,0.0,0.0,0.0,0.0,0.0,0.0,0.0,0.0,0.0,0.0,0.0,0.0,0.0,1.0,0.0,0.0,0.0,0.0,0.0,0.0,0.0,0.0,0.0,0.0,0.0,0.0,0.0
213,Jaydon,Banel,Banel,u,has joined Derby County on loan for the rest of the season.,,4.5,466,284.0,0.0,624,241.0,0.0,628.0,233.0,0,0,0.0,0,0.0,0,33,0.0,0.2,0.0,0.0,1.0,480.0,214.0,0.0,0.0,722.0,294.0,478.0,230.0,701.0,289.0,723.0,295.0,,,,,,,,0.0,0.0,0.0,0.5,0.0,0.0,0.0,0.0,0.0,32,0,0.0,0.0,0.0,0.0,0.0,0.0,0.0,0.0,0.0,0.0,0.0,0.0,0.0,0.0,0.0,40.0,0.0,0.0,0.0,0.0,0.0,0.0,0.0,0.0,0.0,0.0,0.0,0.0,0.0
214,Mike,Trésor Ndayishimiye,Trésor,a,,,4.3,586,346.0,0.1,554,204.0,0.5,296.0,138.0,1,0,0.0,-2,2.0,456,118,0.1,1.2,-0.5,0.0,1.0,464.0,201.0,100.0,75.0,473.0,213.0,408.0,204.0,446.0,219.0,468.0,212.0,,,,,,,,0.0,0.0,0.0,1.56,0.0,0.0,5.29,0.0,10.59,32,1,15.0,0.0,0.0,0.0,1.0,0.0,0.0,0.0,0.0,0.0,0.0,0.0,0.0,6.0,550.0,177.0,0.0,0.0,0.0,0.0,0.12999999999999995,6.6000000000000005,14.799999999999999,0.0,2.1,1.0,0.0,1.0,2.0
215,Zian,Flemming,Flemming,a,,,5.3,190,44.0,0.4,285,44.0,4.5,69.0,12.0,2,0,0.0,-2,2.0,3123,3786,0.8,13.8,7.5,4.0,3.2,178.0,17.0,100.0,100.0,177.0,16.0,244.0,27.0,44.0,18.0,127.0,19.0,,5.0,1.0,,,,,0.45,0.02,0.47,1.97,0.0,0.21,1.7,1.06,4.95,32,2,90.0,0.0,0.0,0.0,2.0,0.0,0.0,0.0,0.0,0.0,0.0,1.0,0.0,10.0,6226.0,5623.0,0.0,0.39000000000000057,0.0,0.3899999999999997,1.9299999999999997,5.399999999999977,3.999999999999986,45.0,5.400000000000006,0.0,2.0,1.0,3.0
216,Zeki,Amdouni,Amdouni,d,Lack of match fitness - 50% chance of playing,,4.8,368,63.0,0.0,673,86.0,0.0,694.0,73.0,0,0,0.0,-2,2.0,21,72,0.0,0.0,-0.8,-0.1,0.0,770.0,84.0,50.0,25.0,769.0,84.0,764.0,83.0,759.0,83.0,769.0,84.0,,,,,,,,0.0,0.0,0.0,0.0,0.0,0.0,0.0,0.0,0.0,32,0,0.0,0.0,0.0,0.0,0.0,0.0,0.0,0.0,0.0,0.0,0.0,0.0,0.0,0.0,68.0,104.0,0.0,0.0,0.0,0.0,0.0,0.0,0.0,0.0,0.0,0.0,0.0,0.0,0.0
217,Lyle,Foster,Foster,a,,,4.9,321,60.0,0.8,216,30.0,2.5,134.0,18.0,0,0,0.0,-1,1.0,490,1456,0.5,11.2,3.5,2.0,2.4,288.0,30.0,100.0,100.0,270.0,27.0,228.0,23.0,134.0,31.0,246.0,30.0,,,,,,,,0.21,0.02,0.23,1.8,0.0,0.28,1.88,1.04,5.35,32,0,0.0,0.0,0.0,0.0,0.0,0.0,0.0,0.0,0.0,0.0,0.0,0.0,0.0,0.0,1121.0,2235.0,0.0,0.0,0.0,0.0,0.0,0.0,0.0,0.0,0.0,0.0,0.0,0.0,0.0
218,Ashley,Barnes,Barnes,a,,,4.2,623,88.0,1.3,170,24.0,0.5,293.0,40.0,0,0,0.0,-3,3.0,1096,4871,0.1,1.2,-0.5,0.0,1.0,462.0,56.0,,,509.0,62.0,474.0,60.0,420.0,57.0,486.0,58.0,,,2.0,,,,,0.28,0.0,0.28,5.32,0.0,0.0,7.71,0.0,5.14,32,0,0.0,0.0,0.0,0.0,0.0,0.0,0.0,0.0,0.0,0.0,0.0,0.0,0.0,0.0,1874.0,7467.0,0.0,0.0,0.0,0.0,0.0,0.0,0.0,0.0,0.0,0.0,0.0,0.0,0.0
219,Michael,Obafemi,Obafemi,u,has joined Blackpool on loan for the rest of the season.,,4.4,530,75.0,0.1,475,67.0,0.0,551.0,56.0,0,0,0.0,-1,1.0,0,28,0.0,0.0,0.0,0.0,0.0,671.0,68.0,0.0,0.0,662.0,68.0,658.0,67.0,637.0,67.0,664.0,68.0,,,,,,,,0.0,0.0,0.0,0.0,0.0,0.0,0.0,0.0,0.0,32,0,0.0,0.0,0.0,0.0,0.0,0.0,0.0,0.0,0.0,0.0,0.0,0.0,0.0,0.0,0.0,31.0,0.0,0.0,0.0,0.0,0.0,0.0,0.0,0.0,0.0,0.0,0.0,0.0,0.0
159,Solly,March,March,a,,,5.8,102,68.0,0.0,666,266.0,0.0,796.0,349.0,0,0,0.0,-2,2.0,808,211,0.0,0.2,-0.5,0.5,1.0,507.0,237.0,100.0,100.0,815.0,363.0,815.0,363.0,814.0,363.0,815.0,363.0,,,,,,,,0.0,0.0,0.0,5.62,0.0,0.0,0.0,0.0,0.0,32,0,0.0,0.0,0.0,0.0,0.0,0.0,0.0,0.0,0.0,0.0,0.0,0.0,0.0,0.0,1011.0,263.0,0.0,0.0,0.0,0.0,0.0,0.0,0.0,0.0,0.0,0.0,0.0,0.0,0.0
470,Martin,Dúbravka,Dúbravka,a,,,4.0,663,40.0,28.5,10,2.0,2.0,140.0,12.0,2,0,0.0,0,0.0,8468,70731,0.5,22.5,2.5,1.5,2.8,214.0,24.0,100.0,100.0,6.0,1.0,557.0,49.0,526.0,36.0,139.0,1.0,,,,,,,,0.0,0.0,0.0,2.03,3.56,0.12,1.97,1.0,0.0,32,2,90.0,0.0,0.0,0.0,2.0,0.0,0.0,0.0,0.0,0.0,3.0,1.0,0.0,12.0,17525.0,242256.0,0.0,0.0,0.0,0.0,1.9299999999999997,30.59999999999991,0.0,0.0,3.1000000000000085,0.0,1.0,12.0,0.0
614,James,Ward-Prowse,Ward-Prowse,a,,,5.6,121,76.0,0.2,361,123.0,2.5,138.0,56.0,4,0,0.0,-4,4.0,2303,465,0.4,5.2,3.5,2.0,2.4,292.0,127.0,100.0,100.0,315.0,143.0,96.0,71.0,433.0,210.0,275.0,140.0,1.0,1.0,,,,,,0.01,0.18,0.19,1.84,0.0,0.22,2.09,0.99,8.03,32,4,90.0,0.0,0.0,0.0,2.0,0.0,0.0,0.0,0.0,0.0,0.0,1.0,0.0,21.0,2797.0,674.0,0.0,0.0,0.40000000000000013,0.3999999999999999,1.9299999999999997,25.19999999999999,62.799999999999955,0.0,8.800000000000004,2.0,6.0,7.0,15.0
676,Lesley,Ugochukwu,Ugochukwu,a,,,5.0,273,167.0,0.1,457,155.0,2.0,155.0,65.0,2,0,0.0,0,0.0,459,519,0.4,17.2,2.5,1.5,2.8,222.0,88.0,100.0,100.0,165.0,61.0,223.0,144.0,155.0,88.0,193.0,94.0,,,,,,,,0.1,0.01,0.11,2.11,0.0,0.13,1.99,1.02,8.32,32,2,66.0,0.0,0.0,0.0,1.0,0.0,0.0,0.0,0.0,0.0,0.0,1.0,0.0,5.0,729.0,765.0,0.0,0.04999999999999982,0.0,0.04999999999999982,1.8100000000000023,0.6000000000000227,2.3000000000000114,4.0,0.7000000000000028,0.0,0.0,2.0,2.0
680,Armando,Broja,Broja,a,,,5.2,210,48.0,0.2,418,61.0,0.5,323.0,42.0,1,0,0.0,-3,3.0,141,247,0.1,7.7,-0.5,0.0,1.9,358.0,40.0,100.0,100.0,375.0,39.0,330.0,39.0,145.0,34.0,322.0,38.0,,,,,,,,0.24,0.01,0.25,2.41,0.0,0.11,2.87,0.88,4.64,32,1,8.0,0.0,0.0,0.0,1.0,0.0,0.0,0.0,0.0,0.0,0.0,0.0,0.0,2.0,197.0,393.0,0.0,0.0,0.0,0.0,0.129999999999999,1.0,0.6000000000000014,0.0,0.20000000000000284,0.0,0.0,0.0,0.0
722,Florentino Ibrain,Morris Luís,Florentino,a,,,5.0,250,150.0,0.0,614,236.0,0.5,316.0,152.0,1,0,0.0,0,0.0,43,121,0.1,13.4,-0.5,0.0,2.7,236.0,94.0,,,186.0,73.0,187.0,123.0,339.0,177.0,238.0,117.0,,,,,,,,0.03,0.02,0.05,2.03,0.0,0.1,1.97,1.09,13.15,32,1,81.0,0.0,0.0,0.0,1.0,0.0,0.0,0.0,1.0,0.0,0.0,1.0,0.0,6.0,95.0,201.0,0.0,0.029999999999999916,0.04999999999999999,0.08000000000000007,1.8100000000000023,0.0,17.0,1.0,1.7000000000000028,0.0,2.0,4.0,6.0
776,Oliver,Pimlott,Pimlott,a,,,4.5,511,317.0,0.0,790,345.0,0.0,671.0,265.0,0,0,0.0,0,0.0,20,72,0.0,0.0,-1.5,-0.5,0.0,759.0,322.0,,,758.0,321.0,751.0,321.0,738.0,317.0,758.0,321.0,,,,,,,,0.0,0.0,0.0,0.0,0.0,0.0,0.0,0.0,0.0,32,0,0.0,0.0,0.0,0.0,0.0,0.0,0.0,0.0,0.0,0.0,0.0,0.0,0.0,0.0,61.0,102.0,0.0,0.0,0.0,0.0,0.0,0.0,0.0,0.0,0.0,0.0,0.0,0.0,0.0
784,George,Brierley,Brierley,a,,,4.5,518,323.0,0.0,797,351.0,0.0,677.0,271.0,0,0,0.0,0,0.0,14,18,0.0,0.0,-1.5,-0.5,0.0,764.0,327.0,,,763.0,326.0,756.0,326.0,744.0,323.0,763.0,326.0,,,,,,,,0.0,0.0,0.0,0.0,0.0,0.0,0.0,0.0,0.0,32,0,0.0,0.0,0.0,0.0,0.0,0.0,0.0,0.0,0.0,0.0,0.0,0.0,0.0,0.0,26.0,23.0,0.0,0.0,0.0,0.0,0.0,0.0,0.0,0.0,0.0,0.0,0.0,0.0,0.0
820,Kian,McMahon-Brown,McMahon-Brown,a,,,4.5,510,316.0,0.0,814,361.0,0.0,670.0,264.0,0,0,0.0,0,0.0,18,17,0.0,0.0,-1.5,-0.5,0.0,758.0,321.0,,,757.0,320.0,750.0,320.0,737.0,316.0,757.0,320.0,,,,,,,,0.0,0.0,0.0,0.0,0.0,0.0,0.0,0.0,0.0,32,0,0.0,0.0,0.0,0.0,0.0,0.0,0.0,0.0,0.0,0.0,0.0,0.0,0.0,0.0,38.0,31.0,0.0,0.0,0.0,0.0,0.0,0.0,0.0,0.0,0.0,0.0,0.0,0.0,0.0
66,Norberto,Murara Neto,Neto,u,Has joined Botafogo permanently.,,4.5,409,22.0,0.1,573,78.0,0.0,585.0,88.0,0,0,0.0,0,0.0,0,23,0.0,0.0,0.0,0.0,0.0,693.0,93.0,0.0,0.0,687.0,93.0,682.0,86.0,663.0,76.0,689.0,93.0,,,,,,,,0.0,0.0,0.0,0.0,0.0,0.0,0.0,0.0,0.0,32,0,0.0,0.0,0.0,0.0,0.0,0.0,0.0,0.0,0.0,0.0,0.0,0.0,0.0,0.0,0.0,26.0,0.0,0.0,0.0,0.0,0.0,0.0,0.0,0.0,0.0,0.0,0.0,0.0,0.0
67,Đorđe,Petrović,Petrović,a,,,4.6,401,20.0,6.1,64,11.0,2.0,144.0,13.0,2,0,0.0,1,-1.0,64177,10342,0.4,22.6,4.0,1.0,3.2,168.0,19.0,,,23.0,6.0,757.0,88.0,746.0,80.0,189.0,8.0,,,,,,,,0.0,0.0,0.0,1.52,3.0,0.28,1.53,1.0,0.0,32,2,90.0,0.0,0.0,0.0,1.0,0.0,0.0,0.0,0.0,0.0,2.0,1.0,0.0,10.0,89860.0,31678.0,0.0,0.0,0.0,0.0,2.3200000000000003,14.200000000000045,0.0,0.0,1.4000000000000057,0.0,4.0,5.0,0.0
68,Will,Dennis,Dennis,u,has joined Leyton Orient on loan for the rest of the season.,,4.0,682,50.0,0.7,226,28.0,0.0,424.0,63.0,0,0,0.0,0,0.0,0,778,0.0,0.0,0.0,0.0,0.0,593.0,72.0,0.0,0.0,583.0,72.0,574.0,59.0,543.0,46.0,585.0,72.0,,,,,,,,0.0,0.0,0.0,0.0,0.0,0.0,0.0,0.0,0.0,32,0,0.0,0.0,0.0,0.0,0.0,0.0,0.0,0.0,0.0,0.0,0.0,0.0,0.0,0.0,0.0,1035.0,0.0,0.0,0.0,0.0,0.0,0.0,0.0,0.0,0.0,0.0,0.0,0.0,0.0
70,Alex,Paulsen,Paulsen,u,Has joined Lechia Gdansk on loan for the rest of the season.,,4.0,698,57.0,0.1,576,79.0,0.0,439.0,70.0,0,0,0.0,0,0.0,0,40,0.0,0.0,0.0,0.0,0.0,606.0,79.0,0.0,0.0,596.0,79.0,587.0,66.0,556.0,53.0,598.0,79.0,,,,,,,,0.0,0.0,0.0,0.0,0.0,0.0,0.0,0.0,0.0,32,0,0.0,0.0,0.0,0.0,0.0,0.0,0.0,0.0,0.0,0.0,0.0,0.0,0.0,0.0,0.0,49.0,0.0,0.0,0.0,0.0,0.0,0.0,0.0,0.0,0.0,0.0,0.0,0.0,0.0
71,Illia,Zabarnyi,Zabarnyi,u,Has joined Paris Saint-Germain permanently.,,5.0,263,41.0,0.0,674,236.0,0.0,738.0,254.0,0,0,0.0,0,0.0,0,3,0.0,0.0,0.0,0.0,0.0,794.0,265.0,0.0,0.0,793.0,265.0,791.0,265.0,786.0,265.0,793.0,265.0,,,,,,,,0.0,0.0,0.0,0.0,0.0,0.0,0.0,0.0,0.0,32,0,0.0,0.0,0.0,0.0,0.0,0.0,0.0,0.0,0.0,0.0,0.0,0.0,0.0,0.0,0.0,3.0,0.0,0.0,0.0,0.0,0.0,0.0,0.0,0.0,0.0,0.0,0.0,0.0,0.0
72,Marcos,Senesi Barón,Senesi,a,,,5.2,208,28.0,24.8,11,4.0,2.5,136.0,53.0,4,1,-1.0,7,-7.0,281059,19187,0.5,27.1,5.0,1.5,4.5,30.0,12.0,100.0,100.0,4.0,2.0,107.0,25.0,173.0,38.0,38.0,3.0,,,,,,,,0.05,0.13,0.18,1.53,0.0,0.29,1.57,1.02,11.95,32,4,90.0,0.0,0.0,0.0,1.0,0.0,0.0,0.0,0.0,0.0,0.0,1.0,0.0,11.0,403246.0,67133.0,0.0,0.0,0.020000000000000462,0.019999999999999574,2.3200000000000003,24.800000000000068,1.2999999999999545,0.0,2.6000000000000227,4.0,6.0,5.0,10.0
76,Owen,Bevan,Bevan,a,,,3.8,806,249.0,0.2,391,147.0,0.0,358.0,123.0,0,0,0.0,-2,2.0,109,344,0.0,0.0,0.0,-1.0,0.0,537.0,195.0,,,527.0,194.0,511.0,193.0,478.0,187.0,529.0,194.0,,,,,,,,0.0,0.0,0.0,0.0,0.0,0.0,0.0,0.0,0.0,32,0,0.0,0.0,0.0,0.0,0.0,0.0,0.0,0.0,0.0,0.0,0.0,0.0,0.0,0.0,186.0,438.0,0.0,0.0,0.0,0.0,0.0,0.0,0.0,0.0,0.0,0.0,0.0,0.0,0.0
78,Julián,Araujo Zúñiga,J.Araujo,u,has joined Celtic on loan for the rest of the season.,,3.8,797,241.0,0.5,269,101.0,0.0,350.0,116.0,0,0,0.0,-2,2.0,0,570,0.0,0.0,0.0,0.0,0.0,532.0,190.0,0.0,0.0,522.0,189.0,505.0,188.0,472.0,182.0,524.0,189.0,,,,,,,,0.0,0.0,0.0,0.0,0.0,0.0,0.0,0.0,0.0,32,0,0.0,0.0,0.0,0.0,0.0,0.0,0.0,0.0,0.0,0.0,0.0,0.0,0.0,0.0,0.0,768.0,0.0,0.0,0.0,0.0,0.0,0.0,0.0,0.0,0.0,0.0,0.0,0.0,0.0
79,Chris,Mepham,Mepham,u,has joined West Bromwich Albion permanently.,,4.0,675,168.0,0.1,547,196.0,0.0,417.0,150.0,0,0,0.0,0,0.0,0,17,0.0,0.0,0.0,0.0,0.0,586.0,215.0,0.0,0.0,576.0,214.0,567.0,214.0,536.0,210.0,578.0,214.0,,,,,,,,0.0,0.0,0.0,0.0,0.0,0.0,0.0,0.0,0.0,32,0,0.0,0.0,0.0,0.0,0.0,0.0,0.0,0.0,0.0,0.0,0.0,0.0,0.0,0.0,0.0,22.0,0.0,0.0,0.0,0.0,0.0,0.0,0.0,0.0,0.0,0.0,0.0,0.0,0.0
81,Justin,Kluivert,Kluivert,i,Knee injury - Expected back 09 May,,6.9,39,24.0,0.6,248,90.0,0.0,818.0,364.0,0,0,0.0,-1,1.0,92,268,0.0,5.8,0.0,0.0,2.2,319.0,140.0,0.0,0.0,328.0,147.0,112.0,81.0,231.0,127.0,241.0,118.0,,3.0,1.0,,,,,0.22,0.15,0.37,1.65,0.0,0.39,1.77,0.98,6.11,32,0,0.0,0.0,0.0,0.0,0.0,0.0,0.0,0.0,0.0,0.0,0.0,0.0,0.0,0.0,106.0,341.0,0.0,0.0,0.0,0.0,0.0,0.0,0.0,0.0,0.0,0.0,0.0,0.0,0.0
84,Marcus,Tavernier,Tavernier,a,,,5.4,162,102.0,6.9,59,21.0,2.0,163.0,67.0,2,0,0.0,-1,1.0,149338,8319,0.4,20.6,4.0,1.0,4.0,63.0,28.0,100.0,100.0,81.0,26.0,26.0,25.0,41.0,24.0,29.0,23.0,2.0,2.0,4.0,,,,,0.29,0.13,0.42,1.42,0.0,0.37,1.63,1.02,8.42,32,2,90.0,0.0,0.0,0.0,1.0,0.0,0.0,0.0,0.0,0.0,0.0,1.0,0.0,14.0,328189.0,25063.0,0.0,0.009999999999999787,0.04999999999999982,0.05999999999999872,2.3200000000000003,10.800000000000011,17.800000000000068,3.0,3.200000000000017,3.0,1.0,5.0,9.0
85,Tyler,Adams,Adams,a,,,4.9,299,186.0,0.3,343,119.0,0.5,311.0,148.0,1,0,0.0,-1,1.0,394,194,0.1,12.4,1.0,-0.5,3.2,170.0,70.0,100.0,100.0,204.0,84.0,285.0,167.0,251.0,139.0,266.0,134.0,,,,,,,,0.04,0.02,0.06,1.34,0.0,0.38,1.51,1.13,11.63,32,1,20.0,0.0,0.0,0.0,0.0,0.0,0.0,0.0,0.0,0.0,0.0,0.0,0.0,5.0,468.0,352.0,0.0,0.04999999999999993,0.0,0.04999999999999993,0.41000000000000014,4.400000000000034,0.20000000000000284,5.0,1.0,1.0,1.0,1.0,3.0
86,David,Brooks,Brooks,a,,,5.0,245,147.0,0.2,394,133.0,1.0,237.0,108.0,1,0,0.0,0,0.0,574,305,0.2,9.8,2.0,0.0,1.9,354.0,152.0,100.0,100.0,273.0,112.0,89.0,65.0,55.0,32.0,116.0,66.0,5.0,4.0,,,,,,0.42,0.27,0.69,1.47,0.0,0.34,1.53,1.02,7.21,32,1,20.0,0.0,0.0,0.0,0.0,0.0,0.0,0.0,0.0,0.0,0.0,0.0,0.0,6.0,722.0,424.0,0.0,0.0,0.029999999999999805,0.02999999999999936,0.41000000000000014,4.599999999999994,0.8000000000000114,0.0,0.5,1.0,1.0,3.0,5.0
87,Ryan,Christie,Christie,a,,,4.9,291,180.0,0.2,362,124.0,5.5,36.0,14.0,2,0,0.0,-1,1.0,6577,800,1.1,9.0,11.0,4.5,2.0,342.0,147.0,100.0,100.0,281.0,118.0,215.0,137.0,186.0,103.0,263.0,132.0,6.0,,,,,,,0.19,0.07,0.26,1.96,0.0,0.23,1.5,0.69,11.08,32,2,69.0,0.0,0.0,0.0,1.0,0.0,0.0,0.0,0.0,0.0,0.0,1.0,0.0,11.0,13993.0,2111.0,0.0,0.039999999999999813,0.019999999999999907,0.06000000000000005,1.910000000000002,6.400000000000006,3.299999999999983,3.0,1.2999999999999972,2.0,3.0,1.0,6.0
91,Luis,Sinisterra Lucumí,Sinisterra,u,has joined Cruzeiro on loan for the rest of the season.,,5.0,252,151.0,0.0,745,315.0,0.0,733.0,307.0,0,0,0.0,0,0.0,0,0,0.0,0.0,0.0,0.0,0.0,790.0,345.0,0.0,0.0,789.0,344.0,787.0,344.0,782.0,342.0,789.0,344.0,,,,,,,,0.0,0.0,0.0,0.0,0.0,0.0,0.0,0.0,0.0,32,0,0.0,0.0,0.0,0.0,0.0,0.0,0.0,0.0,0.0,0.0,0.0,0.0,0.0,0.0,0.0,0.0,0.0,0.0,0.0,0.0,0.0,0.0,0.0,0.0,0.0,0.0,0.0,0.0,0.0
92,Romain,Faivre,Faivre,u,has joined Auxerre permanently.,,4.5,434,258.0,0.1,562,207.0,0.0,601.0,210.0,0,0,0.0,0,0.0,0,24,0.0,0.0,0.0,0.0,0.0,704.0,277.0,0.0,0.0,698.0,271.0,694.0,274.0,677.0,267.0,700.0,273.0,,,,,,,,0.0,0.0,0.0,0.0,0.0,0.0,0.0,0.0,0.0,32,0,0.0,0.0,0.0,0.0,0.0,0.0,0.0,0.0,0.0,0.0,0.0,0.0,0.0,0.0,0.0,31.0,0.0,0.0,0.0,0.0,0.0,0.0,0.0,0.0,0.0,0.0,0.0,0.0,0.0
93,Hamed,Traorè,H.Traorè,u,has joined Marseille on loan for the rest of the season.,,4.5,429,255.0,0.3,342,118.0,0.0,596.0,207.0,0,0,0.0,0,0.0,0,77,0.0,0.9,0.0,0.0,4.0,59.0,26.0,0.0,0.0,451.0,199.0,429.0,212.0,673.0,264.0,464.0,209.0,,,,,,,,0.0,0.0,0.0,2.25,0.0,0.0,11.25,0.0,22.5,32,0,0.0,0.0,0.0,0.0,0.0,0.0,0.0,0.0,0.0,0.0,0.0,0.0,0.0,0.0,0.0,100.0,0.0,0.0,0.0,0.0,0.0,0.0,0.0,0.0,0.0,0.0,0.0,0.0,0.0
94,Dominic,Sadi,Sadi,u,has joined Novi Pazar on loan for the rest of the season.,,4.5,465,283.0,0.0,648,253.0,0.0,627.0,232.0,0,0,0.0,0,0.0,0,8,0.0,0.0,0.0,0.0,0.0,726.0,298.0,0.0,0.0,721.0,293.0,716.0,295.0,700.0,288.0,722.0,294.0,,,,,,,,0.0,0.0,0.0,0.0,0.0,0.0,0.0,0.0,0.0,32,0,0.0,0.0,0.0,0.0,0.0,0.0,0.0,0.0,0.0,0.0,0.0,0.0,0.0,0.0,0.0,8.0,0.0,0.0,0.0,0.0,0.0,0.0,0.0,0.0,0.0,0.0,0.0,0.0,0.0
96,Ben,Winterburn,Winterburn,u,has joined Barnet on loan for the rest of the season.,,4.5,497,307.0,0.0,647,252.0,0.0,658.0,256.0,0,0,0.0,0,0.0,0,4,0.0,0.2,0.0,0.0,1.0,487.0,220.0,0.0,0.0,747.0,313.0,740.0,313.0,727.0,309.0,747.0,313.0,,,,,,,,0.0,0.0,0.0,4.65,0.0,0.0,30.0,0.0,0.0,32,0,0.0,0.0,0.0,0.0,0.0,0.0,0.0,0.0,0.0,0.0,0.0,0.0,0.0,0.0,0.0,4.0,0.0,0.0,0.0,0.0,0.0,0.0,0.0,0.0,0.0,0.0,0.0,0.0,0.0
97,Francisco Evanilson,de Lima Barbosa,Evanilson,a,,,6.7,46,16.0,3.1,110,18.0,5.0,55.0,10.0,5,-1,1.0,-3,3.0,97521,6505,0.7,14.8,10.0,4.0,3.3,162.0,16.0,100.0,100.0,195.0,18.0,94.0,3.0,11.0,7.0,43.0,10.0,,,,,,,,0.33,0.05,0.38,1.34,0.0,0.35,1.42,1.03,4.14,32,5,89.0,0.0,1.0,0.0,1.0,0.0,0.0,0.0,0.0,0.0,0.0,1.0,0.0,22.0,103828.0,18694.0,0.0,0.040000000000000924,0.030000000000000027,0.07000000000000028,2.1899999999999977,25.200000000000045,13.899999999999977,23.0,6.200000000000017,0.0,3.0,3.0,6.0
98,Enes,Ünal,Enes Ünal,a,,,5.4,157,38.0,0.0,588,80.0,0.5,325.0,44.0,1,0,0.0,-1,1.0,286,208,0.1,4.1,1.0,-0.5,1.2,443.0,53.0,100.0,100.0,418.0,49.0,416.0,54.0,283.0,48.0,406.0,52.0,,1.0,,,,,,0.96,0.03,0.99,1.85,0.0,0.0,1.03,0.0,6.21,32,1,1.0,0.0,0.0,0.0,0.0,0.0,0.0,0.0,0.0,0.0,0.0,0.0,0.0,3.0,357.0,267.0,0.0,0.0,0.0,0.0,0.1299999999999999,1.0,0.0,0.0,0.09999999999999964,0.0,0.0,0.0,0.0
99,Daniel,Adu-Adjei,Adu-Adjei,u,has joined HNK Rijeka permanently.,,4.4,568,82.0,0.1,437,62.0,0.0,580.0,63.0,0,0,0.0,-1,1.0,0,43,0.0,0.0,0.0,0.0,0.0,690.0,75.0,0.0,0.0,684.0,75.0,679.0,74.0,660.0,74.0,686.0,75.0,,,,,,,,0.0,0.0,0.0,0.0,0.0,0.0,0.0,0.0,0.0,32,0,0.0,0.0,0.0,0.0,0.0,0.0,0.0,0.0,0.0,0.0,0.0,0.0,0.0,0.0,0.0,53.0,0.0,0.0,0.0,0.0,0.0,0.0,0.0,0.0,0.0,0.0,0.0,0.0,0.0
100,Junior,Kroupi,Kroupi.Jr,a,,,4.6,406,65.0,6.1,65,12.0,5.5,33.0,7.0,6,-1,1.0,1,-1.0,100068,13611,1.2,18.5,11.0,4.5,3.1,185.0,18.0,100.0,100.0,134.0,13.0,143.0,11.0,47.0,19.0,85.0,15.0,,,2.0,,,,,0.48,0.07,0.55,1.57,0.0,0.44,1.39,1.1,6.72,32,6,84.0,1.0,0.0,0.0,1.0,0.0,0.0,0.0,1.0,0.0,0.0,1.0,1.0,25.0,104820.0,65370.0,0.0,0.6600000000000001,0.0,0.6600000000000001,2.080000000000002,30.599999999999966,0.8000000000000114,46.0,7.700000000000003,0.0,1.0,1.0,2.0
105,Hákon Rafn,Valdimarsson,Valdimarsson,a,,,3.8,803,94.0,0.7,231,31.0,0.0,355.0,26.0,0,0,0.0,-2,2.0,3780,1431,0.0,0.3,0.0,0.0,1.0,452.0,35.0,,,459.0,35.0,508.0,19.0,475.0,6.0,482.0,34.0,,,,,,,,0.0,0.0,0.0,0.97,1.0,0.0,3.0,1.0,0.0,32,0,0.0,0.0,0.0,0.0,0.0,0.0,0.0,0.0,0.0,0.0,0.0,0.0,0.0,0.0,6282.0,2113.0,0.0,0.0,0.0,0.0,0.0,0.0,0.0,0.0,0.0,0.0,0.0,0.0,0.0
125,Vitaly,Janelt,Janelt,i,Foot injury - Unknown return date,,4.9,301,187.0,0.1,453,154.0,0.0,705.0,289.0,0,0,0.0,-1,1.0,12,1584,0.0,14.3,0.0,0.0,3.2,171.0,71.0,0.0,0.0,191.0,78.0,104.0,77.0,272.0,147.0,186.0,93.0,2.0,,,,,,,0.06,0.14,0.2,1.45,0.0,0.36,1.15,0.93,11.78,32,0,0.0,0.0,0.0,0.0,0.0,0.0,0.0,0.0,0.0,0.0,0.0,0.0,0.0,0.0,18.0,2343.0,0.0,0.0,0.0,0.0,0.0,0.0,0.0,0.0,0.0,0.0,0.0,0.0,0.0
126,Mathias,Jensen,Jensen,a,,,4.9,304,189.0,0.1,490,172.0,3.5,104.0,42.0,2,0,0.0,-1,1.0,309,582,0.7,15.1,3.5,3.5,2.5,270.0,112.0,,,198.0,82.0,48.0,40.0,171.0,95.0,113.0,64.0,1.0,2.0,5.0,,,,,0.11,0.22,0.33,1.36,0.0,0.36,1.3,1.04,8.56,32,2,90.0,0.0,0.0,0.0,2.0,0.0,0.0,0.0,0.0,0.0,0.0,1.0,0.0,20.0,578.0,852.0,0.0,0.04999999999999982,0.20000000000000018,0.25,1.5300000000000011,16.599999999999966,47.89999999999998,19.0,8.399999999999991,0.0,4.0,6.0,10.0
127,Gustavo,Nunes Fernandes Gomes,Nunes,u,has joined Swansea City on loan for the rest of the season.,,4.9,342,213.0,0.0,725,301.0,0.0,726.0,303.0,0,0,0.0,-1,1.0,0,6,0.0,0.0,0.0,0.0,0.0,786.0,342.0,0.0,0.0,785.0,341.0,781.0,341.0,777.0,339.0,785.0,341.0,,,,,,,,0.0,0.0,0.0,0.0,0.0,0.0,0.0,0.0,0.0,32,0,0.0,0.0,0.0,0.0,0.0,0.0,0.0,0.0,0.0,0.0,0.0,0.0,0.0,0.0,0.0,6.0,0.0,0.0,0.0,0.0,0.0,0.0,0.0,0.0,0.0,0.0,0.0,0.0,0.0
128,Frank,Onyeka,Onyeka,u,has joined Coventry City on loan for the rest of the season.,,4.8,363,225.0,0.0,610,233.0,0.0,693.0,281.0,0,0,0.0,-2,2.0,0,16,0.0,2.5,0.0,0.0,2.0,341.0,146.0,0.0,0.0,441.0,196.0,414.0,207.0,439.0,215.0,458.0,206.0,,,,,,,,0.0,0.37,0.37,2.07,0.0,0.0,2.05,0.0,10.23,32,0,0.0,0.0,0.0,0.0,0.0,0.0,0.0,0.0,0.0,0.0,0.0,0.0,0.0,0.0,0.0,19.0,0.0,0.0,0.0,0.0,0.0,0.0,0.0,0.0,0.0,0.0,0.0,0.0,0.0
129,Yehor,Yarmoliuk,Yarmoliuk,a,,,5.0,274,168.0,0.1,491,173.0,3.5,105.0,43.0,4,0,0.0,0,0.0,245,330,0.7,16.8,3.5,3.5,2.6,254.0,103.0,100.0,100.0,169.0,64.0,151.0,102.0,252.0,140.0,195.0,96.0,,,,,,,,0.05,0.05,0.1,1.34,0.0,0.24,1.46,1.02,11.25,32,4,90.0,0.0,0.0,0.0,2.0,0.0,0.0,0.0,0.0,0.0,0.0,1.0,0.0,15.0,301.0,465.0,0.0,0.0,0.020000000000000018,0.020000000000000018,1.5299999999999976,14.399999999999977,4.0,0.0,1.7999999999999972,3.0,2.0,8.0,13.0
131,Yunus Emre,Konak,Konak,u,has joined Oxford United on loan for the rest of the season.,,4.3,620,368.0,0.1,429,147.0,0.0,541.0,182.0,0,0,0.0,-2,2.0,0,201,0.0,0.0,0.0,0.0,0.0,668.0,257.0,0.0,0.0,658.0,247.0,654.0,252.0,631.0,241.0,660.0,249.0,,,,,,,,0.0,0.0,0.0,0.0,0.0,0.0,0.0,0.0,0.0,32,0,0.0,0.0,0.0,0.0,0.0,0.0,0.0,0.0,0.0,0.0,0.0,0.0,0.0,0.0,0.0,315.0,0.0,0.0,0.0,0.0,0.0,0.0,0.0,0.0,0.0,0.0,0.0,0.0,0.0
133,Myles,Peart-Harris,Peart-Harris,u,has joined Oxford United permanently.,,4.4,543,325.0,0.0,644,251.0,0.0,558.0,185.0,0,0,0.0,-1,1.0,0,27,0.0,0.2,0.0,0.0,1.0,472.0,207.0,0.0,0.0,666.0,250.0,662.0,254.0,641.0,244.0,668.0,252.0,,,,,,,,0.0,0.0,0.0,0.0,0.0,0.0,0.0,0.0,0.0,32,0,0.0,0.0,0.0,0.0,0.0,0.0,0.0,0.0,0.0,0.0,0.0,0.0,0.0,0.0,0.0,34.0,0.0,0.0,0.0,0.0,0.0,0.0,0.0,0.0,0.0,0.0,0.0,0.0,0.0
134,Ryan,Trevitt,Trevitt,u,Has joined Wigan on loan for the rest of the season,,4.5,490,302.0,0.0,793,348.0,0.0,651.0,251.0,0,0,0.0,0,0.0,0,2,0.0,0.0,0.0,0.0,0.0,743.0,311.0,0.0,0.0,741.0,309.0,734.0,309.0,721.0,305.0,741.0,309.0,,,,,,,,0.0,0.0,0.0,0.0,0.0,0.0,0.0,0.0,0.0,32,0,0.0,0.0,0.0,0.0,0.0,0.0,0.0,0.0,0.0,0.0,0.0,0.0,0.0,0.0,0.0,2.0,0.0,0.0,0.0,0.0,0.0,0.0,0.0,0.0,0.0,0.0,0.0,0.0,0.0
136,Igor Thiago,Nascimento Rodrigues,Thiago,a,,,7.3,29,12.0,32.4,7,3.0,8.5,9.0,3.0,13,0,0.0,13,-13.0,168914,175056,1.2,22.7,8.5,8.5,5.2,10.0,2.0,100.0,100.0,5.0,2.0,99.0,4.0,2.0,2.0,3.0,2.0,,,2.0,,,,,0.62,0.06,0.68,1.39,0.0,0.26,1.38,1.02,5.88,32,13,90.0,2.0,0.0,0.0,2.0,0.0,0.0,0.0,0.0,0.0,0.0,1.0,3.0,49.0,208176.0,379056.0,0.0,1.4100000000000001,0.06000000000000005,1.4700000000000024,1.5300000000000011,74.40000000000009,14.899999999999977,52.0,14.099999999999994,0.0,2.0,4.0,6.0
824,Conor,McManus,McManus,a,,,4.0,723,196.0,0.0,805,266.0,0.0,463.0,177.0,0,0,0.0,0,0.0,25,12,0.0,0.0,0.0,0.0,0.0,625.0,236.0,,,616.0,236.0,608.0,236.0,578.0,233.0,618.0,236.0,,,,,,,,0.0,0.0,0.0,0.0,0.0,0.0,0.0,0.0,0.0,32,0,0.0,0.0,0.0,0.0,0.0,0.0,0.0,0.0,0.0,0.0,0.0,0.0,0.0,0.0,37.0,13.0,0.0,0.0,0.0,0.0,0.0,0.0,0.0,0.0,0.0,0.0,0.0,0.0,0.0
826,Riley,Owen,Owen,a,,,4.5,463,281.0,0.0,825,370.0,0.0,625.0,230.0,0,0,0.0,0,0.0,24,3,0.0,0.0,1.3,1.3,0.0,724.0,296.0,,,719.0,291.0,714.0,293.0,698.0,286.0,720.0,292.0,,,,,,,,0.0,0.0,0.0,0.0,0.0,0.0,0.0,0.0,0.0,32,0,0.0,0.0,0.0,0.0,0.0,0.0,0.0,0.0,0.0,0.0,0.0,0.0,0.0,0.0,24.0,3.0,0.0,0.0,0.0,0.0,0.0,0.0,0.0,0.0,0.0,0.0,0.0,0.0,0.0
138,Jason,Steele,Steele,a,,,4.2,624,28.0,0.2,357,49.0,0.0,488.0,79.0,0,0,0.0,-3,3.0,302,294,0.0,0.0,-0.5,0.5,0.0,642.0,88.0,,,633.0,88.0,626.0,77.0,597.0,64.0,635.0,88.0,,,,,,,,0.0,0.0,0.0,0.0,0.0,0.0,0.0,0.0,0.0,32,0,0.0,0.0,0.0,0.0,0.0,0.0,0.0,0.0,0.0,0.0,0.0,0.0,0.0,0.0,405.0,381.0,0.0,0.0,0.0,0.0,0.0,0.0,0.0,0.0,0.0,0.0,0.0,0.0,0.0
139,Bart,Verbruggen,Verbruggen,a,,,4.5,445,24.0,10.4,34,6.0,6.0,24.0,2.0,9,0,0.0,0,0.0,126788,12420,1.3,24.4,11.5,6.5,3.4,141.0,17.0,,,9.0,2.0,430.0,9.0,685.0,78.0,155.0,2.0,,,,,,,,0.0,0.0,0.0,1.31,2.84,0.25,1.16,1.0,0.0,32,9,90.0,0.0,0.0,1.0,0.0,0.0,0.0,0.0,0.0,0.0,4.0,1.0,2.0,36.0,336925.0,22149.0,0.0,0.0,0.0,0.0,0.8799999999999955,40.0,0.0,0.0,4.0,0.0,0.0,7.0,0.0
140,Tom,McGill,McGill,a,,,3.9,755,77.0,0.3,326,45.0,0.0,380.0,38.0,0,0,0.0,-1,1.0,86,379,0.0,0.0,-0.5,0.5,0.0,553.0,49.0,,,543.0,49.0,530.0,32.0,498.0,19.0,545.0,49.0,,,,,,,,0.0,0.0,0.0,0.0,0.0,0.0,0.0,0.0,0.0,32,0,0.0,0.0,0.0,0.0,0.0,0.0,0.0,0.0,0.0,0.0,0.0,0.0,0.0,0.0,109.0,510.0,0.0,0.0,0.0,0.0,0.0,0.0,0.0,0.0,0.0,0.0,0.0,0.0,0.0
141,Carl,Rushworth,Rushworth,u,Has joined Coventry City on loan for the rest of the season.,,4.0,690,54.0,0.0,810,93.0,0.0,432.0,67.0,0,0,0.0,0,0.0,0,0,0.0,0.0,0.0,0.0,0.0,599.0,76.0,0.0,0.0,589.0,76.0,580.0,63.0,549.0,50.0,591.0,76.0,,,,,,,,0.0,0.0,0.0,0.0,0.0,0.0,0.0,0.0,0.0,32,0,0.0,0.0,0.0,0.0,0.0,0.0,0.0,0.0,0.0,0.0,0.0,0.0,0.0,0.0,0.0,0.0,0.0,0.0,0.0,0.0,0.0,0.0,0.0,0.0,0.0,0.0,0.0,0.0,0.0
145,Maxim,De Cuyper,De Cuyper,a,,,4.3,588,134.0,1.6,154,59.0,0.0,514.0,216.0,0,0,0.0,-2,2.0,1082,4029,0.0,14.2,-0.5,0.5,2.5,265.0,102.0,100.0,100.0,268.0,109.0,100.0,23.0,223.0,58.0,206.0,70.0,,1.0,,,,,,0.12,0.17,0.29,1.64,0.0,0.31,1.41,1.1,4.01,32,0,0.0,0.0,0.0,0.0,0.0,0.0,0.0,0.0,0.0,0.0,0.0,0.0,0.0,0.0,1754.0,6572.0,0.0,0.0,0.0,0.0,0.0,0.0,0.0,0.0,0.0,0.0,0.0,0.0,0.0
146,Lewis,Dunk,Dunk,s,Suspended until 26 Apr,,4.5,410,74.0,0.9,209,82.0,0.5,300.0,98.0,0,0,0.0,0,0.0,73,6870,0.1,18.2,0.0,0.0,2.8,216.0,85.0,0.0,0.0,57.0,27.0,267.0,77.0,195.0,48.0,148.0,50.0,,3.0,,,,,,0.05,0.02,0.07,1.34,0.0,0.21,1.23,0.98,7.61,32,0,0.0,0.0,0.0,0.0,0.0,0.0,0.0,0.0,0.0,0.0,0.0,0.0,0.0,0.0,104.0,10464.0,0.0,0.0,0.0,0.0,0.0,0.0,0.0,0.0,0.0,0.0,0.0,0.0,0.0
150,Tariq,Lamptey,Lamptey,u,has joined Fiorentina permanently.,,4.4,534,110.0,0.1,519,186.0,0.0,553.0,228.0,0,0,0.0,-1,1.0,0,17,0.0,0.0,0.0,0.0,0.0,672.0,256.0,0.0,0.0,663.0,256.0,659.0,256.0,638.0,255.0,665.0,256.0,,,,,,,,0.0,0.0,0.0,0.0,0.0,0.0,0.0,0.0,0.0,32,0,0.0,0.0,0.0,0.0,0.0,0.0,0.0,0.0,0.0,0.0,0.0,0.0,0.0,0.0,0.0,24.0,0.0,0.0,0.0,0.0,0.0,0.0,0.0,0.0,0.0,0.0,0.0,0.0,0.0
151,Jan Paul,van Hecke,Van Hecke,a,,,4.6,402,70.0,12.3,28,10.0,4.5,62.0,21.0,5,1,-1.0,1,-1.0,193281,15027,1.0,27.2,8.5,5.0,4.2,46.0,18.0,100.0,100.0,7.0,3.0,178.0,46.0,116.0,18.0,56.0,7.0,,,,,,,,0.07,0.04,0.11,1.32,0.0,0.27,1.18,1.01,8.76,32,5,90.0,0.0,0.0,1.0,0.0,0.0,0.0,0.0,1.0,0.0,0.0,1.0,0.0,24.0,504335.0,24482.0,0.0,0.0,0.1100000000000001,0.10999999999999988,0.8800000000000026,17.799999999999955,14.599999999999994,0.0,3.1999999999999886,2.0,4.0,3.0,6.0
152,Joël,Veltman,Veltman,a,,,4.3,573,122.0,0.1,428,159.0,1.0,215.0,68.0,1,0,0.0,-2,2.0,407,312,0.2,8.6,1.5,1.5,1.9,350.0,129.0,100.0,100.0,265.0,107.0,315.0,105.0,313.0,96.0,324.0,107.0,,,,,,,,0.11,0.01,0.12,1.58,0.0,0.11,1.28,0.85,9.6,32,1,2.0,0.0,0.0,0.0,0.0,0.0,0.0,0.0,0.0,0.0,0.0,0.0,0.0,3.0,644.0,444.0,0.0,0.0,0.0,0.0,0.0,0.0,0.0,0.0,0.0,0.0,0.0,0.0,0.0
154,Eiran,Cashin,Cashin,u,has joined Blackburn Rovers on loan for the rest of the season.,,4.0,681,170.0,0.0,785,262.0,0.0,423.0,152.0,0,0,0.0,0,0.0,0,2,0.0,0.0,0.0,0.0,0.0,592.0,217.0,0.0,0.0,582.0,216.0,573.0,216.0,542.0,212.0,584.0,216.0,,,,,,,,0.0,0.0,0.0,0.0,0.0,0.0,0.0,0.0,0.0,32,0,0.0,0.0,0.0,0.0,0.0,0.0,0.0,0.0,0.0,0.0,0.0,0.0,0.0,0.0,0.0,2.0,0.0,0.0,0.0,0.0,0.0,0.0,0.0,0.0,0.0,0.0,0.0,0.0,0.0
155,Jacob,Slater,Slater,u,has joined Harrogate Town on loan until January.,,4.0,725,197.0,0.1,509,181.0,0.0,465.0,178.0,0,0,0.0,0,0.0,0,19,0.0,0.0,0.0,0.0,0.0,627.0,237.0,0.0,0.0,618.0,237.0,610.0,237.0,580.0,234.0,620.0,237.0,,,,,,,,0.0,0.0,0.0,0.0,0.0,0.0,0.0,0.0,0.0,32,0,0.0,0.0,0.0,0.0,0.0,0.0,0.0,0.0,0.0,0.0,0.0,0.0,0.0,0.0,0.0,28.0,0.0,0.0,0.0,0.0,0.0,0.0,0.0,0.0,0.0,0.0,0.0,0.0,0.0
156,Charlie,Tasker,Tasker,a,,,3.8,810,253.0,0.2,408,150.0,0.0,362.0,127.0,0,0,0.0,-2,2.0,152,237,0.0,0.0,-0.5,0.5,0.0,539.0,197.0,,,529.0,196.0,514.0,196.0,481.0,190.0,531.0,196.0,,,,,,,,0.0,0.0,0.0,0.0,0.0,0.0,0.0,0.0,0.0,32,0,0.0,0.0,0.0,0.0,0.0,0.0,0.0,0.0,0.0,0.0,0.0,0.0,0.0,0.0,233.0,314.0,0.0,0.0,0.0,0.0,0.0,0.0,0.0,0.0,0.0,0.0,0.0,0.0,0.0
157,Mitoma,Kaoru,Mitoma,a,,,6.1,82,54.0,2.3,127,42.0,1.0,268.0,125.0,1,0,0.0,-4,4.0,17699,6453,0.2,8.5,1.5,1.5,2.5,276.0,117.0,100.0,100.0,257.0,107.0,76.0,59.0,77.0,44.0,122.0,69.0,,,,,,,,0.21,0.16,0.37,1.19,0.0,0.25,1.01,1.01,5.34,32,1,10.0,0.0,0.0,0.0,0.0,0.0,0.0,0.0,0.0,0.0,0.0,0.0,0.0,7.0,50083.0,14216.0,0.0,0.0,0.06000000000000005,0.0600000000000005,0.03999999999999915,5.0,1.2999999999999545,6.0,1.2000000000000028,2.0,0.0,2.0,4.0
158,Georginio,Rutter,Georginio,a,,,5.6,130,81.0,0.3,312,108.0,1.0,261.0,123.0,1,0,0.0,-4,4.0,1324,726,0.2,12.7,1.5,1.5,2.7,238.0,95.0,100.0,100.0,228.0,96.0,118.0,83.0,64.0,37.0,117.0,67.0,,,,,,,,0.13,0.12,0.25,1.1,0.0,0.33,0.95,1.06,6.69,32,1,15.0,0.0,0.0,0.0,0.0,0.0,0.0,0.0,0.0,0.0,0.0,0.0,0.0,3.0,1972.0,1265.0,0.0,0.020000000000000018,0.0,0.020000000000000462,0.03999999999999915,3.599999999999966,0.39999999999997726,6.0,1.0,1.0,1.0,2.0,4.0
160,Yankuba,Minteh,Minteh,a,,,5.5,151,96.0,3.0,113,37.0,2.0,168.0,72.0,3,0,0.0,-5,5.0,45587,7136,0.4,17.8,3.5,2.5,3.5,129.0,58.0,100.0,100.0,147.0,51.0,27.0,26.0,29.0,14.0,34.0,25.0,5.0,,,,,,,0.15,0.19,0.34,1.33,0.0,0.38,1.27,0.99,7.17,32,3,79.0,0.0,0.0,1.0,0.0,0.0,0.0,0.0,0.0,0.0,0.0,1.0,0.0,13.0,92448.0,19661.0,0.0,0.08999999999999986,0.19999999999999973,0.29000000000000004,0.8399999999999999,11.0,40.5,21.0,7.300000000000011,2.0,2.0,3.0,7.0
161,Julio,Enciso Espínola,Enciso,u,has joined Strasbourg permanently.,,5.4,171,107.0,0.0,753,320.0,0.0,780.0,339.0,0,0,0.0,-1,1.0,0,1,0.0,0.0,0.0,0.0,0.0,810.0,359.0,0.0,0.0,809.0,358.0,808.0,358.0,806.0,357.0,809.0,358.0,,,,,,,,0.0,0.0,0.0,0.0,0.0,0.0,0.0,0.0,0.0,32,0,0.0,0.0,0.0,0.0,0.0,0.0,0.0,0.0,0.0,0.0,0.0,0.0,0.0,0.0,0.0,1.0,0.0,0.0,0.0,0.0,0.0,0.0,0.0,0.0,0.0,0.0,0.0,0.0,0.0
162,Brajan,Gruda,Gruda,u,has joined Leipzig on loan for the rest of the season.,,5.4,176,111.0,0.0,602,228.0,0.0,782.0,341.0,0,0,0.0,-1,1.0,0,28,0.0,6.5,0.0,0.0,1.9,362.0,156.0,0.0,0.0,338.0,153.0,167.0,113.0,199.0,109.0,274.0,139.0,,,,,,,,0.24,0.11,0.35,1.76,0.0,0.25,1.4,1.02,7.37,32,0,0.0,0.0,0.0,0.0,0.0,0.0,0.0,0.0,0.0,0.0,0.0,0.0,0.0,0.0,0.0,35.0,0.0,0.0,0.0,0.0,0.0,0.0,0.0,0.0,0.0,0.0,0.0,0.0,0.0
163,Jack,Hinshelwood,Hinshelwood,a,,,5.1,240,144.0,0.5,258,91.0,4.0,85.0,32.0,3,0,0.0,-4,4.0,5819,1620,0.8,12.0,7.5,4.5,2.9,204.0,82.0,100.0,100.0,287.0,123.0,198.0,129.0,104.0,64.0,227.0,113.0,,,,,,,,0.19,0.14,0.33,1.6,0.0,0.29,1.23,1.01,7.09,32,3,74.0,0.0,0.0,1.0,0.0,0.0,0.0,0.0,0.0,0.0,0.0,1.0,0.0,12.0,46387.0,10716.0,0.0,0.44999999999999973,0.31999999999999984,0.77,0.8399999999999999,10.400000000000006,14.300000000000011,32.0,5.700000000000003,2.0,2.0,5.0,9.0
164,Matt,O'Riley,O'Riley,a,,,5.5,140,87.0,0.3,301,105.0,0.0,788.0,346.0,0,0,0.0,0,0.0,273,143,0.0,2.5,-0.5,0.5,3.5,127.0,57.0,100.0,100.0,406.0,177.0,321.0,177.0,314.0,167.0,388.0,179.0,,,3.0,,,,,0.59,0.09,0.68,1.17,0.0,0.48,0.97,0.97,4.35,32,0,0.0,0.0,0.0,0.0,0.0,0.0,0.0,0.0,0.0,0.0,0.0,0.0,0.0,0.0,399.0,201.0,0.0,0.0,0.0,0.0,0.0,0.0,0.0,0.0,0.0,0.0,0.0,0.0,0.0
165,Abdallah,Sima,Sima,u,has joined Lens permanently.,,5.4,177,112.0,0.0,738,310.0,0.0,783.0,342.0,0,0,0.0,-1,1.0,0,2,0.0,0.0,0.0,0.0,0.0,811.0,360.0,0.0,0.0,810.0,359.0,809.0,359.0,807.0,358.0,810.0,359.0,,,,,,,,0.0,0.0,0.0,0.0,0.0,0.0,0.0,0.0,0.0,32,0,0.0,0.0,0.0,0.0,0.0,0.0,0.0,0.0,0.0,0.0,0.0,0.0,0.0,0.0,0.0,2.0,0.0,0.0,0.0,0.0,0.0,0.0,0.0,0.0,0.0,0.0,0.0,0.0,0.0
166,Yasin,Ayari,Ayari,a,,,4.8,371,231.0,0.5,279,98.0,4.5,63.0,23.0,8,0,0.0,-2,2.0,6478,957,0.9,19.4,8.5,5.0,3.7,95.0,40.0,100.0,100.0,173.0,66.0,146.0,98.0,127.0,76.0,151.0,79.0,,2.0,,,,,,0.13,0.06,0.19,1.27,0.0,0.3,1.04,0.94,10.89,32,8,90.0,0.0,1.0,1.0,0.0,0.0,0.0,0.0,0.0,0.0,0.0,1.0,0.0,30.0,7981.0,2153.0,0.0,0.0,0.019999999999999796,0.020000000000000018,0.8800000000000026,40.599999999999966,22.900000000000006,6.0,7.0,4.0,4.0,9.0,17.0
169,Diego,Gómez Amarilla,Gomez,a,,,4.9,335,206.0,1.3,172,61.0,5.5,37.0,15.0,5,0,0.0,-1,1.0,29808,4473,1.1,19.2,10.5,6.0,3.2,174.0,72.0,100.0,100.0,122.0,40.0,101.0,74.0,57.0,34.0,80.0,50.0,,5.0,,,,,,0.24,0.08,0.32,1.24,0.0,0.36,1.12,1.07,10.05,32,5,87.0,0.0,0.0,1.0,0.0,0.0,0.0,0.0,0.0,0.0,0.0,1.0,0.0,9.0,64691.0,13859.0,0.0,0.040000000000000036,0.10999999999999988,0.14999999999999947,0.8800000000000026,7.0,6.800000000000011,8.0,2.200000000000003,3.0,1.0,8.0,12.0
170,James,Milner,Milner,d,Knock - 25% chance of playing,,4.9,284,176.0,0.1,466,160.0,1.0,231.0,105.0,0,0,0.0,-1,1.0,45,348,0.2,6.9,0.4,1.5,1.8,376.0,159.0,25.0,100.0,336.0,151.0,221.0,142.0,323.0,170.0,332.0,163.0,,,1.0,,,,,0.13,0.08,0.21,1.43,0.0,0.25,1.76,0.76,9.58,32,0,0.0,0.0,0.0,0.0,0.0,0.0,0.0,0.0,0.0,0.0,0.0,0.0,0.0,0.0,164.0,407.0,0.0,0.0,0.0,0.0,0.0,0.0,0.0,0.0,0.0,0.0,0.0,0.0,0.0
172,Tom,Watson,Watson,u,has joined Millwall on loan for the rest of the season.,,4.8,373,233.0,0.0,654,258.0,0.0,695.0,282.0,0,0,0.0,-2,2.0,0,12,0.0,1.0,0.0,0.0,0.8,517.0,240.0,0.0,0.0,478.0,216.0,460.0,221.0,429.0,206.0,476.0,217.0,,,,,,,,0.06,0.05,0.11,2.72,0.0,0.0,3.16,0.0,7.89,32,0,0.0,0.0,0.0,0.0,0.0,0.0,0.0,0.0,0.0,0.0,0.0,0.0,0.0,0.0,0.0,16.0,0.0,0.0,0.0,0.0,0.0,0.0,0.0,0.0,0.0,0.0,0.0,0.0,0.0
173,Mats,Wieffer,Wieffer,a,,,4.9,329,204.0,1.0,195,70.0,9.5,8.0,2.0,18,0,0.0,-1,1.0,68140,2669,1.9,18.2,18.5,10.0,4.0,60.0,27.0,100.0,100.0,109.0,35.0,134.0,91.0,149.0,84.0,120.0,68.0,,,,,,,,0.1,0.1,0.2,1.13,0.0,0.33,1.08,1.03,13.83,32,18,90.0,2.0,0.0,1.0,0.0,0.0,0.0,0.0,0.0,0.0,0.0,1.0,3.0,60.0,68889.0,3141.0,0.0,0.25,0.0,0.25,0.879999999999999,90.40000000000003,0.8000000000000114,24.0,11.5,6.0,4.0,4.0,14.0
174,Malick,Yalcouyé,Yalcouye,u,Has joined Swansea City on loan for the rest of the season.,,5.0,281,174.0,0.0,782,339.0,0.0,747.0,319.0,0,0,0.0,0,0.0,0,0,0.0,0.0,0.0,0.0,0.0,801.0,354.0,0.0,0.0,800.0,353.0,798.0,353.0,793.0,351.0,800.0,353.0,,,,,,,,0.0,0.0,0.0,0.0,0.0,0.0,0.0,0.0,0.0,32,0,0.0,0.0,0.0,0.0,0.0,0.0,0.0,0.0,0.0,0.0,0.0,0.0,0.0,0.0,0.0,0.0,0.0,0.0,0.0,0.0,0.0,0.0,0.0,0.0,0.0,0.0,0.0,0.0,0.0
175,Joe,Knight,Knight,u,has joined Stevenage permanently.,,4.4,561,337.0,0.1,544,200.0,0.0,574.0,196.0,0,0,0.0,-1,1.0,0,65,0.0,0.2,0.0,0.0,1.0,475.0,210.0,0.0,0.0,679.0,260.0,674.0,263.0,655.0,255.0,681.0,262.0,,,,,,,,0.0,0.0,0.0,0.0,0.0,0.0,0.0,0.0,0.0,32,0,0.0,0.0,0.0,0.0,0.0,0.0,0.0,0.0,0.0,0.0,0.0,0.0,0.0,0.0,0.0,85.0,0.0,0.0,0.0,0.0,0.0,0.0,0.0,0.0,0.0,0.0,0.0,0.0,0.0
176,Adrian,Mazilu,Mazilu,u,has joined Dinamo Bucharest permanently.,,4.5,464,282.0,0.0,697,282.0,0.0,626.0,231.0,0,0,0.0,0,0.0,0,4,0.0,0.0,0.0,0.0,0.0,725.0,297.0,0.0,0.0,720.0,292.0,715.0,294.0,699.0,287.0,721.0,293.0,,,,,,,,0.0,0.0,0.0,0.0,0.0,0.0,0.0,0.0,0.0,32,0,0.0,0.0,0.0,0.0,0.0,0.0,0.0,0.0,0.0,0.0,0.0,0.0,0.0,0.0,0.0,6.0,0.0,0.0,0.0,0.0,0.0,0.0,0.0,0.0,0.0,0.0,0.0,0.0,0.0
177,Andrew,Moran,Moran,u,Has joined Los Angeles FC on loan for the rest of the season.,,4.5,453,271.0,0.0,710,290.0,0.0,617.0,222.0,0,0,0.0,0,0.0,0,4,0.0,0.0,0.0,0.0,0.0,716.0,288.0,0.0,0.0,711.0,283.0,706.0,285.0,690.0,278.0,712.0,284.0,,,,,,,,0.0,0.0,0.0,0.0,0.0,0.0,0.0,0.0,0.0,32,0,0.0,0.0,0.0,0.0,0.0,0.0,0.0,0.0,0.0,0.0,0.0,0.0,0.0,0.0,0.0,4.0,0.0,0.0,0.0,0.0,0.0,0.0,0.0,0.0,0.0,0.0,0.0,0.0,0.0
178,Danny,Welbeck,Welbeck,a,,,6.3,62,21.0,9.5,37,8.0,7.0,19.0,5.0,2,1,-1.0,-2,2.0,173490,30943,1.1,17.1,13.5,7.5,3.5,130.0,11.0,100.0,100.0,82.0,6.0,124.0,7.0,21.0,12.0,37.0,9.0,,4.0,2.0,,,,,0.54,0.06,0.6,1.26,0.0,0.38,1.05,1.0,4.47,32,2,74.0,0.0,0.0,1.0,0.0,0.0,0.0,0.0,0.0,0.0,0.0,1.0,0.0,9.0,419837.0,50133.0,0.0,1.0600000000000005,0.030000000000000027,1.0899999999999999,0.8399999999999999,17.400000000000034,11.799999999999955,91.0,12.0,0.0,4.0,2.0,6.0
179,Evan,Ferguson,Ferguson,u,Has joined AS Roma on loan for the rest of the season,,5.5,148,36.0,0.0,759,92.0,0.0,790.0,85.0,0,0,0.0,0,0.0,0,1,0.0,0.0,0.0,0.0,0.0,815.0,89.0,0.0,0.0,814.0,89.0,813.0,89.0,811.0,89.0,814.0,89.0,,,,,,,,0.0,0.0,0.0,0.0,0.0,0.0,0.0,0.0,0.0,32,0,0.0,0.0,0.0,0.0,0.0,0.0,0.0,0.0,0.0,0.0,0.0,0.0,0.0,0.0,0.0,1.0,0.0,0.0,0.0,0.0,0.0,0.0,0.0,0.0,0.0,0.0,0.0,0.0,0.0
221,Filip,Jörgensen,Jörgensen,d,Groin Injury - 25% chance of playing,,4.3,603,27.0,0.2,402,57.0,0.0,527.0,84.0,0,0,0.0,-2,2.0,9,271,0.0,1.4,0.1,0.0,2.0,339.0,32.0,25.0,25.0,407.0,31.0,643.0,83.0,620.0,72.0,445.0,31.0,,,,,,,,0.0,0.0,0.0,1.21,2.05,0.0,1.36,0.68,0.0,32,0,0.0,0.0,0.0,0.0,0.0,0.0,0.0,0.0,0.0,0.0,0.0,0.0,0.0,0.0,11.0,397.0,0.0,0.0,0.0,0.0,0.0,0.0,0.0,0.0,0.0,0.0,0.0,0.0,0.0
222,Mike,Penders,Penders,u,Has joined RC Strasbourg on loan for the rest of the season.,,4.0,714,63.0,0.0,802,91.0,0.0,454.0,75.0,0,0,0.0,0,0.0,0,0,0.0,0.0,0.0,0.0,0.0,616.0,84.0,0.0,0.0,607.0,84.0,599.0,72.0,569.0,59.0,609.0,84.0,,,,,,,,0.0,0.0,0.0,0.0,0.0,0.0,0.0,0.0,0.0,32,0,0.0,0.0,0.0,0.0,0.0,0.0,0.0,0.0,0.0,0.0,0.0,0.0,0.0,0.0,0.0,0.0,0.0,0.0,0.0,0.0,0.0,0.0,0.0,0.0,0.0,0.0,0.0,0.0,0.0
226,Trevoh,Chalobah,Chalobah,d,Lack of match fitness - 75% chance of playing,,5.4,158,18.0,10.1,35,12.0,0.0,771.0,260.0,0,0,0.0,4,-4.0,1420,177625,0.0,24.3,0.4,0.0,4.5,31.0,13.0,75.0,0.0,36.0,13.0,282.0,87.0,196.0,49.0,123.0,36.0,,,,,,,,0.05,0.04,0.09,1.28,0.0,0.32,1.2,1.02,8.79,32,0,0.0,0.0,0.0,0.0,0.0,0.0,0.0,0.0,0.0,0.0,0.0,0.0,0.0,0.0,1471.0,309593.0,0.0,0.0,0.0,0.0,0.0,0.0,0.0,0.0,0.0,0.0,0.0,0.0,0.0
237,Enzo,Fernández,Enzo,a,,,6.5,51,32.0,13.0,25,9.0,1.0,276.0,130.0,0,0,0.0,0,0.0,85606,64221,0.2,19.8,2.5,0.0,4.3,44.0,18.0,100.0,0.0,32.0,8.0,6.0,6.0,20.0,9.0,5.0,3.0,3.0,2.0,2.0,,,,,0.36,0.21,0.57,1.27,0.0,0.28,1.22,1.01,7.37,32,0,0.0,0.0,0.0,0.0,0.0,0.0,0.0,0.0,0.0,0.0,0.0,0.0,0.0,0.0,88039.0,236041.0,0.0,0.0,0.0,0.0,0.0,0.0,0.0,0.0,0.0,0.0,0.0,0.0,0.0
238,Estêvão,Almeida de Oliveira Gonçalves,Estêvão,a,,,6.4,61,40.0,1.9,143,49.0,1.0,274.0,128.0,1,0,0.0,-1,1.0,8528,2122,0.2,8.9,2.5,1.0,2.7,243.0,99.0,100.0,100.0,293.0,128.0,163.0,109.0,95.0,58.0,197.0,98.0,4.0,,3.0,,,,,0.31,0.23,0.54,1.12,0.0,0.44,1.2,1.2,6.12,32,1,66.0,0.0,0.0,0.0,2.0,0.0,0.0,0.0,1.0,0.0,0.0,1.0,0.0,-4.0,12680.0,3508.0,0.0,0.0,0.010000000000000231,0.009999999999999787,1.7599999999999998,0.0,10.800000000000011,4.0,1.4000000000000057,0.0,0.0,2.0,2.0
239,Jamie,Bynoe-Gittens,Gittens,d,Hamstring injury - 25% chance of playing,,6.0,87,56.0,0.1,484,169.0,0.0,804.0,355.0,0,0,0.0,-5,5.0,5,40,0.0,4.2,0.1,0.0,1.6,407.0,176.0,25.0,25.0,378.0,167.0,243.0,153.0,274.0,149.0,340.0,165.0,,,,,,,,0.15,0.17,0.32,1.65,0.0,0.19,1.3,0.93,5.37,32,0,0.0,0.0,0.0,0.0,0.0,0.0,0.0,0.0,0.0,0.0,0.0,0.0,0.0,0.0,8.0,51.0,0.0,0.0,0.0,0.0,0.0,0.0,0.0,0.0,0.0,0.0,0.0,0.0,0.0
241,Moisés,Caicedo Corozo,Caicedo,a,,,5.7,117,74.0,7.5,52,18.0,2.0,170.0,73.0,2,0,0.0,2,-2.0,13052,8068,0.4,17.2,4.5,2.0,3.6,114.0,52.0,100.0,100.0,89.0,30.0,106.0,78.0,243.0,132.0,128.0,72.0,,,,,,,,0.05,0.08,0.13,1.35,0.0,0.24,1.43,1.03,12.29,32,2,81.0,0.0,0.0,0.0,3.0,0.0,0.0,0.0,0.0,0.0,0.0,1.0,0.0,8.0,16950.0,13923.0,0.0,0.030000000000000027,0.009999999999999787,0.040000000000000036,2.0299999999999976,0.0,1.8000000000000114,2.0,0.29999999999999716,1.0,0.0,3.0,4.0
245,Mykhailo,Mudryk,Mudryk,s,Suspended - unknown return date,,4.9,328,203.0,0.0,750,318.0,0.0,721.0,300.0,0,0,0.0,-1,1.0,14,16,0.0,0.0,0.0,0.0,0.0,784.0,341.0,0.0,0.0,783.0,340.0,779.0,340.0,775.0,338.0,783.0,340.0,,,,,,,,0.0,0.0,0.0,0.0,0.0,0.0,0.0,0.0,0.0,32,0,0.0,0.0,0.0,0.0,0.0,0.0,0.0,0.0,0.0,0.0,0.0,0.0,0.0,0.0,22.0,22.0,0.0,0.0,0.0,0.0,0.0,0.0,0.0,0.0,0.0,0.0,0.0,0.0,0.0
246,Andrey,Nascimento dos Santos,Andrey Santos,a,,,4.5,458,276.0,0.3,330,115.0,1.5,190.0,81.0,2,0,0.0,0,0.0,846,898,0.3,7.6,3.5,1.5,1.4,422.0,184.0,100.0,100.0,303.0,133.0,234.0,150.0,307.0,163.0,317.0,156.0,,,,,,,,0.15,0.07,0.22,1.41,0.0,0.08,1.35,0.93,9.57,32,2,66.0,0.0,0.0,0.0,2.0,0.0,0.0,0.0,0.0,0.0,0.0,1.0,0.0,12.0,1267.0,1347.0,0.0,0.050000000000000044,0.019999999999999907,0.07000000000000028,1.7599999999999998,15.0,11.099999999999994,4.0,3.0,1.0,4.0,2.0,7.0
247,Dário,Luís Essugo,D.Essugo,a,,,4.3,597,351.0,0.1,561,206.0,0.0,521.0,168.0,0,0,0.0,-2,2.0,142,202,0.0,0.0,0.5,0.0,0.0,655.0,246.0,100.0,100.0,480.0,218.0,482.0,234.0,615.0,228.0,496.0,227.0,,,,,,,,0.0,0.0,0.0,2.92,0.0,0.0,0.0,0.0,45.0,32,0,8.0,0.0,0.0,0.0,0.0,0.0,0.0,0.0,1.0,0.0,0.0,0.0,0.0,0.0,309.0,286.0,0.0,0.0,0.0,0.0,0.26,4.6,0.3,0.0,0.5,3.0,1.0,0.0,4.0
248,Kendry,Páez Andrade,Paez,u,has joined River Plate on loan for the rest of the season.,,4.5,499,309.0,0.0,789,344.0,0.0,660.0,258.0,0,0,0.0,0,0.0,0,0,0.0,0.0,0.0,0.0,0.0,749.0,315.0,0.0,0.0,748.0,314.0,741.0,314.0,728.0,310.0,748.0,314.0,,,,,,,,0.0,0.0,0.0,0.0,0.0,0.0,0.0,0.0,0.0,32,0,0.0,0.0,0.0,0.0,0.0,0.0,0.0,0.0,0.0,0.0,0.0,0.0,0.0,0.0,0.0,0.0,0.0,0.0,0.0,0.0,0.0,0.0,0.0,0.0,0.0,0.0,0.0,0.0,0.0
249,João Pedro,Junqueira de Jesus,João Pedro,a,,,7.7,19,6.0,51.9,3,2.0,2.0,179.0,26.0,2,-1,1.0,2,-2.0,227910,87389,0.3,21.6,4.5,2.0,5.2,11.0,3.0,,,22.0,4.0,55.0,2.0,6.0,5.0,12.0,4.0,,,,,,,,0.52,0.07,0.59,1.24,0.0,0.38,1.13,1.06,4.79,32,2,81.0,0.0,0.0,0.0,3.0,0.0,0.0,0.0,0.0,0.0,0.0,1.0,0.0,9.0,335286.0,252125.0,0.0,0.17999999999999972,0.010000000000000009,0.1899999999999995,2.0299999999999976,0.1999999999999318,1.0,11.0,1.1999999999999886,0.0,0.0,1.0,1.0
250,Liam,Delap,Delap,a,,,6.2,76,24.0,0.9,203,29.0,1.0,270.0,35.0,1,0,0.0,-3,3.0,476,559,0.2,6.3,2.5,1.0,1.7,397.0,48.0,100.0,100.0,402.0,46.0,340.0,40.0,88.0,28.0,300.0,33.0,,,,,,,,0.45,0.02,0.47,1.34,0.0,0.23,1.48,1.02,3.86,32,1,9.0,0.0,0.0,0.0,0.0,0.0,0.0,0.0,0.0,0.0,0.0,0.0,0.0,2.0,523.0,834.0,0.0,0.0,0.0,0.0,0.2599999999999998,0.0,0.0,0.0,0.0,0.0,1.0,0.0,1.0
672,Jorrel,Hato,Hato,a,,,4.6,405,72.0,0.2,384,141.0,1.0,225.0,74.0,1,0,0.0,-4,4.0,1140,271,0.2,2.8,2.5,1.0,0.8,516.0,179.0,100.0,100.0,330.0,126.0,284.0,88.0,364.0,123.0,356.0,122.0,,,,,,,,0.04,0.06,0.1,1.53,0.0,0.0,2.35,0.87,7.91,32,1,90.0,0.0,0.0,0.0,3.0,0.0,0.0,0.0,0.0,0.0,0.0,1.0,0.0,7.0,1404.0,557.0,0.0,0.0,0.010000000000000009,0.010000000000000009,2.290000000000001,22.0,1.2000000000000028,2.0,2.5,4.0,3.0,3.0,7.0
803,Teddy,Sharman-Lowe,Sharman-Lowe,a,,,4.0,702,58.0,0.0,777,90.0,0.0,443.0,71.0,0,0,0.0,0,0.0,14,9,0.0,0.0,0.5,0.0,0.0,608.0,80.0,,,599.0,80.0,590.0,67.0,559.0,54.0,601.0,80.0,,,,,,,,0.0,0.0,0.0,0.0,0.0,0.0,0.0,0.0,0.0,32,0,0.0,0.0,0.0,0.0,0.0,0.0,0.0,0.0,0.0,0.0,0.0,0.0,0.0,0.0,17.0,18.0,0.0,0.0,0.0,0.0,0.0,0.0,0.0,0.0,0.0,0.0,0.0,0.0,0.0
253,Dean,Henderson,Henderson,a,,,5.1,223,7.0,8.0,45,8.0,2.0,156.0,15.0,2,0,0.0,1,-1.0,17873,23173,0.4,22.9,2.0,2.0,3.9,71.0,9.0,,,27.0,9.0,434.0,13.0,796.0,91.0,190.0,9.0,,,,,,,,0.0,0.0,0.0,1.34,2.93,0.33,1.2,1.0,0.0,32,2,90.0,0.0,0.0,0.0,1.0,0.0,0.0,0.0,0.0,0.0,2.0,1.0,0.0,12.0,22985.0,35410.0,0.0,0.0,0.0,0.0,1.1300000000000026,14.799999999999955,0.0,0.0,1.5,0.0,2.0,12.0,0.0
254,Walter,Benítez,Benitez,a,,,3.9,750,73.0,0.3,308,42.0,0.0,375.0,34.0,0,0,0.0,-1,1.0,389,825,0.0,1.8,0.0,0.0,7.0,1.0,1.0,100.0,100.0,447.0,33.0,526.0,28.0,494.0,15.0,470.0,33.0,,,,,,,,0.0,0.0,0.0,1.12,3.0,1.0,0.0,1.0,0.0,32,0,0.0,0.0,0.0,0.0,0.0,0.0,0.0,0.0,0.0,0.0,0.0,0.0,0.0,0.0,2689.0,1111.0,0.0,0.0,0.0,0.0,0.0,0.0,0.0,0.0,0.0,0.0,0.0,0.0,0.0
255,Remi,Matthews,Matthews,a,,,3.9,753,76.0,0.1,482,72.0,0.0,378.0,37.0,0,0,0.0,-1,1.0,27,94,0.0,0.0,0.0,0.0,0.0,552.0,48.0,,,542.0,48.0,529.0,31.0,497.0,18.0,544.0,48.0,,,,,,,,0.0,0.0,0.0,0.0,0.0,0.0,0.0,0.0,0.0,32,0,0.0,0.0,0.0,0.0,0.0,0.0,0.0,0.0,0.0,0.0,0.0,0.0,0.0,0.0,44.0,117.0,0.0,0.0,0.0,0.0,0.0,0.0,0.0,0.0,0.0,0.0,0.0,0.0,0.0
256,Daniel,Muñoz Mejía,Muñoz,a,,,5.8,105,6.0,7.4,54,18.0,4.0,89.0,32.0,4,0,0.0,3,-3.0,33546,13278,0.7,19.5,4.0,4.0,5.1,12.0,3.0,100.0,100.0,112.0,49.0,108.0,26.0,75.0,7.0,84.0,19.0,,,,,,,,0.11,0.16,0.27,1.23,0.0,0.43,1.01,1.06,7.42,32,4,90.0,0.0,0.0,0.0,1.0,0.0,0.0,0.0,0.0,0.0,0.0,1.0,0.0,13.0,47192.0,25858.0,0.0,0.2699999999999998,0.04999999999999982,0.3199999999999994,1.1300000000000026,22.0,7.0,59.0,8.799999999999997,6.0,6.0,1.0,12.0
257,Maxence,Lacroix,Lacroix,d,Knee injury - 75% chance of playing,,5.1,231,33.0,4.8,80,26.0,4.0,84.0,31.0,4,0,0.0,1,-1.0,23218,20452,0.8,25.9,3.0,4.0,4.6,26.0,10.0,75.0,100.0,34.0,12.0,306.0,98.0,113.0,15.0,98.0,28.0,,,,,,,,0.07,0.03,0.1,1.27,0.0,0.35,1.22,1.01,10.83,32,4,90.0,0.0,0.0,0.0,1.0,0.0,0.0,0.0,0.0,0.0,0.0,1.0,0.0,11.0,41570.0,25859.0,0.0,0.0,0.010000000000000009,0.010000000000000231,1.1299999999999955,19.399999999999977,0.5999999999999943,2.0,2.200000000000003,2.0,12.0,3.0,14.0
258,Tyrick,Mitchell,Mitchell,a,,,5.0,255,40.0,2.2,133,53.0,5.0,52.0,17.0,5,0,0.0,0,0.0,8673,4661,1.0,23.8,5.0,5.0,3.8,79.0,29.0,,,70.0,34.0,70.0,14.0,161.0,34.0,83.0,18.0,,,,,,,,0.03,0.07,0.1,1.35,0.0,0.36,1.17,1.01,6.62,32,5,90.0,0.0,1.0,0.0,1.0,0.0,0.0,0.0,0.0,0.0,0.0,1.0,0.0,23.0,11380.0,6569.0,0.0,0.0,0.5500000000000003,0.5500000000000003,1.1300000000000026,29.800000000000068,26.80000000000001,2.0,5.900000000000006,4.0,3.0,6.0,7.0
264,Rob,Holding,Holding,u,Has joined Colorado Rapids permanently.,,4.0,670,164.0,0.0,706,249.0,0.0,413.0,147.0,0,0,0.0,0,0.0,0,6,0.0,0.0,0.0,0.0,0.0,583.0,212.0,0.0,0.0,573.0,211.0,563.0,211.0,532.0,207.0,575.0,211.0,,,,,,,,0.0,0.0,0.0,0.0,0.0,0.0,0.0,0.0,0.0,32,0,0.0,0.0,0.0,0.0,0.0,0.0,0.0,0.0,0.0,0.0,0.0,0.0,0.0,0.0,0.0,8.0,0.0,0.0,0.0,0.0,0.0,0.0,0.0,0.0,0.0,0.0,0.0,0.0,0.0
267,Ismaïla,Sarr,Sarr,a,,,6.3,70,46.0,3.7,98,33.0,1.0,271.0,126.0,1,0,0.0,-2,2.0,10810,27231,0.2,14.9,1.0,1.0,4.5,34.0,13.0,100.0,100.0,156.0,56.0,173.0,114.0,52.0,30.0,100.0,56.0,,,3.0,,,,,0.41,0.04,0.45,1.27,0.0,0.46,0.98,1.03,6.06,32,1,26.0,0.0,0.0,0.0,0.0,0.0,0.0,0.0,0.0,0.0,0.0,0.0,0.0,5.0,35181.0,40924.0,0.0,0.05999999999999872,0.07000000000000006,0.13000000000000078,0.019999999999999574,4.399999999999977,4.299999999999983,9.0,1.7999999999999972,1.0,0.0,3.0,4.0
268,Cheick,Doucouré,Doucouré,i,Lack of match fitness - Expected back 01 Jun,,4.9,323,200.0,0.0,800,354.0,0.0,717.0,297.0,0,0,0.0,-1,1.0,5,6,0.0,0.0,0.0,0.0,0.0,781.0,339.0,0.0,0.0,780.0,338.0,776.0,338.0,772.0,336.0,780.0,338.0,,,,,,,,0.0,0.0,0.0,0.0,0.0,0.0,0.0,0.0,0.0,32,0,0.0,0.0,0.0,0.0,0.0,0.0,0.0,0.0,0.0,0.0,0.0,0.0,0.0,0.0,9.0,10.0,0.0,0.0,0.0,0.0,0.0,0.0,0.0,0.0,0.0,0.0,0.0,0.0,0.0
280,David,Ozoh,Ozoh,u,Has joined Derby County on loan for the rest of the season.,,4.5,457,275.0,0.0,817,363.0,0.0,621.0,226.0,0,0,0.0,0,0.0,0,0,0.0,0.0,0.0,0.0,0.0,720.0,292.0,0.0,0.0,715.0,287.0,710.0,289.0,694.0,282.0,716.0,288.0,,,,,,,,0.0,0.0,0.0,0.0,0.0,0.0,0.0,0.0,0.0,32,0,0.0,0.0,0.0,0.0,0.0,0.0,0.0,0.0,0.0,0.0,0.0,0.0,0.0,0.0,0.0,0.0,0.0,0.0,0.0,0.0,0.0,0.0,0.0,0.0,0.0,0.0,0.0,0.0,0.0
281,Kaden,Rodney,Rodney,a,,,4.4,554,333.0,0.0,585,218.0,0.0,568.0,193.0,0,0,0.0,-1,1.0,29,56,0.0,0.2,0.0,0.0,1.0,474.0,209.0,,,673.0,257.0,490.0,238.0,649.0,252.0,675.0,259.0,,,,,,,,0.0,0.0,0.0,19.5,0.0,0.0,0.0,0.0,0.0,32,0,0.0,0.0,0.0,0.0,0.0,0.0,0.0,0.0,0.0,0.0,0.0,0.0,0.0,0.0,59.0,78.0,0.0,0.0,0.0,0.0,0.0,0.0,0.0,0.0,0.0,0.0,0.0,0.0,0.0
283,Jean-Philippe,Mateta,Mateta,a,,,7.5,21,8.0,7.1,58,10.0,12.0,5.0,1.0,12,0,0.0,0,0.0,75326,4175,1.6,12.9,12.0,12.0,3.9,78.0,7.0,100.0,100.0,96.0,8.0,241.0,26.0,17.0,10.0,50.0,12.0,,,2.0,,,,,0.6,0.06,0.66,1.23,0.0,0.37,1.06,1.06,5.33,32,12,25.0,2.0,0.0,0.0,0.0,0.0,0.0,0.0,0.0,0.0,0.0,0.0,3.0,53.0,77838.0,5187.0,0.0,1.08,0.0,1.08,0.019999999999999574,73.0,10.100000000000009,34.0,11.699999999999989,1.0,2.0,2.0,5.0
284,Eddie,Nketiah,Nketiah,i,Hamstring injury - Expected back 01 Jun,,5.4,163,39.0,0.3,335,54.0,0.0,774.0,83.0,0,0,0.0,-1,1.0,42,199,0.0,4.3,0.0,0.0,1.9,361.0,41.0,0.0,0.0,350.0,34.0,299.0,34.0,174.0,40.0,316.0,36.0,,,,,,,,0.38,0.1,0.48,2.06,0.0,0.0,2.61,0.43,8.26,32,0,0.0,0.0,0.0,0.0,0.0,0.0,0.0,0.0,0.0,0.0,0.0,0.0,0.0,0.0,57.0,267.0,0.0,0.0,0.0,0.0,0.0,0.0,0.0,0.0,0.0,0.0,0.0,0.0,0.0
285,Odsonne,Édouard,Édouard,u,has joined RC Lens permanently.,,5.0,247,53.0,0.2,375,58.0,0.0,732.0,80.0,0,0,0.0,0,0.0,0,23,0.0,0.2,0.0,0.0,1.0,498.0,60.0,0.0,0.0,495.0,57.0,786.0,87.0,781.0,87.0,508.0,62.0,,,,,,,,0.0,0.0,0.0,12.15,0.0,0.0,0.0,0.0,45.0,32,0,0.0,0.0,0.0,0.0,0.0,0.0,0.0,0.0,0.0,0.0,0.0,0.0,0.0,0.0,0.0,29.0,0.0,0.0,0.0,0.0,0.0,0.0,0.0,0.0,0.0,0.0,0.0,0.0,0.0
286,Zach,Marsh,Marsh,a,,,4.4,562,80.0,0.3,319,50.0,0.0,575.0,61.0,0,0,0.0,-1,1.0,144,349,0.0,0.0,0.0,0.0,0.0,686.0,73.0,,,680.0,73.0,675.0,72.0,656.0,72.0,682.0,73.0,,,,,,,,0.0,0.0,0.0,0.0,0.0,0.0,0.0,0.0,0.0,32,0,0.0,0.0,0.0,0.0,0.0,0.0,0.0,0.0,0.0,0.0,0.0,0.0,0.0,0.0,203.0,452.0,0.0,0.0,0.0,0.0,0.0,0.0,0.0,0.0,0.0,0.0,0.0,0.0,0.0
580,Brennan,Johnson,Johnson,a,,,6.5,49,31.0,2.3,129,43.0,2.0,176.0,77.0,2,0,0.0,-5,5.0,730,1311,0.3,8.5,2.0,2.0,2.0,346.0,151.0,,,282.0,119.0,153.0,103.0,154.0,87.0,226.0,112.0,1.0,3.0,,,,,,0.13,0.06,0.19,1.47,0.0,0.35,0.98,0.98,6.15,32,2,63.0,0.0,0.0,0.0,1.0,0.0,0.0,0.0,0.0,0.0,0.0,1.0,0.0,9.0,1027.0,1741.0,0.0,0.0,0.010000000000000009,0.009999999999999787,1.1199999999999974,6.399999999999977,11.599999999999994,2.0,2.0,0.0,3.0,3.0,6.0
690,Rio,Cardines,Cardines,a,,,4.4,566,340.0,0.3,345,120.0,0.0,578.0,198.0,0,0,0.0,-1,1.0,34,102,0.0,0.0,0.0,0.0,0.0,689.0,268.0,100.0,100.0,683.0,262.0,678.0,265.0,659.0,257.0,685.0,264.0,,,,,,,,0.0,0.0,0.0,0.0,0.0,0.0,0.0,0.0,0.0,32,0,0.0,0.0,0.0,0.0,0.0,0.0,0.0,0.0,0.0,0.0,0.0,0.0,0.0,0.0,54.0,141.0,0.0,0.0,0.0,0.0,0.0,0.0,0.0,0.0,0.0,0.0,0.0,0.0,0.0
712,Yéremy,Pino Santos,Yeremy,a,,,5.8,109,70.0,0.2,400,137.0,2.0,171.0,74.0,2,0,0.0,-2,2.0,277,589,0.3,11.7,2.0,2.0,2.4,294.0,128.0,100.0,100.0,219.0,91.0,22.0,21.0,78.0,45.0,64.0,40.0,,1.0,,,,,,0.21,0.27,0.48,1.26,0.0,0.35,1.06,1.11,7.34,32,2,75.0,0.0,0.0,0.0,1.0,0.0,0.0,0.0,0.0,0.0,0.0,1.0,0.0,22.0,341.0,826.0,0.0,0.15000000000000036,0.6699999999999999,0.8200000000000003,1.1300000000000026,10.0,38.89999999999998,13.0,6.200000000000003,2.0,1.0,8.0,11.0
723,Jaydee,Canvot,Canvot,a,,,4.5,512,97.0,0.2,414,152.0,4.0,78.0,28.0,4,0,0.0,0,0.0,1743,1257,0.9,11.6,4.0,4.0,3.7,90.0,33.0,100.0,100.0,250.0,99.0,362.0,129.0,357.0,118.0,338.0,114.0,,,,,,,,0.13,0.03,0.16,1.72,0.0,0.46,1.14,0.91,12.29,32,4,90.0,0.0,0.0,0.0,1.0,0.0,0.0,0.0,0.0,0.0,0.0,1.0,0.0,9.0,8738.0,1708.0,0.0,0.3699999999999999,0.05000000000000002,0.41999999999999993,1.1300000000000008,31.399999999999977,4.899999999999999,7.0,4.300000000000001,2.0,10.0,5.0,12.0
732,Christantus,Uche,Uche,a,,,5.5,152,37.0,0.1,579,79.0,0.0,791.0,86.0,0,0,0.0,0,0.0,76,129,0.0,3.1,0.0,0.0,1.2,444.0,54.0,,,458.0,54.0,439.0,57.0,298.0,50.0,427.0,54.0,,,,,,,,0.28,0.01,0.29,2.62,0.0,0.0,2.26,0.0,7.36,32,0,0.0,0.0,0.0,0.0,0.0,0.0,0.0,0.0,0.0,0.0,0.0,0.0,0.0,0.0,109.0,162.0,0.0,0.0,0.0,0.0,0.0,0.0,0.0,0.0,0.0,0.0,0.0,0.0,0.0
762,Joél,Drakes-Thomas,Drakes-Thomas,a,,,4.5,515,320.0,0.0,779,336.0,0.0,674.0,268.0,0,0,0.0,0,0.0,11,13,0.0,0.4,0.0,0.0,1.0,488.0,221.0,,,499.0,230.0,472.0,229.0,741.0,320.0,504.0,232.0,,,,,,,,0.0,0.0,0.0,9.39,0.0,0.0,12.86,0.0,38.57,32,0,0.0,0.0,0.0,0.0,0.0,0.0,0.0,0.0,0.0,0.0,0.0,0.0,0.0,0.0,14.0,16.0,0.0,0.0,0.0,0.0,0.0,0.0,0.0,0.0,0.0,0.0,0.0,0.0,0.0
780,Ben,Casey,Casey,a,,,4.5,508,73.0,0.0,663,85.0,0.0,668.0,71.0,0,0,0.0,0,0.0,54,81,0.0,0.0,0.0,0.0,0.0,757.0,83.0,,,756.0,83.0,749.0,82.0,736.0,82.0,756.0,83.0,,,,,,,,0.0,0.0,0.0,0.0,0.0,0.0,0.0,0.0,0.0,32,0,0.0,0.0,0.0,0.0,0.0,0.0,0.0,0.0,0.0,0.0,0.0,0.0,0.0,0.0,84.0,110.0,0.0,0.0,0.0,0.0,0.0,0.0,0.0,0.0,0.0,0.0,0.0,0.0,0.0
793,George,King,King,a,,,4.0,727,199.0,0.0,687,242.0,0.0,467.0,180.0,0,0,0.0,0,0.0,64,45,0.0,0.0,0.0,0.0,0.0,629.0,239.0,,,620.0,239.0,612.0,239.0,582.0,236.0,622.0,239.0,,,,,,,,0.0,0.0,0.0,0.0,0.0,0.0,0.0,0.0,0.0,32,0,0.0,0.0,0.0,0.0,0.0,0.0,0.0,0.0,0.0,0.0,0.0,0.0,0.0,0.0,88.0,50.0,0.0,0.0,0.0,0.0,0.0,0.0,0.0,0.0,0.0,0.0,0.0,0.0,0.0
798,Danny,Imray,Imray,u,has joined West Brom on loan for the rest of the season.,,4.0,703,182.0,0.0,804,265.0,0.0,444.0,163.0,0,0,0.0,0,0.0,0,2,0.0,0.0,0.0,0.0,0.0,609.0,225.0,0.0,0.0,600.0,225.0,591.0,225.0,560.0,221.0,602.0,225.0,,,,,,,,0.0,0.0,0.0,0.0,0.0,0.0,0.0,0.0,0.0,32,0,0.0,0.0,0.0,0.0,0.0,0.0,0.0,0.0,0.0,0.0,0.0,0.0,0.0,0.0,0.0,2.0,0.0,0.0,0.0,0.0,0.0,0.0,0.0,0.0,0.0,0.0,0.0,0.0,0.0
242,Kiernan,Dewsbury-Hall,Dewsbury-Hall,a,,,5.1,227,138.0,4.3,85,27.0,6.0,25.0,12.0,9,0,0.0,1,-1.0,17833,34236,1.2,24.7,5.5,6.0,5.0,15.0,6.0,100.0,100.0,84.0,27.0,43.0,37.0,63.0,36.0,47.0,32.0,3.0,,,,,,,0.16,0.17,0.33,1.37,0.0,0.34,1.16,1.03,7.81,32,9,90.0,1.0,0.0,0.0,2.0,0.0,0.0,0.0,0.0,0.0,0.0,1.0,2.0,36.0,29296.0,67146.0,0.0,0.3700000000000001,0.05000000000000071,0.41999999999999993,2.84,48.0,26.5,38.0,11.300000000000011,2.0,0.0,8.0,10.0
243,Tyrique,George,George,a,,,4.8,374,234.0,0.1,549,201.0,0.5,309.0,147.0,1,0,0.0,-2,2.0,61,118,0.1,2.3,0.0,0.5,1.1,446.0,199.0,100.0,100.0,453.0,201.0,395.0,199.0,261.0,143.0,403.0,183.0,,,,,,,,0.19,0.06,0.25,1.7,0.0,0.34,1.72,0.34,4.83,32,1,16.0,0.0,0.0,0.0,1.0,0.0,0.0,0.0,0.0,0.0,0.0,0.0,0.0,5.0,78.0,175.0,0.0,0.08000000000000002,0.04000000000000001,0.12,0.9699999999999998,5.4,5.0,24.0,3.4000000000000004,1.0,0.0,1.0,2.0
287,Jordan,Pickford,Pickford,a,,,5.6,122,2.0,12.9,26,3.0,3.5,109.0,9.0,0,0,0.0,1,-1.0,20394,52220,0.6,22.5,3.0,3.5,3.9,74.0,10.0,,,12.0,4.0,486.0,14.0,458.0,3.0,172.0,5.0,,,,,,,,0.0,0.0,0.0,1.49,2.75,0.34,1.16,1.0,0.0,32,0,90.0,0.0,0.0,0.0,2.0,0.0,0.0,0.0,1.0,0.0,2.0,1.0,0.0,0.0,35044.0,71146.0,0.0,0.0,0.0,0.0,2.8400000000000034,13.399999999999977,0.0,0.0,1.2999999999999972,0.0,0.0,5.0,0.0
291,James,Tarkowski,Tarkowski,a,,,5.7,110,8.0,11.3,32,11.0,4.5,73.0,23.0,3,0,0.0,2,-2.0,37857,76304,0.8,25.4,4.0,4.5,4.7,25.0,9.0,100.0,100.0,10.0,4.0,190.0,50.0,98.0,10.0,58.0,8.0,,,,,,,,0.07,0.04,0.11,1.45,0.0,0.35,1.13,1.0,10.45,32,3,90.0,0.0,0.0,0.0,2.0,0.0,0.0,0.0,0.0,0.0,0.0,1.0,0.0,11.0,84837.0,101480.0,0.0,0.0,0.0,0.0,2.8400000000000034,32.40000000000009,0.5999999999999943,0.0,3.299999999999997,1.0,13.0,2.0,14.0
292,Vitalii,Mykolenko,Mykolenko,a,,,4.9,310,50.0,0.6,250,94.0,5.0,50.0,15.0,3,0,0.0,-1,1.0,1655,3822,1.0,17.8,4.5,5.0,3.2,172.0,66.0,100.0,100.0,110.0,48.0,87.0,22.0,309.0,95.0,143.0,46.0,,,,,,,,0.01,0.09,0.1,1.48,0.0,0.33,1.26,1.0,7.07,32,3,90.0,0.0,0.0,0.0,2.0,0.0,0.0,0.0,0.0,0.0,0.0,1.0,0.0,7.0,3223.0,5587.0,0.0,0.0,0.010000000000000231,0.009999999999999787,2.8399999999999963,18.200000000000045,11.899999999999977,0.0,3.0,2.0,8.0,5.0,10.0
295,Michael,Keane,Keane,a,,,4.5,412,76.0,2.8,117,45.0,4.0,77.0,27.0,0,-1,1.0,0,0.0,3248,32941,0.9,26.2,3.5,4.0,4.4,37.0,16.0,100.0,100.0,40.0,16.0,384.0,138.0,117.0,19.0,124.0,37.0,,,,,,,,0.08,0.01,0.09,1.56,0.0,0.3,1.26,1.01,10.88,32,0,0.0,0.0,0.0,0.0,0.0,0.0,0.0,0.0,0.0,0.0,0.0,0.0,0.0,0.0,10157.0,49720.0,0.0,0.0,0.0,0.0,0.0,0.0,0.0,0.0,0.0,0.0,0.0,0.0,0.0
297,Roman,Dixon,Dixon,u,has joined Stockport County on loan for the rest of the season.,,3.8,802,246.0,0.2,406,149.0,0.0,354.0,120.0,0,0,0.0,-2,2.0,0,138,0.0,0.0,0.0,0.0,0.0,534.0,192.0,0.0,0.0,524.0,191.0,507.0,190.0,474.0,184.0,526.0,191.0,,,,,,,,0.0,0.0,0.0,0.0,0.0,0.0,0.0,0.0,0.0,32,0,0.0,0.0,0.0,0.0,0.0,0.0,0.0,0.0,0.0,0.0,0.0,0.0,0.0,0.0,0.0,193.0,0.0,0.0,0.0,0.0,0.0,0.0,0.0,0.0,0.0,0.0,0.0,0.0,0.0
299,Iliman,Ndiaye,Ndiaye,a,,,6.2,74,49.0,4.1,94,31.0,6.0,29.0,13.0,2,0,0.0,-3,3.0,11576,17182,1.0,18.4,5.5,6.0,4.4,40.0,17.0,100.0,100.0,72.0,20.0,64.0,51.0,42.0,25.0,41.0,29.0,,,1.0,,,,,0.2,0.17,0.37,1.37,0.0,0.32,1.24,1.04,9.8,32,2,90.0,0.0,0.0,0.0,2.0,0.0,0.0,0.0,0.0,0.0,0.0,1.0,0.0,15.0,22720.0,29076.0,0.0,0.0699999999999994,0.07000000000000028,0.14000000000000057,2.84,18.59999999999991,34.400000000000034,21.0,7.399999999999977,3.0,2.0,5.0,10.0
300,Dwight,McNeil,McNeil,a,,,5.5,142,88.0,0.1,420,144.0,2.5,137.0,55.0,2,0,0.0,-5,5.0,132,548,0.5,8.7,2.0,2.5,2.5,273.0,115.0,,,344.0,156.0,180.0,119.0,237.0,130.0,289.0,144.0,2.0,,,,,,,0.11,0.08,0.19,1.48,0.0,0.53,0.53,1.06,8.33,32,2,73.0,0.0,0.0,0.0,1.0,0.0,0.0,0.0,0.0,0.0,0.0,1.0,0.0,7.0,373.0,820.0,0.0,0.16999999999999993,0.010000000000000009,0.17999999999999994,1.8599999999999994,6.0,4.900000000000006,9.0,2.0,0.0,2.0,5.0,7.0
301,Carlos,Alcaraz Durán,Alcaraz,a,,,5.2,212,130.0,0.1,533,195.0,0.0,760.0,328.0,0,0,0.0,-3,3.0,12,56,0.0,5.0,-0.5,0.0,1.6,406.0,175.0,100.0,0.0,386.0,172.0,229.0,147.0,190.0,106.0,313.0,154.0,,,,,,,,0.14,0.06,0.2,1.76,0.0,0.4,1.08,0.81,8.64,32,0,0.0,0.0,0.0,0.0,0.0,0.0,0.0,0.0,0.0,0.0,0.0,0.0,0.0,0.0,12.0,82.0,0.0,0.0,0.0,0.0,0.0,0.0,0.0,0.0,0.0,0.0,0.0,0.0,0.0
302,Idrissa Gana,Gueye,Gana,a,,,5.4,153,97.0,0.1,448,151.0,6.5,20.0,8.0,5,0,0.0,-1,1.0,1367,562,1.2,14.6,6.0,6.5,3.4,148.0,62.0,100.0,100.0,157.0,57.0,145.0,97.0,147.0,83.0,153.0,80.0,,,,,,,,0.08,0.08,0.16,1.36,0.0,0.23,1.08,1.08,9.76,32,5,73.0,0.0,1.0,0.0,1.0,0.0,0.0,0.0,0.0,0.0,0.0,1.0,0.0,25.0,2106.0,670.0,0.0,0.1100000000000001,0.5999999999999999,0.71,1.860000000000003,28.80000000000001,12.800000000000011,22.0,6.3999999999999915,1.0,5.0,3.0,9.0
305,Harrison,Armstrong,Armstrong,a,,,4.5,498,308.0,0.1,514,186.0,0.0,659.0,257.0,0,0,0.0,0,0.0,128,385,0.0,4.2,-0.5,0.0,1.7,390.0,165.0,100.0,100.0,408.0,178.0,322.0,178.0,290.0,156.0,382.0,177.0,,,,,,,,0.14,0.04,0.18,1.96,0.0,0.18,1.82,1.09,9.09,32,0,0.0,0.0,0.0,0.0,0.0,0.0,0.0,0.0,0.0,0.0,0.0,0.0,0.0,0.0,204.0,530.0,0.0,0.0,0.0,0.0,0.0,0.0,0.0,0.0,0.0,0.0,0.0,0.0,0.0
306,Callum,Bates,Bates,a,,,4.3,608,358.0,0.1,496,177.0,0.0,532.0,175.0,0,0,0.0,-2,2.0,96,289,0.0,0.0,-0.5,0.0,0.0,660.0,250.0,,,650.0,240.0,646.0,245.0,623.0,234.0,652.0,242.0,,,,,,,,0.0,0.0,0.0,0.0,0.0,0.0,0.0,0.0,0.0,32,0,0.0,0.0,0.0,0.0,0.0,0.0,0.0,0.0,0.0,0.0,0.0,0.0,0.0,0.0,182.0,410.0,0.0,0.0,0.0,0.0,0.0,0.0,0.0,0.0,0.0,0.0,0.0,0.0,0.0
308,Isaac,Heath,Heath,u,has joined Accrington on loan for the rest of the season.,,4.5,451,270.0,0.0,708,288.0,0.0,615.0,221.0,0,0,0.0,0,0.0,0,5,0.0,0.0,0.0,0.0,0.0,715.0,287.0,0.0,0.0,710.0,282.0,705.0,284.0,689.0,277.0,711.0,283.0,,,,,,,,0.0,0.0,0.0,0.0,0.0,0.0,0.0,0.0,0.0,32,0,0.0,0.0,0.0,0.0,0.0,0.0,0.0,0.0,0.0,0.0,0.0,0.0,0.0,0.0,0.0,5.0,0.0,0.0,0.0,0.0,0.0,0.0,0.0,0.0,0.0,0.0,0.0,0.0,0.0
309,Jenson,Metcalfe,Metcalfe,u,Has joined Bradford City permanently.,,4.5,448,268.0,0.0,824,369.0,0.0,612.0,219.0,0,0,0.0,0,0.0,0,0,0.0,0.0,0.0,0.0,0.0,713.0,285.0,0.0,0.0,708.0,280.0,703.0,282.0,687.0,275.0,709.0,281.0,,,,,,,,0.0,0.0,0.0,0.0,0.0,0.0,0.0,0.0,0.0,32,0,0.0,0.0,0.0,0.0,0.0,0.0,0.0,0.0,0.0,0.0,0.0,0.0,0.0,0.0,0.0,0.0,0.0,0.0,0.0,0.0,0.0,0.0,0.0,0.0,0.0,0.0,0.0,0.0,0.0
310,Thierno,Barry,Barry,a,,,5.7,119,32.0,0.7,222,31.0,1.0,263.0,32.0,1,0,0.0,-3,3.0,466,8550,0.2,13.5,0.5,1.0,2.4,293.0,31.0,,,244.0,22.0,196.0,18.0,50.0,20.0,152.0,21.0,,,,,,,,0.34,0.02,0.36,1.58,0.0,0.38,1.37,1.04,3.17,32,1,16.0,0.0,0.0,0.0,1.0,0.0,0.0,0.0,0.0,0.0,0.0,0.0,0.0,3.0,916.0,13367.0,0.0,0.0,0.010000000000000009,0.009999999999999787,0.9700000000000024,1.0,10.300000000000011,2.0,1.2999999999999972,0.0,0.0,0.0,0.0
311,Norberto Bercique,Gomes Betuncal,Beto,a,,,5.0,265,55.0,2.9,116,19.0,11.5,6.0,2.0,7,0,0.0,-5,5.0,17908,12611,2.3,16.6,11.0,11.5,2.6,253.0,28.0,,,178.0,17.0,247.0,28.0,30.0,16.0,101.0,16.0,,,3.0,,,,,0.55,0.02,0.57,1.43,0.0,0.35,1.06,0.92,5.32,32,7,73.0,1.0,0.0,0.0,1.0,0.0,0.0,0.0,0.0,0.0,0.0,1.0,1.0,27.0,34326.0,15420.0,0.0,0.5700000000000003,0.010000000000000009,0.5800000000000001,1.8599999999999994,37.19999999999999,12.700000000000003,40.0,9.0,0.0,2.0,0.0,2.0
312,Youssef,Ramalho Chermiti,Y.Chermiti,u,has joined Rangers permanently.,,4.9,332,62.0,0.1,553,76.0,0.0,722.0,79.0,0,0,0.0,-1,1.0,0,5,0.0,0.0,0.0,0.0,0.0,785.0,87.0,0.0,0.0,784.0,87.0,780.0,86.0,776.0,86.0,784.0,87.0,,,,,,,,0.0,0.0,0.0,0.0,0.0,0.0,0.0,0.0,0.0,32,0,0.0,0.0,0.0,0.0,0.0,0.0,0.0,0.0,0.0,0.0,0.0,0.0,0.0,0.0,0.0,7.0,0.0,0.0,0.0,0.0,0.0,0.0,0.0,0.0,0.0,0.0,0.0,0.0,0.0
313,Martin,Sherif,Sherif,u,has joined Port Vale on loan for the rest of the season.,,4.4,556,78.0,0.1,454,65.0,0.0,570.0,59.0,0,0,0.0,-1,1.0,0,51,0.0,0.0,0.0,0.0,0.0,682.0,71.0,0.0,0.0,675.0,71.0,670.0,70.0,651.0,70.0,677.0,71.0,,,,,,,,0.0,0.0,0.0,0.0,0.0,0.0,0.0,0.0,0.0,32,0,0.0,0.0,0.0,0.0,0.0,0.0,0.0,0.0,0.0,0.0,0.0,0.0,0.0,0.0,0.0,58.0,0.0,0.0,0.0,0.0,0.0,0.0,0.0,0.0,0.0,0.0,0.0,0.0,0.0
419,Jack,Grealish,Grealish,i,Foot injury - Expected back 01 Jun,,6.3,65,42.0,5.7,68,23.0,0.0,809.0,358.0,0,0,0.0,-2,2.0,27,3051,0.0,12.5,0.0,0.0,4.0,65.0,29.0,0.0,0.0,161.0,59.0,35.0,32.0,56.0,33.0,57.0,37.0,,,,,,,,0.11,0.19,0.3,1.43,0.0,0.39,1.27,1.0,7.47,32,0,0.0,0.0,0.0,0.0,0.0,0.0,0.0,0.0,0.0,0.0,0.0,0.0,0.0,0.0,51.0,3785.0,0.0,0.0,0.0,0.0,0.0,0.0,0.0,0.0,0.0,0.0,0.0,0.0,0.0
630,Tom,King,King,a,,,3.9,751,74.0,1.2,179,21.0,0.0,376.0,35.0,0,0,0.0,-1,1.0,139,1193,0.0,0.0,-0.5,0.0,0.0,550.0,46.0,,,540.0,46.0,527.0,29.0,495.0,16.0,542.0,46.0,,,,,,,,0.0,0.0,0.0,0.0,0.0,0.0,0.0,0.0,0.0,32,0,0.0,0.0,0.0,0.0,0.0,0.0,0.0,0.0,0.0,0.0,0.0,0.0,0.0,0.0,225.0,1542.0,0.0,0.0,0.0,0.0,0.0,0.0,0.0,0.0,0.0,0.0,0.0,0.0,0.0
667,Adam,Aznou,Aznou,a,,,4.2,639,148.0,0.1,570,204.0,0.0,494.0,202.0,0,0,0.0,-3,3.0,21,57,0.0,0.0,-0.5,0.0,0.0,645.0,251.0,100.0,100.0,637.0,252.0,631.0,251.0,605.0,250.0,639.0,252.0,,,,,,,,0.0,0.0,0.0,0.0,0.0,0.0,0.0,0.0,0.0,32,0,0.0,0.0,0.0,0.0,0.0,0.0,0.0,0.0,0.0,0.0,0.0,0.0,0.0,0.0,35.0,72.0,0.0,0.0,0.0,0.0,0.0,0.0,0.0,0.0,0.0,0.0,0.0,0.0,0.0
318,Calvin,Bassey,Bassey,a,,,4.4,535,111.0,0.6,241,90.0,2.5,127.0,50.0,3,0,0.0,-1,1.0,1496,5668,0.6,18.2,2.5,2.0,3.3,154.0,60.0,100.0,100.0,97.0,42.0,273.0,81.0,262.0,74.0,202.0,69.0,,,,,,,,0.07,0.01,0.08,1.35,0.0,0.18,1.58,0.99,7.86,32,3,90.0,0.0,0.0,0.0,2.0,0.0,0.0,0.0,0.0,0.0,0.0,1.0,0.0,13.0,2128.0,14404.0,0.0,0.0,0.0,0.0,1.5899999999999999,25.0,0.5,2.0,2.799999999999997,5.0,8.0,1.0,13.0
323,Samuel,Amissah,Amissah,a,,,3.8,815,257.0,0.1,425,158.0,0.0,366.0,130.0,0,0,0.0,-2,2.0,90,155,0.0,0.0,0.0,-0.5,0.0,542.0,199.0,,,532.0,198.0,517.0,198.0,485.0,193.0,534.0,198.0,,,,,,,,0.0,0.0,0.0,0.0,0.0,0.0,0.0,0.0,0.0,32,0,0.0,0.0,0.0,0.0,0.0,0.0,0.0,0.0,0.0,0.0,0.0,0.0,0.0,0.0,131.0,213.0,0.0,0.0,0.0,0.0,0.0,0.0,0.0,0.0,0.0,0.0,0.0,0.0,0.0
324,Alex,Iwobi,Iwobi,a,,,6.3,66,43.0,1.9,141,47.0,1.5,206.0,95.0,2,-1,1.0,-2,2.0,2811,35611,0.2,15.4,1.5,1.0,3.7,102.0,45.0,100.0,100.0,101.0,33.0,15.0,15.0,101.0,62.0,40.0,28.0,2.0,,,,,,,0.06,0.18,0.24,1.39,0.0,0.16,1.58,1.05,6.8,32,2,90.0,0.0,0.0,0.0,2.0,0.0,0.0,0.0,0.0,0.0,0.0,1.0,0.0,20.0,4119.0,61918.0,0.0,0.039999999999999813,0.3199999999999994,0.3600000000000003,1.5900000000000034,27.400000000000034,32.700000000000045,27.0,8.699999999999989,1.0,3.0,5.0,9.0
325,Emile,Smith Rowe,Smith Rowe,a,,,5.6,126,78.0,0.5,268,95.0,1.0,260.0,122.0,1,0,0.0,-4,4.0,463,1422,0.2,11.8,1.0,0.5,2.1,329.0,144.0,100.0,100.0,241.0,103.0,119.0,84.0,76.0,43.0,136.0,75.0,,,,,,,,0.27,0.06,0.33,1.54,0.0,0.18,1.38,0.96,6.97,32,1,45.0,0.0,0.0,0.0,0.0,0.0,0.0,0.0,0.0,0.0,0.0,0.0,0.0,0.0,640.0,2100.0,0.0,0.21999999999999975,0.010000000000000009,0.23000000000000043,0.7800000000000011,5.400000000000006,2.6999999999999886,17.0,2.5,2.0,2.0,0.0,4.0
327,Andreas,Hoelgebaum Pereira,Andreas,u,has joined Palmeiras permanently.,,5.3,184,115.0,0.1,565,209.0,0.0,764.0,330.0,0,0,0.0,-2,2.0,0,5,0.0,0.0,0.0,0.0,0.0,804.0,355.0,0.0,0.0,803.0,354.0,802.0,354.0,799.0,353.0,803.0,354.0,,,,,,,,0.0,0.0,0.0,0.0,0.0,0.0,0.0,0.0,0.0,32,0,0.0,0.0,0.0,0.0,0.0,0.0,0.0,0.0,0.0,0.0,0.0,0.0,0.0,0.0,0.0,7.0,0.0,0.0,0.0,0.0,0.0,0.0,0.0,0.0,0.0,0.0,0.0,0.0,0.0
328,Ryan,Sessegnon,Sessegnon,a,,,5.4,160,100.0,0.2,410,142.0,1.0,255.0,118.0,1,0,0.0,-1,1.0,87,429,0.2,15.0,1.0,0.5,3.2,179.0,75.0,100.0,100.0,168.0,63.0,179.0,118.0,157.0,89.0,175.0,89.0,,,,,,,,0.06,0.1,0.16,1.36,0.0,0.22,1.58,0.98,10.92,32,1,21.0,0.0,0.0,0.0,0.0,0.0,0.0,0.0,0.0,0.0,0.0,0.0,0.0,3.0,153.0,649.0,0.0,0.0,0.0,0.0,0.4299999999999997,7.800000000000011,0.700000000000017,2.0,1.1000000000000085,1.0,1.0,1.0,3.0
329,Harry,Wilson,Wilson,a,,,6.0,84,55.0,20.3,17,6.0,5.5,41.0,18.0,2,-1,1.0,5,-5.0,50473,197004,0.9,25.7,5.5,5.0,5.1,13.0,5.0,100.0,100.0,39.0,10.0,29.0,27.0,28.0,13.0,17.0,13.0,1.0,1.0,3.0,,,,,0.2,0.17,0.37,1.31,0.0,0.27,1.31,1.08,5.96,32,2,79.0,0.0,0.0,0.0,2.0,0.0,0.0,0.0,0.0,0.0,0.0,1.0,0.0,13.0,92867.0,379895.0,0.0,0.040000000000000036,0.20000000000000018,0.23999999999999844,1.480000000000004,12.600000000000023,37.10000000000002,9.0,5.900000000000006,0.0,4.0,1.0,5.0
330,Sander,Berge,Berge,a,,,4.9,303,188.0,0.1,516,187.0,4.5,64.0,24.0,4,0,0.0,-1,1.0,338,324,0.9,17.1,4.5,4.0,2.6,249.0,100.0,,,133.0,46.0,102.0,75.0,284.0,154.0,154.0,81.0,,,,,,,,0.04,0.04,0.08,1.39,0.0,0.2,1.48,1.04,8.84,32,4,90.0,0.0,0.0,0.0,2.0,0.0,0.0,0.0,0.0,0.0,0.0,1.0,0.0,22.0,452.0,471.0,0.0,0.030000000000000027,0.15000000000000013,0.18000000000000016,1.5899999999999963,20.0,14.599999999999966,8.0,4.299999999999997,3.0,4.0,5.0,12.0
332,Saša,Lukić,Lukić,a,,,4.9,307,191.0,0.1,572,214.0,0.5,312.0,149.0,1,0,0.0,-1,1.0,51,40,0.1,10.6,0.5,0.0,2.5,271.0,113.0,100.0,100.0,245.0,105.0,74.0,57.0,230.0,126.0,177.0,90.0,3.0,,,,,,,0.13,0.1,0.23,1.39,0.0,0.28,1.2,1.05,9.63,32,1,45.0,0.0,0.0,0.0,0.0,0.0,0.0,0.0,0.0,0.0,0.0,0.0,0.0,5.0,72.0,57.0,0.0,0.0,0.08999999999999986,0.08999999999999986,0.7799999999999976,14.599999999999994,24.600000000000023,6.0,4.5,1.0,4.0,2.0,7.0
333,Martial,Godo,Godo,u,has joined Strasbourg permanently.,,4.5,477,292.0,0.0,672,271.0,0.0,638.0,241.0,0,0,0.0,0,0.0,0,6,0.0,0.0,0.0,0.0,0.0,734.0,304.0,0.0,0.0,731.0,301.0,725.0,302.0,711.0,297.0,732.0,302.0,,,,,,,,0.0,0.0,0.0,0.0,0.0,0.0,0.0,0.0,0.0,32,0,0.0,0.0,0.0,0.0,0.0,0.0,0.0,0.0,0.0,0.0,0.0,0.0,0.0,0.0,0.0,9.0,0.0,0.0,0.0,0.0,0.0,0.0,0.0,0.0,0.0,0.0,0.0,0.0,0.0
334,Luke,Harris,Harris,u,Has joined Oxford United on loan for the rest of the season.,,4.5,455,273.0,0.0,816,362.0,0.0,619.0,224.0,0,0,0.0,0,0.0,0,1,0.0,0.0,0.0,0.0,0.0,718.0,290.0,0.0,0.0,713.0,285.0,708.0,287.0,692.0,280.0,714.0,286.0,,,,,,,,0.0,0.0,0.0,0.0,0.0,0.0,0.0,0.0,0.0,32,0,0.0,0.0,0.0,0.0,0.0,0.0,0.0,0.0,0.0,0.0,0.0,0.0,0.0,0.0,0.0,1.0,0.0,0.0,0.0,0.0,0.0,0.0,0.0,0.0,0.0,0.0,0.0,0.0,0.0
335,Josh,King,King,a,,,4.4,563,338.0,1.8,150,53.0,7.0,15.0,6.0,1,0,0.0,-1,1.0,5596,9326,1.6,13.2,7.0,6.5,2.2,311.0,135.0,100.0,100.0,290.0,125.0,214.0,136.0,93.0,56.0,224.0,111.0,,,,,,,,0.18,0.04,0.22,1.26,0.0,0.38,1.38,1.15,7.37,32,1,45.0,0.0,0.0,0.0,2.0,0.0,0.0,0.0,0.0,0.0,0.0,1.0,0.0,4.0,16089.0,15466.0,0.0,0.0,0.010000000000000009,0.010000000000000231,0.8099999999999987,2.5999999999999943,1.5999999999999943,2.0,0.6000000000000014,0.0,2.0,2.0,4.0
336,Harrison,Reed,Reed,a,,,4.3,577,344.0,0.3,309,107.0,0.5,295.0,137.0,0,0,0.0,-2,2.0,98,3115,0.1,3.0,0.5,0.0,2.2,306.0,133.0,100.0,0.0,428.0,188.0,400.0,200.0,409.0,201.0,440.0,198.0,,,,,,,,0.45,1.25,1.7,1.77,0.0,0.0,3.46,0.0,6.92,32,0,0.0,0.0,0.0,0.0,0.0,0.0,0.0,0.0,0.0,0.0,0.0,0.0,0.0,0.0,138.0,4470.0,0.0,0.0,0.0,0.0,0.0,0.0,0.0,0.0,0.0,0.0,0.0,0.0,0.0
337,Raúl,Jiménez Rodríguez,Raúl,a,,,6.1,80,25.0,2.1,135,20.0,3.0,121.0,16.0,1,-1,1.0,-4,4.0,2827,42918,0.5,17.2,3.0,2.5,3.4,150.0,14.0,100.0,100.0,105.0,9.0,113.0,6.0,18.0,11.0,36.0,8.0,,2.0,1.0,,,,,0.51,0.04,0.55,1.36,0.0,0.36,1.14,1.14,5.45,32,1,10.0,0.0,0.0,0.0,0.0,0.0,0.0,0.0,0.0,0.0,0.0,0.0,0.0,1.0,5163.0,80809.0,0.0,0.14999999999999858,0.010000000000000009,0.16000000000000014,0.10000000000000142,0.0,11.5,10.0,2.0,0.0,0.0,0.0,0.0
338,Rodrigo,Muniz Carvalho,Muniz,a,,,5.3,189,43.0,0.7,224,32.0,2.0,160.0,21.0,2,0,0.0,-2,2.0,666,690,0.4,5.1,2.0,1.5,1.8,383.0,44.0,100.0,100.0,377.0,40.0,294.0,32.0,139.0,33.0,312.0,35.0,,,,,,,,0.3,0.02,0.32,1.49,0.0,0.14,1.52,0.83,5.51,32,2,79.0,0.0,0.0,0.0,2.0,0.0,0.0,0.0,0.0,0.0,0.0,1.0,0.0,2.0,1014.0,1014.0,0.0,0.27,0.06,0.33000000000000007,1.4800000000000004,2.3999999999999915,21.799999999999997,23.0,4.700000000000003,0.0,1.0,3.0,4.0
424,Oscar,Bobb,Bobb,a,,,5.1,238,142.0,0.2,366,126.0,1.5,197.0,86.0,1,0,0.0,-4,4.0,156,929,0.3,6.5,1.5,1.0,1.9,356.0,154.0,100.0,100.0,363.0,162.0,147.0,99.0,192.0,107.0,268.0,136.0,,,,,,,,0.13,0.17,0.3,1.08,0.0,0.34,1.34,1.01,6.49,32,1,45.0,0.0,0.0,0.0,2.0,0.0,0.0,0.0,0.0,0.0,0.0,1.0,0.0,11.0,268.0,1566.0,0.0,0.08999999999999986,0.040000000000000036,0.13000000000000034,0.8099999999999987,10.399999999999991,15.199999999999989,21.0,4.700000000000003,1.0,0.0,1.0,2.0
727,Samuel,Chukwueze,Chukwueze,a,,,5.3,186,117.0,0.1,521,189.0,1.0,252.0,116.0,1,0,0.0,-2,2.0,127,598,0.2,10.0,1.0,0.5,2.9,205.0,83.0,100.0,100.0,240.0,102.0,129.0,88.0,126.0,75.0,174.0,88.0,,,,,,,,0.23,0.35,0.58,1.49,0.0,0.11,1.78,0.78,7.78,32,1,10.0,0.0,0.0,0.0,0.0,0.0,0.0,0.0,0.0,0.0,0.0,0.0,0.0,3.0,178.0,910.0,0.0,0.1299999999999999,0.0900000000000003,0.22000000000000064,0.10000000000000142,4.199999999999989,21.100000000000023,9.0,3.3999999999999915,0.0,0.0,2.0,2.0
731,Kevin,Santos Lopes de Macedo,Kevin,i,Foot injury - Unknown return date,,5.7,118,75.0,0.1,583,217.0,0.0,795.0,348.0,0,-1,1.0,-3,3.0,10,128,0.0,7.5,0.0,0.0,1.9,363.0,157.0,0.0,0.0,277.0,116.0,162.0,108.0,143.0,81.0,220.0,108.0,,,,,,,,0.11,0.14,0.25,1.3,0.0,0.4,1.5,0.8,7.52,32,0,0.0,0.0,0.0,0.0,0.0,0.0,0.0,0.0,0.0,0.0,0.0,0.0,0.0,0.0,20.0,171.0,0.0,0.0,0.0,0.0,0.0,0.0,0.0,0.0,0.0,0.0,0.0,0.0,0.0
737,Jonah,Kusi-Asare,Kusi-Asare,a,,,4.5,509,74.0,0.1,485,69.0,0.0,669.0,72.0,0,0,0.0,0,0.0,117,306,0.0,0.9,0.0,-0.5,0.8,515.0,62.0,,,502.0,59.0,424.0,56.0,424.0,58.0,471.0,57.0,,,,,,,,0.0,0.21,0.21,2.25,0.0,0.0,6.0,0.0,6.0,32,0,0.0,0.0,0.0,0.0,0.0,0.0,0.0,0.0,0.0,0.0,0.0,0.0,0.0,0.0,187.0,401.0,0.0,0.0,0.0,0.0,0.0,0.0,0.0,0.0,0.0,0.0,0.0,0.0,0.0
342,Jayden,Bogle,Bogle,a,,,4.4,531,107.0,1.2,178,69.0,5.5,32.0,10.0,6,0,0.0,-1,1.0,51639,1779,1.2,18.6,11.5,5.0,2.7,232.0,92.0,100.0,100.0,158.0,67.0,125.0,33.0,141.0,28.0,142.0,45.0,,,,,,,,0.07,0.09,0.16,1.32,0.0,0.18,1.52,1.01,5.63,32,6,90.0,0.0,1.0,0.0,1.0,0.0,0.0,0.0,0.0,0.0,0.0,1.0,1.0,28.0,56115.0,3555.0,0.0,0.0,0.8900000000000001,0.8899999999999997,1.3099999999999952,20.80000000000001,33.80000000000001,6.0,6.099999999999994,2.0,4.0,2.0,6.0
343,Pascal,Struijk,Struijk,a,,,4.3,582,130.0,4.1,95,32.0,3.5,100.0,37.0,2,0,0.0,-2,2.0,116470,4620,0.8,22.1,7.5,3.0,3.3,153.0,59.0,100.0,100.0,45.0,20.0,226.0,59.0,110.0,14.0,97.0,27.0,,,,,,,,0.1,0.03,0.13,1.32,0.0,0.21,1.46,1.0,9.25,32,2,90.0,0.0,0.0,0.0,1.0,0.0,0.0,0.0,0.0,0.0,0.0,1.0,0.0,18.0,248389.0,20466.0,0.0,0.22999999999999998,0.0,0.22999999999999998,1.3100000000000023,23.600000000000023,0.5,24.0,4.799999999999997,1.0,8.0,3.0,9.0
344,Jaka,Bijol,Bijol,a,,,3.9,761,219.0,1.6,155,60.0,7.5,14.0,5.0,4,0,0.0,-1,1.0,63993,2990,1.9,17.9,15.5,5.2,3.7,86.0,30.0,100.0,75.0,160.0,68.0,351.0,125.0,133.0,26.0,216.0,75.0,,,,,,,,0.05,0.04,0.09,1.5,0.0,0.19,1.42,0.97,10.25,32,4,90.0,0.0,0.0,0.0,1.0,0.0,0.0,0.0,0.0,0.0,0.0,1.0,0.0,11.0,77936.0,11826.0,0.0,0.039999999999999925,0.0,0.040000000000000036,1.3099999999999987,20.599999999999966,0.30000000000000426,6.0,2.700000000000003,2.0,8.0,0.0,10.0
345,Sebastiaan,Bornauw,Bornauw,a,,,3.8,798,242.0,0.1,435,164.0,0.0,351.0,117.0,0,0,0.0,-2,2.0,135,533,0.0,4.5,0.5,-0.5,1.9,348.0,127.0,100.0,100.0,392.0,148.0,445.0,160.0,413.0,153.0,425.0,153.0,,,,,,,,0.0,0.0,0.0,1.46,0.0,0.3,1.18,1.18,11.25,32,0,0.0,0.0,0.0,0.0,0.0,0.0,0.0,0.0,0.0,0.0,0.0,0.0,0.0,0.0,250.0,752.0,0.0,0.0,0.0,0.0,0.0,0.0,0.0,0.0,0.0,0.0,0.0,0.0,0.0
347,Gabriel,Gudmundsson,Gudmundsson,a,,,3.8,794,238.0,3.5,101,35.0,1.0,210.0,66.0,2,0,0.0,-2,2.0,18513,9083,0.3,16.1,2.5,0.4,2.0,333.0,121.0,100.0,75.0,140.0,60.0,82.0,20.0,194.0,47.0,129.0,38.0,,,,,,,,0.04,0.09,0.13,1.43,0.0,0.15,1.58,1.06,6.15,32,2,90.0,0.0,0.0,0.0,1.0,0.0,0.0,0.0,0.0,0.0,0.0,1.0,0.0,18.0,28275.0,28271.0,0.0,0.0,0.29000000000000004,0.29000000000000004,1.3100000000000023,18.80000000000001,16.600000000000023,6.0,4.1000000000000085,2.0,4.0,8.0,6.0
349,Isaac,Schmidt,Schmidt,u,has joined Werder Bremen on loan for the rest of the season.,,4.0,695,177.0,0.1,558,200.0,0.0,437.0,159.0,0,0,0.0,0,0.0,0,14,0.0,0.0,0.0,0.0,0.0,604.0,222.0,0.0,0.0,594.0,221.0,585.0,221.0,554.0,217.0,596.0,221.0,,,,,,,,0.0,0.0,0.0,0.0,0.0,0.0,0.0,0.0,0.0,32,0,0.0,0.0,0.0,0.0,0.0,0.0,0.0,0.0,0.0,0.0,0.0,0.0,0.0,0.0,0.0,21.0,0.0,0.0,0.0,0.0,0.0,0.0,0.0,0.0,0.0,0.0,0.0,0.0,0.0
350,Brenden,Aaronson,Aaronson,a,,,5.4,167,105.0,1.7,151,54.0,4.0,87.0,34.0,5,0,0.0,-1,1.0,73664,4293,0.7,21.1,8.5,3.5,3.7,101.0,44.0,,,129.0,43.0,66.0,52.0,43.0,26.0,59.0,38.0,,,,,,,,0.18,0.13,0.31,1.32,0.0,0.35,1.22,1.09,8.04,32,5,85.0,0.0,1.0,0.0,1.0,0.0,0.0,0.0,0.0,0.0,0.0,1.0,0.0,21.0,88270.0,10813.0,0.0,0.09999999999999964,0.03000000000000025,0.1299999999999999,1.2899999999999991,23.399999999999977,25.30000000000001,7.0,5.599999999999994,1.0,1.0,5.0,7.0
351,Wilfried,Gnonto,Gnonto,a,,,5.1,239,143.0,0.1,508,184.0,0.5,320.0,155.0,1,0,0.0,-4,4.0,307,120,0.1,4.5,1.5,0.0,1.4,427.0,188.0,100.0,100.0,405.0,176.0,292.0,172.0,345.0,179.0,387.0,178.0,,,,,,,,0.07,0.13,0.2,2.07,0.0,0.23,2.52,0.92,9.85,32,1,16.0,0.0,0.0,0.0,0.0,0.0,0.0,0.0,0.0,0.0,0.0,0.0,0.0,3.0,383.0,169.0,0.0,0.0,0.019999999999999907,0.020000000000000018,0.6399999999999988,3.799999999999997,3.0,4.0,1.1000000000000014,0.0,1.0,1.0,2.0
352,Jack,Harrison,Harrison,u,has joined ACF Fiorentina on loan for the rest of the season.,,5.1,228,139.0,0.0,601,227.0,0.0,752.0,323.0,0,0,0.0,-4,4.0,0,14,0.0,2.4,0.0,0.0,1.1,448.0,200.0,0.0,0.0,437.0,192.0,353.0,185.0,359.0,185.0,420.0,191.0,,,,,,,,0.1,0.08,0.18,1.31,0.0,0.0,1.72,0.34,8.24,32,0,0.0,0.0,0.0,0.0,0.0,0.0,0.0,0.0,0.0,0.0,0.0,0.0,0.0,0.0,0.0,19.0,0.0,0.0,0.0,0.0,0.0,0.0,0.0,0.0,0.0,0.0,0.0,0.0,0.0
353,Daniel,James,James,d,Muscle injury - 25% chance of playing,,5.2,205,127.0,0.1,487,171.0,0.5,322.0,157.0,0,0,0.0,-3,3.0,13,146,0.1,3.5,0.4,0.0,1.2,442.0,198.0,25.0,0.0,417.0,183.0,262.0,160.0,258.0,141.0,360.0,171.0,,,,,,,,0.16,0.13,0.29,2.34,0.0,0.22,2.89,0.89,5.78,32,0,0.0,0.0,0.0,0.0,0.0,0.0,0.0,0.0,0.0,0.0,0.0,0.0,0.0,0.0,13.0,184.0,0.0,0.0,0.0,0.0,0.0,0.0,0.0,0.0,0.0,0.0,0.0,0.0,0.0
354,Ethan,Ampadu,Ampadu,a,,,4.9,298,185.0,0.7,232,84.0,4.0,82.0,30.0,3,0,0.0,-1,1.0,20516,2306,0.8,21.4,8.5,3.5,3.6,108.0,50.0,100.0,100.0,79.0,24.0,97.0,72.0,247.0,136.0,111.0,62.0,,,,,,,,0.07,0.07,0.14,1.37,0.0,0.21,1.47,1.01,12.28,32,3,90.0,0.0,0.0,0.0,1.0,0.0,0.0,0.0,1.0,0.0,0.0,1.0,0.0,18.0,44531.0,8222.0,0.0,0.08000000000000007,0.08999999999999986,0.16999999999999993,1.3100000000000023,19.0,14.800000000000011,8.0,4.200000000000003,2.0,6.0,6.0,14.0
355,Sam,Greenwood,Greenwood,u,has joined Pogon Szczecin permanently.,,4.9,316,196.0,0.0,638,248.0,0.0,712.0,293.0,0,0,0.0,-1,1.0,0,5,0.0,0.0,0.0,0.0,0.0,777.0,335.0,0.0,0.0,776.0,334.0,772.0,334.0,768.0,332.0,776.0,334.0,,,,,,,,0.0,0.0,0.0,0.0,0.0,0.0,0.0,0.0,0.0,32,0,0.0,0.0,0.0,0.0,0.0,0.0,0.0,0.0,0.0,0.0,0.0,0.0,0.0,0.0,0.0,6.0,0.0,0.0,0.0,0.0,0.0,0.0,0.0,0.0,0.0,0.0,0.0,0.0,0.0
356,Ilia,Gruev,Gruev,a,,,4.7,391,243.0,0.1,459,157.0,0.5,304.0,142.0,1,0,0.0,-3,3.0,648,739,0.1,11.7,1.5,0.0,2.5,267.0,109.0,,,280.0,117.0,201.0,130.0,310.0,165.0,297.0,147.0,4.0,,,,,,,0.03,0.06,0.09,1.74,0.0,0.34,1.58,1.03,7.72,32,1,16.0,0.0,0.0,0.0,0.0,0.0,0.0,0.0,0.0,0.0,0.0,0.0,0.0,3.0,988.0,1145.0,0.0,0.02999999999999997,0.010000000000000009,0.040000000000000036,0.6400000000000006,2.200000000000017,2.9000000000000057,1.0,0.6000000000000014,0.0,2.0,1.0,3.0
357,Largie,Ramazani,Ramazani,u,has joined Valencia on loan for the rest of the season.,,4.9,320,198.0,0.0,719,298.0,0.0,715.0,295.0,0,0,0.0,-1,1.0,0,2,0.0,0.0,0.0,0.0,0.0,779.0,337.0,0.0,0.0,778.0,336.0,774.0,336.0,770.0,334.0,778.0,336.0,,,,,,,,0.0,0.0,0.0,0.0,0.0,0.0,0.0,0.0,0.0,32,0,0.0,0.0,0.0,0.0,0.0,0.0,0.0,0.0,0.0,0.0,0.0,0.0,0.0,0.0,0.0,2.0,0.0,0.0,0.0,0.0,0.0,0.0,0.0,0.0,0.0,0.0,0.0,0.0,0.0
358,Tanaka,Ao,Tanaka,a,,,4.8,361,224.0,0.2,373,129.0,1.5,193.0,83.0,2,0,0.0,-2,2.0,2232,482,0.3,9.6,3.5,1.0,2.1,323.0,141.0,100.0,100.0,305.0,135.0,177.0,117.0,271.0,146.0,285.0,142.0,,,,,,,,0.14,0.12,0.26,1.52,0.0,0.22,1.84,0.87,9.84,32,2,73.0,0.0,0.0,0.0,1.0,0.0,0.0,0.0,0.0,0.0,0.0,1.0,0.0,19.0,2748.0,750.0,0.0,0.42000000000000004,0.4700000000000001,0.8900000000000001,0.6699999999999999,27.599999999999994,69.6,11.0,10.799999999999997,2.0,4.0,2.0,8.0
359,Charlie,Crew,Crew,u,Has joined Doncaster Rovers on loan for the rest of the season.,,4.5,460,278.0,0.0,798,352.0,0.0,622.0,227.0,0,0,0.0,0,0.0,0,0,0.0,0.0,0.0,0.0,0.0,721.0,293.0,0.0,0.0,716.0,288.0,711.0,290.0,695.0,283.0,717.0,289.0,,,,,,,,0.0,0.0,0.0,0.0,0.0,0.0,0.0,0.0,0.0,32,0,0.0,0.0,0.0,0.0,0.0,0.0,0.0,0.0,0.0,0.0,0.0,0.0,0.0,0.0,0.0,0.0,0.0,0.0,0.0,0.0,0.0,0.0,0.0,0.0,0.0,0.0,0.0,0.0,0.0
360,Joe,Gelhardt,Gelhardt,u,Has joined Hull City on loan for the rest of the season.,,4.5,440,263.0,0.0,760,323.0,0.0,607.0,215.0,0,0,0.0,0,0.0,0,3,0.0,0.0,0.0,0.0,0.0,710.0,282.0,0.0,0.0,704.0,276.0,700.0,279.0,683.0,272.0,706.0,278.0,,,,,,,,0.0,0.0,0.0,0.0,0.0,0.0,0.0,0.0,0.0,32,0,0.0,0.0,0.0,0.0,0.0,0.0,0.0,0.0,0.0,0.0,0.0,0.0,0.0,0.0,0.0,3.0,0.0,0.0,0.0,0.0,0.0,0.0,0.0,0.0,0.0,0.0,0.0,0.0,0.0
361,Darko,Gyabi,Gyabi,u,has joined Hull City permanently.,,4.5,441,264.0,0.0,671,270.0,0.0,608.0,216.0,0,0,0.0,0,0.0,0,11,0.0,0.0,0.0,0.0,0.0,711.0,283.0,0.0,0.0,705.0,277.0,701.0,280.0,684.0,273.0,707.0,279.0,,,,,,,,0.0,0.0,0.0,0.0,0.0,0.0,0.0,0.0,0.0,32,0,0.0,0.0,0.0,0.0,0.0,0.0,0.0,0.0,0.0,0.0,0.0,0.0,0.0,0.0,0.0,15.0,0.0,0.0,0.0,0.0,0.0,0.0,0.0,0.0,0.0,0.0,0.0,0.0,0.0
362,Joël,Piroe,Piroe,a,,,4.9,315,58.0,0.3,303,46.0,0.0,711.0,76.0,0,0,0.0,-6,6.0,135,259,0.0,2.9,0.5,-0.5,1.1,447.0,55.0,100.0,100.0,463.0,55.0,372.0,48.0,267.0,47.0,404.0,51.0,,,3.0,,,,,0.34,0.05,0.39,2.22,0.0,0.42,2.93,0.84,4.6,32,0,0.0,0.0,0.0,0.0,0.0,0.0,0.0,0.0,0.0,0.0,0.0,0.0,0.0,0.0,181.0,352.0,0.0,0.0,0.0,0.0,0.0,0.0,0.0,0.0,0.0,0.0,0.0,0.0,0.0
365,Lukas,Nmecha,Nmecha,a,,,5.0,246,52.0,0.6,252,35.0,1.0,238.0,30.0,0,0,0.0,0,0.0,1281,1953,0.2,13.2,2.5,0.5,2.6,251.0,27.0,100.0,100.0,236.0,20.0,287.0,31.0,74.0,26.0,198.0,25.0,,,2.0,,,,,0.65,0.1,0.75,1.74,0.0,0.31,1.87,0.94,4.36,32,0,0.0,0.0,0.0,0.0,0.0,0.0,0.0,0.0,0.0,0.0,0.0,0.0,0.0,0.0,1697.0,2806.0,0.0,0.0,0.0,0.0,0.0,0.0,0.0,0.0,0.0,0.0,0.0,0.0,0.0
493,Sean,Longstaff,Longstaff,a,,,4.8,350,220.0,0.2,363,125.0,0.5,305.0,143.0,1,0,0.0,-2,2.0,211,223,0.1,9.4,1.5,0.0,2.5,269.0,111.0,100.0,100.0,251.0,106.0,79.0,60.0,299.0,160.0,205.0,101.0,2.0,2.0,,,,,,0.08,0.14,0.22,1.33,0.0,0.1,1.81,0.95,9.5,32,1,4.0,0.0,0.0,0.0,0.0,0.0,0.0,0.0,0.0,0.0,0.0,0.0,0.0,3.0,287.0,358.0,0.0,0.0,0.0,0.0,0.02000000000000135,0.4000000000000057,2.099999999999966,0.0,0.29999999999999716,0.0,0.0,0.0,0.0
660,Anton,Stach,Stach,d,Ankle injury - 25% chance of playing,,4.8,365,227.0,1.8,147,52.0,1.5,194.0,84.0,0,0,0.0,-2,2.0,365,57465,0.3,25.4,0.9,0.0,4.7,24.0,10.0,25.0,0.0,52.0,13.0,5.0,5.0,99.0,60.0,22.0,18.0,1.0,1.0,,,,,,0.11,0.18,0.29,1.27,0.0,0.25,1.43,1.05,10.33,32,0,0.0,0.0,0.0,0.0,0.0,0.0,0.0,0.0,0.0,0.0,0.0,0.0,0.0,0.0,921.0,102856.0,0.0,0.0,0.0,0.0,0.0,0.0,0.0,0.0,0.0,0.0,0.0,0.0,0.0
691,Dominic,Calvert-Lewin,Calvert-Lewin,a,,,5.6,123,34.0,13.6,23,5.0,2.0,169.0,22.0,2,0,0.0,1,-1.0,328856,23125,0.4,20.0,4.5,1.5,3.9,75.0,6.0,100.0,100.0,107.0,10.0,139.0,10.0,4.0,3.0,27.0,5.0,,,1.0,,,,,0.52,0.04,0.56,1.11,0.0,0.25,1.18,0.98,3.39,32,2,90.0,0.0,0.0,0.0,1.0,0.0,0.0,0.0,0.0,0.0,0.0,1.0,0.0,4.0,494555.0,75468.0,0.0,1.3100000000000005,0.020000000000000018,1.33,1.3099999999999987,7.199999999999989,7.100000000000023,71.0,8.5,0.0,2.0,2.0,4.0
698,Noah,Okafor,Okafor,a,,,5.5,143,89.0,1.8,145,51.0,8.0,11.0,4.0,15,0,0.0,0,0.0,128646,2560,1.5,15.1,16.5,5.6,3.3,160.0,66.0,100.0,75.0,190.0,77.0,176.0,116.0,68.0,40.0,135.0,74.0,,,,,,,,0.29,0.07,0.36,1.53,0.0,0.26,1.65,1.06,5.96,32,15,73.0,2.0,0.0,0.0,1.0,0.0,0.0,0.0,0.0,0.0,0.0,1.0,3.0,46.0,128899.0,2872.0,0.0,0.15000000000000036,0.040000000000000036,0.1899999999999995,0.6700000000000017,73.19999999999999,2.0999999999999943,28.0,10.299999999999997,0.0,3.0,0.0,3.0
706,James,Justin,Justin,a,,,3.9,758,217.0,1.4,163,64.0,3.5,98.0,35.0,1,0,0.0,-1,1.0,16583,2899,0.9,15.9,7.5,3.0,2.7,230.0,91.0,100.0,100.0,202.0,80.0,211.0,56.0,204.0,51.0,231.0,79.0,3.0,,,,,,,0.07,0.07,0.14,1.56,0.0,0.27,1.26,1.0,8.25,32,1,90.0,0.0,0.0,0.0,1.0,0.0,0.0,0.0,1.0,0.0,0.0,1.0,0.0,17.0,46745.0,9216.0,0.0,0.030000000000000027,0.030000000000000027,0.06000000000000005,1.3099999999999987,20.80000000000001,6.099999999999994,4.0,3.1000000000000014,0.0,9.0,4.0,9.0
741,Harry,Gray,Gray,u,has joined Rotherham United on loan for the rest of the season.,,4.5,494,70.0,0.1,523,73.0,0.0,655.0,68.0,0,0,0.0,0,0.0,0,87,0.0,0.0,0.0,0.0,0.0,746.0,80.0,0.0,0.0,744.0,80.0,737.0,79.0,724.0,79.0,744.0,80.0,,,,,,,,0.0,0.0,0.0,0.0,0.0,0.0,0.0,0.0,0.0,32,0,0.0,0.0,0.0,0.0,0.0,0.0,0.0,0.0,0.0,0.0,0.0,0.0,0.0,0.0,0.0,121.0,0.0,0.0,0.0,0.0,0.0,0.0,0.0,0.0,0.0,0.0,0.0,0.0,0.0
368,Ármin,Pécsi,Pécsi,a,,,3.8,814,95.0,0.9,208,25.0,0.0,365.0,27.0,0,0,0.0,-2,2.0,1255,3947,0.0,0.0,0.5,0.5,0.0,541.0,39.0,,,531.0,39.0,516.0,20.0,484.0,7.0,533.0,39.0,,,,,,,,0.0,0.0,0.0,0.0,0.0,0.0,0.0,0.0,0.0,32,0,0.0,0.0,0.0,0.0,0.0,0.0,0.0,0.0,0.0,0.0,0.0,0.0,0.0,0.0,1969.0,4934.0,0.0,0.0,0.0,0.0,0.0,0.0,0.0,0.0,0.0,0.0,0.0,0.0,0.0
369,Freddie,Woodman,Woodman,a,,,3.9,752,75.0,0.2,399,56.0,0.0,377.0,36.0,0,0,0.0,-1,1.0,43,180,0.0,0.0,0.5,0.5,0.0,551.0,47.0,,,541.0,47.0,528.0,30.0,496.0,17.0,543.0,47.0,,,,,,,,0.0,0.0,0.0,0.0,0.0,0.0,0.0,0.0,0.0,32,0,0.0,0.0,0.0,0.0,0.0,0.0,0.0,0.0,0.0,0.0,0.0,0.0,0.0,0.0,68.0,244.0,0.0,0.0,0.0,0.0,0.0,0.0,0.0,0.0,0.0,0.0,0.0,0.0,0.0
370,Jeremie,Frimpong,Frimpong,a,,,5.7,115,10.0,5.1,76,25.0,3.0,119.0,48.0,6,0,0.0,-3,3.0,6574,8452,0.5,10.0,3.5,3.5,3.6,113.0,40.0,100.0,100.0,356.0,136.0,170.0,43.0,217.0,56.0,280.0,90.0,,,,,,,,0.05,0.16,0.21,0.98,0.0,0.55,0.99,1.1,3.09,32,6,68.0,0.0,0.0,1.0,0.0,0.0,0.0,0.0,0.0,0.0,0.0,1.0,0.0,22.0,8885.0,15315.0,0.0,0.0,0.16999999999999993,0.17000000000000015,0.5800000000000001,10.400000000000006,33.0,8.0,5.100000000000001,0.0,3.0,2.0,3.0
371,Milos,Kerkez,Kerkez,a,,,5.6,132,14.0,3.0,111,41.0,3.5,110.0,42.0,0,0,0.0,-4,4.0,2305,8873,0.6,14.1,4.0,4.0,2.8,226.0,90.0,,,138.0,58.0,72.0,15.0,222.0,57.0,121.0,35.0,,,,,,,,0.07,0.03,0.1,1.2,0.0,0.27,1.38,1.11,5.55,32,0,0.0,0.0,0.0,0.0,0.0,0.0,0.0,0.0,0.0,0.0,0.0,0.0,0.0,0.0,4446.0,10962.0,0.0,0.0,0.0,0.0,0.0,0.0,0.0,0.0,0.0,0.0,0.0,0.0,0.0
372,Andrew,Robertson,Robertson,a,,,5.7,112,9.0,1.0,196,75.0,3.5,111.0,43.0,6,0,0.0,-3,3.0,947,627,0.6,7.5,4.0,4.0,2.1,330.0,119.0,,,308.0,117.0,140.0,36.0,266.0,75.0,261.0,85.0,,,,,,,,0.07,0.11,0.18,1.19,0.0,0.42,1.16,0.74,4.74,32,6,90.0,0.0,0.0,1.0,0.0,0.0,0.0,0.0,0.0,0.0,0.0,1.0,0.0,26.0,1192.0,896.0,0.0,0.36000000000000004,0.020000000000000018,0.3799999999999999,1.0399999999999991,15.799999999999983,12.300000000000011,24.0,5.199999999999996,0.0,5.0,1.0,5.0
385,Federico,Chiesa,Chiesa,a,,,6.3,69,45.0,0.3,341,117.0,0.0,810.0,359.0,0,0,0.0,-2,2.0,60,100,0.0,5.4,0.5,0.5,1.5,416.0,182.0,100.0,100.0,351.0,159.0,359.0,187.0,207.0,115.0,341.0,166.0,,,,,,,,0.44,0.2,0.64,1.76,0.0,0.0,2.27,0.32,9.42,32,0,0.0,0.0,0.0,0.0,0.0,0.0,0.0,0.0,0.0,0.0,0.0,0.0,0.0,0.0,80.0,133.0,0.0,0.0,0.0,0.0,0.0,0.0,0.0,0.0,0.0,0.0,0.0,0.0,0.0
386,Alexis,Mac Allister,Mac Allister,a,,,6.3,71,47.0,2.0,138,46.0,1.0,272.0,127.0,1,0,0.0,-2,2.0,1178,30653,0.2,13.7,1.5,1.5,2.8,228.0,92.0,100.0,100.0,152.0,53.0,52.0,44.0,91.0,54.0,82.0,51.0,,,4.0,,,,,0.14,0.06,0.2,1.17,0.0,0.29,1.27,1.06,7.82,32,1,22.0,0.0,0.0,0.0,0.0,0.0,0.0,0.0,0.0,0.0,0.0,0.0,0.0,2.0,2673.0,41709.0,0.0,0.10000000000000009,0.020000000000000018,0.1200000000000001,0.4499999999999993,0.8000000000000114,10.300000000000011,1.0,1.2000000000000028,0.0,0.0,1.0,1.0
387,Dominik,Szoboszlai,Szoboszlai,a,,,7.1,35,20.0,12.2,30,10.0,4.0,92.0,37.0,5,0,0.0,6,-6.0,32278,110553,0.6,18.0,4.5,4.5,4.3,45.0,19.0,100.0,100.0,30.0,7.0,2.0,2.0,82.0,48.0,6.0,4.0,1.0,2.0,2.0,,,,,0.13,0.17,0.3,1.21,0.0,0.3,1.37,1.0,10.03,32,5,90.0,0.0,0.0,1.0,0.0,0.0,0.0,0.0,0.0,0.0,0.0,1.0,0.0,18.0,58500.0,179801.0,0.0,0.020000000000000018,0.05000000000000071,0.07000000000000028,1.0399999999999991,23.600000000000023,25.399999999999977,7.0,5.599999999999994,2.0,8.0,5.0,15.0
388,Curtis,Jones,C.Jones,a,,,5.4,164,103.0,0.1,467,161.0,3.5,107.0,44.0,1,0,0.0,-1,1.0,78,331,0.6,10.2,4.0,4.0,2.0,345.0,150.0,100.0,100.0,238.0,101.0,90.0,66.0,167.0,93.0,167.0,86.0,,,,,,,,0.1,0.15,0.25,1.44,0.0,0.19,1.69,0.78,10.25,32,1,45.0,0.0,0.0,0.0,0.0,0.0,0.0,0.0,0.0,0.0,0.0,1.0,0.0,10.0,159.0,420.0,0.0,0.0,0.03000000000000025,0.029999999999999805,0.1999999999999993,4.999999999999972,3.8000000000000114,4.0,1.2999999999999972,1.0,0.0,5.0,6.0
390,Ryan,Gravenberch,Gravenberch,a,,,5.5,144,90.0,4.2,89,29.0,2.0,165.0,69.0,1,0,0.0,0,0.0,2277,48633,0.4,22.7,2.5,2.5,4.2,48.0,20.0,100.0,100.0,51.0,12.0,59.0,48.0,175.0,97.0,71.0,44.0,,,,,,,,0.06,0.07,0.13,1.14,0.0,0.32,1.19,1.02,9.41,32,1,45.0,0.0,0.0,0.0,0.0,0.0,0.0,0.0,0.0,0.0,0.0,0.0,0.0,7.0,4589.0,68565.0,0.0,0.0,0.020000000000000018,0.020000000000000018,0.8399999999999999,13.799999999999955,1.7000000000000455,0.0,1.5999999999999943,2.0,4.0,1.0,7.0
392,Endo,Wataru,Endo,i,Foot injury - Unknown return date,,4.9,292,181.0,0.1,517,188.0,0.0,700.0,285.0,0,0,0.0,-1,1.0,5,23,0.0,2.4,0.0,0.0,1.5,412.0,179.0,0.0,0.0,411.0,179.0,404.0,202.0,432.0,209.0,431.0,194.0,,,,,,,,0.02,0.03,0.05,2.18,0.0,0.53,2.65,0.53,12.18,32,0,0.0,0.0,0.0,0.0,0.0,0.0,0.0,0.0,0.0,0.0,0.0,0.0,0.0,0.0,7.0,29.0,0.0,0.0,0.0,0.0,0.0,0.0,0.0,0.0,0.0,0.0,0.0,0.0,0.0
393,Stefan,Bajčetić Maquieira,Bajcetic,i,Hamstring injury - Unknown return date,,4.2,644,370.0,0.1,497,178.0,0.0,499.0,163.0,0,0,0.0,-3,3.0,1157,878,0.0,0.0,0.0,0.0,0.0,648.0,243.0,0.0,0.0,640.0,234.0,634.0,239.0,608.0,225.0,642.0,236.0,,,,,,,,0.0,0.0,0.0,0.0,0.0,0.0,0.0,0.0,0.0,32,0,0.0,0.0,0.0,0.0,0.0,0.0,0.0,0.0,0.0,0.0,0.0,0.0,0.0,0.0,2131.0,1182.0,0.0,0.0,0.0,0.0,0.0,0.0,0.0,0.0,0.0,0.0,0.0,0.0,0.0
394,James,McConnell,McConnell,u,has joined Ajax on loan for the rest of the season.,,4.4,547,327.0,0.0,686,277.0,0.0,561.0,187.0,0,0,0.0,-1,1.0,0,2,0.0,0.0,0.0,0.0,0.0,676.0,260.0,0.0,0.0,668.0,252.0,664.0,256.0,643.0,246.0,670.0,254.0,,,,,,,,0.0,0.0,0.0,0.0,0.0,0.0,0.0,0.0,0.0,32,0,0.0,0.0,0.0,0.0,0.0,0.0,0.0,0.0,0.0,0.0,0.0,0.0,0.0,0.0,0.0,2.0,0.0,0.0,0.0,0.0,0.0,0.0,0.0,0.0,0.0,0.0,0.0,0.0,0.0
396,Trey,Nyoni,Nyoni,a,,,4.3,612,361.0,0.3,323,113.0,0.5,298.0,139.0,1,0,0.0,-2,2.0,148,432,0.1,1.2,1.0,1.0,1.0,470.0,205.0,,,492.0,227.0,418.0,208.0,436.0,213.0,472.0,214.0,,,,,,,,2.38,0.06,2.44,2.64,0.0,0.0,6.43,0.0,12.86,32,1,1.0,0.0,0.0,0.0,0.0,0.0,0.0,0.0,0.0,0.0,0.0,0.0,0.0,3.0,246.0,642.0,0.0,0.0,0.0,0.0,0.0,0.0,0.09999999999999964,0.0,0.0,0.0,0.0,0.0,0.0
806,Christos,Mandas,Mandas,a,,,4.0,680,49.0,0.0,758,88.0,0.0,422.0,62.0,0,0,0.0,0,0.0,25,34,0.0,0.0,0.0,-1.0,0.0,591.0,71.0,,,581.0,71.0,572.0,58.0,541.0,45.0,583.0,71.0,,,,,,,,0.0,0.0,0.0,0.0,0.0,0.0,0.0,0.0,0.0,32,0,0.0,0.0,0.0,0.0,0.0,0.0,0.0,0.0,0.0,0.0,0.0,0.0,0.0,0.0,37.0,36.0,0.0,0.0,0.0,0.0,0.0,0.0,0.0,0.0,0.0,0.0,0.0,0.0,0.0
397,Darwin,Núñez Ribeiro,Darwin,u,Has joined Al-Hilal permanently.,,6.5,50,18.0,0.1,556,77.0,0.0,814.0,91.0,0,0,0.0,0,0.0,0,2,0.0,0.0,0.0,0.0,0.0,821.0,91.0,0.0,0.0,821.0,91.0,821.0,91.0,821.0,91.0,821.0,91.0,,,,,,,,0.0,0.0,0.0,0.0,0.0,0.0,0.0,0.0,0.0,32,0,0.0,0.0,0.0,0.0,0.0,0.0,0.0,0.0,0.0,0.0,0.0,0.0,0.0,0.0,0.0,2.0,0.0,0.0,0.0,0.0,0.0,0.0,0.0,0.0,0.0,0.0,0.0,0.0,0.0
398,Jayden,Danns,Danns,i,Hamstring injury - Unknown return date,,4.3,601,84.0,0.1,480,68.0,0.0,525.0,53.0,0,0,0.0,-2,2.0,43,53,0.0,0.0,0.0,0.0,0.0,657.0,66.0,0.0,0.0,647.0,66.0,642.0,65.0,619.0,65.0,649.0,66.0,,,,,,,,0.0,0.0,0.0,0.0,0.0,0.0,0.0,0.0,0.0,32,0,0.0,0.0,0.0,0.0,0.0,0.0,0.0,0.0,0.0,0.0,0.0,0.0,0.0,0.0,118.0,71.0,0.0,0.0,0.0,0.0,0.0,0.0,0.0,0.0,0.0,0.0,0.0,0.0,0.0
499,Alexander,Isak,Isak,a,,,10.3,5,2.0,3.6,100,17.0,0.5,334.0,47.0,1,0,0.0,-2,2.0,16316,1678,0.0,2.9,1.0,1.0,2.7,244.0,25.0,100.0,100.0,366.0,38.0,371.0,47.0,211.0,42.0,354.0,41.0,,,,,,,,0.35,0.01,0.36,0.96,0.0,0.17,1.21,1.03,4.31,32,1,21.0,0.0,0.0,0.0,0.0,0.0,0.0,0.0,0.0,0.0,0.0,0.0,0.0,1.0,18238.0,1900.0,0.0,0.0,0.0,0.0,0.4500000000000002,8.0,1.1000000000000014,0.0,0.9000000000000021,0.0,2.0,0.0,2.0
661,Hugo,Ekitiké,Ekitiké,i,Achilles injury - Expected back 01 Jul,,9.2,7,3.0,22.5,13,4.0,0.5,333.0,46.0,0,-1,1.0,7,-7.0,3731,945631,0.1,13.6,0.0,1.0,4.5,36.0,5.0,0.0,100.0,77.0,5.0,109.0,5.0,10.0,6.0,28.0,6.0,,,,,,,,0.51,0.12,0.63,1.31,0.0,0.35,1.25,1.05,4.26,32,0,0.0,0.0,0.0,0.0,0.0,0.0,0.0,0.0,0.0,0.0,0.0,0.0,0.0,0.0,12004.0,1279991.0,0.0,0.0,0.0,0.0,0.0,0.0,0.0,0.0,0.0,0.0,0.0,0.0,0.0
686,Rio,Ngumoha,Ngumoha,a,,,4.3,617,365.0,0.9,200,72.0,6.0,23.0,11.0,11,0,0.0,-2,2.0,16345,2614,1.4,7.2,6.5,6.5,2.2,309.0,134.0,,,333.0,149.0,218.0,140.0,201.0,111.0,292.0,145.0,,,,,,,,0.3,0.55,0.85,1.71,0.0,0.63,1.57,0.63,5.66,32,11,68.0,1.0,0.0,1.0,0.0,0.0,0.0,0.0,0.0,0.0,0.0,1.0,3.0,39.0,18176.0,4259.0,0.0,0.12,0.42999999999999994,0.5500000000000003,0.5800000000000001,49.39999999999999,31.80000000000001,42.0,12.300000000000004,0.0,2.0,5.0,7.0
760,Wellity,Lucky,Lucky,a,,,4.0,711,186.0,0.0,683,240.0,0.0,451.0,167.0,0,0,0.0,0,0.0,29,43,0.0,0.0,0.5,0.5,0.0,614.0,227.0,,,605.0,227.0,597.0,227.0,566.0,223.0,607.0,227.0,,,,,,,,0.0,0.0,0.0,0.0,0.0,0.0,0.0,0.0,0.0,32,0,0.0,0.0,0.0,0.0,0.0,0.0,0.0,0.0,0.0,0.0,0.0,0.0,0.0,0.0,42.0,50.0,0.0,0.0,0.0,0.0,0.0,0.0,0.0,0.0,0.0,0.0,0.0,0.0,0.0
82,Antoine,Semenyo,Semenyo,a,,,8.2,14,9.0,57.7,2,1.0,2.0,180.0,79.0,2,0,0.0,12,-12.0,184450,69289,0.2,21.5,4.5,2.0,5.9,5.0,2.0,100.0,100.0,8.0,2.0,36.0,33.0,3.0,1.0,4.0,2.0,,4.0,,,,,,0.34,0.08,0.42,1.4,0.0,0.3,1.58,1.01,7.09,32,2,90.0,0.0,0.0,1.0,0.0,0.0,0.0,0.0,1.0,0.0,0.0,1.0,0.0,13.0,375955.0,86883.0,0.0,0.2900000000000009,0.029999999999999805,0.3200000000000003,1.1400000000000006,10.600000000000023,18.699999999999932,38.0,6.700000000000017,0.0,1.0,2.0,3.0
756,Malcom,DaCosta,DaCosta,a,,,4.5,516,321.0,0.0,744,314.0,0.0,675.0,269.0,0,0,0.0,0,0.0,49,56,0.0,0.0,0.0,-1.0,0.0,762.0,325.0,,,761.0,324.0,754.0,324.0,742.0,321.0,761.0,324.0,,,,,,,,0.0,0.0,0.0,0.0,0.0,0.0,0.0,0.0,0.0,32,0,0.0,0.0,0.0,0.0,0.0,0.0,0.0,0.0,0.0,0.0,0.0,0.0,0.0,0.0,76.0,66.0,0.0,0.0,0.0,0.0,0.0,0.0,0.0,0.0,0.0,0.0,0.0,0.0,0.0
782,Fraser,Forster,Forster,a,,,4.0,662,39.0,0.0,659,81.0,0.0,407.0,53.0,0,0,0.0,0,0.0,144,107,0.0,0.0,0.0,-1.0,0.0,578.0,64.0,,,568.0,64.0,556.0,48.0,525.0,35.0,570.0,64.0,,,,,,,,0.0,0.0,0.0,0.0,0.0,0.0,0.0,0.0,0.0,32,0,0.0,0.0,0.0,0.0,0.0,0.0,0.0,0.0,0.0,0.0,0.0,0.0,0.0,0.0,176.0,124.0,0.0,0.0,0.0,0.0,0.0,0.0,0.0,0.0,0.0,0.0,0.0,0.0,0.0
799,Charlie,Stevens,Stevens,a,,,4.5,513,318.0,0.0,775,333.0,0.0,672.0,266.0,0,0,0.0,0,0.0,42,43,0.0,0.0,0.0,-1.0,0.0,760.0,323.0,,,759.0,322.0,752.0,322.0,739.0,318.0,759.0,322.0,,,,,,,,0.0,0.0,0.0,0.0,0.0,0.0,0.0,0.0,0.0,32,0,0.0,0.0,0.0,0.0,0.0,0.0,0.0,0.0,0.0,0.0,0.0,0.0,0.0,0.0,69.0,55.0,0.0,0.0,0.0,0.0,0.0,0.0,0.0,0.0,0.0,0.0,0.0,0.0,0.0
399,Ederson,Santana de Moraes,Ederson M.,u,has joined Fenerbache permanently.,,5.3,182,5.0,0.8,212,27.0,0.0,763.0,94.0,0,0,0.0,-2,2.0,0,95,0.0,0.0,0.0,0.0,0.0,803.0,95.0,0.0,0.0,802.0,95.0,801.0,94.0,798.0,92.0,802.0,95.0,,,,,,,,0.0,0.0,0.0,0.0,0.0,0.0,0.0,0.0,0.0,32,0,0.0,0.0,0.0,0.0,0.0,0.0,0.0,0.0,0.0,0.0,0.0,0.0,0.0,0.0,0.0,119.0,0.0,0.0,0.0,0.0,0.0,0.0,0.0,0.0,0.0,0.0,0.0,0.0,0.0
401,Marcus,Bettinelli,Bettinelli,a,,,3.8,791,93.0,0.4,292,37.0,0.0,346.0,25.0,0,0,0.0,-2,2.0,233,3833,0.0,0.0,0.5,0.0,0.0,529.0,38.0,100.0,100.0,519.0,38.0,502.0,18.0,469.0,5.0,521.0,38.0,,,,,,,,0.0,0.0,0.0,0.0,0.0,0.0,0.0,0.0,0.0,32,0,0.0,0.0,0.0,0.0,0.0,0.0,0.0,0.0,0.0,0.0,0.0,0.0,0.0,0.0,539.0,4413.0,0.0,0.0,0.0,0.0,0.0,0.0,0.0,0.0,0.0,0.0,0.0,0.0,0.0
402,Rayan,Aït-Nouri,Aït-Nouri,a,,,5.7,116,11.0,4.3,88,28.0,1.0,262.0,86.0,1,0,0.0,-3,3.0,7223,12283,0.2,7.9,2.5,1.0,3.2,180.0,69.0,100.0,100.0,300.0,115.0,212.0,57.0,328.0,104.0,311.0,105.0,,,,,,,,0.05,0.19,0.24,1.2,0.0,0.34,0.9,1.12,6.83,32,1,26.0,0.0,0.0,0.0,0.0,0.0,0.0,0.0,0.0,0.0,0.0,0.0,0.0,1.0,8729.0,15462.0,0.0,0.0,0.10999999999999988,0.11000000000000032,0.8899999999999988,5.800000000000011,12.800000000000011,0.0,1.8999999999999986,2.0,0.0,2.0,2.0
403,Joško,Gvardiol,Gvardiol,i,Leg injury - Unknown return date,,5.8,107,7.0,3.2,105,39.0,0.0,798.0,266.0,0,-1,1.0,-2,2.0,83,1859,0.0,13.3,0.0,0.0,4.8,22.0,8.0,0.0,0.0,176.0,74.0,274.0,82.0,158.0,33.0,210.0,72.0,,,,,,,,0.15,0.04,0.19,1.06,0.0,0.42,0.9,1.04,6.85,32,0,0.0,0.0,0.0,0.0,0.0,0.0,0.0,0.0,0.0,0.0,0.0,0.0,0.0,0.0,106.0,2386.0,0.0,0.0,0.0,0.0,0.0,0.0,0.0,0.0,0.0,0.0,0.0,0.0,0.0
404,Manuel,Akanji,Akanji,u,has joined Inter Milan on loan for the rest of the season.,,5.4,165,19.0,0.3,348,127.0,0.0,775.0,261.0,0,0,0.0,-1,1.0,0,23,0.0,0.0,0.0,0.0,0.0,806.0,267.0,0.0,0.0,805.0,267.0,804.0,267.0,802.0,267.0,805.0,267.0,,,,,,,,0.0,0.0,0.0,0.0,0.0,0.0,0.0,0.0,0.0,32,0,0.0,0.0,0.0,0.0,0.0,0.0,0.0,0.0,0.0,0.0,0.0,0.0,0.0,0.0,0.0,26.0,0.0,0.0,0.0,0.0,0.0,0.0,0.0,0.0,0.0,0.0,0.0,0.0,0.0
405,Nathan,Aké,Aké,a,,,5.2,202,27.0,0.6,245,93.0,0.0,757.0,258.0,0,0,0.0,-3,3.0,481,414,0.0,5.2,0.5,0.0,1.9,357.0,132.0,,,369.0,141.0,290.0,89.0,378.0,131.0,373.0,130.0,,,,,,,,0.05,0.08,0.13,1.46,0.0,0.37,1.29,0.74,7.02,32,0,0.0,0.0,0.0,0.0,0.0,0.0,0.0,0.0,0.0,0.0,0.0,0.0,0.0,0.0,578.0,492.0,0.0,0.0,0.0,0.0,0.0,0.0,0.0,0.0,0.0,0.0,0.0,0.0,0.0
406,Abdukodir,Khusanov,Khusanov,a,,,5.4,181,22.0,0.5,260,99.0,6.0,27.0,8.0,6,0,0.0,-1,1.0,14189,1419,1.1,7.6,12.5,6.0,2.6,257.0,98.0,100.0,100.0,286.0,112.0,316.0,106.0,412.0,152.0,353.0,121.0,,,,,,,,0.04,0.01,0.05,1.22,0.0,0.37,0.74,0.92,7.83,32,6,90.0,0.0,0.0,1.0,0.0,0.0,0.0,0.0,0.0,0.0,0.0,1.0,0.0,25.0,15866.0,1591.0,0.0,0.02999999999999997,0.03,0.06000000000000005,1.1400000000000006,19.0,22.9,1.0,4.300000000000001,0.0,4.0,3.0,4.0
408,Rúben,dos Santos Gato Alves Dias,Rúben,i,Hamstring injury - Unknown return date,,5.5,136,15.0,3.2,104,38.0,0.0,786.0,263.0,0,0,0.0,0,0.0,70,11870,0.0,20.4,0.0,0.0,4.5,32.0,14.0,0.0,0.0,66.0,32.0,233.0,61.0,268.0,76.0,164.0,54.0,,,,,,,,0.03,0.03,0.06,1.07,0.0,0.53,0.88,1.01,7.2,32,0,0.0,0.0,0.0,0.0,0.0,0.0,0.0,0.0,0.0,0.0,0.0,0.0,0.0,0.0,107.0,15006.0,0.0,0.0,0.0,0.0,0.0,0.0,0.0,0.0,0.0,0.0,0.0,0.0,0.0
410,Rico,Lewis,Lewis,a,,,4.6,403,71.0,1.2,181,71.0,0.0,679.0,246.0,0,0,0.0,-4,4.0,473,725,0.0,4.1,0.5,0.0,1.9,352.0,131.0,100.0,100.0,400.0,151.0,279.0,85.0,344.0,112.0,381.0,134.0,,,,,,,,0.03,0.38,0.41,1.46,0.0,0.29,1.45,0.87,5.5,32,0,0.0,0.0,0.0,0.0,0.0,0.0,0.0,0.0,0.0,0.0,0.0,0.0,0.0,0.0,632.0,838.0,0.0,0.0,0.0,0.0,0.0,0.0,0.0,0.0,0.0,0.0,0.0,0.0,0.0
411,Nico,O'Reilly,O'Reilly,a,,,5.1,237,37.0,14.3,21,8.0,14.0,2.0,2.0,14,1,-1.0,1,-1.0,230327,57909,2.7,27.3,28.5,14.0,4.8,19.0,6.0,100.0,100.0,61.0,29.0,77.0,16.0,48.0,1.0,45.0,4.0,,,,,,,,0.18,0.08,0.26,1.14,0.0,0.49,0.82,0.98,5.99,32,14,63.0,1.0,0.0,1.0,0.0,0.0,0.0,0.0,0.0,0.0,0.0,1.0,2.0,44.0,479048.0,64415.0,0.0,0.43000000000000016,0.32999999999999985,0.7599999999999998,0.25,46.200000000000045,25.80000000000001,39.0,11.100000000000009,4.0,1.0,1.0,5.0
412,Vitor,de Oliveira Nunes dos Reis,Vitor Reis,u,Has joined Girona on loan for the rest of the season.,,5.0,282,43.0,0.0,786,263.0,0.0,748.0,255.0,0,0,0.0,0,0.0,0,0,0.0,0.0,0.0,0.0,0.0,802.0,266.0,0.0,0.0,801.0,266.0,799.0,266.0,794.0,266.0,801.0,266.0,,,,,,,,0.0,0.0,0.0,0.0,0.0,0.0,0.0,0.0,0.0,32,0,0.0,0.0,0.0,0.0,0.0,0.0,0.0,0.0,0.0,0.0,0.0,0.0,0.0,0.0,0.0,0.0,0.0,0.0,0.0,0.0,0.0,0.0,0.0,0.0,0.0,0.0,0.0,0.0,0.0
415,Sávio,Moreira de Oliveira,Savinho,a,,,6.9,41,25.0,0.4,286,99.0,1.0,280.0,134.0,1,0,0.0,-1,1.0,377,221,0.1,4.1,2.5,1.0,1.6,408.0,177.0,100.0,100.0,385.0,171.0,230.0,148.0,120.0,71.0,286.0,143.0,,,,,,,,0.28,0.19,0.47,1.13,0.0,0.31,0.78,0.78,7.2,32,1,14.0,0.0,0.0,0.0,0.0,0.0,0.0,0.0,0.0,0.0,0.0,0.0,0.0,4.0,439.0,269.0,0.0,0.0,0.030000000000000027,0.03000000000000025,0.6200000000000001,2.0,5.299999999999983,4.0,1.0999999999999943,0.0,0.0,0.0,0.0
416,Bernardo,Mota Veiga de Carvalho e Silva,Bernardo,a,,,6.2,73,48.0,0.7,229,82.0,3.0,122.0,48.0,3,0,0.0,-3,3.0,6003,2678,0.5,13.5,6.5,3.0,2.7,242.0,98.0,100.0,100.0,128.0,42.0,19.0,18.0,106.0,65.0,55.0,36.0,1.0,,,,,,,0.07,0.13,0.2,1.11,0.0,0.39,0.93,1.05,7.79,32,3,80.0,0.0,0.0,1.0,0.0,0.0,0.0,0.0,0.0,0.0,0.0,1.0,0.0,16.0,12623.0,3553.0,0.0,0.25,0.08000000000000007,0.33000000000000007,0.5199999999999996,14.199999999999989,7.600000000000023,30.0,5.200000000000003,4.0,2.0,3.0,9.0
417,Rayan,Cherki,Cherki,a,,,6.4,59,38.0,10.6,33,11.0,10.0,7.0,1.0,10,1,-1.0,-1,1.0,310637,9472,1.6,17.2,20.5,10.0,4.2,53.0,22.0,100.0,100.0,94.0,31.0,10.0,10.0,53.0,31.0,26.0,22.0,3.0,2.0,,,,,,0.18,0.49,0.67,1.15,0.0,0.46,0.85,0.98,7.81,32,10,75.0,0.0,2.0,1.0,0.0,0.0,0.0,0.0,0.0,0.0,0.0,1.0,1.0,41.0,329815.0,18979.0,0.0,0.20000000000000018,0.6500000000000004,0.8499999999999996,0.5200000000000031,44.599999999999966,36.5,26.0,10.699999999999989,0.0,0.0,2.0,2.0
418,Jérémy,Doku,Doku,a,,,6.4,56,35.0,2.6,123,40.0,8.0,12.0,5.0,8,0,0.0,-1,1.0,29404,2386,1.2,12.8,16.5,8.0,3.6,115.0,53.0,100.0,100.0,179.0,68.0,20.0,19.0,49.0,29.0,42.0,30.0,,,3.0,,,,,0.14,0.32,0.46,1.13,0.0,0.42,0.9,0.97,6.38,32,8,75.0,1.0,0.0,1.0,0.0,0.0,0.0,0.0,0.0,0.0,0.0,1.0,0.0,29.0,31967.0,2949.0,0.0,0.18000000000000016,0.05999999999999961,0.2400000000000002,0.5200000000000014,37.80000000000001,17.600000000000023,44.0,9.900000000000006,1.0,0.0,8.0,9.0
421,Rodrigo 'Rodri',Hernandez Cascante,Rodrigo,a,,,6.3,68,44.0,0.5,261,92.0,3.0,123.0,49.0,3,0,0.0,-2,2.0,1569,1150,0.5,9.5,6.5,3.0,3.2,181.0,76.0,100.0,100.0,196.0,81.0,71.0,55.0,265.0,145.0,158.0,83.0,,,,,,,,0.05,0.15,0.2,1.16,0.0,0.34,0.88,1.01,12.36,32,3,90.0,0.0,0.0,1.0,0.0,0.0,0.0,0.0,0.0,0.0,0.0,1.0,0.0,11.0,2415.0,1545.0,0.0,0.0,0.040000000000000036,0.040000000000000036,1.1400000000000006,13.0,11.699999999999989,2.0,2.6999999999999886,2.0,2.0,4.0,8.0
422,Mateo,Kovačić,Kovačić,a,,,5.8,101,67.0,0.0,679,273.0,1.0,265.0,124.0,1,0,0.0,-2,2.0,51,23,0.2,0.3,2.5,1.0,1.0,506.0,236.0,100.0,100.0,481.0,219.0,453.0,218.0,813.0,362.0,490.0,225.0,,,,,,,,0.0,0.21,0.21,4.29,0.0,0.0,0.0,0.0,0.0,32,1,9.0,0.0,0.0,0.0,0.0,0.0,0.0,0.0,0.0,0.0,0.0,0.0,0.0,4.0,68.0,24.0,0.0,0.0,0.03,0.03,0.62,1.8000000000000003,2.8,0.0,0.5,0.0,0.0,0.0,0.0
423,Nico,González Iglesias,N.Gonzalez,a,,,5.9,96,63.0,0.1,479,167.0,0.0,801.0,352.0,0,0,0.0,-1,1.0,67,87,0.0,9.3,0.5,0.0,2.6,259.0,107.0,100.0,100.0,220.0,92.0,192.0,126.0,312.0,166.0,259.0,130.0,,,,,,,,0.04,0.07,0.11,1.1,0.0,0.46,0.92,0.99,11.96,32,0,0.0,0.0,0.0,0.0,0.0,0.0,0.0,0.0,0.0,0.0,0.0,0.0,0.0,0.0,82.0,108.0,0.0,0.0,0.0,0.0,0.0,0.0,0.0,0.0,0.0,0.0,0.0,0.0,0.0
736,Gianluigi,Donnarumma,Donnarumma,a,,,5.6,125,3.0,9.5,38,7.0,7.0,18.0,1.0,7,0,0.0,1,-1.0,64335,23147,1.3,19.8,14.5,7.0,4.0,64.0,7.0,,,60.0,13.0,814.0,95.0,812.0,94.0,245.0,13.0,,,,,,,,0.0,0.0,0.0,1.09,2.39,0.43,0.86,1.0,0.0,32,7,90.0,0.0,0.0,1.0,0.0,0.0,0.0,0.0,0.0,0.0,3.0,1.0,0.0,29.0,70759.0,38806.0,0.0,0.0,0.0,0.0,1.1400000000000006,25.399999999999977,0.0,0.0,2.5,0.0,2.0,8.0,0.0
739,Divine,Mukasa,Mukasa,u,has joined Leicester City on loan for the rest of the season.,,4.4,567,341.0,0.0,698,283.0,0.0,579.0,199.0,0,0,0.0,-1,1.0,0,19,0.0,0.5,0.0,0.0,1.0,476.0,211.0,0.0,0.0,482.0,220.0,386.0,194.0,437.0,214.0,460.0,208.0,,,,,,,,0.0,0.76,0.76,1.22,0.0,0.0,0.0,0.0,3.6,32,0,0.0,0.0,0.0,0.0,0.0,0.0,0.0,0.0,0.0,0.0,0.0,0.0,0.0,0.0,0.0,21.0,0.0,0.0,0.0,0.0,0.0,0.0,0.0,0.0,0.0,0.0,0.0,0.0,0.0
740,Stephen,Mfuni,Mfuni,u,has joined Watford on loan for the rest of the season.,,3.9,781,228.0,0.0,623,222.0,0.0,400.0,141.0,0,0,0.0,-1,1.0,0,26,0.0,0.0,0.0,0.0,0.0,572.0,207.0,0.0,0.0,562.0,206.0,550.0,206.0,518.0,201.0,564.0,206.0,,,,,,,,0.0,0.0,0.0,0.0,0.0,0.0,0.0,0.0,0.0,32,0,0.0,0.0,0.0,0.0,0.0,0.0,0.0,0.0,0.0,0.0,0.0,0.0,0.0,0.0,0.0,28.0,0.0,0.0,0.0,0.0,0.0,0.0,0.0,0.0,0.0,0.0,0.0,0.0,0.0
742,Ryan,McAidoo,McAidoo,a,,,4.5,503,312.0,0.0,735,308.0,0.0,664.0,261.0,0,0,0.0,0,0.0,13,21,0.0,0.0,0.5,0.0,0.0,753.0,318.0,,,752.0,317.0,745.0,317.0,732.0,313.0,752.0,317.0,,,,,,,,0.0,0.0,0.0,0.0,0.0,0.0,0.0,0.0,0.0,32,0,0.0,0.0,0.0,0.0,0.0,0.0,0.0,0.0,0.0,0.0,0.0,0.0,0.0,0.0,14.0,26.0,0.0,0.0,0.0,0.0,0.0,0.0,0.0,0.0,0.0,0.0,0.0,0.0,0.0
763,Charlie,Gray,Gray,a,,,4.5,456,274.0,0.0,784,341.0,0.0,620.0,225.0,0,0,0.0,0,0.0,16,22,0.0,0.0,0.5,0.0,0.0,719.0,291.0,,,714.0,286.0,709.0,288.0,693.0,281.0,715.0,287.0,,,,,,,,0.0,0.0,0.0,0.0,0.0,0.0,0.0,0.0,0.0,32,0,0.0,0.0,0.0,0.0,0.0,0.0,0.0,0.0,0.0,0.0,0.0,0.0,0.0,0.0,20.0,25.0,0.0,0.0,0.0,0.0,0.0,0.0,0.0,0.0,0.0,0.0,0.0,0.0,0.0
764,Reigan,Heskey,Heskey,a,,,4.5,486,298.0,0.0,794,349.0,0.0,647.0,247.0,0,0,0.0,0,0.0,5,12,0.0,0.0,0.5,0.0,0.0,739.0,307.0,,,737.0,305.0,730.0,305.0,717.0,301.0,737.0,305.0,,,,,,,,0.0,0.0,0.0,0.0,0.0,0.0,0.0,0.0,0.0,32,0,0.0,0.0,0.0,0.0,0.0,0.0,0.0,0.0,0.0,0.0,0.0,0.0,0.0,0.0,13.0,16.0,0.0,0.0,0.0,0.0,0.0,0.0,0.0,0.0,0.0,0.0,0.0,0.0,0.0
794,Max,Alleyne,Alleyne,a,,,3.9,774,225.0,0.0,747,256.0,0.0,393.0,138.0,0,0,0.0,-6,6.0,30,79,0.0,1.3,0.5,0.0,2.5,262.0,100.0,100.0,100.0,434.0,161.0,409.0,148.0,374.0,128.0,434.0,156.0,,,,,,,,0.17,0.04,0.21,1.03,0.0,0.0,0.67,1.33,7.33,32,0,0.0,0.0,0.0,0.0,0.0,0.0,0.0,0.0,0.0,0.0,0.0,0.0,0.0,0.0,51.0,108.0,0.0,0.0,0.0,0.0,0.0,0.0,0.0,0.0,0.0,0.0,0.0,0.0,0.0
119,Bryan,Mbeumo,Mbeumo,a,,,8.5,11,6.0,18.3,18,7.0,1.5,209.0,97.0,1,-1,1.0,5,-5.0,10839,248039,0.2,14.5,1.5,2.0,4.6,27.0,11.0,100.0,100.0,67.0,18.0,13.0,13.0,9.0,4.0,9.0,7.0,2.0,2.0,,,,,,0.33,0.18,0.51,1.22,0.0,0.2,1.34,1.06,4.84,32,1,20.0,0.0,0.0,0.0,0.0,0.0,0.0,0.0,0.0,0.0,0.0,0.0,0.0,3.0,39823.0,352027.0,0.0,0.0699999999999994,0.1900000000000004,0.2599999999999998,0.3500000000000014,3.599999999999909,15.300000000000068,13.0,3.1999999999999886,0.0,0.0,1.0,1.0
431,Altay,Bayındır,Bayindir,a,,,4.7,388,18.0,0.3,317,43.0,0.0,685.0,91.0,0,0,0.0,-3,3.0,122,211,0.0,2.3,0.0,0.5,1.8,374.0,34.0,,,352.0,26.0,432.0,11.0,751.0,83.0,409.0,26.0,,,,,,,,0.0,0.01,0.01,1.54,2.17,0.0,1.83,1.0,0.0,32,0,0.0,0.0,0.0,0.0,0.0,0.0,0.0,0.0,0.0,0.0,0.0,0.0,0.0,0.0,209.0,280.0,0.0,0.0,0.0,0.0,0.0,0.0,0.0,0.0,0.0,0.0,0.0,0.0,0.0
432,André,Onana,Onana,u,has joined Trabzonspor on loan for the rest of the season.,,4.9,300,11.0,0.1,427,62.0,0.0,704.0,92.0,0,0,0.0,-1,1.0,0,14,0.0,0.0,0.0,0.0,0.0,775.0,94.0,0.0,0.0,774.0,94.0,770.0,91.0,766.0,89.0,774.0,94.0,,,,,,,,0.0,0.0,0.0,0.0,0.0,0.0,0.0,0.0,0.0,32,0,0.0,0.0,0.0,0.0,0.0,0.0,0.0,0.0,0.0,0.0,0.0,0.0,0.0,0.0,0.0,16.0,0.0,0.0,0.0,0.0,0.0,0.0,0.0,0.0,0.0,0.0,0.0,0.0,0.0
433,Elyh,Harrison,Harrison,u,On loan to Shrewsbury Town,,4.0,724,65.0,0.0,815,95.0,0.0,464.0,77.0,0,0,0.0,0,0.0,0,0,0.0,0.0,0.0,0.0,0.0,626.0,86.0,0.0,0.0,617.0,86.0,609.0,74.0,579.0,61.0,619.0,86.0,,,,,,,,0.0,0.0,0.0,0.0,0.0,0.0,0.0,0.0,0.0,32,0,0.0,0.0,0.0,0.0,0.0,0.0,0.0,0.0,0.0,0.0,0.0,0.0,0.0,0.0,0.0,0.0,0.0,0.0,0.0,0.0,0.0,0.0,0.0,0.0,0.0,0.0,0.0,0.0,0.0
434,Tom,Heaton,Heaton,a,,,3.8,788,92.0,0.4,289,36.0,0.0,343.0,24.0,0,0,0.0,-2,2.0,4526,1061,0.0,0.0,0.0,0.5,0.0,527.0,37.0,,,517.0,37.0,500.0,17.0,467.0,4.0,519.0,37.0,,,,,,,,0.0,0.0,0.0,0.0,0.0,0.0,0.0,0.0,0.0,32,0,0.0,0.0,0.0,0.0,0.0,0.0,0.0,0.0,0.0,0.0,0.0,0.0,0.0,0.0,6295.0,1383.0,0.0,0.0,0.0,0.0,0.0,0.0,0.0,0.0,0.0,0.0,0.0,0.0,0.0
435,Dermot,Mee,Mee,a,,,3.9,765,81.0,0.1,489,73.0,0.0,386.0,42.0,0,0,0.0,-1,1.0,24,88,0.0,0.0,0.0,0.5,0.0,559.0,53.0,,,549.0,53.0,536.0,36.0,504.0,23.0,551.0,53.0,,,,,,,,0.0,0.0,0.0,0.0,0.0,0.0,0.0,0.0,0.0,32,0,0.0,0.0,0.0,0.0,0.0,0.0,0.0,0.0,0.0,0.0,0.0,0.0,0.0,0.0,40.0,129.0,0.0,0.0,0.0,0.0,0.0,0.0,0.0,0.0,0.0,0.0,0.0,0.0,0.0
437,Lisandro,Martínez,Martinez,s,Suspended until 09 May,,4.8,358,61.0,0.4,282,108.0,-1.5,826.0,268.0,-3,0,0.0,-2,2.0,135,3224,-0.3,7.5,0.0,-0.8,2.4,284.0,108.0,0.0,75.0,255.0,103.0,308.0,100.0,416.0,156.0,335.0,112.0,,,,,,,,0.01,0.05,0.06,1.06,0.0,0.28,1.22,0.94,7.51,32,-3,55.0,0.0,0.0,0.0,2.0,0.0,0.0,0.0,0.0,1.0,0.0,1.0,0.0,4.0,214.0,4211.0,0.0,0.0,0.06000000000000005,0.05999999999999994,1.9600000000000009,12.200000000000017,2.299999999999997,0.0,1.5,1.0,4.0,5.0,5.0
439,Diego,León Blanco,D.Leon,a,,,4.1,660,161.0,0.1,567,203.0,0.0,487.0,199.0,0,0,0.0,-4,4.0,26,30,0.0,0.0,0.0,0.5,0.0,641.0,250.0,,,632.0,250.0,625.0,250.0,596.0,248.0,634.0,250.0,,,,,,,,0.0,0.0,0.0,0.0,0.0,0.0,0.0,0.0,0.0,32,0,0.0,0.0,0.0,0.0,0.0,0.0,0.0,0.0,0.0,0.0,0.0,0.0,0.0,0.0,39.0,41.0,0.0,0.0,0.0,0.0,0.0,0.0,0.0,0.0,0.0,0.0,0.0,0.0,0.0
440,Diogo,Dalot Teixeira,Dalot,a,,,4.6,398,68.0,4.2,90,29.0,1.0,224.0,73.0,1,0,0.0,1,-1.0,2217,63021,0.2,21.5,1.0,1.5,3.3,155.0,61.0,100.0,100.0,103.0,45.0,60.0,10.0,162.0,35.0,87.0,20.0,,,,,,,,0.06,0.1,0.16,1.23,0.0,0.24,1.4,1.0,6.04,32,1,20.0,0.0,0.0,0.0,0.0,0.0,0.0,0.0,0.0,0.0,0.0,0.0,0.0,6.0,14481.0,86780.0,0.0,0.020000000000000018,0.010000000000000231,0.029999999999999805,0.3500000000000014,7.199999999999989,1.1000000000000227,3.0,1.0999999999999943,2.0,2.0,2.0,4.0
441,Patrick,Dorgu,Dorgu,i,Hamstring injury - Unknown return date,,4.1,658,159.0,2.5,125,48.0,0.0,486.0,198.0,0,0,0.0,-4,4.0,232,15368,0.0,18.0,0.0,0.0,3.4,135.0,47.0,0.0,0.0,142.0,62.0,81.0,19.0,102.0,11.0,96.0,26.0,,,,,,,,0.13,0.1,0.23,1.27,0.0,0.2,1.35,0.95,6.43,32,0,0.0,0.0,0.0,0.0,0.0,0.0,0.0,0.0,0.0,0.0,0.0,0.0,0.0,0.0,387.0,27284.0,0.0,0.0,0.0,0.0,0.0,0.0,0.0,0.0,0.0,0.0,0.0,0.0,0.0
442,Harry,Maguire,Maguire,s,Suspended until 27 Apr,,4.4,522,101.0,1.2,180,70.0,0.0,544.0,222.0,0,0,0.0,-1,1.0,1274,19224,0.0,14.3,0.0,0.0,3.5,120.0,42.0,0.0,0.0,246.0,96.0,370.0,133.0,240.0,64.0,309.0,104.0,,,,,,,,0.06,0.01,0.07,1.25,0.0,0.38,1.13,1.05,7.36,32,0,0.0,0.0,0.0,0.0,0.0,0.0,0.0,0.0,0.0,0.0,0.0,0.0,0.0,0.0,1370.0,35953.0,0.0,0.0,0.0,0.0,0.0,0.0,0.0,0.0,0.0,0.0,0.0,0.0,0.0
448,Tyrell,Malacia,Malacia,a,,,3.7,819,261.0,0.4,281,107.0,0.0,337.0,105.0,0,0,0.0,-3,3.0,3772,947,0.0,0.5,0.0,0.5,1.0,450.0,161.0,,,486.0,173.0,475.0,173.0,461.0,173.0,497.0,174.0,,,,,,,,0.0,0.0,0.0,4.5,0.0,0.0,12.86,0.0,25.71,32,0,0.0,0.0,0.0,0.0,0.0,0.0,0.0,0.0,0.0,0.0,0.0,0.0,0.0,0.0,5290.0,1208.0,0.0,0.0,0.0,0.0,0.0,0.0,0.0,0.0,0.0,0.0,0.0,0.0,0.0
449,Bruno,Borges Fernandes,B.Fernandes,a,,,10.3,4,3.0,43.1,4,2.0,8.5,10.0,3.0,4,0,0.0,13,-13.0,64468,128791,0.8,18.7,8.5,9.0,6.7,3.0,1.0,100.0,100.0,1.0,1.0,1.0,1.0,33.0,17.0,1.0,1.0,1.0,1.0,1.0,,,,,0.37,0.34,0.71,1.3,0.0,0.14,1.46,1.03,8.84,32,4,90.0,0.0,1.0,0.0,2.0,0.0,0.0,0.0,1.0,0.0,0.0,1.0,0.0,27.0,165738.0,136155.0,0.0,0.019999999999999574,0.4900000000000002,0.509999999999998,2.3699999999999974,36.399999999999864,71.80000000000018,6.0,11.399999999999977,2.0,1.0,3.0,6.0
450,Matheus,Santos Carneiro da Cunha,Cunha,a,,,8.0,17,12.0,7.9,47,15.0,3.5,112.0,45.0,1,0,0.0,0,0.0,12919,72830,0.4,14.8,3.5,4.0,4.1,57.0,25.0,100.0,100.0,68.0,19.0,49.0,41.0,19.0,8.0,24.0,20.0,,,,,,,,0.25,0.11,0.36,1.27,0.0,0.25,1.29,1.04,7.55,32,1,90.0,0.0,0.0,0.0,2.0,0.0,0.0,0.0,1.0,0.0,0.0,1.0,0.0,9.0,56312.0,92372.0,0.0,0.14000000000000057,0.06000000000000005,0.20000000000000107,2.370000000000001,13.399999999999977,27.19999999999999,46.0,8.699999999999989,2.0,2.0,3.0,7.0
451,Marcus,Rashford,Rashford,u,Has joined Barcelona on loan for the rest of the season,,7.0,36,21.0,0.0,713,292.0,0.0,819.0,365.0,0,0,0.0,0,0.0,0,2,0.0,0.0,0.0,0.0,0.0,824.0,369.0,0.0,0.0,824.0,369.0,824.0,369.0,824.0,369.0,824.0,369.0,,,,,,,,0.0,0.0,0.0,0.0,0.0,0.0,0.0,0.0,0.0,32,0,0.0,0.0,0.0,0.0,0.0,0.0,0.0,0.0,0.0,0.0,0.0,0.0,0.0,0.0,0.0,5.0,0.0,0.0,0.0,0.0,0.0,0.0,0.0,0.0,0.0,0.0,0.0,0.0,0.0
452,Amad,Diallo,Amad,a,,,6.2,78,51.0,1.4,168,59.0,2.0,174.0,76.0,2,0,0.0,-3,3.0,1082,7071,0.3,12.3,2.0,2.5,2.9,211.0,87.0,100.0,100.0,153.0,54.0,32.0,29.0,36.0,20.0,39.0,27.0,3.0,,,,,,,0.21,0.16,0.37,1.19,0.0,0.18,1.31,1.04,7.89,32,2,69.0,0.0,0.0,0.0,2.0,0.0,0.0,0.0,0.0,0.0,0.0,1.0,0.0,11.0,2848.0,9268.0,0.0,0.04999999999999982,0.010000000000000231,0.0600000000000005,2.009999999999998,3.8000000000000114,3.7999999999999545,13.0,2.0999999999999943,2.0,0.0,0.0,2.0
454,Antony,dos Santos,Antony,u,has joined Real Betis permanently.,,5.9,97,64.0,0.1,571,213.0,0.0,802.0,353.0,0,0,0.0,-1,1.0,0,4,0.0,0.0,0.0,0.0,0.0,817.0,365.0,0.0,0.0,817.0,365.0,817.0,365.0,816.0,365.0,817.0,365.0,,,,,,,,0.0,0.0,0.0,0.0,0.0,0.0,0.0,0.0,0.0,32,0,0.0,0.0,0.0,0.0,0.0,0.0,0.0,0.0,0.0,0.0,0.0,0.0,0.0,0.0,0.0,4.0,0.0,0.0,0.0,0.0,0.0,0.0,0.0,0.0,0.0,0.0,0.0,0.0,0.0
455,Mason,Mount,Mount,a,,,5.9,92,60.0,0.3,337,116.0,0.5,329.0,161.0,0,0,0.0,-1,1.0,103,170,0.1,8.0,0.5,1.0,2.6,258.0,106.0,100.0,100.0,314.0,142.0,181.0,120.0,188.0,104.0,264.0,133.0,,,,,,,,0.17,0.15,0.32,1.14,0.0,0.33,1.55,1.11,6.97,32,0,0.0,0.0,0.0,0.0,0.0,0.0,0.0,0.0,0.0,0.0,0.0,0.0,0.0,0.0,152.0,222.0,0.0,0.0,0.0,0.0,0.0,0.0,0.0,0.0,0.0,0.0,0.0,0.0,0.0
457,Carlos Henrique,Casimiro,Casemiro,a,,,5.7,111,71.0,3.1,108,35.0,5.0,53.0,21.0,9,0,0.0,2,-2.0,20287,26087,0.9,25.1,5.0,5.5,4.8,21.0,8.0,100.0,100.0,18.0,5.0,41.0,36.0,31.0,15.0,21.0,17.0,,,,,,,,0.2,0.12,0.32,1.06,0.0,0.32,1.09,1.17,11.53,32,9,90.0,1.0,0.0,0.0,2.0,0.0,0.0,0.0,0.0,0.0,0.0,1.0,2.0,38.0,32788.0,34939.0,0.0,0.2400000000000002,0.1200000000000001,0.3600000000000003,2.370000000000001,51.60000000000002,50.0,48.0,15.0,0.0,5.0,6.0,11.0
458,Kobbie,Mainoo,Mainoo,d,Knock - 75% chance of playing,,4.7,393,244.0,1.1,193,69.0,1.0,228.0,103.0,0,1,-1.0,-3,3.0,1016,18192,0.2,9.6,0.8,1.5,2.0,340.0,145.0,75.0,100.0,258.0,108.0,123.0,85.0,330.0,173.0,243.0,119.0,,,,,,,,0.02,0.07,0.09,1.22,0.0,0.24,1.37,0.81,9.7,32,0,0.0,0.0,0.0,0.0,0.0,0.0,0.0,0.0,0.0,0.0,0.0,0.0,0.0,0.0,3739.0,23043.0,0.0,0.0,0.0,0.0,0.0,0.0,0.0,0.0,0.0,0.0,0.0,0.0,0.0
460,Toby,Collyer,Collyer,u,has joined Hull City on loan for the rest of the season.,,4.5,446,266.0,0.0,667,267.0,0.0,610.0,217.0,0,0,0.0,0,0.0,0,10,0.0,0.0,0.0,0.0,0.0,712.0,284.0,0.0,0.0,706.0,278.0,702.0,281.0,686.0,274.0,708.0,280.0,,,,,,,,0.0,0.0,0.0,0.0,0.0,0.0,0.0,0.0,0.0,32,0,0.0,0.0,0.0,0.0,0.0,0.0,0.0,0.0,0.0,0.0,0.0,0.0,0.0,0.0,0.0,16.0,0.0,0.0,0.0,0.0,0.0,0.0,0.0,0.0,0.0,0.0,0.0,0.0,0.0
462,Jack,Fletcher,J.Fletcher,a,,,4.3,606,356.0,0.1,527,191.0,0.0,530.0,173.0,0,0,0.0,-2,2.0,54,222,0.0,0.7,0.0,0.5,1.0,468.0,204.0,,,454.0,202.0,390.0,197.0,434.0,211.0,457.0,205.0,,,,,,,,0.03,0.02,0.05,1.56,0.0,0.0,0.0,0.0,9.25,32,0,0.0,0.0,0.0,0.0,0.0,0.0,0.0,0.0,0.0,0.0,0.0,0.0,0.0,0.0,84.0,314.0,0.0,0.0,0.0,0.0,0.0,0.0,0.0,0.0,0.0,0.0,0.0,0.0,0.0
463,Sékou,Koné,Kone,u,has joined Lausanne-Sport on loan for the rest of the season.,,4.3,618,366.0,0.1,528,192.0,0.0,539.0,180.0,0,0,0.0,-2,2.0,0,50,0.0,0.0,0.0,0.0,0.0,666.0,255.0,0.0,0.0,656.0,245.0,652.0,250.0,629.0,239.0,658.0,247.0,,,,,,,,0.0,0.0,0.0,0.0,0.0,0.0,0.0,0.0,0.0,32,0,0.0,0.0,0.0,0.0,0.0,0.0,0.0,0.0,0.0,0.0,0.0,0.0,0.0,0.0,0.0,67.0,0.0,0.0,0.0,0.0,0.0,0.0,0.0,0.0,0.0,0.0,0.0,0.0,0.0
464,Jack,Moorhouse,Moorhouse,u,has joined Leyton Orient on loan for the rest of the season.,,4.5,471,287.0,0.0,701,285.0,0.0,632.0,236.0,0,0,0.0,0,0.0,0,4,0.0,0.0,0.0,0.0,0.0,729.0,300.0,0.0,0.0,726.0,297.0,720.0,298.0,705.0,292.0,727.0,298.0,,,,,,,,0.0,0.0,0.0,0.0,0.0,0.0,0.0,0.0,0.0,32,0,0.0,0.0,0.0,0.0,0.0,0.0,0.0,0.0,0.0,0.0,0.0,0.0,0.0,0.0,0.0,4.0,0.0,0.0,0.0,0.0,0.0,0.0,0.0,0.0,0.0,0.0,0.0,0.0,0.0
465,Rasmus,Højlund,Højlund,u,has joined Napoli on loan for the rest of the season.,,6.3,72,23.0,0.3,353,56.0,0.0,811.0,90.0,0,0,0.0,-2,2.0,0,15,0.0,0.0,0.0,0.0,0.0,819.0,90.0,0.0,0.0,819.0,90.0,819.0,90.0,819.0,90.0,819.0,90.0,,,,,,,,0.0,0.0,0.0,0.0,0.0,0.0,0.0,0.0,0.0,32,0,0.0,0.0,0.0,0.0,0.0,0.0,0.0,0.0,0.0,0.0,0.0,0.0,0.0,0.0,0.0,19.0,0.0,0.0,0.0,0.0,0.0,0.0,0.0,0.0,0.0,0.0,0.0,0.0,0.0
466,Joshua,Zirkzee,Zirkzee,a,,,5.8,106,30.0,0.4,284,43.0,0.0,797.0,88.0,0,0,0.0,-2,2.0,145,407,0.0,6.4,0.0,0.5,2.1,331.0,38.0,100.0,100.0,324.0,31.0,205.0,21.0,153.0,36.0,271.0,32.0,,,,,,,,0.39,0.06,0.45,1.35,0.0,0.18,1.41,0.71,6.54,32,0,0.0,0.0,0.0,0.0,0.0,0.0,0.0,0.0,0.0,0.0,0.0,0.0,0.0,0.0,201.0,526.0,0.0,0.0,0.0,0.0,0.0,0.0,0.0,0.0,0.0,0.0,0.0,0.0,0.0
468,Ethan,Wheatley,Wheatley,u,has joined Bradford City on loan for the rest of the season.,,4.5,480,67.0,0.1,515,70.0,0.0,641.0,65.0,0,0,0.0,0,0.0,0,20,0.0,0.0,0.0,0.0,0.0,736.0,77.0,0.0,0.0,733.0,77.0,727.0,76.0,713.0,76.0,734.0,77.0,,,,,,,,0.0,0.0,0.0,0.0,0.0,0.0,0.0,0.0,0.0,32,0,0.0,0.0,0.0,0.0,0.0,0.0,0.0,0.0,0.0,0.0,0.0,0.0,0.0,0.0,0.0,27.0,0.0,0.0,0.0,0.0,0.0,0.0,0.0,0.0,0.0,0.0,0.0,0.0,0.0
681,Benjamin,Sesko,Šeško,a,,,7.3,28,11.0,5.9,67,13.0,1.0,284.0,39.0,2,-1,1.0,-2,2.0,6225,81950,0.1,13.2,1.0,1.5,3.6,116.0,8.0,100.0,100.0,136.0,14.0,235.0,24.0,13.0,9.0,60.0,14.0,,,,,,,,0.48,0.01,0.49,1.52,0.0,0.06,1.84,0.89,3.55,32,2,90.0,0.0,0.0,0.0,2.0,0.0,0.0,0.0,0.0,0.0,0.0,1.0,0.0,10.0,14077.0,105926.0,0.0,0.3099999999999996,0.010000000000000009,0.3200000000000003,2.3699999999999974,10.400000000000034,2.3000000000000114,44.0,5.700000000000003,0.0,0.0,2.0,2.0
733,Senne,Lammens,Lammens,a,,,5.1,235,8.0,2.8,118,17.0,2.0,157.0,16.0,2,0,0.0,1,-1.0,5988,15390,0.4,15.3,2.0,2.5,3.0,196.0,20.0,,,93.0,16.0,800.0,93.0,456.0,2.0,277.0,17.0,,,,,,,,0.0,0.0,0.0,1.21,2.31,0.19,1.31,1.0,0.0,32,2,90.0,0.0,0.0,0.0,2.0,0.0,0.0,0.0,0.0,0.0,3.0,1.0,0.0,9.0,13918.0,19897.0,0.0,0.0,0.0,0.0,2.370000000000001,27.600000000000023,0.0,0.0,2.799999999999997,0.0,0.0,7.0,0.0
755,Shea,Lacey,Lacey,a,,,4.5,483,296.0,0.0,731,304.0,0.0,644.0,245.0,0,0,0.0,0,0.0,30,52,0.0,0.4,0.0,0.5,1.0,485.0,218.0,100.0,100.0,484.0,221.0,467.0,226.0,410.0,202.0,477.0,218.0,,,,,,,,0.52,0.0,0.52,0.82,0.0,0.0,0.0,0.0,7.5,32,0,0.0,0.0,0.0,0.0,0.0,0.0,0.0,0.0,0.0,0.0,0.0,0.0,0.0,0.0,41.0,62.0,0.0,0.0,0.0,0.0,0.0,0.0,0.0,0.0,0.0,0.0,0.0,0.0,0.0
769,Bendito,Mantato,Bendito Mantato,a,,,4.5,482,295.0,0.0,783,340.0,0.0,643.0,244.0,0,0,0.0,0,0.0,11,9,0.0,0.2,0.0,0.5,1.0,484.0,217.0,,,494.0,228.0,422.0,210.0,715.0,300.0,480.0,221.0,,,,,,,,0.0,0.06,0.06,0.3,0.0,0.0,0.0,0.0,0.0,32,0,0.0,0.0,0.0,0.0,0.0,0.0,0.0,0.0,0.0,0.0,0.0,0.0,0.0,0.0,15.0,14.0,0.0,0.0,0.0,0.0,0.0,0.0,0.0,0.0,0.0,0.0,0.0,0.0,0.0
771,Tyler,Fletcher,Fletcher,a,,,4.4,551,331.0,0.0,737,309.0,0.0,565.0,191.0,0,0,0.0,-1,1.0,18,57,0.0,0.2,0.0,0.5,1.0,473.0,208.0,,,507.0,232.0,471.0,228.0,647.0,250.0,511.0,234.0,,,,,,,,0.0,0.9,0.9,1.8,0.0,0.0,0.0,0.0,0.0,32,0,0.0,0.0,0.0,0.0,0.0,0.0,0.0,0.0,0.0,0.0,0.0,0.0,0.0,0.0,28.0,72.0,0.0,0.0,0.0,0.0,0.0,0.0,0.0,0.0,0.0,0.0,0.0,0.0,0.0
788,Godwill,Kukonki,Kukonki,a,,,4.0,720,193.0,0.0,727,253.0,0.0,460.0,174.0,0,0,0.0,0,0.0,8,21,0.0,0.0,0.0,0.5,0.0,622.0,233.0,,,613.0,233.0,605.0,233.0,575.0,230.0,615.0,233.0,,,,,,,,0.0,0.0,0.0,0.0,0.0,0.0,0.0,0.0,0.0,32,0,0.0,0.0,0.0,0.0,0.0,0.0,0.0,0.0,0.0,0.0,0.0,0.0,0.0,0.0,16.0,25.0,0.0,0.0,0.0,0.0,0.0,0.0,0.0,0.0,0.0,0.0,0.0,0.0,0.0
52,Jacob,Ramsey,J.Ramsey,a,,,5.3,187,118.0,0.2,360,122.0,1.5,199.0,88.0,1,0,0.0,-2,2.0,308,961,0.3,7.5,1.5,1.5,1.8,382.0,162.0,100.0,100.0,274.0,113.0,157.0,106.0,227.0,124.0,244.0,120.0,,,,,,,,0.09,0.08,0.17,1.77,0.0,0.08,2.08,0.92,9.0,32,1,6.0,0.0,0.0,0.0,1.0,0.0,0.0,0.0,0.0,0.0,0.0,0.0,0.0,6.0,425.0,1272.0,0.0,0.0,0.010000000000000009,0.010000000000000009,0.8499999999999979,4.199999999999989,0.6000000000000227,0.0,0.5,0.0,0.0,1.0,1.0
135,Yoane,Wissa,Wissa,a,,,7.3,25,9.0,0.6,251,34.0,1.0,282.0,37.0,1,0,0.0,-2,2.0,483,875,0.1,2.9,1.0,1.0,1.5,419.0,51.0,100.0,100.0,414.0,47.0,375.0,50.0,218.0,43.0,374.0,45.0,,,,,,,,0.41,0.11,0.52,1.7,0.0,0.21,1.91,0.85,4.04,32,1,1.0,0.0,0.0,0.0,0.0,0.0,0.0,0.0,0.0,0.0,0.0,0.0,0.0,3.0,600.0,1231.0,0.0,0.0,0.0,0.0,0.05999999999999961,0.0,0.0,0.0,0.0,0.0,0.0,0.0,0.0
469,Nick,Pope,Pope,a,,,5.0,244,9.0,4.3,87,16.0,0.0,731.0,93.0,0,0,0.0,0,0.0,2678,8616,0.0,16.4,0.0,0.0,3.7,98.0,14.0,100.0,100.0,85.0,15.0,785.0,92.0,358.0,1.0,254.0,15.0,,,,,,,,0.01,0.0,0.01,1.24,3.07,0.32,1.46,1.01,0.0,32,0,0.0,0.0,0.0,0.0,0.0,0.0,0.0,0.0,0.0,0.0,0.0,0.0,0.0,0.0,3210.0,13838.0,0.0,0.0,0.0,0.0,0.0,0.0,0.0,0.0,0.0,0.0,0.0,0.0,0.0
471,Mark,Gillespie,Gillespie,a,,,3.9,746,70.0,0.1,442,65.0,0.0,371.0,31.0,0,0,0.0,-1,1.0,47,125,0.0,0.0,0.0,0.0,0.0,547.0,43.0,,,537.0,43.0,523.0,25.0,491.0,12.0,539.0,43.0,,,,,,,,0.0,0.0,0.0,0.0,0.0,0.0,0.0,0.0,0.0,32,0,0.0,0.0,0.0,0.0,0.0,0.0,0.0,0.0,0.0,0.0,0.0,0.0,0.0,0.0,68.0,160.0,0.0,0.0,0.0,0.0,0.0,0.0,0.0,0.0,0.0,0.0,0.0,0.0,0.0
472,Odysseas,Vlachodimos,Odysseas,u,Has joined Sevilla on loan for the rest of the season.,,4.0,669,44.0,0.0,723,84.0,0.0,412.0,57.0,0,0,0.0,0,0.0,0,7,0.0,0.0,0.0,0.0,0.0,582.0,67.0,0.0,0.0,572.0,67.0,562.0,53.0,531.0,40.0,574.0,67.0,,,,,,,,0.0,0.0,0.0,0.0,0.0,0.0,0.0,0.0,0.0,32,0,0.0,0.0,0.0,0.0,0.0,0.0,0.0,0.0,0.0,0.0,0.0,0.0,0.0,0.0,0.0,7.0,0.0,0.0,0.0,0.0,0.0,0.0,0.0,0.0,0.0,0.0,0.0,0.0,0.0
473,Lewis,Hall,Hall,a,,,5.4,172,21.0,3.7,99,34.0,1.0,256.0,85.0,1,0,0.0,-1,1.0,14338,31155,0.2,13.5,1.0,1.0,2.9,208.0,82.0,100.0,100.0,98.0,43.0,78.0,17.0,193.0,46.0,99.0,29.0,2.0,1.0,,,,,,0.04,0.12,0.16,1.53,0.0,0.2,1.66,0.98,7.34,32,1,90.0,0.0,0.0,0.0,2.0,0.0,0.0,0.0,0.0,0.0,0.0,1.0,0.0,9.0,22732.0,55396.0,0.0,0.039999999999999925,0.06999999999999984,0.11000000000000032,2.5600000000000023,17.80000000000001,20.399999999999977,11.0,4.900000000000006,0.0,4.0,6.0,4.0
474,Fabian,Schär,Schär,i,Ankle injury - Expected back 10 May,,5.2,201,26.0,1.1,186,73.0,0.0,756.0,257.0,0,0,0.0,-3,3.0,41,677,0.0,9.8,0.0,0.0,3.2,176.0,68.0,0.0,0.0,215.0,85.0,329.0,111.0,256.0,71.0,284.0,93.0,,4.0,,,,,,0.08,0.05,0.13,1.14,0.0,0.33,1.07,0.91,9.5,32,0,0.0,0.0,0.0,0.0,0.0,0.0,0.0,0.0,0.0,0.0,0.0,0.0,0.0,0.0,47.0,867.0,0.0,0.0,0.0,0.0,0.0,0.0,0.0,0.0,0.0,0.0,0.0,0.0,0.0
477,Tino,Livramento,Livramento,a,,,4.9,324,53.0,1.9,140,56.0,1.0,234.0,77.0,1,0,0.0,-1,1.0,2017,1493,0.2,11.6,1.0,1.0,3.6,110.0,39.0,100.0,100.0,272.0,111.0,184.0,48.0,350.0,115.0,293.0,97.0,,,,,,,,0.01,0.06,0.07,1.17,0.0,0.43,0.93,0.93,4.53,32,1,90.0,0.0,0.0,0.0,2.0,0.0,0.0,0.0,0.0,0.0,0.0,1.0,0.0,8.0,3047.0,2228.0,0.0,0.0,0.030000000000000027,0.030000000000000027,2.5600000000000023,10.199999999999989,7.0,0.0,1.6999999999999957,0.0,2.0,7.0,2.0
478,Kieran,Trippier,Trippier,a,,,4.9,285,44.0,1.4,166,65.0,1.0,232.0,76.0,0,0,0.0,-1,1.0,1041,1892,0.2,10.2,1.0,1.0,2.8,219.0,88.0,100.0,100.0,227.0,90.0,46.0,6.0,406.0,151.0,178.0,59.0,4.0,2.0,,,,,,0.0,0.12,0.12,1.21,0.0,0.31,1.55,1.05,4.76,32,0,0.0,0.0,0.0,0.0,0.0,0.0,0.0,0.0,0.0,0.0,0.0,0.0,0.0,0.0,1512.0,2404.0,0.0,0.0,0.0,0.0,0.0,0.0,0.0,0.0,0.0,0.0,0.0,0.0,0.0
479,Emil,Krafth,Krafth,i,Knee injury - Unknown return date,,4.3,574,123.0,0.0,625,223.0,0.0,505.0,208.0,0,0,0.0,-2,2.0,11,14,0.0,0.0,0.0,0.0,0.0,651.0,252.0,0.0,0.0,498.0,177.0,470.0,171.0,611.0,251.0,502.0,176.0,,,,,,,,0.0,0.0,0.0,0.5,0.0,0.0,4.0,2.0,2.0,32,0,0.0,0.0,0.0,0.0,0.0,0.0,0.0,0.0,0.0,0.0,0.0,0.0,0.0,0.0,19.0,18.0,0.0,0.0,0.0,0.0,0.0,0.0,0.0,0.0,0.0,0.0,0.0,0.0,0.0
102,Ellery,Balcombe,Balcombe,a,,,3.9,759,79.0,0.3,349,48.0,0.0,382.0,40.0,0,0,0.0,-1,1.0,79,288,0.0,0.0,0.0,0.0,0.0,555.0,51.0,,,545.0,51.0,532.0,34.0,500.0,21.0,547.0,51.0,,,,,,,,0.0,0.0,0.0,0.0,0.0,0.0,0.0,0.0,0.0,32,0,0.0,0.0,0.0,0.0,0.0,0.0,0.0,0.0,0.0,0.0,0.0,0.0,0.0,0.0,106.0,367.0,0.0,0.0,0.0,0.0,0.0,0.0,0.0,0.0,0.0,0.0,0.0,0.0,0.0
103,Matthew,Cox,Cox,u,has joined Shrewsbury Town on loan for the rest of the season.,,3.9,775,87.0,0.1,439,64.0,0.0,394.0,47.0,0,0,0.0,-1,1.0,0,225,0.0,0.0,0.0,0.0,0.0,566.0,58.0,0.0,0.0,556.0,58.0,544.0,42.0,512.0,29.0,558.0,58.0,,,,,,,,0.0,0.0,0.0,0.0,0.0,0.0,0.0,0.0,0.0,32,0,0.0,0.0,0.0,0.0,0.0,0.0,0.0,0.0,0.0,0.0,0.0,0.0,0.0,0.0,0.0,323.0,0.0,0.0,0.0,0.0,0.0,0.0,0.0,0.0,0.0,0.0,0.0,0.0,0.0
459,Manuel,Ugarte Ribeiro,Ugarte,a,,,4.7,387,241.0,0.1,426,146.0,2.5,130.0,51.0,4,0,0.0,-3,3.0,225,229,0.5,8.1,2.5,3.0,1.7,391.0,166.0,,,311.0,139.0,300.0,173.0,335.0,175.0,349.0,169.0,,,,,,,,0.07,0.02,0.09,1.87,0.0,0.1,2.36,0.82,14.59,32,4,90.0,0.0,0.0,0.0,2.0,0.0,0.0,0.0,0.0,0.0,0.0,1.0,0.0,20.0,287.0,302.0,0.0,0.21999999999999997,0.010000000000000009,0.22999999999999998,2.369999999999999,28.399999999999977,8.099999999999994,10.0,4.699999999999999,3.0,8.0,1.0,12.0
461,Jayce,Fitzgerald,Fitzgerald,a,,,4.3,609,359.0,0.0,605,230.0,0.0,533.0,176.0,0,0,0.0,-2,2.0,38,58,0.0,0.0,0.0,0.5,0.0,661.0,251.0,,,651.0,241.0,647.0,246.0,624.0,235.0,653.0,243.0,,,,,,,,0.0,0.0,0.0,0.0,0.0,0.0,0.0,0.0,0.0,32,0,0.0,0.0,0.0,0.0,0.0,0.0,0.0,0.0,0.0,0.0,0.0,0.0,0.0,0.0,63.0,71.0,0.0,0.0,0.0,0.0,0.0,0.0,0.0,0.0,0.0,0.0,0.0,0.0,0.0
480,Jamaal,Lascelles,Lascelles,u,has joined Leicester City permanently.,,4.3,572,121.0,0.0,595,211.0,0.0,504.0,207.0,0,0,0.0,-2,2.0,0,18,0.0,0.2,0.0,0.0,0.5,520.0,180.0,0.0,0.0,465.0,169.0,637.0,252.0,426.0,162.0,474.0,169.0,,,,,,,,0.19,0.0,0.19,2.61,0.0,0.0,9.47,0.0,23.68,32,0,0.0,0.0,0.0,0.0,0.0,0.0,0.0,0.0,0.0,0.0,0.0,0.0,0.0,0.0,0.0,20.0,0.0,0.0,0.0,0.0,0.0,0.0,0.0,0.0,0.0,0.0,0.0,0.0,0.0
487,Harvey,Barnes,Barnes,a,,,6.1,81,53.0,1.1,189,65.0,1.5,204.0,93.0,1,0,0.0,-4,4.0,1780,9091,0.2,13.8,1.5,1.5,2.7,241.0,97.0,,,209.0,87.0,103.0,76.0,26.0,12.0,72.0,45.0,,,,,,,,0.32,0.12,0.44,1.33,0.0,0.27,1.4,0.92,4.7,32,1,19.0,0.0,0.0,0.0,2.0,0.0,0.0,0.0,0.0,0.0,0.0,0.0,0.0,3.0,3316.0,12484.0,0.0,0.0,0.009999999999999787,0.009999999999999787,1.1400000000000006,0.39999999999997726,1.400000000000034,2.0,0.4000000000000057,0.0,0.0,0.0,0.0
488,Bruno,Guimarães Rodriguez Moura,Bruno G.,d,Lack of match fitness - 75% chance of playing,,6.8,43,27.0,4.3,86,28.0,0.0,817.0,363.0,0,0,0.0,3,-3.0,544,14423,0.0,19.7,0.0,0.0,5.8,6.0,3.0,75.0,0.0,33.0,9.0,18.0,17.0,66.0,39.0,23.0,19.0,3.0,5.0,2.0,,,,,0.21,0.16,0.37,1.16,0.0,0.27,1.38,0.98,8.92,32,0,0.0,0.0,0.0,0.0,0.0,0.0,0.0,0.0,0.0,0.0,0.0,0.0,0.0,0.0,756.0,19611.0,0.0,0.0,0.0,0.0,0.0,0.0,0.0,0.0,0.0,0.0,0.0,0.0,0.0
489,Jacob,Murphy,J.Murphy,a,,,5.9,89,57.0,0.6,240,87.0,1.5,201.0,90.0,2,0,0.0,-6,6.0,862,887,0.3,11.4,1.5,1.5,2.5,275.0,116.0,100.0,100.0,221.0,93.0,93.0,69.0,83.0,49.0,125.0,70.0,,,,,,,,0.2,0.16,0.36,1.38,0.0,0.48,1.09,1.02,4.89,32,2,90.0,0.0,0.0,0.0,2.0,0.0,0.0,0.0,0.0,0.0,0.0,1.0,0.0,4.0,1065.0,1223.0,0.0,0.050000000000000266,0.010000000000000231,0.05999999999999961,2.5,5.399999999999977,12.5,9.0,2.6999999999999886,1.0,1.0,3.0,5.0
490,Joelinton Cássio,Apolinário de Lira,Joelinton,s,Suspended until 02 May,,5.9,91,59.0,0.3,329,114.0,2.0,172.0,75.0,1,0,0.0,-1,1.0,218,2174,0.3,11.4,0.0,2.0,2.7,240.0,96.0,0.0,100.0,206.0,85.0,135.0,92.0,87.0,52.0,140.0,77.0,,,,,,,,0.11,0.06,0.17,1.33,0.0,0.25,1.27,1.07,10.88,32,1,83.0,0.0,0.0,0.0,1.0,0.0,0.0,0.0,1.0,0.0,0.0,1.0,0.0,2.0,532.0,2462.0,0.0,0.0,0.010000000000000009,0.010000000000000231,1.7100000000000009,0.6000000000000227,2.1000000000000227,0.0,0.30000000000001137,0.0,3.0,5.0,8.0
495,Isaac,Hayden,Hayden,u,Has departed the club as a free agent.,,4.5,415,251.0,0.0,772,331.0,0.0,587.0,203.0,0,0,0.0,0,0.0,0,0,0.0,0.0,0.0,0.0,0.0,695.0,271.0,0.0,0.0,689.0,265.0,684.0,268.0,665.0,260.0,691.0,267.0,,,,,,,,0.0,0.0,0.0,0.0,0.0,0.0,0.0,0.0,0.0,32,0,0.0,0.0,0.0,0.0,0.0,0.0,0.0,0.0,0.0,0.0,0.0,0.0,0.0,0.0,0.0,0.0,0.0,0.0,0.0,0.0,0.0,0.0,0.0,0.0,0.0,0.0,0.0,0.0,0.0
496,Garang,Kuol,Kuol,u,has joined Sparta Prague permanently.,,4.4,559,335.0,0.0,637,247.0,0.0,572.0,194.0,0,0,0.0,-1,1.0,0,5,0.0,0.0,0.0,0.0,0.0,684.0,265.0,0.0,0.0,677.0,258.0,672.0,261.0,653.0,253.0,679.0,260.0,,,,,,,,0.0,0.0,0.0,0.0,0.0,0.0,0.0,0.0,0.0,32,0,0.0,0.0,0.0,0.0,0.0,0.0,0.0,0.0,0.0,0.0,0.0,0.0,0.0,0.0,0.0,6.0,0.0,0.0,0.0,0.0,0.0,0.0,0.0,0.0,0.0,0.0,0.0,0.0,0.0
497,Lewis,Miley,L.Miley,a,,,4.4,557,334.0,1.8,144,50.0,3.0,116.0,46.0,6,0,0.0,-1,1.0,3298,5319,0.7,14.5,3.0,3.0,3.2,165.0,68.0,100.0,100.0,211.0,88.0,159.0,107.0,224.0,122.0,207.0,102.0,,,,,,,,0.1,0.15,0.25,1.19,0.0,0.15,1.32,0.88,9.35,32,6,90.0,0.0,1.0,0.0,2.0,0.0,0.0,0.0,0.0,0.0,0.0,1.0,1.0,25.0,4333.0,10903.0,0.0,0.0,0.009999999999999787,0.010000000000000231,2.5600000000000005,22.0,17.69999999999999,0.0,3.999999999999993,1.0,0.0,3.0,4.0
500,William,Osula,Osula,a,,,5.4,179,42.0,0.3,351,55.0,4.5,71.0,14.0,8,0,0.0,-1,1.0,2330,690,0.8,7.2,4.5,4.5,2.2,316.0,33.0,100.0,100.0,362.0,36.0,402.0,52.0,220.0,44.0,359.0,43.0,,,,,,,,0.4,0.01,0.41,1.87,0.0,0.25,1.98,0.49,5.19,32,8,83.0,1.0,0.0,0.0,1.0,0.0,0.0,0.0,0.0,0.0,0.0,1.0,2.0,29.0,2469.0,1057.0,0.0,0.94,0.009999999999999995,0.95,1.71,34.0,1.8000000000000007,50.0,8.600000000000001,1.0,0.0,2.0,3.0
674,Aaron,Ramsdale,Ramsdale,a,,,4.8,360,14.0,0.8,211,26.0,1.5,192.0,19.0,1,0,0.0,-2,2.0,2605,2466,0.3,5.0,1.5,1.5,2.2,313.0,30.0,,,278.0,24.0,433.0,12.0,758.0,86.0,380.0,24.0,,,,,,,,0.0,0.0,0.0,1.56,2.37,0.1,1.48,0.99,0.0,32,1,90.0,0.0,0.0,0.0,2.0,0.0,0.0,0.0,1.0,0.0,3.0,1.0,0.0,8.0,3382.0,4544.0,0.0,0.0,0.0,0.0,2.5600000000000005,22.599999999999994,0.0,0.0,2.3000000000000007,0.0,0.0,11.0,0.0
689,Seung-Soo,Park,Seung soo,a,,,4.3,619,367.0,0.5,270,96.0,0.0,540.0,181.0,0,0,0.0,-2,2.0,429,1762,0.0,0.0,0.0,0.0,0.0,667.0,256.0,,,657.0,246.0,653.0,251.0,630.0,240.0,659.0,248.0,,,,,,,,0.0,0.0,0.0,0.0,0.0,0.0,0.0,0.0,0.0,32,0,0.0,0.0,0.0,0.0,0.0,0.0,0.0,0.0,0.0,0.0,0.0,0.0,0.0,0.0,850.0,2248.0,0.0,0.0,0.0,0.0,0.0,0.0,0.0,0.0,0.0,0.0,0.0,0.0,0.0
714,Nick,Woltemade,Woltemade,a,,,6.7,47,17.0,6.6,61,11.0,3.0,124.0,17.0,1,0,0.0,-3,3.0,2426,14280,0.4,14.0,3.0,3.0,3.4,151.0,15.0,100.0,100.0,150.0,15.0,172.0,15.0,61.0,24.0,107.0,18.0,,,3.0,,,,,0.35,0.05,0.4,1.24,0.0,0.38,1.46,1.13,4.97,32,1,6.0,0.0,0.0,0.0,1.0,0.0,0.0,0.0,0.0,0.0,0.0,0.0,0.0,2.0,3770.0,18731.0,0.0,0.0,0.0,0.0,0.8500000000000014,0.0,0.0,0.0,0.0,0.0,0.0,0.0,0.0
400,Stefan,Ortega Moreno,Ortega Moreno,a,,,4.7,376,16.0,0.2,385,55.0,0.0,681.0,90.0,0,0,0.0,-3,3.0,934,350,0.0,2.3,0.5,0.0,3.7,91.0,12.0,100.0,100.0,396.0,30.0,758.0,89.0,747.0,81.0,439.0,30.0,,,,,,,,0.0,0.0,0.0,1.55,2.67,0.33,1.33,1.0,0.0,32,0,0.0,0.0,0.0,0.0,0.0,0.0,0.0,0.0,0.0,0.0,0.0,0.0,0.0,0.0,1066.0,445.0,0.0,0.0,0.0,0.0,0.0,0.0,0.0,0.0,0.0,0.0,0.0,0.0,0.0
426,James,McAtee,McAtee,a,,,5.0,257,155.0,0.1,504,182.0,0.5,317.0,153.0,0,0,0.0,-5,5.0,45,66,0.1,1.8,1.0,0.5,0.9,511.0,239.0,,,455.0,203.0,360.0,188.0,408.0,200.0,433.0,195.0,,,5.0,,,,,0.01,0.09,0.1,2.18,0.0,0.0,4.16,0.52,6.76,32,0,0.0,0.0,0.0,0.0,0.0,0.0,0.0,0.0,0.0,0.0,0.0,0.0,0.0,0.0,63.0,89.0,0.0,0.0,0.0,0.0,0.0,0.0,0.0,0.0,0.0,0.0,0.0,0.0,0.0
502,Matz,Sels,Sels,a,,,4.6,397,19.0,4.9,79,14.0,5.0,47.0,7.0,3,0,0.0,-4,4.0,11770,3618,1.1,17.4,5.5,5.0,3.2,167.0,18.0,100.0,100.0,75.0,14.0,431.0,10.0,745.0,79.0,253.0,14.0,,,,,,,,0.0,0.0,0.0,1.48,3.05,0.25,1.35,1.02,0.0,32,3,90.0,0.0,0.0,0.0,1.0,0.0,0.0,0.0,0.0,0.0,5.0,1.0,0.0,16.0,16227.0,6021.0,0.0,0.0,0.0,0.0,1.019999999999996,35.599999999999966,0.0,0.0,3.6000000000000014,0.0,0.0,5.0,0.0
506,Murillo,Costa dos Santos,Murillo,d,Knock - 75% chance of playing,,5.2,217,29.0,2.2,134,54.0,3.5,106.0,41.0,-1,0,0.0,-3,3.0,9751,8372,0.7,15.8,3.0,3.5,3.4,146.0,56.0,75.0,100.0,76.0,36.0,259.0,73.0,286.0,83.0,184.0,64.0,,2.0,,,,,,0.03,0.02,0.05,1.42,0.0,0.26,1.25,1.03,9.35,32,-1,90.0,0.0,0.0,0.0,1.0,1.0,0.0,0.0,1.0,0.0,0.0,1.0,0.0,-4.0,14583.0,9822.0,0.0,0.13,0.009999999999999953,0.1399999999999999,1.0200000000000031,3.6000000000000227,1.7000000000000028,7.0,1.2000000000000028,0.0,8.0,1.0,8.0
507,Ola,Aina,Aina,a,,,4.7,379,63.0,2.4,126,49.0,4.0,79.0,29.0,2,0,0.0,-3,3.0,3105,3199,0.9,11.9,4.5,4.0,3.5,122.0,44.0,100.0,100.0,242.0,95.0,210.0,55.0,326.0,102.0,281.0,91.0,,,,,,,,0.02,0.05,0.07,1.55,0.0,0.32,1.15,1.02,7.48,32,2,88.0,0.0,0.0,0.0,1.0,0.0,0.0,0.0,0.0,0.0,0.0,1.0,0.0,20.0,5995.0,5358.0,0.0,0.0,0.13,0.1299999999999999,1.0199999999999996,19.599999999999994,26.200000000000017,2.0,4.800000000000004,3.0,4.0,6.0,7.0
509,David,Mota Veiga Teixeira do Carmo,David Carmo,u,has joined Real Oviedo on loan for the rest of the season.,,4.5,436,89.0,0.0,684,241.0,0.0,603.0,240.0,0,0,0.0,0,0.0,0,1,0.0,0.0,0.0,0.0,0.0,706.0,260.0,0.0,0.0,700.0,260.0,696.0,260.0,679.0,260.0,702.0,260.0,,,,,,,,0.0,0.0,0.0,0.0,0.0,0.0,0.0,0.0,0.0,32,0,0.0,0.0,0.0,0.0,0.0,0.0,0.0,0.0,0.0,0.0,0.0,0.0,0.0,0.0,0.0,1.0,0.0,0.0,0.0,0.0,0.0,0.0,0.0,0.0,0.0,0.0,0.0,0.0,0.0
510,Jair,Paula da Cunha Filho,Jair Cunha,a,,,4.2,646,152.0,0.1,560,201.0,0.0,501.0,206.0,0,0,0.0,-3,3.0,13,75,0.0,1.2,0.5,0.0,1.7,388.0,145.0,100.0,50.0,419.0,155.0,473.0,172.0,414.0,154.0,448.0,160.0,,,,,,,,0.06,0.0,0.06,2.29,0.0,0.0,1.68,0.84,8.41,32,0,0.0,0.0,0.0,0.0,0.0,0.0,0.0,0.0,0.0,0.0,0.0,0.0,0.0,0.0,16.0,94.0,0.0,0.0,0.0,0.0,0.0,0.0,0.0,0.0,0.0,0.0,0.0,0.0,0.0
511,Felipe,Rodrigues da Silva,Morato,a,,,4.3,591,135.0,0.1,512,183.0,0.0,517.0,217.0,0,0,0.0,-2,2.0,73,109,0.0,8.1,0.5,0.0,2.3,299.0,111.0,,,254.0,102.0,397.0,143.0,322.0,101.0,339.0,115.0,,,,,,,,0.08,0.01,0.09,1.42,0.0,0.19,1.63,0.96,9.79,32,0,0.0,0.0,0.0,0.0,0.0,0.0,0.0,0.0,0.0,0.0,0.0,0.0,0.0,0.0,94.0,148.0,0.0,0.0,0.0,0.0,0.0,0.0,0.0,0.0,0.0,0.0,0.0,0.0,0.0
512,Omar,Richards,O.Richards,u,has joined Rio Ave on loan for the rest of the season.,,4.5,422,83.0,0.0,691,243.0,0.0,591.0,236.0,0,0,0.0,0,0.0,0,0,0.0,0.0,0.0,0.0,0.0,698.0,258.0,0.0,0.0,692.0,258.0,687.0,258.0,668.0,257.0,694.0,258.0,,,,,,,,0.0,0.0,0.0,0.0,0.0,0.0,0.0,0.0,0.0,32,0,0.0,0.0,0.0,0.0,0.0,0.0,0.0,0.0,0.0,0.0,0.0,0.0,0.0,0.0,0.0,0.0,0.0,0.0,0.0,0.0,0.0,0.0,0.0,0.0,0.0,0.0,0.0,0.0,0.0
514,Willy,Boly,Boly,i,Knee injury - Unknown return date,,3.8,790,235.0,0.3,305,113.0,0.0,345.0,112.0,0,0,0.0,-2,2.0,76,521,0.0,0.0,0.0,0.0,0.0,528.0,187.0,0.0,0.0,518.0,186.0,501.0,185.0,468.0,179.0,520.0,186.0,,,,,,,,0.0,0.0,0.0,0.0,0.0,0.0,0.0,0.0,0.0,32,0,0.0,0.0,0.0,0.0,0.0,0.0,0.0,0.0,0.0,0.0,0.0,0.0,0.0,0.0,126.0,715.0,0.0,0.0,0.0,0.0,0.0,0.0,0.0,0.0,0.0,0.0,0.0,0.0,0.0
515,Morgan,Gibbs-White,Gibbs-White,a,,,7.4,22,14.0,5.3,75,25.0,5.0,56.0,22.0,2,0,0.0,-1,1.0,40509,26136,0.7,18.2,5.5,5.0,4.2,54.0,23.0,100.0,100.0,55.0,15.0,17.0,16.0,24.0,10.0,13.0,9.0,,1.0,2.0,,,,,0.29,0.07,0.36,1.42,0.0,0.3,1.32,1.02,5.06,32,2,83.0,0.0,0.0,0.0,1.0,0.0,0.0,0.0,0.0,0.0,0.0,1.0,0.0,3.0,67759.0,40059.0,0.0,0.3100000000000005,0.03000000000000025,0.33999999999999986,0.7000000000000028,2.3999999999999773,2.7999999999999545,30.0,3.5,0.0,0.0,3.0,3.0
516,Callum,Hudson-Odoi,Hudson-Odoi,d,Muscle injury - 25% chance of playing,,5.7,113,72.0,0.7,225,81.0,6.5,21.0,9.0,7,0,0.0,-3,3.0,4893,2132,1.1,15.4,1.8,6.5,2.9,209.0,85.0,25.0,100.0,166.0,62.0,23.0,22.0,80.0,47.0,53.0,35.0,,,,,,,,0.14,0.15,0.29,1.51,0.0,0.29,1.27,1.03,5.19,32,7,90.0,0.0,1.0,0.0,1.0,0.0,0.0,0.0,0.0,0.0,0.0,1.0,2.0,23.0,5714.0,2745.0,0.0,0.08000000000000007,0.2999999999999998,0.3799999999999999,1.0199999999999996,32.0,57.5,24.0,11.399999999999991,1.0,2.0,2.0,5.0
517,Elliot,Anderson,Anderson,d,Personal Reasons - 75% chance of playing,,5.6,127,79.0,7.4,55,19.0,4.5,72.0,28.0,4,1,-1.0,1,-1.0,25317,60055,0.8,25.4,3.8,4.5,4.4,39.0,16.0,75.0,,24.0,6.0,4.0,4.0,108.0,67.0,16.0,12.0,1.0,3.0,4.0,,,,,0.08,0.11,0.19,1.41,0.0,0.28,1.35,1.01,13.99,32,4,90.0,0.0,0.0,0.0,1.0,0.0,0.0,0.0,0.0,0.0,0.0,1.0,0.0,17.0,50094.0,114739.0,0.0,0.04999999999999982,0.10999999999999988,0.16000000000000014,1.0200000000000031,13.0,13.899999999999977,13.0,4.0,1.0,4.0,10.0,15.0
518,João Pedro,Ferreira da Silva,Jota,u,has joined Besiktas on loan for the rest of the season.,,5.4,175,110.0,0.0,620,240.0,0.0,781.0,340.0,0,0,0.0,-1,1.0,0,1,0.0,0.2,0.0,0.0,1.0,505.0,235.0,0.0,0.0,479.0,217.0,479.0,231.0,441.0,217.0,488.0,224.0,,,,,,,,0.0,0.0,0.0,0.0,0.0,0.0,0.0,0.0,24.55,32,0,0.0,0.0,0.0,0.0,0.0,0.0,0.0,0.0,0.0,0.0,0.0,0.0,0.0,0.0,0.0,1.0,0.0,0.0,0.0,0.0,0.0,0.0,0.0,0.0,0.0,0.0,0.0,0.0,0.0
519,Nicolás,Domínguez,Dominguez,a,,,5.0,256,154.0,0.0,635,246.0,1.0,241.0,110.0,1,0,0.0,0,0.0,34,90,0.2,7.8,1.5,1.0,1.9,355.0,153.0,100.0,100.0,288.0,124.0,213.0,135.0,232.0,128.0,279.0,141.0,,,,,,,,0.11,0.04,0.15,1.75,0.0,0.29,1.73,1.34,9.88,32,1,6.0,0.0,0.0,0.0,0.0,0.0,0.0,0.0,0.0,0.0,0.0,0.0,0.0,2.0,49.0,114.0,0.0,0.0,0.0,0.0,0.33000000000000185,0.0,0.30000000000001137,0.0,0.0,0.0,0.0,0.0,0.0
520,Lewis,O'Brien,O'Brien,u,Has joined Wrexham permanently.,,5.0,254,153.0,0.0,821,366.0,0.0,734.0,308.0,0,0,0.0,0,0.0,0,0,0.0,0.0,0.0,0.0,0.0,791.0,346.0,0.0,0.0,790.0,345.0,788.0,345.0,783.0,343.0,790.0,345.0,,,,,,,,0.0,0.0,0.0,0.0,0.0,0.0,0.0,0.0,0.0,32,0,0.0,0.0,0.0,0.0,0.0,0.0,0.0,0.0,0.0,0.0,0.0,0.0,0.0,0.0,0.0,0.0,0.0,0.0,0.0,0.0,0.0,0.0,0.0,0.0,0.0,0.0,0.0,0.0,0.0
521,Ibrahim,Sangaré,Sangaré,a,,,4.9,306,190.0,0.1,543,199.0,4.0,83.0,31.0,4,0,0.0,-1,1.0,219,193,0.8,16.1,4.5,4.0,3.3,157.0,63.0,100.0,100.0,154.0,55.0,191.0,125.0,235.0,129.0,199.0,99.0,,,,,,,,0.06,0.08,0.14,1.45,0.0,0.39,1.12,1.07,10.97,32,4,90.0,0.0,0.0,0.0,1.0,0.0,0.0,0.0,0.0,0.0,0.0,1.0,0.0,19.0,323.0,319.0,0.0,0.0,0.030000000000000027,0.03000000000000025,1.0199999999999996,15.600000000000023,23.299999999999983,6.0,4.5,4.0,2.0,6.0,12.0
522,Ryan,Yates,Yates,a,,,4.7,383,238.0,0.1,552,203.0,1.0,227.0,102.0,1,0,0.0,-3,3.0,68,59,0.2,4.5,1.5,1.0,1.2,441.0,197.0,100.0,100.0,391.0,174.0,355.0,186.0,349.0,180.0,397.0,181.0,,,,,,,,0.05,0.04,0.09,1.11,0.0,0.0,1.11,0.22,9.11,32,1,1.0,0.0,0.0,0.0,0.0,0.0,0.0,0.0,0.0,0.0,0.0,0.0,0.0,3.0,124.0,77.0,0.0,0.0,0.0,0.0,0.0,0.0,0.0,0.0,0.0,0.0,0.0,0.0,0.0
523,Eric,da Silva Moreira,Da Silva Moreira,a,,,4.5,474,289.0,0.1,568,211.0,0.0,635.0,238.0,0,0,0.0,0,0.0,47,48,0.0,0.0,0.5,0.0,0.0,731.0,301.0,100.0,100.0,728.0,298.0,722.0,299.0,708.0,294.0,729.0,299.0,,,,,,,,0.0,0.0,0.0,0.0,0.0,0.0,0.0,0.0,0.0,32,0,0.0,0.0,0.0,0.0,0.0,0.0,0.0,0.0,0.0,0.0,0.0,0.0,0.0,0.0,70.0,64.0,0.0,0.0,0.0,0.0,0.0,0.0,0.0,0.0,0.0,0.0,0.0,0.0,0.0
524,Marko,Stamenić,Stamenic,u,Has joined Swansea City permanently.,,4.5,450,269.0,0.0,702,286.0,0.0,614.0,220.0,0,0,0.0,0,0.0,0,5,0.0,0.0,0.0,0.0,0.0,714.0,286.0,0.0,0.0,709.0,281.0,704.0,283.0,688.0,276.0,710.0,282.0,,,,,,,,0.0,0.0,0.0,0.0,0.0,0.0,0.0,0.0,0.0,32,0,0.0,0.0,0.0,0.0,0.0,0.0,0.0,0.0,0.0,0.0,0.0,0.0,0.0,0.0,0.0,6.0,0.0,0.0,0.0,0.0,0.0,0.0,0.0,0.0,0.0,0.0,0.0,0.0,0.0
525,Chris,Wood,Wood,d,Knock - 75% chance of playing,,7.1,33,14.0,4.5,82,16.0,0.5,332.0,45.0,1,0,0.0,-4,4.0,1470,832,0.1,3.7,0.8,0.5,2.9,212.0,20.0,75.0,100.0,393.0,43.0,349.0,42.0,165.0,39.0,346.0,40.0,,,1.0,,,,,0.48,0.02,0.5,1.37,0.0,0.16,1.28,1.12,2.24,32,1,25.0,0.0,0.0,0.0,0.0,0.0,0.0,0.0,0.0,0.0,0.0,0.0,0.0,1.0,1961.0,979.0,0.0,0.16999999999999993,0.009999999999999995,0.18000000000000016,0.7200000000000006,0.0,1.7999999999999972,9.0,0.8999999999999986,0.0,0.0,0.0,0.0
526,Igor Jesus,Maciel da Cruz,Igor Jesus,a,,,5.8,108,31.0,1.2,174,26.0,5.0,54.0,9.0,2,0,0.0,-2,2.0,6717,8028,0.9,14.3,5.5,5.0,2.7,239.0,24.0,100.0,100.0,239.0,21.0,194.0,17.0,27.0,15.0,106.0,17.0,,,3.0,,,,,0.23,0.06,0.29,1.48,0.0,0.38,1.53,1.1,4.45,32,2,88.0,0.0,0.0,0.0,1.0,0.0,0.0,0.0,0.0,0.0,0.0,1.0,0.0,7.0,10576.0,11495.0,0.0,0.29000000000000004,0.08999999999999986,0.3800000000000008,1.0199999999999996,0.0,12.300000000000011,12.0,2.4000000000000057,0.0,2.0,2.0,4.0
527,Taiwo,Awoniyi,Awoniyi,a,,,5.2,207,47.0,0.3,331,51.0,2.0,159.0,20.0,0,0,0.0,-3,3.0,162,293,0.4,3.8,2.5,2.0,1.7,394.0,47.0,100.0,100.0,382.0,42.0,364.0,45.0,203.0,41.0,355.0,42.0,,,,,,,,0.7,0.13,0.83,1.72,0.0,0.0,0.67,0.34,5.04,32,0,0.0,0.0,0.0,0.0,0.0,0.0,0.0,0.0,0.0,0.0,0.0,0.0,0.0,0.0,255.0,376.0,0.0,0.0,0.0,0.0,0.0,0.0,0.0,0.0,0.0,0.0,0.0,0.0,0.0
669,Dan,Ndoye,Ndoye,a,,,5.5,146,92.0,0.7,233,85.0,1.0,258.0,120.0,1,0,0.0,-5,5.0,147,230,0.2,9.1,1.5,1.0,2.1,327.0,142.0,100.0,100.0,312.0,140.0,166.0,112.0,172.0,96.0,247.0,121.0,4.0,,,,,,,0.08,0.12,0.2,1.23,0.0,0.15,1.31,1.08,7.4,32,1,1.0,0.0,0.0,0.0,0.0,0.0,0.0,0.0,0.0,0.0,0.0,0.0,0.0,3.0,185.0,295.0,0.0,0.0,0.0,0.0,0.0,1.0,0.0,0.0,0.10000000000000142,0.0,1.0,0.0,1.0
693,Omari,Hutchinson,Hutchinson,a,,,5.4,174,109.0,0.1,537,196.0,2.0,164.0,68.0,1,0,0.0,-1,1.0,153,249,0.4,12.0,2.5,2.0,2.6,256.0,105.0,,,235.0,99.0,61.0,49.0,90.0,53.0,103.0,58.0,2.0,,,,,,,0.12,0.2,0.32,1.25,0.0,0.34,1.21,0.87,7.11,32,1,64.0,0.0,0.0,0.0,1.0,0.0,0.0,0.0,1.0,0.0,0.0,1.0,0.0,3.0,186.0,373.0,0.0,0.0,0.009999999999999787,0.009999999999999787,0.3000000000000007,1.0,1.8000000000000114,4.0,0.6999999999999886,0.0,2.0,4.0,6.0
696,Arnaud,Kalimuendo,Kalimuendo,u,has joined Eintracht Frankfurt on loan for the rest of the season.,,6.0,88,26.0,0.1,455,66.0,0.0,805.0,89.0,0,0,0.0,0,0.0,0,37,0.0,1.5,0.0,0.0,1.0,508.0,61.0,0.0,0.0,475.0,56.0,406.0,53.0,348.0,55.0,442.0,56.0,,,,,,,,0.44,0.02,0.46,1.59,0.0,0.0,3.03,0.0,6.07,32,0,0.0,0.0,0.0,0.0,0.0,0.0,0.0,0.0,0.0,0.0,0.0,0.0,0.0,0.0,0.0,41.0,0.0,0.0,0.0,0.0,0.0,0.0,0.0,0.0,0.0,0.0,0.0,0.0,0.0
715,John Victor,Maciel Furtado,John,i,Knee injury - Expected back 01 Jun,,4.0,674,45.0,0.3,328,46.0,0.0,416.0,58.0,0,0,0.0,0,0.0,11,795,0.0,2.8,0.0,0.0,2.2,304.0,29.0,0.0,0.0,410.0,32.0,566.0,54.0,535.0,41.0,447.0,32.0,,,,,,,,0.0,0.0,0.0,1.26,1.24,0.21,1.65,1.03,0.0,32,0,0.0,0.0,0.0,0.0,0.0,0.0,0.0,0.0,0.0,0.0,0.0,0.0,0.0,0.0,26.0,1302.0,0.0,0.0,0.0,0.0,0.0,0.0,0.0,0.0,0.0,0.0,0.0,0.0,0.0
729,Luis Eduardo,Soares da Silva,Cuiabano,u,has joined Vasco de Gama on loan for the rest of the season.,,4.5,473,95.0,0.0,818,268.0,0.0,634.0,244.0,0,0,0.0,0,0.0,0,0,0.0,0.0,0.0,0.0,0.0,730.0,261.0,0.0,0.0,727.0,261.0,721.0,261.0,707.0,261.0,728.0,261.0,,,,,,,,0.0,0.0,0.0,0.0,0.0,0.0,0.0,0.0,0.0,32,0,0.0,0.0,0.0,0.0,0.0,0.0,0.0,0.0,0.0,0.0,0.0,0.0,0.0,0.0,0.0,1.0,0.0,0.0,0.0,0.0,0.0,0.0,0.0,0.0,0.0,0.0,0.0,0.0,0.0
805,Lorenzo,Lucca,Lucca,a,,,5.4,170,40.0,0.0,711,89.0,0.0,779.0,84.0,0,-1,1.0,-1,1.0,40,173,0.0,1.5,0.5,0.0,2.7,237.0,23.0,,,430.0,51.0,419.0,55.0,368.0,56.0,432.0,55.0,,,,,,,,0.54,0.01,0.55,1.41,0.0,0.76,0.76,0.76,3.78,32,0,0.0,0.0,0.0,0.0,0.0,0.0,0.0,0.0,0.0,0.0,0.0,0.0,0.0,0.0,67.0,262.0,0.0,0.0,0.0,0.0,0.0,0.0,0.0,0.0,0.0,0.0,0.0,0.0,0.0
528,Anthony,Patterson,Patterson,u,has joined Millwall on loan for the rest of the season.,,4.2,634,33.0,0.2,416,60.0,0.0,492.0,82.0,0,0,0.0,-3,3.0,0,141,0.0,0.0,0.0,0.0,0.0,644.0,90.0,0.0,0.0,636.0,90.0,629.0,80.0,603.0,69.0,638.0,90.0,,,,,,,,0.0,0.0,0.0,0.0,0.0,0.0,0.0,0.0,0.0,32,0,0.0,0.0,0.0,0.0,0.0,0.0,0.0,0.0,0.0,0.0,0.0,0.0,0.0,0.0,0.0,188.0,0.0,0.0,0.0,0.0,0.0,0.0,0.0,0.0,0.0,0.0,0.0,0.0,0.0
529,Simon,Moore,Moore,i,Hand injury - Unknown return date,,3.9,744,68.0,0.3,300,40.0,0.0,369.0,29.0,0,0,0.0,-1,1.0,30,831,0.0,0.0,0.0,0.0,0.0,545.0,41.0,0.0,0.0,535.0,41.0,521.0,23.0,489.0,10.0,537.0,41.0,,,,,,,,0.0,0.0,0.0,0.0,0.0,0.0,0.0,0.0,0.0,32,0,0.0,0.0,0.0,0.0,0.0,0.0,0.0,0.0,0.0,0.0,0.0,0.0,0.0,0.0,50.0,1026.0,0.0,0.0,0.0,0.0,0.0,0.0,0.0,0.0,0.0,0.0,0.0,0.0,0.0
530,Blondy,Nna Noukeu,Nna Noukeu,u,has joined US Boulogne CO permanently.,,3.9,772,86.0,0.1,476,71.0,0.0,391.0,46.0,0,0,0.0,-1,1.0,0,148,0.0,0.0,0.0,0.0,0.0,564.0,57.0,0.0,0.0,554.0,57.0,542.0,41.0,510.0,28.0,556.0,57.0,,,,,,,,0.0,0.0,0.0,0.0,0.0,0.0,0.0,0.0,0.0,32,0,0.0,0.0,0.0,0.0,0.0,0.0,0.0,0.0,0.0,0.0,0.0,0.0,0.0,0.0,0.0,202.0,0.0,0.0,0.0,0.0,0.0,0.0,0.0,0.0,0.0,0.0,0.0,0.0,0.0
531,Daniel,Ballard,Ballard,a,,,4.7,386,65.0,3.0,112,42.0,0.0,684.0,247.0,0,0,0.0,2,-2.0,621,45182,0.0,25.1,0.0,0.0,4.5,29.0,11.0,100.0,0.0,43.0,19.0,197.0,51.0,71.0,5.0,76.0,15.0,,,,,,,,0.11,0.03,0.14,1.4,0.0,0.27,1.26,0.99,11.41,32,0,0.0,0.0,0.0,0.0,0.0,0.0,0.0,0.0,0.0,0.0,0.0,0.0,0.0,0.0,877.0,66868.0,0.0,0.0,0.0,0.0,0.0,0.0,0.0,0.0,0.0,0.0,0.0,0.0,0.0
532,Trai,Hume,Hume,a,,,4.5,444,91.0,0.3,314,114.0,0.5,301.0,99.0,0,0,0.0,0,0.0,206,1548,0.1,19.6,0.5,0.5,2.8,217.0,86.0,,,139.0,59.0,114.0,27.0,156.0,32.0,133.0,41.0,2.0,,,,,,,0.07,0.06,0.13,1.46,0.0,0.28,1.15,1.01,6.19,32,0,8.0,0.0,0.0,0.0,0.0,0.0,0.0,0.0,1.0,0.0,0.0,0.0,0.0,1.0,712.0,2044.0,0.0,0.0,0.11999999999999988,0.11999999999999966,0.060000000000002274,6.400000000000034,14.199999999999989,0.0,2.1000000000000085,2.0,0.0,0.0,2.0
513,Zach,Abbott,Abbott,a,,,3.8,811,254.0,0.3,347,126.0,0.0,363.0,128.0,0,0,0.0,-2,2.0,78,396,0.0,0.5,0.5,0.0,1.0,454.0,164.0,,,445.0,164.0,442.0,158.0,482.0,191.0,463.0,167.0,,,,,,,,0.0,0.01,0.01,2.35,0.0,0.0,3.0,0.75,7.5,32,0,0.0,0.0,0.0,0.0,0.0,0.0,0.0,0.0,0.0,0.0,0.0,0.0,0.0,0.0,111.0,516.0,0.0,0.0,0.0,0.0,0.0,0.0,0.0,0.0,0.0,0.0,0.0,0.0,0.0
533,Aji,Alese,Alese,u,has joined Portsmouth on loan for the rest of the season.,,4.0,673,167.0,0.0,795,264.0,0.0,415.0,149.0,0,0,0.0,0,0.0,0,1,0.0,0.0,0.0,0.0,0.0,585.0,214.0,0.0,0.0,575.0,213.0,565.0,213.0,534.0,209.0,577.0,213.0,,,,,,,,0.0,0.0,0.0,0.0,0.0,0.0,0.0,0.0,0.0,32,0,0.0,0.0,0.0,0.0,0.0,0.0,0.0,0.0,0.0,0.0,0.0,0.0,0.0,0.0,0.0,2.0,0.0,0.0,0.0,0.0,0.0,0.0,0.0,0.0,0.0,0.0,0.0,0.0,0.0
534,Joe,Anderson,Anderson,u,has joined Barrow FC permanently.,,3.8,793,237.0,0.3,325,118.0,0.0,348.0,114.0,0,0,0.0,-2,2.0,0,309,0.0,0.0,0.0,0.0,0.0,530.0,188.0,0.0,0.0,520.0,187.0,503.0,186.0,470.0,180.0,522.0,187.0,,,,,,,,0.0,0.0,0.0,0.0,0.0,0.0,0.0,0.0,0.0,32,0,0.0,0.0,0.0,0.0,0.0,0.0,0.0,0.0,0.0,0.0,0.0,0.0,0.0,0.0,0.0,459.0,0.0,0.0,0.0,0.0,0.0,0.0,0.0,0.0,0.0,0.0,0.0,0.0,0.0
535,Dennis,Cirkin,Cirkin,a,,,4.0,684,172.0,0.0,597,213.0,0.0,426.0,154.0,0,0,0.0,0,0.0,55,112,0.0,3.5,0.0,0.0,2.0,335.0,122.0,100.0,100.0,409.0,154.0,436.0,155.0,421.0,159.0,438.0,157.0,,,,,,,,0.02,0.01,0.03,1.81,0.0,0.3,0.6,0.9,7.77,32,0,0.0,0.0,0.0,0.0,0.0,0.0,0.0,0.0,0.0,0.0,0.0,0.0,0.0,0.0,84.0,156.0,0.0,0.0,0.0,0.0,0.0,0.0,0.0,0.0,0.0,0.0,0.0,0.0,0.0
536,Leo Fuhr,Hjelde,Hjelde,u,has joined Sheffield United on loan for the rest of the season.,,4.0,692,175.0,0.0,726,252.0,0.0,434.0,157.0,0,0,0.0,0,0.0,0,15,0.0,0.0,0.0,0.0,0.0,601.0,220.0,0.0,0.0,591.0,219.0,582.0,219.0,551.0,215.0,593.0,219.0,,,,,,,,0.0,0.0,0.0,0.0,0.0,0.0,0.0,0.0,0.0,32,0,0.0,0.0,0.0,0.0,0.0,0.0,0.0,0.0,0.0,0.0,0.0,0.0,0.0,0.0,0.0,20.0,0.0,0.0,0.0,0.0,0.0,0.0,0.0,0.0,0.0,0.0,0.0,0.0,0.0
537,Niall,Huggins,Huggins,u,has joined Wycombe Wanderers on loan for the rest of the season.,,4.0,694,176.0,0.1,546,195.0,0.0,436.0,158.0,0,0,0.0,0,0.0,0,12,0.0,0.0,0.0,0.0,0.0,603.0,221.0,0.0,0.0,593.0,220.0,584.0,220.0,553.0,216.0,595.0,220.0,,,,,,,,0.0,0.0,0.0,0.0,0.0,0.0,0.0,0.0,0.0,32,0,0.0,0.0,0.0,0.0,0.0,0.0,0.0,0.0,0.0,0.0,0.0,0.0,0.0,0.0,0.0,16.0,0.0,0.0,0.0,0.0,0.0,0.0,0.0,0.0,0.0,0.0,0.0,0.0,0.0
538,Zak,Johnson,Johnson,u,has joined York City on loan for the rest of the season.,,3.8,805,248.0,0.2,380,139.0,0.0,357.0,122.0,0,0,0.0,-2,2.0,0,200,0.0,0.0,0.0,0.0,0.0,536.0,194.0,0.0,0.0,526.0,193.0,510.0,192.0,477.0,186.0,528.0,193.0,,,,,,,,0.0,0.0,0.0,0.0,0.0,0.0,0.0,0.0,0.0,32,0,0.0,0.0,0.0,0.0,0.0,0.0,0.0,0.0,0.0,0.0,0.0,0.0,0.0,0.0,0.0,257.0,0.0,0.0,0.0,0.0,0.0,0.0,0.0,0.0,0.0,0.0,0.0,0.0,0.0
539,Luke,O'Nien,O'Nien,a,,,4.0,671,165.0,0.1,524,187.0,4.0,74.0,24.0,6,0,0.0,0,0.0,725,191,1.0,4.0,4.0,4.0,1.8,366.0,135.0,100.0,100.0,432.0,160.0,447.0,161.0,403.0,148.0,451.0,161.0,,,,,,,,0.01,0.03,0.04,1.27,0.0,0.57,0.28,0.85,5.94,32,6,90.0,0.0,0.0,1.0,0.0,0.0,0.0,0.0,0.0,0.0,0.0,1.0,0.0,25.0,954.0,249.0,0.0,0.02,0.08,0.1,0.8399999999999999,11.799999999999997,1.5999999999999996,8.0,2.1,0.0,7.0,0.0,7.0
540,Timothée,Pembélé,Pembele,u,has joined Le Havre AC on loan for the rest of the season.,,3.9,766,222.0,0.3,339,122.0,0.0,387.0,136.0,0,0,0.0,-1,1.0,0,188,0.0,0.0,0.0,0.0,0.0,560.0,203.0,0.0,0.0,550.0,202.0,537.0,202.0,505.0,197.0,552.0,202.0,,,,,,,,0.0,0.0,0.0,0.0,0.0,0.0,0.0,0.0,0.0,32,0,0.0,0.0,0.0,0.0,0.0,0.0,0.0,0.0,0.0,0.0,0.0,0.0,0.0,0.0,0.0,272.0,0.0,0.0,0.0,0.0,0.0,0.0,0.0,0.0,0.0,0.0,0.0,0.0,0.0
541,Reinildo,Mandava,Reinildo,a,,,3.8,796,240.0,2.7,119,46.0,3.5,97.0,34.0,7,0,0.0,-2,2.0,4857,4542,0.9,15.3,3.5,3.5,3.1,182.0,70.0,100.0,100.0,208.0,82.0,281.0,86.0,352.0,116.0,294.0,98.0,,,,,,,,0.01,0.03,0.04,1.24,0.0,0.3,1.19,1.07,7.77,32,7,90.0,0.0,0.0,1.0,0.0,0.0,0.0,0.0,0.0,0.0,0.0,1.0,1.0,32.0,6797.0,8081.0,0.0,0.0,0.019999999999999962,0.020000000000000018,0.8399999999999999,18.600000000000023,2.4000000000000057,0.0,2.1000000000000014,4.0,4.0,3.0,8.0
542,Jenson,Seelt,Seelt,u,has joined Wolfsburg on loan for the rest of the season.,,4.0,712,187.0,0.1,513,184.0,0.0,452.0,168.0,0,0,0.0,0,0.0,0,21,0.0,0.5,0.0,0.0,1.0,458.0,167.0,0.0,0.0,435.0,162.0,459.0,167.0,567.0,224.0,461.0,165.0,,,,,,,,0.0,0.01,0.01,0.9,0.0,0.0,1.35,0.68,8.12,32,0,0.0,0.0,0.0,0.0,0.0,0.0,0.0,0.0,0.0,0.0,0.0,0.0,0.0,0.0,0.0,32.0,0.0,0.0,0.0,0.0,0.0,0.0,0.0,0.0,0.0,0.0,0.0,0.0,0.0
543,Simon,Adingra,Adingra,u,has joined AS Monaco on loan for the rest of the season.,,4.9,337,208.0,0.3,302,106.0,0.0,724.0,301.0,0,0,0.0,-6,6.0,0,168,0.0,6.9,0.0,0.0,2.4,289.0,124.0,0.0,0.0,388.0,173.0,256.0,157.0,296.0,159.0,357.0,170.0,,,,,,,,0.05,0.09,0.14,1.57,0.0,0.55,1.11,1.25,6.24,32,0,0.0,0.0,0.0,0.0,0.0,0.0,0.0,0.0,0.0,0.0,0.0,0.0,0.0,0.0,0.0,248.0,0.0,0.0,0.0,0.0,0.0,0.0,0.0,0.0,0.0,0.0,0.0,0.0,0.0
544,Habib,Diarra,Diarra,a,,,5.3,199,124.0,0.1,469,162.0,5.5,40.0,17.0,6,0,0.0,-2,2.0,939,1004,1.0,10.8,5.5,5.5,3.8,81.0,35.0,100.0,100.0,337.0,152.0,276.0,165.0,164.0,91.0,305.0,151.0,,,1.0,,,,,0.18,0.04,0.22,1.26,0.0,0.38,0.83,0.98,4.77,32,6,90.0,0.0,1.0,1.0,0.0,0.0,0.0,0.0,0.0,0.0,0.0,1.0,0.0,16.0,1444.0,1452.0,0.0,0.040000000000000036,0.030000000000000027,0.07000000000000028,0.8400000000000016,16.400000000000006,26.799999999999997,11.0,5.399999999999999,0.0,0.0,2.0,2.0
547,Enzo,Le Fée,E.Le Fée,a,,,4.9,331,205.0,1.0,197,71.0,2.0,151.0,61.0,3,0,0.0,-1,1.0,2555,11984,0.4,22.7,2.0,2.0,3.7,97.0,41.0,100.0,100.0,63.0,16.0,25.0,24.0,146.0,82.0,44.0,31.0,3.0,2.0,2.0,,,,,0.17,0.15,0.32,1.44,0.0,0.34,1.17,1.02,9.72,32,3,90.0,0.0,0.0,1.0,0.0,0.0,0.0,0.0,0.0,0.0,0.0,1.0,0.0,24.0,6197.0,20152.0,0.0,0.0,0.44999999999999973,0.4499999999999993,0.8399999999999963,15.0,27.700000000000045,2.0,4.5,1.0,3.0,3.0,7.0
548,Romaine,Mundle,Mundle,i,Hamstring injury - Expected back 01 Jun,,4.9,327,202.0,0.0,757,322.0,0.0,720.0,299.0,0,0,0.0,-1,1.0,5,11,0.0,2.9,0.0,0.0,1.0,494.0,225.0,0.0,0.0,438.0,193.0,377.0,191.0,303.0,161.0,410.0,186.0,,,,,,,,0.2,0.11,0.31,1.93,0.0,0.0,2.48,0.45,7.44,32,0,0.0,0.0,0.0,0.0,0.0,0.0,0.0,0.0,0.0,0.0,0.0,0.0,0.0,0.0,5.0,20.0,0.0,0.0,0.0,0.0,0.0,0.0,0.0,0.0,0.0,0.0,0.0,0.0,0.0
549,Dan,Neil,Neil,u,has joined Ipswich Town on loan for the rest of the season.,,4.8,359,223.0,0.0,658,261.0,0.0,692.0,280.0,0,0,0.0,-2,2.0,0,10,0.0,0.6,0.0,0.0,1.0,492.0,224.0,0.0,0.0,491.0,226.0,468.0,227.0,757.0,327.0,501.0,230.0,,,,,,,,0.0,0.0,0.0,4.43,0.0,0.0,0.0,0.0,13.85,32,0,0.0,0.0,0.0,0.0,0.0,0.0,0.0,0.0,0.0,0.0,0.0,0.0,0.0,0.0,0.0,12.0,0.0,0.0,0.0,0.0,0.0,0.0,0.0,0.0,0.0,0.0,0.0,0.0,0.0
550,Ian,Poveda-Ocampo,Poveda,a,,,4.7,385,240.0,0.0,665,265.0,0.0,683.0,275.0,0,0,0.0,-3,3.0,16,20,0.0,0.0,0.0,0.0,0.0,766.0,329.0,,,765.0,328.0,760.0,328.0,750.0,325.0,765.0,328.0,,,,,,,,0.0,0.0,0.0,0.0,0.0,0.0,0.0,0.0,0.0,32,0,0.0,0.0,0.0,0.0,0.0,0.0,0.0,0.0,0.0,0.0,0.0,0.0,0.0,0.0,24.0,22.0,0.0,0.0,0.0,0.0,0.0,0.0,0.0,0.0,0.0,0.0,0.0,0.0,0.0
551,Chris,Rigg,Rigg,a,,,4.7,394,245.0,0.0,590,221.0,2.5,131.0,52.0,2,0,0.0,-3,3.0,165,82,0.5,4.9,2.5,2.5,1.6,403.0,172.0,,,413.0,181.0,251.0,156.0,320.0,169.0,367.0,175.0,,,,,,,,0.09,0.12,0.21,1.29,0.0,0.42,0.57,1.27,7.06,32,2,81.0,0.0,0.0,1.0,0.0,0.0,0.0,0.0,1.0,0.0,0.0,1.0,0.0,7.0,290.0,108.0,0.0,0.050000000000000044,0.14,0.18999999999999995,0.7800000000000011,1.4000000000000057,14.900000000000006,2.0,1.8000000000000007,1.0,0.0,3.0,4.0
552,Noah,Sadiki,Sadiki,a,,,4.9,340,211.0,0.1,569,212.0,2.0,152.0,62.0,3,0,0.0,-1,1.0,96,121,0.4,13.1,2.0,2.0,2.4,290.0,125.0,100.0,100.0,216.0,90.0,156.0,105.0,244.0,133.0,219.0,107.0,,,,,,,,0.03,0.04,0.07,1.29,0.0,0.3,1.13,1.02,7.85,32,3,90.0,0.0,0.0,1.0,0.0,0.0,0.0,0.0,0.0,0.0,0.0,1.0,0.0,15.0,136.0,178.0,0.0,0.16000000000000003,0.040000000000000036,0.20000000000000018,0.8400000000000034,15.199999999999989,24.799999999999983,13.0,5.299999999999997,3.0,4.0,4.0,11.0
553,Chemsdine,Talbi,Talbi,a,,,4.9,338,209.0,0.2,404,139.0,4.5,66.0,25.0,1,0,0.0,-1,1.0,205,662,0.9,15.5,4.5,4.5,3.2,175.0,73.0,100.0,100.0,260.0,109.0,183.0,121.0,136.0,79.0,223.0,110.0,,,,,,,,0.13,0.07,0.2,1.26,0.0,0.41,0.81,0.95,5.42,32,1,8.0,0.0,0.0,0.0,0.0,0.0,0.0,0.0,0.0,0.0,0.0,0.0,0.0,5.0,1015.0,790.0,0.0,0.0,0.0,0.0,0.05999999999999872,3.0,0.4000000000000057,0.0,0.29999999999999716,1.0,1.0,1.0,3.0
554,Abdoullah,Ba,Ba,a,,,4.3,590,348.0,0.3,315,110.0,0.0,516.0,166.0,0,0,0.0,-2,2.0,117,603,0.0,0.0,0.0,0.0,0.0,654.0,245.0,,,645.0,236.0,640.0,241.0,614.0,227.0,647.0,238.0,,,,,,,,0.0,0.0,0.0,0.0,0.0,0.0,0.0,0.0,0.0,32,0,0.0,0.0,0.0,0.0,0.0,0.0,0.0,0.0,0.0,0.0,0.0,0.0,0.0,0.0,210.0,959.0,0.0,0.0,0.0,0.0,0.0,0.0,0.0,0.0,0.0,0.0,0.0,0.0,0.0
555,Alan,Browne,Browne,u,has joined Middlesbrough on loan for the rest of the season.,,4.5,417,252.0,0.0,651,256.0,0.0,589.0,204.0,0,0,0.0,0,0.0,0,3,0.0,0.0,0.0,0.0,0.0,696.0,272.0,0.0,0.0,690.0,266.0,685.0,269.0,666.0,261.0,692.0,268.0,,,,,,,,0.0,0.0,0.0,0.0,0.0,0.0,0.0,0.0,0.0,32,0,0.0,0.0,0.0,0.0,0.0,0.0,0.0,0.0,0.0,0.0,0.0,0.0,0.0,0.0,0.0,4.0,0.0,0.0,0.0,0.0,0.0,0.0,0.0,0.0,0.0,0.0,0.0,0.0,0.0
556,Pierre,Ekwah Elimby,Ekwah,u,Has joined AS Saint-Etienne permanently.,,4.5,437,260.0,0.0,781,338.0,0.0,604.0,212.0,0,0,0.0,0,0.0,0,1,0.0,0.0,0.0,0.0,0.0,707.0,279.0,0.0,0.0,701.0,273.0,697.0,276.0,680.0,269.0,703.0,275.0,,,,,,,,0.0,0.0,0.0,0.0,0.0,0.0,0.0,0.0,0.0,32,0,0.0,0.0,0.0,0.0,0.0,0.0,0.0,0.0,0.0,0.0,0.0,0.0,0.0,0.0,0.0,2.0,0.0,0.0,0.0,0.0,0.0,0.0,0.0,0.0,0.0,0.0,0.0,0.0,0.0
557,Harrison,Jones,H.Jones,a,,,4.3,607,357.0,0.1,541,198.0,0.0,531.0,174.0,0,0,0.0,-2,2.0,65,127,0.0,0.0,0.0,0.0,0.0,659.0,249.0,,,649.0,239.0,645.0,244.0,622.0,233.0,651.0,241.0,,,,,,,,0.0,0.0,0.0,0.0,0.0,0.0,0.0,0.0,0.0,32,0,0.0,0.0,0.0,0.0,0.0,0.0,0.0,0.0,0.0,0.0,0.0,0.0,0.0,0.0,108.0,162.0,0.0,0.0,0.0,0.0,0.0,0.0,0.0,0.0,0.0,0.0,0.0,0.0,0.0
558,Jay,Matete,Matete,u,has joined MK Dons permanently.,,4.3,598,352.0,0.2,403,138.0,0.0,522.0,169.0,0,0,0.0,-2,2.0,0,161,0.0,0.0,0.0,0.0,0.0,656.0,247.0,0.0,0.0,646.0,237.0,641.0,242.0,616.0,229.0,648.0,239.0,,,,,,,,0.0,0.0,0.0,0.0,0.0,0.0,0.0,0.0,0.0,32,0,0.0,0.0,0.0,0.0,0.0,0.0,0.0,0.0,0.0,0.0,0.0,0.0,0.0,0.0,0.0,226.0,0.0,0.0,0.0,0.0,0.0,0.0,0.0,0.0,0.0,0.0,0.0,0.0,0.0
559,Nectarios,Triantis,Triantis,u,has joined Minnesota United permanently.,,4.4,548,328.0,0.0,649,254.0,0.0,562.0,188.0,0,0,0.0,-1,1.0,0,8,0.0,0.0,0.0,0.0,0.0,677.0,261.0,0.0,0.0,669.0,253.0,665.0,257.0,644.0,247.0,671.0,255.0,,,,,,,,0.0,0.0,0.0,0.0,0.0,0.0,0.0,0.0,0.0,32,0,0.0,0.0,0.0,0.0,0.0,0.0,0.0,0.0,0.0,0.0,0.0,0.0,0.0,0.0,0.0,11.0,0.0,0.0,0.0,0.0,0.0,0.0,0.0,0.0,0.0,0.0,0.0,0.0,0.0
560,Wilson,Isidor,Isidor,a,,,5.0,259,54.0,1.3,173,25.0,0.5,318.0,41.0,1,0,0.0,-5,5.0,402,3329,0.1,12.2,0.5,0.5,2.3,301.0,32.0,100.0,100.0,307.0,30.0,391.0,51.0,62.0,25.0,242.0,29.0,,,,,,,,0.32,0.01,0.33,1.53,0.0,0.34,1.28,0.94,3.75,32,1,1.0,0.0,0.0,0.0,0.0,0.0,0.0,0.0,0.0,0.0,0.0,0.0,0.0,3.0,721.0,4660.0,0.0,0.0,0.0,0.0,0.0,0.0,0.0,0.0,0.0,0.0,0.0,0.0,0.0
561,Eliezer,Mayenda Dossou,Mayenda,a,,,5.2,215,50.0,0.5,263,38.0,0.5,324.0,43.0,0,0,0.0,-3,3.0,81,700,0.1,7.5,0.5,0.5,2.1,325.0,36.0,,,357.0,35.0,344.0,41.0,163.0,38.0,326.0,39.0,,,,,,,,0.26,0.03,0.29,1.52,0.0,0.36,1.08,0.96,3.12,32,0,0.0,0.0,0.0,0.0,0.0,0.0,0.0,0.0,0.0,0.0,0.0,0.0,0.0,0.0,131.0,1082.0,0.0,0.0,0.0,0.0,0.0,0.0,0.0,0.0,0.0,0.0,0.0,0.0,0.0
562,Ahmed,Abdullahi,Abdullahi,a,,,4.2,648,91.0,0.4,283,42.0,0.0,503.0,51.0,0,0,0.0,-3,3.0,260,1125,0.0,0.0,0.0,0.0,0.0,650.0,65.0,,,642.0,65.0,636.0,64.0,610.0,64.0,644.0,65.0,,,,,,,,0.0,0.0,0.0,0.0,0.0,0.0,0.0,0.0,0.0,32,0,0.0,0.0,0.0,0.0,0.0,0.0,0.0,0.0,0.0,0.0,0.0,0.0,0.0,0.0,382.0,1585.0,0.0,0.0,0.0,0.0,0.0,0.0,0.0,0.0,0.0,0.0,0.0,0.0,0.0
668,Granit,Xhaka,Xhaka,a,,,5.1,219,134.0,3.2,107,34.0,4.5,67.0,26.0,5,0,0.0,1,-1.0,3097,7257,0.9,20.4,4.5,4.5,3.7,100.0,43.0,100.0,100.0,53.0,14.0,38.0,34.0,273.0,148.0,78.0,48.0,1.0,1.0,,,,,,0.03,0.09,0.12,1.43,0.0,0.3,1.03,0.99,11.32,32,5,90.0,0.0,0.0,1.0,0.0,0.0,0.0,0.0,0.0,0.0,0.0,1.0,0.0,21.0,5130.0,11463.0,0.0,0.13,0.0900000000000003,0.21999999999999975,0.8399999999999963,15.600000000000023,11.5,5.0,3.200000000000003,5.0,2.0,9.0,16.0
670,Robin,Roefs,Roefs,a,,,4.8,370,15.0,7.6,51,9.0,5.5,35.0,5.0,11,0,0.0,3,-3.0,28788,20136,1.1,25.2,5.5,5.5,4.2,47.0,5.0,100.0,100.0,11.0,3.0,366.0,2.0,760.0,87.0,160.0,3.0,,,,,,,,0.0,0.0,0.0,1.44,3.17,0.31,1.17,1.0,0.0,32,11,90.0,0.0,0.0,1.0,0.0,0.0,0.0,0.0,0.0,0.0,7.0,1.0,3.0,42.0,31284.0,47570.0,0.0,0.0,0.0,0.0,0.8400000000000034,55.39999999999998,0.0,0.0,5.5,0.0,0.0,13.0,0.0
678,Arthur,Masuaku,Masuaku,u,has joined RC Lens on loan for the rest of the season.,,3.9,749,214.0,0.5,274,104.0,0.0,374.0,132.0,0,0,0.0,-1,1.0,0,293,0.0,0.3,0.0,0.0,0.3,521.0,181.0,0.0,0.0,449.0,165.0,398.0,144.0,425.0,161.0,455.0,163.0,,,,,,,,0.05,0.06,0.11,1.5,0.0,0.0,1.44,1.44,7.2,32,0,0.0,0.0,0.0,0.0,0.0,0.0,0.0,0.0,0.0,0.0,0.0,0.0,0.0,0.0,0.0,422.0,0.0,0.0,0.0,0.0,0.0,0.0,0.0,0.0,0.0,0.0,0.0,0.0,0.0
683,Omar,Alderete,Alderete,a,,,4.1,650,153.0,5.7,69,22.0,4.5,58.0,18.0,8,0,0.0,1,-1.0,9529,32519,1.1,27.1,4.5,4.5,4.0,58.0,22.0,100.0,100.0,31.0,11.0,242.0,64.0,122.0,21.0,91.0,23.0,,,,,,,,0.05,0.03,0.08,1.44,0.0,0.33,1.14,0.99,10.24,32,8,90.0,0.0,0.0,1.0,0.0,0.0,0.0,0.0,0.0,0.0,0.0,1.0,0.0,29.0,19283.0,71187.0,0.0,0.0,0.0,0.0,0.8399999999999963,22.399999999999977,0.8000000000000114,0.0,2.3000000000000114,1.0,9.0,5.0,10.0
694,Nordi,Mukiele,Mukiele,a,,,4.5,420,81.0,6.7,60,19.0,7.0,16.0,6.0,14,0,0.0,5,-5.0,44411,19683,1.6,28.7,7.0,7.0,5.0,14.0,4.0,100.0,100.0,49.0,23.0,122.0,32.0,183.0,43.0,90.0,22.0,,,,,,,,0.05,0.08,0.13,1.46,0.0,0.32,1.12,1.04,9.22,32,14,81.0,1.0,0.0,1.0,0.0,0.0,0.0,0.0,0.0,0.0,0.0,1.0,2.0,35.0,59606.0,53152.0,0.0,0.26,0.06000000000000005,0.3200000000000003,0.7800000000000011,45.39999999999998,9.800000000000011,25.0,8.0,4.0,1.0,4.0,5.0
724,Lutsharel,Geertruida,Geertruida,a,,,4.5,428,87.0,0.1,575,206.0,1.5,188.0,64.0,0,0,0.0,0,0.0,98,326,0.3,10.2,1.5,1.5,1.8,373.0,141.0,,,253.0,101.0,257.0,72.0,305.0,93.0,302.0,101.0,,,,,,,,0.03,0.05,0.08,1.81,0.0,0.13,1.34,0.89,6.44,32,0,0.0,0.0,0.0,0.0,0.0,0.0,0.0,0.0,0.0,0.0,0.0,0.0,0.0,0.0,357.0,396.0,0.0,0.0,0.0,0.0,0.0,0.0,0.0,0.0,0.0,0.0,0.0,0.0,0.0
730,Brian,Brobbey,Brobbey,a,,,5.3,193,45.0,0.6,239,33.0,4.5,70.0,13.0,1,0,0.0,-2,2.0,3845,7366,0.8,13.8,4.5,4.5,2.9,207.0,19.0,100.0,100.0,224.0,19.0,240.0,25.0,51.0,21.0,159.0,22.0,,,,,,,,0.28,0.03,0.31,1.54,0.0,0.31,1.18,0.99,3.72,32,1,90.0,0.0,0.0,1.0,0.0,0.0,0.0,0.0,1.0,0.0,0.0,1.0,0.0,-6.0,9708.0,9312.0,0.0,0.6699999999999999,0.0,0.6699999999999999,0.8399999999999999,0.0,1.6999999999999886,44.0,4.3999999999999915,0.0,1.0,3.0,4.0
735,Bertrand,Traoré,Traoré,i,Knee injury - Expected back 24 Apr,,5.5,134,83.0,0.0,652,257.0,0.0,785.0,344.0,0,0,0.0,0,0.0,10,32,0.0,5.5,0.0,0.0,2.5,272.0,114.0,0.0,0.0,359.0,160.0,268.0,163.0,221.0,121.0,323.0,159.0,,,,,,,,0.07,0.04,0.11,1.38,0.0,0.43,1.28,1.28,5.68,32,0,0.0,0.0,0.0,0.0,0.0,0.0,0.0,0.0,0.0,0.0,0.0,0.0,0.0,0.0,13.0,45.0,0.0,0.0,0.0,0.0,0.0,0.0,0.0,0.0,0.0,0.0,0.0,0.0,0.0
774,Jenson,Jones,Jenson Jones,a,,,4.0,677,169.0,0.0,681,239.0,0.0,419.0,151.0,0,0,0.0,0,0.0,37,50,0.0,0.0,0.0,0.0,0.0,588.0,216.0,,,578.0,215.0,569.0,215.0,538.0,211.0,580.0,215.0,,,,,,,,0.0,0.0,0.0,0.0,0.0,0.0,0.0,0.0,0.0,32,0,0.0,0.0,0.0,0.0,0.0,0.0,0.0,0.0,0.0,0.0,0.0,0.0,0.0,0.0,54.0,69.0,0.0,0.0,0.0,0.0,0.0,0.0,0.0,0.0,0.0,0.0,0.0,0.0,0.0
775,Tymur,Tutierov,Tutierov,u,has joined Exeter City on loan for the rest of the season.,,4.5,495,305.0,0.0,823,368.0,0.0,656.0,254.0,0,0,0.0,0,0.0,0,1,0.0,0.0,0.0,0.0,0.0,747.0,313.0,0.0,0.0,745.0,311.0,738.0,311.0,725.0,307.0,745.0,311.0,,,,,,,,0.0,0.0,0.0,0.0,0.0,0.0,0.0,0.0,0.0,32,0,0.0,0.0,0.0,0.0,0.0,0.0,0.0,0.0,0.0,0.0,0.0,0.0,0.0,0.0,0.0,1.0,0.0,0.0,0.0,0.0,0.0,0.0,0.0,0.0,0.0,0.0,0.0,0.0,0.0
800,Djiamgone Jocelin Ta,Bi,Jocelin.T,i,Ankle injury - Expected back 24 Apr,,4.9,346,216.0,0.0,822,367.0,0.0,730.0,306.0,0,-1,1.0,-1,1.0,4,4,0.0,0.2,0.0,0.0,1.0,497.0,228.0,0.0,0.0,487.0,223.0,449.0,217.0,455.0,224.0,487.0,223.0,,,,,,,,0.0,0.09,0.09,0.57,0.0,0.0,0.0,2.37,7.11,32,0,0.0,0.0,0.0,0.0,0.0,0.0,0.0,0.0,0.0,0.0,0.0,0.0,0.0,0.0,6.0,7.0,0.0,0.0,0.0,0.0,0.0,0.0,0.0,0.0,0.0,0.0,0.0,0.0,0.0
813,Nilson,Angulo,Angulo,i,Unknown - Expected back 24 Apr,,5.0,276,170.0,0.0,788,343.0,0.0,743.0,316.0,0,0,0.0,0,0.0,3,48,0.0,1.8,0.0,0.0,1.8,380.0,161.0,0.0,0.0,431.0,189.0,387.0,195.0,318.0,168.0,413.0,188.0,,,,,,,,0.17,0.03,0.2,2.0,0.0,0.35,1.42,1.06,8.15,32,0,0.0,0.0,0.0,0.0,0.0,0.0,0.0,0.0,0.0,0.0,0.0,0.0,0.0,0.0,6.0,92.0,0.0,0.0,0.0,0.0,0.0,0.0,0.0,0.0,0.0,0.0,0.0,0.0,0.0
822,Jaydon,Jones,Jones,a,,,4.5,476,291.0,0.0,812,359.0,0.0,637.0,240.0,0,0,0.0,0,0.0,37,13,0.0,0.0,0.0,0.0,0.0,733.0,303.0,,,730.0,300.0,724.0,301.0,710.0,296.0,731.0,301.0,,,,,,,,0.0,0.0,0.0,0.0,0.0,0.0,0.0,0.0,0.0,32,0,0.0,0.0,0.0,0.0,0.0,0.0,0.0,0.0,0.0,0.0,0.0,0.0,0.0,0.0,68.0,15.0,0.0,0.0,0.0,0.0,0.0,0.0,0.0,0.0,0.0,0.0,0.0,0.0,0.0
565,Guglielmo,Vicario,Vicario,i,Hernia - Expected back 25 Apr,,4.7,381,17.0,5.1,77,13.0,1.0,226.0,22.0,0,0,0.0,-3,3.0,131,19232,0.2,19.1,0.0,0.0,2.9,203.0,23.0,0.0,0.0,26.0,8.0,426.0,6.0,749.0,82.0,188.0,7.0,,,,,,,,0.0,0.0,0.0,1.49,2.68,0.23,1.61,1.0,0.0,32,0,0.0,0.0,0.0,0.0,0.0,0.0,0.0,0.0,0.0,0.0,0.0,0.0,0.0,0.0,157.0,29595.0,0.0,0.0,0.0,0.0,0.0,0.0,0.0,0.0,0.0,0.0,0.0,0.0,0.0
566,Brandon,Austin,Austin,a,,,3.9,757,78.0,0.3,334,47.0,0.0,381.0,39.0,0,0,0.0,-1,1.0,120,293,0.0,0.0,0.0,0.0,0.0,554.0,50.0,,,544.0,50.0,531.0,33.0,499.0,20.0,546.0,50.0,,,,,,,,0.0,0.0,0.0,0.0,0.0,0.0,0.0,0.0,0.0,32,0,0.0,0.0,0.0,0.0,0.0,0.0,0.0,0.0,0.0,0.0,0.0,0.0,0.0,0.0,170.0,380.0,0.0,0.0,0.0,0.0,0.0,0.0,0.0,0.0,0.0,0.0,0.0,0.0,0.0
567,Antonín,Kinský,Kinsky,a,,,3.9,771,85.0,1.6,158,20.0,1.0,211.0,20.0,2,0,0.0,-1,1.0,2248,1676,0.3,0.5,1.0,1.0,2.0,334.0,31.0,,,457.0,34.0,541.0,40.0,509.0,27.0,483.0,35.0,,,,,,,,0.0,0.0,0.0,1.33,1.0,0.0,1.0,1.0,0.0,32,2,90.0,0.0,0.0,0.0,1.0,0.0,0.0,0.0,0.0,0.0,1.0,1.0,0.0,9.0,2598.0,2593.0,0.0,0.0,0.0,0.0,1.33,13.2,0.0,0.0,1.3,0.0,2.0,9.0,0.0
568,Pedro,Porro Sauceda,Pedro Porro,a,,,5.1,232,34.0,9.3,39,13.0,1.0,248.0,82.0,1,0,0.0,-4,4.0,5711,9287,0.2,16.5,1.0,1.0,3.0,195.0,78.0,100.0,100.0,83.0,37.0,16.0,1.0,210.0,52.0,51.0,6.0,3.0,2.0,,,,,,0.03,0.13,0.16,1.34,0.0,0.28,1.36,1.04,6.51,32,1,90.0,0.0,0.0,0.0,1.0,0.0,0.0,0.0,1.0,0.0,0.0,1.0,0.0,15.0,9472.0,12689.0,0.0,0.09999999999999998,0.16000000000000014,0.2599999999999998,1.3299999999999983,28.599999999999966,47.5,41.0,11.700000000000003,1.0,5.0,1.0,6.0
569,Cristian,Romero,Romero,i,Knee injury - Expected back 01 Jun,,5.0,251,39.0,3.0,114,43.0,1.0,240.0,79.0,1,0,0.0,0,0.0,607,9321,0.2,18.2,0.0,1.0,4.0,61.0,23.0,0.0,100.0,56.0,26.0,239.0,63.0,129.0,23.0,118.0,33.0,,,,,,,,0.07,0.06,0.13,1.36,0.0,0.24,1.59,1.06,9.49,32,1,69.0,0.0,0.0,0.0,1.0,0.0,0.0,0.0,1.0,0.0,0.0,1.0,0.0,11.0,2125.0,10774.0,0.0,0.039999999999999813,0.010000000000000009,0.050000000000000266,1.0700000000000003,12.199999999999932,10.399999999999991,9.0,3.200000000000003,3.0,6.0,2.0,9.0
570,Kevin,Danso,Danso,a,,,4.2,628,141.0,0.1,438,165.0,2.0,142.0,55.0,1,0,0.0,-3,3.0,378,186,0.5,9.3,2.0,2.0,2.2,305.0,112.0,100.0,100.0,225.0,89.0,417.0,151.0,347.0,114.0,334.0,111.0,,,,,,,,0.03,0.02,0.05,1.51,0.0,0.19,1.8,1.04,12.42,32,1,20.0,0.0,0.0,0.0,0.0,0.0,0.0,0.0,0.0,0.0,0.0,0.0,0.0,4.0,524.0,250.0,0.0,0.0,0.009999999999999981,0.010000000000000009,0.2599999999999998,10.200000000000045,0.6999999999999993,2.0,1.3000000000000007,2.0,2.0,1.0,4.0
571,Ben,Davies,Davies,i,Ankle injury - Unknown return date,,4.3,575,124.0,0.1,548,197.0,0.0,506.0,209.0,0,0,0.0,-2,2.0,7,29,0.0,2.3,0.0,0.0,3.3,152.0,58.0,0.0,0.0,399.0,150.0,394.0,141.0,333.0,107.0,401.0,144.0,,,,,,,,0.32,0.05,0.37,0.73,0.0,0.0,1.99,1.32,9.26,32,0,0.0,0.0,0.0,0.0,0.0,0.0,0.0,0.0,0.0,0.0,0.0,0.0,0.0,0.0,15.0,30.0,0.0,0.0,0.0,0.0,0.0,0.0,0.0,0.0,0.0,0.0,0.0,0.0,0.0
572,Radu,Drăgușin,Dragusin,a,,,4.5,449,92.0,0.0,669,235.0,0.0,613.0,242.0,0,0,0.0,0,0.0,82,174,0.0,3.3,0.0,0.0,1.9,351.0,130.0,100.0,100.0,348.0,132.0,455.0,164.0,372.0,126.0,399.0,143.0,,,,,,,,0.05,0.0,0.05,2.09,0.0,0.0,2.28,0.88,12.28,32,0,0.0,0.0,0.0,0.0,0.0,0.0,0.0,0.0,0.0,0.0,0.0,0.0,0.0,0.0,114.0,224.0,0.0,0.0,0.0,0.0,0.0,0.0,0.0,0.0,0.0,0.0,0.0,0.0,0.0
573,Djed,Spence,Spence,a,,,4.1,653,156.0,0.9,205,80.0,0.5,292.0,94.0,0,-1,1.0,-4,4.0,431,1865,0.1,14.6,0.5,0.5,2.5,263.0,101.0,100.0,100.0,234.0,94.0,175.0,45.0,176.0,39.0,221.0,76.0,,,,,,,,0.04,0.09,0.13,1.46,0.0,0.35,1.45,1.05,5.18,32,0,0.0,0.0,0.0,0.0,0.0,0.0,0.0,0.0,0.0,0.0,0.0,0.0,0.0,0.0,875.0,2548.0,0.0,0.0,0.0,0.0,0.0,0.0,0.0,0.0,0.0,0.0,0.0,0.0,0.0
574,Destiny,Udogie,Udogie,a,,,4.3,592,136.0,0.3,324,117.0,0.5,297.0,96.0,2,0,0.0,-2,2.0,523,130,0.1,3.7,0.5,0.5,1.1,445.0,159.0,100.0,100.0,316.0,118.0,209.0,54.0,277.0,81.0,307.0,103.0,,,,,,,,0.02,0.06,0.08,1.61,0.0,0.0,1.94,0.87,4.46,32,2,90.0,0.0,0.0,0.0,1.0,0.0,0.0,0.0,0.0,0.0,0.0,1.0,0.0,12.0,635.0,166.0,0.0,0.0,0.040000000000000036,0.039999999999999925,1.33,11.800000000000011,18.399999999999977,2.0,3.200000000000003,1.0,4.0,4.0,5.0
575,Micky,van de Ven,Van de Ven,a,,,4.4,546,118.0,17.8,19,6.0,1.0,220.0,70.0,1,0,0.0,-1,1.0,5808,69445,0.2,22.5,1.0,1.0,3.4,139.0,51.0,100.0,100.0,48.0,22.0,307.0,99.0,142.0,29.0,134.0,42.0,,,,,,,,0.1,0.01,0.11,1.4,0.0,0.25,1.58,1.04,6.69,32,1,90.0,0.0,0.0,0.0,1.0,0.0,0.0,0.0,1.0,0.0,0.0,1.0,0.0,10.0,10468.0,101870.0,0.0,0.0,0.0,0.0,1.3300000000000054,20.800000000000068,0.20000000000000284,0.0,2.1000000000000085,0.0,7.0,3.0,7.0
576,Ashley,Phillips,Phillips,u,Has joined Stoke City on loan for the rest of the season.,,4.0,713,188.0,0.0,739,255.0,0.0,453.0,169.0,0,0,0.0,0,0.0,0,0,0.0,0.0,0.0,0.0,0.0,615.0,228.0,0.0,0.0,606.0,228.0,598.0,228.0,568.0,225.0,608.0,228.0,,,,,,,,0.0,0.0,0.0,0.0,0.0,0.0,0.0,0.0,0.0,32,0,0.0,0.0,0.0,0.0,0.0,0.0,0.0,0.0,0.0,0.0,0.0,0.0,0.0,0.0,0.0,1.0,0.0,0.0,0.0,0.0,0.0,0.0,0.0,0.0,0.0,0.0,0.0,0.0,0.0
577,Takai,Kōta,Takai,u,has joined Borussia Mönchengladbach on loan for the rest of the season.,,4.0,715,189.0,0.0,606,216.0,0.0,455.0,170.0,0,0,0.0,0,0.0,0,25,0.0,0.0,0.0,0.0,0.0,617.0,229.0,0.0,0.0,608.0,229.0,600.0,229.0,570.0,226.0,610.0,229.0,,,,,,,,0.0,0.0,0.0,0.0,0.0,0.0,0.0,0.0,0.0,32,0,0.0,0.0,0.0,0.0,0.0,0.0,0.0,0.0,0.0,0.0,0.0,0.0,0.0,0.0,0.0,28.0,0.0,0.0,0.0,0.0,0.0,0.0,0.0,0.0,0.0,0.0,0.0,0.0,0.0
578,Luka,Vušković,Vuskovic,u,has joined Hamburger SV on loan for the rest of the season.,,3.9,787,233.0,0.3,320,115.0,0.0,405.0,145.0,0,0,0.0,-1,1.0,0,85,0.0,0.0,0.0,0.0,0.0,576.0,210.0,0.0,0.0,566.0,209.0,554.0,209.0,523.0,205.0,568.0,209.0,,,,,,,,0.0,0.0,0.0,0.0,0.0,0.0,0.0,0.0,0.0,32,0,0.0,0.0,0.0,0.0,0.0,0.0,0.0,0.0,0.0,0.0,0.0,0.0,0.0,0.0,0.0,113.0,0.0,0.0,0.0,0.0,0.0,0.0,0.0,0.0,0.0,0.0,0.0,0.0,0.0
579,Son,Heung-min,Son,u,has joined Los Angeles FC permanently.,,8.5,9,5.0,0.1,451,153.0,0.0,823.0,369.0,0,0,0.0,0,0.0,0,9,0.0,0.0,0.0,0.0,0.0,826.0,371.0,0.0,0.0,826.0,371.0,826.0,371.0,826.0,371.0,826.0,371.0,,,,,,,,0.0,0.0,0.0,0.0,0.0,0.0,0.0,0.0,0.0,32,0,0.0,0.0,0.0,0.0,0.0,0.0,0.0,0.0,0.0,0.0,0.0,0.0,0.0,0.0,0.0,12.0,0.0,0.0,0.0,0.0,0.0,0.0,0.0,0.0,0.0,0.0,0.0,0.0,0.0
581,James,Maddison,Maddison,i,Anterior cruciate ligament - Expected back 24 May,,6.8,42,26.0,0.1,449,152.0,0.0,816.0,362.0,0,0,0.0,-2,2.0,32,35,0.0,0.0,0.0,0.0,0.0,823.0,368.0,0.0,0.0,823.0,368.0,823.0,368.0,823.0,368.0,823.0,368.0,,,,,,,,0.0,0.0,0.0,0.0,0.0,0.0,0.0,0.0,0.0,32,0,0.0,0.0,0.0,0.0,0.0,0.0,0.0,0.0,0.0,0.0,0.0,0.0,0.0,0.0,40.0,48.0,0.0,0.0,0.0,0.0,0.0,0.0,0.0,0.0,0.0,0.0,0.0,0.0,0.0
582,Mohammed,Kudus,Kudus,i,Thigh injury - Unknown return date,,6.4,58,37.0,9.3,41,12.0,0.0,813.0,361.0,0,0,0.0,-1,1.0,43,3176,0.0,11.7,0.0,0.0,3.9,76.0,32.0,0.0,0.0,189.0,76.0,63.0,50.0,92.0,55.0,92.0,54.0,,4.0,3.0,,,,,0.11,0.14,0.25,1.33,0.0,0.41,1.17,1.11,7.8,32,0,0.0,0.0,0.0,0.0,0.0,0.0,0.0,0.0,0.0,0.0,0.0,0.0,0.0,0.0,63.0,3933.0,0.0,0.0,0.0,0.0,0.0,0.0,0.0,0.0,0.0,0.0,0.0,0.0,0.0
583,Dejan,Kulusevski,Kulusevski,i,Knee injury - Unknown return date,,6.4,57,36.0,0.0,722,299.0,0.0,812.0,360.0,0,0,0.0,-1,1.0,20,12,0.0,0.0,0.0,0.0,0.0,820.0,367.0,0.0,0.0,820.0,367.0,820.0,367.0,820.0,367.0,820.0,367.0,,,,,,,,0.0,0.0,0.0,0.0,0.0,0.0,0.0,0.0,0.0,32,0,0.0,0.0,0.0,0.0,0.0,0.0,0.0,0.0,0.0,0.0,0.0,0.0,0.0,0.0,28.0,16.0,0.0,0.0,0.0,0.0,0.0,0.0,0.0,0.0,0.0,0.0,0.0,0.0,0.0
584,Mathys,Tel,Tel,a,,,6.2,79,52.0,0.1,436,148.0,1.5,205.0,94.0,1,0,0.0,-3,3.0,366,470,0.2,9.2,1.5,1.1,2.3,303.0,132.0,100.0,75.0,271.0,111.0,111.0,80.0,111.0,68.0,170.0,87.0,1.0,,,,,,,0.21,0.14,0.35,1.39,0.0,0.1,1.86,0.88,7.63,32,1,29.0,0.0,0.0,0.0,0.0,0.0,0.0,0.0,0.0,0.0,0.0,0.0,0.0,1.0,473.0,787.0,0.0,0.0,0.07999999999999985,0.08000000000000007,0.2599999999999998,4.599999999999994,14.599999999999966,4.0,2.3000000000000114,0.0,0.0,1.0,1.0
585,Rodrigo,Bentancur,Bentancur,a,,,5.2,206,128.0,0.2,409,141.0,0.0,758.0,326.0,0,0,0.0,-3,3.0,30,69,0.0,12.3,0.0,0.0,3.2,177.0,74.0,100.0,0.0,230.0,97.0,208.0,134.0,285.0,155.0,267.0,135.0,,,,,,,,0.03,0.04,0.07,1.32,0.0,0.32,1.34,1.09,13.24,32,0,0.0,0.0,0.0,0.0,0.0,0.0,0.0,0.0,0.0,0.0,0.0,0.0,0.0,0.0,34.0,84.0,0.0,0.0,0.0,0.0,0.0,0.0,0.0,0.0,0.0,0.0,0.0,0.0,0.0
586,Lucas,Bergvall,Bergvall,a,,,5.2,216,133.0,0.2,396,134.0,1.5,198.0,87.0,2,0,0.0,-3,3.0,321,139,0.3,8.1,1.5,1.5,2.2,315.0,138.0,100.0,100.0,331.0,148.0,288.0,169.0,216.0,119.0,318.0,157.0,,,,,,,,0.12,0.04,0.16,1.25,0.0,0.3,1.59,1.1,7.27,32,2,60.0,0.0,0.0,0.0,1.0,0.0,0.0,0.0,0.0,0.0,0.0,1.0,0.0,-2.0,466.0,155.0,0.0,0.0,0.02999999999999997,0.030000000000000027,1.0700000000000003,0.0,3.700000000000003,2.0,0.19999999999999574,0.0,1.0,2.0,3.0
587,Yves,Bissouma,Bissouma,a,,,5.2,209,129.0,0.0,599,225.0,0.0,759.0,327.0,0,0,0.0,-3,3.0,44,46,0.0,2.5,0.0,0.0,1.6,405.0,174.0,100.0,25.0,384.0,170.0,401.0,201.0,382.0,193.0,414.0,189.0,,,,,,,,0.07,0.02,0.09,2.2,0.0,0.0,2.93,0.98,13.11,32,0,0.0,0.0,0.0,0.0,0.0,0.0,0.0,0.0,0.0,0.0,0.0,0.0,0.0,0.0,45.0,69.0,0.0,0.0,0.0,0.0,0.0,0.0,0.0,0.0,0.0,0.0,0.0,0.0,0.0
588,Wilson,Odobert,Odobert,i,Knee injury - Unknown return date,,5.3,200,125.0,0.0,608,232.0,0.0,767.0,333.0,0,0,0.0,-2,2.0,9,64,0.0,8.7,0.0,0.0,1.9,360.0,155.0,0.0,0.0,317.0,144.0,126.0,86.0,121.0,72.0,203.0,100.0,,,,,,,,0.18,0.11,0.29,1.32,0.0,0.19,1.2,0.93,7.13,32,0,0.0,0.0,0.0,0.0,0.0,0.0,0.0,0.0,0.0,0.0,0.0,0.0,0.0,0.0,11.0,100.0,0.0,0.0,0.0,0.0,0.0,0.0,0.0,0.0,0.0,0.0,0.0,0.0,0.0
589,Manor,Solomon,Solomon,u,has joined Fiorentina on loan for the rest of the season.,,5.4,166,104.0,0.0,767,327.0,0.0,776.0,337.0,0,0,0.0,-1,1.0,0,0,0.0,0.0,0.0,0.0,0.0,807.0,357.0,0.0,0.0,806.0,356.0,805.0,356.0,803.0,355.0,806.0,356.0,,,,,,,,0.0,0.0,0.0,0.0,0.0,0.0,0.0,0.0,0.0,32,0,0.0,0.0,0.0,0.0,0.0,0.0,0.0,0.0,0.0,0.0,0.0,0.0,0.0,0.0,0.0,1.0,0.0,0.0,0.0,0.0,0.0,0.0,0.0,0.0,0.0,0.0,0.0,0.0,0.0
590,Bryan,Gil Salvatierra,Bryan,u,has joined Girona permanently.,,4.9,322,199.0,0.0,664,264.0,0.0,716.0,296.0,0,0,0.0,-1,1.0,0,5,0.0,0.0,0.0,0.0,0.0,780.0,338.0,0.0,0.0,779.0,337.0,775.0,337.0,771.0,335.0,779.0,337.0,,,,,,,,0.0,0.0,0.0,0.0,0.0,0.0,0.0,0.0,0.0,32,0,0.0,0.0,0.0,0.0,0.0,0.0,0.0,0.0,0.0,0.0,0.0,0.0,0.0,0.0,0.0,5.0,0.0,0.0,0.0,0.0,0.0,0.0,0.0,0.0,0.0,0.0,0.0,0.0,0.0
591,Archie,Gray,Gray,a,,,4.8,372,232.0,0.2,407,140.0,2.0,148.0,60.0,2,0,0.0,-2,2.0,552,972,0.4,12.3,2.0,2.0,2.7,234.0,93.0,100.0,100.0,243.0,104.0,236.0,151.0,213.0,118.0,257.0,128.0,,,,,,,,0.09,0.08,0.17,1.52,0.0,0.31,1.7,1.13,8.12,32,2,60.0,0.0,0.0,0.0,1.0,0.0,0.0,0.0,0.0,0.0,0.0,1.0,0.0,7.0,895.0,1318.0,0.0,0.0,0.0,0.0,1.0700000000000003,3.5999999999999943,0.8000000000000114,0.0,0.3999999999999986,0.0,3.0,2.0,5.0
592,Mikey,Moore,Moore,u,Has joined Rangers on loan for the rest of the season.,,5.0,271,165.0,0.0,799,353.0,0.0,742.0,315.0,0,0,0.0,0,0.0,0,0,0.0,0.0,0.0,0.0,0.0,797.0,351.0,0.0,0.0,796.0,350.0,794.0,350.0,789.0,348.0,796.0,350.0,,,,,,,,0.0,0.0,0.0,0.0,0.0,0.0,0.0,0.0,0.0,32,0,0.0,0.0,0.0,0.0,0.0,0.0,0.0,0.0,0.0,0.0,0.0,0.0,0.0,0.0,0.0,0.0,0.0,0.0,0.0,0.0,0.0,0.0,0.0,0.0,0.0,0.0,0.0,0.0,0.0
812,Melker,Ellborg,Ellborg,a,,,4.0,705,60.0,0.1,452,67.0,1.5,184.0,17.0,0,0,0.0,0,0.0,328,3088,0.4,4.0,1.5,1.5,5.3,8.0,2.0,,,395.0,29.0,593.0,69.0,562.0,56.0,435.0,29.0,,,,,,,,0.0,0.01,0.01,1.37,3.33,0.33,0.67,1.0,0.0,32,0,0.0,0.0,0.0,0.0,0.0,0.0,0.0,0.0,0.0,0.0,0.0,0.0,0.0,0.0,994.0,4345.0,0.0,0.0,0.0,0.0,0.0,0.0,0.0,0.0,0.0,0.0,0.0,0.0,0.0
593,Pape Matar,Sarr,P.M.Sarr,a,,,4.5,443,265.0,1.1,192,68.0,1.5,189.0,80.0,1,0,0.0,-5,5.0,2009,6825,0.3,14.7,1.5,1.1,2.9,202.0,81.0,100.0,75.0,201.0,83.0,219.0,141.0,198.0,108.0,230.0,114.0,,,,,,,,0.1,0.07,0.17,1.75,0.0,0.2,1.47,0.87,12.01,32,1,29.0,0.0,0.0,0.0,0.0,0.0,0.0,0.0,0.0,0.0,0.0,0.0,0.0,4.0,2621.0,10307.0,0.0,0.0,0.010000000000000009,0.010000000000000231,0.26000000000000156,3.400000000000034,0.9000000000000057,0.0,0.3999999999999986,0.0,0.0,2.0,2.0
594,Yang,Min-hyeok,Min-hyeok,u,has joined Coventry City on loan for the rest of the season.,,4.5,505,314.0,0.0,740,311.0,0.0,666.0,263.0,0,0,0.0,0,0.0,0,2,0.0,0.0,0.0,0.0,0.0,755.0,320.0,0.0,0.0,754.0,319.0,747.0,319.0,734.0,315.0,754.0,319.0,,,,,,,,0.0,0.0,0.0,0.0,0.0,0.0,0.0,0.0,0.0,32,0,0.0,0.0,0.0,0.0,0.0,0.0,0.0,0.0,0.0,0.0,0.0,0.0,0.0,0.0,0.0,2.0,0.0,0.0,0.0,0.0,0.0,0.0,0.0,0.0,0.0,0.0,0.0,0.0,0.0
595,Callum,Olusesi,Olusesi,a,,,4.3,600,354.0,0.2,372,128.0,0.0,524.0,171.0,0,0,0.0,-2,2.0,75,253,0.0,0.2,0.0,0.0,1.0,467.0,203.0,,,505.0,231.0,461.0,222.0,618.0,231.0,507.0,233.0,,,,,,,,0.0,0.06,0.06,4.82,0.0,0.0,0.0,0.0,12.86,32,0,0.0,0.0,0.0,0.0,0.0,0.0,0.0,0.0,0.0,0.0,0.0,0.0,0.0,0.0,158.0,337.0,0.0,0.0,0.0,0.0,0.0,0.0,0.0,0.0,0.0,0.0,0.0,0.0,0.0
596,Dominic,Solanke-Mitchell,Solanke,a,,,7.2,30,13.0,1.1,187,28.0,2.0,178.0,25.0,2,0,0.0,-3,3.0,4108,4224,0.3,5.1,2.0,2.0,2.8,229.0,22.0,100.0,100.0,295.0,29.0,319.0,36.0,89.0,29.0,250.0,31.0,,,2.0,,,,,0.3,0.02,0.32,1.75,0.0,0.0,1.97,0.93,5.91,32,2,90.0,0.0,0.0,0.0,1.0,0.0,0.0,0.0,0.0,0.0,0.0,1.0,0.0,6.0,6044.0,5312.0,0.0,0.56,0.0,0.56,1.3300000000000018,5.0,1.2000000000000028,65.0,7.100000000000001,1.0,0.0,1.0,2.0
597,Richarlison,de Andrade,Richarlison,a,,,6.3,67,22.0,5.5,71,14.0,2.0,175.0,24.0,2,0,0.0,-2,2.0,3718,10975,0.3,15.1,2.0,2.0,3.5,131.0,12.0,100.0,100.0,92.0,7.0,186.0,16.0,22.0,13.0,48.0,11.0,,,5.0,,,,,0.38,0.07,0.45,1.31,0.0,0.29,1.38,0.92,7.03,32,2,60.0,0.0,0.0,0.0,1.0,0.0,0.0,0.0,0.0,0.0,0.0,1.0,0.0,11.0,7048.0,18022.0,0.0,0.13999999999999968,0.030000000000000027,0.16999999999999993,1.0700000000000003,14.0,3.6000000000000227,44.0,6.199999999999989,1.0,4.0,4.0,9.0
598,Will,Lankshear,Lankshear,u,has joined Oxford United on loan for the rest of the season.,,4.5,468,66.0,0.0,678,87.0,0.0,629.0,64.0,0,0,0.0,0,0.0,0,8,0.0,0.0,0.0,0.0,0.0,727.0,76.0,0.0,0.0,723.0,76.0,717.0,75.0,702.0,75.0,724.0,76.0,,,,,,,,0.0,0.0,0.0,0.0,0.0,0.0,0.0,0.0,0.0,32,0,0.0,0.0,0.0,0.0,0.0,0.0,0.0,0.0,0.0,0.0,0.0,0.0,0.0,0.0,0.0,10.0,0.0,0.0,0.0,0.0,0.0,0.0,0.0,0.0,0.0,0.0,0.0,0.0,0.0
599,Dane,Scarlett,Scarlett,u,has joined Hibernian on loan for the rest of the season.,,4.3,595,83.0,0.5,259,37.0,0.0,519.0,52.0,0,0,0.0,-2,2.0,0,376,0.0,0.5,0.0,0.0,1.0,465.0,57.0,0.0,0.0,503.0,60.0,450.0,59.0,447.0,60.0,491.0,60.0,,,,,,,,0.0,0.13,0.13,0.39,0.0,0.0,0.0,0.0,12.86,32,0,0.0,0.0,0.0,0.0,0.0,0.0,0.0,0.0,0.0,0.0,0.0,0.0,0.0,0.0,0.0,500.0,0.0,0.0,0.0,0.0,0.0,0.0,0.0,0.0,0.0,0.0,0.0,0.0,0.0
673,João Maria,Lobo Alves Palhares Costa Palhinha Gonçalves,J.Palhinha,a,,,5.5,135,84.0,0.7,220,79.0,0.5,326.0,158.0,1,0,0.0,0,0.0,682,1134,0.1,17.3,0.5,0.5,3.5,126.0,56.0,100.0,100.0,88.0,29.0,258.0,158.0,180.0,98.0,163.0,84.0,,,,,,,,0.07,0.03,0.1,1.46,0.0,0.2,1.6,0.95,12.38,32,1,29.0,0.0,0.0,0.0,0.0,0.0,0.0,0.0,0.0,0.0,0.0,0.0,0.0,2.0,856.0,1410.0,0.0,0.0,0.0,0.0,0.26000000000000156,3.3999999999999773,0.4000000000000057,0.0,0.4000000000000057,1.0,1.0,2.0,4.0
717,Xavi,Simons,Xavi,a,,,6.5,53,34.0,1.1,185,64.0,1.0,277.0,131.0,1,0,0.0,-5,5.0,2107,5936,0.2,10.2,1.0,1.0,2.5,278.0,119.0,100.0,100.0,213.0,89.0,40.0,35.0,132.0,77.0,102.0,57.0,2.0,3.0,4.0,,,,,0.13,0.2,0.33,1.67,0.0,0.17,1.92,0.96,7.96,32,1,5.0,0.0,0.0,0.0,0.0,0.0,0.0,0.0,0.0,0.0,0.0,0.0,0.0,4.0,5164.0,8356.0,0.0,0.0,0.009999999999999787,0.010000000000000675,0.16000000000000014,0.8000000000000114,1.3999999999999773,2.0,0.4000000000000057,0.0,0.0,0.0,0.0
726,Randal,Kolo Muani,Kolo Muani,a,,,6.9,40,15.0,0.4,293,45.0,1.5,208.0,28.0,2,0,0.0,-1,1.0,924,1592,0.2,6.4,1.5,1.5,1.8,386.0,46.0,100.0,100.0,325.0,32.0,155.0,13.0,138.0,32.0,235.0,28.0,,,,,,,,0.12,0.09,0.21,1.55,0.0,0.21,1.85,1.1,6.37,32,2,90.0,0.0,0.0,0.0,1.0,0.0,0.0,0.0,0.0,0.0,0.0,1.0,0.0,6.0,1217.0,2610.0,0.0,0.0,0.030000000000000027,0.029999999999999805,1.3300000000000018,7.800000000000011,26.0,6.0,4.0,0.0,1.0,3.0,4.0
796,Conor,Gallagher,Gallagher,a,,,5.0,253,152.0,0.1,510,185.0,1.5,196.0,85.0,2,-1,1.0,-5,5.0,408,853,0.3,4.4,1.5,1.5,2.2,314.0,137.0,100.0,100.0,374.0,165.0,249.0,154.0,282.0,153.0,345.0,168.0,,,,,,,,0.08,0.07,0.15,2.08,0.0,0.0,2.43,1.08,8.91,32,2,84.0,0.0,0.0,0.0,1.0,0.0,0.0,0.0,0.0,0.0,0.0,1.0,0.0,13.0,501.0,1204.0,0.0,0.0,0.040000000000000036,0.040000000000000036,1.1600000000000001,12.200000000000003,15.899999999999991,0.0,2.8000000000000007,0.0,3.0,4.0,7.0
605,Maximilian,Kilman,Kilman,a,,,4.1,651,154.0,0.1,430,160.0,0.0,482.0,195.0,0,0,0.0,-4,4.0,60,256,0.0,8.8,0.0,0.5,1.7,387.0,144.0,,,148.0,64.0,341.0,118.0,321.0,100.0,269.0,87.0,,,,,,,,0.03,0.01,0.04,1.92,0.0,0.06,2.14,0.98,9.24,32,0,0.0,0.0,0.0,0.0,0.0,0.0,0.0,0.0,0.0,0.0,0.0,0.0,0.0,0.0,120.0,379.0,0.0,0.0,0.0,0.0,0.0,0.0,0.0,0.0,0.0,0.0,0.0,0.0,0.0
606,Konstantinos,Mavropanos,Mavropanos,a,,,4.4,536,112.0,0.6,243,92.0,12.0,4.0,4.0,21,0,0.0,-1,1.0,45689,2767,2.7,22.3,12.0,12.5,3.9,67.0,25.0,100.0,100.0,42.0,18.0,348.0,123.0,118.0,20.0,119.0,34.0,,,,,,,,0.1,0.03,0.13,1.45,0.0,0.18,1.63,0.95,11.2,32,21,90.0,2.0,0.0,1.0,0.0,0.0,0.0,0.0,0.0,0.0,0.0,1.0,3.0,59.0,51803.0,3512.0,0.0,0.34999999999999987,0.04999999999999993,0.3999999999999999,0.5899999999999999,87.0,10.699999999999996,52.0,15.0,3.0,6.0,6.0,9.0
607,Nayef,Aguerd,N.Aguerd,u,has joined Marseille permanently.,,4.4,529,106.0,0.0,609,217.0,0.0,550.0,226.0,0,0,0.0,-1,1.0,0,7,0.0,0.7,0.0,0.0,1.5,409.0,150.0,0.0,0.0,426.0,159.0,451.0,162.0,422.0,160.0,452.0,162.0,,,,,,,,0.05,0.02,0.07,1.71,0.0,0.0,4.0,1.0,7.5,32,0,0.0,0.0,0.0,0.0,0.0,0.0,0.0,0.0,0.0,0.0,0.0,0.0,0.0,0.0,0.0,7.0,0.0,0.0,0.0,0.0,0.0,0.0,0.0,0.0,0.0,0.0,0.0,0.0,0.0
608,Ollie,Scarles,Scarles,a,,,4.3,604,139.0,0.0,621,221.0,0.0,528.0,220.0,0,0,0.0,-2,2.0,19,62,0.0,4.9,0.0,0.5,1.8,369.0,138.0,100.0,100.0,335.0,128.0,313.0,103.0,384.0,134.0,369.0,127.0,5.0,,,,,,,0.02,0.04,0.06,1.83,0.0,0.0,2.2,1.24,9.91,32,0,0.0,0.0,0.0,0.0,0.0,0.0,0.0,0.0,0.0,0.0,0.0,0.0,0.0,0.0,40.0,78.0,0.0,0.0,0.0,0.0,0.0,0.0,0.0,0.0,0.0,0.0,0.0,0.0,0.0
609,Jean-Clair,Todibo,Todibo,a,,,4.3,587,133.0,0.1,488,176.0,0.0,513.0,215.0,0,0,0.0,-2,2.0,83,162,0.0,10.2,0.0,0.4,2.2,307.0,113.0,100.0,75.0,164.0,70.0,326.0,109.0,379.0,132.0,287.0,94.0,,,,,,,,0.01,0.02,0.03,1.68,0.0,0.05,1.8,1.06,8.36,32,0,0.0,0.0,0.0,0.0,0.0,0.0,0.0,0.0,0.0,0.0,0.0,0.0,0.0,0.0,91.0,255.0,0.0,0.0,0.0,0.0,0.0,0.0,0.0,0.0,0.0,0.0,0.0,0.0,0.0
610,Aaron,Wan-Bissaka,Wan-Bissaka,a,,,4.1,652,155.0,4.5,83,27.0,0.0,483.0,196.0,0,0,0.0,-4,4.0,1395,13913,0.0,15.4,0.0,0.5,2.9,198.0,79.0,100.0,100.0,141.0,61.0,120.0,30.0,370.0,125.0,182.0,62.0,,,,,,,,0.0,0.04,0.04,1.57,0.0,0.14,1.84,0.99,7.71,32,0,0.0,0.0,0.0,0.0,0.0,0.0,0.0,0.0,0.0,0.0,0.0,0.0,0.0,0.0,5591.0,16310.0,0.0,0.0,0.0,0.0,0.0,0.0,0.0,0.0,0.0,0.0,0.0,0.0,0.0
611,Kaelan,Casey,Casey,u,has joined Leyton Orient on loan for the rest of the season.,,4.0,710,185.0,0.1,555,199.0,0.0,450.0,166.0,0,0,0.0,0,0.0,0,21,0.0,0.0,0.0,0.0,0.0,613.0,226.0,0.0,0.0,604.0,226.0,596.0,226.0,565.0,222.0,606.0,226.0,,,,,,,,0.0,0.0,0.0,0.0,0.0,0.0,0.0,0.0,0.0,32,0,0.0,0.0,0.0,0.0,0.0,0.0,0.0,0.0,0.0,0.0,0.0,0.0,0.0,0.0,0.0,32.0,0.0,0.0,0.0,0.0,0.0,0.0,0.0,0.0,0.0,0.0,0.0,0.0,0.0
612,Lucas,Tolentino Coelho de Lima,L.Paquetá,u,has joined Flamengo permanently.,,5.9,94,62.0,1.1,191,67.0,0.0,800.0,351.0,0,0,0.0,-1,1.0,0,470,0.0,11.7,0.0,0.0,3.8,85.0,39.0,0.0,0.0,159.0,58.0,69.0,54.0,166.0,92.0,112.0,63.0,,,,,,,,0.17,0.12,0.29,1.44,0.0,0.18,1.96,1.07,8.68,32,0,0.0,0.0,0.0,0.0,0.0,0.0,0.0,0.0,0.0,0.0,0.0,0.0,0.0,0.0,0.0,647.0,0.0,0.0,0.0,0.0,0.0,0.0,0.0,0.0,0.0,0.0,0.0,0.0,0.0
613,Tomáš,Souček,Souček,a,,,5.7,114,73.0,0.3,318,112.0,2.5,139.0,57.0,3,0,0.0,-3,3.0,753,2306,0.4,14.4,2.5,3.0,2.8,227.0,91.0,100.0,100.0,130.0,44.0,222.0,143.0,72.0,42.0,126.0,71.0,,,,,,,,0.24,0.02,0.26,1.62,0.0,0.27,1.93,0.97,9.6,32,3,90.0,0.0,0.0,1.0,0.0,0.0,0.0,0.0,0.0,0.0,0.0,1.0,0.0,14.0,3073.0,2657.0,0.0,0.040000000000000036,0.010000000000000009,0.05000000000000071,0.5899999999999999,13.600000000000023,6.0,9.0,2.9000000000000057,1.0,5.0,2.0,8.0
615,Crysencio,Summerville,Summerville,a,,,5.5,145,91.0,1.3,169,60.0,1.5,200.0,89.0,3,0,0.0,0,0.0,5004,12024,0.3,17.3,1.5,1.5,3.8,83.0,37.0,100.0,75.0,163.0,60.0,84.0,61.0,37.0,21.0,70.0,43.0,2.0,,,,,,,0.23,0.09,0.32,1.34,0.0,0.28,1.58,1.07,7.82,32,3,77.0,0.0,0.0,1.0,0.0,0.0,0.0,0.0,0.0,0.0,0.0,1.0,0.0,-3.0,8549.0,20981.0,0.0,0.41000000000000014,0.010000000000000009,0.41999999999999993,0.4599999999999973,0.0,12.0,15.0,2.3999999999999915,2.0,0.0,3.0,5.0
619,Luis Guilherme,Lira dos Santos,L.Guilherme,u,has joined Sporting CP permanently.,,4.9,339,210.0,0.0,689,278.0,0.0,725.0,302.0,0,0,0.0,-1,1.0,0,10,0.0,1.0,0.0,0.0,1.0,496.0,227.0,0.0,0.0,468.0,209.0,412.0,206.0,440.0,216.0,467.0,211.0,,,,,,,,0.05,0.02,0.07,1.35,0.0,0.0,1.49,0.74,8.18,32,0,0.0,0.0,0.0,0.0,0.0,0.0,0.0,0.0,0.0,0.0,0.0,0.0,0.0,0.0,0.0,11.0,0.0,0.0,0.0,0.0,0.0,0.0,0.0,0.0,0.0,0.0,0.0,0.0,0.0
620,George,Earthy,Earthy,u,has joined Bristol City on loan for the rest of the season.,,4.5,447,267.0,0.0,611,234.0,0.0,611.0,218.0,0,0,0.0,0,0.0,0,17,0.0,0.2,0.0,0.0,1.0,479.0,213.0,0.0,0.0,707.0,279.0,466.0,225.0,450.0,220.0,500.0,229.0,,,,,,,,0.0,0.11,0.11,8.21,0.0,0.0,11.25,0.0,0.0,32,0,0.0,0.0,0.0,0.0,0.0,0.0,0.0,0.0,0.0,0.0,0.0,0.0,0.0,0.0,0.0,20.0,0.0,0.0,0.0,0.0,0.0,0.0,0.0,0.0,0.0,0.0,0.0,0.0,0.0
623,Freddie,Potts,Potts,a,,,4.3,594,350.0,0.5,262,93.0,1.0,216.0,99.0,1,-1,1.0,-2,2.0,209,1500,0.2,8.4,1.0,1.5,1.7,389.0,164.0,100.0,100.0,291.0,126.0,232.0,149.0,353.0,182.0,321.0,158.0,,,,,,,,0.02,0.08,0.1,1.66,0.0,0.08,1.88,0.94,9.07,32,1,12.0,0.0,0.0,0.0,0.0,0.0,0.0,0.0,0.0,0.0,0.0,0.0,0.0,3.0,474.0,2927.0,0.0,0.0,0.0,0.0,0.120000000000001,0.4000000000000057,0.10000000000002274,0.0,0.10000000000000142,0.0,0.0,0.0,0.0
624,Jarrod,Bowen,Bowen,a,,,7.6,20,7.0,9.6,36,7.0,8.0,13.0,4.0,14,0,0.0,-4,4.0,115382,84313,1.1,20.7,8.0,8.5,4.9,17.0,4.0,,,17.0,3.0,31.0,1.0,12.0,8.0,10.0,3.0,1.0,1.0,2.0,,,,,0.2,0.13,0.33,1.55,0.0,0.19,1.73,1.0,7.62,32,14,90.0,0.0,3.0,1.0,0.0,0.0,0.0,0.0,0.0,0.0,0.0,1.0,1.0,46.0,266745.0,108267.0,0.0,0.33999999999999986,0.11000000000000032,0.45000000000000107,0.5899999999999963,51.39999999999998,37.10000000000002,28.0,11.700000000000017,2.0,4.0,6.0,12.0
626,Callum,Marshall,Marshall,u,has joined VfL Bochum 1848 on loan for the rest of the season.,,4.3,610,85.0,0.5,265,40.0,0.0,534.0,54.0,0,0,0.0,-2,2.0,0,282,0.0,0.5,0.0,0.0,1.0,469.0,58.0,0.0,0.0,501.0,58.0,488.0,61.0,427.0,59.0,489.0,59.0,,,,,,,,0.2,0.0,0.2,2.41,0.0,0.0,3.1,0.0,4.66,32,0,0.0,0.0,0.0,0.0,0.0,0.0,0.0,0.0,0.0,0.0,0.0,0.0,0.0,0.0,0.0,499.0,0.0,0.0,0.0,0.0,0.0,0.0,0.0,0.0,0.0,0.0,0.0,0.0,0.0
659,Kyle,Walker-Peters,Walker-Peters,a,,,4.2,630,142.0,0.2,359,131.0,3.0,114.0,45.0,6,0,0.0,-3,3.0,432,263,0.7,9.0,3.0,3.5,2.0,336.0,123.0,,,259.0,105.0,260.0,74.0,259.0,73.0,290.0,96.0,,,,,,,,0.1,0.03,0.13,1.87,0.0,0.17,1.9,0.95,6.81,32,6,90.0,0.0,0.0,1.0,0.0,0.0,0.0,0.0,0.0,0.0,0.0,1.0,0.0,40.0,587.0,389.0,0.0,0.0,0.08000000000000002,0.08000000000000007,0.5899999999999999,26.200000000000017,26.89999999999999,4.0,5.700000000000003,4.0,3.0,3.0,7.0
671,Callum,Wilson,Wilson,a,,,5.8,100,28.0,0.5,264,39.0,1.0,264.0,33.0,1,0,0.0,-2,2.0,261,1077,0.2,11.4,1.0,1.1,2.5,274.0,29.0,100.0,75.0,261.0,24.0,283.0,30.0,54.0,22.0,191.0,24.0,,,,,,,,0.56,0.03,0.59,1.62,0.0,0.09,1.64,0.86,3.19,32,1,8.0,0.0,0.0,0.0,0.0,0.0,0.0,0.0,0.0,0.0,0.0,0.0,0.0,3.0,290.0,1699.0,0.0,0.0,0.0,0.0,0.120000000000001,1.0,0.09999999999999432,0.0,0.09999999999999432,0.0,1.0,1.0,2.0
785,Pablo Felipe,Pereira de Jesus,Pablo,a,,,5.4,178,41.0,0.0,736,90.0,3.5,108.0,15.0,5,0,0.0,-1,1.0,168,117,0.6,3.1,3.5,4.0,2.1,326.0,37.0,100.0,100.0,397.0,44.0,280.0,29.0,331.0,53.0,376.0,46.0,,,,,,,,0.12,0.07,0.19,1.22,0.0,0.19,1.31,1.12,9.0,32,5,77.0,0.0,1.0,1.0,0.0,0.0,0.0,0.0,0.0,0.0,0.0,1.0,0.0,24.0,281.0,131.0,0.0,0.09999999999999998,0.27999999999999997,0.38,0.45999999999999996,37.0,30.900000000000006,21.0,8.9,5.0,2.0,3.0,10.0
791,Valentín,Castellanos,Taty,a,,,5.5,141,35.0,0.1,444,63.0,6.0,28.0,6.0,11,0,0.0,0,0.0,3370,1490,1.1,7.6,6.0,6.5,3.5,128.0,10.0,,,289.0,28.0,224.0,22.0,86.0,27.0,218.0,27.0,,,,,,,,0.32,0.06,0.38,1.2,0.0,0.48,1.24,1.15,4.2,32,11,81.0,2.0,0.0,1.0,0.0,0.0,0.0,0.0,1.0,0.0,0.0,1.0,2.0,55.0,4484.0,2162.0,0.0,0.7200000000000002,0.07999999999999996,0.7999999999999998,0.4599999999999991,70.0,25.400000000000006,55.0,15.0,1.0,1.0,3.0,5.0
815,Axel,Disasi,Disasi,a,,,4.5,423,84.0,0.1,450,168.0,3.5,101.0,38.0,6,0,0.0,0,0.0,1012,964,0.8,6.0,3.5,4.0,3.4,140.0,52.0,,,355.0,135.0,410.0,149.0,288.0,84.0,378.0,132.0,,,,,,,,0.14,0.0,0.14,1.2,0.0,0.5,1.12,1.0,5.62,32,6,90.0,0.0,0.0,1.0,0.0,0.0,0.0,0.0,0.0,0.0,0.0,1.0,0.0,25.0,2537.0,1177.0,0.0,0.0,0.0,0.0,0.5899999999999999,15.599999999999994,0.5,0.0,1.6000000000000014,3.0,3.0,2.0,6.0
825,Finlay,Herrick,Herrick,a,,,4.0,716,64.0,0.0,806,92.0,0.0,456.0,76.0,0,0,0.0,0,0.0,37,15,0.0,0.0,0.0,0.5,0.0,618.0,85.0,,,609.0,85.0,601.0,73.0,571.0,60.0,611.0,85.0,,,,,,,,0.0,0.0,0.0,0.0,0.0,0.0,0.0,0.0,0.0,32,0,0.0,0.0,0.0,0.0,0.0,0.0,0.0,0.0,0.0,0.0,0.0,0.0,0.0,0.0,61.0,18.0,0.0,0.0,0.0,0.0,0.0,0.0,0.0,0.0,0.0,0.0,0.0,0.0,0.0
627,Sam,Johnstone,Johnstone,i,Shoulder injury - Expected back 24 May,,4.4,523,25.0,0.1,434,63.0,0.0,545.0,85.0,0,0,0.0,-1,1.0,84,442,0.0,4.8,0.0,0.0,1.8,370.0,33.0,0.0,0.0,205.0,22.0,489.0,15.0,633.0,73.0,343.0,22.0,,,,,,,,0.0,0.0,0.0,1.55,3.25,0.0,2.0,1.0,0.0,32,0,0.0,0.0,0.0,0.0,0.0,0.0,0.0,0.0,0.0,0.0,0.0,0.0,0.0,0.0,91.0,580.0,0.0,0.0,0.0,0.0,0.0,0.0,0.0,0.0,0.0,0.0,0.0,0.0,0.0
628,José,Malheiro de Sá,José Sá,a,,,4.2,629,31.0,1.2,182,22.0,1.0,212.0,21.0,1,0,0.0,-3,3.0,2591,3759,0.2,13.6,0.5,0.5,2.9,199.0,22.0,100.0,100.0,123.0,19.0,428.0,8.0,601.0,67.0,291.0,19.0,,,,,,,,0.0,0.0,0.0,1.59,2.65,0.2,1.7,1.0,0.0,32,1,90.0,0.0,0.0,0.0,4.0,0.0,0.0,0.0,0.0,0.0,3.0,1.0,0.0,2.0,3871.0,5330.0,0.0,0.0,0.0,0.0,2.3500000000000014,23.400000000000034,0.0,0.0,2.3000000000000043,0.0,2.0,9.0,0.0
629,Daniel,Bentley,Bentley,a,,,3.9,745,69.0,0.5,273,34.0,0.0,370.0,30.0,0,0,0.0,-1,1.0,344,470,0.0,0.0,-0.5,-0.5,0.0,546.0,42.0,100.0,100.0,536.0,42.0,522.0,24.0,490.0,11.0,538.0,42.0,,,,,,,,0.0,0.0,0.0,0.0,0.0,0.0,0.0,0.0,0.0,32,0,0.0,0.0,0.0,0.0,0.0,0.0,0.0,0.0,0.0,0.0,0.0,0.0,0.0,0.0,483.0,619.0,0.0,0.0,0.0,0.0,0.0,0.0,0.0,0.0,0.0,0.0,0.0,0.0,0.0
631,Emmanuel,Agbadou,Agbadou,u,has joined Besiktas permanently.,,4.2,641,150.0,0.1,461,170.0,0.0,496.0,204.0,0,0,0.0,-3,3.0,0,41,0.0,5.5,0.0,0.0,1.6,400.0,149.0,0.0,0.0,203.0,81.0,311.0,102.0,294.0,88.0,283.0,92.0,,,,,,,,0.05,0.03,0.08,1.49,0.0,0.0,2.37,0.98,10.23,32,0,0.0,0.0,0.0,0.0,0.0,0.0,0.0,0.0,0.0,0.0,0.0,0.0,0.0,0.0,0.0,70.0,0.0,0.0,0.0,0.0,0.0,0.0,0.0,0.0,0.0,0.0,0.0,0.0,0.0
749,Mateus,Mané,Mané,a,,,4.3,622,87.0,1.2,176,27.0,1.0,218.0,29.0,1,-1,1.0,-2,2.0,2830,24161,0.2,12.6,0.5,0.5,2.6,248.0,26.0,,,267.0,26.0,149.0,12.0,148.0,35.0,211.0,26.0,2.0,1.0,,,,,,0.09,0.11,0.2,1.74,0.0,0.34,1.58,0.96,6.53,32,1,29.0,0.0,0.0,0.0,3.0,0.0,0.0,0.0,0.0,0.0,0.0,0.0,0.0,1.0,6386.0,40153.0,0.0,0.0,0.010000000000000009,0.010000000000000231,1.3000000000000007,0.0,3.8000000000000114,0.0,0.0,0.0,0.0,0.0,0.0
767,Luke,Rawlings,Rawlings,a,,,4.5,496,306.0,0.0,765,326.0,0.0,657.0,255.0,0,0,0.0,0,0.0,48,28,0.0,0.0,-0.5,-0.5,0.0,748.0,314.0,,,746.0,312.0,739.0,312.0,726.0,308.0,746.0,312.0,,,,,,,,0.0,0.0,0.0,0.0,0.0,0.0,0.0,0.0,0.0,32,0,0.0,0.0,0.0,0.0,0.0,0.0,0.0,0.0,0.0,0.0,0.0,0.0,0.0,0.0,67.0,36.0,0.0,0.0,0.0,0.0,0.0,0.0,0.0,0.0,0.0,0.0,0.0,0.0,0.0
109,Rico,Henry,Henry,i,Hamstring injury - Unknown return date,,4.3,580,128.0,0.1,433,163.0,0.0,509.0,212.0,0,0,0.0,-2,2.0,11,898,0.0,12.1,0.0,0.0,2.1,320.0,116.0,0.0,0.0,326.0,123.0,305.0,97.0,356.0,117.0,358.0,123.0,,,,,,,,0.01,0.04,0.05,1.63,0.0,0.27,1.5,0.95,4.63,32,0,0.0,0.0,0.0,0.0,0.0,0.0,0.0,0.0,0.0,0.0,0.0,0.0,0.0,0.0,19.0,1435.0,0.0,0.0,0.0,0.0,0.0,0.0,0.0,0.0,0.0,0.0,0.0,0.0,0.0
750,James,Rowswell,Rowswell,a,,,4.0,700,180.0,0.0,634,227.0,0.0,441.0,161.0,0,0,0.0,0,0.0,51,53,0.0,0.2,0.0,0.0,1.0,457.0,166.0,,,597.0,223.0,588.0,223.0,557.0,219.0,599.0,223.0,,,,,,,,0.0,0.0,0.0,32.4,0.0,0.0,0.0,0.0,0.0,32,0,0.0,0.0,0.0,0.0,0.0,0.0,0.0,0.0,0.0,0.0,0.0,0.0,0.0,0.0,58.0,62.0,0.0,0.0,0.0,0.0,0.0,0.0,0.0,0.0,0.0,0.0,0.0,0.0,0.0
751,Yusuf,Akhamrich,Akhamrich,u,has joined Bristol Rovers on loan for the rest of the season.,,4.5,489,301.0,0.0,787,342.0,0.0,650.0,250.0,0,0,0.0,0,0.0,0,4,0.0,0.0,0.0,0.0,0.0,742.0,310.0,0.0,0.0,740.0,308.0,733.0,308.0,720.0,304.0,740.0,308.0,,,,,,,,0.0,0.0,0.0,0.0,0.0,0.0,0.0,0.0,0.0,32,0,0.0,0.0,0.0,0.0,0.0,0.0,0.0,0.0,0.0,0.0,0.0,0.0,0.0,0.0,0.0,4.0,0.0,0.0,0.0,0.0,0.0,0.0,0.0,0.0,0.0,0.0,0.0,0.0,0.0
790,Lucá,Williams-Barnett,Williams-Barnett,a,,,4.5,501,311.0,0.0,764,325.0,0.0,662.0,260.0,0,0,0.0,0,0.0,21,29,0.0,0.0,0.0,0.0,0.0,751.0,317.0,,,750.0,316.0,743.0,316.0,730.0,312.0,750.0,316.0,,,,,,,,0.0,0.0,0.0,0.0,0.0,0.0,0.0,0.0,0.0,32,0,0.0,0.0,0.0,0.0,0.0,0.0,0.0,0.0,0.0,0.0,0.0,0.0,0.0,0.0,36.0,35.0,0.0,0.0,0.0,0.0,0.0,0.0,0.0,0.0,0.0,0.0,0.0,0.0,0.0
809,Jerome,Abbey,Abbey,a,,,4.5,517,322.0,0.0,742,312.0,0.0,676.0,270.0,0,0,0.0,0,0.0,166,53,0.0,0.0,-0.5,-0.5,0.0,763.0,326.0,,,762.0,325.0,755.0,325.0,743.0,322.0,762.0,325.0,,,,,,,,0.0,0.0,0.0,0.0,0.0,0.0,0.0,0.0,0.0,32,0,0.0,0.0,0.0,0.0,0.0,0.0,0.0,0.0,0.0,0.0,0.0,0.0,0.0,0.0,225.0,76.0,0.0,0.0,0.0,0.0,0.0,0.0,0.0,0.0,0.0,0.0,0.0,0.0,0.0
816,Angel,Gomes,Angel,a,,,4.7,384,239.0,0.0,724,300.0,2.0,146.0,59.0,2,0,0.0,-3,3.0,152,188,0.4,2.3,1.5,1.5,1.4,423.0,185.0,100.0,100.0,425.0,186.0,324.0,180.0,392.0,196.0,412.0,187.0,,,,,,,,0.06,0.06,0.12,2.56,0.0,0.26,1.32,1.32,6.58,32,2,60.0,0.0,0.0,0.0,1.0,0.0,0.0,0.0,0.0,0.0,0.0,1.0,0.0,8.0,196.0,275.0,0.0,0.09999999999999999,0.07999999999999999,0.18,1.0500000000000007,3.0,17.699999999999996,8.0,2.9000000000000004,0.0,0.0,0.0,0.0
817,Adam,Armstrong,Armstrong,a,,,5.2,203,46.0,0.1,578,78.0,2.0,158.0,19.0,2,0,0.0,-3,3.0,745,1166,0.4,4.2,1.5,1.5,2.8,223.0,21.0,,,380.0,41.0,328.0,38.0,311.0,51.0,377.0,47.0,,,,,,,,0.11,0.09,0.2,2.1,0.0,0.42,1.41,1.13,3.39,32,2,70.0,0.0,0.0,0.0,3.0,0.0,0.0,0.0,0.0,0.0,0.0,1.0,0.0,4.0,1374.0,1452.0,0.0,0.16000000000000003,0.010000000000000009,0.16999999999999993,1.6600000000000001,0.0,0.7999999999999972,30.0,2.8999999999999986,0.0,0.0,0.0,0.0
654,Jørgen,Strand Larsen,Strand Larsen,a,,,5.9,95,27.0,1.6,157,22.0,2.0,173.0,23.0,2,-1,1.0,-6,6.0,1169,20347,0.3,10.8,2.0,2.0,2.2,317.0,34.0,100.0,100.0,249.0,23.0,200.0,20.0,60.0,23.0,162.0,23.0,,,,,,,,0.2,0.03,0.23,1.39,0.0,0.23,1.49,0.98,3.87,32,2,64.0,0.0,0.0,0.0,1.0,0.0,0.0,0.0,0.0,0.0,0.0,1.0,0.0,7.0,2335.0,30585.0,0.0,0.019999999999999574,0.020000000000000018,0.040000000000000036,1.120000000000001,1.200000000000017,5.199999999999989,4.0,1.0,1.0,1.0,3.0,5.0
677,Evann,Guessand,Guessand,i,Knee injury - Expected back 02 May,,6.2,77,50.0,0.0,592,223.0,0.0,807.0,356.0,0,0,0.0,-3,3.0,11,631,0.0,6.8,0.0,0.0,2.2,318.0,139.0,0.0,75.0,320.0,145.0,312.0,175.0,170.0,94.0,306.0,152.0,,,,,,,,0.16,0.08,0.24,1.3,0.0,0.2,1.53,0.92,8.28,32,0,0.0,0.0,0.0,0.0,0.0,0.0,0.0,0.0,0.0,0.0,0.0,0.0,0.0,0.0,56.0,767.0,0.0,0.0,0.0,0.0,0.0,0.0,0.0,0.0,0.0,0.0,0.0,0.0,0.0
703,Sam,Proctor,Proctor,a,,,3.9,780,90.0,0.6,244,32.0,0.0,399.0,50.0,0,0,0.0,-1,1.0,130,1100,0.0,0.0,0.0,0.0,0.0,571.0,61.0,,,561.0,61.0,549.0,45.0,517.0,32.0,563.0,61.0,,,,,,,,0.0,0.0,0.0,0.0,0.0,0.0,0.0,0.0,0.0,32,0,0.0,0.0,0.0,0.0,0.0,0.0,0.0,0.0,0.0,0.0,0.0,0.0,0.0,0.0,186.0,1407.0,0.0,0.0,0.0,0.0,0.0,0.0,0.0,0.0,0.0,0.0,0.0,0.0,0.0
710,Travis,Patterson,Patterson,a,,,3.9,777,227.0,0.2,387,143.0,0.0,396.0,140.0,0,0,0.0,-1,1.0,70,137,0.0,0.0,0.0,0.0,0.0,568.0,206.0,,,558.0,205.0,546.0,205.0,514.0,200.0,560.0,205.0,,,,,,,,0.0,0.0,0.0,0.0,0.0,0.0,0.0,0.0,0.0,32,0,0.0,0.0,0.0,0.0,0.0,0.0,0.0,0.0,0.0,0.0,0.0,0.0,0.0,0.0,95.0,188.0,0.0,0.0,0.0,0.0,0.0,0.0,0.0,0.0,0.0,0.0,0.0,0.0,0.0
719,Victor,Lindelöf,Lindelöf,a,,,4.5,419,80.0,0.1,483,175.0,1.0,221.0,71.0,2,0,0.0,0,0.0,219,218,0.2,5.3,1.0,1.0,1.8,372.0,140.0,100.0,100.0,342.0,130.0,385.0,139.0,386.0,136.0,391.0,139.0,,,,,,,,0.04,0.01,0.05,1.62,0.0,0.14,1.36,0.95,5.17,32,2,90.0,0.0,0.0,0.0,1.0,0.0,0.0,0.0,0.0,0.0,0.0,1.0,0.0,5.0,263.0,304.0,0.0,0.25,0.0,0.24999999999999997,1.1500000000000004,6.200000000000003,1.3999999999999986,14.0,2.1999999999999993,1.0,1.0,1.0,2.0
69,Callan,McKenna,McKenna,a,,,3.9,782,91.0,0.2,358,50.0,0.0,401.0,51.0,0,0,0.0,-1,1.0,166,676,0.0,0.0,0.0,-1.0,0.0,573.0,62.0,,,563.0,62.0,551.0,46.0,519.0,33.0,565.0,62.0,,,,,,,,0.0,0.0,0.0,0.0,0.0,0.0,0.0,0.0,0.0,32,0,0.0,0.0,0.0,0.0,0.0,0.0,0.0,0.0,0.0,0.0,0.0,0.0,0.0,0.0,206.0,791.0,0.0,0.0,0.0,0.0,0.0,0.0,0.0,0.0,0.0,0.0,0.0,0.0,0.0
810,Luka,Bentt,Bentt,a,,,4.5,470,286.0,0.0,796,350.0,0.0,631.0,235.0,0,0,0.0,0,0.0,20,27,0.0,0.0,0.0,0.0,0.0,728.0,299.0,,,725.0,296.0,719.0,297.0,704.0,291.0,726.0,297.0,,,,,,,,0.0,0.0,0.0,0.0,0.0,0.0,0.0,0.0,0.0,32,0,0.0,0.0,0.0,0.0,0.0,0.0,0.0,0.0,0.0,0.0,0.0,0.0,0.0,0.0,37.0,37.0,0.0,0.0,0.0,0.0,0.0,0.0,0.0,0.0,0.0,0.0,0.0,0.0,0.0
244,Roméo,Lavia,Lavia,a,,,4.9,336,207.0,0.0,692,280.0,1.0,236.0,107.0,1,0,0.0,-1,1.0,69,50,0.2,1.8,2.5,1.0,1.0,495.0,226.0,100.0,100.0,444.0,197.0,373.0,190.0,411.0,203.0,437.0,197.0,,,,,,,,0.05,0.17,0.22,1.72,0.0,0.0,1.85,0.74,10.37,32,1,23.0,0.0,0.0,0.0,1.0,0.0,0.0,0.0,0.0,0.0,0.0,0.0,0.0,10.0,105.0,61.0,0.0,0.0,0.34,0.33999999999999997,0.5300000000000002,6.0,14.5,0.0,2.0999999999999996,1.0,0.0,3.0,4.0
142,Kjell,Scherpen,Scherpen,u,Has joined Union SG permanently,,4.0,678,47.0,0.0,811,94.0,0.0,420.0,60.0,0,0,0.0,0,0.0,0,2,0.0,0.0,0.0,0.0,0.0,589.0,69.0,0.0,0.0,579.0,69.0,570.0,56.0,539.0,43.0,581.0,69.0,,,,,,,,0.0,0.0,0.0,0.0,0.0,0.0,0.0,0.0,0.0,32,0,0.0,0.0,0.0,0.0,0.0,0.0,0.0,0.0,0.0,0.0,0.0,0.0,0.0,0.0,0.0,2.0,0.0,0.0,0.0,0.0,0.0,0.0,0.0,0.0,0.0,0.0,0.0,0.0,0.0
143,Olivier,Boscagli,Boscagli,a,,,4.2,631,143.0,0.2,377,137.0,5.0,45.0,12.0,10,0,0.0,-3,3.0,7241,552,1.2,7.4,9.5,5.5,3.4,137.0,49.0,,,323.0,122.0,339.0,117.0,404.0,149.0,371.0,129.0,3.0,,,,,,,0.01,0.06,0.07,1.06,0.0,0.34,0.85,1.02,9.87,32,10,90.0,0.0,0.0,1.0,0.0,0.0,0.0,0.0,0.0,0.0,0.0,1.0,2.0,36.0,7648.0,618.0,0.0,0.0,0.020000000000000018,0.020000000000000018,0.8799999999999999,32.599999999999994,11.100000000000001,0.0,4.399999999999999,2.0,15.0,7.0,17.0
773,Dean,Benamar,Benamar,a,,,4.0,738,210.0,0.0,703,247.0,0.0,478.0,191.0,0,0,0.0,0,0.0,14,21,0.0,0.0,0.0,0.0,0.0,636.0,246.0,,,627.0,246.0,619.0,246.0,590.0,244.0,629.0,246.0,,,,,,,,0.0,0.0,0.0,0.0,0.0,0.0,0.0,0.0,0.0,32,0,0.0,0.0,0.0,0.0,0.0,0.0,0.0,0.0,0.0,0.0,0.0,0.0,0.0,0.0,23.0,28.0,0.0,0.0,0.0,0.0,0.0,0.0,0.0,0.0,0.0,0.0,0.0,0.0,0.0
374,Ibrahima,Konaté,Konaté,a,,,5.5,138,16.0,3.9,97,33.0,3.0,118.0,47.0,6,0,0.0,0,0.0,6773,22083,0.5,21.3,3.5,3.5,3.9,73.0,28.0,100.0,100.0,38.0,15.0,231.0,60.0,269.0,77.0,132.0,40.0,,,,,,,,0.04,0.03,0.07,1.12,0.0,0.35,1.19,1.05,8.82,32,6,90.0,0.0,0.0,1.0,0.0,0.0,0.0,0.0,0.0,0.0,0.0,1.0,0.0,24.0,9646.0,40144.0,0.0,0.0,0.010000000000000009,0.010000000000000009,1.0399999999999991,9.600000000000023,2.200000000000017,0.0,1.2000000000000028,0.0,3.0,3.0,3.0
375,Conor,Bradley,Bradley,i,Knee injury - Expected back 01 Jun,,4.9,333,55.0,0.1,423,156.0,0.0,723.0,252.0,0,0,0.0,-1,1.0,6,90,0.0,8.6,0.0,0.0,2.8,221.0,89.0,0.0,0.0,318.0,119.0,271.0,79.0,317.0,98.0,336.0,113.0,,,,,,,,0.02,0.08,0.1,1.04,0.0,0.39,1.26,1.16,6.3,32,0,0.0,0.0,0.0,0.0,0.0,0.0,0.0,0.0,0.0,0.0,0.0,0.0,0.0,0.0,11.0,115.0,0.0,0.0,0.0,0.0,0.0,0.0,0.0,0.0,0.0,0.0,0.0,0.0,0.0
376,Joe,Gomez,Gomez,i,Muscle injury - Unknown return date,,4.9,295,46.0,0.2,417,154.0,0.5,310.0,100.0,1,0,0.0,-1,1.0,151,289,0.1,6.3,0.0,1.0,1.8,377.0,142.0,0.0,100.0,361.0,138.0,314.0,104.0,375.0,129.0,379.0,133.0,,,,,,,,0.04,0.11,0.15,1.41,0.0,0.35,2.11,1.05,6.86,32,1,21.0,0.0,0.0,0.0,0.0,0.0,0.0,0.0,0.0,0.0,0.0,0.0,0.0,9.0,230.0,367.0,0.0,0.0,0.0,0.0,0.4499999999999993,6.599999999999994,0.19999999999998863,0.0,0.6999999999999993,3.0,0.0,2.0,3.0
377,Konstantinos,Tsimikas,Tsimikas,u,has joined AS Roma on loan for the rest of the season.,,4.8,354,58.0,0.0,598,214.0,0.0,691.0,249.0,0,0,0.0,-2,2.0,0,5,0.0,0.0,0.0,0.0,0.0,769.0,263.0,0.0,0.0,768.0,263.0,763.0,263.0,755.0,263.0,768.0,263.0,,,,,,,,0.0,0.0,0.0,0.0,0.0,0.0,0.0,0.0,0.0,32,0,0.0,0.0,0.0,0.0,0.0,0.0,0.0,0.0,0.0,0.0,0.0,0.0,0.0,0.0,0.0,6.0,0.0,0.0,0.0,0.0,0.0,0.0,0.0,0.0,0.0,0.0,0.0,0.0,0.0
11,Benjamin,White,White,a,,,5.1,224,30.0,0.5,271,102.0,1.0,246.0,81.0,1,0,0.0,-4,4.0,1067,1589,0.2,6.1,1.5,2.0,3.9,72.0,27.0,100.0,100.0,341.0,129.0,272.0,80.0,336.0,108.0,351.0,119.0,,,,,,,,0.08,0.09,0.17,1.36,0.0,0.56,1.12,1.12,8.37,32,1,75.0,0.0,0.0,0.0,2.0,0.0,0.0,0.0,0.0,0.0,0.0,1.0,0.0,13.0,3782.0,1887.0,0.0,0.020000000000000018,0.020000000000000018,0.039999999999999925,1.1799999999999997,20.19999999999999,12.299999999999997,2.0,3.5,2.0,7.0,3.0,9.0
13,Brayden,Clarke,Clarke,a,,,3.7,823,265.0,0.4,280,106.0,0.0,341.0,109.0,0,0,0.0,-3,3.0,1242,519,0.0,0.0,0.5,1.0,0.0,525.0,185.0,,,515.0,184.0,498.0,183.0,465.0,177.0,517.0,184.0,,,,,,,,0.0,0.0,0.0,0.0,0.0,0.0,0.0,0.0,0.0,32,0,0.0,0.0,0.0,0.0,0.0,0.0,0.0,0.0,0.0,0.0,0.0,0.0,0.0,0.0,1834.0,694.0,0.0,0.0,0.0,0.0,0.0,0.0,0.0,0.0,0.0,0.0,0.0,0.0,0.0
40,Tyrone,Mings,Mings,a,,,4.3,576,125.0,0.6,236,88.0,0.0,507.0,210.0,0,0,0.0,-2,2.0,204,3147,0.0,10.2,0.0,0.0,3.4,138.0,50.0,100.0,100.0,269.0,110.0,317.0,107.0,319.0,99.0,329.0,109.0,,,,,,,,0.09,0.03,0.12,1.64,0.0,0.28,1.4,1.03,7.48,32,0,0.0,0.0,0.0,0.0,0.0,0.0,0.0,0.0,0.0,0.0,0.0,0.0,0.0,0.0,433.0,4109.0,0.0,0.0,0.0,0.0,0.0,0.0,0.0,0.0,0.0,0.0,0.0,0.0,0.0
57,Lewis,Dobbin,Dobbin,u,Has joined Preston North End on loan for the rest of the season.,,5.0,261,158.0,0.0,670,269.0,0.0,736.0,310.0,0,0,0.0,0,0.0,0,1,0.0,0.0,0.0,0.0,0.0,792.0,347.0,0.0,0.0,791.0,346.0,789.0,346.0,784.0,344.0,791.0,346.0,,,,,,,,0.0,0.0,0.0,0.0,0.0,0.0,0.0,0.0,0.0,32,0,0.0,0.0,0.0,0.0,0.0,0.0,0.0,0.0,0.0,0.0,0.0,0.0,0.0,0.0,0.0,1.0,0.0,0.0,0.0,0.0,0.0,0.0,0.0,0.0,0.0,0.0,0.0,0.0,0.0
58,Boubacar,Kamara,Kamara,i,Knee injury - Expected back 01 Jun,,4.9,311,193.0,0.2,397,135.0,0.0,709.0,291.0,0,0,0.0,-1,1.0,11,286,0.0,12.4,0.0,0.0,3.4,143.0,60.0,0.0,0.0,194.0,80.0,150.0,101.0,295.0,158.0,217.0,106.0,,,,,,,,0.03,0.05,0.08,1.33,0.0,0.32,0.96,1.09,9.51,32,0,0.0,0.0,0.0,0.0,0.0,0.0,0.0,0.0,0.0,0.0,0.0,0.0,0.0,0.0,14.0,407.0,0.0,0.0,0.0,0.0,0.0,0.0,0.0,0.0,0.0,0.0,0.0,0.0,0.0
59,Amadou,Onana,Onana,a,,,4.8,364,226.0,0.7,230,83.0,4.0,81.0,29.0,3,0,0.0,-2,2.0,1309,1810,0.8,15.4,4.0,4.0,3.2,169.0,69.0,100.0,100.0,144.0,48.0,237.0,152.0,181.0,99.0,196.0,97.0,,,,,,,,0.08,0.04,0.12,1.46,0.0,0.33,1.26,1.09,11.47,32,3,90.0,0.0,0.0,0.0,1.0,0.0,0.0,0.0,0.0,0.0,0.0,1.0,1.0,21.0,2342.0,2518.0,0.0,0.020000000000000018,0.040000000000000036,0.06000000000000005,1.1500000000000021,21.80000000000001,15.100000000000009,7.0,4.3999999999999915,2.0,4.0,5.0,11.0
60,Ben,Broggio,Broggio,u,has joined Falkirk on loan for the rest of the season.,,4.4,564,339.0,0.2,356,121.0,0.0,576.0,197.0,0,0,0.0,-1,1.0,0,153,0.0,0.0,0.0,0.0,0.0,687.0,267.0,0.0,0.0,681.0,261.0,676.0,264.0,657.0,256.0,683.0,263.0,,,,,,,,0.0,0.0,0.0,0.0,0.0,0.0,0.0,0.0,0.0,32,0,0.0,0.0,0.0,0.0,0.0,0.0,0.0,0.0,0.0,0.0,0.0,0.0,0.0,0.0,0.0,209.0,0.0,0.0,0.0,0.0,0.0,0.0,0.0,0.0,0.0,0.0,0.0,0.0,0.0
61,Leander,Dendoncker,Dendoncker,u,Has joined Real Oviedo permanently.,,4.5,414,250.0,0.1,540,197.0,0.0,586.0,202.0,0,0,0.0,0,0.0,0,13,0.0,0.0,0.0,0.0,0.0,694.0,270.0,0.0,0.0,688.0,264.0,683.0,267.0,664.0,259.0,690.0,266.0,,,,,,,,0.0,0.0,0.0,0.0,0.0,0.0,0.0,0.0,0.0,32,0,0.0,0.0,0.0,0.0,0.0,0.0,0.0,0.0,0.0,0.0,0.0,0.0,0.0,0.0,0.0,16.0,0.0,0.0,0.0,0.0,0.0,0.0,0.0,0.0,0.0,0.0,0.0,0.0,0.0
62,Jamaldeen,Jimoh-Aloba,Jimoh-Aloba,u,has joined West Brom on loan for the rest of the season.,,4.5,472,288.0,0.1,566,210.0,0.0,633.0,237.0,0,0,0.0,0,0.0,0,44,0.0,0.2,0.0,0.0,1.0,482.0,216.0,0.0,0.0,510.0,233.0,485.0,237.0,706.0,293.0,512.0,235.0,,,,,,,,0.0,0.0,0.0,6.86,0.0,0.0,0.0,0.0,11.25,32,0,0.0,0.0,0.0,0.0,0.0,0.0,0.0,0.0,0.0,0.0,0.0,0.0,0.0,0.0,0.0,59.0,0.0,0.0,0.0,0.0,0.0,0.0,0.0,0.0,0.0,0.0,0.0,0.0,0.0
413,Omar,Marmoush,Marmoush,a,,,8.3,12,7.0,2.5,124,41.0,0.0,822.0,368.0,0,0,0.0,-2,2.0,2574,4754,0.0,4.8,0.5,0.0,2.4,295.0,129.0,100.0,100.0,340.0,155.0,227.0,146.0,124.0,74.0,272.0,137.0,4.0,1.0,2.0,,,,,0.35,0.11,0.46,1.05,0.0,0.48,0.8,1.11,5.09,32,0,0.0,0.0,0.0,0.0,0.0,0.0,0.0,0.0,0.0,0.0,0.0,0.0,0.0,0.0,3207.0,6542.0,0.0,0.0,0.0,0.0,0.0,0.0,0.0,0.0,0.0,0.0,0.0,0.0,0.0
414,Phil,Foden,Foden,a,,,8.0,15,10.0,7.9,48,16.0,1.0,285.0,136.0,1,0,0.0,0,0.0,4350,14867,0.1,14.1,2.5,1.0,4.2,55.0,24.0,100.0,100.0,80.0,25.0,8.0,8.0,45.0,27.0,19.0,15.0,5.0,,,,,,,0.26,0.2,0.46,1.11,0.0,0.49,0.79,1.04,6.82,32,1,14.0,0.0,0.0,0.0,0.0,0.0,0.0,0.0,0.0,0.0,0.0,0.0,0.0,6.0,5178.0,20146.0,0.0,0.0,0.03999999999999959,0.03999999999999915,0.620000000000001,8.599999999999966,24.700000000000045,4.0,3.6999999999999886,2.0,0.0,2.0,4.0
63,Kadan,Young,Young,u,has joined Reading on loan for the rest of the season.,,4.3,605,355.0,0.5,267,94.0,0.0,529.0,172.0,0,0,0.0,-2,2.0,0,957,0.0,0.0,0.0,0.0,0.0,658.0,248.0,0.0,0.0,648.0,238.0,644.0,243.0,621.0,232.0,650.0,240.0,,,,,,,,0.0,0.0,0.0,0.0,0.0,0.0,0.0,0.0,0.0,32,0,0.0,0.0,0.0,0.0,0.0,0.0,0.0,0.0,0.0,0.0,0.0,0.0,0.0,0.0,0.0,1345.0,0.0,0.0,0.0,0.0,0.0,0.0,0.0,0.0,0.0,0.0,0.0,0.0,0.0
64,Ollie,Watkins,Watkins,a,,,8.5,10,5.0,8.3,44,9.0,5.5,43.0,8.0,2,0,0.0,-5,5.0,49873,30256,0.6,13.1,5.5,5.5,3.6,117.0,9.0,100.0,100.0,125.0,12.0,138.0,9.0,5.0,4.0,31.0,7.0,,,3.0,,,,,0.41,0.04,0.45,1.42,0.0,0.34,1.17,1.06,3.11,32,2,86.0,0.0,0.0,0.0,1.0,0.0,0.0,0.0,0.0,0.0,0.0,1.0,0.0,2.0,70889.0,41631.0,0.0,0.2599999999999998,0.0,0.2599999999999998,1.1499999999999986,2.0,11.799999999999983,10.0,2.4000000000000057,1.0,1.0,1.0,3.0
203,Enock,Agyei,Boateng,a,,,4.7,395,246.0,0.0,594,224.0,0.0,687.0,276.0,0,0,0.0,-3,3.0,63,63,0.0,0.0,-1.5,-0.5,0.0,768.0,330.0,,,767.0,329.0,762.0,329.0,753.0,326.0,767.0,329.0,,,,,,,,0.0,0.0,0.0,0.0,0.0,0.0,0.0,0.0,0.0,32,0,0.0,0.0,0.0,0.0,0.0,0.0,0.0,0.0,0.0,0.0,0.0,0.0,0.0,0.0,104.0,90.0,0.0,0.0,0.0,0.0,0.0,0.0,0.0,0.0,0.0,0.0,0.0,0.0,0.0
443,Luke,Shaw,Shaw,a,,,4.5,413,77.0,0.7,219,84.0,1.5,187.0,63.0,0,0,0.0,0,0.0,1235,6094,0.3,17.1,1.5,2.0,2.4,280.0,105.0,100.0,100.0,117.0,51.0,121.0,31.0,301.0,91.0,157.0,52.0,,,,,,,,0.02,0.05,0.07,1.24,0.0,0.2,1.36,1.06,5.85,32,0,90.0,0.0,0.0,0.0,2.0,0.0,0.0,0.0,1.0,0.0,0.0,1.0,0.0,5.0,5132.0,7535.0,0.0,0.030000000000000027,0.040000000000000036,0.07000000000000028,2.3699999999999974,12.0,14.800000000000011,9.0,3.6000000000000085,2.0,3.0,3.0,5.0
446,Tyler,Fredricson,Fredricson,a,,,3.7,822,264.0,0.2,415,153.0,0.0,340.0,108.0,0,0,0.0,-3,3.0,289,240,0.0,0.3,0.0,0.5,1.0,451.0,162.0,,,483.0,172.0,497.0,182.0,464.0,176.0,498.0,175.0,,,,,,,,0.0,0.0,0.0,13.5,0.0,0.0,0.0,0.0,90.0,32,0,0.0,0.0,0.0,0.0,0.0,0.0,0.0,0.0,0.0,0.0,0.0,0.0,0.0,0.0,404.0,334.0,0.0,0.0,0.0,0.0,0.0,0.0,0.0,0.0,0.0,0.0,0.0,0.0,0.0
447,Ayden,Heaven,Heaven,a,,,3.7,825,267.0,2.1,137,55.0,0.5,287.0,89.0,0,0,0.0,-3,3.0,5137,11184,0.1,7.6,0.5,1.0,2.0,332.0,120.0,100.0,100.0,298.0,114.0,388.0,140.0,373.0,127.0,370.0,128.0,,,,,,,,0.05,0.02,0.07,1.12,0.0,0.14,1.66,1.11,10.11,32,0,0.0,0.0,0.0,0.0,0.0,0.0,0.0,0.0,0.0,0.0,0.0,0.0,0.0,0.0,8785.0,18036.0,0.0,0.0,0.0,0.0,0.0,0.0,0.0,0.0,0.0,0.0,0.0,0.0,0.0
467,Chido,Obi,Obi,a,,,4.2,647,90.0,1.4,164,23.0,0.0,502.0,50.0,0,0,0.0,-3,3.0,288,2628,0.0,0.0,0.0,0.5,0.0,649.0,64.0,,,641.0,64.0,635.0,63.0,609.0,63.0,643.0,64.0,,,,,,,,0.0,0.0,0.0,0.0,0.0,0.0,0.0,0.0,0.0,32,0,0.0,0.0,0.0,0.0,0.0,0.0,0.0,0.0,0.0,0.0,0.0,0.0,0.0,0.0,414.0,4757.0,0.0,0.0,0.0,0.0,0.0,0.0,0.0,0.0,0.0,0.0,0.0,0.0,0.0
483,Miodrag,Pivaš,Pivas,a,,,3.8,813,256.0,0.4,299,111.0,0.0,364.0,129.0,0,0,0.0,-2,2.0,164,455,0.0,0.0,0.0,0.0,0.0,540.0,198.0,,,530.0,197.0,515.0,197.0,483.0,192.0,532.0,197.0,,,,,,,,0.0,0.0,0.0,0.0,0.0,0.0,0.0,0.0,0.0,32,0,0.0,0.0,0.0,0.0,0.0,0.0,0.0,0.0,0.0,0.0,0.0,0.0,0.0,0.0,248.0,616.0,0.0,0.0,0.0,0.0,0.0,0.0,0.0,0.0,0.0,0.0,0.0,0.0,0.0
761,Freddie,Simmonds,Simmonds,a,,,4.0,730,202.0,0.0,693,244.0,0.0,470.0,183.0,0,0,0.0,0,0.0,85,42,0.0,0.0,-0.5,0.5,0.0,631.0,241.0,,,622.0,241.0,614.0,241.0,584.0,238.0,624.0,241.0,,,,,,,,0.0,0.0,0.0,0.0,0.0,0.0,0.0,0.0,0.0,32,0,0.0,0.0,0.0,0.0,0.0,0.0,0.0,0.0,0.0,0.0,0.0,0.0,0.0,0.0,98.0,58.0,0.0,0.0,0.0,0.0,0.0,0.0,0.0,0.0,0.0,0.0,0.0,0.0,0.0
783,Pascal,Groß,Groß,a,,,5.5,133,82.0,2.7,122,39.0,4.0,88.0,35.0,6,0,0.0,0,0.0,54534,4424,0.7,8.9,7.5,4.5,3.8,82.0,36.0,,,223.0,94.0,58.0,47.0,245.0,134.0,156.0,82.0,1.0,,,,,,,0.06,0.21,0.27,1.08,0.0,0.33,0.66,0.99,8.7,32,6,90.0,0.0,1.0,1.0,0.0,0.0,0.0,0.0,0.0,0.0,0.0,1.0,0.0,31.0,182386.0,27360.0,0.0,0.0,0.19999999999999973,0.20000000000000018,0.879999999999999,38.20000000000002,51.30000000000001,2.0,9.200000000000003,2.0,2.0,5.0,9.0
789,Max,Merrick,Merrick,a,,,4.0,709,62.0,0.0,755,86.0,0.0,449.0,74.0,0,0,0.0,0,0.0,14,16,0.0,0.0,0.5,0.0,0.0,612.0,83.0,,,603.0,83.0,595.0,71.0,564.0,58.0,605.0,83.0,,,,,,,,0.0,0.0,0.0,0.0,0.0,0.0,0.0,0.0,0.0,32,0,0.0,0.0,0.0,0.0,0.0,0.0,0.0,0.0,0.0,0.0,0.0,0.0,0.0,0.0,16.0,18.0,0.0,0.0,0.0,0.0,0.0,0.0,0.0,0.0,0.0,0.0,0.0,0.0,0.0
818,James,Wilson,Wilson,a,,,4.5,502,71.0,0.0,653,84.0,0.0,663.0,69.0,0,0,0.0,0,0.0,285,259,0.0,0.0,0.0,0.0,0.0,752.0,81.0,,,751.0,81.0,744.0,80.0,731.0,80.0,751.0,81.0,,,,,,,,0.0,0.0,0.0,0.0,0.0,0.0,0.0,0.0,0.0,32,0,0.0,0.0,0.0,0.0,0.0,0.0,0.0,0.0,0.0,0.0,0.0,0.0,0.0,0.0,455.0,324.0,0.0,0.0,0.0,0.0,0.0,0.0,0.0,0.0,0.0,0.0,0.0,0.0,0.0
326,Adama,Traoré Diarra,Adama,a,,,5.1,222,136.0,0.2,412,143.0,1.0,245.0,113.0,1,0,0.0,-4,4.0,163,371,0.2,4.7,1.0,1.5,1.0,501.0,231.0,100.0,100.0,439.0,194.0,318.0,176.0,304.0,162.0,398.0,182.0,,,,,,,,0.17,0.14,0.31,2.06,0.0,0.0,2.75,0.25,4.25,32,1,12.0,0.0,0.0,0.0,0.0,0.0,0.0,0.0,0.0,0.0,0.0,0.0,0.0,-1.0,540.0,451.0,0.0,0.3499999999999999,0.0,0.35,0.120000000000001,0.0,0.20000000000000284,4.0,0.1999999999999993,0.0,0.0,0.0,0.0
600,Alphonse,Areola,Areola,a,,,4.2,627,30.0,1.9,139,18.0,0.0,490.0,80.0,0,-1,1.0,-3,3.0,874,4809,0.0,12.1,0.0,0.5,2.5,264.0,27.0,100.0,100.0,59.0,12.0,427.0,7.0,600.0,66.0,239.0,12.0,,,,,,,,0.0,0.0,0.0,1.76,3.85,0.0,1.85,1.0,0.0,32,0,0.0,0.0,0.0,0.0,0.0,0.0,0.0,0.0,0.0,0.0,0.0,0.0,0.0,0.0,1913.0,6827.0,0.0,0.0,0.0,0.0,0.0,0.0,0.0,0.0,0.0,0.0,0.0,0.0,0.0
273,Adam,Wharton,Wharton,d,Groin Injury - 75% chance of playing,,5.0,268,163.0,0.6,246,88.0,1.0,242.0,111.0,1,0,0.0,0,0.0,708,3390,0.2,18.4,0.8,1.0,3.3,159.0,65.0,75.0,100.0,151.0,52.0,30.0,28.0,202.0,112.0,86.0,52.0,2.0,,,,,,,0.05,0.25,0.3,1.37,0.0,0.33,1.36,1.07,10.47,32,1,26.0,0.0,0.0,0.0,0.0,0.0,0.0,0.0,0.0,0.0,0.0,0.0,0.0,4.0,1390.0,4300.0,0.0,0.0,0.010000000000000675,0.009999999999999787,0.01999999999999602,5.800000000000011,0.2999999999999545,0.0,0.5999999999999943,0.0,3.0,1.0,4.0
274,Asher,Agbinone,Agbinone,a,,,4.3,611,360.0,0.1,493,174.0,0.0,535.0,177.0,0,0,0.0,-2,2.0,97,415,0.0,0.0,0.0,0.0,0.0,662.0,252.0,,,652.0,242.0,648.0,247.0,625.0,236.0,654.0,244.0,,,,,,,,0.0,0.0,0.0,0.0,0.0,0.0,0.0,0.0,0.0,32,0,0.0,0.0,0.0,0.0,0.0,0.0,0.0,0.0,0.0,0.0,0.0,0.0,0.0,0.0,184.0,557.0,0.0,0.0,0.0,0.0,0.0,0.0,0.0,0.0,0.0,0.0,0.0,0.0,0.0
679,Mads,Hermansen,Hermansen,a,,,4.2,637,34.0,0.5,276,35.0,4.5,59.0,8.0,7,0,0.0,-3,3.0,2637,2072,1.1,12.4,4.5,5.0,4.3,42.0,4.0,,,210.0,23.0,630.0,81.0,604.0,70.0,347.0,23.0,,,,,,,,0.0,0.0,0.0,1.25,3.42,0.42,1.67,1.0,0.0,32,7,90.0,0.0,0.0,1.0,0.0,0.0,0.0,0.0,0.0,0.0,4.0,1.0,0.0,27.0,5176.0,3049.0,0.0,0.0,0.0,0.0,0.5899999999999999,24.600000000000023,0.0,0.0,2.5,0.0,1.0,5.0,0.0
708,Mateus Gonçalo,Espanha Fernandes,M.Fernandes,a,,,5.5,150,95.0,0.4,291,102.0,2.0,167.0,71.0,2,0,0.0,0,0.0,1480,6962,0.4,19.8,2.0,2.5,3.6,112.0,51.0,100.0,100.0,74.0,22.0,34.0,31.0,249.0,138.0,74.0,46.0,4.0,,,,,,,0.05,0.09,0.14,1.43,0.0,0.22,1.53,1.05,10.86,32,2,84.0,0.0,0.0,1.0,0.0,0.0,0.0,0.0,1.0,0.0,0.0,1.0,0.0,12.0,7331.0,8282.0,0.0,0.0,0.21999999999999975,0.21999999999999975,0.46000000000000085,6.2000000000000455,39.60000000000002,0.0,4.599999999999994,1.0,0.0,3.0,4.0
718,Soungoutou,Magassa,S.Magassa,a,,,5.0,277,171.0,0.0,660,262.0,1.0,244.0,112.0,1,0,0.0,0,0.0,20,75,0.2,8.2,1.0,1.5,2.0,344.0,149.0,,,296.0,129.0,303.0,174.0,342.0,178.0,342.0,167.0,,,,,,,,0.04,0.03,0.07,1.76,0.0,0.19,2.14,1.02,11.7,32,1,5.0,0.0,0.0,0.0,0.0,0.0,0.0,0.0,0.0,0.0,0.0,0.0,0.0,3.0,53.0,104.0,0.0,0.0,0.0,0.0,0.120000000000001,1.200000000000017,0.29999999999999716,0.0,0.1999999999999993,0.0,0.0,2.0,2.0
738,Lukasz,Fabianski,Fabianski,a,,,4.5,408,21.0,0.0,641,80.0,0.0,584.0,87.0,0,0,0.0,0,0.0,24,38,0.0,0.0,0.0,0.1,0.0,692.0,92.0,100.0,25.0,686.0,92.0,681.0,85.0,662.0,75.0,688.0,92.0,,,,,,,,0.0,0.0,0.0,0.0,0.0,0.0,0.0,0.0,0.0,32,0,0.0,0.0,0.0,0.0,0.0,0.0,0.0,0.0,0.0,0.0,0.0,0.0,0.0,0.0,28.0,49.0,0.0,0.0,0.0,0.0,0.0,0.0,0.0,0.0,0.0,0.0,0.0,0.0,0.0
747,Ezra,Mayers,Mayers,a,,,4.0,729,201.0,0.0,626,224.0,0.0,469.0,182.0,0,0,0.0,0,0.0,36,66,0.0,1.5,0.0,0.5,1.0,459.0,168.0,,,450.0,166.0,376.0,134.0,419.0,158.0,441.0,158.0,,,,,,,,0.1,0.39,0.49,2.56,0.0,0.0,2.39,0.0,3.98,32,0,0.0,0.0,0.0,0.0,0.0,0.0,0.0,0.0,0.0,0.0,0.0,0.0,0.0,0.0,49.0,79.0,0.0,0.0,0.0,0.0,0.0,0.0,0.0,0.0,0.0,0.0,0.0,0.0,0.0
752,Airidas,Golambeckis,Golambeckis,a,,,4.0,739,211.0,0.0,642,229.0,0.0,479.0,192.0,0,0,0.0,0,0.0,50,58,0.0,0.0,0.0,0.5,0.0,637.0,247.0,,,628.0,247.0,620.0,247.0,591.0,245.0,630.0,247.0,,,,,,,,0.0,0.0,0.0,0.0,0.0,0.0,0.0,0.0,0.0,32,0,0.0,0.0,0.0,0.0,0.0,0.0,0.0,0.0,0.0,0.0,0.0,0.0,0.0,0.0,70.0,80.0,0.0,0.0,0.0,0.0,0.0,0.0,0.0,0.0,0.0,0.0,0.0,0.0,0.0
758,Mohamadou,Kanté,Mohamadou Kanté,a,,,4.5,507,315.0,0.0,734,307.0,0.5,302.0,140.0,0,0,0.0,0,0.0,54,58,0.1,1.6,0.5,1.0,0.9,510.0,238.0,,,464.0,206.0,420.0,209.0,423.0,205.0,466.0,210.0,,,,,,,,0.2,0.08,0.28,2.78,0.0,0.0,0.0,0.0,30.94,32,0,0.0,0.0,0.0,0.0,0.0,0.0,0.0,0.0,0.0,0.0,0.0,0.0,0.0,0.0,116.0,82.0,0.0,0.0,0.0,0.0,0.0,0.0,0.0,0.0,0.0,0.0,0.0,0.0,0.0
293,Jake,O'Brien,O'Brien,a,,,4.9,334,56.0,0.6,237,89.0,5.0,51.0,16.0,4,0,0.0,-1,1.0,1749,4195,1.0,21.6,4.5,5.0,3.4,144.0,54.0,100.0,100.0,90.0,39.0,158.0,39.0,225.0,59.0,145.0,47.0,,,,,,,,0.03,0.03,0.06,1.55,0.0,0.34,1.19,0.99,6.86,32,4,90.0,0.0,1.0,0.0,2.0,0.0,0.0,0.0,0.0,0.0,0.0,1.0,0.0,10.0,3399.0,6452.0,0.0,0.10999999999999999,0.010000000000000009,0.1200000000000001,2.8400000000000034,16.400000000000034,2.5,4.0,2.299999999999997,1.0,5.0,5.0,6.0
294,Séamus,Coleman,Coleman,a,,,4.2,625,140.0,0.1,492,177.0,0.0,489.0,200.0,0,0,0.0,-3,3.0,78,67,0.0,0.7,-0.5,0.0,1.0,463.0,171.0,100.0,100.0,634.0,251.0,487.0,176.0,598.0,249.0,636.0,251.0,,,,,,,,0.0,0.0,0.0,1.96,0.0,0.0,0.0,8.18,0.0,32,0,0.0,0.0,0.0,0.0,0.0,0.0,0.0,0.0,0.0,0.0,0.0,0.0,0.0,0.0,117.0,82.0,0.0,0.0,0.0,0.0,0.0,0.0,0.0,0.0,0.0,0.0,0.0,0.0,0.0
663,Jhon,Arias,J.Arias,u,has joined Palmeiras permanently.,,4.9,314,195.0,0.1,443,150.0,0.0,710.0,292.0,0,0,0.0,-6,6.0,0,60,0.0,9.2,0.0,0.0,2.0,343.0,148.0,0.0,0.0,304.0,134.0,174.0,115.0,206.0,114.0,262.0,131.0,,,,,,,,0.27,0.05,0.32,1.29,0.0,0.16,1.69,1.13,10.07,32,0,0.0,0.0,0.0,0.0,0.0,0.0,0.0,0.0,0.0,0.0,0.0,0.0,0.0,0.0,0.0,91.0,0.0,0.0,0.0,0.0,0.0,0.0,0.0,0.0,0.0,0.0,0.0,0.0,0.0
682,David,Møller Wolfe,Møller Wolfe,a,,,4.2,638,147.0,0.1,550,198.0,0.0,493.0,201.0,0,0,0.0,-3,3.0,32,65,0.0,6.9,-0.5,-0.5,1.6,399.0,148.0,,,332.0,127.0,264.0,75.0,337.0,109.0,348.0,117.0,,,,,,,,0.01,0.11,0.12,1.88,0.0,0.11,2.15,0.97,4.61,32,0,0.0,0.0,0.0,0.0,0.0,0.0,0.0,0.0,0.0,0.0,0.0,0.0,0.0,0.0,48.0,85.0,0.0,0.0,0.0,0.0,0.0,0.0,0.0,0.0,0.0,0.0,0.0,0.0,0.0
1,David,Raya Martín,Raya,a,,,6.0,85,1.0,32.2,8,1.0,1.0,267.0,23.0,1,0,0.0,5,-5.0,23512,115877,0.2,21.7,1.5,2.0,4.1,56.0,6.0,,,113.0,18.0,379.0,3.0,817.0,95.0,276.0,16.0,,,,,,,,0.0,0.0,0.0,0.73,1.59,0.47,0.75,1.0,0.0,32,1,90.0,0.0,0.0,0.0,2.0,0.0,0.0,0.0,0.0,0.0,1.0,1.0,0.0,8.0,60488.0,206843.0,0.0,0.0,0.0,0.0,1.1899999999999977,14.399999999999977,0.0,0.0,1.3999999999999986,0.0,0.0,12.0,0.0
3,Karl,Hein,Hein,u,Has joined Werder Bremen on loan for the rest of the season.,,4.0,688,53.0,0.2,378,53.0,0.0,430.0,66.0,0,0,0.0,0,0.0,0,45,0.0,0.0,0.0,0.0,0.0,598.0,75.0,0.0,0.0,588.0,75.0,579.0,62.0,548.0,49.0,590.0,75.0,,,,,,,,0.0,0.0,0.0,0.0,0.0,0.0,0.0,0.0,0.0,32,0,0.0,0.0,0.0,0.0,0.0,0.0,0.0,0.0,0.0,0.0,0.0,0.0,0.0,0.0,0.0,59.0,0.0,0.0,0.0,0.0,0.0,0.0,0.0,0.0,0.0,0.0,0.0,0.0,0.0
5,Gabriel,dos Santos Magalhães,Gabriel,a,,,7.1,34,1.0,40.2,5,1.0,4.0,91.0,33.0,4,-1,1.0,11,-11.0,48776,157732,0.6,24.9,4.5,5.0,6.8,2.0,1.0,100.0,100.0,29.0,10.0,266.0,76.0,130.0,24.0,94.0,25.0,,,,,,,,0.08,0.07,0.15,0.68,0.0,0.56,0.68,1.0,9.26,32,4,90.0,0.0,1.0,0.0,2.0,0.0,0.0,0.0,0.0,0.0,0.0,1.0,0.0,12.0,136865.0,203298.0,0.0,0.08000000000000007,0.010000000000000009,0.0900000000000003,1.1900000000000013,16.0,0.5999999999999943,21.0,3.799999999999997,1.0,7.0,5.0,8.0
6,William,Saliba,Saliba,a,,,6.1,83,4.0,13.4,24,9.0,1.0,269.0,87.0,1,0,0.0,1,-1.0,24212,53065,0.2,17.7,1.5,2.0,4.2,52.0,21.0,100.0,100.0,118.0,52.0,204.0,53.0,293.0,87.0,200.0,67.0,,,,,,,,0.04,0.03,0.07,0.68,0.0,0.46,0.75,1.04,6.49,32,1,90.0,0.0,0.0,0.0,2.0,0.0,0.0,0.0,0.0,0.0,0.0,1.0,0.0,12.0,82051.0,63533.0,0.0,0.0,0.0,0.0,1.1899999999999995,16.599999999999966,10.799999999999983,2.0,2.8999999999999915,1.0,5.0,2.0,6.0
7,Riccardo,Calafiori,Calafiori,d,Knock - 75% chance of playing,,5.6,131,13.0,6.0,66,21.0,0.0,794.0,265.0,0,0,0.0,1,-1.0,777,17034,0.0,16.6,0.4,1.0,4.2,50.0,20.0,75.0,100.0,248.0,98.0,246.0,66.0,114.0,16.0,229.0,78.0,,,,,,,,0.18,0.03,0.21,0.56,0.0,0.68,0.5,1.12,5.91,32,0,0.0,0.0,0.0,0.0,0.0,0.0,0.0,0.0,0.0,0.0,0.0,0.0,0.0,0.0,10406.0,18942.0,0.0,0.0,0.0,0.0,0.0,0.0,0.0,0.0,0.0,0.0,0.0,0.0,0.0
8,Jurriën,Timber,J.Timber,d,Ankle injury - 75% chance of playing,,6.2,75,3.0,21.5,14,5.0,0.0,806.0,267.0,0,-1,1.0,7,-7.0,3236,348646,0.0,24.0,0.4,0.8,5.0,16.0,5.0,75.0,75.0,87.0,38.0,68.0,13.0,73.0,6.0,61.0,9.0,,,,,,,,0.17,0.06,0.23,0.64,0.0,0.48,0.73,1.03,5.43,32,0,0.0,0.0,0.0,0.0,0.0,0.0,0.0,0.0,0.0,0.0,0.0,0.0,0.0,0.0,6185.0,493616.0,0.0,0.0,0.0,0.0,0.0,0.0,0.0,0.0,0.0,0.0,0.0,0.0,0.0
757,Ronnie,Hollingshead,Hollingshead,a,,,4.0,708,61.0,0.0,705,83.0,0.0,448.0,73.0,0,0,0.0,0,0.0,22,24,0.0,0.0,0.0,0.0,0.0,611.0,82.0,,,602.0,82.0,594.0,70.0,563.0,57.0,604.0,82.0,,,,,,,,0.0,0.0,0.0,0.0,0.0,0.0,0.0,0.0,0.0,32,0,0.0,0.0,0.0,0.0,0.0,0.0,0.0,0.0,0.0,0.0,0.0,0.0,0.0,0.0,27.0,28.0,0.0,0.0,0.0,0.0,0.0,0.0,0.0,0.0,0.0,0.0,0.0,0.0,0.0
768,Leon,Routh,Leon Routh,a,,,4.0,741,213.0,0.0,696,246.0,0.0,481.0,194.0,0,0,0.0,0,0.0,10,24,0.0,0.0,0.0,0.0,0.0,639.0,249.0,,,630.0,249.0,622.0,249.0,593.0,247.0,632.0,249.0,,,,,,,,0.0,0.0,0.0,0.0,0.0,0.0,0.0,0.0,0.0,32,0,0.0,0.0,0.0,0.0,0.0,0.0,0.0,0.0,0.0,0.0,0.0,0.0,0.0,0.0,16.0,27.0,0.0,0.0,0.0,0.0,0.0,0.0,0.0,0.0,0.0,0.0,0.0,0.0,0.0
781,TJ,Carroll,Carroll,a,,,4.0,734,206.0,0.0,704,248.0,0.0,474.0,187.0,0,0,0.0,0,0.0,28,33,0.0,0.0,0.0,0.0,0.0,634.0,244.0,,,625.0,244.0,617.0,244.0,587.0,241.0,627.0,244.0,,,,,,,,0.0,0.0,0.0,0.0,0.0,0.0,0.0,0.0,0.0,32,0,0.0,0.0,0.0,0.0,0.0,0.0,0.0,0.0,0.0,0.0,0.0,0.0,0.0,0.0,39.0,37.0,0.0,0.0,0.0,0.0,0.0,0.0,0.0,0.0,0.0,0.0,0.0,0.0,0.0
183,Max,Weiß,Weiss,a,,,4.2,642,35.0,0.1,447,66.0,0.0,497.0,83.0,0,-1,1.0,-3,3.0,173,185,0.0,0.0,-1.5,-0.5,0.0,646.0,91.0,,,638.0,91.0,632.0,82.0,606.0,71.0,640.0,91.0,,,,,,,,0.0,0.0,0.0,0.0,0.0,0.0,0.0,0.0,0.0,32,0,0.0,0.0,0.0,0.0,0.0,0.0,0.0,0.0,0.0,0.0,0.0,0.0,0.0,0.0,223.0,241.0,0.0,0.0,0.0,0.0,0.0,0.0,0.0,0.0,0.0,0.0,0.0,0.0,0.0
184,Etienne,Green,Green,u,has joined FC Fredericia permanently.,,4.0,693,56.0,0.2,405,58.0,0.0,435.0,69.0,0,0,0.0,0,0.0,0,83,0.0,0.0,0.0,0.0,0.0,602.0,78.0,0.0,0.0,592.0,78.0,583.0,65.0,552.0,52.0,594.0,78.0,,,,,,,,0.0,0.0,0.0,0.0,0.0,0.0,0.0,0.0,0.0,32,0,0.0,0.0,0.0,0.0,0.0,0.0,0.0,0.0,0.0,0.0,0.0,0.0,0.0,0.0,0.0,117.0,0.0,0.0,0.0,0.0,0.0,0.0,0.0,0.0,0.0,0.0,0.0,0.0,0.0
88,Lewis,Cook,Cook,d,Lack of match fitness - 25% chance of playing,,4.9,290,179.0,0.0,627,242.0,0.0,699.0,284.0,0,0,0.0,-1,1.0,17,179,0.0,7.8,0.0,0.0,2.4,287.0,123.0,25.0,0.0,275.0,114.0,193.0,127.0,407.0,199.0,308.0,153.0,4.0,,,,,,,0.01,0.05,0.06,1.4,0.0,0.1,1.86,0.83,14.79,32,0,0.0,0.0,0.0,0.0,0.0,0.0,0.0,0.0,0.0,0.0,0.0,0.0,0.0,0.0,26.0,237.0,0.0,0.0,0.0,0.0,0.0,0.0,0.0,0.0,0.0,0.0,0.0,0.0,0.0
89,Philip,Billing,Philip,u,has joined Midtjylland permanently.,,4.9,293,182.0,0.0,680,274.0,0.0,701.0,286.0,0,0,0.0,-1,1.0,0,2,0.0,0.0,0.0,0.0,0.0,773.0,332.0,0.0,0.0,772.0,331.0,768.0,331.0,764.0,329.0,772.0,331.0,,,,,,,,0.0,0.0,0.0,0.0,0.0,0.0,0.0,0.0,0.0,32,0,0.0,0.0,0.0,0.0,0.0,0.0,0.0,0.0,0.0,0.0,0.0,0.0,0.0,0.0,0.0,2.0,0.0,0.0,0.0,0.0,0.0,0.0,0.0,0.0,0.0,0.0,0.0,0.0,0.0
90,Alex,Scott,Scott,a,,,5.0,272,166.0,4.1,92,30.0,7.0,17.0,7.0,12,0,0.0,0,0.0,232661,5764,1.4,24.0,14.0,6.0,3.8,80.0,34.0,100.0,100.0,78.0,23.0,75.0,58.0,94.0,57.0,75.0,47.0,3.0,6.0,,,,,,0.14,0.07,0.21,1.54,0.0,0.34,1.39,1.09,12.05,32,12,90.0,1.0,0.0,0.0,1.0,0.0,0.0,0.0,0.0,0.0,0.0,1.0,3.0,33.0,245817.0,13766.0,0.0,0.3900000000000001,0.050000000000000044,0.4400000000000004,2.3200000000000003,54.39999999999998,12.400000000000034,20.0,8.700000000000003,1.0,4.0,8.0,13.0
101,Caoimhín,Kelleher,Kelleher,a,,,4.8,353,12.0,12.3,29,5.0,5.5,34.0,4.0,2,0,0.0,3,-3.0,20942,49091,1.1,24.2,5.5,5.5,3.7,93.0,13.0,100.0,100.0,19.0,5.0,392.0,4.0,754.0,84.0,176.0,6.0,,,,,,,,0.0,0.01,0.01,1.38,2.74,0.26,1.32,1.0,0.0,32,2,90.0,0.0,0.0,0.0,2.0,0.0,0.0,0.0,0.0,0.0,4.0,1.0,0.0,14.0,34730.0,91269.0,0.0,0.0,0.0,0.0,1.5300000000000011,37.60000000000002,0.0,0.0,3.8000000000000114,0.0,3.0,5.0,0.0
111,Ethan,Pinnock,Pinnock,a,,,4.2,633,144.0,0.1,441,166.0,5.0,46.0,13.0,0,0,0.0,-3,3.0,477,591,1.2,3.3,5.0,5.0,3.5,118.0,41.0,100.0,100.0,379.0,144.0,469.0,170.0,362.0,121.0,416.0,147.0,,,,,,,,0.0,0.02,0.02,1.05,0.0,0.28,1.42,1.13,11.89,32,0,0.0,0.0,0.0,0.0,0.0,0.0,0.0,0.0,0.0,0.0,0.0,0.0,0.0,0.0,1496.0,726.0,0.0,0.0,0.0,0.0,0.0,0.0,0.0,0.0,0.0,0.0,0.0,0.0,0.0
112,Mads,Roerslev Rasmussen,Roerslev,u,Has joined Southampton permanently.,,4.5,426,86.0,0.0,720,250.0,0.0,594.0,238.0,0,0,0.0,0,0.0,0,0,0.0,0.0,0.0,0.0,0.0,700.0,259.0,0.0,0.0,694.0,259.0,689.0,259.0,671.0,259.0,696.0,259.0,,,,,,,,0.0,0.0,0.0,0.0,0.0,0.0,0.0,0.0,0.0,32,0,0.0,0.0,0.0,0.0,0.0,0.0,0.0,0.0,0.0,0.0,0.0,0.0,0.0,0.0,0.0,1.0,0.0,0.0,0.0,0.0,0.0,0.0,0.0,0.0,0.0,0.0,0.0,0.0,0.0
124,Jordan,Henderson,Henderson,i,Knock - Expected back 02 May,,5.0,242,146.0,0.3,316,111.0,2.5,135.0,54.0,0,0,0.0,0,0.0,60,2121,0.5,15.0,0.0,2.5,2.6,250.0,101.0,0.0,100.0,192.0,79.0,91.0,67.0,338.0,176.0,194.0,95.0,,,,,,,,0.02,0.11,0.13,1.29,0.0,0.3,1.29,1.04,8.83,32,0,0.0,0.0,0.0,0.0,0.0,0.0,0.0,0.0,0.0,0.0,0.0,0.0,0.0,0.0,344.0,2398.0,0.0,0.0,0.0,0.0,0.0,0.0,0.0,0.0,0.0,0.0,0.0,0.0,0.0
144,Diego,Coppola,Coppola,u,has joined Paris FC on loan for the rest of the season.,,4.2,645,151.0,0.0,604,215.0,0.0,500.0,205.0,0,0,0.0,-3,3.0,0,29,0.0,2.4,0.0,0.0,2.0,338.0,125.0,0.0,0.0,423.0,158.0,452.0,163.0,444.0,167.0,456.0,164.0,,,,,,,,0.0,0.0,0.0,2.11,0.0,0.47,1.4,0.93,8.39,32,0,0.0,0.0,0.0,0.0,0.0,0.0,0.0,0.0,0.0,0.0,0.0,0.0,0.0,0.0,0.0,37.0,0.0,0.0,0.0,0.0,0.0,0.0,0.0,0.0,0.0,0.0,0.0,0.0,0.0
137,Iwan,Morgan,Morgan,u,has joined Shrewsbury on loan for the rest of the season.,,4.4,555,77.0,0.3,332,52.0,0.0,569.0,58.0,0,0,0.0,-1,1.0,0,159,0.0,0.0,0.0,0.0,0.0,681.0,70.0,0.0,0.0,674.0,70.0,669.0,69.0,650.0,69.0,676.0,70.0,,,,,,,,0.0,0.0,0.0,0.0,0.0,0.0,0.0,0.0,0.0,32,0,0.0,0.0,0.0,0.0,0.0,0.0,0.0,0.0,0.0,0.0,0.0,0.0,0.0,0.0,0.0,213.0,0.0,0.0,0.0,0.0,0.0,0.0,0.0,0.0,0.0,0.0,0.0,0.0,0.0
748,Josh,Dasilva,Dasilva,d,Lack of match fitness - 25% chance of playing,,4.9,297,184.0,0.0,813,360.0,0.0,703.0,288.0,0,0,0.0,-1,1.0,3,3,0.0,0.0,0.0,0.0,0.0,774.0,333.0,25.0,0.0,773.0,332.0,769.0,332.0,765.0,330.0,773.0,332.0,,,,,,,,0.0,0.0,0.0,0.0,0.0,0.0,0.0,0.0,0.0,32,0,0.0,0.0,0.0,0.0,0.0,0.0,0.0,0.0,0.0,0.0,0.0,0.0,0.0,0.0,6.0,5.0,0.0,0.0,0.0,0.0,0.0,0.0,0.0,0.0,0.0,0.0,0.0,0.0,0.0
819,Ollie,Shield,Shield,a,,,4.0,696,178.0,0.0,766,259.0,0.0,438.0,160.0,0,0,0.0,0,0.0,26,36,0.0,0.0,0.0,0.0,0.0,605.0,223.0,,,595.0,222.0,586.0,222.0,555.0,218.0,597.0,222.0,,,,,,,,0.0,0.0,0.0,0.0,0.0,0.0,0.0,0.0,0.0,32,0,0.0,0.0,0.0,0.0,0.0,0.0,0.0,0.0,0.0,0.0,0.0,0.0,0.0,0.0,37.0,45.0,0.0,0.0,0.0,0.0,0.0,0.0,0.0,0.0,0.0,0.0,0.0,0.0,0.0
823,Joshua,Stephenson,Stephenson,a,,,4.0,740,212.0,0.0,808,267.0,0.0,480.0,193.0,0,0,0.0,0,0.0,22,14,0.0,0.0,0.0,0.0,0.0,638.0,248.0,,,629.0,248.0,621.0,248.0,592.0,246.0,631.0,248.0,,,,,,,,0.0,0.0,0.0,0.0,0.0,0.0,0.0,0.0,0.0,32,0,0.0,0.0,0.0,0.0,0.0,0.0,0.0,0.0,0.0,0.0,0.0,0.0,0.0,0.0,30.0,14.0,0.0,0.0,0.0,0.0,0.0,0.0,0.0,0.0,0.0,0.0,0.0,0.0,0.0
444,Leny,Yoro,Yoro,a,,,4.1,657,158.0,1.3,171,67.0,2.0,141.0,54.0,3,0,0.0,-4,4.0,1185,2785,0.5,12.9,2.0,2.5,1.8,368.0,137.0,,,199.0,78.0,304.0,96.0,234.0,61.0,260.0,84.0,,,,,,,,0.07,0.03,0.1,1.4,0.0,0.11,1.7,0.96,8.01,32,3,90.0,0.0,0.0,0.0,2.0,0.0,0.0,0.0,0.0,0.0,0.0,1.0,0.0,15.0,2942.0,3562.0,0.0,0.20000000000000018,0.18999999999999995,0.3899999999999999,2.370000000000001,29.400000000000034,12.799999999999997,25.0,6.699999999999996,0.0,15.0,8.0,15.0
445,Harry,Amass,Amass,u,has joined Norwich City on loan for the rest of the season.,,4.0,721,194.0,0.1,545,194.0,0.0,461.0,175.0,0,0,0.0,0,0.0,0,22,0.0,0.0,0.0,0.0,0.0,623.0,234.0,0.0,0.0,614.0,234.0,606.0,234.0,576.0,231.0,616.0,234.0,,,,,,,,0.0,0.0,0.0,0.0,0.0,0.0,0.0,0.0,0.0,32,0,0.0,0.0,0.0,0.0,0.0,0.0,0.0,0.0,0.0,0.0,0.0,0.0,0.0,0.0,0.0,25.0,0.0,0.0,0.0,0.0,0.0,0.0,0.0,0.0,0.0,0.0,0.0,0.0,0.0
148,Ferdi,Kadıoğlu,F.Kadıoğlu,a,,,4.4,532,108.0,1.0,198,76.0,4.0,76.0,26.0,6,0,0.0,-1,1.0,18162,3297,0.9,20.9,7.5,4.5,3.0,193.0,76.0,,,137.0,57.0,80.0,18.0,152.0,31.0,109.0,31.0,,,,,,,,0.06,0.08,0.14,1.3,0.0,0.28,1.11,0.97,5.14,32,6,90.0,0.0,0.0,1.0,0.0,0.0,0.0,0.0,0.0,0.0,0.0,1.0,0.0,34.0,34797.0,6690.0,0.0,0.020000000000000018,0.03000000000000025,0.050000000000000266,0.8800000000000026,17.399999999999977,3.5,3.0,2.4000000000000057,3.0,6.0,3.0,9.0
149,Igor Julio,dos Santos de Paulo,Igor,a,,,4.5,425,85.0,0.1,500,179.0,0.0,593.0,237.0,0,0,0.0,0,0.0,744,230,0.0,1.3,-0.5,0.5,1.5,410.0,151.0,100.0,100.0,443.0,163.0,425.0,153.0,670.0,258.0,462.0,166.0,,,,,,,,0.0,0.0,0.0,4.07,0.0,0.0,2.62,0.87,11.36,32,0,0.0,0.0,0.0,0.0,0.0,0.0,0.0,0.0,0.0,0.0,0.0,0.0,0.0,0.0,945.0,287.0,0.0,0.0,0.0,0.0,0.0,0.0,0.0,0.0,0.0,0.0,0.0,0.0,0.0
153,Adam,Webster,Webster,i,Knee injury - Unknown return date,,4.4,525,103.0,0.0,763,258.0,0.0,547.0,224.0,0,0,0.0,-1,1.0,15,15,0.0,0.0,0.0,0.0,0.0,670.0,255.0,0.0,0.0,661.0,255.0,656.0,255.0,635.0,254.0,663.0,255.0,,,,,,,,0.0,0.0,0.0,0.0,0.0,0.0,0.0,0.0,0.0,32,0,0.0,0.0,0.0,0.0,0.0,0.0,0.0,0.0,0.0,0.0,0.0,0.0,0.0,0.0,20.0,20.0,0.0,0.0,0.0,0.0,0.0,0.0,0.0,0.0,0.0,0.0,0.0,0.0,0.0
232,Tosin,Adarabioyo,Tosin,a,,,4.0,667,163.0,0.3,344,124.0,0.5,291.0,93.0,0,0,0.0,-5,5.0,474,397,0.1,8.5,1.5,0.5,2.3,296.0,109.0,100.0,100.0,256.0,104.0,380.0,135.0,390.0,139.0,352.0,120.0,,,,,,,,0.01,0.05,0.06,1.47,0.0,0.24,1.45,0.85,11.39,32,0,0.0,0.0,0.0,0.0,0.0,0.0,0.0,0.0,0.0,0.0,0.0,0.0,0.0,0.0,828.0,644.0,0.0,0.0,0.0,0.0,0.0,0.0,0.0,0.0,0.0,0.0,0.0,0.0,0.0
233,Josh,Acheampong,Acheampong,a,,,3.7,824,266.0,1.7,152,58.0,0.5,286.0,88.0,1,0,0.0,-3,3.0,4909,9326,0.1,9.2,1.5,0.5,2.6,245.0,95.0,100.0,100.0,345.0,131.0,367.0,132.0,306.0,94.0,368.0,126.0,,,,,,,,0.09,0.02,0.11,2.23,0.0,0.32,1.9,1.11,6.49,32,1,2.0,0.0,0.0,0.0,0.0,0.0,0.0,0.0,0.0,0.0,0.0,0.0,0.0,4.0,9176.0,12730.0,0.0,0.0,0.0,0.0,0.16999999999999993,2.0,0.3999999999999986,0.0,0.1999999999999993,1.0,0.0,0.0,1.0
481,Alex,Murphy,A.Murphy,a,,,3.8,809,252.0,0.7,234,86.0,0.0,361.0,126.0,0,0,0.0,-2,2.0,313,882,0.0,0.3,0.0,0.0,1.0,453.0,163.0,,,493.0,175.0,513.0,195.0,480.0,189.0,505.0,177.0,,,,,,,,0.0,0.0,0.0,24.3,0.0,0.0,90.0,0.0,90.0,32,0,0.0,0.0,0.0,0.0,0.0,0.0,0.0,0.0,0.0,0.0,0.0,0.0,0.0,0.0,455.0,1162.0,0.0,0.0,0.0,0.0,0.0,0.0,0.0,0.0,0.0,0.0,0.0,0.0,0.0
482,Harrison,Ashby,Ashby,u,has joined Bradford City on loan for the rest of the season.,,3.9,762,220.0,0.1,465,172.0,0.0,384.0,135.0,0,0,0.0,-1,1.0,0,53,0.0,0.0,0.0,0.0,0.0,557.0,202.0,0.0,0.0,547.0,201.0,534.0,201.0,502.0,196.0,549.0,201.0,,,,,,,,0.0,0.0,0.0,0.0,0.0,0.0,0.0,0.0,0.0,32,0,0.0,0.0,0.0,0.0,0.0,0.0,0.0,0.0,0.0,0.0,0.0,0.0,0.0,0.0,0.0,66.0,0.0,0.0,0.0,0.0,0.0,0.0,0.0,0.0,0.0,0.0,0.0,0.0,0.0
770,Seth,Ridgeon,Ridgeon,a,,,4.5,504,313.0,0.0,780,337.0,0.0,665.0,262.0,0,0,0.0,0,0.0,24,26,0.0,0.0,0.0,-0.5,0.0,754.0,319.0,,,753.0,318.0,746.0,318.0,733.0,314.0,753.0,318.0,,,,,,,,0.0,0.0,0.0,0.0,0.0,0.0,0.0,0.0,0.0,32,0,0.0,0.0,0.0,0.0,0.0,0.0,0.0,0.0,0.0,0.0,0.0,0.0,0.0,0.0,41.0,36.0,0.0,0.0,0.0,0.0,0.0,0.0,0.0,0.0,0.0,0.0,0.0,0.0,0.0
168,Facundo,Buonanotte,Buonanotte,a,,,4.6,404,249.0,0.1,498,179.0,0.0,680.0,273.0,0,0,0.0,-4,4.0,286,222,0.0,0.4,0.5,-0.5,0.7,519.0,242.0,100.0,100.0,477.0,215.0,389.0,196.0,391.0,195.0,453.0,203.0,,,,,,,,0.05,0.13,0.18,2.43,0.0,0.0,2.61,1.3,6.52,32,0,0.0,0.0,0.0,0.0,0.0,0.0,0.0,0.0,0.0,0.0,0.0,0.0,0.0,0.0,390.0,319.0,0.0,0.0,0.0,0.0,0.0,0.0,0.0,0.0,0.0,0.0,0.0,0.0,0.0
339,Illan,Meslier,Meslier,a,,,4.1,655,36.0,0.3,307,41.0,0.0,485.0,78.0,0,0,0.0,-4,4.0,447,376,0.0,0.0,0.5,-0.5,0.0,640.0,87.0,,,631.0,87.0,623.0,75.0,594.0,62.0,633.0,87.0,,,,,,,,0.0,0.0,0.0,0.0,0.0,0.0,0.0,0.0,0.0,32,0,0.0,0.0,0.0,0.0,0.0,0.0,0.0,0.0,0.0,0.0,0.0,0.0,0.0,0.0,559.0,479.0,0.0,0.0,0.0,0.0,0.0,0.0,0.0,0.0,0.0,0.0,0.0,0.0,0.0
340,Alex,Cairns,Cairns,a,,,3.9,748,72.0,0.1,422,61.0,0.0,373.0,33.0,0,0,0.0,-1,1.0,112,196,0.0,0.0,0.5,-0.5,0.0,549.0,45.0,,,539.0,45.0,525.0,27.0,493.0,14.0,541.0,45.0,,,,,,,,0.0,0.0,0.0,0.0,0.0,0.0,0.0,0.0,0.0,32,0,0.0,0.0,0.0,0.0,0.0,0.0,0.0,0.0,0.0,0.0,0.0,0.0,0.0,0.0,151.0,279.0,0.0,0.0,0.0,0.0,0.0,0.0,0.0,0.0,0.0,0.0,0.0,0.0,0.0
341,Karl,Darlow,Darlow,a,,,3.9,743,67.0,7.3,56,10.0,5.0,44.0,6.0,4,0,0.0,-1,1.0,107571,3959,1.3,11.8,10.5,4.5,2.9,197.0,21.0,,,167.0,20.0,520.0,22.0,488.0,9.0,320.0,20.0,,,,,,,,0.0,0.0,0.0,1.18,2.62,0.19,1.25,1.0,0.0,32,4,90.0,0.0,0.0,0.0,1.0,0.0,0.0,0.0,0.0,0.0,6.0,1.0,0.0,23.0,284016.0,10697.0,0.0,0.0,0.0,0.0,1.3099999999999987,48.80000000000001,0.0,0.0,4.900000000000002,0.0,3.0,10.0,0.0
425,Claudio,Echeverri,Echeverri,u,has joined Girona on loan for the rest of the season.,,5.4,180,113.0,0.0,749,317.0,0.0,784.0,343.0,0,0,0.0,-1,1.0,0,0,0.0,0.0,0.0,0.0,0.0,812.0,361.0,0.0,0.0,811.0,360.0,810.0,360.0,808.0,359.0,811.0,360.0,,,,,,,,0.0,0.0,0.0,0.0,0.0,0.0,0.0,0.0,0.0,32,0,0.0,0.0,0.0,0.0,0.0,0.0,0.0,0.0,0.0,0.0,0.0,0.0,0.0,0.0,0.0,0.0,0.0,0.0,0.0,0.0,0.0,0.0,0.0,0.0,0.0,0.0,0.0,0.0,0.0
427,Tijjani,Reijnders,Reijnders,a,,,5.0,258,156.0,9.2,42,13.0,0.0,735.0,309.0,0,0,0.0,-5,5.0,1240,10869,0.0,17.2,0.5,0.0,3.3,158.0,64.0,,,188.0,75.0,88.0,64.0,58.0,35.0,89.0,53.0,4.0,3.0,,,,,,0.24,0.14,0.38,1.05,0.0,0.42,0.97,1.03,5.75,32,0,0.0,0.0,0.0,0.0,0.0,0.0,0.0,0.0,0.0,0.0,0.0,0.0,0.0,0.0,1986.0,14715.0,0.0,0.0,0.0,0.0,0.0,0.0,0.0,0.0,0.0,0.0,0.0,0.0,0.0
171,Jeremy,Sarmiento Morante,Sarmiento,u,has joined Middlesbrough on loan for the rest of the season.,,4.9,325,201.0,0.0,714,293.0,0.0,718.0,298.0,0,0,0.0,-1,1.0,0,4,0.0,0.0,0.0,0.0,0.0,782.0,340.0,0.0,0.0,781.0,339.0,777.0,339.0,773.0,337.0,781.0,339.0,,,,,,,,0.0,0.0,0.0,0.0,0.0,0.0,0.0,0.0,0.0,32,0,0.0,0.0,0.0,0.0,0.0,0.0,0.0,0.0,0.0,0.0,0.0,0.0,0.0,0.0,0.0,7.0,0.0,0.0,0.0,0.0,0.0,0.0,0.0,0.0,0.0,0.0,0.0,0.0,0.0
475,Sven,Botman,Botman,a,,,4.9,309,49.0,0.4,287,109.0,2.0,150.0,58.0,3,0,0.0,-1,1.0,1019,1039,0.4,13.9,2.0,1.5,3.6,109.0,38.0,100.0,75.0,149.0,65.0,333.0,113.0,191.0,45.0,232.0,80.0,,,,,,,,0.1,0.03,0.13,1.3,0.0,0.35,1.32,1.04,9.18,32,3,90.0,0.0,0.0,0.0,2.0,0.0,0.0,0.0,0.0,0.0,0.0,1.0,0.0,3.0,1035.0,2231.0,0.0,0.07000000000000006,0.010000000000000009,0.08000000000000007,2.5600000000000023,24.0,1.2000000000000028,8.0,3.299999999999997,0.0,12.0,5.0,12.0
476,Dan,Burn,Burn,a,,,5.0,243,38.0,3.4,102,36.0,1.5,195.0,65.0,0,0,0.0,0,0.0,3078,6523,0.3,15.6,1.5,1.5,3.4,145.0,55.0,100.0,100.0,127.0,55.0,295.0,91.0,241.0,65.0,225.0,77.0,,,,,,,,0.02,0.02,0.04,1.21,0.0,0.3,1.49,1.04,9.54,32,0,0.0,0.0,0.0,0.0,0.0,0.0,0.0,0.0,0.0,0.0,0.0,0.0,0.0,0.0,4678.0,8619.0,0.0,0.0,0.0,0.0,0.0,0.0,0.0,0.0,0.0,0.0,0.0,0.0,0.0
2,Kepa,Arrizabalaga Revuelta,Arrizabalaga,a,,,4.0,668,43.0,0.4,294,38.0,0.0,411.0,56.0,0,0,0.0,-5,5.0,183,262,0.0,0.0,0.5,1.0,0.0,581.0,66.0,,,571.0,66.0,561.0,52.0,530.0,39.0,573.0,66.0,,,,,,,,0.0,0.0,0.0,0.0,0.0,0.0,0.0,0.0,0.0,32,0,0.0,0.0,0.0,0.0,0.0,0.0,0.0,0.0,0.0,0.0,0.0,0.0,0.0,0.0,288.0,332.0,0.0,0.0,0.0,0.0,0.0,0.0,0.0,0.0,0.0,0.0,0.0,0.0,0.0
491,Sandro,Tonali,Tonali,a,,,5.3,191,120.0,1.1,190,66.0,1.0,253.0,117.0,2,0,0.0,-2,2.0,2027,2704,0.2,13.8,1.0,1.0,2.4,291.0,126.0,100.0,100.0,185.0,72.0,50.0,42.0,184.0,101.0,110.0,61.0,1.0,3.0,,,,,,0.07,0.1,0.17,1.26,0.0,0.3,1.4,1.1,9.27,32,2,90.0,0.0,0.0,0.0,2.0,0.0,0.0,0.0,0.0,0.0,0.0,1.0,0.0,13.0,2917.0,3455.0,0.0,0.0,0.04999999999999982,0.04999999999999982,2.5,7.7999999999999545,15.199999999999989,0.0,2.299999999999997,0.0,2.0,6.0,8.0
492,Antoñito,Cordero Campillo,Antoñito C.,u,has joined Cadiz on loan for the rest of the season.,,4.9,344,215.0,0.0,682,275.0,0.0,728.0,305.0,0,0,0.0,-1,1.0,0,0,0.0,0.0,0.0,0.0,0.0,788.0,344.0,0.0,0.0,787.0,343.0,783.0,343.0,779.0,341.0,787.0,343.0,,,,,,,,0.0,0.0,0.0,0.0,0.0,0.0,0.0,0.0,0.0,32,0,0.0,0.0,0.0,0.0,0.0,0.0,0.0,0.0,0.0,0.0,0.0,0.0,0.0,0.0,0.0,1.0,0.0,0.0,0.0,0.0,0.0,0.0,0.0,0.0,0.0,0.0,0.0,0.0,0.0
494,Joe,Willock,Willock,a,,,5.0,248,148.0,0.1,503,181.0,0.5,315.0,151.0,0,0,0.0,0,0.0,106,240,0.1,5.6,0.5,0.5,1.4,426.0,187.0,100.0,100.0,376.0,166.0,225.0,145.0,248.0,137.0,325.0,160.0,,,,,,,,0.11,0.08,0.19,1.81,0.0,0.39,1.69,0.91,9.87,32,0,0.0,0.0,0.0,0.0,0.0,0.0,0.0,0.0,0.0,0.0,0.0,0.0,0.0,0.0,227.0,329.0,0.0,0.0,0.0,0.0,0.0,0.0,0.0,0.0,0.0,0.0,0.0,0.0,0.0
711,Andre,Harriman-Annous,Harriman-Annous,a,,,4.4,571,343.0,0.0,707,287.0,0.0,583.0,201.0,0,0,0.0,-1,1.0,11,29,0.0,0.0,0.5,1.0,0.0,691.0,269.0,,,685.0,263.0,680.0,266.0,661.0,258.0,687.0,265.0,,,,,,,,0.0,0.0,0.0,0.0,0.0,0.0,0.0,0.0,0.0,32,0,0.0,0.0,0.0,0.0,0.0,0.0,0.0,0.0,0.0,0.0,0.0,0.0,0.0,0.0,19.0,34.0,0.0,0.0,0.0,0.0,0.0,0.0,0.0,0.0,0.0,0.0,0.0,0.0,0.0
725,Piero,Hincapié,Hincapie,a,,,5.1,234,35.0,0.7,235,87.0,0.0,754.0,256.0,0,0,0.0,-4,4.0,1249,8209,0.0,14.5,0.5,0.5,3.5,125.0,45.0,100.0,50.0,155.0,66.0,203.0,52.0,327.0,103.0,233.0,81.0,,,,,,,,0.02,0.08,0.1,0.85,0.0,0.24,0.96,1.02,8.47,32,0,0.0,0.0,0.0,0.0,0.0,0.0,0.0,0.0,0.0,0.0,0.0,0.0,0.0,0.0,1321.0,17229.0,0.0,0.0,0.0,0.0,0.0,0.0,0.0,0.0,0.0,0.0,0.0,0.0,0.0
675,Angus,Gunn,Gunn,a,,,4.0,666,42.0,1.1,188,23.0,0.0,410.0,55.0,0,0,0.0,0,0.0,104,515,0.0,0.2,0.5,0.0,1.0,456.0,36.0,100.0,100.0,500.0,36.0,560.0,51.0,529.0,38.0,509.0,36.0,,,,,,,,0.0,0.0,0.0,0.42,0.0,0.0,0.0,0.0,0.0,32,0,0.0,0.0,0.0,0.0,0.0,0.0,0.0,0.0,0.0,0.0,0.0,0.0,0.0,0.0,128.0,686.0,0.0,0.0,0.0,0.0,0.0,0.0,0.0,0.0,0.0,0.0,0.0,0.0,0.0
821,Jack,Whittaker,Whittaker,a,,,4.5,475,290.0,0.0,819,364.0,0.0,636.0,239.0,0,0,0.0,0,0.0,18,8,0.0,0.0,0.0,0.0,0.0,732.0,302.0,,,729.0,299.0,723.0,300.0,709.0,295.0,730.0,300.0,,,,,,,,0.0,0.0,0.0,0.0,0.0,0.0,0.0,0.0,0.0,32,0,0.0,0.0,0.0,0.0,0.0,0.0,0.0,0.0,0.0,0.0,0.0,0.0,0.0,0.0,27.0,10.0,0.0,0.0,0.0,0.0,0.0,0.0,0.0,0.0,0.0,0.0,0.0,0.0,0.0
296,Nathan,Patterson,Patterson,a,,,4.4,538,114.0,0.0,631,225.0,0.0,555.0,230.0,0,0,0.0,-1,1.0,33,134,0.0,4.8,-0.5,0.0,3.5,121.0,43.0,100.0,100.0,404.0,153.0,441.0,157.0,396.0,143.0,429.0,155.0,,,,,,,,0.01,0.02,0.03,1.35,0.0,0.76,0.38,1.14,11.39,32,0,0.0,0.0,0.0,0.0,0.0,0.0,0.0,0.0,0.0,0.0,0.0,0.0,0.0,0.0,50.0,179.0,0.0,0.0,0.0,0.0,0.0,0.0,0.0,0.0,0.0,0.0,0.0,0.0,0.0
622,Lewis,Orford,Orford,u,has joined Stevenage on loan for the rest of the season.,,4.4,550,330.0,0.1,580,215.0,0.0,564.0,190.0,0,0,0.0,-1,1.0,0,11,0.0,0.0,0.0,0.0,0.0,679.0,263.0,0.0,0.0,671.0,255.0,667.0,259.0,646.0,249.0,673.0,257.0,,,,,,,,0.0,0.0,0.0,0.0,0.0,0.0,0.0,0.0,0.0,32,0,0.0,0.0,0.0,0.0,0.0,0.0,0.0,0.0,0.0,0.0,0.0,0.0,0.0,0.0,0.0,13.0,0.0,0.0,0.0,0.0,0.0,0.0,0.0,0.0,0.0,0.0,0.0,0.0,0.0
113,Sepp,van den Berg,Van den Berg,a,,,4.6,400,69.0,1.2,175,68.0,4.5,61.0,20.0,3,0,0.0,1,-1.0,1550,10177,1.0,20.2,4.5,4.5,3.4,142.0,53.0,100.0,100.0,62.0,30.0,301.0,94.0,105.0,12.0,131.0,39.0,,,,,,,,0.11,0.03,0.14,1.34,0.0,0.23,1.43,0.98,8.88,32,3,90.0,0.0,0.0,0.0,2.0,0.0,0.0,0.0,0.0,0.0,0.0,1.0,0.0,10.0,3116.0,20123.0,0.0,0.0,0.08999999999999997,0.08999999999999986,1.5300000000000011,37.39999999999998,14.299999999999997,0.0,5.200000000000003,0.0,11.0,7.0,11.0
114,Benjamin,Arthur,Arthur,u,has joined Celtic on loan for the rest of the season.,,3.8,816,258.0,0.2,390,146.0,0.0,367.0,131.0,0,0,0.0,-2,2.0,0,165,0.0,0.0,0.0,0.0,0.0,543.0,200.0,0.0,0.0,533.0,199.0,518.0,199.0,486.0,194.0,535.0,199.0,,,,,,,,0.0,0.0,0.0,0.0,0.0,0.0,0.0,0.0,0.0,32,0,0.0,0.0,0.0,0.0,0.0,0.0,0.0,0.0,0.0,0.0,0.0,0.0,0.0,0.0,0.0,232.0,0.0,0.0,0.0,0.0,0.0,0.0,0.0,0.0,0.0,0.0,0.0,0.0,0.0
115,Benjamin,Fredrick,Fredrick,u,has joined Dender on loan for the rest of the season.,,4.0,731,203.0,0.1,536,191.0,0.0,471.0,184.0,0,0,0.0,0,0.0,0,21,0.0,0.0,0.0,0.0,0.0,632.0,242.0,0.0,0.0,623.0,242.0,615.0,242.0,585.0,239.0,625.0,242.0,,,,,,,,0.0,0.0,0.0,0.0,0.0,0.0,0.0,0.0,0.0,32,0,0.0,0.0,0.0,0.0,0.0,0.0,0.0,0.0,0.0,0.0,0.0,0.0,0.0,0.0,0.0,27.0,0.0,0.0,0.0,0.0,0.0,0.0,0.0,0.0,0.0,0.0,0.0,0.0,0.0
116,Aaron,Hickey,Hickey,a,,,4.0,689,174.0,0.3,304,112.0,0.0,431.0,156.0,0,0,0.0,0,0.0,72,956,0.0,8.2,0.0,0.0,1.8,367.0,136.0,100.0,25.0,387.0,145.0,407.0,147.0,346.0,113.0,402.0,145.0,,,,,,,,0.06,0.03,0.09,0.99,0.0,0.31,1.22,1.07,6.43,32,0,0.0,0.0,0.0,0.0,0.0,0.0,0.0,0.0,0.0,0.0,0.0,0.0,0.0,0.0,84.0,1506.0,0.0,0.0,0.0,0.0,0.0,0.0,0.0,0.0,0.0,0.0,0.0,0.0,0.0
117,Kim,Ji-soo,Ji-soo,u,has joined Kaiserslautern on loan for the rest of the season.,,3.9,783,229.0,0.1,530,189.0,0.0,402.0,142.0,0,0,0.0,-1,1.0,0,23,0.0,0.0,0.0,0.0,0.0,574.0,208.0,0.0,0.0,564.0,207.0,552.0,207.0,520.0,202.0,566.0,207.0,,,,,,,,0.0,0.0,0.0,0.0,0.0,0.0,0.0,0.0,0.0,32,0,0.0,0.0,0.0,0.0,0.0,0.0,0.0,0.0,0.0,0.0,0.0,0.0,0.0,0.0,0.0,35.0,0.0,0.0,0.0,0.0,0.0,0.0,0.0,0.0,0.0,0.0,0.0,0.0,0.0
118,Jayden,Meghoma,Meghoma,u,Has joined Rangers on loan for the rest of the season.,,4.0,701,181.0,0.0,612,218.0,0.0,442.0,162.0,0,0,0.0,0,0.0,0,8,0.0,0.0,0.0,0.0,0.0,607.0,224.0,0.0,0.0,598.0,224.0,589.0,224.0,558.0,220.0,600.0,224.0,,,,,,,,0.0,0.0,0.0,0.0,0.0,0.0,0.0,0.0,0.0,32,0,0.0,0.0,0.0,0.0,0.0,0.0,0.0,0.0,0.0,0.0,0.0,0.0,0.0,0.0,0.0,12.0,0.0,0.0,0.0,0.0,0.0,0.0,0.0,0.0,0.0,0.0,0.0,0.0,0.0
120,Kevin,Schade,Schade,a,,,7.0,38,23.0,1.7,153,55.0,4.0,90.0,36.0,5,0,0.0,0,0.0,7475,16316,0.6,15.3,4.0,4.0,3.7,105.0,48.0,100.0,100.0,99.0,32.0,85.0,62.0,16.0,7.0,33.0,24.0,,,3.0,,,,,0.42,0.07,0.49,1.22,0.0,0.35,1.1,1.06,6.51,32,5,90.0,0.0,1.0,0.0,2.0,0.0,0.0,0.0,0.0,0.0,0.0,1.0,0.0,11.0,11210.0,31123.0,0.0,0.9400000000000013,0.010000000000000009,0.9499999999999993,1.5299999999999976,1.400000000000034,11.5,31.0,4.400000000000006,3.0,0.0,2.0,5.0
121,Mikkel,Damsgaard,Damsgaard,a,,,5.6,129,80.0,0.8,215,76.0,0.5,328.0,160.0,1,0,0.0,-4,4.0,1023,10436,0.1,15.7,0.5,0.5,3.3,161.0,67.0,100.0,100.0,126.0,41.0,33.0,30.0,107.0,66.0,66.0,42.0,,3.0,,,,,,0.1,0.23,0.33,1.35,0.0,0.17,1.51,1.06,10.28,32,1,45.0,0.0,0.0,0.0,1.0,0.0,0.0,0.0,0.0,0.0,0.0,1.0,0.0,3.0,1979.0,14361.0,0.0,0.010000000000000009,0.0,0.009999999999999787,0.8000000000000007,2.1999999999999886,5.2999999999999545,1.0,0.8999999999999915,2.0,0.0,3.0,5.0
122,Antoni,Milambo,Milambo,i,Knee injury - Expected back 01 Jun,,5.2,214,132.0,0.0,657,260.0,0.0,761.0,329.0,0,0,0.0,-3,3.0,10,9,0.0,0.2,0.0,0.0,1.0,503.0,233.0,0.0,0.0,485.0,222.0,462.0,223.0,797.0,352.0,495.0,226.0,,,,,,,,0.0,0.02,0.02,2.98,0.0,0.0,6.0,2.0,8.0,32,0,0.0,0.0,0.0,0.0,0.0,0.0,0.0,0.0,0.0,0.0,0.0,0.0,0.0,0.0,16.0,12.0,0.0,0.0,0.0,0.0,0.0,0.0,0.0,0.0,0.0,0.0,0.0,0.0,0.0
123,Fábio,Freitas Gouveia Carvalho,Carvalho,i,Knee injury - Expected back 01 Jun,,4.6,399,248.0,0.1,474,165.0,0.0,678.0,272.0,0,0,0.0,-4,4.0,12,36,0.0,2.8,0.0,0.0,2.2,312.0,136.0,0.0,0.0,427.0,187.0,440.0,214.0,355.0,184.0,430.0,193.0,,,4.0,,,,,0.63,0.03,0.66,1.87,0.0,0.0,3.6,0.9,7.2,32,0,0.0,0.0,0.0,0.0,0.0,0.0,0.0,0.0,0.0,0.0,0.0,0.0,0.0,0.0,13.0,45.0,0.0,0.0,0.0,0.0,0.0,0.0,0.0,0.0,0.0,0.0,0.0,0.0,0.0
797,Kaye,Furo,Furo,i,Knock - Unknown return date,,4.5,491,69.0,0.0,700,88.0,0.0,652.0,67.0,0,0,0.0,0,0.0,39,108,0.0,0.0,0.0,0.0,0.0,744.0,79.0,0.0,,742.0,79.0,735.0,78.0,722.0,78.0,742.0,79.0,,,,,,,,0.0,0.0,0.0,0.0,0.0,0.0,0.0,0.0,0.0,32,0,0.0,0.0,0.0,0.0,0.0,0.0,0.0,0.0,0.0,0.0,0.0,0.0,0.0,0.0,74.0,153.0,0.0,0.0,0.0,0.0,0.0,0.0,0.0,0.0,0.0,0.0,0.0,0.0,0.0
633,Hugo,Bueno López,H.Bueno,a,,,4.3,596,137.0,0.2,388,144.0,0.0,520.0,218.0,0,0,0.0,-2,2.0,1396,2083,0.0,17.0,-0.5,-0.5,2.5,266.0,103.0,100.0,100.0,95.0,41.0,28.0,2.0,197.0,50.0,68.0,12.0,1.0,,,,,,,0.02,0.13,0.15,1.53,0.0,0.18,1.64,0.97,6.59,32,0,90.0,0.0,0.0,0.0,4.0,0.0,0.0,0.0,0.0,0.0,0.0,1.0,0.0,1.0,1913.0,2686.0,0.0,0.050000000000000044,0.020000000000000018,0.06999999999999984,2.3499999999999943,18.80000000000001,17.199999999999932,12.0,4.799999999999997,2.0,5.0,6.0,7.0
634,Yerson,Mosquera Valdelamar,Mosquera,s,Suspended until 02 May,,4.3,602,138.0,0.1,499,178.0,0.0,526.0,219.0,0,0,0.0,-2,2.0,52,1809,0.0,11.9,0.0,-0.5,2.2,308.0,114.0,0.0,100.0,175.0,73.0,238.0,62.0,131.0,25.0,192.0,66.0,,,,,,,,0.08,0.03,0.11,1.6,0.0,0.2,1.72,1.01,8.91,32,0,70.0,0.0,0.0,0.0,3.0,0.0,0.0,0.0,1.0,0.0,0.0,1.0,0.0,-1.0,201.0,2093.0,0.0,0.07999999999999985,0.06000000000000005,0.14000000000000012,1.6600000000000001,9.800000000000011,10.799999999999997,10.0,3.0999999999999943,1.0,5.0,1.0,6.0
635,Rodrigo,Martins Gomes,R.Gomes,a,,,4.4,545,117.0,0.1,526,188.0,0.0,560.0,231.0,0,0,0.0,-1,1.0,137,555,0.0,8.0,-0.5,-0.5,2.2,310.0,115.0,100.0,100.0,302.0,116.0,327.0,110.0,168.0,36.0,301.0,100.0,,,,,,,,0.24,0.04,0.28,1.4,0.0,0.0,2.01,0.86,5.16,32,0,29.0,0.0,0.0,0.0,3.0,0.0,0.0,0.0,0.0,0.0,0.0,0.0,0.0,-9.0,254.0,619.0,0.0,0.0,0.0,0.0,1.299999999999999,2.4000000000000057,2.299999999999997,2.0,0.6999999999999957,1.0,0.0,0.0,1.0
636,Santiago,Ignacio Bueno,S.Bueno,a,,,4.4,533,109.0,0.1,456,169.0,0.0,552.0,227.0,0,0,0.0,-1,1.0,891,882,0.0,16.4,-0.5,-0.5,3.1,184.0,72.0,100.0,100.0,106.0,46.0,278.0,84.0,177.0,40.0,180.0,61.0,,,,,,,,0.07,0.05,0.12,1.57,0.0,0.18,1.66,0.98,7.51,32,0,90.0,0.0,0.0,0.0,4.0,0.0,0.0,0.0,0.0,0.0,0.0,1.0,0.0,-3.0,1122.0,1062.0,0.0,0.0,0.0,0.0,2.3500000000000014,19.399999999999977,0.4000000000000057,0.0,2.0,0.0,8.0,2.0,8.0
637,Toti,Gomes,Toti,a,,,4.2,640,149.0,0.1,518,185.0,0.0,495.0,203.0,0,0,0.0,-3,3.0,68,75,0.0,6.7,-0.5,-0.5,2.0,337.0,124.0,100.0,100.0,252.0,100.0,310.0,101.0,360.0,119.0,327.0,108.0,,,,,,,,0.02,0.02,0.04,1.64,0.0,0.09,2.17,1.13,8.32,32,0,0.0,0.0,0.0,0.0,0.0,0.0,0.0,0.0,0.0,0.0,0.0,0.0,0.0,0.0,89.0,93.0,0.0,0.0,0.0,0.0,0.0,0.0,0.0,0.0,0.0,0.0,0.0,0.0,0.0
704,Tyler,Onyango,Onyango,u,has joined Stockport County on loan for the rest of the season.,,4.5,438,261.0,0.0,587,219.0,0.0,605.0,213.0,0,0,0.0,0,0.0,0,10,0.0,0.0,0.0,0.0,0.0,708.0,280.0,0.0,0.0,702.0,274.0,698.0,277.0,681.0,270.0,704.0,276.0,,,,,,,,0.0,0.0,0.0,0.0,0.0,0.0,0.0,0.0,0.0,32,0,0.0,0.0,0.0,0.0,0.0,0.0,0.0,0.0,0.0,0.0,0.0,0.0,0.0,0.0,0.0,10.0,0.0,0.0,0.0,0.0,0.0,0.0,0.0,0.0,0.0,0.0,0.0,0.0,0.0
705,Elijah,Campbell,Campbell,u,has joined Port Vale on loan for the rest of the season.,,3.9,773,224.0,0.1,419,155.0,0.0,392.0,137.0,0,0,0.0,-1,1.0,0,89,0.0,0.0,0.0,0.0,0.0,565.0,204.0,0.0,0.0,555.0,203.0,543.0,203.0,511.0,198.0,557.0,203.0,,,,,,,,0.0,0.0,0.0,0.0,0.0,0.0,0.0,0.0,0.0,32,0,0.0,0.0,0.0,0.0,0.0,0.0,0.0,0.0,0.0,0.0,0.0,0.0,0.0,0.0,0.0,108.0,0.0,0.0,0.0,0.0,0.0,0.0,0.0,0.0,0.0,0.0,0.0,0.0,0.0
707,Tyler,Dibling,Dibling,a,,,5.3,197,123.0,0.0,650,255.0,0.0,766.0,332.0,0,0,0.0,-2,2.0,24,43,0.0,3.4,-0.5,0.0,1.3,437.0,196.0,,,420.0,184.0,335.0,183.0,366.0,187.0,408.0,185.0,,,,,,,,0.05,0.04,0.09,1.71,0.0,0.52,0.52,1.03,10.32,32,0,0.0,0.0,0.0,0.0,0.0,0.0,0.0,0.0,0.0,0.0,0.0,0.0,0.0,0.0,42.0,59.0,0.0,0.0,0.0,0.0,0.0,0.0,0.0,0.0,0.0,0.0,0.0,0.0,0.0
728,Merlin,Röhl,Röhl,a,,,5.0,275,169.0,0.0,709,289.0,0.5,319.0,154.0,0,0,0.0,0,0.0,7,20,0.1,3.6,0.0,0.5,1.5,413.0,180.0,100.0,100.0,398.0,175.0,323.0,179.0,365.0,186.0,396.0,180.0,,,,,,,,0.13,0.05,0.18,2.07,0.0,0.5,1.51,0.5,12.07,32,0,0.0,0.0,0.0,0.0,0.0,0.0,0.0,0.0,0.0,0.0,0.0,0.0,0.0,0.0,8.0,24.0,0.0,0.0,0.0,0.0,0.0,0.0,0.0,0.0,0.0,0.0,0.0,0.0,0.0
779,Braiden,Graham,Graham,a,,,4.5,506,72.0,0.0,622,82.0,0.0,667.0,70.0,0,0,0.0,0,0.0,100,158,0.0,0.0,-0.5,0.0,0.0,756.0,82.0,,,755.0,82.0,748.0,81.0,735.0,81.0,755.0,82.0,,,,,,,,0.0,0.0,0.0,0.0,0.0,0.0,0.0,0.0,0.0,32,0,0.0,0.0,0.0,0.0,0.0,0.0,0.0,0.0,0.0,0.0,0.0,0.0,0.0,0.0,155.0,187.0,0.0,0.0,0.0,0.0,0.0,0.0,0.0,0.0,0.0,0.0,0.0,0.0,0.0
314,Bernd,Leno,Leno,a,,,4.9,286,10.0,1.8,149,19.0,2.5,133.0,11.0,2,0,0.0,-1,1.0,3671,8965,0.5,18.6,2.5,2.0,2.8,220.0,25.0,,,35.0,10.0,765.0,90.0,761.0,88.0,204.0,10.0,,,,,,,,0.0,0.0,0.0,1.39,2.5,0.19,1.44,1.0,0.0,32,2,90.0,0.0,0.0,0.0,2.0,0.0,0.0,0.0,0.0,0.0,3.0,1.0,0.0,13.0,4778.0,20641.0,0.0,0.0,0.0,0.0,1.5899999999999963,26.0,0.0,0.0,2.5999999999999943,0.0,2.0,8.0,0.0
315,Steven,Benda,Benda,u,has joined Feyenoord on loan for the rest of the season.,,4.0,679,48.0,0.0,762,89.0,0.0,421.0,61.0,0,0,0.0,0,0.0,0,12,0.0,0.0,0.0,0.0,0.0,590.0,70.0,0.0,0.0,580.0,70.0,571.0,57.0,540.0,44.0,582.0,70.0,,,,,,,,0.0,0.0,0.0,0.0,0.0,0.0,0.0,0.0,0.0,32,0,0.0,0.0,0.0,0.0,0.0,0.0,0.0,0.0,0.0,0.0,0.0,0.0,0.0,0.0,0.0,15.0,0.0,0.0,0.0,0.0,0.0,0.0,0.0,0.0,0.0,0.0,0.0,0.0,0.0
316,Antonee,Robinson,Robinson,a,,,4.9,294,45.0,0.8,214,83.0,2.0,149.0,57.0,3,0,0.0,-1,1.0,1580,4314,0.4,8.8,2.0,1.5,2.7,235.0,94.0,100.0,100.0,229.0,91.0,128.0,34.0,341.0,111.0,236.0,82.0,,,,,,,,0.02,0.11,0.13,1.41,0.0,0.24,1.14,1.06,8.36,32,3,68.0,0.0,0.0,0.0,2.0,0.0,0.0,0.0,0.0,0.0,0.0,1.0,0.0,9.0,2075.0,9205.0,0.0,0.0,0.030000000000000027,0.030000000000000027,1.1499999999999986,23.0,12.300000000000011,2.0,3.700000000000003,4.0,6.0,3.0,10.0
317,Joachim,Andersen,Andersen,a,,,4.5,418,79.0,4.1,91,30.0,2.5,129.0,52.0,1,-1,1.0,0,0.0,3489,51536,0.6,23.3,2.5,2.0,3.6,107.0,37.0,100.0,100.0,21.0,8.0,255.0,71.0,215.0,55.0,104.0,30.0,,,,,,,,0.05,0.06,0.11,1.38,0.0,0.21,1.44,1.02,10.3,32,1,90.0,0.0,0.0,0.0,2.0,0.0,0.0,0.0,0.0,0.0,0.0,1.0,0.0,8.0,5782.0,176496.0,0.0,0.06000000000000005,0.21999999999999997,0.2799999999999998,1.5899999999999963,17.399999999999977,2.299999999999997,15.0,3.5,0.0,6.0,4.0,6.0
759,Marli,Salmon,Salmon,a,,,4.0,732,204.0,0.0,675,237.0,0.0,472.0,185.0,0,0,0.0,0,0.0,24,38,0.0,0.0,0.5,1.0,0.0,633.0,243.0,,,624.0,243.0,616.0,243.0,586.0,240.0,626.0,243.0,,,,,,,,0.0,0.0,0.0,0.0,0.0,0.0,0.0,0.0,0.0,32,0,0.0,0.0,0.0,0.0,0.0,0.0,0.0,0.0,0.0,0.0,0.0,0.0,0.0,0.0,32.0,49.0,0.0,0.0,0.0,0.0,0.0,0.0,0.0,0.0,0.0,0.0,0.0,0.0,0.0
80,Julio,Soler Barreto,Soler,a,,,3.9,784,230.0,0.2,389,145.0,0.0,403.0,143.0,0,0,0.0,-1,1.0,170,96,0.0,0.8,0.0,-1.0,1.0,455.0,165.0,100.0,100.0,496.0,176.0,458.0,166.0,442.0,165.0,493.0,172.0,,,,,,,,0.0,0.0,0.0,4.29,0.0,0.0,5.29,0.0,2.65,32,0,0.0,0.0,0.0,0.0,0.0,0.0,0.0,0.0,0.0,0.0,0.0,0.0,0.0,0.0,217.0,143.0,0.0,0.0,0.0,0.0,0.0,0.0,0.0,0.0,0.0,0.0,0.0,0.0,0.0
391,Ben,Gannon-Doak,Gannon-Doak,a,,,4.8,369,230.0,0.0,639,249.0,0.5,308.0,146.0,0,0,0.0,-2,2.0,47,14,0.1,1.7,1.0,-0.5,1.6,404.0,173.0,100.0,100.0,452.0,200.0,411.0,205.0,397.0,197.0,454.0,204.0,,,,,,,,0.14,0.16,0.3,4.31,0.0,0.0,1.61,0.0,6.43,32,0,0.0,0.0,0.0,0.0,0.0,0.0,0.0,0.0,0.0,0.0,0.0,0.0,0.0,0.0,75.0,16.0,0.0,0.0,0.0,0.0,0.0,0.0,0.0,0.0,0.0,0.0,0.0,0.0,0.0
685,Bafodé,Diakité,Diakité,a,,,4.1,654,157.0,0.3,340,123.0,0.0,484.0,197.0,0,0,0.0,-4,4.0,311,428,0.0,11.2,0.0,-1.0,2.6,247.0,97.0,100.0,100.0,231.0,92.0,342.0,119.0,383.0,133.0,331.0,110.0,,,,,,,,0.0,0.01,0.01,1.59,0.0,0.28,1.91,1.06,8.26,32,0,0.0,0.0,0.0,0.0,0.0,0.0,0.0,0.0,0.0,0.0,0.0,0.0,0.0,0.0,412.0,606.0,0.0,0.0,0.0,0.0,0.0,0.0,0.0,0.0,0.0,0.0,0.0,0.0,0.0
687,Remy,Rees-Dottin,Rees-Dottin,a,,,4.3,616,364.0,0.2,393,132.0,0.0,538.0,179.0,0,0,0.0,-2,2.0,233,535,0.0,0.0,0.0,-1.0,0.0,665.0,254.0,,,655.0,244.0,651.0,249.0,628.0,238.0,657.0,246.0,,,,,,,,0.0,0.0,0.0,0.0,0.0,0.0,0.0,0.0,0.0,32,0,0.0,0.0,0.0,0.0,0.0,0.0,0.0,0.0,0.0,0.0,0.0,0.0,0.0,0.0,429.0,683.0,0.0,0.0,0.0,0.0,0.0,0.0,0.0,0.0,0.0,0.0,0.0,0.0,0.0
697,Amine,Adli,Adli,a,,,5.4,173,108.0,0.3,313,109.0,1.0,257.0,119.0,0,0,0.0,-1,1.0,603,4404,0.2,11.7,2.0,0.0,2.3,302.0,131.0,,,232.0,98.0,164.0,110.0,112.0,69.0,181.0,91.0,,,,,,,,0.22,0.14,0.36,1.45,0.0,0.26,1.41,0.88,10.37,32,0,0.0,0.0,0.0,0.0,0.0,0.0,0.0,0.0,0.0,0.0,0.0,0.0,0.0,0.0,885.0,7641.0,0.0,0.0,0.0,0.0,0.0,0.0,0.0,0.0,0.0,0.0,0.0,0.0,0.0
713,Álex,Jiménez Sánchez,A.Jimenez,a,,,4.5,467,94.0,0.3,336,120.0,1.0,223.0,72.0,2,0,0.0,0,0.0,3453,901,0.2,14.7,2.0,0.0,2.4,282.0,107.0,,,171.0,72.0,161.0,41.0,178.0,41.0,173.0,58.0,,,,,,,,0.05,0.07,0.12,1.66,0.0,0.22,1.58,1.01,5.68,32,2,89.0,0.0,0.0,0.0,1.0,0.0,0.0,0.0,0.0,0.0,0.0,1.0,0.0,9.0,3942.0,2486.0,0.0,0.0,0.010000000000000009,0.010000000000000231,2.1899999999999977,6.599999999999966,1.5,0.0,0.7999999999999972,2.0,2.0,9.0,4.0
721,Veljko,Milosavljevic,Milosavljević,a,,,4.4,570,120.0,0.0,645,231.0,0.0,582.0,233.0,0,0,0.0,-1,1.0,114,39,0.0,4.3,0.0,-1.0,2.7,233.0,93.0,100.0,100.0,373.0,143.0,413.0,150.0,415.0,155.0,417.0,148.0,,,,,,,,0.04,0.05,0.09,1.08,0.0,0.25,1.47,0.98,9.56,32,0,0.0,0.0,0.0,0.0,0.0,0.0,0.0,0.0,0.0,0.0,0.0,0.0,0.0,0.0,130.0,52.0,0.0,0.0,0.0,0.0,0.0,0.0,0.0,0.0,0.0,0.0,0.0,0.0,0.0
288,Mark,Travers,Travers,a,,,4.2,632,32.0,0.1,460,68.0,0.0,491.0,81.0,0,-1,1.0,-3,3.0,70,115,0.0,0.0,-0.5,0.0,0.0,643.0,89.0,100.0,100.0,635.0,89.0,628.0,79.0,602.0,68.0,637.0,89.0,,,,,,,,0.0,0.0,0.0,0.0,0.0,0.0,0.0,0.0,0.0,32,0,0.0,0.0,0.0,0.0,0.0,0.0,0.0,0.0,0.0,0.0,0.0,0.0,0.0,0.0,92.0,153.0,0.0,0.0,0.0,0.0,0.0,0.0,0.0,0.0,0.0,0.0,0.0,0.0,0.0
289,Harry,Tyrer,Tyrer,u,has joined Cardiff City permanently.,,3.9,763,80.0,0.1,505,74.0,0.0,385.0,41.0,0,0,0.0,-1,1.0,0,104,0.0,0.0,0.0,0.0,0.0,558.0,52.0,0.0,0.0,548.0,52.0,535.0,35.0,503.0,22.0,550.0,52.0,,,,,,,,0.0,0.0,0.0,0.0,0.0,0.0,0.0,0.0,0.0,32,0,0.0,0.0,0.0,0.0,0.0,0.0,0.0,0.0,0.0,0.0,0.0,0.0,0.0,0.0,0.0,149.0,0.0,0.0,0.0,0.0,0.0,0.0,0.0,0.0,0.0,0.0,0.0,0.0,0.0
290,Jarrad,Branthwaite,Branthwaite,a,,,5.3,196,24.0,0.5,278,105.0,2.0,162.0,59.0,3,0,0.0,-2,2.0,2285,3810,0.4,5.3,1.5,2.0,3.1,189.0,75.0,100.0,100.0,322.0,121.0,381.0,136.0,297.0,89.0,361.0,124.0,,,,,,,,0.05,0.01,0.06,1.26,0.0,0.15,1.22,0.91,8.51,32,3,90.0,0.0,0.0,0.0,2.0,0.0,0.0,0.0,0.0,0.0,0.0,1.0,0.0,7.0,3407.0,5204.0,0.0,0.06,0.0,0.06,2.839999999999999,29.200000000000003,0.7999999999999972,1.0,3.1000000000000014,1.0,11.0,3.0,12.0
104,Julian,Eyestone,Eyestone,a,,,3.9,778,88.0,0.1,473,70.0,0.0,397.0,48.0,0,0,0.0,-1,1.0,45,195,0.0,0.0,0.0,0.0,0.0,569.0,59.0,,,559.0,59.0,547.0,43.0,515.0,30.0,561.0,59.0,,,,,,,,0.0,0.0,0.0,0.0,0.0,0.0,0.0,0.0,0.0,32,0,0.0,0.0,0.0,0.0,0.0,0.0,0.0,0.0,0.0,0.0,0.0,0.0,0.0,0.0,60.0,279.0,0.0,0.0,0.0,0.0,0.0,0.0,0.0,0.0,0.0,0.0,0.0,0.0,0.0
801,Alex,Tóth,Tóth.A,a,,,4.9,341,212.0,0.0,761,324.0,0.5,314.0,150.0,1,0,0.0,-1,1.0,17,32,0.1,0.8,1.0,-0.5,0.8,518.0,241.0,,,471.0,212.0,378.0,192.0,401.0,198.0,449.0,201.0,,,,,,,,0.07,0.3,0.37,3.06,0.0,0.0,1.18,1.18,11.84,32,1,5.0,0.0,0.0,0.0,0.0,0.0,0.0,0.0,0.0,0.0,0.0,0.0,0.0,4.0,22.0,36.0,0.0,0.0,0.0,0.0,0.2400000000000002,2.0,0.0,0.0,0.20000000000000018,0.0,2.0,0.0,2.0
807,Rayan Vitor,Simplício Rocha,Rayan,a,,,5.5,149,94.0,1.9,142,48.0,2.0,166.0,70.0,2,0,0.0,0,0.0,12553,12767,0.4,6.2,4.0,1.0,3.8,84.0,38.0,,,334.0,150.0,206.0,132.0,228.0,125.0,298.0,148.0,,,,,,,,0.17,0.17,0.34,1.83,0.0,0.39,0.78,1.04,5.59,32,2,69.0,0.0,0.0,0.0,1.0,0.0,0.0,0.0,0.0,0.0,0.0,1.0,0.0,10.0,20540.0,43524.0,0.0,0.0,0.06000000000000005,0.06000000000000005,1.9100000000000001,7.400000000000006,17.700000000000017,4.0,2.8999999999999986,1.0,2.0,1.0,4.0
27,Reiss,Nelson,Nelson,a,,,4.8,352,222.0,0.1,502,180.0,0.5,306.0,144.0,1,0,0.0,-2,2.0,59,60,0.1,1.7,0.5,0.5,1.0,490.0,223.0,100.0,100.0,448.0,198.0,405.0,203.0,376.0,190.0,444.0,199.0,,,,,,,,0.64,0.08,0.72,1.81,0.0,0.0,1.8,0.0,19.8,32,1,45.0,0.0,0.0,0.0,1.0,0.0,0.0,0.0,0.0,0.0,0.0,0.0,0.0,5.0,80.0,72.0,0.0,0.029999999999999916,0.01999999999999999,0.050000000000000044,0.7399999999999998,5.600000000000001,13.8,5.0,2.4,1.0,0.0,3.0,4.0
83,Dango,Ouattara,O.Dango,a,,,5.9,99,66.0,2.2,132,44.0,1.5,203.0,92.0,2,-1,1.0,-1,1.0,4073,53930,0.3,18.3,1.5,1.5,4.2,51.0,21.0,100.0,100.0,145.0,49.0,98.0,73.0,35.0,19.0,65.0,41.0,3.0,,,,,,,0.27,0.18,0.45,1.29,0.0,0.2,1.4,1.0,8.0,32,2,90.0,0.0,0.0,0.0,2.0,0.0,0.0,0.0,0.0,0.0,0.0,1.0,0.0,12.0,10003.0,122884.0,0.0,0.09000000000000075,0.3200000000000003,0.41000000000000014,1.5300000000000011,12.599999999999966,28.19999999999999,47.0,8.799999999999997,0.0,3.0,5.0,8.0
228,Malo,Gusto,Gusto,a,,,4.9,330,54.0,2.2,131,52.0,1.0,235.0,78.0,1,0,0.0,-1,1.0,26358,4366,0.2,18.8,2.5,1.0,3.2,173.0,67.0,100.0,100.0,162.0,69.0,105.0,24.0,179.0,42.0,146.0,48.0,,,,,,,,0.07,0.09,0.16,1.5,0.0,0.35,1.29,1.04,5.09,32,1,87.0,0.0,0.0,0.0,3.0,0.0,0.0,0.0,0.0,0.0,0.0,1.0,0.0,-1.0,38174.0,10879.0,0.0,0.0,0.010000000000000009,0.010000000000000231,2.120000000000001,13.199999999999989,2.3000000000000114,0.0,1.5999999999999943,5.0,1.0,3.0,6.0
180,Stefanos,Tzimas,Tzimas,i,Knee injury - Expected back 01 Jun,,5.2,218,51.0,0.1,535,74.0,0.0,762.0,82.0,0,0,0.0,-3,3.0,32,42,0.0,3.1,0.0,0.0,1.8,381.0,43.0,0.0,0.0,401.0,45.0,325.0,37.0,343.0,54.0,392.0,49.0,,,,,,,,0.3,0.08,0.38,1.77,0.0,0.0,1.36,0.68,10.23,32,0,0.0,0.0,0.0,0.0,0.0,0.0,0.0,0.0,0.0,0.0,0.0,0.0,0.0,0.0,51.0,62.0,0.0,0.0,0.0,0.0,0.0,0.0,0.0,0.0,0.0,0.0,0.0,0.0,0.0
181,Charalampos,Kostoulas,Kostoulas,a,,,4.8,375,64.0,0.3,306,47.0,0.0,696.0,74.0,0,0,0.0,-2,2.0,270,608,0.0,6.2,-0.5,0.5,1.9,353.0,39.0,,,343.0,33.0,309.0,35.0,159.0,37.0,310.0,34.0,,,,,,,,0.52,0.07,0.59,1.42,0.0,0.31,2.16,0.62,11.71,32,0,0.0,0.0,0.0,0.0,0.0,0.0,0.0,0.0,0.0,0.0,0.0,0.0,0.0,0.0,403.0,858.0,0.0,0.0,0.0,0.0,0.0,0.0,0.0,0.0,0.0,0.0,0.0,0.0,0.0
744,Nehemiah,Oriola,Oriola,a,,,4.5,469,285.0,0.0,718,297.0,0.0,630.0,234.0,0,0,0.0,0,0.0,51,36,0.0,0.2,-0.5,0.5,1.0,481.0,215.0,,,724.0,295.0,718.0,296.0,703.0,290.0,725.0,296.0,,,,,,,,0.0,0.0,0.0,0.0,0.0,0.0,0.0,0.0,0.0,32,0,0.0,0.0,0.0,0.0,0.0,0.0,0.0,0.0,0.0,0.0,0.0,0.0,0.0,0.0,80.0,51.0,0.0,0.0,0.0,0.0,0.0,0.0,0.0,0.0,0.0,0.0,0.0,0.0,0.0
795,Harry,Howell,Howell,a,,,4.5,493,304.0,0.0,768,328.0,0.0,654.0,253.0,0,0,0.0,0,0.0,38,30,0.0,0.9,-0.5,0.5,1.3,433.0,192.0,,,466.0,207.0,446.0,216.0,452.0,222.0,473.0,215.0,,,,,,,,0.0,0.03,0.03,1.02,0.0,0.0,1.96,0.98,6.85,32,0,0.0,0.0,0.0,0.0,0.0,0.0,0.0,0.0,0.0,0.0,0.0,0.0,0.0,0.0,55.0,45.0,0.0,0.0,0.0,0.0,0.0,0.0,0.0,0.0,0.0,0.0,0.0,0.0,0.0
220,Robert,Lynch Sánchez,Sánchez,a,,,4.8,355,13.0,12.4,27,4.0,2.0,147.0,14.0,2,0,0.0,-2,2.0,24626,22498,0.4,21.7,4.5,2.0,3.5,123.0,16.0,100.0,100.0,25.0,7.0,352.0,1.0,756.0,85.0,171.0,4.0,,,,,,,,0.0,0.0,0.0,1.4,2.93,0.31,1.34,1.03,0.0,32,2,90.0,0.0,0.0,0.0,3.0,0.0,0.0,0.0,0.0,0.0,5.0,1.0,0.0,11.0,31189.0,70456.0,0.0,0.0,0.0,0.0,2.289999999999999,39.39999999999998,0.0,0.0,3.9000000000000057,0.0,0.0,11.0,0.0
230,Wesley,Fofana,Fofana,a,,,4.4,541,116.0,0.5,272,103.0,2.5,128.0,51.0,3,0,0.0,-1,1.0,8663,1252,0.6,13.2,5.5,2.5,2.9,201.0,81.0,100.0,100.0,143.0,63.0,331.0,112.0,340.0,110.0,270.0,88.0,,,,,,,,0.04,0.04,0.08,1.36,0.0,0.26,1.26,0.99,11.5,32,3,90.0,0.0,0.0,0.0,3.0,0.0,0.0,0.0,0.0,0.0,0.0,1.0,0.0,7.0,11552.0,4293.0,0.0,0.0,0.0,0.0,2.289999999999999,30.799999999999955,0.29999999999999716,0.0,3.0999999999999943,3.0,13.0,1.0,16.0
231,Mamadou,Sarr,M.Sarr,a,,,4.5,479,96.0,0.0,661,234.0,0.0,640.0,245.0,0,0,0.0,0,0.0,165,189,0.0,0.4,0.5,0.0,1.0,483.0,173.0,100.0,100.0,476.0,171.0,491.0,177.0,428.0,163.0,484.0,170.0,,,,,,,,0.35,0.0,0.35,1.4,0.0,0.0,2.97,0.99,7.91,32,0,0.0,0.0,0.0,0.0,0.0,0.0,0.0,0.0,0.0,0.0,0.0,0.0,0.0,0.0,222.0,262.0,0.0,0.0,0.0,0.0,0.0,0.0,0.0,0.0,0.0,0.0,0.0,0.0,0.0
303,James,Garner,Garner,a,,,5.3,188,119.0,4.0,96,32.0,4.5,68.0,27.0,3,0,0.0,3,-3.0,13968,55628,0.8,26.8,4.0,4.5,4.4,38.0,15.0,,,15.0,4.0,9.0,9.0,137.0,80.0,20.0,16.0,1.0,3.0,2.0,,,,,0.06,0.16,0.22,1.49,0.0,0.34,1.16,1.0,12.37,32,3,90.0,0.0,0.0,0.0,2.0,0.0,0.0,0.0,1.0,0.0,0.0,1.0,0.0,17.0,45602.0,73401.0,0.0,0.0,0.019999999999999574,0.020000000000000462,2.8400000000000034,18.800000000000068,17.299999999999955,4.0,4.0,2.0,8.0,7.0,17.0
304,Tim,Iroegbunam,Iroegbunam,a,,,4.8,367,229.0,0.0,618,238.0,1.0,230.0,104.0,1,0,0.0,-2,2.0,22,73,0.2,12.1,0.5,1.0,2.4,285.0,121.0,100.0,100.0,284.0,121.0,289.0,170.0,308.0,164.0,328.0,161.0,,,,,,,,0.03,0.05,0.08,1.51,0.0,0.64,0.89,1.05,11.92,32,1,16.0,0.0,0.0,0.0,1.0,0.0,0.0,0.0,0.0,0.0,0.0,0.0,0.0,5.0,57.0,108.0,0.0,0.0,0.0,0.0,0.9699999999999989,4.600000000000023,0.29999999999999716,0.0,0.5,2.0,0.0,0.0,2.0
787,Sam,Chambers,Chambers,a,,,4.4,560,336.0,0.0,732,305.0,0.0,573.0,195.0,0,0,0.0,-1,1.0,103,79,0.0,0.0,0.5,-0.5,0.0,685.0,266.0,,,678.0,259.0,673.0,262.0,654.0,254.0,680.0,261.0,,,,,,,,0.0,0.0,0.0,0.0,0.0,0.0,0.0,0.0,0.0,32,0,0.0,0.0,0.0,0.0,0.0,0.0,0.0,0.0,0.0,0.0,0.0,0.0,0.0,0.0,151.0,117.0,0.0,0.0,0.0,0.0,0.0,0.0,0.0,0.0,0.0,0.0,0.0,0.0,0.0
366,Alisson,Becker,A.Becker,i,Muscle injury - Unknown return date,,5.4,155,4.0,5.5,73,12.0,0.0,769.0,95.0,0,0,0.0,-1,1.0,77,30876,0.0,16.5,0.0,0.0,3.6,111.0,15.0,0.0,0.0,104.0,17.0,492.0,16.0,800.0,93.0,282.0,18.0,,,,,,,,0.0,0.0,0.0,1.12,2.24,0.32,1.2,1.0,0.0,32,0,0.0,0.0,0.0,0.0,0.0,0.0,0.0,0.0,0.0,0.0,0.0,0.0,0.0,0.0,102.0,54948.0,0.0,0.0,0.0,0.0,0.0,0.0,0.0,0.0,0.0,0.0,0.0,0.0,0.0
367,Giorgi,Mamardashvili,Mamardashvili,a,,,4.1,656,37.0,0.7,227,29.0,5.5,31.0,3.0,9,0,0.0,-4,4.0,7905,2062,1.3,7.3,6.0,6.0,4.3,41.0,3.0,,,279.0,25.0,624.0,76.0,595.0,63.0,384.0,25.0,,,,,,,,0.0,0.0,0.0,1.47,3.57,0.29,1.71,1.0,0.0,32,9,90.0,0.0,0.0,1.0,0.0,0.0,0.0,0.0,0.0,0.0,4.0,1.0,2.0,35.0,13877.0,3631.0,0.0,0.0,0.0,0.0,1.040000000000001,33.0,0.0,0.0,3.299999999999997,0.0,1.0,9.0,0.0
484,Matt,Targett,Targett,u,has joined Middlesbrough on loan for the rest of the season.,,4.0,672,166.0,0.1,431,161.0,0.0,414.0,148.0,0,0,0.0,0,0.0,0,58,0.0,0.0,0.0,0.0,0.0,584.0,213.0,0.0,0.0,574.0,212.0,564.0,212.0,533.0,208.0,576.0,212.0,,,,,,,,0.0,0.0,0.0,0.0,0.0,0.0,0.0,0.0,0.0,32,0,0.0,0.0,0.0,0.0,0.0,0.0,0.0,0.0,0.0,0.0,0.0,0.0,0.0,0.0,0.0,71.0,0.0,0.0,0.0,0.0,0.0,0.0,0.0,0.0,0.0,0.0,0.0,0.0,0.0
485,Anthony,Gordon,Gordon,a,,,7.4,23,15.0,6.5,62,22.0,6.5,22.0,10.0,3,0,0.0,-1,1.0,37591,78231,0.9,13.6,6.5,6.5,3.9,77.0,33.0,100.0,100.0,146.0,50.0,67.0,53.0,34.0,18.0,52.0,34.0,,,1.0,,,,,0.44,0.17,0.61,1.24,0.0,0.4,1.5,1.2,4.56,32,3,70.0,0.0,0.0,1.0,0.0,0.0,0.0,0.0,0.0,0.0,0.0,1.0,0.0,5.0,110804.0,145326.0,0.0,0.03999999999999915,0.029999999999999805,0.07000000000000028,1.4200000000000017,0.19999999999998863,6.300000000000011,9.0,1.5999999999999943,0.0,0.0,2.0,2.0
486,Anthony,Elanga,Elanga,a,,,6.5,52,33.0,2.7,120,38.0,1.5,207.0,96.0,1,0,0.0,-5,5.0,1723,3233,0.2,6.6,1.5,1.5,1.5,418.0,183.0,100.0,100.0,346.0,157.0,136.0,93.0,182.0,100.0,251.0,124.0,5.0,,,,,,,0.11,0.13,0.24,1.35,0.0,0.15,1.94,0.97,3.8,32,1,1.0,0.0,0.0,0.0,0.0,0.0,0.0,0.0,0.0,0.0,0.0,0.0,0.0,3.0,3158.0,4190.0,0.0,0.0,0.0,0.0,0.060000000000002274,0.0,3.0,0.0,0.29999999999999716,0.0,0.0,0.0,0.0
601,Wes,Foderingham,Foderingham,u,has joined Aris Limassol permanently.,,4.0,664,41.0,0.2,365,51.0,0.0,408.0,54.0,0,0,0.0,0,0.0,0,98,0.0,0.0,0.0,0.0,0.0,579.0,65.0,0.0,0.0,569.0,65.0,558.0,50.0,527.0,37.0,571.0,65.0,,,,,,,,0.0,0.0,0.0,0.0,0.0,0.0,0.0,0.0,0.0,32,0,0.0,0.0,0.0,0.0,0.0,0.0,0.0,0.0,0.0,0.0,0.0,0.0,0.0,0.0,0.0,132.0,0.0,0.0,0.0,0.0,0.0,0.0,0.0,0.0,0.0,0.0,0.0,0.0,0.0
602,Krisztián,Hegyi,Hegyi,u,has joined MTK Budapest on loan for the rest of the season.,,3.9,770,84.0,0.2,381,54.0,0.0,390.0,45.0,0,0,0.0,-1,1.0,0,227,0.0,0.0,0.0,0.0,0.0,563.0,56.0,0.0,0.0,553.0,56.0,540.0,39.0,508.0,26.0,555.0,56.0,,,,,,,,0.0,0.0,0.0,0.0,0.0,0.0,0.0,0.0,0.0,32,0,0.0,0.0,0.0,0.0,0.0,0.0,0.0,0.0,0.0,0.0,0.0,0.0,0.0,0.0,0.0,326.0,0.0,0.0,0.0,0.0,0.0,0.0,0.0,0.0,0.0,0.0,0.0,0.0,0.0
603,El Hadji Malick,Diouf,Diouf,a,,,4.1,659,160.0,2.3,128,50.0,3.5,99.0,36.0,6,0,0.0,-4,4.0,3442,10777,0.9,21.5,3.5,4.0,3.4,136.0,48.0,100.0,100.0,108.0,47.0,116.0,29.0,276.0,80.0,147.0,49.0,,,,,,,,0.02,0.08,0.1,1.44,0.0,0.29,1.65,0.99,7.05,32,6,90.0,0.0,0.0,1.0,0.0,0.0,0.0,0.0,0.0,0.0,0.0,1.0,0.0,23.0,13165.0,15661.0,0.0,0.02999999999999997,0.050000000000000044,0.08000000000000007,0.5900000000000034,15.399999999999977,33.60000000000002,3.0,5.200000000000003,1.0,3.0,8.0,4.0
604,Emerson,Palmieri dos Santos,Emerson,u,has joined Marseille permanently.,,4.4,524,102.0,0.0,584,209.0,0.0,546.0,223.0,0,0,0.0,-1,1.0,0,3,0.0,0.0,0.0,0.0,0.0,669.0,254.0,0.0,0.0,660.0,254.0,655.0,254.0,634.0,253.0,662.0,254.0,,,,,,,,0.0,0.0,0.0,0.0,0.0,0.0,0.0,0.0,0.0,32,0,0.0,0.0,0.0,0.0,0.0,0.0,0.0,0.0,0.0,0.0,0.0,0.0,0.0,0.0,0.0,7.0,0.0,0.0,0.0,0.0,0.0,0.0,0.0,0.0,0.0,0.0,0.0,0.0,0.0
498,Joe,White,White,u,has joined Bradford City on loan for the rest of the season.,,4.5,439,262.0,0.0,778,335.0,0.0,606.0,214.0,0,0,0.0,0,0.0,0,0,0.0,0.0,0.0,0.0,0.0,709.0,281.0,0.0,0.0,703.0,275.0,699.0,278.0,682.0,271.0,705.0,277.0,,,,,,,,0.0,0.0,0.0,0.0,0.0,0.0,0.0,0.0,0.0,32,0,0.0,0.0,0.0,0.0,0.0,0.0,0.0,0.0,0.0,0.0,0.0,0.0,0.0,0.0,0.0,2.0,0.0,0.0,0.0,0.0,0.0,0.0,0.0,0.0,0.0,0.0,0.0,0.0,0.0
804,João Victor,de Souza Menezes,Souza,a,,,4.0,733,205.0,0.0,677,238.0,0.0,473.0,186.0,0,0,0.0,0,0.0,71,124,0.0,0.8,0.0,0.0,0.8,514.0,178.0,,,460.0,167.0,382.0,137.0,395.0,142.0,443.0,159.0,,,,,,,,0.01,0.02,0.03,1.65,0.0,0.0,1.9,1.27,3.8,32,0,0.0,0.0,0.0,0.0,0.0,0.0,0.0,0.0,0.0,0.0,0.0,0.0,0.0,0.0,111.0,152.0,0.0,0.0,0.0,0.0,0.0,0.0,0.0,0.0,0.0,0.0,0.0,0.0,0.0
811,Rio,Kyerematen,Kyerematen,a,,,4.5,461,279.0,0.0,792,347.0,0.0,623.0,228.0,0,0,0.0,0,0.0,20,14,0.0,0.0,0.0,0.0,0.0,722.0,294.0,,,717.0,289.0,712.0,291.0,696.0,284.0,718.0,290.0,,,,,,,,0.0,0.0,0.0,0.0,0.0,0.0,0.0,0.0,0.0,32,0,0.0,0.0,0.0,0.0,0.0,0.0,0.0,0.0,0.0,0.0,0.0,0.0,0.0,0.0,28.0,17.0,0.0,0.0,0.0,0.0,0.0,0.0,0.0,0.0,0.0,0.0,0.0,0.0,0.0
319,Timothy,Castagne,Castagne,a,,,4.3,578,126.0,0.1,463,171.0,1.5,186.0,62.0,1,0,0.0,-2,2.0,249,260,0.3,7.7,1.5,1.0,1.4,421.0,153.0,,,217.0,86.0,171.0,44.0,212.0,53.0,214.0,73.0,,,,,,,,0.08,0.05,0.13,1.69,0.0,0.0,1.79,0.96,7.92,32,1,90.0,0.0,0.0,0.0,2.0,0.0,0.0,0.0,0.0,0.0,0.0,1.0,0.0,15.0,344.0,402.0,0.0,0.020000000000000018,0.12,0.1399999999999999,1.5899999999999999,29.19999999999999,40.5,19.0,8.899999999999999,2.0,6.0,3.0,8.0
320,Issa,Diop,Diop,a,,,4.3,581,129.0,0.1,534,190.0,0.0,510.0,213.0,0,0,0.0,-2,2.0,82,130,0.0,3.0,0.0,-0.5,1.3,431.0,155.0,,,354.0,134.0,444.0,159.0,405.0,150.0,407.0,146.0,,,,,,,,0.0,0.01,0.01,1.54,0.0,0.0,1.67,0.91,7.3,32,0,0.0,0.0,0.0,0.0,0.0,0.0,0.0,0.0,0.0,0.0,0.0,0.0,0.0,0.0,114.0,178.0,0.0,0.0,0.0,0.0,0.0,0.0,0.0,0.0,0.0,0.0,0.0,0.0,0.0
321,Jorge,Cuenca Barreno,J.Cuenca,a,,,4.3,585,132.0,0.1,574,205.0,0.0,512.0,214.0,0,0,0.0,-2,2.0,35,151,0.0,9.1,0.0,-0.5,2.8,215.0,84.0,,,247.0,97.0,358.0,127.0,400.0,146.0,344.0,116.0,,,,,,,,0.0,0.05,0.05,1.41,0.0,0.19,1.06,1.06,11.02,32,0,0.0,0.0,0.0,0.0,0.0,0.0,0.0,0.0,0.0,0.0,0.0,0.0,0.0,0.0,40.0,219.0,0.0,0.0,0.0,0.0,0.0,0.0,0.0,0.0,0.0,0.0,0.0,0.0,0.0
322,Kenny,Tete,Tete,i,Foot injury - Unknown return date,,4.5,416,78.0,0.3,346,125.0,0.0,588.0,234.0,0,0,0.0,0,0.0,21,4832,0.0,18.0,0.0,0.0,3.7,88.0,32.0,0.0,0.0,132.0,56.0,169.0,42.0,254.0,69.0,179.0,60.0,,,,,,,,0.05,0.07,0.12,1.3,0.0,0.3,1.26,1.06,8.29,32,0,0.0,0.0,0.0,0.0,0.0,0.0,0.0,0.0,0.0,0.0,0.0,0.0,0.0,0.0,40.0,10011.0,0.0,0.0,0.0,0.0,0.0,0.0,0.0,0.0,0.0,0.0,0.0,0.0,0.0
223,Gabriel,Słonina,Slonina,a,,,3.9,767,82.0,0.1,471,69.0,0.0,388.0,43.0,0,0,0.0,-1,1.0,23,124,0.0,0.0,0.5,0.0,0.0,561.0,54.0,,,551.0,54.0,538.0,37.0,506.0,24.0,553.0,54.0,,,,,,,,0.0,0.0,0.0,0.0,0.0,0.0,0.0,0.0,0.0,32,0,0.0,0.0,0.0,0.0,0.0,0.0,0.0,0.0,0.0,0.0,0.0,0.0,0.0,0.0,42.0,168.0,0.0,0.0,0.0,0.0,0.0,0.0,0.0,0.0,0.0,0.0,0.0,0.0,0.0
224,Marc,Cucurella Saseta,Cucurella,a,,,6.0,86,5.0,16.5,20,7.0,0.5,330.0,102.0,0,0,0.0,0,0.0,124798,12154,0.1,15.7,1.5,0.5,3.4,149.0,57.0,100.0,100.0,91.0,40.0,39.0,4.0,109.0,13.0,63.0,10.0,,,,,,,,0.09,0.13,0.22,1.36,0.0,0.37,1.16,1.04,6.57,32,0,90.0,0.0,0.0,0.0,3.0,0.0,0.0,0.0,1.0,0.0,0.0,1.0,0.0,-1.0,148063.0,27566.0,0.0,0.5399999999999998,0.040000000000000036,0.5800000000000001,2.2900000000000027,25.599999999999966,25.899999999999977,36.0,8.799999999999997,2.0,5.0,3.0,7.0
225,Reece,James,James,d,Hamstring injury - 25% chance of playing,,5.6,128,12.0,6.4,63,20.0,0.0,793.0,264.0,0,0,0.0,1,-1.0,161,64166,0.0,20.2,0.1,0.0,4.2,49.0,19.0,25.0,0.0,119.0,53.0,42.0,5.0,253.0,68.0,93.0,24.0,1.0,1.0,,,,,,0.05,0.15,0.2,1.34,0.0,0.38,0.95,0.95,5.9,32,0,0.0,0.0,0.0,0.0,0.0,0.0,0.0,0.0,0.0,0.0,0.0,0.0,0.0,0.0,290.0,94620.0,0.0,0.0,0.0,0.0,0.0,0.0,0.0,0.0,0.0,0.0,0.0,0.0,0.0
743,Landon,Emenalo,Emenalo,a,,,4.5,500,310.0,0.0,728,302.0,0.0,661.0,259.0,0,0,0.0,0,0.0,15,18,0.0,0.0,0.5,0.0,0.0,750.0,316.0,,,749.0,315.0,742.0,315.0,729.0,311.0,749.0,315.0,,,,,,,,0.0,0.0,0.0,0.0,0.0,0.0,0.0,0.0,0.0,32,0,0.0,0.0,0.0,0.0,0.0,0.0,0.0,0.0,0.0,0.0,0.0,0.0,0.0,0.0,18.0,26.0,0.0,0.0,0.0,0.0,0.0,0.0,0.0,0.0,0.0,0.0,0.0,0.0,0.0
378,Amara,Nallo,Nallo,a,,,3.7,826,268.0,0.9,199,77.0,0.0,342.0,110.0,0,0,0.0,-3,3.0,440,4433,0.0,0.0,0.5,0.5,0.0,526.0,186.0,100.0,100.0,516.0,185.0,499.0,184.0,466.0,178.0,518.0,185.0,,,,,,,,0.0,0.0,0.0,0.0,0.0,0.0,0.0,0.0,0.0,32,0,0.0,0.0,0.0,0.0,0.0,0.0,0.0,0.0,0.0,0.0,0.0,0.0,0.0,0.0,704.0,6088.0,0.0,0.0,0.0,0.0,0.0,0.0,0.0,0.0,0.0,0.0,0.0,0.0,0.0
379,Rhys,Williams,R.Williams,a,,,3.7,818,260.0,0.6,256,97.0,0.0,336.0,104.0,0,0,0.0,-3,3.0,480,2088,0.0,0.0,0.5,0.5,0.0,522.0,182.0,,,512.0,181.0,494.0,179.0,460.0,172.0,514.0,181.0,,,,,,,,0.0,0.0,0.0,0.0,0.0,0.0,0.0,0.0,0.0,32,0,0.0,0.0,0.0,0.0,0.0,0.0,0.0,0.0,0.0,0.0,0.0,0.0,0.0,0.0,757.0,2680.0,0.0,0.0,0.0,0.0,0.0,0.0,0.0,0.0,0.0,0.0,0.0,0.0,0.0
380,Calvin,Ramsay,Ramsay,a,,,3.7,820,262.0,0.3,352,129.0,0.0,338.0,106.0,0,0,0.0,-3,3.0,999,408,0.0,0.0,0.5,0.5,0.0,523.0,183.0,,,513.0,182.0,495.0,180.0,462.0,174.0,515.0,182.0,,,,,,,,0.0,0.0,0.0,0.0,0.0,0.0,0.0,0.0,0.0,32,0,0.0,0.0,0.0,0.0,0.0,0.0,0.0,0.0,0.0,0.0,0.0,0.0,0.0,0.0,1645.0,518.0,0.0,0.0,0.0,0.0,0.0,0.0,0.0,0.0,0.0,0.0,0.0,0.0,0.0
381,Mohamed,Salah,M.Salah,a,,,14.0,2,1.0,14.0,22,8.0,4.0,96.0,41.0,8,0,0.0,-5,5.0,5600,9538,0.3,7.5,4.5,4.5,4.6,28.0,12.0,100.0,100.0,120.0,39.0,14.0,14.0,14.0,5.0,15.0,11.0,2.0,4.0,1.0,,,,,0.35,0.23,0.58,1.3,0.0,0.33,1.51,0.94,4.34,32,8,89.0,1.0,0.0,1.0,0.0,0.0,0.0,0.0,0.0,0.0,0.0,1.0,0.0,26.0,8698.0,16911.0,0.0,0.4299999999999997,0.3099999999999996,0.7400000000000002,1.0399999999999991,48.60000000000002,29.199999999999932,54.0,13.199999999999989,4.0,0.0,1.0,5.0
382,Florian,Wirtz,Wirtz,a,,,8.3,13,8.0,8.8,43,14.0,4.0,95.0,40.0,6,0,0.0,-2,2.0,11641,30966,0.5,13.4,4.5,4.5,4.0,66.0,30.0,100.0,100.0,111.0,36.0,7.0,7.0,25.0,11.0,14.0,10.0,4.0,5.0,,,,,,0.26,0.2,0.46,1.18,0.0,0.43,1.09,1.04,6.65,32,6,67.0,0.0,1.0,1.0,0.0,0.0,0.0,0.0,0.0,0.0,0.0,1.0,0.0,21.0,17464.0,54561.0,0.0,0.2999999999999998,0.2400000000000002,0.5400000000000009,0.5800000000000018,26.200000000000045,42.90000000000009,18.0,8.699999999999989,0.0,2.0,5.0,7.0
383,Luis,Díaz Marulanda,Luis Díaz,u,Has joined Bayern Munch permanently.,,8.0,16,11.0,0.0,607,231.0,0.0,821.0,367.0,0,0,0.0,0,0.0,0,1,0.0,0.0,0.0,0.0,0.0,825.0,370.0,0.0,0.0,825.0,370.0,825.0,370.0,825.0,370.0,825.0,370.0,,,,,,,,0.0,0.0,0.0,0.0,0.0,0.0,0.0,0.0,0.0,32,0,0.0,0.0,0.0,0.0,0.0,0.0,0.0,0.0,0.0,0.0,0.0,0.0,0.0,0.0,0.0,1.0,0.0,0.0,0.0,0.0,0.0,0.0,0.0,0.0,0.0,0.0,0.0,0.0,0.0
501,Sean,Neave,Neave,a,,,4.3,615,86.0,0.3,354,57.0,0.0,537.0,55.0,0,0,0.0,-2,2.0,142,298,0.0,0.0,0.0,0.0,0.0,664.0,67.0,,,654.0,67.0,650.0,66.0,627.0,66.0,656.0,67.0,,,,,,,,0.0,0.0,0.0,0.0,0.0,0.0,0.0,0.0,0.0,32,0,0.0,0.0,0.0,0.0,0.0,0.0,0.0,0.0,0.0,0.0,0.0,0.0,0.0,0.0,190.0,382.0,0.0,0.0,0.0,0.0,0.0,0.0,0.0,0.0,0.0,0.0,0.0,0.0,0.0
251,Nicolas,Jackson,N.Jackson,u,has joined Bayern Munich on loan for the rest of the season.,,6.5,54,19.0,0.1,538,75.0,0.0,815.0,92.0,0,0,0.0,0,0.0,0,8,0.0,0.0,0.0,0.0,0.0,822.0,92.0,0.0,0.0,822.0,92.0,822.0,92.0,822.0,92.0,822.0,92.0,,,,,,,,0.0,0.0,0.0,0.0,0.0,0.0,0.0,0.0,0.0,32,0,0.0,0.0,0.0,0.0,0.0,0.0,0.0,0.0,0.0,0.0,0.0,0.0,0.0,0.0,0.0,9.0,0.0,0.0,0.0,0.0,0.0,0.0,0.0,0.0,0.0,0.0,0.0,0.0,0.0
252,Marc,Guiu Paz,Marc Guiu,a,,,4.0,699,92.0,5.1,78,15.0,0.0,440.0,48.0,0,0,0.0,-5,5.0,4428,15331,0.0,3.0,0.5,0.0,1.3,430.0,52.0,100.0,100.0,446.0,53.0,368.0,46.0,287.0,49.0,411.0,53.0,,,,,,,,0.53,0.11,0.64,2.06,0.0,0.0,0.73,0.36,2.55,32,0,0.0,0.0,0.0,0.0,0.0,0.0,0.0,0.0,0.0,0.0,0.0,0.0,0.0,0.0,8110.0,36240.0,0.0,0.0,0.0,0.0,0.0,0.0,0.0,0.0,0.0,0.0,0.0,0.0,0.0
453,Alejandro,Garnacho Ferreyra,Garnacho,a,,,6.4,60,39.0,0.5,277,97.0,0.5,331.0,162.0,1,0,0.0,-1,1.0,934,1027,0.1,8.1,1.5,0.5,2.5,277.0,118.0,,,283.0,120.0,73.0,56.0,70.0,41.0,130.0,73.0,,,,,,,,0.24,0.28,0.52,1.53,0.0,0.32,1.34,1.1,4.89,32,1,23.0,0.0,0.0,0.0,1.0,0.0,0.0,0.0,0.0,0.0,0.0,0.0,0.0,3.0,1291.0,1777.0,0.0,0.0,0.010000000000000231,0.009999999999999787,0.5300000000000011,0.20000000000001705,1.6999999999999886,2.0,0.3999999999999915,0.0,0.0,1.0,1.0
777,Temple,Ojinnaka,Ojinnaka,u,has joined Shrewsbury Town on loan for the rest of the season.,,4.5,454,272.0,0.0,809,358.0,0.0,618.0,223.0,0,0,0.0,0,0.0,0,5,0.0,0.0,0.0,0.0,0.0,717.0,289.0,0.0,0.0,712.0,284.0,707.0,286.0,691.0,279.0,713.0,285.0,,,,,,,,0.0,0.0,0.0,0.0,0.0,0.0,0.0,0.0,0.0,32,0,0.0,0.0,0.0,0.0,0.0,0.0,0.0,0.0,0.0,0.0,0.0,0.0,0.0,0.0,0.0,6.0,0.0,0.0,0.0,0.0,0.0,0.0,0.0,0.0,0.0,0.0,0.0,0.0,0.0
778,Ethan,Sutherland,Sutherland,a,,,4.5,488,300.0,0.0,754,321.0,0.0,649.0,249.0,0,0,0.0,0,0.0,51,33,0.0,0.0,-0.5,-0.5,0.0,741.0,309.0,,,739.0,307.0,732.0,307.0,719.0,303.0,739.0,307.0,,,,,,,,0.0,0.0,0.0,0.0,0.0,0.0,0.0,0.0,0.0,32,0,0.0,0.0,0.0,0.0,0.0,0.0,0.0,0.0,0.0,0.0,0.0,0.0,0.0,0.0,63.0,48.0,0.0,0.0,0.0,0.0,0.0,0.0,0.0,0.0,0.0,0.0,0.0,0.0,0.0
346,Sam,Byram,Byram,a,,,3.7,817,259.0,0.3,327,119.0,0.0,335.0,103.0,0,0,0.0,-3,3.0,2384,1290,0.0,0.3,0.5,-0.5,1.0,449.0,160.0,,,511.0,180.0,493.0,178.0,459.0,171.0,513.0,180.0,,,,,,,,0.0,0.0,0.0,10.16,0.0,0.0,12.86,0.0,0.0,32,0,0.0,0.0,0.0,0.0,0.0,0.0,0.0,0.0,0.0,0.0,0.0,0.0,0.0,0.0,4146.0,1696.0,0.0,0.0,0.0,0.0,0.0,0.0,0.0,0.0,0.0,0.0,0.0,0.0,0.0
814,Luca,Netz,Netz,a,,,4.5,442,90.0,0.0,774,261.0,0.0,609.0,241.0,0,0,0.0,0,0.0,23,21,0.0,0.4,0.5,0.0,1.0,478.0,172.0,,,472.0,170.0,463.0,168.0,449.0,169.0,485.0,171.0,,,,,,,,0.0,0.68,0.68,0.09,0.0,0.0,0.0,0.0,1.88,32,0,0.0,0.0,0.0,0.0,0.0,0.0,0.0,0.0,0.0,0.0,0.0,0.0,0.0,0.0,29.0,24.0,0.0,0.0,0.0,0.0,0.0,0.0,0.0,0.0,0.0,0.0,0.0,0.0,0.0
745,Jun'ai,Byfield,Byfield,a,,,4.0,736,208.0,0.0,615,219.0,0.0,476.0,189.0,0,0,0.0,0,0.0,44,54,0.0,0.2,0.0,0.0,1.0,460.0,169.0,,,506.0,178.0,476.0,174.0,589.0,243.0,510.0,179.0,,,,,,,,0.0,0.0,0.0,0.0,0.0,0.0,0.0,0.0,0.0,32,0,0.0,0.0,0.0,0.0,0.0,0.0,0.0,0.0,0.0,0.0,0.0,0.0,0.0,0.0,54.0,61.0,0.0,0.0,0.0,0.0,0.0,0.0,0.0,0.0,0.0,0.0,0.0,0.0,0.0
648,Marshall,Munetsi,Munetsi,u,has joined Paris FC on loan for the rest of the season.,,5.3,192,121.0,0.0,629,244.0,0.0,765.0,331.0,0,0,0.0,-2,2.0,0,9,0.0,7.2,0.0,0.0,2.9,206.0,84.0,0.0,0.0,313.0,141.0,332.0,181.0,151.0,86.0,303.0,150.0,,,,,,,,0.17,0.04,0.21,1.38,0.0,0.0,1.96,0.93,8.26,32,0,0.0,0.0,0.0,0.0,0.0,0.0,0.0,0.0,0.0,0.0,0.0,0.0,0.0,0.0,0.0,22.0,0.0,0.0,0.0,0.0,0.0,0.0,0.0,0.0,0.0,0.0,0.0,0.0,0.0
649,Boubacar,Traoré,B.Traore,u,Has joined FC Metz on loan for the rest of the season.,,5.0,262,159.0,0.0,820,365.0,0.0,737.0,311.0,0,0,0.0,0,0.0,0,0,0.0,0.0,0.0,0.0,0.0,793.0,348.0,0.0,0.0,792.0,347.0,790.0,347.0,785.0,345.0,792.0,347.0,,,,,,,,0.0,0.0,0.0,0.0,0.0,0.0,0.0,0.0,0.0,32,0,0.0,0.0,0.0,0.0,0.0,0.0,0.0,0.0,0.0,0.0,0.0,0.0,0.0,0.0,0.0,0.0,0.0,0.0,0.0,0.0,0.0,0.0,0.0,0.0,0.0,0.0,0.0,0.0,0.0
650,Tawanda,Chirewa,Chirewa,u,has joined Barnsley on loan for the rest of the season.,,4.3,599,353.0,0.2,383,131.0,0.0,523.0,170.0,0,0,0.0,-2,2.0,0,162,0.0,0.5,0.0,0.0,1.0,466.0,202.0,0.0,0.0,489.0,224.0,483.0,235.0,617.0,230.0,499.0,228.0,,,,,,,,0.0,0.0,0.0,1.8,0.0,0.0,0.0,0.0,14.4,32,0,0.0,0.0,0.0,0.0,0.0,0.0,0.0,0.0,0.0,0.0,0.0,0.0,0.0,0.0,0.0,239.0,0.0,0.0,0.0,0.0,0.0,0.0,0.0,0.0,0.0,0.0,0.0,0.0,0.0
651,Tom,Edozie,Edozie,a,,,4.3,614,363.0,0.4,290,101.0,1.0,217.0,100.0,1,0,0.0,-2,2.0,205,1158,0.2,1.6,0.5,0.5,3.5,119.0,54.0,,,433.0,190.0,480.0,232.0,381.0,192.0,446.0,200.0,,,,,,,,1.88,0.0,1.88,1.64,0.0,0.0,0.0,0.0,8.18,32,1,5.0,0.0,0.0,0.0,0.0,0.0,0.0,0.0,0.0,0.0,0.0,0.0,0.0,2.0,333.0,1633.0,0.0,0.06,0.0,0.06,0.0,0.0,0.30000000000000004,6.0,0.5999999999999996,0.0,0.0,1.0,1.0
653,Joe,Hodge,Hodge,u,Signed by CD Tondela,,4.5,427,254.0,0.0,668,268.0,0.0,595.0,206.0,0,0,0.0,0,0.0,0,6,0.0,0.0,0.0,0.0,0.0,701.0,274.0,0.0,0.0,695.0,268.0,690.0,271.0,672.0,263.0,697.0,270.0,,,,,,,,0.0,0.0,0.0,0.0,0.0,0.0,0.0,0.0,0.0,32,0,0.0,0.0,0.0,0.0,0.0,0.0,0.0,0.0,0.0,0.0,0.0,0.0,0.0,0.0,0.0,9.0,0.0,0.0,0.0,0.0,0.0,0.0,0.0,0.0,0.0,0.0,0.0,0.0,0.0
655,Fábio,Soares Silva,Fábio Silva,u,has joined Borussia Dortmund permanently.,,4.9,326,61.0,0.2,401,60.0,0.0,719.0,78.0,0,0,0.0,-1,1.0,0,25,0.0,0.0,0.0,0.0,0.0,783.0,86.0,0.0,0.0,782.0,86.0,778.0,85.0,774.0,85.0,782.0,86.0,,,,,,,,0.0,0.0,0.0,0.0,0.0,0.0,0.0,0.0,0.0,32,0,0.0,0.0,0.0,0.0,0.0,0.0,0.0,0.0,0.0,0.0,0.0,0.0,0.0,0.0,0.0,30.0,0.0,0.0,0.0,0.0,0.0,0.0,0.0,0.0,0.0,0.0,0.0,0.0,0.0
656,Saša,Kalajdžić,Kalajdžić,u,has joined LASK on loan for the rest of the season.,,4.9,318,59.0,0.0,593,81.0,0.0,714.0,77.0,0,0,0.0,-1,1.0,0,7,0.0,0.2,0.0,0.0,1.0,493.0,59.0,0.0,0.0,504.0,61.0,448.0,58.0,454.0,61.0,492.0,61.0,,,,,,,,0.0,0.06,0.06,0.64,0.0,0.0,0.0,0.0,12.86,32,0,0.0,0.0,0.0,0.0,0.0,0.0,0.0,0.0,0.0,0.0,0.0,0.0,0.0,0.0,0.0,8.0,0.0,0.0,0.0,0.0,0.0,0.0,0.0,0.0,0.0,0.0,0.0,0.0,0.0
657,Leon,Chiwome,Chiwome,a,,,4.4,565,81.0,0.0,633,83.0,0.0,577.0,62.0,0,0,0.0,-1,1.0,88,88,0.0,0.0,-0.5,-0.5,0.0,688.0,74.0,100.0,100.0,682.0,74.0,677.0,73.0,658.0,73.0,684.0,74.0,,,,,,,,0.0,0.0,0.0,0.0,0.0,0.0,0.0,0.0,0.0,32,0,0.0,0.0,0.0,0.0,0.0,0.0,0.0,0.0,0.0,0.0,0.0,0.0,0.0,0.0,130.0,112.0,0.0,0.0,0.0,0.0,0.0,0.0,0.0,0.0,0.0,0.0,0.0,0.0,0.0
658,Nathan,Fraser,Fraser,a,,,4.2,643,89.0,1.8,146,21.0,0.0,498.0,49.0,0,0,0.0,-3,3.0,1342,3886,0.0,0.0,-0.5,-0.5,0.0,647.0,63.0,,,639.0,63.0,633.0,62.0,607.0,62.0,641.0,63.0,,,,,,,,0.0,0.0,0.0,0.0,0.0,0.0,0.0,0.0,0.0,32,0,0.0,0.0,0.0,0.0,0.0,0.0,0.0,0.0,0.0,0.0,0.0,0.0,0.0,0.0,1809.0,5306.0,0.0,0.0,0.0,0.0,0.0,0.0,0.0,0.0,0.0,0.0,0.0,0.0,0.0
