id,first_name,second_name,web_name,status,news,news_added,now_cost,now_cost_rank,now_cost_rank_type,selected_by_percent,selected_rank,selected_rank_type,form,form_rank,form_rank_type,event_points,cost_change_event,cost_change_event_fall,cost_change_start,cost_change_start_fall,transfers_in_event,transfers_out_event,value_form,value_season,ep_next,ep_this,points_per_game,points_per_game_rank,points_per_game_rank_type,chance_of_playing_next_round,chance_of_playing_this_round,influence_rank,influence_rank_type,creativity_rank,creativity_rank_type,threat_rank,threat_rank_type,ict_index_rank,ict_index_rank_type,corners_and_indirect_freekicks_order,direct_freekicks_order,penalties_order,set_piece_threat,corners_and_indirect_freekicks_text,direct_freekicks_text,penalties_text,expected_goals_per_90,expected_assists_per_90,expected_goal_involvements_per_90,expected_goals_conceded_per_90,saves_per_90,clean_sheets_per_90,goals_conceded_per_90,starts_per_90,defensive_contribution_per_90,gw,total_points,minutes,goals_scored,assists,clean_sheets,goals_conceded,own_goals,penalties_saved,penalties_missed,yellow_cards,red_cards,saves,starts,bonus,bps,transfers_in,transfers_out,dreamteam_count,expected_goals,expected_assists,expected_goal_involvements,expected_goals_conceded,influence,creativity,threat,ict_index,tackles,clearances_blocks_interceptions,recoveries,defensive_contribution
25,Ethan,Nwaneri,Nwaneri,u,has joined Marseille on loan for the rest of the season.,,5.0,270,163.0,0.1,435,147.0,0.0,742.0,320.0,0,0,0.0,-5,5.0,0,548,0.0,1.6,0.0,0.0,1.3,416.0,186.0,0.0,0.0,444.0,200.0,370.0,190.0,347.0,180.0,425.0,191.0,,,,,,,,0.13,0.04,0.17,0.4,0.0,0.55,0.0,0.0,7.09,23,0,0.0,0.0,0.0,0.0,0.0,0.0,0.0,0.0,0.0,0.0,0.0,0.0,0.0,0.0,0.0,615.0,0.0,0.0,0.0,0.0,0.0,0.0,0.0,0.0,0.0,0.0,0.0,0.0,0.0
294,Séamus,Coleman,Coleman,a,,,4.2,620,142.0,0.1,485,175.0,0.0,535.0,227.0,0,0,0.0,-3,3.0,208,86,0.0,0.7,0.0,0.0,1.0,440.0,164.0,100.0,100.0,610.0,244.0,466.0,171.0,570.0,240.0,611.0,244.0,,,,,,,,0.0,0.0,0.0,1.96,0.0,0.0,0.0,8.18,0.0,23,0,0.0,0.0,0.0,0.0,0.0,0.0,0.0,0.0,0.0,0.0,0.0,0.0,0.0,0.0,239.0,96.0,0.0,0.0,0.0,0.0,0.0,0.0,0.0,0.0,0.0,0.0,0.0,0.0,0.0
288,Mark,Travers,Travers,a,,,4.3,577,28.0,0.1,454,70.0,0.0,555.0,83.0,0,0,0.0,-2,2.0,142,176,0.0,0.0,0.0,0.0,0.0,627.0,87.0,,,618.0,87.0,614.0,79.0,585.0,66.0,619.0,87.0,,,,,,,,0.0,0.0,0.0,0.0,0.0,0.0,0.0,0.0,0.0,23,0,0.0,0.0,0.0,0.0,0.0,0.0,0.0,0.0,0.0,0.0,0.0,0.0,0.0,0.0,161.0,191.0,0.0,0.0,0.0,0.0,0.0,0.0,0.0,0.0,0.0,0.0,0.0,0.0,0.0
326,Adama,Traoré Diarra,Adama,a,,,5.1,226,139.0,0.1,416,140.0,0.6,312.0,138.0,0,0,0.0,-4,4.0,1004,416,0.1,3.3,0.6,0.6,1.1,429.0,193.0,,,429.0,191.0,286.0,165.0,285.0,150.0,375.0,175.0,,,,,,,,0.07,0.19,0.26,1.69,0.0,0.0,2.41,0.34,4.83,23,0,0.0,0.0,0.0,0.0,0.0,0.0,0.0,0.0,0.0,0.0,0.0,0.0,0.0,0.0,1049.0,452.0,0.0,0.0,0.0,0.0,0.0,0.0,0.0,0.0,0.0,0.0,0.0,0.0,0.0
802,Keiber,Lamadrid,Lamadrid,a,,,5.0,279,171.0,0.0,791,348.0,0.0,746.0,323.0,0,0,0.0,0,0.0,110,19,0.0,0.0,1.8,1.8,0.0,776.0,340.0,,,776.0,340.0,774.0,340.0,767.0,337.0,775.0,339.0,,,,,,,,0.0,0.0,0.0,0.0,0.0,0.0,0.0,0.0,0.0,23,0,0.0,0.0,0.0,0.0,0.0,0.0,0.0,0.0,0.0,0.0,0.0,0.0,0.0,0.0,126.0,22.0,0.0,0.0,0.0,0.0,0.0,0.0,0.0,0.0,0.0,0.0,0.0,0.0,0.0
327,Andreas,Hoelgebaum Pereira,Andreas,u,has joined Palmeiras permanently.,,5.3,188,115.0,0.1,549,199.0,0.0,762.0,336.0,0,0,0.0,-2,2.0,0,16,0.0,0.0,0.0,0.0,0.0,782.0,344.0,0.0,0.0,782.0,344.0,781.0,344.0,776.0,343.0,782.0,344.0,,,,,,,,0.0,0.0,0.0,0.0,0.0,0.0,0.0,0.0,0.0,23,0,0.0,0.0,0.0,0.0,0.0,0.0,0.0,0.0,0.0,0.0,0.0,0.0,0.0,0.0,0.0,18.0,0.0,0.0,0.0,0.0,0.0,0.0,0.0,0.0,0.0,0.0,0.0,0.0,0.0
328,Ryan,Sessegnon,Sessegnon,a,,,5.4,164,102.0,0.2,408,138.0,1.0,290.0,129.0,1,0,0.0,-1,1.0,403,1891,0.2,11.3,1.0,1.0,3.8,90.0,40.0,100.0,100.0,172.0,68.0,191.0,127.0,159.0,92.0,187.0,98.0,,,,,,,,0.07,0.1,0.17,1.28,0.0,0.3,1.55,1.03,10.34,23,1,31.0,0.0,0.0,0.0,0.0,0.0,0.0,0.0,0.0,0.0,0.0,0.0,0.0,4.0,1095.0,2127.0,0.0,0.0,0.0,0.0,0.3200000000000003,13.800000000000011,0.4000000000000057,0.0,1.3999999999999986,1.0,5.0,1.0,7.0
740,Stephen,Mfuni,Mfuni,a,,,3.9,767,225.0,0.0,609,218.0,0.0,462.0,181.0,0,0,0.0,-1,1.0,61,117,0.0,0.0,0.5,0.5,0.0,549.0,201.0,,,540.0,201.0,531.0,201.0,494.0,193.0,540.0,200.0,,,,,,,,0.0,0.0,0.0,0.0,0.0,0.0,0.0,0.0,0.0,23,0,0.0,0.0,0.0,0.0,0.0,0.0,0.0,0.0,0.0,0.0,0.0,0.0,0.0,0.0,69.0,150.0,0.0,0.0,0.0,0.0,0.0,0.0,0.0,0.0,0.0,0.0,0.0,0.0,0.0
746,Kieran,Morrison,Morrison,a,,,4.5,485,297.0,0.0,736,314.0,0.0,668.0,266.0,0,0,0.0,0,0.0,31,38,0.0,0.0,0.5,0.5,0.0,722.0,300.0,,,721.0,299.0,716.0,299.0,698.0,293.0,720.0,298.0,,,,,,,,0.0,0.0,0.0,0.0,0.0,0.0,0.0,0.0,0.0,23,0,0.0,0.0,0.0,0.0,0.0,0.0,0.0,0.0,0.0,0.0,0.0,0.0,0.0,0.0,39.0,43.0,0.0,0.0,0.0,0.0,0.0,0.0,0.0,0.0,0.0,0.0,0.0,0.0,0.0
771,Tyler,Fletcher,Fletcher,a,,,4.4,542,325.0,0.0,757,327.0,0.0,596.0,214.0,0,-1,1.0,-1,1.0,81,105,0.0,0.0,0.0,-1.0,0.0,660.0,256.0,,,652.0,248.0,649.0,253.0,623.0,241.0,653.0,249.0,,,,,,,,0.0,0.0,0.0,0.0,0.0,0.0,0.0,0.0,0.0,23,0,0.0,0.0,0.0,0.0,0.0,0.0,0.0,0.0,0.0,0.0,0.0,0.0,0.0,0.0,88.0,123.0,0.0,0.0,0.0,0.0,0.0,0.0,0.0,0.0,0.0,0.0,0.0,0.0,0.0
512,Omar,Richards,O.Richards,u,has joined Rio Ave on loan for the rest of the season.,,4.5,416,79.0,0.0,672,233.0,0.0,617.0,245.0,0,0,0.0,0,0.0,0,12,0.0,0.0,0.0,0.0,0.0,679.0,252.0,0.0,0.0,674.0,252.0,670.0,252.0,646.0,250.0,675.0,252.0,,,,,,,,0.0,0.0,0.0,0.0,0.0,0.0,0.0,0.0,0.0,23,0,0.0,0.0,0.0,0.0,0.0,0.0,0.0,0.0,0.0,0.0,0.0,0.0,0.0,0.0,0.0,14.0,0.0,0.0,0.0,0.0,0.0,0.0,0.0,0.0,0.0,0.0,0.0,0.0,0.0
536,Leo Fuhr,Hjelde,Hjelde,a,,,4.0,680,172.0,0.0,685,237.0,0.0,492.0,194.0,0,0,0.0,0,0.0,121,84,0.0,0.0,0.0,0.0,0.0,579.0,214.0,100.0,100.0,570.0,214.0,563.0,214.0,528.0,208.0,570.0,213.0,,,,,,,,0.0,0.0,0.0,0.0,0.0,0.0,0.0,0.0,0.0,23,0,0.0,0.0,0.0,0.0,0.0,0.0,0.0,0.0,0.0,0.0,0.0,0.0,0.0,0.0,140.0,88.0,0.0,0.0,0.0,0.0,0.0,0.0,0.0,0.0,0.0,0.0,0.0,0.0,0.0
149,Igor Julio,dos Santos de Paulo,Igor,a,,,4.5,419,81.0,0.1,518,186.0,0.0,619.0,246.0,0,0,0.0,0,0.0,249,254,0.0,1.3,0.0,0.0,1.5,390.0,145.0,100.0,100.0,418.0,158.0,399.0,147.0,648.0,251.0,439.0,160.0,,,,,,,,0.0,0.0,0.0,4.07,0.0,0.0,2.62,0.87,11.36,23,0,0.0,0.0,0.0,0.0,0.0,0.0,0.0,0.0,0.0,0.0,0.0,0.0,0.0,0.0,285.0,289.0,0.0,0.0,0.0,0.0,0.0,0.0,0.0,0.0,0.0,0.0,0.0,0.0,0.0
557,Harrison,Jones,H.Jones,a,,,4.3,604,350.0,0.1,540,192.0,0.0,566.0,196.0,0,0,0.0,-2,2.0,245,238,0.0,0.0,0.0,0.0,0.0,637.0,240.0,,,628.0,231.0,625.0,236.0,597.0,223.0,629.0,232.0,,,,,,,,0.0,0.0,0.0,0.0,0.0,0.0,0.0,0.0,0.0,23,0,0.0,0.0,0.0,0.0,0.0,0.0,0.0,0.0,0.0,0.0,0.0,0.0,0.0,0.0,285.0,270.0,0.0,0.0,0.0,0.0,0.0,0.0,0.0,0.0,0.0,0.0,0.0,0.0,0.0
774,Jenson,Jones,Jenson Jones,a,,,4.0,665,166.0,0.0,726,247.0,0.0,479.0,190.0,0,0,0.0,0,0.0,149,90,0.0,0.0,0.0,0.0,0.0,566.0,210.0,,,557.0,210.0,550.0,210.0,515.0,204.0,557.0,209.0,,,,,,,,0.0,0.0,0.0,0.0,0.0,0.0,0.0,0.0,0.0,23,0,0.0,0.0,0.0,0.0,0.0,0.0,0.0,0.0,0.0,0.0,0.0,0.0,0.0,0.0,169.0,100.0,0.0,0.0,0.0,0.0,0.0,0.0,0.0,0.0,0.0,0.0,0.0,0.0,0.0
639,Bastien,Meupiyou Menadjou,Meupiyou,u,On loan to FC Alverca,,4.0,702,187.0,0.0,746,254.0,0.0,512.0,207.0,0,0,0.0,0,0.0,0,5,0.0,0.0,0.0,0.0,0.0,597.0,225.0,0.0,0.0,588.0,225.0,581.0,225.0,547.0,220.0,588.0,224.0,,,,,,,,0.0,0.0,0.0,0.0,0.0,0.0,0.0,0.0,0.0,23,0,0.0,0.0,0.0,0.0,0.0,0.0,0.0,0.0,0.0,0.0,0.0,0.0,0.0,0.0,0.0,7.0,0.0,0.0,0.0,0.0,0.0,0.0,0.0,0.0,0.0,0.0,0.0,0.0,0.0
640,Pedro,Cardoso de Lima,Pedro Lima,a,,,4.0,722,206.0,0.4,277,105.0,0.2,358.0,131.0,0,0,0.0,0,0.0,253,442,0.0,0.2,0.2,-0.3,1.0,438.0,163.0,100.0,100.0,481.0,172.0,465.0,170.0,564.0,236.0,605.0,240.0,,,,,,,,0.0,0.0,0.0,0.0,0.0,0.0,0.0,0.0,0.0,23,0,0.0,0.0,0.0,0.0,0.0,0.0,0.0,0.0,0.0,0.0,0.0,0.0,0.0,0.0,306.0,476.0,0.0,0.0,0.0,0.0,0.0,0.0,0.0,0.0,0.0,0.0,0.0,0.0,0.0
641,Alfie,Pond,Pond,u,has joined Crewe Alexandra on loan for the rest of the season.,,3.9,762,223.0,1.1,183,72.0,0.0,457.0,179.0,0,0,0.0,-1,1.0,0,3233,0.0,0.0,0.0,0.0,0.0,544.0,199.0,0.0,0.0,535.0,199.0,526.0,199.0,489.0,191.0,535.0,198.0,,,,,,,,0.0,0.0,0.0,0.0,0.0,0.0,0.0,0.0,0.0,23,0,0.0,0.0,0.0,0.0,0.0,0.0,0.0,0.0,0.0,0.0,0.0,0.0,0.0,0.0,0.0,3673.0,0.0,0.0,0.0,0.0,0.0,0.0,0.0,0.0,0.0,0.0,0.0,0.0,0.0
648,Marshall,Munetsi,Munetsi,u,has joined Paris FC on loan for the rest of the season.,,5.3,198,123.0,0.0,615,237.0,0.0,765.0,337.0,0,0,0.0,-2,2.0,0,104,0.0,7.2,0.0,0.0,2.9,201.0,85.0,0.0,0.0,256.0,110.0,287.0,166.0,102.0,61.0,235.0,115.0,,,,,,,,0.17,0.04,0.21,1.38,0.0,0.0,1.96,0.93,8.26,23,0,0.0,0.0,0.0,0.0,0.0,0.0,0.0,0.0,0.0,0.0,0.0,0.0,0.0,0.0,0.0,127.0,0.0,0.0,0.0,0.0,0.0,0.0,0.0,0.0,0.0,0.0,0.0,0.0,0.0
650,Tawanda,Chirewa,Chirewa,a,,,4.3,593,345.0,0.2,357,119.0,0.2,362.0,162.0,0,0,0.0,-2,2.0,320,709,0.0,0.5,0.2,-0.2,1.0,442.0,195.0,100.0,75.0,461.0,212.0,461.0,224.0,590.0,219.0,473.0,217.0,,,,,,,,0.0,0.0,0.0,1.8,0.0,0.0,0.0,0.0,14.4,23,0,0.0,0.0,0.0,0.0,0.0,0.0,0.0,0.0,0.0,0.0,0.0,0.0,0.0,0.0,367.0,782.0,0.0,0.0,0.0,0.0,0.0,0.0,0.0,0.0,0.0,0.0,0.0,0.0,0.0
767,Luke,Rawlings,Rawlings,a,,,4.5,489,300.0,0.0,763,330.0,0.0,672.0,269.0,0,0,0.0,0,0.0,55,53,0.0,0.0,0.0,-0.5,0.0,726.0,303.0,,,725.0,302.0,720.0,302.0,702.0,296.0,724.0,301.0,,,,,,,,0.0,0.0,0.0,0.0,0.0,0.0,0.0,0.0,0.0,23,0,0.0,0.0,0.0,0.0,0.0,0.0,0.0,0.0,0.0,0.0,0.0,0.0,0.0,0.0,62.0,59.0,0.0,0.0,0.0,0.0,0.0,0.0,0.0,0.0,0.0,0.0,0.0,0.0,0.0
4,Tommy,Setford,Setford,a,,,3.9,765,89.0,0.2,343,50.0,0.0,460.0,50.0,0,0,0.0,-1,1.0,261,863,0.0,0.0,1.0,1.0,0.0,547.0,56.0,,,538.0,56.0,529.0,43.0,492.0,28.0,538.0,56.0,,,,,,,,0.0,0.0,0.0,0.0,0.0,0.0,0.0,0.0,0.0,23,0,0.0,0.0,0.0,0.0,0.0,0.0,0.0,0.0,0.0,0.0,0.0,0.0,0.0,0.0,296.0,976.0,0.0,0.0,0.0,0.0,0.0,0.0,0.0,0.0,0.0,0.0,0.0,0.0,0.0
725,Piero,Hincapié,Hincapie,a,,,5.1,235,34.0,0.6,225,86.0,0.5,333.0,124.0,0,-1,1.0,-4,4.0,3775,14613,0.1,6.9,1.5,1.1,2.7,229.0,89.0,100.0,75.0,227.0,91.0,295.0,97.0,359.0,123.0,306.0,104.0,,,,,,,,0.0,0.07,0.07,0.94,0.0,0.19,1.05,1.05,8.09,23,0,57.0,0.0,0.0,0.0,2.0,0.0,0.0,0.0,0.0,0.0,0.0,1.0,0.0,-2.0,3794.0,23849.0,0.0,0.0,0.010000000000000009,0.010000000000000009,0.4400000000000013,7.800000000000011,2.200000000000003,0.0,1.0,1.0,4.0,1.0,5.0
721,Veljko,Milosavljevic,Milosavljević,a,,,4.4,561,119.0,0.0,653,227.0,0.5,326.0,122.0,0,0,0.0,-1,1.0,94,47,0.1,4.3,0.5,0.0,2.7,226.0,88.0,100.0,100.0,323.0,126.0,391.0,143.0,381.0,138.0,379.0,134.0,,,,,,,,0.04,0.05,0.09,1.08,0.0,0.25,1.47,0.98,9.56,23,0,0.0,0.0,0.0,0.0,0.0,0.0,0.0,0.0,0.0,0.0,0.0,0.0,0.0,0.0,100.0,50.0,0.0,0.0,0.0,0.0,0.0,0.0,0.0,0.0,0.0,0.0,0.0,0.0,0.0
782,Fraser,Forster,Forster,a,,,4.0,650,40.0,0.0,708,82.0,0.0,468.0,54.0,0,0,0.0,0,0.0,324,113,0.0,0.0,0.0,-0.5,0.0,555.0,60.0,,,546.0,60.0,537.0,47.0,501.0,32.0,546.0,60.0,,,,,,,,0.0,0.0,0.0,0.0,0.0,0.0,0.0,0.0,0.0,23,0,0.0,0.0,0.0,0.0,0.0,0.0,0.0,0.0,0.0,0.0,0.0,0.0,0.0,0.0,356.0,124.0,0.0,0.0,0.0,0.0,0.0,0.0,0.0,0.0,0.0,0.0,0.0,0.0,0.0
799,Charlie,Stevens,Stevens,a,,,4.5,505,311.0,0.0,799,355.0,0.0,684.0,279.0,0,0,0.0,0,0.0,75,21,0.0,0.0,0.0,-0.5,0.0,736.0,311.0,,,736.0,311.0,731.0,311.0,713.0,305.0,735.0,310.0,,,,,,,,0.0,0.0,0.0,0.0,0.0,0.0,0.0,0.0,0.0,23,0,0.0,0.0,0.0,0.0,0.0,0.0,0.0,0.0,0.0,0.0,0.0,0.0,0.0,0.0,91.0,22.0,0.0,0.0,0.0,0.0,0.0,0.0,0.0,0.0,0.0,0.0,0.0,0.0,0.0
87,Ryan,Christie,Christie,a,,,4.9,292,180.0,0.1,564,207.0,0.5,328.0,143.0,1,0,0.0,-1,1.0,531,117,0.1,4.1,0.5,0.0,1.5,394.0,175.0,100.0,100.0,327.0,143.0,236.0,145.0,220.0,121.0,303.0,145.0,,,,,,,,0.3,0.07,0.37,1.89,0.0,0.0,2.47,0.27,10.15,23,1,23.0,0.0,0.0,0.0,1.0,0.0,0.0,0.0,0.0,0.0,0.0,0.0,0.0,10.0,574.0,132.0,0.0,0.030000000000000027,0.11000000000000001,0.14000000000000012,0.1900000000000004,12.200000000000003,31.800000000000004,13.0,5.699999999999999,0.0,0.0,1.0,1.0
270,Will,Hughes,Hughes,a,,,4.7,377,235.0,0.1,470,160.0,2.4,166.0,71.0,1,0,0.0,-3,3.0,511,519,0.5,6.8,2.4,2.4,1.6,377.0,167.0,100.0,100.0,290.0,132.0,121.0,86.0,272.0,145.0,253.0,124.0,5.0,,,,,,,0.07,0.1,0.17,1.43,0.0,0.37,1.11,1.02,8.71,23,1,14.0,0.0,0.0,0.0,0.0,0.0,0.0,0.0,0.0,0.0,0.0,0.0,0.0,8.0,634.0,591.0,0.0,0.0,0.14000000000000012,0.14000000000000012,0.0,3.4000000000000057,15.900000000000006,0.0,1.8999999999999986,0.0,0.0,2.0,2.0
92,Romain,Faivre,Faivre,a,,,4.5,428,256.0,0.1,538,191.0,0.0,626.0,231.0,0,0,0.0,0,0.0,189,96,0.0,0.0,0.0,-0.5,0.0,685.0,270.0,100.0,100.0,680.0,265.0,677.0,268.0,655.0,259.0,681.0,266.0,,,,,,,,0.0,0.0,0.0,0.0,0.0,0.0,0.0,0.0,0.0,23,0,0.0,0.0,0.0,0.0,0.0,0.0,0.0,0.0,0.0,0.0,0.0,0.0,0.0,0.0,213.0,103.0,0.0,0.0,0.0,0.0,0.0,0.0,0.0,0.0,0.0,0.0,0.0,0.0,0.0
273,Adam,Wharton,Wharton,s,Suspended until 08 Feb,,5.0,268,162.0,0.6,232,81.0,1.8,224.0,93.0,-1,0,0.0,0,0.0,910,18113,0.4,13.2,0.0,1.8,3.1,171.0,72.0,0.0,100.0,152.0,57.0,23.0,22.0,211.0,117.0,77.0,47.0,3.0,,,,,,,0.05,0.25,0.3,1.44,0.0,0.31,1.41,1.1,10.74,23,-1,72.0,0.0,0.0,0.0,3.0,0.0,0.0,0.0,0.0,1.0,0.0,1.0,0.0,0.0,1396.0,19411.0,0.0,0.0,0.1299999999999999,0.1299999999999999,2.200000000000003,2.3999999999999773,12.199999999999989,0.0,1.5,2.0,1.0,7.0,10.0
773,Dean,Benamar,Benamar,a,,,4.0,723,207.0,0.0,741,251.0,0.0,530.0,224.0,0,0,0.0,0,0.0,57,47,0.0,0.0,0.0,0.0,0.0,614.0,241.0,,,605.0,241.0,598.0,241.0,565.0,237.0,606.0,241.0,,,,,,,,0.0,0.0,0.0,0.0,0.0,0.0,0.0,0.0,0.0,23,0,0.0,0.0,0.0,0.0,0.0,0.0,0.0,0.0,0.0,0.0,0.0,0.0,0.0,0.0,63.0,54.0,0.0,0.0,0.0,0.0,0.0,0.0,0.0,0.0,0.0,0.0,0.0,0.0,0.0
306,Callum,Bates,Bates,a,,,4.3,605,351.0,0.1,513,183.0,0.0,567.0,197.0,0,0,0.0,-2,2.0,425,320,0.0,0.0,0.0,0.0,0.0,638.0,241.0,,,629.0,232.0,626.0,237.0,598.0,224.0,630.0,233.0,,,,,,,,0.0,0.0,0.0,0.0,0.0,0.0,0.0,0.0,0.0,23,0,0.0,0.0,0.0,0.0,0.0,0.0,0.0,0.0,0.0,0.0,0.0,0.0,0.0,0.0,498.0,378.0,0.0,0.0,0.0,0.0,0.0,0.0,0.0,0.0,0.0,0.0,0.0,0.0,0.0
323,Samuel,Amissah,Amissah,a,,,3.8,804,259.0,0.1,420,157.0,0.0,428.0,172.0,0,0,0.0,-2,2.0,144,368,0.0,0.0,0.0,0.0,0.0,516.0,193.0,,,507.0,193.0,497.0,193.0,460.0,185.0,507.0,192.0,,,,,,,,0.0,0.0,0.0,0.0,0.0,0.0,0.0,0.0,0.0,23,0,0.0,0.0,0.0,0.0,0.0,0.0,0.0,0.0,0.0,0.0,0.0,0.0,0.0,0.0,165.0,461.0,0.0,0.0,0.0,0.0,0.0,0.0,0.0,0.0,0.0,0.0,0.0,0.0,0.0
429,Kalvin,Phillips,Phillips,a,,,4.7,378,236.0,0.1,537,190.0,0.0,690.0,284.0,0,-1,1.0,-3,3.0,42,109,0.0,0.0,0.5,0.5,0.0,741.0,315.0,,,741.0,315.0,736.0,315.0,721.0,310.0,740.0,314.0,,,,,,,,0.0,0.0,0.0,0.0,0.0,0.0,0.0,0.0,0.0,23,0,0.0,0.0,0.0,0.0,0.0,0.0,0.0,0.0,0.0,0.0,0.0,0.0,0.0,0.0,47.0,122.0,0.0,0.0,0.0,0.0,0.0,0.0,0.0,0.0,0.0,0.0,0.0,0.0,0.0
299,Iliman,Ndiaye,Ndiaye,a,,,6.2,75,49.0,4.1,84,28.0,0.5,338.0,151.0,2,0,0.0,-3,3.0,49531,29655,0.1,12.1,0.5,0.5,4.4,43.0,18.0,100.0,100.0,99.0,32.0,85.0,63.0,51.0,30.0,60.0,40.0,,,1.0,,,,,0.21,0.19,0.4,1.29,0.0,0.38,1.26,1.07,9.67,23,2,90.0,0.0,0.0,0.0,1.0,0.0,0.0,0.0,0.0,0.0,0.0,1.0,0.0,12.0,87287.0,31366.0,0.0,0.21999999999999975,0.3500000000000001,0.5700000000000003,1.2300000000000004,10.600000000000023,20.0,13.0,4.400000000000006,1.0,2.0,4.0,7.0
637,Toti,Gomes,Toti,i,Hamstring injury - Unknown return date,,4.2,636,151.0,0.1,508,183.0,0.0,543.0,230.0,0,0,0.0,-3,3.0,54,215,0.0,4.8,0.0,0.0,1.5,386.0,142.0,0.0,0.0,209.0,86.0,258.0,77.0,333.0,109.0,286.0,95.0,,,,,,,,0.0,0.02,0.02,1.7,0.0,0.0,2.37,1.14,7.97,23,0,0.0,0.0,0.0,0.0,0.0,0.0,0.0,0.0,0.0,0.0,0.0,0.0,0.0,0.0,89.0,266.0,0.0,0.0,0.0,0.0,0.0,0.0,0.0,0.0,0.0,0.0,0.0,0.0,0.0
638,Ki-Jana,Hoever,Hoever,u,has joined Sheffield United on loan for the rest of the season.,,3.8,785,241.0,1.1,178,69.0,0.0,412.0,157.0,0,0,0.0,-2,2.0,0,7837,0.0,2.6,0.0,0.0,1.2,422.0,154.0,0.0,0.0,318.0,124.0,239.0,69.0,372.0,133.0,342.0,118.0,,,,,,,,0.0,0.08,0.08,1.99,0.0,0.0,2.77,1.28,8.51,23,0,0.0,0.0,0.0,0.0,0.0,0.0,0.0,0.0,0.0,0.0,0.0,0.0,0.0,0.0,0.0,8957.0,0.0,0.0,0.0,0.0,0.0,0.0,0.0,0.0,0.0,0.0,0.0,0.0,0.0
658,Nathan,Fraser,Fraser,a,,,4.2,638,88.0,1.8,141,22.0,0.0,545.0,47.0,0,0,0.0,-3,3.0,16350,6333,0.0,0.0,0.0,-0.5,0.0,622.0,60.0,,,614.0,60.0,609.0,59.0,578.0,59.0,615.0,60.0,,,,,,,,0.0,0.0,0.0,0.0,0.0,0.0,0.0,0.0,0.0,23,0,0.0,0.0,0.0,0.0,0.0,0.0,0.0,0.0,0.0,0.0,0.0,0.0,0.0,0.0,17749.0,6966.0,0.0,0.0,0.0,0.0,0.0,0.0,0.0,0.0,0.0,0.0,0.0,0.0,0.0
663,Jhon,Arias,J.Arias,a,,,4.9,317,196.0,0.2,407,137.0,3.0,124.0,50.0,1,0,0.0,-6,6.0,700,730,0.6,9.0,3.0,2.5,2.0,321.0,141.0,,,251.0,107.0,119.0,85.0,147.0,86.0,189.0,100.0,1.0,1.0,,,,,,0.27,0.05,0.32,1.23,0.0,0.16,1.63,1.14,10.0,23,1,45.0,0.0,0.0,0.0,2.0,0.0,0.0,0.0,0.0,0.0,0.0,1.0,0.0,2.0,846.0,924.0,0.0,0.0,0.0,0.0,0.6799999999999997,1.0,1.0,0.0,0.19999999999999574,2.0,0.0,5.0,7.0
748,Josh,Dasilva,Dasilva,i,Knee injury - Unknown return date,,4.9,298,184.0,0.0,793,350.0,0.0,708.0,296.0,0,0,0.0,-1,1.0,7,4,0.0,0.0,0.0,0.0,0.0,750.0,320.0,0.0,0.0,750.0,320.0,746.0,320.0,736.0,317.0,749.0,319.0,,,,,,,,0.0,0.0,0.0,0.0,0.0,0.0,0.0,0.0,0.0,23,0,0.0,0.0,0.0,0.0,0.0,0.0,0.0,0.0,0.0,0.0,0.0,0.0,0.0,0.0,8.0,8.0,0.0,0.0,0.0,0.0,0.0,0.0,0.0,0.0,0.0,0.0,0.0,0.0,0.0
797,Kaye,Furo,Furo,a,,,4.5,484,69.0,0.0,762,90.0,0.0,667.0,64.0,0,0,0.0,0,0.0,229,68,0.0,0.0,0.0,0.0,0.0,721.0,76.0,,,720.0,76.0,715.0,75.0,697.0,75.0,719.0,76.0,,,,,,,,0.0,0.0,0.0,0.0,0.0,0.0,0.0,0.0,0.0,23,0,0.0,0.0,0.0,0.0,0.0,0.0,0.0,0.0,0.0,0.0,0.0,0.0,0.0,0.0,257.0,69.0,0.0,0.0,0.0,0.0,0.0,0.0,0.0,0.0,0.0,0.0,0.0,0.0,0.0
175,Joe,Knight,Knight,a,,,4.4,551,330.0,0.1,510,180.0,0.0,603.0,218.0,0,0,0.0,-1,1.0,160,227,0.0,0.2,0.0,0.0,1.0,450.0,201.0,,,660.0,253.0,656.0,257.0,631.0,246.0,661.0,254.0,,,,,,,,0.0,0.0,0.0,0.0,0.0,0.0,0.0,0.0,0.0,23,0,0.0,0.0,0.0,0.0,0.0,0.0,0.0,0.0,0.0,0.0,0.0,0.0,0.0,0.0,189.0,272.0,0.0,0.0,0.0,0.0,0.0,0.0,0.0,0.0,0.0,0.0,0.0,0.0,0.0
793,George,King,King,a,,,4.0,711,195.0,0.0,748,255.0,0.0,521.0,215.0,0,0,0.0,0,0.0,144,63,0.0,0.0,0.0,0.0,0.0,605.0,232.0,,,596.0,232.0,589.0,232.0,555.0,227.0,596.0,231.0,,,,,,,,0.0,0.0,0.0,0.0,0.0,0.0,0.0,0.0,0.0,23,0,0.0,0.0,0.0,0.0,0.0,0.0,0.0,0.0,0.0,0.0,0.0,0.0,0.0,0.0,156.0,70.0,0.0,0.0,0.0,0.0,0.0,0.0,0.0,0.0,0.0,0.0,0.0,0.0,0.0
798,Danny,Imray,Imray,a,,,4.0,689,178.0,0.0,784,262.0,0.0,501.0,200.0,0,0,0.0,0,0.0,53,15,0.0,0.0,0.0,0.0,0.0,587.0,219.0,,,578.0,219.0,571.0,219.0,536.0,213.0,578.0,218.0,,,,,,,,0.0,0.0,0.0,0.0,0.0,0.0,0.0,0.0,0.0,23,0,0.0,0.0,0.0,0.0,0.0,0.0,0.0,0.0,0.0,0.0,0.0,0.0,0.0,0.0,58.0,16.0,0.0,0.0,0.0,0.0,0.0,0.0,0.0,0.0,0.0,0.0,0.0,0.0,0.0
646,João Victor,Gomes da Silva,Gomes,a,,,5.3,199,124.0,0.1,471,161.0,2.8,146.0,59.0,3,0,0.0,-2,2.0,1964,951,0.5,10.8,2.8,2.3,2.6,248.0,105.0,100.0,100.0,158.0,61.0,90.0,67.0,205.0,112.0,137.0,75.0,,,,,,,,0.04,0.06,0.1,1.28,0.0,0.1,1.74,1.03,12.47,23,3,90.0,0.0,0.0,0.0,2.0,0.0,0.0,0.0,1.0,0.0,0.0,1.0,0.0,10.0,2412.0,1109.0,0.0,0.050000000000000044,0.020000000000000018,0.06999999999999984,0.8599999999999994,14.199999999999989,24.30000000000001,3.0,4.199999999999996,5.0,3.0,5.0,13.0
8,Jurriën,Timber,J.Timber,a,,,6.3,69,2.0,27.8,12,3.0,3.8,89.0,32.0,1,0,0.0,8,-8.0,143100,181566,0.6,17.5,4.8,4.8,5.0,16.0,7.0,100.0,100.0,85.0,38.0,77.0,17.0,47.0,1.0,52.0,7.0,,,,,,,,0.21,0.04,0.25,0.61,0.0,0.49,0.74,0.99,5.34,23,1,90.0,0.0,0.0,0.0,3.0,0.0,0.0,0.0,0.0,0.0,0.0,1.0,0.0,-2.0,160720.0,196445.0,0.0,0.0,0.010000000000000009,0.009999999999999787,0.7099999999999991,5.400000000000034,2.3000000000000114,2.0,1.0,2.0,0.0,1.0,2.0
242,Kiernan,Dewsbury-Hall,Dewsbury-Hall,a,,,4.9,311,193.0,2.2,122,42.0,0.2,385.0,176.0,1,0,0.0,-1,1.0,27599,21866,0.0,15.5,0.2,0.2,4.8,21.0,10.0,100.0,75.0,148.0,55.0,51.0,43.0,109.0,64.0,83.0,51.0,2.0,,,,,,,0.11,0.19,0.3,1.22,0.0,0.41,1.11,1.04,7.81,23,1,45.0,0.0,0.0,0.0,0.0,0.0,0.0,0.0,0.0,0.0,0.0,0.0,0.0,4.0,29914.0,25413.0,0.0,0.0,0.04999999999999982,0.04999999999999982,0.16999999999999815,6.800000000000011,8.5,0.0,1.5,2.0,0.0,2.0,4.0
287,Jordan,Pickford,Pickford,a,,,5.6,126,2.0,14.2,28,4.0,4.2,55.0,4.0,3,0,0.0,1,-1.0,115526,49939,0.8,18.4,4.2,4.2,4.5,33.0,1.0,,,15.0,4.0,473.0,16.0,792.0,91.0,171.0,5.0,,,,,,,,0.0,0.01,0.01,1.45,2.83,0.39,1.13,1.0,0.0,23,3,90.0,0.0,0.0,0.0,1.0,0.0,0.0,0.0,0.0,0.0,3.0,1.0,0.0,13.0,139143.0,52855.0,0.0,0.0,0.0,0.0,1.230000000000004,24.800000000000068,0.0,0.0,2.5,0.0,1.0,9.0,0.0
81,Justin,Kluivert,Kluivert,i,Knee injury - Expected back 09 May,,7.0,40,24.0,0.7,222,75.0,0.5,341.0,154.0,0,0,0.0,0,0.0,110,2998,0.1,5.7,0.0,0.0,2.2,302.0,132.0,0.0,0.0,272.0,119.0,60.0,49.0,175.0,101.0,167.0,92.0,4.0,2.0,1.0,,,,,0.22,0.15,0.37,1.65,0.0,0.39,1.77,0.98,6.11,23,0,0.0,0.0,0.0,0.0,0.0,0.0,0.0,0.0,0.0,0.0,0.0,0.0,0.0,0.0,116.0,3608.0,0.0,0.0,0.0,0.0,0.0,0.0,0.0,0.0,0.0,0.0,0.0,0.0,0.0
84,Marcus,Tavernier,Tavernier,i,Hamstring injury - Unknown return date,,5.4,165,103.0,1.5,151,48.0,3.8,84.0,35.0,0,-1,1.0,-1,1.0,602,74739,0.7,17.4,0.0,0.0,4.3,51.0,21.0,0.0,0.0,63.0,19.0,22.0,21.0,46.0,28.0,28.0,22.0,2.0,1.0,4.0,,,,,0.26,0.12,0.38,1.4,0.0,0.36,1.84,1.02,8.38,23,0,0.0,0.0,0.0,0.0,0.0,0.0,0.0,0.0,0.0,0.0,0.0,0.0,0.0,0.0,795.0,99406.0,0.0,0.0,0.0,0.0,0.0,0.0,0.0,0.0,0.0,0.0,0.0,0.0,0.0
88,Lewis,Cook,Cook,a,,,4.9,291,179.0,0.0,586,218.0,3.8,79.0,32.0,4,0,0.0,-1,1.0,1730,392,0.8,6.1,3.8,3.3,2.3,280.0,119.0,100.0,100.0,250.0,106.0,165.0,111.0,376.0,189.0,278.0,138.0,,,,,,,,0.01,0.04,0.05,1.44,0.0,0.0,2.25,0.79,15.62,23,4,90.0,0.0,0.0,0.0,2.0,0.0,0.0,0.0,0.0,0.0,0.0,1.0,0.0,18.0,1846.0,440.0,0.0,0.0,0.019999999999999962,0.020000000000000018,0.9299999999999997,22.399999999999977,13.099999999999994,2.0,3.8000000000000043,6.0,6.0,6.0,18.0
89,Philip,Billing,Philip,u,Has joined Midtjylland permanently.,,4.9,294,182.0,0.0,664,271.0,0.0,706.0,294.0,0,0,0.0,-1,1.0,0,8,0.0,0.0,0.0,0.0,0.0,749.0,319.0,0.0,0.0,749.0,319.0,745.0,319.0,735.0,316.0,748.0,318.0,,,,,,,,0.0,0.0,0.0,0.0,0.0,0.0,0.0,0.0,0.0,23,0,0.0,0.0,0.0,0.0,0.0,0.0,0.0,0.0,0.0,0.0,0.0,0.0,0.0,0.0,0.0,10.0,0.0,0.0,0.0,0.0,0.0,0.0,0.0,0.0,0.0,0.0,0.0,0.0,0.0
105,Hákon Rafn,Valdimarsson,Valdimarsson,a,,,3.9,761,87.0,0.6,228,29.0,0.0,456.0,48.0,0,0,0.0,-1,1.0,165,1238,0.0,0.0,0.0,0.0,0.0,543.0,54.0,,,534.0,54.0,525.0,41.0,488.0,26.0,534.0,54.0,,,,,,,,0.0,0.0,0.0,0.0,0.0,0.0,0.0,0.0,0.0,23,0,0.0,0.0,0.0,0.0,0.0,0.0,0.0,0.0,0.0,0.0,0.0,0.0,0.0,0.0,194.0,1422.0,0.0,0.0,0.0,0.0,0.0,0.0,0.0,0.0,0.0,0.0,0.0,0.0,0.0
402,Rayan,Aït-Nouri,Aït-Nouri,a,,,5.7,120,13.0,3.8,90,32.0,0.2,396.0,146.0,0,0,0.0,-3,3.0,1925,3953,0.0,2.3,0.7,0.7,2.2,301.0,114.0,100.0,100.0,391.0,149.0,336.0,115.0,379.0,136.0,398.0,143.0,,,,,,,,0.02,0.21,0.23,1.31,0.0,0.42,0.84,1.26,9.67,23,0,0.0,0.0,0.0,0.0,0.0,0.0,0.0,0.0,0.0,0.0,0.0,0.0,0.0,0.0,2994.0,4414.0,0.0,0.0,0.0,0.0,0.0,0.0,0.0,0.0,0.0,0.0,0.0,0.0,0.0
122,Antoni,Milambo,Milambo,i,Knee injury - Expected back 01 Jun,,5.2,219,136.0,0.0,646,262.0,0.0,759.0,335.0,0,0,0.0,-3,3.0,23,27,0.0,0.2,0.0,0.0,1.0,478.0,225.0,0.0,0.0,460.0,211.0,440.0,212.0,774.0,342.0,470.0,216.0,,,,,,,,0.0,0.02,0.02,2.98,0.0,0.0,6.0,2.0,8.0,23,0,0.0,0.0,0.0,0.0,0.0,0.0,0.0,0.0,0.0,0.0,0.0,0.0,0.0,0.0,25.0,31.0,0.0,0.0,0.0,0.0,0.0,0.0,0.0,0.0,0.0,0.0,0.0,0.0,0.0
140,Tom,McGill,McGill,a,,,3.9,739,76.0,0.3,308,41.0,0.0,441.0,37.0,0,0,0.0,-1,1.0,250,488,0.0,0.0,0.0,0.0,0.0,528.0,43.0,,,519.0,43.0,510.0,30.0,473.0,15.0,519.0,43.0,,,,,,,,0.0,0.0,0.0,0.0,0.0,0.0,0.0,0.0,0.0,23,0,0.0,0.0,0.0,0.0,0.0,0.0,0.0,0.0,0.0,0.0,0.0,0.0,0.0,0.0,311.0,549.0,0.0,0.0,0.0,0.0,0.0,0.0,0.0,0.0,0.0,0.0,0.0,0.0,0.0
238,Estêvão,Almeida de Oliveira Gonçalves,Estêvão,a,,,6.4,62,41.0,2.7,111,33.0,3.5,102.0,42.0,13,0,0.0,-1,1.0,111112,12444,0.5,8.1,3.5,3.5,2.9,206.0,90.0,100.0,100.0,247.0,104.0,124.0,89.0,65.0,41.0,135.0,74.0,4.0,,3.0,,,,,0.37,0.28,0.65,1.08,0.0,0.4,1.07,1.2,5.87,23,13,73.0,1.0,1.0,1.0,0.0,0.0,0.0,0.0,0.0,0.0,0.0,1.0,2.0,32.0,112902.0,14028.0,0.0,0.41999999999999993,0.040000000000000036,0.45999999999999996,0.6799999999999988,52.0,13.199999999999989,41.0,10.600000000000001,0.0,0.0,2.0,2.0
21,Declan,Rice,Rice,a,,,7.4,22,15.0,32.1,9,2.0,6.0,15.0,7.0,1,0,0.0,9,-9.0,291343,162704,0.8,17.0,7.0,7.0,5.7,8.0,5.0,100.0,100.0,13.0,4.0,4.0,4.0,72.0,46.0,8.0,6.0,1.0,1.0,,,,,,0.14,0.23,0.37,0.62,0.0,0.48,0.77,1.01,10.85,23,1,90.0,0.0,0.0,0.0,3.0,0.0,0.0,0.0,1.0,0.0,0.0,1.0,0.0,18.0,356371.0,172444.0,0.0,0.11000000000000032,0.47000000000000064,0.5800000000000001,0.7099999999999991,18.399999999999977,54.5,10.0,8.299999999999983,2.0,2.0,6.0,10.0
22,Mikel,Merino Zazón,Merino,a,,,5.5,141,87.0,1.4,157,53.0,2.2,192.0,80.0,7,0,0.0,-5,5.0,8588,14351,0.4,12.0,3.2,3.2,3.1,173.0,74.0,,,136.0,46.0,135.0,96.0,75.0,48.0,104.0,58.0,,,,,,,,0.27,0.13,0.4,0.6,0.0,0.36,0.81,0.9,10.03,23,7,32.0,1.0,0.0,0.0,1.0,0.0,0.0,0.0,0.0,0.0,0.0,0.0,1.0,26.0,9089.0,18679.0,0.0,0.4900000000000002,0.020000000000000018,0.5100000000000002,0.2699999999999996,38.799999999999955,1.3000000000000114,44.0,8.399999999999991,1.0,3.0,3.0,7.0
234,Aarón,Anselmino,Anselmino,a,,,4.0,720,204.0,0.1,565,204.0,0.0,528.0,222.0,0,0,0.0,0,0.0,145,43,0.0,0.0,0.0,0.0,0.0,612.0,239.0,100.0,0.0,603.0,239.0,596.0,239.0,562.0,234.0,603.0,238.0,,,,,,,,0.0,0.0,0.0,0.0,0.0,0.0,0.0,0.0,0.0,23,0,0.0,0.0,0.0,0.0,0.0,0.0,0.0,0.0,0.0,0.0,0.0,0.0,0.0,0.0,145.0,48.0,0.0,0.0,0.0,0.0,0.0,0.0,0.0,0.0,0.0,0.0,0.0,0.0,0.0
689,Seung-Soo,Park,Seung soo,a,,,4.3,616,360.0,0.3,301,101.0,0.0,577.0,205.0,0,0,0.0,-2,2.0,6046,2618,0.0,0.0,-0.5,0.0,0.0,646.0,248.0,,,637.0,239.0,634.0,244.0,607.0,232.0,638.0,240.0,,,,,,,,0.0,0.0,0.0,0.0,0.0,0.0,0.0,0.0,0.0,23,0,0.0,0.0,0.0,0.0,0.0,0.0,0.0,0.0,0.0,0.0,0.0,0.0,0.0,0.0,6836.0,2845.0,0.0,0.0,0.0,0.0,0.0,0.0,0.0,0.0,0.0,0.0,0.0,0.0,0.0
37,Lucas,Digne,Digne,a,,,4.5,406,73.0,1.6,148,58.0,3.5,99.0,38.0,3,0,0.0,0,0.0,6830,7039,0.8,15.1,3.5,3.5,3.1,166.0,69.0,100.0,100.0,176.0,72.0,66.0,13.0,202.0,51.0,125.0,39.0,2.0,2.0,,,,,,0.04,0.16,0.2,1.36,0.0,0.44,0.88,1.03,4.93,23,3,15.0,0.0,1.0,0.0,0.0,0.0,0.0,0.0,1.0,0.0,0.0,0.0,0.0,13.0,7246.0,8604.0,0.0,0.0,0.43999999999999995,0.43999999999999995,0.129999999999999,17.400000000000034,18.69999999999999,2.0,3.799999999999997,0.0,0.0,0.0,0.0
38,Ezri,Konsa Ngoyo,Konsa,a,,,4.4,518,104.0,7.5,53,17.0,4.2,50.0,21.0,6,0,0.0,-1,1.0,41877,21183,1.0,15.9,4.2,4.2,3.2,147.0,60.0,100.0,100.0,76.0,35.0,268.0,82.0,245.0,68.0,173.0,54.0,,,,,,,,0.02,0.02,0.04,1.47,0.0,0.32,1.1,1.01,5.98,23,6,90.0,0.0,0.0,1.0,0.0,0.0,0.0,0.0,0.0,0.0,0.0,1.0,0.0,26.0,43192.0,25941.0,0.0,0.0,0.009999999999999953,0.010000000000000009,2.1799999999999997,12.400000000000034,1.0999999999999943,0.0,1.3999999999999986,0.0,6.0,4.0,6.0
39,Ian,Maatsen,Maatsen,a,,,4.2,631,149.0,0.5,246,93.0,2.5,160.0,59.0,5,0,0.0,-3,3.0,5530,2056,0.6,6.0,2.5,2.5,1.5,385.0,141.0,,,254.0,103.0,137.0,32.0,189.0,41.0,212.0,70.0,5.0,,,,,,,0.07,0.13,0.2,1.6,0.0,0.11,1.38,0.95,7.09,23,5,90.0,0.0,0.0,1.0,0.0,0.0,0.0,0.0,1.0,0.0,0.0,1.0,0.0,23.0,5779.0,2368.0,0.0,0.0,0.1399999999999999,0.1399999999999999,2.1800000000000015,10.399999999999977,3.0999999999999943,4.0,1.8000000000000043,2.0,3.0,7.0,5.0
40,Tyrone,Mings,Mings,a,,,4.3,570,125.0,0.6,244,92.0,0.2,360.0,133.0,1,0,0.0,-2,2.0,1408,446,0.0,5.8,0.2,0.2,3.1,165.0,68.0,100.0,100.0,291.0,110.0,328.0,111.0,341.0,113.0,347.0,121.0,,,,,,,,0.06,0.02,0.08,1.57,0.0,0.35,1.05,1.05,7.73,23,1,15.0,0.0,0.0,0.0,0.0,0.0,0.0,0.0,0.0,0.0,0.0,0.0,0.0,4.0,1491.0,501.0,0.0,0.0,0.0,0.0,0.13000000000000078,7.0,0.0,0.0,0.6999999999999993,0.0,3.0,0.0,3.0
61,Leander,Dendoncker,Dendoncker,u,Has joined Real Oviedo permanently.,,4.5,408,248.0,0.1,520,185.0,0.0,613.0,223.0,0,0,0.0,0,0.0,0,55,0.0,0.0,0.0,0.0,0.0,675.0,263.0,0.0,0.0,670.0,258.0,665.0,261.0,641.0,251.0,671.0,259.0,,,,,,,,0.0,0.0,0.0,0.0,0.0,0.0,0.0,0.0,0.0,23,0,0.0,0.0,0.0,0.0,0.0,0.0,0.0,0.0,0.0,0.0,0.0,0.0,0.0,0.0,0.0,60.0,0.0,0.0,0.0,0.0,0.0,0.0,0.0,0.0,0.0,0.0,0.0,0.0,0.0
62,Jamaldeen,Jimoh-Aloba,Jimoh-Aloba,a,,,4.5,467,284.0,0.1,532,189.0,0.0,652.0,255.0,0,0,0.0,0,0.0,318,245,0.0,0.2,0.0,0.0,1.0,458.0,208.0,,,484.0,222.0,464.0,226.0,682.0,282.0,485.0,224.0,,,,,,,,0.0,0.0,0.0,6.86,0.0,0.0,0.0,0.0,11.25,23,0,0.0,0.0,0.0,0.0,0.0,0.0,0.0,0.0,0.0,0.0,0.0,0.0,0.0,0.0,362.0,274.0,0.0,0.0,0.0,0.0,0.0,0.0,0.0,0.0,0.0,0.0,0.0,0.0,0.0
63,Kadan,Young,Young,a,,,4.3,602,348.0,0.6,226,77.0,0.0,564.0,194.0,0,0,0.0,-2,2.0,3076,3275,0.0,0.0,0.0,0.0,0.0,636.0,239.0,,,627.0,230.0,624.0,235.0,596.0,222.0,628.0,231.0,,,,,,,,0.0,0.0,0.0,0.0,0.0,0.0,0.0,0.0,0.0,23,0,0.0,0.0,0.0,0.0,0.0,0.0,0.0,0.0,0.0,0.0,0.0,0.0,0.0,0.0,3500.0,3610.0,0.0,0.0,0.0,0.0,0.0,0.0,0.0,0.0,0.0,0.0,0.0,0.0,0.0
64,Ollie,Watkins,Watkins,d,Hamstring injury - 75% chance of playing,,8.8,7,3.0,12.0,34,6.0,4.8,45.0,8.0,8,0,0.0,-2,2.0,128362,250833,0.5,10.3,3.6,4.8,4.0,76.0,8.0,75.0,100.0,87.0,7.0,129.0,7.0,3.0,3.0,23.0,5.0,,,3.0,,,,,0.49,0.05,0.54,1.44,0.0,0.36,1.14,1.03,3.26,23,8,90.0,1.0,0.0,1.0,0.0,0.0,0.0,0.0,0.0,0.0,0.0,1.0,2.0,36.0,134394.0,283813.0,0.0,0.620000000000001,0.06000000000000005,0.6799999999999997,2.1799999999999997,51.80000000000001,24.80000000000001,70.0,14.699999999999989,4.0,0.0,1.0,5.0
580,Brennan,Johnson,Johnson,a,,,6.5,51,33.0,2.5,116,38.0,1.4,260.0,110.0,2,0,0.0,-5,5.0,3546,7386,0.2,6.3,1.4,1.4,2.0,327.0,147.0,,,264.0,114.0,186.0,124.0,128.0,75.0,223.0,111.0,,,,,,,,0.15,0.04,0.19,1.61,0.0,0.39,1.07,0.97,6.21,23,2,75.0,0.0,0.0,0.0,3.0,0.0,0.0,0.0,0.0,0.0,0.0,1.0,0.0,9.0,4067.0,8513.0,0.0,0.030000000000000027,0.010000000000000009,0.040000000000000036,2.1999999999999993,3.8000000000000114,2.5,5.0,1.0999999999999943,1.0,2.0,3.0,6.0
690,Rio,Cardines,Cardines,d,Groin Injury - 25% chance of playing,,4.4,556,333.0,0.3,326,110.0,0.0,607.0,220.0,0,0,0.0,-1,1.0,10,474,0.0,0.0,0.0,0.0,0.0,670.0,261.0,25.0,25.0,664.0,255.0,660.0,259.0,635.0,248.0,665.0,256.0,,,,,,,,0.0,0.0,0.0,0.0,0.0,0.0,0.0,0.0,0.0,23,0,0.0,0.0,0.0,0.0,0.0,0.0,0.0,0.0,0.0,0.0,0.0,0.0,0.0,0.0,12.0,527.0,0.0,0.0,0.0,0.0,0.0,0.0,0.0,0.0,0.0,0.0,0.0,0.0,0.0
189,Owen,Dodgson,Dodgson,u,Has joined Stockport County on loan for the rest of the season.,,4.0,673,170.0,0.0,706,242.0,0.0,486.0,193.0,0,0,0.0,0,0.0,0,12,0.0,0.0,0.0,0.0,0.0,573.0,213.0,0.0,0.0,564.0,213.0,557.0,213.0,522.0,207.0,564.0,212.0,,,,,,,,0.0,0.0,0.0,0.0,0.0,0.0,0.0,0.0,0.0,23,0,0.0,0.0,0.0,0.0,0.0,0.0,0.0,0.0,0.0,0.0,0.0,0.0,0.0,0.0,0.0,14.0,0.0,0.0,0.0,0.0,0.0,0.0,0.0,0.0,0.0,0.0,0.0,0.0,0.0
190,Hjalmar,Ekdal,Ekdal,a,,,3.9,754,221.0,0.9,198,76.0,0.5,319.0,117.0,0,0,0.0,-1,1.0,419,4651,0.1,11.3,0.5,0.5,2.9,194.0,75.0,,,164.0,68.0,329.0,112.0,247.0,70.0,252.0,87.0,,,,,,,,0.02,0.02,0.04,1.74,0.0,0.15,1.83,0.99,10.08,23,0,0.0,0.0,0.0,0.0,0.0,0.0,0.0,0.0,0.0,0.0,0.0,0.0,0.0,0.0,555.0,5382.0,0.0,0.0,0.0,0.0,0.0,0.0,0.0,0.0,0.0,0.0,0.0,0.0,0.0
191,Maxime,Estève,Estève,a,,,3.9,753,220.0,8.1,48,15.0,2.0,197.0,76.0,3,0,0.0,-1,1.0,15857,31951,0.5,12.8,2.0,2.0,2.5,253.0,99.0,100.0,100.0,70.0,31.0,275.0,86.0,269.0,78.0,180.0,58.0,,,,,,,,0.02,0.02,0.04,2.19,0.0,0.11,2.12,1.06,10.01,23,3,90.0,0.0,0.0,0.0,2.0,0.0,0.0,0.0,0.0,0.0,0.0,1.0,0.0,10.0,17605.0,36089.0,0.0,0.0,0.07,0.06999999999999995,2.049999999999997,21.80000000000001,0.6000000000000085,2.0,2.3999999999999986,3.0,7.0,4.0,10.0
192,Quilindschy,Hartman,Hartman,a,,,4.0,684,175.0,0.7,211,81.0,0.0,496.0,197.0,0,0,0.0,0,0.0,1067,6549,0.0,11.5,0.0,0.0,3.1,164.0,67.0,,,135.0,59.0,102.0,23.0,283.0,86.0,160.0,52.0,1.0,,,,,,,0.01,0.1,0.11,2.04,0.0,0.13,1.88,1.01,7.0,23,0,0.0,0.0,0.0,0.0,0.0,0.0,0.0,0.0,0.0,0.0,0.0,0.0,0.0,0.0,1342.0,7829.0,0.0,0.0,0.0,0.0,0.0,0.0,0.0,0.0,0.0,0.0,0.0,0.0,0.0
289,Harry,Tyrer,Tyrer,u,has joined Cardiff City permanently.,,3.9,747,79.0,0.1,472,73.0,0.0,446.0,40.0,0,0,0.0,-1,1.0,0,362,0.0,0.0,0.0,0.0,0.0,533.0,46.0,0.0,0.0,524.0,46.0,515.0,33.0,478.0,18.0,524.0,46.0,,,,,,,,0.0,0.0,0.0,0.0,0.0,0.0,0.0,0.0,0.0,23,0,0.0,0.0,0.0,0.0,0.0,0.0,0.0,0.0,0.0,0.0,0.0,0.0,0.0,0.0,0.0,430.0,0.0,0.0,0.0,0.0,0.0,0.0,0.0,0.0,0.0,0.0,0.0,0.0,0.0
290,Jarrad,Branthwaite,Branthwaite,a,,,5.3,200,25.0,0.2,399,146.0,0.2,393.0,145.0,1,0,0.0,-2,2.0,3150,508,0.0,0.2,0.2,0.2,1.0,479.0,168.0,100.0,75.0,439.0,164.0,393.0,144.0,418.0,156.0,444.0,161.0,,,,,,,,0.0,0.04,0.04,0.34,0.0,0.0,0.0,0.0,2.0,23,1,45.0,0.0,0.0,0.0,0.0,0.0,0.0,0.0,0.0,0.0,0.0,0.0,0.0,8.0,3197.0,532.0,0.0,0.0,0.02,0.02,0.17,10.6,13.3,4.0,2.8,0.0,1.0,5.0,1.0
297,Roman,Dixon,Dixon,a,,,3.8,788,244.0,0.2,380,139.0,0.0,415.0,160.0,0,0,0.0,-2,2.0,157,269,0.0,0.0,0.0,0.0,0.0,505.0,183.0,,,496.0,183.0,485.0,182.0,447.0,173.0,496.0,182.0,,,,,,,,0.0,0.0,0.0,0.0,0.0,0.0,0.0,0.0,0.0,23,0,0.0,0.0,0.0,0.0,0.0,0.0,0.0,0.0,0.0,0.0,0.0,0.0,0.0,0.0,183.0,306.0,0.0,0.0,0.0,0.0,0.0,0.0,0.0,0.0,0.0,0.0,0.0,0.0,0.0
561,Eliezer,Mayenda Dossou,Mayenda,a,,,5.2,220,50.0,0.5,250,40.0,1.6,240.0,26.0,2,0,0.0,-3,3.0,701,971,0.3,5.0,1.6,1.6,1.9,337.0,33.0,,,357.0,35.0,330.0,38.0,171.0,37.0,320.0,37.0,,,3.0,,,,,0.17,0.02,0.19,1.63,0.0,0.47,1.1,0.94,3.15,23,2,74.0,0.0,0.0,0.0,3.0,0.0,0.0,0.0,0.0,0.0,0.0,1.0,0.0,0.0,792.0,1120.0,0.0,0.0,0.010000000000000009,0.010000000000000009,1.3399999999999999,2.200000000000003,1.2999999999999972,4.0,0.8000000000000007,1.0,0.0,1.0,2.0
562,Ahmed,Abdullahi,Abdullahi,a,,,4.2,643,90.0,0.4,268,44.0,0.0,549.0,49.0,0,0,0.0,-3,3.0,4122,1831,0.0,0.0,0.0,0.0,0.0,624.0,62.0,,,616.0,62.0,611.0,61.0,581.0,61.0,617.0,62.0,,,,,,,,0.0,0.0,0.0,0.0,0.0,0.0,0.0,0.0,0.0,23,0,0.0,0.0,0.0,0.0,0.0,0.0,0.0,0.0,0.0,0.0,0.0,0.0,0.0,0.0,4472.0,2046.0,0.0,0.0,0.0,0.0,0.0,0.0,0.0,0.0,0.0,0.0,0.0,0.0,0.0
304,Tim,Iroegbunam,Iroegbunam,d,Knock - 25% chance of playing,,4.8,367,229.0,0.0,617,238.0,2.8,141.0,57.0,0,0,0.0,-2,2.0,16,460,0.6,10.2,0.7,0.0,2.9,197.0,84.0,25.0,0.0,257.0,111.0,256.0,155.0,298.0,155.0,296.0,143.0,,,,,,,,0.03,0.06,0.09,1.46,0.0,0.68,0.88,1.07,12.09,23,0,0.0,0.0,0.0,0.0,0.0,0.0,0.0,0.0,0.0,0.0,0.0,0.0,0.0,0.0,18.0,566.0,0.0,0.0,0.0,0.0,0.0,0.0,0.0,0.0,0.0,0.0,0.0,0.0,0.0
305,Harrison,Armstrong,Armstrong,a,,,4.5,492,302.0,0.1,541,193.0,2.2,183.0,73.0,1,0,0.0,0,0.0,747,379,0.5,2.2,2.2,2.2,2.0,318.0,139.0,100.0,100.0,412.0,183.0,347.0,182.0,382.0,192.0,414.0,186.0,,,,,,,,0.0,0.05,0.05,1.33,0.0,0.38,1.15,1.15,8.81,23,1,45.0,0.0,0.0,0.0,1.0,0.0,0.0,0.0,0.0,0.0,0.0,1.0,0.0,6.0,928.0,397.0,0.0,0.0,0.009999999999999995,0.009999999999999995,1.0500000000000003,3.8000000000000007,1.7999999999999972,0.0,0.5999999999999996,1.0,2.0,1.0,4.0
209,Josh,Laurent,Laurent,a,,,4.8,350,219.0,0.0,601,230.0,1.5,247.0,103.0,0,0,0.0,-2,2.0,139,456,0.3,8.8,1.5,1.5,2.1,307.0,134.0,,,204.0,87.0,254.0,153.0,261.0,141.0,262.0,128.0,,,,,,,,0.04,0.02,0.06,2.1,0.0,0.08,2.25,0.92,10.34,23,0,21.0,0.0,0.0,0.0,1.0,0.0,0.0,0.0,1.0,0.0,0.0,0.0,0.0,0.0,252.0,585.0,0.0,0.0,0.009999999999999981,0.010000000000000009,0.7699999999999996,1.5999999999999943,1.3999999999999915,0.0,0.30000000000000426,0.0,0.0,1.0,1.0
210,Loum,Tchaouna,Tchaouna,a,,,4.9,333,206.0,0.0,624,245.0,0.5,330.0,144.0,0,0,0.0,-1,1.0,27,120,0.1,6.7,0.5,0.5,1.9,336.0,148.0,,,336.0,149.0,261.0,157.0,215.0,119.0,312.0,150.0,,2.0,,,,,,0.1,0.05,0.15,1.69,0.0,0.24,1.31,1.08,5.38,23,0,0.0,0.0,0.0,0.0,0.0,0.0,0.0,0.0,0.0,0.0,0.0,0.0,0.0,0.0,40.0,147.0,0.0,0.0,0.0,0.0,0.0,0.0,0.0,0.0,0.0,0.0,0.0,0.0,0.0
215,Zian,Flemming,Flemming,a,,,5.3,196,46.0,0.3,327,54.0,0.0,764.0,77.0,0,0,0.0,-2,2.0,559,2911,0.0,7.9,0.0,0.0,2.8,217.0,21.0,100.0,75.0,216.0,19.0,300.0,32.0,93.0,27.0,211.0,24.0,,,1.0,,,,,0.43,0.02,0.45,1.89,0.0,0.27,1.36,1.09,4.23,23,0,0.0,0.0,0.0,0.0,0.0,0.0,0.0,0.0,0.0,0.0,0.0,0.0,0.0,0.0,599.0,3681.0,0.0,0.0,0.0,0.0,0.0,0.0,0.0,0.0,0.0,0.0,0.0,0.0,0.0
216,Zeki,Amdouni,Amdouni,i,Knee injury - Expected back 25 Apr,,4.8,368,62.0,0.0,663,83.0,0.0,701.0,68.0,0,0,0.0,-2,2.0,46,76,0.0,0.0,0.0,0.0,0.0,746.0,80.0,0.0,0.0,746.0,80.0,741.0,79.0,730.0,79.0,745.0,80.0,,,,,,,,0.0,0.0,0.0,0.0,0.0,0.0,0.0,0.0,0.0,23,0,0.0,0.0,0.0,0.0,0.0,0.0,0.0,0.0,0.0,0.0,0.0,0.0,0.0,0.0,65.0,88.0,0.0,0.0,0.0,0.0,0.0,0.0,0.0,0.0,0.0,0.0,0.0,0.0,0.0
30,Kai,Havertz,Havertz,a,,,7.3,24,9.0,0.4,266,43.0,0.0,804.0,88.0,0,0,0.0,-2,2.0,11487,1627,0.0,0.1,1.0,1.0,1.0,485.0,58.0,100.0,100.0,465.0,53.0,453.0,56.0,435.0,58.0,471.0,58.0,,,,,,,,0.0,0.03,0.03,2.46,0.0,0.0,0.0,0.0,9.0,23,0,0.0,0.0,0.0,0.0,0.0,0.0,0.0,0.0,0.0,0.0,0.0,0.0,0.0,0.0,11546.0,1713.0,0.0,0.0,0.0,0.0,0.0,0.0,0.0,0.0,0.0,0.0,0.0,0.0,0.0
31,Gabriel,Fernando de Jesus,G.Jesus,a,,,6.4,57,20.0,0.5,254,41.0,1.0,294.0,36.0,1,0,0.0,-1,1.0,23295,7954,0.2,1.7,2.0,2.0,1.4,407.0,47.0,100.0,100.0,377.0,39.0,373.0,47.0,156.0,36.0,335.0,40.0,,,,,,,,0.44,0.07,0.51,1.39,0.0,0.0,2.18,0.44,9.17,23,1,57.0,0.0,0.0,0.0,2.0,0.0,0.0,0.0,0.0,0.0,0.0,1.0,0.0,1.0,26488.0,8502.0,0.0,0.020000000000000018,0.03,0.04999999999999982,0.43999999999999995,2.799999999999997,14.599999999999998,10.0,2.6999999999999993,0.0,1.0,3.0,4.0
316,Antonee,Robinson,Robinson,a,,,4.9,295,46.0,0.8,205,78.0,1.6,238.0,94.0,1,0,0.0,-1,1.0,2557,10369,0.3,6.5,1.6,1.6,2.9,198.0,78.0,100.0,100.0,244.0,99.0,130.0,31.0,327.0,105.0,243.0,81.0,,,,,,,,0.03,0.13,0.16,1.5,0.0,0.25,0.98,0.98,8.0,23,1,58.0,0.0,0.0,0.0,1.0,0.0,0.0,0.0,0.0,0.0,0.0,1.0,0.0,4.0,4527.0,11449.0,0.0,0.0,0.010000000000000009,0.010000000000000009,1.2699999999999996,8.200000000000017,2.799999999999983,0.0,1.1000000000000014,1.0,4.0,3.0,5.0
317,Joachim,Andersen,Andersen,a,,,4.6,393,67.0,5.1,74,25.0,3.6,91.0,33.0,8,0,0.0,1,-1.0,28053,58918,0.8,18.7,3.6,3.6,3.9,78.0,31.0,100.0,100.0,16.0,6.0,240.0,70.0,242.0,67.0,102.0,30.0,,,,,,,,0.03,0.07,0.1,1.33,0.0,0.23,1.35,1.03,10.86,23,8,90.0,0.0,1.0,0.0,1.0,0.0,0.0,0.0,0.0,0.0,0.0,1.0,1.0,27.0,32820.0,65953.0,0.0,0.0,0.030000000000000027,0.029999999999999805,1.5899999999999999,41.0,11.200000000000003,0.0,5.200000000000003,2.0,9.0,4.0,11.0
565,Guglielmo,Vicario,Vicario,a,,,4.8,352,14.0,6.4,58,9.0,2.0,203.0,19.0,1,0,0.0,-2,2.0,2319,45250,0.4,16.0,1.5,2.0,3.3,140.0,13.0,,,33.0,10.0,470.0,14.0,725.0,80.0,194.0,10.0,,,,,,,,0.0,0.0,0.0,1.33,2.57,0.3,1.35,1.0,0.0,23,1,90.0,0.0,0.0,0.0,2.0,0.0,0.0,0.0,0.0,0.0,2.0,1.0,0.0,7.0,5390.0,49058.0,0.0,0.0,0.0,0.0,1.4399999999999977,16.0,0.0,0.0,1.5999999999999943,0.0,0.0,7.0,0.0
595,Callum,Olusesi,Olusesi,a,,,4.3,595,346.0,0.2,368,123.0,0.0,560.0,192.0,0,0,0.0,-2,2.0,349,509,0.0,0.0,-0.5,0.0,0.0,632.0,237.0,,,623.0,228.0,619.0,233.0,591.0,220.0,624.0,229.0,,,,,,,,0.0,0.0,0.0,0.0,0.0,0.0,0.0,0.0,0.0,23,0,0.0,0.0,0.0,0.0,0.0,0.0,0.0,0.0,0.0,0.0,0.0,0.0,0.0,0.0,433.0,572.0,0.0,0.0,0.0,0.0,0.0,0.0,0.0,0.0,0.0,0.0,0.0,0.0,0.0
785,Pablo Felipe,Pereira de Jesus,Pablo,a,,,5.5,154,39.0,0.0,702,85.0,1.2,273.0,31.0,2,0,0.0,0,0.0,414,518,0.2,0.9,1.2,1.2,1.7,369.0,41.0,,,447.0,50.0,359.0,44.0,358.0,52.0,424.0,52.0,,,,,,,,0.18,0.02,0.2,1.4,0.0,0.0,1.55,1.03,6.72,23,2,69.0,0.0,0.0,0.0,1.0,0.0,0.0,0.0,0.0,0.0,0.0,1.0,0.0,-3.0,614.0,559.0,0.0,0.12000000000000002,0.009999999999999998,0.13,0.56,1.5999999999999996,2.6999999999999993,6.0,1.0,2.0,1.0,1.0,4.0
791,Valentín,Castellanos,Taty,a,,,5.5,145,36.0,0.0,606,79.0,2.3,173.0,18.0,4,0,0.0,0,0.0,1879,1579,0.4,1.3,2.3,2.3,2.3,285.0,30.0,,,430.0,48.0,324.0,36.0,214.0,42.0,363.0,44.0,,,,,,,,0.48,0.01,0.49,1.19,0.0,0.0,1.42,1.06,4.61,23,4,74.0,0.0,1.0,0.0,1.0,0.0,0.0,0.0,1.0,0.0,0.0,1.0,0.0,17.0,2770.0,1659.0,0.0,0.2200000000000002,0.010000000000000002,0.22999999999999998,0.56,15.0,12.300000000000004,31.0,5.799999999999999,2.0,3.0,4.0,9.0
628,José,Malheiro de Sá,José Sá,a,,,4.2,623,33.0,1.1,182,23.0,3.8,74.0,9.0,1,0,0.0,-3,3.0,14458,5151,0.9,6.4,3.8,3.3,2.5,254.0,23.0,,,240.0,21.0,403.0,5.0,572.0,60.0,346.0,21.0,,,,,,,,0.0,0.0,0.0,1.16,1.91,0.18,1.73,1.0,0.0,23,1,90.0,0.0,0.0,0.0,2.0,0.0,0.0,0.0,0.0,0.0,2.0,1.0,0.0,5.0,15444.0,5564.0,0.0,0.0,0.0,0.0,0.8599999999999994,17.399999999999977,0.0,0.0,1.6999999999999993,0.0,1.0,5.0,0.0
629,Daniel,Bentley,Bentley,a,,,3.9,730,69.0,0.5,259,34.0,0.0,433.0,30.0,0,0,0.0,-1,1.0,1023,636,0.0,0.0,0.0,-0.5,0.0,521.0,36.0,100.0,100.0,512.0,36.0,503.0,23.0,466.0,8.0,512.0,36.0,,,,,,,,0.0,0.0,0.0,0.0,0.0,0.0,0.0,0.0,0.0,23,0,0.0,0.0,0.0,0.0,0.0,0.0,0.0,0.0,0.0,0.0,0.0,0.0,0.0,0.0,1216.0,711.0,0.0,0.0,0.0,0.0,0.0,0.0,0.0,0.0,0.0,0.0,0.0,0.0,0.0
631,Emmanuel,Agbadou,Agbadou,a,,,4.2,637,152.0,0.1,440,163.0,0.0,544.0,231.0,0,0,0.0,-3,3.0,93,175,0.0,4.8,0.0,-0.5,1.5,387.0,143.0,100.0,100.0,155.0,64.0,281.0,88.0,259.0,75.0,234.0,80.0,,5.0,,,,,,0.04,0.03,0.07,1.51,0.0,0.0,2.41,0.98,10.25,23,0,0.0,0.0,0.0,0.0,0.0,0.0,0.0,0.0,0.0,0.0,0.0,0.0,0.0,0.0,116.0,207.0,0.0,0.0,0.0,0.0,0.0,0.0,0.0,0.0,0.0,0.0,0.0,0.0,0.0
632,Matt,Doherty,Doherty,a,,,4.4,512,99.0,0.1,492,178.0,0.0,579.0,237.0,0,0,0.0,-1,1.0,148,193,0.0,2.5,0.0,-0.5,1.4,401.0,148.0,100.0,100.0,316.0,123.0,313.0,105.0,363.0,127.0,359.0,126.0,,,,,,,,0.01,0.03,0.04,1.39,0.0,0.15,1.65,1.2,7.06,23,0,0.0,0.0,0.0,0.0,0.0,0.0,0.0,0.0,0.0,0.0,0.0,0.0,0.0,0.0,178.0,216.0,0.0,0.0,0.0,0.0,0.0,0.0,0.0,0.0,0.0,0.0,0.0,0.0,0.0
700,Max,Dowman,Dowman,i,Ankle injury - Unknown return date,,4.2,644,362.0,0.4,279,92.0,0.0,550.0,186.0,0,0,0.0,-3,3.0,6106,3330,0.0,1.2,0.0,0.0,2.5,255.0,108.0,0.0,0.0,476.0,220.0,451.0,218.0,338.0,177.0,442.0,201.0,,,,,,,,0.47,0.07,0.54,0.4,0.0,0.0,0.0,0.0,10.0,23,0,0.0,0.0,0.0,0.0,0.0,0.0,0.0,0.0,0.0,0.0,0.0,0.0,0.0,0.0,6998.0,3694.0,0.0,0.0,0.0,0.0,0.0,0.0,0.0,0.0,0.0,0.0,0.0,0.0,0.0
711,Andre,Harriman-Annous,Harriman-Annous,a,,,4.4,563,337.0,0.0,697,295.0,0.0,610.0,222.0,0,0,0.0,-1,1.0,35,29,0.0,0.0,1.0,1.0,0.0,672.0,262.0,,,667.0,257.0,662.0,260.0,638.0,250.0,668.0,258.0,,,,,,,,0.0,0.0,0.0,0.0,0.0,0.0,0.0,0.0,0.0,23,0,0.0,0.0,0.0,0.0,0.0,0.0,0.0,0.0,0.0,0.0,0.0,0.0,0.0,0.0,39.0,35.0,0.0,0.0,0.0,0.0,0.0,0.0,0.0,0.0,0.0,0.0,0.0,0.0,0.0
33,Marco,Bizot,M.Bizot,a,,,4.2,621,32.0,0.4,270,35.0,0.5,321.0,22.0,0,0,0.0,-3,3.0,309,829,0.1,2.6,0.5,0.5,2.2,293.0,25.0,,,330.0,27.0,603.0,74.0,571.0,59.0,401.0,27.0,,,,,,,,0.0,0.0,0.0,1.9,2.89,0.22,1.78,0.89,0.0,23,0,0.0,0.0,0.0,0.0,0.0,0.0,0.0,0.0,0.0,0.0,0.0,0.0,0.0,0.0,391.0,977.0,0.0,0.0,0.0,0.0,0.0,0.0,0.0,0.0,0.0,0.0,0.0,0.0,0.0
45,Lino,da Cruz Sousa,Sousa,a,,,3.8,790,246.0,0.3,319,118.0,0.0,417.0,162.0,0,0,0.0,-2,2.0,1350,671,0.0,0.0,0.0,0.0,0.0,507.0,185.0,,,498.0,185.0,487.0,184.0,449.0,175.0,498.0,184.0,,,,,,,,0.0,0.0,0.0,0.0,0.0,0.0,0.0,0.0,0.0,23,0,0.0,0.0,0.0,0.0,0.0,0.0,0.0,0.0,0.0,0.0,0.0,0.0,0.0,0.0,1600.0,742.0,0.0,0.0,0.0,0.0,0.0,0.0,0.0,0.0,0.0,0.0,0.0,0.0,0.0
46,Yasin,Özcan,Yasin,u,has joined Anderlecht on loan for the rest of the season.,,4.0,707,192.0,0.1,452,166.0,0.0,517.0,212.0,0,0,0.0,0,0.0,0,103,0.0,0.0,0.0,0.0,0.0,601.0,229.0,0.0,0.0,592.0,229.0,585.0,229.0,551.0,224.0,592.0,228.0,,,,,,,,0.0,0.0,0.0,0.0,0.0,0.0,0.0,0.0,0.0,23,0,0.0,0.0,0.0,0.0,0.0,0.0,0.0,0.0,0.0,0.0,0.0,0.0,0.0,0.0,0.0,116.0,0.0,0.0,0.0,0.0,0.0,0.0,0.0,0.0,0.0,0.0,0.0,0.0,0.0
47,Morgan,Rogers,Rogers,a,,,7.7,19,14.0,31.6,10,3.0,4.5,48.0,19.0,8,0,0.0,7,-7.0,224600,157735,0.6,14.4,4.5,4.5,4.8,27.0,12.0,100.0,100.0,36.0,9.0,29.0,28.0,12.0,6.0,12.0,10.0,,,,,,,,0.19,0.11,0.3,1.44,0.0,0.31,1.1,1.01,6.11,23,8,90.0,0.0,1.0,1.0,0.0,0.0,0.0,0.0,0.0,0.0,0.0,1.0,0.0,19.0,242622.0,212890.0,0.0,0.08999999999999986,0.08000000000000007,0.16999999999999993,2.1800000000000033,38.39999999999998,27.30000000000001,22.0,8.799999999999983,4.0,2.0,7.0,13.0
51,Samuel,Iling-Junior,Iling Jr,u,has joined West Bromwich Albion on loan for the rest of the season,,5.5,151,95.0,0.0,673,278.0,0.0,785.0,350.0,0,0,0.0,0,0.0,0,6,0.0,0.0,0.0,0.0,0.0,793.0,352.0,0.0,0.0,793.0,352.0,792.0,352.0,789.0,351.0,793.0,352.0,,,,,,,,0.0,0.0,0.0,0.0,0.0,0.0,0.0,0.0,0.0,23,0,0.0,0.0,0.0,0.0,0.0,0.0,0.0,0.0,0.0,0.0,0.0,0.0,0.0,0.0,0.0,6.0,0.0,0.0,0.0,0.0,0.0,0.0,0.0,0.0,0.0,0.0,0.0,0.0,0.0
57,Lewis,Dobbin,Dobbin,u,Has joined Preston North End on loan for the rest of the season.,,5.0,259,158.0,0.0,654,267.0,0.0,737.0,316.0,0,0,0.0,0,0.0,0,5,0.0,0.0,0.0,0.0,0.0,768.0,334.0,0.0,0.0,768.0,334.0,765.0,334.0,758.0,331.0,767.0,333.0,,,,,,,,0.0,0.0,0.0,0.0,0.0,0.0,0.0,0.0,0.0,23,0,0.0,0.0,0.0,0.0,0.0,0.0,0.0,0.0,0.0,0.0,0.0,0.0,0.0,0.0,0.0,5.0,0.0,0.0,0.0,0.0,0.0,0.0,0.0,0.0,0.0,0.0,0.0,0.0,0.0
58,Boubacar,Kamara,Kamara,i,Knee injury - Expected back 01 Jun,,4.9,314,194.0,0.3,329,111.0,1.8,222.0,92.0,0,0,0.0,-1,1.0,47,6884,0.4,12.4,0.0,0.0,3.4,133.0,58.0,0.0,0.0,113.0,38.0,95.0,72.0,252.0,137.0,138.0,76.0,,,,,,,,0.03,0.05,0.08,1.33,0.0,0.32,0.96,1.09,9.51,23,0,0.0,0.0,0.0,0.0,0.0,0.0,0.0,0.0,0.0,0.0,0.0,0.0,0.0,0.0,55.0,8435.0,0.0,0.0,0.0,0.0,0.0,0.0,0.0,0.0,0.0,0.0,0.0,0.0,0.0
59,Amadou,Onana,Onana,a,,,4.8,365,227.0,0.6,227,78.0,1.2,265.0,112.0,5,0,0.0,-2,2.0,3762,1817,0.3,10.6,1.2,1.2,3.4,130.0,57.0,100.0,100.0,177.0,72.0,267.0,160.0,260.0,140.0,247.0,122.0,,,,,,,,0.04,0.02,0.06,1.49,0.0,0.37,1.02,1.11,12.01,23,5,88.0,0.0,0.0,1.0,0.0,0.0,0.0,0.0,0.0,0.0,0.0,1.0,0.0,18.0,4084.0,2103.0,0.0,0.0,0.010000000000000009,0.010000000000000009,2.040000000000001,16.600000000000023,13.300000000000004,2.0,3.200000000000003,3.0,5.0,4.0,12.0
181,Charalampos,Kostoulas,Kostoulas,a,,,4.8,374,63.0,0.4,289,45.0,3.2,115.0,13.0,0,0,0.0,-2,2.0,2196,1937,0.7,5.4,3.2,3.2,2.0,320.0,32.0,,,305.0,30.0,272.0,27.0,129.0,32.0,270.0,32.0,,,,,,,,0.68,0.1,0.78,1.33,0.0,0.49,1.98,0.49,12.86,23,0,2.0,0.0,0.0,0.0,1.0,0.0,0.0,0.0,1.0,0.0,0.0,0.0,0.0,-1.0,2970.0,2109.0,0.0,0.0,0.0,0.0,0.03000000000000025,0.0,1.0999999999999943,0.0,0.0,0.0,0.0,0.0,0.0
744,Nehemiah,Oriola,Oriola,a,,,4.5,465,282.0,0.0,709,300.0,0.0,650.0,253.0,0,0,0.0,0,0.0,66,98,0.0,0.2,0.0,0.0,1.0,457.0,207.0,,,704.0,287.0,700.0,288.0,680.0,280.0,704.0,287.0,,,,,,,,0.0,0.0,0.0,0.0,0.0,0.0,0.0,0.0,0.0,23,0,0.0,0.0,0.0,0.0,0.0,0.0,0.0,0.0,0.0,0.0,0.0,0.0,0.0,0.0,76.0,112.0,0.0,0.0,0.0,0.0,0.0,0.0,0.0,0.0,0.0,0.0,0.0,0.0,0.0
761,Freddie,Simmonds,Simmonds,a,,,4.0,714,198.0,0.0,728,249.0,0.0,523.0,217.0,0,0,0.0,0,0.0,75,78,0.0,0.0,0.0,0.0,0.0,607.0,234.0,,,598.0,234.0,591.0,234.0,557.0,229.0,598.0,233.0,,,,,,,,0.0,0.0,0.0,0.0,0.0,0.0,0.0,0.0,0.0,23,0,0.0,0.0,0.0,0.0,0.0,0.0,0.0,0.0,0.0,0.0,0.0,0.0,0.0,0.0,90.0,83.0,0.0,0.0,0.0,0.0,0.0,0.0,0.0,0.0,0.0,0.0,0.0,0.0,0.0
60,Ben,Broggio,Broggio,a,,,4.4,554,332.0,0.3,323,107.0,0.0,605.0,219.0,0,0,0.0,-1,1.0,294,593,0.0,0.0,0.0,0.0,0.0,668.0,260.0,,,662.0,254.0,658.0,258.0,633.0,247.0,663.0,255.0,,,,,,,,0.0,0.0,0.0,0.0,0.0,0.0,0.0,0.0,0.0,23,0,0.0,0.0,0.0,0.0,0.0,0.0,0.0,0.0,0.0,0.0,0.0,0.0,0.0,0.0,325.0,659.0,0.0,0.0,0.0,0.0,0.0,0.0,0.0,0.0,0.0,0.0,0.0,0.0,0.0
65,Zépiqueno,Redmond,Redmond,u,has joined Huddersfield Town on loan for the rest of the season.,,4.5,477,68.0,0.3,318,53.0,0.0,661.0,63.0,0,0,0.0,0,0.0,0,176,0.0,0.0,0.0,0.0,0.0,715.0,75.0,0.0,0.0,713.0,75.0,709.0,74.0,691.0,74.0,713.0,75.0,,,,,,,,0.0,0.0,0.0,0.0,0.0,0.0,0.0,0.0,0.0,23,0,0.0,0.0,0.0,0.0,0.0,0.0,0.0,0.0,0.0,0.0,0.0,0.0,0.0,0.0,0.0,197.0,0.0,0.0,0.0,0.0,0.0,0.0,0.0,0.0,0.0,0.0,0.0,0.0,0.0
389,Harvey,Elliott,Elliott,a,,,5.1,234,144.0,0.2,391,133.0,0.0,754.0,330.0,0,0,0.0,-4,4.0,540,365,0.0,0.8,0.0,0.0,1.0,477.0,224.0,100.0,100.0,445.0,201.0,381.0,191.0,364.0,185.0,435.0,197.0,,,,,,,,0.18,0.06,0.24,1.61,0.0,0.0,1.86,0.93,4.64,23,0,0.0,0.0,0.0,0.0,0.0,0.0,0.0,0.0,0.0,0.0,0.0,0.0,0.0,0.0,580.0,407.0,0.0,0.0,0.0,0.0,0.0,0.0,0.0,0.0,0.0,0.0,0.0,0.0,0.0
456,Jadon,Sancho,Sancho,a,,,5.8,106,68.0,0.2,364,121.0,1.2,274.0,119.0,1,0,0.0,-2,2.0,1699,852,0.2,2.6,1.2,1.2,1.2,426.0,192.0,100.0,100.0,399.0,175.0,237.0,146.0,200.0,109.0,322.0,156.0,,,,,,,,0.1,0.15,0.25,1.51,0.0,0.25,0.5,0.75,5.25,23,1,58.0,0.0,0.0,0.0,0.0,0.0,0.0,0.0,0.0,0.0,0.0,1.0,0.0,5.0,1924.0,963.0,0.0,0.0,0.010000000000000009,0.010000000000000009,1.92,2.0,2.5999999999999943,4.0,0.8999999999999986,1.0,0.0,4.0,5.0
677,Evann,Guessand,Guessand,a,,,6.2,77,50.0,0.0,619,240.0,0.5,339.0,152.0,0,0,0.0,-3,3.0,306,140,0.1,4.0,0.5,0.5,1.9,341.0,150.0,100.0,100.0,331.0,145.0,307.0,174.0,162.0,94.0,305.0,147.0,,,,,,,,0.18,0.06,0.24,1.36,0.0,0.15,1.54,0.93,8.49,23,0,0.0,0.0,0.0,0.0,0.0,0.0,0.0,0.0,0.0,0.0,0.0,0.0,0.0,0.0,335.0,156.0,0.0,0.0,0.0,0.0,0.0,0.0,0.0,0.0,0.0,0.0,0.0,0.0,0.0
699,Douglas Luiz,Soares de Paulo,Douglas Luiz,a,,,4.9,316,195.0,0.1,554,203.0,0.2,387.0,177.0,0,0,0.0,-1,1.0,1883,569,0.0,2.2,0.2,0.2,1.4,405.0,181.0,100.0,100.0,390.0,172.0,259.0,156.0,343.0,179.0,368.0,172.0,,,,,,,,0.04,0.18,0.22,1.28,0.0,0.0,2.01,1.43,11.18,23,0,0.0,0.0,0.0,0.0,0.0,0.0,0.0,0.0,0.0,0.0,0.0,0.0,0.0,0.0,1919.0,593.0,0.0,0.0,0.0,0.0,0.0,0.0,0.0,0.0,0.0,0.0,0.0,0.0,0.0
710,Travis,Patterson,Patterson,a,,,3.9,763,224.0,0.2,370,135.0,0.0,458.0,180.0,0,0,0.0,-1,1.0,112,471,0.0,0.0,0.0,0.0,0.0,545.0,200.0,,,536.0,200.0,527.0,200.0,490.0,192.0,536.0,199.0,,,,,,,,0.0,0.0,0.0,0.0,0.0,0.0,0.0,0.0,0.0,23,0,0.0,0.0,0.0,0.0,0.0,0.0,0.0,0.0,0.0,0.0,0.0,0.0,0.0,0.0,131.0,522.0,0.0,0.0,0.0,0.0,0.0,0.0,0.0,0.0,0.0,0.0,0.0,0.0,0.0
719,Victor,Lindelöf,Lindelöf,a,,,4.5,412,76.0,0.1,458,168.0,2.2,180.0,72.0,1,0,0.0,0,0.0,925,1005,0.5,4.7,2.2,2.2,1.9,333.0,128.0,100.0,100.0,296.0,113.0,361.0,129.0,391.0,147.0,361.0,128.0,,,,,,,,0.0,0.01,0.01,1.71,0.0,0.16,1.43,0.95,5.72,23,1,1.0,0.0,0.0,0.0,0.0,0.0,0.0,0.0,0.0,0.0,0.0,0.0,0.0,4.0,1031.0,1228.0,0.0,0.0,0.030000000000000006,0.03,0.13000000000000078,2.799999999999997,0.6999999999999993,0.0,0.40000000000000036,0.0,2.0,1.0,2.0
470,Martin,Dúbravka,Dúbravka,a,,,4.0,651,41.0,32.9,8,2.0,3.5,96.0,10.0,5,0,0.0,0,0.0,63929,53205,0.9,18.2,3.5,3.5,3.2,145.0,14.0,100.0,100.0,3.0,1.0,538.0,48.0,502.0,33.0,112.0,1.0,,,,,,,,0.0,0.0,0.0,2.06,4.09,0.13,1.91,1.0,0.0,23,5,90.0,0.0,0.0,0.0,2.0,0.0,0.0,0.0,0.0,0.0,9.0,1.0,1.0,26.0,69938.0,59687.0,0.0,0.0,0.0,0.0,2.049999999999997,62.39999999999998,0.0,0.0,6.199999999999989,0.0,2.0,8.0,0.0
676,Lesley,Ugochukwu,Ugochukwu,a,,,5.0,273,166.0,0.1,448,153.0,2.8,144.0,58.0,2,0,0.0,0,0.0,729,2331,0.6,13.4,2.8,2.8,3.0,189.0,80.0,100.0,100.0,140.0,50.0,204.0,132.0,123.0,72.0,166.0,91.0,,,,,,,,0.13,0.01,0.14,2.14,0.0,0.19,1.85,1.05,9.21,23,2,90.0,0.0,0.0,0.0,2.0,0.0,0.0,0.0,0.0,0.0,0.0,1.0,0.0,16.0,1434.0,2638.0,0.0,0.0,0.010000000000000009,0.009999999999999787,2.049999999999997,9.800000000000011,3.799999999999997,0.0,1.3999999999999986,3.0,1.0,6.0,10.0
680,Armando,Broja,Broja,a,,,5.2,214,49.0,0.2,356,57.0,2.0,206.0,23.0,2,0,0.0,-3,3.0,1457,3359,0.4,6.9,2.0,2.0,2.1,310.0,31.0,100.0,100.0,326.0,32.0,299.0,31.0,107.0,28.0,274.0,33.0,,,,,,,,0.24,0.01,0.25,2.35,0.0,0.12,2.82,0.94,4.81,23,2,68.0,0.0,0.0,0.0,1.0,0.0,0.0,0.0,0.0,0.0,0.0,1.0,0.0,0.0,2190.0,3888.0,0.0,0.08999999999999986,0.009999999999999995,0.10000000000000009,1.2800000000000011,0.0,0.8999999999999986,13.0,0.8999999999999986,0.0,0.0,0.0,0.0
722,Florentino Ibrain,Morris Luís,Florentino,a,,,5.0,250,152.0,0.0,602,231.0,4.0,65.0,26.0,4,0,0.0,0,0.0,532,808,0.8,12.2,4.0,4.0,3.2,157.0,65.0,,,139.0,49.0,153.0,105.0,309.0,160.0,195.0,103.0,,,,,,,,0.03,0.02,0.05,2.09,0.0,0.12,1.9,1.04,13.47,23,4,68.0,0.0,0.0,0.0,1.0,0.0,0.0,0.0,0.0,0.0,0.0,1.0,0.0,8.0,847.0,899.0,0.0,0.0,0.009999999999999953,0.010000000000000009,1.2800000000000011,6.199999999999989,2.0999999999999943,2.0,1.0,1.0,4.0,8.0,13.0
784,George,Brierley,Brierley,a,,,4.5,509,315.0,0.0,797,353.0,0.0,687.0,282.0,0,0,0.0,0,0.0,33,42,0.0,0.0,0.0,0.0,0.0,739.0,314.0,,,739.0,314.0,734.0,314.0,717.0,309.0,738.0,313.0,,,,,,,,0.0,0.0,0.0,0.0,0.0,0.0,0.0,0.0,0.0,23,0,0.0,0.0,0.0,0.0,0.0,0.0,0.0,0.0,0.0,0.0,0.0,0.0,0.0,0.0,40.0,64.0,0.0,0.0,0.0,0.0,0.0,0.0,0.0,0.0,0.0,0.0,0.0,0.0,0.0
67,Đorđe,Petrović,Petrović,a,,,4.5,432,24.0,4.3,82,14.0,1.2,262.0,21.0,1,0,0.0,0,0.0,15987,22810,0.3,13.3,1.2,0.7,2.6,242.0,22.0,,,39.0,11.0,680.0,86.0,658.0,74.0,207.0,11.0,,,,,,,,0.0,0.0,0.0,1.45,2.83,0.22,1.87,1.0,0.0,23,1,90.0,0.0,0.0,0.0,2.0,0.0,0.0,0.0,0.0,0.0,2.0,1.0,0.0,8.0,16310.0,27239.0,0.0,0.0,0.0,0.0,0.9300000000000068,17.80000000000001,0.0,0.0,1.7999999999999972,0.0,1.0,12.0,0.0
68,Will,Dennis,Dennis,i,Ankle injury - Unknown return date,,4.0,670,51.0,0.8,204,26.0,0.0,484.0,63.0,0,0,0.0,0,0.0,91,2085,0.0,0.0,0.0,0.0,0.0,571.0,69.0,0.0,0.0,562.0,69.0,555.0,58.0,520.0,43.0,562.0,69.0,,,,,,,,0.0,0.0,0.0,0.0,0.0,0.0,0.0,0.0,0.0,23,0,0.0,0.0,0.0,0.0,0.0,0.0,0.0,0.0,0.0,0.0,0.0,0.0,0.0,0.0,106.0,2376.0,0.0,0.0,0.0,0.0,0.0,0.0,0.0,0.0,0.0,0.0,0.0,0.0,0.0
69,Callan,McKenna,McKenna,a,,,3.9,768,91.0,0.2,342,49.0,0.0,463.0,52.0,0,0,0.0,-1,1.0,695,545,0.0,0.0,0.0,-0.5,0.0,550.0,58.0,,,541.0,58.0,532.0,45.0,495.0,30.0,541.0,58.0,,,,,,,,0.0,0.0,0.0,0.0,0.0,0.0,0.0,0.0,0.0,23,0,0.0,0.0,0.0,0.0,0.0,0.0,0.0,0.0,0.0,0.0,0.0,0.0,0.0,0.0,778.0,625.0,0.0,0.0,0.0,0.0,0.0,0.0,0.0,0.0,0.0,0.0,0.0,0.0,0.0
713,Álex,Jiménez Sánchez,A.Jimenez,a,,,4.5,463,92.0,0.2,366,133.0,2.5,161.0,60.0,7,0,0.0,0,0.0,18524,2992,0.6,8.9,2.5,2.0,2.1,305.0,117.0,,,189.0,77.0,198.0,50.0,160.0,32.0,202.0,65.0,,,,,,,,0.06,0.05,0.11,1.65,0.0,0.14,2.03,1.02,5.49,23,7,84.0,1.0,0.0,0.0,2.0,0.0,0.0,0.0,0.0,0.0,0.0,1.0,0.0,16.0,18604.0,3176.0,0.0,0.43000000000000005,0.010000000000000009,0.43999999999999995,0.7899999999999991,54.400000000000006,1.1000000000000085,52.0,10.800000000000004,1.0,7.0,5.0,8.0
801,Alex,Tóth,Tóth.A,a,,,5.0,281,173.0,0.0,758,328.0,1.0,288.0,127.0,1,0,0.0,0,0.0,271,68,0.2,0.2,1.8,1.3,1.0,475.0,222.0,,,485.0,223.0,471.0,228.0,769.0,339.0,777.0,341.0,,,,,,,,0.0,0.0,0.0,2.52,0.0,0.0,0.0,0.0,0.0,23,1,5.0,0.0,0.0,0.0,0.0,0.0,0.0,0.0,0.0,0.0,0.0,0.0,0.0,3.0,322.0,71.0,0.0,0.0,0.0,0.0,0.14,0.2,0.1,0.0,0.0,0.0,0.0,0.0,0.0
806,Christos,Mandas,Mandas,a,,,4.0,668,50.0,0.0,794,92.0,0.0,482.0,62.0,0,0,0.0,0,0.0,165,22,0.0,0.0,1.4,0.9,0.0,569.0,68.0,,,560.0,68.0,553.0,57.0,518.0,42.0,560.0,68.0,,,,,,,,0.0,0.0,0.0,0.0,0.0,0.0,0.0,0.0,0.0,23,0,0.0,0.0,0.0,0.0,0.0,0.0,0.0,0.0,0.0,0.0,0.0,0.0,0.0,0.0,165.0,22.0,0.0,0.0,0.0,0.0,0.0,0.0,0.0,0.0,0.0,0.0,0.0,0.0,0.0
112,Mads,Roerslev Rasmussen,Roerslev,u,Has joined Southampton permanently.,,4.5,420,82.0,0.0,695,238.0,0.0,620.0,247.0,0,0,0.0,0,0.0,0,9,0.0,0.0,0.0,0.0,0.0,681.0,253.0,0.0,0.0,676.0,253.0,672.0,253.0,649.0,252.0,677.0,253.0,,,,,,,,0.0,0.0,0.0,0.0,0.0,0.0,0.0,0.0,0.0,23,0,0.0,0.0,0.0,0.0,0.0,0.0,0.0,0.0,0.0,0.0,0.0,0.0,0.0,0.0,0.0,10.0,0.0,0.0,0.0,0.0,0.0,0.0,0.0,0.0,0.0,0.0,0.0,0.0,0.0
113,Sepp,van den Berg,Van den Berg,a,,,4.5,429,85.0,0.7,219,83.0,0.2,371.0,139.0,1,0,0.0,0,0.0,583,9119,0.0,11.8,0.2,0.2,2.9,195.0,76.0,100.0,100.0,94.0,41.0,346.0,121.0,114.0,19.0,164.0,53.0,,,,,,,,0.11,0.01,0.12,1.3,0.0,0.17,1.48,0.97,9.21,23,1,53.0,0.0,0.0,0.0,1.0,0.0,0.0,0.0,0.0,0.0,0.0,0.0,0.0,11.0,734.0,11437.0,0.0,0.05999999999999983,0.009999999999999981,0.06999999999999984,0.4799999999999969,22.400000000000034,1.6999999999999993,7.0,3.0999999999999943,0.0,8.0,7.0,8.0
116,Aaron,Hickey,Hickey,a,,,4.0,677,171.0,0.5,260,98.0,1.0,282.0,105.0,1,0,0.0,0,0.0,1064,2692,0.2,7.5,1.0,1.0,2.0,315.0,120.0,100.0,100.0,379.0,146.0,388.0,142.0,307.0,98.0,390.0,140.0,,,,,,,,0.07,0.03,0.1,0.89,0.0,0.34,1.17,1.01,5.36,23,1,23.0,0.0,0.0,0.0,1.0,0.0,0.0,0.0,0.0,0.0,0.0,0.0,0.0,0.0,1247.0,3141.0,0.0,0.0,0.0,0.0,0.3899999999999997,1.1999999999999957,0.5999999999999996,0.0,0.20000000000000107,0.0,0.0,2.0,0.0
117,Kim,Ji-soo,Ji-soo,u,has joined Kaiserslautern on loan for the rest of the season.,,3.9,769,226.0,0.1,505,182.0,0.0,464.0,182.0,0,0,0.0,-1,1.0,0,72,0.0,0.0,0.0,0.0,0.0,551.0,202.0,0.0,0.0,542.0,202.0,533.0,202.0,496.0,194.0,542.0,201.0,,,,,,,,0.0,0.0,0.0,0.0,0.0,0.0,0.0,0.0,0.0,23,0,0.0,0.0,0.0,0.0,0.0,0.0,0.0,0.0,0.0,0.0,0.0,0.0,0.0,0.0,0.0,86.0,0.0,0.0,0.0,0.0,0.0,0.0,0.0,0.0,0.0,0.0,0.0,0.0,0.0
118,Jayden,Meghoma,Meghoma,u,Has joined Rangers on loan for the rest of the season.,,4.0,687,177.0,0.0,604,216.0,0.0,499.0,199.0,0,0,0.0,0,0.0,0,27,0.0,0.0,0.0,0.0,0.0,585.0,218.0,0.0,0.0,576.0,218.0,569.0,218.0,534.0,212.0,576.0,217.0,,,,,,,,0.0,0.0,0.0,0.0,0.0,0.0,0.0,0.0,0.0,23,0,0.0,0.0,0.0,0.0,0.0,0.0,0.0,0.0,0.0,0.0,0.0,0.0,0.0,0.0,0.0,34.0,0.0,0.0,0.0,0.0,0.0,0.0,0.0,0.0,0.0,0.0,0.0,0.0,0.0
120,Kevin,Schade,Schade,a,,,7.1,38,22.0,2.6,114,36.0,3.6,94.0,40.0,2,0,0.0,1,-1.0,15180,99773,0.5,12.4,3.6,3.6,4.0,74.0,31.0,100.0,100.0,57.0,16.0,69.0,55.0,7.0,2.0,16.0,13.0,,,3.0,,,,,0.42,0.08,0.5,1.22,0.0,0.35,1.09,1.04,6.84,23,2,90.0,0.0,0.0,0.0,2.0,0.0,0.0,0.0,0.0,0.0,0.0,1.0,0.0,12.0,44867.0,105445.0,0.0,0.16000000000000014,0.26,0.41999999999999993,0.7800000000000011,10.199999999999989,18.80000000000001,24.0,5.300000000000011,2.0,2.0,2.0,6.0
121,Mikkel,Damsgaard,Damsgaard,d,Knee injury - 75% chance of playing,,5.7,119,74.0,0.5,257,86.0,2.0,210.0,88.0,1,0,0.0,-3,3.0,278,6021,0.4,10.7,1.5,2.0,3.0,192.0,83.0,75.0,,145.0,53.0,21.0,20.0,121.0,71.0,58.0,38.0,1.0,3.0,,,,,,0.08,0.26,0.34,1.38,0.0,0.14,1.56,1.06,10.05,23,1,36.0,0.0,0.0,0.0,1.0,0.0,0.0,0.0,0.0,0.0,0.0,1.0,0.0,5.0,840.0,6433.0,0.0,0.0,0.020000000000000018,0.019999999999999574,0.3000000000000007,2.7999999999999545,3.1999999999999886,10.0,1.5999999999999943,0.0,2.0,1.0,3.0
124,Jordan,Henderson,Henderson,a,,,5.0,241,148.0,0.4,287,95.0,1.0,287.0,126.0,1,0,0.0,0,0.0,937,2888,0.2,11.8,1.0,0.8,2.8,214.0,93.0,100.0,75.0,174.0,70.0,82.0,60.0,312.0,162.0,165.0,90.0,,,,,,,,0.02,0.13,0.15,1.23,0.0,0.27,1.39,0.99,8.28,23,1,9.0,0.0,0.0,0.0,0.0,0.0,0.0,0.0,0.0,0.0,0.0,0.0,0.0,3.0,958.0,3683.0,0.0,0.0,0.0,0.0,0.0,0.39999999999997726,0.6000000000000227,0.0,0.09999999999999432,0.0,0.0,0.0,0.0
125,Vitaly,Janelt,Janelt,a,,,4.9,302,187.0,0.3,310,105.0,5.2,26.0,12.0,2,0,0.0,-1,1.0,2596,6861,1.1,11.2,5.2,5.2,3.1,169.0,70.0,100.0,100.0,180.0,75.0,83.0,61.0,262.0,142.0,162.0,89.0,5.0,,,,,,,0.05,0.17,0.22,1.34,0.0,0.38,1.06,0.86,12.19,23,2,90.0,0.0,0.0,0.0,2.0,0.0,0.0,0.0,0.0,0.0,0.0,1.0,0.0,10.0,4581.0,7546.0,0.0,0.06999999999999995,0.09000000000000008,0.1599999999999997,0.7799999999999994,11.199999999999989,26.0,4.0,4.099999999999994,0.0,3.0,3.0,6.0
126,Mathias,Jensen,Jensen,a,,,4.9,305,189.0,0.1,512,182.0,2.2,185.0,75.0,2,0,0.0,-1,1.0,295,498,0.4,9.2,2.2,2.2,2.1,309.0,136.0,,,241.0,101.0,88.0,65.0,207.0,113.0,179.0,96.0,3.0,,5.0,,,,,0.12,0.27,0.39,1.36,0.0,0.38,1.24,1.05,8.2,23,2,90.0,0.0,0.0,0.0,2.0,0.0,0.0,0.0,0.0,0.0,0.0,1.0,0.0,22.0,392.0,607.0,0.0,0.0,0.6600000000000001,0.6600000000000001,0.7799999999999994,18.400000000000006,54.79999999999998,8.0,8.100000000000001,1.0,2.0,5.0,8.0
127,Gustavo,Nunes Fernandes Gomes,Nunes,u,has joined Swansea City on loan for the rest of the season.,,4.9,344,214.0,0.0,691,291.0,0.0,727.0,309.0,0,0,0.0,-1,1.0,0,175,0.0,0.0,0.0,0.0,0.0,762.0,329.0,0.0,0.0,762.0,329.0,758.0,329.0,749.0,326.0,761.0,328.0,,,,,,,,0.0,0.0,0.0,0.0,0.0,0.0,0.0,0.0,0.0,23,0,0.0,0.0,0.0,0.0,0.0,0.0,0.0,0.0,0.0,0.0,0.0,0.0,0.0,0.0,0.0,200.0,0.0,0.0,0.0,0.0,0.0,0.0,0.0,0.0,0.0,0.0,0.0,0.0,0.0
630,Tom,King,King,a,,,3.9,735,73.0,1.3,169,21.0,0.0,438.0,34.0,0,0,0.0,-1,1.0,718,2157,0.0,0.0,0.0,0.0,0.0,525.0,40.0,,,516.0,40.0,507.0,27.0,470.0,12.0,516.0,40.0,,,,,,,,0.0,0.0,0.0,0.0,0.0,0.0,0.0,0.0,0.0,23,0,0.0,0.0,0.0,0.0,0.0,0.0,0.0,0.0,0.0,0.0,0.0,0.0,0.0,0.0,799.0,2400.0,0.0,0.0,0.0,0.0,0.0,0.0,0.0,0.0,0.0,0.0,0.0,0.0,0.0
161,Julio,Enciso Espínola,Enciso,u,has joined Strasbourg permanently.,,5.4,175,108.0,0.0,730,310.0,0.0,776.0,343.0,0,0,0.0,-1,1.0,0,2,0.0,0.0,0.0,0.0,0.0,788.0,348.0,0.0,0.0,788.0,348.0,787.0,348.0,783.0,347.0,788.0,348.0,,,,,,,,0.0,0.0,0.0,0.0,0.0,0.0,0.0,0.0,0.0,23,0,0.0,0.0,0.0,0.0,0.0,0.0,0.0,0.0,0.0,0.0,0.0,0.0,0.0,0.0,0.0,2.0,0.0,0.0,0.0,0.0,0.0,0.0,0.0,0.0,0.0,0.0,0.0,0.0,0.0
162,Brajan,Gruda,Gruda,a,,,5.4,180,112.0,0.1,551,200.0,1.5,252.0,106.0,0,0,0.0,-1,1.0,288,642,0.3,6.5,1.5,1.5,1.9,339.0,149.0,100.0,100.0,287.0,129.0,110.0,78.0,137.0,80.0,199.0,105.0,,,,,,,,0.24,0.11,0.35,1.76,0.0,0.25,1.4,1.02,7.37,23,0,0.0,0.0,0.0,0.0,0.0,0.0,0.0,0.0,0.0,0.0,0.0,0.0,0.0,0.0,437.0,717.0,0.0,0.0,0.0,0.0,0.0,0.0,0.0,0.0,0.0,0.0,0.0,0.0,0.0
163,Jack,Hinshelwood,Hinshelwood,a,,,5.1,239,146.0,0.0,585,217.0,1.8,226.0,94.0,0,0,0.0,-4,4.0,299,449,0.4,7.1,1.8,1.8,2.8,216.0,94.0,100.0,100.0,289.0,131.0,305.0,173.0,227.0,124.0,301.0,144.0,,,,,,,,0.1,0.05,0.15,2.15,0.0,0.14,1.79,0.96,8.93,23,0,0.0,0.0,0.0,0.0,0.0,0.0,0.0,0.0,0.0,0.0,0.0,0.0,0.0,0.0,378.0,510.0,0.0,0.0,0.0,0.0,0.0,0.0,0.0,0.0,0.0,0.0,0.0,0.0,0.0
164,Matt,O'Riley,O'Riley,u,has joined Marseille on loan for the rest of the season.,,5.5,143,89.0,0.3,298,100.0,0.0,783.0,349.0,0,0,0.0,0,0.0,0,128,0.0,2.2,0.0,0.0,6.0,3.0,1.0,0.0,0.0,374.0,164.0,277.0,162.0,273.0,146.0,351.0,167.0,,,,,,,,0.62,0.09,0.71,1.08,0.0,0.51,1.02,1.02,4.58,23,0,0.0,0.0,0.0,0.0,0.0,0.0,0.0,0.0,0.0,0.0,0.0,0.0,0.0,0.0,0.0,138.0,0.0,0.0,0.0,0.0,0.0,0.0,0.0,0.0,0.0,0.0,0.0,0.0,0.0
338,Rodrigo,Muniz Carvalho,Muniz,d,Hamstring injury - 25% chance of playing,,5.3,195,45.0,0.7,218,34.0,0.0,763.0,76.0,0,0,0.0,-2,2.0,70,666,0.0,3.2,0.0,0.0,2.4,272.0,28.0,25.0,0.0,370.0,38.0,331.0,39.0,184.0,39.0,333.0,39.0,,,,,,,,0.24,0.0,0.24,1.46,0.0,0.26,1.03,1.03,4.91,23,0,0.0,0.0,0.0,0.0,0.0,0.0,0.0,0.0,0.0,0.0,0.0,0.0,0.0,0.0,88.0,761.0,0.0,0.0,0.0,0.0,0.0,0.0,0.0,0.0,0.0,0.0,0.0,0.0,0.0
664,Benjamin,Lecomte,Lecomte,a,,,3.9,732,71.0,0.7,210,27.0,0.0,435.0,32.0,0,0,0.0,-1,1.0,676,1403,0.0,0.0,0.0,0.0,0.0,523.0,38.0,,,514.0,38.0,505.0,25.0,468.0,10.0,514.0,38.0,,,,,,,,0.0,0.0,0.0,0.0,0.0,0.0,0.0,0.0,0.0,23,0,0.0,0.0,0.0,0.0,0.0,0.0,0.0,0.0,0.0,0.0,0.0,0.0,0.0,0.0,759.0,1590.0,0.0,0.0,0.0,0.0,0.0,0.0,0.0,0.0,0.0,0.0,0.0,0.0,0.0
167,Carlos,Baleba,Baleba,a,,,4.5,456,275.0,1.3,161,55.0,1.2,263.0,111.0,4,0,0.0,-5,5.0,5366,2222,0.3,6.7,1.2,1.2,1.7,363.0,160.0,100.0,100.0,350.0,156.0,263.0,158.0,348.0,181.0,357.0,168.0,,,,,,,,0.03,0.02,0.05,1.26,0.0,0.36,1.26,1.35,10.73,23,4,80.0,0.0,0.0,0.0,1.0,0.0,0.0,0.0,0.0,0.0,0.0,1.0,0.0,18.0,5955.0,2457.0,0.0,0.07,0.01999999999999999,0.08999999999999997,1.0200000000000014,8.599999999999994,4.5,2.0,1.4999999999999982,2.0,4.0,6.0,12.0
169,Diego,Gómez Amarilla,Gomez,d,Knock - 75% chance of playing,,4.9,338,208.0,0.2,377,127.0,2.2,187.0,77.0,2,0,0.0,-1,1.0,876,3604,0.4,11.4,1.7,2.2,2.7,228.0,100.0,75.0,100.0,156.0,60.0,94.0,71.0,53.0,32.0,80.0,48.0,,3.0,,,,,,0.28,0.08,0.36,1.39,0.0,0.25,1.4,1.08,9.24,23,2,80.0,0.0,0.0,0.0,1.0,0.0,0.0,0.0,0.0,0.0,0.0,1.0,0.0,14.0,1239.0,4167.0,0.0,0.0,0.010000000000000009,0.009999999999999787,1.0199999999999996,14.800000000000011,3.0,4.0,2.200000000000003,5.0,2.0,4.0,11.0
170,James,Milner,Milner,a,,,4.9,285,176.0,0.1,463,157.0,0.8,306.0,134.0,1,0,0.0,-1,1.0,320,241,0.2,4.3,0.8,0.8,1.6,379.0,168.0,100.0,100.0,334.0,147.0,233.0,143.0,349.0,182.0,344.0,165.0,5.0,,1.0,,,,,0.25,0.15,0.4,1.81,0.0,0.0,2.94,0.59,9.71,23,1,9.0,0.0,0.0,0.0,1.0,0.0,0.0,0.0,0.0,0.0,0.0,0.0,0.0,3.0,354.0,273.0,0.0,0.0,0.0,0.0,0.03000000000000025,0.5999999999999943,1.5999999999999943,0.0,0.1999999999999993,0.0,0.0,0.0,0.0
171,Jeremy,Sarmiento Morante,Sarmiento,u,has joined Middlesbrough on loan for the rest of the season.,,4.9,328,202.0,0.0,690,290.0,0.0,720.0,304.0,0,0,0.0,-1,1.0,1,5,0.0,0.0,0.0,0.0,0.0,758.0,327.0,0.0,0.0,758.0,327.0,754.0,327.0,745.0,324.0,757.0,326.0,,,,,,,,0.0,0.0,0.0,0.0,0.0,0.0,0.0,0.0,0.0,23,0,0.0,0.0,0.0,0.0,0.0,0.0,0.0,0.0,0.0,0.0,0.0,0.0,0.0,0.0,1.0,5.0,0.0,0.0,0.0,0.0,0.0,0.0,0.0,0.0,0.0,0.0,0.0,0.0,0.0
173,Mats,Wieffer,Wieffer,i,Toe Injury - Unknown return date,,4.9,332,205.0,0.1,422,142.0,0.0,723.0,306.0,0,0,0.0,-1,1.0,35,2166,0.0,11.8,0.0,0.0,3.6,113.0,52.0,0.0,0.0,138.0,48.0,101.0,75.0,170.0,99.0,123.0,69.0,,,,,,,,0.09,0.11,0.2,1.25,0.0,0.23,1.3,0.99,14.05,23,0,0.0,0.0,0.0,0.0,0.0,0.0,0.0,0.0,0.0,0.0,0.0,0.0,0.0,0.0,38.0,2685.0,0.0,0.0,0.0,0.0,0.0,0.0,0.0,0.0,0.0,0.0,0.0,0.0,0.0
174,Malick,Yalcouyé,Yalcouye,u,Has joined Swansea City on loan for the rest of the season.,,5.0,280,172.0,0.0,759,329.0,0.0,747.0,324.0,0,0,0.0,0,0.0,0,2,0.0,0.0,0.0,0.0,0.0,777.0,341.0,0.0,0.0,777.0,341.0,775.0,341.0,768.0,338.0,776.0,340.0,,,,,,,,0.0,0.0,0.0,0.0,0.0,0.0,0.0,0.0,0.0,23,0,0.0,0.0,0.0,0.0,0.0,0.0,0.0,0.0,0.0,0.0,0.0,0.0,0.0,0.0,0.0,2.0,0.0,0.0,0.0,0.0,0.0,0.0,0.0,0.0,0.0,0.0,0.0,0.0,0.0
176,Adrian,Mazilu,Mazilu,u,has joined Dinamo Bucharest permanently.,,4.5,460,279.0,0.0,675,280.0,0.0,647.0,251.0,0,0,0.0,0,0.0,0,13,0.0,0.0,0.0,0.0,0.0,704.0,288.0,0.0,0.0,700.0,284.0,697.0,286.0,676.0,277.0,700.0,284.0,,,,,,,,0.0,0.0,0.0,0.0,0.0,0.0,0.0,0.0,0.0,23,0,0.0,0.0,0.0,0.0,0.0,0.0,0.0,0.0,0.0,0.0,0.0,0.0,0.0,0.0,0.0,14.0,0.0,0.0,0.0,0.0,0.0,0.0,0.0,0.0,0.0,0.0,0.0,0.0,0.0
346,Sam,Byram,Byram,a,,,3.8,775,232.0,0.2,369,134.0,0.0,405.0,151.0,0,0,0.0,-2,2.0,398,487,0.0,0.3,-1.0,0.0,1.0,431.0,156.0,,,489.0,177.0,477.0,175.0,439.0,166.0,489.0,176.0,,,,,,,,0.0,0.0,0.0,10.16,0.0,0.0,12.86,0.0,0.0,23,0,0.0,0.0,0.0,0.0,0.0,0.0,0.0,0.0,0.0,0.0,0.0,0.0,0.0,0.0,437.0,603.0,0.0,0.0,0.0,0.0,0.0,0.0,0.0,0.0,0.0,0.0,0.0,0.0,0.0
494,Joe,Willock,Willock,a,,,5.0,248,150.0,0.1,511,181.0,0.5,331.0,145.0,1,0,0.0,0,0.0,588,322,0.1,3.0,0.0,0.5,1.2,424.0,190.0,100.0,100.0,403.0,177.0,315.0,176.0,336.0,176.0,392.0,180.0,,,,,,,,0.23,0.04,0.27,1.46,0.0,0.75,1.13,0.75,9.79,23,1,6.0,0.0,0.0,0.0,1.0,0.0,0.0,0.0,0.0,0.0,0.0,0.0,0.0,3.0,642.0,367.0,0.0,0.0,0.0,0.0,0.43999999999999995,0.6000000000000014,0.29999999999999716,0.0,0.09999999999999964,0.0,0.0,1.0,1.0
272,Jefferson,Lerma Solís,Lerma,a,,,4.9,290,178.0,0.1,546,197.0,1.2,266.0,113.0,1,0,0.0,-1,1.0,311,170,0.2,7.3,1.2,1.2,1.8,351.0,155.0,100.0,100.0,269.0,118.0,195.0,129.0,146.0,85.0,238.0,118.0,,,,,,,,0.08,0.07,0.15,1.25,0.0,0.39,1.06,0.87,10.63,23,1,90.0,0.0,0.0,0.0,3.0,0.0,0.0,0.0,1.0,0.0,0.0,1.0,0.0,1.0,338.0,195.0,0.0,0.21999999999999997,0.040000000000000036,0.26,2.200000000000001,6.599999999999994,3.700000000000003,68.0,7.799999999999997,1.0,1.0,5.0,7.0
274,Asher,Agbinone,Agbinone,a,,,4.3,608,353.0,0.1,558,206.0,0.0,570.0,199.0,0,0,0.0,-2,2.0,457,246,0.0,0.0,0.0,0.0,0.0,640.0,243.0,,,631.0,234.0,628.0,239.0,600.0,226.0,632.0,235.0,,,,,,,,0.0,0.0,0.0,0.0,0.0,0.0,0.0,0.0,0.0,23,0,0.0,0.0,0.0,0.0,0.0,0.0,0.0,0.0,0.0,0.0,0.0,0.0,0.0,0.0,510.0,266.0,0.0,0.0,0.0,0.0,0.0,0.0,0.0,0.0,0.0,0.0,0.0,0.0,0.0
275,Naouirou,Ahamada,Ahamada,u,has joined AJ Auxerre permanently.,,4.3,583,340.0,0.0,611,234.0,0.0,556.0,188.0,0,0,0.0,-2,2.0,0,195,0.0,0.0,0.0,0.0,0.0,628.0,233.0,0.0,0.0,619.0,224.0,615.0,229.0,586.0,215.0,620.0,225.0,,,,,,,,0.0,0.0,0.0,0.0,0.0,0.0,0.0,0.0,0.0,23,0,0.0,0.0,0.0,0.0,0.0,0.0,0.0,0.0,0.0,0.0,0.0,0.0,0.0,0.0,0.0,230.0,0.0,0.0,0.0,0.0,0.0,0.0,0.0,0.0,0.0,0.0,0.0,0.0,0.0
276,Justin,Devenny,Devenny,i,Ankle injury - Expected back 22 Feb,,4.3,587,342.0,1.4,155,51.0,1.6,235.0,98.0,0,0,0.0,-2,2.0,5488,19953,0.4,6.7,0.0,1.6,1.6,374.0,165.0,0.0,100.0,335.0,148.0,228.0,140.0,127.0,74.0,271.0,133.0,,2.0,,,,,,0.36,0.05,0.41,1.53,0.0,0.15,1.52,0.76,7.28,23,0,0.0,0.0,0.0,0.0,0.0,0.0,0.0,0.0,0.0,0.0,0.0,0.0,0.0,0.0,7227.0,21448.0,0.0,0.0,0.0,0.0,0.0,0.0,0.0,0.0,0.0,0.0,0.0,0.0,0.0
277,Malcolm,Ebiowei,Ebiowei,u,Has joined Blackpool permanently.,,4.5,430,257.0,0.0,780,341.0,0.0,627.0,232.0,0,0,0.0,0,0.0,0,2,0.0,0.0,0.0,0.0,0.0,686.0,271.0,0.0,0.0,681.0,266.0,678.0,269.0,656.0,260.0,682.0,267.0,,,,,,,,0.0,0.0,0.0,0.0,0.0,0.0,0.0,0.0,0.0,23,0,0.0,0.0,0.0,0.0,0.0,0.0,0.0,0.0,0.0,0.0,0.0,0.0,0.0,0.0,0.0,2.0,0.0,0.0,0.0,0.0,0.0,0.0,0.0,0.0,0.0,0.0,0.0,0.0,0.0
278,Jesurun,Rak-Sakyi,J.Rak-Sakyi,a,,,4.4,535,319.0,0.0,641,259.0,0.0,591.0,209.0,0,0,0.0,-1,1.0,58,34,0.0,0.0,0.0,0.0,0.0,655.0,251.0,100.0,100.0,647.0,243.0,644.0,248.0,618.0,236.0,648.0,244.0,,,,,,,,0.0,0.0,0.0,0.0,0.0,0.0,0.0,0.0,0.0,23,0,0.0,0.0,0.0,0.0,0.0,0.0,0.0,0.0,0.0,0.0,0.0,0.0,0.0,0.0,69.0,36.0,0.0,0.0,0.0,0.0,0.0,0.0,0.0,0.0,0.0,0.0,0.0,0.0,0.0
392,Endo,Wataru,Endo,a,,,4.9,293,181.0,0.1,493,173.0,0.2,384.0,175.0,1,0,0.0,-1,1.0,206,96,0.0,1.6,0.7,0.7,1.3,415.0,185.0,100.0,100.0,397.0,174.0,384.0,192.0,734.0,315.0,423.0,190.0,,,,,,,,0.0,0.04,0.04,3.35,0.0,0.0,4.55,0.0,10.91,23,1,56.0,0.0,0.0,0.0,1.0,0.0,0.0,0.0,0.0,0.0,0.0,0.0,0.0,9.0,222.0,107.0,0.0,0.0,0.04,0.04,1.71,10.2,4.9,0.0,1.5,1.0,4.0,0.0,5.0
537,Niall,Huggins,Huggins,u,has joined Wycombe Wanderers on loan for the rest of the season.,,4.0,682,173.0,0.1,526,190.0,0.0,494.0,195.0,0,0,0.0,0,0.0,0,45,0.0,0.0,0.0,0.0,0.0,581.0,215.0,0.0,0.0,572.0,215.0,565.0,215.0,530.0,209.0,572.0,214.0,,,,,,,,0.0,0.0,0.0,0.0,0.0,0.0,0.0,0.0,0.0,23,0,0.0,0.0,0.0,0.0,0.0,0.0,0.0,0.0,0.0,0.0,0.0,0.0,0.0,0.0,0.0,57.0,0.0,0.0,0.0,0.0,0.0,0.0,0.0,0.0,0.0,0.0,0.0,0.0,0.0
538,Zak,Johnson,Johnson,u,has joined York City on loan for the rest of the season.,,3.8,791,247.0,0.2,354,129.0,0.0,418.0,163.0,0,0,0.0,-2,2.0,0,1167,0.0,0.0,0.0,0.0,0.0,508.0,186.0,0.0,0.0,499.0,186.0,488.0,185.0,450.0,176.0,499.0,185.0,,,,,,,,0.0,0.0,0.0,0.0,0.0,0.0,0.0,0.0,0.0,23,0,0.0,0.0,0.0,0.0,0.0,0.0,0.0,0.0,0.0,0.0,0.0,0.0,0.0,0.0,0.0,1339.0,0.0,0.0,0.0,0.0,0.0,0.0,0.0,0.0,0.0,0.0,0.0,0.0,0.0
303,James,Garner,Garner,a,,,5.2,212,132.0,4.5,79,27.0,4.0,67.0,27.0,2,0,0.0,2,-2.0,78406,73844,0.8,19.4,4.0,4.0,4.4,39.0,16.0,,,21.0,6.0,20.0,19.0,118.0,69.0,31.0,25.0,3.0,3.0,,,,,,0.07,0.14,0.21,1.45,0.0,0.39,1.13,1.0,12.17,23,2,90.0,0.0,0.0,0.0,1.0,0.0,0.0,0.0,0.0,0.0,0.0,1.0,0.0,18.0,113632.0,77979.0,0.0,0.05999999999999983,0.1499999999999999,0.20999999999999996,1.2299999999999969,11.600000000000023,15.800000000000011,8.0,3.5,3.0,1.0,3.0,7.0
308,Isaac,Heath,Heath,u,has joined Accrington on loan for the rest of the season.,,4.5,448,268.0,0.0,682,284.0,0.0,639.0,243.0,0,0,0.0,0,0.0,0,10,0.0,0.0,0.0,0.0,0.0,696.0,280.0,0.0,0.0,692.0,276.0,689.0,278.0,668.0,269.0,692.0,276.0,,,,,,,,0.0,0.0,0.0,0.0,0.0,0.0,0.0,0.0,0.0,23,0,0.0,0.0,0.0,0.0,0.0,0.0,0.0,0.0,0.0,0.0,0.0,0.0,0.0,0.0,0.0,11.0,0.0,0.0,0.0,0.0,0.0,0.0,0.0,0.0,0.0,0.0,0.0,0.0,0.0
309,Jenson,Metcalfe,Metcalfe,u,Has joined Bradford City permanently.,,4.5,444,266.0,0.0,805,360.0,0.0,637.0,241.0,0,0,0.0,0,0.0,0,2,0.0,0.0,0.0,0.0,0.0,694.0,278.0,0.0,0.0,690.0,274.0,687.0,276.0,666.0,267.0,690.0,274.0,,,,,,,,0.0,0.0,0.0,0.0,0.0,0.0,0.0,0.0,0.0,23,0,0.0,0.0,0.0,0.0,0.0,0.0,0.0,0.0,0.0,0.0,0.0,0.0,0.0,0.0,0.0,2.0,0.0,0.0,0.0,0.0,0.0,0.0,0.0,0.0,0.0,0.0,0.0,0.0,0.0
310,Thierno,Barry,Barry,a,,,5.7,122,33.0,1.3,164,28.0,6.2,11.0,3.0,9,0,0.0,-3,3.0,78103,15673,1.1,10.4,6.2,6.2,2.6,251.0,25.0,,,211.0,17.0,196.0,18.0,43.0,18.0,129.0,16.0,,,,,,,,0.27,0.01,0.28,1.41,0.0,0.5,1.21,1.06,3.12,23,9,88.0,1.0,0.0,0.0,1.0,0.0,0.0,0.0,0.0,0.0,0.0,1.0,3.0,33.0,84291.0,16720.0,0.0,0.20999999999999996,0.04000000000000001,0.25,1.1600000000000001,42.400000000000006,4.599999999999994,51.0,9.799999999999997,0.0,3.0,2.0,5.0
311,Norberto Bercique,Gomes Betuncal,Beto,a,,,5.0,264,54.0,2.4,118,19.0,2.0,205.0,22.0,1,0,0.0,-5,5.0,5754,8281,0.4,7.6,2.0,2.0,1.7,364.0,40.0,,,294.0,28.0,309.0,33.0,55.0,20.0,218.0,25.0,,,2.0,,,,,0.48,0.02,0.5,1.62,0.0,0.22,1.3,0.87,5.09,23,1,1.0,0.0,0.0,0.0,0.0,0.0,0.0,0.0,0.0,0.0,0.0,0.0,0.0,2.0,6550.0,9476.0,0.0,0.0,0.0,0.0,0.07000000000000028,0.0,0.0,0.0,0.0,0.0,0.0,0.0,0.0
707,Tyler,Dibling,Dibling,a,,,5.3,202,125.0,0.0,637,257.0,0.5,334.0,147.0,1,0,0.0,-2,2.0,82,256,0.1,3.0,0.5,0.5,1.3,419.0,189.0,,,392.0,173.0,290.0,168.0,329.0,173.0,374.0,174.0,,,,,,,,0.05,0.04,0.09,1.58,0.0,0.53,0.53,1.07,10.65,23,1,19.0,0.0,0.0,0.0,0.0,0.0,0.0,0.0,0.0,0.0,0.0,0.0,0.0,2.0,103.0,322.0,0.0,0.0,0.06000000000000001,0.06,0.1299999999999999,5.200000000000003,12.299999999999997,4.0,2.1999999999999993,0.0,0.0,1.0,1.0
779,Braiden,Graham,Graham,a,,,4.5,499,71.0,0.0,683,84.0,0.0,680.0,66.0,0,0,0.0,0,0.0,433,208,0.0,0.0,0.0,0.0,0.0,733.0,78.0,,,733.0,78.0,728.0,77.0,710.0,77.0,732.0,78.0,,,,,,,,0.0,0.0,0.0,0.0,0.0,0.0,0.0,0.0,0.0,23,0,0.0,0.0,0.0,0.0,0.0,0.0,0.0,0.0,0.0,0.0,0.0,0.0,0.0,0.0,474.0,222.0,0.0,0.0,0.0,0.0,0.0,0.0,0.0,0.0,0.0,0.0,0.0,0.0,0.0
314,Bernd,Leno,Leno,a,,,4.9,287,11.0,1.6,150,20.0,2.4,168.0,17.0,3,0,0.0,-1,1.0,1651,12816,0.5,14.3,2.4,2.4,3.0,188.0,17.0,,,27.0,8.0,742.0,88.0,731.0,82.0,192.0,9.0,,,,,,,,0.0,0.0,0.0,1.39,2.61,0.22,1.39,1.0,0.0,23,3,90.0,0.0,0.0,0.0,1.0,0.0,0.0,0.0,0.0,0.0,3.0,1.0,0.0,18.0,3247.0,14365.0,0.0,0.0,0.0,0.0,1.5899999999999999,27.80000000000001,0.0,0.0,2.799999999999997,0.0,0.0,10.0,0.0
318,Calvin,Bassey,Bassey,a,,,4.4,525,110.0,0.4,282,108.0,0.0,587.0,243.0,0,0,0.0,-1,1.0,2091,2148,0.0,12.5,0.0,0.0,3.4,127.0,49.0,100.0,100.0,110.0,49.0,265.0,81.0,289.0,89.0,213.0,71.0,,,,,,,,0.06,0.01,0.07,1.38,0.0,0.2,1.66,0.99,7.95,23,0,0.0,0.0,0.0,0.0,0.0,0.0,0.0,0.0,0.0,0.0,0.0,0.0,0.0,0.0,3184.0,2299.0,0.0,0.0,0.0,0.0,0.0,0.0,0.0,0.0,0.0,0.0,0.0,0.0,0.0
341,Karl,Darlow,Darlow,a,,,3.9,728,67.0,2.1,125,17.0,1.6,234.0,20.0,2,0,0.0,-1,1.0,14267,6634,0.4,4.6,0.6,1.6,2.6,234.0,20.0,,,286.0,23.0,501.0,21.0,464.0,6.0,373.0,23.0,,,,,,,,0.0,0.0,0.0,0.77,2.29,0.14,1.29,1.0,0.0,23,2,90.0,0.0,0.0,0.0,1.0,0.0,0.0,0.0,0.0,0.0,2.0,1.0,0.0,9.0,15573.0,7364.0,0.0,0.0,0.0,0.0,0.5999999999999996,17.599999999999994,0.0,0.0,1.799999999999999,0.0,1.0,8.0,0.0
342,Jayden,Bogle,Bogle,a,,,4.4,521,106.0,0.2,402,147.0,1.8,216.0,84.0,2,0,0.0,-1,1.0,863,691,0.4,12.0,0.8,1.8,2.5,258.0,102.0,100.0,100.0,198.0,79.0,150.0,38.0,182.0,38.0,193.0,61.0,,,,,,,,0.06,0.05,0.11,1.22,0.0,0.21,1.59,1.03,5.45,23,2,90.0,0.0,0.0,0.0,1.0,0.0,0.0,0.0,0.0,0.0,0.0,1.0,0.0,5.0,949.0,789.0,0.0,0.0,0.08000000000000007,0.08000000000000007,0.5999999999999979,6.800000000000011,13.099999999999994,8.0,2.799999999999997,1.0,4.0,7.0,5.0
347,Gabriel,Gudmundsson,Gudmundsson,d,Muscle injury - 25% chance of playing,,3.8,780,236.0,3.7,91,33.0,3.2,109.0,40.0,0,0,0.0,-2,2.0,6332,58065,0.8,14.5,0.6,2.4,2.5,252.0,98.0,25.0,75.0,108.0,48.0,61.0,11.0,186.0,40.0,94.0,25.0,,,,,,,,0.05,0.09,0.14,1.34,0.0,0.2,1.62,1.03,6.44,23,0,0.0,0.0,0.0,0.0,0.0,0.0,0.0,0.0,0.0,0.0,0.0,0.0,0.0,0.0,7887.0,63831.0,0.0,0.0,0.0,0.0,0.0,0.0,0.0,0.0,0.0,0.0,0.0,0.0,0.0
350,Brenden,Aaronson,Aaronson,a,,,5.4,171,106.0,0.8,199,67.0,6.2,10.0,4.0,4,0,0.0,-1,1.0,17967,17839,1.1,16.9,5.2,6.2,4.1,62.0,27.0,,,93.0,29.0,56.0,46.0,39.0,23.0,39.0,29.0,,,,,,,,0.2,0.18,0.38,1.27,0.0,0.32,1.27,1.02,8.64,23,4,84.0,0.0,0.0,0.0,1.0,0.0,0.0,0.0,0.0,0.0,0.0,1.0,0.0,10.0,23640.0,20878.0,0.0,0.040000000000000036,0.08999999999999986,0.1299999999999999,0.6000000000000014,18.0,16.30000000000001,13.0,4.700000000000003,3.0,3.0,6.0,12.0
351,Wilfried,Gnonto,Gnonto,a,,,5.2,217,134.0,0.1,495,174.0,0.6,313.0,139.0,0,0,0.0,-3,3.0,197,225,0.1,3.8,-0.4,0.6,1.5,395.0,176.0,100.0,100.0,378.0,166.0,244.0,149.0,335.0,175.0,358.0,169.0,,,,,,,,0.07,0.14,0.21,2.1,0.0,0.27,2.67,1.07,9.88,23,0,0.0,0.0,0.0,0.0,0.0,0.0,0.0,0.0,0.0,0.0,0.0,0.0,0.0,0.0,221.0,260.0,0.0,0.0,0.0,0.0,0.0,0.0,0.0,0.0,0.0,0.0,0.0,0.0,0.0
352,Jack,Harrison,Harrison,u,has joined ACF Fiorentina on loan for the rest of the season.,,5.1,229,141.0,0.1,575,213.0,0.0,752.0,328.0,0,0,0.0,-4,4.0,0,347,0.0,2.4,0.0,0.0,1.1,430.0,194.0,0.0,0.0,411.0,182.0,317.0,177.0,323.0,169.0,386.0,178.0,4.0,,,,,,,0.1,0.08,0.18,1.31,0.0,0.0,1.72,0.34,8.24,23,0,0.0,0.0,0.0,0.0,0.0,0.0,0.0,0.0,0.0,0.0,0.0,0.0,0.0,0.0,0.0,423.0,0.0,0.0,0.0,0.0,0.0,0.0,0.0,0.0,0.0,0.0,0.0,0.0,0.0
466,Joshua,Zirkzee,Zirkzee,d,Knock - 75% chance of playing,,5.8,109,31.0,0.4,265,42.0,1.2,275.0,32.0,0,0,0.0,-2,2.0,187,4450,0.2,5.7,0.9,0.0,2.4,276.0,29.0,75.0,25.0,278.0,26.0,182.0,15.0,124.0,31.0,229.0,27.0,,,,,,,,0.33,0.05,0.38,1.2,0.0,0.19,1.31,0.75,6.36,23,0,0.0,0.0,0.0,0.0,0.0,0.0,0.0,0.0,0.0,0.0,0.0,0.0,0.0,0.0,195.0,5411.0,0.0,0.0,0.0,0.0,0.0,0.0,0.0,0.0,0.0,0.0,0.0,0.0,0.0
467,Chido,Obi,Obi,a,,,4.2,642,89.0,1.7,144,24.0,0.0,548.0,48.0,0,0,0.0,-3,3.0,3148,10237,0.0,0.0,0.0,-1.0,0.0,623.0,61.0,,,615.0,61.0,610.0,60.0,580.0,60.0,616.0,61.0,,,,,,,,0.0,0.0,0.0,0.0,0.0,0.0,0.0,0.0,0.0,23,0,0.0,0.0,0.0,0.0,0.0,0.0,0.0,0.0,0.0,0.0,0.0,0.0,0.0,0.0,3471.0,11542.0,0.0,0.0,0.0,0.0,0.0,0.0,0.0,0.0,0.0,0.0,0.0,0.0,0.0
468,Ethan,Wheatley,Wheatley,a,,,4.5,473,67.0,0.1,491,68.0,0.0,658.0,62.0,0,0,0.0,0,0.0,333,118,0.0,0.0,0.0,-1.0,0.0,713.0,74.0,100.0,100.0,711.0,74.0,707.0,73.0,688.0,73.0,711.0,74.0,,,,,,,,0.0,0.0,0.0,0.0,0.0,0.0,0.0,0.0,0.0,23,0,0.0,0.0,0.0,0.0,0.0,0.0,0.0,0.0,0.0,0.0,0.0,0.0,0.0,0.0,362.0,127.0,0.0,0.0,0.0,0.0,0.0,0.0,0.0,0.0,0.0,0.0,0.0,0.0,0.0
395,Tyler,Morton,Morton,u,Has joined Lyon permanently.,,4.5,427,255.0,0.0,786,346.0,0.0,625.0,230.0,0,0,0.0,0,0.0,0,2,0.0,0.0,0.0,0.0,0.0,684.0,269.0,0.0,0.0,679.0,264.0,676.0,267.0,654.0,258.0,680.0,265.0,,,,,,,,0.0,0.0,0.0,0.0,0.0,0.0,0.0,0.0,0.0,23,0,0.0,0.0,0.0,0.0,0.0,0.0,0.0,0.0,0.0,0.0,0.0,0.0,0.0,0.0,0.0,2.0,0.0,0.0,0.0,0.0,0.0,0.0,0.0,0.0,0.0,0.0,0.0,0.0,0.0
396,Trey,Nyoni,Nyoni,a,,,4.3,609,354.0,0.3,302,102.0,0.0,571.0,200.0,0,0,0.0,-2,2.0,221,1377,0.0,0.5,0.5,0.5,1.0,445.0,197.0,,,467.0,216.0,401.0,199.0,601.0,227.0,462.0,214.0,,,,,,,,0.0,0.0,0.0,0.0,0.0,0.0,0.0,0.0,0.0,23,0,0.0,0.0,0.0,0.0,0.0,0.0,0.0,0.0,0.0,0.0,0.0,0.0,0.0,0.0,249.0,1577.0,0.0,0.0,0.0,0.0,0.0,0.0,0.0,0.0,0.0,0.0,0.0,0.0,0.0
397,Darwin,Núñez Ribeiro,Darwin,u,Has joined Al-Hilal permanently.,,6.5,52,18.0,0.1,539,76.0,0.0,799.0,85.0,0,0,0.0,0,0.0,0,17,0.0,0.0,0.0,0.0,0.0,803.0,89.0,0.0,0.0,803.0,89.0,803.0,89.0,803.0,89.0,803.0,89.0,,,,,,,,0.0,0.0,0.0,0.0,0.0,0.0,0.0,0.0,0.0,23,0,0.0,0.0,0.0,0.0,0.0,0.0,0.0,0.0,0.0,0.0,0.0,0.0,0.0,0.0,0.0,17.0,0.0,0.0,0.0,0.0,0.0,0.0,0.0,0.0,0.0,0.0,0.0,0.0,0.0
398,Jayden,Danns,Danns,i,Hamstring injury - Unknown return date,,4.3,596,83.0,0.1,464,66.0,0.0,561.0,50.0,0,0,0.0,-2,2.0,87,123,0.0,0.0,0.0,0.0,0.0,633.0,63.0,0.0,0.0,624.0,63.0,620.0,62.0,592.0,62.0,625.0,63.0,,,,,,,,0.0,0.0,0.0,0.0,0.0,0.0,0.0,0.0,0.0,23,0,0.0,0.0,0.0,0.0,0.0,0.0,0.0,0.0,0.0,0.0,0.0,0.0,0.0,0.0,104.0,141.0,0.0,0.0,0.0,0.0,0.0,0.0,0.0,0.0,0.0,0.0,0.0,0.0,0.0
499,Alexander,Isak,Isak,i,Ankle injury - Unknown return date,,10.3,4,2.0,3.6,92,17.0,0.0,807.0,89.0,0,0,0.0,-2,2.0,140,3730,0.0,2.8,0.0,0.0,2.9,208.0,20.0,0.0,0.0,324.0,31.0,341.0,42.0,152.0,35.0,308.0,36.0,,,,,,,,0.37,0.01,0.38,0.92,0.0,0.18,1.26,1.08,4.13,23,0,0.0,0.0,0.0,0.0,0.0,0.0,0.0,0.0,0.0,0.0,0.0,0.0,0.0,0.0,146.0,4128.0,0.0,0.0,0.0,0.0,0.0,0.0,0.0,0.0,0.0,0.0,0.0,0.0,0.0
661,Hugo,Ekitiké,Ekitiké,a,,,8.8,8,4.0,23.6,15,4.0,1.0,295.0,37.0,1,-1,1.0,3,-3.0,96208,480122,0.1,9.9,1.5,1.5,4.3,52.0,6.0,100.0,100.0,91.0,9.0,117.0,5.0,13.0,7.0,35.0,8.0,,,,,,,,0.46,0.12,0.58,1.32,0.0,0.36,1.22,1.01,4.04,23,1,31.0,0.0,0.0,0.0,1.0,0.0,0.0,0.0,0.0,0.0,0.0,0.0,0.0,1.0,119386.0,516771.0,0.0,0.0,0.050000000000000044,0.05000000000000071,1.7100000000000009,4.199999999999989,24.0,6.0,3.3999999999999915,0.0,1.0,1.0,2.0
686,Rio,Ngumoha,Ngumoha,a,,,4.3,614,358.0,0.7,212,71.0,0.6,310.0,137.0,1,0,0.0,-2,2.0,5814,6130,0.1,3.0,1.1,1.1,1.6,375.0,166.0,,,387.0,169.0,297.0,170.0,310.0,161.0,364.0,171.0,,,,,,,,0.44,0.41,0.85,3.29,0.0,0.0,3.55,0.0,3.55,23,1,16.0,0.0,0.0,0.0,1.0,0.0,0.0,0.0,0.0,0.0,0.0,0.0,0.0,5.0,6425.0,6867.0,0.0,0.0,0.02999999999999997,0.030000000000000027,1.1899999999999997,1.0,1.5,8.0,1.1000000000000014,0.0,0.0,0.0,0.0
692,Giovanni,Leoni,Leoni,i,Knee injury - Expected back 01 Sep,,4.9,347,57.0,0.0,701,241.0,0.0,730.0,255.0,0,0,0.0,-1,1.0,31,21,0.0,0.0,0.0,0.0,0.0,765.0,259.0,0.0,0.0,765.0,259.0,761.0,259.0,752.0,258.0,764.0,259.0,,,,,,,,0.0,0.0,0.0,0.0,0.0,0.0,0.0,0.0,0.0,23,0,0.0,0.0,0.0,0.0,0.0,0.0,0.0,0.0,0.0,0.0,0.0,0.0,0.0,0.0,34.0,25.0,0.0,0.0,0.0,0.0,0.0,0.0,0.0,0.0,0.0,0.0,0.0,0.0,0.0
760,Wellity,Lucky,Lucky,a,,,4.0,696,182.0,0.0,711,243.0,0.0,506.0,202.0,0,0,0.0,0,0.0,80,74,0.0,0.0,0.5,0.5,0.0,592.0,221.0,,,583.0,221.0,576.0,221.0,541.0,215.0,583.0,220.0,,,,,,,,0.0,0.0,0.0,0.0,0.0,0.0,0.0,0.0,0.0,23,0,0.0,0.0,0.0,0.0,0.0,0.0,0.0,0.0,0.0,0.0,0.0,0.0,0.0,0.0,88.0,80.0,0.0,0.0,0.0,0.0,0.0,0.0,0.0,0.0,0.0,0.0,0.0,0.0,0.0
763,Charlie,Gray,Gray,a,,,4.5,453,272.0,0.0,782,343.0,0.0,643.0,247.0,0,0,0.0,0,0.0,25,23,0.0,0.0,0.5,0.5,0.0,700.0,284.0,,,696.0,280.0,693.0,282.0,672.0,273.0,696.0,280.0,,,,,,,,0.0,0.0,0.0,0.0,0.0,0.0,0.0,0.0,0.0,23,0,0.0,0.0,0.0,0.0,0.0,0.0,0.0,0.0,0.0,0.0,0.0,0.0,0.0,0.0,27.0,24.0,0.0,0.0,0.0,0.0,0.0,0.0,0.0,0.0,0.0,0.0,0.0,0.0,0.0
551,Chris,Rigg,Rigg,a,,,4.7,389,243.0,0.0,587,219.0,0.4,345.0,156.0,0,0,0.0,-3,3.0,75,170,0.1,3.2,0.4,0.4,1.5,392.0,173.0,,,428.0,190.0,319.0,178.0,356.0,183.0,405.0,183.0,,,,,,,,0.08,0.08,0.16,1.23,0.0,0.48,0.48,1.44,6.48,23,0,0.0,0.0,0.0,0.0,0.0,0.0,0.0,0.0,0.0,0.0,0.0,0.0,0.0,0.0,95.0,191.0,0.0,0.0,0.0,0.0,0.0,0.0,0.0,0.0,0.0,0.0,0.0,0.0,0.0
552,Noah,Sadiki,Sadiki,a,,,4.9,343,213.0,0.1,571,211.0,1.6,239.0,100.0,3,0,0.0,-1,1.0,461,334,0.3,9.2,1.6,1.6,2.5,262.0,111.0,100.0,100.0,235.0,98.0,149.0,103.0,301.0,158.0,242.0,120.0,,,,,,,,0.02,0.04,0.06,1.25,0.0,0.28,1.19,1.02,8.02,23,3,90.0,0.0,0.0,0.0,3.0,0.0,0.0,0.0,1.0,0.0,0.0,1.0,0.0,15.0,628.0,352.0,0.0,0.06,0.010000000000000009,0.07000000000000006,1.5199999999999996,20.0,3.0,7.0,3.0,4.0,3.0,7.0,14.0
553,Chemsdine,Talbi,Talbi,a,,,4.9,341,211.0,0.1,421,141.0,0.2,389.0,178.0,1,0,0.0,-1,1.0,363,363,0.0,10.6,0.2,0.2,3.1,170.0,71.0,100.0,100.0,288.0,130.0,167.0,113.0,178.0,104.0,251.0,123.0,,,,,,,,0.12,0.05,0.17,1.34,0.0,0.49,0.78,0.87,5.35,23,1,45.0,0.0,0.0,0.0,0.0,0.0,0.0,0.0,0.0,0.0,0.0,0.0,0.0,2.0,465.0,409.0,0.0,0.010000000000000009,0.030000000000000027,0.040000000000000036,0.21999999999999886,4.799999999999983,17.89999999999999,1.0,2.4000000000000057,0.0,1.0,1.0,2.0
196,Shurandy,Sambo,Sambo,u,Has joined Sparta Rotterdam on loan for the rest of the season.,,4.0,671,168.0,0.0,613,220.0,0.0,485.0,192.0,0,0,0.0,0,0.0,0,27,0.0,0.0,0.0,0.0,0.0,572.0,212.0,0.0,0.0,563.0,212.0,556.0,212.0,521.0,206.0,563.0,211.0,,,,,,,,0.0,0.0,0.0,0.0,0.0,0.0,0.0,0.0,0.0,23,0,0.0,0.0,0.0,0.0,0.0,0.0,0.0,0.0,0.0,0.0,0.0,0.0,0.0,0.0,0.0,32.0,0.0,0.0,0.0,0.0,0.0,0.0,0.0,0.0,0.0,0.0,0.0,0.0,0.0
197,Oliver,Sonne,Sonne,a,,,3.8,793,249.0,0.3,332,122.0,0.5,318.0,116.0,0,0,0.0,-2,2.0,211,1587,0.1,3.4,0.5,0.5,1.9,328.0,123.0,,,393.0,150.0,380.0,138.0,332.0,108.0,402.0,145.0,,,,,,,,0.3,0.04,0.34,2.08,0.0,0.0,2.2,0.55,3.84,23,0,0.0,0.0,0.0,0.0,0.0,0.0,0.0,0.0,0.0,0.0,0.0,0.0,0.0,0.0,253.0,1859.0,0.0,0.0,0.0,0.0,0.0,0.0,0.0,0.0,0.0,0.0,0.0,0.0,0.0
198,Axel,Tuanzebe,Tuanzebe,a,,,3.9,738,211.0,1.0,184,73.0,2.8,137.0,51.0,7,0,0.0,-1,1.0,2769,1773,0.7,7.4,2.8,2.8,2.9,193.0,74.0,100.0,100.0,200.0,81.0,413.0,151.0,292.0,91.0,299.0,101.0,,,,,,,,0.06,0.01,0.07,2.46,0.0,0.1,2.03,1.02,9.35,23,7,90.0,1.0,0.0,0.0,2.0,0.0,0.0,0.0,0.0,0.0,0.0,1.0,0.0,18.0,2924.0,2026.0,0.0,0.61,0.0,0.61,2.0500000000000007,44.599999999999994,0.3000000000000007,52.0,9.7,1.0,6.0,1.0,7.0
199,Joe,Worrall,Worrall,a,,,3.8,777,233.0,0.1,414,153.0,0.0,407.0,152.0,0,0,0.0,-2,2.0,163,403,0.0,1.8,0.0,0.0,1.2,421.0,153.0,100.0,75.0,395.0,151.0,450.0,166.0,420.0,157.0,432.0,157.0,,,,,,,,0.0,0.01,0.01,2.31,0.0,0.0,1.75,0.58,13.44,23,0,0.0,0.0,0.0,0.0,0.0,0.0,0.0,0.0,0.0,0.0,0.0,0.0,0.0,0.0,172.0,491.0,0.0,0.0,0.0,0.0,0.0,0.0,0.0,0.0,0.0,0.0,0.0,0.0,0.0
200,Jaidon,Anthony,Anthony,a,,,5.0,258,157.0,1.9,139,45.0,3.0,126.0,51.0,2,-1,1.0,-5,5.0,4413,10774,0.6,14.6,3.0,3.0,3.3,143.0,62.0,100.0,100.0,103.0,34.0,81.0,59.0,50.0,29.0,59.0,39.0,2.0,,,,,,,0.18,0.09,0.27,2.04,0.0,0.19,1.82,1.07,8.43,23,2,90.0,0.0,0.0,0.0,2.0,0.0,0.0,0.0,0.0,0.0,0.0,1.0,0.0,18.0,6155.0,12236.0,0.0,0.06000000000000005,0.15999999999999992,0.21999999999999975,2.0500000000000043,17.0,24.0,15.0,5.6000000000000085,1.0,2.0,7.0,10.0
203,Enock,Agyei,Boateng,a,,,4.7,390,244.0,0.0,592,222.0,0.0,695.0,287.0,0,0,0.0,-3,3.0,122,159,0.0,0.0,0.0,0.0,0.0,743.0,316.0,,,743.0,316.0,738.0,316.0,724.0,311.0,742.0,315.0,,,,,,,,0.0,0.0,0.0,0.0,0.0,0.0,0.0,0.0,0.0,23,0,0.0,0.0,0.0,0.0,0.0,0.0,0.0,0.0,0.0,0.0,0.0,0.0,0.0,0.0,141.0,187.0,0.0,0.0,0.0,0.0,0.0,0.0,0.0,0.0,0.0,0.0,0.0,0.0,0.0
451,Marcus,Rashford,Rashford,u,Has joined Barcelona on loan for the rest of the season,,7.0,39,23.0,0.0,688,288.0,0.0,802.0,360.0,0,0,0.0,0,0.0,0,6,0.0,0.0,0.0,0.0,0.0,806.0,360.0,0.0,0.0,806.0,360.0,806.0,360.0,806.0,360.0,806.0,360.0,,,,,,,,0.0,0.0,0.0,0.0,0.0,0.0,0.0,0.0,0.0,23,0,0.0,0.0,0.0,0.0,0.0,0.0,0.0,0.0,0.0,0.0,0.0,0.0,0.0,0.0,0.0,7.0,0.0,0.0,0.0,0.0,0.0,0.0,0.0,0.0,0.0,0.0,0.0,0.0,0.0
76,Owen,Bevan,Bevan,a,,,3.8,792,248.0,0.2,389,142.0,0.0,419.0,164.0,0,0,0.0,-2,2.0,576,440,0.0,0.0,0.0,-0.5,0.0,509.0,187.0,,,500.0,187.0,489.0,186.0,451.0,177.0,500.0,186.0,,,,,,,,0.0,0.0,0.0,0.0,0.0,0.0,0.0,0.0,0.0,23,0,0.0,0.0,0.0,0.0,0.0,0.0,0.0,0.0,0.0,0.0,0.0,0.0,0.0,0.0,634.0,501.0,0.0,0.0,0.0,0.0,0.0,0.0,0.0,0.0,0.0,0.0,0.0,0.0,0.0
488,Bruno,Guimarães Rodriguez Moura,Bruno G.,a,,,7.2,32,20.0,16.8,20,8.0,6.0,14.0,6.0,0,-1,1.0,7,-7.0,41962,628130,0.8,16.7,5.5,4.5,5.7,7.0,4.0,100.0,75.0,11.0,2.0,12.0,12.0,42.0,25.0,10.0,8.0,,,,,,,,0.2,0.14,0.34,1.12,0.0,0.29,1.32,0.98,8.71,23,0,0.0,0.0,0.0,0.0,0.0,0.0,0.0,0.0,0.0,0.0,0.0,0.0,0.0,0.0,48033.0,738678.0,0.0,0.0,0.0,0.0,0.0,0.0,0.0,0.0,0.0,0.0,0.0,0.0,0.0
489,Jacob,Murphy,J.Murphy,a,,,5.9,92,58.0,0.6,230,79.0,1.0,291.0,130.0,0,0,0.0,-6,6.0,490,3778,0.2,8.6,0.5,0.2,2.8,221.0,98.0,100.0,25.0,215.0,90.0,63.0,51.0,67.0,43.0,90.0,54.0,,,,,,,,0.25,0.21,0.46,1.05,0.0,0.54,0.81,1.07,3.85,23,0,0.0,0.0,0.0,0.0,0.0,0.0,0.0,0.0,0.0,0.0,0.0,0.0,0.0,0.0,491.0,4908.0,0.0,0.0,0.0,0.0,0.0,0.0,0.0,0.0,0.0,0.0,0.0,0.0,0.0
688,James,Wright,Wright,a,,,3.9,755,82.0,0.6,233,30.0,0.0,450.0,43.0,0,0,0.0,-1,1.0,456,1185,0.0,0.0,0.0,0.0,0.0,537.0,49.0,,,528.0,49.0,519.0,36.0,482.0,21.0,528.0,49.0,,,,,,,,0.0,0.0,0.0,0.0,0.0,0.0,0.0,0.0,0.0,23,0,0.0,0.0,0.0,0.0,0.0,0.0,0.0,0.0,0.0,0.0,0.0,0.0,0.0,0.0,536.0,1322.0,0.0,0.0,0.0,0.0,0.0,0.0,0.0,0.0,0.0,0.0,0.0,0.0,0.0
701,Triston,Rowe,Rowe,u,has joined Annecy on loan for the rest of the season.,,4.0,703,188.0,0.1,523,188.0,0.0,513.0,208.0,0,0,0.0,0,0.0,0,53,0.0,0.0,0.0,0.0,0.0,598.0,226.0,0.0,0.0,589.0,226.0,582.0,226.0,548.0,221.0,589.0,225.0,,,,,,,,0.0,0.0,0.0,0.0,0.0,0.0,0.0,0.0,0.0,23,0,0.0,0.0,0.0,0.0,0.0,0.0,0.0,0.0,0.0,0.0,0.0,0.0,0.0,0.0,0.0,58.0,0.0,0.0,0.0,0.0,0.0,0.0,0.0,0.0,0.0,0.0,0.0,0.0,0.0
702,Bradley,Burrowes,Burrowes,a,,,4.4,562,336.0,0.1,530,188.0,0.0,609.0,221.0,0,0,0.0,-1,1.0,53,130,0.0,0.2,0.0,0.0,1.0,453.0,204.0,,,666.0,256.0,462.0,225.0,637.0,249.0,667.0,257.0,,,,,,,,0.0,0.0,0.0,5.06,0.0,0.0,5.62,0.0,5.62,23,0,0.0,0.0,0.0,0.0,0.0,0.0,0.0,0.0,0.0,0.0,0.0,0.0,0.0,0.0,66.0,148.0,0.0,0.0,0.0,0.0,0.0,0.0,0.0,0.0,0.0,0.0,0.0,0.0,0.0
703,Sam,Proctor,Proctor,a,,,3.9,766,90.0,0.6,234,31.0,0.0,461.0,51.0,0,0,0.0,-1,1.0,1224,2395,0.0,0.0,0.0,0.0,0.0,548.0,57.0,,,539.0,57.0,530.0,44.0,493.0,29.0,539.0,57.0,,,,,,,,0.0,0.0,0.0,0.0,0.0,0.0,0.0,0.0,0.0,23,0,0.0,0.0,0.0,0.0,0.0,0.0,0.0,0.0,0.0,0.0,0.0,0.0,0.0,0.0,1423.0,2620.0,0.0,0.0,0.0,0.0,0.0,0.0,0.0,0.0,0.0,0.0,0.0,0.0,0.0
114,Benjamin,Arthur,Arthur,a,,,3.8,806,261.0,0.2,362,132.0,0.0,429.0,173.0,0,-1,1.0,-2,2.0,271,363,0.0,0.0,0.0,0.0,0.0,517.0,194.0,100.0,100.0,508.0,194.0,498.0,194.0,461.0,186.0,508.0,193.0,,,,,,,,0.0,0.0,0.0,0.0,0.0,0.0,0.0,0.0,0.0,23,0,0.0,0.0,0.0,0.0,0.0,0.0,0.0,0.0,0.0,0.0,0.0,0.0,0.0,0.0,308.0,461.0,0.0,0.0,0.0,0.0,0.0,0.0,0.0,0.0,0.0,0.0,0.0,0.0,0.0
115,Benjamin,Fredrick,Fredrick,u,has joined Dender on loan for the rest of the season.,,4.0,715,199.0,0.1,517,185.0,0.0,524.0,218.0,0,0,0.0,0,0.0,0,72,0.0,0.0,0.0,0.0,0.0,608.0,235.0,0.0,0.0,599.0,235.0,592.0,235.0,558.0,230.0,599.0,234.0,,,,,,,,0.0,0.0,0.0,0.0,0.0,0.0,0.0,0.0,0.0,23,0,0.0,0.0,0.0,0.0,0.0,0.0,0.0,0.0,0.0,0.0,0.0,0.0,0.0,0.0,0.0,82.0,0.0,0.0,0.0,0.0,0.0,0.0,0.0,0.0,0.0,0.0,0.0,0.0,0.0
123,Fábio,Freitas Gouveia Carvalho,Carvalho,i,Knee injury - Expected back 01 Jun,,4.7,384,240.0,0.1,456,155.0,0.0,692.0,286.0,0,0,0.0,-3,3.0,22,169,0.0,2.8,0.0,0.0,2.2,296.0,127.0,0.0,0.0,401.0,176.0,422.0,206.0,319.0,167.0,410.0,185.0,4.0,,4.0,,,,,0.63,0.03,0.66,1.87,0.0,0.0,3.6,0.9,7.2,23,0,0.0,0.0,0.0,0.0,0.0,0.0,0.0,0.0,0.0,0.0,0.0,0.0,0.0,0.0,27.0,202.0,0.0,0.0,0.0,0.0,0.0,0.0,0.0,0.0,0.0,0.0,0.0,0.0,0.0
522,Ryan,Yates,Yates,a,,,4.7,381,238.0,0.1,544,195.0,0.0,691.0,285.0,0,0,0.0,-3,3.0,117,77,0.0,3.2,0.0,0.0,1.4,403.0,180.0,100.0,100.0,368.0,162.0,362.0,187.0,342.0,178.0,385.0,177.0,,,,,,,,0.02,0.05,0.07,1.05,0.0,0.0,1.51,0.3,9.93,23,0,0.0,0.0,0.0,0.0,0.0,0.0,0.0,0.0,0.0,0.0,0.0,0.0,0.0,0.0,136.0,98.0,0.0,0.0,0.0,0.0,0.0,0.0,0.0,0.0,0.0,0.0,0.0,0.0,0.0
523,Eric,da Silva Moreira,Da Silva Moreira,a,,,4.5,469,285.0,0.1,572,212.0,0.0,654.0,256.0,0,0,0.0,0,0.0,63,38,0.0,0.0,0.0,0.0,0.0,709.0,291.0,100.0,100.0,707.0,289.0,703.0,290.0,684.0,283.0,707.0,289.0,,,,,,,,0.0,0.0,0.0,0.0,0.0,0.0,0.0,0.0,0.0,23,0,0.0,0.0,0.0,0.0,0.0,0.0,0.0,0.0,0.0,0.0,0.0,0.0,0.0,0.0,69.0,41.0,0.0,0.0,0.0,0.0,0.0,0.0,0.0,0.0,0.0,0.0,0.0,0.0,0.0
151,Jan Paul,van Hecke,Van Hecke,a,,,4.5,437,87.0,4.4,80,26.0,4.0,61.0,24.0,1,0,0.0,0,0.0,42074,41777,0.9,18.9,4.0,4.0,3.9,77.0,30.0,100.0,100.0,6.0,2.0,180.0,47.0,83.0,7.0,47.0,5.0,,,,,,,,0.09,0.03,0.12,1.44,0.0,0.18,1.41,1.0,8.32,23,1,90.0,0.0,0.0,0.0,2.0,0.0,0.0,0.0,0.0,0.0,0.0,1.0,0.0,7.0,49816.0,45789.0,0.0,0.04999999999999982,0.019999999999999907,0.07000000000000028,1.0500000000000007,19.600000000000023,5.799999999999997,9.0,3.4000000000000057,1.0,7.0,4.0,8.0
541,Reinildo,Mandava,Reinildo,a,,,3.8,782,238.0,2.9,108,44.0,0.2,354.0,128.0,-1,0,0.0,-2,2.0,27123,12009,0.1,10.0,0.2,0.2,2.7,223.0,85.0,100.0,100.0,217.0,88.0,312.0,104.0,340.0,112.0,297.0,99.0,,,,,,,,0.01,0.01,0.02,1.24,0.0,0.23,1.24,1.09,7.93,23,-1,45.0,0.0,0.0,0.0,3.0,0.0,0.0,0.0,1.0,0.0,0.0,1.0,0.0,-14.0,31459.0,13025.0,0.0,0.0,0.010000000000000009,0.010000000000000009,1.3000000000000007,0.0,0.4000000000000057,0.0,0.0,1.0,1.0,4.0,2.0
546,Milan,Aleksić,Aleksić,a,,,4.9,345,215.0,0.0,687,287.0,0.0,728.0,310.0,0,0,0.0,-1,1.0,16,5,0.0,0.0,0.0,0.0,0.0,763.0,330.0,100.0,0.0,763.0,330.0,759.0,330.0,750.0,327.0,762.0,329.0,,,,,,,,0.0,0.0,0.0,0.0,0.0,0.0,0.0,0.0,0.0,23,0,0.0,0.0,0.0,0.0,0.0,0.0,0.0,0.0,0.0,0.0,0.0,0.0,0.0,0.0,16.0,6.0,0.0,0.0,0.0,0.0,0.0,0.0,0.0,0.0,0.0,0.0,0.0,0.0,0.0
547,Enzo,Le Fée,E.Le Fée,a,,,4.9,335,207.0,1.4,156,52.0,3.8,80.0,33.0,2,0,0.0,-1,1.0,26744,23060,0.8,16.5,3.8,3.8,3.7,101.0,49.0,100.0,100.0,72.0,21.0,18.0,17.0,125.0,73.0,37.0,27.0,3.0,2.0,2.0,,,,,0.19,0.12,0.31,1.46,0.0,0.31,1.18,1.03,8.87,23,2,90.0,0.0,0.0,0.0,3.0,0.0,0.0,0.0,0.0,0.0,0.0,1.0,0.0,18.0,42715.0,24419.0,0.0,0.0,0.06000000000000005,0.05999999999999961,1.5199999999999996,15.0,19.0,2.0,3.6000000000000085,1.0,3.0,6.0,10.0
644,Jean-Ricner,Bellegarde,Bellegarde,a,,,5.1,231,142.0,0.0,618,239.0,0.0,753.0,329.0,0,0,0.0,-4,4.0,120,79,0.0,4.9,0.0,0.0,1.8,353.0,156.0,100.0,0.0,311.0,137.0,234.0,144.0,226.0,123.0,295.0,142.0,3.0,4.0,,,,,,0.1,0.08,0.18,1.56,0.0,0.13,2.63,1.18,7.75,23,0,0.0,0.0,0.0,0.0,0.0,0.0,0.0,0.0,0.0,0.0,0.0,0.0,0.0,0.0,142.0,114.0,0.0,0.0,0.0,0.0,0.0,0.0,0.0,0.0,0.0,0.0,0.0,0.0,0.0
645,Fer,López González,Fer López,u,has joined Celta Vigo on loan for the rest of the season.,,5.1,240,147.0,0.0,643,260.0,0.0,756.0,332.0,0,0,0.0,-4,4.0,19,132,0.0,2.4,0.0,-0.5,1.3,417.0,187.0,0.0,100.0,413.0,184.0,289.0,167.0,316.0,165.0,378.0,176.0,,,,,,,,0.06,0.24,0.3,1.57,0.0,0.0,3.55,0.79,4.74,23,0,0.0,0.0,0.0,0.0,0.0,0.0,0.0,0.0,0.0,0.0,0.0,0.0,0.0,0.0,30.0,137.0,0.0,0.0,0.0,0.0,0.0,0.0,0.0,0.0,0.0,0.0,0.0,0.0,0.0
152,Joël,Veltman,Veltman,a,,,4.3,567,122.0,0.1,410,150.0,2.0,198.0,77.0,0,0,0.0,-2,2.0,956,1192,0.5,6.7,2.0,2.0,2.4,267.0,105.0,100.0,100.0,239.0,98.0,276.0,87.0,278.0,84.0,287.0,96.0,,,,,,,,0.13,0.01,0.14,1.58,0.0,0.13,1.34,0.94,10.03,23,0,0.0,0.0,0.0,0.0,0.0,0.0,0.0,0.0,0.0,0.0,0.0,0.0,0.0,0.0,1227.0,1378.0,0.0,0.0,0.0,0.0,0.0,0.0,0.0,0.0,0.0,0.0,0.0,0.0,0.0
153,Adam,Webster,Webster,i,Knee injury - Unknown return date,,4.4,515,101.0,0.0,742,252.0,0.0,582.0,239.0,0,0,0.0,-1,1.0,42,22,0.0,0.0,0.0,0.0,0.0,649.0,248.0,0.0,0.0,640.0,248.0,637.0,248.0,611.0,246.0,641.0,248.0,,,,,,,,0.0,0.0,0.0,0.0,0.0,0.0,0.0,0.0,0.0,23,0,0.0,0.0,0.0,0.0,0.0,0.0,0.0,0.0,0.0,0.0,0.0,0.0,0.0,0.0,47.0,26.0,0.0,0.0,0.0,0.0,0.0,0.0,0.0,0.0,0.0,0.0,0.0,0.0,0.0
795,Harry,Howell,Howell,a,,,4.5,486,298.0,0.0,796,352.0,0.0,669.0,267.0,0,0,0.0,0,0.0,39,21,0.0,0.0,0.0,0.0,0.0,723.0,301.0,,,722.0,300.0,717.0,300.0,699.0,294.0,721.0,299.0,,,,,,,,0.0,0.0,0.0,0.0,0.0,0.0,0.0,0.0,0.0,23,0,0.0,0.0,0.0,0.0,0.0,0.0,0.0,0.0,0.0,0.0,0.0,0.0,0.0,0.0,46.0,22.0,0.0,0.0,0.0,0.0,0.0,0.0,0.0,0.0,0.0,0.0,0.0,0.0,0.0
220,Robert,Lynch Sánchez,Sánchez,a,,,4.9,310,13.0,14.8,24,3.0,4.0,63.0,5.0,3,0,0.0,-1,1.0,177459,53211,0.8,18.0,4.0,4.0,4.0,67.0,4.0,100.0,100.0,24.0,7.0,314.0,1.0,739.0,84.0,168.0,4.0,,,,,,,,0.0,0.0,0.0,1.43,2.8,0.43,1.14,1.05,0.0,23,3,90.0,0.0,0.0,0.0,1.0,0.0,0.0,0.0,0.0,0.0,5.0,1.0,0.0,23.0,192912.0,57687.0,0.0,0.0,0.0,0.0,1.7699999999999996,46.80000000000007,0.0,0.0,4.699999999999996,0.0,0.0,10.0,0.0
221,Filip,Jörgensen,Jörgensen,a,,,4.3,598,29.0,0.2,390,57.0,0.5,324.0,23.0,0,0,0.0,-2,2.0,130,667,0.1,0.7,0.5,0.0,1.5,388.0,30.0,100.0,0.0,415.0,30.0,621.0,80.0,593.0,67.0,443.0,30.0,,,,,,,,0.0,0.0,0.0,1.44,1.55,0.0,1.55,0.52,0.0,23,0,0.0,0.0,0.0,0.0,0.0,0.0,0.0,0.0,0.0,0.0,0.0,0.0,0.0,0.0,139.0,808.0,0.0,0.0,0.0,0.0,0.0,0.0,0.0,0.0,0.0,0.0,0.0,0.0,0.0
222,Mike,Penders,Penders,u,Has joined RC Strasbourg on loan for the rest of the season.,,4.0,699,63.0,0.0,779,88.0,0.0,509.0,75.0,0,0,0.0,0,0.0,0,2,0.0,0.0,0.0,0.0,0.0,594.0,81.0,0.0,0.0,585.0,81.0,578.0,70.0,544.0,55.0,585.0,81.0,,,,,,,,0.0,0.0,0.0,0.0,0.0,0.0,0.0,0.0,0.0,23,0,0.0,0.0,0.0,0.0,0.0,0.0,0.0,0.0,0.0,0.0,0.0,0.0,0.0,0.0,0.0,3.0,0.0,0.0,0.0,0.0,0.0,0.0,0.0,0.0,0.0,0.0,0.0,0.0,0.0
223,Gabriel,Słonina,Slonina,a,,,3.9,752,81.0,0.1,451,69.0,0.0,449.0,42.0,0,0,0.0,-1,1.0,97,318,0.0,0.0,0.0,0.0,0.0,536.0,48.0,,,527.0,48.0,518.0,35.0,481.0,20.0,527.0,48.0,,,,,,,,0.0,0.0,0.0,0.0,0.0,0.0,0.0,0.0,0.0,23,0,0.0,0.0,0.0,0.0,0.0,0.0,0.0,0.0,0.0,0.0,0.0,0.0,0.0,0.0,106.0,354.0,0.0,0.0,0.0,0.0,0.0,0.0,0.0,0.0,0.0,0.0,0.0,0.0,0.0
224,Marc,Cucurella Saseta,Cucurella,a,,,6.0,86,3.0,16.3,21,7.0,1.5,253.0,99.0,4,0,0.0,0,0.0,63394,33341,0.2,13.0,1.5,1.5,3.7,105.0,38.0,100.0,100.0,102.0,45.0,55.0,9.0,165.0,34.0,87.0,21.0,,,,,,,,0.04,0.12,0.16,1.37,0.0,0.48,1.06,1.06,6.65,23,4,90.0,0.0,0.0,0.0,1.0,0.0,0.0,0.0,0.0,0.0,0.0,1.0,0.0,14.0,68726.0,38462.0,0.0,0.14,0.2200000000000002,0.3600000000000003,1.7699999999999996,27.599999999999966,10.099999999999966,21.0,5.900000000000006,3.0,8.0,5.0,11.0
235,Cole,Palmer,Palmer,a,,,10.4,3,2.0,11.9,35,13.0,3.0,135.0,56.0,0,0,0.0,-1,1.0,79828,110821,0.3,4.3,3.0,2.2,3.8,97.0,47.0,100.0,75.0,226.0,96.0,199.0,130.0,86.0,53.0,184.0,97.0,,1.0,1.0,,,,,0.42,0.05,0.47,1.75,0.0,0.24,1.2,1.2,7.53,23,0,0.0,0.0,0.0,0.0,0.0,0.0,0.0,0.0,0.0,0.0,0.0,0.0,0.0,0.0,91299.0,121491.0,0.0,0.0,0.0,0.0,0.0,0.0,0.0,0.0,0.0,0.0,0.0,0.0,0.0
236,Pedro,Lomba Neto,Neto,a,,,7.1,35,21.0,6.1,62,22.0,3.2,120.0,49.0,3,0,0.0,1,-1.0,41038,68944,0.5,13.2,3.2,3.2,4.1,63.0,28.0,100.0,100.0,78.0,24.0,10.0,10.0,30.0,16.0,15.0,12.0,1.0,4.0,,,,,,0.18,0.21,0.39,1.19,0.0,0.5,0.75,1.05,4.4,23,3,73.0,0.0,0.0,1.0,0.0,0.0,0.0,0.0,0.0,0.0,0.0,1.0,0.0,5.0,51313.0,78482.0,0.0,0.0,0.040000000000000036,0.040000000000000036,0.6799999999999997,3.6000000000000227,2.5,0.0,0.5999999999999943,0.0,1.0,0.0,1.0
237,Enzo,Fernández,Enzo,a,,,6.7,49,31.0,19.3,18,6.0,6.5,7.0,2.0,8,1,-1.0,2,-2.0,723625,50054,1.0,15.8,6.5,6.5,4.8,26.0,11.0,100.0,100.0,19.0,5.0,9.0,9.0,11.0,5.0,5.0,3.0,3.0,3.0,2.0,,,,,0.42,0.19,0.61,1.33,0.0,0.38,1.06,1.01,7.59,23,8,90.0,1.0,0.0,0.0,1.0,0.0,0.0,0.0,0.0,0.0,0.0,1.0,1.0,27.0,827915.0,57321.0,0.0,0.9400000000000004,0.020000000000000018,0.9599999999999991,1.7699999999999996,42.200000000000045,20.299999999999955,25.0,8.799999999999983,0.0,3.0,1.0,4.0
1,David,Raya Martín,Raya,a,,,5.9,93,1.0,33.1,7,1.0,3.5,101.0,11.0,1,0,0.0,4,-4.0,89760,107892,0.6,15.8,4.5,4.5,4.0,71.0,7.0,,,112.0,16.0,376.0,3.0,796.0,93.0,268.0,16.0,,,,,,,,0.0,0.0,0.0,0.72,1.39,0.48,0.74,1.0,0.0,23,1,90.0,0.0,0.0,0.0,3.0,0.0,0.0,0.0,0.0,0.0,0.0,1.0,0.0,-3.0,94931.0,124203.0,0.0,0.0,0.010000000000000002,0.010000000000000002,0.7100000000000009,4.800000000000011,0.0,0.0,0.5,0.0,1.0,10.0,0.0
2,Kepa,Arrizabalaga Revuelta,Arrizabalaga,a,,,4.1,646,38.0,0.4,272,36.0,0.0,533.0,77.0,0,0,0.0,-4,4.0,360,592,0.0,0.0,1.0,1.0,0.0,617.0,83.0,,,608.0,83.0,601.0,72.0,568.0,57.0,609.0,83.0,,,,,,,,0.0,0.0,0.0,0.0,0.0,0.0,0.0,0.0,0.0,23,0,0.0,0.0,0.0,0.0,0.0,0.0,0.0,0.0,0.0,0.0,0.0,0.0,0.0,0.0,401.0,678.0,0.0,0.0,0.0,0.0,0.0,0.0,0.0,0.0,0.0,0.0,0.0,0.0,0.0
3,Karl,Hein,Hein,u,Has joined Werder Bremen on loan for the rest of the season.,,4.0,676,54.0,0.2,360,53.0,0.0,489.0,66.0,0,0,0.0,0,0.0,0,186,0.0,0.0,0.0,0.0,0.0,576.0,72.0,0.0,0.0,567.0,72.0,560.0,61.0,525.0,46.0,567.0,72.0,,,,,,,,0.0,0.0,0.0,0.0,0.0,0.0,0.0,0.0,0.0,23,0,0.0,0.0,0.0,0.0,0.0,0.0,0.0,0.0,0.0,0.0,0.0,0.0,0.0,0.0,0.0,210.0,0.0,0.0,0.0,0.0,0.0,0.0,0.0,0.0,0.0,0.0,0.0,0.0,0.0
800,Djiamgone Jocelin Ta,Bi,Jocelin.T,i,Lack of match fitness - Expected back 22 Feb,,5.0,284,175.0,0.0,807,361.0,0.0,750.0,326.0,0,0,0.0,0,0.0,19,14,0.0,0.0,0.0,0.0,0.0,780.0,343.0,0.0,0.0,780.0,343.0,778.0,343.0,772.0,341.0,780.0,343.0,,,,,,,,0.0,0.0,0.0,0.0,0.0,0.0,0.0,0.0,0.0,23,0,0.0,0.0,0.0,0.0,0.0,0.0,0.0,0.0,0.0,0.0,0.0,0.0,0.0,0.0,25.0,15.0,0.0,0.0,0.0,0.0,0.0,0.0,0.0,0.0,0.0,0.0,0.0,0.0,0.0
566,Brandon,Austin,Austin,a,,,3.9,741,77.0,0.3,315,42.0,0.0,442.0,38.0,0,0,0.0,-1,1.0,151,461,0.0,0.0,-0.5,0.0,0.0,529.0,44.0,,,520.0,44.0,511.0,31.0,474.0,16.0,520.0,44.0,,,,,,,,0.0,0.0,0.0,0.0,0.0,0.0,0.0,0.0,0.0,23,0,0.0,0.0,0.0,0.0,0.0,0.0,0.0,0.0,0.0,0.0,0.0,0.0,0.0,0.0,169.0,529.0,0.0,0.0,0.0,0.0,0.0,0.0,0.0,0.0,0.0,0.0,0.0,0.0,0.0
567,Antonín,Kinský,Kinsky,a,,,3.9,757,84.0,1.7,145,19.0,0.0,452.0,45.0,0,0,0.0,-1,1.0,643,3270,0.0,0.0,-0.5,0.0,0.0,539.0,51.0,,,530.0,51.0,521.0,38.0,484.0,23.0,530.0,51.0,,,,,,,,0.0,0.0,0.0,0.0,0.0,0.0,0.0,0.0,0.0,23,0,0.0,0.0,0.0,0.0,0.0,0.0,0.0,0.0,0.0,0.0,0.0,0.0,0.0,0.0,723.0,3618.0,0.0,0.0,0.0,0.0,0.0,0.0,0.0,0.0,0.0,0.0,0.0,0.0,0.0
759,Marli,Salmon,Salmon,a,,,4.0,717,201.0,0.0,696,239.0,0.0,525.0,219.0,0,0,0.0,0,0.0,69,68,0.0,0.0,1.0,1.0,0.0,609.0,236.0,,,600.0,236.0,593.0,236.0,559.0,231.0,600.0,235.0,,,,,,,,0.0,0.0,0.0,0.0,0.0,0.0,0.0,0.0,0.0,23,0,0.0,0.0,0.0,0.0,0.0,0.0,0.0,0.0,0.0,0.0,0.0,0.0,0.0,0.0,74.0,75.0,0.0,0.0,0.0,0.0,0.0,0.0,0.0,0.0,0.0,0.0,0.0,0.0,0.0
32,Emiliano,Martínez Romero,Martinez,a,,,5.0,243,7.0,3.3,98,15.0,4.0,64.0,6.0,10,0,0.0,0,0.0,39180,15782,0.8,15.2,4.0,3.0,4.0,68.0,5.0,100.0,75.0,60.0,12.0,434.0,12.0,753.0,85.0,232.0,12.0,,,,,,,,0.0,0.0,0.0,1.35,2.97,0.27,0.92,1.03,0.0,23,10,90.0,0.0,0.0,1.0,0.0,0.0,0.0,0.0,0.0,0.0,4.0,1.0,3.0,38.0,39319.0,20907.0,0.0,0.0,0.010000000000000002,0.010000000000000002,2.1800000000000033,35.60000000000002,0.0,0.0,3.5999999999999943,0.0,1.0,18.0,0.0
587,Yves,Bissouma,Bissouma,a,,,5.2,211,131.0,0.0,598,228.0,1.0,289.0,128.0,4,0,0.0,-3,3.0,305,113,0.2,1.0,0.5,1.0,2.5,263.0,112.0,100.0,100.0,406.0,180.0,414.0,201.0,357.0,184.0,420.0,189.0,,,,,,,,0.21,0.05,0.26,1.98,0.0,0.0,2.21,0.74,16.97,23,4,77.0,0.0,0.0,0.0,2.0,0.0,0.0,0.0,0.0,0.0,0.0,1.0,0.0,22.0,356.0,125.0,0.0,0.030000000000000027,0.060000000000000005,0.08999999999999997,1.41,21.200000000000003,6.5,1.0,2.9000000000000004,4.0,6.0,5.0,15.0
588,Wilson,Odobert,Odobert,a,,,5.3,206,128.0,0.1,501,176.0,3.4,105.0,45.0,8,0,0.0,-2,2.0,2113,3044,0.6,8.1,2.9,3.4,2.0,323.0,143.0,100.0,100.0,268.0,117.0,91.0,68.0,92.0,56.0,152.0,84.0,,,,,,,,0.16,0.12,0.28,1.16,0.0,0.2,1.32,0.81,7.02,23,8,90.0,0.0,1.0,0.0,2.0,0.0,0.0,0.0,0.0,0.0,0.0,1.0,3.0,38.0,4225.0,3188.0,0.0,0.17000000000000015,0.34999999999999987,0.52,1.4399999999999995,43.80000000000001,43.80000000000001,50.0,13.799999999999997,2.0,1.0,8.0,11.0
589,Manor,Solomon,Solomon,u,has joined Fiorentina on loan for the rest of the season.,,5.4,170,105.0,0.0,745,319.0,0.0,773.0,341.0,0,0,0.0,-1,1.0,0,4,0.0,0.0,0.0,0.0,0.0,785.0,346.0,0.0,0.0,785.0,346.0,784.0,346.0,780.0,345.0,785.0,346.0,,,,,,,,0.0,0.0,0.0,0.0,0.0,0.0,0.0,0.0,0.0,23,0,0.0,0.0,0.0,0.0,0.0,0.0,0.0,0.0,0.0,0.0,0.0,0.0,0.0,0.0,0.0,4.0,0.0,0.0,0.0,0.0,0.0,0.0,0.0,0.0,0.0,0.0,0.0,0.0,0.0
591,Archie,Gray,Gray,a,,,4.8,371,232.0,0.1,434,146.0,1.6,237.0,99.0,1,0,0.0,-2,2.0,289,987,0.3,5.8,1.1,1.6,2.2,297.0,128.0,100.0,100.0,322.0,142.0,304.0,172.0,249.0,134.0,325.0,158.0,,,,,,,,0.09,0.02,0.11,1.11,0.0,0.68,1.1,1.23,9.32,23,1,12.0,0.0,0.0,0.0,0.0,0.0,0.0,0.0,0.0,0.0,0.0,0.0,0.0,3.0,431.0,1132.0,0.0,0.0,0.0,0.0,0.02999999999999936,0.5999999999999943,0.5,0.0,0.10000000000000142,0.0,0.0,0.0,0.0
592,Mikey,Moore,Moore,u,Has joined Rangers on loan for the rest of the season.,,5.0,271,164.0,0.0,773,336.0,0.0,743.0,321.0,0,0,0.0,0,0.0,0,2,0.0,0.0,0.0,0.0,0.0,773.0,338.0,0.0,0.0,773.0,338.0,771.0,338.0,764.0,335.0,772.0,337.0,,,,,,,,0.0,0.0,0.0,0.0,0.0,0.0,0.0,0.0,0.0,23,0,0.0,0.0,0.0,0.0,0.0,0.0,0.0,0.0,0.0,0.0,0.0,0.0,0.0,0.0,0.0,2.0,0.0,0.0,0.0,0.0,0.0,0.0,0.0,0.0,0.0,0.0,0.0,0.0,0.0
593,Pape Matar,Sarr,P.M.Sarr,a,,,4.5,439,263.0,0.8,202,68.0,0.0,634.0,238.0,0,0,0.0,-5,5.0,2338,1916,0.0,9.3,-0.5,0.0,3.0,186.0,79.0,100.0,100.0,265.0,115.0,246.0,150.0,222.0,122.0,277.0,137.0,,,,,,,,0.13,0.06,0.19,1.63,0.0,0.38,0.9,0.9,10.5,23,0,0.0,0.0,0.0,0.0,0.0,0.0,0.0,0.0,0.0,0.0,0.0,0.0,0.0,0.0,3008.0,2135.0,0.0,0.0,0.0,0.0,0.0,0.0,0.0,0.0,0.0,0.0,0.0,0.0,0.0
647,Gonçalo Manuel,Ganchinho Guedes,Guedes,u,Has joined Real Sociedad permanently.,,5.5,140,86.0,0.0,775,338.0,0.0,782.0,348.0,0,0,0.0,0,0.0,0,3,0.0,0.0,0.0,0.0,0.0,791.0,351.0,0.0,0.0,791.0,351.0,790.0,351.0,787.0,350.0,791.0,351.0,,,,,,,,0.0,0.0,0.0,0.0,0.0,0.0,0.0,0.0,0.0,23,0,0.0,0.0,0.0,0.0,0.0,0.0,0.0,0.0,0.0,0.0,0.0,0.0,0.0,0.0,0.0,3.0,0.0,0.0,0.0,0.0,0.0,0.0,0.0,0.0,0.0,0.0,0.0,0.0,0.0
649,Boubacar,Traoré,B.Traore,u,Has joined FC Metz on loan for the rest of the season.,,5.0,262,159.0,0.0,800,356.0,0.0,738.0,317.0,0,0,0.0,0,0.0,0,0,0.0,0.0,0.0,0.0,0.0,769.0,335.0,0.0,0.0,769.0,335.0,767.0,335.0,759.0,332.0,768.0,334.0,,,,,,,,0.0,0.0,0.0,0.0,0.0,0.0,0.0,0.0,0.0,23,0,0.0,0.0,0.0,0.0,0.0,0.0,0.0,0.0,0.0,0.0,0.0,0.0,0.0,0.0,0.0,0.0,0.0,0.0,0.0,0.0,0.0,0.0,0.0,0.0,0.0,0.0,0.0,0.0,0.0
651,Tom,Edozie,Edozie,a,,,4.3,611,356.0,0.4,292,97.0,0.0,573.0,202.0,0,0,0.0,-2,2.0,524,1268,0.0,0.0,0.0,-0.5,0.0,642.0,245.0,,,633.0,236.0,630.0,241.0,603.0,229.0,634.0,237.0,,,,,,,,0.0,0.0,0.0,0.0,0.0,0.0,0.0,0.0,0.0,23,0,0.0,0.0,0.0,0.0,0.0,0.0,0.0,0.0,0.0,0.0,0.0,0.0,0.0,0.0,656.0,1440.0,0.0,0.0,0.0,0.0,0.0,0.0,0.0,0.0,0.0,0.0,0.0,0.0,0.0
652,Enso,González Medina,Gonzalez,a,,,4.3,610,355.0,1.3,168,58.0,0.0,572.0,201.0,0,0,0.0,-2,2.0,2142,4760,0.0,0.0,0.0,-0.5,0.0,641.0,244.0,,,632.0,235.0,629.0,240.0,602.0,228.0,633.0,236.0,,,,,,,,0.0,0.0,0.0,0.0,0.0,0.0,0.0,0.0,0.0,23,0,0.0,0.0,0.0,0.0,0.0,0.0,0.0,0.0,0.0,0.0,0.0,0.0,0.0,0.0,2519.0,5324.0,0.0,0.0,0.0,0.0,0.0,0.0,0.0,0.0,0.0,0.0,0.0,0.0,0.0
653,Joe,Hodge,Hodge,u,Signed by CD Tondela,,4.5,421,252.0,0.0,652,266.0,0.0,621.0,227.0,0,0,0.0,0,0.0,0,27,0.0,0.0,0.0,0.0,0.0,682.0,267.0,0.0,0.0,677.0,262.0,673.0,265.0,650.0,255.0,678.0,263.0,,,,,,,,0.0,0.0,0.0,0.0,0.0,0.0,0.0,0.0,0.0,23,0,0.0,0.0,0.0,0.0,0.0,0.0,0.0,0.0,0.0,0.0,0.0,0.0,0.0,0.0,0.0,28.0,0.0,0.0,0.0,0.0,0.0,0.0,0.0,0.0,0.0,0.0,0.0,0.0,0.0
654,Jørgen,Strand Larsen,Strand Larsen,a,,,6.1,82,26.0,0.9,193,31.0,1.8,230.0,25.0,1,0,0.0,-4,4.0,3891,2695,0.3,6.2,1.8,1.3,1.8,360.0,39.0,100.0,100.0,292.0,27.0,202.0,21.0,71.0,23.0,205.0,23.0,,,2.0,,,,,0.19,0.03,0.22,1.38,0.0,0.2,1.63,0.91,3.39,23,1,45.0,0.0,0.0,0.0,0.0,0.0,0.0,0.0,0.0,0.0,0.0,0.0,0.0,2.0,4207.0,3068.0,0.0,0.0,0.0,0.0,0.17999999999999972,4.6000000000000085,11.599999999999994,0.0,1.6000000000000014,1.0,0.0,0.0,1.0
7,Riccardo,Calafiori,Calafiori,a,,,5.6,133,14.0,6.1,61,20.0,0.0,790.0,263.0,0,0,0.0,1,-1.0,14166,17744,0.0,13.8,1.0,0.8,4.8,24.0,12.0,100.0,75.0,199.0,80.0,216.0,57.0,85.0,8.0,177.0,57.0,,,,,,,,0.18,0.03,0.21,0.51,0.0,0.64,0.5,1.15,6.09,23,0,0.0,0.0,0.0,0.0,0.0,0.0,0.0,0.0,0.0,0.0,0.0,0.0,0.0,0.0,14412.0,21267.0,0.0,0.0,0.0,0.0,0.0,0.0,0.0,0.0,0.0,0.0,0.0,0.0,0.0
9,Jakub,Kiwior,Kiwior,u,has joined Porto on loan for the rest of the season.,,5.4,173,20.0,0.0,583,211.0,0.0,775.0,262.0,0,0,0.0,-1,1.0,0,17,0.0,0.0,0.0,0.0,0.0,787.0,263.0,0.0,0.0,787.0,263.0,786.0,263.0,782.0,262.0,787.0,263.0,,,,,,,,0.0,0.0,0.0,0.0,0.0,0.0,0.0,0.0,0.0,23,0,0.0,0.0,0.0,0.0,0.0,0.0,0.0,0.0,0.0,0.0,0.0,0.0,0.0,0.0,0.0,17.0,0.0,0.0,0.0,0.0,0.0,0.0,0.0,0.0,0.0,0.0,0.0,0.0,0.0
10,Myles,Lewis-Skelly,Lewis-Skelly,a,,,5.1,238,36.0,1.5,154,59.0,0.2,391.0,144.0,0,0,0.0,-4,4.0,1279,3251,0.0,2.4,1.2,1.2,0.9,488.0,170.0,,,410.0,156.0,323.0,109.0,365.0,128.0,400.0,144.0,,,,,,,,0.01,0.02,0.03,1.52,0.0,0.0,1.45,0.29,4.05,23,0,0.0,0.0,0.0,0.0,0.0,0.0,0.0,0.0,0.0,0.0,0.0,0.0,0.0,0.0,1419.0,3942.0,0.0,0.0,0.0,0.0,0.0,0.0,0.0,0.0,0.0,0.0,0.0,0.0,0.0
11,Benjamin,White,White,a,,,5.1,227,31.0,0.6,239,89.0,1.8,225.0,90.0,1,0,0.0,-4,4.0,4612,4583,0.4,5.9,2.8,2.8,4.3,49.0,21.0,100.0,100.0,310.0,120.0,230.0,65.0,302.0,95.0,317.0,109.0,,,,,,,,0.09,0.11,0.2,1.35,0.0,0.66,0.88,1.1,7.92,23,1,32.0,0.0,0.0,0.0,1.0,0.0,0.0,0.0,0.0,0.0,0.0,0.0,0.0,2.0,5356.0,5285.0,0.0,0.0,0.020000000000000018,0.020000000000000018,0.2699999999999996,10.600000000000009,1.0,2.0,1.3999999999999986,1.0,4.0,0.0,5.0
49,Leon,Bailey,Bailey,a,,,5.5,142,88.0,0.1,504,178.0,0.2,394.0,181.0,1,0,0.0,0,0.0,771,132,0.0,0.2,0.2,0.2,1.0,482.0,228.0,100.0,100.0,455.0,207.0,439.0,211.0,403.0,198.0,461.0,213.0,,,,,,,,0.06,0.09,0.15,0.73,0.0,0.0,0.0,0.0,20.32,23,1,31.0,0.0,0.0,0.0,0.0,0.0,0.0,0.0,0.0,0.0,0.0,0.0,0.0,4.0,871.0,138.0,0.0,0.02,0.03,0.05,0.25,5.0,1.9,7.0,1.4,2.0,0.0,5.0,7.0
50,Emiliano,Buendía Stati,Buendía,a,,,5.3,190,117.0,0.5,251,84.0,4.0,68.0,28.0,11,0,0.0,-2,2.0,26432,4113,0.8,13.4,4.0,4.0,3.4,135.0,59.0,100.0,100.0,143.0,52.0,103.0,76.0,80.0,51.0,97.0,55.0,,6.0,2.0,,,,,0.21,0.11,0.32,1.5,0.0,0.29,0.87,1.06,10.67,23,11,74.0,1.0,0.0,1.0,0.0,0.0,0.0,0.0,0.0,0.0,0.0,1.0,1.0,34.0,27013.0,4873.0,0.0,0.17000000000000015,0.010000000000000009,0.17999999999999972,2.040000000000001,50.20000000000002,1.5,36.0,8.799999999999997,4.0,1.0,7.0,12.0
367,Giorgi,Mamardashvili,Mamardashvili,a,,,4.2,632,36.0,0.6,243,32.0,0.0,539.0,81.0,0,0,0.0,-3,3.0,411,1865,0.0,4.5,0.5,0.5,3.8,87.0,8.0,,,279.0,22.0,606.0,77.0,575.0,63.0,372.0,22.0,,,,,,,,0.0,0.0,0.0,1.42,3.4,0.2,2.0,1.0,0.0,23,0,0.0,0.0,0.0,0.0,0.0,0.0,0.0,0.0,0.0,0.0,0.0,0.0,0.0,0.0,443.0,2145.0,0.0,0.0,0.0,0.0,0.0,0.0,0.0,0.0,0.0,0.0,0.0,0.0,0.0
368,Ármin,Pécsi,Pécsi,a,,,3.8,803,93.0,0.5,248,33.0,0.0,427.0,26.0,0,0,0.0,-2,2.0,14392,3545,0.0,0.0,0.5,0.5,0.0,515.0,32.0,,,506.0,32.0,496.0,18.0,459.0,3.0,506.0,32.0,,,,,,,,0.0,0.0,0.0,0.0,0.0,0.0,0.0,0.0,0.0,23,0,0.0,0.0,0.0,0.0,0.0,0.0,0.0,0.0,0.0,0.0,0.0,0.0,0.0,0.0,15940.0,3822.0,0.0,0.0,0.0,0.0,0.0,0.0,0.0,0.0,0.0,0.0,0.0,0.0,0.0
369,Freddie,Woodman,Woodman,a,,,3.9,736,74.0,0.2,382,56.0,0.0,439.0,35.0,0,0,0.0,-1,1.0,126,413,0.0,0.0,0.5,0.5,0.0,526.0,41.0,,,517.0,41.0,508.0,28.0,471.0,13.0,517.0,41.0,,,,,,,,0.0,0.0,0.0,0.0,0.0,0.0,0.0,0.0,0.0,23,0,0.0,0.0,0.0,0.0,0.0,0.0,0.0,0.0,0.0,0.0,0.0,0.0,0.0,0.0,139.0,465.0,0.0,0.0,0.0,0.0,0.0,0.0,0.0,0.0,0.0,0.0,0.0,0.0,0.0
370,Jeremie,Frimpong,Frimpong,i,Groin Injury - Unknown return date,,5.8,107,8.0,5.6,68,22.0,3.6,93.0,34.0,0,0,0.0,-2,2.0,7643,151994,0.6,5.9,0.0,4.1,3.1,177.0,70.0,0.0,100.0,340.0,130.0,171.0,42.0,213.0,54.0,280.0,93.0,,,,,,,,0.07,0.17,0.24,1.0,0.0,0.33,1.17,1.0,2.68,23,0,58.0,0.0,0.0,0.0,2.0,0.0,0.0,0.0,0.0,0.0,0.0,1.0,0.0,8.0,14560.0,158994.0,0.0,0.04999999999999999,0.050000000000000044,0.09999999999999987,0.6299999999999999,10.400000000000006,7.900000000000006,11.0,2.8999999999999986,2.0,1.0,10.0,3.0
53,Donyell,Malen,Malen,u,has joined Roma on loan for the rest of the season.,,5.1,228,140.0,0.5,258,87.0,0.5,332.0,146.0,0,0,0.0,-4,4.0,0,5677,0.1,10.8,0.0,0.0,2.6,247.0,104.0,0.0,0.0,242.0,102.0,223.0,137.0,56.0,34.0,170.0,94.0,,,,,,,,0.57,0.05,0.62,1.49,0.0,0.14,1.41,0.7,2.25,23,0,0.0,0.0,0.0,0.0,0.0,0.0,0.0,0.0,0.0,0.0,0.0,0.0,0.0,0.0,0.0,7050.0,0.0,0.0,0.0,0.0,0.0,0.0,0.0,0.0,0.0,0.0,0.0,0.0,0.0
54,John,McGinn,McGinn,i,Knee injury - Expected back 21 Mar,,5.4,160,99.0,0.7,215,74.0,4.8,41.0,17.0,0,0,0.0,-1,1.0,135,29567,0.9,13.1,0.0,0.0,3.2,161.0,67.0,0.0,0.0,130.0,45.0,37.0,35.0,105.0,63.0,64.0,42.0,4.0,,,,,,,0.14,0.11,0.25,1.5,0.0,0.4,1.19,1.19,7.13,23,0,0.0,0.0,0.0,0.0,0.0,0.0,0.0,0.0,0.0,0.0,0.0,0.0,0.0,0.0,161.0,37003.0,0.0,0.0,0.0,0.0,0.0,0.0,0.0,0.0,0.0,0.0,0.0,0.0,0.0
371,Milos,Kerkez,Kerkez,a,,,5.6,134,15.0,2.9,107,43.0,2.4,172.0,66.0,0,0,0.0,-4,4.0,3724,11173,0.4,9.5,2.9,2.9,2.4,274.0,107.0,,,125.0,54.0,50.0,7.0,199.0,50.0,96.0,27.0,,,,,,,,0.06,0.03,0.09,1.13,0.0,0.23,1.41,1.11,6.21,23,0,45.0,0.0,0.0,0.0,2.0,0.0,0.0,0.0,0.0,0.0,0.0,1.0,0.0,-2.0,4816.0,13209.0,0.0,0.010000000000000009,0.0,0.010000000000000009,0.629999999999999,8.800000000000011,10.800000000000011,4.0,2.3999999999999915,0.0,3.0,1.0,3.0
372,Andrew,Robertson,Robertson,a,,,5.7,114,10.0,1.0,186,74.0,1.6,242.0,95.0,1,0,0.0,-3,3.0,953,1537,0.3,4.4,2.1,2.1,1.8,358.0,135.0,,,304.0,116.0,138.0,33.0,286.0,88.0,266.0,90.0,,,,,,,,0.04,0.13,0.17,1.25,0.0,0.33,1.34,0.67,5.02,23,1,45.0,0.0,0.0,0.0,1.0,0.0,0.0,0.0,0.0,0.0,0.0,0.0,0.0,0.0,1072.0,1752.0,0.0,0.0,0.06000000000000005,0.05999999999999994,1.71,5.799999999999997,12.700000000000017,8.0,2.6999999999999957,1.0,0.0,1.0,1.0
373,Virgil,van Dijk,Virgil,a,,,5.9,91,5.0,21.9,17,6.0,4.8,43.0,18.0,9,0,0.0,-1,1.0,44811,86800,0.8,15.3,5.3,5.3,3.9,84.0,32.0,,,7.0,3.0,177.0,45.0,91.0,10.0,50.0,6.0,,,,,,,,0.05,0.03,0.08,1.15,0.0,0.3,1.39,1.0,9.43,23,9,90.0,1.0,0.0,0.0,3.0,0.0,0.0,0.0,0.0,0.0,0.0,1.0,0.0,21.0,49308.0,105047.0,0.0,0.13,0.030000000000000027,0.15999999999999992,2.3500000000000014,63.200000000000045,2.8000000000000114,66.0,13.200000000000003,1.0,12.0,3.0,13.0
374,Ibrahima,Konaté,Konaté,a,,,5.4,166,18.0,2.8,109,45.0,3.4,106.0,39.0,0,0,0.0,-1,1.0,2389,41258,0.6,15.0,3.9,1.0,3.7,104.0,37.0,100.0,25.0,38.0,16.0,211.0,54.0,256.0,73.0,127.0,41.0,,,,,,,,0.04,0.04,0.08,1.04,0.0,0.34,1.25,1.06,8.97,23,0,0.0,0.0,0.0,0.0,0.0,0.0,0.0,0.0,0.0,0.0,0.0,0.0,0.0,0.0,2419.0,60436.0,0.0,0.0,0.0,0.0,0.0,0.0,0.0,0.0,0.0,0.0,0.0,0.0,0.0
55,Ross,Barkley,Barkley,d,Lack of match fitness - 75% chance of playing,,4.8,349,218.0,0.0,622,243.0,0.0,696.0,288.0,0,0,0.0,-2,2.0,22,57,0.0,3.1,0.0,0.0,2.1,306.0,133.0,75.0,0.0,386.0,168.0,345.0,181.0,288.0,152.0,371.0,173.0,,,,,,,,0.34,0.13,0.47,1.11,0.0,0.0,0.0,0.0,11.84,23,0,0.0,0.0,0.0,0.0,0.0,0.0,0.0,0.0,0.0,0.0,0.0,0.0,0.0,0.0,25.0,65.0,0.0,0.0,0.0,0.0,0.0,0.0,0.0,0.0,0.0,0.0,0.0,0.0,0.0
56,Enzo,Barrenechea,Barrenechea,u,Season-long loan to Benfica,,5.0,266,161.0,0.0,808,362.0,0.0,741.0,319.0,0,0,0.0,0,0.0,0,0,0.0,0.0,0.0,0.0,0.0,772.0,337.0,0.0,0.0,772.0,337.0,770.0,337.0,762.0,334.0,771.0,336.0,,,,,,,,0.0,0.0,0.0,0.0,0.0,0.0,0.0,0.0,0.0,23,0,0.0,0.0,0.0,0.0,0.0,0.0,0.0,0.0,0.0,0.0,0.0,0.0,0.0,0.0,0.0,0.0,0.0,0.0,0.0,0.0,0.0,0.0,0.0,0.0,0.0,0.0,0.0,0.0,0.0
95,Zain,Silcott-Duberry,Silcott-Duberry,u,has joined Olympiakos permanently.,,4.4,544,326.0,0.1,568,209.0,0.0,597.0,215.0,0,0,0.0,-1,1.0,0,80,0.0,0.0,0.0,0.0,0.0,661.0,257.0,0.0,0.0,653.0,249.0,650.0,254.0,624.0,242.0,654.0,250.0,,,,,,,,0.0,0.0,0.0,0.0,0.0,0.0,0.0,0.0,0.0,23,0,0.0,0.0,0.0,0.0,0.0,0.0,0.0,0.0,0.0,0.0,0.0,0.0,0.0,0.0,0.0,96.0,0.0,0.0,0.0,0.0,0.0,0.0,0.0,0.0,0.0,0.0,0.0,0.0,0.0
96,Ben,Winterburn,Winterburn,u,has joined Barnet on loan for the rest of the season.,,4.5,490,301.0,0.0,633,253.0,0.0,673.0,270.0,0,0,0.0,0,0.0,0,15,0.0,0.2,0.0,0.0,1.0,462.0,212.0,0.0,0.0,726.0,303.0,721.0,303.0,703.0,297.0,725.0,302.0,,,,,,,,0.0,0.0,0.0,4.65,0.0,0.0,30.0,0.0,0.0,23,0,0.0,0.0,0.0,0.0,0.0,0.0,0.0,0.0,0.0,0.0,0.0,0.0,0.0,0.0,0.0,17.0,0.0,0.0,0.0,0.0,0.0,0.0,0.0,0.0,0.0,0.0,0.0,0.0,0.0
807,Rayan Vitor,Simplício Rocha,Rayan,a,,,5.5,153,96.0,0.0,670,276.0,0.0,787.0,351.0,0,0,0.0,0,0.0,2703,292,0.0,0.0,2.1,1.6,0.0,795.0,353.0,,,795.0,353.0,794.0,353.0,791.0,352.0,795.0,353.0,,,,,,,,0.0,0.0,0.0,0.0,0.0,0.0,0.0,0.0,0.0,23,0,0.0,0.0,0.0,0.0,0.0,0.0,0.0,0.0,0.0,0.0,0.0,0.0,0.0,0.0,2703.0,292.0,0.0,0.0,0.0,0.0,0.0,0.0,0.0,0.0,0.0,0.0,0.0,0.0,0.0
97,Francisco Evanilson,de Lima Barbosa,Evanilson,a,,,7.1,36,15.0,3.8,89,16.0,5.8,18.0,4.0,8,1,-1.0,1,-1.0,287549,29201,0.8,10.1,5.8,5.3,3.4,137.0,11.0,100.0,100.0,197.0,15.0,100.0,4.0,14.0,8.0,55.0,11.0,,,,,,,,0.38,0.04,0.42,1.21,0.0,0.28,1.76,1.02,3.86,23,8,90.0,1.0,0.0,0.0,2.0,0.0,0.0,0.0,0.0,0.0,0.0,1.0,2.0,31.0,289371.0,31710.0,0.0,0.9699999999999998,0.030000000000000027,1.0,0.9299999999999997,37.79999999999998,23.19999999999999,52.0,11.299999999999997,1.0,2.0,3.0,6.0
768,Leon,Routh,Leon Routh,a,,,4.0,725,209.0,0.0,727,248.0,0.0,532.0,226.0,0,0,0.0,0,0.0,55,46,0.0,0.0,0.0,0.0,0.0,616.0,243.0,,,607.0,243.0,600.0,243.0,567.0,239.0,608.0,243.0,,,,,,,,0.0,0.0,0.0,0.0,0.0,0.0,0.0,0.0,0.0,23,0,0.0,0.0,0.0,0.0,0.0,0.0,0.0,0.0,0.0,0.0,0.0,0.0,0.0,0.0,61.0,50.0,0.0,0.0,0.0,0.0,0.0,0.0,0.0,0.0,0.0,0.0,0.0,0.0,0.0
781,TJ,Carroll,Carroll,a,,,4.0,719,203.0,0.0,753,256.0,0.0,527.0,221.0,0,0,0.0,0,0.0,60,45,0.0,0.0,0.0,0.0,0.0,611.0,238.0,,,602.0,238.0,595.0,238.0,561.0,233.0,602.0,237.0,,,,,,,,0.0,0.0,0.0,0.0,0.0,0.0,0.0,0.0,0.0,23,0,0.0,0.0,0.0,0.0,0.0,0.0,0.0,0.0,0.0,0.0,0.0,0.0,0.0,0.0,74.0,49.0,0.0,0.0,0.0,0.0,0.0,0.0,0.0,0.0,0.0,0.0,0.0,0.0,0.0
792,Alysson Edward Franco,da Rocha dos Santos,Alysson,i,Knock - Unknown return date,,5.0,283,174.0,0.0,801,357.0,0.0,749.0,325.0,0,0,0.0,0,0.0,8,24,0.0,0.0,0.0,0.0,0.0,779.0,342.0,0.0,25.0,779.0,342.0,777.0,342.0,771.0,340.0,779.0,342.0,,,,,,,,0.0,0.0,0.0,0.0,0.0,0.0,0.0,0.0,0.0,23,0,0.0,0.0,0.0,0.0,0.0,0.0,0.0,0.0,0.0,0.0,0.0,0.0,0.0,0.0,8.0,25.0,0.0,0.0,0.0,0.0,0.0,0.0,0.0,0.0,0.0,0.0,0.0,0.0,0.0
183,Max,Weiß,Weiss,a,,,4.3,599,30.0,0.1,449,68.0,0.0,562.0,84.0,0,0,0.0,-2,2.0,195,328,0.0,0.0,0.0,0.0,0.0,634.0,88.0,,,625.0,88.0,622.0,81.0,594.0,68.0,626.0,88.0,,,,,,,,0.0,0.0,0.0,0.0,0.0,0.0,0.0,0.0,0.0,23,0,0.0,0.0,0.0,0.0,0.0,0.0,0.0,0.0,0.0,0.0,0.0,0.0,0.0,0.0,243.0,374.0,0.0,0.0,0.0,0.0,0.0,0.0,0.0,0.0,0.0,0.0,0.0,0.0,0.0
184,Etienne,Green,Green,u,has joined FC Fredericia permanently.,,4.0,681,57.0,0.2,393,58.0,0.0,493.0,69.0,0,0,0.0,0,0.0,0,199,0.0,0.0,0.0,0.0,0.0,580.0,75.0,0.0,0.0,571.0,75.0,564.0,64.0,529.0,49.0,571.0,75.0,,,,,,,,0.0,0.0,0.0,0.0,0.0,0.0,0.0,0.0,0.0,23,0,0.0,0.0,0.0,0.0,0.0,0.0,0.0,0.0,0.0,0.0,0.0,0.0,0.0,0.0,0.0,230.0,0.0,0.0,0.0,0.0,0.0,0.0,0.0,0.0,0.0,0.0,0.0,0.0,0.0
185,Václav,Hladký,Hladký,a,,,3.9,727,66.0,0.2,396,59.0,0.0,431.0,28.0,0,0,0.0,-1,1.0,206,697,0.0,0.0,0.0,0.0,0.0,519.0,34.0,,,510.0,34.0,500.0,20.0,463.0,5.0,510.0,34.0,,,,,,,,0.0,0.0,0.0,0.0,0.0,0.0,0.0,0.0,0.0,23,0,0.0,0.0,0.0,0.0,0.0,0.0,0.0,0.0,0.0,0.0,0.0,0.0,0.0,0.0,267.0,822.0,0.0,0.0,0.0,0.0,0.0,0.0,0.0,0.0,0.0,0.0,0.0,0.0,0.0
186,Connor,Roberts,Roberts,i,Achilles injury - Unknown return date,,4.4,517,103.0,0.0,645,225.0,0.0,583.0,240.0,0,0,0.0,-1,1.0,34,71,0.0,0.0,0.0,0.0,0.0,650.0,249.0,0.0,0.0,641.0,249.0,638.0,249.0,612.0,247.0,642.0,249.0,,,,,,,,0.0,0.0,0.0,0.0,0.0,0.0,0.0,0.0,0.0,23,0,0.0,0.0,0.0,0.0,0.0,0.0,0.0,0.0,0.0,0.0,0.0,0.0,0.0,0.0,50.0,97.0,0.0,0.0,0.0,0.0,0.0,0.0,0.0,0.0,0.0,0.0,0.0,0.0,0.0
82,Antoine,Semenyo,Semenyo,a,,,7.8,18,13.0,48.6,2,1.0,4.2,59.0,25.0,8,1,-1.0,8,-8.0,389115,134510,0.5,16.7,4.7,4.7,5.9,6.0,3.0,100.0,100.0,12.0,3.0,38.0,36.0,5.0,1.0,4.0,2.0,,,,,,,,0.32,0.09,0.41,1.52,0.0,0.27,1.82,1.0,7.68,23,8,90.0,1.0,0.0,1.0,0.0,0.0,0.0,0.0,0.0,0.0,0.0,1.0,0.0,24.0,490568.0,160541.0,0.0,0.2999999999999998,0.020000000000000018,0.3199999999999985,0.6099999999999994,36.799999999999955,3.3000000000000114,38.0,7.800000000000011,0.0,4.0,2.0,6.0
282,Franco,Umeh-Chibueze,Umeh,u,has joined Portsmouth permanently.,,4.5,471,287.0,0.0,686,286.0,0.0,656.0,258.0,0,0,0.0,0,0.0,0,8,0.0,0.0,0.0,0.0,0.0,711.0,293.0,0.0,0.0,709.0,291.0,705.0,292.0,686.0,285.0,709.0,291.0,,,,,,,,0.0,0.0,0.0,0.0,0.0,0.0,0.0,0.0,0.0,23,0,0.0,0.0,0.0,0.0,0.0,0.0,0.0,0.0,0.0,0.0,0.0,0.0,0.0,0.0,0.0,10.0,0.0,0.0,0.0,0.0,0.0,0.0,0.0,0.0,0.0,0.0,0.0,0.0,0.0
283,Jean-Philippe,Mateta,Mateta,n,Won’t be considered for selection on 1/2. - Expected back 08 Feb,,7.5,21,7.0,9.0,46,9.0,3.4,108.0,12.0,2,0,0.0,0,0.0,18540,156347,0.5,11.2,0.0,3.4,3.7,107.0,9.0,0.0,100.0,69.0,5.0,197.0,19.0,4.0,4.0,27.0,6.0,,,2.0,,,,,0.56,0.06,0.62,1.26,0.0,0.38,1.09,1.09,5.2,23,2,84.0,0.0,0.0,0.0,3.0,0.0,0.0,0.0,0.0,0.0,0.0,1.0,0.0,0.0,20525.0,173144.0,0.0,0.46000000000000085,0.0,0.46000000000000085,2.200000000000003,2.400000000000034,0.4000000000000057,21.0,2.4000000000000057,0.0,1.0,1.0,2.0
432,André,Onana,Onana,u,has joined Trabzonspor on loan for the rest of the season.,,4.9,301,12.0,0.1,418,63.0,0.0,710.0,92.0,0,0,0.0,-1,1.0,0,53,0.0,0.0,0.0,0.0,0.0,751.0,92.0,0.0,0.0,751.0,92.0,747.0,89.0,737.0,83.0,750.0,92.0,,,,,,,,0.0,0.0,0.0,0.0,0.0,0.0,0.0,0.0,0.0,23,0,0.0,0.0,0.0,0.0,0.0,0.0,0.0,0.0,0.0,0.0,0.0,0.0,0.0,0.0,0.0,58.0,0.0,0.0,0.0,0.0,0.0,0.0,0.0,0.0,0.0,0.0,0.0,0.0,0.0
433,Elyh,Harrison,Harrison,u,On loan to Shrewsbury Town,,4.0,708,64.0,0.0,790,91.0,0.0,518.0,76.0,0,0,0.0,0,0.0,0,2,0.0,0.0,0.0,0.0,0.0,602.0,82.0,0.0,0.0,593.0,82.0,586.0,71.0,552.0,56.0,593.0,82.0,,,,,,,,0.0,0.0,0.0,0.0,0.0,0.0,0.0,0.0,0.0,23,0,0.0,0.0,0.0,0.0,0.0,0.0,0.0,0.0,0.0,0.0,0.0,0.0,0.0,0.0,0.0,2.0,0.0,0.0,0.0,0.0,0.0,0.0,0.0,0.0,0.0,0.0,0.0,0.0,0.0
717,Xavi,Simons,Xavi,a,,,6.5,54,35.0,1.1,179,60.0,2.2,195.0,82.0,4,0,0.0,-5,5.0,3493,17491,0.3,7.7,1.7,2.2,2.9,207.0,91.0,100.0,100.0,234.0,97.0,84.0,62.0,150.0,88.0,156.0,87.0,5.0,,,,,,,0.13,0.19,0.32,1.46,0.0,0.25,1.72,0.98,8.1,23,4,90.0,0.0,0.0,0.0,2.0,0.0,0.0,0.0,0.0,0.0,0.0,1.0,0.0,13.0,8761.0,18511.0,0.0,0.51,0.5599999999999998,1.0699999999999998,1.4399999999999977,6.399999999999977,39.400000000000006,14.0,6.0,1.0,1.0,10.0,12.0
726,Randal,Kolo Muani,Kolo Muani,a,,,6.9,42,17.0,0.4,291,46.0,1.2,280.0,34.0,0,0,0.0,-1,1.0,1391,7718,0.2,3.5,0.7,1.2,1.6,384.0,44.0,100.0,100.0,358.0,36.0,156.0,12.0,138.0,34.0,260.0,31.0,,,,,,,,0.13,0.09,0.22,1.38,0.0,0.29,1.56,1.07,5.56,23,0,0.0,0.0,0.0,0.0,0.0,0.0,0.0,0.0,0.0,0.0,0.0,0.0,0.0,0.0,2654.0,8534.0,0.0,0.0,0.0,0.0,0.0,0.0,0.0,0.0,0.0,0.0,0.0,0.0,0.0
461,Jayce,Fitzgerald,Fitzgerald,a,,,4.3,606,352.0,0.0,612,235.0,0.0,568.0,198.0,0,0,0.0,-2,2.0,80,75,0.0,0.0,0.0,-1.0,0.0,639.0,242.0,,,630.0,233.0,627.0,238.0,599.0,225.0,631.0,234.0,,,,,,,,0.0,0.0,0.0,0.0,0.0,0.0,0.0,0.0,0.0,23,0,0.0,0.0,0.0,0.0,0.0,0.0,0.0,0.0,0.0,0.0,0.0,0.0,0.0,0.0,98.0,98.0,0.0,0.0,0.0,0.0,0.0,0.0,0.0,0.0,0.0,0.0,0.0,0.0,0.0
619,Luis Guilherme,Lira dos Santos,L.Guilherme,u,has joined Sporting CP permanently.,,4.9,342,212.0,0.0,669,275.0,0.0,726.0,308.0,0,0,0.0,-1,1.0,0,29,0.0,1.0,0.0,0.0,1.0,473.0,221.0,0.0,0.0,443.0,199.0,387.0,193.0,417.0,207.0,447.0,202.0,,,,,,,,0.05,0.02,0.07,1.35,0.0,0.0,1.49,0.74,8.18,23,0,0.0,0.0,0.0,0.0,0.0,0.0,0.0,0.0,0.0,0.0,0.0,0.0,0.0,0.0,0.0,36.0,0.0,0.0,0.0,0.0,0.0,0.0,0.0,0.0,0.0,0.0,0.0,0.0,0.0
620,George,Earthy,Earthy,u,has joined Bristol City on loan for the rest of the season.,,4.5,443,265.0,0.0,594,224.0,0.0,636.0,240.0,0,0,0.0,0,0.0,0,121,0.0,0.2,0.0,0.0,1.0,454.0,205.0,0.0,0.0,689.0,273.0,443.0,214.0,428.0,211.0,474.0,218.0,,,,,,,,0.0,0.11,0.11,8.21,0.0,0.0,11.25,0.0,0.0,23,0,0.0,0.0,0.0,0.0,0.0,0.0,0.0,0.0,0.0,0.0,0.0,0.0,0.0,0.0,0.0,143.0,0.0,0.0,0.0,0.0,0.0,0.0,0.0,0.0,0.0,0.0,0.0,0.0,0.0
621,Andy,Irving,Irving,u,has joined Sparta Prague permanently.,,4.3,576,339.0,0.2,340,113.0,0.0,554.0,187.0,0,0,0.0,-2,2.0,0,1828,0.0,2.1,0.0,0.0,1.3,411.0,182.0,0.0,0.0,409.0,181.0,310.0,175.0,424.0,209.0,406.0,184.0,3.0,,,,,,,0.0,0.1,0.1,2.32,0.0,0.0,2.31,1.15,12.69,23,0,0.0,0.0,0.0,0.0,0.0,0.0,0.0,0.0,0.0,0.0,0.0,0.0,0.0,0.0,0.0,2160.0,0.0,0.0,0.0,0.0,0.0,0.0,0.0,0.0,0.0,0.0,0.0,0.0,0.0
622,Lewis,Orford,Orford,u,has joined Stevenage on loan for the rest of the season.,,4.4,541,324.0,0.1,570,210.0,0.0,595.0,213.0,0,0,0.0,-1,1.0,0,46,0.0,0.0,0.0,0.0,0.0,659.0,255.0,0.0,0.0,651.0,247.0,648.0,252.0,622.0,240.0,652.0,248.0,,,,,,,,0.0,0.0,0.0,0.0,0.0,0.0,0.0,0.0,0.0,23,0,0.0,0.0,0.0,0.0,0.0,0.0,0.0,0.0,0.0,0.0,0.0,0.0,0.0,0.0,0.0,49.0,0.0,0.0,0.0,0.0,0.0,0.0,0.0,0.0,0.0,0.0,0.0,0.0,0.0
667,Adam,Aznou,Aznou,a,,,4.2,634,150.0,0.1,567,205.0,0.0,541.0,229.0,0,0,0.0,-3,3.0,68,66,0.0,0.0,0.0,0.0,0.0,621.0,244.0,100.0,100.0,613.0,245.0,608.0,244.0,577.0,241.0,614.0,245.0,,,,,,,,0.0,0.0,0.0,0.0,0.0,0.0,0.0,0.0,0.0,23,0,0.0,0.0,0.0,0.0,0.0,0.0,0.0,0.0,0.0,0.0,0.0,0.0,0.0,0.0,76.0,76.0,0.0,0.0,0.0,0.0,0.0,0.0,0.0,0.0,0.0,0.0,0.0,0.0,0.0
704,Tyler,Onyango,Onyango,u,has joined Stockport County on loan for the rest of the season.,,4.5,434,259.0,0.1,578,215.0,0.0,630.0,234.0,0,0,0.0,0,0.0,0,42,0.0,0.0,0.0,0.0,0.0,689.0,273.0,0.0,0.0,684.0,268.0,682.0,271.0,660.0,262.0,685.0,269.0,,,,,,,,0.0,0.0,0.0,0.0,0.0,0.0,0.0,0.0,0.0,23,0,0.0,0.0,0.0,0.0,0.0,0.0,0.0,0.0,0.0,0.0,0.0,0.0,0.0,0.0,0.0,45.0,0.0,0.0,0.0,0.0,0.0,0.0,0.0,0.0,0.0,0.0,0.0,0.0,0.0
705,Elijah,Campbell,Campbell,a,,,3.9,759,222.0,0.2,395,144.0,0.0,454.0,178.0,0,0,0.0,-1,1.0,199,247,0.0,0.0,0.0,0.0,0.0,541.0,198.0,,,532.0,198.0,523.0,198.0,486.0,190.0,532.0,197.0,,,,,,,,0.0,0.0,0.0,0.0,0.0,0.0,0.0,0.0,0.0,23,0,0.0,0.0,0.0,0.0,0.0,0.0,0.0,0.0,0.0,0.0,0.0,0.0,0.0,0.0,216.0,264.0,0.0,0.0,0.0,0.0,0.0,0.0,0.0,0.0,0.0,0.0,0.0,0.0,0.0
462,Jack,Fletcher,J.Fletcher,a,,,4.3,603,349.0,0.1,502,177.0,0.0,565.0,195.0,0,0,0.0,-2,2.0,267,742,0.0,0.7,0.0,-1.0,1.0,443.0,196.0,,,432.0,193.0,368.0,189.0,408.0,201.0,430.0,193.0,,,,,,,,0.03,0.02,0.05,1.56,0.0,0.0,0.0,0.0,9.25,23,0,0.0,0.0,0.0,0.0,0.0,0.0,0.0,0.0,0.0,0.0,0.0,0.0,0.0,0.0,347.0,899.0,0.0,0.0,0.0,0.0,0.0,0.0,0.0,0.0,0.0,0.0,0.0,0.0,0.0
463,Sékou,Koné,Kone,a,,,4.3,615,359.0,0.1,487,170.0,0.0,576.0,204.0,0,0,0.0,-2,2.0,151,251,0.0,0.0,0.0,-1.0,0.0,645.0,247.0,,,636.0,238.0,633.0,243.0,606.0,231.0,637.0,239.0,,,,,,,,0.0,0.0,0.0,0.0,0.0,0.0,0.0,0.0,0.0,23,0,0.0,0.0,0.0,0.0,0.0,0.0,0.0,0.0,0.0,0.0,0.0,0.0,0.0,0.0,172.0,300.0,0.0,0.0,0.0,0.0,0.0,0.0,0.0,0.0,0.0,0.0,0.0,0.0,0.0
681,Benjamin,Sesko,Šeško,a,,,7.2,33,13.0,3.3,100,18.0,4.0,73.0,9.0,1,0,0.0,-3,3.0,14787,23973,0.6,7.8,4.0,3.0,3.1,181.0,19.0,100.0,100.0,194.0,14.0,189.0,16.0,19.0,11.0,79.0,14.0,,,,,,,,0.43,0.02,0.45,1.35,0.0,0.09,1.81,0.95,3.78,23,1,9.0,0.0,0.0,0.0,1.0,0.0,0.0,0.0,0.0,0.0,0.0,0.0,0.0,3.0,15599.0,28956.0,0.0,0.0,0.0,0.0,0.40000000000000036,0.0,0.0,0.0,0.0,0.0,0.0,0.0,0.0
464,Jack,Moorhouse,Moorhouse,u,has joined Leyton Orient on loan for the rest of the season.,,4.5,466,283.0,0.0,678,282.0,0.0,651.0,254.0,0,0,0.0,0,0.0,0,6,0.0,0.0,0.0,0.0,0.0,707.0,290.0,0.0,0.0,705.0,288.0,701.0,289.0,681.0,281.0,705.0,288.0,,,,,,,,0.0,0.0,0.0,0.0,0.0,0.0,0.0,0.0,0.0,23,0,0.0,0.0,0.0,0.0,0.0,0.0,0.0,0.0,0.0,0.0,0.0,0.0,0.0,0.0,0.0,7.0,0.0,0.0,0.0,0.0,0.0,0.0,0.0,0.0,0.0,0.0,0.0,0.0,0.0
501,Sean,Neave,Neave,a,,,4.3,612,85.0,0.2,346,56.0,0.0,574.0,52.0,0,0,0.0,-2,2.0,583,532,0.0,0.0,-0.5,0.0,0.0,643.0,64.0,,,634.0,64.0,631.0,63.0,604.0,63.0,635.0,64.0,,,,,,,,0.0,0.0,0.0,0.0,0.0,0.0,0.0,0.0,0.0,23,0,0.0,0.0,0.0,0.0,0.0,0.0,0.0,0.0,0.0,0.0,0.0,0.0,0.0,0.0,648.0,587.0,0.0,0.0,0.0,0.0,0.0,0.0,0.0,0.0,0.0,0.0,0.0,0.0,0.0
74,Adrien,Truffert,Truffert,a,,,4.5,446,90.0,1.7,142,56.0,2.2,182.0,74.0,3,0,0.0,0,0.0,13507,11150,0.5,16.4,2.2,1.7,3.2,148.0,61.0,,,40.0,17.0,53.0,8.0,232.0,63.0,67.0,13.0,,,,,,,,0.01,0.05,0.06,1.38,0.0,0.22,1.78,1.02,8.34,23,3,90.0,0.0,0.0,0.0,2.0,0.0,0.0,0.0,0.0,0.0,0.0,1.0,0.0,7.0,13903.0,13555.0,0.0,0.0,0.010000000000000009,0.010000000000000009,0.9299999999999997,19.80000000000001,1.6999999999999886,2.0,2.4000000000000057,3.0,7.0,2.0,10.0
75,Matai,Akinmboni,Akinmboni,d,Muscle injury - 25% chance of playing,,3.8,794,250.0,0.2,371,136.0,0.0,420.0,165.0,0,0,0.0,-2,2.0,91,372,0.0,0.0,0.0,-0.1,0.0,510.0,188.0,25.0,25.0,501.0,188.0,490.0,187.0,452.0,178.0,501.0,187.0,,,,,,,,0.0,0.0,0.0,0.0,0.0,0.0,0.0,0.0,0.0,23,0,0.0,0.0,0.0,0.0,0.0,0.0,0.0,0.0,0.0,0.0,0.0,0.0,0.0,0.0,107.0,430.0,0.0,0.0,0.0,0.0,0.0,0.0,0.0,0.0,0.0,0.0,0.0,0.0,0.0
77,James,Hill,Hill,a,,,3.9,750,218.0,1.1,181,71.0,3.5,95.0,35.0,6,0,0.0,-1,1.0,64231,9597,0.9,9.2,3.5,3.0,2.6,236.0,92.0,,,233.0,96.0,325.0,110.0,282.0,85.0,294.0,98.0,,,,,,,,0.03,0.06,0.09,1.2,0.0,0.24,1.56,0.84,10.65,23,6,90.0,0.0,1.0,0.0,2.0,0.0,0.0,0.0,0.0,0.0,0.0,1.0,0.0,17.0,64550.0,9865.0,0.0,0.06,0.19999999999999996,0.25999999999999995,0.9299999999999997,35.79999999999998,13.7,4.0,5.400000000000002,2.0,9.0,1.0,11.0
78,Julián,Araujo Zúñiga,J.Araujo,u,has joined Celtic on loan for the rest of the season.,,3.8,783,239.0,0.6,240,90.0,0.0,411.0,156.0,0,0,0.0,-2,2.0,0,2299,0.0,0.0,0.0,0.0,0.0,502.0,180.0,0.0,0.0,493.0,180.0,482.0,179.0,444.0,170.0,493.0,179.0,,,,,,,,0.0,0.0,0.0,0.0,0.0,0.0,0.0,0.0,0.0,23,0,0.0,0.0,0.0,0.0,0.0,0.0,0.0,0.0,0.0,0.0,0.0,0.0,0.0,0.0,0.0,2685.0,0.0,0.0,0.0,0.0,0.0,0.0,0.0,0.0,0.0,0.0,0.0,0.0,0.0
79,Chris,Mepham,Mepham,u,has joined West Bromwich Albion permanently.,,4.0,663,165.0,0.1,529,193.0,0.0,477.0,189.0,0,0,0.0,0,0.0,0,38,0.0,0.0,0.0,0.0,0.0,564.0,209.0,0.0,0.0,555.0,209.0,548.0,209.0,513.0,203.0,555.0,208.0,,,,,,,,0.0,0.0,0.0,0.0,0.0,0.0,0.0,0.0,0.0,23,0,0.0,0.0,0.0,0.0,0.0,0.0,0.0,0.0,0.0,0.0,0.0,0.0,0.0,0.0,0.0,46.0,0.0,0.0,0.0,0.0,0.0,0.0,0.0,0.0,0.0,0.0,0.0,0.0,0.0
747,Ezra,Mayers,Mayers,a,,,4.0,713,197.0,0.0,648,226.0,0.5,320.0,118.0,0,0,0.0,0,0.0,132,135,0.1,1.2,0.5,0.5,1.0,437.0,162.0,,,425.0,161.0,344.0,120.0,385.0,141.0,419.0,153.0,,,,,,,,0.1,0.35,0.45,2.25,0.0,0.0,2.41,0.0,4.02,23,0,0.0,0.0,0.0,0.0,0.0,0.0,0.0,0.0,0.0,0.0,0.0,0.0,0.0,0.0,155.0,143.0,0.0,0.0,0.0,0.0,0.0,0.0,0.0,0.0,0.0,0.0,0.0,0.0,0.0
749,Mateus,Mané,Mané,a,,,4.6,402,65.0,1.9,134,20.0,6.2,9.0,2.0,2,1,-1.0,1,-1.0,123686,28950,1.3,8.3,6.2,5.7,3.2,151.0,13.0,,,271.0,25.0,194.0,17.0,187.0,41.0,256.0,29.0,,,,,,,,0.1,0.11,0.21,1.2,0.0,0.29,1.44,0.86,5.75,23,2,90.0,0.0,0.0,0.0,2.0,0.0,0.0,0.0,0.0,0.0,0.0,1.0,0.0,14.0,132002.0,31216.0,0.0,0.12,0.18999999999999995,0.31000000000000005,0.8600000000000003,5.800000000000011,32.3,10.0,4.800000000000004,1.0,1.0,2.0,4.0
766,Saheed,Olagunju,Olagunju,a,,,4.0,712,196.0,0.0,680,235.0,0.0,522.0,216.0,0,0,0.0,0,0.0,391,232,0.0,0.0,0.0,-0.5,0.0,606.0,233.0,,,597.0,233.0,590.0,233.0,556.0,228.0,597.0,232.0,,,,,,,,0.0,0.0,0.0,0.0,0.0,0.0,0.0,0.0,0.0,23,0,0.0,0.0,0.0,0.0,0.0,0.0,0.0,0.0,0.0,0.0,0.0,0.0,0.0,0.0,489.0,255.0,0.0,0.0,0.0,0.0,0.0,0.0,0.0,0.0,0.0,0.0,0.0,0.0,0.0
777,Temple,Ojinnaka,Ojinnaka,a,,,4.5,451,270.0,0.0,776,339.0,0.0,641.0,245.0,0,0,0.0,0,0.0,73,76,0.0,0.0,0.0,-0.5,0.0,698.0,282.0,,,694.0,278.0,691.0,280.0,670.0,271.0,694.0,278.0,,,,,,,,0.0,0.0,0.0,0.0,0.0,0.0,0.0,0.0,0.0,23,0,0.0,0.0,0.0,0.0,0.0,0.0,0.0,0.0,0.0,0.0,0.0,0.0,0.0,0.0,108.0,83.0,0.0,0.0,0.0,0.0,0.0,0.0,0.0,0.0,0.0,0.0,0.0,0.0,0.0
778,Ethan,Sutherland,Sutherland,a,,,4.5,481,294.0,0.0,743,318.0,0.0,664.0,263.0,0,0,0.0,0,0.0,219,114,0.0,0.0,0.0,-0.5,0.0,718.0,297.0,,,717.0,296.0,712.0,296.0,694.0,290.0,716.0,295.0,,,,,,,,0.0,0.0,0.0,0.0,0.0,0.0,0.0,0.0,0.0,23,0,0.0,0.0,0.0,0.0,0.0,0.0,0.0,0.0,0.0,0.0,0.0,0.0,0.0,0.0,286.0,139.0,0.0,0.0,0.0,0.0,0.0,0.0,0.0,0.0,0.0,0.0,0.0,0.0,0.0
14,Maldini,Kacurri,Kacurri,u,has joined Morecambe on loan for the rest of the season.,,3.9,770,227.0,0.1,477,173.0,0.0,465.0,183.0,0,0,0.0,-1,1.0,0,62,0.0,0.0,0.0,0.0,0.0,552.0,203.0,0.0,0.0,543.0,203.0,534.0,203.0,497.0,195.0,543.0,202.0,,,,,,,,0.0,0.0,0.0,0.0,0.0,0.0,0.0,0.0,0.0,23,0,0.0,0.0,0.0,0.0,0.0,0.0,0.0,0.0,0.0,0.0,0.0,0.0,0.0,0.0,0.0,74.0,0.0,0.0,0.0,0.0,0.0,0.0,0.0,0.0,0.0,0.0,0.0,0.0,0.0
15,Josh,Nichols,Nichols,a,,,3.8,789,245.0,0.2,386,141.0,0.0,416.0,161.0,0,0,0.0,-2,2.0,142,326,0.0,0.0,1.0,1.0,0.0,506.0,184.0,,,497.0,184.0,486.0,183.0,448.0,174.0,497.0,183.0,,,,,,,,0.0,0.0,0.0,0.0,0.0,0.0,0.0,0.0,0.0,23,0,0.0,0.0,0.0,0.0,0.0,0.0,0.0,0.0,0.0,0.0,0.0,0.0,0.0,0.0,167.0,371.0,0.0,0.0,0.0,0.0,0.0,0.0,0.0,0.0,0.0,0.0,0.0,0.0,0.0
16,Bukayo,Saka,Saka,a,,,10.0,5,3.0,15.3,22,9.0,2.5,164.0,70.0,2,-1,1.0,0,0.0,48470,352239,0.2,10.1,3.5,3.5,4.8,28.0,13.0,100.0,100.0,62.0,18.0,6.0,6.0,10.0,4.0,6.0,4.0,2.0,,1.0,,,,,0.33,0.3,0.63,0.58,0.0,0.47,0.7,0.99,6.88,23,2,90.0,0.0,0.0,0.0,3.0,0.0,0.0,0.0,0.0,0.0,0.0,1.0,0.0,19.0,54535.0,401009.0,0.0,0.07000000000000028,0.4300000000000006,0.5,0.7099999999999991,18.599999999999966,45.5,33.0,9.700000000000017,0.0,3.0,5.0,8.0
17,Martin,Ødegaard,Ødegaard,a,,,7.8,17,12.0,2.2,119,40.0,3.8,90.0,38.0,4,0,0.0,-2,2.0,8836,24924,0.5,6.8,4.8,4.8,3.1,183.0,78.0,100.0,100.0,201.0,85.0,33.0,32.0,166.0,96.0,99.0,56.0,4.0,,3.0,,,,,0.09,0.24,0.33,1.04,0.0,0.37,0.92,1.19,6.87,23,4,57.0,0.0,1.0,0.0,2.0,0.0,0.0,0.0,0.0,0.0,0.0,1.0,0.0,9.0,10589.0,29020.0,0.0,0.09999999999999998,0.020000000000000018,0.1200000000000001,0.4399999999999995,0.0,5.600000000000023,4.0,0.7999999999999972,2.0,0.0,2.0,4.0
18,Noni,Madueke,Madueke,a,,,6.8,46,28.0,0.6,223,76.0,1.2,279.0,122.0,1,0,0.0,-2,2.0,868,1773,0.2,3.2,2.2,2.2,1.6,383.0,171.0,100.0,100.0,356.0,159.0,134.0,95.0,101.0,60.0,215.0,108.0,3.0,,,,,,,0.09,0.25,0.34,1.15,0.0,0.47,0.94,1.09,4.84,23,1,15.0,0.0,0.0,0.0,1.0,0.0,0.0,0.0,0.0,0.0,0.0,0.0,0.0,2.0,948.0,2088.0,0.0,0.0,0.0,0.0,0.2699999999999996,1.2000000000000028,1.0,2.0,0.4000000000000057,0.0,0.0,0.0,0.0
19,Gabriel,Martinelli Silva,Martinelli,a,,,6.8,47,29.0,0.9,197,66.0,1.5,255.0,108.0,0,0,0.0,-2,2.0,2478,3014,0.2,4.3,2.5,2.5,1.7,370.0,163.0,100.0,100.0,347.0,154.0,271.0,161.0,94.0,57.0,269.0,132.0,,,,,,,,0.42,0.04,0.46,0.92,0.0,0.33,0.5,1.16,5.61,23,0,0.0,0.0,0.0,0.0,0.0,0.0,0.0,0.0,0.0,0.0,0.0,0.0,0.0,0.0,2909.0,3390.0,0.0,0.0,0.0,0.0,0.0,0.0,0.0,0.0,0.0,0.0,0.0,0.0,0.0
20,Leandro,Trossard,Trossard,a,,,6.8,44,26.0,1.4,158,54.0,1.5,254.0,107.0,2,-1,1.0,-2,2.0,16800,30180,0.2,12.2,2.5,2.5,4.4,45.0,20.0,100.0,100.0,109.0,36.0,49.0,42.0,36.0,21.0,40.0,30.0,,,4.0,,,,,0.31,0.15,0.46,0.64,0.0,0.43,0.79,0.94,5.49,23,2,74.0,0.0,0.0,0.0,2.0,0.0,0.0,0.0,0.0,0.0,0.0,1.0,0.0,9.0,19175.0,36498.0,0.0,0.07000000000000028,0.010000000000000231,0.08000000000000007,0.4399999999999995,0.19999999999998863,12.5,4.0,1.6999999999999886,0.0,1.0,3.0,4.0
23,Fábio,Ferreira Vieira,Fábio Vieira,u,has joined Hamburger on loan for the rest of the season.,,5.4,172,107.0,0.0,671,277.0,0.0,774.0,342.0,0,0,0.0,-1,1.0,0,6,0.0,0.0,0.0,0.0,0.0,786.0,347.0,0.0,0.0,786.0,347.0,785.0,347.0,781.0,346.0,786.0,347.0,,,,,,,,0.0,0.0,0.0,0.0,0.0,0.0,0.0,0.0,0.0,23,0,0.0,0.0,0.0,0.0,0.0,0.0,0.0,0.0,0.0,0.0,0.0,0.0,0.0,0.0,0.0,7.0,0.0,0.0,0.0,0.0,0.0,0.0,0.0,0.0,0.0,0.0,0.0,0.0,0.0
24,Christian,Nørgaard,Nørgaard,a,,,5.1,225,138.0,0.1,430,143.0,0.0,751.0,327.0,0,0,0.0,-4,4.0,223,228,0.0,0.6,1.0,1.0,1.0,476.0,223.0,100.0,100.0,436.0,196.0,459.0,223.0,402.0,197.0,448.0,203.0,,,,,,,,0.15,0.0,0.15,6.27,0.0,0.0,2.9,0.0,23.23,23,0,0.0,0.0,0.0,0.0,0.0,0.0,0.0,0.0,0.0,0.0,0.0,0.0,0.0,0.0,237.0,246.0,0.0,0.0,0.0,0.0,0.0,0.0,0.0,0.0,0.0,0.0,0.0,0.0,0.0
26,Martín,Zubimendi Ibáñez,Zubimendi,a,,,5.2,216,133.0,2.2,121,41.0,3.0,129.0,52.0,1,0,0.0,-3,3.0,12101,13482,0.6,15.6,4.0,4.0,3.5,123.0,56.0,100.0,100.0,75.0,22.0,68.0,54.0,111.0,66.0,68.0,44.0,,,,,,,,0.1,0.07,0.17,0.72,0.0,0.52,0.71,1.04,9.17,23,1,57.0,0.0,0.0,0.0,2.0,0.0,0.0,0.0,0.0,0.0,0.0,1.0,0.0,8.0,14051.0,15233.0,0.0,0.31000000000000005,0.010000000000000009,0.31999999999999984,0.4400000000000013,10.0,1.8000000000000114,40.0,5.200000000000003,1.0,4.0,1.0,6.0
28,Ismeal,Kabia,Kabia,u,has joined Shrewsbury Town on loan for the rest of the season.,,4.5,480,293.0,0.1,474,163.0,0.0,663.0,262.0,0,0,0.0,0,0.0,0,47,0.0,0.0,0.0,0.0,0.0,717.0,296.0,0.0,0.0,716.0,295.0,711.0,295.0,693.0,289.0,715.0,294.0,,,,,,,,0.0,0.0,0.0,0.0,0.0,0.0,0.0,0.0,0.0,23,0,0.0,0.0,0.0,0.0,0.0,0.0,0.0,0.0,0.0,0.0,0.0,0.0,0.0,0.0,0.0,55.0,0.0,0.0,0.0,0.0,0.0,0.0,0.0,0.0,0.0,0.0,0.0,0.0,0.0
29,Albert,Sambi Lokonga,Sambi,u,has joined Hamburger permanently.,,4.5,426,254.0,0.1,580,216.0,0.0,624.0,229.0,0,0,0.0,0,0.0,0,29,0.0,0.0,0.0,0.0,0.0,683.0,268.0,0.0,0.0,678.0,263.0,675.0,266.0,653.0,257.0,679.0,264.0,,,,,,,,0.0,0.0,0.0,0.0,0.0,0.0,0.0,0.0,0.0,23,0,0.0,0.0,0.0,0.0,0.0,0.0,0.0,0.0,0.0,0.0,0.0,0.0,0.0,0.0,0.0,30.0,0.0,0.0,0.0,0.0,0.0,0.0,0.0,0.0,0.0,0.0,0.0,0.0,0.0
266,Eberechi,Eze,Eze,a,,,7.3,26,17.0,8.1,49,17.0,0.5,342.0,155.0,0,0,0.0,-2,2.0,4226,45630,0.1,9.3,1.5,1.5,3.8,94.0,44.0,,,178.0,73.0,141.0,99.0,59.0,37.0,107.0,60.0,,,,,,,,0.22,0.14,0.36,0.55,0.0,0.52,0.6,1.03,5.85,23,0,32.0,0.0,0.0,0.0,1.0,0.0,0.0,0.0,1.0,0.0,0.0,0.0,0.0,-1.0,4781.0,54985.0,0.0,0.0,0.26,0.2599999999999998,0.27000000000000046,2.0,18.0,4.0,2.4000000000000057,0.0,1.0,1.0,2.0
662,Cristhian,Mosquera,Mosquera,a,,,5.3,203,27.0,0.1,429,161.0,0.0,766.0,259.0,0,0,0.0,-2,2.0,575,249,0.0,3.2,1.0,1.0,1.7,367.0,137.0,100.0,100.0,338.0,129.0,369.0,133.0,395.0,148.0,387.0,139.0,,,,,,,,0.0,0.09,0.09,0.56,0.0,0.21,0.84,0.84,7.34,23,0,0.0,0.0,0.0,0.0,0.0,0.0,0.0,0.0,0.0,0.0,0.0,0.0,0.0,0.0,640.0,266.0,0.0,0.0,0.0,0.0,0.0,0.0,0.0,0.0,0.0,0.0,0.0,0.0,0.0
666,Viktor,Gyökeres,Gyökeres,a,,,8.7,9,5.0,9.4,44,8.0,1.5,257.0,30.0,1,0,0.0,-3,3.0,27470,21002,0.2,6.4,2.5,2.5,2.7,233.0,22.0,100.0,100.0,224.0,20.0,172.0,14.0,25.0,13.0,92.0,15.0,,,2.0,,,,,0.42,0.06,0.48,0.63,0.0,0.59,0.46,1.11,3.2,23,1,32.0,0.0,0.0,0.0,1.0,0.0,0.0,0.0,0.0,0.0,0.0,0.0,0.0,1.0,29193.0,24398.0,0.0,0.03000000000000025,0.0,0.03000000000000025,0.2699999999999996,0.0,0.5,4.0,0.19999999999998863,0.0,0.0,1.0,1.0
34,Joe,Gauci,Gauci,u,Has joined Port Vale on loan for the rest of the season.,,4.0,675,53.0,0.1,481,74.0,0.0,488.0,65.0,0,0,0.0,0,0.0,0,131,0.0,0.0,0.0,0.0,0.0,575.0,71.0,0.0,0.0,566.0,71.0,559.0,60.0,524.0,45.0,566.0,71.0,,,,,,,,0.0,0.0,0.0,0.0,0.0,0.0,0.0,0.0,0.0,23,0,0.0,0.0,0.0,0.0,0.0,0.0,0.0,0.0,0.0,0.0,0.0,0.0,0.0,0.0,0.0,142.0,0.0,0.0,0.0,0.0,0.0,0.0,0.0,0.0,0.0,0.0,0.0,0.0,0.0
35,Filip,Marschall,Marschall,u,Has joined Stevenage permanently.,,4.0,674,52.0,0.0,732,84.0,0.0,487.0,64.0,0,0,0.0,0,0.0,0,8,0.0,0.0,0.0,0.0,0.0,574.0,70.0,0.0,0.0,565.0,70.0,558.0,59.0,523.0,44.0,565.0,70.0,,,,,,,,0.0,0.0,0.0,0.0,0.0,0.0,0.0,0.0,0.0,23,0,0.0,0.0,0.0,0.0,0.0,0.0,0.0,0.0,0.0,0.0,0.0,0.0,0.0,0.0,0.0,9.0,0.0,0.0,0.0,0.0,0.0,0.0,0.0,0.0,0.0,0.0,0.0,0.0,0.0
36,Matty,Cash,Cash,a,,,4.8,354,58.0,11.6,36,12.0,4.8,39.0,15.0,6,0,0.0,3,-3.0,125697,54759,1.0,19.8,4.8,4.8,4.3,46.0,19.0,100.0,100.0,50.0,23.0,57.0,10.0,169.0,35.0,62.0,10.0,1.0,,,,,,,0.03,0.09,0.12,1.36,0.0,0.32,0.92,1.01,5.67,23,6,90.0,0.0,0.0,1.0,0.0,0.0,0.0,0.0,0.0,0.0,0.0,1.0,0.0,18.0,131889.0,68150.0,0.0,0.050000000000000044,0.010000000000000009,0.06000000000000005,2.1799999999999997,7.800000000000011,2.0,5.0,1.5,0.0,4.0,2.0,4.0
41,Pau,Torres,Pau,a,,,4.3,579,131.0,0.3,311,115.0,2.0,201.0,79.0,6,0,0.0,-2,2.0,3172,992,0.5,10.9,2.0,2.0,3.4,125.0,47.0,100.0,100.0,195.0,78.0,354.0,125.0,308.0,99.0,292.0,97.0,,,,,,,,0.03,0.02,0.05,1.35,0.0,0.32,0.97,0.97,6.77,23,6,74.0,0.0,0.0,1.0,0.0,0.0,0.0,0.0,0.0,0.0,0.0,1.0,0.0,18.0,3279.0,1107.0,0.0,0.21,0.010000000000000009,0.21999999999999997,2.039999999999999,4.0,0.8000000000000007,14.0,1.8999999999999986,0.0,6.0,3.0,6.0
177,Andrew,Moran,Moran,u,Has joined Los Angeles FC on loan for the rest of the season.,,4.5,450,269.0,0.0,684,285.0,0.0,640.0,244.0,0,0,0.0,0,0.0,0,9,0.0,0.0,0.0,0.0,0.0,697.0,281.0,0.0,0.0,693.0,277.0,690.0,279.0,669.0,270.0,693.0,277.0,,,,,,,,0.0,0.0,0.0,0.0,0.0,0.0,0.0,0.0,0.0,23,0,0.0,0.0,0.0,0.0,0.0,0.0,0.0,0.0,0.0,0.0,0.0,0.0,0.0,0.0,0.0,14.0,0.0,0.0,0.0,0.0,0.0,0.0,0.0,0.0,0.0,0.0,0.0,0.0,0.0
178,Danny,Welbeck,Welbeck,a,,,6.2,71,23.0,4.2,83,15.0,1.2,277.0,33.0,2,0,0.0,-3,3.0,44224,36265,0.2,11.0,1.2,1.2,3.1,179.0,17.0,100.0,100.0,128.0,11.0,144.0,9.0,38.0,16.0,78.0,13.0,,2.0,2.0,,,,,0.55,0.05,0.6,1.4,0.0,0.21,1.41,0.99,4.02,23,2,87.0,0.0,0.0,0.0,1.0,0.0,0.0,0.0,0.0,0.0,0.0,1.0,0.0,5.0,49958.0,43069.0,0.0,0.6099999999999994,0.010000000000000009,0.620000000000001,1.0199999999999996,5.800000000000011,4.5,24.0,3.3999999999999915,2.0,0.0,1.0,3.0
42,Andrés,García,A.García,i,Hamstring injury - Expected back 21 Feb,,3.9,771,228.0,0.2,359,131.0,0.2,355.0,129.0,0,0,0.0,-1,1.0,225,840,0.1,0.3,0.0,0.2,0.5,491.0,171.0,0.0,100.0,479.0,171.0,442.0,162.0,498.0,196.0,483.0,172.0,,,,,,,,0.0,0.03,0.03,4.56,0.0,0.0,6.0,0.0,0.0,23,0,0.0,0.0,0.0,0.0,0.0,0.0,0.0,0.0,0.0,0.0,0.0,0.0,0.0,0.0,259.0,897.0,0.0,0.0,0.0,0.0,0.0,0.0,0.0,0.0,0.0,0.0,0.0,0.0,0.0
43,Álex,Moreno Lopera,Alex Moreno,u,Has joined Girona permanently.,,4.0,653,159.0,1.7,146,57.0,0.0,470.0,185.0,0,0,0.0,0,0.0,0,1883,0.0,0.0,0.0,0.0,0.0,557.0,205.0,0.0,0.0,548.0,205.0,540.0,205.0,504.0,198.0,548.0,204.0,,,,,,,,0.0,0.0,0.0,0.0,0.0,0.0,0.0,0.0,0.0,23,0,0.0,0.0,0.0,0.0,0.0,0.0,0.0,0.0,0.0,0.0,0.0,0.0,0.0,0.0,0.0,2185.0,0.0,0.0,0.0,0.0,0.0,0.0,0.0,0.0,0.0,0.0,0.0,0.0,0.0
44,Lamare,Bogarde,Bogarde,a,,,4.0,691,179.0,0.5,249,94.0,0.8,298.0,108.0,1,0,0.0,0,0.0,1604,1842,0.2,5.8,0.8,0.8,1.3,408.0,150.0,100.0,100.0,360.0,137.0,334.0,114.0,386.0,142.0,381.0,135.0,,,,,,,,0.0,0.02,0.02,1.44,0.0,0.17,1.21,0.87,5.02,23,1,16.0,0.0,0.0,0.0,0.0,0.0,0.0,0.0,0.0,0.0,0.0,0.0,0.0,3.0,1804.0,2082.0,0.0,0.0,0.0,0.0,0.129999999999999,2.799999999999997,0.5,0.0,0.3000000000000007,0.0,1.0,1.0,1.0
48,Youri,Tielemans,Tielemans,i,Ankle injury - Expected back 11 Apr,,5.9,94,59.0,0.9,194,64.0,3.8,87.0,36.0,3,0,0.0,-1,1.0,2610,25038,0.6,8.8,0.0,3.8,3.1,178.0,76.0,0.0,100.0,124.0,43.0,30.0,29.0,145.0,84.0,71.0,45.0,3.0,,,,,,,0.07,0.18,0.25,1.6,0.0,0.28,1.18,1.04,9.59,23,3,73.0,0.0,0.0,1.0,0.0,0.0,0.0,0.0,0.0,0.0,0.0,1.0,0.0,19.0,3703.0,26509.0,0.0,0.0,0.2899999999999996,0.29000000000000004,2.0400000000000027,33.19999999999999,41.30000000000001,0.0,7.5,1.0,8.0,2.0,11.0
754,George,Hemmings,George Hemmings,a,,,4.5,478,291.0,0.0,752,324.0,0.2,376.0,169.0,0,0,0.0,0,0.0,51,60,0.0,0.4,0.2,0.2,1.0,461.0,211.0,,,714.0,293.0,441.0,213.0,429.0,212.0,480.0,221.0,,,,,,,,0.14,0.04,0.18,2.2,0.0,0.0,0.0,0.0,3.6,23,0,0.0,0.0,0.0,0.0,0.0,0.0,0.0,0.0,0.0,0.0,0.0,0.0,0.0,0.0,57.0,63.0,0.0,0.0,0.0,0.0,0.0,0.0,0.0,0.0,0.0,0.0,0.0,0.0,0.0
245,Mykhailo,Mudryk,Mudryk,s,Suspended - unknown return date,,4.9,331,204.0,0.0,733,312.0,0.0,722.0,305.0,0,0,0.0,-1,1.0,28,25,0.0,0.0,0.0,0.0,0.0,760.0,328.0,0.0,0.0,760.0,328.0,756.0,328.0,747.0,325.0,759.0,327.0,,,,,,,,0.0,0.0,0.0,0.0,0.0,0.0,0.0,0.0,0.0,23,0,0.0,0.0,0.0,0.0,0.0,0.0,0.0,0.0,0.0,0.0,0.0,0.0,0.0,0.0,30.0,27.0,0.0,0.0,0.0,0.0,0.0,0.0,0.0,0.0,0.0,0.0,0.0,0.0,0.0
757,Ronnie,Hollingshead,Hollingshead,a,,,4.0,693,61.0,0.0,718,83.0,0.0,503.0,73.0,0,0,0.0,0,0.0,56,54,0.0,0.0,0.0,0.0,0.0,589.0,79.0,,,580.0,79.0,573.0,68.0,538.0,53.0,580.0,79.0,,,,,,,,0.0,0.0,0.0,0.0,0.0,0.0,0.0,0.0,0.0,23,0,0.0,0.0,0.0,0.0,0.0,0.0,0.0,0.0,0.0,0.0,0.0,0.0,0.0,0.0,64.0,62.0,0.0,0.0,0.0,0.0,0.0,0.0,0.0,0.0,0.0,0.0,0.0,0.0,0.0
808,Tammy,Abraham,Abraham,a,,,6.0,84,27.0,0.1,439,63.0,0.0,795.0,83.0,0,0,0.0,0,0.0,16125,1619,0.0,0.0,2.1,2.1,0.0,799.0,87.0,,,799.0,87.0,799.0,87.0,799.0,87.0,799.0,87.0,,,,,,,,0.0,0.0,0.0,0.0,0.0,0.0,0.0,0.0,0.0,23,0,0.0,0.0,0.0,0.0,0.0,0.0,0.0,0.0,0.0,0.0,0.0,0.0,0.0,0.0,16125.0,1619.0,0.0,0.0,0.0,0.0,0.0,0.0,0.0,0.0,0.0,0.0,0.0,0.0,0.0
187,Kyle,Walker,Walker,a,,,4.4,511,98.0,1.1,176,67.0,1.8,215.0,83.0,4,0,0.0,-1,1.0,2865,3845,0.4,11.1,1.8,1.8,2.2,295.0,113.0,100.0,100.0,105.0,47.0,176.0,44.0,352.0,119.0,198.0,63.0,,,,,,,,0.01,0.04,0.05,2.05,0.0,0.14,1.88,1.01,6.45,23,4,90.0,0.0,1.0,0.0,2.0,0.0,0.0,0.0,0.0,0.0,0.0,1.0,0.0,24.0,3690.0,4426.0,0.0,0.0,0.25,0.25,2.049999999999997,38.60000000000002,39.8,0.0,7.800000000000004,0.0,6.0,7.0,6.0
193,Bashir,Humphreys,Humphreys,a,,,3.9,748,217.0,0.1,432,162.0,3.2,110.0,41.0,1,0,0.0,-1,1.0,2440,1739,0.8,5.9,3.2,3.2,3.3,138.0,55.0,100.0,100.0,281.0,109.0,374.0,135.0,345.0,115.0,355.0,125.0,,,,,,,,0.03,0.02,0.05,2.05,0.0,0.17,1.71,0.85,9.22,23,1,90.0,0.0,0.0,0.0,2.0,0.0,0.0,0.0,0.0,0.0,0.0,1.0,0.0,6.0,3800.0,1952.0,0.0,0.03,0.0,0.03,2.049999999999999,14.600000000000009,1.1000000000000014,4.0,2.0,3.0,3.0,4.0,6.0
194,Jordan,Beyer,Jordan,i,Hamstring injury - Unknown return date,,3.9,744,214.0,0.1,550,199.0,0.0,444.0,175.0,0,0,0.0,-1,1.0,23,128,0.0,0.0,0.0,0.0,0.0,531.0,195.0,0.0,0.0,522.0,195.0,513.0,195.0,476.0,187.0,522.0,194.0,,,,,,,,0.0,0.0,0.0,0.0,0.0,0.0,0.0,0.0,0.0,23,0,0.0,0.0,0.0,0.0,0.0,0.0,0.0,0.0,0.0,0.0,0.0,0.0,0.0,0.0,37.0,175.0,0.0,0.0,0.0,0.0,0.0,0.0,0.0,0.0,0.0,0.0,0.0,0.0,0.0
195,Lucas,Pires Silva,Lucas Pires,a,,,3.8,799,255.0,0.3,321,120.0,1.8,213.0,81.0,1,0,0.0,-2,2.0,4250,2299,0.5,3.7,1.8,1.8,1.6,373.0,139.0,100.0,100.0,309.0,119.0,220.0,61.0,294.0,93.0,311.0,106.0,,,,,,,,0.04,0.1,0.14,2.02,0.0,0.13,1.85,1.06,6.48,23,1,90.0,0.0,0.0,0.0,2.0,0.0,0.0,0.0,0.0,0.0,0.0,1.0,0.0,7.0,5102.0,2596.0,0.0,0.0,0.010000000000000009,0.010000000000000009,2.049999999999999,17.19999999999999,3.6999999999999886,0.0,2.1000000000000014,5.0,4.0,4.0,9.0
246,Andrey,Nascimento dos Santos,Andrey Santos,a,,,4.5,455,274.0,0.3,322,106.0,1.5,246.0,102.0,3,0,0.0,0,0.0,1406,1722,0.3,4.9,1.5,1.5,1.3,413.0,183.0,100.0,100.0,307.0,136.0,229.0,141.0,279.0,147.0,310.0,149.0,,,,,,,,0.24,0.07,0.31,1.43,0.0,0.14,0.85,0.85,11.92,23,3,90.0,0.0,0.0,0.0,1.0,0.0,0.0,0.0,1.0,0.0,0.0,1.0,0.0,19.0,1516.0,1992.0,0.0,0.0,0.010000000000000009,0.009999999999999787,1.7699999999999996,21.80000000000001,1.0,0.0,2.3000000000000007,3.0,8.0,4.0,15.0
247,Dário,Luís Essugo,D.Essugo,i,Knock - Expected back 21 Feb,,4.3,590,343.0,0.1,576,214.0,0.0,558.0,190.0,0,0,0.0,-2,2.0,58,285,0.0,0.0,0.0,0.0,0.0,630.0,235.0,0.0,0.0,621.0,226.0,617.0,231.0,588.0,217.0,622.0,227.0,,,,,,,,0.0,0.0,0.0,0.0,0.0,0.0,0.0,0.0,0.0,23,0,0.0,0.0,0.0,0.0,0.0,0.0,0.0,0.0,0.0,0.0,0.0,0.0,0.0,0.0,69.0,331.0,0.0,0.0,0.0,0.0,0.0,0.0,0.0,0.0,0.0,0.0,0.0,0.0,0.0
307,Coby,Ebere,Ebere,a,,,4.4,540,323.0,0.0,603,232.0,0.0,594.0,212.0,0,0,0.0,-1,1.0,99,120,0.0,0.0,0.0,0.0,0.0,658.0,254.0,,,650.0,246.0,647.0,251.0,621.0,239.0,651.0,247.0,,,,,,,,0.0,0.0,0.0,0.0,0.0,0.0,0.0,0.0,0.0,23,0,0.0,0.0,0.0,0.0,0.0,0.0,0.0,0.0,0.0,0.0,0.0,0.0,0.0,0.0,116.0,132.0,0.0,0.0,0.0,0.0,0.0,0.0,0.0,0.0,0.0,0.0,0.0,0.0,0.0
201,Manuel,Benson Hedilazio,Benson,u,has joined Maccabi Haifa permanently.,,5.4,163,101.0,0.0,693,293.0,0.0,770.0,340.0,0,0,0.0,-1,1.0,0,3,0.0,0.0,0.0,0.0,0.0,783.0,345.0,0.0,0.0,783.0,345.0,782.0,345.0,778.0,344.0,783.0,345.0,,,,,,,,0.0,0.0,0.0,0.0,0.0,0.0,0.0,0.0,0.0,23,0,0.0,0.0,0.0,0.0,0.0,0.0,0.0,0.0,0.0,0.0,0.0,0.0,0.0,0.0,0.0,3.0,0.0,0.0,0.0,0.0,0.0,0.0,0.0,0.0,0.0,0.0,0.0,0.0,0.0
202,Jacob,Bruun Larsen,Bruun Larsen,a,,,5.3,189,116.0,0.0,620,241.0,0.2,392.0,180.0,0,0,0.0,-2,2.0,100,200,0.0,5.8,0.2,0.2,1.7,366.0,162.0,100.0,100.0,315.0,139.0,143.0,101.0,180.0,106.0,246.0,121.0,3.0,1.0,3.0,,,,,0.12,0.11,0.23,2.11,0.0,0.32,2.43,0.95,5.7,23,0,0.0,0.0,0.0,0.0,0.0,0.0,0.0,0.0,0.0,0.0,0.0,0.0,0.0,0.0,147.0,257.0,0.0,0.0,0.0,0.0,0.0,0.0,0.0,0.0,0.0,0.0,0.0,0.0,0.0
204,Darko,Churlinov,Churlinov,u,has joined Kocaelispor  permanently.,,4.9,321,198.0,0.0,707,299.0,0.0,715.0,300.0,0,0,0.0,-1,1.0,0,5,0.0,0.0,0.0,0.0,0.0,754.0,323.0,0.0,0.0,754.0,323.0,750.0,323.0,741.0,320.0,753.0,322.0,,,,,,,,0.0,0.0,0.0,0.0,0.0,0.0,0.0,0.0,0.0,23,0,0.0,0.0,0.0,0.0,0.0,0.0,0.0,0.0,0.0,0.0,0.0,0.0,0.0,0.0,0.0,5.0,0.0,0.0,0.0,0.0,0.0,0.0,0.0,0.0,0.0,0.0,0.0,0.0,0.0
205,Josh,Cullen,Cullen,i,Knee injury - Expected back 30 Sep,,4.9,297,183.0,0.9,191,63.0,0.0,707.0,295.0,0,-1,1.0,-1,1.0,16,7098,0.0,14.3,0.0,0.0,3.9,80.0,34.0,0.0,0.0,106.0,35.0,108.0,77.0,219.0,120.0,128.0,70.0,,,,,,,,0.06,0.08,0.14,1.93,0.0,0.18,1.73,1.07,10.29,23,0,0.0,0.0,0.0,0.0,0.0,0.0,0.0,0.0,0.0,0.0,0.0,0.0,0.0,0.0,49.0,8903.0,0.0,0.0,0.0,0.0,0.0,0.0,0.0,0.0,0.0,0.0,0.0,0.0,0.0
206,Marcus,Edwards,Edwards,a,,,4.7,380,237.0,0.1,459,156.0,4.2,51.0,20.0,2,0,0.0,-3,3.0,2592,2205,0.9,6.8,4.2,4.2,2.5,260.0,109.0,,,285.0,128.0,116.0,83.0,174.0,100.0,209.0,107.0,,3.0,,,,,,0.13,0.23,0.36,1.92,0.0,0.16,1.26,0.79,5.52,23,2,84.0,0.0,0.0,0.0,1.0,0.0,0.0,0.0,0.0,0.0,0.0,1.0,0.0,4.0,3886.0,2371.0,0.0,0.0,0.1499999999999999,0.1499999999999999,1.6500000000000004,10.599999999999994,24.30000000000001,4.0,3.9000000000000057,2.0,1.0,4.0,7.0
207,Hannibal,Mejbri,Hannibal,a,,,4.7,387,241.0,0.1,475,164.0,0.5,327.0,142.0,1,0,0.0,-3,3.0,357,282,0.1,5.1,0.5,0.5,1.5,391.0,172.0,100.0,100.0,376.0,165.0,183.0,121.0,322.0,168.0,331.0,161.0,,4.0,,,,,,0.06,0.15,0.21,2.61,0.0,0.2,2.36,0.98,7.66,23,1,5.0,0.0,0.0,0.0,1.0,0.0,0.0,0.0,0.0,0.0,0.0,0.0,0.0,3.0,425.0,313.0,0.0,0.0,0.0,0.0,0.40000000000000036,0.0,0.09999999999999432,0.0,0.0,0.0,0.0,2.0,2.0
208,Luca,Koleosho,Koleosho,u,has joined Paris FC on loan for the rest of the season.,,5.0,265,160.0,0.0,720,305.0,0.0,740.0,318.0,0,0,0.0,0,0.0,0,4,0.0,0.0,0.0,0.0,0.0,771.0,336.0,0.0,0.0,771.0,336.0,769.0,336.0,761.0,333.0,770.0,335.0,,,,,,,,0.0,0.0,0.0,0.0,0.0,0.0,0.0,0.0,0.0,23,0,0.0,0.0,0.0,0.0,0.0,0.0,0.0,0.0,0.0,0.0,0.0,0.0,0.0,0.0,0.0,5.0,0.0,0.0,0.0,0.0,0.0,0.0,0.0,0.0,0.0,0.0,0.0,0.0,0.0
211,Aaron,Ramsey,A.Ramsey,u,has joined Leicester City on loan for the rest of the season.,,4.4,533,317.0,1.5,153,50.0,0.0,590.0,208.0,0,0,0.0,-1,1.0,0,1388,0.0,0.0,0.0,0.0,0.0,654.0,250.0,0.0,0.0,645.0,241.0,642.0,246.0,616.0,234.0,646.0,242.0,,,,,,,,0.0,0.0,0.0,0.0,0.0,0.0,0.0,0.0,0.0,23,0,0.0,0.0,0.0,0.0,0.0,0.0,0.0,0.0,0.0,0.0,0.0,0.0,0.0,0.0,0.0,1583.0,0.0,0.0,0.0,0.0,0.0,0.0,0.0,0.0,0.0,0.0,0.0,0.0,0.0
212,Oluwaseun,Adewumi,Adewumi,u,Has joined Cercle Brugge on loan for the rest of the season.,,4.5,474,288.0,0.0,747,320.0,0.0,659.0,259.0,0,0,0.0,0,0.0,0,3,0.0,0.0,0.0,0.0,0.0,714.0,294.0,0.0,0.0,712.0,292.0,708.0,293.0,689.0,286.0,712.0,292.0,,,,,,,,0.0,0.0,0.0,0.0,0.0,0.0,0.0,0.0,0.0,23,0,0.0,0.0,0.0,0.0,0.0,0.0,0.0,0.0,0.0,0.0,0.0,0.0,0.0,0.0,0.0,5.0,0.0,0.0,0.0,0.0,0.0,0.0,0.0,0.0,0.0,0.0,0.0,0.0,0.0
213,Jaydon,Banel,Banel,u,has joined Derby County on loan for the rest of the season.,,4.5,462,281.0,0.0,596,226.0,0.2,374.0,167.0,0,0,0.0,0,0.0,48,298,0.0,0.2,0.0,0.2,1.0,456.0,206.0,0.0,,702.0,286.0,455.0,220.0,678.0,279.0,702.0,286.0,,,,,,,,0.0,0.0,0.0,0.5,0.0,0.0,0.0,0.0,0.0,23,0,0.0,0.0,0.0,0.0,0.0,0.0,0.0,0.0,0.0,0.0,0.0,0.0,0.0,0.0,63.0,365.0,0.0,0.0,0.0,0.0,0.0,0.0,0.0,0.0,0.0,0.0,0.0,0.0,0.0
214,Mike,Trésor Ndayishimiye,Trésor,i,Ankle injury - Unknown return date,,4.4,530,316.0,0.1,545,196.0,0.0,588.0,207.0,0,0,0.0,-1,1.0,24,364,0.0,0.9,0.0,0.0,1.0,447.0,198.0,0.0,0.0,480.0,221.0,458.0,222.0,427.0,210.0,479.0,220.0,,,,,,,,0.0,0.0,0.0,2.18,0.0,0.0,4.74,0.0,9.47,23,0,0.0,0.0,0.0,0.0,0.0,0.0,0.0,0.0,0.0,0.0,0.0,0.0,0.0,0.0,36.0,517.0,0.0,0.0,0.0,0.0,0.0,0.0,0.0,0.0,0.0,0.0,0.0,0.0,0.0
217,Lyle,Foster,Foster,a,,,4.9,324,59.0,0.8,203,33.0,1.5,248.0,27.0,5,0,0.0,-1,1.0,4836,2565,0.3,8.6,1.5,1.5,2.6,245.0,23.0,100.0,100.0,249.0,22.0,210.0,23.0,130.0,33.0,224.0,26.0,,,,,,,,0.22,0.02,0.24,1.98,0.0,0.29,1.96,1.08,5.3,23,5,21.0,1.0,0.0,0.0,1.0,0.0,0.0,0.0,0.0,0.0,0.0,0.0,0.0,24.0,5319.0,2963.0,0.0,0.6499999999999999,0.0,0.6499999999999999,0.7699999999999996,36.400000000000006,0.4000000000000057,34.0,7.100000000000001,0.0,0.0,2.0,2.0
218,Ashley,Barnes,Barnes,a,,,4.2,618,86.0,1.4,159,26.0,-0.2,808.0,90.0,0,0,0.0,-3,3.0,12867,7286,0.0,0.2,-0.2,-0.2,1.0,439.0,52.0,,,482.0,59.0,460.0,57.0,397.0,54.0,464.0,54.0,,,2.0,,,,,1.1,0.0,1.1,4.1,0.0,0.0,10.0,0.0,10.0,23,0,0.0,0.0,0.0,0.0,0.0,0.0,0.0,0.0,0.0,0.0,0.0,0.0,0.0,0.0,13813.0,8308.0,0.0,0.0,0.0,0.0,0.0,0.0,0.0,0.0,0.0,0.0,0.0,0.0,0.0
219,Michael,Obafemi,Obafemi,u,has joined Blackpool on loan for the rest of the season.,,4.4,520,74.0,0.1,457,65.0,0.0,585.0,53.0,0,0,0.0,-1,1.0,0,74,0.0,0.0,0.0,0.0,0.0,651.0,65.0,0.0,0.0,642.0,65.0,639.0,64.0,613.0,64.0,643.0,65.0,,,,,,,,0.0,0.0,0.0,0.0,0.0,0.0,0.0,0.0,0.0,23,0,0.0,0.0,0.0,0.0,0.0,0.0,0.0,0.0,0.0,0.0,0.0,0.0,0.0,0.0,0.0,90.0,0.0,0.0,0.0,0.0,0.0,0.0,0.0,0.0,0.0,0.0,0.0,0.0,0.0
66,Norberto,Murara Neto,Neto,u,Has joined Botafogo permanently.,,4.5,404,21.0,0.1,555,77.0,0.0,612.0,87.0,0,0,0.0,0,0.0,0,57,0.0,0.0,0.0,0.0,0.0,674.0,90.0,0.0,0.0,669.0,90.0,664.0,83.0,640.0,71.0,670.0,90.0,,,,,,,,0.0,0.0,0.0,0.0,0.0,0.0,0.0,0.0,0.0,23,0,0.0,0.0,0.0,0.0,0.0,0.0,0.0,0.0,0.0,0.0,0.0,0.0,0.0,0.0,0.0,63.0,0.0,0.0,0.0,0.0,0.0,0.0,0.0,0.0,0.0,0.0,0.0,0.0,0.0
70,Alex,Paulsen,Paulsen,u,Has joined Lechia Gdansk on loan for the rest of the season.,,4.0,685,58.0,0.1,559,78.0,0.0,497.0,70.0,0,0,0.0,0,0.0,0,60,0.0,0.0,0.0,0.0,0.0,583.0,76.0,0.0,0.0,574.0,76.0,567.0,65.0,532.0,50.0,574.0,76.0,,,,,,,,0.0,0.0,0.0,0.0,0.0,0.0,0.0,0.0,0.0,23,0,0.0,0.0,0.0,0.0,0.0,0.0,0.0,0.0,0.0,0.0,0.0,0.0,0.0,0.0,0.0,68.0,0.0,0.0,0.0,0.0,0.0,0.0,0.0,0.0,0.0,0.0,0.0,0.0,0.0
71,Illia,Zabarnyi,Zabarnyi,u,Has joined Paris Saint-Germain permanently.,,5.0,263,42.0,0.0,659,229.0,0.0,739.0,257.0,0,0,0.0,0,0.0,0,10,0.0,0.0,0.0,0.0,0.0,770.0,260.0,0.0,0.0,770.0,260.0,768.0,260.0,760.0,259.0,769.0,260.0,,,,,,,,0.0,0.0,0.0,0.0,0.0,0.0,0.0,0.0,0.0,23,0,0.0,0.0,0.0,0.0,0.0,0.0,0.0,0.0,0.0,0.0,0.0,0.0,0.0,0.0,0.0,10.0,0.0,0.0,0.0,0.0,0.0,0.0,0.0,0.0,0.0,0.0,0.0,0.0,0.0
72,Marcos,Senesi Barón,Senesi,a,,,4.8,359,61.0,14.4,25,8.0,3.2,114.0,44.0,3,0,0.0,3,-3.0,144152,68132,0.7,19.6,3.2,2.7,4.3,47.0,20.0,100.0,100.0,2.0,1.0,80.0,20.0,193.0,45.0,34.0,1.0,,,,,,,,0.04,0.17,0.21,1.46,0.0,0.23,1.95,1.02,13.05,23,3,90.0,0.0,0.0,0.0,2.0,0.0,0.0,0.0,0.0,0.0,0.0,1.0,0.0,7.0,150131.0,81947.0,0.0,0.31999999999999995,0.14000000000000012,0.45999999999999996,0.9299999999999997,27.199999999999932,0.5999999999999659,12.0,4.0,3.0,10.0,2.0,13.0
73,Adam,Smith,Smith,a,,,4.4,510,97.0,0.2,379,138.0,0.2,364.0,136.0,1,0,0.0,-1,1.0,719,419,0.0,4.8,0.2,-0.3,1.8,344.0,133.0,100.0,100.0,364.0,139.0,355.0,126.0,362.0,126.0,383.0,137.0,,,,,,,,0.0,0.02,0.02,1.59,0.0,0.29,2.14,1.28,4.85,23,1,90.0,0.0,0.0,0.0,2.0,0.0,0.0,0.0,0.0,0.0,0.0,1.0,0.0,2.0,761.0,485.0,0.0,0.0,0.0,0.0,0.9299999999999997,11.199999999999996,0.9000000000000021,0.0,1.1999999999999993,0.0,6.0,4.0,6.0
80,Julio,Soler Barreto,Soler,i,Knock - Unknown return date,,4.0,704,189.0,0.2,358,130.0,0.0,514.0,209.0,0,0,0.0,0,0.0,40,1382,0.0,0.8,0.0,0.0,1.0,436.0,161.0,0.0,0.0,470.0,169.0,436.0,160.0,422.0,159.0,469.0,167.0,,,,,,,,0.0,0.0,0.0,4.29,0.0,0.0,5.29,0.0,2.65,23,0,0.0,0.0,0.0,0.0,0.0,0.0,0.0,0.0,0.0,0.0,0.0,0.0,0.0,0.0,49.0,1609.0,0.0,0.0,0.0,0.0,0.0,0.0,0.0,0.0,0.0,0.0,0.0,0.0,0.0
85,Tyler,Adams,Adams,i,Knee injury - Expected back 21 Feb,,4.9,300,186.0,0.3,330,112.0,0.0,709.0,297.0,0,0,0.0,-1,1.0,50,649,0.0,10.2,0.0,0.0,3.3,141.0,61.0,0.0,0.0,173.0,69.0,266.0,159.0,210.0,116.0,220.0,109.0,,,,,,,,0.04,0.02,0.06,1.34,0.0,0.3,1.73,1.13,10.99,23,0,0.0,0.0,0.0,0.0,0.0,0.0,0.0,0.0,0.0,0.0,0.0,0.0,0.0,0.0,53.0,738.0,0.0,0.0,0.0,0.0,0.0,0.0,0.0,0.0,0.0,0.0,0.0,0.0,0.0
86,David,Brooks,Brooks,d,Ankle injury - 25% chance of playing,,5.0,244,149.0,0.2,387,131.0,1.5,249.0,104.0,0,0,0.0,0,0.0,44,1884,0.3,8.6,0.4,0.0,2.3,282.0,120.0,25.0,0.0,236.0,99.0,65.0,52.0,32.0,18.0,72.0,46.0,5.0,3.0,,,,,,0.43,0.27,0.7,1.29,0.0,0.39,1.64,1.06,6.95,23,0,0.0,0.0,0.0,0.0,0.0,0.0,0.0,0.0,0.0,0.0,0.0,0.0,0.0,0.0,50.0,2342.0,0.0,0.0,0.0,0.0,0.0,0.0,0.0,0.0,0.0,0.0,0.0,0.0,0.0
90,Alex,Scott,Scott,a,,,5.0,272,165.0,0.3,294,98.0,3.8,82.0,34.0,5,0,0.0,0,0.0,13199,2160,0.8,14.2,3.8,3.3,3.1,172.0,73.0,100.0,100.0,154.0,59.0,114.0,81.0,149.0,87.0,139.0,77.0,1.0,,,,,,,0.08,0.07,0.15,1.46,0.0,0.28,1.76,1.13,11.45,23,5,90.0,0.0,1.0,0.0,2.0,0.0,0.0,0.0,0.0,0.0,0.0,1.0,0.0,22.0,13576.0,2409.0,0.0,0.1499999999999999,0.35,0.5,0.9299999999999997,22.19999999999999,11.800000000000011,7.0,4.100000000000001,1.0,2.0,5.0,8.0
91,Luis,Sinisterra Lucumí,Sinisterra,u,Has joined Cruzeiro on loan for the rest of the season.,,5.0,252,153.0,0.0,723,308.0,0.0,734.0,313.0,0,0,0.0,0,0.0,0,1,0.0,0.0,0.0,0.0,0.0,766.0,332.0,0.0,0.0,766.0,332.0,763.0,332.0,756.0,329.0,765.0,331.0,,,,,,,,0.0,0.0,0.0,0.0,0.0,0.0,0.0,0.0,0.0,23,0,0.0,0.0,0.0,0.0,0.0,0.0,0.0,0.0,0.0,0.0,0.0,0.0,0.0,0.0,0.0,2.0,0.0,0.0,0.0,0.0,0.0,0.0,0.0,0.0,0.0,0.0,0.0,0.0,0.0
93,Hamed,Traorè,H.Traorè,u,has joined Marseille on loan for the rest of the season.,,4.5,423,253.0,0.3,325,109.0,0.0,622.0,228.0,0,0,0.0,0,0.0,0,247,0.0,0.9,0.0,0.0,4.0,66.0,29.0,0.0,0.0,426.0,188.0,405.0,200.0,651.0,256.0,441.0,200.0,,,,,,,,0.0,0.0,0.0,2.25,0.0,0.0,11.25,0.0,22.5,23,0,0.0,0.0,0.0,0.0,0.0,0.0,0.0,0.0,0.0,0.0,0.0,0.0,0.0,0.0,0.0,282.0,0.0,0.0,0.0,0.0,0.0,0.0,0.0,0.0,0.0,0.0,0.0,0.0,0.0
94,Dominic,Sadi,Sadi,u,has joined Novi Pazar on loan for the rest of the season.,,4.5,461,280.0,0.0,634,254.0,0.0,648.0,252.0,0,0,0.0,0,0.0,0,21,0.0,0.0,0.0,0.0,0.0,705.0,289.0,0.0,0.0,701.0,285.0,698.0,287.0,677.0,278.0,701.0,285.0,,,,,,,,0.0,0.0,0.0,0.0,0.0,0.0,0.0,0.0,0.0,23,0,0.0,0.0,0.0,0.0,0.0,0.0,0.0,0.0,0.0,0.0,0.0,0.0,0.0,0.0,0.0,27.0,0.0,0.0,0.0,0.0,0.0,0.0,0.0,0.0,0.0,0.0,0.0,0.0,0.0
98,Enes,Ünal,Enes Ünal,a,,,5.4,162,41.0,0.0,608,80.0,0.8,308.0,38.0,1,0,0.0,-1,1.0,751,313,0.1,2.6,0.8,0.2,1.4,406.0,46.0,100.0,75.0,402.0,44.0,430.0,55.0,291.0,49.0,403.0,49.0,,,,,,,,0.77,0.04,0.81,1.52,0.0,0.0,1.61,0.0,4.02,23,1,1.0,0.0,0.0,0.0,0.0,0.0,0.0,0.0,0.0,0.0,0.0,0.0,0.0,3.0,759.0,376.0,0.0,0.0,0.0,0.0,0.0,0.0,0.0,2.0,0.1999999999999993,0.0,0.0,0.0,0.0
99,Daniel,Adu-Adjei,Adu-Adjei,u,has joined HNK Rijeka permanently.,,4.4,558,81.0,0.1,424,61.0,0.0,608.0,60.0,0,0,0.0,-1,1.0,0,115,0.0,0.0,0.0,0.0,0.0,671.0,72.0,0.0,0.0,665.0,72.0,661.0,71.0,636.0,71.0,666.0,72.0,,,,,,,,0.0,0.0,0.0,0.0,0.0,0.0,0.0,0.0,0.0,23,0,0.0,0.0,0.0,0.0,0.0,0.0,0.0,0.0,0.0,0.0,0.0,0.0,0.0,0.0,0.0,132.0,0.0,0.0,0.0,0.0,0.0,0.0,0.0,0.0,0.0,0.0,0.0,0.0,0.0
100,Junior,Kroupi,Kroupi.Jr,a,,,4.6,401,64.0,5.5,70,13.0,3.8,77.0,10.0,1,0,0.0,1,-1.0,171991,55580,0.8,12.4,3.8,3.3,3.2,150.0,12.0,,,161.0,13.0,222.0,24.0,63.0,22.0,132.0,17.0,,,,,,,,0.46,0.03,0.49,1.44,0.0,0.38,2.04,1.15,6.51,23,1,66.0,0.0,0.0,0.0,1.0,0.0,0.0,0.0,1.0,0.0,0.0,1.0,0.0,3.0,184199.0,60739.0,0.0,0.0,0.010000000000000009,0.010000000000000231,0.7400000000000002,2.1999999999999886,1.5,0.0,0.3999999999999915,0.0,3.0,1.0,4.0
391,Ben,Gannon-Doak,Gannon-Doak,i,Hamstring injury - Unknown return date,,4.8,369,230.0,0.0,631,251.0,0.0,702.0,291.0,0,0,0.0,-2,2.0,7,38,0.0,1.5,0.0,0.0,1.8,350.0,154.0,0.0,0.0,427.0,189.0,390.0,194.0,378.0,191.0,431.0,194.0,,,,,,,,0.15,0.15,0.3,4.52,0.0,0.0,1.7,0.0,5.09,23,0,0.0,0.0,0.0,0.0,0.0,0.0,0.0,0.0,0.0,0.0,0.0,0.0,0.0,0.0,9.0,49.0,0.0,0.0,0.0,0.0,0.0,0.0,0.0,0.0,0.0,0.0,0.0,0.0,0.0
685,Bafodé,Diakité,Diakité,a,,,4.2,629,148.0,0.3,314,117.0,0.5,322.0,119.0,0,-1,1.0,-3,3.0,944,1386,0.1,10.7,0.5,0.0,2.6,238.0,94.0,100.0,100.0,171.0,71.0,308.0,102.0,350.0,117.0,273.0,91.0,,,,,,,,0.0,0.01,0.01,1.57,0.0,0.28,1.91,1.06,8.27,23,0,0.0,0.0,0.0,0.0,0.0,0.0,0.0,0.0,0.0,0.0,0.0,0.0,0.0,0.0,975.0,1628.0,0.0,0.0,0.0,0.0,0.0,0.0,0.0,0.0,0.0,0.0,0.0,0.0,0.0
697,Amine,Adli,Adli,a,,,5.4,177,109.0,0.2,365,122.0,4.2,54.0,22.0,10,0,0.0,-1,1.0,21014,2146,0.8,7.0,4.2,3.7,2.0,325.0,145.0,,,253.0,108.0,226.0,138.0,131.0,76.0,237.0,117.0,,6.0,,,,,,0.21,0.07,0.28,1.47,0.0,0.15,1.81,0.75,11.76,23,10,90.0,1.0,0.0,0.0,2.0,0.0,0.0,0.0,0.0,0.0,0.0,1.0,1.0,30.0,21166.0,2183.0,0.0,0.3799999999999999,0.09999999999999998,0.4800000000000002,0.9300000000000015,48.60000000000001,5.299999999999997,47.0,10.100000000000001,3.0,5.0,8.0,16.0
27,Reiss,Nelson,Nelson,a,,,4.8,355,222.0,0.1,479,166.0,0.4,347.0,158.0,0,0,0.0,-2,2.0,150,199,0.1,1.2,0.4,0.4,1.0,466.0,216.0,100.0,100.0,433.0,194.0,431.0,208.0,368.0,186.0,440.0,199.0,,,,,,,,1.1,0.13,1.23,2.18,0.0,0.0,1.8,0.0,30.6,23,0,0.0,0.0,0.0,0.0,0.0,0.0,0.0,0.0,0.0,0.0,0.0,0.0,0.0,0.0,167.0,220.0,0.0,0.0,0.0,0.0,0.0,0.0,0.0,0.0,0.0,0.0,0.0,0.0,0.0
83,Dango,Ouattara,O.Dango,a,,,5.8,112,70.0,0.3,304,103.0,0.4,350.0,159.0,1,0,0.0,-2,2.0,1177,2877,0.1,11.4,0.4,0.4,3.9,83.0,37.0,100.0,100.0,222.0,94.0,178.0,119.0,37.0,22.0,119.0,66.0,2.0,,,,,,,0.36,0.09,0.45,1.18,0.0,0.24,1.28,0.96,8.62,23,1,53.0,0.0,0.0,0.0,1.0,0.0,0.0,0.0,0.0,0.0,0.0,0.0,0.0,1.0,2026.0,3431.0,0.0,0.94,0.41000000000000003,1.3500000000000005,0.4800000000000004,16.0,38.30000000000001,45.0,9.900000000000006,2.0,4.0,4.0,10.0
101,Caoimhín,Kelleher,Kelleher,a,,,4.6,394,19.0,9.9,43,6.0,4.6,46.0,2.0,1,0,0.0,1,-1.0,33236,51358,1.0,18.0,4.6,4.6,3.6,110.0,10.0,100.0,100.0,22.0,6.0,378.0,4.0,719.0,77.0,175.0,7.0,,,,,,,,0.0,0.0,0.0,1.35,2.65,0.22,1.39,1.0,0.0,23,1,90.0,0.0,0.0,0.0,2.0,0.0,0.0,0.0,0.0,0.0,0.0,1.0,0.0,-1.0,42950.0,55702.0,0.0,0.0,0.0,0.0,0.7800000000000011,3.7999999999999545,0.0,0.0,0.3999999999999986,0.0,0.0,5.0,0.0
102,Ellery,Balcombe,Balcombe,a,,,3.9,743,78.0,0.3,334,45.0,0.0,443.0,39.0,0,0,0.0,-1,1.0,277,406,0.0,0.0,0.0,0.0,0.0,530.0,45.0,,,521.0,45.0,512.0,32.0,475.0,17.0,521.0,45.0,,,,,,,,0.0,0.0,0.0,0.0,0.0,0.0,0.0,0.0,0.0,23,0,0.0,0.0,0.0,0.0,0.0,0.0,0.0,0.0,0.0,0.0,0.0,0.0,0.0,0.0,320.0,480.0,0.0,0.0,0.0,0.0,0.0,0.0,0.0,0.0,0.0,0.0,0.0,0.0,0.0
103,Matthew,Cox,Cox,u,has joined Shrewsbury Town on loan for the rest of the season.,,3.9,760,86.0,0.2,406,61.0,0.0,455.0,47.0,0,0,0.0,-1,1.0,0,745,0.0,0.0,0.0,0.0,0.0,542.0,53.0,0.0,0.0,533.0,53.0,524.0,40.0,487.0,25.0,533.0,53.0,,,,,,,,0.0,0.0,0.0,0.0,0.0,0.0,0.0,0.0,0.0,23,0,0.0,0.0,0.0,0.0,0.0,0.0,0.0,0.0,0.0,0.0,0.0,0.0,0.0,0.0,0.0,854.0,0.0,0.0,0.0,0.0,0.0,0.0,0.0,0.0,0.0,0.0,0.0,0.0,0.0
104,Julian,Eyestone,Eyestone,a,,,3.9,764,88.0,0.1,447,67.0,0.0,459.0,49.0,0,0,0.0,-1,1.0,86,345,0.0,0.0,0.0,0.0,0.0,546.0,55.0,,,537.0,55.0,528.0,42.0,491.0,27.0,537.0,55.0,,,,,,,,0.0,0.0,0.0,0.0,0.0,0.0,0.0,0.0,0.0,23,0,0.0,0.0,0.0,0.0,0.0,0.0,0.0,0.0,0.0,0.0,0.0,0.0,0.0,0.0,97.0,398.0,0.0,0.0,0.0,0.0,0.0,0.0,0.0,0.0,0.0,0.0,0.0,0.0,0.0
106,Nathan,Collins,Collins,a,,,5.0,257,40.0,3.8,88,31.0,6.8,4.0,2.0,1,0,0.0,0,0.0,25503,59928,1.4,18.2,6.8,6.8,4.0,69.0,29.0,,,8.0,4.0,218.0,59.0,76.0,5.0,53.0,8.0,,,,,,,,0.06,0.04,0.1,1.35,0.0,0.23,1.4,0.99,10.37,23,1,90.0,0.0,0.0,0.0,2.0,0.0,0.0,0.0,0.0,0.0,0.0,1.0,0.0,6.0,41966.0,63817.0,0.0,0.0,0.010000000000000009,0.009999999999999787,0.7800000000000011,19.200000000000045,2.5,8.0,3.0,2.0,3.0,3.0,5.0
107,Keane,Lewis-Potter,Lewis-Potter,a,,,4.9,320,53.0,2.0,132,52.0,2.8,142.0,55.0,1,0,0.0,-1,1.0,2195,43233,0.6,13.7,2.8,2.8,3.2,155.0,64.0,,,246.0,101.0,163.0,41.0,136.0,24.0,208.0,68.0,,,,,,,,0.13,0.09,0.22,1.58,0.0,0.59,1.47,0.98,3.32,23,1,9.0,0.0,0.0,0.0,0.0,0.0,0.0,0.0,0.0,0.0,0.0,0.0,0.0,2.0,3469.0,48433.0,0.0,0.0,0.0,0.0,0.0,1.0,0.5,0.0,0.20000000000000284,0.0,1.0,0.0,1.0
108,Kristoffer,Ajer,Ajer,d,Ankle injury - 75% chance of playing,,4.4,516,102.0,0.2,383,140.0,4.0,60.0,23.0,1,0,0.0,-1,1.0,283,2332,0.9,10.9,3.0,4.0,2.8,211.0,81.0,75.0,100.0,185.0,75.0,353.0,124.0,181.0,37.0,250.0,86.0,,,,,,,,0.05,0.05,0.1,1.39,0.0,0.25,1.48,1.07,9.76,23,1,36.0,0.0,0.0,0.0,1.0,0.0,0.0,0.0,0.0,0.0,0.0,1.0,0.0,-1.0,775.0,2611.0,0.0,0.0,0.0,0.0,0.29999999999999716,4.400000000000006,0.3000000000000007,4.0,0.8999999999999986,0.0,1.0,0.0,1.0
109,Rico,Henry,Henry,a,,,4.3,573,127.0,0.2,404,148.0,3.2,111.0,42.0,2,0,0.0,-2,2.0,726,929,0.7,8.6,3.2,3.2,1.9,330.0,125.0,,,333.0,128.0,338.0,116.0,346.0,116.0,366.0,130.0,,,,,,,,0.02,0.04,0.06,1.8,0.0,0.31,1.47,0.84,4.92,23,2,66.0,0.0,0.0,0.0,1.0,0.0,0.0,0.0,0.0,0.0,0.0,1.0,0.0,13.0,902.0,1039.0,0.0,0.0,0.15999999999999998,0.15999999999999998,0.389999999999997,16.599999999999994,3.8999999999999986,0.0,2.0999999999999996,2.0,6.0,3.0,8.0
110,Michael,Kayode,Kayode,a,,,4.5,491,95.0,0.7,221,85.0,2.8,140.0,54.0,1,0,0.0,0,0.0,1517,8845,0.6,14.4,2.8,2.8,2.8,213.0,83.0,,,81.0,36.0,47.0,6.0,257.0,74.0,85.0,19.0,,,,,,,,0.01,0.1,0.11,1.37,0.0,0.23,1.4,1.04,6.44,23,1,80.0,0.0,0.0,0.0,2.0,0.0,0.0,0.0,0.0,0.0,0.0,1.0,0.0,7.0,2590.0,9796.0,0.0,0.0,0.04999999999999982,0.04999999999999982,0.7799999999999976,11.0,13.799999999999955,0.0,2.5,1.0,2.0,7.0,3.0
111,Ethan,Pinnock,Pinnock,a,,,4.2,627,147.0,0.1,453,167.0,0.0,536.0,228.0,0,0,0.0,-3,3.0,272,419,0.0,1.0,0.0,0.0,1.3,409.0,151.0,100.0,100.0,369.0,142.0,447.0,164.0,375.0,135.0,412.0,149.0,,,,,,,,0.0,0.02,0.02,1.26,0.0,0.0,1.97,1.18,11.45,23,0,0.0,0.0,0.0,0.0,0.0,0.0,0.0,0.0,0.0,0.0,0.0,0.0,0.0,0.0,311.0,468.0,0.0,0.0,0.0,0.0,0.0,0.0,0.0,0.0,0.0,0.0,0.0,0.0,0.0
128,Frank,Onyeka,Onyeka,a,,,4.8,364,226.0,0.0,595,225.0,0.0,700.0,290.0,0,0,0.0,-2,2.0,90,57,0.0,2.5,0.0,0.0,2.0,319.0,140.0,100.0,100.0,414.0,185.0,392.0,195.0,416.0,206.0,433.0,195.0,,,,,,,,0.0,0.37,0.37,2.07,0.0,0.0,2.05,0.0,10.23,23,0,0.0,0.0,0.0,0.0,0.0,0.0,0.0,0.0,0.0,0.0,0.0,0.0,0.0,0.0,109.0,67.0,0.0,0.0,0.0,0.0,0.0,0.0,0.0,0.0,0.0,0.0,0.0,0.0,0.0
129,Yehor,Yarmoliuk,Yarmoliuk,a,,,5.0,274,167.0,0.1,445,152.0,4.2,52.0,21.0,3,0,0.0,0,0.0,1498,1115,0.8,14.0,4.2,4.2,3.0,190.0,81.0,100.0,100.0,150.0,56.0,128.0,92.0,203.0,111.0,158.0,88.0,,,,,,,,0.06,0.06,0.12,1.37,0.0,0.26,1.45,1.09,11.37,23,3,80.0,0.0,0.0,0.0,2.0,0.0,0.0,0.0,1.0,0.0,0.0,1.0,0.0,12.0,1991.0,1309.0,0.0,0.1299999999999999,0.07000000000000006,0.20000000000000018,0.7799999999999976,11.600000000000023,6.400000000000006,4.0,2.200000000000003,2.0,4.0,9.0,15.0
130,Romelle,Donovan,Donovan,a,,,4.4,560,335.0,0.1,480,167.0,0.2,369.0,166.0,0,0,0.0,-1,1.0,207,335,0.0,0.2,0.2,0.2,1.0,452.0,203.0,,,463.0,213.0,400.0,198.0,412.0,204.0,450.0,204.0,,,,,,,,4.5,0.9,5.4,0.0,0.0,0.0,0.0,0.0,90.0,23,0,0.0,0.0,0.0,0.0,0.0,0.0,0.0,0.0,0.0,0.0,0.0,0.0,0.0,0.0,246.0,392.0,0.0,0.0,0.0,0.0,0.0,0.0,0.0,0.0,0.0,0.0,0.0,0.0,0.0
133,Myles,Peart-Harris,Peart-Harris,u,has joined Oxford United permanently.,,4.4,534,318.0,0.0,621,242.0,0.2,366.0,163.0,0,0,0.0,-1,1.0,0,156,0.0,0.2,0.0,0.0,1.0,448.0,199.0,0.0,0.0,646.0,242.0,643.0,247.0,617.0,235.0,647.0,243.0,,,,,,,,0.0,0.0,0.0,0.0,0.0,0.0,0.0,0.0,0.0,23,0,0.0,0.0,0.0,0.0,0.0,0.0,0.0,0.0,0.0,0.0,0.0,0.0,0.0,0.0,0.0,189.0,0.0,0.0,0.0,0.0,0.0,0.0,0.0,0.0,0.0,0.0,0.0,0.0,0.0
134,Ryan,Trevitt,Trevitt,u,Has joined Wigan on loan for the rest of the season,,4.5,483,296.0,0.0,768,333.0,0.0,666.0,265.0,0,0,0.0,0,0.0,0,7,0.0,0.0,0.0,0.0,0.0,720.0,299.0,0.0,0.0,719.0,298.0,714.0,298.0,696.0,292.0,718.0,297.0,,,,,,,,0.0,0.0,0.0,0.0,0.0,0.0,0.0,0.0,0.0,23,0,0.0,0.0,0.0,0.0,0.0,0.0,0.0,0.0,0.0,0.0,0.0,0.0,0.0,0.0,0.0,7.0,0.0,0.0,0.0,0.0,0.0,0.0,0.0,0.0,0.0,0.0,0.0,0.0,0.0
136,Igor Thiago,Nascimento Rodrigues,Thiago,a,,,7.2,34,14.0,35.8,6,3.0,7.0,3.0,1.0,2,0,0.0,12,-12.0,173776,449926,1.0,17.2,7.0,7.0,5.4,9.0,2.0,100.0,100.0,4.0,2.0,125.0,6.0,2.0,2.0,3.0,2.0,,,2.0,,,,,0.61,0.04,0.65,1.39,0.0,0.23,1.4,1.02,5.31,23,2,90.0,0.0,0.0,0.0,2.0,0.0,0.0,0.0,0.0,0.0,0.0,1.0,0.0,7.0,263949.0,457376.0,0.0,0.4299999999999997,0.020000000000000018,0.45000000000000107,0.7799999999999976,3.7999999999999545,2.1999999999999886,14.0,2.0,2.0,2.0,3.0,7.0
137,Iwan,Morgan,Morgan,u,has joined Shrewsbury on loan for the rest of the season.,,4.4,546,76.0,0.3,306,50.0,0.0,598.0,55.0,0,0,0.0,-1,1.0,0,993,0.0,0.0,0.0,0.0,0.0,662.0,67.0,0.0,0.0,655.0,67.0,651.0,66.0,626.0,66.0,656.0,67.0,,,,,,,,0.0,0.0,0.0,0.0,0.0,0.0,0.0,0.0,0.0,23,0,0.0,0.0,0.0,0.0,0.0,0.0,0.0,0.0,0.0,0.0,0.0,0.0,0.0,0.0,0.0,1164.0,0.0,0.0,0.0,0.0,0.0,0.0,0.0,0.0,0.0,0.0,0.0,0.0,0.0
138,Jason,Steele,Steele,a,,,4.2,619,31.0,0.2,341,48.0,0.0,534.0,78.0,0,0,0.0,-3,3.0,264,373,0.0,0.0,0.0,0.0,0.0,618.0,84.0,,,609.0,84.0,602.0,73.0,569.0,58.0,610.0,84.0,,,,,,,,0.0,0.0,0.0,0.0,0.0,0.0,0.0,0.0,0.0,23,0,0.0,0.0,0.0,0.0,0.0,0.0,0.0,0.0,0.0,0.0,0.0,0.0,0.0,0.0,303.0,422.0,0.0,0.0,0.0,0.0,0.0,0.0,0.0,0.0,0.0,0.0,0.0,0.0,0.0
142,Kjell,Scherpen,Scherpen,u,Has joined Union SG permanently,,4.0,666,48.0,0.0,788,90.0,0.0,480.0,60.0,0,0,0.0,0,0.0,0,1,0.0,0.0,0.0,0.0,0.0,567.0,66.0,0.0,0.0,558.0,66.0,551.0,55.0,516.0,40.0,558.0,66.0,,,,,,,,0.0,0.0,0.0,0.0,0.0,0.0,0.0,0.0,0.0,23,0,0.0,0.0,0.0,0.0,0.0,0.0,0.0,0.0,0.0,0.0,0.0,0.0,0.0,0.0,0.0,1.0,0.0,0.0,0.0,0.0,0.0,0.0,0.0,0.0,0.0,0.0,0.0,0.0,0.0
143,Olivier,Boscagli,Boscagli,a,,,4.2,625,145.0,0.1,500,180.0,1.5,244.0,97.0,5,0,0.0,-3,3.0,530,187,0.4,3.6,1.5,1.5,3.0,184.0,71.0,,,363.0,138.0,340.0,118.0,374.0,134.0,382.0,136.0,,,,,,,,0.02,0.07,0.09,1.37,0.0,0.39,0.78,1.17,7.43,23,5,87.0,0.0,1.0,0.0,1.0,0.0,0.0,0.0,0.0,0.0,0.0,1.0,0.0,17.0,541.0,213.0,0.0,0.0,0.010000000000000009,0.009999999999999981,1.02,26.400000000000006,12.3,4.0,4.300000000000001,1.0,2.0,3.0,3.0
144,Diego,Coppola,Coppola,u,has joined Paris FC on loan for the rest of the season.,,4.2,639,153.0,0.1,574,208.0,0.0,546.0,232.0,0,0,0.0,-3,3.0,38,198,0.0,2.4,0.0,0.0,2.0,316.0,121.0,0.0,,396.0,152.0,433.0,159.0,423.0,160.0,429.0,156.0,,,,,,,,0.0,0.0,0.0,2.11,0.0,0.47,1.4,0.93,8.39,23,0,0.0,0.0,0.0,0.0,0.0,0.0,0.0,0.0,0.0,0.0,0.0,0.0,0.0,0.0,48.0,210.0,0.0,0.0,0.0,0.0,0.0,0.0,0.0,0.0,0.0,0.0,0.0,0.0,0.0
145,Maxim,De Cuyper,De Cuyper,a,,,4.3,582,134.0,1.9,136,55.0,0.8,304.0,114.0,1,0,0.0,-2,2.0,2096,14658,0.2,11.6,0.8,0.8,2.6,240.0,95.0,100.0,100.0,225.0,90.0,64.0,12.0,190.0,42.0,148.0,47.0,3.0,6.0,,,,,,0.12,0.18,0.3,1.73,0.0,0.28,1.57,1.11,4.05,23,1,2.0,0.0,0.0,0.0,1.0,0.0,0.0,0.0,0.0,0.0,0.0,0.0,0.0,3.0,2321.0,17244.0,0.0,0.0,0.0,0.0,0.030000000000001137,6.599999999999994,0.10000000000002274,0.0,0.7000000000000028,2.0,1.0,1.0,3.0
146,Lewis,Dunk,Dunk,a,,,4.5,405,72.0,1.0,190,75.0,3.5,98.0,37.0,3,0,0.0,0,0.0,5770,3136,0.8,11.8,3.5,3.5,2.4,268.0,106.0,100.0,100.0,58.0,27.0,235.0,67.0,192.0,44.0,141.0,45.0,,1.0,,,,,,0.04,0.02,0.06,1.43,0.0,0.19,1.4,0.98,7.44,23,3,90.0,0.0,0.0,0.0,2.0,0.0,0.0,0.0,0.0,0.0,0.0,1.0,0.0,16.0,6625.0,3667.0,0.0,0.21000000000000008,0.14999999999999997,0.3600000000000001,1.0500000000000007,36.39999999999998,13.699999999999989,32.0,8.199999999999996,1.0,10.0,4.0,11.0
147,Pervis,Estupiñán Tenorio,Estupiñan,u,Has joined AC Milan permanently,,4.5,415,78.0,0.0,729,250.0,0.0,616.0,244.0,0,0,0.0,0,0.0,0,4,0.0,0.0,0.0,0.0,0.0,678.0,251.0,0.0,0.0,673.0,251.0,669.0,251.0,645.0,249.0,674.0,251.0,,,,,,,,0.0,0.0,0.0,0.0,0.0,0.0,0.0,0.0,0.0,23,0,0.0,0.0,0.0,0.0,0.0,0.0,0.0,0.0,0.0,0.0,0.0,0.0,0.0,0.0,0.0,4.0,0.0,0.0,0.0,0.0,0.0,0.0,0.0,0.0,0.0,0.0,0.0,0.0,0.0
148,Ferdi,Kadıoğlu,F.Kadıoğlu,a,,,4.4,522,107.0,0.4,275,103.0,3.5,97.0,36.0,1,0,0.0,-1,1.0,6030,4240,0.8,13.4,3.5,3.5,2.7,225.0,87.0,,,149.0,62.0,75.0,16.0,148.0,28.0,105.0,32.0,2.0,,,,,,,0.07,0.11,0.18,1.44,0.0,0.25,1.31,0.96,4.9,23,1,90.0,0.0,0.0,0.0,2.0,0.0,0.0,0.0,0.0,0.0,0.0,1.0,0.0,6.0,7101.0,4761.0,0.0,0.31000000000000005,0.020000000000000018,0.33000000000000007,1.0499999999999972,16.80000000000001,5.300000000000011,11.0,3.299999999999997,0.0,4.0,4.0,4.0
150,Tariq,Lamptey,Lamptey,u,has joined Fiorentina permanently.,,4.4,524,109.0,0.1,498,179.0,0.0,586.0,242.0,0,0,0.0,-1,1.0,0,55,0.0,0.0,0.0,0.0,0.0,652.0,250.0,0.0,0.0,643.0,250.0,640.0,250.0,614.0,248.0,644.0,250.0,,,,,,,,0.0,0.0,0.0,0.0,0.0,0.0,0.0,0.0,0.0,23,0,0.0,0.0,0.0,0.0,0.0,0.0,0.0,0.0,0.0,0.0,0.0,0.0,0.0,0.0,0.0,63.0,0.0,0.0,0.0,0.0,0.0,0.0,0.0,0.0,0.0,0.0,0.0,0.0,0.0
154,Eiran,Cashin,Cashin,u,has joined Blackburn Rovers on loan for the rest of the season.,,4.0,669,167.0,0.0,760,257.0,0.0,483.0,191.0,0,0,0.0,0,0.0,0,0,0.0,0.0,0.0,0.0,0.0,570.0,211.0,0.0,0.0,561.0,211.0,554.0,211.0,519.0,205.0,561.0,210.0,,,,,,,,0.0,0.0,0.0,0.0,0.0,0.0,0.0,0.0,0.0,23,0,0.0,0.0,0.0,0.0,0.0,0.0,0.0,0.0,0.0,0.0,0.0,0.0,0.0,0.0,0.0,0.0,0.0,0.0,0.0,0.0,0.0,0.0,0.0,0.0,0.0,0.0,0.0,0.0,0.0
155,Jacob,Slater,Slater,u,has joined Harrogate Town on loan until January.,,4.0,709,193.0,0.1,486,176.0,0.0,519.0,213.0,0,0,0.0,0,0.0,0,71,0.0,0.0,0.0,0.0,0.0,603.0,230.0,0.0,0.0,594.0,230.0,587.0,230.0,553.0,225.0,594.0,229.0,,,,,,,,0.0,0.0,0.0,0.0,0.0,0.0,0.0,0.0,0.0,23,0,0.0,0.0,0.0,0.0,0.0,0.0,0.0,0.0,0.0,0.0,0.0,0.0,0.0,0.0,0.0,80.0,0.0,0.0,0.0,0.0,0.0,0.0,0.0,0.0,0.0,0.0,0.0,0.0,0.0
156,Charlie,Tasker,Tasker,a,,,3.8,797,253.0,0.1,413,152.0,0.0,423.0,168.0,0,0,0.0,-2,2.0,429,339,0.0,0.0,0.0,0.0,0.0,512.0,190.0,,,503.0,190.0,493.0,190.0,455.0,181.0,503.0,189.0,,,,,,,,0.0,0.0,0.0,0.0,0.0,0.0,0.0,0.0,0.0,23,0,0.0,0.0,0.0,0.0,0.0,0.0,0.0,0.0,0.0,0.0,0.0,0.0,0.0,0.0,517.0,384.0,0.0,0.0,0.0,0.0,0.0,0.0,0.0,0.0,0.0,0.0,0.0,0.0,0.0
157,Mitoma,Kaoru,Mitoma,a,,,6.1,83,55.0,2.1,126,43.0,3.8,88.0,37.0,2,0,0.0,-4,4.0,13932,10843,0.6,6.2,3.8,3.8,2.9,204.0,88.0,100.0,100.0,248.0,105.0,93.0,70.0,104.0,62.0,153.0,85.0,,,,,,,,0.16,0.15,0.31,1.33,0.0,0.2,1.17,0.98,4.58,23,2,90.0,0.0,0.0,0.0,2.0,0.0,0.0,0.0,0.0,0.0,0.0,1.0,0.0,13.0,17589.0,12410.0,0.0,0.26,0.3500000000000001,0.6100000000000003,1.0500000000000007,9.599999999999994,15.5,31.0,5.600000000000001,0.0,0.0,4.0,4.0
158,Georginio,Rutter,Georginio,a,,,5.6,132,81.0,0.4,264,89.0,3.0,130.0,53.0,1,0,0.0,-4,4.0,2102,8077,0.5,11.1,3.0,3.0,3.0,191.0,82.0,100.0,100.0,188.0,79.0,89.0,66.0,44.0,26.0,82.0,50.0,,,,,,,,0.13,0.13,0.26,1.2,0.0,0.4,0.99,1.06,6.21,23,1,2.0,0.0,0.0,0.0,1.0,0.0,0.0,0.0,0.0,0.0,0.0,0.0,0.0,1.0,3157.0,9643.0,0.0,0.0,0.0,0.0,0.030000000000001137,0.19999999999998863,0.0,0.0,0.0,0.0,0.0,0.0,0.0
159,Solly,March,March,i,Lack of match fitness - Unknown return date,,5.8,105,67.0,0.0,740,317.0,0.0,791.0,353.0,0,0,0.0,-2,2.0,26,23,0.0,0.0,0.0,0.0,0.0,796.0,354.0,0.0,25.0,796.0,354.0,796.0,354.0,794.0,353.0,796.0,354.0,,,,,,,,0.0,0.0,0.0,0.0,0.0,0.0,0.0,0.0,0.0,23,0,0.0,0.0,0.0,0.0,0.0,0.0,0.0,0.0,0.0,0.0,0.0,0.0,0.0,0.0,31.0,23.0,0.0,0.0,0.0,0.0,0.0,0.0,0.0,0.0,0.0,0.0,0.0,0.0,0.0
160,Yankuba,Minteh,Minteh,a,,,5.7,123,76.0,2.5,115,37.0,0.5,335.0,148.0,1,-1,1.0,-3,3.0,10772,44641,0.1,14.2,0.5,0.5,3.9,82.0,36.0,100.0,100.0,137.0,47.0,24.0,23.0,22.0,10.0,26.0,21.0,1.0,,,,,,,0.16,0.16,0.32,1.35,0.0,0.34,1.37,1.03,6.68,23,1,9.0,0.0,0.0,0.0,1.0,0.0,0.0,0.0,0.0,0.0,0.0,0.0,0.0,3.0,14157.0,53430.0,0.0,0.040000000000000036,0.0,0.040000000000000036,0.030000000000001137,0.0,1.0,7.0,0.7999999999999972,0.0,0.0,0.0,0.0
165,Abdallah,Sima,Sima,u,has joined Lens permanently.,,5.4,181,113.0,0.0,716,303.0,0.0,778.0,345.0,0,0,0.0,-1,1.0,0,1,0.0,0.0,0.0,0.0,0.0,789.0,349.0,0.0,0.0,789.0,349.0,788.0,349.0,784.0,348.0,789.0,349.0,,,,,,,,0.0,0.0,0.0,0.0,0.0,0.0,0.0,0.0,0.0,23,0,0.0,0.0,0.0,0.0,0.0,0.0,0.0,0.0,0.0,0.0,0.0,0.0,0.0,0.0,0.0,2.0,0.0,0.0,0.0,0.0,0.0,0.0,0.0,0.0,0.0,0.0,0.0,0.0,0.0
166,Yasin,Ayari,Ayari,a,,,4.8,370,231.0,1.0,188,62.0,7.0,2.0,1.0,11,0,0.0,-2,2.0,76117,7602,1.5,16.0,7.0,7.0,3.9,79.0,33.0,100.0,100.0,153.0,58.0,126.0,90.0,96.0,59.0,116.0,64.0,4.0,5.0,,,,,,0.14,0.05,0.19,1.31,0.0,0.28,1.12,0.95,10.68,23,11,90.0,1.0,0.0,0.0,2.0,0.0,0.0,0.0,0.0,0.0,0.0,1.0,2.0,34.0,78080.0,8365.0,0.0,0.10999999999999988,0.029999999999999916,0.14000000000000012,1.0500000000000007,43.19999999999999,9.700000000000017,18.0,7.1000000000000085,2.0,5.0,6.0,13.0
172,Tom,Watson,Watson,a,,,4.8,372,233.0,0.0,627,247.0,0.2,383.0,174.0,0,0,0.0,-2,2.0,65,102,0.0,1.0,0.2,0.2,0.8,490.0,231.0,100.0,100.0,451.0,205.0,438.0,210.0,401.0,196.0,456.0,208.0,,,,,,,,0.06,0.05,0.11,2.72,0.0,0.0,3.16,0.0,7.89,23,0,0.0,0.0,0.0,0.0,0.0,0.0,0.0,0.0,0.0,0.0,0.0,0.0,0.0,0.0,74.0,106.0,0.0,0.0,0.0,0.0,0.0,0.0,0.0,0.0,0.0,0.0,0.0,0.0,0.0
179,Evan,Ferguson,Ferguson,u,Has joined AS Roma on loan for the rest of the season,,5.5,152,38.0,0.0,738,88.0,0.0,786.0,81.0,0,0,0.0,0,0.0,0,1,0.0,0.0,0.0,0.0,0.0,794.0,86.0,0.0,0.0,794.0,86.0,793.0,86.0,790.0,86.0,794.0,86.0,,,,,,,,0.0,0.0,0.0,0.0,0.0,0.0,0.0,0.0,0.0,23,0,0.0,0.0,0.0,0.0,0.0,0.0,0.0,0.0,0.0,0.0,0.0,0.0,0.0,0.0,0.0,1.0,0.0,0.0,0.0,0.0,0.0,0.0,0.0,0.0,0.0,0.0,0.0,0.0,0.0
180,Stefanos,Tzimas,Tzimas,i,Knee injury - Expected back 01 Jun,,5.2,223,51.0,0.1,516,73.0,0.0,760.0,75.0,0,0,0.0,-3,3.0,53,125,0.0,3.1,0.0,0.0,1.8,354.0,36.0,0.0,0.0,367.0,37.0,280.0,29.0,305.0,50.0,356.0,43.0,,,,,,,,0.3,0.08,0.38,1.77,0.0,0.0,1.36,0.68,10.23,23,0,0.0,0.0,0.0,0.0,0.0,0.0,0.0,0.0,0.0,0.0,0.0,0.0,0.0,0.0,64.0,142.0,0.0,0.0,0.0,0.0,0.0,0.0,0.0,0.0,0.0,0.0,0.0,0.0,0.0
783,Pascal,Groß,Groß,a,,,5.5,135,82.0,0.0,599,229.0,1.8,228.0,95.0,2,0,0.0,0,0.0,1793,1223,0.3,1.3,1.8,1.8,1.8,357.0,157.0,,,388.0,170.0,169.0,115.0,317.0,166.0,329.0,160.0,,,,,,,,0.08,0.24,0.32,1.55,0.0,0.0,0.94,0.94,7.24,23,2,87.0,0.0,0.0,0.0,1.0,0.0,0.0,0.0,0.0,0.0,0.0,1.0,0.0,21.0,2404.0,1330.0,0.0,0.01999999999999999,0.4,0.42000000000000004,1.0200000000000005,18.2,95.39999999999999,5.0,11.9,0.0,2.0,3.0,5.0
225,Reece,James,James,a,,,5.7,118,12.0,11.5,37,13.0,3.8,85.0,31.0,6,0,0.0,2,-2.0,131873,36943,0.7,16.8,3.8,3.8,4.4,41.0,18.0,100.0,100.0,71.0,32.0,34.0,2.0,235.0,64.0,66.0,12.0,2.0,2.0,,,,,,0.05,0.14,0.19,1.43,0.0,0.41,0.94,0.94,6.2,23,6,80.0,0.0,0.0,1.0,0.0,0.0,0.0,0.0,0.0,0.0,0.0,1.0,0.0,26.0,144438.0,41464.0,0.0,0.0,0.14000000000000012,0.14000000000000012,0.8200000000000003,17.600000000000023,20.100000000000023,2.0,4.0,1.0,4.0,2.0,5.0
226,Trevoh,Chalobah,Chalobah,a,,,5.7,115,11.0,22.7,16,5.0,4.8,42.0,17.0,4,1,-1.0,7,-7.0,400261,60262,0.8,20.0,4.8,4.8,5.2,12.0,5.0,100.0,100.0,18.0,7.0,251.0,75.0,151.0,29.0,91.0,23.0,,,,,,,,0.05,0.03,0.08,1.33,0.0,0.42,1.12,1.03,8.95,23,4,90.0,0.0,0.0,0.0,1.0,0.0,0.0,0.0,0.0,0.0,0.0,1.0,0.0,16.0,457034.0,66789.0,0.0,0.0,0.0,0.0,1.7699999999999996,28.0,0.09999999999999432,0.0,2.799999999999997,2.0,11.0,4.0,13.0
227,Levi,Samuels Colwill,Colwill,i,Anterior cruciate ligament - Unknown return date,,4.7,386,66.0,0.1,462,171.0,0.0,694.0,251.0,0,0,0.0,-3,3.0,44,73,0.0,0.0,0.0,0.0,0.0,742.0,257.0,0.0,0.0,742.0,257.0,737.0,257.0,723.0,256.0,741.0,257.0,,,,,,,,0.0,0.0,0.0,0.0,0.0,0.0,0.0,0.0,0.0,23,0,0.0,0.0,0.0,0.0,0.0,0.0,0.0,0.0,0.0,0.0,0.0,0.0,0.0,0.0,53.0,85.0,0.0,0.0,0.0,0.0,0.0,0.0,0.0,0.0,0.0,0.0,0.0,0.0,0.0
228,Malo,Gusto,Gusto,a,,,4.9,334,55.0,1.9,133,53.0,1.2,268.0,103.0,1,0,0.0,-1,1.0,11197,17203,0.2,15.1,1.2,1.2,3.7,100.0,35.0,100.0,100.0,157.0,65.0,120.0,30.0,191.0,43.0,155.0,49.0,,,,,,,,0.09,0.06,0.15,1.62,0.0,0.44,1.1,0.95,5.55,23,1,16.0,0.0,0.0,0.0,1.0,0.0,0.0,0.0,0.0,0.0,0.0,0.0,0.0,9.0,12641.0,19352.0,0.0,0.0,0.0,0.0,1.0899999999999999,8.0,3.4000000000000057,0.0,1.1000000000000014,0.0,3.0,0.0,3.0
229,Benoît,Badiashile Mukinayi,B.Badiashile,a,,,4.4,527,112.0,0.0,581,210.0,1.5,245.0,98.0,4,0,0.0,-1,1.0,3527,624,0.3,1.6,1.5,1.5,1.0,446.0,165.0,100.0,100.0,344.0,132.0,419.0,153.0,426.0,161.0,404.0,146.0,,,,,,,,0.0,0.01,0.01,1.46,0.0,0.0,1.69,1.06,8.68,23,4,90.0,0.0,0.0,0.0,1.0,0.0,0.0,0.0,0.0,0.0,0.0,1.0,0.0,12.0,3569.0,660.0,0.0,0.0,0.010000000000000002,0.010000000000000002,1.7700000000000005,22.60000000000001,0.8999999999999995,2.0,2.5999999999999996,3.0,11.0,4.0,14.0
230,Wesley,Fofana,Fofana,a,,,4.4,532,115.0,0.4,278,106.0,0.2,365.0,137.0,1,0,0.0,-1,1.0,2376,6036,0.0,9.5,0.2,0.2,3.5,121.0,44.0,100.0,100.0,181.0,73.0,385.0,140.0,353.0,120.0,298.0,100.0,,,,,,,,0.03,0.01,0.04,1.49,0.0,0.45,1.0,1.0,12.84,23,1,17.0,0.0,0.0,0.0,1.0,0.0,0.0,0.0,0.0,0.0,0.0,0.0,0.0,2.0,2979.0,7002.0,0.0,0.0,0.0,0.0,1.0899999999999999,11.599999999999994,0.6000000000000014,0.0,1.1999999999999993,0.0,6.0,1.0,6.0
231,Mamadou,Sarr,M.Sarr,u,Has joined RC Strasbourg on loan for the rest of the season.,,4.5,472,94.0,0.0,744,253.0,0.0,657.0,250.0,0,0,0.0,0,0.0,0,5,0.0,0.0,0.0,0.0,0.0,712.0,256.0,0.0,0.0,710.0,256.0,706.0,256.0,687.0,255.0,710.0,256.0,,,,,,,,0.0,0.0,0.0,0.0,0.0,0.0,0.0,0.0,0.0,23,0,0.0,0.0,0.0,0.0,0.0,0.0,0.0,0.0,0.0,0.0,0.0,0.0,0.0,0.0,0.0,5.0,0.0,0.0,0.0,0.0,0.0,0.0,0.0,0.0,0.0,0.0,0.0,0.0,0.0
232,Tosin,Adarabioyo,Tosin,i,Hamstring injury - Unknown return date,,4.0,655,160.0,0.3,331,121.0,0.8,297.0,107.0,0,0,0.0,-5,5.0,35,1974,0.2,7.5,0.0,0.0,2.7,224.0,86.0,0.0,0.0,205.0,83.0,350.0,122.0,360.0,124.0,309.0,105.0,,,,,,,,0.01,0.05,0.06,1.4,0.0,0.26,1.41,0.89,11.12,23,0,0.0,0.0,0.0,0.0,0.0,0.0,0.0,0.0,0.0,0.0,0.0,0.0,0.0,0.0,44.0,2419.0,0.0,0.0,0.0,0.0,0.0,0.0,0.0,0.0,0.0,0.0,0.0,0.0,0.0
233,Josh,Acheampong,Acheampong,a,,,3.8,801,257.0,1.2,172,65.0,1.0,281.0,104.0,0,0,0.0,-2,2.0,3560,7729,0.3,8.2,1.0,1.0,3.4,124.0,46.0,100.0,100.0,313.0,121.0,364.0,131.0,268.0,77.0,345.0,120.0,,,,,,,,0.11,0.02,0.13,2.27,0.0,0.38,1.71,1.14,6.09,23,0,0.0,0.0,0.0,0.0,0.0,0.0,0.0,0.0,0.0,0.0,0.0,0.0,0.0,0.0,4177.0,8746.0,0.0,0.0,0.0,0.0,0.0,0.0,0.0,0.0,0.0,0.0,0.0,0.0,0.0
239,Jamie,Bynoe-Gittens,Gittens,a,,,6.0,88,56.0,0.1,455,154.0,0.2,398.0,183.0,1,0,0.0,-5,5.0,278,266,0.0,4.0,0.2,0.2,1.6,382.0,170.0,100.0,100.0,329.0,144.0,181.0,120.0,228.0,125.0,288.0,140.0,,,,,,,,0.16,0.18,0.34,1.7,0.0,0.2,1.17,0.78,5.66,23,1,16.0,0.0,0.0,0.0,1.0,0.0,0.0,0.0,0.0,0.0,0.0,0.0,0.0,2.0,312.0,291.0,0.0,0.0,0.0,0.0,1.089999999999999,0.0,0.5,0.0,0.10000000000000142,0.0,0.0,0.0,0.0
240,Christopher,Nkunku,Nkunku,u,has joined AC Milan permanently.,,5.9,97,62.0,0.1,506,179.0,0.0,793.0,355.0,0,0,0.0,-1,1.0,0,23,0.0,0.0,0.0,0.0,0.0,797.0,355.0,0.0,0.0,797.0,355.0,797.0,355.0,797.0,355.0,797.0,355.0,,,,,,,,0.0,0.0,0.0,0.0,0.0,0.0,0.0,0.0,0.0,23,0,0.0,0.0,0.0,0.0,0.0,0.0,0.0,0.0,0.0,0.0,0.0,0.0,0.0,0.0,0.0,23.0,0.0,0.0,0.0,0.0,0.0,0.0,0.0,0.0,0.0,0.0,0.0,0.0,0.0
241,Moisés,Caicedo Corozo,Caicedo,a,,,5.7,121,75.0,8.0,51,18.0,2.8,147.0,60.0,2,0,0.0,2,-2.0,30572,27307,0.5,13.3,2.8,2.8,4.2,57.0,23.0,100.0,100.0,77.0,23.0,122.0,87.0,236.0,128.0,121.0,67.0,,,,,,,,0.06,0.06,0.12,1.41,0.0,0.36,1.2,1.02,13.05,23,2,72.0,0.0,0.0,1.0,0.0,0.0,0.0,0.0,1.0,0.0,0.0,1.0,0.0,15.0,36963.0,29391.0,0.0,0.04999999999999993,0.010000000000000009,0.06000000000000005,0.6799999999999997,1.3999999999999773,5.799999999999983,1.0,0.7999999999999972,2.0,1.0,4.0,7.0
244,Roméo,Lavia,Lavia,i,Thigh injury - Unknown return date,,4.9,339,209.0,0.0,689,289.0,0.0,725.0,307.0,0,0,0.0,-1,1.0,9,18,0.0,0.8,0.0,0.0,1.0,472.0,220.0,0.0,0.0,442.0,198.0,417.0,203.0,432.0,214.0,451.0,205.0,,,,,,,,0.0,0.04,0.04,2.39,0.0,0.0,2.57,0.86,9.43,23,0,0.0,0.0,0.0,0.0,0.0,0.0,0.0,0.0,0.0,0.0,0.0,0.0,0.0,0.0,9.0,23.0,0.0,0.0,0.0,0.0,0.0,0.0,0.0,0.0,0.0,0.0,0.0,0.0,0.0
248,Kendry,Páez Andrade,Paez,u,Has joined RC Strasbourg on loan for the rest of the season.,,4.5,493,303.0,0.0,765,331.0,0.0,674.0,271.0,0,0,0.0,0,0.0,0,0,0.0,0.0,0.0,0.0,0.0,727.0,304.0,0.0,0.0,727.0,304.0,722.0,304.0,704.0,298.0,726.0,303.0,,,,,,,,0.0,0.0,0.0,0.0,0.0,0.0,0.0,0.0,0.0,23,0,0.0,0.0,0.0,0.0,0.0,0.0,0.0,0.0,0.0,0.0,0.0,0.0,0.0,0.0,0.0,0.0,0.0,0.0,0.0,0.0,0.0,0.0,0.0,0.0,0.0,0.0,0.0,0.0,0.0
249,João Pedro,Junqueira de Jesus,João Pedro,a,,,7.3,29,10.0,35.9,5,2.0,5.8,19.0,5.0,12,2,-2.0,-2,2.0,1134620,46221,0.8,14.2,5.8,5.8,4.5,34.0,4.0,,,45.0,4.0,44.0,1.0,15.0,9.0,17.0,4.0,,,,,,,,0.39,0.07,0.46,1.26,0.0,0.48,0.91,1.07,5.26,23,12,84.0,1.0,1.0,1.0,0.0,0.0,0.0,0.0,0.0,0.0,0.0,1.0,3.0,47.0,1166816.0,54175.0,0.0,0.6500000000000004,0.009999999999999787,0.6600000000000001,0.8200000000000003,48.0,13.399999999999977,27.0,8.800000000000011,1.0,2.0,1.0,4.0
250,Liam,Delap,Delap,a,,,6.2,76,25.0,1.0,189,30.0,3.0,133.0,16.0,1,0,0.0,-3,3.0,4901,4342,0.5,4.2,3.0,3.0,1.9,340.0,35.0,100.0,100.0,383.0,40.0,321.0,35.0,82.0,24.0,285.0,34.0,,,,,,,,0.38,0.03,0.41,1.36,0.0,0.3,1.52,1.22,3.19,23,1,5.0,0.0,0.0,0.0,1.0,0.0,0.0,0.0,0.0,0.0,0.0,0.0,0.0,2.0,5609.0,4572.0,0.0,0.0,0.0,0.0,0.9500000000000002,2.0,0.6000000000000014,0.0,0.3000000000000007,0.0,1.0,1.0,2.0
251,Nicolas,Jackson,N.Jackson,u,has joined Bayern Munich on loan for the rest of the season.,,6.5,55,19.0,0.1,519,74.0,0.0,800.0,86.0,0,0,0.0,0,0.0,0,17,0.0,0.0,0.0,0.0,0.0,804.0,90.0,0.0,0.0,804.0,90.0,804.0,90.0,804.0,90.0,804.0,90.0,,,,,,,,0.0,0.0,0.0,0.0,0.0,0.0,0.0,0.0,0.0,23,0,0.0,0.0,0.0,0.0,0.0,0.0,0.0,0.0,0.0,0.0,0.0,0.0,0.0,0.0,0.0,20.0,0.0,0.0,0.0,0.0,0.0,0.0,0.0,0.0,0.0,0.0,0.0,0.0,0.0
252,Marc,Guiu Paz,Marc Guiu,a,,,4.2,635,87.0,6.3,59,11.0,0.0,542.0,46.0,0,0,0.0,-3,3.0,14330,47995,0.0,2.9,0.0,0.0,1.3,410.0,48.0,100.0,100.0,420.0,46.0,337.0,41.0,241.0,45.0,377.0,45.0,,,,,,,,0.53,0.11,0.64,2.06,0.0,0.0,0.73,0.36,2.55,23,0,0.0,0.0,0.0,0.0,0.0,0.0,0.0,0.0,0.0,0.0,0.0,0.0,0.0,0.0,16318.0,54790.0,0.0,0.0,0.0,0.0,0.0,0.0,0.0,0.0,0.0,0.0,0.0,0.0,0.0
453,Alejandro,Garnacho Ferreyra,Garnacho,a,,,6.4,61,40.0,0.5,245,83.0,0.2,400.0,184.0,0,0,0.0,-1,1.0,4218,8099,0.0,6.2,0.2,0.2,2.9,205.0,89.0,,,284.0,127.0,99.0,74.0,68.0,44.0,146.0,80.0,,,,,,,,0.27,0.28,0.55,1.69,0.0,0.44,1.1,1.21,4.75,23,0,0.0,0.0,0.0,0.0,0.0,0.0,0.0,0.0,0.0,0.0,0.0,0.0,0.0,0.0,5940.0,9463.0,0.0,0.0,0.0,0.0,0.0,0.0,0.0,0.0,0.0,0.0,0.0,0.0,0.0
672,Jorrel,Hato,Hato,a,,,4.6,400,71.0,0.2,397,145.0,1.0,284.0,106.0,1,0,0.0,-4,4.0,398,334,0.2,1.5,1.0,1.0,0.9,486.0,169.0,100.0,100.0,384.0,148.0,357.0,127.0,367.0,130.0,395.0,141.0,,,,,,,,0.07,0.02,0.09,1.49,0.0,0.0,1.67,0.67,8.33,23,1,9.0,0.0,0.0,0.0,1.0,0.0,0.0,0.0,0.0,0.0,0.0,0.0,0.0,0.0,448.0,386.0,0.0,0.0,0.0,0.0,0.9499999999999997,5.600000000000001,0.10000000000000142,0.0,0.6000000000000014,0.0,4.0,0.0,4.0
789,Max,Merrick,Merrick,a,,,4.0,694,62.0,0.0,771,87.0,0.0,504.0,74.0,0,0,0.0,0,0.0,39,33,0.0,0.0,0.0,0.0,0.0,590.0,80.0,,,581.0,80.0,574.0,69.0,539.0,54.0,581.0,80.0,,,,,,,,0.0,0.0,0.0,0.0,0.0,0.0,0.0,0.0,0.0,23,0,0.0,0.0,0.0,0.0,0.0,0.0,0.0,0.0,0.0,0.0,0.0,0.0,0.0,0.0,48.0,52.0,0.0,0.0,0.0,0.0,0.0,0.0,0.0,0.0,0.0,0.0,0.0,0.0,0.0
803,Teddy,Sharman-Lowe,Sharman-Lowe,a,,,4.0,688,59.0,0.0,806,93.0,0.0,500.0,71.0,0,0,0.0,0,0.0,30,5,0.0,0.0,1.4,1.4,0.0,586.0,77.0,,,577.0,77.0,570.0,66.0,535.0,51.0,577.0,77.0,,,,,,,,0.0,0.0,0.0,0.0,0.0,0.0,0.0,0.0,0.0,23,0,0.0,0.0,0.0,0.0,0.0,0.0,0.0,0.0,0.0,0.0,0.0,0.0,0.0,0.0,30.0,5.0,0.0,0.0,0.0,0.0,0.0,0.0,0.0,0.0,0.0,0.0,0.0,0.0,0.0
253,Dean,Henderson,Henderson,a,,,5.0,245,8.0,7.4,54,8.0,3.0,125.0,13.0,1,0,0.0,0,0.0,6982,37816,0.6,16.4,3.0,3.0,3.6,114.0,11.0,,,32.0,9.0,410.0,11.0,754.0,86.0,186.0,8.0,,,,,,,,0.0,0.0,0.0,1.39,2.78,0.35,1.22,1.0,0.0,23,1,90.0,0.0,0.0,0.0,3.0,0.0,0.0,0.0,0.0,0.0,2.0,1.0,0.0,3.0,7500.0,43787.0,0.0,0.0,0.0,0.0,2.1999999999999993,16.0,0.0,0.0,1.6000000000000014,0.0,2.0,10.0,0.0
254,Walter,Benítez,Benitez,a,,,4.0,657,45.0,0.3,316,43.0,0.0,473.0,58.0,0,0,0.0,0,0.0,411,441,0.0,0.0,0.0,0.0,0.0,560.0,64.0,100.0,100.0,551.0,64.0,543.0,52.0,507.0,37.0,551.0,64.0,,,,,,,,0.0,0.0,0.0,0.0,0.0,0.0,0.0,0.0,0.0,23,0,0.0,0.0,0.0,0.0,0.0,0.0,0.0,0.0,0.0,0.0,0.0,0.0,0.0,0.0,458.0,492.0,0.0,0.0,0.0,0.0,0.0,0.0,0.0,0.0,0.0,0.0,0.0,0.0,0.0
255,Remi,Matthews,Matthews,a,,,3.9,737,75.0,0.1,466,71.0,0.0,440.0,36.0,0,0,0.0,-1,1.0,123,154,0.0,0.0,0.0,0.0,0.0,527.0,42.0,,,518.0,42.0,509.0,29.0,472.0,14.0,518.0,42.0,,,,,,,,0.0,0.0,0.0,0.0,0.0,0.0,0.0,0.0,0.0,23,0,0.0,0.0,0.0,0.0,0.0,0.0,0.0,0.0,0.0,0.0,0.0,0.0,0.0,0.0,144.0,176.0,0.0,0.0,0.0,0.0,0.0,0.0,0.0,0.0,0.0,0.0,0.0,0.0,0.0
256,Daniel,Muñoz Mejía,Muñoz,a,,,5.8,108,9.0,6.4,57,19.0,0.2,397.0,147.0,1,0,0.0,3,-3.0,93226,28966,0.0,15.5,0.2,0.2,6.0,4.0,2.0,100.0,75.0,100.0,44.0,179.0,46.0,73.0,4.0,110.0,35.0,,,,,,,,0.12,0.14,0.26,1.28,0.0,0.47,0.94,1.01,7.21,23,1,75.0,0.0,0.0,0.0,3.0,0.0,0.0,0.0,0.0,0.0,0.0,1.0,0.0,3.0,94473.0,31544.0,0.0,0.0,0.019999999999999796,0.020000000000000018,2.200000000000003,10.800000000000011,4.599999999999994,0.0,1.5,2.0,4.0,2.0,6.0
257,Maxence,Lacroix,Lacroix,a,,,5.1,233,33.0,5.7,66,21.0,3.0,128.0,49.0,1,0,0.0,1,-1.0,27960,55785,0.6,19.6,3.0,3.0,4.3,50.0,22.0,,,23.0,9.0,269.0,83.0,155.0,31.0,100.0,29.0,,,,,,,,0.06,0.03,0.09,1.39,0.0,0.35,1.22,1.0,10.52,23,1,90.0,0.0,0.0,0.0,3.0,0.0,0.0,0.0,0.0,0.0,0.0,1.0,0.0,11.0,32755.0,63390.0,0.0,0.15000000000000013,0.0,0.1499999999999999,2.1999999999999993,19.599999999999966,0.5,33.0,5.300000000000011,2.0,6.0,2.0,8.0
258,Tyrick,Mitchell,Mitchell,a,,,5.0,254,39.0,2.0,129,49.0,2.4,169.0,63.0,1,0,0.0,0,0.0,4069,13269,0.5,17.0,2.4,2.4,3.7,102.0,36.0,,,66.0,29.0,74.0,15.0,153.0,30.0,76.0,18.0,,,,,,,,0.04,0.06,0.1,1.41,0.0,0.35,1.24,1.02,7.24,23,1,64.0,0.0,0.0,0.0,3.0,0.0,0.0,0.0,0.0,0.0,0.0,1.0,0.0,1.0,4602.0,15821.0,0.0,0.0,0.040000000000000036,0.040000000000000036,2.1999999999999993,20.399999999999977,14.399999999999977,0.0,3.5,2.0,6.0,2.0,8.0
259,Borna,Sosa,Sosa,i,Muscle injury - Expected back 08 Feb,,4.8,358,60.0,0.1,450,165.0,0.6,311.0,115.0,1,0,0.0,-2,2.0,181,371,0.1,1.0,0.0,0.6,1.0,467.0,167.0,0.0,100.0,437.0,163.0,394.0,145.0,415.0,155.0,445.0,162.0,,,,,,,,0.0,0.1,0.1,1.41,0.0,0.0,1.7,0.0,11.89,23,1,25.0,0.0,0.0,0.0,0.0,0.0,0.0,0.0,0.0,0.0,0.0,0.0,0.0,4.0,204.0,394.0,0.0,0.0,0.0,0.0,0.0,6.4,1.299999999999999,0.0,0.8000000000000003,2.0,2.0,0.0,4.0
261,Chris,Richards,Richards,a,,,4.4,529,114.0,2.0,130,50.0,1.8,217.0,85.0,7,0,0.0,-1,1.0,34580,17822,0.4,19.1,1.8,1.8,4.4,35.0,15.0,100.0,100.0,47.0,20.0,264.0,80.0,217.0,55.0,140.0,44.0,,,,,,,,0.04,0.06,0.1,1.34,0.0,0.37,1.27,1.0,10.68,23,7,90.0,1.0,0.0,0.0,3.0,0.0,0.0,0.0,0.0,0.0,0.0,1.0,0.0,18.0,35684.0,20339.0,0.0,0.38999999999999996,0.020000000000000018,0.4099999999999997,2.1999999999999993,47.0,4.599999999999994,37.0,8.899999999999999,2.0,3.0,6.0,5.0
262,Chadi,Riad Dnanou,Chadi Riad,a,,,4.0,692,180.0,0.0,660,230.0,0.8,299.0,109.0,4,0,0.0,0,0.0,604,115,0.2,1.0,0.8,0.8,4.0,64.0,27.0,100.0,100.0,424.0,160.0,402.0,148.0,387.0,143.0,436.0,158.0,,,,,,,,0.58,0.0,0.58,0.0,0.0,0.0,0.0,0.0,0.0,23,4,14.0,0.0,1.0,0.0,0.0,0.0,0.0,0.0,0.0,0.0,0.0,0.0,0.0,15.0,621.0,122.0,0.0,0.09,0.0,0.09,0.0,21.8,10.2,8.0,4.0,0.0,0.0,1.0,0.0
263,Nathaniel,Clyne,Clyne,a,,,3.8,773,230.0,0.6,236,88.0,1.6,233.0,92.0,0,0,0.0,-2,2.0,1737,4461,0.4,3.7,1.6,1.6,2.0,314.0,119.0,100.0,100.0,355.0,135.0,322.0,108.0,331.0,107.0,367.0,131.0,,,,,,,,0.09,0.12,0.21,1.24,0.0,0.0,1.72,1.29,7.32,23,0,0.0,0.0,0.0,0.0,0.0,0.0,0.0,0.0,0.0,0.0,0.0,0.0,0.0,0.0,2003.0,5046.0,0.0,0.0,0.0,0.0,0.0,0.0,0.0,0.0,0.0,0.0,0.0,0.0,0.0
264,Rob,Holding,Holding,u,Has joined Colorado Rapids permanently.,,4.0,658,161.0,0.0,681,236.0,0.0,474.0,186.0,0,0,0.0,0,0.0,0,12,0.0,0.0,0.0,0.0,0.0,561.0,206.0,0.0,0.0,552.0,206.0,544.0,206.0,508.0,199.0,552.0,205.0,,,,,,,,0.0,0.0,0.0,0.0,0.0,0.0,0.0,0.0,0.0,23,0,0.0,0.0,0.0,0.0,0.0,0.0,0.0,0.0,0.0,0.0,0.0,0.0,0.0,0.0,0.0,13.0,0.0,0.0,0.0,0.0,0.0,0.0,0.0,0.0,0.0,0.0,0.0,0.0,0.0
265,Caleb,Kporha,Kporha,i,Back injury - Unknown return date,,4.0,710,194.0,0.0,712,244.0,0.0,520.0,214.0,0,0,0.0,0,0.0,31,21,0.0,0.0,0.0,0.0,0.0,604.0,231.0,0.0,0.0,595.0,231.0,588.0,231.0,554.0,226.0,595.0,230.0,,,,,,,,0.0,0.0,0.0,0.0,0.0,0.0,0.0,0.0,0.0,23,0,0.0,0.0,0.0,0.0,0.0,0.0,0.0,0.0,0.0,0.0,0.0,0.0,0.0,0.0,37.0,25.0,0.0,0.0,0.0,0.0,0.0,0.0,0.0,0.0,0.0,0.0,0.0,0.0,0.0
267,Ismaïla,Sarr,Sarr,a,,,6.3,68,46.0,2.1,127,44.0,0.4,353.0,161.0,2,0,0.0,-2,2.0,12649,5176,0.1,8.6,0.4,0.4,4.2,58.0,24.0,100.0,100.0,210.0,88.0,139.0,98.0,74.0,47.0,144.0,78.0,,,,,,,,0.37,0.05,0.42,1.35,0.0,0.49,0.98,1.06,6.39,23,2,90.0,0.0,0.0,0.0,3.0,0.0,0.0,0.0,0.0,0.0,0.0,1.0,0.0,9.0,14286.0,5618.0,0.0,0.39999999999999947,0.019999999999999907,0.41999999999999993,2.1999999999999993,11.199999999999989,26.299999999999983,25.0,6.300000000000004,1.0,2.0,2.0,5.0
268,Cheick,Doucouré,Doucouré,i,Knee injury - Unknown return date,,4.9,326,201.0,0.0,777,340.0,0.0,719.0,303.0,0,0,0.0,-1,1.0,10,5,0.0,0.0,0.0,0.0,0.0,757.0,326.0,0.0,0.0,757.0,326.0,753.0,326.0,744.0,323.0,756.0,325.0,,,,,,,,0.0,0.0,0.0,0.0,0.0,0.0,0.0,0.0,0.0,23,0,0.0,0.0,0.0,0.0,0.0,0.0,0.0,0.0,0.0,0.0,0.0,0.0,0.0,0.0,13.0,6.0,0.0,0.0,0.0,0.0,0.0,0.0,0.0,0.0,0.0,0.0,0.0,0.0,0.0
269,Romain,Esse,Esse,u,has joined Coventry City on loan for the rest of the season.,,4.7,391,245.0,0.1,442,149.0,0.4,346.0,157.0,0,0,0.0,-3,3.0,0,367,0.1,0.9,0.0,0.0,1.0,465.0,215.0,0.0,0.0,448.0,203.0,435.0,209.0,405.0,199.0,458.0,210.0,,,,,,,,0.0,0.09,0.09,3.92,0.0,0.0,0.0,0.0,11.25,23,0,0.0,0.0,0.0,0.0,0.0,0.0,0.0,0.0,0.0,0.0,0.0,0.0,0.0,0.0,0.0,413.0,0.0,0.0,0.0,0.0,0.0,0.0,0.0,0.0,0.0,0.0,0.0,0.0,0.0
271,Daichi,Kamada,Kamada,i,Hamstring injury - Expected back 08 Feb,,5.0,249,151.0,0.1,524,187.0,0.0,733.0,312.0,0,0,0.0,0,0.0,14,245,0.0,9.0,0.0,0.0,3.2,156.0,64.0,0.0,0.0,277.0,123.0,152.0,104.0,198.0,108.0,236.0,116.0,2.0,,,,,,,0.07,0.12,0.19,1.1,0.0,0.46,0.85,1.08,9.73,23,0,0.0,0.0,0.0,0.0,0.0,0.0,0.0,0.0,0.0,0.0,0.0,0.0,0.0,0.0,15.0,282.0,0.0,0.0,0.0,0.0,0.0,0.0,0.0,0.0,0.0,0.0,0.0,0.0,0.0
279,Matheus,França de Oliveira,M.França,u,Has joined CR Vasco da Gama on loan for the rest of the season.,,4.5,458,277.0,0.0,749,321.0,0.0,646.0,250.0,0,0,0.0,0,0.0,0,0,0.0,0.0,0.0,0.0,0.0,703.0,287.0,0.0,0.0,699.0,283.0,696.0,285.0,675.0,276.0,699.0,283.0,,,,,,,,0.0,0.0,0.0,0.0,0.0,0.0,0.0,0.0,0.0,23,0,0.0,0.0,0.0,0.0,0.0,0.0,0.0,0.0,0.0,0.0,0.0,0.0,0.0,0.0,0.0,1.0,0.0,0.0,0.0,0.0,0.0,0.0,0.0,0.0,0.0,0.0,0.0,0.0,0.0
280,David,Ozoh,Ozoh,u,Has joined Derby County on loan for the rest of the season.,,4.5,454,273.0,0.0,798,354.0,0.0,644.0,248.0,0,0,0.0,0,0.0,0,0,0.0,0.0,0.0,0.0,0.0,701.0,285.0,0.0,0.0,697.0,281.0,694.0,283.0,673.0,274.0,697.0,281.0,,,,,,,,0.0,0.0,0.0,0.0,0.0,0.0,0.0,0.0,0.0,23,0,0.0,0.0,0.0,0.0,0.0,0.0,0.0,0.0,0.0,0.0,0.0,0.0,0.0,0.0,0.0,0.0,0.0,0.0,0.0,0.0,0.0,0.0,0.0,0.0,0.0,0.0,0.0,0.0,0.0
281,Kaden,Rodney,Rodney,a,,,4.4,545,327.0,0.0,589,221.0,0.2,367.0,164.0,0,0,0.0,-1,1.0,110,132,0.0,0.2,0.2,0.2,1.0,449.0,200.0,,,654.0,250.0,469.0,227.0,625.0,243.0,655.0,251.0,,,,,,,,0.0,0.0,0.0,19.5,0.0,0.0,0.0,0.0,0.0,23,0,0.0,0.0,0.0,0.0,0.0,0.0,0.0,0.0,0.0,0.0,0.0,0.0,0.0,0.0,127.0,148.0,0.0,0.0,0.0,0.0,0.0,0.0,0.0,0.0,0.0,0.0,0.0,0.0,0.0
284,Eddie,Nketiah,Nketiah,i,Hamstring injury - Unknown return date,,5.4,167,42.0,0.3,300,49.0,0.0,771.0,78.0,0,0,0.0,-1,1.0,86,2633,0.0,4.3,0.0,0.0,1.9,338.0,34.0,0.0,0.0,299.0,29.0,247.0,26.0,119.0,30.0,259.0,30.0,,,,,,,,0.38,0.1,0.48,2.06,0.0,0.0,2.61,0.43,8.26,23,0,0.0,0.0,0.0,0.0,0.0,0.0,0.0,0.0,0.0,0.0,0.0,0.0,0.0,0.0,99.0,3156.0,0.0,0.0,0.0,0.0,0.0,0.0,0.0,0.0,0.0,0.0,0.0,0.0,0.0
285,Odsonne,Édouard,Édouard,u,has joined RC Lens permanently.,,5.0,247,53.0,0.2,361,58.0,0.0,732.0,73.0,0,0,0.0,0,0.0,0,105,0.0,0.2,0.0,0.0,1.0,474.0,56.0,0.0,0.0,469.0,54.0,762.0,83.0,755.0,83.0,484.0,59.0,,,,,,,,0.0,0.0,0.0,12.15,0.0,0.0,0.0,0.0,45.0,23,0,0.0,0.0,0.0,0.0,0.0,0.0,0.0,0.0,0.0,0.0,0.0,0.0,0.0,0.0,0.0,120.0,0.0,0.0,0.0,0.0,0.0,0.0,0.0,0.0,0.0,0.0,0.0,0.0,0.0
286,Zach,Marsh,Marsh,a,,,4.4,552,79.0,0.3,313,51.0,0.0,604.0,58.0,0,0,0.0,-1,1.0,860,882,0.0,0.0,0.0,0.0,0.0,667.0,70.0,,,661.0,70.0,657.0,69.0,632.0,69.0,662.0,70.0,,,,,,,,0.0,0.0,0.0,0.0,0.0,0.0,0.0,0.0,0.0,23,0,0.0,0.0,0.0,0.0,0.0,0.0,0.0,0.0,0.0,0.0,0.0,0.0,0.0,0.0,965.0,978.0,0.0,0.0,0.0,0.0,0.0,0.0,0.0,0.0,0.0,0.0,0.0,0.0,0.0
712,Yéremy,Pino Santos,Yeremy,a,,,5.8,111,69.0,0.2,349,116.0,3.4,107.0,46.0,1,0,0.0,-2,2.0,2870,3786,0.6,10.0,3.4,3.4,2.8,220.0,97.0,100.0,100.0,182.0,76.0,19.0,18.0,54.0,33.0,43.0,32.0,1.0,1.0,,,,,,0.22,0.28,0.5,1.28,0.0,0.37,1.17,1.11,7.26,23,1,25.0,0.0,0.0,0.0,0.0,0.0,0.0,0.0,0.0,0.0,0.0,0.0,0.0,9.0,3552.0,4357.0,0.0,0.050000000000000266,0.40999999999999925,0.45999999999999996,0.0,8.0,38.69999999999999,2.0,4.900000000000006,0.0,1.0,1.0,2.0
723,Jaydee,Canvot,Canvot,a,,,4.5,504,96.0,0.0,642,224.0,2.6,153.0,58.0,0,0,0.0,0,0.0,143,275,0.6,6.0,2.6,2.6,3.0,187.0,73.0,100.0,100.0,321.0,125.0,420.0,154.0,383.0,139.0,384.0,138.0,,,,,,,,0.01,0.03,0.04,1.96,0.0,0.51,1.53,0.77,13.3,23,0,64.0,0.0,0.0,0.0,3.0,0.0,0.0,0.0,1.0,0.0,0.0,1.0,0.0,-7.0,150.0,331.0,0.0,0.0,0.0,0.0,2.2,0.0,1.6999999999999993,0.0,0.0,2.0,3.0,1.0,5.0
732,Christantus,Uche,Uche,a,,,5.5,156,40.0,0.1,577,77.0,0.6,315.0,39.0,1,0,0.0,0,0.0,561,362,0.1,2.5,0.6,0.6,1.3,420.0,49.0,,,438.0,49.0,425.0,52.0,267.0,48.0,411.0,50.0,,,,,,,,0.28,0.01,0.29,3.2,0.0,0.0,3.16,0.0,6.32,23,1,5.0,0.0,0.0,0.0,0.0,0.0,0.0,0.0,0.0,0.0,0.0,0.0,0.0,-1.0,598.0,410.0,0.0,0.0,0.0,0.0,0.0,0.0,1.2999999999999998,0.0,0.09999999999999964,0.0,0.0,0.0,0.0
762,Joél,Drakes-Thomas,Drakes-Thomas,a,,,4.5,507,313.0,0.0,770,334.0,0.2,378.0,170.0,0,0,0.0,0,0.0,26,44,0.0,0.4,0.2,0.2,1.0,464.0,214.0,,,473.0,219.0,449.0,217.0,715.0,307.0,481.0,222.0,,,,,,,,0.0,0.0,0.0,9.39,0.0,0.0,12.86,0.0,38.57,23,0,0.0,0.0,0.0,0.0,0.0,0.0,0.0,0.0,0.0,0.0,0.0,0.0,0.0,0.0,31.0,47.0,0.0,0.0,0.0,0.0,0.0,0.0,0.0,0.0,0.0,0.0,0.0,0.0,0.0
780,Ben,Casey,Casey,a,,,4.5,501,72.0,0.0,714,86.0,0.0,682.0,67.0,0,0,0.0,0,0.0,275,113,0.0,0.0,0.0,0.0,0.0,734.0,79.0,,,734.0,79.0,729.0,78.0,711.0,78.0,733.0,79.0,,,,,,,,0.0,0.0,0.0,0.0,0.0,0.0,0.0,0.0,0.0,23,0,0.0,0.0,0.0,0.0,0.0,0.0,0.0,0.0,0.0,0.0,0.0,0.0,0.0,0.0,307.0,128.0,0.0,0.0,0.0,0.0,0.0,0.0,0.0,0.0,0.0,0.0,0.0,0.0,0.0
291,James,Tarkowski,Tarkowski,a,,,5.8,103,7.0,14.2,27,9.0,4.5,47.0,19.0,4,0,0.0,3,-3.0,128081,86655,0.8,19.3,4.5,4.5,4.9,18.0,9.0,,,10.0,5.0,146.0,36.0,122.0,21.0,57.0,9.0,,,,,,,,0.05,0.05,0.1,1.45,0.0,0.39,1.13,1.0,11.22,23,4,90.0,0.0,0.0,0.0,1.0,0.0,0.0,0.0,0.0,0.0,0.0,1.0,0.0,17.0,168075.0,91462.0,0.0,0.0,0.010000000000000009,0.010000000000000231,1.230000000000004,31.799999999999955,4.900000000000006,2.0,3.8999999999999915,1.0,11.0,3.0,12.0
292,Vitalii,Mykolenko,Mykolenko,a,,,4.9,313,51.0,0.8,206,79.0,2.5,162.0,61.0,2,0,0.0,-1,1.0,4566,7891,0.5,13.1,2.5,2.5,3.2,154.0,63.0,100.0,100.0,121.0,51.0,109.0,28.0,284.0,87.0,159.0,51.0,,,,,,,,0.01,0.07,0.08,1.42,0.0,0.35,1.25,1.0,7.02,23,2,90.0,0.0,0.0,0.0,1.0,0.0,0.0,0.0,0.0,0.0,0.0,1.0,0.0,8.0,7228.0,8539.0,0.0,0.010000000000000009,0.040000000000000036,0.04999999999999982,1.2300000000000004,12.399999999999977,29.799999999999983,1.0,4.299999999999997,1.0,4.0,3.0,5.0
293,Jake,O'Brien,O'Brien,a,,,4.9,337,56.0,0.8,201,77.0,3.8,81.0,29.0,4,0,0.0,-1,1.0,9535,8427,0.8,16.3,3.8,3.8,3.5,122.0,45.0,,,97.0,42.0,145.0,35.0,224.0,59.0,142.0,46.0,,,,,,,,0.03,0.03,0.06,1.51,0.0,0.37,1.16,0.98,6.97,23,4,90.0,0.0,0.0,0.0,1.0,0.0,0.0,0.0,0.0,0.0,0.0,1.0,0.0,15.0,14039.0,9128.0,0.0,0.0,0.010000000000000009,0.010000000000000009,1.2300000000000004,22.399999999999977,3.200000000000017,4.0,3.0,4.0,6.0,5.0,10.0
295,Michael,Keane,Keane,a,,,4.7,376,63.0,4.0,85,28.0,1.2,264.0,102.0,0,0,0.0,2,-2.0,25789,47851,0.3,20.4,1.2,0.0,5.1,15.0,6.0,100.0,0.0,30.0,13.0,363.0,130.0,116.0,20.0,109.0,34.0,,,,,,,,0.09,0.01,0.1,1.51,0.0,0.32,1.34,1.02,10.42,23,0,0.0,0.0,0.0,0.0,0.0,0.0,0.0,0.0,0.0,0.0,0.0,0.0,0.0,0.0,25975.0,73426.0,0.0,0.0,0.0,0.0,0.0,0.0,0.0,0.0,0.0,0.0,0.0,0.0,0.0
296,Nathan,Patterson,Patterson,a,,,4.4,528,113.0,0.0,605,217.0,2.8,139.0,53.0,2,0,0.0,-1,1.0,693,516,0.6,4.5,2.8,2.8,4.0,65.0,28.0,100.0,100.0,371.0,143.0,423.0,155.0,366.0,129.0,409.0,148.0,,,,,,,,0.01,0.02,0.03,1.35,0.0,0.76,0.38,1.14,11.06,23,2,70.0,0.0,0.0,0.0,1.0,0.0,0.0,0.0,0.0,0.0,0.0,1.0,0.0,9.0,1130.0,558.0,0.0,0.0,0.04,0.04000000000000001,1.0899999999999999,16.200000000000003,3.9999999999999996,0.0,2.0,3.0,4.0,6.0,7.0
298,Reece,Welch,Welch,a,,,3.8,786,242.0,0.1,423,158.0,0.0,413.0,158.0,0,0,0.0,-2,2.0,126,204,0.0,0.0,0.0,0.0,0.0,503.0,181.0,,,494.0,181.0,483.0,180.0,445.0,171.0,494.0,180.0,,,,,,,,0.0,0.0,0.0,0.0,0.0,0.0,0.0,0.0,0.0,23,0,0.0,0.0,0.0,0.0,0.0,0.0,0.0,0.0,0.0,0.0,0.0,0.0,0.0,0.0,146.0,228.0,0.0,0.0,0.0,0.0,0.0,0.0,0.0,0.0,0.0,0.0,0.0,0.0,0.0
300,Dwight,McNeil,McNeil,a,,,5.5,146,91.0,0.2,384,129.0,2.2,193.0,81.0,1,0,0.0,-5,5.0,955,2533,0.4,5.3,2.2,2.2,2.1,312.0,137.0,,,352.0,157.0,185.0,123.0,303.0,159.0,318.0,153.0,,,,,,,,0.07,0.1,0.17,1.78,0.0,0.44,0.59,1.02,7.76,23,1,45.0,0.0,0.0,0.0,1.0,0.0,0.0,0.0,0.0,0.0,0.0,1.0,0.0,7.0,1750.0,2835.0,0.0,0.0,0.0,0.0,1.0500000000000007,3.4000000000000057,1.2999999999999972,2.0,0.6999999999999993,2.0,0.0,2.0,4.0
301,Carlos,Alcaraz Durán,Alcaraz,a,,,5.2,218,135.0,0.1,497,175.0,0.0,758.0,334.0,0,0,0.0,-3,3.0,113,458,0.0,4.8,0.0,0.0,1.7,365.0,161.0,100.0,100.0,346.0,153.0,168.0,114.0,135.0,79.0,257.0,125.0,,,,,,,,0.14,0.06,0.2,1.78,0.0,0.41,1.1,0.82,8.23,23,0,0.0,0.0,0.0,0.0,0.0,0.0,0.0,0.0,0.0,0.0,0.0,0.0,0.0,0.0,138.0,566.0,0.0,0.0,0.0,0.0,0.0,0.0,0.0,0.0,0.0,0.0,0.0,0.0,0.0
302,Idrissa Gana,Gueye,Gana,a,,,5.4,157,98.0,0.1,490,172.0,1.5,251.0,105.0,6,0,0.0,-1,1.0,1384,299,0.3,9.3,1.5,1.5,3.6,116.0,53.0,100.0,100.0,193.0,83.0,164.0,110.0,176.0,102.0,200.0,106.0,,,,,,,,0.09,0.06,0.15,1.37,0.0,0.24,1.1,1.1,9.7,23,6,90.0,0.0,1.0,0.0,1.0,0.0,0.0,0.0,0.0,0.0,0.0,1.0,1.0,25.0,1543.0,315.0,0.0,0.09999999999999987,0.15000000000000002,0.25,1.2299999999999969,29.0,33.80000000000001,13.0,7.600000000000001,0.0,3.0,6.0,9.0
312,Youssef,Ramalho Chermiti,Y.Chermiti,u,has joined Rangers permanently.,,4.9,336,61.0,0.1,534,75.0,0.0,724.0,72.0,0,0,0.0,-1,1.0,0,20,0.0,0.0,0.0,0.0,0.0,761.0,83.0,0.0,0.0,761.0,83.0,757.0,82.0,748.0,82.0,760.0,83.0,,,,,,,,0.0,0.0,0.0,0.0,0.0,0.0,0.0,0.0,0.0,23,0,0.0,0.0,0.0,0.0,0.0,0.0,0.0,0.0,0.0,0.0,0.0,0.0,0.0,0.0,0.0,21.0,0.0,0.0,0.0,0.0,0.0,0.0,0.0,0.0,0.0,0.0,0.0,0.0,0.0
313,Martin,Sherif,Sherif,a,,,4.4,547,77.0,0.1,441,64.0,0.0,599.0,56.0,0,0,0.0,-1,1.0,452,154,0.0,0.0,0.0,0.0,0.0,663.0,68.0,100.0,100.0,656.0,68.0,652.0,67.0,627.0,67.0,657.0,68.0,,,,,,,,0.0,0.0,0.0,0.0,0.0,0.0,0.0,0.0,0.0,23,0,0.0,0.0,0.0,0.0,0.0,0.0,0.0,0.0,0.0,0.0,0.0,0.0,0.0,0.0,503.0,165.0,0.0,0.0,0.0,0.0,0.0,0.0,0.0,0.0,0.0,0.0,0.0,0.0,0.0
419,Jack,Grealish,Grealish,i,Foot injury - Expected back 01 Jun,,6.4,56,36.0,7.1,55,20.0,3.0,134.0,55.0,0,0,0.0,-1,1.0,150,140720,0.5,12.3,0.0,0.0,4.0,72.0,30.0,0.0,0.0,89.0,28.0,14.0,14.0,28.0,15.0,21.0,17.0,,,,,,,,0.11,0.19,0.3,1.43,0.0,0.39,1.27,1.0,7.47,23,0,0.0,0.0,0.0,0.0,0.0,0.0,0.0,0.0,0.0,0.0,0.0,0.0,0.0,0.0,183.0,181977.0,0.0,0.0,0.0,0.0,0.0,0.0,0.0,0.0,0.0,0.0,0.0,0.0,0.0
728,Merlin,Röhl,Röhl,a,,,5.0,275,168.0,0.0,703,296.0,1.2,269.0,115.0,0,0,0.0,0,0.0,110,97,0.2,3.2,1.2,1.2,1.6,380.0,169.0,100.0,100.0,372.0,163.0,279.0,164.0,328.0,172.0,362.0,170.0,,,,,,,,0.13,0.04,0.17,1.6,0.0,0.51,1.02,0.51,10.96,23,0,0.0,0.0,0.0,0.0,0.0,0.0,0.0,0.0,0.0,0.0,0.0,0.0,0.0,0.0,143.0,110.0,0.0,0.0,0.0,0.0,0.0,0.0,0.0,0.0,0.0,0.0,0.0,0.0,0.0
315,Steven,Benda,Benda,a,,,4.0,667,49.0,0.0,734,85.0,0.0,481.0,61.0,0,0,0.0,0,0.0,192,66,0.0,0.0,0.0,0.0,0.0,568.0,67.0,100.0,100.0,559.0,67.0,552.0,56.0,517.0,41.0,559.0,67.0,,,,,,,,0.0,0.0,0.0,0.0,0.0,0.0,0.0,0.0,0.0,23,0,0.0,0.0,0.0,0.0,0.0,0.0,0.0,0.0,0.0,0.0,0.0,0.0,0.0,0.0,215.0,74.0,0.0,0.0,0.0,0.0,0.0,0.0,0.0,0.0,0.0,0.0,0.0,0.0,0.0
319,Timothy,Castagne,Castagne,a,,,4.3,572,126.0,0.1,460,169.0,1.4,258.0,100.0,4,0,0.0,-2,2.0,399,981,0.3,5.8,1.4,1.4,1.4,399.0,146.0,,,230.0,93.0,192.0,49.0,239.0,66.0,248.0,84.0,,,,,,,,0.09,0.04,0.13,1.71,0.0,0.0,1.81,0.95,7.91,23,4,90.0,0.0,0.0,0.0,1.0,0.0,0.0,0.0,0.0,0.0,0.0,1.0,0.0,21.0,609.0,1177.0,0.0,0.0,0.06999999999999995,0.06999999999999984,1.5899999999999999,26.400000000000006,4.8999999999999915,0.0,3.1000000000000014,1.0,10.0,2.0,11.0
320,Issa,Diop,Diop,a,,,4.3,574,128.0,0.1,521,187.0,0.8,303.0,113.0,0,0,0.0,-2,2.0,112,225,0.2,2.3,0.8,0.8,1.2,423.0,155.0,,,359.0,136.0,427.0,157.0,389.0,145.0,408.0,147.0,,,,,,,,0.0,0.01,0.01,1.79,0.0,0.0,1.97,0.87,7.65,23,0,0.0,0.0,0.0,0.0,0.0,0.0,0.0,0.0,0.0,0.0,0.0,0.0,0.0,0.0,127.0,281.0,0.0,0.0,0.0,0.0,0.0,0.0,0.0,0.0,0.0,0.0,0.0,0.0,0.0
321,Jorge,Cuenca Barreno,J.Cuenca,a,,,4.3,580,132.0,0.1,562,202.0,2.6,151.0,57.0,4,0,0.0,-2,2.0,281,530,0.6,7.9,2.6,2.6,3.4,126.0,48.0,,,229.0,92.0,367.0,132.0,380.0,137.0,326.0,110.0,,,,,,,,0.01,0.01,0.02,1.3,0.0,0.24,0.84,1.08,11.12,23,4,90.0,0.0,0.0,0.0,1.0,0.0,0.0,0.0,0.0,0.0,0.0,1.0,0.0,11.0,430.0,637.0,0.0,0.05,0.0,0.05,1.5899999999999999,26.799999999999983,0.9000000000000021,4.0,3.200000000000003,1.0,11.0,4.0,12.0
322,Kenny,Tete,Tete,d,Lack of match fitness - 75% chance of playing,,4.5,410,75.0,0.3,320,119.0,0.2,370.0,138.0,0,0,0.0,0,0.0,30,4958,0.0,14.4,0.2,0.2,4.1,59.0,26.0,75.0,75.0,116.0,50.0,175.0,43.0,246.0,69.0,181.0,59.0,,,,,,,,0.03,0.06,0.09,1.32,0.0,0.33,1.2,1.07,8.42,23,0,0.0,0.0,0.0,0.0,0.0,0.0,0.0,0.0,0.0,0.0,0.0,0.0,0.0,0.0,47.0,6047.0,0.0,0.0,0.0,0.0,0.0,0.0,0.0,0.0,0.0,0.0,0.0,0.0,0.0
324,Alex,Iwobi,Iwobi,a,,,6.3,64,43.0,0.7,209,70.0,0.4,352.0,160.0,2,0,0.0,-2,2.0,2539,2506,0.1,9.2,0.4,0.4,3.4,136.0,60.0,100.0,100.0,165.0,64.0,40.0,38.0,141.0,82.0,84.0,52.0,5.0,,,,,,,0.05,0.13,0.18,1.4,0.0,0.19,1.59,1.08,6.67,23,2,87.0,0.0,0.0,0.0,1.0,0.0,0.0,0.0,0.0,0.0,0.0,1.0,0.0,10.0,3994.0,2706.0,0.0,0.030000000000000027,0.010000000000000231,0.040000000000000036,1.5899999999999999,7.399999999999977,15.199999999999989,4.0,2.700000000000003,0.0,2.0,4.0,6.0
325,Emile,Smith Rowe,Smith Rowe,a,,,5.6,129,79.0,0.6,235,82.0,2.6,155.0,65.0,2,0,0.0,-4,4.0,1912,7209,0.5,9.6,2.6,2.0,2.3,287.0,124.0,100.0,75.0,218.0,91.0,113.0,80.0,81.0,52.0,134.0,73.0,,,,,,,,0.26,0.06,0.32,1.54,0.0,0.26,1.2,0.95,7.31,23,2,68.0,0.0,0.0,0.0,1.0,0.0,0.0,0.0,0.0,0.0,0.0,1.0,0.0,8.0,2006.0,9862.0,0.0,0.0,0.010000000000000009,0.009999999999999787,1.3299999999999983,3.799999999999983,4.800000000000011,0.0,0.8999999999999986,0.0,1.0,1.0,2.0
329,Harry,Wilson,Wilson,a,,,6.1,80,53.0,24.2,14,5.0,5.8,17.0,9.0,10,1,-1.0,6,-6.0,279409,138534,1.0,18.7,5.8,5.8,5.2,13.0,6.0,100.0,100.0,37.0,10.0,35.0,33.0,27.0,14.0,20.0,16.0,3.0,3.0,3.0,,,,,0.21,0.15,0.36,1.24,0.0,0.32,1.13,1.08,6.18,23,10,90.0,1.0,0.0,0.0,1.0,0.0,0.0,0.0,0.0,0.0,0.0,1.0,3.0,36.0,334661.0,151365.0,0.0,0.06999999999999984,0.09999999999999964,0.16999999999999993,1.5899999999999999,41.80000000000001,30.80000000000001,23.0,9.600000000000009,0.0,2.0,5.0,7.0
330,Sander,Berge,Berge,a,,,4.9,304,188.0,0.1,514,184.0,3.2,116.0,47.0,1,0,0.0,-1,1.0,328,732,0.7,11.6,3.2,3.2,2.5,261.0,110.0,,,120.0,42.0,92.0,69.0,299.0,156.0,149.0,82.0,,,,,,,,0.03,0.04,0.07,1.39,0.0,0.24,1.42,1.04,8.85,23,1,90.0,0.0,0.0,0.0,1.0,0.0,0.0,0.0,1.0,0.0,0.0,1.0,0.0,15.0,584.0,845.0,0.0,0.0,0.010000000000000009,0.010000000000000009,1.5899999999999999,13.200000000000045,5.0,0.0,1.7999999999999972,4.0,3.0,3.0,10.0
331,Tom,Cairney,Cairney,a,,,4.8,348,217.0,0.0,629,249.0,2.4,167.0,72.0,1,0,0.0,-2,2.0,89,148,0.5,4.8,2.4,2.4,1.5,393.0,174.0,100.0,100.0,349.0,155.0,253.0,152.0,295.0,153.0,339.0,163.0,,,,,,,,0.17,0.05,0.22,1.62,0.0,0.0,1.63,0.61,6.92,23,1,21.0,0.0,0.0,0.0,0.0,0.0,0.0,0.0,0.0,0.0,0.0,0.0,0.0,2.0,116.0,167.0,0.0,0.16000000000000003,0.0,0.16000000000000014,0.2600000000000007,0.0,0.29999999999999716,5.0,0.40000000000000213,0.0,0.0,0.0,0.0
332,Saša,Lukić,Lukić,i,Hamstring injury - Expected back 22 Feb,,4.9,308,191.0,0.1,548,198.0,2.2,186.0,76.0,0,0,0.0,-1,1.0,9,398,0.4,10.2,0.0,0.0,2.6,244.0,103.0,0.0,0.0,191.0,81.0,48.0,41.0,188.0,107.0,118.0,65.0,1.0,,,,,,,0.13,0.1,0.23,1.37,0.0,0.3,1.27,1.12,9.46,23,0,0.0,0.0,0.0,0.0,0.0,0.0,0.0,0.0,0.0,0.0,0.0,0.0,0.0,0.0,12.0,533.0,0.0,0.0,0.0,0.0,0.0,0.0,0.0,0.0,0.0,0.0,0.0,0.0,0.0
333,Martial,Godo,Godo,u,has joined Strasbourg permanently.,,4.5,470,286.0,0.0,657,270.0,0.0,655.0,257.0,0,0,0.0,0,0.0,0,12,0.0,0.0,0.0,0.0,0.0,710.0,292.0,0.0,0.0,708.0,290.0,704.0,291.0,685.0,284.0,708.0,290.0,,,,,,,,0.0,0.0,0.0,0.0,0.0,0.0,0.0,0.0,0.0,23,0,0.0,0.0,0.0,0.0,0.0,0.0,0.0,0.0,0.0,0.0,0.0,0.0,0.0,0.0,0.0,14.0,0.0,0.0,0.0,0.0,0.0,0.0,0.0,0.0,0.0,0.0,0.0,0.0,0.0
334,Luke,Harris,Harris,u,Has joined Oxford United on loan for the rest of the season.,,4.5,452,271.0,0.0,792,349.0,0.0,642.0,246.0,0,0,0.0,0,0.0,0,0,0.0,0.0,0.0,0.0,0.0,699.0,283.0,0.0,0.0,695.0,279.0,692.0,281.0,671.0,272.0,695.0,279.0,,,,,,,,0.0,0.0,0.0,0.0,0.0,0.0,0.0,0.0,0.0,23,0,0.0,0.0,0.0,0.0,0.0,0.0,0.0,0.0,0.0,0.0,0.0,0.0,0.0,0.0,0.0,0.0,0.0,0.0,0.0,0.0,0.0,0.0,0.0,0.0,0.0,0.0,0.0,0.0,0.0
335,Josh,King,King,a,,,4.4,553,331.0,1.8,140,46.0,1.0,283.0,123.0,4,0,0.0,-1,1.0,6291,15181,0.2,8.2,1.0,1.0,1.8,347.0,152.0,100.0,100.0,317.0,140.0,213.0,135.0,120.0,70.0,261.0,127.0,,,,,,,,0.12,0.04,0.16,1.32,0.0,0.31,1.54,1.13,7.28,23,4,2.0,0.0,1.0,0.0,0.0,0.0,0.0,0.0,0.0,0.0,0.0,0.0,0.0,11.0,6925.0,17304.0,0.0,0.0,0.0,0.0,0.0,0.20000000000000284,0.09999999999999432,0.0,0.0,0.0,0.0,2.0,2.0
336,Harrison,Reed,Reed,a,,,4.3,571,338.0,0.3,305,104.0,2.0,199.0,83.0,0,0,0.0,-2,2.0,4664,2607,0.5,2.6,2.0,2.0,2.8,209.0,92.0,,,405.0,179.0,416.0,202.0,399.0,195.0,426.0,192.0,,,,,,,,0.26,1.54,1.8,2.64,0.0,0.0,6.43,0.0,6.43,23,0,0.0,0.0,0.0,0.0,0.0,0.0,0.0,0.0,0.0,0.0,0.0,0.0,0.0,0.0,5309.0,2975.0,0.0,0.0,0.0,0.0,0.0,0.0,0.0,0.0,0.0,0.0,0.0,0.0,0.0
337,Raúl,Jiménez Rodríguez,Raúl,a,,,6.2,72,24.0,1.9,138,21.0,3.2,118.0,14.0,2,0,0.0,-3,3.0,9764,50587,0.5,11.5,3.2,3.2,3.2,163.0,14.0,100.0,100.0,146.0,12.0,96.0,3.0,18.0,10.0,41.0,9.0,,1.0,1.0,,,,,0.38,0.04,0.42,1.36,0.0,0.3,1.09,1.09,5.21,23,2,90.0,0.0,0.0,0.0,1.0,0.0,0.0,0.0,0.0,0.0,0.0,1.0,0.0,8.0,16100.0,54922.0,0.0,0.4400000000000004,0.029999999999999916,0.46999999999999975,1.5899999999999999,13.0,32.5,45.0,9.100000000000009,0.0,4.0,3.0,7.0
424,Oscar,Bobb,Bobb,i,Hamstring injury - Unknown return date,,5.1,237,145.0,0.2,376,126.0,0.0,755.0,331.0,0,0,0.0,-4,4.0,632,303,0.0,3.5,0.0,0.0,2.0,322.0,142.0,0.0,0.0,361.0,160.0,158.0,107.0,233.0,126.0,289.0,141.0,,,,,,,,0.08,0.22,0.3,0.99,0.0,0.39,0.97,0.97,5.62,23,0,0.0,0.0,0.0,0.0,0.0,0.0,0.0,0.0,0.0,0.0,0.0,0.0,0.0,0.0,633.0,334.0,0.0,0.0,0.0,0.0,0.0,0.0,0.0,0.0,0.0,0.0,0.0,0.0,0.0
727,Samuel,Chukwueze,Chukwueze,d,Personal Reasons - 75% chance of playing,,5.3,193,120.0,0.1,483,169.0,1.2,270.0,116.0,6,0,0.0,-2,2.0,2936,1330,0.2,7.7,0.9,1.2,4.1,61.0,26.0,75.0,100.0,219.0,92.0,162.0,109.0,144.0,83.0,196.0,104.0,,,,,,,,0.27,0.46,0.73,1.35,0.0,0.0,2.12,0.64,7.0,23,6,31.0,1.0,0.0,0.0,0.0,0.0,0.0,0.0,0.0,0.0,0.0,0.0,0.0,24.0,3331.0,1450.0,0.0,0.24,0.009999999999999787,0.25,0.3199999999999994,35.0,10.799999999999983,23.0,6.899999999999999,0.0,0.0,0.0,0.0
731,Kevin,Santos Lopes de Macedo,Kevin,a,,,5.8,113,71.0,0.1,553,202.0,1.8,229.0,96.0,1,0,0.0,-2,2.0,254,643,0.3,5.9,1.8,1.8,1.8,359.0,158.0,100.0,100.0,262.0,113.0,123.0,88.0,110.0,65.0,178.0,95.0,4.0,,,,,,,0.11,0.14,0.25,1.37,0.0,0.46,1.37,0.8,7.3,23,1,58.0,0.0,0.0,0.0,1.0,0.0,0.0,0.0,0.0,0.0,0.0,1.0,0.0,4.0,337.0,738.0,0.0,0.06999999999999995,0.07000000000000006,0.14000000000000012,1.2699999999999996,1.0,14.199999999999989,8.0,2.299999999999997,1.0,1.0,1.0,3.0
737,Jonah,Kusi-Asare,Kusi-Asare,a,,,4.5,502,73.0,0.1,494,69.0,0.2,377.0,43.0,0,0,0.0,0,0.0,517,479,0.0,0.9,0.2,0.2,0.8,489.0,59.0,,,475.0,56.0,397.0,51.0,392.0,53.0,449.0,53.0,,,,,,,,0.0,0.21,0.21,2.25,0.0,0.0,6.0,0.0,6.0,23,0,0.0,0.0,0.0,0.0,0.0,0.0,0.0,0.0,0.0,0.0,0.0,0.0,0.0,0.0,582.0,553.0,0.0,0.0,0.0,0.0,0.0,0.0,0.0,0.0,0.0,0.0,0.0,0.0,0.0
770,Seth,Ridgeon,Ridgeon,a,,,4.5,497,307.0,0.0,774,337.0,0.0,678.0,275.0,0,0,0.0,0,0.0,50,52,0.0,0.0,0.0,0.0,0.0,731.0,308.0,,,731.0,308.0,726.0,308.0,708.0,302.0,730.0,307.0,,,,,,,,0.0,0.0,0.0,0.0,0.0,0.0,0.0,0.0,0.0,23,0,0.0,0.0,0.0,0.0,0.0,0.0,0.0,0.0,0.0,0.0,0.0,0.0,0.0,0.0,56.0,60.0,0.0,0.0,0.0,0.0,0.0,0.0,0.0,0.0,0.0,0.0,0.0,0.0,0.0
786,Alfie,McNally,McNally,a,,,4.0,690,60.0,0.0,769,86.0,0.0,502.0,72.0,0,0,0.0,0,0.0,51,55,0.0,0.0,0.0,0.0,0.0,588.0,78.0,,,579.0,78.0,572.0,67.0,537.0,52.0,579.0,78.0,,,,,,,,0.0,0.0,0.0,0.0,0.0,0.0,0.0,0.0,0.0,23,0,0.0,0.0,0.0,0.0,0.0,0.0,0.0,0.0,0.0,0.0,0.0,0.0,0.0,0.0,60.0,63.0,0.0,0.0,0.0,0.0,0.0,0.0,0.0,0.0,0.0,0.0,0.0,0.0,0.0
168,Facundo,Buonanotte,Buonanotte,a,,,4.6,399,247.0,0.1,482,168.0,0.0,688.0,283.0,0,0,0.0,-4,4.0,634,499,0.0,0.2,-1.0,0.0,0.5,493.0,232.0,100.0,100.0,450.0,204.0,365.0,188.0,373.0,188.0,434.0,196.0,,,,,,,,0.07,0.18,0.25,0.99,0.0,0.0,1.8,1.8,9.0,23,0,5.0,0.0,0.0,0.0,0.0,0.0,0.0,0.0,1.0,0.0,0.0,0.0,0.0,0.0,774.0,571.0,0.0,0.04,0.010000000000000009,0.05000000000000002,0.0,0.40000000000000036,0.29999999999999716,5.0,0.6000000000000001,0.0,1.0,1.0,2.0
339,Illan,Meslier,Meslier,a,,,4.2,630,35.0,0.3,299,39.0,0.0,538.0,80.0,0,0,0.0,-3,3.0,204,476,0.0,0.0,-1.0,0.0,0.0,620.0,86.0,,,612.0,86.0,605.0,76.0,574.0,62.0,613.0,86.0,,,,,,,,0.0,0.0,0.0,0.0,0.0,0.0,0.0,0.0,0.0,23,0,0.0,0.0,0.0,0.0,0.0,0.0,0.0,0.0,0.0,0.0,0.0,0.0,0.0,0.0,228.0,549.0,0.0,0.0,0.0,0.0,0.0,0.0,0.0,0.0,0.0,0.0,0.0,0.0,0.0
340,Alex,Cairns,Cairns,a,,,3.9,733,72.0,0.2,409,62.0,0.0,436.0,33.0,0,0,0.0,-1,1.0,205,270,0.0,0.0,-1.0,0.0,0.0,524.0,39.0,,,515.0,39.0,506.0,26.0,469.0,11.0,515.0,39.0,,,,,,,,0.0,0.0,0.0,0.0,0.0,0.0,0.0,0.0,0.0,23,0,0.0,0.0,0.0,0.0,0.0,0.0,0.0,0.0,0.0,0.0,0.0,0.0,0.0,0.0,223.0,331.0,0.0,0.0,0.0,0.0,0.0,0.0,0.0,0.0,0.0,0.0,0.0,0.0,0.0
343,Pascal,Struijk,Struijk,a,,,4.3,575,129.0,0.5,255,96.0,5.6,21.0,7.0,4,0,0.0,-2,2.0,13079,4573,1.3,15.8,4.6,5.6,3.2,146.0,59.0,100.0,100.0,54.0,26.0,212.0,55.0,113.0,18.0,103.0,31.0,,,3.0,,,,,0.11,0.02,0.13,1.33,0.0,0.2,1.59,1.0,9.16,23,4,90.0,0.0,0.0,0.0,1.0,0.0,0.0,0.0,0.0,0.0,0.0,1.0,0.0,17.0,14129.0,5922.0,0.0,0.040000000000000036,0.03999999999999998,0.08000000000000007,0.6000000000000014,26.599999999999966,1.3000000000000114,8.0,3.5999999999999943,3.0,12.0,6.0,15.0
344,Jaka,Bijol,Bijol,i,Hamstring injury - Expected back 10 Feb,,3.9,745,215.0,0.4,263,100.0,2.8,138.0,52.0,0,0,0.0,-1,1.0,153,10221,0.7,11.0,0.0,0.0,3.6,108.0,40.0,0.0,0.0,169.0,70.0,339.0,117.0,173.0,36.0,225.0,77.0,,,,,,,,0.04,0.05,0.09,1.55,0.0,0.09,1.65,1.01,9.16,23,0,0.0,0.0,0.0,0.0,0.0,0.0,0.0,0.0,0.0,0.0,0.0,0.0,0.0,0.0,174.0,13077.0,0.0,0.0,0.0,0.0,0.0,0.0,0.0,0.0,0.0,0.0,0.0,0.0,0.0
345,Sebastiaan,Bornauw,Bornauw,a,,,3.8,784,240.0,0.1,419,156.0,2.8,136.0,50.0,4,0,0.0,-2,2.0,3850,1025,0.7,4.2,1.8,2.8,2.3,278.0,108.0,100.0,100.0,375.0,145.0,426.0,156.0,404.0,151.0,415.0,151.0,,,,,,,,0.0,0.0,0.0,1.53,0.0,0.36,1.08,1.08,11.57,23,4,84.0,0.0,0.0,0.0,1.0,0.0,0.0,0.0,0.0,0.0,0.0,1.0,0.0,14.0,3996.0,1122.0,0.0,0.0,0.0,0.0,0.6000000000000001,33.8,0.1999999999999993,0.0,3.3999999999999995,3.0,12.0,4.0,15.0
348,Joe,Rodon,Rodon,a,,,3.9,740,212.0,3.5,94,35.0,2.2,174.0,67.0,4,0,0.0,-1,1.0,34554,23204,0.6,17.4,1.2,2.2,3.2,144.0,58.0,100.0,100.0,52.0,24.0,292.0,95.0,134.0,23.0,126.0,40.0,,,,,,,,0.05,0.01,0.06,1.37,0.0,0.15,1.77,1.03,8.02,23,4,90.0,0.0,0.0,0.0,1.0,0.0,0.0,0.0,0.0,0.0,0.0,1.0,0.0,5.0,37980.0,25802.0,0.0,0.0,0.0,0.0,0.5999999999999979,15.399999999999977,0.29999999999999716,0.0,1.6000000000000085,4.0,7.0,1.0,11.0
349,Isaac,Schmidt,Schmidt,u,has joined Werder Bremen on loan for the rest of the season.,,4.0,683,174.0,0.1,536,196.0,0.0,495.0,196.0,0,0,0.0,0,0.0,0,53,0.0,0.0,0.0,0.0,0.0,582.0,216.0,0.0,0.0,573.0,216.0,566.0,216.0,531.0,210.0,573.0,215.0,,,,,,,,0.0,0.0,0.0,0.0,0.0,0.0,0.0,0.0,0.0,23,0,0.0,0.0,0.0,0.0,0.0,0.0,0.0,0.0,0.0,0.0,0.0,0.0,0.0,0.0,0.0,58.0,0.0,0.0,0.0,0.0,0.0,0.0,0.0,0.0,0.0,0.0,0.0,0.0,0.0
353,Daniel,James,James,d,Lack of match fitness - 75% chance of playing,,5.2,208,130.0,0.1,478,165.0,0.0,757.0,333.0,0,0,0.0,-3,3.0,45,112,0.0,2.5,-0.8,0.0,1.3,418.0,188.0,75.0,25.0,404.0,178.0,227.0,139.0,234.0,127.0,334.0,162.0,,,,,,,,0.18,0.14,0.32,2.27,0.0,0.26,3.1,1.03,4.66,23,0,0.0,0.0,0.0,0.0,0.0,0.0,0.0,0.0,0.0,0.0,0.0,0.0,0.0,0.0,47.0,125.0,0.0,0.0,0.0,0.0,0.0,0.0,0.0,0.0,0.0,0.0,0.0,0.0,0.0
354,Ethan,Ampadu,Ampadu,a,,,4.9,299,185.0,0.1,412,139.0,3.6,92.0,39.0,4,0,0.0,-1,1.0,1611,1512,0.7,14.7,2.6,3.6,3.6,112.0,51.0,100.0,100.0,95.0,30.0,118.0,84.0,244.0,132.0,131.0,71.0,,,,,,,,0.08,0.07,0.15,1.31,0.0,0.2,1.58,1.02,12.31,23,4,90.0,0.0,0.0,0.0,1.0,0.0,0.0,0.0,0.0,0.0,0.0,1.0,0.0,19.0,2090.0,1765.0,0.0,0.010000000000000009,0.020000000000000018,0.029999999999999805,0.5999999999999979,11.399999999999977,2.1999999999999886,1.0,1.5,3.0,5.0,9.0,17.0
355,Sam,Greenwood,Greenwood,u,has joined Pogon Szczecin permanently.,,4.9,319,197.0,0.0,630,250.0,0.0,714.0,299.0,0,0,0.0,-1,1.0,0,16,0.0,0.0,0.0,0.0,0.0,753.0,322.0,0.0,0.0,753.0,322.0,749.0,322.0,740.0,319.0,752.0,321.0,,,,,,,,0.0,0.0,0.0,0.0,0.0,0.0,0.0,0.0,0.0,23,0,0.0,0.0,0.0,0.0,0.0,0.0,0.0,0.0,0.0,0.0,0.0,0.0,0.0,0.0,0.0,16.0,0.0,0.0,0.0,0.0,0.0,0.0,0.0,0.0,0.0,0.0,0.0,0.0,0.0
356,Ilia,Gruev,Gruev,a,,,4.7,388,242.0,0.1,566,208.0,3.4,103.0,43.0,2,0,0.0,-3,3.0,426,417,0.7,7.0,2.4,3.4,2.4,269.0,113.0,,,319.0,141.0,243.0,148.0,393.0,193.0,350.0,166.0,,,,,,,,0.01,0.04,0.05,1.83,0.0,0.45,1.81,1.02,8.38,23,2,65.0,0.0,0.0,1.0,0.0,0.0,0.0,0.0,1.0,0.0,0.0,1.0,0.0,5.0,486.0,483.0,0.0,0.06,0.0,0.06,0.379999999999999,0.0,1.9000000000000057,1.0,0.0,0.0,0.0,2.0,2.0
357,Largie,Ramazani,Ramazani,u,has joined Valencia on loan for the rest of the season.,,4.9,323,199.0,0.0,694,294.0,0.0,717.0,301.0,0,0,0.0,-1,1.0,0,8,0.0,0.0,0.0,0.0,0.0,755.0,324.0,0.0,0.0,755.0,324.0,751.0,324.0,742.0,321.0,754.0,323.0,,,,,,,,0.0,0.0,0.0,0.0,0.0,0.0,0.0,0.0,0.0,23,0,0.0,0.0,0.0,0.0,0.0,0.0,0.0,0.0,0.0,0.0,0.0,0.0,0.0,0.0,0.0,9.0,0.0,0.0,0.0,0.0,0.0,0.0,0.0,0.0,0.0,0.0,0.0,0.0,0.0
358,Tanaka,Ao,Tanaka,a,,,4.8,363,225.0,0.2,352,118.0,1.0,285.0,124.0,1,0,0.0,-2,2.0,509,2516,0.2,9.0,0.0,1.0,2.1,308.0,135.0,100.0,100.0,280.0,124.0,187.0,125.0,248.0,133.0,272.0,134.0,,,,,,,,0.1,0.07,0.17,1.62,0.0,0.24,1.95,0.85,10.14,23,1,24.0,0.0,0.0,0.0,1.0,0.0,0.0,0.0,0.0,0.0,0.0,0.0,0.0,5.0,634.0,2913.0,0.0,0.0,0.0,0.0,0.22999999999999865,6.400000000000006,3.299999999999997,0.0,1.0,2.0,1.0,2.0,5.0
359,Charlie,Crew,Crew,u,Has joined Doncaster Rovers on loan for the rest of the season.,,4.5,457,276.0,0.0,772,335.0,0.0,645.0,249.0,0,0,0.0,0,0.0,0,1,0.0,0.0,0.0,0.0,0.0,702.0,286.0,0.0,0.0,698.0,282.0,695.0,284.0,674.0,275.0,698.0,282.0,,,,,,,,0.0,0.0,0.0,0.0,0.0,0.0,0.0,0.0,0.0,23,0,0.0,0.0,0.0,0.0,0.0,0.0,0.0,0.0,0.0,0.0,0.0,0.0,0.0,0.0,0.0,1.0,0.0,0.0,0.0,0.0,0.0,0.0,0.0,0.0,0.0,0.0,0.0,0.0,0.0
360,Joe,Gelhardt,Gelhardt,u,Has joined Hull City on loan for the rest of the season.,,4.5,436,261.0,0.0,737,315.0,0.0,632.0,236.0,0,0,0.0,0,0.0,0,6,0.0,0.0,0.0,0.0,0.0,691.0,275.0,0.0,0.0,686.0,270.0,684.0,273.0,662.0,264.0,687.0,271.0,,,,,,,,0.0,0.0,0.0,0.0,0.0,0.0,0.0,0.0,0.0,23,0,0.0,0.0,0.0,0.0,0.0,0.0,0.0,0.0,0.0,0.0,0.0,0.0,0.0,0.0,0.0,6.0,0.0,0.0,0.0,0.0,0.0,0.0,0.0,0.0,0.0,0.0,0.0,0.0,0.0
362,Joël,Piroe,Piroe,a,,,4.9,318,57.0,0.3,293,47.0,0.2,388.0,44.0,0,0,0.0,-6,6.0,647,723,0.0,2.2,-0.8,0.2,1.1,428.0,51.0,100.0,100.0,452.0,52.0,375.0,48.0,229.0,44.0,391.0,48.0,,,2.0,,,,,0.29,0.04,0.33,2.14,0.0,0.45,2.69,0.9,4.03,23,0,0.0,0.0,0.0,0.0,0.0,0.0,0.0,0.0,0.0,0.0,0.0,0.0,0.0,0.0,704.0,828.0,0.0,0.0,0.0,0.0,0.0,0.0,0.0,0.0,0.0,0.0,0.0,0.0,0.0
363,Patrick,Bamford,Bamford,u,has departed the club as a free agent.,,4.9,288,56.0,0.3,297,48.0,0.0,704.0,69.0,0,0,0.0,-1,1.0,0,202,0.0,0.0,0.0,0.0,0.0,747.0,81.0,0.0,0.0,747.0,81.0,743.0,80.0,732.0,80.0,746.0,81.0,,,,,,,,0.0,0.0,0.0,0.0,0.0,0.0,0.0,0.0,0.0,23,0,0.0,0.0,0.0,0.0,0.0,0.0,0.0,0.0,0.0,0.0,0.0,0.0,0.0,0.0,0.0,222.0,0.0,0.0,0.0,0.0,0.0,0.0,0.0,0.0,0.0,0.0,0.0,0.0,0.0
364,Mateo,Joseph Fernández-Regatillo,Mateo Joseph,u,Has joined RCD Mallorca on loan for the rest of the season.,,5.0,277,55.0,0.0,724,87.0,0.0,744.0,74.0,0,0,0.0,0,0.0,0,1,0.0,0.0,0.0,0.0,0.0,774.0,84.0,0.0,0.0,774.0,84.0,772.0,84.0,765.0,84.0,773.0,84.0,,,,,,,,0.0,0.0,0.0,0.0,0.0,0.0,0.0,0.0,0.0,23,0,0.0,0.0,0.0,0.0,0.0,0.0,0.0,0.0,0.0,0.0,0.0,0.0,0.0,0.0,0.0,1.0,0.0,0.0,0.0,0.0,0.0,0.0,0.0,0.0,0.0,0.0,0.0,0.0,0.0
365,Lukas,Nmecha,Nmecha,i,Hamstring injury - Expected back 06 Feb,,5.0,246,52.0,0.5,247,39.0,2.2,188.0,19.0,0,0,0.0,0,0.0,1792,4121,0.4,9.8,0.0,2.2,2.6,246.0,24.0,0.0,100.0,228.0,21.0,326.0,37.0,62.0,21.0,185.0,21.0,,,1.0,,,,,0.73,0.05,0.78,1.85,0.0,0.3,2.09,0.9,4.78,23,0,0.0,0.0,0.0,0.0,0.0,0.0,0.0,0.0,0.0,0.0,0.0,0.0,0.0,0.0,2464.0,4485.0,0.0,0.0,0.0,0.0,0.0,0.0,0.0,0.0,0.0,0.0,0.0,0.0,0.0
493,Sean,Longstaff,Longstaff,a,,,4.8,351,220.0,0.2,344,114.0,0.2,380.0,171.0,1,0,0.0,-2,2.0,255,679,0.0,8.5,-0.8,0.2,3.2,153.0,63.0,100.0,100.0,192.0,82.0,46.0,40.0,280.0,148.0,145.0,79.0,1.0,2.0,,,,,,0.08,0.13,0.21,1.15,0.0,0.1,1.53,1.02,9.59,23,1,5.0,0.0,0.0,0.0,0.0,0.0,0.0,0.0,0.0,0.0,0.0,0.0,0.0,3.0,299.0,796.0,0.0,0.06000000000000005,0.020000000000000018,0.08000000000000007,0.0,0.0,14.100000000000023,4.0,1.8000000000000043,0.0,0.0,0.0,0.0
660,Anton,Stach,Stach,a,,,4.8,366,228.0,2.6,113,35.0,3.8,78.0,31.0,8,-1,1.0,-2,2.0,17854,40675,0.8,19.8,2.8,2.8,4.8,20.0,9.0,100.0,75.0,56.0,15.0,5.0,5.0,78.0,49.0,18.0,14.0,3.0,1.0,,,,,,0.12,0.18,0.3,1.31,0.0,0.17,1.62,1.06,9.99,23,8,84.0,0.0,1.0,0.0,1.0,0.0,0.0,0.0,1.0,0.0,0.0,1.0,2.0,31.0,18273.0,53350.0,0.0,0.040000000000000036,0.3700000000000001,0.40999999999999925,0.5999999999999979,44.599999999999966,28.399999999999977,17.0,9.0,5.0,6.0,5.0,16.0
665,Lucas Estella,Perri,Perri,a,,,4.5,414,22.0,0.3,328,44.0,2.6,152.0,16.0,0,0,0.0,0,0.0,1562,1613,0.6,9.6,1.6,2.6,2.7,227.0,19.0,100.0,100.0,117.0,17.0,668.0,84.0,644.0,72.0,284.0,18.0,,,,,,,,0.0,0.0,0.0,1.67,2.38,0.19,1.81,1.0,0.0,23,0,0.0,0.0,0.0,0.0,0.0,0.0,0.0,0.0,0.0,0.0,0.0,0.0,0.0,0.0,1696.0,2678.0,0.0,0.0,0.0,0.0,0.0,0.0,0.0,0.0,0.0,0.0,0.0,0.0,0.0
691,Dominic,Calvert-Lewin,Calvert-Lewin,a,,,6.0,85,28.0,12.5,31,5.0,3.0,132.0,15.0,2,0,0.0,5,-5.0,78019,247997,0.5,15.5,2.0,3.0,4.4,42.0,5.0,100.0,100.0,90.0,8.0,133.0,8.0,6.0,5.0,33.0,7.0,,,,,,,,0.53,0.06,0.59,1.05,0.0,0.24,1.27,0.97,2.9,23,2,90.0,0.0,0.0,0.0,1.0,0.0,0.0,0.0,0.0,0.0,0.0,1.0,0.0,0.0,96990.0,270177.0,0.0,0.5,0.020000000000000018,0.5199999999999996,0.5999999999999979,3.8000000000000114,3.8000000000000114,26.0,3.3999999999999915,1.0,1.0,1.0,3.0
698,Noah,Okafor,Okafor,a,,,5.5,147,92.0,0.1,469,159.0,1.6,241.0,101.0,1,0,0.0,0,0.0,541,1266,0.3,9.6,0.6,1.6,2.6,249.0,106.0,100.0,100.0,243.0,103.0,132.0,94.0,64.0,40.0,133.0,72.0,,,,,,,,0.23,0.07,0.3,1.37,0.0,0.24,1.71,1.14,6.35,23,1,5.0,0.0,0.0,0.0,0.0,0.0,0.0,0.0,0.0,0.0,0.0,0.0,0.0,5.0,678.0,1491.0,0.0,0.0,0.020000000000000018,0.020000000000000018,0.0,5.200000000000017,21.5,2.0,2.9000000000000057,0.0,0.0,3.0,3.0
706,James,Justin,Justin,a,,,3.9,742,213.0,0.5,256,97.0,5.6,20.0,6.0,9,0,0.0,-1,1.0,28941,4540,1.4,9.2,4.6,5.6,2.6,235.0,91.0,,,270.0,107.0,318.0,106.0,237.0,65.0,302.0,103.0,,,,,,,,0.11,0.03,0.14,1.79,0.0,0.3,1.48,0.89,8.57,23,9,90.0,1.0,0.0,0.0,1.0,0.0,0.0,0.0,0.0,0.0,0.0,1.0,1.0,25.0,30057.0,4824.0,0.0,0.45,0.009999999999999981,0.46,0.5999999999999996,44.400000000000006,11.800000000000004,39.0,9.5,6.0,1.0,5.0,7.0
741,Harry,Gray,Gray,u,has joined Rotherham United on loan for the rest of the season.,,4.5,487,70.0,0.1,468,67.0,0.0,670.0,65.0,0,0,0.0,0,0.0,0,880,0.0,0.0,0.0,0.0,0.0,724.0,77.0,0.0,0.0,723.0,77.0,718.0,76.0,700.0,76.0,722.0,77.0,,,,,,,,0.0,0.0,0.0,0.0,0.0,0.0,0.0,0.0,0.0,23,0,0.0,0.0,0.0,0.0,0.0,0.0,0.0,0.0,0.0,0.0,0.0,0.0,0.0,0.0,0.0,1049.0,0.0,0.0,0.0,0.0,0.0,0.0,0.0,0.0,0.0,0.0,0.0,0.0,0.0
787,Sam,Chambers,Chambers,a,,,4.4,550,329.0,0.0,766,332.0,0.0,602.0,217.0,0,-1,1.0,-1,1.0,255,62,0.0,0.0,-1.0,0.0,0.0,666.0,259.0,,,659.0,252.0,655.0,256.0,630.0,245.0,660.0,253.0,,,,,,,,0.0,0.0,0.0,0.0,0.0,0.0,0.0,0.0,0.0,23,0,0.0,0.0,0.0,0.0,0.0,0.0,0.0,0.0,0.0,0.0,0.0,0.0,0.0,0.0,264.0,84.0,0.0,0.0,0.0,0.0,0.0,0.0,0.0,0.0,0.0,0.0,0.0,0.0,0.0
366,Alisson,Becker,A.Becker,a,,,5.4,159,4.0,5.9,63,10.0,4.0,69.0,7.0,1,0,0.0,-1,1.0,5611,26159,0.7,12.0,4.5,4.5,3.6,117.0,12.0,100.0,100.0,132.0,20.0,472.0,15.0,777.0,90.0,291.0,20.0,,,,,,,,0.0,0.0,0.0,1.08,2.0,0.33,1.22,1.0,0.0,23,1,90.0,0.0,0.0,0.0,3.0,0.0,0.0,0.0,0.0,0.0,2.0,1.0,0.0,8.0,7132.0,31101.0,0.0,0.0,0.0,0.0,2.349999999999998,18.19999999999999,0.0,0.0,1.8000000000000007,0.0,0.0,10.0,0.0
375,Conor,Bradley,Bradley,i,Knee injury - Expected back 01 Jun,,5.0,267,43.0,0.2,394,143.0,4.0,66.0,26.0,0,0,0.0,0,0.0,48,1676,0.8,8.4,0.0,0.0,2.8,215.0,84.0,0.0,0.0,261.0,104.0,214.0,56.0,274.0,80.0,283.0,94.0,,,,,,,,0.02,0.08,0.1,1.04,0.0,0.39,1.26,1.16,6.3,23,0,0.0,0.0,0.0,0.0,0.0,0.0,0.0,0.0,0.0,0.0,0.0,0.0,0.0,0.0,53.0,2001.0,0.0,0.0,0.0,0.0,0.0,0.0,0.0,0.0,0.0,0.0,0.0,0.0,0.0
376,Joe,Gomez,Gomez,i,Knock - Expected back 08 Feb,,4.9,296,47.0,0.1,417,155.0,0.4,348.0,126.0,0,0,0.0,-1,1.0,81,994,0.1,5.1,0.0,0.9,2.3,281.0,110.0,0.0,100.0,354.0,134.0,303.0,100.0,354.0,121.0,365.0,129.0,,,,,,,,0.06,0.17,0.23,1.22,0.0,0.65,2.26,1.29,6.77,23,0,33.0,0.0,0.0,0.0,2.0,0.0,0.0,0.0,0.0,0.0,0.0,1.0,0.0,-3.0,395.0,1046.0,0.0,0.0,0.010000000000000009,0.010000000000000009,0.6299999999999999,4.599999999999994,0.6000000000000014,2.0,0.7000000000000011,1.0,1.0,1.0,2.0
377,Konstantinos,Tsimikas,Tsimikas,u,has joined AS Roma on loan for the rest of the season.,,4.8,356,59.0,0.0,584,212.0,0.0,697.0,252.0,0,0,0.0,-2,2.0,0,18,0.0,0.0,0.0,0.0,0.0,744.0,258.0,0.0,0.0,744.0,258.0,739.0,258.0,726.0,257.0,743.0,258.0,,,,,,,,0.0,0.0,0.0,0.0,0.0,0.0,0.0,0.0,0.0,23,0,0.0,0.0,0.0,0.0,0.0,0.0,0.0,0.0,0.0,0.0,0.0,0.0,0.0,0.0,0.0,20.0,0.0,0.0,0.0,0.0,0.0,0.0,0.0,0.0,0.0,0.0,0.0,0.0,0.0
378,Amara,Nallo,Nallo,a,,,3.7,808,263.0,1.1,177,68.0,0.0,403.0,149.0,0,0,0.0,-3,3.0,19910,10932,0.0,0.0,0.5,0.5,0.0,497.0,176.0,100.0,100.0,487.0,175.0,475.0,173.0,437.0,164.0,487.0,174.0,,,,,,,,0.0,0.0,0.0,0.0,0.0,0.0,0.0,0.0,0.0,23,0,0.0,0.0,0.0,0.0,0.0,0.0,0.0,0.0,0.0,0.0,0.0,0.0,0.0,0.0,23143.0,11961.0,0.0,0.0,0.0,0.0,0.0,0.0,0.0,0.0,0.0,0.0,0.0,0.0,0.0
379,Rhys,Williams,R.Williams,a,,,3.7,807,262.0,0.4,276,104.0,0.0,402.0,148.0,0,-1,1.0,-3,3.0,15606,2413,0.0,0.0,0.5,0.5,0.0,496.0,175.0,,,486.0,174.0,474.0,172.0,436.0,163.0,486.0,173.0,,,,,,,,0.0,0.0,0.0,0.0,0.0,0.0,0.0,0.0,0.0,23,0,0.0,0.0,0.0,0.0,0.0,0.0,0.0,0.0,0.0,0.0,0.0,0.0,0.0,0.0,15624.0,2464.0,0.0,0.0,0.0,0.0,0.0,0.0,0.0,0.0,0.0,0.0,0.0,0.0,0.0
380,Calvin,Ramsay,Ramsay,a,,,3.8,787,243.0,0.2,347,126.0,0.0,414.0,159.0,0,0,0.0,-2,2.0,240,510,0.0,0.0,0.5,0.5,0.0,504.0,182.0,,,495.0,182.0,484.0,181.0,446.0,172.0,495.0,181.0,,,,,,,,0.0,0.0,0.0,0.0,0.0,0.0,0.0,0.0,0.0,23,0,0.0,0.0,0.0,0.0,0.0,0.0,0.0,0.0,0.0,0.0,0.0,0.0,0.0,0.0,257.0,579.0,0.0,0.0,0.0,0.0,0.0,0.0,0.0,0.0,0.0,0.0,0.0,0.0,0.0
381,Mohamed,Salah,M.Salah,a,,,14.0,2,1.0,14.3,26,11.0,1.0,296.0,132.0,5,0,0.0,-5,5.0,21654,11478,0.1,4.9,1.5,1.5,4.6,31.0,15.0,100.0,100.0,129.0,44.0,17.0,16.0,17.0,8.0,19.0,15.0,,4.0,1.0,,,,,0.35,0.21,0.56,1.34,0.0,0.28,1.7,0.92,3.61,23,5,90.0,0.0,1.0,0.0,3.0,0.0,0.0,0.0,0.0,0.0,0.0,1.0,0.0,12.0,26705.0,12549.0,0.0,0.34999999999999964,0.52,0.8700000000000001,2.3500000000000014,25.19999999999999,31.0,93.0,14.900000000000006,0.0,2.0,2.0,4.0
382,Florian,Wirtz,Wirtz,a,,,8.3,14,9.0,12.4,32,12.0,5.6,24.0,10.0,2,0,0.0,-2,2.0,62856,180947,0.7,10.0,6.1,6.1,3.8,96.0,46.0,100.0,100.0,115.0,40.0,7.0,7.0,23.0,11.0,13.0,11.0,4.0,,,,,,,0.26,0.2,0.46,1.13,0.0,0.4,1.14,1.02,6.36,23,2,90.0,0.0,0.0,0.0,3.0,0.0,0.0,0.0,0.0,0.0,0.0,1.0,0.0,6.0,117101.0,187688.0,0.0,0.08999999999999986,0.1200000000000001,0.20999999999999996,2.3500000000000014,5.399999999999977,39.0,15.0,5.900000000000006,0.0,1.0,3.0,4.0
383,Luis,Díaz Marulanda,Luis Díaz,u,Has joined Bayern Munch permanently.,,8.0,15,10.0,0.0,597,227.0,0.0,805.0,361.0,0,0,0.0,0,0.0,0,11,0.0,0.0,0.0,0.0,0.0,807.0,361.0,0.0,0.0,807.0,361.0,807.0,361.0,807.0,361.0,807.0,361.0,,,,,,,,0.0,0.0,0.0,0.0,0.0,0.0,0.0,0.0,0.0,23,0,0.0,0.0,0.0,0.0,0.0,0.0,0.0,0.0,0.0,0.0,0.0,0.0,0.0,0.0,0.0,13.0,0.0,0.0,0.0,0.0,0.0,0.0,0.0,0.0,0.0,0.0,0.0,0.0,0.0
384,Cody,Gakpo,Gakpo,a,,,7.3,28,19.0,5.5,71,23.0,2.8,150.0,63.0,2,0,0.0,-2,2.0,7714,40872,0.4,11.0,3.3,3.3,3.8,95.0,45.0,100.0,100.0,114.0,39.0,25.0,24.0,16.0,7.0,22.0,18.0,3.0,,3.0,,,,,0.31,0.21,0.52,0.98,0.0,0.3,1.39,1.02,4.64,23,2,73.0,0.0,0.0,0.0,2.0,0.0,0.0,0.0,0.0,0.0,0.0,1.0,0.0,9.0,12959.0,48289.0,0.0,0.04999999999999982,0.16999999999999993,0.22000000000000064,1.1499999999999986,4.800000000000011,13.899999999999977,10.0,2.8999999999999915,1.0,0.0,2.0,3.0
385,Federico,Chiesa,Chiesa,a,,,6.3,67,45.0,0.3,324,108.0,0.6,316.0,141.0,0,0,0.0,-2,2.0,136,1269,0.1,4.4,1.1,0.6,1.8,361.0,159.0,100.0,50.0,312.0,138.0,348.0,183.0,209.0,115.0,319.0,154.0,,,,,,,,0.46,0.19,0.65,1.72,0.0,0.0,2.35,0.39,9.78,23,0,0.0,0.0,0.0,0.0,0.0,0.0,0.0,0.0,0.0,0.0,0.0,0.0,0.0,0.0,138.0,1579.0,0.0,0.0,0.0,0.0,0.0,0.0,0.0,0.0,0.0,0.0,0.0,0.0,0.0
386,Alexis,Mac Allister,Mac Allister,a,,,6.2,74,48.0,1.2,173,59.0,1.4,259.0,109.0,1,0,0.0,-3,3.0,2556,5635,0.2,7.4,1.9,1.9,2.1,313.0,138.0,100.0,100.0,202.0,86.0,76.0,58.0,117.0,68.0,122.0,68.0,,,4.0,,,,,0.13,0.07,0.2,1.07,0.0,0.31,1.3,1.11,7.54,23,1,58.0,0.0,0.0,0.0,2.0,0.0,0.0,0.0,0.0,0.0,0.0,1.0,0.0,8.0,2823.0,6655.0,0.0,0.029999999999999805,0.030000000000000027,0.06000000000000005,0.629999999999999,11.599999999999994,3.7999999999999545,2.0,1.7000000000000028,2.0,3.0,1.0,6.0
387,Dominik,Szoboszlai,Szoboszlai,a,,,6.7,48,30.0,6.2,60,21.0,4.2,58.0,24.0,13,1,-1.0,2,-2.0,175280,34402,0.6,12.5,4.7,4.7,3.8,93.0,43.0,100.0,100.0,44.0,11.0,2.0,2.0,70.0,45.0,11.0,9.0,2.0,2.0,,,,,,0.16,0.16,0.32,1.15,0.0,0.32,1.41,1.0,8.9,23,13,90.0,1.0,1.0,0.0,3.0,0.0,0.0,0.0,0.0,0.0,0.0,1.0,3.0,46.0,188978.0,40885.0,0.0,0.04999999999999982,0.26000000000000023,0.3099999999999996,2.3500000000000014,63.39999999999998,46.69999999999993,9.0,11.900000000000006,1.0,1.0,5.0,7.0
388,Curtis,Jones,C.Jones,a,,,5.4,168,104.0,0.1,436,148.0,2.2,189.0,78.0,1,0,0.0,-1,1.0,422,1837,0.4,7.4,2.7,2.7,2.0,324.0,144.0,100.0,100.0,214.0,89.0,70.0,56.0,208.0,114.0,154.0,86.0,,,,,,,,0.09,0.18,0.27,1.39,0.0,0.17,1.67,0.83,9.74,23,1,31.0,0.0,0.0,0.0,1.0,0.0,0.0,0.0,0.0,0.0,0.0,0.0,0.0,3.0,523.0,2085.0,0.0,0.12,0.13000000000000034,0.25,1.709999999999999,3.799999999999983,5.800000000000011,7.0,1.7000000000000028,0.0,1.0,2.0,3.0
390,Ryan,Gravenberch,Gravenberch,a,,,5.6,131,80.0,5.2,73,24.0,2.6,156.0,66.0,1,-1,1.0,1,-1.0,16619,110905,0.5,17.3,3.1,3.1,4.6,29.0,14.0,100.0,100.0,46.0,12.0,54.0,45.0,177.0,103.0,61.0,41.0,,,,,,,,0.06,0.07,0.13,1.04,0.0,0.34,1.27,1.02,9.3,23,1,90.0,0.0,0.0,0.0,3.0,0.0,0.0,0.0,1.0,0.0,0.0,1.0,0.0,11.0,20810.0,123690.0,0.0,0.040000000000000036,0.06000000000000005,0.10000000000000009,2.349999999999998,20.200000000000045,20.80000000000001,3.0,4.3999999999999915,2.0,4.0,4.0,10.0
393,Stefan,Bajčetić Maquieira,Bajcetic,i,Hamstring injury - Unknown return date,,4.3,600,347.0,0.0,628,248.0,0.0,563.0,193.0,0,0,0.0,-2,2.0,41,85,0.0,0.0,0.0,0.0,0.0,635.0,238.0,0.0,0.0,626.0,229.0,623.0,234.0,595.0,221.0,627.0,230.0,,,,,,,,0.0,0.0,0.0,0.0,0.0,0.0,0.0,0.0,0.0,23,0,0.0,0.0,0.0,0.0,0.0,0.0,0.0,0.0,0.0,0.0,0.0,0.0,0.0,0.0,54.0,107.0,0.0,0.0,0.0,0.0,0.0,0.0,0.0,0.0,0.0,0.0,0.0,0.0,0.0
394,James,McConnell,McConnell,u,has joined Ajax on loan for the rest of the season.,,4.4,538,321.0,0.0,668,274.0,0.0,592.0,210.0,0,0,0.0,-1,1.0,0,17,0.0,0.0,0.0,0.0,0.0,656.0,252.0,0.0,0.0,648.0,244.0,645.0,249.0,619.0,237.0,649.0,245.0,,,,,,,,0.0,0.0,0.0,0.0,0.0,0.0,0.0,0.0,0.0,23,0,0.0,0.0,0.0,0.0,0.0,0.0,0.0,0.0,0.0,0.0,0.0,0.0,0.0,0.0,0.0,18.0,0.0,0.0,0.0,0.0,0.0,0.0,0.0,0.0,0.0,0.0,0.0,0.0,0.0
182,James,Trafford,Trafford,a,,,4.5,425,23.0,0.9,192,24.0,0.0,623.0,88.0,0,0,0.0,-5,5.0,112,1201,0.0,2.4,0.5,0.5,3.7,98.0,9.0,,,320.0,25.0,674.0,85.0,652.0,73.0,394.0,26.0,,,,,,,,0.0,0.0,0.0,1.32,3.67,0.33,1.33,1.0,0.0,23,0,0.0,0.0,0.0,0.0,0.0,0.0,0.0,0.0,0.0,0.0,0.0,0.0,0.0,0.0,122.0,1385.0,0.0,0.0,0.0,0.0,0.0,0.0,0.0,0.0,0.0,0.0,0.0,0.0,0.0
260,Marc,Guéhi,Guéhi,a,,,5.2,209,28.0,37.4,4,2.0,3.2,117.0,45.0,6,0,0.0,7,-7.0,158327,169683,0.6,21.3,3.7,3.7,5.3,10.0,3.0,100.0,100.0,29.0,12.0,160.0,40.0,77.0,6.0,63.0,11.0,,,,,,,,0.1,0.08,0.18,1.34,0.0,0.38,1.1,1.0,8.05,23,6,90.0,0.0,0.0,1.0,0.0,0.0,0.0,0.0,0.0,0.0,0.0,1.0,0.0,29.0,198477.0,221157.0,0.0,0.06999999999999984,0.18999999999999995,0.2599999999999998,0.6099999999999994,25.999999999999943,16.5,21.0,6.3999999999999915,0.0,5.0,5.0,5.0
399,Ederson,Santana de Moraes,Ederson M.,u,has joined Fenerbache permanently.,,5.3,186,5.0,0.8,200,25.0,0.0,761.0,93.0,0,0,0.0,-2,2.0,0,339,0.0,0.0,0.0,0.0,0.0,781.0,93.0,0.0,0.0,781.0,93.0,780.0,92.0,775.0,89.0,781.0,93.0,,,,,,,,0.0,0.0,0.0,0.0,0.0,0.0,0.0,0.0,0.0,23,0,0.0,0.0,0.0,0.0,0.0,0.0,0.0,0.0,0.0,0.0,0.0,0.0,0.0,0.0,0.0,382.0,0.0,0.0,0.0,0.0,0.0,0.0,0.0,0.0,0.0,0.0,0.0,0.0,0.0
400,Stefan,Ortega Moreno,Ortega Moreno,a,,,4.7,375,16.0,0.2,403,60.0,0.0,689.0,89.0,0,0,0.0,-3,3.0,99,198,0.0,0.0,0.5,0.5,0.0,740.0,91.0,,,740.0,91.0,735.0,87.0,720.0,78.0,739.0,91.0,,,,,,,,0.0,0.0,0.0,0.0,0.0,0.0,0.0,0.0,0.0,23,0,0.0,0.0,0.0,0.0,0.0,0.0,0.0,0.0,0.0,0.0,0.0,0.0,0.0,0.0,102.0,237.0,0.0,0.0,0.0,0.0,0.0,0.0,0.0,0.0,0.0,0.0,0.0,0.0,0.0
401,Marcus,Bettinelli,Bettinelli,a,,,3.8,776,92.0,0.3,339,47.0,0.0,406.0,25.0,0,0,0.0,-2,2.0,8507,2682,0.0,0.0,0.5,0.5,0.0,499.0,31.0,100.0,100.0,490.0,31.0,478.0,17.0,440.0,2.0,490.0,31.0,,,,,,,,0.0,0.0,0.0,0.0,0.0,0.0,0.0,0.0,0.0,23,0,0.0,0.0,0.0,0.0,0.0,0.0,0.0,0.0,0.0,0.0,0.0,0.0,0.0,0.0,9213.0,3105.0,0.0,0.0,0.0,0.0,0.0,0.0,0.0,0.0,0.0,0.0,0.0,0.0,0.0
403,Joško,Gvardiol,Gvardiol,i,Leg injury - Unknown return date,,5.9,102,6.0,3.8,87,30.0,0.4,351.0,127.0,0,-1,1.0,-1,1.0,120,46614,0.1,13.1,0.0,0.0,4.8,25.0,13.0,0.0,0.0,98.0,43.0,217.0,58.0,106.0,16.0,130.0,42.0,,,,,,,,0.15,0.04,0.19,1.06,0.0,0.42,0.9,1.04,6.85,23,0,0.0,0.0,0.0,0.0,0.0,0.0,0.0,0.0,0.0,0.0,0.0,0.0,0.0,0.0,134.0,60644.0,0.0,0.0,0.0,0.0,0.0,0.0,0.0,0.0,0.0,0.0,0.0,0.0,0.0
486,Anthony,Elanga,Elanga,a,,,6.5,53,34.0,2.6,112,34.0,0.5,340.0,153.0,1,0,0.0,-5,5.0,1173,2453,0.1,4.5,0.0,0.5,1.5,398.0,178.0,100.0,100.0,341.0,150.0,166.0,112.0,201.0,110.0,276.0,136.0,,,,,,,,0.15,0.06,0.21,1.19,0.0,0.25,1.86,0.87,3.23,23,1,27.0,0.0,0.0,0.0,1.0,0.0,0.0,0.0,0.0,0.0,0.0,0.0,0.0,4.0,1423.0,2773.0,0.0,0.07999999999999985,0.010000000000000009,0.09000000000000008,0.5199999999999996,0.0,1.5,4.0,0.5,0.0,0.0,0.0,0.0
487,Harvey,Barnes,Barnes,a,,,6.1,81,54.0,1.5,152,49.0,5.2,30.0,15.0,2,0,0.0,-4,4.0,12327,32968,0.9,11.5,4.7,5.2,3.2,162.0,68.0,,,160.0,62.0,87.0,64.0,24.0,12.0,54.0,36.0,,,,,,,,0.39,0.15,0.54,1.03,0.0,0.32,1.12,0.88,4.89,23,2,90.0,0.0,0.0,0.0,2.0,0.0,0.0,0.0,0.0,0.0,0.0,1.0,0.0,3.0,18801.0,36315.0,0.0,0.5700000000000003,0.019999999999999796,0.5899999999999999,1.1600000000000001,1.1999999999999886,14.399999999999977,20.0,3.6000000000000085,0.0,0.0,4.0,4.0
404,Manuel,Akanji,Akanji,u,has joined Inter Milan on loan for the rest of the season.,,5.4,169,19.0,0.3,333,123.0,0.0,772.0,261.0,0,0,0.0,-1,1.0,0,107,0.0,0.0,0.0,0.0,0.0,784.0,262.0,0.0,0.0,784.0,262.0,783.0,262.0,779.0,261.0,784.0,262.0,,,,,,,,0.0,0.0,0.0,0.0,0.0,0.0,0.0,0.0,0.0,23,0,0.0,0.0,0.0,0.0,0.0,0.0,0.0,0.0,0.0,0.0,0.0,0.0,0.0,0.0,0.0,115.0,0.0,0.0,0.0,0.0,0.0,0.0,0.0,0.0,0.0,0.0,0.0,0.0,0.0
405,Nathan,Aké,Aké,a,,,5.3,187,24.0,0.6,229,87.0,2.4,170.0,64.0,0,0,0.0,-2,2.0,1013,3603,0.5,4.7,2.9,2.9,2.1,311.0,118.0,,,328.0,127.0,250.0,74.0,344.0,114.0,343.0,119.0,,,,,,,,0.05,0.08,0.13,1.46,0.0,0.37,1.3,0.74,6.51,23,0,0.0,0.0,0.0,0.0,0.0,0.0,0.0,0.0,0.0,0.0,0.0,0.0,0.0,0.0,1825.0,4094.0,0.0,0.0,0.0,0.0,0.0,0.0,0.0,0.0,0.0,0.0,0.0,0.0,0.0
406,Abdukodir,Khusanov,Khusanov,a,,,5.4,184,22.0,0.4,283,109.0,2.4,171.0,65.0,6,0,0.0,-1,1.0,2493,3360,0.4,4.4,2.9,2.9,2.7,231.0,90.0,100.0,100.0,308.0,118.0,352.0,123.0,786.0,263.0,369.0,132.0,,,,,,,,0.0,0.01,0.01,1.38,0.0,0.32,0.81,0.97,8.53,23,6,90.0,0.0,0.0,1.0,0.0,0.0,0.0,0.0,0.0,0.0,0.0,1.0,0.0,27.0,4228.0,3775.0,0.0,0.0,0.01999999999999999,0.01999999999999999,0.6099999999999994,15.600000000000009,11.799999999999997,0.0,2.700000000000001,2.0,4.0,2.0,6.0
496,Garang,Kuol,Kuol,u,has joined Sparta Prague permanently.,,4.4,549,328.0,0.0,626,246.0,0.0,601.0,216.0,0,0,0.0,-1,1.0,0,16,0.0,0.0,0.0,0.0,0.0,665.0,258.0,0.0,0.0,658.0,251.0,654.0,255.0,629.0,244.0,659.0,252.0,,,,,,,,0.0,0.0,0.0,0.0,0.0,0.0,0.0,0.0,0.0,23,0,0.0,0.0,0.0,0.0,0.0,0.0,0.0,0.0,0.0,0.0,0.0,0.0,0.0,0.0,0.0,19.0,0.0,0.0,0.0,0.0,0.0,0.0,0.0,0.0,0.0,0.0,0.0,0.0,0.0
497,Lewis,Miley,L.Miley,a,,,4.5,459,278.0,3.4,97,30.0,3.5,100.0,41.0,2,0,0.0,0,0.0,19483,39967,0.8,12.9,3.0,3.5,3.1,168.0,69.0,100.0,100.0,163.0,63.0,111.0,79.0,168.0,98.0,147.0,81.0,,,,,,,,0.11,0.16,0.27,1.08,0.0,0.16,1.27,0.87,9.77,23,2,90.0,0.0,0.0,0.0,2.0,0.0,0.0,0.0,0.0,0.0,0.0,1.0,0.0,14.0,22796.0,44610.0,0.0,0.18000000000000016,0.050000000000000044,0.22999999999999998,1.1600000000000001,20.19999999999999,37.10000000000002,19.0,7.600000000000001,3.0,0.0,1.0,4.0
407,Matheus,Nunes,Matheus N.,a,,,5.4,174,21.0,3.3,99,37.0,5.0,36.0,12.0,11,-1,1.0,-1,1.0,49487,40909,0.9,19.4,5.5,4.1,5.2,11.0,4.0,100.0,75.0,53.0,25.0,86.0,21.0,290.0,90.0,95.0,26.0,,,4.0,,,,,0.01,0.07,0.08,1.05,0.0,0.43,0.86,0.97,7.24,23,11,90.0,0.0,1.0,1.0,0.0,0.0,0.0,0.0,1.0,0.0,0.0,1.0,3.0,36.0,49730.0,78055.0,0.0,0.0,0.15000000000000013,0.15000000000000013,0.610000000000003,25.399999999999977,19.49999999999997,2.0,4.700000000000003,1.0,2.0,2.0,3.0
408,Rúben,dos Santos Gato Alves Dias,Rúben,i,Hamstring injury - Expected back 08 Feb,,5.5,139,16.0,3.4,96,36.0,2.2,191.0,75.0,0,-1,1.0,0,0.0,108,39629,0.4,17.3,0.0,0.0,4.8,23.0,11.0,0.0,0.0,49.0,22.0,232.0,66.0,225.0,60.0,136.0,43.0,,,,,,,,0.03,0.03,0.06,1.04,0.0,0.53,0.84,1.0,6.97,23,0,0.0,0.0,0.0,0.0,0.0,0.0,0.0,0.0,0.0,0.0,0.0,0.0,0.0,0.0,122.0,50893.0,0.0,0.0,0.0,0.0,0.0,0.0,0.0,0.0,0.0,0.0,0.0,0.0,0.0
409,John,Stones,Stones,i,Thigh injury - Unknown return date,,5.4,158,17.0,0.6,241,91.0,0.0,768.0,260.0,0,0,0.0,-1,1.0,28,646,0.0,2.2,0.0,0.0,1.7,368.0,138.0,0.0,0.0,351.0,133.0,379.0,137.0,434.0,162.0,396.0,142.0,,,,,,,,0.0,0.02,0.02,1.29,0.0,0.26,2.05,1.03,4.87,23,0,0.0,0.0,0.0,0.0,0.0,0.0,0.0,0.0,0.0,0.0,0.0,0.0,0.0,0.0,30.0,710.0,0.0,0.0,0.0,0.0,0.0,0.0,0.0,0.0,0.0,0.0,0.0,0.0,0.0
410,Rico,Lewis,Lewis,a,,,4.6,396,69.0,1.2,171,64.0,0.2,379.0,142.0,0,0,0.0,-4,4.0,614,3184,0.0,4.1,0.7,0.7,1.9,335.0,130.0,100.0,100.0,366.0,141.0,225.0,64.0,306.0,97.0,340.0,117.0,,,,,,,,0.03,0.38,0.41,1.46,0.0,0.29,1.45,0.87,5.5,23,0,0.0,0.0,0.0,0.0,0.0,0.0,0.0,0.0,0.0,0.0,0.0,0.0,0.0,0.0,1060.0,3719.0,0.0,0.0,0.0,0.0,0.0,0.0,0.0,0.0,0.0,0.0,0.0,0.0,0.0
411,Nico,O'Reilly,O'Reilly,a,,,5.0,261,41.0,5.6,69,23.0,1.8,223.0,89.0,6,-1,1.0,0,0.0,8756,173544,0.4,16.8,2.3,2.3,3.8,89.0,34.0,100.0,100.0,92.0,40.0,79.0,19.0,97.0,11.0,75.0,17.0,,,,,,,,0.12,0.08,0.2,1.19,0.0,0.5,0.84,0.95,6.82,23,6,90.0,0.0,0.0,1.0,0.0,0.0,0.0,0.0,0.0,0.0,0.0,1.0,0.0,24.0,12609.0,222987.0,0.0,0.04999999999999982,0.07000000000000006,0.1200000000000001,0.610000000000003,19.0,17.899999999999977,3.0,4.0,2.0,7.0,2.0,9.0
412,Vitor,de Oliveira Nunes dos Reis,Vitor Reis,u,Has joined Girona on loan for the rest of the season.,,5.0,282,44.0,0.0,761,258.0,0.0,748.0,258.0,0,0,0.0,0,0.0,0,5,0.0,0.0,0.0,0.0,0.0,778.0,261.0,0.0,0.0,778.0,261.0,776.0,261.0,770.0,260.0,778.0,261.0,,,,,,,,0.0,0.0,0.0,0.0,0.0,0.0,0.0,0.0,0.0,23,0,0.0,0.0,0.0,0.0,0.0,0.0,0.0,0.0,0.0,0.0,0.0,0.0,0.0,0.0,0.0,5.0,0.0,0.0,0.0,0.0,0.0,0.0,0.0,0.0,0.0,0.0,0.0,0.0,0.0
413,Omar,Marmoush,Marmoush,a,,,8.3,13,8.0,2.4,117,39.0,2.0,212.0,90.0,10,0,0.0,-2,2.0,12443,4030,0.2,3.1,2.5,2.5,2.4,277.0,118.0,100.0,100.0,345.0,152.0,301.0,171.0,179.0,105.0,314.0,151.0,,1.0,2.0,,,,,0.49,0.18,0.67,0.86,0.0,0.32,0.97,0.97,6.5,23,10,73.0,1.0,0.0,1.0,0.0,0.0,0.0,0.0,0.0,0.0,0.0,1.0,2.0,31.0,14821.0,4288.0,0.0,0.25,0.08000000000000002,0.33000000000000007,0.18999999999999995,38.4,18.799999999999997,31.0,8.8,3.0,0.0,1.0,4.0
414,Phil,Foden,Foden,a,,,8.4,11,6.0,15.0,23,10.0,1.8,231.0,97.0,1,-2,2.0,4,-4.0,4779,1134031,0.2,12.1,2.3,2.3,4.9,19.0,8.0,100.0,100.0,51.0,13.0,3.0,3.0,35.0,20.0,9.0,7.0,1.0,3.0,,,,,,0.27,0.19,0.46,1.1,0.0,0.49,0.77,1.04,6.53,23,1,29.0,0.0,0.0,0.0,0.0,0.0,0.0,0.0,0.0,0.0,0.0,0.0,0.0,3.0,10705.0,1330374.0,0.0,0.0,0.04999999999999982,0.05000000000000071,0.5,7.399999999999977,25.799999999999955,0.0,3.3000000000000114,2.0,0.0,2.0,4.0
415,Sávio,Moreira de Oliveira,Savinho,i,Thigh injury - Expected back 21 Feb,,6.9,43,25.0,0.4,269,91.0,0.2,401.0,185.0,0,0,0.0,-1,1.0,33,671,0.0,3.8,0.0,0.0,1.7,371.0,164.0,0.0,0.0,353.0,158.0,173.0,117.0,89.0,55.0,231.0,114.0,,,,,,,,0.22,0.2,0.42,1.08,0.0,0.34,0.85,0.85,7.46,23,0,0.0,0.0,0.0,0.0,0.0,0.0,0.0,0.0,0.0,0.0,0.0,0.0,0.0,0.0,39.0,764.0,0.0,0.0,0.0,0.0,0.0,0.0,0.0,0.0,0.0,0.0,0.0,0.0,0.0
416,Bernardo,Mota Veiga de Carvalho e Silva,Bernardo,a,,,6.2,73,47.0,0.5,253,85.0,2.8,148.0,61.0,6,0,0.0,-3,3.0,1326,2180,0.5,8.7,3.3,3.3,2.3,288.0,125.0,,,196.0,84.0,42.0,39.0,212.0,118.0,115.0,63.0,5.0,,,,,,,0.04,0.1,0.14,1.16,0.0,0.43,0.92,1.03,7.8,23,6,90.0,0.0,1.0,1.0,0.0,0.0,0.0,0.0,0.0,0.0,0.0,1.0,0.0,23.0,1742.0,2562.0,0.0,0.0,0.06000000000000005,0.06000000000000005,0.6099999999999994,37.39999999999998,32.0,0.0,6.899999999999999,2.0,3.0,5.0,10.0
417,Rayan,Cherki,Cherki,a,,,6.6,50,32.0,10.4,41,15.0,2.8,149.0,62.0,3,-1,1.0,1,-1.0,26604,362071,0.4,12.1,3.3,3.3,4.4,44.0,19.0,100.0,100.0,101.0,33.0,13.0,13.0,57.0,35.0,32.0,26.0,2.0,4.0,,,,,,0.18,0.53,0.71,1.22,0.0,0.47,0.85,1.04,8.61,23,3,72.0,0.0,0.0,1.0,0.0,0.0,0.0,0.0,0.0,0.0,0.0,1.0,0.0,9.0,39231.0,415993.0,0.0,0.15000000000000013,0.03000000000000025,0.1800000000000006,0.19000000000000128,2.6000000000000227,18.300000000000068,17.0,3.799999999999997,1.0,2.0,4.0,7.0
418,Jérémy,Doku,Doku,i,Calf injury - Expected back 11 Feb,,6.4,58,37.0,2.7,110,32.0,2.6,158.0,68.0,1,0,0.0,-1,1.0,3176,40654,0.4,11.2,0.0,3.1,3.6,120.0,55.0,0.0,100.0,141.0,51.0,11.0,11.0,31.0,17.0,24.0,19.0,,,3.0,,,,,0.14,0.32,0.46,1.19,0.0,0.38,0.99,0.99,6.03,23,1,16.0,0.0,0.0,0.0,0.0,0.0,0.0,0.0,0.0,0.0,0.0,0.0,0.0,3.0,8467.0,43342.0,0.0,0.0,0.0,0.0,0.41999999999999993,1.6000000000000227,0.20000000000004547,0.0,0.20000000000000284,0.0,0.0,1.0,1.0
420,İlkay,Gündoğan,Gündoğan,u,has joined Galatasaray permanently.,,6.3,63,42.0,0.1,543,194.0,0.0,796.0,357.0,0,0,0.0,-2,2.0,0,15,0.0,0.0,0.0,0.0,0.0,800.0,357.0,0.0,0.0,800.0,357.0,800.0,357.0,800.0,357.0,800.0,357.0,,,,,,,,0.0,0.0,0.0,0.0,0.0,0.0,0.0,0.0,0.0,23,0,0.0,0.0,0.0,0.0,0.0,0.0,0.0,0.0,0.0,0.0,0.0,0.0,0.0,0.0,0.0,16.0,0.0,0.0,0.0,0.0,0.0,0.0,0.0,0.0,0.0,0.0,0.0,0.0,0.0
421,Rodrigo 'Rodri',Hernandez Cascante,Rodrigo,a,,,6.3,66,44.0,0.4,262,88.0,2.6,157.0,67.0,3,0,0.0,-2,2.0,1102,1978,0.4,4.0,3.1,3.1,2.3,289.0,126.0,100.0,100.0,283.0,126.0,148.0,102.0,325.0,170.0,275.0,135.0,,,,,,,,0.02,0.12,0.14,1.34,0.0,0.28,0.85,1.0,12.8,23,3,90.0,0.0,0.0,1.0,0.0,0.0,0.0,0.0,0.0,0.0,0.0,1.0,0.0,17.0,1485.0,2241.0,0.0,0.0,0.06999999999999995,0.06999999999999995,0.6100000000000012,20.200000000000003,20.69999999999999,0.0,4.100000000000001,3.0,4.0,4.0,11.0
422,Mateo,Kovačić,Kovačić,i,Ankle injury - Unknown return date,,5.9,90,57.0,0.0,674,279.0,0.0,792.0,354.0,0,0,0.0,-1,1.0,10,27,0.0,0.2,0.0,0.0,1.0,483.0,229.0,0.0,0.0,466.0,215.0,452.0,219.0,795.0,354.0,482.0,223.0,,,,,,,,0.0,0.0,0.0,0.0,0.0,0.0,0.0,0.0,0.0,23,0,0.0,0.0,0.0,0.0,0.0,0.0,0.0,0.0,0.0,0.0,0.0,0.0,0.0,0.0,11.0,27.0,0.0,0.0,0.0,0.0,0.0,0.0,0.0,0.0,0.0,0.0,0.0,0.0,0.0
423,Nico,González Iglesias,N.Gonzalez,a,,,5.9,99,64.0,0.1,465,158.0,1.0,292.0,131.0,0,0,0.0,-1,1.0,99,557,0.2,9.3,1.5,0.4,2.9,203.0,87.0,100.0,25.0,167.0,65.0,136.0,97.0,271.0,144.0,191.0,102.0,,,,,,,,0.04,0.06,0.1,1.06,0.0,0.47,0.88,1.01,11.63,23,0,0.0,0.0,0.0,0.0,0.0,0.0,0.0,0.0,0.0,0.0,0.0,0.0,0.0,0.0,101.0,693.0,0.0,0.0,0.0,0.0,0.0,0.0,0.0,0.0,0.0,0.0,0.0,0.0,0.0
425,Claudio,Echeverri,Echeverri,u,has joined Girona on loan for the rest of the season.,,5.4,183,114.0,0.0,725,309.0,0.0,780.0,346.0,0,0,0.0,-1,1.0,0,1,0.0,0.0,0.0,0.0,0.0,790.0,350.0,0.0,0.0,790.0,350.0,789.0,350.0,785.0,349.0,790.0,350.0,,,,,,,,0.0,0.0,0.0,0.0,0.0,0.0,0.0,0.0,0.0,23,0,0.0,0.0,0.0,0.0,0.0,0.0,0.0,0.0,0.0,0.0,0.0,0.0,0.0,0.0,0.0,1.0,0.0,0.0,0.0,0.0,0.0,0.0,0.0,0.0,0.0,0.0,0.0,0.0,0.0
427,Tijjani,Reijnders,Reijnders,a,,,5.1,232,143.0,11.1,40,14.0,3.4,104.0,44.0,3,-1,1.0,-4,4.0,12433,89194,0.7,16.1,3.9,3.9,3.7,103.0,50.0,,,119.0,41.0,62.0,50.0,33.0,19.0,51.0,35.0,3.0,,,,,,,0.23,0.12,0.35,1.03,0.0,0.45,0.96,1.09,5.33,23,3,60.0,0.0,0.0,1.0,0.0,0.0,0.0,0.0,0.0,0.0,0.0,1.0,0.0,4.0,15711.0,106184.0,0.0,0.040000000000000036,0.030000000000000027,0.07000000000000028,0.11000000000000121,0.0,5.300000000000011,9.0,1.1999999999999886,0.0,0.0,2.0,2.0
428,Sverre,Nypan,Nypan,u,Has joined Middlesbrough on loan for the rest of the season.,,5.0,278,170.0,0.0,713,302.0,0.0,745.0,322.0,0,0,0.0,0,0.0,0,4,0.0,0.0,0.0,0.0,0.0,775.0,339.0,0.0,0.0,775.0,339.0,773.0,339.0,766.0,336.0,774.0,338.0,,,,,,,,0.0,0.0,0.0,0.0,0.0,0.0,0.0,0.0,0.0,23,0,0.0,0.0,0.0,0.0,0.0,0.0,0.0,0.0,0.0,0.0,0.0,0.0,0.0,0.0,0.0,4.0,0.0,0.0,0.0,0.0,0.0,0.0,0.0,0.0,0.0,0.0,0.0,0.0,0.0
430,Erling,Haaland,Haaland,a,,,15.0,1,1.0,71.7,1,1.0,2.6,159.0,17.0,1,-1,1.0,10,-10.0,23354,279181,0.2,11.1,3.1,3.1,7.2,1.0,1.0,100.0,100.0,1.0,1.0,159.0,13.0,1.0,1.0,1.0,1.0,,,1.0,,,,,0.87,0.06,0.93,1.18,0.0,0.47,0.94,1.03,3.38,23,1,17.0,0.0,0.0,0.0,0.0,0.0,0.0,0.0,0.0,0.0,0.0,0.0,0.0,3.0,30302.0,293884.0,0.0,0.0,0.0,0.0,0.41999999999999815,0.0,0.0,0.0,0.0,0.0,0.0,0.0,0.0
736,Gianluigi,Donnarumma,Donnarumma,a,,,5.6,128,3.0,9.2,45,7.0,4.0,71.0,8.0,8,-1,1.0,1,-1.0,22701,82583,0.7,14.1,4.5,4.5,4.0,70.0,6.0,,,80.0,15.0,795.0,93.0,793.0,92.0,255.0,15.0,,,,,,,,0.0,0.0,0.0,1.11,2.2,0.45,0.85,1.0,0.0,23,8,90.0,0.0,0.0,1.0,0.0,0.0,0.0,0.0,0.0,0.0,1.0,1.0,2.0,31.0,29726.0,93909.0,0.0,0.0,0.0,0.0,0.6099999999999994,15.600000000000023,0.0,0.0,1.6000000000000014,0.0,2.0,10.0,0.0
514,Willy,Boly,Boly,a,,,3.8,774,231.0,0.4,280,107.0,0.0,404.0,150.0,0,0,0.0,-2,2.0,1721,937,0.0,0.0,0.0,0.0,0.0,498.0,177.0,100.0,100.0,488.0,176.0,476.0,174.0,438.0,165.0,488.0,175.0,,,,,,,,0.0,0.0,0.0,0.0,0.0,0.0,0.0,0.0,0.0,23,0,0.0,0.0,0.0,0.0,0.0,0.0,0.0,0.0,0.0,0.0,0.0,0.0,0.0,0.0,2016.0,1064.0,0.0,0.0,0.0,0.0,0.0,0.0,0.0,0.0,0.0,0.0,0.0,0.0,0.0
739,Divine,Mukasa,Mukasa,a,,,4.4,557,334.0,0.0,665,272.0,0.2,368.0,165.0,0,0,0.0,-1,1.0,92,135,0.0,0.5,0.7,0.7,1.0,451.0,202.0,,,457.0,209.0,358.0,186.0,411.0,203.0,437.0,198.0,,,,,,,,0.0,0.76,0.76,1.22,0.0,0.0,0.0,0.0,3.6,23,0,0.0,0.0,0.0,0.0,0.0,0.0,0.0,0.0,0.0,0.0,0.0,0.0,0.0,0.0,111.0,158.0,0.0,0.0,0.0,0.0,0.0,0.0,0.0,0.0,0.0,0.0,0.0,0.0,0.0
742,Ryan,McAidoo,McAidoo,a,,,4.5,496,306.0,0.0,722,307.0,0.0,677.0,274.0,0,0,0.0,0,0.0,31,46,0.0,0.0,0.5,0.5,0.0,730.0,307.0,,,730.0,307.0,725.0,307.0,707.0,301.0,729.0,306.0,,,,,,,,0.0,0.0,0.0,0.0,0.0,0.0,0.0,0.0,0.0,23,0,0.0,0.0,0.0,0.0,0.0,0.0,0.0,0.0,0.0,0.0,0.0,0.0,0.0,0.0,33.0,53.0,0.0,0.0,0.0,0.0,0.0,0.0,0.0,0.0,0.0,0.0,0.0,0.0,0.0
764,Reigan,Heskey,Heskey,a,,,4.5,479,292.0,0.0,789,347.0,0.0,662.0,261.0,0,0,0.0,0,0.0,9,9,0.0,0.0,0.5,0.5,0.0,716.0,295.0,,,715.0,294.0,710.0,294.0,692.0,288.0,714.0,293.0,,,,,,,,0.0,0.0,0.0,0.0,0.0,0.0,0.0,0.0,0.0,23,0,0.0,0.0,0.0,0.0,0.0,0.0,0.0,0.0,0.0,0.0,0.0,0.0,0.0,0.0,10.0,15.0,0.0,0.0,0.0,0.0,0.0,0.0,0.0,0.0,0.0,0.0,0.0,0.0,0.0
794,Max,Alleyne,Alleyne,a,,,4.3,592,138.0,0.0,699,240.0,1.7,232.0,91.0,0,-2,2.0,-2,2.0,111,1064,0.4,1.2,2.2,2.2,2.5,257.0,101.0,,,407.0,154.0,386.0,141.0,339.0,111.0,413.0,150.0,,,,,,,,0.17,0.04,0.21,1.03,0.0,0.0,0.67,1.33,7.33,23,0,0.0,0.0,0.0,0.0,0.0,0.0,0.0,0.0,0.0,0.0,0.0,0.0,0.0,0.0,179.0,1256.0,0.0,0.0,0.0,0.0,0.0,0.0,0.0,0.0,0.0,0.0,0.0,0.0,0.0
119,Bryan,Mbeumo,Mbeumo,a,,,8.4,12,7.0,19.1,19,7.0,4.8,44.0,18.0,10,2,-2.0,4,-4.0,989524,29506,0.6,11.1,4.8,3.8,5.2,14.0,7.0,100.0,100.0,55.0,14.0,16.0,15.0,8.0,3.0,7.0,5.0,2.0,2.0,,,,,,0.37,0.2,0.57,1.27,0.0,0.17,1.52,1.05,4.78,23,10,68.0,1.0,0.0,0.0,1.0,0.0,0.0,0.0,0.0,0.0,0.0,1.0,3.0,27.0,1036063.0,32515.0,0.0,0.14999999999999947,0.009999999999999787,0.16000000000000014,0.6499999999999986,44.19999999999999,24.600000000000023,20.0,8.899999999999977,1.0,3.0,2.0,6.0
431,Altay,Bayındır,Bayindir,a,,,4.7,385,17.0,0.3,307,40.0,0.0,693.0,90.0,0,0,0.0,-3,3.0,433,477,0.0,2.3,0.0,-1.0,1.8,349.0,28.0,,,300.0,24.0,408.0,9.0,722.0,79.0,376.0,24.0,,,,,,,,0.0,0.01,0.01,1.54,2.17,0.0,1.83,1.0,0.0,23,0,0.0,0.0,0.0,0.0,0.0,0.0,0.0,0.0,0.0,0.0,0.0,0.0,0.0,0.0,450.0,555.0,0.0,0.0,0.0,0.0,0.0,0.0,0.0,0.0,0.0,0.0,0.0,0.0,0.0
434,Tom,Heaton,Heaton,a,,,3.9,726,65.0,0.3,336,46.0,0.0,430.0,27.0,0,0,0.0,-1,1.0,149,765,0.0,0.0,0.0,-1.0,0.0,518.0,33.0,,,509.0,33.0,499.0,19.0,462.0,4.0,509.0,33.0,,,,,,,,0.0,0.0,0.0,0.0,0.0,0.0,0.0,0.0,0.0,23,0,0.0,0.0,0.0,0.0,0.0,0.0,0.0,0.0,0.0,0.0,0.0,0.0,0.0,0.0,171.0,857.0,0.0,0.0,0.0,0.0,0.0,0.0,0.0,0.0,0.0,0.0,0.0,0.0,0.0
435,Dermot,Mee,Mee,a,,,3.9,749,80.0,0.1,467,72.0,0.0,447.0,41.0,0,0,0.0,-1,1.0,79,236,0.0,0.0,0.0,-1.0,0.0,534.0,47.0,,,525.0,47.0,516.0,34.0,479.0,19.0,525.0,47.0,,,,,,,,0.0,0.0,0.0,0.0,0.0,0.0,0.0,0.0,0.0,23,0,0.0,0.0,0.0,0.0,0.0,0.0,0.0,0.0,0.0,0.0,0.0,0.0,0.0,0.0,90.0,312.0,0.0,0.0,0.0,0.0,0.0,0.0,0.0,0.0,0.0,0.0,0.0,0.0,0.0
436,Matthijs,de Ligt,De Ligt,i,Back injury - Expected back 10 Feb,,4.9,306,49.0,1.9,135,54.0,0.0,712.0,254.0,0,0,0.0,-1,1.0,85,4093,0.0,8.8,0.0,0.0,3.3,142.0,57.0,0.0,0.0,162.0,67.0,296.0,98.0,183.0,39.0,217.0,74.0,,,,,,,,0.11,0.06,0.17,1.44,0.0,0.08,1.54,1.0,8.23,23,0,0.0,0.0,0.0,0.0,0.0,0.0,0.0,0.0,0.0,0.0,0.0,0.0,0.0,0.0,89.0,4483.0,0.0,0.0,0.0,0.0,0.0,0.0,0.0,0.0,0.0,0.0,0.0,0.0,0.0
437,Lisandro,Martínez,Martinez,a,,,4.8,360,62.0,0.7,208,80.0,3.0,122.0,47.0,-1,0,0.0,-2,2.0,22681,8004,0.6,6.0,3.0,2.0,2.6,243.0,97.0,100.0,100.0,266.0,106.0,302.0,99.0,384.0,140.0,332.0,113.0,,,,,,,,0.01,0.03,0.04,0.82,0.0,0.28,1.14,0.85,7.81,23,-1,90.0,0.0,0.0,0.0,2.0,1.0,0.0,0.0,0.0,0.0,0.0,1.0,0.0,2.0,24456.0,8801.0,0.0,0.009999999999999995,0.010000000000000009,0.020000000000000018,1.1899999999999995,16.599999999999994,5.299999999999997,2.0,2.3999999999999986,2.0,4.0,1.0,6.0
443,Luke,Shaw,Shaw,a,,,4.5,407,74.0,0.7,220,84.0,2.2,179.0,71.0,1,0,0.0,0,0.0,13217,4858,0.5,11.8,2.2,1.2,2.3,279.0,109.0,,,104.0,46.0,107.0,27.0,321.0,103.0,157.0,50.0,,,,,,,,0.0,0.06,0.06,1.2,0.0,0.18,1.4,1.04,5.81,23,1,90.0,0.0,0.0,0.0,2.0,0.0,0.0,0.0,0.0,0.0,0.0,1.0,0.0,3.0,13534.0,5819.0,0.0,0.0,0.0,0.0,1.1900000000000013,12.399999999999977,1.8000000000000114,0.0,1.3999999999999986,3.0,4.0,0.0,7.0
444,Leny,Yoro,Yoro,a,,,4.2,640,154.0,1.3,170,63.0,0.8,302.0,112.0,0,0,0.0,-3,3.0,1265,4805,0.2,8.3,0.8,-0.2,1.7,362.0,136.0,,,231.0,94.0,288.0,93.0,254.0,71.0,279.0,92.0,,,,,,,,0.05,0.02,0.07,1.37,0.0,0.08,1.91,0.95,7.47,23,0,0.0,0.0,0.0,0.0,0.0,0.0,0.0,0.0,0.0,0.0,0.0,0.0,0.0,0.0,1408.0,5435.0,0.0,0.0,0.0,0.0,0.0,0.0,0.0,0.0,0.0,0.0,0.0,0.0,0.0
445,Harry,Amass,Amass,u,has joined Norwich City on loan for the rest of the season.,,4.0,706,191.0,0.1,527,191.0,0.0,516.0,211.0,0,0,0.0,0,0.0,0,52,0.0,0.0,0.0,0.0,0.0,600.0,228.0,0.0,0.0,591.0,228.0,584.0,228.0,550.0,223.0,591.0,227.0,,,,,,,,0.0,0.0,0.0,0.0,0.0,0.0,0.0,0.0,0.0,23,0,0.0,0.0,0.0,0.0,0.0,0.0,0.0,0.0,0.0,0.0,0.0,0.0,0.0,0.0,0.0,55.0,0.0,0.0,0.0,0.0,0.0,0.0,0.0,0.0,0.0,0.0,0.0,0.0,0.0
446,Tyler,Fredricson,Fredricson,a,,,3.8,796,252.0,0.1,427,160.0,0.0,422.0,167.0,0,0,0.0,-2,2.0,113,316,0.0,0.3,0.0,-1.0,1.0,433.0,158.0,,,458.0,167.0,492.0,189.0,454.0,180.0,472.0,168.0,,,,,,,,0.0,0.0,0.0,13.5,0.0,0.0,0.0,0.0,90.0,23,0,0.0,0.0,0.0,0.0,0.0,0.0,0.0,0.0,0.0,0.0,0.0,0.0,0.0,0.0,126.0,371.0,0.0,0.0,0.0,0.0,0.0,0.0,0.0,0.0,0.0,0.0,0.0,0.0,0.0
715,John Victor,Maciel Furtado,John,i,Knee injury - Expected back 01 Jun,,4.0,662,46.0,0.4,273,37.0,0.2,356.0,24.0,0,0,0.0,0,0.0,92,2343,0.0,2.8,0.0,0.0,2.2,290.0,24.0,0.0,0.0,382.0,29.0,547.0,53.0,512.0,38.0,422.0,29.0,,,,,,,,0.0,0.0,0.0,1.26,1.24,0.21,1.65,1.03,0.0,23,0,0.0,0.0,0.0,0.0,0.0,0.0,0.0,0.0,0.0,0.0,0.0,0.0,0.0,0.0,125.0,2692.0,0.0,0.0,0.0,0.0,0.0,0.0,0.0,0.0,0.0,0.0,0.0,0.0,0.0
447,Ayden,Heaven,Heaven,a,,,3.8,805,260.0,2.2,120,46.0,1.2,261.0,101.0,0,-1,1.0,-2,2.0,5084,33557,0.3,6.8,1.2,0.2,2.4,266.0,104.0,100.0,100.0,245.0,100.0,360.0,128.0,337.0,110.0,328.0,111.0,,,,,,,,0.05,0.02,0.07,1.12,0.0,0.14,1.7,1.13,10.05,23,0,0.0,0.0,0.0,0.0,0.0,0.0,0.0,0.0,0.0,0.0,0.0,0.0,0.0,0.0,5487.0,37933.0,0.0,0.0,0.0,0.0,0.0,0.0,0.0,0.0,0.0,0.0,0.0,0.0,0.0
448,Tyrell,Malacia,Malacia,a,,,3.8,778,234.0,0.4,271,101.0,0.0,408.0,153.0,0,0,0.0,-2,2.0,473,1489,0.0,0.3,0.0,-1.0,1.0,432.0,157.0,,,462.0,168.0,479.0,176.0,441.0,167.0,477.0,170.0,,,,,,,,0.0,0.0,0.0,13.5,0.0,0.0,0.0,0.0,90.0,23,0,0.0,0.0,0.0,0.0,0.0,0.0,0.0,0.0,0.0,0.0,0.0,0.0,0.0,0.0,554.0,1683.0,0.0,0.0,0.0,0.0,0.0,0.0,0.0,0.0,0.0,0.0,0.0,0.0,0.0
449,Bruno,Borges Fernandes,B.Fernandes,a,,,9.5,6,4.0,28.4,11,4.0,5.5,25.0,11.0,5,2,-2.0,5,-5.0,1168201,18279,0.6,12.7,5.5,4.5,6.0,5.0,2.0,100.0,100.0,5.0,1.0,1.0,1.0,41.0,24.0,2.0,1.0,1.0,1.0,1.0,,,,,0.39,0.3,0.69,1.28,0.0,0.1,1.57,1.05,10.34,23,5,90.0,0.0,1.0,0.0,2.0,0.0,0.0,0.0,0.0,0.0,0.0,1.0,0.0,16.0,1299922.0,22661.0,0.0,0.3700000000000001,0.03000000000000025,0.40000000000000036,1.1900000000000013,13.600000000000023,26.899999999999977,7.0,4.799999999999983,2.0,1.0,5.0,8.0
450,Matheus,Santos Carneiro da Cunha,Cunha,a,,,8.0,16,11.0,7.9,52,19.0,6.0,16.0,8.0,9,0,0.0,0,0.0,111785,99073,0.8,9.9,6.0,5.0,4.0,75.0,32.0,100.0,100.0,79.0,25.0,52.0,44.0,20.0,9.0,30.0,24.0,,,,,,,,0.31,0.14,0.45,1.28,0.0,0.19,1.4,1.02,7.65,23,9,21.0,1.0,0.0,0.0,1.0,0.0,0.0,0.0,0.0,0.0,0.0,0.0,3.0,27.0,113290.0,153836.0,0.0,0.03000000000000025,0.010000000000000231,0.040000000000000036,0.5399999999999991,36.0,1.099999999999966,11.0,4.799999999999997,1.0,1.0,2.0,4.0
452,Amad,Diallo,Amad,a,,,6.2,78,51.0,1.6,147,47.0,1.2,278.0,121.0,2,0,0.0,-3,3.0,51268,11412,0.2,9.8,1.2,0.2,3.6,118.0,54.0,100.0,100.0,147.0,54.0,32.0,31.0,45.0,27.0,42.0,31.0,,,,,,,,0.25,0.18,0.43,1.11,0.0,0.2,1.3,1.04,7.83,23,2,87.0,0.0,0.0,0.0,2.0,0.0,0.0,0.0,0.0,0.0,0.0,1.0,0.0,9.0,58533.0,12047.0,0.0,0.0,0.0,0.0,1.1899999999999995,5.800000000000011,1.5,2.0,0.9000000000000057,2.0,2.0,2.0,6.0
454,Antony,dos Santos,Antony,u,has joined Real Betis permanently.,,5.9,100,65.0,0.1,556,204.0,0.0,794.0,356.0,0,0,0.0,-1,1.0,0,14,0.0,0.0,0.0,0.0,0.0,798.0,356.0,0.0,0.0,798.0,356.0,798.0,356.0,798.0,356.0,798.0,356.0,,,,,,,,0.0,0.0,0.0,0.0,0.0,0.0,0.0,0.0,0.0,23,0,0.0,0.0,0.0,0.0,0.0,0.0,0.0,0.0,0.0,0.0,0.0,0.0,0.0,0.0,0.0,15.0,0.0,0.0,0.0,0.0,0.0,0.0,0.0,0.0,0.0,0.0,0.0,0.0,0.0
716,Nicolò,Savona,Savona,i,Knee injury - Unknown return date,,4.5,449,91.0,0.1,476,172.0,0.2,373.0,141.0,0,0,0.0,0,0.0,84,2490,0.0,8.7,0.0,0.2,2.8,212.0,82.0,0.0,,203.0,82.0,190.0,48.0,223.0,58.0,226.0,78.0,,,,,,,,0.12,0.04,0.16,1.32,0.0,0.26,1.58,0.97,5.0,23,0,0.0,0.0,0.0,0.0,0.0,0.0,0.0,0.0,0.0,0.0,0.0,0.0,0.0,0.0,101.0,2894.0,0.0,0.0,0.0,0.0,0.0,0.0,0.0,0.0,0.0,0.0,0.0,0.0,0.0
729,Luis Eduardo,Soares da Silva,Cuiabano,a,,,4.5,468,93.0,0.0,804,263.0,0.0,653.0,249.0,0,0,0.0,0,0.0,24,2,0.0,0.0,0.0,0.0,0.0,708.0,255.0,100.0,0.0,706.0,255.0,702.0,255.0,683.0,254.0,706.0,255.0,,,,,,,,0.0,0.0,0.0,0.0,0.0,0.0,0.0,0.0,0.0,23,0,0.0,0.0,0.0,0.0,0.0,0.0,0.0,0.0,0.0,0.0,0.0,0.0,0.0,0.0,24.0,2.0,0.0,0.0,0.0,0.0,0.0,0.0,0.0,0.0,0.0,0.0,0.0,0.0,0.0
529,Simon,Moore,Moore,a,,,3.9,729,68.0,0.4,281,38.0,0.0,432.0,29.0,0,0,0.0,-1,1.0,248,616,0.0,0.0,0.0,0.0,0.0,520.0,35.0,,,511.0,35.0,502.0,22.0,465.0,7.0,511.0,35.0,,,,,,,,0.0,0.0,0.0,0.0,0.0,0.0,0.0,0.0,0.0,23,0,0.0,0.0,0.0,0.0,0.0,0.0,0.0,0.0,0.0,0.0,0.0,0.0,0.0,0.0,311.0,682.0,0.0,0.0,0.0,0.0,0.0,0.0,0.0,0.0,0.0,0.0,0.0,0.0,0.0
455,Mason,Mount,Mount,a,,,5.9,96,61.0,0.4,284,93.0,0.5,336.0,149.0,0,0,0.0,-1,1.0,1223,4693,0.1,7.8,0.5,-0.5,2.7,232.0,102.0,100.0,100.0,258.0,112.0,127.0,91.0,133.0,78.0,188.0,99.0,3.0,,,,,,,0.17,0.16,0.33,1.14,0.0,0.33,1.55,1.11,6.87,23,0,0.0,0.0,0.0,0.0,0.0,0.0,0.0,0.0,0.0,0.0,0.0,0.0,0.0,0.0,1355.0,5565.0,0.0,0.0,0.0,0.0,0.0,0.0,0.0,0.0,0.0,0.0,0.0,0.0,0.0
457,Carlos Henrique,Casimiro,Casemiro,a,,,5.5,136,83.0,1.3,166,57.0,4.0,70.0,29.0,2,0,0.0,0,0.0,20956,17973,0.7,16.7,4.0,3.0,4.4,40.0,17.0,100.0,100.0,59.0,17.0,71.0,57.0,58.0,36.0,48.0,34.0,,,,,,,,0.23,0.11,0.34,1.0,0.0,0.31,1.16,1.22,11.91,23,2,90.0,0.0,0.0,0.0,2.0,0.0,0.0,0.0,0.0,0.0,0.0,1.0,0.0,15.0,22889.0,20957.0,0.0,0.0,0.25,0.25,1.1899999999999995,18.200000000000045,14.700000000000045,0.0,3.299999999999997,0.0,5.0,4.0,9.0
458,Kobbie,Mainoo,Mainoo,a,,,4.6,398,246.0,0.6,231,80.0,2.2,184.0,74.0,5,0,0.0,-4,4.0,20586,3197,0.5,4.3,2.2,1.2,1.4,402.0,179.0,100.0,100.0,332.0,146.0,193.0,128.0,334.0,174.0,321.0,155.0,,,,,,,,0.03,0.06,0.09,1.3,0.0,0.22,1.99,0.44,9.49,23,5,90.0,0.0,1.0,0.0,2.0,0.0,0.0,0.0,0.0,0.0,0.0,1.0,0.0,18.0,22450.0,3393.0,0.0,0.020000000000000018,0.009999999999999953,0.02999999999999997,1.1900000000000004,22.400000000000006,26.799999999999997,2.0,5.100000000000001,0.0,1.0,5.0,6.0
459,Manuel,Ugarte Ribeiro,Ugarte,a,,,4.7,383,239.0,0.2,401,136.0,1.8,220.0,91.0,0,0,0.0,-3,3.0,578,1476,0.4,6.2,1.8,0.8,1.8,348.0,153.0,,,301.0,134.0,293.0,169.0,326.0,171.0,341.0,164.0,,,,,,,,0.04,0.02,0.06,1.66,0.0,0.12,2.22,0.86,14.18,23,0,0.0,0.0,0.0,0.0,0.0,0.0,0.0,0.0,0.0,0.0,0.0,0.0,0.0,0.0,650.0,1717.0,0.0,0.0,0.0,0.0,0.0,0.0,0.0,0.0,0.0,0.0,0.0,0.0,0.0
460,Toby,Collyer,Collyer,a,,,4.5,442,264.0,0.0,650,264.0,0.0,635.0,239.0,0,0,0.0,0,0.0,46,31,0.0,0.0,0.0,-1.0,0.0,693.0,277.0,100.0,100.0,688.0,272.0,686.0,275.0,665.0,266.0,689.0,273.0,,,,,,,,0.0,0.0,0.0,0.0,0.0,0.0,0.0,0.0,0.0,23,0,0.0,0.0,0.0,0.0,0.0,0.0,0.0,0.0,0.0,0.0,0.0,0.0,0.0,0.0,51.0,32.0,0.0,0.0,0.0,0.0,0.0,0.0,0.0,0.0,0.0,0.0,0.0,0.0,0.0
465,Rasmus,Højlund,Højlund,u,has joined Napoli on loan for the rest of the season.,,6.3,70,22.0,0.3,335,55.0,0.0,797.0,84.0,0,0,0.0,-2,2.0,0,62,0.0,0.0,0.0,0.0,0.0,801.0,88.0,0.0,0.0,801.0,88.0,801.0,88.0,801.0,88.0,801.0,88.0,,,,,,,,0.0,0.0,0.0,0.0,0.0,0.0,0.0,0.0,0.0,23,0,0.0,0.0,0.0,0.0,0.0,0.0,0.0,0.0,0.0,0.0,0.0,0.0,0.0,0.0,0.0,68.0,0.0,0.0,0.0,0.0,0.0,0.0,0.0,0.0,0.0,0.0,0.0,0.0,0.0
733,Senne,Lammens,Lammens,a,,,5.0,260,9.0,1.9,137,18.0,2.8,143.0,15.0,2,0,0.0,0,0.0,25632,13599,0.6,9.8,2.8,1.8,2.9,199.0,18.0,,,118.0,18.0,766.0,90.0,433.0,1.0,282.0,17.0,,,,,,,,0.0,0.0,0.0,1.13,2.18,0.18,1.35,1.0,0.0,23,2,90.0,0.0,0.0,0.0,2.0,0.0,0.0,0.0,0.0,0.0,3.0,1.0,0.0,10.0,26452.0,16347.0,0.0,0.0,0.0,0.0,1.1900000000000013,22.80000000000001,0.0,0.0,2.299999999999997,0.0,3.0,10.0,0.0
755,Shea,Lacey,Lacey,a,,,4.5,476,290.0,0.0,704,297.0,0.2,375.0,168.0,0,0,0.0,0,0.0,191,312,0.0,0.4,0.2,-0.8,1.0,460.0,210.0,100.0,100.0,459.0,210.0,444.0,215.0,377.0,190.0,457.0,209.0,,,,,,,,0.52,0.0,0.52,0.82,0.0,0.0,0.0,0.0,7.5,23,0,0.0,0.0,0.0,0.0,0.0,0.0,0.0,0.0,0.0,0.0,0.0,0.0,0.0,0.0,222.0,341.0,0.0,0.0,0.0,0.0,0.0,0.0,0.0,0.0,0.0,0.0,0.0,0.0,0.0
769,Bendito,Mantato,Bendito Mantato,a,,,4.5,475,289.0,0.0,781,342.0,0.0,660.0,260.0,0,0,0.0,0,0.0,28,31,0.0,0.2,0.0,-1.0,1.0,459.0,209.0,,,468.0,217.0,395.0,196.0,690.0,287.0,459.0,211.0,,,,,,,,0.0,0.06,0.06,0.3,0.0,0.0,0.0,0.0,0.0,23,0,0.0,0.0,0.0,0.0,0.0,0.0,0.0,0.0,0.0,0.0,0.0,0.0,0.0,0.0,29.0,37.0,0.0,0.0,0.0,0.0,0.0,0.0,0.0,0.0,0.0,0.0,0.0,0.0,0.0
788,Godwill,Kukonki,Kukonki,a,,,4.0,705,190.0,0.0,764,259.0,0.0,515.0,210.0,0,0,0.0,0,0.0,51,31,0.0,0.0,0.0,-1.0,0.0,599.0,227.0,,,590.0,227.0,583.0,227.0,549.0,222.0,590.0,226.0,,,,,,,,0.0,0.0,0.0,0.0,0.0,0.0,0.0,0.0,0.0,23,0,0.0,0.0,0.0,0.0,0.0,0.0,0.0,0.0,0.0,0.0,0.0,0.0,0.0,0.0,54.0,44.0,0.0,0.0,0.0,0.0,0.0,0.0,0.0,0.0,0.0,0.0,0.0,0.0,0.0
135,Yoane,Wissa,Wissa,a,,,7.3,23,8.0,0.9,195,32.0,1.5,256.0,29.0,2,0,0.0,-2,2.0,8409,22559,0.2,2.1,1.0,1.5,1.7,372.0,42.0,100.0,100.0,394.0,42.0,349.0,43.0,185.0,40.0,349.0,42.0,,,,,,,,0.43,0.11,0.54,1.19,0.0,0.28,1.11,0.83,3.88,23,2,61.0,0.0,0.0,0.0,1.0,0.0,0.0,0.0,0.0,0.0,0.0,1.0,0.0,8.0,11619.0,25836.0,0.0,0.050000000000000044,0.050000000000000044,0.09999999999999987,0.6400000000000001,2.8000000000000043,12.899999999999999,25.0,4.099999999999998,0.0,0.0,3.0,3.0
469,Nick,Pope,Pope,a,,,5.1,224,6.0,4.9,76,13.0,4.2,53.0,3.0,3,0,0.0,1,-1.0,4741,23813,0.8,14.5,3.7,4.2,4.4,38.0,2.0,100.0,100.0,67.0,14.0,779.0,91.0,773.0,88.0,239.0,14.0,,,,,,,,0.0,0.0,0.0,1.05,3.15,0.42,1.13,1.01,0.0,23,3,90.0,0.0,0.0,0.0,2.0,0.0,0.0,0.0,0.0,0.0,6.0,1.0,0.0,17.0,5601.0,27695.0,0.0,0.0,0.0,0.0,1.1600000000000001,36.60000000000002,0.0,0.0,3.700000000000003,0.0,2.0,13.0,0.0
471,Mark,Gillespie,Gillespie,a,,,3.9,731,70.0,0.1,428,65.0,0.0,434.0,31.0,0,0,0.0,-1,1.0,86,170,0.0,0.0,-0.5,0.0,0.0,522.0,37.0,,,513.0,37.0,504.0,24.0,467.0,9.0,513.0,37.0,,,,,,,,0.0,0.0,0.0,0.0,0.0,0.0,0.0,0.0,0.0,23,0,0.0,0.0,0.0,0.0,0.0,0.0,0.0,0.0,0.0,0.0,0.0,0.0,0.0,0.0,110.0,191.0,0.0,0.0,0.0,0.0,0.0,0.0,0.0,0.0,0.0,0.0,0.0,0.0,0.0
472,Odysseas,Vlachodimos,Odysseas,u,Has joined Sevilla on loan for the rest of the season.,,4.0,656,44.0,0.0,698,80.0,0.0,472.0,57.0,0,0,0.0,0,0.0,0,9,0.0,0.0,0.0,0.0,0.0,559.0,63.0,0.0,0.0,550.0,63.0,542.0,51.0,506.0,36.0,550.0,63.0,,,,,,,,0.0,0.0,0.0,0.0,0.0,0.0,0.0,0.0,0.0,23,0,0.0,0.0,0.0,0.0,0.0,0.0,0.0,0.0,0.0,0.0,0.0,0.0,0.0,0.0,0.0,12.0,0.0,0.0,0.0,0.0,0.0,0.0,0.0,0.0,0.0,0.0,0.0,0.0,0.0
473,Lewis,Hall,Hall,a,,,5.3,201,26.0,2.9,106,42.0,5.0,35.0,11.0,1,0,0.0,-2,2.0,18840,55568,0.9,9.8,4.5,5.0,3.2,160.0,66.0,100.0,100.0,144.0,61.0,112.0,29.0,221.0,57.0,151.0,48.0,4.0,,,,,,,0.05,0.14,0.19,1.26,0.0,0.24,1.45,0.96,7.88,23,1,90.0,0.0,0.0,0.0,2.0,0.0,0.0,0.0,0.0,0.0,0.0,1.0,0.0,14.0,25415.0,60916.0,0.0,0.0,0.11999999999999988,0.11999999999999966,1.1600000000000001,25.599999999999966,26.400000000000006,2.0,5.399999999999999,3.0,6.0,10.0,9.0
474,Fabian,Schär,Schär,i,Ankle injury - Expected back 18 Apr,,5.3,185,23.0,1.4,160,60.0,2.8,145.0,56.0,0,0,0.0,-2,2.0,66,14528,0.5,9.6,0.0,0.0,3.2,158.0,65.0,0.0,0.0,151.0,63.0,284.0,91.0,204.0,52.0,214.0,72.0,,3.0,4.0,,,,,0.08,0.05,0.13,1.14,0.0,0.33,1.07,0.91,9.5,23,0,0.0,0.0,0.0,0.0,0.0,0.0,0.0,0.0,0.0,0.0,0.0,0.0,0.0,0.0,78.0,18004.0,0.0,0.0,0.0,0.0,0.0,0.0,0.0,0.0,0.0,0.0,0.0,0.0,0.0
477,Tino,Livramento,Livramento,i,Hamstring injury - Expected back 14 Mar,,4.9,327,54.0,2.0,131,51.0,0.5,329.0,123.0,0,0,0.0,-1,1.0,38,8086,0.1,10.0,0.0,0.0,3.8,88.0,33.0,0.0,0.0,237.0,97.0,140.0,34.0,320.0,102.0,244.0,82.0,,,,,,,,0.01,0.05,0.06,0.94,0.0,0.43,0.86,0.94,4.98,23,0,0.0,0.0,0.0,0.0,0.0,0.0,0.0,0.0,0.0,0.0,0.0,0.0,0.0,0.0,47.0,9669.0,0.0,0.0,0.0,0.0,0.0,0.0,0.0,0.0,0.0,0.0,0.0,0.0,0.0
478,Kieran,Trippier,Trippier,a,,,4.9,286,45.0,1.3,167,62.0,1.8,221.0,88.0,1,0,0.0,-1,1.0,1824,1381,0.4,7.6,1.3,1.8,3.4,131.0,52.0,100.0,100.0,273.0,108.0,73.0,14.0,409.0,153.0,228.0,79.0,2.0,2.0,,,,,,0.01,0.15,0.16,0.92,0.0,0.51,1.23,1.02,3.89,23,1,90.0,0.0,0.0,0.0,2.0,0.0,0.0,0.0,0.0,0.0,0.0,1.0,0.0,10.0,2273.0,1542.0,0.0,0.0,0.20999999999999996,0.20999999999999996,1.160000000000001,18.999999999999986,23.899999999999977,0.0,4.299999999999997,2.0,2.0,6.0,4.0
479,Emil,Krafth,Krafth,i,Knee injury - Unknown return date,,4.3,568,123.0,0.0,616,221.0,0.0,553.0,236.0,0,0,0.0,-2,2.0,21,36,0.0,0.0,0.0,0.0,0.0,626.0,246.0,0.0,0.0,472.0,170.0,446.0,163.0,584.0,244.0,478.0,171.0,,,,,,,,0.0,0.0,0.0,0.5,0.0,0.0,4.0,2.0,2.0,23,0,0.0,0.0,0.0,0.0,0.0,0.0,0.0,0.0,0.0,0.0,0.0,0.0,0.0,0.0,28.0,39.0,0.0,0.0,0.0,0.0,0.0,0.0,0.0,0.0,0.0,0.0,0.0,0.0,0.0
480,Jamaal,Lascelles,Lascelles,d,Lack of match fitness - 25% chance of playing,,4.3,566,121.0,0.1,579,209.0,0.0,552.0,235.0,0,0,0.0,-2,2.0,7,79,0.0,0.2,-0.1,0.0,0.5,492.0,172.0,25.0,25.0,440.0,165.0,613.0,246.0,398.0,150.0,452.0,164.0,,,,,,,,0.19,0.0,0.19,2.61,0.0,0.0,9.47,0.0,23.68,23,0,0.0,0.0,0.0,0.0,0.0,0.0,0.0,0.0,0.0,0.0,0.0,0.0,0.0,0.0,7.0,97.0,0.0,0.0,0.0,0.0,0.0,0.0,0.0,0.0,0.0,0.0,0.0,0.0,0.0
481,Alex,Murphy,A.Murphy,a,,,3.8,795,251.0,0.7,217,82.0,0.0,421.0,166.0,0,0,0.0,-2,2.0,1340,2061,0.0,0.0,-0.5,0.0,0.0,511.0,189.0,,,502.0,189.0,491.0,188.0,453.0,179.0,502.0,188.0,,,,,,,,0.0,0.0,0.0,0.0,0.0,0.0,0.0,0.0,0.0,23,0,0.0,0.0,0.0,0.0,0.0,0.0,0.0,0.0,0.0,0.0,0.0,0.0,0.0,0.0,1534.0,2295.0,0.0,0.0,0.0,0.0,0.0,0.0,0.0,0.0,0.0,0.0,0.0,0.0,0.0
482,Harrison,Ashby,Ashby,u,has joined Bradford City on loan for the rest of the season.,,3.9,746,216.0,0.1,446,164.0,0.0,445.0,176.0,0,0,0.0,-1,1.0,0,275,0.0,0.0,0.0,0.0,0.0,532.0,196.0,0.0,0.0,523.0,196.0,514.0,196.0,477.0,188.0,523.0,195.0,,,,,,,,0.0,0.0,0.0,0.0,0.0,0.0,0.0,0.0,0.0,23,0,0.0,0.0,0.0,0.0,0.0,0.0,0.0,0.0,0.0,0.0,0.0,0.0,0.0,0.0,0.0,314.0,0.0,0.0,0.0,0.0,0.0,0.0,0.0,0.0,0.0,0.0,0.0,0.0,0.0
483,Miodrag,Pivaš,Pivas,a,,,3.8,802,258.0,0.4,274,102.0,0.0,426.0,171.0,0,0,0.0,-2,2.0,376,1459,0.0,0.0,-0.5,0.0,0.0,514.0,192.0,,,505.0,192.0,495.0,192.0,458.0,184.0,505.0,191.0,,,,,,,,0.0,0.0,0.0,0.0,0.0,0.0,0.0,0.0,0.0,23,0,0.0,0.0,0.0,0.0,0.0,0.0,0.0,0.0,0.0,0.0,0.0,0.0,0.0,0.0,443.0,1583.0,0.0,0.0,0.0,0.0,0.0,0.0,0.0,0.0,0.0,0.0,0.0,0.0,0.0
484,Matt,Targett,Targett,u,has joined Middlesbrough on loan for the rest of the season.,,4.0,660,163.0,0.1,415,154.0,0.0,475.0,187.0,0,0,0.0,0,0.0,0,120,0.0,0.0,0.0,0.0,0.0,562.0,207.0,0.0,0.0,553.0,207.0,545.0,207.0,510.0,201.0,553.0,206.0,,,,,,,,0.0,0.0,0.0,0.0,0.0,0.0,0.0,0.0,0.0,23,0,0.0,0.0,0.0,0.0,0.0,0.0,0.0,0.0,0.0,0.0,0.0,0.0,0.0,0.0,0.0,135.0,0.0,0.0,0.0,0.0,0.0,0.0,0.0,0.0,0.0,0.0,0.0,0.0,0.0
485,Anthony,Gordon,Gordon,a,,,7.3,27,18.0,3.5,95,29.0,2.0,211.0,89.0,2,-1,1.0,-2,2.0,6429,183175,0.3,7.5,1.5,2.0,3.1,182.0,77.0,100.0,100.0,223.0,95.0,58.0,47.0,61.0,39.0,88.0,53.0,,,2.0,,,,,0.38,0.24,0.62,0.98,0.0,0.48,1.44,1.28,4.71,23,2,62.0,0.0,0.0,0.0,1.0,0.0,0.0,0.0,0.0,0.0,0.0,1.0,0.0,9.0,10457.0,208690.0,0.0,0.5300000000000002,0.3500000000000001,0.8799999999999999,0.6400000000000006,7.599999999999994,33.799999999999955,7.0,4.800000000000011,0.0,0.0,0.0,0.0
490,Joelinton Cássio,Apolinário de Lira,Joelinton,i,Groin Injury - Unknown return date,,5.9,95,60.0,0.3,296,99.0,4.0,72.0,30.0,0,0,0.0,-1,1.0,1101,11252,0.7,9.5,0.0,4.0,2.9,202.0,86.0,0.0,100.0,179.0,74.0,115.0,82.0,66.0,42.0,101.0,57.0,,,,,,,,0.12,0.06,0.18,1.14,0.0,0.33,1.19,1.12,11.28,23,0,47.0,0.0,0.0,0.0,1.0,0.0,0.0,0.0,1.0,0.0,0.0,1.0,0.0,6.0,2401.0,11730.0,0.0,0.040000000000000036,0.020000000000000018,0.06000000000000005,0.48999999999999844,5.400000000000006,12.400000000000006,6.0,2.4000000000000057,2.0,1.0,5.0,8.0
491,Sandro,Tonali,Tonali,a,,,5.3,197,122.0,1.0,185,61.0,2.5,163.0,69.0,4,0,0.0,-2,2.0,3388,4190,0.5,10.6,2.0,2.5,2.4,273.0,116.0,100.0,100.0,175.0,71.0,59.0,48.0,154.0,89.0,111.0,61.0,1.0,1.0,,,,,,0.07,0.09,0.16,1.03,0.0,0.4,1.03,1.14,9.77,23,4,83.0,0.0,0.0,0.0,1.0,0.0,0.0,0.0,0.0,0.0,0.0,1.0,0.0,24.0,3914.0,4873.0,0.0,0.63,0.030000000000000027,0.6600000000000001,0.7099999999999973,27.0,4.599999999999966,28.0,6.0,7.0,1.0,9.0,17.0
492,Antoñito,Cordero Campillo,Antoñito C.,u,has joined Cadiz on loan for the rest of the season.,,4.9,346,216.0,0.0,666,273.0,0.0,729.0,311.0,0,0,0.0,-1,1.0,0,9,0.0,0.0,0.0,0.0,0.0,764.0,331.0,0.0,0.0,764.0,331.0,760.0,331.0,751.0,328.0,763.0,330.0,,,,,,,,0.0,0.0,0.0,0.0,0.0,0.0,0.0,0.0,0.0,23,0,0.0,0.0,0.0,0.0,0.0,0.0,0.0,0.0,0.0,0.0,0.0,0.0,0.0,0.0,0.0,9.0,0.0,0.0,0.0,0.0,0.0,0.0,0.0,0.0,0.0,0.0,0.0,0.0,0.0
495,Isaac,Hayden,Hayden,u,Has departed the club as a free agent.,,4.5,409,249.0,0.0,750,322.0,0.0,614.0,224.0,0,0,0.0,0,0.0,0,3,0.0,0.0,0.0,0.0,0.0,676.0,264.0,0.0,0.0,671.0,259.0,666.0,262.0,642.0,252.0,672.0,260.0,,,,,,,,0.0,0.0,0.0,0.0,0.0,0.0,0.0,0.0,0.0,23,0,0.0,0.0,0.0,0.0,0.0,0.0,0.0,0.0,0.0,0.0,0.0,0.0,0.0,0.0,0.0,4.0,0.0,0.0,0.0,0.0,0.0,0.0,0.0,0.0,0.0,0.0,0.0,0.0,0.0
498,Joe,White,White,u,has joined Bradford City on loan for the rest of the season.,,4.5,435,260.0,0.0,751,323.0,0.0,631.0,235.0,0,0,0.0,0,0.0,0,19,0.0,0.0,0.0,0.0,0.0,690.0,274.0,0.0,0.0,685.0,269.0,683.0,272.0,661.0,263.0,686.0,270.0,,,,,,,,0.0,0.0,0.0,0.0,0.0,0.0,0.0,0.0,0.0,23,0,0.0,0.0,0.0,0.0,0.0,0.0,0.0,0.0,0.0,0.0,0.0,0.0,0.0,0.0,0.0,23.0,0.0,0.0,0.0,0.0,0.0,0.0,0.0,0.0,0.0,0.0,0.0,0.0,0.0
500,William,Osula,Osula,a,,,5.4,182,44.0,0.2,373,59.0,0.0,779.0,79.0,0,0,0.0,-1,1.0,269,163,0.0,3.3,-0.5,0.0,1.8,356.0,38.0,100.0,50.0,398.0,43.0,389.0,50.0,264.0,46.0,380.0,46.0,,,,,,,,0.27,0.01,0.28,1.38,0.0,0.42,1.69,0.42,3.38,23,0,0.0,0.0,0.0,0.0,0.0,0.0,0.0,0.0,0.0,0.0,0.0,0.0,0.0,0.0,271.0,183.0,0.0,0.0,0.0,0.0,0.0,0.0,0.0,0.0,0.0,0.0,0.0,0.0,0.0
674,Aaron,Ramsdale,Ramsdale,a,,,4.8,362,15.0,0.7,216,28.0,0.0,699.0,91.0,0,0,0.0,-2,2.0,500,3569,0.0,2.3,-0.5,0.0,1.6,378.0,29.0,,,325.0,26.0,409.0,10.0,729.0,81.0,393.0,25.0,,,,,,,,0.0,0.0,0.0,1.3,1.63,0.0,1.63,0.98,0.0,23,0,0.0,0.0,0.0,0.0,0.0,0.0,0.0,0.0,0.0,0.0,0.0,0.0,0.0,0.0,575.0,4394.0,0.0,0.0,0.0,0.0,0.0,0.0,0.0,0.0,0.0,0.0,0.0,0.0,0.0
684,Malick,Thiaw,Thiaw,a,,,5.1,236,35.0,5.4,72,24.0,6.5,6.0,4.0,1,0,0.0,1,-1.0,23733,131114,1.3,16.7,6.0,6.5,4.2,55.0,25.0,,,25.0,10.0,285.0,92.0,100.0,14.0,89.0,22.0,,,,,,,,0.1,0.02,0.12,1.26,0.0,0.22,1.4,1.03,9.45,23,1,90.0,0.0,0.0,0.0,2.0,0.0,0.0,0.0,0.0,0.0,0.0,1.0,0.0,8.0,32441.0,141701.0,0.0,0.0,0.020000000000000018,0.020000000000000018,1.1600000000000001,16.799999999999955,6.600000000000001,0.0,2.299999999999997,1.0,3.0,4.0,4.0
714,Nick,Woltemade,Woltemade,a,,,7.1,37,16.0,11.1,39,7.0,2.2,196.0,21.0,1,-1,1.0,1,-1.0,11815,332314,0.3,11.4,1.7,2.2,4.0,73.0,7.0,,,107.0,10.0,151.0,10.0,34.0,15.0,70.0,12.0,,,3.0,,,,,0.41,0.05,0.46,1.15,0.0,0.4,1.26,1.13,4.46,23,1,28.0,0.0,0.0,0.0,1.0,0.0,0.0,0.0,0.0,0.0,0.0,0.0,0.0,2.0,13998.0,386195.0,0.0,0.0,0.0,0.0,0.5199999999999996,0.0,0.8000000000000114,2.0,0.29999999999999716,0.0,0.0,0.0,0.0
753,John,Ruddy,Ruddy,a,,,4.0,649,39.0,0.0,700,81.0,0.0,467.0,53.0,0,0,0.0,0,0.0,64,61,0.0,0.0,-0.5,0.0,0.0,554.0,59.0,,,545.0,59.0,536.0,46.0,500.0,31.0,545.0,59.0,,,,,,,,0.0,0.0,0.0,0.0,0.0,0.0,0.0,0.0,0.0,23,0,0.0,0.0,0.0,0.0,0.0,0.0,0.0,0.0,0.0,0.0,0.0,0.0,0.0,0.0,70.0,63.0,0.0,0.0,0.0,0.0,0.0,0.0,0.0,0.0,0.0,0.0,0.0,0.0,0.0
765,Leo,Shahar,Shahar,a,,,4.0,701,186.0,0.0,676,234.0,0.0,511.0,206.0,0,0,0.0,0,0.0,239,219,0.0,0.0,-0.5,0.0,0.0,596.0,224.0,,,587.0,224.0,580.0,224.0,546.0,219.0,587.0,223.0,,,,,,,,0.0,0.0,0.0,0.0,0.0,0.0,0.0,0.0,0.0,23,0,0.0,0.0,0.0,0.0,0.0,0.0,0.0,0.0,0.0,0.0,0.0,0.0,0.0,0.0,270.0,242.0,0.0,0.0,0.0,0.0,0.0,0.0,0.0,0.0,0.0,0.0,0.0,0.0,0.0
772,Sam,Alabi,Alabi,a,,,4.5,506,312.0,0.0,785,345.0,0.0,685.0,280.0,0,0,0.0,0,0.0,31,14,0.0,0.0,-0.5,0.0,0.0,737.0,312.0,,,737.0,312.0,732.0,312.0,714.0,306.0,736.0,311.0,,,,,,,,0.0,0.0,0.0,0.0,0.0,0.0,0.0,0.0,0.0,23,0,0.0,0.0,0.0,0.0,0.0,0.0,0.0,0.0,0.0,0.0,0.0,0.0,0.0,0.0,33.0,19.0,0.0,0.0,0.0,0.0,0.0,0.0,0.0,0.0,0.0,0.0,0.0,0.0,0.0
12,Oleksandr,Zinchenko,Zinchenko,a,,,4.9,303,48.0,0.2,353,128.0,0.0,711.0,253.0,0,0,0.0,-1,1.0,661,347,0.0,1.4,0.0,0.0,1.4,404.0,149.0,100.0,100.0,343.0,131.0,249.0,73.0,355.0,122.0,353.0,123.0,,,,,,,,0.02,0.09,0.11,1.28,0.0,0.0,1.53,1.02,6.14,23,0,0.0,0.0,0.0,0.0,0.0,0.0,0.0,0.0,0.0,0.0,0.0,0.0,0.0,0.0,732.0,394.0,0.0,0.0,0.0,0.0,0.0,0.0,0.0,0.0,0.0,0.0,0.0,0.0,0.0
426,James,McAtee,McAtee,a,,,5.0,256,156.0,0.1,488,171.0,0.0,736.0,315.0,0,0,0.0,-5,5.0,344,234,0.0,1.2,0.0,0.0,0.9,487.0,230.0,,,434.0,195.0,327.0,179.0,394.0,194.0,417.0,188.0,,,,,,,,0.01,0.09,0.1,1.9,0.0,0.0,3.73,0.53,5.86,23,0,0.0,0.0,0.0,0.0,0.0,0.0,0.0,0.0,0.0,0.0,0.0,0.0,0.0,0.0,371.0,257.0,0.0,0.0,0.0,0.0,0.0,0.0,0.0,0.0,0.0,0.0,0.0,0.0,0.0
502,Matz,Sels,Sels,a,,,4.6,392,18.0,5.7,67,12.0,5.0,33.0,1.0,6,0,0.0,-4,4.0,31056,11529,1.1,13.0,5.0,5.0,3.2,149.0,15.0,100.0,100.0,65.0,13.0,407.0,8.0,718.0,76.0,233.0,13.0,,,,,,,,0.0,0.0,0.0,1.47,2.98,0.22,1.43,0.99,0.0,23,6,90.0,0.0,0.0,1.0,0.0,0.0,0.0,0.0,0.0,0.0,1.0,1.0,0.0,24.0,31839.0,12779.0,0.0,0.0,0.0,0.0,1.8100000000000023,9.199999999999989,0.0,0.0,0.8999999999999986,0.0,2.0,6.0,0.0
503,Carlos Miguel,dos Santos Pereira,C.Miguel,u,Has joined Palmeiras permanently.,,4.0,679,56.0,0.1,535,76.0,0.0,491.0,68.0,0,0,0.0,0,0.0,0,68,0.0,0.0,0.0,0.0,0.0,578.0,74.0,0.0,0.0,569.0,74.0,562.0,63.0,527.0,48.0,569.0,74.0,,,,,,,,0.0,0.0,0.0,0.0,0.0,0.0,0.0,0.0,0.0,23,0,0.0,0.0,0.0,0.0,0.0,0.0,0.0,0.0,0.0,0.0,0.0,0.0,0.0,0.0,0.0,78.0,0.0,0.0,0.0,0.0,0.0,0.0,0.0,0.0,0.0,0.0,0.0,0.0,0.0
504,Matt,Turner,Turner,u,Has joined Lyon permanently.,,4.0,664,47.0,0.1,507,75.0,0.0,478.0,59.0,0,0,0.0,0,0.0,0,67,0.0,0.0,0.0,0.0,0.0,565.0,65.0,0.0,0.0,556.0,65.0,549.0,54.0,514.0,39.0,556.0,65.0,,,,,,,,0.0,0.0,0.0,0.0,0.0,0.0,0.0,0.0,0.0,23,0,0.0,0.0,0.0,0.0,0.0,0.0,0.0,0.0,0.0,0.0,0.0,0.0,0.0,0.0,0.0,80.0,0.0,0.0,0.0,0.0,0.0,0.0,0.0,0.0,0.0,0.0,0.0,0.0,0.0
505,Nikola,Milenković,Milenković,a,,,5.1,230,32.0,3.2,103,39.0,4.8,40.0,16.0,8,0,0.0,-4,4.0,14403,5377,0.9,12.9,4.8,4.8,2.9,200.0,79.0,,,61.0,28.0,342.0,119.0,231.0,62.0,174.0,55.0,,,,,,,,0.03,0.02,0.05,1.42,0.0,0.22,1.48,1.0,8.22,23,8,90.0,0.0,0.0,1.0,0.0,0.0,0.0,0.0,0.0,0.0,0.0,1.0,0.0,24.0,15073.0,6508.0,0.0,0.0,0.0,0.0,1.8099999999999952,17.19999999999999,0.0,0.0,1.7000000000000028,1.0,10.0,2.0,11.0
506,Murillo,Costa dos Santos,Murillo,a,,,5.2,222,30.0,2.1,128,48.0,5.2,27.0,9.0,8,0,0.0,-3,3.0,25651,6102,1.0,11.9,5.2,3.9,3.6,115.0,43.0,100.0,75.0,74.0,34.0,260.0,78.0,266.0,76.0,176.0,56.0,,3.0,,,,,,0.03,0.03,0.06,1.4,0.0,0.25,1.36,1.05,10.05,23,8,90.0,0.0,0.0,1.0,0.0,0.0,0.0,0.0,0.0,0.0,0.0,1.0,0.0,23.0,25765.0,8288.0,0.0,0.0,0.010000000000000009,0.010000000000000009,1.8099999999999987,18.599999999999966,0.29999999999999716,0.0,1.9000000000000057,0.0,10.0,2.0,10.0
507,Ola,Aina,Aina,a,,,4.7,379,64.0,2.1,124,47.0,4.8,37.0,13.0,11,0,0.0,-3,3.0,27069,3578,1.0,5.3,4.8,4.8,3.6,111.0,42.0,100.0,100.0,302.0,115.0,274.0,85.0,311.0,100.0,330.0,112.0,,,,,,,,0.01,0.06,0.07,1.64,0.0,0.3,1.18,1.04,7.55,23,11,90.0,0.0,1.0,1.0,0.0,0.0,0.0,0.0,0.0,0.0,0.0,1.0,2.0,32.0,27560.0,3711.0,0.0,0.0,0.010000000000000009,0.010000000000000009,1.8100000000000005,22.200000000000003,5.5,2.0,3.0,0.0,9.0,8.0,9.0
508,Neco,Williams,N.Williams,a,,,4.7,382,65.0,3.2,102,38.0,4.8,38.0,14.0,8,0,0.0,-3,3.0,20587,8561,1.0,15.5,4.8,4.8,3.2,152.0,62.0,,,31.0,14.0,45.0,5.0,90.0,9.0,36.0,2.0,4.0,,,,,,,0.06,0.1,0.16,1.42,0.0,0.22,1.48,1.0,6.96,23,8,90.0,0.0,0.0,1.0,0.0,0.0,0.0,0.0,0.0,0.0,0.0,1.0,0.0,25.0,21296.0,10077.0,0.0,0.0,0.0,0.0,1.8099999999999952,25.0,1.5,2.0,2.8999999999999915,4.0,8.0,5.0,12.0
509,David,Mota Veiga Teixeira do Carmo,David Carmo,u,has joined Real Oviedo on loan for the rest of the season.,,4.5,431,86.0,0.0,667,232.0,0.0,628.0,248.0,0,0,0.0,0,0.0,0,11,0.0,0.0,0.0,0.0,0.0,687.0,254.0,0.0,0.0,682.0,254.0,679.0,254.0,657.0,253.0,683.0,254.0,,,,,,,,0.0,0.0,0.0,0.0,0.0,0.0,0.0,0.0,0.0,23,0,0.0,0.0,0.0,0.0,0.0,0.0,0.0,0.0,0.0,0.0,0.0,0.0,0.0,0.0,0.0,12.0,0.0,0.0,0.0,0.0,0.0,0.0,0.0,0.0,0.0,0.0,0.0,0.0,0.0
510,Jair,Paula da Cunha Filho,Jair Cunha,a,,,4.2,641,155.0,0.1,547,198.0,0.0,547.0,233.0,0,0,0.0,-3,3.0,90,106,0.0,0.7,0.0,0.0,3.0,185.0,72.0,,,416.0,157.0,457.0,168.0,579.0,242.0,446.0,163.0,,,,,,,,0.0,0.0,0.0,3.28,0.0,0.0,2.0,1.0,11.0,23,0,0.0,0.0,0.0,0.0,0.0,0.0,0.0,0.0,0.0,0.0,0.0,0.0,0.0,0.0,95.0,121.0,0.0,0.0,0.0,0.0,0.0,0.0,0.0,0.0,0.0,0.0,0.0,0.0,0.0
511,Felipe,Rodrigues da Silva,Morato,a,,,4.3,585,135.0,0.1,509,184.0,0.5,323.0,120.0,1,0,0.0,-2,2.0,115,180,0.1,5.1,0.5,0.5,2.0,317.0,122.0,,,252.0,102.0,412.0,150.0,407.0,152.0,354.0,124.0,,,,,,,,0.0,0.01,0.01,1.37,0.0,0.13,1.77,1.01,9.1,23,1,3.0,0.0,0.0,0.0,0.0,0.0,0.0,0.0,0.0,0.0,0.0,0.0,0.0,6.0,124.0,202.0,0.0,0.0,0.0,0.0,0.14000000000000057,4.0,0.0,0.0,0.40000000000000213,1.0,1.0,0.0,2.0
513,Zach,Abbott,Abbott,a,,,3.8,798,254.0,0.3,338,125.0,0.0,424.0,169.0,0,0,0.0,-2,2.0,489,902,0.0,0.3,0.0,0.0,1.0,434.0,159.0,,,435.0,162.0,454.0,167.0,456.0,182.0,455.0,165.0,,,,,,,,0.0,0.0,0.0,1.26,0.0,0.0,2.0,0.0,14.0,23,0,0.0,0.0,0.0,0.0,0.0,0.0,0.0,0.0,0.0,0.0,0.0,0.0,0.0,0.0,562.0,1028.0,0.0,0.0,0.0,0.0,0.0,0.0,0.0,0.0,0.0,0.0,0.0,0.0,0.0
515,Morgan,Gibbs-White,Gibbs-White,a,,,7.3,25,16.0,3.3,101,31.0,6.5,8.0,3.0,6,0,0.0,-2,2.0,48537,13677,0.9,12.3,6.5,6.5,3.9,86.0,39.0,100.0,100.0,96.0,31.0,28.0,27.0,26.0,13.0,29.0,23.0,,2.0,2.0,,,,,0.27,0.08,0.35,1.45,0.0,0.23,1.42,1.01,5.14,23,6,90.0,0.0,1.0,1.0,0.0,0.0,0.0,0.0,0.0,0.0,0.0,1.0,0.0,25.0,52529.0,15510.0,0.0,0.0,0.08000000000000007,0.08000000000000007,1.8100000000000023,27.19999999999999,22.600000000000023,6.0,5.6000000000000085,0.0,3.0,3.0,6.0
516,Callum,Hudson-Odoi,Hudson-Odoi,a,,,5.7,116,72.0,0.8,207,69.0,2.0,209.0,87.0,3,0,0.0,-3,3.0,4447,4903,0.4,10.4,2.0,2.0,2.8,219.0,96.0,100.0,100.0,183.0,77.0,39.0,37.0,95.0,58.0,81.0,49.0,,,,,,,,0.13,0.11,0.24,1.46,0.0,0.21,1.32,0.9,5.29,23,3,86.0,0.0,0.0,1.0,0.0,0.0,0.0,0.0,0.0,0.0,0.0,1.0,0.0,13.0,5002.0,5763.0,0.0,0.0,0.020000000000000018,0.020000000000000018,1.6700000000000017,13.0,17.399999999999977,0.0,3.0,2.0,3.0,6.0,11.0
517,Elliot,Anderson,Anderson,a,,,5.3,192,119.0,4.9,77,26.0,5.2,28.0,13.0,5,0,0.0,-2,2.0,76406,34189,1.0,18.3,5.2,5.2,4.2,56.0,22.0,,,34.0,8.0,8.0,8.0,140.0,81.0,25.0,20.0,2.0,,4.0,,,,,0.08,0.09,0.17,1.42,0.0,0.22,1.48,1.0,13.74,23,5,90.0,0.0,0.0,1.0,0.0,0.0,0.0,0.0,0.0,0.0,0.0,1.0,0.0,18.0,85095.0,37700.0,0.0,0.020000000000000018,0.040000000000000036,0.06000000000000005,1.8099999999999952,13.199999999999989,7.800000000000068,4.0,2.5,1.0,4.0,9.0,14.0
518,João Pedro,Ferreira da Silva,Jota,u,has joined Besiktas on loan for the rest of the season.,,5.4,179,111.0,0.0,614,236.0,0.0,777.0,344.0,0,0,0.0,-1,1.0,0,19,0.0,0.2,0.0,0.0,1.0,481.0,227.0,0.0,0.0,454.0,206.0,456.0,221.0,419.0,208.0,463.0,215.0,,,,,,,,0.0,0.0,0.0,0.0,0.0,0.0,0.0,0.0,24.55,23,0,0.0,0.0,0.0,0.0,0.0,0.0,0.0,0.0,0.0,0.0,0.0,0.0,0.0,0.0,0.0,19.0,0.0,0.0,0.0,0.0,0.0,0.0,0.0,0.0,0.0,0.0,0.0,0.0,0.0
519,Nicolás,Domínguez,Dominguez,a,,,5.0,255,155.0,0.0,623,244.0,5.0,34.0,16.0,3,0,0.0,0,0.0,1250,242,1.0,6.2,5.0,5.0,2.2,298.0,129.0,100.0,100.0,275.0,121.0,174.0,118.0,240.0,130.0,264.0,129.0,3.0,,,,,,,0.11,0.05,0.16,1.4,0.0,0.38,1.39,1.26,9.35,23,3,60.0,0.0,0.0,1.0,0.0,0.0,0.0,0.0,0.0,0.0,0.0,1.0,0.0,7.0,1344.0,261.0,0.0,0.010000000000000009,0.0,0.010000000000000009,1.3599999999999994,4.200000000000017,2.1000000000000227,3.0,0.8999999999999986,3.0,1.0,3.0,7.0
520,Lewis,O'Brien,O'Brien,u,Has joined Wrexham permanently.,,5.0,253,154.0,0.0,803,359.0,0.0,735.0,314.0,0,0,0.0,0,0.0,0,0,0.0,0.0,0.0,0.0,0.0,767.0,333.0,0.0,0.0,767.0,333.0,764.0,333.0,757.0,330.0,766.0,332.0,,,,,,,,0.0,0.0,0.0,0.0,0.0,0.0,0.0,0.0,0.0,23,0,0.0,0.0,0.0,0.0,0.0,0.0,0.0,0.0,0.0,0.0,0.0,0.0,0.0,0.0,0.0,0.0,0.0,0.0,0.0,0.0,0.0,0.0,0.0,0.0,0.0,0.0,0.0,0.0,0.0
521,Ibrahim,Sangaré,Sangaré,a,,,4.9,307,190.0,0.1,552,201.0,2.0,204.0,84.0,5,0,0.0,-1,1.0,828,210,0.4,11.2,2.0,2.0,3.7,99.0,48.0,100.0,100.0,170.0,67.0,252.0,151.0,243.0,131.0,230.0,113.0,,,,,,,,0.08,0.1,0.18,1.44,0.0,0.43,1.12,1.12,11.21,23,5,90.0,0.0,0.0,1.0,0.0,0.0,0.0,0.0,0.0,0.0,0.0,1.0,0.0,12.0,891.0,226.0,0.0,0.12,0.010000000000000009,0.13000000000000012,1.8100000000000005,21.600000000000023,2.6000000000000085,4.0,2.8000000000000043,2.0,10.0,5.0,17.0
524,Marko,Stamenić,Stamenic,u,Has joined Swansea City permanently.,,4.5,447,267.0,0.0,679,283.0,0.0,638.0,242.0,0,0,0.0,0,0.0,0,14,0.0,0.0,0.0,0.0,0.0,695.0,279.0,0.0,0.0,691.0,275.0,688.0,277.0,667.0,268.0,691.0,275.0,,,,,,,,0.0,0.0,0.0,0.0,0.0,0.0,0.0,0.0,0.0,23,0,0.0,0.0,0.0,0.0,0.0,0.0,0.0,0.0,0.0,0.0,0.0,0.0,0.0,0.0,0.0,15.0,0.0,0.0,0.0,0.0,0.0,0.0,0.0,0.0,0.0,0.0,0.0,0.0,0.0
525,Chris,Wood,Wood,i,Knee injury - Unknown return date,,7.2,30,11.0,4.7,78,14.0,0.0,803.0,87.0,0,0,0.0,-3,3.0,81,3588,0.0,3.5,0.0,0.0,3.1,180.0,18.0,0.0,0.0,348.0,34.0,316.0,34.0,115.0,29.0,293.0,35.0,,,1.0,,,,,0.47,0.02,0.49,1.31,0.0,0.17,1.34,1.17,2.34,23,0,0.0,0.0,0.0,0.0,0.0,0.0,0.0,0.0,0.0,0.0,0.0,0.0,0.0,0.0,99.0,3915.0,0.0,0.0,0.0,0.0,0.0,0.0,0.0,0.0,0.0,0.0,0.0,0.0,0.0
526,Igor Jesus,Maciel da Cruz,Igor Jesus,a,,,5.8,110,32.0,1.3,162,27.0,3.8,86.0,11.0,9,0,0.0,-2,2.0,55234,11123,0.7,9.5,3.8,2.8,2.5,265.0,27.0,100.0,75.0,260.0,24.0,205.0,22.0,29.0,14.0,143.0,18.0,,,3.0,,,,,0.25,0.06,0.31,1.5,0.0,0.35,1.61,1.05,4.62,23,9,67.0,1.0,0.0,1.0,0.0,0.0,0.0,0.0,0.0,0.0,0.0,1.0,3.0,39.0,55335.0,14899.0,0.0,0.22999999999999998,0.010000000000000009,0.2400000000000002,1.3599999999999994,42.8,0.29999999999999716,35.0,7.800000000000004,3.0,2.0,2.0,7.0
527,Taiwo,Awoniyi,Awoniyi,a,,,5.2,210,47.0,0.3,317,52.0,1.5,250.0,28.0,6,0,0.0,-3,3.0,2304,570,0.3,2.5,1.5,1.5,1.6,381.0,43.0,100.0,100.0,385.0,41.0,332.0,40.0,216.0,43.0,348.0,41.0,,,,,,,,0.38,0.17,0.55,1.5,0.0,0.0,0.88,0.44,5.29,23,6,22.0,1.0,0.0,0.0,0.0,0.0,0.0,0.0,0.0,0.0,0.0,0.0,1.0,30.0,2435.0,642.0,0.0,0.38999999999999996,0.0,0.39,0.4500000000000002,35.4,1.2999999999999972,33.0,7.000000000000002,0.0,1.0,1.0,2.0
669,Dan,Ndoye,Ndoye,a,,,5.5,149,94.0,0.7,214,73.0,0.2,395.0,182.0,0,0,0.0,-5,5.0,406,890,0.0,7.6,0.2,0.2,2.6,250.0,107.0,100.0,100.0,274.0,120.0,161.0,108.0,161.0,93.0,227.0,112.0,,,,,,,,0.07,0.11,0.18,1.25,0.0,0.18,1.42,1.25,7.3,23,0,0.0,0.0,0.0,0.0,0.0,0.0,0.0,0.0,0.0,0.0,0.0,0.0,0.0,0.0,477.0,1019.0,0.0,0.0,0.0,0.0,0.0,0.0,0.0,0.0,0.0,0.0,0.0,0.0,0.0
675,Angus,Gunn,Gunn,a,,,4.0,654,43.0,1.2,174,22.0,0.0,471.0,56.0,0,0,0.0,0,0.0,197,921,0.0,0.0,0.0,0.0,0.0,558.0,62.0,100.0,100.0,549.0,62.0,541.0,50.0,505.0,35.0,549.0,62.0,,,,,,,,0.0,0.0,0.0,0.0,0.0,0.0,0.0,0.0,0.0,23,0,0.0,0.0,0.0,0.0,0.0,0.0,0.0,0.0,0.0,0.0,0.0,0.0,0.0,0.0,211.0,1046.0,0.0,0.0,0.0,0.0,0.0,0.0,0.0,0.0,0.0,0.0,0.0,0.0,0.0
693,Omari,Hutchinson,Hutchinson,a,,,5.4,178,110.0,0.1,473,162.0,1.2,272.0,118.0,1,0,0.0,-1,1.0,348,2087,0.2,9.1,1.2,1.2,2.7,230.0,101.0,,,238.0,100.0,67.0,53.0,87.0,54.0,114.0,62.0,,,,,,,,0.16,0.24,0.4,1.46,0.0,0.2,1.49,0.79,7.54,23,1,29.0,0.0,0.0,0.0,0.0,0.0,0.0,0.0,0.0,0.0,0.0,0.0,0.0,3.0,425.0,2588.0,0.0,0.0,0.009999999999999787,0.009999999999999787,0.4499999999999993,3.1999999999999886,4.100000000000023,0.0,0.7000000000000028,1.0,1.0,0.0,2.0
696,Arnaud,Kalimuendo,Kalimuendo,u,has joined Eintracht Frankfurt on loan for the rest of the season.,,6.0,89,29.0,0.1,437,62.0,0.2,399.0,45.0,0,0,0.0,0,0.0,0,323,0.0,1.5,0.0,0.0,1.0,484.0,57.0,0.0,0.0,449.0,51.0,382.0,49.0,313.0,51.0,421.0,51.0,,,,,,,,0.44,0.02,0.46,1.59,0.0,0.0,3.03,0.0,6.07,23,0,0.0,0.0,0.0,0.0,0.0,0.0,0.0,0.0,0.0,0.0,0.0,0.0,0.0,0.0,0.0,361.0,0.0,0.0,0.0,0.0,0.0,0.0,0.0,0.0,0.0,0.0,0.0,0.0,0.0
734,Dilane,Bakwa,Bakwa,a,,,5.9,101,66.0,0.0,677,281.0,1.2,276.0,120.0,0,0,0.0,-1,1.0,139,107,0.2,2.0,1.2,1.2,1.5,397.0,177.0,100.0,100.0,389.0,171.0,208.0,133.0,258.0,139.0,327.0,159.0,,,,,,,,0.12,0.2,0.32,1.64,0.0,0.0,2.09,0.89,6.85,23,0,0.0,0.0,0.0,0.0,0.0,0.0,0.0,0.0,0.0,0.0,0.0,0.0,0.0,0.0,146.0,128.0,0.0,0.0,0.0,0.0,0.0,0.0,0.0,0.0,0.0,0.0,0.0,0.0,0.0
805,Lorenzo,Lucca,Lucca,a,,,5.5,150,37.0,0.0,754,89.0,0.0,784.0,80.0,0,0,0.0,0,0.0,767,107,0.0,0.0,1.9,1.9,0.0,792.0,85.0,,,792.0,85.0,791.0,85.0,788.0,85.0,792.0,85.0,,,,,,,,0.0,0.0,0.0,0.0,0.0,0.0,0.0,0.0,0.0,23,0,0.0,0.0,0.0,0.0,0.0,0.0,0.0,0.0,0.0,0.0,0.0,0.0,0.0,0.0,767.0,107.0,0.0,0.0,0.0,0.0,0.0,0.0,0.0,0.0,0.0,0.0,0.0,0.0,0.0
528,Anthony,Patterson,Patterson,a,,,4.2,628,34.0,0.2,381,55.0,0.0,537.0,79.0,0,0,0.0,-3,3.0,228,347,0.0,0.0,0.0,0.0,0.0,619.0,85.0,,,611.0,85.0,604.0,75.0,573.0,61.0,612.0,85.0,,,,,,,,0.0,0.0,0.0,0.0,0.0,0.0,0.0,0.0,0.0,23,0,0.0,0.0,0.0,0.0,0.0,0.0,0.0,0.0,0.0,0.0,0.0,0.0,0.0,0.0,267.0,397.0,0.0,0.0,0.0,0.0,0.0,0.0,0.0,0.0,0.0,0.0,0.0,0.0,0.0
530,Blondy,Nna Noukeu,Nna Noukeu,u,has joined US Boulogne CO permanently.,,3.9,758,85.0,0.1,438,66.0,0.0,453.0,46.0,0,0,0.0,-1,1.0,0,501,0.0,0.0,0.0,0.0,0.0,540.0,52.0,0.0,0.0,531.0,52.0,522.0,39.0,485.0,24.0,531.0,52.0,,,,,,,,0.0,0.0,0.0,0.0,0.0,0.0,0.0,0.0,0.0,23,0,0.0,0.0,0.0,0.0,0.0,0.0,0.0,0.0,0.0,0.0,0.0,0.0,0.0,0.0,0.0,578.0,0.0,0.0,0.0,0.0,0.0,0.0,0.0,0.0,0.0,0.0,0.0,0.0,0.0
531,Daniel,Ballard,Ballard,a,,,4.6,395,68.0,3.1,105,41.0,1.6,236.0,93.0,2,0,0.0,1,-1.0,16391,19205,0.3,18.0,1.6,1.6,4.4,36.0,16.0,100.0,100.0,48.0,21.0,224.0,63.0,48.0,2.0,69.0,14.0,,,,,,,,0.13,0.03,0.16,1.35,0.0,0.26,1.22,0.96,10.92,23,2,90.0,0.0,0.0,0.0,3.0,0.0,0.0,0.0,1.0,0.0,0.0,1.0,0.0,-3.0,23370.0,20685.0,0.0,0.020000000000000018,0.010000000000000009,0.03000000000000025,1.5199999999999996,25.0,1.3999999999999915,8.0,3.4000000000000057,3.0,8.0,1.0,11.0
532,Trai,Hume,Hume,a,,,4.5,440,88.0,0.3,295,112.0,1.8,219.0,87.0,0,0,0.0,0,0.0,564,2827,0.4,14.7,1.8,1.8,2.9,196.0,77.0,,,134.0,58.0,97.0,22.0,139.0,25.0,120.0,38.0,2.0,,,,,,,0.05,0.04,0.09,1.48,0.0,0.29,1.15,1.01,6.33,23,0,45.0,0.0,0.0,0.0,3.0,0.0,0.0,0.0,0.0,0.0,0.0,1.0,0.0,-20.0,1018.0,3099.0,0.0,0.07999999999999985,0.020000000000000018,0.10000000000000009,1.3000000000000007,0.0,6.599999999999994,7.0,0.29999999999999716,0.0,1.0,0.0,1.0
533,Aji,Alese,Alese,u,has joined Portsmouth on loan for the rest of the season.,,4.0,661,164.0,0.0,767,260.0,0.0,476.0,188.0,0,0,0.0,0,0.0,26,33,0.0,0.0,0.0,0.0,0.0,563.0,208.0,0.0,0.0,554.0,208.0,546.0,208.0,511.0,202.0,554.0,207.0,,,,,,,,0.0,0.0,0.0,0.0,0.0,0.0,0.0,0.0,0.0,23,0,0.0,0.0,0.0,0.0,0.0,0.0,0.0,0.0,0.0,0.0,0.0,0.0,0.0,0.0,32.0,39.0,0.0,0.0,0.0,0.0,0.0,0.0,0.0,0.0,0.0,0.0,0.0,0.0,0.0
534,Joe,Anderson,Anderson,u,has joined Barrow FC permanently.,,3.8,779,235.0,0.4,288,111.0,0.0,409.0,154.0,0,0,0.0,-2,2.0,0,2305,0.0,0.0,0.0,0.0,0.0,500.0,178.0,0.0,0.0,491.0,178.0,480.0,177.0,442.0,168.0,491.0,177.0,,,,,,,,0.0,0.0,0.0,0.0,0.0,0.0,0.0,0.0,0.0,23,0,0.0,0.0,0.0,0.0,0.0,0.0,0.0,0.0,0.0,0.0,0.0,0.0,0.0,0.0,0.0,2782.0,0.0,0.0,0.0,0.0,0.0,0.0,0.0,0.0,0.0,0.0,0.0,0.0,0.0
535,Dennis,Cirkin,Cirkin,a,,,4.0,672,169.0,0.1,561,201.0,2.2,175.0,68.0,1,0,0.0,0,0.0,868,429,0.6,3.2,2.2,2.2,2.2,291.0,111.0,100.0,100.0,380.0,147.0,415.0,152.0,421.0,158.0,418.0,152.0,,,,,,,,0.0,0.01,0.01,1.84,0.0,0.3,0.61,0.91,7.91,23,1,45.0,0.0,0.0,0.0,0.0,0.0,0.0,0.0,0.0,0.0,0.0,0.0,0.0,5.0,1014.0,483.0,0.0,0.0,0.0,0.0,0.21999999999999975,6.0,1.0999999999999996,0.0,0.7000000000000002,0.0,2.0,2.0,2.0
539,Luke,O'Nien,O'Nien,a,,,4.0,659,162.0,0.1,560,200.0,0.4,343.0,125.0,1,0,0.0,0,0.0,195,217,0.1,0.2,0.4,0.4,0.2,495.0,174.0,100.0,100.0,453.0,166.0,448.0,165.0,509.0,200.0,468.0,166.0,,,,,,,,0.0,0.0,0.0,4.3,0.0,0.0,0.0,0.0,10.0,23,1,7.0,0.0,0.0,0.0,0.0,0.0,0.0,0.0,0.0,0.0,0.0,0.0,0.0,3.0,228.0,248.0,0.0,0.0,0.0,0.0,0.13,0.40000000000000036,0.5,0.0,0.09999999999999998,0.0,0.0,0.0,0.0
540,Timothée,Pembélé,Pembele,u,has joined Le Havre AC on loan for the rest of the season.,,3.9,751,219.0,0.3,312,116.0,0.0,448.0,177.0,0,0,0.0,-1,1.0,0,1088,0.0,0.0,0.0,0.0,0.0,535.0,197.0,0.0,0.0,526.0,197.0,517.0,197.0,480.0,189.0,526.0,196.0,,,,,,,,0.0,0.0,0.0,0.0,0.0,0.0,0.0,0.0,0.0,23,0,0.0,0.0,0.0,0.0,0.0,0.0,0.0,0.0,0.0,0.0,0.0,0.0,0.0,0.0,0.0,1250.0,0.0,0.0,0.0,0.0,0.0,0.0,0.0,0.0,0.0,0.0,0.0,0.0,0.0
544,Habib,Diarra,Diarra,a,,,5.3,205,127.0,0.0,607,233.0,0.0,767.0,338.0,0,0,0.0,-2,2.0,416,176,0.0,2.5,0.0,0.0,2.2,299.0,130.0,100.0,100.0,431.0,192.0,343.0,180.0,297.0,154.0,399.0,182.0,,,1.0,,,,,0.12,0.02,0.14,1.01,0.0,0.43,0.43,0.87,5.62,23,0,45.0,0.0,0.0,0.0,0.0,0.0,0.0,0.0,1.0,0.0,0.0,0.0,0.0,-2.0,492.0,186.0,0.0,0.040000000000000036,0.009999999999999995,0.050000000000000044,0.22000000000000064,3.6000000000000014,3.3999999999999986,2.0,0.9000000000000004,1.0,2.0,3.0,6.0
545,Patrick,Roberts,Roberts,u,has joined Birmingham City on loan for the rest of the season.,,5.4,161,100.0,0.0,710,301.0,0.0,769.0,339.0,0,0,0.0,-1,1.0,0,4,0.0,0.2,0.0,0.0,1.0,480.0,226.0,0.0,0.0,471.0,218.0,418.0,204.0,410.0,202.0,460.0,212.0,,,,,,,,0.1,0.07,0.17,2.2,0.0,0.0,3.33,0.0,3.33,23,0,0.0,0.0,0.0,0.0,0.0,0.0,0.0,0.0,0.0,0.0,0.0,0.0,0.0,0.0,0.0,5.0,0.0,0.0,0.0,0.0,0.0,0.0,0.0,0.0,0.0,0.0,0.0,0.0,0.0
548,Romaine,Mundle,Mundle,a,,,4.9,330,203.0,0.0,731,311.0,1.2,267.0,114.0,1,0,0.0,-1,1.0,63,76,0.2,2.0,1.2,1.2,1.0,471.0,219.0,100.0,100.0,421.0,187.0,356.0,185.0,300.0,157.0,397.0,181.0,,3.0,,,,,,0.13,0.08,0.21,1.71,0.0,0.0,1.79,0.6,6.85,23,1,45.0,0.0,0.0,0.0,3.0,0.0,0.0,0.0,0.0,0.0,0.0,1.0,0.0,0.0,100.0,88.0,0.0,0.0,0.0,0.0,1.2999999999999998,0.0,1.1000000000000014,0.0,0.09999999999999964,1.0,0.0,0.0,1.0
549,Dan,Neil,Neil,u,has joined Ipswich Town on loan for the rest of the season.,,4.8,361,224.0,0.0,635,255.0,0.2,382.0,173.0,0,0,0.0,-2,2.0,20,120,0.0,0.6,0.0,0.2,1.0,468.0,217.0,0.0,,464.0,214.0,445.0,216.0,728.0,313.0,476.0,219.0,,,,,,,,0.0,0.0,0.0,4.43,0.0,0.0,0.0,0.0,13.85,23,0,0.0,0.0,0.0,0.0,0.0,0.0,0.0,0.0,0.0,0.0,0.0,0.0,0.0,0.0,27.0,126.0,0.0,0.0,0.0,0.0,0.0,0.0,0.0,0.0,0.0,0.0,0.0,0.0,0.0
550,Ian,Poveda-Ocampo,Poveda,a,,,4.8,357,223.0,0.0,656,269.0,0.0,698.0,289.0,0,0,0.0,-2,2.0,29,35,0.0,0.0,0.0,0.0,0.0,745.0,317.0,,,745.0,317.0,740.0,317.0,727.0,312.0,744.0,316.0,,,,,,,,0.0,0.0,0.0,0.0,0.0,0.0,0.0,0.0,0.0,23,0,0.0,0.0,0.0,0.0,0.0,0.0,0.0,0.0,0.0,0.0,0.0,0.0,0.0,0.0,34.0,37.0,0.0,0.0,0.0,0.0,0.0,0.0,0.0,0.0,0.0,0.0,0.0,0.0,0.0
554,Abdoullah,Ba,Ba,a,,,4.3,584,341.0,0.4,290,96.0,0.0,557.0,189.0,0,0,0.0,-2,2.0,485,2144,0.0,0.0,0.0,0.0,0.0,629.0,234.0,,,620.0,225.0,616.0,230.0,587.0,216.0,621.0,226.0,,,,,,,,0.0,0.0,0.0,0.0,0.0,0.0,0.0,0.0,0.0,23,0,0.0,0.0,0.0,0.0,0.0,0.0,0.0,0.0,0.0,0.0,0.0,0.0,0.0,0.0,586.0,2392.0,0.0,0.0,0.0,0.0,0.0,0.0,0.0,0.0,0.0,0.0,0.0,0.0,0.0
555,Alan,Browne,Browne,u,has joined Middlesbrough on loan for the rest of the season.,,4.5,411,250.0,0.0,639,258.0,0.0,615.0,225.0,0,0,0.0,0,0.0,0,17,0.0,0.0,0.0,0.0,0.0,677.0,265.0,0.0,0.0,672.0,260.0,667.0,263.0,643.0,253.0,673.0,261.0,,,,,,,,0.0,0.0,0.0,0.0,0.0,0.0,0.0,0.0,0.0,23,0,0.0,0.0,0.0,0.0,0.0,0.0,0.0,0.0,0.0,0.0,0.0,0.0,0.0,0.0,0.0,23.0,0.0,0.0,0.0,0.0,0.0,0.0,0.0,0.0,0.0,0.0,0.0,0.0,0.0
556,Pierre,Ekwah Elimby,Ekwah,u,Has joined AS Saint-Etienne permanently.,,4.5,433,258.0,0.0,756,326.0,0.0,629.0,233.0,0,0,0.0,0,0.0,0,5,0.0,0.0,0.0,0.0,0.0,688.0,272.0,0.0,0.0,683.0,267.0,681.0,270.0,659.0,261.0,684.0,268.0,,,,,,,,0.0,0.0,0.0,0.0,0.0,0.0,0.0,0.0,0.0,23,0,0.0,0.0,0.0,0.0,0.0,0.0,0.0,0.0,0.0,0.0,0.0,0.0,0.0,0.0,0.0,5.0,0.0,0.0,0.0,0.0,0.0,0.0,0.0,0.0,0.0,0.0,0.0,0.0,0.0
558,Jay,Matete,Matete,u,has joined MK Dons permanently.,,4.3,591,344.0,0.2,374,124.0,0.0,559.0,191.0,0,0,0.0,-2,2.0,0,1385,0.0,0.0,0.0,0.0,0.0,631.0,236.0,0.0,0.0,622.0,227.0,618.0,232.0,589.0,218.0,623.0,228.0,,,,,,,,0.0,0.0,0.0,0.0,0.0,0.0,0.0,0.0,0.0,23,0,0.0,0.0,0.0,0.0,0.0,0.0,0.0,0.0,0.0,0.0,0.0,0.0,0.0,0.0,0.0,1597.0,0.0,0.0,0.0,0.0,0.0,0.0,0.0,0.0,0.0,0.0,0.0,0.0,0.0
559,Nectarios,Triantis,Triantis,u,has joined Minnesota United permanently.,,4.4,539,322.0,0.0,636,256.0,0.0,593.0,211.0,0,0,0.0,-1,1.0,0,37,0.0,0.0,0.0,0.0,0.0,657.0,253.0,0.0,0.0,649.0,245.0,646.0,250.0,620.0,238.0,650.0,246.0,,,,,,,,0.0,0.0,0.0,0.0,0.0,0.0,0.0,0.0,0.0,23,0,0.0,0.0,0.0,0.0,0.0,0.0,0.0,0.0,0.0,0.0,0.0,0.0,0.0,0.0,0.0,42.0,0.0,0.0,0.0,0.0,0.0,0.0,0.0,0.0,0.0,0.0,0.0,0.0,0.0
560,Wilson,Isidor,Isidor,a,,,5.2,213,48.0,1.6,149,25.0,0.4,349.0,42.0,1,0,0.0,-3,3.0,6458,12548,0.1,9.8,0.4,0.4,2.5,264.0,26.0,100.0,100.0,259.0,23.0,372.0,46.0,40.0,17.0,183.0,20.0,,,,,,,,0.32,0.01,0.33,1.44,0.0,0.37,1.19,1.01,3.56,23,1,15.0,0.0,0.0,0.0,0.0,0.0,0.0,0.0,0.0,0.0,0.0,0.0,0.0,3.0,7839.0,14863.0,0.0,0.10999999999999988,0.0,0.10999999999999988,0.17999999999999972,1.0,0.0,6.0,0.6999999999999957,1.0,1.0,1.0,3.0
563,Luís Hemir,Silva Semedo,Luís Hemir,u,has joined Moreirense on loan for the rest of the season.,,4.4,548,78.0,0.1,496,70.0,0.0,600.0,57.0,0,0,0.0,-1,1.0,0,50,0.0,0.0,0.0,0.0,0.0,664.0,69.0,0.0,0.0,657.0,69.0,653.0,68.0,628.0,68.0,658.0,69.0,,,,,,,,0.0,0.0,0.0,0.0,0.0,0.0,0.0,0.0,0.0,23,0,0.0,0.0,0.0,0.0,0.0,0.0,0.0,0.0,0.0,0.0,0.0,0.0,0.0,0.0,0.0,57.0,0.0,0.0,0.0,0.0,0.0,0.0,0.0,0.0,0.0,0.0,0.0,0.0,0.0
564,Nazarii,Rusyn,Rusyn,u,has joined Arka on loan for the rest of the season.,,4.4,531,75.0,0.1,499,71.0,0.0,589.0,54.0,0,0,0.0,-1,1.0,0,45,0.0,0.0,0.0,0.0,0.0,653.0,66.0,0.0,0.0,644.0,66.0,641.0,65.0,615.0,65.0,645.0,66.0,,,,,,,,0.0,0.0,0.0,0.0,0.0,0.0,0.0,0.0,0.0,23,0,0.0,0.0,0.0,0.0,0.0,0.0,0.0,0.0,0.0,0.0,0.0,0.0,0.0,0.0,0.0,52.0,0.0,0.0,0.0,0.0,0.0,0.0,0.0,0.0,0.0,0.0,0.0,0.0,0.0
668,Granit,Xhaka,Xhaka,i,Ankle injury - Expected back 22 Feb,,5.2,207,129.0,5.1,75,25.0,2.6,154.0,64.0,0,0,0.0,2,-2.0,1755,240445,0.5,17.3,0.0,2.6,4.1,60.0,25.0,0.0,,26.0,7.0,26.0,25.0,251.0,136.0,46.0,33.0,1.0,1.0,,,,,,0.03,0.1,0.13,1.43,0.0,0.32,1.06,1.01,10.87,23,0,0.0,0.0,0.0,0.0,0.0,0.0,0.0,0.0,0.0,0.0,0.0,0.0,0.0,0.0,10752.0,246994.0,0.0,0.0,0.0,0.0,0.0,0.0,0.0,0.0,0.0,0.0,0.0,0.0,0.0
670,Robin,Roefs,Roefs,a,,,5.0,269,10.0,12.9,30,5.0,3.0,127.0,14.0,1,0,0.0,5,-5.0,42678,74239,0.6,19.6,3.0,3.0,4.3,48.0,3.0,,,9.0,2.0,335.0,2.0,763.0,87.0,124.0,2.0,,,,,,,,0.0,0.0,0.0,1.45,3.3,0.3,1.13,1.0,0.0,23,1,90.0,0.0,0.0,0.0,3.0,0.0,0.0,0.0,0.0,0.0,2.0,1.0,0.0,5.0,53250.0,80056.0,0.0,0.0,0.010000000000000002,0.010000000000000002,1.5199999999999996,17.799999999999955,0.0,0.0,1.8000000000000114,0.0,1.0,9.0,0.0
678,Arthur,Masuaku,Masuaku,u,has joined RC Lens on loan for the rest of the season.,,3.9,734,210.0,0.5,252,95.0,0.0,437.0,174.0,0,0,0.0,-1,1.0,15,1197,0.0,0.3,0.0,0.0,0.3,494.0,173.0,0.0,0.0,423.0,159.0,377.0,136.0,396.0,149.0,428.0,155.0,,,,,,,,0.05,0.06,0.11,1.5,0.0,0.0,1.44,1.44,7.2,23,0,0.0,0.0,0.0,0.0,0.0,0.0,0.0,0.0,0.0,0.0,0.0,0.0,0.0,0.0,22.0,1401.0,0.0,0.0,0.0,0.0,0.0,0.0,0.0,0.0,0.0,0.0,0.0,0.0,0.0
683,Omar,Alderete,Alderete,a,,,4.1,647,157.0,6.6,56,18.0,2.4,165.0,62.0,1,0,0.0,1,-1.0,54763,54809,0.6,19.3,2.4,2.4,4.2,53.0,23.0,100.0,100.0,43.0,19.0,248.0,72.0,103.0,15.0,98.0,28.0,,,,,,,,0.07,0.04,0.11,1.46,0.0,0.33,1.15,0.98,9.77,23,1,90.0,0.0,0.0,0.0,3.0,0.0,0.0,0.0,0.0,0.0,0.0,1.0,0.0,9.0,62638.0,59249.0,0.0,0.0,0.010000000000000009,0.010000000000000009,1.5199999999999996,22.80000000000001,20.89999999999999,2.0,4.599999999999994,0.0,9.0,5.0,9.0
694,Nordi,Mukiele,Mukiele,a,,,4.5,413,77.0,13.5,29,10.0,5.6,22.0,8.0,4,0,0.0,5,-5.0,195440,56499,1.2,22.7,5.6,5.6,4.9,17.0,8.0,,,28.0,11.0,106.0,26.0,196.0,48.0,74.0,16.0,,,,,,,,0.03,0.08,0.11,1.51,0.0,0.29,1.15,1.0,9.9,23,4,82.0,0.0,1.0,0.0,3.0,0.0,0.0,0.0,0.0,0.0,0.0,1.0,0.0,8.0,234997.0,60417.0,0.0,0.0,0.1499999999999999,0.1499999999999999,1.3900000000000006,30.0,15.400000000000006,2.0,4.700000000000003,0.0,4.0,3.0,4.0
724,Lutsharel,Geertruida,Geertruida,a,,,4.5,422,83.0,0.0,590,213.0,1.8,218.0,86.0,0,0,0.0,0,0.0,161,440,0.4,7.1,1.8,1.8,1.9,334.0,129.0,,,263.0,105.0,283.0,90.0,324.0,104.0,315.0,108.0,,,,,,,,0.03,0.04,0.07,1.91,0.0,0.19,1.3,0.93,5.94,23,0,0.0,0.0,0.0,0.0,0.0,0.0,0.0,0.0,0.0,0.0,0.0,0.0,0.0,0.0,194.0,507.0,0.0,0.0,0.0,0.0,0.0,0.0,0.0,0.0,0.0,0.0,0.0,0.0,0.0
730,Brian,Brobbey,Brobbey,a,,,5.6,130,35.0,1.7,143,23.0,5.6,23.0,6.0,7,1,-1.0,1,-1.0,107599,18148,1.0,10.0,5.6,5.6,3.1,175.0,15.0,100.0,100.0,207.0,16.0,298.0,30.0,88.0,26.0,204.0,22.0,,,,,,,,0.23,0.02,0.25,1.68,0.0,0.31,1.24,0.93,3.82,23,7,90.0,1.0,0.0,0.0,3.0,0.0,0.0,0.0,0.0,0.0,0.0,1.0,1.0,30.0,123305.0,19151.0,0.0,0.3500000000000003,0.010000000000000009,0.3599999999999999,1.5199999999999978,31.400000000000006,1.8000000000000043,19.0,5.199999999999996,0.0,0.0,1.0,1.0
735,Bertrand,Traoré,Traoré,i,Knee injury - Expected back 22 Feb,,5.5,137,84.0,0.0,632,252.0,0.0,781.0,347.0,0,0,0.0,0,0.0,14,160,0.0,5.1,0.0,0.0,2.8,218.0,95.0,0.0,0.0,303.0,135.0,209.0,134.0,164.0,95.0,265.0,130.0,,,,,,,,0.07,0.04,0.11,1.33,0.0,0.44,1.33,1.33,5.93,23,0,0.0,0.0,0.0,0.0,0.0,0.0,0.0,0.0,0.0,0.0,0.0,0.0,0.0,0.0,20.0,180.0,0.0,0.0,0.0,0.0,0.0,0.0,0.0,0.0,0.0,0.0,0.0,0.0,0.0
775,Tymur,Tutierov,Tutierov,u,has joined Exeter City on loan for the rest of the season.,,4.5,488,299.0,0.0,802,358.0,0.0,671.0,268.0,0,0,0.0,0,0.0,0,15,0.0,0.0,0.0,0.0,0.0,725.0,302.0,0.0,0.0,724.0,301.0,719.0,301.0,701.0,295.0,723.0,300.0,,,,,,,,0.0,0.0,0.0,0.0,0.0,0.0,0.0,0.0,0.0,23,0,0.0,0.0,0.0,0.0,0.0,0.0,0.0,0.0,0.0,0.0,0.0,0.0,0.0,0.0,0.0,17.0,0.0,0.0,0.0,0.0,0.0,0.0,0.0,0.0,0.0,0.0,0.0,0.0,0.0
568,Pedro,Porro Sauceda,Pedro Porro,i,Hamstring injury - Expected back 22 Feb,,5.2,215,29.0,11.4,38,14.0,3.8,83.0,30.0,1,0,0.0,-3,3.0,4994,170007,0.7,15.2,0.0,3.8,3.4,134.0,54.0,0.0,,68.0,30.0,15.0,1.0,230.0,61.0,44.0,3.0,3.0,2.0,,,,,,0.02,0.14,0.16,1.26,0.0,0.35,1.19,1.04,6.73,23,1,45.0,0.0,0.0,0.0,1.0,0.0,0.0,0.0,0.0,0.0,0.0,1.0,0.0,2.0,14318.0,174218.0,0.0,0.12,0.010000000000000231,0.1299999999999999,0.6400000000000006,3.6000000000000227,3.800000000000068,11.0,1.7999999999999972,1.0,3.0,5.0,4.0
569,Cristian,Romero,Romero,a,,,5.0,251,38.0,4.4,81,27.0,6.6,5.0,3.0,11,0,0.0,0,0.0,57070,22460,1.3,18.4,6.1,6.6,4.8,22.0,10.0,100.0,100.0,20.0,8.0,206.0,52.0,98.0,12.0,73.0,15.0,,,,,,,,0.07,0.06,0.13,1.35,0.0,0.27,1.37,0.99,9.73,23,11,90.0,1.0,0.0,0.0,2.0,0.0,0.0,0.0,0.0,0.0,0.0,1.0,2.0,29.0,67090.0,23480.0,0.0,0.09000000000000008,0.010000000000000009,0.09999999999999964,1.4100000000000001,55.200000000000045,1.3999999999999915,19.0,7.599999999999994,6.0,4.0,7.0,10.0
570,Kevin,Danso,Danso,a,,,4.2,622,143.0,0.1,426,159.0,0.2,359.0,132.0,1,0,0.0,-3,3.0,316,408,0.0,6.4,-0.3,0.2,2.1,303.0,115.0,,,232.0,95.0,411.0,149.0,388.0,144.0,336.0,114.0,,,,,,,,0.0,0.02,0.02,1.46,0.0,0.27,1.64,1.09,12.72,23,1,77.0,0.0,0.0,0.0,2.0,0.0,0.0,0.0,0.0,0.0,0.0,1.0,0.0,5.0,357.0,458.0,0.0,0.0,0.01999999999999999,0.01999999999999999,1.4100000000000001,19.0,2.0,0.0,2.099999999999998,2.0,5.0,3.0,7.0
571,Ben,Davies,Davies,i,Ankle injury - Unknown return date,,4.3,569,124.0,0.1,525,189.0,1.8,214.0,82.0,0,0,0.0,-2,2.0,35,296,0.4,2.3,0.0,0.0,3.3,139.0,56.0,0.0,0.0,365.0,140.0,371.0,134.0,293.0,92.0,370.0,133.0,,,,,,,,0.32,0.05,0.37,0.73,0.0,0.0,1.99,1.32,9.26,23,0,0.0,0.0,0.0,0.0,0.0,0.0,0.0,0.0,0.0,0.0,0.0,0.0,0.0,0.0,41.0,378.0,0.0,0.0,0.0,0.0,0.0,0.0,0.0,0.0,0.0,0.0,0.0,0.0,0.0
572,Radu,Drăgușin,Dragusin,a,,,4.5,445,89.0,0.0,717,246.0,0.2,372.0,140.0,1,0,0.0,0,0.0,83,66,0.0,0.4,-0.3,0.2,1.0,455.0,166.0,100.0,100.0,483.0,173.0,463.0,169.0,413.0,154.0,475.0,169.0,,,,,,,,0.9,0.0,0.9,1.35,0.0,0.0,0.0,0.0,15.0,23,1,1.0,0.0,0.0,0.0,0.0,0.0,0.0,0.0,0.0,0.0,0.0,0.0,0.0,3.0,97.0,71.0,0.0,0.0,0.0,0.0,0.03,0.2,0.0,0.0,0.0,0.0,0.0,0.0,0.0
573,Djed,Spence,Spence,a,,,4.3,578,130.0,1.1,180,70.0,2.0,200.0,78.0,1,0,0.0,-2,2.0,2157,7346,0.5,12.8,1.5,2.0,2.8,210.0,80.0,,,206.0,84.0,147.0,37.0,142.0,26.0,182.0,60.0,,,,,,,,0.05,0.08,0.13,1.41,0.0,0.42,1.25,1.02,4.66,23,1,90.0,0.0,0.0,0.0,2.0,0.0,0.0,0.0,0.0,0.0,0.0,1.0,0.0,24.0,2788.0,8165.0,0.0,0.06999999999999995,0.5700000000000001,0.6399999999999999,1.4400000000000013,36.19999999999999,37.30000000000001,30.0,10.399999999999999,1.0,3.0,10.0,4.0
574,Destiny,Udogie,Udogie,a,,,4.3,586,136.0,0.3,309,114.0,0.2,361.0,134.0,1,0,0.0,-2,2.0,693,388,0.0,3.3,-0.3,0.2,1.3,412.0,152.0,100.0,100.0,297.0,114.0,221.0,62.0,275.0,81.0,300.0,102.0,,,,,,,,0.01,0.05,0.06,1.55,0.0,0.0,1.94,0.83,4.29,23,1,45.0,0.0,0.0,0.0,1.0,0.0,0.0,0.0,0.0,0.0,0.0,0.0,0.0,-2.0,811.0,440.0,0.0,0.0,0.04999999999999999,0.04999999999999999,0.8000000000000007,2.799999999999997,2.700000000000003,4.0,1.0,1.0,0.0,2.0,1.0
575,Micky,van de Ven,Van de Ven,d,Knock - 75% chance of playing,,4.6,397,70.0,26.1,13,4.0,4.0,62.0,25.0,7,0,0.0,1,-1.0,37752,252978,0.9,20.9,2.6,4.0,4.4,37.0,17.0,75.0,,35.0,15.0,262.0,79.0,108.0,17.0,93.0,24.0,,,,,,,,0.11,0.02,0.13,1.31,0.0,0.32,1.33,1.01,6.49,23,7,90.0,1.0,0.0,0.0,2.0,0.0,0.0,0.0,0.0,0.0,0.0,1.0,0.0,21.0,51087.0,270388.0,0.0,0.06999999999999984,0.010000000000000009,0.08000000000000007,1.4400000000000013,49.39999999999998,2.8000000000000114,19.0,7.099999999999994,3.0,3.0,2.0,6.0
576,Ashley,Phillips,Phillips,u,Has joined Stoke City on loan for the rest of the season.,,4.0,698,184.0,0.0,715,245.0,0.0,508.0,204.0,0,0,0.0,0,0.0,0,7,0.0,0.0,0.0,0.0,0.0,593.0,222.0,0.0,0.0,584.0,222.0,577.0,222.0,543.0,217.0,584.0,221.0,,,,,,,,0.0,0.0,0.0,0.0,0.0,0.0,0.0,0.0,0.0,23,0,0.0,0.0,0.0,0.0,0.0,0.0,0.0,0.0,0.0,0.0,0.0,0.0,0.0,0.0,0.0,8.0,0.0,0.0,0.0,0.0,0.0,0.0,0.0,0.0,0.0,0.0,0.0,0.0,0.0
577,Takai,Kōta,Takai,u,has joined Borussia Mönchengladbach on loan for the rest of the season.,,4.0,700,185.0,0.0,591,214.0,0.0,510.0,205.0,0,0,0.0,0,0.0,0,53,0.0,0.0,0.0,0.0,0.0,595.0,223.0,0.0,0.0,586.0,223.0,579.0,223.0,545.0,218.0,586.0,222.0,,,,,,,,0.0,0.0,0.0,0.0,0.0,0.0,0.0,0.0,0.0,23,0,0.0,0.0,0.0,0.0,0.0,0.0,0.0,0.0,0.0,0.0,0.0,0.0,0.0,0.0,0.0,61.0,0.0,0.0,0.0,0.0,0.0,0.0,0.0,0.0,0.0,0.0,0.0,0.0,0.0
578,Luka,Vušković,Vuskovic,u,has joined Hamburger SV on loan for the rest of the season.,,3.9,772,229.0,0.3,303,113.0,0.0,466.0,184.0,0,0,0.0,-1,1.0,0,273,0.0,0.0,0.0,0.0,0.0,553.0,204.0,0.0,0.0,544.0,204.0,535.0,204.0,499.0,197.0,544.0,203.0,,,,,,,,0.0,0.0,0.0,0.0,0.0,0.0,0.0,0.0,0.0,23,0,0.0,0.0,0.0,0.0,0.0,0.0,0.0,0.0,0.0,0.0,0.0,0.0,0.0,0.0,0.0,307.0,0.0,0.0,0.0,0.0,0.0,0.0,0.0,0.0,0.0,0.0,0.0,0.0,0.0
579,Son,Heung-min,Son,u,Has joined Los Angeles FC permanently.,,8.5,10,5.0,0.1,443,150.0,0.0,806.0,362.0,0,0,0.0,0,0.0,0,39,0.0,0.0,0.0,0.0,0.0,808.0,362.0,0.0,0.0,808.0,362.0,808.0,362.0,808.0,362.0,808.0,362.0,,,,,,,,0.0,0.0,0.0,0.0,0.0,0.0,0.0,0.0,0.0,23,0,0.0,0.0,0.0,0.0,0.0,0.0,0.0,0.0,0.0,0.0,0.0,0.0,0.0,0.0,0.0,43.0,0.0,0.0,0.0,0.0,0.0,0.0,0.0,0.0,0.0,0.0,0.0,0.0,0.0
581,James,Maddison,Maddison,i,Anterior cruciate ligament - Unknown return date,,6.8,45,27.0,0.1,444,151.0,0.0,801.0,359.0,0,0,0.0,-2,2.0,46,71,0.0,0.0,0.0,0.0,0.0,805.0,359.0,0.0,0.0,805.0,359.0,805.0,359.0,805.0,359.0,805.0,359.0,,,,,,,,0.0,0.0,0.0,0.0,0.0,0.0,0.0,0.0,0.0,23,0,0.0,0.0,0.0,0.0,0.0,0.0,0.0,0.0,0.0,0.0,0.0,0.0,0.0,0.0,52.0,76.0,0.0,0.0,0.0,0.0,0.0,0.0,0.0,0.0,0.0,0.0,0.0,0.0,0.0
582,Mohammed,Kudus,Kudus,i,Thigh injury - Expected back 11 Apr,,6.4,60,39.0,10.3,42,16.0,0.8,309.0,136.0,0,0,0.0,-1,1.0,60,48254,0.1,11.7,0.0,0.0,3.9,85.0,38.0,0.0,0.0,111.0,37.0,27.0,26.0,52.0,31.0,38.0,28.0,2.0,1.0,,,,,,0.11,0.14,0.25,1.33,0.0,0.41,1.17,1.11,7.8,23,0,0.0,0.0,0.0,0.0,0.0,0.0,0.0,0.0,0.0,0.0,0.0,0.0,0.0,0.0,85.0,59113.0,0.0,0.0,0.0,0.0,0.0,0.0,0.0,0.0,0.0,0.0,0.0,0.0,0.0
583,Dejan,Kulusevski,Kulusevski,i,Knee injury - Unknown return date,,6.4,59,38.0,0.0,705,298.0,0.0,798.0,358.0,0,0,0.0,-1,1.0,29,31,0.0,0.0,0.0,0.0,0.0,802.0,358.0,0.0,0.0,802.0,358.0,802.0,358.0,802.0,358.0,802.0,358.0,,,,,,,,0.0,0.0,0.0,0.0,0.0,0.0,0.0,0.0,0.0,23,0,0.0,0.0,0.0,0.0,0.0,0.0,0.0,0.0,0.0,0.0,0.0,0.0,0.0,0.0,34.0,34.0,0.0,0.0,0.0,0.0,0.0,0.0,0.0,0.0,0.0,0.0,0.0,0.0,0.0
584,Mathys,Tel,Tel,a,,,6.2,79,52.0,0.2,400,135.0,3.2,119.0,48.0,1,0,0.0,-3,3.0,416,7969,0.5,7.3,2.7,3.2,2.8,222.0,99.0,,,276.0,122.0,215.0,136.0,132.0,77.0,241.0,119.0,4.0,,4.0,,,,,0.19,0.09,0.28,1.11,0.0,0.17,1.52,1.01,7.58,23,1,12.0,0.0,0.0,0.0,0.0,0.0,0.0,0.0,0.0,0.0,0.0,0.0,0.0,0.0,2391.0,8491.0,0.0,0.31000000000000005,0.010000000000000009,0.32000000000000006,0.03000000000000025,2.6000000000000227,0.9000000000000057,33.0,3.6999999999999957,0.0,0.0,2.0,2.0
655,Fábio,Soares Silva,Fábio Silva,u,has joined Borussia Dortmund permanently.,,4.9,329,60.0,0.2,392,60.0,0.0,721.0,71.0,0,0,0.0,-1,1.0,0,85,0.0,0.0,0.0,0.0,0.0,759.0,82.0,0.0,0.0,759.0,82.0,755.0,81.0,746.0,81.0,758.0,82.0,,,,,,,,0.0,0.0,0.0,0.0,0.0,0.0,0.0,0.0,0.0,23,0,0.0,0.0,0.0,0.0,0.0,0.0,0.0,0.0,0.0,0.0,0.0,0.0,0.0,0.0,0.0,93.0,0.0,0.0,0.0,0.0,0.0,0.0,0.0,0.0,0.0,0.0,0.0,0.0,0.0
656,Saša,Kalajdžić,Kalajdžić,u,has joined LASK on loan for the rest of the season.,,4.9,322,58.0,0.0,582,78.0,0.0,716.0,70.0,0,0,0.0,-1,1.0,0,26,0.0,0.2,0.0,0.0,1.0,470.0,55.0,0.0,0.0,478.0,58.0,428.0,53.0,431.0,57.0,467.0,57.0,,,,,,,,0.0,0.06,0.06,0.64,0.0,0.0,0.0,0.0,12.86,23,0,0.0,0.0,0.0,0.0,0.0,0.0,0.0,0.0,0.0,0.0,0.0,0.0,0.0,0.0,0.0,31.0,0.0,0.0,0.0,0.0,0.0,0.0,0.0,0.0,0.0,0.0,0.0,0.0,0.0
657,Leon,Chiwome,Chiwome,i,Knee injury - Unknown return date,,4.4,555,80.0,0.0,647,81.0,0.0,606.0,59.0,0,0,0.0,-1,1.0,119,125,0.0,0.0,0.0,0.0,0.0,669.0,71.0,0.0,0.0,663.0,71.0,659.0,70.0,634.0,70.0,664.0,71.0,,,,,,,,0.0,0.0,0.0,0.0,0.0,0.0,0.0,0.0,0.0,23,0,0.0,0.0,0.0,0.0,0.0,0.0,0.0,0.0,0.0,0.0,0.0,0.0,0.0,0.0,163.0,144.0,0.0,0.0,0.0,0.0,0.0,0.0,0.0,0.0,0.0,0.0,0.0,0.0,0.0
585,Rodrigo,Bentancur,Bentancur,i,Hamstring injury - Unknown return date,,5.3,191,118.0,0.2,378,128.0,2.0,207.0,85.0,0,0,0.0,-2,2.0,9,1551,0.4,12.1,0.0,0.0,3.2,159.0,66.0,0.0,0.0,168.0,66.0,154.0,106.0,238.0,129.0,190.0,101.0,,,,,,,,0.03,0.04,0.07,1.32,0.0,0.32,1.34,1.09,13.24,23,0,0.0,0.0,0.0,0.0,0.0,0.0,0.0,0.0,0.0,0.0,0.0,0.0,0.0,0.0,12.0,1918.0,0.0,0.0,0.0,0.0,0.0,0.0,0.0,0.0,0.0,0.0,0.0,0.0,0.0
586,Lucas,Bergvall,Bergvall,i,Ankle injury - Unknown return date,,5.2,221,137.0,0.2,375,125.0,0.6,314.0,140.0,0,0,0.0,-3,3.0,9,912,0.1,7.5,0.0,0.0,2.3,283.0,121.0,0.0,0.0,282.0,125.0,255.0,154.0,167.0,97.0,267.0,131.0,,,,,,,,0.11,0.04,0.15,1.15,0.0,0.34,1.46,1.13,7.66,23,0,0.0,0.0,0.0,0.0,0.0,0.0,0.0,0.0,0.0,0.0,0.0,0.0,0.0,0.0,14.0,1086.0,0.0,0.0,0.0,0.0,0.0,0.0,0.0,0.0,0.0,0.0,0.0,0.0,0.0
590,Bryan,Gil Salvatierra,Bryan,u,has joined Girona permanently.,,4.9,325,200.0,0.0,649,263.0,0.0,718.0,302.0,0,0,0.0,-1,1.0,0,8,0.0,0.0,0.0,0.0,0.0,756.0,325.0,0.0,0.0,756.0,325.0,752.0,325.0,743.0,322.0,755.0,324.0,,,,,,,,0.0,0.0,0.0,0.0,0.0,0.0,0.0,0.0,0.0,23,0,0.0,0.0,0.0,0.0,0.0,0.0,0.0,0.0,0.0,0.0,0.0,0.0,0.0,0.0,0.0,9.0,0.0,0.0,0.0,0.0,0.0,0.0,0.0,0.0,0.0,0.0,0.0,0.0,0.0
594,Yang,Min-hyeok,Min-hyeok,u,has joined Coventry City on loan for the rest of the season.,,4.5,498,308.0,0.0,719,304.0,0.0,679.0,276.0,0,0,0.0,0,0.0,0,5,0.0,0.0,0.0,0.0,0.0,732.0,309.0,0.0,0.0,732.0,309.0,727.0,309.0,709.0,303.0,731.0,308.0,,,,,,,,0.0,0.0,0.0,0.0,0.0,0.0,0.0,0.0,0.0,23,0,0.0,0.0,0.0,0.0,0.0,0.0,0.0,0.0,0.0,0.0,0.0,0.0,0.0,0.0,0.0,7.0,0.0,0.0,0.0,0.0,0.0,0.0,0.0,0.0,0.0,0.0,0.0,0.0,0.0
596,Dominic,Solanke-Mitchell,Solanke,a,,,7.2,31,12.0,1.0,187,29.0,0.6,317.0,40.0,2,0,0.0,-3,3.0,5805,8735,0.1,0.7,0.1,0.6,1.2,427.0,50.0,100.0,100.0,422.0,47.0,366.0,45.0,265.0,47.0,388.0,47.0,,,2.0,,,,,0.41,0.01,0.42,1.69,0.0,0.0,1.81,0.6,6.04,23,2,90.0,0.0,0.0,0.0,2.0,0.0,0.0,0.0,0.0,0.0,0.0,1.0,0.0,5.0,11359.0,9148.0,0.0,0.48000000000000004,0.02,0.49999999999999994,1.4399999999999997,9.399999999999999,24.8,41.0,7.5,3.0,0.0,1.0,4.0
597,Richarlison,de Andrade,Richarlison,i,Hamstring injury - Expected back 01 Mar,,6.3,65,21.0,5.9,65,12.0,1.0,293.0,35.0,0,-1,1.0,-2,2.0,160,47587,0.2,11.9,0.0,0.0,3.6,119.0,10.0,0.0,0.0,83.0,6.0,155.0,11.0,21.0,12.0,49.0,10.0,,,3.0,,,,,0.34,0.09,0.43,1.27,0.0,0.35,1.34,0.92,6.91,23,0,0.0,0.0,0.0,0.0,0.0,0.0,0.0,0.0,0.0,0.0,0.0,0.0,0.0,0.0,186.0,58483.0,0.0,0.0,0.0,0.0,0.0,0.0,0.0,0.0,0.0,0.0,0.0,0.0,0.0
687,Remy,Rees-Dottin,Rees-Dottin,a,,,4.3,613,357.0,0.1,433,145.0,0.0,575.0,203.0,0,-1,1.0,-2,2.0,1241,340,0.0,0.0,0.0,-0.5,0.0,644.0,246.0,,,635.0,237.0,632.0,242.0,605.0,230.0,636.0,238.0,,,,,,,,0.0,0.0,0.0,0.0,0.0,0.0,0.0,0.0,0.0,23,0,0.0,0.0,0.0,0.0,0.0,0.0,0.0,0.0,0.0,0.0,0.0,0.0,0.0,0.0,1246.0,365.0,0.0,0.0,0.0,0.0,0.0,0.0,0.0,0.0,0.0,0.0,0.0,0.0,0.0
756,Malcom,DaCosta,DaCosta,a,,,4.5,508,314.0,0.0,739,316.0,0.0,686.0,281.0,0,0,0.0,0,0.0,55,66,0.0,0.0,0.0,-0.5,0.0,738.0,313.0,,,738.0,313.0,733.0,313.0,716.0,308.0,737.0,312.0,,,,,,,,0.0,0.0,0.0,0.0,0.0,0.0,0.0,0.0,0.0,23,0,0.0,0.0,0.0,0.0,0.0,0.0,0.0,0.0,0.0,0.0,0.0,0.0,0.0,0.0,62.0,71.0,0.0,0.0,0.0,0.0,0.0,0.0,0.0,0.0,0.0,0.0,0.0,0.0,0.0
131,Yunus Emre,Konak,Konak,u,has joined Oxford United on loan for the rest of the season.,,4.3,617,361.0,0.2,388,132.0,0.0,578.0,206.0,0,0,0.0,-2,2.0,0,1398,0.0,0.0,0.0,0.0,0.0,647.0,249.0,0.0,0.0,638.0,240.0,635.0,245.0,608.0,233.0,639.0,241.0,,,,,,,,0.0,0.0,0.0,0.0,0.0,0.0,0.0,0.0,0.0,23,0,0.0,0.0,0.0,0.0,0.0,0.0,0.0,0.0,0.0,0.0,0.0,0.0,0.0,0.0,0.0,1633.0,0.0,0.0,0.0,0.0,0.0,0.0,0.0,0.0,0.0,0.0,0.0,0.0,0.0
132,Paris,Maghoma,Maghoma,u,has joined Norwich City permanently.,,4.5,418,251.0,0.0,651,265.0,0.0,618.0,226.0,0,0,0.0,0,0.0,53,331,0.0,0.0,0.0,0.0,0.0,680.0,266.0,0.0,100.0,675.0,261.0,671.0,264.0,647.0,254.0,676.0,262.0,,,,,,,,0.0,0.0,0.0,0.0,0.0,0.0,0.0,0.0,0.0,23,0,0.0,0.0,0.0,0.0,0.0,0.0,0.0,0.0,0.0,0.0,0.0,0.0,0.0,0.0,70.0,359.0,0.0,0.0,0.0,0.0,0.0,0.0,0.0,0.0,0.0,0.0,0.0,0.0,0.0
139,Bart,Verbruggen,Verbruggen,a,,,4.5,441,25.0,5.9,64,11.0,3.2,113.0,12.0,1,0,0.0,0,0.0,34184,34476,0.7,15.8,3.2,3.2,3.1,167.0,16.0,,,14.0,3.0,406.0,7.0,664.0,75.0,163.0,3.0,,,,,,,,0.0,0.0,0.0,1.44,2.78,0.22,1.35,1.0,0.0,23,1,90.0,0.0,0.0,0.0,2.0,0.0,0.0,0.0,0.0,0.0,2.0,1.0,0.0,2.0,37708.0,38429.0,0.0,0.0,0.0,0.0,1.0499999999999972,11.0,0.0,0.0,1.1000000000000014,0.0,1.0,8.0,0.0
141,Carl,Rushworth,Rushworth,u,Has joined Coventry City on loan for the rest of the season.,,4.0,678,55.0,0.0,787,89.0,0.0,490.0,67.0,0,0,0.0,0,0.0,0,1,0.0,0.0,0.0,0.0,0.0,577.0,73.0,0.0,0.0,568.0,73.0,561.0,62.0,526.0,47.0,568.0,73.0,,,,,,,,0.0,0.0,0.0,0.0,0.0,0.0,0.0,0.0,0.0,23,0,0.0,0.0,0.0,0.0,0.0,0.0,0.0,0.0,0.0,0.0,0.0,0.0,0.0,0.0,0.0,1.0,0.0,0.0,0.0,0.0,0.0,0.0,0.0,0.0,0.0,0.0,0.0,0.0,0.0
598,Will,Lankshear,Lankshear,u,Has joined Oxford United on loan for the rest of the season.,,4.5,464,66.0,0.0,662,82.0,0.0,649.0,61.0,0,0,0.0,0,0.0,0,10,0.0,0.0,0.0,0.0,0.0,706.0,73.0,0.0,0.0,703.0,73.0,699.0,72.0,679.0,72.0,703.0,73.0,,,,,,,,0.0,0.0,0.0,0.0,0.0,0.0,0.0,0.0,0.0,23,0,0.0,0.0,0.0,0.0,0.0,0.0,0.0,0.0,0.0,0.0,0.0,0.0,0.0,0.0,0.0,11.0,0.0,0.0,0.0,0.0,0.0,0.0,0.0,0.0,0.0,0.0,0.0,0.0,0.0
673,João Maria,Lobo Alves Palhares Costa Palhinha Gonçalves,J.Palhinha,a,,,5.5,138,85.0,0.9,196,65.0,2.2,190.0,79.0,0,0,0.0,0,0.0,656,9233,0.4,14.2,1.7,1.7,3.9,81.0,35.0,100.0,75.0,82.0,26.0,242.0,147.0,157.0,90.0,150.0,83.0,,,,,,,,0.07,0.03,0.1,1.34,0.0,0.28,1.39,0.97,12.06,23,0,0.0,0.0,0.0,0.0,0.0,0.0,0.0,0.0,0.0,0.0,0.0,0.0,0.0,0.0,836.0,11418.0,0.0,0.0,0.0,0.0,0.0,0.0,0.0,0.0,0.0,0.0,0.0,0.0,0.0
745,Jun'ai,Byfield,Byfield,a,,,4.0,721,205.0,0.0,640,223.0,0.0,529.0,223.0,0,0,0.0,0,0.0,81,97,0.0,0.0,-0.5,0.0,0.0,613.0,240.0,,,604.0,240.0,597.0,240.0,563.0,235.0,604.0,239.0,,,,,,,,0.0,0.0,0.0,0.0,0.0,0.0,0.0,0.0,0.0,23,0,0.0,0.0,0.0,0.0,0.0,0.0,0.0,0.0,0.0,0.0,0.0,0.0,0.0,0.0,103.0,109.0,0.0,0.0,0.0,0.0,0.0,0.0,0.0,0.0,0.0,0.0,0.0,0.0,0.0
750,James,Rowswell,Rowswell,a,,,4.0,686,176.0,0.0,658,228.0,0.0,498.0,198.0,0,0,0.0,0,0.0,99,99,0.0,0.0,-0.5,0.0,0.0,584.0,217.0,,,575.0,217.0,568.0,217.0,533.0,211.0,575.0,216.0,,,,,,,,0.0,0.0,0.0,0.0,0.0,0.0,0.0,0.0,0.0,23,0,0.0,0.0,0.0,0.0,0.0,0.0,0.0,0.0,0.0,0.0,0.0,0.0,0.0,0.0,123.0,110.0,0.0,0.0,0.0,0.0,0.0,0.0,0.0,0.0,0.0,0.0,0.0,0.0,0.0
751,Yusuf,Akhamrich,Akhamrich,u,has joined Bristol Rovers on loan for the rest of the season.,,4.5,482,295.0,0.0,755,325.0,0.0,665.0,264.0,0,0,0.0,0,0.0,10,68,0.0,0.0,0.0,0.0,0.0,719.0,298.0,0.0,,718.0,297.0,713.0,297.0,695.0,291.0,717.0,296.0,,,,,,,,0.0,0.0,0.0,0.0,0.0,0.0,0.0,0.0,0.0,23,0,0.0,0.0,0.0,0.0,0.0,0.0,0.0,0.0,0.0,0.0,0.0,0.0,0.0,0.0,14.0,74.0,0.0,0.0,0.0,0.0,0.0,0.0,0.0,0.0,0.0,0.0,0.0,0.0,0.0
790,Lucá,Williams-Barnett,Williams-Barnett,a,,,4.5,495,305.0,0.0,783,344.0,0.0,676.0,273.0,0,0,0.0,0,0.0,71,51,0.0,0.0,-0.5,0.0,0.0,729.0,306.0,,,729.0,306.0,724.0,306.0,706.0,300.0,728.0,305.0,,,,,,,,0.0,0.0,0.0,0.0,0.0,0.0,0.0,0.0,0.0,23,0,0.0,0.0,0.0,0.0,0.0,0.0,0.0,0.0,0.0,0.0,0.0,0.0,0.0,0.0,84.0,53.0,0.0,0.0,0.0,0.0,0.0,0.0,0.0,0.0,0.0,0.0,0.0,0.0,0.0
243,Tyrique,George,George,a,,,4.8,373,234.0,0.1,557,205.0,0.0,703.0,292.0,0,0,0.0,-2,2.0,80,128,0.0,0.8,0.0,0.0,1.0,469.0,218.0,,,446.0,202.0,421.0,205.0,287.0,151.0,416.0,187.0,,,,,,,,0.2,0.05,0.25,1.05,0.0,0.63,1.27,0.0,1.9,23,0,0.0,0.0,0.0,0.0,0.0,0.0,0.0,0.0,0.0,0.0,0.0,0.0,0.0,0.0,94.0,148.0,0.0,0.0,0.0,0.0,0.0,0.0,0.0,0.0,0.0,0.0,0.0,0.0,0.0
743,Landon,Emenalo,Emenalo,a,,,4.5,494,304.0,0.0,721,306.0,0.0,675.0,272.0,0,0,0.0,0,0.0,41,52,0.0,0.0,0.0,0.0,0.0,728.0,305.0,,,728.0,305.0,723.0,305.0,705.0,299.0,727.0,304.0,,,,,,,,0.0,0.0,0.0,0.0,0.0,0.0,0.0,0.0,0.0,23,0,0.0,0.0,0.0,0.0,0.0,0.0,0.0,0.0,0.0,0.0,0.0,0.0,0.0,0.0,46.0,59.0,0.0,0.0,0.0,0.0,0.0,0.0,0.0,0.0,0.0,0.0,0.0,0.0,0.0
188,Hannes,Delcroix,Delcroix,u,has joined Lugano permanently.,,3.8,781,237.0,0.2,350,127.0,0.0,410.0,155.0,0,0,0.0,-2,2.0,0,1211,0.0,0.0,0.0,0.0,0.0,501.0,179.0,0.0,0.0,492.0,179.0,481.0,178.0,443.0,169.0,492.0,178.0,,,,,,,,0.0,0.0,0.0,0.0,0.0,0.0,0.0,0.0,0.0,23,0,0.0,0.0,0.0,0.0,0.0,0.0,0.0,0.0,0.0,0.0,0.0,0.0,0.0,0.0,0.0,1411.0,0.0,0.0,0.0,0.0,0.0,0.0,0.0,0.0,0.0,0.0,0.0,0.0,0.0
438,Noussair,Mazraoui,Mazraoui,a,,,4.9,315,52.0,0.2,372,137.0,0.2,386.0,143.0,1,0,0.0,-1,1.0,2565,571,0.0,3.7,0.2,-0.8,1.8,352.0,134.0,100.0,100.0,314.0,122.0,311.0,103.0,371.0,132.0,360.0,127.0,,,,,,,,0.0,0.05,0.05,0.8,0.0,0.2,1.02,1.22,8.57,23,1,2.0,0.0,0.0,0.0,0.0,0.0,0.0,0.0,0.0,0.0,0.0,0.0,0.0,3.0,2705.0,599.0,0.0,0.0,0.0,0.0,0.0,0.0,0.0,0.0,0.0,0.0,0.0,0.0,0.0
439,Diego,León Blanco,D.Leon,a,,,4.2,645,156.0,0.1,563,203.0,0.0,551.0,234.0,0,0,0.0,-3,3.0,49,100,0.0,0.0,0.0,-1.0,0.0,625.0,245.0,,,617.0,246.0,612.0,245.0,582.0,243.0,618.0,246.0,,,,,,,,0.0,0.0,0.0,0.0,0.0,0.0,0.0,0.0,0.0,23,0,0.0,0.0,0.0,0.0,0.0,0.0,0.0,0.0,0.0,0.0,0.0,0.0,0.0,0.0,50.0,119.0,0.0,0.0,0.0,0.0,0.0,0.0,0.0,0.0,0.0,0.0,0.0,0.0,0.0
440,Diogo,Dalot Teixeira,Dalot,a,,,4.5,417,80.0,3.6,93,34.0,2.2,181.0,73.0,1,0,0.0,0,0.0,47375,42862,0.5,15.8,2.2,1.2,3.4,129.0,51.0,100.0,100.0,123.0,53.0,78.0,18.0,195.0,47.0,113.0,36.0,,,,,,,,0.07,0.09,0.16,1.28,0.0,0.23,1.59,1.02,6.02,23,1,90.0,0.0,0.0,0.0,2.0,0.0,0.0,0.0,0.0,0.0,0.0,1.0,0.0,-1.0,48416.0,51587.0,0.0,0.0,0.010000000000000009,0.009999999999999787,1.1900000000000013,2.8000000000000114,1.1000000000000227,0.0,0.4000000000000057,0.0,0.0,1.0,0.0
441,Patrick,Dorgu,Dorgu,i,Hamstring injury - Unknown return date,,4.4,559,118.0,8.0,50,16.0,7.2,1.0,1.0,8,1,-1.0,-1,1.0,265611,339513,1.6,16.8,0.0,6.2,3.4,128.0,50.0,0.0,,73.0,33.0,43.0,4.0,69.0,3.0,45.0,4.0,,,,,,,,0.13,0.1,0.23,1.27,0.0,0.2,1.35,0.95,6.43,23,8,80.0,1.0,0.0,0.0,1.0,0.0,0.0,0.0,0.0,0.0,0.0,1.0,0.0,19.0,301110.0,344051.0,0.0,0.1200000000000001,0.0,0.11999999999999966,0.8000000000000007,36.799999999999955,1.3000000000000114,15.0,5.300000000000011,2.0,2.0,6.0,4.0
442,Harry,Maguire,Maguire,a,,,4.3,565,120.0,1.2,175,66.0,2.2,177.0,69.0,3,0,0.0,-2,2.0,84064,8946,0.5,9.8,2.2,1.2,4.2,54.0,24.0,100.0,100.0,295.0,112.0,383.0,139.0,296.0,94.0,352.0,122.0,,,,,,,,0.08,0.0,0.08,1.44,0.0,0.52,1.04,1.04,7.08,23,3,90.0,0.0,0.0,0.0,2.0,0.0,0.0,0.0,0.0,0.0,0.0,1.0,0.0,9.0,84944.0,9139.0,0.0,0.0,0.0,0.0,1.1899999999999995,24.0,0.5,0.0,2.5,1.0,10.0,2.0,11.0
796,Conor,Gallagher,Gallagher,a,,,5.5,144,90.0,0.1,431,144.0,2.0,208.0,86.0,2,0,0.0,0,0.0,2131,5286,0.4,0.7,1.5,2.0,2.0,326.0,146.0,,,419.0,186.0,351.0,184.0,281.0,149.0,389.0,179.0,,,,,,,,0.16,0.12,0.28,2.12,0.0,0.0,2.07,1.03,9.31,23,2,84.0,0.0,0.0,0.0,2.0,0.0,0.0,0.0,0.0,0.0,0.0,1.0,0.0,17.0,3903.0,5604.0,0.0,0.21,0.09,0.30000000000000004,1.4099999999999997,16.799999999999997,18.1,35.0,7.0,2.0,1.0,8.0,11.0
804,João Victor,de Souza Menezes,Souza,a,,,4.0,718,202.0,0.0,778,261.0,0.0,526.0,220.0,0,0,0.0,0,0.0,276,38,0.0,0.0,0.9,1.4,0.0,610.0,237.0,,,601.0,237.0,594.0,237.0,560.0,232.0,601.0,236.0,,,,,,,,0.0,0.0,0.0,0.0,0.0,0.0,0.0,0.0,0.0,23,0,0.0,0.0,0.0,0.0,0.0,0.0,0.0,0.0,0.0,0.0,0.0,0.0,0.0,0.0,276.0,38.0,0.0,0.0,0.0,0.0,0.0,0.0,0.0,0.0,0.0,0.0,0.0,0.0,0.0
600,Alphonse,Areola,Areola,a,,,4.3,564,27.0,2.2,123,16.0,2.2,176.0,18.0,2,0,0.0,-2,2.0,6342,8630,0.5,11.4,2.2,2.2,2.6,239.0,21.0,,,17.0,5.0,404.0,6.0,583.0,65.0,172.0,6.0,,,,,,,,0.0,0.0,0.0,1.72,3.89,0.0,1.79,1.0,0.0,23,2,90.0,0.0,0.0,0.0,1.0,0.0,0.0,0.0,0.0,0.0,1.0,1.0,0.0,6.0,8139.0,9570.0,0.0,0.0,0.0,0.0,0.6700000000000017,6.399999999999977,0.0,0.0,0.6000000000000014,0.0,1.0,6.0,0.0
601,Wes,Foderingham,Foderingham,u,has joined Aris Limassol permanently.,,4.0,652,42.0,0.2,348,51.0,0.0,469.0,55.0,0,0,0.0,0,0.0,0,262,0.0,0.0,0.0,0.0,0.0,556.0,61.0,0.0,0.0,547.0,61.0,539.0,49.0,503.0,34.0,547.0,61.0,,,,,,,,0.0,0.0,0.0,0.0,0.0,0.0,0.0,0.0,0.0,23,0,0.0,0.0,0.0,0.0,0.0,0.0,0.0,0.0,0.0,0.0,0.0,0.0,0.0,0.0,0.0,284.0,0.0,0.0,0.0,0.0,0.0,0.0,0.0,0.0,0.0,0.0,0.0,0.0,0.0
602,Krisztián,Hegyi,Hegyi,u,has joined MTK Budapest on loan for the rest of the season.,,3.9,756,83.0,0.2,355,52.0,0.0,451.0,44.0,0,0,0.0,-1,1.0,0,785,0.0,0.0,0.0,0.0,0.0,538.0,50.0,0.0,0.0,529.0,50.0,520.0,37.0,483.0,22.0,529.0,50.0,,,,,,,,0.0,0.0,0.0,0.0,0.0,0.0,0.0,0.0,0.0,23,0,0.0,0.0,0.0,0.0,0.0,0.0,0.0,0.0,0.0,0.0,0.0,0.0,0.0,0.0,0.0,884.0,0.0,0.0,0.0,0.0,0.0,0.0,0.0,0.0,0.0,0.0,0.0,0.0,0.0
603,El Hadji Malick,Diouf,Diouf,a,,,4.0,716,200.0,1.3,163,61.0,0.2,357.0,130.0,1,0,0.0,-5,5.0,7440,4752,0.0,11.2,0.2,0.2,2.6,237.0,93.0,100.0,100.0,159.0,66.0,157.0,39.0,270.0,79.0,197.0,62.0,,,,,,,,0.02,0.05,0.07,1.54,0.0,0.13,1.92,0.96,7.36,23,1,20.0,0.0,0.0,0.0,0.0,0.0,0.0,0.0,0.0,0.0,0.0,0.0,0.0,8.0,8807.0,5193.0,0.0,0.0,0.0,0.0,0.10999999999999943,12.400000000000034,0.09999999999999432,0.0,1.2999999999999972,2.0,4.0,0.0,6.0
604,Emerson,Palmieri dos Santos,Emerson,u,has joined Marseille permanently.,,4.4,514,100.0,0.1,573,207.0,0.0,581.0,238.0,0,0,0.0,-1,1.0,0,34,0.0,0.0,0.0,0.0,0.0,648.0,247.0,0.0,0.0,639.0,247.0,636.0,247.0,610.0,245.0,640.0,247.0,,,,,,,,0.0,0.0,0.0,0.0,0.0,0.0,0.0,0.0,0.0,23,0,0.0,0.0,0.0,0.0,0.0,0.0,0.0,0.0,0.0,0.0,0.0,0.0,0.0,0.0,0.0,39.0,0.0,0.0,0.0,0.0,0.0,0.0,0.0,0.0,0.0,0.0,0.0,0.0,0.0
52,Jacob,Ramsey,J.Ramsey,a,,,5.3,194,121.0,0.2,363,120.0,0.8,307.0,135.0,1,0,0.0,-2,2.0,431,493,0.2,2.8,0.3,0.8,1.2,425.0,191.0,100.0,100.0,362.0,161.0,170.0,116.0,263.0,143.0,304.0,146.0,,,,,,,,0.07,0.11,0.18,1.59,0.0,0.0,1.97,0.66,11.19,23,1,42.0,0.0,0.0,0.0,1.0,0.0,0.0,0.0,0.0,0.0,0.0,0.0,0.0,8.0,485.0,572.0,0.0,0.06,0.020000000000000018,0.08000000000000007,0.6600000000000001,8.199999999999996,3.3000000000000114,4.0,1.6000000000000014,3.0,1.0,3.0,7.0
475,Sven,Botman,Botman,a,,,4.9,312,50.0,0.4,286,110.0,3.0,123.0,48.0,3,0,0.0,-1,1.0,1124,900,0.6,9.0,2.5,3.0,3.4,132.0,53.0,100.0,100.0,184.0,74.0,320.0,107.0,255.0,72.0,263.0,89.0,,,,,,,,0.03,0.03,0.06,1.12,0.0,0.41,1.33,1.02,8.9,23,3,90.0,0.0,0.0,0.0,2.0,0.0,0.0,0.0,0.0,0.0,0.0,1.0,0.0,16.0,1308.0,1067.0,0.0,0.02999999999999997,0.020000000000000018,0.04999999999999993,1.1600000000000001,34.19999999999999,1.3000000000000043,17.0,5.300000000000001,3.0,11.0,11.0,14.0
476,Dan,Burn,Burn,a,,,5.0,242,37.0,3.2,104,40.0,0.0,731.0,256.0,0,0,0.0,0,0.0,4656,6643,0.0,13.4,-0.5,0.0,4.5,32.0,14.0,100.0,75.0,166.0,69.0,270.0,84.0,277.0,83.0,245.0,83.0,,,,,,,,0.01,0.02,0.03,0.89,0.0,0.43,1.22,1.08,8.68,23,0,0.0,0.0,0.0,0.0,0.0,0.0,0.0,0.0,0.0,0.0,0.0,0.0,0.0,0.0,4715.0,8256.0,0.0,0.0,0.0,0.0,0.0,0.0,0.0,0.0,0.0,0.0,0.0,0.0,0.0
605,Maximilian,Kilman,Kilman,a,,,4.2,626,146.0,0.2,405,149.0,0.8,301.0,111.0,1,0,0.0,-3,3.0,344,1129,0.2,8.6,0.8,0.8,1.8,342.0,131.0,,,84.0,37.0,306.0,101.0,276.0,82.0,201.0,64.0,,,,,,,,0.03,0.01,0.04,1.85,0.0,0.06,2.05,1.0,9.09,23,1,1.0,0.0,0.0,0.0,0.0,0.0,0.0,0.0,0.0,0.0,0.0,0.0,0.0,3.0,505.0,1401.0,0.0,0.0,0.0,0.0,0.0,0.0,0.0,0.0,0.0,0.0,0.0,0.0,0.0
606,Konstantinos,Mavropanos,Mavropanos,a,,,4.4,526,111.0,0.1,528,192.0,2.2,178.0,70.0,2,0,0.0,-1,1.0,694,1449,0.5,9.1,2.2,2.2,2.5,259.0,103.0,100.0,100.0,126.0,55.0,396.0,146.0,163.0,33.0,216.0,73.0,,,,,,,,0.07,0.02,0.09,1.46,0.0,0.07,1.7,0.92,10.69,23,2,90.0,0.0,0.0,0.0,1.0,0.0,0.0,0.0,0.0,0.0,0.0,1.0,0.0,3.0,1503.0,1561.0,0.0,0.050000000000000044,0.0,0.050000000000000044,0.6699999999999982,8.600000000000023,0.1999999999999993,5.0,1.3999999999999986,0.0,6.0,3.0,6.0
607,Nayef,Aguerd,N.Aguerd,u,has joined Marseille permanently.,,4.4,519,105.0,0.0,600,215.0,0.0,584.0,241.0,0,0,0.0,-1,1.0,0,14,0.0,0.7,0.0,0.0,1.5,389.0,144.0,0.0,0.0,400.0,153.0,432.0,158.0,390.0,146.0,427.0,154.0,,,,,,,,0.05,0.02,0.07,1.71,0.0,0.0,4.0,1.0,7.5,23,0,0.0,0.0,0.0,0.0,0.0,0.0,0.0,0.0,0.0,0.0,0.0,0.0,0.0,0.0,0.0,14.0,0.0,0.0,0.0,0.0,0.0,0.0,0.0,0.0,0.0,0.0,0.0,0.0,0.0
611,Kaelan,Casey,Casey,u,has joined Leyton Orient on loan for the rest of the season.,,4.0,695,181.0,0.1,533,195.0,0.0,505.0,201.0,0,0,0.0,0,0.0,0,89,0.0,0.0,0.0,0.0,0.0,591.0,220.0,0.0,0.0,582.0,220.0,575.0,220.0,540.0,214.0,582.0,219.0,,,,,,,,0.0,0.0,0.0,0.0,0.0,0.0,0.0,0.0,0.0,23,0,0.0,0.0,0.0,0.0,0.0,0.0,0.0,0.0,0.0,0.0,0.0,0.0,0.0,0.0,0.0,102.0,0.0,0.0,0.0,0.0,0.0,0.0,0.0,0.0,0.0,0.0,0.0,0.0,0.0
612,Lucas,Tolentino Coelho de Lima,L.Paquetá,i,Back injury - Unknown return date,,5.9,98,63.0,1.3,165,56.0,0.5,337.0,150.0,0,0,0.0,-1,1.0,132,28152,0.1,11.7,0.0,0.0,3.8,92.0,42.0,0.0,0.0,88.0,27.0,31.0,30.0,112.0,67.0,56.0,37.0,3.0,2.0,1.0,,,,,0.17,0.12,0.29,1.44,0.0,0.18,1.96,1.07,8.68,23,0,0.0,0.0,0.0,0.0,0.0,0.0,0.0,0.0,0.0,0.0,0.0,0.0,0.0,0.0,146.0,37268.0,0.0,0.0,0.0,0.0,0.0,0.0,0.0,0.0,0.0,0.0,0.0,0.0,0.0
613,Tomáš,Souček,Souček,a,,,5.7,117,73.0,0.2,345,115.0,3.0,131.0,54.0,2,0,0.0,-3,3.0,765,1322,0.5,8.2,3.0,3.0,2.4,275.0,117.0,100.0,100.0,187.0,78.0,231.0,142.0,79.0,50.0,169.0,93.0,,,,,,,,0.27,0.03,0.3,1.88,0.0,0.1,2.41,0.9,10.55,23,2,90.0,0.0,0.0,0.0,1.0,0.0,0.0,0.0,0.0,0.0,0.0,1.0,0.0,19.0,1361.0,1467.0,0.0,0.0,0.09000000000000002,0.08999999999999986,0.6699999999999982,16.200000000000017,14.799999999999997,2.0,3.299999999999997,2.0,4.0,4.0,10.0
617,Maxwel,Cornet,Cornet,u,has joined Genoa on loan for the rest of the season.,,4.9,289,177.0,0.0,692,292.0,0.0,705.0,293.0,0,0,0.0,-1,1.0,0,10,0.0,0.0,0.0,0.0,0.0,748.0,318.0,0.0,0.0,748.0,318.0,744.0,318.0,733.0,314.0,747.0,317.0,,,,,,,,0.0,0.0,0.0,0.0,0.0,0.0,0.0,0.0,0.0,23,0,0.0,0.0,0.0,0.0,0.0,0.0,0.0,0.0,0.0,0.0,0.0,0.0,0.0,0.0,0.0,11.0,0.0,0.0,0.0,0.0,0.0,0.0,0.0,0.0,0.0,0.0,0.0,0.0,0.0
618,Guido,Rodríguez,G.Rodriguez,u,has joined Valencia on loan for the rest of the season.,,4.8,353,221.0,0.0,593,223.0,0.2,381.0,172.0,0,0,0.0,-2,2.0,33,174,0.0,1.7,0.0,0.2,1.3,414.0,184.0,0.0,,441.0,197.0,424.0,207.0,430.0,213.0,454.0,207.0,,,,,,,,0.02,0.02,0.04,1.33,0.0,0.51,1.03,1.03,7.71,23,0,0.0,0.0,0.0,0.0,0.0,0.0,0.0,0.0,0.0,0.0,0.0,0.0,0.0,0.0,45.0,184.0,0.0,0.0,0.0,0.0,0.0,0.0,0.0,0.0,0.0,0.0,0.0,0.0,0.0
623,Freddie,Potts,Potts,a,,,4.4,537,320.0,0.7,213,72.0,0.8,305.0,133.0,1,0,0.0,-1,1.0,1188,6684,0.2,6.8,0.8,0.8,1.8,346.0,151.0,100.0,100.0,255.0,109.0,188.0,126.0,314.0,163.0,281.0,139.0,1.0,,,,,,,0.02,0.1,0.12,1.79,0.0,0.0,2.11,0.92,9.07,23,1,15.0,0.0,0.0,0.0,0.0,0.0,0.0,0.0,0.0,0.0,0.0,0.0,0.0,6.0,1409.0,7630.0,0.0,0.0,0.64,0.64,0.10999999999999943,5.199999999999989,0.7999999999999972,2.0,0.8000000000000043,2.0,1.0,0.0,3.0
542,Jenson,Seelt,Seelt,u,has joined Wolfsburg on loan for the rest of the season.,,4.0,697,183.0,0.1,489,177.0,0.0,507.0,203.0,0,0,0.0,0,0.0,0,72,0.0,0.5,0.0,0.0,1.0,435.0,160.0,0.0,0.0,408.0,155.0,437.0,161.0,542.0,216.0,438.0,159.0,,,,,,,,0.0,0.01,0.01,0.9,0.0,0.0,1.35,0.68,8.12,23,0,0.0,0.0,0.0,0.0,0.0,0.0,0.0,0.0,0.0,0.0,0.0,0.0,0.0,0.0,0.0,89.0,0.0,0.0,0.0,0.0,0.0,0.0,0.0,0.0,0.0,0.0,0.0,0.0,0.0
543,Simon,Adingra,Adingra,a,,,4.9,340,210.0,0.4,267,90.0,1.0,286.0,125.0,0,0,0.0,-6,6.0,574,1830,0.2,6.9,1.0,1.0,2.4,270.0,114.0,,,342.0,151.0,200.0,131.0,253.0,138.0,307.0,148.0,,,,,,,,0.05,0.09,0.14,1.57,0.0,0.55,1.11,1.25,6.24,23,0,0.0,0.0,0.0,0.0,0.0,0.0,0.0,0.0,0.0,0.0,0.0,0.0,0.0,0.0,822.0,2097.0,0.0,0.0,0.0,0.0,0.0,0.0,0.0,0.0,0.0,0.0,0.0,0.0,0.0
624,Jarrod,Bowen,Bowen,a,,,7.6,20,6.0,8.2,47,10.0,5.2,31.0,7.0,12,0,0.0,-4,4.0,119603,87125,0.7,13.8,5.2,5.2,4.6,30.0,3.0,,,42.0,3.0,72.0,2.0,9.0,6.0,14.0,3.0,,1.0,2.0,,,,,0.24,0.08,0.32,1.65,0.0,0.04,1.96,1.0,6.65,23,12,90.0,1.0,1.0,0.0,1.0,0.0,0.0,0.0,0.0,0.0,0.0,1.0,3.0,41.0,131265.0,102041.0,0.0,0.8400000000000007,0.14000000000000012,0.9799999999999995,0.6700000000000017,58.19999999999999,20.80000000000001,23.0,10.200000000000003,2.0,0.0,3.0,5.0
625,Niclas,Füllkrug,Füllkrug,u,has joined AC Milan on loan for the rest of the season.,,5.6,124,34.0,0.6,238,37.0,0.0,788.0,82.0,0,0,0.0,-4,4.0,0,567,0.0,2.1,0.0,0.0,1.5,396.0,45.0,0.0,0.0,417.0,45.0,245.0,25.0,172.0,38.0,324.0,38.0,,,,,,,,0.21,0.05,0.26,1.9,0.0,0.22,2.43,1.11,4.2,23,0,0.0,0.0,0.0,0.0,0.0,0.0,0.0,0.0,0.0,0.0,0.0,0.0,0.0,0.0,0.0,624.0,0.0,0.0,0.0,0.0,0.0,0.0,0.0,0.0,0.0,0.0,0.0,0.0,0.0
626,Callum,Marshall,Marshall,u,has joined VfL Bochum 1848 on loan for the rest of the season.,,4.3,607,84.0,0.6,242,38.0,0.0,569.0,51.0,0,0,0.0,-2,2.0,0,1516,0.0,0.5,0.0,0.0,1.0,444.0,54.0,0.0,0.0,474.0,55.0,467.0,58.0,400.0,55.0,465.0,55.0,,,,,,,,0.2,0.0,0.2,2.41,0.0,0.0,3.1,0.0,4.66,23,0,0.0,0.0,0.0,0.0,0.0,0.0,0.0,0.0,0.0,0.0,0.0,0.0,0.0,0.0,0.0,1790.0,0.0,0.0,0.0,0.0,0.0,0.0,0.0,0.0,0.0,0.0,0.0,0.0,0.0
659,Kyle,Walker-Peters,Walker-Peters,a,,,4.2,624,144.0,0.3,337,124.0,0.8,300.0,110.0,0,0,0.0,-3,3.0,345,1304,0.2,7.1,0.8,0.8,1.9,329.0,124.0,,,220.0,89.0,238.0,68.0,218.0,56.0,254.0,88.0,,,,,,,,0.11,0.02,0.13,1.98,0.0,0.09,1.99,0.95,6.71,23,0,0.0,0.0,0.0,0.0,0.0,0.0,0.0,0.0,0.0,0.0,0.0,0.0,0.0,0.0,463.0,1566.0,0.0,0.0,0.0,0.0,0.0,0.0,0.0,0.0,0.0,0.0,0.0,0.0,0.0
671,Callum,Wilson,Wilson,a,,,5.8,104,30.0,0.6,224,35.0,2.2,194.0,20.0,1,0,0.0,-2,2.0,3517,7717,0.4,10.2,2.2,2.2,3.1,176.0,16.0,,,212.0,18.0,273.0,28.0,49.0,19.0,161.0,19.0,,,,,,,,0.49,0.02,0.51,1.64,0.0,0.11,1.75,0.87,2.95,23,1,20.0,0.0,0.0,0.0,0.0,0.0,0.0,0.0,0.0,0.0,0.0,0.0,0.0,4.0,5053.0,8557.0,0.0,0.10000000000000053,0.0,0.09999999999999964,0.10999999999999943,0.0,10.0,8.0,1.7000000000000028,0.0,0.0,0.0,0.0
679,Mads,Hermansen,Hermansen,a,,,4.2,633,37.0,0.2,367,54.0,0.0,540.0,82.0,0,0,0.0,-3,3.0,178,299,0.0,2.1,0.0,0.0,2.2,294.0,26.0,,,337.0,28.0,607.0,78.0,576.0,64.0,407.0,28.0,,,,,,,,0.0,0.0,0.0,1.36,2.25,0.25,2.75,1.0,0.0,23,0,0.0,0.0,0.0,0.0,0.0,0.0,0.0,0.0,0.0,0.0,0.0,0.0,0.0,0.0,202.0,336.0,0.0,0.0,0.0,0.0,0.0,0.0,0.0,0.0,0.0,0.0,0.0,0.0,0.0
708,Mateus Gonçalo,Espanha Fernandes,M.Fernandes,a,,,5.5,155,97.0,0.2,351,117.0,5.2,29.0,14.0,8,0,0.0,0,0.0,10187,4128,0.9,14.5,5.2,5.2,3.8,91.0,41.0,100.0,100.0,64.0,20.0,36.0,34.0,250.0,135.0,65.0,43.0,4.0,,,,,,,0.06,0.08,0.14,1.46,0.0,0.11,1.61,1.08,11.19,23,8,90.0,1.0,0.0,0.0,1.0,0.0,0.0,0.0,1.0,0.0,0.0,1.0,2.0,34.0,12196.0,4493.0,0.0,0.07000000000000006,0.040000000000000036,0.11000000000000032,0.6700000000000017,42.19999999999999,4.300000000000011,9.0,5.6000000000000085,5.0,0.0,4.0,9.0
718,Soungoutou,Magassa,S.Magassa,a,,,5.0,276,169.0,0.0,644,261.0,0.2,390.0,179.0,0,0,0.0,0,0.0,67,337,0.0,6.6,0.2,0.2,2.4,271.0,115.0,,,267.0,116.0,278.0,163.0,315.0,164.0,316.0,152.0,,,,,,,,0.04,0.03,0.07,1.82,0.0,0.12,2.21,1.11,12.42,23,0,0.0,0.0,0.0,0.0,0.0,0.0,0.0,0.0,0.0,0.0,0.0,0.0,0.0,0.0,88.0,419.0,0.0,0.0,0.0,0.0,0.0,0.0,0.0,0.0,0.0,0.0,0.0,0.0,0.0
738,Lukasz,Fabianski,Fabianski,d,Back injury - 25% chance of playing,,4.5,403,20.0,0.0,625,79.0,0.0,611.0,86.0,0,0,0.0,0,0.0,93,168,0.0,0.0,0.0,0.0,0.0,673.0,89.0,25.0,25.0,668.0,89.0,663.0,82.0,639.0,70.0,669.0,89.0,,,,,,,,0.0,0.0,0.0,0.0,0.0,0.0,0.0,0.0,0.0,23,0,0.0,0.0,0.0,0.0,0.0,0.0,0.0,0.0,0.0,0.0,0.0,0.0,0.0,0.0,115.0,202.0,0.0,0.0,0.0,0.0,0.0,0.0,0.0,0.0,0.0,0.0,0.0,0.0,0.0
752,Airidas,Golambeckis,Golambeckis,a,,,4.0,724,208.0,0.0,661,231.0,0.0,531.0,225.0,0,0,0.0,0,0.0,182,125,0.0,0.0,0.0,0.0,0.0,615.0,242.0,,,606.0,242.0,599.0,242.0,566.0,238.0,607.0,242.0,,,,,,,,0.0,0.0,0.0,0.0,0.0,0.0,0.0,0.0,0.0,23,0,0.0,0.0,0.0,0.0,0.0,0.0,0.0,0.0,0.0,0.0,0.0,0.0,0.0,0.0,213.0,135.0,0.0,0.0,0.0,0.0,0.0,0.0,0.0,0.0,0.0,0.0,0.0,0.0,0.0
758,Mohamadou,Kanté,Mohamadou Kanté,a,,,4.5,500,309.0,0.0,735,313.0,0.0,681.0,277.0,0,0,0.0,0,0.0,84,98,0.0,0.7,0.0,0.0,1.0,463.0,213.0,,,456.0,208.0,398.0,197.0,414.0,205.0,453.0,206.0,,,,,,,,0.17,0.11,0.28,3.04,0.0,0.0,0.0,0.0,22.5,23,0,0.0,0.0,0.0,0.0,0.0,0.0,0.0,0.0,0.0,0.0,0.0,0.0,0.0,0.0,92.0,110.0,0.0,0.0,0.0,0.0,0.0,0.0,0.0,0.0,0.0,0.0,0.0,0.0,0.0
633,Hugo,Bueno López,H.Bueno,a,,,4.3,589,137.0,0.1,411,151.0,5.0,32.0,10.0,1,0,0.0,-2,2.0,6735,1790,1.2,11.6,5.0,4.5,2.5,256.0,100.0,100.0,100.0,127.0,56.0,41.0,3.0,197.0,49.0,86.0,20.0,2.0,,,,,,,0.03,0.12,0.15,1.25,0.0,0.2,1.55,0.94,6.66,23,1,90.0,0.0,0.0,0.0,2.0,0.0,0.0,0.0,0.0,0.0,0.0,1.0,0.0,8.0,7467.0,2045.0,0.0,0.0,0.1299999999999999,0.1299999999999999,0.8599999999999994,18.599999999999966,15.0,0.0,3.4000000000000057,0.0,7.0,6.0,7.0
634,Yerson,Mosquera Valdelamar,Mosquera,a,,,4.3,597,140.0,0.1,503,181.0,4.2,49.0,20.0,0,0,0.0,-2,2.0,3521,817,1.0,6.0,4.2,3.7,1.9,331.0,126.0,100.0,100.0,208.0,85.0,241.0,71.0,143.0,27.0,219.0,75.0,,,,,,,,0.1,0.02,0.12,1.3,0.0,0.17,1.72,1.03,9.21,23,0,90.0,0.0,0.0,0.0,2.0,0.0,0.0,0.0,1.0,0.0,0.0,1.0,0.0,2.0,3680.0,868.0,0.0,0.3500000000000001,0.0,0.34999999999999987,0.8599999999999994,14.0,0.30000000000001137,38.0,5.199999999999996,3.0,5.0,3.0,8.0
635,Rodrigo,Martins Gomes,R.Gomes,a,,,4.4,536,116.0,0.1,569,206.0,0.5,325.0,121.0,1,0,0.0,-1,1.0,163,68,0.1,3.4,0.5,0.0,1.9,332.0,127.0,100.0,100.0,373.0,144.0,333.0,113.0,206.0,53.0,337.0,115.0,,,,,,,,0.22,0.05,0.27,1.13,0.0,0.0,2.13,0.94,4.25,23,1,45.0,0.0,0.0,0.0,0.0,0.0,0.0,0.0,0.0,0.0,0.0,0.0,0.0,3.0,182.0,75.0,0.0,0.0,0.010000000000000009,0.010000000000000009,0.1800000000000006,0.5999999999999943,0.8999999999999986,4.0,0.6000000000000014,0.0,0.0,2.0,0.0
599,Dane,Scarlett,Scarlett,a,,,4.3,588,82.0,0.6,237,36.0,0.4,344.0,41.0,1,0,0.0,-2,2.0,2337,1432,0.1,0.5,-0.1,0.4,1.0,441.0,53.0,,,477.0,57.0,429.0,54.0,425.0,56.0,466.0,56.0,,,,,,,,0.0,0.13,0.13,0.39,0.0,0.0,0.0,0.0,12.86,23,1,5.0,0.0,0.0,0.0,0.0,0.0,0.0,0.0,0.0,0.0,0.0,0.0,0.0,3.0,2490.0,1577.0,0.0,0.0,0.01,0.01,0.03,1.0,3.9999999999999996,0.0,0.49999999999999994,0.0,0.0,1.0,1.0
5,Gabriel,dos Santos Magalhães,Gabriel,a,,,7.0,41,1.0,38.9,3,1.0,6.0,13.0,5.0,1,1,-1.0,10,-10.0,306109,26416,0.9,17.3,7.0,7.0,7.1,2.0,1.0,100.0,100.0,41.0,18.0,257.0,76.0,126.0,22.0,108.0,33.0,,,,,,,,0.11,0.05,0.16,0.62,0.0,0.62,0.62,1.0,8.47,23,1,90.0,0.0,0.0,0.0,3.0,0.0,0.0,0.0,0.0,0.0,0.0,1.0,0.0,1.0,357102.0,30554.0,0.0,0.0,0.010000000000000009,0.009999999999999787,0.7100000000000009,13.400000000000034,4.200000000000003,2.0,2.0,1.0,5.0,2.0,6.0
6,William,Saliba,Saliba,a,,,6.0,87,4.0,12.3,33,11.0,4.2,57.0,22.0,1,0,0.0,0,0.0,55723,44417,0.7,11.7,5.2,5.2,3.7,106.0,39.0,100.0,100.0,142.0,60.0,207.0,53.0,330.0,106.0,222.0,76.0,,,,,,,,0.02,0.03,0.05,0.68,0.0,0.47,0.7,1.06,5.98,23,1,90.0,0.0,0.0,0.0,3.0,0.0,0.0,0.0,0.0,0.0,0.0,1.0,0.0,5.0,62676.0,48069.0,0.0,0.0,0.09000000000000002,0.09000000000000008,0.7100000000000009,14.599999999999966,34.8,2.0,5.099999999999994,0.0,4.0,3.0,4.0
614,James,Ward-Prowse,Ward-Prowse,a,,,5.6,125,77.0,0.2,385,130.0,0.0,789.0,352.0,0,0,0.0,-4,4.0,810,482,0.0,2.0,0.0,0.0,2.2,300.0,131.0,,,381.0,167.0,142.0,100.0,406.0,200.0,323.0,157.0,,,,,,,,0.03,0.2,0.23,1.58,0.0,0.22,2.39,1.09,4.78,23,0,0.0,0.0,0.0,0.0,0.0,0.0,0.0,0.0,0.0,0.0,0.0,0.0,0.0,0.0,898.0,534.0,0.0,0.0,0.0,0.0,0.0,0.0,0.0,0.0,0.0,0.0,0.0,0.0,0.0
608,Ollie,Scarles,Scarles,a,,,4.3,601,141.0,0.0,610,219.0,3.0,121.0,46.0,5,0,0.0,-2,2.0,432,363,0.7,4.4,3.0,3.0,2.1,304.0,116.0,100.0,100.0,293.0,111.0,294.0,96.0,351.0,118.0,338.0,116.0,,,,,,,,0.03,0.04,0.07,1.75,0.0,0.0,2.02,1.3,9.38,23,5,70.0,0.0,1.0,0.0,1.0,0.0,0.0,0.0,0.0,0.0,0.0,1.0,0.0,25.0,555.0,440.0,0.0,0.0,0.010000000000000009,0.010000000000000009,0.5600000000000005,12.599999999999994,1.2000000000000028,4.0,1.7999999999999972,4.0,2.0,3.0,6.0
609,Jean-Clair,Todibo,Todibo,a,,,4.3,581,133.0,0.1,461,170.0,2.0,202.0,80.0,2,0,0.0,-2,2.0,456,870,0.5,7.2,2.0,2.0,1.8,343.0,132.0,100.0,100.0,122.0,52.0,282.0,89.0,369.0,131.0,249.0,85.0,,,,,,,,0.0,0.02,0.02,1.64,0.0,0.0,1.89,1.07,7.99,23,2,90.0,0.0,0.0,0.0,1.0,0.0,0.0,0.0,0.0,0.0,0.0,1.0,0.0,12.0,882.0,929.0,0.0,0.0,0.0,0.0,0.6699999999999982,16.19999999999999,0.7999999999999972,0.0,1.6999999999999957,1.0,4.0,3.0,5.0
610,Aaron,Wan-Bissaka,Wan-Bissaka,a,,,4.1,648,158.0,3.9,86,29.0,1.5,243.0,96.0,2,0,0.0,-4,4.0,7724,5844,0.4,7.6,1.5,1.5,2.2,292.0,112.0,100.0,100.0,186.0,76.0,105.0,25.0,361.0,125.0,203.0,66.0,,,,,,,,0.0,0.05,0.05,1.62,0.0,0.0,2.04,0.98,7.93,23,2,90.0,0.0,0.0,0.0,1.0,0.0,0.0,0.0,0.0,0.0,0.0,1.0,0.0,12.0,9669.0,6335.0,0.0,0.0,0.040000000000000036,0.040000000000000036,0.6699999999999982,13.400000000000006,12.5,0.0,2.6000000000000014,1.0,3.0,4.0,4.0
13,Brayden,Clarke,Clarke,a,,,3.8,800,256.0,0.4,261,99.0,0.0,425.0,170.0,0,0,0.0,-2,2.0,482,1229,0.0,0.0,1.0,1.0,0.0,513.0,191.0,,,504.0,191.0,494.0,191.0,457.0,183.0,504.0,190.0,,,,,,,,0.0,0.0,0.0,0.0,0.0,0.0,0.0,0.0,0.0,23,0,0.0,0.0,0.0,0.0,0.0,0.0,0.0,0.0,0.0,0.0,0.0,0.0,0.0,0.0,567.0,1385.0,0.0,0.0,0.0,0.0,0.0,0.0,0.0,0.0,0.0,0.0,0.0,0.0,0.0
636,Santiago,Ignacio Bueno,S.Bueno,a,,,4.4,523,108.0,0.1,484,174.0,3.8,75.0,27.0,1,0,0.0,-1,1.0,2394,753,0.9,11.4,3.8,3.3,3.6,109.0,41.0,100.0,100.0,133.0,57.0,291.0,94.0,194.0,46.0,206.0,67.0,,,,,,,,0.12,0.04,0.16,1.27,0.0,0.15,1.72,0.97,8.07,23,1,90.0,0.0,0.0,0.0,2.0,0.0,0.0,0.0,0.0,0.0,0.0,1.0,0.0,5.0,2705.0,854.0,0.0,0.0,0.0,0.0,0.8599999999999994,14.0,0.10000000000000142,4.0,1.7999999999999972,2.0,4.0,3.0,6.0
642,Hwang,Hee-chan,Hee Chan,a,,,5.6,127,78.0,0.2,398,134.0,4.2,56.0,23.0,2,0,0.0,-4,4.0,5581,1708,0.8,7.3,4.2,3.7,2.3,286.0,123.0,100.0,100.0,298.0,133.0,184.0,122.0,158.0,91.0,258.0,126.0,,,3.0,,,,,0.18,0.08,0.26,1.26,0.0,0.17,1.57,1.13,5.23,23,2,70.0,0.0,0.0,0.0,2.0,0.0,0.0,0.0,0.0,0.0,0.0,1.0,0.0,3.0,6155.0,1975.0,0.0,0.0,0.010000000000000009,0.010000000000000231,0.7900000000000009,0.0,0.7000000000000028,0.0,0.0,0.0,0.0,2.0,2.0
643,André,Trindade da Costa Neto,André,a,,,5.3,204,126.0,0.1,522,186.0,1.2,271.0,117.0,1,0,0.0,-2,2.0,443,430,0.2,9.4,1.2,0.7,2.3,284.0,122.0,100.0,100.0,190.0,80.0,131.0,93.0,370.0,187.0,221.0,110.0,,,,,,,,0.01,0.04,0.05,1.51,0.0,0.06,1.8,0.95,12.41,23,1,90.0,0.0,0.0,0.0,2.0,0.0,0.0,0.0,1.0,0.0,0.0,1.0,0.0,20.0,635.0,550.0,0.0,0.0,0.010000000000000009,0.010000000000000009,0.8599999999999994,10.199999999999989,1.8000000000000114,0.0,1.1999999999999957,4.0,2.0,5.0,11.0
682,David,Møller Wolfe,Møller Wolfe,a,,,4.3,594,139.0,0.1,542,197.0,0.2,363.0,135.0,0,0,0.0,-2,2.0,47,137,0.0,4.7,0.2,-0.3,1.4,400.0,147.0,,,306.0,117.0,219.0,60.0,304.0,96.0,313.0,107.0,,,,,,,,0.02,0.12,0.14,1.7,0.0,0.0,2.3,1.02,4.1,23,0,0.0,0.0,0.0,0.0,0.0,0.0,0.0,0.0,0.0,0.0,0.0,0.0,0.0,0.0,55.0,164.0,0.0,0.0,0.0,0.0,0.0,0.0,0.0,0.0,0.0,0.0,0.0,0.0,0.0
695,Jackson,Tchatchoua,Tchatchoua,a,,,4.4,543,117.0,0.0,638,222.0,3.2,112.0,43.0,0,0,0.0,-1,1.0,278,215,0.7,8.2,3.2,2.7,1.6,376.0,140.0,,,213.0,87.0,104.0,24.0,318.0,101.0,210.0,69.0,,,,,,,,0.02,0.07,0.09,1.2,0.0,0.15,1.82,0.87,5.53,23,0,45.0,0.0,0.0,0.0,2.0,0.0,0.0,0.0,0.0,0.0,0.0,1.0,0.0,-4.0,360.0,257.0,0.0,0.0,0.0,0.0,0.6800000000000015,4.0,10.300000000000011,2.0,1.6000000000000014,0.0,2.0,0.0,2.0
709,Ladislav,Krejcí,Krejčí,d,Illness - 75% chance of playing,,4.5,424,84.0,0.1,531,194.0,3.8,76.0,28.0,1,0,0.0,0,0.0,1333,1499,0.8,10.2,2.8,3.3,2.6,241.0,96.0,75.0,100.0,86.0,39.0,203.0,51.0,99.0,13.0,117.0,37.0,,,,,,,,0.11,0.07,0.18,1.35,0.0,0.11,1.83,1.03,6.94,23,1,90.0,0.0,0.0,0.0,2.0,0.0,0.0,0.0,0.0,0.0,0.0,1.0,0.0,8.0,1616.0,1692.0,0.0,0.0,0.030000000000000027,0.03000000000000025,0.8599999999999994,16.19999999999999,0.30000000000001137,2.0,1.8999999999999915,1.0,6.0,3.0,7.0
720,Tolu,Arokodare,Tolu,a,,,5.4,176,43.0,0.1,515,72.0,1.8,227.0,24.0,1,0,0.0,-1,1.0,945,1062,0.3,6.5,1.8,1.3,1.8,355.0,37.0,,,339.0,33.0,201.0,20.0,84.0,25.0,240.0,28.0,,2.0,,,,,,0.19,0.03,0.22,1.1,0.0,0.24,2.05,0.96,5.53,23,1,19.0,0.0,0.0,0.0,0.0,0.0,0.0,0.0,0.0,0.0,0.0,0.0,0.0,1.0,1159.0,1256.0,0.0,0.08000000000000007,0.05000000000000002,0.13000000000000012,0.06999999999999851,0.0,0.7999999999999972,8.0,0.6999999999999957,0.0,0.0,0.0,0.0
776,Oliver,Pimlott,Pimlott,a,,,4.5,503,310.0,0.0,795,351.0,0.0,683.0,278.0,0,0,0.0,0,0.0,29,27,0.0,0.0,0.0,0.0,0.0,735.0,310.0,,,735.0,310.0,730.0,310.0,712.0,304.0,734.0,309.0,,,,,,,,0.0,0.0,0.0,0.0,0.0,0.0,0.0,0.0,0.0,23,0,0.0,0.0,0.0,0.0,0.0,0.0,0.0,0.0,0.0,0.0,0.0,0.0,0.0,0.0,33.0,32.0,0.0,0.0,0.0,0.0,0.0,0.0,0.0,0.0,0.0,0.0,0.0,0.0,0.0
361,Darko,Gyabi,Gyabi,u,has joined Hull City permanently.,,4.5,438,262.0,0.0,655,268.0,0.0,633.0,237.0,0,0,0.0,0,0.0,0,14,0.0,0.0,0.0,0.0,0.0,692.0,276.0,0.0,0.0,687.0,271.0,685.0,274.0,663.0,265.0,688.0,272.0,,,,,,,,0.0,0.0,0.0,0.0,0.0,0.0,0.0,0.0,0.0,23,0,0.0,0.0,0.0,0.0,0.0,0.0,0.0,0.0,0.0,0.0,0.0,0.0,0.0,0.0,0.0,17.0,0.0,0.0,0.0,0.0,0.0,0.0,0.0,0.0,0.0,0.0,0.0,0.0,0.0
627,Sam,Johnstone,Johnstone,a,,,4.4,513,26.0,0.1,425,64.0,0.0,580.0,85.0,0,0,0.0,-1,1.0,352,461,0.0,4.8,0.0,-0.5,1.8,345.0,27.0,,,131.0,19.0,468.0,13.0,609.0,69.0,290.0,19.0,,,,,,,,0.0,0.0,0.0,1.55,3.25,0.0,2.0,1.0,0.0,23,0,0.0,0.0,0.0,0.0,0.0,0.0,0.0,0.0,0.0,0.0,0.0,0.0,0.0,0.0,410.0,566.0,0.0,0.0,0.0,0.0,0.0,0.0,0.0,0.0,0.0,0.0,0.0,0.0,0.0
615,Crysencio,Summerville,Summerville,a,,,5.5,148,93.0,0.4,285,94.0,6.0,12.0,5.0,8,0,0.0,0,0.0,24398,6132,1.1,10.2,6.0,6.0,3.1,174.0,75.0,100.0,100.0,221.0,93.0,98.0,73.0,60.0,38.0,106.0,59.0,2.0,,,,,,,0.16,0.07,0.23,1.4,0.0,0.07,1.78,1.09,7.45,23,8,90.0,1.0,0.0,0.0,1.0,0.0,0.0,0.0,0.0,0.0,0.0,1.0,1.0,30.0,28962.0,6418.0,0.0,0.1299999999999999,0.040000000000000036,0.16999999999999993,0.6700000000000017,43.0,23.200000000000017,36.0,10.199999999999996,2.0,1.0,2.0,5.0
616,Edson,Álvarez Velázquez,Álvarez,u,Has joined Fenerbahçe on loan for the rest of the season.,,4.9,309,192.0,0.0,588,220.0,0.0,713.0,298.0,0,0,0.0,-1,1.0,0,21,0.0,0.0,0.0,0.0,0.0,752.0,321.0,0.0,0.0,752.0,321.0,748.0,321.0,738.0,318.0,751.0,320.0,,,,,,,,0.0,0.0,0.0,0.0,0.0,0.0,0.0,0.0,0.0,23,0,0.0,0.0,0.0,0.0,0.0,0.0,0.0,0.0,0.0,0.0,0.0,0.0,0.0,0.0,0.0,22.0,0.0,0.0,0.0,0.0,0.0,0.0,0.0,0.0,0.0,0.0,0.0,0.0,0.0
