id,first_name,second_name,web_name,status,news,news_added,now_cost,now_cost_rank,now_cost_rank_type,selected_by_percent,selected_rank,selected_rank_type,form,form_rank,form_rank_type,event_points,cost_change_event,cost_change_event_fall,cost_change_start,cost_change_start_fall,transfers_in_event,transfers_out_event,value_form,value_season,ep_next,ep_this,points_per_game,points_per_game_rank,points_per_game_rank_type,chance_of_playing_next_round,chance_of_playing_this_round,influence_rank,influence_rank_type,creativity_rank,creativity_rank_type,threat_rank,threat_rank_type,ict_index_rank,ict_index_rank_type,corners_and_indirect_freekicks_order,direct_freekicks_order,penalties_order,set_piece_threat,corners_and_indirect_freekicks_text,direct_freekicks_text,penalties_text,expected_goals_per_90,expected_assists_per_90,expected_goal_involvements_per_90,expected_goals_conceded_per_90,saves_per_90,clean_sheets_per_90,goals_conceded_per_90,starts_per_90,defensive_contribution_per_90,gw,total_points,minutes,goals_scored,assists,clean_sheets,goals_conceded,own_goals,penalties_saved,penalties_missed,yellow_cards,red_cards,saves,starts,bonus,bps,transfers_in,transfers_out,dreamteam_count,expected_goals,expected_assists,expected_goal_involvements,expected_goals_conceded,influence,creativity,threat,ict_index,tackles,clearances_blocks_interceptions,recoveries,defensive_contribution
3,Illan,Meslier,Meslier,a,,,5.0,303,15,0.0,534,60,0.0,550,70,0,0,0,0,0,170,457,0.0,0.0,0.0,0.0,0.0,550,70,,,538,70,542,63,498,63,546,70,,,,,,,,0.0,0.0,0.0,0.0,0.0,0.0,0.0,0.0,0.0,2,0,0.0,0.0,0.0,0.0,0.0,0.0,0.0,0.0,0.0,0.0,0.0,0.0,0.0,0.0,178.0,520.0,0.0,0.0,0.0,0.0,0.0,0.0,0.0,0.0,0.0,0.0,0.0,0.0,0.0
20,Max,Dowman,Dowman,a,,,5.4,235,148,0.1,464,184,0.0,608,259,0,0,0,-1,1,607,1983,0.0,0.0,0.0,0.0,0.0,608,259,,,600,257,602,258,581,242,606,258,,,,,,,,0.0,0.0,0.0,0.0,0.0,0.0,0.0,0.0,0.0,2,0,0.0,0.0,0.0,0.0,0.0,0.0,0.0,0.0,0.0,0.0,0.0,0.0,0.0,0.0,681.0,2198.0,0.0,0.0,0.0,0.0,0.0,0.0,0.0,0.0,0.0,0.0,0.0,0.0,0.0
6,William,Saliba,Saliba,i,Back injury - Unknown return date,,6.0,77,8,0.2,325,118,0.0,635,213,0,0,0,0,0,1100,5469,0.0,0.0,0.0,0.0,0.0,635,213,0.0,0.0,634,213,635,213,630,213,635,213,,,,,,,,0.0,0.0,0.0,0.0,0.0,0.0,0.0,0.0,0.0,2,0,0.0,0.0,0.0,0.0,0.0,0.0,0.0,0.0,0.0,0.0,0.0,0.0,0.0,0.0,1158.0,6020.0,0.0,0.0,0.0,0.0,0.0,0.0,0.0,0.0,0.0,0.0,0.0,0.0,0.0
27,Gabriel,Fernando de Jesus,G.Jesus,u,Has joined FC Barcelona permanently,,5.9,95,24,0.3,312,51,0.0,628,74,0,-1,1,-1,1,2250,11054,0.0,0.0,0.0,0.0,0.0,628,74,0.0,,623,70,626,73,616,71,626,73,,,,,,,,0.0,0.0,0.0,0.0,0.0,0.0,0.0,0.0,0.0,2,0,0.0,0.0,0.0,0.0,0.0,0.0,0.0,0.0,0.0,0.0,0.0,0.0,0.0,0.0,2462.0,11853.0,0.0,0.0,0.0,0.0,0.0,0.0,0.0,0.0,0.0,0.0,0.0,0.0,0.0
10,Benjamin,White,White,a,,,5.5,134,15,7.2,58,22,9.0,9,3,7,0,0,0,0,162029,115207,1.6,3.3,9.0,9.0,9.0,10,3,100.0,100.0,59,22,35,7,124,39,56,12,,,,,,,,0.09,0.13,0.22,0.26,0.0,1.0,0.0,1.0,4.5,2,7,90.0,0.0,0.0,1.0,0.0,0.0,0.0,0.0,0.0,0.0,0.0,1.0,1.0,26.0,185433.0,120026.0,0.0,0.0,0.05000000000000002,0.04999999999999999,0.33,16.4,20.3,0.0,3.7,1.0,3.0,2.0,4.0
66,Julio,Soler Barreto,Soler,a,,,4.0,640,203,0.3,301,113,0.0,405,148,0,0,0,0,0,6000,2342,0.0,0.0,0.0,0.0,0.0,405,148,100.0,75.0,387,150,379,148,306,124,397,150,,,,,,,,0.0,0.0,0.0,0.0,0.0,0.0,0.0,0.0,0.0,2,0,0.0,0.0,0.0,0.0,0.0,0.0,0.0,0.0,0.0,0.0,0.0,0.0,0.0,0.0,6052.0,2580.0,0.0,0.0,0.0,0.0,0.0,0.0,0.0,0.0,0.0,0.0,0.0,0.0,0.0
31,Ezri,Konsa Ngoyo,Konsa,a,,,4.4,570,155,10.8,38,13,0.5,276,92,1,-1,1,-1,1,265143,197541,0.1,0.2,0.5,0.5,1.0,232,77,,,299,113,324,119,318,135,323,116,,,,,,,,0.0,0.0,0.0,0.0,0.0,0.0,0.0,0.0,8.18,2,1,11.0,0.0,0.0,0.0,0.0,0.0,0.0,0.0,0.0,0.0,0.0,0.0,0.0,3.0,273222.0,225572.0,0.0,0.0,0.0,0.0,0.0,3.2,0.1,0.0,0.3,0.0,1.0,0.0,1.0
7,Myles,Lewis-Skelly,Lewis-Skelly,a,,,5.5,181,112,0.7,229,77,3.0,111,50,3,0,0,0,0,8804,13388,0.5,1.1,3.0,3.0,3.0,116,50,,,171,64,99,61,133,68,146,71,,,,,,,,0.07,0.07,0.14,0.3,0.0,1.12,0.0,1.12,6.75,2,3,70.0,0.0,0.0,1.0,0.0,0.0,0.0,0.0,0.0,0.0,0.0,1.0,0.0,15.0,10092.0,14730.0,0.0,0.07,0.020000000000000004,0.09,0.33,10.600000000000001,3.200000000000003,5.0,1.9000000000000004,0.0,4.0,1.0,5.0
557,Christos,Tzolis,Tzolis,a,,,6.5,38,26,18.4,19,7,3.0,118,56,0,0,0,0,0,91075,678775,0.5,0.9,3.0,3.0,3.0,124,56,,,195,76,30,25,56,32,67,41,3.0,,,,,,,0.14,0.11,0.25,0.12,0.0,0.75,0.0,1.5,6.75,2,0,45.0,0.0,0.0,0.0,0.0,0.0,0.0,0.0,1.0,0.0,0.0,1.0,0.0,1.0,126159.0,689971.0,0.0,0.0,0.009999999999999981,0.010000000000000009,0.1,0.0,11.800000000000004,4.0,1.6000000000000014,0.0,1.0,2.0,3.0
22,Ethan,Nwaneri,Nwaneri,u,Has joined Borussia Dortmund on loan for the rest of the season,,5.4,227,141,0.0,595,252,0.0,605,257,0,-1,1,-1,1,157,420,0.0,0.0,0.0,0.0,0.0,605,257,0.0,,594,252,599,256,576,238,601,254,,,,,,,,0.0,0.0,0.0,0.0,0.0,0.0,0.0,0.0,0.0,2,0,0.0,0.0,0.0,0.0,0.0,0.0,0.0,0.0,0.0,0.0,0.0,0.0,0.0,0.0,165.0,453.0,0.0,0.0,0.0,0.0,0.0,0.0,0.0,0.0,0.0,0.0,0.0,0.0,0.0
23,Fábio,Ferreira Vieira,Fábio Vieira,u,Has joined Hamburger SV permanently,,5.5,160,97,0.0,602,255,0.0,617,264,0,0,0,0,0,175,309,0.0,0.0,0.0,0.0,0.0,617,264,0.0,,610,262,614,263,600,253,615,263,,,,,,,,0.0,0.0,0.0,0.0,0.0,0.0,0.0,0.0,0.0,2,0,0.0,0.0,0.0,0.0,0.0,0.0,0.0,0.0,0.0,0.0,0.0,0.0,0.0,0.0,186.0,335.0,0.0,0.0,0.0,0.0,0.0,0.0,0.0,0.0,0.0,0.0,0.0,0.0,0.0
179,Joel,Latibeaudiere,Latibeaudiere,a,,,4.0,599,171,0.0,515,177,0.0,375,127,0,0,0,0,0,314,477,0.0,0.0,0.0,0.0,0.0,375,127,,,357,129,349,127,273,100,367,129,,,,,,,,0.0,0.0,0.0,0.0,0.0,0.0,0.0,0.0,0.0,2,0,0.0,0.0,0.0,0.0,0.0,0.0,0.0,0.0,0.0,0.0,0.0,0.0,0.0,0.0,361.0,551.0,0.0,0.0,0.0,0.0,0.0,0.0,0.0,0.0,0.0,0.0,0.0,0.0,0.0
228,Tom,King,King,a,,,4.5,442,32,0.0,507,56,0.0,427,53,0,0,0,0,0,301,514,0.0,0.0,0.0,0.0,0.0,427,53,,,408,53,402,34,336,33,418,53,,,,,,,,0.0,0.0,0.0,0.0,0.0,0.0,0.0,0.0,0.0,2,0,0.0,0.0,0.0,0.0,0.0,0.0,0.0,0.0,0.0,0.0,0.0,0.0,0.0,0.0,322.0,562.0,0.0,0.0,0.0,0.0,0.0,0.0,0.0,0.0,0.0,0.0,0.0,0.0,0.0
24,Reiss,Nelson,Nelson,u,has departed the club as a free agent.,,5.5,136,84,0.0,615,262,0.0,612,260,0,0,0,0,0,4,301,0.0,0.0,0.0,0.0,0.0,612,260,0.0,,605,258,608,259,591,246,610,259,,,,,,,,0.0,0.0,0.0,0.0,0.0,0.0,0.0,0.0,0.0,2,0,0.0,0.0,0.0,0.0,0.0,0.0,0.0,0.0,0.0,0.0,0.0,0.0,0.0,0.0,13.0,332.0,0.0,0.0,0.0,0.0,0.0,0.0,0.0,0.0,0.0,0.0,0.0,0.0,0.0
25,Viktor,Gyökeres,Gyökeres,a,,,7.3,23,8,4.5,81,12,0.0,646,76,0,-1,1,-2,2,8126,199462,0.0,0.0,0.0,0.0,0.0,646,76,,,647,76,647,76,647,76,647,76,,,2.0,,,,,0.0,0.0,0.0,0.0,0.0,0.0,0.0,0.0,0.0,2,0,0.0,0.0,0.0,0.0,0.0,0.0,0.0,0.0,0.0,0.0,0.0,0.0,0.0,0.0,9000.0,241121.0,0.0,0.0,0.0,0.0,0.0,0.0,0.0,0.0,0.0,0.0,0.0,0.0,0.0
12,Bukayo,Saka,Saka,a,,,9.5,4,3,11.0,36,13,10.0,7,3,11,0,0,0,0,152908,99687,1.1,2.1,10.0,10.0,10.0,8,4,,,6,5,66,45,10,6,7,6,2.0,2.0,1.0,,,,,0.73,0.07,0.8,0.22,0.0,1.15,0.0,1.15,10.32,2,11,90.0,1.0,0.0,1.0,0.0,0.0,0.0,0.0,0.0,0.0,0.0,1.0,3.0,46.0,164615.0,106732.0,0.0,0.63,0.039999999999999994,0.6699999999999999,0.33,41.0,8.0,44.0,9.3,2.0,3.0,6.0,11.0
14,Eberechi,Eze,Eze,a,,,6.4,52,36,1.4,154,46,1.0,266,129,1,-1,1,-1,1,8203,40340,0.2,0.3,1.0,1.0,1.0,334,160,,,316,142,220,120,215,104,307,140,,3.0,,,,,,0.06,0.11,0.17,0.59,0.0,0.0,0.0,0.0,7.63,2,1,45.0,0.0,0.0,0.0,0.0,0.0,0.0,0.0,0.0,0.0,0.0,0.0,0.0,6.0,8813.0,46409.0,0.0,0.0,0.07,0.07,0.24000000000000002,1.6,1.9999999999999998,2.0,0.6,0.0,0.0,3.0,3.0
452,Bruno,Guimarães Rodriguez Moura,Bruno G.,d,Knock - 75% chance of playing,,6.8,31,20,2.0,126,38,0.5,356,169,1,-1,1,-2,2,5532,62325,0.1,0.1,0.4,0.4,1.0,338,164,75.0,75.0,320,145,294,149,245,119,322,147,5.0,,4.0,,,,,0.0,0.05,0.05,0.0,0.0,0.0,0.0,0.0,14.21,2,1,19.0,0.0,0.0,0.0,0.0,0.0,0.0,0.0,0.0,0.0,0.0,0.0,0.0,4.0,5634.0,79124.0,0.0,0.0,0.01,0.01,0.0,1.4,0.8,2.0,0.4,0.0,0.0,3.0,3.0
4,Gabriel,dos Santos Magalhães,Gabriel,a,,,8.0,7,1,24.9,10,2,6.5,33,11,8,0,0,0,0,46586,341975,0.8,1.6,6.5,6.5,6.5,35,12,,,154,69,210,67,182,61,207,81,,,,,,,,0.09,0.02,0.11,0.26,0.0,1.0,0.0,1.0,7.0,2,8,90.0,0.0,0.0,1.0,0.0,0.0,0.0,0.0,0.0,0.0,0.0,1.0,0.0,23.0,53340.0,362214.0,0.0,0.13,0.019999999999999997,0.15,0.33,18.200000000000003,3.2,6.0,2.7,2.0,8.0,5.0,10.0
30,Lucas,Digne,Digne,u,Has joined Paris Saint-Germain permanently,,4.5,431,84,0.1,480,170,0.0,419,159,0,0,0,0,0,0,2065,0.0,0.0,0.0,0.0,0.0,419,159,0.0,0.0,400,160,394,158,327,140,410,160,,,,,,,,0.0,0.0,0.0,0.0,0.0,0.0,0.0,0.0,0.0,2,0,0.0,0.0,0.0,0.0,0.0,0.0,0.0,0.0,0.0,0.0,0.0,0.0,0.0,0.0,0.0,2411.0,0.0,0.0,0.0,0.0,0.0,0.0,0.0,0.0,0.0,0.0,0.0,0.0,0.0
15,Martin,Ødegaard,Ødegaard,a,,,6.6,32,21,10.8,37,14,7.0,28,15,3,0,0,1,-1,118874,170912,1.1,2.1,7.0,7.0,7.0,30,16,,,37,17,33,27,53,31,29,23,4.0,4.0,3.0,,,,,0.18,0.11,0.29,0.24,0.0,1.24,0.0,1.24,8.07,2,3,70.0,0.0,0.0,1.0,0.0,0.0,0.0,0.0,0.0,0.0,0.0,1.0,0.0,13.0,152912.0,177378.0,0.0,0.07999999999999999,0.07,0.15000000000000002,0.33,6.799999999999997,6.799999999999997,5.0,1.8999999999999986,2.0,2.0,1.0,5.0
16,Noni,Madueke,Madueke,a,,,6.3,55,39,0.2,321,113,0.5,351,164,0,-1,1,-2,2,1272,8027,0.1,0.2,0.5,0.5,1.0,332,158,,,237,99,44,35,638,279,163,77,6.0,,,,,,,0.0,0.16,0.16,0.61,0.0,0.0,0.0,0.0,8.18,2,0,0.0,0.0,0.0,0.0,0.0,0.0,0.0,0.0,0.0,0.0,0.0,0.0,0.0,0.0,1533.0,9220.0,0.0,0.0,0.0,0.0,0.0,0.0,0.0,0.0,0.0,0.0,0.0,0.0,0.0
11,Cristhian,Mosquera,Mosquera,d,Unspecified injury - 75% chance of playing,,5.5,182,25,4.3,85,33,6.0,41,16,6,0,0,0,0,13538,125199,1.1,2.2,4.5,6.0,6.0,44,17,75.0,,157,71,250,85,606,211,227,88,,,,,,,,0.0,0.01,0.01,0.28,0.0,1.07,0.0,1.07,5.36,2,6,78.0,0.0,0.0,1.0,0.0,0.0,0.0,0.0,0.0,0.0,0.0,1.0,0.0,25.0,15226.0,134836.0,0.0,0.0,0.01,0.01,0.33,10.200000000000001,1.4,0.0,1.2000000000000002,0.0,4.0,0.0,4.0
13,Declan,Rice,Rice,a,,,7.5,16,10,14.1,29,11,4.0,87,39,5,0,0,0,0,21677,247083,0.5,1.1,4.0,4.0,4.0,93,41,,,134,49,67,46,246,120,128,64,1.0,1.0,,,,,,0.04,0.11,0.15,0.23,0.0,1.19,0.0,1.19,10.73,2,5,84.0,0.0,0.0,1.0,0.0,0.0,0.0,0.0,0.0,0.0,0.0,1.0,0.0,19.0,25144.0,272915.0,0.0,0.0,0.09999999999999999,0.1,0.33,24.0,27.6,0.0,5.2,3.0,2.0,7.0,12.0
32,Matty,Cash,Cash,a,,,4.5,458,100,7.0,60,24,0.5,283,98,2,0,0,0,0,41240,76765,0.1,0.2,0.5,0.5,0.5,343,113,,,149,67,230,73,164,56,206,80,1.0,,,,,,,0.08,0.01,0.09,2.59,0.0,0.0,2.69,1.08,7.01,2,2,77.0,0.0,0.0,0.0,1.0,0.0,0.0,0.0,0.0,0.0,0.0,1.0,0.0,8.0,42438.0,93898.0,0.0,0.15,0.01,0.16,1.0399999999999996,14.0,1.7999999999999998,7.0,2.3,4.0,2.0,1.0,6.0
5,Jurriën,Timber,J.Timber,d,Groin injury - 25% chance of playing,,6.5,40,3,0.1,449,159,0.0,644,214,0,0,0,0,0,546,2433,0.0,0.0,0.0,0.0,0.0,644,214,25.0,0.0,645,214,645,214,644,214,645,214,,,,,,,,0.0,0.0,0.0,0.0,0.0,0.0,0.0,0.0,0.0,2,0,0.0,0.0,0.0,0.0,0.0,0.0,0.0,0.0,0.0,0.0,0.0,0.0,0.0,0.0,579.0,2734.0,0.0,0.0,0.0,0.0,0.0,0.0,0.0,0.0,0.0,0.0,0.0,0.0,0.0
34,Pau,Torres,Pau,a,,,4.5,484,119,0.4,263,98,1.0,222,79,2,0,0,0,0,5201,4307,0.2,0.4,1.0,1.0,1.0,247,91,,,229,94,265,91,361,157,286,103,,,,,,,,0.0,0.01,0.01,2.53,0.0,0.0,2.76,1.1,4.97,2,2,90.0,0.0,0.0,0.0,1.0,0.0,0.0,0.0,0.0,0.0,0.0,1.0,0.0,6.0,5277.0,5092.0,0.0,0.0,0.01,0.01,1.04,11.0,0.8,0.0,1.2,1.0,3.0,8.0,4.0
17,Mikel,Merino Zazón,Merino,a,,,5.9,94,62,0.5,254,84,1.0,260,125,1,-1,1,-1,1,3048,13822,0.2,0.3,1.0,1.0,1.0,323,152,,,258,115,241,128,121,61,244,109,,,,,,,,0.38,0.05,0.43,0.41,0.0,0.0,0.0,0.0,16.36,2,1,19.0,0.0,0.0,0.0,0.0,0.0,0.0,0.0,0.0,0.0,0.0,0.0,0.0,7.0,3321.0,15371.0,0.0,0.0,0.0,0.0,0.0,2.8000000000000003,1.0000000000000002,0.0,0.3999999999999999,0.0,0.0,4.0,4.0
26,Kai,Havertz,Havertz,a,,,7.5,17,6,6.6,61,8,4.0,88,11,2,0,0,0,0,72086,139956,0.5,1.1,4.0,4.0,4.0,94,15,,,94,8,140,13,36,11,65,9,,,,,,,,0.14,0.03,0.17,0.26,0.0,1.0,0.0,1.0,3.5,2,2,90.0,0.0,0.0,1.0,0.0,0.0,0.0,0.0,0.0,0.0,0.0,1.0,0.0,5.0,97231.0,147508.0,0.0,0.020000000000000018,0.03,0.050000000000000044,0.33,2.3999999999999986,3.400000000000002,23.0,2.9000000000000004,0.0,0.0,5.0,5.0
468,John Victor,Maciel Furtado,John,a,,,4.5,467,35,0.1,484,55,0.0,438,56,0,0,0,0,0,258,647,0.0,0.0,0.0,0.0,0.0,438,56,,,419,56,415,37,351,36,429,56,,,,,,,,0.0,0.0,0.0,0.0,0.0,0.0,0.0,0.0,0.0,2,0,0.0,0.0,0.0,0.0,0.0,0.0,0.0,0.0,0.0,0.0,0.0,0.0,0.0,0.0,281.0,716.0,0.0,0.0,0.0,0.0,0.0,0.0,0.0,0.0,0.0,0.0,0.0,0.0,0.0
33,Tyrone,Mings,Mings,a,,,4.5,443,88,0.4,279,103,0.5,280,95,0,0,0,0,0,2605,4822,0.1,0.2,0.5,0.5,1.0,237,81,,,311,116,403,160,337,142,332,119,,,,,,,,0.0,0.0,0.0,1.24,0.0,0.0,0.0,0.0,5.62,2,0,0.0,0.0,0.0,0.0,0.0,0.0,0.0,0.0,0.0,0.0,0.0,0.0,0.0,0.0,2832.0,5328.0,0.0,0.0,0.0,0.0,0.0,0.0,0.0,0.0,0.0,0.0,0.0,0.0,0.0
489,Ryan,Yates,Yates,a,,,4.5,461,261,1.5,151,44,0.0,436,174,0,0,0,0,0,17249,18095,0.0,0.0,0.0,0.0,0.0,436,174,100.0,100.0,417,162,412,171,347,128,427,167,,,,,,,,0.0,0.0,0.0,0.0,0.0,0.0,0.0,0.0,0.0,2,0,0.0,0.0,0.0,0.0,0.0,0.0,0.0,0.0,0.0,0.0,0.0,0.0,0.0,0.0,18362.0,20034.0,0.0,0.0,0.0,0.0,0.0,0.0,0.0,0.0,0.0,0.0,0.0,0.0,0.0
8,Riccardo,Calafiori,Calafiori,a,,,5.7,117,11,44.5,4,1,10.0,5,2,11,1,-1,2,-2,511524,116842,1.8,3.5,10.0,10.0,10.0,6,2,,,69,28,110,34,126,40,89,28,,,,,,,,0.08,0.29,0.37,0.21,0.0,1.06,0.0,1.06,4.24,2,11,90.0,0.0,1.0,1.0,0.0,0.0,0.0,0.0,0.0,0.0,0.0,1.0,2.0,30.0,543059.0,123791.0,0.0,0.10999999999999999,0.4600000000000001,0.57,0.33,21.200000000000003,11.900000000000002,9.0,4.2,1.0,2.0,4.0,3.0
35,Lamare,Bogarde,Bogarde,a,,,5.0,350,207,0.1,468,185,0.5,317,145,0,0,0,0,0,937,1248,0.1,0.2,0.5,0.5,1.0,286,127,,,307,138,309,156,529,203,327,150,,,,,,,,0.0,0.0,0.0,1.24,0.0,0.0,0.0,0.0,5.62,2,0,0.0,0.0,0.0,0.0,0.0,0.0,0.0,0.0,0.0,0.0,0.0,0.0,0.0,0.0,988.0,1402.0,0.0,0.0,0.0,0.0,0.0,0.0,0.0,0.0,0.0,0.0,0.0,0.0,0.0
9,Piero,Hincapié,Hincapie,a,,,5.4,217,31,1.1,178,70,0.5,328,117,0,0,0,-1,1,4411,35414,0.1,0.2,0.5,0.5,1.0,300,109,,,333,124,310,116,567,206,346,123,,,,,,,,0.0,0.0,0.0,1.5,0.0,0.0,0.0,0.0,0.0,2,0,0.0,0.0,0.0,0.0,0.0,0.0,0.0,0.0,0.0,0.0,0.0,0.0,0.0,0.0,4811.0,40453.0,0.0,0.0,0.0,0.0,0.0,0.0,0.0,0.0,0.0,0.0,0.0,0.0,0.0
18,Gabriel,Martinelli Silva,Martinelli,u,Has joined Al Hilal permanently,,6.3,56,40,0.1,373,139,0.0,641,282,0,-1,1,-2,2,1165,6559,0.0,0.0,0.0,0.0,0.0,641,282,0.0,,642,283,642,283,639,280,642,283,,,,,,,,0.0,0.0,0.0,0.0,0.0,0.0,0.0,0.0,0.0,2,0,0.0,0.0,0.0,0.0,0.0,0.0,0.0,0.0,0.0,0.0,0.0,0.0,0.0,0.0,1339.0,7405.0,0.0,0.0,0.0,0.0,0.0,0.0,0.0,0.0,0.0,0.0,0.0,0.0,0.0
19,Martín,Zubimendi Ibáñez,Zubimendi,a,,,5.4,223,138,0.8,219,70,1.0,248,117,1,-1,1,-1,1,3480,19895,0.2,0.4,1.0,1.0,1.0,302,140,,,241,101,226,123,573,235,288,129,,,,,,,,0.0,0.07,0.07,0.5,0.0,0.0,0.0,0.0,16.67,2,1,5.0,0.0,0.0,0.0,0.0,0.0,0.0,0.0,0.0,0.0,0.0,0.0,0.0,5.0,3645.0,22778.0,0.0,0.0,0.0,0.0,0.0,4.8,0.9000000000000004,0.0,0.6,2.0,0.0,0.0,2.0
1,David,Raya Martín,Raya,a,,,6.0,61,1,37.3,6,1,6.0,42,3,6,0,0,0,0,201552,226121,1.0,2.0,6.0,6.0,6.0,45,3,,,194,20,632,71,627,71,267,20,,,,,,,,0.0,0.0,0.0,0.26,0.5,1.0,0.0,1.0,0.0,2,6,90.0,0.0,0.0,1.0,0.0,0.0,0.0,0.0,0.0,0.0,0.0,1.0,0.0,21.0,216517.0,239569.0,0.0,0.0,0.0,0.0,0.33,5.599999999999998,0.0,0.0,0.6000000000000001,0.0,1.0,11.0,0.0
2,Kepa,Arrizabalaga Revuelta,Arrizabalaga,a,,,5.0,246,9,0.1,458,52,0.0,530,68,0,0,0,0,0,597,1207,0.0,0.0,0.0,0.0,0.0,530,68,,,513,68,516,57,464,57,522,68,,,,,,,,0.0,0.0,0.0,0.0,0.0,0.0,0.0,0.0,0.0,2,0,0.0,0.0,0.0,0.0,0.0,0.0,0.0,0.0,0.0,0.0,0.0,0.0,0.0,0.0,629.0,1405.0,0.0,0.0,0.0,0.0,0.0,0.0,0.0,0.0,0.0,0.0,0.0,0.0,0.0
36,Ian,Maatsen,Maatsen,a,,,4.5,492,126,0.8,216,80,0.5,287,102,1,0,0,0,0,11129,8562,0.1,0.2,0.5,0.5,0.5,345,115,,,212,89,271,97,112,33,217,84,,,,,,,,0.05,0.0,0.05,2.45,0.0,0.0,2.63,1.05,8.95,2,1,90.0,0.0,0.0,0.0,1.0,0.0,0.0,0.0,1.0,0.0,0.0,1.0,0.0,-5.0,11299.0,9982.0,0.0,0.07,0.0,0.07,1.04,4.800000000000001,0.5,12.0,1.7,3.0,5.0,2.0,8.0
37,Victor,Lindelöf,Lindelöf,a,,,4.5,455,97,0.3,303,114,0.0,434,164,2,0,0,0,0,3193,2978,0.0,0.0,0.0,0.0,0.0,434,164,,,196,83,270,96,344,146,264,97,,,,,,,,0.0,0.04,0.04,2.4,0.0,0.0,2.5,1.0,5.0,2,2,90.0,0.0,0.0,0.0,1.0,0.0,0.0,0.0,0.0,0.0,0.0,1.0,0.0,10.0,3312.0,3513.0,0.0,0.0,0.08,0.08,1.0399999999999996,15.0,1.2,0.0,1.6,1.0,6.0,1.0,7.0
39,Kosta,Nedeljkovic,Nedeljkovic,u,Has joined Rangers on loan for the rest of the season,,4.0,643,206,0.2,354,131,0.0,408,151,0,0,0,0,0,0,3968,0.0,0.0,0.0,0.0,0.0,408,151,0.0,0.0,390,153,382,151,309,127,400,153,,,,,,,,0.0,0.0,0.0,0.0,0.0,0.0,0.0,0.0,0.0,2,0,0.0,0.0,0.0,0.0,0.0,0.0,0.0,0.0,0.0,0.0,0.0,0.0,0.0,0.0,0.0,4796.0,0.0,0.0,0.0,0.0,0.0,0.0,0.0,0.0,0.0,0.0,0.0,0.0,0.0
41,Emiliano,Buendía Stati,Buendía,a,,,6.0,63,43,1.2,168,53,2.0,171,85,2,0,0,0,0,20252,23926,0.3,0.7,2.0,2.0,2.0,183,90,,,277,127,85,53,105,54,176,84,3.0,1.0,1.0,,,,,0.09,0.06,0.15,2.4,0.0,0.0,2.57,1.03,6.17,2,2,90.0,0.0,0.0,0.0,1.0,0.0,0.0,0.0,0.0,0.0,0.0,1.0,0.0,9.0,20901.0,28289.0,0.0,0.04000000000000001,0.020000000000000004,0.060000000000000026,1.04,5.0,13.2,9.0,2.7,1.0,0.0,4.0,5.0
44,Leon,Bailey,Bailey,u,Has joined Olympiakos permanently,,5.4,208,129,0.1,409,159,0.0,595,250,0,-1,1,-1,1,1094,3694,0.0,0.0,0.0,0.0,0.0,595,250,0.0,,583,244,590,250,561,228,591,247,,,,,,,,0.0,0.0,0.0,0.0,0.0,0.0,0.0,0.0,0.0,2,0,0.0,0.0,0.0,0.0,0.0,0.0,0.0,0.0,0.0,0.0,0.0,0.0,0.0,0.0,1195.0,4045.0,0.0,0.0,0.0,0.0,0.0,0.0,0.0,0.0,0.0,0.0,0.0,0.0,0.0
45,John,McGinn,McGinn,a,,,5.4,204,126,2.4,113,33,1.0,246,115,1,-1,1,-1,1,16729,44193,0.2,0.4,1.0,1.0,1.0,297,137,,,315,141,152,91,139,69,248,112,2.0,,,,,,,0.05,0.03,0.08,2.45,0.0,0.0,2.63,1.05,5.26,2,1,90.0,0.0,0.0,0.0,1.0,0.0,0.0,0.0,1.0,0.0,0.0,1.0,0.0,2.0,17524.0,52065.0,0.0,0.049999999999999996,0.049999999999999996,0.09999999999999999,1.04,0.0,12.0,10.0,1.7000000000000002,1.0,1.0,2.0,4.0
46,Ross,Barkley,Barkley,a,,,5.0,241,151,0.3,308,107,2.0,150,71,2,0,0,0,0,5696,3984,0.4,0.8,2.0,2.0,2.0,158,73,,,166,59,42,34,153,75,107,55,4.0,,,,,,,0.08,0.02,0.1,2.75,0.0,0.0,3.0,1.2,6.6,2,2,77.0,0.0,0.0,0.0,1.0,0.0,0.0,0.0,0.0,0.0,0.0,1.0,0.0,23.0,5945.0,4401.0,0.0,0.03,0.02,0.05000000000000002,1.04,12.799999999999999,23.300000000000004,2.0,3.8,3.0,1.0,6.0,10.0
47,Boubacar,Kamara,Kamara,a,,,5.0,287,173,0.3,286,95,2.0,153,74,2,0,0,0,0,5036,5743,0.4,0.8,2.0,2.0,2.0,163,76,100.0,100.0,170,63,137,83,487,182,196,88,,,,,,,,0.0,0.02,0.02,2.4,0.0,0.0,2.5,1.0,7.5,2,2,90.0,0.0,0.0,0.0,1.0,0.0,0.0,0.0,0.0,0.0,0.0,1.0,0.0,13.0,5255.0,6418.0,0.0,0.0,0.03,0.03,1.0399999999999996,10.600000000000001,14.2,0.0,2.5,1.0,3.0,4.0,8.0
48,Amadou,Onana,Onana,i,Knee injury - Unknown return date,,5.0,306,182,0.0,570,235,0.0,552,224,0,0,0,0,0,140,568,0.0,0.0,0.0,0.0,0.0,552,224,0.0,0.0,539,216,543,222,501,189,547,219,,,,,,,,0.0,0.0,0.0,0.0,0.0,0.0,0.0,0.0,0.0,2,0,0.0,0.0,0.0,0.0,0.0,0.0,0.0,0.0,0.0,0.0,0.0,0.0,0.0,0.0,161.0,620.0,0.0,0.0,0.0,0.0,0.0,0.0,0.0,0.0,0.0,0.0,0.0,0.0,0.0
49,Samuel,Iling-Junior,Iling Jr,u,Has joined Bolton Wanderers on loan for the rest of the season,,5.0,318,188,0.0,643,282,0.0,558,228,0,0,0,0,0,0,63,0.0,0.0,0.0,0.0,0.0,558,228,0.0,0.0,545,220,550,226,509,193,553,223,,,,,,,,0.0,0.0,0.0,0.0,0.0,0.0,0.0,0.0,0.0,2,0,0.0,0.0,0.0,0.0,0.0,0.0,0.0,0.0,0.0,0.0,0.0,0.0,0.0,0.0,0.0,68.0,0.0,0.0,0.0,0.0,0.0,0.0,0.0,0.0,0.0,0.0,0.0,0.0,0.0
50,Bradley,Burrowes,Burrowes,a,,,4.5,565,286,0.7,228,76,0.0,501,194,0,0,0,0,0,8641,9062,0.0,0.0,0.0,0.0,0.0,501,194,,,484,183,484,191,429,149,493,187,,,,,,,,0.0,0.0,0.0,0.0,0.0,0.0,0.0,0.0,0.0,2,0,0.0,0.0,0.0,0.0,0.0,0.0,0.0,0.0,0.0,0.0,0.0,0.0,0.0,0.0,9003.0,9873.0,0.0,0.0,0.0,0.0,0.0,0.0,0.0,0.0,0.0,0.0,0.0,0.0,0.0
51,George,Hemmings,George Hemmings,a,,,4.5,545,277,1.1,191,60,2.0,149,70,2,0,0,0,0,36011,14297,0.4,0.9,2.0,2.0,2.0,155,71,,,222,91,144,86,224,106,218,96,,,,,,,,0.0,0.01,0.01,2.69,0.0,0.0,2.81,1.12,6.19,2,2,70.0,0.0,0.0,0.0,1.0,0.0,0.0,0.0,0.0,0.0,0.0,1.0,0.0,5.0,37724.0,15192.0,0.0,0.0,0.01,0.01,1.0100000000000002,1.8000000000000007,4.300000000000001,0.0,0.6000000000000001,2.0,0.0,4.0,6.0
52,Alysson Edward Franco,da Rocha dos Santos,Alysson,a,,,5.0,387,234,0.0,499,203,0.5,324,151,0,0,0,0,0,822,927,0.1,0.2,0.5,0.5,0.5,351,168,,,270,122,293,148,236,112,301,135,,,,,,,,0.0,0.0,0.0,0.53,0.0,0.0,0.0,0.0,16.67,2,0,19.0,0.0,0.0,0.0,0.0,0.0,0.0,0.0,1.0,0.0,0.0,0.0,0.0,2.0,848.0,1015.0,0.0,0.0,0.0,0.0,0.01999999999999999,1.2000000000000002,0.8,2.0,0.4,1.0,0.0,1.0,2.0
29,Marco,Bizot,M.Bizot,a,,,4.5,426,24,0.1,380,44,0.5,279,22,0,0,0,0,0,2298,2361,0.1,0.2,0.5,0.5,1.0,236,21,,,138,15,391,26,323,25,223,15,,,,,,,,0.0,0.0,0.0,3.77,3.0,0.0,4.0,1.0,0.0,2,0,0.0,0.0,0.0,0.0,0.0,0.0,0.0,0.0,0.0,0.0,0.0,0.0,0.0,0.0,2450.0,2532.0,0.0,0.0,0.0,0.0,0.0,0.0,0.0,0.0,0.0,0.0,0.0,0.0,0.0
38,Andrés,García,A.García,a,,,4.0,646,208,1.8,135,55,0.0,410,152,0,0,0,0,0,16036,16579,0.0,0.0,0.0,0.0,0.0,410,152,,,392,154,384,152,312,129,402,154,,,,,,,,0.0,0.0,0.0,0.0,0.0,0.0,0.0,0.0,0.0,2,0,0.0,0.0,0.0,0.0,0.0,0.0,0.0,0.0,0.0,0.0,0.0,0.0,0.0,0.0,16782.0,18380.0,0.0,0.0,0.0,0.0,0.0,0.0,0.0,0.0,0.0,0.0,0.0,0.0,0.0
53,Johan,Manzambi,Manzambi,i,Knee injury - Expected back 12 Sep,,5.9,115,75,0.1,388,145,0.0,631,274,0,-1,1,-1,1,338,5036,0.0,0.0,0.0,0.0,0.0,631,274,0.0,0.0,630,275,630,275,625,271,631,275,,,,,,,,0.0,0.0,0.0,0.0,0.0,0.0,0.0,0.0,0.0,2,0,0.0,0.0,0.0,0.0,0.0,0.0,0.0,0.0,0.0,0.0,0.0,0.0,0.0,0.0,360.0,5761.0,0.0,0.0,0.0,0.0,0.0,0.0,0.0,0.0,0.0,0.0,0.0,0.0,0.0
54,Joao,Gomes,Gomes,s,Suspended until 19 Sep,,5.5,165,101,0.0,518,214,-1.0,652,289,0,0,0,0,0,88,1180,-0.2,-0.4,0.0,0.0,-2.0,652,289,0.0,0.0,327,149,179,102,601,254,289,130,,,,,,,,0.0,0.02,0.02,5.95,0.0,0.0,9.23,2.31,16.15,2,0,0.0,0.0,0.0,0.0,0.0,0.0,0.0,0.0,0.0,0.0,0.0,0.0,0.0,0.0,111.0,1361.0,0.0,0.0,0.0,0.0,0.0,0.0,0.0,0.0,0.0,0.0,0.0,0.0,0.0
55,Ollie,Watkins,Watkins,u,Has joined Al Hilal permanently,,7.8,13,4,4.2,87,13,0.0,650,78,0,-1,1,-2,2,4250,307343,0.0,0.0,0.0,0.0,0.0,650,78,0.0,,651,78,651,78,651,78,651,78,,,2.0,,,,,0.0,0.0,0.0,0.0,0.0,0.0,0.0,0.0,0.0,2,0,0.0,0.0,0.0,0.0,0.0,0.0,0.0,0.0,0.0,0.0,0.0,0.0,0.0,0.0,4773.0,367420.0,0.0,0.0,0.0,0.0,0.0,0.0,0.0,0.0,0.0,0.0,0.0,0.0,0.0
56,Tammy,Abraham,Abraham,a,,,5.5,130,33,0.1,382,56,0.5,334,38,1,0,0,0,0,4895,2734,0.1,0.2,0.5,0.2,1.0,312,35,100.0,50.0,603,64,276,36,588,66,347,40,,,,,,,,0.0,0.0,0.0,0.09,0.0,0.0,0.0,0.0,0.0,2,1,19.0,0.0,0.0,0.0,0.0,0.0,0.0,0.0,0.0,0.0,0.0,0.0,0.0,3.0,4961.0,3156.0,0.0,0.0,0.0,0.0,0.02,0.0,1.3,0.0,0.1,0.0,0.0,0.0,0.0
160,Alejandro,Garnacho Ferreyra,Garnacho,a,,,5.9,107,68,0.4,264,87,1.0,263,127,1,-1,1,-1,1,2540,12007,0.2,0.3,1.0,1.0,1.0,327,155,,,338,157,251,131,622,268,338,157,,,,,,,,0.0,0.0,0.0,0.79,0.0,0.0,0.0,0.0,11.25,2,1,12.0,0.0,0.0,0.0,0.0,0.0,0.0,0.0,0.0,0.0,0.0,0.0,0.0,3.0,2709.0,13597.0,0.0,0.0,0.0,0.0,0.0,0.2,2.0,0.0,0.2,0.0,0.0,2.0,2.0
166,Nicolas,Jackson,N.Jackson,a,,,6.5,45,11,1.1,187,29,1.0,267,31,2,0,0,0,0,46271,8946,0.2,0.3,1.0,1.0,2.0,188,23,,,285,27,204,26,244,37,290,34,,,,,,,,0.0,0.13,0.13,1.3,0.0,0.0,1.29,1.29,3.86,2,2,70.0,0.0,0.0,0.0,1.0,0.0,0.0,0.0,0.0,0.0,0.0,1.0,0.0,11.0,74641.0,15336.0,0.0,0.0,0.1,0.1,1.01,4.2,5.9,2.0,1.2,0.0,0.0,3.0,3.0
582,Brian,Madjo,Madjo,i,Unspecified injury - Unknown return date,,5.5,203,46,0.3,296,50,0.0,625,72,0,0,0,0,0,894,9294,0.0,0.0,0.0,0.0,0.0,625,72,0.0,0.0,619,67,623,71,613,69,623,71,,,,,,,,0.0,0.0,0.0,0.0,0.0,0.0,0.0,0.0,0.0,2,0,0.0,0.0,0.0,0.0,0.0,0.0,0.0,0.0,0.0,0.0,0.0,0.0,0.0,0.0,955.0,10690.0,0.0,0.0,0.0,0.0,0.0,0.0,0.0,0.0,0.0,0.0,0.0,0.0,0.0
596,Matteo,Ruggeri,Ruggeri,a,,,4.5,508,135,0.1,430,152,0.5,290,105,0,0,0,0,0,733,1715,0.1,0.2,0.5,0.5,1.0,253,96,,,287,107,436,177,378,166,316,114,,,,,,,,0.0,0.0,0.0,1.58,0.0,0.0,0.0,0.0,22.5,2,0,0.0,0.0,0.0,0.0,0.0,0.0,0.0,0.0,0.0,0.0,0.0,0.0,0.0,0.0,804.0,1906.0,0.0,0.0,0.0,0.0,0.0,0.0,0.0,0.0,0.0,0.0,0.0,0.0,0.0
597,Zion,Suzuki,Suzuki,a,,,5.0,301,14,1.4,159,24,1.0,238,20,2,0,0,0,0,32780,11174,0.2,0.4,1.0,1.0,2.0,165,14,,,215,22,541,62,497,62,282,22,,,,,,,,0.0,0.0,0.0,1.04,1.0,0.0,1.0,1.0,0.0,2,2,90.0,0.0,0.0,0.0,1.0,0.0,0.0,0.0,0.0,0.0,1.0,1.0,0.0,8.0,33340.0,12278.0,0.0,0.0,0.0,0.0,1.04,13.6,0.0,0.0,1.4,0.0,2.0,9.0,0.0
606,Triston,Rowe,Rowe,a,,,4.0,638,201,0.2,349,129,0.0,404,147,0,0,0,0,0,6371,1677,0.0,0.0,0.0,0.0,0.0,404,147,,,386,149,378,147,304,122,396,149,,,,,,,,0.0,0.0,0.0,0.0,0.0,0.0,0.0,0.0,0.0,2,0,0.0,0.0,0.0,0.0,0.0,0.0,0.0,0.0,0.0,0.0,0.0,0.0,0.0,0.0,6667.0,1717.0,0.0,0.0,0.0,0.0,0.0,0.0,0.0,0.0,0.0,0.0,0.0,0.0,0.0
607,Luka,Lynch,Lynch,u,Has joined Oxford United on loan until January,,4.5,540,275,0.1,405,155,0.0,483,186,0,0,0,0,0,3500,2309,0.0,0.0,0.0,0.0,0.0,483,186,0.0,,465,174,466,183,409,141,475,179,,,,,,,,0.0,0.0,0.0,0.0,0.0,0.0,0.0,0.0,0.0,2,0,0.0,0.0,0.0,0.0,0.0,0.0,0.0,0.0,0.0,0.0,0.0,0.0,0.0,0.0,3770.0,2402.0,0.0,0.0,0.0,0.0,0.0,0.0,0.0,0.0,0.0,0.0,0.0,0.0,0.0
611,Aaron,Wan-Bissaka,Wan-Bissaka,a,,,4.5,463,103,0.2,368,137,1.0,218,75,1,0,0,0,0,6598,1610,0.2,0.2,1.8,1.8,1.0,241,85,,,294,111,289,106,348,148,315,113,,,,,,,,0.0,0.0,0.0,0.0,0.0,0.0,0.0,0.0,15.0,2,1,12.0,0.0,0.0,0.0,0.0,0.0,0.0,0.0,0.0,0.0,0.0,0.0,0.0,4.0,6996.0,1665.0,0.0,0.0,0.0,0.0,0.0,3.6,0.8,0.0,0.4,2.0,0.0,0.0,2.0
618,Leon,Goretzka,Goretzka,a,,,6.0,60,42,0.0,496,201,0.0,632,275,0,0,0,0,0,3428,838,0.0,0.0,2.2,2.2,0.0,632,275,,,631,276,631,276,626,272,632,276,,,,,,,,0.0,0.0,0.0,0.0,0.0,0.0,0.0,0.0,0.0,2,0,0.0,0.0,0.0,0.0,0.0,0.0,0.0,0.0,0.0,0.0,0.0,0.0,0.0,0.0,3640.0,845.0,0.0,0.0,0.0,0.0,0.0,0.0,0.0,0.0,0.0,0.0,0.0,0.0,0.0
630,Taylor,Harwood-Bellis,Harwood-Bellis,a,,,4.5,485,120,0.0,601,202,0.0,446,171,0,0,0,0,0,931,184,0.0,0.0,1.8,1.8,0.0,446,171,,,427,172,424,172,362,158,437,172,,,,,,,,0.0,0.0,0.0,0.0,0.0,0.0,0.0,0.0,0.0,2,0,0.0,0.0,0.0,0.0,0.0,0.0,0.0,0.0,0.0,0.0,0.0,0.0,0.0,0.0,931.0,184.0,0.0,0.0,0.0,0.0,0.0,0.0,0.0,0.0,0.0,0.0,0.0,0.0,0.0
631,Ibrahim,Mbaye,Mbaye,a,,,6.0,88,59,0.0,511,210,0.0,639,280,0,0,0,0,0,3995,618,0.0,0.0,2.2,2.2,0.0,639,280,,,640,281,640,281,636,277,640,281,,,,,,,,0.0,0.0,0.0,0.0,0.0,0.0,0.0,0.0,0.0,2,0,0.0,0.0,0.0,0.0,0.0,0.0,0.0,0.0,0.0,0.0,0.0,0.0,0.0,0.0,3995.0,618.0,0.0,0.0,0.0,0.0,0.0,0.0,0.0,0.0,0.0,0.0,0.0,0.0,0.0
57,Đorđe,Petrović,Petrović,a,,,4.5,496,40,3.3,96,16,2.5,125,10,3,0,0,0,0,45634,34662,0.6,1.1,2.5,2.5,2.5,131,10,,,16,2,431,42,370,41,120,2,,,,,,,,0.0,0.0,0.0,2.04,4.5,0.0,1.5,1.0,0.0,2,3,90.0,0.0,0.0,0.0,1.0,0.0,0.0,0.0,0.0,0.0,5.0,1.0,0.0,20.0,50805.0,37190.0,0.0,0.0,0.0,0.0,1.8399999999999999,33.8,0.0,0.0,3.3999999999999995,0.0,3.0,8.0,0.0
58,Fraser,Forster,Forster,a,,,4.0,576,50,3.6,93,15,0.0,359,24,0,0,0,0,0,37843,21052,0.0,0.0,0.0,0.0,0.0,359,24,,,341,24,331,3,253,2,350,24,,,,,,,,0.0,0.0,0.0,0.0,0.0,0.0,0.0,0.0,0.0,2,0,0.0,0.0,0.0,0.0,0.0,0.0,0.0,0.0,0.0,0.0,0.0,0.0,0.0,0.0,39467.0,22801.0,0.0,0.0,0.0,0.0,0.0,0.0,0.0,0.0,0.0,0.0,0.0,0.0,0.0
59,Will,Dennis,Dennis,u,Has joined MK Dons permanently,,4.0,611,65,0.2,369,42,0.0,383,39,0,0,0,0,0,0,2771,0.0,0.0,0.0,0.0,0.0,383,39,0.0,0.0,365,39,357,18,281,17,375,39,,,,,,,,0.0,0.0,0.0,0.0,0.0,0.0,0.0,0.0,0.0,2,0,0.0,0.0,0.0,0.0,0.0,0.0,0.0,0.0,0.0,0.0,0.0,0.0,0.0,0.0,0.0,3231.0,0.0,0.0,0.0,0.0,0.0,0.0,0.0,0.0,0.0,0.0,0.0,0.0,0.0
60,James,Hill,Hill,a,,,5.5,169,22,0.8,209,79,2.5,135,48,4,0,0,0,0,7060,11590,0.5,0.9,2.5,2.5,2.5,140,50,,,109,48,122,38,202,72,140,52,,,,,,,,0.0,0.37,0.37,2.04,0.0,0.0,1.5,1.0,9.0,2,4,90.0,0.0,0.0,0.0,1.0,0.0,0.0,0.0,0.0,0.0,0.0,1.0,0.0,19.0,8800.0,12645.0,0.0,0.0,0.74,0.74,1.8399999999999999,25.6,21.0,4.0,5.1,3.0,9.0,3.0,12.0
61,Adrien,Truffert,Truffert,a,,,5.5,179,24,3.7,91,35,2.5,137,49,4,0,0,0,0,11829,41765,0.5,0.9,2.5,2.5,2.5,142,51,,,80,34,105,33,203,73,115,41,,,,,,,,0.0,0.04,0.04,2.04,0.0,0.0,1.5,1.0,8.0,2,4,90.0,0.0,0.0,0.0,1.0,0.0,0.0,0.0,0.0,0.0,0.0,1.0,2.0,27.0,15579.0,46012.0,0.0,0.0,0.07,0.07,1.8399999999999999,27.800000000000004,23.7,4.0,5.6,2.0,7.0,6.0,9.0
63,Veljko,Milosavljevic,Milosavljević,i,Unspecified injury - Unknown return date,,5.0,380,70,0.0,605,204,0.0,585,207,0,0,0,0,0,87,240,0.0,0.0,0.0,0.0,0.0,585,207,0.0,0.0,573,208,579,208,548,204,581,208,,,,,,,,0.0,0.0,0.0,0.0,0.0,0.0,0.0,0.0,0.0,2,0,0.0,0.0,0.0,0.0,0.0,0.0,0.0,0.0,0.0,0.0,0.0,0.0,0.0,0.0,91.0,270.0,0.0,0.0,0.0,0.0,0.0,0.0,0.0,0.0,0.0,0.0,0.0,0.0,0.0
64,Adam,Smith,Smith,a,,,4.5,424,81,0.1,393,143,1.0,215,73,1,0,0,0,0,1622,2082,0.2,0.4,1.0,1.0,1.0,235,80,,,165,77,142,44,321,138,195,73,,,,,,,,0.0,0.01,0.01,2.04,0.0,0.0,1.5,1.0,5.5,2,1,90.0,0.0,0.0,0.0,1.0,0.0,0.0,0.0,1.0,0.0,0.0,1.0,0.0,5.0,2154.0,2232.0,0.0,0.0,0.02,0.02,1.8399999999999999,15.600000000000001,15.700000000000001,0.0,3.0999999999999996,2.0,4.0,0.0,6.0
65,Julián,Araujo Zúñiga,J.Araujo,i,Thigh injury - Unknown return date,,4.5,489,123,0.0,588,199,0.0,448,172,0,0,0,0,0,95,364,0.0,0.0,0.0,0.0,0.0,448,172,0.0,0.0,429,173,426,173,365,160,439,173,,,,,,,,0.0,0.0,0.0,0.0,0.0,0.0,0.0,0.0,0.0,2,0,0.0,0.0,0.0,0.0,0.0,0.0,0.0,0.0,0.0,0.0,0.0,0.0,0.0,0.0,104.0,403.0,0.0,0.0,0.0,0.0,0.0,0.0,0.0,0.0,0.0,0.0,0.0,0.0,0.0
67,Rayan Vitor,Simplício Rocha,Rayan,a,,,6.5,43,29,2.2,122,37,2.0,174,87,2,0,0,0,0,11636,59645,0.3,0.6,2.0,2.0,2.0,187,92,,,208,82,150,90,22,13,79,45,,,,,,,,0.22,0.03,0.25,1.97,0.0,0.0,1.01,1.01,3.03,2,2,90.0,0.0,0.0,0.0,1.0,0.0,0.0,0.0,0.0,0.0,0.0,1.0,0.0,4.0,15590.0,63191.0,0.0,0.4,0.020000000000000004,0.42,1.8399999999999999,8.600000000000001,3.5,44.0,5.6,1.0,1.0,3.0,5.0
68,Marcus,Tavernier,Tavernier,a,,,6.0,64,44,2.2,121,36,5.5,50,24,1,0,0,0,0,28004,49461,0.9,1.8,5.5,5.5,5.5,53,26,,,44,21,25,22,65,39,30,24,1.0,1.0,3.0,,,,,0.24,0.14,0.38,2.04,0.0,0.0,1.5,1.0,9.5,2,1,90.0,0.0,0.0,0.0,1.0,0.0,0.0,0.0,1.0,0.0,0.0,1.0,0.0,20.0,51903.0,51876.0,0.0,0.08999999999999997,0.20999999999999996,0.30000000000000004,1.8399999999999999,15.0,38.3,11.0,6.4,4.0,1.0,6.0,11.0
69,Alex,Scott,Scott,a,,,6.0,80,55,2.0,129,39,7.0,27,14,12,0,0,0,0,56552,17665,1.2,2.3,7.0,7.0,7.0,29,15,,,33,16,55,42,89,48,47,33,2.0,4.0,,,,,,0.13,0.14,0.27,2.02,0.0,0.51,1.02,1.02,13.3,2,12,86.0,1.0,0.0,1.0,0.0,0.0,0.0,0.0,1.0,0.0,0.0,1.0,3.0,39.0,58042.0,19640.0,0.0,0.26,0.27,0.53,1.71,47.6,32.1,21.0,10.1,3.0,3.0,9.0,15.0
70,Justin,Kluivert,Kluivert,a,,,6.0,67,46,1.1,188,58,3.0,116,54,3,0,0,0,0,10764,23377,0.5,1.0,3.0,3.0,3.0,122,54,,,168,61,47,37,11,7,32,25,3.0,2.0,2.0,,,,,0.42,0.03,0.45,2.11,0.0,1.17,0.0,1.17,8.18,2,3,80.0,0.0,0.0,1.0,0.0,0.0,0.0,0.0,0.0,0.0,0.0,1.0,0.0,12.0,14473.0,24908.0,0.0,0.61,0.05,0.66,1.67,11.2,26.900000000000002,57.0,9.5,0.0,0.0,5.0,5.0
71,Lewis,Cook,Cook,a,,,5.0,253,155,0.2,330,117,3.0,101,43,3,0,0,0,0,6548,3822,0.6,1.2,3.0,3.0,3.0,107,44,,,242,102,148,89,470,173,238,106,5.0,,,,,,,0.0,0.01,0.01,2.27,0.0,1.26,0.0,1.26,5.66,2,3,68.0,0.0,0.0,1.0,0.0,0.0,0.0,0.0,0.0,0.0,0.0,1.0,0.0,13.0,7193.0,4115.0,0.0,0.0,0.01,0.01,1.67,3.8000000000000007,12.8,0.0,1.7,0.0,0.0,2.0,2.0
72,Ben,Gannon-Doak,Gannon-Doak,a,,,5.0,336,198,0.1,470,186,0.5,314,142,0,0,0,0,0,382,1540,0.1,0.2,0.5,0.5,1.0,283,125,,,335,154,328,166,232,110,334,154,,,,,,,,0.0,0.0,0.0,17.1,0.0,0.0,90.0,0.0,90.0,2,0,0.0,0.0,0.0,0.0,0.0,0.0,0.0,0.0,0.0,0.0,0.0,0.0,0.0,0.0,418.0,1632.0,0.0,0.0,0.0,0.0,0.0,0.0,0.0,0.0,0.0,0.0,0.0,0.0,0.0
73,Tyler,Adams,Adams,a,,,5.0,266,164,0.2,314,110,1.0,234,107,1,0,0,0,0,5553,4674,0.2,0.4,1.0,1.0,1.0,270,116,100.0,100.0,269,121,252,132,479,179,305,138,,,,,,,,0.0,0.0,0.0,1.18,0.0,0.0,7.5,0.0,15.0,2,1,21.0,0.0,0.0,0.0,1.0,0.0,0.0,0.0,0.0,0.0,0.0,0.0,0.0,4.0,6055.0,4930.0,0.0,0.0,0.0,0.0,0.15999999999999998,1.6,1.2999999999999998,0.0,0.29999999999999993,0.0,0.0,3.0,3.0
74,David,Brooks,Brooks,a,,,5.0,247,152,0.1,487,196,0.5,298,132,1,0,0,0,0,1279,995,0.1,0.2,0.5,0.5,1.0,264,112,100.0,100.0,514,203,263,137,465,170,343,160,4.0,3.0,,,,,,0.0,0.1,0.1,1.6,0.0,0.0,10.0,0.0,0.0,2,1,9.0,0.0,0.0,0.0,1.0,0.0,0.0,0.0,0.0,0.0,0.0,0.0,0.0,3.0,1401.0,1089.0,0.0,0.0,0.01,0.01,0.16,0.0,1.6,0.0,0.1,0.0,0.0,0.0,0.0
75,Ryan,Christie,Christie,a,,,5.0,254,156,0.0,545,224,0.5,300,133,1,0,0,0,0,1036,514,0.1,0.2,0.5,0.5,1.0,266,113,100.0,100.0,303,136,313,158,471,174,326,149,6.0,,,,,,,0.0,0.0,0.0,3.9,0.0,0.0,30.0,0.0,60.0,2,1,3.0,0.0,0.0,0.0,1.0,0.0,0.0,0.0,0.0,0.0,0.0,0.0,0.0,5.0,1158.0,544.0,0.0,0.0,0.0,0.0,0.13,2.8,0.3,0.0,0.3,1.0,0.0,1.0,2.0
76,Alex,Tóth,Tóth.A,a,,,5.0,379,230,0.0,578,239,0.5,322,149,0,0,0,0,0,123,231,0.1,0.2,0.5,0.5,1.0,293,133,,,304,137,300,151,547,220,329,152,,,,,,,,0.0,0.0,0.0,1.86,0.0,0.0,12.0,0.0,12.0,2,0,0.0,0.0,0.0,0.0,0.0,0.0,0.0,0.0,0.0,0.0,0.0,0.0,0.0,0.0,136.0,249.0,0.0,0.0,0.0,0.0,0.0,0.0,0.0,0.0,0.0,0.0,0.0,0.0,0.0
77,Amine,Adli,Adli,i,Unspecified injury - Unknown return date,,4.9,410,249,0.0,573,237,0.0,520,207,0,-1,1,-1,1,136,625,0.0,0.0,0.0,0.0,0.0,520,207,0.0,0.0,503,196,505,204,451,163,512,200,,,,,,,,0.0,0.0,0.0,0.0,0.0,0.0,0.0,0.0,0.0,2,0,0.0,0.0,0.0,0.0,0.0,0.0,0.0,0.0,0.0,0.0,0.0,0.0,0.0,0.0,143.0,708.0,0.0,0.0,0.0,0.0,0.0,0.0,0.0,0.0,0.0,0.0,0.0,0.0,0.0
78,Junior,Kroupi,Kroupi.Jr,i,Foot injury - Unknown return date,,7.4,22,14,0.2,326,116,0.0,648,287,0,-1,1,-1,1,246,7935,0.0,0.0,0.0,0.0,0.0,648,287,0.0,0.0,649,288,649,288,649,288,649,288,,,1.0,,,,,0.0,0.0,0.0,0.0,0.0,0.0,0.0,0.0,0.0,2,0,0.0,0.0,0.0,0.0,0.0,0.0,0.0,0.0,0.0,0.0,0.0,0.0,0.0,0.0,279.0,9310.0,0.0,0.0,0.0,0.0,0.0,0.0,0.0,0.0,0.0,0.0,0.0,0.0,0.0
62,Bafodé,Diakité,Diakité,a,,,5.0,295,51,0.2,348,128,0.0,548,200,0,0,0,0,0,1707,3847,0.0,0.0,0.0,0.0,0.0,548,200,,,536,203,537,203,492,196,543,203,,,,,,,,0.0,0.0,0.0,0.0,0.0,0.0,0.0,0.0,0.0,2,0,0.0,0.0,0.0,0.0,0.0,0.0,0.0,0.0,0.0,0.0,0.0,0.0,0.0,0.0,1963.0,4092.0,0.0,0.0,0.0,0.0,0.0,0.0,0.0,0.0,0.0,0.0,0.0,0.0,0.0
79,Francisco Evanilson,de Lima Barbosa,Evanilson,a,,,6.0,74,16,3.2,100,15,4.5,74,9,5,0,0,0,0,69199,43176,0.8,1.5,4.5,4.5,4.5,77,10,,,120,11,65,6,80,18,77,12,,,,,,,,0.34,0.15,0.49,2.11,0.0,1.17,0.0,1.17,6.43,2,5,80.0,0.0,1.0,1.0,0.0,0.0,0.0,0.0,0.0,0.0,0.0,1.0,0.0,11.0,84347.0,46553.0,0.0,0.58,0.04000000000000001,0.62,1.67,15.0,22.200000000000003,22.0,5.8999999999999995,0.0,1.0,2.0,3.0
80,Enes,Ünal,Enes Ünal,u,Has joined Getafe permanently,,5.5,127,31,0.0,567,74,0.0,610,69,0,0,0,0,0,0,520,0.0,0.0,0.0,0.0,0.0,610,69,0.0,0.0,602,63,606,68,587,65,608,68,,,,,,,,0.0,0.0,0.0,0.0,0.0,0.0,0.0,0.0,0.0,2,0,0.0,0.0,0.0,0.0,0.0,0.0,0.0,0.0,0.0,0.0,0.0,0.0,0.0,0.0,0.0,613.0,0.0,0.0,0.0,0.0,0.0,0.0,0.0,0.0,0.0,0.0,0.0,0.0,0.0
566,António João,Pereira de Albuquerque Tavares da Silva,Silva,a,,,5.0,323,60,0.4,270,99,3.0,104,39,4,0,0,0,0,9675,6625,0.6,1.2,3.0,3.0,3.0,110,40,,,56,19,245,82,123,38,134,48,,,,,,,,0.12,0.02,0.14,2.04,0.0,0.0,1.5,1.0,11.5,2,4,90.0,0.0,0.0,0.0,1.0,0.0,0.0,0.0,0.0,0.0,0.0,1.0,0.0,11.0,11485.0,6993.0,0.0,0.25,0.03,0.28,1.8399999999999999,18.6,1.8,13.0,3.3,2.0,8.0,4.0,10.0
573,Juanlu,Sánchez,Sanchez,a,,,4.5,514,136,0.2,344,127,0.0,459,176,0,0,0,0,0,368,2276,0.0,0.0,0.0,0.0,0.0,459,176,,,440,177,442,178,384,167,450,177,,,,,,,,0.0,0.0,0.0,0.0,0.0,0.0,0.0,0.0,0.0,2,0,0.0,0.0,0.0,0.0,0.0,0.0,0.0,0.0,0.0,0.0,0.0,0.0,0.0,0.0,403.0,2521.0,0.0,0.0,0.0,0.0,0.0,0.0,0.0,0.0,0.0,0.0,0.0,0.0,0.0
608,Daniel,Jebbison,Jebbison,a,,,5.0,353,60,0.1,440,62,0.5,318,36,0,0,0,0,0,4488,1992,0.1,0.2,0.5,0.5,1.0,287,31,,,297,29,292,37,103,21,254,29,,,,,,,,0.6,0.0,0.6,1.86,0.0,0.0,12.0,0.0,6.0,2,0,0.0,0.0,0.0,0.0,0.0,0.0,0.0,0.0,0.0,0.0,0.0,0.0,0.0,0.0,4942.0,2073.0,0.0,0.0,0.0,0.0,0.0,0.0,0.0,0.0,0.0,0.0,0.0,0.0,0.0
615,Michele,Di Gregorio,Di Gregorio,a,,,4.5,473,36,0.0,540,61,0.0,440,57,0,0,0,0,0,1400,453,0.0,0.0,2.0,2.0,0.0,440,57,,,421,57,417,38,353,37,431,57,,,,,,,,0.0,0.0,0.0,0.0,0.0,0.0,0.0,0.0,0.0,2,0,0.0,0.0,0.0,0.0,0.0,0.0,0.0,0.0,0.0,0.0,0.0,0.0,0.0,0.0,1558.0,471.0,0.0,0.0,0.0,0.0,0.0,0.0,0.0,0.0,0.0,0.0,0.0,0.0,0.0
82,Caoimhín,Kelleher,Kelleher,a,,,5.0,265,11,7.9,55,9,4.5,66,5,2,0,0,0,0,112552,58426,0.9,1.8,4.5,4.5,4.5,70,5,,,87,11,526,59,478,59,191,12,,,,,,,,0.0,0.0,0.0,1.02,2.5,0.5,0.5,1.0,0.0,2,2,90.0,0.0,0.0,0.0,1.0,0.0,0.0,0.0,0.0,0.0,1.0,1.0,0.0,7.0,123269.0,61904.0,0.0,0.0,0.0,0.0,1.46,9.399999999999999,0.0,0.0,0.8999999999999999,0.0,2.0,4.0,0.0
83,Hákon Rafn,Valdimarsson,Valdimarsson,a,,,4.5,519,44,0.1,422,48,0.0,464,60,0,0,0,0,0,965,1388,0.0,0.0,0.0,0.0,0.0,464,60,,,445,60,447,46,389,45,455,60,,,,,,,,0.0,0.0,0.0,0.0,0.0,0.0,0.0,0.0,0.0,2,0,0.0,0.0,0.0,0.0,0.0,0.0,0.0,0.0,0.0,0.0,0.0,0.0,0.0,0.0,1038.0,1516.0,0.0,0.0,0.0,0.0,0.0,0.0,0.0,0.0,0.0,0.0,0.0,0.0,0.0
84,Nathan,Collins,Collins,a,,,5.5,157,20,2.5,112,46,4.5,70,26,3,0,0,0,0,31705,20427,0.8,1.6,4.5,4.5,4.5,73,26,,,93,42,115,35,32,2,52,10,,,,,,,,0.26,0.02,0.28,1.02,0.0,0.5,0.5,1.0,8.0,2,3,90.0,0.0,0.0,0.0,1.0,0.0,0.0,0.0,1.0,0.0,0.0,1.0,0.0,14.0,35143.0,22096.0,0.0,0.16999999999999998,0.010000000000000002,0.18000000000000005,1.46,28.0,0.8999999999999986,34.0,6.300000000000001,2.0,11.0,8.0,13.0
85,Sepp,van den Berg,Van den Berg,i,Groin injury - Unknown return date,,4.9,406,74,0.1,452,160,0.0,517,193,0,-1,1,-1,1,118,2454,0.0,0.0,0.0,0.0,0.0,517,193,0.0,0.0,500,194,502,195,448,186,509,194,,,,,,,,0.0,0.0,0.0,0.0,0.0,0.0,0.0,0.0,0.0,2,0,0.0,0.0,0.0,0.0,0.0,0.0,0.0,0.0,0.0,0.0,0.0,0.0,0.0,0.0,125.0,2805.0,0.0,0.0,0.0,0.0,0.0,0.0,0.0,0.0,0.0,0.0,0.0,0.0,0.0
86,Keane,Lewis-Potter,Lewis-Potter,a,,,5.5,153,93,2.2,119,35,8.0,18,9,6,0,0,0,0,100257,26101,1.5,2.9,8.0,8.0,8.0,20,10,,,5,4,34,28,86,47,24,18,,1.0,,,,,,0.4,0.13,0.53,1.03,0.0,0.51,0.51,1.02,10.68,2,6,87.0,0.0,1.0,0.0,1.0,0.0,0.0,0.0,0.0,0.0,0.0,1.0,1.0,29.0,113368.0,27224.0,0.0,0.020000000000000018,0.13,0.15000000000000002,1.46,38.39999999999999,31.6,2.0,7.200000000000001,2.0,3.0,6.0,11.0
87,Kristoffer,Ajer,Ajer,a,,,4.5,456,98,5.8,67,28,5.5,47,19,3,0,0,0,0,170845,60753,1.2,2.4,5.5,5.5,5.5,50,20,,,35,11,117,36,49,8,46,8,,,,,,,,0.06,0.02,0.08,1.02,0.0,0.5,0.5,1.0,13.5,2,3,90.0,0.0,0.0,0.0,1.0,0.0,0.0,0.0,1.0,0.0,0.0,1.0,0.0,7.0,187140.0,63469.0,0.0,0.0,0.009999999999999998,0.010000000000000009,1.46,37.8,21.0,2.0,6.1,0.0,17.0,2.0,17.0
88,Michael,Kayode,Kayode,a,,,4.6,423,80,10.0,45,17,7.5,20,8,2,0,0,1,-1,199693,79005,1.6,3.3,7.5,7.5,7.5,21,9,,,63,25,134,39,29,1,45,7,,,,,,,,0.29,0.12,0.41,1.07,0.0,0.56,0.56,1.11,4.44,2,2,87.0,0.0,0.0,0.0,1.0,0.0,0.0,0.0,0.0,0.0,0.0,1.0,0.0,9.0,236968.0,82570.0,0.0,0.020000000000000018,0.21,0.22999999999999998,1.46,14.400000000000006,16.0,8.0,3.8000000000000007,1.0,3.0,4.0,4.0
89,Rico,Henry,Henry,a,,,4.5,457,99,0.2,332,123,0.5,282,97,1,0,0,0,0,560,2188,0.1,0.2,0.5,0.5,1.0,240,84,,,415,165,410,164,345,147,425,165,,,,,,,,0.0,0.0,0.0,0.0,0.0,0.0,0.0,0.0,0.0,2,1,2.0,0.0,0.0,0.0,0.0,0.0,0.0,0.0,0.0,0.0,0.0,0.0,0.0,3.0,617.0,2524.0,0.0,0.0,0.0,0.0,0.0,0.0,0.0,0.0,0.0,0.0,0.0,0.0,0.0
90,Aaron,Hickey,Hickey,a,,,4.5,502,131,0.1,461,162,1.0,225,81,1,0,0,0,0,645,886,0.2,0.4,1.0,1.0,1.0,250,93,,,286,106,214,68,375,165,300,109,,,,,,,,0.0,0.11,0.11,0.56,0.0,0.0,0.0,0.0,5.62,2,1,2.0,0.0,0.0,0.0,0.0,0.0,0.0,0.0,0.0,0.0,0.0,0.0,0.0,6.0,735.0,970.0,0.0,0.0,0.02,0.02,0.0,4.0,4.1000000000000005,0.0,0.8,1.0,0.0,0.0,1.0
92,Kim,Ji-soo,Ji-soo,a,,,4.5,539,144,0.0,569,194,0.0,482,183,0,0,0,0,0,150,281,0.0,0.0,0.0,0.0,0.0,482,183,,,464,184,465,185,408,174,474,184,,,,,,,,0.0,0.0,0.0,0.0,0.0,0.0,0.0,0.0,0.0,2,0,0.0,0.0,0.0,0.0,0.0,0.0,0.0,0.0,0.0,0.0,0.0,0.0,0.0,0.0,158.0,307.0,0.0,0.0,0.0,0.0,0.0,0.0,0.0,0.0,0.0,0.0,0.0,0.0,0.0
93,Jannik,Schuster,Schuster,a,,,4.5,521,139,0.1,375,138,0.0,466,179,0,0,0,0,0,165,1460,0.0,0.0,0.0,0.0,0.0,466,179,,,447,180,449,181,391,170,457,180,,,,,,,,0.0,0.0,0.0,0.0,0.0,0.0,0.0,0.0,0.0,2,0,0.0,0.0,0.0,0.0,0.0,0.0,0.0,0.0,0.0,0.0,0.0,0.0,0.0,0.0,180.0,1677.0,0.0,0.0,0.0,0.0,0.0,0.0,0.0,0.0,0.0,0.0,0.0,0.0,0.0
94,Kevin,Schade,Schade,a,,,6.0,81,56,4.6,78,26,6.5,30,17,10,0,0,0,0,137377,46901,1.1,2.2,6.5,6.5,6.5,32,18,,,30,15,111,67,4,1,15,11,,,2.0,,,,,0.39,0.02,0.41,1.03,0.0,0.51,0.51,1.02,9.15,2,10,87.0,1.0,0.0,0.0,1.0,0.0,0.0,0.0,0.0,0.0,0.0,1.0,3.0,34.0,143374.0,51935.0,0.0,0.25,0.019999999999999997,0.27,1.46,45.6,11.099999999999998,34.0,9.100000000000001,2.0,3.0,4.0,9.0
81,Álvaro,Rodríguez,Rodríguez,a,,,6.0,85,19,0.1,411,58,0.5,350,43,1,0,0,0,0,1518,1913,0.1,0.2,0.5,0.5,1.0,331,41,100.0,100.0,637,74,637,74,633,74,637,74,,,,,,,,0.0,0.0,0.0,1.6,0.0,0.0,10.0,0.0,10.0,2,1,9.0,0.0,0.0,0.0,1.0,0.0,0.0,0.0,0.0,0.0,0.0,0.0,0.0,4.0,1673.0,2022.0,0.0,0.0,0.0,0.0,0.16,0.0,0.0,0.0,0.0,0.0,0.0,1.0,1.0
95,Dango,Ouattara,O.Dango,a,,,6.5,46,31,0.8,210,66,2.0,175,88,1,0,0,0,0,4566,29271,0.3,0.6,2.0,2.0,2.0,189,93,,,201,80,38,31,106,55,100,52,2.0,,,,,,,0.07,0.35,0.42,1.73,0.0,0.95,0.95,0.95,12.32,2,1,29.0,0.0,0.0,0.0,1.0,0.0,0.0,0.0,0.0,0.0,0.0,0.0,0.0,16.0,5639.0,31559.0,0.0,0.020000000000000004,0.08000000000000002,0.09999999999999998,1.36,15.399999999999999,15.499999999999996,2.0,3.3,1.0,3.0,3.0,7.0
96,Mikkel,Damsgaard,Damsgaard,a,,,5.5,161,98,0.5,259,86,2.0,164,82,3,0,0,0,0,3912,7592,0.4,0.7,2.0,2.0,2.0,176,86,,,159,58,20,18,77,43,59,39,3.0,3.0,,,,,,0.03,0.26,0.29,0.25,0.0,1.1,0.0,1.1,14.27,2,3,68.0,0.0,0.0,1.0,0.0,0.0,0.0,0.0,0.0,0.0,0.0,1.0,0.0,20.0,4385.0,8898.0,0.0,0.03,0.13,0.16000000000000003,0.13,16.6,32.400000000000006,25.0,7.4,2.0,2.0,5.0,9.0
97,Mathias,Jensen,Jensen,i,Unspecified injury - Expected back 18 Sep,,5.5,142,87,0.2,360,132,3.0,108,47,0,0,0,0,0,568,6845,0.5,1.1,0.0,3.0,6.0,42,22,0.0,,221,90,39,32,125,63,118,60,1.0,2.0,3.0,,,,,0.11,0.46,0.57,0.64,0.0,1.36,0.0,1.36,6.82,2,0,0.0,0.0,0.0,0.0,0.0,0.0,0.0,0.0,0.0,0.0,0.0,0.0,0.0,0.0,1362.0,7062.0,0.0,0.0,0.0,0.0,0.0,0.0,0.0,0.0,0.0,0.0,0.0,0.0,0.0
98,Vitaly,Janelt,Janelt,a,,,5.0,269,166,0.7,233,79,5.0,53,26,1,0,0,0,0,29384,13507,1.0,2.0,5.0,5.0,5.0,56,28,,,18,11,10,10,66,40,16,12,4.0,,,,,,,0.2,0.16,0.36,1.02,0.0,0.5,0.5,1.0,11.5,2,1,90.0,0.0,0.0,0.0,1.0,0.0,0.0,0.0,1.0,0.0,0.0,1.0,0.0,11.0,38092.0,14358.0,0.0,0.0,0.13999999999999999,0.1399999999999999,1.46,16.39999999999999,35.400000000000006,4.0,5.6,3.0,5.0,2.0,10.0
99,Antoni,Milambo,Milambo,i,Knee injury - Unknown return date,,5.0,359,214,0.0,644,283,0.0,577,239,0,0,0,0,0,34,40,0.0,0.0,0.0,0.0,0.0,577,239,0.0,0.0,564,232,571,238,534,208,572,235,,,,,,,,0.0,0.0,0.0,0.0,0.0,0.0,0.0,0.0,0.0,2,0,0.0,0.0,0.0,0.0,0.0,0.0,0.0,0.0,0.0,0.0,0.0,0.0,0.0,0.0,37.0,42.0,0.0,0.0,0.0,0.0,0.0,0.0,0.0,0.0,0.0,0.0,0.0,0.0,0.0
100,Fábio,Freitas Gouveia Carvalho,Carvalho,a,,,5.0,296,178,0.0,563,234,0.0,549,223,0,0,0,0,0,541,357,0.0,0.0,0.0,0.0,0.0,549,223,100.0,100.0,537,215,538,220,493,185,544,217,,,,,,,,0.0,0.0,0.0,0.0,0.0,0.0,0.0,0.0,0.0,2,0,0.0,0.0,0.0,0.0,0.0,0.0,0.0,0.0,0.0,0.0,0.0,0.0,0.0,0.0,587.0,382.0,0.0,0.0,0.0,0.0,0.0,0.0,0.0,0.0,0.0,0.0,0.0,0.0,0.0
102,Yehor,Yarmoliuk,Yarmoliuk,a,,,4.9,412,251,0.9,202,61,1.0,232,106,1,-1,1,-1,1,1068,19174,0.2,0.4,1.0,1.0,1.0,262,111,,,268,120,159,96,167,81,228,101,,,,,,,,0.08,0.02,0.1,2.9,0.0,0.0,2.05,0.0,12.27,2,1,21.0,0.0,0.0,0.0,1.0,0.0,0.0,0.0,0.0,0.0,0.0,0.0,0.0,4.0,1161.0,21602.0,0.0,0.0,0.01,0.010000000000000002,1.3199999999999998,3.0,12.5,4.0,2.0,0.0,0.0,0.0,0.0
103,Josh,Dasilva,Dasilva,i,Hamstring injury - Expected back 10 Oct,,5.0,262,161,0.0,558,230,0.0,537,218,0,0,0,0,0,179,545,0.0,0.0,0.0,0.0,0.0,537,218,0.0,,523,209,525,215,477,178,531,212,,,,,,,,0.0,0.0,0.0,0.0,0.0,0.0,0.0,0.0,0.0,2,0,0.0,0.0,0.0,0.0,0.0,0.0,0.0,0.0,0.0,0.0,0.0,0.0,0.0,0.0,191.0,597.0,0.0,0.0,0.0,0.0,0.0,0.0,0.0,0.0,0.0,0.0,0.0,0.0,0.0
105,Jaidon,Anthony,Anthony,a,,,6.0,75,51,0.2,364,135,1.5,207,100,2,0,0,0,0,1633,3330,0.2,0.5,1.5,1.5,1.5,220,105,,,214,86,19,17,109,58,78,44,,,,,,,,0.15,0.44,0.59,0.21,0.0,1.08,0.0,1.08,9.76,2,2,60.0,0.0,0.0,1.0,0.0,0.0,0.0,0.0,1.0,0.0,0.0,1.0,0.0,4.0,1962.0,3732.0,0.0,0.11000000000000001,0.06,0.17000000000000004,0.09,3.200000000000001,25.9,15.0,4.3999999999999995,0.0,0.0,1.0,1.0
106,Igor Thiago,Nascimento Rodrigues,Thiago,a,,,8.0,11,3,14.0,30,6,1.0,270,34,2,0,0,0,0,71243,310236,0.1,0.2,1.0,1.0,1.0,341,43,,,279,26,186,23,19,9,105,15,,,1.0,,,,,0.94,0.05,0.99,1.03,0.0,0.52,0.52,1.05,4.71,2,2,90.0,0.0,0.0,0.0,1.0,0.0,0.0,0.0,0.0,0.0,0.0,1.0,0.0,2.0,82990.0,336704.0,0.0,0.8,0.009999999999999995,0.8099999999999998,1.46,2.3999999999999995,6.199999999999999,55.0,6.4,1.0,0.0,3.0,4.0
108,Callum,Wilson,Wilson,a,,,5.5,121,30,0.4,277,48,1.0,252,27,1,0,0,0,0,5526,7241,0.2,0.4,1.0,1.0,1.0,309,34,,,308,33,185,22,131,24,234,25,,,,,,,,0.7,0.4,1.1,0.7,0.0,0.0,0.0,0.0,10.0,2,1,2.0,0.0,0.0,0.0,0.0,0.0,0.0,0.0,0.0,0.0,0.0,0.0,0.0,3.0,6178.0,7920.0,0.0,0.04000000000000001,0.0,0.039999999999999994,0.0,0.0,0.09999999999999964,7.0,0.7,0.0,0.0,1.0,1.0
565,Mamadou,Sangaré,M.Sangaré,a,,,5.7,118,77,15.5,26,10,9.0,10,5,4,1,-1,2,-2,630936,128114,1.6,3.2,9.0,9.0,9.0,12,6,,,41,19,36,29,59,34,33,26,,,,,,,,0.14,0.2,0.34,1.05,0.0,0.55,0.55,1.09,14.73,2,4,90.0,0.0,0.0,0.0,1.0,0.0,0.0,0.0,0.0,0.0,0.0,1.0,0.0,16.0,709175.0,132955.0,0.0,0.21000000000000002,0.02999999999999997,0.24,1.46,24.4,25.3,11.0,6.1,4.0,5.0,5.0,14.0
620,El Hadji Malick,Diouf,Diouf,a,,,4.5,557,151,0.1,431,153,0.0,495,187,0,0,0,0,0,9503,2969,0.0,0.0,1.8,1.8,0.0,495,187,,,477,188,478,189,422,179,487,188,,,,,,,,0.0,0.0,0.0,0.0,0.0,0.0,0.0,0.0,0.0,2,0,0.0,0.0,0.0,0.0,0.0,0.0,0.0,0.0,0.0,0.0,0.0,0.0,0.0,0.0,10103.0,3006.0,0.0,0.0,0.0,0.0,0.0,0.0,0.0,0.0,0.0,0.0,0.0,0.0,0.0
109,Bart,Verbruggen,Verbruggen,a,,,4.5,509,43,22.0,12,2,3.0,99,8,0,0,0,0,0,267375,153685,0.7,1.3,3.0,3.0,3.0,105,8,,,197,21,437,45,379,44,269,21,,,,,,,,0.0,0.0,0.0,1.61,0.5,0.5,2.0,1.0,0.0,2,0,90.0,0.0,0.0,0.0,4.0,0.0,0.0,0.0,0.0,0.0,1.0,1.0,0.0,-1.0,279990.0,162307.0,0.0,0.0,0.0,0.0,2.93,10.200000000000001,0.0,0.0,1.0,0.0,0.0,14.0,0.0
111,Jason,Steele,Steele,a,,,4.0,577,51,4.4,83,12,0.0,360,25,0,0,0,0,0,61247,33683,0.0,0.0,0.0,0.0,0.0,360,25,,,342,25,332,4,254,3,351,25,,,,,,,,0.0,0.0,0.0,0.0,0.0,0.0,0.0,0.0,0.0,2,0,0.0,0.0,0.0,0.0,0.0,0.0,0.0,0.0,0.0,0.0,0.0,0.0,0.0,0.0,62978.0,35992.0,0.0,0.0,0.0,0.0,0.0,0.0,0.0,0.0,0.0,0.0,0.0,0.0,0.0
113,Ferdi,Kadıoğlu,F.Kadıoğlu,a,,,4.4,571,156,2.0,130,54,0.0,416,158,0,-1,1,-1,1,12615,32333,0.0,0.0,0.0,0.0,0.0,416,158,100.0,100.0,302,114,138,42,158,53,222,86,3.0,,,,,,,0.02,0.01,0.03,2.93,0.0,0.0,4.0,1.0,0.0,2,0,90.0,0.0,0.0,0.0,4.0,0.0,0.0,0.0,0.0,0.0,0.0,1.0,0.0,-4.0,12969.0,37891.0,0.0,0.02,0.01,0.03,2.93,2.8,16.7,8.0,2.8,0.0,0.0,2.0,0.0
107,Kaye,Furo,Furo,a,,,4.5,549,74,1.1,182,27,0.0,489,51,0,0,0,0,0,27078,13682,0.0,0.0,0.0,0.0,0.0,489,51,,,471,44,472,49,416,46,481,49,,,,,,,,0.0,0.0,0.0,0.0,0.0,0.0,0.0,0.0,0.0,2,0,0.0,0.0,0.0,0.0,0.0,0.0,0.0,0.0,0.0,0.0,0.0,0.0,0.0,0.0,28265.0,14889.0,0.0,0.0,0.0,0.0,0.0,0.0,0.0,0.0,0.0,0.0,0.0,0.0,0.0
114,Olivier,Boscagli,Boscagli,a,,,4.5,460,101,0.3,298,110,2.5,124,44,-1,0,0,0,0,6248,3963,0.6,1.1,2.5,2.5,2.5,130,46,,,130,58,68,16,99,28,91,29,,,,,,,,0.02,0.08,0.1,1.61,0.0,0.5,2.0,1.0,4.5,2,-1,90.0,0.0,0.0,0.0,4.0,0.0,0.0,0.0,1.0,0.0,0.0,1.0,0.0,-2.0,7070.0,4252.0,0.0,0.05,0.10999999999999999,0.16,2.93,16.8,26.599999999999998,11.0,5.4,0.0,3.0,2.0,3.0
115,Maxim,De Cuyper,De Cuyper,a,,,4.7,421,79,18.6,17,5,8.5,13,6,0,1,-1,2,-2,858753,108889,1.8,3.6,8.5,8.5,8.5,15,7,,,60,23,14,1,35,4,19,1,2.0,4.0,,,,,,0.81,0.14,0.95,1.74,0.0,0.54,2.16,1.08,3.23,2,0,90.0,0.0,0.0,0.0,4.0,0.0,0.0,0.0,0.0,0.0,0.0,1.0,0.0,-2.0,926460.0,112707.0,0.0,0.030000000000000027,0.05000000000000002,0.08000000000000007,2.93,8.799999999999997,23.700000000000003,5.0,3.799999999999999,0.0,2.0,3.0,2.0
116,Lewis,Dunk,Dunk,a,,,4.5,429,82,1.3,161,65,2.5,121,41,-1,0,0,0,0,20151,13669,0.6,1.1,2.5,2.5,2.5,127,43,,,139,62,193,61,326,139,202,78,,3.0,,,,,,0.0,0.02,0.02,1.61,0.0,0.5,2.0,1.0,2.5,2,-1,90.0,0.0,0.0,0.0,4.0,0.0,0.0,0.0,1.0,0.0,0.0,1.0,0.0,-4.0,22360.0,14659.0,0.0,0.0,0.010000000000000002,0.010000000000000002,2.93,14.799999999999999,2.0,0.0,1.7000000000000002,1.0,2.0,4.0,3.0
117,Diego,Coppola,Coppola,a,,,4.5,531,142,0.0,565,192,0.0,476,182,0,0,0,0,0,260,295,0.0,0.0,0.0,0.0,0.0,476,182,,,457,183,459,184,401,173,467,183,,,,,,,,0.0,0.0,0.0,0.0,0.0,0.0,0.0,0.0,0.0,2,0,0.0,0.0,0.0,0.0,0.0,0.0,0.0,0.0,0.0,0.0,0.0,0.0,0.0,0.0,294.0,329.0,0.0,0.0,0.0,0.0,0.0,0.0,0.0,0.0,0.0,0.0,0.0,0.0,0.0
118,Igor Julio,dos Santos de Paulo,Igor,u,Has joined Burnley permanently,,4.5,468,107,0.1,473,168,0.0,439,166,0,0,0,0,0,444,1879,0.0,0.0,0.0,0.0,0.0,439,166,0.0,,420,167,416,167,352,151,430,167,,,,,,,,0.0,0.0,0.0,0.0,0.0,0.0,0.0,0.0,0.0,2,0,0.0,0.0,0.0,0.0,0.0,0.0,0.0,0.0,0.0,0.0,0.0,0.0,0.0,0.0,489.0,2011.0,0.0,0.0,0.0,0.0,0.0,0.0,0.0,0.0,0.0,0.0,0.0,0.0,0.0
119,João Pedro,Loureiro da Costa,Costinha,a,,,4.5,495,128,0.0,521,180,0.5,288,103,0,0,0,0,0,394,469,0.1,0.2,0.5,0.5,0.5,346,116,,,244,98,239,79,95,26,224,87,,,,,,,,0.3,0.0,0.3,0.35,0.0,0.0,0.0,0.0,10.0,2,0,10.0,0.0,0.0,0.0,0.0,0.0,0.0,0.0,1.0,0.0,0.0,0.0,0.0,-1.0,425.0,514.0,0.0,0.0,0.0,0.0,0.04000000000000001,0.0,0.30000000000000027,0.0,0.0,0.0,0.0,0.0,0.0
120,Michael,Svoboda,Svoboda,a,,,5.0,309,55,0.1,491,172,0.0,555,202,0,0,0,0,0,858,980,0.0,0.0,0.0,0.0,0.0,555,202,,,542,204,546,204,504,198,550,204,,,,,,,,0.0,0.0,0.0,0.0,0.0,0.0,0.0,0.0,0.0,2,0,0.0,0.0,0.0,0.0,0.0,0.0,0.0,0.0,0.0,0.0,0.0,0.0,0.0,0.0,897.0,1064.0,0.0,0.0,0.0,0.0,0.0,0.0,0.0,0.0,0.0,0.0,0.0,0.0,0.0
121,Mitoma,Kaoru,Mitoma,i,Hamstring injury - Unknown return date,,6.0,76,52,0.0,526,217,0.0,634,277,0,0,0,0,0,130,948,0.0,0.0,0.0,0.0,0.0,634,277,0.0,0.0,633,278,634,278,629,274,634,278,,,,,,,,0.0,0.0,0.0,0.0,0.0,0.0,0.0,0.0,0.0,2,0,0.0,0.0,0.0,0.0,0.0,0.0,0.0,0.0,0.0,0.0,0.0,0.0,0.0,0.0,140.0,1077.0,0.0,0.0,0.0,0.0,0.0,0.0,0.0,0.0,0.0,0.0,0.0,0.0,0.0
122,Yankuba,Minteh,Minteh,i,Leg injury - Expected back 28 Nov,,5.9,111,71,0.0,503,205,0.0,630,273,0,-1,1,-1,1,86,1924,0.0,0.0,0.0,0.0,0.0,630,273,0.0,0.0,628,273,628,273,623,269,629,273,5.0,,,,,,,0.0,0.0,0.0,0.0,0.0,0.0,0.0,0.0,0.0,2,0,0.0,0.0,0.0,0.0,0.0,0.0,0.0,0.0,0.0,0.0,0.0,0.0,0.0,0.0,93.0,2267.0,0.0,0.0,0.0,0.0,0.0,0.0,0.0,0.0,0.0,0.0,0.0,0.0,0.0
123,Jack,Hinshelwood,Hinshelwood,d,Unspecified injury - 50% chance of playing,,6.0,82,57,1.2,166,52,8.0,19,10,0,0,0,0,0,6608,98181,1.3,2.7,4.0,2.0,16.0,1,1,50.0,25.0,12,8,158,95,24,14,26,20,,,,,,,,2.01,0.03,2.04,0.27,0.0,1.43,0.0,1.43,4.29,2,0,0.0,0.0,0.0,0.0,0.0,0.0,0.0,0.0,0.0,0.0,0.0,0.0,0.0,0.0,9569.0,116526.0,0.0,0.0,0.0,0.0,0.0,0.0,0.0,0.0,0.0,0.0,0.0,0.0,0.0
124,Pascal,Groß,Groß,a,,,5.5,120,78,16.1,24,9,7.5,21,11,13,0,0,0,0,440694,105876,1.4,2.7,7.5,7.5,7.5,22,11,,,19,12,5,5,62,37,8,7,1.0,1.0,1.0,,,,,0.02,0.19,0.21,1.61,0.0,0.5,2.0,1.0,5.5,2,13,90.0,1.0,1.0,0.0,4.0,0.0,0.0,0.0,0.0,0.0,0.0,1.0,3.0,46.0,444784.0,125187.0,0.0,0.05,0.10999999999999999,0.15999999999999998,2.93,47.8,33.199999999999996,23.0,10.4,1.0,2.0,3.0,6.0
125,Georginio,Rutter,Georginio,d,Unspecified injury - 75% chance of playing,,5.5,168,41,0.7,225,38,2.5,134,15,0,0,0,0,0,4522,26259,0.5,0.9,1.9,1.9,5.0,60,4,75.0,75.0,177,14,176,19,116,22,183,20,,,,,,,,0.08,0.44,0.52,0.29,0.0,1.0,0.0,1.0,7.0,2,0,0.0,0.0,0.0,0.0,0.0,0.0,0.0,0.0,0.0,0.0,0.0,0.0,0.0,0.0,5504.0,30144.0,0.0,0.0,0.0,0.0,0.0,0.0,0.0,0.0,0.0,0.0,0.0,0.0,0.0
127,Diego,Gómez Amarilla,Gomez,a,,,5.0,347,204,5.0,73,23,5.5,49,23,5,0,0,0,0,174589,59066,1.1,2.2,5.5,5.5,5.5,52,25,,,106,39,41,33,6,3,20,15,,5.0,,,,,,0.29,0.33,0.62,1.66,0.0,0.51,2.06,1.03,5.66,2,5,90.0,0.0,1.0,0.0,4.0,0.0,0.0,0.0,0.0,0.0,0.0,1.0,0.0,15.0,180349.0,62113.0,0.0,0.38000000000000006,0.17000000000000004,0.5499999999999999,2.93,4.600000000000001,20.299999999999997,42.0,6.700000000000001,2.0,1.0,2.0,5.0
128,Facundo,Buonanotte,Buonanotte,u,Has joined Elche on loan for the rest of the season,,5.0,357,212,0.0,639,280,0.0,576,238,0,0,0,0,0,0,94,0.0,0.0,0.0,0.0,0.0,576,238,0.0,0.0,563,231,570,237,533,207,571,234,,,,,,,,0.0,0.0,0.0,0.0,0.0,0.0,0.0,0.0,0.0,2,0,0.0,0.0,0.0,0.0,0.0,0.0,0.0,0.0,0.0,0.0,0.0,0.0,0.0,0.0,0.0,111.0,0.0,0.0,0.0,0.0,0.0,0.0,0.0,0.0,0.0,0.0,0.0,0.0,0.0
129,Yasin,Ayari,Ayari,d,Ankle injury - 75% chance of playing,,5.4,229,143,0.4,272,90,1.0,250,118,0,-1,1,-1,1,1442,21158,0.2,0.4,0.8,1.0,2.0,171,82,75.0,,596,254,147,88,190,94,273,121,4.0,2.0,,,,,,0.16,0.04,0.2,0.27,0.0,1.43,0.0,1.43,5.71,2,0,0.0,0.0,0.0,0.0,0.0,0.0,0.0,0.0,0.0,0.0,0.0,0.0,0.0,0.0,1995.0,22522.0,0.0,0.0,0.0,0.0,0.0,0.0,0.0,0.0,0.0,0.0,0.0,0.0,0.0
130,Mats,Wieffer,Wieffer,i,Knee injury - Unknown return date,,5.0,317,58,0.5,262,97,3.5,92,36,0,0,0,0,0,12361,12652,0.7,1.4,0.0,3.5,3.5,98,36,0.0,,110,49,60,14,148,48,93,31,,,,,,,,0.07,0.08,0.15,1.83,0.0,0.58,2.31,1.15,8.65,2,0,79.0,0.0,0.0,0.0,4.0,0.0,0.0,0.0,0.0,0.0,0.0,1.0,0.0,6.0,13977.0,13158.0,0.0,0.03,0.08,0.10999999999999999,2.89,20.4,9.2,4.0,3.4000000000000004,0.0,7.0,4.0,7.0
132,Harry,Howell,Howell,u,Has joined Leicester City on loan for the rest of the season,,4.5,551,280,0.0,512,211,0.0,491,190,0,0,0,0,0,0,974,0.0,0.0,0.0,0.0,0.0,491,190,0.0,0.0,473,178,474,187,418,145,483,183,,,,,,,,0.0,0.0,0.0,0.0,0.0,0.0,0.0,0.0,0.0,2,0,0.0,0.0,0.0,0.0,0.0,0.0,0.0,0.0,0.0,0.0,0.0,0.0,0.0,0.0,0.0,1098.0,0.0,0.0,0.0,0.0,0.0,0.0,0.0,0.0,0.0,0.0,0.0,0.0,0.0
126,Matt,O'Riley,O'Riley,a,,,5.5,146,89,0.1,429,169,0.0,614,262,0,0,0,0,0,1037,1939,0.0,0.0,0.0,0.0,0.0,614,262,,,607,260,611,261,595,249,612,261,,,3.0,,,,,0.0,0.0,0.0,0.0,0.0,0.0,0.0,0.0,0.0,2,0,0.0,0.0,0.0,0.0,0.0,0.0,0.0,0.0,0.0,0.0,0.0,0.0,0.0,0.0,1125.0,2112.0,0.0,0.0,0.0,0.0,0.0,0.0,0.0,0.0,0.0,0.0,0.0,0.0,0.0
133,Tom,Watson,Watson,u,Has joined Leicester City on loan for the rest of the season,,5.0,362,217,0.0,648,286,0.0,579,241,0,0,0,0,0,0,46,0.0,0.0,0.0,0.0,0.0,579,241,0.0,0.0,566,234,573,240,537,211,574,237,,,,,,,,0.0,0.0,0.0,0.0,0.0,0.0,0.0,0.0,0.0,2,0,0.0,0.0,0.0,0.0,0.0,0.0,0.0,0.0,0.0,0.0,0.0,0.0,0.0,0.0,0.0,54.0,0.0,0.0,0.0,0.0,0.0,0.0,0.0,0.0,0.0,0.0,0.0,0.0,0.0
134,Nehemiah,Oriola,Oriola,a,,,4.5,535,274,0.3,305,104,0.0,479,185,0,0,0,0,0,3589,3738,0.0,0.0,0.0,0.0,0.0,479,185,,,460,173,462,182,404,140,470,178,,,,,,,,0.0,0.0,0.0,0.0,0.0,0.0,0.0,0.0,0.0,2,0,0.0,0.0,0.0,0.0,0.0,0.0,0.0,0.0,0.0,0.0,0.0,0.0,0.0,0.0,3800.0,4160.0,0.0,0.0,0.0,0.0,0.0,0.0,0.0,0.0,0.0,0.0,0.0,0.0,0.0
135,Zadok,Yohanna,Yohanna,a,,,5.0,391,237,0.1,486,195,0.5,325,152,0,0,0,0,0,514,1570,0.1,0.2,0.5,0.5,1.0,296,136,,,337,156,275,141,557,225,335,155,,,,,,,,0.0,0.22,0.22,0.0,0.0,0.0,0.0,0.0,0.0,2,0,0.0,0.0,0.0,0.0,0.0,0.0,0.0,0.0,0.0,0.0,0.0,0.0,0.0,0.0,552.0,1742.0,0.0,0.0,0.0,0.0,0.0,0.0,0.0,0.0,0.0,0.0,0.0,0.0,0.0
137,Stefanos,Tzimas,Tzimas,i,Knee injury - Unknown return date,,5.5,200,44,0.0,613,77,0.0,624,71,0,0,0,0,0,79,209,0.0,0.0,0.0,0.0,0.0,624,71,0.0,0.0,618,66,622,70,611,68,622,70,,,,,,,,0.0,0.0,0.0,0.0,0.0,0.0,0.0,0.0,0.0,2,0,0.0,0.0,0.0,0.0,0.0,0.0,0.0,0.0,0.0,0.0,0.0,0.0,0.0,0.0,86.0,238.0,0.0,0.0,0.0,0.0,0.0,0.0,0.0,0.0,0.0,0.0,0.0,0.0,0.0
138,Charalampos,Kostoulas,Kostoulas,a,,,5.5,202,45,0.5,252,41,3.0,114,14,5,0,0,0,0,29462,6068,0.5,1.1,3.0,3.0,3.0,119,18,,,276,25,145,14,71,16,184,21,,,,,,,,0.3,0.02,0.32,2.56,0.0,0.0,3.43,0.86,6.86,2,5,79.0,0.0,1.0,0.0,4.0,0.0,0.0,0.0,0.0,0.0,0.0,1.0,0.0,17.0,29864.0,6434.0,0.0,0.16999999999999998,0.02,0.19,2.89,5.0,15.1,17.0,3.6999999999999997,0.0,0.0,6.0,6.0
139,Evan,Ferguson,Ferguson,i,Ankle injury - Expected back 10 Oct,,5.0,326,57,0.0,531,70,0.0,561,59,0,0,0,0,0,543,715,0.0,0.0,0.0,0.0,0.0,561,59,0.0,0.0,548,52,554,57,514,54,556,57,,,,,,,,0.0,0.0,0.0,0.0,0.0,0.0,0.0,0.0,0.0,2,0,0.0,0.0,0.0,0.0,0.0,0.0,0.0,0.0,0.0,0.0,0.0,0.0,0.0,0.0,573.0,768.0,0.0,0.0,0.0,0.0,0.0,0.0,0.0,0.0,0.0,0.0,0.0,0.0,0.0
328,Pascal,Struijk,Struijk,a,,,5.0,285,49,0.2,340,125,0.0,543,199,0,0,0,0,0,1533,3657,0.0,0.0,0.0,0.0,0.0,543,199,100.0,100.0,531,202,532,202,486,195,538,202,,,,,,,,0.0,0.0,0.0,0.0,0.0,0.0,0.0,0.0,0.0,2,0,0.0,0.0,0.0,0.0,0.0,0.0,0.0,0.0,0.0,0.0,0.0,0.0,0.0,0.0,1637.0,4087.0,0.0,0.0,0.0,0.0,0.0,0.0,0.0,0.0,0.0,0.0,0.0,0.0,0.0
504,Luka,Vušković,Vuskovic,a,,,5.0,377,69,2.3,116,48,3.0,106,40,0,0,0,0,0,22534,32248,0.6,1.2,3.0,3.0,3.0,112,41,,,116,53,164,49,104,30,135,49,,,,,,,,0.08,0.02,0.1,1.61,0.0,0.5,2.0,1.0,6.0,2,0,90.0,0.0,0.0,0.0,4.0,0.0,0.0,0.0,0.0,0.0,0.0,1.0,0.0,-2.0,24492.0,34288.0,0.0,0.03,0.020000000000000004,0.04999999999999999,2.93,22.800000000000004,8.3,5.0,3.6,1.0,7.0,3.0,8.0
594,Promise,David,David,a,,,6.0,83,17,0.2,317,54,0.5,349,42,1,0,0,0,0,4420,5675,0.1,0.2,0.5,0.5,1.0,330,40,,,636,73,222,31,632,73,321,38,,,2.0,,,,,0.0,0.0,0.0,0.36,0.0,0.0,0.0,0.0,0.0,2,1,10.0,0.0,0.0,0.0,0.0,0.0,0.0,0.0,0.0,0.0,0.0,0.0,0.0,3.0,4658.0,6499.0,0.0,0.0,0.0,0.0,0.04,0.0,3.7,0.0,0.4,0.0,0.0,0.0,0.0
600,Ibrahim,Osman,Osman,a,,,5.0,378,229,0.0,572,236,1.0,244,113,1,0,0,0,0,310,281,0.2,0.4,1.0,1.0,1.0,292,132,,,251,110,139,84,189,93,219,97,,,,,,,,0.0,0.19,0.19,0.32,0.0,0.0,3.21,0.0,9.64,2,1,16.0,0.0,0.0,0.0,1.0,0.0,0.0,0.0,0.0,0.0,0.0,0.0,0.0,6.0,327.0,300.0,0.0,0.0,0.009999999999999995,0.009999999999999995,0.1,3.0,1.299999999999999,2.0,0.6000000000000001,1.0,0.0,0.0,1.0
605,Malick,Yalcouyé,Yalcouyé,a,,,4.5,555,281,2.4,115,34,4.5,64,31,8,0,0,0,0,206218,33232,1.0,2.0,4.5,4.5,4.5,68,33,,,50,26,112,68,41,25,48,34,,,,,,,,0.82,0.2,1.02,3.31,0.0,0.0,3.51,1.17,8.18,2,8,73.0,1.0,0.0,0.0,3.0,0.0,0.0,0.0,0.0,0.0,0.0,1.0,1.0,39.0,206851.0,33381.0,0.0,0.7,0.16,0.86,2.83,50.8,20.1,42.0,11.299999999999999,3.0,2.0,2.0,7.0
624,Amario,Cozier-Duberry,Cozier-Duberry,u,Has joined Middlesbrough on loan for the rest of the season,,5.0,351,208,0.0,650,288,0.0,573,235,0,0,0,0,0,117,56,0.0,0.0,0.0,1.5,0.0,573,235,0.0,,560,228,567,234,530,204,568,231,,,,,,,,0.0,0.0,0.0,0.0,0.0,0.0,0.0,0.0,0.0,2,0,0.0,0.0,0.0,0.0,0.0,0.0,0.0,0.0,0.0,0.0,0.0,0.0,0.0,0.0,117.0,56.0,0.0,0.0,0.0,0.0,0.0,0.0,0.0,0.0,0.0,0.0,0.0,0.0,0.0
639,José María,Andrés Baixauli,Andrés,a,,,5.5,199,124,0.0,630,274,0.0,623,270,0,0,0,0,0,257,41,0.0,0.0,2.0,2.0,0.0,623,270,,,617,269,621,270,610,262,621,269,,,,,,,,0.0,0.0,0.0,0.0,0.0,0.0,0.0,0.0,0.0,2,0,0.0,0.0,0.0,0.0,0.0,0.0,0.0,0.0,0.0,0.0,0.0,0.0,0.0,0.0,257.0,41.0,0.0,0.0,0.0,0.0,0.0,0.0,0.0,0.0,0.0,0.0,0.0,0.0,0.0
652,Femi,Azeez,Azeez,i,Unspecified injury - Expected back 13 Sep,,5.5,172,105,0.0,640,281,0.0,618,265,0,0,0,0,0,246,32,0.0,0.0,0.0,2.0,0.0,618,265,0.0,,611,263,615,264,603,256,616,264,,,,,,,,0.0,0.0,0.0,0.0,0.0,0.0,0.0,0.0,0.0,2,0,0.0,0.0,0.0,0.0,0.0,0.0,0.0,0.0,0.0,0.0,0.0,0.0,0.0,0.0,246.0,32.0,0.0,0.0,0.0,0.0,0.0,0.0,0.0,0.0,0.0,0.0,0.0,0.0,0.0
28,Emiliano,Martínez Romero,Martinez,a,,,5.0,244,7,4.4,82,11,1.0,233,19,2,0,0,0,0,68028,54899,0.2,0.4,1.0,1.0,2.0,159,13,,,113,12,126,1,462,55,151,8,,,,,,,,0.0,0.01,0.01,1.41,4.0,0.0,3.0,1.0,0.0,2,2,90.0,0.0,0.0,0.0,3.0,0.0,0.0,0.0,0.0,0.0,4.0,1.0,0.0,18.0,86673.0,71199.0,0.0,0.0,0.01,0.01,1.41,36.2,20.0,0.0,5.6,0.0,1.0,13.0,0.0
40,Morgan,Rogers,Rogers,a,,,7.5,18,11,23.8,11,5,6.5,32,19,5,0,0,0,0,210291,318596,0.9,1.7,6.5,6.5,6.5,34,20,,,9,6,2,2,31,20,5,4,4.0,,,,,,,0.58,0.58,1.16,1.39,0.0,0.0,2.63,1.05,6.32,2,5,90.0,0.0,1.0,0.0,3.0,0.0,0.0,0.0,0.0,0.0,0.0,1.0,0.0,28.0,253212.0,332505.0,0.0,0.14000000000000012,1.01,1.15,1.41,26.799999999999997,46.5,23.0,9.6,1.0,1.0,3.0,5.0
101,Jordan,Henderson,Henderson,d,Wrist injury - 75% chance of playing,,5.0,238,149,0.0,530,219,0.0,526,212,0,0,0,0,0,209,762,0.0,0.0,0.0,0.0,0.0,526,212,75.0,75.0,509,201,511,209,458,168,518,205,,,,,,,,0.0,0.0,0.0,0.0,0.0,0.0,0.0,0.0,0.0,2,0,0.0,0.0,0.0,0.0,0.0,0.0,0.0,0.0,0.0,0.0,0.0,0.0,0.0,0.0,220.0,838.0,0.0,0.0,0.0,0.0,0.0,0.0,0.0,0.0,0.0,0.0,0.0,0.0,0.0
136,Danny,Welbeck,Welbeck,a,,,5.9,89,21,0.8,212,35,0.0,627,73,0,-1,1,-1,1,7834,24270,0.0,0.0,0.0,0.0,0.0,627,73,100.0,100.0,621,68,625,72,615,70,625,72,,,,,,,,0.0,0.0,0.0,0.0,0.0,0.0,0.0,0.0,0.0,2,0,0.0,0.0,0.0,0.0,0.0,0.0,0.0,0.0,0.0,0.0,0.0,0.0,0.0,0.0,9197.0,26659.0,0.0,0.0,0.0,0.0,0.0,0.0,0.0,0.0,0.0,0.0,0.0,0.0,0.0
614,Jaouen,Hadjam,Hadjam,a,,,4.5,520,138,0.0,516,178,0.0,465,178,0,0,0,0,0,1789,484,0.0,0.0,1.8,1.8,0.0,465,178,,,446,179,448,180,390,169,456,179,,,,,,,,0.0,0.0,0.0,0.0,0.0,0.0,0.0,0.0,0.0,2,0,0.0,0.0,0.0,0.0,0.0,0.0,0.0,0.0,0.0,0.0,0.0,0.0,0.0,0.0,2080.0,508.0,0.0,0.0,0.0,0.0,0.0,0.0,0.0,0.0,0.0,0.0,0.0,0.0,0.0
140,Robert,Lynch Sánchez,Sánchez,u,Has joined Como on loan for the rest of the season,,4.9,398,20,1.3,163,25,1.0,230,18,0,-1,1,-1,1,1923,83772,0.2,0.4,0.0,1.0,2.0,157,12,0.0,,172,18,495,52,440,51,252,18,,,,,,,,0.0,0.01,0.01,1.33,4.0,0.0,2.0,1.0,0.0,2,0,0.0,0.0,0.0,0.0,0.0,0.0,0.0,0.0,0.0,0.0,0.0,0.0,0.0,0.0,2914.0,93009.0,0.0,0.0,0.0,0.0,0.0,0.0,0.0,0.0,0.0,0.0,0.0,0.0,0.0
141,Filip,Jörgensen,Jörgensen,u,Has joined RC Strasbourg on loan for the rest of the season,,5.0,345,19,0.0,599,70,0.0,572,71,0,0,0,0,0,0,269,0.0,0.0,0.0,0.0,0.0,572,71,0.0,0.0,559,71,566,67,528,67,567,71,,,,,,,,0.0,0.0,0.0,0.0,0.0,0.0,0.0,0.0,0.0,2,0,0.0,0.0,0.0,0.0,0.0,0.0,0.0,0.0,0.0,0.0,0.0,0.0,0.0,0.0,0.0,292.0,0.0,0.0,0.0,0.0,0.0,0.0,0.0,0.0,0.0,0.0,0.0,0.0,0.0
142,Reece,James,James,a,,,5.5,147,18,7.8,56,21,0.5,337,119,1,0,0,0,0,26933,209580,0.1,0.2,0.5,0.5,0.5,354,121,,,161,73,135,40,85,21,141,53,1.0,1.0,,,,,,0.08,0.06,0.14,1.18,0.0,0.0,2.41,0.8,4.82,2,1,22.0,0.0,0.0,0.0,1.0,0.0,0.0,0.0,0.0,0.0,0.0,0.0,0.0,-1.0,35657.0,222522.0,0.0,0.0,0.0,0.0,0.1399999999999999,0.40000000000000213,0.3999999999999986,2.0,0.2999999999999998,0.0,0.0,1.0,0.0
143,Trevoh,Chalobah,Chalobah,u,Has joined Como permanently,,5.5,132,14,0.1,433,154,0.0,611,212,0,0,0,0,0,0,3517,0.0,0.0,0.0,0.0,0.0,611,212,0.0,0.0,604,212,607,212,589,210,609,212,,,,,,,,0.0,0.0,0.0,0.0,0.0,0.0,0.0,0.0,0.0,2,0,0.0,0.0,0.0,0.0,0.0,0.0,0.0,0.0,0.0,0.0,0.0,0.0,0.0,0.0,0.0,4134.0,0.0,0.0,0.0,0.0,0.0,0.0,0.0,0.0,0.0,0.0,0.0,0.0,0.0
144,Malo,Gusto,Gusto,a,,,5.0,322,59,1.1,181,71,1.0,240,85,1,0,0,0,0,9888,21396,0.2,0.4,1.0,1.0,1.0,280,107,,,207,88,183,59,187,65,213,83,,,,,,,,0.0,0.02,0.02,1.37,0.0,0.0,2.73,1.09,4.36,2,1,90.0,0.0,0.0,0.0,3.0,0.0,0.0,0.0,0.0,0.0,0.0,1.0,0.0,-1.0,11974.0,22970.0,0.0,0.0,0.010000000000000002,0.010000000000000002,1.41,7.8,0.6999999999999993,0.0,0.9000000000000004,1.0,4.0,3.0,5.0
145,Wesley,Fofana,Fofana,a,,,5.0,304,54,0.1,467,165,0.0,551,201,0,0,0,0,0,2571,1224,0.0,0.0,0.0,0.0,0.0,551,201,100.0,100.0,179,78,285,104,499,197,258,95,,,,,,,,0.0,0.01,0.01,1.69,0.0,0.0,2.69,1.34,12.09,2,0,67.0,0.0,0.0,0.0,2.0,0.0,0.0,0.0,1.0,0.0,0.0,1.0,0.0,-2.0,2708.0,1257.0,0.0,0.0,0.01,0.01,1.26,19.4,0.9,0.0,2.0,0.0,9.0,0.0,9.0
146,Benoît,Badiashile Mukinayi,B.Badiashile,u,Has joined Napoli on loan for the rest of the season,,4.5,479,115,0.0,586,198,0.0,443,168,0,0,0,0,0,0,717,0.0,0.0,0.0,0.0,0.0,443,168,0.0,0.0,424,169,421,169,358,154,434,169,,,,,,,,0.0,0.0,0.0,0.0,0.0,0.0,0.0,0.0,0.0,2,0,0.0,0.0,0.0,0.0,0.0,0.0,0.0,0.0,0.0,0.0,0.0,0.0,0.0,0.0,0.0,830.0,0.0,0.0,0.0,0.0,0.0,0.0,0.0,0.0,0.0,0.0,0.0,0.0,0.0
148,Jorrel,Hato,Hato,a,,,4.5,532,143,0.6,236,86,2.5,126,45,4,0,0,0,0,22388,10359,0.6,1.1,2.5,2.5,2.5,132,47,,,98,45,72,20,137,45,92,30,,,,,,,,0.01,0.05,0.06,1.44,0.0,0.0,2.92,1.17,5.26,2,4,90.0,0.0,1.0,0.0,3.0,0.0,0.0,0.0,0.0,0.0,0.0,1.0,0.0,12.0,23083.0,11006.0,0.0,0.0,0.06,0.060000000000000005,1.41,30.0,20.7,0.0,5.1000000000000005,2.0,4.0,3.0,6.0
149,Levi,Samuels Colwill,Colwill,a,,,5.0,310,56,1.2,170,67,0.5,310,115,1,0,0,0,0,7679,33306,0.1,0.2,0.5,0.5,0.5,349,118,,,180,79,248,84,170,59,220,85,,,,,,,,0.01,0.02,0.03,1.48,0.0,0.0,2.24,1.12,7.27,2,1,71.0,0.0,0.0,0.0,2.0,0.0,0.0,0.0,0.0,0.0,0.0,1.0,0.0,2.0,8883.0,36211.0,0.0,0.0,0.0,0.0,1.31,13.2,0.3999999999999999,0.0,1.4,1.0,8.0,2.0,9.0
150,Mamadou,Sarr,M.Sarr,u,Has joined Real Sociedad on loan for the rest of the season,,4.5,541,145,0.0,506,176,0.0,484,184,0,0,0,0,0,24,3340,0.0,0.0,0.0,0.0,0.0,484,184,0.0,,466,185,467,186,410,175,476,185,,,,,,,,0.0,0.0,0.0,0.0,0.0,0.0,0.0,0.0,0.0,2,0,0.0,0.0,0.0,0.0,0.0,0.0,0.0,0.0,0.0,0.0,0.0,0.0,0.0,0.0,45.0,3446.0,0.0,0.0,0.0,0.0,0.0,0.0,0.0,0.0,0.0,0.0,0.0,0.0,0.0
151,Josh,Acheampong,Acheampong,a,,,4.5,544,147,0.4,278,102,2.0,148,53,1,0,0,0,0,4776,6738,0.4,0.9,2.0,2.0,2.0,154,55,,,96,44,237,77,223,84,187,70,,,,,,,,0.0,0.01,0.01,1.18,0.0,0.0,2.41,0.8,14.46,2,1,22.0,0.0,0.0,0.0,1.0,0.0,0.0,0.0,0.0,0.0,0.0,0.0,0.0,-1.0,6829.0,7295.0,0.0,0.0,0.0,0.0,0.1399999999999999,6.199999999999996,0.09999999999999964,0.0,0.5999999999999996,1.0,2.0,0.0,3.0
152,Marco,Palestra,Palestra,d,Unspecified injury - 75% chance of playing,,5.4,236,34,1.2,173,68,0.0,609,211,0,-1,1,-1,1,815,79120,0.0,0.0,0.0,0.0,0.0,609,211,75.0,75.0,601,211,603,211,582,209,607,211,,,,,,,,0.0,0.0,0.0,0.0,0.0,0.0,0.0,0.0,0.0,2,0,0.0,0.0,0.0,0.0,0.0,0.0,0.0,0.0,0.0,0.0,0.0,0.0,0.0,0.0,917.0,99511.0,0.0,0.0,0.0,0.0,0.0,0.0,0.0,0.0,0.0,0.0,0.0,0.0,0.0
156,Pedro,Lomba Neto,Neto,a,,,6.5,37,25,1.3,165,51,4.0,86,38,7,0,0,0,0,21789,19447,0.6,1.2,4.0,4.0,4.0,92,40,,,53,27,83,51,43,26,42,31,2.0,4.0,,,,,,0.49,0.44,0.93,1.64,0.0,0.0,2.22,1.11,8.89,2,7,67.0,1.0,0.0,0.0,2.0,0.0,0.0,0.0,0.0,0.0,0.0,1.0,0.0,32.0,22253.0,24097.0,0.0,0.41000000000000003,0.33,0.74,1.26,45.199999999999996,25.6,38.0,10.899999999999999,0.0,3.0,1.0,4.0
157,Estêvão,Almeida de Oliveira Gonçalves,Estêvão,a,,,6.4,53,37,0.8,211,67,0.5,353,166,0,-1,1,-1,1,3475,34587,0.1,0.2,0.5,0.5,1.0,335,161,,,339,158,312,157,640,281,348,163,5.0,,3.0,,,,,0.0,0.0,0.0,1.16,0.0,0.0,0.0,0.0,12.86,2,0,0.0,0.0,0.0,0.0,0.0,0.0,0.0,0.0,0.0,0.0,0.0,0.0,0.0,0.0,4138.0,38076.0,0.0,0.0,0.0,0.0,0.0,0.0,0.0,0.0,0.0,0.0,0.0,0.0,0.0
158,Jamie,Bynoe-Gittens,Gittens,a,,,5.9,102,66,0.0,538,222,0.0,629,272,0,-1,1,-1,1,256,965,0.0,0.0,0.0,0.0,0.0,629,272,,,627,272,627,272,621,267,628,272,,,,,,,,0.0,0.0,0.0,0.0,0.0,0.0,0.0,0.0,0.0,2,0,0.0,0.0,0.0,0.0,0.0,0.0,0.0,0.0,0.0,0.0,0.0,0.0,0.0,0.0,284.0,1082.0,0.0,0.0,0.0,0.0,0.0,0.0,0.0,0.0,0.0,0.0,0.0,0.0,0.0
159,Moisés,Caicedo Corozo,Caicedo,d,Unspecified injury - 75% chance of playing,,5.4,225,139,1.9,132,41,0.5,330,154,1,-1,1,-1,1,3218,91621,0.1,0.2,0.4,0.4,1.0,304,141,75.0,75.0,592,250,329,167,574,236,599,252,,,,,,,,0.0,0.0,0.0,0.48,0.0,0.0,0.0,0.0,0.0,2,1,13.0,0.0,0.0,0.0,0.0,0.0,0.0,0.0,0.0,0.0,0.0,0.0,0.0,3.0,3385.0,109006.0,0.0,0.0,0.0,0.0,0.07,0.0,0.1,0.0,0.0,0.0,0.0,0.0,0.0
161,Roméo,Lavia,Lavia,a,,,5.0,348,205,0.2,341,124,4.0,83,36,7,0,0,0,0,13632,3735,0.8,1.6,4.0,4.0,4.0,86,38,,,48,24,114,70,15,9,28,22,,,,,,,,0.52,0.02,0.54,1.59,0.0,0.0,2.75,1.37,10.99,2,7,67.0,1.0,0.0,0.0,2.0,0.0,0.0,0.0,0.0,0.0,0.0,1.0,0.0,32.0,13840.0,3851.0,0.0,0.54,0.0,0.54,1.26,39.0,0.8000000000000007,33.0,7.299999999999999,1.0,3.0,3.0,7.0
154,Cole,Palmer,Palmer,a,,,9.6,3,2,18.3,20,8,10.0,8,4,7,1,-1,1,-1,384008,190457,1.0,2.1,10.0,10.0,10.0,9,5,100.0,100.0,3,3,15,14,9,5,3,3,,3.0,1.0,,,,,0.49,0.17,0.66,1.39,0.0,0.0,2.62,1.05,8.9,2,7,90.0,1.0,0.0,0.0,3.0,0.0,0.0,0.0,0.0,0.0,0.0,1.0,0.0,28.0,462591.0,194788.0,0.0,0.6599999999999999,0.13,0.79,1.41,40.8,25.299999999999997,26.0,9.2,2.0,2.0,4.0,8.0
163,Dário,Luís Essugo,D.Essugo,u,Has joined RC Strasbourg on loan for the rest of the season,,4.5,511,267,0.2,361,133,0.0,456,178,0,0,0,0,0,1446,4550,0.0,0.0,0.0,0.0,0.0,456,178,0.0,,437,166,439,175,381,133,447,171,,,,,,,,0.0,0.0,0.0,0.0,0.0,0.0,0.0,0.0,0.0,2,0,0.0,0.0,0.0,0.0,0.0,0.0,0.0,0.0,0.0,0.0,0.0,0.0,0.0,0.0,1555.0,4927.0,0.0,0.0,0.0,0.0,0.0,0.0,0.0,0.0,0.0,0.0,0.0,0.0,0.0
164,Geovany,Quenda,Quenda,a,,,5.4,234,147,0.0,522,216,0.5,333,157,0,-1,1,-1,1,290,1190,0.1,0.2,0.5,0.5,1.0,308,145,100.0,100.0,325,147,317,161,238,114,319,146,,,,,,,,0.0,0.0,0.0,1.01,0.0,0.0,0.0,0.0,11.25,2,0,0.0,0.0,0.0,0.0,0.0,0.0,0.0,0.0,0.0,0.0,0.0,0.0,0.0,0.0,313.0,1315.0,0.0,0.0,0.0,0.0,0.0,0.0,0.0,0.0,0.0,0.0,0.0,0.0,0.0
165,João Pedro,Junqueira de Jesus,João Pedro,a,,,7.7,15,5,68.9,2,2,10.0,6,1,9,1,-1,2,-2,443829,187692,1.3,2.6,10.0,10.0,10.0,7,1,,,4,1,40,1,7,4,4,1,,,,,,,,0.93,0.05,0.98,1.37,0.0,0.0,2.5,1.0,3.0,2,9,90.0,1.0,1.0,0.0,3.0,1.0,0.0,0.0,0.0,0.0,0.0,1.0,2.0,44.0,517786.0,191526.0,0.0,1.23,0.04000000000000001,1.27,1.4100000000000001,52.8,22.5,46.0,12.1,1.0,0.0,2.0,3.0
168,Marc,Guiu Paz,Marc Guiu,u,Has joined RB Leipzig permanently,,5.0,339,58,0.3,289,49,0.0,569,60,0,0,0,0,0,1924,12705,0.0,0.0,0.0,0.0,0.0,569,60,0.0,,556,53,563,58,525,55,564,58,,,,,,,,0.0,0.0,0.0,0.0,0.0,0.0,0.0,0.0,0.0,2,0,0.0,0.0,0.0,0.0,0.0,0.0,0.0,0.0,0.0,0.0,0.0,0.0,0.0,0.0,2130.0,13612.0,0.0,0.0,0.0,0.0,0.0,0.0,0.0,0.0,0.0,0.0,0.0,0.0,0.0
169,Shumaira,Mheuka,Mheuka,a,,,4.5,538,73,0.4,269,47,0.0,481,50,0,0,0,0,0,8392,5735,0.0,0.0,0.0,0.0,0.0,481,50,,,463,43,464,48,407,45,473,48,,,,,,,,0.0,0.0,0.0,0.0,0.0,0.0,0.0,0.0,0.0,2,0,0.0,0.0,0.0,0.0,0.0,0.0,0.0,0.0,0.0,0.0,0.0,0.0,0.0,0.0,8727.0,6242.0,0.0,0.0,0.0,0.0,0.0,0.0,0.0,0.0,0.0,0.0,0.0,0.0,0.0
170,Emmanuel,Emegha,Emegha,a,,,5.0,344,59,0.2,370,55,0.0,571,61,0,0,0,0,0,2689,3228,0.0,0.0,0.0,0.0,0.0,571,61,100.0,100.0,558,54,565,59,527,56,566,59,,,,,,,,0.0,0.0,0.0,0.0,0.0,0.0,0.0,0.0,0.0,2,0,0.0,0.0,0.0,0.0,0.0,0.0,0.0,0.0,0.0,0.0,0.0,0.0,0.0,0.0,2812.0,3535.0,0.0,0.0,0.0,0.0,0.0,0.0,0.0,0.0,0.0,0.0,0.0,0.0,0.0
200,Maxence,Lacroix,Lacroix,a,,,6.0,71,7,8.1,53,20,3.5,96,37,1,0,0,0,0,32790,149212,0.6,1.2,3.5,3.5,3.5,101,37,,,38,13,177,56,162,55,110,38,,,,,,,,0.01,0.1,0.11,1.37,0.0,0.0,2.5,1.0,10.5,2,1,90.0,0.0,0.0,0.0,3.0,0.0,0.0,0.0,0.0,0.0,0.0,1.0,0.0,-3.0,42305.0,156326.0,0.0,0.02,0.0,0.01999999999999999,1.4100000000000001,13.0,0.10000000000000142,6.0,1.8999999999999995,1.0,8.0,1.0,9.0
560,Mike,Penders,Penders,a,,,4.5,530,47,0.1,477,54,0.0,475,63,0,0,0,0,0,363,1128,0.0,0.0,0.0,0.0,0.0,475,63,,,456,63,458,49,400,48,466,63,,,,,,,,0.0,0.0,0.0,0.0,0.0,0.0,0.0,0.0,0.0,2,0,0.0,0.0,0.0,0.0,0.0,0.0,0.0,0.0,0.0,0.0,0.0,0.0,0.0,0.0,424.0,1233.0,0.0,0.0,0.0,0.0,0.0,0.0,0.0,0.0,0.0,0.0,0.0,0.0,0.0
561,Aaron,Anselmino,Anselmino,a,,,4.5,561,153,0.0,568,193,0.0,497,188,0,0,0,0,0,223,271,0.0,0.0,0.0,0.0,0.0,497,188,100.0,100.0,480,189,480,190,425,181,489,189,,,,,,,,0.0,0.0,0.0,0.0,0.0,0.0,0.0,0.0,0.0,2,0,0.0,0.0,0.0,0.0,0.0,0.0,0.0,0.0,0.0,0.0,0.0,0.0,0.0,0.0,237.0,291.0,0.0,0.0,0.0,0.0,0.0,0.0,0.0,0.0,0.0,0.0,0.0,0.0,0.0
568,Valentín,Barco,Barco,a,,,5.5,186,116,0.1,398,151,0.5,341,159,1,0,0,0,0,1051,2061,0.1,0.2,0.5,0.5,1.0,319,150,,,614,266,618,267,204,98,336,156,,,,,,,,0.45,0.0,0.45,0.79,0.0,0.0,11.25,0.0,11.25,2,1,8.0,0.0,0.0,0.0,1.0,0.0,0.0,0.0,0.0,0.0,0.0,0.0,0.0,1.0,1241.0,2340.0,0.0,0.04,0.0,0.04,0.07,0.0,0.0,4.0,0.2,0.0,1.0,0.0,1.0
583,Pep,Chavarría,Chavarria,a,,,5.0,338,65,0.2,356,132,1.0,242,86,1,0,0,0,0,664,4049,0.2,0.4,1.0,1.0,1.0,284,108,,,239,97,307,115,233,87,287,104,,,,,,,,0.0,0.04,0.04,0.77,0.0,0.0,2.09,0.0,8.37,2,1,18.0,0.0,0.0,0.0,1.0,0.0,0.0,0.0,0.0,0.0,0.0,0.0,0.0,1.0,842.0,4576.0,0.0,0.0,0.02,0.02,0.08999999999999997,6.4,0.3,0.0,0.7,1.0,2.0,1.0,3.0
91,Ethan,Pinnock,Pinnock,a,,,4.5,474,112,0.1,469,166,0.5,285,100,1,0,0,0,0,503,1303,0.1,0.2,0.5,0.5,1.0,245,89,,,291,108,295,108,354,152,310,111,,,,,,,,0.0,0.0,0.0,4.05,0.0,0.0,7.5,0.0,15.0,2,1,12.0,0.0,0.0,0.0,1.0,0.0,0.0,0.0,0.0,0.0,0.0,0.0,0.0,-1.0,682.0,1455.0,0.0,0.0,0.0,0.0,0.54,3.8,0.7,0.0,0.5,0.0,2.0,0.0,2.0
104,Frank,Onyeka,Onyeka,a,,,5.0,299,180,0.1,406,156,1.0,237,109,0,0,0,0,0,375,4171,0.2,0.4,1.0,1.0,2.0,164,77,,,296,134,264,138,495,187,311,142,,,,,,,,0.0,0.01,0.01,1.88,0.0,0.0,3.0,1.0,9.0,2,0,0.0,0.0,0.0,0.0,0.0,0.0,0.0,0.0,0.0,0.0,0.0,0.0,0.0,0.0,1115.0,4479.0,0.0,0.0,0.0,0.0,0.0,0.0,0.0,0.0,0.0,0.0,0.0,0.0,0.0
110,Carl,Rushworth,Rushworth,a,,,4.5,503,41,0.9,200,31,1.5,181,12,2,0,0,0,0,2906,18712,0.3,0.7,1.5,1.5,1.5,195,15,,,153,17,434,43,376,42,231,17,,,,,,,,0.0,0.0,0.0,1.3,1.5,0.0,2.0,1.0,0.0,2,2,90.0,0.0,0.0,0.0,1.0,0.0,0.0,0.0,0.0,0.0,1.0,1.0,0.0,10.0,7899.0,19634.0,0.0,0.0,0.0,0.0,0.7200000000000002,10.600000000000001,0.0,0.0,1.1,0.0,1.0,13.0,0.0
171,Oliver,Dovin,Dovin,u,Has joined Leyton Orient on loan for the rest of the season,,4.0,621,68,1.4,158,23,0.0,389,42,0,0,0,0,0,6290,18110,0.0,0.0,0.0,0.0,0.0,389,42,0.0,,371,42,363,21,288,20,381,42,,,,,,,,0.0,0.0,0.0,0.0,0.0,0.0,0.0,0.0,0.0,2,0,0.0,0.0,0.0,0.0,0.0,0.0,0.0,0.0,0.0,0.0,0.0,0.0,0.0,0.0,6870.0,19264.0,0.0,0.0,0.0,0.0,0.0,0.0,0.0,0.0,0.0,0.0,0.0,0.0,0.0
172,Ben,Wilson,Wilson,a,,,4.5,438,29,0.4,274,36,0.0,424,50,0,0,0,0,0,261,4179,0.0,0.0,0.0,0.0,0.0,424,50,,,405,50,399,31,333,30,415,50,,,,,,,,0.0,0.0,0.0,0.0,0.0,0.0,0.0,0.0,0.0,2,0,0.0,0.0,0.0,0.0,0.0,0.0,0.0,0.0,0.0,0.0,0.0,0.0,0.0,0.0,299.0,4781.0,0.0,0.0,0.0,0.0,0.0,0.0,0.0,0.0,0.0,0.0,0.0,0.0,0.0
173,Bobby,Thomas,Thomas,a,,,4.0,617,184,8.5,50,18,5.5,46,18,8,0,0,0,0,113258,68916,1.4,2.8,5.5,5.5,5.5,49,19,,,89,40,172,53,248,91,159,59,,,,,,,,0.01,0.01,0.02,1.11,0.0,0.54,1.62,1.08,10.24,2,8,77.0,0.0,0.0,1.0,0.0,0.0,0.0,0.0,0.0,0.0,0.0,1.0,2.0,28.0,121729.0,72834.0,0.0,0.0,0.01,0.010000000000000002,0.18000000000000016,17.000000000000004,0.7000000000000011,0.0,1.7999999999999998,0.0,9.0,6.0,9.0
174,Liam,Kitching,Kitching,u,Has joined Sheffield United on loan for the rest of the season,,4.0,610,179,0.5,251,96,0.0,382,131,0,0,0,0,0,461,10301,0.0,0.0,0.0,0.0,0.0,382,131,0.0,,364,133,356,131,280,104,374,133,,,,,,,,0.0,0.0,0.0,0.0,0.0,0.0,0.0,0.0,0.0,2,0,0.0,0.0,0.0,0.0,0.0,0.0,0.0,0.0,0.0,0.0,0.0,0.0,0.0,0.0,542.0,11136.0,0.0,0.0,0.0,0.0,0.0,0.0,0.0,0.0,0.0,0.0,0.0,0.0,0.0
175,Milan,van Ewijk,van Ewijk,a,,,4.0,615,182,11.6,33,11,1.5,177,59,2,0,0,0,0,41428,120714,0.4,0.8,1.5,1.5,1.5,192,61,,,148,66,58,13,157,52,123,44,,,,,,,,0.0,0.1,0.1,1.3,0.0,0.0,2.0,1.0,4.5,2,2,90.0,0.0,0.0,0.0,1.0,0.0,0.0,0.0,0.0,0.0,0.0,1.0,0.0,15.0,48163.0,127207.0,0.0,0.0,0.19,0.19,0.7200000000000002,15.4,33.9,6.0,5.5,1.0,1.0,3.0,2.0
176,Jay,Dasilva,Dasilva,a,,,4.0,595,167,0.8,221,83,1.5,176,58,2,0,0,0,0,2645,7121,0.4,0.8,1.5,1.5,1.5,191,60,,,136,61,178,57,98,27,148,56,,,,,,,,0.09,0.04,0.13,1.3,0.0,0.0,2.0,1.0,4.5,2,2,90.0,0.0,0.0,0.0,1.0,0.0,0.0,0.0,0.0,0.0,0.0,1.0,0.0,15.0,3444.0,7870.0,0.0,0.18,0.05,0.23,0.7200000000000002,15.2,7.3,17.0,4.0,2.0,1.0,3.0,3.0
177,Kaine,Kesler-Hayden,Kesler-Hayden,i,Hamstring injury - Unknown return date,,4.0,619,185,0.0,501,174,0.0,387,133,0,0,0,0,0,129,1257,0.0,0.0,0.0,0.0,0.0,387,133,0.0,0.0,369,135,361,133,286,107,379,135,,,,,,,,0.0,0.0,0.0,0.0,0.0,0.0,0.0,0.0,0.0,2,0,0.0,0.0,0.0,0.0,0.0,0.0,0.0,0.0,0.0,0.0,0.0,0.0,0.0,0.0,147.0,1486.0,0.0,0.0,0.0,0.0,0.0,0.0,0.0,0.0,0.0,0.0,0.0,0.0,0.0
178,Jake,Bidwell,Bidwell,a,,,4.0,581,160,0.1,447,158,0.0,364,123,0,0,0,0,0,658,970,0.0,0.0,0.0,0.0,0.0,364,123,,,346,125,336,121,258,92,355,124,,,,,,,,0.0,0.0,0.0,0.0,0.0,0.0,0.0,0.0,0.0,2,0,0.0,0.0,0.0,0.0,0.0,0.0,0.0,0.0,0.0,0.0,0.0,0.0,0.0,0.0,711.0,1083.0,0.0,0.0,0.0,0.0,0.0,0.0,0.0,0.0,0.0,0.0,0.0,0.0,0.0
180,Luke,Woolfenden,Woolfenden,i,Knee injury - Unknown return date,,4.0,604,175,0.1,377,140,0.0,378,129,0,0,0,0,0,657,3167,0.0,0.0,0.0,0.0,0.0,378,129,0.0,0.0,360,131,352,129,276,102,370,131,,,,,,,,0.0,0.0,0.0,0.0,0.0,0.0,0.0,0.0,0.0,2,0,0.0,0.0,0.0,0.0,0.0,0.0,0.0,0.0,0.0,0.0,0.0,0.0,0.0,0.0,721.0,3732.0,0.0,0.0,0.0,0.0,0.0,0.0,0.0,0.0,0.0,0.0,0.0,0.0,0.0
181,Miguel,Brau,Brau,u,Has joined Academico de Viseu on loan for the rest of the season,,4.0,641,204,0.0,536,184,0.0,406,149,0,0,0,0,0,19,969,0.0,0.0,0.0,0.0,0.0,406,149,0.0,,388,151,380,149,307,125,398,151,,,,,,,,0.0,0.0,0.0,0.0,0.0,0.0,0.0,0.0,0.0,2,0,0.0,0.0,0.0,0.0,0.0,0.0,0.0,0.0,0.0,0.0,0.0,0.0,0.0,0.0,60.0,1018.0,0.0,0.0,0.0,0.0,0.0,0.0,0.0,0.0,0.0,0.0,0.0,0.0,0.0
182,Aurèle,Amenda,Amenda,a,,,4.0,631,194,0.8,218,81,1.0,211,69,1,0,0,0,0,3097,8026,0.2,0.5,1.0,1.0,1.0,228,73,,,90,41,229,72,192,66,173,64,,,,,,,,0.01,0.02,0.03,1.3,0.0,0.0,2.0,1.0,6.5,2,1,90.0,0.0,0.0,0.0,1.0,0.0,0.0,0.0,1.0,0.0,0.0,1.0,0.0,4.0,3829.0,8803.0,0.0,0.02,0.04,0.060000000000000005,0.7200000000000002,11.400000000000002,2.0999999999999996,5.0,1.9000000000000004,0.0,4.0,1.0,4.0
183,Jack,Rudoni,Rudoni,a,,,5.0,321,190,0.1,410,160,2.0,154,75,3,0,0,0,0,704,2541,0.4,0.8,2.0,2.0,2.0,166,78,100.0,100.0,223,92,76,49,83,46,133,68,4.0,1.0,,,,,,0.21,0.09,0.3,0.31,0.0,1.0,0.0,1.0,11.0,2,3,70.0,0.0,0.0,1.0,0.0,0.0,0.0,0.0,0.0,0.0,0.0,1.0,0.0,12.0,1131.0,2785.0,0.0,0.06,0.09,0.15,0.020000000000000018,6.800000000000001,27.7,4.0,3.9,1.0,1.0,4.0,6.0
184,Matt,Grimes,Grimes,a,,,5.0,256,158,0.2,362,134,2.0,151,72,2,0,0,0,0,478,3882,0.4,0.8,2.0,2.0,2.0,160,74,,,144,52,107,64,226,108,157,74,1.0,,3.0,,,,,0.0,0.02,0.02,1.3,0.0,0.0,2.0,1.0,8.5,2,2,90.0,0.0,0.0,0.0,1.0,0.0,0.0,0.0,0.0,0.0,0.0,1.0,0.0,14.0,1142.0,4180.0,0.0,0.01,0.04,0.049999999999999996,0.7200000000000002,14.200000000000001,20.900000000000002,2.0,3.7,0.0,1.0,9.0,10.0
185,Tatsuhiro,Sakamoto,Sakamoto,a,,,4.9,411,250,0.1,450,178,0.5,295,131,1,-1,1,-1,1,400,1732,0.1,0.2,0.5,0.5,1.0,261,110,,,259,116,202,111,166,80,261,117,,,,,,,,0.06,0.06,0.12,2.0,0.0,0.0,2.9,0.0,11.61,2,1,31.0,0.0,0.0,0.0,1.0,0.0,0.0,0.0,0.0,0.0,0.0,0.0,0.0,8.0,424.0,1990.0,0.0,0.02,0.02,0.04,0.69,6.2,5.9,7.0,1.9,2.0,0.0,2.0,4.0
186,Ephron,Mason-Clark,Mason-Clark,a,,,5.4,212,133,0.1,428,168,0.5,326,153,1,-1,1,-1,1,226,2065,0.1,0.2,0.5,0.5,1.0,299,139,100.0,100.0,283,130,143,85,564,231,259,116,,,,,,,,0.0,0.09,0.09,0.03,0.0,0.0,0.0,1.58,6.32,2,1,57.0,0.0,0.0,0.0,0.0,0.0,0.0,0.0,0.0,0.0,0.0,1.0,0.0,4.0,372.0,2337.0,0.0,0.0,0.06,0.06,0.02,4.2,16.0,0.0,2.0,0.0,2.0,2.0,4.0
187,Josh,Eccles,Eccles,a,,,4.9,404,247,0.0,579,240,0.0,515,205,0,-1,1,-1,1,434,403,0.0,0.0,0.0,0.0,0.0,515,205,,,498,194,500,202,446,161,507,198,,,,,,,,0.0,0.0,0.0,0.0,0.0,0.0,0.0,0.0,0.0,2,0,0.0,0.0,0.0,0.0,0.0,0.0,0.0,0.0,0.0,0.0,0.0,0.0,0.0,0.0,440.0,474.0,0.0,0.0,0.0,0.0,0.0,0.0,0.0,0.0,0.0,0.0,0.0,0.0,0.0
188,Victor,Torp,Torp,a,,,5.4,210,131,0.1,400,153,1.0,247,116,1,-1,1,-1,1,99,2956,0.2,0.4,1.0,1.0,1.0,298,138,,,255,113,128,77,563,230,229,102,2.0,2.0,2.0,,,,,0.0,0.23,0.23,1.93,0.0,0.0,1.91,0.0,5.74,2,1,19.0,0.0,0.0,0.0,1.0,0.0,0.0,0.0,0.0,0.0,0.0,0.0,0.0,2.0,282.0,3266.0,0.0,0.0,0.009999999999999995,0.009999999999999995,0.69,0.0,3.6000000000000014,0.0,0.30000000000000027,0.0,0.0,2.0,2.0
189,George,Shepherd,Shepherd,a,,,4.5,568,288,0.3,309,108,0.0,504,196,0,0,0,0,0,1689,3709,0.0,0.0,0.0,0.0,0.0,504,196,,,487,185,487,193,432,151,496,189,,,,,,,,0.0,0.0,0.0,0.0,0.0,0.0,0.0,0.0,0.0,2,0,0.0,0.0,0.0,0.0,0.0,0.0,0.0,0.0,0.0,0.0,0.0,0.0,0.0,0.0,1812.0,4185.0,0.0,0.0,0.0,0.0,0.0,0.0,0.0,0.0,0.0,0.0,0.0,0.0,0.0
190,Loum,Tchaouna,Tchaouna,a,,,5.5,171,104,0.1,407,157,1.5,199,95,1,0,0,0,0,127,3718,0.3,0.5,1.5,1.5,1.5,213,100,,,240,100,108,65,159,78,190,85,,,,,,,,0.06,0.1,0.16,1.15,0.0,0.0,1.94,1.29,9.06,2,1,58.0,0.0,0.0,0.0,0.0,0.0,0.0,0.0,0.0,0.0,0.0,1.0,0.0,7.0,1037.0,4059.0,0.0,0.049999999999999996,0.13,0.18,0.020000000000000018,7.000000000000001,18.5,5.0,3.1,1.0,2.0,3.0,6.0
191,Raphael,Borges Rodrigues,Borges Rodrigues,u,Has joined Burton Albion on loan for the rest of the season,,4.5,513,269,0.1,384,143,0.0,458,180,0,0,0,0,0,1263,3667,0.0,0.0,0.0,0.0,0.0,458,180,0.0,,439,168,441,177,383,135,449,173,,,,,,,,0.0,0.0,0.0,0.0,0.0,0.0,0.0,0.0,0.0,2,0,0.0,0.0,0.0,0.0,0.0,0.0,0.0,0.0,0.0,0.0,0.0,0.0,0.0,0.0,1352.0,3929.0,0.0,0.0,0.0,0.0,0.0,0.0,0.0,0.0,0.0,0.0,0.0,0.0,0.0
192,Kai,Andrews,Andrews,u,Has joined Oxford United on loan for the rest of the season,,4.5,562,285,0.4,268,89,0.0,498,193,0,0,0,0,0,142,17680,0.0,0.0,0.0,0.0,0.0,498,193,0.0,,481,182,481,190,426,148,490,186,,,,,,,,0.0,0.0,0.0,0.0,0.0,0.0,0.0,0.0,0.0,2,0,0.0,0.0,0.0,0.0,0.0,0.0,0.0,0.0,0.0,0.0,0.0,0.0,0.0,0.0,420.0,18683.0,0.0,0.0,0.0,0.0,0.0,0.0,0.0,0.0,0.0,0.0,0.0,0.0,0.0
193,Haji,Wright,Wright,i,Thigh injury - Unknown return date,,5.4,205,47,0.1,424,60,0.0,592,67,0,-1,1,-1,1,244,3333,0.0,0.0,0.0,0.0,0.0,592,67,0.0,0.0,580,60,587,65,558,62,588,65,,,1.0,,,,,0.0,0.0,0.0,0.0,0.0,0.0,0.0,0.0,0.0,2,0,0.0,0.0,0.0,0.0,0.0,0.0,0.0,0.0,0.0,0.0,0.0,0.0,0.0,0.0,253.0,3887.0,0.0,0.0,0.0,0.0,0.0,0.0,0.0,0.0,0.0,0.0,0.0,0.0,0.0
194,Brandon,Thomas-Asante,Thomas-Asante,a,,,5.0,289,54,0.8,213,36,1.5,187,20,1,0,0,0,0,16297,17399,0.3,0.6,1.5,1.5,1.5,201,25,,,263,24,228,32,231,36,293,35,,,4.0,,,,,0.0,0.02,0.02,2.04,0.0,0.0,3.56,0.89,7.13,2,1,32.0,0.0,0.0,0.0,1.0,0.0,0.0,0.0,0.0,0.0,0.0,0.0,0.0,5.0,19276.0,18695.0,0.0,0.0,0.0,0.0,0.69,1.2000000000000002,2.0,2.0,0.5000000000000001,0.0,0.0,2.0,2.0
195,Ellis,Simms,Simms,a,,,5.0,279,52,0.8,207,33,1.0,236,25,0,0,0,0,0,10013,21832,0.2,0.4,1.0,1.0,2.0,162,19,,,305,32,166,16,229,35,270,32,,,,,,,,0.0,0.01,0.01,2.09,0.0,0.0,3.91,1.3,3.91,2,0,0.0,0.0,0.0,0.0,0.0,0.0,0.0,0.0,0.0,0.0,0.0,0.0,0.0,0.0,13972.0,23754.0,0.0,0.0,0.0,0.0,0.0,0.0,0.0,0.0,0.0,0.0,0.0,0.0,0.0
196,Jahnoah,Markelo,Markelo,u,Has joined Shabab Al-Ahli Dubai permanently,,5.0,364,61,0.0,604,76,0.0,581,62,0,0,0,0,0,0,294,0.0,0.0,0.0,0.0,0.0,581,62,0.0,0.0,568,55,575,60,539,57,576,60,,,,,,,,0.0,0.0,0.0,0.0,0.0,0.0,0.0,0.0,0.0,2,0,0.0,0.0,0.0,0.0,0.0,0.0,0.0,0.0,0.0,0.0,0.0,0.0,0.0,0.0,0.0,338.0,0.0,0.0,0.0,0.0,0.0,0.0,0.0,0.0,0.0,0.0,0.0,0.0,0.0
197,Norman,Bassette,Bassette,u,Has joined KVC Westerlo on loan for the rest of the season,,4.5,529,70,0.0,533,71,0.0,474,48,0,0,0,0,0,0,547,0.0,0.0,0.0,0.0,0.0,474,48,0.0,0.0,455,40,457,46,399,42,465,45,,,,,,,,0.0,0.0,0.0,0.0,0.0,0.0,0.0,0.0,0.0,2,0,0.0,0.0,0.0,0.0,0.0,0.0,0.0,0.0,0.0,0.0,0.0,0.0,0.0,0.0,0.0,609.0,0.0,0.0,0.0,0.0,0.0,0.0,0.0,0.0,0.0,0.0,0.0,0.0,0.0
492,Taiwo,Awoniyi,Awoniyi,a,,,5.5,144,36,0.7,231,39,1.5,196,22,2,0,0,0,0,4815,17997,0.3,0.5,1.5,1.5,1.5,210,27,,,233,20,104,9,16,7,69,11,,,5.0,,,,,0.76,0.02,0.78,0.83,0.0,0.0,0.82,0.82,3.27,2,2,90.0,0.0,0.0,0.0,1.0,0.0,0.0,0.0,0.0,0.0,0.0,1.0,0.0,6.0,7789.0,19789.0,0.0,0.93,0.03,0.96,0.72,10.0,23.6,65.0,9.9,0.0,1.0,2.0,3.0
575,Caleb,Yirenkyi,Yirenkyi,a,,,5.0,389,235,0.2,342,125,2.0,157,77,3,0,0,0,0,774,4173,0.4,0.8,2.0,2.0,2.0,169,80,,,235,98,131,80,174,85,214,95,,,,,,,,0.02,0.09,0.11,1.09,0.0,0.69,2.06,1.37,6.87,2,3,70.0,0.0,0.0,1.0,0.0,0.0,0.0,0.0,0.0,0.0,0.0,1.0,0.0,17.0,991.0,4523.0,0.0,0.03,0.13,0.16,0.020000000000000018,9.4,16.0,7.0,3.2,0.0,3.0,4.0,7.0
584,Gustavo,Hamer,Hamer,a,,,5.5,133,82,0.1,415,163,1.0,255,121,1,0,0,0,0,153,2262,0.2,0.4,1.0,1.0,1.0,313,147,,,330,151,257,134,590,245,330,153,3.0,,,,,,,0.0,0.07,0.07,2.73,0.0,0.0,3.33,0.0,3.33,2,1,19.0,0.0,0.0,0.0,1.0,0.0,0.0,0.0,0.0,0.0,0.0,0.0,0.0,2.0,231.0,2504.0,0.0,0.0,0.02,0.02,0.69,0.19999999999999996,1.5,0.0,0.19999999999999998,0.0,0.0,0.0,0.0
599,Sidiki,Cherif,Cherif,a,,,5.0,382,63,0.1,426,61,0.0,587,64,0,0,0,0,0,2213,2347,0.0,0.0,0.0,0.0,0.0,587,64,,,575,57,581,62,550,59,583,62,,,,,,,,0.0,0.0,0.0,0.0,0.0,0.0,0.0,0.0,0.0,2,0,0.0,0.0,0.0,0.0,0.0,0.0,0.0,0.0,0.0,0.0,0.0,0.0,0.0,0.0,2480.0,2583.0,0.0,0.0,0.0,0.0,0.0,0.0,0.0,0.0,0.0,0.0,0.0,0.0,0.0
623,Dan,Bentley,Bentley,a,,,4.0,580,54,0.3,311,38,0.0,363,28,0,0,0,0,0,18464,2702,0.0,0.0,1.0,1.0,0.0,363,28,,,345,28,335,7,257,6,354,28,,,,,,,,0.0,0.0,0.0,0.0,0.0,0.0,0.0,0.0,0.0,2,0,0.0,0.0,0.0,0.0,0.0,0.0,0.0,0.0,0.0,0.0,0.0,0.0,0.0,0.0,18464.0,2702.0,0.0,0.0,0.0,0.0,0.0,0.0,0.0,0.0,0.0,0.0,0.0,0.0,0.0
42,Evann,Guessand,Guessand,a,,,5.5,177,109,0.0,509,209,1.0,257,123,1,0,0,0,0,554,974,0.2,0.4,1.0,1.0,1.0,318,149,,,266,119,247,129,180,89,277,124,,,,,,,,0.05,0.05,0.1,0.57,0.0,0.0,1.67,0.0,3.33,2,1,27.0,0.0,0.0,0.0,1.0,0.0,0.0,0.0,0.0,0.0,0.0,0.0,0.0,3.0,658.0,1052.0,0.0,0.0,0.009999999999999998,0.009999999999999995,0.2,2.2,0.30000000000000004,0.0,0.30000000000000004,0.0,1.0,0.0,1.0
153,Axel,Disasi,Disasi,a,,,4.5,465,105,0.1,463,164,0.5,284,99,1,0,0,0,0,1491,1005,0.1,0.2,0.5,0.5,1.0,242,86,,,321,119,414,166,350,150,341,122,,,,,,,,0.0,0.0,0.0,1.12,0.0,0.0,5.62,0.0,5.62,2,1,16.0,0.0,0.0,0.0,1.0,0.0,0.0,0.0,0.0,0.0,0.0,0.0,0.0,-2.0,1613.0,1107.0,0.0,0.0,0.0,0.0,0.2,1.2,0.0,0.0,0.1,1.0,0.0,1.0,1.0
198,Dean,Henderson,Henderson,a,,,5.0,259,10,1.8,134,20,1.5,185,15,1,0,0,0,0,14890,18258,0.3,0.6,1.5,1.5,1.5,199,18,100.0,100.0,34,6,524,58,475,58,149,6,,,,,,,,0.0,0.0,0.0,1.66,3.5,0.0,3.0,1.0,0.0,2,1,90.0,0.0,0.0,0.0,4.0,0.0,0.0,0.0,0.0,0.0,4.0,1.0,0.0,4.0,15811.0,20096.0,0.0,0.0,0.0,0.0,2.21,30.2,0.0,0.0,3.0,0.0,2.0,11.0,0.0
199,Walter,Benítez,Benitez,a,,,4.5,439,30,0.1,421,47,0.0,425,51,0,0,0,0,0,645,1287,0.0,0.0,0.0,0.0,0.0,425,51,,,406,51,400,32,334,31,416,51,,,,,,,,0.0,0.0,0.0,0.0,0.0,0.0,0.0,0.0,0.0,2,0,0.0,0.0,0.0,0.0,0.0,0.0,0.0,0.0,0.0,0.0,0.0,0.0,0.0,0.0,693.0,1582.0,0.0,0.0,0.0,0.0,0.0,0.0,0.0,0.0,0.0,0.0,0.0,0.0,0.0
202,Chris,Richards,Richards,a,,,5.0,298,52,0.7,234,85,1.5,188,64,0,0,0,0,0,5687,11103,0.3,0.6,1.5,1.5,1.5,202,65,,,36,12,290,107,101,29,111,39,,,,,,,,0.02,0.0,0.02,1.66,0.0,0.0,3.0,1.0,11.0,2,0,90.0,0.0,0.0,0.0,4.0,0.0,0.0,0.0,0.0,0.0,0.0,1.0,0.0,-4.0,6220.0,12325.0,0.0,0.04,0.0,0.04,2.21,15.0,0.10000000000000009,17.0,3.2,2.0,4.0,2.0,6.0
203,Jaydee,Canvot,Canvot,a,,,4.9,420,78,0.2,318,115,0.5,297,109,0,-1,1,-1,1,1681,5722,0.1,0.2,0.5,0.5,0.5,347,117,,,54,17,201,65,194,68,143,54,,,,,,,,0.02,0.0,0.02,1.66,0.0,0.0,3.0,1.0,7.5,2,0,90.0,0.0,0.0,0.0,4.0,0.0,0.0,0.0,0.0,0.0,0.0,1.0,0.0,-1.0,1780.0,6478.0,0.0,0.0,0.0,0.0,2.21,22.800000000000004,0.5,0.0,2.3,1.0,6.0,1.0,7.0
204,Tyrick,Mitchell,Mitchell,a,,,4.5,483,118,4.6,79,32,0.5,286,101,0,0,0,0,0,8974,77016,0.1,0.2,0.5,0.5,0.5,344,114,,,163,75,61,15,152,50,127,46,,,,,,,,0.06,0.08,0.14,1.66,0.0,0.0,3.0,1.0,5.0,2,0,90.0,0.0,0.0,0.0,4.0,0.0,0.0,0.0,0.0,0.0,0.0,1.0,0.0,-8.0,9606.0,85671.0,0.0,0.11,0.16,0.27,2.21,11.6,21.599999999999998,7.0,4.0,2.0,3.0,1.0,5.0
205,Borna,Sosa,Sosa,u,Has joined FC Cologne on loan for the rest of the season,,4.5,464,104,0.0,552,190,0.0,437,165,0,0,0,0,0,110,697,0.0,0.0,0.0,0.0,0.0,437,165,0.0,,418,166,413,165,349,149,428,166,,,,,,,,0.0,0.0,0.0,0.0,0.0,0.0,0.0,0.0,0.0,2,0,0.0,0.0,0.0,0.0,0.0,0.0,0.0,0.0,0.0,0.0,0.0,0.0,0.0,0.0,121.0,738.0,0.0,0.0,0.0,0.0,0.0,0.0,0.0,0.0,0.0,0.0,0.0,0.0,0.0
206,Chadi,Riad Dnanou,Chadi Riad,i,Knee injury - Unknown return date,,4.4,573,158,0.0,537,185,0.5,278,94,0,-1,1,-1,1,192,1608,0.1,0.2,0.0,0.0,1.0,234,79,0.0,0.0,220,90,269,95,320,137,280,101,,,,,,,,0.0,0.01,0.01,1.22,0.0,0.0,2.5,1.25,8.75,2,0,0.0,0.0,0.0,0.0,0.0,0.0,0.0,0.0,0.0,0.0,0.0,0.0,0.0,0.0,236.0,1964.0,0.0,0.0,0.0,0.0,0.0,0.0,0.0,0.0,0.0,0.0,0.0,0.0,0.0
207,Oscar,Mingueza,Mingueza,a,,,4.4,572,157,0.1,471,167,0.5,277,93,1,-1,1,-1,1,765,1304,0.1,0.2,0.5,0.5,1.0,233,78,,,306,115,325,120,319,136,331,118,,,,,,,,0.0,0.0,0.0,1.2,0.0,0.0,6.0,0.0,6.0,2,1,15.0,0.0,0.0,0.0,1.0,0.0,0.0,0.0,0.0,0.0,0.0,0.0,0.0,1.0,789.0,1503.0,0.0,0.0,0.0,0.0,0.2,2.2,0.1,0.0,0.2,1.0,0.0,0.0,1.0
208,Ismaïla,Sarr,Sarr,i,Groin injury - Unknown return date,,6.3,54,38,1.1,190,59,0.0,640,281,0,-1,1,-2,2,325,117499,0.0,0.0,0.0,0.0,0.0,640,281,0.0,0.0,641,282,641,282,637,278,641,282,,,2.0,,,,,0.0,0.0,0.0,0.0,0.0,0.0,0.0,0.0,0.0,2,0,0.0,0.0,0.0,0.0,0.0,0.0,0.0,0.0,0.0,0.0,0.0,0.0,0.0,0.0,367.0,160171.0,0.0,0.0,0.0,0.0,0.0,0.0,0.0,0.0,0.0,0.0,0.0,0.0,0.0
210,Adam,Wharton,Wharton,a,,,5.5,180,111,0.9,204,63,3.0,110,49,2,0,0,0,0,10032,13647,0.5,1.1,3.0,3.0,3.0,115,49,100.0,100.0,126,47,24,21,605,258,81,46,2.0,,,,,,,0.0,0.16,0.16,1.66,0.0,0.0,3.0,1.0,10.5,2,2,90.0,0.0,0.0,0.0,4.0,0.0,0.0,0.0,0.0,0.0,0.0,1.0,0.0,21.0,11231.0,15027.0,0.0,0.0,0.07,0.07,2.21,16.2,24.700000000000003,0.0,4.1000000000000005,4.0,0.0,3.0,7.0
211,Yéremy,Pino Santos,Yeremy,a,,,5.5,178,110,0.2,333,118,3.0,109,48,5,0,0,0,0,5429,2561,0.5,1.1,3.0,3.0,3.0,114,48,,,219,89,49,39,117,60,125,63,1.0,1.0,,,,,,0.1,0.08,0.18,2.01,0.0,0.0,2.65,0.88,13.24,2,5,67.0,0.0,1.0,0.0,3.0,0.0,0.0,0.0,0.0,0.0,0.0,1.0,0.0,27.0,5496.0,3007.0,0.0,0.05,0.06999999999999999,0.12000000000000001,2.01,10.8,34.2,9.0,5.4,2.0,2.0,6.0,10.0
212,Will,Hughes,Hughes,a,,,4.5,435,258,9.3,46,18,0.0,421,171,0,0,0,0,0,37363,132623,0.0,0.0,0.0,0.0,0.0,421,171,,,402,159,396,168,330,125,412,164,4.0,,,,,,,0.0,0.0,0.0,0.0,0.0,0.0,0.0,0.0,0.0,2,0,0.0,0.0,0.0,0.0,0.0,0.0,0.0,0.0,0.0,0.0,0.0,0.0,0.0,0.0,39906.0,146703.0,0.0,0.0,0.0,0.0,0.0,0.0,0.0,0.0,0.0,0.0,0.0,0.0,0.0
213,Jefferson,Lerma Solís,Lerma,a,,,4.9,395,239,0.1,436,172,0.0,509,199,0,-1,1,-1,1,490,1727,0.0,0.0,0.0,0.0,0.0,509,199,,,492,188,493,196,438,154,501,192,,,,,,,,0.0,0.0,0.0,0.0,0.0,0.0,0.0,0.0,0.0,2,0,0.0,0.0,0.0,0.0,0.0,0.0,0.0,0.0,0.0,0.0,0.0,0.0,0.0,0.0,516.0,1969.0,0.0,0.0,0.0,0.0,0.0,0.0,0.0,0.0,0.0,0.0,0.0,0.0,0.0
214,Daichi,Kamada,Kamada,a,,,5.0,272,168,0.3,307,106,2.5,129,59,2,0,0,0,0,4272,4515,0.5,1.0,2.5,2.5,2.5,135,59,,,104,38,74,48,168,82,106,54,3.0,,,,,,,0.02,0.14,0.16,1.66,0.0,0.0,3.0,1.0,11.5,2,2,90.0,0.0,0.0,0.0,4.0,0.0,0.0,0.0,0.0,0.0,0.0,1.0,0.0,21.0,4640.0,5033.0,0.0,0.05,0.019999999999999962,0.07,2.21,17.6,2.8000000000000007,7.0,2.7,6.0,1.0,2.0,9.0
215,Justin,Devenny,Devenny,u,Has joined Stoke City permanently,,5.0,327,192,0.0,606,256,0.0,562,230,0,0,0,0,0,63,337,0.0,0.0,0.0,0.0,0.0,562,230,0.0,,549,222,555,228,515,196,557,225,,2.0,3.0,,,,,0.0,0.0,0.0,0.0,0.0,0.0,0.0,0.0,0.0,2,0,0.0,0.0,0.0,0.0,0.0,0.0,0.0,0.0,0.0,0.0,0.0,0.0,0.0,0.0,69.0,360.0,0.0,0.0,0.0,0.0,0.0,0.0,0.0,0.0,0.0,0.0,0.0,0.0,0.0
216,Romain,Esse,Esse,u,Has joined Millwall on loan for the rest of the season,,5.0,374,226,0.0,535,221,0.0,584,245,0,0,0,0,0,188,1145,0.0,0.0,0.0,0.0,0.0,584,245,0.0,,572,239,578,244,546,219,580,242,,,,,,,,0.0,0.0,0.0,0.0,0.0,0.0,0.0,0.0,0.0,2,0,0.0,0.0,0.0,0.0,0.0,0.0,0.0,0.0,0.0,0.0,0.0,0.0,0.0,0.0,209.0,1216.0,0.0,0.0,0.0,0.0,0.0,0.0,0.0,0.0,0.0,0.0,0.0,0.0,0.0
217,Matheus,França de Oliveira,M.França,a,,,4.9,416,254,0.0,550,226,0.0,523,209,0,-1,1,-1,1,933,1096,0.0,0.0,0.0,0.0,0.0,523,209,,,506,198,508,206,454,165,515,202,,,,,,,,0.0,0.0,0.0,0.0,0.0,0.0,0.0,0.0,0.0,2,0,0.0,0.0,0.0,0.0,0.0,0.0,0.0,0.0,0.0,0.0,0.0,0.0,0.0,0.0,935.0,1231.0,0.0,0.0,0.0,0.0,0.0,0.0,0.0,0.0,0.0,0.0,0.0,0.0,0.0
218,Cheick,Doucouré,Doucouré,a,,,4.9,403,246,0.1,485,194,0.0,514,204,0,-1,1,-1,1,977,1316,0.0,0.0,0.0,0.0,0.0,514,204,,,497,193,499,201,445,160,506,197,,,,,,,,0.0,0.0,0.0,0.0,0.0,0.0,0.0,0.0,0.0,2,0,0.0,0.0,0.0,0.0,0.0,0.0,0.0,0.0,0.0,0.0,0.0,0.0,0.0,0.0,1010.0,1493.0,0.0,0.0,0.0,0.0,0.0,0.0,0.0,0.0,0.0,0.0,0.0,0.0,0.0
219,Jesurun,Rak-Sakyi,J.Rak-Sakyi,a,,,5.0,308,184,0.0,623,267,0.0,554,226,0,0,0,0,0,51,111,0.0,0.0,0.0,0.0,0.0,554,226,,,541,218,545,224,503,191,549,221,,,,,,,,0.0,0.0,0.0,0.0,0.0,0.0,0.0,0.0,0.0,2,0,0.0,0.0,0.0,0.0,0.0,0.0,0.0,0.0,0.0,0.0,0.0,0.0,0.0,0.0,57.0,127.0,0.0,0.0,0.0,0.0,0.0,0.0,0.0,0.0,0.0,0.0,0.0,0.0,0.0
220,Rio,Cardines,Cardines,u,Has joined Bristol City on loan for the rest of the season,,4.5,546,148,0.0,645,214,0.0,486,185,0,0,0,0,0,0,39,0.0,0.0,0.0,0.0,0.0,486,185,0.0,0.0,468,186,469,187,413,177,478,186,,,,,,,,0.0,0.0,0.0,0.0,0.0,0.0,0.0,0.0,0.0,2,0,0.0,0.0,0.0,0.0,0.0,0.0,0.0,0.0,0.0,0.0,0.0,0.0,0.0,0.0,0.0,44.0,0.0,0.0,0.0,0.0,0.0,0.0,0.0,0.0,0.0,0.0,0.0,0.0,0.0
221,Joél,Drakes-Thomas,Drakes-Thomas,a,,,4.5,567,287,0.1,455,181,0.0,503,195,0,0,0,0,0,933,1185,0.0,0.0,0.0,0.0,0.0,503,195,,,486,184,486,192,431,150,495,188,,,,,,,,0.0,0.0,0.0,0.0,0.0,0.0,0.0,0.0,0.0,2,0,0.0,0.0,0.0,0.0,0.0,0.0,0.0,0.0,0.0,0.0,0.0,0.0,0.0,0.0,976.0,1331.0,0.0,0.0,0.0,0.0,0.0,0.0,0.0,0.0,0.0,0.0,0.0,0.0,0.0
222,Jørgen,Strand Larsen,Strand Larsen,a,,,6.0,69,15,0.5,255,43,1.5,206,24,2,0,0,0,0,7478,8446,0.2,0.5,1.5,1.5,1.5,219,29,,,260,22,219,30,88,19,215,24,,,,,,,,0.3,0.01,0.31,2.17,0.0,0.0,3.03,1.01,4.04,2,2,62.0,0.0,0.0,0.0,3.0,0.0,0.0,0.0,0.0,0.0,0.0,1.0,0.0,13.0,7784.0,10059.0,0.0,0.04999999999999999,0.0,0.04999999999999999,2.01,5.2,0.2999999999999998,4.0,1.0,1.0,2.0,1.0,4.0
223,Jean-Philippe,Mateta,Mateta,i,Hamstring injury - Expected back 11 Oct,,6.4,51,12,2.3,117,17,1.0,265,30,0,-1,1,-1,1,1223,269164,0.2,0.3,0.0,1.0,2.0,185,22,0.0,,319,35,167,17,144,27,237,27,,,1.0,,,,,1.02,0.03,1.05,1.42,0.0,0.0,2.9,1.45,7.26,2,0,0.0,0.0,0.0,0.0,0.0,0.0,0.0,0.0,0.0,0.0,0.0,0.0,0.0,0.0,4767.0,284134.0,0.0,0.0,0.0,0.0,0.0,0.0,0.0,0.0,0.0,0.0,0.0,0.0,0.0
224,Eddie,Nketiah,Nketiah,a,,,5.5,140,35,0.5,248,40,1.5,195,21,2,0,0,0,0,11808,8232,0.3,0.5,1.5,1.5,1.5,209,26,,,216,19,62,3,63,14,103,14,,,,,,,,0.71,0.43,1.14,2.1,0.0,0.0,3.69,1.48,6.64,2,2,67.0,0.0,0.0,0.0,3.0,0.0,0.0,0.0,0.0,0.0,0.0,1.0,0.0,8.0,12350.0,9185.0,0.0,0.36,0.0,0.3600000000000001,2.0100000000000002,2.5999999999999996,10.600000000000001,8.0,2.1000000000000005,2.0,1.0,3.0,6.0
225,Christantus,Uche,Uche,u,has returned to Getafe CF,,5.0,388,65,0.0,652,78,0.0,590,66,0,0,0,0,0,0,0,0.0,0.0,0.0,0.0,0.0,590,66,0.0,0.0,578,59,585,64,555,61,586,64,,,,,,,,0.0,0.0,0.0,0.0,0.0,0.0,0.0,0.0,0.0,2,0,0.0,0.0,0.0,0.0,0.0,0.0,0.0,0.0,0.0,0.0,0.0,0.0,0.0,0.0,0.0,0.0,0.0,0.0,0.0,0.0,0.0,0.0,0.0,0.0,0.0,0.0,0.0,0.0,0.0
241,Dwight,McNeil,McNeil,a,,,5.5,158,96,0.1,381,142,1.5,198,94,1,0,0,0,0,534,2467,0.3,0.5,1.5,1.5,1.5,212,99,,,234,97,209,115,241,116,274,122,,,,,,,,0.05,0.02,0.07,1.26,0.0,0.0,3.21,1.07,7.5,2,1,22.0,0.0,0.0,0.0,1.0,0.0,0.0,0.0,0.0,0.0,0.0,0.0,0.0,2.0,667.0,2910.0,0.0,0.0,0.0,0.0,0.19999999999999996,0.40000000000000036,0.2999999999999998,0.0,0.09999999999999987,0.0,1.0,1.0,2.0
555,Remi,Matthews,Matthews,a,,,4.0,594,61,1.8,133,19,0.0,373,35,0,0,0,0,0,7479,8607,0.0,0.0,0.0,0.0,0.0,373,35,,,355,35,347,14,269,13,365,35,,,,,,,,0.0,0.0,0.0,0.0,0.0,0.0,0.0,0.0,0.0,2,0,0.0,0.0,0.0,0.0,0.0,0.0,0.0,0.0,0.0,0.0,0.0,0.0,0.0,0.0,8203.0,9340.0,0.0,0.0,0.0,0.0,0.0,0.0,0.0,0.0,0.0,0.0,0.0,0.0,0.0
577,Takehiro,Tomiyasu,Tomiyasu,a,,,4.5,469,108,0.3,290,108,1.0,219,76,1,0,0,0,0,1374,3404,0.2,0.4,1.0,1.0,1.0,243,87,,,206,87,221,70,218,80,251,93,,,,,,,,0.0,0.01,0.01,2.13,0.0,0.0,2.97,0.99,8.9,2,1,73.0,0.0,0.0,0.0,3.0,0.0,0.0,0.0,0.0,0.0,0.0,1.0,0.0,-3.0,1462.0,3887.0,0.0,0.0,0.0,0.0,2.01,12.6,1.3000000000000003,2.0,1.6,1.0,7.0,3.0,8.0
588,Anan,Khalaili,Khalaili,a,,,5.0,368,67,0.1,396,144,1.5,191,65,2,0,0,0,0,3982,1534,0.3,0.6,1.5,1.5,1.5,205,66,,,52,16,89,27,172,60,85,26,,,,,,,,0.02,0.13,0.15,1.88,0.0,0.0,2.48,0.83,18.99,2,2,74.0,0.0,0.0,0.0,3.0,0.0,0.0,0.0,1.0,0.0,0.0,1.0,0.0,9.0,4063.0,1704.0,0.0,0.02,0.0,0.01999999999999999,2.01,26.4,1.5,3.0,3.0999999999999996,10.0,4.0,5.0,14.0
595,Zavier,Gozo,Gozo,a,,,5.0,367,221,0.0,584,243,0.5,319,146,1,0,0,0,0,157,222,0.1,0.2,0.5,0.5,1.0,289,129,,,318,144,274,140,542,215,328,151,,,,,,,,0.0,0.0,0.0,0.82,0.0,0.0,4.09,0.0,4.09,2,1,22.0,0.0,0.0,0.0,1.0,0.0,0.0,0.0,0.0,0.0,0.0,0.0,0.0,3.0,167.0,248.0,0.0,0.0,0.0,0.0,0.2,1.4,1.3,0.0,0.3,1.0,0.0,0.0,1.0
633,Honest,Ahanor,Ahanor,a,,,4.5,553,149,0.0,633,210,0.0,493,186,0,0,0,0,0,214,32,0.0,0.0,1.8,1.8,0.0,493,186,,,475,187,476,188,420,178,485,187,,,,,,,,0.0,0.0,0.0,0.0,0.0,0.0,0.0,0.0,0.0,2,0,0.0,0.0,0.0,0.0,0.0,0.0,0.0,0.0,0.0,0.0,0.0,0.0,0.0,0.0,214.0,32.0,0.0,0.0,0.0,0.0,0.0,0.0,0.0,0.0,0.0,0.0,0.0,0.0,0.0
643,Ben,Chilwell,Chilwell,a,,,4.5,451,94,0.0,603,203,0.0,432,163,0,0,0,0,0,757,84,0.0,0.0,1.8,1.8,0.0,432,163,,,413,164,408,163,342,145,423,164,,,,,,,,0.0,0.0,0.0,0.0,0.0,0.0,0.0,0.0,0.0,2,0,0.0,0.0,0.0,0.0,0.0,0.0,0.0,0.0,0.0,0.0,0.0,0.0,0.0,0.0,757.0,84.0,0.0,0.0,0.0,0.0,0.0,0.0,0.0,0.0,0.0,0.0,0.0,0.0,0.0
644,Quinten,Timber,Timber,a,,,5.0,307,183,0.0,611,260,0.0,553,225,0,0,0,0,0,644,94,0.0,0.0,1.5,1.5,0.0,553,225,,,540,217,544,223,502,190,548,220,,,,,,,,0.0,0.0,0.0,0.0,0.0,0.0,0.0,0.0,0.0,2,0,0.0,0.0,0.0,0.0,0.0,0.0,0.0,0.0,0.0,0.0,0.0,0.0,0.0,0.0,644.0,94.0,0.0,0.0,0.0,0.0,0.0,0.0,0.0,0.0,0.0,0.0,0.0,0.0,0.0
647,Darío,Osorio,Osorio,a,,,5.5,185,115,0.0,624,268,0.0,620,267,0,0,0,0,0,456,49,0.0,0.0,2.0,2.0,0.0,620,267,,,613,265,617,266,607,259,618,266,,,,,,,,0.0,0.0,0.0,0.0,0.0,0.0,0.0,0.0,0.0,2,0,0.0,0.0,0.0,0.0,0.0,0.0,0.0,0.0,0.0,0.0,0.0,0.0,0.0,0.0,456.0,49.0,0.0,0.0,0.0,0.0,0.0,0.0,0.0,0.0,0.0,0.0,0.0,0.0,0.0
21,Christian,Nørgaard,Nørgaard,i,Groin injury - Unknown return date,,4.9,394,238,0.1,482,193,0.0,508,198,0,-1,1,-1,1,207,2162,0.0,0.0,0.0,0.0,0.0,508,198,0.0,0.0,491,187,492,195,437,153,500,191,,,,,,,,0.0,0.0,0.0,0.0,0.0,0.0,0.0,0.0,0.0,2,0,0.0,0.0,0.0,0.0,0.0,0.0,0.0,0.0,0.0,0.0,0.0,0.0,0.0,0.0,214.0,2481.0,0.0,0.0,0.0,0.0,0.0,0.0,0.0,0.0,0.0,0.0,0.0,0.0,0.0
209,Brennan,Johnson,Johnson,a,,,5.9,99,64,0.1,402,154,1.0,262,126,1,-1,1,-1,1,780,3458,0.2,0.3,1.0,1.0,1.0,325,154,,,273,125,321,163,620,266,313,144,,,,,,,,0.0,0.0,0.0,4.95,0.0,0.0,0.0,0.0,10.59,2,1,28.0,0.0,0.0,0.0,0.0,0.0,0.0,0.0,0.0,0.0,0.0,0.0,0.0,1.0,932.0,3930.0,0.0,0.0,0.0,0.0,1.58,1.2000000000000002,0.0,0.0,0.09999999999999998,1.0,0.0,1.0,2.0
226,Jordan,Pickford,Pickford,a,,,5.5,124,2,8.5,49,6,5.0,56,4,3,0,0,0,0,56243,81393,0.9,1.8,5.0,5.0,5.0,59,4,,,24,3,604,68,585,68,139,3,,,,,,,,0.0,0.01,0.01,2.06,4.0,0.5,0.5,1.0,0.0,2,3,90.0,0.0,0.0,0.0,1.0,0.0,0.0,0.0,0.0,0.0,4.0,1.0,0.0,22.0,64215.0,86708.0,0.0,0.0,0.0,0.0,2.16,31.599999999999998,0.0,0.0,3.2,0.0,4.0,11.0,0.0
227,Mark,Travers,Travers,a,,,5.0,288,12,0.0,525,59,0.0,544,69,0,0,0,0,0,282,556,0.0,0.0,0.0,0.0,0.0,544,69,,,532,69,533,60,488,60,539,69,,,,,,,,0.0,0.0,0.0,0.0,0.0,0.0,0.0,0.0,0.0,2,0,0.0,0.0,0.0,0.0,0.0,0.0,0.0,0.0,0.0,0.0,0.0,0.0,0.0,0.0,328.0,615.0,0.0,0.0,0.0,0.0,0.0,0.0,0.0,0.0,0.0,0.0,0.0,0.0,0.0
229,James,Tarkowski,Tarkowski,a,,,6.0,59,5,10.7,40,14,9.0,11,4,12,0,0,0,0,210667,84598,1.5,3.0,9.0,9.0,9.0,13,5,,,17,3,169,52,82,19,63,16,,,,,,,,0.08,0.0,0.08,2.06,0.0,0.5,0.5,1.0,9.5,2,12,90.0,1.0,0.0,0.0,1.0,0.0,0.0,0.0,0.0,0.0,0.0,1.0,2.0,27.0,215614.0,93154.0,0.0,0.09999999999999999,0.01,0.11,2.16,54.8,11.299999999999999,19.0,8.5,1.0,9.0,3.0,10.0
230,Jarrad,Branthwaite,Branthwaite,a,,,5.5,176,23,1.8,137,57,5.0,58,23,4,0,0,0,0,15433,21223,0.9,1.8,5.0,5.0,5.0,62,24,,,86,39,238,78,48,7,95,33,,,,,,,,0.04,0.01,0.05,2.06,0.0,0.5,0.5,1.0,10.0,2,4,90.0,0.0,0.0,0.0,1.0,0.0,0.0,0.0,0.0,0.0,0.0,1.0,0.0,6.0,17868.0,22992.0,0.0,0.09,0.01,0.1,2.16,22.6,1.4999999999999998,33.0,5.699999999999999,1.0,11.0,3.0,12.0
231,Michael,Keane,Keane,a,,,4.9,393,72,1.0,193,73,0.0,507,191,0,-1,1,-1,1,2282,32832,0.0,0.0,0.0,0.0,0.0,507,191,,,490,192,491,193,436,184,499,192,,,,,,,,0.0,0.0,0.0,0.0,0.0,0.0,0.0,0.0,0.0,2,0,0.0,0.0,0.0,0.0,0.0,0.0,0.0,0.0,0.0,0.0,0.0,0.0,0.0,0.0,2605.0,37354.0,0.0,0.0,0.0,0.0,0.0,0.0,0.0,0.0,0.0,0.0,0.0,0.0,0.0
232,Jake,O'Brien,O'Brien,a,,,4.9,413,76,0.3,285,106,0.0,521,194,0,-1,1,-1,1,926,8381,0.0,0.0,0.0,0.0,0.0,521,194,,,504,195,506,196,452,187,513,195,,,,,,,,0.0,0.0,0.0,0.0,0.0,0.0,0.0,0.0,0.0,2,0,0.0,0.0,0.0,0.0,0.0,0.0,0.0,0.0,0.0,0.0,0.0,0.0,0.0,0.0,1065.0,10061.0,0.0,0.0,0.0,0.0,0.0,0.0,0.0,0.0,0.0,0.0,0.0,0.0,0.0
233,Vitalii,Mykolenko,Mykolenko,a,,,4.5,470,109,1.7,139,58,5.0,52,21,4,0,0,0,0,39828,26025,1.1,2.2,5.0,5.0,5.0,55,22,,,57,20,149,45,219,81,126,45,,,,,,,,0.0,0.03,0.03,2.06,0.0,0.5,0.5,1.0,8.0,2,4,90.0,0.0,0.0,0.0,1.0,0.0,0.0,0.0,0.0,0.0,0.0,1.0,0.0,7.0,43711.0,27885.0,0.0,0.0,0.009999999999999995,0.009999999999999995,2.16,36.8,1.0,0.0,3.8000000000000003,1.0,11.0,7.0,12.0
234,Nathan,Patterson,Patterson,u,Has joined Torino permanently,,4.5,482,117,0.0,549,189,0.0,445,170,0,0,0,0,0,164,874,0.0,0.0,0.0,0.0,0.0,445,170,0.0,,426,171,423,171,360,156,436,171,,,,,,,,0.0,0.0,0.0,0.0,0.0,0.0,0.0,0.0,0.0,2,0,0.0,0.0,0.0,0.0,0.0,0.0,0.0,0.0,0.0,0.0,0.0,0.0,0.0,0.0,192.0,929.0,0.0,0.0,0.0,0.0,0.0,0.0,0.0,0.0,0.0,0.0,0.0,0.0,0.0
235,Adam,Aznou,Aznou,u,Has joined Malaga on loan for the rest of the season,,4.0,625,189,0.1,383,141,0.0,393,137,0,0,0,0,0,719,4154,0.0,0.0,0.0,0.0,0.0,393,137,0.0,,375,139,367,137,292,111,385,139,,,,,,,,0.0,0.0,0.0,0.0,0.0,0.0,0.0,0.0,0.0,2,0,0.0,0.0,0.0,0.0,0.0,0.0,0.0,0.0,0.0,0.0,0.0,0.0,0.0,0.0,819.0,4387.0,0.0,0.0,0.0,0.0,0.0,0.0,0.0,0.0,0.0,0.0,0.0,0.0,0.0
236,Kiernan,Dewsbury-Hall,Dewsbury-Hall,a,,,6.5,35,23,4.2,86,28,6.5,31,18,2,0,0,0,0,60191,92230,1.0,2.0,6.5,6.5,6.5,33,19,,,26,14,9,9,52,30,12,10,2.0,,,,,,,0.09,0.16,0.25,2.04,0.0,0.5,0.5,1.0,9.0,2,2,90.0,0.0,0.0,0.0,1.0,0.0,0.0,0.0,0.0,0.0,0.0,1.0,0.0,24.0,81305.0,97213.0,0.0,0.06,0.16,0.22000000000000003,2.16,19.400000000000006,52.3,9.0,8.099999999999998,3.0,0.0,7.0,10.0
238,Jack,Grealish,Grealish,a,,,6.5,34,22,0.3,306,105,0.5,354,167,0,0,0,0,0,9422,5496,0.1,0.2,0.5,0.5,1.0,336,162,100.0,100.0,328,150,303,153,641,282,339,158,,,,,,,,0.0,0.0,0.0,0.0,0.0,0.0,0.0,0.0,11.25,2,0,0.0,0.0,0.0,0.0,0.0,0.0,0.0,0.0,0.0,0.0,0.0,0.0,0.0,0.0,9556.0,5972.0,0.0,0.0,0.0,0.0,0.0,0.0,0.0,0.0,0.0,0.0,0.0,0.0,0.0
239,James,Garner,Garner,a,,,6.0,68,47,0.1,395,150,1.0,264,128,1,0,0,0,0,2947,3301,0.2,0.3,1.0,1.0,1.0,329,157,100.0,100.0,245,104,163,99,243,118,241,108,1.0,1.0,3.0,,,,,0.0,0.04,0.04,1.15,0.0,0.0,1.25,1.25,13.75,2,1,61.0,0.0,0.0,0.0,1.0,0.0,0.0,0.0,1.0,0.0,0.0,1.0,0.0,9.0,3272.0,3500.0,0.0,0.0,0.0,0.0,0.5800000000000001,3.3999999999999995,1.0999999999999996,0.0,0.5,3.0,0.0,7.0,10.0
242,Tyrique,George,George,a,,,5.5,192,120,0.2,319,112,2.5,140,66,2,0,0,0,0,1746,4762,0.5,0.9,2.5,2.5,2.5,145,66,,,217,87,59,44,44,27,82,47,,,,,,,,0.14,0.06,0.2,1.41,0.0,0.62,0.62,1.25,5.62,2,2,61.0,0.0,0.0,0.0,1.0,0.0,0.0,0.0,0.0,0.0,0.0,1.0,0.0,12.0,2176.0,5208.0,0.0,0.05000000000000002,0.009999999999999995,0.06,0.5800000000000001,6.0,12.200000000000003,16.0,3.4000000000000004,1.0,0.0,1.0,2.0
243,Carlos,Alcaraz Durán,Alcaraz,a,,,5.0,343,202,0.1,448,177,0.5,315,143,0,0,0,0,0,808,1935,0.1,0.2,0.5,0.5,0.5,350,167,,,275,126,291,147,75,42,225,99,,,,,,,,0.9,0.36,1.26,0.72,0.0,0.0,0.0,0.0,54.0,2,0,4.0,0.0,0.0,0.0,0.0,0.0,0.0,0.0,1.0,0.0,0.0,0.0,0.0,-2.0,902.0,2113.0,0.0,0.030000000000000002,0.02,0.05,0.0,0.0,0.5,8.0,0.5,0.0,0.0,0.0,0.0
244,Harrison,Armstrong,Armstrong,a,,,5.0,376,228,0.4,275,91,5.0,55,27,2,0,0,0,0,21241,9131,1.0,2.0,5.0,5.0,5.0,58,29,,,92,33,92,57,200,97,117,59,,,,,,,,0.0,0.04,0.04,2.11,0.0,0.51,0.51,1.02,12.78,2,2,86.0,0.0,0.0,0.0,1.0,0.0,0.0,0.0,0.0,0.0,0.0,1.0,0.0,12.0,23982.0,9570.0,0.0,0.0,0.030000000000000006,0.030000000000000006,2.16,11.2,12.3,0.0,2.4000000000000004,3.0,3.0,3.0,9.0
245,Tyler,Dibling,Dibling,a,,,5.4,226,140,0.0,532,220,0.0,604,256,0,-1,1,-1,1,353,861,0.0,0.0,0.0,0.0,0.0,604,256,,,593,251,598,255,575,237,600,253,,,,,,,,0.0,0.0,0.0,0.0,0.0,0.0,0.0,0.0,0.0,2,0,0.0,0.0,0.0,0.0,0.0,0.0,0.0,0.0,0.0,0.0,0.0,0.0,0.0,0.0,398.0,982.0,0.0,0.0,0.0,0.0,0.0,0.0,0.0,0.0,0.0,0.0,0.0,0.0,0.0
246,Merlin,Röhl,Röhl,a,,,5.0,346,203,0.1,493,199,2.5,130,60,2,0,0,0,0,575,1158,0.5,1.0,2.5,2.5,2.5,136,60,,,167,60,146,87,234,111,192,86,,,,,,,,0.0,0.04,0.04,2.12,0.0,0.51,0.51,1.03,9.26,2,2,85.0,0.0,0.0,0.0,1.0,0.0,0.0,0.0,0.0,0.0,0.0,1.0,0.0,13.0,675.0,1270.0,0.0,0.0,0.010000000000000009,0.010000000000000009,2.16,8.399999999999999,2.3000000000000007,0.0,1.1,3.0,2.0,4.0,9.0
247,Hayden,Hackney,Hackney,a,,,5.5,152,92,0.2,338,123,2.0,162,80,1,0,0,0,0,499,3689,0.4,0.7,2.0,1.0,2.0,174,84,100.0,50.0,199,78,156,93,177,87,204,90,3.0,,,,,,,0.01,0.02,0.03,2.72,0.0,0.85,0.0,0.85,8.49,2,1,28.0,0.0,0.0,0.0,0.0,0.0,0.0,0.0,0.0,0.0,0.0,0.0,0.0,3.0,525.0,4694.0,0.0,0.0,0.01,0.009999999999999998,1.58,7.799999999999999,1.4000000000000004,2.0,1.1,0.0,2.0,1.0,3.0
248,Norberto Bercique,Gomes Betuncal,Beto,u,Has joined Fiorentina permanently,,5.4,224,50,1.5,149,24,1.0,249,26,1,-1,1,-1,1,8513,81440,0.2,0.4,0.0,1.0,1.0,303,33,0.0,,301,31,316,38,195,33,302,36,,,4.0,,,,,0.26,0.0,0.26,5.57,0.0,0.0,0.0,0.0,2.9,2,1,20.0,0.0,0.0,0.0,0.0,0.0,0.0,0.0,0.0,0.0,0.0,0.0,0.0,2.0,9481.0,89831.0,0.0,0.039999999999999994,0.0,0.039999999999999994,1.5799999999999998,3.0,0.3,3.0,0.6000000000000001,0.0,1.0,0.0,1.0
249,Thierno,Barry,Barry,a,,,5.5,198,43,4.8,76,10,5.0,60,5,2,0,0,0,0,194049,90585,0.9,1.8,5.0,5.0,5.0,64,6,,,66,4,80,7,3,3,14,4,,,2.0,,,,,1.18,0.06,1.24,1.35,0.0,0.61,0.61,1.22,3.67,2,2,69.0,0.0,0.0,0.0,1.0,0.0,0.0,0.0,0.0,0.0,0.0,1.0,0.0,6.0,229718.0,95502.0,0.0,1.48,0.0,1.48,0.5800000000000001,10.0,11.7,58.0,8.0,0.0,2.0,1.0,3.0
649,Ainsley,Maitland-Niles,Maitland-Niles,a,,,4.5,445,89,0.0,621,208,0.0,429,161,0,0,0,0,0,552,127,0.0,0.0,1.8,1.8,0.0,429,161,,,410,162,405,161,339,143,420,162,,,,,,,,0.0,0.0,0.0,0.0,0.0,0.0,0.0,0.0,0.0,2,0,0.0,0.0,0.0,0.0,0.0,0.0,0.0,0.0,0.0,0.0,0.0,0.0,0.0,0.0,552.0,127.0,0.0,0.0,0.0,0.0,0.0,0.0,0.0,0.0,0.0,0.0,0.0,0.0,0.0
250,Bernd,Leno,Leno,a,,,4.5,427,25,3.2,99,18,2.5,120,9,3,0,0,0,0,41066,26785,0.6,1.1,2.5,2.5,2.5,126,9,,,62,8,392,27,324,26,174,9,,,,,,,,0.0,0.0,0.0,2.13,3.0,0.0,2.0,1.0,0.0,2,3,90.0,0.0,0.0,0.0,1.0,0.0,0.0,0.0,0.0,0.0,3.0,1.0,0.0,11.0,43479.0,28746.0,0.0,0.0,0.0,0.0,2.0199999999999996,19.199999999999996,0.0,0.0,1.9000000000000004,0.0,2.0,8.0,0.0
251,Benjamin,Lecomte,Lecomte,a,,,4.0,582,55,1.2,174,27,0.0,365,29,0,0,0,0,0,9083,7695,0.0,0.0,0.0,0.0,0.0,365,29,,,347,29,337,8,259,7,356,29,,,,,,,,0.0,0.0,0.0,0.0,0.0,0.0,0.0,0.0,0.0,2,0,0.0,0.0,0.0,0.0,0.0,0.0,0.0,0.0,0.0,0.0,0.0,0.0,0.0,0.0,9373.0,8535.0,0.0,0.0,0.0,0.0,0.0,0.0,0.0,0.0,0.0,0.0,0.0,0.0,0.0
252,Alfie,McNally,McNally,u,Has joined York City on loan for the rest of the season,,4.0,628,70,0.1,374,43,0.0,396,44,0,0,0,0,0,1784,2572,0.0,0.0,0.0,0.0,0.0,396,44,0.0,,378,44,370,23,295,22,388,44,,,,,,,,0.0,0.0,0.0,0.0,0.0,0.0,0.0,0.0,0.0,2,0,0.0,0.0,0.0,0.0,0.0,0.0,0.0,0.0,0.0,0.0,0.0,0.0,0.0,0.0,1928.0,2670.0,0.0,0.0,0.0,0.0,0.0,0.0,0.0,0.0,0.0,0.0,0.0,0.0,0.0
253,Joachim,Andersen,Andersen,a,,,5.0,260,40,0.1,376,139,0.5,301,111,1,0,0,0,0,5784,2124,0.1,0.2,0.5,0.5,1.0,267,103,100.0,100.0,191,82,161,48,227,85,211,82,,,,,,,,0.0,0.04,0.04,2.02,0.0,0.0,1.0,1.0,8.0,2,1,90.0,0.0,0.0,0.0,1.0,0.0,0.0,0.0,1.0,0.0,0.0,1.0,0.0,4.0,6332.0,2229.0,0.0,0.0,0.04,0.04,2.02,17.8,12.9,2.0,3.3,0.0,8.0,2.0,8.0
254,Antonee,Robinson,Robinson,a,,,4.5,449,93,1.7,140,59,1.5,179,61,2,0,0,0,0,14835,17062,0.3,0.7,1.5,1.5,1.5,194,63,,,132,60,82,25,209,76,138,51,,,2.0,,,,,0.07,0.03,0.1,2.23,0.0,0.0,2.11,1.05,5.26,2,2,90.0,0.0,0.0,0.0,1.0,0.0,0.0,0.0,0.0,0.0,0.0,1.0,0.0,10.0,16500.0,18316.0,0.0,0.0,0.019999999999999997,0.01999999999999999,2.0200000000000005,9.799999999999997,4.600000000000001,0.0,1.4000000000000004,3.0,0.0,2.0,3.0
255,Jorge,Cuenca Barreno,J.Cuenca,a,,,4.5,486,121,0.0,528,182,1.5,180,62,0,0,0,0,0,504,686,0.3,0.7,1.5,1.5,3.0,104,39,,,127,56,121,37,363,159,156,58,,,,,,,,0.0,0.03,0.03,2.24,0.0,0.0,3.0,1.0,10.0,2,0,0.0,0.0,0.0,0.0,0.0,0.0,0.0,0.0,0.0,0.0,0.0,0.0,0.0,0.0,644.0,738.0,0.0,0.0,0.0,0.0,0.0,0.0,0.0,0.0,0.0,0.0,0.0,0.0,0.0
257,Calvin,Bassey,Bassey,a,,,4.5,477,114,0.8,220,82,1.0,221,78,2,0,0,0,0,8136,7922,0.2,0.4,1.0,1.0,1.0,246,90,,,124,55,199,64,220,82,189,72,,,,,,,,0.01,0.02,0.03,2.13,0.0,0.0,2.0,1.0,5.5,2,2,90.0,0.0,0.0,0.0,1.0,0.0,0.0,0.0,0.0,0.0,0.0,1.0,0.0,13.0,8954.0,8897.0,0.0,0.0,0.009999999999999998,0.010000000000000002,2.0199999999999996,19.400000000000002,2.6000000000000005,0.0,2.2,1.0,6.0,6.0,7.0
258,Timothy,Castagne,Castagne,a,,,4.5,447,91,1.0,194,74,6.0,36,13,6,0,0,0,0,43848,10740,1.3,2.7,6.0,6.0,6.0,38,14,,,103,46,87,26,81,18,80,23,,,,,,,,0.05,0.1,0.15,1.43,0.0,0.57,1.72,1.15,4.59,2,6,67.0,0.0,0.0,1.0,0.0,0.0,0.0,0.0,0.0,0.0,0.0,1.0,0.0,18.0,46706.0,11314.0,0.0,0.0,0.0,0.0,0.2599999999999998,0.0,0.6999999999999993,0.0,0.0,1.0,1.0,2.0,2.0
261,Alex,Iwobi,Iwobi,a,,,5.5,126,81,0.9,205,64,2.0,159,79,2,0,0,0,0,7296,16767,0.4,0.7,2.0,2.0,2.0,172,83,,,158,57,37,30,239,115,114,58,1.0,1.0,3.0,,,,,0.0,0.22,0.22,2.13,0.0,0.0,2.0,1.0,7.0,2,2,90.0,0.0,0.0,0.0,1.0,0.0,0.0,0.0,0.0,0.0,0.0,1.0,0.0,20.0,8400.0,18482.0,0.0,0.01,0.4,0.41000000000000003,2.0199999999999996,11.999999999999998,35.5,2.0,5.0,1.0,1.0,2.0,4.0
256,Kenny,Tete,Tete,a,,,4.5,448,92,0.2,328,120,0.0,430,162,0,0,0,0,0,427,3001,0.0,0.0,0.0,0.0,0.0,430,162,,,411,163,406,162,340,144,421,163,,,,,,,,0.0,0.0,0.0,0.0,0.0,0.0,0.0,0.0,0.0,2,0,0.0,0.0,0.0,0.0,0.0,0.0,0.0,0.0,0.0,0.0,0.0,0.0,0.0,0.0,479.0,3372.0,0.0,0.0,0.0,0.0,0.0,0.0,0.0,0.0,0.0,0.0,0.0,0.0,0.0
262,Emile,Smith Rowe,Smith Rowe,a,,,5.5,143,88,0.3,294,99,0.5,335,158,1,0,0,0,0,1418,6492,0.1,0.2,0.5,0.5,1.0,314,148,,,272,124,113,69,175,86,208,92,,,,,,,,0.39,0.13,0.52,2.64,0.0,0.0,0.0,0.0,6.43,2,1,14.0,0.0,0.0,0.0,0.0,0.0,0.0,0.0,0.0,0.0,0.0,0.0,0.0,5.0,1696.0,7355.0,0.0,0.06,0.02,0.08,0.41,5.2,22.8,7.0,3.5,0.0,0.0,1.0,1.0
263,Kevin,Santos Lopes de Macedo,Kevin,a,,,5.4,231,145,0.0,497,202,1.0,251,119,1,-1,1,-1,1,548,1338,0.2,0.4,1.0,1.0,1.0,306,143,,,271,123,224,121,579,241,303,136,3.0,,,,,,,0.0,0.19,0.19,0.75,0.0,0.0,0.0,0.0,11.25,2,1,7.0,0.0,0.0,0.0,0.0,0.0,0.0,0.0,0.0,0.0,0.0,0.0,0.0,2.0,611.0,1482.0,0.0,0.0,0.04,0.04,0.17,0.0,1.5,0.0,0.10000000000000009,0.0,0.0,0.0,0.0
264,Oscar,Bobb,Bobb,a,,,5.5,175,108,0.3,288,96,2.5,136,63,3,0,0,0,0,4603,5965,0.5,0.9,2.5,2.5,2.5,141,63,,,198,77,97,60,132,67,154,73,2.0,,,,,,,0.0,0.18,0.18,1.67,0.0,0.68,2.03,1.35,7.44,2,3,67.0,0.0,0.0,1.0,0.0,0.0,0.0,0.0,0.0,0.0,0.0,1.0,0.0,8.0,5404.0,6362.0,0.0,0.0,0.010000000000000009,0.010000000000000009,0.26000000000000023,7.0,12.399999999999999,6.0,2.5,2.0,1.0,2.0,5.0
265,Sander,Berge,Berge,a,,,5.0,270,167,0.3,282,94,2.0,152,73,2,0,0,0,0,1859,5148,0.4,0.8,2.0,2.0,2.0,161,75,,,178,69,32,26,155,77,99,51,,,,,,,,0.02,0.13,0.15,2.37,0.0,0.0,2.34,1.17,3.51,2,2,82.0,0.0,0.0,0.0,1.0,0.0,0.0,0.0,0.0,0.0,0.0,1.0,0.0,14.0,2058.0,5677.0,0.0,0.0,0.2,0.2,1.8499999999999996,6.000000000000002,27.9,2.0,3.5999999999999996,0.0,0.0,2.0,2.0
266,Tom,Cairney,Cairney,i,Knee injury - Expected back 10 Oct,,5.0,239,150,0.0,629,273,0.0,527,213,0,0,0,0,0,24,81,0.0,0.0,0.0,0.0,0.0,527,213,0.0,0.0,510,202,512,210,459,169,519,206,,,,,,,,0.0,0.0,0.0,0.0,0.0,0.0,0.0,0.0,0.0,2,0,0.0,0.0,0.0,0.0,0.0,0.0,0.0,0.0,0.0,0.0,0.0,0.0,0.0,0.0,24.0,89.0,0.0,0.0,0.0,0.0,0.0,0.0,0.0,0.0,0.0,0.0,0.0,0.0,0.0
268,Josh,King,King,a,,,5.5,196,123,0.7,224,73,4.5,72,34,2,0,0,0,0,22947,13372,0.8,1.6,4.5,4.5,4.5,75,36,,,49,25,124,75,20,11,34,27,,,,,,,,0.32,0.04,0.36,2.13,0.0,0.0,2.0,1.0,6.0,2,2,90.0,0.0,0.0,0.0,1.0,0.0,0.0,0.0,0.0,0.0,0.0,1.0,0.0,8.0,30181.0,14299.0,0.0,0.47,0.030000000000000006,0.5,2.0199999999999996,10.600000000000001,4.500000000000002,21.0,3.5999999999999996,2.0,1.0,1.0,4.0
269,Ryan,Sessegnon,Sessegnon,a,,,4.5,454,96,0.4,280,104,1.0,217,74,1,0,0,0,0,878,4802,0.2,0.4,1.0,1.0,1.0,239,83,,,204,85,174,55,70,15,155,57,,,,,,,,0.12,0.28,0.4,4.15,0.0,0.0,2.31,0.0,4.62,2,1,22.0,0.0,0.0,0.0,1.0,0.0,0.0,0.0,0.0,0.0,0.0,0.0,0.0,3.0,1023.0,5382.0,0.0,0.020000000000000004,0.12,0.14,1.77,8.6,11.0,8.0,2.8000000000000003,1.0,0.0,1.0,1.0
270,Harrison,Reed,Reed,a,,,4.5,444,259,1.3,164,50,0.0,428,172,0,0,0,0,0,8022,18958,0.0,0.0,0.0,0.0,0.0,428,172,,,409,160,404,169,338,126,419,165,,,,,,,,0.0,0.0,0.0,0.0,0.0,0.0,0.0,0.0,0.0,2,0,0.0,0.0,0.0,0.0,0.0,0.0,0.0,0.0,0.0,0.0,0.0,0.0,0.0,0.0,8646.0,21312.0,0.0,0.0,0.0,0.0,0.0,0.0,0.0,0.0,0.0,0.0,0.0,0.0,0.0
271,Rodrigo,Muniz Carvalho,Muniz,a,,,5.5,151,37,0.5,260,45,0.5,338,39,0,0,0,0,0,4380,11245,0.1,0.2,0.5,0.5,1.0,315,36,,,261,23,175,18,176,30,235,26,,,,,,,,0.22,0.0,0.22,0.34,0.0,0.0,0.0,0.0,11.25,2,0,0.0,0.0,0.0,0.0,0.0,0.0,0.0,0.0,0.0,0.0,0.0,0.0,0.0,0.0,4856.0,12546.0,0.0,0.0,0.0,0.0,0.0,0.0,0.0,0.0,0.0,0.0,0.0,0.0,0.0
272,Jonah,Kusi-Asare,Kusi-Asare,a,,,4.5,563,77,6.6,62,9,0.0,499,54,0,0,0,0,0,60219,71415,0.0,0.0,0.0,0.0,0.0,499,54,,,482,47,482,52,427,49,491,52,,,,,,,,0.0,0.0,0.0,0.0,0.0,0.0,0.0,0.0,0.0,2,0,0.0,0.0,0.0,0.0,0.0,0.0,0.0,0.0,0.0,0.0,0.0,0.0,0.0,0.0,63163.0,78502.0,0.0,0.0,0.0,0.0,0.0,0.0,0.0,0.0,0.0,0.0,0.0,0.0,0.0
569,Gonzalo,García,Gonzalo,a,,,6.0,84,18,4.7,77,11,4.0,85,10,2,0,0,0,0,127967,78519,0.7,1.3,4.0,4.0,4.0,91,14,,,82,7,198,25,17,8,51,7,,,1.0,,,,,0.5,0.01,0.51,2.13,0.0,0.0,2.0,1.0,3.0,2,2,90.0,0.0,0.0,0.0,1.0,0.0,0.0,0.0,0.0,0.0,0.0,1.0,0.0,2.0,175544.0,81904.0,0.0,0.27,0.01,0.28,2.0199999999999996,5.599999999999994,2.8,24.0,3.200000000000001,0.0,2.0,2.0,4.0
570,César,Palacios,Palacios,a,,,5.5,194,122,0.2,350,128,1.5,200,96,1,0,0,0,0,1009,3336,0.3,0.5,1.5,1.5,1.5,214,101,,,264,117,192,107,141,71,236,105,,,,,,,,0.11,0.01,0.12,2.34,0.0,0.0,2.45,1.22,7.96,2,1,75.0,0.0,0.0,0.0,1.0,0.0,0.0,0.0,1.0,0.0,0.0,1.0,0.0,6.0,1131.0,3619.0,0.0,0.01999999999999999,0.0,0.01999999999999999,1.62,3.0,1.2999999999999998,3.0,0.7,0.0,3.0,6.0,9.0
580,Shea,Charles,Charles,a,,,5.0,314,187,0.1,459,183,1.0,239,110,1,0,0,0,0,334,1238,0.2,0.4,1.0,1.0,1.0,278,121,,,288,132,217,119,186,91,283,126,,,,,,,,0.18,0.06,0.24,3.6,0.0,0.0,2.0,0.0,10.0,2,1,22.0,0.0,0.0,0.0,1.0,0.0,0.0,0.0,0.0,0.0,0.0,0.0,0.0,2.0,372.0,1378.0,0.0,0.09,0.03,0.12,1.77,0.6000000000000001,2.8,6.0,0.8999999999999999,0.0,1.0,1.0,2.0
610,Luc,De Fougerolles,De Fougerolles,d,Unspecified injury - 75% chance of playing,,4.0,634,197,0.1,416,148,0.0,401,144,0,0,0,0,0,2214,1834,0.0,0.0,0.0,0.0,0.0,401,144,75.0,75.0,383,146,375,144,300,118,393,146,,,,,,,,0.0,0.0,0.0,0.0,0.0,0.0,0.0,0.0,0.0,2,0,0.0,0.0,0.0,0.0,0.0,0.0,0.0,0.0,0.0,0.0,0.0,0.0,0.0,0.0,2613.0,1977.0,0.0,0.0,0.0,0.0,0.0,0.0,0.0,0.0,0.0,0.0,0.0,0.0,0.0
626,Macauley,Zepa,Zepa,a,,,4.5,558,283,0.4,276,92,0.0,496,192,0,0,0,0,0,21865,4800,0.0,0.0,1.0,1.0,0.0,496,192,,,478,180,479,189,423,147,488,185,,,,,,,,0.0,0.0,0.0,0.0,0.0,0.0,0.0,0.0,0.0,2,0,0.0,0.0,0.0,0.0,0.0,0.0,0.0,0.0,0.0,0.0,0.0,0.0,0.0,0.0,21865.0,4800.0,0.0,0.0,0.0,0.0,0.0,0.0,0.0,0.0,0.0,0.0,0.0,0.0,0.0
636,Manuel Ángel,Morán Ibáñez,Ángel,a,,,5.0,341,200,0.0,647,285,0.0,570,234,0,0,0,0,0,117,13,0.0,0.0,1.5,1.5,0.0,570,234,,,557,227,564,233,526,202,565,230,,,,,,,,0.0,0.0,0.0,0.0,0.0,0.0,0.0,0.0,0.0,2,0,0.0,0.0,0.0,0.0,0.0,0.0,0.0,0.0,0.0,0.0,0.0,0.0,0.0,0.0,117.0,13.0,0.0,0.0,0.0,0.0,0.0,0.0,0.0,0.0,0.0,0.0,0.0,0.0,0.0
650,David,Affengruber,Affengruber,a,,,4.5,493,127,0.0,632,209,0.0,451,175,0,0,0,0,0,202,27,0.0,0.0,1.8,1.8,0.0,451,175,,,432,176,429,176,368,163,442,176,,,,,,,,0.0,0.0,0.0,0.0,0.0,0.0,0.0,0.0,0.0,2,0,0.0,0.0,0.0,0.0,0.0,0.0,0.0,0.0,0.0,0.0,0.0,0.0,0.0,0.0,202.0,27.0,0.0,0.0,0.0,0.0,0.0,0.0,0.0,0.0,0.0,0.0,0.0,0.0,0.0
273,Dillon,Phillips,Phillips,a,,,4.0,592,60,1.5,150,21,0.0,372,34,0,0,0,0,0,9209,11136,0.0,0.0,0.0,0.0,0.0,372,34,,,354,34,345,13,267,12,363,34,,,,,,,,0.0,0.0,0.0,0.0,0.0,0.0,0.0,0.0,0.0,2,0,0.0,0.0,0.0,0.0,0.0,0.0,0.0,0.0,0.0,0.0,0.0,0.0,0.0,0.0,9629.0,12472.0,0.0,0.0,0.0,0.0,0.0,0.0,0.0,0.0,0.0,0.0,0.0,0.0,0.0
635,Hugo,Larsson,Larsson,a,,,5.0,363,218,0.0,631,275,0.0,580,242,0,0,0,0,0,283,26,0.0,0.0,1.5,1.5,0.0,580,242,,,567,235,574,241,538,212,575,238,,,,,,,,0.0,0.0,0.0,0.0,0.0,0.0,0.0,0.0,0.0,2,0,0.0,0.0,0.0,0.0,0.0,0.0,0.0,0.0,0.0,0.0,0.0,0.0,0.0,0.0,283.0,26.0,0.0,0.0,0.0,0.0,0.0,0.0,0.0,0.0,0.0,0.0,0.0,0.0,0.0
240,Tim,Iroegbunam,Iroegbunam,a,,,5.0,328,193,0.0,589,246,0.5,313,141,1,0,0,0,0,306,184,0.1,0.2,0.5,0.0,1.0,281,123,100.0,0.0,550,223,556,229,516,197,558,226,,,,,,,,0.0,0.0,0.0,0.0,0.0,0.0,0.0,0.0,0.0,2,1,4.0,0.0,0.0,0.0,0.0,0.0,0.0,0.0,0.0,0.0,0.0,0.0,0.0,2.0,308.0,222.0,0.0,0.0,0.0,0.0,0.0,0.0,0.0,0.0,0.0,0.0,0.0,0.0,0.0
274,Jack,Butland,Butland,i,Arm injury - Unknown return date,,4.5,433,27,0.1,454,51,0.0,420,48,0,0,0,0,0,164,1462,0.0,0.0,0.0,0.0,0.0,420,48,0.0,0.0,401,48,395,29,329,28,411,48,,,,,,,,0.0,0.0,0.0,0.0,0.0,0.0,0.0,0.0,0.0,2,0,0.0,0.0,0.0,0.0,0.0,0.0,0.0,0.0,0.0,0.0,0.0,0.0,0.0,0.0,184.0,1660.0,0.0,0.0,0.0,0.0,0.0,0.0,0.0,0.0,0.0,0.0,0.0,0.0,0.0
275,Harvey,Cartwright,Cartwright,u,Has joined Grimsby Town on loan for the rest of the season,,4.0,623,69,0.0,609,71,0.0,391,43,0,0,0,0,0,0,82,0.0,0.0,0.0,0.0,0.0,391,43,0.0,0.0,373,43,365,22,290,21,383,43,,,,,,,,0.0,0.0,0.0,0.0,0.0,0.0,0.0,0.0,0.0,2,0,0.0,0.0,0.0,0.0,0.0,0.0,0.0,0.0,0.0,0.0,0.0,0.0,0.0,0.0,0.0,87.0,0.0,0.0,0.0,0.0,0.0,0.0,0.0,0.0,0.0,0.0,0.0,0.0,0.0
276,Thimothée,Lo-Tutala,Lo-Tutala,u,Has joined Colchester United on loan for the rest of the season,,4.0,612,66,0.0,544,63,0.0,384,40,0,0,0,0,0,0,269,0.0,0.0,0.0,0.0,0.0,384,40,0.0,0.0,366,40,358,19,282,18,376,40,,,,,,,,0.0,0.0,0.0,0.0,0.0,0.0,0.0,0.0,0.0,2,0,0.0,0.0,0.0,0.0,0.0,0.0,0.0,0.0,0.0,0.0,0.0,0.0,0.0,0.0,0.0,302.0,0.0,0.0,0.0,0.0,0.0,0.0,0.0,0.0,0.0,0.0,0.0,0.0,0.0
277,John,Egan,Egan,a,,,4.0,585,162,5.9,66,27,8.5,12,5,9,0,0,0,0,331514,56732,2.1,4.2,8.5,8.5,8.5,14,6,,,21,5,304,113,216,78,122,43,,,,,,,,0.0,0.0,0.0,1.56,0.0,1.0,0.0,1.0,17.0,2,9,90.0,0.0,0.0,1.0,0.0,0.0,0.0,0.0,0.0,0.0,0.0,1.0,1.0,25.0,335517.0,58810.0,0.0,0.0,0.0,0.0,1.29,23.800000000000004,0.4,0.0,2.4000000000000004,1.0,12.0,1.0,13.0
278,Charlie,Hughes,Hughes,i,Groin injury - Unknown return date,,4.0,627,191,0.1,441,157,0.0,395,139,0,0,0,0,0,136,1816,0.0,0.0,0.0,0.0,0.0,395,139,0.0,0.0,377,141,369,139,294,113,387,141,,,,,,,,0.0,0.0,0.0,0.0,0.0,0.0,0.0,0.0,0.0,2,0,0.0,0.0,0.0,0.0,0.0,0.0,0.0,0.0,0.0,0.0,0.0,0.0,0.0,0.0,146.0,2041.0,0.0,0.0,0.0,0.0,0.0,0.0,0.0,0.0,0.0,0.0,0.0,0.0,0.0
279,Semi,Ajayi,Ajayi,a,,,4.1,574,159,10.1,43,16,10.0,3,1,6,1,-1,1,-1,627749,67922,2.4,4.9,10.0,10.0,10.0,4,1,100.0,100.0,31,9,282,101,54,10,73,19,,,,,,,,0.31,0.0,0.31,1.26,0.0,1.18,0.0,1.18,8.24,2,6,90.0,0.0,0.0,1.0,0.0,0.0,0.0,0.0,0.0,0.0,0.0,1.0,0.0,24.0,649094.0,69759.0,0.0,0.0,0.0,0.0,1.29,15.599999999999994,0.8,0.0,1.5999999999999996,2.0,5.0,5.0,7.0
280,Lewie,Coyle,Coyle,d,Unspecified injury - 75% chance of playing,,4.0,598,170,0.5,250,95,3.0,98,38,0,0,0,0,0,1520,10101,0.8,1.5,2.2,3.0,3.0,103,38,75.0,100.0,231,95,173,54,272,99,245,91,,,,,,,,0.0,0.01,0.01,1.78,0.0,0.79,0.0,1.58,4.74,2,0,45.0,0.0,0.0,0.0,0.0,0.0,0.0,0.0,1.0,0.0,0.0,1.0,0.0,2.0,2345.0,10635.0,0.0,0.0,0.0,0.0,1.09,4.6000000000000005,0.29999999999999893,0.0,0.5000000000000002,0.0,4.0,1.0,4.0
281,Cody,Drameh,Drameh,u,Has joined Genoa permanently,,4.0,609,178,0.1,476,169,1.0,210,68,1,0,0,0,0,1010,1662,0.2,0.5,0.0,1.0,1.0,227,72,0.0,100.0,256,100,311,117,247,90,299,108,,,,,,,,0.07,0.0,0.07,1.2,0.0,0.0,0.0,0.0,8.31,2,1,45.0,0.0,0.0,0.0,0.0,0.0,0.0,0.0,0.0,0.0,0.0,0.0,0.0,4.0,1137.0,1719.0,0.0,0.0,0.0,0.0,0.19999999999999996,4.2,0.4,0.0,0.5,0.0,3.0,2.0,3.0
282,Ryan,Giles,Giles,a,,,4.0,606,177,1.2,175,69,6.0,35,12,6,0,0,0,0,26588,8275,1.5,3.0,6.0,6.0,6.0,37,13,,,162,74,69,17,183,62,137,50,1.0,1.0,,,,,,0.01,0.07,0.08,1.58,0.0,1.03,0.0,1.03,4.14,2,6,90.0,0.0,0.0,1.0,0.0,0.0,0.0,0.0,0.0,0.0,0.0,1.0,0.0,21.0,27972.0,9096.0,0.0,0.0,0.07,0.07,1.2899999999999998,9.599999999999998,14.999999999999996,2.0,2.7,1.0,1.0,4.0,2.0
283,Matty,Jacob,Jacob,u,Has joined Newport County on loan until January,,4.0,613,180,0.0,596,200,0.0,385,132,0,0,0,0,0,57,209,0.0,0.0,0.0,0.0,0.0,385,132,0.0,0.0,367,134,359,132,283,105,377,134,,,,,,,,0.0,0.0,0.0,0.0,0.0,0.0,0.0,0.0,0.0,2,0,0.0,0.0,0.0,0.0,0.0,0.0,0.0,0.0,0.0,0.0,0.0,0.0,0.0,0.0,67.0,240.0,0.0,0.0,0.0,0.0,0.0,0.0,0.0,0.0,0.0,0.0,0.0,0.0,0.0
284,Cathal,McCarthy,McCarthy,a,,,4.0,652,214,0.1,435,155,0.0,415,157,0,0,0,0,0,1495,1205,0.0,0.0,0.0,0.0,0.0,415,157,,,397,159,389,157,317,134,407,159,,,,,,,,0.0,0.0,0.0,0.0,0.0,0.0,0.0,0.0,0.0,2,0,0.0,0.0,0.0,0.0,0.0,0.0,0.0,0.0,0.0,0.0,0.0,0.0,0.0,0.0,1572.0,1323.0,0.0,0.0,0.0,0.0,0.0,0.0,0.0,0.0,0.0,0.0,0.0,0.0,0.0
285,Paddy,McNair,McNair,a,,,4.0,590,164,0.1,401,146,0.5,271,87,0,0,0,0,0,997,1490,0.1,0.2,0.5,0.5,1.0,223,68,,,282,105,344,124,266,95,314,112,,,,,,,,0.0,0.0,0.0,3.32,0.0,0.0,0.0,0.0,6.92,2,0,0.0,0.0,0.0,0.0,0.0,0.0,0.0,0.0,0.0,0.0,0.0,0.0,0.0,0.0,1060.0,1602.0,0.0,0.0,0.0,0.0,0.0,0.0,0.0,0.0,0.0,0.0,0.0,0.0,0.0
286,Mohamed,Belloumi,Belloumi,a,,,5.0,358,213,0.8,206,65,4.5,68,33,6,0,0,0,0,26435,10376,0.9,1.8,4.5,4.5,4.5,72,35,,,121,44,153,92,96,50,130,66,3.0,2.0,,,,,,0.09,0.03,0.12,1.54,0.0,1.05,0.0,1.05,10.47,2,6,82.0,0.0,1.0,1.0,0.0,0.0,0.0,0.0,0.0,0.0,0.0,1.0,0.0,23.0,28645.0,11111.0,0.0,0.12000000000000001,0.020000000000000004,0.14,1.1099999999999999,23.199999999999996,12.100000000000001,11.0,4.6,2.0,3.0,5.0,10.0
287,Liam,Millar,Millar,u,Has joined Birmingham on loan for the rest of the season,,5.0,292,176,0.1,475,189,3.0,103,45,6,0,0,0,0,2873,2717,0.6,1.2,0.0,3.0,3.0,109,46,0.0,,114,42,281,144,114,59,165,79,,,,,,,,1.04,0.0,1.04,1.57,0.0,0.0,0.0,0.0,7.2,2,6,31.0,1.0,0.0,0.0,0.0,0.0,0.0,0.0,0.0,0.0,0.0,0.0,0.0,24.0,2910.0,2912.0,0.0,0.58,0.0,0.58,0.19999999999999996,34.0,0.8,13.0,4.8,0.0,1.0,0.0,1.0
288,Kieran,Dowell,Dowell,a,,,4.5,450,260,0.4,281,93,0.0,431,173,0,0,0,0,0,5735,5898,0.0,0.0,0.0,0.0,0.0,431,173,,,412,161,407,170,341,127,422,166,,,,,,,,0.0,0.0,0.0,0.0,0.0,0.0,0.0,0.0,0.0,2,0,0.0,0.0,0.0,0.0,0.0,0.0,0.0,0.0,0.0,0.0,0.0,0.0,0.0,0.0,5946.0,6530.0,0.0,0.0,0.0,0.0,0.0,0.0,0.0,0.0,0.0,0.0,0.0,0.0,0.0
289,Matt,Crooks,Crooks,d,Thigh injury - 75% chance of playing,,4.5,432,257,0.6,242,82,1.0,216,102,0,0,0,0,0,2875,15146,0.2,0.4,0.8,1.0,2.0,152,70,75.0,,182,70,234,126,328,124,250,113,,,,,,,,0.0,0.0,0.0,1.83,0.0,1.0,0.0,1.0,9.0,2,0,0.0,0.0,0.0,0.0,0.0,0.0,0.0,0.0,0.0,0.0,0.0,0.0,0.0,0.0,4447.0,16031.0,0.0,0.0,0.0,0.0,0.0,0.0,0.0,0.0,0.0,0.0,0.0,0.0,0.0
290,Regan,Slater,Slater,a,,,4.5,480,263,5.0,74,24,4.0,77,35,2,0,0,0,0,156036,65605,0.9,1.8,4.0,4.0,4.0,80,37,,,140,51,116,71,221,105,160,75,2.0,,,,,,,0.0,0.22,0.22,1.56,0.0,1.0,0.0,1.0,6.5,2,2,90.0,0.0,0.0,1.0,0.0,0.0,0.0,0.0,1.0,0.0,0.0,1.0,0.0,6.0,173453.0,69118.0,0.0,0.0,0.010000000000000009,0.010000000000000009,1.29,9.8,2.8000000000000007,2.0,1.5,4.0,2.0,4.0,10.0
291,Eliot,Matazo,Matazo,i,Knee injury - Unknown return date,,4.5,499,265,0.0,616,263,0.0,453,176,0,0,0,0,0,102,133,0.0,0.0,0.0,0.0,0.0,453,176,0.0,0.0,434,164,432,173,372,131,444,169,,,,,,,,0.0,0.0,0.0,0.0,0.0,0.0,0.0,0.0,0.0,2,0,0.0,0.0,0.0,0.0,0.0,0.0,0.0,0.0,0.0,0.0,0.0,0.0,0.0,0.0,113.0,143.0,0.0,0.0,0.0,0.0,0.0,0.0,0.0,0.0,0.0,0.0,0.0,0.0,0.0
292,Abdülkadir,Ömür,Ömür,a,,,4.9,396,240,0.0,575,238,0.0,510,200,0,-1,1,-1,1,315,450,0.0,0.0,0.0,0.0,0.0,510,200,,,493,189,494,197,439,155,502,193,,,,,,,,0.0,0.0,0.0,0.0,0.0,0.0,0.0,0.0,0.0,2,0,0.0,0.0,0.0,0.0,0.0,0.0,0.0,0.0,0.0,0.0,0.0,0.0,0.0,0.0,335.0,506.0,0.0,0.0,0.0,0.0,0.0,0.0,0.0,0.0,0.0,0.0,0.0,0.0,0.0
293,Abu,Kamara,Kamara,u,Has joined Portsmouth permanently,,5.0,329,194,0.0,638,279,0.0,563,231,0,0,0,0,0,0,96,0.0,0.0,0.0,0.0,0.0,563,231,0.0,0.0,551,224,557,230,517,198,559,227,,,,,,,,0.0,0.0,0.0,0.0,0.0,0.0,0.0,0.0,0.0,2,0,0.0,0.0,0.0,0.0,0.0,0.0,0.0,0.0,0.0,0.0,0.0,0.0,0.0,0.0,0.0,114.0,0.0,0.0,0.0,0.0,0.0,0.0,0.0,0.0,0.0,0.0,0.0,0.0,0.0
294,Óscar,Zambrano,Zambrano,i,Thigh injury - Unknown return date,,4.5,533,273,0.1,439,174,0.0,477,184,0,0,0,0,0,645,1905,0.0,0.0,0.0,0.0,0.0,477,184,0.0,0.0,458,172,460,181,402,139,468,177,,,,,,,,0.0,0.0,0.0,0.0,0.0,0.0,0.0,0.0,0.0,2,0,0.0,0.0,0.0,0.0,0.0,0.0,0.0,0.0,0.0,0.0,0.0,0.0,0.0,0.0,723.0,2087.0,0.0,0.0,0.0,0.0,0.0,0.0,0.0,0.0,0.0,0.0,0.0,0.0,0.0
295,Oli,McBurnie,McBurnie,a,,,5.5,128,32,2.0,128,19,3.0,107,13,1,0,0,0,0,40421,49544,0.5,1.1,3.0,3.0,3.0,113,17,,,188,17,64,5,23,10,53,8,,,1.0,,,,,0.08,0.01,0.09,1.56,0.0,1.0,0.0,1.0,4.5,2,1,90.0,0.0,0.0,1.0,0.0,0.0,0.0,0.0,1.0,0.0,0.0,1.0,0.0,7.0,55411.0,52563.0,0.0,0.0,0.01,0.009999999999999981,1.29,0.8000000000000007,13.299999999999997,8.0,2.1999999999999993,0.0,0.0,4.0,4.0
296,David,Akintola,Akintola,a,,,5.0,274,170,0.0,505,207,0.0,539,219,0,0,0,0,0,1265,1332,0.0,0.0,0.0,0.0,0.0,539,219,,,527,211,528,216,482,180,534,213,,,,,,,,0.0,0.0,0.0,0.0,0.0,0.0,0.0,0.0,0.0,2,0,0.0,0.0,0.0,0.0,0.0,0.0,0.0,0.0,0.0,0.0,0.0,0.0,0.0,0.0,1354.0,1441.0,0.0,0.0,0.0,0.0,0.0,0.0,0.0,0.0,0.0,0.0,0.0,0.0,0.0
297,Darko,Gyabi,Gyabi,i,Thigh injury - Unknown return date,,4.5,500,266,0.0,562,233,0.0,454,177,0,0,0,0,0,140,442,0.0,0.0,0.0,0.0,0.0,454,177,0.0,0.0,435,165,433,174,373,132,445,170,,,,,,,,0.0,0.0,0.0,0.0,0.0,0.0,0.0,0.0,0.0,2,0,0.0,0.0,0.0,0.0,0.0,0.0,0.0,0.0,0.0,0.0,0.0,0.0,0.0,0.0,149.0,477.0,0.0,0.0,0.0,0.0,0.0,0.0,0.0,0.0,0.0,0.0,0.0,0.0,0.0
298,Enis,Destan,Destan,u,Has joined Konyaspor permanently,,4.5,518,68,0.2,313,52,0.0,463,46,0,0,0,0,0,0,5560,0.0,0.0,0.0,0.0,0.0,463,46,0.0,0.0,444,38,446,44,388,40,454,43,,,,,,,,0.0,0.0,0.0,0.0,0.0,0.0,0.0,0.0,0.0,2,0,0.0,0.0,0.0,0.0,0.0,0.0,0.0,0.0,0.0,0.0,0.0,0.0,0.0,0.0,0.0,6283.0,0.0,0.0,0.0,0.0,0.0,0.0,0.0,0.0,0.0,0.0,0.0,0.0,0.0
299,Mason,Burstow,Burstow,u,Has joined Sheffield Wednesday on loan for the rest of the season,,4.5,526,69,0.0,510,69,0.0,471,47,0,0,0,0,0,0,777,0.0,0.0,0.0,0.0,0.0,471,47,0.0,0.0,452,39,454,45,396,41,462,44,,,,,,,,0.0,0.0,0.0,0.0,0.0,0.0,0.0,0.0,0.0,2,0,0.0,0.0,0.0,0.0,0.0,0.0,0.0,0.0,0.0,0.0,0.0,0.0,0.0,0.0,0.0,870.0,0.0,0.0,0.0,0.0,0.0,0.0,0.0,0.0,0.0,0.0,0.0,0.0,0.0
340,Joe,Gelhardt,Gelhardt,a,,,5.0,313,186,0.0,597,253,0.0,557,227,0,0,0,0,0,97,223,0.0,0.0,0.0,0.0,0.0,557,227,100.0,0.0,544,219,548,225,506,192,552,222,,,,,,,,0.0,0.0,0.0,0.0,0.0,0.0,0.0,0.0,0.0,2,0,0.0,0.0,0.0,0.0,0.0,0.0,0.0,0.0,0.0,0.0,0.0,0.0,0.0,0.0,102.0,263.0,0.0,0.0,0.0,0.0,0.0,0.0,0.0,0.0,0.0,0.0,0.0,0.0,0.0
556,Matt,Targett,Targett,a,,,4.0,593,166,2.1,125,52,0.5,273,89,0,0,0,0,0,10365,23001,0.1,0.2,0.5,0.5,1.0,225,70,,,331,123,346,125,268,96,364,127,,,,,,,,0.0,0.0,0.0,1.26,0.0,0.0,0.0,0.0,0.0,2,0,0.0,0.0,0.0,0.0,0.0,0.0,0.0,0.0,0.0,0.0,0.0,0.0,0.0,0.0,10936.0,25301.0,0.0,0.0,0.0,0.0,0.0,0.0,0.0,0.0,0.0,0.0,0.0,0.0,0.0
563,Hidemasa,Morita,Morita,a,,,5.0,305,181,0.0,553,227,0.5,309,138,1,0,0,0,0,418,314,0.1,0.2,0.5,0.5,1.0,276,119,100.0,100.0,230,95,157,94,500,188,239,107,,,,,,,,0.0,0.0,0.0,2.18,0.0,0.0,0.0,2.0,6.0,2,1,45.0,0.0,0.0,0.0,0.0,0.0,0.0,0.0,0.0,0.0,0.0,1.0,0.0,6.0,445.0,334.0,0.0,0.0,0.0,0.0,1.09,11.0,13.4,0.0,2.4,0.0,2.0,1.0,3.0
572,Konstantinos,Tzolakis,Tzolakis,a,,,4.6,422,22,8.2,51,7,10.0,4,1,10,1,-1,1,-1,365722,59741,2.2,4.3,10.0,10.0,10.0,5,1,,,29,5,489,51,434,50,142,4,,,,,,,,0.0,0.0,0.0,1.56,4.0,1.0,0.0,1.0,0.0,2,10,90.0,0.0,0.0,1.0,0.0,0.0,0.0,0.0,0.0,0.0,3.0,1.0,3.0,32.0,382909.0,62249.0,0.0,0.0,0.0,0.0,1.29,26.199999999999996,0.0,0.0,2.5999999999999996,0.0,0.0,11.0,0.0
574,Jens,Hjertø-Dahl,Hjertø-Dahl,a,,,5.0,365,219,0.1,481,192,0.0,582,243,0,0,0,0,0,321,1450,0.0,0.0,0.0,0.0,0.0,582,243,,,569,236,576,242,540,213,577,239,,,,,,,,0.0,0.0,0.0,0.0,0.0,0.0,0.0,0.0,0.0,2,0,0.0,0.0,0.0,0.0,0.0,0.0,0.0,0.0,0.0,0.0,0.0,0.0,0.0,0.0,355.0,1622.0,0.0,0.0,0.0,0.0,0.0,0.0,0.0,0.0,0.0,0.0,0.0,0.0,0.0
576,Elliot,Stroud,Stroud,a,,,5.0,375,227,0.1,443,176,1.5,192,91,0,0,0,0,0,768,1676,0.3,0.6,1.5,1.5,1.5,206,96,,,243,103,189,105,173,84,247,111,,,,,,,,0.01,0.03,0.04,1.58,0.0,0.7,0.0,1.41,9.14,2,0,58.0,0.0,0.0,0.0,0.0,0.0,0.0,0.0,1.0,0.0,0.0,1.0,0.0,-2.0,1008.0,1804.0,0.0,0.01,0.010000000000000002,0.020000000000000004,1.09,0.0,4.3,7.0,0.9000000000000001,0.0,2.0,5.0,7.0
585,Lucas,Herrington,Herrington,a,,,4.0,645,207,0.6,238,88,1.0,214,72,1,0,0,0,0,3424,5063,0.2,0.5,1.0,1.0,1.0,231,76,,,228,93,322,118,311,128,291,105,,,,,,,,0.0,0.0,0.0,1.83,0.0,0.0,0.0,0.0,7.89,2,1,31.0,0.0,0.0,0.0,0.0,0.0,0.0,0.0,0.0,0.0,0.0,0.0,0.0,3.0,3613.0,5691.0,0.0,0.0,0.0,0.0,0.19999999999999996,3.0,0.2,0.0,0.30000000000000004,0.0,1.0,0.0,1.0
586,Nobel,Mendy,Mendy,a,,,4.0,647,209,5.9,65,26,8.0,17,7,1,0,0,0,0,165195,68328,2.0,4.0,8.0,8.0,8.0,19,8,100.0,100.0,7,1,296,109,45,5,43,6,,,,,,,,0.22,0.0,0.22,1.45,0.0,0.74,0.0,1.49,16.36,2,1,58.0,0.0,0.0,0.0,0.0,0.0,0.0,0.0,0.0,0.0,0.0,1.0,0.0,9.0,208942.0,71200.0,0.0,0.009999999999999953,0.0,0.009999999999999953,1.0899999999999999,27.60000000000001,0.0,7.0,3.5,2.0,7.0,2.0,9.0
589,Lucas,Gourna-Douath,Gourna-Douath,a,,,5.0,319,189,0.0,547,225,0.5,312,140,1,0,0,0,0,212,342,0.1,0.2,0.5,0.5,1.0,279,122,,,218,88,286,145,510,194,284,127,,,,,,,,0.0,0.02,0.02,0.4,0.0,0.0,0.0,0.0,12.0,2,1,45.0,0.0,0.0,0.0,0.0,0.0,0.0,0.0,0.0,0.0,0.0,0.0,0.0,6.0,228.0,413.0,0.0,0.0,0.01,0.01,0.2,12.8,0.9,0.0,1.4,3.0,1.0,2.0,6.0
617,Mohamed-Ali,Cho,Cho,a,,,5.0,331,196,0.0,608,258,1.0,241,111,1,0,0,0,0,667,189,0.2,0.2,1.5,1.5,1.0,282,124,,,332,152,314,159,519,200,344,161,,,,,,,,0.0,0.0,0.0,2.31,0.0,0.0,0.0,0.0,0.0,2,1,7.0,0.0,0.0,0.0,0.0,0.0,0.0,0.0,0.0,0.0,0.0,0.0,0.0,3.0,692.0,191.0,0.0,0.0,0.0,0.0,0.18,0.4,0.3,0.0,0.1,0.0,0.0,0.0,0.0
632,Ilyas,Ansah,Ansah,a,,,5.0,381,62,0.0,548,72,0.0,586,63,0,0,0,0,0,2183,207,0.0,0.0,1.4,1.4,0.0,586,63,,,574,56,580,61,549,58,582,61,,,,,,,,0.0,0.0,0.0,0.0,0.0,0.0,0.0,0.0,0.0,2,0,0.0,0.0,0.0,0.0,0.0,0.0,0.0,0.0,0.0,0.0,0.0,0.0,0.0,0.0,2183.0,207.0,0.0,0.0,0.0,0.0,0.0,0.0,0.0,0.0,0.0,0.0,0.0,0.0,0.0
637,Robinio,Vaz,Vaz,a,,,5.0,383,64,0.0,566,73,0.0,588,65,0,0,0,0,0,1581,196,0.0,0.0,1.4,1.4,0.0,588,65,,,576,58,582,63,551,60,584,63,,,,,,,,0.0,0.0,0.0,0.0,0.0,0.0,0.0,0.0,0.0,2,0,0.0,0.0,0.0,0.0,0.0,0.0,0.0,0.0,0.0,0.0,0.0,0.0,0.0,0.0,1581.0,196.0,0.0,0.0,0.0,0.0,0.0,0.0,0.0,0.0,0.0,0.0,0.0,0.0,0.0
638,Brooke,Norton-Cuffy,Norton-Cuffy,a,,,4.0,624,188,0.2,359,134,0.0,392,136,0,0,0,0,0,6321,756,0.0,0.0,1.0,1.0,0.0,392,136,,,374,138,366,136,291,110,384,138,,,,,,,,0.0,0.0,0.0,0.0,0.0,0.0,0.0,0.0,0.0,2,0,0.0,0.0,0.0,0.0,0.0,0.0,0.0,0.0,0.0,0.0,0.0,0.0,0.0,0.0,6321.0,756.0,0.0,0.0,0.0,0.0,0.0,0.0,0.0,0.0,0.0,0.0,0.0,0.0,0.0
642,Sorba,Thomas,Thomas,a,,,5.5,150,91,0.0,622,266,0.0,615,263,0,0,0,0,0,435,56,0.0,0.0,2.0,2.0,0.0,615,263,,,608,261,612,262,597,251,613,262,,,,,,,,0.0,0.0,0.0,0.0,0.0,0.0,0.0,0.0,0.0,2,0,0.0,0.0,0.0,0.0,0.0,0.0,0.0,0.0,0.0,0.0,0.0,0.0,0.0,0.0,435.0,56.0,0.0,0.0,0.0,0.0,0.0,0.0,0.0,0.0,0.0,0.0,0.0,0.0,0.0
645,Christos,Mouzakitis,Mouzakitis,a,,,5.0,386,233,0.0,634,276,0.0,589,246,0,0,0,0,0,209,23,0.0,0.0,1.5,1.5,0.0,589,246,,,577,240,584,246,554,223,585,243,,,,,,,,0.0,0.0,0.0,0.0,0.0,0.0,0.0,0.0,0.0,2,0,0.0,0.0,0.0,0.0,0.0,0.0,0.0,0.0,0.0,0.0,0.0,0.0,0.0,0.0,209.0,23.0,0.0,0.0,0.0,0.0,0.0,0.0,0.0,0.0,0.0,0.0,0.0,0.0,0.0
259,Issa,Diop,Diop,a,,,4.0,603,174,15.4,27,8,2.0,146,52,2,0,0,0,0,43157,123584,0.5,1.0,2.0,2.0,2.0,151,54,,,65,27,278,99,217,79,168,61,,,,,,,,0.0,0.0,0.0,2.72,0.0,0.0,3.0,1.0,8.5,2,2,90.0,0.0,0.0,0.0,5.0,0.0,0.0,0.0,0.0,0.0,0.0,1.0,0.0,7.0,46424.0,136123.0,0.0,0.0,0.0,0.0,4.77,40.8,0.30000000000000004,0.0,4.1,0.0,12.0,4.0,12.0
267,Saša,Lukić,Lukić,a,,,5.0,273,169,0.1,413,161,3.0,102,44,1,0,0,0,0,804,1798,0.6,1.2,3.0,3.0,3.0,108,45,,,88,31,93,58,198,95,121,61,4.0,,,,,,,0.01,0.02,0.03,2.54,0.0,0.0,2.78,1.11,9.44,2,1,72.0,0.0,0.0,0.0,4.0,0.0,0.0,0.0,1.0,0.0,0.0,1.0,0.0,11.0,1010.0,2188.0,0.0,0.02,0.02,0.039999999999999994,3.91,17.4,11.899999999999999,2.0,3.0999999999999996,3.0,7.0,1.0,11.0
300,Christian,Walton,Walton,a,,,4.5,436,28,0.4,266,35,0.0,422,49,0,0,0,0,0,347,4435,0.0,0.0,0.0,0.0,0.0,422,49,,,403,49,397,30,331,29,413,49,,,,,,,,0.0,0.0,0.0,0.0,0.0,0.0,0.0,0.0,0.0,2,0,0.0,0.0,0.0,0.0,0.0,0.0,0.0,0.0,0.0,0.0,0.0,0.0,0.0,0.0,359.0,5361.0,0.0,0.0,0.0,0.0,0.0,0.0,0.0,0.0,0.0,0.0,0.0,0.0,0.0
301,Alex,Palmer,Palmer,a,,,4.0,586,57,4.3,84,13,0.0,368,31,0,0,0,0,0,29136,30452,0.0,0.0,0.0,0.0,0.0,368,31,,,350,31,340,10,262,9,359,31,,,,,,,,0.0,0.0,0.0,0.0,0.0,0.0,0.0,0.0,0.0,2,0,0.0,0.0,0.0,0.0,0.0,0.0,0.0,0.0,0.0,0.0,0.0,0.0,0.0,0.0,30307.0,33232.0,0.0,0.0,0.0,0.0,0.0,0.0,0.0,0.0,0.0,0.0,0.0,0.0,0.0
302,David,Button,Button,a,,,4.0,578,52,0.5,256,33,0.0,361,26,0,0,0,0,0,7416,3810,0.0,0.0,0.0,0.0,0.0,361,26,,,343,26,333,5,255,4,352,26,,,,,,,,0.0,0.0,0.0,0.0,0.0,0.0,0.0,0.0,0.0,2,0,0.0,0.0,0.0,0.0,0.0,0.0,0.0,0.0,0.0,0.0,0.0,0.0,0.0,0.0,7762.0,4065.0,0.0,0.0,0.0,0.0,0.0,0.0,0.0,0.0,0.0,0.0,0.0,0.0,0.0
303,Cédric,Kipré,Kipré,a,,,4.0,597,169,0.5,246,92,0.0,374,126,0,0,0,0,0,627,5371,0.0,0.0,0.0,0.0,0.0,374,126,,,356,128,348,126,271,98,366,128,,,,,,,,0.0,0.0,0.0,0.0,0.0,0.0,0.0,0.0,0.0,2,0,0.0,0.0,0.0,0.0,0.0,0.0,0.0,0.0,0.0,0.0,0.0,0.0,0.0,0.0,654.0,6331.0,0.0,0.0,0.0,0.0,0.0,0.0,0.0,0.0,0.0,0.0,0.0,0.0,0.0
304,Dara,O'Shea,O'Shea,a,,,4.0,602,173,3.2,101,38,2.0,145,51,0,0,0,0,0,21861,36302,0.5,1.0,2.0,2.0,2.0,150,53,,,64,26,102,31,135,43,88,27,,,,,,,,0.04,0.08,0.12,2.72,0.0,0.0,3.0,1.0,9.5,2,0,90.0,0.0,0.0,0.0,5.0,0.0,0.0,0.0,0.0,0.0,0.0,1.0,0.0,-14.0,24286.0,39140.0,0.0,0.07,0.010000000000000009,0.07999999999999999,4.77,0.0,0.8000000000000007,9.0,0.9000000000000004,0.0,1.0,2.0,1.0
305,Leif,Davis,Davis,a,,,4.0,616,183,5.2,70,30,4.0,75,27,6,0,0,0,0,62243,39468,1.0,2.0,4.0,4.0,4.0,78,27,,,25,7,136,41,34,3,36,3,2.0,2.0,,,,,,0.27,0.06,0.33,2.72,0.0,0.0,3.0,1.0,5.5,2,6,90.0,1.0,0.0,0.0,5.0,0.0,0.0,0.0,0.0,0.0,0.0,1.0,0.0,1.0,63196.0,43322.0,0.0,0.54,0.12000000000000001,0.66,4.77,47.0,14.7,50.0,11.2,0.0,4.0,1.0,4.0
306,Jacob,Greaves,Greaves,a,,,4.0,614,181,1.3,160,64,0.5,275,91,-1,0,0,0,0,2652,11151,0.1,0.2,0.5,0.5,0.5,342,112,,,118,54,232,74,284,106,199,76,,,,,,,,0.0,0.0,0.0,2.72,0.0,0.0,3.0,1.0,8.5,2,-1,90.0,0.0,0.0,0.0,5.0,1.0,0.0,0.0,1.0,0.0,0.0,1.0,0.0,-13.0,2843.0,12527.0,0.0,0.0,0.01,0.01,4.77,18.4,1.3,0.0,1.9999999999999998,1.0,9.0,4.0,10.0
307,Ben,Johnson,Johnson,u,Has joined Stoke City on loan for the rest of the season,,4.0,605,176,0.1,425,151,0.0,379,130,0,0,0,0,0,710,1349,0.0,0.0,0.0,0.0,0.0,379,130,0.0,,361,132,353,130,277,103,371,132,,,,,,,,0.0,0.0,0.0,0.0,0.0,0.0,0.0,0.0,0.0,2,0,0.0,0.0,0.0,0.0,0.0,0.0,0.0,0.0,0.0,0.0,0.0,0.0,0.0,0.0,757.0,1482.0,0.0,0.0,0.0,0.0,0.0,0.0,0.0,0.0,0.0,0.0,0.0,0.0,0.0
308,Darnell,Furlong,Furlong,a,,,4.0,596,168,0.5,247,93,0.5,274,90,1,0,0,0,0,605,4499,0.1,0.2,0.5,0.5,1.0,226,71,,,274,103,305,114,270,97,308,110,,,,,,,,0.0,0.0,0.0,4.55,0.0,0.0,5.29,0.0,15.88,2,1,17.0,0.0,0.0,0.0,1.0,0.0,0.0,0.0,0.0,0.0,0.0,0.0,0.0,-1.0,636.0,5355.0,0.0,0.0,0.0,0.0,0.86,5.0,0.5,0.0,0.6,1.0,2.0,0.0,3.0
309,Marcelino,Núñez,Núñez,a,,,5.0,342,201,0.1,392,148,3.0,105,46,2,0,0,0,0,1099,1971,0.6,1.2,3.0,3.0,3.0,111,47,,,155,56,129,78,188,92,170,82,1.0,1.0,,,,,,0.02,0.03,0.05,2.24,0.0,0.0,2.57,1.29,13.5,2,2,61.0,0.0,0.0,0.0,3.0,0.0,0.0,0.0,0.0,0.0,0.0,1.0,0.0,6.0,1300.0,2285.0,0.0,0.0,0.020000000000000004,0.020000000000000004,2.85,11.600000000000001,12.099999999999998,2.0,2.6,1.0,4.0,4.0,9.0
310,Azor,Matusiwa,Matusiwa,i,Muscular injury - Unknown return date,,5.0,294,177,0.0,637,278,0.0,547,222,0,0,0,0,0,12,67,0.0,0.0,0.0,0.0,0.0,547,222,0.0,0.0,535,214,536,219,491,184,542,216,,,,,,,,0.0,0.0,0.0,0.0,0.0,0.0,0.0,0.0,0.0,2,0,0.0,0.0,0.0,0.0,0.0,0.0,0.0,0.0,0.0,0.0,0.0,0.0,0.0,0.0,14.0,81.0,0.0,0.0,0.0,0.0,0.0,0.0,0.0,0.0,0.0,0.0,0.0,0.0,0.0
311,Wes,Burns,Burns,u,Has joined Leicester City permanently,,5.0,251,153,0.0,636,277,0.0,532,214,0,0,0,0,0,0,88,0.0,0.0,0.0,0.0,0.0,532,214,0.0,0.0,517,204,519,211,468,171,525,207,,,,,,,,0.0,0.0,0.0,0.0,0.0,0.0,0.0,0.0,0.0,2,0,0.0,0.0,0.0,0.0,0.0,0.0,0.0,0.0,0.0,0.0,0.0,0.0,0.0,0.0,0.0,100.0,0.0,0.0,0.0,0.0,0.0,0.0,0.0,0.0,0.0,0.0,0.0,0.0,0.0
312,Jack,Taylor,Taylor,i,Knee injury - Unknown return date,,4.5,475,262,0.0,527,218,0.0,441,175,0,0,0,0,0,187,691,0.0,0.0,0.0,0.0,0.0,441,175,0.0,0.0,422,163,418,172,355,129,432,168,,,,,,,,0.0,0.0,0.0,0.0,0.0,0.0,0.0,0.0,0.0,2,0,0.0,0.0,0.0,0.0,0.0,0.0,0.0,0.0,0.0,0.0,0.0,0.0,0.0,0.0,206.0,776.0,0.0,0.0,0.0,0.0,0.0,0.0,0.0,0.0,0.0,0.0,0.0,0.0,0.0
313,Jack,Clarke,Clarke,a,,,5.5,164,100,0.2,323,114,3.5,95,41,0,0,0,0,0,1162,5684,0.6,1.3,3.5,3.5,7.0,27,14,,,123,45,302,152,97,51,166,80,3.0,3.0,1.0,,,,,0.47,0.0,0.47,0.14,0.0,0.0,0.0,0.0,9.47,2,0,0.0,0.0,0.0,0.0,0.0,0.0,0.0,0.0,0.0,0.0,0.0,0.0,0.0,0.0,1582.0,6174.0,0.0,0.0,0.0,0.0,0.0,0.0,0.0,0.0,0.0,0.0,0.0,0.0,0.0
314,Chiedozie,Ogbene,Ogbene,u,Has joined Lincoln City on loan until January,,4.9,400,243,0.0,593,250,0.0,512,202,0,-1,1,-1,1,67,412,0.0,0.0,0.0,0.0,0.0,512,202,0.0,,495,191,497,199,442,157,504,195,,,,,,,,0.0,0.0,0.0,0.0,0.0,0.0,0.0,0.0,0.0,2,0,0.0,0.0,0.0,0.0,0.0,0.0,0.0,0.0,0.0,0.0,0.0,0.0,0.0,0.0,70.0,456.0,0.0,0.0,0.0,0.0,0.0,0.0,0.0,0.0,0.0,0.0,0.0,0.0,0.0
315,Abdul,Fatawu,Fatawu,a,,,5.5,184,114,0.2,336,121,3.0,112,51,4,0,0,0,0,2110,2955,0.5,1.1,3.0,3.0,3.0,117,51,,,73,29,13,13,149,73,40,30,,,,,,,,0.0,0.39,0.39,3.2,0.0,0.0,3.67,1.22,6.73,2,4,82.0,0.0,1.0,0.0,5.0,0.0,0.0,0.0,1.0,0.0,0.0,1.0,0.0,25.0,2171.0,3445.0,0.0,0.0,0.22000000000000003,0.22000000000000003,4.59,26.6,42.300000000000004,2.0,7.1,1.0,1.0,2.0,4.0
316,Emersonn,Correia da Silva,Emersonn,a,,,5.5,187,42,1.6,143,21,5.0,59,4,1,0,0,0,0,20571,51072,0.9,1.8,5.0,5.0,5.0,63,5,100.0,,70,5,54,2,42,13,41,6,,,2.0,,,,,0.67,0.05,0.72,1.15,0.0,0.0,1.64,1.64,3.27,2,1,45.0,0.0,0.0,0.0,1.0,0.0,0.0,0.0,0.0,0.0,0.0,1.0,0.0,7.0,29668.0,54257.0,0.0,0.0,0.0,0.0,0.7699999999999999,1.0,11.099999999999998,2.0,1.4000000000000004,0.0,1.0,0.0,1.0
317,George,Hirst,Hirst,u,Has joined Stoke City permanently,,5.0,284,53,0.1,412,59,0.0,542,56,0,0,0,0,0,0,4343,0.0,0.0,0.0,0.0,0.0,542,56,0.0,0.0,530,49,531,54,485,51,537,54,,,,,,,,0.0,0.0,0.0,0.0,0.0,0.0,0.0,0.0,0.0,2,0,0.0,0.0,0.0,0.0,0.0,0.0,0.0,0.0,0.0,0.0,0.0,0.0,0.0,0.0,0.0,5343.0,0.0,0.0,0.0,0.0,0.0,0.0,0.0,0.0,0.0,0.0,0.0,0.0,0.0
318,Jaden,Philogene,Philogene,i,Ankle injury - Unknown return date,,5.4,222,137,0.1,438,173,0.0,603,255,0,-1,1,-1,1,41,3431,0.0,0.0,0.0,0.0,0.0,603,255,0.0,0.0,591,249,597,254,572,234,598,251,5.0,,3.0,,,,,0.0,0.0,0.0,0.0,0.0,0.0,0.0,0.0,0.0,2,0,0.0,0.0,0.0,0.0,0.0,0.0,0.0,0.0,0.0,0.0,0.0,0.0,0.0,0.0,42.0,4296.0,0.0,0.0,0.0,0.0,0.0,0.0,0.0,0.0,0.0,0.0,0.0,0.0,0.0
319,Sam,Szmodics,Szmodics,u,Has joined Derby County on loan for the rest of the season,,5.0,258,159,0.0,625,269,0.0,536,217,0,0,0,0,0,0,189,0.0,0.0,0.0,0.0,0.0,536,217,0.0,0.0,521,207,523,214,474,176,529,210,,,,,,,,0.0,0.0,0.0,0.0,0.0,0.0,0.0,0.0,0.0,2,0,0.0,0.0,0.0,0.0,0.0,0.0,0.0,0.0,0.0,0.0,0.0,0.0,0.0,0.0,0.0,223.0,0.0,0.0,0.0,0.0,0.0,0.0,0.0,0.0,0.0,0.0,0.0,0.0,0.0
320,Chuba,Akpom,Akpom,a,,,5.0,250,51,1.1,189,30,3.0,100,12,5,0,0,0,0,62128,17105,0.6,1.2,3.0,3.0,3.0,106,16,,,119,10,259,35,92,20,153,17,,,,,,,,1.27,0.0,1.27,5.27,0.0,0.0,5.22,0.0,3.91,2,5,45.0,1.0,0.0,0.0,4.0,0.0,0.0,0.0,0.0,0.0,0.0,0.0,0.0,30.0,62707.0,18120.0,0.0,0.97,0.0,0.97,4.01,33.2,1.7,17.0,5.2,0.0,0.0,0.0,0.0
321,Sindre,Walle Egeli,Walle Egeli,a,,,4.5,536,71,3.5,94,14,0.5,291,35,0,0,0,0,0,126775,53710,0.1,0.2,0.5,0.5,1.0,254,30,,,461,41,326,41,405,43,471,46,,,,,,,,0.0,0.0,0.0,0.27,0.0,0.0,0.0,0.0,0.0,2,0,0.0,0.0,0.0,0.0,0.0,0.0,0.0,0.0,0.0,0.0,0.0,0.0,0.0,0.0,134535.0,57658.0,0.0,0.0,0.0,0.0,0.0,0.0,0.0,0.0,0.0,0.0,0.0,0.0,0.0
322,Ali,Al-Hamadi,Al-Hamadi,u,Has joined Sheffield Wednesday on loan for the rest of the season,,5.0,312,56,0.1,457,64,0.0,556,58,0,0,0,0,0,0,3862,0.0,0.0,0.0,0.0,0.0,556,58,0.0,0.0,543,51,547,56,505,53,551,56,,,,,,,,0.0,0.0,0.0,0.0,0.0,0.0,0.0,0.0,0.0,2,0,0.0,0.0,0.0,0.0,0.0,0.0,0.0,0.0,0.0,0.0,0.0,0.0,0.0,0.0,0.0,4633.0,0.0,0.0,0.0,0.0,0.0,0.0,0.0,0.0,0.0,0.0,0.0,0.0,0.0
323,Kasey,McAteer,McAteer,a,,,4.5,497,264,1.3,162,49,1.0,223,103,1,0,0,0,0,11543,15868,0.2,0.4,1.0,1.0,1.0,248,107,,,317,143,272,139,371,130,324,148,,,,,,,,0.0,0.0,0.0,0.61,0.0,0.0,0.0,0.0,11.61,2,1,7.0,0.0,0.0,0.0,0.0,0.0,0.0,0.0,0.0,0.0,0.0,0.0,0.0,3.0,12236.0,17643.0,0.0,0.0,0.0,0.0,0.18,0.19999999999999996,0.0,0.0,0.0,0.0,0.0,1.0,1.0
324,Anis,Mehmeti,Mehmeti,a,,,4.9,401,244,0.0,517,213,0.0,513,203,0,-1,1,-1,1,109,756,0.0,0.0,0.0,0.0,0.0,513,203,,,496,192,498,200,443,158,505,196,,,,,,,,0.0,0.0,0.0,0.0,0.0,0.0,0.0,0.0,0.0,2,0,0.0,0.0,0.0,0.0,0.0,0.0,0.0,0.0,0.0,0.0,0.0,0.0,0.0,0.0,112.0,880.0,0.0,0.0,0.0,0.0,0.0,0.0,0.0,0.0,0.0,0.0,0.0,0.0,0.0
554,Kayne,van Oevelen,Van Oevelen,u,Has joined Valencia on loan for the rest of the season,,4.5,527,46,0.0,556,65,0.0,472,62,0,0,0,0,0,0,698,0.0,0.0,0.0,0.0,0.0,472,62,0.0,0.0,453,62,455,48,397,47,463,62,,,,,,,,0.0,0.0,0.0,0.0,0.0,0.0,0.0,0.0,0.0,2,0,0.0,0.0,0.0,0.0,0.0,0.0,0.0,0.0,0.0,0.0,0.0,0.0,0.0,0.0,0.0,807.0,0.0,0.0,0.0,0.0,0.0,0.0,0.0,0.0,0.0,0.0,0.0,0.0,0.0
562,Daizen,Maeda,Maeda,a,,,5.5,163,99,0.3,293,98,2.0,165,83,2,0,0,0,0,893,5792,0.4,0.7,2.0,2.0,2.0,177,87,,,174,66,231,125,72,41,175,83,,,,,,,,0.4,0.01,0.41,2.71,0.0,0.0,2.98,1.19,8.34,2,2,72.0,0.0,0.0,0.0,4.0,0.0,0.0,0.0,0.0,0.0,0.0,1.0,0.0,10.0,958.0,6611.0,0.0,0.06000000000000005,0.01,0.07000000000000006,3.91,8.000000000000002,1.4,19.0,2.8000000000000003,1.0,3.0,1.0,5.0
564,Kjell,Scherpen,Scherpen,a,,,4.5,478,37,0.6,241,32,2.0,147,11,2,0,0,0,0,4343,7029,0.4,0.9,2.0,2.0,2.0,153,11,,,28,4,420,39,357,38,145,5,,,,,,,,0.0,0.0,0.0,2.72,4.0,0.0,3.0,1.0,0.0,2,2,90.0,0.0,0.0,0.0,5.0,0.0,0.0,0.0,0.0,0.0,6.0,1.0,0.0,9.0,4513.0,7889.0,0.0,0.0,0.01,0.01,4.77,46.4,0.0,0.0,4.6,0.0,4.0,13.0,0.0
571,Florentino Ibrain,Morris Luís,Florentino,a,,,4.9,399,242,0.1,432,170,0.0,511,201,0,-1,1,-1,1,220,2341,0.0,0.0,0.0,0.0,0.0,511,201,100.0,75.0,494,190,496,198,441,156,503,194,,,,,,,,0.0,0.0,0.0,0.0,0.0,0.0,0.0,0.0,0.0,2,0,0.0,0.0,0.0,0.0,0.0,0.0,0.0,0.0,0.0,0.0,0.0,0.0,0.0,0.0,232.0,2862.0,0.0,0.0,0.0,0.0,0.0,0.0,0.0,0.0,0.0,0.0,0.0,0.0,0.0
591,Julio,Enciso,Enciso,a,,,5.5,173,106,0.8,217,69,5.0,57,28,5,0,0,0,0,35498,10709,0.9,1.8,5.0,5.0,5.0,61,30,100.0,100.0,77,30,96,59,47,28,58,38,,,,,,,,0.35,0.35,0.7,3.04,0.0,0.0,3.38,1.12,9.0,2,5,90.0,0.0,1.0,0.0,5.0,0.0,0.0,0.0,0.0,0.0,0.0,1.0,0.0,25.0,39007.0,11444.0,0.0,0.4,0.31,0.71,4.7700000000000005,21.799999999999997,12.399999999999999,21.0,5.5,1.0,0.0,7.0,8.0
592,Abdoul,Ouattara,Ouattara,a,,,4.0,639,202,1.0,198,76,1.0,213,71,1,0,0,0,0,4381,7101,0.2,0.5,1.0,1.0,1.0,230,75,,,262,101,182,58,305,123,275,100,,,,,,,,0.0,0.0,0.0,2.97,0.0,0.0,3.33,0.0,6.67,2,1,17.0,0.0,0.0,0.0,1.0,0.0,0.0,0.0,0.0,0.0,0.0,0.0,0.0,-1.0,4625.0,8128.0,0.0,0.0,0.0,0.0,0.86,0.5999999999999996,0.5999999999999996,0.0,0.10000000000000009,0.0,0.0,1.0,0.0
602,Cameron,Humphreys,Humphreys,u,Has joined Huddersfield Town on loan for the rest of the season,,4.5,525,272,0.0,514,212,0.0,470,183,0,0,0,0,0,1586,1200,0.0,0.0,0.0,0.0,0.0,470,183,0.0,,451,171,453,180,395,138,461,176,,,,,,,,0.0,0.0,0.0,0.0,0.0,0.0,0.0,0.0,0.0,2,0,0.0,0.0,0.0,0.0,0.0,0.0,0.0,0.0,0.0,0.0,0.0,0.0,0.0,0.0,1711.0,1233.0,0.0,0.0,0.0,0.0,0.0,0.0,0.0,0.0,0.0,0.0,0.0,0.0,0.0
619,Exequiel,Palacios,Palacios,a,,,5.0,278,171,0.0,580,241,1.0,235,108,1,0,0,0,0,1323,347,0.2,0.2,1.5,1.5,1.0,273,117,,,250,109,170,100,228,109,253,114,,,,,,,,0.0,0.03,0.03,6.17,0.0,0.0,6.43,0.0,19.29,2,1,28.0,0.0,0.0,0.0,2.0,0.0,0.0,0.0,0.0,0.0,0.0,0.0,0.0,11.0,1412.0,352.0,0.0,0.0,0.01,0.01,1.92,7.2,12.0,2.0,2.1,1.0,2.0,3.0,6.0
640,Zian,Flemming,Flemming,a,,,5.5,155,38,0.0,571,75,0.0,616,70,0,0,0,0,0,1734,229,0.0,0.0,1.8,1.8,0.0,616,70,,,609,65,613,69,598,67,614,69,,,,,,,,0.0,0.0,0.0,0.0,0.0,0.0,0.0,0.0,0.0,2,0,0.0,0.0,0.0,0.0,0.0,0.0,0.0,0.0,0.0,0.0,0.0,0.0,0.0,0.0,1734.0,229.0,0.0,0.0,0.0,0.0,0.0,0.0,0.0,0.0,0.0,0.0,0.0,0.0,0.0
260,Harry,Wilson,Wilson,a,,,6.4,48,33,3.9,88,29,2.0,172,86,1,-1,1,-1,1,7290,154349,0.3,0.6,2.0,2.0,2.0,184,91,,,209,83,90,56,150,74,164,78,2.0,,,,,,,0.01,0.05,0.06,1.36,0.0,0.82,0.0,0.82,6.55,2,1,45.0,0.0,0.0,0.0,0.0,0.0,0.0,0.0,0.0,0.0,0.0,0.0,0.0,7.0,9386.0,166024.0,0.0,0.01,0.039999999999999994,0.05,1.13,8.399999999999999,12.099999999999998,6.0,2.6999999999999997,1.0,2.0,3.0,6.0
326,Lucas Estella,Perri,Perri,u,Has joined Torino on loan for the rest of the season,,4.5,459,34,0.4,265,34,0.0,435,55,0,0,0,0,0,204,9397,0.0,0.0,0.0,0.0,0.0,435,55,0.0,,416,55,411,36,346,35,426,55,,,,,,,,0.0,0.0,0.0,0.0,0.0,0.0,0.0,0.0,0.0,2,0,0.0,0.0,0.0,0.0,0.0,0.0,0.0,0.0,0.0,0.0,0.0,0.0,0.0,0.0,239.0,10474.0,0.0,0.0,0.0,0.0,0.0,0.0,0.0,0.0,0.0,0.0,0.0,0.0,0.0
327,Jaka,Bijol,Bijol,a,,,5.0,302,53,0.9,201,78,5.5,48,20,1,0,0,0,0,14845,17425,1.1,2.2,5.5,5.5,5.5,51,21,,,131,59,298,111,115,35,179,66,,,,,,,,0.07,0.0,0.07,0.81,0.0,0.67,0.67,1.33,11.33,2,1,45.0,0.0,0.0,0.0,1.0,0.0,0.0,0.0,0.0,0.0,0.0,1.0,0.0,0.0,22894.0,18956.0,0.0,0.0,0.0,0.0,0.5499999999999999,8.399999999999999,0.19999999999999996,0.0,0.8999999999999999,0.0,5.0,2.0,5.0
329,Joe,Rodon,Rodon,i,Hamstring injury - Expected back 21 Nov,,4.5,462,102,2.2,123,50,3.5,90,34,1,0,0,0,0,5062,124327,0.8,1.6,0.0,3.5,3.5,96,34,0.0,,164,76,151,46,165,57,185,69,,,,,,,,0.02,0.04,0.06,0.74,0.0,0.73,0.0,1.46,8.05,2,1,33.0,0.0,0.0,0.0,0.0,0.0,0.0,0.0,0.0,0.0,0.0,1.0,0.0,4.0,9976.0,126945.0,0.0,0.0,0.0,0.0,0.35,8.6,0.29999999999999893,2.0,1.1,0.0,4.0,1.0,4.0
330,Jayden,Bogle,Bogle,a,,,4.5,471,110,0.5,249,94,4.0,76,28,2,0,0,0,0,5046,5469,0.9,1.8,4.0,4.0,4.0,79,28,,,150,68,165,50,197,70,188,71,,,,,,,,0.0,0.01,0.01,0.8,0.0,0.57,0.57,1.15,5.73,2,2,67.0,0.0,0.0,0.0,1.0,0.0,0.0,0.0,0.0,0.0,0.0,1.0,0.0,9.0,5798.0,6153.0,0.0,0.0,0.01,0.01,0.7399999999999999,18.6,11.3,4.0,3.4000000000000004,2.0,5.0,5.0,7.0
331,Gabriel,Gudmundsson,Gudmundsson,a,,,4.5,481,116,0.0,498,173,0.0,444,169,0,0,0,0,0,637,390,0.0,0.0,0.0,0.0,0.0,444,169,100.0,75.0,425,170,422,170,359,155,435,170,,,,,,,,0.0,0.0,0.0,0.0,0.0,0.0,0.0,0.0,0.0,2,0,0.0,0.0,0.0,0.0,0.0,0.0,0.0,0.0,0.0,0.0,0.0,0.0,0.0,0.0,647.0,492.0,0.0,0.0,0.0,0.0,0.0,0.0,0.0,0.0,0.0,0.0,0.0,0.0,0.0
332,James,Justin,Justin,a,,,4.5,466,106,1.4,152,63,6.0,37,14,2,0,0,0,0,35358,21263,1.3,2.7,6.0,6.0,6.0,39,15,,,61,24,154,47,136,44,113,40,,,,,,,,0.02,0.01,0.03,1.16,0.0,0.5,0.5,1.0,10.0,2,2,90.0,0.0,0.0,0.0,1.0,0.0,0.0,0.0,0.0,0.0,0.0,1.0,0.0,12.0,44983.0,23299.0,0.0,0.03,0.01,0.04,1.67,24.6,11.8,9.0,4.5,2.0,6.0,3.0,8.0
333,Sebastiaan,Bornauw,Bornauw,u,Has joined Hamburg SV on loan for the rest of the season,,4.5,491,125,0.0,635,211,0.0,450,174,0,0,0,0,0,0,62,0.0,0.0,0.0,0.0,0.0,450,174,0.0,0.0,431,175,428,175,367,162,441,175,,,,,,,,0.0,0.0,0.0,0.0,0.0,0.0,0.0,0.0,0.0,2,0,0.0,0.0,0.0,0.0,0.0,0.0,0.0,0.0,0.0,0.0,0.0,0.0,0.0,0.0,0.0,83.0,0.0,0.0,0.0,0.0,0.0,0.0,0.0,0.0,0.0,0.0,0.0,0.0,0.0
334,Tarik,Muharemović,Muharemović,a,,,5.0,352,66,3.1,103,40,5.0,54,22,4,0,0,0,0,40086,41861,1.0,2.0,5.0,5.0,5.0,57,23,,,22,6,268,94,93,24,84,25,,,,,,,,0.04,0.0,0.04,1.16,0.0,0.5,0.5,1.0,13.0,2,4,90.0,0.0,0.0,0.0,1.0,0.0,0.0,0.0,0.0,0.0,0.0,1.0,0.0,17.0,43101.0,44338.0,0.0,0.0,0.01,0.010000000000000009,1.67,51.6,0.7999999999999999,2.0,5.3999999999999995,2.0,17.0,3.0,19.0
335,Anton,Stach,Stach,a,,,6.0,78,53,2.9,109,31,8.5,14,6,4,0,0,0,0,61645,49173,1.4,2.8,8.5,8.5,8.5,16,7,,,14,9,130,79,91,49,54,36,1.0,1.0,,,,,,0.08,0.03,0.11,1.16,0.0,0.5,0.5,1.0,16.0,2,4,90.0,0.0,0.0,0.0,1.0,0.0,0.0,0.0,0.0,0.0,0.0,1.0,0.0,13.0,80848.0,51840.0,0.0,0.07,0.009999999999999995,0.08000000000000002,1.67,24.60000000000001,17.0,4.0,4.6,4.0,8.0,4.0,16.0
336,Noah,Okafor,Okafor,a,,,5.9,100,65,0.3,292,97,1.5,202,97,2,-1,1,-1,1,2507,10803,0.3,0.5,1.5,1.5,1.5,215,102,,,200,79,120,74,122,62,167,81,,,,,,,,0.08,0.17,0.25,0.85,0.0,0.0,0.98,0.98,6.85,2,2,68.0,0.0,0.0,0.0,1.0,0.0,0.0,0.0,0.0,0.0,0.0,1.0,0.0,11.0,2724.0,12752.0,0.0,0.08,0.010000000000000009,0.09,0.74,6.399999999999999,7.5,10.0,2.4000000000000004,1.0,1.0,0.0,2.0
337,Brenden,Aaronson,Aaronson,a,,,5.5,154,94,0.7,230,78,2.0,163,81,1,0,0,0,0,2014,15961,0.4,0.7,2.0,2.0,2.0,175,85,,,232,96,262,136,178,88,263,118,,3.0,,,,,,0.01,0.01,0.02,0.81,0.0,0.71,0.71,1.43,7.14,2,1,45.0,0.0,0.0,0.0,1.0,0.0,0.0,0.0,0.0,0.0,0.0,1.0,0.0,6.0,2469.0,17662.0,0.0,0.0,0.01,0.009999999999999998,0.5499999999999999,2.1999999999999993,0.5999999999999999,0.0,0.2999999999999998,1.0,1.0,1.0,3.0
338,Ethan,Ampadu,Ampadu,a,,,5.5,135,83,1.1,179,56,3.5,94,40,2,0,0,0,0,3548,19081,0.6,1.3,3.5,3.5,3.5,100,42,,,101,36,52,41,251,123,102,53,,,,,,,,0.0,0.06,0.06,1.16,0.0,0.5,0.5,1.0,11.5,2,2,90.0,0.0,0.0,0.0,1.0,0.0,0.0,0.0,0.0,0.0,0.0,1.0,0.0,12.0,4488.0,20669.0,0.0,0.01,0.09,0.1,1.67,19.6,16.599999999999998,1.0,3.7,2.0,5.0,3.0,10.0
339,Sean,Longstaff,Longstaff,a,,,5.0,261,160,0.1,423,166,0.5,302,134,0,0,0,0,0,636,2584,0.1,0.2,0.5,0.5,1.0,268,114,,,522,208,323,164,476,177,530,211,3.0,2.0,,,,,,0.0,0.0,0.0,0.79,0.0,0.0,0.0,0.0,0.0,2,0,0.0,0.0,0.0,0.0,0.0,0.0,0.0,0.0,0.0,0.0,0.0,0.0,0.0,0.0,708.0,2832.0,0.0,0.0,0.0,0.0,0.0,0.0,0.0,0.0,0.0,0.0,0.0,0.0,0.0
341,Wilfried,Gnonto,Gnonto,u,Has joined ACF Fiorentina on loan for the rest of the season,,5.0,334,197,0.0,587,245,0.0,567,233,0,0,0,0,0,226,447,0.0,0.0,0.0,0.0,0.0,567,233,0.0,75.0,554,226,560,232,522,201,562,229,,,,,,,,0.0,0.0,0.0,0.0,0.0,0.0,0.0,0.0,0.0,2,0,0.0,0.0,0.0,0.0,0.0,0.0,0.0,0.0,0.0,0.0,0.0,0.0,0.0,0.0,230.0,501.0,0.0,0.0,0.0,0.0,0.0,0.0,0.0,0.0,0.0,0.0,0.0,0.0,0.0
342,Jack,Harrison,Harrison,u,Has joined New England Revolution permanently,,5.0,281,172,0.0,651,289,0.0,540,220,0,0,0,0,0,0,17,0.0,0.0,0.0,0.0,0.0,540,220,0.0,0.0,528,212,529,217,483,181,535,214,,,,,,,,0.0,0.0,0.0,0.0,0.0,0.0,0.0,0.0,0.0,2,0,0.0,0.0,0.0,0.0,0.0,0.0,0.0,0.0,0.0,0.0,0.0,0.0,0.0,0.0,0.0,19.0,0.0,0.0,0.0,0.0,0.0,0.0,0.0,0.0,0.0,0.0,0.0,0.0,0.0
343,Daniel,James,James,a,,,5.0,264,163,0.1,417,164,0.5,303,135,1,0,0,0,0,1589,2273,0.1,0.2,0.5,0.5,1.0,269,115,,,524,210,280,143,128,65,292,131,,,,,,,,0.98,0.04,1.02,3.8,0.0,0.0,0.0,0.0,8.18,2,1,22.0,0.0,0.0,0.0,0.0,0.0,0.0,0.0,0.0,0.0,0.0,0.0,0.0,2.0,1763.0,2526.0,0.0,0.24,0.01,0.25,0.93,0.0,1.1,12.0,1.1,0.0,0.0,2.0,2.0
344,Ilia,Gruev,Gruev,d,Knee injury - 25% chance of playing,,5.0,325,191,0.0,628,272,0.0,560,229,0,0,0,0,0,33,71,0.0,0.0,0.0,0.0,0.0,560,229,25.0,0.0,547,221,553,227,513,195,555,224,,,,,,,,0.0,0.0,0.0,0.0,0.0,0.0,0.0,0.0,0.0,2,0,0.0,0.0,0.0,0.0,0.0,0.0,0.0,0.0,0.0,0.0,0.0,0.0,0.0,0.0,35.0,80.0,0.0,0.0,0.0,0.0,0.0,0.0,0.0,0.0,0.0,0.0,0.0,0.0,0.0
345,Tanaka,Ao,Tanaka,a,,,4.9,402,245,0.2,335,120,0.5,294,130,1,-1,1,-1,1,3453,4480,0.1,0.2,0.5,0.5,1.0,259,109,,,175,67,253,133,444,159,246,110,4.0,,,,,,,0.0,0.02,0.02,2.26,0.0,0.0,0.0,0.0,22.0,2,1,45.0,0.0,0.0,0.0,0.0,0.0,0.0,0.0,0.0,0.0,0.0,0.0,0.0,6.0,3552.0,5078.0,0.0,0.0,0.01,0.01,1.13,20.0,1.8,0.0,2.2,3.0,5.0,3.0,11.0
346,Dominic,Calvert-Lewin,Calvert-Lewin,a,,,6.0,62,14,25.1,9,3,4.5,73,8,8,0,0,0,0,197313,337555,0.8,1.5,4.5,4.5,4.5,76,9,,,100,9,213,28,37,12,90,13,,,1.0,,,,,0.52,0.01,0.53,1.16,0.0,0.5,0.5,1.0,3.0,2,8,90.0,1.0,0.0,0.0,1.0,0.0,0.0,0.0,0.0,0.0,0.0,1.0,2.0,31.0,213297.0,378361.0,0.0,0.92,0.02,0.9400000000000001,1.67,38.4,4.0,35.0,7.7,0.0,3.0,1.0,4.0
347,Lukas,Nmecha,Nmecha,a,,,5.5,131,34,0.5,257,44,2.0,161,16,4,0,0,0,0,5389,8485,0.4,0.7,2.0,2.0,4.0,88,11,,,186,15,123,11,191,32,186,22,,,2.0,,,,,0.43,0.0,0.43,3.99,0.0,0.0,0.0,0.0,4.29,2,4,21.0,0.0,1.0,0.0,0.0,0.0,0.0,0.0,0.0,0.0,0.0,0.0,0.0,18.0,5671.0,10219.0,0.0,0.1,0.0,0.1,0.93,18.2,20.3,6.0,4.5,0.0,0.0,1.0,1.0
348,Joël,Piroe,Piroe,u,Has joined West Ham United on loan for the rest of the season,,5.0,293,55,0.1,444,63,0.0,546,57,0,0,0,0,0,0,2935,0.0,0.0,0.0,0.0,0.0,546,57,0.0,0.0,534,50,535,55,490,52,541,55,,,3.0,,,,,0.0,0.0,0.0,0.0,0.0,0.0,0.0,0.0,0.0,2,0,0.0,0.0,0.0,0.0,0.0,0.0,0.0,0.0,0.0,0.0,0.0,0.0,0.0,0.0,0.0,3363.0,0.0,0.0,0.0,0.0,0.0,0.0,0.0,0.0,0.0,0.0,0.0,0.0,0.0
349,Mateo,Joseph Fernández-Regatillo,Mateo Joseph,i,Knee injury - Unknown return date,,4.5,537,72,0.1,490,66,0.0,480,49,0,0,0,0,0,933,1075,0.0,0.0,0.0,0.0,0.0,480,49,0.0,0.0,462,42,463,47,406,44,472,47,,,,,,,,0.0,0.0,0.0,0.0,0.0,0.0,0.0,0.0,0.0,2,0,0.0,0.0,0.0,0.0,0.0,0.0,0.0,0.0,0.0,0.0,0.0,0.0,0.0,0.0,981.0,1208.0,0.0,0.0,0.0,0.0,0.0,0.0,0.0,0.0,0.0,0.0,0.0,0.0,0.0
385,James,Trafford,Trafford,a,,,5.0,300,13,5.1,72,10,6.0,39,2,3,0,0,0,0,80966,48402,1.2,2.4,6.0,6.0,6.0,41,2,,,39,7,540,61,496,61,150,7,,,,,,,,0.0,0.0,0.0,1.16,3.5,0.5,0.5,1.0,0.0,2,3,90.0,0.0,0.0,0.0,1.0,0.0,0.0,0.0,0.0,0.0,4.0,1.0,0.0,20.0,90423.0,51359.0,0.0,0.0,0.0,0.0,1.67,37.6,0.0,0.0,3.8000000000000003,0.0,0.0,11.0,0.0
598,Nico,Elvedi,Elvedi,a,,,4.5,452,95,0.0,539,186,0.5,281,96,1,0,0,0,0,718,523,0.1,0.2,0.5,0.5,1.0,238,82,,,202,84,279,100,184,63,243,90,,,,,,,,0.0,0.0,0.0,2.12,0.0,0.0,1.61,0.0,9.64,2,1,56.0,0.0,0.0,0.0,1.0,0.0,0.0,0.0,0.0,0.0,0.0,0.0,0.0,9.0,766.0,570.0,0.0,0.0,0.0,0.0,1.32,16.0,1.1,6.0,2.3,1.0,5.0,4.0,6.0
603,Jayden,Lienou,Lienou,a,,,4.0,650,212,0.1,419,149,0.0,413,155,0,0,0,0,0,2520,1130,0.0,0.0,0.0,0.0,0.0,413,155,,,395,157,387,155,315,132,405,157,,,,,,,,0.0,0.0,0.0,0.0,0.0,0.0,0.0,0.0,0.0,2,0,0.0,0.0,0.0,0.0,0.0,0.0,0.0,0.0,0.0,0.0,0.0,0.0,0.0,0.0,2638.0,1164.0,0.0,0.0,0.0,0.0,0.0,0.0,0.0,0.0,0.0,0.0,0.0,0.0,0.0
604,Alfie,Cresswell,Cresswell,a,,,4.5,548,279,0.1,389,146,0.0,488,189,0,0,0,0,0,5887,2185,0.0,0.0,0.0,0.0,0.0,488,189,,,470,177,471,186,415,144,480,182,,,,,,,,0.0,0.0,0.0,0.0,0.0,0.0,0.0,0.0,0.0,2,0,0.0,0.0,0.0,0.0,0.0,0.0,0.0,0.0,0.0,0.0,0.0,0.0,0.0,0.0,6258.0,2265.0,0.0,0.0,0.0,0.0,0.0,0.0,0.0,0.0,0.0,0.0,0.0,0.0,0.0
625,Alex,Cairns,Cairns,a,,,4.0,583,56,0.2,345,39,0.0,366,30,0,0,0,0,0,9316,1361,0.0,0.0,1.0,1.0,0.0,366,30,,,348,30,338,9,260,8,357,30,,,,,,,,0.0,0.0,0.0,0.0,0.0,0.0,0.0,0.0,0.0,2,0,0.0,0.0,0.0,0.0,0.0,0.0,0.0,0.0,0.0,0.0,0.0,0.0,0.0,0.0,9316.0,1361.0,0.0,0.0,0.0,0.0,0.0,0.0,0.0,0.0,0.0,0.0,0.0,0.0,0.0
629,Michael,Zetterer,Zetterer,a,,,4.0,588,58,0.4,283,37,0.0,370,32,0,0,0,0,0,13035,1279,0.0,0.0,1.0,1.0,0.0,370,32,,,352,32,342,11,264,10,361,32,,,,,,,,0.0,0.0,0.0,0.0,0.0,0.0,0.0,0.0,0.0,2,0,0.0,0.0,0.0,0.0,0.0,0.0,0.0,0.0,0.0,0.0,0.0,0.0,0.0,0.0,13035.0,1279.0,0.0,0.0,0.0,0.0,0.0,0.0,0.0,0.0,0.0,0.0,0.0,0.0,0.0
641,Melvin,Bard,Bard,a,,,4.5,490,124,0.0,641,212,0.0,449,173,0,0,0,0,0,175,28,0.0,0.0,1.8,1.8,0.0,449,173,,,430,174,427,174,366,161,440,174,,,,,,,,0.0,0.0,0.0,0.0,0.0,0.0,0.0,0.0,0.0,2,0,0.0,0.0,0.0,0.0,0.0,0.0,0.0,0.0,0.0,0.0,0.0,0.0,0.0,0.0,175.0,28.0,0.0,0.0,0.0,0.0,0.0,0.0,0.0,0.0,0.0,0.0,0.0,0.0,0.0
648,Jean-Mattéo,Bahoya,Bahoya,a,,,5.0,371,224,0.0,600,254,0.0,583,244,0,0,0,0,0,1005,194,0.0,0.0,1.5,1.5,0.0,583,244,,,571,238,577,243,544,217,579,241,,,,,,,,0.0,0.0,0.0,0.0,0.0,0.0,0.0,0.0,0.0,2,0,0.0,0.0,0.0,0.0,0.0,0.0,0.0,0.0,0.0,0.0,0.0,0.0,0.0,0.0,1005.0,194.0,0.0,0.0,0.0,0.0,0.0,0.0,0.0,0.0,0.0,0.0,0.0,0.0,0.0
350,Alisson,Becker,A.Becker,a,,,5.5,125,3,3.9,90,14,1.0,254,21,0,0,0,0,0,42137,57646,0.2,0.4,1.0,1.0,1.0,311,22,,,151,16,605,69,586,69,230,16,,,,,,,,0.0,0.0,0.0,1.94,2.0,0.0,2.0,1.0,0.0,2,0,90.0,0.0,0.0,0.0,2.0,0.0,0.0,0.0,1.0,0.0,1.0,1.0,0.0,-5.0,46939.0,60951.0,0.0,0.0,0.0,0.0,2.3,7.599999999999998,0.0,0.0,0.8,0.0,2.0,4.0,0.0
351,Giorgi,Mamardashvili,Mamardashvili,a,,,4.9,407,21,0.1,387,46,0.0,518,65,0,-1,1,-1,1,994,2836,0.0,0.0,0.0,0.0,0.0,518,65,,,501,65,503,53,449,52,510,65,,,,,,,,0.0,0.0,0.0,0.0,0.0,0.0,0.0,0.0,0.0,2,0,0.0,0.0,0.0,0.0,0.0,0.0,0.0,0.0,0.0,0.0,0.0,0.0,0.0,0.0,1063.0,3033.0,0.0,0.0,0.0,0.0,0.0,0.0,0.0,0.0,0.0,0.0,0.0,0.0,0.0
352,Freddie,Woodman,Woodman,a,,,4.0,589,59,1.1,185,29,0.0,371,33,0,0,0,0,0,8195,7897,0.0,0.0,0.0,0.0,0.0,371,33,,,353,33,343,12,265,11,362,33,,,,,,,,0.0,0.0,0.0,0.0,0.0,0.0,0.0,0.0,0.0,2,0,0.0,0.0,0.0,0.0,0.0,0.0,0.0,0.0,0.0,0.0,0.0,0.0,0.0,0.0,8685.0,8562.0,0.0,0.0,0.0,0.0,0.0,0.0,0.0,0.0,0.0,0.0,0.0,0.0,0.0
353,Armin,Pecsi,Pecsi,u,Has joined TSV Hartberg on loan for the rest of the season,,4.0,644,71,0.0,561,66,0.0,409,45,0,0,0,0,0,0,282,0.0,0.0,0.0,0.0,0.0,409,45,0.0,0.0,391,45,383,24,310,23,401,45,,,,,,,,0.0,0.0,0.0,0.0,0.0,0.0,0.0,0.0,0.0,2,0,0.0,0.0,0.0,0.0,0.0,0.0,0.0,0.0,0.0,0.0,0.0,0.0,0.0,0.0,0.0,312.0,0.0,0.0,0.0,0.0,0.0,0.0,0.0,0.0,0.0,0.0,0.0,0.0,0.0
354,Vitezslav,Jaros,Jaros,i,Knee injury - Unknown return date,,4.0,608,64,0.0,574,68,0.0,381,38,0,0,0,0,0,520,325,0.0,0.0,0.0,0.0,0.0,381,38,0.0,0.0,363,38,355,17,279,16,373,38,,,,,,,,0.0,0.0,0.0,0.0,0.0,0.0,0.0,0.0,0.0,2,0,0.0,0.0,0.0,0.0,0.0,0.0,0.0,0.0,0.0,0.0,0.0,0.0,0.0,0.0,549.0,345.0,0.0,0.0,0.0,0.0,0.0,0.0,0.0,0.0,0.0,0.0,0.0,0.0,0.0
355,Harvey,Davies,Davies,a,,,4.0,618,67,0.2,365,41,0.0,386,41,0,0,0,0,0,1698,1128,0.0,0.0,0.0,0.0,0.0,386,41,,,368,41,360,20,285,19,378,41,,,,,,,,0.0,0.0,0.0,0.0,0.0,0.0,0.0,0.0,0.0,2,0,0.0,0.0,0.0,0.0,0.0,0.0,0.0,0.0,0.0,0.0,0.0,0.0,0.0,0.0,1779.0,1219.0,0.0,0.0,0.0,0.0,0.0,0.0,0.0,0.0,0.0,0.0,0.0,0.0,0.0
356,Virgil,van Dijk,Virgil,a,,,6.5,33,2,17.6,22,7,1.5,208,67,1,0,0,0,0,66890,271679,0.2,0.5,1.5,1.5,1.5,221,67,,,55,18,203,66,73,16,96,34,,,,,,,,0.12,0.02,0.14,1.94,0.0,0.0,2.0,1.0,9.0,2,1,90.0,0.0,0.0,0.0,2.0,0.0,0.0,0.0,0.0,0.0,0.0,1.0,0.0,5.0,78213.0,284165.0,0.0,0.0,0.03,0.02999999999999997,2.3,24.6,4.300000000000001,2.0,3.0999999999999996,0.0,7.0,5.0,7.0
357,Jeremie,Frimpong,Frimpong,a,,,5.5,145,17,3.0,105,42,0.5,336,118,1,0,0,0,0,24842,69516,0.1,0.2,0.5,0.5,0.5,353,120,,,147,65,29,5,119,36,76,22,,,,,,,,0.01,0.06,0.07,2.14,0.0,0.0,2.25,1.12,4.5,2,1,70.0,0.0,0.0,0.0,2.0,0.0,0.0,0.0,0.0,0.0,0.0,1.0,0.0,9.0,29263.0,74401.0,0.0,0.0,0.020000000000000004,0.01999999999999999,2.23,12.799999999999999,13.800000000000004,4.0,3.0999999999999996,2.0,4.0,3.0,6.0
358,Milos,Kerkez,Kerkez,a,,,5.5,188,26,2.9,108,44,0.5,342,121,1,0,0,0,0,13804,64580,0.1,0.2,0.5,0.5,0.5,355,122,,,84,37,94,29,134,42,98,35,,,,,,,,0.01,0.02,0.03,2.14,0.0,0.0,2.25,1.12,8.44,2,1,70.0,0.0,0.0,0.0,2.0,0.0,0.0,0.0,0.0,0.0,0.0,1.0,0.0,9.0,16554.0,69938.0,0.0,0.0,0.009999999999999998,0.010000000000000002,2.23,24.0,12.8,0.0,3.6999999999999993,1.0,7.0,4.0,8.0
359,Joe,Gomez,Gomez,i,Muscular injury - Unknown return date,,5.0,257,39,0.0,581,197,0.0,535,196,0,0,0,0,0,70,324,0.0,0.0,0.0,0.0,0.0,535,196,0.0,0.0,520,198,522,199,473,191,528,198,,,,,,,,0.0,0.0,0.0,0.0,0.0,0.0,0.0,0.0,0.0,2,0,0.0,0.0,0.0,0.0,0.0,0.0,0.0,0.0,0.0,0.0,0.0,0.0,0.0,0.0,81.0,354.0,0.0,0.0,0.0,0.0,0.0,0.0,0.0,0.0,0.0,0.0,0.0,0.0,0.0
360,Conor,Bradley,Bradley,i,Knee injury - Unknown return date,,5.0,333,63,0.0,598,201,0.0,566,205,0,0,0,0,0,113,217,0.0,0.0,0.0,0.0,0.0,566,205,0.0,0.0,553,206,559,206,521,202,561,206,,,,,,,,0.0,0.0,0.0,0.0,0.0,0.0,0.0,0.0,0.0,2,0,0.0,0.0,0.0,0.0,0.0,0.0,0.0,0.0,0.0,0.0,0.0,0.0,0.0,0.0,121.0,232.0,0.0,0.0,0.0,0.0,0.0,0.0,0.0,0.0,0.0,0.0,0.0,0.0,0.0
361,Wellity,Lucky,Lucky,a,,,4.0,629,192,0.1,397,145,0.0,397,140,0,0,0,0,0,1412,1421,0.0,0.0,0.0,0.0,0.0,397,140,,,379,142,371,140,296,114,389,142,,,,,,,,0.0,0.0,0.0,0.0,0.0,0.0,0.0,0.0,0.0,2,0,0.0,0.0,0.0,0.0,0.0,0.0,0.0,0.0,0.0,0.0,0.0,0.0,0.0,0.0,1471.0,1561.0,0.0,0.0,0.0,0.0,0.0,0.0,0.0,0.0,0.0,0.0,0.0,0.0,0.0
362,Jeremy,Jacquet,Jacquet,a,,,5.0,373,68,2.6,111,45,2.0,156,54,3,0,0,0,0,56196,40148,0.4,0.8,2.0,2.0,2.0,168,56,100.0,100.0,79,33,91,28,235,88,116,42,,,,,,,,0.0,0.04,0.04,2.03,0.0,0.0,2.48,1.24,8.69,2,3,76.0,0.0,0.0,0.0,2.0,0.0,0.0,0.0,0.0,0.0,0.0,1.0,0.0,13.0,59702.0,42884.0,0.0,0.0,0.05,0.05,2.23,30.800000000000004,15.1,2.0,4.800000000000001,3.0,8.0,4.0,11.0
363,Giovanni,Leoni,Leoni,i,Knee injury - Unknown return date,,4.0,651,213,0.0,520,179,0.0,414,156,0,0,0,0,0,329,612,0.0,0.0,0.0,0.0,0.0,414,156,0.0,0.0,396,158,388,156,316,133,406,158,,,,,,,,0.0,0.0,0.0,0.0,0.0,0.0,0.0,0.0,0.0,2,0,0.0,0.0,0.0,0.0,0.0,0.0,0.0,0.0,0.0,0.0,0.0,0.0,0.0,0.0,347.0,660.0,0.0,0.0,0.0,0.0,0.0,0.0,0.0,0.0,0.0,0.0,0.0,0.0,0.0
364,Kostas,Tsimikas,Tsimikas,a,,,5.0,275,43,0.1,460,161,0.5,305,113,1,0,0,0,0,483,1076,0.1,0.2,0.5,0.5,1.0,272,105,,,295,112,273,98,156,51,281,102,,,,,,,,0.19,0.05,0.24,0.33,0.0,0.0,0.0,0.0,0.0,2,1,19.0,0.0,0.0,0.0,0.0,0.0,0.0,0.0,0.0,0.0,0.0,0.0,0.0,4.0,515.0,1205.0,0.0,0.04,0.01,0.05,0.07,3.6,1.3,9.0,1.4,0.0,0.0,0.0,0.0
365,Calvin,Ramsay,Ramsay,u,Has joined St Mirren on loan for the rest of the season,,4.0,622,187,0.1,403,147,0.0,390,135,0,0,0,0,0,0,5190,0.0,0.0,0.0,0.0,0.0,390,135,0.0,0.0,372,137,364,135,289,109,382,137,,,,,,,,0.0,0.0,0.0,0.0,0.0,0.0,0.0,0.0,0.0,2,0,0.0,0.0,0.0,0.0,0.0,0.0,0.0,0.0,0.0,0.0,0.0,0.0,0.0,0.0,0.0,6035.0,0.0,0.0,0.0,0.0,0.0,0.0,0.0,0.0,0.0,0.0,0.0,0.0,0.0
366,Florian,Wirtz,Wirtz,a,,,7.5,19,12,10.0,44,17,3.0,119,57,4,0,0,0,0,67553,188826,0.4,0.8,3.0,3.0,3.0,125,57,,,107,40,46,36,33,21,35,28,3.0,2.0,4.0,,,,,0.29,0.14,0.43,1.66,0.0,0.0,2.37,1.18,8.88,2,4,90.0,0.0,1.0,0.0,2.0,0.0,0.0,0.0,1.0,0.0,0.0,1.0,0.0,23.0,70771.0,212675.0,0.0,0.22999999999999998,0.19999999999999998,0.43,2.3,27.8,24.300000000000004,22.0,7.3999999999999995,3.0,0.0,7.0,10.0
367,Cody,Gakpo,Gakpo,a,,,7.1,24,15,8.9,47,19,8.5,16,8,5,1,-1,1,-1,232029,129589,1.2,2.4,8.5,8.5,8.5,18,9,,,23,13,16,15,40,24,18,14,2.0,,3.0,,,,,0.17,0.45,0.62,2.14,0.0,0.0,2.25,1.12,8.44,2,5,70.0,0.0,1.0,0.0,2.0,0.0,0.0,0.0,0.0,0.0,0.0,1.0,0.0,21.0,271385.0,135185.0,0.0,0.0,0.65,0.6500000000000001,2.23,23.200000000000003,27.799999999999997,6.0,5.699999999999999,0.0,1.0,2.0,3.0
368,Dominik,Szoboszlai,Szoboszlai,a,,,7.0,27,18,41.3,5,2,6.0,45,22,4,0,0,0,0,276369,383214,0.9,1.7,6.0,6.0,6.0,48,24,,,15,10,7,7,78,44,9,8,1.0,1.0,1.0,,,,,0.5,0.22,0.72,1.94,0.0,0.0,2.0,1.0,10.0,2,4,90.0,0.0,0.0,0.0,2.0,0.0,0.0,0.0,0.0,0.0,0.0,1.0,0.0,24.0,320528.0,394739.0,0.0,0.16000000000000003,0.16999999999999998,0.32999999999999985,2.3,21.4,40.699999999999996,4.0,6.6,3.0,3.0,7.0,13.0
369,Rio,Ngumoha,Ngumoha,a,,,5.9,114,74,0.7,222,71,1.5,205,99,1,-1,1,-1,1,3443,35158,0.3,0.5,1.5,1.5,1.5,218,104,,,280,128,197,109,181,90,266,119,,,,,,,,0.04,0.06,0.1,0.64,0.0,0.0,2.22,1.11,3.33,2,1,19.0,0.0,0.0,0.0,0.0,0.0,0.0,0.0,0.0,0.0,0.0,0.0,0.0,5.0,4255.0,37562.0,0.0,0.0,0.030000000000000002,0.03,0.06999999999999995,2.0000000000000004,1.2999999999999998,2.0,0.5,0.0,0.0,0.0,0.0
370,Federico,Chiesa,Chiesa,i,Back injury - Unknown return date,,5.4,209,130,0.1,479,191,0.0,596,251,0,-1,1,-1,1,50,4234,0.0,0.0,0.0,0.0,0.0,596,251,0.0,0.0,584,245,591,251,562,229,592,248,,,,,,,,0.0,0.0,0.0,0.0,0.0,0.0,0.0,0.0,0.0,2,0,0.0,0.0,0.0,0.0,0.0,0.0,0.0,0.0,0.0,0.0,0.0,0.0,0.0,0.0,54.0,5003.0,0.0,0.0,0.0,0.0,0.0,0.0,0.0,0.0,0.0,0.0,0.0,0.0,0.0
371,Ryan,Gravenberch,Gravenberch,a,,,6.0,73,50,1.6,141,42,3.0,117,55,1,0,0,0,0,10699,44771,0.5,1.0,3.0,3.0,3.0,123,55,,,137,50,88,55,208,100,144,70,,,,,,,,0.06,0.06,0.12,1.1,0.0,0.0,1.88,0.94,11.25,2,1,19.0,0.0,0.0,0.0,0.0,0.0,0.0,0.0,0.0,0.0,0.0,0.0,0.0,7.0,13365.0,47027.0,0.0,0.0,0.009999999999999995,0.009999999999999995,0.06999999999999984,4.400000000000002,12.100000000000001,0.0,1.6999999999999993,1.0,0.0,0.0,1.0
372,Alexis,Mac Allister,Mac Allister,a,,,5.5,149,90,1.4,153,45,1.5,197,93,2,0,0,0,0,10551,27915,0.3,0.5,1.5,1.5,1.5,211,98,,,185,71,190,106,596,250,226,100,,,5.0,,,,,0.0,0.35,0.35,2.88,0.0,0.0,1.75,0.87,11.36,2,2,76.0,0.0,0.0,0.0,2.0,0.0,0.0,0.0,0.0,0.0,0.0,1.0,0.0,10.0,11482.0,30981.0,0.0,0.0,0.39,0.39,2.2299999999999995,12.599999999999998,7.699999999999999,0.0,2.0,3.0,2.0,5.0,10.0
373,Curtis,Jones,C.Jones,u,Has joined Internazionale permanently,,5.5,141,86,0.0,541,223,0.0,613,261,0,0,0,0,0,1,925,0.0,0.0,0.0,0.0,0.0,613,261,0.0,75.0,606,259,610,260,594,248,611,260,,,,,,,,0.0,0.0,0.0,0.0,0.0,0.0,0.0,0.0,0.0,2,0,0.0,0.0,0.0,0.0,0.0,0.0,0.0,0.0,0.0,0.0,0.0,0.0,0.0,0.0,5.0,1041.0,0.0,0.0,0.0,0.0,0.0,0.0,0.0,0.0,0.0,0.0,0.0,0.0,0.0
374,Endo,Wataru,Endo,a,,,5.0,255,157,0.1,478,190,0.0,534,216,0,0,0,0,0,795,1439,0.0,0.0,0.0,0.0,0.0,534,216,100.0,100.0,519,206,521,213,472,175,527,209,,,,,,,,0.0,0.0,0.0,0.0,0.0,0.0,0.0,0.0,0.0,2,0,0.0,0.0,0.0,0.0,0.0,0.0,0.0,0.0,0.0,0.0,0.0,0.0,0.0,0.0,835.0,1546.0,0.0,0.0,0.0,0.0,0.0,0.0,0.0,0.0,0.0,0.0,0.0,0.0,0.0
375,Trey,Nyoni,Nyoni,a,,,5.0,372,225,0.0,519,215,0.5,321,148,1,0,0,0,0,499,819,0.1,0.2,0.5,0.5,1.0,291,131,,,257,114,240,127,545,218,296,133,,,,,,,,0.0,0.0,0.0,0.48,0.0,0.0,0.0,0.0,34.62,2,1,13.0,0.0,0.0,0.0,0.0,0.0,0.0,0.0,0.0,0.0,0.0,0.0,0.0,3.0,512.0,902.0,0.0,0.0,0.0,0.0,0.07,6.4,2.2,0.0,0.9,2.0,1.0,2.0,5.0
376,Stefan,Bajčetić Maquieira,Bajcetic,u,Has joined Celta Vigo permanently,,5.0,355,210,0.0,646,284,0.0,575,237,0,0,0,0,0,11,43,0.0,0.0,0.0,0.0,0.0,575,237,0.0,0.0,562,230,569,236,532,206,570,233,,,,,,,,0.0,0.0,0.0,0.0,0.0,0.0,0.0,0.0,0.0,2,0,0.0,0.0,0.0,0.0,0.0,0.0,0.0,0.0,0.0,0.0,0.0,0.0,0.0,0.0,12.0,45.0,0.0,0.0,0.0,0.0,0.0,0.0,0.0,0.0,0.0,0.0,0.0,0.0,0.0
377,Victor,Munoz,Munoz,a,,,6.5,47,32,1.4,155,47,5.0,61,29,6,0,0,0,0,82183,23024,0.8,1.5,5.0,5.0,5.0,65,31,,,71,28,100,62,39,23,49,35,,,,,,,,0.32,0.18,0.5,2.59,0.0,0.0,1.54,0.77,5.38,2,6,90.0,1.0,0.0,0.0,2.0,0.0,0.0,0.0,1.0,0.0,0.0,1.0,0.0,24.0,83194.0,24007.0,0.0,0.31999999999999995,0.19,0.51,2.3,42.2,16.799999999999997,29.0,8.8,2.0,4.0,1.0,7.0
378,James,McConnell,McConnell,a,,,4.5,512,268,0.2,324,115,0.0,457,179,0,0,0,0,0,1393,3306,0.0,0.0,0.0,0.0,0.0,457,179,,,438,167,440,176,382,134,448,172,,,,,,,,0.0,0.0,0.0,0.0,0.0,0.0,0.0,0.0,0.0,2,0,0.0,0.0,0.0,0.0,0.0,0.0,0.0,0.0,0.0,0.0,0.0,0.0,0.0,0.0,1440.0,3663.0,0.0,0.0,0.0,0.0,0.0,0.0,0.0,0.0,0.0,0.0,0.0,0.0,0.0
379,Alexander,Isak,Isak,a,,,9.0,5,2,17.3,23,4,5.0,63,6,8,0,0,0,0,179184,204496,0.6,1.1,5.0,5.0,5.0,67,7,,,72,6,106,10,1,1,10,2,,,2.0,,,,,1.04,0.0,1.04,1.94,0.0,0.0,2.0,1.0,1.0,2,8,90.0,1.0,0.0,0.0,2.0,0.0,0.0,0.0,0.0,0.0,0.0,1.0,2.0,30.0,194041.0,222351.0,0.0,0.99,0.0,0.9899999999999998,2.3,34.0,10.299999999999999,48.0,9.2,1.0,0.0,0.0,1.0
380,Hugo,Ekitiké,Ekitiké,i,Achilles injury - Unknown return date,,7.5,20,7,0.1,404,57,0.0,649,77,0,0,0,0,0,693,3425,0.0,0.0,0.0,0.0,0.0,649,77,0.0,0.0,650,77,650,77,650,77,650,77,,,,,,,,0.0,0.0,0.0,0.0,0.0,0.0,0.0,0.0,0.0,2,0,0.0,0.0,0.0,0.0,0.0,0.0,0.0,0.0,0.0,0.0,0.0,0.0,0.0,0.0,735.0,3738.0,0.0,0.0,0.0,0.0,0.0,0.0,0.0,0.0,0.0,0.0,0.0,0.0,0.0
381,Lewis,Koumas,Koumas,a,,,5.0,349,206,0.0,554,228,0.5,316,144,0,0,0,0,0,161,376,0.1,0.2,0.5,0.5,1.0,285,126,,,323,146,308,155,171,83,295,132,,,,,,,,0.22,0.0,0.22,3.6,0.0,0.0,0.0,0.0,7.5,2,0,0.0,0.0,0.0,0.0,0.0,0.0,0.0,0.0,0.0,0.0,0.0,0.0,0.0,0.0,185.0,410.0,0.0,0.0,0.0,0.0,0.0,0.0,0.0,0.0,0.0,0.0,0.0,0.0,0.0
382,Jayden,Danns,Danns,a,,,4.5,516,67,0.1,466,65,0.0,461,45,0,0,0,0,0,2849,939,0.0,0.0,0.0,0.0,0.0,461,45,100.0,0.0,442,37,444,43,386,39,452,42,,,,,,,,0.0,0.0,0.0,0.0,0.0,0.0,0.0,0.0,0.0,2,0,0.0,0.0,0.0,0.0,0.0,0.0,0.0,0.0,0.0,0.0,0.0,0.0,0.0,0.0,2879.0,1008.0,0.0,0.0,0.0,0.0,0.0,0.0,0.0,0.0,0.0,0.0,0.0,0.0,0.0
383,Harvey,Elliott,Elliott,u,Has joined Valencia on loan for the rest of the season,,5.4,215,135,0.1,488,197,0.0,599,253,0,-1,1,-1,1,527,2445,0.0,0.0,0.0,0.0,0.0,599,253,0.0,,586,247,592,252,565,232,593,249,,,,,,,,0.0,0.0,0.0,0.0,0.0,0.0,0.0,0.0,0.0,2,0,0.0,0.0,0.0,0.0,0.0,0.0,0.0,0.0,0.0,0.0,0.0,0.0,0.0,0.0,573.0,2592.0,0.0,0.0,0.0,0.0,0.0,0.0,0.0,0.0,0.0,0.0,0.0,0.0,0.0
579,Ronald,Araujo,Araujo,a,,,5.4,216,30,2.0,127,53,0.5,327,116,0,-1,1,-1,1,11315,80191,0.1,0.2,0.5,0.5,0.5,352,119,,,183,80,223,71,566,205,249,92,,,,,,,,0.0,0.11,0.11,1.66,0.0,0.0,0.0,0.0,13.64,2,0,13.0,0.0,0.0,0.0,0.0,0.0,0.0,0.0,1.0,0.0,0.0,0.0,0.0,-1.0,12978.0,84656.0,0.0,0.0,0.010000000000000002,0.010000000000000002,0.06999999999999995,5.800000000000001,2.3,0.0,0.8000000000000003,0.0,1.0,2.0,1.0
627,Bradley,Barcola,Barcola,a,,,8.0,10,7,1.4,157,48,0.0,651,288,0,0,0,0,0,134537,19275,0.0,0.0,2.8,2.8,0.0,651,288,,,652,289,652,289,652,289,652,289,,,,,,,,0.0,0.0,0.0,0.0,0.0,0.0,0.0,0.0,0.0,2,0,0.0,0.0,0.0,0.0,0.0,0.0,0.0,0.0,0.0,0.0,0.0,0.0,0.0,0.0,134537.0,19275.0,0.0,0.0,0.0,0.0,0.0,0.0,0.0,0.0,0.0,0.0,0.0,0.0,0.0
155,Enzo,Fernández,Enzo,a,,,6.9,30,19,3.3,98,30,0.5,357,170,0,-1,1,-1,1,30743,132327,0.1,0.1,0.5,0.5,1.0,339,165,,,298,135,171,101,646,286,279,125,,,,,,,,0.0,0.07,0.07,1.01,0.0,0.0,0.0,0.0,10.8,2,0,0.0,0.0,0.0,0.0,0.0,0.0,0.0,0.0,0.0,0.0,0.0,0.0,0.0,0.0,31481.0,151689.0,0.0,0.0,0.0,0.0,0.0,0.0,0.0,0.0,0.0,0.0,0.0,0.0,0.0
237,Iliman,Ndiaye,Ndiaye,a,,,6.0,72,49,11.3,35,12,6.5,29,16,4,0,0,0,0,81325,463788,1.1,2.2,6.5,6.5,6.5,31,17,,,46,22,26,23,25,15,21,16,,,,,,,,0.13,0.2,0.33,2.06,0.0,0.5,0.5,1.0,12.5,2,4,90.0,0.0,0.0,0.0,1.0,0.0,0.0,0.0,0.0,0.0,0.0,1.0,0.0,16.0,103950.0,479451.0,0.0,0.020000000000000018,0.07,0.08999999999999997,2.16,12.600000000000001,14.5,10.0,3.700000000000001,1.0,5.0,7.0,13.0
384,Gianluigi,Donnarumma,Donnarumma,a,,,5.5,139,4,8.0,54,8,1.5,194,17,0,0,0,0,0,70567,119455,0.3,0.5,1.5,1.5,1.5,208,20,,,122,13,609,70,593,70,210,13,,,,,,,,0.0,0.0,0.0,0.66,2.0,0.0,1.0,1.0,0.0,2,0,90.0,0.0,0.0,0.0,1.0,1.0,0.0,0.0,0.0,0.0,1.0,1.0,0.0,5.0,76199.0,125603.0,0.0,0.0,0.0,0.0,0.66,6.800000000000001,0.0,0.0,0.6999999999999997,0.0,0.0,8.0,0.0
386,Marcus,Bettinelli,Bettinelli,a,,,4.5,440,31,0.0,542,62,0.0,426,52,0,0,0,0,0,171,370,0.0,0.0,0.0,0.0,0.0,426,52,,,407,52,401,33,335,32,417,52,,,,,,,,0.0,0.0,0.0,0.0,0.0,0.0,0.0,0.0,0.0,2,0,0.0,0.0,0.0,0.0,0.0,0.0,0.0,0.0,0.0,0.0,0.0,0.0,0.0,0.0,193.0,406.0,0.0,0.0,0.0,0.0,0.0,0.0,0.0,0.0,0.0,0.0,0.0,0.0,0.0
387,Nico,O'Reilly,O'Reilly,a,,,6.5,42,4,18.5,18,6,2.0,173,57,2,0,0,0,0,95948,288517,0.3,0.6,2.0,2.0,2.0,186,59,,,225,91,53,11,110,31,132,47,,,,,,,,0.05,0.26,0.31,0.73,0.0,0.0,1.2,1.2,1.8,2,2,88.0,0.0,0.0,0.0,1.0,0.0,0.0,0.0,0.0,0.0,0.0,1.0,0.0,11.0,106038.0,305802.0,0.0,0.01999999999999999,0.020000000000000018,0.040000000000000036,0.6599999999999999,3.5999999999999996,7.800000000000004,5.0,1.5999999999999996,1.0,0.0,2.0,1.0
388,Marc,Guéhi,Guéhi,a,,,6.0,66,6,18.7,16,4,6.0,43,17,2,0,0,0,0,122128,181006,1.0,2.0,6.0,6.0,6.0,46,18,,,20,4,71,19,67,13,37,4,,,,,,,,0.44,0.18,0.62,0.66,0.0,0.0,1.0,1.0,4.5,2,2,90.0,0.0,0.0,0.0,1.0,0.0,0.0,0.0,0.0,0.0,0.0,1.0,0.0,12.0,148653.0,188252.0,0.0,0.0,0.03999999999999998,0.040000000000000036,0.66,24.199999999999996,15.799999999999997,0.0,4.0,0.0,5.0,4.0,5.0
389,Matheus,Nunes,Matheus N.,a,,,5.9,103,10,1.0,197,75,0.5,346,122,0,-1,1,-1,1,465,38265,0.1,0.2,0.5,0.4,1.0,326,111,100.0,75.0,293,110,266,92,207,75,298,107,,,4.0,,,,,0.0,0.11,0.11,0.27,0.0,0.0,0.0,0.0,2.73,2,0,0.0,0.0,0.0,0.0,0.0,0.0,0.0,0.0,0.0,0.0,0.0,0.0,0.0,0.0,506.0,43490.0,0.0,0.0,0.0,0.0,0.0,0.0,0.0,0.0,0.0,0.0,0.0,0.0,0.0
390,Rúben,dos Santos Gato Alves Dias,Rúben,a,,,5.5,129,13,1.8,136,56,2.0,160,55,2,0,0,0,0,20194,23822,0.4,0.7,2.0,2.0,2.0,173,57,,,51,15,50,10,50,9,39,5,,,,,,,,0.04,0.36,0.4,0.66,0.0,0.0,1.0,1.0,6.0,2,2,90.0,0.0,0.0,0.0,1.0,0.0,0.0,0.0,0.0,0.0,0.0,1.0,0.0,19.0,21336.0,25656.0,0.0,0.09,0.57,0.66,0.66,27.0,22.300000000000004,35.0,8.4,1.0,5.0,6.0,6.0
391,Joško,Gvardiol,Gvardiol,a,,,5.6,119,12,19.3,14,3,7.0,26,10,5,1,-1,1,-1,541727,118953,1.3,2.5,7.0,7.0,7.0,28,11,,,10,2,43,8,94,25,31,2,,,,,,,,0.1,0.05,0.15,0.72,0.0,0.0,1.1,1.1,4.94,2,5,74.0,0.0,1.0,0.0,1.0,0.0,0.0,0.0,0.0,0.0,0.0,1.0,0.0,18.0,583450.0,125172.0,0.0,0.0,0.039999999999999994,0.040000000000000036,0.66,27.6,30.8,2.0,6.000000000000001,1.0,1.0,0.0,2.0
392,Rayan,Aït-Nouri,Aït-Nouri,a,,,5.4,218,32,0.5,245,91,0.0,600,209,0,-1,1,-1,1,2014,24930,0.0,0.0,0.0,0.0,0.0,600,209,,,587,209,593,209,568,207,594,209,,,,,,,,0.0,0.0,0.0,0.0,0.0,0.0,0.0,0.0,0.0,2,0,0.0,0.0,0.0,0.0,0.0,0.0,0.0,0.0,0.0,0.0,0.0,0.0,0.0,0.0,2220.0,27711.0,0.0,0.0,0.0,0.0,0.0,0.0,0.0,0.0,0.0,0.0,0.0,0.0,0.0
393,Abdukodir,Khusanov,Khusanov,a,,,5.5,197,28,1.6,144,61,2.0,166,56,2,0,0,0,0,9722,24152,0.4,0.7,2.0,2.0,2.0,179,58,,,105,47,191,60,205,74,171,63,,,,,,,,0.0,0.02,0.02,0.66,0.0,0.0,1.01,1.01,5.56,2,2,88.0,0.0,0.0,0.0,1.0,0.0,0.0,0.0,0.0,0.0,0.0,1.0,0.0,17.0,10359.0,26358.0,0.0,0.0,0.02,0.02,0.66,21.0,5.299999999999999,4.0,3.0,4.0,3.0,3.0,7.0
394,Max,Alleyne,Alleyne,u,Has joined Burnley on loan for the rest of the season,,5.0,335,64,0.0,620,207,0.0,568,206,0,0,0,0,0,0,142,0.0,0.0,0.0,0.0,0.0,568,206,0.0,0.0,555,207,561,207,523,203,563,207,,,,,,,,0.0,0.0,0.0,0.0,0.0,0.0,0.0,0.0,0.0,2,0,0.0,0.0,0.0,0.0,0.0,0.0,0.0,0.0,0.0,0.0,0.0,0.0,0.0,0.0,0.0,168.0,0.0,0.0,0.0,0.0,0.0,0.0,0.0,0.0,0.0,0.0,0.0,0.0,0.0
395,Rico,Lewis,Lewis,a,,,4.5,504,132,0.2,327,119,0.5,289,104,0,0,0,0,0,2142,5695,0.1,0.2,0.5,0.5,1.0,251,94,,,292,109,218,69,46,6,180,67,,,,,,,,0.27,0.03,0.3,0.88,0.0,0.0,1.61,1.61,3.21,2,0,0.0,0.0,0.0,0.0,0.0,0.0,0.0,0.0,0.0,0.0,0.0,0.0,0.0,0.0,2711.0,6070.0,0.0,0.0,0.0,0.0,0.0,0.0,0.0,0.0,0.0,0.0,0.0,0.0,0.0
396,Vitor,de Oliveira Nunes dos Reis,Vitor Reis,a,,,4.5,559,152,0.0,546,188,0.5,293,107,1,0,0,0,0,130,259,0.1,0.2,0.5,0.5,1.0,257,99,,,322,120,284,103,424,180,333,120,,,,,,,,0.0,0.0,0.0,0.0,0.0,0.0,0.0,0.0,0.0,2,1,1.0,0.0,0.0,0.0,0.0,0.0,0.0,0.0,0.0,0.0,0.0,0.0,0.0,3.0,141.0,302.0,0.0,0.0,0.0,0.0,0.0,1.2,0.9,0.0,0.2,0.0,0.0,0.0,0.0
397,Antoine,Semenyo,Semenyo,a,,,8.5,6,4,19.3,13,6,3.5,97,42,5,0,0,0,0,67722,426795,0.4,0.8,3.5,3.5,3.5,102,43,,,117,43,28,24,13,8,22,17,,,2.0,,,,,0.06,0.3,0.36,0.66,0.0,0.0,1.0,1.0,4.0,2,5,90.0,0.0,1.0,0.0,1.0,0.0,0.0,0.0,0.0,0.0,0.0,1.0,0.0,33.0,76773.0,460464.0,0.0,0.06,0.57,0.63,0.66,29.2,43.0,40.0,11.200000000000001,1.0,0.0,2.0,3.0
398,Phil,Foden,Foden,a,,,7.0,26,17,6.4,63,21,5.0,62,30,9,0,0,0,0,254445,73917,0.7,1.4,5.0,5.0,5.0,66,32,,,47,23,4,4,60,35,11,9,3.0,2.0,,,,,,0.52,0.45,0.97,0.69,0.0,0.0,1.05,1.05,6.84,2,9,90.0,0.0,2.0,0.0,1.0,0.0,0.0,0.0,0.0,0.0,0.0,1.0,1.0,38.0,258668.0,83516.0,0.0,0.87,0.44999999999999996,1.32,0.66,42.800000000000004,45.800000000000004,17.0,10.600000000000001,1.0,2.0,4.0,7.0
399,Rayan,Cherki,Cherki,a,,,7.7,14,9,32.4,7,3,11.0,2,2,14,2,-2,2,-2,1842159,80391,1.4,2.9,11.0,11.0,11.0,3,3,,,2,2,3,3,30,19,2,2,1.0,1.0,,,,,,0.29,0.88,1.17,0.63,0.0,0.0,0.83,0.83,2.5,2,14,81.0,2.0,0.0,0.0,1.0,0.0,0.0,0.0,1.0,0.0,0.0,1.0,3.0,60.0,1878666.0,87117.0,0.0,0.35,0.55,0.8999999999999999,0.66,74.8,47.8,49.0,17.2,0.0,0.0,3.0,3.0
400,Jérémy,Doku,Doku,i,Calf injury - Expected back 5 Sep,,7.4,21,13,0.9,203,62,0.0,647,286,0,-1,1,-1,1,450,34236,0.0,0.0,0.0,0.0,0.0,647,286,0.0,0.0,648,287,648,287,648,287,648,287,,,3.0,,,,,0.0,0.0,0.0,0.0,0.0,0.0,0.0,0.0,0.0,2,0,0.0,0.0,0.0,0.0,0.0,0.0,0.0,0.0,0.0,0.0,0.0,0.0,0.0,0.0,481.0,42409.0,0.0,0.0,0.0,0.0,0.0,0.0,0.0,0.0,0.0,0.0,0.0,0.0,0.0
402,Rodrigo 'Rodri',Hernandez Cascante,Rodrigo,u,Has joined Barcelona permanently,,6.5,36,24,0.0,592,249,0.0,642,283,0,0,0,0,0,0,268,0.0,0.0,0.0,0.0,0.0,642,283,0.0,0.0,643,284,643,284,642,283,643,284,,,,,,,,0.0,0.0,0.0,0.0,0.0,0.0,0.0,0.0,0.0,2,0,0.0,0.0,0.0,0.0,0.0,0.0,0.0,0.0,0.0,0.0,0.0,0.0,0.0,0.0,0.0,298.0,0.0,0.0,0.0,0.0,0.0,0.0,0.0,0.0,0.0,0.0,0.0,0.0,0.0
404,Tijjani,Reijnders,Reijnders,u,Has joined Al Qadsiah permanently,,6.0,70,48,0.0,504,206,0.0,633,276,0,0,0,0,0,0,1690,0.0,0.0,0.0,0.0,0.0,633,276,0.0,0.0,632,277,633,277,628,273,633,277,,,,,,,,0.0,0.0,0.0,0.0,0.0,0.0,0.0,0.0,0.0,2,0,0.0,0.0,0.0,0.0,0.0,0.0,0.0,0.0,0.0,0.0,0.0,0.0,0.0,0.0,0.0,2057.0,0.0,0.0,0.0,0.0,0.0,0.0,0.0,0.0,0.0,0.0,0.0,0.0,0.0
406,Mateo,Kovačić,Kovačić,a,,,5.5,123,80,0.1,451,179,1.0,253,120,1,0,0,0,0,644,2139,0.2,0.4,1.0,1.0,1.0,310,146,,,284,131,208,114,584,244,297,134,,,,,,,,0.0,0.04,0.04,0.21,0.0,0.0,0.0,0.0,4.29,2,1,15.0,0.0,0.0,0.0,0.0,0.0,0.0,0.0,0.0,0.0,0.0,0.0,0.0,9.0,758.0,2315.0,0.0,0.0,0.01,0.01,0.0,2.0,3.1,0.0,0.5,0.0,0.0,0.0,0.0
407,Claudio,Echeverri,Echeverri,u,Has joined Benfica on loan for the rest of the season,,4.9,418,255,0.0,585,244,0.0,524,210,0,-1,1,-1,1,157,504,0.0,0.0,0.0,0.0,0.0,524,210,0.0,,507,199,509,207,456,166,516,203,,,,,,,,0.0,0.0,0.0,0.0,0.0,0.0,0.0,0.0,0.0,2,0,0.0,0.0,0.0,0.0,0.0,0.0,0.0,0.0,0.0,0.0,0.0,0.0,0.0,0.0,165.0,550.0,0.0,0.0,0.0,0.0,0.0,0.0,0.0,0.0,0.0,0.0,0.0,0.0,0.0
408,Kalvin,Phillips,Phillips,u,Has joined Sheffield United on loan for the rest of the season,,5.0,252,154,0.0,618,264,0.0,533,215,0,0,0,0,0,0,154,0.0,0.0,0.0,0.0,0.0,533,215,0.0,0.0,518,205,520,212,469,172,526,208,,,,,,,,0.0,0.0,0.0,0.0,0.0,0.0,0.0,0.0,0.0,2,0,0.0,0.0,0.0,0.0,0.0,0.0,0.0,0.0,0.0,0.0,0.0,0.0,0.0,0.0,0.0,180.0,0.0,0.0,0.0,0.0,0.0,0.0,0.0,0.0,0.0,0.0,0.0,0.0,0.0
409,Divine,Mukasa,Mukasa,u,has joined West Ham on loan for the rest of the seaon.,,4.5,547,278,0.1,385,144,0.0,487,188,0,0,0,0,0,694,3944,0.0,0.0,0.0,0.0,0.0,487,188,0.0,,469,176,470,185,414,143,479,181,,,,,,,,0.0,0.0,0.0,0.0,0.0,0.0,0.0,0.0,0.0,2,0,0.0,0.0,0.0,0.0,0.0,0.0,0.0,0.0,0.0,0.0,0.0,0.0,0.0,0.0,776.0,4263.0,0.0,0.0,0.0,0.0,0.0,0.0,0.0,0.0,0.0,0.0,0.0,0.0,0.0
410,Jeremy,Monga,Monga,u,Has joined Swansea City on loan for the rest of the season,,4.9,419,256,0.0,590,247,0.0,525,211,0,-1,1,-1,1,143,448,0.0,0.0,0.0,0.0,0.0,525,211,0.0,,508,200,510,208,457,167,517,204,,,,,,,,0.0,0.0,0.0,0.0,0.0,0.0,0.0,0.0,0.0,2,0,0.0,0.0,0.0,0.0,0.0,0.0,0.0,0.0,0.0,0.0,0.0,0.0,0.0,0.0,148.0,484.0,0.0,0.0,0.0,0.0,0.0,0.0,0.0,0.0,0.0,0.0,0.0,0.0,0.0
411,Erling,Haaland,Haaland,a,,,15.5,1,1,72.6,1,1,7.5,24,2,13,0,0,0,0,395397,40343,0.5,1.0,7.5,7.5,7.5,25,2,,,13,2,207,27,2,2,13,3,,,1.0,,,,,0.7,0.01,0.71,0.66,0.0,0.0,1.0,1.0,4.0,2,13,90.0,2.0,0.0,0.0,1.0,0.0,0.0,0.0,0.0,0.0,0.0,1.0,3.0,60.0,407685.0,57705.0,0.0,0.6599999999999999,0.0,0.6599999999999999,0.66,69.0,0.09999999999999964,51.0,11.999999999999998,0.0,3.0,2.0,5.0
481,Elliot,Anderson,Anderson,a,,,6.4,50,35,5.0,75,25,2.5,144,69,3,0,0,-1,1,40646,131698,0.4,0.8,2.5,2.5,2.5,149,69,100.0,100.0,129,48,48,38,127,64,87,49,2.0,,,,,,,0.04,0.3,0.34,0.76,0.0,0.0,1.26,1.26,12.59,2,3,81.0,0.0,0.0,0.0,1.0,0.0,0.0,0.0,1.0,0.0,0.0,1.0,0.0,25.0,43869.0,145833.0,0.0,0.07,0.21999999999999997,0.29000000000000004,0.6599999999999999,25.000000000000004,20.2,13.0,5.8,5.0,4.0,5.0,14.0
587,Gerónimo,Rulli,Rulli,a,,,5.0,245,8,0.0,564,67,0.0,529,67,0,0,0,0,0,147,337,0.0,0.0,0.0,0.0,0.0,529,67,,,512,67,515,56,463,56,521,67,,,,,,,,0.0,0.0,0.0,0.0,0.0,0.0,0.0,0.0,0.0,2,0,0.0,0.0,0.0,0.0,0.0,0.0,0.0,0.0,0.0,0.0,0.0,0.0,0.0,0.0,156.0,372.0,0.0,0.0,0.0,0.0,0.0,0.0,0.0,0.0,0.0,0.0,0.0,0.0,0.0
616,Ayyoub,Bouaddi,Bouaddi,a,,,5.5,201,125,0.1,372,138,1.0,258,124,1,0,0,0,0,9275,3237,0.2,0.2,2.0,2.0,1.0,320,151,,,314,140,215,118,612,263,309,141,,,,,,,,0.0,1.35,1.35,0.0,0.0,0.0,0.0,0.0,11.25,2,1,8.0,0.0,0.0,0.0,0.0,0.0,0.0,0.0,0.0,0.0,0.0,0.0,0.0,3.0,11039.0,3469.0,0.0,0.0,0.12,0.12,0.0,1.8,4.3,0.0,0.6,0.0,1.0,0.0,1.0
621,Ryan,McAidoo,McAidoo,a,,,4.5,560,284,0.1,434,171,1.0,228,104,1,0,0,0,0,6657,1922,0.2,0.2,1.0,1.0,1.0,258,108,,,479,181,306,154,249,121,342,159,,,,,,,,1.12,0.0,1.12,0.0,0.0,0.0,0.0,0.0,0.0,2,1,8.0,0.0,0.0,0.0,0.0,0.0,0.0,0.0,0.0,0.0,0.0,0.0,0.0,3.0,6657.0,1922.0,0.0,0.1,0.0,0.1,0.0,0.0,0.5,1.0,0.1,0.0,0.0,0.0,0.0
622,Kaden,Braithwaite,Braithwaite,a,,,4.0,637,200,0.1,391,142,1.0,212,70,1,0,0,0,0,9252,2192,0.2,0.2,1.0,1.0,1.0,229,74,,,329,122,288,105,303,121,340,121,,,,,,,,0.0,0.0,0.0,0.0,0.0,0.0,0.0,0.0,0.0,2,1,1.0,0.0,0.0,0.0,0.0,0.0,0.0,0.0,0.0,0.0,0.0,0.0,0.0,3.0,9252.0,2192.0,0.0,0.0,0.0,0.0,0.0,0.6,0.8,0.0,0.1,0.0,0.0,1.0,0.0
628,Allan,Andrade Elias,Allan,a,,,6.0,87,58,0.0,627,271,0.0,638,279,0,0,0,0,0,299,86,0.0,0.0,2.2,2.2,0.0,638,279,,,639,280,639,280,635,276,639,280,,,,,,,,0.0,0.0,0.0,0.0,0.0,0.0,0.0,0.0,0.0,2,0,0.0,0.0,0.0,0.0,0.0,0.0,0.0,0.0,0.0,0.0,0.0,0.0,0.0,0.0,299.0,86.0,0.0,0.0,0.0,0.0,0.0,0.0,0.0,0.0,0.0,0.0,0.0,0.0,0.0
43,Youri,Tielemans,Tielemans,a,,,5.9,93,61,1.9,131,40,3.0,115,53,4,-1,1,-1,1,12696,51211,0.5,1.0,3.0,3.0,3.0,120,53,100.0,100.0,102,37,22,19,79,45,44,32,,,3.0,,,,,0.29,0.13,0.42,1.73,0.0,0.0,2.31,1.15,10.38,2,4,90.0,0.0,0.0,0.0,2.0,0.0,0.0,0.0,0.0,0.0,0.0,1.0,0.0,26.0,14573.0,56491.0,0.0,0.47000000000000003,0.11,0.58,2.06,33.2,46.3,20.0,10.0,2.0,4.0,7.0,13.0
131,Carlos,Baleba,Baleba,i,Ankle injury - Expected back 19 Sep,,5.0,354,209,0.1,379,141,0.0,574,236,0,0,0,0,0,1691,4955,0.0,0.0,0.0,0.0,0.0,574,236,0.0,0.0,561,229,568,235,531,205,569,232,,,,,,,,0.0,0.0,0.0,0.0,0.0,0.0,0.0,0.0,0.0,2,0,0.0,0.0,0.0,0.0,0.0,0.0,0.0,0.0,0.0,0.0,0.0,0.0,0.0,0.0,1817.0,5539.0,0.0,0.0,0.0,0.0,0.0,0.0,0.0,0.0,0.0,0.0,0.0,0.0,0.0
162,Andrey,Nascimento dos Santos,Andrey Santos,a,,,4.9,414,252,0.8,214,68,1.5,183,89,1,-1,1,-1,1,7304,24162,0.3,0.6,1.5,1.5,1.5,197,94,,,192,74,211,116,225,107,232,103,,,,,,,,0.0,0.27,0.27,2.3,0.0,0.0,3.55,1.18,16.58,2,1,10.0,0.0,0.0,0.0,1.0,0.0,0.0,0.0,0.0,0.0,0.0,0.0,0.0,2.0,8208.0,26107.0,0.0,0.0,0.0,0.0,1.0,6.200000000000001,0.7000000000000002,0.0,0.7,3.0,0.0,2.0,5.0
325,Karl,Darlow,Darlow,a,,,4.5,425,23,0.0,513,57,0.0,417,46,0,0,0,0,0,340,459,0.0,0.0,0.0,0.0,0.0,417,46,100.0,100.0,398,46,390,25,322,24,408,46,,,,,,,,0.0,0.0,0.0,0.0,0.0,0.0,0.0,0.0,0.0,2,0,0.0,0.0,0.0,0.0,0.0,0.0,0.0,0.0,0.0,0.0,0.0,0.0,0.0,0.0,378.0,495.0,0.0,0.0,0.0,0.0,0.0,0.0,0.0,0.0,0.0,0.0,0.0,0.0,0.0
412,Senne,Lammens,Lammens,a,,,5.0,315,16,13.3,32,5,1.5,189,16,2,0,0,0,0,32031,188932,0.3,0.6,1.5,1.5,1.5,203,19,,,68,10,549,64,507,64,181,11,,,,,,,,0.0,0.0,0.0,1.54,2.5,0.0,2.0,1.0,0.0,2,2,90.0,0.0,0.0,0.0,2.0,0.0,0.0,0.0,0.0,0.0,3.0,1.0,0.0,11.0,38836.0,200916.0,0.0,0.0,0.0,0.0,2.0599999999999996,27.000000000000004,0.0,0.0,2.7,0.0,1.0,6.0,0.0
413,Altay,Bayındır,Bayindir,u,Has joined Celta Vigo on loan for the rest of the season,,4.5,494,39,0.0,582,69,0.0,452,59,0,0,0,0,0,0,291,0.0,0.0,0.0,0.0,0.0,452,59,0.0,0.0,433,59,430,41,369,40,443,59,,,,,,,,0.0,0.0,0.0,0.0,0.0,0.0,0.0,0.0,0.0,2,0,0.0,0.0,0.0,0.0,0.0,0.0,0.0,0.0,0.0,0.0,0.0,0.0,0.0,0.0,0.0,332.0,0.0,0.0,0.0,0.0,0.0,0.0,0.0,0.0,0.0,0.0,0.0,0.0,0.0
414,Tom,Heaton,Heaton,i,Hamstring injury - Unknown return date,,4.0,575,49,0.1,445,49,0.0,358,23,0,0,0,0,0,610,966,0.0,0.0,0.0,0.0,0.0,358,23,0.0,0.0,340,23,330,2,252,1,349,23,,,,,,,,0.0,0.0,0.0,0.0,0.0,0.0,0.0,0.0,0.0,2,0,0.0,0.0,0.0,0.0,0.0,0.0,0.0,0.0,0.0,0.0,0.0,0.0,0.0,0.0,642.0,1044.0,0.0,0.0,0.0,0.0,0.0,0.0,0.0,0.0,0.0,0.0,0.0,0.0,0.0
415,Patrick,Dorgu,Dorgu,a,,,5.9,112,72,0.7,223,72,0.5,347,162,1,-1,1,-1,1,3127,36385,0.1,0.2,0.5,0.5,0.5,357,170,,,253,112,162,98,28,18,136,69,,,,,,,,1.06,0.07,1.13,3.14,0.0,0.0,4.91,1.64,4.91,2,1,10.0,0.0,0.0,0.0,1.0,0.0,0.0,0.0,0.0,0.0,0.0,0.0,0.0,4.0,3813.0,41115.0,0.0,0.18000000000000005,0.010000000000000002,0.18999999999999995,0.9999999999999999,7.0,11.700000000000001,39.0,5.8,1.0,1.0,0.0,2.0
416,Matthijs,de Ligt,De Ligt,i,Back injury - Unknown return date,,5.0,271,42,0.0,555,191,0.0,538,197,0,0,0,0,0,94,462,0.0,0.0,0.0,0.0,0.0,538,197,0.0,0.0,526,200,527,200,481,193,533,200,,,,,,,,0.0,0.0,0.0,0.0,0.0,0.0,0.0,0.0,0.0,2,0,0.0,0.0,0.0,0.0,0.0,0.0,0.0,0.0,0.0,0.0,0.0,0.0,0.0,0.0,104.0,494.0,0.0,0.0,0.0,0.0,0.0,0.0,0.0,0.0,0.0,0.0,0.0,0.0,0.0
417,Diogo,Dalot Teixeira,Dalot,a,,,5.0,277,45,2.1,124,51,1.5,186,63,2,0,0,0,0,8970,38370,0.3,0.6,1.5,1.5,1.5,200,64,,,160,72,27,4,57,12,55,11,,,,,,,,0.16,0.13,0.29,1.15,0.0,0.0,1.08,1.08,7.59,2,2,73.0,0.0,0.0,0.0,1.0,0.0,0.0,0.0,0.0,0.0,0.0,1.0,0.0,12.0,10050.0,44521.0,0.0,0.15,0.12,0.27,1.06,16.4,42.2,33.0,9.2,0.0,4.0,1.0,4.0
418,Harry,Maguire,Maguire,a,,,5.0,242,36,13.6,31,10,2.5,127,46,4,0,0,0,0,49548,284957,0.5,1.0,2.5,2.5,2.5,133,48,,,128,57,81,24,74,17,83,24,,,,,,,,0.04,0.2,0.24,1.54,0.0,0.0,2.0,1.0,4.5,2,4,90.0,0.0,1.0,0.0,2.0,0.0,0.0,0.0,0.0,0.0,0.0,1.0,0.0,13.0,59590.0,302071.0,0.0,0.030000000000000006,0.009999999999999953,0.03999999999999998,2.0599999999999996,7.200000000000003,1.5,6.0,1.5000000000000009,1.0,4.0,4.0,5.0
419,Lisandro,Martínez,Martinez,a,,,5.0,283,48,1.2,167,66,0.5,306,114,1,0,0,0,0,8139,18007,0.1,0.2,0.5,0.5,1.0,274,106,100.0,100.0,278,104,255,87,211,77,294,106,,,,,,,,0.03,0.06,0.09,2.06,0.0,0.0,2.0,1.0,0.0,2,1,90.0,0.0,0.0,0.0,2.0,0.0,0.0,0.0,0.0,0.0,0.0,1.0,0.0,2.0,8697.0,21108.0,0.0,0.03,0.06,0.09,2.06,4.8,1.8,3.0,1.0,0.0,0.0,6.0,0.0
420,Leny,Yoro,Yoro,a,,,4.9,417,77,0.5,244,90,0.5,296,108,1,-1,1,-1,1,1733,11131,0.1,0.2,0.5,0.5,1.0,263,101,,,313,118,254,86,455,188,317,115,,,,,,,,0.0,0.06,0.06,5.62,0.0,0.0,5.62,0.0,11.25,2,1,16.0,0.0,0.0,0.0,1.0,0.0,0.0,0.0,0.0,0.0,0.0,0.0,0.0,-2.0,1817.0,12661.0,0.0,0.0,0.01,0.01,1.0,1.8,1.8,0.0,0.4,0.0,2.0,1.0,2.0
421,Ayden,Heaven,Heaven,a,,,4.5,554,150,0.3,287,107,0.5,292,106,0,0,0,0,0,1298,8886,0.1,0.2,0.5,0.5,1.0,256,98,,,254,99,233,75,138,46,257,94,,,,,,,,0.12,0.04,0.16,1.01,0.0,0.0,2.0,1.0,2.0,2,0,0.0,0.0,0.0,0.0,0.0,0.0,0.0,0.0,0.0,0.0,0.0,0.0,0.0,0.0,1694.0,9487.0,0.0,0.0,0.0,0.0,0.0,0.0,0.0,0.0,0.0,0.0,0.0,0.0,0.0
422,Noussair,Mazraoui,Mazraoui,a,,,4.5,472,111,0.6,237,87,1.0,220,77,1,0,0,0,0,3230,12957,0.2,0.4,1.0,1.0,1.0,244,88,,,184,81,79,23,151,49,147,55,,,,,,,,0.21,0.05,0.26,1.88,0.0,0.0,2.81,0.94,4.69,2,1,17.0,0.0,0.0,0.0,1.0,0.0,0.0,0.0,0.0,0.0,0.0,0.0,0.0,-1.0,4075.0,13731.0,0.0,0.0,0.0,0.0,0.9999999999999998,1.4000000000000021,1.3000000000000007,0.0,0.3000000000000007,0.0,0.0,0.0,0.0
423,Luke,Shaw,Shaw,a,,,4.5,434,85,15.2,28,9,1.5,178,60,2,0,0,0,0,30297,329129,0.3,0.7,1.5,1.5,1.5,193,62,,,75,30,18,2,147,47,50,9,3.0,,,,,,,0.0,0.16,0.16,1.15,0.0,0.0,1.67,1.11,6.67,2,2,72.0,0.0,0.0,0.0,1.0,0.0,0.0,0.0,0.0,0.0,0.0,1.0,0.0,12.0,37908.0,345649.0,0.0,0.0,0.020000000000000018,0.020000000000000018,1.0599999999999998,18.400000000000002,1.5999999999999943,4.0,2.4000000000000004,4.0,4.0,2.0,8.0
424,Harry,Amass,Amass,a,,,4.0,642,205,0.2,339,124,0.0,407,150,0,0,0,0,0,1926,2337,0.0,0.0,0.0,0.0,0.0,407,150,,,389,152,381,150,308,126,399,152,,,,,,,,0.0,0.0,0.0,0.0,0.0,0.0,0.0,0.0,0.0,2,0,0.0,0.0,0.0,0.0,0.0,0.0,0.0,0.0,0.0,0.0,0.0,0.0,0.0,0.0,2015.0,2573.0,0.0,0.0,0.0,0.0,0.0,0.0,0.0,0.0,0.0,0.0,0.0,0.0,0.0
425,Tyler,Fredricson,Fredricson,u,Has joined Lausanne-Sport permanently,,4.0,633,196,0.0,577,196,0.0,400,143,0,0,0,0,0,0,328,0.0,0.0,0.0,0.0,0.0,400,143,0.0,0.0,382,145,374,143,299,117,392,145,,,,,,,,0.0,0.0,0.0,0.0,0.0,0.0,0.0,0.0,0.0,2,0,0.0,0.0,0.0,0.0,0.0,0.0,0.0,0.0,0.0,0.0,0.0,0.0,0.0,0.0,0.0,365.0,0.0,0.0,0.0,0.0,0.0,0.0,0.0,0.0,0.0,0.0,0.0,0.0,0.0
426,Bruno,Borges Fernandes,B.Fernandes,a,,,12.0,2,1,48.2,3,1,12.5,1,1,23,0,0,0,0,369928,329791,1.0,2.1,12.5,12.5,12.5,2,2,,,1,1,1,1,8,4,1,1,1.0,1.0,1.0,,,,,1.05,0.37,1.42,1.54,0.0,0.0,2.0,1.0,7.0,2,23,90.0,3.0,1.0,0.0,2.0,0.0,0.0,0.0,0.0,0.0,0.0,1.0,3.0,87.0,379196.0,367621.0,0.0,2.02,0.48,2.5,2.0599999999999996,132.4,62.50000000000001,66.0,26.099999999999998,2.0,1.0,5.0,8.0
427,Bryan,Mbeumo,Mbeumo,a,,,8.0,9,6,26.3,8,4,6.5,34,20,11,0,0,0,0,91877,827420,0.8,1.6,6.5,6.5,6.5,36,21,,,43,20,12,12,5,2,6,5,2.0,2.0,2.0,,,,,1.13,0.22,1.35,1.54,0.0,0.0,2.0,1.0,4.5,2,11,90.0,1.0,1.0,0.0,2.0,0.0,0.0,0.0,1.0,0.0,0.0,1.0,2.0,37.0,108290.0,869269.0,0.0,1.7599999999999998,0.21,1.9700000000000002,2.0599999999999996,45.6,43.300000000000004,35.0,12.400000000000002,3.0,0.0,2.0,5.0
428,Matheus,Santos Carneiro da Cunha,Cunha,a,,,8.0,8,5,7.7,57,20,5.5,51,25,9,0,0,0,0,23449,156446,0.7,1.4,5.5,5.5,5.5,54,27,,,152,55,23,20,18,10,27,21,,,,,,,,0.2,0.21,0.41,1.18,0.0,0.0,1.71,1.14,2.85,2,9,79.0,0.0,2.0,0.0,1.0,0.0,0.0,0.0,0.0,0.0,0.0,1.0,1.0,31.0,27908.0,171310.0,0.0,0.10999999999999999,0.15,0.25999999999999995,1.0599999999999998,20.0,27.599999999999998,28.0,7.6,0.0,0.0,2.0,2.0
429,Marcus,Rashford,Rashford,a,,,7.0,25,16,1.6,145,43,1.5,209,101,2,0,0,0,0,22628,37653,0.2,0.4,1.5,1.5,1.5,222,106,,,145,53,8,8,21,12,17,13,,3.0,,,,,,0.19,0.11,0.3,0.83,0.0,0.0,0.73,0.73,5.08,2,2,79.0,0.0,0.0,0.0,1.0,0.0,0.0,0.0,0.0,0.0,0.0,1.0,0.0,17.0,24750.0,40725.0,0.0,0.26,0.04999999999999999,0.30999999999999994,1.0599999999999998,16.0,34.300000000000004,58.0,10.799999999999999,3.0,0.0,3.0,6.0
430,Mason,Mount,Mount,d,Foot injury - 75% chance of playing,,5.4,207,128,0.0,557,229,0.0,594,249,0,-1,1,-1,1,60,590,0.0,0.0,0.0,0.0,0.0,594,249,75.0,75.0,582,243,589,249,560,227,590,246,,4.0,,,,,,0.0,0.0,0.0,0.0,0.0,0.0,0.0,0.0,0.0,2,0,0.0,0.0,0.0,0.0,0.0,0.0,0.0,0.0,0.0,0.0,0.0,0.0,0.0,0.0,63.0,652.0,0.0,0.0,0.0,0.0,0.0,0.0,0.0,0.0,0.0,0.0,0.0,0.0,0.0
431,Amad,Diallo,Amad,i,Unspecified injury - Unknown return date,,5.8,116,76,0.5,258,85,0.0,626,271,0,-1,1,-2,2,242,42526,0.0,0.0,0.0,0.0,0.0,626,271,0.0,0.0,620,270,624,271,614,264,624,270,4.0,,,,,,,0.0,0.0,0.0,0.0,0.0,0.0,0.0,0.0,0.0,2,0,0.0,0.0,0.0,0.0,0.0,0.0,0.0,0.0,0.0,0.0,0.0,0.0,0.0,0.0,291.0,54927.0,0.0,0.0,0.0,0.0,0.0,0.0,0.0,0.0,0.0,0.0,0.0,0.0,0.0
432,Kobbie,Mainoo,Mainoo,a,,,5.5,183,113,1.1,180,57,2.5,138,64,4,0,0,0,0,19409,13072,0.5,0.9,2.5,2.5,2.5,143,64,,,189,72,188,104,140,70,201,89,,,,,,,,0.19,0.25,0.44,1.0,0.0,0.0,0.88,0.88,14.12,2,4,79.0,0.0,0.0,0.0,1.0,0.0,0.0,0.0,0.0,0.0,0.0,1.0,0.0,25.0,19875.0,14644.0,0.0,0.13999999999999999,0.27,0.41,1.0599999999999998,15.2,7.199999999999999,9.0,3.0999999999999996,3.0,2.0,10.0,15.0
433,Manuel,Ugarte Ribeiro,Ugarte,i,Knee injury - Unknown return date,,5.0,290,174,0.0,626,270,0.0,545,221,0,0,0,0,0,32,69,0.0,0.0,0.0,0.0,0.0,545,221,0.0,0.0,533,213,534,218,489,183,540,215,,,,,,,,0.0,0.0,0.0,0.0,0.0,0.0,0.0,0.0,0.0,2,0,0.0,0.0,0.0,0.0,0.0,0.0,0.0,0.0,0.0,0.0,0.0,0.0,0.0,0.0,34.0,76.0,0.0,0.0,0.0,0.0,0.0,0.0,0.0,0.0,0.0,0.0,0.0,0.0,0.0
434,Jack,Fletcher,J.Fletcher,a,,,5.0,360,215,0.0,594,251,0.0,578,240,0,0,0,0,0,83,185,0.0,0.0,0.0,0.0,0.0,578,240,,,565,233,572,239,535,209,573,236,,,,,,,,0.0,0.0,0.0,0.0,0.0,0.0,0.0,0.0,0.0,2,0,0.0,0.0,0.0,0.0,0.0,0.0,0.0,0.0,0.0,0.0,0.0,0.0,0.0,0.0,84.0,202.0,0.0,0.0,0.0,0.0,0.0,0.0,0.0,0.0,0.0,0.0,0.0,0.0,0.0
435,Shea,Lacey,Lacey,a,,,5.0,369,222,0.1,494,200,0.5,320,147,0,0,0,0,0,297,1034,0.1,0.2,0.5,0.5,1.0,290,130,,,336,155,299,150,543,216,345,162,,,,,,,,0.0,0.0,0.0,0.0,0.0,0.0,0.0,0.0,9.0,2,0,0.0,0.0,0.0,0.0,0.0,0.0,0.0,0.0,0.0,0.0,0.0,0.0,0.0,0.0,338.0,1112.0,0.0,0.0,0.0,0.0,0.0,0.0,0.0,0.0,0.0,0.0,0.0,0.0,0.0
436,Toby,Collyer,Collyer,u,Has joined West Brom permanently,,5.0,330,195,0.0,583,242,0.0,564,232,0,0,0,0,0,90,379,0.0,0.0,0.0,0.0,0.0,564,232,0.0,,552,225,558,231,518,199,560,228,,,,,,,,0.0,0.0,0.0,0.0,0.0,0.0,0.0,0.0,0.0,2,0,0.0,0.0,0.0,0.0,0.0,0.0,0.0,0.0,0.0,0.0,0.0,0.0,0.0,0.0,93.0,402.0,0.0,0.0,0.0,0.0,0.0,0.0,0.0,0.0,0.0,0.0,0.0,0.0,0.0
437,Bendito,Mantato,Bendito Mantato,a,,,4.5,543,276,0.2,347,127,0.0,485,187,0,0,0,0,0,1753,2689,0.0,0.0,0.0,0.0,0.0,485,187,,,467,175,468,184,412,142,477,180,,,,,,,,0.0,0.0,0.0,0.0,0.0,0.0,0.0,0.0,0.0,2,0,0.0,0.0,0.0,0.0,0.0,0.0,0.0,0.0,0.0,0.0,0.0,0.0,0.0,0.0,1811.0,2919.0,0.0,0.0,0.0,0.0,0.0,0.0,0.0,0.0,0.0,0.0,0.0,0.0,0.0
438,Tyler,Fletcher,Fletcher,a,,,4.5,524,271,0.3,295,100,0.0,469,182,0,0,0,0,0,1873,4295,0.0,0.0,0.0,0.0,0.0,469,182,,,450,170,452,179,394,137,460,175,,,,,,,,0.0,0.0,0.0,0.0,0.0,0.0,0.0,0.0,0.0,2,0,0.0,0.0,0.0,0.0,0.0,0.0,0.0,0.0,0.0,0.0,0.0,0.0,0.0,0.0,1984.0,4723.0,0.0,0.0,0.0,0.0,0.0,0.0,0.0,0.0,0.0,0.0,0.0,0.0,0.0
439,Benjamin,Sesko,Šeško,a,,,7.0,29,10,1.6,146,22,1.0,269,33,1,0,0,0,0,15503,48251,0.1,0.3,1.0,1.0,1.0,340,42,100.0,100.0,310,34,180,20,146,28,242,28,,,,,,,,0.11,0.03,0.14,2.92,0.0,0.0,2.73,0.0,8.18,2,1,10.0,0.0,0.0,0.0,1.0,0.0,0.0,0.0,0.0,0.0,0.0,0.0,0.0,5.0,20669.0,50292.0,0.0,0.0,0.01,0.010000000000000002,1.0,2.2,10.5,2.0,1.5,0.0,0.0,3.0,3.0
440,Joshua,Zirkzee,Zirkzee,a,,,5.4,219,48,0.5,261,46,0.0,601,68,0,-1,1,-1,1,5585,12840,0.0,0.0,0.0,0.0,0.0,601,68,,,588,61,594,66,569,63,595,66,,,,,,,,0.0,0.0,0.0,0.0,0.0,0.0,0.0,0.0,0.0,2,0,0.0,0.0,0.0,0.0,0.0,0.0,0.0,0.0,0.0,0.0,0.0,0.0,0.0,0.0,5755.0,14802.0,0.0,0.0,0.0,0.0,0.0,0.0,0.0,0.0,0.0,0.0,0.0,0.0,0.0
441,Chido,Obi,Obi,a,,,4.5,550,75,1.2,169,25,0.0,490,52,0,0,0,0,0,19000,15749,0.0,0.0,0.0,0.0,0.0,490,52,,,472,45,473,50,417,47,482,50,,,,,,,,0.0,0.0,0.0,0.0,0.0,0.0,0.0,0.0,0.0,2,0,0.0,0.0,0.0,0.0,0.0,0.0,0.0,0.0,0.0,0.0,0.0,0.0,0.0,0.0,19723.0,17165.0,0.0,0.0,0.0,0.0,0.0,0.0,0.0,0.0,0.0,0.0,0.0,0.0,0.0
405,Nico,González Iglesias,N.Gonzalez,a,,,5.5,170,103,0.2,315,111,1.0,256,122,2,0,0,0,0,10082,2954,0.2,0.4,1.0,1.0,2.0,178,88,,,252,111,84,52,602,255,205,91,,,,,,,,0.0,0.26,0.26,0.95,0.0,1.29,0.0,1.29,5.14,2,2,70.0,0.0,0.0,1.0,0.0,0.0,0.0,0.0,1.0,0.0,0.0,1.0,0.0,9.0,10962.0,3209.0,0.0,0.0,0.2,0.2,0.74,7.2,29.5,0.0,3.7,0.0,2.0,2.0,4.0
442,Nick,Pope,Pope,a,,,5.0,243,6,1.1,184,28,0.0,528,66,0,0,0,0,0,4933,19117,0.0,0.0,0.0,0.0,0.0,528,66,,,511,66,514,55,461,54,520,66,,,,,,,,0.0,0.0,0.0,0.0,0.0,0.0,0.0,0.0,0.0,2,0,0.0,0.0,0.0,0.0,0.0,0.0,0.0,0.0,0.0,0.0,0.0,0.0,0.0,0.0,5253.0,21055.0,0.0,0.0,0.0,0.0,0.0,0.0,0.0,0.0,0.0,0.0,0.0,0.0,0.0
443,Mark,Gillespie,Gillespie,a,,,4.5,428,26,0.0,524,58,0.0,418,47,0,0,0,0,0,237,382,0.0,0.0,0.0,0.0,0.0,418,47,,,399,47,393,28,325,27,409,47,,,,,,,,0.0,0.0,0.0,0.0,0.0,0.0,0.0,0.0,0.0,2,0,0.0,0.0,0.0,0.0,0.0,0.0,0.0,0.0,0.0,0.0,0.0,0.0,0.0,0.0,247.0,414.0,0.0,0.0,0.0,0.0,0.0,0.0,0.0,0.0,0.0,0.0,0.0,0.0,0.0
444,Ewen,Jaouen,Jaouen,a,,,4.5,534,48,0.0,551,64,0.0,478,64,0,0,0,0,0,182,459,0.0,0.0,0.0,0.0,0.0,478,64,,,459,64,461,50,403,49,469,64,,,,,,,,0.0,0.0,0.0,0.0,0.0,0.0,0.0,0.0,0.0,2,0,0.0,0.0,0.0,0.0,0.0,0.0,0.0,0.0,0.0,0.0,0.0,0.0,0.0,0.0,198.0,492.0,0.0,0.0,0.0,0.0,0.0,0.0,0.0,0.0,0.0,0.0,0.0,0.0,0.0
445,Malick,Thiaw,Thiaw,a,,,5.0,316,57,2.2,118,49,4.5,67,24,6,0,0,0,0,70514,31568,0.9,1.8,4.5,4.5,4.5,71,25,,,74,29,261,90,508,199,182,68,,,,,,,,0.0,0.01,0.01,2.05,0.0,0.5,1.0,1.0,9.0,2,6,90.0,0.0,0.0,1.0,0.0,0.0,0.0,0.0,0.0,0.0,0.0,1.0,0.0,25.0,74119.0,33512.0,0.0,0.0,0.02,0.02,1.1199999999999997,6.800000000000004,1.5,0.0,0.7999999999999998,0.0,3.0,1.0,3.0
446,Fabian,Schär,Schär,a,,,5.0,248,37,0.2,322,117,0.5,299,110,0,0,0,0,0,2035,4876,0.1,0.2,0.5,0.5,1.0,265,102,100.0,100.0,515,196,517,197,466,189,523,196,,2.0,,,,,,0.0,0.0,0.0,71.1,0.0,0.0,90.0,0.0,0.0,2,0,0.0,0.0,0.0,0.0,0.0,0.0,0.0,0.0,0.0,0.0,0.0,0.0,0.0,0.0,2228.0,5162.0,0.0,0.0,0.0,0.0,0.0,0.0,0.0,0.0,0.0,0.0,0.0,0.0,0.0
447,Sven,Botman,Botman,a,,,5.0,280,46,0.7,232,84,4.0,80,31,5,0,0,0,0,15289,6802,0.8,1.6,4.0,4.0,4.0,83,31,,,76,31,244,81,230,86,178,65,,,,,,,,0.0,0.0,0.0,2.05,0.0,0.5,1.0,1.0,7.5,2,5,90.0,0.0,0.0,1.0,0.0,0.0,0.0,0.0,1.0,0.0,0.0,1.0,0.0,22.0,16509.0,7265.0,0.0,0.01,0.0,0.01,1.1199999999999997,11.200000000000003,1.8,2.0,1.5,1.0,4.0,4.0,5.0
448,Dan,Burn,Burn,i,Ankle injury - Expected back 14 Sep,,4.9,392,71,1.1,186,72,0.0,506,190,0,-1,1,-1,1,549,46775,0.0,0.0,0.0,0.0,0.0,506,190,0.0,0.0,489,191,490,192,435,183,498,191,,,,,,,,0.0,0.0,0.0,0.0,0.0,0.0,0.0,0.0,0.0,2,0,0.0,0.0,0.0,0.0,0.0,0.0,0.0,0.0,0.0,0.0,0.0,0.0,0.0,0.0,575.0,56187.0,0.0,0.0,0.0,0.0,0.0,0.0,0.0,0.0,0.0,0.0,0.0,0.0,0.0
449,Lewis,Hall,Hall,a,,,5.1,237,35,10.4,41,15,7.0,25,9,11,1,-1,1,-1,570500,78534,1.4,2.7,7.0,7.0,7.0,26,10,,,27,8,45,9,201,71,60,13,1.0,1.0,,,,,,0.02,0.33,0.35,2.05,0.0,0.5,1.0,1.0,12.0,2,11,90.0,0.0,0.0,1.0,0.0,0.0,0.0,0.0,0.0,0.0,0.0,1.0,3.0,52.0,576909.0,81623.0,0.0,0.03,0.31000000000000005,0.33999999999999997,1.1199999999999997,39.0,27.3,4.0,6.999999999999999,2.0,11.0,6.0,13.0
450,Tino,Livramento,Livramento,i,Calf injury - Unknown return date,,4.9,405,73,0.0,543,187,0.0,516,192,0,-1,1,-1,1,113,859,0.0,0.0,0.0,0.0,0.0,516,192,0.0,0.0,499,193,501,194,447,185,508,193,,,,,,,,0.0,0.0,0.0,0.0,0.0,0.0,0.0,0.0,0.0,2,0,0.0,0.0,0.0,0.0,0.0,0.0,0.0,0.0,0.0,0.0,0.0,0.0,0.0,0.0,121.0,962.0,0.0,0.0,0.0,0.0,0.0,0.0,0.0,0.0,0.0,0.0,0.0,0.0,0.0
451,Alex,Murphy,A.Murphy,u,Has joined FC Kaiserslautern on loan for the rest of the season,,4.0,632,195,0.1,462,163,0.0,399,142,0,0,0,0,0,0,1824,0.0,0.0,0.0,0.0,0.0,399,142,0.0,0.0,381,144,373,142,298,116,391,144,,,,,,,,0.0,0.0,0.0,0.0,0.0,0.0,0.0,0.0,0.0,2,0,0.0,0.0,0.0,0.0,0.0,0.0,0.0,0.0,0.0,0.0,0.0,0.0,0.0,0.0,0.0,2035.0,0.0,0.0,0.0,0.0,0.0,0.0,0.0,0.0,0.0,0.0,0.0,0.0,0.0
453,Harvey,Barnes,Barnes,a,,,6.0,65,45,1.2,177,55,2.5,143,68,3,0,0,0,0,24481,22576,0.4,0.8,2.5,2.5,2.5,148,68,,,224,93,109,66,108,57,162,76,5.0,,,,,,,0.06,0.02,0.08,2.05,0.0,0.5,1.0,1.0,6.0,2,3,90.0,0.0,0.0,1.0,0.0,0.0,0.0,0.0,0.0,0.0,0.0,1.0,0.0,9.0,28946.0,24562.0,0.0,0.039999999999999994,0.009999999999999998,0.05000000000000002,1.1199999999999997,7.2,22.1,7.0,3.5999999999999996,2.0,2.0,0.0,4.0
454,Anthony,Elanga,Elanga,a,,,6.1,58,41,10.8,39,15,8.5,15,7,8,1,-1,1,-1,803228,93091,1.4,2.8,8.5,8.5,8.5,17,8,,,11,7,132,81,26,16,25,19,4.0,,,,,,,0.24,0.06,0.3,1.55,0.0,0.58,0.58,1.15,2.88,2,8,81.0,1.0,0.0,1.0,0.0,0.0,0.0,0.0,0.0,0.0,0.0,1.0,0.0,32.0,823167.0,95297.0,0.0,0.19999999999999998,0.1,0.30000000000000004,0.7400000000000002,36.800000000000004,15.3,29.0,8.1,2.0,0.0,1.0,3.0
456,Jacob,Ramsey,J.Ramsey,a,,,5.0,291,175,0.3,302,102,0.5,307,136,1,0,0,0,0,1785,6505,0.1,0.2,0.5,0.5,0.5,348,166,,,246,105,205,112,199,96,271,120,,,,,,,,0.13,0.3,0.43,4.03,0.0,0.0,2.14,0.0,15.0,2,1,8.0,0.0,0.0,0.0,0.0,0.0,0.0,0.0,0.0,0.0,0.0,0.0,0.0,3.0,1960.0,7285.0,0.0,0.0,0.13,0.13,0.3799999999999999,0.20000000000000018,4.2,0.0,0.3999999999999999,0.0,0.0,1.0,1.0
457,Jacob,Murphy,J.Murphy,a,,,5.9,91,60,0.1,390,147,0.5,344,160,1,-1,1,-1,1,1106,3449,0.1,0.2,0.5,0.5,0.5,356,169,,,309,139,227,124,206,99,304,137,2.0,,,,,,,0.0,0.82,0.82,5.81,0.0,0.0,4.09,0.0,20.45,2,1,8.0,0.0,0.0,0.0,0.0,0.0,0.0,0.0,0.0,0.0,0.0,0.0,0.0,3.0,1201.0,3940.0,0.0,0.0,0.2,0.2,0.3799999999999999,2.2,3.1,2.0,0.7000000000000001,1.0,0.0,2.0,3.0
458,Joelinton Cássio,Apolinário de Lira,Joelinton,i,Unspecified injury - Unknown return date,,5.4,206,127,0.0,559,231,0.0,593,248,0,-1,1,-1,1,85,630,0.0,0.0,0.0,0.0,0.0,593,248,0.0,0.0,581,242,588,248,559,226,589,245,,,,,,,,0.0,0.0,0.0,0.0,0.0,0.0,0.0,0.0,0.0,2,0,0.0,0.0,0.0,0.0,0.0,0.0,0.0,0.0,0.0,0.0,0.0,0.0,0.0,0.0,92.0,745.0,0.0,0.0,0.0,0.0,0.0,0.0,0.0,0.0,0.0,0.0,0.0,0.0,0.0
459,Lewis,Miley,L.Miley,a,,,5.5,190,118,0.1,453,180,3.0,113,52,3,0,0,0,0,2195,1571,0.5,1.1,3.0,3.0,3.0,118,52,100.0,100.0,146,54,56,43,212,102,131,67,3.0,,,,,,,0.03,0.03,0.06,1.67,0.0,0.55,0.55,1.09,12.0,2,3,90.0,0.0,0.0,1.0,0.0,0.0,0.0,0.0,0.0,0.0,0.0,1.0,0.0,16.0,2448.0,1670.0,0.0,0.0,0.04,0.04000000000000001,1.12,11.200000000000001,14.700000000000003,0.0,2.5999999999999996,0.0,3.0,6.0,9.0
460,Joe,Willock,Willock,a,,,5.0,263,162,0.4,267,88,4.5,65,32,3,0,0,0,0,22062,7705,0.9,1.8,4.5,4.5,4.5,69,34,,,99,35,133,82,100,52,129,65,,,,,,,,0.14,0.16,0.3,1.94,0.0,0.87,0.87,0.87,4.33,2,3,70.0,0.0,0.0,1.0,0.0,0.0,0.0,0.0,0.0,0.0,0.0,1.0,0.0,0.0,24040.0,8072.0,0.0,0.07,0.01999999999999999,0.08999999999999997,0.7400000000000002,0.0,4.299999999999999,8.0,0.5,0.0,1.0,1.0,2.0
461,Bazoumana,Touré,Touré,a,,,5.9,113,73,0.2,366,136,0.5,348,163,1,-1,1,-1,1,653,6197,0.1,0.2,0.5,0.5,1.0,328,156,,,629,274,629,274,624,270,630,274,,,,,,,,0.0,0.0,0.0,0.0,0.0,0.0,0.0,0.0,0.0,2,1,1.0,0.0,0.0,0.0,0.0,0.0,0.0,0.0,0.0,0.0,0.0,0.0,0.0,3.0,714.0,6997.0,0.0,0.0,0.0,0.0,0.0,0.0,0.0,0.0,0.0,0.0,0.0,0.0,0.0
462,Sean,Steur,Steur,a,,,5.0,385,232,0.1,442,175,1.0,245,114,1,0,0,0,0,581,2337,0.2,0.4,1.0,1.0,1.0,295,135,,,265,118,277,142,553,222,306,139,,,,,,,,0.0,0.0,0.0,2.26,0.0,0.0,1.22,1.22,6.08,2,1,19.0,0.0,0.0,0.0,0.0,0.0,0.0,0.0,0.0,0.0,0.0,0.0,0.0,4.0,672.0,2488.0,0.0,0.0,0.0,0.0,0.3800000000000001,5.0,0.0,0.0,0.49999999999999994,0.0,3.0,0.0,3.0
463,Nick,Woltemade,Woltemade,u,Has joined Juventus on loan for the rest of the season,,5.9,104,27,1.0,196,32,2.0,168,18,4,-1,1,-1,1,7327,56435,0.3,0.7,0.0,2.0,4.0,89,12,0.0,,187,16,184,21,143,26,194,23,,,1.0,,,,,0.09,0.05,0.14,1.8,0.0,0.0,0.0,0.0,0.0,2,4,19.0,0.0,1.0,0.0,0.0,0.0,0.0,0.0,0.0,0.0,0.0,0.0,0.0,18.0,8091.0,61089.0,0.0,0.02,0.01,0.03,0.38,18.2,10.5,11.0,4.0,0.0,0.0,0.0,0.0
464,Yoane,Wissa,Wissa,a,,,6.1,57,13,15.9,25,5,6.0,44,3,8,1,-1,1,-1,1105922,88619,1.0,2.0,6.0,6.0,6.0,47,3,,,42,3,95,8,12,5,23,5,,,3.0,,,,,0.71,0.01,0.72,1.54,0.0,0.53,0.53,1.05,7.37,2,8,81.0,1.0,0.0,1.0,0.0,0.0,0.0,0.0,0.0,0.0,0.0,1.0,2.0,37.0,1144164.0,93634.0,0.0,0.3500000000000001,0.0,0.3500000000000001,0.7400000000000002,35.6,10.3,46.0,9.2,1.0,1.0,4.0,6.0
465,William,Osula,Osula,i,Foot injury - Unknown return date,,5.9,109,29,0.5,253,42,2.0,170,19,0,-1,1,-1,1,554,38089,0.3,0.7,0.0,0.0,4.0,90,13,0.0,0.0,141,13,155,15,161,29,172,19,,,2.0,,,,,0.1,0.23,0.33,2.42,0.0,0.0,1.64,1.64,8.18,2,0,0.0,0.0,0.0,0.0,0.0,0.0,0.0,0.0,0.0,0.0,0.0,0.0,0.0,0.0,635.0,46537.0,0.0,0.0,0.0,0.0,0.0,0.0,0.0,0.0,0.0,0.0,0.0,0.0,0.0
466,Sean,Neave,Neave,u,Has joined Wolves on loan for the rest of the season,,4.5,552,76,0.8,208,34,0.0,492,53,0,0,0,0,0,17327,13273,0.0,0.0,0.0,0.0,0.0,492,53,0.0,,474,46,475,51,419,48,484,51,,,,,,,,0.0,0.0,0.0,0.0,0.0,0.0,0.0,0.0,0.0,2,0,0.0,0.0,0.0,0.0,0.0,0.0,0.0,0.0,0.0,0.0,0.0,0.0,0.0,0.0,18147.0,14384.0,0.0,0.0,0.0,0.0,0.0,0.0,0.0,0.0,0.0,0.0,0.0,0.0,0.0
559,Aladji,Bamba,Bamba,a,,,5.0,384,231,0.1,414,162,0.5,323,150,0,0,0,0,0,831,2609,0.1,0.2,0.5,0.5,1.0,294,134,,,289,133,583,245,552,221,318,145,,,,,,,,0.0,0.0,0.0,6.69,0.0,0.0,6.43,0.0,12.86,2,0,0.0,0.0,0.0,0.0,0.0,0.0,0.0,0.0,0.0,0.0,0.0,0.0,0.0,0.0,901.0,2864.0,0.0,0.0,0.0,0.0,0.0,0.0,0.0,0.0,0.0,0.0,0.0,0.0,0.0
567,Lukás,Hornícek,Horníček,a,,,5.0,320,17,1.2,171,26,4.0,82,6,7,0,0,0,0,57699,18917,0.8,1.6,4.0,4.0,4.0,85,6,,,8,1,551,65,511,65,108,1,,,,,,,,0.0,0.0,0.0,2.05,4.5,0.5,1.0,1.0,0.0,2,7,90.0,0.0,0.0,1.0,0.0,0.0,0.0,0.0,0.0,0.0,4.0,1.0,0.0,32.0,58552.0,19669.0,0.0,0.0,0.0,0.0,1.1199999999999997,34.599999999999994,0.0,0.0,3.5,0.0,2.0,4.0,0.0
593,Amar,Dedic,Dedić,a,,,4.5,498,129,3.4,95,37,6.0,38,15,11,0,0,0,0,313496,48390,1.3,2.7,6.0,6.0,6.0,40,16,,,32,10,75,21,193,67,72,18,,,,,,,,0.02,0.03,0.05,2.05,0.0,0.5,1.0,1.0,8.5,2,11,90.0,0.0,1.0,1.0,0.0,0.0,0.0,0.0,0.0,0.0,0.0,1.0,2.0,37.0,315881.0,48842.0,0.0,0.0,0.06,0.06,1.1199999999999997,42.6,30.400000000000002,0.0,7.3,3.0,5.0,5.0,8.0
609,Leo,Shahar,Shahar,a,,,4.0,636,199,0.3,299,111,0.0,403,146,0,0,0,0,0,10839,3305,0.0,0.0,0.0,0.0,0.0,403,146,,,385,148,377,146,302,120,395,148,,,,,,,,0.0,0.0,0.0,0.0,0.0,0.0,0.0,0.0,0.0,2,0,0.0,0.0,0.0,0.0,0.0,0.0,0.0,0.0,0.0,0.0,0.0,0.0,0.0,0.0,11548.0,3408.0,0.0,0.0,0.0,0.0,0.0,0.0,0.0,0.0,0.0,0.0,0.0,0.0,0.0
634,Matias,Fernandez-Pardo,Fernandez-Pardo,a,,,6.0,86,20,0.1,492,67,0.0,637,75,0,0,0,0,0,5322,573,0.0,0.0,2.1,2.1,0.0,637,75,,,638,75,638,75,634,75,638,75,,,,,,,,0.0,0.0,0.0,0.0,0.0,0.0,0.0,0.0,0.0,2,0,0.0,0.0,0.0,0.0,0.0,0.0,0.0,0.0,0.0,0.0,0.0,0.0,0.0,0.0,5322.0,573.0,0.0,0.0,0.0,0.0,0.0,0.0,0.0,0.0,0.0,0.0,0.0,0.0,0.0
167,Liam,Delap,Delap,a,,,5.5,167,40,0.8,215,37,0.5,340,40,1,0,0,0,0,36750,11905,0.1,0.2,0.5,0.5,1.0,317,37,,,290,28,187,24,179,31,255,30,,,3.0,,,,,0.26,0.0,0.26,1.24,0.0,0.0,3.75,0.0,0.0,2,1,24.0,0.0,0.0,0.0,1.0,0.0,0.0,0.0,0.0,0.0,0.0,0.0,0.0,9.0,39591.0,12866.0,0.0,0.07,0.0,0.07,0.33,4.0,10.1,7.0,2.1,0.0,0.0,0.0,0.0
201,Daniel,Muñoz Mejía,Muñoz,a,,,5.4,213,29,6.3,64,25,0.0,598,208,0,-1,1,-1,1,23115,180797,0.0,0.0,0.0,0.0,0.0,598,208,,,324,121,256,88,84,20,240,89,,,,,,,,0.38,0.02,0.4,1.4,0.0,0.0,3.33,1.67,6.67,2,0,0.0,0.0,0.0,0.0,0.0,0.0,0.0,0.0,0.0,0.0,0.0,0.0,0.0,0.0,24336.0,202823.0,0.0,0.0,0.0,0.0,0.0,0.0,0.0,0.0,0.0,0.0,0.0,0.0,0.0
467,Matz,Sels,Sels,a,,,5.0,240,5,1.4,156,22,1.5,184,14,1,0,0,0,0,8331,18094,0.3,0.6,1.5,1.5,1.5,198,17,,,133,14,513,54,460,53,216,14,,,,,,,,0.0,0.0,0.0,1.11,2.0,0.0,1.5,1.0,0.0,2,1,90.0,0.0,0.0,0.0,2.0,0.0,0.0,0.0,0.0,0.0,2.0,1.0,0.0,6.0,9087.0,20784.0,0.0,0.0,0.01,0.01,1.7500000000000002,16.6,0.0,0.0,1.7000000000000002,0.0,3.0,6.0,0.0
469,Neco,Williams,N.Williams,a,,,5.0,276,44,8.2,52,19,4.0,79,30,6,0,0,0,0,53056,87489,0.8,1.6,4.0,4.0,4.0,82,30,,,58,21,77,22,129,41,75,21,2.0,2.0,,,,,,0.06,0.08,0.14,1.11,0.0,0.0,1.5,1.0,9.0,2,6,90.0,0.0,1.0,0.0,2.0,0.0,0.0,0.0,0.0,0.0,0.0,1.0,0.0,16.0,54227.0,105184.0,0.0,0.12,0.15000000000000002,0.26999999999999996,1.7500000000000002,34.400000000000006,25.3,6.0,6.6000000000000005,6.0,6.0,1.0,12.0
470,Felipe,Rodrigues da Silva,Morato,u,Has joined West Ham on loan for the rest of the season,,5.0,324,61,0.0,523,181,0.0,559,203,0,0,0,0,0,194,1358,0.0,0.0,0.0,0.0,0.0,559,203,0.0,,546,205,552,205,512,200,554,205,,,,,,,,0.0,0.0,0.0,0.0,0.0,0.0,0.0,0.0,0.0,2,0,0.0,0.0,0.0,0.0,0.0,0.0,0.0,0.0,0.0,0.0,0.0,0.0,0.0,0.0,209.0,1461.0,0.0,0.0,0.0,0.0,0.0,0.0,0.0,0.0,0.0,0.0,0.0,0.0,0.0
471,Nikola,Milenković,Milenković,a,,,5.5,148,19,1.6,142,60,2.5,132,47,3,0,0,0,0,5584,17705,0.5,0.9,2.5,2.5,2.5,138,49,,,156,70,301,112,120,37,197,74,,,,,,,,0.06,0.01,0.07,1.11,0.0,0.0,1.5,1.0,10.0,2,3,90.0,0.0,0.0,0.0,2.0,0.0,0.0,0.0,0.0,0.0,0.0,1.0,0.0,3.0,5866.0,21550.0,0.0,0.0,0.0,0.0,1.7500000000000002,17.0,0.0,0.0,1.6999999999999997,3.0,10.0,3.0,13.0
472,Murillo,Costa dos Santos,Murillo,a,,,5.5,195,27,1.5,147,62,2.5,141,50,1,0,0,0,0,9559,20018,0.5,0.9,2.5,2.5,2.5,146,52,100.0,100.0,78,32,98,30,160,54,104,37,,3.0,,,,,,0.09,0.14,0.23,1.11,0.0,0.0,1.5,1.0,10.0,2,1,90.0,0.0,0.0,0.0,2.0,0.0,0.0,0.0,0.0,0.0,0.0,1.0,0.0,2.0,10524.0,22597.0,0.0,0.18,0.0,0.18,1.7500000000000002,11.199999999999996,0.3000000000000007,8.0,2.0,0.0,6.0,3.0,6.0
473,Ola,Aina,Aina,a,,,4.5,446,90,3.0,104,41,2.5,123,43,0,0,0,0,0,20496,50447,0.6,1.1,2.5,2.5,2.5,129,45,,,143,64,31,6,111,32,74,20,,,,,,,,0.02,0.3,0.32,1.19,0.0,0.57,1.14,1.14,3.99,2,0,85.0,0.0,0.0,0.0,2.0,0.0,0.0,0.0,1.0,0.0,0.0,1.0,0.0,2.0,22779.0,54810.0,0.0,0.0,0.35,0.3500000000000001,1.7499999999999998,11.8,15.5,4.0,3.1000000000000005,2.0,3.0,4.0,5.0
474,Jair,Paula da Cunha Filho,Jair Cunha,a,,,4.5,542,146,0.2,343,126,1.0,227,83,1,0,0,0,0,917,1974,0.2,0.4,1.0,1.0,1.0,255,97,,,115,52,258,89,411,176,203,79,,,,,,,,0.0,0.0,0.0,1.11,0.0,0.0,1.5,1.0,8.0,2,1,90.0,0.0,0.0,0.0,2.0,0.0,0.0,0.0,0.0,0.0,0.0,1.0,0.0,6.0,938.0,2265.0,0.0,0.0,0.0,0.0,1.7500000000000002,14.599999999999998,0.3999999999999999,0.0,1.5,2.0,6.0,3.0,8.0
475,Nicolò,Savona,Savona,i,Knee injury - Unknown return date,,4.5,517,137,0.0,642,213,0.0,462,177,0,0,0,0,0,34,131,0.0,0.0,0.0,0.0,0.0,462,177,0.0,0.0,443,178,445,179,387,168,453,178,,,,,,,,0.0,0.0,0.0,0.0,0.0,0.0,0.0,0.0,0.0,2,0,0.0,0.0,0.0,0.0,0.0,0.0,0.0,0.0,0.0,0.0,0.0,0.0,0.0,0.0,81.0,138.0,0.0,0.0,0.0,0.0,0.0,0.0,0.0,0.0,0.0,0.0,0.0,0.0,0.0
476,Omar,Richards,O.Richards,a,,,4.0,600,172,0.2,329,121,0.0,376,128,0,0,0,0,0,1252,2103,0.0,0.0,0.0,0.0,0.0,376,128,,,358,130,350,128,274,101,368,130,,,,,,,,0.0,0.0,0.0,0.0,0.0,0.0,0.0,0.0,0.0,2,0,0.0,0.0,0.0,0.0,0.0,0.0,0.0,0.0,0.0,0.0,0.0,0.0,0.0,0.0,1299.0,2386.0,0.0,0.0,0.0,0.0,0.0,0.0,0.0,0.0,0.0,0.0,0.0,0.0,0.0
477,Zach,Abbott,Abbott,u,Has joined Southampton on loan for the rest of the season,,4.0,635,198,0.2,331,122,0.0,402,145,0,0,0,0,0,1463,4233,0.0,0.0,0.0,0.0,0.0,402,145,0.0,,384,147,376,145,301,119,394,147,,,,,,,,0.0,0.0,0.0,0.0,0.0,0.0,0.0,0.0,0.0,2,0,0.0,0.0,0.0,0.0,0.0,0.0,0.0,0.0,0.0,0.0,0.0,0.0,0.0,0.0,1552.0,4570.0,0.0,0.0,0.0,0.0,0.0,0.0,0.0,0.0,0.0,0.0,0.0,0.0,0.0
478,Luca,Netz,Netz,a,,,4.5,501,130,0.0,529,183,1.0,224,80,1,0,0,0,0,168,469,0.2,0.4,1.0,1.0,1.0,249,92,,,312,117,283,102,374,164,325,117,,,,,,,,0.0,0.0,0.0,0.58,0.0,0.0,4.5,0.0,4.5,2,1,4.0,0.0,0.0,0.0,0.0,0.0,0.0,0.0,0.0,0.0,0.0,0.0,0.0,5.0,180.0,509.0,0.0,0.0,0.0,0.0,0.0,2.0,0.0,0.0,0.19999999999999998,1.0,0.0,0.0,1.0
479,Tyler,Bindon,Bindon,u,Has joined Charlton Athletic on loan for the rest of the season,,4.0,630,193,0.2,367,136,0.0,398,141,0,0,0,0,0,434,2924,0.0,0.0,0.0,0.0,0.0,398,141,0.0,,380,143,372,141,297,115,390,143,,,,,,,,0.0,0.0,0.0,0.0,0.0,0.0,0.0,0.0,0.0,2,0,0.0,0.0,0.0,0.0,0.0,0.0,0.0,0.0,0.0,0.0,0.0,0.0,0.0,0.0,479.0,3129.0,0.0,0.0,0.0,0.0,0.0,0.0,0.0,0.0,0.0,0.0,0.0,0.0,0.0
480,Morgan,Gibbs-White,Gibbs-White,a,,,7.9,12,8,10.1,42,16,7.5,23,13,13,-1,1,-1,1,212129,111427,0.9,1.9,7.5,7.5,7.5,24,13,100.0,100.0,40,18,119,73,58,33,57,37,,1.0,1.0,,,,,0.46,0.05,0.51,1.11,0.0,0.0,1.5,1.0,4.0,2,13,90.0,1.0,1.0,0.0,2.0,0.0,0.0,0.0,0.0,0.0,0.0,1.0,3.0,36.0,213575.0,160439.0,0.0,0.79,0.04000000000000001,0.8300000000000001,1.7500000000000002,56.4,12.5,17.0,8.6,2.0,1.0,2.0,5.0
482,Callum,Hudson-Odoi,Hudson-Odoi,a,,,5.9,96,63,0.2,346,126,0.5,345,161,1,-1,1,-1,1,1601,4898,0.1,0.2,0.5,0.5,1.0,324,153,100.0,100.0,624,271,320,162,617,265,627,271,,4.0,,,,,,0.0,0.0,0.0,0.0,0.0,0.0,0.0,0.0,0.0,2,1,1.0,0.0,0.0,0.0,0.0,0.0,0.0,0.0,0.0,0.0,0.0,0.0,0.0,2.0,1689.0,6062.0,0.0,0.0,0.0,0.0,0.0,0.0,0.3,0.0,0.0,0.0,0.0,0.0,0.0
483,Dan,Ndoye,Ndoye,a,,,5.5,166,102,0.7,226,74,6.0,40,21,9,0,0,0,0,33451,11201,1.1,2.2,6.0,6.0,6.0,43,23,,,108,41,101,63,51,29,70,42,,,,,,,,0.25,0.45,0.7,1.19,0.0,0.71,0.71,1.43,8.57,2,9,65.0,1.0,0.0,0.0,1.0,0.0,0.0,0.0,0.0,0.0,0.0,1.0,2.0,30.0,33834.0,12363.0,0.0,0.35,0.63,0.98,1.42,35.800000000000004,23.0,36.0,9.5,0.0,1.0,8.0,9.0
484,Omari,Hutchinson,Hutchinson,u,Has joined AC Milan on loan for the rest of the season,,5.4,228,142,0.1,418,165,0.0,606,258,0,-1,1,-1,1,213,4567,0.0,0.0,0.0,0.0,0.0,606,258,0.0,,595,253,600,257,577,239,602,255,,,,,,,,0.0,0.0,0.0,0.0,0.0,0.0,0.0,0.0,0.0,2,0,0.0,0.0,0.0,0.0,0.0,0.0,0.0,0.0,0.0,0.0,0.0,0.0,0.0,0.0,246.0,5005.0,0.0,0.0,0.0,0.0,0.0,0.0,0.0,0.0,0.0,0.0,0.0,0.0,0.0
485,Dilane,Bakwa,Bakwa,u,Has joined Lille on loan for the rest of the season,,5.5,174,107,0.0,612,261,0.0,619,266,0,0,0,0,0,0,531,0.0,0.0,0.0,0.0,0.0,619,266,0.0,0.0,612,264,616,265,604,257,617,265,,,,,,,,0.0,0.0,0.0,0.0,0.0,0.0,0.0,0.0,0.0,2,0,0.0,0.0,0.0,0.0,0.0,0.0,0.0,0.0,0.0,0.0,0.0,0.0,0.0,0.0,0.0,615.0,0.0,0.0,0.0,0.0,0.0,0.0,0.0,0.0,0.0,0.0,0.0,0.0,0.0
486,James,McAtee,McAtee,a,,,5.5,156,95,0.1,456,182,2.5,133,62,2,0,0,0,0,3378,1520,0.5,0.9,2.5,2.5,2.5,139,62,,,176,68,17,16,599,252,97,50,1.0,,,,,,,0.0,0.18,0.18,1.15,0.0,0.55,1.1,1.1,8.83,2,2,90.0,0.0,0.0,0.0,2.0,0.0,0.0,0.0,0.0,0.0,0.0,1.0,0.0,16.0,3517.0,1611.0,0.0,0.0,0.16,0.16,1.7499999999999998,8.200000000000001,18.5,0.0,2.6999999999999993,1.0,2.0,5.0,8.0
487,Nicolás,Domínguez,Dominguez,a,,,5.0,297,179,0.1,474,188,0.5,308,137,1,0,0,0,0,354,1138,0.1,0.2,0.5,0.5,1.0,275,118,,,334,153,539,221,494,186,545,218,,,,,,,,0.0,0.0,0.0,0.0,0.0,0.0,0.0,0.0,0.0,2,1,1.0,0.0,0.0,0.0,0.0,0.0,0.0,0.0,0.0,0.0,0.0,0.0,0.0,3.0,377.0,1303.0,0.0,0.0,0.0,0.0,0.0,0.2,0.0,0.0,0.0,0.0,0.0,0.0,0.0
488,Ibrahim,Sangaré,I.Sangaré,a,,,4.9,397,241,0.6,240,81,1.0,229,105,0,-1,1,-1,1,1754,28330,0.2,0.4,1.0,0.0,2.0,156,72,100.0,0.0,190,73,160,97,210,101,209,93,,,,,,,,0.03,0.01,0.04,0.47,0.0,0.0,1.0,1.0,6.0,2,0,0.0,0.0,0.0,0.0,0.0,0.0,0.0,0.0,0.0,0.0,0.0,0.0,0.0,0.0,1897.0,36388.0,0.0,0.0,0.0,0.0,0.0,0.0,0.0,0.0,0.0,0.0,0.0,0.0,0.0
490,Chris,Wood,Wood,a,,,5.9,90,22,1.2,176,26,0.5,343,41,0,-1,1,-1,1,7735,42654,0.1,0.2,0.5,0.5,1.0,321,38,,,622,69,236,33,213,34,320,37,,,2.0,,,,,0.39,0.03,0.42,0.71,0.0,0.0,3.21,0.0,3.21,2,0,0.0,0.0,0.0,0.0,0.0,0.0,0.0,0.0,0.0,0.0,0.0,0.0,0.0,0.0,8264.0,48652.0,0.0,0.0,0.0,0.0,0.0,0.0,0.0,0.0,0.0,0.0,0.0,0.0,0.0
491,Igor Jesus,Maciel da Cruz,Igor Jesus,a,,,5.9,105,28,3.0,107,16,1.5,203,23,1,-1,1,-1,1,25209,81164,0.3,0.5,1.5,1.5,1.5,216,28,,,213,18,125,12,14,6,66,10,,,4.0,,,,,0.48,0.03,0.51,1.11,0.0,0.0,1.5,1.0,4.0,2,1,90.0,0.0,0.0,0.0,2.0,0.0,0.0,0.0,1.0,0.0,0.0,1.0,0.0,4.0,26620.0,95635.0,0.0,0.74,0.039999999999999994,0.78,1.7500000000000002,8.600000000000001,13.3,38.0,6.000000000000001,1.0,3.0,1.0,5.0
493,Arnaud,Kalimuendo,Kalimuendo,a,,,5.4,220,49,0.0,495,68,0.5,329,37,0,-1,1,-1,1,826,1242,0.1,0.2,0.5,0.5,1.0,301,32,,,589,62,595,67,570,64,596,67,,,,,,,,0.0,0.0,0.0,0.0,0.0,0.0,0.0,0.0,0.0,2,0,0.0,0.0,0.0,0.0,0.0,0.0,0.0,0.0,0.0,0.0,0.0,0.0,0.0,0.0,872.0,1386.0,0.0,0.0,0.0,0.0,0.0,0.0,0.0,0.0,0.0,0.0,0.0,0.0,0.0
558,Xaver,Schlager,Schlager,a,,,5.0,268,165,0.1,427,167,2.5,128,58,4,0,0,0,0,1408,1307,0.5,1.0,2.5,2.5,2.5,134,58,,,169,62,260,135,154,76,212,94,3.0,,,,,,,0.04,0.0,0.04,1.6,0.0,0.0,2.55,0.85,13.58,2,4,90.0,0.0,0.0,0.0,2.0,0.0,0.0,0.0,0.0,0.0,0.0,1.0,0.0,15.0,1428.0,1536.0,0.0,0.05,0.0,0.05,1.75,21.2,0.7,7.0,2.9,5.0,3.0,7.0,15.0
581,Ousmane,Diomande,Diomande,a,,,5.4,232,33,0.6,239,89,0.0,607,210,0,-1,1,-1,1,3130,15852,0.0,0.0,0.0,0.0,0.0,607,210,,,598,210,601,210,580,208,604,210,,,,,,,,0.0,0.0,0.0,0.0,0.0,0.0,0.0,0.0,0.0,2,0,0.0,0.0,0.0,0.0,0.0,0.0,0.0,0.0,0.0,0.0,0.0,0.0,0.0,0.0,3374.0,17812.0,0.0,0.0,0.0,0.0,0.0,0.0,0.0,0.0,0.0,0.0,0.0,0.0,0.0
590,Steven,Benda,Benda,a,,,4.5,487,38,0.1,465,53,0.0,447,58,0,0,0,0,0,947,867,0.0,0.0,0.0,0.0,0.0,447,58,,,428,58,425,40,364,39,438,58,,,,,,,,0.0,0.0,0.0,0.0,0.0,0.0,0.0,0.0,0.0,2,0,0.0,0.0,0.0,0.0,0.0,0.0,0.0,0.0,0.0,0.0,0.0,0.0,0.0,0.0,1027.0,938.0,0.0,0.0,0.0,0.0,0.0,0.0,0.0,0.0,0.0,0.0,0.0,0.0,0.0
112,Jan Paul,van Hecke,Van Hecke,a,,,4.9,408,75,7.1,59,23,1.0,231,84,1,-1,1,-1,1,20624,217681,0.2,0.4,1.0,1.0,1.0,260,100,,,45,14,141,43,55,11,62,15,,,,,,,,0.06,0.03,0.09,2.3,0.0,0.0,2.5,1.0,8.5,2,1,90.0,0.0,0.0,0.0,2.0,0.0,0.0,0.0,0.0,0.0,0.0,1.0,0.0,9.0,24080.0,233319.0,0.0,0.11,0.03,0.14,0.7199999999999998,26.599999999999998,13.7,33.0,7.3,2.0,6.0,4.0,8.0
147,Tosin,Adarabioyo,Tosin,a,,,4.5,437,86,0.2,353,130,0.0,423,160,0,0,0,0,0,552,2537,0.0,0.0,0.0,0.0,0.0,423,160,,,404,161,398,159,332,141,414,161,,,,,,,,0.0,0.0,0.0,0.0,0.0,0.0,0.0,0.0,0.0,2,0,0.0,0.0,0.0,0.0,0.0,0.0,0.0,0.0,0.0,0.0,0.0,0.0,0.0,0.0,577.0,2894.0,0.0,0.0,0.0,0.0,0.0,0.0,0.0,0.0,0.0,0.0,0.0,0.0,0.0
401,Omar,Marmoush,Marmoush,a,,,7.0,28,9,2.2,120,18,1.0,268,32,2,0,0,0,0,99959,35386,0.1,0.3,1.0,1.0,2.0,190,24,,,238,21,63,4,68,15,119,16,,,2.0,,,,,0.17,0.07,0.24,0.72,0.0,0.0,2.0,1.0,4.0,2,2,90.0,0.0,0.0,0.0,2.0,0.0,0.0,0.0,0.0,0.0,0.0,1.0,0.0,14.0,116381.0,37914.0,0.0,0.17,0.07,0.24,0.72,9.2,35.1,28.0,7.2,1.0,0.0,3.0,4.0
403,Sávio,Moreira de Oliveira,Sávio,a,,,6.5,44,30,0.7,235,80,0.0,645,285,0,0,0,0,0,14967,38610,0.0,0.0,0.0,0.0,0.0,645,285,100.0,,646,286,646,286,645,285,646,286,,,,,,,,0.0,0.0,0.0,0.0,0.0,0.0,0.0,0.0,0.0,2,0,0.0,0.0,0.0,0.0,0.0,0.0,0.0,0.0,0.0,0.0,0.0,0.0,0.0,0.0,35157.0,40348.0,0.0,0.0,0.0,0.0,0.0,0.0,0.0,0.0,0.0,0.0,0.0,0.0,0.0
455,Sandro,Tonali,Tonali,a,,,5.4,214,134,2.8,110,32,2.0,158,78,2,-1,1,-1,1,13945,96674,0.4,0.7,2.0,2.0,2.0,170,81,,,227,94,73,47,130,66,152,72,,5.0,,,,,,0.05,0.04,0.09,2.52,0.0,0.0,2.74,1.1,4.39,2,2,74.0,0.0,0.0,0.0,2.0,0.0,0.0,0.0,0.0,0.0,0.0,1.0,0.0,16.0,16580.0,105143.0,0.0,0.049999999999999996,0.020000000000000004,0.07,0.7199999999999998,4.999999999999999,26.300000000000004,4.0,3.4999999999999996,0.0,1.0,3.0,4.0
494,Guglielmo,Vicario,Vicario,u,Has joined Juventus on loan for the rest of the season,,4.5,453,33,0.2,351,40,0.0,433,54,0,0,0,0,0,0,5744,0.0,0.0,0.0,0.0,0.0,433,54,0.0,0.0,414,54,409,35,343,34,424,54,,,,,,,,0.0,0.0,0.0,0.0,0.0,0.0,0.0,0.0,0.0,2,0,0.0,0.0,0.0,0.0,0.0,0.0,0.0,0.0,0.0,0.0,0.0,0.0,0.0,0.0,0.0,6575.0,0.0,0.0,0.0,0.0,0.0,0.0,0.0,0.0,0.0,0.0,0.0,0.0,0.0
495,Brandon,Austin,Austin,a,,,4.0,601,62,1.0,195,30,0.0,377,36,0,0,0,0,0,9620,5759,0.0,0.0,0.0,0.0,0.0,377,36,,,359,36,351,15,275,14,369,36,,,,,,,,0.0,0.0,0.0,0.0,0.0,0.0,0.0,0.0,0.0,2,0,0.0,0.0,0.0,0.0,0.0,0.0,0.0,0.0,0.0,0.0,0.0,0.0,0.0,0.0,10111.0,6277.0,0.0,0.0,0.0,0.0,0.0,0.0,0.0,0.0,0.0,0.0,0.0,0.0,0.0
496,Antonín,Kinský,Kinsky,a,,,4.5,505,42,18.8,15,3,1.5,182,13,1,0,0,0,0,45914,268300,0.3,0.7,1.5,1.5,1.5,196,16,,,67,9,435,44,377,43,177,10,,,,,,,,0.0,0.0,0.0,2.3,2.5,0.0,2.5,1.0,0.0,2,1,90.0,0.0,0.0,0.0,2.0,0.0,0.0,0.0,0.0,0.0,0.0,1.0,0.0,4.0,57488.0,281922.0,0.0,0.0,0.0,0.0,0.7199999999999998,3.799999999999997,0.0,0.0,0.39999999999999947,0.0,0.0,6.0,0.0
497,Martin,Dubravka,Dubravka,a,,,4.0,579,53,18.3,21,4,0.0,362,27,0,0,0,0,0,129147,117512,0.0,0.0,0.0,0.0,0.0,362,27,,,344,27,334,6,256,5,353,27,,,,,,,,0.0,0.0,0.0,0.0,0.0,0.0,0.0,0.0,0.0,2,0,0.0,0.0,0.0,0.0,0.0,0.0,0.0,0.0,0.0,0.0,0.0,0.0,0.0,0.0,134854.0,127754.0,0.0,0.0,0.0,0.0,0.0,0.0,0.0,0.0,0.0,0.0,0.0,0.0,0.0
498,Marcos,Senesi Barón,Senesi,a,,,5.9,98,9,5.4,69,29,1.5,201,66,0,-1,1,-1,1,5358,189396,0.3,0.5,1.5,1.5,3.0,121,42,,,111,50,243,80,619,212,198,75,,,,,,,,0.0,0.02,0.02,3.87,0.0,0.0,3.0,1.0,16.0,2,0,0.0,0.0,0.0,0.0,0.0,0.0,0.0,0.0,0.0,0.0,0.0,0.0,0.0,0.0,7567.0,201007.0,0.0,0.0,0.0,0.0,0.0,0.0,0.0,0.0,0.0,0.0,0.0,0.0,0.0
499,Pedro,Porro Sauceda,Pedro Porro,a,,,5.5,162,21,11.3,34,12,0.5,339,120,1,0,0,0,0,48145,226684,0.1,0.2,0.5,0.5,1.0,316,110,100.0,100.0,236,96,196,63,87,22,200,77,3.0,1.0,,,,,,0.33,0.1,0.43,0.72,0.0,0.0,2.0,1.0,4.0,2,1,90.0,0.0,0.0,0.0,2.0,0.0,0.0,0.0,0.0,0.0,0.0,1.0,0.0,1.0,54189.0,248995.0,0.0,0.33,0.1,0.43,0.72,9.4,7.9,21.0,3.8,1.0,3.0,2.0,4.0
500,Cristian,Romero,Romero,u,Has joined Atletico Madrid permanently,,5.0,282,47,0.1,420,150,0.0,541,198,0,0,0,0,0,0,3756,0.0,0.0,0.0,0.0,0.0,541,198,0.0,0.0,529,201,530,201,484,194,536,201,,,,,,,,0.0,0.0,0.0,0.0,0.0,0.0,0.0,0.0,0.0,2,0,0.0,0.0,0.0,0.0,0.0,0.0,0.0,0.0,0.0,0.0,0.0,0.0,0.0,0.0,0.0,4317.0,0.0,0.0,0.0,0.0,0.0,0.0,0.0,0.0,0.0,0.0,0.0,0.0,0.0
502,Andrew,Robertson,Robertson,a,,,4.5,441,87,3.2,102,39,2.5,122,42,2,0,0,0,0,13629,60731,0.6,1.1,2.5,2.5,2.5,128,44,,,81,35,57,12,69,14,61,14,1.0,,,,,,,0.03,0.05,0.08,2.49,0.0,0.0,2.29,1.15,8.03,2,2,67.0,0.0,0.0,0.0,1.0,0.0,0.0,0.0,0.0,0.0,0.0,1.0,0.0,7.0,17375.0,64524.0,0.0,0.06,0.020000000000000004,0.08000000000000002,0.47999999999999954,11.2,16.8,25.0,5.3,1.0,2.0,1.0,3.0
503,Micky,van de Ven,Van de Ven,a,,,5.0,332,62,3.7,92,36,0.0,565,204,0,0,0,0,0,16484,77615,0.0,0.0,0.0,0.0,0.0,565,204,100.0,100.0,205,86,246,83,520,201,272,99,,,,,,,,0.0,0.02,0.02,0.72,0.0,0.0,2.0,1.0,8.0,2,0,90.0,0.0,0.0,0.0,2.0,0.0,0.0,0.0,1.0,0.0,0.0,1.0,0.0,5.0,18557.0,84292.0,0.0,0.0,0.02,0.02,0.72,15.2,2.1,0.0,1.7,1.0,7.0,4.0,8.0
505,Djed,Spence,Spence,u,Has joined Internazionale permanently,,4.5,476,113,0.3,291,109,0.0,442,167,0,0,0,0,0,0,14251,0.0,0.0,0.0,0.0,0.0,442,167,0.0,0.0,423,168,419,168,356,153,433,168,,,,,,,,0.0,0.0,0.0,0.0,0.0,0.0,0.0,0.0,0.0,2,0,0.0,0.0,0.0,0.0,0.0,0.0,0.0,0.0,0.0,0.0,0.0,0.0,0.0,0.0,0.0,16667.0,0.0,0.0,0.0,0.0,0.0,0.0,0.0,0.0,0.0,0.0,0.0,0.0,0.0
506,Destiny,Udogie,Udogie,a,,,4.5,506,133,0.4,271,100,1.0,226,82,1,0,0,0,0,1119,6745,0.2,0.4,1.0,1.0,1.0,252,95,,,267,102,168,51,222,83,260,96,,,,,,,,0.0,0.73,0.73,2.35,0.0,0.0,3.46,0.0,3.46,2,1,22.0,0.0,0.0,0.0,1.0,0.0,0.0,0.0,0.0,0.0,0.0,0.0,0.0,2.0,1272.0,7466.0,0.0,0.0,0.19,0.19,0.24000000000000005,5.2,11.5,2.0,1.9,1.0,0.0,1.0,1.0
507,Ashley,Phillips,Phillips,u,Has joined Middlesbrough permanently,,4.5,528,141,0.0,576,195,0.0,473,181,0,0,0,0,0,0,312,0.0,0.0,0.0,0.0,0.0,473,181,0.0,0.0,454,182,456,183,398,172,464,182,,,,,,,,0.0,0.0,0.0,0.0,0.0,0.0,0.0,0.0,0.0,2,0,0.0,0.0,0.0,0.0,0.0,0.0,0.0,0.0,0.0,0.0,0.0,0.0,0.0,0.0,0.0,359.0,0.0,0.0,0.0,0.0,0.0,0.0,0.0,0.0,0.0,0.0,0.0,0.0,0.0
508,Ben,Davies,Davies,a,,,4.0,587,163,0.9,199,77,0.0,369,125,0,0,0,0,0,4273,11701,0.0,0.0,0.0,0.0,0.0,369,125,,,351,127,341,123,263,94,360,126,,,,,,,,0.0,0.0,0.0,0.0,0.0,0.0,0.0,0.0,0.0,2,0,0.0,0.0,0.0,0.0,0.0,0.0,0.0,0.0,0.0,0.0,0.0,0.0,0.0,0.0,4584.0,12975.0,0.0,0.0,0.0,0.0,0.0,0.0,0.0,0.0,0.0,0.0,0.0,0.0,0.0
509,Jun'ai,Byfield,Byfield,a,,,4.0,649,211,0.1,483,171,0.0,412,154,0,0,0,0,0,708,645,0.0,0.0,0.0,0.0,0.0,412,154,,,394,156,386,154,314,131,404,156,,,,,,,,0.0,0.0,0.0,0.0,0.0,0.0,0.0,0.0,0.0,2,0,0.0,0.0,0.0,0.0,0.0,0.0,0.0,0.0,0.0,0.0,0.0,0.0,0.0,0.0,732.0,714.0,0.0,0.0,0.0,0.0,0.0,0.0,0.0,0.0,0.0,0.0,0.0,0.0,0.0
510,James,Rowswell,Rowswell,a,,,4.0,626,190,0.1,437,156,0.0,394,138,0,0,0,0,0,886,917,0.0,0.0,0.0,0.0,0.0,394,138,,,376,140,368,138,293,112,386,140,,,,,,,,0.0,0.0,0.0,0.0,0.0,0.0,0.0,0.0,0.0,2,0,0.0,0.0,0.0,0.0,0.0,0.0,0.0,0.0,0.0,0.0,0.0,0.0,0.0,0.0,929.0,1003.0,0.0,0.0,0.0,0.0,0.0,0.0,0.0,0.0,0.0,0.0,0.0,0.0,0.0
511,João Victor,de Souza Menezes,Souza,u,Has joined FC Porto on loan for the rest of the season,,4.0,648,210,0.2,320,116,0.0,411,153,0,0,0,0,0,1362,6108,0.0,0.0,0.0,0.0,0.0,411,153,0.0,,393,155,385,153,313,130,403,155,,,,,,,,0.0,0.0,0.0,0.0,0.0,0.0,0.0,0.0,0.0,2,0,0.0,0.0,0.0,0.0,0.0,0.0,0.0,0.0,0.0,0.0,0.0,0.0,0.0,0.0,1513.0,6452.0,0.0,0.0,0.0,0.0,0.0,0.0,0.0,0.0,0.0,0.0,0.0,0.0,0.0
512,Mohammed,Kudus,Kudus,a,,,6.5,41,28,0.1,408,158,0.5,355,168,1,0,0,0,0,4570,2067,0.1,0.2,0.5,0.4,1.0,337,163,100.0,75.0,326,148,225,122,145,72,276,123,,3.0,3.0,,,,,0.16,0.04,0.2,0.98,0.0,0.0,4.09,0.0,8.18,2,1,22.0,0.0,0.0,0.0,1.0,0.0,0.0,0.0,0.0,0.0,0.0,0.0,0.0,4.0,4593.0,2349.0,0.0,0.04,0.01,0.05,0.24,1.2,3.3,11.0,1.6,0.0,0.0,2.0,2.0
513,Xavi,Simons,Xavi,i,Knee injury - Unknown return date,,6.0,79,54,0.0,591,248,0.0,636,278,0,0,0,0,0,78,369,0.0,0.0,0.0,0.0,0.0,636,278,0.0,0.0,635,279,636,279,631,275,636,279,,2.0,4.0,,,,,0.0,0.0,0.0,0.0,0.0,0.0,0.0,0.0,0.0,2,0,0.0,0.0,0.0,0.0,0.0,0.0,0.0,0.0,0.0,0.0,0.0,0.0,0.0,0.0,87.0,406.0,0.0,0.0,0.0,0.0,0.0,0.0,0.0,0.0,0.0,0.0,0.0,0.0,0.0
514,Mathys,Tel,Tel,a,,,5.9,108,69,0.3,297,101,2.0,169,84,2,-1,1,-1,1,2036,19540,0.3,0.7,2.0,2.0,2.0,182,89,,,211,85,86,54,38,22,86,48,,4.0,,,,,,0.11,0.05,0.16,2.49,0.0,0.0,2.29,1.15,6.31,2,2,67.0,0.0,0.0,0.0,1.0,0.0,0.0,0.0,0.0,0.0,0.0,1.0,0.0,10.0,3232.0,21964.0,0.0,0.14,0.03,0.16999999999999998,0.47999999999999954,3.799999999999999,3.3000000000000007,34.0,4.1,1.0,0.0,2.0,3.0
515,James,Maddison,Maddison,d,Shoulder injury - 75% chance of playing,,6.4,49,34,0.6,243,83,0.5,352,165,0,-1,1,-1,1,175,38818,0.1,0.2,0.4,0.4,1.0,333,159,75.0,75.0,281,129,194,108,163,79,256,115,,,,,,,,0.0,0.04,0.04,3.48,0.0,0.0,0.0,0.0,8.18,2,0,0.0,0.0,0.0,0.0,0.0,0.0,0.0,0.0,0.0,0.0,0.0,0.0,0.0,0.0,195.0,47790.0,0.0,0.0,0.0,0.0,0.0,0.0,0.0,0.0,0.0,0.0,0.0,0.0,0.0
516,Rodrigo,Bentancur,Bentancur,a,,,5.5,138,85,0.2,352,129,1.5,193,92,2,0,0,0,0,825,2601,0.3,0.5,1.5,1.5,1.5,207,97,,,193,75,118,72,592,247,193,87,,,,,,,,0.0,0.02,0.02,1.93,0.0,0.0,2.0,0.67,10.67,2,2,90.0,0.0,0.0,0.0,2.0,0.0,0.0,0.0,0.0,0.0,0.0,1.0,0.0,17.0,951.0,2952.0,0.0,0.0,0.019999999999999997,0.019999999999999997,0.7199999999999998,15.399999999999999,7.100000000000001,0.0,2.3,2.0,3.0,6.0,11.0
517,Wilson,Odobert,Odobert,i,Knee injury - Unknown return date,,5.5,193,121,0.0,649,287,0.0,622,269,0,0,0,0,0,26,38,0.0,0.0,0.0,0.0,0.0,622,269,0.0,0.0,616,268,620,269,609,261,620,268,,,,,,,,0.0,0.0,0.0,0.0,0.0,0.0,0.0,0.0,0.0,2,0,0.0,0.0,0.0,0.0,0.0,0.0,0.0,0.0,0.0,0.0,0.0,0.0,0.0,0.0,30.0,39.0,0.0,0.0,0.0,0.0,0.0,0.0,0.0,0.0,0.0,0.0,0.0,0.0,0.0
518,Pape Matar,Sarr,P.M.Sarr,u,Has joined Juventus on loan for the rest of the season,,4.9,409,248,0.1,378,140,0.0,519,206,0,0,0,-1,1,4025,5776,0.0,0.0,0.0,0.0,0.0,519,206,0.0,0.0,502,195,504,203,450,162,511,199,,,,,,,,0.0,0.0,0.0,0.0,0.0,0.0,0.0,0.0,0.0,2,0,0.0,0.0,0.0,0.0,0.0,0.0,0.0,0.0,0.0,0.0,0.0,0.0,0.0,0.0,4089.0,6934.0,0.0,0.0,0.0,0.0,0.0,0.0,0.0,0.0,0.0,0.0,0.0,0.0,0.0
519,Conor,Gallagher,Gallagher,a,,,5.4,211,132,0.2,334,119,0.0,597,252,0,-1,1,-1,1,1018,6551,0.0,0.0,0.0,0.0,0.0,597,252,,,585,246,206,113,250,122,312,143,,,,,,,,0.04,0.12,0.16,3.4,0.0,0.0,4.0,2.0,6.0,2,0,0.0,0.0,0.0,0.0,0.0,0.0,0.0,0.0,0.0,0.0,0.0,0.0,0.0,0.0,1237.0,7358.0,0.0,0.0,0.0,0.0,0.0,0.0,0.0,0.0,0.0,0.0,0.0,0.0,0.0
520,Lucas,Bergvall,Bergvall,a,,,5.4,233,146,0.2,355,130,0.5,332,156,0,-1,1,-1,1,480,3471,0.1,0.2,0.5,0.5,1.0,307,144,,,599,256,249,130,237,113,605,257,,,,,,,,0.0,0.02,0.02,3.4,0.0,0.0,4.0,2.0,16.0,2,0,0.0,0.0,0.0,0.0,0.0,0.0,0.0,0.0,0.0,0.0,0.0,0.0,0.0,0.0,559.0,3807.0,0.0,0.0,0.0,0.0,0.0,0.0,0.0,0.0,0.0,0.0,0.0,0.0,0.0
521,Dejan,Kulusevski,Kulusevski,i,Knee injury - Unknown return date,,6.5,39,27,0.0,607,257,0.0,643,284,0,0,0,0,0,86,177,0.0,0.0,0.0,0.0,0.0,643,284,0.0,0.0,644,285,644,285,643,284,644,285,,,,,,,,0.0,0.0,0.0,0.0,0.0,0.0,0.0,0.0,0.0,2,0,0.0,0.0,0.0,0.0,0.0,0.0,0.0,0.0,0.0,0.0,0.0,0.0,0.0,0.0,92.0,204.0,0.0,0.0,0.0,0.0,0.0,0.0,0.0,0.0,0.0,0.0,0.0,0.0,0.0
522,Archie,Gray,Gray,a,,,5.0,361,216,0.2,337,122,2.0,155,76,2,0,0,0,0,2151,4024,0.4,0.8,2.0,2.0,2.0,167,79,,,248,107,212,117,536,210,285,128,,,,,,,,0.0,0.01,0.01,2.32,0.0,0.0,2.37,1.18,6.51,2,2,67.0,0.0,0.0,0.0,1.0,0.0,0.0,0.0,0.0,0.0,0.0,1.0,0.0,9.0,2404.0,4430.0,0.0,0.0,0.0,0.0,0.48,1.7999999999999998,1.5,0.0,0.30000000000000004,0.0,3.0,3.0,6.0
523,Mikey,Moore,Moore,u,Has joined FC Köln on loan for the rest of the season,,5.0,340,199,0.1,399,152,1.5,190,90,1,0,0,0,0,839,6403,0.3,0.6,0.0,1.5,1.5,204,95,0.0,,210,84,200,110,27,17,112,57,,,,,,,,0.4,0.02,0.42,3.3,0.0,0.0,4.04,1.01,3.03,2,1,22.0,0.0,0.0,0.0,1.0,0.0,0.0,0.0,0.0,0.0,0.0,0.0,0.0,1.0,1555.0,6866.0,0.0,0.020000000000000018,0.0,0.019999999999999962,0.23999999999999977,0.0,0.39999999999999947,1.0,0.0,0.0,0.0,1.0,1.0
524,Callum,Olusesi,Olusesi,a,,,4.5,515,270,0.7,227,75,0.0,460,181,0,0,0,0,0,1600,9423,0.0,0.0,0.0,0.0,0.0,460,181,,,441,169,443,178,385,136,451,174,,,,,,,,0.0,0.0,0.0,0.0,0.0,0.0,0.0,0.0,0.0,2,0,0.0,0.0,0.0,0.0,0.0,0.0,0.0,0.0,0.0,0.0,0.0,0.0,0.0,0.0,1716.0,10412.0,0.0,0.0,0.0,0.0,0.0,0.0,0.0,0.0,0.0,0.0,0.0,0.0,0.0
525,Mateus,Fernandes,Fernandes,a,,,5.9,110,70,1.2,172,54,1.5,204,98,2,-1,1,-1,1,4910,42730,0.3,0.5,1.5,1.5,1.5,217,103,,,173,65,11,11,214,103,71,43,2.0,,,,,,,0.01,0.15,0.16,1.93,0.0,0.0,2.0,0.67,6.67,2,2,90.0,0.0,0.0,0.0,2.0,0.0,0.0,0.0,0.0,0.0,0.0,1.0,0.0,18.0,5830.0,47572.0,0.0,0.01,0.17,0.18,0.7199999999999998,14.0,46.3,1.0,6.1,3.0,0.0,5.0,8.0
526,Dominic,Solanke-Mitchell,Solanke,a,,,5.9,92,23,1.0,192,31,1.0,259,28,1,-1,1,-1,1,7489,35127,0.2,0.3,1.0,1.0,1.0,322,39,,,300,30,319,40,142,25,278,33,,,1.0,,,,,0.66,0.0,0.66,2.07,0.0,0.0,0.0,0.0,0.0,2,1,15.0,0.0,0.0,0.0,0.0,0.0,0.0,0.0,0.0,0.0,0.0,0.0,0.0,6.0,9761.0,38713.0,0.0,0.2,0.0,0.2,0.0,3.2,0.3,6.0,1.0,0.0,0.0,0.0,0.0
527,Richarlison,de Andrade,Richarlison,u,not included in squad.,,5.9,97,25,1.5,148,23,1.0,261,29,0,-1,1,-1,1,6716,122915,0.2,0.3,0.0,1.0,2.0,180,20,0.0,,625,71,242,34,618,72,337,39,,,5.0,,,,,0.0,0.0,0.0,4.06,0.0,0.0,4.03,1.34,1.34,2,0,0.0,0.0,0.0,0.0,0.0,0.0,0.0,0.0,0.0,0.0,0.0,0.0,0.0,0.0,9289.0,135968.0,0.0,0.0,0.0,0.0,0.0,0.0,0.0,0.0,0.0,0.0,0.0,0.0,0.0
528,Dane,Scarlett,Scarlett,u,Has joined Leyton Orient permanently,,4.5,510,66,1.7,138,20,0.0,455,44,0,0,0,0,0,29341,34531,0.0,0.0,0.0,0.0,0.0,455,44,0.0,,436,36,438,42,380,38,446,41,,,,,,,,0.0,0.0,0.0,0.0,0.0,0.0,0.0,0.0,0.0,2,0,0.0,0.0,0.0,0.0,0.0,0.0,0.0,0.0,0.0,0.0,0.0,0.0,0.0,0.0,31185.0,36716.0,0.0,0.0,0.0,0.0,0.0,0.0,0.0,0.0,0.0,0.0,0.0,0.0,0.0
578,Mykhailo,Mudryk,Mudryk,a,,,5.4,221,136,0.1,472,187,0.0,602,254,0,-1,1,-1,1,3506,1633,0.0,0.0,0.0,0.0,0.0,602,254,,,590,248,596,253,571,233,597,250,,,,,,,,0.0,0.0,0.0,0.0,0.0,0.0,0.0,0.0,0.0,2,0,0.0,0.0,0.0,0.0,0.0,0.0,0.0,0.0,0.0,0.0,0.0,0.0,0.0,0.0,3526.0,1755.0,0.0,0.0,0.0,0.0,0.0,0.0,0.0,0.0,0.0,0.0,0.0,0.0,0.0
601,Luca,Williams-Barnett,Williams-Barnett,a,,,4.5,556,282,0.1,394,149,0.0,494,191,0,0,0,0,0,4448,2160,0.0,0.0,0.0,0.0,0.0,494,191,,,476,179,477,188,421,146,486,184,,,,,,,,0.0,0.0,0.0,0.0,0.0,0.0,0.0,0.0,0.0,2,0,0.0,0.0,0.0,0.0,0.0,0.0,0.0,0.0,0.0,0.0,0.0,0.0,0.0,0.0,4738.0,2229.0,0.0,0.0,0.0,0.0,0.0,0.0,0.0,0.0,0.0,0.0,0.0,0.0,0.0
501,Kevin,Danso,Danso,a,,,5.0,249,38,0.2,363,135,0.0,531,195,0,0,0,0,0,1295,3295,0.0,0.0,0.0,0.0,0.0,531,195,,,516,197,518,198,467,190,524,197,,,,,,,,0.0,0.0,0.0,0.0,0.0,0.0,0.0,0.0,0.0,2,0,0.0,0.0,0.0,0.0,0.0,0.0,0.0,0.0,0.0,0.0,0.0,0.0,0.0,0.0,1374.0,3635.0,0.0,0.0,0.0,0.0,0.0,0.0,0.0,0.0,0.0,0.0,0.0,0.0,0.0
529,Robin,Roefs,Roefs,a,,,5.0,337,18,3.3,97,17,3.5,93,7,6,0,0,0,0,10164,48575,0.7,1.4,3.5,3.5,3.5,99,7,,,181,19,562,66,524,66,262,19,,,,,,,,0.0,0.0,0.0,1.38,0.5,0.5,1.0,1.0,0.0,2,6,90.0,0.0,0.0,1.0,0.0,0.0,0.0,0.0,0.0,0.0,0.0,1.0,0.0,22.0,11043.0,54476.0,0.0,0.0,0.0,0.0,0.95,4.0,0.0,0.0,0.3999999999999999,0.0,2.0,7.0,0.0
530,Anthony,Patterson,Patterson,u,Has joined Wrexham permanently,,4.0,607,63,0.1,386,45,0.0,380,37,0,0,0,0,0,0,1611,0.0,0.0,0.0,0.0,0.0,380,37,0.0,0.0,362,37,354,16,278,15,372,37,,,,,,,,0.0,0.0,0.0,0.0,0.0,0.0,0.0,0.0,0.0,2,0,0.0,0.0,0.0,0.0,0.0,0.0,0.0,0.0,0.0,0.0,0.0,0.0,0.0,0.0,0.0,1762.0,0.0,0.0,0.0,0.0,0.0,0.0,0.0,0.0,0.0,0.0,0.0,0.0,0.0
531,Melker,Ellborg,Ellborg,a,,,4.5,522,45,0.1,446,50,0.0,467,61,0,0,0,0,0,403,946,0.0,0.0,0.0,0.0,0.0,467,61,,,448,61,450,47,392,46,458,61,,,,,,,,0.0,0.0,0.0,0.0,0.0,0.0,0.0,0.0,0.0,2,0,0.0,0.0,0.0,0.0,0.0,0.0,0.0,0.0,0.0,0.0,0.0,0.0,0.0,0.0,429.0,1074.0,0.0,0.0,0.0,0.0,0.0,0.0,0.0,0.0,0.0,0.0,0.0,0.0,0.0
532,Daniel,Ballard,Ballard,a,,,5.0,286,50,3.9,89,34,4.0,81,32,8,0,0,0,0,15532,92400,0.8,1.6,4.0,4.0,4.0,84,32,,,85,38,235,76,169,58,169,62,,,,,,,,0.02,0.0,0.02,1.38,0.0,0.5,1.0,1.0,9.5,2,8,90.0,0.0,0.0,1.0,0.0,0.0,0.0,0.0,0.0,0.0,0.0,1.0,0.0,27.0,17968.0,101868.0,0.0,0.03,0.0,0.03,0.95,23.599999999999998,1.2,7.0,3.1999999999999997,1.0,9.0,1.0,10.0
533,Nordi,Mukiele,Mukiele,a,,,5.5,137,16,2.4,114,47,4.5,69,25,9,0,0,0,0,21311,24534,0.8,1.6,4.5,4.5,9.0,11,4,100.0,100.0,83,36,195,62,240,89,161,60,,,,,,,,0.0,0.01,0.01,0.95,0.0,1.0,0.0,1.0,19.0,2,9,90.0,0.0,0.0,1.0,0.0,0.0,0.0,0.0,0.0,0.0,0.0,1.0,1.0,28.0,22026.0,33257.0,0.0,0.0,0.01,0.01,0.95,42.6,8.0,2.0,5.3,2.0,17.0,4.0,19.0
538,Leo Fuhr,Hjelde,Hjelde,u,Has joined KV Mechelen on loan for the rest of the season,,4.0,620,186,0.0,502,175,0.0,388,134,0,0,0,0,0,0,678,0.0,0.0,0.0,0.0,0.0,388,134,0.0,0.0,370,136,362,134,287,108,380,136,,,,,,,,0.0,0.0,0.0,0.0,0.0,0.0,0.0,0.0,0.0,2,0,0.0,0.0,0.0,0.0,0.0,0.0,0.0,0.0,0.0,0.0,0.0,0.0,0.0,0.0,0.0,748.0,0.0,0.0,0.0,0.0,0.0,0.0,0.0,0.0,0.0,0.0,0.0,0.0,0.0
539,Luke,O'Nien,O'Nien,a,,,4.0,591,165,3.0,106,43,0.5,272,88,0,0,0,0,0,5274,32800,0.1,0.2,0.5,0.5,1.0,224,69,,,226,92,267,93,196,69,268,98,,,,,,,,0.01,0.01,0.02,2.3,0.0,0.0,1.36,1.36,6.82,2,0,0.0,0.0,0.0,0.0,0.0,0.0,0.0,0.0,0.0,0.0,0.0,0.0,0.0,0.0,5789.0,35780.0,0.0,0.0,0.0,0.0,0.0,0.0,0.0,0.0,0.0,0.0,0.0,0.0,0.0
540,Arthur,Masuaku,Masuaku,u,Has joined Konyaspor permanently,,4.0,584,161,0.2,357,133,0.0,367,124,0,0,0,0,0,0,3057,0.0,0.0,0.0,0.0,0.0,367,124,0.0,0.0,349,126,339,122,261,93,358,125,,,,,,,,0.0,0.0,0.0,0.0,0.0,0.0,0.0,0.0,0.0,2,0,0.0,0.0,0.0,0.0,0.0,0.0,0.0,0.0,0.0,0.0,0.0,0.0,0.0,0.0,0.0,3465.0,0.0,0.0,0.0,0.0,0.0,0.0,0.0,0.0,0.0,0.0,0.0,0.0,0.0
541,Thomas,Meunier,Meunier,a,,,4.5,430,83,0.3,300,112,3.5,89,33,6,0,0,0,0,2622,2320,0.8,1.6,3.5,3.5,3.5,95,33,100.0,100.0,112,51,103,32,90,23,94,32,,,,,,,,0.05,0.06,0.11,1.38,0.0,0.5,1.0,1.0,6.0,2,6,90.0,0.0,0.0,1.0,0.0,0.0,0.0,0.0,0.0,0.0,0.0,1.0,0.0,27.0,2796.0,2639.0,0.0,0.020000000000000004,0.05,0.07,0.95,22.599999999999998,20.0,9.0,5.199999999999999,0.0,8.0,5.0,8.0
544,Granit,Xhaka,Xhaka,a,,,5.5,122,79,4.6,80,27,7.5,22,12,6,0,0,0,0,44864,46693,1.4,2.7,7.5,7.5,7.5,23,12,,,97,34,6,6,583,243,38,29,2.0,1.0,,,,,,0.0,0.22,0.22,1.38,0.0,0.5,1.0,1.0,10.0,2,6,90.0,0.0,0.0,1.0,0.0,0.0,0.0,0.0,0.0,0.0,0.0,1.0,3.0,29.0,53342.0,49736.0,0.0,0.0,0.36,0.36,0.95,20.400000000000002,57.9,0.0,7.800000000000001,0.0,1.0,6.0,7.0
545,Noah,Sadiki,Sadiki,a,,,5.0,370,223,0.3,304,103,2.5,131,61,3,0,0,0,0,1869,4918,0.5,1.0,2.5,2.5,2.5,137,61,,,125,46,51,40,61,36,64,40,,,,,,,,0.04,0.02,0.06,1.38,0.0,0.5,1.0,1.0,6.5,2,3,90.0,0.0,0.0,1.0,0.0,0.0,0.0,0.0,0.0,0.0,0.0,1.0,0.0,21.0,2063.0,5485.0,0.0,0.020000000000000004,0.020000000000000004,0.04000000000000001,0.95,18.4,7.799999999999997,6.0,3.2,3.0,6.0,2.0,11.0
546,Simon,Adingra,Adingra,u,Has joined Ajax on loan for the rest of the season,,4.9,415,253,0.0,508,208,0.0,522,208,0,-1,1,-1,1,187,1921,0.0,0.0,0.0,0.0,0.0,522,208,0.0,0.0,505,197,507,205,453,164,514,201,,,,,,,,0.0,0.0,0.0,0.0,0.0,0.0,0.0,0.0,0.0,2,0,0.0,0.0,0.0,0.0,0.0,0.0,0.0,0.0,0.0,0.0,0.0,0.0,0.0,0.0,192.0,2337.0,0.0,0.0,0.0,0.0,0.0,0.0,0.0,0.0,0.0,0.0,0.0,0.0,0.0
550,Djiamgone Jocelin Ta,Bi,Jocelin.T,a,,,5.0,390,236,0.0,619,265,0.0,591,247,0,0,0,0,0,80,101,0.0,0.0,0.0,0.0,0.0,591,247,,,579,241,586,247,556,224,587,244,,,,,,,,0.0,0.0,0.0,0.0,0.0,0.0,0.0,0.0,0.0,2,0,0.0,0.0,0.0,0.0,0.0,0.0,0.0,0.0,0.0,0.0,0.0,0.0,0.0,0.0,84.0,116.0,0.0,0.0,0.0,0.0,0.0,0.0,0.0,0.0,0.0,0.0,0.0,0.0,0.0
534,Trai,Hume,Hume,a,,,4.5,507,134,5.1,71,31,4.0,78,29,6,0,0,0,0,17475,84883,0.9,1.8,4.0,4.0,4.0,81,29,,,142,63,21,3,113,34,68,17,3.0,,,,,,,0.02,0.15,0.17,1.41,0.0,0.53,0.53,1.07,5.33,2,6,90.0,0.0,0.0,1.0,0.0,0.0,0.0,0.0,0.0,0.0,0.0,1.0,0.0,24.0,19979.0,90783.0,0.0,0.0,0.010000000000000009,0.010000000000000009,0.9500000000000002,18.6,19.1,2.0,3.999999999999999,4.0,2.0,4.0,6.0
535,Omar,Alderete,Alderete,a,,,5.0,267,41,0.3,284,105,0.5,304,112,0,0,0,0,0,1471,9940,0.1,0.2,0.5,0.5,1.0,271,104,100.0,100.0,525,199,297,110,480,192,532,199,,,,,,,,0.0,0.04,0.04,0.39,0.0,0.0,3.91,0.0,0.0,2,0,0.0,0.0,0.0,0.0,0.0,0.0,0.0,0.0,0.0,0.0,0.0,0.0,0.0,0.0,1747.0,11194.0,0.0,0.0,0.0,0.0,0.0,0.0,0.0,0.0,0.0,0.0,0.0,0.0,0.0
536,Reinildo,Mandava,Reinildo,a,,,4.5,488,122,0.4,273,101,3.5,91,35,6,0,0,0,0,1955,4281,0.8,1.6,3.5,3.5,3.5,97,35,,,95,43,70,18,185,64,101,36,,,,,,,,0.0,0.15,0.15,1.38,0.0,0.5,1.0,1.0,7.5,2,6,90.0,0.0,0.0,1.0,0.0,0.0,0.0,0.0,0.0,0.0,0.0,1.0,0.0,26.0,2133.0,5026.0,0.0,0.0,0.010000000000000009,0.010000000000000009,0.95,16.4,6.0,2.0,2.4000000000000004,1.0,6.0,3.0,7.0
537,Jenson,Seelt,Seelt,u,Has joined Swansea City on loan for the rest of the season,,4.5,523,140,0.0,614,205,0.0,468,180,0,0,0,0,0,3,359,0.0,0.0,0.0,0.0,0.0,468,180,0.0,,449,181,451,182,393,171,459,181,,,,,,,,0.0,0.0,0.0,0.0,0.0,0.0,0.0,0.0,0.0,2,0,0.0,0.0,0.0,0.0,0.0,0.0,0.0,0.0,0.0,0.0,0.0,0.0,0.0,0.0,9.0,374.0,0.0,0.0,0.0,0.0,0.0,0.0,0.0,0.0,0.0,0.0,0.0,0.0,0.0
542,Enzo,Le Fée,E.Le Fée,a,,,5.9,106,67,5.5,68,22,2.5,142,67,3,-1,1,-1,1,7274,260422,0.4,0.8,2.5,2.5,2.5,147,67,,,249,108,78,50,64,38,124,62,1.0,2.0,2.0,,,,,0.2,0.11,0.31,1.37,0.0,0.54,0.54,1.07,4.29,2,3,89.0,0.0,0.0,1.0,0.0,0.0,0.0,0.0,0.0,0.0,0.0,1.0,0.0,13.0,9630.0,282208.0,0.0,0.37,0.17,0.5399999999999999,0.8599999999999999,3.4000000000000004,21.200000000000003,30.0,5.5,1.0,1.0,4.0,6.0
543,Habib,Diarra,Diarra,i,Hamstring injury - Unknown return date,,5.5,189,117,0.0,500,204,2.5,139,65,4,0,0,0,0,164,2281,0.5,0.9,0.0,2.5,2.5,144,65,0.0,,203,81,181,103,242,117,221,98,,,1.0,,,,,0.1,0.51,0.61,0.39,0.0,0.0,3.21,0.0,0.0,2,4,18.0,0.0,1.0,0.0,0.0,0.0,0.0,0.0,0.0,0.0,0.0,0.0,0.0,15.0,232.0,2485.0,0.0,0.0,0.16,0.16,0.01999999999999999,15.2,10.3,0.0,2.6,0.0,0.0,0.0,0.0
547,Romaine,Mundle,Mundle,a,,,5.0,311,185,0.0,610,259,0.5,311,139,1,0,0,0,0,82,134,0.1,0.2,0.5,0.5,1.0,277,120,,,247,106,327,165,102,53,233,104,,,,,,,,15.3,0.0,15.3,8.1,0.0,0.0,0.0,0.0,90.0,2,1,1.0,0.0,0.0,0.0,0.0,0.0,0.0,0.0,0.0,0.0,0.0,0.0,0.0,2.0,87.0,145.0,0.0,0.17,0.0,0.17,0.09,8.0,0.1,17.0,2.5,0.0,1.0,0.0,1.0
548,Chris,Rigg,Rigg,a,,,5.0,366,220,0.1,489,198,1.0,243,112,1,0,0,0,0,143,857,0.2,0.4,1.0,1.0,1.0,288,128,,,570,237,315,160,541,214,578,240,,,,,,,,0.0,0.0,0.0,2.33,0.0,0.0,5.29,0.0,5.29,2,1,7.0,0.0,0.0,0.0,0.0,0.0,0.0,0.0,0.0,0.0,0.0,0.0,0.0,3.0,148.0,969.0,0.0,0.0,0.0,0.0,0.33999999999999997,0.0,0.0,0.0,0.0,0.0,0.0,0.0,0.0
549,Chemsdine,Talbi,Talbi,a,,,5.4,230,144,0.2,358,131,0.5,331,155,0,-1,1,-1,1,427,4104,0.1,0.2,0.5,0.5,1.0,305,142,,,597,255,287,146,578,240,603,256,,,,,,,,0.0,0.0,0.0,0.41,0.0,0.0,2.9,0.0,5.81,2,0,0.0,0.0,0.0,0.0,0.0,0.0,0.0,0.0,0.0,0.0,0.0,0.0,0.0,0.0,455.0,4628.0,0.0,0.0,0.0,0.0,0.0,0.0,0.0,0.0,0.0,0.0,0.0,0.0,0.0
551,Nilson,Angulo,N.Angulo,a,,,5.0,356,211,0.1,371,137,4.0,84,37,3,0,0,0,0,4751,3097,0.8,1.6,4.0,4.0,4.0,87,39,,,91,32,127,76,107,56,109,56,,3.0,,,,,,0.11,0.04,0.15,1.65,0.0,0.74,0.74,1.48,8.85,2,3,64.0,0.0,0.0,1.0,0.0,0.0,0.0,0.0,0.0,0.0,0.0,1.0,0.0,13.0,5679.0,3310.0,0.0,0.0,0.04,0.04000000000000001,0.5800000000000003,7.200000000000003,16.7,0.0,2.3999999999999995,1.0,0.0,4.0,5.0
552,Brian,Brobbey,Brobbey,a,,,5.9,101,26,8.8,48,7,2.0,167,17,2,-1,1,-1,1,27141,344849,0.3,0.7,2.0,2.0,2.0,181,21,,,626,72,216,29,118,23,265,31,,,,,,,,0.23,0.0,0.23,1.58,0.0,0.7,0.7,1.4,2.79,2,2,63.0,0.0,0.0,1.0,0.0,0.0,0.0,0.0,0.0,0.0,0.0,1.0,0.0,5.0,33697.0,369807.0,0.0,0.030000000000000027,0.0,0.030000000000000027,0.5800000000000001,0.0,2.8,6.0,0.7,0.0,1.0,3.0,4.0
553,Wilson,Isidor,Isidor,a,,,5.5,159,39,1.1,183,28,4.5,71,7,8,0,0,0,0,35579,14453,0.8,1.6,4.5,4.5,4.5,74,8,,,135,12,318,39,76,17,158,18,,,,,,,,2.55,0.0,2.55,0.86,0.0,0.0,1.84,0.0,0.0,2,8,26.0,1.0,0.0,0.0,0.0,0.0,0.0,0.0,0.0,0.0,0.0,0.0,3.0,29.0,35935.0,16945.0,0.0,1.39,0.0,1.39,0.37,29.2,0.09999999999999998,25.0,5.4,0.0,0.0,0.0,0.0
612,Dayann,Méthalie,Methalie,a,,,4.5,564,154,0.0,617,206,0.0,500,189,0,0,0,0,0,360,100,0.0,0.0,1.8,0.0,0.0,500,189,100.0,0.0,483,190,483,191,428,182,492,190,,,,,,,,0.0,0.0,0.0,0.0,0.0,0.0,0.0,0.0,0.0,2,0,0.0,0.0,0.0,0.0,0.0,0.0,0.0,0.0,0.0,0.0,0.0,0.0,0.0,0.0,378.0,113.0,0.0,0.0,0.0,0.0,0.0,0.0,0.0,0.0,0.0,0.0,0.0,0.0,0.0
613,Jules,Ahoka,Ahoka,a,,,4.5,569,289,0.3,310,109,0.0,505,197,0,0,0,0,0,13094,4278,0.0,0.0,1.0,1.0,0.0,505,197,,,488,186,488,194,433,152,497,190,,,,,,,,0.0,0.0,0.0,0.0,0.0,0.0,0.0,0.0,0.0,2,0,0.0,0.0,0.0,0.0,0.0,0.0,0.0,0.0,0.0,0.0,0.0,0.0,0.0,0.0,14207.0,4477.0,0.0,0.0,0.0,0.0,0.0,0.0,0.0,0.0,0.0,0.0,0.0,0.0,0.0
646,Malick,Fofana,Fofana,a,,,5.5,191,119,0.0,560,232,0.0,621,268,0,0,0,0,0,2048,238,0.0,0.0,2.0,2.0,0.0,621,268,,,615,267,619,268,608,260,619,267,,,,,,,,0.0,0.0,0.0,0.0,0.0,0.0,0.0,0.0,0.0,2,0,0.0,0.0,0.0,0.0,0.0,0.0,0.0,0.0,0.0,0.0,0.0,0.0,0.0,0.0,2048.0,238.0,0.0,0.0,0.0,0.0,0.0,0.0,0.0,0.0,0.0,0.0,0.0,0.0,0.0
651,Juan,Angulo,J.Angulo,a,,,4.5,566,78,0.2,316,53,0.0,502,55,0,0,0,0,0,15620,1794,0.0,0.0,1.0,1.0,0.0,502,55,,,485,48,485,53,430,50,494,53,,,,,,,,0.0,0.0,0.0,0.0,0.0,0.0,0.0,0.0,0.0,2,0,0.0,0.0,0.0,0.0,0.0,0.0,0.0,0.0,0.0,0.0,0.0,0.0,0.0,0.0,15620.0,1794.0,0.0,0.0,0.0,0.0,0.0,0.0,0.0,0.0,0.0,0.0,0.0,0.0,0.0
